horse_id,horse_name,date,course,weather,race_number,race_name,num_horses,bracket_number,horse_number,odds,popularity,rank,jockey,weight_carried,surface,distance,track_condition,time,margin,passing_order,last_3f,horse_weight,weight_diff,winner_name,prize
2024101922,ラッキーリップス,2026/06/23,門別,曇,2.0,2歳牝馬未勝利(未勝利),11,6.0,8,436.6,11.0,11,近藤翔月,54.0,ダ,1000.0,稍,65.2,2.2,7-9,40.3,416.0,4.0,エンシャントアテナ,
2024101922,ラッキーリップス,2026/06/04,門別,曇,4.0,JRA認定競走アタッ(未勝利)(2歳),9,7.0,7,130.3,7.0,9,藤田凌駕,53.0,ダ,1100.0,良,72.6,4.1,5-5,41.6,412.0,-8.0,タルマエドン,
2024101922,ラッキーリップス,2026/05/20,門別,曇,5.0,JRA認定競走フレッ(新馬)(2歳),10,4.0,4,158.8,9.0,7,坂下秀樹,55.0,ダ,1000.0,良,65.2,3.1,4-4,40.1,420.0,0.0,ヴェネラブルサマー,
2024109071,タルシェクーン,2026/07/14,門別,曇,1.0,2歳未勝利(未勝利),12,7.0,10,54.7,6.0,4,阿岸潤一,54.0,ダ,1000.0,稍,63.9,0.9,11-9,38.3,402.0,2.0,ミスターキレット,7.0
2024109071,タルシェクーン,2026/07/01,門別,晴,1.0,北のハードワーカー菊(未勝利)(2歳),10,6.0,7,154.3,7.0,5,黒澤愛斗,55.0,ダ,1000.0,良,63.7,1.3,8-7,37.4,400.0,0.0,リュウノアキレス,3.5
2024109071,タルシェクーン,2026/06/17,門別,晴,5.0,JRA認定競走アタッ(未勝利)(2歳),12,7.0,10,364.5,11.0,10,阿岸潤一,54.0,ダ,1100.0,良,70.3,2.5,9-9,38.6,400.0,0.0,エイシンウルトラン,
2024109071,タルシェクーン,2026/06/03,門別,曇,6.0,JRA認定競走フレッ(新馬)(2歳),12,8.0,12,104.7,9.0,9,黒澤愛斗,55.0,ダ,1000.0,良,65.3,3.4,9-9,39.5,400.0,0.0,スハッチェ,
2024100103,イケノミセスグリン,2026/07/15,門別,曇,1.0,2歳未勝利(未勝利),11,7.0,10,6.2,3.0,4,桑村真明,55.0,ダ,1000.0,稍,63.5,0.7,1-1,39.2,394.0,-2.0,スマートウェイン,7.0
2024100103,イケノミセスグリン,2026/06/30,門別,晴,1.0,2歳未勝利(未勝利),12,5.0,5,39.3,5.0,4,桑村真明,55.0,ダ,1000.0,良,63.6,2.3,1-2,39.4,396.0,2.0,アイローサ,7.0
2024100103,イケノミセスグリン,2026/06/09,門別,曇,3.0,2歳牝馬未勝利(未勝利),12,4.0,4,42.8,6.0,4,桑村真明,55.0,ダ,1000.0,重,62.9,0.8,3-3,38.5,394.0,-4.0,キャトルブランシュ,7.0
2024100103,イケノミセスグリン,2026/05/28,門別,雨,5.0,JRA認定競走フレッ(新馬)(2歳),8,8.0,8,9.3,4.0,8,桑村真明,55.0,ダ,1200.0,稍,80.5,4.6,2-3,44.4,398.0,0.0,シアンディオ,
2024106104,キッチンドレミ,2026/07/07,門別,曇,3.0,JRA認定競走アタッ(未勝利)(2歳),8,7.0,7,99.9,7.0,7,小野楓馬,55.0,ダ,1000.0,良,64.9,3.0,8-8,38.7,406.0,4.0,フアカイレヴァ,
2024106104,キッチンドレミ,2026/06/18,門別,曇,6.0,JRA認定競走フレッ(新馬)(2歳),10,8.0,10,79.2,6.0,6,小野楓馬,55.0,ダ,1000.0,良,65.5,3.1,8-9,39.4,402.0,0.0,ラマントヴァーナ,
2024107127,スキャンダルガール,2026/07/02,門別,曇,1.0,2歳未勝利(未勝利),9,6.0,6,8.4,2.0,2,井上瑛太,55.0,ダ,1100.0,良,70.6,0.8,3-3,39.2,432.0,-2.0,ミリオンジュピター,14.0
2024107127,スキャンダルガール,2026/06/11,門別,晴,4.0,JRA認定競走アタッ(未勝利)(2歳),11,2.0,2,46.3,8.0,5,井上瑛太,55.0,ダ,1100.0,良,69.4,0.5,6-6,38.8,434.0,2.0,アヴナント,8.4
2024107127,スキャンダルガール,2026/05/13,門別,曇,1.0,2歳未勝利(未勝利),9,8.0,9,51.9,5.0,5,井上瑛太,55.0,ダ,1100.0,良,70.3,1.2,6-6,37.6,432.0,4.0,フォールドイン,3.5
2024107127,スキャンダルガール,2026/04/22,門別,晴,6.0,JRA認定競走フレッ(新馬)(2歳),8,4.0,4,61.8,6.0,5,宮内勇樹,55.0,ダ,1000.0,稍,63.4,2.5,5-7,38.1,428.0,0.0,エルダーフラワー,21.0
2024107266,ポコアポコ,2026/07/16,門別,晴,6.0,JRA認定競走フレッ(新馬)(2歳),8,6.0,6,13.3,4.0,5,石川倭,55.0,ダ,1200.0,重,77.6,3.0,7-7,38.9,450.0,0.0,リコーリベレーター,17.5
2024107266,ポコアポコ,2026/05/14,門別,曇,6.0,JRA認定競走フレッ(新馬)(2歳),7,6.0,6,,,取,落合玄太,55.0,ダ,1100.0,良,,,,,,,ハカタヴァンクール,
2024108079,ウルトラマックス,2026/07/09,門別,曇,2.0,2歳未勝利(未勝利),11,7.0,8,370.8,11.0,11,井上俊彦,55.0,ダ,1000.0,良,67.8,5.0,11-11,40.2,452.0,2.0,ペトロパッション,
2024108079,ウルトラマックス,2026/06/24,門別,晴,6.0,JRA認定競走フレッ(新馬)(2歳),10,7.0,7,171.1,10.0,9,井上俊彦,55.0,ダ,1000.0,良,66.9,5.0,10-10,39.9,450.0,0.0,ルベルグラン,
2024100938,アドミレリッチー,2026/07/16,門別,晴,5.0,JRA認定競走フレッ(新馬)(2歳),8,8.0,8,259.7,8.0,8,小川悠汰,52.0,ダ,1000.0,重,64.4,4.4,7-7,38.7,422.0,0.0,カズドリーム,
2024102399,マナラニアケア,2026/07/16,門別,晴,1.0,2歳未勝利(未勝利),12,7.0,10,70.7,8.0,10,松井伸也,55.0,ダ,1100.0,重,72.3,4.9,3-6,42.3,450.0,0.0,ドリームパッション,
2024102399,マナラニアケア,2026/07/02,門別,曇,1.0,2歳未勝利(未勝利),9,7.0,8,348.2,9.0,5,岩橋勇二,55.0,ダ,1100.0,良,71.2,1.4,4-4,39.6,450.0,12.0,ミリオンジュピター,3.5
2024102399,マナラニアケア,2026/06/17,門別,晴,1.0,日高町の地酒「縁」と(未勝利)(2歳),12,7.0,10,370.2,9.0,10,宮内勇樹,55.0,ダ,1000.0,良,64.5,2.5,6-6,39.3,438.0,-4.0,ルアシュエル,
2024102399,マナラニアケア,2026/05/21,門別,曇,5.0,JRA認定競走フレッ(新馬)(2歳),9,1.0,1,108.0,9.0,9,服部茂史,55.0,ダ,1100.0,良,72.1,4.1,4-5,41.3,442.0,0.0,プライベートセクタ,
2024103214,イゼルトヴァルト,2026/07/14,門別,曇,1.0,2歳未勝利(未勝利),12,6.0,7,104.1,7.0,10,服部茂史,55.0,ダ,1000.0,稍,64.8,1.8,5-5,39.8,430.0,4.0,ミスターキレット,
2024103214,イゼルトヴァルト,2026/07/01,門別,晴,5.0,JRA認定競走フレッ(新馬)(2歳),11,8.0,11,24.9,7.0,8,石川倭,55.0,ダ,1000.0,良,65.0,2.8,5-7,40.1,426.0,0.0,アーキフェザー,
2024105165,マカイエンセ,2026/07/14,門別,曇,1.0,2歳未勝利(未勝利),12,4.0,4,4.6,2.0,3,岩橋勇二,55.0,ダ,1000.0,稍,63.6,0.6,1-1,39.5,456.0,-2.0,ミスターキレット,10.5
2024105165,マカイエンセ,2026/06/30,門別,晴,2.0,2歳牝馬未勝利(未勝利),11,7.0,9,8.0,4.0,6,服部茂史,55.0,ダ,1100.0,良,70.6,1.2,1-1,40.5,458.0,10.0,クーバランセ,
2024105165,マカイエンセ,2026/04/29,門別,雨,6.0,JRA認定競走フレッ(新馬)(2歳),6,5.0,5,2.4,1.0,3,岩橋勇二,55.0,ダ,1000.0,良,64.0,0.9,1-3,39.4,448.0,0.0,グランラック,63.0
2024104002,レイアップスリー,2026/07/14,門別,雨,4.0,JRA認定競走アタッ(未勝利)(2歳),8,2.0,2,3.1,2.0,4,石川倭,55.0,ダ,1200.0,稍,75.5,0.7,3-3,38.3,460.0,-2.0,マッドシークレット,16.8
2024104002,レイアップスリー,2026/07/01,門別,晴,4.0,JRA認定競走アタッ(未勝利)(2歳),9,8.0,9,1.6,1.0,2,石川倭,55.0,ダ,1100.0,良,68.9,0.6,5-5,38.0,462.0,-4.0,フォールドイン,33.6
2024104002,レイアップスリー,2026/06/11,門別,晴,5.0,JRA認定競走フレッ(新馬)(2歳),12,1.0,1,8.5,4.0,3,石川倭,55.0,ダ,1100.0,良,69.1,1.0,3-2,38.2,466.0,0.0,ファイトレーヴ,52.5
2024108171,レギュム,2026/07/14,門別,雨,2.0,2歳牝馬未勝利(未勝利),10,5.0,5,3.9,3.0,4,阿部龍,55.0,ダ,1100.0,稍,70.2,0.4,6-4,38.7,438.0,-2.0,トラデスカンティア,7.0
2024108171,レギュム,2026/06/30,門別,晴,2.0,2歳牝馬未勝利(未勝利),11,2.0,2,9.0,5.0,3,阿部龍,55.0,ダ,1100.0,良,70.1,0.7,7-6,38.4,440.0,8.0,クーバランセ,10.5
2024108171,レギュム,2026/06/04,門別,曇,6.0,JRA認定競走フレッ(新馬)(2歳),10,3.0,3,37.5,7.0,5,阿部龍,55.0,ダ,1100.0,良,70.3,1.0,8-8,38.7,432.0,0.0,モンビスキュイ,17.5
2024101221,テーオーベリー,2026/07/08,門別,曇,6.0,JRA認定競走フレッ(新馬)(2歳),8,7.0,7,1.4,1.0,4,落合玄太,55.0,ダ,1000.0,良,64.8,1.1,1-1,40.5,454.0,0.0,アフリートリディア,35.0
2024107254,ベラジオサクラ,2026/07/09,門別,曇,6.0,JRA認定競走フレッ(新馬)(2歳),8,3.0,3,6.8,4.0,7,宮内勇樹,55.0,ダ,1100.0,良,71.7,2.8,1-2,41.5,494.0,0.0,マナマヒナ,
2024101796,バトラーヴァル,2026/06/23,門別,曇,4.0,JRA認定競走アタッ(未勝利)(2歳),8,1.0,1,,,取,阿部龍,55.0,ダ,1100.0,稍,,,,,,,ベラジオクロエ,
2024101796,バトラーヴァル,2026/04/30,門別,晴,5.0,JRA認定競走フレッ(新馬)(2歳),8,3.0,3,1.7,1.0,5,阿部龍,55.0,ダ,1000.0,良,63.5,0.7,4-3,38.4,462.0,0.0,プレストジュピター,21.0
2024108073,カンヒザクラ,2026/07/14,門別,曇,1.0,2歳未勝利(未勝利),12,1.0,1,261.5,9.0,8,近藤翔月,54.0,ダ,1000.0,稍,64.3,1.3,2-2,39.9,430.0,-2.0,ミスターキレット,
2024108073,カンヒザクラ,2026/06/30,門別,晴,2.0,2歳牝馬未勝利(未勝利),11,8.0,10,644.1,11.0,10,近藤翔月,54.0,ダ,1100.0,良,72.2,2.8,3-4,41.6,432.0,0.0,クーバランセ,
2024108073,カンヒザクラ,2026/06/10,門別,晴,5.0,JRA認定競走フレッ(新馬)(2歳),10,7.0,9,74.4,8.0,8,近藤翔月,54.0,ダ,1000.0,稍,65.8,3.2,2-2,40.8,432.0,0.0,エンジェルボヌール,
2024104122,ピレネー,2026/07/02,門別,曇,2.0,2歳未勝利(未勝利),7,5.0,5,73.0,7.0,6,井上瑛太,55.0,ダ,1700.0,良,119.4,4.3,4-7-6-7,44.8,454.0,0.0,イケメンモンスター,
2024104122,ピレネー,2026/06/17,門別,晴,6.0,JRA認定競走フレッ(新馬)(2歳),8,7.0,7,48.9,7.0,8,服部茂史,55.0,ダ,1100.0,良,72.0,2.3,7-7,40.8,454.0,0.0,ヒマラヤノエティ,
2024105653,フォーエバーエデン,2026/07/02,門別,曇,5.0,JRA認定競走フレッ(新馬)(2歳),10,8.0,10,19.7,7.0,7,服部茂史,55.0,ダ,1000.0,良,66.2,2.9,7-8,40.6,448.0,0.0,ココロア,
2024103118,ラヴィアール,2026/07/14,門別,雨,2.0,2歳牝馬未勝利(未勝利),10,1.0,1,37.9,7.0,6,井上俊彦,55.0,ダ,1100.0,稍,70.7,0.9,4-5,39.4,446.0,2.0,トラデスカンティア,
2024103118,ラヴィアール,2026/06/30,門別,晴,1.0,2歳未勝利(未勝利),12,5.0,6,95.4,7.0,3,井上俊彦,55.0,ダ,1000.0,良,63.5,2.2,7-7,37.9,444.0,-8.0,アイローサ,10.5
2024103118,ラヴィアール,2026/06/17,門別,晴,1.0,日高町の地酒「縁」と(未勝利)(2歳),12,3.0,3,636.0,12.0,6,若杉朝飛,55.0,ダ,1000.0,良,63.7,1.7,10-10,37.3,452.0,2.0,ルアシュエル,
2024103118,ラヴィアール,2026/06/04,門別,曇,4.0,JRA認定競走アタッ(未勝利)(2歳),9,5.0,5,244.0,9.0,8,若杉朝飛,55.0,ダ,1100.0,良,71.7,3.2,6-5,40.3,450.0,-2.0,タルマエドン,
2024103118,ラヴィアール,2026/05/21,門別,曇,4.0,JRA認定競走アタッ(未勝利)(2歳),8,8.0,8,248.2,8.0,7,井上俊彦,55.0,ダ,1100.0,良,71.3,3.1,5-6,39.6,452.0,0.0,サザングルーヴ,
2024103118,ラヴィアール,2026/05/06,門別,晴,6.0,JRA認定競走フレッ(新馬)(2歳),8,3.0,3,82.5,8.0,7,井上俊彦,55.0,ダ,1100.0,良,72.5,3.6,6-7,41.8,452.0,0.0,クラプロスパー,
2024107370,ドリームパラダイス,2026/07/15,門別,曇,1.0,2歳未勝利(未勝利),11,8.0,12,8.6,5.0,8,井上瑛太,55.0,ダ,1000.0,稍,64.4,1.6,3-3,39.9,446.0,14.0,スマートウェイン,
2024107370,ドリームパラダイス,2026/04/22,門別,晴,6.0,JRA認定競走フレッ(新馬)(2歳),8,5.0,5,15.7,4.0,7,服部茂史,55.0,ダ,1000.0,稍,63.7,2.8,3-3,38.6,432.0,0.0,エルダーフラワー,
2024108246,ケンアウローラ,2026/06/24,門別,晴,6.0,JRA認定競走フレッ(新馬)(2歳),10,1.0,1,112.1,9.0,10,黒澤愛斗,55.0,ダ,1000.0,良,67.1,5.2,9-9,40.6,462.0,0.0,ルベルグラン,
2024107107,アニマジェミナ,2026/07/14,門別,雨,2.0,2歳牝馬未勝利(未勝利),10,7.0,7,7.6,4.0,3,石川倭,55.0,ダ,1100.0,稍,70.1,0.3,10-6,38.3,480.0,0.0,トラデスカンティア,10.5
2024107107,アニマジェミナ,2026/06/30,門別,晴,2.0,2歳牝馬未勝利(未勝利),11,8.0,11,50.5,8.0,4,石川倭,55.0,ダ,1100.0,良,70.4,1.0,10-8,37.9,480.0,0.0,クーバランセ,7.0
2024107107,アニマジェミナ,2026/05/27,門別,曇,6.0,JRA認定競走フレッ(新馬)(2歳),9,7.0,7,19.9,5.0,6,石川倭,55.0,ダ,1000.0,良,64.5,2.0,9-8,38.5,480.0,0.0,スカイビュー,
2024104125,フトウフクツ,2026/07/08,門別,曇,6.0,JRA認定競走フレッ(新馬)(2歳),8,1.0,1,8.3,4.0,3,小野楓馬,55.0,ダ,1000.0,良,64.6,0.9,5-5,39.0,416.0,0.0,アフリートリディア,52.5
2024104073,ヨシノステラ,2026/07/14,門別,雨,3.0,2歳未勝利(未勝利),12,7.0,9,4.7,3.0,3,阿部龍,55.0,ダ,1200.0,稍,76.0,1.5,8-6,38.7,492.0,-18.0,ウィンターキャビン,10.5
2024104073,ヨシノステラ,2026/06/30,門別,晴,2.0,2歳牝馬未勝利(未勝利),11,6.0,6,2.7,1.0,5,宮内勇樹,55.0,ダ,1100.0,良,70.6,1.2,8-8,38.8,510.0,-6.0,クーバランセ,3.5
2024104073,ヨシノステラ,2026/06/09,門別,曇,2.0,2歳未勝利(未勝利),11,4.0,4,12.9,4.0,3,阿部龍,55.0,ダ,1000.0,重,61.9,0.2,7-7,36.3,516.0,0.0,リュウノマッスル,10.5
2024104073,ヨシノステラ,2026/05/14,門別,曇,5.0,JRA認定競走フレッ(新馬)(2歳),11,7.0,9,27.8,8.0,8,岩橋勇二,55.0,ダ,1000.0,良,64.1,1.9,5-7,39.1,516.0,0.0,ピンクゴールド,
2024104258,ハッピーデイ,2026/07/15,門別,曇,6.0,JRA認定競走フレッ(新馬)(2歳),8,1.0,1,23.4,6.0,6,宮内勇樹,55.0,ダ,1100.0,稍,70.5,2.3,1-1,40.6,470.0,0.0,ミラクルヴェリテ,
2024105529,ミッドナイトハニー,2026/07/08,門別,曇,3.0,2歳未勝利(未勝利),10,4.0,4,10.6,5.0,7,藤田凌駕,53.0,ダ,1100.0,良,71.2,2.0,8-10,39.6,432.0,0.0,マインドエンジェル,
2024105529,ミッドナイトハニー,2026/06/24,門別,晴,5.0,JRA認定競走フレッ(新馬)(2歳),10,7.0,8,18.7,4.0,5,井上瑛太,55.0,ダ,1000.0,良,63.7,0.9,6-6,38.6,432.0,0.0,ワンサックショート,17.5
2024104919,ベイビーノンチャン,2026/07/14,門別,雨,3.0,2歳未勝利(未勝利),12,2.0,2,2.2,1.0,11,石川倭,55.0,ダ,1200.0,稍,78.0,3.5,8-9,40.7,444.0,-2.0,ウィンターキャビン,
2024104919,ベイビーノンチャン,2026/07/01,門別,晴,6.0,JRA認定競走フレッ(新馬)(2歳),9,4.0,4,5.8,2.0,2,石川倭,55.0,ダ,1100.0,良,69.6,1.6,4-3,39.0,446.0,0.0,ヒノエゴールド,70.0
2024100142,オリザノヴァ,2026/07/09,門別,曇,1.0,2歳未勝利(未勝利),10,7.0,7,1.5,1.0,2,小野楓馬,55.0,ダ,1200.0,良,76.1,0.3,2-2,39.5,466.0,4.0,ブルーオンピンク,14.0
2024100142,オリザノヴァ,2026/05/26,門別,晴,1.0,2歳未勝利(未勝利),12,1.0,1,5.3,3.0,2,小野楓馬,55.0,ダ,1100.0,稍,68.8,0.2,1-1,39.0,462.0,0.0,レディーダイヤ,14.0
2024100142,オリザノヴァ,2026/05/05,門別,曇,5.0,JRA認定競走アタッ(未勝利)(2歳),12,7.0,10,13.0,3.0,4,小野楓馬,55.0,ダ,1000.0,稍,63.5,2.4,4-5,39.0,462.0,-6.0,ツリーオブライフ,21.0
2024100142,オリザノヴァ,2026/04/23,門別,曇,5.0,JRA認定競走フレッ(新馬)(2歳),7,5.0,5,7.9,3.0,3,小野楓馬,55.0,ダ,1000.0,稍,63.5,1.1,2-3,38.5,468.0,0.0,ロゼットリボン,63.0
2024103362,ブロンドナイト,2026/07/14,門別,曇,1.0,2歳未勝利(未勝利),12,7.0,9,4.9,3.0,2,井上瑛太,55.0,ダ,1000.0,稍,63.5,0.5,7-7,38.2,414.0,-6.0,ミスターキレット,14.0
2024103362,ブロンドナイト,2026/06/18,門別,曇,6.0,JRA認定競走フレッ(新馬)(2歳),10,1.0,1,134.7,10.0,3,井上瑛太,55.0,ダ,1000.0,良,63.1,0.7,5-5,37.4,420.0,0.0,ラマントヴァーナ,52.5
2024101454,ヤマノシンゲキ,2026/07/14,門別,雨,3.0,2歳未勝利(未勝利),12,8.0,11,4.3,2.0,5,近藤翔月,54.0,ダ,1200.0,稍,76.7,2.2,4-3,40.2,502.0,-4.0,ウィンターキャビン,3.5
2024101454,ヤマノシンゲキ,2026/07/01,門別,晴,6.0,JRA認定競走フレッ(新馬)(2歳),9,8.0,8,17.5,4.0,3,服部茂史,55.0,ダ,1100.0,良,69.7,1.7,6-3,39.1,506.0,0.0,ヒノエゴールド,52.5
2024102772,サスラオウ,2026/07/16,門別,晴,6.0,JRA認定競走フレッ(新馬)(2歳),8,8.0,8,36.3,6.0,4,桑村真明,55.0,ダ,1200.0,重,77.4,2.8,4-4,39.2,462.0,0.0,リコーリベレーター,35.0
2024100846,カヴォート,2026/07/14,門別,雨,3.0,2歳未勝利(未勝利),12,4.0,4,81.8,9.0,4,井上俊彦,55.0,ダ,1200.0,稍,76.7,2.2,5-6,39.7,474.0,-2.0,ウィンターキャビン,7.0
2024100846,カヴォート,2026/06/30,門別,晴,3.0,2歳未勝利(未勝利),11,5.0,5,466.0,10.0,4,井上俊彦,55.0,ダ,1200.0,良,76.8,2.0,2-2,39.0,476.0,0.0,デルピエロ,7.0
2024100846,カヴォート,2026/06/17,門別,晴,5.0,JRA認定競走アタッ(未勝利)(2歳),12,8.0,12,650.9,12.0,11,藤田凌駕,53.0,ダ,1100.0,良,70.4,2.6,9-9,38.8,476.0,6.0,エイシンウルトラン,
2024100846,カヴォート,2026/06/03,門別,曇,5.0,JRA認定競走アタッ(未勝利)(2歳),12,2.0,2,469.4,11.0,10,黒澤愛斗,55.0,ダ,1200.0,良,79.1,4.6,11-12,40.0,470.0,0.0,アンサラー,
2024100846,カヴォート,2026/05/20,門別,曇,4.0,JRA認定競走アタッ(未勝利)(2歳),9,5.0,5,309.4,9.0,8,黒澤愛斗,55.0,ダ,1200.0,良,78.9,3.8,9-9,39.8,470.0,8.0,ソルフィオラ,
2024100846,カヴォート,2026/04/23,門別,曇,6.0,JRA認定競走フレッ(新馬)(2歳),7,8.0,8,55.5,7.0,7,阿部龍,55.0,ダ,1100.0,稍,71.6,3.0,7-6,39.4,462.0,0.0,アクチュエル,
2024102991,クインテットホープ,2026/07/14,門別,雨,4.0,JRA認定競走アタッ(未勝利)(2歳),8,6.0,6,28.0,6.0,7,小野楓馬,55.0,ダ,1200.0,稍,77.2,2.4,6-5,39.7,446.0,0.0,マッドシークレット,
2024102991,クインテットホープ,2026/07/01,門別,晴,6.0,JRA認定競走フレッ(新馬)(2歳),9,2.0,2,18.6,5.0,7,藤田凌駕,53.0,ダ,1100.0,良,71.0,3.0,8-9,40.2,446.0,0.0,ヒノエゴールド,
2024100383,ニューハーピー,2026/06/30,門別,晴,3.0,2歳未勝利(未勝利),11,7.0,9,3.1,2.0,3,岩橋勇二,55.0,ダ,1200.0,良,76.3,1.5,2-2,38.5,438.0,0.0,デルピエロ,10.5
2024100383,ニューハーピー,2026/06/10,門別,曇,1.0,2歳未勝利(未勝利),11,8.0,10,1.5,1.0,2,服部茂史,52.0,ダ,1100.0,重,69.6,0.2,3-2,39.3,438.0,-8.0,シリントーン,14.0
2024100383,ニューハーピー,2026/05/06,門別,晴,5.0,JRA認定競走フレッ(新馬)(2歳),8,8.0,8,1.8,1.0,2,岩橋勇二,55.0,ダ,1000.0,良,62.4,1.0,3-2,37.9,446.0,0.0,バドラ,84.0
2024100383,ニューハーピー,2026/04/23,門別,曇,6.0,JRA認定競走フレッ(新馬)(2歳),7,5.0,5,,,取,小野俊斗,52.0,ダ,1100.0,稍,,,,,,,アクチュエル,
2024105586,バシュネル,2026/07/02,門別,曇,3.0,JRA認定競走アタッ(未勝利)(2歳),8,6.0,6,5.4,3.0,6,桑村真明,55.0,ダ,1700.0,良,115.4,1.3,1-1-1-2,42.4,484.0,-4.0,ミッションフェロー,
2024105586,バシュネル,2026/06/18,門別,曇,4.0,JRA認定競走アタッ(未勝利)(2歳),8,1.0,1,1.9,1.0,3,阿部龍,55.0,ダ,1700.0,良,115.1,0.9,2-3-3-3,41.2,488.0,6.0,リュウノジェット,25.2
2024105586,バシュネル,2026/05/28,門別,雨,5.0,JRA認定競走フレッ(新馬)(2歳),8,3.0,3,2.5,1.0,2,阿部龍,55.0,ダ,1200.0,稍,76.0,0.1,3-2,39.1,482.0,0.0,シアンディオ,70.0
2022101891,オルチャン,2026/07/09,門別,曇,7.0,3歳以上C4ー3,11,7.0,9,4.9,2.0,5.0,近藤翔月,54.0,ダ,1000.0,良,64.1,0.6,4-6,39.1,416.0,-2.0,フレアリングバロン,2.8
2022101891,オルチャン,2026/06/25,門別,曇,9.0,3歳以上C4ー3,12,7.0,10,9.1,4.0,3.0,近藤翔月,54.0,ダ,1000.0,良,63.8,0.1,3-3,39.1,418.0,-6.0,ピエールエンジェル,8.4
2022101891,オルチャン,2026/06/04,門別,晴,1.0,3歳以上C4ー3,12,8.0,12,25.3,4.0,5.0,近藤翔月,54.0,ダ,1000.0,良,63.9,1.7,3-1,39.0,424.0,-4.0,オオイシアジサイ,2.8
2022101891,オルチャン,2026/05/20,門別,曇,2.0,3歳以上C4ー3,12,3.0,3,48.3,8.0,5.0,近藤翔月,54.0,ダ,1000.0,良,63.6,1.7,2-3,39.2,428.0,-6.0,サラメーガン,2.8
2022101891,オルチャン,2026/05/06,門別,晴,2.0,3歳以上C4ー3,12,7.0,9,17.0,4.0,10.0,小野楓馬,55.0,ダ,1000.0,稍,65.1,3.5,11-11,38.6,434.0,-8.0,ダンクバローズ,
2022101891,オルチャン,2026/04/23,門別,曇,1.0,3歳以上C4ー3,11,1.0,1,9.2,5.0,9.0,小野楓馬,55.0,ダ,1000.0,稍,64.9,2.2,2-2,40.4,442.0,20.0,ミソラ,
2022101891,オルチャン,2025/11/11,門別,曇,5.0,3歳以上C4ー3,10,7.0,9,4.9,2.0,1.0,小野楓馬,55.0,ダ,1000.0,稍,64.1,-0.2,1-1,38.9,422.0,2.0,(ファイアーストーム),40.0
2022101891,オルチャン,2025/10/01,門別,雨,4.0,3歳以上C4ー4,12,8.0,12,2.8,2.0,2.0,山本咲希,55.0,ダ,1000.0,稍,63.5,0.2,2-2,38.7,420.0,6.0,ツワ,11.2
2022101891,オルチャン,2025/09/17,門別,晴,5.0,3歳以上C4ー4,12,7.0,9,3.6,2.0,7.0,阿岸潤一,54.0,ダ,1000.0,良,66.0,1.6,7-3,39.7,414.0,2.0,クインズモンブラン,
2022101891,オルチャン,2025/08/21,門別,晴,6.0,3歳以上C4ー4,12,5.0,5,4.6,3.0,3.0,阿岸潤一,54.0,ダ,1000.0,稍,64.4,0.7,3-3,39.3,412.0,-6.0,ウワサノハルカ,8.4
2022101891,オルチャン,2025/08/07,門別,曇,6.0,3歳以上C4ー4,12,8.0,11,51.6,6.0,2.0,阿岸潤一,54.0,ダ,1000.0,稍,62.8,0.1,4-2,37.7,418.0,0.0,サウスヴィルステラ,11.2
2022101891,オルチャン,2025/07/30,門別,,5.0,ホクレングリーンプラ(C4),0,4.0,4,,,,阿岸潤一,54.0,ダ,1000.0,,,,,,,,,
2022101891,オルチャン,2025/07/08,門別,晴,6.0,3歳以上C4ー4,10,5.0,5,23.9,7.0,10.0,阿岸潤一,54.0,ダ,1000.0,良,66.0,2.3,10-10,39.8,418.0,-4.0,エイシンキャノピー,
2022101891,オルチャン,2025/06/26,門別,雨,1.0,日高町DAY賞(C4),9,7.0,7,89.7,6.0,4.0,阿岸潤一,54.0,ダ,1000.0,稍,64.2,0.8,5-5,39.4,422.0,-6.0,ハッピーピンク,5.6
2022101891,オルチャン,2025/06/12,門別,曇,1.0,3歳以上C4ー4,10,7.0,7,317.2,8.0,4.0,阿岸潤一,54.0,ダ,1000.0,稍,64.6,1.0,6-5,38.7,428.0,4.0,フランキンローズ,5.6
2022101891,オルチャン,2025/05/29,門別,晴,3.0,3歳以上C4ー4,8,4.0,4,37.4,6.0,7.0,阿岸潤一,54.0,ダ,1000.0,良,65.9,2.5,8-7,39.6,424.0,-8.0,カナリコッタゲーム,
2022101891,オルチャン,2025/05/08,門別,曇,3.0,3歳以上C4ー4,12,2.0,2,337.2,11.0,10.0,阿岸潤一,54.0,ダ,1000.0,良,65.4,2.8,8-8,39.6,432.0,0.0,ウィルトゥーウェル,
2022101891,オルチャン,2025/04/23,門別,曇,2.0,3歳条件未勝利(未勝利),12,7.0,10,69.0,7.0,9.0,阿岸潤一,54.0,ダ,1000.0,重,65.0,3.1,4-7,40.2,432.0,16.0,エイダイファルコン,
2022101891,オルチャン,2024/10/29,門別,晴,4.0,2歳牝馬未勝利(未勝利),10,1.0,1,123.8,7.0,7.0,阿岸潤一,54.0,ダ,1000.0,良,63.9,1.1,8-8,38.1,416.0,-4.0,オールスパイス,
2022101891,オルチャン,2024/10/16,門別,晴,4.0,オータムライト級カッ(未勝利)(2歳),11,8.0,10,263.7,11.0,11.0,阿岸潤一,54.0,ダ,1000.0,重,66.5,2.7,8-9,39.9,420.0,4.0,ラセーヌ,
2022101891,オルチャン,2024/09/25,門別,晴,1.0,2歳牝馬未勝利(未勝利),12,6.0,7,191.4,9.0,12.0,黒澤愛斗,55.0,ダ,1000.0,良,69.5,7.0,12-12,42.9,416.0,-4.0,ナユタ,
2022101891,オルチャン,2024/09/05,門別,曇,5.0,2歳牝馬未勝利(未勝利),9,8.0,9,95.7,6.0,9.0,黒澤愛斗,55.0,ダ,1000.0,良,68.6,4.1,9-9,41.9,420.0,2.0,ウィルマッチ,
2022101891,オルチャン,2024/08/15,門別,晴,4.0,JRA認定競走フレッ(新馬)(2歳),11,7.0,8,35.4,6.0,10.0,黒澤愛斗,55.0,ダ,1000.0,稍,67.7,4.2,7-10,41.7,418.0,0.0,ダンストンアンセム,
2023106890,バンデラス,2026/07/14,門別,雨,5.0,3歳以上C4ー3,9,6.0,6,1.6,1.0,3,落合玄太,57.0,ダ,1000.0,稍,63.9,1.7,1-1,39.2,508.0,0.0,オオイシサクラ,8.4
2023106044,オオイシテイオー,2026/07/15,門別,晴,5.0,3歳以上C4ー3,11,2.0,2,48.3,8.0,6.0,阿部龍,57.0,ダ,1000.0,稍,63.9,0.8,7-7,38.3,420.0,-2.0,ストーリータイム,
2023106044,オオイシテイオー,2026/06/30,門別,晴,5.0,3歳以上C4ー3,10,8.0,9,102.0,7.0,5.0,桑村真明,57.0,ダ,1200.0,良,77.2,0.9,3-3,39.5,422.0,-2.0,テレマコス,2.8
2023106044,オオイシテイオー,2026/06/10,門別,晴,2.0,3歳以上C4ー3,12,3.0,3,13.0,6.0,7.0,阿部龍,57.0,ダ,1000.0,重,64.9,1.1,11-10,37.7,424.0,6.0,フィールザクラウン,
2023106044,オオイシテイオー,2026/05/27,門別,晴,1.0,3歳条件未勝利(未勝利),9,2.0,2,21.5,3.0,6.0,桑村真明,57.0,ダ,1200.0,良,77.7,2.2,8-6,39.0,418.0,-4.0,ミワクノホウショウ,
2023106044,オオイシテイオー,2026/05/13,門別,曇,2.0,3歳条件未勝利(未勝利),12,5.0,5,11.9,4.0,7.0,桑村真明,57.0,ダ,1000.0,良,64.7,1.8,12-12,38.0,422.0,-2.0,オギフシノチカイ,
2023106044,オオイシテイオー,2026/04/29,門別,晴,2.0,3歳条件未勝利(未勝利),8,1.0,1,32.7,6.0,4.0,桑村真明,57.0,ダ,1200.0,良,76.7,0.9,7-7,38.5,424.0,-6.0,マーロウ,7.0
2023106044,オオイシテイオー,2026/04/15,門別,曇,2.0,3歳条件未勝利(未勝利),9,3.0,3,14.6,5.0,5.0,桑村真明,57.0,ダ,1000.0,良,63.2,1.1,8-7,37.3,430.0,14.0,ハヤテノダイキチ,3.5
2023106044,オオイシテイオー,2025/11/13,門別,晴,2.0,2歳未勝利(未勝利),12,2.0,2,8.0,5.0,9.0,桑村真明,56.0,ダ,1000.0,稍,64.7,1.8,7-6,39.1,416.0,2.0,レガシオン,
2023106044,オオイシテイオー,2025/09/09,門別,曇,2.0,2歳未勝利(未勝利),11,7.0,10,3.3,2.0,7.0,阿部龍,55.0,ダ,1000.0,稍,65.0,1.9,8-8,39.4,414.0,2.0,フレアリングバロン,
2023106044,オオイシテイオー,2025/08/26,門別,曇,3.0,新冠富士賞(未勝利)(2歳),12,8.0,11,5.1,3.0,3.0,阿部龍,55.0,ダ,1000.0,良,64.1,0.9,5-4,39.6,412.0,-4.0,サクセスビービー,10.5
2023106044,オオイシテイオー,2025/08/06,門別,曇,1.0,2歳未勝利(未勝利),12,4.0,4,24.0,4.0,7.0,桑村真明,55.0,ダ,1000.0,良,64.0,1.5,9-8,38.3,416.0,-2.0,スティルアローン,
2023106044,オオイシテイオー,2025/07/30,門別,,1.0,ホクレン「くるるの杜(未勝利)(2歳),0,6.0,7,,,,桑村真明,55.0,ダ,1200.0,,,,,,,,,
2023106044,オオイシテイオー,2025/07/16,門別,曇,2.0,2歳未勝利(未勝利),12,7.0,9,20.1,5.0,4.0,桑村真明,55.0,ダ,1100.0,稍,70.9,0.7,7-7,39.7,418.0,-2.0,リコータロス,7.0
2023106044,オオイシテイオー,2025/07/01,門別,晴,1.0,星野王子賞(未勝利)(2歳),8,3.0,3,11.4,3.0,3.0,桑村真明,55.0,ダ,1200.0,稍,77.0,0.4,1-1,39.9,420.0,-2.0,ベイビーザロック,10.5
2023106044,オオイシテイオー,2025/06/19,門別,晴,1.0,2歳未勝利(未勝利),12,6.0,8,56.8,6.0,4.0,桑村真明,55.0,ダ,1000.0,良,62.7,0.8,9-8,36.9,422.0,2.0,ベラジオソニック,7.0
2023106044,オオイシテイオー,2025/05/27,門別,晴,2.0,2歳未勝利(未勝利),7,2.0,2,45.7,6.0,7.0,桑村真明,55.0,ダ,1000.0,稍,64.7,1.9,5-5,39.0,420.0,-2.0,ポルタロマーナ,
2023106044,オオイシテイオー,2025/05/08,門別,曇,4.0,JRA認定競走アタッ(未勝利)(2歳),10,5.0,5,215.4,8.0,9.0,井上俊彦,55.0,ダ,1000.0,良,64.7,3.7,8-9,38.8,422.0,0.0,ブルーメンガルテン,
2023106044,オオイシテイオー,2025/04/17,門別,晴,5.0,JRA認定競走フレッ(新馬)(2歳),6,1.0,1,16.2,4.0,6.0,阿部龍,55.0,ダ,1100.0,重,71.6,6.0,5-5,40.8,422.0,0.0,ベストグリーン,
2020106192,テンアリオン,2026/07/14,門別,雨,5.0,3歳以上C4ー3,9,5.0,5,10.9,4.0,4,宮内勇樹,55.0,ダ,1000.0,稍,64.2,2.0,1-1,39.6,462.0,0.0,オオイシサクラ,5.6
2020106192,テンアリオン,2026/07/01,門別,晴,10.0,グランシャリオドリー(C4),12,5.0,6,4.4,3.0,4,桑村真明,55.0,ダ,1000.0,良,63.9,0.6,1-2,39.1,462.0,6.0,ニシノサーフ,7.7
2020106192,テンアリオン,2026/06/11,門別,晴,1.0,3歳以上C4ー3,12,2.0,2,3.7,2.0,2,宮内勇樹,55.0,ダ,1000.0,良,63.7,1.8,1-1,39.2,456.0,4.0,グッドタイムアスク,11.2
2020106192,テンアリオン,2026/06/03,門別,晴,2.0,3歳以上C4ー3,12,8.0,11,18.7,4.0,6,宮内勇樹,55.0,ダ,1000.0,良,63.8,0.7,1-1,39.5,452.0,4.0,トモノタツミ,
2020106192,テンアリオン,2026/05/13,門別,曇,7.0,3歳以上C4ー3,11,3.0,3,2.7,2.0,3,石川倭,55.0,ダ,1000.0,良,63.6,1.3,3-4,38.0,448.0,0.0,ライトニングジャブ,8.4
2020106192,テンアリオン,2026/04/29,門別,曇,4.0,3歳以上C4ー3,11,7.0,8,13.3,3.0,2,宮内勇樹,55.0,ダ,1000.0,良,63.4,0.3,1-1,38.6,448.0,-2.0,フークシャイニー,11.2
2020106192,テンアリオン,2026/04/22,門別,晴,10.0,グランシャリオドリー(C4),9,3.0,3,9.3,3.0,4,阿岸潤一,54.0,ダ,1000.0,稍,63.8,0.8,1-1,39.6,450.0,0.0,プチビーンズ,7.7
2020106192,テンアリオン,2025/11/11,門別,曇,11.0,しべつ牛乳特別(C3),15,3.0,5,108.4,9.0,13,阿岸潤一,54.0,ダ,1200.0,稍,78.1,2.2,2-4,41.4,450.0,-6.0,リオンセーラス,
2020106192,テンアリオン,2025/11/05,門別,晴,8.0,3歳以上C3ー2C4,11,7.0,10,41.0,8.0,10,阿岸潤一,54.0,ダ,1000.0,稍,64.0,1.3,5-5,39.1,456.0,8.0,シュヴィル,
2020106192,テンアリオン,2025/10/16,門別,曇,5.0,3歳以上C4ー2,12,7.0,9,12.5,3.0,2,阿岸潤一,54.0,ダ,1000.0,稍,63.3,0.4,2-1,38.5,448.0,-8.0,マナラナキラ,11.2
2020106192,テンアリオン,2025/10/07,門別,曇,8.0,3歳以上C4ー2,9,4.0,4,21.1,7.0,2,阿岸潤一,54.0,ダ,1000.0,良,63.0,0.6,3-3,38.5,456.0,2.0,ファイブエム,11.2
2020106192,テンアリオン,2025/09/23,門別,晴,9.0,宮の沢白い恋人サッカ(C4),9,2.0,2,13.7,5.0,8,桑村真明,55.0,ダ,1000.0,稍,64.1,0.9,1-1,39.7,454.0,-2.0,エースオブハーツ,
2020106192,テンアリオン,2025/09/11,門別,晴,5.0,3歳以上C4ー3,10,4.0,4,8.4,3.0,2,桑村真明,55.0,ダ,1000.0,良,63.1,0.6,1-1,38.5,456.0,2.0,イマーシブ,11.2
2020106192,テンアリオン,2025/08/26,門別,曇,10.0,グランシャリオドリー(C4),12,6.0,8,3.1,1.0,6,阿岸潤一,54.0,ダ,1000.0,良,64.4,1.4,1-2,40.3,454.0,-2.0,ラスターカノン,
2020106192,テンアリオン,2025/08/14,門別,曇,5.0,3歳以上C4ー3,11,1.0,1,28.8,7.0,5,阿岸潤一,54.0,ダ,1000.0,良,63.8,0.6,2-2,39.4,456.0,10.0,ステラブローニュ,2.8
2020106192,テンアリオン,2025/07/23,門別,晴,8.0,ハロー!Lexing(C4),11,6.0,7,23.6,6.0,6,岩橋勇二,55.0,ダ,1000.0,良,64.2,1.5,3-5,39.6,446.0,-4.0,キタノプレンティ,
2020106192,テンアリオン,2025/07/09,門別,晴,5.0,3歳以上C4ー3,10,8.0,9,150.4,9.0,4,岩橋勇二,55.0,ダ,1000.0,良,62.5,0.6,2-2,37.5,450.0,4.0,アサガオ,5.6
2020106192,テンアリオン,2025/07/01,門別,晴,7.0,バスケットセンスの塊(C4),9,3.0,3,175.0,8.0,8,阿岸潤一,54.0,ダ,1000.0,良,63.2,2.7,1-3,39.2,446.0,-4.0,レネネト,
2020106192,テンアリオン,2025/06/11,門別,曇,7.0,3歳以上C4ー3,12,7.0,9,91.6,11.0,9,井上俊彦,55.0,ダ,1000.0,稍,64.1,3.0,2-3,40.2,450.0,-2.0,デスティニーホープ,
2020106192,テンアリオン,2025/05/29,門別,晴,9.0,ラナンキュラス特別(C3),7,5.0,5,24.2,4.0,7,松井伸也,55.0,ダ,1000.0,良,63.9,1.4,4-4,38.7,452.0,4.0,レーヴァテイン,
2020106192,テンアリオン,2025/05/15,門別,曇,7.0,3歳以上C3ー2C4,10,7.0,8,82.0,7.0,8,小野楓馬,55.0,ダ,1200.0,良,77.0,1.5,3-5,40.5,448.0,-8.0,シセイダイキ,
2020106192,テンアリオン,2025/05/08,門別,曇,8.0,カーネーション特別(C3),12,8.0,12,47.0,8.0,10,阿岸潤一,54.0,ダ,1000.0,良,63.4,1.3,2-2,39.2,456.0,-2.0,ジャスパーエイト,
2020106192,テンアリオン,2025/04/24,門別,晴,3.0,3歳以上C3ー2C4,9,1.0,1,43.1,8.0,9,阿岸潤一,54.0,ダ,1200.0,重,78.7,3.8,3-4,42.2,458.0,4.0,テンケイ,
2020106192,テンアリオン,2024/11/04,門別,曇,7.0,門別ナイター照明普及(C4),11,8.0,12,23.5,6.0,1,阿岸潤一,54.0,ダ,1000.0,良,62.2,-0.2,1-1,37.8,454.0,-4.0,(クライオブジアース),55.0
2020106192,テンアリオン,2024/10/23,門別,雨,7.0,3歳以上C4ー2,11,4.0,4,8.5,5.0,9,阿岸潤一,54.0,ダ,1000.0,不,64.1,1.9,2-3,40.3,458.0,2.0,マリノシュライエン,
2020106192,テンアリオン,2024/10/10,門別,晴,7.0,3歳以上C4ー2,11,3.0,3,24.8,8.0,4,阿岸潤一,54.0,ダ,1000.0,良,63.1,0.5,9-8,38.0,456.0,-4.0,ハナカンザシ,5.6
2020106192,テンアリオン,2024/09/24,門別,晴,9.0,3歳以上C4ー2,12,4.0,4,56.1,10.0,4,阿岸潤一,54.0,ダ,1000.0,良,62.6,0.4,3-3,38.1,460.0,4.0,ルクスミッシェル,5.6
2020106192,テンアリオン,2024/09/12,門別,晴,6.0,3歳以上C4ー3,11,1.0,1,68.0,9.0,2,阿岸潤一,54.0,ダ,1000.0,良,62.9,0.7,4-4,37.3,456.0,-2.0,キラリメイラード,11.2
2020106192,テンアリオン,2024/08/29,門別,曇,10.0,アルーダ日高西部特別(C4),9,4.0,4,17.8,5.0,4,宮平鷹志,55.0,ダ,1000.0,稍,63.7,0.8,2-2,39.1,458.0,2.0,マドンナブルー,7.7
2020106192,テンアリオン,2024/08/15,門別,晴,6.0,3歳以上C4ー3,12,4.0,4,119.7,10.0,8,阿岸潤一,53.0,ダ,1000.0,稍,63.8,2.0,4-5,39.0,456.0,0.0,マドモアゼルハポン,
2020106192,テンアリオン,2024/07/25,門別,曇,6.0,3歳以上C4ー3,10,3.0,3,172.6,9.0,10,宮平鷹志,55.0,ダ,1000.0,良,64.0,1.2,2-2,39.8,456.0,2.0,ブラックモア,
2020106192,テンアリオン,2024/07/10,門別,晴,6.0,3歳以上C4ー3,10,2.0,2,187.8,9.0,9,阿岸潤一,53.0,ダ,1200.0,稍,77.8,2.2,6-10,40.9,454.0,-2.0,ビスマルク,
2020106192,テンアリオン,2024/06/27,門別,曇,9.0,アジサイ特別(C4),12,3.0,3,110.0,11.0,11,宮平鷹志,55.0,ダ,1200.0,良,78.2,2.5,8-11,40.9,456.0,0.0,ブリリアントゲート,
2020106192,テンアリオン,2024/06/18,門別,曇,5.0,日高町DAY賞(C4),10,3.0,3,5.9,4.0,1,宮平鷹志,55.0,ダ,1000.0,良,63.9,-0.3,2-2,39.4,456.0,-4.0,(クールドゥー),40.0
2020106192,テンアリオン,2024/06/05,門別,雨,1.0,3歳以上C4ー4,12,5.0,5,29.0,5.0,9,小野楓馬,55.0,ダ,1200.0,良,79.1,2.5,1-2,42.9,460.0,-8.0,クラウンバド,
2020106192,テンアリオン,2024/05/22,門別,晴,5.0,庶野さくら公園賞(C4),10,2.0,2,5.6,3.0,7,小野楓馬,55.0,ダ,1200.0,稍,78.6,1.4,2-2,42.5,468.0,-2.0,ベルジャスティーナ,
2020106192,テンアリオン,2024/05/01,門別,晴,6.0,3歳以上C4ー4,10,4.0,4,27.1,5.0,5,小野楓馬,55.0,ダ,1000.0,良,64.4,1.4,3-3,39.1,470.0,12.0,サクラアザレア,2.8
2020106192,テンアリオン,2023/11/09,門別,晴,3.0,3歳以上C4ー3,11,4.0,4,36.0,7.0,4,阿部龍,54.0,ダ,1200.0,稍,77.5,1.3,4-3,40.1,458.0,-6.0,ランラビットラン,5.6
2020106192,テンアリオン,2023/11/03,門別,晴,4.0,ホクトくん・ナナセち(C4),8,3.0,3,8.3,3.0,6,宮内勇樹,51.0,ダ,1200.0,重,78.4,2.8,7-6,40.5,464.0,4.0,ヒロチャン,
2020106192,テンアリオン,2023/10/05,門別,曇,3.0,3歳以上C4ー3,9,8.0,10,14.0,5.0,5,松井伸也,54.0,ダ,1000.0,稍,63.6,0.9,8-7,38.4,460.0,24.0,ナギサノチャコ,2.8
2020106192,テンアリオン,2023/07/09,3中京4,小雨,3.0,3歳未勝利,16,2.0,4,83.8,11.0,12,河原田菜,50.0,芝,1600.0,稍,97.7,2.4,16-14-14,36.8,436.0,-4.0,テクノデザイン,
2020106192,テンアリオン,2023/05/21,1京都10,晴,1.0,3歳未勝利,15,7.0,12,265.9,12.0,14,古川吉洋,54.0,ダ,1200.0,稍,77.3,3.5,15-15,38.1,440.0,0.0,フクノワカバ,
2021102250,マジカルウィーク,2026/07/15,門別,晴,5.0,3歳以上C4ー3,11,7.0,9,87.3,9.0,8,黒澤愛斗,57.0,ダ,1000.0,稍,64.4,1.3,5-6,39.5,426.0,-4.0,ストーリータイム,
2021102250,マジカルウィーク,2026/07/01,門別,晴,10.0,グランシャリオドリー(C4),12,1.0,1,65.8,7.0,8,黒澤愛斗,57.0,ダ,1000.0,良,64.8,1.5,5-4,39.6,430.0,6.0,ニシノサーフ,
2021102250,マジカルウィーク,2026/05/06,門別,晴,1.0,3歳以上C4ー3,12,6.0,7,86.3,8.0,6,黒澤愛斗,57.0,ダ,1000.0,稍,63.6,0.8,7-7,38.1,424.0,2.0,アークオブライフ,
2021102250,マジカルウィーク,2026/04/23,門別,曇,1.0,3歳以上C4ー3,11,8.0,10,85.8,8.0,10,黒澤愛斗,57.0,ダ,1000.0,稍,64.9,2.2,5-5,39.9,422.0,-26.0,ミソラ,
2021102250,マジカルウィーク,2025/11/11,門別,曇,5.0,3歳以上C4ー3,10,4.0,4,,,取,黒澤愛斗,57.0,ダ,1000.0,稍,,,,,,,オルチャン,
2021102250,マジカルウィーク,2025/10/28,門別,晴,5.0,3歳以上C4ー3,12,8.0,12,11.9,4.0,3,黒澤愛斗,57.0,ダ,1000.0,稍,64.0,1.3,2-2,38.7,448.0,10.0,ヤンキージャック,8.4
2021102250,マジカルウィーク,2025/10/14,門別,晴,5.0,ほくれん丸賞(C4),12,1.0,1,14.0,5.0,3,黒澤愛斗,57.0,ダ,1000.0,稍,64.4,0.7,3-3,39.0,438.0,0.0,ニットウミズナ,8.4
2021102250,マジカルウィーク,2025/09/30,門別,曇,7.0,3歳以上C4ー4,12,7.0,10,81.5,8.0,5,黒澤愛斗,57.0,ダ,1000.0,良,64.6,0.8,5-5,39.4,438.0,8.0,エムティステージ,2.8
2021102250,マジカルウィーク,2025/09/16,門別,晴,8.0,3歳以上C4ー4,10,3.0,3,20.5,6.0,5,黒澤愛斗,57.0,ダ,1000.0,良,64.5,1.6,5-5,39.3,430.0,-4.0,ティファニジェンヌ,2.8
2021102250,マジカルウィーク,2025/09/02,門別,曇,6.0,3歳以上C4ー4,11,8.0,10,29.7,7.0,7,黒澤愛斗,57.0,ダ,1000.0,重,64.4,1.4,4-3,39.6,434.0,2.0,ヴィルブラックヒル,
2021102250,マジカルウィーク,2025/08/21,門別,晴,6.0,3歳以上C4ー4,12,6.0,8,215.8,9.0,4,黒澤愛斗,57.0,ダ,1000.0,稍,64.6,0.9,5-4,39.2,432.0,2.0,ウワサノハルカ,5.6
2021102250,マジカルウィーク,2025/08/05,門別,晴,4.0,びらとり温泉ゆから賞(C4),8,2.0,2,19.2,6.0,6,黒澤愛斗,57.0,ダ,1000.0,良,64.5,1.3,2-3,39.5,430.0,6.0,クィーンズハーパー,
2021102250,マジカルウィーク,2025/07/22,門別,晴,5.0,3歳以上C4ー4,12,7.0,9,119.5,8.0,11,黒澤愛斗,57.0,ダ,1000.0,良,66.1,2.4,4-5,41.2,424.0,-4.0,モーモーブルー,
2021102250,マジカルウィーク,2025/07/08,門別,晴,6.0,3歳以上C4ー4,10,1.0,1,13.1,5.0,9,黒澤愛斗,57.0,ダ,1000.0,良,65.4,1.7,3-4,39.6,428.0,-6.0,エイシンキャノピー,
2021102250,マジカルウィーク,2025/06/26,門別,雨,2.0,日高国際スキー場賞(C4),10,5.0,5,14.3,5.0,6,黒澤愛斗,57.0,ダ,1000.0,稍,65.2,1.9,6-6,39.9,434.0,-2.0,モーニングボタン,
2021102250,マジカルウィーク,2025/06/12,門別,曇,1.0,3歳以上C4ー4,10,1.0,1,15.1,4.0,9,黒澤愛斗,57.0,ダ,1000.0,稍,65.7,2.1,2-3,40.3,436.0,10.0,フランキンローズ,
2021102250,マジカルウィーク,2025/05/27,門別,晴,8.0,3歳以上C4ー4,10,8.0,10,7.3,3.0,2,黒澤愛斗,57.0,ダ,1000.0,良,63.9,0.4,2-1,39.4,426.0,2.0,サクラキングリー,11.2
2021102250,マジカルウィーク,2025/05/14,門別,曇,8.0,3歳以上C4ー4,10,5.0,5,42.2,6.0,5,黒澤愛斗,57.0,ダ,1000.0,良,64.7,1.6,2-2,40.1,424.0,-4.0,ユニコーンホエール,2.8
2021102250,マジカルウィーク,2025/04/30,門別,晴,8.0,サクラ特別(C4),11,1.0,1,44.5,6.0,8,黒澤愛斗,57.0,ダ,1000.0,重,65.3,2.2,5-8,39.4,428.0,-2.0,ロピア,
2021102250,マジカルウィーク,2024/09/04,門別,晴,5.0,3歳以上C4ー3,12,6.0,8,22.9,5.0,6,黒澤愛斗,57.0,ダ,1000.0,良,64.1,1.6,9-8,38.2,430.0,0.0,キタノアマポーラ,
2021102250,マジカルウィーク,2024/08/22,門別,雨,7.0,3歳以上C4ー3,10,7.0,8,9.5,6.0,7,黒澤愛斗,57.0,ダ,1000.0,稍,65.1,2.3,7-7,40.1,430.0,2.0,ラブアンドラッキー,
2021102250,マジカルウィーク,2024/08/06,門別,晴,6.0,みついし花だより賞(C4),8,7.0,7,14.7,4.0,1,黒澤愛斗,57.0,ダ,1000.0,稍,62.8,-0.4,1-1,37.7,428.0,-4.0,(エリオットゲーム),40.0
2021102250,マジカルウィーク,2024/07/24,門別,曇,1.0,3歳以上C4ー4,9,8.0,8,74.5,7.0,2,黒澤愛斗,57.0,ダ,1000.0,良,63.7,0.5,5-3,38.6,432.0,4.0,ユイミオ,11.2
2021102250,マジカルウィーク,2024/07/09,門別,曇,6.0,3歳以上C4ー4,12,7.0,9,138.0,8.0,9,黒澤愛斗,57.0,ダ,1000.0,稍,64.6,1.9,7-6,39.1,428.0,2.0,バンビクン,
2021102250,マジカルウィーク,2024/06/25,門別,晴,7.0,3歳以上C4ー4,8,6.0,6,12.7,3.0,3,黒澤愛斗,57.0,ダ,1000.0,稍,65.1,1.5,5-3,38.7,426.0,8.0,モーニングコスモス,8.4
2021102250,マジカルウィーク,2024/06/11,門別,晴,2.0,3歳以上C4ー4,7,1.0,1,76.2,6.0,4,黒澤愛斗,57.0,ダ,1000.0,稍,64.8,1.7,2-3,38.9,418.0,-2.0,ハナカンザシ,5.6
2021102250,マジカルウィーク,2024/05/30,門別,晴,1.0,3歳条件未勝利(未勝利),8,2.0,2,47.8,6.0,6,黒澤愛斗,57.0,ダ,1000.0,良,65.2,3.0,6-6,39.8,420.0,12.0,ビービーバシリス,
2021102250,マジカルウィーク,2024/05/16,門別,曇,1.0,3歳条件未勝利(未勝利),9,8.0,8,22.3,7.0,5,黒澤愛斗,57.0,ダ,1000.0,良,65.0,2.2,6-5,39.7,408.0,4.0,キラリメイラード,3.5
2021102250,マジカルウィーク,2024/04/24,門別,曇,2.0,3歳条件未勝利(未勝利),8,3.0,3,9.6,3.0,6,黒澤愛斗,57.0,ダ,1000.0,良,66.4,2.4,6-7,41.3,404.0,-18.0,ネーヴェ,
2021102250,マジカルウィーク,2023/11/07,門別,曇,1.0,2歳未勝利(未勝利),12,8.0,11,110.0,8.0,9,岩橋勇二,55.0,ダ,1000.0,不,63.8,2.3,6-7,38.8,422.0,2.0,ブディナラン,
2021102250,マジカルウィーク,2023/10/17,門別,曇,1.0,2歳未勝利(未勝利),12,8.0,12,4.4,3.0,2,黒澤愛斗,55.0,ダ,1000.0,稍,64.4,0.0,6-3,38.6,420.0,0.0,アラジャイ,14.0
2021102250,マジカルウィーク,2023/10/11,門別,晴,1.0,2歳未勝利(未勝利),12,2.0,2,328.0,11.0,7,黒澤愛斗,55.0,ダ,1000.0,稍,64.0,1.0,9-7,38.6,420.0,-4.0,レディースデイ,
2021102250,マジカルウィーク,2023/09/21,門別,雨,1.0,2歳未勝利(未勝利),11,4.0,4,55.9,7.0,10,黒澤愛斗,55.0,ダ,1000.0,良,65.0,2.7,7-7,39.8,424.0,-6.0,ハグレグモ,
2021102250,マジカルウィーク,2023/09/07,門別,晴,1.0,2歳未勝利(未勝利),12,5.0,6,177.6,7.0,6,黒澤愛斗,54.0,ダ,1000.0,稍,65.4,2.4,3-3,39.5,430.0,22.0,ポアゾンボス,
2021102250,マジカルウィーク,2023/06/22,門別,曇,5.0,JRA認定フレッシュ(新馬)(2歳),12,8.0,11,204.1,11.0,10,黒澤愛斗,54.0,ダ,1000.0,良,67.2,5.1,6-7,42.2,408.0,0.0,リコーシャーマン,
2023100254,エムティココロ,2026/07/14,門別,雨,5.0,3歳以上C4ー3,9,8.0,8,22.5,6.0,7,石川倭,55.0,ダ,1000.0,稍,64.8,2.6,3-5,39.9,450.0,-12.0,オオイシサクラ,
2023100254,エムティココロ,2026/07/01,門別,晴,10.0,グランシャリオドリー(C4),12,6.0,8,22.8,5.0,5,石川倭,55.0,ダ,1000.0,良,64.3,1.0,8-8,38.3,462.0,0.0,ニシノサーフ,3.8
2023104272,ワールドユニティ,2026/07/07,門別,曇,4.0,3歳以上C4ー3,12,6.0,8,18.5,7.0,10,松井伸也,57.0,ダ,1000.0,良,64.7,0.7,5-4,39.3,432.0,14.0,スターオブスカイ,
2023104272,ワールドユニティ,2026/05/26,門別,曇,3.0,3歳条件未勝利(未勝利),10,6.0,7,,,取,桑村真明,57.0,ダ,1000.0,稍,,,,,,,ブライトホウショウ,
2023104272,ワールドユニティ,2026/04/22,門別,曇,2.0,3歳条件未勝利(未勝利),8,8.0,8,34.7,6.0,6,桑村真明,57.0,ダ,1000.0,稍,64.5,2.5,1-1,39.7,418.0,0.0,アサカオーガスタ,
2023101351,スキャロップパール,2026/07/15,門別,曇,10.0,グランシャリオドリー(C4),11,5.0,6,6.3,5.0,2.0,松井伸也,55.0,ダ,1000.0,稍,64.3,0.3,1-1,39.4,394.0,0.0,クイーンサイド,15.4
2023101351,スキャロップパール,2026/07/01,門別,晴,9.0,湧別サロマ湖関野剛平(C4),12,6.0,8,363.4,10.0,7.0,松井伸也,55.0,ダ,1000.0,良,64.0,2.1,3-4,38.9,394.0,2.0,リコータイフォン,
2023101351,スキャロップパール,2026/06/17,門別,晴,2.0,渓流の女王ヤマベ賞(C4),12,6.0,7,575.6,12.0,6.0,近藤翔月,54.0,ダ,1000.0,良,64.1,1.3,5-5,39.0,392.0,-2.0,ミラージュフルール,
2023101351,スキャロップパール,2026/06/04,門別,晴,1.0,3歳以上C4ー3,12,7.0,9,820.9,12.0,8.0,小川悠汰,52.0,ダ,1000.0,良,64.5,2.3,5-8,39.2,394.0,2.0,オオイシアジサイ,
2023101351,スキャロップパール,2026/05/21,門別,曇,2.0,3歳以上C4ー3,12,1.0,1,890.4,12.0,11.0,阿岸潤一,54.0,ダ,1000.0,良,65.6,3.3,11-11,38.6,392.0,0.0,サクセスビービー,
2023101351,スキャロップパール,2026/05/06,門別,晴,2.0,3歳以上C4ー3,12,6.0,8,226.5,12.0,9.0,小野俊斗,52.0,ダ,1000.0,稍,64.6,3.0,8-9,38.4,392.0,2.0,ダンクバローズ,
2023101351,スキャロップパール,2026/04/23,門別,曇,2.0,3歳以上C4ー3,12,6.0,8,216.6,9.0,8.0,阿岸潤一,54.0,ダ,1000.0,稍,64.9,2.9,8-9,38.5,390.0,3.0,ワイルドタイタン,
2023101351,スキャロップパール,2026/03/24,名古屋,晴,2.0,3歳4組,12,1.0,1,127.4,10.0,12.0,細川智史,55.0,ダ,1400.0,良,97.9,6.0,12-12-12,42.0,387.0,2.0,カレンショー,
2023101351,スキャロップパール,2026/03/09,名古屋,晴,1.0,3歳9組,11,3.0,3,24.5,7.0,1.0,細川智史,55.0,ダ,920.0,良,58.7,0.0,1,37.9,385.0,-3.0,(ゴールドマリーナ),58.0
2023101351,スキャロップパール,2026/02/23,名古屋,晴,1.0,3歳7組,11,7.0,8,45.6,6.0,9.0,細川智史,55.0,ダ,920.0,良,59.6,2.1,10,38.6,388.0,-3.0,ミソラ,
2023101351,スキャロップパール,2026/02/09,名古屋,晴,3.0,3歳7組,12,8.0,11,72.0,10.0,8.0,細川智史,55.0,ダ,1500.0,良,103.1,2.0,6-3-6,43.9,391.0,7.0,エンゲル,
2023101351,スキャロップパール,2026/01/26,名古屋,晴,1.0,3歳7組,10,7.0,7,268.7,8.0,2.0,細川智史,55.0,ダ,920.0,良,58.8,0.4,2,38.0,384.0,-6.0,コインブラ,20.3
2023101351,スキャロップパール,2026/01/16,名古屋,曇,1.0,3歳7組,12,5.0,5,51.7,8.0,10.0,細川智史,55.0,ダ,1500.0,良,103.6,3.8,10-12-12,43.1,390.0,1.0,ダイアゴナルラン,
2023101351,スキャロップパール,2026/01/02,名古屋,晴,1.0,初荷賞(3歳),12,5.0,6,31.4,8.0,10.0,細川智史,55.0,ダ,920.0,良,61.4,2.7,12,39.8,389.0,-8.0,エイシンピリオド,
2023101351,スキャロップパール,2025/12/19,名古屋,晴,3.0,2歳6組,12,7.0,9,4.4,3.0,10.0,細川智史,55.0,ダ,920.0,稍,59.8,2.0,11,39.0,397.0,-1.0,ノーブルブロッサム,
2023101351,スキャロップパール,2025/11/13,門別,晴,2.0,2歳未勝利(未勝利),12,7.0,10,248.7,11.0,5.0,小杉亮,55.0,ダ,1000.0,稍,64.1,1.2,4-6,38.8,398.0,0.0,レガシオン,3.5
2023101351,スキャロップパール,2025/11/06,門別,曇,2.0,2歳牝馬未勝利(未勝利),12,8.0,12,202.5,11.0,8.0,阿部龍,55.0,ダ,1000.0,稍,64.5,1.1,8-10,38.4,398.0,0.0,アークメディナ,
2023101351,スキャロップパール,2025/10/21,門別,曇,3.0,2歳未勝利(未勝利),12,7.0,9,80.6,11.0,5.0,小野楓馬,55.0,ダ,1000.0,稍,65.1,1.9,10-11,38.6,398.0,0.0,ロスカキック,3.5
2023101351,スキャロップパール,2025/10/01,門別,曇,1.0,2歳未勝利(未勝利),7,4.0,4,181.4,7.0,6.0,塩津璃菜,51.0,ダ,1200.0,良,79.5,3.2,7-7,40.5,398.0,2.0,アクアトレジャー,
2023101351,スキャロップパール,2025/09/17,門別,晴,1.0,2歳未勝利(未勝利),12,3.0,3,157.7,12.0,12.0,塩津璃菜,51.0,ダ,1000.0,良,67.0,2.5,11-12,40.1,396.0,0.0,クロノライデン,
2023101351,スキャロップパール,2025/09/02,門別,雨,2.0,2歳未勝利(未勝利),8,1.0,1,266.0,8.0,8.0,塩津璃菜,51.0,ダ,1100.0,重,73.3,5.0,6-8,41.8,396.0,4.0,ヒュプシュ,
2023101351,スキャロップパール,2025/08/20,門別,曇,2.0,2歳未勝利(未勝利),11,6.0,6,265.2,10.0,10.0,塩津璃菜,51.0,ダ,1000.0,重,65.9,2.5,4-6,40.5,392.0,-6.0,クラバエル,
2023101351,スキャロップパール,2025/08/06,門別,曇,1.0,2歳未勝利(未勝利),12,5.0,6,443.6,12.0,12.0,藤田凌駕,52.0,ダ,1000.0,良,65.6,3.1,6-9,40.2,398.0,0.0,スティルアローン,
2023101351,スキャロップパール,2025/07/30,門別,,2.0,ほくれん丸賞(未勝利)(2歳),0,7.0,9,,,,石川倭,55.0,ダ,1100.0,,,,,,,,,
2023101351,スキャロップパール,2025/06/26,門別,雨,5.0,JRA認定競走フレッ(新馬)(2歳),11,1.0,1,114.2,11.0,8.0,阿部龍,55.0,ダ,1100.0,稍,72.3,3.6,10-10,40.6,398.0,0.0,ハクアイストーリー,
2023105711,トモニミルホープ,2026/07/09,門別,曇,7.0,3歳以上C4ー3,11,5.0,6,878.2,11.0,11,坂下秀樹,55.0,ダ,1000.0,良,66.0,2.5,9-10,40.0,442.0,8.0,フレアリングバロン,
2023105711,トモニミルホープ,2026/06/17,門別,晴,3.0,推しウマ探せ!おひさ(C4),12,3.0,3,854.9,11.0,10,坂下秀樹,55.0,ダ,1000.0,良,65.1,3.1,10-8,38.9,434.0,0.0,サイアミーズ,
2023105711,トモニミルホープ,2026/06/03,門別,晴,1.0,3歳条件未勝利(未勝利),8,1.0,1,229.3,7.0,7,坂下秀樹,55.0,ダ,1000.0,良,65.0,2.2,6-5,39.2,434.0,-4.0,ペンタフェリーチェ,
2023105711,トモニミルホープ,2026/05/20,門別,曇,1.0,3歳条件未勝利(未勝利),11,8.0,11,440.3,11.0,11,坂下秀樹,55.0,ダ,1000.0,良,65.3,3.0,7-8,39.2,438.0,-2.0,スティールスピネル,
2023105711,トモニミルホープ,2026/05/05,門別,晴,1.0,3歳条件未勝利(未勝利),12,4.0,4,320.9,12.0,7,坂下秀樹,55.0,ダ,1000.0,稍,65.3,2.4,8-6,39.5,440.0,-8.0,スティールアンバー,
2023105711,トモニミルホープ,2026/04/22,門別,晴,1.0,3歳条件未勝利(未勝利),8,2.0,2,106.2,8.0,8,坂下秀樹,55.0,ダ,1000.0,稍,65.8,3.4,7-8,39.7,448.0,3.0,ポートエレン,
2023105711,トモニミルホープ,2026/03/05,姫路,晴,8.0,3歳C1C2,10,5.0,5,400.9,10.0,9,渡瀬和幸,55.0,ダ,1500.0,稍,108.9,5.5,2-2-7-9,47.7,445.0,0.0,ニシノオトムスメ,
2023105711,トモニミルホープ,2026/02/12,姫路,晴,5.0,新島7ハロン3歳C2,12,6.0,8,86.9,10.0,9,渡瀬和幸,55.0,ダ,1400.0,稍,99.6,1.6,3-3-3-4,43.5,445.0,7.0,スカイノハル,
2023105711,トモニミルホープ,2026/01/15,園田,晴,2.0,3歳C2,11,3.0,3,146.0,9.0,10,渡瀬和幸,55.0,ダ,1400.0,良,95.3,2.0,7-7-8-7,41.3,438.0,-16.0,セレナリス,
2023105711,トモニミルホープ,2025/08/21,門別,晴,4.0,JRA認定競走フレッ(新馬)(2歳),10,1.0,1,112.2,9.0,9,松井伸也,55.0,ダ,1000.0,稍,69.6,6.1,9-10,42.6,454.0,0.0,モンバン,
2020103135,オグリヨンセイ,2026/07/15,門別,曇,10.0,グランシャリオドリー(C4),11,4.0,4,20.7,7.0,7,落合玄太,57.0,ダ,1000.0,稍,65.3,1.3,9-8,39.2,430.0,-12.0,クイーンサイド,
2020103135,オグリヨンセイ,2026/06/25,門別,曇,9.0,3歳以上C4ー3,12,6.0,8,275.6,11.0,8,落合玄太,57.0,ダ,1000.0,良,64.8,1.1,8-9,39.0,442.0,4.0,ピエールエンジェル,
2020103135,オグリヨンセイ,2026/06/09,門別,曇,7.0,3歳以上C4ー3,11,8.0,12,95.3,10.0,10,落合玄太,57.0,ダ,1000.0,重,64.5,2.5,10-11,38.0,438.0,2.0,ハレタヒニ,
2020103135,オグリヨンセイ,2026/05/26,門別,曇,9.0,グランシャリオドリー(C4),11,1.0,1,62.7,7.0,10,落合玄太,57.0,ダ,1000.0,稍,65.3,1.7,7-8,39.3,436.0,-6.0,スーパーパーリー,
2020103135,オグリヨンセイ,2026/05/13,門別,曇,4.0,3歳以上C4ー3,11,2.0,2,88.4,8.0,5,落合玄太,57.0,ダ,1000.0,良,64.1,1.1,5-5,38.1,442.0,0.0,メイショウカラクサ,2.8
2020103135,オグリヨンセイ,2026/04/29,門別,曇,4.0,3歳以上C4ー3,11,8.0,11,55.3,6.0,8,落合玄太,57.0,ダ,1000.0,良,64.6,1.5,8-6,39.0,442.0,-4.0,フークシャイニー,
2020103135,オグリヨンセイ,2026/04/15,門別,曇,5.0,3歳以上C4ー3,12,6.0,7,76.3,7.0,10,落合玄太,57.0,ダ,1000.0,良,64.4,2.6,10-8,38.1,446.0,-8.0,ノアルパフェ,
2020103135,オグリヨンセイ,2025/11/12,門別,晴,3.0,3歳以上C4ー3,11,7.0,10,7.2,3.0,9,落合玄太,57.0,ダ,1000.0,稍,65.3,1.9,4-3,39.3,454.0,2.0,ニホンピロベスパー,
2020103135,オグリヨンセイ,2025/10/29,門別,晴,3.0,3歳以上C4ー3,11,2.0,2,16.9,4.0,3,落合玄太,57.0,ダ,1000.0,稍,64.7,0.9,6-5,39.0,452.0,6.0,エクセレンウイナー,8.4
2020103135,オグリヨンセイ,2025/10/14,門別,晴,5.0,ほくれん丸賞(C4),12,5.0,5,19.6,6.0,4,落合玄太,57.0,ダ,1000.0,稍,64.5,0.8,6-4,38.3,446.0,-2.0,ニットウミズナ,5.6
2020103135,オグリヨンセイ,2025/09/30,門別,晴,6.0,3歳以上C4ー4,12,5.0,5,71.5,7.0,5,落合玄太,57.0,ダ,1000.0,良,64.8,1.0,7-5,39.2,448.0,4.0,シルバーマック,2.8
2020103135,オグリヨンセイ,2025/09/16,門別,晴,7.0,3歳以上C4ー4,10,5.0,5,90.3,5.0,6,落合玄太,57.0,ダ,1000.0,良,64.9,2.4,6-6,38.8,444.0,4.0,メイショウクツカケ,
2020103135,オグリヨンセイ,2025/09/04,門別,晴,4.0,3歳以上C4ー4,9,4.0,4,68.7,6.0,4,落合玄太,57.0,ダ,1000.0,稍,65.0,1.8,5-5,38.8,440.0,-2.0,プチビーンズ,5.6
2020103135,オグリヨンセイ,2025/08/19,門別,曇,9.0,北海道日高管内商工会(C4),12,6.0,8,25.0,7.0,11,石川倭,57.0,ダ,1000.0,不,65.0,2.0,5-5,39.8,442.0,0.0,バブリーダッシュ,
2020103135,オグリヨンセイ,2025/08/05,門別,晴,4.0,びらとり温泉ゆから賞(C4),8,3.0,3,7.2,3.0,7,桑村真明,57.0,ダ,1000.0,良,64.5,1.3,4-4,39.2,442.0,-8.0,クィーンズハーパー,
2020103135,オグリヨンセイ,2025/07/17,門別,晴,5.0,3歳以上C4ー4,8,1.0,1,38.3,7.0,5,石川倭,57.0,ダ,1000.0,稍,65.5,1.8,7-6,39.1,450.0,4.0,トレジャービート,2.8
2020103135,オグリヨンセイ,2025/07/03,門別,晴,6.0,3歳以上C4ー4,9,6.0,6,6.6,3.0,3,落合玄太,57.0,ダ,1000.0,稍,64.1,1.3,3-3,38.7,446.0,0.0,ダンシングファイト,8.4
2020103135,オグリヨンセイ,2025/06/04,門別,曇,1.0,3歳以上C4ー4,12,4.0,4,85.7,9.0,11,渡辺準己,54.0,ダ,1000.0,重,63.3,2.1,8-9,37.8,446.0,-6.0,コンゴウ,
2020103135,オグリヨンセイ,2025/05/14,門別,曇,7.0,3歳以上C4ー4,10,8.0,10,6.8,3.0,3,落合玄太,57.0,ダ,1000.0,良,64.5,0.7,5-3,39.2,452.0,4.0,カネトシセレスト,8.4
2020103135,オグリヨンセイ,2025/04/30,門別,晴,7.0,オトメツバキ特別(C4),10,6.0,6,9.5,4.0,6,落合玄太,57.0,ダ,1000.0,重,64.2,1.1,7-5,38.2,448.0,-8.0,リッククッキー,
2020103135,オグリヨンセイ,2025/04/16,門別,雨,4.0,3歳以上C4ー4,12,1.0,1,17.2,5.0,4,落合玄太,57.0,ダ,1000.0,不,62.5,2.5,7-6,36.9,456.0,2.0,キタサンヤマブキ,5.6
2020103135,オグリヨンセイ,2024/10/30,門別,晴,1.0,3歳以上C4ー4,11,6.0,8,7.8,3.0,3,落合玄太,57.0,ダ,1000.0,良,64.2,0.9,5-5,38.4,454.0,2.0,ウッドブルーニイ,8.4
2020103135,オグリヨンセイ,2024/10/15,門別,曇,5.0,夏いちごの町浦河町賞(C4),12,5.0,6,52.5,7.0,5,落合玄太,57.0,ダ,1000.0,良,64.3,0.9,6-6,38.6,452.0,2.0,オルトジュピター,2.8
2020103135,オグリヨンセイ,2024/10/01,門別,晴,1.0,3歳以上C4ー4,10,1.0,1,49.8,6.0,7,落合玄太,57.0,ダ,1000.0,良,64.9,2.2,7-7,38.9,450.0,2.0,コウリュウ,
2020103135,オグリヨンセイ,2024/09/18,門別,晴,1.0,3歳以上C4ー4,12,6.0,8,47.0,6.0,6,落合玄太,57.0,ダ,1000.0,稍,64.3,0.6,8-3,38.6,448.0,0.0,アーモンドドラジェ,
2020103135,オグリヨンセイ,2024/09/04,門別,晴,1.0,3歳以上C4ー4,12,6.0,7,41.9,7.0,7,宮崎光行,57.0,ダ,1000.0,良,64.9,1.7,4-4,39.6,448.0,6.0,ザリナイラン,
2020103135,オグリヨンセイ,2024/08/20,門別,曇,10.0,国立公園誕生ナナイロ(C4),11,6.0,7,4.7,3.0,4,松井伸也,57.0,ダ,1000.0,重,64.2,1.0,3-2,39.2,442.0,-2.0,ローズワンステラ,7.7
2020103135,オグリヨンセイ,2024/07/30,門別,晴,2.0,3歳以上C4ー4,12,7.0,10,12.4,5.0,6,落合玄太,57.0,ダ,1000.0,重,65.1,1.7,7-6,38.5,444.0,-4.0,ラストカノン,
2020103135,オグリヨンセイ,2024/07/03,門別,曇,1.0,3歳以上C4ー4,12,5.0,6,7.1,4.0,4,桑村真明,57.0,ダ,1000.0,稍,64.2,1.3,5-3,38.9,448.0,0.0,シャンセレナーデ,5.6
2020103135,オグリヨンセイ,2024/06/19,門別,晴,2.0,地酒「縁」「結」で縁(C4),10,6.0,6,41.5,6.0,4,落合玄太,57.0,ダ,1200.0,良,78.2,1.0,8-8,39.3,448.0,-2.0,アルマロザリオ,5.6
2020103135,オグリヨンセイ,2024/06/06,門別,晴,1.0,3歳以上C4ー4,12,3.0,3,30.8,6.0,4,落合玄太,57.0,ダ,1000.0,良,64.3,0.8,5-3,38.3,450.0,6.0,カネトシセレスト,5.6
2020103135,オグリヨンセイ,2024/05/14,門別,晴,7.0,ルピナス賞(C4),10,5.0,5,179.5,10.0,10,松井伸也,57.0,ダ,1200.0,稍,79.1,3.5,7-8,41.0,444.0,0.0,シャイニングアース,
2020103135,オグリヨンセイ,2024/05/01,門別,晴,7.0,3歳以上C4ー4,11,4.0,4,72.8,8.0,7,松井伸也,57.0,ダ,1000.0,良,64.4,1.4,7-6,38.5,444.0,-8.0,ヤルキゲンキユウキ,
2020103135,オグリヨンセイ,2024/04/17,門別,曇,3.0,3歳以上C4ー4,11,5.0,5,96.3,7.0,9,松井伸也,57.0,ダ,1000.0,良,65.6,2.9,7-7,39.3,452.0,0.0,ヒデノスケ,
2020103135,オグリヨンセイ,2023/11/01,門別,曇,5.0,3歳以上C4ー4,10,8.0,10,22.8,6.0,8,桑村真明,56.0,ダ,1000.0,稍,65.6,1.9,4-6,40.2,452.0,4.0,エウテューモス,
2020103135,オグリヨンセイ,2023/10/17,門別,晴,5.0,3歳以上C4ー4,10,2.0,2,23.3,5.0,7,木澤奨,53.0,ダ,1000.0,稍,65.6,1.5,3-5,39.4,448.0,2.0,グローリアスイリゼ,
2020103135,オグリヨンセイ,2023/10/03,門別,晴,4.0,3歳以上C4ー4,12,5.0,6,42.5,7.0,7,桑村真明,56.0,ダ,1000.0,良,64.7,1.5,6-5,39.2,446.0,4.0,オレンジベルン,
2020103135,オグリヨンセイ,2023/09/19,門別,曇,4.0,3歳以上C4ー4,12,6.0,7,35.6,7.0,6,桑村真明,56.0,ダ,1000.0,稍,64.4,1.4,7-6,38.9,442.0,4.0,ミトノクリール,
2020103135,オグリヨンセイ,2023/09/05,門別,曇,1.0,3歳以上C4ー4,12,4.0,4,329.7,11.0,5,落合玄太,56.0,ダ,1000.0,不,64.0,2.0,9-10,38.2,438.0,-6.0,クセモノ,2.8
2020103135,オグリヨンセイ,2023/08/22,門別,晴,4.0,寺園脩斗賞(C4),12,5.0,5,90.3,8.0,9,桑村真明,56.0,ダ,1000.0,稍,64.8,2.0,11-10,39.0,444.0,6.0,キョウエイフレアー,
2020103135,オグリヨンセイ,2023/08/08,門別,晴,5.0,新冠産米「判官伝説」(C4),10,8.0,10,79.5,9.0,9,落合玄太,56.0,ダ,1000.0,重,64.7,2.7,9-9,38.4,438.0,0.0,ナギサノチャコ,
2020103135,オグリヨンセイ,2023/07/26,門別,晴,6.0,3歳以上C4ー4,10,7.0,8,31.4,5.0,9,桑村真明,56.0,ダ,1000.0,良,65.5,2.9,6-8,40.0,438.0,0.0,アヴェラルド,
2020103135,オグリヨンセイ,2023/06/28,門別,晴,5.0,3歳以上C4ー3,11,5.0,5,107.4,8.0,10,桑村真明,56.0,ダ,1000.0,稍,66.0,4.1,9-10,40.4,438.0,2.0,エイシンレプニ,
2020103135,オグリヨンセイ,2023/06/01,門別,晴,1.0,3歳条件未勝利(未勝利),11,8.0,10,39.4,6.0,6,桑村真明,56.0,ダ,1000.0,良,64.5,1.7,9-8,38.9,436.0,-6.0,クアトロソバージュ,
2020103135,オグリヨンセイ,2023/05/03,門別,晴,1.0,3歳条件未勝利(未勝利),11,1.0,1,203.8,10.0,9,黒澤愛斗,56.0,ダ,1000.0,良,66.0,4.3,9-11,39.5,442.0,-2.0,エリコーハク,
2020103135,オグリヨンセイ,2023/04/20,門別,曇,2.0,3歳条件未勝利(未勝利),9,6.0,6,104.3,7.0,8,黒澤愛斗,56.0,ダ,1000.0,稍,64.9,3.6,6-5,40.0,444.0,4.0,マナフラッシュ,
2020103135,オグリヨンセイ,2022/11/08,門別,曇,2.0,2歳未勝利(未勝利),9,8.0,9,26.9,6.0,6,高野誠毅,55.0,ダ,1000.0,稍,64.5,1.7,8-8,39.2,440.0,0.0,リコースチェッキン,
2020103135,オグリヨンセイ,2022/11/01,門別,曇,4.0,2歳未勝利(未勝利),10,7.0,7,68.0,9.0,3,黒澤愛斗,55.0,ダ,1000.0,良,64.5,0.4,6-7,39.2,440.0,-2.0,ニシノヒカル,10.5
2020103135,オグリヨンセイ,2022/10/18,門別,晴,6.0,2歳未勝利(未勝利),9,8.0,9,33.8,8.0,9,黒澤愛斗,55.0,ダ,1000.0,良,65.8,2.3,9-9,40.2,442.0,-2.0,ミスジャカルタ,
2020103135,オグリヨンセイ,2022/10/12,門別,晴,1.0,静内産馬サンクス賞(未勝利)(2歳),12,3.0,3,46.1,7.0,12,黒澤愛斗,55.0,ダ,1100.0,重,70.9,3.0,12-12,38.9,444.0,4.0,ヘニーレット,
2020103135,オグリヨンセイ,2022/09/27,門別,晴,3.0,2歳未勝利(未勝利),12,7.0,10,13.0,5.0,12,桑村真明,55.0,ダ,1000.0,稍,66.1,3.7,10-11,40.6,440.0,0.0,フルフィリング,
2023101074,ライズタワー,2026/07/15,門別,曇,10.0,グランシャリオドリー(C4),11,6.0,8,,,取,井上俊彦,55.0,ダ,1000.0,稍,,,,,,,クイーンサイド,
2023101074,ライズタワー,2026/06/30,門別,晴,6.0,3歳以上C4ー3,10,1.0,1,748.9,10.0,6,井上俊彦,55.0,ダ,1200.0,良,78.3,1.5,3-4,40.0,456.0,-6.0,ビリーヴザウエスト,
2023101074,ライズタワー,2026/06/17,門別,晴,2.0,渓流の女王ヤマベ賞(C4),12,5.0,6,197.8,9.0,8,井上俊彦,55.0,ダ,1000.0,良,64.8,2.0,7-6,39.5,462.0,-6.0,ミラージュフルール,
2023101074,ライズタワー,2026/06/04,門別,晴,1.0,3歳以上C4ー3,12,1.0,1,500.5,10.0,11,井上俊彦,55.0,ダ,1000.0,良,64.8,2.6,4-4,39.7,468.0,0.0,オオイシアジサイ,
2023101074,ライズタワー,2026/05/20,門別,曇,2.0,3歳以上C4ー3,12,8.0,12,463.3,12.0,11,若杉朝飛,55.0,ダ,1000.0,良,65.2,3.3,4-6,40.2,468.0,-2.0,サラメーガン,
2023101074,ライズタワー,2026/05/05,門別,晴,1.0,3歳条件未勝利(未勝利),12,8.0,11,264.2,10.0,9,若杉朝飛,55.0,ダ,1000.0,稍,65.5,2.6,5-6,40.0,470.0,0.0,スティールアンバー,
2023101074,ライズタワー,2026/04/22,門別,晴,1.0,3歳条件未勝利(未勝利),8,4.0,4,44.0,7.0,7,若杉朝飛,55.0,ダ,1000.0,稍,65.7,3.3,5-6,39.8,470.0,0.0,ポートエレン,
2023102716,エイシンフィデース,2026/07/15,門別,晴,5.0,3歳以上C4ー3,11,7.0,10,13.9,6.0,3,藤田凌駕,53.0,ダ,1000.0,稍,63.3,0.2,9-7,37.5,518.0,0.0,ストーリータイム,8.4
2022101041,キタノシュナイダー,2026/07/15,門別,曇,10.0,グランシャリオドリー(C4),11,6.0,7,126.8,9.0,10,黒澤愛斗,55.0,ダ,1000.0,稍,67.3,3.3,8-8,41.4,426.0,-2.0,クイーンサイド,
2022101041,キタノシュナイダー,2026/07/01,門別,晴,10.0,グランシャリオドリー(C4),12,5.0,5,925.8,11.0,12,若杉朝飛,55.0,ダ,1000.0,良,67.2,3.9,10-11,40.9,428.0,-4.0,ニシノサーフ,
2022101041,キタノシュナイダー,2026/06/11,門別,晴,1.0,3歳以上C4ー3,12,4.0,4,66.6,8.0,12,黒澤愛斗,55.0,ダ,1000.0,良,67.1,5.2,8-8,40.3,432.0,-2.0,グッドタイムアスク,
2022101041,キタノシュナイダー,2026/06/03,門別,晴,2.0,3歳以上C4ー3,12,3.0,3,332.4,10.0,11,黒澤愛斗,55.0,ダ,1000.0,良,65.6,2.5,5-5,40.4,434.0,4.0,トモノタツミ,
2022101041,キタノシュナイダー,2026/05/14,門別,曇,3.0,3歳以上C4ー3,11,3.0,3,347.1,9.0,11,阿岸潤一,54.0,ダ,1000.0,良,66.8,3.8,9-10,39.9,430.0,-6.0,ジュウニカゲツ,
2022101041,キタノシュナイダー,2026/04/30,門別,晴,3.0,3歳以上C4ー3,10,6.0,6,251.5,8.0,10,黒澤愛斗,55.0,ダ,1000.0,良,67.5,3.9,8-8,41.8,436.0,2.0,パレスシャンティ,
2022101041,キタノシュナイダー,2026/04/16,門別,晴,3.0,3歳以上C4ー3,12,6.0,7,213.9,10.0,12,黒澤愛斗,55.0,ダ,1000.0,良,69.1,7.0,10-12,43.2,434.0,-4.0,ロスカキック,
2022101041,キタノシュナイダー,2025/11/03,門別,晴,5.0,鍛えた日々に喝采を特(C4),8,4.0,4,280.5,7.0,8,黒澤愛斗,55.0,ダ,1000.0,重,68.8,5.5,8-8,42.3,438.0,4.0,キタサンヤマブキ,
2022101041,キタノシュナイダー,2025/10/21,門別,曇,7.0,3歳以上C4ー2,8,5.0,5,179.9,7.0,7,黒澤愛斗,55.0,ダ,1000.0,稍,66.4,3.0,8-5,40.5,434.0,4.0,テナチュール,
2022101041,キタノシュナイダー,2025/10/07,門別,曇,7.0,3歳以上C4ー2,9,4.0,4,219.3,8.0,8,阿岸潤一,54.0,ダ,1000.0,良,65.3,2.5,9-8,38.9,430.0,4.0,キャットデイ,
2022101041,キタノシュナイダー,2025/09/23,門別,晴,4.0,赤黒の勇者賞(C4),12,5.0,5,329.2,12.0,12,黒澤愛斗,55.0,ダ,1000.0,稍,66.3,4.1,12-12,39.5,426.0,0.0,インユアアイズ,
2022101041,キタノシュナイダー,2025/09/10,門別,曇,9.0,コキア特別(C4),10,1.0,1,263.9,10.0,10,黒澤愛斗,55.0,ダ,1000.0,良,65.4,3.0,9-9,39.0,426.0,6.0,フロルドラーダ,
2022101041,キタノシュナイダー,2025/08/28,門別,曇,5.0,ポイント10倍!SP(C4),12,2.0,2,162.2,12.0,12,黒澤愛斗,55.0,ダ,1000.0,良,66.7,3.6,11-11,39.7,420.0,0.0,ササキントモジロウ,
2022101041,キタノシュナイダー,2025/08/14,門別,曇,5.0,3歳以上C4ー3,11,6.0,7,497.1,11.0,10,黒澤愛斗,55.0,ダ,1000.0,良,66.9,3.7,11-11,39.8,420.0,6.0,ステラブローニュ,
2022101041,キタノシュナイダー,2025/07/31,門別,晴,5.0,道の駅あびらオリジナ(C4),11,7.0,8,124.3,10.0,11,黒澤愛斗,55.0,ダ,1000.0,稍,65.2,2.4,11-11,39.3,414.0,-2.0,ストーリータイム,
2022101041,キタノシュナイダー,2025/06/21,3東京5,晴,7.0,3歳未勝利,16,1.0,1,254.9,12.0,16,水沼元輝,52.0,ダ,1300.0,良,86.4,8.4,16-16,38.6,416.0,0.0,シルフレイ,
2023103681,エンゲル,2026/07/09,門別,曇,7.0,3歳以上C4ー3,11,2.0,2,20.8,7.0,10,落合玄太,55.0,ダ,1000.0,良,65.7,2.2,1-1,41.3,460.0,4.0,フレアリングバロン,
2023103681,エンゲル,2026/06/23,門別,曇,11.0,浦臼町で新規就農しま(C4),12,8.0,11,4.9,3.0,9,宮内勇樹,55.0,ダ,1000.0,稍,65.5,2.3,2-2,40.9,456.0,0.0,チョゴリザ,
2023103681,エンゲル,2026/06/09,門別,曇,7.0,3歳以上C4ー3,11,8.0,11,20.5,6.0,8,近藤翔月,54.0,ダ,1000.0,重,63.8,1.8,1-1,39.2,456.0,6.0,ハレタヒニ,
2023103681,エンゲル,2026/05/27,門別,曇,3.0,3歳以上C4ー3,9,5.0,5,114.7,7.0,9,渡辺準己,52.0,ダ,1700.0,良,126.3,14.1,2-2-5-9,52.8,450.0,6.0,ビービーエリス,
2023103681,エンゲル,2026/04/30,門別,晴,1.0,3歳以上C4ー3,11,6.0,7,493.2,11.0,10,渡辺準己,52.0,ダ,1700.0,良,118.3,4.8,1-1-3-6,45.5,444.0,4.0,ミノベル,
2023103681,エンゲル,2026/04/23,門別,曇,2.0,3歳以上C4ー3,12,1.0,1,291.1,10.0,10,藤田凌駕,53.0,ダ,1000.0,稍,65.5,3.5,3-5,40.8,440.0,4.0,ワイルドタイタン,
2023103681,エンゲル,2026/04/15,門別,曇,4.0,3歳以上C4ー3,14,8.0,13,83.0,8.0,14,阿部龍,55.0,ダ,1200.0,良,79.3,3.4,3-6,42.0,436.0,0.0,リコーニック,
2023103681,エンゲル,2026/03/24,名古屋,晴,2.0,3歳4組,12,4.0,4,77.5,8.0,11,大原浩司,55.0,ダ,1400.0,良,96.3,4.4,2-3-10,44.5,436.0,-4.0,カレンショー,
2023103681,エンゲル,2026/03/13,名古屋,曇,1.0,3歳5組,10,4.0,4,45.3,6.0,9,大原浩司,55.0,ダ,1500.0,良,100.3,2.5,2-2-5,41.3,440.0,3.0,カリビアンダンサー,
2023103681,エンゲル,2026/03/02,名古屋,晴,6.0,"1,400m戦ロムレ(3歳)",11,6.0,6,19.4,5.0,7,大原浩司,55.0,ダ,1400.0,良,93.1,2.0,2-1-3,41.7,437.0,3.0,ホッカイダイオー,
2023103681,エンゲル,2026/02/09,名古屋,晴,3.0,3歳7組,12,4.0,4,4.7,3.0,1,大原浩司,55.0,ダ,1500.0,良,101.1,-0.3,2-1-1,42.0,434.0,-3.0,(ヤマノーブル),58.0
2023103681,エンゲル,2026/01/26,名古屋,晴,2.0,私へご褒美～誕生日お(3歳),11,6.0,6,2.4,1.0,6,渡辺竜也,55.0,ダ,1500.0,良,100.4,1.3,2-2-2,41.9,437.0,4.0,ハッピーアシュレイ,
2023103681,エンゲル,2026/01/16,名古屋,曇,2.0,3歳6組,12,8.0,11,18.7,4.0,3,大原浩司,55.0,ダ,1500.0,良,100.4,0.5,1-1-1,40.9,433.0,3.0,サスケリアン,11.6
2023103681,エンゲル,2026/01/02,名古屋,晴,2.0,笑門来福賞(3歳),12,5.0,6,14.2,6.0,6,大畑雅章,55.0,ダ,1500.0,良,100.2,2.0,1-1-2,42.2,430.0,3.0,ファーストボーイ,
2023103681,エンゲル,2025/12/05,名古屋,晴,1.0,2歳4組,11,5.0,6,19.4,7.0,4,大原浩司,55.0,ダ,920.0,良,58.4,0.4,2,38.7,427.0,-7.0,ハレタヒニ,10.5
2023103681,エンゲル,2025/09/04,門別,晴,2.0,2歳未勝利(未勝利),11,4.0,4,176.2,6.0,7,服部茂史,55.0,ダ,1000.0,稍,64.8,2.8,2-3,40.1,434.0,-2.0,サラミスチーフ,
2023103681,エンゲル,2025/08/07,門別,曇,3.0,JRA認定競走アタッ(未勝利)(2歳),10,7.0,7,30.7,7.0,10,及川烈,54.0,ダ,1200.0,稍,81.6,6.7,8-9,44.5,436.0,-6.0,ドライブミーホーム,
2023103681,エンゲル,2025/07/17,門別,晴,4.0,JRA認定競走フレッ(新馬)(2歳),8,8.0,8,13.9,5.0,5,岩橋勇二,55.0,ダ,1700.0,稍,119.8,3.4,3-3-3-1,45.3,442.0,0.0,ニューアライブ,17.5
2018101569,ライプトラオム,2026/07/14,門別,雨,6.0,3歳以上C4ー3,8,4.0,4,38.7,7.0,5,服部茂史,57.0,ダ,1200.0,重,76.7,1.2,4-4,38.4,474.0,-8.0,ブラストブラック,2.8
2018101569,ライプトラオム,2026/06/30,門別,晴,6.0,3歳以上C4ー3,10,5.0,5,15.2,5.0,4,服部茂史,57.0,ダ,1200.0,良,77.7,0.9,8-7,38.8,482.0,12.0,ビリーヴザウエスト,5.6
2018101569,ライプトラオム,2026/06/17,門別,晴,4.0,日高沙流川オートキャ(C4),9,6.0,6,27.1,5.0,4,落合玄太,57.0,ダ,1200.0,良,77.0,0.8,7-6,38.5,470.0,-6.0,ヤマニンカナレット,5.6
2018101569,ライプトラオム,2026/06/03,門別,晴,3.0,3歳以上C4ー3,10,8.0,10,8.3,5.0,5,落合玄太,57.0,ダ,1200.0,良,77.3,1.2,3-3,40.0,476.0,-4.0,シルバーライダー,2.8
2018101569,ライプトラオム,2026/05/20,門別,曇,2.0,3歳以上C4ー3,12,6.0,7,13.1,5.0,9,阿岸潤一,56.0,ダ,1000.0,良,64.0,2.1,11-10,37.8,480.0,0.0,サラメーガン,
2018101569,ライプトラオム,2026/05/06,門別,晴,2.0,3歳以上C4ー3,12,5.0,5,36.2,5.0,5,宮内勇樹,57.0,ダ,1000.0,稍,63.5,1.9,8-8,37.3,480.0,0.0,ダンクバローズ,2.8
2018101569,ライプトラオム,2026/04/29,門別,曇,4.0,3歳以上C4ー3,11,6.0,6,16.6,4.0,9,阿岸潤一,56.0,ダ,1000.0,良,64.6,1.5,11-9,38.5,480.0,-8.0,フークシャイニー,
2018101569,ライプトラオム,2026/04/16,門別,晴,3.0,3歳以上C4ー3,12,7.0,10,8.9,3.0,4,落合玄太,57.0,ダ,1000.0,良,63.3,1.2,7-6,37.7,488.0,4.0,ロスカキック,5.6
2018101569,ライプトラオム,2025/11/13,門別,晴,4.0,3歳以上C4ー2,12,3.0,3,34.9,5.0,5,藤田凌駕,55.0,ダ,1200.0,稍,77.0,0.8,7-7,38.7,484.0,0.0,ドレッドナイト,2.8
2018101569,ライプトラオム,2025/11/03,門別,晴,6.0,扉の向こうに喝采を特(C4),7,3.0,3,8.4,3.0,4,落合玄太,57.0,ダ,1000.0,重,65.0,1.8,2-3,39.5,484.0,-2.0,ウインウェイウェイ,7.7
2018101569,ライプトラオム,2025/10/22,門別,晴,5.0,3歳以上C4ー2,11,3.0,3,16.5,5.0,5,落合玄太,57.0,ダ,1000.0,稍,64.5,2.1,7-6,38.9,486.0,4.0,ペイシャメダリスト,2.8
2018101569,ライプトラオム,2025/10/08,門別,晴,5.0,3歳以上C4ー3,12,8.0,12,6.0,3.0,4,落合玄太,57.0,ダ,1000.0,良,64.1,1.3,6-5,38.4,482.0,8.0,ウーナファータ,5.6
2018101569,ライプトラオム,2025/09/23,門別,晴,4.0,赤黒の勇者賞(C4),12,5.0,6,5.4,2.0,6,落合玄太,57.0,ダ,1000.0,稍,63.8,1.6,7-7,38.1,474.0,0.0,インユアアイズ,
2018101569,ライプトラオム,2025/09/11,門別,晴,5.0,3歳以上C4ー3,10,5.0,5,9.1,4.0,6,阿岸潤一,56.0,ダ,1000.0,良,63.6,1.1,10-7,37.6,474.0,0.0,イマーシブ,
2018101569,ライプトラオム,2025/08/28,門別,曇,5.0,ポイント10倍!SP(C4),12,5.0,6,10.1,5.0,4,阿岸潤一,56.0,ダ,1000.0,良,63.8,0.7,10-10,37.2,474.0,10.0,ササキントモジロウ,5.6
2018101569,ライプトラオム,2025/08/06,門別,曇,10.0,グランシャリオドリー(C4),12,5.0,6,4.3,3.0,10,阿岸潤一,56.0,ダ,1000.0,良,64.0,1.5,12-12,37.7,464.0,2.0,コンヴァラリア,
2018101569,ライプトラオム,2025/07/30,門別,,6.0,ミルクランド北海道賞(C4),0,5.0,5,,,,阿岸潤一,56.0,ダ,1000.0,,,,,,,,,
2018101569,ライプトラオム,2025/07/17,門別,晴,6.0,3歳以上C4ー4,9,5.0,5,5.6,3.0,1,阿岸潤一,56.0,ダ,1000.0,稍,63.2,-1.2,5-4,37.0,462.0,-4.0,(ツワ),40.0
2018101569,ライプトラオム,2025/06/18,門別,晴,2.0,3歳以上C4ー4,12,6.0,7,25.9,5.0,12,阿岸潤一,56.0,ダ,1000.0,良,66.1,3.6,10-8,39.8,466.0,0.0,スティールサンダー,
2018101569,ライプトラオム,2025/06/04,門別,曇,1.0,3歳以上C4ー4,12,5.0,6,48.9,8.0,7,阿岸潤一,56.0,ダ,1000.0,重,62.2,1.0,11-10,35.7,466.0,2.0,コンゴウ,
2018101569,ライプトラオム,2025/05/21,門別,晴,8.0,ウツギ特別(C4),12,6.0,7,30.0,6.0,5,阿岸潤一,56.0,ダ,1000.0,良,63.5,0.8,12-8,36.6,464.0,0.0,チャモ,3.8
2018101569,ライプトラオム,2025/05/07,門別,曇,3.0,3歳以上C4ー4,12,4.0,4,11.9,4.0,6,阿岸潤一,56.0,ダ,1000.0,稍,63.9,1.3,10-10,37.0,464.0,4.0,ヤマニンファロ,
2018101569,ライプトラオム,2025/04/23,門別,曇,3.0,3歳以上C4ー4,12,8.0,12,3.2,2.0,4,阿岸潤一,56.0,ダ,1000.0,重,62.8,0.5,7-6,37.0,460.0,-22.0,カルストンオリビア,5.6
2018101569,ライプトラオム,2024/11/07,門別,曇,6.0,3歳以上C2ー2?C,11,5.0,6,27.2,7.0,8,松井伸也,57.0,ダ,1000.0,稍,63.1,1.3,7-6,37.5,482.0,-4.0,ノリサムソン,
2018101569,ライプトラオム,2024/10/22,門別,曇,10.0,しべつ牛乳特別(C3),12,4.0,4,26.0,6.0,7,宮崎光行,57.0,ダ,1000.0,稍,63.2,1.3,8-9,37.7,486.0,6.0,ケイアイカペラ,
2018101569,ライプトラオム,2024/10/08,門別,晴,8.0,3歳以上C3ー2C4,12,1.0,1,12.6,4.0,4,宮崎光行,57.0,ダ,1000.0,稍,63.3,1.2,8-6,37.8,480.0,2.0,キラリメイラード,5.6
2018101569,ライプトラオム,2024/09/25,門別,晴,9.0,3歳以上C3C4ー1,12,6.0,8,11.1,4.0,7,宮崎光行,57.0,ダ,1000.0,良,62.8,0.7,8-6,37.5,478.0,2.0,ヨンプク,
2018101569,ライプトラオム,2024/09/11,門別,晴,8.0,3歳以上C3C4ー1,10,8.0,10,12.5,5.0,2,宮崎光行,57.0,ダ,1000.0,良,62.5,0.4,2-2,37.4,476.0,4.0,サンスイレン,11.2
2018101569,ライプトラオム,2024/08/27,門別,雨,8.0,ビアパーティーAib(C4),12,8.0,11,10.4,6.0,3,宮崎光行,57.0,ダ,1000.0,不,61.9,0.1,9-9,36.9,472.0,-8.0,ヤマニンリーリオ,8.4
2018101569,ライプトラオム,2024/08/13,門別,曇,6.0,ドーレくん賞(C4),11,4.0,4,21.5,7.0,8,宮崎光行,57.0,ダ,1000.0,稍,62.5,0.4,7-8,37.2,480.0,8.0,カリビアンスマイル,
2018101569,ライプトラオム,2024/07/30,門別,晴,10.0,ムクゲ特別(C4),12,6.0,7,5.6,3.0,8,宮崎光行,57.0,ダ,1000.0,重,63.0,0.9,10-8,37.7,472.0,2.0,ライメイウィザード,
2018101569,ライプトラオム,2024/07/16,門別,晴,10.0,星の降る里・芦別健夏(C4),9,5.0,5,17.6,5.0,2,宮崎光行,57.0,ダ,1000.0,良,62.4,0.1,8-7,36.8,470.0,0.0,ユウノワンワン,15.4
2018101569,ライプトラオム,2024/07/02,門別,晴,8.0,3歳以上C4ー2,10,7.0,7,43.4,7.0,4,宮崎光行,57.0,ダ,1000.0,稍,62.9,1.0,9-9,37.0,470.0,8.0,クロノワール,5.6
2018101569,ライプトラオム,2024/06/18,門別,曇,10.0,秋の味覚本ししゃも特(C4),9,2.0,2,34.0,8.0,6,宮崎光行,57.0,ダ,1000.0,良,62.9,1.7,7-7,37.6,462.0,-6.0,ピエールオレゴン,
2018101569,ライプトラオム,2024/06/06,門別,晴,9.0,3歳以上C3C4ー1,10,6.0,6,28.6,7.0,5,宮内勇樹,55.0,ダ,1000.0,良,62.9,0.8,9-9,36.7,468.0,6.0,ディーズミソロジー,2.8
2018101569,ライプトラオム,2024/05/22,門別,晴,7.0,判官館森林公園賞(C3),12,5.0,5,147.7,9.0,7,宮内勇樹,55.0,ダ,1200.0,稍,76.2,1.4,8-9,39.2,462.0,-6.0,フィールザダイヤ,
2018101569,ライプトラオム,2024/05/09,門別,晴,9.0,3歳以上C3C4ー1,12,5.0,5,116.9,10.0,10,宮崎光行,57.0,ダ,1000.0,稍,63.3,1.2,10-10,37.8,468.0,-20.0,コリュウカゲミツ,
2018101569,ライプトラオム,2023/11/01,門別,雨,9.0,サフラン特別(C1),11,5.0,6,102.7,10.0,9,宮崎光行,56.0,ダ,1000.0,稍,62.7,1.5,9-9,37.1,488.0,2.0,キアキア,
2018101569,ライプトラオム,2023/10/18,門別,晴,9.0,ジャノメギク特別(C1),12,8.0,12,51.7,10.0,10,宮崎光行,56.0,ダ,1000.0,良,63.1,1.7,7-7,38.3,486.0,10.0,キタノトパーズ,
2018101569,ライプトラオム,2023/10/04,門別,晴,9.0,映画「北の流氷」製作(C1),12,8.0,11,54.8,6.0,4,宮崎光行,56.0,ダ,1000.0,良,62.6,0.7,8-9,37.3,476.0,0.0,ラビアータ,7.7
2018101569,ライプトラオム,2023/09/20,門別,晴,9.0,トレニア特別(C1),12,3.0,3,58.1,8.0,5,宮崎光行,56.0,ダ,1000.0,良,62.8,1.2,9-9,37.1,476.0,2.0,エリコーハク,1.9
2018101569,ライプトラオム,2023/09/06,門別,曇,9.0,3歳以上C2ー2C3,11,3.0,3,9.3,4.0,2,宮崎光行,56.0,ダ,1000.0,重,63.0,0.1,6-5,37.4,474.0,8.0,マリアハッピー,11.2
2018101569,ライプトラオム,2023/08/23,門別,晴,10.0,JA日胆サスティナブ(C2),12,1.0,1,23.8,5.0,6,宮崎光行,56.0,ダ,1000.0,稍,62.7,1.4,9-8,37.2,466.0,0.0,ラビアータ,
2018101569,ライプトラオム,2023/08/10,門別,曇,9.0,3歳以上C3ー1,11,8.0,10,20.0,5.0,4,宮崎光行,56.0,ダ,1000.0,稍,62.7,0.6,9-7,37.6,466.0,-2.0,コイニオチテ,5.6
2018101569,ライプトラオム,2023/07/25,門別,曇,9.0,3歳以上C2ー2C3,10,5.0,5,19.1,7.0,4,宮崎光行,56.0,ダ,1000.0,良,62.3,0.6,8-7,37.2,468.0,0.0,ドリームルーチェ,5.6
2018101569,ライプトラオム,2023/07/11,門別,曇,9.0,3歳以上C2ー2C3,9,6.0,6,9.5,3.0,6,宮崎光行,56.0,ダ,1000.0,稍,63.1,1.5,7-6,38.0,468.0,6.0,ブルーディザイア,
2018101569,ライプトラオム,2023/06/27,門別,曇,8.0,3歳以上C3ー2,8,8.0,8,17.1,6.0,4,宮崎光行,56.0,ダ,1000.0,良,62.2,0.5,3-3,37.8,462.0,-4.0,トンデンカムオン,5.6
2018101569,ライプトラオム,2023/06/13,門別,曇,9.0,3歳以上C3ー1,11,6.0,6,30.8,6.0,5,宮崎光行,56.0,ダ,1000.0,稍,61.9,1.1,7-6,36.8,466.0,2.0,マリノフィリア,2.8
2018101569,ライプトラオム,2023/05/31,門別,晴,10.0,オオデマリ特別(C1),8,8.0,8,11.6,4.0,3,服部茂史,56.0,ダ,1000.0,良,61.9,0.5,2-2,37.4,464.0,-8.0,アマクミナイデヨ,11.6
2018101569,ライプトラオム,2023/05/17,門別,晴,7.0,ウツギ特別(C1),8,8.0,8,7.7,5.0,4,落合玄太,56.0,ダ,1000.0,良,62.3,0.8,5-5,37.4,472.0,4.0,ラブリプリンチャン,7.7
2018101569,ライプトラオム,2023/05/03,門別,晴,10.0,北海道コーン茶特別(C1),12,8.0,12,14.1,5.0,4,落合玄太,56.0,ダ,1000.0,良,62.0,1.0,4-3,37.7,468.0,-2.0,メイクザウインド,7.7
2018101569,ライプトラオム,2023/04/19,門別,曇,8.0,3歳以上C3,11,7.0,9,12.1,4.0,4,落合玄太,56.0,ダ,1000.0,稍,62.2,1.1,10-7,37.1,470.0,0.0,メイクザウインド,5.6
2018101569,ライプトラオム,2022/11/02,門別,晴,10.0,ビアパーティーAib(C1),12,5.0,5,6.5,3.0,7,山本咲希,56.0,ダ,1000.0,稍,62.4,0.8,5-5,37.7,470.0,-6.0,ハウファアイルゴー,
2018101569,ライプトラオム,2022/10/20,門別,晴,9.0,北海道厩務員会特別(C1),12,8.0,11,6.1,2.0,5,山本咲希,56.0,ダ,1000.0,良,62.2,0.7,7-6,37.6,476.0,4.0,モリミライ,3.1
2018101569,ライプトラオム,2022/10/06,門別,曇,8.0,ジニア特別(C2),12,7.0,10,28.0,6.0,3,山本咲希,56.0,ダ,1000.0,稍,60.6,0.2,7-7,36.3,472.0,0.0,キタノブルーアレツ,9.5
2018101569,ライプトラオム,2022/09/22,門別,晴,8.0,日高町ふるさと納税大(C2),9,5.0,5,79.4,8.0,2,山本咲希,56.0,ダ,1000.0,稍,61.7,0.2,5-3,37.1,472.0,0.0,モリミライ,12.6
2018101569,ライプトラオム,2022/09/08,門別,晴,7.0,ペンタス特別(C2),8,6.0,6,70.3,7.0,8,山本咲希,56.0,ダ,1000.0,良,63.2,1.9,8-6,37.6,472.0,8.0,クラルージュ,
2018101569,ライプトラオム,2022/08/24,門別,晴,6.0,111周年リボンナポ(C2),9,2.0,2,13.4,5.0,7,山本咲希,56.0,ダ,1000.0,良,62.8,1.1,6-5,37.8,464.0,2.0,ソングオブソフィア,
2018101569,ライプトラオム,2022/08/10,門別,雨,9.0,オミナエシ特別(C2),9,1.0,1,8.3,4.0,8,山本咲希,56.0,ダ,1000.0,不,62.5,1.1,9-7,37.1,462.0,-4.0,ラシャトレーン,
2018101569,ライプトラオム,2022/07/26,門別,曇,7.0,日高町「ししゃも豊漁(C2),7,3.0,3,,,取,宮崎光行,56.0,ダ,1000.0,良,,,,,,,メイショウサミダレ,
2018101569,ライプトラオム,2022/07/14,門別,曇,7.0,アベリア特別(C2),11,1.0,1,22.2,6.0,2,宮崎光行,56.0,ダ,1000.0,良,62.1,0.0,6-6,37.2,466.0,-6.0,ピエールモンタナ,12.6
2018101569,ライプトラオム,2022/06/30,門別,曇,10.0,ナンテン特別(C2),12,6.0,8,18.5,5.0,3,山本咲希,56.0,ダ,1000.0,不,61.0,0.7,11-10,35.9,472.0,-4.0,マドンナブルー,9.5
2018101569,ライプトラオム,2022/06/15,門別,曇,7.0,キンシバイ特別(C3),7,6.0,6,11.8,3.0,4,宮崎光行,56.0,ダ,1000.0,良,63.8,0.9,4-4,38.1,476.0,0.0,メイショウサミダレ,6.3
2018101569,ライプトラオム,2022/06/01,門別,晴,7.0,判官館森林公園賞(C3),9,4.0,4,22.7,6.0,5,宮崎光行,56.0,ダ,1000.0,不,61.6,0.3,9-9,35.6,476.0,-2.0,テンザンシチー,3.1
2018101569,ライプトラオム,2022/05/19,門別,雨,6.0,DOユース25賞(C4),7,4.0,4,3.6,3.0,1,宮崎光行,56.0,ダ,1000.0,稍,63.4,0.0,7-7,37.3,478.0,0.0,(ドリームルーチェ),30.0
2018101569,ライプトラオム,2022/05/05,門別,晴,2.0,3歳以上C4ー2,6,2.0,2,12.7,3.0,4,宮崎光行,56.0,ダ,1000.0,良,64.7,1.3,6-6,38.8,478.0,2.0,ハグンジョウ,4.2
2018101569,ライプトラオム,2022/04/21,門別,晴,4.0,3歳以上C4ー2,8,1.0,1,7.7,4.0,8,宮崎光行,56.0,ダ,1000.0,良,64.7,3.2,8-8,38.6,476.0,-4.0,ヴァンヌ,
2018101569,ライプトラオム,2021/11/02,門別,雨,8.0,騎手候補生大大大募集(C4),12,5.0,6,29.3,6.0,5,宮崎光行,56.0,ダ,1000.0,重,61.3,1.1,12-11,36.0,480.0,4.0,ヒシハルク,2.1
2018101569,ライプトラオム,2021/10/20,門別,雨,2.0,カムイエクウチカウシ(C4),12,7.0,10,120.9,9.0,8,宮崎光行,56.0,ダ,1200.0,不,75.0,1.5,12-10,37.6,476.0,4.0,ジランドール,
2018101569,ライプトラオム,2021/10/05,門別,雨,7.0,3歳以上C4ー1,12,2.0,2,50.3,8.0,6,宮崎光行,56.0,ダ,1000.0,不,61.6,0.7,10-7,36.6,472.0,4.0,セーヌプロミーズ,
2018101569,ライプトラオム,2021/09/21,門別,曇,6.0,日高町プチプチ!いく(C4),12,5.0,5,24.2,5.0,5,宮崎光行,56.0,ダ,1000.0,重,62.8,0.8,12-12,37.1,468.0,4.0,デイジームーン,2.1
2018101569,ライプトラオム,2021/09/08,門別,曇,9.0,3歳以上C4ー2,12,7.0,10,23.9,8.0,3,宮崎光行,56.0,ダ,1000.0,重,62.3,0.5,12-12,36.6,464.0,4.0,ビービーミューズ,6.3
2018101569,ライプトラオム,2021/08/19,門別,晴,10.0,JA共済3QC(C4),12,5.0,5,7.1,4.0,5,宮崎光行,56.0,ダ,1000.0,重,63.3,0.9,11-11,37.2,460.0,0.0,ノボインパクト,2.1
2018101569,ライプトラオム,2021/08/05,門別,晴,9.0,雲海を望める日勝園地(C4),12,6.0,8,14.7,5.0,4,宮崎光行,56.0,ダ,1000.0,良,63.6,0.8,11-9,37.4,460.0,6.0,トライアンフオース,4.2
2018101569,ライプトラオム,2021/07/27,門別,曇,5.0,百年の赤松賞(C4),12,7.0,9,27.7,5.0,6,宮崎光行,56.0,ダ,1000.0,良,63.0,1.3,12-10,36.6,454.0,-2.0,メイム,
2018101569,ライプトラオム,2021/07/08,門別,曇,8.0,3歳以上C4ー3,11,6.0,7,14.3,7.0,4,宮崎光行,56.0,ダ,1000.0,重,61.5,0.8,11-10,35.5,456.0,6.0,ハートオブクレア,4.2
2018101569,ライプトラオム,2021/06/23,門別,曇,9.0,3歳以上C4ー4,8,8.0,8,8.8,3.0,3,宮崎光行,56.0,ダ,1000.0,稍,62.2,1.1,7-7,36.9,450.0,-4.0,ペルセウステソーロ,6.3
2018101569,ライプトラオム,2021/06/09,門別,晴,4.0,3歳以上C4ー4,12,5.0,6,20.7,7.0,2,宮崎光行,56.0,ダ,1000.0,良,63.1,0.3,12-8,36.8,454.0,-2.0,ロワセレスト,8.4
2018101569,ライプトラオム,2021/05/25,門別,曇,4.0,3歳条件4ー2,10,7.0,7,7.2,3.0,6,宮崎光行,56.0,ダ,1000.0,稍,63.7,1.5,9-8,37.7,456.0,4.0,ピュアオリジン,
2018101569,ライプトラオム,2021/05/12,門別,晴,8.0,3歳条件4ー2,9,6.0,6,20.3,5.0,4,宮崎光行,56.0,ダ,1000.0,良,63.2,1.1,6-5,38.1,452.0,4.0,アローイアロイ,5.6
2018101569,ライプトラオム,2021/04/28,門別,曇,6.0,3歳条件4ー2,10,5.0,5,12.6,5.0,5,宮崎光行,56.0,ダ,1200.0,良,76.9,1.3,3-3,40.6,448.0,4.0,リュウノエルヴィス,2.8
2018101569,ライプトラオム,2021/04/15,門別,晴,2.0,3歳条件未勝利(未勝利),8,7.0,7,8.5,4.0,1,宮崎光行,56.0,ダ,1000.0,稍,62.6,-0.2,2-3,37.9,444.0,4.0,(ツワ),30.0
2018101569,ライプトラオム,2020/12/08,園田,晴,2.0,2歳未勝利二,10,3.0,3,6.5,4.0,7,井上幹太,55.0,ダ,1230.0,良,86.2,1.5,9-9-10-8,40.8,440.0,-10.0,アンスリウムシンヤ,
2018101569,ライプトラオム,2020/11/26,園田,晴,3.0,2歳200万円以下,12,3.0,3,332.0,11.0,11,松木大地,55.0,ダ,1230.0,良,84.1,2.7,11-10-11-11,40.0,450.0,1.0,エイシンイナズマ,
2018101569,ライプトラオム,2020/11/12,園田,晴,2.0,2歳未勝利二,9,7.0,7,2.9,2.0,8,井上幹太,55.0,ダ,1400.0,良,98.0,3.4,3-5-6-7,44.0,449.0,-1.0,ウーマナイザー,
2018101569,ライプトラオム,2020/10/21,門別,晴,3.0,2歳未勝利(未勝利),10,8.0,11,24.1,4.0,4,宮崎光行,55.0,ダ,1000.0,稍,62.4,0.7,8-5,37.8,450.0,4.0,フォーギブネス,5.0
2018101569,ライプトラオム,2020/10/08,門別,曇,2.0,2歳未勝利(未勝利),11,4.0,4,44.4,7.0,5,宮崎光行,55.0,ダ,1100.0,重,69.6,1.8,4-3,38.9,446.0,2.0,プッシュユアセルフ,2.5
2018101569,ライプトラオム,2020/09/24,門別,晴,1.0,日高の牛乳を飲もう!(未勝利)(2歳),8,8.0,8,11.8,4.0,4,宮崎光行,55.0,ダ,1100.0,稍,69.9,1.1,2-2,39.9,444.0,2.0,モリデンリハク,5.0
2018101569,ライプトラオム,2020/09/09,門別,晴,2.0,2歳未勝利(未勝利),12,1.0,1,87.5,8.0,5,宮崎光行,54.0,ダ,1100.0,稍,70.0,0.9,5-5,39.8,442.0,-4.0,パープルフリージア,2.5
2018101569,ライプトラオム,2020/08/26,門別,晴,3.0,2歳未勝利(未勝利),12,6.0,8,23.8,6.0,7,宮崎光行,54.0,ダ,1100.0,良,70.6,1.1,8-7,38.8,446.0,2.0,サンゼント,
2018101569,ライプトラオム,2020/08/12,門別,晴,1.0,2歳未勝利(未勝利),12,5.0,6,94.4,8.0,7,宮崎光行,54.0,ダ,1000.0,稍,63.4,2.7,10-10,37.2,444.0,0.0,モッケノサイワイ,
2018101569,ライプトラオム,2020/07/29,門別,曇,2.0,2歳未勝利(未勝利),11,6.0,8,318.6,11.0,8,宮崎光行,54.0,ダ,1100.0,良,70.3,2.4,10-10,38.4,444.0,2.0,リコーシンザン,
2018101569,ライプトラオム,2020/07/15,門別,曇,4.0,JRA認定フレッシュ(新馬)(2歳),11,8.0,10,11.4,6.0,9,宮崎光行,54.0,ダ,1000.0,稍,64.6,3.0,9-10,38.8,442.0,0.0,レーヴプルーヴ,
2020102072,ブルーポピー,2026/07/14,門別,雨,5.0,3歳以上C4ー3,9,8.0,9,999.9,9.0,9,吉本隆記,57.0,ダ,1000.0,稍,66.0,3.8,7-8,40.2,416.0,4.0,オオイシサクラ,
2020102072,ブルーポピー,2026/06/23,門別,曇,6.0,3歳以上C4ー3,11,1.0,1,483.2,11.0,11,吉本隆記,57.0,ダ,1200.0,稍,79.4,2.2,10-10,39.9,412.0,-2.0,スティールアゲート,
2020102072,ブルーポピー,2026/06/17,門別,晴,3.0,推しウマ探せ!おひさ(C4),12,5.0,6,999.9,12.0,9,吉本隆記,57.0,ダ,1000.0,良,64.9,2.9,10-11,38.5,414.0,-2.0,サイアミーズ,
2020102072,ブルーポピー,2026/06/03,門別,晴,3.0,3歳以上C4ー3,10,7.0,8,403.7,9.0,10,吉本隆記,57.0,ダ,1200.0,良,79.1,3.0,9-10,40.4,416.0,0.0,シルバーライダー,
2020102072,ブルーポピー,2026/05/26,門別,曇,9.0,グランシャリオドリー(C4),11,3.0,3,499.4,11.0,8,阿岸潤一,56.0,ダ,1000.0,稍,65.1,1.5,10-10,38.5,416.0,2.0,スーパーパーリー,
2020102072,ブルーポピー,2026/05/13,門別,曇,7.0,3歳以上C4ー3,11,7.0,8,496.1,11.0,10,吉本隆記,57.0,ダ,1000.0,良,65.5,3.2,9-11,38.9,414.0,-4.0,ライトニングジャブ,
2020102072,ブルーポピー,2026/05/05,門別,晴,9.0,キショウブ特別(C4),12,1.0,1,527.5,12.0,10,井上俊彦,57.0,ダ,1000.0,稍,64.7,2.6,7-9,38.6,418.0,12.0,フィンガルスケーブ,
2020102072,ブルーポピー,2026/04/22,門別,晴,10.0,グランシャリオドリー(C4),9,1.0,1,161.5,8.0,7,井上俊彦,57.0,ダ,1000.0,稍,64.9,1.9,8-8,38.7,406.0,-8.0,プチビーンズ,
2020102072,ブルーポピー,2026/04/15,門別,曇,4.0,3歳以上C4ー3,14,5.0,7,697.3,14.0,8,井上俊彦,57.0,ダ,1200.0,良,77.6,1.7,11-10,39.0,414.0,-18.0,リコーニック,
2020102072,ブルーポピー,2025/11/11,門別,曇,4.0,3歳以上C4ー3,16,3.0,6,165.2,13.0,11,若杉朝飛,54.0,ダ,1200.0,稍,79.8,2.9,10-12,41.6,432.0,4.0,ブリングジョイ,
2020102072,ブルーポピー,2025/10/28,門別,晴,5.0,3歳以上C4ー3,12,2.0,2,380.3,10.0,7,小杉亮,57.0,ダ,1000.0,稍,65.0,2.3,6-6,38.7,428.0,6.0,ヤンキージャック,
2020102072,ブルーポピー,2025/10/16,門別,曇,4.0,3歳以上C4ー3,10,7.0,8,169.0,9.0,6,小杉亮,57.0,ダ,1000.0,稍,65.1,2.3,7-8,39.2,422.0,0.0,フロレシミエント,
2020102072,ブルーポピー,2025/10/01,門別,雨,4.0,3歳以上C4ー4,12,8.0,11,94.1,11.0,7,若杉朝飛,54.0,ダ,1000.0,稍,65.2,1.9,4-4,39.6,422.0,10.0,ツワ,
2020102072,ブルーポピー,2025/09/16,門別,晴,8.0,3歳以上C4ー4,10,1.0,1,308.6,7.0,8,井上俊彦,57.0,ダ,1000.0,良,64.9,2.0,7-8,38.6,412.0,-2.0,ティファニジェンヌ,
2020102072,ブルーポピー,2025/09/02,門別,曇,6.0,3歳以上C4ー4,11,8.0,11,190.5,10.0,11,阿岸潤一,56.0,ダ,1000.0,重,64.8,1.8,9-9,39.2,414.0,-2.0,ヴィルブラックヒル,
2020102072,ブルーポピー,2025/08/19,門別,曇,5.0,3歳以上C4ー4,11,7.0,9,167.2,11.0,5,若杉朝飛,54.0,ダ,1000.0,不,64.0,1.2,5-5,38.1,416.0,2.0,エウテューモス,2.8
2020102072,ブルーポピー,2025/08/05,門別,晴,10.0,グランシャリオドリー(C4),11,6.0,7,91.1,9.0,6,井上俊彦,57.0,ダ,1200.0,良,79.3,1.6,7-8,40.2,414.0,0.0,ベイサルシュート,
2020102072,ブルーポピー,2025/07/22,門別,晴,7.0,3歳以上C4ー4,9,7.0,7,106.5,6.0,8,阿岸潤一,54.0,ダ,1200.0,良,79.3,3.1,8-8,40.3,414.0,0.0,サンゼントカガヤク,
2020102072,ブルーポピー,2025/07/08,門別,晴,5.0,3歳以上C4ー4,9,5.0,5,121.9,8.0,4,若杉朝飛,54.0,ダ,1000.0,良,64.9,0.8,4-4,38.6,414.0,-6.0,シルバーコムコム,5.6
2020102072,ブルーポピー,2025/06/26,門別,雨,1.0,日高町DAY賞(C4),9,5.0,5,186.2,8.0,7,若杉朝飛,54.0,ダ,1000.0,稍,64.6,1.2,8-9,39.2,420.0,0.0,ハッピーピンク,
2020102072,ブルーポピー,2025/06/12,門別,曇,1.0,3歳以上C4ー4,10,4.0,4,125.6,7.0,7,若杉朝飛,54.0,ダ,1000.0,稍,65.2,1.6,8-8,39.0,420.0,-2.0,フランキンローズ,
2020102072,ブルーポピー,2025/05/29,門別,晴,3.0,3歳以上C4ー4,8,1.0,1,131.4,7.0,6,若杉朝飛,54.0,ダ,1000.0,良,65.6,2.2,6-8,39.5,422.0,2.0,カナリコッタゲーム,
2020102072,ブルーポピー,2025/05/21,門別,晴,8.0,ウツギ特別(C4),12,4.0,4,295.0,11.0,9,若杉朝飛,54.0,ダ,1000.0,良,64.6,1.9,10-10,37.7,420.0,-4.0,チャモ,
2020102072,ブルーポピー,2025/05/08,門別,曇,3.0,3歳以上C4ー4,12,7.0,9,307.9,10.0,6,若杉朝飛,54.0,ダ,1000.0,良,64.3,1.7,12-11,37.9,424.0,0.0,ウィルトゥーウェル,
2020102072,ブルーポピー,2025/04/23,門別,曇,3.0,3歳以上C4ー4,12,8.0,11,233.1,11.0,11,井上俊彦,57.0,ダ,1000.0,重,64.2,1.9,11-10,37.2,424.0,-2.0,カルストンオリビア,
2020102072,ブルーポピー,2025/04/16,門別,雨,4.0,3歳以上C4ー4,12,5.0,6,365.4,12.0,10,若杉朝飛,54.0,ダ,1000.0,不,63.4,3.4,11-10,37.5,426.0,-6.0,キタサンヤマブキ,
2020102072,ブルーポピー,2024/10/30,門別,晴,6.0,3歳以上C4ー4,12,4.0,4,311.7,11.0,6,若杉朝飛,54.0,ダ,1200.0,良,79.0,2.1,9-8,38.8,432.0,6.0,プラウドコラゾン,
2020102072,ブルーポピー,2024/10/15,門別,曇,4.0,浦河の特別栽培米賞(C4),12,5.0,5,135.0,9.0,9,金山昇馬,57.0,ダ,1200.0,良,78.9,1.7,9-8,40.2,426.0,6.0,アフリカンリリー,
2020102072,ブルーポピー,2024/10/01,門別,晴,5.0,3歳以上C4ー4,10,3.0,3,490.4,10.0,8,若杉朝飛,54.0,ダ,1200.0,良,78.3,0.9,7-8,39.1,420.0,2.0,シャンアリーズ,
2020102072,ブルーポピー,2024/09/17,門別,晴,10.0,ケイトウ特別(C4),12,7.0,10,32.9,8.0,9,若杉朝飛,54.0,ダ,1000.0,稍,65.4,1.0,10-8,38.8,418.0,2.0,ハートフルロマン,
2020102072,ブルーポピー,2024/09/03,門別,晴,1.0,安平町就農研修生募集(C4),9,1.0,1,48.7,6.0,6,若杉朝飛,54.0,ダ,1200.0,良,79.1,2.1,8-6,38.9,416.0,-4.0,リンクスリリー,
2020102072,ブルーポピー,2024/08/21,門別,晴,1.0,3歳以上C4ー4,10,7.0,8,83.6,9.0,4,若杉朝飛,54.0,ダ,1200.0,重,78.9,3.0,4-5,40.3,420.0,4.0,カプリシャスラブ,5.6
2020102072,ブルーポピー,2024/08/07,門別,晴,6.0,新冠で新規就農の夢叶(C4),7,2.0,2,50.0,6.0,5,若杉朝飛,54.0,ダ,1200.0,稍,78.1,0.9,5-4,39.8,416.0,4.0,アバランチベルン,2.8
2020102072,ブルーポピー,2024/07/24,門別,曇,1.0,3歳以上C4ー4,9,1.0,1,162.5,8.0,7,阿岸潤一,55.0,ダ,1000.0,良,64.5,1.3,9-7,38.1,412.0,0.0,ユイミオ,
2020102072,ブルーポピー,2024/07/10,門別,晴,1.0,3歳以上C4ー4,12,8.0,11,280.8,11.0,9,若杉朝飛,54.0,ダ,1000.0,稍,65.0,1.8,8-8,39.2,412.0,-2.0,マーヤボニータ,
2020102072,ブルーポピー,2024/06/27,門別,曇,5.0,3歳以上C4ー4,11,7.0,8,208.4,9.0,8,阪野学,57.0,ダ,1000.0,良,65.1,1.9,7-9,38.7,414.0,4.0,トレビアンクリール,
2020102072,ブルーポピー,2024/06/18,門別,曇,5.0,日高町DAY賞(C4),10,6.0,6,93.4,8.0,4,井上俊彦,57.0,ダ,1000.0,良,65.1,1.2,8-8,39.2,410.0,-8.0,テンアリオン,5.6
2020102072,ブルーポピー,2024/06/06,門別,晴,1.0,3歳以上C4ー4,12,2.0,2,253.6,11.0,5,若杉朝飛,54.0,ダ,1000.0,良,65.0,1.5,6-7,38.7,418.0,2.0,カネトシセレスト,2.8
2020102072,ブルーポピー,2024/05/29,門別,晴,10.0,ラナンキュラス特別(C4),11,6.0,7,180.8,11.0,10,若杉朝飛,54.0,ダ,1000.0,良,65.8,1.9,10-10,38.9,416.0,6.0,サンシュヴァリエ,
2020102072,ブルーポピー,2024/05/15,門別,晴,2.0,3歳以上C4ー4,10,7.0,7,101.9,7.0,8,宮平鷹志,57.0,ダ,1000.0,良,65.0,1.8,7-7,38.2,410.0,-2.0,マチェドニア,
2020102072,ブルーポピー,2024/05/08,門別,曇,2.0,3歳以上C4ー4,12,2.0,2,157.8,10.0,8,宮平鷹志,57.0,ダ,1000.0,稍,65.8,1.9,11-10,38.4,412.0,-4.0,リオンキッド,
2020102072,ブルーポピー,2024/04/25,門別,曇,2.0,3歳以上C4ー4,9,8.0,8,147.5,9.0,8,宮平鷹志,57.0,ダ,1000.0,不,64.6,2.3,9-9,38.1,416.0,0.0,マドンナブルー,
2020102072,ブルーポピー,2024/04/17,門別,雨,6.0,静内みゆき通り賞(C4),10,5.0,5,297.1,8.0,8,宮平鷹志,57.0,ダ,1000.0,良,65.0,2.4,9-9,38.1,416.0,-8.0,ロングビーチ,
2020102072,ブルーポピー,2023/11/01,門別,曇,5.0,3歳以上C4ー4,10,5.0,5,170.2,9.0,9,宮平鷹志,56.0,ダ,1000.0,稍,65.6,1.9,10-10,38.7,424.0,2.0,エウテューモス,
2020102072,ブルーポピー,2023/10/18,門別,晴,3.0,3歳以上C4ー4,12,1.0,1,345.5,12.0,9,宮平鷹志,56.0,ダ,1000.0,良,65.1,1.3,11-12,39.0,422.0,8.0,ジュエルシーカー,
2020102072,ブルーポピー,2023/10/03,門別,晴,5.0,3歳以上C4ー4,10,5.0,5,323.8,10.0,10,宮平鷹志,56.0,ダ,1000.0,良,64.9,2.0,10-10,37.9,414.0,4.0,カワカミアンフィニ,
2020102072,ブルーポピー,2023/09/19,門別,曇,3.0,3歳以上C4ー4,12,1.0,1,263.5,12.0,11,宮平鷹志,56.0,ダ,1000.0,稍,65.1,2.6,10-11,38.4,410.0,4.0,タイセツオー,
2020102072,ブルーポピー,2023/09/05,門別,曇,2.0,3歳以上C4ー4,12,2.0,2,358.7,10.0,10,宮平鷹志,56.0,ダ,1000.0,不,64.7,1.9,11-11,37.9,406.0,-6.0,ヤマノムスメ,
2020102072,ブルーポピー,2023/08/22,門別,晴,7.0,中野司賞(C4),10,4.0,4,50.1,7.0,10,若杉朝飛,53.0,ダ,1200.0,稍,79.0,3.0,10-10,39.7,412.0,2.0,シンデレラワルツ,
2020102072,ブルーポピー,2023/08/08,門別,晴,4.0,新冠富士賞(C4),10,8.0,9,249.0,10.0,8,宮平鷹志,56.0,ダ,1000.0,重,65.9,2.7,9-9,38.9,410.0,4.0,サクラレイピア,
2020102072,ブルーポピー,2023/07/25,門別,曇,6.0,3歳以上C4ー4,9,8.0,8,243.7,9.0,8,宮平鷹志,56.0,ダ,1000.0,良,64.9,2.9,9-9,38.0,406.0,0.0,コンバットグランデ,
2020102072,ブルーポピー,2023/07/11,門別,曇,6.0,3歳以上C4ー3,10,8.0,9,210.4,9.0,9,宮平鷹志,56.0,ダ,1000.0,稍,64.7,2.5,10-10,37.7,406.0,0.0,ワンビ,
2020102072,ブルーポピー,2023/06/27,門別,曇,6.0,3歳以上C4ー3,11,1.0,1,282.9,11.0,11,阪野学,56.0,ダ,1000.0,良,65.7,3.1,11-11,38.6,406.0,0.0,シーグラデーア,
2020102072,ブルーポピー,2023/06/13,門別,曇,3.0,3歳以上C4ー3,9,7.0,7,268.5,9.0,9,宮平鷹志,56.0,ダ,1000.0,稍,65.0,2.7,9-9,38.0,406.0,-8.0,リコースチェッキン,
2020102072,ブルーポピー,2023/06/07,門別,雨,1.0,3歳条件未勝利(未勝利),12,5.0,5,644.4,12.0,11,宮平鷹志,56.0,ダ,1000.0,稍,65.5,3.0,12-12,38.8,414.0,-2.0,ゲンサイ,
2020102072,ブルーポピー,2023/05/24,門別,晴,1.0,3歳条件未勝利(未勝利),12,6.0,7,603.5,12.0,12,阿岸潤一,53.0,ダ,1200.0,稍,79.0,2.6,11-11,39.1,416.0,0.0,ヴェニスクィーン,
2020102072,ブルーポピー,2023/05/11,門別,晴,1.0,3歳条件未勝利(未勝利),12,5.0,6,181.1,12.0,9,松井伸也,56.0,ダ,1000.0,良,66.0,4.0,10-9,39.0,416.0,0.0,スペースアギト,
2020102072,ブルーポピー,2023/04/27,門別,晴,1.0,3歳条件未勝利(未勝利),12,6.0,8,463.6,12.0,8,松井伸也,56.0,ダ,1000.0,重,66.3,2.3,12-12,40.1,416.0,10.0,ヴィルブラックヒル,
2020102072,ブルーポピー,2022/11/01,門別,曇,4.0,2歳未勝利(未勝利),10,6.0,6,41.9,7.0,7,井上俊彦,55.0,ダ,1000.0,良,65.8,1.7,6-7,40.5,406.0,0.0,ニシノヒカル,
2020102072,ブルーポピー,2022/10/25,門別,晴,3.0,弾ダンクナナーダニエ(未勝利)(2歳),8,3.0,3,170.6,8.0,8,高野誠毅,55.0,ダ,1000.0,良,65.7,2.1,5-7,39.1,406.0,0.0,ストーリータイム,
2020102072,ブルーポピー,2022/10/13,門別,晴,3.0,2歳未勝利(未勝利),11,3.0,3,219.8,11.0,10,井上俊彦,55.0,ダ,1000.0,稍,64.0,2.9,8-9,38.9,406.0,10.0,サクセスキーパー,
2020102072,ブルーポピー,2022/09/01,門別,晴,2.0,2歳未勝利(未勝利),10,8.0,9,373.1,9.0,9,井上俊彦,54.0,ダ,1000.0,不,63.6,2.2,6-6,38.4,396.0,-8.0,ラスターカノン,
2020102072,ブルーポピー,2022/08/18,門別,雨,3.0,2歳未勝利(未勝利),12,7.0,10,160.0,12.0,12,井上俊彦,54.0,ダ,1000.0,重,64.5,3.6,11-11,39.4,404.0,-6.0,カツゲキウマムスビ,
2020102072,ブルーポピー,2022/08/03,門別,曇,6.0,JRA認定フレッシュ(新馬)(2歳),9,6.0,6,51.3,9.0,9,松井伸也,54.0,ダ,1000.0,重,65.2,5.0,9-9,39.8,410.0,0.0,ハーンドルフ,
2023104831,クワイエットゼロ,2026/07/15,門別,曇,10.0,グランシャリオドリー(C4),11,2.0,2,2.9,1.0,3,小川悠汰,52.0,ダ,1000.0,稍,64.5,0.5,6-5,38.8,408.0,2.0,クイーンサイド,11.6
2023104831,クワイエットゼロ,2026/06/30,門別,晴,6.0,3歳以上C4ー3,10,7.0,7,132.1,7.0,8,小川悠汰,52.0,ダ,1200.0,良,78.9,2.1,3-5,40.6,406.0,-4.0,ビリーヴザウエスト,
2023104831,クワイエットゼロ,2026/06/17,門別,晴,3.0,推しウマ探せ!おひさ(C4),12,8.0,12,104.4,8.0,7,藤田凌駕,53.0,ダ,1000.0,良,63.9,1.9,6-5,38.5,410.0,4.0,サイアミーズ,
2023104831,クワイエットゼロ,2026/06/03,門別,晴,2.0,3歳以上C4ー3,12,6.0,7,186.5,8.0,7,藤田凌駕,53.0,ダ,1000.0,良,64.2,1.1,9-8,38.0,406.0,4.0,トモノタツミ,
2023104831,クワイエットゼロ,2026/05/20,門別,曇,1.0,3歳条件未勝利(未勝利),11,5.0,5,63.1,7.0,9,藤田凌駕,53.0,ダ,1000.0,良,64.5,2.2,5-6,38.7,402.0,0.0,スティールスピネル,
2023104831,クワイエットゼロ,2026/05/05,門別,晴,1.0,3歳条件未勝利(未勝利),12,7.0,10,22.4,4.0,6,藤田凌駕,53.0,ダ,1000.0,稍,64.7,1.8,5-5,39.4,402.0,6.0,スティールアンバー,
2023104831,クワイエットゼロ,2026/03/24,水沢,晴,7.0,3歳B2二組,11,3.0,3,28.5,6.0,4,鈴木祐,54.0,ダ,1400.0,良,94.5,3.3,6-6-4-4,42.4,396.0,-4.0,アウトザロー,9.1
2023104831,クワイエットゼロ,2026/03/15,水沢,晴,6.0,3歳C1一組,8,4.0,4,6.4,5.0,4,鈴木祐,54.0,ダ,1400.0,良,95.4,0.1,5-5-4-4,43.0,400.0,9.0,ポルテボヌール,7.8
2023104831,クワイエットゼロ,2025/12/23,水沢,曇,6.0,2歳,11,6.0,7,5.4,3.0,10,鈴木祐,54.0,ダ,1400.0,重,92.3,2.1,4-4-3-8,42.9,391.0,-11.0,モズホンマデッカ,
2023104831,クワイエットゼロ,2025/12/10,水沢,曇,5.0,2歳,11,5.0,5,4.2,2.0,6,山本政聡,54.0,ダ,1400.0,不,90.2,1.2,2-2-2-2,40.8,402.0,-4.0,セイジョークラウン,
2023104831,クワイエットゼロ,2025/11/06,門別,曇,2.0,2歳牝馬未勝利(未勝利),12,5.0,5,3.4,3.0,2,石川倭,55.0,ダ,1000.0,稍,63.4,0.0,2-1,38.7,406.0,0.0,アークメディナ,14.0
2023104831,クワイエットゼロ,2025/10/21,門別,晴,2.0,2歳牝馬未勝利(未勝利),10,3.0,3,3.2,2.0,2,石川倭,55.0,ダ,1000.0,稍,63.9,0.7,2-2,39.1,406.0,4.0,トップカーラ,14.0
2023104831,クワイエットゼロ,2025/10/08,門別,晴,3.0,北海道馬主会特別1(未勝利)(2歳),12,5.0,5,5.9,2.0,5,石川倭,55.0,ダ,1000.0,良,63.6,1.2,3-3,38.1,402.0,-4.0,フィンガルスケーブ,4.2
2023104831,クワイエットゼロ,2025/09/17,門別,晴,1.0,2歳未勝利(未勝利),12,8.0,11,4.1,3.0,2,石川倭,55.0,ダ,1000.0,良,64.5,0.0,1-1,39.6,406.0,-2.0,クロノライデン,14.0
2023104831,クワイエットゼロ,2025/09/03,門別,晴,1.0,2歳未勝利(未勝利),10,7.0,8,32.8,6.0,3,石川倭,55.0,ダ,1000.0,重,64.1,1.4,3-3,39.6,408.0,-2.0,ハーティーアイズ,10.5
2023104831,クワイエットゼロ,2025/08/19,門別,曇,1.0,2歳未勝利(未勝利),11,6.0,6,92.3,9.0,7,岩橋勇二,55.0,ダ,1000.0,不,63.7,1.6,6-6,38.3,410.0,10.0,ビーチクルーザー,
2023104831,クワイエットゼロ,2025/07/29,門別,曇,4.0,JRA認定競走アタッ(未勝利)(2歳),12,6.0,8,367.4,9.0,11,及川烈,54.0,ダ,1200.0,重,79.2,3.5,9-9,42.0,400.0,-6.0,ベラジオソニック,
2023104831,クワイエットゼロ,2025/07/15,門別,曇,2.0,2歳未勝利(未勝利),9,1.0,1,89.2,8.0,8,岩橋勇二,55.0,ダ,1000.0,稍,65.6,1.7,6-5,40.4,406.0,0.0,フォーティチュード,
2023104831,クワイエットゼロ,2025/06/18,門別,晴,4.0,JRA認定競走アタッ(未勝利)(2歳),12,8.0,11,160.5,9.0,9,亀井洋司,55.0,ダ,1000.0,良,64.0,1.7,10-9,38.4,406.0,0.0,エイシンディード,
2023104831,クワイエットゼロ,2025/05/15,門別,曇,3.0,JRA認定競走アタッ(未勝利)(2歳),9,6.0,6,302.8,9.0,8,宮内勇樹,55.0,ダ,1000.0,良,64.8,2.3,7-6,39.6,406.0,10.0,スプリンガフォート,
2023104831,クワイエットゼロ,2025/04/24,門別,晴,6.0,JRA認定競走フレッ(新馬)(2歳),9,1.0,1,91.5,6.0,8,宮内勇樹,55.0,ダ,1000.0,重,64.6,4.0,5-5,39.6,396.0,0.0,エイシンリガーズ,
2023104831,クワイエットゼロ,2025/04/17,門別,晴,5.0,JRA認定競走フレッ(新馬)(2歳),6,6.0,6,,,取,服部茂史,55.0,ダ,1100.0,重,,,,,,,ベストグリーン,
2024107393,ルアシュエル,2026/07/14,門別,雨,4.0,JRA認定競走アタッ(未勝利)(2歳),8,3.0,3,2.1,1.0,2,落合玄太,55.0,ダ,1200.0,稍,75.1,0.3,1-1,38.4,468.0,-6.0,マッドシークレット,33.6
2024107393,ルアシュエル,2026/06/17,門別,晴,1.0,日高町の地酒「縁」と(未勝利)(2歳),12,8.0,11,4.2,3.0,1,落合玄太,55.0,ダ,1000.0,良,62.0,0.0,3-3,37.4,474.0,-6.0,(ハクアイレーヴ),50.0
2024107393,ルアシュエル,2026/05/28,門別,雨,4.0,JRA認定競走フレッ(新馬)(2歳),8,8.0,9,2.8,2.0,3,落合玄太,55.0,ダ,1000.0,稍,63.6,2.7,3-2,39.6,480.0,0.0,セルアウトクラウド,52.5
2024101194,ミスターキレット,2026/07/14,門別,曇,1.0,2歳未勝利(未勝利),12,3.0,3,1.5,1.0,1,石川倭,55.0,ダ,1000.0,稍,63.0,-0.5,5-5,38.0,460.0,0.0,(ブロンドナイト),50.0
2024101194,ミスターキレット,2026/06/30,門別,晴,1.0,2歳未勝利(未勝利),12,3.0,3,3.9,2.0,2,石川倭,55.0,ダ,1000.0,良,62.7,1.4,5-5,37.3,460.0,2.0,アイローサ,14.0
2024101194,ミスターキレット,2026/06/03,門別,曇,6.0,JRA認定競走フレッ(新馬)(2歳),12,6.0,8,3.6,2.0,6,石川倭,55.0,ダ,1000.0,良,63.0,1.1,5-4,38.5,458.0,0.0,スハッチェ,
2024104415,タケノクイーン,2026/07/14,門別,曇,1.0,2歳未勝利(未勝利),12,5.0,5,348.6,11.0,7,宮内勇樹,55.0,ダ,1000.0,稍,64.2,1.2,9-9,38.6,426.0,-6.0,ミスターキレット,
2024104415,タケノクイーン,2026/06/25,門別,曇,6.0,JRA認定競走フレッ(新馬)(2歳),12,6.0,7,109.3,10.0,12,近藤翔月,54.0,ダ,1100.0,良,74.4,5.7,4-9,44.1,432.0,0.0,カンベイ,
2024107405,ピタゴラ,2026/06/24,門別,晴,1.0,2歳未勝利(未勝利),12,6.0,8,3.4,2.0,1,桑村真明,55.0,ダ,1200.0,稍,77.0,0.0,1-1,40.4,470.0,-6.0,(クリシュナラブリー),50.0
2024107405,ピタゴラ,2026/06/10,門別,曇,1.0,2歳未勝利(未勝利),11,7.0,8,9.5,4.0,5,桑村真明,55.0,ダ,1100.0,重,70.1,0.7,5-5,39.3,476.0,-2.0,シリントーン,3.5
2024107405,ピタゴラ,2026/05/26,門別,晴,1.0,2歳未勝利(未勝利),12,5.0,5,13.1,6.0,5,桑村真明,55.0,ダ,1100.0,稍,70.3,1.7,5-5,39.8,478.0,2.0,レディーダイヤ,3.5
2024107405,ピタゴラ,2026/05/13,門別,曇,6.0,JRA認定競走フレッ(新馬)(2歳),12,7.0,10,6.7,2.0,6,桑村真明,55.0,ダ,1100.0,良,71.4,2.7,3-6,40.4,476.0,0.0,ドッカンキャベツ,
2024105459,シリントーン,2026/07/14,門別,雨,4.0,JRA認定競走アタッ(未勝利)(2歳),8,8.0,8,29.6,7.0,5,近藤翔月,54.0,ダ,1200.0,稍,76.0,1.2,3-5,38.7,432.0,-8.0,マッドシークレット,8.4
2024105459,シリントーン,2026/07/01,門別,晴,4.0,JRA認定競走アタッ(未勝利)(2歳),9,5.0,5,13.7,4.0,5,近藤翔月,54.0,ダ,1100.0,良,70.3,2.0,9-8,38.5,440.0,8.0,フォールドイン,8.4
2024105459,シリントーン,2026/06/10,門別,曇,1.0,2歳未勝利(未勝利),11,6.0,7,8.9,3.0,1,近藤翔月,54.0,ダ,1100.0,重,69.4,-0.2,8-6,37.8,432.0,6.0,(ニューハーピー),50.0
2024105459,シリントーン,2026/05/20,門別,曇,5.0,JRA認定競走フレッ(新馬)(2歳),10,8.0,10,132.6,8.0,4,近藤翔月,54.0,ダ,1000.0,良,63.4,1.3,10-10,37.0,426.0,0.0,ヴェネラブルサマー,42.0
2024104036,マインドエンジェル,2026/07/08,門別,曇,3.0,2歳未勝利(未勝利),10,7.0,7,2.6,1.0,1,小野楓馬,55.0,ダ,1100.0,良,69.2,0.0,4-3,38.3,452.0,4.0,(フォアサイトゲイズ),50.0
2024104036,マインドエンジェル,2026/05/21,門別,曇,4.0,JRA認定競走アタッ(未勝利)(2歳),8,6.0,6,3.2,2.0,4,小野楓馬,55.0,ダ,1100.0,良,70.9,2.7,3-3,39.4,448.0,-10.0,サザングルーヴ,21.0
2024104036,マインドエンジェル,2026/05/06,門別,晴,6.0,JRA認定競走フレッ(新馬)(2歳),8,1.0,1,7.1,5.0,2,小野楓馬,55.0,ダ,1100.0,良,69.6,0.7,3-4,39.9,458.0,0.0,クラプロスパー,84.0
2024103965,イイヒタビダチ,2026/07/14,門別,雨,3.0,2歳未勝利(未勝利),12,8.0,12,93.9,10.0,8,宮内勇樹,55.0,ダ,1200.0,稍,77.6,3.1,5-6,40.6,432.0,4.0,ウィンターキャビン,
2024103965,イイヒタビダチ,2026/07/01,門別,晴,5.0,JRA認定競走フレッ(新馬)(2歳),11,1.0,1,112.0,9.0,6,藤田凌駕,53.0,ダ,1000.0,良,64.2,2.0,10-8,38.2,428.0,0.0,アーキフェザー,
2024100174,リュウノマッスル,2026/07/16,門別,晴,3.0,JRA認定競走アタッ(未勝利)(2歳),9,7.0,7,36.5,8.0,8,井上瑛太,55.0,ダ,1700.0,重,117.3,5.0,4-4-3-4,46.0,452.0,0.0,シャディアラ,
2024100174,リュウノマッスル,2026/06/23,門別,曇,3.0,JRA認定競走アタッ(未勝利)(2歳),9,8.0,9,2.9,2.0,6,宮内勇樹,55.0,ダ,1000.0,稍,63.8,1.8,2-2,40.0,452.0,-2.0,コパノラッセル,
2024100174,リュウノマッスル,2026/06/09,門別,曇,2.0,2歳未勝利(未勝利),11,7.0,8,1.9,1.0,1,宮内勇樹,55.0,ダ,1000.0,重,61.7,0.0,3-1,37.8,454.0,2.0,(ミリオンジュピター),50.0
2024100174,リュウノマッスル,2026/05/27,門別,曇,4.0,JRA認定競走アタッ(未勝利)(2歳),8,1.0,1,2.6,2.0,2,宮内勇樹,55.0,ダ,1000.0,良,63.0,0.2,3-3,38.7,452.0,0.0,ベラジオエイチャン,42.0
2024100174,リュウノマッスル,2026/05/14,門別,曇,6.0,JRA認定競走フレッ(新馬)(2歳),7,8.0,8,4.7,2.0,2,宮内勇樹,55.0,ダ,1100.0,良,70.0,1.3,2-1,40.0,452.0,0.0,ハカタヴァンクール,84.0
2024100174,リュウノマッスル,2026/04/16,門別,晴,6.0,JRA認定競走フレッ(新馬)(2歳),7,7.0,7,,,取,井上瑛太,55.0,ダ,1100.0,良,,,,,,,コパノシチリア,
2024105521,アンクルチャーリー,2026/07/16,門別,晴,1.0,2歳未勝利(未勝利),12,8.0,11,402.9,12.0,9,亀井洋司,55.0,ダ,1100.0,重,72.0,4.6,3-6,42.0,442.0,2.0,ドリームパッション,
2024105521,アンクルチャーリー,2026/06/30,門別,晴,3.0,2歳未勝利(未勝利),11,1.0,1,528.7,11.0,11,宮内勇樹,55.0,ダ,1200.0,良,78.5,3.7,6-6,40.2,440.0,-8.0,デルピエロ,
2024105521,アンクルチャーリー,2026/06/17,門別,晴,1.0,日高町の地酒「縁」と(未勝利)(2歳),12,4.0,4,263.8,7.0,9,服部茂史,55.0,ダ,1000.0,良,64.3,2.3,9-9,38.2,448.0,14.0,ルアシュエル,
2024105521,アンクルチャーリー,2026/05/20,門別,曇,5.0,JRA認定競走フレッ(新馬)(2歳),10,8.0,9,19.4,4.0,9,服部茂史,55.0,ダ,1000.0,良,65.7,3.6,7-8,39.8,434.0,0.0,ヴェネラブルサマー,
2024101537,ハクアイボヌール,2026/06/23,門別,曇,3.0,JRA認定競走アタッ(未勝利)(2歳),9,2.0,2,58.9,5.0,5,桑村真明,55.0,ダ,1000.0,稍,63.7,1.7,5-4,38.9,454.0,4.0,コパノラッセル,8.4
2024101537,ハクアイボヌール,2026/06/04,門別,曇,5.0,JRA認定競走アタッ(未勝利)(2歳),8,4.0,4,198.2,7.0,7,阿部龍,55.0,ダ,1700.0,良,117.5,3.1,6-7-6-7,43.0,450.0,0.0,ニュースタンダード,
2024101537,ハクアイボヌール,2026/05/21,門別,曇,6.0,JRA認定競走フレッ(新馬)(2歳),9,6.0,6,45.2,7.0,7,井上俊彦,55.0,ダ,1700.0,良,117.5,5.6,7-7-8-7,43.9,450.0,0.0,シフトチェンジ,
2024104536,チャイロサマー,2026/07/14,門別,雨,2.0,2歳牝馬未勝利(未勝利),10,4.0,4,173.0,9.0,7,井上瑛太,55.0,ダ,1100.0,稍,71.1,1.3,6-6,39.8,406.0,-4.0,トラデスカンティア,
2024104536,チャイロサマー,2026/06/30,門別,晴,3.0,2歳未勝利(未勝利),11,6.0,7,128.4,5.0,7,井上瑛太,55.0,ダ,1200.0,良,77.6,2.8,2-2,39.8,410.0,2.0,デルピエロ,
2024104536,チャイロサマー,2026/05/27,門別,曇,5.0,JRA認定競走フレッ(新馬)(2歳),10,3.0,3,42.3,8.0,6,井上瑛太,55.0,ダ,1000.0,良,64.1,2.7,6-7,38.5,408.0,0.0,アンジェアート,
2024100589,スマートウェイン,2026/07/15,門別,曇,1.0,2歳未勝利(未勝利),11,4.0,4,2.9,1.0,1,服部茂史,55.0,ダ,1000.0,稍,62.8,-0.4,6-6,37.6,460.0,2.0,(イコロ),50.0
2024100589,スマートウェイン,2026/07/02,門別,曇,1.0,2歳未勝利(未勝利),9,3.0,3,14.7,3.0,3,服部茂史,55.0,ダ,1100.0,良,70.9,1.1,4-5,39.3,458.0,8.0,ミリオンジュピター,10.5
2024100589,スマートウェイン,2026/06/17,門別,晴,5.0,JRA認定競走アタッ(未勝利)(2歳),12,4.0,4,54.9,8.0,9,服部茂史,55.0,ダ,1100.0,良,70.3,2.5,3-4,40.3,450.0,-2.0,エイシンウルトラン,
2024100589,スマートウェイン,2026/06/04,門別,曇,4.0,JRA認定競走アタッ(未勝利)(2歳),9,3.0,3,68.5,5.0,2,服部茂史,55.0,ダ,1100.0,良,69.8,1.3,4-3,39.0,452.0,4.0,タルマエドン,42.0
2024100589,スマートウェイン,2026/05/21,門別,曇,4.0,JRA認定競走アタッ(未勝利)(2歳),8,1.0,1,13.7,5.0,5,渡辺準己,52.0,ダ,1100.0,良,71.0,2.8,3-3,39.6,448.0,-2.0,サザングルーヴ,10.5
2024100589,スマートウェイン,2026/05/06,門別,晴,5.0,JRA認定競走フレッ(新馬)(2歳),8,7.0,7,6.9,3.0,5,渡辺準己,52.0,ダ,1000.0,良,64.1,2.7,2-2,39.8,450.0,0.0,バドラ,21.0
2024101010,スカイビュー,2026/07/14,門別,曇,11.0,スフェーン特別(OP)(2歳),8,2.0,2,15.8,4.0,5,桑村真明,55.0,ダ,1200.0,重,76.0,1.0,8-7,38.6,464.0,-2.0,ラビリンスティアラ,7.0
2024101010,スカイビュー,2026/07/02,門別,曇,7.0,ルビー特別(OP)(2歳),5,5.0,5,18.5,5.0,5,桑村真明,55.0,ダ,1200.0,良,76.7,1.9,2-1,40.8,466.0,6.0,クラプロスパー,7.0
2024101010,スカイビュー,2026/05/27,門別,曇,6.0,JRA認定競走フレッ(新馬)(2歳),9,3.0,3,4.2,2.0,1,桑村真明,55.0,ダ,1000.0,良,62.5,-0.4,1-1,38.3,460.0,0.0,(エイシンウルトラン),250.0
2024100307,クラプロスパー,2026/07/02,門別,曇,7.0,ルビー特別(OP)(2歳),5,1.0,1,3.3,2.0,1,石川倭,55.0,ダ,1200.0,良,74.8,-0.2,5-5,37.2,484.0,0.0,(シアンディオ),100.0
2024100307,クラプロスパー,2026/06/17,門別,曇,12.0,栄冠賞〔H2〕(重賞),10,7.0,7,58.2,8.0,6,服部茂史,55.0,ダ,1200.0,良,76.0,1.4,7-8,40.3,484.0,10.0,ダブルゲーム,
2024100307,クラプロスパー,2026/05/06,門別,晴,6.0,JRA認定競走フレッ(新馬)(2歳),8,4.0,4,4.7,4.0,1,桑村真明,55.0,ダ,1100.0,良,68.9,-0.7,3-2,39.4,474.0,0.0,(マインドエンジェル),300.0
2024102633,ミヤビダイヤ,2026/06/17,門別,曇,12.0,栄冠賞〔H2〕(重賞),10,3.0,3,85.9,9.0,9,山本聡哉,55.0,ダ,1200.0,良,76.5,1.9,7-10,40.7,488.0,0.0,ダブルゲーム,
2024102633,ミヤビダイヤ,2026/05/28,門別,雨,6.0,JRA認定競走ウィナ(OP)(2歳),6,6.0,6,12.0,5.0,5,桑村真明,55.0,ダ,1200.0,稍,76.5,2.0,1-1,41.4,488.0,-2.0,ロゼットリボン,21.0
2024102633,ミヤビダイヤ,2026/05/13,門別,曇,5.0,JRA認定競走アタッ(未勝利)(2歳),8,2.0,2,2.7,2.0,1,桑村真明,55.0,ダ,1000.0,良,62.1,-0.1,4-2,37.0,490.0,-8.0,(フアカイレヴァ),150.0
2024102633,ミヤビダイヤ,2026/04/23,門別,曇,5.0,JRA認定競走フレッ(新馬)(2歳),7,1.0,1,1.8,1.0,2,桑村真明,55.0,ダ,1000.0,稍,63.0,0.6,1-1,38.5,498.0,0.0,ロゼットリボン,84.0
2024102340,シアンディオ,2026/07/02,門別,曇,7.0,ルビー特別(OP)(2歳),5,2.0,2,7.3,4.0,2,落合玄太,55.0,ダ,1200.0,良,75.0,0.2,4-3,38.2,498.0,8.0,クラプロスパー,28.0
2024102340,シアンディオ,2026/05/28,門別,雨,5.0,JRA認定競走フレッ(新馬)(2歳),8,7.0,7,2.5,2.0,1,落合玄太,55.0,ダ,1200.0,稍,75.9,-0.1,1-1,40.2,490.0,0.0,(バシュネル),250.0
2024103014,ワンサックショート,2026/06/24,門別,晴,5.0,JRA認定競走フレッ(新馬)(2歳),10,6.0,6,36.6,7.0,1,小野楓馬,55.0,ダ,1000.0,良,62.8,-0.1,2-3,38.4,418.0,0.0,(ダバイオスカー),250.0
2024100154,ヒマラヤノエティ,2026/07/14,門別,曇,11.0,スフェーン特別(OP)(2歳),8,5.0,5,104.5,8.0,8,藤田凌駕,55.0,ダ,1200.0,重,79.1,4.1,1-1,42.4,454.0,-2.0,ラビリンスティアラ,
2024100154,ヒマラヤノエティ,2026/06/17,門別,晴,6.0,JRA認定競走フレッ(新馬)(2歳),8,3.0,3,4.5,3.0,1,小野楓馬,55.0,ダ,1100.0,良,69.7,-0.3,1-1,39.4,456.0,0.0,(レディウォーリア),250.0
2024103716,ベラジオエイチャン,2026/06/25,門別,曇,7.0,JRA認定競走ウィナ(OP)(2歳),6,6.0,6,56.1,6.0,5,岩橋勇二,55.0,ダ,1000.0,良,63.0,1.9,3-3,38.9,478.0,4.0,ツリーオブライフ,21.0
2024103716,ベラジオエイチャン,2026/05/27,門別,曇,4.0,JRA認定競走アタッ(未勝利)(2歳),8,6.0,6,2.3,1.0,1,岩橋勇二,55.0,ダ,1000.0,良,62.8,-0.2,3-1,38.5,474.0,-4.0,(リュウノマッスル),150.0
2024103716,ベラジオエイチャン,2026/05/14,門別,曇,5.0,JRA認定競走フレッ(新馬)(2歳),11,1.0,1,9.2,5.0,5,阿岸潤一,54.0,ダ,1000.0,良,63.1,0.9,3-2,38.5,478.0,0.0,ピンクゴールド,21.0
2023100263,メチカブーラ,2026/07/15,門別,曇,3.0,3歳以上C4ー2,11,7.0,9,33.6,7.0,6,小川悠汰,52.0,ダ,1200.0,稍,76.8,1.3,4-5,39.3,434.0,0.0,ペプチドアバンス,
2023100263,メチカブーラ,2026/06/25,門別,曇,2.0,3歳以上C4ー2,6,3.0,3,10.1,3.0,5,石川倭,55.0,ダ,1200.0,良,78.4,2.1,1-1,42.8,434.0,0.0,フロンテアブライト,2.8
2023100263,メチカブーラ,2026/06/11,門別,晴,8.0,3歳以上C4ー2,8,5.0,5,19.1,5.0,5,山本聡哉,55.0,ダ,1200.0,良,76.5,1.7,7-7,38.8,434.0,0.0,ヤマニンエラマ,2.8
2023100263,メチカブーラ,2026/05/14,門別,曇,12.0,フロイラインスプリン(重賞),13,7.0,10,272.9,12.0,9,黒澤愛斗,55.0,ダ,1200.0,良,76.2,2.8,7-9,39.8,434.0,10.0,トリップス,
2023100263,メチカブーラ,2026/04/15,門別,曇,7.0,3歳C440万円以下,9,3.0,3,20.6,6.0,9,黒澤愛斗,55.0,ダ,1200.0,良,77.6,2.7,8-6,39.6,424.0,8.0,マッスルチャミー,
2023100263,メチカブーラ,2025/10/22,門別,晴,10.0,グランシャリオドリー(2歳),10,2.0,2,2.4,1.0,6,石川倭,55.0,ダ,1200.0,稍,76.7,1.6,10-8,38.8,416.0,-2.0,リコータロス,
2023100263,メチカブーラ,2025/10/09,門別,晴,6.0,JRA認定競走ウィナ(2歳),12,7.0,9,8.5,3.0,5,宮内勇樹,55.0,ダ,1200.0,良,76.3,1.1,11-9,38.4,418.0,4.0,サヨナキドリ,21.0
2023100263,メチカブーラ,2025/09/10,門別,曇,6.0,JRA認定競走ウィナ(2歳),12,2.0,2,6.8,4.0,3,石川倭,55.0,ダ,1200.0,良,75.4,0.0,11-8,38.0,414.0,-4.0,ケツァールアズール,63.0
2023100263,メチカブーラ,2025/08/12,門別,晴,3.0,2歳牝馬未勝利(未勝利),12,1.0,1,1.4,1.0,1,石川倭,55.0,ダ,1100.0,良,69.1,-0.1,6-4,37.9,418.0,-10.0,(ライトニングジャブ),50.0
2023100263,メチカブーラ,2025/07/31,門別,晴,3.0,JRA認定競走アタッ(未勝利)(2歳),12,5.0,6,13.7,5.0,2,石川倭,55.0,ダ,1000.0,稍,62.9,0.3,10-9,36.8,428.0,2.0,アースコーリング,33.6
2023100263,メチカブーラ,2025/07/02,門別,曇,1.0,2歳牝馬未勝利(未勝利),12,3.0,3,29.8,6.0,2,阿部龍,55.0,ダ,1000.0,良,62.6,0.2,6-5,37.6,426.0,-6.0,ワインチャン,14.0
2023100263,メチカブーラ,2025/06/05,門別,曇,4.0,JRA認定競走フレッ(新馬)(2歳),10,2.0,2,18.4,5.0,5,石川倭,55.0,ダ,1100.0,重,70.0,2.0,6-6,38.4,432.0,0.0,アップタウン,17.5
2020106629,クイーンサイド,2026/07/15,門別,曇,10.0,グランシャリオドリー(C4),11,1.0,1,5.1,3.0,1.0,宮内勇樹,55.0,ダ,1000.0,稍,64.0,-0.3,4-3,38.7,504.0,-6.0,(スキャロップパール),55.0
2020106629,クイーンサイド,2026/07/01,門別,晴,10.0,グランシャリオドリー(C4),12,7.0,9,120.6,8.0,7.0,宮内勇樹,55.0,ダ,1000.0,良,64.6,1.3,5-6,39.4,510.0,2.0,ニシノサーフ,
2020106629,クイーンサイド,2026/06/10,門別,晴,2.0,3歳以上C4ー3,12,6.0,8,27.1,7.0,4.0,岩橋勇二,55.0,ダ,1000.0,重,64.5,0.7,1-1,39.3,508.0,6.0,フィールザクラウン,5.6
2020106629,クイーンサイド,2026/05/20,門別,曇,12.0,ゲッケイジュ特別(C4),13,6.0,9,217.2,12.0,6.0,藤田凌駕,53.0,ダ,1200.0,良,77.1,1.4,9-7,38.4,502.0,0.0,ティファニジェンヌ,
2020106629,クイーンサイド,2026/05/05,門別,晴,9.0,キショウブ特別(C4),12,5.0,5,268.4,11.0,8.0,藤田凌駕,53.0,ダ,1000.0,稍,63.9,1.8,8-8,37.6,502.0,4.0,フィンガルスケーブ,
2020106629,クイーンサイド,2026/04/22,門別,晴,10.0,グランシャリオドリー(C4),9,7.0,7,67.0,7.0,5.0,桑村真明,55.0,ダ,1000.0,稍,64.1,1.1,5-5,39.0,498.0,-14.0,プチビーンズ,3.8
2020106629,クイーンサイド,2025/11/13,門別,晴,3.0,3歳以上C4ー2,12,6.0,8,145.2,10.0,12.0,阿部龍,55.0,ダ,1000.0,稍,65.5,3.4,7-7,39.8,512.0,0.0,クアトロフォルトナ,
2020106629,クイーンサイド,2025/10/29,門別,晴,5.0,3歳以上C4ー2,11,4.0,4,583.4,11.0,9.0,藤田凌駕,53.0,ダ,1000.0,稍,64.3,1.6,8-8,38.9,512.0,6.0,アルデスト,
2020106629,クイーンサイド,2025/10/08,門別,晴,6.0,3歳以上C4ー3,11,7.0,10,95.6,8.0,11.0,阿岸潤一,54.0,ダ,1200.0,良,83.4,6.0,3-4,46.2,506.0,0.0,キタノチャンス,
2020106629,クイーンサイド,2025/09/23,門別,晴,4.0,赤黒の勇者賞(C4),12,2.0,2,68.7,7.0,7.0,小杉亮,55.0,ダ,1000.0,稍,64.4,2.2,4-5,39.0,506.0,2.0,インユアアイズ,
2020106629,クイーンサイド,2025/09/11,門別,晴,5.0,3歳以上C4ー3,10,2.0,2,184.1,9.0,5.0,小杉亮,55.0,ダ,1000.0,良,63.6,1.1,7-9,37.9,504.0,6.0,イマーシブ,2.8
2020106629,クイーンサイド,2025/08/26,門別,曇,10.0,グランシャリオドリー(C4),12,3.0,3,54.2,9.0,7.0,小野楓馬,55.0,ダ,1000.0,良,64.6,1.6,5-7,39.5,498.0,-4.0,ラスターカノン,
2020106629,クイーンサイド,2025/08/12,門別,晴,6.0,3歳以上C4ー3,9,3.0,3,128.8,9.0,8.0,岩橋勇二,55.0,ダ,1000.0,良,65.2,2.3,6-6,39.6,502.0,4.0,カネトシブレーブ,
2020106629,クイーンサイド,2025/07/30,門別,,6.0,ミルクランド北海道賞(C4),0,7.0,7,,,,岩橋勇二,55.0,ダ,1000.0,,,,,,,,,
2020106629,クイーンサイド,2025/07/16,門別,曇,8.0,3歳以上C4ー3,11,2.0,2,261.7,11.0,9.0,岩橋勇二,55.0,ダ,1000.0,稍,65.0,1.6,3-1,40.0,498.0,0.0,シュヴィル,
2020106629,クイーンサイド,2025/07/02,門別,曇,7.0,3歳以上C4ー3,9,8.0,9,285.4,9.0,6.0,秋元耕成,55.0,ダ,1000.0,良,63.3,1.7,8-7,37.6,498.0,-8.0,アームズクイーン,
2020106629,クイーンサイド,2025/06/19,門別,晴,6.0,3歳以上C4ー3,14,2.0,2,347.1,13.0,14.0,松井伸也,55.0,ダ,1200.0,良,79.8,4.9,7-7,42.7,506.0,6.0,ロワン,
2020106629,クイーンサイド,2025/06/05,門別,曇,10.0,グランシャリオドリー(C4),9,6.0,6,174.3,9.0,8.0,松井伸也,55.0,ダ,1000.0,重,63.5,2.4,9-8,38.1,500.0,-10.0,デュジャック,
2020106629,クイーンサイド,2025/05/22,門別,晴,10.0,グランシャリオドリー(C4),11,8.0,11,636.7,11.0,7.0,井上俊彦,55.0,ダ,1000.0,良,64.3,2.1,8-7,38.9,510.0,6.0,ケイアイワカポノ,
2020106629,クイーンサイド,2025/05/08,門別,晴,2.0,3歳以上C4ー3,14,3.0,4,63.1,9.0,12.0,落合玄太,55.0,ダ,1200.0,良,78.7,3.9,14-14,39.1,504.0,2.0,イモータルウインド,
2020106629,クイーンサイド,2025/04/23,門別,曇,5.0,3歳以上C4ー3,11,8.0,10,77.6,11.0,11.0,服部茂史,55.0,ダ,1000.0,重,64.0,2.4,11-11,39.0,502.0,-6.0,レーヴァテイン,
2020106629,クイーンサイド,2024/11/04,門別,雨,4.0,大井とスクランブルナ(C4),12,7.0,10,79.7,8.0,4.0,吉本隆記,55.0,ダ,1000.0,良,63.2,0.8,8-7,37.5,508.0,0.0,ウインブリエ,7.7
2020106629,クイーンサイド,2024/10/24,門別,晴,3.0,3歳以上C4ー3,9,7.0,8,21.9,5.0,7.0,小野楓馬,55.0,ダ,1000.0,重,64.4,3.0,4-4,39.3,508.0,2.0,プルミエールパス,
2020106629,クイーンサイド,2024/10/09,門別,晴,2.0,3歳以上C4ー3,12,3.0,3,6.6,3.0,8.0,小野楓馬,55.0,ダ,1000.0,稍,63.9,1.1,6-6,38.8,506.0,4.0,オプションプラン,
2020106629,クイーンサイド,2024/09/26,門別,曇,6.0,3歳以上C4ー3,8,3.0,3,2.3,1.0,3.0,小野楓馬,55.0,ダ,1000.0,良,63.5,0.3,3-3,38.0,502.0,6.0,カミンスキ,8.4
2020106629,クイーンサイド,2024/09/12,門別,晴,6.0,3歳以上C4ー3,11,8.0,11,24.6,6.0,4.0,岩橋勇二,55.0,ダ,1000.0,良,63.7,1.5,5-6,37.9,496.0,-6.0,キラリメイラード,5.6
2020106629,クイーンサイド,2024/08/29,門別,曇,10.0,アルーダ日高西部特別(C4),9,1.0,1,7.8,4.0,6.0,亀井洋司,55.0,ダ,1000.0,稍,63.7,0.8,3-3,39.0,502.0,6.0,マドンナブルー,
2020106629,クイーンサイド,2024/08/08,門別,晴,10.0,JAびらとりニシパの(C4),9,8.0,8,4.5,3.0,1.0,小野楓馬,55.0,ダ,1000.0,良,63.5,-0.4,4-3,38.0,496.0,0.0,(エンジェルスラップ),55.0
2020106629,クイーンサイド,2024/07/24,門別,曇,1.0,3歳以上C4ー4,9,6.0,6,11.9,3.0,8.0,桑村真明,55.0,ダ,1000.0,良,65.0,1.8,2-1,40.3,496.0,-6.0,ユイミオ,
2020106629,クイーンサイド,2024/07/09,門別,曇,1.0,3歳以上C4ー4,12,7.0,10,25.6,5.0,5.0,小野楓馬,55.0,ダ,1000.0,稍,64.0,0.9,5-4,38.8,502.0,2.0,ウナトライオン,2.8
2020106629,クイーンサイド,2024/06/27,門別,曇,5.0,3歳以上C4ー4,11,8.0,10,14.0,6.0,5.0,松井伸也,55.0,ダ,1000.0,良,64.1,0.9,5-5,38.6,500.0,0.0,トレビアンクリール,2.8
2020106629,クイーンサイド,2024/06/12,門別,晴,1.0,3歳以上C4ー4,9,1.0,1,8.8,5.0,5.0,宮内勇樹,53.0,ダ,1000.0,良,64.3,1.9,5-5,38.6,500.0,4.0,ゴールデンアイル,2.8
2020106629,クイーンサイド,2024/05/29,門別,晴,10.0,ラナンキュラス特別(C4),11,3.0,3,6.0,4.0,2.0,亀井洋司,55.0,ダ,1000.0,良,64.0,0.1,3-3,38.8,496.0,4.0,サンシュヴァリエ,15.4
2020106629,クイーンサイド,2024/05/14,門別,晴,5.0,3歳以上C4ー4,11,8.0,10,60.2,7.0,3.0,宮内勇樹,53.0,ダ,1000.0,稍,63.6,0.7,7-6,38.2,492.0,0.0,ユウノワンワン,8.4
2020106629,クイーンサイド,2024/05/01,門別,晴,7.0,3歳以上C4ー4,11,8.0,10,11.2,5.0,5.0,若杉朝飛,52.0,ダ,1000.0,良,64.4,1.4,4-4,38.9,492.0,-2.0,ヤルキゲンキユウキ,2.8
2020106629,クイーンサイド,2024/04/17,門別,雨,6.0,静内みゆき通り賞(C4),10,3.0,3,14.3,5.0,3.0,若杉朝飛,52.0,ダ,1000.0,良,63.7,1.1,3-3,38.4,494.0,-2.0,ロングビーチ,8.4
2020106629,クイーンサイド,2023/11/01,門別,曇,5.0,3歳以上C4ー4,10,7.0,7,3.1,1.0,5.0,落合玄太,54.0,ダ,1000.0,稍,64.7,1.0,4-4,39.3,496.0,-2.0,エウテューモス,2.8
2020106629,クイーンサイド,2023/10/18,門別,晴,3.0,3歳以上C4ー4,12,5.0,6,12.1,5.0,3.0,岩橋勇二,54.0,ダ,1000.0,良,64.1,0.3,2-2,39.0,498.0,4.0,ジュエルシーカー,8.4
2020106629,クイーンサイド,2023/10/03,門別,晴,4.0,3歳以上C4ー4,12,8.0,11,29.0,6.0,5.0,小野楓馬,54.0,ダ,1000.0,良,64.5,1.3,7-7,38.7,494.0,0.0,オレンジベルン,2.8
2020106629,クイーンサイド,2023/09/20,門別,晴,5.0,襟裳岬賞(C4),12,5.0,5,49.8,7.0,3.0,小野楓馬,54.0,ダ,1000.0,良,64.3,1.0,5-5,39.0,494.0,4.0,クロノワール,8.4
2020106629,クイーンサイド,2023/09/06,門別,曇,1.0,3歳以上C4ー4,12,3.0,3,20.7,7.0,9.0,落合玄太,54.0,ダ,1000.0,重,64.6,1.4,6-7,38.6,490.0,6.0,ミスジャカルタ,
2020106629,クイーンサイド,2023/08/23,門別,晴,5.0,3歳以上C4ー4,12,7.0,10,58.3,8.0,3.0,宮内勇樹,51.0,ダ,1000.0,稍,63.6,1.5,6-6,38.1,484.0,0.0,ラヴァグロウ,8.4
2020106629,クイーンサイド,2023/08/09,門別,晴,4.0,みついし花だより賞(C4),9,8.0,9,23.5,7.0,4.0,阿岸潤一,51.0,ダ,1000.0,稍,64.2,1.2,6-5,39.3,484.0,2.0,リトルアーサー,5.6
2020106629,クイーンサイド,2023/08/02,門別,晴,5.0,びらとり和牛賞(C4),12,6.0,8,152.9,9.0,5.0,阿岸潤一,51.0,ダ,1000.0,良,64.3,1.7,6-7,39.3,482.0,-2.0,ヤマイチラブリー,2.8
2020106629,クイーンサイド,2023/07/19,門別,曇,5.0,静内川賞(C4),12,5.0,5,211.4,10.0,6.0,阿岸潤一,51.0,ダ,1000.0,稍,64.1,2.5,5-6,38.8,484.0,4.0,ダイメイタマナ,
2020106629,クイーンサイド,2023/07/04,門別,曇,1.0,3歳以上C4ー3,12,1.0,1,79.8,9.0,10.0,岩橋勇二,54.0,ダ,1000.0,良,65.7,1.4,5-5,40.0,480.0,6.0,アースヒメ,
2020106629,クイーンサイド,2023/06/15,門別,曇,3.0,3歳以上C4ー3,12,3.0,3,417.9,11.0,10.0,阿岸潤一,51.0,ダ,1000.0,稍,64.6,2.7,7-8,39.0,474.0,-2.0,バクシーシ,
2020106629,クイーンサイド,2023/06/07,門別,雨,1.0,3歳条件未勝利(未勝利),12,7.0,10,443.9,11.0,8.0,亀井洋司,54.0,ダ,1000.0,稍,64.4,1.9,10-9,38.7,476.0,-6.0,ゲンサイ,
2020106629,クイーンサイド,2023/05/24,門別,晴,2.0,3歳条件未勝利(未勝利),11,2.0,2,187.4,11.0,8.0,阪野学,54.0,ダ,1000.0,稍,64.7,2.9,9-9,38.5,482.0,-2.0,アグラバー,
2020106629,クイーンサイド,2023/05/04,門別,晴,1.0,3歳条件未勝利(未勝利),11,8.0,10,148.0,9.0,10.0,亀井洋司,54.0,ダ,1000.0,良,65.5,2.7,9-9,40.0,484.0,0.0,マミーマム,
2020106629,クイーンサイド,2023/04/20,門別,曇,4.0,3歳条件未勝利(未勝利),10,2.0,2,47.1,8.0,8.0,亀井洋司,54.0,ダ,1000.0,稍,65.6,2.3,3-3,40.6,484.0,8.0,セントマリリン,
2020106629,クイーンサイド,2022/11/08,門別,曇,5.0,2歳牝馬未勝利(未勝利),12,8.0,11,89.8,9.0,11.0,黒澤愛斗,54.0,ダ,1000.0,稍,63.8,1.6,9-8,38.3,476.0,6.0,リコーアストラ,
2020106629,クイーンサイド,2022/10/25,門別,晴,3.0,弾ダンクナナーダニエ(未勝利)(2歳),8,7.0,7,43.5,5.0,4.0,黒澤愛斗,54.0,ダ,1000.0,良,64.3,0.7,4-4,38.2,470.0,-8.0,ストーリータイム,7.0
2020106629,クイーンサイド,2022/10/13,門別,晴,3.0,2歳未勝利(未勝利),11,4.0,4,71.2,8.0,8.0,黒澤愛斗,54.0,ダ,1000.0,稍,63.0,1.9,10-9,37.5,478.0,12.0,サクセスキーパー,
2020106629,クイーンサイド,2022/09/22,門別,晴,1.0,日高町プチプチ!いく(未勝利)(2歳),10,3.0,3,161.5,9.0,10.0,山本咲希,54.0,ダ,1600.0,稍,111.1,5.2,9-9-9-9,45.6,466.0,-2.0,リョウタスペシャル,
2020106629,クイーンサイド,2022/09/07,門別,晴,3.0,2歳牝馬未勝利(未勝利),9,8.0,9,82.1,8.0,6.0,坂下秀樹,54.0,ダ,1000.0,良,64.9,2.4,5-5,39.9,468.0,-4.0,スカイミニスター,
2020106629,クイーンサイド,2022/08/25,門別,晴,3.0,2歳未勝利(未勝利),9,1.0,1,162.2,7.0,8.0,松井伸也,54.0,ダ,1000.0,良,64.1,2.5,7-7,38.4,472.0,-8.0,レイシン,
2020106629,クイーンサイド,2022/08/10,門別,曇,4.0,JRA認定フレッシュ(新馬)(2歳),9,8.0,9,49.5,7.0,9.0,石川倭,54.0,ダ,1000.0,不,64.2,2.6,7-7,39.1,480.0,0.0,ジョルジュ,
2023101954,メイショウカラクサ,2026/06/24,門別,晴,8.0,3歳以上C4ー2,9,1.0,1,11.1,4.0,4,渡辺準己,54.0,ダ,1000.0,良,62.8,0.9,2-2,38.7,480.0,0.0,カツノトゥウェルヴ,5.6
2023101954,メイショウカラクサ,2026/05/28,門別,雨,3.0,DOセール賞(C4),12,2.0,2,3.1,1.0,6,渡辺準己,54.0,ダ,1000.0,稍,63.2,1.1,4-6,38.2,480.0,0.0,ミソラ,
2023101954,メイショウカラクサ,2026/05/13,門別,曇,4.0,3歳以上C4ー3,11,6.0,7,1.3,1.0,1,渡辺準己,54.0,ダ,1000.0,良,63.0,-0.5,1-1,37.6,480.0,6.0,(バブリーダッシュ),40.0
2023101954,メイショウカラクサ,2026/04/15,門別,曇,5.0,3歳以上C4ー3,12,6.0,8,5.8,3.0,9,渡辺準己,54.0,ダ,1000.0,良,64.2,2.4,1-2,39.6,474.0,-12.0,ノアルパフェ,
2023101954,メイショウカラクサ,2025/11/12,門別,晴,9.0,由仁町・栗山町由栗い(2歳),10,7.0,7,2.6,1.0,7,落合玄太,56.0,ダ,1200.0,稍,76.9,2.0,7-8,40.7,486.0,0.0,ヴァーチェ,
2023101954,メイショウカラクサ,2025/11/05,門別,晴,3.0,2歳未勝利(未勝利),12,5.0,6,1.2,1.0,1,落合玄太,56.0,ダ,1000.0,稍,62.9,-1.6,1-1,37.1,486.0,2.0,(フジノアルファ),50.0
2023101954,メイショウカラクサ,2025/09/25,門別,雨,3.0,2歳新馬(新馬),12,4.0,4,5.4,4.0,6,服部茂史,56.0,ダ,1000.0,不,62.5,2.1,6-7,37.8,484.0,0.0,エイシンミラーミ,
2020100547,ストーリータイム,2026/07/15,門別,晴,5.0,3歳以上C4ー3,11,8.0,12,1.5,1.0,1,服部茂史,57.0,ダ,1000.0,稍,63.1,-0.2,5-3,38.4,498.0,-4.0,(コンバットイズモ),40.0
2020100547,ストーリータイム,2026/06/04,門別,晴,1.0,3歳以上C4ー3,12,3.0,3,5.8,3.0,2,服部茂史,57.0,ダ,1000.0,良,62.6,0.4,7-6,37.2,502.0,-10.0,オオイシアジサイ,11.2
2020100547,ストーリータイム,2026/05/21,門別,曇,2.0,3歳以上C4ー3,12,3.0,3,14.9,3.0,3,服部茂史,57.0,ダ,1000.0,良,62.7,0.4,6-3,37.5,512.0,0.0,サクセスビービー,8.4
2020100547,ストーリータイム,2026/05/06,門別,晴,1.0,3歳以上C4ー3,12,3.0,3,4.4,3.0,3,服部茂史,57.0,ダ,1000.0,稍,63.1,0.3,5-5,38.1,512.0,2.0,アークオブライフ,8.4
2020100547,ストーリータイム,2026/04/23,門別,曇,2.0,3歳以上C4ー3,12,2.0,2,23.5,5.0,3,服部茂史,57.0,ダ,1000.0,稍,62.5,0.5,6-5,37.4,510.0,-4.0,ワイルドタイタン,8.4
2020100547,ストーリータイム,2025/11/11,門別,曇,11.0,しべつ牛乳特別(C3),15,2.0,3,178.4,12.0,14,松井伸也,57.0,ダ,1200.0,稍,78.3,2.4,11-13,40.1,514.0,4.0,リオンセーラス,
2020100547,ストーリータイム,2025/10/23,門別,晴,4.0,3歳以上C3ー2C4,11,6.0,7,,,取,阿部龍,57.0,ダ,1000.0,稍,,,,,,,モズアンドモズ,
2020100547,ストーリータイム,2025/10/09,門別,晴,5.0,うらかわ優駿ビレッジ(C3),12,7.0,10,118.6,11.0,12,服部茂史,57.0,ダ,1000.0,良,64.3,2.3,8-10,39.0,510.0,12.0,インユアアイズ,
2020100547,ストーリータイム,2025/09/25,門別,晴,7.0,3歳以上C3ー2C4,11,7.0,10,,,取,服部茂史,57.0,ダ,1000.0,不,,,,,,,ミネノブルー,
2020100547,ストーリータイム,2025/07/31,門別,晴,5.0,道の駅あびらオリジナ(C4),11,6.0,6,42.9,7.0,1,服部茂史,57.0,ダ,1000.0,稍,62.8,0.0,5-5,37.8,498.0,0.0,(エムティヒララ),40.0
2020100547,ストーリータイム,2025/07/15,門別,曇,10.0,グランシャリオドリー(C4),12,2.0,2,50.1,8.0,10,服部茂史,57.0,ダ,1000.0,稍,64.5,1.9,9-10,38.9,498.0,0.0,ヴォルフラム,
2020100547,ストーリータイム,2025/07/01,門別,晴,6.0,どさんこ内藤賞(C4),9,8.0,9,2.4,2.0,6,服部茂史,57.0,ダ,1000.0,良,63.7,1.6,8-8,38.2,498.0,4.0,トーアエデン,
2020100547,ストーリータイム,2025/06/05,門別,曇,7.0,3歳以上C3ー2C4,13,6.0,9,150.9,9.0,9,桑村真明,57.0,ダ,1200.0,重,75.7,1.3,10-11,38.2,494.0,-2.0,マナマカナ,
2020100547,ストーリータイム,2025/05/22,門別,曇,7.0,DOセール賞(C3),13,4.0,5,20.2,4.0,6,石川倭,57.0,ダ,1200.0,良,76.6,1.7,9-9,39.0,496.0,-6.0,イモータルウインド,
2020100547,ストーリータイム,2025/05/08,門別,曇,8.0,カーネーション特別(C3),12,4.0,4,17.2,6.0,6,落合玄太,57.0,ダ,1000.0,良,62.3,0.2,9-10,36.6,502.0,2.0,ジャスパーエイト,
2020100547,ストーリータイム,2025/04/24,門別,晴,7.0,3歳以上C3ー2C4,11,6.0,8,23.3,6.0,6,服部茂史,57.0,ダ,1000.0,重,62.3,1.2,8-8,37.1,500.0,4.0,キラリメイラード,
2020100547,ストーリータイム,2024/08/29,門別,曇,8.0,あと3年全共北海道2(C3),12,7.0,9,18.7,6.0,2,服部茂史,57.0,ダ,1000.0,稍,62.3,0.5,6-6,37.5,496.0,-6.0,レイワホクト,11.2
2020100547,ストーリータイム,2024/07/31,門別,晴,9.0,ホクレンSS賞(C3),10,7.0,8,10.2,5.0,4,服部茂史,57.0,ダ,1000.0,稍,62.5,1.0,6-5,37.5,502.0,14.0,ビービーバシリス,5.6
2020100547,ストーリータイム,2024/07/04,門別,曇,9.0,3歳以上C3C4ー1,12,4.0,4,20.8,6.0,6,黒澤愛斗,57.0,ダ,1000.0,稍,62.6,1.1,10-7,37.1,488.0,2.0,ルンルンマルタン,
2020100547,ストーリータイム,2024/06/12,門別,晴,7.0,3歳以上C3C4ー1,12,5.0,6,17.7,7.0,8,黒澤愛斗,57.0,ダ,1000.0,良,62.7,0.5,9-7,38.1,486.0,0.0,マルティネーテ,
2020100547,ストーリータイム,2024/05/23,門別,晴,10.0,AIRDOカード賞(C3),12,6.0,8,4.4,3.0,2,服部茂史,57.0,ダ,1000.0,良,62.4,0.2,8-8,37.4,486.0,0.0,マルティネーテ,11.2
2020100547,ストーリータイム,2024/05/09,門別,晴,9.0,3歳以上C3C4ー1,12,6.0,8,12.1,3.0,6,服部茂史,57.0,ダ,1000.0,稍,62.6,0.5,5-6,37.8,486.0,-6.0,コリュウカゲミツ,
2020100547,ストーリータイム,2024/04/24,門別,曇,7.0,3歳以上C4ー2,8,7.0,7,2.6,1.0,1,服部茂史,57.0,ダ,1000.0,良,62.7,-0.3,4-4,38.3,492.0,-6.0,(クロノワール),40.0
2020100547,ストーリータイム,2023/11/08,門別,晴,5.0,3歳以上C3ー2C4,12,7.0,10,30.5,4.0,3,服部茂史,56.0,ダ,1000.0,重,62.4,1.2,11-9,37.3,498.0,2.0,クアトロソバージュ,8.4
2020100547,ストーリータイム,2023/10/24,門別,晴,8.0,3歳以上C3ー2C4,11,3.0,3,19.7,6.0,2,服部茂史,56.0,ダ,1000.0,稍,62.7,0.2,8-6,37.6,496.0,2.0,エリカソレイユ,11.2
2020100547,ストーリータイム,2023/10/12,門別,晴,5.0,3歳以上C4ー2,8,8.0,8,5.6,4.0,2,服部茂史,56.0,ダ,1000.0,稍,62.4,0.2,6-6,37.3,494.0,10.0,モーニングヒマワリ,11.2
2020100547,ストーリータイム,2023/09/14,門別,雨,6.0,3歳以上C4ー2,11,2.0,2,14.8,5.0,3,服部茂史,56.0,ダ,1000.0,不,62.2,0.8,10-8,36.9,484.0,0.0,カツゲキウマムスビ,8.4
2020100547,ストーリータイム,2023/08/29,門別,曇,6.0,ソガベツの滝賞(C4),10,7.0,9,2.0,1.0,2,服部茂史,56.0,ダ,1000.0,良,63.2,1.2,6-5,38.2,484.0,12.0,アルカイド,11.2
2020100547,ストーリータイム,2023/08/03,門別,曇,8.0,北海道日高管内商工会(C4),12,6.0,8,3.1,2.0,4,服部茂史,56.0,ダ,1000.0,良,63.0,0.8,6-5,37.5,472.0,-6.0,ワンビ,5.6
2020100547,ストーリータイム,2023/07/20,門別,曇,4.0,3歳以上C4ー2,9,8.0,8,2.7,2.0,4,松井伸也,56.0,ダ,1000.0,稍,62.9,1.0,6-6,37.9,478.0,8.0,ポリゴン,5.6
2020100547,ストーリータイム,2023/06/27,門別,曇,5.0,3歳以上C4ー3,12,1.0,1,2.7,1.0,1,服部茂史,56.0,ダ,1000.0,良,62.1,0.0,8-7,37.3,470.0,-2.0,(ルナエルフ),40.0
2020100547,ストーリータイム,2023/06/08,門別,晴,1.0,3歳条件4組40万円,11,2.0,2,40.1,7.0,2,服部茂史,56.0,ダ,1000.0,稍,62.0,0.9,5-4,37.2,472.0,0.0,エリコーハク,16.8
2020100547,ストーリータイム,2023/05/18,門別,晴,3.0,3歳条件4組40万円,12,5.0,5,8.0,4.0,11,松井伸也,56.0,ダ,1200.0,良,77.6,3.0,4-9,41.2,472.0,4.0,フィールマイウェイ,
2020100547,ストーリータイム,2023/04/26,門別,雨,4.0,3歳条件4ー2,12,3.0,3,11.8,7.0,3,松井伸也,56.0,ダ,1000.0,不,61.7,0.6,5-4,37.3,468.0,-10.0,カツゲキウマムスビ,12.6
2020100547,ストーリータイム,2022/11/09,門別,晴,6.0,2歳3組,12,8.0,12,169.4,12.0,3,松井伸也,55.0,ダ,1200.0,稍,75.0,0.4,5-5,38.6,478.0,-6.0,リコーステアー,12.6
2020100547,ストーリータイム,2022/10/25,門別,晴,3.0,弾ダンクナナーダニエ(未勝利)(2歳),8,2.0,2,3.0,2.0,1,服部茂史,55.0,ダ,1000.0,良,63.6,-0.2,3-3,38.3,484.0,12.0,(ファゼドール),50.0
2020100547,ストーリータイム,2022/09/27,門別,晴,3.0,2歳未勝利(未勝利),12,5.0,5,15.3,7.0,4,服部茂史,55.0,ダ,1000.0,稍,62.6,0.2,7-6,37.5,472.0,-2.0,フルフィリング,7.0
2020100547,ストーリータイム,2022/09/13,門別,晴,1.0,2歳未勝利(未勝利),8,5.0,5,14.9,3.0,4,服部茂史,54.0,ダ,1000.0,良,63.4,0.2,6-6,38.0,474.0,4.0,ティーズアヴァンセ,7.0
2020100547,ストーリータイム,2022/08/24,門別,晴,4.0,2歳未勝利(未勝利),10,5.0,5,7.0,5.0,10,阿部龍,54.0,ダ,1000.0,稍,64.8,1.9,7-10,39.1,470.0,-8.0,カラフルリーフ,
2020100547,ストーリータイム,2022/08/03,門別,曇,4.0,びらとり温泉美味い宿(未勝利)(2歳),12,7.0,10,52.3,9.0,9,服部茂史,54.0,ダ,1100.0,重,69.6,2.5,6-7,39.2,478.0,14.0,ボルドートロギル,
2020100547,ストーリータイム,2022/07/14,門別,曇,4.0,JRA認定フレッシュ(新馬)(2歳),9,8.0,9,4.2,2.0,5,服部茂史,54.0,ダ,1100.0,良,71.2,1.5,4-4,40.6,464.0,0.0,ユーアオンフリーク,15.4
2023104618,オーベール,2026/07/15,門別,曇,3.0,3歳以上C4ー2,11,8.0,10,557.4,10.0,10,黒澤愛斗,55.0,ダ,1200.0,稍,79.3,3.8,11-11,40.3,482.0,-4.0,ペプチドアバンス,
2023104618,オーベール,2026/07/02,門別,曇,4.0,3歳以上C4ー2,9,7.0,7,361.1,9.0,9,黒澤愛斗,55.0,ダ,1200.0,良,78.6,2.4,2-2,41.1,486.0,-2.0,グレイトエイト,
2023104618,オーベール,2026/06/18,門別,晴,2.0,とみくるマルシェ賞(C4),13,1.0,1,438.2,11.0,11,黒澤愛斗,55.0,ダ,1200.0,良,78.6,3.3,12-12,40.8,488.0,-2.0,サンゼントカガヤク,
2023104618,オーベール,2026/06/03,門別,曇,7.0,3歳以上C4ー2,10,7.0,8,451.9,9.0,7,宮内勇樹,55.0,ダ,1200.0,良,77.7,1.9,9-9,39.8,490.0,-6.0,マーロウ,
2023104618,オーベール,2026/05/21,門別,曇,7.0,3歳以上C4ー2,14,8.0,14,230.7,11.0,11,黒澤愛斗,55.0,ダ,1200.0,良,77.5,2.6,12-14,39.9,496.0,4.0,スキャボロフェアー,
2023104618,オーベール,2026/05/06,門別,晴,4.0,3歳以上C4ー2,14,4.0,5,52.7,7.0,11,黒澤愛斗,55.0,ダ,1200.0,良,78.2,2.7,12-13,40.0,492.0,20.0,アサガオ,
2023104618,オーベール,2026/02/10,2京都4,晴,3.0,3歳未勝利,14,4.0,7,358.4,13.0,13,国分優作,55.0,ダ,1400.0,良,89.8,2.8,14-14,39.6,472.0,-4.0,リピ,
2023104618,オーベール,2026/01/31,2京都1,曇,1.0,3歳未勝利,16,2.0,3,312.0,14.0,15,高倉稜,55.0,ダ,1200.0,良,76.6,3.8,9-9,39.1,476.0,10.0,ソウルオンファイア,
2023104618,オーベール,2025/12/21,5阪神6,雨,6.0,2歳新馬,11,1.0,1,139.9,10.0,8,田中健,55.0,芝,1200.0,重,73.1,2.6,4-4,36.6,466.0,0.0,ワイドシュテルケ,
2023102268,トモノタツミ,2026/07/14,門別,雨,7.0,3歳以上C4ー2,11,8.0,11,8.0,5.0,3.0,松井伸也,55.0,ダ,1000.0,重,62.2,0.2,1-2,38.1,448.0,2.0,ベルテオドーラ,8.4
2023102268,トモノタツミ,2026/06/30,門別,晴,7.0,3歳以上C4ー2,9,1.0,1,30.4,5.0,3.0,松井伸也,55.0,ダ,1000.0,良,62.9,0.6,5-4,37.8,446.0,2.0,サラメーガン,8.4
2023102268,トモノタツミ,2026/06/17,門別,晴,7.0,沙流川温泉ひだか高原(C4),11,2.0,2,14.5,4.0,4.0,松井伸也,55.0,ダ,1000.0,良,62.9,0.8,7-7,37.7,444.0,6.0,ロスカキック,5.6
2023102268,トモノタツミ,2026/06/03,門別,晴,2.0,3歳以上C4ー3,12,7.0,10,1.1,1.0,1.0,石川倭,55.0,ダ,1000.0,良,63.1,-0.3,3-3,38.5,438.0,2.0,(ミラージュフルール),40.0
2023102268,トモノタツミ,2026/05/14,門別,曇,12.0,フロイラインスプリン(重賞),13,3.0,3,134.9,10.0,12.0,岩橋勇二,55.0,ダ,1200.0,良,76.6,3.2,2-6,40.6,436.0,0.0,トリップス,
2023102268,トモノタツミ,2026/04/23,門別,曇,2.0,3歳以上C4ー3,12,7.0,9,2.5,1.0,4.0,石川倭,55.0,ダ,1000.0,稍,62.6,0.6,3-3,38.0,436.0,-4.0,ワイルドタイタン,5.6
2023102268,トモノタツミ,2025/11/12,門別,晴,10.0,グランシャリオドリー(2歳),11,7.0,10,28.6,7.0,5.0,松井伸也,55.0,ダ,1000.0,稍,62.5,0.7,7-7,37.5,440.0,2.0,フィールドアピール,4.5
2023102268,トモノタツミ,2025/11/05,門別,晴,1.0,2歳未勝利(未勝利),12,7.0,9,1.9,1.0,1.0,松井伸也,55.0,ダ,1100.0,稍,69.0,0.0,3-2,38.6,438.0,0.0,(シャイニーブルー),50.0
2023102268,トモノタツミ,2025/10/22,門別,曇,1.0,2歳未勝利(未勝利),8,5.0,5,3.2,2.0,2.0,松井伸也,55.0,ダ,1100.0,稍,69.8,0.0,1-1,38.4,438.0,0.0,キングズパワー,14.0
2023102268,トモノタツミ,2025/10/08,門別,晴,2.0,2歳牝馬未勝利(未勝利),12,1.0,1,17.3,7.0,4.0,岩橋勇二,55.0,ダ,1100.0,良,69.7,0.3,3-3,38.9,438.0,0.0,インプレッシング,7.0
2023102268,トモノタツミ,2025/09/24,門別,晴,2.0,2歳未勝利(未勝利),12,7.0,10,4.9,2.0,2.0,岩橋勇二,55.0,ダ,1100.0,良,70.1,0.8,4-4,39.5,438.0,-2.0,ヴァーチェ,14.0
2023102268,トモノタツミ,2025/09/10,門別,曇,2.0,2歳未勝利(未勝利),12,8.0,12,12.8,6.0,4.0,岩橋勇二,55.0,ダ,1100.0,良,69.5,0.9,3-2,38.8,440.0,6.0,アルバソーレ,7.0
2023102268,トモノタツミ,2025/08/26,門別,曇,5.0,JRA認定競走アタッ(未勝利)(2歳),9,4.0,4,219.8,9.0,8.0,及川烈,54.0,ダ,1000.0,良,64.2,2.0,3-6,39.9,434.0,2.0,タビクン,
2023102268,トモノタツミ,2025/08/06,門別,曇,3.0,JRA認定競走アタッ(未勝利)(2歳),11,6.0,6,12.2,5.0,10.0,及川烈,54.0,ダ,1000.0,良,63.1,1.6,6-7,38.3,432.0,0.0,グレートスティック,
2023102268,トモノタツミ,2025/07/30,門別,,2.0,ほくれん丸賞(未勝利)(2歳),0,2.0,2,,,,岩橋勇二,55.0,ダ,1100.0,,,,,,,,,
2023102268,トモノタツミ,2025/07/15,門別,曇,3.0,2歳牝馬未勝利(未勝利),12,3.0,3,3.8,2.0,7.0,亀井洋司,55.0,ダ,1100.0,稍,71.4,1.1,1-1,41.5,432.0,2.0,ナラティヴハーピー,
2023102268,トモノタツミ,2025/07/01,門別,晴,3.0,シューター菊地賞(未勝利)(2歳),8,8.0,8,6.8,2.0,2.0,岩橋勇二,55.0,ダ,1100.0,良,69.8,0.1,3-1,39.7,430.0,8.0,マッスルチャミー,14.0
2023102268,トモノタツミ,2025/05/22,門別,曇,4.0,JRA認定競走フレッ(新馬)(2歳),12,8.0,12,7.6,3.0,4.0,岩橋勇二,55.0,ダ,1000.0,良,63.5,2.3,7-7,37.6,422.0,0.0,ブルーコスモス,42.0
2017104231,スズオリーブ,2026/07/16,門別,晴,4.0,3歳以上C4ー2,12,1.0,1,415.3,10.0,11,藤田凌駕,53.0,ダ,1000.0,重,63.3,1.7,5-6,38.3,460.0,2.0,ポートエレン,
2017104231,スズオリーブ,2026/07/02,門別,曇,8.0,3歳以上C4ー2,11,7.0,9,289.7,10.0,4,藤田凌駕,53.0,ダ,1000.0,良,63.3,0.8,9-8,37.9,458.0,-8.0,アークオブライフ,5.6
2017104231,スズオリーブ,2026/06/18,門別,晴,2.0,とみくるマルシェ賞(C4),13,5.0,7,632.1,13.0,13,藤田凌駕,53.0,ダ,1200.0,良,78.9,3.6,6-9,42.6,466.0,8.0,サンゼントカガヤク,
2017104231,スズオリーブ,2026/06/04,門別,晴,3.0,えんどう豆生まれドリ(C4),13,5.0,7,279.6,12.0,11,藤田凌駕,53.0,ダ,1200.0,良,77.6,3.3,5-7,40.7,458.0,8.0,スターオブムーラン,
2017104231,スズオリーブ,2026/05/20,門別,曇,10.0,グランシャリオドリー(C4),14,4.0,6,209.6,11.0,9,藤田凌駕,53.0,ダ,1200.0,良,76.6,1.6,8-9,39.0,450.0,-6.0,ガイストゼーゲン,
2017104231,スズオリーブ,2026/05/06,門別,晴,3.0,3歳以上C4ー2,12,6.0,7,93.6,11.0,7,藤田凌駕,53.0,ダ,1000.0,稍,63.3,1.6,9-11,37.6,456.0,-2.0,ワイルドタイタン,
2017104231,スズオリーブ,2026/04/23,門別,曇,3.0,3歳以上C4ー2,12,8.0,12,377.3,12.0,7,藤田凌駕,53.0,ダ,1000.0,稍,63.2,1.3,7-7,37.9,458.0,6.0,クアトロソバージュ,
2017104231,スズオリーブ,2025/11/13,門別,晴,5.0,3歳以上C3ー2C4,12,8.0,12,262.7,12.0,12,若杉朝飛,52.0,ダ,1000.0,稍,63.7,2.0,12-12,37.9,452.0,-6.0,ステラブローニュ,
2017104231,スズオリーブ,2025/11/03,門別,晴,5.0,鍛えた日々に喝采を特(C4),8,3.0,3,33.3,5.0,2,藤田凌駕,53.0,ダ,1000.0,重,64.2,0.9,5-3,38.3,458.0,4.0,キタサンヤマブキ,15.4
2017104231,スズオリーブ,2025/10/21,門別,曇,8.0,バンダ特別(C4),8,1.0,1,45.2,8.0,4,岩橋勇二,55.0,ダ,1000.0,稍,63.6,0.5,2-2,38.5,454.0,-8.0,モーニングボタン,7.7
2017104231,スズオリーブ,2025/10/07,門別,曇,6.0,3歳以上C4ー2,12,6.0,8,103.6,10.0,12,藤田凌駕,53.0,ダ,1200.0,良,78.3,1.7,10-11,40.6,462.0,0.0,ヤルキゲンキユウキ,
2017104231,スズオリーブ,2025/09/23,門別,晴,8.0,松山光プロジェクト特(C4),8,5.0,5,195.6,8.0,8,藤田凌駕,52.0,ダ,1000.0,稍,64.2,2.3,5-7,38.7,462.0,10.0,カーヌスティ,
2017104231,スズオリーブ,2025/09/09,門別,曇,8.0,ダリア特別(C4),12,4.0,4,20.7,7.0,8,藤田凌駕,52.0,ダ,1000.0,稍,63.3,0.5,10-9,38.0,452.0,-4.0,マリノロマンス,
2017104231,スズオリーブ,2025/08/28,門別,曇,5.0,ポイント10倍!SP(C4),12,8.0,12,5.5,3.0,2,藤田凌駕,52.0,ダ,1000.0,良,63.5,0.4,7-6,37.8,456.0,0.0,ササキントモジロウ,11.2
2017104231,スズオリーブ,2025/08/12,門別,晴,6.0,3歳以上C4ー3,9,2.0,2,15.0,6.0,3,藤田凌駕,52.0,ダ,1000.0,良,63.3,0.4,7-7,37.5,456.0,8.0,カネトシブレーブ,8.4
2017104231,スズオリーブ,2025/07/29,門別,晴,7.0,3歳以上C4ー3,9,3.0,3,9.1,6.0,6,秋元耕成,55.0,ダ,1000.0,重,63.6,0.5,6-7,38.0,448.0,-2.0,エイダイファルコン,
2017104231,スズオリーブ,2025/07/15,門別,曇,10.0,グランシャリオドリー(C4),12,5.0,6,61.4,9.0,7,若杉朝飛,52.0,ダ,1000.0,稍,63.9,1.3,10-9,38.2,450.0,-4.0,ヴォルフラム,
2017104231,スズオリーブ,2025/07/01,門別,晴,6.0,どさんこ内藤賞(C4),9,3.0,3,36.0,5.0,4,若杉朝飛,52.0,ダ,1000.0,良,62.9,0.8,6-5,37.6,454.0,2.0,トーアエデン,5.6
2017104231,スズオリーブ,2025/06/19,門別,晴,7.0,3歳以上C4ー3,12,8.0,12,114.4,9.0,7,若杉朝飛,52.0,ダ,1000.0,良,63.1,0.9,9-9,38.2,452.0,8.0,トーケンマコット,
2017104231,スズオリーブ,2025/05/29,門別,晴,7.0,3歳以上C4ー2,7,5.0,5,25.3,7.0,3,若杉朝飛,52.0,ダ,1000.0,良,62.9,0.2,3-3,38.2,444.0,-4.0,イカロスカフェ,8.4
2017104231,スズオリーブ,2025/05/21,門別,晴,2.0,3歳以上C4ー2,14,2.0,2,390.6,12.0,11,若杉朝飛,52.0,ダ,1200.0,良,77.7,2.8,11-12,40.2,448.0,2.0,ニシケンカバル,
2017104231,スズオリーブ,2025/05/08,門別,曇,9.0,3歳以上C4ー2,14,3.0,3,153.5,9.0,7,及川烈,54.0,ダ,1200.0,良,76.7,2.1,2-3,39.5,446.0,2.0,パッションプリマ,
2017104231,スズオリーブ,2025/04/23,門別,曇,9.0,アネモネ特別(C4),9,6.0,6,22.0,5.0,6,及川烈,54.0,ダ,1000.0,重,62.5,1.2,3-4,37.8,444.0,-8.0,アライグマパンチ,
2017104231,スズオリーブ,2024/11/06,門別,曇,6.0,3歳以上C2ー2?C,11,4.0,4,140.0,10.0,5,藤田凌駕,52.0,ダ,1200.0,良,76.1,1.1,4-5,39.0,452.0,-2.0,シナモンデイジー,2.8
2017104231,スズオリーブ,2024/10/22,門別,曇,7.0,3歳以上C3ー2C4,12,1.0,1,96.9,10.0,7,藤田凌駕,52.0,ダ,1200.0,稍,76.4,1.7,7-6,39.7,454.0,0.0,スターメイデン,
2017104231,スズオリーブ,2024/10/08,門別,晴,10.0,十勝軽種馬農業協同組(C3),9,5.0,5,18.8,6.0,7,藤田凌駕,52.0,ダ,1200.0,稍,76.2,0.8,5-8,38.4,454.0,2.0,アルヘンティニータ,
2017104231,スズオリーブ,2024/09/25,門別,晴,8.0,3歳以上C4ー2,8,8.0,8,11.2,5.0,1,藤田凌駕,52.0,ダ,1200.0,良,75.5,-0.3,2-2,38.5,452.0,0.0,(シュタイフブリーゼ),40.0
2017104231,スズオリーブ,2024/09/11,門別,晴,6.0,3歳以上C4ー2,9,8.0,9,20.3,5.0,5,藤田凌駕,52.0,ダ,1200.0,良,76.7,1.0,1-2,39.1,452.0,0.0,ウィンストラテジー,2.8
2017104231,スズオリーブ,2024/08/29,門別,曇,5.0,3歳以上C4ー2,11,4.0,4,78.5,9.0,8,藤田凌駕,52.0,ダ,1200.0,稍,76.8,1.6,5-7,40.0,452.0,-2.0,ピュアジャスミン,
2017104231,スズオリーブ,2024/08/14,門別,曇,5.0,3歳以上C4ー2,12,7.0,10,14.4,7.0,6,藤田凌駕,52.0,ダ,1200.0,重,75.8,0.5,6-6,38.8,454.0,2.0,シャイニングアース,
2017104231,スズオリーブ,2024/08/01,門別,雨,6.0,3歳以上C4ー2,11,8.0,10,14.4,5.0,6,若杉朝飛,52.0,ダ,1200.0,稍,75.7,0.8,8-7,38.9,452.0,2.0,キュリエール,
2017104231,スズオリーブ,2024/07/17,門別,曇,7.0,3歳以上C4ー2,9,6.0,6,91.6,9.0,4,藤田凌駕,52.0,ダ,1200.0,良,76.0,1.0,7-7,38.8,450.0,0.0,パープルビューティ,5.6
2017104231,スズオリーブ,2024/07/02,門別,晴,8.0,3歳以上C4ー2,10,4.0,4,77.2,10.0,7,若杉朝飛,52.0,ダ,1000.0,稍,63.5,1.6,7-6,38.0,450.0,2.0,クロノワール,
2017104231,スズオリーブ,2024/06/13,門別,晴,7.0,3歳以上C4ー2,8,7.0,7,33.6,7.0,4,若杉朝飛,52.0,ダ,1200.0,良,77.1,1.1,3-3,40.6,448.0,0.0,マイバンビーナ,5.6
2017104231,スズオリーブ,2024/05/28,門別,曇,8.0,ブルースター特別(C3),12,7.0,9,194.9,12.0,11,若杉朝飛,52.0,ダ,1200.0,良,78.4,2.6,4-4,41.7,448.0,8.0,フルオブプレイズ,
2017104231,スズオリーブ,2024/05/09,門別,晴,9.0,3歳以上C3C4ー1,12,5.0,6,119.8,11.0,11,藤田凌駕,52.0,ダ,1000.0,稍,63.4,1.3,11-10,37.9,440.0,-4.0,コリュウカゲミツ,
2017104231,スズオリーブ,2024/04/25,門別,曇,8.0,3歳以上C3C4ー1,11,1.0,1,179.0,11.0,6,井上俊彦,52.0,ダ,1000.0,不,62.2,2.0,7-7,37.5,444.0,-4.0,ディーエスエンスー,
2017104231,スズオリーブ,2023/11/02,門別,晴,9.0,サザンカ特別(C1),12,3.0,3,300.1,12.0,12,若杉朝飛,51.0,ダ,1000.0,重,63.9,3.0,11-11,38.2,448.0,0.0,ラヴァグロウ,
2017104231,スズオリーブ,2023/10/18,門別,晴,9.0,ジャノメギク特別(C1),12,4.0,4,36.7,8.0,9,若杉朝飛,51.0,ダ,1000.0,良,63.0,1.6,6-7,38.2,448.0,4.0,キタノトパーズ,
2017104231,スズオリーブ,2023/10/04,門別,晴,9.0,映画「北の流氷」製作(C1),12,5.0,5,177.4,10.0,3,若杉朝飛,51.0,ダ,1000.0,良,62.5,0.6,4-4,37.8,444.0,-4.0,ラビアータ,11.6
2017104231,スズオリーブ,2023/09/20,門別,晴,9.0,トレニア特別(C1),12,5.0,5,54.5,7.0,8,落合玄太,54.0,ダ,1000.0,良,63.0,1.4,6-6,37.9,448.0,0.0,エリコーハク,
2017104231,スズオリーブ,2023/09/07,門別,晴,9.0,ポーチュラカ特別(C1),10,1.0,1,99.5,9.0,中,若杉朝飛,51.0,ダ,1000.0,稍,,,,,448.0,-4.0,ユキゲシズク,
2017104231,スズオリーブ,2023/08/24,門別,晴,9.0,共済ホール特別(C1),12,5.0,5,143.3,11.0,11,若杉朝飛,51.0,ダ,1000.0,良,63.1,1.9,6-6,38.4,452.0,2.0,コイニオチテ,
2017104231,スズオリーブ,2023/07/27,門別,晴,9.0,あびら町純米大吟醸あ(C1),11,8.0,10,60.4,7.0,8,若杉朝飛,51.0,ダ,1000.0,良,62.6,1.2,4-5,38.0,450.0,2.0,ロザシアニン,
2017104231,スズオリーブ,2023/07/13,門別,曇,9.0,ユリ特別(C1),8,6.0,6,21.4,5.0,4,若杉朝飛,51.0,ダ,1000.0,稍,62.5,1.0,4-4,37.7,448.0,2.0,ロザシアニン,7.7
2017104231,スズオリーブ,2023/06/29,門別,晴,9.0,クチナシ特別(C1),11,2.0,2,10.5,4.0,8,若杉朝飛,51.0,ダ,1000.0,稍,63.4,1.9,5-6,38.9,446.0,2.0,ワイルドラヴ,
2017104231,スズオリーブ,2023/06/14,門別,曇,11.0,キンレンカ特別(C1),12,8.0,11,28.0,5.0,3,若杉朝飛,51.0,ダ,1000.0,稍,61.7,0.8,5-4,37.5,444.0,4.0,メイクザウインド,11.6
2017104231,スズオリーブ,2023/05/17,門別,晴,7.0,ウツギ特別(C1),8,2.0,2,4.8,3.0,3,若杉朝飛,51.0,ダ,1000.0,良,62.1,0.6,4-4,37.4,440.0,4.0,ラブリプリンチャン,11.6
2017104231,スズオリーブ,2023/05/04,門別,晴,7.0,3歳以上C2ー2C3,11,2.0,2,7.0,4.0,1,若杉朝飛,51.0,ダ,1000.0,良,61.6,-0.4,3-3,37.3,436.0,2.0,(スマイルムーン),40.0
2017104231,スズオリーブ,2023/04/20,門別,曇,9.0,3歳以上C3,12,7.0,10,76.7,10.0,2,若杉朝飛,51.0,ダ,1200.0,稍,74.8,0.2,2-2,39.4,434.0,-4.0,ラグドール,11.2
2017104231,スズオリーブ,2022/11/02,門別,晴,9.0,サフラン特別(C1),12,6.0,8,298.4,11.0,中,若杉朝飛,51.0,ダ,1200.0,稍,,,,,438.0,2.0,スノーホルンロード,
2017104231,スズオリーブ,2022/10/19,門別,晴,7.0,トレニア特別(C1),9,7.0,7,133.7,8.0,5,若杉朝飛,51.0,ダ,1200.0,良,76.5,1.4,3-2,39.8,436.0,-2.0,ロードシャマール,3.1
2017104231,スズオリーブ,2022/10/06,門別,曇,9.0,シュウメイギク特別(C1),11,2.0,2,86.2,8.0,7,若杉朝飛,51.0,ダ,1200.0,稍,75.0,3.2,11-9,38.2,438.0,-8.0,ドリームビリーバー,
2017104231,スズオリーブ,2022/09/21,門別,晴,7.0,道の駅樹海ロード日高(C1),9,7.0,7,38.5,6.0,5,若杉朝飛,51.0,ダ,1200.0,重,74.9,0.9,2-2,38.9,446.0,6.0,トップギア,3.1
2017104231,スズオリーブ,2022/09/06,門別,曇,7.0,コスモス特別(C1),10,3.0,3,67.4,7.0,9,中越琉世,54.0,ダ,1200.0,稍,77.2,2.7,6-6,41.3,440.0,-4.0,ピースファイン,
2017104231,スズオリーブ,2022/08/24,門別,晴,8.0,SORACHI198(C2),9,8.0,9,49.7,9.0,1,若杉朝飛,51.0,ダ,1200.0,良,75.1,-0.3,5-6,38.7,444.0,4.0,(エイレーネ),45.0
2017104231,スズオリーブ,2022/08/10,門別,雨,10.0,木古内キーコのモゥダ(C2),11,4.0,4,63.5,6.0,4,若杉朝飛,51.0,ダ,1200.0,不,74.5,1.8,3-4,39.2,440.0,2.0,ジャスパーメジャー,6.3
2017104231,スズオリーブ,2022/07/19,門別,晴,9.0,登別地獄谷?鬼の棲む(C3),8,5.0,5,20.9,3.0,2,若杉朝飛,51.0,ダ,1200.0,稍,74.9,1.2,2-3,38.6,438.0,2.0,ジャスパーメジャー,12.6
2017104231,スズオリーブ,2022/07/05,門別,曇,8.0,キンロバイ特別(C3),12,2.0,2,33.8,7.0,5,若杉朝飛,51.0,ダ,1000.0,稍,61.4,0.4,6-6,37.1,436.0,-4.0,フルオブハピネス,3.1
2017104231,スズオリーブ,2022/06/22,門別,曇,8.0,エゴノキ特別(C3),8,5.0,5,48.1,7.0,6,桑村真明,54.0,ダ,1000.0,良,62.7,0.4,4-4,37.9,440.0,2.0,クラルージュ,
2017104231,スズオリーブ,2022/06/02,門別,曇,10.0,楽天競馬で10%還元(C3),11,4.0,4,164.7,10.0,10,若杉朝飛,51.0,ダ,1200.0,重,75.8,2.1,2-4,39.7,438.0,-2.0,ヤマニンエピクーレ,
2017104231,スズオリーブ,2022/05/19,門別,雨,4.0,AIRDOカード特別(C3),6,6.0,6,22.2,4.0,5,若杉朝飛,51.0,ダ,1000.0,良,64.0,0.7,1-1,40.1,440.0,8.0,ルティレ,3.1
2017104231,スズオリーブ,2022/05/04,門別,晴,8.0,ビッグポッカコーヒー(C3),9,1.0,1,20.9,3.0,8,服部茂史,54.0,ダ,1000.0,良,65.6,3.5,2-3,40.6,432.0,6.0,ヴァンヌ,
2017104231,スズオリーブ,2022/04/21,門別,晴,9.0,ミズバショウ特別(C3),7,2.0,2,9.9,3.0,3,桑村真明,54.0,ダ,1200.0,良,77.9,1.2,1-1,41.3,426.0,-12.0,ジャストフィット,9.5
2017104231,スズオリーブ,2021/11/04,門別,晴,4.0,ジャノメギク特別(C3),12,2.0,2,23.2,9.0,5,阿部龍,54.0,ダ,1200.0,重,74.3,1.0,7-5,37.2,438.0,-2.0,アレッタレジーナ,3.1
2017104231,スズオリーブ,2021/10/21,門別,曇,6.0,3歳以上C3ー2C4,11,1.0,1,14.6,3.0,9,阿部龍,54.0,ダ,1200.0,不,75.7,2.7,3-3,39.7,440.0,2.0,バイタライズ,
2017104231,スズオリーブ,2021/10/07,門別,曇,6.0,3歳以上C3ー2,8,2.0,2,104.3,8.0,8,阿部龍,54.0,ダ,1200.0,重,74.2,0.8,3-5,38.8,438.0,-2.0,ワールドナカヤマ,
2017104231,スズオリーブ,2021/09/23,門別,曇,7.0,紅葉彩る沙流川渓谷賞(C3),12,8.0,12,10.1,3.0,6,阿部龍,54.0,ダ,1200.0,重,75.0,1.0,3-3,39.0,440.0,-2.0,ヤマイチキャプテン,
2017104231,スズオリーブ,2021/09/09,門別,曇,7.0,北海道きたやさい賞(C3),8,8.0,8,10.8,3.0,3,阿部龍,54.0,ダ,1200.0,不,73.5,1.0,4-3,38.1,442.0,0.0,ソノラメンテ,6.3
2017104231,スズオリーブ,2021/08/25,門別,曇,6.0,ソガベツの滝賞(C3),7,4.0,4,22.4,5.0,3,阿部龍,54.0,ダ,1200.0,不,73.6,0.3,6-6,37.7,442.0,2.0,ワイプアウト,6.3
2017104231,スズオリーブ,2021/08/11,門別,晴,8.0,おむすび「いぶりイレ(C3),9,6.0,6,36.2,5.0,6,阿部龍,54.0,ダ,1000.0,重,61.3,1.1,4-3,37.0,440.0,2.0,メイム,
2017104231,スズオリーブ,2021/07/29,門別,曇,7.0,3歳以上C3ー4C4,12,5.0,5,177.6,11.0,3,阿部龍,54.0,ダ,1000.0,良,63.8,0.8,6-5,39.2,438.0,-4.0,セイウンモーリー,6.3
2017104231,スズオリーブ,2021/07/15,門別,晴,3.0,3歳以上C3ー4C4,11,8.0,10,27.5,8.0,7,阿部龍,54.0,ダ,1000.0,良,63.3,1.7,3-4,39.1,442.0,0.0,ユーティリティ,
2017104231,スズオリーブ,2021/06/30,門別,曇,7.0,3歳以上C4ー2,9,2.0,2,51.9,8.0,9,阿部龍,54.0,ダ,1200.0,良,78.2,2.3,2-3,41.6,442.0,6.0,グーテオヌール,
2017104231,スズオリーブ,2021/06/17,門別,曇,3.0,3歳以上C3ー3C4,12,1.0,1,15.7,3.0,9,阿部龍,54.0,ダ,1000.0,良,64.0,1.7,9-10,38.4,436.0,-2.0,カンタベリーピース,
2017104231,スズオリーブ,2021/06/03,門別,曇,6.0,真歌公園賞(C4),8,4.0,4,25.3,3.0,7,阿部龍,54.0,ダ,1200.0,良,77.2,3.2,4-3,41.3,438.0,0.0,ダイナストーン,
2017104231,スズオリーブ,2021/05/19,門別,曇,9.0,3歳以上C3ー2C4,11,2.0,2,14.6,4.0,7,五十嵐冬,54.0,ダ,1200.0,重,75.0,2.2,8-9,39.0,438.0,2.0,ラストトレビアン,
2017104231,スズオリーブ,2021/05/05,門別,雨,1.0,3歳以上C4ー2,11,7.0,10,2.4,1.0,4,桑村真明,54.0,ダ,1000.0,良,64.1,0.7,1-1,40.4,436.0,-6.0,アイガーテソーロ,4.2
2017104231,スズオリーブ,2021/04/22,門別,晴,5.0,3歳以上C4ー2,8,1.0,1,1.3,1.0,3,石川倭,54.0,ダ,1000.0,良,63.5,0.2,1-1,38.8,442.0,8.0,ムーンアルテミス,6.3
2017104231,スズオリーブ,2020/10/29,門別,晴,7.0,3歳以上C4ー3,8,4.0,4,2.4,1.0,1,石川倭,54.0,ダ,1200.0,不,73.2,-0.2,1-1,36.7,434.0,-6.0,(トーアノムスメ),30.0
2017104231,スズオリーブ,2020/10/14,門別,曇,6.0,3歳以上C4ー4,12,8.0,12,4.5,2.0,5,五十嵐冬,54.0,ダ,1200.0,重,75.9,0.9,6-5,38.9,440.0,-4.0,モアナコランダム,2.1
2017104231,スズオリーブ,2020/09/30,門別,晴,9.0,3歳以上C4ー4,9,2.0,2,3.8,3.0,3,五十嵐冬,54.0,ダ,1000.0,良,62.9,0.7,9-8,37.3,444.0,0.0,ライトニングレイ,6.3
2017104231,スズオリーブ,2020/08/09,1札幌6,晴,4.0,3歳未勝利,16,6.0,11,35.6,11.0,15,田辺裕信,54.0,芝,1200.0,良,70.4,1.7,4-4,36.1,444.0,2.0,ピュリフィアン,
2017104231,スズオリーブ,2020/07/18,2福島5,曇,7.0,3歳未勝利,16,6.0,11,29.6,9.0,5,田辺裕信,54.0,芝,1200.0,稍,71.0,0.6,6-6,36.3,442.0,14.0,マイネルチューダ,51.0
2017104231,スズオリーブ,2020/04/26,1福島6,晴,5.0,3歳未勝利,16,2.0,3,26.3,8.0,13,柴田大知,54.0,芝,1200.0,良,71.7,0.6,7-7,36.5,428.0,-2.0,ボンジョルノ,
2017104231,スズオリーブ,2020/01/13,1中山5,晴,6.0,3歳新馬,16,1.0,2,82.6,12.0,7,内田博幸,54.0,芝,1600.0,良,97.6,1.2,2-3-3,37.2,430.0,0.0,フォースオブウィル,
2022101367,モウフブキ,2026/07/14,門別,雨,7.0,3歳以上C4ー2,11,1.0,1,5.9,4.0,2,小野楓馬,55.0,ダ,1000.0,重,62.1,0.1,8-6,37.0,416.0,-4.0,ベルテオドーラ,11.2
2022101367,モウフブキ,2026/06/24,門別,晴,4.0,3歳以上C4ー2,9,4.0,4,4.1,3.0,2,近藤翔月,54.0,ダ,1000.0,良,63.1,0.7,5-5,38.2,420.0,0.0,フィンガルスケーブ,11.2
2022101367,モウフブキ,2026/06/04,門別,晴,2.0,3歳以上C4ー2,12,7.0,9,19.8,4.0,3,渡辺準己,52.0,ダ,1000.0,良,62.8,1.0,11-10,36.8,420.0,0.0,フロルドラーダ,8.4
2022101367,モウフブキ,2026/05/20,門別,曇,9.0,ウツギ特別(C4),12,7.0,9,9.5,5.0,4,渡辺準己,52.0,ダ,1000.0,良,62.2,0.7,8-8,36.9,420.0,4.0,サクラカレント,7.7
2022101367,モウフブキ,2026/05/06,門別,晴,3.0,3歳以上C4ー2,12,6.0,8,11.8,4.0,3,渡辺準己,52.0,ダ,1000.0,稍,62.2,0.5,8-7,36.8,416.0,-12.0,ワイルドタイタン,8.4
2022101367,モウフブキ,2026/04/23,門別,曇,3.0,3歳以上C4ー2,12,7.0,9,11.4,4.0,6,岩橋勇二,55.0,ダ,1000.0,稍,63.0,1.1,2-2,38.8,428.0,14.0,クアトロソバージュ,
2022101367,モウフブキ,2025/11/11,門別,曇,9.0,がんばれ馬産地日高賞(C3),12,1.0,1,22.9,6.0,5,宮内勇樹,55.0,ダ,1000.0,稍,62.6,0.6,8-7,37.5,414.0,-8.0,クリナッチ,2.8
2022101367,モウフブキ,2025/10/30,門別,晴,4.0,3歳以上C3ー2C4,12,6.0,8,12.1,3.0,4,岩橋勇二,55.0,ダ,1000.0,稍,62.9,0.4,3-3,38.6,422.0,6.0,マナラナキラ,5.6
2022101367,モウフブキ,2025/10/14,門別,晴,6.0,ホクレングリーンプラ(C4),11,1.0,1,24.0,6.0,1,岩橋勇二,55.0,ダ,1000.0,稍,62.5,-0.3,2-3,37.7,416.0,4.0,(ニッシンゲッポ),40.0
2022101367,モウフブキ,2025/09/24,門別,曇,9.0,ニチニチソウ特別(C4),12,3.0,3,7.2,5.0,6,落合玄太,55.0,ダ,1000.0,良,64.2,1.0,1-1,40.0,412.0,2.0,ハッピーピンク,
2022101367,モウフブキ,2025/09/09,門別,曇,6.0,3歳以上C4ー3,12,6.0,7,24.4,7.0,4,落合玄太,55.0,ダ,1000.0,稍,63.3,0.6,2-2,38.9,410.0,-4.0,ヒロスズラン,5.6
2022101367,モウフブキ,2025/08/20,門別,曇,6.0,3歳以上C4ー3,12,6.0,8,15.2,5.0,11,秋元耕成,55.0,ダ,1000.0,重,64.6,1.9,1-2,40.1,414.0,4.0,ヤマニンファロ,
2022101367,モウフブキ,2025/07/06,1函館8,曇,2.0,3歳未勝利,12,3.0,3,184.1,12.0,11,古川奈穂,52.0,ダ,1000.0,稍,61.2,2.8,7-9,37.5,410.0,0.0,パールフロント,
2022101367,モウフブキ,2025/06/22,1函館4,曇,3.0,3歳未勝利,12,6.0,8,374.8,12.0,10,川端海翼,52.0,ダ,1000.0,重,59.9,1.4,11-9,36.0,410.0,-6.0,アスゴッド,
2022101367,モウフブキ,2025/06/14,1函館1,晴,3.0,3歳未勝利,12,2.0,2,301.0,12.0,12,小沢大仁,55.0,ダ,1000.0,良,61.7,2.0,12-12,37.2,416.0,6.0,イチトゼロノアイダ,
2022101367,モウフブキ,2025/05/18,1新潟6,曇,2.0,3歳未勝利,15,3.0,4,279.9,15.0,15,石田拓郎,52.0,ダ,1200.0,稍,75.7,3.7,15-15,39.0,410.0,0.0,ミニョンマルーン,
2022103580,フレッシュノウエ,2026/07/15,門別,曇,3.0,3歳以上C4ー2,11,4.0,4,391.5,8.0,9,宮内勇樹,55.0,ダ,1200.0,稍,78.2,2.7,2-3,40.9,458.0,2.0,ペプチドアバンス,
2022103580,フレッシュノウエ,2026/06/30,門別,晴,10.0,グランシャリオドリー(C4),12,5.0,5,98.5,9.0,12,宮内勇樹,55.0,ダ,1500.0,良,104.6,5.7,2-2-5-11,47.0,456.0,0.0,ロンギングドルチェ,
2022103580,フレッシュノウエ,2026/06/10,門別,晴,7.0,3歳以上C4ー2,9,2.0,2,86.8,8.0,6,近藤翔月,54.0,ダ,1000.0,稍,63.0,1.6,4-5,38.1,456.0,-4.0,セイランマクフィ,
2022103580,フレッシュノウエ,2026/06/04,門別,晴,2.0,3歳以上C4ー2,12,5.0,6,69.0,5.0,9,宮内勇樹,55.0,ダ,1000.0,良,64.0,2.2,4-4,39.2,460.0,13.0,フロルドラーダ,
2022103580,フレッシュノウエ,2025/12/07,佐賀,曇,7.0,美味しいみかん「さが(C2),12,8.0,11,9.8,3.0,9,石川慎将,54.0,ダ,1300.0,良,88.2,1.8,1-1-1-4,40.8,447.0,2.0,バウンドトゥウィン,
2022103580,フレッシュノウエ,2025/11/15,佐賀,晴,6.0,C2ー5組,11,6.0,6,5.7,2.0,9,石川慎将,54.0,ダ,1400.0,良,93.9,3.4,2-2-3-8,41.5,445.0,13.0,エイシンダズル,
2022103580,フレッシュノウエ,2025/10/18,佐賀,曇,3.0,C2ー7組,11,1.0,1,17.0,7.0,2,長谷川蓮,52.0,ダ,1400.0,良,92.6,0.1,3-3-1-1,40.9,432.0,-9.0,グランツローゼ,12.8
2022103580,フレッシュノウエ,2025/10/04,佐賀,雨,2.0,C2ー7組,12,8.0,12,6.8,2.0,9,石川慎将,54.0,ダ,1400.0,不,91.8,1.5,2-3-2-6,41.5,441.0,-1.0,メイショウタダカツ,
2022103580,フレッシュノウエ,2025/09/15,佐賀,晴,3.0,C2ー13組,11,7.0,9,4.5,2.0,1,石川慎将,54.0,ダ,1300.0,重,85.8,0.0,1-1-1-1,38.6,442.0,0.0,(ハインズテソーロ),40.0
2022103580,フレッシュノウエ,2025/09/04,佐賀,曇,2.0,UMATENA賞(C2),9,5.0,5,11.7,5.0,2,山下裕貴,54.0,ダ,1300.0,良,86.9,0.7,2-2-2-2,41.3,442.0,7.0,エンジェルスター,12.8
2022103580,フレッシュノウエ,2025/08/17,佐賀,晴,11.0,SAGAリベンジャー(C2),12,5.0,6,12.5,6.0,5,石川慎将,54.0,ダ,1400.0,良,92.5,1.7,1-1-2-5,40.5,435.0,5.0,ノーブルプロセス,4.4
2022103580,フレッシュノウエ,2025/07/19,佐賀,曇,4.0,UMATENA賞(3歳),10,5.0,5,147.4,6.0,9,山下裕貴,54.0,ダ,1400.0,重,94.7,2.9,2-2-4-7,43.5,430.0,-2.0,アーチーテソーロ,
2022103580,フレッシュノウエ,2025/06/28,佐賀,晴,3.0,3歳ー5組,10,2.0,2,60.9,7.0,7,石川慎将,54.0,ダ,1400.0,良,93.1,2.1,5-5-6-6,40.9,432.0,-1.0,エイシンアヤメ,
2022103580,フレッシュノウエ,2025/06/09,佐賀,雨,1.0,3歳ー5組,11,3.0,3,23.0,5.0,9,石川慎将,54.0,ダ,1300.0,稍,88.1,3.1,1-1-4-7,42.9,433.0,-4.0,ミナミジュウジセイ,
2022103580,フレッシュノウエ,2025/05/26,佐賀,晴,5.0,3歳ー5組,9,3.0,3,18.7,6.0,5,山下裕貴,54.0,ダ,1400.0,稍,95.6,2.1,2-2-2-4,43.3,437.0,-7.0,フクライキリシマ,3.6
2022103580,フレッシュノウエ,2025/05/03,佐賀,曇,5.0,3歳ー5組,10,1.0,1,11.4,3.0,7,山下裕貴,54.0,ダ,1400.0,重,96.5,4.5,1-1-5-7,45.4,444.0,-2.0,ジャスミン,
2022103580,フレッシュノウエ,2025/04/12,佐賀,小雨,5.0,3歳ー4組,10,7.0,8,5.4,2.0,5,山下裕貴,54.0,ダ,1400.0,重,95.2,1.9,1-1-2-5,43.5,446.0,14.0,ナンゴクトップガン,3.6
2022103580,フレッシュノウエ,2024/09/26,佐賀,晴,1.0,2歳ー3組,9,8.0,9,1.6,1.0,2,石川慎将,54.0,ダ,1400.0,良,93.8,0.7,2-3-2-1,42.1,432.0,-1.0,ウルトラピース,19.2
2022103580,フレッシュノウエ,2024/09/07,佐賀,晴,3.0,2歳ー3組,7,1.0,1,1.7,1.0,2,石川慎将,54.0,ダ,1400.0,良,93.6,0.6,2-2-2-2,40.3,433.0,2.0,パイウルフ,19.2
2022103580,フレッシュノウエ,2024/08/11,佐賀,晴,1.0,2歳ー3組,7,7.0,7,7.9,4.0,2,山下裕貴,54.0,ダ,1400.0,良,93.5,0.6,1-1-1-1,39.7,431.0,4.0,レバット,19.2
2022103580,フレッシュノウエ,2024/07/13,佐賀,曇,1.0,スーパーホープフルデ(2歳),6,3.0,3,5.5,3.0,3,石川慎将,54.0,ダ,900.0,不,56.8,1.3,3-4,37.9,427.0,0.0,ハクアイアシスト,46.8
2023102058,クイーンズパーク,2026/05/24,2東京10,晴,4.0,3歳未勝利,18,1.0,2,259.7,13.0,13,木幡初也,55.0,芝,1600.0,良,94.4,1.4,16-16,34.6,450.0,0.0,ダイヤテソーロ,
2018105614,トーケンアーサー,2026/07/14,門別,雨,7.0,3歳以上C4ー2,11,4.0,4,4.8,3.0,6,黒澤愛斗,55.0,ダ,1000.0,重,62.7,0.7,10-6,37.5,486.0,2.0,ベルテオドーラ,
2018105614,トーケンアーサー,2026/06/30,門別,晴,7.0,3歳以上C4ー2,9,5.0,5,15.1,4.0,2,黒澤愛斗,55.0,ダ,1000.0,良,62.7,0.4,7-6,37.1,484.0,-2.0,サラメーガン,11.2
2018105614,トーケンアーサー,2026/06/17,門別,晴,7.0,沙流川温泉ひだか高原(C4),11,6.0,6,11.1,3.0,3,黒澤愛斗,55.0,ダ,1000.0,良,62.8,0.7,8-7,37.5,486.0,0.0,ロスカキック,8.4
2018105614,トーケンアーサー,2026/06/03,門別,晴,4.0,3歳以上C4ー2,9,2.0,2,5.4,2.0,4,若杉朝飛,55.0,ダ,1000.0,良,62.8,0.7,8-9,37.4,486.0,4.0,スティールスピネル,5.6
2018105614,トーケンアーサー,2026/05/20,門別,曇,9.0,ウツギ特別(C4),12,5.0,5,52.8,9.0,3,黒澤愛斗,55.0,ダ,1000.0,良,62.1,0.6,10-9,36.4,482.0,0.0,サクラカレント,11.6
2018105614,トーケンアーサー,2026/04/29,門別,曇,7.0,3歳以上C4ー2,11,7.0,8,77.9,7.0,8,渡辺準己,52.0,ダ,1000.0,良,64.2,2.1,11-11,37.8,482.0,-4.0,ノアルパフェ,
2018105614,トーケンアーサー,2026/04/15,門別,曇,8.0,3歳以上C4ー2,11,8.0,11,24.0,6.0,8,渡辺準己,52.0,ダ,1000.0,良,63.3,1.7,10-10,37.3,486.0,0.0,ウーナファータ,
2018105614,トーケンアーサー,2025/10/28,門別,晴,8.0,3歳以上C3ー2C4,9,7.0,7,15.3,4.0,3,亀井洋司,55.0,ダ,1000.0,稍,63.0,0.8,8-8,37.3,486.0,0.0,ブルロッソ,8.4
2018105614,トーケンアーサー,2025/10/16,門別,曇,6.0,3歳以上C3ー2C4,10,7.0,9,18.8,4.0,7,黒澤愛斗,55.0,ダ,1000.0,稍,63.5,0.9,9-9,38.0,486.0,6.0,サッポロキタコ,
2018105614,トーケンアーサー,2025/10/01,門別,雨,7.0,3歳以上C3ー2C4,11,7.0,9,75.5,9.0,3,黒澤愛斗,55.0,ダ,1000.0,重,63.1,0.5,11-11,37.5,480.0,-2.0,フェブラリースカイ,8.4
2018105614,トーケンアーサー,2025/09/11,門別,曇,11.0,新冠町軽種馬生産振興(C3),11,2.0,2,12.3,6.0,6,亀井洋司,55.0,ダ,1000.0,良,63.1,0.6,10-10,37.5,482.0,0.0,ゼファーバローズ,
2018105614,トーケンアーサー,2025/08/28,門別,曇,9.0,アルーダ日高西部賞(C3),12,3.0,3,7.6,5.0,7,亀井洋司,55.0,ダ,1000.0,良,63.8,1.2,9-9,38.3,482.0,2.0,ニシノレヴィガータ,
2018105614,トーケンアーサー,2025/08/12,門別,晴,8.0,3歳以上C4ー2,12,1.0,1,17.1,8.0,1,亀井洋司,55.0,ダ,1000.0,良,62.5,0.0,6-6,37.5,480.0,0.0,(キタノロワーズ),40.0
2018105614,トーケンアーサー,2025/07/29,門別,晴,9.0,ノウゼンカズラ特別(C4),11,6.0,6,35.0,8.0,4,亀井洋司,55.0,ダ,1000.0,重,62.9,0.6,9-8,37.4,480.0,0.0,スマイルムーン,7.7
2018105614,トーケンアーサー,2025/07/16,門別,晴,7.0,3歳以上C4ー3,12,4.0,4,17.4,5.0,3,秋元耕成,55.0,ダ,1000.0,稍,63.3,0.1,9-8,37.9,480.0,-2.0,ウィルトゥーウェル,8.4
2018105614,トーケンアーサー,2025/07/01,門別,晴,7.0,バスケットセンスの塊(C4),9,4.0,4,57.2,6.0,3,亀井洋司,55.0,ダ,1000.0,良,62.1,1.6,9-8,36.5,482.0,2.0,レネネト,8.4
2018105614,トーケンアーサー,2025/06/19,門別,晴,7.0,3歳以上C4ー3,12,8.0,11,111.2,8.0,6,亀井洋司,55.0,ダ,1000.0,良,63.1,0.9,12-12,37.0,480.0,4.0,トーケンマコット,
2018105614,トーケンアーサー,2025/06/04,門別,曇,9.0,シラネアオイ特別(C4),12,3.0,3,14.9,4.0,9,亀井洋司,55.0,ダ,1000.0,重,62.7,1.1,8-10,37.4,476.0,-10.0,スマイルムーン,
2018105614,トーケンアーサー,2025/05/21,門別,晴,5.0,3歳以上C4ー2,12,8.0,11,26.7,4.0,8,亀井洋司,55.0,ダ,1000.0,良,63.7,2.5,11-10,37.6,486.0,4.0,イグニススピリタス,
2018105614,トーケンアーサー,2025/05/07,門別,晴,10.0,グランシャリオドリー(C4),12,8.0,11,21.8,5.0,8,亀井洋司,55.0,ダ,1000.0,稍,63.4,0.8,8-6,37.9,482.0,-2.0,ヤマニンリーリオ,
2018105614,トーケンアーサー,2025/04/23,門別,曇,9.0,アネモネ特別(C4),9,3.0,3,17.3,4.0,5,亀井洋司,55.0,ダ,1000.0,重,62.4,1.1,4-3,37.7,484.0,-2.0,アライグマパンチ,3.8
2018105614,トーケンアーサー,2024/11/07,門別,曇,6.0,3歳以上C2ー2?C,11,7.0,10,23.3,6.0,11,亀井洋司,55.0,ダ,1000.0,稍,63.3,1.5,8-11,37.4,486.0,8.0,ノリサムソン,
2018105614,トーケンアーサー,2024/10/24,門別,晴,10.0,オンシジューム特別(C4),12,8.0,12,26.0,10.0,1,亀井洋司,55.0,ダ,1000.0,重,62.5,-0.1,10-8,36.8,478.0,0.0,(ザッツ),55.0
2018105614,トーケンアーサー,2024/10/17,門別,晴,6.0,3歳以上C4ー2,12,8.0,11,17.3,5.0,7,亀井洋司,55.0,ダ,1200.0,稍,76.8,1.5,8-7,39.2,478.0,-2.0,ピアリ,
2018105614,トーケンアーサー,2024/09/24,門別,晴,9.0,3歳以上C4ー2,12,6.0,8,11.2,4.0,8,亀井洋司,55.0,ダ,1000.0,良,63.0,0.8,10-10,37.0,480.0,4.0,ルクスミッシェル,
2018105614,トーケンアーサー,2024/09/10,門別,曇,10.0,日高報知新聞特別(C4),10,2.0,2,24.5,7.0,4,亀井洋司,55.0,ダ,1000.0,良,62.5,1.4,5-5,37.1,476.0,-2.0,ヨンプク,7.7
2018105614,トーケンアーサー,2024/08/29,門別,曇,7.0,3歳以上C4ー2,10,8.0,10,8.5,6.0,4,亀井洋司,55.0,ダ,1200.0,稍,75.8,1.1,5-6,38.9,478.0,-4.0,フィールマイウェイ,5.6
2018105614,トーケンアーサー,2024/08/13,門別,曇,7.0,松山光プロジェクト賞(C4),11,8.0,10,18.5,6.0,4,亀井洋司,55.0,ダ,1000.0,稍,63.1,0.8,9-9,37.5,482.0,6.0,スペースアギト,5.6
2018105614,トーケンアーサー,2024/07/30,門別,晴,10.0,ムクゲ特別(C4),12,3.0,3,8.7,5.0,7,亀井洋司,55.0,ダ,1000.0,重,62.9,0.8,12-12,36.6,476.0,2.0,ライメイウィザード,
2018105614,トーケンアーサー,2024/07/17,門別,曇,10.0,新冠町軽種馬生産振興(C4),10,2.0,2,3.8,1.0,2,亀井洋司,55.0,ダ,1000.0,良,62.8,0.7,8-9,37.0,474.0,-10.0,クセモノ,15.4
2018105614,トーケンアーサー,2024/07/03,門別,曇,10.0,道産子企業北海道競馬(C4),10,2.0,2,10.4,4.0,2,亀井洋司,55.0,ダ,1000.0,稍,63.1,0.6,7-6,36.8,484.0,4.0,ピュアキショウ,15.4
2018105614,トーケンアーサー,2024/06/20,門別,晴,10.0,日高町水道協会特別(C4),12,3.0,3,29.7,7.0,5,亀井洋司,55.0,ダ,1000.0,良,63.5,1.2,10-10,37.7,480.0,-4.0,コパノアダムス,3.8
2018105614,トーケンアーサー,2024/06/05,門別,曇,7.0,3歳以上C4ー2,12,8.0,12,16.8,6.0,4,亀井洋司,55.0,ダ,1000.0,良,63.2,1.5,9-9,37.4,484.0,0.0,フロンテアブライト,5.6
2018105614,トーケンアーサー,2024/05/22,門別,晴,10.0,オオデマリ賞(C4),11,3.0,3,100.9,9.0,3,亀井洋司,55.0,ダ,1000.0,稍,63.2,0.7,9-9,37.4,484.0,10.0,ミスナンナ,8.4
2018105614,トーケンアーサー,2024/05/09,門別,晴,7.0,3歳以上C4ー2,11,1.0,1,181.6,11.0,7,亀井洋司,55.0,ダ,1000.0,稍,63.7,1.1,10-10,37.8,474.0,-2.0,アリュシナシオン,
2018105614,トーケンアーサー,2024/04/25,門別,曇,3.0,3歳以上C4ー3,9,4.0,4,83.6,9.0,8,亀井洋司,55.0,ダ,1200.0,不,77.0,1.7,8-7,39.1,476.0,0.0,サクラマイウェイ,
2018105614,トーケンアーサー,2024/04/18,門別,曇,5.0,豊似湖賞(C4),11,1.0,1,76.1,10.0,11,亀井洋司,55.0,ダ,1200.0,重,77.9,3.9,9-10,40.4,476.0,0.0,フィールザダイヤ,
2018105614,トーケンアーサー,2023/11/01,門別,曇,8.0,3歳以上C2ー2C3,10,8.0,10,240.2,10.0,8,亀井洋司,54.0,ダ,1200.0,稍,76.9,1.6,10-10,39.1,476.0,0.0,シティウォリアー,
2018105614,トーケンアーサー,2023/10/18,門別,晴,7.0,カムイエクウチカウシ(C2),12,8.0,12,217.9,12.0,10,亀井洋司,54.0,ダ,1200.0,良,77.4,1.9,11-12,40.3,476.0,-2.0,アベニンドール,
2018105614,トーケンアーサー,2023/10/03,門別,晴,9.0,3歳以上C2ー2C3,12,1.0,1,543.6,12.0,9,亀井洋司,54.0,ダ,1200.0,良,76.9,2.1,12-12,38.9,478.0,4.0,ウナヴォルタ,
2018105614,トーケンアーサー,2023/09/19,門別,晴,8.0,3歳以上C2ー2C3,10,5.0,5,180.9,8.0,9,亀井洋司,54.0,ダ,1200.0,稍,76.3,1.9,9-9,39.1,474.0,6.0,キタノファルコン,
2018105614,トーケンアーサー,2023/09/05,門別,晴,9.0,3歳以上C2ー2C3,10,8.0,9,47.5,7.0,10,黒澤愛斗,54.0,ダ,1200.0,不,76.8,2.6,9-9,39.6,468.0,-6.0,エルナーニ,
2018105614,トーケンアーサー,2023/08/22,門別,晴,8.0,綿貫瞬賞(C2),8,4.0,4,41.8,5.0,4,亀井洋司,54.0,ダ,1200.0,稍,75.6,1.9,6-5,38.6,474.0,2.0,ホーリーホック,5.6
2018105614,トーケンアーサー,2023/08/10,門別,曇,8.0,3歳以上C3ー1,7,4.0,4,43.9,5.0,6,亀井洋司,54.0,ダ,1200.0,稍,76.4,1.5,7-7,39.1,472.0,0.0,テーオーライラ,
2018105614,トーケンアーサー,2023/07/25,門別,曇,8.0,3歳以上C2ー2C3,8,2.0,2,55.9,5.0,5,亀井洋司,54.0,ダ,1200.0,良,75.9,1.5,7-4,37.6,472.0,-4.0,ゲンサイ,2.8
2018105614,トーケンアーサー,2023/07/12,門別,曇,9.0,3歳以上C2ー2C3,9,3.0,3,176.0,8.0,5,亀井洋司,54.0,ダ,1200.0,重,75.8,0.6,7-6,38.0,476.0,2.0,イイデチャンプ,2.8
2018105614,トーケンアーサー,2023/06/28,門別,晴,10.0,3歳以上C3ー2,10,6.0,6,42.1,6.0,6,亀井洋司,54.0,ダ,1200.0,稍,76.3,1.5,9-9,38.6,474.0,8.0,ラッキーホープ,
2018105614,トーケンアーサー,2023/05/30,門別,晴,8.0,クレマチス特別(C1),12,5.0,5,174.6,8.0,10,亀井洋司,54.0,ダ,1200.0,良,77.2,2.5,10-10,39.2,466.0,-6.0,ブリックロード,
2018105614,トーケンアーサー,2023/05/18,門別,晴,10.0,シャクヤク特別(C1),9,3.0,3,157.6,7.0,7,亀井洋司,54.0,ダ,1200.0,良,76.9,2.1,5-7,39.5,472.0,-6.0,ヌマ,
2018105614,トーケンアーサー,2023/05/10,門別,晴,9.0,3歳以上C1ー2C2,11,8.0,10,27.4,6.0,7,亀井洋司,54.0,ダ,1200.0,良,76.4,1.5,7-6,39.0,478.0,0.0,スズロビンソン,
2018105614,トーケンアーサー,2023/04/26,門別,曇,8.0,3歳以上C1ー2C2,7,5.0,5,9.0,4.0,3,亀井洋司,54.0,ダ,1200.0,不,74.6,1.2,4-3,37.7,478.0,-4.0,タンバオー,9.5
2018105614,トーケンアーサー,2023/04/19,門別,曇,10.0,公式アンバサダー杉谷(C1),9,3.0,3,14.2,7.0,8,亀井洋司,54.0,ダ,1000.0,稍,63.1,1.6,6-6,38.2,482.0,6.0,ピュアカガヤキ,
2018105614,トーケンアーサー,2022/11/02,門別,晴,10.0,ビアパーティーAib(C1),12,1.0,1,20.1,7.0,9,亀井洋司,54.0,ダ,1000.0,稍,62.9,1.3,9-9,37.6,476.0,0.0,ハウファアイルゴー,
2018105614,トーケンアーサー,2022/10/20,門別,晴,9.0,北海道厩務員会特別(C1),12,8.0,12,9.5,5.0,4,亀井洋司,54.0,ダ,1000.0,良,62.1,0.6,7-7,37.5,476.0,6.0,モリミライ,6.3
2018105614,トーケンアーサー,2022/10/05,門別,晴,7.0,イヌサフラン特別(C1),9,4.0,4,15.4,4.0,5,亀井洋司,54.0,ダ,1000.0,重,60.8,0.9,4-6,36.7,470.0,0.0,ジェネラルウィル,3.1
2018105614,トーケンアーサー,2022/09/21,門別,晴,6.0,日高町産業学習特別(C1),12,7.0,9,13.4,5.0,5,亀井洋司,54.0,ダ,1000.0,重,61.2,0.6,7-8,36.5,470.0,-4.0,アローイアロイ,3.1
2018105614,トーケンアーサー,2022/09/07,門別,晴,11.0,鬼のイチオシ登別ブラ(C1),9,3.0,3,32.0,7.0,2,亀井洋司,54.0,ダ,1000.0,良,62.8,0.8,6-6,37.7,474.0,10.0,スティールノーヴァ,12.6
2018105614,トーケンアーサー,2022/08/23,門別,曇,7.0,オカトラノオ特別(C1),9,7.0,7,50.9,7.0,6,亀井洋司,54.0,ダ,1200.0,稍,74.9,1.7,3-3,38.2,464.0,4.0,ピースファイン,
2018105614,トーケンアーサー,2022/08/09,門別,雨,8.0,優駿の里安平町畑の恵(C1),10,7.0,8,27.5,6.0,5,亀井洋司,54.0,ダ,1200.0,不,74.3,0.5,5-6,37.6,460.0,-4.0,クインズソフィア,3.1
2018105614,トーケンアーサー,2022/07/27,門別,曇,10.0,ヤングジョッキーズT(C2),12,4.0,4,11.6,6.0,10,室陽一朗,54.0,ダ,1200.0,良,75.6,1.7,7-7,38.6,464.0,0.0,アルバトリア,
2018105614,トーケンアーサー,2022/07/12,門別,曇,7.0,キキョウ特別(C2),10,8.0,9,17.5,5.0,5,亀井洋司,54.0,ダ,1000.0,良,62.9,1.4,3-4,38.7,464.0,-2.0,ミラティオ,3.1
2018105614,トーケンアーサー,2022/06/28,門別,雨,8.0,リナリア特別(C1),9,7.0,7,3.3,3.0,5,阿部龍,54.0,ダ,1000.0,不,61.4,0.8,3-3,37.4,466.0,8.0,リンノペルフェット,3.1
2018105614,トーケンアーサー,2022/05/31,門別,雨,7.0,ペテガリ岳賞(C2),8,6.0,6,3.3,2.0,2,亀井洋司,54.0,ダ,1000.0,重,61.5,0.1,2-2,37.1,458.0,-2.0,ヴィットリオーザ,12.6
2018105614,トーケンアーサー,2022/05/18,門別,晴,10.0,クンシラン特別(C3),5,2.0,2,1.5,1.0,1,亀井洋司,54.0,ダ,1000.0,良,63.1,-0.1,4-3,37.3,460.0,-8.0,(イネッサ),45.0
2018105614,トーケンアーサー,2022/05/03,門別,曇,7.0,チシマザクラ特別(C3),8,6.0,6,7.2,3.0,4,落合玄太,54.0,ダ,1000.0,良,63.8,1.0,7-4,38.1,468.0,-2.0,リンノペルフェット,6.3
2018105614,トーケンアーサー,2022/04/20,門別,晴,7.0,ハナモモ特別(C3),11,8.0,10,6.2,4.0,8,落合玄太,54.0,ダ,1000.0,良,64.5,1.8,6-6,39.5,470.0,14.0,ブルーモンターニュ,
2018105614,トーケンアーサー,2021/10/28,門別,曇,8.0,ワーケーションin浦(C4),11,7.0,8,2.2,1.0,1,山本咲希,54.0,ダ,1000.0,重,60.9,-0.2,3-3,36.5,456.0,2.0,(サクラレガッタ),30.0
2018105614,トーケンアーサー,2021/10/14,門別,曇,7.0,3歳以上C4ー3,12,1.0,1,3.8,2.0,3,山本咲希,54.0,ダ,1000.0,重,61.2,0.1,5-6,36.2,454.0,0.0,シルクハット,6.3
2018105614,トーケンアーサー,2021/09/30,門別,雨,6.0,3歳以上C4ー2,12,7.0,9,12.7,5.0,4,落合玄太,54.0,ダ,1000.0,不,60.8,0.5,6-5,35.7,454.0,-3.0,トレジャーバローズ,4.2
2018105614,トーケンアーサー,2021/09/01,船橋,小雨,4.0,3歳二三,12,4.0,4,166.0,12.0,12,山本聡紀,54.0,ダ,1500.0,稍,102.3,5.4,7-7-9-11,43.5,457.0,7.0,テルミー,
2018105614,トーケンアーサー,2021/08/10,船橋,晴,4.0,3歳四五,12,7.0,9,90.1,8.0,7,山本聡紀,54.0,ダ,1200.0,稍,77.9,3.1,12-9-8,40.7,450.0,14.0,エスケイヤマト,
2018105614,トーケンアーサー,2021/07/18,船橋,晴,2.0,3歳五,8,3.0,3,72.0,6.0,5,山本聡紀,54.0,ダ,1200.0,良,76.4,2.6,8-7-7,39.3,436.0,-8.0,デイジーカプシーヌ,14.0
2018105614,トーケンアーサー,2021/06/24,船橋,晴,1.0,3歳七,10,7.0,8,81.8,7.0,5,山本聡紀,54.0,ダ,1200.0,稍,77.9,2.3,9-8-7,39.3,444.0,-4.0,ハクサンマックス,14.0
2018105614,トーケンアーサー,2021/06/02,浦和,曇,1.0,3歳六,12,3.0,3,254.5,12.0,10,山本聡紀,54.0,ダ,1400.0,稍,93.1,2.4,7-8-9-9,40.9,448.0,-13.0,メジャータイム,
2018105614,トーケンアーサー,2021/05/04,船橋,晴,1.0,3歳六,11,1.0,1,99.0,10.0,9,山本聡紀,54.0,ダ,1200.0,重,79.3,3.9,6-6-9,42.3,461.0,2.0,スマイルチャージ,
2018105614,トーケンアーサー,2021/04/07,船橋,晴,2.0,3歳五,11,1.0,1,36.6,9.0,11,山本聡紀,54.0,ダ,1200.0,重,78.9,3.0,2-7-6,42.4,459.0,5.0,ネクサス,
2018105614,トーケンアーサー,2021/03/18,船橋,晴,2.0,3歳七,10,7.0,7,17.0,6.0,5,山本聡紀,54.0,ダ,1200.0,良,77.2,0.7,1-1-1,40.3,454.0,3.0,ヤベゴースイート,16.0
2018105614,トーケンアーサー,2021/02/24,浦和,晴,3.0,3歳五,12,5.0,6,100.9,11.0,8,山本聡紀,54.0,ダ,1400.0,良,93.9,1.6,3-3-3-6,43.3,451.0,-4.0,ドゥーノットルース,
2018105614,トーケンアーサー,2021/02/10,船橋,晴,1.0,3歳四五,10,7.0,9,97.1,9.0,10,山本聡紀,54.5,ダ,1200.0,良,78.5,3.6,3-4-6,42.2,455.0,6.0,ビクトリーサイト,
2018105614,トーケンアーサー,2021/01/25,川崎,晴,4.0,オラージュ特別(3歳),12,7.0,9,133.1,11.0,12,山本聡紀,54.0,ダ,1400.0,不,97.0,3.4,2-3-5-11,45.0,449.0,-7.0,スターオブフェアー,
2018105614,トーケンアーサー,2021/01/13,船橋,晴,2.0,3歳五,12,6.0,7,10.7,4.0,10,山本聡紀,54.5,ダ,1200.0,良,77.5,2.1,1-1-1,40.7,456.0,11.0,マクラガセレーネ,
2018105614,トーケンアーサー,2020/12/23,浦和,晴,2.0,2歳三,12,3.0,3,12.0,6.0,12,山本聡紀,54.0,ダ,1400.0,良,95.3,4.2,3-2-3-11,44.4,445.0,-6.0,モーニングフジ,
2018105614,トーケンアーサー,2020/12/02,船橋,曇,1.0,2歳七,11,1.0,1,5.9,2.0,2,山本聡紀,54.0,ダ,1200.0,良,77.3,1.3,1-1-1,40.5,451.0,-1.0,トーケンリュウ,64.0
2018105614,トーケンアーサー,2020/10/15,門別,曇,2.0,2歳未勝利(未勝利),8,8.0,8,5.8,4.0,5,亀井洋司,54.0,ダ,1200.0,重,76.3,1.5,2-4,38.9,452.0,-12.0,エムオーロープ,2.5
2018105614,トーケンアーサー,2020/10/06,門別,曇,4.0,2歳未勝利(未勝利),10,4.0,4,2.5,2.0,10,五十嵐冬,54.0,ダ,1000.0,不,64.6,3.2,1-2,40.6,464.0,8.0,ペタル,
2018105614,トーケンアーサー,2020/09/22,門別,晴,1.0,富川高校ファンファー(未勝利)(2歳),10,6.0,6,2.1,1.0,3,五十嵐冬,54.0,ダ,1000.0,稍,62.8,1.4,1-1,38.7,456.0,4.0,エゾフウジン,7.5
2018105614,トーケンアーサー,2020/09/01,門別,曇,2.0,2歳牝馬未勝利(未勝利),10,8.0,10,2.4,2.0,3,亀井洋司,54.0,ダ,1000.0,重,62.8,0.0,1-3,38.6,452.0,0.0,バジーレ,7.5
2018105614,トーケンアーサー,2020/08/20,門別,曇,4.0,JRA認定アタックチ(未勝利)(2歳),9,8.0,9,3.2,1.0,8,亀井洋司,54.0,ダ,1000.0,良,63.6,1.5,4-3,39.1,452.0,2.0,トゥルスウィー,
2018105614,トーケンアーサー,2020/08/05,門別,晴,1.0,びらとり黒豚賞(未勝利)(2歳),11,1.0,1,1.8,1.0,2,五十嵐冬,54.0,ダ,1000.0,良,61.9,0.0,1-1,37.8,450.0,-2.0,フロストフラワー,10.0
2018105614,トーケンアーサー,2020/07/07,門別,曇,2.0,2歳未勝利(未勝利),10,7.0,8,5.3,3.0,2,五十嵐冬,54.0,ダ,1000.0,稍,63.4,0.4,2-2,38.5,452.0,2.0,キモンシャイン,10.0
2018105614,トーケンアーサー,2020/06/24,門別,曇,2.0,2歳未勝利(未勝利),12,5.0,5,25.4,5.0,5,五十嵐冬,54.0,ダ,1100.0,良,71.4,1.2,1-1,40.2,450.0,-12.0,サラコナン,2.5
2018105614,トーケンアーサー,2020/06/09,門別,晴,1.0,2歳未勝利(未勝利),12,6.0,7,10.6,5.0,6,五十嵐冬,54.0,ダ,1000.0,良,65.1,2.1,4-5,40.0,462.0,8.0,エイシンイージス,
2018105614,トーケンアーサー,2020/05/27,門別,曇,7.0,JRA認定フレッシュ(新馬)(2歳),8,3.0,3,8.3,4.0,5,五十嵐冬,54.0,ダ,1000.0,稍,65.1,2.5,8-7,39.8,454.0,0.0,デスブロー,10.0
2022100043,アミラジオネ,2026/07/16,門別,晴,4.0,3歳以上C4ー2,12,4.0,4,30.2,4.0,2,宮内勇樹,55.0,ダ,1000.0,重,61.8,0.2,4-3,37.0,474.0,0.0,ポートエレン,11.2
2022100043,アミラジオネ,2026/06/30,門別,晴,8.0,ホクレンBB肥料賞(C4),8,6.0,6,1.9,1.0,3,宮内勇樹,55.0,ダ,1000.0,良,63.5,0.4,4-3,38.3,474.0,6.0,ミラージュフルール,8.4
2022100043,アミラジオネ,2026/06/04,船橋,曇,6.0,C2四五六イ(C2五),11,6.0,7,17.5,6.0,8,澤田龍哉,54.0,ダ,1200.0,重,78.3,1.6,1-1-2,40.7,468.0,-3.0,スマイルプラス,
2022100043,アミラジオネ,2026/05/07,船橋,曇,6.0,馬い!淡路洲本農園し(C2八),12,5.0,6,6.5,4.0,5,澤田龍哉,54.0,ダ,1200.0,良,77.2,1.2,1-1-1,39.8,471.0,5.0,ワールドクライシス,10.0
2022100043,アミラジオネ,2026/04/03,船橋,晴,5.0,C2六七八ウ(C2七),12,4.0,4,12.7,5.0,8,澤田龍哉,54.0,ダ,1200.0,稍,78.1,1.6,3-4-4,40.7,466.0,1.0,トクシーオーディン,
2022100043,アミラジオネ,2026/03/10,船橋,晴,8.0,馬い!熊本菊池水田ご(C2五),12,3.0,3,29.5,6.0,9,篠谷葵,54.0,ダ,1200.0,稍,77.8,1.7,7-9-8,40.1,465.0,-7.0,ミライヘノテンシ,
2022100043,アミラジオネ,2025/12/10,船橋,晴,4.0,韋駄天走スプリント(C2),9,7.0,7,1.9,1.0,3,矢野貴之,54.0,ダ,1200.0,良,76.3,0.9,4-4-4,39.1,472.0,0.0,ママアリガトー,25.0
2022100043,アミラジオネ,2025/11/06,船橋,曇,7.0,馬い!八丈島西浜レモ(C2八),12,7.0,9,1.6,1.0,2,御神本訓,54.0,ダ,1200.0,稍,76.2,0.2,4-3-3,39.4,472.0,5.0,トクシーカグヤヒメ,40.0
2022100043,アミラジオネ,2025/10/02,船橋,晴,5.0,金沢競馬大雨災害復興(3歳),12,8.0,12,1.7,1.0,2,矢野貴之,54.0,ダ,1200.0,稍,76.0,1.7,2-2-2,39.4,467.0,-1.0,キタサンライザー,48.0
2022100043,アミラジオネ,2025/08/23,4中京1,曇,4.0,3歳未勝利,18,5.0,10,119.2,13.0,10,長岡禎仁,55.0,芝,1200.0,良,68.8,1.0,8-7,34.4,468.0,-2.0,ヤマニンレセディ,
2022100043,アミラジオネ,2025/08/02,2新潟3,晴,5.0,3歳未勝利,15,5.0,8,14.8,5.0,6,水沼元輝,52.0,ダ,1200.0,良,73.2,0.8,4-6,38.0,470.0,4.0,ガールネクストドア,
2022100043,アミラジオネ,2025/07/20,2福島8,晴,7.0,3歳未勝利,15,2.0,2,11.2,4.0,3,水沼元輝,52.0,ダ,1150.0,良,69.9,0.1,4-2,37.6,466.0,2.0,アイドル,140.0
2022100043,アミラジオネ,2025/06/01,2東京12,晴,2.0,3歳未勝利,15,7.0,13,105.5,10.0,6,水沼元輝,52.0,ダ,1400.0,重,84.9,0.9,7-7,36.3,464.0,0.0,キョウエイスレーヴ,
2022100043,アミラジオネ,2025/03/29,3中山1,小雨,1.0,3歳未勝利,16,1.0,2,163.3,13.0,6,水沼元輝,52.0,ダ,1200.0,良,73.2,1.9,4-4,38.7,464.0,-6.0,ゴールドハンマー,
2022100043,アミラジオネ,2025/01/19,1中山7,晴,2.0,3歳未勝利,16,7.0,13,65.3,9.0,11,江田照男,55.0,ダ,1800.0,良,119.6,3.3,6-6-6-7,41.7,470.0,0.0,ロンパイア,
2022100043,アミラジオネ,2024/12/28,5中山9,晴,3.0,2歳未勝利,16,5.0,9,165.2,10.0,14,江田照男,55.0,芝,1600.0,良,96.7,1.6,16-16-15,36.2,470.0,8.0,カーラデマドレ,
2022100043,アミラジオネ,2024/10/26,4東京7,曇,4.0,2歳新馬,13,5.0,7,56.2,8.0,7,木幡巧也,55.0,芝,1400.0,良,84.3,1.2,10-9,34.1,462.0,0.0,ルージュラナキラ,
2022100086,プチビーンズ,2026/07/16,門別,晴,4.0,3歳以上C4ー2,12,2.0,2,58.2,5.0,10,黒澤愛斗,55.0,ダ,1000.0,重,63.2,1.6,11-10,37.7,456.0,2.0,ポートエレン,
2022100086,プチビーンズ,2026/06/30,門別,晴,8.0,ホクレンBB肥料賞(C4),8,8.0,8,6.5,4.0,4,黒澤愛斗,55.0,ダ,1000.0,良,63.6,0.5,6-6,37.9,454.0,2.0,ミラージュフルール,5.6
2022100086,プチビーンズ,2026/06/17,門別,曇,8.0,日高山脈襟裳十勝国立(C4),11,5.0,5,17.6,3.0,4,黒澤愛斗,55.0,ダ,1000.0,良,63.2,1.1,8-4,37.8,452.0,-2.0,サクセスビービー,5.6
2022100086,プチビーンズ,2026/06/04,門別,晴,2.0,3歳以上C4ー2,12,4.0,4,80.9,6.0,4,桑村真明,55.0,ダ,1000.0,良,63.1,1.3,8-7,37.5,454.0,0.0,フロルドラーダ,5.6
2022100086,プチビーンズ,2026/05/21,門別,曇,3.0,3歳以上C4ー2,12,6.0,8,17.0,4.0,5,黒澤愛斗,55.0,ダ,1000.0,良,62.9,1.0,9-8,37.4,454.0,-4.0,ダンクバローズ,2.8
2022100086,プチビーンズ,2026/05/06,門別,晴,3.0,3歳以上C4ー2,12,2.0,2,18.0,7.0,4,黒澤愛斗,55.0,ダ,1000.0,稍,62.7,1.0,11-9,36.9,458.0,-4.0,ワイルドタイタン,5.6
2022100086,プチビーンズ,2026/04/22,門別,晴,10.0,グランシャリオドリー(C4),9,6.0,6,4.3,2.0,1,黒澤愛斗,55.0,ダ,1000.0,稍,63.0,-0.2,4-4,38.1,462.0,9.0,(アークオブライフ),55.0
2022100086,プチビーンズ,2026/02/26,浦和,曇,6.0,浦和800ラウンド(C2),10,7.0,7,34.1,6.0,4,西啓太,54.0,ダ,800.0,不,48.6,0.5,2-2,36.0,453.0,4.0,ステラブローニュ,15.0
2022100086,プチビーンズ,2026/02/04,川崎,晴,5.0,百雷賞(C2),12,6.0,8,112.5,9.0,12,桑村真明,54.0,ダ,900.0,良,57.6,2.4,6-8,39.7,449.0,2.0,アタゴテンジン,
2022100086,プチビーンズ,2026/01/09,浦和,晴,6.0,浦和800ラウンド(C2),12,7.0,10,38.4,8.0,11,桑村真明,54.0,ダ,800.0,良,50.7,1.9,9-9,37.4,447.0,-4.0,グラッツェ,
2022100086,プチビーンズ,2025/12/25,浦和,曇,5.0,そうだ!東松山にいこ(C2C3),9,6.0,6,15.1,3.0,2,中山遥人,53.0,ダ,800.0,重,49.4,0.3,4-2,36.9,451.0,-2.0,エスシーボニー,40.0
2022100086,プチビーンズ,2025/11/26,浦和,晴,4.0,浦和800ラウンド(C2C3),12,6.0,7,2.1,1.0,10,西啓太,55.0,ダ,800.0,良,50.3,1.1,11-10,36.6,453.0,-13.0,シンキングセンティ,
2022100086,プチビーンズ,2025/09/18,門別,晴,7.0,伊藤忠エネクス賞(C4),7,5.0,5,2.0,1.0,4,桑村真明,55.0,ダ,1000.0,良,63.3,0.4,1-1,38.6,466.0,0.0,ハリーフラッグ,5.6
2022100086,プチビーンズ,2025/09/04,門別,晴,4.0,3歳以上C4ー4,9,5.0,5,1.3,1.0,1,桑村真明,55.0,ダ,1000.0,稍,63.2,-0.3,1-1,38.8,466.0,0.0,(シルバーマック),40.0
2022100086,プチビーンズ,2025/08/21,門別,晴,6.0,3歳以上C4ー4,12,7.0,10,2.4,2.0,2,藤田凌駕,52.0,ダ,1000.0,稍,64.1,0.4,1-1,39.8,466.0,0.0,ウワサノハルカ,11.2
2022100086,プチビーンズ,2025/07/22,門別,晴,4.0,3歳以上C4ー4,12,1.0,1,3.1,3.0,4,桑村真明,55.0,ダ,1000.0,良,63.9,0.6,1-1,39.2,466.0,0.0,ランドチャーター,5.6
2022100086,プチビーンズ,2025/07/10,門別,曇,10.0,グランシャリオドリー(C4),9,8.0,9,1.6,1.0,3,桑村真明,55.0,ダ,1000.0,良,62.4,0.0,2-2,38.0,466.0,0.0,コンヴァラリア,11.6
2022100086,プチビーンズ,2025/06/26,門別,雨,1.0,日高町DAY賞(C4),9,3.0,3,1.7,1.0,2,桑村真明,55.0,ダ,1000.0,稍,63.6,0.2,1-1,39.0,466.0,2.0,ハッピーピンク,11.2
2022100086,プチビーンズ,2025/06/10,門別,晴,10.0,グランシャリオドリー(C4),10,2.0,2,12.3,4.0,3,桑村真明,55.0,ダ,1000.0,良,63.3,0.6,4-3,38.2,464.0,-2.0,マナラナキラ,11.6
2022100086,プチビーンズ,2025/05/29,門別,晴,1.0,3歳条件未勝利(未勝利),10,5.0,5,8.6,4.0,2,桑村真明,55.0,ダ,1000.0,良,63.4,0.1,4-3,38.7,466.0,0.0,トーアエデン,14.0
2022100086,プチビーンズ,2025/05/14,門別,晴,1.0,3歳条件未勝利(未勝利),8,6.0,6,23.4,5.0,3,黒澤愛斗,55.0,ダ,1000.0,良,63.7,1.2,8-7,37.4,466.0,13.0,ビルヴェッカ,10.5
2022100086,プチビーンズ,2025/04/15,大井,晴,5.0,3歳十1112(3歳11),14,4.0,5,135.8,10.0,8,杉山海波,51.0,ダ,1200.0,重,76.9,1.8,4-4,39.4,453.0,-7.0,ゴージャスレディ,
2022100086,プチビーンズ,2025/03/25,大井,晴,5.0,3歳九十11(3歳十),14,3.0,3,26.3,6.0,12,達城龍次,54.0,ダ,1200.0,稍,77.6,2.8,7-6,40.4,460.0,4.0,ツルマルゲッコー,
2022100086,プチビーンズ,2025/03/12,大井,曇,2.0,3歳九十,13,1.0,1,35.9,8.0,8,千田洋,54.0,ダ,1200.0,重,77.5,1.3,13-11,38.8,456.0,12.0,スモモノイモウト,
2022100086,プチビーンズ,2024/11/07,大井,晴,3.0,2歳選抜牝馬,11,1.0,1,28.7,8.0,2,谷内貫太,52.0,ダ,1200.0,稍,79.1,0.7,10-10,40.1,444.0,-9.0,ハッピーグローリー,120.0
2022100086,プチビーンズ,2024/10/14,大井,晴,3.0,江東!コトミちゃん記(2歳),12,8.0,12,8.0,5.0,10,佐野遥久,51.0,ダ,1200.0,良,80.8,2.5,4-5,43.4,453.0,14.0,チュウオーハグラー,
2022100086,プチビーンズ,2024/06/24,大井,曇,5.0,2歳新馬(新馬),7,6.0,6,33.4,7.0,7,谷内貫太,52.0,ダ,1200.0,重,81.8,4.5,1-1,44.3,439.0,0.0,シューボーイ,
2022100692,オセロ,2026/07/09,門別,曇,3.0,3歳以上C4ー2,7,7.0,7,7.6,3.0,3,藤田凌駕,55.0,ダ,1000.0,良,63.0,0.2,6-5,38.1,456.0,0.0,テナチュール,8.4
2022100692,オセロ,2026/06/25,門別,晴,1.0,3歳以上C4ー2,10,6.0,6,13.5,4.0,3,藤田凌駕,55.0,ダ,1000.0,良,63.6,0.6,7-7,38.3,456.0,-6.0,ブライトホウショウ,8.4
2022100692,オセロ,2026/06/03,門別,曇,7.0,3歳以上C4ー2,10,5.0,5,59.1,8.0,6,小川悠汰,54.0,ダ,1200.0,良,77.3,1.5,5-6,40.1,462.0,2.0,マーロウ,
2022100692,オセロ,2026/05/20,門別,曇,9.0,ウツギ特別(C4),12,1.0,1,105.0,10.0,6,藤田凌駕,55.0,ダ,1000.0,良,62.6,1.1,5-4,37.8,460.0,0.0,サクラカレント,
2022100692,オセロ,2026/05/05,門別,晴,7.0,3歳以上C4ー2,12,5.0,5,91.1,8.0,6,藤田凌駕,55.0,ダ,1000.0,稍,63.2,1.1,7-7,38.4,460.0,2.0,オガル,
2022100692,オセロ,2026/04/22,門別,晴,5.0,3歳以上C4ー2,12,4.0,4,52.9,8.0,5,藤田凌駕,55.0,ダ,1000.0,稍,63.3,1.9,9-6,37.6,458.0,8.0,クラウンヴィラン,2.8
2022100692,オセロ,2025/11/13,門別,晴,3.0,3歳以上C4ー2,12,4.0,4,6.4,3.0,3,藤田凌駕,55.0,ダ,1000.0,稍,63.0,0.9,6-4,37.7,450.0,-6.0,クアトロフォルトナ,8.4
2022100692,オセロ,2025/10/30,門別,晴,3.0,3歳以上C4ー2,11,3.0,3,14.6,4.0,2,藤田凌駕,55.0,ダ,1000.0,稍,63.3,1.2,4-4,38.3,456.0,6.0,ランスロット,11.2
2022100692,オセロ,2025/10/07,門別,曇,8.0,3歳以上C4ー2,9,7.0,7,5.8,4.0,6,藤田凌駕,55.0,ダ,1000.0,良,64.0,1.6,8-7,38.5,450.0,4.0,ファイブエム,
2022100692,オセロ,2025/09/24,門別,曇,9.0,ニチニチソウ特別(C4),12,8.0,11,5.8,4.0,2,藤田凌駕,54.0,ダ,1000.0,良,63.3,0.1,9-7,38.0,446.0,4.0,ハッピーピンク,15.4
2022100692,オセロ,2025/09/10,門別,曇,9.0,コキア特別(C4),10,6.0,6,10.2,4.0,2,藤田凌駕,54.0,ダ,1000.0,良,63.4,1.0,5-5,38.1,442.0,2.0,フロルドラーダ,15.4
2022100692,オセロ,2025/07/24,門別,晴,10.0,グランシャリオドリー(C4),12,5.0,5,3.0,1.0,1,小野楓馬,57.0,ダ,1000.0,良,63.7,-0.2,8-6,37.9,440.0,-8.0,(スグレタモノガイナ),55.0
2022100692,オセロ,2025/07/08,門別,晴,6.0,3歳以上C4ー4,10,3.0,3,2.6,2.0,6,小野楓馬,57.0,ダ,1000.0,良,64.7,1.0,3-3,39.3,448.0,0.0,エイシンキャノピー,
2022100692,オセロ,2025/06/24,門別,晴,4.0,渓流の女王ヤマベ賞(C4),12,8.0,11,12.3,6.0,5,小野楓馬,57.0,ダ,1000.0,良,64.0,0.6,6-6,38.9,448.0,4.0,マチリュウオー,2.8
2022100692,オセロ,2025/06/10,門別,晴,10.0,グランシャリオドリー(C4),10,7.0,7,88.4,8.0,6,小野楓馬,57.0,ダ,1000.0,良,64.5,1.8,5-6,39.3,444.0,0.0,マナラナキラ,
2022100692,オセロ,2025/05/28,門別,曇,1.0,3歳条件未勝利(未勝利),9,2.0,2,7.5,5.0,6,小野楓馬,57.0,ダ,1000.0,良,64.3,1.1,6-6,39.2,444.0,-2.0,ツキヨザクラ,
2022100692,オセロ,2025/05/07,門別,曇,1.0,3歳条件未勝利(未勝利),12,2.0,2,5.7,3.0,5,小野楓馬,57.0,ダ,1000.0,稍,64.6,1.7,4-3,39.3,446.0,-10.0,アーミールック,3.5
2022100692,オセロ,2025/04/23,門別,曇,1.0,3歳条件未勝利(未勝利),12,2.0,2,24.5,6.0,8,小野楓馬,57.0,ダ,1000.0,重,63.9,2.1,1-2,39.6,456.0,26.0,ササキントモジロウ,
2022100692,オセロ,2024/11/04,門別,雨,2.0,思い出の旭川ナイター(未勝利)(2歳),12,5.0,6,25.6,7.0,6,小野楓馬,56.0,ダ,1000.0,良,63.4,0.9,5-5,38.8,430.0,6.0,ビッグミサキルーフ,
2022100692,オセロ,2024/10/23,門別,雨,2.0,道産牛乳飲んで健康に(未勝利)(2歳),11,7.0,9,31.5,6.0,4,小野楓馬,56.0,ダ,1000.0,不,62.6,0.5,4-4,37.7,424.0,-2.0,サマータイヨウ,7.0
2022100692,オセロ,2024/10/02,門別,曇,4.0,オールひだかスタンプ(未勝利)(2歳),12,7.0,9,121.6,9.0,5,小野楓馬,56.0,ダ,1000.0,良,64.0,0.8,5-4,38.9,426.0,-4.0,エイシンラージヒル,3.5
2022100692,オセロ,2024/09/12,門別,晴,1.0,2歳新馬(新馬),10,8.0,11,8.0,4.0,10,小野楓馬,55.0,ダ,1000.0,良,67.8,5.5,4-4,43.0,430.0,0.0,エアプレイ,
2022104070,ニシノエンデヴァー,2026/07/09,門別,曇,3.0,3歳以上C4ー2,7,2.0,2,2.3,2.0,2,宮内勇樹,57.0,ダ,1000.0,良,62.8,0.0,4-4,38.0,460.0,-6.0,テナチュール,11.2
2022104070,ニシノエンデヴァー,2026/06/25,門別,晴,1.0,3歳以上C4ー2,10,1.0,1,3.5,2.0,5,宮内勇樹,57.0,ダ,1000.0,良,64.0,1.0,1-1,39.8,466.0,4.0,ブライトホウショウ,2.8
2022104070,ニシノエンデヴァー,2026/06/09,門別,曇,10.0,グランシャリオドリー(C4),10,7.0,8,3.7,2.0,5,宮内勇樹,57.0,ダ,1000.0,重,62.4,1.1,6-5,37.4,462.0,-6.0,オギフシノチカイ,3.8
2022104070,ニシノエンデヴァー,2026/05/27,門別,曇,7.0,3歳以上C4ー2,12,6.0,7,31.3,7.0,4,宮内勇樹,57.0,ダ,1000.0,良,62.4,0.2,7-5,37.5,468.0,4.0,ライトニングジャブ,5.6
2022104070,ニシノエンデヴァー,2026/04/29,門別,曇,7.0,3歳以上C4ー2,11,2.0,2,7.4,3.0,5,宮内勇樹,57.0,ダ,1000.0,良,62.9,0.8,3-4,38.4,464.0,-2.0,ノアルパフェ,2.8
2022104070,ニシノエンデヴァー,2026/04/15,門別,曇,8.0,3歳以上C4ー2,11,7.0,8,7.5,3.0,2,宮内勇樹,57.0,ダ,1000.0,良,62.6,1.0,2-2,37.8,466.0,-9.0,ウーナファータ,11.2
2022104070,ニシノエンデヴァー,2026/03/29,佐賀,曇,7.0,C1ー12組,11,8.0,11,7.4,4.0,2,石川慎将,56.0,ダ,1400.0,良,91.1,0.9,2-2-2-2,39.0,475.0,0.0,ダイハッシュウ,13.4
2022104070,ニシノエンデヴァー,2026/03/15,佐賀,曇,5.0,C2ー6組,12,7.0,10,3.1,2.0,1,飛田愛斗,56.0,ダ,1400.0,良,91.4,-0.1,3-3-3-1,40.5,475.0,0.0,(マイネルダンク),40.0
2022104070,ニシノエンデヴァー,2026/03/01,佐賀,晴,3.0,C2ー8組,12,6.0,7,8.5,2.0,2,石川慎将,56.0,ダ,1400.0,重,91.6,0.2,2-2-3-3,39.8,475.0,4.0,リヴァイデント,12.8
2022104070,ニシノエンデヴァー,2026/02/15,佐賀,晴,3.0,C2ー9組,11,8.0,10,4.7,2.0,5,石川慎将,56.0,ダ,1400.0,重,91.6,1.1,5-5-5-6,39.0,471.0,1.0,スペシャルホリデー,3.2
2022104070,ニシノエンデヴァー,2026/01/31,佐賀,晴,3.0,C2ー9組,12,7.0,9,1.2,1.0,4,宮内勇樹,56.0,ダ,1400.0,良,92.3,0.5,3-3-3-1,40.2,470.0,9.0,アーコレード,4.8
2022104070,ニシノエンデヴァー,2026/01/05,佐賀,晴,7.0,C2ー19組,12,7.0,10,2.7,1.0,1,宮内勇樹,56.0,ダ,1400.0,良,91.3,-1.0,2-2-1-1,40.1,461.0,5.0,(ディーズミソロジー),40.0
2022104070,ニシノエンデヴァー,2025/11/11,門別,曇,6.0,3歳以上C4ー2,12,5.0,5,1.8,1.0,3,落合玄太,57.0,ダ,1000.0,稍,62.9,0.1,2-2,37.7,456.0,0.0,サンダーエフェクト,8.4
2022104070,ニシノエンデヴァー,2025/10/29,門別,晴,5.0,3歳以上C4ー2,11,2.0,2,15.1,4.0,2,岩橋勇二,57.0,ダ,1000.0,稍,62.8,0.1,6-6,37.8,456.0,0.0,アルデスト,11.2
2022104070,ニシノエンデヴァー,2025/10/16,門別,曇,5.0,3歳以上C4ー2,12,6.0,8,22.8,4.0,5,岩橋勇二,57.0,ダ,1000.0,稍,63.6,0.7,8-9,38.1,456.0,-4.0,マナラナキラ,2.8
2022104070,ニシノエンデヴァー,2025/10/07,門別,曇,7.0,3歳以上C4ー2,9,8.0,9,7.4,3.0,6,落合玄太,57.0,ダ,1000.0,良,64.0,1.2,5-4,39.1,460.0,0.0,キャットデイ,
2022104070,ニシノエンデヴァー,2025/09/23,門別,晴,9.0,宮の沢白い恋人サッカ(C4),9,5.0,5,8.4,3.0,6,落合玄太,57.0,ダ,1000.0,稍,63.6,0.4,8-9,37.5,460.0,6.0,エースオブハーツ,
2022104070,ニシノエンデヴァー,2025/09/09,門別,曇,8.0,ダリア特別(C4),12,3.0,3,7.1,4.0,6,落合玄太,57.0,ダ,1000.0,稍,63.0,0.2,3-3,38.4,454.0,-4.0,マリノロマンス,
2022104070,ニシノエンデヴァー,2025/08/27,門別,晴,7.0,新ひだか建設協会賞(C4),11,2.0,2,6.9,3.0,3,落合玄太,57.0,ダ,1000.0,良,63.6,0.6,7-4,37.9,458.0,8.0,レイホープ,8.4
2022104070,ニシノエンデヴァー,2025/08/14,門別,曇,5.0,3歳以上C4ー3,11,2.0,2,19.4,5.0,2,岩橋勇二,57.0,ダ,1000.0,良,63.2,0.0,7-6,38.2,450.0,-4.0,ステラブローニュ,11.2
2022104070,ニシノエンデヴァー,2025/07/31,門別,晴,6.0,優駿の里安平町早来か(C4),9,6.0,6,24.3,5.0,7,落合玄太,57.0,ダ,1200.0,稍,77.2,1.2,6-6,40.0,454.0,0.0,キョウエイフレアー,
2022104070,ニシノエンデヴァー,2025/07/17,門別,晴,7.0,3歳以上C4ー3,11,4.0,4,5.8,4.0,5,落合玄太,57.0,ダ,1200.0,稍,76.5,1.4,6-6,38.9,454.0,-1.0,トゥスイート,2.8
2022104070,ニシノエンデヴァー,2025/05/25,佐賀,晴,10.0,SAGAリベンジャー(3歳),11,7.0,8,6.0,3.0,1,山口勲,56.0,ダ,1400.0,不,93.1,-0.2,1-2-2-1,41.7,455.0,-2.0,(テイエムジェネラル),45.0
2022104070,ニシノエンデヴァー,2025/05/10,佐賀,曇,11.0,SAGAリベンジャー(3歳),11,4.0,4,5.8,4.0,3,山口勲,56.0,ダ,900.0,不,56.4,1.0,4-3,36.9,457.0,5.0,パイソン,8.1
2022104070,ニシノエンデヴァー,2025/04/25,佐賀,晴,12.0,SAGAリベンジャー(3歳),11,8.0,10,23.5,7.0,5,川島拓,56.0,ダ,1400.0,稍,93.0,2.6,6-5-6-7,40.9,452.0,-16.0,アライアンスデイ,3.6
2022104070,ニシノエンデヴァー,2025/03/09,1阪神4,晴,5.0,3歳未勝利,17,1.0,2,181.2,14.0,16,池添謙一,57.0,芝,1600.0,良,98.5,4.6,16-16,36.9,468.0,4.0,ホーリーノット,
2022104070,ニシノエンデヴァー,2025/01/05,1中京1,晴,2.0,3歳未勝利,16,8.0,16,250.8,16.0,12,川端海翼,54.0,ダ,1400.0,良,88.1,2.0,16-16,38.2,464.0,6.0,セルズパワー,
2022104070,ニシノエンデヴァー,2024/09/16,3中京5,晴,4.0,2歳新馬,14,6.0,9,46.9,9.0,11,幸英明,55.0,ダ,1400.0,稍,89.0,5.1,14-14,38.5,458.0,0.0,ミリアッドラヴ,
2023104144,オオイシサクラ,2026/07/14,門別,雨,5.0,3歳以上C4ー3,9,4.0,4,17.1,5.0,1,阿部龍,55.0,ダ,1000.0,稍,62.2,-1.1,3-1,37.3,410.0,2.0,(クインズタンポポ),40.0
2023104144,オオイシサクラ,2026/06/30,門別,晴,6.0,3歳以上C4ー3,10,8.0,9,6.1,4.0,5,阿部龍,55.0,ダ,1200.0,良,78.0,1.2,6-5,39.4,408.0,2.0,ビリーヴザウエスト,2.8
2023104144,オオイシサクラ,2026/06/09,門別,曇,6.0,3歳以上C4ー3,8,5.0,5,14.7,5.0,2,阿部龍,55.0,ダ,1200.0,重,76.4,1.4,2-2,38.7,406.0,2.0,ウィルスカイ,11.2
2023104144,オオイシサクラ,2026/05/26,門別,曇,6.0,3歳以上C4ー3,9,6.0,6,29.4,5.0,2,阿部龍,55.0,ダ,1200.0,稍,77.1,0.8,2-3,40.7,404.0,-8.0,ジャスティンベニス,11.2
2023104144,オオイシサクラ,2026/05/13,門別,曇,7.0,3歳以上C4ー3,11,2.0,2,23.9,6.0,7,桑村真明,55.0,ダ,1000.0,良,65.0,2.7,7-7,38.7,412.0,-2.0,ライトニングジャブ,
2023104144,オオイシサクラ,2026/04/30,門別,晴,2.0,3歳条件未勝利(未勝利),10,7.0,8,40.4,7.0,5,岩橋勇二,55.0,ダ,1000.0,良,63.8,1.6,9-7,37.3,414.0,-4.0,ハシレオザキサン,3.5
2023104144,オオイシサクラ,2026/04/15,門別,曇,1.0,3歳条件未勝利(未勝利),9,2.0,2,46.1,4.0,8,阿部龍,55.0,ダ,1000.0,良,64.5,2.7,9-9,37.8,418.0,6.0,オガル,
2023104144,オオイシサクラ,2025/11/11,門別,曇,1.0,2歳未勝利(未勝利),12,5.0,5,18.5,5.0,4,桑村真明,55.0,ダ,1000.0,稍,64.2,1.4,6-6,38.5,412.0,-2.0,トーケンマティーニ,7.0
2023104144,オオイシサクラ,2025/10/28,門別,晴,2.0,2歳牝馬未勝利(未勝利),10,6.0,6,26.5,4.0,8,桑村真明,55.0,ダ,1000.0,稍,64.9,1.7,10-10,37.5,414.0,2.0,アークオブライフ,
2023104144,オオイシサクラ,2025/10/15,門別,晴,5.0,オータムライト級カッ(未勝利)(2歳),12,3.0,3,34.6,8.0,8,桑村真明,55.0,ダ,1000.0,稍,64.8,1.4,2-1,40.0,412.0,2.0,セイランマクフィ,
2023104144,オオイシサクラ,2025/09/16,門別,晴,3.0,2歳未勝利(未勝利),12,8.0,12,10.5,5.0,6,桑村真明,55.0,ダ,1000.0,良,63.7,1.2,6-6,38.4,410.0,-6.0,パド,
2023104144,オオイシサクラ,2025/09/02,門別,雨,3.0,2歳牝馬未勝利(未勝利),11,4.0,4,8.1,5.0,7,阿部龍,55.0,ダ,1000.0,重,63.8,1.0,1-3,39.5,416.0,-2.0,ビラトリチャーム,
2023104144,オオイシサクラ,2025/08/05,門別,晴,2.0,日高山脈最高峰幌尻岳(未勝利)(2歳),12,3.0,3,11.1,6.0,4,桑村真明,55.0,ダ,1000.0,良,63.5,0.7,1-1,39.2,418.0,-4.0,オカノティアラ,7.0
2023104144,オオイシサクラ,2025/07/22,門別,晴,1.0,2歳未勝利(未勝利),10,3.0,3,5.8,4.0,7,阿部龍,55.0,ダ,1000.0,良,64.3,0.8,5-9,39.0,422.0,2.0,エムティブレイド,
2023104144,オオイシサクラ,2025/07/01,門別,晴,4.0,しまれん賞(未勝利)(2歳),10,6.0,6,24.0,5.0,5,阿部龍,55.0,ダ,1100.0,良,70.3,1.5,8-8,37.9,420.0,-10.0,エイシンヴィエント,3.5
2023104144,オオイシサクラ,2025/06/19,門別,晴,4.0,JRA認定競走フレッ(新馬)(2歳),11,5.0,5,39.7,6.0,6,阿部龍,55.0,ダ,1100.0,良,70.7,2.5,9-10,38.0,430.0,0.0,エンドレスソロウ,
2021101144,ゴールデンアイル,2026/07/16,門別,晴,4.0,3歳以上C4ー2,12,8.0,11,602.5,11.0,8.0,松井伸也,55.0,ダ,1000.0,重,62.9,1.3,12-12,37.2,440.0,2.0,ポートエレン,
2021101144,ゴールデンアイル,2026/07/01,門別,晴,3.0,道産子ポイントガード(C4),11,6.0,7,67.7,6.0,7.0,松井伸也,55.0,ダ,1200.0,良,77.8,2.0,4-3,39.9,438.0,0.0,ジューンランド,
2021101144,ゴールデンアイル,2026/06/18,門別,晴,1.0,門別温泉とねっこの湯(C4),12,7.0,10,152.8,11.0,7.0,阿岸潤一,54.0,ダ,1200.0,良,76.8,1.2,8-7,40.2,438.0,6.0,トゥレアレンシス,
2021101144,ゴールデンアイル,2026/06/03,門別,曇,9.0,ゲラニウム特別(C4),12,4.0,4,290.4,11.0,8.0,阿岸潤一,54.0,ダ,1500.0,良,100.5,3.0,4-4-5-6,43.0,432.0,-4.0,アルバソーレ,
2021101144,ゴールデンアイル,2026/05/21,門別,曇,3.0,3歳以上C4ー2,12,2.0,2,416.0,12.0,7.0,阿岸潤一,54.0,ダ,1000.0,良,63.6,1.7,10-11,37.6,436.0,6.0,ダンクバローズ,
2021101144,ゴールデンアイル,2026/05/05,門別,晴,7.0,3歳以上C4ー2,12,2.0,2,210.2,12.0,10.0,阿岸潤一,54.0,ダ,1000.0,稍,64.2,2.1,10-7,39.0,430.0,-12.0,オガル,
2021101144,ゴールデンアイル,2026/04/22,門別,晴,5.0,3歳以上C4ー2,12,1.0,1,67.7,11.0,6.0,井上瑛太,55.0,ダ,1000.0,稍,63.5,2.1,11-11,37.0,442.0,-4.0,クラウンヴィラン,
2021101144,ゴールデンアイル,2025/11/11,門別,曇,9.0,がんばれ馬産地日高賞(C3),12,3.0,3,555.6,12.0,7.0,藤田凌駕,53.0,ダ,1000.0,稍,62.7,0.7,5-5,38.2,446.0,-4.0,クリナッチ,
2021101144,ゴールデンアイル,2025/10/30,門別,晴,4.0,3歳以上C3ー2C4,12,2.0,2,192.2,11.0,9.0,松井伸也,55.0,ダ,1000.0,稍,64.1,1.6,4-4,39.6,450.0,2.0,マナラナキラ,
2021101144,ゴールデンアイル,2025/10/16,門別,曇,6.0,3歳以上C3ー2C4,10,2.0,2,21.8,5.0,9.0,松井伸也,55.0,ダ,1000.0,稍,63.6,1.0,5-6,38.9,448.0,4.0,サッポロキタコ,
2021101144,ゴールデンアイル,2025/10/02,門別,晴,7.0,3歳以上C3ー2C4,12,1.0,1,156.3,10.0,11.0,亀井洋司,55.0,ダ,1000.0,稍,63.6,2.6,10-8,37.7,444.0,2.0,セイルロケット,
2021101144,ゴールデンアイル,2025/09/18,門別,晴,5.0,日高サラブレッドサブ(C3),11,7.0,9,13.6,6.0,8.0,亀井洋司,55.0,ダ,1000.0,良,63.8,0.6,6-4,38.8,442.0,0.0,ササキントモジロウ,
2021101144,ゴールデンアイル,2025/09/04,門別,曇,8.0,3歳以上C3ー2C4,11,3.0,3,21.3,8.0,7.0,亀井洋司,55.0,ダ,1000.0,稍,63.0,0.9,8-8,37.6,442.0,4.0,ディープレゼント,
2021101144,ゴールデンアイル,2025/08/14,門別,曇,9.0,教養センター騎手候補(C3),10,7.0,7,20.7,7.0,3.0,及川烈,54.0,ダ,1000.0,良,62.7,0.5,8-7,37.1,438.0,4.0,フリーパスポート,11.6
2021101144,ゴールデンアイル,2025/07/30,門別,,9.0,ホクレンパールライス(C3),0,5.0,6,,,,及川烈,54.0,ダ,1000.0,,,,,,,,,
2021101144,ゴールデンアイル,2025/07/17,門別,晴,8.0,3歳以上C3ー2C4,9,7.0,7,74.8,7.0,7.0,亀井洋司,55.0,ダ,1200.0,稍,78.0,3.4,5-7,40.1,434.0,6.0,レネネト,
2021101144,ゴールデンアイル,2025/06/26,門別,雨,7.0,地酒「縁」「結」で縁(C3),11,5.0,5,213.9,11.0,7.0,岩橋勇二,55.0,ダ,1000.0,稍,62.9,2.0,6-7,38.0,428.0,-2.0,ビービーバシリス,
2021101144,ゴールデンアイル,2025/06/12,門別,曇,6.0,3歳以上C3ー2C4,11,1.0,1,165.9,10.0,5.0,亀井洋司,55.0,ダ,1000.0,稍,63.1,1.4,3-3,38.3,430.0,0.0,レイワホクト,2.8
2021101144,ゴールデンアイル,2025/05/22,門別,曇,6.0,OnlineMarc(C3),9,6.0,6,24.1,7.0,5.0,岩橋勇二,55.0,ダ,1000.0,良,62.7,0.2,7-4,37.0,430.0,-9.0,ハナカンザシ,2.8
2021101144,ゴールデンアイル,2025/03/05,笠松,雨,5.0,C10・C13組(CC),7,2.0,2,2.0,1.0,7.0,深澤杏花,52.0,ダ,1400.0,不,98.6,5.2,1-2-3,46.0,439.0,2.0,テーオーエンゲルス,
2021101144,ゴールデンアイル,2025/02/05,笠松,曇,7.0,C14組,8,1.0,1,5.4,2.0,2.0,深澤杏花,52.0,ダ,1400.0,稍,93.0,0.1,1-1-1,41.6,437.0,4.0,ニューアルケミー,14.0
2021101144,ゴールデンアイル,2025/01/08,笠松,晴,6.0,初夢賞(C),8,6.0,6,6.9,3.0,8.0,深澤杏花,52.0,ダ,1600.0,稍,110.2,2.0,2-2-2,42.9,433.0,-2.0,アイアンロマン,
2021101144,ゴールデンアイル,2024/12/29,笠松,曇,4.0,祝!溝口今男還暦記念(C),8,7.0,7,6.6,2.0,6.0,深澤杏花,52.0,ダ,1600.0,良,109.4,2.7,4-3-3,44.0,435.0,-11.0,グリグリグリジロウ,
2021101144,ゴールデンアイル,2024/11/07,門別,曇,7.0,3歳以上C2ー2?C,12,5.0,6,17.3,6.0,3.0,金山昇馬,55.0,ダ,1000.0,稍,62.7,0.1,2-2,37.9,446.0,4.0,ゴールドタリスマン,8.4
2021101144,ゴールデンアイル,2024/10/22,門別,曇,9.0,3歳以上C3ー2C4,12,3.0,3,35.2,9.0,5.0,落合玄太,55.0,ダ,1000.0,稍,62.2,0.5,9-8,37.3,442.0,-4.0,コリュウカゲミツ,2.8
2021101144,ゴールデンアイル,2024/10/08,門別,晴,8.0,3歳以上C3ー2C4,12,7.0,9,5.1,3.0,5.0,阪野学,55.0,ダ,1000.0,稍,63.4,1.3,11-6,37.7,446.0,4.0,キラリメイラード,2.8
2021101144,ゴールデンアイル,2024/09/25,門別,晴,10.0,ヘメロカリス特別(C3),12,5.0,5,18.4,4.0,6.0,落合玄太,55.0,ダ,1000.0,良,62.7,0.8,11-9,36.9,442.0,2.0,オソレ,
2021101144,ゴールデンアイル,2024/09/10,門別,曇,9.0,3歳以上C4ー2,10,2.0,2,9.3,5.0,1.0,岩橋勇二,55.0,ダ,1000.0,良,62.2,0.0,4-3,37.5,440.0,4.0,(ヒデノスケ),40.0
2021101144,ゴールデンアイル,2024/08/27,門別,雨,8.0,ビアパーティーAib(C4),12,7.0,10,2.9,1.0,9.0,岩橋勇二,55.0,ダ,1000.0,不,63.2,1.4,5-4,38.9,436.0,-2.0,ヤマニンリーリオ,
2021101144,ゴールデンアイル,2024/08/13,門別,曇,7.0,松山光プロジェクト賞(C4),11,1.0,1,6.9,3.0,2.0,岩橋勇二,55.0,ダ,1000.0,稍,62.4,0.1,6-3,37.2,438.0,4.0,スペースアギト,11.2
2021101144,ゴールデンアイル,2024/07/11,門別,曇,9.0,3歳以上C4ー3,12,3.0,3,2.6,2.0,4.0,阿部龍,55.0,ダ,1000.0,稍,62.8,0.6,4-2,38.2,434.0,-2.0,ロードアルフィーネ,5.6
2021101144,ゴールデンアイル,2024/06/26,門別,晴,7.0,ビアパーティーAib(C4),9,5.0,5,2.3,1.0,2.0,阿部龍,55.0,ダ,1000.0,稍,62.8,0.2,4-3,38.1,436.0,0.0,アトニモサキニモ,11.2
2021101144,ゴールデンアイル,2024/06/12,門別,晴,1.0,3歳以上C4ー4,9,5.0,5,1.7,1.0,1.0,阿部龍,55.0,ダ,1000.0,良,62.4,-1.1,1-1,37.8,436.0,0.0,(モーニングコスモス),40.0
2021101144,ゴールデンアイル,2024/05/29,門別,曇,1.0,3歳条件未勝利(未勝利),10,1.0,1,3.2,2.0,3.0,宮内勇樹,53.0,ダ,1000.0,良,63.1,0.9,4-5,37.9,436.0,6.0,サクラガーディアン,10.5
2021101144,ゴールデンアイル,2024/05/15,門別,晴,1.0,3歳条件未勝利(未勝利),8,6.0,6,2.2,2.0,2.0,宮内勇樹,53.0,ダ,1000.0,良,63.1,0.3,2-1,38.7,430.0,-4.0,ブラックモア,14.0
2021101144,ゴールデンアイル,2024/05/01,門別,晴,1.0,3歳条件未勝利(未勝利),11,5.0,5,6.4,4.0,4.0,阿岸潤一,53.0,ダ,1000.0,良,64.0,0.2,2-1,38.8,434.0,4.0,ピュアジャスミン,7.0
2021101144,ゴールデンアイル,2024/04/17,門別,曇,2.0,3歳条件未勝利(未勝利),9,6.0,6,7.5,4.0,3.0,宮内勇樹,53.0,ダ,1000.0,良,62.8,0.8,4-4,38.1,430.0,-4.0,スレイプナー,10.5
2021101144,ゴールデンアイル,2023/10/03,門別,晴,3.0,2歳未勝利(未勝利),10,8.0,10,2.7,2.0,9.0,阿岸潤一,51.0,ダ,1100.0,良,72.7,3.0,6-6,41.4,434.0,-6.0,ヤマショウカリズマ,
2021101144,ゴールデンアイル,2023/09/12,門別,曇,2.0,2歳未勝利(未勝利),12,5.0,5,16.3,6.0,3.0,宮内勇樹,51.0,ダ,1000.0,稍,63.1,0.3,5-5,38.3,440.0,-4.0,トドイワハリアー,10.5
2021101144,ゴールデンアイル,2023/08/29,門別,曇,4.0,JRA認定フレッシュ(新馬)(2歳),9,2.0,2,14.1,4.0,5.0,宮内勇樹,51.0,ダ,1000.0,良,65.1,2.0,3-2,39.9,444.0,0.0,メリア,17.5
2021101693,ノーマンズランド,2026/07/14,門別,雨,7.0,3歳以上C4ー2,11,3.0,3,93.7,8.0,4,石川倭,55.0,ダ,1000.0,重,62.4,0.4,5-5,37.8,462.0,4.0,ベルテオドーラ,5.6
2021101693,ノーマンズランド,2026/06/23,門別,曇,9.0,3歳以上C4ー2,9,5.0,5,8.2,5.0,9,石川倭,55.0,ダ,1200.0,稍,78.9,2.6,2-2,41.9,458.0,6.0,チャンピオンホース,
2021101693,ノーマンズランド,2026/01/05,名古屋,晴,4.0,福寿草賞(C),11,6.0,6,423.9,11.0,9,山田祥雄,55.0,ダ,1500.0,良,100.5,3.2,2-3-6,42.0,452.0,-3.0,メイショウイチモン,
2021101693,ノーマンズランド,2025/12/24,名古屋,小雨,4.0,C4組,11,3.0,3,114.4,11.0,9,山田祥雄,55.0,ダ,1500.0,不,98.5,2.3,5-7-8,41.3,455.0,2.0,エイシンガウディ,
2021101693,ノーマンズランド,2025/12/10,名古屋,晴,5.0,C3組,12,4.0,4,24.3,5.0,12,望月洵輝,55.0,ダ,1500.0,良,100.6,3.8,6-8-9,42.4,453.0,3.0,サウンドジャッカル,
2021101693,ノーマンズランド,2025/11/26,名古屋,晴,6.0,C3組,12,4.0,4,71.4,11.0,9,山田祥雄,55.0,ダ,1500.0,良,99.6,1.5,10-11-10,41.1,450.0,3.0,ブリージョドラード,
2021101693,ノーマンズランド,2025/11/13,名古屋,曇,4.0,C4組,11,4.0,4,35.5,7.0,11,木之前葵,53.0,ダ,1400.0,稍,94.5,4.3,5-5-10,42.4,447.0,5.0,ボッシュ,
2021101693,ノーマンズランド,2025/10/31,名古屋,雨,7.0,C3組,12,8.0,11,5.2,3.0,8,望月洵輝,55.0,ダ,1500.0,重,99.6,1.7,5-4-6,41.6,442.0,6.0,ヴァスキアン,
2021101693,ノーマンズランド,2025/10/03,名古屋,曇,2.0,C2組,12,6.0,7,41.2,7.0,5,山田祥雄,55.0,ダ,1500.0,良,99.5,2.1,12-11-9,40.0,436.0,-2.0,ガンバリキ,5.5
2021101693,ノーマンズランド,2025/09/19,名古屋,晴,1.0,名古屋モーニングフィ(C),12,1.0,1,11.8,6.0,5,山田祥雄,55.0,ダ,1500.0,良,99.4,1.5,1-1-2,40.7,438.0,-2.0,ワイドステラ,5.5
2021101693,ノーマンズランド,2025/09/04,名古屋,曇,5.0,C5組,12,4.0,4,8.8,3.0,2,望月洵輝,55.0,ダ,1500.0,良,99.4,1.1,4-4-1,40.1,440.0,1.0,フルーヴ,19.3
2021101693,ノーマンズランド,2025/08/21,名古屋,晴,4.0,C8組,10,8.0,9,16.1,6.0,2,望月洵輝,55.0,ダ,920.0,良,57.3,0.8,4,37.2,439.0,0.0,ソーラーシステム,19.3
2021101693,ノーマンズランド,2025/07/09,名古屋,晴,8.0,C9組,11,5.0,6,47.1,9.0,11,友森翔太,55.0,ダ,1400.0,良,97.5,6.7,11-11-11,45.4,439.0,-3.0,カルデア,
2021101693,ノーマンズランド,2025/06/26,名古屋,雨,1.0,C8組,12,1.0,1,27.7,7.0,8,友森翔太,55.0,ダ,1400.0,不,90.5,1.5,7-7-4,40.0,442.0,4.0,ギースバッハ,
2021101693,ノーマンズランド,2025/06/16,名古屋,晴,6.0,C11組,12,4.0,4,85.5,10.0,2,山田祥雄,55.0,ダ,1500.0,重,98.5,0.0,1-1-1,41.0,438.0,-4.0,シグナトリー,19.3
2021101693,ノーマンズランド,2025/06/04,名古屋,晴,3.0,C11組,12,5.0,5,17.8,6.0,10,望月洵輝,55.0,ダ,1400.0,重,94.0,1.9,9-9-10,41.4,442.0,-3.0,コンジュラー,
2021101693,ノーマンズランド,2025/05/21,名古屋,曇,5.0,C13組,12,1.0,1,50.7,8.0,5,望月洵輝,55.0,ダ,1400.0,良,93.2,0.7,5-6-6,41.2,445.0,3.0,マイトシップ,5.5
2021101693,ノーマンズランド,2025/05/06,名古屋,小雨,8.0,C16組,11,8.0,11,19.7,8.0,4,望月洵輝,55.0,ダ,1500.0,不,99.1,0.7,4-3-3,40.0,442.0,-3.0,ロマンスヒコー,8.3
2021101693,ノーマンズランド,2025/04/22,名古屋,小雨,8.0,C17組,11,6.0,7,10.7,5.0,5,望月洵輝,55.0,ダ,1500.0,良,100.6,1.2,5-6-6,41.9,445.0,1.0,ロバストネス,5.5
2021101693,ノーマンズランド,2025/04/09,名古屋,晴,8.0,C14組,12,2.0,2,23.3,6.0,5,望月洵輝,55.0,ダ,1400.0,良,93.2,0.7,5-5-3,40.3,444.0,-8.0,ヤーゴ,5.5
2021101693,ノーマンズランド,2025/03/13,名古屋,曇,3.0,C13組,12,5.0,6,44.2,7.0,12,大畑雅章,54.0,ダ,1500.0,重,103.9,7.2,3-4-10,45.6,452.0,-1.0,フリージングフォグ,
2021101693,ノーマンズランド,2025/02/26,名古屋,晴,12.0,矢作古川特別(C),11,4.0,4,130.3,11.0,11,大畑雅章,54.0,ダ,1700.0,良,117.3,4.5,11-11-11,42.8,453.0,5.0,リーゼントキャロル,
2021101693,ノーマンズランド,2025/02/10,名古屋,晴,7.0,C25組,11,2.0,2,14.5,5.0,1,宮下瞳,52.0,ダ,1500.0,稍,100.1,-0.2,3-3-1,41.9,448.0,4.0,(レオハートビート),50.0
2021101693,ノーマンズランド,2025/01/27,名古屋,曇,7.0,C27組,11,8.0,11,10.3,3.0,8,大畑雅章,54.0,ダ,1500.0,良,100.6,2.7,3-3-3,43.1,444.0,-3.0,レインボーブリッジ,
2021101693,ノーマンズランド,2025/01/14,名古屋,晴,5.0,C26組,11,8.0,10,2.9,1.0,5,大畑雅章,54.0,ダ,1500.0,良,100.8,0.8,3-3-1,41.3,447.0,0.0,ココロオドル,5.0
2021101693,ノーマンズランド,2025/01/01,名古屋,晴,5.0,C28組,11,7.0,9,3.8,1.0,3,大畑雅章,54.0,ダ,1500.0,良,99.4,0.9,5-4-3,40.9,447.0,1.0,ポラライズ,10.0
2021101693,ノーマンズランド,2024/12/18,名古屋,晴,2.0,C31組,10,3.0,3,183.2,9.0,3,大畑雅章,54.0,ダ,1500.0,良,98.7,2.1,7-7-5,39.8,446.0,0.0,ヒラボクヒーロー,10.0
2021101693,ノーマンズランド,2024/11/20,名古屋,曇,3.0,C26組,12,7.0,9,10.3,4.0,9,大畑雅章,54.0,ダ,1500.0,良,101.3,1.6,4-4-6,42.5,446.0,-5.0,サンライズアザール,
2021101693,ノーマンズランド,2024/11/11,名古屋,晴,4.0,C26組,12,8.0,11,8.5,3.0,10,大畑雅章,54.0,ダ,1500.0,良,101.7,4.0,6-3-5,42.8,451.0,5.0,キタサンバンビーナ,
2021101693,ノーマンズランド,2024/10/16,名古屋,曇,4.0,C27組,12,6.0,7,47.0,9.0,5,丸野勝虎,54.0,ダ,1500.0,良,99.1,1.3,7-8-9,40.9,446.0,4.0,ワカミヤノミコト,5.0
2021101693,ノーマンズランド,2024/08/24,3新潟5,曇,2.0,3歳未勝利,15,7.0,12,304.3,14.0,12,内田博幸,55.0,ダ,1800.0,良,119.4,4.5,12-13-13-12,43.0,442.0,2.0,キョウエイフロイデ,
2021101693,ノーマンズランド,2024/06/08,3東京3,晴,2.0,3歳未勝利,16,7.0,13,24.4,7.0,11,内田博幸,55.0,ダ,1400.0,良,88.7,3.1,12-12,38.2,440.0,0.0,ベルブリエ,
2023103200,サンヨウコイノボリ,2026/07/16,門別,晴,4.0,3歳以上C4ー2,12,6.0,8,88.3,7.0,5,服部茂史,55.0,ダ,1000.0,重,62.4,0.8,2-2,38.3,414.0,2.0,ポートエレン,2.8
2023103200,サンヨウコイノボリ,2026/06/30,門別,晴,8.0,ホクレンBB肥料賞(C4),8,1.0,1,3.7,2.0,5,石川倭,55.0,ダ,1000.0,良,63.8,0.7,6-6,38.1,412.0,4.0,ミラージュフルール,2.8
2023103200,サンヨウコイノボリ,2026/06/11,門別,晴,2.0,3歳以上C4ー3,12,8.0,11,1.6,1.0,1,石川倭,55.0,ダ,1000.0,良,63.0,-0.2,1-1,38.4,408.0,-2.0,(ショウリュウマサル),40.0
2023103200,サンヨウコイノボリ,2026/06/04,門別,晴,1.0,3歳以上C4ー3,12,4.0,4,5.1,2.0,4,桑村真明,55.0,ダ,1000.0,良,63.9,1.7,5-4,38.8,410.0,2.0,オオイシアジサイ,5.6
2023103200,サンヨウコイノボリ,2026/05/20,門別,曇,2.0,3歳以上C4ー3,12,4.0,4,8.0,4.0,2,阿部龍,55.0,ダ,1000.0,良,62.7,0.8,2-2,38.1,408.0,0.0,サラメーガン,11.2
2023103200,サンヨウコイノボリ,2026/05/05,門別,晴,9.0,キショウブ特別(C4),12,6.0,8,20.7,5.0,5,岩橋勇二,55.0,ダ,1000.0,稍,63.2,1.1,3-4,38.2,408.0,0.0,フィンガルスケーブ,3.8
2023103200,サンヨウコイノボリ,2026/04/13,名古屋,曇,2.0,3歳3組,12,4.0,4,89.5,11.0,9,加藤聡一,55.0,ダ,1400.0,良,92.8,1.4,12-12-7,39.1,408.0,7.0,シーズンシート,
2023103200,サンヨウコイノボリ,2026/03/26,名古屋,晴,7.0,3歳3組,10,8.0,10,63.5,8.0,6,大原浩司,55.0,ダ,1500.0,重,100.4,1.7,8-7-7,40.9,401.0,-3.0,ナダッコ,
2023103200,サンヨウコイノボリ,2026/03/13,名古屋,曇,2.0,3歳4組,11,7.0,8,93.4,10.0,6,筒井勇介,55.0,ダ,1700.0,良,115.2,1.5,9-11-9,39.4,404.0,2.0,コスモグロボーサ,
2023103200,サンヨウコイノボリ,2026/02/27,名古屋,曇,7.0,3歳3組,11,6.0,8,39.3,9.0,7,筒井勇介,55.0,ダ,1500.0,重,99.9,0.7,11-11-10,40.4,402.0,-3.0,ゴコクホウジョウ,
2023103200,サンヨウコイノボリ,2026/02/12,名古屋,晴,9.0,3歳3組,11,3.0,3,103.4,9.0,7,明星晴大,55.0,ダ,1400.0,稍,93.8,1.7,8-9-8,40.4,405.0,-1.0,ミラクルカイザー,
2023103200,サンヨウコイノボリ,2026/01/29,名古屋,曇,7.0,"1,700m戦黄金梅(3歳)",11,5.0,5,35.0,8.0,9,加藤聡一,55.0,ダ,1700.0,良,115.6,2.1,8-11-10,41.6,406.0,-2.0,ディアナタコス,
2023103200,サンヨウコイノボリ,2026/01/14,名古屋,曇,7.0,3歳3組,11,3.0,3,84.6,10.0,5,加藤聡一,55.0,ダ,1700.0,良,114.8,1.2,11-10-7,40.1,408.0,-3.0,サウンドコネクト,5.8
2023103200,サンヨウコイノボリ,2026/01/04,名古屋,晴,10.0,梅花特別(3歳),11,7.0,10,133.3,10.0,10,加藤聡一,55.0,ダ,1400.0,良,93.2,3.7,4-4-10,42.3,411.0,2.0,リトルリリイ,
2023103200,サンヨウコイノボリ,2025/12/23,名古屋,晴,6.0,初翔特別(2歳),10,8.0,9,48.0,8.0,9,友森翔太,55.0,ダ,1400.0,稍,93.8,3.7,3-2-8,43.0,409.0,0.0,アンラコル,
2023103200,サンヨウコイノボリ,2025/11/26,名古屋,晴,2.0,2歳2組,12,1.0,1,8.5,3.0,4,加藤聡一,55.0,ダ,1500.0,良,100.2,1.5,1-1-2,42.4,409.0,-2.0,フルールドゥリュン,10.5
2023103200,サンヨウコイノボリ,2025/10/31,名古屋,雨,1.0,2歳3組,12,4.0,4,1.3,1.0,1,加藤聡一,55.0,ダ,920.0,良,57.9,-0.9,1,38.4,411.0,-9.0,(プライムキングダム),70.0
2023103200,サンヨウコイノボリ,2025/10/07,門別,曇,2.0,2歳牝馬未勝利(未勝利),12,3.0,3,5.2,4.0,6,塩津璃菜,51.0,ダ,1000.0,良,64.9,1.8,2-2,40.6,420.0,-2.0,モカットモネ,
2023103200,サンヨウコイノボリ,2025/09/24,門別,曇,3.0,2歳牝馬未勝利(未勝利),12,7.0,9,15.5,5.0,5,松井伸也,55.0,ダ,1000.0,良,64.0,0.9,1-1,39.6,422.0,2.0,リコーパトリオット,3.5
2023103200,サンヨウコイノボリ,2025/09/10,門別,曇,3.0,2歳牝馬未勝利(未勝利),12,6.0,7,12.3,4.0,5,黒澤愛斗,55.0,ダ,1000.0,良,63.6,1.3,1-1,39.1,420.0,0.0,マーベラスティアラ,3.5
2023103200,サンヨウコイノボリ,2025/08/27,門別,晴,3.0,みついし花だより賞(未勝利)(2歳),12,6.0,8,64.4,6.0,5,秋元耕成,55.0,ダ,1000.0,良,63.4,0.6,1-1,38.6,420.0,0.0,スマートラスター,3.5
2023103200,サンヨウコイノボリ,2025/08/14,門別,曇,2.0,2歳未勝利(未勝利),11,7.0,8,163.3,9.0,7,秋元耕成,55.0,ダ,1000.0,良,65.0,2.5,2-2,40.9,420.0,0.0,タビクン,
2023103200,サンヨウコイノボリ,2025/07/23,門別,晴,4.0,JRA認定競走フレッ(新馬)(2歳),11,8.0,11,76.7,8.0,6,松井伸也,55.0,ダ,1000.0,良,64.8,1.3,3-2,40.0,420.0,0.0,リバーサルトップ,
2023104952,ロザヴィータ,2026/07/14,門別,雨,7.0,3歳以上C4ー2,11,6.0,7,200.0,10.0,9,阿岸潤一,54.0,ダ,1000.0,重,63.3,1.3,8-10,38.1,392.0,-6.0,ベルテオドーラ,
2023104952,ロザヴィータ,2026/07/01,門別,晴,3.0,道産子ポイントガード(C4),11,8.0,10,510.6,11.0,11,阿岸潤一,54.0,ダ,1200.0,良,78.6,2.8,9-9,39.6,398.0,-2.0,ジューンランド,
2023104952,ロザヴィータ,2026/06/18,門別,晴,1.0,門別温泉とねっこの湯(C4),12,7.0,9,301.2,12.0,9,藤田凌駕,53.0,ダ,1200.0,良,77.8,2.2,9-9,40.7,400.0,4.0,トゥレアレンシス,
2023104952,ロザヴィータ,2026/06/03,門別,曇,7.0,3歳以上C4ー2,10,3.0,3,699.1,10.0,8,阿岸潤一,54.0,ダ,1200.0,良,77.7,1.9,10-10,39.0,396.0,-2.0,マーロウ,
2023104952,ロザヴィータ,2026/05/20,門別,曇,10.0,グランシャリオドリー(C4),14,4.0,5,437.1,13.0,14,黒澤愛斗,55.0,ダ,1200.0,良,78.0,3.0,10-11,40.1,398.0,4.0,ガイストゼーゲン,
2023104952,ロザヴィータ,2026/05/05,門別,晴,11.0,たきかわ菜の花まつり(C4),14,1.0,1,46.8,8.0,12,黒澤愛斗,55.0,ダ,1200.0,稍,78.1,2.6,13-13,40.1,394.0,12.0,シーザーキック,
2023104952,ロザヴィータ,2026/03/17,浦和,晴,9.0,ツインサドル特別(3歳),12,5.0,5,56.4,7.0,7,長浜鴻緒,52.0,ダ,1400.0,良,92.2,2.7,6-6-5-8,41.1,382.0,-16.0,ヴァルボナ,
2023104952,ロザヴィータ,2026/02/10,1東京4,晴,1.0,3歳未勝利,15,7.0,14,88.8,9.0,11,長浜鴻緒,53.0,ダ,1400.0,稍,89.9,2.4,6-6,38.5,398.0,-2.0,ベアハンドキャッチ,
2023104952,ロザヴィータ,2025/12/21,5中山6,曇,6.0,2歳新馬,16,5.0,10,111.7,12.0,7,嶋田純次,55.0,ダ,1200.0,重,73.9,1.6,10-9,37.5,400.0,0.0,ファンシーズ,
2023102217,ユーキャンフライ,2026/07/15,門別,晴,4.0,3歳以上C4ー2,10,3.0,3,15.3,5.0,2,落合玄太,55.0,ダ,1200.0,稍,75.7,0.2,1-1,39.7,466.0,8.0,ウォーキャット,11.2
2023102217,ユーキャンフライ,2026/06/17,門別,曇,10.0,グランシャリオドリー(C4),14,3.0,3,11.2,4.0,10,落合玄太,55.0,ダ,1800.0,良,122.2,3.9,6-6-7-4,43.5,458.0,6.0,ビービーエリス,
2023102217,ユーキャンフライ,2026/05/20,門別,曇,3.0,3歳以上C4ー2,11,8.0,10,17.2,6.0,7,渡辺準己,52.0,ダ,1600.0,良,106.8,1.0,11-11-11-10,39.6,452.0,-6.0,ムーンレインボー,
2023102217,ユーキャンフライ,2026/05/05,門別,曇,3.0,3歳以上C4ー2,9,3.0,3,9.0,3.0,7,渡辺準己,52.0,ダ,1800.0,稍,123.5,3.0,2-2-2-2,41.7,458.0,12.0,レーザーベルン,
2023102217,ユーキャンフライ,2026/03/22,1阪神10,晴,1.0,3歳未勝利,14,2.0,2,292.1,13.0,13,角田大和,55.0,ダ,1400.0,良,88.6,2.8,6-8,40.0,446.0,4.0,シオンダンサー,
2023102217,ユーキャンフライ,2026/03/01,1阪神4,晴,1.0,3歳未勝利,13,4.0,4,205.6,11.0,13,川又賢治,55.0,ダ,1800.0,良,118.5,4.1,6-7-10-8,42.2,442.0,-2.0,モスカテル,
2023102217,ユーキャンフライ,2025/12/27,5阪神7,晴,2.0,2歳未勝利,11,4.0,4,124.9,10.0,11,川又賢治,55.0,ダ,1800.0,稍,120.4,7.1,1-1-1-3,44.7,444.0,-10.0,トリグラフヒル,
2023102217,ユーキャンフライ,2025/11/08,4京都1,晴,5.0,2歳新馬,9,8.0,8,32.7,6.0,9,川又賢治,55.0,芝,1800.0,良,110.4,3.2,6-7,37.2,454.0,0.0,アドマイヤシュラ,
2022103099,ホープフルソング,2026/06/30,門別,晴,7.0,3歳以上C4ー2,9,4.0,4,90.6,8.0,4,岩橋勇二,55.0,ダ,1000.0,良,63.0,0.7,2-2,38.6,444.0,0.0,サラメーガン,5.6
2022103099,ホープフルソング,2026/06/17,門別,晴,7.0,沙流川温泉ひだか高原(C4),11,7.0,8,150.2,10.0,6,岩橋勇二,55.0,ダ,1000.0,良,63.0,0.9,6-4,38.1,444.0,-4.0,ロスカキック,
2022103099,ホープフルソング,2026/06/03,門別,晴,4.0,3歳以上C4ー2,9,6.0,6,345.4,9.0,7,岩橋勇二,55.0,ダ,1000.0,良,63.6,1.5,4-3,39.6,448.0,4.0,スティールスピネル,
2022103099,ホープフルソング,2026/05/20,門別,曇,9.0,ウツギ特別(C4),12,6.0,7,197.8,11.0,12,小野楓馬,55.0,ダ,1000.0,良,64.3,2.8,6-6,39.3,444.0,-4.0,サクラカレント,
2022103099,ホープフルソング,2026/05/05,門別,晴,11.0,たきかわ菜の花まつり(C4),14,6.0,9,180.1,12.0,11,宮内勇樹,55.0,ダ,1200.0,稍,77.6,2.1,4-4,41.5,448.0,6.0,シーザーキック,
2022103099,ホープフルソング,2026/04/23,門別,曇,3.0,3歳以上C4ー2,12,5.0,5,18.1,7.0,12,宮内勇樹,55.0,ダ,1000.0,稍,65.9,4.0,2-4,41.6,442.0,10.0,クアトロソバージュ,
2022103099,ホープフルソング,2025/08/09,3中京5,晴,11.0,3歳未勝利,18,4.0,8,72.3,14.0,18,田山旺佑,52.0,芝,1400.0,良,84.8,4.5,1-2,40.3,432.0,-6.0,ロンティケチャップ,
2022103099,ホープフルソング,2025/07/06,2小倉4,晴,3.0,3歳未勝利,18,3.0,6,136.8,15.0,15,高杉吏麒,54.0,芝,1200.0,良,70.2,1.5,9-14,36.1,438.0,-4.0,ブライアーヒル,
2022103099,ホープフルソング,2025/04/20,2阪神8,曇,2.0,3歳未勝利,16,8.0,16,456.3,16.0,15,田山旺佑,52.0,芝,2000.0,良,124.4,3.1,4-6-7-8,38.4,442.0,-6.0,エレガンシア,
2022103099,ホープフルソング,2025/04/05,2阪神3,晴,4.0,3歳未勝利,17,8.0,18,98.1,14.0,14,角田大和,55.0,芝,1400.0,良,83.4,1.3,13-14,35.6,448.0,0.0,アジュマン,
2022102558,アースカムイ,2026/07/09,門別,曇,3.0,3歳以上C4ー2,7,4.0,4,19.2,6.0,6,松井伸也,57.0,ダ,1000.0,良,64.5,1.7,6-7,39.6,476.0,12.0,テナチュール,
2022102558,アースカムイ,2026/07/02,門別,曇,8.0,3歳以上C4ー2,11,6.0,6,133.9,9.0,7,井上俊彦,57.0,ダ,1000.0,良,63.8,1.3,11-11,37.9,464.0,-4.0,アークオブライフ,
2022102558,アースカムイ,2026/06/23,門別,曇,9.0,3歳以上C4ー2,9,1.0,1,36.1,7.0,8,吉本隆記,57.0,ダ,1200.0,稍,78.6,2.3,6-7,40.7,468.0,-8.0,チャンピオンホース,
2022102558,アースカムイ,2026/06/10,門別,晴,4.0,3歳以上C4ー2,9,4.0,4,62.9,7.0,8,吉本隆記,57.0,ダ,1000.0,稍,63.8,2.6,9-8,37.1,476.0,-2.0,バイデント,
2022102558,アースカムイ,2026/05/27,門別,曇,7.0,3歳以上C4ー2,12,2.0,2,430.6,12.0,8,井上俊彦,57.0,ダ,1000.0,良,62.8,0.6,10-10,37.1,478.0,0.0,ライトニングジャブ,
2022102558,アースカムイ,2026/05/13,門別,曇,8.0,3歳以上C4ー2,12,8.0,12,34.0,5.0,10,宮内勇樹,57.0,ダ,1000.0,良,64.5,2.4,4-6,39.4,478.0,2.0,ラグナキリア,
2022102558,アースカムイ,2026/04/29,門別,曇,7.0,3歳以上C4ー2,11,6.0,7,46.4,6.0,6,井上俊彦,57.0,ダ,1000.0,良,63.5,1.4,10-9,37.9,476.0,-8.0,ノアルパフェ,
2022102558,アースカムイ,2026/04/23,門別,曇,3.0,3歳以上C4ー2,12,4.0,4,69.5,10.0,8,井上俊彦,57.0,ダ,1000.0,稍,63.2,1.3,11-11,36.5,484.0,6.0,クアトロソバージュ,
2022102558,アースカムイ,2025/11/13,門別,晴,7.0,ビアパーティーAib(C3),14,2.0,3,392.0,14.0,13,亀井洋司,57.0,ダ,1200.0,稍,77.4,1.8,11-12,39.2,478.0,-2.0,リリーパーク,
2022102558,アースカムイ,2025/11/06,門別,曇,7.0,3歳以上C3ー2C4,12,8.0,12,24.7,5.0,9,井上俊彦,57.0,ダ,1000.0,稍,63.8,1.8,7-8,38.8,480.0,0.0,マイネルジーニアス,
2022102558,アースカムイ,2025/10/23,門別,晴,4.0,3歳以上C3ー2C4,11,4.0,4,57.2,9.0,4,井上俊彦,57.0,ダ,1000.0,稍,63.4,1.5,5-5,38.0,480.0,-10.0,モズアンドモズ,5.6
2022102558,アースカムイ,2025/10/08,門別,晴,9.0,シュウカイドウ特別(C3),11,1.0,1,70.3,9.0,11,松井伸也,57.0,ダ,1200.0,良,79.0,3.0,4-6,41.9,490.0,4.0,ブラヴォケラトプス,
2022102558,アースカムイ,2025/09/25,門別,晴,6.0,3歳以上C3ー2C4,12,3.0,3,66.5,7.0,7,井上俊彦,57.0,ダ,1200.0,不,75.0,1.7,10-10,37.4,486.0,-4.0,ウインドファルクス,
2022102558,アースカムイ,2025/09/11,門別,曇,11.0,新冠町軽種馬生産振興(C3),11,8.0,11,19.6,8.0,9,井上俊彦,57.0,ダ,1000.0,良,63.8,1.3,11-11,36.4,490.0,0.0,ゼファーバローズ,
2022102558,アースカムイ,2025/08/28,門別,曇,9.0,アルーダ日高西部賞(C3),12,6.0,7,11.5,7.0,10,岩橋勇二,57.0,ダ,1000.0,良,64.3,1.7,6-7,39.5,490.0,14.0,ニシノレヴィガータ,
2022102558,アースカムイ,2025/06/05,門別,晴,6.0,3歳以上C3ー2C4,12,1.0,1,5.6,3.0,8,阿岸潤一,56.0,ダ,1000.0,重,62.9,1.6,7-9,38.2,476.0,2.0,スペルビア,
2022102558,アースカムイ,2025/05/22,門別,曇,5.0,DOスカイオンデマン(3歳),9,3.0,3,27.4,5.0,1,松井伸也,57.0,ダ,1000.0,良,62.3,-0.1,3-4,37.9,474.0,-6.0,(カツノトキメキ),60.0
2022102558,アースカムイ,2025/04/12,3中山5,晴,2.0,3歳未勝利,16,1.0,1,85.0,11.0,11,小林凌大,57.0,ダ,1200.0,稍,73.5,1.6,11-9,37.9,480.0,-2.0,ビーアイフォルテ,
2022102558,アースカムイ,2025/01/13,1中山5,晴,2.0,3歳未勝利,16,2.0,3,171.5,12.0,14,田辺裕信,57.0,ダ,1800.0,良,122.5,5.3,7-7-7-7,45.5,482.0,18.0,ジェシーテソーロ,
2022102558,アースカムイ,2024/08/24,2札幌5,晴,5.0,2歳新馬,12,1.0,1,201.4,11.0,11,小林凌大,55.0,ダ,1700.0,良,113.5,3.5,7-6-10-10,42.4,464.0,0.0,グランジョルノ,
2022100129,ピースオブライツ,2026/07/14,門別,雨,7.0,3歳以上C4ー2,11,6.0,6,587.7,11.0,11,坂下秀樹,55.0,ダ,1000.0,重,64.1,2.1,6-9,39.3,458.0,6.0,ベルテオドーラ,
2022100129,ピースオブライツ,2026/06/30,門別,晴,7.0,3歳以上C4ー2,9,8.0,8,438.3,9.0,8,坂下秀樹,55.0,ダ,1000.0,良,64.5,2.2,8-8,38.6,452.0,34.0,サラメーガン,
2022100129,ピースオブライツ,2026/05/10,盛岡,晴,1.0,C2,8,5.0,5,5.9,3.0,8,岩本怜,54.0,ダ,1000.0,稍,66.2,4.6,6-8,40.3,418.0,-10.0,アンズビジン,
2022100129,ピースオブライツ,2026/05/04,盛岡,小雨,3.0,C2八組,10,3.0,3,33.3,5.0,6,山本聡紀,54.0,ダ,1200.0,不,74.7,2.5,2-5,38.9,428.0,-3.0,シアトルプリンセス,
2022100129,ピースオブライツ,2026/04/27,水沢,雨,4.0,C2八組,10,8.0,9,8.4,3.0,6,岩本怜,54.0,ダ,1300.0,良,86.9,1.7,3-3-3-5,41.2,431.0,12.0,ストレート,
2022100129,ピースオブライツ,2026/04/19,水沢,晴,5.0,C2八組,11,5.0,5,10.6,6.0,5,山本聡紀,54.0,ダ,1300.0,良,86.0,1.0,2-2-2-2,41.6,419.0,-1.0,ビアンカ,3.0
2022100129,ピースオブライツ,2026/04/12,水沢,晴,4.0,C2八組,9,1.0,1,29.6,6.0,5,岩本怜,54.0,ダ,1300.0,稍,84.7,2.2,3-3-4-4,40.2,420.0,-7.0,アドマイヤアーデル,3.0
2022100129,ピースオブライツ,2026/04/06,水沢,晴,3.0,C2七組,9,2.0,2,8.1,4.0,9,高橋悠里,54.0,ダ,1300.0,稍,86.1,2.8,5-5-5-9,41.8,427.0,2.0,バスターショット,
2022100129,ピースオブライツ,2026/03/23,水沢,晴,1.0,C2,10,7.0,8,25.6,7.0,10,岩本怜,54.0,ダ,850.0,良,54.9,2.4,9-10,38.6,425.0,2.0,シノブデスティーノ,
2022100129,ピースオブライツ,2026/03/09,水沢,晴,4.0,C2六組,11,7.0,8,14.9,6.0,5,岩本怜,54.0,ダ,1300.0,稍,85.9,1.6,2-1-2-3,41.0,423.0,-3.0,マルジェラ,2.8
2022100129,ピースオブライツ,2025/12/19,名古屋,晴,7.0,C21組,11,1.0,1,7.6,2.0,7,望月洵輝,55.0,ダ,1400.0,稍,92.6,2.0,5-5-6,40.1,426.0,-9.0,メイショウイチモン,
2022100129,ピースオブライツ,2025/11/21,名古屋,晴,3.0,C14組,12,5.0,5,6.1,3.0,7,加藤聡一,55.0,ダ,1500.0,良,99.2,2.0,9-9-8,41.3,435.0,1.0,ジェイエルハーバー,
2022100129,ピースオブライツ,2025/09/07,2札幌6,曇,4.0,3歳未勝利,16,4.0,7,42.5,10.0,10,森田誠也,52.0,芝,1200.0,稍,71.3,0.8,11-12,36.1,434.0,12.0,グリフォン,
2022100129,ピースオブライツ,2025/07/20,1函館12,晴,6.0,3歳未勝利,16,7.0,13,62.0,13.0,9,藤岡佑介,55.0,芝,1200.0,良,69.1,0.7,12-10,34.2,422.0,4.0,ヒットザグラウンド,
2022100129,ピースオブライツ,2025/07/05,1函館7,曇,3.0,3歳未勝利,13,5.0,7,13.3,5.0,10,武豊,55.0,芝,2000.0,重,123.4,1.4,10-10-9-10,37.5,418.0,0.0,モルビド,
2022100129,ピースオブライツ,2025/06/21,1函館3,曇,7.0,3歳未勝利,16,5.0,9,84.7,13.0,8,藤岡佑介,55.0,芝,1800.0,良,108.1,1.2,14-14-13-11,35.3,418.0,4.0,ハートメテオ,
2022100129,ピースオブライツ,2025/03/30,2阪神2,晴,5.0,3歳未勝利,17,1.0,2,119.0,11.0,12,富田暁,55.0,芝,1600.0,良,95.9,1.7,3-3,36.1,414.0,-8.0,シャイフ,
2022100129,ピースオブライツ,2025/03/02,1阪神2,小雨,5.0,3歳未勝利,18,4.0,8,23.2,8.0,16,松山弘平,55.0,芝,1800.0,良,108.7,2.5,2-4,37.4,422.0,-8.0,エバーグルーヴ,
2022100129,ピースオブライツ,2024/12/28,7京都9,晴,5.0,2歳新馬,16,8.0,15,6.4,3.0,3,藤岡佑介,55.0,芝,2000.0,良,123.5,0.3,2-1-4-3,35.6,430.0,0.0,ムーンライトラガー,180.0
2019101804,ブライトソール,2026/07/14,門別,曇,9.0,リョウブ特別(C4),8,2.0,2,719.3,8.0,8,松井伸也,57.0,ダ,1700.0,重,118.2,8.1,7-7-8-8,45.1,440.0,0.0,ベルバロン,
2019101804,ブライトソール,2026/06/30,門別,晴,10.0,グランシャリオドリー(C4),12,8.0,12,477.1,12.0,11,松井伸也,57.0,ダ,1500.0,良,102.6,3.7,11-11-11-11,43.5,440.0,-10.0,ロンギングドルチェ,
2019101804,ブライトソール,2026/06/17,門別,曇,10.0,グランシャリオドリー(C4),14,8.0,13,790.5,14.0,14,松井伸也,57.0,ダ,1800.0,良,127.1,8.8,4-4-5-12,48.6,450.0,10.0,ビービーエリス,
2019101804,ブライトソール,2026/05/20,門別,曇,9.0,ウツギ特別(C4),12,7.0,10,525.3,12.0,10,阿岸潤一,56.0,ダ,1000.0,良,63.7,2.2,12-11,37.5,440.0,-4.0,サクラカレント,
2019101804,ブライトソール,2026/05/06,門別,晴,3.0,3歳以上C4ー2,12,5.0,6,165.6,12.0,11,阿岸潤一,56.0,ダ,1000.0,稍,64.6,2.9,12-12,38.5,444.0,2.0,ワイルドタイタン,
2019101804,ブライトソール,2026/04/23,門別,曇,3.0,3歳以上C4ー2,12,3.0,3,326.1,11.0,10,阿岸潤一,56.0,ダ,1000.0,稍,64.3,2.4,9-9,38.4,442.0,1.0,クアトロソバージュ,
2019101804,ブライトソール,2025/08/19,浦和,晴,1.0,浦和800ラウンド(C3),10,8.0,9,217.6,9.0,8,吉留孝司,56.0,ダ,800.0,稍,49.2,2.0,8-7,36.2,441.0,-3.0,ロングビーチ,
2019101804,ブライトソール,2025/07/24,浦和,晴,1.0,浦和800ラウンド(C3),10,4.0,4,123.1,8.0,5,吉留孝司,56.0,ダ,800.0,良,49.4,1.5,4-5,36.5,444.0,-2.0,スーパーサイクル,8.0
2019101804,ブライトソール,2025/06/27,浦和,晴,8.0,藤右衛門川特別(C3),10,7.0,9,24.6,7.0,8,吉留孝司,56.0,ダ,2000.0,稍,137.3,4.5,1-1-3-5,45.2,446.0,2.0,クロシェノワール,
2019101804,ブライトソール,2025/06/16,川崎,晴,5.0,ハヤブサ賞(C3),8,3.0,3,107.3,8.0,6,吉留孝司,56.0,ダ,900.0,重,57.4,1.1,3-3,39.0,444.0,-3.0,タノシサ,
2019101804,ブライトソール,2025/06/03,船橋,雨,1.0,C3選抜馬,11,8.0,10,94.6,9.0,11,吉留孝司,56.0,ダ,1000.0,重,65.8,4.1,3-6,41.2,447.0,3.0,ヴィオルナ,
2019101804,ブライトソール,2025/05/27,浦和,曇,1.0,浦和800ラウンド(C3),11,2.0,2,163.9,8.0,4,吉留孝司,56.0,ダ,800.0,稍,48.4,1.6,5-5,35.6,444.0,4.0,スーパーサイクル,12.0
2019101804,ブライトソール,2025/05/12,川崎,曇,5.0,イヌワシ賞(C3),12,6.0,8,20.5,7.0,7,吉留孝司,56.0,ダ,900.0,重,58.2,1.6,4-4,39.9,440.0,4.0,プリドラ,
2019101804,ブライトソール,2025/04/22,浦和,晴,1.0,浦和800ラウンド(C3),12,8.0,11,33.9,5.0,5,岡田大,56.0,ダ,800.0,良,49.4,1.5,3-3,38.0,436.0,8.0,スーパーサイクル,8.0
2019101804,ブライトソール,2025/03/20,浦和,晴,2.0,浦和800ラウンド(C3),12,5.0,6,47.9,7.0,6,岡田大,56.0,ダ,800.0,重,48.6,0.9,4-5,36.3,428.0,1.0,カラウヌ,
2019101804,ブライトソール,2025/02/28,浦和,晴,1.0,浦和800ラウンド(C3),12,7.0,10,101.0,8.0,5,加藤和博,56.0,ダ,800.0,良,50.4,1.3,7-5,36.8,427.0,-2.0,シンキングセンティ,8.0
2019101804,ブライトソール,2024/09/17,浦和,晴,7.0,浦和800ラウンド(C3),11,5.0,5,73.5,7.0,5,加藤和博,56.0,ダ,800.0,良,49.6,0.9,5-5,36.7,429.0,2.0,メモリアルクイーン,8.0
2019101804,ブライトソール,2024/09/05,川崎,晴,2.0,カンガルー賞(C3),12,3.0,3,80.3,9.0,7,加藤和博,56.0,ダ,900.0,重,58.0,1.7,6-6,39.6,427.0,-4.0,グレル,
2019101804,ブライトソール,2024/08/20,浦和,晴,3.0,浦和800ラウンド(C3),10,7.0,7,9.0,4.0,5,加藤和博,56.0,ダ,800.0,重,48.5,1.3,3-4,35.8,431.0,0.0,ファンファン,8.0
2019101804,ブライトソール,2024/07/16,浦和,曇,3.0,浦和800ラウンド(C3),12,5.0,6,21.2,5.0,5,加藤和博,56.0,ダ,800.0,稍,49.2,1.9,6-6,36.3,431.0,0.0,メーネフロタント,8.0
2019101804,ブライトソール,2024/07/03,川崎,晴,5.0,トウザヨリ賞(C3),10,8.0,10,14.7,5.0,7,加藤和博,56.0,ダ,900.0,稍,57.4,1.3,3-4,39.3,431.0,-3.0,キタカラキタダイヤ,
2019101804,ブライトソール,2024/06/20,浦和,晴,1.0,浦和800ラウンド(C3),11,8.0,11,24.2,6.0,3,加藤和博,56.0,ダ,800.0,稍,49.8,0.7,2-2,37.3,434.0,-4.0,メモリアルクイーン,20.0
2019101804,ブライトソール,2024/05/22,浦和,晴,3.0,浦和800ラウンド(C3),12,8.0,12,49.7,7.0,5,加藤和博,56.0,ダ,800.0,重,50.2,1.8,5-4,36.9,438.0,7.0,プレパレンセ,8.0
2019101804,ブライトソール,2024/04/17,浦和,晴,3.0,浦和800ラウンド(C3),12,7.0,9,90.7,10.0,6,加藤和博,56.0,ダ,800.0,良,50.1,1.3,7-7,37.2,431.0,3.0,ダイエービルベリー,
2019101804,ブライトソール,2024/04/02,川崎,晴,1.0,ツバメ賞(C3),12,3.0,3,286.9,11.0,9,加藤和博,56.0,ダ,900.0,重,58.2,2.0,8-6,39.3,428.0,3.0,セイウンヒュージ,
2019101804,ブライトソール,2024/03/27,浦和,晴,3.0,浦和800ラウンド(C3),11,2.0,2,179.3,10.0,9,加藤和博,56.0,ダ,800.0,重,51.0,1.9,7-7,37.8,425.0,-5.0,マザーフェイヴァー,
2019101804,ブライトソール,2024/02/21,浦和,雨,4.0,浦和800ラウンド(C3),12,6.0,8,16.7,6.0,4,加藤和博,56.0,ダ,800.0,良,50.1,0.7,6-5,37.3,430.0,-2.0,シャコンヌ,12.0
2019101804,ブライトソール,2024/02/05,船橋,雪,1.0,新ブランド「常陸牛煌(C3),12,5.0,6,9.3,3.0,6,加藤和博,56.0,ダ,1200.0,良,79.4,1.7,1-1-1,41.8,432.0,-3.0,シンライゴールド,
2019101804,ブライトソール,2024/01/11,浦和,曇,4.0,浦和800ラウンド(C3),12,5.0,6,20.0,7.0,5,加藤和博,56.0,ダ,800.0,良,50.4,0.9,7-7,37.2,435.0,3.0,プレパレンセ,8.0
2019101804,ブライトソール,2023/12/21,浦和,晴,4.0,浦和800ラウンド(C3),12,2.0,2,69.5,9.0,3,加藤和博,56.0,ダ,800.0,良,50.4,0.2,4-4,37.2,432.0,0.0,ヘデラ,20.0
2019101804,ブライトソール,2023/12/12,川崎,曇,4.0,ヤマネ賞(C3),12,5.0,6,124.0,12.0,10,加藤和博,56.0,ダ,900.0,稍,59.5,1.6,4-5,41.2,432.0,-3.0,マザーフェイヴァー,
2019101804,ブライトソール,2023/11/22,浦和,晴,4.0,浦和800ラウンド(C3),12,6.0,7,5.7,3.0,4,加藤和博,56.0,ダ,800.0,良,49.8,1.4,3-2,37.1,435.0,12.0,ゴールドボード,12.0
2019101804,ブライトソール,2023/10/19,浦和,晴,6.0,浦和800ラウンド(C3),12,4.0,4,56.3,8.0,3,加藤和博,56.0,ダ,800.0,良,49.3,0.8,3-3,36.6,423.0,-4.0,アナマリー,20.0
2019101804,ブライトソール,2023/09/21,浦和,曇,3.0,浦和800ラウンド(C3),12,5.0,6,73.8,9.0,6,加藤和博,56.0,ダ,800.0,不,49.7,1.6,5-5,36.9,427.0,-1.0,リチェルカータ,
2019101804,ブライトソール,2023/09/11,川崎,晴,3.0,ワラビー賞(C3),11,5.0,5,135.0,10.0,10,加藤和博,56.0,ダ,900.0,良,58.1,2.6,7-8,39.9,428.0,1.0,ロジスティクス,
2019101804,ブライトソール,2023/08/29,浦和,晴,3.0,浦和800ラウンド(C3),12,7.0,10,45.1,8.0,3,加藤和博,56.0,ダ,800.0,良,49.6,0.6,2-2,36.9,427.0,-6.0,チェンマイルージュ,20.0
2019101804,ブライトソール,2023/08/10,浦和,晴,1.0,浦和800ラウンド(C3),12,7.0,9,139.2,9.0,7,加藤和博,56.0,ダ,800.0,重,50.1,1.3,7-6,36.9,433.0,9.0,ピノゼン,
2019101804,ブライトソール,2023/07/17,浦和,晴,3.0,浦和800ラウンド(C3),11,5.0,5,73.4,9.0,6,保園翔也,56.0,ダ,800.0,良,49.1,1.0,6-6,36.9,424.0,-6.0,イノセントソレル,
2019101804,ブライトソール,2023/06/30,浦和,曇,4.0,浦和800ラウンド(C3),11,7.0,10,201.9,10.0,6,加藤和博,56.0,ダ,800.0,良,49.7,1.4,7-7,36.3,430.0,0.0,メモリアルクイーン,
2019101804,ブライトソール,2023/05/29,浦和,曇,4.0,C3八,12,5.0,5,51.5,9.0,10,吉留孝司,56.0,ダ,1400.0,稍,94.2,2.3,9-9-7-9,41.2,430.0,0.0,ユメツクシ,
2019101804,ブライトソール,2023/04/24,浦和,曇,3.0,C31112,12,8.0,11,28.3,10.0,9,木間塚龍,53.0,ダ,1400.0,良,94.7,2.1,10-10-5-6,41.3,430.0,-1.0,ユメツクシ,
2019101804,ブライトソール,2023/03/24,浦和,曇,3.0,C34歳オ,10,5.0,5,7.3,2.0,8,加藤和博,56.0,ダ,1400.0,不,94.0,1.8,3-3-4-5,41.9,431.0,-4.0,タービンホール,
2019101804,ブライトソール,2023/02/17,浦和,晴,1.0,C34歳カ,8,1.0,1,17.6,3.0,4,加藤和博,56.0,ダ,1400.0,良,94.2,3.4,5-4-4-4,42.6,435.0,-1.0,トワイライトドレス,14.0
2019101804,ブライトソール,2023/01/13,浦和,晴,5.0,C34歳カ,9,8.0,8,10.0,4.0,5,加藤和博,56.0,ダ,1400.0,良,94.8,2.3,3-3-3-4,42.2,436.0,-6.0,パトウォン,8.0
2019101804,ブライトソール,2022/12/27,浦和,晴,3.0,3歳四選抜馬イ,11,6.0,6,6.7,3.0,7,吉留孝司,56.0,ダ,1400.0,稍,94.4,2.7,8-7-5-5,41.8,442.0,0.0,ロータスペトル,
2023101208,キボウハホウショウ,2026/07/14,門別,曇,10.0,グランシャリオドリー(C4),9,8.0,8,5.3,3.0,3,亀井洋司,57.0,ダ,1600.0,重,106.2,0.5,2-2-2-2,41.8,506.0,-4.0,ベイストラトラ,11.6
2023101208,キボウハホウショウ,2026/06/30,門別,晴,10.0,グランシャリオドリー(C4),12,6.0,8,3.2,2.0,7,黒澤愛斗,57.0,ダ,1500.0,良,100.7,1.8,3-2-2-5,43.6,510.0,12.0,ロンギングドルチェ,
2023101208,キボウハホウショウ,2026/06/10,門別,晴,10.0,グランシャリオドリー(C4),13,5.0,6,9.6,5.0,1,黒澤愛斗,57.0,ダ,1600.0,稍,105.5,-0.2,2-2-2-1,41.3,498.0,-10.0,(ウィルアルター),55.0
2023101208,キボウハホウショウ,2026/05/27,門別,晴,2.0,3歳以上C4ー3,8,2.0,2,10.9,3.0,4,小野楓馬,57.0,ダ,1700.0,良,115.2,2.1,1-1-1-1,43.9,508.0,4.0,クールカグラ,5.6
2023101208,キボウハホウショウ,2026/05/05,門別,晴,10.0,グランシャリオドリー(C4),14,8.0,14,4.8,2.0,5,黒澤愛斗,57.0,ダ,1200.0,稍,76.7,1.3,7-3,39.6,504.0,4.0,キタサンモンドー,3.8
2023101208,キボウハホウショウ,2026/04/22,門別,晴,9.0,カタクリ特別(C4),8,1.0,1,9.4,3.0,2,黒澤愛斗,57.0,ダ,1200.0,稍,77.0,0.2,4-3,38.6,500.0,6.0,アクアノート,15.4
2023101208,キボウハホウショウ,2025/10/29,門別,晴,7.0,2歳3組,12,8.0,12,74.6,9.0,12,小杉亮,56.0,ダ,1700.0,稍,115.3,2.1,7-7-9-11,40.8,494.0,8.0,アルバソーレ,
2023101208,キボウハホウショウ,2025/10/02,門別,晴,3.0,2歳未勝利(未勝利),8,7.0,7,2.3,1.0,1,松井伸也,56.0,ダ,1200.0,稍,76.6,0.0,4-1,38.9,486.0,-2.0,(シンパティア),50.0
2023101208,キボウハホウショウ,2025/09/17,門別,晴,2.0,2歳未勝利(未勝利),12,4.0,4,72.1,10.0,3,亀井洋司,56.0,ダ,1200.0,良,77.8,1.2,11-9,39.6,488.0,4.0,ララハカランダ,10.5
2023101208,キボウハホウショウ,2025/09/03,門別,晴,3.0,2歳未勝利(未勝利),10,5.0,5,237.6,9.0,6,坂下秀樹,55.0,ダ,1200.0,重,76.8,1.5,9-8,38.5,484.0,0.0,マナカフ,
2023101208,キボウハホウショウ,2025/08/19,門別,曇,3.0,2歳未勝利(未勝利),12,2.0,2,40.2,8.0,5,亀井洋司,55.0,ダ,1100.0,不,69.7,1.2,10-9,38.7,484.0,-2.0,ハヤマデイズ,3.5
2023101208,キボウハホウショウ,2025/07/16,門別,曇,1.0,2歳未勝利(未勝利),12,4.0,4,195.4,9.0,7,亀井洋司,55.0,ダ,1200.0,稍,77.9,2.1,6-7,40.5,486.0,2.0,バーニングホット,
2023101208,キボウハホウショウ,2025/06/25,門別,晴,1.0,門別温泉とねっこの湯(未勝利)(2歳),10,3.0,3,79.1,7.0,7,亀井洋司,55.0,ダ,1500.0,良,102.0,3.5,9-9-9-9,41.7,484.0,16.0,レーザーベルン,
2023101208,キボウハホウショウ,2025/06/05,門別,曇,5.0,JRA認定競走フレッ(新馬)(2歳),11,6.0,6,89.5,8.0,6,亀井洋司,55.0,ダ,1100.0,重,71.5,4.1,5-6,40.7,468.0,0.0,リコーヒューズ,
2023101504,シルバーライダー,2026/07/07,門別,曇,5.0,3歳以上C4ー2,10,7.0,8,13.2,5.0,4,落合玄太,57.0,ダ,1200.0,良,76.2,0.7,3-2,39.0,502.0,-4.0,ベリープラウド,5.6
2023101504,シルバーライダー,2026/06/23,門別,曇,8.0,3歳以上C4ー2,9,7.0,7,4.9,2.0,6,石川倭,57.0,ダ,1200.0,稍,77.3,1.6,6-5,39.5,506.0,2.0,コッチャン,
2023101504,シルバーライダー,2026/06/03,門別,晴,3.0,3歳以上C4ー3,10,6.0,6,3.1,1.0,1,岩橋勇二,57.0,ダ,1200.0,良,76.1,-0.4,2-1,39.0,504.0,0.0,(フルボーグ),40.0
2023101504,シルバーライダー,2026/05/20,門別,曇,12.0,ゲッケイジュ特別(C4),13,7.0,11,2.3,1.0,4,岩橋勇二,57.0,ダ,1200.0,良,76.6,0.9,4-3,39.4,504.0,-4.0,ティファニジェンヌ,7.7
2023101504,シルバーライダー,2026/05/05,門別,晴,10.0,グランシャリオドリー(C4),14,5.0,7,5.5,4.0,3,岩橋勇二,57.0,ダ,1200.0,稍,76.5,1.1,3-2,40.1,508.0,4.0,キタサンモンドー,11.6
2023101504,シルバーライダー,2026/04/22,門別,曇,4.0,3歳以上C4ー3,9,1.0,1,7.6,4.0,4,岩橋勇二,57.0,ダ,1200.0,稍,76.4,1.4,6-5,39.4,504.0,8.0,アヴェルス,5.6
2023101504,シルバーライダー,2026/03/25,名古屋,雨,9.0,大狭間特別(3歳),7,4.0,4,19.3,5.0,7,今井貴大,57.0,ダ,2000.0,不,140.1,6.1,3-6-7,47.3,496.0,-2.0,ホッカイダイオー,
2023101504,シルバーライダー,2026/03/13,名古屋,曇,2.0,3歳4組,11,6.0,6,6.6,3.0,2,今井貴大,57.0,ダ,1700.0,良,114.3,0.6,3-3-3,39.5,498.0,5.0,コスモグロボーサ,20.3
2023101504,シルバーライダー,2026/02/27,名古屋,曇,8.0,3歳2組,12,2.0,2,14.2,4.0,6,大畑慧悟,57.0,ダ,1700.0,重,114.7,2.1,1-1-3,42.9,493.0,-9.0,ハンドフル,
2023101504,シルバーライダー,2026/02/12,名古屋,晴,9.0,3歳3組,11,7.0,8,8.7,5.0,2,大畑慧悟,57.0,ダ,1400.0,稍,92.3,0.2,2-2-2,39.6,502.0,0.0,ミラクルカイザー,20.3
2023101504,シルバーライダー,2026/01/27,名古屋,晴,3.0,奥崎風太4月から一人(3歳),12,6.0,7,10.1,3.0,5,大畑慧悟,57.0,ダ,1500.0,良,99.7,1.6,2-2-2,41.0,502.0,10.0,ファーストボーイ,5.8
2023101504,シルバーライダー,2025/11/03,門別,晴,2.0,産声に喝采を特別(未勝利)(2歳),11,5.0,6,1.8,1.0,1,岩橋勇二,56.0,ダ,1000.0,重,63.6,-0.3,1-1,38.9,492.0,0.0,(ハミッツキャンディ),60.0
2023101504,シルバーライダー,2025/10/23,門別,曇,2.0,2歳未勝利(未勝利),11,4.0,4,7.6,5.0,5,亀井洋司,56.0,ダ,1000.0,稍,63.8,0.7,1-1,39.2,492.0,2.0,マーベラスパワー,3.5
2023101504,シルバーライダー,2025/10/08,門別,晴,3.0,北海道馬主会特別1(未勝利)(2歳),12,4.0,4,48.3,8.0,3,亀井洋司,56.0,ダ,1000.0,良,62.9,0.5,4-5,37.2,490.0,-2.0,フィンガルスケーブ,12.6
2023101504,シルバーライダー,2025/09/17,門別,晴,1.0,2歳未勝利(未勝利),12,5.0,5,4.0,2.0,7,藤田凌駕,53.0,ダ,1000.0,良,65.4,0.9,6-5,40.0,492.0,2.0,クロノライデン,
2023101504,シルバーライダー,2025/09/03,門別,晴,1.0,2歳未勝利(未勝利),10,8.0,9,6.5,3.0,6,桑村真明,55.0,ダ,1000.0,重,64.7,2.0,4-4,39.8,490.0,2.0,ハーティーアイズ,
2023101504,シルバーライダー,2025/08/19,門別,曇,1.0,2歳未勝利(未勝利),11,2.0,2,8.1,5.0,4,桑村真明,55.0,ダ,1000.0,不,62.8,0.7,10-9,36.7,488.0,0.0,ビーチクルーザー,7.0
2023101504,シルバーライダー,2025/08/05,門別,晴,1.0,平取町馬事普及賞(未勝利)(2歳),12,7.0,10,9.8,3.0,5,及川烈,54.0,ダ,1000.0,稍,64.1,1.2,10-9,38.8,488.0,2.0,マンデーロウリュウ,3.5
2023101504,シルバーライダー,2025/07/23,門別,晴,1.0,2歳未勝利(未勝利),12,4.0,4,17.9,4.0,7,阿部龍,55.0,ダ,1000.0,良,64.3,1.5,10-9,37.8,486.0,-8.0,アイオエール,
2023101504,シルバーライダー,2025/07/09,門別,晴,1.0,2歳未勝利(未勝利),9,6.0,6,6.7,3.0,5,落合玄太,55.0,ダ,1000.0,良,63.6,1.4,4-2,38.0,494.0,10.0,タイセイシャルト,3.5
2023101504,シルバーライダー,2025/06/10,門別,晴,3.0,2歳未勝利(未勝利),10,8.0,10,43.3,6.0,6,落合玄太,55.0,ダ,1100.0,良,71.8,2.9,5-3,40.8,484.0,-4.0,シラントロ,
2023101504,シルバーライダー,2025/05/28,門別,曇,3.0,JRA認定競走アタッ(未勝利)(2歳),8,3.0,3,54.1,7.0,7,落合玄太,55.0,ダ,1000.0,良,65.0,3.2,6-6,39.6,488.0,0.0,ミライヘノヒーロー,
2023101504,シルバーライダー,2025/05/14,門別,曇,5.0,JRA認定競走フレッ(新馬)(2歳),9,8.0,8,15.2,3.0,6,阿部龍,55.0,ダ,1100.0,良,71.6,2.2,4-4,40.3,488.0,0.0,グリーゼ,
2021103689,ミサトベレーザ,2026/07/14,門別,曇,10.0,グランシャリオドリー(C4),9,1.0,1,272.7,9.0,4,松井伸也,55.0,ダ,1600.0,重,106.2,0.5,3-3-2-5,41.7,448.0,4.0,ベイストラトラ,7.7
2021103689,ミサトベレーザ,2026/06/30,門別,晴,10.0,グランシャリオドリー(C4),12,8.0,11,21.0,6.0,10,石川倭,55.0,ダ,1500.0,良,102.2,3.3,6-6-7-7,44.1,444.0,-6.0,ロンギングドルチェ,
2021103689,ミサトベレーザ,2026/06/17,門別,曇,9.0,日高サラブレッドサブ(C4),12,3.0,3,50.8,7.0,9,桑村真明,55.0,ダ,1600.0,良,107.4,2.2,10-10-12-10,41.2,450.0,12.0,ウィルミスチヴァス,
2021103689,ミサトベレーザ,2026/05/20,門別,曇,3.0,3歳以上C4ー2,11,4.0,4,146.4,8.0,4,藤田凌駕,53.0,ダ,1600.0,良,106.1,0.3,4-3-3-4,40.8,438.0,-6.0,ムーンレインボー,5.6
2021103689,ミサトベレーザ,2026/05/05,門別,曇,4.0,3歳以上C4ー2,10,7.0,8,232.6,9.0,7,井上瑛太,55.0,ダ,1700.0,稍,114.9,1.9,9-9-8-8,39.9,444.0,0.0,メイショウハリソン,
2021103689,ミサトベレーザ,2026/04/22,門別,晴,11.0,チューリップ特別(C4),11,3.0,3,161.0,11.0,6,井上瑛太,55.0,ダ,1200.0,稍,77.1,1.4,7-6,39.1,444.0,0.0,スティルアローン,
2021103689,ミサトベレーザ,2025/11/05,門別,晴,9.0,全道PKグランプリ賞(C3),12,5.0,5,282.0,11.0,12,亀井洋司,55.0,ダ,1700.0,稍,114.5,2.8,10-12-12-12,41.4,444.0,-4.0,ジャスマン,
2021103689,ミサトベレーザ,2025/10/22,門別,晴,8.0,3歳以上C3ー2C4,11,8.0,11,31.3,9.0,11,松井伸也,55.0,ダ,1200.0,稍,77.9,2.1,9-8,40.5,448.0,0.0,スズロビンソン,
2021103689,ミサトベレーザ,2025/08/23,3新潟1,晴,12.0,3歳以上1勝クラス,12,2.0,2,121.8,10.0,12,木幡巧也,56.0,芝,1600.0,良,96.1,3.1,12-11,35.5,448.0,10.0,ブルーベリーフィズ,
2021103689,ミサトベレーザ,2025/04/19,3中山7,晴,7.0,4歳以上1勝クラス,15,7.0,13,217.9,13.0,15,佐藤翔馬,53.0,芝,2000.0,良,121.4,3.0,11-11-12-14,36.1,438.0,16.0,エラン,
2021103689,ミサトベレーザ,2024/01/07,1中山2,曇,5.0,3歳未勝利,16,8.0,16,19.8,6.0,7,武士沢友,55.0,芝,1600.0,良,94.1,0.7,12-12-10,34.8,422.0,-4.0,シャインズオンユー,
2021103689,ミサトベレーザ,2023/12/09,5中山3,晴,5.0,2歳新馬,15,2.0,4,181.3,14.0,2,武士沢友,55.0,芝,1600.0,良,95.7,0.3,9-6-6,34.1,426.0,0.0,ドリーミーデイ,290.0
2023104268,マナスカイ,2026/07/14,門別,曇,10.0,グランシャリオドリー(C4),9,5.0,5,2.7,1.0,6,井上瑛太,57.0,ダ,1600.0,重,106.4,0.7,6-5-7-6,41.4,484.0,4.0,ベイストラトラ,
2023104268,マナスカイ,2026/06/30,門別,晴,10.0,グランシャリオドリー(C4),12,6.0,7,4.6,3.0,3,小野楓馬,57.0,ダ,1500.0,良,99.1,0.2,7-7-5-4,41.3,480.0,-4.0,ロンギングドルチェ,11.6
2023104268,マナスカイ,2026/06/17,門別,曇,9.0,日高サラブレッドサブ(C4),12,7.0,10,7.3,4.0,5,山本聡哉,57.0,ダ,1600.0,良,106.6,1.4,6-6-7-7,40.9,484.0,0.0,ウィルミスチヴァス,3.8
2023104268,マナスカイ,2026/06/03,門別,曇,9.0,ゲラニウム特別(C4),12,6.0,8,12.5,4.0,5,落合玄太,57.0,ダ,1500.0,良,99.2,1.7,7-8-8-6,41.6,484.0,-6.0,アルバソーレ,3.8
2023104268,マナスカイ,2026/05/14,門別,曇,1.0,3歳以上C4ー3,12,5.0,5,5.2,2.0,1,桑村真明,57.0,ダ,1600.0,良,106.4,-0.1,10-9-1-1,40.4,490.0,8.0,(オーヴァザトラブル),40.0
2023104268,マナスカイ,2026/04/30,門別,晴,1.0,3歳以上C4ー3,11,1.0,1,11.8,5.0,3,服部茂史,57.0,ダ,1700.0,良,113.7,0.2,3-3-5-4,40.4,482.0,0.0,ミノベル,8.4
2023104268,マナスカイ,2026/04/16,門別,晴,2.0,3歳以上C4ー3,10,2.0,2,10.7,4.0,2,桑村真明,57.0,ダ,1700.0,良,113.8,0.5,8-8-1-2,41.0,482.0,-3.0,ウィルミスチヴァス,11.2
2023104268,マナスカイ,2026/03/06,佐賀,雨,1.0,3歳ー4組,10,7.0,8,10.4,5.0,3,川島拓,56.0,ダ,1400.0,不,92.1,0.5,8-8-7-5,39.4,485.0,3.0,ニシノガウェイン,8.1
2023104268,マナスカイ,2026/02/21,佐賀,晴,1.0,パッカルくんのおとし(3歳),9,7.0,7,6.1,2.0,5,松井伸也,56.0,ダ,1300.0,良,86.1,1.0,3-3-3-4,39.1,482.0,-4.0,マジックアロマ,3.6
2023104268,マナスカイ,2026/01/29,佐賀,曇,2.0,3歳ー5組,11,5.0,5,2.9,2.0,1,石川慎将,56.0,ダ,1300.0,良,86.4,-0.1,4-3-4-2,40.8,486.0,-3.0,(ナンヨーラーク),45.0
2023104268,マナスカイ,2026/01/17,佐賀,晴,2.0,3歳ー6組,11,8.0,11,1.2,1.0,3,石川慎将,56.0,ダ,1300.0,良,86.5,0.3,8-7-7-5,40.5,489.0,9.0,ショーダンビギン,8.1
2023104268,マナスカイ,2025/12/20,佐賀,晴,1.0,2歳ー6組,10,5.0,5,2.0,1.0,2,石川慎将,55.0,ダ,1300.0,良,85.7,0.1,6-6-3-2,39.9,480.0,8.0,サンザクロス,19.2
2023104268,マナスカイ,2025/09/18,門別,晴,1.0,日高町ウマウマキッチ(未勝利)(2歳),8,5.0,5,9.6,4.0,3,松井伸也,56.0,ダ,1600.0,良,108.3,1.3,8-8-5-3,41.9,472.0,-6.0,ウィルミスチヴァス,10.5
2023104268,マナスカイ,2025/09/04,門別,晴,1.0,2歳未勝利(未勝利),8,2.0,2,36.8,4.0,4,松井伸也,55.0,ダ,1500.0,稍,100.8,1.0,5-5-5-4,40.9,478.0,2.0,エスクラス,7.0
2023104268,マナスカイ,2025/08/06,門別,曇,5.0,JRA認定競走フレッ(新馬)(2歳),7,3.0,3,11.8,4.0,5,桑村真明,55.0,ダ,1100.0,良,71.1,2.5,5-4,40.1,476.0,0.0,タケノルル,17.5
2021110044,キングズロア,2026/07/14,門別,曇,10.0,グランシャリオドリー(C4),9,2.0,2,3.2,2.0,2,藤田凌駕,55.0,ダ,1600.0,重,105.9,0.2,6-7-5-4,41.1,510.0,0.0,ベイストラトラ,15.4
2021110044,キングズロア,2026/06/30,門別,晴,10.0,グランシャリオドリー(C4),12,7.0,10,7.4,5.0,2,藤田凌駕,55.0,ダ,1500.0,良,99.0,0.1,3-2-2-1,41.9,510.0,2.0,ロンギングドルチェ,15.4
2021110044,キングズロア,2026/06/17,門別,曇,9.0,日高サラブレッドサブ(C4),12,6.0,8,19.3,6.0,3,藤田凌駕,55.0,ダ,1600.0,良,106.4,1.2,3-3-3-3,41.3,508.0,0.0,ウィルミスチヴァス,11.6
2021110044,キングズロア,2026/06/03,門別,曇,7.0,3歳以上C4ー2,10,8.0,9,9.0,4.0,5,小野楓馬,57.0,ダ,1200.0,良,76.5,0.7,3-3,39.7,508.0,2.0,マーロウ,2.8
2021110044,キングズロア,2026/05/21,門別,曇,7.0,3歳以上C4ー2,14,1.0,1,14.9,5.0,8,小野楓馬,57.0,ダ,1200.0,良,76.9,2.0,1-2,41.3,506.0,-2.0,スキャボロフェアー,
2021110044,キングズロア,2026/05/06,門別,晴,4.0,3歳以上C4ー2,14,8.0,13,19.3,5.0,2,藤田凌駕,55.0,ダ,1200.0,良,75.7,0.2,2-2,40.0,508.0,-2.0,アサガオ,11.2
2021110044,キングズロア,2026/04/22,門別,晴,11.0,チューリップ特別(C4),11,6.0,6,6.8,4.0,4,藤田凌駕,55.0,ダ,1200.0,稍,76.8,1.1,5-5,39.1,510.0,18.0,スティルアローン,7.7
2021110044,キングズロア,2026/03/02,名古屋,曇,8.0,B10組,11,4.0,4,34.1,7.0,6,渡辺竜也,57.0,ダ,1500.0,良,96.9,1.1,9-9-7,38.5,492.0,-2.0,ライデンシャフト,
2021110044,キングズロア,2026/02/13,名古屋,晴,12.0,アジア・アジアパラ応(B),11,8.0,11,8.0,4.0,7,渡辺竜也,57.0,ダ,1700.0,稍,114.7,1.7,1-2-3,40.2,494.0,-4.0,エンジェルナンバー,
2021110044,キングズロア,2026/01/30,名古屋,曇,4.0,雲龍梅賞(C),11,1.0,1,3.2,3.0,1,渡辺竜也,57.0,ダ,1400.0,良,91.2,-0.1,1-1-1,39.3,498.0,4.0,(メイクン),55.0
2021110044,キングズロア,2026/01/16,名古屋,晴,5.0,寒の土用賞(C),9,1.0,1,8.2,4.0,1,木之前葵,55.0,ダ,1500.0,良,97.8,-0.1,2-2-1,39.7,494.0,1.0,(サンライズプロミス),55.0
2021110044,キングズロア,2026/01/04,名古屋,晴,6.0,松の内賞(C),12,7.0,10,4.8,3.0,3,望月洵輝,57.0,ダ,1700.0,良,112.6,0.7,1-1-1,40.7,493.0,-2.0,ロックマジェスティ,11.0
2021110044,キングズロア,2025/12/24,名古屋,小雨,8.0,愛知県畜産特別(C),11,4.0,4,33.4,7.0,8,望月洵輝,57.0,ダ,1500.0,不,96.8,2.3,6-5-7,41.0,495.0,-10.0,サラサラヘアー,
2021110044,キングズロア,2025/12/05,名古屋,晴,4.0,C17組,12,6.0,7,3.9,3.0,1,望月洵輝,57.0,ダ,1500.0,良,98.4,-0.3,2-2-3,39.8,505.0,-7.0,(ストラティファイド),55.0
2021110044,キングズロア,2025/11/13,門別,晴,7.0,ビアパーティーAib(C3),14,8.0,14,27.3,6.0,8,小野楓馬,57.0,ダ,1200.0,稍,76.6,1.0,4-2,39.4,512.0,0.0,リリーパーク,
2021110044,キングズロア,2025/10/28,門別,晴,7.0,3歳以上C4ー2,9,5.0,5,9.9,4.0,2,小野楓馬,57.0,ダ,1200.0,稍,76.7,0.3,1-1,39.9,512.0,6.0,タイセイサージ,11.2
2021110044,キングズロア,2025/10/07,門別,曇,6.0,3歳以上C4ー2,12,8.0,11,11.5,3.0,7,小野楓馬,57.0,ダ,1200.0,良,76.8,0.2,2-2,39.7,506.0,-2.0,ヤルキゲンキユウキ,
2021110044,キングズロア,2025/09/23,門別,晴,10.0,グランシャリオドリー(C4),12,8.0,12,24.4,6.0,5,藤田凌駕,54.0,ダ,1200.0,稍,76.7,0.8,4-2,40.0,508.0,6.0,ヴィトーリアヘーザ,3.8
2021110044,キングズロア,2025/08/26,門別,曇,8.0,新冠で新規就農の夢叶(C4),12,2.0,2,15.7,5.0,5,落合玄太,57.0,ダ,1200.0,良,76.5,1.2,4-4,40.0,502.0,-2.0,アーロッタレット,2.8
2021110044,キングズロア,2025/06/26,門別,雨,6.0,HidakaRock(C4),10,6.0,6,3.7,2.0,10,小野楓馬,57.0,ダ,1000.0,稍,66.1,3.6,6-9,41.1,504.0,-4.0,サクラキングリー,
2021110044,キングズロア,2025/06/05,門別,曇,1.0,3歳以上C4ー2,12,8.0,11,2.2,1.0,4,小野楓馬,57.0,ダ,1600.0,重,106.2,0.6,2-1-1-1,41.4,508.0,-4.0,ゲームアップロード,5.6
2021110044,キングズロア,2025/05/21,門別,晴,2.0,3歳以上C4ー2,14,6.0,10,2.4,1.0,10,小野楓馬,57.0,ダ,1200.0,良,77.1,2.2,3-4,41.1,512.0,-2.0,ニシケンカバル,
2021110044,キングズロア,2025/05/08,門別,晴,2.0,3歳以上C4ー3,14,3.0,3,1.6,1.0,2,小野楓馬,57.0,ダ,1200.0,良,75.4,0.6,3-2,38.3,514.0,-4.0,イモータルウインド,11.2
2021110044,キングズロア,2025/04/24,門別,晴,10.0,グランシャリオドリー(C4),11,6.0,6,2.5,1.0,2,小野楓馬,57.0,ダ,1200.0,重,75.4,0.5,2-1,38.8,518.0,8.0,クラウングスタフ,15.4
2021110044,キングズロア,2023/12/09,5阪神3,晴,2.0,2歳未勝利,9,1.0,1,7.1,3.0,7,ルメール,56.0,芝,1600.0,良,94.9,1.1,3-3,34.8,510.0,8.0,キャプテンシー,
2021110044,キングズロア,2023/10/09,4東京3,雨,5.0,2歳新馬,13,3.0,3,3.9,2.0,6,戸崎圭太,56.0,芝,1600.0,稍,97.9,1.0,7-7,34.7,502.0,0.0,ファビュラススター,
2022106341,クールメゾン,2026/06/30,門別,晴,10.0,グランシャリオドリー(C4),12,3.0,3,148.7,11.0,5,服部茂史,55.0,ダ,1500.0,良,100.0,1.1,10-9-10-9,41.4,426.0,-4.0,ロンギングドルチェ,3.8
2022106341,クールメゾン,2026/06/04,門別,晴,3.0,えんどう豆生まれドリ(C4),13,6.0,8,28.8,5.0,12,服部茂史,55.0,ダ,1200.0,良,77.8,3.5,7-7,40.8,430.0,0.0,スターオブムーラン,
2022106341,クールメゾン,2026/05/20,門別,曇,7.0,3歳以上C4ー2,11,8.0,11,111.5,10.0,11,服部茂史,55.0,ダ,1800.0,良,123.8,5.2,3-3-4-7,43.5,430.0,-2.0,カネトシエテルノ,
2022106341,クールメゾン,2026/05/05,門別,曇,3.0,3歳以上C4ー2,9,4.0,4,97.7,8.0,6,服部茂史,55.0,ダ,1800.0,稍,123.1,2.6,4-4-4-4,40.8,432.0,0.0,レーザーベルン,
2022106341,クールメゾン,2026/04/22,門別,晴,7.0,3歳以上C4ー2,12,1.0,1,151.8,10.0,11,小野俊斗,52.0,ダ,1700.0,稍,118.5,6.8,10-9-11-12,46.8,432.0,-4.0,サラサハウナイス,
2022106341,クールメゾン,2025/11/06,門別,曇,8.0,3歳以上C3ー2C4,8,4.0,4,13.2,3.0,7,岩橋勇二,55.0,ダ,1800.0,稍,121.6,2.2,3-4-3-5,42.1,436.0,0.0,トレビアンクリール,
2022106341,クールメゾン,2025/10/23,門別,晴,7.0,3歳以上C3ー2C4,12,2.0,2,8.2,3.0,6,岩橋勇二,55.0,ダ,1700.0,稍,113.5,1.2,5-5-5-4,41.1,436.0,-4.0,アンジュパラディ,
2022106341,クールメゾン,2025/10/09,門別,晴,10.0,グランシャリオドリー(C3),8,7.0,7,8.5,3.0,6,岩橋勇二,55.0,ダ,2000.0,良,134.8,0.6,4-6-6-5,39.9,440.0,6.0,ソリッドベーシス,
2022106341,クールメゾン,2025/09/23,門別,晴,5.0,FULLCOMMIT(C4),12,3.0,3,13.1,5.0,1,岩橋勇二,55.0,ダ,1700.0,稍,112.3,-0.4,4-8-5-4,40.1,434.0,-10.0,(マーゴットビースト),40.0
2022106341,クールメゾン,2025/08/30,2札幌3,小雨,4.0,3歳未勝利,14,3.0,3,61.6,10.0,10,柴田裕一,52.0,芝,1500.0,稍,92.6,1.8,13-12-13,36.5,444.0,4.0,トレヴィ,
2022106341,クールメゾン,2025/03/30,2中京6,晴,5.0,3歳未勝利,18,3.0,6,111.1,13.0,12,シュタル,55.0,芝,1200.0,良,71.6,1.2,15-15,34.7,440.0,0.0,ビービーエフォート,
2023109009,ミワクノホウショウ,2026/07/07,門別,曇,5.0,3歳以上C4ー2,10,7.0,7,17.5,6.0,7,桑村真明,55.0,ダ,1200.0,良,77.3,1.8,8-7,39.0,470.0,-4.0,ベリープラウド,
2023109009,ミワクノホウショウ,2026/06/25,門別,曇,2.0,3歳以上C4ー2,6,4.0,4,18.5,5.0,3,桑村真明,55.0,ダ,1200.0,良,77.6,1.3,6-6,39.9,474.0,2.0,フロンテアブライト,8.4
2023109009,ミワクノホウショウ,2026/06/11,門別,晴,3.0,3歳以上C4ー2,9,5.0,5,7.5,4.0,7,阿部龍,55.0,ダ,1200.0,良,77.4,2.0,1-2,41.7,472.0,-4.0,ジェイソンバローズ,
2023109009,ミワクノホウショウ,2026/05/27,門別,晴,1.0,3歳条件未勝利(未勝利),9,5.0,5,9.4,2.0,1,宮内勇樹,55.0,ダ,1200.0,良,75.5,0.0,1-1,38.4,476.0,10.0,(ジャストホールド),50.0
2023109009,ミワクノホウショウ,2026/05/14,門別,曇,3.0,3歳以上C4ー3,11,4.0,4,5.0,4.0,4,桑村真明,55.0,ダ,1000.0,良,63.6,0.6,4-4,38.3,466.0,-4.0,ジュウニカゲツ,5.6
2023109009,ミワクノホウショウ,2026/04/29,門別,晴,1.0,3歳条件未勝利(未勝利),9,8.0,9,6.4,3.0,7,吉本隆記,55.0,ダ,1000.0,良,64.2,1.9,3-3,39.4,470.0,0.0,カセノフォルス,
2023109009,ミワクノホウショウ,2026/04/16,門別,晴,1.0,3歳条件未勝利(未勝利),7,3.0,3,4.1,4.0,4,吉本隆記,55.0,ダ,1000.0,良,64.2,1.9,4-3,39.2,470.0,2.0,サラサゴーサイン,7.0
2023109009,ミワクノホウショウ,2025/11/13,門別,晴,2.0,2歳未勝利(未勝利),12,8.0,12,2.1,1.0,2,吉本隆記,55.0,ダ,1000.0,稍,63.2,0.3,6-3,38.0,468.0,-6.0,レガシオン,14.0
2023109009,ミワクノホウショウ,2025/10/22,門別,晴,3.0,2歳牝馬未勝利(未勝利),10,6.0,6,4.8,3.0,7,吉本隆記,55.0,ダ,1100.0,稍,70.9,0.8,10-8,38.7,474.0,4.0,パレスシャンティ,
2023109009,ミワクノホウショウ,2025/10/08,門別,晴,2.0,2歳牝馬未勝利(未勝利),12,8.0,11,9.2,5.0,5,吉本隆記,55.0,ダ,1100.0,良,69.8,0.4,11-8,37.8,470.0,8.0,インプレッシング,3.5
2023109009,ミワクノホウショウ,2025/08/19,門別,曇,2.0,2歳牝馬未勝利(未勝利),12,6.0,7,132.8,10.0,2,秋元耕成,55.0,ダ,1000.0,不,61.9,0.4,8-6,36.4,462.0,8.0,インカント,14.0
2023109009,ミワクノホウショウ,2025/05/08,門別,曇,6.0,JRA認定競走フレッ(新馬)(2歳),10,2.0,2,130.5,9.0,10,亀井洋司,55.0,ダ,1000.0,良,84.3,23.4,10-10,50.0,454.0,0.0,アウフグース,
2022101292,マリノドゥードゥー,2026/07/14,門別,曇,9.0,リョウブ特別(C4),8,1.0,1,12.1,5.0,4,近藤翔月,54.0,ダ,1700.0,重,110.8,0.7,2-2-2-2,39.7,462.0,0.0,ベルバロン,7.7
2022101292,マリノドゥードゥー,2026/06/30,門別,晴,11.0,北海道野菜王国にった(C4),9,6.0,6,116.4,8.0,2,近藤翔月,54.0,ダ,1700.0,良,113.3,0.8,2-2-3-2,41.3,462.0,-12.0,アヴェルス,15.4
2022101292,マリノドゥードゥー,2026/06/18,門別,晴,2.0,とみくるマルシェ賞(C4),13,5.0,6,28.4,7.0,8,近藤翔月,54.0,ダ,1200.0,良,77.0,1.7,10-10,39.7,474.0,7.0,サンゼントカガヤク,
2022101292,マリノドゥードゥー,2026/03/29,佐賀,曇,10.0,エリダヌス座特選(C2),12,4.0,4,137.5,11.0,4,青海大樹,53.0,ダ,1300.0,良,84.9,1.3,6-7-7-4,39.2,467.0,-4.0,サンマルウォーリア,5.4
2022101292,マリノドゥードゥー,2026/03/14,佐賀,晴,11.0,こいぬ座特選(C2),11,8.0,10,126.0,9.0,10,青海大樹,53.0,ダ,1400.0,良,94.3,2.7,7-9-9-11,41.4,471.0,6.0,チカポコ,
2022101292,マリノドゥードゥー,2026/02/28,佐賀,晴,5.0,コーラル賞(C2),10,2.0,2,21.9,6.0,5,小林凌,54.0,ダ,1300.0,不,86.0,0.5,5-5-7-9,40.1,465.0,3.0,アーコレード,3.2
2022101292,マリノドゥードゥー,2026/02/15,佐賀,晴,10.0,ふたご座特選(C2),12,1.0,1,142.7,8.0,9,小林凌,54.0,ダ,1300.0,重,86.0,3.1,11-10-12-12,41.4,462.0,-2.0,チリーゴールド,
2022101292,マリノドゥードゥー,2026/01/31,佐賀,晴,11.0,うさぎ座特選(C2),12,8.0,11,30.8,6.0,11,小林凌,54.0,ダ,1400.0,良,93.1,2.9,8-9-10-11,40.4,464.0,-3.0,ロードプライズ,
2022101292,マリノドゥードゥー,2026/01/17,佐賀,晴,9.0,オリオン座特選(C2),12,3.0,3,93.0,10.0,10,小林凌,54.0,ダ,1300.0,良,86.3,2.6,9-8-9-9,40.7,467.0,3.0,アーサーテソーロ,
2022101292,マリノドゥードゥー,2025/10/18,佐賀,曇,8.0,C2ー3組,10,3.0,3,1.7,1.0,2,飛田愛斗,54.0,ダ,1400.0,良,92.9,0.2,1-1-3-3,40.9,464.0,-2.0,フェルカド,12.8
2022101292,マリノドゥードゥー,2025/10/04,佐賀,曇,6.0,C2ー4組,11,1.0,1,8.4,3.0,4,石川慎将,54.0,ダ,1300.0,不,83.7,0.8,5-4-5-5,38.7,466.0,2.0,クレドール,4.8
2022101292,マリノドゥードゥー,2025/09/21,佐賀,晴,3.0,C2ー6組,11,5.0,6,2.4,2.0,2,石川慎将,54.0,ダ,1400.0,重,92.1,0.5,1-1-1-2,39.7,464.0,1.0,リネンドライブ,12.8
2022101292,マリノドゥードゥー,2025/09/07,佐賀,曇,2.0,C2ー7組,11,5.0,5,2.2,1.0,3,山口勲,54.0,ダ,1300.0,良,85.5,1.4,2-2-2-3,40.9,463.0,1.0,ハクアイラガッツァ,7.2
2022101292,マリノドゥードゥー,2025/08/23,佐賀,曇,3.0,C2ー13組,11,6.0,7,3.8,2.0,1,石川慎将,54.0,ダ,1400.0,不,90.8,-0.2,2-2-2-2,38.8,462.0,8.0,(シルバヴール),40.0
2022101292,マリノドゥードゥー,2025/07/21,佐賀,晴,4.0,エル・ランチョ・グラ(3歳),10,4.0,4,2.9,1.0,4,石川慎将,54.0,ダ,1400.0,重,92.2,0.4,3-2-2-4,40.5,454.0,4.0,リネンフラッシュ,5.4
2022101292,マリノドゥードゥー,2025/06/26,佐賀,曇,10.0,ペンタス賞(3歳),12,5.0,6,20.9,4.0,1,石川慎将,54.0,ダ,1400.0,重,91.5,-0.7,2-2-1-1,40.7,450.0,1.0,(ライフク),45.0
2022101292,マリノドゥードゥー,2025/06/08,佐賀,小雨,1.0,3歳ー6組,10,8.0,9,5.2,3.0,3,石川慎将,54.0,ダ,1300.0,良,85.6,0.7,2-2-3-4,39.9,449.0,-4.0,ハヤブサナンデヒメ,8.1
2022101292,マリノドゥードゥー,2025/05/26,佐賀,曇,3.0,チャレンジシリーズ(3歳),10,8.0,10,21.5,5.0,5,林悠翔,51.0,ダ,1400.0,稍,94.6,1.0,6-8-7-6,42.4,453.0,0.0,ハインズテソーロ,3.6
2022101292,マリノドゥードゥー,2025/05/12,佐賀,曇,1.0,3歳ー5組,11,6.0,6,8.1,4.0,3,林悠翔,51.0,ダ,1300.0,稍,85.8,0.2,5-6-6-6,39.3,453.0,3.0,ヘルデンジーグ,8.1
2022101292,マリノドゥードゥー,2025/04/25,佐賀,曇,7.0,KYUSHUDREA(3歳),10,7.0,8,6.8,3.0,4,林悠翔,51.0,ダ,1400.0,稍,93.5,0.6,3-3-4-6,41.0,450.0,-2.0,カシノエイサップ,5.4
2022101292,マリノドゥードゥー,2025/04/05,佐賀,曇,10.0,SAGAリベンジャー(3歳),11,8.0,11,2.1,1.0,1,林悠翔,51.0,ダ,900.0,良,56.3,-0.4,1-1,37.4,452.0,7.0,(オレンジジュース),45.0
2022101292,マリノドゥードゥー,2025/03/15,佐賀,雨,5.0,うまかばい!福岡の酪(3歳),11,4.0,4,7.2,4.0,5,田中直人,54.0,ダ,1300.0,重,87.2,1.0,3-2-1-2,41.3,445.0,9.0,ジャスミン,3.4
2022101292,マリノドゥードゥー,2025/02/16,1小倉8,曇,2.0,3歳未勝利,18,3.0,6,211.8,14.0,16,松本大輝,54.0,芝,1200.0,良,71.4,1.8,17-18,34.9,436.0,0.0,チェルビアット,
2022101292,マリノドゥードゥー,2024/12/21,7京都7,曇,6.0,2歳新馬,16,5.0,9,172.7,16.0,16,角田大和,55.0,ダ,1400.0,良,90.7,4.1,9-15,41.9,436.0,0.0,トウタツ,
2018103161,アルマロベイラ,2026/07/14,門別,曇,10.0,グランシャリオドリー(C4),9,7.0,7,68.6,8.0,5,井上俊彦,55.0,ダ,1600.0,重,106.4,0.7,3-3-2-2,41.9,496.0,4.0,ベイストラトラ,3.8
2018103161,アルマロベイラ,2026/06/30,門別,晴,10.0,グランシャリオドリー(C4),12,5.0,6,37.2,7.0,8,井上俊彦,55.0,ダ,1500.0,良,101.0,2.1,7-7-7-6,42.9,492.0,-2.0,ロンギングドルチェ,
2018103161,アルマロベイラ,2026/06/17,門別,曇,9.0,日高サラブレッドサブ(C4),12,1.0,1,216.4,11.0,6,井上俊彦,55.0,ダ,1600.0,良,106.7,1.5,8-8-7-5,41.0,494.0,-2.0,ウィルミスチヴァス,
2018103161,アルマロベイラ,2026/06/03,門別,曇,9.0,ゲラニウム特別(C4),12,6.0,7,85.7,8.0,6,井上俊彦,55.0,ダ,1500.0,良,99.7,2.2,6-6-5-6,42.3,496.0,-8.0,アルバソーレ,
2018103161,アルマロベイラ,2026/05/20,門別,曇,3.0,3歳以上C4ー2,11,3.0,3,240.8,9.0,5,井上俊彦,55.0,ダ,1600.0,良,106.3,0.5,6-5-7-6,40.6,504.0,4.0,ムーンレインボー,2.8
2018103161,アルマロベイラ,2026/05/05,門別,曇,3.0,3歳以上C4ー2,9,2.0,2,109.3,9.0,8,井上俊彦,55.0,ダ,1800.0,稍,124.0,3.5,6-6-6-6,41.4,500.0,4.0,レーザーベルン,
2018103161,アルマロベイラ,2026/04/22,門別,晴,7.0,3歳以上C4ー2,12,7.0,9,236.9,12.0,9,井上俊彦,55.0,ダ,1700.0,稍,115.8,4.1,6-7-7-8,45.4,496.0,0.0,サラサハウナイス,
2018103161,アルマロベイラ,2025/11/05,門別,晴,9.0,全道PKグランプリ賞(C3),12,1.0,1,311.6,12.0,11,井上俊彦,55.0,ダ,1700.0,稍,114.2,2.5,5-5-6-11,42.2,496.0,-4.0,ジャスマン,
2018103161,アルマロベイラ,2025/10/22,門別,晴,7.0,3歳以上C3ー2C4,9,7.0,7,30.6,4.0,4,井上俊彦,55.0,ダ,1200.0,稍,76.6,1.4,5-4,39.3,500.0,4.0,ブギウギウギ,5.6
2018103161,アルマロベイラ,2025/09/25,門別,晴,10.0,グランシャリオドリー(C3),11,7.0,9,61.9,7.0,8,井上俊彦,55.0,ダ,1600.0,不,105.5,1.6,6-5-6-7,41.4,496.0,6.0,ダバイカンティーク,
2018103161,アルマロベイラ,2025/09/11,門別,曇,7.0,ランタナ特別(C3),9,7.0,8,6.2,3.0,6,井上俊彦,55.0,ダ,1600.0,良,107.1,1.4,5-5-4-5,42.1,490.0,-6.0,スイートキャンディ,
2018103161,アルマロベイラ,2025/08/26,門別,曇,9.0,新冠・新ひだか2デイ(C3),11,4.0,4,50.4,7.0,5,井上俊彦,55.0,ダ,1600.0,良,107.0,1.2,7-7-6-4,41.5,496.0,10.0,ホウヨウムーン,2.8
2018103161,アルマロベイラ,2025/08/12,門別,晴,10.0,グランシャリオドリー(C3),11,5.0,5,110.0,10.0,6,井上俊彦,55.0,ダ,1700.0,良,113.5,1.5,6-7-7-6,41.3,486.0,-4.0,エアプレイ,
2018103161,アルマロベイラ,2025/07/17,門別,晴,9.0,リコリス特別(C4),12,8.0,11,12.4,3.0,1,井上俊彦,55.0,ダ,1700.0,稍,113.7,-0.4,6-6-3-3,40.5,490.0,2.0,(ミライヘホウショウ),55.0
2018103161,アルマロベイラ,2025/07/03,門別,晴,9.0,ツキミソウ特別(C4),11,1.0,1,65.8,6.0,4,井上俊彦,55.0,ダ,1600.0,稍,105.8,0.6,6-8-5-4,41.0,488.0,0.0,パッションプリマ,7.7
2018103161,アルマロベイラ,2025/06/18,門別,晴,8.0,室蘭ナイトクルーズ特(C4),11,8.0,10,22.8,6.0,5,井上俊彦,55.0,ダ,1700.0,良,114.3,1.2,2-2-2-4,41.5,488.0,0.0,セイウンピカイチ,3.8
2018103161,アルマロベイラ,2025/06/04,門別,曇,7.0,3歳以上C3ー2C4,11,6.0,7,57.7,8.0,8,井上俊彦,55.0,ダ,1700.0,重,112.8,1.3,4-4-4-5,40.1,488.0,2.0,リムショット,
2018103161,アルマロベイラ,2025/05/22,門別,晴,8.0,福岡―札幌線期間増便(C4),12,4.0,4,118.4,7.0,4,井上俊彦,55.0,ダ,1700.0,良,114.3,1.7,7-7-6-5,40.0,486.0,4.0,ハネガハエテマス,5.6
2018103161,アルマロベイラ,2025/05/08,門別,曇,7.0,3歳以上C4ー2,12,7.0,10,40.8,7.0,5,井上俊彦,55.0,ダ,1600.0,良,106.9,0.6,6-4-5-5,41.3,482.0,-4.0,アニュスノーバス,2.8
2018103161,アルマロベイラ,2025/04/24,門別,晴,4.0,3歳以上C4ー2,12,3.0,3,9.5,5.0,8,井上俊彦,55.0,ダ,1700.0,重,115.1,2.8,7-8-9-8,41.6,486.0,-4.0,トウテイラン,
2018103161,アルマロベイラ,2024/11/04,門別,雨,3.0,懐かしい!スターマイ(C3),11,4.0,4,36.0,5.0,5,松井伸也,55.0,ダ,1700.0,良,112.9,1.4,6-7-6-7,40.5,490.0,0.0,サウスヴィル,3.8
2018103161,アルマロベイラ,2024/10/24,門別,晴,7.0,3歳以上C3ー2C4,8,4.0,4,88.6,6.0,3,岩橋勇二,55.0,ダ,1600.0,重,105.7,2.2,6-6-4-4,41.3,490.0,0.0,スピンザブラッド,8.4
2018103161,アルマロベイラ,2024/10/10,門別,晴,8.0,3歳以上C3ー2C4,11,7.0,8,55.0,9.0,4,岩橋勇二,55.0,ダ,1700.0,良,112.9,1.0,4-6-7-7,39.5,490.0,-4.0,グローリアミノル,5.6
2018103161,アルマロベイラ,2024/09/25,門別,晴,3.0,3歳以上C3C4ー1,12,2.0,2,97.4,9.0,5,岩橋勇二,55.0,ダ,1600.0,良,108.0,1.8,5-4-4-7,41.7,494.0,2.0,ブリッツクリーク,2.8
2018103161,アルマロベイラ,2024/09/10,門別,曇,8.0,3歳以上C3C4ー1,12,3.0,3,157.7,11.0,7,落合玄太,55.0,ダ,1200.0,良,75.8,1.7,11-8,37.8,492.0,10.0,ブリッツクリーク,
2018103161,アルマロベイラ,2024/08/06,門別,晴,8.0,新ひだか町に新規就農(C3),9,6.0,6,38.9,6.0,7,服部茂史,55.0,ダ,1200.0,稍,76.0,2.3,5-6,39.4,482.0,-4.0,クインズアルテミス,
2018103161,アルマロベイラ,2024/07/23,門別,曇,6.0,3歳以上C3C4ー1,10,2.0,2,98.0,10.0,6,井上俊彦,55.0,ダ,1200.0,良,75.2,0.6,6-2,39.5,486.0,-10.0,メラヴィリオーザ,
2018103161,アルマロベイラ,2024/07/09,門別,曇,5.0,3歳以上C3C4ー1,10,2.0,2,61.4,8.0,10,井上俊彦,55.0,ダ,1200.0,稍,76.9,2.3,5-8,40.5,496.0,6.0,ウナヴォルタ,
2018103161,アルマロベイラ,2024/06/25,門別,晴,8.0,3歳以上C3C4ー1,11,8.0,12,18.1,5.0,8,井上俊彦,55.0,ダ,1200.0,稍,77.0,2.1,8-10,39.3,490.0,0.0,リコーニック,
2018103161,アルマロベイラ,2024/05/30,門別,曇,8.0,シラネアオイ特別(C1),10,2.0,2,12.4,4.0,6,井上俊彦,55.0,ダ,1200.0,良,76.1,0.6,7-7,39.0,490.0,4.0,フォルキャップ,
2018103161,アルマロベイラ,2024/05/14,門別,晴,8.0,ウツギ特別(C1),8,7.0,7,61.8,8.0,2,井上俊彦,55.0,ダ,1200.0,稍,75.0,0.1,4-4,38.6,486.0,-2.0,カネミツエース,15.4
2018103161,アルマロベイラ,2024/05/01,門別,晴,8.0,アマリリス特別(C1),11,6.0,7,18.9,6.0,5,井上俊彦,55.0,ダ,1200.0,良,76.1,1.1,3-4,39.9,488.0,0.0,クラシカルスカラー,3.8
2018103161,アルマロベイラ,2024/04/18,門別,曇,6.0,ペテガリ岳賞(C3),11,8.0,11,10.8,6.0,2,井上俊彦,55.0,ダ,1200.0,重,75.3,0.5,3-2,39.4,488.0,-2.0,ビービーローレライ,11.2
2018103161,アルマロベイラ,2023/11/03,門別,晴,8.0,本年開設!「なまちゃ(C1),11,3.0,3,25.2,5.0,4,井上俊彦,54.0,ダ,1200.0,稍,75.6,1.9,4-4,39.3,490.0,2.0,インテンスシチー,7.7
2018103161,アルマロベイラ,2023/10/18,門別,晴,10.0,ハマギク特別(C1),12,8.0,12,21.3,6.0,4,服部茂史,54.0,ダ,1200.0,良,75.3,0.7,2-2,39.8,488.0,0.0,クリイロ,7.7
2018103161,アルマロベイラ,2023/10/03,門別,晴,11.0,リコリス特別(C1),9,7.0,7,72.2,7.0,3,岩橋勇二,54.0,ダ,1200.0,良,74.5,0.9,1-2,38.7,488.0,2.0,クリイロ,11.6
2018103161,アルマロベイラ,2023/09/20,門別,晴,10.0,ケイトウ特別(C1),12,5.0,6,53.6,9.0,4,桑村真明,54.0,ダ,1200.0,良,75.4,0.8,5-5,38.3,486.0,-2.0,リコールガー,7.7
2018103161,アルマロベイラ,2023/09/07,門別,晴,10.0,日胆JA農業応援特別(C1),11,1.0,1,85.7,7.0,5,阿部龍,54.0,ダ,1200.0,稍,75.5,0.3,8-7,38.1,488.0,2.0,ブレイヴァリーボス,3.8
2018103161,アルマロベイラ,2023/08/24,門別,晴,9.0,共済ホール特別(C1),12,6.0,8,20.6,6.0,7,岩橋勇二,54.0,ダ,1000.0,良,62.5,1.3,9-9,37.4,486.0,0.0,コイニオチテ,
2018103161,アルマロベイラ,2023/08/10,門別,曇,11.0,競馬ほのぼの観戦ツア(C1),11,8.0,10,30.1,7.0,4,岩橋勇二,54.0,ダ,1200.0,稍,75.4,1.2,2-2,38.8,486.0,0.0,ラッキーホープ,7.7
2018103161,アルマロベイラ,2023/07/26,門別,晴,10.0,カスミソウ賞(C2),8,7.0,8,19.7,4.0,4,岩橋勇二,54.0,ダ,1200.0,良,75.5,0.4,1-1,39.5,486.0,-8.0,グレヴィスタ,5.6
2018103161,アルマロベイラ,2023/07/12,門別,曇,10.0,うらかわ馬フェスタ賞(C2),7,7.0,7,6.9,3.0,2,井上俊彦,54.0,ダ,1200.0,重,75.4,0.5,2-1,38.6,494.0,6.0,カッパギ,11.2
2018103161,アルマロベイラ,2023/06/27,門別,曇,9.0,ネジバナ特別(C1),12,8.0,12,23.4,6.0,11,井上俊彦,54.0,ダ,1700.0,良,114.1,4.2,3-3-3-7,43.5,488.0,0.0,パワトゥザピープル,
2018103161,アルマロベイラ,2023/06/13,門別,曇,12.0,タリスマニック賞(C1),10,8.0,10,11.0,5.0,3,井上俊彦,54.0,ダ,1800.0,稍,118.4,0.9,1-1-1-1,41.0,488.0,10.0,パワトゥザピープル,11.6
2018103161,アルマロベイラ,2023/05/18,門別,晴,11.0,すながわスイートロー(C1),11,2.0,2,15.5,5.0,9,岩橋勇二,55.0,ダ,1700.0,良,113.1,2.2,5-7-4-7,42.4,478.0,0.0,タイキモンストル,
2018103161,アルマロベイラ,2023/05/04,門別,晴,9.0,リボンナポリン特別(C1),10,1.0,1,6.5,3.0,3,井上俊彦,55.0,ダ,1700.0,良,111.9,1.1,3-3-3-2,40.6,478.0,-4.0,メイショウイチズ,11.6
2018103161,アルマロベイラ,2023/04/20,門別,曇,11.0,リーディングジョッキ(C1),10,5.0,5,14.6,5.0,2,岩橋勇二,54.0,ダ,1700.0,稍,112.3,0.1,7-7-6-1,41.6,482.0,-2.0,メイショウイチズ,15.4
2018103161,アルマロベイラ,2022/11/02,門別,晴,7.0,ブバルディア特別(C1),9,8.0,8,9.5,4.0,3,井上俊彦,54.0,ダ,1700.0,稍,111.0,0.2,3-3-3-3,37.2,484.0,-2.0,キングオブマリア,9.5
2018103161,アルマロベイラ,2022/10/19,門別,晴,9.0,さまに地場産フェア特(C1),11,5.0,5,17.6,6.0,4,井上俊彦,54.0,ダ,1700.0,良,112.1,1.2,4-4-4-3,42.4,486.0,0.0,カルディナーレ,6.3
2018103161,アルマロベイラ,2022/10/06,門別,曇,10.0,ガーベラ特別(C2),11,1.0,1,8.0,5.0,3,井上俊彦,54.0,ダ,1700.0,稍,108.5,0.9,2-2-2-2,39.5,486.0,4.0,メイショウイチズ,9.5
2018103161,アルマロベイラ,2022/09/13,門別,晴,11.0,新冠町軽種馬生産振興(C2),10,5.0,5,4.2,3.0,2,井上俊彦,54.0,ダ,1800.0,良,119.0,0.1,4-4-3-1,42.2,482.0,2.0,カルディナーレ,12.6
2018103161,アルマロベイラ,2022/08/30,門別,曇,10.0,十勝軽種馬農業協同組(C2),8,7.0,7,2.8,1.0,2,井上俊彦,54.0,ダ,1700.0,稍,110.2,0.1,3-3-3-2,40.9,480.0,-6.0,ケイアイマヌカ,12.6
2018103161,アルマロベイラ,2022/08/02,門別,曇,11.0,ふるさと日高応援特別(C2),10,4.0,4,7.4,4.0,5,井上俊彦,54.0,ダ,1700.0,不,108.8,0.4,5-5-5-5,39.9,486.0,4.0,スダワールド,3.1
2018103161,アルマロベイラ,2022/07/19,門別,晴,11.0,アキレア特別(C3),11,3.0,3,26.4,5.0,2,井上俊彦,54.0,ダ,1700.0,稍,109.2,0.7,2-3-4-4,38.9,482.0,-8.0,サンオークレア,12.6
2018103161,アルマロベイラ,2022/07/05,門別,曇,7.0,アカンサス特別(C3),10,7.0,8,4.3,2.0,6,井上俊彦,54.0,ダ,1600.0,稍,103.5,1.4,6-6-5-4,41.4,490.0,2.0,スダワールド,
2018103161,アルマロベイラ,2022/06/15,門別,曇,10.0,スターチス特別(C3),10,7.0,8,2.6,1.0,2,井上俊彦,54.0,ダ,1700.0,良,112.5,0.1,3-3-3-2,39.8,488.0,-4.0,カイトキング,12.6
2018103161,アルマロベイラ,2022/06/01,門別,晴,6.0,芽生すずらん群生地賞(C3),7,7.0,7,6.9,2.0,2,井上俊彦,54.0,ダ,1700.0,不,110.2,1.5,3-3-2-2,40.1,492.0,2.0,リチュアル,12.6
2018103161,アルマロベイラ,2022/05/19,門別,曇,7.0,DOシニア65賞(C4),8,6.0,6,18.3,6.0,4,井上俊彦,54.0,ダ,1700.0,稍,114.1,0.6,5-5-6-5,41.1,490.0,-2.0,リチュアル,4.2
2018103161,アルマロベイラ,2022/05/05,門別,晴,7.0,3歳以上C4ー2,6,1.0,1,9.7,4.0,4,井上俊彦,54.0,ダ,1600.0,良,108.1,2.3,4-5-4-4,41.6,492.0,-10.0,ネクサスハート,4.2
2018103161,アルマロベイラ,2022/04/21,門別,晴,2.0,3歳以上C4ー2,7,7.0,7,3.1,2.0,5,井上俊彦,54.0,ダ,1700.0,良,115.5,1.0,3-3-3-3,42.5,502.0,26.0,モルフェソルジャ,2.1
2018103161,アルマロベイラ,2021/10/26,門別,雨,7.0,3歳以上C4ー4,11,4.0,4,25.3,5.0,1,井上俊彦,54.0,ダ,1700.0,重,110.0,-0.5,5-6-6-3,39.5,476.0,0.0,(パープルレイン),30.0
2018103161,アルマロベイラ,2021/10/12,門別,晴,2.0,ミシャ賞(C4),11,8.0,10,5.6,4.0,3,井上俊彦,54.0,ダ,1600.0,不,102.9,1.6,3-3-2-3,41.0,476.0,-14.0,スエヒロヴァン,6.3
2018103161,アルマロベイラ,2021/09/29,門別,晴,5.0,三石産米トキノミノル(C4),7,8.0,8,6.2,3.0,2,井上俊彦,54.0,ダ,1700.0,良,115.2,0.5,3-4-4-3,44.2,490.0,-2.0,グランポートリネス,8.4
2018103161,アルマロベイラ,2021/09/16,門別,晴,2.0,3歳以上C4ー5,12,4.0,4,6.5,5.0,4,井上俊彦,54.0,ダ,1500.0,良,99.9,1.1,5-5-4-4,41.7,492.0,22.0,スクリーンマドンナ,4.2
2018103161,アルマロベイラ,2021/08/07,1函館11,晴,4.0,3歳未勝利,12,2.0,2,94.2,11.0,7,横山和生,54.0,ダ,1000.0,良,60.4,1.5,9-8,36.0,470.0,2.0,ゴールドフィンガー,
2018103161,アルマロベイラ,2021/07/03,1函館1,晴,4.0,3歳未勝利,12,7.0,9,6.4,4.0,9,横山和生,54.0,ダ,1000.0,良,61.3,1.2,11-11,35.5,468.0,8.0,ドナテッラ,
2018103161,アルマロベイラ,2021/06/06,3東京2,小雨,1.0,3歳未勝利,16,4.0,7,14.9,5.0,8,横山和生,54.0,ダ,1400.0,重,86.2,0.8,2-2,38.4,460.0,10.0,ボレロ,
2018103161,アルマロベイラ,2021/03/28,3中山2,雨,5.0,3歳未勝利,16,2.0,3,78.4,12.0,11,藤田菜七,52.0,芝,1800.0,稍,113.1,1.4,6-5-7-9,38.5,450.0,-8.0,ヒットザシーン,
2018103161,アルマロベイラ,2021/01/09,1中山2,晴,5.0,3歳新馬,16,7.0,14,42.6,10.0,7,横山和生,54.0,芝,1600.0,良,96.9,1.3,7-7-8,36.4,458.0,0.0,レッジャードロ,
2022106596,ジャスティンベニス,2026/07/14,門別,曇,10.0,グランシャリオドリー(C4),9,3.0,3,5.6,4.0,9,服部茂史,57.0,ダ,1600.0,重,111.7,6.0,3-5-6-9,46.8,554.0,0.0,ベイストラトラ,
2022106596,ジャスティンベニス,2026/06/11,門別,晴,8.0,3歳以上C4ー2,8,2.0,2,10.5,4.0,4,服部茂史,57.0,ダ,1200.0,良,76.3,1.5,3-4,39.8,554.0,-10.0,ヤマニンエラマ,5.6
2022106596,ジャスティンベニス,2026/05/26,門別,曇,6.0,3歳以上C4ー3,9,3.0,3,1.4,1.0,1,服部茂史,57.0,ダ,1200.0,稍,76.3,-0.8,1-1,40.2,564.0,-6.0,(オオイシサクラ),40.0
2022106596,ジャスティンベニス,2026/05/13,門別,曇,3.0,3歳以上C4ー3,14,3.0,3,4.4,3.0,3,服部茂史,57.0,ダ,1200.0,良,76.8,0.9,1-1,39.9,570.0,34.0,ベリープラウド,8.4
2022106596,ジャスティンベニス,2025/10/29,門別,晴,6.0,3歳以上C4ー2,10,8.0,11,,,取,服部茂史,57.0,ダ,1200.0,稍,,,,,,,リオンセーラス,
2022106596,ジャスティンベニス,2025/10/14,門別,晴,4.0,ホクレン「くるるの杜(C4),9,3.0,3,3.0,2.0,1,服部茂史,57.0,ダ,1200.0,稍,76.6,-0.8,1-1,39.2,536.0,4.0,(ユイダイナソー),40.0
2022106596,ジャスティンベニス,2025/09/30,門別,晴,5.0,3歳以上C4ー4,8,3.0,3,10.0,4.0,3,服部茂史,57.0,ダ,1200.0,良,77.9,0.4,2-2,40.5,532.0,-20.0,ベニノジェネラル,8.4
2022106596,ジャスティンベニス,2025/09/16,門別,晴,4.0,3歳以上C4ー4,8,5.0,5,2.2,1.0,7,岩橋勇二,57.0,ダ,1200.0,良,78.9,1.8,4-4,40.9,552.0,-6.0,エムティパブロ,
2022106596,ジャスティンベニス,2025/07/22,門別,晴,6.0,3歳以上C4ー4,8,6.0,6,7.0,3.0,5,秋元耕成,57.0,ダ,1200.0,良,77.7,1.5,5-5,39.8,558.0,0.0,アースリンゴ,2.8
2023100885,ブールヴァルディエ,2026/07/14,門別,雨,8.0,ラベンダー特別(C4),8,4.0,4,49.8,6.0,5,井上瑛太,57.0,ダ,1800.0,重,120.7,1.1,8-7-8-5,41.1,450.0,0.0,ゴールドアイリーン,3.8
2023100885,ブールヴァルディエ,2026/06/30,門別,晴,9.0,アヤメ特別(C4),9,8.0,8,90.9,7.0,6,井上瑛太,57.0,ダ,1700.0,良,114.2,1.8,7-8-9-7,40.6,450.0,0.0,バッハ,
2023100885,ブールヴァルディエ,2026/06/18,門別,晴,2.0,とみくるマルシェ賞(C4),13,4.0,5,122.6,9.0,7,桑村真明,57.0,ダ,1200.0,良,76.8,1.5,11-10,39.3,450.0,-2.0,サンゼントカガヤク,
2023100885,ブールヴァルディエ,2026/06/04,門別,晴,3.0,えんどう豆生まれドリ(C4),13,7.0,11,192.6,10.0,5,石川倭,57.0,ダ,1200.0,良,76.7,2.4,12-12,38.6,452.0,4.0,スターオブムーラン,2.8
2023100885,ブールヴァルディエ,2026/05/20,門別,曇,7.0,3歳以上C4ー2,11,7.0,8,81.8,8.0,8,井上瑛太,57.0,ダ,1800.0,良,122.0,3.4,7-7-8-9,40.7,448.0,-2.0,カネトシエテルノ,
2023100885,ブールヴァルディエ,2026/05/05,門別,晴,2.0,3歳条件未勝利(未勝利),10,8.0,9,9.7,5.0,7,小野楓馬,57.0,ダ,1200.0,稍,78.1,2.4,6-7,39.4,450.0,10.0,スキャボロフェアー,
2023100885,ブールヴァルディエ,2026/04/22,門別,曇,3.0,3歳条件未勝利(未勝利),7,2.0,2,8.7,3.0,2,小野楓馬,57.0,ダ,1200.0,稍,78.2,0.4,4-5,39.5,440.0,-9.0,ルーチェアバンティ,14.0
2023100885,ブールヴァルディエ,2026/04/01,船橋,雨,3.0,3歳四組下,10,1.0,1,152.4,10.0,5,本橋孝太,56.0,ダ,1500.0,重,100.8,1.4,9-9-8-7,39.8,449.0,4.0,リメンバーウェル,20.0
2023100885,ブールヴァルディエ,2026/03/10,船橋,晴,3.0,3歳四組下,11,7.0,8,102.4,11.0,9,笠野雄大,56.0,ダ,1500.0,稍,101.7,1.8,11-11-11-11,40.0,445.0,-9.0,マダヤルカイ,
2023100885,ブールヴァルディエ,2026/02/10,船橋,曇,3.0,3歳四組下,12,2.0,2,173.7,11.0,9,本橋孝太,56.0,ダ,1500.0,良,103.4,1.5,12-12-12-12,39.1,454.0,2.0,メタルキング,
2023100885,ブールヴァルディエ,2026/01/22,船橋,晴,3.0,南関デビュー未勝利馬(3歳),13,2.0,2,65.6,12.0,12,野畑凌,56.0,ダ,1500.0,良,102.4,3.3,11-12-12-12,40.9,452.0,9.0,タツノスカイ,
2023100885,ブールヴァルディエ,2025/12/08,船橋,晴,3.0,南関デビュー未勝利(2歳),9,3.0,3,62.2,8.0,4,岡村健司,55.0,ダ,1500.0,良,100.2,1.5,9-9-9-7,41.5,443.0,0.0,ボーゲンモーント,30.0
2023100885,ブールヴァルディエ,2025/11/03,船橋,晴,1.0,船橋・門別JBC20(2歳),12,6.0,7,177.7,11.0,8,岡村健司,55.0,ダ,1200.0,稍,78.7,3.5,12-12-12,38.5,443.0,5.0,スペースセイラー,
2023100885,ブールヴァルディエ,2025/09/30,船橋,晴,1.0,2歳四,10,1.0,1,18.9,4.0,3,岡村健司,54.0,ダ,1200.0,良,78.3,2.7,10-10-10,39.5,438.0,0.0,テカポ,57.5
2023100885,ブールヴァルディエ,2025/08/28,船橋,晴,1.0,2歳六,7,1.0,1,1.6,1.0,3,笠野雄大,54.0,ダ,1200.0,良,78.8,0.9,4-4-5,40.2,438.0,6.0,アイリーナ,52.5
2023100885,ブールヴァルディエ,2025/08/01,船橋,曇,4.0,ハイビスカスデビュー(2歳),7,5.0,5,43.2,5.0,6,笠野雄大,54.0,ダ,1200.0,良,78.1,2.8,5-5-5,40.3,432.0,0.0,バイラノーチェ,
2023101017,アクアトレジャー,2026/07/14,門別,曇,9.0,リョウブ特別(C4),8,6.0,6,6.8,3.0,2.0,宮内勇樹,57.0,ダ,1700.0,重,110.7,0.6,1-1-1-1,40.0,482.0,0.0,ベルバロン,15.4
2023101017,アクアトレジャー,2026/06/30,門別,晴,9.0,アヤメ特別(C4),9,7.0,7,3.2,2.0,3.0,宮内勇樹,57.0,ダ,1700.0,良,112.8,0.4,3-3-3-2,40.9,482.0,2.0,バッハ,11.6
2023101017,アクアトレジャー,2026/06/17,門別,曇,10.0,グランシャリオドリー(C4),14,1.0,1,4.5,3.0,6.0,宮内勇樹,57.0,ダ,1800.0,良,120.6,2.3,4-4-3-3,42.6,480.0,0.0,ビービーエリス,
2023101017,アクアトレジャー,2026/06/03,門別,曇,10.0,グランシャリオドリー(C4),12,8.0,11,5.4,4.0,2.0,宮内勇樹,57.0,ダ,1700.0,良,112.5,0.4,1-1-1-1,39.3,480.0,-2.0,ブレイキンアウェイ,15.4
2023101017,アクアトレジャー,2026/05/20,門別,曇,3.0,3歳以上C4ー2,11,6.0,7,4.0,3.0,3.0,落合玄太,57.0,ダ,1600.0,良,106.1,0.3,3-3-3-4,40.8,482.0,6.0,ムーンレインボー,8.4
2023101017,アクアトレジャー,2026/05/05,門別,曇,4.0,3歳以上C4ー2,10,7.0,7,8.7,3.0,4.0,岩橋勇二,57.0,ダ,1700.0,稍,114.2,1.2,2-2-4-4,40.0,476.0,10.0,メイショウハリソン,5.6
2023101017,アクアトレジャー,2025/11/13,門別,晴,6.0,JRA認定競走ウィナ(2歳),12,8.0,11,4.7,2.0,2.0,服部茂史,56.0,ダ,1700.0,稍,112.0,0.3,4-4-3-2,40.9,466.0,2.0,スターオブフェザー,84.0
2023101017,アクアトレジャー,2025/10/29,門別,晴,7.0,2歳3組,12,5.0,6,18.3,5.0,2.0,服部茂史,56.0,ダ,1700.0,稍,113.3,0.1,5-4-3-4,39.3,464.0,-6.0,アルバソーレ,16.8
2023101017,アクアトレジャー,2025/10/15,門別,晴,3.0,道産牛乳飲んで健康に(2歳),12,5.0,6,83.7,11.0,4.0,服部茂史,56.0,ダ,1200.0,稍,76.7,0.9,10-10,38.9,470.0,0.0,ティーズセラフ,8.4
2023101017,アクアトレジャー,2025/10/01,門別,曇,1.0,2歳未勝利(未勝利),7,5.0,5,2.9,2.0,1.0,服部茂史,56.0,ダ,1200.0,良,76.3,0.0,1-1,39.3,470.0,2.0,(シビックフォイル),50.0
2023101017,アクアトレジャー,2025/09/17,門別,晴,2.0,2歳未勝利(未勝利),12,6.0,8,18.1,5.0,6.0,服部茂史,56.0,ダ,1200.0,良,78.0,1.4,9-6,40.6,468.0,4.0,ララハカランダ,
2023101017,アクアトレジャー,2025/09/03,門別,晴,3.0,2歳未勝利(未勝利),10,1.0,1,31.2,5.0,4.0,服部茂史,55.0,ダ,1200.0,重,76.4,1.1,3-3,39.1,464.0,-4.0,マナカフ,7.0
2023101017,アクアトレジャー,2025/08/20,門別,曇,3.0,2歳未勝利(未勝利),11,6.0,7,7.3,4.0,4.0,服部茂史,55.0,ダ,1200.0,重,76.7,0.9,4-5,39.9,468.0,4.0,スリーバンカーズ,7.0
2023101017,アクアトレジャー,2025/07/30,門別,,1.0,ホクレン「くるるの杜(未勝利)(2歳),0,5.0,5,,,,宮内勇樹,55.0,ダ,1200.0,,,,,,,,,
2023101017,アクアトレジャー,2025/07/17,門別,曇,1.0,2歳未勝利(未勝利),9,4.0,4,10.8,3.0,8.0,阿部龍,55.0,ダ,1700.0,稍,117.4,2.4,3-3-3-7,43.8,464.0,-2.0,フークアルバトロス,
2023101017,アクアトレジャー,2025/07/03,門別,曇,1.0,2歳未勝利(未勝利),9,2.0,2,11.8,6.0,3.0,服部茂史,55.0,ダ,1700.0,稍,114.0,0.1,6-7-3-1,41.7,466.0,6.0,ミノベル,10.5
2023101017,アクアトレジャー,2025/06/11,門別,曇,3.0,JRA認定競走アタッ(未勝利)(2歳),8,2.0,2,12.6,5.0,5.0,岩橋勇二,55.0,ダ,1200.0,稍,76.9,1.3,4-4,39.9,460.0,2.0,オーミチェリー,8.4
2023101017,アクアトレジャー,2025/05/28,門別,曇,4.0,JRA認定競走フレッ(新馬)(2歳),11,6.0,6,25.2,6.0,5.0,岩橋勇二,55.0,ダ,1100.0,良,69.4,1.5,4-3,38.6,458.0,0.0,ミモザノキセツ,17.5
2022102043,ツキヨザクラ,2026/07/14,門別,曇,9.0,リョウブ特別(C4),8,4.0,4,222.2,7.0,6,黒澤愛斗,55.0,ダ,1700.0,重,114.9,4.8,8-8-7-7,42.6,440.0,-4.0,ベルバロン,
2022102043,ツキヨザクラ,2026/06/30,門別,晴,11.0,北海道野菜王国にった(C4),9,5.0,5,211.7,9.0,7,黒澤愛斗,55.0,ダ,1700.0,良,114.9,2.4,6-6-8-8,41.7,444.0,2.0,アヴェルス,
2022102043,ツキヨザクラ,2026/06/17,門別,曇,10.0,グランシャリオドリー(C4),14,5.0,7,137.2,11.0,11,黒澤愛斗,55.0,ダ,1800.0,良,122.4,4.1,6-6-9-10,43.4,442.0,-6.0,ビービーエリス,
2022102043,ツキヨザクラ,2026/06/03,門別,曇,10.0,グランシャリオドリー(C4),12,4.0,4,609.5,12.0,6,黒澤愛斗,55.0,ダ,1700.0,良,113.8,1.7,12-10-11-9,39.5,448.0,0.0,ブレイキンアウェイ,
2022102043,ツキヨザクラ,2026/05/20,門別,曇,3.0,3歳以上C4ー2,11,6.0,6,247.3,10.0,11,黒澤愛斗,55.0,ダ,1600.0,良,108.2,2.4,9-8-8-10,42.0,448.0,-4.0,ムーンレインボー,
2022102043,ツキヨザクラ,2026/05/05,門別,曇,4.0,3歳以上C4ー2,10,4.0,4,49.5,7.0,8,黒澤愛斗,55.0,ダ,1700.0,稍,115.1,2.1,9-9-9-9,39.7,452.0,6.0,メイショウハリソン,
2022102043,ツキヨザクラ,2026/04/16,門別,晴,4.0,3歳以上C4ー2,12,3.0,3,60.5,9.0,10,黒澤愛斗,55.0,ダ,1000.0,良,64.4,2.1,12-12,37.9,446.0,6.0,ヤマノプリティー,
2022102043,ツキヨザクラ,2026/02/23,名古屋,晴,4.0,C27組,12,8.0,11,4.2,2.0,1,細川智史,55.0,ダ,1400.0,良,92.3,-1.1,2-1-2,40.3,440.0,5.0,(スマートエラブル),55.0
2022102043,ツキヨザクラ,2026/01/26,名古屋,晴,6.0,C29組,12,7.0,10,18.6,5.0,4,細川智史,55.0,ダ,1400.0,良,93.5,1.1,5-4-5,40.2,435.0,0.0,ベニハンマード,8.3
2022102043,ツキヨザクラ,2026/01/14,名古屋,曇,8.0,920m戦なずな賞(C),12,5.0,5,6.6,3.0,8,小笠原羚,51.0,ダ,920.0,良,58.7,1.2,10,38.3,435.0,0.0,イッカクセンキン,
2022102043,ツキヨザクラ,2026/01/01,名古屋,晴,7.0,初参り賞(C),12,6.0,8,2.7,1.0,9,丸野勝虎,55.0,ダ,1500.0,良,100.7,2.1,3-5-8,42.5,435.0,-3.0,ロジピエルフ,
2022102043,ツキヨザクラ,2025/12/19,名古屋,晴,1.0,C25組,12,8.0,11,143.9,10.0,6,細川智史,55.0,ダ,1500.0,稍,98.9,0.7,2-1-5,39.8,438.0,-2.0,アットザホップ,
2022102043,ツキヨザクラ,2025/12/04,名古屋,晴,9.0,C20組,12,5.0,5,19.6,6.0,11,細川智史,55.0,ダ,1500.0,稍,99.8,2.4,4-10-11,41.4,440.0,-8.0,ドラゴンラック,
2022102043,ツキヨザクラ,2025/11/05,門別,晴,5.0,3歳以上C4ー2,9,8.0,8,3.4,2.0,2,小野楓馬,55.0,ダ,1000.0,稍,63.7,0.2,2-2,38.3,448.0,2.0,ニシノココ,11.2
2022102043,ツキヨザクラ,2025/10/15,門別,晴,7.0,3歳以上C4ー2,8,7.0,7,75.7,6.0,6,小杉亮,55.0,ダ,1200.0,稍,78.1,2.7,6-6,40.5,446.0,6.0,ブルロッソ,
2022102043,ツキヨザクラ,2025/09/23,門別,晴,4.0,赤黒の勇者賞(C4),12,1.0,1,79.7,9.0,5,小野楓馬,55.0,ダ,1000.0,稍,63.7,1.5,3-3,38.5,440.0,16.0,インユアアイズ,2.8
2022102043,ツキヨザクラ,2025/08/26,門別,曇,6.0,新冠産米「判官伝説」(C4),12,7.0,10,173.0,10.0,7,藤田凌駕,52.0,ダ,1200.0,良,77.5,1.9,12-12,39.6,424.0,-14.0,ウインドファルクス,
2022102043,ツキヨザクラ,2025/08/12,門別,晴,6.0,3歳以上C4ー3,9,7.0,7,12.3,5.0,7,石川倭,55.0,ダ,1000.0,良,64.2,1.3,8-9,38.3,438.0,0.0,カネトシブレーブ,
2022102043,ツキヨザクラ,2025/07/29,門別,晴,7.0,3歳以上C4ー3,9,6.0,6,21.7,7.0,7,小野楓馬,55.0,ダ,1000.0,重,64.3,1.2,8-9,38.2,438.0,6.0,エイダイファルコン,
2022102043,ツキヨザクラ,2025/07/09,門別,晴,4.0,3歳以上C4ー3,8,5.0,5,47.5,7.0,7,小野楓馬,55.0,ダ,1200.0,良,77.9,1.8,4-7,40.1,432.0,4.0,ロピア,
2022102043,ツキヨザクラ,2025/06/19,門別,晴,2.0,3歳以上C4ー3,13,5.0,7,76.6,12.0,12,小野楓馬,55.0,ダ,1200.0,良,77.3,2.0,6-11,39.8,428.0,0.0,ラストカノン,
2022102043,ツキヨザクラ,2025/05/28,門別,曇,1.0,3歳条件未勝利(未勝利),9,7.0,8,5.5,3.0,1,石川倭,55.0,ダ,1000.0,良,63.2,-0.1,3-2,38.6,428.0,-2.0,(モーニングボタン),50.0
2022102043,ツキヨザクラ,2025/05/08,門別,晴,1.0,3歳条件未勝利(未勝利),14,3.0,3,240.4,11.0,12,小野楓馬,55.0,ダ,1200.0,良,78.6,2.2,7-7,41.5,430.0,6.0,リュウワンメリー,
2022102043,ツキヨザクラ,2025/04/24,門別,晴,1.0,3歳条件未勝利(未勝利),12,6.0,7,11.5,4.0,9,小野楓馬,55.0,ダ,1200.0,重,77.0,2.3,4-5,39.8,424.0,-4.0,ヤマトオーザー,
2022102043,ツキヨザクラ,2024/09/17,門別,晴,4.0,2歳牝馬未勝利(未勝利),12,4.0,4,17.6,5.0,8,小野楓馬,55.0,ダ,1100.0,稍,71.0,1.8,8-8,39.5,428.0,-12.0,アダムスアップル,
2022102043,ツキヨザクラ,2024/09/03,門別,晴,5.0,優駿の里安平町早来か(未勝利)(2歳),10,8.0,10,12.0,4.0,6,小野楓馬,55.0,ダ,1100.0,良,70.6,1.7,3-4,39.4,440.0,12.0,ブルーアスタリスク,
2022102043,ツキヨザクラ,2024/07/18,門別,晴,4.0,しまれん賞(未勝利)(2歳),11,8.0,10,12.9,6.0,5,小野楓馬,55.0,ダ,1000.0,良,63.8,1.4,3-4,38.9,428.0,0.0,エイシンタヴェルナ,3.5
2022102043,ツキヨザクラ,2024/06/20,門別,晴,4.0,JRA認定競走フレッ(新馬)(2歳),10,1.0,1,55.2,7.0,5,小野楓馬,55.0,ダ,1100.0,良,71.1,2.5,6-6,39.9,428.0,0.0,エスカティア,17.5
2022106880,トーケンナナ,2026/07/14,門別,曇,10.0,グランシャリオドリー(C4),9,8.0,9,23.9,7.0,7,吉本隆記,55.0,ダ,1600.0,重,106.6,0.9,9-9-7-6,41.3,478.0,6.0,ベイストラトラ,
2022106880,トーケンナナ,2026/06/30,門別,晴,10.0,グランシャリオドリー(C4),12,2.0,2,121.0,10.0,4,吉本隆記,55.0,ダ,1500.0,良,99.5,0.6,12-12-12-9,39.9,472.0,4.0,ロンギングドルチェ,7.7
2022106880,トーケンナナ,2026/06/17,門別,曇,9.0,日高サラブレッドサブ(C4),12,7.0,9,360.6,12.0,10,吉本隆記,55.0,ダ,1600.0,良,107.6,2.4,10-10-11-10,41.7,468.0,2.0,ウィルミスチヴァス,
2022106880,トーケンナナ,2026/06/03,門別,曇,9.0,ゲラニウム特別(C4),12,2.0,2,580.9,12.0,7,小川悠汰,52.0,ダ,1500.0,良,99.8,2.3,11-11-10-10,41.3,466.0,0.0,アルバソーレ,
2022106880,トーケンナナ,2026/05/20,門別,曇,3.0,3歳以上C4ー2,11,8.0,11,14.0,4.0,8,阿部龍,55.0,ダ,1600.0,良,107.4,1.6,4-5-6-6,42.0,466.0,-2.0,ムーンレインボー,
2022106880,トーケンナナ,2026/05/05,門別,曇,4.0,3歳以上C4ー2,10,3.0,3,142.4,8.0,9,小野俊斗,52.0,ダ,1700.0,稍,115.3,2.3,4-4-4-4,41.1,468.0,6.0,メイショウハリソン,
2022106880,トーケンナナ,2026/04/16,門別,晴,5.0,3歳以上C4ー2,14,4.0,5,579.3,14.0,9,吉本隆記,55.0,ダ,1200.0,良,76.9,2.2,12-10,39.0,462.0,-6.0,ヴァーチェ,
2022106880,トーケンナナ,2025/11/12,門別,晴,4.0,3歳以上C4ー2,15,6.0,10,25.9,5.0,7,亀井洋司,55.0,ダ,1200.0,稍,77.1,0.6,10-8,39.6,468.0,0.0,クラウンジュエル,
2022106880,トーケンナナ,2025/11/03,門別,晴,3.0,初鞍に喝采を特別(C4),10,8.0,10,7.0,4.0,6,小杉亮,55.0,ダ,1700.0,重,115.6,3.5,4-4-4-5,42.5,468.0,-2.0,アックラマーレ,
2022106880,トーケンナナ,2025/10/21,門別,曇,6.0,3歳以上C4ー2,11,8.0,11,9.9,4.0,4,小杉亮,55.0,ダ,1800.0,稍,120.5,0.7,3-3-3-3,41.7,470.0,6.0,バルドリア,5.6
2022106880,トーケンナナ,2025/10/08,門別,晴,4.0,3歳以上C4ー2,11,5.0,5,31.1,7.0,2,小杉亮,55.0,ダ,1800.0,良,121.4,0.3,3-4-3-3,41.9,464.0,0.0,ドリームジャック,11.2
2022106880,トーケンナナ,2025/09/23,門別,晴,6.0,ドーレくん賞(C4),10,1.0,1,52.3,8.0,5,小杉亮,55.0,ダ,1600.0,稍,108.0,1.6,7-8-7-7,41.1,464.0,2.0,サンタアナウインド,2.8
2022106880,トーケンナナ,2025/09/09,門別,曇,9.0,日本軽種馬青年部連絡(C4),10,2.0,2,25.7,5.0,9,亀井洋司,55.0,ダ,1600.0,稍,108.5,2.0,3-3-5-7,44.1,462.0,6.0,タイセイアズーロ,
2022106880,トーケンナナ,2025/08/27,門別,曇,9.0,静内ライオンズクラブ(C4),12,7.0,10,33.5,7.0,9,及川烈,54.0,ダ,1700.0,良,116.3,3.1,2-1-1-2,44.4,456.0,2.0,ファーストドラゴン,
2022106880,トーケンナナ,2025/08/13,門別,晴,8.0,3歳以上C4ー3,12,3.0,3,4.7,2.0,4,及川烈,54.0,ダ,1600.0,良,107.5,1.2,3-4-4-6,42.1,454.0,4.0,スイートキャンディ,5.6
2022106880,トーケンナナ,2025/07/17,門別,晴,10.0,グランシャリオドリー(C4),11,5.0,5,23.6,4.0,7,小野楓馬,55.0,ダ,1700.0,稍,114.6,1.3,5-5-5-7,41.9,450.0,-6.0,ビリーヴアンドラン,
2022106880,トーケンナナ,2025/07/03,門別,晴,9.0,ツキミソウ特別(C4),11,7.0,8,6.2,3.0,7,石川倭,55.0,ダ,1600.0,稍,106.1,0.9,3-3-3-2,41.9,456.0,8.0,パッションプリマ,
2022106880,トーケンナナ,2025/06/18,門別,晴,8.0,室蘭ナイトクルーズ特(C4),11,6.0,6,20.9,5.0,8,亀井洋司,55.0,ダ,1700.0,良,115.2,2.1,2-4-4-7,41.9,448.0,0.0,セイウンピカイチ,
2022106880,トーケンナナ,2025/05/28,門別,曇,6.0,3歳以上C4ー3,9,4.0,4,3.1,2.0,1,石川倭,55.0,ダ,1600.0,良,106.8,-0.8,2-2-1-1,41.7,448.0,-6.0,(リュウノマジシャン),40.0
2022106880,トーケンナナ,2025/05/15,門別,曇,1.0,3歳以上C4ー3,12,6.0,8,28.1,5.0,4,石川倭,55.0,ダ,1700.0,良,115.5,1.1,3-3-3-3,41.6,454.0,4.0,タカオスマイル,5.6
2022106880,トーケンナナ,2025/04/30,門別,晴,2.0,3歳条件未勝利(未勝利),12,1.0,1,153.7,9.0,9,亀井洋司,55.0,ダ,1000.0,重,64.6,2.8,10-10,37.8,450.0,8.0,カツノトキメキ,
2022106880,トーケンナナ,2025/04/16,門別,雨,1.0,3歳条件未勝利(未勝利),12,6.0,7,32.8,7.0,8,亀井洋司,55.0,ダ,1200.0,不,77.4,3.0,6-7,40.0,442.0,-12.0,エイイチ,
2022106880,トーケンナナ,2024/10/29,門別,晴,4.0,2歳牝馬未勝利(未勝利),10,2.0,2,51.1,5.0,4,亀井洋司,55.0,ダ,1000.0,良,63.7,0.9,3-4,38.4,454.0,0.0,オールスパイス,7.0
2022106880,トーケンナナ,2024/10/15,門別,曇,1.0,浦河産黒毛和牛を食べ(未勝利)(2歳),12,8.0,11,3.8,2.0,6,服部茂史,55.0,ダ,1000.0,良,64.5,0.7,6-6,38.5,454.0,-4.0,マキマキパフェ,
2022106880,トーケンナナ,2024/10/02,門別,曇,3.0,懐かしの鉄道空間日高(未勝利)(2歳),12,1.0,1,150.4,12.0,11,阿岸潤一,54.0,ダ,1200.0,良,77.2,2.2,12-9,38.7,458.0,0.0,ツィードリヴァ,
2022106880,トーケンナナ,2024/09/03,門別,晴,4.0,安平町「鹿公園」賞(未勝利)(2歳),9,2.0,2,59.1,8.0,8,阿岸潤一,54.0,ダ,1100.0,良,72.0,3.4,5-6,40.8,458.0,-8.0,ロイヤルカラット,
2022106880,トーケンナナ,2024/08/13,門別,曇,1.0,ミシャ賞(未勝利)(2歳),12,2.0,2,25.1,4.0,6,阿岸潤一,53.0,ダ,1000.0,稍,64.2,1.5,10-9,38.7,466.0,6.0,オーイクモヨ,
2022106880,トーケンナナ,2024/07/10,門別,晴,4.0,JRA認定競走フレッ(新馬)(2歳),12,6.0,8,15.5,5.0,6,阿岸潤一,53.0,ダ,1000.0,稍,64.0,2.2,10-9,37.9,460.0,0.0,ガロス,
2021100123,イチリュウオー,2026/07/15,門別,曇,3.0,3歳以上C4ー2,11,2.0,2,498.3,9.0,7,小野楓馬,57.0,ダ,1200.0,稍,77.6,2.1,10-9,39.4,474.0,4.0,ペプチドアバンス,
2021100123,イチリュウオー,2026/07/01,門別,晴,3.0,道産子ポイントガード(C4),11,3.0,3,208.7,8.0,9,小川悠汰,54.0,ダ,1200.0,良,77.9,2.1,10-10,38.3,470.0,-4.0,ジューンランド,
2021100123,イチリュウオー,2026/06/18,門別,晴,1.0,門別温泉とねっこの湯(C4),12,3.0,3,144.9,10.0,8,小野楓馬,57.0,ダ,1200.0,良,77.0,1.4,9-9,39.9,474.0,-4.0,トゥレアレンシス,
2021100123,イチリュウオー,2026/05/28,門別,雨,7.0,ONーAIRDO賞(C4),11,1.0,1,84.5,8.0,10,黒澤愛斗,57.0,ダ,1200.0,稍,78.4,3.4,9-9,40.8,478.0,0.0,アオノセカイ,
2021100123,イチリュウオー,2026/05/20,門別,曇,3.0,3歳以上C4ー2,11,7.0,9,15.5,5.0,9,小川悠汰,54.0,ダ,1600.0,良,107.5,1.7,8-8-9-8,40.9,478.0,4.0,ムーンレインボー,
2021100123,イチリュウオー,2026/05/05,門別,曇,4.0,3歳以上C4ー2,10,6.0,6,24.7,5.0,5,小野楓馬,57.0,ダ,1700.0,稍,114.2,1.2,7-6-6-6,39.5,474.0,4.0,メイショウハリソン,2.8
2021100123,イチリュウオー,2026/04/23,門別,曇,3.0,3歳以上C4ー2,12,7.0,10,14.0,5.0,5,桑村真明,57.0,ダ,1000.0,稍,63.0,1.1,9-9,37.2,470.0,-2.0,クアトロソバージュ,2.8
2021100123,イチリュウオー,2025/10/26,4東京9,小雨,4.0,障害3歳以上未勝利,14,4.0,5,147.0,13.0,9,水沼元輝,57.0,障,3000.0,稍,208.5,5.4,8-8-9-10,13.9,472.0,16.0,キングサーガ,
2021100123,イチリュウオー,2025/07/20,2福島8,晴,1.0,障害3歳以上未勝利,14,1.0,1,76.7,11.0,14,水沼元輝,57.0,障,2770.0,良,195.2,8.8,13-13-13-14,14.1,456.0,-4.0,マイネルメサイア,
2021100123,イチリュウオー,2025/03/23,2中山8,晴,4.0,障害4歳以上未勝利,14,4.0,5,168.6,14.0,11,水沼元輝,57.0,障,2880.0,良,200.1,2.4,7-8-10-10,13.9,460.0,8.0,ガンダルフ,
2021100123,イチリュウオー,2024/10/27,4新潟8,晴,4.0,障害3歳以上未勝利,11,4.0,4,62.5,9.0,11,上野翔,58.0,障,2850.0,良,198.4,8.3,10-11-11-11,13.9,452.0,-6.0,テクネチウム,
2021100123,イチリュウオー,2024/09/16,4中山5,曇,1.0,障害3歳以上未勝利,7,2.0,2,65.9,6.0,5,上野翔,58.0,障,2880.0,良,200.3,5.0,5-5-5-5,13.9,458.0,10.0,ピンポイントドロー,79.0
2021100123,イチリュウオー,2024/07/21,2福島8,晴,7.0,3歳未勝利,16,3.0,5,190.4,12.0,15,石田拓郎,54.0,芝,2000.0,良,124.1,2.8,14-15-16-15,37.8,448.0,-2.0,リアルセンター,
2021100123,イチリュウオー,2024/05/05,2東京6,晴,3.0,3歳未勝利,14,2.0,2,175.4,10.0,10,原優介,56.0,芝,2300.0,良,144.1,1.8,3-3-3-3,35.9,450.0,0.0,モルトマエストーソ,
2021100123,イチリュウオー,2024/04/13,1福島3,晴,6.0,3歳未勝利,16,8.0,15,335.6,15.0,14,佐藤翔馬,54.0,芝,1800.0,良,110.3,1.8,16-16-15-14,36.7,450.0,0.0,ナムラブーニン,
2023100107,レヴァンターセ,2026/07/16,門別,晴,7.0,3歳以上C4ー2,7,1.0,1,15.2,5.0,7,小野楓馬,57.0,ダ,1200.0,重,76.4,1.4,1-1,40.1,472.0,-6.0,カセノフォルス,
2023100107,レヴァンターセ,2026/07/01,門別,晴,2.0,ゴールデンルーキー市(C4),8,3.0,3,2.7,1.0,7,小野楓馬,57.0,ダ,1200.0,良,78.1,3.1,5-5,40.8,478.0,12.0,コウユーダイダイ,
2023100107,レヴァンターセ,2026/06/11,門別,晴,8.0,3歳以上C4ー2,8,3.0,3,,,除,小野楓馬,57.0,ダ,1200.0,良,,,,,474.0,8.0,ヤマニンエラマ,
2023100107,レヴァンターセ,2026/05/23,3京都9,曇,1.0,3歳未勝利,16,8.0,15,368.8,15.0,10,川端海翼,54.0,ダ,1200.0,稍,73.0,1.2,13-11,36.5,466.0,2.0,メリフルアス,
2023100107,レヴァンターセ,2026/03/29,1中京6,晴,3.0,3歳未勝利,15,3.0,4,91.0,10.0,9,小林美駒,54.0,ダ,1200.0,良,74.8,1.8,10-9,37.6,464.0,-2.0,ロイヤルスパイア,
2023100107,レヴァンターセ,2026/02/14,2京都5,晴,4.0,3歳未勝利,16,1.0,2,66.6,11.0,14,浜中俊,57.0,ダ,1400.0,稍,89.0,3.8,8-7,40.4,466.0,-2.0,テーオーパーセル,
2023100107,レヴァンターセ,2026/01/31,2京都1,曇,3.0,3歳未勝利,13,7.0,11,36.5,7.0,7,団野大成,57.0,ダ,1400.0,良,87.2,1.6,7-6,38.1,468.0,0.0,ゴディアンフィンチ,
2020102708,ホウオウプラージュ,2026/07/14,門別,雨,8.0,ラベンダー特別(C4),8,1.0,1,23.1,5.0,6,岩橋勇二,55.0,ダ,1800.0,重,124.2,4.6,4-4-6-8,44.6,470.0,0.0,ゴールドアイリーン,
2020102708,ホウオウプラージュ,2026/06/30,門別,晴,9.0,アヤメ特別(C4),9,6.0,6,62.0,6.0,4,岩橋勇二,55.0,ダ,1700.0,良,113.4,1.0,7-8-6-7,40.0,470.0,-2.0,バッハ,7.7
2020102708,ホウオウプラージュ,2026/06/17,門別,曇,10.0,グランシャリオドリー(C4),14,6.0,9,51.5,9.0,8,岩橋勇二,55.0,ダ,1800.0,良,121.0,2.7,13-13-13-14,40.7,472.0,0.0,ビービーエリス,
2020102708,ホウオウプラージュ,2026/06/03,門別,曇,10.0,グランシャリオドリー(C4),12,8.0,12,39.0,7.0,8,岩橋勇二,55.0,ダ,1700.0,良,114.0,1.9,10-12-12-12,39.5,472.0,-8.0,ブレイキンアウェイ,
2020102708,ホウオウプラージュ,2026/05/20,門別,曇,7.0,3歳以上C4ー2,11,7.0,9,25.5,5.0,6,岩橋勇二,55.0,ダ,1800.0,良,120.7,2.1,11-10-8-7,39.6,480.0,-6.0,カネトシエテルノ,
2020102708,ホウオウプラージュ,2026/05/05,門別,曇,3.0,3歳以上C4ー2,9,8.0,8,34.9,6.0,4,阿部龍,55.0,ダ,1800.0,稍,122.9,2.4,9-9-9-9,39.8,486.0,6.0,レーザーベルン,5.6
2020102708,ホウオウプラージュ,2026/04/22,門別,晴,7.0,3歳以上C4ー2,12,8.0,12,63.5,7.0,6,岩橋勇二,55.0,ダ,1700.0,稍,114.0,2.3,12-12-12-11,42.1,480.0,15.0,サラサハウナイス,
2020102708,ホウオウプラージュ,2026/03/08,佐賀,曇,8.0,ニゲラ賞(C1),9,4.0,4,57.4,8.0,5,山下裕貴,54.0,ダ,1400.0,重,92.4,1.4,9-9-9-9,38.2,465.0,0.0,テイラーテソーロ,3.4
2020102708,ホウオウプラージュ,2026/02/25,佐賀,曇,8.0,C1ー9組,11,1.0,1,50.8,6.0,5,山下裕貴,54.0,ダ,1300.0,不,85.3,1.0,10-10-10-9,37.7,,,ジーティースピカ,3.4
2020102708,ホウオウプラージュ,2026/02/12,佐賀,晴,7.0,UMATENA賞(C1),10,7.0,8,70.0,7.0,6,山下裕貴,54.0,ダ,1300.0,稍,85.5,1.8,10-10-10-10,38.2,471.0,0.0,ロードプライズ,
2020102708,ホウオウプラージュ,2026/01/31,佐賀,晴,12.0,SAGAリベンジャー(C1),11,3.0,3,46.9,8.0,5,宮内勇樹,54.0,ダ,1300.0,良,85.3,0.9,11-11-6-5,38.2,471.0,-1.0,サンブリンガー,3.4
2020102708,ホウオウプラージュ,2026/01/17,佐賀,晴,8.0,ルスカス賞(C1),11,8.0,11,113.7,10.0,5,加茂飛翔,54.0,ダ,1400.0,良,92.2,0.7,10-11-11-11,39.9,472.0,7.0,ヴィアトル,3.4
2020102708,ホウオウプラージュ,2025/12/21,佐賀,曇,10.0,SAGAリベンジャー(C1),12,2.0,2,86.6,9.0,8,加茂飛翔,54.0,ダ,1400.0,重,93.0,1.8,12-12-12-12,39.3,465.0,-15.0,アウトレイジング,
2020102708,ホウオウプラージュ,2025/11/13,門別,晴,10.0,グランシャリオドリー(C1),11,2.0,2,55.6,8.0,10,阿部龍,54.0,ダ,1800.0,稍,121.5,2.8,11-11-11-11,41.3,480.0,-2.0,ルクスエクレール,
2020102708,ホウオウプラージュ,2025/10/30,門別,晴,8.0,ケナフ特別(C1),12,5.0,6,71.9,7.0,8,岩橋勇二,55.0,ダ,1700.0,稍,113.5,2.1,11-12-12-12,39.9,482.0,0.0,ブレスドナイル,
2020102708,ホウオウプラージュ,2025/10/16,門別,曇,11.0,シクラメン特別(C1),11,6.0,7,13.5,6.0,6,桑村真明,55.0,ダ,1800.0,稍,121.0,1.3,11-11-11-11,39.6,482.0,-4.0,ビリーヴアンドラン,
2020102708,ホウオウプラージュ,2025/10/02,門別,晴,11.0,ゲッカビジン特別(C1),11,8.0,10,17.1,8.0,5,岩橋勇二,55.0,ダ,1700.0,稍,113.1,1.0,11-11-11-11,40.3,486.0,2.0,ファーマシャイン,3.8
2020102708,ホウオウプラージュ,2025/09/04,門別,曇,10.0,グランシャリオドリー(B4),10,3.0,3,77.6,8.0,8,松井伸也,55.0,ダ,1700.0,稍,113.1,2.0,10-10-10-10,39.7,484.0,4.0,ライルアケカイ,
2020102708,ホウオウプラージュ,2025/08/21,門別,晴,9.0,共済ホール特別(B4),11,6.0,7,56.2,6.0,7,松井伸也,55.0,ダ,1800.0,稍,119.6,2.4,11-11-11-10,39.6,480.0,-4.0,ジェーケーボンバー,
2020102708,ホウオウプラージュ,2025/08/06,門別,曇,8.0,YJSトライアルラウ(B4),12,1.0,1,48.5,8.0,4,谷原柚希,55.0,ダ,1700.0,良,112.4,0.6,12-12-12-12,39.5,484.0,4.0,スリーレジェンド,9.1
2020102708,ホウオウプラージュ,2025/07/24,門別,晴,9.0,新冠町ふるさと納税特(B4),11,3.0,3,56.6,9.0,3,松井伸也,55.0,ダ,1800.0,良,119.6,0.7,11-11-11-11,39.2,480.0,2.0,シュネルカガ,13.7
2020102708,ホウオウプラージュ,2025/07/10,門別,曇,11.0,うらかわ馬フェスタ特(B4),11,7.0,8,87.6,8.0,8,岩橋勇二,55.0,ダ,1600.0,良,105.2,1.8,11-11-11-10,39.3,478.0,2.0,クラウォー,
2020102708,ホウオウプラージュ,2025/06/26,門別,雨,9.0,北海道日高乳業ヨーグ(B4),10,8.0,9,203.2,9.0,6,岩橋勇二,55.0,ダ,1700.0,稍,112.5,0.8,10-10-10-9,39.5,476.0,0.0,レルアバド,
2020102708,ホウオウプラージュ,2025/06/12,門別,曇,11.0,胆振軽種馬農業協同組(B4),8,4.0,4,69.7,7.0,7,桑村真明,55.0,ダ,1800.0,稍,120.2,2.3,8-8-5-6,39.8,476.0,2.0,マイモーメント,
2020102708,ホウオウプラージュ,2025/05/27,門別,晴,11.0,ホクレンえん麦特別(B3),9,5.0,5,128.0,7.0,9,桑村真明,54.0,ダ,1800.0,良,121.1,3.3,8-9-9-9,40.4,474.0,8.0,アジャイルブラック,
2020102708,ホウオウプラージュ,2025/04/30,門別,晴,10.0,北海道で生まれ育って(B2),10,5.0,5,135.6,10.0,7,桑村真明,54.0,ダ,1700.0,重,112.3,1.9,10-10-9-9,40.2,466.0,-4.0,アジャイルブラック,
2020102708,ホウオウプラージュ,2025/04/17,門別,晴,8.0,リーディングジョッキ(B4),10,5.0,5,42.8,8.0,10,阿岸潤一,54.0,ダ,1700.0,重,115.0,3.4,10-10-10-10,37.8,470.0,1.0,クラウォー,
2020102708,ホウオウプラージュ,2025/02/15,佐賀,雨,11.0,アメジスト特選(C1),10,8.0,10,8.5,3.0,4,山口勲,54.0,ダ,1750.0,稍,119.4,1.6,8-8-9-8,38.7,469.0,-5.0,カシノカンピオーネ,6.6
2020102708,ホウオウプラージュ,2025/02/01,佐賀,雨,11.0,フェブラリー特選(C1),11,7.0,8,5.9,2.0,3,山口勲,54.0,ダ,1750.0,不,120.9,1.1,5-8-6-6,39.6,474.0,8.0,ブルーストレイル,9.9
2020102708,ホウオウプラージュ,2025/01/23,佐賀,晴,10.0,冬牡丹賞(C1),12,7.0,10,5.1,2.0,4,小林凌,54.0,ダ,1300.0,良,84.7,0.6,12-12-10-9,37.5,466.0,-5.0,コステロアスール,5.0
2020102708,ホウオウプラージュ,2025/01/11,佐賀,曇,9.0,KYUSHUDREA(C1),12,5.0,6,21.9,4.0,2,小林凌,54.0,ダ,1400.0,稍,90.7,0.4,11-12-11-3,38.4,471.0,-9.0,ツウカイアペックス,13.4
2020102708,ホウオウプラージュ,2024/12/21,佐賀,曇,11.0,冬至特選(C2),10,4.0,4,2.0,1.0,1,山口勲,54.0,ダ,1800.0,稍,122.1,0.0,8-9-4-3,39.6,480.0,6.0,(ノーブルビーチ),45.0
2020102708,ホウオウプラージュ,2024/12/08,佐賀,晴,10.0,北颪特選(C2),12,5.0,5,2.6,2.0,3,山口勲,54.0,ダ,1750.0,良,118.1,1.7,10-10-9-8,39.4,474.0,10.0,サンスイレン,8.1
2020102708,ホウオウプラージュ,2024/10/31,門別,晴,12.0,選ばれたお米。らんこ(B3),8,6.0,6,8.6,3.0,5,阿部龍,56.0,ダ,1700.0,良,112.9,1.2,8-7-5-6,38.5,464.0,-2.0,スティールドリーム,4.5
2020102708,ホウオウプラージュ,2024/10/16,門別,晴,12.0,ポットマム特別(B3),11,2.0,2,12.9,3.0,5,阿部龍,56.0,ダ,1800.0,重,118.9,2.0,9-9-9-9,38.7,466.0,-6.0,アジャイルブラック,4.5
2020102708,ホウオウプラージュ,2024/10/02,門別,曇,9.0,日高町家畜自衛防疫組(B3),10,8.0,10,6.6,4.0,6,桑村真明,56.0,ダ,1700.0,良,112.3,1.3,7-7-6-6,38.8,472.0,4.0,バラライカ,
2020102708,ホウオウプラージュ,2024/09/17,門別,晴,12.0,江差追分全国大会特別(B3),12,1.0,1,10.9,5.0,1,桑村真明,54.0,ダ,1800.0,稍,117.4,0.0,10-10-10-9,38.7,468.0,-2.0,(スティールドリーム),65.0
2020102708,ホウオウプラージュ,2024/09/05,門別,曇,6.0,トレニア特別(B4),8,2.0,2,13.1,6.0,2,阿部龍,55.0,ダ,1800.0,良,119.8,0.0,8-8-8-8,39.1,470.0,-2.0,フェッテ,18.2
2020102708,ホウオウプラージュ,2024/08/22,門別,雨,10.0,オケクラフト特別(B4),12,1.0,1,25.9,9.0,9,阿部龍,55.0,ダ,1700.0,稍,113.8,2.4,12-11-11-12,40.3,472.0,0.0,ハナアヤメ,
2020102708,ホウオウプラージュ,2024/08/07,門別,雨,11.0,YJSトライアルラウ(C1),12,7.0,9,5.0,3.0,2,及川烈,55.0,ダ,1700.0,稍,112.7,0.1,10-11-12-12,39.9,472.0,-2.0,コパノキャスター,15.4
2020102708,ホウオウプラージュ,2024/07/24,門別,曇,10.0,プルメリア特別(C1),12,7.0,10,32.2,7.0,1,阿部龍,55.0,ダ,1800.0,良,119.4,-0.2,12-12-11-10,39.0,474.0,6.0,(バラライカ),55.0
2020102708,ホウオウプラージュ,2024/07/10,門別,曇,9.0,うらかわ馬フェスタ特(C1),10,2.0,2,37.2,8.0,5,亀井洋司,55.0,ダ,1700.0,稍,112.5,1.1,6-8-8-10,40.0,468.0,2.0,アベニンドール,3.8
2020102708,ホウオウプラージュ,2024/06/27,門別,曇,10.0,クチナシ特別(C1),7,4.0,4,26.9,4.0,4,阿部龍,55.0,ダ,1700.0,良,113.2,1.7,7-6-6-5,40.4,466.0,-3.0,ダグフォース,7.7
2020102708,ホウオウプラージュ,2024/05/23,園田,曇,11.0,JRA交流由良川特別,10,8.0,10,113.9,9.0,10,長浜鴻緒,51.0,ダ,1870.0,良,129.2,4.7,10-10-10-10,41.3,469.0,15.0,アナザーエース,
2020102708,ホウオウプラージュ,2024/03/30,3中山3,晴,7.0,4歳以上1勝クラス,16,1.0,1,585.3,16.0,16,長浜鴻緒,53.0,ダ,1800.0,重,117.2,5.4,14-15-16-16,39.8,454.0,-13.0,ブレイゼスト,
2020102708,ホウオウプラージュ,2024/02/25,佐賀,晴,1.0,C2ー12組,9,8.0,9,8.0,5.0,3,出水拓人,54.0,ダ,1400.0,不,91.9,0.8,9-9-9-8,38.9,467.0,1.0,ステラメテオール,6.3
2020102708,ホウオウプラージュ,2024/02/12,佐賀,晴,2.0,FUJIBARオープ(C2),12,5.0,5,20.1,7.0,11,倉富隆一,54.0,ダ,1300.0,稍,87.6,2.1,8-10-10-12,41.0,466.0,0.0,コウユーマサニキミ,
2020102708,ホウオウプラージュ,2024/01/25,佐賀,晴,2.0,C2ー19組,12,4.0,4,16.4,7.0,1,倉富隆一,54.0,ダ,1400.0,不,92.0,-0.4,10-10-7-6,38.9,466.0,-2.0,(ブラカー),35.0
2020102708,ホウオウプラージュ,2024/01/06,佐賀,晴,7.0,C2ー18組,12,6.0,8,12.5,5.0,6,倉富隆一,54.0,ダ,1300.0,稍,87.6,0.8,9-12-11-10,39.0,468.0,-7.0,ベラストレーガ,
2020102708,ホウオウプラージュ,2023/12/18,佐賀,曇,1.0,C2ー16組,11,1.0,1,9.5,5.0,6,倉富隆一,54.0,ダ,1400.0,稍,91.9,1.2,11-11-9-9,38.2,475.0,1.0,ニシノカナン,
2020102708,ホウオウプラージュ,2023/11/09,門別,晴,8.0,3歳以上C3ー2C4,12,6.0,7,46.2,10.0,1,阿部龍,54.0,ダ,1800.0,稍,120.0,0.0,11-11-11-8,39.4,474.0,-8.0,(ニジイロノコマ),40.0
2020102708,ホウオウプラージュ,2023/10/25,門別,晴,5.0,3歳以上C3ー2C4,9,1.0,1,50.5,5.0,9,桑村真明,54.0,ダ,1600.0,稍,107.1,2.1,8-7-8-8,40.1,482.0,-2.0,フェッテ,
2020102708,ホウオウプラージュ,2023/10/11,門別,晴,8.0,3歳以上C3ー2C4,8,4.0,4,24.5,5.0,5,阿部龍,54.0,ダ,1800.0,稍,120.4,1.6,8-8-8-7,39.5,484.0,2.0,シュライフェ,2.8
2020102708,ホウオウプラージュ,2023/09/27,門別,曇,8.0,ポッカレモン100賞(C3),8,2.0,2,64.3,8.0,5,阿部龍,54.0,ダ,1700.0,良,112.7,1.1,8-8-8-8,39.8,482.0,2.0,グレートフリオーソ,2.8
2020102708,ホウオウプラージュ,2023/09/14,門別,雨,9.0,SPAT4ならお得に(C3),9,3.0,3,32.4,7.0,9,阿部龍,54.0,ダ,1600.0,不,107.5,3.2,9-9-9-9,41.7,480.0,-2.0,ハッピータイム,
2020102708,ホウオウプラージュ,2023/08/30,門別,曇,9.0,3歳以上C3ー2C4,9,8.0,9,9.7,3.0,4,阿部龍,54.0,ダ,1700.0,稍,112.9,1.9,9-8-9-8,40.9,482.0,-2.0,シーガーディアン,5.6
2020102708,ホウオウプラージュ,2023/08/16,門別,曇,9.0,ミルクランド北海道賞(C3),11,4.0,4,4.2,2.0,2,阿部龍,54.0,ダ,1700.0,稍,114.1,0.2,10-10-9-8,41.1,484.0,-2.0,バブリーダッシュ,11.2
2020102708,ホウオウプラージュ,2023/08/03,門別,曇,7.0,日高町「ししゃも豊漁(C4),9,6.0,6,16.8,4.0,1,阿部龍,54.0,ダ,1700.0,良,113.1,-0.1,9-9-6-3,40.5,486.0,-4.0,(キックノアドゥジェ),40.0
2020102708,ホウオウプラージュ,2023/07/19,門別,曇,7.0,フタップの滝賞(C4),10,7.0,8,60.1,6.0,5,井上俊彦,54.0,ダ,1200.0,稍,77.0,2.5,7-7,38.5,490.0,-4.0,トリデンテ,2.8
2020102708,ホウオウプラージュ,2023/07/05,門別,曇,8.0,3歳以上C4ー2,12,3.0,3,59.6,8.0,7,井上俊彦,54.0,ダ,1200.0,良,77.5,2.2,7-8,39.1,494.0,2.0,クラキンカ,
2020102708,ホウオウプラージュ,2023/04/23,1福島6,晴,5.0,3歳未勝利,16,6.0,11,66.9,13.0,16,佐々木大,51.0,芝,1800.0,良,117.6,8.1,16-16-16-16,39.1,492.0,0.0,アマイ,
2022103607,スーパーチャージ,2026/07/14,門別,曇,9.0,リョウブ特別(C4),8,3.0,3,3.6,2.0,3,渡辺準己,54.0,ダ,1700.0,重,110.7,0.6,3-2-2-2,39.7,514.0,-4.0,ベルバロン,11.6
2022103607,スーパーチャージ,2026/06/30,門別,晴,9.0,アヤメ特別(C4),9,8.0,9,3.5,3.0,2,渡辺準己,54.0,ダ,1700.0,良,112.6,0.2,4-4-5-5,40.3,518.0,-8.0,バッハ,15.4
2022103607,スーパーチャージ,2026/06/17,門別,曇,9.0,日高サラブレッドサブ(C4),12,8.0,12,7.1,3.0,4,渡辺準己,54.0,ダ,1600.0,良,106.5,1.3,5-4-4-3,41.1,526.0,20.0,ウィルミスチヴァス,7.7
2022103607,スーパーチャージ,2025/09/13,4中山3,晴,7.0,3歳未勝利,16,3.0,6,194.9,15.0,15,水沼元輝,54.0,ダ,1800.0,不,116.3,2.5,15-15-15-15,40.3,506.0,-4.0,アルデラックス,
2022103607,スーパーチャージ,2025/05/10,2東京5,小雨,2.0,3歳未勝利,14,3.0,3,76.0,11.0,12,ディー,57.0,ダ,2100.0,重,135.9,4.6,13-14-14-12,38.0,510.0,-4.0,マーゴットゲイン,
2022103607,スーパーチャージ,2025/04/06,3中山4,曇,1.0,3歳未勝利,13,6.0,8,185.5,10.0,6,武藤雅,57.0,ダ,1800.0,稍,117.1,1.6,10-10-10-9,41.0,514.0,-10.0,キタノラブミー,
2022103607,スーパーチャージ,2025/03/08,2中山3,曇,2.0,3歳未勝利,16,1.0,2,244.1,15.0,11,武藤雅,57.0,ダ,1800.0,重,118.0,2.5,16-15-14-14,39.7,524.0,-4.0,ハルノアラシ,
2022103607,スーパーチャージ,2025/02/02,1東京2,小雨,4.0,3歳新馬,16,7.0,13,30.7,8.0,12,武藤雅,57.0,ダ,1600.0,稍,103.9,2.8,15-15,39.3,528.0,0.0,ウィテカービート,
2022102226,ラブレガル,2026/07/14,門別,雨,8.0,ラベンダー特別(C4),8,2.0,2,5.1,2.0,4,渡辺準己,54.0,ダ,1800.0,重,120.4,0.8,6-6-5-4,41.2,398.0,0.0,ゴールドアイリーン,7.7
2022102226,ラブレガル,2026/06/30,門別,晴,11.0,北海道野菜王国にった(C4),9,1.0,1,29.9,6.0,3,渡辺準己,54.0,ダ,1700.0,良,113.5,1.0,9-9-6-5,41.3,398.0,-4.0,アヴェルス,11.6
2022102226,ラブレガル,2026/06/17,門別,曇,10.0,グランシャリオドリー(C4),14,8.0,14,24.5,7.0,3,渡辺準己,54.0,ダ,1800.0,良,119.9,1.6,8-8-5-4,41.3,402.0,-4.0,ビービーエリス,11.6
2022102226,ラブレガル,2026/06/03,門別,曇,10.0,グランシャリオドリー(C4),12,2.0,2,18.7,6.0,5,渡辺準己,54.0,ダ,1700.0,良,113.3,1.2,9-9-7-6,39.3,406.0,6.0,ブレイキンアウェイ,3.8
2022102226,ラブレガル,2026/05/20,門別,曇,7.0,3歳以上C4ー2,11,3.0,3,42.7,6.0,3,渡辺準己,54.0,ダ,1800.0,良,119.8,1.2,8-7-7-6,38.9,400.0,-4.0,カネトシエテルノ,8.4
2022102226,ラブレガル,2026/05/05,門別,曇,3.0,3歳以上C4ー2,9,8.0,9,11.1,4.0,9,井上瑛太,57.0,ダ,1800.0,稍,124.5,4.0,7-7-6-8,41.9,404.0,2.0,レーザーベルン,
2022102226,ラブレガル,2026/04/22,門別,晴,7.0,3歳以上C4ー2,12,4.0,4,121.7,9.0,4,黒澤愛斗,57.0,ダ,1700.0,稍,112.1,0.4,11-11-10-4,41.6,402.0,4.0,サラサハウナイス,5.6
2022102226,ラブレガル,2026/03/02,名古屋,曇,10.0,春隣特別(C),11,3.0,3,15.6,4.0,7,大畑雅章,57.0,ダ,1700.0,良,113.4,0.9,9-6-6,38.7,398.0,-4.0,アーニャアザザマス,
2022102226,ラブレガル,2026/02/13,名古屋,晴,3.0,友チョコは友情の証で(C),11,7.0,8,10.3,4.0,2,大畑雅章,57.0,ダ,1500.0,稍,98.6,0.3,9-7-5,38.3,402.0,4.0,ヌンルチル,19.3
2022102226,ラブレガル,2026/01/30,名古屋,曇,3.0,美人梅賞(C),11,3.0,3,40.3,4.0,5,大畑雅章,57.0,ダ,1400.0,良,91.2,0.6,10-9-7,38.6,398.0,-3.0,クロメヒョウ,5.5
2022102226,ラブレガル,2026/01/03,名古屋,曇,3.0,海音麻姫菜勉強ガンバ(C),12,8.0,12,4.8,3.0,4,大畑雅章,57.0,ダ,1500.0,稍,97.7,2.0,8-8-6,39.8,401.0,-1.0,フローラビーナス,8.3
2022102226,ラブレガル,2025/12/24,名古屋,小雨,3.0,凛・藍誕生日記念(C),11,6.0,7,4.4,3.0,2,大畑雅章,57.0,ダ,1500.0,不,96.3,0.2,9-9-3,38.4,402.0,-3.0,アルダブラアトール,19.3
2022102226,ラブレガル,2025/12/10,名古屋,晴,3.0,甲斐さん優勝おめでと(C),12,5.0,6,10.7,3.0,4,大畑雅章,57.0,ダ,1500.0,良,97.9,2.3,6-5-4,39.3,405.0,-3.0,セットクルール,8.3
2022102226,ラブレガル,2025/11/06,門別,曇,8.0,3歳以上C3ー2C4,8,5.0,5,27.9,4.0,5,山本聡哉,57.0,ダ,1800.0,稍,120.4,1.0,6-6-5-6,40.5,408.0,-4.0,トレビアンクリール,2.8
2022102226,ラブレガル,2025/10/23,門別,晴,11.0,静内産米「万馬券」特(C3),9,3.0,3,16.8,6.0,6,岩橋勇二,57.0,ダ,2000.0,稍,133.9,0.9,3-3-3-4,42.2,412.0,4.0,ジャスマン,
2022102226,ラブレガル,2025/10/07,門別,曇,9.0,ダイモンジソウ特別(C4),7,1.0,1,9.8,2.0,1,服部茂史,57.0,ダ,2000.0,良,134.8,-0.1,5-5-4-3,40.2,408.0,14.0,(ホウオウサンサール),55.0
2022102226,ラブレガル,2025/09/24,門別,曇,5.0,3歳以上C4ー2,10,6.0,7,64.6,7.0,3,服部茂史,57.0,ダ,1800.0,良,121.7,2.7,7-8-8-4,43.0,394.0,-2.0,ソリッドベーシス,8.4
2022102226,ラブレガル,2025/09/10,門別,曇,4.0,3歳以上C4ー2,12,2.0,2,80.5,9.0,6,岩橋勇二,57.0,ダ,1700.0,良,114.2,1.3,8-8-5-6,42.6,396.0,2.0,エミネントキャリア,
2022102226,ラブレガル,2025/08/20,門別,曇,1.0,3歳以上C4ー4,8,5.0,5,3.3,2.0,1,小野楓馬,57.0,ダ,1600.0,重,108.5,-0.1,1-1-1-1,41.1,394.0,2.0,(アクティブテーラー),40.0
2022102226,ラブレガル,2025/08/06,門別,曇,4.0,3歳以上C4ー4,7,1.0,1,2.4,1.0,7,石川倭,57.0,ダ,1700.0,良,116.7,1.8,3-4-4-5,43.3,392.0,12.0,ハローニューミー,
2022102226,ラブレガル,2025/07/09,門別,晴,8.0,3歳以上C4ー3,9,6.0,6,3.1,2.0,6,宮内勇樹,57.0,ダ,1700.0,良,114.8,1.6,2-2-2-3,42.0,380.0,0.0,エムオーマスク,
2022102226,ラブレガル,2025/06/25,門別,晴,5.0,ひだかトロッコ祭り賞(C4),9,5.0,5,3.4,2.0,3,宮内勇樹,57.0,ダ,1600.0,良,107.8,1.1,2-2-2-2,41.7,380.0,0.0,テーオーエメラルド,8.4
2022102226,ラブレガル,2025/06/11,門別,曇,1.0,3歳以上C4ー3,12,8.0,11,6.3,3.0,4,宮内勇樹,57.0,ダ,1700.0,稍,114.7,0.1,5-5-5-4,42.5,380.0,-8.0,ミライヘホウショウ,5.6
2022102226,ラブレガル,2025/05/15,門別,曇,1.0,3歳以上C4ー3,12,5.0,6,7.6,4.0,3,宮内勇樹,57.0,ダ,1700.0,良,115.0,0.6,6-5-4-3,40.9,388.0,-2.0,タカオスマイル,8.4
2022102226,ラブレガル,2025/05/01,門別,晴,3.0,3歳以上C4ー3,11,3.0,3,118.2,7.0,3,宮内勇樹,57.0,ダ,1600.0,稍,107.1,0.8,6-6-6-4,40.1,390.0,-6.0,ハネガハエテマス,8.4
2022102226,ラブレガル,2025/04/23,門別,曇,7.0,3歳条件4ー2,10,8.0,10,177.9,9.0,8,吉本隆記,57.0,ダ,1200.0,重,76.5,3.1,7-7,39.5,396.0,-10.0,レイブンナイト,
2022102226,ラブレガル,2024/11/06,門別,雨,8.0,JRA認定競走ウィナ(2歳),10,3.0,3,92.8,9.0,10,金山昇馬,56.0,ダ,1700.0,良,114.6,2.9,4-4-5-6,43.2,406.0,-2.0,ミソタロ,
2022102226,ラブレガル,2024/10/16,門別,晴,3.0,2歳未勝利(未勝利),7,3.0,3,18.1,3.0,1,金山昇馬,56.0,ダ,1600.0,重,107.6,-0.6,4-3-3-1,40.8,408.0,4.0,(エメラルアタック),50.0
2022102226,ラブレガル,2024/10/01,門別,晴,3.0,2歳未勝利(未勝利),10,4.0,4,159.1,10.0,10,金山昇馬,56.0,ダ,1100.0,良,70.7,1.2,10-9,39.3,404.0,0.0,ギアセカンド,
2022102226,ラブレガル,2024/09/10,門別,曇,3.0,2歳未勝利(未勝利),12,2.0,2,481.1,11.0,10,阪野学,55.0,ダ,1100.0,良,70.8,2.3,12-12,38.5,404.0,-2.0,メフィスト,
2022102226,ラブレガル,2024/08/27,門別,雨,4.0,2歳未勝利(未勝利),12,2.0,2,191.9,11.0,5,阪野学,55.0,ダ,1100.0,不,70.1,1.3,10-10,37.7,406.0,0.0,ルクスディライト,3.5
2022102226,ラブレガル,2024/08/13,門別,曇,2.0,コンサドールズ賞(未勝利)(2歳),11,5.0,6,263.4,9.0,10,阿岸潤一,53.0,ダ,1000.0,稍,65.1,2.1,10-10,38.8,406.0,0.0,チャモ,
2022102226,ラブレガル,2024/08/01,門別,雨,4.0,JRA認定競走フレッ(新馬)(2歳),8,3.0,3,102.6,8.0,6,阿岸潤一,53.0,ダ,1100.0,稍,71.6,3.5,7-6,40.4,406.0,0.0,フークトウフェン,
2023102734,シラカワゴウ,2026/07/14,門別,雨,8.0,ラベンダー特別(C4),8,6.0,6,218.9,8.0,7,井上俊彦,55.0,ダ,1800.0,重,124.6,5.0,6-7-6-7,45.0,490.0,-6.0,ゴールドアイリーン,
2023102734,シラカワゴウ,2026/07/01,門別,晴,2.0,ゴールデンルーキー市(C4),8,8.0,8,171.3,7.0,8,井上俊彦,55.0,ダ,1200.0,良,79.1,4.1,8-8,41.1,496.0,18.0,コウユーダイダイ,
2023102734,シラカワゴウ,2026/06/03,船橋,曇,7.0,ナイスビット特別(3歳未格),10,3.0,3,193.5,9.0,7,原田和真,54.0,ダ,1600.0,不,109.7,4.9,5-5-7-7,45.2,478.0,-4.0,ナリスナ,
2023102734,シラカワゴウ,2026/04/25,2東京1,曇,4.0,3歳未勝利,15,6.0,11,281.7,12.0,12,原田和真,55.0,芝,1800.0,良,109.3,1.7,8-7-10,35.2,482.0,-6.0,シニャンガ,
2023102734,シラカワゴウ,2026/03/01,2中山2,晴,1.0,3歳未勝利,16,2.0,3,175.4,12.0,12,原田和真,55.0,ダ,1800.0,稍,118.5,3.3,15-15-14-13,41.9,488.0,4.0,ピュアエンブレム,
2023102734,シラカワゴウ,2025/10/19,4東京7,雨,5.0,2歳新馬,18,3.0,5,84.5,13.0,16,丸田恭介,55.0,芝,1800.0,良,111.9,1.7,3-5-5,35.3,484.0,0.0,ブラウンバナナ,
2023106670,バリジグリー,2026/07/14,門別,曇,12.0,星の降る里・芦別健夏(B1),10,7.0,7,141.4,9.0,10,小川悠汰,53.0,ダ,1200.0,重,78.6,4.4,4-6,43.0,446.0,-4.0,トレヴェナ,
2023106670,バリジグリー,2026/06/23,門別,曇,12.0,コントレイル・プレミ(B1),11,5.0,5,43.6,9.0,8,落合玄太,57.0,ダ,1800.0,稍,121.1,2.6,9-10-11-10,42.7,450.0,-4.0,フォレストゲート,
2023106670,バリジグリー,2026/06/11,門別,晴,12.0,北海優駿〔H1〕(重賞),11,7.0,10,104.4,9.0,11,小牧太,57.0,ダ,2000.0,良,142.6,14.0,4-4-4-11,51.9,454.0,10.0,ゴッドバロック,
2023106670,バリジグリー,2026/05/20,門別,曇,8.0,ベロニカ特別(A1),7,4.0,4,85.9,7.0,7,近藤翔月,53.0,ダ,1800.0,良,119.5,4.2,6-6-7-7,42.2,444.0,26.0,ケイアイパープル,
2023106670,バリジグリー,2026/04/16,園田,晴,11.0,西日本クラシック(重賞),8,6.0,6,30.4,6.0,6,岡村卓弥,57.0,ダ,1870.0,稍,128.6,3.2,7-7-7-7,41.2,418.0,-5.0,ミルトイブニング,
2023106670,バリジグリー,2026/03/22,高知,雨,4.0,ネクストスター西日本(重賞),12,3.0,3,86.2,7.0,9,城野慈尚,57.0,ダ,1400.0,重,93.7,1.6,12-12-12-11,40.3,423.0,-3.0,カツテナイオイシサ,
2023106670,バリジグリー,2026/02/25,高知,曇,2.0,竜頭盃(3歳),10,4.0,4,6.3,3.0,2,宮川実,57.0,ダ,1900.0,不,126.2,0.1,6-6-5-1,39.8,426.0,-10.0,ダノンアンドレ,80.0
2023106670,バリジグリー,2026/02/08,高知,雪,5.0,土佐有楽特別(3歳),12,8.0,11,27.4,5.0,4,宮川実,57.0,ダ,1400.0,良,93.4,1.5,5-6-6-5,39.1,436.0,3.0,クスダマ,60.0
2023106670,バリジグリー,2026/01/25,高知,晴,6.0,土佐水木特別(3歳),11,6.0,7,6.8,4.0,5,宮川実,57.0,ダ,1600.0,良,109.2,1.4,8-7-8-6,39.3,433.0,1.0,クスダマ,40.0
2023106670,バリジグリー,2025/12/28,高知,晴,9.0,満天星特別(2歳),11,2.0,2,2.6,1.0,1,赤岡修次,56.0,ダ,1800.0,良,125.5,-0.4,8-8-5-4,40.0,432.0,-5.0,(カントリービクター),400.0
2023106670,バリジグリー,2025/11/29,高知,晴,1.0,おいでよ東出雲特別(2歳),8,4.0,4,14.5,5.0,3,大澤誠志,56.0,ダ,1300.0,良,87.9,0.7,6-6-3-2,40.7,437.0,4.0,スレイラー,22.5
2023106670,バリジグリー,2025/11/15,高知,晴,5.0,JRA認定土佐寒蘭特(2歳),11,2.0,2,19.7,5.0,4,城野慈尚,55.0,ダ,1600.0,重,108.8,0.4,9-8-8-7,40.0,433.0,5.0,ピースドライブ,60.0
2023106670,バリジグリー,2025/10/26,高知,晴,6.0,ネクストスター高知(重賞),12,8.0,11,250.1,10.0,3,城野慈尚,56.0,ダ,1400.0,不,91.7,1.7,11-11-11-9,39.1,428.0,8.0,エンドレステイル,250.0
2023106670,バリジグリー,2025/10/04,高知,曇,4.0,JRA認定潮菊特別(2歳),11,5.0,5,119.4,9.0,5,宮川実,56.0,ダ,1400.0,重,95.3,2.0,10-10-11-10,40.6,420.0,-1.0,クスダマ,40.0
2023106670,バリジグリー,2025/09/23,高知,曇,6.0,カシオペア特別(2歳),7,4.0,4,4.1,3.0,3,宮川実,56.0,ダ,1300.0,良,88.1,0.2,6-7-3-4,41.4,421.0,6.0,クロシオバンザイ,30.0
2023106670,バリジグリー,2025/09/13,高知,曇,4.0,JRA認定堆金菊特別(2歳),12,4.0,4,79.0,8.0,6,宮川実,56.0,ダ,1300.0,重,87.7,1.6,12-12-10-7,41.3,415.0,-4.0,サンフラワームーン,
2023106670,バリジグリー,2025/08/03,高知,晴,3.0,ライラ特別(2歳),6,1.0,1,23.1,4.0,4,大澤誠志,56.0,ダ,1300.0,良,88.0,2.7,6-6-6-5,41.1,419.0,-1.0,ジョウショーボビー,18.0
2023106670,バリジグリー,2025/07/13,高知,曇,3.0,アクイラ特別(2歳),4,4.0,4,1.1,1.0,3,岡遼太郎,56.0,ダ,1300.0,不,89.7,2.7,4-2-2-3,44.8,420.0,5.0,クロシオバンザイ,30.0
2023106670,バリジグリー,2025/07/06,高知,晴,1.0,キグナス特別(2歳),4,1.0,1,,,取,岡村卓弥,56.0,ダ,1300.0,良,,,,,,,トサノシュジンコウ,
2023106670,バリジグリー,2025/06/15,高知,晴,1.0,2歳新馬弐(新馬),4,3.0,3,4.5,2.0,1,岡村卓弥,56.0,ダ,1300.0,不,85.8,-2.6,1-1-1-1,41.2,415.0,0.0,(ウィギル),240.0
2021104639,ラストボーン,2026/07/14,門別,曇,12.0,星の降る里・芦別健夏(B1),10,5.0,5,25.0,8.0,4,近藤翔月,55.0,ダ,1200.0,重,75.0,0.8,4-6,39.3,482.0,0.0,トレヴェナ,9.8
2021104639,ラストボーン,2026/06/25,門別,曇,11.0,とままえメロン特別(B3),11,7.0,9,16.5,5.0,5,近藤翔月,56.0,ダ,1200.0,良,75.3,0.8,1-1,39.6,482.0,2.0,レディパイロ,4.5
2021104639,ラストボーン,2026/06/11,門別,晴,11.0,胆振軽種馬農業協同組(B3),12,7.0,9,51.5,6.0,8,近藤翔月,56.0,ダ,1200.0,良,74.9,1.8,4-4,39.0,480.0,0.0,カミハマッテイル,
2021104639,ラストボーン,2026/05/27,門別,曇,12.0,スワーヴリチャード・(B3),12,1.0,1,45.8,7.0,5,近藤翔月,56.0,ダ,1200.0,良,75.1,0.8,5-5,38.1,480.0,2.0,サヨナキドリ,7.0
2021104639,ラストボーン,2026/05/14,門別,曇,11.0,ノーザンホースパーク(B3),12,3.0,3,8.1,4.0,10,近藤翔月,56.0,ダ,1200.0,良,76.6,2.3,1-4,41.3,478.0,-6.0,トレヴェナ,
2021104639,ラストボーン,2026/04/30,門別,晴,10.0,乾杯をもっとおいしく(B3),14,7.0,12,21.8,6.0,7,阿岸潤一,56.0,ダ,1200.0,良,75.1,0.7,3-3,38.9,484.0,-4.0,デュアルキャリアー,
2021104639,ラストボーン,2026/04/16,門別,晴,12.0,道の駅石狩・あいろー(B3),12,8.0,11,8.9,4.0,4,服部茂史,57.0,ダ,1200.0,良,74.3,0.6,1-1,39.2,488.0,8.0,ヤマニンパッセ,9.1
2021104639,ラストボーン,2025/11/06,門別,曇,9.0,サイネリア特別(A4),10,7.0,10,9.8,5.0,2,宮内勇樹,56.0,ダ,1200.0,稍,74.0,0.5,6-5,37.8,480.0,2.0,ジャイロ,22.4
2021104639,ラストボーン,2025/10/23,門別,晴,10.0,グランシャリオドリー(A4),12,1.0,1,36.7,8.0,5,岩橋勇二,56.0,ダ,1200.0,稍,75.0,0.8,4-4,38.8,478.0,-4.0,ペプチドシュチク,5.6
2021104639,ラストボーン,2025/10/08,門別,晴,11.0,静内軽種馬生産振興会(A4),10,4.0,4,13.1,5.0,4,宮内勇樹,56.0,ダ,1200.0,良,75.0,0.3,1-1,38.2,482.0,6.0,パレスゴールド,11.2
2021104639,ラストボーン,2025/09/24,門別,曇,8.0,カサブランカ特別(A4),9,8.0,9,5.5,3.0,2,藤田凌駕,53.0,ダ,1200.0,良,74.6,0.0,3-1,39.4,476.0,6.0,ディオスメッセージ,22.4
2021104639,ラストボーン,2025/09/03,門別,晴,12.0,連合北海道日高地域協(B3),10,6.0,6,12.2,3.0,4,落合玄太,58.0,ダ,1200.0,稍,75.0,0.7,2-3,39.4,470.0,-2.0,マノレア,9.1
2021104639,ラストボーン,2025/08/21,門別,晴,11.0,JA共済3QC(B3),8,4.0,4,8.9,4.0,3,落合玄太,58.0,ダ,1200.0,稍,75.2,1.3,2-3,39.2,472.0,-4.0,ホワイトマジック,13.7
2021104639,ラストボーン,2025/08/07,門別,曇,11.0,ポッカレモン100特(B3),10,1.0,1,12.8,4.0,4,宮内勇樹,58.0,ダ,1200.0,稍,74.7,0.4,3-3,38.0,476.0,0.0,トネムスメ,9.1
2021104639,ラストボーン,2025/07/22,門別,晴,11.0,キリンソウ特別(B3),8,8.0,8,8.7,3.0,6,宮内勇樹,58.0,ダ,1200.0,良,76.3,1.9,1-2,41.3,476.0,0.0,ディオスメッセージ,
2021104639,ラストボーン,2025/07/08,門別,晴,11.0,フウリンソウ特別(B3),8,4.0,4,1.5,1.0,3,宮内勇樹,58.0,ダ,1200.0,良,74.8,0.2,2-2,38.1,476.0,0.0,クインズアルテミス,13.7
2021104639,ラストボーン,2025/06/24,門別,晴,11.0,国立公園のまち日高町(B3),11,2.0,2,3.5,3.0,2,宮内勇樹,58.0,ダ,1200.0,良,74.4,0.7,1-1,39.3,476.0,2.0,パレスゴールド,18.2
2021104639,ラストボーン,2025/06/10,門別,晴,9.0,日高地区測量設計協会(B3),10,3.0,3,8.3,4.0,1,宮内勇樹,56.0,ダ,1200.0,良,74.0,-0.4,1-1,38.2,474.0,-2.0,(トレヴェナ),65.0
2021104639,ラストボーン,2025/05/27,門別,晴,10.0,グランシャリオドリー(C1),11,7.0,9,2.7,2.0,3,落合玄太,57.0,ダ,1200.0,良,74.2,0.5,6-6,37.5,476.0,-2.0,トネムスメ,11.6
2021104639,ラストボーン,2025/05/14,門別,曇,10.0,グランシャリオドリー(B4),13,2.0,2,2.2,1.0,4,阿岸潤一,56.0,ダ,1200.0,良,75.1,0.2,5-4,39.5,478.0,-6.0,ディオスメッセージ,9.1
2021104639,ラストボーン,2025/04/30,門別,晴,11.0,ミスチヴィアスアレッ(B4),14,7.0,11,14.4,5.0,2,阿岸潤一,56.0,ダ,1200.0,重,74.5,0.3,9-9,36.9,484.0,26.0,スワッガー,18.2
2021104639,ラストボーン,2025/03/22,1阪神7,晴,7.0,4歳以上1勝クラス,15,7.0,13,24.4,9.0,8,高倉稜,58.0,ダ,1200.0,良,74.4,1.5,8-7,38.2,458.0,-4.0,スナークシュンソウ,
2021104639,ラストボーン,2025/02/22,1小倉9,曇,8.0,4歳以上1勝クラス,16,5.0,9,50.0,11.0,7,河原田菜,53.0,ダ,1700.0,良,107.0,1.3,4-4-5-3,39.4,462.0,12.0,サンドブラスト,
2021104639,ラストボーン,2024/10/05,5京都1,晴,6.0,3歳以上1勝クラス,14,8.0,14,86.1,13.0,7,高倉稜,56.0,ダ,1400.0,稍,86.2,0.3,4-5,37.6,450.0,8.0,ジャーヴィス,
2021104639,ラストボーン,2024/07/21,3小倉8,晴,8.0,3歳以上1勝クラス,12,7.0,10,25.8,7.0,10,高倉稜,55.0,ダ,1000.0,稍,59.6,2.0,9-10,36.1,442.0,-2.0,アマルナ,
2021104639,ラストボーン,2024/06/30,3小倉2,曇,7.0,3歳以上1勝クラス,14,6.0,10,80.8,11.0,7,河原田菜,51.0,ダ,1000.0,重,57.7,0.8,4-5,35.2,444.0,-6.0,プリンセスカレン,
2021104639,ラストボーン,2024/02/25,1阪神2,小雨,5.0,3歳1勝クラス,10,8.0,9,94.6,10.0,7,河原田菜,53.0,ダ,1200.0,不,73.3,2.1,5-4,37.5,450.0,-4.0,ネグレスコ,
2021104639,ラストボーン,2024/01/14,1京都5,晴,4.0,3歳1勝クラス,11,6.0,6,16.6,7.0,11,松山弘平,57.0,ダ,1200.0,良,74.3,1.7,4-5,39.2,454.0,2.0,ロードフロンティア,
2021104639,ラストボーン,2023/12/16,4中京5,小雨,1.0,2歳未勝利,16,3.0,6,3.2,1.0,1,河原田菜,52.0,ダ,1200.0,重,72.3,-0.7,1-1,36.8,452.0,0.0,(ミッキードラマー),550.0
2021104639,ラストボーン,2023/11/18,3京都5,曇,1.0,2歳未勝利,16,6.0,12,57.5,10.0,5,田口貫太,54.0,ダ,1400.0,重,85.5,0.7,3-3,37.8,452.0,2.0,フラムリンガム,55.0
2021104639,ラストボーン,2023/10/22,2京都7,晴,2.0,2歳未勝利,16,4.0,8,36.0,6.0,4,田口貫太,54.0,ダ,1400.0,良,87.5,1.8,1-1,39.9,450.0,4.0,ヒルノドゴール,83.0
2021104639,ラストボーン,2023/10/15,2京都5,晴,1.0,2歳未勝利,9,3.0,3,65.8,6.0,3,田口貫太,53.0,ダ,1400.0,重,87.4,1.0,3-3,39.2,446.0,-4.0,ダノンスウィッチ,140.0
2021104639,ラストボーン,2023/06/11,3阪神4,曇,5.0,2歳新馬,8,4.0,4,22.8,6.0,8,荻野極,55.0,芝,1200.0,稍,76.0,5.6,8-8,35.6,450.0,0.0,ミルテンベルク,
2021102949,アライグマパンチ,2026/07/14,門別,曇,12.0,星の降る里・芦別健夏(B1),10,8.0,10,19.7,7.0,5,岩橋勇二,56.0,ダ,1200.0,重,75.1,0.9,9-9,38.9,458.0,2.0,トレヴェナ,4.9
2021102949,アライグマパンチ,2026/06/30,門別,晴,12.0,夕張メロン、味は特別(A4),6,4.0,4,4.4,3.0,4,桑村真明,56.0,ダ,1000.0,良,62.7,1.1,3-3,38.0,456.0,2.0,シシャモフレンド,11.2
2021102949,アライグマパンチ,2026/06/03,船橋,雨,6.0,イナヅマダッシュ(C1),13,6.0,9,8.0,4.0,1,本田正重,56.0,ダ,1000.0,不,62.1,-0.4,5-5,38.3,454.0,-4.0,(ラヴィンローゼス),180.0
2021102949,アライグマパンチ,2026/05/27,浦和,曇,7.0,上尾市観光協会「あっ(C1),12,3.0,3,2.0,1.0,4,吉原寛人,56.0,ダ,800.0,良,48.3,0.9,7-5,35.5,458.0,0.0,セファイドループ,19.5
2021102949,アライグマパンチ,2026/03/18,浦和,曇,6.0,あれ幸せ暮らしイイじ(C1C2),12,8.0,11,1.8,1.0,1,保園翔也,55.0,ダ,800.0,良,48.4,-0.5,4-3,36.1,458.0,0.0,(ニシノルミリオン),130.0
2021102949,アライグマパンチ,2026/03/11,船橋,晴,5.0,幕張スプリント(C2),11,2.0,2,35.0,8.0,7,七夕裕次,56.0,ダ,1200.0,良,77.0,1.6,2-1-1,40.1,458.0,-5.0,シャイニーデューク,
2021102949,アライグマパンチ,2026/02/27,浦和,曇,6.0,浦和800ラウンド(C2),12,7.0,9,4.8,3.0,2,保園翔也,56.0,ダ,800.0,重,47.6,0.1,2-1,35.3,463.0,1.0,クリノウィリアム,40.0
2021102949,アライグマパンチ,2026/01/09,浦和,晴,7.0,浦和800ラウンド(C2),12,8.0,12,25.3,7.0,3,七夕裕次,56.0,ダ,800.0,良,48.9,0.3,7-3,35.9,462.0,-10.0,リュミヌーフィーユ,25.0
2021102949,アライグマパンチ,2025/11/13,門別,晴,9.0,来年も門別でJBC2(B4),8,1.0,1,34.9,5.0,3,桑村真明,57.0,ダ,1000.0,稍,62.0,0.7,6-6,36.6,472.0,2.0,カーヌスティ,13.7
2021102949,アライグマパンチ,2025/10/16,門別,曇,9.0,サフラン特別(B4),12,2.0,2,13.2,6.0,12,井上俊彦,57.0,ダ,1000.0,稍,63.7,1.9,7-7,38.7,470.0,4.0,ラトワール,
2021102949,アライグマパンチ,2025/10/02,門別,晴,8.0,フジバカマ特別(B4),9,6.0,6,14.3,5.0,4,松井伸也,57.0,ダ,1000.0,稍,62.2,0.6,3-3,37.4,466.0,0.0,ミッドナイトゲイル,9.1
2021102949,アライグマパンチ,2025/09/04,門別,曇,11.0,日高報知新聞特別(B4),8,6.0,6,99.0,8.0,4,松井伸也,57.0,ダ,1000.0,稍,62.0,1.1,6-4,37.9,466.0,0.0,マナコア,9.1
2021102949,アライグマパンチ,2025/08/20,門別,曇,8.0,サルビア特別(C1),12,2.0,2,51.6,8.0,7,高松亮,57.0,ダ,1000.0,重,62.2,1.2,8-6,37.7,466.0,2.0,マナコア,
2021102949,アライグマパンチ,2025/07/23,門別,晴,9.0,匠の味!ほべつメロン(C2),9,7.0,7,3.0,2.0,1,桑村真明,57.0,ダ,1000.0,良,62.1,-0.2,4-1,37.9,464.0,-2.0,(パープルビューティ),55.0
2021102949,アライグマパンチ,2025/07/09,門別,晴,9.0,第53回アポイの火祭(C2),9,8.0,8,32.4,6.0,2,桑村真明,57.0,ダ,1000.0,良,61.4,0.2,1-1,37.1,466.0,-2.0,ビービーバシリス,15.4
2021102949,アライグマパンチ,2025/06/11,門別,雨,9.0,スグリ特別(C2),10,8.0,9,7.0,4.0,8,桑村真明,57.0,ダ,1000.0,稍,63.2,2.4,2-2,39.3,468.0,-2.0,スティールブライト,
2021102949,アライグマパンチ,2025/05/28,門別,曇,8.0,カルミア特別(C2),9,6.0,6,2.4,1.0,7,桑村真明,57.0,ダ,1000.0,良,63.0,0.7,4-5,38.6,470.0,2.0,ラトワール,
2021102949,アライグマパンチ,2025/05/08,門別,曇,8.0,カーネーション特別(C3),12,1.0,1,1.6,1.0,2,桑村真明,57.0,ダ,1000.0,良,62.1,0.0,3-2,37.7,468.0,-2.0,ジャスパーエイト,15.4
2021102949,アライグマパンチ,2025/04/23,門別,曇,9.0,アネモネ特別(C4),9,8.0,8,3.0,2.0,1,桑村真明,57.0,ダ,1000.0,重,61.3,-0.2,2-2,36.8,470.0,5.0,(ヤマニンアリーズ),55.0
2021102949,アライグマパンチ,2025/03/19,浦和,雨,6.0,浦和800ラウンド(C2),0,8.0,11,,,,内田利雄,56.0,ダ,800.0,不,,,,,,,,
2021102949,アライグマパンチ,2025/02/26,浦和,晴,4.0,浦和800ラウンド(C2C3),12,3.0,3,3.1,1.0,1,内田利雄,57.0,ダ,800.0,良,48.0,-0.6,1-1,35.8,465.0,5.0,(エムリエール),100.0
2021102949,アライグマパンチ,2025/01/10,浦和,晴,3.0,浦和800ラウンド(C2),12,7.0,9,10.5,3.0,3,内田利雄,56.0,ダ,800.0,稍,48.6,0.4,2-3,36.3,460.0,1.0,リュミヌーフィーユ,25.0
2021102949,アライグマパンチ,2024/12/26,浦和,晴,7.0,クライマックスリレー(C2),12,8.0,11,8.1,5.0,3,内田利雄,56.0,ダ,800.0,良,48.8,0.3,3-3,36.9,459.0,-1.0,シェナエース,25.0
2021102949,アライグマパンチ,2024/11/07,門別,曇,6.0,3歳以上C2ー2?C,11,8.0,11,,,取,金山昇馬,57.0,ダ,1000.0,稍,,,,,,,ノリサムソン,
2021102949,アライグマパンチ,2024/10/22,門別,曇,10.0,しべつ牛乳特別(C3),12,5.0,5,56.0,7.0,8,金山昇馬,57.0,ダ,1000.0,稍,63.3,1.4,1-1,39.6,460.0,5.0,ケイアイカペラ,
2021102949,アライグマパンチ,2024/04/18,浦和,曇,3.0,浦和800ラウンド(3歳),12,4.0,4,21.7,5.0,9,保園翔也,56.0,ダ,800.0,良,49.5,2.0,7-8,36.8,455.0,5.0,リノデスティーノ,
2021102949,アライグマパンチ,2024/03/25,浦和,雨,4.0,浦和800ラウンド(3歳),10,2.0,2,58.4,6.0,3,保園翔也,56.0,ダ,800.0,稍,48.7,1.3,7-3,36.5,450.0,-5.0,リノデスティーノ,45.0
2021102949,アライグマパンチ,2024/03/12,川崎,雨,3.0,ミストラル賞(3歳),12,6.0,7,31.0,4.0,9,澤田龍哉,55.0,ダ,900.0,稍,57.7,2.7,3-4,39.9,455.0,4.0,パレスレガシー,
2021102949,アライグマパンチ,2024/02/19,浦和,曇,4.0,浦和800ラウンド(3歳),11,6.0,7,5.7,5.0,2,保園翔也,55.0,ダ,800.0,良,48.4,0.0,1-2,36.6,451.0,2.0,オニバ,72.0
2021102949,アライグマパンチ,2023/11/24,浦和,晴,3.0,浦和800ラウンド(2歳),9,3.0,3,,,取,保園翔也,55.0,ダ,800.0,良,,,,,,,ハッカキャンディー,
2021102949,アライグマパンチ,2023/10/18,浦和,晴,5.0,2歳二,8,8.0,8,14.1,3.0,7,保園翔也,55.0,ダ,1400.0,良,94.5,2.7,3-3-3-4,43.7,449.0,7.0,インターセプト,
2021102949,アライグマパンチ,2023/09/14,笠松,曇,11.0,ジュニアクラウン(OP)(2歳),10,1.0,1,197.8,10.0,8,大原浩司,55.0,ダ,1400.0,良,92.1,2.4,1-1-3,41.8,442.0,5.0,ワラシベチョウジャ,
2021102949,アライグマパンチ,2023/08/18,笠松,曇,10.0,秋風ジュニア(OP)(2歳),9,8.0,8,27.1,5.0,7,加藤聡一,55.0,ダ,1400.0,良,93.5,2.5,4-4-5,42.1,437.0,-2.0,ワラシベチョウジャ,
2021102949,アライグマパンチ,2023/07/20,笠松,晴,5.0,芙蓉特別(2歳),7,4.0,4,5.5,3.0,5,丸野勝虎,55.0,ダ,1400.0,良,93.6,2.4,7-6-5,40.2,439.0,2.0,ワラシベチョウジャ,4.1
2021102949,アライグマパンチ,2023/06/23,笠松,曇,4.0,2歳新馬戦(新馬),5,3.0,3,1.4,1.0,1,渡辺竜也,55.0,ダ,800.0,重,49.1,-1.0,1,35.9,437.0,0.0,(アースリリイ),170.0
2021106439,レディパイロ,2026/07/14,門別,曇,12.0,星の降る里・芦別健夏(B1),10,4.0,4,3.0,1.0,3,黒澤愛斗,54.0,ダ,1200.0,重,74.7,0.5,4-4,39.1,538.0,4.0,トレヴェナ,14.7
2021106439,レディパイロ,2026/06/25,門別,曇,11.0,とままえメロン特別(B3),11,6.0,6,2.4,1.0,1,阿部龍,55.0,ダ,1200.0,良,74.5,-0.3,2-1,38.5,534.0,0.0,(ウィンストラテジー),65.0
2021106439,レディパイロ,2026/06/11,門別,晴,11.0,胆振軽種馬農業協同組(B3),12,5.0,6,9.9,5.0,2,桑村真明,55.0,ダ,1200.0,良,73.7,0.6,4-3,37.9,534.0,2.0,カミハマッテイル,18.2
2021106439,レディパイロ,2026/05/27,門別,曇,12.0,スワーヴリチャード・(B3),12,7.0,9,6.3,3.0,2,阿部龍,55.0,ダ,1200.0,良,74.5,0.2,3-3,38.5,532.0,-2.0,サヨナキドリ,28.0
2021106439,レディパイロ,2026/05/14,門別,曇,11.0,ノーザンホースパーク(B3),12,4.0,4,4.4,3.0,5,藤田凌駕,53.0,ダ,1200.0,良,74.8,0.5,1-1,39.6,534.0,0.0,トレヴェナ,4.5
2021106439,レディパイロ,2026/04/29,門別,曇,11.0,キズナ・プレミアム(B2),8,1.0,1,8.1,4.0,5,桑村真明,55.0,ダ,1800.0,良,119.7,0.5,6-6-3-3,39.6,534.0,4.0,ミソタロ,7.0
2021106439,レディパイロ,2026/04/16,門別,晴,12.0,道の駅石狩・あいろー(B3),12,5.0,5,7.7,3.0,2,黒澤愛斗,54.0,ダ,1200.0,良,74.1,0.4,3-3,38.5,530.0,-8.0,ヤマニンパッセ,18.2
2021106439,レディパイロ,2025/11/12,門別,晴,12.0,ロードカナロア・プレ(B3),14,3.0,4,12.0,4.0,2,阿部龍,55.0,ダ,1200.0,稍,73.8,0.3,3-4,37.8,538.0,-4.0,ヤマニンパッセ,28.0
2021106439,レディパイロ,2025/10/30,門別,晴,12.0,オキザリス特別(B3),12,3.0,3,38.0,7.0,2,黒澤愛斗,55.0,ダ,1200.0,稍,74.3,0.2,2-2,38.3,542.0,4.0,パカラボーイ,18.2
2021106439,レディパイロ,2025/10/16,門別,曇,12.0,国消国産!JA日胆青(B3),11,6.0,6,20.3,5.0,4,黒澤愛斗,55.0,ダ,1200.0,稍,75.4,0.7,4-4,38.4,538.0,8.0,レイヴオン,9.1
2021106439,レディパイロ,2025/10/02,門別,晴,10.0,グランシャリオドリー(B4),12,5.0,6,16.4,6.0,1,桑村真明,55.0,ダ,1200.0,稍,74.4,-0.2,6-6,37.5,530.0,-2.0,(ビービーバシリス),65.0
2021106439,レディパイロ,2025/09/18,門別,晴,11.0,日高町とみくるオープ(B4),12,4.0,4,14.4,5.0,4,黒澤愛斗,55.0,ダ,1200.0,良,75.1,0.8,6-4,38.2,532.0,-2.0,デュアルキャリアー,9.1
2021106439,レディパイロ,2025/09/04,門別,曇,12.0,静内産ミニトマト太陽(B4),12,6.0,7,15.2,7.0,5,黒澤愛斗,55.0,ダ,1200.0,稍,75.2,0.4,4-5,39.2,534.0,4.0,インクルーデッド,4.5
2021106439,レディパイロ,2025/08/06,門別,曇,8.0,YJSトライアルラウ(B4),12,5.0,6,27.4,7.0,7,若杉朝飛,55.0,ダ,1700.0,良,112.8,1.0,5-5-5-4,41.4,530.0,2.0,スリーレジェンド,
2021106439,レディパイロ,2025/07/22,門別,晴,9.0,トケイソウ特別(C1),10,8.0,10,2.9,1.0,2,黒澤愛斗,55.0,ダ,1200.0,良,75.1,0.2,4-4,38.3,528.0,2.0,ウィンストラテジー,15.4
2021106439,レディパイロ,2025/07/10,門別,曇,11.0,うらかわ馬フェスタ特(B4),11,6.0,6,8.0,3.0,5,黒澤愛斗,55.0,ダ,1600.0,良,104.6,1.2,2-2-2-4,40.9,526.0,-4.0,クラウォー,4.5
2021106439,レディパイロ,2025/06/26,門別,雨,9.0,北海道日高乳業ヨーグ(B4),10,2.0,2,7.5,5.0,4,黒澤愛斗,55.0,ダ,1700.0,稍,112.2,0.5,3-3-2-3,41.0,530.0,2.0,レルアバド,9.1
2021106439,レディパイロ,2025/06/12,門別,曇,11.0,胆振軽種馬農業協同組(B4),8,5.0,5,11.4,4.0,3,黒澤愛斗,55.0,ダ,1800.0,稍,119.2,1.3,3-3-2-2,39.2,528.0,-4.0,マイモーメント,13.7
2021106439,レディパイロ,2025/05/27,門別,晴,10.0,グランシャリオドリー(C1),11,4.0,4,10.4,4.0,2,黒澤愛斗,55.0,ダ,1200.0,良,74.1,0.4,3-3,38.0,532.0,2.0,トネムスメ,15.4
2021106439,レディパイロ,2025/05/14,門別,曇,10.0,グランシャリオドリー(B4),13,7.0,11,16.5,5.0,2,黒澤愛斗,55.0,ダ,1200.0,良,74.9,0.0,4-2,39.5,530.0,-4.0,ディオスメッセージ,18.2
2021106439,レディパイロ,2025/04/30,門別,晴,11.0,ミスチヴィアスアレッ(B4),14,5.0,7,207.9,12.0,4,藤田凌駕,52.0,ダ,1200.0,重,74.9,0.7,5-5,38.2,534.0,6.0,スワッガー,9.1
2021106439,レディパイロ,2025/04/17,門別,晴,7.0,ナデシコ特別(C1),12,1.0,1,31.0,6.0,9,松井伸也,55.0,ダ,1200.0,重,75.5,2.3,4-4,39.3,528.0,12.0,ピエールオレゴン,
2021106439,レディパイロ,2024/10/29,門別,晴,11.0,むかわ町長杯鵡川しし(B4),11,6.0,6,18.9,4.0,5,若杉朝飛,52.0,ダ,1800.0,良,117.4,0.6,1-1-1-1,40.9,516.0,-8.0,ライルアケカイ,4.5
2021106439,レディパイロ,2024/10/10,門別,晴,12.0,グランシャリオクイー(重賞),9,3.0,3,47.6,6.0,7,宮内勇樹,51.0,ダ,1700.0,良,110.9,1.7,7-6-5-7,39.6,524.0,12.0,サンオークレア,
2021106439,レディパイロ,2024/09/18,門別,晴,10.0,夏秋いちご品種すずあ(B4),10,7.0,8,22.0,4.0,4,若杉朝飛,52.0,ダ,1700.0,稍,112.1,1.5,3-3-2-3,40.5,512.0,-6.0,チョッピー,9.1
2021106439,レディパイロ,2024/09/05,門別,曇,6.0,トレニア特別(B4),8,6.0,6,5.2,3.0,3,阿岸潤一,54.0,ダ,1800.0,良,119.9,0.1,5-5-6-3,39.7,518.0,0.0,フェッテ,13.7
2021106439,レディパイロ,2024/08/21,門別,晴,7.0,デネブ特別(C1),8,8.0,8,48.8,8.0,4,阿岸潤一,54.0,ダ,1700.0,稍,112.5,1.1,4-3-2-3,42.7,518.0,2.0,バラライカ,14.0
2021106439,レディパイロ,2024/08/06,門別,晴,12.0,風かおる優駿桜国新ひ(C1),10,1.0,1,4.7,2.0,4,阿岸潤一,53.0,ダ,1200.0,稍,75.0,1.6,8-7,37.7,516.0,0.0,トネムスメ,7.7
2021106439,レディパイロ,2024/07/24,門別,曇,11.0,旭川夏まつり特別(C1),9,3.0,3,7.0,3.0,7,阿岸潤一,53.0,ダ,1200.0,良,76.5,1.8,2-4,39.9,516.0,-6.0,リコーニック,
2021106439,レディパイロ,2024/06/11,門別,曇,6.0,オドリコソウ特別(C1),8,6.0,6,1.2,1.0,3,黒澤愛斗,55.0,ダ,1200.0,稍,74.8,0.5,3-3,38.7,522.0,2.0,シャノンフォールズ,11.6
2021106439,レディパイロ,2024/05/30,門別,曇,6.0,早苗月賞(OP)(3歳),10,8.0,9,2.5,1.0,1,阿岸潤一,55.0,ダ,1200.0,良,74.2,-0.1,1-1,38.5,520.0,2.0,(プラセボ),100.0
2021106439,レディパイロ,2024/05/16,門別,雨,10.0,フロイラインスプリン(重賞),14,6.0,9,34.6,5.0,4,阿岸潤一,55.0,ダ,1200.0,稍,74.8,0.7,7-6,38.4,518.0,-10.0,ヴィヴィアンエイト,70.0
2021106439,レディパイロ,2024/04/18,門別,曇,11.0,ネクストスター北日本(重賞),15,8.0,15,270.0,12.0,5,宮内勇樹,55.0,ダ,1200.0,重,74.3,0.4,10-7,37.9,528.0,14.0,ストリーム,84.0
2021106439,レディパイロ,2023/11/09,門別,晴,9.0,ビアパーティーAib(OP)(2歳),9,3.0,3,112.5,8.0,9,黒澤愛斗,54.0,ダ,1700.0,稍,114.8,3.9,8-8-8-9,42.5,514.0,-12.0,キタサンヒコボシ,
2021106439,レディパイロ,2023/10/25,門別,晴,7.0,JRA認定ウィナーズ(2歳),10,7.0,7,10.8,4.0,7,黒澤愛斗,54.0,ダ,1700.0,稍,113.5,1.5,3-3-3-5,42.0,526.0,4.0,シシュフォス,
2021106439,レディパイロ,2023/10/11,門別,晴,6.0,2歳3組,8,1.0,1,11.7,5.0,1,黒澤愛斗,54.0,ダ,1200.0,稍,74.9,0.0,3-3,38.2,522.0,8.0,(アヤメイロ),60.0
2021106439,レディパイロ,2023/09/27,門別,晴,2.0,北海道スポーツクラブ(未勝利)(2歳),12,7.0,9,5.6,3.0,1,黒澤愛斗,54.0,ダ,1200.0,良,76.2,-0.3,2-1,40.2,514.0,-8.0,(アグロドルチェ),50.0
2021106439,レディパイロ,2023/09/12,門別,曇,1.0,2歳未勝利(未勝利),7,8.0,8,4.4,3.0,2,阿岸潤一,51.0,ダ,1200.0,稍,75.6,1.1,4-3,39.4,522.0,14.0,ケンタッキースカイ,14.0
2021106439,レディパイロ,2023/08/17,門別,晴,1.0,2歳未勝利(未勝利),12,3.0,3,24.5,6.0,4,阿岸潤一,51.0,ダ,1200.0,稍,76.6,0.4,9-3,38.6,508.0,2.0,トワイライトウェイ,7.0
2021106439,レディパイロ,2023/08/02,門別,晴,2.0,びらとり黒豚賞(未勝利)(2歳),12,7.0,10,17.2,6.0,5,宮内勇樹,51.0,ダ,1200.0,良,76.4,0.5,11-11,38.8,506.0,-4.0,プレストライズ,3.5
2021106439,レディパイロ,2023/07/19,門別,曇,2.0,2歳未勝利(未勝利),10,2.0,2,11.1,5.0,4,福原杏,54.0,ダ,1200.0,稍,76.7,0.7,9-5,39.2,510.0,-6.0,ビービーゼニット,7.0
2021106439,レディパイロ,2023/07/05,門別,晴,2.0,2歳牝馬未勝利(未勝利),7,3.0,3,6.8,4.0,4,阿岸潤一,54.0,ダ,1200.0,良,77.8,1.6,6-5,39.8,516.0,0.0,インターセプト,7.0
2021106439,レディパイロ,2023/06/21,門別,晴,5.0,JRA認定フレッシュ(新馬)(2歳),11,8.0,11,12.6,5.0,4,小野楓馬,54.0,ダ,1200.0,良,77.2,1.1,7-6,40.1,516.0,0.0,スノークローバー,35.0
2022101918,イイデマイヒメ,2026/07/14,門別,曇,12.0,星の降る里・芦別健夏(B1),10,3.0,3,5.1,2.0,7,宮内勇樹,56.0,ダ,1200.0,重,75.9,1.7,1-1,40.7,466.0,4.0,トレヴェナ,
2022101918,イイデマイヒメ,2026/06/18,門別,曇,8.0,日高町建設協会特別(A4),8,1.0,1,5.7,3.0,2,宮内勇樹,55.0,ダ,1200.0,良,74.3,0.2,3-3,38.6,462.0,2.0,ヤマニンパッセ,22.4
2022101918,イイデマイヒメ,2026/06/03,門別,曇,11.0,ラナンキュラス特別(B1),7,7.0,7,15.5,4.0,1,宮内勇樹,54.0,ダ,1200.0,良,74.0,-0.2,2-2,38.7,460.0,2.0,(スワッガー),70.0
2022101918,イイデマイヒメ,2026/04/15,門別,曇,12.0,エピファネイア・プレ(B2),8,7.0,7,33.4,6.0,6,落合玄太,55.0,ダ,1700.0,良,113.9,2.8,4-4-4-7,42.8,458.0,0.0,バンカブルスター,
2022101918,イイデマイヒメ,2025/11/03,門別,晴,8.0,闘いの日々に喝采を特(A4),12,4.0,4,101.8,7.0,9,服部茂史,54.0,ダ,1700.0,重,112.6,2.5,8-8-8-10,40.8,458.0,4.0,ライルアケカイ,
2022101918,イイデマイヒメ,2025/10/22,門別,晴,11.0,スイートアリッサム特(A4),10,4.0,4,11.6,4.0,6,落合玄太,54.0,ダ,1700.0,稍,112.9,2.2,1-2-1-1,41.7,454.0,0.0,ライルアケカイ,
2022101918,イイデマイヒメ,2025/10/07,門別,曇,11.0,北海道競馬記者クラブ(A3),12,2.0,2,22.6,6.0,7,落合玄太,53.0,ダ,1700.0,良,112.2,1.8,3-5-7-5,41.5,454.0,2.0,ダグフォース,
2022101918,イイデマイヒメ,2025/09/24,門別,曇,8.0,カサブランカ特別(A4),9,5.0,5,21.8,5.0,4,落合玄太,54.0,ダ,1200.0,良,75.2,0.6,6-6,39.1,452.0,0.0,ディオスメッセージ,11.2
2022101918,イイデマイヒメ,2025/09/10,門別,曇,12.0,シュネルマイスター・(A4),7,4.0,4,6.1,3.0,4,落合玄太,54.0,ダ,1200.0,良,75.0,0.9,3-4,38.0,452.0,7.0,トモノシルバー,14.0
2022101918,イイデマイヒメ,2025/08/05,盛岡,晴,12.0,オパールC(重賞),14,6.0,10,5.0,2.0,5,落合玄太,54.0,芝,1700.0,稍,107.1,1.7,7-8-8-8,37.8,445.0,-1.0,プチプラージュ,35.0
2022101918,イイデマイヒメ,2025/06/26,門別,曇,12.0,フロイラインカップ〔(重賞),10,8.0,10,16.6,5.0,2,落合玄太,55.0,ダ,1700.0,稍,111.7,2.1,5-5-4-4,40.7,446.0,-6.0,ゼロアワー,140.0
2022101918,イイデマイヒメ,2025/06/10,門別,晴,9.0,日高地区測量設計協会(B3),10,7.0,7,18.1,7.0,8,阿部龍,55.0,ダ,1200.0,良,75.4,1.4,6-10,38.9,452.0,4.0,ラストボーン,
2022101918,イイデマイヒメ,2025/05/29,門別,晴,8.0,ツツジ特別(B3),9,2.0,2,2.9,1.0,5,阿部龍,55.0,ダ,1200.0,良,74.9,0.9,5-6,38.1,448.0,-2.0,ジョルジュ,4.5
2022101918,イイデマイヒメ,2025/05/15,門別,曇,12.0,フロイラインスプリン(重賞),10,8.0,10,3.7,2.0,4,落合玄太,55.0,ダ,1200.0,良,75.3,1.7,8-8,38.5,450.0,0.0,ワンダーウーマン,70.0
2022101918,イイデマイヒメ,2025/04/16,門別,雨,8.0,夏端月特別(3歳),8,8.0,8,2.1,1.0,4,落合玄太,54.0,ダ,1200.0,不,73.2,1.6,6-5,37.5,450.0,6.0,ワンダーウーマン,21.0
2022101918,イイデマイヒメ,2024/12/31,大井,晴,10.0,東京2歳優駿牝馬競走(重賞),15,4.0,7,29.3,8.0,14,阿部龍,54.0,ダ,1600.0,良,106.3,3.8,10-10-13-13,43.3,444.0,-4.0,プラウドフレール,
2022101918,イイデマイヒメ,2024/10/31,門別,晴,11.0,エーデルワイス賞(JpnIII),12,7.0,11,,,取,阿部龍,55.0,ダ,1200.0,良,,,,,,,ミリアッドラヴ,
2022101918,イイデマイヒメ,2024/09/19,門別,晴,12.0,フローラルカップ〔H(重賞),11,3.0,3,2.5,1.0,9,阿部龍,55.0,ダ,1600.0,良,108.2,4.6,3-3-3-9,43.9,448.0,8.0,ゼロアワー,
2022101918,イイデマイヒメ,2024/08/08,門別,晴,12.0,サッポロクラシックカ(重賞),11,8.0,11,13.2,5.0,1,阿部龍,55.0,ダ,1200.0,良,74.3,-0.5,8-5,37.8,440.0,-6.0,(ベラジオドリーム),400.0
2022101918,イイデマイヒメ,2024/07/17,門別,曇,5.0,JRA認定競走フレッ(新馬)(2歳),9,6.0,6,2.6,1.0,1,阿部龍,55.0,ダ,1100.0,良,67.9,-0.7,2-1,38.0,446.0,0.0,(ホーリーグレイル),250.0
2016102072,バンカブルスター,2026/07/07,門別,曇,12.0,ステラヴェローチェ賞(A4),10,8.0,10,69.4,9.0,6,松井伸也,58.0,ダ,1700.0,良,112.1,1.5,2-2-2-2,40.9,506.0,0.0,バリウィール,
2016102072,バンカブルスター,2026/06/23,門別,曇,12.0,コントレイル・プレミ(B1),11,4.0,4,15.1,7.0,7,小野楓馬,58.0,ダ,1800.0,稍,120.4,1.9,2-2-3-5,43.6,506.0,4.0,フォレストゲート,
2016102072,バンカブルスター,2026/05/26,門別,曇,11.0,クレマチス特別(B2),9,8.0,10,2.9,1.0,5,小野楓馬,58.0,ダ,1600.0,稍,105.8,1.3,4-4-2-4,43.0,502.0,0.0,ミソタロ,4.9
2016102072,バンカブルスター,2026/05/13,門別,雨,12.0,キタサンブラック・プ(B2),10,2.0,2,6.1,4.0,2,小野楓馬,58.0,ダ,1700.0,良,111.3,0.0,2-2-2-1,41.2,502.0,-4.0,ジャスパードリーム,28.0
2016102072,バンカブルスター,2026/04/29,門別,曇,11.0,キズナ・プレミアム(B2),8,2.0,2,7.4,3.0,3,小野楓馬,58.0,ダ,1800.0,良,119.5,0.3,1-1-1-1,40.2,506.0,-2.0,ミソタロ,21.0
2016102072,バンカブルスター,2026/04/15,門別,曇,12.0,エピファネイア・プレ(B2),8,5.0,5,45.7,7.0,1,小野楓馬,56.0,ダ,1700.0,良,111.1,-0.2,3-2-2-2,40.8,508.0,-4.0,(サイモンソーラン),100.0
2016102072,バンカブルスター,2025/11/03,門別,晴,8.0,闘いの日々に喝采を特(A4),12,2.0,2,112.4,8.0,12,藤田凌駕,55.0,ダ,1700.0,重,114.9,4.8,3-1-1-8,44.2,512.0,0.0,ライルアケカイ,
2016102072,バンカブルスター,2025/10/22,門別,晴,11.0,スイートアリッサム特(A4),10,2.0,2,6.6,3.0,10,岩橋勇二,57.0,ダ,1700.0,稍,114.5,3.8,1-1-1-6,43.3,512.0,2.0,ライルアケカイ,
2016102072,バンカブルスター,2025/10/07,門別,曇,11.0,北海道競馬記者クラブ(A3),12,5.0,5,64.8,11.0,6,藤田凌駕,55.0,ダ,1700.0,良,111.9,1.5,3-1-2-2,42.3,510.0,4.0,ダグフォース,
2016102072,バンカブルスター,2025/09/23,門別,晴,11.0,ポッカサッポロ北海道(A3),12,8.0,11,34.8,6.0,4,藤田凌駕,53.0,ダ,1600.0,稍,103.8,0.3,3-3-3-4,40.4,506.0,4.0,アジャイルブラック,12.6
2016102072,バンカブルスター,2025/09/09,門別,曇,11.0,スースー和ハッカ王国(A4),9,4.0,4,10.1,5.0,5,阿部龍,57.0,ダ,1700.0,稍,111.4,0.8,3-3-3-3,40.7,502.0,2.0,ダグフォース,5.6
2016102072,バンカブルスター,2025/08/26,門別,曇,12.0,新冠町長杯レコードな(A4),9,5.0,5,20.6,5.0,4,石川倭,57.0,ダ,1800.0,良,118.2,0.3,1-1-1-1,40.2,500.0,2.0,ヨシイチ,11.2
2016102072,バンカブルスター,2025/08/12,門別,晴,12.0,共和かかし祭特別(A4),8,2.0,2,47.7,7.0,2,及川烈,56.0,ダ,1700.0,良,110.5,0.2,1-1-1-1,40.1,498.0,-2.0,アジャイルブラック,22.4
2016102072,バンカブルスター,2025/07/29,門別,晴,12.0,水揚日本一苫小牧産ホ(A4),9,3.0,3,11.2,5.0,6,石川倭,57.0,ダ,1800.0,重,120.3,2.9,1-1-1-4,43.4,500.0,-4.0,ヨシイチ,
2016102072,バンカブルスター,2025/07/15,門別,曇,6.0,ラベンダー特別(A3),8,8.0,8,64.5,6.0,6,岩橋勇二,56.0,ダ,1700.0,稍,113.0,1.9,5-4-5-6,40.9,504.0,2.0,アジャイルブラック,
2016102072,バンカブルスター,2025/07/01,門別,晴,12.0,折茂社長特別(A3),8,6.0,6,55.1,6.0,5,岩橋勇二,55.0,ダ,1600.0,良,104.6,2.2,1-1-2-3,42.6,502.0,2.0,スティールドリーム,6.3
2016102072,バンカブルスター,2025/06/18,門別,晴,11.0,キレートレモンWレモ(A1),9,1.0,1,23.0,5.0,7,小野楓馬,55.0,ダ,1700.0,良,111.5,2.2,3-3-3-4,40.9,500.0,4.0,ベルウッドグラス,
2016102072,バンカブルスター,2025/06/05,門別,曇,11.0,雪印種苗BFMP特別(A3),8,8.0,8,12.4,4.0,2,小野楓馬,56.0,ダ,1700.0,重,110.4,0.4,1-1-1-1,38.4,496.0,-2.0,スティールドリーム,25.2
2016102072,バンカブルスター,2025/05/07,門別,晴,11.0,鹿部うまいもの祭り3(A1),11,7.0,8,77.3,8.0,7,小野楓馬,56.0,ダ,1700.0,稍,111.8,2.5,3-2-3-6,41.2,498.0,-6.0,ニシケンボブ,
2016102072,バンカブルスター,2025/04/24,門別,晴,8.0,白鳥大橋主塔登頂クル(A2),9,4.0,4,70.4,6.0,2,亀井洋司,56.0,ダ,1700.0,重,110.3,1.3,5-5-4-4,39.8,504.0,-2.0,ポルラノーチェ,28.0
2016102072,バンカブルスター,2024/11/06,門別,雨,10.0,全道PKグランプリ特(A2),12,1.0,1,423.9,11.0,9,金山昇馬,57.0,ダ,1700.0,良,112.1,3.5,5-7-7-10,41.3,506.0,4.0,ツウカイノキズナ,
2016102072,バンカブルスター,2024/10/09,門別,晴,12.0,レイデオロ・プレミア(A1),10,8.0,9,250.1,9.0,10,落合玄太,55.0,ダ,1800.0,稍,120.7,6.3,2-2-4-8,44.4,502.0,0.0,アナザートゥルース,
2016102072,バンカブルスター,2024/09/24,門別,晴,11.0,北海道馬主会日高馬主(A2),11,8.0,11,65.6,7.0,10,阿岸潤一,56.0,ダ,1200.0,良,76.0,2.0,8-9,39.5,502.0,0.0,クーファアチャラ,
2016102072,バンカブルスター,2024/09/12,門別,晴,11.0,ポイント10倍!門別(A1),9,3.0,3,52.6,7.0,6,小野楓馬,56.0,ダ,1700.0,良,111.8,1.5,4-4-4-5,41.6,502.0,4.0,クルードラゴン,
2016102072,バンカブルスター,2024/08/29,門別,曇,11.0,日高建設協会特別(A2),10,5.0,5,24.9,7.0,9,小野楓馬,57.0,ダ,1800.0,稍,119.8,1.6,3-4-4-5,42.2,498.0,-2.0,ディーエスエール,
2016102072,バンカブルスター,2024/08/15,門別,曇,12.0,登別地獄まつり特別(A1),11,1.0,1,61.8,10.0,5,小野楓馬,55.0,ダ,1800.0,稍,117.8,1.4,6-7-5-5,41.0,500.0,2.0,クルードラゴン,14.0
2016102072,バンカブルスター,2024/08/01,門別,曇,9.0,ルドベキア特別(A2),9,5.0,5,10.0,3.0,6,小野楓馬,57.0,ダ,1700.0,稍,111.2,0.9,4-4-4-3,41.4,498.0,4.0,ディーエスエール,
2016102072,バンカブルスター,2024/07/17,門別,曇,11.0,日高銀聖特別(A2),11,6.0,6,7.1,3.0,6,岩橋勇二,57.0,ダ,1800.0,良,118.5,1.4,2-2-2-2,40.7,494.0,-4.0,マイネルシスネロス,
2016102072,バンカブルスター,2024/07/03,門別,曇,12.0,オルフェーヴル・プレ(A1),11,2.0,2,42.8,5.0,4,岩橋勇二,55.0,ダ,1700.0,稍,110.5,1.0,2-2-3-4,40.6,498.0,2.0,ニシケンボブ,28.0
2016102072,バンカブルスター,2024/06/05,門別,曇,11.0,恵庭市ふるさと納税特(A2),7,7.0,7,3.1,2.0,2,小野楓馬,57.0,ダ,1800.0,良,118.6,0.0,3-3-3-3,39.1,496.0,2.0,フライオールデイズ,28.0
2016102072,バンカブルスター,2024/05/23,門別,晴,9.0,AIRDOBiz特別(A2),9,4.0,4,4.7,3.0,3,亀井洋司,57.0,ダ,1700.0,良,111.2,0.5,6-6-4-4,41.3,494.0,2.0,メイショウムート,21.0
2016102072,バンカブルスター,2024/05/08,門別,曇,9.0,ハルジオン特別(A2),8,1.0,1,6.0,3.0,3,亀井洋司,57.0,ダ,1800.0,稍,118.3,0.8,4-4-4-5,41.1,492.0,-4.0,クルードラゴン,21.0
2016102072,バンカブルスター,2024/04/24,門別,曇,10.0,レンゲソウ特別(A2),11,8.0,10,102.6,9.0,3,亀井洋司,57.0,ダ,1700.0,良,111.3,1.5,7-7-6-5,40.9,496.0,-12.0,ニシケンボブ,21.0
2016102072,バンカブルスター,2023/11/07,門別,曇,12.0,ポエティックフレア・(A1),10,6.0,7,,,取,亀井洋司,57.0,ダ,1800.0,不,,,,,,,ニシケンボブ,
2016102072,バンカブルスター,2023/10/24,門別,晴,12.0,エフフォーリア・プレ(A1),7,1.0,1,7.4,3.0,4,桑村真明,56.0,ダ,1600.0,稍,104.3,1.1,6-5-5-3,41.2,508.0,8.0,ダイリンウルフ,28.0
2016102072,バンカブルスター,2023/10/11,門別,晴,10.0,ダイモンジソウ特別(A1),9,4.0,4,16.8,5.0,5,石川倭,57.0,ダ,1800.0,稍,118.0,1.8,2-2-2-3,42.1,500.0,0.0,レスペディーザ,11.2
2016102072,バンカブルスター,2023/09/28,門別,曇,10.0,ヘメロカリス特別(A1),11,8.0,10,83.7,10.0,6,宮内勇樹,56.0,ダ,1800.0,稍,117.8,0.4,6-4-6-6,40.7,500.0,0.0,グレイトダージー,
2016102072,バンカブルスター,2023/09/12,門別,曇,11.0,新冠町軽種馬生産振興(A1),6,7.0,7,13.9,4.0,3,落合玄太,56.0,ダ,1800.0,稍,118.7,0.7,4-4-5-3,42.0,500.0,-6.0,フォルベルス,33.6
2016102072,バンカブルスター,2023/08/30,門別,曇,12.0,エピファネイア・プレ(A1),10,8.0,10,25.5,6.0,7,宮内勇樹,56.0,ダ,1800.0,稍,118.5,2.4,3-3-3-4,42.1,506.0,6.0,アナザートゥルース,
2016102072,バンカブルスター,2023/08/03,門別,曇,11.0,海あり!山あり!日高(A1),6,5.0,5,45.4,6.0,3,宮内勇樹,56.0,ダ,1800.0,良,118.9,0.3,2-2-2-1,41.6,500.0,2.0,グリントビート,42.0
2016102072,バンカブルスター,2023/07/20,門別,曇,10.0,ヒマワリ特別(A1),9,3.0,3,59.4,7.0,6,宮内勇樹,56.0,ダ,1700.0,稍,111.1,1.8,3-4-4-6,41.4,498.0,-2.0,スコルピウス,
2016102072,バンカブルスター,2023/07/05,門別,曇,12.0,モーリス・プレミアム(A1),7,1.0,1,23.1,6.0,7,宮内勇樹,56.0,ダ,1800.0,良,122.5,5.9,2-3-3-6,45.2,500.0,2.0,ビービーガウディ,
2016102072,バンカブルスター,2023/06/22,門別,曇,11.0,JA門別馬舞米特別(A1),7,7.0,7,25.3,6.0,4,小野楓馬,57.0,ダ,1700.0,良,110.8,1.0,3-3-3-1,41.3,498.0,2.0,ビービーガウディ,28.0
2016102072,バンカブルスター,2023/05/25,門別,晴,10.0,OnlineMarc(A1),9,6.0,6,21.5,6.0,3,小野楓馬,57.0,ダ,1800.0,良,116.2,1.0,3-3-3-3,40.5,496.0,-6.0,ハセノパイロ,42.0
2016102072,バンカブルスター,2023/05/11,門別,晴,12.0,コスモバルク記念〔H(重賞),10,8.0,9,150.6,9.0,9,小野楓馬,57.0,ダ,1800.0,良,118.7,4.9,2-2-2-6,43.7,502.0,-2.0,シルトプレ,
2016102072,バンカブルスター,2023/04/26,門別,曇,12.0,ナダル・プレミアム(A1),11,5.0,6,74.6,9.0,6,亀井洋司,57.0,ダ,1800.0,不,116.5,2.6,8-6-3-4,41.9,504.0,4.0,エンリル,
2016102072,バンカブルスター,2022/11/09,門別,晴,11.0,門別軽種馬生産振興会(A1),12,1.0,1,9.0,3.0,10,石川倭,57.0,ダ,1800.0,稍,116.8,2.4,7-7-8-7,40.6,500.0,0.0,ゼンノジャスタ,
2016102072,バンカブルスター,2022/10/27,門別,晴,11.0,コントレイル・プレミ(A1),10,8.0,9,3.7,2.0,1,小野楓馬,56.0,ダ,1800.0,良,117.0,-0.5,2-2-2-1,39.7,500.0,-6.0,(クラキングス),200.0
2016102072,バンカブルスター,2022/10/13,門別,晴,12.0,瑞穂賞〔H2〕(重賞),12,8.0,11,39.8,9.0,10,小野楓馬,57.0,ダ,1800.0,稍,115.6,2.3,2-2-2-1,40.9,506.0,2.0,ドテライヤツ,
2016102072,バンカブルスター,2022/09/29,門別,晴,11.0,SPAT4でポイント(A1),10,6.0,7,4.1,1.0,2,石川倭,56.0,ダ,1800.0,良,115.6,0.1,3-3-4-3,39.7,504.0,0.0,クラキングス,56.0
2016102072,バンカブルスター,2022/09/14,門別,晴,12.0,サートゥルナーリア・(A1),11,1.0,1,9.8,5.0,5,落合玄太,56.0,ダ,1700.0,良,111.2,1.1,3-3-3-3,40.0,504.0,8.0,マイネルシスネロス,14.0
2016102072,バンカブルスター,2022/08/18,門別,雨,11.0,エピファネイア・プレ(A1),12,8.0,11,7.3,4.0,3,落合玄太,56.0,ダ,1800.0,不,113.4,0.0,1-1-1-1,39.5,496.0,-2.0,リンノレジェンド,42.0
2016102072,バンカブルスター,2022/08/03,門別,曇,12.0,平取町長杯「平取すず(A1),7,4.0,4,3.0,2.0,3,石川倭,56.0,ダ,1800.0,重,113.5,0.9,2-2-2-3,38.3,498.0,0.0,スーパーステション,42.0
2016102072,バンカブルスター,2022/07/21,門別,晴,12.0,星雲賞〔H2〕(重賞),9,4.0,4,10.9,5.0,3,小野楓馬,57.0,ダ,1600.0,重,100.6,1.0,3-3-3-3,39.8,498.0,6.0,グリントビート,105.0
2016102072,バンカブルスター,2022/07/07,門別,曇,10.0,浦河町ふるさと納税大(A1),6,4.0,4,2.0,1.0,2,小野楓馬,56.0,ダ,1700.0,良,109.2,1.5,5-6-5-4,39.9,492.0,-8.0,トウキョウドライヴ,56.0
2016102072,バンカブルスター,2022/06/23,門別,曇,11.0,赤レンガ記念〔H2〕(重賞),10,8.0,9,19.3,6.0,3,小野楓馬,57.0,ダ,2000.0,稍,132.0,0.4,4-4-4-4,39.0,500.0,4.0,フローリン,105.0
2016102072,バンカブルスター,2022/06/01,門別,晴,12.0,さまにオープン〔準重(OP)(一般),6,3.0,3,3.2,2.0,5,五十嵐冬,57.0,ダ,1700.0,不,109.2,0.9,3-4-4-4,39.4,496.0,-2.0,グリントビート,17.5
2016102072,バンカブルスター,2022/05/05,門別,晴,11.0,キズナ・プレミアム(A1),9,2.0,2,2.7,2.0,2,五十嵐冬,57.0,ダ,1800.0,良,120.1,0.1,6-6-5-3,40.0,498.0,-6.0,ルールソヴァール,56.0
2016102072,バンカブルスター,2022/04/21,門別,晴,11.0,コスモバルク記念〔H(重賞),9,2.0,2,15.0,6.0,2,五十嵐冬,57.0,ダ,1800.0,良,118.5,0.4,3-3-4-3,40.9,504.0,6.0,テーオーフォース,140.0
2016102072,バンカブルスター,2021/11/03,門別,晴,12.0,オルフェーヴル・プレ(A1),12,8.0,11,3.7,2.0,5,落合玄太,57.0,ダ,1700.0,重,106.7,0.7,5-4-4-1,39.3,498.0,0.0,ウタマロ,14.0
2016102072,バンカブルスター,2021/10/20,門別,雨,11.0,サートゥルナーリア・(A1),10,8.0,10,18.6,5.0,2,落合玄太,57.0,ダ,1800.0,不,114.3,0.1,1-1-1-1,37.0,498.0,-2.0,チャイヤプーン,56.0
2016102072,バンカブルスター,2021/10/07,門別,雨,12.0,瑞穂賞〔H2〕(重賞),9,8.0,8,65.9,8.0,8,小野楓馬,57.0,ダ,1800.0,重,114.9,1.4,3-2-2-4,41.1,500.0,-2.0,リンノレジェンド,
2016102072,バンカブルスター,2021/09/23,門別,曇,11.0,北海道日高乳業ヨーグ(A1),11,2.0,2,6.1,2.0,5,落合玄太,57.0,ダ,1800.0,重,115.4,1.4,2-2-2-2,40.2,502.0,4.0,チャイヤプーン,14.0
2016102072,バンカブルスター,2021/09/08,門別,曇,12.0,ドゥラメンテ・メモリ(A1),7,5.0,5,5.4,3.0,2,落合玄太,57.0,ダ,1700.0,重,109.8,0.3,2-4-4-4,41.9,498.0,4.0,ウタマロ,56.0
2016102072,バンカブルスター,2021/08/11,門別,晴,11.0,北海道コーン茶特別(A1),11,4.0,4,16.0,6.0,3,落合玄太,57.0,ダ,1700.0,重,106.9,0.1,2-2-2-1,38.9,494.0,2.0,ビービーガニアン,42.0
2016102072,バンカブルスター,2021/07/28,門別,晴,12.0,サトノダイヤモンド・(A1),6,5.0,5,2.7,2.0,3,石川倭,57.0,ダ,1700.0,良,110.5,1.0,2-2-2-2,40.2,492.0,-6.0,ガッツポーズ,42.0
2016102072,バンカブルスター,2021/07/14,門別,曇,12.0,登別ブランド特別(A1),9,2.0,2,2.3,1.0,6,石川倭,57.0,ダ,1800.0,稍,117.5,1.0,2-2-5-4,42.0,498.0,8.0,トルナベント,
2016102072,バンカブルスター,2021/06/17,門別,曇,11.0,BTC創立30周年記(A1),8,4.0,4,2.4,1.0,1,石川倭,58.0,ダ,1700.0,良,110.8,-0.5,3-3-3-1,39.4,490.0,-6.0,(キャプテンオリオン),200.0
2016102072,バンカブルスター,2021/06/02,門別,晴,12.0,キタサンブラック・プ(A1),9,5.0,5,2.9,2.0,2,石川倭,57.0,ダ,1800.0,良,115.9,0.8,3-3-2-2,40.2,496.0,4.0,クインズプルート,56.0
2016102072,バンカブルスター,2021/05/19,門別,曇,12.0,アドマイヤムーン賞(A1),9,2.0,2,3.7,2.0,1,小野楓馬,56.0,ダ,1800.0,重,114.1,0.0,1-2-2-1,41.0,492.0,-2.0,(モズノーブルギフト),200.0
2016102072,バンカブルスター,2021/05/05,門別,曇,9.0,ハルジオン賞(A1),7,1.0,1,3.1,2.0,3,五十嵐冬,56.0,ダ,1600.0,稍,103.3,1.4,2-2-2-2,41.5,494.0,6.0,クインズプルート,21.0
2016102072,バンカブルスター,2021/04/21,門別,晴,11.0,ナダル・プレミアム(A1),12,2.0,2,29.5,10.0,3,五十嵐冬,55.0,ダ,1800.0,稍,115.2,0.4,3-3-3-3,40.2,488.0,-16.0,リンノレジェンド,42.0
2016102072,バンカブルスター,2020/11/05,門別,晴,12.0,道営記念〔H1〕(重賞),12,1.0,1,48.6,7.0,11,水野翔,56.0,ダ,2000.0,重,129.4,2.2,6-7-7-11,41.3,504.0,0.0,クインズサターン,
2016102072,バンカブルスター,2020/10/22,門別,曇,12.0,Aiba静内応援特別(A1),8,3.0,3,3.0,1.0,2,五十嵐冬,54.0,ダ,1800.0,稍,115.4,0.0,3-3-4-2,39.9,504.0,4.0,クラキングス,30.0
2016102072,バンカブルスター,2020/10/06,門別,曇,11.0,あっさぶメークイン特(A2),9,4.0,4,3.8,3.0,1,五十嵐冬,57.0,ダ,1700.0,不,106.6,-0.1,2-4-3-3,38.0,500.0,2.0,(タイセイスキャット),100.0
2016102072,バンカブルスター,2020/09/22,門別,晴,10.0,歓迎!JBC2歳優駿(A3),6,6.0,6,1.9,2.0,1,五十嵐冬,57.0,ダ,1800.0,稍,116.7,0.0,4-4-3-1,40.8,498.0,-6.0,(ライトロング),80.0
2016102072,バンカブルスター,2020/09/08,門別,晴,11.0,スワーヴリチャード・(A2),7,2.0,2,2.4,2.0,2,五十嵐冬,56.0,ダ,1800.0,稍,115.8,0.7,1-1-1-1,41.3,504.0,-4.0,サイファリス,30.0
2016102072,バンカブルスター,2020/08/25,門別,曇,11.0,ドゥラメンテ・プレミ(A3),11,2.0,2,2.2,1.0,4,五十嵐冬,56.0,ダ,1800.0,良,119.3,1.8,5-5-4-2,41.6,508.0,10.0,ユニオンローズ,10.0
2016102072,バンカブルスター,2020/07/28,門別,晴,11.0,新冠町ふるさと納税特(A3),6,7.0,7,1.1,1.0,1,五十嵐冬,56.0,ダ,1700.0,良,110.3,-1.2,1-1-1-1,37.9,498.0,0.0,(アイアンブルー),80.0
2016102072,バンカブルスター,2020/07/14,門別,曇,11.0,サトノダイヤモンド・(A3),7,3.0,3,9.7,4.0,1,小野楓馬,54.0,ダ,1800.0,稍,115.1,-0.2,1-1-1-1,40.1,498.0,2.0,(サイファリス),100.0
2016102072,バンカブルスター,2020/06/25,門別,雨,10.0,カスミソウ特別(B3),10,2.0,2,1.9,1.0,1,五十嵐冬,57.0,ダ,1700.0,稍,111.5,-0.9,3-3-2-2,41.0,496.0,-4.0,(インディーズルアー),55.0
2016102072,バンカブルスター,2020/06/11,門別,曇,12.0,フリオーソ賞(B3),10,7.0,9,3.4,2.0,3,五十嵐冬,57.0,ダ,1800.0,稍,121.1,1.5,1-1-1-1,42.8,500.0,2.0,サイファリス,8.3
2016102072,バンカブルスター,2020/05/28,門別,晴,10.0,キンギンボク特別(B3),7,1.0,1,3.2,2.0,2,五十嵐冬,57.0,ダ,1200.0,良,76.4,0.5,2-3,39.6,498.0,4.0,タイセイスキャット,11.0
2016102072,バンカブルスター,2020/04/29,門別,曇,11.0,シラネアオイ特別(B4),7,3.0,3,2.0,1.0,4,亀井洋司,57.0,ダ,1800.0,不,114.5,0.7,1-1-1-1,40.8,494.0,0.0,ソーディスイズラヴ,5.5
2016102072,バンカブルスター,2020/04/15,門別,曇,11.0,グランシャリオナイタ(C1),8,4.0,4,3.3,2.0,1,亀井洋司,56.0,ダ,1700.0,良,111.5,-0.6,2-2-1-1,40.6,494.0,-12.0,(ヤマニンフライハイ),45.0
2016102072,バンカブルスター,2019/11/05,門別,晴,12.0,北海道北のめぐみ愛食(B2),12,2.0,2,3.1,1.0,6,亀井洋司,55.0,ダ,1800.0,良,118.5,0.7,11-10-9-9,40.0,506.0,-2.0,ウインディシティー,
2016102072,バンカブルスター,2019/10/30,門別,晴,10.0,むかわ町長杯復興元年(B4),8,8.0,8,1.3,1.0,2,亀井洋司,56.0,ダ,1700.0,良,111.5,0.4,3-2-2-2,38.7,508.0,0.0,エストレラブランコ,11.0
2016102072,バンカブルスター,2019/10/15,門別,晴,10.0,日高町フルーツほおず(B4),10,1.0,1,4.0,2.0,2,亀井洋司,56.0,ダ,1700.0,重,110.5,1.0,4-4-4-3,39.9,508.0,2.0,テンプテーション,11.0
2016102072,バンカブルスター,2019/10/02,門別,晴,8.0,芙蓉特別(C1),9,2.0,2,2.5,1.0,2,亀井洋司,56.0,ダ,1700.0,良,110.3,0.0,3-3-3-1,41.3,506.0,2.0,キャンドゥ,9.0
2016102072,バンカブルスター,2019/09/19,門別,曇,7.0,トレニア特別(C2),10,8.0,9,2.4,1.0,1,亀井洋司,56.0,ダ,1700.0,良,111.0,-0.2,4-3-3-1,41.2,504.0,0.0,(リョーケン),45.0
2016102072,バンカブルスター,2019/09/05,門別,晴,7.0,バーベナ特別(C2),8,2.0,2,3.3,3.0,2,亀井洋司,56.0,ダ,1700.0,良,110.9,0.0,1-1-1-1,41.2,504.0,-6.0,ビービーブレイデン,9.0
2016102072,バンカブルスター,2019/08/22,門別,雨,8.0,シュウメイギク特別(C2),6,1.0,1,3.4,2.0,2,亀井洋司,56.0,ダ,1700.0,稍,110.2,0.4,3-2-2-2,41.2,510.0,0.0,ビービールース,9.0
2016102072,バンカブルスター,2019/08/01,門別,晴,12.0,王冠賞〔H2〕(重賞),10,5.0,5,16.7,4.0,7,亀井洋司,56.0,ダ,1800.0,良,117.8,3.3,8-7-6-7,42.0,510.0,0.0,リンゾウチャネル,
2016102072,バンカブルスター,2019/07/11,門別,曇,7.0,クレマチス特別(C2),6,2.0,2,1.2,1.0,2,亀井洋司,56.0,ダ,1700.0,良,112.0,0.1,1-2-2-2,38.7,510.0,0.0,リヨ,9.0
2016102072,バンカブルスター,2019/06/20,門別,曇,7.0,「AIRDOBiz」(C3),10,8.0,9,3.4,2.0,1,亀井洋司,56.0,ダ,1700.0,良,112.3,-0.7,3-3-1-1,40.4,510.0,2.0,(リョーケン),25.0
2016102072,バンカブルスター,2019/05/29,門別,晴,6.0,3歳条件4ー2,13,5.0,7,1.5,1.0,1,亀井洋司,56.0,ダ,1200.0,良,75.5,-0.7,2-2,38.9,508.0,-2.0,(シェーネル),40.0
2016102072,バンカブルスター,2019/05/16,門別,曇,3.0,3歳条件4ー2,7,1.0,1,1.8,1.0,3,亀井洋司,56.0,ダ,1200.0,良,76.3,0.8,5-3,38.2,510.0,0.0,チェインギャング,8.4
2016102072,バンカブルスター,2019/05/02,門別,曇,1.0,3歳条件未勝利(未勝利),10,8.0,10,9.8,4.0,1,亀井洋司,56.0,ダ,1200.0,稍,76.3,-0.1,4-1,38.7,510.0,0.0,(マリーンワン),25.0
2020102274,ジョルジュ,2026/07/07,門別,曇,12.0,ステラヴェローチェ賞(A4),10,8.0,9,40.3,7.0,9,岩橋勇二,57.0,ダ,1700.0,良,113.9,3.3,2-4-4-9,41.6,506.0,-2.0,バリウィール,
2020102274,ジョルジュ,2026/06/23,門別,曇,12.0,コントレイル・プレミ(B1),11,6.0,6,14.3,6.0,6,服部茂史,57.0,ダ,1800.0,稍,120.3,1.8,2-3-1-3,43.6,508.0,-8.0,フォレストゲート,
2020102274,ジョルジュ,2026/06/03,門別,曇,11.0,ラナンキュラス特別(B1),7,1.0,1,6.6,3.0,5,岩橋勇二,57.0,ダ,1200.0,良,75.0,1.0,7-7,38.4,516.0,4.0,イイデマイヒメ,4.9
2020102274,ジョルジュ,2026/05/20,門別,曇,11.0,ホクレンえん麦特別(A4),7,7.0,7,8.0,4.0,5,岩橋勇二,57.0,ダ,1000.0,良,62.1,1.9,4-5,37.5,512.0,-2.0,ヤマニンパッセ,5.6
2020102274,ジョルジュ,2026/05/05,門別,晴,12.0,門別なら4倍!SPA(B1),7,7.0,7,11.1,4.0,2,岩橋勇二,57.0,ダ,1200.0,稍,74.4,0.0,1-1,38.3,514.0,-4.0,ディオスメッセージ,19.6
2020102274,ジョルジュ,2026/04/22,門別,晴,12.0,レンゲソウ特別(A4),13,2.0,2,30.9,8.0,12,岩橋勇二,56.0,ダ,1200.0,稍,77.4,3.6,8-11,40.6,518.0,16.0,ワンダーウーマン,
2020102274,ジョルジュ,2025/11/03,門別,晴,10.0,来年は金沢と門別に喝(A2),9,7.0,8,5.7,3.0,5,落合玄太,56.0,ダ,1200.0,重,74.7,1.0,3-6,37.4,502.0,6.0,ペプチドシュチク,7.0
2020102274,ジョルジュ,2025/10/21,門別,曇,12.0,大自然の恵み。らんこ(A2),12,3.0,3,2.0,1.0,4,落合玄太,56.0,ダ,1200.0,稍,74.3,0.6,7-6,37.2,496.0,0.0,パレスゴールド,14.0
2020102274,ジョルジュ,2025/10/07,門別,曇,12.0,赤井川オーガニックか(A2),12,7.0,10,3.9,2.0,2,落合玄太,56.0,ダ,1200.0,良,73.8,1.0,3-3,38.0,496.0,0.0,ベラジオゼロ,28.0
2020102274,ジョルジュ,2025/09/25,門別,晴,8.0,ヘメロカリス特別(A4),10,3.0,3,3.3,2.0,2,落合玄太,58.0,ダ,1200.0,不,72.4,0.1,5-5,36.6,496.0,-2.0,ヴィグラスデイズ,22.4
2020102274,ジョルジュ,2025/09/11,門別,曇,6.0,ムクゲ特別(A4),8,3.0,3,8.0,4.0,1,落合玄太,57.0,ダ,1200.0,良,73.7,-0.1,4-5,37.1,498.0,2.0,(パレスゴールド),80.0
2020102274,ジョルジュ,2025/08/26,門別,曇,11.0,新冠ライオンズクラブ(B1),9,1.0,1,12.1,4.0,3,岩橋勇二,57.0,ダ,1200.0,良,74.4,0.4,4-3,38.5,496.0,-2.0,パレスゴールド,14.7
2020102274,ジョルジュ,2025/08/12,門別,晴,11.0,リンドウ特別(A4),7,4.0,4,4.0,3.0,4,岩橋勇二,56.0,ダ,1200.0,良,75.5,0.5,2-3,37.7,498.0,0.0,モーニングショー,11.2
2020102274,ジョルジュ,2025/07/09,門別,晴,12.0,アメリカンペイトリオ(B3),8,1.0,1,4.8,3.0,1,阿岸潤一,57.0,ダ,1200.0,良,74.0,-0.3,1-1,37.4,498.0,-4.0,(クラシカルスカラー),65.0
2020102274,ジョルジュ,2025/06/26,門別,雨,11.0,JA門別馬舞米特別(B3),10,8.0,10,46.3,5.0,4,岩橋勇二,58.0,ダ,1200.0,稍,73.8,1.1,3-5,37.3,502.0,0.0,ピエールオレゴン,9.1
2020102274,ジョルジュ,2025/06/12,門別,曇,8.0,サンダーソニア特別(B3),10,4.0,4,8.8,5.0,5,阿岸潤一,57.0,ダ,1200.0,稍,75.5,1.4,3-5,38.7,502.0,-2.0,サンリコリス,4.5
2020102274,ジョルジュ,2025/05/29,門別,晴,8.0,ツツジ特別(B3),9,6.0,6,17.1,7.0,1,阿岸潤一,55.0,ダ,1200.0,良,74.0,-0.6,3-3,37.8,504.0,2.0,(ホイッスルソング),65.0
2020102274,ジョルジュ,2025/05/15,門別,曇,9.0,キタコブシ特別(B3),14,6.0,10,78.4,7.0,7,阿岸潤一,55.0,ダ,1200.0,良,75.0,1.2,12-13,37.5,502.0,0.0,ピエールオレゴン,
2020102274,ジョルジュ,2025/05/01,門別,晴,11.0,これが、北海道のビー(B3),12,4.0,4,118.3,9.0,5,阿岸潤一,55.0,ダ,1200.0,稍,75.0,1.8,11-11,37.4,502.0,-2.0,ピエールオレゴン,4.5
2020102274,ジョルジュ,2025/04/17,門別,晴,12.0,マクフィ賞(B3),10,4.0,4,61.6,8.0,9,阿岸潤一,55.0,ダ,1200.0,重,75.3,2.0,2-3,38.3,504.0,10.0,シシャモフレンド,
2020102274,ジョルジュ,2024/10/30,門別,晴,12.0,アニマルキングダム賞(B3),12,3.0,3,36.1,8.0,9,岩橋勇二,57.0,ダ,1200.0,良,75.8,0.9,8-8,38.7,494.0,0.0,クインズアルテミス,
2020102274,ジョルジュ,2024/10/17,門別,晴,12.0,浦臼にんにく特別(B3),12,4.0,4,48.5,10.0,6,岩橋勇二,57.0,ダ,1200.0,稍,75.4,1.3,7-7,37.8,494.0,0.0,クインズアルテミス,
2020102274,ジョルジュ,2024/10/03,門別,曇,11.0,BOKUJOB特別(B3),11,4.0,4,12.6,3.0,11,岩橋勇二,57.0,ダ,1200.0,良,76.5,1.9,6-8,39.2,494.0,2.0,リコーステアー,
2020102274,ジョルジュ,2024/04/17,門別,雨,11.0,北海道富良野ホップ炭(B2),7,1.0,1,,,取,岩橋勇二,57.0,ダ,1800.0,重,,,,,,,フクノバルトラン,
2020102274,ジョルジュ,2023/11/07,門別,曇,11.0,ビーラジ特別(A4),11,6.0,6,10.9,5.0,3,岩橋勇二,56.0,ダ,1800.0,不,114.9,0.4,3-4-4-2,39.5,492.0,-4.0,ズンガリプテルス,14.7
2020102274,ジョルジュ,2023/10/25,門別,晴,9.0,ポットマム特別(A4),8,3.0,3,13.3,4.0,5,阿部龍,56.0,ダ,1700.0,稍,112.3,1.1,3-3-4-5,40.6,496.0,4.0,ズンガリプテルス,4.9
2020102274,ジョルジュ,2023/10/04,門別,晴,12.0,浦河町ふるさと納税大(B3),11,7.0,8,20.4,6.0,1,宮崎光行,57.0,ダ,1200.0,良,73.6,0.0,2-2,37.3,492.0,2.0,(カッパギ),55.0
2020102274,ジョルジュ,2023/09/19,門別,晴,12.0,サロマ大収穫祭特別(B3),12,2.0,2,4.3,4.0,7,宮崎光行,57.0,ダ,1200.0,稍,75.1,1.1,8-9,37.5,490.0,2.0,ゲンサイ,
2020102274,ジョルジュ,2023/09/06,門別,曇,11.0,ヤングジェネレーショ(B3),12,5.0,5,3.7,3.0,3,宮崎光行,57.0,ダ,1200.0,重,74.7,1.0,2-3,38.2,488.0,0.0,シーサーペント,11.6
2020102274,ジョルジュ,2023/08/15,門別,曇,12.0,星雲賞〔H3〕(重賞),7,5.0,5,9.0,4.0,4,宮崎光行,56.0,ダ,1200.0,良,73.6,0.2,4-6,38.3,488.0,-6.0,サルトアンヘル,70.0
2020102274,ジョルジュ,2023/07/23,1札幌2,晴,12.0,3歳以上1勝クラス,14,3.0,3,94.2,13.0,12,服部茂史,55.0,芝,1500.0,良,89.6,1.1,10-10-12,35.9,494.0,0.0,セフィロ,
2020102274,ジョルジュ,2023/06/27,門別,曇,10.0,ハマナス特別(B3),12,7.0,9,4.9,2.0,4,宮崎光行,56.0,ダ,1200.0,良,74.3,0.6,3-3,38.4,494.0,0.0,ライトニングブルー,7.7
2020102274,ジョルジュ,2023/06/14,門別,曇,12.0,とままえメロン特別(B3),12,7.0,9,4.0,2.0,2,宮崎光行,56.0,ダ,1200.0,稍,73.5,0.7,6-3,37.9,494.0,6.0,エメラルアポロン,15.4
2020102274,ジョルジュ,2023/05/17,門別,晴,11.0,クンシラン特別(B3),11,5.0,5,8.1,4.0,4,岩橋勇二,57.0,ダ,1800.0,良,117.9,0.5,2-2-3-4,39.7,488.0,-8.0,クルードラゴン,7.7
2020102274,ジョルジュ,2023/05/03,門別,晴,8.0,稲苗月特別(3歳),9,7.0,7,3.1,2.0,1,石川倭,56.0,ダ,1200.0,良,73.7,-0.6,3-2,37.9,496.0,-4.0,(カッパギ),150.0
2020102274,ジョルジュ,2023/04/20,門別,曇,7.0,鳥待月特別(3歳),10,5.0,5,22.1,7.0,5,岩橋勇二,56.0,ダ,1200.0,稍,74.8,0.9,10-9,38.3,500.0,8.0,サワヤカローズ,10.5
2020102274,ジョルジュ,2022/11/10,門別,晴,7.0,シトリン特別(OP)(2歳),12,2.0,2,8.6,3.0,1,岩橋勇二,55.0,ダ,1200.0,稍,75.0,-0.4,9-7,38.2,492.0,-6.0,(ミニアチュール),100.0
2020102274,ジョルジュ,2022/11/02,門別,晴,8.0,JRA認定ウィナーズ(OP)(2歳),11,5.0,5,24.3,8.0,9,落合玄太,55.0,ダ,1200.0,稍,74.8,0.9,11-10,37.1,498.0,18.0,サワヤカローズ,
2020102274,ジョルジュ,2022/09/28,門別,晴,7.0,サファイア特別(OP)(2歳),12,2.0,2,30.5,9.0,3,服部茂史,55.0,ダ,1200.0,稍,74.8,0.4,8-7,38.5,480.0,-2.0,リストン,21.0
2020102274,ジョルジュ,2022/09/13,門別,晴,7.0,2歳OP(OP),9,8.0,8,19.6,7.0,8,服部茂史,54.0,ダ,1700.0,良,114.5,2.4,8-8-9-9,41.5,482.0,-2.0,スギノプリンセス,
2020102274,ジョルジュ,2022/08/25,門別,晴,9.0,JRA認定ウィナーズ(OP)(2歳),7,7.0,7,40.6,7.0,4,山本咲希,54.0,ダ,1200.0,良,74.9,0.3,3-5,38.4,484.0,2.0,ブライトカラー,30.8
2020102274,ジョルジュ,2022/08/10,門別,曇,4.0,JRA認定フレッシュ(新馬)(2歳),9,3.0,3,24.6,6.0,1,山本咲希,54.0,ダ,1000.0,不,61.6,-0.6,5-3,37.1,482.0,0.0,(アイトアーサー),220.0
2023102975,アンヘル,2026/07/23,門別,曇,11.0,ルピナス特別(B3),0,6.0,6,,,,石川倭,57.0,ダ,1200.0,稍,,,,,484.0,-2.0,,
2023102975,アンヘル,2026/07/08,門別,曇,9.0,第54回アポイの火祭(B4),11,7.0,8,1.0,1.0,1.0,石川倭,58.0,ダ,1200.0,良,74.0,-0.3,6-3,37.8,486.0,-8.0,(クレーバーベン),65.0
2023102975,アンヘル,2026/06/24,門別,晴,9.0,キングサリ特別(B4),9,6.0,6,1.3,1.0,1.0,桑村真明,57.0,ダ,1200.0,良,73.7,-0.5,1-1,37.7,494.0,-2.0,(アローグレイシャー),65.0
2023102975,アンヘル,2026/05/28,門別,雨,8.0,rapora賞(C3),10,8.0,10,1.2,1.0,1.0,落合玄太,57.0,ダ,1200.0,稍,73.4,-1.8,3-1,37.7,496.0,6.0,(ピエールテネシー),40.0
2023102975,アンヘル,2026/05/06,門別,晴,10.0,グランシャリオドリー(C3),14,6.0,9,3.6,2.0,2.0,阿部龍,57.0,ダ,1200.0,良,74.1,0.1,5-4,37.7,490.0,4.0,ヴァーチェ,15.4
2023102975,アンヘル,2026/04/23,門別,曇,4.0,3歳以上C4ー2,10,6.0,6,1.1,1.0,1.0,石川倭,57.0,ダ,1200.0,稍,75.9,-0.5,5-2,39.1,486.0,2.0,(アサガオ),40.0
2023102975,アンヘル,2025/11/06,門別,曇,3.0,2歳3組,10,7.0,9,1.2,1.0,1.0,石川倭,56.0,ダ,1000.0,稍,62.1,-0.1,6-5,36.9,484.0,12.0,(ノアルパフェ),60.0
2023102975,アンヘル,2025/10/09,門別,晴,2.0,夏いちごの町浦河町賞(未勝利)(2歳),12,6.0,8,1.2,1.0,1.0,落合玄太,56.0,ダ,1000.0,良,62.6,-0.6,6-5,36.8,472.0,0.0,(ウキヨノメシア),50.0
2023102975,アンヘル,2025/09/25,門別,雨,3.0,2歳新馬(新馬),12,7.0,10,7.1,5.0,2.0,石川倭,56.0,ダ,1000.0,不,60.7,0.3,7-5,36.0,472.0,0.0,エイシンミラーミ,28.0
2021105090,ミリオーレアルバ,2026/07/21,盛岡,曇,2.0,C2二組,8,3.0,3,8.4,5.0,8,大坪慎,56.0,ダ,1400.0,良,90.5,3.1,8-8,38.8,498.0,2.0,マサノビジョン,
2021105090,ミリオーレアルバ,2026/07/07,盛岡,晴,2.0,C2二組,10,8.0,10,6.9,4.0,7,大坪慎,56.0,ダ,1400.0,良,88.6,0.7,5-8,38.9,496.0,-2.0,マイネルヒッツェ,
2021105090,ミリオーレアルバ,2026/06/30,盛岡,晴,5.0,C2一組,11,8.0,11,4.2,2.0,8,村上忍,56.0,ダ,1400.0,良,87.9,1.6,7-6,38.7,498.0,-3.0,アークフロリナ,
2021105090,ミリオーレアルバ,2026/06/16,水沢,晴,3.0,C2一組,10,7.0,7,8.5,5.0,4,村上忍,56.0,ダ,1400.0,良,90.8,1.0,8-8-5-6,40.1,501.0,2.0,アークフロリナ,5.6
2021105090,ミリオーレアルバ,2026/06/09,水沢,曇,10.0,C1四組,11,7.0,8,14.7,5.0,9,村上忍,56.0,ダ,1400.0,重,90.0,1.9,7-9-9-10,39.2,499.0,4.0,サンスズラン,
2021105090,ミリオーレアルバ,2026/05/26,盛岡,曇,9.0,C1四組,10,3.0,3,6.7,2.0,2,村上忍,56.0,ダ,1400.0,良,87.3,1.3,3-2,39.0,495.0,-3.0,アドマイヤアーデル,17.5
2021105090,ミリオーレアルバ,2026/05/11,盛岡,曇,9.0,C1五組,12,5.0,5,15.0,7.0,3,村上忍,56.0,ダ,1400.0,良,87.3,1.2,7-7,37.9,498.0,-1.0,ソルエストレーラ,10.0
2021105090,ミリオーレアルバ,2026/04/29,水沢,曇,7.0,C1六組,10,7.0,7,9.3,3.0,7,菅原辰徳,56.0,ダ,1400.0,稍,93.2,1.5,9-9-9-9,41.8,499.0,5.0,ブリスタイム,
2021105090,ミリオーレアルバ,2026/04/13,水沢,晴,10.0,オレンジプリンセス賞(C1),11,5.0,5,102.0,9.0,6,菅原辰徳,56.0,ダ,1400.0,稍,91.3,1.3,7-7-6-6,40.2,494.0,0.0,クラインシュミット,
2021105090,ミリオーレアルバ,2026/03/29,水沢,晴,9.0,橋野鉄鉱山賞(C1),9,7.0,7,104.4,8.0,8,高松亮,56.0,ダ,1600.0,稍,105.6,1.2,8-8-8-7,40.2,494.0,-2.0,ミライヘノシンゲキ,
2021105090,ミリオーレアルバ,2026/03/17,水沢,晴,9.0,C1二組,10,3.0,3,60.0,8.0,8,塚本涼人,56.0,ダ,1600.0,良,108.7,2.3,4-4-5-6,43.6,496.0,-6.0,ラヴェイ,
2021105090,ミリオーレアルバ,2025/12/30,水沢,曇,8.0,C1四組,12,7.0,9,8.0,4.0,9,大坪慎,56.0,ダ,1400.0,重,90.9,1.9,8-8-7-9,40.0,502.0,-10.0,キッスミーアイ,
2021105090,ミリオーレアルバ,2025/12/02,水沢,曇,9.0,C1六組,11,7.0,8,14.2,5.0,3,大坪慎,56.0,ダ,1400.0,稍,91.1,0.1,7-7-5-6,39.8,512.0,-4.0,エウクレイア,10.0
2021105090,ミリオーレアルバ,2025/11/16,盛岡,晴,8.0,C1,11,6.0,7,13.8,3.0,7,大坪慎,56.0,ダ,1400.0,良,89.0,1.3,10-10,38.3,516.0,3.0,コヴェナント,
2021105090,ミリオーレアルバ,2025/11/01,盛岡,曇,9.0,C1,11,2.0,2,11.0,4.0,6,大坪慎,56.0,ダ,1400.0,不,87.5,1.6,10-10,38.2,513.0,11.0,マナホクラニ,
2021105090,ミリオーレアルバ,2025/06/29,水沢,晴,11.0,レモンポップ特別(C1),11,8.0,10,24.2,7.0,6,大坪慎,56.0,ダ,1600.0,良,105.6,1.3,9-10-10-7,40.2,502.0,3.0,ヤマニンビロー,
2021105090,ミリオーレアルバ,2025/06/16,水沢,曇,12.0,種山高原賞(C1),12,7.0,10,32.0,8.0,5,村上忍,56.0,ダ,1400.0,良,90.7,1.1,12-12-10-9,39.0,499.0,9.0,サムズアップ,4.2
2021105090,ミリオーレアルバ,2025/06/03,盛岡,曇,7.0,C1,10,8.0,10,16.0,7.0,4,山本聡哉,56.0,ダ,1400.0,良,87.8,0.5,7-7,37.4,490.0,0.0,ラスダシャン,6.5
2021105090,ミリオーレアルバ,2025/05/20,盛岡,晴,6.0,C1,10,1.0,1,3.4,2.0,1,山本聡哉,56.0,ダ,1200.0,重,74.5,-0.4,9-9,37.5,490.0,5.0,(レーヌデゼトワール),50.0
2021105090,ミリオーレアルバ,2025/05/07,盛岡,曇,3.0,C1,10,1.0,1,3.7,2.0,3,山本聡哉,56.0,ダ,1400.0,不,88.0,0.4,7-7,38.7,485.0,-9.0,ダイビングヘッド,10.0
2021105090,ミリオーレアルバ,2025/04/28,水沢,曇,4.0,C1,8,8.0,8,5.0,2.0,4,山本聡哉,56.0,ダ,850.0,良,52.9,0.6,6-7,36.9,494.0,1.0,グアドループ,6.5
2021105090,ミリオーレアルバ,2025/04/15,水沢,曇,6.0,C1,9,6.0,6,16.1,6.0,3,山本聡哉,56.0,ダ,850.0,不,51.5,0.3,6-6,35.9,493.0,1.0,ミツカネショコラ,10.0
2021105090,ミリオーレアルバ,2025/03/31,水沢,晴,4.0,C1,10,7.0,7,7.7,4.0,5,山本聡哉,56.0,ダ,850.0,良,53.0,0.7,10-10,36.7,492.0,-6.0,ゴープラチナム,3.5
2021105090,ミリオーレアルバ,2025/03/17,水沢,雪,8.0,C1,0,7.0,7,,,,佐々木志,56.0,ダ,1400.0,不,,,,,,,,
2021105090,ミリオーレアルバ,2024/12/30,水沢,晴,3.0,C1,12,4.0,4,10.9,4.0,6,青海大樹,55.0,ダ,1400.0,不,90.9,1.2,11-11-11-9,39.6,498.0,3.0,ダンジュカリユシ,
2021105090,ミリオーレアルバ,2024/12/24,水沢,小雪,12.0,マリーゴールド賞(C1),9,8.0,10,,,取,山本聡哉,56.0,ダ,1400.0,不,,,,,,,オールイズトゥルー,
2021105090,ミリオーレアルバ,2024/12/09,水沢,曇,11.0,ふるさと納税は奥州市(C1),10,2.0,2,4.8,3.0,6,山本聡哉,56.0,ダ,1400.0,不,89.9,1.0,4-6-7-7,38.8,495.0,-7.0,ジャヴァネ,
2021105090,ミリオーレアルバ,2024/11/26,水沢,晴,3.0,C2一組,9,5.0,5,3.2,2.0,6,山本聡哉,56.0,ダ,1400.0,稍,91.8,0.7,7-8-6-8,40.8,502.0,3.0,エイシンハルニレ,
2021105090,ミリオーレアルバ,2024/11/12,盛岡,曇,3.0,C2二組,8,3.0,3,1.3,1.0,1,村上忍,56.0,ダ,1400.0,良,89.2,-0.1,4-2,39.1,499.0,4.0,(エムティヒビキ),40.0
2021105090,ミリオーレアルバ,2024/10/29,盛岡,晴,1.0,C2四組,10,8.0,10,1.5,1.0,2,山本聡哉,56.0,ダ,1400.0,稍,89.2,0.9,4-4,39.1,495.0,-2.0,ブラックパーシモン,14.0
2021105090,ミリオーレアルバ,2024/10/06,盛岡,曇,4.0,C2十組,9,3.0,3,2.1,2.0,1,山本聡哉,56.0,ダ,1200.0,良,74.6,-0.3,4-4,36.2,497.0,-3.0,(ダンガリー),40.0
2021105090,ミリオーレアルバ,2024/09/03,川崎,曇,8.0,セプテンバーフラワー(3歳C1),7,6.0,6,64.5,6.0,5,本橋孝太,56.0,ダ,1600.0,重,109.1,3.7,7-7-7-5,44.6,500.0,24.0,オールウェズキズナ,25.0
2021105090,ミリオーレアルバ,2024/06/09,3東京4,曇,6.0,3歳未勝利,18,8.0,16,285.3,15.0,17,野中悠太,57.0,芝,1600.0,良,96.7,3.0,16-16,35.1,476.0,4.0,レッドアトレーヴ,
2021105090,ミリオーレアルバ,2024/05/14,金沢,晴,7.0,加賀九谷賞(未勝利)(3歳),10,7.0,7,13.1,6.0,8,松戸政也,56.0,ダ,1500.0,稍,97.7,5.3,5-5-5-6,40.5,472.0,2.0,ジョニール,
2021105090,ミリオーレアルバ,2024/03/31,2阪神4,晴,2.0,3歳未勝利,16,3.0,5,45.3,8.0,7,西村淳也,57.0,ダ,1400.0,良,87.6,2.1,9-10,39.6,470.0,-14.0,クリノキングマン,
2021105090,ミリオーレアルバ,2024/02/18,2小倉4,晴,1.0,3歳未勝利,16,6.0,11,55.8,9.0,11,鮫島克駿,57.0,ダ,1700.0,良,109.3,2.9,10-10-11-11,39.9,484.0,-2.0,スナークラファエロ,
2021105090,ミリオーレアルバ,2023/12/16,5阪神5,曇,6.0,2歳新馬,9,1.0,1,9.0,4.0,7,松山弘平,56.0,ダ,1800.0,稍,121.0,4.7,2-1-2-3,44.8,486.0,0.0,オウケンベリー,
2019100868,ポンテドラーゴ,2026/07/13,盛岡,曇,12.0,ジュライC(B2),9,2.0,2,215.0,9.0,8,大坪慎,56.0,ダ,1600.0,重,100.4,2.4,9-9,37.0,486.0,6.0,ミシロウェイ,
2019100868,ポンテドラーゴ,2026/06/29,盛岡,晴,12.0,浜木綿賞(B1),12,5.0,6,201.3,12.0,10,大坪慎,56.0,ダ,1600.0,良,99.7,1.7,10-12,38.4,480.0,1.0,ハクシンパーソナル,
2019100868,ポンテドラーゴ,2026/06/15,水沢,曇,4.0,C2五組,11,1.0,1,3.0,1.0,8,大坪慎,56.0,ダ,1300.0,稍,85.3,0.7,9-9-9-8,39.1,479.0,-11.0,ソープストーン,
2019100868,ポンテドラーゴ,2026/05/27,浦和,曇,6.0,特選(C2),12,6.0,8,29.3,9.0,10,菅原涼太,56.0,ダ,2000.0,良,135.9,2.8,4-5-6-10,42.0,490.0,-8.0,ミストラ,
2019100868,ポンテドラーゴ,2026/05/14,川崎,晴,5.0,C2五六,12,6.0,8,219.3,11.0,12,及川烈,56.0,ダ,1400.0,良,94.0,1.7,12-12-12-12,38.8,498.0,1.0,モズミコシ,
2019100868,ポンテドラーゴ,2026/04/20,浦和,晴,8.0,いいじゃん!さいたま(C2),11,7.0,10,76.8,10.0,5,菅原涼太,56.0,ダ,2000.0,良,134.5,1.1,9-10-9-7,40.5,497.0,3.0,ユメデアエタラ,11.0
2019100868,ポンテドラーゴ,2026/03/31,船橋,雨,8.0,馬い!八丈西浜レモン(C2),12,6.0,8,126.9,10.0,10,菅原涼太,56.0,ダ,1500.0,重,101.4,1.7,5-5-10-10,40.4,494.0,-4.0,ケニルワース,
2019100868,ポンテドラーゴ,2026/03/19,浦和,曇,7.0,特選(C2),12,6.0,8,29.8,9.0,9,仲原大生,56.0,ダ,2000.0,良,136.8,1.4,12-12-11-9,40.4,498.0,0.0,ベルルート,
2019100868,ポンテドラーゴ,2026/02/28,浦和,晴,12.0,春の夜特別(C2),12,5.0,6,14.6,7.0,7,仲原大生,56.0,ダ,2000.0,重,137.2,1.9,8-9-8-6,41.4,498.0,-2.0,ミライヘホウショウ,
2019100868,ポンテドラーゴ,2026/01/07,浦和,曇,8.0,門松飾り特別(C2),11,6.0,7,27.9,6.0,7,見越彬央,56.0,ダ,2000.0,稍,135.2,1.2,7-7-7-7,38.8,500.0,2.0,ムチャスエルテ,
2019100868,ポンテドラーゴ,2025/12/24,浦和,雨,8.0,ジングルベル特別(C1C2),12,8.0,11,33.9,8.0,3,見越彬央,55.0,ダ,2000.0,重,134.0,0.6,6-5-5-2,41.6,498.0,5.0,ハクシンドラゴン,45.0
2019100868,ポンテドラーゴ,2025/12/08,船橋,晴,12.0,犬吠埼賞(C2),14,4.0,5,146.1,9.0,8,菅原涼太,56.0,ダ,1600.0,良,106.1,3.8,8-9-10-10,42.2,493.0,4.0,チェリスト,
2019100868,ポンテドラーゴ,2025/11/25,浦和,曇,12.0,高崎ハム賞特別(C2),12,2.0,2,38.6,7.0,4,菅原涼太,56.0,ダ,2000.0,良,134.2,1.2,4-5-7-4,40.4,489.0,-6.0,ビーチガール,22.5
2019100868,ポンテドラーゴ,2025/10/31,浦和,雨,12.0,晩秋特別(C2),12,8.0,12,22.4,5.0,6,及川烈,55.0,ダ,2000.0,稍,135.0,1.3,5-5-6-6,40.1,495.0,-3.0,キングマイネオ,
2019100868,ポンテドラーゴ,2025/09/25,浦和,曇,12.0,秋明菊特別(C1C2),11,6.0,7,,,除,藤江渉,55.0,ダ,2000.0,良,,,,,497.0,-1.0,マナコル,
2019100868,ポンテドラーゴ,2025/08/18,浦和,曇,12.0,納涼特別(C1C2),12,1.0,1,94.6,11.0,12,藤江渉,55.0,ダ,2000.0,稍,132.7,2.1,12-12-12-11,38.9,498.0,-3.0,ロットゥーラ,
2019100868,ポンテドラーゴ,2025/07/24,浦和,晴,12.0,夏の空特別(C1C2),11,6.0,7,24.7,7.0,11,藤江渉,55.0,ダ,2000.0,良,136.1,5.5,11-11-11-11,42.1,501.0,-6.0,ビリーヴィン,
2019100868,ポンテドラーゴ,2025/06/25,浦和,曇,12.0,両神山特別(C2),11,2.0,2,7.7,3.0,4,藤江渉,56.0,ダ,2000.0,不,129.7,1.7,6-6-6-5,38.3,507.0,-4.0,ウインブリエ,22.5
2019100868,ポンテドラーゴ,2025/05/28,浦和,晴,12.0,カーネーション特別(C2),12,5.0,6,11.9,6.0,4,藤江渉,56.0,ダ,2000.0,良,131.4,1.6,6-6-5-5,39.4,511.0,13.0,メイショウクラーク,22.5
2019100868,ポンテドラーゴ,2025/03/24,大井,曇,12.0,ナイキジャガー賞競走(C1C2),10,7.0,7,23.3,6.0,3,菅原涼太,55.0,ダ,1650.0,良,107.3,0.6,4-3-3-3,40.5,498.0,-2.0,ルメビーンズ,50.0
2019100868,ポンテドラーゴ,2025/03/12,大井,曇,5.0,C2六七,14,4.0,5,14.0,3.0,7,菅原涼太,56.0,ダ,1600.0,重,105.2,1.8,10-12-9-8,40.2,500.0,0.0,スカイイズユアーズ,
2019100868,ポンテドラーゴ,2025/02/21,大井,晴,7.0,C2五六,14,3.0,3,12.9,4.0,6,菅原涼太,56.0,ダ,1600.0,良,104.9,1.0,6-7-6-5,39.6,500.0,2.0,ピンネシリ,
2019100868,ポンテドラーゴ,2025/01/31,大井,晴,7.0,C2二三四(C2三),14,2.0,2,17.4,4.0,8,菅原涼太,56.0,ダ,1400.0,良,90.2,1.4,11-11-9,38.2,498.0,6.0,ゴールデンエール,
2019100868,ポンテドラーゴ,2025/01/16,大井,曇,5.0,C2五六七(C2六),13,7.0,10,15.9,4.0,4,菅原涼太,56.0,ダ,1400.0,良,89.5,1.1,7-7-8,37.4,492.0,-5.0,ゴールデンエール,15.0
2019100868,ポンテドラーゴ,2024/12/30,大井,晴,9.0,海馬賞(C1六),14,6.0,9,21.6,4.0,5,菅原涼太,56.0,ダ,1400.0,良,89.5,1.2,9-10-11,38.3,497.0,0.0,ニシケンサク,12.0
2019100868,ポンテドラーゴ,2024/12/04,大井,晴,8.0,プース・カフェ賞(C1),13,5.0,6,9.6,5.0,4,菅原涼太,56.0,ダ,1600.0,良,104.1,0.8,8-8-9-8,40.0,497.0,-4.0,サンスイシサン,18.0
2019100868,ポンテドラーゴ,2024/11/05,大井,曇,10.0,C1五六,12,4.0,4,9.2,2.0,6,石崎駿,56.0,ダ,1600.0,稍,105.5,1.1,12-12-12-12,39.9,501.0,4.0,ベストリオン,
2019100868,ポンテドラーゴ,2024/10/14,大井,晴,8.0,ヨコハマ賞(C1),14,8.0,13,22.1,8.0,2,石崎駿,56.0,ダ,1600.0,良,104.9,1.5,14-14-13-12,40.0,497.0,0.0,ケンジョー,48.0
2019100868,ポンテドラーゴ,2024/10/03,大井,曇,10.0,みずがめ座特別競走(C2三),11,7.0,8,16.2,6.0,3,石崎駿,56.0,ダ,1400.0,良,88.6,0.6,11-11-11,37.9,497.0,4.0,グレッチャー,45.0
2019100868,ポンテドラーゴ,2024/09/13,大井,晴,9.0,うお座特別競走(C2四),12,6.0,8,10.6,6.0,7,石崎駿,56.0,ダ,1600.0,良,105.1,1.3,12-12-12-12,38.2,493.0,-5.0,ボニファシオ,
2019100868,ポンテドラーゴ,2024/08/17,大井,晴,9.0,ミッドサマー特別競走(C2三),11,7.0,9,17.8,7.0,5,石崎駿,56.0,ダ,1400.0,重,90.3,0.7,11-11-10,37.7,498.0,0.0,ビーチユーミング,18.0
2019100868,ポンテドラーゴ,2024/08/16,大井,,9.0,ミッドサマー特別競走(C2三),0,7.0,9,,,,川島正太,56.0,ダ,1400.0,,,,,,,,,
2019100868,ポンテドラーゴ,2024/08/02,大井,晴,9.0,C2二三四(C2三),11,8.0,10,16.7,6.0,6,菅原涼太,55.0,ダ,1400.0,良,89.5,1.2,8-7-7,38.9,498.0,-10.0,ウインアイリーン,
2019100868,ポンテドラーゴ,2024/06/28,大井,雨,10.0,海王星特別競走(C2三),11,7.0,8,5.5,4.0,3,菅原涼太,55.0,ダ,1400.0,不,91.0,0.5,6-8-8,39.7,508.0,8.0,サファイアサーラ,45.0
2019100868,ポンテドラーゴ,2024/06/07,大井,晴,6.0,C2三四五(C2四),15,3.0,6,37.0,8.0,2,菅原涼太,55.0,ダ,1200.0,良,74.8,0.6,7-6,38.6,500.0,-3.0,クチャモザクワジャ,40.0
2019100868,ポンテドラーゴ,2024/05/17,大井,晴,7.0,C2三四五(C2四),14,7.0,11,19.2,7.0,6,菅原涼太,55.0,ダ,1200.0,稍,75.9,1.5,11-13,37.8,503.0,0.0,ノースジャスティス,
2019100868,ポンテドラーゴ,2024/04/25,大井,晴,5.0,C2五六,15,7.0,13,7.8,4.0,2,町田直希,56.0,ダ,1200.0,重,75.7,0.2,7-7,39.3,503.0,-1.0,ベネチアフレイバー,40.0
2019100868,ポンテドラーゴ,2024/04/11,大井,晴,8.0,ホール・イン・ワン賞(C2七),10,8.0,10,8.7,5.0,5,町田直希,56.0,ダ,1200.0,稍,75.4,1.4,3-2,39.8,504.0,0.0,ゴールデンレアル,10.0
2019100868,ポンテドラーゴ,2024/03/20,大井,曇,8.0,ハイ・ハット賞(C2),11,6.0,8,4.5,1.0,1,森泰斗,56.0,ダ,1200.0,良,76.0,0.0,3-3,39.8,504.0,3.0,(マイネルシュラーク),100.0
2019100868,ポンテドラーゴ,2024/02/27,大井,晴,5.0,C21213,16,1.0,2,7.2,5.0,2,大木天翔,53.0,ダ,1200.0,重,78.6,0.3,16-16,39.3,501.0,-2.0,エムオーナイナー,40.0
2019100868,ポンテドラーゴ,2024/02/11,大井,晴,8.0,オフト新潟賞競走(C2),15,5.0,9,121.8,11.0,7,大木天翔,53.0,ダ,1700.0,稍,112.4,1.5,8-9-8-7,40.8,503.0,5.0,エプルシャージュ,
2019100868,ポンテドラーゴ,2024/01/23,大井,晴,8.0,C21112,15,7.0,13,9.3,5.0,4,大木天翔,53.0,ダ,1200.0,不,76.0,0.4,7-6,39.0,498.0,-2.0,キバルスター,15.0
2019100868,ポンテドラーゴ,2023/12/30,大井,晴,7.0,C2五六,16,5.0,9,24.6,8.0,3,大木天翔,53.0,ダ,1200.0,良,76.3,0.2,16-15,38.4,500.0,6.0,ショウサンレックス,25.0
2019100868,ポンテドラーゴ,2023/12/06,大井,晴,7.0,C2八九十(C2九),14,8.0,14,53.6,8.0,4,大木天翔,53.0,ダ,1400.0,良,91.3,0.9,14-13-12,39.7,494.0,5.0,グレッチャー,15.0
2019100868,ポンテドラーゴ,2023/11/14,大井,晴,6.0,C2七八,15,4.0,7,72.0,11.0,5,大木天翔,53.0,ダ,1200.0,良,76.1,0.8,15-12,38.2,489.0,2.0,カーディストリー,10.0
2019100868,ポンテドラーゴ,2023/11/01,大井,晴,5.0,C2七八九(C2八),11,8.0,11,46.7,9.0,9,大木天翔,53.0,ダ,1600.0,良,106.6,2.4,7-8-11-11,41.2,487.0,9.0,アンチフラジャイル,
2019100868,ポンテドラーゴ,2023/10/04,大井,雨,10.0,とかげ座特別競走(C2),16,1.0,1,40.9,9.0,14,菅原涼太,55.0,ダ,1700.0,不,110.4,2.6,3-3-5-7,40.8,478.0,-6.0,ウィズフィリップ,
2019100868,ポンテドラーゴ,2023/09/18,大井,晴,8.0,ブルー・ムーン賞(C2),14,8.0,13,35.4,9.0,10,菅原涼太,55.0,ダ,1600.0,重,103.6,1.1,4-4-4-7,40.8,484.0,2.0,アイミーハイティー,
2019100868,ポンテドラーゴ,2023/09/06,大井,曇,5.0,C2五六,12,5.0,7,28.3,7.0,7,大木天翔,53.0,ダ,1600.0,重,103.1,1.3,7-7-8-9,39.9,482.0,-3.0,ソフィアコール,
2019100868,ポンテドラーゴ,2023/08/14,大井,曇,5.0,地方競馬教養センター(C2),8,3.0,3,10.1,4.0,5,菅原涼太,55.0,ダ,1600.0,不,104.0,1.7,4-4-6-7,41.0,485.0,-10.0,アースダンスレン,10.0
2019100868,ポンテドラーゴ,2023/04/03,川崎,晴,12.0,ドリーミー賞(C2二),12,4.0,4,6.3,2.0,9,中越琉世,56.0,ダ,1500.0,良,101.8,2.1,9-9-8-7,42.6,495.0,-3.0,ブルボンティアラ,
2019100868,ポンテドラーゴ,2023/02/27,川崎,晴,5.0,C2一二三(C2二),14,8.0,14,7.3,5.0,3,新原周馬,55.0,ダ,1600.0,良,106.6,0.5,5-5-6-5,41.6,498.0,2.0,コスモキルカス,25.0
2019100868,ポンテドラーゴ,2023/02/13,浦和,雨,12.0,春の月特別(C2),12,8.0,12,2.8,1.0,5,藤江渉,56.0,ダ,1500.0,不,98.1,0.6,6-4-4-3,39.8,496.0,1.0,オールイズトゥルー,15.0
2019100868,ポンテドラーゴ,2023/02/01,川崎,晴,6.0,C2四五六(C2五),12,8.0,12,2.2,1.0,2,藤江渉,56.0,ダ,1400.0,良,94.4,0.0,3-3-3-2,41.5,495.0,-7.0,フォールロワ,40.0
2019100868,ポンテドラーゴ,2023/01/04,川崎,晴,5.0,C2七八九(C2八),11,7.0,9,7.7,4.0,1,藤江渉,56.0,ダ,1400.0,良,92.8,-0.2,3-3-3-1,40.7,502.0,6.0,(カルヴァドス),100.0
2019100868,ポンテドラーゴ,2022/12/03,高知,晴,3.0,鳥取和牛特別(C3),11,2.0,2,12.7,4.0,5,井上瑛太,56.0,ダ,1300.0,重,85.9,1.2,4-4-5-3,40.5,496.0,8.0,サイレントブラック,6.0
2019100868,ポンテドラーゴ,2022/11/19,高知,曇,5.0,C3ー10,11,7.0,9,,,除,妹尾浩一,56.0,ダ,1400.0,稍,,,,,,,アメージングサン,
2019100868,ポンテドラーゴ,2022/11/05,高知,晴,1.0,C3ー14,12,6.0,8,4.7,2.0,1,宮川実,56.0,ダ,1300.0,重,86.0,-0.2,2-2-2-1,41.2,488.0,-5.0,(ディープギルドン),60.0
2019100868,ポンテドラーゴ,2022/10/23,高知,晴,9.0,騎手候補生大募集特別(C3),12,5.0,5,1.8,1.0,3,宮川実,56.0,ダ,1400.0,稍,92.3,0.1,2-2-2-2,40.6,493.0,-6.0,ナノハナバタケ,12.0
2019100868,ポンテドラーゴ,2022/10/10,高知,晴,8.0,凜空くん生誕1年特別(C3),10,4.0,4,3.5,2.0,2,宮川実,56.0,ダ,1300.0,不,84.0,0.7,6-3-3-2,39.5,499.0,8.0,ステラフィオーレ,21.0
2019100868,ポンテドラーゴ,2022/09/18,高知,雨,5.0,3歳ー3,0,8.0,11,,,,宮川実,56.0,ダ,1400.0,重,,,,,491.0,0.0,,
2019100868,ポンテドラーゴ,2022/09/04,高知,晴,4.0,3歳ー4,10,8.0,9,3.5,2.0,2,宮川実,56.0,ダ,1300.0,不,83.5,0.2,3-3-3-1,39.6,491.0,1.0,コパノオースティン,21.0
2019100868,ポンテドラーゴ,2022/08/20,高知,曇,3.0,3歳ー5,12,7.0,10,3.7,3.0,2,井上瑛太,56.0,ダ,1400.0,良,94.6,0.4,7-7-7-4,40.5,490.0,1.0,コパノオースティン,21.0
2019100868,ポンテドラーゴ,2022/07/17,高知,晴,5.0,3歳ー3,12,7.0,9,10.1,5.0,1,井上瑛太,56.0,ダ,1300.0,不,85.5,-0.1,4-4-3-3,40.1,489.0,-8.0,(ウインチャチャ),60.0
2019100868,ポンテドラーゴ,2022/07/02,高知,雨,1.0,3歳ー5,12,3.0,3,4.3,1.0,4,井上瑛太,56.0,ダ,1300.0,稍,87.4,0.3,9-9-9-5,41.1,497.0,-3.0,ノーブルブロンド,9.0
2019100868,ポンテドラーゴ,2022/04/24,1福島4,晴,3.0,3歳未勝利,15,2.0,3,250.5,13.0,8,荻野極,56.0,ダ,1700.0,良,109.0,1.7,15-15-15-15,38.8,500.0,-10.0,ナムラダイゴロー,
2019100868,ポンテドラーゴ,2022/01/05,1中山1,晴,4.0,3歳新馬,11,2.0,2,49.7,10.0,7,吉田豊,56.0,ダ,1800.0,良,120.9,2.0,11-11-11-10,40.3,510.0,0.0,エクセスリターン,
2021100669,フジサンワイシーシ,2026/07/21,盛岡,曇,1.0,C2三組,8,6.0,6,25.5,5.0,3,坂井瑛音,55.0,ダ,1400.0,良,88.4,1.8,2-3,39.6,467.0,-4.0,コスモエスメラルダ,8.6
2021100669,フジサンワイシーシ,2026/07/14,盛岡,曇,1.0,C2三組,11,7.0,8,48.0,11.0,11,坂井瑛音,55.0,ダ,1400.0,稍,89.3,2.0,1-3,41.1,471.0,1.0,ディーノサンライズ,
2021100669,フジサンワイシーシ,2026/07/07,盛岡,晴,1.0,C2三組,10,3.0,3,6.0,3.0,7,村上忍,56.0,ダ,1400.0,良,89.2,2.1,9-8,40.1,470.0,4.0,ロイエ,
2021100669,フジサンワイシーシ,2026/06/29,盛岡,晴,5.0,C2五組,10,8.0,9,40.6,7.0,2,村上忍,56.0,ダ,1200.0,良,74.2,0.2,4-4,37.3,466.0,-2.0,ソランチャン,15.1
2021100669,フジサンワイシーシ,2026/06/22,水沢,小雨,3.0,C2六組,10,2.0,2,20.5,7.0,3,塚本涼人,56.0,ダ,1400.0,不,89.4,0.6,5-5-3-3,40.1,468.0,-1.0,フォルテッシモダイ,8.6
2021100669,フジサンワイシーシ,2026/06/15,水沢,曇,4.0,C2五組,11,6.0,6,4.0,2.0,7,村上忍,56.0,ダ,1300.0,稍,85.2,0.6,5-7-8-8,39.2,469.0,0.0,ソープストーン,
2021100669,フジサンワイシーシ,2026/06/08,水沢,雨,5.0,C2四組,8,6.0,6,9.0,4.0,5,村上忍,56.0,ダ,1400.0,重,89.8,1.2,3-5-4-5,39.9,469.0,-2.0,ギオンプリンセス,3.0
2021100669,フジサンワイシーシ,2026/06/01,水沢,晴,4.0,C2五組,9,8.0,9,13.0,3.0,4,村上忍,56.0,ダ,1300.0,良,85.1,1.7,4-5-5-4,40.3,471.0,3.0,アイビースピネル,5.6
2021100669,フジサンワイシーシ,2026/05/25,盛岡,晴,3.0,C2六組,10,8.0,9,37.2,6.0,2,佐々木志,56.0,ダ,1400.0,良,87.7,0.1,2-2,39.3,468.0,-1.0,グランクリュ,15.1
2021100669,フジサンワイシーシ,2026/05/18,盛岡,晴,3.0,C2六組,9,6.0,6,6.7,4.0,4,村上忍,56.0,ダ,1200.0,良,75.9,1.1,3-3,38.6,469.0,2.0,エイシンヌチマシヌ,5.6
2021100669,フジサンワイシーシ,2026/05/05,盛岡,晴,4.0,C2五組,11,6.0,6,46.3,8.0,6,村上忍,56.0,ダ,1200.0,重,74.8,0.9,7-5,37.9,467.0,-3.0,ヤマノマタカ,
2021100669,フジサンワイシーシ,2026/04/28,水沢,曇,5.0,C2五組,11,8.0,10,7.7,3.0,8,村上忍,56.0,ダ,1400.0,良,94.4,1.2,6-6-6-6,42.1,470.0,0.0,シャイニーメイン,
2021100669,フジサンワイシーシ,2026/04/20,水沢,晴,4.0,C2六組,10,8.0,10,7.2,3.0,3,村上忍,56.0,ダ,1300.0,良,86.4,0.6,3-4-4-3,40.9,470.0,0.0,アステルグロリアス,8.6
2021100669,フジサンワイシーシ,2026/04/13,水沢,晴,5.0,C2五組,9,3.0,3,11.8,4.0,6,村上忍,56.0,ダ,1400.0,稍,92.2,2.0,4-4-4-4,40.9,470.0,5.0,ブリスタイム,
2021100669,フジサンワイシーシ,2026/04/06,水沢,晴,4.0,C2六組,10,8.0,9,55.6,9.0,2,村上忍,56.0,ダ,1300.0,稍,83.6,0.5,2-1-1-2,39.3,465.0,-4.0,セレスチャルホープ,15.1
2021100669,フジサンワイシーシ,2026/03/30,水沢,曇,3.0,C2七組,10,4.0,4,44.9,8.0,4,村上忍,56.0,ダ,1400.0,稍,92.3,0.9,4-4-4-3,41.7,469.0,2.0,エコセーズ,5.2
2021100669,フジサンワイシーシ,2026/03/23,水沢,晴,4.0,C2六組,9,8.0,10,215.2,9.0,中,村上忍,56.0,ダ,1300.0,良,,,,,467.0,2.0,ヒメカミノメガミ,
2021100669,フジサンワイシーシ,2026/03/16,水沢,曇,4.0,C2六組,8,5.0,5,26.2,7.0,7,斉藤友香,52.0,ダ,1400.0,良,96.0,1.4,5-5-5-5,43.5,465.0,-5.0,メイショウユフイン,
2021100669,フジサンワイシーシ,2026/03/09,水沢,晴,5.0,C2五組,11,3.0,3,59.2,10.0,10,村上忍,56.0,ダ,1300.0,稍,87.1,1.8,8-7-5-6,41.4,470.0,-2.0,ブレウディエス,
2021100669,フジサンワイシーシ,2025/12/31,水沢,曇,1.0,C2四組,11,8.0,11,135.2,11.0,8,塚本涼人,56.0,ダ,1400.0,重,90.7,0.6,11-11-11-10,39.3,472.0,0.0,ヒロスズラン,
2021100669,フジサンワイシーシ,2025/12/23,水沢,晴,1.0,C2四組,11,6.0,7,67.4,9.0,4,村上忍,56.0,ダ,1400.0,重,91.7,1.2,10-9-11-6,40.2,472.0,-2.0,チムドンドン,5.2
2021100669,フジサンワイシーシ,2025/12/16,水沢,曇,2.0,C2三組,12,7.0,10,82.9,9.0,7,村上忍,56.0,ダ,1400.0,重,89.6,0.7,7-7-8-7,39.7,474.0,-1.0,ジェイエルライナー,
2021100669,フジサンワイシーシ,2025/12/10,水沢,曇,2.0,C2三組,9,7.0,7,113.0,8.0,9,塚本涼人,56.0,ダ,1400.0,不,90.0,2.5,7-7-7-7,39.2,475.0,-2.0,アクアリッズ,
2021100669,フジサンワイシーシ,2025/11/30,水沢,小雨,9.0,C1,12,8.0,11,109.5,12.0,12,塚本涼人,56.0,ダ,1400.0,稍,93.9,2.9,9-9-9-10,42.3,477.0,7.0,ビップアリエル,
2021100669,フジサンワイシーシ,2025/11/16,盛岡,晴,7.0,C1,8,4.0,4,28.0,6.0,8,村上忍,56.0,ダ,1200.0,良,76.8,3.5,5-2,39.9,470.0,4.0,フェズカズマ,
2021100669,フジサンワイシーシ,2025/11/01,盛岡,曇,7.0,C1,12,2.0,2,34.7,9.0,5,村上忍,56.0,ダ,1000.0,不,61.1,1.2,2-2,36.9,466.0,2.0,トウヨウノマジョ,3.5
2021100669,フジサンワイシーシ,2025/10/20,盛岡,曇,10.0,オレアンダー賞(C1),12,5.0,6,46.0,8.0,8,鈴木祐,56.0,ダ,1200.0,稍,75.2,1.5,7-5,38.5,464.0,-23.0,パンディーロ,
2021100669,フジサンワイシーシ,2025/07/21,盛岡,小雨,4.0,C2五組,10,5.0,5,27.2,5.0,10,佐々木志,56.0,ダ,1200.0,稍,76.8,2.0,2-3,39.6,487.0,-2.0,スターチャーム,
2021100669,フジサンワイシーシ,2025/07/07,盛岡,曇,4.0,C2五組,8,7.0,7,9.5,4.0,5,塚本涼人,56.0,ダ,1200.0,良,75.0,0.6,1-1,37.9,489.0,-5.0,ゴールデンパリー,2.8
2021100669,フジサンワイシーシ,2025/06/30,水沢,曇,3.0,C2六組,9,8.0,8,4.8,4.0,3,塚本涼人,56.0,ダ,1400.0,良,91.3,0.2,2-2-2-2,40.5,494.0,3.0,ピースラピッド,8.0
2021100669,フジサンワイシーシ,2025/06/23,水沢,曇,4.0,C2五組,9,8.0,9,7.2,3.0,4,佐々木志,56.0,ダ,1300.0,稍,84.3,0.5,1-1-1-1,40.1,491.0,-1.0,ベストコレクトパリ,5.2
2021100669,フジサンワイシーシ,2025/06/16,水沢,晴,3.0,C2六組,9,8.0,9,4.7,3.0,2,村上忍,56.0,ダ,1400.0,良,92.0,0.5,2-2-1-2,41.4,492.0,5.0,ザビーチ,14.0
2021100669,フジサンワイシーシ,2025/06/09,水沢,晴,4.0,C2五組,10,8.0,9,12.4,5.0,9,村上忍,56.0,ダ,1300.0,良,85.7,2.0,5-5-4-4,40.8,487.0,6.0,インザライフ,
2021100669,フジサンワイシーシ,2025/05/26,盛岡,曇,6.0,C2四組,11,8.0,11,4.5,2.0,8,村上忍,56.0,ダ,1200.0,稍,76.0,1.2,9-8,38.0,481.0,4.0,フリムカナイデヨ,
2021100669,フジサンワイシーシ,2025/05/19,盛岡,晴,4.0,C2六組,9,8.0,8,2.8,1.0,2,村上忍,56.0,ダ,1400.0,稍,89.5,0.7,2-2,38.9,477.0,2.0,ベストホリデー,14.0
2021100669,フジサンワイシーシ,2025/05/12,盛岡,曇,4.0,C2六組,12,5.0,5,4.8,3.0,8,岩本怜,56.0,ダ,1200.0,重,76.1,1.2,3-3,40.0,475.0,-4.0,キタノベルモント,
2021100669,フジサンワイシーシ,2025/05/04,盛岡,曇,2.0,C2八組,11,2.0,2,60.2,8.0,2,村上忍,56.0,ダ,1200.0,不,74.5,0.7,3-3,38.0,479.0,0.0,ガンバンテイン,14.0
2021100669,フジサンワイシーシ,2025/04/26,水沢,晴,5.0,C2七組,8,7.0,7,7.0,4.0,3,村上忍,56.0,ダ,1300.0,良,86.9,0.4,2-3-3-2,42.0,479.0,-3.0,ノーブルジャック,8.0
2021100669,フジサンワイシーシ,2025/04/20,水沢,曇,5.0,C2八組,10,5.0,5,31.7,6.0,4,塚本涼人,56.0,ダ,1300.0,重,85.1,0.4,5-8-7-6,40.3,482.0,0.0,ギンザデノムオトコ,5.2
2021100669,フジサンワイシーシ,2025/04/14,水沢,小雨,2.0,C2六組,11,7.0,8,11.0,6.0,6,村上忍,56.0,ダ,1400.0,稍,91.2,0.8,7-9-9-7,40.0,482.0,7.0,ベストコレクトパリ,
2021100669,フジサンワイシーシ,2025/04/06,水沢,曇,4.0,C2八組,11,3.0,3,6.7,3.0,2,村上忍,56.0,ダ,1300.0,良,86.2,0.3,4-4-3-2,41.3,475.0,-5.0,アデリーヌ,14.0
2021100669,フジサンワイシーシ,2025/03/29,水沢,曇,4.0,C2八組,8,5.0,5,38.1,6.0,3,村上忍,56.0,ダ,1300.0,稍,86.8,0.6,4-5-4-3,40.4,480.0,4.0,メルティーショコラ,8.0
2021100669,フジサンワイシーシ,2025/03/23,水沢,晴,4.0,C2八組,10,8.0,9,14.1,5.0,5,村上忍,56.0,ダ,1300.0,良,87.2,0.5,8-8-7-6,40.6,476.0,-1.0,コンテントマッシモ,2.8
2021100669,フジサンワイシーシ,2025/03/16,水沢,雨,4.0,がんばれ!福島県の酪(C2),9,3.0,3,33.5,6.0,4,村上忍,56.0,ダ,1300.0,稍,86.6,1.3,3-3-4-4,40.4,477.0,-4.0,マイネルダンク,5.2
2021100669,フジサンワイシーシ,2025/03/09,水沢,晴,5.0,C2八組,11,7.0,9,33.9,8.0,8,村上忍,56.0,ダ,1300.0,稍,88.2,3.2,5-5-5-5,42.9,481.0,6.0,エムオーグリッタ,
2021100669,フジサンワイシーシ,2024/12/29,水沢,小雪,2.0,C2九組,12,8.0,11,8.0,4.0,8,村上忍,56.0,ダ,1400.0,不,93.0,1.1,6-6-5-4,42.2,475.0,-5.0,アニマルクィーン,
2021100669,フジサンワイシーシ,2024/12/22,水沢,晴,5.0,C2九組,10,6.0,6,4.3,3.0,7,村上忍,56.0,ダ,1300.0,不,85.7,0.9,3-3-1-3,41.4,480.0,0.0,ケンヴェンツェル,
2021100669,フジサンワイシーシ,2024/12/09,水沢,曇,4.0,C2八組,10,7.0,7,3.9,2.0,7,村上忍,56.0,ダ,1300.0,不,84.9,0.9,3-3-3-3,40.4,480.0,2.0,ゴールドミラクル,
2021100669,フジサンワイシーシ,2024/12/02,水沢,晴,3.0,オッズパークAI予想(C2),11,8.0,10,16.3,7.0,5,村上忍,56.0,ダ,1300.0,重,86.4,1.4,4-3-2-4,41.8,478.0,-8.0,ラヴリーディスク,2.8
2021100669,フジサンワイシーシ,2024/11/17,水沢,曇,3.0,C2九組,11,8.0,10,6.1,3.0,4,村上忍,56.0,ダ,1300.0,良,87.6,1.7,7-7-4-2,42.2,486.0,1.0,クラウンロマーニャ,5.2
2021100669,フジサンワイシーシ,2024/11/10,盛岡,晴,4.0,C2十組,11,8.0,11,5.5,2.0,5,村上忍,56.0,ダ,1200.0,良,76.9,1.4,2-2,39.7,485.0,-3.0,ドリーミンマン,2.8
2021100669,フジサンワイシーシ,2024/10/27,盛岡,曇,2.0,C2十一組,10,7.0,8,52.0,4.0,4,村上忍,56.0,ダ,1200.0,稍,76.7,2.4,5-4,39.2,488.0,0.0,アージェント,5.2
2021100669,フジサンワイシーシ,2024/10/20,盛岡,晴,3.0,盛岡市職員盛駿会会長(C2),12,6.0,7,8.5,5.0,8,村上忍,56.0,ダ,1200.0,重,78.4,2.8,2-3,41.5,488.0,-6.0,ハセノビーバー,
2021100669,フジサンワイシーシ,2024/08/11,3新潟2,晴,2.0,3歳未勝利,15,1.0,1,449.0,15.0,14,小林脩斗,55.0,ダ,1800.0,良,120.0,6.0,5-7-6-8,43.3,494.0,16.0,コスモフレディ,
2021100669,フジサンワイシーシ,2024/03/31,3中山4,晴,1.0,3歳未勝利,13,8.0,12,479.1,13.0,11,石橋脩,57.0,ダ,1800.0,稍,119.0,3.9,5-5-6-10,42.8,478.0,-2.0,ザロック,
2021100669,フジサンワイシーシ,2024/03/03,2中山4,晴,1.0,3歳未勝利,16,4.0,7,710.4,16.0,14,小林勝太,54.0,ダ,1800.0,稍,118.9,5.0,13-13-14-13,40.4,480.0,6.0,カシマエスパーダ,
2021100669,フジサンワイシーシ,2024/02/10,1東京5,晴,2.0,3歳新馬,16,7.0,13,169.1,13.0,13,小林勝太,54.0,ダ,1400.0,稍,88.2,3.0,11-11,38.1,474.0,0.0,カフェニクス,
2019106144,メダツヤツ,2026/07/14,盛岡,曇,3.0,C2一組,12,5.0,6,383.2,12.0,7,南郷家全,56.0,ダ,1400.0,稍,87.8,1.5,6-6,38.4,447.0,0.0,マーゴットフェスタ,
2019106144,メダツヤツ,2026/06/30,盛岡,晴,4.0,C2二組,11,8.0,11,100.8,10.0,7,南郷家全,56.0,ダ,1400.0,良,88.7,3.3,6-4,40.2,447.0,0.0,クリナッチ,
2019106144,メダツヤツ,2026/06/16,水沢,晴,3.0,C2一組,10,5.0,5,126.8,10.0,10,南郷家全,56.0,ダ,1400.0,良,92.3,2.5,6-7-8-10,41.6,447.0,-2.0,アークフロリナ,
2019106144,メダツヤツ,2026/06/02,水沢,晴,5.0,C2一組,9,2.0,2,14.5,6.0,8,南郷家全,56.0,ダ,1400.0,良,92.3,1.3,5-5-8-7,41.2,449.0,3.0,テーオーカバリエ,
2019106144,メダツヤツ,2026/05/18,盛岡,晴,5.0,C2四組,9,5.0,5,20.6,5.0,1,南郷家全,56.0,ダ,1200.0,良,74.4,0.0,1-1,37.4,446.0,-1.0,(カレンザブーケ),43.0
2019106144,メダツヤツ,2026/05/06,盛岡,晴,2.0,C2二組,9,1.0,1,22.2,6.0,8,南郷家全,56.0,ダ,1400.0,稍,89.8,3.4,2-3,41.7,447.0,2.0,ヒメカミノメガミ,
2019106144,メダツヤツ,2026/04/29,水沢,曇,3.0,C2二組,9,4.0,4,82.2,9.0,6,南郷家全,56.0,ダ,1400.0,稍,92.7,0.8,6-7-6-5,41.1,445.0,4.0,トキノワンカラット,
2019106144,メダツヤツ,2026/04/13,水沢,晴,8.0,C1五組,10,3.0,3,45.5,8.0,3,南郷家全,56.0,ダ,1400.0,稍,92.4,1.3,6-6-3-3,40.8,441.0,4.0,タカラクロロック,10.0
2019106144,メダツヤツ,2026/03/31,水沢,雨,9.0,C1六組,10,8.0,10,299.7,9.0,8,南郷家全,56.0,ダ,1400.0,不,90.8,2.4,7-9-9-8,39.4,437.0,-7.0,シュロス,
2019106144,メダツヤツ,2026/03/16,水沢,晴,10.0,ナーシセス賞(C1),12,6.0,7,172.7,12.0,10,南郷家全,56.0,ダ,1400.0,良,95.2,2.3,8-9-8-9,42.7,444.0,-4.0,ロングウッド,
2019106144,メダツヤツ,2025/12/23,水沢,晴,2.0,C2三組,11,6.0,6,136.9,11.0,9,南郷家全,56.0,ダ,1400.0,重,92.3,1.7,11-11-11-11,40.6,448.0,5.0,アスノヒロイン,
2019106144,メダツヤツ,2025/12/10,水沢,曇,3.0,C2二組,10,7.0,8,10.9,5.0,9,南郷家全,56.0,ダ,1400.0,不,90.1,1.1,5-6-4-7,40.0,443.0,9.0,カリータフェリス,
2019106144,メダツヤツ,2025/09/23,水沢,晴,2.0,C2二組,10,6.0,6,106.5,8.0,8,南郷家全,56.0,ダ,1400.0,良,91.1,2.5,7-7-8-7,40.0,434.0,-4.0,フューチャーアゲン,
2019106144,メダツヤツ,2025/09/09,盛岡,曇,5.0,C2一組,10,7.0,8,90.8,8.0,8,南郷家全,56.0,ダ,1400.0,良,87.8,1.5,6-6,38.0,438.0,-1.0,シントーユタカ,
2019106144,メダツヤツ,2025/09/02,盛岡,小雨,3.0,大船渡市観光物産協会(C2),9,7.0,7,6.7,4.0,4,南郷家全,56.0,ダ,1400.0,稍,88.1,0.8,3-2,38.7,439.0,2.0,ハイプボーイ,5.2
2019106144,メダツヤツ,2025/08/19,盛岡,晴,2.0,C2二組,9,2.0,2,4.0,2.0,6,南郷家全,56.0,ダ,1400.0,良,89.0,0.4,5-3,39.7,437.0,-4.0,モズヤッパリネ,
2019106144,メダツヤツ,2025/08/05,盛岡,曇,1.0,C2三組,9,8.0,9,10.6,7.0,3,佐々木志,56.0,ダ,1400.0,不,86.5,0.2,3-2,37.6,441.0,1.0,ビッグロジールーフ,8.0
2019106144,メダツヤツ,2025/07/21,盛岡,雨,3.0,C2六組,10,2.0,2,7.9,4.0,1,南郷家全,56.0,ダ,1200.0,良,76.0,-0.4,5-1,38.4,440.0,1.0,(サントリーニブルー),40.0
2019106144,メダツヤツ,2025/07/13,盛岡,晴,5.0,C2七組,10,4.0,4,21.5,7.0,5,南郷家全,56.0,ダ,1200.0,良,75.4,0.8,5-5,38.0,439.0,-4.0,サクラマウ,2.8
2019106144,メダツヤツ,2025/06/29,水沢,晴,5.0,C2七組,10,7.0,8,10.5,3.0,6,南郷家全,56.0,ダ,1300.0,良,85.3,1.2,6-6-5-6,39.3,443.0,-5.0,バリブラック,
2019106144,メダツヤツ,2025/06/23,水沢,曇,3.0,C2六組,9,7.0,7,2.8,2.0,7,塚本涼人,56.0,ダ,1300.0,稍,84.7,1.4,3-3-3-5,40.3,448.0,-5.0,ネコニコタツ,
2019106144,メダツヤツ,2025/06/09,水沢,晴,4.0,C2五組,10,6.0,6,18.8,7.0,3,南郷家全,56.0,ダ,1300.0,良,84.7,1.0,5-7-6-5,39.4,453.0,4.0,インザライフ,8.0
2019106144,メダツヤツ,2025/05/26,盛岡,晴,5.0,C2五組,10,1.0,1,8.9,3.0,3,南郷家全,56.0,ダ,1200.0,重,75.7,1.1,3-3,38.3,449.0,1.0,ローゼンモンターク,8.0
2019106144,メダツヤツ,2025/05/12,盛岡,曇,5.0,C2五組,12,5.0,6,8.2,4.0,6,南郷家全,56.0,ダ,1200.0,重,75.6,0.7,5-4,38.7,448.0,3.0,アデリーヌ,
2019106144,メダツヤツ,2025/05/04,盛岡,曇,4.0,C2六組,12,6.0,8,14.2,7.0,3,南郷家全,56.0,ダ,1200.0,不,74.6,0.5,5-5,35.9,445.0,-2.0,スマイルウェーブ,8.0
2019106144,メダツヤツ,2025/04/27,水沢,晴,3.0,C2五組,9,2.0,2,34.8,7.0,8,塚本涼人,56.0,ダ,1400.0,良,94.1,2.4,1-1-1-4,43.0,447.0,-3.0,オクシタニア,
2019106144,メダツヤツ,2025/04/15,水沢,曇,1.0,C2三組,10,1.0,1,21.4,8.0,10,菅原辰徳,56.0,ダ,1400.0,不,92.7,2.8,3-4-9-10,42.1,450.0,1.0,ウィンカラー,
2019106144,メダツヤツ,2025/03/29,水沢,曇,8.0,C1,11,8.0,11,53.3,11.0,11,小林凌,56.0,ダ,1400.0,稍,93.7,1.1,5-6-5-8,41.1,449.0,2.0,テンマ,
2019106144,メダツヤツ,2025/03/16,水沢,雨,8.0,滝観洞賞(C1),9,4.0,4,35.4,7.0,8,塚本涼人,56.0,ダ,1400.0,稍,93.7,3.2,4-4-5-6,42.3,447.0,4.0,ビッグロジールーフ,
2019106144,メダツヤツ,2024/12/30,水沢,晴,3.0,C1,12,1.0,1,18.7,6.0,8,塚本涼人,56.0,ダ,1400.0,不,91.4,1.7,8-8-8-8,40.7,443.0,-10.0,ダンジュカリユシ,
2019106144,メダツヤツ,2024/11/11,盛岡,晴,7.0,C1,12,3.0,3,9.0,4.0,8,南郷家全,56.0,ダ,1200.0,良,76.4,1.1,7-7,39.2,453.0,8.0,シャノンファンキー,
2019106144,メダツヤツ,2024/10/27,盛岡,曇,10.0,鵜の巣断崖賞(C1),10,5.0,5,5.3,2.0,8,南郷家全,56.0,ダ,1600.0,稍,104.3,1.9,4-3,41.9,445.0,-1.0,グッドブルースカイ,
2019106144,メダツヤツ,2024/10/13,盛岡,晴,10.0,お陰様で30年競馬シ(C1),12,6.0,8,2.9,2.0,4,南郷家全,56.0,ダ,1200.0,良,75.4,1.2,3-4,38.9,446.0,-1.0,ビッグヒップルーフ,5.9
2019106144,メダツヤツ,2024/09/29,水沢,晴,11.0,C1七組,11,4.0,4,8.1,4.0,3,南郷家全,56.0,ダ,1400.0,良,91.5,0.5,1-1-1-1,40.5,447.0,-4.0,ウインディ,9.0
2019106144,メダツヤツ,2024/05/20,盛岡,雨,6.0,B2,12,6.0,7,10.4,4.0,2,南郷家全,56.0,ダ,1200.0,稍,74.8,0.2,9-4,37.7,451.0,0.0,ラッピングカラーズ,19.3
2019106144,メダツヤツ,2024/04/15,水沢,晴,8.0,C1,10,8.0,10,13.7,4.0,6,南郷家全,56.0,ダ,1300.0,良,84.8,1.7,10-10-7-7,40.8,451.0,7.0,アウトレイジング,
2019106144,メダツヤツ,2024/03/31,水沢,晴,10.0,C1,11,5.0,5,22.3,7.0,2,南郷家全,56.0,ダ,1300.0,重,82.6,0.0,9-9-9-6,38.4,444.0,-1.0,ボンジュールリーゼ,15.8
2019106144,メダツヤツ,2024/03/18,水沢,曇,7.0,C1,10,8.0,10,43.1,7.0,2,南郷家全,56.0,ダ,1300.0,重,83.9,0.4,8-8-6-4,39.2,445.0,10.0,ネイチャーミヤビ,15.8
2019106144,メダツヤツ,2023/12/25,水沢,曇,6.0,B2,12,4.0,4,30.1,7.0,6,南郷家全,56.0,ダ,1400.0,不,90.5,0.8,10-8-8-6,39.7,435.0,-5.0,リュッカクローナ,
2019106144,メダツヤツ,2023/12/12,水沢,雨,4.0,B2,10,5.0,5,22.5,7.0,7,南郷家全,56.0,ダ,1400.0,不,89.4,1.7,8-7-7-6,39.0,440.0,2.0,クライアウト,
2019106144,メダツヤツ,2023/11/28,水沢,雨,8.0,B2,10,7.0,8,8.2,3.0,7,南郷家全,56.0,ダ,1400.0,不,89.1,0.7,5-5-4-5,38.4,438.0,4.0,エアリエル,
2019106144,メダツヤツ,2023/11/13,盛岡,曇,7.0,孫達へ贈るハイセは頑(B2),12,7.0,9,20.5,6.0,7,南郷家全,56.0,ダ,1400.0,不,89.0,1.5,8-5,39.7,434.0,-4.0,アルコローザ,
2019106144,メダツヤツ,2023/10/30,盛岡,晴,9.0,B2,12,5.0,6,33.6,7.0,4,南郷家全,56.0,ダ,1200.0,良,74.9,0.9,6-4,38.5,438.0,7.0,トーセンジンライム,6.9
2019106144,メダツヤツ,2023/10/15,盛岡,小雨,10.0,B2二組,10,2.0,2,101.0,10.0,10,南郷家全,56.0,ダ,1600.0,重,101.9,3.5,4-4,,431.0,-17.0,ビヨンドザドリーム,
2019106144,メダツヤツ,2023/07/02,盛岡,曇,9.0,ステルヴィオ特別(C1),11,4.0,4,3.6,2.0,9,南郷家全,56.0,ダ,1400.0,稍,89.0,2.5,2-3,40.5,448.0,2.0,ガマン,
2019106144,メダツヤツ,2023/06/05,水沢,晴,10.0,シェパーズパース賞(C1),8,2.0,2,1.7,1.0,2,南郷家全,56.0,ダ,1300.0,良,83.7,0.1,2-2-2-1,40.0,446.0,-6.0,コスモマーヴィ,15.1
2019106144,メダツヤツ,2023/05/09,盛岡,晴,6.0,C1,12,5.0,6,4.9,3.0,4,南郷家全,56.0,ダ,1000.0,重,60.9,0.4,5-5,36.6,452.0,5.0,キンジトー,5.6
2019106144,メダツヤツ,2023/04/10,水沢,晴,10.0,ブッシュローズ賞(C1),11,7.0,8,3.9,2.0,2,南郷家全,56.0,ダ,1300.0,稍,83.7,0.6,10-9-7-5,39.0,447.0,1.0,アザル,15.1
2019106144,メダツヤツ,2023/03/26,水沢,雨,9.0,C1四組,11,2.0,2,3.3,2.0,2,南郷家全,56.0,ダ,1400.0,不,88.6,1.1,7-6-6-4,38.6,446.0,0.0,ゴールデンギフト,15.1
2019106144,メダツヤツ,2023/03/13,水沢,雨,7.0,C1,11,5.0,5,2.3,1.0,4,南郷家全,56.0,ダ,1300.0,良,84.8,0.6,3-3-2-1,40.6,446.0,11.0,ジェミニテソーロ,5.6
2019106144,メダツヤツ,2022/12/19,水沢,小雪,6.0,C2五組,12,5.0,5,3.1,2.0,1,南郷家全,56.0,ダ,1400.0,不,90.0,-0.8,1-1-1-1,39.7,435.0,-4.0,(フィアレスデザイア),32.0
2019106144,メダツヤツ,2022/12/05,水沢,小雪,3.0,C2六組,11,8.0,11,2.2,1.0,2,南郷家全,56.0,ダ,1400.0,稍,91.8,0.4,6-5-3-1,40.3,439.0,-4.0,サソリザ,11.2
2019106144,メダツヤツ,2022/11/21,盛岡,曇,1.0,C2,10,8.0,9,1.4,1.0,2,南郷家全,56.0,ダ,1000.0,良,62.1,0.1,3-3,37.4,443.0,5.0,セレブナヴィーナス,10.5
2019106144,メダツヤツ,2022/10/30,盛岡,晴,2.0,C2七組,8,1.0,1,2.9,2.0,2,南郷家全,56.0,ダ,1200.0,良,75.7,0.1,1-1,39.3,438.0,2.0,アラリンホルン,10.5
2019106144,メダツヤツ,2022/10/23,盛岡,晴,2.0,C2十組,9,1.0,1,1.7,1.0,2,南郷家全,56.0,ダ,1200.0,稍,76.1,0.0,1-1,39.8,436.0,-4.0,キリシマミッチー,10.5
2019106144,メダツヤツ,2022/08/06,1札幌5,晴,4.0,3歳未勝利,14,4.0,6,51.3,10.0,11,黛弘人,56.0,ダ,1700.0,良,110.4,3.0,4-4-2-5,41.9,440.0,6.0,バンクロール,
2019106144,メダツヤツ,2022/07/16,1函館11,小雨,4.0,3歳未勝利,14,5.0,8,138.5,12.0,6,黛弘人,56.0,ダ,1700.0,稍,107.8,2.1,10-10-8-6,38.9,434.0,-18.0,ワンダフルヘヴン,
2019106144,メダツヤツ,2022/06/19,3東京6,晴,3.0,3歳未勝利,16,6.0,11,191.6,14.0,7,原優介,53.0,ダ,1600.0,良,99.3,3.3,12-12,38.7,452.0,2.0,メンアットワーク,
2019106144,メダツヤツ,2022/02/16,船橋,晴,9.0,ベストビット特別(3歳未格),11,2.0,2,66.3,10.0,7,今野忠成,56.0,ダ,1700.0,重,112.1,3.3,7-6-3-3,42.8,450.0,-10.0,ロマンスグレー,
2019106144,メダツヤツ,2021/10/31,4東京8,曇,4.0,2歳新馬,15,2.0,4,96.3,12.0,14,野中悠太,55.0,ダ,1600.0,良,104.0,4.1,7-10,40.7,460.0,0.0,ペイシャエス,
2020103948,ツワモノ,2026/07/06,盛岡,曇,3.0,C2五組,8,8.0,8,18.7,3.0,2,高松亮,56.0,ダ,1400.0,良,87.6,0.5,2-2,40.2,493.0,-1.0,トリプルバレル,15.1
2020103948,ツワモノ,2026/06/30,盛岡,晴,3.0,C2三組,11,4.0,4,7.2,4.0,11,山本聡紀,56.0,ダ,1400.0,良,89.0,2.6,8-8,40.0,494.0,5.0,パワームーブ,
2020103948,ツワモノ,2026/06/16,水沢,晴,1.0,C2三組,9,8.0,9,14.5,7.0,1,高松亮,56.0,ダ,1400.0,良,90.2,-0.1,3-3-1-1,41.1,489.0,-1.0,(コスモピエドラ),43.0
2020103948,ツワモノ,2026/06/02,水沢,晴,3.0,C2三組,8,2.0,2,7.6,3.0,8,高松亮,56.0,ダ,1400.0,良,92.7,1.9,5-4-5-7,41.9,490.0,-2.0,ワイドマルガリータ,
2020103948,ツワモノ,2026/05/19,盛岡,晴,2.0,C2三組,9,2.0,2,2.6,1.0,8,佐々木志,56.0,ダ,1400.0,良,90.8,2.2,6-7,40.5,492.0,-2.0,カールルイコ,
2020103948,ツワモノ,2026/05/06,盛岡,晴,1.0,C2三組,8,5.0,5,8.3,2.0,2,佐々木志,56.0,ダ,1400.0,稍,87.6,0.3,3-2,38.1,494.0,-3.0,セレスチャルホープ,15.1
2020103948,ツワモノ,2026/04/21,水沢,曇,1.0,C2四組,9,5.0,5,7.2,4.0,4,小林凌,56.0,ダ,1400.0,稍,94.2,0.3,3-3-3-4,42.0,497.0,-1.0,キタノパッション,5.6
2020103948,ツワモノ,2026/04/05,水沢,曇,4.0,C2八組,11,5.0,5,1.3,1.0,5,山本政聡,56.0,ダ,1300.0,重,83.7,0.8,1-1-2-2,39.4,498.0,-5.0,フォルテッシモダイ,3.0
2020103948,ツワモノ,2026/03/22,水沢,晴,4.0,C2八組,10,7.0,8,4.9,3.0,2,山本政聡,56.0,ダ,1300.0,良,85.8,1.1,3-3-2-2,40.4,503.0,1.0,ロードアブソルート,14.0
2020103948,ツワモノ,2026/03/08,水沢,曇,3.0,C2九組,9,1.0,1,2.2,1.0,2,山本政聡,56.0,ダ,1300.0,稍,86.0,0.1,3-3-4-3,40.4,502.0,-3.0,フークアーデル,14.0
2020103948,ツワモノ,2026/02/06,川崎,晴,7.0,C3一二,11,1.0,1,59.1,7.0,9,池谷匠翔,56.0,ダ,1400.0,良,96.0,5.1,5-5-9-8,43.0,505.0,14.0,ジーヴル,
2020103948,ツワモノ,2026/01/02,川崎,晴,3.0,いろはかるた賞(C3),14,8.0,14,144.0,9.0,12,菅原涼太,56.0,ダ,1400.0,稍,95.0,3.1,4-1-3-6,42.7,491.0,-1.0,クウレイナニ,
2020103948,ツワモノ,2025/12/17,川崎,晴,12.0,2025川崎ジョッキ(C2),13,7.0,12,78.0,10.0,5,田中涼,56.0,ダ,1600.0,稍,108.8,1.5,11-11-12-12,41.6,492.0,1.0,テンダリー,11.0
2020103948,ツワモノ,2025/12/09,船橋,晴,6.0,馬い!卵はサンサンエ(C2),12,4.0,4,446.3,12.0,9,菅原涼太,56.0,ダ,1500.0,良,100.1,3.9,4-4-5-4,41.5,491.0,-3.0,リカード,
2020103948,ツワモノ,2025/11/19,川崎,晴,5.0,C2三四五(C2四),12,1.0,1,274.1,12.0,10,菅原涼太,56.0,ダ,1400.0,良,95.1,3.9,8-9-11-10,42.3,494.0,0.0,パーティーガール,
2020103948,ツワモノ,2025/10/13,川崎,曇,12.0,大仏賞(C2二),13,3.0,4,59.0,8.0,13,菅原涼太,56.0,ダ,1500.0,良,101.0,3.7,5-4-9-10,43.1,494.0,2.0,エコロスヴァル,
2020103948,ツワモノ,2025/09/23,浦和,晴,6.0,梨の都の護神シラオ仮(C2),12,2.0,2,88.0,9.0,7,藤江渉,56.0,ダ,1400.0,良,91.5,1.0,7-7-7-7,39.8,492.0,-6.0,アデラパフューム,
2020103948,ツワモノ,2025/09/08,川崎,晴,12.0,ゴールドコースト賞(C2),14,7.0,11,167.0,10.0,10,菅原涼太,56.0,ダ,1500.0,稍,100.7,3.1,1-1-2-4,43.4,498.0,-4.0,ペータース,
2020103948,ツワモノ,2025/08/26,川崎,晴,12.0,ファイナルアンサー賞(C2),12,4.0,4,18.2,7.0,11,菅原涼太,56.0,ダ,1400.0,良,96.2,3.0,5-4-8-10,43.7,502.0,14.0,リラスカイ,
2020103948,ツワモノ,2025/08/05,川崎,晴,9.0,C2四五六(C2五),9,4.0,4,105.0,9.0,9,櫻井光輔,56.0,ダ,1500.0,良,101.9,4.1,6-5-9-9,44.4,488.0,0.0,スパローズ,
2020103948,ツワモノ,2025/07/22,浦和,晴,6.0,C2三四,8,6.0,6,31.7,5.0,7,櫻井光輔,56.0,ダ,1400.0,良,93.6,4.2,6-4-6-6,42.3,488.0,-2.0,マラカイト,
2020103948,ツワモノ,2025/07/09,川崎,晴,12.0,2025川崎ジョッキ(C2),14,8.0,14,14.1,5.0,14,櫻井光輔,56.0,ダ,1500.0,良,102.0,3.9,3-3-4-10,44.5,490.0,-11.0,クレーネ,
2020103948,ツワモノ,2025/03/05,川崎,雨,12.0,2025川崎ジョッキ(C2),14,6.0,10,6.6,5.0,4,藤江渉,56.0,ダ,1500.0,不,100.3,0.3,1-1-1-1,43.0,501.0,0.0,サザンフルーヴ,16.5
2020103948,ツワモノ,2025/02/04,川崎,晴,6.0,インディ賞(C2),14,7.0,11,241.8,12.0,14,七夕裕次,56.0,ダ,1500.0,稍,101.0,3.5,3-3-3-7,43.2,501.0,3.0,ビナサイゴン,
2020103948,ツワモノ,2025/01/22,船橋,晴,12.0,2024Jockey(C2),13,7.0,10,25.9,10.0,13,本橋孝太,56.0,ダ,2200.0,良,152.5,2.9,2-2-2-3,43.5,498.0,-3.0,ココリアイランド,
2020103948,ツワモノ,2025/01/01,川崎,晴,7.0,三茄子賞(C2),14,4.0,5,71.2,7.0,14,落合玄太,56.0,ダ,1500.0,良,102.0,4.4,2-2-6-8,44.1,501.0,-1.0,カラリパヤット,
2020103948,ツワモノ,2024/12/16,船橋,晴,8.0,C1七八,11,1.0,1,131.0,11.0,11,千野稜真,53.0,ダ,1200.0,良,77.9,2.1,4-6-8,40.1,502.0,6.0,スキーサンダー,
2020103948,ツワモノ,2024/11/21,浦和,晴,8.0,浦和エイトチャレンジ(C1),10,5.0,5,40.1,8.0,8,千野稜真,53.0,ダ,1500.0,稍,99.1,2.9,7-7-8-8,40.0,496.0,-1.0,キングフリオーソ,
2020103948,ツワモノ,2024/11/12,川崎,晴,7.0,檸檬賞(C1),11,8.0,11,22.8,7.0,10,千野稜真,53.0,ダ,1500.0,稍,99.5,3.5,3-3-3-7,43.3,497.0,2.0,ホッコーソムニウム,
2020103948,ツワモノ,2024/10/30,船橋,晴,8.0,馬い!淡路玉ねぎ食べ(C1),9,7.0,7,16.1,4.0,8,千野稜真,53.0,ダ,1600.0,重,110.1,5.3,3-3-6-8,44.9,495.0,2.0,ラティサワー,
2020103948,ツワモノ,2024/10/08,川崎,雨,6.0,YJSトライアルラウ(C2),14,3.0,4,4.4,2.0,2,千野稜真,56.0,ダ,1600.0,重,108.5,1.1,2-1-1-1,42.2,493.0,2.0,ケイツーバルボア,80.0
2020103948,ツワモノ,2024/09/04,川崎,晴,12.0,2024川崎ジョッキ(C2),14,4.0,6,5.3,2.0,1,田中涼,56.0,ダ,1500.0,重,99.9,-0.9,2-2-2-1,41.5,491.0,2.0,(マグノリアレーン),100.0
2020103948,ツワモノ,2024/08/05,川崎,曇,10.0,ナイル賞(C2),14,6.0,10,8.6,4.0,10,佐野遥久,53.0,ダ,1500.0,良,100.0,1.1,4-4-3-5,41.2,489.0,-2.0,キタダケ,
2020103948,ツワモノ,2024/07/25,川崎,曇,12.0,麦藁菊賞(C2四),14,8.0,13,16.4,6.0,2,小林捺花,52.0,ダ,1500.0,良,98.0,0.4,2-2-1-2,39.7,491.0,0.0,ダートレイジング,40.0
2020103948,ツワモノ,2024/07/05,川崎,晴,8.0,コリアンダー賞(C3),10,8.0,9,12.4,5.0,1,小林捺花,52.0,ダ,1500.0,良,98.9,-0.2,2-2-1-1,41.2,491.0,-2.0,(ユーロックデュード),120.0
2020103948,ツワモノ,2024/06/12,川崎,晴,4.0,ヴェルザンディ賞(C2),14,4.0,6,37.6,6.0,11,岡村健司,56.0,ダ,2000.0,良,138.4,4.7,3-4-5-5,44.3,493.0,1.0,サングラデーション,
2020103948,ツワモノ,2024/05/23,浦和,晴,8.0,上尾市観光協会あっぽ(C2),11,8.0,11,24.6,8.0,4,西啓太,56.0,ダ,1500.0,稍,100.3,2.2,5-4-4-3,41.0,492.0,1.0,アプレイザー,15.0
2020103948,ツワモノ,2024/05/09,川崎,曇,5.0,C2八九,12,6.0,8,48.3,9.0,10,小林捺花,52.0,ダ,1400.0,稍,94.4,2.3,8-7-7-7,41.7,491.0,-4.0,クレテイユ,
2020103948,ツワモノ,2024/04/05,川崎,曇,7.0,C2八九,12,5.0,5,48.4,7.0,3,小林捺花,52.0,ダ,1400.0,重,93.4,1.7,3-3-4-4,41.5,495.0,-7.0,ノベンバーステップ,25.0
2020103948,ツワモノ,2024/03/15,川崎,晴,4.0,C2九十,11,5.0,5,22.3,6.0,11,藤江渉,56.0,ダ,1400.0,稍,99.2,6.7,8-8-11-11,45.8,502.0,3.0,マツリダダリ,
2020103948,ツワモノ,2024/02/02,川崎,曇,7.0,令和6年能登半島地震(C2),12,1.0,1,5.1,2.0,11,野畑凌,56.0,ダ,1400.0,良,96.5,3.7,6-5-6-8,43.9,499.0,3.0,エターナルジェイド,
2020103948,ツワモノ,2024/01/03,川崎,晴,12.0,2024川崎ジョッキ(C3),14,6.0,9,3.6,2.0,1,藤江渉,56.0,ダ,1500.0,良,100.2,-0.6,1-2-1-1,41.7,496.0,10.0,(ベニノボルト),90.0
2020103948,ツワモノ,2023/12/13,川崎,晴,2.0,カンパネッロ特別(3歳),9,8.0,9,5.3,3.0,3,藤本現暉,56.0,ダ,1400.0,稍,96.1,1.4,3-3-2-2,43.2,486.0,-6.0,シャイニングヒカリ,30.0
2020103948,ツワモノ,2023/12/01,船橋,晴,5.0,3歳二三,12,1.0,1,21.6,6.0,10,藤本現暉,56.0,ダ,1500.0,良,100.3,3.6,5-5-6-7,42.2,492.0,-6.0,テクノダイヤモンド,
2020103948,ツワモノ,2023/10/23,盛岡,晴,10.0,スイートアリッサム賞(C1),11,4.0,4,3.8,2.0,2,鈴木祐,56.0,ダ,1400.0,重,86.4,0.0,4-3,37.6,498.0,4.0,デルマアシュラ,15.1
2020103948,ツワモノ,2023/10/09,盛岡,曇,8.0,楽天ポイント貯まる使(C1),11,7.0,9,11.6,5.0,2,鈴木祐,56.0,ダ,1400.0,稍,88.1,0.1,1-1,40.2,494.0,9.0,レヴァンツォ,15.1
2020103948,ツワモノ,2023/09/03,水沢,晴,12.0,不来方賞(重賞),9,1.0,1,96.1,7.0,9,佐々木志,56.0,ダ,2000.0,良,139.7,10.9,9-9-9-9,45.3,485.0,3.0,ルーンファクター,
2020103948,ツワモノ,2023/08/22,水沢,晴,6.0,3歳C1三組,7,6.0,6,4.6,3.0,1,佐々木志,53.0,ダ,1400.0,稍,89.9,-0.8,4-4-4-3,40.4,482.0,-8.0,(メルキュリオ),50.0
2020103948,ツワモノ,2023/08/06,盛岡,曇,11.0,やまびこ賞(重賞),12,8.0,12,161.6,12.0,12,鈴木祐,56.0,ダ,1800.0,良,119.1,4.0,3-3-5-12,40.8,490.0,-1.0,ルーンファクター,
2020103948,ツワモノ,2023/07/24,盛岡,晴,6.0,3歳C1三組,9,2.0,2,5.0,2.0,9,小林凌,56.0,ダ,1400.0,良,89.8,1.7,4-6,40.0,491.0,-5.0,レラカムイ,
2020103948,ツワモノ,2023/07/02,盛岡,曇,2.0,3歳C2一組,10,6.0,6,3.8,3.0,4,小林凌,56.0,ダ,1200.0,稍,74.9,2.9,2-3,39.9,496.0,6.0,セイグッドラック,5.2
2020103948,ツワモノ,2023/06/19,水沢,晴,3.0,3歳C2五組,9,1.0,1,8.6,5.0,1,小林凌,56.0,ダ,1300.0,良,83.0,-0.3,1-1-1-1,39.6,490.0,6.0,(ビターモンスター),40.0
2020103948,ツワモノ,2023/05/14,1新潟6,曇,1.0,3歳未勝利,16,7.0,13,57.7,12.0,16,水沼元輝,53.0,芝,1800.0,良,111.0,4.1,8-8,38.6,484.0,-8.0,コスモスプモーニ,
2020103948,ツワモノ,2023/03/26,3中山2,雨,5.0,3歳未勝利,16,8.0,16,139.7,10.0,12,木幡巧也,56.0,芝,1800.0,不,116.9,3.0,8-7-5-7,40.6,492.0,2.0,コスモフリーゲン,
2020103948,ツワモノ,2022/12/04,5中山2,晴,4.0,2歳新馬,15,3.0,4,55.2,11.0,14,黛弘人,55.0,ダ,1800.0,良,121.8,5.5,7-8-14-14,41.5,490.0,0.0,タイセイマンボ,
2020106125,ダンソンラローズ,2026/07/20,盛岡,曇,4.0,街を守る盛岡市消防団(C2),8,4.0,4,5.5,4.0,2,佐々木志,54.0,ダ,1400.0,良,88.1,0.4,7-6,38.6,454.0,0.0,グディカンワル,15.1
2020106125,ダンソンラローズ,2026/07/14,盛岡,曇,1.0,C2三組,11,6.0,6,23.0,7.0,10,佐々木志,54.0,ダ,1400.0,稍,88.9,1.6,3-5,40.5,454.0,7.0,ディーノサンライズ,
2020106125,ダンソンラローズ,2026/06/29,盛岡,晴,6.0,C2四組,10,2.0,2,31.2,9.0,5,佐々木志,54.0,ダ,1200.0,良,73.9,1.4,8-7,37.4,447.0,-8.0,ハナカホノカ,3.0
2020106125,ダンソンラローズ,2026/06/23,水沢,曇,1.0,C2三組,10,6.0,6,161.5,10.0,7,佐々木志,54.0,ダ,1400.0,不,89.0,1.0,9-9-8-8,39.0,455.0,0.0,ヤマニンエピクーレ,
2020106125,ダンソンラローズ,2026/06/16,水沢,晴,2.0,C2二組,9,8.0,9,129.6,9.0,8,佐々木志,54.0,ダ,1400.0,良,91.9,2.0,4-6-6-8,41.1,455.0,-4.0,ライヴケチャップ,
2020106125,ダンソンラローズ,2026/04/14,水沢,晴,7.0,C1,11,4.0,4,153.6,11.0,9,塚本涼人,54.0,ダ,1400.0,良,93.7,2.0,8-6-9-9,41.0,459.0,5.0,ウインディ,
2020106125,ダンソンラローズ,2026/03/30,水沢,曇,10.0,C1,11,1.0,1,151.5,11.0,8,坂井瑛音,52.0,ダ,1400.0,稍,93.4,1.7,9-10-11-11,40.2,454.0,-1.0,スリーヘリオス,
2020106125,ダンソンラローズ,2026/03/17,水沢,晴,7.0,C1,11,2.0,2,161.6,11.0,7,坂井瑛音,52.0,ダ,1400.0,良,94.7,1.5,11-11-11-9,42.0,455.0,-3.0,スーパーリベロ,
2020106125,ダンソンラローズ,2025/12/31,水沢,曇,7.0,C1,11,7.0,9,88.0,10.0,10,佐々木志,54.0,ダ,1400.0,重,91.2,1.5,3-5-5-8,40.6,458.0,4.0,ヴィキャンデル,
2020106125,ダンソンラローズ,2025/12/15,水沢,曇,8.0,C1,10,7.0,7,198.4,10.0,8,小林凌,54.0,ダ,1400.0,不,90.3,1.4,6-8-9-7,40.2,454.0,-6.0,オスマン,
2020106125,ダンソンラローズ,2025/12/01,水沢,曇,8.0,C1,12,6.0,7,230.9,12.0,10,小林凌,54.0,ダ,1400.0,稍,92.5,2.5,10-11-11-11,40.3,460.0,4.0,クリノフローレンス,
2020106125,ダンソンラローズ,2025/11/18,盛岡,小雪,6.0,C1,12,3.0,3,86.1,9.0,6,佐々木志,54.0,ダ,1200.0,良,75.2,2.2,11-10,37.8,456.0,0.0,シスター,
2020106125,ダンソンラローズ,2025/10/27,盛岡,小雨,9.0,B2,12,7.0,10,93.1,11.0,12,佐々木志,54.0,ダ,1400.0,稍,89.7,3.0,5-10,40.4,456.0,12.0,リベルテ,
2020106125,ダンソンラローズ,2025/07/27,盛岡,曇,9.0,C1四組,9,3.0,3,3.6,2.0,7,佐々木志,54.0,ダ,1400.0,良,90.2,1.9,9-9,39.7,444.0,4.0,スピリットクークス,
2020106125,ダンソンラローズ,2025/07/08,盛岡,晴,3.0,C2二組,9,3.0,3,30.8,9.0,2,塚本涼人,54.0,ダ,1400.0,良,87.3,0.4,9-9,37.4,440.0,-14.0,ケイアイマボラ,14.0
2020106125,ダンソンラローズ,2025/07/01,水沢,曇,3.0,C2一組,9,1.0,1,14.5,6.0,8,佐々木志,54.0,ダ,1400.0,良,92.1,1.7,8-8-9-9,39.9,454.0,4.0,ガンバンテイン,
2020106125,ダンソンラローズ,2025/06/17,水沢,晴,3.0,C2一組,11,6.0,6,49.2,11.0,7,佐々木志,54.0,ダ,1400.0,良,90.6,1.3,10-10-10-10,38.8,450.0,-4.0,エールヴァーゲ,
2020106125,ダンソンラローズ,2025/06/10,水沢,曇,5.0,C2一組,10,6.0,6,36.2,5.0,8,塚本涼人,54.0,ダ,1400.0,良,91.4,1.4,4-4-3-6,41.1,454.0,3.0,ローゼンモンターク,
2020106125,ダンソンラローズ,2025/06/03,盛岡,曇,2.0,C2二組,9,7.0,7,10.6,6.0,1,佐々木志,54.0,ダ,1400.0,良,89.1,-0.3,4-4,37.7,451.0,0.0,(オラフ),40.0
2020106125,ダンソンラローズ,2025/05/26,盛岡,曇,6.0,C2四組,11,2.0,2,6.0,4.0,2,小林凌,54.0,ダ,1200.0,稍,75.0,0.2,7-6,37.4,451.0,-1.0,フリムカナイデヨ,14.0
2020106125,ダンソンラローズ,2025/05/19,盛岡,晴,5.0,C2五組,10,5.0,5,16.5,5.0,3,小林凌,54.0,ダ,1400.0,稍,89.4,0.8,6-4,39.0,452.0,3.0,スリーブリランテ,8.0
2020106125,ダンソンラローズ,2025/05/11,盛岡,曇,4.0,C2九組,10,6.0,6,30.6,6.0,1,小林凌,54.0,ダ,1200.0,重,75.2,-0.1,7-6,37.4,449.0,-1.0,(ジュンツーポイント),40.0
2020106125,ダンソンラローズ,2025/05/03,盛岡,晴,5.0,C2九組,12,1.0,1,28.8,10.0,8,佐々木志,54.0,ダ,1200.0,重,76.6,1.8,10-9,39.0,450.0,0.0,セザンディーヴァ,
2020106125,ダンソンラローズ,2025/04/26,水沢,晴,3.0,C2九組,8,3.0,3,1.6,1.0,2,佐々木志,54.0,ダ,1300.0,良,87.5,0.6,7-7-7-6,40.9,450.0,-6.0,エムティヒビキ,14.0
2020106125,ダンソンラローズ,2025/04/20,水沢,曇,3.0,C2十組,9,4.0,4,20.4,4.0,5,佐々木志,54.0,ダ,1300.0,重,86.7,2.4,9-9-7-9,40.3,456.0,3.0,タク,2.8
2020106125,ダンソンラローズ,2025/03/31,船橋,曇,2.0,新入場門からも入って(C3),12,2.0,2,166.6,9.0,7,笠野雄大,54.0,ダ,1200.0,良,78.3,2.5,12-12-12,38.8,453.0,-1.0,マーゴットビート,
2020106125,ダンソンラローズ,2025/03/12,船橋,曇,1.0,C3四,10,7.0,8,97.7,8.0,9,笠野雄大,54.0,ダ,1200.0,稍,78.8,0.9,10-7-9,40.2,454.0,4.0,レターフロムパリ,
2020106125,ダンソンラローズ,2025/02/26,浦和,晴,5.0,C3三四,12,5.0,6,68.0,11.0,8,笠野雄大,54.0,ダ,1500.0,良,100.5,1.3,11-11-8-10,40.7,450.0,-5.0,シルバーサドル,
2020106125,ダンソンラローズ,2025/02/12,船橋,曇,1.0,C3四,12,6.0,8,11.6,3.0,7,篠谷葵,54.0,ダ,1200.0,良,77.3,0.8,11-9-8,37.8,455.0,1.0,ダンガリー,
2020106125,ダンソンラローズ,2025/01/22,船橋,晴,1.0,全国地方競馬日本酒ク(C3),12,8.0,12,7.7,3.0,6,篠谷葵,54.0,ダ,1200.0,良,77.2,1.4,5-5-6,39.7,454.0,5.0,タイセイマーシャル,
2020106125,ダンソンラローズ,2024/12/19,船橋,晴,1.0,C3二,9,1.0,1,65.3,7.0,2,篠谷葵,54.0,ダ,1200.0,良,77.5,0.1,7-6-5,39.0,449.0,3.0,ボスオンザサンド,31.2
2020106125,ダンソンラローズ,2024/11/26,船橋,晴,1.0,C3二,12,6.0,8,347.7,11.0,5,山本大翔,51.0,ダ,1200.0,良,77.6,1.1,12-8-9,39.2,446.0,-3.0,クリスタルローレル,8.8
2020106125,ダンソンラローズ,2024/10/30,船橋,晴,1.0,C3二,12,5.0,6,264.6,10.0,12,山本大翔,51.0,ダ,1200.0,不,81.2,4.7,12-12-12,41.1,449.0,18.0,ヴィントホーゼ,
2020106125,ダンソンラローズ,2024/05/30,船橋,晴,6.0,C2八九十イ(C2九),11,7.0,9,154.1,11.0,10,小林捺花,50.0,ダ,1200.0,稍,79.3,3.7,11-11-11,40.4,431.0,-7.0,キングスレイヤー,
2020106125,ダンソンラローズ,2024/05/03,船橋,晴,8.0,場内の飲食は各フロア(C2),12,4.0,4,303.6,12.0,10,山口達弥,54.0,ダ,1200.0,重,80.1,3.5,12-12-11,40.0,438.0,5.0,ハーモニーホクト,
2020106125,ダンソンラローズ,2024/04/13,船橋,晴,8.0,馬い淡路新玉ねぎ発売(C2),11,8.0,11,287.1,9.0,9,岡村健司,54.0,ダ,1500.0,稍,100.8,3.2,9-8-9-9,40.1,433.0,-1.0,リアルデグニティ,
2020106125,ダンソンラローズ,2024/03/29,浦和,晴,8.0,C21213,12,6.0,7,55.9,9.0,8,山口達弥,54.0,ダ,1500.0,不,101.6,4.4,12-11-11-9,40.8,434.0,-2.0,セキテイジュウオー,
2020106125,ダンソンラローズ,2024/03/07,船橋,曇,7.0,馬い!盛岡早生ふじリ(C2),12,7.0,10,317.9,12.0,9,山口達弥,54.0,ダ,1500.0,重,101.5,2.9,12-11-12-12,40.3,436.0,-5.0,スティールウィル,
2020106125,ダンソンラローズ,2024/02/09,船橋,晴,5.0,C2七八九ア(C2八),13,7.0,11,14.9,6.0,9,山口達弥,54.0,ダ,1500.0,稍,100.6,2.3,13-13-13-13,40.9,441.0,5.0,ローズパイ,
2020106125,ダンソンラローズ,2024/01/19,船橋,晴,8.0,馬い!明日は大寒サン(C2),10,6.0,6,500.7,10.0,3,山口達弥,54.0,ダ,1500.0,良,99.4,1.8,10-10-10-10,39.1,436.0,3.0,ビットコイン,25.0
2020106125,ダンソンラローズ,2024/01/12,浦和,晴,2.0,ランチタイムチャレン(C2),12,6.0,7,98.6,11.0,9,山口達弥,54.0,ダ,1400.0,良,94.5,2.1,12-12-11-11,40.8,433.0,-6.0,ヨドノルーキー,
2020106125,ダンソンラローズ,2023/12/20,船橋,晴,2.0,C2六七八ウ(C2七),12,2.0,2,284.9,12.0,12,木間塚龍,52.0,ダ,1200.0,良,78.6,2.9,7-10-12,40.7,439.0,1.0,サリーピルエット,
2020106125,ダンソンラローズ,2023/12/01,船橋,晴,7.0,浜町商店街ボディケア(C2),12,7.0,10,175.5,11.0,11,所蛍,51.0,ダ,1200.0,良,77.9,2.2,11-12-11,39.9,438.0,-2.0,アイリーンテーラー,
2020106125,ダンソンラローズ,2023/10/25,船橋,晴,1.0,C2四五六ウ(C2五),10,5.0,5,356.8,10.0,9,所蛍,51.0,ダ,1200.0,良,77.3,3.3,6-7-7,40.2,440.0,-1.0,ジャックメモリアム,
2020106125,ダンソンラローズ,2023/10/13,川崎,晴,8.0,C2七八,12,6.0,8,283.3,11.0,10,所蛍,51.0,ダ,1400.0,良,94.7,3.2,11-11-12-11,41.4,441.0,-8.0,ブラックロータス,
2020106125,ダンソンラローズ,2023/09/26,船橋,曇,3.0,3歳三,11,4.0,4,25.2,6.0,5,所蛍,51.0,ダ,1200.0,良,78.4,1.8,11-11-9,39.8,449.0,6.0,コンイルヴェント,16.0
2020106125,ダンソンラローズ,2023/08/21,川崎,晴,10.0,鶫特別(3歳),13,1.0,1,72.7,12.0,7,古岡勇樹,54.0,ダ,1500.0,良,99.8,1.7,8-8-8-7,41.7,443.0,2.0,ヴィンチェンツォ,
2020106125,ダンソンラローズ,2023/08/05,船橋,晴,4.0,3歳四組下,9,6.0,6,15.1,6.0,5,古岡勇樹,54.0,ダ,1500.0,良,101.2,3.2,6-6-6-7,42.5,441.0,2.0,クレメンティ,12.0
2020106125,ダンソンラローズ,2023/07/21,船橋,晴,4.0,ナデシコ賞(3歳),10,7.0,7,41.1,7.0,7,野畑凌,54.0,ダ,1500.0,良,100.6,2.3,8-8-8-8,41.5,439.0,-2.0,ニシノサキュバス,
2020106125,ダンソンラローズ,2023/06/19,船橋,晴,1.0,3歳六七,12,6.0,8,73.2,11.0,5,古岡勇樹,53.0,ダ,1200.0,良,78.4,0.5,8-9-9,40.2,441.0,3.0,マコトエトルリア,16.0
2020106125,ダンソンラローズ,2023/04/11,船橋,晴,2.0,3歳六,12,8.0,12,21.8,9.0,8,山中悠希,54.0,ダ,1200.0,良,79.1,2.3,10-8-8,40.1,438.0,-1.0,ブルーミングヒル,
2020106125,ダンソンラローズ,2023/03/17,船橋,曇,2.0,3歳未出走イ,6,6.0,6,13.4,5.0,1,山中悠希,54.0,ダ,1200.0,良,80.6,-0.1,3-2-2,42.0,439.0,0.0,(サワヤカサヤカ),160.0
2022106280,ネイビス,2026/07/14,盛岡,曇,2.0,C2二組,11,7.0,9,16.3,3.0,3.0,高橋悠里,56.0,ダ,1400.0,稍,86.7,1.3,9-8,37.1,445.0,-1.0,スピリチュアル,8.6
2022106280,ネイビス,2026/07/06,盛岡,曇,4.0,C2四組,9,5.0,5,3.9,3.0,3.0,高橋悠里,56.0,ダ,1400.0,良,88.4,0.4,9-7,37.4,446.0,-3.0,タマモハヤブサ,8.6
2022106280,ネイビス,2026/06/22,水沢,小雨,5.0,C2四組,10,2.0,2,3.7,3.0,3.0,高橋悠里,56.0,ダ,1400.0,不,89.4,0.9,9-9-10-6,38.2,449.0,-2.0,カレンザブーケ,8.6
2022106280,ネイビス,2026/06/09,水沢,曇,1.0,C2三組,10,1.0,1,4.2,2.0,5.0,山本聡紀,56.0,ダ,1400.0,不,89.2,0.6,5-5-5-4,38.8,451.0,4.0,フェアリー,3.0
2022106280,ネイビス,2026/05/25,盛岡,晴,2.0,C2,11,8.0,11,89.2,9.0,5.0,山本聡紀,56.0,ダ,1000.0,良,60.8,0.9,11-10,34.8,447.0,1.0,イテマエダセン,3.0
2022106280,ネイビス,2026/05/11,盛岡,曇,9.0,C1五組,12,6.0,8,13.5,6.0,7.0,高橋悠里,56.0,ダ,1400.0,良,88.1,2.0,12-12,37.6,446.0,0.0,ソルエストレーラ,
2022106280,ネイビス,2026/04/28,水沢,小雨,8.0,C1,11,8.0,10,10.8,3.0,7.0,岩本怜,56.0,ダ,1400.0,稍,92.9,1.9,8-8-8-9,40.8,446.0,1.0,プロヴァー,
2022106280,ネイビス,2026/04/12,水沢,晴,9.0,C1,11,2.0,2,13.1,5.0,5.0,山本聡紀,56.0,ダ,1400.0,稍,91.0,0.9,11-11-11-9,39.1,445.0,-5.0,エターナルルビー,3.5
2022106280,ネイビス,2026/03/30,水沢,曇,8.0,C1,10,4.0,4,27.0,6.0,4.0,岩本怜,56.0,ダ,1400.0,稍,92.3,0.4,10-9-8-9,40.6,450.0,4.0,タイシロンブレード,6.5
2022106280,ネイビス,2026/03/15,水沢,晴,9.0,鵜の巣断崖賞(C1),11,6.0,7,15.5,5.0,7.0,岩本怜,56.0,ダ,1400.0,良,95.4,2.6,10-10-10-9,42.0,446.0,-4.0,マナホクラニ,
2022106280,ネイビス,2025/12/29,水沢,曇,11.0,C1,12,5.0,6,17.9,4.0,7.0,佐々木志,56.0,ダ,1400.0,重,89.1,1.5,12-11-12-9,37.9,450.0,3.0,ヴァサヴォワール,
2022106280,ネイビス,2025/12/14,水沢,曇,11.0,ビッグレッドファーム(C1),0,1.0,1,,,,岩本怜,56.0,ダ,1400.0,不,,,,,,,,
2022106280,ネイビス,2025/11/30,水沢,曇,10.0,山王岩賞(C1),11,6.0,7,53.7,10.0,7.0,岩本怜,56.0,ダ,1600.0,稍,106.4,1.1,11-10-11-7,39.8,447.0,11.0,キタノセレナード,
2022106280,ネイビス,2025/11/16,盛岡,晴,12.0,C1一組,11,8.0,11,123.1,8.0,11.0,岩本怜,56.0,ダ,1600.0,良,103.3,3.4,10-11,38.9,436.0,-9.0,ショウナンナスカ,
2022106280,ネイビス,2025/09/14,水沢,晴,6.0,3歳B1,10,3.0,3,21.9,6.0,5.0,山本聡紀,56.0,ダ,1400.0,重,89.7,1.2,7-7-7-7,38.8,445.0,7.0,マッセダムール,5.6
2022106280,ネイビス,2025/09/02,盛岡,小雨,6.0,おトクにPLAYオッ(3歳B2),12,1.0,1,57.5,6.0,4.0,山本聡紀,56.0,ダ,1400.0,稍,86.7,0.3,10-10,37.8,438.0,5.0,ナムラクレープ,9.1
2022106280,ネイビス,2025/08/19,盛岡,晴,6.0,3歳B1,8,4.0,4,8.7,3.0,2.0,山本聡紀,56.0,ダ,1400.0,良,88.0,0.2,6-6,38.7,433.0,4.0,プレシャスアセット,28.0
2022106280,ネイビス,2025/08/03,盛岡,晴,7.0,3歳B1,8,5.0,5,44.7,7.0,4.0,岩本怜,56.0,ダ,1600.0,良,101.3,1.6,8-7,39.0,429.0,-5.0,ユウユウコラソン,10.4
2022106280,ネイビス,2025/06/23,水沢,曇,8.0,3歳B2一組,11,4.0,4,6.5,4.0,6.0,山本聡哉,56.0,ダ,1400.0,稍,91.1,1.3,10-9-8-8,39.0,434.0,2.0,パリパリライズ,
2022106280,ネイビス,2025/06/09,水沢,曇,7.0,3歳B2一組,11,8.0,11,20.8,5.0,1.0,岩本怜,56.0,ダ,1400.0,良,89.7,0.0,6-6-5-5,39.5,432.0,1.0,(アイヨトワニ),70.0
2022106280,ネイビス,2025/05/27,盛岡,晴,5.0,3歳C1一組,10,5.0,5,41.7,5.0,5.0,岩本怜,56.0,ダ,1400.0,稍,89.2,1.0,10-10,38.0,431.0,-5.0,オリエンタルマック,4.2
2022106280,ネイビス,2025/05/13,盛岡,晴,8.0,3歳B2一組,9,8.0,9,9.6,5.0,4.0,岩本怜,56.0,ダ,1400.0,稍,89.1,1.1,3-3,39.9,436.0,-6.0,インディーフィルム,9.1
2022106280,ネイビス,2025/05/05,盛岡,晴,7.0,3歳B2一組,10,3.0,3,21.1,4.0,5.0,岩本怜,56.0,ダ,1400.0,重,89.4,1.2,9-10,39.3,442.0,-3.0,コックリサン,4.9
2022106280,ネイビス,2025/04/22,水沢,晴,6.0,3歳B2一組,9,8.0,9,79.8,8.0,3.0,岩本怜,56.0,ダ,1400.0,良,91.4,1.0,4-3-3-3,39.6,445.0,2.0,ゲレル,14.0
2022106280,ネイビス,2025/04/08,水沢,曇,5.0,3歳B2二組,9,8.0,8,98.1,8.0,8.0,岩本怜,56.0,ダ,1400.0,良,93.4,2.9,8-5-6-9,40.7,443.0,6.0,リュウノナポレオン,
2022106280,ネイビス,2025/03/16,水沢,雨,7.0,3歳C1一組,10,3.0,3,7.6,3.0,2.0,岩本怜,56.0,ダ,1400.0,稍,93.1,0.3,6-6-6-5,41.1,437.0,4.0,ピンクノバラ,21.0
2022106280,ネイビス,2024/12/29,水沢,雪,9.0,2歳C1,12,7.0,9,6.6,3.0,2.0,桑村真明,55.0,ダ,1400.0,不,91.6,0.2,10-10-9-9,38.7,433.0,1.0,コウノノシラトリ,24.5
2022106280,ネイビス,2024/12/04,水沢,曇,5.0,2歳C1二組,12,7.0,9,179.8,9.0,4.0,岩本怜,55.0,ダ,1400.0,不,92.1,1.9,6-4-6-5,40.7,432.0,1.0,ランドフリード,9.1
2022106280,ネイビス,2024/11/19,水沢,晴,4.0,2歳C1二組,10,7.0,8,71.1,7.0,6.0,岩本怜,55.0,ダ,1400.0,稍,94.0,0.8,8-6-4-6,40.5,431.0,6.0,トランスミッション,
2022106280,ネイビス,2024/10/27,盛岡,曇,9.0,2歳,12,6.0,7,18.8,7.0,5.0,岩本怜,55.0,ダ,1200.0,稍,77.4,1.7,12-10,38.1,425.0,-3.0,ツルマルブルー,4.9
2022106280,ネイビス,2024/10/08,盛岡,曇,6.0,2歳,11,7.0,8,33.2,7.0,5.0,高橋悠里,55.0,ダ,1200.0,重,76.3,1.2,8-5,38.0,428.0,-2.0,ウワサノデコピン,4.9
2022106280,ネイビス,2024/09/08,水沢,晴,2.0,ファーストステップ2(新馬)(2歳),6,5.0,5,1.9,1.0,3.0,岩本怜,55.0,ダ,850.0,稍,54.8,1.3,4-5,38.5,430.0,0.0,シャルトルブルー,40.0
2021101629,ハクアイドリーム,2026/07/21,盛岡,曇,2.0,C2二組,8,8.0,9,52.3,8.0,7,佐々木志,56.0,ダ,1400.0,良,89.5,2.1,7-7,38.9,457.0,0.0,マサノビジョン,
2021101629,ハクアイドリーム,2026/07/14,盛岡,曇,2.0,C2二組,11,6.0,7,178.7,9.0,7,佐々木志,56.0,ダ,1400.0,稍,88.8,3.4,10-11,38.7,457.0,-2.0,スピリチュアル,
2021101629,ハクアイドリーム,2026/06/30,盛岡,晴,4.0,C2二組,11,8.0,10,51.7,8.0,10,菅原辰徳,56.0,ダ,1400.0,良,90.5,5.1,6-10,41.7,459.0,3.0,クリナッチ,
2021101629,ハクアイドリーム,2026/06/21,水沢,雨,4.0,C2七組,10,1.0,1,4.1,2.0,1,菅原辰徳,56.0,ダ,1300.0,不,82.5,-0.2,1-1-1-1,38.8,456.0,-3.0,(タマモキサキ),43.0
2021101629,ハクアイドリーム,2026/06/14,水沢,晴,5.0,C2七組,11,7.0,8,75.4,8.0,5,佐々木志,56.0,ダ,1300.0,稍,83.9,1.7,1-1-1-2,40.6,459.0,-2.0,クリナッチ,3.0
2021101629,ハクアイドリーム,2026/06/07,水沢,曇,2.0,C2九組,8,8.0,8,13.5,5.0,1,佐々木志,56.0,ダ,1300.0,良,86.1,-0.6,1-1-1-1,41.2,461.0,1.0,(ワンダーフルーリ),43.0
2021101629,ハクアイドリーム,2026/05/31,水沢,晴,3.0,C2八組,9,8.0,9,34.0,6.0,8,佐々木志,56.0,ダ,1300.0,良,86.9,2.4,2-3-3-4,41.4,460.0,4.0,ミエノシリウス,
2021101629,ハクアイドリーム,2026/05/17,盛岡,晴,4.0,C2八組,10,8.0,9,26.7,6.0,9,菅原辰徳,56.0,ダ,1200.0,良,77.6,1.9,4-7,39.7,456.0,0.0,メッチャサザン,
2021101629,ハクアイドリーム,2026/05/10,盛岡,晴,3.0,C2八組,9,2.0,2,80.7,9.0,9,菅原辰徳,56.0,ダ,1200.0,稍,76.8,3.0,5-5,39.5,456.0,-1.0,バードハズフロウン,
2021101629,ハクアイドリーム,2026/05/04,盛岡,小雨,3.0,C2八組,10,7.0,8,53.8,6.0,10,菅原辰徳,56.0,ダ,1200.0,不,75.1,2.9,7-8,38.1,457.0,-3.0,シアトルプリンセス,
2021101629,ハクアイドリーム,2026/04/27,水沢,曇,2.0,C2十組,11,6.0,7,2.5,1.0,2,佐々木志,56.0,ダ,1300.0,良,87.7,0.4,1-1-1-1,40.6,460.0,-5.0,カークスマイル,15.1
2021101629,ハクアイドリーム,2026/04/19,水沢,晴,4.0,C2九組,11,6.0,6,52.0,8.0,6,佐々木志,56.0,ダ,1300.0,良,86.9,0.8,4-4-3-4,41.6,465.0,3.0,サンホワイトクリフ,
2021101629,ハクアイドリーム,2026/04/12,水沢,晴,2.0,C2十組,8,5.0,5,3.3,2.0,3,佐々木志,56.0,ダ,1300.0,重,85.4,2.2,3-3-3-3,40.9,462.0,1.0,ディーヴァドリーム,8.6
2021101629,ハクアイドリーム,2026/04/05,水沢,曇,2.0,C2十組,10,5.0,5,13.9,5.0,3,佐々木志,56.0,ダ,1300.0,不,83.9,1.1,2-2-2-3,40.4,461.0,-1.0,ラムセス,8.6
2021101629,ハクアイドリーム,2026/03/29,水沢,晴,2.0,C2十組,9,4.0,4,43.4,6.0,4,佐々木志,56.0,ダ,1300.0,稍,86.2,1.1,3-3-3-4,40.4,462.0,-2.0,アレグロコンブリオ,5.2
2021101629,ハクアイドリーム,2026/03/22,水沢,晴,2.0,C2十組,9,6.0,6,34.2,7.0,8,佐々木志,56.0,ダ,1300.0,良,89.4,4.6,4-5-8-8,43.1,464.0,6.0,ラブラブバゴバゴ,
2021101629,ハクアイドリーム,2026/03/08,水沢,曇,2.0,C2十組,9,6.0,6,31.3,6.0,5,菅原辰徳,56.0,ダ,1300.0,稍,88.9,3.0,3-5-4-4,43.3,458.0,-3.0,ハッピーグローリー,2.8
2021101629,ハクアイドリーム,2025/12/30,水沢,曇,2.0,C2七組,9,8.0,8,146.7,8.0,9,菅原辰徳,56.0,ダ,1400.0,重,90.9,2.9,4-4-6-9,40.9,461.0,3.0,ヴィクトリアランド,
2021101629,ハクアイドリーム,2025/12/15,水沢,曇,4.0,C2六組,10,6.0,6,355.7,10.0,9,菅原辰徳,56.0,ダ,1400.0,不,91.0,1.9,7-8-9-9,40.7,458.0,2.0,ゲストプリンシパル,
2021101629,ハクアイドリーム,2025/12/09,水沢,曇,4.0,走れ!オッズパーク賞(C2),10,8.0,9,244.5,10.0,10,高橋悠里,56.0,ダ,1300.0,不,85.4,2.5,8-8-10-10,39.4,456.0,0.0,フォルトリアン,
2021101629,ハクアイドリーム,2025/12/01,水沢,曇,4.0,C2六組,9,8.0,9,141.1,9.0,7,菅原辰徳,54.0,ダ,1400.0,稍,92.9,2.7,3-4-6-7,41.9,456.0,1.0,アーブルラーブル,
2021101629,ハクアイドリーム,2025/11/25,水沢,曇,5.0,C2五組,11,8.0,11,64.5,9.0,10,小林凌,56.0,ダ,1300.0,稍,86.5,1.7,6-8-9-9,41.0,455.0,3.0,ゴダルティチェコ,
2021101629,ハクアイドリーム,2025/11/17,盛岡,曇,5.0,C2五組,10,4.0,4,230.9,8.0,9,小林凌,56.0,ダ,1400.0,稍,90.8,3.0,7-7,40.4,452.0,-1.0,タカイチナダル,
2021101629,ハクアイドリーム,2025/11/11,盛岡,晴,5.0,C2五組,12,8.0,12,243.3,11.0,12,小林凌,56.0,ダ,1200.0,稍,77.2,4.2,12-12,38.4,453.0,-2.0,シンボリライト,
2021101629,ハクアイドリーム,2025/11/04,盛岡,晴,1.0,C2四組,9,1.0,1,143.0,9.0,9,小林凌,56.0,ダ,1400.0,稍,89.8,3.3,7-9,39.0,455.0,0.0,クラインシュミット,
2021101629,ハクアイドリーム,2025/10/28,盛岡,小雨,1.0,C2四組,10,3.0,3,61.1,9.0,8,菅原辰徳,56.0,ダ,1400.0,稍,89.9,2.0,5-8,40.3,455.0,-1.0,レトワールダムール,
2021101629,ハクアイドリーム,2025/10/21,盛岡,晴,1.0,C2三組,11,2.0,2,317.0,11.0,8,小林凌,56.0,ダ,1400.0,良,88.8,1.4,11-11,38.8,456.0,2.0,リリアナフェアリー,
2021101629,ハクアイドリーム,2025/10/14,盛岡,曇,2.0,C2三組,9,8.0,8,113.5,7.0,6,小林凌,56.0,ダ,1400.0,良,90.0,2.5,6-6,39.7,454.0,1.0,チビアーサー,
2021101629,ハクアイドリーム,2025/10/07,水沢,曇,3.0,C2二組,9,7.0,7,77.5,8.0,8,坂井瑛音,54.0,ダ,1400.0,稍,94.6,3.7,4-4-5-7,44.2,453.0,5.0,ジョードプル,
2021101629,ハクアイドリーム,2025/09/22,水沢,晴,8.0,C2五組,8,3.0,3,121.1,7.0,7,岩本怜,56.0,ダ,1400.0,稍,91.3,1.4,6-5-5-6,40.8,448.0,-2.0,ティロワール,
2021101629,ハクアイドリーム,2025/09/15,水沢,曇,4.0,C2五組,10,4.0,4,127.2,9.0,7,高橋悠里,56.0,ダ,1300.0,稍,84.0,1.8,7-7-8-6,39.6,450.0,0.0,エンピリカルルール,
2021101629,ハクアイドリーム,2025/09/08,盛岡,曇,5.0,C2四組,9,8.0,9,275.5,9.0,9,高橋悠里,56.0,ダ,1400.0,良,90.0,3.0,8-7,38.9,450.0,2.0,コンバットアンジュ,
2021101629,ハクアイドリーム,2025/09/01,盛岡,曇,5.0,C2四組,10,8.0,10,97.1,7.0,9,高橋悠里,56.0,ダ,1200.0,良,76.9,2.9,7-8,38.3,448.0,4.0,スタードラマー,
2021101629,ハクアイドリーム,2025/08/19,盛岡,晴,2.0,C2二組,9,5.0,5,231.5,9.0,9,高橋悠里,56.0,ダ,1400.0,良,90.4,1.8,9-9,40.1,444.0,-5.0,モズヤッパリネ,
2021101629,ハクアイドリーム,2025/08/12,盛岡,曇,4.0,C2二組,11,6.0,6,242.3,11.0,9,高橋悠里,56.0,ダ,1400.0,稍,89.8,1.4,9-10,38.5,449.0,1.0,サクラマウ,
2021101629,ハクアイドリーム,2025/08/05,盛岡,曇,2.0,C2二組,9,5.0,5,117.7,9.0,8,高橋悠里,56.0,ダ,1400.0,不,90.5,4.8,9-9,39.5,448.0,-1.0,ブラックパーシモン,
2021101629,ハクアイドリーム,2025/07/29,盛岡,晴,4.0,C2二組,8,2.0,2,153.9,8.0,7,高橋悠里,56.0,ダ,1400.0,良,89.8,2.0,8-8,38.9,449.0,-1.0,ライヴケチャップ,
2021101629,ハクアイドリーム,2025/07/22,盛岡,曇,3.0,C2一組,9,3.0,3,182.9,9.0,8,岩本怜,56.0,ダ,1400.0,良,92.4,3.9,6-8,41.7,450.0,3.0,オオサキワンダー,
2021101629,ハクアイドリーム,2025/07/15,盛岡,小雨,9.0,C1四組,10,6.0,6,71.4,10.0,10,高橋悠里,56.0,ダ,1400.0,良,91.0,2.9,9-10,40.3,447.0,-4.0,レトロタイプ,
2021101629,ハクアイドリーム,2025/07/01,水沢,曇,9.0,C1五組,9,5.0,5,41.9,6.0,7,塚本涼人,56.0,ダ,1400.0,良,91.8,2.1,5-4-4-6,40.7,451.0,3.0,シャンハイマゴコロ,
2021101629,ハクアイドリーム,2025/06/15,水沢,曇,6.0,C1,12,5.0,5,24.4,9.0,4,高橋悠里,56.0,ダ,1400.0,良,91.8,0.9,6-6-4-4,41.1,448.0,-1.0,マナマハロ,6.5
2021101629,ハクアイドリーム,2025/06/03,盛岡,曇,10.0,ダービーインパクト1(C1),10,8.0,9,51.7,9.0,7,高橋悠里,56.0,ダ,1400.0,良,88.8,1.4,9-8,38.1,449.0,2.0,サムズアップ,
2021101629,ハクアイドリーム,2025/05/20,盛岡,晴,4.0,C2一組,7,8.0,9,16.3,6.0,5,高橋悠里,56.0,ダ,1400.0,不,88.7,0.9,5-5,39.0,447.0,-3.0,オウケンアマゾネス,2.8
2021101629,ハクアイドリーム,2025/05/13,盛岡,晴,4.0,C2一組,8,2.0,2,11.5,8.0,8,及川裕一,56.0,ダ,1400.0,稍,89.9,1.3,7-8,39.6,450.0,-2.0,ナムラバンザイ,
2021101629,ハクアイドリーム,2025/05/06,盛岡,曇,2.0,C2一組,11,5.0,5,3.6,2.0,11,山本聡紀,56.0,ダ,1400.0,稍,91.3,2.5,5-6,40.5,452.0,2.0,ブルーシャトー,
2021101629,ハクアイドリーム,2025/04/22,水沢,晴,4.0,C2一組,10,3.0,3,1.7,1.0,1,山本聡紀,56.0,ダ,1400.0,良,91.2,-0.1,2-2-2-1,40.0,450.0,0.0,(ビッグサララルーフ),40.0
2021101629,ハクアイドリーム,2025/04/15,水沢,曇,2.0,C2二組,10,8.0,9,13.0,3.0,3,山本聡紀,56.0,ダ,1400.0,不,88.9,0.9,3-3-3-4,38.4,450.0,-3.0,オブジェダート,8.0
2021101629,ハクアイドリーム,2025/04/07,水沢,曇,3.0,C2五組,10,7.0,8,2.7,2.0,1,高橋悠里,56.0,ダ,1300.0,稍,84.8,0.0,4-4-4-4,40.3,453.0,-2.0,(コウソクエミ),40.0
2021101629,ハクアイドリーム,2025/03/12,船橋,雨,3.0,C2八九,12,4.0,4,126.3,8.0,9,吉原寛人,56.0,ダ,1500.0,稍,100.4,2.8,5-5-5-5,41.7,455.0,-5.0,ケニルワース,
2021101629,ハクアイドリーム,2025/02/13,船橋,晴,6.0,C2九十,12,3.0,3,13.2,5.0,7,矢野貴之,56.0,ダ,1500.0,良,99.3,1.1,7-7-8-6,41.7,460.0,6.0,アルファエリザベス,
2021101629,ハクアイドリーム,2025/01/22,船橋,晴,6.0,C2九十,11,8.0,11,51.0,8.0,8,本田正重,56.0,ダ,1500.0,良,98.8,1.3,5-5-5-6,40.5,454.0,3.0,リボルトバレット,
2021101629,ハクアイドリーム,2024/12/19,船橋,晴,5.0,馬い!淡路玉ねぎを食(C2),10,2.0,2,27.0,7.0,4,矢野貴之,56.0,ダ,1500.0,良,100.1,1.4,4-4-4-3,41.1,451.0,2.0,ファイアーサイン,15.0
2021101629,ハクアイドリーム,2024/11/28,船橋,晴,12.0,2024Jockey(C2),14,3.0,3,93.6,9.0,7,本田正重,56.0,ダ,1800.0,稍,124.1,1.5,7-6-8-9,42.9,449.0,6.0,グレック,
2021101629,ハクアイドリーム,2024/11/14,川崎,曇,7.0,C2六七八(C2七),14,6.0,10,228.8,13.0,12,川島正太,56.0,ダ,1500.0,良,101.0,4.1,14-14-14-14,41.9,443.0,3.0,マインドブロン,
2021101629,ハクアイドリーム,2024/10/31,船橋,晴,9.0,YJSトライアルラウ(C2),14,3.0,3,122.4,12.0,中,佐野遥久,56.0,ダ,1800.0,重,,,,,440.0,-4.0,スターズウィーク,
2021101629,ハクアイドリーム,2024/09/28,佐賀,晴,5.0,3歳ー6組,10,4.0,4,36.8,4.0,4,石川慎将,56.0,ダ,1400.0,良,93.3,2.0,4-3-5-4,39.8,444.0,-3.0,グレンノアラシ,5.2
2021101629,ハクアイドリーム,2024/09/15,佐賀,曇,6.0,ほとめきナイター賞(3歳),10,3.0,3,73.3,7.0,5,石川慎将,56.0,ダ,1400.0,良,92.8,2.2,4-4-4-5,40.6,447.0,5.0,カウイラ,3.4
2021101629,ハクアイドリーム,2024/08/03,佐賀,晴,5.0,3歳ー4組,11,4.0,4,22.2,7.0,8,山口勲,56.0,ダ,1300.0,良,87.2,2.7,5-5-6-7,41.2,442.0,0.0,カナサンドー,
2021101629,ハクアイドリーム,2024/07/21,佐賀,晴,5.0,3歳ー5組,11,2.0,2,26.7,5.0,5,山口勲,56.0,ダ,1400.0,不,91.4,2.4,4-3-3-3,39.7,442.0,2.0,ジオパークピリカ,3.4
2021101629,ハクアイドリーム,2024/07/07,佐賀,晴,5.0,3歳ー5組,9,7.0,7,8.8,3.0,4,山口勲,56.0,ダ,1300.0,良,86.9,1.0,2-2-2-3,40.8,440.0,1.0,ダンツパルス,5.2
2021101629,ハクアイドリーム,2024/06/23,佐賀,雨,4.0,3歳ー5組,9,4.0,4,8.9,5.0,3,山口勲,56.0,ダ,1400.0,不,92.8,0.4,4-2-3-2,40.9,439.0,-3.0,シャインデザイン,7.7
2021101629,ハクアイドリーム,2024/06/09,佐賀,曇,5.0,3歳ー4組,9,6.0,6,31.4,5.0,8,山口勲,56.0,ダ,1400.0,不,92.1,1.3,3-3-3-3,40.4,442.0,3.0,シャンペートル,
2021101629,ハクアイドリーム,2024/05/27,佐賀,小雨,7.0,3歳ー5組,12,1.0,1,28.7,6.0,4,山口勲,56.0,ダ,1400.0,不,91.6,1.5,4-4-5-3,40.8,439.0,-7.0,ノーブルビーチ,5.2
2021101629,ハクアイドリーム,2024/05/12,佐賀,雨,3.0,3歳ー5組,10,4.0,4,3.8,1.0,7,山口勲,56.0,ダ,1400.0,不,94.0,2.0,6-6-6-5,43.0,446.0,-1.0,タイムオブクリア,
2021101629,ハクアイドリーム,2024/04/26,佐賀,曇,5.0,3歳ー4組,10,5.0,5,33.6,8.0,8,山口勲,56.0,ダ,1300.0,稍,86.3,2.0,9-9-7-6,39.6,447.0,-1.0,エイシンボーテ,
2021101629,ハクアイドリーム,2024/04/06,佐賀,小雨,7.0,KYUSHUDREA(3歳),10,5.0,5,11.9,5.0,9,山下裕貴,56.0,ダ,1400.0,稍,94.3,2.2,4-4-7-8,43.0,448.0,12.0,ケンタッキーニセイ,
2021101629,ハクアイドリーム,2023/11/04,佐賀,晴,8.0,KYUSHUDREA(2歳),11,8.0,11,5.3,3.0,6,石川慎将,55.0,ダ,1400.0,良,93.4,2.4,3-3-4-4,40.6,436.0,2.0,ビーアライブ,
2021101629,ハクアイドリーム,2023/10/21,佐賀,晴,4.0,2歳ー3組,11,6.0,7,3.8,2.0,3,石川慎将,55.0,ダ,1400.0,良,92.9,0.5,7-7-6-3,40.3,434.0,0.0,トレベルオール,10.8
2021101629,ハクアイドリーム,2023/10/01,佐賀,晴,9.0,KYUSHUDREA(2歳),7,2.0,2,2.2,1.0,5,石川慎将,55.0,ダ,1400.0,良,94.8,2.0,4-4-4-4,42.3,434.0,4.0,ヴァイスネリケ,4.8
2021101629,ハクアイドリーム,2023/08/12,佐賀,晴,9.0,デネブ特別(2歳),10,1.0,1,20.3,6.0,3,石川慎将,55.0,ダ,1300.0,稍,86.9,2.6,7-7-6-5,40.0,430.0,-1.0,ムーンオブザサマー,18.0
2021101629,ハクアイドリーム,2023/07/23,佐賀,晴,5.0,JRA認定アルタイル(2歳),11,1.0,1,18.5,6.0,2,石川慎将,55.0,ダ,1400.0,良,92.9,0.5,8-8-5-2,40.2,431.0,-1.0,ムーンオブザサマー,96.0
2021101629,ハクアイドリーム,2023/07/04,佐賀,雨,8.0,フェニックス賞チャレ(2歳),8,2.0,2,30.8,7.0,2,石川慎将,55.0,ダ,1400.0,不,93.8,0.4,4-4-5-2,41.3,432.0,-3.0,リュウノブライダー,51.2
2021101629,ハクアイドリーム,2023/06/18,佐賀,曇,2.0,スーパーホープフルデ(2歳),4,1.0,1,2.9,3.0,3,出水拓人,55.0,ダ,900.0,稍,57.7,2.2,3-3,38.6,435.0,0.0,トゥールリー,46.8
2022100709,エバーグリーン,2026/07/12,盛岡,雨,4.0,C2六組,11,7.0,9,1.5,1.0,1,小林凌,56.0,ダ,1200.0,不,73.3,-0.1,3-3,37.3,444.0,2.0,(ターントゥベスト),43.0
2022100709,エバーグリーン,2026/06/21,水沢,雨,3.0,C2八組,10,8.0,9,1.9,1.0,2,小林凌,56.0,ダ,1300.0,不,81.6,0.0,2-2-2-2,38.8,442.0,3.0,パルピタシオン,15.1
2022100709,エバーグリーン,2026/05/31,水沢,晴,4.0,C2七組,9,2.0,2,11.6,5.0,4,小林凌,56.0,ダ,1300.0,良,84.5,0.9,3-3-2-3,40.4,439.0,-15.0,ロイエ,5.6
2022100709,エバーグリーン,2025/12/09,水沢,曇,5.0,オッズパークスピード(C2),11,7.0,9,20.3,5.0,4,小林凌,56.0,ダ,1300.0,不,82.7,0.1,3-5-2-3,38.7,454.0,-1.0,マンダレーヒル,5.2
2022100709,エバーグリーン,2025/11/26,水沢,曇,1.0,C2四組,11,8.0,10,1.3,1.0,7,小林凌,56.0,ダ,1400.0,稍,91.9,0.9,8-8-7-8,39.9,455.0,-5.0,シャイニーセンス,
2022100709,エバーグリーン,2025/11/12,盛岡,晴,1.0,C2四組,10,2.0,2,4.7,3.0,4,小林凌,56.0,ダ,1400.0,良,89.1,1.1,6-5,37.8,460.0,2.0,エウクレイア,5.2
2022100709,エバーグリーン,2025/10/27,盛岡,雨,6.0,B1,11,4.0,4,63.1,8.0,3,小林凌,56.0,芝,1700.0,稍,106.8,0.3,4-4-4-3,37.0,458.0,1.0,エルプロフェッサー,16.0
2022100709,エバーグリーン,2025/10/14,盛岡,曇,1.0,C2四組,9,3.0,3,5.0,3.0,5,小林凌,56.0,ダ,1400.0,良,88.7,1.1,7-5,39.8,457.0,14.0,ファリア,2.8
2022100709,エバーグリーン,2025/09/16,水沢,晴,7.0,3歳C1三組,10,1.0,1,5.7,2.0,6,佐々木志,56.0,ダ,1400.0,稍,90.1,1.2,10-10-9-8,39.5,443.0,7.0,ブラックレーション,
2022100709,エバーグリーン,2025/08/24,盛岡,晴,6.0,3歳C2二組,12,7.0,10,4.0,2.0,2,小林凌,56.0,ダ,1200.0,良,73.4,0.2,7-5,36.6,436.0,1.0,グロリアスアスペン,17.5
2022100709,エバーグリーン,2025/08/12,盛岡,曇,2.0,3歳C2五組,11,3.0,3,5.4,3.0,1,小林凌,56.0,ダ,1200.0,稍,74.8,-0.3,4-4,37.6,435.0,15.0,(アークエタニティ),50.0
2022100709,エバーグリーン,2025/07/12,1函館9,晴,6.0,3歳未勝利,16,3.0,5,239.9,16.0,9,古川奈穂,54.0,芝,2600.0,良,161.1,1.2,11-12-14-12,35.9,420.0,-6.0,レッドヴァリアート,
2022100709,エバーグリーン,2025/06/28,2福島1,晴,7.0,3歳以上1勝クラス,7,4.0,4,89.9,7.0,7,石田拓郎,51.0,芝,2600.0,良,163.2,2.3,7-7-7-7,35.4,426.0,-6.0,オストラヴァ,
2022100709,エバーグリーン,2025/06/14,3東京3,曇,2.0,3歳未勝利,11,2.0,2,193.9,9.0,6,石田拓郎,54.0,芝,2400.0,良,149.0,2.1,6-6-8-7,36.6,432.0,-2.0,オビドス,
2022100709,エバーグリーン,2025/04/27,2東京2,晴,4.0,3歳未勝利,11,1.0,1,199.2,9.0,8,長浜鴻緒,55.0,芝,2400.0,良,149.0,1.6,6-6-7-8,35.2,434.0,-2.0,レヴーズマン,
2022100709,エバーグリーン,2025/04/12,3中山5,晴,5.0,3歳未勝利,12,8.0,11,221.8,11.0,8,長浜鴻緒,54.0,芝,2200.0,良,135.0,1.5,8-7-9-9,35.7,436.0,-2.0,プルミエソルティ,
2022100709,エバーグリーン,2025/03/30,3中山2,晴,5.0,3歳未勝利,18,8.0,18,423.1,17.0,15,原優介,57.0,芝,2200.0,稍,137.1,2.5,17-17-6-6,39.2,438.0,-10.0,ニヴルヘイム,
2022100709,エバーグリーン,2024/11/17,5東京6,晴,3.0,2歳未勝利,18,2.0,3,318.3,16.0,14,内田博幸,56.0,芝,1600.0,良,95.5,2.0,18-18,35.0,448.0,2.0,パワースナッチ,
2022100709,エバーグリーン,2024/11/03,5東京2,晴,1.0,2歳未勝利,15,3.0,4,163.3,12.0,12,古川奈穂,52.0,芝,1400.0,良,83.5,1.4,14-14,34.5,446.0,0.0,フェルシナ,
2022100709,エバーグリーン,2024/10/19,4東京5,晴,6.0,2歳新馬,17,5.0,10,63.1,10.0,12,原優介,55.0,芝,1400.0,良,84.6,1.7,10-14,34.5,446.0,0.0,コルチェスター,
2022107049,ソープストーン,2026/07/21,盛岡,曇,3.0,C2一組,9,3.0,3,125.2,9.0,9,坂井瑛音,53.0,ダ,1400.0,良,89.0,2.5,9-9,38.6,394.0,-1.0,トリプルバレル,
2022107049,ソープストーン,2026/07/14,盛岡,曇,3.0,C2一組,12,2.0,2,90.0,9.0,11,坂井瑛音,53.0,ダ,1400.0,稍,89.1,2.8,8-9,39.5,395.0,-2.0,マーゴットフェスタ,
2022107049,ソープストーン,2026/07/07,盛岡,晴,2.0,C2二組,10,6.0,6,102.0,10.0,5,坂井瑛音,53.0,ダ,1400.0,良,88.4,0.5,9-10,38.3,397.0,1.0,マイネルヒッツェ,3.0
2022107049,ソープストーン,2026/06/30,盛岡,晴,5.0,C2一組,11,5.0,5,243.4,11.0,10,坂井瑛音,53.0,ダ,1400.0,良,88.2,1.9,10-10,38.1,396.0,4.0,アークフロリナ,
2022107049,ソープストーン,2026/06/23,水沢,曇,3.0,C2一組,10,3.0,3,24.6,9.0,9,坂井瑛音,53.0,ダ,1400.0,不,89.8,2.9,8-9-10-9,40.0,392.0,4.0,アレグロヴィーヴォ,
2022107049,ソープストーン,2026/06/15,水沢,曇,4.0,C2五組,11,8.0,11,8.0,4.0,1,坂井瑛音,53.0,ダ,1300.0,稍,84.6,-0.1,3-4-3-3,39.3,388.0,-1.0,(シトラスダル),43.0
2022107049,ソープストーン,2026/06/08,水沢,雨,3.0,C2六組,7,6.0,6,36.0,6.0,2,坂井瑛音,53.0,ダ,1400.0,稍,90.6,0.6,3-3-3-3,40.2,389.0,-3.0,スパローズ,15.1
2022107049,ソープストーン,2026/06/01,水沢,晴,3.0,C2六組,9,4.0,4,54.2,8.0,5,坂井瑛音,53.0,ダ,1300.0,良,85.2,1.5,5-4-4-4,41.0,392.0,4.0,ラグドール,3.0
2022107049,ソープストーン,2026/05/25,盛岡,晴,4.0,C2五組,10,2.0,2,17.3,7.0,9,坂井瑛音,53.0,ダ,1400.0,良,88.9,1.3,7-6,38.7,388.0,4.0,クレナイノヒメ,
2022107049,ソープストーン,2026/05/18,盛岡,晴,3.0,C2六組,9,7.0,7,12.8,5.0,3,坂井瑛音,53.0,ダ,1200.0,良,75.7,0.9,7-3,37.9,384.0,-9.0,エイシンヌチマシヌ,8.6
2022107049,ソープストーン,2026/05/10,盛岡,晴,4.0,C2七組,10,8.0,10,46.0,8.0,3,坂井瑛音,53.0,ダ,1200.0,稍,75.1,1.0,5-5,37.4,393.0,-3.0,シャラ,8.6
2022107049,ソープストーン,2026/05/05,盛岡,晴,3.0,C2六組,10,1.0,1,28.3,8.0,10,坂井瑛音,53.0,ダ,1200.0,重,76.2,1.9,2-4,40.1,396.0,3.0,キャビネットバトル,
2022107049,ソープストーン,2026/04/27,水沢,雨,4.0,C2八組,10,7.0,8,53.7,10.0,2,阿部英俊,54.0,ダ,1300.0,良,85.6,0.4,5-4-4-2,39.7,393.0,-5.0,ストレート,15.1
2022107049,ソープストーン,2026/04/19,水沢,晴,5.0,C2八組,11,6.0,6,25.5,10.0,8,阿部英俊,54.0,ダ,1300.0,良,87.2,2.2,8-8-8-8,42.0,398.0,14.0,ビアンカ,
2022107049,ソープストーン,2026/04/06,水沢,晴,1.0,C2,8,7.0,7,4.6,3.0,6,坂井瑛音,52.0,ダ,850.0,重,52.9,1.3,8-7,37.1,384.0,3.0,キタノルシール,
2022107049,ソープストーン,2026/03/29,水沢,晴,4.0,C2八組,9,4.0,4,13.6,2.0,2,坂井瑛音,52.0,ダ,1300.0,稍,85.6,0.2,3-4-4-4,40.7,381.0,-6.0,テーオーカバリエ,14.0
2022107049,ソープストーン,2026/03/23,水沢,晴,3.0,C2七組,10,2.0,2,7.0,4.0,7,阿部英俊,54.0,ダ,1300.0,良,86.7,1.6,5-5-5-5,41.3,387.0,1.0,スパーク,
2022107049,ソープストーン,2026/02/23,名古屋,晴,12.0,メディアセレクション(C),12,7.0,9,74.3,11.0,4,丸山真一,55.0,ダ,920.0,良,58.3,0.4,7,38.1,386.0,3.0,ソルトチャンス,9.0
2022107049,ソープストーン,2026/02/09,名古屋,晴,4.0,みゆちゃんゆうしゅん(C),12,8.0,11,45.9,7.0,8,丸山真一,55.0,ダ,1500.0,良,101.7,1.2,7-7-8,41.7,383.0,-2.0,アイタロオ,
2022107049,ソープストーン,2026/01/26,名古屋,晴,9.0,920m戦淡紅梅賞(C),11,5.0,5,184.6,11.0,5,尾崎章生,55.0,ダ,920.0,良,58.4,1.2,10,37.1,385.0,3.0,ファイナルクイーン,5.5
2022107049,ソープストーン,2026/01/14,名古屋,曇,8.0,920m戦なずな賞(C),12,8.0,12,223.6,11.0,12,尾崎章生,55.0,ダ,920.0,良,59.8,2.3,12,39.2,382.0,1.0,イッカクセンキン,
2022107049,ソープストーン,2026/01/05,名古屋,晴,2.0,美晴ちゃん6才おめで(C),11,6.0,7,111.6,11.0,11,尾崎章生,55.0,ダ,920.0,良,59.4,2.6,11,38.5,381.0,-11.0,マーブルチャン,
2022107049,ソープストーン,2025/12/23,名古屋,小雨,8.0,C8組,12,8.0,11,479.0,12.0,12,尾崎章生,55.0,ダ,920.0,稍,59.3,3.0,12,39.1,392.0,-2.0,オーセンティアン,
2022107049,ソープストーン,2025/12/05,名古屋,晴,2.0,C19組,12,8.0,11,213.2,10.0,9,尾崎章生,55.0,ダ,920.0,良,58.6,2.3,10,37.9,394.0,-2.0,オーセンティアン,
2022107049,ソープストーン,2025/11/20,名古屋,晴,5.0,C21組,12,6.0,8,80.9,10.0,10,尾崎章生,55.0,ダ,1500.0,良,100.2,2.2,8-8-10,40.9,396.0,0.0,ラヴアンドホープ,
2022107049,ソープストーン,2025/11/10,名古屋,晴,1.0,C30組,11,7.0,9,35.5,7.0,9,尾崎章生,55.0,ダ,1500.0,稍,102.2,4.1,3-6-6,43.7,396.0,-3.0,ミヤイグアス,
2022107049,ソープストーン,2025/10/19,金沢,曇,5.0,綾人・千智結婚記念!(C2),8,1.0,1,15.8,6.0,6,柴田勇真,55.0,ダ,1500.0,重,99.6,2.7,2-2-3-3,42.0,399.0,0.0,フミマーズ,
2022107049,ソープストーン,2025/10/07,金沢,曇,5.0,りきちゃん☆はるちゃ(C2),8,2.0,2,16.5,5.0,6,柴田勇真,55.0,ダ,1400.0,良,91.9,3.0,8-8-7-7,40.1,399.0,0.0,パブリックスフィア,
2022107049,ソープストーン,2025/09/20,金沢,曇,2.0,C216,11,3.0,3,9.7,7.0,2,松戸政也,55.0,ダ,1500.0,良,99.1,0.9,7-7-6-7,41.2,399.0,23.0,ヴェルドロ,13.7
2022107049,ソープストーン,2025/08/09,2新潟5,晴,11.0,3歳未勝利,18,7.0,13,172.4,15.0,18,水沼元輝,52.0,芝,1000.0,良,57.0,2.3,12,33.7,376.0,4.0,フラッシュポイント,
2022107049,ソープストーン,2024/11/23,5東京7,晴,2.0,2歳未勝利,18,2.0,3,569.3,16.0,17,小林脩斗,53.0,芝,1400.0,良,83.8,1.6,10-10,35.9,372.0,0.0,ソーダーンライト,
2022107049,ソープストーン,2024/10/20,4新潟6,晴,5.0,2歳新馬,17,8.0,15,137.9,14.0,6,小林脩斗,53.0,芝,1200.0,良,71.5,1.3,7-7,35.4,372.0,0.0,サウスバンク,
2018102124,コスモピエドラ,2026/07/14,盛岡,曇,3.0,C2一組,12,8.0,11,47.5,7.0,8.0,鈴木祐,56.0,ダ,1400.0,稍,88.1,1.8,4-4,38.9,469.0,4.0,マーゴットフェスタ,
2018102124,コスモピエドラ,2026/07/07,盛岡,晴,3.0,C2一組,11,4.0,4,50.7,10.0,10.0,鈴木祐,56.0,ダ,1400.0,良,89.2,2.3,2-4,41.3,465.0,3.0,スパローズ,
2018102124,コスモピエドラ,2026/06/23,水沢,曇,3.0,C2一組,10,2.0,2,16.5,7.0,3.0,鈴木祐,56.0,ダ,1400.0,不,88.1,1.2,1-1-2-3,39.4,462.0,-9.0,アレグロヴィーヴォ,8.6
2018102124,コスモピエドラ,2026/06/16,水沢,晴,1.0,C2三組,9,3.0,3,21.1,9.0,2.0,鈴木祐,56.0,ダ,1400.0,良,90.3,0.1,1-1-1-1,41.3,471.0,6.0,ツワモノ,15.1
2018102124,コスモピエドラ,2026/06/09,水沢,曇,9.0,C1五組,10,3.0,3,56.1,10.0,7.0,南郷家全,56.0,ダ,1400.0,重,90.0,1.5,3-3-5-5,39.6,465.0,3.0,ハクシンマルペンサ,
2018102124,コスモピエドラ,2026/05/26,盛岡,曇,9.0,C1四組,10,8.0,9,169.1,10.0,10.0,南郷家全,56.0,ダ,1400.0,良,90.7,4.7,10-10,39.8,462.0,-2.0,アドマイヤアーデル,
2018102124,コスモピエドラ,2026/05/11,盛岡,曇,11.0,C1三組,12,6.0,8,221.7,11.0,12.0,南郷家全,56.0,ダ,1400.0,良,89.5,2.7,5-8,39.5,464.0,5.0,ファルシオン,
2018102124,コスモピエドラ,2026/04/29,水沢,曇,9.0,C1四組,11,8.0,11,121.7,11.0,9.0,菅原辰徳,56.0,ダ,1400.0,稍,92.6,1.0,2-2-2-3,42.3,459.0,3.0,チムドンドン,
2018102124,コスモピエドラ,2026/04/14,水沢,晴,7.0,C1,11,7.0,8,36.7,8.0,6.0,菅原辰徳,56.0,ダ,1400.0,良,93.0,1.3,2-1-1-1,41.8,456.0,-4.0,ウインディ,
2018102124,コスモピエドラ,2026/03/30,水沢,曇,10.0,C1,11,8.0,10,17.9,6.0,5.0,菅原辰徳,56.0,ダ,1400.0,稍,92.9,1.2,2-3-2-3,40.7,460.0,3.0,スリーヘリオス,3.5
2018102124,コスモピエドラ,2026/03/17,水沢,晴,10.0,C1一組,11,7.0,8,86.6,11.0,9.0,菅原辰徳,56.0,ダ,1600.0,良,109.3,3.4,2-2-5-5,44.3,457.0,-12.0,フォーエリーゼ,
2018102124,コスモピエドラ,2025/12/30,水沢,曇,7.0,C1五組,11,5.0,5,8.0,4.0,1.0,村上忍,56.0,ダ,1400.0,重,89.1,0.0,2-2-2-1,38.7,469.0,-1.0,(コウソクマリ),50.0
2018102124,コスモピエドラ,2025/12/16,水沢,小雨,7.0,C1五組,12,8.0,12,200.5,12.0,11.0,佐々木志,56.0,ダ,1400.0,重,90.6,2.2,2-3-4-9,40.8,470.0,6.0,テーオーリップマン,
2018102124,コスモピエドラ,2025/12/02,水沢,曇,8.0,C1七組,11,7.0,8,120.9,9.0,11.0,佐々木志,56.0,ダ,1400.0,稍,92.7,2.3,3-3-5-10,42.5,464.0,-2.0,サイモンノーブル,
2018102124,コスモピエドラ,2025/11/17,盛岡,小雨,9.0,C1五組,12,6.0,8,196.4,12.0,11.0,佐々木志,56.0,ダ,1400.0,稍,90.2,3.1,3-6,40.8,466.0,0.0,クリノフローレンス,
2018102124,コスモピエドラ,2025/11/04,盛岡,晴,9.0,C1六組,10,5.0,5,230.2,9.0,7.0,佐々木志,56.0,ダ,1400.0,稍,89.1,3.2,7-7,39.5,466.0,8.0,ショウナンナスカ,
2018102124,コスモピエドラ,2025/10/05,水沢,曇,9.0,C1五組,11,4.0,4,72.3,8.0,11.0,菅原辰徳,56.0,ダ,1400.0,稍,93.2,3.8,3-4-7-8,42.3,458.0,-3.0,エコロジェイド,
2018102124,コスモピエドラ,2025/09/23,水沢,晴,7.0,C1四組,11,4.0,4,17.8,5.0,9.0,菅原辰徳,56.0,ダ,1400.0,良,93.0,2.4,2-2-3-5,43.1,461.0,7.0,ピュアケミストリー,
2018102124,コスモピエドラ,2025/09/08,盛岡,晴,8.0,C1五組,9,8.0,9,30.2,5.0,5.0,菅原辰徳,56.0,ダ,1400.0,良,88.6,1.8,3-1,40.2,454.0,3.0,ゴールドオリス,3.5
2018102124,コスモピエドラ,2025/08/26,盛岡,曇,11.0,C1四組,10,5.0,5,75.5,10.0,8.0,菅原辰徳,56.0,ダ,1400.0,良,88.7,1.4,2-1,39.3,451.0,-2.0,ペルルセレスト,
2018102124,コスモピエドラ,2025/08/10,盛岡,曇,9.0,C1三組,10,8.0,10,117.2,9.0,10.0,佐々木志,56.0,ダ,1400.0,良,90.4,3.0,3-8,41.8,453.0,-3.0,ガンバンテイン,
2018102124,コスモピエドラ,2025/07/29,盛岡,晴,11.0,M&Kジョッキーズカ(C1),12,5.0,6,131.8,12.0,12.0,岩本怜,56.0,ダ,1600.0,良,104.1,2.8,2-4,43.0,456.0,0.0,ノースハマナス,
2018102124,コスモピエドラ,2025/07/15,盛岡,小雨,10.0,ブラックブロッサム特(C1),11,1.0,1,15.2,7.0,11.0,高松亮,56.0,ダ,1400.0,良,90.0,2.1,1-1,40.7,456.0,3.0,ヴィグルズマン,
2018102124,コスモピエドラ,2025/06/29,水沢,晴,10.0,不動の滝賞(C1),10,1.0,1,13.8,5.0,5.0,佐々木志,56.0,ダ,1600.0,良,105.2,0.2,1-1-1-1,40.3,453.0,-3.0,ショウグン,3.5
2018102124,コスモピエドラ,2025/06/17,水沢,晴,9.0,C1五組,10,6.0,6,5.2,2.0,1.0,及川裕一,56.0,ダ,1400.0,良,90.7,-0.1,2-2-2-1,40.6,456.0,-2.0,(シントーヨーキヒ),50.0
2018102124,コスモピエドラ,2025/06/03,盛岡,曇,9.0,C1四組,9,4.0,4,57.8,8.0,5.0,及川裕一,56.0,ダ,1400.0,良,89.3,1.3,5-4,40.6,458.0,3.0,ソルトロック,3.5
2018102124,コスモピエドラ,2025/05/20,盛岡,晴,10.0,C1二組,11,4.0,4,12.2,7.0,10.0,佐々木志,56.0,ダ,1400.0,重,89.8,1.7,1-1,40.5,455.0,1.0,コンジェラメント,
2018102124,コスモピエドラ,2025/05/07,盛岡,雨,9.0,C1四組,10,8.0,9,40.0,8.0,4.0,佐々木志,56.0,ダ,1400.0,不,88.2,1.2,2-2,39.9,454.0,-1.0,ブレイクショット,6.5
2018102124,コスモピエドラ,2025/04/28,水沢,曇,8.0,C1三組,11,4.0,4,76.8,7.0,10.0,菅原辰徳,56.0,ダ,1600.0,良,107.7,2.6,5-6-9-8,41.8,455.0,0.0,ロードディフィート,
2018102124,コスモピエドラ,2025/04/14,水沢,曇,11.0,オレンジプリンセス賞(C1),12,6.0,8,50.1,9.0,2.0,菅原辰徳,56.0,ダ,1600.0,不,103.2,0.5,2-2-2-2,39.7,455.0,2.0,ノースハマナス,17.5
2018102124,コスモピエドラ,2025/03/30,水沢,曇,9.0,C1三組,12,8.0,12,115.7,10.0,9.0,佐々木志,56.0,ダ,1600.0,良,108.7,2.7,4-4-10-11,42.8,453.0,-8.0,トミケンプラセール,
2018102124,コスモピエドラ,2025/03/17,水沢,雪,10.0,ガーベラ賞(C1),0,3.0,3,,,,菅原辰徳,56.0,ダ,1600.0,不,,,,,,,,
2018102124,コスモピエドラ,2024/12/30,水沢,晴,9.0,オッズパーク賞(C1),12,5.0,5,110.0,10.0,10.0,小林凌,56.0,ダ,1600.0,不,104.8,3.1,1-1-6-8,42.3,461.0,0.0,マナマカナ,
2018102124,コスモピエドラ,2024/12/22,水沢,雪,10.0,C1三組,10,8.0,10,13.4,7.0,2.0,坂口裕一,56.0,ダ,1600.0,不,103.4,0.1,2-2-2-2,40.4,461.0,1.0,デルマアシュラ,15.8
2018102124,コスモピエドラ,2024/12/11,水沢,曇,6.0,C1,12,3.0,3,53.1,8.0,10.0,坂井瑛音,53.0,ダ,1400.0,不,90.7,2.0,5-6-8-7,40.3,460.0,0.0,アツキヤマト,
2018102124,コスモピエドラ,2024/11/26,水沢,晴,10.0,C1,12,6.0,8,8.9,4.0,6.0,南郷家全,56.0,ダ,1400.0,稍,92.4,1.7,4-4-4-4,41.1,460.0,0.0,クイーンカード,
2018102124,コスモピエドラ,2024/10/29,盛岡,晴,8.0,スカビオサ賞(C1),9,8.0,8,64.5,7.0,2.0,阿部英俊,56.0,ダ,1600.0,稍,103.9,0.7,2-4,40.7,460.0,2.0,オセアマジェスティ,15.8
2018102124,コスモピエドラ,2024/10/13,盛岡,晴,11.0,C1二組,12,2.0,2,82.8,10.0,11.0,阿部英俊,56.0,ダ,1600.0,良,105.2,3.5,7-8,41.5,458.0,2.0,フェルサイト,
2018102124,コスモピエドラ,2024/10/01,水沢,晴,8.0,C1四組,12,6.0,7,111.0,11.0,3.0,菅原辰徳,56.0,ダ,1400.0,良,90.9,0.3,2-2-2-2,40.3,456.0,3.0,リリアナフェアリー,9.0
2018102124,コスモピエドラ,2024/09/15,水沢,曇,8.0,C1四組,11,7.0,9,36.9,10.0,9.0,菅原辰徳,56.0,ダ,1400.0,良,92.5,2.7,3-3-4-8,42.3,453.0,0.0,ニーケススマイル,
2018102124,コスモピエドラ,2024/09/03,盛岡,晴,7.0,楽天競馬×楽天モバイ(C1),9,8.0,8,18.1,7.0,6.0,坂口裕一,56.0,ダ,1400.0,稍,89.3,1.2,4-5,38.6,453.0,2.0,エーリチェ,
2018102124,コスモピエドラ,2024/08/19,盛岡,晴,7.0,C1八組,10,1.0,1,6.1,3.0,10.0,坂口裕一,56.0,ダ,1400.0,良,90.6,2.7,5-8,41.3,451.0,2.0,ロジディープ,
2018102124,コスモピエドラ,2024/08/05,盛岡,晴,9.0,ミルクティーローズ賞(C1),10,5.0,5,6.7,3.0,8.0,坂口裕一,56.0,ダ,1400.0,稍,89.6,2.5,6-8,40.3,449.0,-2.0,ミヤビプレシャス,
2018102124,コスモピエドラ,2024/07/21,盛岡,晴,8.0,C1六組,10,8.0,10,17.4,7.0,2.0,坂口裕一,56.0,ダ,1400.0,良,87.3,0.2,3-3,38.8,451.0,2.0,エコロジーガール,15.8
2018102124,コスモピエドラ,2024/07/07,盛岡,雨,9.0,ドコモショップ西根店(C1),12,5.0,6,14.4,7.0,11.0,坂口裕一,56.0,ダ,1400.0,不,88.8,1.9,4-5,40.2,449.0,-3.0,リリアナフェアリー,
2018102124,コスモピエドラ,2024/06/24,水沢,晴,8.0,C1三組,11,6.0,6,5.2,3.0,5.0,坂口裕一,56.0,ダ,1600.0,稍,105.0,0.9,2-2-2-3,40.9,452.0,-4.0,フェアリーティンク,3.2
2018102124,コスモピエドラ,2024/06/11,水沢,晴,3.0,C2三組,9,7.0,7,4.1,2.0,1.0,坂口裕一,56.0,ダ,1400.0,良,90.9,-0.3,1-1-1-1,39.7,456.0,5.0,(キックフリップ),40.0
2018102124,コスモピエドラ,2024/05/28,盛岡,小雨,4.0,C2二組,9,3.0,3,4.4,2.0,7.0,坂口裕一,56.0,ダ,1400.0,良,89.9,0.8,1-1,40.6,451.0,5.0,コンバットファスト,
2018102124,コスモピエドラ,2024/05/14,盛岡,晴,5.0,C2一組,9,1.0,1,27.4,5.0,8.0,坂口裕一,56.0,ダ,1400.0,稍,90.7,2.2,8-8,40.4,446.0,-3.0,パーソナルマキ,
2018102124,コスモピエドラ,2024/04/30,水沢,曇,5.0,C2一組,7,4.0,4,9.6,3.0,3.0,坂口裕一,56.0,ダ,1400.0,良,90.8,1.3,3-3-3-3,39.9,449.0,-3.0,パーソナルマキ,8.0
2018102124,コスモピエドラ,2024/04/16,水沢,曇,4.0,C2二組,9,1.0,1,7.1,3.0,2.0,坂口裕一,56.0,ダ,1400.0,良,91.4,0.5,1-1-1-1,39.7,452.0,-1.0,ティーライトニング,14.0
2018102124,コスモピエドラ,2024/03/31,水沢,晴,4.0,C2三組,7,7.0,7,3.7,2.0,3.0,坂口裕一,56.0,ダ,1400.0,重,91.2,0.9,4-4-4-4,40.3,453.0,0.0,ラッピングカラーズ,8.0
2018102124,コスモピエドラ,2024/03/12,水沢,曇,3.0,C2二組,12,7.0,10,3.6,3.0,3.0,坂口裕一,56.0,ダ,1400.0,重,91.2,0.7,5-7-5-3,39.4,453.0,-6.0,プランドールユー,8.0
2018102124,コスモピエドラ,2023/12/30,水沢,曇,3.0,C1,12,6.0,7,31.3,7.0,5.0,坂口裕一,56.0,ダ,1400.0,重,90.9,1.2,2-2-2-3,40.5,459.0,-2.0,ピラヴロス,3.0
2018102124,コスモピエドラ,2023/12/04,水沢,晴,10.0,コランダム賞(C1),12,6.0,8,46.0,8.0,10.0,坂口裕一,56.0,ダ,1600.0,重,104.0,1.4,5-5-6-8,41.1,461.0,1.0,アルカサル,
2018102124,コスモピエドラ,2023/11/20,盛岡,曇,10.0,ムーンストーン賞(C1),11,7.0,10,74.2,9.0,2.0,坂口裕一,56.0,ダ,1400.0,不,86.5,0.2,1-1,38.1,460.0,1.0,メイショウケイゼン,15.1
2018102124,コスモピエドラ,2023/11/05,盛岡,小雨,10.0,C1三組,11,1.0,1,50.7,6.0,10.0,南郷家全,56.0,ダ,1600.0,稍,104.0,3.7,8-10,39.9,459.0,3.0,ホウオウレンジャー,
2018102124,コスモピエドラ,2023/10/24,盛岡,晴,10.0,C1二組,9,1.0,1,61.1,6.0,6.0,南郷家全,56.0,ダ,1600.0,稍,101.7,1.7,5-3,39.7,456.0,-1.0,シュテルンロット,
2018102124,コスモピエドラ,2023/10/10,盛岡,小雨,11.0,C1一組,12,5.0,6,38.7,7.0,12.0,南郷家全,56.0,ダ,1600.0,不,103.1,3.4,2-2,42.6,457.0,9.0,スズカパンサー,
2018102124,コスモピエドラ,2023/09/24,盛岡,晴,11.0,クレマチス賞(C1),11,6.0,7,86.5,8.0,5.0,坂口裕一,56.0,ダ,1400.0,稍,89.3,2.0,2-2,40.6,448.0,0.0,スペースクラフト,3.0
2018102124,コスモピエドラ,2023/09/11,水沢,晴,9.0,C1,9,7.0,7,9.6,5.0,7.0,坂口裕一,56.0,ダ,1300.0,稍,83.4,0.9,3-3-3-4,39.8,448.0,-1.0,ミツバチキャット,
2018102124,コスモピエドラ,2023/08/27,水沢,曇,9.0,教養センター騎手候補(C1),9,8.0,9,7.2,4.0,8.0,菅原辰徳,56.0,ダ,1400.0,良,91.9,2.6,3-3-3-6,42.0,449.0,-6.0,クルールドソレイユ,
2018102124,コスモピエドラ,2023/08/15,盛岡,曇,8.0,オッズパーク賞(C1),11,4.0,4,5.8,3.0,7.0,菅原辰徳,56.0,ダ,1400.0,不,87.4,1.0,3-4,38.8,455.0,0.0,ティアーズインロゼ,
2018102124,コスモピエドラ,2023/07/30,盛岡,晴,10.0,バーべナ賞(C1),12,7.0,10,23.5,9.0,2.0,南郷家全,56.0,ダ,1400.0,良,88.0,0.0,3-3,38.7,455.0,-4.0,ビバリークイーン,15.1
2018102124,コスモピエドラ,2023/07/16,盛岡,雨,10.0,C1三組,10,5.0,5,19.8,7.0,8.0,南郷家全,56.0,ダ,1400.0,不,87.5,1.1,2-3,39.6,459.0,0.0,アークヴィクトリア,
2018102124,コスモピエドラ,2023/07/04,盛岡,晴,11.0,ヒガシウィルウィン特(C1),12,7.0,10,55.7,9.0,5.0,菅原辰徳,56.0,ダ,1600.0,良,102.1,1.2,1-1,40.3,459.0,-2.0,サトノマッスル,3.0
2018102124,コスモピエドラ,2023/06/18,水沢,晴,11.0,ウィルテイクチャージ(C1),9,3.0,3,3.1,2.0,5.0,坂口裕一,56.0,ダ,1600.0,稍,105.2,1.8,1-1-1-1,40.8,461.0,-2.0,サトノマッスル,3.0
2018102124,コスモピエドラ,2023/06/04,水沢,曇,11.0,チックウィード賞(C1),12,3.0,3,32.5,7.0,2.0,坂口裕一,56.0,ダ,1600.0,稍,104.6,0.1,1-1-1-1,40.5,463.0,2.0,バンフィエルド,15.1
2018102124,コスモピエドラ,2023/05/23,盛岡,曇,11.0,JCSファーストステ(C1),12,1.0,1,78.7,11.0,10.0,青柳正義,56.0,ダ,1200.0,良,75.6,1.5,10-11,37.5,461.0,1.0,チベリウス,
2018102124,コスモピエドラ,2023/05/09,盛岡,晴,7.0,C1,12,6.0,7,18.8,7.0,11.0,坂口裕一,56.0,ダ,1000.0,重,61.6,1.2,8-9,37.2,460.0,-1.0,ミキノイチゴ,
2018102124,コスモピエドラ,2023/04/24,水沢,曇,11.0,シベリアンアイリス賞(C1),11,5.0,5,20.4,6.0,7.0,南郷家全,56.0,ダ,1600.0,良,107.0,1.8,4-4-6-5,41.1,461.0,3.0,ビクロイ,
2018102124,コスモピエドラ,2023/03/26,水沢,雨,10.0,C1三組,11,5.0,5,4.7,3.0,1.0,坂口裕一,56.0,ダ,1400.0,不,88.6,-0.1,1-1-1-1,39.8,458.0,-3.0,(グランフェデリーゴ),43.0
2018102124,コスモピエドラ,2023/03/13,水沢,雨,9.0,C1二組,11,5.0,5,6.7,3.0,3.0,坂口裕一,56.0,ダ,1600.0,稍,106.3,0.2,2-2-1-1,42.4,461.0,-2.0,エイシンマエストロ,8.6
2018102124,コスモピエドラ,2022/12/26,水沢,晴,8.0,B2,11,8.0,10,14.1,4.0,9.0,坂口裕一,56.0,ダ,1400.0,不,91.5,1.7,3-3-3-3,41.1,463.0,-1.0,ドルズプライスレス,
2018102124,コスモピエドラ,2022/12/13,水沢,曇,7.0,B2三組,12,8.0,12,5.1,3.0,4.0,坂口裕一,56.0,ダ,1600.0,重,104.3,1.0,1-1-1-1,41.3,464.0,3.0,グーテオヌール,5.0
2018102124,コスモピエドラ,2022/11/28,水沢,晴,7.0,B2,11,1.0,1,12.0,3.0,6.0,陶文峰,56.0,ダ,1300.0,稍,83.0,0.3,6-6-6-6,38.9,461.0,0.0,ナイトアルニラム,
2018102124,コスモピエドラ,2022/11/15,盛岡,曇,8.0,B2四組,10,5.0,5,14.9,6.0,5.0,坂口裕一,56.0,ダ,1600.0,良,101.9,1.2,4-4,39.8,461.0,1.0,ジュンケンジー,2.5
2018102124,コスモピエドラ,2022/10/31,盛岡,曇,10.0,タンザナイト賞(B2),11,5.0,5,8.7,4.0,6.0,坂口裕一,56.0,ダ,1200.0,良,74.7,0.9,5-5,38.2,460.0,1.0,トキノノゾミ,
2018102124,コスモピエドラ,2022/10/17,盛岡,曇,10.0,B2二組,9,8.0,8,19.7,6.0,4.0,坂口裕一,56.0,ダ,1600.0,良,101.5,0.3,2-1,40.3,459.0,3.0,マルケイアロー,5.0
2018102124,コスモピエドラ,2022/10/02,盛岡,晴,6.0,B2二組,10,2.0,2,10.0,5.0,9.0,坂口裕一,56.0,ダ,1600.0,良,102.0,1.7,4-4,39.5,456.0,0.0,ライヴガーネット,
2018102124,コスモピエドラ,2022/09/18,盛岡,曇,7.0,B2一組,12,6.0,7,62.4,10.0,6.0,菅原辰徳,56.0,ダ,1600.0,良,101.7,1.2,2-2,39.7,456.0,-4.0,モレッキ,
2018102124,コスモピエドラ,2022/09/04,盛岡,曇,9.0,弘南鉄道乗りにいきま(B2),7,4.0,4,37.3,5.0,4.0,坂口裕一,56.0,ダ,1600.0,不,99.6,1.0,2-2,37.9,460.0,2.0,マルゼンスター,5.0
2018102124,コスモピエドラ,2022/08/08,盛岡,曇,10.0,ブラッドストーン賞(B1),8,2.0,2,20.1,5.0,7.0,南郷家全,56.0,ダ,1600.0,良,102.4,2.8,7-7,40.2,458.0,3.0,トーセンルチアーノ,
2018102124,コスモピエドラ,2022/07/24,盛岡,曇,10.0,ダンシングエンジェル(B1),9,7.0,7,9.4,4.0,2.0,坂口裕一,56.0,ダ,1600.0,稍,101.1,0.5,2-2,39.1,455.0,-5.0,トゥザキングダム,22.8
2018102124,コスモピエドラ,2022/07/11,盛岡,曇,10.0,シェアト賞(B1),10,4.0,4,52.5,8.0,7.0,坂口裕一,56.0,ダ,1600.0,良,101.3,1.9,2-3,39.4,460.0,-2.0,ゼットパッション,
2018102124,コスモピエドラ,2022/06/26,盛岡,曇,10.0,コントレイル特別(B1),9,5.0,5,7.8,5.0,7.0,坂口裕一,56.0,ダ,1600.0,良,102.2,1.7,1-1,39.7,462.0,-2.0,クレイジーエックス,
2018102124,コスモピエドラ,2022/06/12,水沢,曇,10.0,B1三組,11,3.0,3,4.5,3.0,3.0,坂口裕一,56.0,ダ,1600.0,重,102.7,0.2,1-1-1-1,39.9,464.0,6.0,ダンサーズドリーム,13.0
2018102124,コスモピエドラ,2022/05/29,水沢,晴,10.0,ジョージア賞(B1),10,4.0,4,8.4,5.0,2.0,坂口裕一,56.0,ダ,1600.0,稍,104.1,0.2,1-1-1-1,41.0,458.0,-1.0,キズナビーム,22.8
2018102124,コスモピエドラ,2022/05/16,水沢,曇,10.0,チャイナアスタ賞(B1),12,2.0,2,4.5,2.0,6.0,坂口裕一,56.0,ダ,1400.0,良,90.7,1.2,5-5-7-5,40.7,459.0,-3.0,カガジャドール,
2018102124,コスモピエドラ,2022/05/02,水沢,晴,11.0,夢・希望未来へ前進(B1),11,7.0,9,6.3,4.0,4.0,坂口裕一,56.0,ダ,1600.0,重,102.9,0.6,1-1-1-1,40.2,462.0,-1.0,エルプシャフト,6.5
2018102124,コスモピエドラ,2022/04/17,水沢,晴,6.0,B1,8,8.0,8,2.4,2.0,3.0,坂口裕一,56.0,ダ,850.0,重,51.9,0.7,3-4,36.4,463.0,2.0,ダズンフラワー,13.0
2018102124,コスモピエドラ,2022/04/03,水沢,晴,8.0,B1,12,8.0,11,3.0,1.0,4.0,坂口裕一,56.0,ダ,1400.0,良,92.4,1.2,2-2-2-2,42.3,461.0,2.0,ウインルーカス,6.5
2018102124,コスモピエドラ,2022/03/20,水沢,曇,11.0,夢・希望未来へ前進(B1),9,3.0,3,4.7,2.0,5.0,坂口裕一,56.0,ダ,1300.0,不,82.5,0.7,2-3-6-6,37.7,459.0,-1.0,アマルインジャズ,3.3
2018102124,コスモピエドラ,2021/12/30,水沢,小雨,5.0,B2,10,2.0,2,1.8,1.0,1.0,坂口裕一,56.0,ダ,1400.0,不,91.6,-0.2,1-1-1-1,40.4,460.0,-2.0,(ムーンフェアリー),45.0
2018102124,コスモピエドラ,2021/12/14,水沢,晴,6.0,B2,10,6.0,6,1.9,1.0,1.0,坂口裕一,56.0,ダ,1300.0,不,80.9,0.0,2-2-2-1,38.1,462.0,-4.0,(トキノソマリ),45.0
2018102124,コスモピエドラ,2021/11/28,水沢,晴,7.0,おかえり水沢競馬奥馬(B2),12,7.0,10,2.5,2.0,1.0,坂口裕一,56.0,ダ,1600.0,不,102.3,-0.4,2-2-2-1,38.4,466.0,6.0,(ネイチャーモルサム),45.0
2018102124,コスモピエドラ,2021/11/03,大井,晴,8.0,エキサイティングナイ(C1),14,4.0,5,33.3,10.0,7.0,石川駿介,56.0,ダ,1200.0,稍,74.5,1.5,6-6,37.7,460.0,1.0,マロカオブジャガー,
2018102124,コスモピエドラ,2021/10/07,大井,曇,8.0,マティーニ賞(C1),14,4.0,5,12.4,3.0,7.0,和田譲治,56.0,ダ,1200.0,良,73.4,0.8,8-7,37.4,459.0,7.0,キョウワセイヴァー,
2018102124,コスモピエドラ,2021/09/20,大井,晴,6.0,都電とバラの街あらか(C1),8,3.0,3,11.2,4.0,3.0,和田譲治,55.0,ダ,1200.0,稍,73.2,0.7,5-5,36.9,452.0,3.0,ブラックアバンティ,30.0
2018102124,コスモピエドラ,2021/09/09,大井,曇,9.0,2017ララベルJB(C1),13,4.0,5,16.7,9.0,8.0,和田譲治,55.0,ダ,1200.0,不,75.1,1.0,6-5,39.3,449.0,3.0,ヴァンルーチェ,
2018102124,コスモピエドラ,2021/08/16,大井,曇,9.0,C1七八九(C1八),12,8.0,11,5.8,3.0,2.0,和田譲治,55.0,ダ,1200.0,不,74.4,0.2,6-5,38.1,446.0,-1.0,ラインギャラント,48.0
2018102124,コスモピエドラ,2021/08/02,大井,曇,12.0,南風賞(C1),13,7.0,12,26.5,10.0,4.0,和田譲治,55.0,ダ,1200.0,稍,73.8,0.9,7-7,38.4,447.0,2.0,スマイルキューティ,18.0
2018102124,コスモピエドラ,2021/07/13,大井,曇,9.0,C1八九十(C1九),14,5.0,7,87.0,12.0,6.0,和田譲治,55.0,ダ,1200.0,重,73.9,0.8,12-12,37.5,445.0,4.0,カナヒタル,
2018102124,コスモピエドラ,2021/07/02,大井,雨,4.0,3歳337.,10,3.0,3,84.0,10.0,8.0,藤本現暉,56.0,ダ,1200.0,不,74.4,1.2,9-9,38.2,441.0,0.0,カンパリフレイバー,
2018102124,コスモピエドラ,2021/06/11,大井,晴,3.0,3歳307万,13,1.0,1,50.2,10.0,9.0,和田譲治,56.0,ダ,1200.0,良,75.5,1.7,11-12,38.3,441.0,1.0,グロリアスシティ,
2018102124,コスモピエドラ,2021/05/21,大井,曇,3.0,3歳347万,15,3.0,5,150.0,11.0,12.0,和田譲治,56.0,ダ,1200.0,重,74.9,1.2,10-11,38.0,440.0,-13.0,ディアナブレイン,
2018102124,コスモピエドラ,2020/12/10,大井,晴,10.0,ひばり特別競走(2歳),12,1.0,1,141.1,11.0,5.0,和田譲治,56.0,ダ,1200.0,良,74.4,0.9,5-4,38.2,453.0,0.0,ブラックストーム,35.0
2018102124,コスモピエドラ,2020/11/19,大井,晴,7.0,2歳特選,10,8.0,9,115.1,9.0,7.0,和田譲治,56.0,ダ,1200.0,良,74.9,1.0,7-8,38.7,453.0,1.0,リュウノヘラクレス,
2018102124,コスモピエドラ,2020/11/05,大井,晴,4.0,2歳特選,12,7.0,10,51.9,9.0,6.0,和田譲治,56.0,ダ,1200.0,良,74.9,0.4,7-8,38.6,452.0,5.0,サブノハクタカ,
2018102124,コスモピエドラ,2020/10/08,大井,雨,4.0,とき特別競走(2歳),9,4.0,4,6.4,4.0,4.0,和田譲治,55.0,ダ,1200.0,不,76.0,0.3,6-7,39.5,447.0,4.0,サッキールビアノ,52.5
2018102124,コスモピエドラ,2020/09/21,大井,晴,4.0,2歳145万,11,8.0,11,14.9,6.0,4.0,和田譲治,54.0,ダ,1200.0,良,75.8,0.7,8-8,39.1,443.0,0.0,マニエクセル,39.0
2018102124,コスモピエドラ,2020/09/10,大井,曇,5.0,2歳特選,13,6.0,10,25.1,8.0,2.0,和田譲治,54.0,ダ,1200.0,稍,75.4,0.2,6-6,38.2,443.0,3.0,チームロックス,112.0
2018102124,コスモピエドラ,2020/08/20,大井,晴,4.0,2歳特選,8,6.0,6,12.4,5.0,5.0,和田譲治,54.0,ダ,1200.0,良,75.4,1.0,3-3,39.0,440.0,-1.0,サブノハクタカ,28.0
2018102124,コスモピエドラ,2020/07/30,大井,曇,4.0,フレッシュスター特別(2歳),12,8.0,12,63.4,8.0,5.0,和田譲治,54.0,ダ,1200.0,稍,76.1,1.5,8-8,39.3,441.0,1.0,サブノキコウシ,35.0
2018102124,コスモピエドラ,2020/07/08,大井,曇,4.0,2歳45万円,9,7.0,7,41.2,6.0,7.0,和田譲治,54.0,ダ,1400.0,重,92.1,3.3,2-2-3,42.0,440.0,-1.0,セイカメテオポリス,
2018102124,コスモピエドラ,2020/06/26,大井,曇,3.0,2歳45万円,10,4.0,4,7.8,3.0,2.0,和田譲治,54.0,ダ,1200.0,不,76.4,0.1,1-1,40.1,441.0,1.0,タチキチャン,104.0
2018102124,コスモピエドラ,2020/06/01,大井,雨,4.0,2歳,6,6.0,6,70.2,6.0,4.0,和田譲治,54.0,ダ,1200.0,稍,76.5,2.2,5-5,39.3,440.0,3.0,マテーラフレイバー,39.0
2018102124,コスモピエドラ,2020/05/18,大井,雨,3.0,2歳新馬(新馬),8,1.0,1,17.0,4.0,8.0,和田譲治,54.0,ダ,1200.0,重,82.3,7.7,8-8,43.6,437.0,0.0,ソウマトウ,
2020102283,ブルーシャトー,2026/07/02,園田,曇,5.0,福甸7ハロンC2一,12,5.0,6,428.1,12.0,11,井上幹太,57.0,ダ,1400.0,不,95.7,5.3,12-12-12-12,42.2,495.0,-1.0,スプリガン,
2020102283,ブルーシャトー,2026/06/17,園田,曇,12.0,C2一,12,3.0,3,272.9,10.0,10,井上幹太,57.0,ダ,1400.0,良,95.0,2.8,11-10-12-11,40.7,496.0,0.0,キーベスト,
2020102283,ブルーシャトー,2026/06/03,園田,晴,9.0,C2一,10,1.0,1,265.1,9.0,9,井上幹太,57.0,ダ,1400.0,重,96.5,4.6,8-8-9-9,42.9,496.0,-2.0,ミキヨウッドテール,
2020102283,ブルーシャトー,2026/05/20,園田,曇,6.0,C2一,12,3.0,3,475.4,11.0,12,井上幹太,57.0,ダ,1400.0,良,96.0,4.1,11-11-12-12,41.9,498.0,-3.0,ガルバナム,
2020102283,ブルーシャトー,2026/05/05,園田,晴,12.0,ポピー賞C1一,11,6.0,7,419.1,10.0,10,松木大地,57.0,ダ,1400.0,稍,95.9,3.0,11-11-11-11,41.4,501.0,-5.0,ラズライトタッカー,
2020102283,ブルーシャトー,2026/04/15,園田,雨,10.0,C1一,10,3.0,3,360.4,9.0,10,松木大地,57.0,ダ,1400.0,稍,95.7,4.1,8-8-10-10,41.1,506.0,-1.0,ピエナフェーヴル,
2020102283,ブルーシャトー,2026/03/31,園田,曇,12.0,チューリップ賞C1,12,8.0,12,212.5,12.0,12,井上幹太,57.0,ダ,1400.0,稍,97.7,5.9,12-12-12-12,42.0,507.0,1.0,マダムイグレイン,
2020102283,ブルーシャトー,2026/03/10,姫路,晴,9.0,C1,11,1.0,1,532.1,11.0,11,井上幹太,57.0,ダ,1400.0,良,99.0,5.7,10-10-11-11,42.9,506.0,-3.0,エルフェニックス,
2020102283,ブルーシャトー,2026/02/25,姫路,曇,12.0,ストロベリーキャンド(C1),12,6.0,7,295.6,10.0,9,井上幹太,57.0,ダ,1400.0,不,97.8,4.3,12-12-12-12,41.9,509.0,0.0,ガンバレベアー,
2020102283,ブルーシャトー,2026/02/11,姫路,曇,9.0,ひめじ広峰特別C1一,8,4.0,4,85.7,6.0,7,井上幹太,57.0,ダ,1400.0,稍,98.4,3.6,8-8-7-7,41.8,509.0,1.0,ゼンダンスバシリ,
2020102283,ブルーシャトー,2026/01/22,姫路,晴,9.0,C1一,10,7.0,9,,,除,井上幹太,57.0,ダ,1400.0,良,,,,,511.0,3.0,ララモンドール,
2020102283,ブルーシャトー,2026/01/07,園田,晴,11.0,レ・コードなまちにい(B1B2),10,5.0,5,274.2,10.0,9,松木大地,56.0,ダ,1700.0,良,118.8,4.8,7-7-10-10,42.7,508.0,-2.0,エナアニマル,
2020102283,ブルーシャトー,2025/12/24,園田,曇,12.0,B2,11,8.0,11,144.9,10.0,10,井上幹太,57.0,ダ,1230.0,不,82.8,2.7,11-11-11-11,40.5,510.0,2.0,キクノルメイユール,
2020102283,ブルーシャトー,2025/12/04,園田,晴,9.0,B2二,9,3.0,3,64.0,5.0,7,小谷哲平,55.0,ダ,1400.0,良,95.4,3.8,9-8-9-9,41.2,508.0,0.0,ジーニアスレノン,
2020102283,ブルーシャトー,2025/11/11,盛岡,曇,8.0,B2,12,7.0,10,137.0,9.0,4,関本玲花,54.0,ダ,1400.0,良,87.8,1.8,8-11,38.2,508.0,-3.0,エコロジェイド,7.8
2020102283,ブルーシャトー,2025/10/27,盛岡,小雨,10.0,クレマチス賞(B2),12,5.0,6,85.8,9.0,7,関本玲花,54.0,ダ,1400.0,稍,87.4,0.9,10-9,38.0,511.0,0.0,コスモモカ,
2020102283,ブルーシャトー,2025/10/14,盛岡,曇,8.0,B2,9,5.0,5,55.1,8.0,5,関本玲花,54.0,ダ,1400.0,良,87.6,1.6,5-7,38.3,511.0,1.0,サンマルクレイジー,4.2
2020102283,ブルーシャトー,2025/09/29,水沢,曇,8.0,B2,12,7.0,10,65.9,11.0,3,菅原辰徳,56.0,ダ,1400.0,不,89.5,0.5,4-4-4-3,38.8,510.0,2.0,ゴールドジャンパー,12.0
2020102283,ブルーシャトー,2025/09/15,水沢,曇,11.0,ムリファイン賞(B2),9,8.0,8,48.3,8.0,8,関本玲花,54.0,ダ,1400.0,稍,90.0,1.2,9-9-9-8,38.6,508.0,-3.0,ドドーニサンサン,
2020102283,ブルーシャトー,2025/09/01,盛岡,曇,12.0,夢・希望未来へ前進(B2),7,1.0,1,67.1,7.0,7,関本玲花,54.0,ダ,1600.0,良,102.4,3.3,4-6,39.2,511.0,5.0,アナザークイーン,
2020102283,ブルーシャトー,2025/08/11,盛岡,曇,10.0,月・祝のハーレクイン(C1),11,4.0,4,7.8,4.0,7,関本玲花,54.0,ダ,1400.0,稍,88.3,0.8,8-8,38.2,506.0,-2.0,フェスティヴメノコ,
2020102283,ブルーシャトー,2025/07/29,盛岡,晴,6.0,C1,8,7.0,7,24.1,4.0,3,関本玲花,54.0,ダ,1400.0,良,88.3,0.3,5-5,39.2,508.0,3.0,ヤマショウクイーン,10.0
2020102283,ブルーシャトー,2025/07/14,盛岡,曇,11.0,がんばれ!新種牡馬競(C1),12,1.0,1,11.0,6.0,9,関本玲花,54.0,ダ,1400.0,良,89.6,1.4,9-8,39.0,505.0,-3.0,ピナクルポイント,
2020102283,ブルーシャトー,2025/06/30,水沢,曇,9.0,C1,8,7.0,7,7.5,3.0,4,関本玲花,54.0,ダ,1400.0,良,90.8,0.9,6-6-5-6,40.1,508.0,-4.0,エイシンハルニレ,6.5
2020102283,ブルーシャトー,2025/06/16,水沢,曇,8.0,C1,12,5.0,5,10.9,5.0,3,関本玲花,54.0,ダ,1400.0,良,90.6,0.2,7-5-4-3,41.1,512.0,-4.0,インセプション,10.0
2020102283,ブルーシャトー,2025/06/03,盛岡,曇,6.0,C1,9,8.0,9,4.1,2.0,7,関本玲花,54.0,ダ,1400.0,良,88.8,1.2,7-8,38.5,516.0,4.0,ゴールデンレイ,
2020102283,ブルーシャトー,2025/05/20,盛岡,晴,4.0,C2一組,7,8.0,8,2.8,1.0,3,関本玲花,54.0,ダ,1400.0,不,87.8,0.0,4-4,38.5,512.0,-2.0,オウケンアマゾネス,8.0
2020102283,ブルーシャトー,2025/05/06,盛岡,曇,2.0,C2一組,11,7.0,9,10.7,5.0,1,関本玲花,54.0,ダ,1400.0,稍,88.8,0.0,4-3,38.2,514.0,0.0,(ナムラバンザイ),40.0
2020102283,ブルーシャトー,2025/04/27,水沢,晴,4.0,C2四組,9,6.0,6,3.0,1.0,1,関本玲花,54.0,ダ,1400.0,良,91.7,-0.2,7-6-4-2,39.4,514.0,-4.0,(エドノテーラー),40.0
2020102283,ブルーシャトー,2025/04/22,水沢,晴,3.0,C2二組,9,8.0,8,10.7,5.0,6,関本玲花,54.0,ダ,1400.0,良,91.8,0.9,9-9-8-8,40.0,518.0,5.0,ワタシハサイキョウ,
2020102283,ブルーシャトー,2025/04/08,水沢,曇,2.0,C2二組,12,3.0,3,11.8,6.0,5,関本玲花,54.0,ダ,1400.0,良,91.7,0.8,6-6-9-6,39.2,513.0,-2.0,シラユリ,2.8
2020102283,ブルーシャトー,2025/03/31,水沢,晴,1.0,C2三組,8,2.0,2,4.7,2.0,2,関本玲花,54.0,ダ,1400.0,良,92.1,0.1,6-5-4-4,39.9,515.0,-8.0,バストリカ,14.0
2020102283,ブルーシャトー,2025/03/25,水沢,晴,2.0,C2二組,12,5.0,5,12.4,4.0,6,関本玲花,54.0,ダ,1400.0,良,92.1,0.9,8-8-6-5,40.7,523.0,6.0,メイショウケイゼン,
2020102283,ブルーシャトー,2025/03/06,川崎,曇,2.0,ヴィクトリア賞(C3),12,8.0,12,47.1,4.0,12,丹内祐次,56.0,ダ,2000.0,不,143.9,7.1,6-7-9-10,47.4,517.0,2.0,ハクシュ,
2020102283,ブルーシャトー,2025/02/08,川崎,晴,8.0,リコリス賞(C3),11,1.0,1,19.0,4.0,6,山崎誠士,56.0,ダ,1500.0,良,100.3,1.6,8-7-8-6,41.3,515.0,1.0,ハヤブサアポチャン,
2020102283,ブルーシャトー,2025/01/04,川崎,晴,5.0,門松賞(C3),11,5.0,5,18.0,4.0,5,阿部龍,56.0,ダ,1500.0,良,101.3,2.5,6-6-6-6,41.7,514.0,-3.0,アスクムービーオン,12.0
2020102283,ブルーシャトー,2024/12/12,川崎,晴,7.0,春紫苑賞(C2七),13,7.0,12,33.6,9.0,7,Ｍ．ミシ,54.0,ダ,1500.0,良,101.2,0.9,8-8-5-9,42.7,517.0,15.0,ケイアイマゴラ,
2020102283,ブルーシャトー,2024/11/15,川崎,曇,8.0,C2十,11,8.0,11,16.5,5.0,5,Ｍ．ミシ,54.0,ダ,1400.0,稍,94.2,1.2,2-4-3-3,40.6,502.0,-4.0,ヒロアプリオリ,10.0
2020102283,ブルーシャトー,2024/10/08,川崎,雨,6.0,YJSトライアルラウ(C2),14,1.0,1,19.4,6.0,6,大江原比,56.0,ダ,1600.0,重,109.5,2.1,4-4-3-4,42.2,506.0,5.0,ケイツーバルボア,
2020102283,ブルーシャトー,2024/09/05,川崎,晴,2.0,カンガルー賞(C3),12,5.0,5,9.2,5.0,2,山崎誠士,56.0,ダ,900.0,重,57.0,0.7,9-7,38.4,501.0,-1.0,グレル,32.0
2020102283,ブルーシャトー,2024/08/22,浦和,曇,8.0,浦和エイトチャレンジ(C3四),10,6.0,6,11.7,3.0,1,山崎誠士,56.0,ダ,1500.0,良,99.2,-0.5,3-3-2-2,39.7,502.0,-1.0,(ツクバマリア),80.0
2020102283,ブルーシャトー,2024/08/08,川崎,曇,2.0,C3三四,12,5.0,6,15.3,7.0,6,山崎誠士,56.0,ダ,1400.0,良,94.7,1.4,9-9-9-7,41.6,503.0,3.0,バジガクカルミア,
2020102283,ブルーシャトー,2024/07/24,川崎,晴,7.0,C3三四,11,5.0,6,27.6,5.0,5,加藤雄真,53.0,ダ,1400.0,良,94.3,1.5,6-5-6-6,40.8,500.0,2.0,クインズカヤノヒメ,8.0
2020102283,ブルーシャトー,2024/07/03,川崎,晴,4.0,C3五六,12,5.0,5,9.1,4.0,3,山崎誠士,56.0,ダ,1400.0,重,93.7,1.1,8-7-6-6,40.9,498.0,-6.0,ミサイルビスケッツ,20.0
2020102283,ブルーシャトー,2024/06/12,川崎,晴,12.0,2024川崎ジョッキ(C3),14,3.0,3,17.6,7.0,11,中越琉世,56.0,ダ,1500.0,良,101.1,1.0,9-9-10-9,43.1,504.0,-1.0,シンデレラワルツ,
2020102283,ブルーシャトー,2024/05/10,川崎,晴,2.0,バニラ賞(C3),12,6.0,7,7.7,4.0,12,加藤雄真,53.0,ダ,1400.0,稍,95.3,4.8,7-6-5-10,43.7,505.0,-1.0,フェアメーゲン,
2020102283,ブルーシャトー,2024/04/12,大井,曇,3.0,C3一二三(C3二),14,7.0,12,78.7,9.0,7,鷹見陸,53.0,ダ,1200.0,重,76.7,1.1,8-6,39.9,506.0,2.0,ダンシングラスカル,
2020102283,ブルーシャトー,2024/03/21,大井,晴,2.0,C3四五,16,5.0,10,17.9,9.0,9,鷹見陸,53.0,ダ,1200.0,良,77.4,1.4,13-13,39.1,504.0,-5.0,クウレイナニ,
2020102283,ブルーシャトー,2024/02/29,大井,曇,4.0,汐留川賞(C3),16,2.0,4,29.0,7.0,10,鷹見陸,53.0,ダ,1200.0,稍,77.9,1.6,15-15,39.8,509.0,3.0,サンクスグランパ,
2020102283,ブルーシャトー,2023/08/02,大井,晴,2.0,3歳174万,14,4.0,6,74.8,10.0,3,福原杏,56.0,ダ,1200.0,重,73.8,0.6,8-8,38.0,506.0,3.0,モリデンステルス,37.5
2020102283,ブルーシャトー,2023/07/11,大井,晴,3.0,3歳178万,11,8.0,10,23.5,9.0,5,西啓太,56.0,ダ,1200.0,良,75.3,0.9,7-8,38.9,503.0,-4.0,フクフクテンテン,15.0
2020102283,ブルーシャトー,2023/06/28,大井,曇,2.0,3歳164万,14,3.0,4,29.6,8.0,9,本橋孝太,56.0,ダ,1200.0,良,75.2,1.5,12-12,38.1,507.0,1.0,オグメンタ,
2020102283,ブルーシャトー,2023/06/06,大井,曇,2.0,3歳164万,12,5.0,6,5.7,4.0,10,本橋孝太,56.0,ダ,1200.0,重,75.9,1.2,10-11,38.3,506.0,3.0,サノノビーチ,
2020102283,ブルーシャトー,2023/05/23,大井,雨,3.0,3歳130万,13,7.0,11,11.9,5.0,4,本橋孝太,56.0,ダ,1200.0,重,75.0,0.9,9-10,38.3,503.0,-4.0,リコーアストラ,25.5
2020102283,ブルーシャトー,2023/05/09,大井,晴,2.0,3歳94.6,14,5.0,7,21.1,7.0,7,本橋孝太,56.0,ダ,1200.0,重,74.7,1.0,14-13,37.5,507.0,3.0,ユーピテル,
2020102283,ブルーシャトー,2023/04/18,大井,曇,2.0,3歳164万,9,7.0,7,36.2,8.0,8,本橋孝太,56.0,ダ,1600.0,重,105.6,2.1,8-8-7-8,40.5,504.0,1.0,エスプリアカボシ,
2020102283,ブルーシャトー,2023/03/28,大井,曇,3.0,3歳138.,14,8.0,13,95.8,13.0,6,本橋孝太,56.0,ダ,1200.0,不,76.1,1.6,5-5,39.1,503.0,4.0,シロイトイキ,
2020102283,ブルーシャトー,2023/03/08,大井,晴,3.0,3歳108万,13,8.0,14,25.3,9.0,11,本橋孝太,56.0,ダ,1400.0,良,91.8,2.8,5-4-6,41.6,499.0,-1.0,ヴィクラント,
2020102283,ブルーシャトー,2023/02/21,大井,晴,2.0,3歳96万円,14,4.0,6,26.6,5.0,6,本橋孝太,56.0,ダ,1200.0,良,76.5,1.5,8-6,39.8,500.0,-3.0,ペルシアンローズ,
2020102283,ブルーシャトー,2023/01/26,大井,晴,4.0,烏山川賞(3歳),16,7.0,13,21.7,6.0,9,本橋孝太,56.0,ダ,1200.0,良,77.1,2.1,8-8,40.2,503.0,16.0,テッコサン,
2020102283,ブルーシャトー,2022/12/13,金沢,曇,4.0,持田杏奈☆今年もお世(2歳),11,8.0,11,3.5,2.0,2,中島龍也,55.0,ダ,1400.0,不,90.3,0.4,1-1-1-2,38.1,487.0,-3.0,リュウノレイビア,17.6
2020102283,ブルーシャトー,2022/11/29,金沢,曇,4.0,2歳4,10,7.0,7,2.9,2.0,2,中島龍也,55.0,ダ,1400.0,良,92.7,1.2,3-3-2-2,40.0,490.0,-1.0,アリアージュ,17.6
2020102283,ブルーシャトー,2022/11/13,金沢,曇,3.0,ケン★ケンイチ★ケン(2歳),9,3.0,3,11.3,3.0,3,吉原寛人,55.0,ダ,1400.0,良,92.9,0.5,3-2-2-3,39.0,491.0,-1.0,サノノビスケッツ,8.8
2020102283,ブルーシャトー,2022/11/01,金沢,曇,3.0,2歳3,8,8.0,8,2.1,1.0,3,吉原寛人,55.0,ダ,1400.0,良,93.8,1.3,3-3-3-4,40.6,492.0,-1.0,レーブドフェイス,8.8
2020102283,ブルーシャトー,2022/10/16,金沢,晴,3.0,2歳4,8,2.0,2,1.7,1.0,4,田知弘久,55.0,ダ,1400.0,良,94.5,1.2,2-2-2-4,41.3,493.0,1.0,ラプタマーベリック,6.6
2020102283,ブルーシャトー,2022/10/04,金沢,曇,3.0,3代目かどや記念(2歳),8,5.0,5,2.3,2.0,2,柴田勇真,55.0,ダ,1400.0,良,93.3,0.3,2-2-1-2,40.4,492.0,5.0,エイシンペリドット,17.6
2020102283,ブルーシャトー,2022/09/20,金沢,曇,3.0,2歳3,7,4.0,4,1.7,1.0,2,中島龍也,55.0,ダ,1400.0,不,93.8,0.5,2-3-3-3,41.1,487.0,-5.0,エイシンメリダ,17.6
2020102283,ブルーシャトー,2022/08/14,2札幌2,曇,1.0,2歳未勝利,13,4.0,4,254.4,12.0,13,山田敬士,52.0,芝,1200.0,稍,73.3,2.8,9-11,38.0,492.0,-2.0,キガン,
2020102283,ブルーシャトー,2022/08/07,1札幌6,曇,1.0,2歳未勝利,11,4.0,4,67.1,9.0,10,丸山元気,54.0,ダ,1700.0,良,113.6,4.4,4-3-4-5,42.6,494.0,-10.0,サトノミスチーフ,
2020102283,ブルーシャトー,2022/06/19,3東京6,晴,5.0,2歳新馬,16,5.0,10,177.5,14.0,14,野中悠太,54.0,芝,1600.0,良,98.1,2.0,12-10,35.8,504.0,0.0,マイネルケレリウス,
2021102226,グレイスショコラ,2026/07/21,盛岡,曇,2.0,C2二組,8,7.0,7,6.8,3.0,4.0,菅原辰徳,54.0,ダ,1400.0,良,88.1,0.7,3-3,39.1,426.0,0.0,マサノビジョン,5.6
2021102226,グレイスショコラ,2026/07/07,盛岡,晴,2.0,C2二組,10,3.0,3,19.8,7.0,6.0,佐々木志,54.0,ダ,1400.0,良,88.5,0.6,6-6,38.7,426.0,-2.0,マイネルヒッツェ,
2021102226,グレイスショコラ,2026/06/23,水沢,曇,1.0,C2三組,10,5.0,5,8.7,5.0,2.0,岩本怜,54.0,ダ,1400.0,不,88.4,0.4,7-6-7-4,39.2,428.0,2.0,ヤマニンエピクーレ,15.1
2021102226,グレイスショコラ,2026/06/09,水沢,曇,1.0,C2三組,10,3.0,3,20.0,7.0,3.0,小林凌,54.0,ダ,1400.0,不,89.0,0.4,9-7-7-5,38.3,426.0,-1.0,フェアリー,8.6
2021102226,グレイスショコラ,2026/06/02,水沢,晴,4.0,C2二組,8,1.0,1,18.6,6.0,5.0,山本聡紀,54.0,ダ,1400.0,良,92.1,0.8,8-5-5-6,41.3,427.0,2.0,フリムカナイデヨ,3.0
2021102226,グレイスショコラ,2026/05/19,盛岡,晴,2.0,C2三組,9,5.0,5,17.1,7.0,3.0,岩本怜,54.0,ダ,1400.0,良,88.9,0.3,6-5,38.7,425.0,-1.0,カールルイコ,8.6
2021102226,グレイスショコラ,2026/05/06,盛岡,晴,2.0,C2二組,9,4.0,4,16.7,5.0,4.0,岩本怜,54.0,ダ,1400.0,稍,88.4,2.0,4-5,39.6,426.0,0.0,ヒメカミノメガミ,5.6
2021102226,グレイスショコラ,2026/04/29,水沢,曇,2.0,C2三組,9,4.0,4,44.3,8.0,4.0,岩本怜,54.0,ダ,1400.0,稍,92.0,0.7,9-8-7-5,41.4,426.0,-4.0,マサノビジョン,5.6
2021102226,グレイスショコラ,2026/04/21,水沢,晴,3.0,C2二組,8,5.0,5,12.7,4.0,8.0,坂井瑛音,52.0,ダ,1400.0,良,94.8,1.9,6-6-6-6,42.7,430.0,6.0,アフタービート,
2021102226,グレイスショコラ,2026/04/12,水沢,晴,8.0,C1,10,8.0,9,54.1,7.0,9.0,佐々木志,54.0,ダ,1400.0,稍,92.1,2.4,8-10-10-10,40.3,424.0,3.0,リースアンドリボン,
2021102226,グレイスショコラ,2026/03/31,水沢,雨,9.0,C1六組,10,1.0,1,248.1,8.0,4.0,岩本怜,54.0,ダ,1400.0,不,89.8,1.4,9-6-8-6,39.0,421.0,-2.0,シュロス,6.5
2021102226,グレイスショコラ,2026/03/15,水沢,晴,7.0,C1,9,1.0,1,121.1,9.0,4.0,岩本怜,54.0,ダ,850.0,良,53.8,1.0,8-8,37.9,423.0,-2.0,シェリーアモール,6.5
2021102226,グレイスショコラ,2025/12/29,水沢,曇,11.0,C1,12,7.0,9,161.5,11.0,12.0,岩本怜,54.0,ダ,1400.0,重,90.7,3.1,8-9-9-11,40.3,425.0,0.0,ヴァサヴォワール,
2021102226,グレイスショコラ,2025/12/14,水沢,曇,11.0,ビッグレッドファーム(C1),0,3.0,3,,,,坂井瑛音,52.0,ダ,1400.0,不,,,,,,,,
2021102226,グレイスショコラ,2025/12/01,水沢,曇,7.0,C1,12,3.0,3,267.3,12.0,10.0,岩本怜,54.0,ダ,1400.0,稍,92.2,3.0,9-9-10-10,40.8,425.0,-2.0,トレイルリッジ,
2021102226,グレイスショコラ,2025/11/18,盛岡,曇,5.0,C1,12,5.0,6,97.5,11.0,9.0,高橋悠里,54.0,ダ,1200.0,良,75.8,1.1,12-11,37.8,427.0,6.0,ビーバリスタ,
2021102226,グレイスショコラ,2025/10/27,盛岡,小雨,9.0,B2,12,5.0,5,164.0,12.0,8.0,小林凌,54.0,ダ,1400.0,稍,88.1,1.4,10-12,38.4,421.0,2.0,リベルテ,
2021102226,グレイスショコラ,2025/10/12,盛岡,小雨,8.0,B2,10,8.0,10,47.2,6.0,7.0,小林凌,54.0,ダ,1200.0,稍,75.0,1.2,9-10,37.5,419.0,-1.0,アローゴールド,
2021102226,グレイスショコラ,2025/09/29,水沢,曇,8.0,B2,12,6.0,8,71.7,12.0,10.0,小林凌,54.0,ダ,1400.0,不,90.8,1.8,11-11-10-11,39.2,420.0,2.0,ゴールドジャンパー,
2021102226,グレイスショコラ,2025/09/15,水沢,曇,10.0,ポルックス賞(B2),7,8.0,8,39.8,6.0,7.0,岩本怜,54.0,ダ,1400.0,稍,89.4,1.2,7-7-7-7,38.6,418.0,3.0,カンフーダンス,
2021102226,グレイスショコラ,2025/09/09,盛岡,曇,9.0,C1,9,1.0,1,58.1,8.0,8.0,高橋悠里,54.0,ダ,1400.0,良,88.4,0.7,9-9,38.1,415.0,1.0,マイネルシュラーク,
2021102226,グレイスショコラ,2025/08/26,盛岡,曇,8.0,C1五組,9,5.0,5,11.1,4.0,3.0,岩本怜,54.0,ダ,1400.0,良,88.7,0.2,4-2,39.8,414.0,-2.0,スングリダンダン,8.3
2021102226,グレイスショコラ,2025/08/11,盛岡,曇,4.0,いわて北緯40度岩手(C2),11,7.0,9,9.4,3.0,1.0,岩本怜,54.0,ダ,1200.0,稍,75.0,-0.2,4-5,38.3,416.0,1.0,(エムティヒビキ),40.0
2021102226,グレイスショコラ,2025/08/04,盛岡,曇,4.0,C2四組,10,4.0,4,6.6,3.0,6.0,山本聡紀,54.0,ダ,1200.0,良,76.4,1.4,3-5,39.9,415.0,1.0,エコロアジェンダ,
2021102226,グレイスショコラ,2025/07/21,盛岡,小雨,5.0,C2四組,10,1.0,1,4.6,2.0,3.0,高松亮,54.0,ダ,1200.0,稍,75.7,0.4,1-1,38.6,414.0,1.0,マイネルダンク,8.0
2021102226,グレイスショコラ,2025/07/13,盛岡,晴,5.0,C2七組,10,8.0,10,14.3,6.0,2.0,高松亮,54.0,ダ,1200.0,良,75.0,0.4,2-2,38.1,413.0,-3.0,サクラマウ,14.0
2021102226,グレイスショコラ,2025/06/30,水沢,曇,3.0,C2六組,9,4.0,4,6.9,5.0,5.0,高松亮,54.0,ダ,1400.0,良,91.6,0.5,5-6-5-4,40.5,416.0,-2.0,ピースラピッド,2.8
2021102226,グレイスショコラ,2025/06/23,水沢,曇,3.0,C2六組,9,3.0,3,13.6,5.0,3.0,高松亮,54.0,ダ,1300.0,稍,84.0,0.7,3-4-4-3,39.6,418.0,-4.0,ネコニコタツ,8.0
2021102226,グレイスショコラ,2025/06/09,水沢,晴,5.0,C2四組,10,7.0,7,5.7,4.0,9.0,高松亮,54.0,ダ,1300.0,良,86.1,2.3,8-9-9-9,40.3,422.0,2.0,マーメイド,
2021102226,グレイスショコラ,2025/06/02,盛岡,晴,5.0,C2四組,12,4.0,4,19.5,4.0,5.0,山本聡紀,54.0,ダ,1400.0,良,89.5,1.5,2-3,40.2,420.0,2.0,ナインバイパー,2.8
2021102226,グレイスショコラ,2025/05/20,盛岡,曇,1.0,C2四組,8,3.0,3,8.6,4.0,5.0,山本聡紀,54.0,ダ,1400.0,不,89.0,0.9,2-2,38.5,418.0,-1.0,ソルトロック,2.8
2021102226,グレイスショコラ,2025/05/13,盛岡,晴,1.0,C2四組,8,6.0,6,10.9,5.0,7.0,山本聡紀,54.0,ダ,1400.0,重,89.8,0.8,2-3,40.1,419.0,-2.0,タイミングハート,
2021102226,グレイスショコラ,2025/05/05,盛岡,曇,5.0,C2三組,12,7.0,10,17.9,8.0,8.0,塚本涼人,54.0,ダ,1400.0,重,90.3,1.6,5-8,40.7,421.0,-1.0,オウケンアマゾネス,
2021102226,グレイスショコラ,2025/04/21,水沢,晴,2.0,C2七組,10,7.0,7,4.0,2.0,1.0,山本聡紀,54.0,ダ,1300.0,稍,84.9,-0.3,2-2-2-2,40.6,422.0,3.0,(セイウンアーテル),40.0
2021102226,グレイスショコラ,2025/04/14,水沢,小雨,2.0,C2六組,11,2.0,2,5.2,3.0,11.0,山本聡紀,54.0,ダ,1400.0,稍,91.9,1.5,1-1-1-4,41.6,419.0,-2.0,ベストコレクトパリ,
2021102226,グレイスショコラ,2025/03/30,水沢,曇,2.0,C2六組,9,7.0,7,9.0,3.0,3.0,高橋悠里,54.0,ダ,1400.0,良,92.0,1.2,5-6-5-4,39.7,421.0,-1.0,オブジェダート,8.0
2021102226,グレイスショコラ,2025/03/24,水沢,晴,2.0,C2六組,9,8.0,9,26.4,7.0,4.0,及川裕一,54.0,ダ,1300.0,良,85.4,2.2,3-3-3-4,40.5,422.0,2.0,ロードディフィート,5.2
2021102226,グレイスショコラ,2025/03/05,川崎,雨,12.0,2025川崎ジョッキ(C2),14,4.0,5,20.4,8.0,7.0,佐野遥久,52.0,ダ,1500.0,不,101.7,1.7,5-4-4-3,43.6,420.0,-4.0,サザンフルーヴ,
2021102226,グレイスショコラ,2025/02/06,川崎,晴,5.0,C2六七八(C2七),12,3.0,3,426.9,11.0,7.0,西啓太,54.0,ダ,1400.0,良,94.7,2.0,5-4-7-4,41.6,424.0,5.0,ララロワデザニモー,
2021102226,グレイスショコラ,2025/01/03,川崎,曇,6.0,毘沙門天賞(C2七),12,6.0,7,119.2,8.0,6.0,岡村健司,54.0,ダ,1400.0,良,95.3,2.6,8-9-8-8,42.3,419.0,8.0,ダンデライオン,
2021102226,グレイスショコラ,2024/12/10,川崎,晴,8.0,奔雷賞(C2),12,3.0,3,272.5,10.0,9.0,古岡勇樹,54.0,ダ,900.0,良,57.8,2.3,12-12,38.8,411.0,-11.0,トゥーリナライト,
2021102226,グレイスショコラ,2024/11/06,門別,雨,7.0,3歳以上C2ー2?C,12,2.0,2,788.4,12.0,12.0,藤田凌駕,52.0,ダ,1200.0,良,76.6,2.2,12-12,38.5,422.0,6.0,シークレットロゴ,
2021102226,グレイスショコラ,2024/10/24,門別,晴,8.0,3歳以上C3ー2C4,12,1.0,1,387.5,12.0,10.0,藤田凌駕,52.0,ダ,1200.0,重,77.3,2.1,12-12,39.3,416.0,6.0,レインボートパーズ,
2021102226,グレイスショコラ,2024/10/08,門別,晴,9.0,3歳以上C3ー2C4,10,7.0,7,342.3,10.0,10.0,藤田凌駕,52.0,ダ,1200.0,稍,77.1,1.7,9-9,38.7,410.0,-2.0,サンネリネ,
2021102226,グレイスショコラ,2024/09/25,門別,晴,3.0,3歳以上C3C4ー1,12,3.0,3,422.1,12.0,11.0,宮崎光行,55.0,ダ,1600.0,良,109.1,2.9,9-10-11-11,42.1,412.0,12.0,ブリッツクリーク,
2021102226,グレイスショコラ,2024/09/11,門別,晴,9.0,3歳以上C3C4ー1,11,3.0,3,118.7,10.0,9.0,宮内勇樹,54.0,ダ,1600.0,良,107.8,2.8,3-4-8-9,43.4,400.0,-8.0,オンドリータイザン,
2021102226,グレイスショコラ,2024/08/27,門別,雨,10.0,こんな幸せ、北海道だ(C3),9,8.0,8,70.7,6.0,9.0,桑村真明,55.0,ダ,1700.0,不,115.1,8.1,7-7-8-9,44.1,408.0,2.0,チョッピー,
2021102226,グレイスショコラ,2024/08/13,門別,曇,8.0,宮の沢白い恋人サッカ(C3),9,8.0,9,109.7,8.0,9.0,桑村真明,55.0,ダ,1600.0,稍,110.1,4.4,4-4-8-9,43.6,406.0,-6.0,ルリオウ,
2021102226,グレイスショコラ,2024/07/30,門別,晴,9.0,3歳以上C3C4ー1,9,8.0,8,56.4,8.0,4.0,桑村真明,55.0,ダ,1700.0,重,113.1,0.4,1-1-1-1,41.1,412.0,0.0,サンウイング,5.6
2021102226,グレイスショコラ,2024/07/16,門別,晴,6.0,3歳以上C3C4ー1,7,2.0,2,98.0,7.0,7.0,桑村真明,55.0,ダ,1600.0,良,108.6,3.4,6-6-7-7,42.0,412.0,-2.0,ライルアケカイ,
2021102226,グレイスショコラ,2024/07/02,門別,晴,10.0,アスチルベ特別(C3),12,8.0,11,122.7,11.0,12.0,桑村真明,55.0,ダ,1800.0,稍,123.3,4.8,2-2-2-6,44.9,414.0,-6.0,フェッテ,
2021102226,グレイスショコラ,2024/06/20,門別,晴,5.0,里平大滝賞(C4),10,8.0,10,45.3,8.0,3.0,桑村真明,55.0,ダ,1600.0,良,107.6,1.2,2-2-1-3,41.2,420.0,-2.0,オンドリータイザン,8.4
2021102226,グレイスショコラ,2024/05/29,門別,曇,1.0,3歳条件未勝利(未勝利),10,2.0,2,17.8,5.0,8.0,桑村真明,55.0,ダ,1000.0,良,64.0,1.8,1-1,39.1,422.0,-4.0,サクラガーディアン,
2021102226,グレイスショコラ,2024/05/14,門別,晴,1.0,3歳条件未勝利(未勝利),7,7.0,7,6.7,5.0,5.0,小野楓馬,55.0,ダ,1200.0,稍,77.3,1.8,3-4,40.5,426.0,-2.0,テンケイ,3.5
2021102226,グレイスショコラ,2024/04/23,大井,曇,6.0,3歳七八九(3歳八),13,8.0,13,24.3,6.0,7.0,野畑凌,54.0,ダ,1400.0,稍,92.1,1.9,3-3-4,40.6,428.0,-9.0,ゴールデンクラウン,
2021102226,グレイスショコラ,2024/04/10,大井,晴,4.0,3歳七八,12,4.0,4,21.2,6.0,9.0,野畑凌,54.0,ダ,1200.0,重,78.3,2.5,1-1,42.0,437.0,-2.0,コタツデミカン,
2021102226,グレイスショコラ,2024/03/20,大井,曇,4.0,3歳八九,14,7.0,11,40.8,11.0,3.0,野畑凌,54.0,ダ,1400.0,良,91.0,0.3,1-1-1,40.2,439.0,1.0,ルッカ,65.0
2021102226,グレイスショコラ,2024/02/28,大井,晴,5.0,3歳七八,14,2.0,2,24.2,6.0,13.0,野畑凌,54.0,ダ,1200.0,稍,80.2,4.2,5-5,44.0,438.0,4.0,サポーズドトゥキル,
2021102226,グレイスショコラ,2024/02/13,大井,晴,4.0,3歳七八,13,1.0,1,3.3,2.0,9.0,矢野貴之,54.0,ダ,1200.0,良,78.5,1.9,7-7,40.9,434.0,-2.0,ティーズエナジー,
2021102226,グレイスショコラ,2024/01/22,大井,曇,3.0,3歳1213,13,8.0,13,4.2,2.0,2.0,矢野貴之,54.0,ダ,1400.0,不,92.4,0.0,1-1-1,41.6,436.0,-20.0,ラブラブバゴバゴ,104.0
2021102226,グレイスショコラ,2023/12/17,水沢,雪,2.0,2歳C1二組,10,8.0,9,4.2,3.0,3.0,坂口裕一,54.0,ダ,1300.0,不,84.7,0.7,6-6-6-5,39.9,456.0,14.0,リトルシスター,13.0
2021102226,グレイスショコラ,2023/11/03,門別,曇,2.0,とねっこ広場特別(未勝利)(2歳),8,3.0,3,16.9,4.0,4.0,澤田龍哉,54.0,ダ,1200.0,重,77.8,1.4,2-3,41.3,442.0,4.0,パイロデキセキ,8.4
2021102226,グレイスショコラ,2023/10/19,門別,曇,2.0,2歳未勝利(未勝利),12,2.0,2,25.2,7.0,5.0,松井伸也,54.0,ダ,1200.0,稍,77.3,0.7,3-4,40.4,438.0,-4.0,マグネター,3.5
2021102226,グレイスショコラ,2023/10/04,門別,晴,2.0,浦河町の木日高五葉松(未勝利)(2歳),9,6.0,6,38.1,6.0,6.0,落合玄太,54.0,ダ,1000.0,良,64.6,1.9,2-3,40.4,442.0,10.0,トリオ,
2021102226,グレイスショコラ,2023/08/02,門別,晴,4.0,JRA認定フレッシュ(新馬)(2歳),10,8.0,9,5.1,4.0,4.0,鮫島克駿,54.0,ダ,1000.0,良,64.1,0.7,7-6,39.2,432.0,0.0,コパノステファニー,35.0
2022107409,フォルテッシモダイ,2026/07/07,盛岡,晴,3.0,C2一組,11,7.0,8,28.7,8.0,5,村上忍,56.0,ダ,1400.0,良,87.6,0.7,4-3,39.6,495.0,-4.0,スパローズ,3.0
2022107409,フォルテッシモダイ,2026/06/22,水沢,小雨,3.0,C2六組,10,7.0,7,2.7,2.0,1,村上忍,56.0,ダ,1400.0,不,88.8,-0.1,1-1-1-1,39.9,499.0,-2.0,(レモンスフレ),43.0
2022107409,フォルテッシモダイ,2026/06/08,水沢,雨,4.0,C2五組,8,3.0,3,4.2,2.0,5,村上忍,56.0,ダ,1400.0,重,89.9,0.7,3-3-3-3,40.6,501.0,0.0,アークフロリナ,3.0
2022107409,フォルテッシモダイ,2026/05/25,盛岡,晴,5.0,C2四組,9,6.0,6,1.6,1.0,8,村上忍,56.0,ダ,1400.0,良,89.8,2.4,2-2,41.9,501.0,-3.0,ピースワンドルチェ,
2022107409,フォルテッシモダイ,2026/04/29,水沢,曇,1.0,C2四組,9,5.0,5,3.8,3.0,2,村上忍,56.0,ダ,1400.0,稍,92.5,0.2,2-2-2-2,41.6,504.0,8.0,エコセーズ,15.1
2022107409,フォルテッシモダイ,2026/04/05,水沢,曇,4.0,C2八組,11,2.0,2,3.8,2.0,1,村上忍,56.0,ダ,1300.0,重,82.9,-0.3,1-1-1-1,38.8,496.0,-1.0,(ウインドモア),43.0
2022107409,フォルテッシモダイ,2026/03/22,水沢,晴,4.0,C2八組,10,2.0,2,2.1,2.0,4,村上忍,56.0,ダ,1300.0,良,86.9,2.2,4-4-5-3,41.2,497.0,-6.0,ロードアブソルート,5.2
2022107409,フォルテッシモダイ,2026/03/08,水沢,曇,4.0,C2八組,10,3.0,3,2.6,2.0,2,小林凌,56.0,ダ,1300.0,稍,85.8,0.9,1-1-1-1,41.7,503.0,-2.0,マサノビジョン,14.0
2022107409,フォルテッシモダイ,2025/12/21,水沢,晴,2.0,C2十一組,11,6.0,6,4.6,2.0,2,村上忍,56.0,ダ,1300.0,重,83.3,0.4,3-3-2-2,39.4,505.0,5.0,ブレウディエス,14.0
2022107409,フォルテッシモダイ,2025/08/12,盛岡,曇,1.0,3歳C2六組,10,5.0,5,6.2,5.0,6,塚本涼人,56.0,ダ,1200.0,稍,76.2,1.6,2-2,40.1,500.0,6.0,コルレーニョ,
2022107409,フォルテッシモダイ,2025/06/15,3東京4,曇,3.0,3歳未勝利,16,2.0,4,30.7,8.0,12,小林凌大,57.0,ダ,1600.0,重,99.2,2.8,8-9,38.4,494.0,6.0,ハクシンブライアン,
2022107409,フォルテッシモダイ,2025/03/16,2中山6,雨,3.0,3歳未勝利,15,2.0,3,336.1,14.0,13,小林凌大,57.0,ダ,1800.0,不,121.2,6.5,5-4-13-14,44.4,488.0,2.0,アールプロスト,
2022107409,フォルテッシモダイ,2025/02/23,1東京8,晴,3.0,3歳新馬,16,5.0,9,75.0,12.0,11,小林凌大,57.0,ダ,1400.0,良,90.2,2.8,4-4,39.3,486.0,0.0,メルシージュテーム,
2019104803,ビッグロジールーフ,2026/07/14,盛岡,曇,3.0,C2一組,12,1.0,1,13.1,3.0,5.0,高松亮,54.0,ダ,1400.0,稍,87.5,1.2,3-1,38.4,443.0,2.0,マーゴットフェスタ,3.0
2019104803,ビッグロジールーフ,2026/06/23,水沢,曇,10.0,C1五組,10,2.0,2,12.2,5.0,9.0,高橋悠里,54.0,ダ,1400.0,重,89.7,1.9,5-6-7-7,39.6,441.0,-5.0,フィアレスハート,
2019104803,ビッグロジールーフ,2026/06/09,水沢,曇,11.0,C1三組,11,8.0,11,61.8,8.0,5.0,小林凌,54.0,ダ,1400.0,重,89.8,1.8,3-3-2-2,39.6,446.0,10.0,ハツナギ,3.5
2019104803,ビッグロジールーフ,2026/05/24,盛岡,雨,11.0,マグオート賞(C1),12,8.0,12,62.9,10.0,5.0,高橋悠里,54.0,ダ,1400.0,稍,87.1,0.3,12-12,37.3,436.0,-1.0,キタノヴァリュー,3.5
2019104803,ビッグロジールーフ,2026/05/10,盛岡,晴,9.0,岩手伝統工芸浄法寺塗(C1),11,1.0,1,102.7,10.0,10.0,菅原辰徳,54.0,ダ,1600.0,稍,101.6,1.7,6-8,39.1,437.0,-4.0,ゴールドクレスト,
2019104803,ビッグロジールーフ,2026/04/28,水沢,曇,9.0,C1二組,12,2.0,2,205.4,10.0,12.0,山本聡紀,54.0,ダ,1600.0,稍,108.9,4.0,6-6-12-11,42.8,441.0,6.0,アルカナエ,
2019104803,ビッグロジールーフ,2026/04/12,水沢,晴,11.0,C1一組,12,8.0,12,56.6,10.0,10.0,山本聡紀,54.0,ダ,1600.0,稍,106.6,3.1,10-10-10-11,40.7,435.0,-5.0,ミライヘノシンゲキ,
2019104803,ビッグロジールーフ,2026/03/31,水沢,雨,11.0,C1一組,12,6.0,8,20.3,6.0,8.0,小林凌,54.0,ダ,1600.0,不,104.7,2.1,5-5-5-7,40.0,440.0,-8.0,トゥルーナイト,
2019104803,ビッグロジールーフ,2025/08/05,盛岡,曇,1.0,C2三組,9,1.0,1,6.3,4.0,1.0,山本聡紀,54.0,ダ,1400.0,不,86.3,0.0,1-1,37.7,448.0,5.0,(ミドリタツ),40.0
2019104803,ビッグロジールーフ,2025/07/08,盛岡,晴,2.0,C2三組,8,4.0,4,24.9,7.0,5.0,山本聡紀,54.0,ダ,1400.0,良,88.6,0.5,6-3,40.4,443.0,8.0,オクシタニア,2.8
2019104803,ビッグロジールーフ,2025/06/02,盛岡,晴,9.0,C1,10,7.0,8,22.4,6.0,8.0,山本聡紀,54.0,ダ,1400.0,良,88.9,1.6,9-8,38.5,435.0,-1.0,ピヤージュ,
2019104803,ビッグロジールーフ,2025/05/19,盛岡,晴,12.0,新緑賞(C1),12,8.0,11,218.0,12.0,12.0,山本聡紀,54.0,ダ,1600.0,稍,103.3,3.4,10-10,40.1,436.0,-5.0,マウリノ,
2019104803,ビッグロジールーフ,2025/05/07,盛岡,小雨,7.0,C1二組,10,7.0,7,8.3,5.0,8.0,小林凌,54.0,ダ,1600.0,不,102.1,1.5,8-7,39.6,441.0,-5.0,トーアアネラ,
2019104803,ビッグロジールーフ,2025/04/26,水沢,晴,9.0,岩手伝統工芸南部鉄器(C1),12,3.0,3,5.0,2.0,8.0,小林凌,54.0,ダ,1400.0,良,93.4,1.2,1-1-1-2,42.8,446.0,7.0,テンマ,
2019104803,ビッグロジールーフ,2025/04/15,水沢,小雨,10.0,C1,12,5.0,5,15.5,5.0,6.0,鈴木祐,54.0,ダ,1400.0,不,89.2,0.6,5-5-5-4,39.6,439.0,-6.0,メイショウコウテツ,
2019104803,ビッグロジールーフ,2025/03/31,水沢,晴,5.0,C1,10,6.0,6,11.1,4.0,3.0,小林凌,54.0,ダ,850.0,良,52.2,0.1,5-4,36.5,445.0,10.0,クラセイバー,10.0
2019104803,ビッグロジールーフ,2025/03/16,水沢,雨,8.0,滝観洞賞(C1),9,5.0,5,4.6,3.0,1.0,小林凌,54.0,ダ,1400.0,稍,90.5,-0.4,6-6-2-1,39.6,435.0,-1.0,(ベアエクセレント),50.0
2019104803,ビッグロジールーフ,2024/12/28,水沢,曇,2.0,B2,12,1.0,1,37.2,7.0,5.0,小林凌,54.0,ダ,1400.0,不,91.1,0.9,7-7-9-7,39.1,436.0,3.0,スターオブケリー,3.9
2019104803,ビッグロジールーフ,2024/12/16,水沢,,7.0,B2,0,2.0,2,,,,小林凌,54.0,ダ,850.0,,,,,,,,,
2019104803,ビッグロジールーフ,2024/12/04,水沢,曇,10.0,B2三組,12,6.0,7,65.5,8.0,3.0,高松亮,54.0,ダ,1600.0,不,103.7,0.8,5-4-5-4,38.9,433.0,-8.0,ライジングサミット,11.0
2019104803,ビッグロジールーフ,2024/11/17,水沢,曇,8.0,B2,10,1.0,1,26.4,9.0,10.0,佐々木志,53.0,ダ,850.0,良,54.5,2.1,10-10,36.2,441.0,5.0,リリーコレール,
2019104803,ビッグロジールーフ,2024/11/05,盛岡,曇,10.0,B2,11,7.0,9,25.0,8.0,3.0,高橋悠里,54.0,ダ,1200.0,稍,75.8,0.7,6-5,38.2,436.0,-5.0,オスマン,11.0
2019104803,ビッグロジールーフ,2024/10/07,盛岡,雨,8.0,B2,10,6.0,6,16.9,5.0,5.0,佐々木志,53.0,ダ,1200.0,稍,74.5,0.7,9-9,36.9,441.0,-7.0,ワンダフルボーイ,3.9
2019104803,ビッグロジールーフ,2024/09/23,水沢,曇,11.0,B2二組,10,7.0,8,9.5,4.0,5.0,坂口裕一,54.0,ダ,1600.0,重,103.8,1.1,8-8-5-4,39.8,448.0,3.0,ベルフラカン,3.9
2019104803,ビッグロジールーフ,2024/09/10,水沢,晴,9.0,B2二組,12,4.0,4,61.8,10.0,5.0,高松亮,54.0,ダ,1600.0,良,104.9,2.0,5-5-3-3,40.8,445.0,-1.0,エルフィンドール,3.9
2019104803,ビッグロジールーフ,2024/09/02,盛岡,雨,10.0,C1四組,11,6.0,7,4.3,3.0,7.0,高松亮,54.0,ダ,1600.0,稍,102.7,2.0,8-6,40.1,446.0,6.0,ビリーヴィン,
2019104803,ビッグロジールーフ,2024/08/04,盛岡,晴,5.0,C1,11,8.0,11,4.5,1.0,4.0,高松亮,54.0,ダ,1200.0,良,74.2,0.6,4-5,37.9,440.0,0.0,モーモーグリーン,5.9
2019104803,ビッグロジールーフ,2024/07/23,盛岡,曇,8.0,C1三組,11,6.0,6,25.2,7.0,3.0,高松亮,54.0,ダ,1600.0,良,101.0,2.0,9-7,38.9,440.0,-2.0,アンジェリカル,9.0
2019104803,ビッグロジールーフ,2024/07/08,盛岡,曇,8.0,C1,12,4.0,4,3.7,2.0,2.0,山本聡哉,54.0,ダ,1000.0,重,61.2,0.1,10-8,35.8,442.0,2.0,キングオブサミット,15.8
2019104803,ビッグロジールーフ,2024/06/11,水沢,晴,9.0,C1,10,5.0,5,4.6,2.0,8.0,高松亮,54.0,ダ,1400.0,良,92.0,2.3,4-4-6-6,41.6,440.0,7.0,アフタービート,
2019104803,ビッグロジールーフ,2024/05/20,盛岡,雨,6.0,B2,12,3.0,3,5.8,2.0,5.0,服部大地,54.0,ダ,1200.0,稍,75.3,0.7,10-9,37.9,433.0,-1.0,ラッピングカラーズ,3.9
2019104803,ビッグロジールーフ,2024/04/30,水沢,曇,7.0,C1,10,5.0,5,8.8,5.0,5.0,小林凌,55.0,ダ,850.0,良,52.0,0.9,8-6,35.9,434.0,-1.0,リュウノインパルス,3.2
2019104803,ビッグロジールーフ,2024/04/16,水沢,曇,6.0,C1,10,8.0,9,5.0,3.0,2.0,小林凌,54.0,ダ,850.0,良,52.5,0.2,5-5,36.7,435.0,9.0,ロードガーディアン,15.8
2019104803,ビッグロジールーフ,2024/03/24,水沢,晴,2.0,C2,10,3.0,3,3.5,3.0,1.0,小林凌,55.0,ダ,850.0,稍,51.8,-0.1,3-2,36.4,426.0,-1.0,(サハラントアジア),40.0
2019104803,ビッグロジールーフ,2024/03/11,水沢,曇,1.0,C2,9,3.0,3,3.7,2.0,1.0,小林凌,54.0,ダ,850.0,重,52.1,-0.2,7-3,36.0,427.0,11.0,(ティーライトニング),40.0
2019104803,ビッグロジールーフ,2024/02/15,大井,曇,9.0,C2六七,13,5.0,8,262.3,10.0,13.0,岡村健司,54.0,ダ,1200.0,良,77.4,2.8,9-10,39.6,416.0,-2.0,ジェットスピード,
2019104803,ビッグロジールーフ,2024/01/25,大井,晴,6.0,C2五六七(C2六),11,8.0,13,163.8,10.0,5.0,岡村健司,54.0,ダ,1200.0,稍,76.6,1.7,7-7,39.8,418.0,-5.0,ジョーフェイス,10.0
2019104803,ビッグロジールーフ,2023/12/28,大井,晴,7.0,C1七八九(C1八),12,4.0,4,241.7,11.0,8.0,岡村健司,54.0,ダ,1200.0,良,77.0,1.6,9-8,39.5,423.0,-2.0,ジランドール,
2019104803,ビッグロジールーフ,2023/12/09,大井,晴,8.0,プース・カフェ賞(C1九),13,8.0,13,181.4,10.0,10.0,岡村健司,54.0,ダ,1400.0,良,92.0,2.5,8-6-3,41.7,425.0,-4.0,ショウナンアビアス,
2019104803,ビッグロジールーフ,2023/12/05,大井,曇,8.0,プース・カフェ賞(C1九),0,8.0,13,,,,岡村健司,54.0,ダ,1400.0,良,,,,,,,,
2019104803,ビッグロジールーフ,2023/11/14,大井,晴,12.0,C1七八,15,7.0,13,199.4,14.0,14.0,石川駿介,54.0,ダ,1200.0,良,77.9,2.3,3-3,41.5,429.0,0.0,ビリーヴホース,
2019104803,ビッグロジールーフ,2023/10/31,大井,曇,9.0,C1八九十(C1九),13,1.0,1,142.9,11.0,12.0,石川駿介,54.0,ダ,1200.0,良,77.6,2.6,7-8,41.0,429.0,-1.0,プロスペロ,
2019104803,ビッグロジールーフ,2023/07/11,大井,晴,12.0,C1八九,8,2.0,2,52.5,6.0,6.0,石川駿介,54.0,ダ,1200.0,良,74.0,1.2,5-4,37.8,430.0,-7.0,カノアレディー,
2019104803,ビッグロジールーフ,2023/06/29,大井,晴,9.0,C1三四五(C1四),13,6.0,8,152.3,13.0,10.0,石川駿介,54.0,ダ,1400.0,良,88.0,1.5,3-3-3,39.5,437.0,-1.0,スカイトライア,
2019104803,ビッグロジールーフ,2023/06/06,大井,雨,9.0,C1五六七(C1六),10,3.0,3,31.7,9.0,8.0,石川駿介,54.0,ダ,1200.0,重,74.4,1.1,3-3,38.8,438.0,4.0,タカミズ,
2019104803,ビッグロジールーフ,2023/05/23,大井,雨,8.0,キングストン賞(C1六),13,5.0,6,110.8,12.0,5.0,石川駿介,54.0,ダ,1200.0,不,73.8,1.2,5-4,38.2,434.0,0.0,ゴールデンレアル,12.0
2019104803,ビッグロジールーフ,2023/05/09,大井,晴,9.0,C1五六七(C1六),14,6.0,10,80.7,11.0,12.0,石川駿介,54.0,ダ,1200.0,重,74.5,2.5,6-8,39.4,434.0,0.0,コパノフレディー,
2019104803,ビッグロジールーフ,2023/04/19,大井,晴,9.0,C1五六,14,7.0,12,141.7,11.0,7.0,石川駿介,54.0,ダ,1200.0,稍,73.4,0.7,3-3,38.0,434.0,0.0,ジュディシャス,
2019104803,ビッグロジールーフ,2023/03/31,大井,晴,8.0,サイド・カー賞(C1三),16,5.0,9,156.1,13.0,9.0,的場文男,54.0,ダ,1200.0,重,74.0,1.0,6-6,38.1,434.0,5.0,コーリンジャッジ,
2019104803,ビッグロジールーフ,2023/02/24,大井,曇,9.0,C1三四,16,3.0,6,267.0,15.0,10.0,池谷匠翔,53.0,ダ,1200.0,良,75.3,1.8,6-6,38.8,429.0,-5.0,サンビースト,
2019104803,ビッグロジールーフ,2023/01/27,大井,曇,8.0,C1二三四(C1三),14,2.0,2,98.4,11.0,11.0,池谷匠翔,53.0,ダ,1400.0,良,90.1,1.8,9-11-10,38.3,434.0,-1.0,トゥーパンクス,
2019104803,ビッグロジールーフ,2022/12/30,大井,晴,12.0,C1五六,16,3.0,5,87.1,13.0,9.0,池谷匠翔,53.0,ダ,1200.0,良,75.7,1.2,6-6,38.3,435.0,-8.0,フォルティウス,
2019104803,ビッグロジールーフ,2022/12/07,大井,晴,9.0,C1四五,16,1.0,1,45.1,8.0,13.0,岡村健司,54.0,ダ,1200.0,不,75.2,2.5,5-4,39.3,443.0,-5.0,ハクアイエール,
2019104803,ビッグロジールーフ,2022/11/16,大井,晴,9.0,門別グランシャリオ賞(C1),16,2.0,4,24.0,6.0,13.0,岡村健司,54.0,ダ,1200.0,良,74.8,2.1,7-6,38.9,448.0,-1.0,ジュディシャス,
2019104803,ビッグロジールーフ,2022/11/04,大井,晴,9.0,印西市コスモス賞(C1),14,3.0,4,5.4,3.0,11.0,岡村健司,54.0,ダ,1200.0,良,74.3,1.0,8-5,39.0,449.0,10.0,ゴールデンヨシノ,
2019104803,ビッグロジールーフ,2022/09/18,大井,曇,9.0,C1十11,12,5.0,6,8.4,4.0,1.0,岡村健司,53.0,ダ,1200.0,不,73.0,-0.6,2-2,37.9,439.0,-3.0,(カワカミスパーク),120.0
2019104803,ビッグロジールーフ,2022/08/15,大井,晴,7.0,C1九十,12,1.0,1,4.2,2.0,7.0,的場文男,53.0,ダ,1200.0,重,73.9,0.9,3-3,38.2,442.0,-2.0,トチノヒーロー,
2019104803,ビッグロジールーフ,2022/07/25,大井,晴,9.0,C1九十,13,8.0,13,2.5,1.0,11.0,池谷匠翔,52.0,ダ,1200.0,良,74.5,1.4,4-4,39.1,444.0,6.0,レジェンドジアース,
2019104803,ビッグロジールーフ,2022/06/30,大井,晴,4.0,3歳342万,16,7.0,13,3.3,1.0,1.0,岡村健司,54.0,ダ,1200.0,良,73.0,-0.3,3-3,37.7,438.0,-2.0,(アークヴィルヌーブ),150.0
2019104803,ビッグロジールーフ,2022/06/07,大井,曇,4.0,3歳208万,16,2.0,4,2.3,1.0,2.0,森泰斗,54.0,ダ,1200.0,不,73.7,0.2,4-3,37.9,440.0,6.0,フォルツァ,60.0
2019104803,ビッグロジールーフ,2022/04/24,2東京2,曇,1.0,3歳未勝利,16,3.0,6,181.7,14.0,3.0,津村明秀,54.0,ダ,1400.0,良,86.8,0.5,7-7,36.9,434.0,2.0,ランコントル,130.0
2019104803,ビッグロジールーフ,2022/02/19,1東京7,曇,1.0,3歳未勝利,16,2.0,3,145.8,13.0,9.0,柴田大知,54.0,ダ,1400.0,稍,87.9,2.1,9-8,37.8,432.0,0.0,エリカコレクト,
2019104803,ビッグロジールーフ,2022/02/05,1東京3,晴,1.0,3歳未勝利,16,8.0,15,128.5,13.0,4.0,柴田大知,54.0,ダ,1400.0,良,87.3,1.1,7-6,38.7,432.0,4.0,ヴィブラフォン,78.0
2019104803,ビッグロジールーフ,2021/12/12,5中山4,晴,1.0,2歳未勝利,16,4.0,8,223.7,14.0,8.0,木幡育也,53.0,ダ,1200.0,稍,73.5,1.1,11-12,38.1,428.0,-2.0,プリーチトヤーン,
2019104803,ビッグロジールーフ,2021/11/06,5東京1,晴,2.0,2歳未勝利,13,6.0,8,107.5,10.0,9.0,丸山元気,54.0,芝,1600.0,良,96.1,1.6,9-10,35.8,430.0,16.0,ロジレット,
2019104803,ビッグロジールーフ,2021/06/26,3東京7,晴,1.0,2歳未勝利,8,2.0,2,61.7,6.0,7.0,藤田菜七,52.0,芝,1600.0,良,97.1,1.3,3-3,35.0,414.0,0.0,フェスティヴボス,
2019104803,ビッグロジールーフ,2021/06/06,3東京2,小雨,5.0,2歳新馬,13,8.0,13,35.5,8.0,9.0,丸山元気,54.0,芝,1600.0,良,96.7,1.3,11-10,35.2,414.0,0.0,クレイドル,
2020106740,キタノクーヴェル,2026/07/14,盛岡,曇,2.0,C2二組,11,2.0,2,49.9,5.0,4,岩本怜,56.0,ダ,1400.0,稍,86.9,1.5,7-6,38.0,471.0,0.0,スピリチュアル,5.6
2020106740,キタノクーヴェル,2026/07/07,盛岡,晴,1.0,C2三組,10,5.0,5,4.1,2.0,3,岩本怜,56.0,ダ,1400.0,良,88.4,1.3,7-7,39.5,471.0,1.0,ロイエ,8.6
2020106740,キタノクーヴェル,2026/06/30,盛岡,晴,3.0,C2三組,11,1.0,1,10.3,5.0,5,岩本怜,56.0,ダ,1400.0,良,87.8,1.4,5-4,39.0,470.0,-6.0,パワームーブ,3.0
2020106740,キタノクーヴェル,2026/06/23,水沢,曇,2.0,C2二組,10,1.0,1,5.6,3.0,7,岩本怜,56.0,ダ,1400.0,不,88.7,0.8,8-7-7-6,39.6,476.0,9.0,ヤマノマタカ,
2020106740,キタノクーヴェル,2026/06/09,水沢,曇,1.0,C2三組,10,7.0,7,5.4,5.0,2,岩本怜,56.0,ダ,1400.0,不,88.8,0.2,4-3-2-2,38.7,467.0,0.0,フェアリー,15.1
2020106740,キタノクーヴェル,2026/06/01,水沢,晴,5.0,C2四組,9,4.0,4,13.8,5.0,2,岩本怜,56.0,ダ,1300.0,良,84.9,0.2,7-5-2-2,39.7,467.0,-4.0,エスカペード,15.1
2020106740,キタノクーヴェル,2026/05/25,盛岡,晴,1.0,C2,10,3.0,3,26.7,6.0,4,岩本怜,56.0,ダ,1000.0,良,61.6,1.2,8-7,35.9,471.0,1.0,ラミアヴィータ,5.6
2020106740,キタノクーヴェル,2026/05/18,盛岡,晴,4.0,C2五組,9,8.0,9,8.2,3.0,6,小林凌,56.0,ダ,1200.0,良,76.2,2.0,8-5,37.6,470.0,-2.0,バードハズフロウン,
2020106740,キタノクーヴェル,2026/05/05,盛岡,晴,4.0,C2五組,11,4.0,4,5.3,2.0,2,高橋悠里,56.0,ダ,1200.0,重,73.9,0.0,10-5,36.9,472.0,-2.0,ヤマノマタカ,15.1
2020106740,キタノクーヴェル,2026/04/28,水沢,曇,4.0,C2六組,10,2.0,2,9.0,3.0,4,小林凌,56.0,ダ,1400.0,良,92.0,0.7,4-3-4-5,40.3,474.0,-2.0,フクチャンサクラ,5.6
2020106740,キタノクーヴェル,2026/04/13,水沢,晴,5.0,C2五組,9,7.0,7,9.3,2.0,3,小林凌,56.0,ダ,1400.0,稍,91.5,1.3,5-5-5-4,39.7,476.0,-2.0,ブリスタイム,8.6
2020106740,キタノクーヴェル,2026/04/06,水沢,晴,5.0,C2五組,11,6.0,7,32.9,6.0,6,小林凌,56.0,ダ,1300.0,稍,83.6,0.7,9-9-9-8,38.5,478.0,-4.0,ラブラブバゴバゴ,
2020106740,キタノクーヴェル,2026/03/23,水沢,晴,5.0,C2五組,10,8.0,10,3.8,2.0,3,坂井瑛音,54.0,ダ,1300.0,良,85.8,0.5,6-5-4-3,40.1,482.0,-1.0,タワーリシチ,8.0
2020106740,キタノクーヴェル,2026/03/16,水沢,曇,5.0,C2五組,9,2.0,2,12.2,6.0,4,小林凌,56.0,ダ,1400.0,良,93.1,1.0,7-8-7-5,40.0,483.0,-1.0,セントサレディー,5.2
2020106740,キタノクーヴェル,2026/03/09,水沢,晴,5.0,C2五組,11,6.0,7,14.9,5.0,8,小林凌,56.0,ダ,1300.0,稍,86.2,0.9,9-10-10-9,40.0,484.0,21.0,ブレウディエス,
2020106740,キタノクーヴェル,2025/12/31,水沢,曇,9.0,pacapaca賞(C1),11,8.0,11,42.1,7.0,4,小林凌,56.0,ダ,1400.0,重,89.6,1.1,8-8-7-7,39.0,463.0,-3.0,フェズカズマ,6.5
2020106740,キタノクーヴェル,2025/12/15,水沢,曇,8.0,C1,10,1.0,1,13.1,6.0,2,坂井瑛音,54.0,ダ,1400.0,不,89.2,0.3,9-7-6-5,39.3,466.0,5.0,オスマン,17.5
2020106740,キタノクーヴェル,2025/11/30,水沢,曇,10.0,山王岩賞(C1),11,1.0,1,48.0,9.0,5,小林凌,56.0,ダ,1600.0,稍,105.6,0.3,7-7-7-5,40.0,461.0,-3.0,キタノセレナード,3.5
2020106740,キタノクーヴェル,2025/11/16,盛岡,晴,12.0,C1一組,11,4.0,4,228.9,11.0,7,南郷家全,56.0,ダ,1600.0,良,101.8,1.9,8-7,38.2,464.0,2.0,ショウナンナスカ,
2020106740,キタノクーヴェル,2025/11/02,盛岡,曇,10.0,赤平金剛賞(C1),11,4.0,4,377.0,11.0,9,南郷家全,56.0,ダ,1600.0,重,100.9,1.6,10-7,38.5,462.0,6.0,クラリティー,
2020106740,キタノクーヴェル,2025/10/14,盛岡,曇,5.0,B2,12,6.0,8,132.6,12.0,11,南郷家全,56.0,芝,1700.0,良,107.9,2.5,11-10-11-11,38.0,456.0,1.0,ラングロワ,
2020106740,キタノクーヴェル,2025/09/30,水沢,晴,7.0,B2四組,8,4.0,4,17.1,4.0,5,小林凌,56.0,ダ,1600.0,重,105.0,1.9,6-6-7-6,39.4,455.0,1.0,タイセイアダマス,4.2
2020106740,キタノクーヴェル,2025/09/23,水沢,晴,10.0,C1一組,12,8.0,11,153.0,10.0,4,小林凌,56.0,ダ,1600.0,良,104.6,0.4,9-9-6-5,39.8,454.0,-11.0,ヤマニンバルトロ,6.5
2020106740,キタノクーヴェル,2025/08/15,浦和,晴,9.0,ほおずき特別(C3),11,8.0,10,61.7,9.0,6,藤江渉,56.0,ダ,1500.0,良,98.3,2.1,7-7-6-7,39.1,465.0,-2.0,タイプフェイス,
2020106740,キタノクーヴェル,2025/07/21,浦和,晴,8.0,朝顔特別(C3),12,7.0,10,74.4,8.0,11,町田直希,56.0,ダ,1500.0,良,99.1,3.5,6-6-7-8,40.3,467.0,-3.0,ベストポスト,
2020106740,キタノクーヴェル,2025/03/06,川崎,曇,3.0,C2六七八(C2七),10,7.0,7,195.9,10.0,7,和田譲治,56.0,ダ,1400.0,不,94.6,2.0,10-10-9-8,41.0,470.0,-4.0,サイレントヴォイス,
2020106740,キタノクーヴェル,2025/02/27,浦和,晴,6.0,C2九,12,2.0,2,15.8,6.0,12,和田譲治,56.0,ダ,1500.0,良,102.4,4.0,12-12-12-12,41.1,474.0,1.0,ランディー,
2020106740,キタノクーヴェル,2025/01/08,浦和,晴,12.0,福笑い特別(C2C3),12,2.0,2,6.0,4.0,9,和田譲治,57.0,ダ,2000.0,重,139.8,2.6,12-12-10-11,41.5,473.0,-12.0,クラキンカ,
2020106740,キタノクーヴェル,2024/12/23,浦和,晴,12.0,サイレントナイト特別(C2),12,7.0,9,5.4,3.0,5,和田譲治,56.0,ダ,2000.0,良,137.5,1.5,10-9-8-6,39.7,485.0,10.0,カイジンビリーヴ,15.0
2020106740,キタノクーヴェル,2024/11/18,浦和,晴,4.0,C2三四五(C2四),11,4.0,4,11.9,3.0,9,森泰斗,56.0,ダ,1500.0,良,99.8,3.3,11-11-9-8,39.8,475.0,-4.0,アマレロフレイバー,
2020106740,キタノクーヴェル,2024/10/24,浦和,晴,3.0,C2九,11,5.0,5,4.6,3.0,1,森泰斗,56.0,ダ,1500.0,良,99.1,-0.2,10-9-7-6,39.1,479.0,11.0,(ピノモラーン),100.0
2020106740,キタノクーヴェル,2024/09/20,浦和,晴,8.0,コウノトリの住めるま(C2),12,7.0,10,3.6,2.0,3,森泰斗,56.0,ダ,1400.0,良,92.1,0.7,11-11-11-9,38.1,468.0,1.0,サノノタルマエ,25.0
2020106740,キタノクーヴェル,2024/08/23,浦和,晴,5.0,特選(C3),9,8.0,9,2.4,1.0,3,森泰斗,56.0,ダ,1500.0,良,99.8,1.5,3-3-5-4,39.9,467.0,-2.0,メロパール,22.5
2020106740,キタノクーヴェル,2024/07/17,浦和,晴,3.0,特選(C3),11,4.0,4,2.6,1.0,3,森泰斗,56.0,ダ,1500.0,重,96.4,0.1,4-5-4-4,38.2,469.0,2.0,シャコンヌ,22.5
2020106740,キタノクーヴェル,2024/06/21,浦和,雨,7.0,花のまち『ふかや』賞(C211),9,8.0,9,4.0,2.0,3,和田譲治,56.0,ダ,1500.0,不,99.6,0.6,6-5-4-3,39.9,467.0,4.0,キスアンドテル,25.0
2020106740,キタノクーヴェル,2024/01/12,浦和,晴,6.0,行こうぜ!越谷のいち(C2),11,4.0,4,7.2,4.0,4,和田譲治,56.0,ダ,1400.0,良,93.0,0.7,10-9-9-6,40.5,463.0,4.0,シャインルージュ,15.0
2020106740,キタノクーヴェル,2023/12/21,浦和,晴,7.0,特選(3歳),11,2.0,2,12.7,3.0,2,矢野貴之,56.0,ダ,1500.0,良,100.7,1.4,7-7-5-6,40.5,459.0,-2.0,ライコウノヒカリ,56.0
2020106740,キタノクーヴェル,2023/11/24,浦和,晴,5.0,3歳三選抜馬ア,11,6.0,6,6.7,2.0,2,和田譲治,56.0,ダ,1400.0,良,92.9,2.6,10-9-9-8,40.2,461.0,22.0,デイアンドナイト,48.0
2020106740,キタノクーヴェル,2023/10/10,盛岡,雨,9.0,C1五組,9,1.0,1,14.6,4.0,4,関本淳,56.0,ダ,1400.0,不,86.6,1.0,7-5,37.6,439.0,-1.0,サンエイウルフ,5.6
2020106740,キタノクーヴェル,2023/09/17,盛岡,曇,4.0,3歳B2二組,11,8.0,11,2.5,1.0,5,山本政聡,56.0,ダ,1400.0,稍,89.0,1.1,6-5,38.9,440.0,1.0,アスノヒロイン,4.2
2020106740,キタノクーヴェル,2023/09/04,水沢,小雨,7.0,3歳B2二組,9,6.0,6,16.9,4.0,3,陶文峰,56.0,ダ,1400.0,良,90.9,0.0,8-8-8-6,39.4,439.0,3.0,ミサイルビスケッツ,12.0
2020106740,キタノクーヴェル,2023/08/22,水沢,晴,8.0,3歳C1一組,8,1.0,1,11.8,5.0,4,高橋悠里,56.0,ダ,1400.0,良,90.5,0.4,7-7-5-4,39.6,436.0,-10.0,イチズ,6.5
2020106740,キタノクーヴェル,2023/08/08,盛岡,晴,5.0,3歳B2,10,7.0,8,60.0,6.0,6,陶文峰,56.0,ダ,1400.0,良,88.3,1.3,7-7,38.4,446.0,0.0,ダット,
2020106740,キタノクーヴェル,2023/07/23,盛岡,晴,5.0,3歳B2二組,9,5.0,5,10.0,2.0,6,高橋悠里,56.0,ダ,1400.0,良,89.3,1.2,7-7,38.5,446.0,1.0,セイグッドラック,
2020106740,キタノクーヴェル,2023/07/10,盛岡,曇,7.0,3歳B2,10,2.0,2,3.0,2.0,5,高橋悠里,56.0,ダ,1400.0,稍,89.4,1.5,7-7,39.7,445.0,4.0,サンエントジアスタ,4.2
2020106740,キタノクーヴェル,2023/06/26,盛岡,晴,7.0,3歳C1一組,10,2.0,2,3.3,2.0,2,高橋悠里,56.0,ダ,1400.0,良,87.8,0.5,9-6,38.3,441.0,-3.0,キャリアパス,17.5
2020106740,キタノクーヴェル,2023/06/13,水沢,晴,5.0,3歳C1一組,8,2.0,2,2.9,2.0,2,高橋悠里,56.0,ダ,1400.0,稍,90.4,0.1,6-5-4-4,38.4,444.0,-1.0,キャリアパス,13.8
2020106740,キタノクーヴェル,2023/05/30,水沢,曇,4.0,3歳C1二組,10,4.0,4,3.4,2.0,2,高橋悠里,56.0,ダ,1400.0,良,91.5,1.4,10-9-5-2,39.7,445.0,-2.0,リリアナフェアリー,17.5
2020106740,キタノクーヴェル,2023/05/21,盛岡,曇,1.0,3歳C1二組,10,7.0,8,1.3,1.0,2,高橋悠里,56.0,ダ,1400.0,良,89.5,0.5,5-2,39.0,447.0,8.0,ナンヨーウイング,17.5
2020106740,キタノクーヴェル,2023/05/08,盛岡,小雨,4.0,3歳C2一組,11,7.0,9,4.0,2.0,2,高橋悠里,56.0,ダ,1200.0,不,74.1,0.1,4-4,37.4,439.0,-3.0,リリアナフェアリー,14.0
2020106740,キタノクーヴェル,2023/04/25,水沢,晴,2.0,3歳C2,8,3.0,3,1.9,1.0,3,高橋悠里,56.0,ダ,1300.0,良,84.6,0.5,6-6-4-4,39.2,442.0,20.0,ミサイルビスケッツ,8.0
2020106740,キタノクーヴェル,2023/03/18,2中京3,雨,3.0,3歳未勝利,16,1.0,1,191.2,12.0,12,佐々木大,53.0,ダ,1800.0,重,114.7,3.2,13-14-14-12,37.8,422.0,-2.0,レッドダンルース,
2020106740,キタノクーヴェル,2023/02/25,2中山1,晴,3.0,3歳未勝利,16,5.0,10,369.7,15.0,9,柴田大知,56.0,ダ,1800.0,良,117.8,1.5,12-12-10-9,40.3,424.0,0.0,ナスノカンゲツ,
2020106740,キタノクーヴェル,2023/01/28,1東京1,晴,3.0,3歳未勝利,16,8.0,15,292.4,14.0,7,菅原明良,56.0,ダ,1600.0,良,100.8,1.3,11-9,38.6,424.0,-4.0,ロミオボス,
2020106740,キタノクーヴェル,2023/01/09,1中山4,晴,2.0,3歳未勝利,16,8.0,16,128.2,11.0,10,武士沢友,56.0,ダ,1800.0,良,118.4,2.0,11-10-10-9,39.7,428.0,2.0,トゥービートライン,
2020106740,キタノクーヴェル,2022/12/18,5中山6,曇,6.0,2歳新馬,16,8.0,16,93.9,12.0,10,柴田大知,55.0,ダ,1200.0,稍,75.7,2.7,16-16,37.6,426.0,0.0,レヴィナス,
2022104014,フェアリアルギフト,2026/07/13,盛岡,曇,3.0,C2五組,9,3.0,3,1.7,1.0,1,山本政聡,54.0,ダ,1200.0,重,72.5,-0.1,1-1,37.1,428.0,2.0,(ニシノタマユラ),43.0
2022104014,フェアリアルギフト,2026/07/05,盛岡,曇,3.0,C2六組,11,2.0,2,4.6,2.0,2,山本政聡,54.0,ダ,1200.0,良,74.5,0.3,1-1,37.7,426.0,25.0,ロストボール,15.1
2022104014,フェアリアルギフト,2025/09/16,水沢,晴,9.0,3歳C1一組,11,1.0,1,11.0,4.0,4,山本政聡,54.0,ダ,1400.0,稍,88.9,0.8,7-7-6-5,39.0,401.0,-7.0,キタノブリッジ,7.8
2022104014,フェアリアルギフト,2025/08/31,盛岡,晴,6.0,3歳C1一組,9,8.0,8,13.8,4.0,2,山本政聡,54.0,ダ,1400.0,良,87.4,1.0,4-3,38.0,408.0,11.0,ペイシャケリー,21.0
2022104014,フェアリアルギフト,2025/08/10,盛岡,曇,6.0,3歳C2二組,11,2.0,2,2.6,2.0,1,山本政聡,54.0,ダ,1200.0,良,74.2,-1.1,3-2,37.6,397.0,-6.0,(バブルギャラクシー),50.0
2022104014,フェアリアルギフト,2025/07/27,盛岡,曇,5.0,3歳C2二組,11,8.0,11,6.8,3.0,4,山本政聡,54.0,ダ,1200.0,良,74.5,1.3,6-4,37.8,403.0,6.0,ワナカ,6.5
2022104014,フェアリアルギフト,2025/07/14,盛岡,曇,7.0,3歳C2二組,12,3.0,3,3.2,2.0,5,山本政聡,54.0,ダ,1200.0,良,75.3,1.3,6-4,38.4,397.0,-3.0,コルヴィーナ,3.5
2022104014,フェアリアルギフト,2025/06/30,水沢,曇,6.0,3歳C2二組,9,3.0,3,2.6,2.0,2,山本政聡,54.0,ダ,1300.0,良,83.6,0.1,4-4-3-2,39.7,400.0,-4.0,ディライトベル,17.5
2022104014,フェアリアルギフト,2025/05/25,2京都10,曇,3.0,3歳未勝利,14,8.0,14,199.6,12.0,9,田山旺佑,52.0,ダ,1900.0,不,121.5,3.0,2-4-6-6,39.7,404.0,4.0,ワールドキッス,
2022104014,フェアリアルギフト,2025/05/13,笠松,晴,8.0,美江寺宿特別(3歳),8,5.0,5,10.6,4.0,3,岡部誠,55.0,ダ,1400.0,良,88.4,0.9,5-4-4,38.6,400.0,0.0,コトリノサエズリ,17.5
2022104014,フェアリアルギフト,2025/03/23,1阪神8,晴,2.0,3歳未勝利,16,4.0,7,205.0,14.0,7,吉村誠之,53.0,ダ,1200.0,良,75.0,1.3,10-10,38.2,400.0,-6.0,ミルトライディーン,
2022104014,フェアリアルギフト,2025/03/08,1阪神3,晴,3.0,3歳未勝利,16,3.0,5,177.5,12.0,8,西塚洸二,54.0,ダ,1200.0,良,75.6,1.4,12-13,37.3,406.0,4.0,ロードヴァルカン,
2022104014,フェアリアルギフト,2024/11/24,6京都8,曇,1.0,2歳未勝利,16,8.0,15,417.3,16.0,9,西塚洸二,54.0,ダ,1200.0,良,74.2,1.6,13-13,37.0,402.0,0.0,レーンアジリティ,
2022104014,フェアリアルギフト,2024/11/10,6京都4,晴,4.0,2歳新馬,14,7.0,12,98.4,11.0,11,団野大成,55.0,ダ,1400.0,良,89.6,4.1,6-8,41.1,402.0,0.0,アスタールフナ,
2019106972,ロストボール,2026/07/05,盛岡,曇,3.0,C2六組,11,6.0,6,1.6,1.0,1,関本玲花,54.0,ダ,1200.0,良,74.2,-0.3,3-2,37.2,447.0,5.0,(フェアリアルギフト),43.0
2019106972,ロストボール,2026/06/14,水沢,晴,3.0,C2九組,10,1.0,1,1.1,1.0,1,関本玲花,54.0,ダ,1300.0,重,83.1,-0.2,10-6-4-2,37.4,442.0,-2.0,(エバーアリエル),43.0
2019106972,ロストボール,2026/05/16,2東京7,晴,8.0,4歳以上1勝クラス,16,8.0,16,323.5,15.0,15,水沼元輝,55.0,ダ,1600.0,良,100.7,2.8,16-15,37.1,444.0,2.0,ノアヴィヴァーチェ,
2019106972,ロストボール,2026/05/09,1新潟3,晴,12.0,4歳以上1勝クラス,12,5.0,5,224.6,12.0,10,森田誠也,55.0,ダ,1800.0,稍,117.6,2.8,11-11-12-12,41.0,442.0,6.0,ハイクオリティ,
2019106972,ロストボール,2026/04/18,1福島3,晴,8.0,4歳以上1勝クラス,15,8.0,15,213.9,15.0,8,森田誠也,55.0,ダ,1700.0,良,106.8,0.8,14-14-14-9,37.8,436.0,-12.0,メイショウクーガー,
2019106972,ロストボール,2026/03/01,1小倉12,晴,12.0,4歳以上1勝クラス,16,5.0,10,213.3,16.0,15,水沼元輝,55.0,ダ,1700.0,稍,107.6,3.1,15-15-16-16,38.5,448.0,0.0,セボンサデッセ,
2019106972,ロストボール,2025/12/20,5中京5,小雨,3.0,3歳以上1勝クラス,16,6.0,11,117.1,13.0,11,森田誠也,55.0,ダ,1900.0,稍,122.4,2.5,14-13-13-13,38.5,448.0,-6.0,スルーザナイト,
2019106972,ロストボール,2025/12/14,5中京4,曇,7.0,3歳以上1勝クラス,15,8.0,15,139.2,14.0,7,上里直汰,55.0,ダ,1800.0,稍,115.7,0.7,13-13-13-11,38.4,454.0,2.0,コウジョリョウゾク,
2019106972,ロストボール,2025/11/23,5東京5,曇,7.0,3歳以上1勝クラス,16,3.0,6,146.4,14.0,7,上里直汰,55.0,ダ,2100.0,良,133.7,1.1,16-16-14-14,36.9,452.0,4.0,タイキインドラ,
2019106972,ロストボール,2025/10/19,4新潟2,曇,6.0,3歳以上1勝クラス,15,7.0,12,115.5,14.0,6,森田誠也,55.0,ダ,1800.0,重,114.0,1.3,15-15-14-13,37.6,448.0,0.0,ケーヴァラ,
2019106972,ロストボール,2025/09/28,4中山9,晴,6.0,3歳以上1勝クラス,16,3.0,6,206.5,15.0,15,上里直汰,55.0,ダ,1800.0,良,116.6,2.3,11-11-9-16,39.3,448.0,-4.0,フジレイメイ,
2019106972,ロストボール,2025/09/07,2札幌6,晴,12.0,3歳以上1勝クラス,14,5.0,7,152.8,13.0,3,森田誠也,55.0,ダ,1700.0,稍,106.6,0.9,13-13-11-8,38.8,452.0,6.0,ジュンラトゥール,200.0
2019106972,ロストボール,2025/08/16,1札幌7,晴,8.0,3歳以上1勝クラス,14,7.0,11,256.2,14.0,10,古川奈穂,55.0,ダ,1700.0,良,107.2,1.4,14-14-13-13,38.3,446.0,2.0,ゼロスネーク,
2019106972,ロストボール,2025/08/09,1札幌5,晴,9.0,3歳以上1勝クラス,10,7.0,7,227.8,9.0,7,和田陽希,55.0,芝,1800.0,稍,109.5,1.6,7-7-8-8,35.7,444.0,0.0,キングスコール,
2019106972,ロストボール,2025/07/26,1札幌1,小雨,9.0,3歳以上1勝クラス,13,5.0,7,235.3,13.0,10,森田誠也,55.0,ダ,1700.0,良,106.7,1.2,9-10-12-12,38.2,444.0,-4.0,ショウナンヤッホー,
2019106972,ロストボール,2025/07/13,1函館10,晴,8.0,3歳以上1勝クラス,12,2.0,2,201.7,11.0,8,森田誠也,55.0,ダ,1700.0,良,107.2,1.9,8-8-11-11,38.0,448.0,-2.0,アイウィル,
2019106972,ロストボール,2025/06/21,3東京5,晴,12.0,3歳以上1勝クラス,16,4.0,7,375.9,16.0,13,水沼元輝,55.0,ダ,1600.0,良,98.5,1.9,12-13,36.9,450.0,-2.0,チザルピーノ,
2019106972,ロストボール,2025/03/23,2中京4,晴,7.0,4歳以上1勝クラス,16,5.0,10,286.0,14.0,11,田山旺佑,55.0,ダ,1800.0,良,115.8,0.9,4-5-9-10,37.7,452.0,0.0,メイショウヘール,
2019106972,ロストボール,2025/03/02,1小倉12,曇,12.0,4歳以上1勝クラス,16,3.0,6,147.5,16.0,9,水沼元輝,55.0,ダ,1700.0,稍,105.9,0.9,12-12-9-8,37.7,452.0,-4.0,アレナパラシオ,
2019106972,ロストボール,2025/02/02,1東京2,小雨,7.0,4歳以上1勝クラス,16,3.0,6,445.9,16.0,8,杉原誠人,58.0,ダ,1600.0,稍,98.5,1.0,15-14,37.1,456.0,2.0,マスグラバイト,
2019106972,ロストボール,2024/12/22,5中山8,晴,7.0,3歳以上1勝クラス,16,8.0,15,299.2,14.0,12,佐藤翔馬,55.0,ダ,1800.0,良,119.6,4.5,15-15-15-15,42.8,454.0,8.0,ドバイブルース,
2019106972,ロストボール,2024/12/08,4中京4,晴,6.0,3歳以上1勝クラス,11,7.0,9,58.5,8.0,5,河原田菜,54.0,ダ,1800.0,良,114.9,1.2,8-8-7-8,38.9,446.0,8.0,アスクデビューモア,80.0
2019106972,ロストボール,2024/11/02,5東京1,小雨,7.0,3歳以上1勝クラス,13,8.0,13,216.5,11.0,6,佐藤翔馬,55.0,ダ,1600.0,重,96.8,1.4,8-7,36.8,438.0,-6.0,サクラトップリアル,
2019106972,ロストボール,2024/10/19,4新潟5,小雨,7.0,3歳以上1勝クラス,10,5.0,5,139.5,10.0,9,河原田菜,54.0,芝,1800.0,良,108.6,2.2,9-9,36.0,444.0,0.0,ヴァイザーブリック,
2019106972,ロストボール,2024/10/05,4東京1,小雨,8.0,3歳以上1勝クラス,11,1.0,1,379.2,10.0,8,野中悠太,58.0,芝,1800.0,稍,107.5,0.6,5-6-5,34.7,444.0,14.0,ラスカンブレス,
2019106972,ロストボール,2024/09/01,2札幌8,晴,7.0,3歳以上1勝クラス,14,3.0,4,288.4,14.0,10,高杉吏麒,55.0,芝,1800.0,稍,111.8,1.2,4-5-6-6,36.8,430.0,-4.0,ガイアメンテ,
2019106972,ロストボール,2024/06/01,3東京1,晴,7.0,3歳以上1勝クラス,18,7.0,15,584.0,18.0,15,長浜鴻緒,55.0,芝,1400.0,良,81.4,1.1,14-14,34.2,434.0,2.0,サクセスカラー,
2019106972,ロストボール,2024/05/11,1新潟5,晴,10.0,三国特別(1勝クラス),12,3.0,3,387.4,12.0,12,水沼元輝,58.0,芝,1600.0,良,97.2,1.0,4-5,34.6,432.0,-2.0,エンファサイズ,
2019106972,ロストボール,2024/04/14,1福島4,晴,9.0,医王寺特別(1勝クラス),14,7.0,12,176.8,14.0,12,水沼元輝,58.0,芝,1200.0,良,69.9,1.6,10-10,35.4,434.0,0.0,コスモアディラート,
2019106972,ロストボール,2024/03/24,1中京6,小雨,5.0,4歳以上1勝クラス,13,4.0,4,319.5,13.0,9,高杉吏麒,55.0,芝,1600.0,重,97.3,1.1,2-2-2,37.3,434.0,16.0,アルゲンテウス,
2019106972,ロストボール,2024/01/21,1京都7,曇,7.0,4歳以上1勝クラス,17,2.0,3,671.7,17.0,15,長岡禎仁,58.0,芝,2200.0,重,140.1,4.9,6-7-12-16,40.4,418.0,4.0,マキシ,
2019106972,ロストボール,2024/01/13,1小倉1,晴,6.0,4歳以上1勝クラス,16,1.0,2,218.2,14.0,16,藤懸貴志,58.0,芝,2600.0,良,162.3,3.4,9-8-14-15,37.5,414.0,0.0,カナオールウェイズ,
2019106972,ロストボール,2023/08/30,園田,曇,6.0,C2一,10,5.0,5,1.6,1.0,2,山本屋太,54.0,ダ,1400.0,良,92.4,0.4,6-6-6-6,40.5,414.0,-3.0,クールボス,28.0
2019106972,ロストボール,2023/08/11,園田,晴,5.0,C2三,8,6.0,6,1.4,1.0,1,大山龍太,56.0,ダ,1400.0,良,91.0,-0.8,1-1-1-1,39.7,417.0,0.0,(プロボノ),70.0
2019106972,ロストボール,2023/07/14,園田,曇,3.0,C3二,10,7.0,7,2.5,1.0,1,大山龍太,56.0,ダ,1400.0,稍,92.0,-1.1,1-1-1-1,39.3,417.0,-2.0,(エクスプロラベスト),56.0
2019106972,ロストボール,2023/06/16,園田,晴,3.0,C3一,12,8.0,12,1.3,1.0,3,吉村智洋,56.0,ダ,1400.0,良,92.7,0.8,2-2-2-2,40.7,419.0,0.0,タマノシュシュ,14.0
2019106972,ロストボール,2023/05/26,園田,曇,5.0,C3一,12,5.0,6,1.4,1.0,6,大山龍太,56.0,ダ,1400.0,良,94.0,2.0,9-8-4-4,40.9,419.0,3.0,ラヴアンドグレース,
2019106972,ロストボール,2023/05/12,園田,晴,3.0,C3一,10,6.0,6,1.7,1.0,2,大山龍太,56.0,ダ,1400.0,良,93.4,0.0,3-3-1-1,41.0,416.0,4.0,シルバーブリス,22.4
2019106972,ロストボール,2023/04/28,園田,晴,2.0,C3二,10,3.0,3,1.3,1.0,2,大山龍太,57.0,ダ,1400.0,稍,93.0,0.1,2-2-2-2,41.2,412.0,-9.0,ジャンボリー,22.4
2019106972,ロストボール,2022/12/22,園田,晴,7.0,クリスマスローズ賞C(C2),9,8.0,9,9.4,4.0,1,大山龍太,56.0,ダ,1400.0,重,92.8,-1.4,1-1-1-1,39.7,421.0,5.0,(ラピュセル),60.0
2019106972,ロストボール,2022/12/07,園田,晴,7.0,C2三,10,7.0,7,7.7,3.0,2,大山龍太,56.0,ダ,1400.0,稍,93.7,0.5,10-10-7-7,39.4,416.0,-4.0,スバラシイヒビ,24.0
2019106972,ロストボール,2022/11/22,園田,曇,4.0,C3一,10,3.0,3,4.6,3.0,1,大山龍太,56.0,ダ,1400.0,重,93.0,0.0,9-9-3-2,39.3,420.0,0.0,(メイクアラッシュ),50.0
2019106972,ロストボール,2022/11/04,園田,晴,5.0,C2三,9,1.0,1,26.3,5.0,6,大山龍太,55.0,ダ,1400.0,良,93.7,2.0,9-9-7-7,39.1,420.0,3.0,ダイヤモンドフジ,
2019106972,ロストボール,2022/10/20,園田,晴,6.0,C2四,10,7.0,8,13.7,5.0,5,大山龍太,55.0,ダ,1400.0,良,92.9,1.8,5-6-4-4,40.0,417.0,-1.0,ヨシノリッキー,6.0
2019106972,ロストボール,2022/09/29,園田,曇,6.0,C2三,11,2.0,2,21.4,6.0,5,佐々木世,53.0,ダ,1400.0,稍,92.7,0.9,2-3-4-4,39.9,418.0,3.0,エイシングラス,6.0
2019106972,ロストボール,2022/09/09,園田,曇,9.0,C2,10,4.0,4,23.9,4.0,4,鴨宮祥行,55.0,ダ,820.0,重,51.4,0.8,8-8,36.5,415.0,-5.0,ラントゥザスカイ,10.5
2019106972,ロストボール,2022/08/31,園田,曇,7.0,C2二,10,2.0,2,18.6,5.0,7,高畑皓一,55.0,ダ,1400.0,稍,94.9,2.3,8-8-7-7,40.5,420.0,18.0,オースミミライ,
2019106972,ロストボール,2022/07/16,3小倉5,曇,3.0,3歳未勝利,16,6.0,11,390.3,15.0,9,森裕太朗,56.0,芝,1800.0,稍,108.8,0.8,10-10-7-8,35.8,402.0,0.0,オーダーナチュラル,
2019106972,ロストボール,2022/06/19,3阪神2,晴,4.0,3歳未勝利,16,4.0,7,196.7,13.0,8,森裕太朗,56.0,ダ,1200.0,良,74.0,1.8,6-7,38.1,402.0,0.0,シラキヌ,
2019106972,ロストボール,2022/04/16,2阪神7,晴,3.0,3歳未勝利,15,3.0,6,320.3,13.0,6,森裕太朗,56.0,ダ,1200.0,稍,74.4,1.6,6-6,38.8,402.0,2.0,リンドラゴ,
2019106972,ロストボール,2022/03/12,2中京1,晴,1.0,3歳未勝利,16,2.0,4,248.8,11.0,10,川端海翼,53.0,ダ,1400.0,良,87.4,2.2,10-10,39.1,400.0,-8.0,ミユキアイラブユー,
2019106972,ロストボール,2022/01/23,1中京8,曇,1.0,3歳未勝利,11,8.0,11,20.6,5.0,11,加藤祥太,56.0,ダ,1900.0,良,128.6,5.3,8-5-3-4,44.1,408.0,8.0,シュプリンガー,
2019106972,ロストボール,2021/09/12,5中京2,曇,5.0,2歳新馬,5,2.0,2,45.2,5.0,4,藤懸貴志,54.0,芝,2000.0,良,124.1,1.8,4-5-5-5,35.6,400.0,0.0,ジャスティンパレス,110.0
2017104717,グランクロワ,2026/07/21,盛岡,曇,3.0,C2一組,9,8.0,9,20.3,4.0,3,岩本怜,56.0,ダ,1400.0,良,87.8,1.3,4-3,38.9,450.0,-6.0,トリプルバレル,8.6
2017104717,グランクロワ,2026/07/14,盛岡,曇,3.0,C2一組,12,8.0,12,18.7,4.0,4,岩本怜,56.0,ダ,1400.0,稍,87.4,1.1,5-3,38.1,456.0,3.0,マーゴットフェスタ,5.6
2017104717,グランクロワ,2026/06/30,盛岡,晴,5.0,C2一組,11,6.0,7,33.7,9.0,5,岩本怜,56.0,ダ,1400.0,良,87.4,1.1,8-5,37.8,453.0,4.0,アークフロリナ,3.0
2017104717,グランクロワ,2026/06/23,水沢,曇,3.0,C2一組,10,1.0,1,8.7,5.0,4,岩本怜,56.0,ダ,1400.0,不,88.2,1.3,7-7-7-5,38.6,449.0,-6.0,アレグロヴィーヴォ,5.6
2017104717,グランクロワ,2026/06/16,水沢,晴,2.0,C2二組,9,1.0,1,17.3,6.0,2,岩本怜,56.0,ダ,1400.0,良,90.0,0.1,5-4-4-4,39.6,455.0,8.0,ライヴケチャップ,15.1
2017104717,グランクロワ,2026/06/02,水沢,晴,5.0,C2一組,9,3.0,3,20.0,7.0,4,岩本怜,56.0,ダ,1400.0,良,91.2,0.2,7-7-7-6,39.9,447.0,-7.0,テーオーカバリエ,5.6
2017104717,グランクロワ,2026/05/26,盛岡,曇,2.0,C2二組,11,8.0,11,16.6,5.0,3,阿部英俊,56.0,ダ,1400.0,良,88.0,1.4,11-9,38.6,454.0,-1.0,リュッカクローナ,8.6
2017104717,グランクロワ,2026/05/19,盛岡,晴,3.0,C2二組,9,7.0,7,23.7,7.0,5,坂井瑛音,55.0,ダ,1400.0,良,88.6,1.1,9-9,38.0,455.0,4.0,ビアンカ,3.0
2017104717,グランクロワ,2026/05/11,盛岡,曇,9.0,C1五組,12,5.0,6,15.4,8.0,10,佐々木志,56.0,ダ,1400.0,良,88.4,2.3,10-10,38.5,451.0,-4.0,ソルエストレーラ,
2017104717,グランクロワ,2026/04/29,水沢,曇,7.0,C1六組,10,8.0,9,23.4,7.0,中,岩本怜,56.0,ダ,1400.0,稍,,,,,455.0,1.0,ブリスタイム,
2017104717,グランクロワ,2026/04/13,水沢,晴,10.0,オレンジプリンセス賞(C1),11,8.0,10,21.9,6.0,4,岩本怜,56.0,ダ,1400.0,稍,91.2,1.2,7-7-6-3,40.1,454.0,1.0,クラインシュミット,6.5
2017104717,グランクロワ,2026/03/31,水沢,雨,10.0,C1五組,11,4.0,4,46.8,6.0,3,岩本怜,56.0,ダ,1400.0,不,88.7,2.0,7-7-4-3,38.8,453.0,1.0,シックザイン,10.0
2017104717,グランクロワ,2026/03/16,水沢,晴,11.0,ダンデライオン賞(C1),12,5.0,6,49.9,8.0,9,佐々木志,56.0,ダ,1400.0,良,93.3,1.5,5-5-5-6,41.5,452.0,2.0,ギフテッドブラック,
2017104717,グランクロワ,2025/12/31,水沢,曇,2.0,C2三組,11,7.0,8,38.3,6.0,3,佐々木志,56.0,ダ,1400.0,重,90.0,0.9,8-8-9-6,39.3,450.0,-7.0,アルファシリウス,8.0
2017104717,グランクロワ,2025/12/23,水沢,晴,2.0,C2三組,11,3.0,3,8.2,4.0,5,阿部英俊,56.0,ダ,1400.0,重,91.5,0.9,9-9-9-7,40.1,457.0,-6.0,アスノヒロイン,2.8
2017104717,グランクロワ,2025/11/26,水沢,曇,4.0,C2一組,10,6.0,6,8.5,3.0,中,岩本怜,56.0,ダ,1400.0,稍,,,9-8,,463.0,-1.0,カイトリヒト,
2017104717,グランクロワ,2025/11/12,盛岡,晴,3.0,C2二組,10,5.0,5,14.9,5.0,2,岩本怜,56.0,ダ,1400.0,良,88.0,0.4,4-3,38.9,464.0,-5.0,ディルブランド,14.0
2017104717,グランクロワ,2025/11/04,盛岡,晴,3.0,C2二組,10,1.0,1,4.3,3.0,5,岩本怜,56.0,ダ,1400.0,稍,88.3,1.4,8-4,39.2,469.0,4.0,ケイツーペニー,2.8
2017104717,グランクロワ,2025/10/21,盛岡,曇,2.0,C2二組,12,6.0,7,48.5,6.0,4,大坪慎,56.0,ダ,1400.0,良,86.3,0.2,6-4,38.1,465.0,1.0,エースレイジング,5.2
2017104717,グランクロワ,2025/10/14,盛岡,曇,4.0,C2一組,10,8.0,9,125.4,8.0,7,岩本怜,56.0,ダ,1400.0,良,87.5,1.2,6-5,38.7,464.0,-1.0,ヒマラヤベロス,
2017104717,グランクロワ,2025/10/07,水沢,曇,2.0,C2三組,8,4.0,4,10.1,3.0,2,岩本怜,56.0,ダ,1400.0,稍,91.0,0.0,5-5-3-3,40.3,465.0,5.0,ハクシンダンス,14.0
2017104717,グランクロワ,2025/09/21,水沢,晴,5.0,C2七組,9,5.0,5,8.4,3.0,2,岩本怜,56.0,ダ,1300.0,重,82.6,0.3,4-3-3-3,39.1,460.0,-5.0,トキノワンカラット,14.0
2017104717,グランクロワ,2025/09/14,水沢,曇,3.0,C2九組,9,1.0,1,6.4,3.0,2,岩本怜,56.0,ダ,1300.0,重,82.9,0.3,4-3-3-3,38.8,465.0,-1.0,ティロワール,14.0
2017104717,グランクロワ,2025/09/07,盛岡,小雨,2.0,C2八組,11,3.0,3,6.3,3.0,5,野畑凌,56.0,ダ,1200.0,稍,76.3,2.7,11-8,36.9,466.0,9.0,セイシークエンス,2.8
2017104717,グランクロワ,2025/08/24,盛岡,晴,11.0,カウスアウストラリス(C1),11,3.0,3,46.7,9.0,8,大坪慎,56.0,ダ,1600.0,良,101.9,1.0,9-6,37.7,457.0,-8.0,ゴールドモーション,
2017104717,グランクロワ,2025/07/22,佐賀,晴,10.0,大暑賞(A2),9,4.0,4,131.5,7.0,6,川島拓,56.0,ダ,1400.0,良,92.1,2.6,6-6-6-5,38.9,465.0,-1.0,タイキマクスウェル,
2017104717,グランクロワ,2025/06/28,佐賀,晴,7.0,AIパッカル賞(A2),9,4.0,4,113.8,7.0,6,林悠翔,53.0,ダ,1400.0,良,91.3,1.1,6-7-7-6,37.9,466.0,-7.0,カシノルーカス,
2017104717,グランクロワ,2025/06/14,佐賀,雨,3.0,KYUSHUDREA(A2),7,3.0,3,33.8,6.0,5,金山昇馬,56.0,ダ,1300.0,不,84.1,1.1,6-7-6-5,37.6,473.0,1.0,カシノルーカス,7.2
2017104717,グランクロワ,2025/05/31,佐賀,晴,9.0,AIパッカル賞(A2),11,7.0,9,368.3,10.0,10,川島拓,56.0,ダ,1400.0,良,92.8,3.7,6-9-10-10,40.3,472.0,-3.0,デジタルサイオン,
2017104717,グランクロワ,2025/05/12,佐賀,晴,9.0,AIパッカル賞(A2),11,7.0,9,246.8,10.0,10,川島拓,56.0,ダ,1400.0,稍,90.9,2.4,9-9-10-9,38.8,475.0,-1.0,デジタルサイオン,
2017104717,グランクロワ,2025/04/27,佐賀,晴,7.0,AIパッカル賞(A2),6,2.0,2,54.9,6.0,5,川島拓,56.0,ダ,1300.0,良,84.5,1.0,5-5-5-5,38.6,476.0,-1.0,シンギングロード,
2017104717,グランクロワ,2025/04/13,佐賀,晴,6.0,KYUSHUDREA,12,5.0,6,189.6,10.0,9,川島拓,56.0,ダ,1300.0,不,86.2,2.9,11-11-11-11,38.2,477.0,2.0,ナムラジョシュア,
2017104717,グランクロワ,2025/03/22,佐賀,晴,10.0,春光賞,11,5.0,5,194.8,10.0,8,川島拓,56.0,ダ,1400.0,稍,91.1,1.7,8-9-10-9,38.7,475.0,0.0,ナムラジョシュア,
2017104717,グランクロワ,2025/03/02,佐賀,小雨,9.0,雛月賞,10,3.0,3,76.3,9.0,5,川島拓,56.0,ダ,1400.0,不,91.0,1.7,9-10-10-7,38.8,475.0,-4.0,サンエルセントロ,7.0
2017104717,グランクロワ,2025/02/16,佐賀,晴,9.0,クロッカス賞,10,3.0,3,32.9,6.0,9,川島拓,56.0,ダ,1400.0,不,91.9,2.3,7-7-8-8,40.0,479.0,2.0,アクラシア,
2017104717,グランクロワ,2025/02/01,佐賀,雨,10.0,KYUSHUDREA,9,8.0,9,39.5,7.0,7,川島拓,56.0,ダ,1400.0,不,94.4,3.3,9-9-9-9,39.1,477.0,0.0,エイシンチェンバー,
2017104717,グランクロワ,2025/01/26,佐賀,曇,9.0,KYUSHUDREA(A2),11,7.0,8,385.9,11.0,10,川島拓,56.0,ダ,1400.0,良,92.6,1.5,9-10-10-9,39.3,477.0,-3.0,フライオールデイズ,
2017104717,グランクロワ,2025/01/05,佐賀,曇,10.0,KYUSHUDREA(A2),9,8.0,8,131.2,9.0,9,川島拓,56.0,ダ,1400.0,良,92.0,1.5,7-9-9-9,38.7,480.0,0.0,ショーユーシ,
2017104717,グランクロワ,2024/12/16,佐賀,曇,9.0,カトレア賞(A2),9,4.0,4,90.0,8.0,5,川島拓,56.0,ダ,1300.0,良,84.4,0.6,8-9-9-8,38.5,480.0,3.0,ミフネ,7.0
2017104717,グランクロワ,2024/12/02,佐賀,曇,9.0,ジルコン賞(A2),9,1.0,1,91.8,8.0,9,川島拓,56.0,ダ,1400.0,稍,92.0,3.6,8-8-9-8,38.8,477.0,5.0,マイネルサハラ,
2017104717,グランクロワ,2024/11/16,佐賀,曇,10.0,小夜時雨賞,9,1.0,1,10.3,3.0,5,川島拓,56.0,ダ,1400.0,良,91.2,0.5,6-6-7-5,38.1,472.0,1.0,エンダウメント,7.0
2017104717,グランクロワ,2024/11/02,佐賀,曇,11.0,KYUSHUDREA(A2),10,7.0,7,15.1,4.0,3,川島拓,56.0,ダ,1400.0,不,91.2,0.9,5-8-8-6,38.6,471.0,-2.0,クリノニキータ,15.8
2017104717,グランクロワ,2024/10/12,佐賀,晴,9.0,時雨月賞,7,6.0,6,7.7,3.0,4,川島拓,56.0,ダ,1400.0,良,93.6,1.0,5-5-5-4,38.7,473.0,9.0,ミヤノウッドリー,10.6
2017104717,グランクロワ,2024/09/22,佐賀,曇,8.0,詠月賞,9,6.0,6,15.0,4.0,6,川島拓,56.0,ダ,1400.0,不,90.8,2.1,6-7-7-7,38.6,464.0,1.0,テイエムフォンテ,
2017104717,グランクロワ,2024/09/07,佐賀,晴,9.0,サルビア賞,9,3.0,3,2.4,1.0,3,川島拓,56.0,ダ,1400.0,良,90.0,0.4,7-7-6-4,37.8,463.0,-2.0,イグレック,15.8
2017104717,グランクロワ,2024/08/03,佐賀,晴,8.0,あさがお賞(B),7,7.0,7,22.7,6.0,1,川島拓,56.0,ダ,1400.0,良,90.0,-0.1,6-6-6-2,37.3,465.0,0.0,(メアリー),100.0
2017104717,グランクロワ,2024/07/20,佐賀,晴,9.0,早星賞(B),11,7.0,8,31.3,7.0,3,川島拓,56.0,ダ,1400.0,良,90.4,0.2,8-8-8-7,37.6,465.0,-1.0,ウィップラッシュ,8.6
2017104717,グランクロワ,2024/07/06,佐賀,晴,4.0,ラベンダー特別(B),11,1.0,1,187.3,10.0,9,川島拓,56.0,ダ,1300.0,良,86.0,3.0,11-11-11-11,39.2,466.0,-3.0,テイエムファルコン,
2017104717,グランクロワ,2024/06/23,佐賀,雨,5.0,水無月特別(B),10,8.0,10,40.3,7.0,7,川島拓,56.0,ダ,1750.0,不,118.6,2.2,8-9-10-7,39.2,469.0,4.0,エイシンテラ,
2017104717,グランクロワ,2024/06/11,佐賀,晴,11.0,初夏特別(B),10,8.0,9,63.4,9.0,7,川島拓,56.0,ダ,1750.0,重,116.5,1.3,8-8-8-8,38.6,465.0,-5.0,ミヤノウッドリー,
2017104717,グランクロワ,2024/05/26,佐賀,雨,9.0,馬マルシェ1周年記念(B),11,4.0,4,37.6,7.0,1,川島拓,56.0,ダ,1400.0,稍,90.6,-0.5,7-7-7-2,38.7,470.0,3.0,(ハナビチャン),48.0
2017104717,グランクロワ,2024/05/11,佐賀,曇,9.0,五色月賞(B),10,5.0,5,20.2,6.0,8,川島拓,56.0,ダ,1300.0,良,86.2,1.9,9-10-10-9,39.0,467.0,-4.0,ハッピーホンコン,
2017104717,グランクロワ,2024/04/26,佐賀,曇,10.0,卯月特別(B),11,7.0,8,262.0,10.0,9,出水拓人,56.0,ダ,1750.0,稍,118.2,2.1,9-10-11-10,38.6,471.0,-7.0,ネオシエル,
2017104717,グランクロワ,2024/04/06,佐賀,曇,4.0,佐賀桜花特別(B),10,2.0,2,341.9,10.0,9,長田進仁,56.0,ダ,1800.0,稍,119.4,2.1,9-9-9-9,39.9,478.0,6.0,ネオシエル,
2017104717,グランクロワ,2024/03/24,佐賀,曇,11.0,SAGAリベンジャー(A2),11,3.0,3,43.8,9.0,8,川島拓,56.0,ダ,1750.0,不,116.6,3.7,9-10-10-9,40.7,472.0,1.0,ヴォルゴグラード,
2017104717,グランクロワ,2024/02/17,佐賀,晴,9.0,梅見月賞(A2),9,8.0,9,12.6,3.0,5,川島拓,56.0,ダ,1400.0,良,92.2,1.0,6-6-7-7,38.6,471.0,3.0,モーモーレッド,6.8
2017104717,グランクロワ,2024/02/03,佐賀,雨,10.0,スノードロップ賞,11,7.0,8,7.7,3.0,7,川島拓,56.0,ダ,1400.0,不,92.0,1.7,2-2-3-5,41.0,468.0,-1.0,トライファン,
2017104717,グランクロワ,2024/01/21,佐賀,曇,7.0,SAGAイブニング賞,11,4.0,4,4.9,2.0,5,石川慎将,56.0,ダ,1400.0,不,90.1,1.3,8-9-8-7,37.8,469.0,5.0,サンマルリアン,6.8
2017104717,グランクロワ,2024/01/05,佐賀,曇,10.0,新春賞(B),10,5.0,5,8.2,4.0,3,石川慎将,56.0,ダ,1800.0,重,121.0,0.2,7-7-7-6,39.9,464.0,3.0,オデンセ,18.0
2017104717,グランクロワ,2023/12/17,佐賀,晴,6.0,師走賞(B),8,3.0,3,5.6,3.0,2,川島拓,56.0,ダ,1750.0,重,114.7,0.2,5-5-5-4,38.7,461.0,4.0,グランツエクラ,32.0
2017104717,グランクロワ,2023/12/03,佐賀,曇,10.0,晩秋特別(B),10,7.0,7,18.8,6.0,5,山下裕貴,56.0,ダ,1750.0,良,115.8,0.4,4-4-4-5,38.1,457.0,-5.0,ミヤノウッドリー,6.4
2017104717,グランクロワ,2023/11/20,佐賀,晴,11.0,霜月特別(B),10,3.0,3,25.8,6.0,2,川島拓,56.0,ダ,1750.0,稍,114.8,0.2,5-5-3-3,38.7,462.0,3.0,ビレッジシングル,25.6
2017104717,グランクロワ,2023/11/06,佐賀,曇,11.0,錦秋特別(B),8,3.0,3,10.6,4.0,5,川島拓,56.0,ダ,1800.0,良,119.5,1.4,8-8-8-5,40.1,459.0,-2.0,ミヤノウッドリー,6.4
2017104717,グランクロワ,2023/10/21,佐賀,晴,5.0,神無月特別(B),12,7.0,10,12.8,3.0,5,川島拓,56.0,ダ,1860.0,良,123.7,1.2,10-10-9-6,39.1,461.0,2.0,ブレイブアモーレ,6.4
2017104717,グランクロワ,2023/10/01,佐賀,晴,10.0,仲秋特別(B),10,4.0,4,2.6,2.0,2,川島拓,56.0,ダ,1750.0,良,118.1,0.5,5-5-5-3,38.7,459.0,3.0,オデンセ,25.6
2017104717,グランクロワ,2023/09/16,佐賀,曇,5.0,長月賞(B),8,3.0,3,8.6,5.0,2,山下裕貴,56.0,ダ,1800.0,不,119.6,0.8,8-8-8-7,37.9,456.0,-1.0,サトミノアサヒ,32.0
2017104717,グランクロワ,2023/08/31,佐賀,曇,8.0,オッズパーク杯(B),10,2.0,2,3.0,2.0,2,川島拓,56.0,ダ,1400.0,良,90.3,0.5,5-4-4-2,37.9,457.0,5.0,カラヤン,14.4
2017104717,グランクロワ,2023/08/19,佐賀,晴,9.0,日本三大和牛「近江牛(B),10,2.0,2,17.0,7.0,1,川島拓,56.0,ダ,1400.0,稍,90.6,-0.4,10-10-10-2,37.9,452.0,-6.0,(テイエムウイン),45.0
2017104717,グランクロワ,2023/07/18,佐賀,晴,11.0,ルビー特選(C1),12,1.0,1,3.9,1.0,1,川島拓,56.0,ダ,1750.0,良,117.6,-0.2,11-10-9-3,39.9,458.0,-3.0,(マクロー),55.0
2017104717,グランクロワ,2023/07/04,佐賀,雨,9.0,ジューン特選(C1),12,7.0,9,27.0,8.0,4,川島拓,56.0,ダ,1800.0,不,121.2,1.2,11-11-11-7,40.1,461.0,1.0,シントーハナノラン,6.6
2017104717,グランクロワ,2023/06/18,佐賀,曇,6.0,里帰りJCホームタウ(C1),12,8.0,11,18.9,8.0,2,金山昇馬,56.0,ダ,1750.0,稍,117.2,0.1,11-11-10-4,39.7,460.0,-2.0,メタモルフォシス,17.6
2017104717,グランクロワ,2023/06/03,佐賀,晴,7.0,KYUSHUDREA(C1),10,3.0,3,40.6,7.0,4,川島拓,56.0,ダ,1300.0,稍,85.8,0.8,10-10-10-8,38.4,462.0,3.0,サトノタケル,4.4
2017104717,グランクロワ,2023/05/20,佐賀,晴,9.0,KYUSHUDREA(C1),12,3.0,3,127.6,8.0,3,川島拓,56.0,ダ,1400.0,不,91.6,0.3,10-10-10-8,38.2,459.0,-4.0,テイエムウイン,6.7
2017104717,グランクロワ,2023/05/06,佐賀,雨,8.0,ほとめきナイター賞(C1),12,4.0,4,41.7,8.0,11,石川慎将,56.0,ダ,1300.0,不,87.2,2.8,12-12-12-12,39.2,463.0,0.0,スティルアリス,
2017104717,グランクロワ,2023/04/22,佐賀,晴,9.0,ほとめきナイター賞(C1),11,7.0,8,22.3,7.0,7,石川慎将,56.0,ダ,1400.0,良,93.3,0.9,11-11-11-11,38.8,463.0,0.0,マルハチアポロン,
2017104717,グランクロワ,2023/04/08,佐賀,晴,7.0,ほとめきナイター賞(C1),12,5.0,5,60.9,8.0,5,川島拓,56.0,ダ,1400.0,重,93.3,0.8,12-12-12-8,39.6,463.0,-16.0,サクセッサー,3.0
2017104717,グランクロワ,2023/03/26,佐賀,曇,8.0,優希乃さん来場記念(B),12,1.0,1,15.1,5.0,7,川島拓,56.0,ダ,1300.0,不,85.3,1.4,11-11-12-12,37.2,479.0,13.0,エナジーボーイ,
2017104717,グランクロワ,2023/03/12,佐賀,雨,10.0,花見月賞(B),12,2.0,2,10.6,4.0,3,川島拓,56.0,ダ,1400.0,稍,92.6,0.3,10-10-9-6,39.4,466.0,0.0,グラスファミーユ,8.1
2017104717,グランクロワ,2023/02/26,佐賀,晴,8.0,飯塚オートは「G2オ(B),10,8.0,10,7.4,3.0,5,川島拓,56.0,ダ,1400.0,重,93.7,0.7,3-6-6-7,39.8,466.0,-4.0,ヴァリッド,3.6
2017104717,グランクロワ,2023/02/04,佐賀,晴,11.0,フェブラリー特選(C1),8,2.0,2,2.1,1.0,2,松井伸也,56.0,ダ,1800.0,稍,123.0,0.5,8-8-4-3,40.5,470.0,-3.0,クラックステソーロ,17.6
2017104717,グランクロワ,2023/01/23,佐賀,晴,10.0,ガーネット特選(C1),10,5.0,5,4.3,2.0,4,石川慎将,56.0,ダ,1750.0,不,118.0,0.7,6-7-7-5,38.8,473.0,1.0,ブラックアリエス,6.6
2017104717,グランクロワ,2023/01/04,佐賀,晴,9.0,ジャニュアリー特選(C1),12,1.0,1,9.5,5.0,2,石川慎将,56.0,ダ,1750.0,稍,118.4,0.3,10-10-10-4,39.4,472.0,1.0,クロミチャン,17.6
2017104717,グランクロワ,2022/12/10,佐賀,晴,9.0,春待月賞(C1),12,7.0,10,5.8,3.0,3,川島拓,56.0,ダ,1400.0,良,92.4,0.1,11-10-9-7,38.6,471.0,1.0,オンラインパワー,6.7
2017104717,グランクロワ,2022/11/26,佐賀,晴,6.0,さがけいば無料ネット(C1),10,1.0,1,15.8,5.0,5,川島拓,56.0,ダ,1400.0,良,94.6,2.4,9-8-10-5,40.5,470.0,-1.0,リネンコジーン,3.0
2017104717,グランクロワ,2022/11/05,佐賀,晴,8.0,神楽月賞(C1),11,7.0,8,3.2,1.0,2,石川慎将,56.0,ダ,1400.0,良,96.4,0.0,9-9-8-2,39.7,471.0,0.0,シルクハット,11.8
2017104717,グランクロワ,2022/10/30,佐賀,晴,7.0,東鶴酒造「東鶴」賞(C1),12,7.0,9,2.7,1.0,1,中山蓮王,53.0,ダ,1400.0,良,92.1,-0.2,9-9-9-5,39.1,471.0,-2.0,(ローブデュソワール),37.0
2017104717,グランクロワ,2022/10/16,佐賀,曇,5.0,佐賀競馬移転開設50(C1),11,8.0,11,4.1,2.0,2,石川慎将,56.0,ダ,1400.0,良,91.3,0.2,10-10-9-6,38.5,473.0,1.0,ビーガール,11.8
2017104717,グランクロワ,2022/09/21,佐賀,晴,5.0,C1ー7組,6,1.0,1,12.3,3.0,2,石川慎将,56.0,ダ,1400.0,重,92.5,1.7,4-4-3-2,38.7,472.0,4.0,タマモクレマチス,11.8
2017104717,グランクロワ,2022/09/19,佐賀,,5.0,C1ー7組,0,1.0,1,,,,石川慎将,56.0,ダ,1400.0,,,,,,,,,
2017104717,グランクロワ,2022/08/27,佐賀,晴,3.0,チャレンジシリーズ(C1),8,8.0,8,3.6,2.0,1,川島拓,56.0,ダ,1400.0,重,91.6,-0.3,7-7-7-4,38.3,468.0,6.0,(クリノロッサ),37.0
2017104717,グランクロワ,2022/08/04,佐賀,曇,10.0,立秋特選(C2),8,4.0,4,11.9,6.0,2,川島拓,56.0,ダ,1750.0,良,119.8,0.9,6-6-6-4,40.4,462.0,1.0,ウィンドスピナー,14.4
2017104717,グランクロワ,2022/07/23,佐賀,晴,1.0,さがけいば無料ネット(C2),10,2.0,2,6.0,4.0,2,金山昇馬,56.0,ダ,1300.0,良,85.9,0.1,6-8-8-7,38.1,461.0,-2.0,レディクルシマ,11.2
2017104717,グランクロワ,2022/06/26,佐賀,曇,2.0,C2ー7組,9,1.0,1,44.6,9.0,2,金山昇馬,56.0,ダ,1400.0,不,92.9,1.0,3-4-5-3,38.6,463.0,-1.0,ロンドンネス,11.2
2017104717,グランクロワ,2022/06/17,佐賀,曇,1.0,C2ー8組,10,3.0,3,30.0,8.0,3,金山昇馬,56.0,ダ,1300.0,良,86.4,0.5,9-9-9-8,39.1,464.0,4.0,アーモンドラブ,6.3
2017104717,グランクロワ,2022/05/29,佐賀,晴,4.0,さなびっちさん来場記(C2),10,6.0,6,25.7,9.0,3,吉本隆記,56.0,ダ,1400.0,良,93.7,0.5,9-8-8-3,40.5,460.0,-6.0,オールマイライフ,6.3
2017104717,グランクロワ,2022/05/01,佐賀,曇,2.0,佐賀県ウクライナ避難(C2),9,5.0,5,21.1,7.0,7,山下裕貴,56.0,ダ,1400.0,不,95.4,2.4,9-9-9-9,40.0,466.0,0.0,マリノフォーチュン,
2017104717,グランクロワ,2022/04/17,佐賀,晴,2.0,チャレンジシリーズ(C2),9,3.0,3,18.2,5.0,7,川島拓,56.0,ダ,1300.0,稍,88.6,2.9,9-9-9-9,39.4,466.0,-2.0,オラクトゥール,
2017104717,グランクロワ,2022/04/04,佐賀,晴,2.0,C2ー11組,8,1.0,1,18.2,6.0,3,川島拓,56.0,ダ,1400.0,良,94.5,0.8,8-8-8-7,39.3,468.0,-1.0,ラストシーン,5.9
2017104717,グランクロワ,2022/03/06,佐賀,晴,1.0,C2ー12組,8,7.0,7,,,除,竹吉徹,56.0,ダ,1300.0,良,,,,,469.0,0.0,ディオアルバ,
2017104717,グランクロワ,2022/02/23,佐賀,曇,1.0,チャレンジシリーズ(C2),10,5.0,5,34.9,8.0,2,川島拓,56.0,ダ,1400.0,良,93.5,0.4,9-9-8-8,40.1,469.0,0.0,カシノマイスター,9.0
2017104717,グランクロワ,2022/02/06,佐賀,曇,7.0,SAGAイブニング賞(C2),11,6.0,6,38.8,6.0,10,川島拓,56.0,ダ,1400.0,良,95.6,4.8,11-11-11-11,41.2,469.0,1.0,サウスパッキオ,
2017104717,グランクロワ,2022/01/23,佐賀,雨,2.0,チャレンジシリーズ(C2),10,8.0,9,3.0,1.0,10,竹吉徹,56.0,ダ,1300.0,不,87.9,4.7,10-10-10-10,38.2,468.0,3.0,モダンローズ,
2017104717,グランクロワ,2022/01/05,佐賀,曇,6.0,豊楽賞(C2),11,3.0,3,12.6,4.0,2,竹吉徹,56.0,ダ,1400.0,良,93.5,0.0,8-8-6-4,39.8,465.0,-1.0,テイエムメジャー,9.0
2017104717,グランクロワ,2021/12/18,佐賀,曇,7.0,C2ー16組,12,6.0,8,2.6,1.0,3,竹吉徹,56.0,ダ,1400.0,不,93.6,1.3,12-12-11-10,38.9,466.0,8.0,ブランモンストル,4.8
2017104717,グランクロワ,2021/11/27,佐賀,晴,1.0,C2ー20組,9,8.0,9,4.8,2.0,2,竹吉徹,56.0,ダ,1400.0,稍,92.8,0.1,3-3-3-1,38.5,458.0,3.0,タックスオフィサー,9.0
2017104717,グランクロワ,2021/11/12,佐賀,曇,5.0,C2ー22組,9,4.0,4,9.4,6.0,2,竹吉徹,56.0,ダ,1300.0,重,85.8,0.6,8-8-6-4,38.0,455.0,0.0,チグサスマイル,9.0
2017104717,グランクロワ,2021/10/31,佐賀,晴,2.0,C2ー23組,10,8.0,10,2.3,1.0,4,金山昇馬,55.0,ダ,1300.0,良,86.3,0.8,7-9-8-8,38.4,455.0,-6.0,テイエムオリンピア,2.4
2017104717,グランクロワ,2021/10/09,高知,晴,3.0,C3ー15,10,8.0,11,214.4,8.0,7,西森将司,56.0,ダ,1300.0,良,89.2,3.0,5-7-8-7,41.6,461.0,2.0,ブラックマティーニ,
2017104717,グランクロワ,2021/09/19,高知,晴,4.0,チュ組祝2周年特別(C3),9,7.0,7,161.6,9.0,8,西森将司,56.0,ダ,1300.0,不,88.1,3.6,7-7-8-8,40.9,459.0,-4.0,モリノラスボス,
2017104717,グランクロワ,2021/09/05,高知,曇,9.0,C3ー13,11,5.0,5,546.1,11.0,9,西森将司,56.0,ダ,1300.0,良,88.2,2.5,9-9-10-10,40.7,463.0,6.0,トーセンポエム,
2017104717,グランクロワ,2021/08/22,高知,曇,9.0,C3ー14,12,1.0,1,127.5,10.0,10,西森将司,56.0,ダ,1300.0,不,87.3,4.0,8-8-9-10,40.8,457.0,3.0,スケロク,
2017104717,グランクロワ,2021/08/01,高知,晴,12.0,ファイナルレース(C3),12,5.0,6,6.3,4.0,10,西森将司,56.0,ダ,1300.0,良,89.8,3.1,6-8-8-7,43.6,454.0,-3.0,チェンジ,
2017104717,グランクロワ,2021/07/17,高知,雨,4.0,鴨見カモミ3周年特別(C3),12,6.0,7,127.5,11.0,5,西森将司,56.0,ダ,800.0,不,50.8,1.6,8-7,36.9,457.0,-1.0,ウィンターリリー,5.0
2017104717,グランクロワ,2021/07/04,高知,曇,7.0,C3ー15,10,3.0,3,22.1,4.0,6,西森将司,56.0,ダ,1300.0,重,87.1,2.1,7-7-7-7,41.0,458.0,1.0,ミリオンゲーム,
2017104717,グランクロワ,2021/06/19,高知,曇,12.0,ファイナルレース(C3),12,4.0,4,23.0,11.0,3,西森将司,56.0,ダ,1300.0,不,87.0,0.1,9-8-7-4,41.5,457.0,-2.0,ゴールドビーム,10.0
2017104717,グランクロワ,2021/05/30,高知,晴,7.0,C3ー17,10,4.0,4,121.0,6.0,5,西森将司,56.0,ダ,1400.0,重,94.4,2.7,10-9-9-6,41.1,459.0,-5.0,ナムラゴロー,5.0
2017104717,グランクロワ,2021/05/15,高知,雨,12.0,ファイナルレース(C3),12,5.0,6,8.4,4.0,5,岡村卓弥,56.0,ダ,1300.0,不,86.0,1.8,11-11-10-7,40.3,464.0,3.0,ダノンケンリュウ,5.0
2017104717,グランクロワ,2021/05/03,高知,晴,7.0,C3ー19,12,8.0,12,17.9,6.0,6,西森将司,56.0,ダ,1300.0,重,86.8,1.6,8-8-8-7,40.2,461.0,5.0,グレートセブン,
2017104717,グランクロワ,2021/04/18,高知,晴,11.0,ファイナルレース(C3),12,7.0,10,64.8,8.0,4,西森将司,56.0,ダ,1300.0,重,86.8,2.0,7-7-6-4,40.4,456.0,-1.0,クラウンクラシック,7.5
2017104717,グランクロワ,2021/03/31,高知,晴,1.0,C3ー12,12,8.0,11,205.2,9.0,4,西森将司,56.0,ダ,1400.0,重,94.8,2.2,8-7-5-6,39.7,457.0,2.0,プリメラクラセ,7.5
2017104717,グランクロワ,2021/03/24,高知,晴,1.0,C3ー10,8,6.0,6,33.2,6.0,4,妹尾将充,55.0,ダ,1300.0,重,89.1,2.4,7-7-7-6,41.1,455.0,-1.0,サンシェリダン,7.5
2017104717,グランクロワ,2021/03/09,高知,曇,10.0,ファイナルレース(C3),12,8.0,11,46.0,11.0,12,西森将司,56.0,ダ,1300.0,重,89.9,2.5,10-12-12-12,41.5,456.0,2.0,シアンフィデール,
2017104717,グランクロワ,2021/02/23,高知,晴,11.0,ファイナルレース(C3),12,7.0,9,12.9,6.0,9,西森将司,56.0,ダ,1300.0,稍,89.7,2.9,7-7-8-9,42.3,454.0,1.0,ブルーベルファイト,
2017104717,グランクロワ,2021/02/09,高知,晴,11.0,ファイナルレース(C3),12,7.0,9,35.8,11.0,8,西森将司,56.0,ダ,1300.0,稍,89.6,1.6,7-7-7-8,42.2,453.0,3.0,ルートサブロク,
2017104717,グランクロワ,2021/01/27,高知,晴,1.0,C3ー13,11,6.0,7,44.2,6.0,9,西森将司,56.0,ダ,1300.0,不,88.2,4.5,9-8-9-9,41.8,450.0,-6.0,ディライトラッシュ,
2017104717,グランクロワ,2021/01/20,高知,晴,2.0,C3ー13,11,7.0,8,17.9,5.0,6,西森将司,56.0,ダ,1400.0,稍,96.0,1.9,8-8-7-6,40.8,456.0,5.0,トミケンスラーヴァ,
2017104717,グランクロワ,2021/01/01,高知,晴,2.0,C3ー19,11,7.0,8,16.8,5.0,5,西森将司,56.0,ダ,1300.0,重,87.4,2.2,7-7-7-6,41.0,451.0,4.0,コンテンポラリー,5.0
2017104717,グランクロワ,2020/11/24,浦和,曇,1.0,3歳三,12,5.0,5,33.0,7.0,9,半澤慶実,56.0,ダ,1400.0,良,92.8,2.0,8-7-10-9,38.8,447.0,7.0,ネオマティリアル,
2017104717,グランクロワ,2020/10/28,船橋,曇,1.0,3歳四五,12,2.0,2,9.5,5.0,10,半澤慶実,56.0,ダ,1200.0,稍,78.5,3.0,6-6-7,40.8,440.0,-5.0,ロマンスピネル,
2017104717,グランクロワ,2020/10/21,浦和,晴,4.0,3歳六選抜馬ア,11,2.0,2,15.9,7.0,5,半澤慶実,56.0,ダ,1400.0,稍,92.2,2.4,5-5-6-6,40.2,445.0,3.0,コウユーモテモテ,11.0
2017104717,グランクロワ,2020/09/21,盛岡,曇,3.0,C2五組,9,3.0,3,12.3,4.0,2,岩本怜,56.0,ダ,1400.0,良,88.5,0.8,3-3,39.0,442.0,-2.0,パワポケプリメーロ,7.0
2017104717,グランクロワ,2020/09/13,盛岡,曇,5.0,C2五組,6,6.0,6,5.4,2.0,3,岩本怜,56.0,ダ,1400.0,良,89.8,0.9,2-2,39.5,444.0,-4.0,タカンナ,4.0
2017104717,グランクロワ,2020/08/30,水沢,曇,2.0,3歳C2二組,9,8.0,9,5.3,3.0,1,岩本怜,56.0,ダ,1300.0,良,85.3,-0.1,3-3-3-3,40.7,448.0,5.0,(サマープラネット),30.0
2017104717,グランクロワ,2020/08/16,盛岡,晴,2.0,3歳C2三組,10,8.0,9,3.1,2.0,3,岩本怜,56.0,ダ,1200.0,良,75.1,1.0,5-3,38.5,443.0,4.0,タイニーキング,4.8
2017104717,グランクロワ,2020/08/03,盛岡,晴,2.0,3歳C2四組,9,6.0,6,2.6,1.0,3,岩本怜,56.0,ダ,1200.0,良,74.6,0.6,4-3,38.0,439.0,-1.0,タイガ,4.8
2017104717,グランクロワ,2020/06/20,3東京5,晴,4.0,3歳未勝利,16,6.0,11,196.8,14.0,14,小林凌大,53.0,ダ,1600.0,不,99.7,2.8,7-7,38.4,440.0,2.0,ピースボヌール,
2017104717,グランクロワ,2020/05/30,2東京11,晴,1.0,3歳未勝利,16,1.0,1,278.4,15.0,11,野中悠太,56.0,ダ,1600.0,良,101.0,1.6,10-10,37.8,438.0,-12.0,コスモストライカー,
2017104717,グランクロワ,2020/03/31,3中山2,曇,3.0,3歳未勝利,15,8.0,15,156.3,13.0,6,石橋脩,56.0,ダ,1800.0,稍,117.0,2.3,15-15-12-11,39.9,450.0,-2.0,フォーチュネイト,
2017104717,グランクロワ,2020/03/20,2中山7,晴,2.0,3歳未勝利,16,6.0,12,101.4,13.0,9,横山和生,56.0,ダ,1800.0,良,118.6,3.0,8-9-7-8,41.3,452.0,-4.0,ドラゴンウォリアー,
2017104717,グランクロワ,2020/02/29,2中山1,曇,2.0,3歳未勝利,16,1.0,2,176.9,13.0,9,石川裕紀,56.0,ダ,1200.0,良,73.5,2.0,14-13,37.6,456.0,6.0,チェスナットロール,
2017104717,グランクロワ,2019/11/02,5東京1,晴,4.0,2歳未勝利,13,8.0,13,280.2,12.0,13,石橋脩,55.0,芝,2000.0,良,125.0,4.7,13-13-13,37.4,450.0,-4.0,ビターエンダー,
2017104717,グランクロワ,2019/08/25,2新潟10,曇,5.0,2歳新馬,12,7.0,9,165.9,10.0,12,藤岡康太,54.0,芝,1800.0,良,112.7,2.7,12-11,35.4,454.0,0.0,リグージェ,
2020106512,メイショウミチロク,2026/07/21,盛岡,曇,3.0,C2一組,9,1.0,1,53.3,7.0,5,関本玲花,54.0,ダ,1400.0,良,88.0,1.5,7-5,38.1,474.0,2.0,トリプルバレル,3.0
2020106512,メイショウミチロク,2026/07/14,盛岡,曇,3.0,C2一組,12,6.0,7,45.4,6.0,6,斉藤友香,52.0,ダ,1400.0,稍,87.6,1.3,11-7,37.8,472.0,-6.0,マーゴットフェスタ,
2020106512,メイショウミチロク,2026/07/07,盛岡,晴,2.0,C2二組,10,1.0,1,25.6,8.0,3,関本玲花,54.0,ダ,1400.0,良,88.4,0.5,10-9,38.3,478.0,1.0,マイネルヒッツェ,8.6
2020106512,メイショウミチロク,2026/06/30,盛岡,晴,4.0,C2二組,11,3.0,3,45.7,6.0,3,関本玲花,54.0,ダ,1400.0,良,87.6,2.2,9-5,38.7,477.0,-5.0,クリナッチ,8.6
2020106512,メイショウミチロク,2026/06/23,水沢,曇,1.0,C2三組,10,8.0,10,20.6,8.0,4,関本玲花,54.0,ダ,1400.0,不,88.5,0.5,8-8-5-5,39.1,482.0,0.0,ヤマニンエピクーレ,5.6
2020106512,メイショウミチロク,2026/06/16,水沢,晴,2.0,C2二組,9,8.0,8,9.6,5.0,7,関本玲花,54.0,ダ,1400.0,良,91.2,1.3,7-7-6-7,40.3,482.0,2.0,ライヴケチャップ,
2020106512,メイショウミチロク,2026/06/09,水沢,曇,9.0,C1五組,10,1.0,1,10.5,5.0,4,関本玲花,54.0,ダ,1400.0,重,89.6,1.1,9-9-8-7,38.2,480.0,-1.0,ハクシンマルペンサ,6.5
2020106512,メイショウミチロク,2026/05/26,盛岡,曇,9.0,C1四組,10,7.0,7,12.1,3.0,5,関本玲花,54.0,ダ,1400.0,良,88.6,2.6,7-7,38.7,481.0,2.0,アドマイヤアーデル,3.5
2020106512,メイショウミチロク,2026/05/11,盛岡,曇,10.0,C1四組,12,7.0,9,6.7,4.0,6,関本玲花,54.0,ダ,1400.0,良,88.1,1.1,6-5,38.7,479.0,2.0,ヴィヴァムーン,
2020106512,メイショウミチロク,2026/04/29,水沢,曇,7.0,C1六組,10,8.0,10,26.6,8.0,3,関本玲花,54.0,ダ,1400.0,稍,92.1,0.4,8-8-5-3,41.7,477.0,-1.0,ブリスタイム,10.0
2020106512,メイショウミチロク,2026/04/13,水沢,晴,8.0,C1五組,10,4.0,4,8.0,3.0,2,関本玲花,54.0,ダ,1400.0,稍,92.2,1.1,9-8-8-6,40.2,478.0,5.0,タカラクロロック,17.5
2020106512,メイショウミチロク,2026/03/31,水沢,雨,9.0,C1六組,10,6.0,7,53.7,5.0,5,関本玲花,54.0,ダ,1400.0,不,90.1,1.7,7-7-5-5,39.5,473.0,1.0,シュロス,3.5
2020106512,メイショウミチロク,2026/03/17,水沢,曇,3.0,C2二組,7,7.0,7,6.3,3.0,2,関本玲花,54.0,ダ,1400.0,良,93.4,1.1,4-3-3-2,41.2,472.0,-1.0,ゴールデンレディー,14.0
2020106512,メイショウミチロク,2026/03/10,水沢,晴,4.0,C2一組,11,6.0,7,5.2,3.0,7,関本玲花,54.0,ダ,1400.0,稍,92.9,1.2,11-10-9-7,40.8,473.0,-5.0,クラキンカ,
2020106512,メイショウミチロク,2025/12/30,水沢,曇,9.0,C1三組,9,6.0,6,37.3,6.0,4,関本玲花,54.0,ダ,1600.0,重,102.8,0.6,8-7-5-5,38.8,478.0,-2.0,オプティクス,6.5
2020106512,メイショウミチロク,2025/12/16,水沢,曇,9.0,C1三組,12,5.0,6,46.7,9.0,10,関本玲花,54.0,ダ,1600.0,重,104.2,1.9,6-6-6-9,39.8,480.0,0.0,サンタアナウインド,
2020106512,メイショウミチロク,2025/12/01,水沢,曇,9.0,C1四組,11,5.0,5,19.6,7.0,9,関本玲花,54.0,ダ,1600.0,稍,106.4,1.8,10-9-8-9,40.9,480.0,2.0,ビスケットマリー,
2020106512,メイショウミチロク,2025/11/17,盛岡,小雨,10.0,C1四組,12,3.0,3,51.5,6.0,3,関本玲花,54.0,ダ,1400.0,稍,87.9,0.6,10-9,37.9,478.0,-3.0,キャピタルプレイン,10.0
2020106512,メイショウミチロク,2025/11/04,盛岡,晴,11.0,ガーベラ賞(C1),10,3.0,3,75.2,8.0,5,関本玲花,54.0,ダ,1600.0,稍,101.6,1.5,9-8,38.7,481.0,-4.0,マカベウス,3.5
2020106512,メイショウミチロク,2025/10/19,盛岡,曇,8.0,C1,11,7.0,8,28.8,5.0,3,関本玲花,54.0,ダ,1400.0,重,87.1,1.0,8-7,37.3,485.0,5.0,サラニキケン,10.0
2020106512,メイショウミチロク,2025/10/07,水沢,曇,9.0,C1四組,10,6.0,6,37.7,7.0,6,関本玲花,54.0,ダ,1600.0,稍,106.4,2.1,9-7-7-6,40.6,480.0,1.0,ヴィヴァムーン,
2020106512,メイショウミチロク,2025/09/23,水沢,晴,3.0,C2一組,11,6.0,7,102.3,9.0,9,関本玲花,54.0,ダ,1400.0,良,90.2,1.4,11-11-11-10,39.3,479.0,-3.0,ブンブンマル,
2020106512,メイショウミチロク,2025/09/16,水沢,晴,3.0,C2一組,11,1.0,1,50.1,7.0,6,関本玲花,54.0,ダ,1400.0,稍,89.1,1.0,10-10-10-8,38.1,482.0,3.0,ブンブンマル,
2020106512,メイショウミチロク,2025/09/09,盛岡,曇,5.0,C2一組,10,7.0,7,15.1,4.0,4,関本玲花,54.0,ダ,1400.0,良,87.3,1.0,8-8,37.0,479.0,-8.0,シントーユタカ,5.2
2020106512,メイショウミチロク,2025/09/02,盛岡,小雨,3.0,大船渡市観光物産協会(C2),9,5.0,5,3.1,1.0,3,関本玲花,54.0,ダ,1400.0,稍,88.1,0.8,7-7,38.1,487.0,11.0,ハイプボーイ,8.0
2020106512,メイショウミチロク,2025/08/19,盛岡,曇,12.0,B1一組,9,2.0,2,28.9,8.0,7,関本玲花,54.0,ダ,1600.0,良,100.8,1.5,4-5,38.5,476.0,-19.0,サンエントジアスタ,
2020106512,メイショウミチロク,2025/07/26,高知,曇,3.0,C1ー6,12,5.0,5,56.0,6.0,11,城野慈尚,56.0,ダ,1400.0,重,93.5,2.2,12-12-11-11,40.7,495.0,5.0,ラグラスドシエル,
2020106512,メイショウミチロク,2025/07/13,高知,曇,7.0,C1ー4,12,8.0,12,72.3,8.0,11,城野慈尚,56.0,ダ,1400.0,不,93.3,2.7,6-7-7-11,40.9,490.0,-8.0,ディアセオリー,
2020106512,メイショウミチロク,2025/06/14,高知,雨,1.0,C1ー6,9,7.0,7,21.5,4.0,3,城野慈尚,55.0,ダ,1400.0,不,90.4,1.3,7-7-7-3,38.8,498.0,1.0,メイショウヒューマ,22.5
2020106512,メイショウミチロク,2025/06/01,高知,晴,3.0,C1ー7,9,7.0,7,28.8,4.0,5,仲原大生,57.0,ダ,1400.0,稍,91.8,1.0,3-3-3-3,40.3,497.0,0.0,デルマアートマン,9.0
2020106512,メイショウミチロク,2025/05/18,高知,曇,1.0,C1ー7,10,5.0,5,145.5,8.0,4,仲原大生,57.0,ダ,1300.0,不,82.2,1.4,5-5-6-5,38.4,497.0,5.0,モリデンアロー,13.5
2020106512,メイショウミチロク,2025/05/03,高知,晴,6.0,C1C2混合,9,7.0,7,103.4,6.0,6,多田羅誠,57.0,ダ,1400.0,不,92.3,1.5,7-7-6-5,39.6,492.0,-7.0,ナムラテディー,
2020106512,メイショウミチロク,2025/04/20,高知,曇,1.0,C1ー6,11,1.0,1,66.3,9.0,8,城野慈尚,55.0,ダ,1400.0,稍,93.3,3.2,10-10-10-9,40.4,499.0,1.0,ササヤキ,
2020106512,メイショウミチロク,2025/04/06,高知,晴,5.0,C1ー7,11,7.0,8,217.3,9.0,7,城野慈尚,55.0,ダ,1400.0,稍,93.6,1.3,10-10-10-10,40.6,498.0,-2.0,フユソウビ,
2020106512,メイショウミチロク,2025/03/26,高知,晴,6.0,C1ー6,10,7.0,8,36.0,6.0,9,城野慈尚,54.0,ダ,1600.0,良,110.4,2.3,10-10-10-10,41.3,500.0,8.0,レグナム,
2020106512,メイショウミチロク,2025/03/16,高知,晴,5.0,真鍋正人還暦記念特別(C2),6,8.0,8,35.9,5.0,4,城野慈尚,54.0,ダ,1400.0,不,91.7,1.5,6-6-6-5,38.9,492.0,-5.0,ツバクロ,10.5
2020106512,メイショウミチロク,2025/03/02,高知,小雨,9.0,ファイナルレース(C2),12,2.0,2,8.9,5.0,5,多田羅誠,56.0,ダ,1300.0,重,85.4,0.6,10-10-10-9,40.1,497.0,0.0,ブレーヴトライ,7.0
2020106512,メイショウミチロク,2025/02/16,高知,曇,6.0,C2ー2,7,6.0,6,23.1,5.0,4,多田羅誠,56.0,ダ,1600.0,重,108.3,1.6,7-7-7-5,40.6,497.0,-2.0,コスモメイゲツ,10.5
2020106512,メイショウミチロク,2025/02/09,高知,晴,9.0,ファイナルレース(C2),12,7.0,10,5.6,2.0,6,多田羅誠,56.0,ダ,1400.0,稍,94.6,0.7,8-9-9-10,41.3,499.0,-1.0,ナムラカメタロー,
2020106512,メイショウミチロク,2025/01/26,高知,晴,11.0,ファイナルレース(C2),12,6.0,8,8.7,6.0,4,多田羅誠,56.0,ダ,1400.0,良,94.8,0.7,12-12-10-8,40.9,500.0,-1.0,ヤマニンフェリクス,10.5
2020106512,メイショウミチロク,2025/01/19,高知,雨,6.0,C2ー2,11,6.0,7,44.5,9.0,5,多田羅誠,56.0,ダ,1400.0,稍,94.4,0.8,10-10-10-10,41.1,501.0,0.0,ヴィヴァムーン,7.0
2020106512,メイショウミチロク,2025/01/12,高知,晴,8.0,C2ー2,9,7.0,7,55.7,6.0,7,井上瑛太,56.0,ダ,1400.0,稍,96.0,2.7,6-6-6-8,43.9,501.0,1.0,ディベルティール,
2020106512,メイショウミチロク,2025/01/05,高知,晴,7.0,第3回びあんど特別(C2),9,2.0,2,55.5,7.0,8,多田羅誠,56.0,ダ,1300.0,良,87.8,1.8,9-9-8-7,41.1,500.0,6.0,ベルドラゴ,
2020106512,メイショウミチロク,2024/12/14,高知,晴,9.0,C2ー3,12,6.0,7,8.9,4.0,9,多田羅誠,56.0,ダ,1400.0,良,95.7,2.2,12-11-10-8,41.1,494.0,2.0,メイショウギガース,
2020106512,メイショウミチロク,2024/11/30,高知,晴,9.0,嬉さんお疲れ様特別(C2),11,2.0,2,4.5,3.0,9,多田羅誠,56.0,ダ,1400.0,稍,94.1,2.2,8-8-8-9,40.8,492.0,1.0,ナニーピオニー,
2020106512,メイショウミチロク,2024/07/27,高知,晴,5.0,まさゆきさん感謝特別(C2),12,8.0,12,13.3,5.0,1,多田羅誠,56.0,ダ,1400.0,良,92.4,0.0,3-3-4-2,40.9,491.0,-1.0,(ハチキンムスメ),70.0
2020106512,メイショウミチロク,2024/07/14,高知,雨,4.0,C2ー7,10,3.0,3,16.7,4.0,3,多田羅誠,56.0,ダ,1300.0,不,83.4,1.0,8-7-8-6,39.8,492.0,4.0,タイキマクスウェル,14.0
2020106512,メイショウミチロク,2024/06/29,高知,曇,5.0,C2ー6,12,6.0,7,88.3,8.0,3,岡村卓弥,56.0,ダ,1400.0,不,91.2,1.6,7-7-7-4,39.6,488.0,-3.0,レディーアーサー,14.0
2020106512,メイショウミチロク,2024/06/15,高知,曇,4.0,C2C3混合,12,3.0,3,24.2,6.0,9,岡村卓弥,56.0,ダ,1400.0,良,95.6,3.7,10-10-12-10,41.9,491.0,3.0,ダノンダンサー,
2020106512,メイショウミチロク,2024/06/01,高知,晴,3.0,C3ー2,12,2.0,2,10.8,4.0,4,岡村卓弥,56.0,ダ,1400.0,重,94.0,0.4,8-8-8-4,41.5,488.0,-6.0,ホルス,9.0
2020106512,メイショウミチロク,2024/02/20,高知,晴,4.0,C3ー4,9,2.0,2,6.4,4.0,1,吉原寛人,56.0,ダ,1300.0,不,84.3,-0.1,4-4-3-3,39.0,494.0,-11.0,(ウォーターレモン),60.0
2020106512,メイショウミチロク,2024/02/06,高知,晴,6.0,親父様ご生誕祭特別(C3),10,7.0,8,15.3,4.0,3,井上瑛太,56.0,ダ,1300.0,不,85.2,2.1,5-5-5-3,39.5,505.0,9.0,スカリーワグ,12.0
2020106512,メイショウミチロク,2024/01/30,高知,晴,6.0,C3ー2,8,7.0,7,8.4,5.0,3,岡村卓弥,56.0,ダ,1400.0,良,95.7,0.7,6-7-4-2,41.5,496.0,-1.0,グレイソニック,12.0
2020106512,メイショウミチロク,2024/01/16,高知,晴,4.0,C3ー4,11,5.0,5,2.7,1.0,3,多田羅誠,56.0,ダ,1400.0,良,96.2,0.6,9-9-9-8,41.8,497.0,5.0,ガレージドライブ,12.0
2020106512,メイショウミチロク,2024/01/08,高知,晴,4.0,シモバシラ特別(C3),8,1.0,1,20.2,5.0,5,多田羅誠,56.0,ダ,1600.0,良,110.1,1.7,6-6-6-5,42.1,492.0,-8.0,スズカゴーディー,11.0
2020106512,メイショウミチロク,2024/01/01,高知,晴,12.0,ファイナルレース(C3),11,2.0,2,6.5,3.0,1,多田羅誠,56.0,ダ,1400.0,重,92.1,-0.4,5-3-3-2,40.5,500.0,10.0,(ミオファースト),60.0
2020106512,メイショウミチロク,2023/12/16,高知,曇,3.0,高知県山茶花特別(C3),11,8.0,10,6.9,3.0,7,多田羅誠,56.0,ダ,1300.0,不,86.8,1.2,8-6-6-6,41.7,490.0,2.0,シャフトオブライト,
2020106512,メイショウミチロク,2023/12/02,高知,晴,4.0,矢野貴史勇退記念特別(C3),9,1.0,1,2.5,1.0,3,多田羅誠,56.0,ダ,1400.0,稍,93.9,0.7,3-2-3-2,41.7,488.0,4.0,チリセラーノ,12.0
2020106512,メイショウミチロク,2023/11/18,高知,曇,2.0,C3ー12,9,6.0,6,3.9,2.0,4,多田羅誠,56.0,ダ,1300.0,不,84.3,0.5,6-7-6-6,39.6,484.0,-17.0,ドウフォルス,9.0
2020106512,メイショウミチロク,2023/11/04,高知,晴,6.0,みっちゃんガンバ特別(C3),12,7.0,9,6.0,3.0,6,多田羅誠,56.0,ダ,1400.0,良,94.4,1.3,7-7-7-6,41.6,501.0,11.0,ダノンダンサー,
2020106512,メイショウミチロク,2023/10/22,高知,晴,6.0,第2回バルバル特別(C3),11,2.0,2,12.1,5.0,1,多田羅誠,56.0,ダ,1300.0,良,86.3,-0.5,5-4-5-1,40.7,490.0,-5.0,(スヴニールデジール),60.0
2020106512,メイショウミチロク,2023/10/08,高知,小雨,7.0,C3ー16,12,5.0,5,2.5,1.0,5,岡村卓弥,56.0,ダ,1400.0,重,94.4,1.4,10-10-9-9,41.5,495.0,3.0,ロンリープラネット,6.0
2020106512,メイショウミチロク,2023/09/02,3小倉7,曇,3.0,3歳未勝利,18,2.0,3,270.7,16.0,8,田中健,56.0,芝,1200.0,稍,69.6,0.9,17-13,34.7,492.0,7.0,レディメローラ,
2020106512,メイショウミチロク,2023/07/27,名古屋,晴,9.0,名古屋CCマスカット(3歳),10,7.0,7,5.7,3.0,3,河原田菜,52.0,ダ,1500.0,良,96.3,0.6,8-5-4,38.8,485.0,1.0,ゲッティン,22.0
2020106512,メイショウミチロク,2023/06/17,3阪神5,晴,6.0,3歳未勝利,16,5.0,9,110.7,11.0,8,田口貫太,53.0,ダ,1400.0,良,87.4,2.1,11-12,38.5,484.0,-9.0,ケイアイアニラ,
2020106512,メイショウミチロク,2023/05/10,笠松,晴,10.0,のぼり鮎特別(3歳),8,8.0,8,4.9,4.0,2,永島まな,53.0,ダ,1400.0,良,89.2,0.2,2-2-2,39.2,493.0,3.0,ローツェ,24.5
2020106512,メイショウミチロク,2023/04/09,2阪神6,晴,3.0,3歳未勝利,16,1.0,2,129.6,13.0,11,団野大成,56.0,ダ,1800.0,稍,117.4,2.6,3-3-3-4,40.5,490.0,0.0,ショーケン,
2020106512,メイショウミチロク,2023/03/19,2中京4,晴,3.0,3歳未勝利,16,1.0,2,136.1,11.0,9,角田大和,55.0,ダ,1400.0,重,86.0,1.4,10-8,37.4,490.0,0.0,ユイノイチゲキ,
2020106512,メイショウミチロク,2022/12/17,6阪神5,雨,7.0,2歳未勝利,18,7.0,13,396.9,17.0,14,大久保友,52.0,芝,1400.0,良,84.6,1.8,14-17,36.5,490.0,-6.0,マルクパージュ,
2020106512,メイショウミチロク,2022/12/03,6阪神1,晴,6.0,2歳新馬,15,1.0,1,189.4,15.0,12,太宰啓介,55.0,芝,1400.0,良,84.7,3.0,13-13,36.6,496.0,0.0,イリゼ,
2021105861,コスモベラエステラ,2026/07/21,盛岡,曇,2.0,C2二組,8,6.0,6,1.9,1.0,3.0,岩本怜,56.0,ダ,1400.0,良,87.8,0.4,4-4,38.5,473.0,-1.0,マサノビジョン,8.6
2021105861,コスモベラエステラ,2026/07/14,盛岡,曇,1.0,C2三組,11,8.0,11,9.3,5.0,2.0,岩本怜,56.0,ダ,1400.0,稍,87.5,0.2,7-6,38.4,474.0,-7.0,ディーノサンライズ,15.1
2021105861,コスモベラエステラ,2026/06/29,盛岡,晴,4.0,C2六組,8,6.0,6,15.8,5.0,2.0,鈴木祐,56.0,ダ,1200.0,良,73.8,0.5,8-7,36.0,481.0,6.0,マーゴットフェスタ,15.1
2021105861,コスモベラエステラ,2026/06/22,水沢,小雨,4.0,C2五組,10,5.0,5,11.5,3.0,8.0,坂井瑛音,55.0,ダ,1400.0,不,90.3,1.2,10-9-6-7,40.0,475.0,0.0,バスターショット,
2021105861,コスモベラエステラ,2026/06/15,水沢,曇,5.0,C2四組,11,8.0,10,55.5,7.0,6.0,小林凌,56.0,ダ,1300.0,稍,83.9,0.9,11-11-10-8,38.6,475.0,3.0,オメガジャスミン,
2021105861,コスモベラエステラ,2026/06/01,水沢,晴,5.0,C2四組,9,1.0,1,6.6,3.0,3.0,小林凌,56.0,ダ,1300.0,良,85.1,0.4,9-9-5-4,39.3,472.0,-8.0,エスカペード,8.6
2021105861,コスモベラエステラ,2026/05/26,盛岡,曇,1.0,C2三組,11,8.0,10,10.3,5.0,6.0,小林凌,56.0,ダ,1400.0,良,88.6,2.1,9-7,38.7,480.0,3.0,シアトルプリンセス,
2021105861,コスモベラエステラ,2026/05/18,盛岡,晴,5.0,C2四組,9,8.0,9,3.0,2.0,3.0,小林凌,56.0,ダ,1200.0,良,74.4,0.0,6-3,36.9,477.0,-3.0,メダツヤツ,8.6
2021105861,コスモベラエステラ,2026/05/11,盛岡,晴,4.0,C2五組,9,1.0,1,25.9,5.0,2.0,小林凌,56.0,ダ,1400.0,良,87.8,1.0,3-2,38.2,480.0,4.0,アドマイヤアーデル,15.1
2021105861,コスモベラエステラ,2026/05/05,盛岡,晴,3.0,C2六組,10,2.0,2,27.0,7.0,3.0,小林凌,56.0,ダ,1200.0,重,74.4,0.1,7-7,38.0,476.0,-2.0,キャビネットバトル,8.6
2021105861,コスモベラエステラ,2026/04/28,水沢,曇,3.0,C2七組,10,8.0,10,4.6,2.0,4.0,阿部英俊,56.0,ダ,1400.0,良,93.2,0.7,8-8-7-8,41.0,478.0,2.0,ナムラゴロフキン,5.6
2021105861,コスモベラエステラ,2026/04/20,水沢,晴,3.0,C2七組,10,5.0,5,25.8,7.0,3.0,阿部英俊,56.0,ダ,1300.0,良,85.9,0.1,8-8-6-4,40.2,476.0,4.0,カールルイコ,8.6
2021105861,コスモベラエステラ,2026/04/06,水沢,晴,4.0,C2六組,10,6.0,6,49.0,8.0,6.0,山本政聡,56.0,ダ,1300.0,稍,84.1,1.0,9-8-5-4,38.7,472.0,-3.0,セレスチャルホープ,
2021105861,コスモベラエステラ,2026/03/30,水沢,曇,5.0,C2五組,8,3.0,3,28.9,7.0,6.0,山本政聡,56.0,ダ,1400.0,稍,93.0,1.8,8-8-8-7,39.8,475.0,-1.0,ガビーズスピリット,
2021105861,コスモベラエステラ,2026/03/23,水沢,晴,5.0,C2五組,10,8.0,9,20.4,7.0,5.0,山本政聡,56.0,ダ,1300.0,良,86.8,1.5,10-10-8-6,39.6,476.0,-4.0,タワーリシチ,2.8
2021105861,コスモベラエステラ,2026/03/16,水沢,曇,4.0,C2六組,8,1.0,1,21.5,6.0,3.0,鈴木祐,56.0,ダ,1400.0,良,94.8,0.2,8-8-7-7,41.3,480.0,-3.0,メイショウユフイン,8.0
2021105861,コスモベラエステラ,2026/03/09,水沢,晴,5.0,C2五組,11,7.0,9,58.6,9.0,9.0,鈴木祐,56.0,ダ,1300.0,稍,86.8,1.5,11-11-9-10,40.4,483.0,3.0,ブレウディエス,
2021105861,コスモベラエステラ,2025/12/31,水沢,曇,2.0,C2三組,11,6.0,6,33.7,5.0,6.0,坂井瑛音,54.0,ダ,1400.0,重,90.7,1.6,9-9-7-6,40.2,480.0,7.0,アルファシリウス,
2021105861,コスモベラエステラ,2025/12/16,水沢,曇,3.0,C2二組,12,8.0,11,27.2,6.0,6.0,関本玲花,54.0,ダ,1400.0,重,89.5,1.1,9-9-9-7,39.0,473.0,-1.0,ピースワンジョケル,
2021105861,コスモベラエステラ,2025/12/10,水沢,曇,1.0,C2四組,9,3.0,3,6.9,4.0,2.0,鈴木祐,56.0,ダ,1400.0,不,89.5,0.5,9-8-3-2,39.0,474.0,3.0,ブトラゲーニョ,14.0
2021105861,コスモベラエステラ,2025/12/02,水沢,晴,1.0,C2四組,9,5.0,5,38.9,4.0,5.0,鈴木祐,56.0,ダ,1400.0,稍,92.0,1.4,8-7-6-4,40.3,471.0,1.0,ロッツオブプランズ,2.8
2021105861,コスモベラエステラ,2025/11/26,水沢,曇,1.0,C2四組,11,3.0,3,241.9,11.0,3.0,鈴木祐,56.0,ダ,1400.0,稍,91.4,0.4,10-9-9-7,39.0,470.0,5.0,シャイニーセンス,8.0
2021105861,コスモベラエステラ,2025/11/18,盛岡,晴,1.0,C2四組,9,2.0,2,179.6,8.0,8.0,鈴木祐,56.0,ダ,1400.0,稍,89.9,2.7,8-7,38.8,465.0,-6.0,ノワスティエ,
2021105861,コスモベラエステラ,2025/11/12,盛岡,晴,1.0,C2四組,10,8.0,10,155.3,9.0,9.0,鈴木祐,56.0,ダ,1400.0,良,90.0,2.0,5-6,39.1,471.0,-2.0,エウクレイア,
2021105861,コスモベラエステラ,2025/11/04,盛岡,晴,2.0,C2三組,9,8.0,9,473.0,8.0,8.0,阿部英俊,56.0,ダ,1400.0,稍,89.1,2.8,6-7,39.3,473.0,-5.0,アウフヴィント,
2021105861,コスモベラエステラ,2025/10/28,盛岡,曇,3.0,C2二組,10,4.0,4,130.7,9.0,9.0,関本玲花,54.0,ダ,1400.0,稍,89.2,2.3,8-8,39.7,478.0,5.0,メイショウトキイロ,
2021105861,コスモベラエステラ,2025/10/20,盛岡,曇,6.0,C1七組,11,1.0,1,37.5,7.0,8.0,関本玲花,54.0,ダ,1400.0,稍,89.3,2.6,10-10,38.2,473.0,1.0,アルシャンティ,
2021105861,コスモベラエステラ,2025/10/07,水沢,曇,7.0,C1十一組,10,3.0,3,128.0,10.0,8.0,鈴木祐,56.0,ダ,1400.0,稍,92.5,2.4,8-8-7-5,41.6,472.0,-2.0,ドリームパンジャ,
2021105861,コスモベラエステラ,2025/09/22,水沢,晴,8.0,C2五組,8,2.0,2,45.2,5.0,6.0,関本玲花,54.0,ダ,1400.0,稍,91.0,1.1,8-8-8-8,39.6,474.0,1.0,ティロワール,
2021105861,コスモベラエステラ,2025/09/15,水沢,曇,4.0,C2五組,10,1.0,1,39.0,6.0,5.0,阿部英俊,56.0,ダ,1300.0,稍,83.7,1.5,9-9-9-8,39.0,473.0,2.0,エンピリカルルール,2.8
2021105861,コスモベラエステラ,2025/09/01,盛岡,曇,5.0,C2四組,10,3.0,3,40.6,5.0,3.0,山本政聡,56.0,ダ,1200.0,良,75.7,1.7,8-7,36.9,471.0,-2.0,スタードラマー,8.0
2021105861,コスモベラエステラ,2025/08/26,盛岡,曇,4.0,C2二組,9,1.0,1,32.8,7.0,5.0,山本政聡,56.0,ダ,1400.0,良,89.3,1.2,7-8,38.7,473.0,0.0,セイウンアーテル,2.8
2021105861,コスモベラエステラ,2025/08/19,盛岡,晴,2.0,C2二組,9,4.0,4,10.5,5.0,5.0,山本政聡,56.0,ダ,1400.0,良,88.9,0.3,6-6,40.1,473.0,1.0,モズヤッパリネ,2.8
2021105861,コスモベラエステラ,2025/08/12,盛岡,曇,4.0,C2二組,11,7.0,8,24.2,7.0,5.0,山本政聡,56.0,ダ,1400.0,稍,89.1,0.7,10-9,37.4,472.0,-1.0,サクラマウ,2.8
2021105861,コスモベラエステラ,2025/07/29,盛岡,晴,4.0,C2二組,8,3.0,3,9.4,4.0,6.0,山本政聡,56.0,ダ,1400.0,良,88.6,0.8,7-7,38.0,473.0,-2.0,ライヴケチャップ,
2021105861,コスモベラエステラ,2025/07/22,盛岡,曇,2.0,C2二組,9,8.0,8,12.4,4.0,8.0,大坪慎,56.0,ダ,1400.0,良,90.0,1.7,9-8,37.9,475.0,-4.0,マーメイド,
2021105861,コスモベラエステラ,2025/07/15,盛岡,小雨,4.0,C2二組,8,6.0,6,3.4,2.0,5.0,大坪慎,56.0,ダ,1400.0,良,88.8,0.6,6-5,38.4,479.0,-2.0,チュウオウペット,2.8
2021105861,コスモベラエステラ,2025/07/08,盛岡,晴,2.0,C2三組,8,1.0,1,14.2,5.0,3.0,大坪慎,56.0,ダ,1400.0,良,88.3,0.2,8-7,38.8,481.0,9.0,オクシタニア,8.0
2021105861,コスモベラエステラ,2025/07/01,水沢,曇,1.0,C2三組,9,2.0,2,25.0,6.0,4.0,大坪慎,56.0,ダ,1400.0,良,91.1,1.3,9-9-8-6,38.9,472.0,1.0,パジャマパーティー,5.2
2021105861,コスモベラエステラ,2025/06/17,水沢,晴,3.0,C2一組,11,7.0,9,42.8,10.0,9.0,大坪慎,56.0,ダ,1400.0,良,91.3,2.0,9-9-9-9,40.2,471.0,-3.0,エールヴァーゲ,
2021105861,コスモベラエステラ,2025/06/10,水沢,曇,5.0,C2一組,10,8.0,9,88.6,9.0,4.0,大坪慎,56.0,ダ,1400.0,良,90.9,0.9,10-9-6-4,39.7,474.0,0.0,ローゼンモンターク,5.2
2021105861,コスモベラエステラ,2025/06/03,盛岡,曇,3.0,C2一組,9,7.0,7,190.2,9.0,2.0,大坪慎,56.0,ダ,1400.0,良,88.3,0.0,8-4,38.3,474.0,1.0,タイミングハート,14.0
2021105861,コスモベラエステラ,2025/05/27,盛岡,晴,3.0,C2一組,10,7.0,8,124.9,10.0,9.0,阿部英俊,56.0,ダ,1400.0,稍,90.1,1.4,10-9,39.3,473.0,-3.0,イイヒ,
2021105861,コスモベラエステラ,2025/05/20,盛岡,晴,9.0,C1三組,10,6.0,6,22.6,7.0,6.0,山本聡哉,56.0,ダ,1400.0,重,89.2,1.1,8-7,38.8,476.0,-5.0,インセプション,
2021105861,コスモベラエステラ,2025/05/06,盛岡,小雨,9.0,C1五組,12,4.0,4,23.2,9.0,5.0,山本聡哉,56.0,ダ,1400.0,稍,89.5,0.5,9-7,39.3,481.0,3.0,マグノリアレーン,3.5
2021105861,コスモベラエステラ,2025/04/28,水沢,曇,7.0,C1四組,11,8.0,10,209.2,10.0,9.0,塚本涼人,56.0,ダ,1400.0,良,93.7,3.1,10-10-10-10,41.3,478.0,4.0,マウリノ,
2021105861,コスモベラエステラ,2025/04/14,水沢,曇,10.0,ストロングゴールド賞(C1),11,6.0,6,114.5,10.0,8.0,阿部英俊,56.0,ダ,1400.0,不,90.5,0.6,10-10-10-10,38.4,474.0,6.0,ハルオーブ,
2021105861,コスモベラエステラ,2025/03/30,水沢,晴,10.0,浄土ヶ浜賞(C1),12,7.0,9,242.2,12.0,6.0,阿部英俊,56.0,ダ,1600.0,良,108.1,2.2,12-11-12-9,41.0,468.0,1.0,クトゥネシリカ,
2021105861,コスモベラエステラ,2025/03/17,水沢,雪,10.0,ガーベラ賞(C1),0,4.0,4,,,,塚本涼人,56.0,ダ,1600.0,不,,,,,,,,
2021105861,コスモベラエステラ,2024/12/30,水沢,晴,7.0,C1三組,12,6.0,7,75.2,10.0,10.0,塚本涼人,56.0,ダ,1400.0,不,89.7,1.5,12-12-12-9,38.3,467.0,3.0,ヤマニンビロー,
2021105861,コスモベラエステラ,2024/12/22,水沢,小雪,9.0,C1四組,10,7.0,8,43.4,10.0,7.0,山本聡哉,56.0,ダ,1600.0,不,105.7,3.4,9-9-9-9,40.1,464.0,0.0,ティラージュ,
2021105861,コスモベラエステラ,2024/12/09,水沢,曇,11.0,ふるさと納税は奥州市(C1),10,7.0,7,82.9,10.0,9.0,阿部英俊,56.0,ダ,1400.0,不,90.6,1.7,8-7-6-8,39.5,464.0,-3.0,ジャヴァネ,
2021105861,コスモベラエステラ,2024/11/25,水沢,晴,9.0,C1二組,12,2.0,2,49.7,6.0,9.0,山本聡哉,56.0,ダ,1600.0,稍,107.9,3.0,12-12-11-11,40.0,467.0,-12.0,ファルギュラント,
2021105861,コスモベラエステラ,2024/10/29,園田,雨,9.0,C1二,11,6.0,6,48.5,6.0,10.0,井上幹太,56.0,ダ,1400.0,稍,97.8,4.4,10-10-10-10,43.5,479.0,-1.0,タルタロス,
2021105861,コスモベラエステラ,2024/10/17,園田,晴,12.0,C2,12,6.0,8,108.2,10.0,10.0,土方颯太,53.0,ダ,1870.0,良,129.2,3.7,9-10-9-9,43.5,480.0,11.0,ケーヴァラ,
2021105861,コスモベラエステラ,2024/09/20,園田,晴,7.0,C2二,11,5.0,5,7.4,4.0,7.0,杉浦健太,55.0,ダ,1400.0,良,95.2,2.4,8-8-5-6,41.8,469.0,-1.0,エイシンジェット,
2021105861,コスモベラエステラ,2024/09/04,園田,晴,12.0,C2,12,4.0,4,1.4,1.0,8.0,吉村智洋,55.0,ダ,1700.0,良,118.2,2.0,6-6-7-7,43.5,470.0,6.0,マリヨンヌ,
2021105861,コスモベラエステラ,2024/08/11,2中京2,晴,3.0,3歳未勝利,18,4.0,8,9.5,5.0,9.0,吉村誠之,54.0,芝,2000.0,良,119.5,0.9,16-11-9-9,35.7,464.0,-2.0,レディーヴァリュー,
2021105861,コスモベラエステラ,2024/07/20,3小倉7,曇,2.0,3歳未勝利,16,3.0,5,10.1,3.0,3.0,吉村誠之,54.0,芝,1800.0,稍,108.9,0.0,13-13-9-7,37.4,466.0,6.0,ナムライリス,140.0
2021105861,コスモベラエステラ,2024/06/29,3小倉1,曇,4.0,3歳未勝利,15,6.0,12,42.4,10.0,4.0,吉村誠之,54.0,芝,1800.0,良,109.3,0.3,14-14-6-5,36.6,460.0,10.0,サダメ,83.0
2021105861,コスモベラエステラ,2024/03/16,1中京3,晴,4.0,3歳未勝利,12,7.0,9,12.1,5.0,8.0,横山武史,57.0,芝,2000.0,良,121.9,2.3,9-9-9-9,36.8,450.0,-2.0,コルレオニス,
2021105861,コスモベラエステラ,2024/03/03,2小倉8,晴,5.0,3歳未勝利,12,4.0,4,7.4,3.0,2.0,丹内祐次,57.0,芝,2000.0,稍,124.8,0.4,10-7-1-1,36.1,452.0,-10.0,ホウオウリムジン,220.0
2021105861,コスモベラエステラ,2024/02/10,2京都5,曇,5.0,3歳未勝利,12,5.0,5,3.4,1.0,7.0,坂井瑠星,57.0,芝,2000.0,良,123.7,1.2,9-10-9-10,35.5,462.0,-4.0,テーオーダグラス,
2021105861,コスモベラエステラ,2024/01/21,1中山7,小雨,6.0,3歳新馬,17,8.0,15,6.3,4.0,4.0,石川裕紀,57.0,芝,2000.0,不,128.3,0.4,9-9-8-8,37.4,466.0,0.0,レッドテリオス,93.0
2020102354,クリノサクセス,2026/07/14,盛岡,曇,3.0,C2一組,12,3.0,3,135.1,10.0,12,山本聡紀,54.0,ダ,1400.0,稍,89.5,3.2,1-7,40.4,458.0,8.0,マーゴットフェスタ,
2020102354,クリノサクセス,2026/07/06,盛岡,曇,8.0,C1五組,10,5.0,5,52.7,10.0,9,山本聡紀,54.0,ダ,1400.0,良,89.2,2.5,1-2,41.0,450.0,2.0,トントンプー,
2020102354,クリノサクセス,2026/06/22,水沢,小雨,8.0,C1,10,2.0,2,42.9,9.0,10,山本聡紀,54.0,ダ,1400.0,不,90.9,2.6,7-7-9-8,40.6,448.0,-10.0,ヤマショウクイーン,
2020102354,クリノサクセス,2026/05/26,盛岡,曇,6.0,C1,11,7.0,9,157.6,11.0,11,南郷家全,54.0,ダ,1400.0,良,88.7,3.5,10-11,38.7,458.0,-6.0,ソルエストレーラ,
2020102354,クリノサクセス,2026/05/12,盛岡,晴,8.0,C1,11,3.0,3,59.2,9.0,5,南郷家全,54.0,ダ,1400.0,良,87.8,0.7,7-5,39.0,464.0,6.0,ロックオブソシジ,3.5
2020102354,クリノサクセス,2026/04/27,水沢,曇,10.0,C1,10,1.0,1,16.1,4.0,4,南郷家全,54.0,ダ,1400.0,稍,92.4,2.8,4-3-4-4,42.3,458.0,-2.0,ロングウッド,6.5
2020102354,クリノサクセス,2026/04/14,水沢,晴,9.0,C1,12,2.0,2,17.6,7.0,4,南郷家全,54.0,ダ,1400.0,良,91.5,0.4,5-5-5-4,40.7,460.0,-2.0,ヴィグルズマン,6.5
2020102354,クリノサクセス,2026/03/31,水沢,雨,7.0,C1,10,5.0,5,16.0,4.0,4,高松亮,54.0,ダ,1400.0,不,88.7,1.2,5-5-5-4,38.8,462.0,2.0,アラック,6.5
2020102354,クリノサクセス,2026/03/17,水沢,晴,8.0,C1,11,7.0,9,8.0,5.0,5,関本玲花,52.0,ダ,1400.0,良,92.8,1.1,3-3-3-2,41.7,460.0,-8.0,クロマツミッチー,3.5
2020102354,クリノサクセス,2025/12/31,水沢,曇,4.0,C2一組,12,3.0,3,88.0,10.0,3,南郷家全,54.0,ダ,1400.0,重,89.1,0.5,7-7-9-7,39.0,468.0,-1.0,ロングウッド,8.0
2020102354,クリノサクセス,2025/12/23,水沢,晴,4.0,C2一組,11,5.0,6,154.5,11.0,5,南郷家全,54.0,ダ,1400.0,重,89.8,0.9,3-3-3-4,39.9,469.0,-10.0,アクアリッズ,2.8
2020102354,クリノサクセス,2025/12/16,水沢,曇,4.0,C2一組,12,6.0,8,26.1,9.0,7,南郷家全,54.0,ダ,1400.0,重,89.1,1.1,11-12-9-10,37.5,479.0,12.0,ロッツオブプランズ,
2020102354,クリノサクセス,2025/12/02,水沢,曇,4.0,C2一組,10,8.0,9,38.4,6.0,2,南郷家全,54.0,ダ,1400.0,稍,90.3,0.1,3-3-3-2,39.4,467.0,-5.0,エクセレントマン,14.0
2020102354,クリノサクセス,2025/11/26,水沢,曇,2.0,C2三組,11,5.0,5,9.5,4.0,1,南郷家全,54.0,ダ,1400.0,稍,91.0,-0.2,5-5-4-4,39.7,472.0,-1.0,(マルケイフォルテ),40.0
2020102354,クリノサクセス,2025/11/18,盛岡,晴,1.0,C2四組,9,8.0,8,11.5,5.0,3,菅原辰徳,54.0,ダ,1400.0,稍,88.8,1.6,2-3,39.6,473.0,0.0,ノワスティエ,8.0
2020102354,クリノサクセス,2025/11/04,盛岡,晴,1.0,C2四組,9,6.0,6,36.7,4.0,6,菅原辰徳,54.0,ダ,1400.0,稍,88.5,2.0,3-5,39.8,473.0,1.0,クラインシュミット,
2020102354,クリノサクセス,2025/10/27,盛岡,曇,3.0,C2五組,9,6.0,6,5.8,2.0,2,菅原辰徳,54.0,ダ,1200.0,稍,74.3,0.7,2-2,37.0,472.0,14.0,カイトリヒト,14.0
2020102354,クリノサクセス,2025/10/20,盛岡,曇,5.0,C2四組,10,8.0,9,21.4,5.0,6,菅原辰徳,54.0,ダ,1400.0,稍,87.8,0.8,3-3,38.6,458.0,-13.0,マグナドムス,
2020102354,クリノサクセス,2025/10/07,水沢,曇,1.0,C2四組,9,7.0,7,96.2,8.0,5,高橋悠里,54.0,ダ,1400.0,稍,91.2,1.6,5-5-6-6,40.7,471.0,3.0,ドラマツルギー,2.8
2020102354,クリノサクセス,2025/09/21,水沢,晴,4.0,C2八組,9,8.0,9,14.0,6.0,2,佐々木志,54.0,ダ,1300.0,重,83.3,0.5,3-3-2-2,39.7,468.0,7.0,クロマツミッチー,14.0
2020102354,クリノサクセス,2025/09/07,盛岡,小雨,2.0,C2八組,11,6.0,7,13.2,4.0,3,高橋悠里,54.0,ダ,1200.0,稍,74.8,1.2,4-3,36.9,461.0,5.0,セイシークエンス,8.0
2020102354,クリノサクセス,2025/08/31,盛岡,晴,2.0,C2九組,8,2.0,2,54.5,6.0,4,佐々木志,54.0,ダ,1200.0,良,74.9,1.7,4-4,37.7,456.0,5.0,コンバットグランデ,5.2
2020102354,クリノサクセス,2025/08/19,盛岡,晴,8.0,B2,10,7.0,7,120.2,10.0,10,佐々木志,54.0,ダ,1400.0,良,89.9,2.8,10-10,39.0,451.0,4.0,ラスダシャン,
2020102354,クリノサクセス,2025/07/22,盛岡,晴,5.0,B2,9,6.0,6,253.3,9.0,8,佐々木志,54.0,ダ,1400.0,良,89.8,2.0,4-7,39.6,447.0,4.0,コンチトーホク,
2020102354,クリノサクセス,2025/07/08,盛岡,晴,10.0,B2,10,4.0,4,229.8,10.0,8,佐々木志,54.0,ダ,1400.0,良,88.9,2.0,8-9,39.2,443.0,0.0,クイーンカード,
2020102354,クリノサクセス,2025/06/22,水沢,曇,9.0,奥中山高原賞(B2),12,8.0,11,147.2,10.0,12,佐々木志,54.0,ダ,1400.0,良,93.3,4.4,8-10-11-12,42.2,443.0,-10.0,フスカル,
2020102354,クリノサクセス,2025/06/08,水沢,曇,10.0,魁三国志大戦リリース(B2),11,6.0,7,217.2,11.0,11,佐々木志,54.0,ダ,1400.0,良,93.0,2.7,11-11-11-11,40.9,453.0,6.0,ピラヴロス,
2020102354,クリノサクセス,2025/05/27,盛岡,晴,11.0,B1,10,4.0,4,33.4,8.0,6,佐々木志,54.0,ダ,1200.0,良,76.0,2.2,10-10,38.2,447.0,9.0,ティンダルナイン,
2020102354,クリノサクセス,2025/05/03,盛岡,晴,8.0,B1B2混合,11,5.0,5,280.8,11.0,5,佐々木志,55.0,ダ,1200.0,重,75.8,2.0,11-11,38.5,438.0,-2.0,ララモンストル,5.6
2020102354,クリノサクセス,2025/04/08,水沢,雨,10.0,B1,10,2.0,2,59.9,8.0,10,及川裕一,54.0,ダ,1400.0,良,95.5,5.4,9-10-10-10,43.0,440.0,5.0,グラフィアスレディ,
2020102354,クリノサクセス,2025/03/11,水沢,晴,10.0,B1二組,9,7.0,8,,,取,鈴木祐,54.0,ダ,1600.0,良,,,,,,,スノーパトロール,
2020102354,クリノサクセス,2025/01/30,名古屋,晴,1.0,C14組,10,3.0,3,16.4,6.0,10,丸野勝虎,54.0,ダ,920.0,良,59.0,2.2,7,38.3,435.0,-4.0,コヴィーニャ,
2020102354,クリノサクセス,2025/01/17,名古屋,晴,5.0,C12組,10,4.0,4,21.1,6.0,9,宮下瞳,52.0,ダ,1500.0,良,101.0,1.8,1-3-3,41.6,439.0,-3.0,ゼンダンヤマト,
2020102354,クリノサクセス,2025/01/06,名古屋,雨,3.0,C12組,11,8.0,11,9.1,3.0,7,岡部誠,54.0,ダ,920.0,稍,57.5,1.5,7,37.3,442.0,-9.0,オイデメセ,
2020102354,クリノサクセス,2024/12/06,名古屋,晴,1.0,C7組,12,5.0,5,6.0,3.0,9,岡部誠,54.0,ダ,1400.0,良,93.0,1.7,1-1-3,40.1,451.0,-15.0,ロアー,
2020102354,クリノサクセス,2024/11/22,名古屋,曇,8.0,C8組,11,1.0,1,,,取,岡部誠,54.0,ダ,1500.0,良,,,,,,,サイレントヴォイス,
2020102354,クリノサクセス,2024/11/14,名古屋,曇,1.0,C8組,12,4.0,4,10.2,6.0,4,丸野勝虎,54.0,ダ,920.0,良,57.3,1.0,5,37.6,466.0,-14.0,カルデア,7.5
2020102354,クリノサクセス,2024/10/18,名古屋,小雨,6.0,C11組,12,4.0,4,23.7,4.0,4,加藤聡一,54.0,ダ,1500.0,良,97.7,1.9,1-3-4,40.9,480.0,2.0,ミヤビモルタル,7.5
2020102354,クリノサクセス,2024/09/18,名古屋,晴,5.0,C9組,11,7.0,9,1.5,1.0,2,岡部誠,54.0,ダ,1400.0,良,91.3,0.5,2-2-2,40.2,478.0,-3.0,セオグランジ,17.5
2020102354,クリノサクセス,2024/09/03,名古屋,曇,4.0,C10組,12,4.0,4,1.8,1.0,3,岡部誠,54.0,ダ,1500.0,稍,98.2,0.2,1-1-1,40.4,481.0,5.0,パヴァーヌ,10.0
2020102354,クリノサクセス,2024/08/20,名古屋,曇,4.0,C12組,10,6.0,6,1.8,1.0,2,岡部誠,54.0,ダ,1500.0,不,99.6,0.8,1-1-1,39.7,476.0,-2.0,スカーレットハニー,17.5
2020102354,クリノサクセス,2024/08/06,名古屋,晴,4.0,C13組,12,5.0,6,1.3,1.0,5,宮下瞳,52.0,ダ,1500.0,良,99.6,0.9,2-2-2,41.0,478.0,19.0,ヴェクトライズ,5.0
2020102354,クリノサクセス,2023/11/02,名古屋,晴,7.0,祝とみずし41周年記(C),12,5.0,5,1.7,1.0,1,岡部誠,54.0,ダ,1500.0,良,96.8,-0.2,7-7-5,39.3,459.0,2.0,(リュウノエルヴィス),45.0
2020102354,クリノサクセス,2023/10/05,名古屋,曇,4.0,C14組,12,8.0,11,3.7,3.0,2,岡部誠,54.0,ダ,1500.0,重,97.1,0.9,2-2-3,40.6,457.0,0.0,サイモンブーケ,15.8
2020102354,クリノサクセス,2023/09/05,名古屋,晴,6.0,3歳7組,11,8.0,11,6.7,3.0,1,丸野勝虎,54.0,ダ,1500.0,良,96.5,-0.7,4-4-3,38.8,457.0,-5.0,(タマモマイホーム),46.0
2020102354,クリノサクセス,2023/08/25,名古屋,晴,4.0,3歳13組,10,1.0,1,7.0,3.0,1,岡部誠,54.0,ダ,1500.0,不,97.0,-0.2,1-1-1,39.3,462.0,12.0,(カロッテフリオーソ),46.0
2020102354,クリノサクセス,2023/07/16,3中京6,晴,6.0,3歳未勝利,15,7.0,13,188.7,14.0,10,和田翼,54.0,芝,2000.0,良,122.9,2.0,1-1-2-3,37.6,450.0,-2.0,ルソルティール,
2020102354,クリノサクセス,2023/07/02,3中京2,晴,4.0,3歳未勝利,18,4.0,8,428.6,18.0,12,和田翼,54.0,芝,1400.0,稍,83.3,2.7,11-12,37.4,452.0,-6.0,スイミーユニバンス,
2020102354,クリノサクセス,2023/06/10,3阪神3,晴,3.0,3歳未勝利,16,4.0,8,205.4,13.0,14,和田翼,54.0,芝,1200.0,良,70.7,2.7,14-15,34.4,458.0,2.0,ニシノコウダイ,
2020102354,クリノサクセス,2023/03/25,2阪神1,曇,1.0,3歳未勝利,16,7.0,13,98.0,13.0,14,和田翼,54.0,ダ,1200.0,重,75.6,3.2,12-12,38.1,456.0,-6.0,レディフォース,
2020102354,クリノサクセス,2023/01/22,1中京8,晴,6.0,3歳新馬,16,1.0,2,76.4,11.0,13,松岡正海,54.0,芝,1600.0,良,97.6,1.7,1-4-4,36.3,462.0,0.0,ハートループ,
2016103493,マサノビジョン,2026/07/21,盛岡,曇,2.0,C2二組,8,2.0,2,34.1,7.0,1,塚本涼人,56.0,ダ,1400.0,良,87.4,-0.1,1-1,38.8,485.0,7.0,(オウケンアマゾネス),43.0
2016103493,マサノビジョン,2026/07/06,盛岡,曇,8.0,C1五組,10,6.0,6,20.7,7.0,10,塚本涼人,56.0,ダ,1400.0,良,89.5,2.8,6-7,40.3,478.0,1.0,トントンプー,
2016103493,マサノビジョン,2026/06/23,水沢,曇,9.0,C1六組,10,3.0,3,35.0,8.0,9,塚本涼人,56.0,ダ,1400.0,重,90.0,2.4,8-8-10-10,40.2,477.0,-4.0,キッカケ,
2016103493,マサノビジョン,2026/06/09,水沢,曇,11.0,C1三組,11,4.0,4,32.6,5.0,7,塚本涼人,56.0,ダ,1400.0,重,90.0,2.0,7-7-6-7,39.3,481.0,-1.0,ハツナギ,
2016103493,マサノビジョン,2026/05/26,盛岡,曇,11.0,C1二組,11,4.0,4,81.9,8.0,7,塚本涼人,56.0,ダ,1400.0,良,88.0,1.2,4-6,38.6,482.0,-2.0,ヒメカミノメガミ,
2016103493,マサノビジョン,2026/05/06,盛岡,晴,3.0,C2一組,9,1.0,1,17.7,4.0,3,塚本涼人,56.0,ダ,1400.0,稍,87.4,1.2,3-3,39.0,484.0,-5.0,ワガンセ,8.6
2016103493,マサノビジョン,2026/04/29,水沢,曇,2.0,C2三組,9,8.0,8,3.2,2.0,1,塚本涼人,56.0,ダ,1400.0,稍,91.3,0.0,6-7-1-2,41.2,489.0,3.0,(オメガジャスミン),43.0
2016103493,マサノビジョン,2026/04/14,水沢,晴,2.0,C2三組,10,8.0,9,3.7,2.0,4,塚本涼人,56.0,ダ,1400.0,良,91.4,1.3,4-4-3-4,40.8,486.0,2.0,オールウェズキズナ,5.6
2016103493,マサノビジョン,2026/04/06,水沢,晴,5.0,C2五組,11,1.0,1,18.6,4.0,2,塚本涼人,56.0,ダ,1300.0,稍,83.0,0.1,3-4-4-3,38.6,484.0,0.0,ラブラブバゴバゴ,15.1
2016103493,マサノビジョン,2026/03/30,水沢,曇,5.0,C2五組,8,1.0,1,4.7,2.0,4,塚本涼人,56.0,ダ,1400.0,稍,91.8,0.6,4-4-5-4,40.7,484.0,-8.0,ガビーズスピリット,5.2
2016103493,マサノビジョン,2026/03/17,水沢,曇,2.0,C2三組,7,4.0,4,4.0,3.0,6,塚本涼人,56.0,ダ,1400.0,良,93.7,2.3,4-3-3-6,43.1,492.0,6.0,ミライヘノシンゲキ,
2016103493,マサノビジョン,2026/03/08,水沢,曇,4.0,C2八組,10,1.0,1,1.7,1.0,1,村上忍,56.0,ダ,1300.0,稍,84.9,-0.9,3-3-3-2,40.5,486.0,6.0,(フォルテッシモダイ),40.0
2016103493,マサノビジョン,2025/12/23,水沢,曇,9.0,B2三組,10,7.0,8,89.5,10.0,9,塚本涼人,56.0,ダ,1600.0,重,104.1,2.1,7-7-7-9,39.9,480.0,-1.0,オロスコピオ,
2016103493,マサノビジョン,2025/12/10,水沢,曇,10.0,B2二組,11,3.0,3,219.9,10.0,6,塚本涼人,56.0,ダ,1600.0,不,103.8,1.5,8-7-9-8,40.0,481.0,4.0,トントンプー,
2016103493,マサノビジョン,2025/11/24,水沢,曇,7.0,B2二組,10,8.0,9,55.9,7.0,9,塚本涼人,56.0,ダ,1600.0,良,106.3,2.8,3-3-5-7,41.9,477.0,-6.0,マチカゼ,
2016103493,マサノビジョン,2025/11/10,盛岡,曇,8.0,B2二組,11,6.0,6,82.3,8.0,8,塚本涼人,56.0,ダ,1600.0,稍,101.7,2.2,4-5,40.1,483.0,-2.0,ネオネオモッズ,
2016103493,マサノビジョン,2025/10/26,盛岡,小雨,9.0,B2一組,9,6.0,6,179.3,7.0,7,塚本涼人,56.0,ダ,1600.0,稍,102.3,1.6,3-6,40.6,485.0,4.0,ジョリーロジャー,
2016103493,マサノビジョン,2025/10/14,盛岡,曇,11.0,ペガスス賞(B2),11,7.0,8,175.2,11.0,9,村上忍,56.0,ダ,1600.0,良,101.5,1.8,6-7,40.1,481.0,3.0,ベラジオホープ,
2016103493,マサノビジョン,2025/09/28,水沢,曇,11.0,マリーゴールド賞(B2),10,4.0,4,40.5,6.0,9,塚本涼人,56.0,ダ,1600.0,良,108.2,1.6,2-2-3-5,42.8,478.0,0.0,バイアメ,
2016103493,マサノビジョン,2025/09/16,水沢,晴,11.0,B1二組,12,3.0,3,43.0,10.0,9,高松亮,56.0,ダ,1600.0,稍,104.5,2.2,4-4-7-7,40.4,478.0,0.0,クリコマ,
2016103493,マサノビジョン,2025/09/02,盛岡,曇,12.0,SPAT4プレミアム(B1),11,6.0,7,50.7,11.0,10,塚本涼人,56.0,ダ,1600.0,不,100.8,2.2,3-7,39.5,478.0,4.0,ツアーモデル,
2016103493,マサノビジョン,2025/08/18,盛岡,晴,9.0,B2一組,9,7.0,7,36.4,7.0,5,塚本涼人,56.0,ダ,1600.0,稍,101.4,0.2,1-2,38.4,474.0,-4.0,サムズアップ,4.2
2016103493,マサノビジョン,2025/08/05,盛岡,晴,7.0,B2二組,9,4.0,4,8.8,3.0,4,塚本涼人,56.0,ダ,1600.0,不,99.5,0.4,2-2,38.8,478.0,5.0,ヤマニンビロー,7.8
2016103493,マサノビジョン,2025/07/20,盛岡,晴,11.0,夢・希望未来へ前進(B2),9,5.0,5,138.8,9.0,5,塚本涼人,56.0,ダ,1600.0,良,101.9,2.2,1-3,39.3,473.0,2.0,ラストマン,4.2
2016103493,マサノビジョン,2025/07/07,盛岡,晴,12.0,ジュライC(B2),9,6.0,6,48.1,7.0,9,塚本涼人,56.0,ダ,1600.0,良,101.4,2.0,1-2,40.3,471.0,0.0,ウイニングライブ,
2016103493,マサノビジョン,2025/06/24,水沢,晴,12.0,夢・希望未来へ前進(B2),11,7.0,8,42.3,9.0,11,塚本涼人,56.0,ダ,1600.0,稍,106.1,3.5,4-5-6-10,43.5,471.0,-6.0,メイショウタニカゼ,
2016103493,マサノビジョン,2025/06/10,水沢,曇,10.0,B1二組,10,5.0,5,41.9,7.0,7,塚本涼人,56.0,ダ,1600.0,良,104.3,1.8,2-2-2-4,41.5,477.0,-4.0,アダマスミノル,
2016103493,マサノビジョン,2025/05/27,盛岡,晴,9.0,B1二組,11,2.0,2,31.7,7.0,10,塚本涼人,56.0,ダ,1600.0,良,102.3,2.7,5-8,40.8,481.0,0.0,マウリノ,
2016103493,マサノビジョン,2025/05/12,盛岡,曇,10.0,ハイドランジア賞(B2),7,2.0,2,4.8,2.0,4,塚本涼人,56.0,ダ,1600.0,重,100.6,0.4,1-1,38.7,481.0,-3.0,アーリーレッグ,7.8
2016103493,マサノビジョン,2025/05/05,盛岡,晴,9.0,B2一組,10,7.0,8,8.5,4.0,1,塚本涼人,56.0,ダ,1600.0,稍,101.1,-0.3,1-1,39.5,484.0,1.0,(ビヨンドボーダーズ),60.0
2016103493,マサノビジョン,2025/04/21,水沢,晴,9.0,B2二組,11,1.0,1,4.4,3.0,5,塚本涼人,56.0,ダ,1600.0,稍,105.1,1.4,4-4-5-6,41.1,483.0,-8.0,ナリノバロン,4.2
2016103493,マサノビジョン,2025/04/13,水沢,小雨,11.0,C1一組,11,7.0,8,1.9,1.0,2,塚本涼人,56.0,ダ,1600.0,良,105.6,0.1,2-2-2-2,40.5,491.0,4.0,トミケンプラセール,17.5
2016103493,マサノビジョン,2025/03/29,水沢,曇,10.0,C1一組,12,5.0,6,2.7,2.0,1,塚本涼人,56.0,ダ,1600.0,稍,105.5,-0.3,2-2-1-1,39.9,487.0,2.0,(アナザークイーン),50.0
2016103493,マサノビジョン,2025/03/18,水沢,晴,3.0,C2一組,8,8.0,8,2.3,1.0,1,塚本涼人,56.0,ダ,1400.0,不,88.0,-0.6,2-2-2-1,38.7,485.0,0.0,(ドナマギー),40.0
2016103493,マサノビジョン,2025/03/10,水沢,晴,4.0,C2五組,10,5.0,5,1.4,1.0,1,塚本涼人,56.0,ダ,1300.0,稍,83.7,-0.1,3-3-2-2,39.7,485.0,-7.0,(ヤマショウクイーン),40.0
2016103493,マサノビジョン,2025/02/12,高知,雨,6.0,C1ー4,12,1.0,1,189.1,11.0,8,加藤翔馬,56.0,ダ,1400.0,重,93.5,1.5,4-5-6-6,40.3,492.0,1.0,ハルノサムソン,
2016103493,マサノビジョン,2025/02/05,高知,晴,9.0,ファイナルレース(C1),12,5.0,6,21.4,9.0,8,加藤翔馬,56.0,ダ,1300.0,重,87.0,0.9,5-5-5-6,41.5,491.0,3.0,アウタースペース,
2016103493,マサノビジョン,2025/01/29,高知,晴,6.0,C1ー4,8,1.0,1,152.9,7.0,7,中島龍也,56.0,ダ,1400.0,稍,94.5,2.1,5-5-5-5,41.7,488.0,-3.0,ミシェラドラータ,
2016103493,マサノビジョン,2025/01/22,高知,晴,9.0,ファイナルレース(C1),11,8.0,11,55.3,11.0,10,城野慈尚,53.0,ダ,1600.0,良,113.7,3.6,7-7-9-10,44.0,491.0,4.0,ノイジーアプローチ,
2016103493,マサノビジョン,2025/01/15,高知,晴,7.0,安田晃人生誕特別(C1),12,6.0,7,128.9,10.0,8,中島龍也,56.0,ダ,1400.0,良,95.2,2.5,4-4-4-5,43.3,487.0,-6.0,アルママ,
2016103493,マサノビジョン,2025/01/08,高知,晴,10.0,ファイナルレース(C1),11,8.0,11,13.1,8.0,9,城野慈尚,53.0,ダ,1600.0,稍,111.5,1.6,2-2-2-5,42.1,493.0,4.0,サバンナモンキー,
2016103493,マサノビジョン,2024/12/29,高知,晴,6.0,C1ー4,10,4.0,4,149.6,8.0,6,城野慈尚,53.0,ダ,1400.0,良,94.2,1.9,6-6-5-3,40.9,489.0,-2.0,タマモマスラオ,
2016103493,マサノビジョン,2024/12/15,高知,晴,2.0,C1ー4,12,2.0,2,154.3,11.0,5,城野慈尚,53.0,ダ,1400.0,良,94.0,1.4,4-4-4-4,41.1,491.0,0.0,モズパシュート,9.0
2016103493,マサノビジョン,2024/12/01,高知,晴,5.0,佐野利浩還暦祝い特別(C1),10,4.0,4,143.0,9.0,6,城野慈尚,53.0,ダ,1300.0,稍,85.2,1.9,5-5-7-7,40.3,491.0,7.0,ウインザナドゥ,
2016103493,マサノビジョン,2024/11/17,高知,晴,7.0,C1ー4,11,7.0,8,96.2,9.0,7,岡村卓弥,56.0,ダ,1600.0,重,107.6,1.6,10-10-9-8,41.3,484.0,-1.0,ボルネオ,
2016103493,マサノビジョン,2024/11/03,高知,晴,4.0,C1ー4,12,4.0,4,132.5,11.0,11,林謙佑,56.0,ダ,1400.0,不,93.3,3.3,8-8-10-11,41.8,485.0,1.0,アプサラー,
2016103493,マサノビジョン,2024/10/20,高知,晴,8.0,C1ー3,11,3.0,3,279.9,9.0,9,林謙佑,56.0,ダ,1300.0,稍,86.3,2.0,9-10-10-9,40.4,484.0,0.0,ローズプリンスダム,
2016103493,マサノビジョン,2024/10/06,高知,晴,6.0,C1ー4,11,8.0,11,122.6,8.0,8,畑中信司,56.0,ダ,1400.0,重,92.8,3.2,5-6-6-8,42.0,484.0,0.0,レディオガガ,
2016103493,マサノビジョン,2024/09/23,高知,晴,12.0,ファイナルレース(C1),10,6.0,7,8.2,5.0,4,林謙佑,56.0,ダ,1400.0,重,92.8,0.9,1-1-1-1,41.4,484.0,5.0,ロングウッド,13.5
2016103493,マサノビジョン,2024/09/08,高知,晴,7.0,C1ー4,9,6.0,6,313.0,9.0,8,林謙佑,56.0,ダ,1400.0,良,93.3,2.6,4-4-4-5,41.8,479.0,-2.0,グランリージェント,
2016103493,マサノビジョン,2024/07/28,高知,晴,7.0,C1ー4,11,7.0,9,110.4,8.0,8,林謙佑,56.0,ダ,1600.0,良,109.3,3.2,5-5-5-9,42.6,481.0,4.0,レディオガガ,
2016103493,マサノビジョン,2024/07/15,高知,曇,12.0,ファイナルレース(C1),12,6.0,7,27.9,11.0,3,林謙佑,56.0,ダ,1400.0,不,90.2,0.3,5-5-5-4,40.0,477.0,-5.0,リンガスウォリアー,18.0
2016103493,マサノビジョン,2024/06/30,高知,曇,6.0,C1ー4,10,3.0,3,109.1,9.0,9,阿部基嗣,53.0,ダ,1300.0,不,85.2,2.2,5-5-6-7,40.8,482.0,2.0,ブーケオブアイリス,
2016103493,マサノビジョン,2024/06/16,高知,晴,12.0,ファイナルレース(C1),12,7.0,9,22.4,11.0,12,阿部基嗣,53.0,ダ,1400.0,良,95.2,3.4,6-6-6-11,42.9,480.0,1.0,ボマライン,
2016103493,マサノビジョン,2024/06/02,高知,晴,7.0,あゆみ誕生日記念特別(C1),9,5.0,5,160.0,8.0,7,畑中信司,56.0,ダ,1400.0,重,94.2,3.7,2-2-3-6,42.6,479.0,0.0,アードラー,
2016103493,マサノビジョン,2024/05/19,高知,雨,7.0,廣瀬大士部長就任特別(C1),12,7.0,9,230.4,10.0,11,城野慈尚,53.0,ダ,1300.0,重,85.7,3.7,5-5-6-9,41.1,479.0,-2.0,デルマベルセブブ,
2016103493,マサノビジョン,2024/05/06,高知,雨,7.0,C1ー4,9,1.0,1,28.8,5.0,5,井上瑛太,56.0,ダ,1400.0,不,90.4,1.3,6-6-6-6,39.4,481.0,5.0,ルヴァンヴェール,9.0
2016103493,マサノビジョン,2024/04/21,高知,雨,8.0,マリアージュは特別(C1),11,1.0,1,38.2,8.0,4,阿部基嗣,53.0,ダ,1400.0,不,90.4,1.5,5-5-4-3,39.5,476.0,-2.0,ゲンパチレオニダス,13.5
2016103493,マサノビジョン,2024/04/07,高知,曇,6.0,C1ー5,11,7.0,9,42.1,6.0,5,阿部基嗣,53.0,ダ,1400.0,重,91.9,1.4,2-2-6-6,40.2,478.0,-7.0,ネオブレイブ,9.0
2016103493,マサノビジョン,2024/03/24,高知,雨,9.0,C2ー2,11,8.0,11,24.1,6.0,1,阿部基嗣,53.0,ダ,1400.0,不,90.6,-0.6,1-1-1-1,39.6,485.0,4.0,(モズマンジロウ),70.0
2016103493,マサノビジョン,2024/03/17,高知,雨,7.0,中国四国の酪農応援賞(C2),6,1.0,1,102.6,6.0,6,阿部基嗣,53.0,ダ,1600.0,不,107.6,2.3,4-4-4-6,40.6,481.0,-2.0,ロードレイライン,
2016103493,マサノビジョン,2024/03/03,高知,晴,8.0,啓蟄特別(C2),9,7.0,7,34.9,5.0,5,中島龍也,56.0,ダ,1600.0,重,108.0,2.2,5-5-6-7,41.4,483.0,3.0,サンマルーン,13.0
2016103493,マサノビジョン,2024/02/25,高知,曇,8.0,雨水特別(C2),11,1.0,1,178.6,9.0,4,阿部基嗣,53.0,ダ,1300.0,不,83.5,2.1,5-5-7-6,39.4,480.0,-2.0,フリーウィーリング,19.5
2016103493,マサノビジョン,2024/02/18,高知,晴,7.0,ひかり潤爆誕記念特別(C2),8,3.0,3,23.6,4.0,4,阿部基嗣,53.0,ダ,1400.0,稍,95.5,3.0,4-5-5-6,42.5,482.0,-1.0,スヴニールデジール,10.5
2016103493,マサノビジョン,2024/02/04,高知,曇,7.0,C2ー2,10,7.0,7,5.9,3.0,4,阿部基嗣,53.0,ダ,1400.0,不,91.4,1.6,4-4-4-3,40.9,483.0,-6.0,リトルパイングッド,10.5
2016103493,マサノビジョン,2024/01/25,笠松,晴,10.0,真冬日特別(A),8,1.0,1,67.8,8.0,8,加藤聡一,55.0,ダ,1600.0,重,106.2,4.5,4-7-8,43.0,489.0,1.0,スペシャルトーク,
2016103493,マサノビジョン,2024/01/12,笠松,曇,5.0,令和6年能登半島地震(A),6,4.0,4,58.8,6.0,6,吉本隆記,56.0,ダ,1400.0,良,89.3,1.8,5-6-6,38.4,488.0,-2.0,チュウワエース,
2016103493,マサノビジョン,2023/12/31,笠松,曇,11.0,大晦日特別(A),8,1.0,1,8.8,4.0,8,吉本隆記,56.0,ダ,1600.0,稍,105.0,1.9,4-5-5,40.3,490.0,3.0,タイガーアチーヴ,
2016103493,マサノビジョン,2023/12/08,笠松,晴,12.0,冬萌特別(A),7,2.0,2,33.7,4.0,5,大原浩司,56.0,ダ,1600.0,良,104.1,1.2,4-6-7,39.3,487.0,0.0,エイシンガネーシャ,4.7
2016103493,マサノビジョン,2023/11/21,笠松,晴,9.0,馬産地日高特別(A),7,6.0,6,10.4,6.0,1,松本剛志,56.0,ダ,1600.0,良,103.7,-0.5,1-1-1,39.4,487.0,1.0,(ピューリファイ),80.0
2016103493,マサノビジョン,2023/11/08,笠松,晴,9.0,コンフォーコ特別(A),6,3.0,3,19.9,4.0,5,渡辺竜也,56.0,ダ,1600.0,良,105.9,3.6,4-5-5,42.4,486.0,3.0,チュウワエース,4.7
2016103493,マサノビジョン,2023/10/27,笠松,雨,12.0,錦秋特別(A),8,5.0,5,8.4,4.0,6,渡辺竜也,56.0,ダ,1400.0,良,91.0,1.8,3-3-3,40.4,483.0,6.0,ダイセンハッピー,
2016103493,マサノビジョン,2023/07/21,笠松,晴,11.0,ハイビスカスOP(A),9,3.0,3,41.6,6.0,9,渡辺竜也,55.0,ダ,1600.0,良,104.7,3.4,4-6-7,40.8,477.0,1.0,コウイチ,
2016103493,マサノビジョン,2023/07/06,笠松,晴,11.0,乗鞍短距離特別(A),8,7.0,7,5.6,4.0,6,今井貴大,55.0,ダ,1400.0,良,89.5,0.9,2-3-3,39.9,476.0,-3.0,ネオトリニティー,
2016103493,マサノビジョン,2023/06/09,笠松,晴,10.0,恵那峡特別(A),9,6.0,6,19.4,6.0,1,渡辺竜也,56.0,ダ,1400.0,稍,89.4,-0.7,2-1-1,39.0,479.0,2.0,(ヴァーツラフ),95.0
2016103493,マサノビジョン,2023/05/26,笠松,曇,11.0,木曽三川特別(A),9,8.0,9,14.3,6.0,8,保園翔也,55.0,ダ,1600.0,良,104.6,2.9,6-6-8,41.1,477.0,-2.0,クリノライメイ,
2016103493,マサノビジョン,2023/05/12,笠松,晴,10.0,金華山特別(A),8,1.0,1,10.9,5.0,3,渡辺竜也,56.0,ダ,1600.0,良,103.0,0.6,1-1-2,39.5,479.0,-1.0,ナリノクリスティー,19.0
2016103493,マサノビジョン,2023/03/23,笠松,雨,8.0,合同会社オフィスイト(A),7,1.0,1,3.1,2.0,2,渡辺竜也,56.0,ダ,1400.0,稍,90.8,0.0,1-1-1,40.3,480.0,-2.0,ユウヒノプリンス,13.5
2016103493,マサノビジョン,2023/03/09,笠松,曇,8.0,夢見月賞(A),8,8.0,8,14.4,4.0,3,保園翔也,56.0,ダ,1400.0,良,90.2,1.0,5-4-3,38.4,482.0,-2.0,ラブアンバジョ,6.8
2016103493,マサノビジョン,2023/02/23,笠松,晴,7.0,まーちん&競輪小僧来(A),7,7.0,7,4.4,3.0,3,高野誠毅,56.0,ダ,1600.0,良,105.8,0.4,1-1-1,42.1,484.0,-2.0,アリオンダンス,6.8
2016103493,マサノビジョン,2023/02/10,笠松,雨,6.0,猫柳賞(A),8,7.0,7,15.4,6.0,1,高野誠毅,56.0,ダ,1600.0,重,104.9,-0.2,2-1-1,39.8,486.0,3.0,(アリオンダンス),45.0
2016103493,マサノビジョン,2023/01/24,笠松,曇,10.0,六花賞(A),7,3.0,3,14.3,6.0,5,高野誠毅,56.0,ダ,1600.0,良,106.3,0.6,1-1-1,40.3,483.0,-4.0,ウインリベルタ,2.2
2016103493,マサノビジョン,2023/01/13,笠松,曇,8.0,姫烏頭特別(A),8,8.0,8,8.6,6.0,7,高野誠毅,56.0,ダ,1400.0,良,90.8,1.0,2-2-2,40.6,487.0,4.0,ビルボードクィーン,
2016103493,マサノビジョン,2022/12/09,笠松,晴,9.0,冬芽賞(A),8,7.0,7,3.9,3.0,1,高野誠毅,56.0,ダ,1600.0,良,104.3,-0.5,3-1-1,39.7,483.0,0.0,(パッドゥラパン),45.0
2016103493,マサノビジョン,2022/11/29,笠松,雨,6.0,アンカツ出演WEB予(A),6,1.0,1,3.9,3.0,2,高野誠毅,56.0,ダ,1600.0,不,104.2,0.3,1-1-1,38.6,483.0,1.0,ヒシハムザリバー,12.0
2016103493,マサノビジョン,2022/11/17,笠松,晴,11.0,錦秋賞(A),8,2.0,2,29.9,5.0,4,渡辺竜也,56.0,ダ,1600.0,良,104.3,0.4,4-5-4,39.6,482.0,0.0,ヴィエノワズリー,4.5
2016103493,マサノビジョン,2022/11/02,笠松,晴,6.0,A5組,6,3.0,3,3.6,3.0,3,渡辺竜也,56.0,ダ,1400.0,稍,90.6,0.4,2-1-2,39.4,482.0,3.0,ミスティネイル,6.0
2016103493,マサノビジョン,2022/10/21,笠松,晴,8.0,みずがめ座賞(A),7,4.0,4,7.0,4.0,3,渡辺竜也,56.0,ダ,1600.0,良,105.2,1.4,4-2-2,41.7,479.0,7.0,トーセンヴァレリ,6.8
2016103493,マサノビジョン,2022/10/05,笠松,曇,11.0,栗きんとん特別(B),10,1.0,1,6.2,4.0,2,渡辺竜也,56.0,ダ,1400.0,良,90.9,0.2,2-3-3,40.6,472.0,-4.0,ヴィエノワズリー,18.0
2016103493,マサノビジョン,2022/09/23,笠松,雨,8.0,岐阜信用金庫笠松支店(A),6,1.0,1,2.9,2.0,5,渡辺竜也,56.0,ダ,1400.0,不,91.0,0.9,2-2-2,41.1,476.0,5.0,タイセイグリード,2.2
2016103493,マサノビジョン,2022/09/09,笠松,晴,9.0,新涼特別(A),5,3.0,3,3.1,2.0,2,渡辺竜也,56.0,ダ,1400.0,稍,89.2,0.6,1-1-3,38.6,471.0,-2.0,ヤマニンパジャッソ,18.0
2016103493,マサノビジョン,2022/08/26,笠松,晴,7.0,笠松けいば金曜日ライ(AB),5,2.0,2,3.7,3.0,2,渡辺竜也,57.0,ダ,1400.0,稍,88.6,0.3,1-1-1,38.7,473.0,3.0,マイネルホイッスル,13.5
2016103493,マサノビジョン,2022/07/28,笠松,晴,7.0,千日紅特別(A),5,2.0,2,5.0,4.0,4,渡辺竜也,56.0,ダ,1400.0,良,90.7,1.7,1-4-4,40.1,470.0,-3.0,ジオルティ,6.0
2016103493,マサノビジョン,2022/07/14,笠松,曇,9.0,乗鞍短距離特別(AB),7,1.0,1,2.5,1.0,5,今井貴大,57.0,ダ,1400.0,良,92.3,1.8,3-3-4,40.6,473.0,-6.0,ナラ,3.0
2016103493,マサノビジョン,2022/04/22,大井,晴,7.0,C2二三,12,1.0,1,30.2,6.0,12,町田直希,56.0,ダ,1600.0,不,105.0,4.0,4-4-3-4,42.2,479.0,-3.0,スウィング,
2016103493,マサノビジョン,2022/04/01,大井,晴,4.0,C2一二三(C2二),0,8.0,11,,,,町田直希,56.0,ダ,1600.0,不,,,,,,,,
2016103493,マサノビジョン,2022/03/11,大井,晴,5.0,八ツ瀬川賞(C2),14,5.0,8,21.7,8.0,10,町田直希,56.0,ダ,1600.0,良,103.4,0.9,3-3-3-3,41.6,482.0,-1.0,コスモコンクエスト,
2016103493,マサノビジョン,2022/02/11,大井,晴,6.0,C2一二三(C2二),10,8.0,10,7.5,5.0,6,藤本現暉,56.0,ダ,1600.0,不,103.1,1.3,4-4-4-4,40.6,483.0,1.0,ニシノトランザム,
2016103493,マサノビジョン,2022/01/28,大井,晴,7.0,C2一二三(C2二),10,1.0,1,5.0,3.0,6,藤本現暉,56.0,ダ,1600.0,良,104.5,0.8,3-3-2-2,40.9,482.0,-1.0,ブルベアナノ,
2016103493,マサノビジョン,2021/12/27,大井,晴,10.0,SPAT4賞競走(C1),15,5.0,10,34.7,10.0,14,真島大輔,56.0,ダ,1700.0,稍,111.6,2.9,1-1-1-1,41.9,483.0,6.0,リュミエール,
2016103493,マサノビジョン,2021/09/06,大井,曇,10.0,1991マークカード(C1C2),15,5.0,8,5.8,3.0,14,笹川翼,57.0,ダ,1700.0,重,111.9,1.8,9-10-8-10,42.0,477.0,3.0,ホクトローリー,
2016103493,マサノビジョン,2021/08/04,大井,晴,10.0,いるか座特別競走(C1),11,7.0,8,6.0,3.0,2,笹川翼,56.0,ダ,1800.0,良,115.3,0.2,1-1-1-1,39.0,474.0,2.0,コラゾンデオロ,80.0
2016103493,マサノビジョン,2021/07/15,大井,晴,8.0,C1三四,9,7.0,7,3.6,2.0,4,真島大輔,56.0,ダ,1600.0,稍,102.4,0.8,5-5-5-5,40.1,472.0,-1.0,ギルランディーナ,18.0
2016103493,マサノビジョン,2021/06/11,大井,晴,6.0,C1一二三(C1二),14,3.0,4,5.4,2.0,8,真島大輔,56.0,ダ,1600.0,良,103.4,1.5,5-5-4-5,40.6,473.0,-7.0,フォルデュラン,
2016103493,マサノビジョン,2021/05/20,大井,雨,8.0,C1四五,12,5.0,6,2.3,1.0,1,真島大輔,56.0,ダ,1600.0,重,101.6,-1.4,3-3-1-1,40.0,480.0,-3.0,(マクトゥーブ),120.0
2016103493,マサノビジョン,2021/04/28,大井,曇,9.0,C1六七八(C1七),13,3.0,3,17.5,5.0,2,真島大輔,56.0,ダ,1600.0,良,102.8,0.3,3-3-4-3,38.7,483.0,-7.0,ドナブライドル,48.0
2016103493,マサノビジョン,2021/01/19,笠松,,11.0,風花特別(B),0,6.0,6,,,,渡辺竜也,56.0,ダ,1400.0,,,,,,,,,
2016103493,マサノビジョン,2020/12/28,笠松,晴,11.0,寒凪特別(B),9,7.0,7,11.4,3.0,5,渡辺竜也,56.0,ダ,1800.0,良,119.1,1.0,5-5-7-5,39.6,490.0,0.0,サンライズフルメン,2.2
2016103493,マサノビジョン,2020/12/14,笠松,晴,10.0,銀嶺特別(B),8,3.0,3,2.5,2.0,2,水野翔,56.0,ダ,1400.0,良,88.1,0.9,4-2-2,38.4,490.0,2.0,タイガーストライプ,10.2
2016103493,マサノビジョン,2020/11/30,笠松,晴,9.0,いろり火賞(B),9,6.0,6,1.8,1.0,1,水野翔,56.0,ダ,1400.0,良,88.4,-0.5,6-3-1,37.8,488.0,-1.0,(ペイシャルナ),34.0
2016103493,マサノビジョン,2020/11/02,笠松,雨,10.0,錦秋特別(B),8,4.0,4,2.4,2.0,2,水野翔,56.0,ダ,1600.0,良,102.9,0.8,3-2-2,39.1,489.0,-1.0,カッシーニ,10.2
2016103493,マサノビジョン,2020/10/21,笠松,晴,8.0,サラ系B4組,8,5.0,5,1.5,1.0,1,水野翔,56.0,ダ,1600.0,良,103.6,-2.2,3-2-1,40.0,490.0,-3.0,(マーメイドモアナ),26.0
2016103493,マサノビジョン,2020/10/08,笠松,雨,11.0,ヒガンバナ賞(B),9,7.0,7,4.6,2.0,2,水野翔,56.0,ダ,1600.0,不,103.2,0.1,2-2-1,38.8,493.0,18.0,ウインクルジニー,6.0
2016103493,マサノビジョン,2020/06/15,笠松,曇,9.0,白馬岳賞(B),10,7.0,7,14.8,4.0,5,高木健,56.0,ダ,1600.0,良,103.4,2.5,6-4-3,39.7,475.0,2.0,ヒルノデンハーグ,1.7
2016103493,マサノビジョン,2020/06/03,笠松,曇,12.0,サラ系A4・B3組特(AB),12,8.0,12,26.1,8.0,2,高木健,56.0,ダ,1400.0,良,88.7,0.2,4-5-1,39.1,473.0,-3.0,シゲルグリンダイヤ,8.3
2016103493,マサノビジョン,2020/05/20,笠松,晴,12.0,飛水峡特別(B),11,4.0,4,36.7,6.0,9,高木健,56.0,ダ,1400.0,良,89.2,1.5,1-1-3,40.1,476.0,-4.0,ナラ,
2016103493,マサノビジョン,2020/04/28,笠松,晴,9.0,サラ系B4組,8,8.0,8,13.5,6.0,1,高木健,56.0,ダ,1400.0,良,88.4,-0.2,3-3-3,37.9,480.0,-1.0,(ライトリー),26.0
2016103493,マサノビジョン,2020/04/15,笠松,晴,6.0,サラ系B5組,9,1.0,1,5.3,2.0,8,高木健,56.0,ダ,1400.0,良,92.4,4.0,1-1-3,43.6,481.0,7.0,プラピルーン,
2016103493,マサノビジョン,2020/04/02,笠松,晴,5.0,サラ系B4組,0,7.0,7,,,除,高木健,56.0,ダ,1600.0,重,,,,,478.0,4.0,,
2016103493,マサノビジョン,2020/03/04,笠松,雨,7.0,サラ系B4組,10,7.0,8,2.4,1.0,9,水野翔,56.0,ダ,1400.0,良,90.6,2.0,4-3-4,40.6,474.0,2.0,グレイトデピュティ,
2016103493,マサノビジョン,2020/02/17,笠松,晴,9.0,白梅賞(B),9,7.0,7,7.7,3.0,3,渡辺竜也,56.0,ダ,1600.0,稍,102.6,0.7,5-5-4,38.5,472.0,2.0,オクラ,3.4
2016103493,マサノビジョン,2020/01/24,笠松,晴,8.0,流氷賞(C),9,4.0,4,1.7,1.0,1,水野翔,56.0,ダ,1600.0,稍,102.9,-0.1,3-1-1,39.3,470.0,-5.0,(マイウェイカイ),28.0
2016103493,マサノビジョン,2020/01/10,笠松,晴,12.0,ことぶき特別(C),9,3.0,3,12.8,5.0,2,水野翔,56.0,ダ,1600.0,良,103.5,0.3,2-1-1,40.9,475.0,-1.0,オクシー,7.9
2016103493,マサノビジョン,2019/12/31,笠松,晴,5.0,りん&くっか笠松愛馬(C),8,4.0,4,2.4,1.0,1,水野翔,56.0,ダ,1400.0,重,88.0,-0.4,1-1-1,38.2,476.0,9.0,(タケノクラウン),20.0
2016103493,マサノビジョン,2019/12/05,笠松,曇,6.0,サラ系C6組,9,4.0,4,2.9,1.0,6,川島正太,56.0,ダ,1600.0,稍,104.3,0.6,2-1-1,40.4,467.0,-4.0,カルチョ,
2016103493,マサノビジョン,2019/11/22,笠松,曇,10.0,中山七里特別(C),8,4.0,4,7.5,3.0,3,水野翔,56.0,ダ,1600.0,良,105.8,1.0,1-1-1,39.7,471.0,3.0,イッツザファースト,2.8
2016103493,マサノビジョン,2019/11/07,笠松,曇,9.0,せせらぎ賞(C),10,8.0,10,1.4,1.0,1,水野翔,56.0,ダ,1400.0,良,90.1,-0.1,2-2-1,40.5,468.0,10.0,(ノスケアマゾン),20.0
2016103493,マサノビジョン,2019/10/10,笠松,晴,11.0,北アルプス特別(3歳),8,2.0,2,14.8,6.0,5,水野翔,56.0,ダ,1600.0,良,103.9,1.2,2-2-1,39.4,458.0,-4.0,ドリームパーリオ,2.2
2016103493,マサノビジョン,2019/09/26,笠松,晴,7.0,リンドウ賞(3歳),8,1.0,1,5.7,3.0,4,渡辺竜也,56.0,ダ,1400.0,良,90.1,0.8,1-1-3,40.9,462.0,6.0,タイセイグリード,2.4
2016103493,マサノビジョン,2019/08/25,2新潟10,晴,12.0,3歳以上1勝クラス,15,8.0,14,372.8,15.0,11,山田敬士,51.0,ダ,1200.0,稍,73.5,2.6,6-6,38.5,456.0,0.0,ヒイナヅキ,
2016103493,マサノビジョン,2019/06/23,3東京8,曇,12.0,3歳以上1勝クラス,16,7.0,14,169.1,16.0,15,小林凌大,51.0,ダ,1400.0,重,87.0,3.6,4-5,38.6,456.0,-13.0,パイロジェン,
2016103493,マサノビジョン,2019/02/20,笠松,晴,7.0,雨水特別(3歳),8,5.0,5,1.5,1.0,2,佐藤友則,56.0,ダ,1400.0,重,90.3,0.2,5-2-2,40.0,469.0,-2.0,ワイエススカイ,10.2
2016103493,マサノビジョン,2019/02/06,笠松,晴,8.0,スズナ特別(3歳),9,2.0,2,6.8,3.0,2,渡辺竜也,56.0,ダ,1400.0,稍,89.3,0.3,1-1-1,37.8,471.0,0.0,フォアフロント,10.2
2016103493,マサノビジョン,2019/01/16,名古屋,晴,11.0,新春ペガサスC(重賞),12,8.0,11,9.2,3.0,5,佐藤友則,56.0,ダ,1600.0,良,106.2,1.4,4-4-5,39.4,471.0,1.0,アンタエウス,12.5
2016103493,マサノビジョン,2018/12/30,笠松,晴,11.0,ターコイズ賞(2歳),10,2.0,2,1.2,1.0,1,佐藤友則,55.0,ダ,1400.0,稍,89.3,0.0,1-1-1,39.4,470.0,-1.0,(マグマミキサー),41.0
2016103493,マサノビジョン,2018/12/14,笠松,晴,2.0,サラ系2歳4組,9,6.0,6,4.8,3.0,1,佐藤友則,55.0,ダ,1400.0,良,87.8,-0.3,1-1-1,38.4,471.0,7.0,(レジア),38.0
2016103493,マサノビジョン,2018/11/04,5京都2,曇,3.0,2歳未勝利,10,1.0,1,456.6,10.0,8,鮫島良太,55.0,ダ,1400.0,良,88.8,2.3,10-10,39.3,464.0,-4.0,コパノマーティン,
2016103493,マサノビジョン,2018/10/27,4京都8,晴,1.0,2歳未勝利,14,8.0,13,272.7,14.0,10,鮫島良太,55.0,ダ,1400.0,稍,88.9,3.7,13-13,38.9,468.0,-6.0,メイショウショウブ,
2016103493,マサノビジョン,2018/10/13,4京都4,晴,1.0,2歳未勝利,10,8.0,9,78.3,8.0,9,鮫島良太,55.0,ダ,1800.0,良,118.0,2.1,7-7-9-9,41.2,474.0,8.0,トイガー,
2016103493,マサノビジョン,2018/07/07,3中京3,曇,5.0,2歳新馬,11,4.0,4,41.8,8.0,8,和田竜二,54.0,芝,1400.0,重,85.2,1.6,9-9,36.7,466.0,0.0,アヴァンティスト,
2017101400,サウンドヒーロー,2026/07/21,盛岡,曇,3.0,C2一組,9,4.0,4,8.9,2.0,7,高橋悠里,56.0,ダ,1400.0,良,88.4,1.9,6-7,38.5,463.0,0.0,トリプルバレル,
2017101400,サウンドヒーロー,2026/07/14,盛岡,曇,3.0,C2一組,12,6.0,8,21.0,5.0,3,高橋悠里,56.0,ダ,1400.0,稍,87.3,1.0,10-10,37.5,463.0,-6.0,マーゴットフェスタ,8.6
2017101400,サウンドヒーロー,2026/07/07,盛岡,晴,1.0,C2三組,10,7.0,7,11.9,7.0,2,菅原辰徳,56.0,ダ,1400.0,良,87.4,0.3,8-4,38.4,469.0,-1.0,ロイエ,15.1
2017101400,サウンドヒーロー,2026/06/30,盛岡,晴,3.0,C2三組,11,5.0,5,28.7,8.0,8,佐々木志,56.0,ダ,1400.0,良,88.0,1.6,11-11,38.7,470.0,-3.0,パワームーブ,
2017101400,サウンドヒーロー,2026/06/23,水沢,曇,2.0,C2二組,10,3.0,3,72.1,10.0,8,山本聡紀,56.0,ダ,1400.0,不,88.7,0.8,10-10-10-10,39.1,473.0,4.0,ヤマノマタカ,
2017101400,サウンドヒーロー,2026/06/16,水沢,晴,3.0,C2一組,10,6.0,6,78.1,9.0,6,佐々木志,56.0,ダ,1400.0,良,91.1,1.3,10-10-10-9,39.6,469.0,-3.0,アークフロリナ,
2017101400,サウンドヒーロー,2026/06/09,水沢,曇,6.0,C1,11,6.0,6,26.2,9.0,8,山本政聡,56.0,ダ,1400.0,不,89.9,1.9,6-6-8-10,40.4,472.0,4.0,マルケイフォルテ,
2017101400,サウンドヒーロー,2026/05/24,盛岡,小雨,10.0,奥中山高原賞(C1),11,6.0,6,70.8,9.0,5,山本政聡,56.0,ダ,1400.0,稍,87.6,0.8,6-6,38.5,468.0,4.0,ゴールドハーディス,3.5
2017101400,サウンドヒーロー,2026/05/10,盛岡,晴,7.0,C1,12,2.0,2,32.9,7.0,8,山本政聡,56.0,ダ,1400.0,稍,88.3,1.6,11-8,38.4,464.0,-13.0,ロードアブソルート,
2017101400,サウンドヒーロー,2026/04/27,水沢,曇,9.0,C1,10,3.0,3,16.3,6.0,6,山本政聡,56.0,ダ,1400.0,稍,92.8,1.9,8-9-9-9,41.3,477.0,0.0,ヴィクトリアランド,
2017101400,サウンドヒーロー,2026/04/14,水沢,晴,8.0,C1,12,7.0,10,23.5,7.0,5,山本政聡,56.0,ダ,1400.0,良,92.6,0.9,7-8-9-9,41.5,477.0,-1.0,サクラトップラン,3.5
2017101400,サウンドヒーロー,2026/03/31,水沢,雨,6.0,C1,10,7.0,8,19.8,6.0,7,高橋悠里,56.0,ダ,850.0,重,52.3,1.2,3-5,37.4,478.0,-1.0,ロベルタカリーナ,
2017101400,サウンドヒーロー,2025/12/21,水沢,曇,9.0,B2,12,6.0,8,51.8,10.0,8,高橋悠里,56.0,ダ,1400.0,重,90.4,1.1,9-10-10-8,40.3,479.0,10.0,ホイッスルソング,
2017101400,サウンドヒーロー,2025/11/25,水沢,曇,10.0,B2,12,7.0,10,26.8,6.0,8,高橋悠里,56.0,ダ,1400.0,稍,91.6,2.4,10-12-12-12,39.7,469.0,4.0,フューチャーアゲン,
2017101400,サウンドヒーロー,2025/11/10,盛岡,曇,6.0,B2,8,6.0,6,26.2,8.0,3,高橋悠里,56.0,ダ,1200.0,稍,74.9,0.9,8-8,37.3,465.0,-2.0,タカマキフォー,12.0
2017101400,サウンドヒーロー,2025/10/27,盛岡,小雨,10.0,クレマチス賞(B2),12,8.0,12,130.0,11.0,9,村上忍,56.0,ダ,1400.0,稍,88.3,1.8,8-11,38.9,467.0,3.0,コスモモカ,
2017101400,サウンドヒーロー,2025/09/12,園田,曇,6.0,C3一,10,8.0,10,17.4,6.0,6,井上幹太,57.0,ダ,1400.0,稍,95.1,2.1,3-3-4-6,42.6,464.0,-2.0,ピエナフェリーチェ,
2017101400,サウンドヒーロー,2025/08/29,園田,晴,6.0,C2二,10,7.0,7,100.8,9.0,6,井上幹太,57.0,ダ,1400.0,良,93.9,0.8,1-1-2-4,42.3,466.0,3.0,インタールード,
2017101400,サウンドヒーロー,2025/08/14,園田,晴,1.0,パカっと楽しむ夏の一(C2),12,1.0,1,237.2,12.0,11,井上幹太,57.0,ダ,1400.0,良,95.9,3.4,4-3-8-11,43.0,463.0,-1.0,ペイシャツネ,
2017101400,サウンドヒーロー,2025/07/30,園田,晴,6.0,C2二,10,8.0,10,90.2,9.0,10,井上幹太,57.0,ダ,1400.0,良,94.1,1.5,4-5-7-8,41.2,464.0,-1.0,モンサンオブライト,
2017101400,サウンドヒーロー,2025/07/10,園田,晴,6.0,C2二,10,7.0,8,54.9,7.0,10,井上幹太,57.0,ダ,1400.0,良,94.8,2.7,3-3-5-8,43.3,465.0,3.0,ヨシノリッキー,
2017101400,サウンドヒーロー,2025/06/27,園田,晴,8.0,ダリア賞C2二,7,2.0,2,11.0,5.0,2,井上幹太,57.0,ダ,1400.0,稍,94.2,0.1,1-1-1-2,42.0,462.0,-6.0,オノマトペ,28.0
2017101400,サウンドヒーロー,2025/06/06,園田,曇,6.0,C2二,12,5.0,5,44.8,7.0,6,井上幹太,57.0,ダ,1400.0,良,94.3,1.9,9-9-9-9,41.1,468.0,6.0,リッチハンター,
2017101400,サウンドヒーロー,2025/05/21,園田,曇,6.0,C2二,12,8.0,12,123.8,9.0,3,井上幹太,57.0,ダ,1400.0,良,94.0,0.3,1-1-1-1,41.9,462.0,-3.0,オーシンエンジェル,17.5
2017101400,サウンドヒーロー,2025/04/16,園田,曇,3.0,C3二,12,2.0,2,33.5,7.0,1,米玉利燕,54.0,ダ,820.0,稍,52.3,0.0,5-3,37.7,465.0,4.0,(カッテミル),60.0
2017101400,サウンドヒーロー,2025/03/19,園田,曇,2.0,C3二,12,5.0,5,9.7,4.0,7,田野豊三,56.0,ダ,1400.0,重,97.2,1.6,9-9-3-6,43.0,461.0,3.0,メイショウアレス,
2017101400,サウンドヒーロー,2025/02/24,姫路,晴,6.0,C3一,10,7.0,8,32.5,6.0,10,廣瀬航,56.0,ダ,1400.0,良,96.2,2.5,1-1-9-9,41.5,458.0,-4.0,ライトピラー,
2017101400,サウンドヒーロー,2025/02/12,姫路,雨,4.0,晩稲7ハロンC3二,11,8.0,12,6.6,4.0,4,田野豊三,56.0,ダ,1400.0,良,95.5,0.3,2-2-3-3,42.0,462.0,1.0,ボールザマホーニー,8.4
2017101400,サウンドヒーロー,2025/01/22,姫路,晴,3.0,C3一,10,6.0,6,10.2,3.0,5,田野豊三,56.0,ダ,1400.0,良,97.0,1.9,4-4-6-7,42.8,461.0,3.0,ベラジオプライド,5.6
2017101400,サウンドヒーロー,2025/01/02,園田,晴,5.0,女と男☆来場記念C3,12,5.0,5,34.8,9.0,11,大山龍太,56.0,ダ,1400.0,良,95.6,2.0,5-5-3-4,43.1,458.0,5.0,スタングレネード,
2017101400,サウンドヒーロー,2024/12/19,園田,晴,3.0,C3二,10,6.0,6,28.8,6.0,2,大山龍太,56.0,ダ,1400.0,良,94.1,0.3,6-6-5-5,40.4,453.0,-3.0,ベラジオミキ,19.6
2017101400,サウンドヒーロー,2024/12/05,園田,晴,3.0,C3一,12,8.0,12,17.1,4.0,8,土方颯太,53.0,ダ,1400.0,稍,95.0,1.5,12-12-10-9,40.7,456.0,-3.0,サトノドゥーチェ,
2017101400,サウンドヒーロー,2024/11/20,園田,晴,5.0,金会7ハロンC3二,11,7.0,10,27.5,8.0,6,土方颯太,53.0,ダ,1400.0,良,93.7,1.0,2-2-2-3,41.1,459.0,8.0,フレイムフォース,
2017101400,サウンドヒーロー,2024/11/05,園田,晴,8.0,C2二,12,6.0,7,139.4,10.0,6,松本幸祐,56.0,ダ,820.0,稍,52.7,1.2,10-8,37.6,451.0,-8.0,キーオブハート,
2017101400,サウンドヒーロー,2024/10/16,園田,曇,7.0,C2二,10,8.0,10,12.3,7.0,10,土方颯太,53.0,ダ,1400.0,良,95.1,1.7,4-6-7-10,41.7,459.0,3.0,バックシュート,
2017101400,サウンドヒーロー,2024/09/25,園田,曇,7.0,C2二,10,1.0,1,89.3,9.0,7,土方颯太,53.0,ダ,1400.0,良,93.3,1.0,6-6-7-6,40.8,456.0,-2.0,アスセナ,
2017101400,サウンドヒーロー,2024/09/04,園田,晴,6.0,C2二,12,8.0,12,97.8,10.0,5,土方颯太,53.0,ダ,1400.0,良,93.7,1.1,7-9-10-8,40.9,458.0,-1.0,グランドフォレスト,7.0
2017101400,サウンドヒーロー,2024/08/23,園田,晴,7.0,C2三,8,5.0,5,38.0,7.0,5,土方颯太,53.0,ダ,1400.0,良,95.0,0.7,3-3-6-6,40.4,459.0,-2.0,ワンダーグァルネリ,7.0
2017101400,サウンドヒーロー,2024/08/08,園田,晴,5.0,C2二,9,7.0,8,17.5,6.0,3,渡瀬和幸,56.0,ダ,1400.0,稍,95.1,1.2,3-4-3-5,41.3,461.0,3.0,ユナピンクゴールド,14.0
2017101400,サウンドヒーロー,2024/07/19,園田,晴,5.0,C2三,8,6.0,6,49.2,8.0,5,渡瀬和幸,56.0,ダ,1400.0,良,95.3,0.7,4-4-3-3,43.6,458.0,-1.0,ラガーヴィーヴ,7.0
2017101400,サウンドヒーロー,2024/07/05,園田,晴,5.0,C2二,10,7.0,8,139.4,9.0,8,渡瀬和幸,56.0,ダ,1400.0,良,96.0,2.3,2-2-2-4,42.5,459.0,0.0,オッドナンバー,
2017101400,サウンドヒーロー,2024/06/20,園田,曇,4.0,C2二,12,3.0,3,39.9,8.0,6,渡瀬和幸,56.0,ダ,1400.0,稍,95.8,2.2,9-9-9-9,42.6,459.0,1.0,ブルクラシコ,
2017101400,サウンドヒーロー,2024/05/31,園田,曇,5.0,C2二,10,7.0,7,16.4,4.0,8,小谷周平,56.0,ダ,1400.0,稍,95.9,2.2,6-6-5-7,43.6,458.0,0.0,エイシンニーダー,
2017101400,サウンドヒーロー,2024/05/15,園田,曇,5.0,C3一,12,6.0,8,23.5,7.0,1,小谷周平,56.0,ダ,1400.0,稍,94.7,0.0,4-4-5-5,41.2,458.0,4.0,(サワヤカサワチャン),56.0
2017101400,サウンドヒーロー,2024/04/29,園田,曇,6.0,キャプテン渡辺園田競(C2),9,6.0,6,49.8,7.0,7,小谷周平,56.0,ダ,1400.0,良,94.2,1.7,7-7-6-7,40.5,454.0,-5.0,ナムラデュラン,
2017101400,サウンドヒーロー,2024/04/17,園田,晴,7.0,C2,8,2.0,2,55.0,6.0,7,田野豊三,56.0,ダ,1230.0,稍,82.6,1.7,4-4-5-7,40.5,459.0,4.0,イセベイ,
2017101400,サウンドヒーロー,2024/04/02,園田,晴,12.0,C2,12,8.0,12,50.6,10.0,8,田野豊三,56.0,ダ,1230.0,良,81.9,1.9,5-6-4-5,40.2,455.0,-4.0,ナリタシン,
2017101400,サウンドヒーロー,2024/03/22,園田,晴,7.0,C2一,12,7.0,9,156.7,10.0,6,田野豊三,56.0,ダ,1400.0,良,94.5,2.6,11-11-11-9,41.3,459.0,9.0,ユキマル,
2017101400,サウンドヒーロー,2024/03/06,姫路,曇,7.0,C2二,12,3.0,3,34.4,6.0,5,田野豊三,56.0,ダ,1400.0,重,95.6,1.4,1-1-6-6,42.0,450.0,-7.0,レオフューチャー,7.0
2017101400,サウンドヒーロー,2024/02/22,姫路,曇,4.0,C2二,10,7.0,8,12.2,5.0,5,下原理,56.0,ダ,1400.0,重,95.0,1.2,5-5-7-7,41.3,457.0,1.0,ブラスター,7.0
2017101400,サウンドヒーロー,2024/02/08,姫路,曇,6.0,C2二,11,3.0,3,13.2,4.0,4,田野豊三,56.0,ダ,1400.0,稍,95.8,0.6,2-3-5-6,40.8,456.0,-1.0,ワキノフラッシュ,10.5
2017101400,サウンドヒーロー,2024/01/17,姫路,晴,8.0,C2一,10,8.0,10,2.8,2.0,5,吉村智洋,56.0,ダ,1400.0,良,96.5,0.3,1-1-2-2,39.6,457.0,-8.0,マーティンヒル,7.0
2017101400,サウンドヒーロー,2024/01/04,園田,曇,6.0,C2二,12,5.0,6,9.3,3.0,5,吉村智洋,56.0,ダ,1400.0,良,93.2,0.9,5-5-5-5,41.5,465.0,-1.0,メイショウギシオー,7.0
2017101400,サウンドヒーロー,2023/12/20,園田,晴,7.0,C2二,12,6.0,8,5.8,4.0,3,山本屋太,54.0,ダ,1400.0,稍,94.5,0.3,2-2-2-2,41.3,466.0,-7.0,ヴェイヤーズ,17.5
2017101400,サウンドヒーロー,2023/12/05,園田,雨,12.0,C2,12,7.0,9,5.1,3.0,7,吉村智洋,56.0,ダ,1230.0,良,81.7,1.2,2-2-2-3,40.8,473.0,7.0,カツノテンス,
2017101400,サウンドヒーロー,2023/11/23,園田,晴,9.0,C2二,11,6.0,7,8.0,3.0,2,大山龍太,56.0,ダ,1230.0,良,81.7,0.5,5-4-3-2,40.5,466.0,0.0,メイショウコウシ,32.0
2017101400,サウンドヒーロー,2023/11/08,園田,晴,5.0,C2四,9,6.0,6,4.0,2.0,3,田野豊三,56.0,ダ,1400.0,重,94.0,0.5,4-5-7-7,41.7,466.0,-6.0,ラブユーサクラ,17.5
2017101400,サウンドヒーロー,2023/09/09,高知,晴,9.0,C2ー3,9,6.0,6,13.8,6.0,6,村上弘樹,56.0,ダ,1300.0,稍,87.7,3.2,3-5-8-8,41.7,472.0,-1.0,ムサシフウジン,
2017101400,サウンドヒーロー,2023/08/26,高知,晴,8.0,奥井高知初見参特別(C2),10,2.0,2,7.8,6.0,8,村上弘樹,56.0,ダ,1400.0,不,94.1,1.3,1-1-1-3,42.0,473.0,1.0,ハーディローズ,
2017101400,サウンドヒーロー,2023/08/12,高知,晴,11.0,納涼特別(C2),10,6.0,6,106.9,9.0,8,村上弘樹,56.0,ダ,1300.0,重,85.1,2.1,4-4-6-8,39.5,472.0,1.0,サンエルセントロ,
2017101400,サウンドヒーロー,2023/07/22,高知,晴,4.0,コオロギラン特別(C2C3),11,6.0,6,16.0,5.0,1,村上弘樹,56.0,ダ,1300.0,稍,86.0,-0.2,1-1-1-1,40.5,471.0,5.0,(ダノンパペット),70.0
2017101400,サウンドヒーロー,2023/07/08,高知,曇,5.0,C2C3混合,12,6.0,8,343.4,11.0,5,村上弘樹,55.0,ダ,1400.0,不,92.9,2.0,1-1-1-2,41.7,466.0,-2.0,サンエルセントロ,7.0
2017101400,サウンドヒーロー,2023/06/24,高知,曇,3.0,C2C3混合,10,6.0,8,115.0,8.0,9,村上弘樹,55.0,ダ,1400.0,重,94.2,3.0,8-9-9-8,41.6,468.0,-3.0,ナムラブル,
2017101400,サウンドヒーロー,2023/06/10,高知,雨,5.0,C2C3混合,10,8.0,10,42.7,8.0,9,村上弘樹,55.0,ダ,1300.0,不,86.3,2.9,4-4-3-8,41.7,471.0,-5.0,サンメディル,
2017101400,サウンドヒーロー,2023/05/20,高知,晴,2.0,C2C3混合,9,3.0,3,12.7,3.0,8,多田羅誠,55.0,ダ,1400.0,不,93.7,2.5,7-7-8-8,40.4,476.0,0.0,エピックアン,
2017101400,サウンドヒーロー,2023/05/07,高知,雨,11.0,ファイナルレース(C3),12,8.0,12,4.2,2.0,1,岡村卓弥,56.0,ダ,1300.0,不,84.7,-0.2,1-1-1-1,40.6,476.0,9.0,(モンサンレジャンド),60.0
2017101400,サウンドヒーロー,2023/04/23,高知,晴,3.0,C3ー4,11,6.0,6,10.2,5.0,5,多田羅誠,56.0,ダ,1400.0,稍,95.0,1.3,2-2-2-4,42.5,467.0,1.0,エイシントカチ,6.0
2017101400,サウンドヒーロー,2023/04/09,高知,晴,5.0,C3ー4,10,5.0,5,24.6,6.0,6,岡村卓弥,56.0,ダ,1300.0,不,85.5,1.9,2-2-2-4,40.6,466.0,-2.0,ホウオウジャッジ,
2017101400,サウンドヒーロー,2023/03/28,高知,晴,5.0,C3ー3,11,3.0,3,14.4,2.0,5,岡村卓弥,56.0,ダ,1400.0,不,92.7,1.5,5-6-7-5,40.7,468.0,0.0,ゼヒニオヨバズ,6.0
2017101400,サウンドヒーロー,2023/03/21,高知,雨,8.0,ジンチョウゲ特別(C3),8,3.0,3,11.8,4.0,7,多田羅誠,56.0,ダ,1400.0,不,92.1,2.1,2-3-3-6,41.7,468.0,7.0,ケルントナー,
2017101400,サウンドヒーロー,2023/02/28,高知,晴,4.0,中根秀樹五十二才特別(C3),10,8.0,9,2.3,2.0,2,吉原寛人,56.0,ダ,1400.0,重,93.3,0.2,2-2-1-1,40.8,461.0,-7.0,ハニーリン,21.0
2017101400,サウンドヒーロー,2023/02/13,高知,曇,7.0,マレーフトモモ特別(C3),8,7.0,7,48.0,7.0,7,林謙佑,56.0,ダ,1600.0,不,107.5,2.2,1-1-1-5,41.7,468.0,2.0,ダノンテイオー,
2017101400,サウンドヒーロー,2023/01/31,高知,晴,2.0,C3ー4,12,5.0,5,5.3,2.0,2,多田羅誠,56.0,ダ,1400.0,重,93.8,0.8,2-2-2-2,41.3,466.0,-5.0,リュタン,21.0
2017101400,サウンドヒーロー,2023/01/24,高知,雪,3.0,C3ー6,9,5.0,5,8.9,4.0,2,多田羅誠,56.0,ダ,1300.0,不,84.9,0.4,8-7-6-4,38.9,471.0,6.0,ジーマックス,21.0
2017101400,サウンドヒーロー,2023/01/18,高知,晴,2.0,ひがしやま特別(C3),11,8.0,11,,,取,多田羅誠,56.0,ダ,1400.0,不,,,,,,,クールボス,
2017101400,サウンドヒーロー,2022/12/31,高知,晴,1.0,C3ー12,9,7.0,7,3.0,2.0,1,吉原寛人,56.0,ダ,1300.0,重,85.8,-0.6,1-1-1-1,39.8,465.0,-2.0,(アンブローニュ),60.0
2017101400,サウンドヒーロー,2022/12/03,高知,晴,1.0,C3ー12,8,1.0,1,7.5,5.0,6,多田羅誠,56.0,ダ,1300.0,重,88.1,1.6,1-1-1-3,42.2,467.0,3.0,モズクルードラゴン,
2017101400,サウンドヒーロー,2022/11/19,高知,曇,1.0,C3ー13,9,8.0,8,1.1,1.0,3,多田羅誠,56.0,ダ,1400.0,稍,94.5,0.4,1-2-2-3,41.6,464.0,-2.0,ペイシャガルボ,12.0
2017101400,サウンドヒーロー,2022/11/05,高知,晴,1.0,C3ー14,12,4.0,4,1.3,1.0,3,多田羅誠,56.0,ダ,1300.0,重,86.7,0.7,1-1-1-2,42.0,466.0,-1.0,ポンテドラーゴ,12.0
2017101400,サウンドヒーロー,2022/10/23,高知,晴,4.0,たた牌さん誕生日特別(C3),11,5.0,5,1.6,1.0,1,多田羅誠,56.0,ダ,1400.0,稍,91.8,-0.5,1-1-1-1,39.8,467.0,0.0,(アンディナイアブル),60.0
2017101400,サウンドヒーロー,2022/10/10,高知,晴,2.0,C3ー24,12,7.0,10,3.3,2.0,2,多田羅誠,56.0,ダ,1300.0,不,84.5,0.5,1-1-1-2,40.9,467.0,13.0,アメージングサン,21.0
2017101400,サウンドヒーロー,2022/08/24,園田,曇,11.0,JRA交流藻川特別,12,8.0,11,19.1,6.0,7,吉村智洋,56.0,ダ,1400.0,稍,91.8,2.1,5-6-6-5,40.7,454.0,-6.0,ニホンピロオーセン,
2017101400,サウンドヒーロー,2022/05/14,3中京3,晴,7.0,4歳以上1勝クラス,15,6.0,11,193.0,14.0,13,岡田祥嗣,57.0,ダ,1200.0,不,73.4,1.5,14-14,37.1,460.0,-2.0,ウェーブメジャー,
2017101400,サウンドヒーロー,2021/10/31,4阪神8,曇,6.0,3歳以上1勝クラス,16,8.0,15,343.0,16.0,12,高倉稜,57.0,ダ,1400.0,良,86.2,1.4,3-2,38.9,462.0,6.0,ワキノクイーン,
2017101400,サウンドヒーロー,2021/07/25,3新潟2,晴,8.0,3歳以上1勝クラス,15,2.0,3,95.2,14.0,14,藤田菜七,55.0,ダ,1200.0,良,73.7,1.8,13-12,38.2,456.0,4.0,ジューンクエスト,
2017101400,サウンドヒーロー,2021/04/24,1新潟5,晴,9.0,4歳以上1勝クラス,9,5.0,5,20.0,4.0,8,吉田隼人,57.0,ダ,1800.0,良,115.4,2.2,2-2-2-2,38.5,452.0,0.0,トラモント,
2017101400,サウンドヒーロー,2021/02/27,1阪神5,晴,7.0,4歳以上1勝クラス,16,1.0,1,47.5,12.0,14,松若風馬,57.0,ダ,1200.0,良,73.5,0.8,15-14,36.9,452.0,2.0,トライハード,
2017101400,サウンドヒーロー,2021/02/07,1小倉8,晴,3.0,4歳以上1勝クラス,13,6.0,9,117.9,13.0,10,斎藤新,56.0,ダ,1000.0,稍,59.2,1.5,12-13,35.5,450.0,0.0,ゴーゴーチアフル,
2017101400,サウンドヒーロー,2021/01/24,1小倉4,曇,3.0,4歳以上1勝クラス,14,6.0,9,20.2,9.0,13,斎藤新,55.0,ダ,1000.0,不,59.7,1.7,10-13,36.4,450.0,2.0,ローズオブシャロン,
2017101400,サウンドヒーロー,2020/08/22,2札幌3,晴,8.0,3歳以上1勝クラス,12,1.0,1,8.8,3.0,9,池添謙一,54.0,ダ,1000.0,良,59.9,0.9,1-2,36.9,448.0,6.0,キラットダイヤ,
2017101400,サウンドヒーロー,2020/08/09,1札幌6,晴,2.0,3歳未勝利,12,4.0,4,12.9,5.0,1,吉田隼人,56.0,ダ,1000.0,良,60.1,-0.3,5-5,35.9,442.0,0.0,(エンジェルティアラ),510.0
2017101400,サウンドヒーロー,2020/06/13,3阪神3,曇,2.0,3歳未勝利,16,3.0,5,45.7,10.0,8,斎藤新,55.0,ダ,1200.0,不,72.9,0.8,1-1,37.2,442.0,16.0,ニホンピログルーヴ,
2017101400,サウンドヒーロー,2020/04/25,1福島5,晴,1.0,3歳未勝利,16,5.0,9,10.0,4.0,11,亀田温心,53.0,ダ,1150.0,良,71.8,2.1,8-10,38.8,426.0,-8.0,シルバージャック,
2017101400,サウンドヒーロー,2020/03/29,2阪神2,晴,5.0,3歳未勝利,16,3.0,6,7.9,3.0,9,斎藤新,55.0,ダ,1400.0,不,86.5,1.9,2-2,39.1,434.0,4.0,イサチルサターン,
2017101400,サウンドヒーロー,2020/01/12,1京都4,曇,4.0,3歳新馬,16,4.0,7,9.3,4.0,5,松若風馬,56.0,ダ,1200.0,稍,75.1,0.4,1-1,37.9,430.0,0.0,エイシンシャンツェ,60.0
2022101414,グランクリュ,2026/07/14,盛岡,曇,3.0,C2一組,12,7.0,9,5.5,2.0,2,塚本涼人,54.0,ダ,1400.0,稍,87.3,1.0,7-4,37.9,439.0,4.0,マーゴットフェスタ,15.1
2022101414,グランクリュ,2026/06/30,盛岡,晴,3.0,C2三組,11,3.0,3,13.2,6.0,2,菅原辰徳,54.0,ダ,1400.0,良,86.6,0.2,3-3,38.2,435.0,-3.0,パワームーブ,15.1
2022101414,グランクリュ,2026/06/23,水沢,曇,2.0,C2二組,10,7.0,8,8.1,5.0,9,菅原辰徳,54.0,ダ,1400.0,不,90.0,2.1,4-4-9-9,41.1,438.0,4.0,ヤマノマタカ,
2022101414,グランクリュ,2026/06/09,水沢,曇,2.0,C2二組,10,8.0,10,7.6,5.0,4,菅原辰徳,54.0,ダ,1400.0,不,88.7,0.5,8-8-7-4,38.9,434.0,1.0,ヤマト,5.6
2022101414,グランクリュ,2026/05/25,盛岡,晴,3.0,C2六組,10,7.0,8,18.7,5.0,1,菅原辰徳,54.0,ダ,1400.0,良,87.6,-0.1,1-1,39.8,433.0,2.0,(フジサンワイシーシ),43.0
2022101414,グランクリュ,2026/05/11,盛岡,晴,1.0,C2,10,1.0,1,9.1,2.0,7,菅原辰徳,54.0,ダ,1000.0,良,62.1,1.9,9-10,36.2,431.0,-2.0,ショウリュウテン,
2022101414,グランクリュ,2026/04/28,水沢,曇,2.0,C2,10,6.0,6,34.8,7.0,7,菅原辰徳,54.0,ダ,850.0,良,53.2,1.4,7-7,37.3,433.0,2.0,プレイフルネス,
2022101414,グランクリュ,2026/04/14,水沢,晴,2.0,C2三組,10,2.0,2,20.3,4.0,6,菅原辰徳,54.0,ダ,1400.0,良,92.1,2.0,8-10-7-5,40.6,431.0,0.0,オールウェズキズナ,
2022101414,グランクリュ,2026/04/07,水沢,曇,2.0,C2三組,9,6.0,6,17.1,6.0,5,菅原辰徳,54.0,ダ,1400.0,稍,91.6,0.4,1-1-1-1,40.3,431.0,-5.0,ライジンシチー,3.0
2022101414,グランクリュ,2026/03/24,水沢,晴,3.0,C2二組,9,5.0,5,50.7,8.0,8,菅原辰徳,54.0,ダ,1400.0,良,95.3,3.9,1-1-2-4,45.4,436.0,5.0,トチノヒーロー,
2022101414,グランクリュ,2026/03/09,水沢,晴,2.0,C2,10,4.0,4,4.4,2.0,3,菅原辰徳,54.0,ダ,850.0,稍,53.0,0.8,9-7,37.0,431.0,-4.0,ブラウオリゾン,8.0
2022101414,グランクリュ,2025/12/22,水沢,曇,4.0,C2六組,11,1.0,1,8.8,3.0,7,菅原辰徳,54.0,ダ,1300.0,不,83.9,0.6,3-4-3-3,39.9,435.0,0.0,マリノテレージア,
2022101414,グランクリュ,2025/12/08,水沢,曇,3.0,C2十組,10,8.0,10,1.8,1.0,1,菅原辰徳,54.0,ダ,1300.0,重,83.7,-0.5,1-1-1-1,39.5,435.0,-2.0,(メイショウリリアム),40.0
2022101414,グランクリュ,2025/11/24,水沢,曇,4.0,C2九組,11,5.0,5,5.0,3.0,3,山本聡紀,54.0,ダ,1300.0,良,85.9,0.7,3-3-2-2,40.4,437.0,2.0,ハナカホノカ,8.0
2022101414,グランクリュ,2025/11/10,盛岡,曇,3.0,C2九組,12,7.0,10,38.4,7.0,4,山本聡紀,54.0,ダ,1200.0,稍,75.7,1.6,3-3,39.7,435.0,4.0,テンリッチスマイル,5.2
2022101414,グランクリュ,2025/10/26,盛岡,曇,4.0,C2九組,11,1.0,1,25.1,6.0,5,塚本涼人,54.0,ダ,1200.0,良,75.4,1.2,1-2,39.0,431.0,1.0,テーオーリップマン,2.8
2022101414,グランクリュ,2025/10/19,盛岡,曇,3.0,C2十組,11,7.0,9,92.4,9.0,4,塚本涼人,54.0,ダ,1200.0,重,74.9,0.8,4-5,37.3,430.0,-6.0,ゴダルティチェコ,5.2
2022101414,グランクリュ,2025/10/05,水沢,曇,2.0,C2十二組,9,5.0,5,46.4,6.0,7,菅原辰徳,54.0,ダ,1300.0,稍,86.2,1.9,6-7-6-6,40.1,436.0,-1.0,ファイアドライブ,
2022101414,グランクリュ,2025/09/28,水沢,晴,3.0,C2十一組,8,1.0,1,6.8,4.0,6,菅原辰徳,54.0,ダ,1300.0,良,87.7,2.6,5-4-6-5,41.9,437.0,5.0,エスシーボニー,
2022101414,グランクリュ,2025/08/16,1札幌7,晴,2.0,3歳未勝利,14,4.0,6,87.8,12.0,14,荻野琢真,55.0,ダ,1700.0,良,110.6,4.3,14-14-14-14,41.6,432.0,8.0,サウンドルーチェ,
2022101414,グランクリュ,2025/06/28,1函館5,晴,1.0,3歳未勝利,15,8.0,15,180.0,14.0,12,荻野琢真,55.0,芝,1200.0,稍,70.6,1.2,14-14,34.5,424.0,0.0,オーケーダイナ,
2020104634,スピリチュアル,2026/07/14,盛岡,曇,2.0,C2二組,11,7.0,8,1.1,1.0,1,山本聡紀,54.0,ダ,1400.0,稍,85.4,-0.4,1-1,38.0,461.0,-5.0,(タイプフェイス),43.0
2020104634,スピリチュアル,2026/06/28,盛岡,晴,3.0,C2七組,11,2.0,2,2.0,2.0,1,山本聡紀,54.0,ダ,1200.0,良,71.8,-0.2,2-1,36.3,466.0,-6.0,(トリプルバレル),43.0
2020104634,スピリチュアル,2026/06/10,大井,晴,8.0,クォーター・デック賞(C1),12,6.0,7,120.0,11.0,9,藤田凌,54.0,ダ,1600.0,重,105.0,3.3,1-1-1-1,42.9,472.0,10.0,トワイライト,
2020104634,スピリチュアル,2026/05/19,大井,晴,6.0,C1五六七(C1六),14,3.0,3,109.4,11.0,10,谷内貫太,53.0,ダ,1600.0,良,103.8,1.3,8-8-7-7,40.0,462.0,7.0,ハクアイソレイユ,
2020104634,スピリチュアル,2026/04/29,大井,曇,6.0,C1六七八(C1七),13,6.0,8,149.7,10.0,11,安藤洋一,54.0,ダ,1600.0,稍,105.3,2.3,9-11-10-10,40.0,455.0,1.0,スカイイズユアーズ,
2020104634,スピリチュアル,2026/04/15,大井,曇,7.0,C1六七,12,8.0,11,226.6,10.0,8,安藤洋一,54.0,ダ,1600.0,良,105.6,2.4,8-7-2-2,40.2,454.0,6.0,ユニヴェール,
2020104634,スピリチュアル,2026/03/11,大井,晴,8.0,C1六七八(C1七),11,7.0,9,141.7,11.0,中,安藤洋一,54.0,ダ,1600.0,良,,,,,448.0,-2.0,コスモマガラニカ,
2020104634,スピリチュアル,2026/02/17,大井,曇,10.0,河津桜特別競走(C1C2),13,4.0,4,45.3,7.0,5,藤田凌,55.0,ダ,1600.0,稍,105.0,0.7,3-5-5-4,39.6,450.0,-1.0,ポアゾンノアール,20.0
2020104634,スピリチュアル,2026/01/29,大井,晴,9.0,C1六七,8,7.0,7,101.6,8.0,7,安藤洋一,54.0,ダ,1600.0,良,104.7,2.1,6-7-7-7,39.3,451.0,1.0,イエスウィズキャン,
2020104634,スピリチュアル,2026/01/15,大井,晴,9.0,C1五六,12,8.0,11,23.0,5.0,7,安藤洋一,54.0,ダ,1600.0,良,104.0,1.4,7-7-5-5,38.7,450.0,-3.0,フェアゴー,
2020104634,スピリチュアル,2025/12/31,大井,晴,8.0,C1四五六(C1五),14,3.0,3,104.3,13.0,8,谷内貫太,53.0,ダ,1600.0,稍,104.4,2.2,5-5-8-8,40.3,453.0,-1.0,ケイアイエルナト,
2020104634,スピリチュアル,2025/12/04,大井,晴,8.0,プース・カフェ賞(C1三),13,6.0,9,44.2,10.0,9,安藤洋一,54.0,ダ,1400.0,良,88.3,1.4,12-12-12,37.0,454.0,-8.0,サクラサクヤヒメ,
2020104634,スピリチュアル,2025/11/11,大井,曇,8.0,ルビー・フィズ賞(C1),11,6.0,7,75.3,8.0,1,安藤洋一,54.0,ダ,1600.0,稍,103.4,0.0,7-7-5-4,39.9,462.0,-6.0,(ウータンビート),120.0
2020104634,スピリチュアル,2025/10/23,大井,晴,9.0,散歩が楽しいまち江戸(C1),14,7.0,12,93.9,9.0,8,谷内貫太,53.0,ダ,1200.0,重,74.7,1.0,11-10,37.9,468.0,-4.0,ピエールオレゴン,
2020104634,スピリチュアル,2025/10/09,大井,曇,9.0,C1六七,14,8.0,14,60.7,6.0,7,安藤洋一,54.0,ダ,1200.0,良,74.0,1.4,14-14,36.9,472.0,2.0,オグメンタ,
2020104634,スピリチュアル,2025/09/17,大井,晴,12.0,月白賞(C1六),13,6.0,9,21.7,9.0,6,安藤洋一,54.0,ダ,1200.0,良,74.7,0.7,10-9,36.9,470.0,4.0,ビリーヴホース,
2020104634,スピリチュアル,2025/09/04,大井,曇,9.0,C1五六,12,2.0,2,66.7,11.0,4,谷内貫太,53.0,ダ,1200.0,良,74.7,1.4,11-11,38.1,466.0,4.0,サブノリョウマ,18.0
2020104634,スピリチュアル,2025/08/12,大井,雨,8.0,乙姫特別競走(C1),16,3.0,6,38.3,9.0,15,安藤洋一,54.0,ダ,1400.0,重,88.9,1.8,8-9-9,39.0,462.0,4.0,オペラアリア,
2020104634,スピリチュアル,2025/07/15,大井,雨,10.0,マーメイド特別競走(C1C2),16,1.0,1,15.6,6.0,10,安藤洋一,55.0,ダ,1200.0,不,74.7,1.8,11-12,38.1,458.0,-3.0,ワールドエイム,
2020104634,スピリチュアル,2025/07/03,大井,晴,8.0,ブラッドハウンド賞(C1),11,3.0,3,20.1,6.0,2,安藤洋一,54.0,ダ,1200.0,良,73.5,0.5,6-6,36.6,461.0,1.0,マドモアゼルレンヌ,48.0
2020104634,スピリチュアル,2025/06/12,大井,曇,7.0,C1五六,12,2.0,2,17.8,8.0,8,吉井章,54.0,ダ,1600.0,重,104.3,1.6,1-1-1-2,41.6,460.0,6.0,ギンノダンガン,
2020104634,スピリチュアル,2025/05/22,大井,曇,9.0,C1六七,16,2.0,3,32.1,10.0,8,吉井章,54.0,ダ,1200.0,良,74.5,1.7,8-7,38.4,454.0,9.0,ユメゴテン,
2020104634,スピリチュアル,2025/04/28,大井,雨,7.0,カーネーション特別競(C1C2),10,5.0,5,49.5,8.0,3,吉井章,55.0,ダ,1400.0,稍,86.6,0.2,3-4-3,36.6,445.0,-4.0,オーデンミカ,50.0
2020104634,スピリチュアル,2025/04/17,大井,晴,8.0,ビアーグルト賞(C1),12,6.0,7,106.8,9.0,9,吉井章,54.0,ダ,1600.0,良,104.7,1.6,6-6-7-6,40.7,449.0,17.0,フォレストゲート,
2020104634,スピリチュアル,2025/03/27,大井,曇,7.0,C1六七八(C1七),9,1.0,1,46.1,5.0,6,吉井章,54.0,ダ,1600.0,良,105.5,1.8,2-2-5-3,41.3,432.0,3.0,ロンギングタイム,
2020104634,スピリチュアル,2025/03/13,大井,晴,9.0,C1六七,14,4.0,5,18.7,7.0,6,吉原寛人,54.0,ダ,1600.0,重,105.2,1.7,14-13-11-9,40.4,429.0,-8.0,ヴァンビー,
2020104634,スピリチュアル,2025/02/17,大井,曇,8.0,C1八九,11,5.0,5,11.8,4.0,3,山本聡哉,54.0,ダ,1600.0,良,104.6,1.2,3-3-2-2,41.5,437.0,3.0,ヴァルタリ,30.0
2020104634,スピリチュアル,2025/01/28,大井,晴,8.0,C1七八,13,5.0,7,15.2,6.0,6,山本聡哉,54.0,ダ,1600.0,良,105.8,1.6,11-11-3-3,40.3,434.0,-1.0,ティアード,
2020104634,スピリチュアル,2025/01/16,大井,曇,7.0,C1六七八(C1七),11,2.0,2,17.9,6.0,5,瀬川将輝,54.0,ダ,1600.0,良,103.9,1.4,8-8-8-8,39.4,435.0,-17.0,アイミーハイティー,12.0
2020104634,スピリチュアル,2024/12/25,大井,晴,6.0,C1選抜牝馬,13,7.0,12,,,除,瀬川将輝,54.0,ダ,1600.0,良,,,,,,,アイミーハイティー,
2020104634,スピリチュアル,2024/12/05,大井,晴,10.0,さんかく座特別競走(C1四),12,4.0,4,6.7,3.0,7,鷹見陸,53.0,ダ,1600.0,良,103.9,1.2,6-6-8-8,39.7,452.0,-14.0,ジャスティンパワー,
2020104634,スピリチュアル,2024/11/06,大井,曇,9.0,ひいらぎ特別競走(C1三),15,2.0,4,16.3,6.0,6,笹川翼,54.0,ダ,1400.0,稍,89.2,0.7,10-7-8,40.2,466.0,34.0,チャールズバローズ,
2020104634,スピリチュアル,2024/05/12,1新潟6,晴,8.0,4歳以上1勝クラス,14,4.0,5,55.8,11.0,7,石橋脩,56.0,ダ,1200.0,良,73.0,1.2,12-12,36.9,432.0,-14.0,スペキオサレジーナ,
2020104634,スピリチュアル,2024/04/27,2東京3,曇,8.0,4歳以上1勝クラス,15,3.0,5,234.9,12.0,8,石橋脩,56.0,ダ,1400.0,稍,86.7,1.0,4-5,36.7,446.0,8.0,ジャミーレ,
2020104634,スピリチュアル,2024/03/10,2中山6,晴,12.0,4歳以上1勝クラス,16,1.0,1,33.3,10.0,11,石神深道,53.0,ダ,1200.0,稍,73.0,1.3,11-11,38.0,438.0,4.0,シルヴァーゴースト,
2020104634,スピリチュアル,2024/01/06,1中山1,晴,8.0,4歳以上1勝クラス,16,7.0,14,98.3,13.0,13,小林脩斗,53.0,ダ,1800.0,良,117.0,1.2,3-3-5-3,40.1,434.0,-4.0,セイカティターニア,
2020104634,スピリチュアル,2023/11/11,3福島3,晴,4.0,3歳以上1勝クラス,15,7.0,12,26.3,8.0,9,武藤雅,54.0,ダ,1700.0,稍,107.5,2.6,5-6-4-7,40.0,438.0,-8.0,ショウナンライシン,
2020104634,スピリチュアル,2023/10/09,4東京3,雨,7.0,3歳以上1勝クラス,14,4.0,6,65.1,12.0,7,武藤雅,54.0,ダ,1600.0,不,98.0,0.7,3-3,38.4,446.0,24.0,タイセイキューティ,
2020104634,スピリチュアル,2023/07/01,2福島1,曇,3.0,3歳未勝利,15,2.0,3,7.1,4.0,1,武藤雅,54.0,ダ,1700.0,重,106.5,-0.1,4-4-5-5,38.5,422.0,-4.0,(タイセイマキシム),550.0
2020104634,スピリチュアル,2023/06/11,3東京4,雨,1.0,3歳未勝利,15,3.0,5,7.5,4.0,5,武藤雅,54.0,ダ,1600.0,重,96.9,0.7,6-5,36.7,426.0,6.0,プチボヌール,55.0
2020104634,スピリチュアル,2023/05/27,2東京11,晴,1.0,3歳未勝利,16,5.0,9,7.0,4.0,6,内田博幸,54.0,ダ,1600.0,良,99.5,0.5,8-8,37.3,420.0,-8.0,キタノチェロキー,
2020104634,スピリチュアル,2023/05/06,2東京5,晴,1.0,3歳未勝利,16,6.0,11,10.2,4.0,3,内田博幸,54.0,ダ,1600.0,良,100.3,0.4,2-2,40.3,428.0,-6.0,フィールザオーラ,140.0
2020104634,スピリチュアル,2023/04/23,2東京2,曇,1.0,3歳未勝利,16,2.0,3,34.4,8.0,7,内田博幸,54.0,ダ,1400.0,良,88.2,0.8,14-14,37.0,434.0,-4.0,フェスティヴラジャ,
2020104634,スピリチュアル,2023/03/12,2中山6,晴,2.0,3歳未勝利,16,8.0,16,7.1,5.0,5,武藤雅,54.0,ダ,1200.0,良,73.0,1.1,7-6,37.9,438.0,-6.0,ニットウバジル,55.0
2020104634,スピリチュアル,2023/01/28,1東京1,晴,1.0,3歳未勝利,16,4.0,8,25.7,7.0,6,武藤雅,54.0,ダ,1400.0,良,88.0,1.9,14-13,37.4,444.0,-6.0,メイデンタワー,
2020104634,スピリチュアル,2023/01/09,1中山4,晴,4.0,3歳新馬,16,8.0,15,7.2,5.0,4,武藤雅,54.0,ダ,1200.0,良,74.1,0.3,4-3,39.4,450.0,0.0,クリニクラウン,93.0
2021101289,ディーノサンライズ,2026/07/14,盛岡,曇,1.0,C2三組,11,1.0,1,2.6,1.0,1,大坪慎,54.0,ダ,1400.0,稍,87.3,-0.2,5-1,38.9,469.0,0.0,(コスモベラエステラ),43.0
2021101289,ディーノサンライズ,2026/06/29,盛岡,晴,6.0,C2四組,10,7.0,8,7.3,4.0,3,大坪慎,54.0,ダ,1200.0,良,73.3,0.8,7-6,36.9,469.0,-7.0,ハナカホノカ,8.6
2021101289,ディーノサンライズ,2026/05/19,金沢,晴,7.0,C28,9,3.0,3,5.0,3.0,3,中島龍也,55.0,ダ,1400.0,良,95.3,0.8,2-2-3-3,40.8,476.0,3.0,ハクサンアンタレス,7.7
2021101289,ディーノサンライズ,2026/05/03,金沢,雨,7.0,楽天競馬で馬券を買お(C2),8,1.0,1,2.6,1.0,5,中島龍也,55.0,ダ,900.0,重,57.9,0.3,3-3,38.3,473.0,3.0,シュンプウ,4.5
2021101289,ディーノサンライズ,2026/04/21,金沢,晴,10.0,能登復興支援能登島特(C2),9,8.0,9,3.1,2.0,3,中島龍也,55.0,ダ,900.0,重,58.3,0.5,3-4,38.8,470.0,2.0,プロスペロ,8.1
2021101289,ディーノサンライズ,2026/04/12,金沢,晴,6.0,能登復興支援桜峠特別(C2),9,8.0,9,3.9,2.0,2,中島龍也,55.0,ダ,900.0,重,58.2,0.4,4-4,38.3,468.0,4.0,グランヴァルール,15.3
2021101289,ディーノサンライズ,2026/03/29,金沢,晴,4.0,C29,9,7.0,7,12.5,5.0,5,中島龍也,55.0,ダ,1500.0,良,105.9,2.4,2-2-2-3,41.5,464.0,1.0,プライムライン,4.3
2021101289,ディーノサンライズ,2026/03/15,金沢,曇,5.0,富山の酪農応援賞(C2),9,4.0,4,1.9,1.0,5,中島龍也,55.0,ダ,1500.0,稍,103.8,2.3,1-1-1-3,43.2,463.0,4.0,カドバンソコヂカラ,4.3
2021101289,ディーノサンライズ,2025/12/28,金沢,晴,4.0,決めた!ソノ馬をアイ(C1),11,7.0,9,35.7,3.0,3,渡瀬和幸,55.0,ダ,1400.0,不,90.1,2.0,5-6-6-5,39.7,459.0,2.0,ハクサンサクヤヒメ,7.2
2021101289,ディーノサンライズ,2025/12/09,金沢,曇,6.0,半年遅いけどひなこ誕(C1特別),7,5.0,5,1.9,1.0,1,中島龍也,55.0,ダ,1400.0,重,90.3,-0.6,1-1-1-1,38.9,457.0,-9.0,(アオボシ),45.0
2021101289,ディーノサンライズ,2025/10/17,園田,晴,10.0,駆けろ!パカっとゴー(B1B2),12,8.0,12,213.3,11.0,10,石堂響,54.0,ダ,820.0,良,51.5,2.1,7-8,37.2,466.0,8.0,イントゥザフロー,
2021101289,ディーノサンライズ,2025/09/26,園田,曇,10.0,勝浦正樹☆来場記念B(B2),12,1.0,1,92.2,8.0,5,大柿一真,55.0,ダ,820.0,稍,51.0,0.6,5-5,36.5,458.0,-3.0,リュヌダムール,14.0
2021101289,ディーノサンライズ,2025/09/11,園田,曇,12.0,B2,12,7.0,9,303.2,12.0,12,大柿一真,55.0,ダ,1230.0,重,83.9,3.3,10-11-11-11,40.5,461.0,5.0,アップップ,
2021101289,ディーノサンライズ,2025/08/21,園田,晴,11.0,南あわじ市ゆめるん特(B2),11,8.0,10,92.4,9.0,8,大柿一真,55.0,ダ,1230.0,良,82.3,1.7,2-2-2-4,39.7,456.0,6.0,イズジョーヒーロー,
2021101289,ディーノサンライズ,2025/08/08,園田,曇,11.0,競馬ブック杯B2一,8,3.0,3,102.1,6.0,6,大柿一真,55.0,ダ,1400.0,重,94.2,2.4,2-2-3-4,41.7,450.0,4.0,アイヤナ,
2021101289,ディーノサンライズ,2025/07/16,園田,晴,10.0,B2,12,4.0,4,23.9,7.0,12,下原理,55.0,ダ,1400.0,稍,98.1,6.4,4-4-11-12,45.8,446.0,-13.0,キモンゲーム,
2021101289,ディーノサンライズ,2025/03/27,園田,曇,9.0,B1,6,5.0,5,8.6,5.0,中,下原理,54.0,ダ,1230.0,良,,,,,459.0,5.0,シュネルクィーン,
2021101289,ディーノサンライズ,2025/02/22,1小倉9,晴,9.0,秋吉台特別(1勝クラス),18,8.0,18,340.1,18.0,16,小崎綾也,56.0,芝,1200.0,良,69.7,1.4,6-6,34.9,454.0,-2.0,レッドエヴァンス,
2021101289,ディーノサンライズ,2025/01/19,1中京7,晴,12.0,4歳以上1勝クラス,16,8.0,16,326.9,16.0,13,小崎綾也,55.0,芝,1600.0,良,96.0,1.8,4-3-3,36.6,456.0,-4.0,オトコギアンパン,
2021101289,ディーノサンライズ,2024/12/21,7京都7,曇,7.0,3歳以上1勝クラス,15,3.0,5,495.3,15.0,12,小崎綾也,55.0,ダ,1800.0,良,116.5,2.9,10-9-12-12,40.0,460.0,10.0,コーラルハート,
2021101289,ディーノサンライズ,2024/11/30,7京都1,晴,8.0,3歳以上1勝クラス,15,8.0,14,423.9,14.0,13,小崎綾也,55.0,ダ,1400.0,稍,88.1,1.9,11-11,39.1,450.0,12.0,モズナイスバディー,
2021101289,ディーノサンライズ,2024/08/25,2中京6,曇,6.0,3歳以上1勝クラス,15,8.0,16,287.3,15.0,14,西塚洸二,52.0,ダ,1400.0,良,87.7,2.8,9-10,39.8,438.0,-6.0,ブループリマドンナ,
2021101289,ディーノサンライズ,2024/05/26,3京都12,晴,6.0,3歳1勝クラス,12,6.0,8,86.2,10.0,9,永島まな,53.0,ダ,1400.0,良,86.6,1.5,11-9,37.7,444.0,4.0,メイショウヨシノ,
2021101289,ディーノサンライズ,2024/04/28,2東京4,晴,6.0,3歳1勝クラス,14,8.0,14,205.1,13.0,8,永島まな,53.0,ダ,1400.0,良,86.4,1.9,12-12,37.8,440.0,-6.0,ヴァンドーム,
2021101289,ディーノサンライズ,2024/03/10,1阪神6,晴,6.0,3歳1勝クラス,14,8.0,14,167.9,12.0,10,永島まな,52.0,ダ,1400.0,良,86.9,2.1,6-6,38.6,446.0,-4.0,ロードフォアエース,
2021101289,ディーノサンライズ,2024/03/03,1阪神4,晴,5.0,3歳1勝クラス,11,5.0,5,48.4,8.0,6,古川奈穂,51.0,ダ,1400.0,稍,87.1,1.5,7-7,39.3,450.0,2.0,ラヴオントップ,
2021101289,ディーノサンライズ,2024/02/03,1東京3,晴,9.0,春菜賞(1勝クラス),8,6.0,6,53.2,7.0,8,ピーヒュ,55.0,芝,1400.0,良,82.5,1.4,3-3,34.7,448.0,-2.0,オメガウインク,
2021101289,ディーノサンライズ,2024/01/13,1中山4,曇,9.0,菜の花賞(1勝クラス),12,1.0,1,82.3,10.0,8,キング,55.0,芝,1600.0,良,94.0,0.6,2-2-2,35.4,450.0,2.0,ミラビリスマジック,
2021101289,ディーノサンライズ,2023/12/17,4中京6,晴,9.0,寒椿賞(1勝クラス),11,1.0,1,57.0,9.0,9,藤岡康太,55.0,ダ,1400.0,稍,87.3,1.3,8-6,37.8,448.0,6.0,ラムジェット,
2021101289,ディーノサンライズ,2023/10/29,2京都9,晴,1.0,2歳未勝利,12,5.0,5,23.3,7.0,1,坂井瑠星,55.0,ダ,1400.0,良,86.4,-0.5,5-5,39.2,442.0,6.0,(クリノオリーブ),550.0
2021101289,ディーノサンライズ,2023/10/01,4阪神9,曇,1.0,2歳未勝利,15,7.0,13,37.1,9.0,3,永島まな,52.0,ダ,1400.0,不,85.9,0.5,7-6,38.4,436.0,2.0,オウバイトウリ,140.0
2021101289,ディーノサンライズ,2023/09/16,4阪神3,晴,2.0,2歳未勝利,16,6.0,12,36.8,6.0,6,藤岡康太,55.0,ダ,1400.0,良,88.1,2.5,6-6,40.1,434.0,0.0,リジル,
2021101289,ディーノサンライズ,2023/08/27,3小倉6,晴,1.0,2歳未勝利,13,6.0,8,7.0,4.0,6,藤岡康太,55.0,芝,1200.0,良,69.8,0.8,4-3,36.1,434.0,6.0,アートフォーム,
2021101289,ディーノサンライズ,2023/07/01,3中京1,曇,1.0,2歳未勝利,7,7.0,7,10.0,5.0,4,藤岡康太,55.0,芝,1400.0,不,84.1,0.3,5-5,36.3,428.0,4.0,ジュントネフ,83.0
2021101289,ディーノサンライズ,2023/06/04,3阪神2,晴,5.0,2歳新馬,8,3.0,3,4.7,3.0,4,藤岡康太,55.0,芝,1400.0,良,84.7,0.3,3-3,34.9,424.0,0.0,アトロルーベンス,110.0
2017106207,オウケンアマゾネス,2026/07/21,盛岡,曇,2.0,C2二組,8,1.0,1,17.7,6.0,2.0,坂井瑛音,53.0,ダ,1400.0,良,87.5,0.1,6-4,37.8,490.0,19.0,マサノビジョン,15.1
2017106207,オウケンアマゾネス,2026/07/07,盛岡,晴,2.0,C2二組,10,4.0,4,16.2,6.0,10.0,岩本怜,54.0,ダ,1400.0,良,88.9,1.0,3-2,39.4,471.0,-6.0,マイネルヒッツェ,
2017106207,オウケンアマゾネス,2026/06/30,盛岡,晴,4.0,C2二組,11,7.0,8,21.7,3.0,5.0,岩本怜,54.0,ダ,1400.0,良,88.0,2.6,9-9,39.0,477.0,-4.0,クリナッチ,3.0
2017106207,オウケンアマゾネス,2026/06/09,水沢,曇,9.0,C1五組,10,7.0,8,10.3,4.0,3.0,岩本怜,54.0,ダ,1400.0,重,89.5,1.0,5-5-3-3,39.1,481.0,8.0,ハクシンマルペンサ,10.0
2017106207,オウケンアマゾネス,2026/05/26,盛岡,曇,10.0,C1三組,11,8.0,10,38.9,7.0,7.0,岩本怜,54.0,ダ,1400.0,良,87.5,1.6,7-6,37.6,473.0,0.0,フクチャンサクラ,
2017106207,オウケンアマゾネス,2026/05/11,盛岡,曇,11.0,C1三組,12,7.0,9,20.8,6.0,5.0,岩本怜,54.0,ダ,1400.0,良,87.9,1.1,8-5,37.4,473.0,1.0,ファルシオン,3.5
2017106207,オウケンアマゾネス,2026/04/29,水沢,曇,9.0,C1四組,11,8.0,10,21.4,8.0,6.0,坂井瑛音,52.0,ダ,1400.0,稍,92.1,0.5,7-8-7-9,40.6,472.0,-2.0,チムドンドン,
2017106207,オウケンアマゾネス,2026/04/12,水沢,晴,9.0,C1,11,7.0,8,33.6,10.0,3.0,坂井瑛音,52.0,ダ,1400.0,稍,90.8,0.7,10-10-8-8,39.1,474.0,3.0,エターナルルビー,10.0
2017106207,オウケンアマゾネス,2026/03/29,水沢,晴,9.0,橋野鉄鉱山賞(C1),9,2.0,2,120.1,9.0,7.0,坂井瑛音,52.0,ダ,1600.0,稍,105.4,1.0,9-9-8-8,39.9,471.0,-1.0,ミライヘノシンゲキ,
2017106207,オウケンアマゾネス,2026/03/17,水沢,晴,9.0,C1二組,10,2.0,2,127.6,10.0,6.0,岩本怜,54.0,ダ,1600.0,良,107.8,1.4,7-7-5-5,42.5,472.0,-13.0,ラヴェイ,
2017106207,オウケンアマゾネス,2025/12/23,水沢,曇,10.0,B2二組,10,5.0,5,159.1,10.0,8.0,岩本怜,54.0,ダ,1600.0,重,102.8,0.8,8-8-8-8,39.3,485.0,5.0,リュウノドラゴン,
2017106207,オウケンアマゾネス,2025/12/10,水沢,曇,10.0,B2二組,11,6.0,6,111.5,9.0,10.0,坂井瑛音,52.0,ダ,1600.0,不,105.2,2.9,9-9-7-9,41.3,480.0,-8.0,トントンプー,
2017106207,オウケンアマゾネス,2025/11/25,水沢,曇,12.0,ノベンバーC(B2),12,6.0,7,380.2,12.0,8.0,岩本怜,54.0,ダ,1400.0,稍,90.7,1.9,12-12-12-12,39.8,488.0,-1.0,ビップアクア,
2017106207,オウケンアマゾネス,2025/11/10,盛岡,曇,10.0,B1B2混合,10,4.0,4,63.7,8.0,9.0,岩本怜,54.0,ダ,1400.0,稍,88.5,3.2,8-9,39.4,489.0,-1.0,サンマルクレイジー,
2017106207,オウケンアマゾネス,2025/10/26,盛岡,小雨,8.0,B2二組,9,3.0,3,16.8,5.0,3.0,大坪慎,54.0,ダ,1600.0,稍,101.1,1.3,6-5,37.8,490.0,3.0,タイセイアダマス,12.0
2017106207,オウケンアマゾネス,2025/10/14,盛岡,曇,11.0,ペガスス賞(B2),11,6.0,6,38.0,6.0,5.0,岩本怜,54.0,ダ,1600.0,良,100.6,0.9,9-8,38.7,487.0,-1.0,ベラジオホープ,4.2
2017106207,オウケンアマゾネス,2025/09/29,水沢,曇,11.0,スカビオサ賞(B1),12,6.0,8,36.3,8.0,7.0,大坪慎,54.0,ダ,1400.0,重,90.3,1.2,6-7-7-8,39.9,488.0,2.0,サンドファルコン,
2017106207,オウケンアマゾネス,2025/09/14,水沢,晴,8.0,B1,9,7.0,7,89.9,9.0,3.0,岩本怜,54.0,ダ,1400.0,稍,89.3,0.4,7-7-7-6,39.0,486.0,5.0,メイザーキック,16.0
2017106207,オウケンアマゾネス,2025/09/02,盛岡,曇,11.0,中山優馬賞(B1),11,6.0,7,28.0,7.0,8.0,岩本怜,54.0,ダ,1600.0,不,100.3,1.4,9-8,37.6,481.0,1.0,コンチトーホク,
2017106207,オウケンアマゾネス,2025/08/11,盛岡,曇,7.0,楽天競馬×楽天モバイ(C1),10,7.0,7,11.0,5.0,1.0,岩本怜,54.0,ダ,1600.0,稍,100.9,-0.2,3-3,38.7,480.0,4.0,(アトラクトボイス),50.0
2017106207,オウケンアマゾネス,2025/07/29,盛岡,晴,11.0,M&Kジョッキーズカ(C1),12,7.0,10,36.4,10.0,3.0,飛田愛斗,54.0,ダ,1600.0,良,101.3,0.0,7-9,38.9,476.0,1.0,ノースハマナス,12.0
2017106207,オウケンアマゾネス,2025/07/15,盛岡,小雨,10.0,ブラックブロッサム特(C1),11,8.0,10,8.8,4.0,5.0,岩本怜,54.0,ダ,1400.0,良,88.9,1.0,3-6,39.5,475.0,-8.0,ヴィグルズマン,3.5
2017106207,オウケンアマゾネス,2025/06/30,水沢,曇,9.0,C1,8,8.0,8,20.1,6.0,7.0,岩本怜,54.0,ダ,1400.0,良,91.1,1.2,4-3-3-5,40.8,483.0,1.0,エイシンハルニレ,
2017106207,オウケンアマゾネス,2025/06/15,水沢,曇,10.0,C1一組,11,6.0,6,53.9,9.0,8.0,岩本怜,54.0,ダ,1600.0,良,106.5,2.2,9-10-8-9,40.8,482.0,8.0,ノブ,
2017106207,オウケンアマゾネス,2025/06/01,盛岡,晴,10.0,大船渡穴通磯賞(C1),11,6.0,7,9.2,2.0,4.0,岩本怜,54.0,ダ,1600.0,良,101.7,1.9,2-2,39.9,474.0,3.0,ラストマン,6.5
2017106207,オウケンアマゾネス,2025/05/20,盛岡,晴,4.0,C2一組,7,2.0,2,9.5,5.0,1.0,岩本怜,54.0,ダ,1400.0,不,87.8,0.0,3-3,38.6,471.0,1.0,(ハーツケリー),40.0
2017106207,オウケンアマゾネス,2025/05/05,盛岡,曇,5.0,C2三組,12,6.0,8,4.4,2.0,1.0,岩本怜,54.0,ダ,1400.0,重,88.7,-0.1,4-4,39.2,470.0,-5.0,(ハーツケリー),40.0
2017106207,オウケンアマゾネス,2025/04/28,水沢,曇,1.0,C2三組,7,6.0,6,11.7,4.0,3.0,岩本怜,54.0,ダ,1400.0,良,91.9,0.9,3-3-2-3,40.6,475.0,12.0,アパラギ,8.0
2017106207,オウケンアマゾネス,2025/04/15,水沢,曇,4.0,C1五組,9,4.0,4,37.6,8.0,3.0,岩本怜,54.0,ダ,1400.0,不,90.1,0.2,2-2-2-3,39.1,463.0,-6.0,ラヴリーディスク,10.0
2017106207,オウケンアマゾネス,2025/03/31,水沢,晴,9.0,C1六組,11,7.0,9,85.4,10.0,7.0,岩本怜,54.0,ダ,1400.0,良,93.2,1.1,7-9-8-9,40.8,469.0,3.0,ノブ,
2017106207,オウケンアマゾネス,2025/03/18,水沢,晴,8.0,C1五組,11,7.0,9,40.9,9.0,7.0,岩本怜,54.0,ダ,1400.0,重,91.1,2.2,10-10-10-10,39.5,466.0,-4.0,アナザークイーン,
2017106207,オウケンアマゾネス,2024/12/23,水沢,曇,5.0,C2三組,8,1.0,1,13.2,8.0,8.0,岩本怜,54.0,ダ,1400.0,不,90.9,1.2,6-6-8-7,40.1,470.0,0.0,シャノワール,
2017106207,オウケンアマゾネス,2024/12/11,水沢,曇,2.0,C2二組,10,4.0,4,15.2,4.0,5.0,岩本怜,54.0,ダ,1400.0,不,90.5,0.9,6-6-6-7,39.6,470.0,-5.0,ギンレイ,2.8
2017106207,オウケンアマゾネス,2024/11/26,水沢,晴,2.0,C2二組,9,8.0,8,4.0,2.0,5.0,山本政聡,54.0,ダ,1400.0,稍,92.0,0.8,3-3-2-3,41.3,475.0,1.0,ヤマショウブラック,2.8
2017106207,オウケンアマゾネス,2024/11/12,盛岡,曇,3.0,C2二組,8,6.0,6,2.8,2.0,3.0,高橋悠里,54.0,ダ,1400.0,良,89.9,0.7,2-3,39.8,474.0,-2.0,ミリオーレアルバ,8.0
2017106207,オウケンアマゾネス,2024/10/29,盛岡,晴,2.0,C2三組,9,5.0,5,24.6,5.0,5.0,山本政聡,54.0,ダ,1400.0,稍,88.8,1.3,5-5,38.7,476.0,1.0,インジケーター,2.8
2017106207,オウケンアマゾネス,2024/10/22,盛岡,晴,3.0,C2二組,9,2.0,2,7.3,3.0,6.0,岩本怜,54.0,ダ,1400.0,稍,89.3,1.8,5-6,39.1,475.0,-2.0,オランジェロ,
2017106207,オウケンアマゾネス,2024/10/08,盛岡,曇,3.0,C2二組,12,5.0,6,8.6,3.0,3.0,岩本怜,54.0,ダ,1400.0,重,87.7,0.8,10-9,37.8,477.0,-1.0,ファルギュラント,8.0
2017106207,オウケンアマゾネス,2024/09/30,水沢,晴,3.0,C2六組,8,4.0,4,3.6,2.0,2.0,高橋悠里,54.0,ダ,1400.0,良,91.1,1.3,3-3-2-2,39.7,478.0,-8.0,マイジュネス,14.0
2017106207,オウケンアマゾネス,2024/09/16,水沢,曇,3.0,C2六組,11,3.0,3,15.8,3.0,2.0,岩本怜,54.0,ダ,1400.0,良,90.7,0.3,2-2-2-2,40.1,486.0,4.0,コスモキルカス,14.0
2017106207,オウケンアマゾネス,2024/09/03,盛岡,晴,9.0,オッズパーク賞(C1),9,4.0,4,7.7,5.0,4.0,岩本怜,54.0,ダ,1400.0,稍,88.2,1.2,8-6,37.3,482.0,-3.0,マイネルシュラーク,5.9
2017106207,オウケンアマゾネス,2024/07/08,盛岡,曇,10.0,ダンデライオン賞(C1),11,6.0,7,73.7,10.0,2.0,高橋悠里,54.0,ダ,1400.0,重,87.6,0.6,11-9,37.7,485.0,-11.0,ベアエクセレント,15.8
2017106207,オウケンアマゾネス,2024/06/23,水沢,小雨,9.0,不動の滝賞(C1),11,2.0,2,130.6,10.0,7.0,岩本怜,54.0,ダ,1600.0,稍,105.5,1.6,11-11-10-10,40.2,496.0,4.0,コマビショウ,
2017106207,オウケンアマゾネス,2024/06/09,水沢,曇,11.0,オーキッド賞(C1),11,4.0,4,152.5,10.0,10.0,岩本怜,54.0,ダ,1600.0,良,107.0,4.2,10-11-9-10,41.2,492.0,3.0,ライヴマスタード,
2017106207,オウケンアマゾネス,2024/05/27,盛岡,曇,10.0,ホワイトクローバー賞(C1),11,7.0,9,180.4,11.0,10.0,佐々木志,53.0,ダ,1600.0,良,105.1,4.2,10-10,40.5,489.0,9.0,ニトロジャーニー,
2017106207,オウケンアマゾネス,2024/05/05,盛岡,晴,9.0,岩手伝統工芸岩谷堂箪(B2),12,8.0,12,194.7,12.0,12.0,岩本怜,54.0,ダ,1600.0,良,105.2,3.5,8-11,40.9,480.0,-2.0,オンザスカイ,
2017106207,オウケンアマゾネス,2024/04/22,水沢,晴,7.0,B2三組,9,2.0,2,267.4,9.0,7.0,服部大地,54.0,ダ,1600.0,良,106.7,1.9,6-7-7-6,41.4,482.0,-1.0,メイショウケイゼン,
2017106207,オウケンアマゾネス,2024/04/08,水沢,曇,8.0,B2三組,11,4.0,4,164.8,10.0,10.0,服部大地,54.0,ダ,1600.0,良,108.1,4.2,9-10-9-10,42.9,483.0,7.0,モンサンイルベント,
2017106207,オウケンアマゾネス,2024/03/24,水沢,晴,7.0,B2三組,11,2.0,2,92.8,11.0,10.0,佐々木志,52.0,ダ,1600.0,稍,107.7,2.6,11-11-11-10,41.1,476.0,8.0,ヤマニンエピクーレ,
2017106207,オウケンアマゾネス,2024/03/10,水沢,曇,9.0,B2,12,7.0,10,84.3,10.0,10.0,菅原辰徳,54.0,ダ,1400.0,重,93.3,2.6,11-11-9-10,40.5,468.0,-13.0,レディブラウン,
2017106207,オウケンアマゾネス,2023/12/24,水沢,曇,8.0,B2一組,12,8.0,12,27.3,8.0,11.0,高野誠毅,54.0,ダ,1600.0,不,106.7,4.9,12-12-11-11,41.4,481.0,3.0,ロワマージュ,
2017106207,オウケンアマゾネス,2023/11/24,浦和,晴,10.0,射手座特別(C1),12,6.0,7,46.6,8.0,10.0,七夕裕次,53.0,ダ,1400.0,良,91.7,2.2,10-10-10-9,40.0,478.0,32.0,ヒラリ,
2017106207,オウケンアマゾネス,2023/06/26,浦和,晴,11.0,向暑特別(B3),10,6.0,7,37.7,8.0,6.0,室陽一朗,52.0,ダ,1400.0,良,89.2,1.1,8-10-8-7,38.3,446.0,1.0,モズハッピーロード,
2017106207,オウケンアマゾネス,2023/06/12,川崎,雨,11.0,神楽酒造盃くろうま賞(B3C1),13,1.0,1,45.1,10.0,5.0,室陽一朗,51.0,ダ,1600.0,不,106.7,1.1,4-4-5-4,42.2,445.0,-8.0,ブラックオパール,24.0
2017106207,オウケンアマゾネス,2023/06/02,浦和,雨,10.0,夏椿特別(C1),0,4.0,4,,,,町田直希,54.0,ダ,1500.0,不,,,,,,,,
2017106207,オウケンアマゾネス,2023/04/28,浦和,晴,12.0,青葉特別(C1),12,6.0,8,15.4,7.0,8.0,町田直希,54.0,ダ,1400.0,良,89.5,1.6,5-5-6-8,39.4,453.0,10.0,ミュステーリオン,
2017106207,オウケンアマゾネス,2023/04/06,川崎,晴,12.0,リムジン賞(C1二),14,4.0,5,37.2,7.0,5.0,張田昂,54.0,ダ,1500.0,良,99.0,1.1,9-9-8-8,40.8,443.0,-8.0,カルナック,18.0
2017106207,オウケンアマゾネス,2023/03/24,浦和,曇,11.0,ブラッドストーン特別(C1),11,7.0,9,8.4,3.0,3.0,町田直希,54.0,ダ,1500.0,不,96.2,0.9,6-6-4-3,38.9,451.0,-2.0,カード,32.0
2017106207,オウケンアマゾネス,2023/02/17,浦和,晴,12.0,梅見月特別(C1),12,6.0,7,17.8,6.0,7.0,野畑凌,54.0,ダ,1400.0,良,90.8,1.3,10-11-12-9,39.9,453.0,-2.0,ロンドンボーイ,
2017106207,オウケンアマゾネス,2023/01/13,浦和,曇,12.0,寒梅特別(C1),10,5.0,5,5.8,2.0,6.0,町田直希,54.0,ダ,1500.0,良,98.7,1.2,7-7-8-7,39.7,455.0,-1.0,トーセンキッド,
2017106207,オウケンアマゾネス,2022/12/22,浦和,晴,10.0,SPAT4プレミアム(B3),8,2.0,2,10.3,5.0,3.0,町田直希,54.0,ダ,1400.0,不,88.0,1.2,5-6-4-3,38.6,456.0,5.0,ネクサスエッジ,48.0
2017106207,オウケンアマゾネス,2022/11/25,浦和,晴,8.0,特選(B3),9,3.0,3,6.1,3.0,3.0,町田直希,54.0,ダ,1500.0,重,97.3,0.5,2-2-2-3,39.5,451.0,-12.0,グランツ,40.0
2017106207,オウケンアマゾネス,2022/10/18,浦和,曇,10.0,夕焼け特別(B3),10,8.0,9,3.7,2.0,4.0,町田直希,54.0,ダ,1400.0,不,90.0,0.9,4-4-4-5,39.4,463.0,0.0,メイストーム,36.0
2017106207,オウケンアマゾネス,2022/09/22,浦和,曇,10.0,秋晴特別(C1),10,1.0,1,2.7,2.0,1.0,町田直希,54.0,ダ,1400.0,稍,90.7,0.0,1-1-1-1,40.1,463.0,-1.0,(ワンダーフェンリル),160.0
2017106207,オウケンアマゾネス,2022/09/01,浦和,曇,10.0,撫子特別(C1),9,8.0,8,9.2,4.0,3.0,町田直希,54.0,ダ,1400.0,良,89.2,0.8,6-7-5-7,38.8,464.0,2.0,ショットメーカー,32.0
2017106207,オウケンアマゾネス,2022/08/10,浦和,晴,10.0,元気いっぱい南区ヒマ(C1),11,1.0,1,3.8,1.0,1.0,町田直希,54.0,ダ,1400.0,良,89.5,0.0,8-7-6-5,38.8,462.0,6.0,(ビナハロン),120.0
2017106207,オウケンアマゾネス,2022/07/19,浦和,曇,9.0,C1五,12,7.0,9,2.8,1.0,5.0,七夕裕次,53.0,ダ,1400.0,稍,90.1,0.6,7-7-7-7,39.4,456.0,5.0,パンドラフォンテン,12.0
2017106207,オウケンアマゾネス,2022/06/30,浦和,晴,10.0,紫陽花特別(C1),11,7.0,9,40.0,6.0,4.0,七夕裕次,53.0,ダ,1400.0,良,89.0,0.7,6-6-5-4,38.5,451.0,-5.0,トーセンテキーラ,24.0
2017106207,オウケンアマゾネス,2022/05/31,浦和,曇,9.0,JCSファイナルステ(C1),12,2.0,2,7.8,5.0,3.0,青柳正義,54.0,ダ,1400.0,稍,90.3,0.4,6-4-4-4,39.4,456.0,-5.0,アイエンジェル,70.0
2017106207,オウケンアマゾネス,2022/04/26,浦和,曇,12.0,ダイヤモンド特別(C1),12,4.0,4,16.0,6.0,7.0,町田直希,54.0,ダ,1400.0,重,90.7,1.4,7-8-8-8,39.7,461.0,8.0,クラップクラップ,
2017106207,オウケンアマゾネス,2022/04/04,川崎,雨,9.0,花水木賞(C2二),11,1.0,1,7.4,4.0,4.0,町田直希,54.0,ダ,1400.0,不,93.1,1.6,5-5-5-4,41.7,453.0,-5.0,ワイプアウト,15.0
2017106207,オウケンアマゾネス,2022/03/14,浦和,晴,8.0,特選(C2),12,5.0,6,5.4,3.0,8.0,町田直希,54.0,ダ,1400.0,良,90.6,2.4,5-5-5-6,39.3,458.0,5.0,レナータ,
2017106207,オウケンアマゾネス,2021/11/23,浦和,晴,9.0,埼玉県畜産会長賞特別(C1),12,1.0,1,7.7,3.0,4.0,町田直希,54.0,ダ,1400.0,重,90.5,1.8,7-7-6-7,39.5,453.0,-4.0,ミロヴィーナス,24.0
2017106207,オウケンアマゾネス,2021/10/20,浦和,晴,10.0,秋日和特別(C1),9,7.0,7,4.7,2.0,3.0,町田直希,54.0,ダ,1400.0,稍,90.7,1.5,5-3-2-3,40.2,457.0,2.0,タマモイットウセイ,32.0
2017106207,オウケンアマゾネス,2021/09/23,浦和,晴,12.0,秋分の日特別(C1),11,8.0,12,1.9,1.0,3.0,町田直希,54.0,ダ,1400.0,良,89.2,0.1,6-5-3-4,39.0,455.0,7.0,トーセンシグナル,32.0
2017106207,オウケンアマゾネス,2021/08/26,浦和,晴,9.0,稲荷山特別(C2),11,6.0,7,6.2,4.0,1.0,町田直希,54.0,ダ,1400.0,良,88.3,-1.0,3-3-2-1,38.2,448.0,5.0,(ローリングサンダー),150.0
2017106207,オウケンアマゾネス,2021/07/26,浦和,曇,8.0,花かおるまち鴻巣フラ(C2),11,4.0,4,5.5,3.0,3.0,張田昂,54.0,ダ,1400.0,良,89.3,0.4,4-4-4-4,39.4,443.0,5.0,ヴィテスミット,20.0
2017106207,オウケンアマゾネス,2021/06/28,浦和,晴,9.0,ウラワール&うまたせ(C1),9,3.0,3,2.9,2.0,3.0,張田昂,54.0,ダ,1400.0,良,90.2,0.8,4-6-5-3,38.8,438.0,-3.0,ピオレドール,22.0
2017106207,オウケンアマゾネス,2021/05/31,浦和,晴,9.0,うどんとこいのぼりの(C1),12,5.0,5,8.0,4.0,6.0,張田昂,54.0,ダ,1400.0,稍,90.2,0.7,5-5-4-5,39.0,441.0,0.0,ディスタイム,
2017106207,オウケンアマゾネス,2021/05/10,浦和,晴,9.0,農産物直売会賞(C1),12,5.0,5,5.8,3.0,5.0,神尾香澄,50.0,ダ,1500.0,良,97.4,0.8,6-6-7-7,39.0,441.0,9.0,キングバーグ,11.0
2017106207,オウケンアマゾネス,2021/04/19,川崎,晴,12.0,小手毬賞(C2二),13,5.0,7,5.4,3.0,3.0,張田昂,54.0,ダ,1600.0,重,104.8,0.6,7-5-4-3,40.6,432.0,-6.0,キングバーグ,25.0
2017106207,オウケンアマゾネス,2021/03/29,浦和,晴,10.0,爽春特別(C2),12,8.0,12,2.2,1.0,6.0,森泰斗,54.0,ダ,1400.0,重,90.9,2.1,9-7-7-5,39.6,438.0,1.0,トーセンテキーラ,
2017106207,オウケンアマゾネス,2021/02/23,浦和,晴,6.0,C2五六,12,7.0,10,2.4,1.0,1.0,森泰斗,54.0,ダ,1400.0,稍,90.6,-0.8,4-4-3-2,39.5,437.0,-5.0,(コンドルパワー),100.0
2017106207,オウケンアマゾネス,2021/02/03,浦和,晴,6.0,C2九十,12,6.0,8,2.1,1.0,2.0,張田昂,54.0,ダ,1500.0,稍,98.2,0.3,8-8-3-2,39.8,442.0,6.0,アイノウィステリア,35.0
2017106207,オウケンアマゾネス,2021/01/08,浦和,晴,9.0,やっぱ『深谷ねぎ』で(C2九),12,2.0,2,4.1,3.0,3.0,張田昂,54.0,ダ,1400.0,良,90.2,0.7,4-3-4-2,38.8,436.0,-3.0,イチジン,20.0
2017106207,オウケンアマゾネス,2020/12/25,浦和,晴,4.0,今日もクライマックス(3歳),11,8.0,11,6.4,4.0,1.0,張田昂,54.0,ダ,1400.0,良,89.5,-0.4,5-5-4-2,38.8,439.0,-3.0,(ラヴィンツァラ),120.0
2017106207,オウケンアマゾネス,2020/11/27,浦和,曇,3.0,3歳四選抜馬ア,12,3.0,3,8.2,5.0,6.0,町田直希,54.0,ダ,1400.0,稍,92.6,1.5,7-7-10-10,39.4,442.0,11.0,ジョーアドヴァンス,
2017106207,オウケンアマゾネス,2020/10/25,盛岡,小雨,2.0,C2六組,11,6.0,7,3.8,3.0,1.0,山本政聡,54.0,ダ,1200.0,不,72.8,-0.4,5-5,36.6,431.0,-2.0,(ブライティアフジ),25.0
2017106207,オウケンアマゾネス,2020/10/18,盛岡,晴,2.0,C2七組,8,2.0,2,26.4,4.0,3.0,山本政聡,54.0,ダ,1200.0,良,74.4,1.2,2-1,38.5,433.0,-11.0,リョウランハート,4.0
2017106207,オウケンアマゾネス,2020/10/04,盛岡,曇,2.0,C2六組,7,3.0,3,26.4,4.0,4.0,岩本怜,54.0,ダ,1400.0,良,88.6,1.9,5-5,39.0,444.0,10.0,イチジン,2.5
2017106207,オウケンアマゾネス,2020/09/21,盛岡,曇,2.0,C2六組,9,2.0,2,7.0,5.0,7.0,岩本怜,54.0,ダ,1200.0,良,76.2,2.0,8-8,37.6,434.0,7.0,ディライトラッシュ,
2017106207,オウケンアマゾネス,2020/09/06,盛岡,曇,2.0,C2十一組,7,5.0,5,1.2,1.0,1.0,岩本怜,54.0,ダ,1200.0,良,75.3,-1.3,2-1,38.0,427.0,3.0,(ユメイッキ),25.0
2017106207,オウケンアマゾネス,2020/08/01,2新潟3,晴,4.0,3歳未勝利,15,8.0,15,139.9,13.0,7.0,荻野極,54.0,ダ,1200.0,重,73.0,1.5,11-11,36.7,424.0,0.0,ベラール,
2017106207,オウケンアマゾネス,2020/05/23,1新潟5,晴,5.0,3歳未勝利,15,6.0,10,86.5,10.0,12.0,山田敬士,51.0,ダ,1800.0,稍,118.3,3.8,4-5-9-10,42.2,424.0,-6.0,キングダムウイナー,
2017106207,オウケンアマゾネス,2020/05/09,1新潟1,曇,3.0,3歳未勝利,15,4.0,6,36.7,8.0,9.0,斎藤新,53.0,ダ,1200.0,良,73.6,0.7,9-9,37.3,430.0,2.0,フェールアシュバル,
2017106207,オウケンアマゾネス,2020/02/29,1中京1,曇,5.0,3歳未勝利,13,3.0,3,58.0,8.0,7.0,鮫島克駿,54.0,ダ,1400.0,良,86.5,0.8,7-7,38.5,428.0,0.0,ミスビアンカ,
2017106207,オウケンアマゾネス,2020/02/09,1東京4,晴,5.0,3歳未勝利,16,4.0,7,265.8,14.0,14.0,北村宏司,54.0,芝,1600.0,良,96.8,1.7,3-3,35.2,428.0,0.0,オシリスブレイン,
2017106207,オウケンアマゾネス,2019/10/15,4東京3,曇,2.0,2歳未勝利,12,5.0,6,19.8,6.0,9.0,大野拓弥,54.0,芝,1600.0,稍,96.3,0.9,7-8,35.1,428.0,0.0,アミークス,
2017106207,オウケンアマゾネス,2019/09/16,4中山5,雨,2.0,2歳未勝利,16,3.0,5,27.7,7.0,6.0,北村宏司,54.0,芝,1600.0,重,97.2,1.0,6-6-9,36.5,428.0,4.0,オムニプレゼンス,
2017106207,オウケンアマゾネス,2019/08/18,2新潟8,晴,6.0,2歳新馬,18,8.0,17,18.2,5.0,7.0,北村宏司,54.0,芝,1400.0,良,84.6,1.4,17-18,34.9,424.0,0.0,ペコリーノロマーノ,
2024104445,コパノエビス,2026/07/14,盛岡,曇,4.0,2歳,8,7.0,7,23.3,5.0,5,山本聡紀,55.0,ダ,1200.0,稍,77.3,2.3,7-7,39.3,485.0,15.0,ジョーバローズ,4.6
2024104445,コパノエビス,2026/06/16,水沢,晴,4.0,2歳,7,2.0,2,9.3,4.0,6,山本聡紀,55.0,ダ,1300.0,良,88.5,1.7,7-7-6-6,41.6,470.0,0.0,サンエイチェリー,
2024104445,コパノエビス,2026/06/02,水沢,晴,1.0,2歳,5,1.0,1,3.1,2.0,4,山本聡紀,55.0,ダ,1300.0,良,88.8,2.9,4-4-4-4,41.6,470.0,1.0,リュウノカンムリ,9.8
2024104445,コパノエビス,2026/05/17,盛岡,晴,2.0,ファーストステップ2(新馬)(2歳),7,7.0,7,16.1,6.0,6,山本聡紀,55.0,ダ,1000.0,良,63.6,3.1,7-6,37.4,469.0,0.0,タカマキナイン,
2024106797,フレンドヘネシー,2026/07/12,盛岡,小雨,1.0,ファーストステップ2(新馬)(2歳),8,1.0,1,1.7,1.0,7,山本政聡,55.0,ダ,1000.0,不,61.6,2.4,5-3,37.7,460.0,0.0,ミラノドゥオーモ,
2024105514,アットラエンテ,2026/07/12,盛岡,小雨,9.0,岩手デビュー限定競走(2歳),12,2.0,2,217.0,12.0,12,小林凌,54.0,芝,1600.0,不,107.3,6.8,12-12,43.0,424.0,-1.0,ゼノグレイス,
2024105514,アットラエンテ,2026/06/30,盛岡,晴,6.0,2歳,12,6.0,8,231.1,12.0,10,坂井瑛音,53.0,ダ,1200.0,良,79.3,4.7,7-8,41.9,425.0,3.0,ゼノグレイス,
2024105514,アットラエンテ,2026/06/16,水沢,晴,4.0,2歳,7,7.0,7,6.1,3.0,7,小林凌,54.0,ダ,1300.0,良,90.1,3.3,3-3-3-5,45.0,422.0,-4.0,サンエイチェリー,
2024105514,アットラエンテ,2026/06/02,水沢,晴,1.0,2歳,5,5.0,5,28.0,5.0,3,小林凌,54.0,ダ,1300.0,良,88.3,2.4,2-1-2-3,42.1,426.0,-10.0,リュウノカンムリ,15.0
2024105514,アットラエンテ,2026/05/17,盛岡,晴,2.0,ファーストステップ2(新馬)(2歳),7,5.0,5,21.3,7.0,7,小林凌,54.0,ダ,1000.0,良,64.6,4.1,6-6,39.0,436.0,0.0,タカマキナイン,
2024108071,カシュタン,2026/04/19,水沢,晴,1.0,ファーストステップ2(新馬)(2歳),5,5.0,5,3.5,3.0,5,高橋悠里,55.0,ダ,850.0,良,55.4,1.6,1-3,39.5,465.0,0.0,コパノブリックス,14.0
2024103949,ブラックルーキー,2026/06/30,盛岡,晴,6.0,2歳,12,5.0,5,32.2,7.0,8,佐々木志,55.0,ダ,1200.0,良,77.9,3.3,8-6,40.5,456.0,-4.0,ゼノグレイス,
2024103949,ブラックルーキー,2026/05/31,水沢,晴,1.0,ファーストステップ2(新馬)(2歳),9,3.0,3,31.2,8.0,5,山本政聡,55.0,ダ,850.0,良,53.8,2.3,6-6,37.7,460.0,0.0,ミズサンアモン,14.0
2024101187,トモノミラグレ,2026/07/14,盛岡,曇,4.0,2歳,8,4.0,4,61.0,7.0,3,大坪慎,55.0,ダ,1200.0,稍,75.9,0.9,2-2,39.2,476.0,-6.0,ジョーバローズ,13.0
2024101187,トモノミラグレ,2026/06/30,盛岡,晴,6.0,2歳,12,7.0,9,35.5,8.0,9,大坪慎,55.0,ダ,1200.0,良,79.2,4.6,8-9,41.7,482.0,3.0,ゼノグレイス,
2024101187,トモノミラグレ,2026/05/31,水沢,晴,1.0,ファーストステップ2(新馬)(2歳),9,2.0,2,88.7,9.0,6,坂井瑛音,54.0,ダ,850.0,良,53.8,2.3,4-3,38.5,479.0,0.0,ミズサンアモン,
2024101665,エグゼクティブ,2026/06/14,水沢,晴,1.0,ファーストステップ2(新馬)(2歳),6,4.0,4,51.4,6.0,6,塚本涼人,54.0,ダ,850.0,重,53.4,2.7,4-5,37.8,387.0,0.0,サンエイボス,
2024108182,ティガーカッツェ,2026/07/12,盛岡,小雨,1.0,ファーストステップ2(新馬)(2歳),8,8.0,8,49.1,8.0,8,高橋悠里,54.0,ダ,1000.0,不,62.3,3.1,8-8,36.6,423.0,0.0,ミラノドゥオーモ,
2024101449,ブライティアセレブ,2026/07/14,盛岡,曇,4.0,2歳,8,6.0,6,6.6,3.0,7,塚本涼人,54.0,ダ,1200.0,稍,78.1,3.1,3-4,41.2,398.0,-5.0,ジョーバローズ,
2024101449,ブライティアセレブ,2026/06/29,盛岡,晴,1.0,ファーストステップ2(新馬)(2歳),9,3.0,3,37.4,8.0,5,塚本涼人,54.0,芝,1000.0,良,60.6,0.9,6-7,35.9,403.0,0.0,ニムロッド,14.0
2023104819,ピッタンヌンムル,2026/07/14,盛岡,曇,5.0,3歳C1二組,9,1.0,1,7.4,3.0,6,山本聡紀,54.0,ダ,1400.0,稍,88.0,0.9,3-6,38.0,440.0,2.0,トキノシャトー,
2023104819,ピッタンヌンムル,2026/07/05,盛岡,曇,5.0,3歳C1二組,11,7.0,9,6.4,3.0,3,山本聡紀,54.0,ダ,1400.0,良,88.0,0.4,6-5,38.7,438.0,14.0,イッツオンリーラブ,12.0
2023104819,ピッタンヌンムル,2026/06/21,水沢,雨,6.0,3歳C2二組,12,1.0,1,5.1,2.0,3,山本聡紀,54.0,ダ,1400.0,不,89.2,0.2,10-8-8-3,39.4,424.0,1.0,キタノボストン,10.0
2023104819,ピッタンヌンムル,2026/06/07,水沢,曇,6.0,3歳C1二組,12,8.0,12,28.7,6.0,3,山本聡紀,54.0,ダ,1400.0,良,92.5,0.5,5-4-5-4,41.4,423.0,-6.0,コロッセウム,12.0
2023104819,ピッタンヌンムル,2026/05/24,盛岡,小雨,6.0,3歳C1二組,10,8.0,9,14.7,3.0,4,山本聡紀,54.0,ダ,1400.0,良,88.5,1.5,9-7,37.2,429.0,4.0,イヌボウノキラメキ,7.8
2023104819,ピッタンヌンムル,2026/05/11,盛岡,曇,8.0,3歳C2一組,11,7.0,8,3.3,2.0,2,山本政聡,54.0,ダ,1200.0,良,74.7,0.4,4-4,37.8,425.0,4.0,バオシェテンシ,17.5
2023104819,ピッタンヌンムル,2026/04/27,水沢,雨,5.0,3歳C1二組,12,6.0,8,1.4,1.0,3,山本政聡,54.0,ダ,1400.0,稍,94.2,0.8,4-5-4-5,41.7,421.0,-7.0,ノーブルティアラ,12.0
2023104819,ピッタンヌンムル,2026/04/13,水沢,晴,6.0,3歳C2二組,10,4.0,4,4.0,2.0,2,山本政聡,54.0,ダ,1300.0,稍,85.1,0.2,6-6-4-1,40.5,428.0,30.0,メロウアンバー,17.5
2023104819,ピッタンヌンムル,2026/02/15,1東京6,晴,5.0,3歳未勝利,16,1.0,2,257.4,14.0,14,江田照男,55.0,芝,1800.0,良,109.7,1.9,4-6-7,35.7,398.0,-14.0,ナックホワイト,
2023104819,ピッタンヌンムル,2025/11/24,5東京6,晴,2.0,2歳未勝利,18,4.0,7,549.3,14.0,15,小林脩斗,55.0,芝,1400.0,良,83.5,2.2,12-12,35.2,412.0,0.0,ミッキーダムール,
2023104819,ピッタンヌンムル,2025/11/08,3福島1,晴,5.0,2歳新馬,16,8.0,16,178.5,16.0,9,小林脩斗,55.0,芝,1200.0,良,70.6,1.4,11-11,34.9,412.0,0.0,ディヴァインスカイ,
2023102105,オフクマメ,2026/07/19,盛岡,曇,6.0,22GARAGE賞(3歳C2),12,8.0,12,10.7,4.0,5,小林凌,54.0,ダ,1400.0,良,88.3,1.4,5-6,39.4,477.0,5.0,シュートザムーン,3.5
2023102105,オフクマメ,2026/06/28,盛岡,晴,12.0,サファイア賞(重賞),12,7.0,10,131.9,9.0,11,小林凌,54.0,芝,1700.0,良,107.2,2.1,9-9-9-9,37.7,472.0,3.0,セイクリスティーナ,
2023102105,オフクマメ,2026/06/07,水沢,曇,7.0,3歳C1一組,11,8.0,11,14.7,3.0,5,小林凌,54.0,ダ,1400.0,良,93.4,1.5,4-4-3-4,42.0,469.0,5.0,ヒナタ,4.2
2023102105,オフクマメ,2026/05/24,盛岡,小雨,7.0,3歳C1一組,10,2.0,2,10.3,2.0,3,小林凌,54.0,ダ,1400.0,稍,88.5,0.7,5-5,39.3,464.0,2.0,バオシェテンシ,12.0
2023102105,オフクマメ,2026/05/10,盛岡,晴,6.0,3歳C1一組,11,1.0,1,3.9,2.0,6,小林凌,54.0,ダ,1400.0,稍,89.0,1.0,9-10,38.5,462.0,2.0,キャスパン,
2023102105,オフクマメ,2026/04/28,水沢,小雨,7.0,3歳C2一組,9,8.0,9,1.3,1.0,1,小林凌,54.0,ダ,1300.0,良,85.9,-1.0,8-6-2-1,40.5,460.0,-2.0,(キタノモテック),50.0
2023102105,オフクマメ,2026/03/24,金沢,晴,7.0,能登千里浜賞(未勝利)(3歳),10,7.0,7,5.0,3.0,3,荻野琢真,55.0,ダ,1500.0,稍,102.8,2.9,7-7-6-6,42.8,462.0,-14.0,ナムラティアラ,15.3
2023102105,オフクマメ,2026/01/18,1京都7,晴,3.0,3歳未勝利,16,2.0,3,93.1,12.0,9,荻野琢真,55.0,ダ,1400.0,良,88.1,1.8,13-15,38.9,476.0,12.0,カフジクロミエ,
2023102105,オフクマメ,2025/12/21,5阪神6,雨,3.0,2歳未勝利,18,8.0,18,186.9,14.0,15,荻野琢真,55.0,芝,1800.0,稍,109.0,1.5,10-8,36.0,464.0,-4.0,エイズルブルーム,
2023102105,オフクマメ,2025/10/25,3京都8,曇,3.0,2歳未勝利,12,1.0,1,62.3,10.0,8,荻野琢真,55.0,芝,1400.0,良,82.1,0.8,11-11,35.1,468.0,6.0,フロムレイブン,
2023102105,オフクマメ,2025/10/05,3京都2,曇,4.0,2歳新馬,12,8.0,11,26.7,8.0,6,荻野琢真,55.0,芝,1200.0,稍,70.8,0.8,10-10,34.5,462.0,0.0,マーブルパレス,
2023102710,ラヴレインブーケ,2026/07/14,盛岡,曇,5.0,3歳C1二組,9,6.0,6,51.2,7.0,8,鈴木祐,54.0,ダ,1400.0,稍,88.8,1.7,9-8,38.7,409.0,2.0,トキノシャトー,
2023102710,ラヴレインブーケ,2026/06/30,盛岡,晴,7.0,3歳C1一組,11,3.0,3,57.3,9.0,7,大坪慎,54.0,ダ,1400.0,良,88.5,3.1,11-10,39.3,407.0,10.0,ヒナタ,
2023102710,ラヴレインブーケ,2026/06/21,水沢,雨,7.0,3歳C2一組,11,4.0,4,124.1,9.0,2,大坪慎,54.0,ダ,1400.0,不,89.4,0.3,9-8-7-4,39.7,397.0,-10.0,マルケイファイン,17.5
2023102710,ラヴレインブーケ,2026/05/19,盛岡,晴,7.0,3歳B2二組,11,2.0,2,161.5,10.0,5,鈴木祐,54.0,ダ,1400.0,良,89.2,1.8,8-6,39.1,407.0,-7.0,チェンドル,4.9
2023102710,ラヴレインブーケ,2026/05/06,盛岡,晴,4.0,3歳B2三組,11,3.0,3,167.9,11.0,8,鈴木祐,54.0,ダ,1400.0,稍,90.0,2.1,11-9,39.6,414.0,3.0,サンドロック,
2023102710,ラヴレインブーケ,2026/04/21,水沢,晴,7.0,3歳B2二組,11,7.0,9,167.4,11.0,7,鈴木祐,54.0,ダ,1400.0,良,95.1,3.9,2-4-5-6,43.8,411.0,5.0,セイウォリアー,
2023102710,ラヴレインブーケ,2026/04/07,水沢,曇,7.0,3歳B2三組,11,8.0,10,139.8,11.0,5,鈴木祐,54.0,ダ,1400.0,稍,92.8,2.7,8-10-7-5,41.2,406.0,3.0,ラブミーヘンリー,4.9
2023102710,ラヴレインブーケ,2026/03/24,水沢,晴,7.0,3歳B2二組,11,6.0,7,53.0,7.0,8,坂井瑛音,54.0,ダ,1400.0,良,95.3,4.1,11-10-6-8,42.8,403.0,-3.0,アウトザロー,
2023102710,ラヴレインブーケ,2026/03/09,水沢,晴,7.0,3歳B2二組,10,7.0,8,54.7,8.0,7,大坪慎,54.0,ダ,1400.0,稍,93.8,1.4,6-6-6-5,43.0,406.0,-7.0,ヴァリュアブル,
2023102710,ラヴレインブーケ,2025/12/15,水沢,曇,7.0,2歳,11,2.0,2,14.7,4.0,1,鈴木祐,54.0,ダ,1300.0,不,84.0,-0.2,4-4-4-4,39.9,413.0,0.0,(トキノシャトー),65.0
2023102710,ラヴレインブーケ,2025/11/30,水沢,曇,6.0,2歳,10,4.0,4,35.2,8.0,8,鈴木祐,54.0,ダ,1300.0,稍,86.3,0.7,7-6-7-5,41.2,413.0,-6.0,ルーネンバーグ,
2023102710,ラヴレインブーケ,2025/11/16,盛岡,晴,1.0,2歳,7,6.0,6,7.9,4.0,3,鈴木祐,54.0,ダ,1000.0,良,62.7,1.0,3-3,37.3,419.0,1.0,ヤッティライネン,13.0
2023102710,ラヴレインブーケ,2025/11/01,盛岡,曇,1.0,2歳,10,3.0,3,152.4,10.0,4,鈴木祐,54.0,ダ,1000.0,不,61.5,1.5,5-4,36.6,418.0,6.0,アイディンラヴァー,8.5
2023102710,ラヴレインブーケ,2025/10/19,盛岡,曇,1.0,2歳,9,5.0,5,94.0,9.0,7,鈴木祐,54.0,ダ,1000.0,重,63.0,2.1,8-7,37.4,412.0,9.0,リプサリス,
2023102710,ラヴレインブーケ,2025/09/30,水沢,晴,5.0,2歳,9,6.0,6,54.9,6.0,6,鈴木祐,54.0,ダ,1300.0,重,86.7,1.9,8-7-5-6,41.2,403.0,-5.0,テクノアップル,
2023102710,ラヴレインブーケ,2025/09/21,水沢,晴,6.0,2歳,8,4.0,4,69.8,7.0,5,鈴木祐,54.0,ダ,1300.0,重,85.3,1.0,8-7-7-5,40.0,408.0,-3.0,ミッションハリアー,4.6
2023102710,ラヴレインブーケ,2025/09/07,盛岡,雨,4.0,2歳,10,7.0,7,50.0,8.0,8,鈴木祐,54.0,ダ,1200.0,稍,77.3,1.6,9-9,39.3,411.0,-6.0,マイダスタッチ,
2023102710,ラヴレインブーケ,2025/08/17,盛岡,曇,6.0,2歳,9,5.0,5,16.8,6.0,8,大坪慎,54.0,ダ,1400.0,良,92.1,1.7,7-7,41.7,417.0,4.0,サンエイウォリアー,
2023102710,ラヴレインブーケ,2025/07/06,盛岡,曇,1.0,ファーストステップ2(新馬)(2歳),6,1.0,1,12.9,5.0,6,大坪慎,54.0,芝,1000.0,稍,61.0,1.9,5-6,36.6,413.0,0.0,デンコウセッカ,
2023106191,ムルーデ,2026/07/05,盛岡,曇,4.0,3歳C1三組,11,3.0,3,3.2,2.0,2,岩本怜,54.0,ダ,1400.0,良,87.1,0.2,3-3,38.5,443.0,-13.0,ニケフェリーチェ,21.0
2023106191,ムルーデ,2026/06/22,水沢,小雨,7.0,3歳C2四組,11,7.0,9,2.0,1.0,1,岩本怜,54.0,ダ,1300.0,不,82.3,-0.1,1-3-1-1,39.2,456.0,8.0,(ハウトゥヴェール),50.0
2023106191,ムルーデ,2026/05/16,2東京7,晴,1.0,3歳未勝利,16,7.0,14,26.6,9.0,7,石橋脩,55.0,ダ,1400.0,良,87.2,0.9,4-4,38.1,448.0,-8.0,オーシャンステラ,
2023106191,ムルーデ,2026/03/21,1中京3,晴,2.0,3歳未勝利,16,8.0,15,36.2,8.0,6,松若風馬,55.0,ダ,1200.0,良,74.4,1.2,14-14,37.6,456.0,14.0,ヴェルジーネ,
2023106191,ムルーデ,2025/12/06,5中京1,晴,4.0,2歳未勝利,18,6.0,11,272.7,18.0,7,西塚洸二,54.0,芝,1200.0,良,69.7,0.4,13-13,33.9,442.0,4.0,ハッピーラッキー,
2023106191,ムルーデ,2025/09/28,4阪神9,晴,2.0,2歳未勝利,14,5.0,8,27.8,9.0,11,浜中俊,55.0,芝,1400.0,良,83.1,1.4,7-6,36.3,438.0,-2.0,ノアールビーナス,
2023106191,ムルーデ,2025/08/31,4中京4,晴,1.0,2歳未勝利,13,1.0,1,107.6,12.0,5,松若風馬,55.0,芝,1400.0,良,81.8,0.5,10-8,35.5,440.0,2.0,レディーゴール,56.0
2023106191,ムルーデ,2025/07/19,2小倉7,晴,1.0,2歳未勝利,10,8.0,10,33.9,5.0,5,吉村誠之,54.0,芝,1800.0,稍,113.4,2.5,7-3-4-5,38.9,438.0,-2.0,ディーリライズ,56.0
2023106191,ムルーデ,2025/07/12,2小倉5,晴,5.0,2歳新馬,12,4.0,4,52.9,8.0,10,Ｍ．デム,55.0,芝,1800.0,良,113.1,2.3,9-9-7-6,38.3,440.0,0.0,クールフラン,
2023101541,クリエ,2026/07/14,盛岡,曇,5.0,3歳C1二組,9,7.0,7,160.7,9.0,9,大坪慎,56.0,ダ,1400.0,稍,89.2,2.1,7-9,39.0,500.0,1.0,トキノシャトー,
2023101541,クリエ,2026/07/05,盛岡,曇,5.0,3歳C1二組,11,4.0,4,176.6,11.0,6,大坪慎,56.0,ダ,1400.0,良,89.0,1.4,10-9,39.2,499.0,-3.0,イッツオンリーラブ,
2023101541,クリエ,2026/06/21,水沢,雨,7.0,3歳C2一組,11,5.0,5,92.8,8.0,8,岩本怜,56.0,ダ,1400.0,不,92.2,3.1,11-11-11-11,41.4,502.0,12.0,マルケイファイン,
2023101541,クリエ,2026/06/02,水沢,晴,8.0,3歳B2三組,12,3.0,3,562.2,12.0,10,岩本怜,56.0,ダ,1400.0,良,93.4,1.6,9-9-9-10,42.1,490.0,-3.0,ディオスデルマール,
2023101541,クリエ,2026/05/19,盛岡,晴,7.0,3歳B2二組,11,5.0,5,106.9,9.0,9,佐々木志,56.0,ダ,1400.0,良,89.8,2.4,10-9,39.3,493.0,5.0,チェンドル,
2023101541,クリエ,2026/05/06,盛岡,晴,4.0,3歳B2三組,11,1.0,1,69.4,7.0,11,岩本怜,56.0,ダ,1400.0,稍,91.0,3.1,9-11,40.3,488.0,-2.0,サンドロック,
2023101541,クリエ,2026/04/21,水沢,晴,7.0,3歳B2二組,11,8.0,10,93.6,9.0,9,佐々木志,56.0,ダ,1400.0,良,95.7,4.5,8-10-10-11,43.5,490.0,-5.0,セイウォリアー,
2023101541,クリエ,2026/04/06,水沢,晴,6.0,3歳B2二組,11,7.0,9,114.8,8.0,11,佐々木志,56.0,ダ,1400.0,稍,93.8,5.4,9-10-11-11,41.9,495.0,4.0,アウトザロー,
2023101541,クリエ,2026/03/09,水沢,晴,7.0,3歳B2二組,10,8.0,10,47.2,7.0,10,阿部英俊,56.0,ダ,1400.0,稍,99.8,7.4,10-10-10-10,46.6,491.0,-7.0,ヴァリュアブル,
2023101541,クリエ,2025/12/22,水沢,曇,6.0,2歳,11,1.0,1,101.0,11.0,8,岩本怜,55.0,ダ,1400.0,重,91.7,1.8,8-8-8-6,40.4,498.0,-13.0,ウィルスカイ,
2023101541,クリエ,2025/12/09,水沢,曇,6.0,オッズパークプレミア(2歳),11,6.0,6,68.5,10.0,9,岩本怜,55.0,ダ,1400.0,不,91.9,2.8,7-8-6-9,40.9,511.0,11.0,ジュノヴェール,
2023101541,クリエ,2025/09/16,水沢,晴,4.0,2歳,7,4.0,4,14.5,5.0,1,岩本怜,55.0,ダ,1400.0,稍,92.6,-0.3,7-7-6-5,41.6,500.0,3.0,(クラージュクリール),75.0
2023101541,クリエ,2025/09/01,盛岡,曇,6.0,2歳,10,8.0,9,14.1,5.0,6,山本聡紀,55.0,ダ,1400.0,良,91.7,2.5,9-9,40.8,497.0,5.0,ルッソクイーン,
2023101541,クリエ,2025/08/18,盛岡,晴,5.0,岩手デビュー限定競走(2歳),11,2.0,2,241.4,11.0,10,岩本怜,55.0,ダ,1400.0,稍,91.6,3.9,11-11,40.6,492.0,7.0,ラウダーティオ,
2023101541,クリエ,2025/07/20,盛岡,晴,1.0,ファーストステップ2(新馬)(2歳),8,1.0,1,9.5,3.0,4,高橋悠里,55.0,ダ,1000.0,良,62.9,2.3,6-5,37.8,485.0,0.0,ラウダーティオ,26.0
2023109064,モウレツ,2026/07/19,盛岡,曇,5.0,紫波deエール5周年(3歳C2),11,7.0,9,1.2,1.0,1,高松亮,56.0,ダ,1400.0,良,86.9,-0.3,2-1,37.3,472.0,1.0,(ハウトゥヴェール),50.0
2023109064,モウレツ,2026/07/07,盛岡,晴,4.0,3歳C2五組,12,5.0,5,4.4,3.0,1,高松亮,56.0,ダ,1200.0,良,73.6,-0.5,1-1,37.9,471.0,-3.0,(ヴェントディルーナ),50.0
2023109064,モウレツ,2026/06/06,3東京1,晴,6.0,3歳未勝利,16,6.0,12,280.2,15.0,12,原田和真,57.0,ダ,1600.0,良,100.3,2.2,8-8,38.9,474.0,10.0,ポッドジーク,
2023109064,モウレツ,2026/01/24,1中山8,晴,4.0,3歳未勝利,15,5.0,9,836.9,15.0,15,原田和真,57.0,ダ,1800.0,良,122.1,6.7,13-13-13-15,44.4,464.0,-6.0,テイクオンミー,
2023109064,モウレツ,2026/01/11,1中山4,晴,5.0,3歳新馬,16,3.0,5,161.1,14.0,11,原田和真,57.0,ダ,1800.0,良,119.6,3.7,11-12-10-10,41.4,470.0,0.0,エスシービクトリア,
2023105966,スカルラッティ,2026/07/06,盛岡,曇,6.0,3歳C2二組,11,4.0,4,2.2,1.0,1,高橋悠里,54.0,ダ,1200.0,良,74.5,-0.2,1-1,38.5,480.0,-2.0,(エルドラド),50.0
2023105966,スカルラッティ,2026/06/22,水沢,小雨,6.0,3歳C2五組,11,1.0,1,2.5,1.0,2,高橋悠里,54.0,ダ,1300.0,不,82.4,0.0,4-4-5-5,38.2,482.0,-12.0,ノーブルガイザー,17.5
2023105966,スカルラッティ,2026/06/08,水沢,雨,6.0,3歳C2三組,10,7.0,8,6.9,3.0,2,高橋悠里,54.0,ダ,1300.0,重,82.3,0.5,7-7-3-1,39.2,494.0,16.0,ケイジ,17.5
2023105966,スカルラッティ,2026/02/22,1阪神2,晴,5.0,3歳未勝利,13,7.0,10,203.3,13.0,12,角田大和,55.0,芝,2000.0,良,123.4,3.3,4-6-7-10,37.8,478.0,-18.0,ロングトールサリー,
2023105966,スカルラッティ,2026/02/07,2京都3,曇,4.0,3歳新馬,16,1.0,1,33.9,13.0,14,幸英明,55.0,ダ,1800.0,良,118.2,4.4,16-16-16-16,39.6,496.0,0.0,アレンスター,
2023104777,ブブチャンプ,2026/05/06,盛岡,晴,4.0,3歳B2三組,11,6.0,7,29.9,4.0,10,山本政聡,54.0,ダ,1400.0,稍,90.7,2.8,7-7,40.5,445.0,10.0,サンドロック,
2023104777,ブブチャンプ,2026/04/07,水沢,曇,7.0,3歳B2三組,11,6.0,6,12.9,3.0,7,山本政聡,54.0,ダ,1400.0,稍,93.7,3.6,8-5-7-6,42.6,435.0,0.0,ラブミーヘンリー,
2023104777,ブブチャンプ,2026/03/24,水沢,晴,7.0,3歳B2二組,11,4.0,4,15.2,4.0,6,山本政聡,54.0,ダ,1400.0,良,95.0,3.8,10-9-10-8,42.5,435.0,-17.0,アウトザロー,
2023104777,ブブチャンプ,2025/12/23,水沢,曇,6.0,2歳,11,2.0,2,9.1,4.0,2,山本政聡,54.0,ダ,1400.0,重,90.3,0.1,7-7-8-7,40.5,452.0,0.0,モズホンマデッカ,26.3
2023104777,ブブチャンプ,2025/12/10,水沢,曇,6.0,2歳,11,6.0,7,17.6,6.0,10,山本政聡,54.0,ダ,1400.0,不,90.7,1.3,3-3-3-8,40.3,452.0,-1.0,リコーホーク,
2023104777,ブブチャンプ,2025/11/26,水沢,曇,5.0,2歳,11,8.0,10,6.7,3.0,2,山本政聡,54.0,ダ,1400.0,稍,92.1,0.6,3-3-3-3,40.7,453.0,-11.0,ジュノヴェール,26.3
2023104777,ブブチャンプ,2025/10/28,門別,晴,2.0,2歳牝馬未勝利(未勝利),10,4.0,4,107.5,7.0,9,藤田凌駕,53.0,ダ,1000.0,稍,64.9,1.7,6-6,38.9,464.0,0.0,アークオブライフ,
2023104777,ブブチャンプ,2025/10/14,門別,晴,2.0,ホクレンカタログギフ(未勝利)(2歳),9,4.0,4,15.2,5.0,7,小野楓馬,55.0,ダ,1000.0,稍,64.3,1.6,6-6,39.4,464.0,4.0,スタールビーピアス,
2023104777,ブブチャンプ,2025/10/02,門別,晴,2.0,2歳未勝利(未勝利),11,8.0,10,12.1,4.0,4,藤田凌駕,52.0,ダ,1000.0,稍,63.4,0.8,3-1,38.6,460.0,2.0,オオイシアジサイ,7.0
2023104777,ブブチャンプ,2025/09/18,門別,晴,2.0,日高町くるみちゃん賞(未勝利)(2歳),12,5.0,5,31.7,4.0,5,塩津璃菜,51.0,ダ,1000.0,良,64.7,2.0,1-1,39.6,458.0,4.0,ベラジオヒダカボシ,3.5
2023104777,ブブチャンプ,2025/09/03,門別,晴,2.0,2歳未勝利(未勝利),10,8.0,10,16.8,6.0,3,塩津璃菜,51.0,ダ,1000.0,重,64.3,0.5,2-1,40.0,454.0,2.0,ピルゴスアイトス,10.5
2023104777,ブブチャンプ,2025/08/20,門別,曇,2.0,2歳未勝利(未勝利),11,4.0,4,95.6,7.0,8,阿部龍,55.0,ダ,1000.0,重,65.0,1.6,6-8,39.3,452.0,0.0,クラバエル,
2023104777,ブブチャンプ,2025/08/06,門別,曇,1.0,2歳未勝利(未勝利),12,3.0,3,409.5,11.0,9,岩橋勇二,55.0,ダ,1000.0,良,64.8,2.3,4-6,39.9,452.0,0.0,スティルアローン,
2023104777,ブブチャンプ,2025/07/22,門別,晴,2.0,2歳牝馬未勝利(未勝利),10,2.0,2,63.1,7.0,8,落合玄太,55.0,ダ,1000.0,良,64.1,1.4,6-6,39.1,452.0,-6.0,スティールファイン,
2023104777,ブブチャンプ,2025/07/08,門別,晴,2.0,2歳牝馬未勝利(未勝利),9,1.0,1,12.8,4.0,5,落合玄太,55.0,ダ,1000.0,良,64.1,1.2,3-4,38.9,458.0,-2.0,ノアルパフェ,3.5
2023104777,ブブチャンプ,2025/06/24,門別,晴,3.0,未来を守ろう自衛官募(未勝利)(2歳),12,2.0,2,76.3,8.0,9,松井伸也,55.0,ダ,1200.0,良,78.8,3.4,8-9,41.0,460.0,-2.0,ドライブミーホーム,
2023104777,ブブチャンプ,2025/06/04,門別,曇,3.0,JRA認定競走アタッ(未勝利)(2歳),11,3.0,3,45.2,7.0,8,松井伸也,55.0,ダ,1200.0,重,77.3,2.7,7-6,41.3,462.0,-4.0,リバーストリート,
2023104777,ブブチャンプ,2025/05/14,門別,曇,5.0,JRA認定競走フレッ(新馬)(2歳),9,5.0,5,20.8,4.0,5,宮内勇樹,55.0,ダ,1100.0,良,71.3,1.9,6-7,39.6,466.0,0.0,グリーゼ,21.0
2023106435,ボグラーモデル,2026/07/14,盛岡,曇,5.0,3歳C1二組,9,5.0,5,53.9,8.0,7,村上忍,56.0,ダ,1400.0,稍,88.1,1.0,2-2,38.4,457.0,-1.0,トキノシャトー,
2023106435,ボグラーモデル,2026/06/30,盛岡,晴,7.0,3歳C1一組,11,4.0,4,50.1,8.0,8,村上忍,56.0,ダ,1400.0,良,88.7,3.3,9-10,39.8,458.0,4.0,ヒナタ,
2023106435,ボグラーモデル,2026/06/16,水沢,晴,8.0,3歳C1二組,12,8.0,11,90.5,7.0,9,岩本怜,56.0,ダ,1400.0,良,93.7,3.6,7-7-8-9,42.9,454.0,-4.0,イヌボウノキラメキ,
2023106435,ボグラーモデル,2026/06/02,水沢,晴,8.0,3歳B2三組,12,4.0,4,7.5,4.0,12,村上忍,56.0,ダ,1400.0,良,93.8,2.0,5-4-7-8,42.9,458.0,-2.0,ディオスデルマール,
2023106435,ボグラーモデル,2026/05/19,盛岡,晴,7.0,3歳B2二組,11,1.0,1,1.9,1.0,7,村上忍,56.0,ダ,1400.0,良,89.5,2.1,4-4,40.3,460.0,-4.0,チェンドル,
2023106435,ボグラーモデル,2026/05/06,盛岡,晴,4.0,3歳B2三組,11,8.0,10,1.3,1.0,2,村上忍,56.0,ダ,1400.0,稍,88.2,0.3,3-2,39.4,464.0,-6.0,サンドロック,24.5
2023106435,ボグラーモデル,2026/04/12,水沢,晴,5.0,3歳C1二組,12,5.0,6,1.6,1.0,1,村上忍,56.0,ダ,1400.0,稍,90.9,-0.2,3-3-3-1,39.3,470.0,0.0,(トーセンクリステル),60.0
2023106435,ボグラーモデル,2026/03/30,水沢,曇,7.0,3歳C2一組,10,8.0,9,1.9,1.0,2,村上忍,56.0,ダ,1300.0,稍,84.2,0.7,2-2-2-2,39.3,470.0,3.0,フラゲルムデイ,17.5
2023106435,ボグラーモデル,2026/03/16,水沢,晴,6.0,3歳C2二組,11,4.0,4,3.4,1.0,3,岩本怜,56.0,ダ,1300.0,良,87.3,1.4,4-5-3-4,42.0,467.0,-9.0,キャスパン,10.0
2023106435,ボグラーモデル,2026/02/01,1小倉4,曇,6.0,3歳未勝利,18,7.0,13,143.5,17.0,15,石神深道,54.0,芝,2000.0,良,121.4,1.3,11-11-13-13,35.5,476.0,2.0,マカナアネラ,
2023106435,ボグラーモデル,2026/01/05,1中山2,晴,6.0,3歳未勝利,18,8.0,17,389.4,18.0,13,柴田大知,57.0,芝,2000.0,良,122.3,1.2,4-6-5-6,36.8,474.0,2.0,イモータリス,
2023106435,ボグラーモデル,2025/10/12,4東京4,晴,1.0,2歳未勝利,15,4.0,8,138.2,13.0,14,石神深道,53.0,ダ,1600.0,良,105.3,6.6,9-11,43.3,472.0,2.0,サンダーヴィント,
2023106435,ボグラーモデル,2025/09/27,4中山8,晴,5.0,2歳新馬,16,3.0,6,184.8,14.0,11,石神深道,52.0,芝,1600.0,良,97.1,1.3,4-4-5,35.8,470.0,0.0,ギリーズボール,
2023106348,キタノボストン,2026/07/14,盛岡,曇,5.0,3歳C1二組,9,8.0,8,7.1,2.0,3,小林凌,56.0,ダ,1400.0,稍,87.5,0.4,6-4,37.6,450.0,9.0,トキノシャトー,12.0
2023106348,キタノボストン,2026/06/21,水沢,雨,6.0,3歳C2二組,12,5.0,6,8.3,3.0,1,小林凌,56.0,ダ,1400.0,不,89.0,-0.1,3-3-2-2,40.0,441.0,-2.0,(ニケフェリーチェ),50.0
2023106348,キタノボストン,2026/06/07,水沢,曇,6.0,3歳C1二組,12,1.0,1,16.7,4.0,6,小林凌,56.0,ダ,1400.0,良,93.9,1.9,1-1-1-2,43.4,443.0,-5.0,コロッセウム,
2023106348,キタノボストン,2026/05/24,盛岡,小雨,6.0,3歳C1二組,10,8.0,10,48.2,7.0,3,小林凌,56.0,ダ,1400.0,良,88.4,1.4,3-3,38.2,448.0,14.0,イヌボウノキラメキ,12.0
2023106348,キタノボストン,2026/04/27,水沢,雨,5.0,3歳C1二組,12,8.0,11,5.9,2.0,2,小林凌,56.0,ダ,1400.0,稍,93.4,0.0,3-3-2-2,41.1,434.0,-6.0,ノーブルティアラ,21.0
2023106348,キタノボストン,2026/04/12,水沢,晴,5.0,3歳C1二組,12,8.0,11,6.9,3.0,4,小林凌,56.0,ダ,1400.0,稍,92.2,1.3,6-8-5-6,39.8,440.0,-1.0,ボグラーモデル,7.8
2023106348,キタノボストン,2026/03/30,水沢,曇,6.0,3歳C2二組,10,4.0,4,3.4,2.0,2,小林凌,56.0,ダ,1300.0,稍,86.5,0.1,10-8-6-3,40.2,441.0,9.0,ブリーゼプリマベラ,17.5
2023106348,キタノボストン,2026/02/15,2京都6,曇,6.0,3歳未勝利,18,8.0,18,392.1,18.0,17,岩部純二,57.0,芝,1600.0,良,98.1,4.0,14-16,37.5,432.0,-6.0,アヴィオン,
2023106348,キタノボストン,2026/01/18,1中山7,晴,5.0,3歳新馬,16,2.0,3,258.4,15.0,8,岩部純二,57.0,芝,1600.0,良,95.7,1.3,9-8-8,34.9,438.0,0.0,サンプレクス,
2023104452,ヤマショウセブン,2026/07/14,盛岡,曇,6.0,3歳C1一組,9,7.0,7,5.9,3.0,3,大坪慎,54.0,ダ,1400.0,稍,87.1,0.5,2-2,37.6,432.0,2.0,マルケイファイン,12.0
2023104452,ヤマショウセブン,2026/06/30,盛岡,晴,7.0,3歳C1一組,11,8.0,11,40.7,6.0,5,菅原辰徳,54.0,ダ,1400.0,良,87.4,2.0,3-2,40.1,430.0,-1.0,ヒナタ,4.2
2023104452,ヤマショウセブン,2026/06/16,水沢,晴,8.0,3歳C1二組,12,7.0,9,47.9,6.0,7,菅原辰徳,54.0,ダ,1400.0,良,92.0,1.9,8-7-6-6,41.5,431.0,-2.0,イヌボウノキラメキ,
2023104452,ヤマショウセブン,2026/06/02,水沢,晴,8.0,3歳B2三組,12,2.0,2,34.7,8.0,8,菅原辰徳,54.0,ダ,1400.0,良,92.9,1.1,1-1-1-1,42.7,433.0,5.0,ディオスデルマール,
2023104452,ヤマショウセブン,2026/05/06,盛岡,晴,5.0,3歳B2二組,11,7.0,8,14.1,5.0,7,菅原辰徳,54.0,ダ,1400.0,良,88.5,1.3,1-1,40.4,428.0,3.0,リケアペンネ,
2023104452,ヤマショウセブン,2026/04/21,水沢,晴,7.0,3歳B2二組,11,2.0,2,74.8,8.0,2,菅原辰徳,54.0,ダ,1400.0,良,92.7,1.5,1-1-1-2,42.5,425.0,3.0,セイウォリアー,24.5
2023104452,ヤマショウセブン,2026/04/07,水沢,曇,7.0,3歳B2三組,11,1.0,1,39.3,7.0,4,菅原辰徳,54.0,ダ,1400.0,稍,92.6,2.5,1-1-1-2,42.5,422.0,-1.0,ラブミーヘンリー,9.1
2023104452,ヤマショウセブン,2026/03/24,水沢,晴,7.0,3歳B2二組,11,1.0,1,116.3,9.0,3,佐々木志,54.0,ダ,1400.0,良,94.4,3.2,7-7-8-6,42.0,423.0,-1.0,アウトザロー,14.0
2023104452,ヤマショウセブン,2026/03/15,水沢,晴,6.0,3歳C1一組,8,7.0,7,21.1,7.0,5,菅原辰徳,54.0,ダ,1400.0,良,95.5,0.2,3-3-2-2,43.6,424.0,1.0,ポルテボヌール,4.2
2023104452,ヤマショウセブン,2025/12/10,水沢,曇,5.0,2歳,11,2.0,2,46.3,8.0,10,菅原辰徳,54.0,ダ,1400.0,不,91.7,2.7,5-5-8-8,41.6,423.0,-1.0,セイジョークラウン,
2023104452,ヤマショウセブン,2025/11/26,水沢,曇,5.0,2歳,11,8.0,11,40.8,8.0,6,菅原辰徳,54.0,ダ,1400.0,稍,93.5,2.0,5-5-4-6,41.9,424.0,-1.0,ジュノヴェール,
2023104452,ヤマショウセブン,2025/10/28,盛岡,曇,6.0,2歳,8,6.0,6,3.0,1.0,6,高橋悠里,54.0,ダ,1400.0,稍,89.1,0.7,1-1,39.3,425.0,-7.0,コンバットキャモ,
2023104452,ヤマショウセブン,2025/10/14,盛岡,曇,7.0,2歳,10,8.0,10,8.8,3.0,8,菅原辰徳,54.0,ダ,1400.0,良,90.3,1.5,3-3,41.4,432.0,-3.0,メタルレイヴァー,
2023104452,ヤマショウセブン,2025/09/16,水沢,晴,5.0,2歳,8,3.0,3,6.2,4.0,5,高松亮,54.0,ダ,1400.0,稍,91.7,0.8,2-2-2-2,41.0,435.0,3.0,マリーオラス,5.3
2023104452,ヤマショウセブン,2025/09/01,盛岡,曇,7.0,2歳,11,3.0,3,59.4,7.0,5,高松亮,54.0,ダ,1400.0,良,90.0,1.0,6-5,39.6,432.0,4.0,アドレニコル,5.3
2023104452,ヤマショウセブン,2025/08/03,盛岡,晴,9.0,フューチャーステップ(2歳),11,3.0,3,47.9,9.0,10,佐々木志,54.0,芝,1600.0,良,102.5,2.1,6-8-11-11,37.8,428.0,0.0,トゥーナスタディ,
2023104452,ヤマショウセブン,2025/07/08,盛岡,晴,1.0,2歳,8,7.0,7,4.9,3.0,2,菅原辰徳,54.0,ダ,1200.0,良,76.6,0.9,1-1,39.1,428.0,-7.0,レイメイノノロシ,22.8
2023104452,ヤマショウセブン,2025/06/24,水沢,小雨,1.0,2歳,8,3.0,3,5.1,3.0,3,菅原辰徳,54.0,ダ,1300.0,稍,87.8,1.3,1-1-1-2,43.8,435.0,11.0,クイーンオメガ,13.0
2023104452,ヤマショウセブン,2025/05/26,盛岡,晴,1.0,2歳,7,3.0,3,27.6,6.0,5,菅原辰徳,54.0,ダ,1200.0,重,80.2,2.3,4-5,42.1,424.0,-5.0,トゥーナスタディ,6.0
2023104452,ヤマショウセブン,2025/05/04,盛岡,曇,1.0,ファーストステップ2(新馬)(2歳),6,1.0,1,13.7,5.0,5,菅原辰徳,54.0,ダ,1000.0,不,63.7,3.3,2-3,39.4,429.0,0.0,ラブコラージェン,14.0
2023101549,ウチュウノハナ,2026/07/14,盛岡,曇,6.0,3歳C1一組,9,2.0,2,2.1,1.0,6,南郷家全,54.0,ダ,1400.0,稍,88.1,1.5,3-4,38.3,424.0,0.0,マルケイファイン,
2023101549,ウチュウノハナ,2026/06/30,盛岡,晴,7.0,3歳C1一組,11,7.0,8,23.6,5.0,2,南郷家全,54.0,ダ,1400.0,良,87.0,1.6,4-3,39.5,424.0,1.0,ヒナタ,21.0
2023101549,ウチュウノハナ,2026/06/21,水沢,雨,7.0,3歳C2一組,11,7.0,9,13.3,4.0,5,南郷家全,54.0,ダ,1400.0,不,90.2,1.1,6-6-6-3,40.8,423.0,-6.0,マルケイファイン,3.5
2023101549,ウチュウノハナ,2026/06/02,水沢,晴,8.0,3歳B2三組,12,5.0,6,4.1,2.0,11,南郷家全,54.0,ダ,1400.0,良,93.7,1.9,12-12-12-12,41.5,429.0,-2.0,ディオスデルマール,
2023101549,ウチュウノハナ,2026/05/10,盛岡,晴,5.0,3歳C1二組,10,6.0,6,1.4,1.0,1,南郷家全,54.0,ダ,1400.0,稍,88.4,-0.4,2-2,38.8,431.0,3.0,(シスターブラック),60.0
2023101549,ウチュウノハナ,2026/04/28,水沢,雨,6.0,3歳C2二組,10,8.0,10,2.3,1.0,1,高松亮,54.0,ダ,1300.0,良,86.2,-0.6,1-1-1-1,40.5,428.0,0.0,(キタスピエル),50.0
2023101549,ウチュウノハナ,2026/03/21,1中京3,晴,2.0,3歳未勝利,16,7.0,13,461.0,16.0,15,和田陽希,52.0,ダ,1200.0,良,76.8,3.6,16-16,39.1,428.0,0.0,ヴェルジーネ,
2023101549,ウチュウノハナ,2026/01/17,1中山6,晴,1.0,3歳未勝利,16,4.0,7,250.4,11.0,11,木幡巧也,55.0,ダ,1200.0,良,75.0,2.0,12-12,39.3,428.0,4.0,サントマーレ,
2023101549,ウチュウノハナ,2025/11/29,5東京7,晴,4.0,2歳新馬,16,3.0,5,41.5,9.0,10,木幡巧也,55.0,ダ,1400.0,良,89.1,3.2,7-8,39.5,424.0,0.0,オクトーバーナイン,
2023104146,ヤマチョウミニヨン,2026/07/13,盛岡,曇,7.0,3歳B2二組,10,7.0,7,38.6,5.0,8,山本政聡,54.0,ダ,1400.0,重,86.1,1.4,9-9,36.8,427.0,3.0,ヒナタ,
2023104146,ヤマチョウミニヨン,2026/06/29,盛岡,晴,7.0,ファインエステート賞(3歳B2),11,8.0,11,25.6,4.0,7,山本政聡,54.0,ダ,1400.0,良,87.8,0.8,11-10,37.2,424.0,2.0,ヨアケ,
2023104146,ヤマチョウミニヨン,2026/06/16,水沢,晴,9.0,3歳C1一組,12,5.0,5,42.8,8.0,3,山本政聡,54.0,ダ,1400.0,良,91.1,0.2,12-12-12-6,38.9,422.0,-1.0,ディオスデルマール,12.0
2023104146,ヤマチョウミニヨン,2026/06/02,水沢,晴,9.0,3歳B2二組,12,3.0,3,58.3,9.0,6,高橋悠里,54.0,ダ,1400.0,良,92.5,0.9,10-10-11-8,40.8,423.0,3.0,キャスパン,
2023104146,ヤマチョウミニヨン,2026/05/19,盛岡,晴,8.0,3歳B2一組,12,6.0,8,46.2,7.0,9,岩本怜,54.0,ダ,1400.0,良,90.1,3.2,8-7,40.7,420.0,-6.0,セイウォリアー,
2023104146,ヤマチョウミニヨン,2026/05/06,盛岡,晴,5.0,3歳B2二組,11,8.0,10,16.9,6.0,4,岩本怜,54.0,ダ,1400.0,良,88.3,1.1,8-5,39.1,426.0,1.0,リケアペンネ,9.1
2023104146,ヤマチョウミニヨン,2026/04/21,水沢,晴,8.0,3歳B2一組,12,7.0,9,100.9,7.0,4,山本聡紀,54.0,ダ,1400.0,良,93.6,1.8,10-10-9-5,41.2,425.0,1.0,ベアコルム,9.1
2023104146,ヤマチョウミニヨン,2026/04/06,水沢,晴,6.0,3歳B2二組,11,2.0,2,42.4,5.0,4,岩本怜,54.0,ダ,1400.0,稍,91.2,2.8,10-9-10-7,39.5,424.0,-4.0,アウトザロー,9.1
2023104146,ヤマチョウミニヨン,2026/03/24,水沢,晴,8.0,3歳B2一組,11,7.0,8,4.9,2.0,6,岩本怜,54.0,ダ,1400.0,良,94.3,1.5,9-8-4-6,42.8,428.0,4.0,リフレララ,
2023104146,ヤマチョウミニヨン,2026/03/09,水沢,晴,7.0,3歳B2二組,10,5.0,5,42.5,6.0,2,佐々木志,54.0,ダ,1400.0,稍,92.5,0.1,9-9-9-7,40.2,424.0,-13.0,ヴァリュアブル,24.5
2023104146,ヤマチョウミニヨン,2025/12/23,水沢,曇,6.0,2歳,11,3.0,3,3.9,2.0,4,大坪慎,54.0,ダ,1400.0,重,90.6,0.4,11-11-10-5,39.3,437.0,-3.0,モズホンマデッカ,9.8
2023104146,ヤマチョウミニヨン,2025/12/10,水沢,曇,6.0,2歳,11,5.0,5,107.6,10.0,5,岩本怜,54.0,ダ,1400.0,不,90.0,0.6,11-11-11-6,38.1,440.0,5.0,リコーホーク,5.3
2023104146,ヤマチョウミニヨン,2025/11/26,水沢,曇,6.0,2歳,11,1.0,1,32.2,7.0,7,岩本怜,54.0,ダ,1400.0,稍,93.2,0.5,10-9-11-10,40.8,435.0,0.0,ミクリ,
2023104146,ヤマチョウミニヨン,2025/11/12,盛岡,晴,6.0,2歳,9,8.0,8,10.3,5.0,6,大坪慎,54.0,ダ,1400.0,良,90.0,1.9,9-9,38.1,435.0,0.0,タカマキシックス,
2023104146,ヤマチョウミニヨン,2025/10/28,盛岡,曇,6.0,2歳,8,4.0,4,3.4,2.0,2,大坪慎,54.0,ダ,1400.0,稍,88.7,0.3,5-5,38.2,435.0,-5.0,コンバットキャモ,26.3
2023104146,ヤマチョウミニヨン,2025/10/14,盛岡,曇,6.0,2歳,8,6.0,6,6.8,5.0,2,山本聡紀,54.0,ダ,1400.0,良,89.7,1.5,6-4,39.2,440.0,4.0,ヴァリュアブル,26.3
2023104146,ヤマチョウミニヨン,2025/09/02,門別,雨,3.0,2歳牝馬未勝利(未勝利),11,8.0,10,90.2,8.0,10,松井伸也,55.0,ダ,1000.0,重,64.3,1.5,10-10,38.5,436.0,6.0,ビラトリチャーム,
2023104146,ヤマチョウミニヨン,2025/08/06,門別,曇,1.0,2歳未勝利(未勝利),12,7.0,10,200.9,9.0,8,及川烈,54.0,ダ,1000.0,良,64.4,1.9,5-4,39.4,430.0,-2.0,スティルアローン,
2023104146,ヤマチョウミニヨン,2025/07/22,門別,晴,3.0,2歳未勝利(未勝利),11,1.0,1,483.0,11.0,11,松井伸也,55.0,ダ,1100.0,良,73.2,4.0,5-4,42.3,432.0,-6.0,サヨナキドリ,
2023104146,ヤマチョウミニヨン,2025/07/02,門別,曇,5.0,JRA認定競走フレッ(新馬)(2歳),7,3.0,3,14.1,3.0,5,宮内勇樹,55.0,ダ,1000.0,良,65.9,3.2,5-5,40.2,438.0,0.0,マイラーズドーン,17.5
2023102935,ニケフェリーチェ,2026/07/05,盛岡,曇,4.0,3歳C1三組,11,5.0,5,6.2,3.0,1,高松亮,54.0,ダ,1400.0,良,86.9,-0.2,1-1,38.7,460.0,2.0,(ムルーデ),60.0
2023102935,ニケフェリーチェ,2026/06/21,水沢,雨,6.0,3歳C2二組,12,4.0,4,1.4,1.0,2,高松亮,54.0,ダ,1400.0,不,89.1,0.1,1-1-1-1,40.4,458.0,-2.0,キタノボストン,17.5
2023102935,ニケフェリーチェ,2026/06/08,水沢,雨,7.0,3歳C2二組,11,7.0,8,2.5,1.0,1,高松亮,54.0,ダ,1300.0,重,82.6,-0.1,3-3-3-1,38.7,460.0,3.0,(ノーブルガイザー),50.0
2023102935,ニケフェリーチェ,2026/05/25,盛岡,晴,6.0,3歳C2三組,12,7.0,9,8.3,4.0,5,高松亮,54.0,ダ,1200.0,良,74.4,0.6,4-6,38.2,457.0,5.0,イッツオンリーラブ,3.5
2023102935,ニケフェリーチェ,2026/04/05,3中山4,晴,3.0,3歳未勝利,16,2.0,3,297.8,15.0,13,柴田大知,55.0,ダ,1800.0,不,117.6,5.3,6-6-10-12,41.9,452.0,-4.0,ミスターキャンベラ,
2023102935,ニケフェリーチェ,2026/03/29,3中山2,晴,1.0,3歳未勝利,16,2.0,4,428.4,15.0,11,柴田大知,55.0,ダ,1800.0,稍,119.5,4.1,11-11-12-14,41.4,456.0,6.0,クイーンズホリデー,
2023102935,ニケフェリーチェ,2026/01/25,1中山9,晴,2.0,3歳未勝利,14,6.0,9,441.8,13.0,11,柴田大知,55.0,ダ,1800.0,良,121.5,3.6,7-8-9-9,42.8,450.0,-2.0,プレイメイカー,
2023102935,ニケフェリーチェ,2026/01/11,1中山4,曇,2.0,3歳未勝利,16,1.0,2,366.1,15.0,11,柴田大知,55.0,ダ,1800.0,良,119.7,2.8,8-8-9-8,41.3,452.0,4.0,ノーブルクラウド,
2023102935,ニケフェリーチェ,2025/12/27,5中山7,曇,3.0,2歳未勝利,16,4.0,7,188.7,13.0,11,柴田大知,55.0,ダ,1200.0,稍,74.0,2.3,14-14,38.4,448.0,4.0,パータリプトラ,
2023102935,ニケフェリーチェ,2025/09/15,4中山5,曇,1.0,2歳未勝利,16,7.0,13,144.5,12.0,15,佐々木大,55.0,ダ,1200.0,良,75.7,2.4,13-15,40.1,444.0,-6.0,トップマジシャン,
2023102935,ニケフェリーチェ,2025/09/06,4中山1,晴,3.0,2歳未勝利,9,3.0,3,50.0,7.0,7,柴田大知,55.0,ダ,1800.0,重,119.8,4.7,7-7-7-9,42.6,450.0,4.0,ニャンタロウ,
2023102935,ニケフェリーチェ,2025/08/09,2新潟5,晴,1.0,2歳未勝利,15,2.0,2,499.6,15.0,14,柴田大知,55.0,ダ,1200.0,良,74.6,3.8,15-15,37.7,446.0,-2.0,サトノボヤージュ,
2023102935,ニケフェリーチェ,2025/06/08,3東京2,曇,6.0,2歳新馬,17,8.0,15,209.0,16.0,17,佐々木大,55.0,芝,1400.0,良,88.5,5.4,14-17,38.2,448.0,0.0,パープルガーネット,
2023103981,リトゥリア,2026/07/14,盛岡,曇,5.0,3歳C1二組,9,2.0,2,1.3,1.0,2,山本聡哉,54.0,ダ,1400.0,稍,87.5,0.4,3-5,37.6,460.0,10.0,トキノシャトー,21.0
2023103981,リトゥリア,2026/06/13,3阪神3,晴,1.0,3歳未勝利,16,4.0,8,96.0,11.0,11,Ｍ．デム,55.0,ダ,1200.0,良,74.4,2.0,12-11,37.6,450.0,0.0,エイユーサクラ,
2023103981,リトゥリア,2026/04/11,2阪神5,晴,1.0,3歳未勝利,16,4.0,8,76.0,10.0,9,北村友一,55.0,ダ,1800.0,重,115.1,1.8,16-16-16-13,39.1,450.0,-2.0,イルカンダ,
2023103981,リトゥリア,2026/03/28,1中京5,晴,2.0,3歳未勝利,13,7.0,10,5.9,3.0,6,岩田康誠,55.0,ダ,1800.0,稍,116.4,1.2,9-9-9-8,39.0,452.0,-10.0,キタノサリスカ,
2023103981,リトゥリア,2026/01/10,1京都3,晴,5.0,3歳未勝利,18,7.0,14,83.9,11.0,14,西村淳也,55.0,芝,1600.0,良,97.0,1.8,14-11,36.6,462.0,10.0,ダンデノン,
2023103981,リトゥリア,2025/10/13,3京都5,晴,2.0,2歳未勝利,10,6.0,6,17.3,5.0,4,北村友一,55.0,芝,1600.0,良,94.9,0.3,7-7,34.6,452.0,2.0,メイプルハッピー,84.0
2023103981,リトゥリア,2025/09/28,4阪神9,晴,2.0,2歳未勝利,14,6.0,10,9.8,4.0,9,吉村誠之,54.0,芝,1400.0,良,82.4,0.7,8-9,35.5,450.0,-6.0,ノアールビーナス,
2023103981,リトゥリア,2025/08/02,3中京3,晴,1.0,2歳未勝利,5,3.0,3,6.5,4.0,3,坂井瑠星,55.0,芝,1400.0,良,83.4,1.1,5-5,33.9,456.0,0.0,タマモイカロス,140.0
2023103981,リトゥリア,2025/07/13,2小倉6,曇,6.0,2歳新馬,8,2.0,2,4.9,4.0,2,高杉吏麒,54.0,芝,1200.0,良,71.6,0.4,3-4,35.7,456.0,0.0,ジュジュドール,300.0
2023107418,メロウアンバー,2026/07/13,盛岡,曇,7.0,3歳B2二組,10,1.0,1,18.9,3.0,10,高松亮,56.0,ダ,1400.0,重,87.1,2.4,6-7,38.3,455.0,-3.0,ヒナタ,
2023107418,メロウアンバー,2026/06/16,水沢,晴,8.0,3歳C1二組,12,8.0,12,4.5,2.0,3,高松亮,56.0,ダ,1400.0,良,91.3,1.2,1-1-2-2,41.3,458.0,11.0,イヌボウノキラメキ,12.0
2023107418,メロウアンバー,2026/05/19,盛岡,晴,7.0,3歳B2二組,11,8.0,11,2.9,2.0,2,高松亮,56.0,ダ,1400.0,良,87.5,0.1,1-1,38.8,447.0,-5.0,チェンドル,24.5
2023107418,メロウアンバー,2026/04/27,水沢,雨,6.0,3歳C1一組,12,6.0,8,2.3,1.0,1,高松亮,56.0,ダ,1400.0,稍,93.4,-0.2,1-1-1-1,41.9,452.0,2.0,(トーセンクリステル),60.0
2023107418,メロウアンバー,2026/04/13,水沢,晴,6.0,3歳C2二組,10,6.0,6,2.1,1.0,1,高松亮,56.0,ダ,1300.0,稍,84.9,-0.2,2-2-1-1,41.0,450.0,30.0,(ピッタンヌンムル),50.0
2023107418,メロウアンバー,2026/02/15,1小倉8,晴,2.0,3歳未勝利,18,6.0,12,187.0,14.0,18,和田陽希,54.0,芝,1200.0,稍,72.6,3.5,13-16,38.0,420.0,-10.0,エバーラスト,
2023107418,メロウアンバー,2025/11/15,4京都3,晴,2.0,2歳未勝利,11,6.0,7,280.4,11.0,8,幸英明,56.0,ダ,1400.0,良,87.4,2.4,4-4,38.8,430.0,6.0,スマートジュリアス,
2023107418,メロウアンバー,2025/11/02,3京都11,晴,3.0,2歳新馬,16,3.0,6,44.9,10.0,11,吉村誠之,55.0,ダ,1400.0,稍,88.0,3.2,7-7,38.7,424.0,0.0,メイショウカクウチ,
2023100355,キララアリエス,2026/07/14,盛岡,曇,5.0,3歳C1二組,9,4.0,4,19.1,5.0,4,高橋悠里,54.0,ダ,1400.0,稍,87.6,0.5,8-7,37.3,432.0,2.0,トキノシャトー,7.8
2023100355,キララアリエス,2026/07/05,盛岡,曇,5.0,3歳C1二組,11,6.0,6,29.5,7.0,4,佐々木志,54.0,ダ,1400.0,良,88.3,0.7,8-6,38.8,430.0,0.0,イッツオンリーラブ,7.8
2023100355,キララアリエス,2026/06/21,水沢,雨,7.0,3歳C2一組,11,5.0,6,130.4,10.0,4,坂井瑛音,53.0,ダ,1400.0,不,89.9,0.8,8-7-8-5,40.2,430.0,5.0,マルケイファイン,6.5
2023100355,キララアリエス,2026/05/19,盛岡,晴,7.0,3歳B2二組,11,7.0,8,98.7,8.0,8,坂井瑛音,53.0,ダ,1400.0,良,89.7,2.3,9-8,39.5,425.0,-3.0,チェンドル,
2023100355,キララアリエス,2026/05/06,盛岡,晴,4.0,3歳B2三組,11,7.0,9,120.7,10.0,6,坂井瑛音,53.0,ダ,1400.0,稍,89.1,1.2,8-7,38.9,428.0,-3.0,サンドロック,
2023100355,キララアリエス,2026/04/21,水沢,晴,7.0,3歳B2二組,11,8.0,11,22.1,6.0,8,坂井瑛音,52.0,ダ,1400.0,良,95.1,3.9,10-10-10-7,42.8,431.0,-2.0,セイウォリアー,
2023100355,キララアリエス,2025/12/22,水沢,曇,6.0,2歳,11,5.0,6,15.0,7.0,10,佐々木志,54.0,ダ,1400.0,重,92.4,2.5,9-9-7-8,40.9,433.0,12.0,ウィルスカイ,
2023100355,キララアリエス,2025/10/12,盛岡,小雨,6.0,2歳,8,5.0,5,6.6,4.0,6,佐々木志,54.0,ダ,1400.0,稍,89.3,1.3,7-7,38.5,421.0,1.0,テクノアップル,
2023100355,キララアリエス,2025/09/30,水沢,晴,6.0,2歳,10,6.0,6,3.4,2.0,2,佐々木志,54.0,ダ,1300.0,重,84.6,1.1,10-9-8-6,39.0,420.0,-4.0,グローラヴェンコ,22.8
2023100355,キララアリエス,2025/09/16,水沢,晴,5.0,2歳,8,2.0,2,4.4,2.0,3,山本聡哉,54.0,ダ,1400.0,稍,91.5,0.6,8-8-5-6,40.1,424.0,1.0,マリーオラス,15.0
2023100355,キララアリエス,2025/09/01,盛岡,曇,6.0,2歳,10,3.0,3,42.0,6.0,2,佐々木志,54.0,ダ,1400.0,良,90.4,1.2,9-8,39.5,423.0,-2.0,ルッソクイーン,26.3
2023100355,キララアリエス,2025/08/17,盛岡,曇,6.0,2歳,9,3.0,3,31.0,9.0,4,岩本怜,54.0,ダ,1400.0,良,91.4,1.0,5-4,41.2,425.0,-1.0,サンエイウォリアー,9.8
2023100355,キララアリエス,2025/05/25,盛岡,小雨,2.0,ファーストステップ2(新馬)(2歳),6,3.0,3,25.3,6.0,4,高橋悠里,54.0,ダ,1000.0,不,63.5,3.1,6-6,37.7,426.0,0.0,ディオニス,26.0
2023103645,クラージュクリール,2026/07/14,盛岡,曇,6.0,3歳C1一組,9,4.0,4,7.1,5.0,5,阿部英俊,56.0,ダ,1400.0,稍,87.8,1.2,5-6,37.8,431.0,3.0,マルケイファイン,4.2
2023103645,クラージュクリール,2026/06/30,盛岡,晴,7.0,3歳C1一組,11,8.0,10,77.2,10.0,4,阿部英俊,56.0,ダ,1400.0,良,87.3,1.9,7-6,39.2,428.0,2.0,ヒナタ,7.8
2023103645,クラージュクリール,2026/06/16,水沢,晴,8.0,3歳C1二組,12,1.0,1,195.2,9.0,6,阿部英俊,56.0,ダ,1400.0,良,91.7,1.6,11-9-9-7,40.6,426.0,-2.0,イヌボウノキラメキ,
2023103645,クラージュクリール,2026/06/02,水沢,晴,8.0,3歳B2三組,12,5.0,5,55.7,9.0,9,阿部英俊,56.0,ダ,1400.0,良,93.0,1.2,7-5-6-6,42.1,428.0,-7.0,ディオスデルマール,
2023103645,クラージュクリール,2026/05/19,盛岡,晴,7.0,3歳B2二組,11,6.0,7,20.0,4.0,6,阿部英俊,56.0,ダ,1400.0,良,89.2,1.8,3-4,40.2,435.0,-1.0,チェンドル,
2023103645,クラージュクリール,2026/05/06,盛岡,晴,4.0,3歳B2三組,11,2.0,2,40.1,5.0,3,阿部英俊,56.0,ダ,1400.0,稍,88.5,0.6,3-2,39.7,436.0,3.0,サンドロック,14.0
2023103645,クラージュクリール,2026/04/21,水沢,晴,7.0,3歳B2二組,11,1.0,1,21.3,5.0,5,阿部英俊,56.0,ダ,1400.0,良,93.8,2.6,5-4-4-4,42.7,433.0,0.0,セイウォリアー,4.9
2023103645,クラージュクリール,2026/04/06,水沢,晴,6.0,3歳B2二組,11,4.0,4,88.1,6.0,6,阿部英俊,56.0,ダ,1400.0,稍,91.3,2.9,5-5-4-4,40.2,433.0,0.0,アウトザロー,
2023103645,クラージュクリール,2026/03/15,水沢,晴,6.0,3歳C1一組,8,2.0,2,6.2,4.0,2,阿部英俊,56.0,ダ,1400.0,良,95.3,0.0,6-7-6-5,42.7,433.0,-14.0,ポルテボヌール,21.0
2023103645,クラージュクリール,2025/12/22,水沢,曇,6.0,2歳,11,6.0,7,60.9,9.0,6,小林凌,55.0,ダ,1400.0,重,91.4,1.5,6-6-6-6,40.3,447.0,-2.0,ウィルスカイ,
2023103645,クラージュクリール,2025/12/10,水沢,曇,6.0,2歳,11,7.0,9,49.5,9.0,9,阿部英俊,55.0,ダ,1400.0,不,90.7,1.3,4-3-4-7,40.2,449.0,0.0,リコーホーク,
2023103645,クラージュクリール,2025/11/26,水沢,曇,6.0,2歳,11,8.0,11,81.6,10.0,5,鈴木祐,55.0,ダ,1400.0,稍,92.9,0.2,2-3-3-4,42.0,449.0,-4.0,ミクリ,5.3
2023103645,クラージュクリール,2025/11/12,盛岡,晴,6.0,2歳,9,1.0,1,67.1,7.0,8,鈴木祐,55.0,ダ,1400.0,良,90.4,2.3,8-7,38.8,453.0,-4.0,タカマキシックス,
2023103645,クラージュクリール,2025/10/28,盛岡,曇,6.0,2歳,8,2.0,2,6.9,4.0,5,鈴木祐,55.0,ダ,1400.0,稍,89.1,0.7,3-4,39.0,457.0,-2.0,コンバットキャモ,5.3
2023103645,クラージュクリール,2025/10/14,盛岡,曇,7.0,2歳,10,7.0,7,4.2,2.0,6,鈴木祐,55.0,ダ,1400.0,良,90.3,1.5,4-5,41.2,459.0,13.0,メタルレイヴァー,
2023103645,クラージュクリール,2025/09/16,水沢,晴,4.0,2歳,7,3.0,3,2.1,1.0,2,鈴木祐,55.0,ダ,1400.0,稍,92.9,0.3,3-3-1-1,42.7,446.0,-1.0,クリエ,26.3
2023103645,クラージュクリール,2025/08/18,盛岡,晴,5.0,岩手デビュー限定競走(2歳),11,6.0,7,78.1,9.0,9,鈴木祐,55.0,ダ,1400.0,稍,90.6,2.9,9-9,41.3,447.0,-5.0,ラウダーティオ,
2023103645,クラージュクリール,2025/08/04,盛岡,曇,5.0,2歳,8,8.0,8,3.4,3.0,2,鈴木祐,55.0,ダ,1400.0,良,90.4,0.2,4-3,39.4,452.0,-3.0,レヨンドルミエール,26.3
2023103645,クラージュクリール,2025/07/20,盛岡,晴,1.0,ファーストステップ2(新馬)(2歳),8,5.0,5,40.7,6.0,5,鈴木祐,55.0,ダ,1000.0,良,63.3,2.7,7-6,37.9,455.0,0.0,ラウダーティオ,14.0
2023102212,ナダッコ,2026/06/30,盛岡,晴,7.0,3歳C1一組,11,1.0,1,14.6,3.0,3,落合玄太,56.0,ダ,1400.0,良,87.1,1.7,5-3,39.3,492.0,-3.0,ヒナタ,12.0
2023102212,ナダッコ,2026/06/16,水沢,晴,8.0,3歳C1二組,12,6.0,7,10.5,4.0,8,山本政聡,56.0,ダ,1400.0,良,92.0,1.9,5-5-2-3,41.8,495.0,0.0,イヌボウノキラメキ,
2023102212,ナダッコ,2026/06/02,水沢,晴,8.0,3歳B2三組,12,6.0,7,2.1,1.0,4,山本政聡,56.0,ダ,1400.0,良,92.4,0.6,8-8-7-7,41.2,495.0,1.0,ディオスデルマール,9.1
2023102212,ナダッコ,2026/05/05,名古屋,晴,3.0,メイドリーム戦(3歳),5,1.0,1,27.5,5.0,4,村上弘樹,57.0,ダ,2000.0,重,136.3,1.5,3-1-2,42.2,494.0,4.0,カワテンバッカス,15.0
2023102212,ナダッコ,2026/04/10,名古屋,小雨,11.0,春爛漫特別(3歳),10,3.0,3,16.5,5.0,7,望月洵輝,57.0,ダ,1500.0,不,98.6,3.4,5-5-5,42.1,490.0,0.0,タガノアイゼン,
2023102212,ナダッコ,2026/03/26,名古屋,晴,7.0,3歳3組,10,2.0,2,1.6,1.0,1,望月洵輝,57.0,ダ,1500.0,重,98.7,-0.4,4-1-1,40.3,490.0,-1.0,(ハッピーアシュレイ),58.0
2023102212,ナダッコ,2026/03/02,名古屋,晴,6.0,"1,400m戦ロムレ(3歳)",11,7.0,8,6.7,4.0,3,村上弘樹,57.0,ダ,1400.0,良,91.5,0.4,8-7-4,39.9,491.0,-8.0,ホッカイダイオー,11.6
2023102212,ナダッコ,2026/02/12,名古屋,晴,9.0,3歳3組,11,2.0,2,4.1,3.0,6,村上弘樹,57.0,ダ,1400.0,稍,93.7,1.6,9-6-5,40.7,499.0,-2.0,ミラクルカイザー,
2023102212,ナダッコ,2026/01/27,名古屋,晴,2.0,3歳4組,10,8.0,11,1.3,1.0,2,望月洵輝,57.0,ダ,1400.0,良,92.1,0.0,6-5-3,39.2,501.0,-10.0,マイネルモンテュス,20.3
2023102212,ナダッコ,2026/01/05,名古屋,晴,1.0,葉牡丹賞(3歳),12,4.0,4,4.9,4.0,6,望月洵輝,57.0,ダ,1500.0,良,98.9,1.1,5-7-8,40.7,511.0,19.0,ナンゴクドリーム,
2023102212,ナダッコ,2025/11/24,5東京6,晴,1.0,2歳未勝利,15,1.0,1,381.7,12.0,12,北村宏司,56.0,ダ,1600.0,良,101.0,3.3,15-14,38.8,492.0,-4.0,カレイジャスビート,
2023102212,ナダッコ,2025/11/16,5東京4,晴,1.0,2歳未勝利,16,7.0,13,174.5,11.0,13,西塚洸二,55.0,ダ,1400.0,良,88.4,1.8,14-15,38.0,496.0,12.0,ランニングビーチ,
2023102212,ナダッコ,2025/09/06,4中山1,晴,6.0,2歳新馬,16,7.0,14,20.5,7.0,14,団野大成,55.0,ダ,1200.0,稍,76.5,4.0,13-13,39.7,484.0,0.0,アルデトップガン,
2023101337,リュウノソウル,2026/07/13,盛岡,曇,7.0,3歳B2二組,10,4.0,4,74.0,8.0,5,塚本涼人,56.0,ダ,1400.0,重,86.0,1.3,7-10,36.8,509.0,-1.0,ヒナタ,4.9
2023101337,リュウノソウル,2026/06/29,盛岡,晴,7.0,ファインエステート賞(3歳B2),11,2.0,2,45.1,5.0,6,塚本涼人,56.0,ダ,1400.0,良,87.6,0.6,5-6,39.7,510.0,2.0,ヨアケ,
2023101337,リュウノソウル,2026/06/16,水沢,晴,9.0,3歳C1一組,12,8.0,12,9.2,4.0,4,塚本涼人,56.0,ダ,1400.0,良,91.3,0.4,2-2-2-2,41.7,508.0,1.0,ディオスデルマール,7.8
2023101337,リュウノソウル,2026/06/02,水沢,晴,9.0,3歳B2二組,12,6.0,7,25.1,6.0,3,塚本涼人,56.0,ダ,1400.0,良,92.1,0.5,1-1-1-3,41.7,507.0,3.0,キャスパン,14.0
2023101337,リュウノソウル,2026/05/19,盛岡,晴,8.0,3歳B2一組,12,7.0,10,9.6,5.0,6,塚本涼人,56.0,ダ,1400.0,良,89.0,2.1,4-6,40.0,504.0,-4.0,セイウォリアー,
2023101337,リュウノソウル,2026/05/06,盛岡,晴,5.0,3歳B2二組,11,6.0,6,9.4,4.0,3,塚本涼人,56.0,ダ,1400.0,良,87.7,0.5,3-2,39.2,508.0,0.0,リケアペンネ,14.0
2023101337,リュウノソウル,2026/04/21,水沢,晴,8.0,3歳B2一組,12,5.0,5,29.5,5.0,6,塚本涼人,56.0,ダ,1400.0,良,94.2,2.4,1-3-3-3,43.5,508.0,1.0,ベアコルム,
2023101337,リュウノソウル,2026/04/07,水沢,曇,7.0,3歳B2三組,11,4.0,4,6.5,2.0,2,塚本涼人,56.0,ダ,1400.0,稍,91.8,1.7,1-3-3-3,41.4,507.0,4.0,ラブミーヘンリー,24.5
2023101337,リュウノソウル,2026/03/15,水沢,晴,5.0,がんばれ!岩手県の酪(3歳C1),7,4.0,4,3.1,2.0,1,菅原辰徳,56.0,ダ,1400.0,良,95.0,0.0,2-2-2-2,42.6,503.0,-3.0,(ミヤギフェニックス),60.0
2023101337,リュウノソウル,2025/12/23,水沢,曇,5.0,2歳,11,5.0,5,14.5,8.0,6,塚本涼人,55.0,ダ,1400.0,重,91.6,1.0,8-8-7-8,39.4,506.0,-2.0,アクアノート,
2023101337,リュウノソウル,2025/12/14,水沢,小雨,5.0,2歳,12,5.0,6,5.1,3.0,9,塚本涼人,55.0,ダ,1400.0,不,95.0,2.0,3-4-5-8,43.8,508.0,-8.0,ウィルスカイ,
2023101337,リュウノソウル,2025/11/12,門別,晴,1.0,2歳未勝利(未勝利),12,6.0,7,5.0,2.0,6,小野楓馬,56.0,ダ,1000.0,稍,63.1,1.0,6-8,37.8,516.0,0.0,フークシャイニー,
2023101337,リュウノソウル,2025/10/30,門別,晴,2.0,2歳未勝利(未勝利),6,5.0,5,6.2,4.0,3,小野楓馬,56.0,ダ,1000.0,稍,62.7,0.0,4-3,37.6,516.0,-8.0,シンパティア,10.5
2023101337,リュウノソウル,2025/10/14,門別,晴,3.0,北海道きたやさい賞(未勝利)(2歳),9,3.0,3,4.5,2.0,5,小杉亮,56.0,ダ,1000.0,稍,64.0,1.0,8-9,37.9,524.0,2.0,プレストシャドウ,3.5
2023101337,リュウノソウル,2025/09/25,門別,雨,2.0,2歳未勝利(未勝利),12,3.0,3,41.4,7.0,4,小杉亮,56.0,ダ,1000.0,不,62.6,1.2,7-7,37.3,522.0,4.0,エイシンビルボード,7.0
2023101337,リュウノソウル,2025/09/10,門別,曇,2.0,2歳未勝利(未勝利),12,8.0,11,17.1,7.0,6,小杉亮,55.0,ダ,1100.0,良,69.8,1.2,9-10,38.2,518.0,-6.0,アルバソーレ,
2023101337,リュウノソウル,2025/08/27,門別,晴,2.0,新ひだか町静内地酒・(未勝利)(2歳),12,1.0,1,17.0,5.0,8,小杉亮,55.0,ダ,1100.0,良,70.4,1.0,8-9,38.6,524.0,-4.0,プレスリー,
2023101337,リュウノソウル,2025/08/13,門別,晴,3.0,2歳未勝利(未勝利),12,6.0,7,81.9,10.0,3,小野楓馬,55.0,ダ,1100.0,良,70.0,0.6,6-5,37.9,528.0,-4.0,アースブルー,10.5
2023101337,リュウノソウル,2025/07/23,門別,晴,4.0,JRA認定競走フレッ(新馬)(2歳),11,7.0,9,7.6,5.0,9,宮内勇樹,55.0,ダ,1000.0,良,65.5,2.0,6-7,40.2,532.0,0.0,リバーサルトップ,
2023106574,アイビーキラリ,2026/07/05,盛岡,曇,5.0,3歳C1二組,11,2.0,2,3.3,2.0,2,鈴木祐,54.0,ダ,1400.0,良,87.8,0.2,4-4,38.8,421.0,4.0,イッツオンリーラブ,21.0
2023106574,アイビーキラリ,2026/06/21,水沢,雨,7.0,3歳C2一組,11,8.0,12,2.0,1.0,3,鈴木祐,54.0,ダ,1400.0,不,89.8,0.7,4-5-2-2,40.7,417.0,0.0,マルケイファイン,10.0
2023106574,アイビーキラリ,2026/06/07,水沢,曇,7.0,3歳C1一組,11,7.0,9,3.2,2.0,2,鈴木祐,54.0,ダ,1400.0,良,92.1,0.2,2-2-2-1,41.0,417.0,-3.0,ヒナタ,21.0
2023106574,アイビーキラリ,2026/05/24,盛岡,小雨,6.0,3歳C1二組,10,6.0,6,11.4,2.0,2,山本聡哉,54.0,ダ,1400.0,良,87.3,0.3,2-2,37.2,420.0,-10.0,イヌボウノキラメキ,21.0
2023106574,アイビーキラリ,2026/05/11,盛岡,晴,6.0,3歳C2三組,11,7.0,8,1.4,1.0,1,山本聡哉,54.0,ダ,1200.0,良,75.2,-0.5,4-4,38.3,430.0,18.0,(スリジェダムール),50.0
2023106574,アイビーキラリ,2026/04/12,3中山6,晴,3.0,3歳未勝利,14,4.0,6,223.4,13.0,8,柴田大知,55.0,ダ,1200.0,稍,73.8,1.7,10-8,38.4,412.0,-10.0,タイセイブルーム,
2023106574,アイビーキラリ,2026/03/08,2中山4,晴,2.0,3歳未勝利,16,5.0,9,287.2,14.0,10,原優介,55.0,ダ,1200.0,稍,74.3,2.1,8-8,39.0,422.0,-2.0,デアプリームス,
2023106574,アイビーキラリ,2025/12/20,5中山5,曇,1.0,2歳未勝利,16,4.0,7,163.8,12.0,14,原優介,55.0,ダ,1200.0,良,74.6,2.1,8-9,39.5,424.0,-16.0,シュピラー,
2023106574,アイビーキラリ,2025/10/26,4新潟4,雨,5.0,2歳新馬,18,8.0,18,93.5,15.0,13,杉原誠人,55.0,芝,1600.0,稍,99.5,1.8,14-14,34.5,440.0,0.0,オーライカモン,
2019105218,フェズカズマ,2026/07/12,盛岡,小雨,10.0,ラビットイヤー賞(B2),10,8.0,10,28.8,7.0,2,高松亮,56.0,ダ,1400.0,不,84.5,0.6,3-3,36.8,486.0,0.0,ノヴェルウェイ,21.0
2019105218,フェズカズマ,2026/06/29,盛岡,晴,9.0,B2,12,6.0,8,22.3,5.0,12,高松亮,56.0,ダ,1400.0,良,88.7,3.7,3-5,41.9,486.0,-5.0,ワガンセ,
2019105218,フェズカズマ,2026/06/14,水沢,晴,12.0,チャイナアスタ賞(B2),10,7.0,8,17.0,10.0,3,高松亮,56.0,ダ,1400.0,稍,88.8,0.5,1-1-1-1,40.8,491.0,-4.0,インディーフィルム,12.0
2019105218,フェズカズマ,2026/06/01,水沢,晴,9.0,B1B2混合,8,3.0,3,8.9,3.0,6,高松亮,56.0,ダ,1400.0,良,91.0,0.7,3-3-4-4,41.2,495.0,5.0,ニューウォーク,
2019105218,フェズカズマ,2026/05/17,盛岡,晴,9.0,七折の滝賞(B2),11,2.0,2,14.5,6.0,6,高松亮,56.0,ダ,1400.0,良,88.1,1.5,1-1,41.2,490.0,-10.0,ハーツケリー,
2019105218,フェズカズマ,2026/05/04,盛岡,小雨,8.0,B1B2混合,10,7.0,7,6.1,2.0,10,高松亮,56.0,ダ,1200.0,不,74.0,2.0,3-2,39.7,500.0,-3.0,サバイバルリベラル,
2019105218,フェズカズマ,2026/04/21,水沢,晴,9.0,B2,12,3.0,3,6.5,2.0,2,高松亮,56.0,ダ,1400.0,良,91.5,0.7,1-1-1-1,42.7,503.0,-27.0,グッデーサイレンス,21.0
2019105218,フェズカズマ,2026/03/22,佐賀,雨,11.0,SAGAリベンジャー(B),10,7.0,8,36.6,5.0,10,長谷川蓮,56.0,ダ,1400.0,重,94.2,5.3,2-2-4-8,44.7,530.0,17.0,ケイアイアンタレス,
2019105218,フェズカズマ,2026/03/07,佐賀,晴,4.0,すみれ賞(B),12,7.0,9,88.9,9.0,7,長谷川蓮,55.0,ダ,1300.0,重,84.1,1.5,4-5-4-4,39.5,513.0,11.0,ガルヴァナイズ,
2019105218,フェズカズマ,2026/02/07,佐賀,曇,10.0,AIパッカル賞(B),10,7.0,8,11.4,3.0,10,山口勲,56.0,ダ,1400.0,良,93.9,3.6,2-1-1-6,43.3,502.0,5.0,ツモ,
2019105218,フェズカズマ,2026/01/25,佐賀,晴,8.0,そして輝く!ミノ連合(B),10,3.0,3,2.7,2.0,6,山口勲,56.0,ダ,1400.0,良,92.2,2.4,1-1-1-3,41.9,497.0,-1.0,スピリットワールド,
2019105218,フェズカズマ,2025/12/31,水沢,曇,9.0,pacapaca賞(C1),11,7.0,9,1.8,1.0,1,高松亮,56.0,ダ,1400.0,重,88.5,-0.7,1-1-1-1,40.4,498.0,3.0,(サイモンノーブル),50.0
2019105218,フェズカズマ,2025/12/15,水沢,曇,10.0,C1,11,8.0,10,5.9,4.0,4,高松亮,56.0,ダ,1400.0,不,88.1,0.5,3-3-2-2,39.5,495.0,7.0,タイガードラゴン,6.5
2019105218,フェズカズマ,2025/12/01,水沢,曇,7.0,C1,12,5.0,5,4.9,3.0,2,高松亮,56.0,ダ,1400.0,稍,89.3,0.1,1-1-1-1,40.0,488.0,4.0,トレイルリッジ,17.5
2019105218,フェズカズマ,2025/11/16,盛岡,晴,7.0,C1,8,1.0,1,1.5,1.0,1,高松亮,56.0,ダ,1200.0,良,73.3,-1.5,1-1,37.7,484.0,3.0,(ローガンマウンテン),50.0
2019105218,フェズカズマ,2025/11/04,盛岡,晴,7.0,C1八組,9,1.0,1,5.2,3.0,4,山本聡哉,56.0,ダ,1400.0,稍,87.2,1.4,1-1,39.8,481.0,-1.0,ドレイク,6.5
2019105218,フェズカズマ,2025/10/20,盛岡,曇,2.0,C2,9,4.0,4,6.1,2.0,2,高松亮,56.0,ダ,1000.0,稍,60.9,1.3,2-2,37.1,482.0,-1.0,ニルカンタテソーロ,14.0
2019105218,フェズカズマ,2025/10/06,水沢,曇,1.0,C2,10,2.0,2,2.2,2.0,4,高松亮,56.0,ダ,850.0,稍,51.5,0.7,3-3,36.6,483.0,-6.0,メイショウユウモウ,5.2
2019105218,フェズカズマ,2025/09/21,水沢,晴,1.0,C2,5,2.0,2,1.1,1.0,2,高松亮,56.0,ダ,850.0,重,50.9,0.1,2-1,36.1,489.0,4.0,クリノブリーゼ,14.0
2019105218,フェズカズマ,2025/09/14,水沢,曇,2.0,C2十組,9,8.0,8,2.0,1.0,1,高松亮,56.0,ダ,1300.0,重,82.9,-0.3,1-1-1-1,38.7,485.0,7.0,(ウィンドワーク),40.0
2019105218,フェズカズマ,2025/07/16,園田,晴,11.0,夕凪特別A2B1,8,2.0,2,127.3,7.0,7,山本咲希,56.0,ダ,1700.0,稍,119.0,4.5,4-3-5-6,43.9,478.0,6.0,ブラックバトラー,
2019105218,フェズカズマ,2025/06/20,園田,晴,11.0,半夏生『明石だこ』特(A1A2),10,6.0,6,280.0,9.0,10,長谷部駿,55.0,ダ,1230.0,良,81.1,1.9,6-6-8-7,40.4,472.0,-8.0,サイレンスタイム,
2019105218,フェズカズマ,2025/05/21,園田,曇,11.0,丹波篠山茶特別A1A(A1A2),10,8.0,10,76.6,10.0,9,笹田知宏,55.0,ダ,820.0,良,50.9,1.3,7-8,36.4,480.0,1.0,ゴールドボンド,
2019105218,フェズカズマ,2025/05/06,園田,曇,11.0,おゝ浜のポン酢特別A(A2),9,8.0,8,19.2,5.0,8,笹田知宏,57.0,ダ,1230.0,重,80.6,2.9,6-6-6-8,40.7,479.0,-6.0,ミルトプライム,
2019105218,フェズカズマ,2025/03/23,高知,晴,10.0,木下智史協賛二百特別(C2),11,8.0,10,2.4,2.0,11,永森大智,56.0,ダ,1400.0,稍,96.2,3.1,1-1-1-1,45.0,485.0,-5.0,ボブズヤアンクル,
2019105218,フェズカズマ,2025/02/16,1小倉8,晴,9.0,大濠特別(2勝クラス),18,7.0,14,85.7,16.0,18,吉田隼人,53.0,芝,1200.0,良,69.9,1.3,2-2,36.4,490.0,-2.0,ソノママソノママ,
2019105218,フェズカズマ,2024/12/14,5中山5,晴,12.0,3歳以上2勝クラス,16,6.0,11,145.0,13.0,13,永島まな,56.0,ダ,1200.0,良,73.5,1.5,14-14,38.3,492.0,6.0,サザンステート,
2019105218,フェズカズマ,2024/10/12,4新潟3,晴,11.0,飛翼特別(2勝クラス),18,3.0,5,103.2,15.0,11,石川裕紀,58.0,芝,1000.0,良,55.2,0.8,18,32.1,486.0,-8.0,スコーピオン,
2019105218,フェズカズマ,2024/08/25,3新潟6,曇,9.0,岩室温泉特別(2勝クラス),15,8.0,15,92.4,12.0,13,杉原誠人,58.0,ダ,1200.0,良,73.6,1.6,9-8,37.6,494.0,0.0,トーアアイギス,
2019105218,フェズカズマ,2024/07/07,2福島4,晴,12.0,彦星賞(2勝クラス),16,1.0,1,95.9,13.0,6,杉原誠人,58.0,ダ,1150.0,良,68.7,0.5,14-14,36.0,494.0,10.0,スマートアイ,
2019105218,フェズカズマ,2024/04/13,1福島3,晴,11.0,ラジオ福島賞(2勝クラス),16,4.0,7,33.5,13.0,11,吉田隼人,58.0,ダ,1150.0,良,69.5,0.9,10-8,37.6,484.0,-6.0,クリダーム,
2019105218,フェズカズマ,2024/03/03,2中山4,晴,12.0,4歳以上2勝クラス,16,5.0,9,14.8,5.0,10,横山和生,58.0,ダ,1200.0,稍,72.4,1.4,7-5,37.9,490.0,-2.0,ロレンツォ,
2019105218,フェズカズマ,2024/02/18,2小倉4,晴,9.0,伊万里特別(2勝クラス),14,3.0,4,7.3,4.0,4,斎藤新,58.0,ダ,1000.0,良,59.2,0.7,7-6,35.9,492.0,4.0,オーロベルディ,230.0
2019105218,フェズカズマ,2023/11/19,3京都6,晴,8.0,3歳以上2勝クラス,15,6.0,11,5.5,2.0,11,坂井瑠星,58.0,ダ,1200.0,稍,73.2,1.0,8-8,37.3,488.0,2.0,ミラクル,
2019105218,フェズカズマ,2023/10/21,2京都6,晴,12.0,3歳以上2勝クラス,16,6.0,12,9.9,5.0,4,田口貫太,56.0,ダ,1200.0,良,71.7,0.7,9-8,36.2,486.0,4.0,ステラフィオーレ,170.0
2019105218,フェズカズマ,2023/09/30,4中山8,晴,12.0,3歳以上2勝クラス,16,1.0,2,44.1,10.0,4,斎藤新,58.0,ダ,1200.0,良,71.0,0.0,7-6,36.5,482.0,-2.0,レヴール,170.0
2019105218,フェズカズマ,2023/07/29,1札幌3,曇,12.0,3歳以上2勝クラス,11,4.0,4,9.9,6.0,6,斎藤新,58.0,ダ,1000.0,良,59.6,0.5,11-8,35.1,484.0,0.0,ユスティニアン,
2019105218,フェズカズマ,2023/07/02,2函館2,曇,12.0,3歳以上1勝クラス,11,7.0,9,17.3,7.0,1,斎藤新,58.0,ダ,1000.0,稍,59.1,-0.3,4-4,35.6,484.0,-4.0,(シエラメンテ),800.0
2019105218,フェズカズマ,2023/04/15,1福島3,雨,12.0,4歳以上1勝クラス,14,8.0,13,12.8,6.0,14,斎藤新,58.0,ダ,1700.0,稍,110.3,5.1,13-12-4-5,42.4,488.0,2.0,ダノンマジック,
2019105218,フェズカズマ,2023/01/22,1中京8,晴,7.0,4歳以上1勝クラス,12,8.0,11,16.5,5.0,11,ムルザバ,57.0,ダ,1900.0,良,126.4,4.1,1-1-1-2,44.2,486.0,-2.0,ショウサンキズナ,
2019105218,フェズカズマ,2022/12/25,6阪神8,晴,8.0,3歳以上1勝クラス,15,6.0,11,14.0,4.0,8,ムルザバ,56.0,ダ,1200.0,良,73.5,1.4,6-5,37.3,488.0,4.0,ダイリュウブラック,
2019105218,フェズカズマ,2022/12/17,6阪神5,雨,8.0,3歳以上1勝クラス,15,8.0,14,8.3,4.0,9,丸田恭介,56.0,ダ,1400.0,稍,86.7,1.3,7-6,39.6,484.0,0.0,アランチャータ,
2019105218,フェズカズマ,2022/11/13,3福島4,曇,6.0,3歳以上1勝クラス,15,8.0,14,17.7,6.0,6,菱田裕二,55.0,ダ,1700.0,良,107.5,1.4,3-3-2-2,38.8,484.0,6.0,ウインアウォード,
2019105218,フェズカズマ,2022/09/25,4中山7,晴,8.0,3歳以上1勝クラス,13,3.0,3,6.4,4.0,5,菱田裕二,54.0,ダ,1800.0,稍,114.7,1.4,1-1-1-1,40.1,478.0,-4.0,スピードソルジャー,77.0
2019105218,フェズカズマ,2022/08/07,1札幌6,晴,7.0,3歳以上1勝クラス,14,2.0,2,13.9,6.0,11,斎藤新,54.0,ダ,1700.0,良,108.8,2.2,4-4-5-4,39.6,482.0,0.0,スズカマジェスタ,
2019105218,フェズカズマ,2022/07/24,1札幌2,曇,7.0,3歳以上1勝クラス,12,7.0,10,7.5,4.0,5,岩田康誠,54.0,ダ,1700.0,良,107.8,1.0,3-4-2-2,40.7,482.0,4.0,アシタガアルサ,77.0
2019105218,フェズカズマ,2022/06/26,1函館6,晴,8.0,3歳以上1勝クラス,12,7.0,9,8.0,5.0,4,岩田康誠,54.0,ダ,1700.0,稍,105.7,0.3,4-2-2-2,39.1,478.0,8.0,アメリカンエール,120.0
2019105218,フェズカズマ,2022/04/23,2東京1,晴,6.0,3歳1勝クラス,16,2.0,3,44.4,10.0,12,戸崎圭太,56.0,ダ,1600.0,稍,99.1,3.4,11-9,39.2,470.0,-14.0,ヴァルツァーシャル,
2019105218,フェズカズマ,2022/04/03,3中山4,雨,6.0,3歳1勝クラス,16,7.0,14,118.8,15.0,5,斎藤新,56.0,ダ,1800.0,稍,114.9,0.4,3-3-2-3,40.4,484.0,4.0,クアトロマジコ,75.0
2019105218,フェズカズマ,2021/12/12,6阪神4,晴,6.0,2歳1勝クラス,14,2.0,2,68.1,12.0,12,内田博幸,55.0,ダ,1200.0,良,74.8,2.4,8-9,39.4,480.0,0.0,ファーンヒル,
2019105218,フェズカズマ,2021/10/24,4阪神6,晴,8.0,なでしこ賞(1勝クラス),15,8.0,15,16.3,6.0,13,川田将雅,55.0,ダ,1400.0,良,87.9,2.9,6-6,40.7,480.0,-2.0,セキフウ,
2019105218,フェズカズマ,2021/07/17,1函館5,晴,11.0,函館2歳S(GIII),11,2.0,2,14.5,7.0,9,横山和生,54.0,芝,1200.0,良,70.9,1.0,7-6,36.2,482.0,-4.0,ナムラリコリス,
2019105218,フェズカズマ,2021/06/19,3阪神1,雨,5.0,2歳新馬,16,5.0,9,2.0,1.0,1,川田将雅,54.0,ダ,1200.0,不,72.8,-0.3,6-3,36.9,486.0,0.0,(メズメライザー),700.0
2022100856,ツルマルヴィオレ,2026/07/01,大井,曇,6.0,C1三四五(C1四),10,4.0,4,13.2,6.0,9,御神本訓,56.0,ダ,1600.0,稍,102.8,1.6,5-4-4-4,40.5,490.0,-3.0,グレン,
2022100856,ツルマルヴィオレ,2026/06/12,大井,曇,8.0,ジン・ライム賞(C1四),13,4.0,5,11.9,4.0,4,御神本訓,56.0,ダ,1600.0,稍,102.4,0.9,2-2-3-3,39.9,493.0,1.0,グロワールスカイ,34.5
2022100856,ツルマルヴィオレ,2026/05/21,大井,雨,5.0,C1二三四(C1三),14,4.0,6,5.7,3.0,8,御神本訓,56.0,ダ,1600.0,稍,104.9,0.9,4-3-4-4,40.4,492.0,2.0,ミスタージョン,
2022100856,ツルマルヴィオレ,2026/04/30,大井,曇,8.0,ツアリーヌ賞(C1四),10,3.0,3,12.0,3.0,8,御神本訓,56.0,ダ,1400.0,稍,89.9,2.5,4-6-5,39.7,490.0,-7.0,オオマサ,
2022100856,ツルマルヴィオレ,2025/09/18,大井,曇,10.0,C1二三四(C1三),12,2.0,2,2.2,1.0,6,御神本訓,55.0,ダ,1400.0,良,88.6,0.9,2-2-2,39.6,497.0,-3.0,コリエドール,
2022100856,ツルマルヴィオレ,2025/08/14,大井,晴,9.0,C1二三四(C1三),11,7.0,9,1.2,1.0,2,御神本訓,55.0,ダ,1400.0,良,88.0,0.1,4-2-1,38.8,500.0,5.0,ムサシエクスプレス,48.0
2022100856,ツルマルヴィオレ,2025/07/04,大井,晴,6.0,3歳一二三(3歳二),9,3.0,3,1.9,1.0,1,御神本訓,56.0,ダ,1400.0,良,87.6,-0.5,1-1-1,39.3,495.0,9.0,(フレンドリーシップ),150.0
2022100856,ツルマルヴィオレ,2025/05/22,大井,曇,4.0,3歳四五六(3歳五),14,5.0,8,3.2,2.0,2,御神本訓,56.0,ダ,1400.0,良,87.3,1.2,1-1-1,38.2,486.0,0.0,ミクニサンビーム,72.0
2022100856,ツルマルヴィオレ,2025/04/17,大井,晴,2.0,3歳六七,14,8.0,13,4.2,2.0,2,御神本訓,56.0,ダ,1200.0,良,74.0,0.1,7-8,37.4,486.0,17.0,ジーティーマジカル,72.0
2022100856,ツルマルヴィオレ,2024/06/24,大井,晴,4.0,2歳新馬(新馬),6,5.0,5,2.2,1.0,1,御神本訓,54.0,ダ,1400.0,重,91.5,-0.8,2-1-1,40.2,469.0,0.0,(ビバワセダ),450.0
2022100733,キタノブリッジ,2026/07/12,盛岡,雨,6.0,B2,11,3.0,3,8.5,4.0,6,塚本涼人,54.0,ダ,1000.0,不,59.6,0.5,9-9,35.2,443.0,0.0,ラヴアンドホープ,
2022100733,キタノブリッジ,2026/06/28,盛岡,晴,6.0,B2,10,8.0,10,3.5,1.0,6,塚本涼人,54.0,ダ,1200.0,良,73.3,1.0,3-4,37.0,443.0,-2.0,アースアワー,
2022100733,キタノブリッジ,2026/05/26,浦和,曇,8.0,ラベンダー特別(C2),9,8.0,10,179.5,9.0,8,櫻井光輔,54.0,ダ,1400.0,稍,91.1,2.2,9-9-9-8,38.2,445.0,4.0,パブリックスフィア,
2022100733,キタノブリッジ,2026/04/23,浦和,雨,8.0,牡牛座特別(C2),11,1.0,1,68.0,7.0,8,櫻井光輔,54.0,ダ,1500.0,良,98.3,2.4,8-8-8-7,39.8,441.0,0.0,グレイスカリヨン,
2022100733,キタノブリッジ,2026/01/08,浦和,晴,8.0,福笑い特別(C2),12,2.0,2,12.3,5.0,10,福原杏,54.0,ダ,1500.0,良,99.5,2.0,9-8-7-9,41.4,441.0,9.0,トーセンジニアール,
2022100733,キタノブリッジ,2025/12/24,浦和,雨,7.0,シクラメン特別(C2),13,8.0,12,9.6,5.0,11,小野楓馬,54.0,ダ,1400.0,重,92.6,2.4,10-9-10-13,41.1,432.0,-7.0,シゲルツキミザケ,
2022100733,キタノブリッジ,2025/11/24,水沢,曇,8.0,B2一組,11,8.0,10,1.9,1.0,2,山本聡哉,54.0,ダ,1600.0,良,104.5,0.2,3-3-3-4,39.7,439.0,-1.0,フリューゲルノア,21.0
2022100733,キタノブリッジ,2025/11/11,盛岡,曇,9.0,B2,12,4.0,4,1.0,1.0,2,山本聡哉,54.0,ダ,1400.0,良,87.5,0.1,5-3,38.0,440.0,0.0,セイウンアーテル,21.0
2022100733,キタノブリッジ,2025/10/21,盛岡,曇,11.0,YJSトライアルラウ(C1),12,6.0,8,1.2,1.0,2,坂井瑛音,54.0,ダ,1600.0,稍,98.9,0.1,6-6,38.0,440.0,2.0,ラージフィールド,21.0
2022100733,キタノブリッジ,2025/10/05,水沢,曇,11.0,グリーンマーブル賞(C1),12,5.0,6,1.3,1.0,1,山本聡哉,54.0,ダ,1600.0,稍,104.1,-0.5,2-2-2-1,39.1,438.0,16.0,(パジャマパーティー),50.0
2022100733,キタノブリッジ,2025/09/16,水沢,晴,9.0,3歳C1一組,11,8.0,11,1.3,1.0,1,山本聡哉,54.0,ダ,1400.0,稍,88.1,-0.2,6-7-3-3,38.4,422.0,-5.0,(エコロジェイド),60.0
2022100733,キタノブリッジ,2025/09/07,盛岡,雨,6.0,3歳C2一組,12,8.0,12,3.2,2.0,1,山本聡哉,54.0,ダ,1200.0,稍,72.2,-0.3,3-3,36.3,427.0,13.0,(ブラックレーション),50.0
2022100733,キタノブリッジ,2025/08/09,3中京5,晴,11.0,3歳未勝利,18,7.0,15,5.3,2.0,6,団野大成,55.0,芝,1400.0,良,80.8,0.5,12-12,34.7,414.0,-10.0,ロンティケチャップ,
2022100733,キタノブリッジ,2025/06/14,3阪神3,小雨,4.0,3歳未勝利,18,5.0,10,17.1,8.0,7,藤懸貴志,55.0,芝,1600.0,稍,95.5,0.7,5-5,35.6,424.0,2.0,ジーティードレス,
2022100733,キタノブリッジ,2025/05/18,1新潟6,曇,1.0,3歳未勝利,16,7.0,14,14.2,6.0,5,藤懸貴志,55.0,芝,1200.0,稍,70.5,0.2,15-14,34.8,422.0,10.0,ムーンアイドル,56.0
2022100733,キタノブリッジ,2025/04/19,1福島3,晴,6.0,3歳未勝利,16,1.0,1,7.1,4.0,3,藤懸貴志,55.0,芝,1200.0,良,69.7,0.6,13-13,34.7,412.0,-2.0,ダニエルバローズ,140.0
2022100733,キタノブリッジ,2025/03/23,2中京4,晴,4.0,3歳未勝利,18,5.0,9,100.6,11.0,5,川須栄彦,55.0,芝,1400.0,良,82.4,0.5,12-11,35.2,414.0,-20.0,カシオペア,56.0
2022100733,キタノブリッジ,2024/12/21,7京都7,曇,6.0,2歳新馬,16,6.0,11,55.9,10.0,15,城戸義政,55.0,ダ,1400.0,良,89.5,2.9,13-14,40.6,434.0,0.0,トウタツ,
2019106340,サクラトップラン,2026/07/12,盛岡,雨,8.0,B2,9,2.0,2,6.1,3.0,4,高橋悠里,54.0,ダ,1400.0,不,86.0,0.5,8-6,36.8,462.0,-6.0,グローサーベア,7.8
2019106340,サクラトップラン,2026/06/28,盛岡,晴,6.0,B2,10,4.0,4,5.5,3.0,5,高橋悠里,54.0,ダ,1200.0,良,73.1,0.8,9-8,36.0,468.0,2.0,アースアワー,4.2
2019106340,サクラトップラン,2026/06/14,水沢,晴,12.0,チャイナアスタ賞(B2),10,6.0,6,14.2,6.0,6,高橋悠里,54.0,ダ,1400.0,稍,89.4,1.1,10-10-10-8,39.1,466.0,0.0,インディーフィルム,
2019106340,サクラトップラン,2026/05/04,盛岡,小雨,6.0,B2,12,5.0,5,8.9,6.0,1,高橋悠里,54.0,ダ,1400.0,不,85.4,-0.1,6-5,37.8,466.0,-5.0,(ヴィグルズマン),60.0
2019106340,サクラトップラン,2026/04/27,水沢,曇,11.0,夏油賞(C1),11,8.0,10,7.6,4.0,6,高橋悠里,56.0,ダ,1400.0,稍,92.2,1.5,9-8-7-4,40.4,471.0,-4.0,リースアンドリボン,
2019106340,サクラトップラン,2026/04/14,水沢,晴,8.0,C1,12,6.0,8,1.9,1.0,1,高橋悠里,54.0,ダ,1400.0,良,91.7,-0.5,7-7-4-2,41.4,475.0,2.0,(ウテナ),50.0
2019106340,サクラトップラン,2026/03/30,水沢,曇,10.0,C1,11,7.0,8,1.5,1.0,3,高橋悠里,54.0,ダ,1400.0,稍,92.1,0.4,6-5-2-2,39.7,473.0,4.0,スリーヘリオス,10.0
2019106340,サクラトップラン,2026/03/15,水沢,晴,8.0,C1,11,3.0,3,4.2,2.0,2,山本政聡,54.0,ダ,1400.0,良,92.7,0.2,8-9-7-2,40.4,469.0,-8.0,ノヴェルウェイ,17.5
2019106340,サクラトップラン,2025/12/23,水沢,曇,12.0,スイートアリッサム賞(B1B2),11,8.0,11,78.1,6.0,4,高橋悠里,55.0,ダ,1400.0,重,88.2,1.9,10-10-7-6,38.1,477.0,-9.0,ショウナンナスカ,10.4
2019106340,サクラトップラン,2025/12/08,水沢,小雨,10.0,エメラルドピンク賞(B1),12,7.0,9,67.8,9.0,5,高橋悠里,54.0,ダ,1400.0,不,89.5,0.9,11-11-9-6,39.2,486.0,11.0,メイショウタニカゼ,5.6
2019106340,サクラトップラン,2025/11/12,盛岡,晴,8.0,B1,8,1.0,1,12.8,5.0,5,山本政聡,54.0,ダ,1200.0,良,74.3,1.2,8-7,37.5,475.0,-1.0,ティーラミレス,5.6
2019106340,サクラトップラン,2025/10/27,盛岡,曇,11.0,ブルートパーズ賞(B2),11,2.0,2,42.3,7.0,10,山本政聡,55.0,ダ,1400.0,稍,87.7,3.3,11-10,37.9,476.0,4.0,サンマルクレイジー,
2019106340,サクラトップラン,2025/10/14,盛岡,曇,10.0,B2,12,7.0,9,105.1,9.0,1,山本政聡,54.0,ダ,1200.0,良,73.3,-0.1,12-11,35.9,472.0,2.0,(タカマキスリー),60.0
2019106340,サクラトップラン,2025/09/14,水沢,晴,8.0,B1,9,6.0,6,26.0,8.0,7,高橋悠里,54.0,ダ,1400.0,稍,90.3,1.4,9-9-8-8,39.7,470.0,11.0,メイザーキック,
2019106340,サクラトップラン,2025/08/31,盛岡,晴,9.0,くずまき秋まつり賞(B1),11,6.0,7,40.3,8.0,10,山本聡紀,54.0,ダ,1400.0,良,88.0,2.1,11-10,38.4,459.0,-2.0,マコトダイトウレン,
2019106340,サクラトップラン,2025/08/17,盛岡,曇,11.0,B1,10,8.0,9,132.1,10.0,4,山本聡紀,54.0,ダ,1200.0,良,73.9,0.6,9-9,36.9,461.0,-5.0,パイアイヤー,10.4
2019106340,サクラトップラン,2025/07/08,盛岡,晴,5.0,B1二組,8,6.0,6,104.2,8.0,6,高橋悠里,54.0,ダ,1600.0,良,101.2,1.0,8-8,37.4,466.0,-7.0,ウインダークローズ,
2019106340,サクラトップラン,2025/06/23,水沢,曇,11.0,ミルクティーローズ賞(B1),9,8.0,8,27.8,7.0,9,山本聡哉,54.0,ダ,1600.0,稍,106.9,2.7,6-8-9-9,39.8,473.0,-8.0,ツアーモデル,
2019106340,サクラトップラン,2025/06/09,水沢,曇,11.0,ストロベリーキャンド(B1),10,3.0,3,101.4,10.0,9,高橋悠里,54.0,ダ,1400.0,良,90.3,1.7,10-10-10-10,39.1,481.0,-1.0,フェルサイト,
2019106340,サクラトップラン,2025/05/25,盛岡,小雨,10.0,オーキッド賞(B1),10,7.0,8,41.9,9.0,9,高橋悠里,54.0,ダ,1400.0,不,87.5,1.6,10-8,38.4,482.0,-2.0,ソルエストレーラ,
2019106340,サクラトップラン,2025/05/04,盛岡,曇,11.0,B1一組,10,8.0,10,16.1,4.0,9,山本聡紀,54.0,ダ,1600.0,不,101.1,2.2,5-6,39.1,484.0,-12.0,キタノコンドル,
2019106340,サクラトップラン,2025/04/14,水沢,曇,12.0,若草特別(A),12,5.0,6,45.7,10.0,7,山本聡紀,54.0,ダ,1600.0,不,102.3,1.2,8-8-9-7,37.8,496.0,24.0,サンエイウイング,
2019106340,サクラトップラン,2025/02/15,1小倉7,曇,8.0,小倉ジャンプS(JGIII),14,8.0,13,311.8,14.0,13,田村太雅,58.0,障,3390.0,良,234.2,9.5,14-14-13-13,13.8,472.0,-4.0,スマイルスルー,
2019106340,サクラトップラン,2024/10/20,5京都6,晴,6.0,3歳以上1勝クラス,8,1.0,1,77.2,8.0,8,吉村誠之,53.0,ダ,1800.0,稍,119.1,5.4,7-8-7-7,41.8,476.0,8.0,アウトドライブ,
2019106340,サクラトップラン,2024/10/05,4新潟1,曇,1.0,障害3歳以上OP,12,5.0,6,91.2,12.0,11,中村将之,58.0,障,3250.0,稍,216.5,5.9,11-11-10-10,13.3,468.0,4.0,パーリーブラック,
2019106340,サクラトップラン,2024/08/17,3新潟3,晴,4.0,障害3歳以上OP,9,5.0,5,29.1,8.0,9,中村将之,58.0,障,2850.0,良,191.9,7.6,4-4-9-9,13.5,464.0,2.0,レッドバロッサ,
2019106340,サクラトップラン,2023/09/02,3新潟7,曇,4.0,障害3歳以上OP,6,6.0,6,6.3,4.0,5,中村将之,58.0,障,3250.0,良,219.3,2.3,3-2-3-4,13.5,462.0,4.0,シャンボールナイト,135.0
2019106340,サクラトップラン,2023/08/13,3新潟2,晴,1.0,障害3歳以上未勝利,14,7.0,12,19.7,6.0,1,中村将之,58.0,障,2850.0,良,186.7,-0.1,7-7-6-5,13.1,458.0,-2.0,(プロース),790.0
2019106340,サクラトップラン,2023/07/16,3中京6,晴,1.0,障害3歳以上未勝利,10,7.0,7,24.6,5.0,5,小野寺祐,58.0,障,3000.0,良,201.5,1.2,5-4-3-3,13.4,460.0,4.0,サイード,79.0
2019106340,サクラトップラン,2023/07/02,3中京2,晴,1.0,障害3歳以上未勝利,10,2.0,2,16.1,6.0,7,小野寺祐,58.0,障,3000.0,稍,201.8,2.8,6-6-6-6,13.5,456.0,10.0,ホウオウヴォーヌ,
2019106340,サクラトップラン,2023/04/16,1福島4,晴,4.0,障害4歳以上未勝利,10,4.0,4,22.2,7.0,6,小野寺祐,57.0,障,2750.0,稍,186.2,1.5,7-5-6-5,13.5,446.0,-2.0,アランデル,
2019106340,サクラトップラン,2023/03/19,1阪神12,晴,4.0,障害4歳以上未勝利,9,2.0,2,11.7,6.0,7,小野寺祐,57.0,障,2970.0,稍,204.1,2.7,7-7-5-6,13.7,448.0,6.0,オラコモエスタス,
2019106340,サクラトップラン,2023/02/26,2小倉6,晴,4.0,障害4歳以上未勝利,12,8.0,12,6.5,3.0,中,小牧加矢,57.0,障,2860.0,稍,,,,,442.0,-6.0,ドンシャーク,
2019106340,サクラトップラン,2023/01/28,1小倉5,晴,4.0,障害4歳以上未勝利,11,8.0,10,7.1,4.0,4,小牧加矢,57.0,障,2860.0,重,196.1,2.8,4-4-3-3,13.7,448.0,4.0,シングンジョーイ,120.0
2019106340,サクラトップラン,2022/09/04,4小倉8,晴,3.0,3歳未勝利,16,3.0,5,5.9,2.0,8,北村友一,54.0,ダ,1700.0,稍,108.4,1.8,8-9-8-6,40.2,444.0,0.0,エルザストラウム,
2019106340,サクラトップラン,2022/08/21,4小倉4,曇,3.0,3歳未勝利,16,4.0,7,2.9,1.0,3,北村友一,54.0,ダ,1700.0,不,105.7,0.2,11-9-7-5,38.6,444.0,6.0,ワイルドベティ,130.0
2019106340,サクラトップラン,2022/07/31,2新潟2,晴,7.0,3歳未勝利,15,4.0,6,13.9,6.0,2,北村友一,54.0,ダ,1800.0,良,113.4,0.2,2-2-2-2,38.7,438.0,0.0,シャドウアイル,210.0
2019106340,サクラトップラン,2022/06/12,4中京4,晴,2.0,3歳未勝利,10,1.0,1,4.3,3.0,7,松本大輝,52.0,ダ,1800.0,良,117.5,3.2,1-1-1-1,43.7,438.0,8.0,シゲルオトヒメ,
2019106340,サクラトップラン,2022/05/21,1新潟5,曇,2.0,3歳未勝利,15,1.0,1,9.0,4.0,2,斎藤新,54.0,ダ,1800.0,良,115.8,0.8,1-1-1-1,40.5,430.0,0.0,ヴァンダンジュ,210.0
2019106340,サクラトップラン,2022/04/24,1福島4,晴,3.0,3歳未勝利,15,6.0,11,8.7,4.0,5,菱田裕二,54.0,ダ,1700.0,良,108.4,1.1,8-8-3-3,40.1,430.0,-6.0,ナムラダイゴロー,52.0
2019106340,サクラトップラン,2022/03/27,2中京6,晴,1.0,3歳未勝利,15,3.0,5,22.3,6.0,7,鮫島克駿,54.0,ダ,1800.0,不,115.3,1.1,5-5-3-3,40.9,436.0,-2.0,ドライゼ,
2019106340,サクラトップラン,2022/03/12,2中京1,晴,2.0,3歳未勝利,13,7.0,10,2.9,2.0,8,亀田温心,53.0,ダ,1800.0,良,117.8,1.7,6-6-5-7,40.3,438.0,-2.0,タガノカンデラ,
2019106340,サクラトップラン,2022/02/06,1小倉8,晴,1.0,3歳未勝利,16,7.0,13,6.4,5.0,6,斎藤新,54.0,ダ,1700.0,良,109.4,0.6,6-6-3-3,39.0,440.0,-2.0,トランソニック,
2019106340,サクラトップラン,2022/01/23,1小倉4,雨,1.0,3歳未勝利,14,8.0,14,2.1,1.0,6,斎藤新,54.0,ダ,1700.0,稍,109.8,0.9,5-5-3-3,40.8,442.0,6.0,ヴァランシエンヌ,
2019106340,サクラトップラン,2021/11/13,2福島3,晴,2.0,2歳未勝利,15,6.0,10,2.1,1.0,2,斎藤新,54.0,ダ,1700.0,稍,107.5,0.4,2-2-2-2,38.6,436.0,0.0,ラブパイロー,200.0
2019106340,サクラトップラン,2021/10/30,5新潟7,晴,2.0,2歳未勝利,12,6.0,8,8.8,4.0,2,菅原明良,54.0,ダ,1800.0,良,114.5,0.0,2-2-2-2,38.8,436.0,2.0,サヨノトレイダー,200.0
2019106340,サクラトップラン,2021/10/10,5新潟2,晴,3.0,2歳未勝利,15,3.0,4,109.7,13.0,4,亀田温心,53.0,ダ,1800.0,良,115.6,0.6,12-10-10-8,38.5,434.0,-22.0,サーティファイド,77.0
2019106340,サクラトップラン,2021/08/08,1函館12,曇,1.0,2歳未勝利,14,8.0,14,150.7,14.0,11,小沢大仁,51.0,ダ,1700.0,良,112.5,4.1,9-8-11-12,43.0,456.0,2.0,ウインアウォード,
2019106340,サクラトップラン,2021/06/27,3東京8,曇,6.0,2歳新馬,15,5.0,8,41.8,8.0,13,石川裕紀,54.0,ダ,1400.0,良,90.2,3.7,13-12,38.2,454.0,0.0,コンバスチョン,
2022105504,カリータフェリス,2026/07/12,盛岡,小雨,10.0,ラビットイヤー賞(B2),10,3.0,3,9.7,3.0,6.0,佐々木志,54.0,ダ,1400.0,不,85.3,1.4,4-5,37.3,445.0,7.0,ノヴェルウェイ,
2022105504,カリータフェリス,2026/06/29,盛岡,晴,9.0,B2,12,3.0,3,24.0,6.0,3.0,佐々木志,54.0,ダ,1400.0,良,86.0,1.0,4-3,38.6,438.0,-2.0,ワガンセ,12.0
2022105504,カリータフェリス,2026/06/14,水沢,晴,12.0,チャイナアスタ賞(B2),10,7.0,7,15.8,9.0,8.0,大坪慎,54.0,ダ,1400.0,稍,89.8,1.5,3-3-3-6,40.6,440.0,5.0,インディーフィルム,
2022105504,カリータフェリス,2026/05/17,盛岡,晴,9.0,七折の滝賞(B2),11,5.0,5,8.8,4.0,2.0,村上忍,54.0,ダ,1400.0,良,87.0,0.4,9-5,38.5,435.0,-2.0,ハーツケリー,21.0
2022105504,カリータフェリス,2026/05/06,盛岡,晴,7.0,B1B2混合,10,3.0,3,6.7,4.0,6.0,菅原辰徳,54.0,ダ,1400.0,良,87.1,1.4,8-6,38.0,437.0,9.0,スズカパンサー,
2022105504,カリータフェリス,2026/04/20,水沢,曇,12.0,エイプリルC(B2),0,7.0,10,,,,佐々木志,54.0,ダ,1600.0,良,,,,,,,,
2022105504,カリータフェリス,2026/04/07,水沢,曇,10.0,B2,11,3.0,3,8.5,2.0,4.0,菅原辰徳,54.0,ダ,1400.0,稍,89.2,0.9,2-2-1-1,39.3,428.0,3.0,ナイスカプチーノ,7.8
2022105504,カリータフェリス,2026/03/24,水沢,晴,10.0,B2,12,5.0,5,2.2,1.0,3.0,菅原辰徳,54.0,ダ,1400.0,良,91.5,1.1,6-5-4-4,39.6,425.0,-11.0,スズカパンサー,12.0
2022105504,カリータフェリス,2026/03/10,水沢,晴,7.0,B2,12,1.0,1,7.8,3.0,1.0,佐々木志,54.0,ダ,1400.0,稍,91.4,-0.9,1-1-1-1,41.1,436.0,15.0,(ドリームパンジャ),60.0
2022105504,カリータフェリス,2025/12/16,水沢,曇,4.0,C2一組,12,5.0,5,24.1,8.0,2.0,菅原辰徳,54.0,ダ,1400.0,重,88.1,0.1,2-2-1-1,39.2,421.0,2.0,ロッツオブプランズ,14.0
2022105504,カリータフェリス,2025/12/10,水沢,曇,3.0,C2二組,10,8.0,9,4.2,2.0,1.0,菅原辰徳,54.0,ダ,1400.0,不,89.0,-0.1,7-9-6-5,38.9,419.0,-6.0,(セラトーン),40.0
2022105504,カリータフェリス,2025/12/02,水沢,晴,2.0,C2三組,10,7.0,7,3.1,2.0,3.0,菅原辰徳,54.0,ダ,1400.0,稍,91.3,0.7,2-2-2-1,40.7,425.0,2.0,ボンジュルネ,8.0
2022105504,カリータフェリス,2025/11/18,盛岡,晴,3.0,C2二組,10,4.0,4,6.9,3.0,5.0,菅原辰徳,54.0,ダ,1400.0,良,89.0,1.7,5-6,40.0,423.0,6.0,ヴァサヴォワール,2.8
2022105504,カリータフェリス,2025/10/28,盛岡,曇,4.0,C2一組,10,8.0,9,11.2,4.0,4.0,菅原辰徳,54.0,ダ,1400.0,稍,86.6,0.3,3-3,38.4,417.0,-7.0,ヤスエ,5.2
2022105504,カリータフェリス,2025/10/21,盛岡,晴,1.0,C2三組,11,6.0,6,1.7,1.0,2.0,菅原辰徳,54.0,ダ,1400.0,良,87.6,0.2,2-1,39.2,424.0,2.0,リリアナフェアリー,14.0
2022105504,カリータフェリス,2025/10/14,盛岡,曇,1.0,C2四組,9,6.0,6,1.6,1.0,3.0,菅原辰徳,54.0,ダ,1400.0,良,88.2,0.6,4-2,40.0,422.0,1.0,ファリア,8.0
2022105504,カリータフェリス,2025/09/29,水沢,曇,5.0,C2五組,11,8.0,11,4.6,3.0,2.0,菅原辰徳,54.0,ダ,1300.0,不,82.3,0.2,4-4-4-3,38.8,421.0,3.0,コヴェナント,14.0
2022105504,カリータフェリス,2025/08/31,3新潟4,晴,4.0,3歳未勝利,18,2.0,3,92.2,13.0,8.0,菊沢一樹,55.0,芝,2200.0,良,135.0,1.7,5-5-5-4,38.1,418.0,-10.0,オリオアルセーリオ,
2022105504,カリータフェリス,2025/08/02,1札幌3,晴,4.0,3歳未勝利,16,3.0,6,40.3,11.0,12.0,舟山瑠泉,52.0,芝,2000.0,良,121.6,2.1,16-16-16-16,36.9,428.0,6.0,ロパシック,
2022105504,カリータフェリス,2025/06/28,1函館5,晴,4.0,3歳未勝利,13,5.0,7,19.5,7.0,7.0,小林美駒,51.0,芝,2000.0,稍,122.0,1.6,13-13-13-11,36.4,422.0,-4.0,アルマデオロ,
2022105504,カリータフェリス,2025/06/21,1函館3,晴,4.0,3歳未勝利,16,2.0,3,32.8,6.0,3.0,小林美駒,51.0,芝,2000.0,良,120.8,0.6,16-16-14-13,35.6,426.0,-2.0,アオイタケル,140.0
2022105504,カリータフェリス,2025/05/04,2東京4,晴,5.0,3歳未勝利,16,7.0,14,76.1,11.0,11.0,佐々木大,55.0,芝,1800.0,良,109.7,1.1,15-11-12,33.6,428.0,-2.0,テルケンユミクイン,
2022105504,カリータフェリス,2025/04/12,1福島1,曇,5.0,3歳未勝利,16,1.0,2,35.6,11.0,7.0,遠藤汰月,52.0,芝,2000.0,良,121.6,0.4,6-6-5-5,36.6,430.0,2.0,ベラトール,
2022105504,カリータフェリス,2025/01/11,1中山3,晴,5.0,3歳新馬,18,7.0,13,15.2,5.0,10.0,木幡巧也,55.0,芝,2000.0,良,124.7,0.6,2-2-2-2,36.6,428.0,0.0,エナジーショット,
2021100580,ドナマギー,2026/07/19,盛岡,曇,11.0,C1,10,4.0,4,31.3,6.0,9,村上忍,55.0,ダ,1400.0,良,87.3,2.4,4-8,38.9,471.0,0.0,ソルエストレーラ,
2021100580,ドナマギー,2026/07/05,盛岡,曇,9.0,C1,10,7.0,8,18.5,5.0,9,村上忍,54.0,ダ,1400.0,良,88.6,2.8,4-4,40.1,471.0,-2.0,ビリオネアボーイ,
2021100580,ドナマギー,2026/06/14,水沢,晴,9.0,B2,9,3.0,3,22.3,7.0,1,村上忍,54.0,ダ,1400.0,稍,88.2,-0.1,2-2-2-3,38.5,473.0,1.0,(ビリオネアボーイ),60.0
2021100580,ドナマギー,2026/06/02,水沢,晴,11.0,B2,11,8.0,11,41.2,10.0,5,小林凌,54.0,ダ,1400.0,良,91.0,0.7,8-10-8-5,39.9,472.0,-1.0,グレイソニック,4.2
2021100580,ドナマギー,2026/05/17,盛岡,晴,7.0,B2,12,6.0,8,14.1,4.0,9,村上忍,54.0,ダ,1400.0,良,88.6,1.6,4-7,40.6,473.0,-2.0,クイーンオブソウル,
2021100580,ドナマギー,2026/05/04,盛岡,小雨,6.0,B2,12,2.0,2,26.6,10.0,8,山本聡紀,54.0,ダ,1400.0,不,86.3,0.9,1-1,39.5,475.0,-2.0,サクラトップラン,
2021100580,ドナマギー,2026/04/19,水沢,晴,10.0,岩手伝統工芸浄法寺塗(B2),12,5.0,6,23.5,8.0,12,小林凌,54.0,ダ,1400.0,良,93.3,2.0,2-2-3-8,41.9,477.0,4.0,キトゥンズルンバ,
2021100580,ドナマギー,2026/04/07,水沢,曇,9.0,B2,11,8.0,11,86.7,10.0,10,坂井瑛音,52.0,ダ,1400.0,稍,91.3,2.2,3-5-4-8,41.0,473.0,0.0,サイモンノーブル,
2021100580,ドナマギー,2026/03/08,水沢,曇,9.0,続石賞(B1B2),11,8.0,10,36.2,11.0,9,村上忍,54.0,ダ,1400.0,稍,92.7,1.3,7-8-10-10,40.3,473.0,-14.0,アーバンキッド,
2021100580,ドナマギー,2025/12/23,水沢,曇,12.0,スイートアリッサム賞(B1B2),11,8.0,12,173.8,10.0,10,佐々木志,55.0,ダ,1400.0,重,89.9,3.6,11-11-11-11,38.5,487.0,9.0,ショウナンナスカ,
2021100580,ドナマギー,2025/11/24,水沢,曇,9.0,B1,11,8.0,12,25.1,9.0,11,山本政聡,54.0,ダ,1400.0,良,91.8,2.7,4-6-5-8,41.3,478.0,-2.0,スノーミックス,
2021100580,ドナマギー,2025/11/10,盛岡,曇,11.0,B1,11,5.0,5,30.0,8.0,8,村上忍,54.0,ダ,1400.0,稍,88.0,1.5,4-7,39.6,480.0,3.0,ゴールドクロス,
2021100580,ドナマギー,2025/10/28,盛岡,曇,10.0,B1,11,3.0,3,8.2,3.0,8,村上忍,54.0,ダ,1000.0,稍,60.2,1.6,6-6,36.2,477.0,0.0,リッチアロマ,
2021100580,ドナマギー,2025/10/13,盛岡,晴,8.0,おトクにPLAYオッ(B1),12,6.0,7,8.0,4.0,2,村上忍,54.0,ダ,1200.0,良,73.5,0.1,7-7,37.5,477.0,0.0,タニマサベーカ,28.0
2021100580,ドナマギー,2025/09/29,水沢,曇,11.0,スカビオサ賞(B1),12,4.0,4,5.9,3.0,3,鈴木祐,54.0,ダ,1400.0,重,89.8,0.7,5-6-5-4,39.7,477.0,-3.0,サンドファルコン,16.0
2021100580,ドナマギー,2025/09/14,水沢,晴,8.0,B1,9,5.0,5,7.6,4.0,4,鈴木祐,54.0,ダ,1400.0,稍,89.6,0.7,2-2-2-2,40.0,480.0,4.0,メイザーキック,10.4
2021100580,ドナマギー,2025/08/19,盛岡,晴,8.0,B2,10,6.0,6,9.2,6.0,2,鈴木祐,54.0,ダ,1400.0,良,87.6,0.5,2-2,38.7,476.0,-1.0,ラスダシャン,21.0
2021100580,ドナマギー,2025/08/05,盛岡,晴,7.0,B2二組,9,7.0,7,17.6,7.0,6,鈴木祐,54.0,ダ,1600.0,不,99.7,0.6,1-1,39.3,477.0,6.0,ヤマニンビロー,
2021100580,ドナマギー,2025/07/14,盛岡,曇,12.0,夢・希望未来へ前進(C1),12,7.0,9,31.3,11.0,9,鈴木祐,54.0,ダ,1400.0,良,89.1,1.7,3-4,41.5,471.0,1.0,スカイピース,
2021100580,ドナマギー,2025/06/30,水沢,曇,10.0,C1,8,7.0,7,3.3,2.0,1,鈴木祐,54.0,ダ,1400.0,良,90.4,-0.2,2-2-1-1,40.8,470.0,1.0,(エルモドーロ),50.0
2021100580,ドナマギー,2025/06/17,水沢,晴,10.0,C1四組,10,8.0,10,12.9,4.0,1,小林凌,54.0,ダ,1400.0,良,89.7,-1.0,1-1-1-1,40.2,469.0,-4.0,(ラヴリーディスク),50.0
2021100580,ドナマギー,2025/06/02,盛岡,晴,9.0,C1,10,4.0,4,12.9,5.0,7,村上忍,54.0,ダ,1400.0,良,88.8,1.5,1-1,40.3,473.0,0.0,ピヤージュ,
2021100580,ドナマギー,2025/05/20,盛岡,晴,6.0,C1,10,5.0,5,5.7,4.0,7,村上忍,54.0,ダ,1200.0,重,75.6,1.1,7-6,39.2,473.0,-2.0,ミリオーレアルバ,
2021100580,ドナマギー,2025/04/26,水沢,晴,9.0,岩手伝統工芸南部鉄器(C1),12,6.0,7,5.6,3.0,5,山本聡紀,54.0,ダ,1400.0,良,93.2,1.0,2-2-3-5,42.5,475.0,4.0,テンマ,3.5
2021100580,ドナマギー,2025/04/15,水沢,小雨,10.0,C1,12,2.0,2,5.9,4.0,11,村上忍,54.0,ダ,1400.0,不,90.5,1.9,1-1-1-4,41.3,471.0,2.0,メイショウコウテツ,
2021100580,ドナマギー,2025/03/31,水沢,晴,10.0,トルマリン賞(C1),11,4.0,4,5.3,3.0,1,村上忍,54.0,ダ,1400.0,良,90.8,-0.1,1-1-1-1,40.2,469.0,-7.0,(サクラサンティエ),50.0
2021100580,ドナマギー,2025/03/18,水沢,晴,3.0,C2一組,8,7.0,7,29.6,7.0,2,鈴木祐,54.0,ダ,1400.0,不,88.6,0.6,1-1-1-1,39.5,476.0,6.0,マサノビジョン,14.0
2021100580,ドナマギー,2025/03/11,水沢,晴,4.0,C2一組,11,8.0,11,11.0,5.0,3,鈴木祐,54.0,ダ,1400.0,良,91.2,0.5,2-2-1-1,40.5,470.0,-9.0,グレースアイリス,8.0
2021100580,ドナマギー,2024/12/24,水沢,小雪,10.0,ペリドット賞(C1),10,8.0,10,22.8,6.0,8,村上忍,54.0,ダ,1400.0,不,90.3,0.9,6-6-4-4,39.4,479.0,-4.0,タイムトゥゴー,
2021100580,ドナマギー,2024/12/10,水沢,晴,8.0,C1,11,2.0,2,14.7,5.0,10,小林凌,54.0,ダ,1400.0,重,92.0,3.3,1-1-2-8,42.4,483.0,-2.0,マイジュネス,
2021100580,ドナマギー,2024/11/24,水沢,曇,10.0,馬仙峡賞(C1),12,6.0,7,101.9,9.0,7,小林凌,54.0,ダ,1600.0,稍,108.6,2.8,2-2-3-7,43.6,485.0,9.0,メイショウニコニコ,
2021100580,ドナマギー,2024/10/28,盛岡,曇,11.0,メンケント賞(C1),12,5.0,5,62.0,11.0,9,鈴木祐,54.0,ダ,1400.0,稍,89.8,0.8,5-5,40.2,476.0,2.0,ライヴアクアマリン,
2021100580,ドナマギー,2024/10/13,盛岡,晴,8.0,C1五組,11,3.0,3,24.9,5.0,10,塚本涼人,54.0,ダ,1400.0,良,89.6,1.8,1-2,40.4,474.0,3.0,アイリュール,
2021100580,ドナマギー,2024/09/23,水沢,曇,8.0,3歳B1二組,11,7.0,9,51.9,4.0,3,小林凌,54.0,ダ,1400.0,重,89.8,0.9,4-5-5-4,39.7,471.0,-5.0,ユイノコドウ,15.0
2021100580,ドナマギー,2024/09/08,水沢,晴,9.0,タブの大島賞(3歳B1),11,8.0,10,97.8,9.0,8,小林凌,54.0,ダ,1600.0,稍,107.0,2.4,3-3-3-5,42.8,476.0,13.0,オレアヌエヌエ,
2021100580,ドナマギー,2024/08/25,盛岡,曇,7.0,3歳B2一組,11,5.0,5,28.8,8.0,4,小林凌,54.0,ダ,1400.0,良,88.4,1.7,4-4,39.0,463.0,-3.0,カミノカガヤキ,8.5
2021100580,ドナマギー,2024/08/14,盛岡,曇,6.0,いわて北緯40度八幡(3歳B2),11,5.0,5,11.8,4.0,7,村上忍,54.0,ダ,1400.0,重,87.5,1.4,5-5,39.1,466.0,0.0,プリンセスアメリカ,
2021100580,ドナマギー,2024/08/12,盛岡,,6.0,いわて北緯40度八幡(3歳B2),0,5.0,5,,,,村上忍,54.0,ダ,1400.0,,,,,,,,,
2021100580,ドナマギー,2024/07/30,盛岡,晴,8.0,タイトルホルダー特別(3歳B1),8,3.0,3,3.4,2.0,4,村上忍,54.0,ダ,1600.0,稍,104.4,2.8,3-2,43.3,466.0,4.0,フィクストスター,9.8
2021100580,ドナマギー,2024/07/15,盛岡,晴,5.0,3歳C1二組,10,7.0,7,3.8,2.0,1,鈴木祐,54.0,ダ,1400.0,良,87.3,-1.0,1-1,37.9,462.0,1.0,(オレアヌエヌエ),55.0
2021100580,ドナマギー,2024/07/07,盛岡,雨,6.0,3歳C2一組,11,1.0,1,21.9,7.0,3,小林凌,54.0,ダ,1200.0,不,74.1,1.9,2-2,38.4,461.0,5.0,レフトフィールダー,9.0
2021100580,ドナマギー,2024/06/18,水沢,曇,6.0,3歳C1二組,11,5.0,5,45.3,7.0,5,岩本怜,54.0,ダ,1400.0,良,91.9,1.9,3-3-3-4,41.3,456.0,-4.0,ミシェット,3.9
2021100580,ドナマギー,2024/06/04,水沢,曇,4.0,3歳C1二組,9,2.0,2,13.4,3.0,6,小林凌,54.0,ダ,1400.0,不,90.9,2.0,6-7-8-8,39.8,460.0,22.0,キタノコンドル,
2021100580,ドナマギー,2024/05/07,川崎,雨,1.0,3歳6,10,2.0,2,,,取,岡村健司,54.0,ダ,1400.0,稍,,,,,,,コルネットロッソ,
2021100580,ドナマギー,2024/04/01,川崎,晴,4.0,3歳5,9,8.0,8,84.1,8.0,6,岡村健司,54.0,ダ,1400.0,重,96.5,2.3,3-3-3-4,42.4,438.0,-6.0,ラベンダージェイド,
2021100580,ドナマギー,2024/03/12,川崎,雨,4.0,3歳6,12,7.0,10,106.6,10.0,5,岡村健司,54.0,ダ,1400.0,稍,96.3,1.5,5-6-5-5,42.6,444.0,5.0,ライジングキャノン,20.0
2021100580,ドナマギー,2024/01/29,川崎,晴,5.0,シュトゥルム賞(3歳),11,7.0,9,87.3,9.0,7,笹川翼,54.0,ダ,1400.0,良,95.9,2.1,3-3-1-3,42.5,439.0,-2.0,トミサンエンジェル,
2021100580,ドナマギー,2024/01/04,川崎,晴,1.0,花天月地賞(3歳),7,6.0,6,23.0,5.0,4,笹川翼,54.0,ダ,1400.0,良,96.3,2.5,7-6-6-4,43.3,441.0,-11.0,スウィートドリーム,30.0
2021100580,ドナマギー,2023/12/13,川崎,晴,1.0,2歳5,10,4.0,4,54.5,8.0,5,岡村健司,54.0,ダ,1400.0,稍,98.0,3.4,4-4-5-5,44.7,452.0,1.0,ハチマンタイ,20.0
2021100580,ドナマギー,2023/11/15,大井,曇,5.0,2歳五六,13,8.0,13,115.8,13.0,12,岡村健司,54.0,ダ,1200.0,良,79.0,2.9,8-9,41.1,451.0,-3.0,ゴールデンブザー,
2021100580,ドナマギー,2023/11/01,大井,晴,2.0,2歳五六,8,1.0,1,8.5,4.0,7,笹川翼,54.0,ダ,1200.0,良,79.4,4.1,7-7,41.8,454.0,0.0,ローレンスペクター,
2021100580,ドナマギー,2023/06/27,大井,曇,1.0,2歳二,6,6.0,6,7.3,4.0,2,笹川翼,54.0,ダ,1200.0,良,75.5,1.4,3-3,39.3,454.0,4.0,フォルトリアン,128.0
2021100580,ドナマギー,2023/05/26,大井,曇,4.0,2歳新馬(新馬),5,3.0,3,10.2,4.0,4,矢野貴之,54.0,ダ,1200.0,稍,77.8,2.1,4-5,40.0,450.0,0.0,ジャズブレイキー,60.0
2019106847,タイキモンストル,2026/07/14,盛岡,曇,10.0,B2,10,4.0,4,7.7,5.0,6.0,高橋悠里,56.0,ダ,1600.0,稍,99.2,0.5,2-1,38.9,518.0,1.0,ゴールドクレスト,
2019106847,タイキモンストル,2026/06/28,盛岡,晴,6.0,B2,10,5.0,5,8.0,5.0,7.0,菅原辰徳,56.0,ダ,1200.0,良,73.5,1.2,10-10,36.3,517.0,1.0,アースアワー,
2019106847,タイキモンストル,2026/06/01,水沢,晴,10.0,シベリアンアイリス賞(B1B2),10,5.0,5,15.1,5.0,6.0,菅原辰徳,57.0,ダ,1600.0,良,105.6,1.4,5-6-6-6,40.5,516.0,9.0,ウィンターサン,
2019106847,タイキモンストル,2026/05/17,盛岡,晴,10.0,B1三組,12,8.0,11,16.4,4.0,5.0,菅原辰徳,56.0,ダ,1600.0,良,99.6,1.5,5-4,38.8,507.0,-6.0,ミライヘノシンゲキ,5.6
2019106847,タイキモンストル,2026/05/04,盛岡,曇,9.0,B1二組B2一組混合(B1B2),12,5.0,5,40.9,7.0,4.0,菅原辰徳,56.0,ダ,1600.0,不,97.8,1.4,4-4,38.1,513.0,4.0,タナハシ,10.4
2019106847,タイキモンストル,2026/04/21,水沢,晴,10.0,B2,12,5.0,5,169.7,12.0,3.0,菅原辰徳,56.0,ダ,1400.0,良,91.4,0.7,9-8-6-6,40.8,509.0,-5.0,コスモモカ,12.0
2019106847,タイキモンストル,2026/04/07,水沢,曇,10.0,B2,11,8.0,10,15.5,3.0,7.0,山本聡哉,56.0,ダ,1400.0,稍,89.8,1.5,5-5-4-6,39.5,514.0,6.0,ナイスカプチーノ,
2019106847,タイキモンストル,2026/03/23,水沢,晴,9.0,B2三組,11,1.0,1,2.5,1.0,1.0,山本聡哉,56.0,ダ,1600.0,良,107.1,-0.2,1-1-1-1,41.1,508.0,2.0,(マロンジェム),60.0
2019106847,タイキモンストル,2026/03/08,水沢,曇,6.0,B2三組,9,4.0,4,2.8,1.0,2.0,山本聡哉,56.0,ダ,1600.0,稍,105.9,0.2,2-2-2-3,40.8,506.0,-3.0,パジャマパーティー,21.0
2019106847,タイキモンストル,2025/12/30,水沢,曇,10.0,C1二組,9,3.0,3,2.2,1.0,3.0,佐々木志,56.0,ダ,1600.0,重,102.7,0.6,1-1-2-2,40.5,509.0,0.0,アイスボウル,10.0
2019106847,タイキモンストル,2025/12/16,水沢,小雨,10.0,C1二組,12,6.0,7,33.2,6.0,5.0,鈴木祐,56.0,ダ,1600.0,重,102.2,1.7,5-5-7-6,38.9,509.0,1.0,ビスケットマリー,3.5
2019106847,タイキモンストル,2025/11/30,水沢,曇,10.0,山王岩賞(C1),11,2.0,2,2.8,2.0,6.0,山本聡紀,56.0,ダ,1600.0,稍,105.8,0.5,3-3-3-4,40.6,508.0,3.0,キタノセレナード,
2019106847,タイキモンストル,2025/11/16,盛岡,晴,10.0,イギリス海岸賞(C1),11,7.0,8,4.0,2.0,3.0,村上忍,56.0,ダ,1600.0,良,100.6,0.8,3-3,39.2,505.0,8.0,スカーレットクロス,10.0
2019106847,タイキモンストル,2025/11/04,盛岡,晴,11.0,ガーベラ賞(C1),10,8.0,10,3.8,2.0,2.0,高松亮,56.0,ダ,1600.0,稍,100.9,0.8,1-1,39.3,497.0,5.0,マカベウス,17.5
2019106847,タイキモンストル,2025/10/21,盛岡,曇,6.0,C1三組,12,7.0,9,11.4,4.0,2.0,佐々木志,56.0,ダ,1600.0,稍,99.2,0.0,3-1,38.3,492.0,4.0,アドマイヤルプス,17.5
2019106847,タイキモンストル,2025/10/05,水沢,曇,8.0,C1六組,11,8.0,10,50.1,7.0,4.0,佐々木志,56.0,ダ,1400.0,稍,91.2,2.5,5-5-5-5,40.6,488.0,-8.0,ビップアクア,6.5
2019106847,タイキモンストル,2025/07/29,盛岡,晴,11.0,M&Kジョッキーズカ(C1),12,6.0,8,4.3,2.0,4.0,塚本涼人,56.0,ダ,1600.0,良,101.4,0.1,4-2,40.0,496.0,-6.0,ノースハマナス,7.8
2019106847,タイキモンストル,2025/07/13,盛岡,晴,8.0,C1二組,9,3.0,3,3.2,1.0,2.0,笹川翼,56.0,ダ,1600.0,良,100.9,0.1,1-1,38.5,502.0,6.0,コンジェラメント,17.5
2019106847,タイキモンストル,2025/06/29,水沢,晴,10.0,不動の滝賞(C1),10,3.0,3,9.3,4.0,9.0,山本聡紀,56.0,ダ,1600.0,良,106.4,1.4,6-6-10-9,40.5,496.0,-3.0,ショウグン,
2019106847,タイキモンストル,2025/06/15,水沢,曇,9.0,七折の滝賞(C1),11,1.0,1,10.0,4.0,5.0,塚本涼人,56.0,ダ,1600.0,良,106.6,1.0,5-4-6-5,41.5,499.0,-1.0,スカイピース,3.5
2019106847,タイキモンストル,2025/06/01,盛岡,晴,9.0,C1二組,11,6.0,7,12.4,5.0,2.0,塚本涼人,56.0,ダ,1600.0,良,101.2,0.2,1-1,39.3,500.0,-5.0,ノブ,17.5
2019106847,タイキモンストル,2025/05/19,盛岡,晴,9.0,C1一組,12,7.0,10,103.8,9.0,4.0,鈴木祐,56.0,ダ,1600.0,稍,102.9,2.4,6-7,41.1,505.0,1.0,ラストマン,6.5
2019106847,タイキモンストル,2025/05/07,盛岡,小雨,7.0,C1二組,10,5.0,5,18.3,9.0,3.0,塚本涼人,56.0,ダ,1600.0,不,100.7,0.1,2-1,38.9,504.0,5.0,トーアアネラ,10.0
2019106847,タイキモンストル,2025/04/28,水沢,曇,9.0,C1二組,11,5.0,5,57.0,9.0,9.0,小林凌,56.0,ダ,1600.0,良,106.2,2.0,6-6-5-8,41.9,499.0,1.0,ウイニングライブ,
2019106847,タイキモンストル,2025/04/13,水沢,小雨,10.0,岩手伝統工芸秀衡塗賞(C1),11,7.0,8,17.8,6.0,4.0,山本政聡,56.0,ダ,1600.0,良,106.5,1.3,9-10-5-8,41.8,498.0,-5.0,ヤークトボマー,6.5
2019106847,タイキモンストル,2025/03/29,水沢,曇,10.0,C1一組,12,2.0,2,47.8,7.0,7.0,小林凌,56.0,ダ,1600.0,稍,106.6,1.1,5-4-4-4,40.4,503.0,4.0,マサノビジョン,
2019106847,タイキモンストル,2025/03/17,水沢,雪,11.0,パンジー賞(C1),0,7.0,9,,,,小林凌,56.0,ダ,1600.0,不,,,,,,,,
2019106847,タイキモンストル,2024/12/30,水沢,晴,7.0,C1三組,12,6.0,8,2.2,1.0,4.0,小林凌,56.0,ダ,1400.0,不,88.7,0.5,5-2-2-2,39.2,499.0,3.0,ヤマニンビロー,5.9
2019106847,タイキモンストル,2024/12/24,水沢,小雪,12.0,マリーゴールド賞(C1),9,7.0,7,1.4,1.0,3.0,小林凌,56.0,ダ,1400.0,不,88.9,0.1,2-2-1-1,39.7,496.0,-4.0,オールイズトゥルー,9.0
2019106847,タイキモンストル,2024/12/09,水沢,曇,10.0,ブラッドストーン賞(C1),10,6.0,6,7.3,4.0,3.0,小林凌,56.0,ダ,1400.0,不,89.2,0.5,1-1-1-1,40.6,500.0,7.0,キリシマエール,9.0
2019106847,タイキモンストル,2024/11/26,水沢,晴,3.0,C2一組,9,8.0,8,31.5,6.0,7.0,小林凌,56.0,ダ,1400.0,稍,91.8,0.7,3-3-3-4,41.5,493.0,-4.0,エイシンハルニレ,
2019106847,タイキモンストル,2024/11/19,水沢,晴,3.0,C2一組,10,1.0,1,29.5,7.0,4.0,鈴木祐,56.0,ダ,1400.0,稍,90.5,0.9,4-4-6-6,39.8,497.0,-1.0,フィローシャ,5.2
2019106847,タイキモンストル,2024/11/06,盛岡,曇,3.0,C2二組,10,7.0,8,3.9,2.0,1.0,小林凌,56.0,ダ,1400.0,稍,89.6,-0.3,1-1,40.0,498.0,-6.0,(ヤマショウシャイン),40.0
2019106847,タイキモンストル,2024/10/22,盛岡,晴,1.0,C2四組,8,6.0,6,7.0,4.0,4.0,小林凌,56.0,ダ,1400.0,稍,89.6,2.1,5-4,40.5,504.0,-3.0,マリリン,5.2
2019106847,タイキモンストル,2024/10/08,盛岡,曇,2.0,C2三組,12,6.0,8,15.0,4.0,6.0,小林凌,56.0,ダ,1400.0,重,88.2,1.4,6-7,39.1,507.0,17.0,ローゼンモンターク,
2019106847,タイキモンストル,2024/06/18,水沢,曇,10.0,B2二組,9,3.0,3,6.0,4.0,5.0,高松亮,56.0,ダ,1600.0,良,104.4,2.0,7-8-8-6,38.7,490.0,-10.0,アジアノカイゾク,3.9
2019106847,タイキモンストル,2024/06/02,水沢,雨,10.0,チャイナアスタ賞(B1B2),9,7.0,8,8.1,5.0,6.0,山本政聡,56.0,ダ,1600.0,稍,103.5,0.6,7-7-5-5,39.8,500.0,0.0,ゴールデンギフト,
2019106847,タイキモンストル,2024/05/20,盛岡,曇,10.0,シベリアンアイリス賞(B2),11,7.0,9,7.3,4.0,5.0,鈴木祐,56.0,ダ,1600.0,稍,102.1,1.1,3-5,40.6,500.0,6.0,メイショウケイゼン,3.9
2019106847,タイキモンストル,2024/05/07,盛岡,曇,11.0,ピンクダイヤモンド賞(B2),11,3.0,3,9.9,6.0,2.0,鈴木祐,56.0,ダ,1600.0,稍,101.5,0.0,5-3,39.9,494.0,8.0,ネオネオモッズ,19.3
2019106847,タイキモンストル,2024/04/21,水沢,晴,10.0,B2一組,11,6.0,6,9.9,5.0,9.0,鈴木祐,56.0,ダ,1600.0,良,106.6,1.9,8-8-9-11,41.7,486.0,-8.0,サンエントジアスタ,
2019106847,タイキモンストル,2024/04/07,水沢,晴,9.0,B2二組,12,8.0,11,26.8,6.0,2.0,鈴木祐,56.0,ダ,1600.0,良,105.5,0.4,3-3-2-2,40.9,494.0,3.0,チュウオウペット,19.3
2019106847,タイキモンストル,2024/03/24,水沢,晴,8.0,B2二組,11,7.0,9,6.7,4.0,8.0,鈴木祐,56.0,ダ,1600.0,稍,106.1,1.6,5-4-6-7,41.4,491.0,-4.0,パーペチュイティ,
2019106847,タイキモンストル,2024/03/11,水沢,曇,9.0,アリエス賞(B2),11,7.0,9,11.0,5.0,6.0,鈴木祐,56.0,ダ,1600.0,重,103.5,0.3,1-1-1-2,40.1,495.0,-11.0,メイショウメイスイ,
2019106847,タイキモンストル,2024/01/26,大井,晴,6.0,C2二三四(C2三),14,4.0,6,152.0,14.0,11.0,仲原大生,56.0,ダ,1600.0,稍,106.8,2.6,13-14-13-14,41.4,506.0,6.0,モズユウガ,
2019106847,タイキモンストル,2023/12/31,大井,晴,8.0,C1二三四(C1三),13,2.0,2,170.3,11.0,10.0,仲原大生,56.0,ダ,1400.0,良,92.8,2.0,5-8-8,40.2,500.0,-8.0,シャルマンジャン,
2019106847,タイキモンストル,2023/12/06,大井,晴,10.0,やまねこ座特別競走(C1),15,6.0,11,169.2,14.0,13.0,桑村真明,56.0,ダ,1800.0,良,121.2,2.6,1-1-1-2,42.7,508.0,4.0,ワイルドハンター,
2019106847,タイキモンストル,2023/11/16,大井,晴,8.0,スレッジ・ハンマー賞(C1三),12,5.0,6,34.1,8.0,11.0,桑村真明,56.0,ダ,1400.0,良,90.6,1.9,8-8-9,39.9,504.0,-6.0,エスプリボクチャン,
2019106847,タイキモンストル,2023/11/01,大井,晴,8.0,ウィスキー・マック賞(C1),11,1.0,1,8.7,6.0,8.0,笹川翼,56.0,ダ,1600.0,良,105.8,1.3,6-6-6-5,41.0,510.0,-2.0,ブラッドワイルド,
2019106847,タイキモンストル,2023/08/09,門別,晴,12.0,風かおる優駿桜国新ひ(B3),8,1.0,1,1.9,1.0,7.0,服部茂史,57.0,ダ,1700.0,稍,114.3,4.1,3-4-3-7,43.5,512.0,14.0,メイショウイチズ,
2019106847,タイキモンストル,2023/07/13,門別,曇,11.0,星の降る里・芦別健夏(B3),10,6.0,6,1.7,1.0,3.0,服部茂史,56.0,ダ,1700.0,稍,111.5,0.4,6-5-5-6,40.6,498.0,4.0,ワンダフルライフ,11.6
2019106847,タイキモンストル,2023/06/15,門別,曇,11.0,BTC調教場30周年(B3),11,8.0,10,4.6,3.0,1.0,服部茂史,55.0,ダ,1700.0,稍,110.3,-0.2,5-5-5-2,41.1,494.0,-8.0,(コスモサミット),55.0
2019106847,タイキモンストル,2023/05/18,門別,晴,11.0,すながわスイートロー(C1),11,7.0,9,6.7,3.0,1.0,服部茂史,57.0,ダ,1700.0,良,110.9,-0.3,5-5-1-1,40.8,502.0,2.0,(フクノバルトラン),55.0
2019106847,タイキモンストル,2023/03/26,3中山2,雨,4.0,障害4歳以上未勝利,14,1.0,1,180.0,14.0,11.0,金子光希,59.0,障,2880.0,不,204.0,6.0,10-9-9-9,14.2,500.0,-4.0,ショウナンアストラ,
2019106847,タイキモンストル,2023/02/26,2小倉6,晴,4.0,障害4歳以上未勝利,12,5.0,5,141.8,11.0,11.0,金子光希,59.0,障,2860.0,稍,199.3,5.6,11-11-11-11,13.9,504.0,10.0,ドンシャーク,
2019106847,タイキモンストル,2022/11/20,3福島6,曇,4.0,障害3歳以上未勝利,12,7.0,9,37.5,9.0,11.0,石神深一,58.0,障,2770.0,良,186.6,4.7,10-10-11-10,13.5,494.0,0.0,ジューンベロシティ,
2019106847,タイキモンストル,2022/10/30,4新潟6,雨,4.0,障害3歳以上未勝利,14,5.0,7,30.3,11.0,7.0,石神深一,58.0,障,2850.0,良,193.1,3.6,11-10-8-8,13.6,494.0,6.0,レザネフォール,
2019106847,タイキモンストル,2022/08/28,4小倉6,晴,7.0,3歳未勝利,16,1.0,1,9.3,4.0,10.0,酒井学,56.0,ダ,1700.0,良,108.2,2.5,9-8-8-9,40.0,488.0,4.0,ハギノロックオン,
2019106847,タイキモンストル,2022/08/20,4小倉3,晴,2.0,3歳未勝利,16,3.0,6,94.8,11.0,3.0,酒井学,56.0,ダ,1700.0,稍,105.8,2.3,5-5-3-3,38.8,484.0,-2.0,モディカ,130.0
2019106847,タイキモンストル,2022/06/12,1函館2,晴,6.0,3歳未勝利,12,6.0,9,138.4,11.0,11.0,小林凌大,53.0,芝,1800.0,良,109.8,1.6,10-11-11-11,36.1,486.0,0.0,ファインバーグ,
2019106847,タイキモンストル,2022/05/14,1新潟3,曇,4.0,3歳未勝利,13,5.0,7,9.0,5.0,6.0,原優介,53.0,ダ,1800.0,稍,115.1,1.3,8-9-9-9,39.6,486.0,-4.0,モズミツボシ,
2019106847,タイキモンストル,2022/03/06,1阪神8,晴,2.0,3歳未勝利,14,1.0,1,26.4,6.0,14.0,幸英明,56.0,ダ,2000.0,良,132.0,2.5,1-1-1-1,42.5,490.0,-2.0,アスクヴィヴァユー,
2019106847,タイキモンストル,2022/02/19,1阪神3,曇,3.0,3歳未勝利,9,8.0,9,46.3,8.0,4.0,松山弘平,56.0,ダ,2000.0,良,129.5,1.6,3-5-5-6,40.9,492.0,6.0,エミサソウツバサ,78.0
2019106847,タイキモンストル,2021/12/04,6阪神1,晴,3.0,2歳未勝利,9,3.0,3,14.1,4.0,5.0,幸英明,55.0,ダ,1800.0,良,117.0,1.2,7-7-5-3,40.7,486.0,6.0,ウッドショック,51.0
2019106847,タイキモンストル,2021/11/13,5東京3,晴,1.0,2歳未勝利,13,8.0,12,8.1,2.0,5.0,石橋脩,55.0,ダ,1600.0,稍,100.0,0.5,4-4,37.8,480.0,6.0,リバーサルバレット,51.0
2019106847,タイキモンストル,2021/10/24,4東京6,晴,4.0,2歳新馬,16,3.0,6,12.7,5.0,2.0,石橋脩,55.0,ダ,1600.0,良,100.1,0.2,4-4,38.1,474.0,0.0,オメガブルーム,280.0
2016105886,ヒロシゲウェーブ,2026/07/12,盛岡,雨,8.0,B2,9,4.0,4,7.8,4.0,3,塚本涼人,56.0,ダ,1400.0,不,85.9,0.4,1-1,37.5,455.0,-4.0,グローサーベア,12.0
2016105886,ヒロシゲウェーブ,2026/06/29,盛岡,晴,9.0,B2,12,5.0,6,63.7,9.0,7,塚本涼人,56.0,ダ,1400.0,良,86.9,1.9,4-4,39.4,459.0,5.0,ワガンセ,
2016105886,ヒロシゲウェーブ,2026/06/14,水沢,晴,10.0,猊鼻渓賞(B2),10,7.0,8,3.9,2.0,4,塚本涼人,56.0,ダ,1400.0,稍,89.2,0.7,3-3-2-3,39.7,454.0,-4.0,マルーントリック,7.8
2016105886,ヒロシゲウェーブ,2026/06/02,水沢,晴,12.0,夢・希望未来へ前進(B2),11,7.0,8,7.4,4.0,4,塚本涼人,56.0,ダ,1400.0,良,90.3,0.7,1-2-1-1,41.2,458.0,2.0,ウインチャチャ,7.8
2016105886,ヒロシゲウェーブ,2026/05/17,盛岡,晴,9.0,七折の滝賞(B2),11,5.0,6,17.0,8.0,7,塚本涼人,56.0,ダ,1400.0,良,88.1,1.5,6-7,39.7,456.0,0.0,ハーツケリー,
2016105886,ヒロシゲウェーブ,2026/05/04,盛岡,小雨,7.0,B2,12,3.0,3,11.5,5.0,4,塚本涼人,56.0,ダ,1400.0,不,85.9,0.5,3-3,39.0,456.0,-1.0,キャピタルプレイン,6.0
2016105886,ヒロシゲウェーブ,2026/04/21,水沢,晴,10.0,B2,12,1.0,1,11.3,5.0,9,塚本涼人,56.0,ダ,1400.0,良,92.3,1.6,12-12-11-9,40.4,457.0,1.0,コスモモカ,
2016105886,ヒロシゲウェーブ,2026/04/07,水沢,曇,10.0,B2,11,6.0,6,19.7,5.0,3,塚本涼人,56.0,ダ,1400.0,稍,88.8,0.5,3-3-2-1,38.8,456.0,3.0,ナイスカプチーノ,12.0
2016105886,ヒロシゲウェーブ,2026/03/24,水沢,晴,9.0,B2,12,5.0,6,6.7,5.0,2,塚本涼人,56.0,ダ,1400.0,良,91.4,0.1,8-7-5-3,40.9,453.0,-5.0,フリーウィーリング,21.0
2016105886,ヒロシゲウェーブ,2026/03/10,水沢,晴,9.0,B2,12,6.0,7,36.5,10.0,3,塚本涼人,56.0,ダ,1400.0,稍,91.4,0.5,8-8-8-8,40.6,458.0,-3.0,エイシンデュエラー,12.0
2016105886,ヒロシゲウェーブ,2025/12/16,水沢,小雨,6.0,C1,10,7.0,8,16.0,5.0,5,塚本涼人,56.0,ダ,850.0,重,51.1,0.5,3-5,35.8,461.0,2.0,クインズプリーズ,3.5
2016105886,ヒロシゲウェーブ,2025/12/02,水沢,曇,7.0,C1,10,4.0,4,2.4,1.0,1,山本聡紀,56.0,ダ,1400.0,稍,90.6,-0.5,2-2-2-1,39.9,459.0,0.0,(シラユリ),50.0
2016105886,ヒロシゲウェーブ,2025/11/16,盛岡,晴,9.0,C1,12,7.0,9,7.7,3.0,5,塚本涼人,56.0,ダ,1400.0,良,87.9,2.0,7-5,38.3,459.0,-6.0,アルシャンティ,3.5
2016105886,ヒロシゲウェーブ,2025/11/01,盛岡,曇,11.0,C1,12,7.0,10,14.3,5.0,6,塚本涼人,56.0,ダ,1400.0,不,87.1,1.3,3-4,39.3,465.0,3.0,ワイマング,
2016105886,ヒロシゲウェーブ,2025/10/19,盛岡,曇,9.0,C1,11,7.0,9,13.5,5.0,5,塚本涼人,56.0,ダ,1400.0,重,86.1,1.7,4-5,37.7,462.0,3.0,エテオクロス,3.5
2016105886,ヒロシゲウェーブ,2025/10/05,水沢,曇,9.0,C1五組,11,7.0,8,6.7,2.0,2,塚本涼人,56.0,ダ,1400.0,稍,89.8,0.4,2-2-1-1,39.9,459.0,0.0,エコロジェイド,17.5
2016105886,ヒロシゲウェーブ,2025/09/23,水沢,晴,3.0,C2一組,11,8.0,10,16.4,6.0,7,塚本涼人,56.0,ダ,1400.0,良,89.5,0.7,3-3-3-2,40.2,459.0,4.0,ブンブンマル,
2016105886,ヒロシゲウェーブ,2025/09/01,盛岡,曇,4.0,C2五組,10,7.0,7,1.3,1.0,1,塚本涼人,56.0,ダ,1200.0,良,74.0,-0.8,1-1,38.0,455.0,9.0,(ブルーオーソ),40.0
2016105886,ヒロシゲウェーブ,2025/08/03,盛岡,晴,11.0,夢・希望未来へ前進(B1),11,2.0,2,6.6,4.0,10,塚本涼人,56.0,ダ,1400.0,良,88.2,2.0,2-5,40.3,446.0,-3.0,キャンドルベリー,
2016105886,ヒロシゲウェーブ,2025/07/18,名古屋,曇,12.0,かんむり座特別(B),12,7.0,10,20.4,7.0,3,小笠原羚,53.0,ダ,1400.0,不,88.9,0.7,2-1-1,38.6,449.0,-5.0,ジュンフィレンツェ,20.0
2016105886,ヒロシゲウェーブ,2025/07/08,名古屋,晴,12.0,アルタイル特別(B),12,8.0,11,49.4,8.0,4,明星晴大,56.0,ダ,1500.0,良,96.8,1.0,2-2-2,39.0,454.0,7.0,サンマルエンパイア,12.8
2016105886,ヒロシゲウェーブ,2025/06/16,名古屋,晴,11.0,伊佐木特別(A),10,4.0,4,24.5,5.0,6,小笠原羚,53.0,ダ,920.0,重,56.5,1.8,6,36.2,447.0,-5.0,ラヴラブクロフネ,
2016105886,ヒロシゲウェーブ,2025/06/05,名古屋,晴,11.0,蟹江特別(A),10,6.0,8,53.5,9.0,10,小笠原羚,53.0,ダ,1700.0,稍,113.1,2.8,1-5-6,43.1,452.0,6.0,ウインライズ,
2016105886,ヒロシゲウェーブ,2025/05/21,名古屋,曇,11.0,草笛特別(A),12,5.0,5,59.6,8.0,5,小笠原羚,53.0,ダ,1500.0,良,98.3,1.0,3-4-3,39.6,446.0,-8.0,エピックナイト,10.0
2016105886,ヒロシゲウェーブ,2025/05/08,名古屋,晴,10.0,薫風特別(A),11,5.0,5,111.1,10.0,9,小笠原羚,53.0,ダ,1500.0,重,98.9,2.7,1-4-6,42.1,454.0,-2.0,イッツナッシング,
2016105886,ヒロシゲウェーブ,2025/04/23,名古屋,曇,11.0,一宮特別(A),10,5.0,5,41.6,8.0,9,小笠原羚,53.0,ダ,1500.0,不,97.8,2.5,7-9-9,39.6,456.0,-1.0,マンノライトニング,
2016105886,ヒロシゲウェーブ,2025/03/28,名古屋,曇,10.0,岩倉特別(A),8,7.0,7,20.6,6.0,7,村上弘樹,56.0,ダ,1700.0,不,111.4,1.3,3-3-7,39.0,457.0,-3.0,ヴェッツラー,
2016105886,ヒロシゲウェーブ,2025/03/17,名古屋,晴,11.0,蛤特別(A),11,5.0,5,35.6,7.0,7,今井貴大,56.0,ダ,1400.0,不,90.1,1.8,1-1-2,38.7,460.0,-3.0,アメリカンランナー,
2016105886,ヒロシゲウェーブ,2025/02/28,名古屋,曇,9.0,いがまんじゅう特別(A),12,1.0,1,19.2,6.0,7,大畑雅章,56.0,ダ,1500.0,良,97.0,2.4,4-5-7,40.4,463.0,9.0,アメリカンランナー,
2016105886,ヒロシゲウェーブ,2025/02/06,佐賀,曇,10.0,佐賀記念(JpnIII),11,5.0,5,430.5,10.0,10,金山昇馬,56.0,ダ,2000.0,重,135.1,6.4,8-8-8-9,42.6,454.0,-12.0,メイショウフンジン,
2016105886,ヒロシゲウェーブ,2025/01/29,名古屋,晴,9.0,大治特別(A),10,4.0,4,10.8,2.0,2,塚本征吾,56.0,ダ,1400.0,良,89.5,0.9,2-4-2,38.5,466.0,3.0,メイショウタイセツ,35.0
2016105886,ヒロシゲウェーブ,2025/01/14,名古屋,晴,10.0,冬芽特別(A),11,6.0,6,5.1,3.0,1,加藤聡一,56.0,ダ,1500.0,良,97.6,-0.1,2-2-1,39.5,463.0,0.0,(ヒシゲッコウ),90.0
2016105886,ヒロシゲウェーブ,2025/01/06,名古屋,曇,9.0,福笑い特別(A),8,6.0,6,8.8,4.0,5,大畑慧悟,56.0,ダ,920.0,重,56.5,1.1,5,37.0,463.0,7.0,ケイカ,10.0
2016105886,ヒロシゲウェーブ,2024/06/28,名古屋,雨,11.0,ムーンストーンオープ(A),11,6.0,7,71.8,10.0,7,大畑慧悟,55.0,ダ,1500.0,不,96.1,2.2,4-3-8,40.5,456.0,0.0,セイヴァリアント,
2016105886,ヒロシゲウェーブ,2024/06/13,名古屋,晴,12.0,トリトン争覇(重賞),12,6.0,7,151.4,11.0,12,加藤聡一,57.0,ダ,1700.0,良,112.2,4.2,1-4-8,41.9,456.0,1.0,ロードランヴェルセ,
2016105886,ヒロシゲウェーブ,2024/05/17,名古屋,晴,12.0,湾岸スターC(OP),11,8.0,10,7.3,3.0,7,浅野皓大,56.0,ダ,920.0,良,56.0,0.7,8,36.4,455.0,-1.0,フォルツァエフ,
2016105886,ヒロシゲウェーブ,2024/04/24,名古屋,雨,11.0,和金特別(A),10,8.0,10,6.9,5.0,3,加藤聡一,56.0,ダ,920.0,不,55.2,0.3,3,35.9,456.0,4.0,フォルツァエフ,30.0
2016105886,ヒロシゲウェーブ,2024/03/26,高知,晴,5.0,黒船賞[指定交流](JpnIII),12,3.0,3,820.4,11.0,10,井上瑛太,56.0,ダ,1400.0,不,90.0,2.4,10-9-10-11,39.8,452.0,-4.0,シャマル,
2016105886,ヒロシゲウェーブ,2024/02/29,名古屋,雨,10.0,かきつばた記念(JpnIII),12,5.0,6,591.6,12.0,10,浅野皓大,56.0,ダ,1500.0,稍,95.0,2.4,8-9-10,39.2,456.0,-1.0,サンライズホーク,
2016105886,ヒロシゲウェーブ,2024/02/22,笠松,曇,4.0,下萌特別(A),7,5.0,5,2.7,1.0,3,大畑慧悟,56.0,ダ,1400.0,重,89.1,0.5,4-4-3,38.1,457.0,-6.0,ヨハン,19.0
2016105886,ヒロシゲウェーブ,2024/02/16,名古屋,晴,11.0,サファイアOP(A),9,7.0,7,8.5,5.0,3,大畑慧悟,55.0,ダ,920.0,良,56.2,0.6,1,36.9,463.0,7.0,ヘイシリン,44.0
2016105886,ヒロシゲウェーブ,2024/02/01,名古屋,晴,10.0,如月昇竜戦(A),11,2.0,2,17.0,6.0,6,浅野皓大,56.0,ダ,1700.0,稍,110.9,1.1,1-3-3,39.8,456.0,-1.0,リストン,
2016105886,ヒロシゲウェーブ,2024/01/19,名古屋,晴,11.0,ガーネットOP(A),9,3.0,3,36.9,7.0,5,浅野皓大,56.0,ダ,1700.0,良,110.0,0.5,3-6-4,37.8,457.0,4.0,ハディア,22.0
2016105886,ヒロシゲウェーブ,2024/01/04,名古屋,晴,11.0,名古屋記念(重賞),12,5.0,6,177.0,11.0,7,浅野皓大,57.0,ダ,1500.0,良,96.0,1.6,5-7-8,40.2,453.0,0.0,ブンブンマル,
2016105886,ヒロシゲウェーブ,2023/12/21,名古屋,晴,7.0,愛知県畜産特別(A),9,8.0,8,5.8,3.0,8,加藤聡一,56.0,ダ,1700.0,良,111.8,1.9,3-3-4,41.2,453.0,-2.0,セイエクシード,
2016105886,ヒロシゲウェーブ,2023/09/15,笠松,晴,11.0,紅葉月特別(A),8,8.0,8,2.2,1.0,2,浅野皓大,58.0,ダ,1400.0,良,87.5,0.2,2-2-1,38.4,455.0,4.0,エイシンヌウシペツ,33.3
2016105886,ヒロシゲウェーブ,2023/08/22,名古屋,晴,11.0,ベイスプリント(重賞),12,5.0,5,4.9,3.0,3,加藤聡一,57.0,ダ,920.0,良,55.7,1.0,6,35.7,451.0,-2.0,アルカウン,100.0
2016105886,ヒロシゲウェーブ,2023/07/28,名古屋,晴,11.0,アマリリス特別(A),8,6.0,6,2.6,2.0,2,浅野皓大,56.0,ダ,1700.0,良,109.5,0.0,3-3-2,37.6,453.0,0.0,スターインパクト,42.0
2016105886,ヒロシゲウェーブ,2023/06/30,名古屋,曇,11.0,ルビーOP(A),10,3.0,3,5.5,3.0,3,浅野皓大,57.5,ダ,1500.0,重,95.2,1.8,5-4-3,39.4,453.0,4.0,メイショウシルト,44.0
2016105886,ヒロシゲウェーブ,2023/06/09,笠松,晴,11.0,飛山濃水杯(重賞),10,8.0,9,7.1,4.0,1,加藤聡一,57.0,ダ,1400.0,稍,88.2,-0.1,3-3-2,39.0,449.0,1.0,(メイショウシルト),300.0
2016105886,ヒロシゲウェーブ,2023/05/02,名古屋,晴,10.0,皐月昇竜戦(A),9,7.0,7,3.3,2.0,1,浅野皓大,56.0,ダ,1500.0,良,95.2,0.0,3-3-3,38.1,448.0,1.0,(ドリームスイーブル),150.0
2016105886,ヒロシゲウェーブ,2023/04/11,名古屋,晴,11.0,東海桜花賞(重賞),12,1.0,1,178.1,11.0,7,加藤聡一,57.0,ダ,1500.0,良,95.7,2.5,9-8-8,39.1,447.0,-1.0,ルーチェドーロ,
2016105886,ヒロシゲウェーブ,2023/03/31,名古屋,曇,11.0,アクアマリンOP(A),11,1.0,1,9.7,4.0,5,今井貴大,56.0,ダ,1500.0,良,95.5,0.3,3-3-3,38.5,448.0,9.0,メイショウシルト,18.0
2016105886,ヒロシゲウェーブ,2023/03/14,高知,晴,4.0,黒船賞[指定交流](JpnIII),12,5.0,5,706.2,10.0,10,浅野皓大,56.0,ダ,1400.0,不,91.7,3.4,6-6-8-10,41.0,439.0,-12.0,シャマル,
2016105886,ヒロシゲウェーブ,2023/03/03,名古屋,晴,11.0,アメジストOP(A),9,1.0,1,6.0,5.0,3,浅野皓大,55.0,ダ,920.0,良,56.5,0.5,5,36.1,451.0,5.0,アオイスイセイ,40.0
2016105886,ヒロシゲウェーブ,2023/02/10,笠松,雨,9.0,フリージアOP(A),8,6.0,6,3.7,2.0,2,加藤聡一,57.0,ダ,1600.0,重,102.8,0.1,2-2-1,38.4,446.0,2.0,マーミンラブ,51.0
2016105886,ヒロシゲウェーブ,2023/01/29,高知,晴,6.0,黒潮スプリンターズカ(重賞),11,3.0,3,84.8,7.0,10,浅野皓大,57.0,ダ,1300.0,重,84.6,3.9,7-7-8-9,40.2,444.0,-4.0,イグナイター,
2016105886,ヒロシゲウェーブ,2023/01/13,笠松,曇,10.0,スノードロップオープ(A),9,8.0,8,1.8,1.0,2,加藤聡一,57.0,ダ,1400.0,良,88.6,0.4,1-1-2,38.4,448.0,0.0,アドマイヤムテキ,51.0
2016105886,ヒロシゲウェーブ,2023/01/04,名古屋,晴,11.0,名古屋記念(重賞),12,5.0,6,31.3,6.0,5,保園翔也,57.0,ダ,1500.0,良,95.3,0.5,8-7-6,38.6,448.0,-7.0,メルト,54.0
2016105886,ヒロシゲウェーブ,2022/12/23,名古屋,晴,11.0,タンザナイトOP(A),8,3.0,3,5.5,4.0,3,浅野皓大,54.0,ダ,1500.0,良,96.6,0.6,5-5-5,39.9,455.0,-2.0,コンビーノ,40.0
2016105886,ヒロシゲウェーブ,2022/11/25,名古屋,晴,11.0,トパーズOP(A),11,3.0,3,2.4,1.0,3,浅野皓大,54.5,ダ,1500.0,重,96.1,0.7,9-10-6,39.2,457.0,2.0,ブンブンマル,40.0
2016105886,ヒロシゲウェーブ,2022/11/04,笠松,晴,10.0,東海クラウン(A),7,7.0,7,2.7,2.0,1,浅野皓大,56.0,ダ,1400.0,良,89.5,-0.7,3-4-3,38.6,455.0,1.0,(ナムラゴロー),170.0
2016105886,ヒロシゲウェーブ,2022/10/13,名古屋,曇,10.0,神無月昇竜戦(A),9,4.0,4,5.9,2.0,1,浅野皓大,55.0,ダ,1500.0,良,96.9,-0.4,3-4-2,37.6,454.0,3.0,(ブンブンマル),110.0
2016105886,ヒロシゲウェーブ,2022/09/29,名古屋,晴,10.0,鱸特別(A),10,2.0,2,6.0,4.0,1,浅野皓大,55.0,ダ,1500.0,良,96.7,-0.2,1-1-1,40.4,451.0,-1.0,(ベガスストリップ),80.0
2016105886,ヒロシゲウェーブ,2022/09/15,名古屋,晴,11.0,ベイスプリント(重賞),12,7.0,9,25.9,7.0,3,加藤聡一,57.0,ダ,920.0,良,56.0,0.0,8,36.2,452.0,1.0,エッシャー,120.0
2016105886,ヒロシゲウェーブ,2022/09/01,名古屋,曇,11.0,ブーゲンビレア特別(A),9,8.0,8,2.7,1.0,8,大畑雅章,56.0,ダ,1500.0,稍,99.5,2.3,3-3-4,43.2,451.0,-1.0,マイネルヘルツアス,
2016105886,ヒロシゲウェーブ,2022/08/19,名古屋,晴,11.0,フルダッシュOP(A),10,3.0,3,5.8,4.0,4,浅野皓大,53.0,ダ,920.0,稍,55.5,1.1,5,36.0,452.0,16.0,エッシャー,26.0
2016105886,ヒロシゲウェーブ,2022/04/11,名古屋,晴,11.0,土筆特別(A),11,5.0,6,11.6,3.0,1,浅野皓大,54.0,ダ,1500.0,良,95.8,-0.8,1-1-1,38.4,436.0,-4.0,(ゲットオン),65.0
2016105886,ヒロシゲウェーブ,2022/03/09,名古屋,晴,11.0,桜鱒特別(A),11,3.0,3,,,取,大畑雅章,56.0,ダ,1800.0,良,,,,,,,セイカリス,
2016105886,ヒロシゲウェーブ,2022/03/03,名古屋,晴,10.0,豊山特別(A),5,1.0,1,3.5,2.0,2,加藤聡一,56.0,ダ,1600.0,良,107.0,0.2,1-1-1,40.8,440.0,-8.0,セイスケルツォ,19.2
2016105886,ヒロシゲウェーブ,2022/02/14,名古屋,晴,10.0,余寒特別(A),10,1.0,1,11.0,4.0,2,大畑雅章,56.0,ダ,1400.0,重,93.3,0.4,4-4-4,41.1,448.0,-15.0,マイネルハレオ,14.3
2016105886,ヒロシゲウェーブ,2021/12/02,園田,晴,9.0,C1一,10,1.0,1,7.5,2.0,4,小谷周平,56.0,ダ,1230.0,稍,81.4,2.0,3-3-4-4,40.9,463.0,7.0,トリニティノット,13.5
2016105886,ヒロシゲウェーブ,2021/11/10,園田,曇,12.0,C1,12,3.0,3,6.0,3.0,5,小谷周平,56.0,ダ,1400.0,重,94.1,1.1,1-1-3-1,40.8,456.0,-5.0,ウィズザワールド,9.0
2016105886,ヒロシゲウェーブ,2021/10/29,園田,晴,12.0,トルマリン賞C1,12,8.0,12,3.5,2.0,2,小谷周平,56.0,ダ,1400.0,稍,92.6,0.3,1-1-1-1,40.0,461.0,1.0,メイショウコハギ,32.0
2016105886,ヒロシゲウェーブ,2021/10/13,園田,曇,11.0,姫路さぎ草特別C1,11,8.0,11,3.5,2.0,2,小谷周平,56.0,ダ,1400.0,良,92.2,1.1,2-2-2-1,39.2,460.0,-2.0,ベストオブラック,32.0
2016105886,ヒロシゲウェーブ,2021/09/23,園田,晴,6.0,C2一,10,8.0,10,1.6,1.0,1,小谷周平,57.0,ダ,1400.0,良,91.2,-0.8,1-1-1-1,39.8,462.0,-1.0,(ワキノフラッシュ),60.0
2016105886,ヒロシゲウェーブ,2021/09/09,園田,曇,4.0,C2四,10,4.0,4,1.6,1.0,1,小谷周平,56.0,ダ,1400.0,重,90.8,-1.3,1-1-1-1,39.5,463.0,1.0,(エルゴルド),60.0
2016105886,ヒロシゲウェーブ,2021/08/19,園田,雨,4.0,C3二,10,6.0,6,1.8,1.0,1,小谷周平,57.0,ダ,1400.0,不,92.4,-1.1,1-1-1-1,39.8,462.0,33.0,(カールグリン),50.0
2016105886,ヒロシゲウェーブ,2021/05/12,園田,雨,8.0,C2二,9,8.0,9,3.1,2.0,1,木本直,55.0,ダ,1400.0,稍,92.8,-0.1,1-1-1-1,41.3,429.0,-2.0,(シブヤクロッシング),60.0
2016105886,ヒロシゲウェーブ,2021/04/22,園田,晴,4.0,C2二,10,6.0,6,2.5,2.0,4,木本直,55.0,ダ,1400.0,良,94.1,1.1,3-3-3-2,40.7,431.0,8.0,ラルワースコーヴ,9.0
2016105886,ヒロシゲウェーブ,2021/03/24,姫路,晴,5.0,C2三,9,8.0,9,1.2,1.0,5,木本直,55.0,ダ,1400.0,良,94.5,1.1,2-2-2-3,41.0,423.0,3.0,メイショウハルカス,4.0
2016105886,ヒロシゲウェーブ,2021/03/02,姫路,曇,5.0,C3一,10,8.0,10,1.2,1.0,1,木本直,55.0,ダ,1400.0,不,91.5,-0.9,1-1-1-1,38.0,420.0,5.0,(カフジマーキュリー),35.0
2016105886,ヒロシゲウェーブ,2021/02/11,姫路,晴,3.0,C3二,10,2.0,2,1.7,1.0,3,木本直,56.0,ダ,1400.0,良,93.9,0.5,1-1-1-1,39.7,415.0,-23.0,ラブキーセキ,4.9
2016105886,ヒロシゲウェーブ,2020/10/16,園田,曇,12.0,C2,12,1.0,1,2.2,1.0,1,板野央,56.0,ダ,1230.0,良,81.3,-0.3,5-3-3-2,40.0,438.0,-3.0,(キララ),55.0
2016105886,ヒロシゲウェーブ,2020/09/30,園田,曇,5.0,C3一,10,4.0,4,1.4,1.0,1,板野央,56.0,ダ,1400.0,良,92.0,-1.7,1-1-1-1,39.7,441.0,3.0,(レコパンサムライ),35.0
2016105886,ヒロシゲウェーブ,2020/06/18,園田,雨,7.0,C2一,10,8.0,10,1.2,1.0,3,吉村智洋,57.0,ダ,1400.0,稍,93.4,0.2,1-1-2-2,40.3,438.0,-2.0,マイネルサグラ,7.0
2016105886,ヒロシゲウェーブ,2020/06/05,園田,晴,4.0,C2三,9,2.0,2,1.1,1.0,1,吉村智洋,56.0,ダ,1400.0,良,92.1,-1.2,1-1-1-1,39.4,440.0,3.0,(ウォーターティアナ),50.0
2016105886,ヒロシゲウェーブ,2020/05/21,園田,曇,5.0,C3一,10,5.0,5,1.3,1.0,1,吉村智洋,56.0,ダ,1400.0,稍,91.7,-1.7,1-1-1-1,39.5,437.0,-6.0,(モズストフラ),35.0
2016105886,ヒロシゲウェーブ,2020/02/06,姫路,晴,5.0,C2一,10,5.0,5,3.6,2.0,2,吉村智洋,56.0,ダ,1400.0,良,92.6,1.0,1-1-1-2,40.0,443.0,3.0,テーオーターゲット,9.8
2016105886,ヒロシゲウェーブ,2020/01/22,姫路,曇,6.0,C2二,10,1.0,1,4.2,3.0,2,大山真吾,56.0,ダ,1400.0,良,92.1,0.4,1-1-1-1,40.6,440.0,4.0,コンドルノユメ,9.8
2016105886,ヒロシゲウェーブ,2019/12/30,園田,曇,12.0,C2,10,8.0,10,1.8,1.0,3,大山真吾,56.0,ダ,820.0,不,50.0,0.5,6-5,35.5,436.0,4.0,エラミカ,5.6
2016105886,ヒロシゲウェーブ,2019/08/11,1札幌6,晴,3.0,3歳未勝利,12,7.0,9,7.3,4.0,7,丹内祐次,56.0,ダ,1000.0,重,59.2,0.8,9-7,35.0,432.0,2.0,サーストンネイジュ,
2016105886,ヒロシゲウェーブ,2019/07/13,3中京5,曇,3.0,3歳未勝利,16,4.0,8,5.7,2.0,6,幸英明,56.0,ダ,1200.0,重,72.7,1.3,4-4,38.1,430.0,0.0,オースミムテキ,
2016105886,ヒロシゲウェーブ,2019/06/23,3阪神8,曇,2.0,3歳未勝利,16,4.0,7,3.2,1.0,3,森裕太朗,55.0,ダ,1200.0,良,73.3,0.1,4-3,36.4,430.0,0.0,メイショウヤワラギ,130.0
2016105886,ヒロシゲウェーブ,2019/06/02,3阪神2,曇,2.0,3歳未勝利,16,4.0,8,36.9,8.0,2,森裕太朗,55.0,ダ,1200.0,良,73.1,0.0,3-3,37.5,430.0,2.0,テイエムイブシギン,200.0
2016105886,ヒロシゲウェーブ,2019/04/27,1新潟1,小雨,5.0,3歳未勝利,16,4.0,7,23.5,7.0,14,森裕太朗,55.0,芝,1600.0,重,98.4,1.8,5-6,37.0,428.0,-6.0,スコッチリール,
2016105886,ヒロシゲウェーブ,2019/04/07,1福島2,曇,2.0,3歳未勝利,16,1.0,2,27.6,7.0,4,森裕太朗,55.0,芝,1200.0,良,70.5,0.3,11-10,35.1,434.0,10.0,スキップ,75.0
2016105886,ヒロシゲウェーブ,2018/12/02,5阪神2,晴,5.0,2歳新馬,8,1.0,1,69.0,7.0,8,古川吉洋,55.0,芝,2000.0,良,125.8,3.1,6-6-6-8,37.3,424.0,0.0,ヒンドゥタイムズ,
2020105943,キッカケ,2026/07/05,盛岡,曇,8.0,C1,10,8.0,9,7.6,4.0,1.0,大坪慎,54.0,ダ,1400.0,良,86.9,-0.1,3-3,37.7,423.0,-5.0,(ストロングフーヴス),50.0
2020105943,キッカケ,2026/06/23,水沢,曇,9.0,C1六組,10,1.0,1,9.8,4.0,1.0,大坪慎,54.0,ダ,1400.0,重,87.6,-0.6,1-1-1-1,39.0,428.0,3.0,(フォルトリアン),50.0
2020105943,キッカケ,2026/06/09,水沢,曇,2.0,C2二組,10,2.0,2,5.6,4.0,2.0,塚本涼人,54.0,ダ,1400.0,不,88.3,0.1,1-1-1-1,39.2,425.0,1.0,ヤマト,15.1
2020105943,キッカケ,2026/06/02,水沢,晴,3.0,C2三組,8,6.0,6,8.8,4.0,2.0,菅原辰徳,54.0,ダ,1400.0,良,91.0,0.2,1-1-1-1,40.9,424.0,0.0,ワイドマルガリータ,15.1
2020105943,キッカケ,2026/05/19,盛岡,晴,3.0,C2二組,9,8.0,8,3.6,2.0,9.0,菅原辰徳,54.0,ダ,1400.0,良,90.2,2.7,2-3,40.8,424.0,0.0,ビアンカ,
2020105943,キッカケ,2026/05/11,盛岡,曇,10.0,C1四組,12,8.0,12,6.4,3.0,7.0,山本政聡,54.0,ダ,1400.0,良,88.1,1.1,6-7,38.5,424.0,0.0,ヴィヴァムーン,
2020105943,キッカケ,2026/04/29,水沢,曇,8.0,C1五組,10,8.0,10,7.1,5.0,7.0,菅原辰徳,54.0,ダ,1400.0,稍,92.1,1.3,2-2-1-1,41.7,424.0,7.0,ベルベストランナー,
2020105943,キッカケ,2026/04/12,水沢,晴,8.0,C1,10,4.0,4,19.9,6.0,2.0,塚本涼人,54.0,ダ,1400.0,稍,89.8,0.1,2-2-2-1,38.4,417.0,-4.0,リースアンドリボン,17.5
2020105943,キッカケ,2026/03/31,水沢,雨,10.0,C1五組,11,8.0,10,9.1,2.0,5.0,菅原辰徳,54.0,ダ,1400.0,不,89.3,2.6,6-5-6-5,39.4,421.0,5.0,シックザイン,3.5
2020105943,キッカケ,2026/03/17,水沢,晴,4.0,C2一組,7,1.0,1,32.4,7.0,6.0,塚本涼人,54.0,ダ,1400.0,良,92.7,1.2,1-1-2-1,42.0,416.0,-5.0,クラキンカ,
2020105943,キッカケ,2026/03/10,水沢,晴,4.0,C2一組,11,7.0,8,31.9,10.0,2.0,塚本涼人,54.0,ダ,1400.0,稍,92.0,0.3,3-3-3-2,41.2,421.0,3.0,クラキンカ,14.0
2020105943,キッカケ,2025/12/29,水沢,曇,9.0,C1,11,7.0,8,19.3,7.0,11.0,菅原辰徳,54.0,ダ,1400.0,重,91.1,2.1,2-3-5-10,41.4,418.0,-2.0,シャノワール,
2020105943,キッカケ,2025/12/14,水沢,曇,8.0,C1,12,4.0,4,41.3,9.0,3.0,菅原辰徳,54.0,ダ,1400.0,不,92.1,0.7,5-3-3-4,41.3,420.0,0.0,クラキンカ,10.0
2020105943,キッカケ,2025/11/30,水沢,小雨,9.0,C1,12,4.0,4,29.3,7.0,7.0,菅原辰徳,54.0,ダ,1400.0,稍,92.5,1.5,2-2-3-4,42.4,420.0,3.0,ビップアリエル,
2020105943,キッカケ,2025/11/16,盛岡,晴,8.0,C1,11,4.0,4,16.3,4.0,9.0,山本聡紀,54.0,ダ,1400.0,良,89.5,1.8,2-4,40.4,417.0,0.0,コヴェナント,
2020105943,キッカケ,2025/11/01,盛岡,曇,9.0,C1,11,4.0,4,13.3,5.0,5.0,菅原辰徳,54.0,ダ,1400.0,不,87.3,1.4,8-5,38.5,417.0,-1.0,マナホクラニ,3.5
2020105943,キッカケ,2025/10/19,盛岡,曇,7.0,C1,10,6.0,6,23.7,6.0,4.0,大坪慎,54.0,ダ,1400.0,重,86.7,1.0,5-5,38.0,418.0,-2.0,スズカパンサー,6.5
2020105943,キッカケ,2025/10/05,水沢,曇,7.0,C1七組,10,7.0,7,198.6,10.0,3.0,大坪慎,54.0,ダ,1400.0,稍,91.0,1.1,2-2-2-1,40.3,420.0,-1.0,タナハシ,10.0
2020105943,キッカケ,2025/09/23,水沢,晴,2.0,C2二組,10,7.0,7,149.3,9.0,9.0,菅原辰徳,54.0,ダ,1400.0,良,91.6,3.0,1-1-3-5,41.8,421.0,8.0,フューチャーアゲン,
2020105943,キッカケ,2025/09/09,盛岡,曇,5.0,C2一組,10,6.0,6,180.2,10.0,6.0,大坪慎,54.0,ダ,1400.0,良,87.7,1.4,3-4,38.4,413.0,0.0,シントーユタカ,
2020105943,キッカケ,2025/08/26,盛岡,曇,3.0,C2三組,8,7.0,7,9.6,4.0,3.0,菅原辰徳,54.0,ダ,1400.0,良,88.7,0.4,3-2,39.4,413.0,2.0,ジョーヌヴェール,8.0
2020105943,キッカケ,2025/08/19,盛岡,晴,2.0,C2二組,9,8.0,8,4.7,3.0,4.0,菅原辰徳,54.0,ダ,1400.0,良,88.8,0.2,1-2,40.0,411.0,-2.0,モズヤッパリネ,5.2
2020105943,キッカケ,2025/08/12,盛岡,曇,3.0,C2三組,10,2.0,2,5.4,3.0,4.0,菅原辰徳,54.0,ダ,1400.0,稍,89.3,1.4,5-3,40.3,413.0,4.0,ペルルセレスト,5.2
2020105943,キッカケ,2025/07/28,盛岡,晴,5.0,C2四組,9,2.0,2,27.4,6.0,2.0,菅原辰徳,54.0,ダ,1400.0,良,88.4,0.7,1-1,38.9,409.0,1.0,ダークファンタジー,14.0
2020105943,キッカケ,2025/07/21,盛岡,小雨,5.0,C2四組,10,5.0,5,8.3,5.0,5.0,菅原辰徳,54.0,ダ,1200.0,稍,75.7,0.4,2-2,38.5,408.0,-1.0,マイネルダンク,2.8
2020105943,キッカケ,2025/06/29,水沢,晴,6.0,C1,9,8.0,9,6.5,3.0,5.0,菅原辰徳,54.0,ダ,1400.0,良,92.0,1.6,3-4-3-3,40.9,409.0,-1.0,サンスズラン,3.5
2020105943,キッカケ,2025/06/15,水沢,曇,5.0,C1,11,4.0,4,17.6,7.0,5.0,菅原辰徳,54.0,ダ,1400.0,良,92.5,1.3,6-5-6-3,42.3,410.0,4.0,トランポリン,3.5
2020105943,キッカケ,2025/06/01,盛岡,晴,7.0,C1,11,7.0,9,5.1,3.0,7.0,及川裕一,54.0,ダ,1400.0,良,89.2,1.4,7-7,40.1,406.0,1.0,ナイフレスト,
2020105943,キッカケ,2025/05/18,盛岡,曇,7.0,C1,10,5.0,5,11.1,5.0,6.0,及川裕一,54.0,ダ,1400.0,重,88.4,0.8,4-3,38.8,405.0,2.0,ベアエクセレント,
2020105943,キッカケ,2025/04/27,水沢,晴,9.0,岩手伝統工芸浄法寺塗(C1),12,2.0,2,23.3,7.0,7.0,菅原辰徳,54.0,ダ,1400.0,良,92.1,0.6,6-6-6-5,41.3,403.0,-3.0,エルモドーロ,
2020105943,キッカケ,2025/04/14,水沢,曇,10.0,ストロングゴールド賞(C1),11,4.0,4,16.8,7.0,4.0,及川裕一,54.0,ダ,1400.0,不,90.0,0.1,4-4-4-4,39.2,406.0,-4.0,ハルオーブ,6.5
2020105943,キッカケ,2025/03/31,水沢,晴,11.0,ありがとう的場文男騎(C1),11,5.0,5,17.2,4.0,2.0,及川裕一,54.0,ダ,1400.0,良,91.7,0.7,4-3-4-3,39.6,410.0,-8.0,エスカルチャ,17.5
2020105943,キッカケ,2025/03/18,水沢,晴,11.0,スイートアリッサム賞(C1),10,3.0,3,14.0,6.0,8.0,及川裕一,54.0,ダ,1600.0,重,105.5,2.7,1-1-7-8,42.0,418.0,-3.0,シェイクオンイット,
2020105943,キッカケ,2024/12/30,水沢,晴,3.0,C1,12,6.0,8,6.5,3.0,4.0,菅原辰徳,54.0,ダ,1400.0,不,90.3,0.6,3-3-2-1,40.1,421.0,-2.0,ダンジュカリユシ,5.9
2020105943,キッカケ,2024/12/09,水沢,曇,8.0,C1七組,10,2.0,2,13.2,4.0,5.0,菅原辰徳,54.0,ダ,1400.0,不,90.1,1.6,3-3-4-3,40.4,423.0,14.0,リュウノハイル,3.2
2020105943,キッカケ,2024/07/16,盛岡,晴,3.0,C2一組,9,7.0,7,11.6,6.0,4.0,高橋悠里,54.0,ダ,1400.0,良,88.5,0.6,3-6,38.6,409.0,0.0,アレグロヴィーヴォ,5.2
2020105943,キッカケ,2024/07/07,盛岡,雨,8.0,C1六組,11,6.0,6,3.5,2.0,8.0,坂口裕一,54.0,ダ,1400.0,不,88.7,1.9,4-4,40.4,409.0,-10.0,ドラゴンズバック,
2020105943,キッカケ,2024/06/25,水沢,曇,9.0,C1五組,11,6.0,8,4.6,2.0,3.0,坂口裕一,54.0,ダ,1400.0,重,88.0,1.0,5-4-5-4,39.1,419.0,4.0,ワクワクルンルン,9.0
2020105943,キッカケ,2024/06/10,水沢,曇,9.0,C1五組,10,1.0,1,2.7,1.0,2.0,坂口裕一,54.0,ダ,1400.0,良,90.0,0.1,1-1-1-1,38.6,415.0,5.0,ムーンダイヤモンド,15.8
2020105943,キッカケ,2024/05/27,盛岡,曇,8.0,C1五組,11,7.0,9,12.1,6.0,4.0,大坪慎,54.0,ダ,1400.0,良,88.9,0.8,3-3,39.1,410.0,1.0,ターントゥベスト,5.9
2020105943,キッカケ,2024/05/14,盛岡,晴,5.0,C2一組,9,8.0,9,45.2,8.0,4.0,大坪慎,54.0,ダ,1400.0,稍,89.5,1.0,5-4,39.8,409.0,-1.0,パーソナルマキ,5.2
2020105943,キッカケ,2024/05/07,盛岡,雨,3.0,C2一組,9,8.0,8,9.5,3.0,5.0,菅原辰徳,54.0,ダ,1400.0,稍,89.6,3.3,5-5,39.3,410.0,1.0,ニトロジャーニー,2.8
2020105943,キッカケ,2024/04/23,水沢,曇,3.0,C2一組,10,8.0,10,28.1,4.0,3.0,坂口裕一,54.0,ダ,1400.0,良,90.8,0.9,3-3-4-3,40.1,409.0,-5.0,テングクラブ,8.0
2020105943,キッカケ,2024/04/16,水沢,曇,3.0,C2三組,9,7.0,7,4.2,3.0,2.0,坂口裕一,54.0,ダ,1400.0,良,91.8,0.3,3-4-2-1,41.2,414.0,-1.0,グラスピレ,14.0
2020105943,キッカケ,2024/04/09,水沢,雨,3.0,C2二組,10,8.0,9,4.4,3.0,6.0,菅原辰徳,54.0,ダ,1400.0,不,90.9,1.6,3-3-2-3,40.6,415.0,1.0,トミケンアラバール,
2020105943,キッカケ,2024/03/25,水沢,曇,2.0,C2三組,9,2.0,2,8.6,3.0,2.0,坂口裕一,54.0,ダ,1400.0,稍,92.3,0.4,6-4-4-3,39.6,414.0,-6.0,クー,14.0
2020105943,キッカケ,2024/03/12,水沢,曇,3.0,C2二組,12,2.0,2,17.1,6.0,5.0,菅原辰徳,54.0,ダ,1400.0,重,91.8,1.3,7-6-7-7,39.8,420.0,9.0,プランドールユー,2.8
2020105943,キッカケ,2023/12/26,水沢,曇,1.0,C2四組,12,8.0,12,2.4,1.0,7.0,坂口裕一,54.0,ダ,1400.0,不,90.2,0.6,3-3-2-2,40.1,411.0,-2.0,ソルデベラーノ,
2020105943,キッカケ,2023/12/18,水沢,,6.0,C2四組,0,7.0,8,,,,坂口裕一,54.0,ダ,1400.0,,,,,,,,,
2020105943,キッカケ,2023/12/11,水沢,晴,4.0,オッズパークテシオブ(C2),11,8.0,11,2.0,1.0,2.0,坂口裕一,54.0,ダ,1300.0,稍,83.5,0.0,2-2-2-2,39.1,413.0,0.0,ヤマニントナーダ,12.3
2020105943,キッカケ,2023/11/26,水沢,晴,5.0,C2七組,9,4.0,4,4.1,3.0,2.0,坂口裕一,54.0,ダ,1300.0,不,82.7,0.1,3-3-4-3,39.0,413.0,-1.0,キープシャイン,12.3
2020105943,キッカケ,2023/11/19,盛岡,曇,8.0,C2,12,7.0,10,52.4,7.0,4.0,坂口裕一,54.0,ダ,1600.0,不,101.0,1.2,5-4,38.8,414.0,0.0,スマイルスライヴ,4.6
2020105943,キッカケ,2023/11/07,盛岡,小雨,5.0,C2,12,7.0,10,70.0,7.0,3.0,坂口裕一,54.0,ダ,1600.0,不,99.5,0.1,6-6,38.3,414.0,1.0,スマイルスライヴ,7.0
2020105943,キッカケ,2023/10/24,盛岡,晴,5.0,C2,7,6.0,6,10.8,4.0,3.0,菅原辰徳,54.0,ダ,1600.0,稍,102.1,0.5,3-3,40.7,413.0,-3.0,ヴァリオブキングズ,7.0
2020105943,キッカケ,2023/10/09,盛岡,曇,3.0,いわてくじ山形村短角(C2),10,1.0,1,15.1,6.0,5.0,菅原辰徳,54.0,ダ,1400.0,稍,90.0,1.0,5-6,40.8,416.0,1.0,サンタジュリア,2.5
2020105943,キッカケ,2023/09/24,盛岡,晴,1.0,3歳100万円以下,9,3.0,3,5.3,3.0,4.0,菅原辰徳,54.0,ダ,1000.0,稍,62.8,1.2,4-4,37.6,415.0,-9.0,クリノブリーゼ,5.2
2020105943,キッカケ,2023/09/12,水沢,晴,3.0,3歳C2四組,7,2.0,2,8.6,5.0,3.0,菅原辰徳,54.0,ダ,1300.0,稍,84.1,1.9,4-4-5-4,40.4,424.0,-3.0,ヤマニンソウェイル,8.0
2020105943,キッカケ,2023/08/29,水沢,曇,4.0,3歳C2四組,9,5.0,5,13.3,4.0,6.0,菅原辰徳,54.0,ダ,1300.0,良,84.7,2.6,3-7-6-6,40.0,427.0,4.0,エルフィンドール,
2020105943,キッカケ,2023/08/15,盛岡,曇,2.0,高級ハンバーグ専門店(3歳C2),12,8.0,11,10.5,5.0,6.0,菅原辰徳,54.0,ダ,1200.0,不,75.8,1.9,3-4,39.7,423.0,15.0,サーフライド,
2020105943,キッカケ,2023/05/27,2東京11,晴,5.0,3歳未勝利,18,8.0,16,282.3,16.0,16.0,佐々木大,51.0,芝,1800.0,良,109.1,2.8,7-5-5,37.3,408.0,-4.0,トクシーカイザー,
2020105943,キッカケ,2023/05/06,2東京5,晴,1.0,3歳未勝利,16,3.0,5,28.6,6.0,8.0,木幡巧也,54.0,ダ,1600.0,良,101.3,1.4,8-8,40.4,412.0,-10.0,フィールザオーラ,
2020105943,キッカケ,2022/12/28,5中山9,晴,5.0,2歳新馬,16,1.0,1,74.1,13.0,7.0,三浦皇成,54.0,芝,2000.0,良,125.3,1.5,13-11-12-11,36.3,422.0,0.0,オールザタイム,
2020101598,マジカルワード,2026/07/14,盛岡,曇,12.0,夢・希望未来へ前進(B1),11,4.0,4,12.7,3.0,4,山本聡紀,54.0,ダ,1600.0,稍,99.0,0.4,6-7,36.7,468.0,3.0,タイセイストラーダ,10.4
2020101598,マジカルワード,2026/06/29,盛岡,晴,12.0,浜木綿賞(B1),12,5.0,5,3.8,2.0,3,山本聡哉,54.0,ダ,1600.0,良,98.4,0.4,7-4,38.0,465.0,-1.0,ハクシンパーソナル,18.0
2020101598,マジカルワード,2026/06/16,水沢,晴,12.0,夢・希望未来へ前進(B1),10,7.0,7,6.6,3.0,4,高橋悠里,54.0,ダ,1600.0,良,103.2,0.4,7-7-6-5,39.4,466.0,4.0,クイーンカード,10.4
2020101598,マジカルワード,2026/05/19,盛岡,晴,12.0,夢・希望未来へ前進(B1),11,8.0,10,5.0,2.0,2,山本聡哉,54.0,ダ,1600.0,良,98.6,0.8,4-2,37.6,462.0,0.0,タカマキファイブ,28.0
2020101598,マジカルワード,2026/05/04,盛岡,小雨,10.0,いわてくじ山形村短角(B1),9,7.0,8,3.3,2.0,4,山本政聡,54.0,ダ,1600.0,不,97.9,0.2,8-7,37.1,462.0,4.0,ファルヴォーレ,10.4
2020101598,マジカルワード,2026/04/21,水沢,晴,12.0,夢・希望未来へ前進(B1),11,4.0,4,1.6,1.0,6,山本政聡,54.0,ダ,1600.0,良,105.8,1.3,5-5-6-7,41.0,458.0,-1.0,タイセイモンストル,
2020101598,マジカルワード,2026/04/07,水沢,曇,12.0,夢・希望未来へ前進(B1),11,7.0,9,2.4,2.0,2,山本政聡,54.0,ダ,1600.0,稍,102.1,0.1,7-7-3-4,38.2,459.0,-6.0,タイセイモンストル,28.0
2020101598,マジカルワード,2026/03/22,水沢,晴,9.0,小袖海岸賞(B1),8,8.0,8,1.4,1.0,1,山本政聡,54.0,ダ,1600.0,良,104.4,-0.1,4-4-2-1,40.4,465.0,-3.0,(アポロプラネット),80.0
2020101598,マジカルワード,2026/03/09,水沢,晴,10.0,B2一組,11,8.0,10,6.9,4.0,1,山本政聡,54.0,ダ,1600.0,稍,103.4,-1.3,5-6-1-1,39.2,468.0,14.0,(ウィンターサン),60.0
2020101598,マジカルワード,2026/01/12,1中山5,晴,12.0,4歳以上1勝クラス,18,4.0,8,229.2,16.0,13,柴田善臣,56.0,芝,2000.0,良,120.3,1.1,5-5-8-11,35.5,454.0,2.0,キャピタルリッチ,
2020101598,マジカルワード,2025/12/14,5中山4,曇,12.0,3歳以上1勝クラス,16,4.0,7,147.1,16.0,14,柴田善臣,56.0,芝,1800.0,稍,110.3,1.3,14-14-13-13,35.3,452.0,8.0,ウィンターベル,
2020101598,マジカルワード,2025/11/16,3福島4,晴,12.0,3歳以上1勝クラス,16,7.0,13,91.5,12.0,5,柴田善臣,56.0,芝,2000.0,良,121.5,0.4,6-6-4-3,35.4,444.0,-4.0,ファイナルヒート,80.0
2020101598,マジカルワード,2025/10/26,4新潟4,雨,4.0,3歳以上1勝クラス,16,1.0,1,305.2,16.0,9,中井裕二,56.0,芝,1800.0,稍,110.0,0.7,11-10,34.6,448.0,-4.0,ラブリーリディア,
2020101598,マジカルワード,2025/10/05,4東京2,晴,7.0,3歳以上1勝クラス,18,5.0,9,195.3,15.0,12,嶋田純次,56.0,芝,1400.0,良,81.1,1.0,16-17,33.2,452.0,6.0,レイククレセント,
2020101598,マジカルワード,2025/09/14,4中山4,曇,12.0,3歳以上1勝クラス,16,4.0,7,237.9,16.0,9,嶋田純次,56.0,芝,1600.0,良,93.6,1.1,6-9-10,34.5,446.0,2.0,エンペラーズソード,
2020101598,マジカルワード,2025/08/30,3新潟3,晴,9.0,新発田城特別(1勝クラス),18,2.0,4,138.5,15.0,12,嶋田純次,56.0,芝,1400.0,良,82.2,1.5,6-6,35.7,444.0,-10.0,ポッドロワール,
2020101598,マジカルワード,2025/07/27,2新潟2,晴,12.0,3歳以上1勝クラス,16,3.0,6,129.1,15.0,10,嶋田純次,56.0,芝,1400.0,良,81.2,0.7,13-13,34.5,454.0,0.0,ガーネットウインク,
2020101598,マジカルワード,2025/05/17,1新潟5,曇,8.0,4歳以上1勝クラス,16,2.0,3,54.7,12.0,13,大野拓弥,56.0,芝,1400.0,稍,84.9,1.7,16-16,35.9,454.0,-4.0,キタサンダムール,
2020101598,マジカルワード,2024/10/27,4東京8,曇,6.0,3歳以上1勝クラス,18,3.0,6,59.1,12.0,9,柴田善臣,56.0,芝,1400.0,良,81.4,0.3,10-11,33.5,458.0,10.0,エヴァンスウィート,
2020101598,マジカルワード,2024/03/31,3中山4,晴,8.0,4歳以上1勝クラス,13,5.0,7,102.3,10.0,4,柴田善臣,56.0,芝,1600.0,良,94.8,0.3,6-4-4,34.1,448.0,8.0,タミオスター,120.0
2020101598,マジカルワード,2024/03/16,1中京3,晴,12.0,4歳以上1勝クラス,16,6.0,11,37.7,9.0,16,幸英明,56.0,ダ,1400.0,良,87.5,2.2,2-3,41.1,440.0,2.0,エリーズダイヤ,
2020101598,マジカルワード,2023/11/04,5東京1,晴,7.0,3歳以上1勝クラス,11,6.0,6,34.3,8.0,8,柴田善臣,55.0,ダ,1600.0,良,98.5,1.2,2-2,38.0,438.0,-18.0,ビターゼノビア,
2020101598,マジカルワード,2023/09/24,4中山7,晴,7.0,3歳以上1勝クラス,16,7.0,14,45.3,8.0,11,柴田善臣,54.0,芝,1600.0,良,95.5,1.2,5-7-10,36.2,456.0,2.0,コントラポスト,
2020101598,マジカルワード,2023/07/09,2福島4,曇,9.0,織姫賞(1勝クラス),16,3.0,6,11.8,5.0,9,団野大成,53.0,芝,1800.0,良,109.1,0.7,1-1-1-1,36.7,454.0,16.0,ラファドゥラ,
2020101598,マジカルワード,2023/04/08,1福島1,曇,9.0,ひめさゆり賞(1勝クラス),10,5.0,5,37.4,8.0,6,柴田善臣,54.0,芝,2000.0,良,121.3,0.3,5-5-6-5,36.4,438.0,-12.0,ソレイユヴィータ,
2020101598,マジカルワード,2023/03/11,2中山5,晴,7.0,3歳1勝クラス,11,8.0,10,16.5,6.0,7,菅原明良,54.0,芝,2000.0,良,121.4,0.7,1-1-1-1,36.4,450.0,-2.0,メイテソーロ,
2020101598,マジカルワード,2023/01/05,1中山1,晴,6.0,3歳1勝クラス,9,3.0,3,27.3,7.0,8,大野拓弥,54.0,芝,2000.0,良,122.1,1.3,1-1-1-2,37.4,452.0,-10.0,アヴニールドブリエ,
2020101598,マジカルワード,2022/11/20,5東京6,曇,5.0,2歳新馬,9,7.0,7,3.9,2.0,1,菅原明良,54.0,芝,2000.0,良,123.8,0.0,1-1-1,34.5,462.0,0.0,(メイテソーロ),700.0
2022104992,フェイトライン,2026/07/12,2福島6,小雨,1.0,障害3歳以上未勝利,14,4.0,5,12.2,5.0,13,高田潤,60.0,障,2770.0,稍,190.0,6.2,13-13-12-13,13.7,530.0,6.0,トーアマリシテン,
2022104992,フェイトライン,2026/05/30,3京都11,晴,7.0,4歳以上1勝クラス,15,5.0,9,8.0,5.0,10,坂井瑠星,58.0,芝,1600.0,良,93.9,0.6,8-7,34.6,524.0,2.0,ビップディラン,
2022104992,フェイトライン,2026/03/15,1阪神8,曇,7.0,4歳以上1勝クラス,13,7.0,11,5.3,3.0,5,吉村誠之,58.0,芝,1600.0,良,93.1,0.3,1-1,35.6,522.0,-4.0,メイショウアボット,82.0
2022104992,フェイトライン,2026/03/01,1阪神4,晴,8.0,4歳以上1勝クラス,15,4.0,6,7.2,3.0,3,坂井瑠星,57.0,芝,1800.0,良,106.0,0.1,1-1,35.2,526.0,-2.0,レベルスルール,210.0
2022104992,フェイトライン,2026/02/01,1小倉4,曇,4.0,障害4歳以上未勝利,12,6.0,8,7.1,3.0,10,高田潤,59.0,障,2860.0,良,202.9,6.8,11-11-10-10,14.2,528.0,18.0,グアラニア,
2022104992,フェイトライン,2025/11/08,5東京1,晴,12.0,3歳以上1勝クラス,14,7.0,11,13.2,6.0,6,プーシャ,57.0,芝,1600.0,良,94.4,0.9,2-2,34.3,510.0,-10.0,ダノンエンブレム,
2022104992,フェイトライン,2025/10/12,3京都4,曇,12.0,3歳以上1勝クラス,18,1.0,1,11.1,7.0,8,団野大成,56.0,芝,1600.0,良,93.3,0.6,9-9,33.8,520.0,-4.0,ワンモアスマイル,
2022104992,フェイトライン,2025/09/15,4阪神5,晴,8.0,3歳以上1勝クラス,8,1.0,1,6.4,4.0,4,吉村誠之,54.0,芝,1800.0,良,105.4,0.5,5-4,34.6,524.0,8.0,エバーグルーヴ,120.0
2022104992,フェイトライン,2025/07/13,2小倉6,曇,8.0,3歳以上1勝クラス,16,1.0,2,6.4,3.0,2,吉村誠之,54.0,芝,1800.0,良,108.7,0.1,6-6-5-4,36.6,516.0,-4.0,インヴォーグ,320.0
2022104992,フェイトライン,2025/06/22,3阪神6,曇,3.0,3歳未勝利,18,5.0,9,8.5,5.0,1,吉村誠之,56.0,芝,1600.0,良,93.8,0.0,7-6,34.7,520.0,8.0,(コスモグローリー),560.0
2022104992,フェイトライン,2025/05/17,1新潟5,雨,3.0,3歳未勝利,16,4.0,8,3.8,2.0,8,団野大成,57.0,芝,1800.0,稍,110.0,1.3,2-2,36.6,512.0,-2.0,シャンクス,
2022104992,フェイトライン,2025/05/03,2京都3,晴,5.0,3歳未勝利,12,6.0,8,6.2,3.0,2,団野大成,57.0,芝,1800.0,稍,108.7,0.1,5-4,34.3,514.0,-4.0,ヤエギリ,220.0
2022104992,フェイトライン,2025/04/20,2阪神8,曇,5.0,3歳未勝利,18,8.0,16,46.5,9.0,2,団野大成,57.0,芝,1800.0,良,106.5,0.3,3-2,35.2,518.0,6.0,アスクヴォルテージ,220.0
2022104992,フェイトライン,2025/02/15,1京都5,晴,1.0,3歳未勝利,16,6.0,11,32.3,9.0,7,岩田望来,57.0,ダ,1200.0,良,74.1,1.3,5-5,37.9,512.0,-2.0,ハヤテノツバサ,
2022104992,フェイトライン,2025/02/09,1京都4,晴,1.0,3歳未勝利,13,3.0,3,9.5,5.0,6,吉村誠之,55.0,ダ,1200.0,稍,75.0,1.5,9-7,36.9,514.0,2.0,ウォーターパラディ,
2022104992,フェイトライン,2025/01/25,1中京8,晴,1.0,3歳未勝利,15,7.0,13,18.8,4.0,3,団野大成,57.0,ダ,1200.0,良,74.2,1.7,3-3,38.6,512.0,-4.0,エコロレオナ,140.0
2022104992,フェイトライン,2025/01/12,1中京4,曇,2.0,3歳未勝利,16,1.0,1,37.3,10.0,8,Ｍ．デム,57.0,ダ,1400.0,良,87.6,2.1,8-6,39.6,516.0,4.0,レーティッシュ,
2022104992,フェイトライン,2024/11/09,3福島3,晴,2.0,2歳未勝利,14,2.0,2,15.5,5.0,8,ドイル,56.0,ダ,1700.0,良,108.5,1.5,4-3-6-3,40.0,512.0,0.0,アメージング,
2022104992,フェイトライン,2024/10/13,5京都4,晴,2.0,2歳未勝利,10,1.0,1,13.4,5.0,4,団野大成,56.0,ダ,1800.0,良,115.8,2.3,7-7-5-4,40.5,512.0,14.0,マテンロウブレイブ,83.0
2022104992,フェイトライン,2024/08/04,2新潟4,晴,3.0,2歳新馬,9,3.0,3,15.7,4.0,9,坂井瑠星,55.0,芝,1800.0,良,113.7,2.8,6-6,35.8,498.0,0.0,ジェゼロ,
2022107310,サンカリプソ,2026/07/13,盛岡,曇,10.0,オーキッド賞(B1),10,1.0,1,16.6,4.0,2,坂井瑛音,53.0,ダ,1400.0,重,84.5,0.5,1-1,36.8,430.0,2.0,ワガンセ,28.0
2022107310,サンカリプソ,2026/06/28,盛岡,晴,9.0,B1,12,1.0,1,6.0,2.0,6,坂井瑛音,53.0,ダ,1200.0,良,73.9,1.3,1-1,39.3,428.0,-1.0,ヴァンダービルト,
2022107310,サンカリプソ,2026/06/15,水沢,曇,10.0,B1,12,3.0,3,20.8,7.0,3,坂井瑛音,53.0,ダ,1400.0,稍,88.8,0.6,1-1-1-1,40.0,429.0,-3.0,コパノマロン,16.0
2022107310,サンカリプソ,2026/03/23,水沢,曇,12.0,夢・希望未来へ前進(B1),11,5.0,5,27.7,7.0,11,坂井瑛音,52.0,ダ,1400.0,良,95.5,5.3,1-1-1-8,45.6,432.0,5.0,ビップアクア,
2022107310,サンカリプソ,2026/03/09,水沢,晴,12.0,夢・希望未来へ前進(B1),12,6.0,7,92.9,9.0,3,坂井瑛音,52.0,ダ,1400.0,稍,90.4,0.7,2-2-2-2,41.2,427.0,0.0,パイアイヤー,16.0
2022107310,サンカリプソ,2025/12/21,水沢,曇,11.0,ビッグレッドファーム(B1),12,7.0,10,58.9,8.0,7,坂井瑛音,52.0,ダ,1400.0,重,88.6,1.6,4-5-2-3,39.7,427.0,-2.0,メイショウイジゲン,
2022107310,サンカリプソ,2025/12/08,水沢,小雨,12.0,夢・希望未来へ前進(B1),12,1.0,1,26.4,6.0,8,坂井瑛音,52.0,ダ,1400.0,不,88.2,1.4,1-1-1-2,40.3,429.0,-2.0,サンマルクレイジー,
2022107310,サンカリプソ,2025/11/24,水沢,曇,11.0,グリーンチャンネル開(B1),12,7.0,10,33.6,7.0,4,坂井瑛音,52.0,ダ,1400.0,良,89.9,0.4,1-1-1-1,39.4,431.0,5.0,タイセイアゲイン,10.4
2022107310,サンカリプソ,2025/11/12,盛岡,晴,9.0,B1,10,3.0,3,7.9,3.0,6,阿部英俊,54.0,ダ,1200.0,良,74.1,0.5,2-2,38.9,426.0,-1.0,チハヤブルラン,
2022107310,サンカリプソ,2025/10/20,盛岡,曇,11.0,紅葉特別(A),10,5.0,5,40.1,7.0,9,坂井瑛音,52.0,ダ,1600.0,稍,100.8,3.1,1-2,39.6,427.0,-7.0,ラストマン,
2022107310,サンカリプソ,2025/09/28,水沢,曇,12.0,オータムティアラ(重賞),12,6.0,7,21.1,5.0,8,阿部英俊,54.0,ダ,1900.0,良,131.0,2.7,1-1-1-2,43.7,434.0,7.0,ミナトミナイト,
2022107310,サンカリプソ,2025/09/14,水沢,晴,7.0,3歳A,12,8.0,12,10.6,4.0,3,坂井瑛音,52.0,ダ,1600.0,重,102.8,0.7,2-2-1-2,40.2,427.0,4.0,リュウノナポレオン,24.0
2022107310,サンカリプソ,2025/09/02,盛岡,小雨,9.0,エメラルド賞(3歳),12,7.0,10,8.5,4.0,4,吉原寛人,54.0,芝,1700.0,重,107.1,1.2,1-1-1-1,38.3,423.0,1.0,プレシャスアセット,15.6
2022107310,サンカリプソ,2025/08/17,盛岡,曇,8.0,碁石海岸賞(3歳),9,8.0,9,5.8,3.0,2,阿部英俊,54.0,ダ,1200.0,良,72.8,0.2,2-2,36.7,422.0,4.0,マッセダムール,24.5
2022107310,サンカリプソ,2025/08/05,盛岡,晴,12.0,オパールC(重賞),14,5.0,8,16.2,8.0,中,坂井瑛音,54.0,芝,1700.0,稍,,,2-2-2,,418.0,-3.0,プチプラージュ,
2022107310,サンカリプソ,2025/07/06,盛岡,曇,12.0,サファイア賞(重賞),12,8.0,11,22.7,8.0,1,坂井瑛音,54.0,芝,1700.0,良,107.3,-0.2,1-1-1-1,36.1,421.0,0.0,(ゲレル),350.0
2022107310,サンカリプソ,2025/06/22,水沢,曇,11.0,ウイナーC(重賞),10,4.0,4,35.0,7.0,10,阿部英俊,54.0,ダ,1400.0,良,90.8,2.3,2-2-2-3,42.1,421.0,3.0,リュウノナポレオン,
2022107310,サンカリプソ,2025/05/25,盛岡,小雨,7.0,3歳B1,8,8.0,8,6.5,3.0,2,阿部英俊,54.0,ダ,1600.0,不,101.7,0.8,2-2,38.7,418.0,-4.0,ゲレル,28.0
2022107310,サンカリプソ,2025/05/04,盛岡,曇,6.0,3歳B1一組,6,2.0,2,8.1,3.0,2,阿部英俊,54.0,ダ,1400.0,不,86.7,0.0,1-1,36.4,422.0,2.0,ピンクノバラ,28.0
2022107310,サンカリプソ,2025/04/06,水沢,曇,6.0,3歳B1,10,1.0,1,4.5,2.0,2,落合玄太,54.0,ダ,1600.0,良,106.3,0.6,1-1-1-2,42.3,420.0,-1.0,ユウユウスプレマン,28.0
2022107310,サンカリプソ,2025/03/23,水沢,晴,11.0,あやめ賞(重賞),12,3.0,3,3.7,2.0,8,村上忍,54.0,ダ,1400.0,良,92.0,1.4,2-2-2-1,42.4,421.0,-8.0,ピカンチフラワー,
2022107310,サンカリプソ,2024/12/30,水沢,晴,10.0,オッズパーク特別(2歳B1),10,6.0,6,2.1,1.0,1,大坪慎,54.0,ダ,1400.0,不,87.6,-0.8,2-2-1-1,38.4,429.0,-4.0,(サンエイクローバー),90.0
2022107310,サンカリプソ,2024/12/16,水沢,,6.0,2歳B1,0,7.0,9,,,,山本聡哉,54.0,ダ,1600.0,,,,,,,,,
2022107310,サンカリプソ,2024/12/03,水沢,曇,7.0,2歳B1,10,7.0,8,7.5,2.0,3,山本聡哉,54.0,ダ,1400.0,重,90.6,0.3,1-1-1-1,40.2,433.0,3.0,ラヴェイ,18.0
2022107310,サンカリプソ,2024/11/17,水沢,曇,6.0,2歳B1,11,7.0,8,2.3,1.0,7,山本聡哉,54.0,ダ,1600.0,良,108.4,1.1,4-5-3-3,42.9,430.0,8.0,コニパ,
2022107310,サンカリプソ,2024/11/03,盛岡,晴,12.0,プリンセスC(重賞),14,8.0,14,110.7,11.0,12,阿部英俊,54.0,ダ,1400.0,良,89.3,2.1,8-7,40.4,422.0,2.0,エイシンナデシコ,
2022107310,サンカリプソ,2024/10/06,盛岡,曇,11.0,ネクストスター盛岡(重賞),12,4.0,4,13.3,5.0,9,阿部英俊,54.0,ダ,1400.0,良,88.5,1.1,6-4,39.6,420.0,-4.0,ポマイカイ,
2022107310,サンカリプソ,2024/09/22,水沢,曇,5.0,2歳,7,4.0,4,2.4,2.0,1,山本聡哉,54.0,ダ,1400.0,不,89.1,-0.5,2-2-1-1,38.7,424.0,-3.0,(ラヴェイ),80.0
2022107310,サンカリプソ,2024/09/08,水沢,晴,11.0,ビギナーズC(重賞),12,7.0,9,3.4,1.0,4,山本聡哉,54.0,ダ,1400.0,稍,91.4,1.3,5-5-5-3,41.4,427.0,9.0,ラポジート,39.0
2022107310,サンカリプソ,2024/08/07,門別,晴,2.0,新冠産駒応援賞(未勝利)(2歳),12,2.0,2,1.9,1.0,1,桑村真明,55.0,ダ,1000.0,稍,62.2,-0.8,1-1,38.5,418.0,4.0,(スーパーフルール),50.0
2022107310,サンカリプソ,2024/07/09,門別,曇,3.0,2歳牝馬未勝利(未勝利),9,2.0,2,5.4,4.0,3,桑村真明,55.0,ダ,1000.0,稍,63.6,1.5,4-3,38.6,414.0,-10.0,カンノンミカヅキ,10.5
2022107310,サンカリプソ,2024/06/26,門別,曇,3.0,JRA認定競走フレッ(新馬)(2歳),7,5.0,5,1.8,1.0,2,桑村真明,55.0,ダ,1000.0,稍,63.5,0.3,1-1,39.1,424.0,0.0,フルメタルレディ,70.0
2022110092,コンヴァージョン,2026/06/07,3東京2,曇,8.0,3歳以上1勝クラス,17,3.0,5,141.3,16.0,15,丸田恭介,58.0,芝,1600.0,良,93.8,1.0,10-11,34.8,450.0,4.0,ソニックライン,
2022110092,コンヴァージョン,2026/04/12,3中山6,晴,7.0,4歳以上1勝クラス,15,8.0,14,128.5,14.0,7,吉田豊,58.0,芝,1600.0,良,93.4,0.6,8-7-8,34.7,446.0,-10.0,ブラックジェダイト,
2022110092,コンヴァージョン,2026/01/15,名古屋,晴,7.0,B6組,10,8.0,10,1.3,1.0,1,加藤聡一,57.0,ダ,1500.0,良,95.9,-0.5,4-3-1,39.1,456.0,-6.0,(タイキフィアリーベ),65.0
2022110092,コンヴァージョン,2025/12/24,名古屋,小雨,9.0,B12組,10,1.0,1,1.4,1.0,1,加藤聡一,57.0,ダ,1500.0,不,94.3,-0.4,1-1-1,39.0,462.0,-5.0,(フジュム),65.0
2022110092,コンヴァージョン,2025/11/26,名古屋,晴,7.0,C2組,12,2.0,2,2.4,2.0,2,加藤聡一,57.0,ダ,1700.0,良,111.9,0.1,4-7-3,37.9,467.0,2.0,ウィットビーアビー,19.3
2022110092,コンヴァージョン,2025/10/31,名古屋,雨,4.0,C6組,12,5.0,5,1.6,1.0,1,望月洵輝,57.0,ダ,1500.0,稍,96.0,0.0,3-3-3,39.2,465.0,17.0,(バレアリックシー),37.2
2022110092,コンヴァージョン,2025/08/02,2新潟3,晴,11.0,3歳未勝利,17,5.0,9,38.1,9.0,9,石橋脩,57.0,芝,1600.0,良,93.6,0.9,12-12,34.2,448.0,0.0,アンダーザライト,
2022110092,コンヴァージョン,2025/07/20,2福島8,晴,2.0,3歳未勝利,15,8.0,15,8.8,5.0,5,大野拓弥,57.0,ダ,1700.0,良,107.8,0.6,3-3-3-3,39.4,448.0,-10.0,スターエンブレム,56.0
2022110092,コンヴァージョン,2025/06/21,3東京5,晴,3.0,3歳未勝利,16,7.0,14,16.7,6.0,3,大野拓弥,57.0,ダ,1600.0,良,98.4,0.7,6-6,37.0,458.0,-4.0,カフェロワドール,140.0
2022110092,コンヴァージョン,2025/06/01,2東京12,晴,4.0,3歳未勝利,14,8.0,15,16.5,7.0,6,丸田恭介,57.0,芝,1600.0,稍,95.6,0.9,11-11,34.3,462.0,2.0,ダノンエンブレム,
2022110092,コンヴァージョン,2025/05/04,2東京4,晴,5.0,3歳未勝利,16,4.0,8,7.3,2.0,9,丸田恭介,57.0,芝,1800.0,良,109.6,1.0,6-6-6,34.0,460.0,2.0,テルケンユミクイン,
2022110092,コンヴァージョン,2025/04/13,3中山6,雨,5.0,3歳未勝利,16,4.0,8,13.0,5.0,2,丸田恭介,57.0,芝,1600.0,良,94.9,0.0,13-11-10,34.8,458.0,-2.0,ドルビナ,220.0
2022110092,コンヴァージョン,2024/12/15,5中山6,晴,5.0,2歳新馬,15,8.0,16,68.4,8.0,6,丸田恭介,56.0,芝,1600.0,良,95.8,0.7,8-7-6,34.5,460.0,0.0,アルメントフーベル,
2022103642,シマサンブラック,2026/07/05,盛岡,曇,11.0,せきれい賞(重賞),12,6.0,7,2.6,1.0,7.0,村上忍,57.0,芝,2400.0,良,153.2,1.2,3-3-3-4,36.9,489.0,5.0,コスモフロイデ,
2022103642,シマサンブラック,2026/06/15,水沢,曇,12.0,ジューンC(B2),8,1.0,1,1.8,1.0,1.0,村上忍,58.0,ダ,1900.0,稍,124.7,-0.2,2-2-1-1,40.8,484.0,-2.0,(オロパタジン),75.0
2022103642,シマサンブラック,2026/05/18,盛岡,晴,12.0,メイC(B2),11,7.0,8,1.4,1.0,1.0,村上忍,56.0,ダ,1600.0,良,99.5,-0.3,3-2,38.3,486.0,1.0,(ゴールドモーション),75.0
2022103642,シマサンブラック,2026/05/04,盛岡,小雨,11.0,紫陽花賞(B1),11,7.0,8,1.6,1.0,5.0,村上忍,56.0,ダ,1800.0,不,113.7,0.7,11-11-4-4,38.2,485.0,3.0,ジョリーロジャー,6.3
2022103642,シマサンブラック,2026/04/20,水沢,曇,12.0,エイプリルC(B2),0,6.0,8,,,,村上忍,56.0,ダ,1600.0,良,,,,,,,,
2022103642,シマサンブラック,2026/04/06,水沢,晴,9.0,B2四組,11,7.0,9,1.6,1.0,1.0,村上忍,56.0,ダ,1600.0,稍,101.8,-0.5,2-2-1-1,38.0,482.0,-12.0,(フォーエリーゼ),60.0
2022103642,シマサンブラック,2026/02/15,1東京6,晴,6.0,4歳以上1勝クラス,14,4.0,6,14.5,6.0,9.0,岩田康誠,57.0,芝,2400.0,良,147.4,0.8,2-2-3-2,35.4,494.0,2.0,ティムール,
2022103642,シマサンブラック,2026/01/24,1小倉1,晴,7.0,4歳以上1勝クラス,15,3.0,4,21.0,8.0,9.0,丹内祐次,57.0,芝,2600.0,良,158.4,0.4,3-3-4-4,35.1,492.0,28.0,スズカミエール,
2022103642,シマサンブラック,2025/04/13,3中山6,雨,7.0,3歳1勝クラス,10,3.0,3,15.6,5.0,6.0,菅原明良,57.0,ダ,1800.0,良,115.6,1.0,7-7-8-5,38.0,464.0,-18.0,ニューファウンド,
2022103642,シマサンブラック,2025/02/02,1東京2,小雨,9.0,セントポーリア賞(1勝クラス),13,6.0,8,19.7,6.0,12.0,岩田望来,57.0,芝,1800.0,良,109.8,1.6,9-11-10,35.7,482.0,0.0,エネルジコ,
2022103642,シマサンブラック,2025/01/19,1中山7,小雨,11.0,京成杯(GIII),14,6.0,10,132.5,14.0,7.0,佐々木大,57.0,芝,2000.0,良,120.6,0.7,10-10-9-6,36.3,482.0,18.0,ニシノエージェント,
2022103642,シマサンブラック,2024/09/28,4中山8,曇,9.0,芙蓉S(OP),9,7.0,7,12.5,5.0,4.0,菅原明良,55.0,芝,2000.0,良,123.1,0.3,6-6-5-5,35.0,464.0,-2.0,ジェットマグナム,240.0
2022103642,シマサンブラック,2024/07/27,1札幌3,曇,1.0,2歳未勝利,10,8.0,10,17.9,6.0,1.0,北村友一,55.0,芝,1800.0,良,109.7,-0.2,2-3-3-3,35.3,466.0,0.0,(ヤコブセン),550.0
2022103642,シマサンブラック,2024/07/07,1函館10,曇,5.0,2歳新馬,10,7.0,7,9.5,5.0,6.0,北村友一,55.0,芝,1800.0,稍,115.0,1.0,9-9-10-6,35.9,466.0,0.0,マジックサンズ,
2019104106,マリヨンヌ,2026/07/19,盛岡,小雨,10.0,いしがきマイラーズ(重賞),12,8.0,12,224.7,12.0,9,大坪慎,55.0,芝,1600.0,良,97.8,1.5,1-1-1-2,38.2,452.0,-3.0,モズマーヴェリック,
2019104106,マリヨンヌ,2026/06/30,盛岡,晴,8.0,B1,9,4.0,4,456.2,9.0,9,大坪慎,54.0,ダ,1200.0,良,74.7,2.6,6-9,38.9,455.0,14.0,テングクラブ,
2019104106,マリヨンヌ,2026/06/09,水沢,曇,12.0,ハヤテ特別(OP),11,3.0,3,186.2,11.0,11,小林凌,54.0,ダ,1400.0,重,90.1,3.4,11-11-11-11,40.4,441.0,-4.0,ショウナンナスカ,
2019104106,マリヨンヌ,2026/05/26,盛岡,曇,12.0,スプリント特別(OP),12,6.0,8,418.9,12.0,12,南郷家全,54.0,ダ,1000.0,良,61.8,2.7,12-12,36.8,445.0,5.0,エイシントルペード,
2019104106,マリヨンヌ,2026/05/12,盛岡,晴,11.0,ハヤテ特別(OP),11,6.0,6,297.2,11.0,11,南郷家全,54.0,ダ,1200.0,良,75.0,2.4,11-11,38.5,440.0,-10.0,サンエイウイング,
2019104106,マリヨンヌ,2026/04/28,水沢,曇,11.0,ハヤテ特別(OP),9,8.0,8,134.5,9.0,9,南郷家全,54.0,ダ,1400.0,稍,93.4,3.6,1-6-9-9,42.6,450.0,8.0,パイアイヤー,
2019104106,マリヨンヌ,2026/04/13,水沢,晴,12.0,陽春特別(A),11,3.0,3,281.8,11.0,10,南郷家全,54.0,ダ,1600.0,稍,108.2,5.5,4-8-10-10,43.1,442.0,1.0,キタノブライド,
2019104106,マリヨンヌ,2026/03/30,水沢,曇,12.0,春分特別(A),11,1.0,1,42.6,10.0,11,南郷家全,54.0,ダ,1600.0,稍,107.9,4.8,11-11-11-11,41.9,441.0,1.0,ドルズプライスレス,
2019104106,マリヨンヌ,2026/03/17,水沢,晴,11.0,スプリント特別(OP),8,7.0,7,,,除,大坪慎,54.0,ダ,850.0,良,,,,,430.0,-10.0,エイシントルペード,
2019104106,マリヨンヌ,2024/12/08,4中京4,晴,8.0,3歳以上1勝クラス,16,2.0,4,177.6,15.0,16,江田照男,56.0,ダ,1400.0,良,88.0,2.5,16-16,39.6,440.0,2.0,エチャケナ,
2019104106,マリヨンヌ,2024/11/16,3福島5,曇,12.0,3歳以上1勝クラス,16,3.0,5,135.0,14.0,12,江田照男,56.0,芝,2000.0,良,121.6,1.1,12-12-14-12,35.9,438.0,-8.0,モズマーヴェリック,
2019104106,マリヨンヌ,2024/10/27,4東京8,曇,6.0,3歳以上1勝クラス,18,6.0,11,363.8,17.0,15,江田照男,56.0,芝,1400.0,良,82.3,1.2,10-14,34.2,446.0,-4.0,エヴァンスウィート,
2019104106,マリヨンヌ,2024/09/04,園田,晴,12.0,C2,12,6.0,8,7.1,2.0,1,永井孝典,54.0,ダ,1700.0,良,116.2,-0.1,2-2-1-1,42.2,450.0,5.0,(ラッキープルーフ),80.0
2019104106,マリヨンヌ,2024/08/07,園田,晴,9.0,C2,9,4.0,4,7.7,4.0,2,新庄海誠,51.0,ダ,1700.0,稍,117.5,0.2,1-1-1-1,39.8,445.0,0.0,ヴィクトリーアイ,28.0
2019104106,マリヨンヌ,2024/07/26,園田,晴,9.0,C2,8,7.0,7,6.6,3.0,5,新庄海誠,51.0,ダ,1870.0,良,128.9,0.8,1-1-1-1,40.8,445.0,-6.0,ホウオウプレシャス,8.0
2019104106,マリヨンヌ,2024/07/12,園田,曇,8.0,C2一,12,4.0,4,3.8,3.0,3,鴨宮祥行,54.0,ダ,1400.0,不,93.4,0.8,1-1-1-1,42.2,451.0,5.0,マダムホーク,14.0
2019104106,マリヨンヌ,2024/06/20,園田,曇,4.0,C2二,12,5.0,6,2.9,1.0,2,鴨宮祥行,54.0,ダ,1400.0,稍,93.6,0.0,3-3-6-4,41.0,446.0,3.0,ブルクラシコ,24.5
2019104106,マリヨンヌ,2024/05/29,園田,晴,6.0,C2二,10,7.0,8,4.0,3.0,4,鴨宮祥行,54.0,ダ,1400.0,重,96.1,1.3,4-3-3-4,42.8,443.0,-3.0,スプランディッド,10.5
2019104106,マリヨンヌ,2024/05/15,園田,曇,6.0,C2二,10,2.0,2,7.3,3.0,4,鴨宮祥行,54.0,ダ,1400.0,稍,93.1,0.6,6-6-5-4,41.0,446.0,3.0,ファイブレイナ,10.5
2019104106,マリヨンヌ,2024/04/23,園田,曇,3.0,C3一,9,5.0,5,1.8,1.0,1,鴨宮祥行,54.0,ダ,1400.0,重,92.9,-0.8,1-1-1-1,41.3,443.0,-8.0,(オフショアガール),56.0
2019104106,マリヨンヌ,2024/01/04,園田,曇,6.0,C2二,12,6.0,7,13.0,4.0,9,鴨宮祥行,54.0,ダ,1400.0,良,94.2,1.9,2-2-2-3,42.9,451.0,-7.0,メイショウギシオー,
2019104106,マリヨンヌ,2023/12/21,園田,晴,6.0,C2三,10,4.0,4,9.5,3.0,2,鴨宮祥行,54.0,ダ,1400.0,良,95.3,1.0,4-4-3-3,42.5,458.0,1.0,エイシンチェンバー,28.0
2019104106,マリヨンヌ,2023/12/01,園田,晴,2.0,C3二,8,2.0,2,1.9,1.0,1,鴨宮祥行,54.0,ダ,1400.0,良,93.8,-0.6,2-2-2-2,41.0,457.0,-3.0,(ユイガハマビーチ),56.0
2019104106,マリヨンヌ,2023/11/15,園田,晴,3.0,C3一,9,7.0,8,3.3,2.0,3,下原理,54.0,ダ,1400.0,稍,94.5,0.7,2-2-2-2,41.7,460.0,8.0,ラインオンザトップ,14.0
2019104106,マリヨンヌ,2023/11/01,園田,晴,2.0,C3一,10,1.0,1,1.6,1.0,4,下原理,54.0,ダ,1400.0,良,94.2,0.9,3-3-5-3,40.1,452.0,10.0,ニルヴァーナ,8.4
2019104106,マリヨンヌ,2023/07/13,園田,雨,12.0,C2一,12,5.0,5,4.1,3.0,10,鴨宮祥行,55.0,ダ,1400.0,不,94.0,3.5,9-9-8-10,41.8,442.0,1.0,メイショウコトダマ,
2019104106,マリヨンヌ,2023/06/22,園田,曇,4.0,C2三,10,8.0,10,2.0,1.0,1,鴨宮祥行,54.0,ダ,1400.0,不,92.9,-1.2,2-2-1-1,42.1,441.0,-7.0,(モズクルードラゴン),70.0
2019104106,マリヨンヌ,2023/04/16,高知,曇,4.0,C3ー15,8,8.0,8,3.6,2.0,2,宮川実,54.0,ダ,1300.0,不,83.6,0.6,1-1-1-2,39.5,448.0,4.0,マティアス,21.0
2019104106,マリヨンヌ,2023/02/01,高知,曇,1.0,C3ー10,8,8.0,9,1.6,1.0,2,吉原寛人,54.0,ダ,1400.0,重,93.6,0.0,1-1-1-1,41.2,444.0,-8.0,ブレイズアウト,21.0
2019104106,マリヨンヌ,2022/11/20,高知,晴,2.0,C3ー19,9,8.0,9,1.3,1.0,4,宮川実,54.0,ダ,1400.0,稍,94.1,0.9,2-2-2-2,41.9,452.0,10.0,ショットオブザデイ,9.0
2019104106,マリヨンヌ,2022/08/20,高知,曇,1.0,3歳ー7,12,7.0,10,3.2,2.0,1,宮川実,54.0,ダ,1400.0,良,93.9,-1.4,2-1-1-1,41.6,442.0,14.0,(クールボス),60.0
2019104106,マリヨンヌ,2022/05/22,3中京6,晴,4.0,3歳未勝利,18,7.0,13,46.4,10.0,8,藤岡康太,54.0,芝,1200.0,稍,69.6,0.6,17-16,34.2,428.0,-6.0,エイシンスポッター,
2019104106,マリヨンヌ,2021/11/07,5阪神2,晴,2.0,2歳未勝利,12,5.0,5,23.6,6.0,7,角田大和,51.0,ダ,1400.0,良,87.5,1.6,7-7,38.7,434.0,-4.0,カラフルキューブ,
2019104106,マリヨンヌ,2021/10/24,4阪神6,晴,4.0,2歳新馬,14,6.0,9,17.1,7.0,10,菱田裕二,54.0,芝,1600.0,良,95.6,0.9,9-7,35.2,438.0,0.0,スプリットザシー,
2022107023,グランプラネッタ,2026/07/11,2福島5,曇,7.0,3歳以上1勝クラス,11,7.0,8,247.7,11.0,8,菊沢一樹,58.0,芝,2000.0,良,119.7,1.4,11-11-11-11,35.1,472.0,-10.0,ドナルンバ,
2022107023,グランプラネッタ,2026/04/04,3中山3,雨,8.0,4歳以上1勝クラス,11,4.0,4,305.6,11.0,10,遠藤汰月,55.0,ダ,1800.0,重,116.3,2.8,11-11-10-11,38.7,482.0,2.0,ロードソルスティス,
2022107023,グランプラネッタ,2026/01/11,1中山4,晴,7.0,4歳以上1勝クラス,16,4.0,7,386.4,15.0,16,横山琉人,57.0,ダ,1800.0,良,118.9,3.8,12-12-14-15,40.9,480.0,-4.0,サトミノエンジェル,
2022107023,グランプラネッタ,2025/09/06,4中山1,晴,7.0,3歳未勝利,18,5.0,9,165.6,16.0,18,菅原明良,57.0,芝,2000.0,良,122.2,2.6,15-15-16-17,36.0,484.0,6.0,ミッドセンチュリー,
2022107023,グランプラネッタ,2025/08/16,2新潟7,晴,10.0,3歳未勝利,15,5.0,8,55.0,12.0,14,横山琉人,57.0,ダ,1800.0,良,118.4,4.3,15-15-15-15,40.4,478.0,-16.0,カーフキック,
2022107023,グランプラネッタ,2025/05/31,2東京11,雨,5.0,3歳未勝利,16,8.0,15,90.0,10.0,16,横山琉人,56.0,芝,2000.0,稍,127.8,3.7,16-16-16,37.0,494.0,0.0,コスモアチーブ,
2021107138,スノーブリザード,2026/07/09,門別,曇,8.0,フウリンソウ特別(B4),7,2.0,2,61.1,7.0,7,岩橋勇二,57.0,ダ,1600.0,良,111.8,6.5,6-7-6-7,44.3,482.0,-6.0,ケイアイブイスリー,
2021107138,スノーブリザード,2026/06/09,門別,曇,12.0,アナベル特別(B2),8,4.0,4,32.1,6.0,8,服部茂史,57.0,ダ,1700.0,重,115.2,4.7,5-6-6-7,43.1,488.0,-6.0,カツノトキメキ,
2021107138,スノーブリザード,2026/05/27,門別,曇,12.0,スワーヴリチャード・(B3),12,4.0,4,13.0,5.0,11,服部茂史,57.0,ダ,1200.0,良,77.0,2.7,8-8,39.1,494.0,4.0,サヨナキドリ,
2021107138,スノーブリザード,2025/07/06,2福島4,晴,8.0,3歳以上1勝クラス,14,4.0,6,10.6,5.0,6,三浦皇成,58.0,芝,1800.0,良,109.4,0.7,7-7-6-6,36.5,490.0,12.0,コスモアンソロジー,
2021107138,スノーブリザード,2025/05/10,1新潟3,曇,10.0,荒川峡特別(1勝クラス),15,3.0,5,15.0,7.0,13,鮫島良太,58.0,芝,2200.0,稍,137.6,2.3,5-6-7-8,38.9,478.0,0.0,マイネルシーマー,
2021107138,スノーブリザード,2025/04/20,1福島4,曇,7.0,4歳以上1勝クラス,16,4.0,7,40.7,11.0,2,鮫島良太,58.0,芝,1800.0,良,107.1,0.3,6-5-5-4,35.4,478.0,-6.0,アラタマフェーヴル,320.0
2021107138,スノーブリザード,2025/03/02,1小倉12,雨,6.0,4歳以上1勝クラス,18,6.0,11,24.8,8.0,10,鮫島良太,58.0,芝,2000.0,重,125.4,0.9,10-13-12-12,37.0,484.0,-6.0,オメガインペリアル,
2021107138,スノーブリザード,2025/02/16,1小倉8,晴,12.0,4歳以上1勝クラス,15,6.0,10,16.9,6.0,4,鮫島良太,57.0,芝,1800.0,良,108.6,0.3,5-5-6-6,35.3,490.0,6.0,マイネルバーテクス,120.0
2021107138,スノーブリザード,2024/12/15,4中京6,晴,3.0,3歳以上1勝クラス,15,8.0,16,34.6,7.0,15,鮫島良太,57.0,ダ,1800.0,良,117.1,4.0,11-12-14-14,40.4,484.0,12.0,ボックスオフィス,
2021107138,スノーブリザード,2024/11/10,6京都4,晴,6.0,3歳以上1勝クラス,15,6.0,10,24.5,8.0,12,鮫島克駿,56.0,芝,2200.0,良,133.7,1.3,7-6-8-5,35.4,472.0,-10.0,ジンセイ,
2021107138,スノーブリザード,2024/10/19,4新潟5,雨,9.0,岩船特別(1勝クラス),10,8.0,9,11.3,6.0,3,鮫島良太,55.0,芝,2200.0,稍,139.2,0.2,3-3-4-4,35.4,482.0,-12.0,ドゥレイクパセージ,284.3
2021107138,スノーブリザード,2024/07/20,1札幌1,晴,9.0,北辰特別(1勝クラス),10,8.0,9,49.0,8.0,5,鮫島克駿,55.0,芝,1800.0,良,108.2,0.8,1-1-3-3,36.0,494.0,-6.0,ミヤビブレイブ,111.0
2021107138,スノーブリザード,2024/06/23,1函館6,曇,7.0,3歳以上1勝クラス,10,5.0,5,8.3,3.0,7,鮫島克駿,54.0,芝,2600.0,良,161.4,1.6,2-2-2-2,38.4,500.0,0.0,オールナット,
2021107138,スノーブリザード,2024/04/20,3京都1,曇,9.0,あやめ賞(1勝クラス),7,2.0,2,22.3,6.0,4,鮫島良太,57.0,芝,1800.0,良,107.3,0.6,4-4,33.6,500.0,10.0,ナムラフッカー,160.0
2021107138,スノーブリザード,2024/03/30,2阪神3,晴,9.0,アザレア賞(1勝クラス),7,7.0,7,62.9,7.0,4,鮫島良太,57.0,芝,2400.0,良,147.2,0.9,6-6-6-6,35.2,490.0,-6.0,インザモーメント,160.0
2021107138,スノーブリザード,2024/02/11,2小倉2,晴,9.0,あすなろ賞(1勝クラス),10,5.0,5,206.3,10.0,5,鮫島良太,57.0,芝,2000.0,良,122.6,0.4,8-8-7-8,34.5,496.0,8.0,サトノシュトラーセ,107.0
2021107138,スノーブリザード,2024/01/20,1京都6,曇,9.0,若駒S(L),7,7.0,7,245.8,7.0,6,鮫島良太,57.0,芝,2000.0,重,124.5,1.7,7-7-6-5,37.9,488.0,2.0,サンライズジパング,
2021107138,スノーブリザード,2024/01/07,1京都2,晴,6.0,3歳1勝クラス,9,5.0,5,344.0,9.0,5,鮫島良太,57.0,芝,2000.0,良,123.6,0.8,4-3-7-6,34.7,486.0,20.0,アドマイヤテラ,78.0
2021107138,スノーブリザード,2023/11/05,5東京2,晴,9.0,百日草特別(1勝クラス),9,8.0,8,239.5,9.0,9,内田博幸,56.0,芝,2000.0,良,121.9,2.5,5-8-9,35.4,466.0,-16.0,アーバンシック,
2021107138,スノーブリザード,2023/10/09,川崎,雨,3.0,馬追賞(2歳),10,4.0,4,5.9,3.0,1,本田正重,55.0,ダ,1400.0,不,95.3,-0.2,3-3-4-2,42.5,482.0,2.0,(アドベントクラウン),220.0
2021107138,スノーブリザード,2023/09/05,水沢,小雨,4.0,2歳,9,4.0,4,2.1,1.0,1,山本政聡,55.0,ダ,1400.0,稍,91.0,0.0,2-2-2-1,39.9,480.0,-4.0,(マルケイフォルテ),75.0
2021107138,スノーブリザード,2023/08/28,水沢,晴,3.0,2歳,8,8.0,8,3.3,2.0,2,山本政聡,55.0,ダ,1400.0,良,92.9,1.1,3-4-3-2,40.2,484.0,14.0,エイシンノクターン,22.8
2021107138,スノーブリザード,2023/06/07,門別,雨,2.0,JRA認定アタックチ(未勝利)(2歳),9,1.0,1,264.7,9.0,6,松井伸也,54.0,ダ,1700.0,稍,114.2,2.5,6-7-5-6,39.7,470.0,-6.0,ルクスシールズ,
2021107138,スノーブリザード,2023/05/17,門別,晴,4.0,JRA認定フレッシュ(新馬)(2歳),9,8.0,8,25.8,7.0,5,松井伸也,54.0,ダ,1700.0,良,117.5,6.0,8-8-7-5,43.9,476.0,0.0,ティントレット,17.5
2022106221,ウインイルネージュ,2026/07/18,2福島7,曇,8.0,3歳以上1勝クラス,15,8.0,16,72.3,12.0,14,木幡巧也,56.0,芝,1200.0,良,70.9,1.6,12-14,35.7,432.0,0.0,コックオーヴァン,
2022106221,ウインイルネージュ,2026/07/05,2福島4,曇,8.0,3歳以上1勝クラス,12,8.0,11,73.2,9.0,5,菊沢一樹,56.0,芝,1800.0,良,109.6,0.5,5-5-4-5,34.8,432.0,4.0,オックスアイ,82.0
2022106221,ウインイルネージュ,2026/05/16,1新潟5,晴,9.0,石打特別(1勝クラス),16,8.0,15,131.1,14.0,10,菊沢一樹,56.0,芝,1800.0,良,108.1,1.2,8-8,35.1,428.0,4.0,ルールーリマ,
2022106221,ウインイルネージュ,2026/05/02,1新潟1,晴,8.0,4歳以上1勝クラス,13,5.0,7,88.8,9.0,8,石神深道,53.0,芝,1600.0,稍,96.2,0.6,9-10,36.0,424.0,4.0,ダノンブランニュー,
2022106221,ウインイルネージュ,2026/02/07,1小倉5,曇,9.0,戸畑特別(1勝クラス),13,4.0,5,94.2,13.0,8,嶋田純次,55.0,芝,2000.0,稍,122.2,1.2,7-6-7-5,36.6,420.0,-6.0,リーティアコナル,
2022106221,ウインイルネージュ,2026/01/31,1小倉3,晴,12.0,4歳以上1勝クラス,16,4.0,7,114.7,16.0,11,黛弘人,55.0,芝,2000.0,良,119.3,1.1,10-10-11-12,36.2,426.0,-2.0,エンジェルマーク,
2022106221,ウインイルネージュ,2025/11/15,3福島3,晴,8.0,3歳以上1勝クラス,16,2.0,4,156.5,15.0,10,嶋田純次,54.0,芝,2600.0,良,162.0,1.4,10-10-10-10,37.5,428.0,-4.0,ブリヤディアマンテ,
2022106221,ウインイルネージュ,2025/07/12,1函館9,晴,6.0,3歳未勝利,16,8.0,15,35.7,13.0,12,丹内祐次,55.0,芝,2600.0,良,161.7,1.8,13-13-15-12,36.4,432.0,0.0,レッドヴァリアート,
2022106221,ウインイルネージュ,2025/06/21,1函館3,晴,4.0,3歳未勝利,16,3.0,5,14.5,5.0,7,丹内祐次,55.0,芝,2000.0,良,121.3,1.1,12-11-10-8,36.4,432.0,14.0,アオイタケル,
2022106221,ウインイルネージュ,2025/04/19,1福島3,晴,3.0,3歳未勝利,16,6.0,11,5.8,2.0,6,丹内祐次,55.0,芝,2600.0,良,162.4,1.1,5-6-4-5,36.8,418.0,-6.0,ブリヤディアマンテ,
2022106221,ウインイルネージュ,2025/02/01,1小倉3,曇,2.0,3歳未勝利,15,2.0,2,8.1,5.0,4,丹内祐次,55.0,芝,2000.0,良,124.5,0.7,9-8-10-9,35.3,424.0,-6.0,トーセンリバーブ,84.0
2022106221,ウインイルネージュ,2025/01/11,1中山3,晴,5.0,3歳新馬,18,5.0,9,63.3,11.0,7,丹内祐次,55.0,芝,2000.0,良,124.6,0.5,15-15-12-14,35.7,430.0,0.0,エナジーショット,
2023103051,ミズノミヤコ,2026/05/03,1新潟2,晴,1.0,3歳未勝利,16,8.0,15,39.4,8.0,14,河原田菜,51.0,芝,2000.0,稍,123.5,1.1,1-1-1-1,37.6,410.0,-6.0,オモイヲノセテ,
2023103051,ミズノミヤコ,2026/04/19,1福島4,晴,3.0,3歳未勝利,16,3.0,5,8.8,5.0,15,河原田菜,51.0,芝,2000.0,良,122.6,2.4,1-1-1-3,38.8,416.0,-4.0,グラスベルグ,
2023103051,ミズノミヤコ,2026/02/14,1東京5,晴,6.0,3歳未勝利,16,2.0,4,28.6,6.0,10,原優介,55.0,芝,1800.0,良,109.2,1.8,1-1-1,35.7,420.0,-4.0,ダーリングハースト,
2023103051,ミズノミヤコ,2026/01/25,1中山9,晴,5.0,3歳新馬,18,3.0,6,190.2,15.0,2,原優介,55.0,芝,2000.0,良,123.7,0.3,1-1-1-1,35.1,424.0,0.0,ヤマニンヘルシェ,260.0
2018102910,ファルヴォーレ,2026/07/14,盛岡,曇,12.0,夢・希望未来へ前進(B1),11,5.0,5,28.3,8.0,10,高橋悠里,56.0,ダ,1600.0,稍,99.6,1.0,1-2,38.0,481.0,10.0,タイセイストラーダ,
2018102910,ファルヴォーレ,2026/06/29,盛岡,晴,12.0,浜木綿賞(B1),12,1.0,1,14.1,6.0,12,山本政聡,56.0,ダ,1600.0,良,100.9,2.9,1-5,41.0,471.0,-4.0,ハクシンパーソナル,
2018102910,ファルヴォーレ,2026/06/01,水沢,曇,12.0,朝顔賞(B1),10,1.0,1,7.2,4.0,7,山本政聡,56.0,ダ,1900.0,良,127.6,2.3,4-4-7-8,41.5,475.0,-5.0,サンエイコンドル,
2018102910,ファルヴォーレ,2026/05/04,盛岡,小雨,10.0,いわてくじ山形村短角(B1),9,2.0,2,10.0,4.0,1,高橋悠里,56.0,ダ,1600.0,不,97.7,0.0,2-2,37.8,480.0,-1.0,(アーリーレッグ),80.0
2018102910,ファルヴォーレ,2026/04/21,水沢,晴,12.0,夢・希望未来へ前進(B1),11,1.0,1,16.3,6.0,5,小林凌,56.0,ダ,1600.0,良,105.5,1.0,1-1-1-3,41.3,481.0,3.0,タイセイモンストル,5.6
2018102910,ファルヴォーレ,2026/04/07,水沢,曇,12.0,夢・希望未来へ前進(B1),11,3.0,3,46.0,10.0,5,高橋悠里,56.0,ダ,1600.0,稍,102.5,0.5,7-7-8-7,38.2,478.0,-4.0,タイセイモンストル,5.6
2018102910,ファルヴォーレ,2026/03/24,水沢,晴,12.0,パンジー賞(B1),12,4.0,4,103.2,11.0,9,鈴木祐,56.0,ダ,1600.0,良,106.8,1.6,4-5-7-7,41.8,482.0,6.0,サンエントジアスタ,
2018102910,ファルヴォーレ,2026/03/10,水沢,晴,10.0,東日本大震災津波を語(B1),10,8.0,9,15.0,8.0,1,山本政聡,56.0,ダ,1600.0,稍,104.7,-0.1,1-1-1-1,39.8,476.0,3.0,(ベラジオホープ),80.0
2018102910,ファルヴォーレ,2025/12/22,水沢,曇,10.0,B1三組,10,1.0,1,5.3,3.0,2,山本政聡,56.0,ダ,1600.0,重,103.2,0.1,6-4-6-4,38.6,473.0,-1.0,メイショウメイスイ,28.0
2018102910,ファルヴォーレ,2025/12/10,水沢,曇,12.0,アロースタッド特別(B1),11,8.0,10,22.5,4.0,6,山本政聡,56.0,ダ,1600.0,不,102.6,1.1,7-7-5-6,38.7,474.0,7.0,ブラックレーション,
2018102910,ファルヴォーレ,2025/11/11,盛岡,曇,10.0,B1三組,10,7.0,7,4.8,2.0,9,山本政聡,56.0,ダ,1600.0,良,102.0,1.5,3-4,40.3,467.0,-2.0,ヴァンナチュール,
2018102910,ファルヴォーレ,2025/10/28,盛岡,小雨,11.0,ピンクトパーズ賞(B1),9,4.0,4,3.5,2.0,2,山本政聡,56.0,ダ,1600.0,稍,98.9,1.5,2-2,38.2,469.0,5.0,リリードリーマー,28.0
2018102910,ファルヴォーレ,2025/10/14,盛岡,曇,11.0,ペガスス賞(B2),11,3.0,3,8.5,4.0,2,山本政聡,56.0,ダ,1600.0,良,99.8,0.1,5-5,38.8,464.0,-1.0,ベラジオホープ,21.0
2018102910,ファルヴォーレ,2025/09/28,水沢,曇,11.0,マリーゴールド賞(B2),10,8.0,10,2.3,2.0,2,山本政聡,56.0,ダ,1600.0,良,106.8,0.2,7-7-5-6,40.5,465.0,-4.0,バイアメ,21.0
2018102910,ファルヴォーレ,2025/09/14,水沢,晴,10.0,リギル賞(B2),8,6.0,6,1.6,1.0,1,山本政聡,56.0,ダ,1600.0,稍,103.1,-0.4,2-2-2-2,38.2,469.0,3.0,(オメガジャスミン),60.0
2018102910,ファルヴォーレ,2025/08/26,盛岡,曇,12.0,初秋特別(A),8,1.0,1,17.3,4.0,4,山本政聡,56.0,ダ,1600.0,良,100.4,1.4,5-4,37.2,466.0,-5.0,ライアン,19.5
2018102910,ファルヴォーレ,2025/08/10,盛岡,曇,10.0,納涼特別(A),8,8.0,9,10.0,3.0,3,山本政聡,56.0,ダ,1600.0,良,100.5,0.7,3-3,37.5,471.0,3.0,サンエイコンドル,28.0
2018102910,ファルヴォーレ,2025/07/28,盛岡,晴,11.0,朝顔特別(A),6,4.0,4,10.8,3.0,2,山本政聡,56.0,ダ,1600.0,良,101.4,0.9,3-2,39.3,468.0,-6.0,エスクマ,49.0
2018102910,ファルヴォーレ,2025/07/15,盛岡,小雨,11.0,いしがきマイラーズ(重賞),11,1.0,1,126.4,10.0,8,鈴木祐,57.0,芝,1600.0,良,98.6,1.8,6-6-9-9,37.2,474.0,6.0,シャイニーロック,
2018102910,ファルヴォーレ,2025/07/01,水沢,曇,12.0,スプリント特別(OP),10,8.0,10,77.2,8.0,7,山本政聡,56.0,ダ,1400.0,良,89.4,1.5,10-10-10-10,39.2,468.0,-4.0,マツリダワールド,
2018102910,ファルヴォーレ,2025/06/16,水沢,曇,10.0,薄暑特別(A),8,5.0,5,29.2,6.0,7,山本政聡,56.0,ダ,1600.0,良,105.2,2.7,3-3-6-8,42.4,472.0,-2.0,ハクシンパーソナル,
2018102910,ファルヴォーレ,2025/06/02,盛岡,晴,12.0,初夏特別(A),11,8.0,12,226.6,11.0,6,山本聡紀,56.0,ダ,1600.0,良,99.9,1.1,5-5,38.7,474.0,-6.0,ボウトロイ,
2018102910,ファルヴォーレ,2025/05/19,盛岡,晴,11.0,青葉特別(A),10,8.0,9,89.7,9.0,8,大坪慎,56.0,ダ,1600.0,稍,102.4,1.7,6-8,40.5,480.0,4.0,グラシアス,
2018102910,ファルヴォーレ,2025/04/28,水沢,曇,12.0,桜花特別(A),7,5.0,5,7.2,4.0,5,山本政聡,56.0,ダ,1900.0,良,126.2,3.3,5-5-6-5,40.8,476.0,-3.0,グランコージー,10.5
2018102910,ファルヴォーレ,2025/04/15,水沢,小雨,11.0,卯月特別(A),7,7.0,7,4.5,2.0,4,山本政聡,56.0,ダ,1600.0,不,101.8,0.5,5-5-4-4,39.0,479.0,15.0,ミヤギヴァリアント,19.5
2018102910,ファルヴォーレ,2025/03/01,1小倉11,曇,5.0,障害4歳以上OP,12,5.0,6,22.8,7.0,中,難波剛健,60.0,障,2860.0,良,,,4-3,,464.0,-6.0,ワールドスケール,
2018102910,ファルヴォーレ,2025/01/11,1中京3,晴,8.0,牛若丸ジャンプS(OP),11,6.0,6,19.3,7.0,6,難波剛健,59.0,障,3300.0,良,220.1,2.9,8-8-6-6,13.3,470.0,18.0,サイード,
2018102910,ファルヴォーレ,2024/10/19,4新潟5,曇,4.0,障害3歳以上OP,8,6.0,6,8.7,4.0,中,難波剛健,60.0,障,3250.0,良,,,,,452.0,-2.0,ハーツシンフォニー,
2018102910,ファルヴォーレ,2024/09/14,3中京3,晴,8.0,阪神ジャンプS(JGIII),12,5.0,6,29.9,9.0,4,難波剛健,60.0,障,3330.0,良,220.0,1.0,7-7-4-3,13.2,454.0,-2.0,サペラヴィ,440.0
2018102910,ファルヴォーレ,2024/08/17,3新潟3,晴,4.0,障害3歳以上OP,9,1.0,1,8.5,5.0,5,難波剛健,60.0,障,2850.0,良,186.1,1.8,7-7-6-6,13.1,456.0,-2.0,レッドバロッサ,135.0
2018102910,ファルヴォーレ,2024/06/23,4京都8,曇,9.0,瀬田特別(2勝クラス),18,5.0,10,117.6,13.0,15,田口貫太,54.0,芝,1400.0,重,83.4,2.2,14-15,34.9,458.0,-6.0,クランフォード,
2018102910,ファルヴォーレ,2024/04/21,1福島6,晴,11.0,福島中央テレビ杯(2勝クラス),16,5.0,10,36.0,12.0,9,小沢大仁,58.0,芝,1200.0,良,69.0,0.3,15-13,33.5,464.0,-6.0,アシャカタカ,
2018102910,ファルヴォーレ,2024/03/02,1阪神3,曇,12.0,4歳以上2勝クラス,13,2.0,2,98.1,10.0,9,和田竜二,58.0,芝,1400.0,稍,81.6,0.8,6-6,35.3,470.0,-2.0,ジョウショーホープ,
2018102910,ファルヴォーレ,2024/01/20,1小倉3,雨,5.0,障害4歳以上OP,12,7.0,10,19.8,8.0,11,小坂忠士,60.0,障,2860.0,稍,193.4,5.6,5-5-11-12,13.5,472.0,10.0,ブラックボイス,
2018102910,ファルヴォーレ,2023/10/21,4新潟3,雨,4.0,障害3歳以上OP,13,2.0,2,11.6,6.0,3,難波剛健,60.0,障,3250.0,稍,215.4,1.3,4-3-2-2,13.3,462.0,10.0,スヴァルナ,340.0
2018102910,ファルヴォーレ,2023/08/19,3新潟3,晴,4.0,障害3歳以上OP,10,8.0,10,3.2,2.0,4,難波剛健,60.0,障,2850.0,良,185.3,0.9,6-6-3-2,13.0,452.0,-12.0,サイード,200.0
2018102910,ファルヴォーレ,2023/05/20,1新潟7,晴,4.0,障害4歳以上OP,14,5.0,7,9.0,4.0,6,森一馬,60.0,障,3290.0,良,217.1,1.7,7-7-8-8,13.2,464.0,-6.0,サクセッション,
2018102910,ファルヴォーレ,2023/04/29,1新潟1,晴,1.0,障害4歳以上OP,14,1.0,1,8.8,3.0,6,難波剛健,60.0,障,2890.0,良,187.6,1.8,6-7-7-6,13.0,470.0,6.0,フォッサマグナ,
2018102910,ファルヴォーレ,2023/01/21,1小倉3,晴,5.0,障害4歳以上OP,12,6.0,7,5.0,2.0,8,難波剛健,60.0,障,2860.0,稍,194.6,2.2,5-6-6-7,13.6,464.0,12.0,ジューンベロシティ,
2018102910,ファルヴォーレ,2022/11/19,5東京5,晴,8.0,秋陽ジャンプS(OP),14,5.0,8,7.3,4.0,7,難波剛健,59.0,障,3110.0,良,209.1,1.8,4-4-4-4,13.4,452.0,-12.0,コウユーヌレエフ,
2018102910,ファルヴォーレ,2022/10/29,4新潟5,曇,4.0,障害3歳以上OP,11,4.0,4,3.8,3.0,2,難波剛健,60.0,障,2850.0,良,187.2,0.1,9-8-4-2,13.1,464.0,2.0,マリオ,540.0
2018102910,ファルヴォーレ,2022/09/03,3新潟7,雨,1.0,障害3歳以上未勝利,14,2.0,2,3.3,2.0,1,難波剛健,60.0,障,2850.0,良,186.1,-0.4,3-5-4-3,13.1,462.0,14.0,(プンタアレナス),790.0
2018102910,ファルヴォーレ,2022/06/19,3東京6,晴,1.0,障害3歳以上未勝利,11,7.0,8,3.8,2.0,2,難波剛健,60.0,障,3000.0,良,203.6,0.5,5-6-5-3,13.6,448.0,-4.0,ニシノデイジー,320.0
2018102910,ファルヴォーレ,2022/06/04,3東京1,晴,1.0,障害3歳以上未勝利,11,5.0,5,7.0,4.0,3,難波剛健,60.0,障,3000.0,良,203.0,0.4,7-7-7-6,13.5,452.0,-6.0,ブレッシングレイン,200.0
2018102910,ファルヴォーレ,2022/05/15,1新潟4,晴,5.0,障害4歳以上未勝利,12,7.0,10,23.1,7.0,7,難波剛健,59.0,障,2890.0,良,192.9,1.5,11-10-10-7,13.3,458.0,-4.0,ハーツシンフォニー,
2018102910,ファルヴォーレ,2022/04/10,2阪神6,晴,7.0,4歳以上2勝クラス,10,8.0,10,37.5,8.0,9,藤岡康太,57.0,芝,1600.0,良,94.5,1.0,1-1,35.7,462.0,0.0,ヴィアルークス,
2018102910,ファルヴォーレ,2022/03/13,2中京2,曇,9.0,岡崎特別(2勝クラス),10,4.0,4,38.8,8.0,6,藤岡康太,57.0,芝,1400.0,良,80.5,0.5,7-7,33.5,462.0,-10.0,ショウナンアレス,
2018102910,ファルヴォーレ,2022/02/20,1阪神4,晴,12.0,4歳以上2勝クラス,14,7.0,11,14.1,6.0,10,斎藤新,57.0,芝,1600.0,稍,95.6,1.0,14-13,34.5,472.0,18.0,サトノラムセス,
2018102910,ファルヴォーレ,2021/12/05,6阪神2,曇,12.0,3歳以上2勝クラス,14,3.0,4,10.6,5.0,11,藤岡佑介,56.0,芝,1400.0,良,81.5,0.9,14-14,34.0,454.0,-6.0,ショウリュウレーヴ,
2018102910,ファルヴォーレ,2021/11/13,5阪神3,晴,12.0,3歳以上2勝クラス,13,4.0,4,5.3,3.0,7,団野大成,56.0,芝,1400.0,良,82.3,0.3,12-12,35.0,460.0,4.0,グランレイ,
2018102910,ファルヴォーレ,2021/10/30,4阪神7,晴,8.0,3歳以上2勝クラス,11,8.0,10,17.1,7.0,4,岩田望来,55.0,芝,1400.0,良,82.1,0.3,11-11,34.1,456.0,10.0,セウラサーリ,170.0
2018102910,ファルヴォーレ,2021/09/11,4中山1,晴,10.0,汐留特別(2勝クラス),10,5.0,5,4.0,3.0,9,福永祐一,55.0,芝,1200.0,良,68.9,1.0,7-8,34.1,446.0,2.0,スティクス,
2018102910,ファルヴォーレ,2021/08/22,4小倉4,小雨,9.0,耶馬渓特別(2勝クラス),13,6.0,8,2.8,1.0,5,福永祐一,54.0,芝,1200.0,稍,69.0,0.6,11-11,34.3,444.0,2.0,テイエムイダテン,150.0
2018102910,ファルヴォーレ,2021/07/17,3小倉5,曇,9.0,雲仙特別(2勝クラス),17,8.0,18,7.5,4.0,2,福永祐一,53.0,芝,1200.0,良,67.4,0.0,14-14,33.6,442.0,0.0,ダノンシティ,611.2
2018102910,ファルヴォーレ,2021/06/19,3東京5,小雨,10.0,相模湖特別(2勝クラス),13,4.0,4,5.1,3.0,7,武豊,54.0,芝,1400.0,稍,82.1,0.9,13-11,33.9,442.0,-8.0,カイトゲニー,
2018102910,ファルヴォーレ,2021/05/29,3中京7,晴,11.0,葵S(重賞),17,7.0,14,37.5,8.0,4,鮫島克駿,56.0,芝,1200.0,良,68.3,0.2,16-15,33.5,450.0,0.0,レイハリア,570.0
2018102910,ファルヴォーレ,2021/03/20,2中京3,曇,11.0,中スポ賞ファルコンS(GIII),15,5.0,8,29.5,7.0,6,秋山真一,56.0,芝,1400.0,良,80.7,0.6,15-14,34.2,450.0,2.0,ルークズネスト,
2018102910,ファルヴォーレ,2021/01/10,1中京3,晴,11.0,日刊スポシンザン記念(GIII),15,4.0,7,46.8,12.0,13,吉田隼人,56.0,芝,1600.0,良,95.2,1.9,6-7-7,36.5,448.0,0.0,ピクシーナイト,
2018102910,ファルヴォーレ,2020/12/26,6阪神7,晴,6.0,2歳1勝クラス,9,3.0,3,21.7,5.0,1,幸英明,55.0,芝,1400.0,良,80.7,0.0,9-9,34.0,448.0,6.0,(ヴェールクレール),730.0
2018102910,ファルヴォーレ,2020/11/07,5東京1,曇,11.0,京王杯2歳S(GII),18,5.0,9,99.0,12.0,9,横山武史,55.0,芝,1400.0,良,82.7,0.9,13-8,34.8,442.0,12.0,モントライゼ,
2018102910,ファルヴォーレ,2020/08/30,3新潟6,晴,11.0,新潟2歳S(GIII),11,4.0,4,43.2,10.0,4,岩田康誠,54.0,芝,1600.0,良,95.6,1.0,9-10,34.5,430.0,6.0,ショックアクション,470.0
2018102910,ファルヴォーレ,2020/07/26,2新潟2,曇,1.0,2歳未勝利,14,7.0,12,5.8,3.0,1,福永祐一,54.0,芝,1400.0,良,82.1,-0.2,11-9,35.2,424.0,-4.0,(サツキティアラ),510.0
2018102910,ファルヴォーレ,2020/06/27,3阪神7,晴,1.0,2歳未勝利,13,5.0,6,22.1,5.0,4,福永祐一,54.0,芝,1400.0,良,82.5,0.8,11-10,35.4,428.0,-2.0,ゴールドチャリス,77.0
2018102910,ファルヴォーレ,2020/06/06,3阪神1,晴,5.0,2歳新馬,10,7.0,7,48.6,8.0,6,荻野極,54.0,芝,1600.0,良,97.2,0.6,8-5,34.7,430.0,0.0,ダディーズビビッド,
2022107084,ウインヘリオドール,2026/06/20,3阪神5,雨,7.0,3歳以上1勝クラス,16,4.0,8,115.3,14.0,16,松若風馬,58.0,芝,2400.0,稍,151.5,5.7,5-5-6-9,40.4,506.0,9.0,サガルマータ,
2022107084,ウインヘリオドール,2025/12/31,笠松,曇,4.0,第10回ウマニティ杯(C),8,8.0,8,1.1,1.0,1,塚本征吾,57.0,ダ,1400.0,良,90.4,-0.4,3-2-2,39.4,497.0,-4.0,(ヴェルニッツ),40.0
2022107084,ウインヘリオドール,2025/12/17,笠松,曇,4.0,細貝優太新天地でも頑(C),9,4.0,4,3.1,2.0,3,渡辺竜也,57.0,ダ,1600.0,稍,106.3,0.6,8-2-2,38.1,501.0,2.0,カシマスウィープ,10.0
2022107084,ウインヘリオドール,2025/11/19,笠松,晴,11.0,野山の錦特別(C),9,2.0,2,3.0,2.0,3,丸野勝虎,57.0,ダ,1400.0,良,89.2,0.8,9-8-7,38.9,499.0,0.0,コスモメモラブル,15.0
2022107084,ウインヘリオドール,2025/11/04,笠松,曇,3.0,橙理1歳おめでとう記(CC),12,2.0,2,1.1,1.0,1,渡辺竜也,57.0,ダ,1400.0,良,89.8,0.0,10-3-3,38.4,499.0,-2.0,(カミガミノウタゲ),40.0
2022107084,ウインヘリオドール,2025/10/22,笠松,曇,8.0,つる座賞(C),10,4.0,4,3.6,2.0,2,渡辺竜也,57.0,ダ,1400.0,良,90.2,0.1,5-4-4,37.9,501.0,-1.0,セカンドフラッシュ,16.8
2022107084,ウインヘリオドール,2025/08/31,2札幌4,曇,4.0,3歳未勝利,16,6.0,11,13.7,5.0,8,池添謙一,57.0,芝,2000.0,稍,124.2,1.4,13-13-7-4,38.6,502.0,2.0,エオアリイ,
2022107084,ウインヘリオドール,2025/08/23,2札幌1,晴,3.0,3歳未勝利,16,6.0,11,21.9,9.0,5,ウィリア,57.0,芝,2000.0,稍,123.4,1.0,14-13-10-9,36.4,500.0,2.0,グランセゾン,56.0
2022107084,ウインヘリオドール,2025/07/20,1函館12,晴,3.0,3歳未勝利,14,7.0,11,17.4,8.0,10,横山和生,57.0,芝,1800.0,良,108.2,0.8,14-14-14-14,34.4,498.0,-4.0,ハニードレス,
2022107084,ウインヘリオドール,2025/07/06,1函館8,曇,6.0,3歳未勝利,12,8.0,12,15.1,6.0,4,横山和生,57.0,芝,2000.0,稍,123.6,1.0,9-9-5-4,36.1,502.0,2.0,ミクニインスパイア,84.0
2022107084,ウインヘリオドール,2025/06/21,3阪神5,晴,6.0,3歳未勝利,14,2.0,3,4.9,3.0,9,松山弘平,57.0,芝,2000.0,良,122.2,0.9,1-1-1-1,36.7,500.0,0.0,フララナキラ,
2022107084,ウインヘリオドール,2025/05/25,2京都10,曇,5.0,3歳未勝利,14,8.0,14,11.2,5.0,6,松山弘平,57.0,芝,2200.0,重,136.5,1.0,2-2-2-1,37.0,500.0,-2.0,レーヌマロン,
2022107084,ウインヘリオドール,2025/05/04,2京都4,晴,4.0,3歳未勝利,13,6.0,8,22.6,4.0,4,松山弘平,57.0,芝,2000.0,良,121.4,0.6,11-11-8-7,34.4,502.0,0.0,ダノンジョーカー,84.0
2022107084,ウインヘリオドール,2025/02/23,1小倉10,晴,1.0,3歳未勝利,10,6.0,6,32.8,8.0,8,黛弘人,57.0,ダ,1700.0,良,111.4,2.6,8-8-6-8,39.6,502.0,2.0,ゴールドダイアー,
2022107084,ウインヘリオドール,2025/02/01,1小倉3,雨,7.0,3歳未勝利,12,6.0,8,27.8,7.0,9,丸山元気,57.0,芝,2000.0,稍,124.4,0.9,5-5-3-3,36.9,500.0,6.0,バズアップビート,
2022107084,ウインヘリオドール,2024/11/24,6京都8,曇,6.0,2歳新馬,12,7.0,9,77.6,10.0,9,三浦皇成,56.0,芝,2000.0,良,124.0,2.2,9-10-9-10,36.1,494.0,0.0,ネブラディスク,
2022101689,インディーフィルム,2026/07/13,盛岡,曇,9.0,B2,12,6.0,8,8.9,5.0,1,山本聡哉,54.0,ダ,1400.0,重,85.3,0.0,11-3,37.4,472.0,4.0,(ロングウッド),60.0
2022101689,インディーフィルム,2026/06/29,盛岡,晴,10.0,ソウルラッシュ特別(B2),12,3.0,3,4.7,3.0,6,山本聡哉,54.0,ダ,1400.0,良,85.6,1.0,1-1,38.2,468.0,-1.0,ロングウッド,
2022101689,インディーフィルム,2026/06/14,水沢,晴,12.0,チャイナアスタ賞(B2),10,3.0,3,6.6,4.0,1,山本聡哉,54.0,ダ,1400.0,稍,88.3,-0.3,4-4-4-2,38.9,469.0,3.0,(キッスミーアイ),60.0
2022101689,インディーフィルム,2026/05/31,水沢,晴,7.0,B2二組,12,6.0,8,20.0,8.0,4,阿部英俊,54.0,ダ,1600.0,良,105.0,0.6,2-2-1-1,40.5,466.0,2.0,アルファシリウス,7.8
2022101689,インディーフィルム,2026/05/12,盛岡,晴,10.0,C1,11,7.0,9,17.4,6.0,2,阿部英俊,54.0,ダ,1400.0,良,86.8,0.4,1-1,37.9,464.0,1.0,ロングウッド,17.5
2022101689,インディーフィルム,2026/04/19,水沢,晴,9.0,B2,12,7.0,9,6.2,2.0,1,阿部英俊,54.0,ダ,1400.0,良,91.5,-0.1,1-1-1-1,41.3,463.0,-3.0,(シレンツィオ),60.0
2022101689,インディーフィルム,2026/04/05,水沢,曇,6.0,B2,10,8.0,9,17.2,7.0,9,阿部英俊,54.0,ダ,850.0,重,51.7,1.3,7-8,36.3,466.0,3.0,チャルドーニ,
2022101689,インディーフィルム,2026/03/10,水沢,晴,8.0,B2,12,5.0,5,2.8,1.0,7,阿部英俊,54.0,ダ,1400.0,稍,93.3,1.5,2-2-2-1,42.9,463.0,-5.0,インセプション,
2022101689,インディーフィルム,2025/11/18,盛岡,曇,8.0,C1,11,6.0,7,19.6,5.0,2,村上忍,54.0,ダ,1400.0,良,86.6,0.1,1-1,38.2,468.0,6.0,ドレイク,17.5
2022101689,インディーフィルム,2025/11/02,盛岡,曇,10.0,赤平金剛賞(C1),11,6.0,7,131.9,8.0,3,阿部英俊,54.0,ダ,1600.0,重,100.0,0.7,3-3,38.4,462.0,1.0,クラリティー,10.0
2022101689,インディーフィルム,2025/09/28,水沢,曇,12.0,オータムティアラ(重賞),12,3.0,3,69.3,9.0,9,山本聡紀,54.0,ダ,1900.0,良,131.1,2.8,8-8-10-9,42.5,461.0,-7.0,ミナトミナイト,
2022101689,インディーフィルム,2025/09/15,水沢,曇,8.0,3歳B2一組,11,4.0,4,13.7,4.0,4,山本聡紀,54.0,ダ,1400.0,稍,89.8,1.0,3-3-3-3,39.4,468.0,15.0,ペイシャケリー,9.1
2022101689,インディーフィルム,2025/06/23,水沢,曇,8.0,3歳B2一組,11,6.0,7,1.8,1.0,4,山本聡紀,54.0,ダ,1400.0,稍,90.8,1.0,3-3-3-3,40.0,453.0,3.0,パリパリライズ,9.1
2022101689,インディーフィルム,2025/05/26,盛岡,曇,7.0,3歳B2,12,6.0,8,2.8,2.0,3,山本聡紀,54.0,ダ,1400.0,稍,88.1,1.2,3-3,39.5,450.0,-2.0,デザーヴ,14.0
2022101689,インディーフィルム,2025/05/13,盛岡,晴,8.0,3歳B2一組,9,3.0,3,2.3,1.0,1,山本聡紀,54.0,ダ,1400.0,稍,88.0,-0.3,1-1,39.1,452.0,-11.0,(オリエンタルマック),70.0
2022101689,インディーフィルム,2025/04/13,水沢,曇,6.0,3歳C1二組,12,8.0,12,1.1,1.0,1,山本聡紀,54.0,ダ,1400.0,良,91.4,-0.7,2-2-2-2,40.4,463.0,4.0,(アカイツメ),60.0
2022101689,インディーフィルム,2025/03/29,水沢,曇,6.0,3歳C1二組,11,1.0,1,1.8,1.0,2,高松亮,54.0,ダ,1400.0,稍,90.6,0.1,1-1-1-1,40.0,459.0,0.0,ゲレル,21.0
2022101689,インディーフィルム,2025/03/17,水沢,雪,5.0,3歳C2二組,9,5.0,5,1.4,1.0,2,高松亮,54.0,ダ,1300.0,不,82.5,0.2,2-2-2-2,38.5,459.0,-1.0,コックリサン,17.5
2022101689,インディーフィルム,2025/01/11,1中山3,晴,2.0,3歳未勝利,16,5.0,9,53.2,6.0,6,菊沢一樹,55.0,ダ,1800.0,稍,118.2,3.3,7-7-6-7,40.9,460.0,-20.0,リバースザトレンド,
2022101689,インディーフィルム,2024/10/14,4東京4,晴,4.0,2歳新馬,16,1.0,2,44.8,11.0,9,津村明秀,55.0,ダ,1400.0,良,87.8,3.4,11-12,38.4,480.0,0.0,ベンヌ,
2021106249,マルーントリック,2026/06/29,盛岡,晴,10.0,ソウルラッシュ特別(B2),12,7.0,10,12.1,6.0,7,佐々木志,54.0,ダ,1400.0,良,85.9,1.3,3-5,38.3,423.0,2.0,ロングウッド,
2021106249,マルーントリック,2026/06/14,水沢,晴,10.0,猊鼻渓賞(B2),10,7.0,7,3.4,1.0,1,佐々木志,54.0,ダ,1400.0,稍,88.5,0.0,1-1-1-1,39.2,421.0,7.0,(オプティクス),60.0
2021106249,マルーントリック,2026/06/02,水沢,晴,11.0,B2,11,7.0,8,3.3,1.0,3,佐々木志,54.0,ダ,1400.0,良,90.7,0.4,1-1-1-1,40.9,414.0,0.0,グレイソニック,12.0
2021106249,マルーントリック,2026/05/19,盛岡,晴,10.0,B2,8,6.0,6,12.3,4.0,2,佐々木志,54.0,ダ,1600.0,良,99.6,0.3,2-2,38.9,414.0,3.0,ワガンセ,21.0
2021106249,マルーントリック,2026/05/06,盛岡,晴,11.0,B2三組,12,1.0,1,23.3,7.0,4,佐々木志,54.0,ダ,1600.0,良,100.0,0.6,1-1,39.2,411.0,-4.0,ブローヴェイス,7.8
2021106249,マルーントリック,2026/04/19,水沢,晴,10.0,岩手伝統工芸浄法寺塗(B2),12,7.0,9,8.1,5.0,5,佐々木志,54.0,ダ,1400.0,良,92.1,0.8,2-2-1-2,40.9,415.0,2.0,キトゥンズルンバ,4.2
2021106249,マルーントリック,2026/03/10,水沢,晴,9.0,B2,12,8.0,11,6.0,3.0,9,佐々木志,54.0,ダ,1400.0,稍,92.6,1.7,5-4-5-8,42.2,413.0,6.0,エイシンデュエラー,
2021106249,マルーントリック,2025/12/21,水沢,曇,10.0,B1,12,8.0,12,1.8,1.0,4,山本聡哉,54.0,ダ,1400.0,重,88.7,0.3,4-5-5-2,39.2,407.0,-6.0,グラフィアスレディ,10.4
2021106249,マルーントリック,2025/12/08,水沢,小雨,11.0,JBBA七戸種馬場特(B1),12,8.0,11,3.0,2.0,2,山本聡哉,54.0,ダ,1400.0,不,88.2,0.2,3-3-3-2,39.4,413.0,0.0,リュウノコルサ,28.0
2021106249,マルーントリック,2025/10/26,盛岡,小雨,10.0,豊間根川源流賞(B1),11,7.0,8,2.2,1.0,2,山本聡哉,54.0,ダ,1400.0,稍,86.9,0.1,3-4,38.2,413.0,1.0,アダマスミノル,28.0
2021106249,マルーントリック,2025/10/12,盛岡,小雨,11.0,B1,7,3.0,3,2.6,2.0,2,山本聡哉,54.0,ダ,1400.0,稍,85.8,0.6,5-4,37.0,412.0,2.0,パイアイヤー,28.0
2021106249,マルーントリック,2025/09/29,水沢,曇,10.0,メンケント賞(B1),7,2.0,2,2.4,1.0,3,山本聡哉,54.0,ダ,1600.0,重,102.7,0.2,3-3-3-2,38.1,410.0,-3.0,サトノバトラー,16.0
2021106249,マルーントリック,2025/09/14,水沢,晴,9.0,幽玄洞賞(B1),10,5.0,5,16.8,6.0,6,佐々木志,54.0,ダ,1400.0,稍,88.9,0.8,7-6-6-6,38.2,413.0,5.0,タイセイアゲイン,
2021106249,マルーントリック,2025/09/07,盛岡,曇,11.0,ビューチフルドリーマ(重賞),10,2.0,2,364.3,10.0,7,菅原辰徳,55.0,ダ,2000.0,稍,127.5,3.1,6-6-6-6,39.9,408.0,2.0,ローリエフレイバー,
2021106249,マルーントリック,2025/08/03,盛岡,晴,10.0,B1,10,6.0,6,5.9,3.0,9,菅原辰徳,54.0,ダ,1400.0,良,88.1,1.6,2-5,39.7,406.0,-1.0,テルテ,
2021106249,マルーントリック,2025/07/21,盛岡,小雨,6.0,株式会社カナンフーズ(B1),10,2.0,2,4.0,3.0,2,及川裕一,54.0,ダ,1400.0,稍,87.1,0.0,2-2,37.9,407.0,4.0,プリティキッス,28.0
2021106249,マルーントリック,2025/07/06,盛岡,曇,10.0,西和賀弁天島賞(B1),11,8.0,11,27.9,7.0,8,佐々木志,54.0,ダ,1400.0,良,85.7,1.1,3-5,38.5,403.0,-10.0,ビッグタマテルーフ,
2021106249,マルーントリック,2025/06/24,水沢,晴,9.0,B1,10,2.0,2,19.4,5.0,4,佐々木志,54.0,ダ,1400.0,稍,89.3,1.0,4-4-4-3,39.4,413.0,6.0,キャンドルベリー,10.4
2021106249,マルーントリック,2025/06/09,水沢,曇,10.0,プルメリア賞(B1),10,1.0,1,4.4,2.0,4,山本聡哉,54.0,ダ,1400.0,良,90.7,0.3,4-3-5-4,41.3,407.0,0.0,ソルデベラーノ,10.4
2021106249,マルーントリック,2025/05/27,盛岡,晴,12.0,マグオート賞(B1),11,2.0,2,22.8,7.0,9,佐々木志,54.0,ダ,1200.0,良,74.8,2.6,8-11,38.2,407.0,1.0,サンダビューク,
2021106249,マルーントリック,2025/05/05,盛岡,晴,11.0,夢・希望未来へ前進(B1),9,2.0,2,6.8,5.0,8,村上忍,54.0,ダ,1200.0,稍,74.9,1.9,7-7,38.2,406.0,-3.0,フェンドオフ,
2021106249,マルーントリック,2025/04/22,水沢,晴,9.0,B1,10,2.0,2,48.7,7.0,5,佐々木志,54.0,ダ,850.0,良,52.6,0.8,7-7,36.7,409.0,5.0,ノーサイド,5.6
2021106249,マルーントリック,2025/03/25,水沢,晴,11.0,タンザナイト賞(B1),11,2.0,2,23.2,6.0,10,佐々木志,54.0,ダ,1600.0,良,104.9,1.7,4-4-10-10,41.5,404.0,0.0,トキノパイレーツ,
2021106249,マルーントリック,2025/03/18,水沢,晴,12.0,菫特別(A),11,6.0,6,21.1,7.0,9,佐々木志,54.0,ダ,1600.0,重,103.0,2.2,2-2-4-8,41.3,404.0,-3.0,サトノミスチーフ,
2021106249,マルーントリック,2024/12/28,水沢,曇,12.0,夢・希望未来へ前進(B1),11,7.0,10,6.2,5.0,1,出水拓人,54.0,ダ,1400.0,不,87.7,-0.1,2-2-1-1,37.8,407.0,-1.0,(サンエイコンドル),75.0
2021106249,マルーントリック,2024/12/18,水沢,曇,12.0,ローズクォーツ賞(B1),12,7.0,10,30.6,8.0,1,佐々木志,54.0,ダ,1400.0,不,87.6,0.0,2-2-2-1,38.5,408.0,-4.0,(アーバンキッド),75.0
2021106249,マルーントリック,2024/11/26,水沢,晴,12.0,初冬特別(A),12,8.0,12,113.7,9.0,8,佐々木志,53.0,ダ,1600.0,稍,104.8,2.2,2-2-3-6,40.9,412.0,1.0,ゼットセントラル,
2021106249,マルーントリック,2024/11/12,盛岡,曇,12.0,2024盛岡ファイナ(A),12,3.0,3,24.5,8.0,6,佐々木志,53.0,ダ,1600.0,良,101.4,1.3,4-4,39.8,411.0,-2.0,マイネルアストリア,
2021106249,マルーントリック,2024/10/29,盛岡,晴,9.0,紅葉特別(A),10,4.0,4,47.4,7.0,5,佐々木志,53.0,ダ,1600.0,稍,101.2,1.2,6-8,38.4,413.0,-1.0,ハクシンパーソナル,8.1
2021106249,マルーントリック,2024/10/14,盛岡,晴,10.0,寒露特別(A),11,6.0,6,10.1,4.0,8,佐々木志,53.0,ダ,1600.0,良,102.2,1.5,2-6,39.6,414.0,3.0,バウンスライト,
2021106249,マルーントリック,2024/09/22,水沢,曇,12.0,オータムティアラ(重賞),12,7.0,10,97.8,8.0,8,佐々木志,54.0,ダ,1900.0,不,123.2,2.5,5-7-8-7,41.0,411.0,-3.0,リケアマロン,
2021106249,マルーントリック,2024/09/03,盛岡,晴,10.0,不来方賞(JpnII),12,3.0,3,706.2,11.0,10,佐々木志,54.0,ダ,2000.0,稍,128.6,5.4,10-11-11-10,39.5,414.0,0.0,サンライズジパング,
2021106249,マルーントリック,2024/08/13,盛岡,雨,12.0,はまなす賞(3歳),7,1.0,1,11.3,4.0,1,佐々木志,54.0,ダ,1600.0,不,98.0,-0.3,1-1,37.1,414.0,-2.0,(ラブショック),200.0
2021106249,マルーントリック,2024/07/14,盛岡,曇,11.0,やまびこ賞(重賞),10,8.0,9,149.1,10.0,9,佐々木志,54.0,ダ,1800.0,良,117.1,3.8,7-7-6-9,40.2,416.0,5.0,サクラトップキッド,
2021106249,マルーントリック,2024/06/16,水沢,雨,12.0,東北優駿(重賞),10,1.0,1,85.6,8.0,9,佐々木志,54.0,ダ,2000.0,良,133.9,5.7,9-9-9-9,41.4,411.0,-4.0,フジユージーン,
2021106249,マルーントリック,2024/06/02,水沢,雨,11.0,ウイナーC(重賞),11,5.0,5,21.7,7.0,4,村上忍,54.0,ダ,1400.0,重,87.9,0.5,6-5-4-3,38.6,415.0,1.0,ミヤギシリウス,39.0
2021106249,マルーントリック,2024/05/21,盛岡,晴,5.0,3歳,10,5.0,5,7.1,2.0,4,村上忍,54.0,ダ,1000.0,稍,62.2,0.4,3-5,38.3,414.0,-2.0,ゴーゴーダンサー,9.8
2021106249,マルーントリック,2024/04/21,水沢,晴,11.0,留守杯日高賞(重賞),12,2.0,2,314.3,10.0,7,佐々木志,54.0,ダ,1600.0,良,105.9,1.8,10-9-9-8,39.7,416.0,10.0,エレノーラ,
2021106249,マルーントリック,2024/03/24,水沢,晴,12.0,あやめ賞(重賞),12,6.0,7,43.4,6.0,9,菅原辰徳,54.0,ダ,1400.0,稍,92.2,2.9,2-2-3-6,42.7,406.0,-6.0,ミヤギシリウス,
2021106249,マルーントリック,2023/12/30,水沢,曇,10.0,金杯(重賞),8,5.0,5,6.2,5.0,4,山本政聡,54.0,ダ,1600.0,重,104.1,0.4,2-2-2-3,39.1,412.0,-1.0,リトルカリッジ,45.5
2021106249,マルーントリック,2023/12/10,水沢,曇,11.0,寒菊賞(重賞),8,2.0,2,3.6,3.0,3,村上忍,54.0,ダ,1600.0,重,103.2,0.7,2-2-1-2,38.8,413.0,-2.0,レッドオパール,60.0
2021106249,マルーントリック,2023/11/26,水沢,晴,6.0,フューチャーステップ(2歳),9,1.0,1,4.1,2.0,2,村上忍,54.0,ダ,1600.0,不,102.0,0.1,3-3-2-2,39.0,415.0,-7.0,ドリームキャッチ,105.0
2021106249,マルーントリック,2023/10/25,門別,晴,6.0,2歳3組,10,8.0,9,6.1,3.0,1,小野楓馬,54.0,ダ,1200.0,稍,75.3,-0.3,3-3,38.5,422.0,-4.0,(ヒーローオーソ),60.0
2021106249,マルーントリック,2023/10/11,門別,晴,5.0,2歳3組,10,5.0,5,14.5,7.0,6,松井伸也,54.0,ダ,1700.0,稍,114.6,2.8,2-2-2-3,41.9,426.0,0.0,シシュフォス,
2021106249,マルーントリック,2023/09/28,門別,雨,6.0,2歳3組,10,8.0,9,30.0,7.0,5,服部茂史,54.0,ダ,1200.0,稍,76.2,0.6,4-2,40.3,426.0,-10.0,ヴィヴァムーン,4.2
2021106249,マルーントリック,2023/09/14,門別,雨,5.0,2歳3組,7,5.0,5,,,取,岩橋勇二,54.0,ダ,1200.0,不,,,,,,,インターセプト,
2021106249,マルーントリック,2023/08/31,門別,曇,4.0,2歳3組,7,7.0,7,11.9,6.0,2,岩橋勇二,54.0,ダ,1200.0,稍,76.3,0.1,3-3,39.3,436.0,28.0,プレストライズ,16.8
2021106249,マルーントリック,2023/07/11,門別,雨,1.0,2歳未勝利(未勝利),7,6.0,6,1.3,1.0,1,小野楓馬,54.0,ダ,1000.0,稍,63.3,-0.6,1-1,39.1,408.0,-6.0,(エザグランマ),50.0
2021106249,マルーントリック,2023/06/15,門別,曇,4.0,JRA認定フレッシュ(新馬)(2歳),8,1.0,1,8.1,5.0,2,小野楓馬,54.0,ダ,1000.0,稍,63.0,0.6,3-3,38.8,414.0,0.0,モノノフブラック,70.0
2022106894,ファリア,2026/07/12,盛岡,小雨,10.0,ラビットイヤー賞(B2),10,6.0,6,73.0,8.0,4,阿部英俊,56.0,ダ,1400.0,不,84.9,1.0,6-7,36.4,451.0,-4.0,ノヴェルウェイ,7.8
2022106894,ファリア,2026/06/16,水沢,晴,10.0,B2,12,8.0,11,307.2,12.0,5,阿部英俊,56.0,ダ,1600.0,良,104.1,2.4,12-11-11-9,39.5,455.0,-11.0,ブレイクバウンズ,4.2
2022106894,ファリア,2026/06/01,水沢,晴,10.0,シベリアンアイリス賞(B1B2),10,7.0,7,90.7,9.0,10,阿部英俊,57.0,ダ,1600.0,良,107.1,2.9,5-6-6-8,42.0,466.0,10.0,ウィンターサン,
2022106894,ファリア,2026/05/17,盛岡,晴,10.0,B1三組,12,7.0,9,210.8,12.0,8,阿部英俊,56.0,ダ,1600.0,良,101.1,3.0,9-10,39.1,456.0,-3.0,ミライヘノシンゲキ,
2022106894,ファリア,2026/05/05,盛岡,晴,10.0,コスプレ&アニメfe(B1),11,7.0,9,54.8,9.0,10,阿部英俊,56.0,ダ,1400.0,重,87.5,1.8,9-10,39.4,459.0,1.0,ナイスカプチーノ,
2022106894,ファリア,2026/04/21,水沢,晴,10.0,B2,12,8.0,12,12.1,6.0,10,阿部英俊,57.0,ダ,1400.0,良,92.9,2.2,9-10-10-9,41.7,458.0,-4.0,コスモモカ,
2022106894,ファリア,2026/04/05,水沢,曇,9.0,岩手伝統工芸岩谷堂箪(B1B2),12,7.0,9,5.8,4.0,9,村上忍,56.0,ダ,1600.0,重,102.4,1.1,6-8-8-10,39.0,462.0,3.0,スナイチゴールド,
2022106894,ファリア,2026/03/22,水沢,晴,8.0,B2一組,10,1.0,1,1.6,1.0,1,村上忍,56.0,ダ,1600.0,良,106.3,0.0,4-3-5-3,40.6,459.0,-2.0,(レゾンドゥスリール),60.0
2022106894,ファリア,2026/03/08,水沢,曇,10.0,B1三組,9,6.0,6,4.3,4.0,3,村上忍,56.0,ダ,1600.0,稍,105.8,0.6,4-4-4-4,40.4,461.0,9.0,ヤマニンビロー,16.0
2022106894,ファリア,2025/12/31,水沢,曇,10.0,来年もよろしく!東ス(C1),12,2.0,2,4.7,4.0,1,石川倭,56.0,ダ,1400.0,重,87.4,-0.3,5-5-6-2,38.0,452.0,-1.0,(エイシンデュエラー),50.0
2022106894,ファリア,2025/12/16,水沢,小雨,11.0,イーストスタッド特別(C1),11,8.0,11,10.0,5.0,3,阿部英俊,56.0,ダ,1600.0,重,101.5,0.0,4-5-4-3,38.7,453.0,-1.0,ユウユウスプレマン,10.0
2022106894,ファリア,2025/12/02,水沢,曇,10.0,レックススタッド特別(C1),10,7.0,8,6.5,2.0,1,阿部英俊,56.0,ダ,1400.0,稍,89.9,-0.1,8-5-3-3,39.5,454.0,6.0,(アウフヴィント),50.0
2022106894,ファリア,2025/11/18,盛岡,曇,11.0,ペラルゴニウム賞(C1),11,8.0,10,12.1,5.0,8,阿部英俊,56.0,ダ,1600.0,良,103.3,2.2,3-5,41.3,448.0,4.0,ハクシンダンス,
2022106894,ファリア,2025/11/02,盛岡,曇,8.0,C1五組,12,6.0,8,52.3,7.0,2,阿部英俊,56.0,ダ,1400.0,重,86.5,0.6,3-3,39.0,444.0,3.0,チビアーサー,17.5
2022106894,ファリア,2025/10/14,盛岡,曇,1.0,C2四組,9,2.0,2,2.9,2.0,1,阿部英俊,56.0,ダ,1400.0,良,87.6,-0.2,6-3,39.1,441.0,-3.0,(アルピナセブン),40.0
2022106894,ファリア,2025/10/06,水沢,曇,4.0,C2六組,10,4.0,4,11.4,2.0,2,阿部英俊,56.0,ダ,1400.0,稍,90.7,0.1,6-5-3-2,39.1,444.0,-3.0,トウカイディアマン,14.0
2022106894,ファリア,2025/09/29,水沢,曇,4.0,C2六組,10,7.0,7,5.2,4.0,3,阿部英俊,56.0,ダ,1300.0,不,83.1,1.3,5-5-3-3,40.1,447.0,2.0,メイショウユウモウ,8.0
2022106894,ファリア,2025/09/22,水沢,晴,4.0,3歳C2四組,11,2.0,2,8.7,4.0,3,坂井瑛音,54.0,ダ,1300.0,稍,83.4,0.5,7-7-5-5,39.0,445.0,-13.0,トリクロマティック,10.0
2022106894,ファリア,2025/08/16,1札幌7,晴,6.0,3歳未勝利,14,3.0,3,190.9,12.0,10,古川奈穂,54.0,ダ,1700.0,良,108.9,2.2,9-9-9-9,39.8,458.0,8.0,ミスティマウンテン,
2022106894,ファリア,2025/07/20,1函館12,晴,6.0,3歳未勝利,16,7.0,14,180.7,15.0,13,柴田裕一,54.0,芝,1200.0,良,69.8,1.4,15-16,34.3,450.0,6.0,ヒットザグラウンド,
2022106894,ファリア,2025/07/13,1函館10,晴,3.0,3歳未勝利,16,1.0,2,92.0,14.0,9,古川奈穂,54.0,芝,1200.0,良,69.8,0.8,12-12,33.7,444.0,-6.0,ルブリアン,
2022106894,ファリア,2025/06/29,1函館6,曇,3.0,3歳未勝利,12,3.0,3,74.7,8.0,8,古川奈穂,54.0,芝,1200.0,良,69.7,0.6,9-9,34.6,450.0,4.0,ペイシャアーサー,
2022106894,ファリア,2025/06/21,1函館3,曇,1.0,3歳未勝利,16,2.0,4,231.7,15.0,7,古川奈穂,54.0,芝,1200.0,良,69.3,0.5,13-11,34.5,446.0,2.0,グッバイウェーブ,
2022106894,ファリア,2025/06/15,1函館2,晴,3.0,3歳未勝利,12,8.0,12,80.3,11.0,11,斎藤新,57.0,ダ,1000.0,良,60.7,2.1,11-11,35.4,444.0,-2.0,トーアジョウトウ,
2022106894,ファリア,2025/04/26,2東京1,曇,2.0,3歳未勝利,16,7.0,13,116.8,12.0,16,佐々木大,57.0,ダ,1400.0,稍,88.0,2.2,11-10,38.2,446.0,-6.0,アイアムイチバン,
2022106894,ファリア,2025/04/06,3中山4,曇,2.0,3歳未勝利,16,7.0,13,19.1,5.0,7,杉原誠人,57.0,ダ,1200.0,稍,74.2,1.6,12-12,37.7,452.0,2.0,クインズシフォン,
2022106894,ファリア,2025/03/15,2中山5,晴,3.0,3歳未勝利,16,2.0,3,36.3,7.0,4,杉原誠人,57.0,ダ,1200.0,稍,73.1,1.0,8-7,37.8,450.0,-6.0,ラストシャリナ,84.0
2022106894,ファリア,2025/02/15,1東京5,晴,1.0,3歳未勝利,16,3.0,5,129.3,13.0,6,杉原誠人,57.0,ダ,1400.0,良,88.1,0.5,12-12,37.9,456.0,16.0,マイネルブリオン,
2022106894,ファリア,2024/11/03,5東京2,晴,1.0,2歳未勝利,15,4.0,7,257.9,14.0,10,木幡巧也,56.0,芝,1400.0,良,83.4,1.3,10-12,34.7,440.0,0.0,フェルシナ,
2022106894,ファリア,2024/10/19,4東京5,晴,6.0,2歳新馬,17,8.0,15,202.9,16.0,8,木幡巧也,56.0,芝,1400.0,良,84.0,1.1,7-7,34.6,440.0,0.0,コルチェスター,
2019100208,ウインチャチャ,2026/07/13,盛岡,曇,9.0,B2,12,7.0,9,44.3,9.0,9,佐々木志,54.0,ダ,1400.0,重,87.0,1.7,6-7,39.6,465.0,-4.0,インディーフィルム,
2019100208,ウインチャチャ,2026/06/29,盛岡,晴,10.0,ソウルラッシュ特別(B2),12,2.0,2,18.1,8.0,9,山本政聡,54.0,ダ,1400.0,良,86.3,1.7,6-9,38.4,469.0,8.0,ロングウッド,
2019100208,ウインチャチャ,2026/06/14,水沢,晴,12.0,チャイナアスタ賞(B2),10,1.0,1,5.3,3.0,4,山本政聡,54.0,ダ,1400.0,稍,88.8,0.5,5-5-5-4,39.3,461.0,6.0,インディーフィルム,7.8
2019100208,ウインチャチャ,2026/06/02,水沢,晴,12.0,夢・希望未来へ前進(B2),11,5.0,5,3.1,1.0,1,山本政聡,54.0,ダ,1400.0,良,89.6,-0.1,6-6-4-4,40.1,455.0,-3.0,(ブリスタイム),60.0
2019100208,ウインチャチャ,2026/05/17,盛岡,晴,9.0,七折の滝賞(B2),11,1.0,1,14.6,7.0,3,山本政聡,54.0,ダ,1400.0,良,87.5,0.9,11-7,38.7,458.0,-3.0,ハーツケリー,12.0
2019100208,ウインチャチャ,2026/05/04,盛岡,小雨,7.0,B2,12,4.0,4,8.4,3.0,8,関本玲花,52.0,ダ,1400.0,不,86.8,1.4,4-6,39.7,461.0,2.0,キャピタルプレイン,
2019100208,ウインチャチャ,2026/04/21,水沢,晴,10.0,B2,12,3.0,3,28.1,7.0,7,小林凌,54.0,ダ,1400.0,良,91.8,1.1,5-6-4-4,41.5,459.0,2.0,コスモモカ,
2019100208,ウインチャチャ,2026/04/07,水沢,曇,10.0,B2,11,1.0,1,46.9,8.0,5,小林凌,54.0,ダ,1400.0,稍,89.4,1.1,7-7-7-7,38.6,457.0,5.0,ナイスカプチーノ,4.2
2019100208,ウインチャチャ,2026/03/08,水沢,曇,9.0,続石賞(B1B2),11,2.0,2,7.8,4.0,4,小林凌,55.0,ダ,1400.0,稍,92.5,1.1,2-2-1-2,41.1,452.0,-19.0,アーバンキッド,10.4
2019100208,ウインチャチャ,2025/10/26,盛岡,小雨,10.0,豊間根川源流賞(B1),11,7.0,9,75.9,10.0,11,大坪慎,54.0,ダ,1400.0,稍,88.7,1.9,6-11,39.7,471.0,-4.0,アダマスミノル,
2019100208,ウインチャチャ,2025/10/12,盛岡,小雨,11.0,B1,7,6.0,6,11.9,4.0,6,大坪慎,54.0,ダ,1400.0,稍,87.8,2.6,3-5,39.1,475.0,9.0,パイアイヤー,
2019100208,ウインチャチャ,2025/09/14,水沢,晴,9.0,幽玄洞賞(B1),10,8.0,10,11.3,5.0,7,大坪慎,54.0,ダ,1400.0,稍,89.4,1.3,4-3-4-5,39.5,466.0,-1.0,タイセイアゲイン,
2019100208,ウインチャチャ,2025/08/31,盛岡,晴,9.0,くずまき秋まつり賞(B1),11,4.0,4,1.9,1.0,5,大坪慎,54.0,ダ,1400.0,良,86.8,0.9,3-3,38.5,467.0,4.0,マコトダイトウレン,5.6
2019100208,ウインチャチャ,2025/08/18,盛岡,晴,12.0,秋桜賞(B1),10,6.0,6,6.5,3.0,8,大坪慎,54.0,ダ,1400.0,稍,87.2,1.3,6-6,39.3,463.0,3.0,テルテ,
2019100208,ウインチャチャ,2025/08/03,盛岡,晴,11.0,夢・希望未来へ前進(B1),11,1.0,1,7.7,5.0,2,大坪慎,54.0,ダ,1400.0,良,86.5,0.3,3-2,38.5,460.0,-1.0,キャンドルベリー,28.0
2019100208,ウインチャチャ,2025/07/21,盛岡,曇,7.0,セクシーモンスター馬(B1),11,6.0,6,3.8,1.0,3,大坪慎,54.0,ダ,1400.0,稍,87.3,0.2,5-6,38.3,461.0,4.0,ツルマルベル,16.0
2019100208,ウインチャチャ,2025/07/06,盛岡,曇,10.0,西和賀弁天島賞(B1),11,2.0,2,1.7,1.0,2,大坪慎,54.0,ダ,1400.0,良,84.7,0.1,4-3,37.4,457.0,1.0,ビッグタマテルーフ,28.0
2019100208,ウインチャチャ,2025/06/22,水沢,曇,8.0,B1,8,2.0,2,2.2,1.0,1,大坪慎,54.0,ダ,1400.0,良,88.4,-1.3,1-1-1-1,38.8,456.0,7.0,(アーバンキッド),80.0
2019100208,ウインチャチャ,2025/06/09,水沢,曇,9.0,B1,9,6.0,6,6.4,3.0,3,大坪慎,54.0,ダ,1400.0,良,89.0,0.3,4-3-3-3,39.7,449.0,-7.0,エイシントゥラン,16.0
2019100208,ウインチャチャ,2025/05/27,盛岡,晴,9.0,B1二組,11,6.0,6,23.2,6.0,5,大坪慎,54.0,ダ,1600.0,良,100.5,0.9,3-4,39.3,456.0,3.0,マウリノ,5.6
2019100208,ウインチャチャ,2025/03/31,船橋,曇,9.0,石の上にも三年記念(B3),9,1.0,1,38.9,9.0,7,笠野雄大,54.0,ダ,1200.0,良,76.8,2.6,8-7-6,39.7,453.0,2.0,タマモアルタイル,
2019100208,ウインチャチャ,2025/03/10,船橋,晴,10.0,ルピナススプリント(B3),12,7.0,10,50.1,11.0,12,笠野雄大,54.0,ダ,1200.0,稍,77.3,2.0,6-6-7,39.6,451.0,-7.0,ゴールデンスイープ,
2019100208,ウインチャチャ,2025/02/10,船橋,晴,9.0,浜風スプリント(B3),12,5.0,6,17.8,8.0,5,笠野雄大,54.0,ダ,1200.0,良,74.9,1.0,4-5-4,38.9,458.0,-4.0,クラウンブラヴォー,27.0
2019100208,ウインチャチャ,2025/01/24,船橋,晴,8.0,ポルックススプリント(C1),12,2.0,2,4.2,2.0,5,笠野雄大,54.0,ダ,1200.0,良,75.9,1.1,9-10-7,38.2,462.0,-2.0,ベストフィールド,18.0
2019100208,ウインチャチャ,2025/01/04,川崎,晴,9.0,黒豆賞(C1二),12,5.0,6,4.5,2.0,4,笠野雄大,54.0,ダ,1400.0,良,92.4,0.5,2-2-2-3,40.9,464.0,-3.0,ヘクトプリンセス,27.0
2019100208,ウインチャチャ,2024/12/17,船橋,晴,8.0,フリージアスプリント(B3),12,1.0,1,25.6,9.0,6,笠野雄大,54.0,ダ,1200.0,良,74.7,0.5,5-4-4,38.4,467.0,8.0,スマイルナウ,
2019100208,ウインチャチャ,2024/09/23,船橋,晴,10.0,リコリススプリント(B3),8,3.0,3,3.8,2.0,8,笠野雄大,54.0,ダ,1200.0,良,76.7,1.4,2-2-2,40.3,459.0,2.0,マイレレイ,
2019100208,ウインチャチャ,2024/09/05,川崎,晴,9.0,日和風特別(B3),14,8.0,13,6.2,3.0,2,笠野雄大,54.0,ダ,1600.0,稍,106.5,0.2,4-5-1-3,39.9,457.0,1.0,ブラックロータス,96.0
2019100208,ウインチャチャ,2024/08/08,川崎,曇,6.0,兜賞(C1二),12,8.0,12,22.9,10.0,1,笠野雄大,54.0,ダ,1400.0,良,90.4,-0.3,2-2-2-1,39.6,456.0,-5.0,(トレイトセオリー),180.0
2019100208,ウインチャチャ,2024/07/18,船橋,晴,12.0,韋駄天走賞(C1五),12,3.0,3,12.9,6.0,1,所蛍,51.0,ダ,1200.0,重,76.0,-0.1,4-4-4,39.0,461.0,10.0,(キラット),120.0
2019100208,ウインチャチャ,2024/06/27,船橋,曇,6.0,ハナカンザシスプリン(C2),8,1.0,1,38.5,6.0,1,所蛍,51.0,ダ,1200.0,良,75.7,-0.1,4-4-4,38.2,451.0,16.0,(ミーナティエルナ),150.0
2019100208,ウインチャチャ,2024/04/29,船橋,曇,9.0,昭和の日記念(C2),13,6.0,9,69.9,9.0,6,所蛍,51.0,ダ,1600.0,稍,106.2,1.9,5-5-5-4,41.7,435.0,0.0,ビットコイン,
2019100208,ウインチャチャ,2024/04/14,船橋,晴,8.0,ハルシャギクスプリン(C2),10,2.0,2,120.6,9.0,9,所蛍,51.0,ダ,1200.0,稍,77.6,2.7,4-6-7,41.0,435.0,4.0,ザビッグマン,
2019100208,ウインチャチャ,2024/03/25,浦和,曇,8.0,幸手桜トンネル賞(C2),12,5.0,6,48.2,6.0,3,所蛍,51.0,ダ,1400.0,稍,91.0,0.8,5-4-3-4,39.8,431.0,-4.0,アルファゼウス,25.0
2019100208,ウインチャチャ,2024/03/05,船橋,雨,6.0,C2二三,12,3.0,3,41.2,7.0,8,所蛍,51.0,ダ,1200.0,稍,77.9,1.5,3-3-5,40.1,435.0,-5.0,ローズパイ,
2019100208,ウインチャチャ,2024/02/07,船橋,晴,8.0,馬い!紅卵はサンサン(C2),11,2.0,2,8.0,6.0,8,所蛍,51.0,ダ,1200.0,重,77.5,1.3,1-1-1,40.9,440.0,-4.0,ヴェニーレ,
2019100208,ウインチャチャ,2024/01/16,船橋,晴,5.0,タルマエの今日もけっ(C2三),12,6.0,7,13.5,5.0,4,所蛍,51.0,ダ,1200.0,良,76.5,0.4,5-4-3,39.3,444.0,0.0,リュウノマサムネ,15.0
2019100208,ウインチャチャ,2023/09/28,船橋,晴,6.0,C2選抜馬,10,3.0,3,11.4,6.0,1,所蛍,51.0,ダ,1200.0,良,74.8,-0.2,4-4-4,38.1,444.0,0.0,(ヴィッカース),110.0
2019100208,ウインチャチャ,2023/08/28,浦和,晴,9.0,女郎花特別(C2),11,7.0,8,11.6,5.0,9,和田譲治,54.0,ダ,1400.0,良,91.7,1.5,7-5-4-7,41.5,444.0,-1.0,ヴェルデヴェント,
2019100208,ウインチャチャ,2023/08/05,船橋,晴,9.0,馬い!初生み卵はサン(C2),9,4.0,4,22.5,5.0,4,和田譲治,54.0,ダ,1200.0,良,76.0,2.7,6-6-5,39.0,445.0,-2.0,ジゼル,22.5
2019100208,ウインチャチャ,2023/07/25,船橋,晴,2.0,C2選抜馬,11,5.0,5,16.6,5.0,9,和田譲治,54.0,ダ,1200.0,良,77.2,2.5,2-2-1,41.7,447.0,5.0,リアンメイ,
2019100208,ウインチャチャ,2023/04/13,船橋,晴,7.0,ハルシャギクスプリン(C2),11,3.0,3,,,除,和田譲治,54.0,ダ,1200.0,良,,,,,447.0,5.0,レイジングリヴァー,
2019100208,ウインチャチャ,2023/04/03,川崎,晴,7.0,イースター賞(C2二),12,6.0,8,6.3,3.0,2,和田譲治,54.0,ダ,1400.0,良,94.0,0.2,6-6-6-4,42.5,442.0,-10.0,ウインオワーズ,60.0
2019100208,ウインチャチャ,2023/03/14,船橋,晴,6.0,馬い!淡路の新玉ねぎ(C2),12,6.0,7,22.1,5.0,2,和田譲治,54.0,ダ,1500.0,良,100.4,0.5,4-5-4-4,40.1,452.0,3.0,ヴェニーレ,40.0
2019100208,ウインチャチャ,2023/02/13,浦和,雨,8.0,C2三四,12,3.0,3,10.3,2.0,5,和田譲治,54.0,ダ,1400.0,不,91.5,3.0,8-7-5-4,40.5,449.0,6.0,アンジュレイ,10.0
2019100208,ウインチャチャ,2023/02/01,川崎,晴,8.0,川崎記念3連覇ホッコ(C2五),14,4.0,5,4.1,1.0,2,和田譲治,54.0,ダ,1500.0,良,99.8,0.0,4-4-5-2,41.1,443.0,-10.0,ウインプロヴァンス,40.0
2019100208,ウインチャチャ,2023/01/17,船橋,晴,7.0,C2四五,12,1.0,1,6.6,3.0,8,和田譲治,54.0,ダ,1200.0,良,79.3,1.5,6-8-7,40.6,453.0,3.0,サバンナキャット,
2019100208,ウインチャチャ,2022/12/17,船橋,曇,10.0,C2三四,10,2.0,2,3.6,2.0,6,和田譲治,54.0,ダ,1200.0,良,78.1,1.5,4-5-3,40.5,450.0,0.0,プロティオスミノル,
2019100208,ウインチャチャ,2022/12/01,船橋,曇,5.0,C2六七,9,4.0,4,2.4,1.0,2,和田譲治,54.0,ダ,1200.0,良,77.8,0.1,2-2-1,40.8,450.0,-5.0,クルベリ,40.0
2019100208,ウインチャチャ,2022/09/29,船橋,曇,4.0,3歳五,11,8.0,11,3.7,2.0,1,和田譲治,54.0,ダ,1200.0,良,74.9,-0.2,3-3-3,38.0,455.0,0.0,(ソーブラック),140.0
2019100208,ウインチャチャ,2022/08/21,高知,曇,5.0,3歳ー4,9,1.0,1,1.9,1.0,2,多田羅誠,54.0,ダ,1400.0,稍,92.9,0.5,1-1-1-2,40.7,455.0,0.0,シンギングロード,21.0
2019100208,ウインチャチャ,2022/07/30,高知,雨,2.0,祝城ヶ崎莉嘉生誕特別(3歳),9,3.0,3,1.5,1.0,1,多田羅誠,54.0,ダ,800.0,不,48.7,-0.2,1-1,35.9,455.0,2.0,(ハニートラップ),60.0
2019100208,ウインチャチャ,2022/07/17,高知,晴,5.0,3歳ー3,12,6.0,7,4.7,2.0,2,多田羅誠,54.0,ダ,1300.0,不,85.6,0.1,1-1-1-1,40.6,453.0,3.0,ポンテドラーゴ,21.0
2019100208,ウインチャチャ,2022/07/02,高知,雨,1.0,3歳ー5,12,4.0,4,4.4,2.0,2,多田羅誠,54.0,ダ,1300.0,稍,87.2,0.1,3-5-3-1,41.4,450.0,6.0,ノーブルブロンド,21.0
2019100208,ウインチャチャ,2022/05/28,3中京7,晴,1.0,3歳未勝利,16,3.0,6,205.5,15.0,13,高倉稜,54.0,ダ,1800.0,重,118.5,5.0,4-4-3-5,43.8,444.0,4.0,マルヨミニスター,
2019100208,ウインチャチャ,2022/05/14,3中京3,曇,1.0,3歳未勝利,16,5.0,10,249.3,14.0,9,高倉稜,54.0,ダ,1800.0,不,116.5,2.3,13-12-8-8,39.9,440.0,-4.0,クインズグレイト,
2019100208,ウインチャチャ,2022/03/12,2中京1,晴,2.0,3歳未勝利,13,8.0,13,197.4,13.0,10,高倉稜,54.0,ダ,1800.0,良,118.2,2.1,13-13-5-7,40.7,444.0,0.0,タガノカンデラ,
2019100208,ウインチャチャ,2022/02/27,2小倉6,晴,2.0,3歳未勝利,16,7.0,13,286.6,15.0,15,亀田温心,53.0,芝,1800.0,良,110.6,2.5,11-10-14-15,36.7,444.0,0.0,サトノルフィアン,
2019100208,ウインチャチャ,2022/02/06,1小倉8,晴,7.0,3歳未勝利,16,3.0,6,41.0,12.0,13,松本大輝,51.0,芝,1800.0,良,111.6,3.1,10-11-14-13,37.8,444.0,10.0,パフィリア,
2019100208,ウインチャチャ,2021/11/20,5阪神5,晴,4.0,2歳未勝利,17,8.0,16,467.7,17.0,13,高倉稜,54.0,芝,1800.0,良,108.4,1.4,2-1,37.3,434.0,-8.0,スタティスティクス,
2019100208,ウインチャチャ,2021/11/06,5阪神1,晴,3.0,2歳未勝利,17,5.0,10,370.8,15.0,13,泉谷楓真,53.0,芝,1600.0,良,96.2,1.9,13-11,36.1,442.0,2.0,トゥードジボン,
2019100208,ウインチャチャ,2021/10/17,5新潟4,曇,5.0,2歳新馬,16,2.0,4,24.0,10.0,11,松本大輝,51.0,芝,1200.0,重,73.1,1.7,11-11,36.9,440.0,0.0,ラインアルテア,
2022106285,マナホクラニ,2026/07/13,盛岡,曇,9.0,B2,12,2.0,2,18.2,7.0,10.0,山本政聡,54.0,ダ,1400.0,重,87.5,2.2,1-2,40.8,445.0,8.0,インディーフィルム,
2022106285,マナホクラニ,2026/06/01,水沢,晴,9.0,B1B2混合,8,4.0,4,2.5,2.0,2.0,山本政聡,54.0,ダ,1400.0,良,90.3,0.0,1-2-2-2,40.8,437.0,3.0,ニューウォーク,28.0
2022106285,マナホクラニ,2026/05/17,盛岡,晴,8.0,B2,12,4.0,4,2.8,1.0,1.0,山本政聡,54.0,ダ,1400.0,良,86.5,-0.4,1-1,38.2,434.0,-7.0,(グローサーベア),60.0
2022106285,マナホクラニ,2026/04/21,水沢,晴,9.0,B2,12,2.0,2,1.7,1.0,5.0,山本政聡,54.0,ダ,1400.0,良,92.0,1.2,5-5-3-3,42.2,441.0,4.0,グッデーサイレンス,4.2
2022106285,マナホクラニ,2026/04/07,水沢,曇,9.0,B2,11,8.0,10,2.8,1.0,2.0,高松亮,54.0,ダ,1400.0,稍,89.1,0.0,3-3-2-1,39.1,437.0,1.0,サイモンノーブル,21.0
2022106285,マナホクラニ,2026/03/31,水沢,雨,8.0,C1,11,3.0,3,7.5,4.0,2.0,高松亮,55.0,ダ,1400.0,不,87.7,0.3,2-2-1-2,39.1,436.0,0.0,ノヴェルウェイ,17.5
2022106285,マナホクラニ,2026/03/15,水沢,晴,9.0,鵜の巣断崖賞(C1),11,6.0,6,1.8,1.0,1.0,山本聡哉,54.0,ダ,1400.0,良,92.8,-0.5,2-2-1-1,41.3,436.0,-1.0,(スリーヘリオス),50.0
2022106285,マナホクラニ,2025/12/31,水沢,曇,10.0,来年もよろしく!東ス(C1),12,5.0,5,34.9,8.0,6.0,山本聡紀,54.0,ダ,1400.0,重,88.8,1.4,1-1-2-3,39.8,437.0,-2.0,ファリア,
2022106285,マナホクラニ,2025/12/15,水沢,曇,10.0,C1,11,7.0,9,27.2,8.0,8.0,小林凌,54.0,ダ,1400.0,不,88.9,1.3,1-1-3-3,40.3,439.0,-7.0,タイガードラゴン,
2022106285,マナホクラニ,2025/12/01,水沢,曇,11.0,田瀬湖賞(C1),11,6.0,6,26.6,6.0,3.0,村上忍,54.0,ダ,1400.0,稍,90.7,0.9,3-3-2-2,41.0,446.0,-1.0,ヒマラヤベロス,12.0
2022106285,マナホクラニ,2025/11/18,盛岡,小雪,6.0,C1,12,5.0,5,28.0,5.0,3.0,高松亮,54.0,ダ,1200.0,良,74.6,1.6,4-3,38.8,447.0,2.0,シスター,10.0
2022106285,マナホクラニ,2025/11/01,盛岡,曇,9.0,C1,11,8.0,10,2.2,1.0,1.0,山本政聡,54.0,ダ,1400.0,不,85.9,-1.0,1-1,37.8,445.0,-7.0,(アレグロヴィーヴォ),50.0
2022106285,マナホクラニ,2025/10/20,盛岡,曇,9.0,C1四組,11,8.0,10,13.7,5.0,4.0,高松亮,54.0,ダ,1400.0,稍,87.0,0.7,3-3,38.0,452.0,7.0,クラリティー,6.5
2022106285,マナホクラニ,2025/10/07,水沢,曇,8.0,C1十組,11,3.0,3,5.7,3.0,2.0,高松亮,54.0,ダ,1400.0,稍,91.4,0.2,2-2-1-1,41.8,445.0,14.0,クロマツミッチー,17.5
2022106285,マナホクラニ,2025/09/02,盛岡,小雨,6.0,おトクにPLAYオッ(3歳B2),12,4.0,4,37.2,5.0,10.0,高松亮,54.0,ダ,1400.0,稍,87.7,1.3,2-4,39.9,431.0,3.0,ナムラクレープ,
2022106285,マナホクラニ,2025/08/19,盛岡,晴,7.0,アンバー賞(3歳),12,5.0,5,243.1,11.0,11.0,塚本涼人,54.0,芝,1700.0,良,108.6,3.7,7-9-10-11,38.6,428.0,1.0,ブドワールドール,
2022106285,マナホクラニ,2025/08/05,盛岡,晴,12.0,オパールC(重賞),14,7.0,11,176.6,14.0,6.0,筒井勇介,54.0,芝,1700.0,稍,107.2,1.8,4-5-6-6,39.3,427.0,-1.0,プチプラージュ,
2022106285,マナホクラニ,2025/07/22,盛岡,晴,9.0,オニキス賞(3歳),12,7.0,9,56.4,9.0,11.0,塚本涼人,54.0,芝,1700.0,良,107.2,3.4,1-1-2-5,40.1,428.0,-1.0,ウーバーストロング,
2022106285,マナホクラニ,2025/07/06,盛岡,曇,12.0,サファイア賞(重賞),12,4.0,4,28.3,9.0,6.0,岩本怜,54.0,芝,1700.0,良,108.0,0.7,2-2-2-2,36.5,429.0,0.0,サンカリプソ,
2022106285,マナホクラニ,2025/06/22,水沢,曇,7.0,3歳B1,9,5.0,5,51.5,6.0,3.0,及川裕一,54.0,ダ,1600.0,良,104.3,0.4,1-1-2-1,40.2,429.0,-3.0,コックリサン,16.0
2022106285,マナホクラニ,2025/06/04,門別,曇,10.0,グランシャリオドリー(C4),12,1.0,1,92.9,11.0,11.0,松井伸也,55.0,ダ,1200.0,重,77.8,3.4,1-3,42.1,432.0,2.0,アルファインディ,
2022106285,マナホクラニ,2025/05/22,門別,晴,9.0,ONーAIRDO特別(C4),11,2.0,2,15.0,3.0,6.0,桑村真明,55.0,ダ,1200.0,良,77.5,1.1,7-6,39.3,430.0,2.0,ロピア,
2022106285,マナホクラニ,2025/05/07,門別,曇,4.0,3歳以上C4ー3,12,6.0,7,30.0,7.0,8.0,桑村真明,55.0,ダ,1000.0,稍,64.4,2.8,6-7,39.9,428.0,-10.0,エリオットゲーム,
2022106285,マナホクラニ,2025/04/17,門別,晴,6.0,3歳以上C4ー3,12,6.0,8,7.6,3.0,7.0,桑村真明,55.0,ダ,1200.0,重,77.1,2.2,1-1,40.5,438.0,11.0,スリーレジェンド,
2022106285,マナホクラニ,2024/12/28,水沢,曇,7.0,2歳B2一組,12,3.0,3,21.5,5.0,1.0,桑村真明,54.0,ダ,1400.0,不,88.9,-0.8,1-1-1-1,39.8,427.0,5.0,(ランドフリード),80.0
2022106285,マナホクラニ,2024/12/16,水沢,,6.0,2歳B1,0,4.0,4,,,,高松亮,54.0,ダ,1600.0,,,,,,,,,
2022106285,マナホクラニ,2024/12/03,水沢,曇,6.0,2歳B2,10,1.0,1,35.0,6.0,5.0,高松亮,54.0,ダ,1400.0,重,92.4,1.2,1-1-2-3,42.5,422.0,-8.0,スノーミックス,5.6
2022106285,マナホクラニ,2024/11/17,水沢,曇,6.0,2歳B1,11,8.0,10,53.0,9.0,9.0,高松亮,54.0,ダ,1600.0,良,109.2,1.9,3-3-2-2,43.8,430.0,3.0,コニパ,
2022106285,マナホクラニ,2024/10/21,盛岡,晴,8.0,2歳,12,1.0,1,4.7,2.0,11.0,高松亮,54.0,ダ,1400.0,稍,92.1,3.8,1-5,43.4,427.0,2.0,ブルードプリュス,
2022106285,マナホクラニ,2024/10/07,盛岡,雨,7.0,2歳,12,6.0,8,9.9,3.0,2.0,高松亮,54.0,ダ,1400.0,稍,89.2,0.2,1-1,40.0,425.0,-1.0,アタラシイカドデニ,31.5
2022106285,マナホクラニ,2024/09/23,水沢,曇,7.0,2歳,8,3.0,3,7.0,3.0,2.0,高松亮,54.0,ダ,1400.0,重,90.7,0.5,1-1-1-1,40.8,426.0,-4.0,アタラシイカドデニ,24.5
2022106285,マナホクラニ,2024/09/09,水沢,晴,7.0,2歳,10,8.0,10,2.2,1.0,9.0,坂口裕一,54.0,ダ,1400.0,良,94.6,3.0,2-3-4-5,44.4,430.0,6.0,マルケイロジャー,
2022106285,マナホクラニ,2024/08/26,盛岡,晴,6.0,2歳,10,7.0,7,1.1,1.0,2.0,山本聡哉,54.0,ダ,1400.0,良,90.4,0.5,1-1,40.0,424.0,1.0,ユウユウコラソン,28.0
2022106285,マナホクラニ,2024/08/13,盛岡,小雨,4.0,2歳,11,8.0,10,1.3,1.0,1.0,高松亮,54.0,ダ,1200.0,不,74.7,-1.9,1-1,37.8,423.0,7.0,(モズヨカッタネ),60.0
2022106285,マナホクラニ,2024/07/02,門別,晴,3.0,2歳未勝利(未勝利),11,6.0,6,47.8,7.0,5.0,岩橋勇二,55.0,ダ,1000.0,稍,63.8,0.8,5-6,39.0,416.0,6.0,モモコラリアット,3.5
2022106285,マナホクラニ,2024/06/18,門別,曇,2.0,神楽岡公園賞(未勝利)(2歳),9,2.0,2,6.9,4.0,3.0,岩橋勇二,55.0,ダ,1100.0,良,71.2,0.4,2-3,40.8,410.0,8.0,ビトレイアル,10.5
2022106285,マナホクラニ,2024/06/05,門別,曇,3.0,JRA認定競走アタッ(未勝利)(2歳),12,7.0,9,163.2,8.0,8.0,石川倭,55.0,ダ,1000.0,良,64.4,2.3,7-8,39.0,402.0,2.0,ヴィグラスデイズ,
2022106285,マナホクラニ,2024/05/23,門別,晴,4.0,JRA認定競走アタッ(未勝利)(2歳),10,6.0,6,144.6,10.0,7.0,松井伸也,55.0,ダ,1000.0,良,64.9,3.1,6-6,40.2,400.0,-10.0,スティールブライト,
2022106285,マナホクラニ,2024/05/01,門別,晴,4.0,JRA認定競走フレッ(新馬)(2歳),9,1.0,1,15.1,6.0,8.0,桑村真明,55.0,ダ,1000.0,良,65.7,3.7,6-5,39.8,410.0,0.0,ファストワン,
2021104847,アクロスザシーズ,2026/07/13,盛岡,曇,9.0,B2,12,8.0,12,118.0,11.0,8,大坪慎,54.0,ダ,1400.0,重,87.0,1.7,7-7,39.7,460.0,20.0,インディーフィルム,
2021104847,アクロスザシーズ,2025/08/31,盛岡,晴,7.0,B2,10,2.0,2,11.7,4.0,4,山本聡哉,54.0,ダ,1400.0,良,87.9,1.9,7-7,38.9,440.0,8.0,パイアイヤー,7.8
2021104847,アクロスザシーズ,2025/08/12,盛岡,晴,9.0,C1,9,8.0,10,1.7,1.0,2,山本聡哉,54.0,ダ,1200.0,良,74.3,0.2,6-7,37.7,432.0,0.0,ミキノイチゴ,17.5
2021104847,アクロスザシーズ,2025/07/21,盛岡,曇,8.0,楽天競馬×楽天モバイ(B2),10,7.0,7,2.6,2.0,1,山本聡哉,54.0,ダ,1200.0,稍,74.8,0.0,8-9,38.0,432.0,-6.0,(ティーライトニング),60.0
2021104847,アクロスザシーズ,2025/05/27,盛岡,晴,7.0,B2,12,5.0,5,1.7,1.0,5,小林凌,54.0,ダ,1200.0,稍,75.7,1.0,9-10,38.7,438.0,2.0,スターライトテール,4.2
2021104847,アクロスザシーズ,2025/05/04,盛岡,曇,7.0,B2,10,7.0,7,2.3,1.0,1,笹川翼,54.0,ダ,1200.0,不,73.0,-0.5,2-2,37.4,436.0,8.0,(マッシリア),60.0
2021104847,アクロスザシーズ,2025/01/03,園田,晴,9.0,楽天競馬で初夢賞C2,12,5.0,6,16.3,6.0,8,長谷部駿,54.0,ダ,820.0,良,51.5,0.8,10-11,36.8,428.0,-2.0,フェブラリースカイ,
2021104847,アクロスザシーズ,2024/12/18,園田,晴,5.0,石刎町ダッシュC2二,12,4.0,4,4.0,1.0,4,長谷部駿,54.0,ダ,820.0,良,51.5,0.9,10-9,36.8,430.0,-14.0,ベイブ,12.0
2021104847,アクロスザシーズ,2024/11/21,園田,晴,12.0,シンビジウム賞C2,12,2.0,2,13.5,5.0,5,小牧太,54.0,ダ,1230.0,良,79.8,0.3,5-5-6-4,39.5,444.0,4.0,ミニマルデザイン,8.0
2021104847,アクロスザシーズ,2024/10/29,園田,雨,12.0,パール賞C2,12,8.0,11,5.1,2.0,3,小牧太,54.0,ダ,1230.0,重,81.8,0.8,9-9-6-6,40.2,440.0,14.0,ディーエストッキー,16.0
2021104847,アクロスザシーズ,2024/08/31,2中京7,小雨,3.0,3歳未勝利,16,2.0,3,16.2,7.0,11,岩田望来,55.0,ダ,1200.0,不,72.9,1.9,8-8,37.7,426.0,6.0,ブライトルピナス,
2021104847,アクロスザシーズ,2024/08/17,2中京3,晴,4.0,3歳未勝利,16,2.0,3,22.3,10.0,2,柴田裕一,52.0,ダ,1200.0,良,73.2,0.0,6-8,37.2,420.0,-8.0,マックスセレナーデ,220.0
2021104847,アクロスザシーズ,2024/06/01,4京都1,晴,1.0,3歳未勝利,16,2.0,4,41.0,10.0,11,西塚洸二,53.0,ダ,1400.0,稍,86.2,1.0,7-8,38.4,428.0,-2.0,ランスオブセヘル,
2021104847,アクロスザシーズ,2024/05/12,3京都8,曇,1.0,3歳未勝利,15,8.0,16,7.8,5.0,5,古川奈穂,51.0,ダ,1200.0,良,74.1,0.9,9-11,37.1,430.0,2.0,ノビル,55.0
2021104847,アクロスザシーズ,2024/04/20,1福島5,晴,1.0,3歳未勝利,16,4.0,7,16.5,6.0,3,古川奈穂,51.0,ダ,1150.0,良,70.0,0.3,5-5,37.6,428.0,0.0,ロードリレーション,140.0
2021104847,アクロスザシーズ,2024/02/17,2京都7,曇,1.0,3歳未勝利,15,1.0,1,327.2,14.0,5,小沢大仁,54.0,ダ,1200.0,稍,73.5,1.5,9-9,37.9,428.0,2.0,プレヴィスト,55.0
2021104847,アクロスザシーズ,2024/01/14,1小倉2,晴,2.0,3歳未勝利,18,2.0,3,200.9,17.0,12,西塚洸二,52.0,芝,1200.0,良,69.6,1.4,10-12,35.4,426.0,6.0,ナムラアトム,
2021104847,アクロスザシーズ,2023/09/17,4阪神4,晴,2.0,2歳未勝利,12,7.0,9,113.1,9.0,6,古川奈穂,51.0,ダ,1200.0,良,74.9,0.6,8-8,38.3,420.0,0.0,エフエイト,
2021104847,アクロスザシーズ,2023/09/03,3小倉8,晴,2.0,2歳未勝利,14,3.0,3,77.4,12.0,12,田口貫太,52.0,芝,1200.0,良,70.2,1.1,13-12,34.9,420.0,2.0,モンシュマン,
2021104847,アクロスザシーズ,2023/07/01,2福島1,曇,5.0,2歳新馬,13,3.0,3,5.1,2.0,11,戸崎圭太,55.0,芝,1200.0,稍,72.5,1.2,11-8,36.1,418.0,0.0,シリウスコルト,
2021104037,テリオスソラ,2026/07/13,盛岡,曇,10.0,オーキッド賞(B1),10,7.0,7,132.5,10.0,7,鈴木祐,54.0,ダ,1400.0,重,85.6,1.6,7-3,37.1,497.0,-1.0,ワガンセ,
2021104037,テリオスソラ,2026/06/28,盛岡,晴,10.0,カッパ淵賞(B1),10,4.0,4,33.8,10.0,10,菅原辰徳,54.0,ダ,1400.0,良,86.9,2.1,9-9,37.8,498.0,4.0,ポッドジャスパー,
2021104037,テリオスソラ,2026/04/06,水沢,晴,12.0,桜並木賞(B1),10,6.0,6,15.3,5.0,10,坂井瑛音,52.0,ダ,1400.0,稍,91.7,3.8,1-3-2-7,41.3,494.0,10.0,ファイナルキング,
2021104037,テリオスソラ,2026/01/26,高知,晴,6.0,フクジュソウ特別(C3),6,7.0,7,39.6,6.0,6,岡遼太郎,55.0,ダ,1300.0,良,85.9,2.7,4-4-5-6,40.0,484.0,7.0,スピードソルジャー,
2021104037,テリオスソラ,2025/12/31,高知,晴,8.0,竜虎相搏特別(C3),12,8.0,12,6.6,4.0,1,宮川実,55.0,ダ,1400.0,良,93.9,-0.5,1-1-1-1,40.7,477.0,-2.0,(エレガントウインク),60.0
2021104037,テリオスソラ,2025/12/13,高知,小雨,12.0,ファイナルレース(C3),12,8.0,12,3.4,1.0,6,宮川実,55.0,ダ,1300.0,良,87.4,0.9,2-3-3-4,41.6,479.0,3.0,ゴールドプレイ,
2021104037,テリオスソラ,2025/11/29,高知,晴,9.0,C3ー4,10,1.0,1,59.3,8.0,8,宮川実,55.0,ダ,1300.0,良,88.3,4.0,8-8-9-7,41.2,476.0,-3.0,スカンジナビア,
2021104037,テリオスソラ,2025/11/01,高知,晴,3.0,C3ー3,12,5.0,5,15.9,5.0,9,岡遼太郎,55.0,ダ,1400.0,不,93.5,2.7,2-4-5-6,40.8,479.0,-1.0,ショウサンキズナ,
2021104037,テリオスソラ,2025/10/19,高知,曇,8.0,C3ー4,8,4.0,4,3.9,3.0,3,岡遼太郎,55.0,ダ,1300.0,稍,86.2,1.2,2-2-2-2,40.1,480.0,1.0,ジャスパージャック,15.0
2021104037,テリオスソラ,2025/10/05,高知,晴,9.0,ダリア特別(C3),8,4.0,4,28.1,6.0,7,宮川実,55.0,ダ,1400.0,重,92.7,2.7,4-4-5-6,40.1,479.0,-5.0,アティード,
2021104037,テリオスソラ,2025/09/13,高知,曇,8.0,C3ー7,11,4.0,4,4.7,3.0,2,宮川実,55.0,ダ,1300.0,重,85.1,1.2,1-1-1-2,41.1,484.0,0.0,イエルバブエナ,24.0
2021104037,テリオスソラ,2025/08/17,3中京8,晴,10.0,3歳以上1勝クラス,16,8.0,15,143.9,15.0,15,松若風馬,56.0,ダ,1400.0,良,87.7,3.0,13-14,40.6,484.0,14.0,エイプリルインパリ,
2021104037,テリオスソラ,2025/04/26,2京都1,晴,9.0,4歳以上1勝クラス,12,3.0,3,134.7,11.0,10,柴田裕一,53.0,芝,1400.0,良,81.5,0.7,1-1,35.2,470.0,-4.0,サダメ,
2021104037,テリオスソラ,2025/04/05,2阪神3,晴,7.0,4歳以上1勝クラス,16,1.0,1,31.3,8.0,9,幸英明,56.0,ダ,1400.0,良,86.4,1.2,8-8,39.1,474.0,2.0,サンダーバース,
2021104037,テリオスソラ,2025/01/07,笠松,曇,9.0,七草粥特別(B),8,3.0,3,1.9,1.0,5,筒井勇介,54.0,ダ,1600.0,稍,109.1,3.6,1-3-4,44.9,472.0,-5.0,トーホウビエント,3.0
2021104037,テリオスソラ,2024/12/13,笠松,曇,10.0,冬空特別(C),8,2.0,2,2.3,2.0,1,岡部誠,54.0,ダ,1600.0,良,103.7,-0.3,1-1-1,38.5,477.0,3.0,(スカイイズユアーズ),60.0
2021104037,テリオスソラ,2024/11/28,笠松,晴,3.0,C7組,10,5.0,5,1.0,1.0,1,筒井勇介,54.0,ダ,1400.0,稍,89.5,-0.6,2-2-2,39.6,474.0,5.0,(ウメテマリ),40.0
2021104037,テリオスソラ,2024/11/08,笠松,晴,11.0,オキザリス特別(C),11,8.0,10,6.5,3.0,2,筒井勇介,54.0,ダ,1400.0,良,89.4,0.6,3-2-1,39.0,469.0,-2.0,ヴァイタルピース,21.0
2021104037,テリオスソラ,2024/10/23,笠松,雨,7.0,C13組,8,1.0,1,2.2,1.0,1,渡辺竜也,54.0,ダ,1400.0,稍,89.0,-0.9,1-1-1,39.3,471.0,-15.0,(スーパーバウンディ),40.0
2021104037,テリオスソラ,2024/08/25,2札幌6,晴,2.0,3歳未勝利,14,4.0,5,235.9,12.0,11,古川吉洋,55.0,ダ,1700.0,良,110.7,3.4,1-1-2-7,41.3,486.0,14.0,プラムダンディ,
2021104037,テリオスソラ,2024/07/21,1札幌2,晴,3.0,3歳未勝利,16,4.0,8,54.0,12.0,13,角田大河,54.0,芝,1200.0,良,69.5,1.3,6-6,35.2,472.0,2.0,ファイツオン,
2021104037,テリオスソラ,2024/06/30,1函館8,晴,3.0,3歳未勝利,16,7.0,13,24.1,10.0,12,鮫島克駿,55.0,芝,1200.0,良,70.6,0.8,16-16,35.1,470.0,4.0,ルクスアドラー,
2021104037,テリオスソラ,2024/06/16,1函館4,小雨,2.0,3歳未勝利,16,2.0,4,13.6,6.0,3,鮫島克駿,55.0,芝,1200.0,良,69.5,0.1,5-5,35.1,466.0,-6.0,ヘキルリ,140.0
2021104037,テリオスソラ,2024/02/10,2小倉1,晴,1.0,3歳未勝利,14,5.0,8,20.4,7.0,9,鮫島克駿,55.0,ダ,1700.0,稍,109.2,2.0,2-2-3-4,39.3,472.0,-6.0,ルフトクス,
2021104037,テリオスソラ,2024/01/27,2京都1,曇,4.0,3歳新馬,16,7.0,13,4.3,2.0,13,和田竜二,55.0,ダ,1400.0,良,90.2,4.1,8-8,41.9,478.0,0.0,ファストレーン,
2020104296,ネバーエバー,2026/07/13,盛岡,曇,9.0,B2,12,5.0,6,30.1,8.0,4,高橋悠里,56.0,ダ,1400.0,重,85.6,0.3,8-5,38.2,445.0,2.0,インディーフィルム,7.8
2020104296,ネバーエバー,2026/06/28,盛岡,晴,8.0,B2,11,7.0,8,4.3,2.0,6,高橋悠里,56.0,ダ,1200.0,良,72.8,0.4,5-6,36.8,443.0,1.0,プリティキッス,
2020104296,ネバーエバー,2026/06/15,水沢,曇,9.0,B1,12,2.0,2,10.8,4.0,2,山本聡哉,56.0,ダ,1400.0,稍,89.0,0.6,9-9-8-5,39.0,442.0,-1.0,コスモモカ,28.0
2020104296,ネバーエバー,2026/05/31,水沢,晴,8.0,B1,10,6.0,6,11.5,4.0,3,山本聡哉,56.0,ダ,1400.0,良,90.2,0.3,8-8-5-5,40.3,443.0,5.0,コパノマロン,16.0
2020104296,ネバーエバー,2026/04/20,水沢,晴,7.0,B1,9,8.0,9,4.0,1.0,5,村上忍,56.0,ダ,1400.0,良,91.4,1.1,8-8-8-6,40.3,438.0,-3.0,マチカゼ,5.6
2020104296,ネバーエバー,2026/04/06,水沢,晴,8.0,B1,10,4.0,4,20.7,6.0,6,高橋悠里,56.0,ダ,1400.0,稍,89.6,2.2,8-8-5-5,39.9,441.0,1.0,アポロプラネット,
2020104296,ネバーエバー,2026/03/22,水沢,晴,10.0,3月22日は帯広でば(B1),10,8.0,10,3.5,1.0,2,高橋悠里,56.0,ダ,1400.0,良,90.9,0.6,8-9-6-4,39.6,440.0,1.0,ペルルセレスト,28.0
2020104296,ネバーエバー,2026/03/09,水沢,晴,11.0,B1,12,6.0,7,17.1,8.0,3,高橋悠里,56.0,ダ,1400.0,稍,90.8,0.6,9-10-10-4,40.0,439.0,-1.0,ゲンパチプライド,16.0
2020104296,ネバーエバー,2025/12/22,水沢,曇,9.0,B2,12,5.0,6,3.8,2.0,4,村上忍,56.0,ダ,1400.0,重,89.8,0.8,9-9-9-8,39.2,440.0,-1.0,スターライトテール,7.8
2020104296,ネバーエバー,2025/12/09,水沢,雪,11.0,ゴールデンジョッキー(B2),12,5.0,5,12.4,2.0,4,高松亮,56.0,ダ,1400.0,不,88.6,0.8,9-8-6-6,37.5,441.0,2.0,ショウナンナスカ,9.8
2020104296,ネバーエバー,2025/11/25,水沢,曇,12.0,ノベンバーC(B2),12,5.0,5,246.9,10.0,3,高橋悠里,56.0,ダ,1400.0,稍,90.0,1.2,9-9-11-9,39.8,439.0,0.0,ビップアクア,15.0
2020104296,ネバーエバー,2025/11/12,盛岡,晴,7.0,B2,11,7.0,9,57.5,9.0,4,高橋悠里,56.0,ダ,1200.0,良,74.3,1.2,11-11,37.1,439.0,6.0,カウネウス,7.8
2020104296,ネバーエバー,2025/09/14,水沢,晴,9.0,幽玄洞賞(B1),10,4.0,4,96.4,9.0,8,高橋悠里,56.0,ダ,1400.0,稍,89.4,1.3,8-8-10-8,38.3,433.0,-2.0,タイセイアゲイン,
2020104296,ネバーエバー,2025/08/31,盛岡,晴,9.0,くずまき秋まつり賞(B1),11,5.0,5,8.3,4.0,6,山本聡哉,56.0,ダ,1400.0,良,87.1,1.2,7-8,38.0,435.0,-6.0,マコトダイトウレン,
2020104296,ネバーエバー,2025/08/17,盛岡,曇,11.0,B1,10,8.0,10,18.4,5.0,2,高橋悠里,56.0,ダ,1200.0,良,73.6,0.3,10-10,36.5,441.0,3.0,パイアイヤー,28.0
2020104296,ネバーエバー,2025/08/03,盛岡,晴,10.0,B1,10,3.0,3,91.8,10.0,8,関本玲花,54.0,ダ,1400.0,良,87.9,1.4,8-7,38.7,438.0,-2.0,テルテ,
2020104296,ネバーエバー,2025/06/09,水沢,曇,10.0,プルメリア賞(B1),10,6.0,6,6.8,4.0,8,関本玲花,54.0,ダ,1400.0,良,91.4,1.0,7-7-5-6,41.6,440.0,-4.0,ソルデベラーノ,
2020104296,ネバーエバー,2025/05/25,盛岡,小雨,9.0,阿原山高原賞(B1),10,4.0,4,6.1,3.0,6,高橋悠里,56.0,ダ,1400.0,不,87.7,1.5,8-7,38.9,444.0,4.0,グラフィアスレディ,
2020104296,ネバーエバー,2025/05/05,盛岡,晴,10.0,コスプレ&アニメfe(B1),9,8.0,8,4.5,3.0,2,関本玲花,54.0,ダ,1200.0,稍,73.8,0.3,7-7,37.2,440.0,-4.0,キャンプファイヤー,28.0
2020104296,ネバーエバー,2025/04/21,水沢,晴,12.0,桜並木賞(B1),11,6.0,7,49.8,9.0,8,関本玲花,54.0,ダ,1400.0,稍,90.4,1.3,4-6-6-7,39.4,444.0,5.0,サンエイコンドル,
2020104296,ネバーエバー,2025/04/08,水沢,曇,11.0,B1,10,2.0,2,8.4,5.0,2,関本玲花,54.0,ダ,1400.0,良,89.2,0.7,2-2-2-1,39.5,439.0,0.0,タイセイアゲイン,28.0
2020104296,ネバーエバー,2025/03/23,水沢,晴,10.0,エメラルドピンク賞(B1),12,4.0,4,22.0,7.0,7,関本玲花,54.0,ダ,1400.0,良,90.2,0.6,3-3-3-2,39.1,439.0,-1.0,フェルサイト,
2020104296,ネバーエバー,2025/03/10,水沢,晴,9.0,B1B2混合,12,2.0,2,13.9,6.0,1,関本玲花,55.0,ダ,1400.0,稍,89.8,-0.8,2-2-1-1,39.3,440.0,1.0,(ソロフレーズ),80.0
2020104296,ネバーエバー,2024/12/31,水沢,曇,11.0,メイセイオペラメモリ(A),8,7.0,7,69.8,8.0,8,菅原辰徳,56.0,ダ,1600.0,不,103.5,3.6,5-5-8-7,41.3,439.0,-8.0,ロワマージュ,
2020104296,ネバーエバー,2024/12/22,水沢,雪,11.0,白鳥特別(A),7,5.0,5,11.5,6.0,7,高橋悠里,56.0,ダ,1600.0,不,103.8,3.0,5-5-5-6,41.8,447.0,3.0,グラシアス,
2020104296,ネバーエバー,2024/11/26,園田,雨,9.0,C2一,10,7.0,7,20.6,4.0,2,新庄海誠,53.0,ダ,1400.0,稍,92.6,0.3,5-5-4-2,39.8,444.0,5.0,エコロカイザー,24.5
2020104296,ネバーエバー,2024/11/05,園田,晴,6.0,C2一,10,7.0,8,10.4,3.0,3,新庄海誠,53.0,ダ,1400.0,稍,93.1,1.0,5-4-3-3,39.8,439.0,7.0,ベルファスト,14.0
2020104296,ネバーエバー,2024/10/11,園田,晴,9.0,C2一,10,8.0,10,14.6,6.0,2,新庄海誠,53.0,ダ,1400.0,良,92.6,0.0,6-6-6-5,40.8,432.0,0.0,レイム,24.5
2020104296,ネバーエバー,2024/09/19,園田,曇,9.0,C2一,10,5.0,5,3.5,2.0,3,新庄海誠,53.0,ダ,1400.0,良,93.5,0.4,3-3-5-4,42.0,432.0,-7.0,エイシンマシーン,14.0
2020104296,ネバーエバー,2024/05/31,園田,曇,12.0,ツツジ賞C1,12,4.0,4,24.5,6.0,6,田野豊三,56.0,ダ,1400.0,稍,93.6,1.0,5-4-3-4,41.7,439.0,0.0,イセベイ,
2020104296,ネバーエバー,2024/05/09,園田,晴,12.0,カーネーション賞C1,12,6.0,8,40.1,8.0,5,下原理,56.0,ダ,1400.0,良,93.2,1.4,5-5-3-4,42.1,439.0,0.0,イセベイ,11.0
2020104296,ネバーエバー,2024/04/17,園田,晴,6.0,C1二,9,8.0,8,28.5,6.0,8,下原理,56.0,ダ,1700.0,稍,116.8,1.5,2-2-2-3,42.0,439.0,0.0,エアグリフォン,
2020104296,ネバーエバー,2024/03/26,園田,曇,8.0,C1二,9,8.0,9,11.4,5.0,7,下原理,56.0,ダ,1400.0,不,93.5,1.9,4-4-4-5,41.1,439.0,-4.0,リアライズ,
2020104296,ネバーエバー,2024/02/14,姫路,曇,8.0,C2一,10,2.0,2,12.9,5.0,1,下原理,56.0,ダ,1400.0,良,93.9,-0.1,1-1-1-1,39.5,443.0,-3.0,(ココラフィネ),70.0
2020104296,ネバーエバー,2024/01/24,姫路,晴,12.0,C2一,10,1.0,1,5.4,4.0,7,下原理,56.0,ダ,1400.0,良,96.0,1.2,4-3-6-3,43.0,446.0,-1.0,ゴルド,
2020104296,ネバーエバー,2023/12/31,園田,曇,7.0,C2一,12,6.0,7,48.3,5.0,2,下原理,56.0,ダ,1400.0,良,92.4,0.2,1-1-1-1,40.5,447.0,16.0,エイシンレオ,28.0
2020104296,ネバーエバー,2023/07/20,園田,晴,7.0,C1二,8,1.0,1,38.9,6.0,7,笹田知宏,55.0,ダ,1700.0,良,116.1,2.0,1-1-1-2,42.1,431.0,0.0,エイシンペペロミア,
2020104296,ネバーエバー,2023/06/29,園田,曇,10.0,3歳AB,10,4.0,4,17.9,5.0,9,下原理,55.0,ダ,1700.0,良,116.0,3.0,4-4-6-6,42.9,431.0,-1.0,レスプレンドール,
2020104296,ネバーエバー,2023/05/26,園田,曇,9.0,3歳AB,9,7.0,9,51.9,7.0,5,下原理,55.0,ダ,1870.0,良,127.0,2.3,2-2-2-2,42.2,432.0,-1.0,ビキニボーイ,13.0
2020104296,ネバーエバー,2023/05/03,園田,晴,11.0,兵庫チャンピオンシッ(JpnII),12,5.0,5,575.6,9.0,10,笹田知宏,57.0,ダ,1870.0,良,128.0,7.3,10-10-10-10,43.6,433.0,0.0,ミトノオー,
2020104296,ネバーエバー,2023/03/28,園田,晴,9.0,3歳BC1,6,1.0,1,3.4,2.0,1,下原理,56.0,ダ,1700.0,稍,118.4,-0.9,1-1-1-1,39.5,433.0,0.0,(スエヒロイナズマ),100.0
2020104296,ネバーエバー,2023/02/21,姫路,曇,7.0,3歳B,6,4.0,4,7.0,4.0,4,下原理,55.0,ダ,1500.0,稍,101.6,0.4,3-3-5-5,39.3,433.0,2.0,テンクウワールド,15.0
2020104296,ネバーエバー,2023/02/01,姫路,曇,8.0,3歳B,11,8.0,10,5.9,3.0,8,下原理,55.0,ダ,1500.0,良,101.5,1.0,7-7-8-8,40.2,431.0,0.0,エイシンジェット,
2020104296,ネバーエバー,2023/01/04,園田,晴,4.0,3歳300万円以下,12,7.0,10,30.7,7.0,5,笹田知宏,55.0,ダ,1700.0,良,116.9,0.9,9-9-6-7,39.9,431.0,6.0,ジュウィール,9.0
2020104296,ネバーエバー,2022/11/29,園田,雨,2.0,2歳,8,1.0,1,6.2,4.0,6,笹田知宏,55.0,ダ,1400.0,稍,94.8,1.7,6-6-6-5,40.3,425.0,0.0,スマイルジョナス,
2020104296,ネバーエバー,2022/10/14,園田,晴,2.0,2歳200万円以下,6,6.0,6,3.2,2.0,2,下原理,55.0,ダ,1400.0,良,93.3,0.1,2-2-2-2,39.3,425.0,5.0,バクレツマホウ,36.0
2020104296,ネバーエバー,2022/09/09,園田,曇,2.0,2歳未勝利,11,6.0,6,17.4,5.0,1,下原理,55.0,ダ,1400.0,重,93.3,0.0,5-5-4-2,41.0,420.0,7.0,(ピックプリンサ),80.0
2020104296,ネバーエバー,2022/07/20,園田,晴,3.0,2歳未勝利一,9,1.0,1,19.1,8.0,6,下原理,55.0,ダ,1400.0,重,96.3,2.1,6-7-6-4,42.6,413.0,-5.0,イケノシイチャン,
2020104296,ネバーエバー,2022/06/29,園田,晴,2.0,2歳初出走,9,6.0,6,11.0,2.0,4,下原理,55.0,ダ,1400.0,良,95.5,1.7,7-8-7-7,41.3,418.0,0.0,アズグレーター,45.0
2019106786,グラフィアスレディ,2026/07/13,盛岡,曇,9.0,B2,12,4.0,4,63.9,10.0,6,関本玲花,52.0,ダ,1400.0,重,86.1,0.8,5-6,39.0,449.0,4.0,インディーフィルム,
2019106786,グラフィアスレディ,2026/06/28,盛岡,晴,7.0,B2,10,7.0,7,5.5,3.0,4,山本聡哉,54.0,ダ,1200.0,良,73.4,1.1,3-5,37.7,445.0,-4.0,リコーアストラ,7.8
2019106786,グラフィアスレディ,2026/06/15,水沢,曇,9.0,B1,12,3.0,3,40.0,8.0,10,関本玲花,52.0,ダ,1400.0,稍,91.4,3.0,7-7-9-11,41.5,449.0,5.0,コスモモカ,
2019106786,グラフィアスレディ,2026/03/23,水沢,曇,11.0,サクラコマチ賞(B1),11,8.0,11,16.5,5.0,4,鈴木祐,54.0,ダ,1400.0,良,91.1,0.8,5-5-5-6,40.5,444.0,-4.0,ファイナルキング,10.4
2019106786,グラフィアスレディ,2026/03/09,水沢,晴,11.0,B1,12,8.0,12,8.5,3.0,6,鈴木祐,54.0,ダ,1400.0,稍,91.6,1.4,6-9-4-5,41.1,448.0,1.0,ゲンパチプライド,
2019106786,グラフィアスレディ,2025/12/21,水沢,曇,10.0,B1,12,6.0,8,11.7,5.0,1,鈴木祐,54.0,ダ,1400.0,重,88.4,-0.2,5-4-4-3,39.1,447.0,2.0,(ツルマルベル),80.0
2019106786,グラフィアスレディ,2025/12/08,水沢,小雨,11.0,JBBA七戸種馬場特(B1),12,5.0,6,34.3,8.0,5,鈴木祐,54.0,ダ,1400.0,不,88.3,0.3,4-5-5-5,39.2,445.0,4.0,リュウノコルサ,5.6
2019106786,グラフィアスレディ,2025/11/12,盛岡,晴,9.0,B1,10,4.0,4,26.1,7.0,4,鈴木祐,54.0,ダ,1200.0,良,73.7,0.1,7-6,37.6,441.0,-2.0,チハヤブルラン,10.4
2019106786,グラフィアスレディ,2025/10/26,盛岡,小雨,10.0,豊間根川源流賞(B1),11,5.0,5,15.6,6.0,4,鈴木祐,54.0,ダ,1400.0,稍,87.3,0.5,4-5,38.4,443.0,-3.0,アダマスミノル,10.4
2019106786,グラフィアスレディ,2025/10/13,盛岡,晴,9.0,スカパー!地方競馬ナ(B1),12,4.0,4,13.0,7.0,4,鈴木祐,54.0,ダ,1200.0,良,73.4,0.3,6-6,37.3,446.0,-6.0,リッチアロマ,10.4
2019106786,グラフィアスレディ,2025/10/07,水沢,曇,11.0,ハヤテ特別(OP)(オー),9,6.0,6,25.2,6.0,7,佐々木志,54.0,ダ,1400.0,稍,90.4,1.6,5-6-7-8,40.8,452.0,0.0,ドルズプライスレス,
2019106786,グラフィアスレディ,2025/09/23,水沢,晴,11.0,ハヤテ特別(OP),8,2.0,2,50.0,8.0,6,塚本涼人,54.0,ダ,850.0,良,51.5,1.2,7-6,35.9,452.0,3.0,ドロットニング,
2019106786,グラフィアスレディ,2025/08/31,盛岡,晴,10.0,ハダル賞(B1),11,1.0,1,54.3,10.0,6,佐々木志,54.0,ダ,1400.0,良,86.6,0.7,8-8,37.7,449.0,3.0,ビッグタマテルーフ,
2019106786,グラフィアスレディ,2025/08/03,盛岡,晴,11.0,夢・希望未来へ前進(B1),11,4.0,4,9.4,6.0,7,山本聡哉,54.0,ダ,1400.0,良,86.9,0.7,6-6,38.8,446.0,0.0,キャンドルベリー,
2019106786,グラフィアスレディ,2025/07/22,盛岡,晴,8.0,B1,9,1.0,1,6.9,3.0,2,及川裕一,54.0,ダ,1200.0,良,73.6,0.4,5-4,38.1,446.0,1.0,サンダビューク,28.0
2019106786,グラフィアスレディ,2025/07/06,盛岡,曇,11.0,セリフォス特別(B1),11,2.0,2,14.9,7.0,5,及川裕一,54.0,ダ,1400.0,良,85.2,0.4,4-4,37.4,445.0,-10.0,アダマスミノル,5.6
2019106786,グラフィアスレディ,2025/06/24,水沢,晴,10.0,B1,10,4.0,4,61.5,10.0,5,及川裕一,54.0,ダ,1400.0,稍,89.0,0.7,7-7-7-6,39.7,455.0,6.0,エイシントゥラン,5.6
2019106786,グラフィアスレディ,2025/06/09,水沢,曇,11.0,ストロベリーキャンド(B1),10,7.0,7,19.7,6.0,3,及川裕一,54.0,ダ,1400.0,良,89.2,0.6,5-5-5-5,39.5,449.0,6.0,フェルサイト,16.0
2019106786,グラフィアスレディ,2025/05/25,盛岡,小雨,9.0,阿原山高原賞(B1),10,6.0,6,57.3,7.0,1,及川裕一,54.0,ダ,1400.0,不,86.2,-0.3,7-6,37.9,443.0,6.0,(ポジティブスピン),80.0
2019106786,グラフィアスレディ,2025/05/05,盛岡,晴,11.0,夢・希望未来へ前進(B1),9,1.0,1,10.0,7.0,5,山本聡哉,54.0,ダ,1200.0,稍,74.1,1.1,4-6,37.7,437.0,-5.0,フェンドオフ,5.6
2019106786,グラフィアスレディ,2025/04/21,水沢,晴,12.0,桜並木賞(B1),11,6.0,8,56.3,10.0,11,小林凌,54.0,ダ,1400.0,稍,91.2,2.1,6-7-9-9,40.0,442.0,0.0,サンエイコンドル,
2019106786,グラフィアスレディ,2025/04/08,水沢,雨,10.0,B1,10,8.0,10,5.9,3.0,1,高橋悠里,54.0,ダ,1400.0,良,90.1,-0.1,6-4-4-4,39.8,442.0,4.0,(エターナルルビー),80.0
2019106786,グラフィアスレディ,2025/03/23,水沢,晴,9.0,焼石岳賞(B1),10,8.0,11,2.7,2.0,6,及川裕一,54.0,ダ,1400.0,良,91.1,0.6,3-3-3-5,40.4,438.0,-2.0,プリンセスナイト,
2019106786,グラフィアスレディ,2025/03/10,水沢,晴,10.0,B1,10,2.0,2,5.0,2.0,3,高橋悠里,54.0,ダ,1400.0,稍,89.6,0.6,4-4-5-4,38.8,440.0,-2.0,マコトダイトウレン,16.0
2019106786,グラフィアスレディ,2024/12/28,水沢,曇,11.0,B1,11,2.0,2,10.6,5.0,3,高橋悠里,54.0,ダ,1400.0,不,88.6,0.1,3-3-4-3,38.5,442.0,-3.0,サンエイキャノン,15.0
2019106786,グラフィアスレディ,2024/12/18,水沢,曇,12.0,ローズクォーツ賞(B1),12,5.0,5,17.8,7.0,7,坂口裕一,54.0,ダ,1400.0,不,88.6,1.0,10-10-12-11,38.1,445.0,2.0,マルーントリック,
2019106786,グラフィアスレディ,2024/12/04,水沢,曇,7.0,B1,12,4.0,4,200.3,11.0,3,高橋悠里,54.0,ダ,1400.0,不,88.5,0.1,8-6-7-6,37.8,443.0,1.0,エスクマ,15.0
2019106786,グラフィアスレディ,2024/11/18,水沢,小雨,11.0,ビッグレッドファーム(B1),12,8.0,11,41.9,7.0,9,高橋悠里,54.0,ダ,1400.0,稍,90.7,1.4,7-6-4-7,39.5,442.0,5.0,ライトフィールダー,
2019106786,グラフィアスレディ,2024/11/05,盛岡,曇,12.0,ひいらぎ賞(B1),12,1.0,1,81.5,10.0,9,高橋悠里,54.0,ダ,1400.0,稍,88.2,2.0,9-9,38.8,437.0,3.0,エスクマ,
2019106786,グラフィアスレディ,2024/10/20,盛岡,晴,8.0,B1,9,3.0,3,12.1,3.0,4,高橋悠里,54.0,ダ,1400.0,重,88.7,2.0,5-6,38.9,434.0,-7.0,エスペルト,9.8
2019106786,グラフィアスレディ,2024/10/07,盛岡,雨,10.0,カウスアウストラリス(B1),9,8.0,9,6.0,2.0,3,高橋悠里,54.0,ダ,1200.0,稍,72.7,0.7,6-7,36.6,441.0,-5.0,クレーンロケット,15.0
2019106786,グラフィアスレディ,2024/09/23,水沢,曇,10.0,B1,7,5.0,5,7.0,3.0,4,高橋悠里,54.0,ダ,1400.0,重,88.8,1.3,3-3-3-4,38.8,446.0,-1.0,クレーンロケット,9.8
2019106786,グラフィアスレディ,2024/09/10,水沢,晴,11.0,カペラ賞(B1),10,4.0,4,13.0,4.0,3,高橋悠里,54.0,ダ,1400.0,良,89.7,0.4,4-3-3-3,40.1,447.0,9.0,セイシークエンス,15.0
2019106786,グラフィアスレディ,2024/08/27,盛岡,曇,11.0,B1,8,1.0,1,3.3,1.0,4,高橋悠里,54.0,ダ,1400.0,稍,88.3,0.6,4-6,39.6,438.0,-4.0,カミノコ,9.8
2019106786,グラフィアスレディ,2024/08/14,盛岡,曇,8.0,うまレター賞(B1),10,7.0,7,5.5,2.0,2,山本聡哉,54.0,ダ,1200.0,重,72.7,0.0,6-5,36.6,442.0,0.0,アサンテギア,26.3
2019106786,グラフィアスレディ,2024/08/12,盛岡,,8.0,うまレター賞(B1),0,7.0,7,,,,山本聡哉,54.0,ダ,1200.0,,,,,,,,,
2019106786,グラフィアスレディ,2024/07/30,盛岡,晴,10.0,サマーフェス2024(B1),9,6.0,6,10.8,4.0,1,澤田龍哉,54.0,ダ,1200.0,稍,73.4,0.0,6-5,36.4,442.0,4.0,(アビレ),75.0
2019106786,グラフィアスレディ,2024/07/14,盛岡,曇,9.0,焼走り溶岩流賞(B1),9,8.0,9,7.9,5.0,4,菅原辰徳,54.0,ダ,1000.0,良,60.0,0.4,2-2,36.3,438.0,-5.0,タニマサベーカ,9.8
2019106786,グラフィアスレディ,2024/07/02,盛岡,晴,9.0,B1,9,5.0,5,5.7,4.0,8,澤田龍哉,54.0,ダ,1200.0,良,74.7,0.9,3-4,38.9,443.0,-8.0,スカイハリケーン,
2019106786,グラフィアスレディ,2024/06/16,水沢,雨,11.0,オッズパーク賞(B1),12,8.0,12,28.4,10.0,11,菅原辰徳,54.0,ダ,1400.0,良,91.3,2.2,1-1-2-3,40.5,451.0,5.0,ユピテルルークス,
2019106786,グラフィアスレディ,2024/06/02,水沢,小雨,9.0,水沢競馬場桜並木賞(B1),12,7.0,10,34.3,9.0,7,菅原辰徳,54.0,ダ,1400.0,稍,88.3,0.6,1-1-1-1,39.8,446.0,7.0,レディブラウン,
2019106786,グラフィアスレディ,2024/05/21,盛岡,晴,10.0,B1,11,5.0,5,24.6,7.0,4,菅原辰徳,54.0,ダ,1000.0,稍,61.2,0.3,4-5,36.9,439.0,2.0,カッチャオ,9.8
2019106786,グラフィアスレディ,2024/05/07,盛岡,曇,9.0,B1,9,4.0,4,5.2,4.0,2,坂口裕一,54.0,ダ,1200.0,稍,73.6,0.3,5-5,37.8,437.0,-3.0,アサンテギア,26.3
2019106786,グラフィアスレディ,2024/04/23,水沢,曇,11.0,桜並木賞(B1),11,3.0,3,41.9,9.0,5,坂口裕一,54.0,ダ,1400.0,良,89.4,0.2,4-4-6-3,38.7,440.0,4.0,オンザブロッサム,6.3
2019106786,グラフィアスレディ,2024/04/08,水沢,曇,11.0,B1,12,7.0,10,6.0,2.0,2,高橋悠里,54.0,ダ,1400.0,良,90.1,0.5,2-2-2-2,40.0,436.0,3.0,ハピネスガッサン,26.3
2019106786,グラフィアスレディ,2024/03/24,水沢,晴,11.0,サクラコマチ賞(B1),9,3.0,3,13.5,5.0,2,高橋悠里,54.0,ダ,1400.0,稍,90.7,0.4,4-4-5-4,39.7,433.0,1.0,アオイカツマ,26.3
2019106786,グラフィアスレディ,2024/03/11,水沢,曇,11.0,夢・希望未来へ前進(B1),9,8.0,8,20.9,6.0,5,坂口裕一,54.0,ダ,1400.0,重,89.3,1.0,4-4-4-5,40.1,432.0,3.0,ヴァルラーム,5.3
2019106786,グラフィアスレディ,2023/12/24,水沢,曇,10.0,B1,12,6.0,8,8.6,3.0,5,佐々木志,52.0,ダ,1400.0,不,89.7,0.6,6-9-10-10,39.3,429.0,-1.0,ビクロイ,4.9
2019106786,グラフィアスレディ,2023/12/11,水沢,晴,11.0,ゴールデンジョッキー(B1),12,3.0,3,36.7,8.0,8,村上忍,54.0,ダ,1400.0,稍,88.4,1.1,4-4-5-6,39.1,430.0,1.0,キモンリッキー,
2019106786,グラフィアスレディ,2023/11/27,水沢,曇,10.0,ブルースピネル賞(B1),12,6.0,8,37.0,8.0,3,坂口裕一,54.0,ダ,1600.0,不,101.0,0.5,3-3-4-5,39.1,429.0,1.0,サンエイブレーヴ,14.0
2019106786,グラフィアスレディ,2023/11/14,盛岡,曇,7.0,B1,8,2.0,2,14.4,5.0,4,坂口裕一,54.0,ダ,1000.0,重,60.4,0.3,4-3,36.6,428.0,1.0,ノボユキ,9.1
2019106786,グラフィアスレディ,2023/10/31,盛岡,晴,9.0,B1,10,4.0,4,80.4,8.0,5,坂口裕一,54.0,ダ,1000.0,良,61.0,1.4,6-6,36.0,427.0,1.0,キモンリッキー,4.9
2019106786,グラフィアスレディ,2023/10/16,盛岡,曇,7.0,B1,12,1.0,1,24.6,6.0,6,大坪慎,54.0,ダ,1200.0,稍,73.3,0.8,5-4,37.9,426.0,-6.0,スカーレットピース,
2019106786,グラフィアスレディ,2023/10/02,盛岡,曇,10.0,テレトラック山本賞(B1),10,1.0,1,52.1,7.0,3,坂口裕一,54.0,ダ,1000.0,重,60.3,0.5,6-4,36.4,432.0,15.0,アブシンス,14.0
2019106786,グラフィアスレディ,2023/07/09,盛岡,小雨,8.0,B1,12,3.0,3,51.9,10.0,9,佐々木志,51.0,ダ,1000.0,稍,60.9,1.8,6-6,36.0,417.0,-16.0,ダイセンメイト,
2019106786,グラフィアスレディ,2023/05/02,盛岡,曇,9.0,B1,10,4.0,4,10.6,4.0,8,葛山晃平,54.0,ダ,1200.0,良,74.6,1.6,8-9,37.8,433.0,-1.0,セイシークエンス,
2019106786,グラフィアスレディ,2023/04/16,水沢,曇,8.0,B1,8,8.0,8,6.1,4.0,5,葛山晃平,54.0,ダ,850.0,重,51.0,0.6,4-4,35.7,434.0,0.0,トミケンエンデレア,4.9
2019106786,グラフィアスレディ,2023/04/03,水沢,晴,12.0,夢・希望未来へ前進(B1),12,8.0,12,5.5,2.0,8,山本聡哉,54.0,ダ,1400.0,良,90.8,2.1,7-6-7-8,40.5,434.0,1.0,ドルズプライスレス,
2019106786,グラフィアスレディ,2023/03/21,水沢,晴,10.0,モルガナイト賞(B1),8,6.0,6,2.2,2.0,1,山本聡哉,54.0,ダ,1300.0,良,84.0,-0.1,1-2-2-2,38.7,433.0,-6.0,(ハッピーホンコン),70.0
2019106786,グラフィアスレディ,2022/12/30,水沢,雪,6.0,B2,10,1.0,1,2.4,2.0,1,高橋悠里,54.0,ダ,1400.0,不,88.0,-0.1,3-3-3-3,39.1,439.0,6.0,(ノースリュシオル),50.0
2019106786,グラフィアスレディ,2022/12/12,水沢,曇,10.0,ゴールデンジョッキー(B2),11,8.0,12,2.6,1.0,2,高橋悠里,54.0,ダ,1400.0,重,89.1,0.0,5-3-3-2,39.5,433.0,1.0,ツーエムアリエス,26.3
2019106786,グラフィアスレディ,2022/11/29,水沢,曇,5.0,B2,11,8.0,10,7.2,4.0,1,山本政聡,54.0,ダ,1300.0,稍,81.5,-0.1,1-1-1-1,38.2,432.0,7.0,(ハガキノハナ),50.0
2019106786,グラフィアスレディ,2022/11/14,盛岡,晴,10.0,アクアマリン賞(B2),11,7.0,9,2.2,1.0,2,山本政聡,54.0,ダ,1400.0,良,88.1,0.2,4-2,38.7,425.0,-2.0,ソレンニータ,17.5
2019106786,グラフィアスレディ,2022/10/31,盛岡,曇,10.0,タンザナイト賞(B2),11,7.0,8,6.0,2.0,3,山本政聡,54.0,ダ,1200.0,良,74.3,0.5,5-4,37.8,427.0,1.0,トキノノゾミ,10.0
2019106786,グラフィアスレディ,2022/10/18,盛岡,曇,7.0,B2,9,6.0,6,7.3,3.0,5,山本政聡,54.0,ダ,1000.0,良,60.8,0.9,8-7,36.0,426.0,2.0,ベアフィールド,2.5
2019106786,グラフィアスレディ,2022/10/02,盛岡,晴,6.0,B2二組,10,6.0,6,17.8,10.0,7,関本玲花,51.0,ダ,1600.0,良,101.4,1.1,7-7,38.7,424.0,11.0,ライヴガーネット,
2019106786,グラフィアスレディ,2022/09/18,盛岡,曇,10.0,OROオータムティア(重賞),10,6.0,7,,,除,山本政聡,54.0,ダ,2000.0,良,,,,,418.0,5.0,トーセンキャロル,
2019106786,グラフィアスレディ,2022/08/21,盛岡,晴,6.0,3歳,12,6.0,8,17.3,3.0,5,山本政聡,54.0,ダ,1200.0,稍,73.6,0.9,5-4,37.5,413.0,-5.0,ボサノヴァ,3.5
2019106786,グラフィアスレディ,2022/08/07,盛岡,曇,6.0,3歳B1一組,12,6.0,7,17.8,5.0,4,山本政聡,54.0,ダ,1600.0,良,101.5,0.1,8-8,39.1,418.0,0.0,オンラインボス,7.0
2019106786,グラフィアスレディ,2022/07/24,盛岡,晴,5.0,3歳A,7,2.0,2,6.0,3.0,2,山本政聡,54.0,ダ,1600.0,重,100.4,0.1,4-2,39.9,418.0,6.0,シャローナ,38.5
2019106786,グラフィアスレディ,2022/07/10,盛岡,晴,11.0,オパールC(重賞),13,5.0,7,69.5,9.0,6,坂口裕一,54.0,芝,1700.0,稍,105.4,1.8,9-10-10-10,36.4,412.0,-5.0,ウン,
2019106786,グラフィアスレディ,2022/06/28,盛岡,曇,12.0,はまなす賞(3歳),12,4.0,4,15.3,5.0,5,坂口裕一,54.0,芝,1600.0,稍,99.5,1.3,10-10-10-9,35.8,417.0,-7.0,リュウノアン,7.5
2019106786,グラフィアスレディ,2022/05/29,水沢,晴,11.0,イーハトーブマイル(重賞),9,2.0,2,26.3,7.0,5,坂口裕一,54.0,ダ,1600.0,稍,105.3,2.6,8-8-9-9,40.5,424.0,-5.0,フジクラウン,12.5
2019106786,グラフィアスレディ,2022/05/15,水沢,曇,11.0,留守杯日高賞(重賞),12,5.0,6,100.2,11.0,6,鈴木祐,54.0,ダ,1600.0,良,105.2,2.4,10-10-11-11,40.0,429.0,7.0,グラーツィア,
2019106786,グラフィアスレディ,2022/05/01,水沢,雨,10.0,ダイヤモンドC(重賞),9,2.0,2,49.8,7.0,5,坂口裕一,54.0,ダ,1600.0,不,101.4,0.9,7-7-6-5,38.7,422.0,0.0,グットクレンジング,40.0
2019106786,グラフィアスレディ,2022/04/17,水沢,晴,11.0,あやめ賞(重賞),12,7.0,10,66.6,9.0,6,坂口裕一,54.0,ダ,1400.0,稍,89.3,1.1,11-10-10-8,39.2,422.0,1.0,マルルットゥ,
2019106786,グラフィアスレディ,2022/03/20,水沢,曇,4.0,3歳A,8,3.0,3,13.5,3.0,5,坂口裕一,54.0,ダ,1600.0,不,103.5,1.3,8-8-6-7,39.0,421.0,-4.0,ボサノヴァ,5.5
2019106786,グラフィアスレディ,2022/03/11,水沢,晴,5.0,3歳A,7,6.0,6,28.9,5.0,2,山本聡哉,54.0,ダ,1600.0,重,104.7,0.4,6-6-5-5,40.0,425.0,-1.0,サンエイブレーヴ,38.5
2019106786,グラフィアスレディ,2022/01/03,水沢,,10.0,金杯(重賞),0,3.0,3,,,,岩本怜,54.0,ダ,1600.0,,,,,,,,,
2019106786,グラフィアスレディ,2021/12/14,水沢,晴,4.0,2歳B1,8,4.0,4,9.8,4.0,1,山本政聡,54.0,ダ,1400.0,不,89.0,-0.2,7-7-6-3,37.5,426.0,0.0,(マルルットゥ),70.0
2019106786,グラフィアスレディ,2021/11/28,水沢,晴,6.0,フューチャーステップ(2歳),11,8.0,12,52.8,9.0,8,関本淳,54.0,ダ,1400.0,不,90.2,1.4,9-8-8-9,39.1,426.0,11.0,キモンリッキー,
2019106786,グラフィアスレディ,2021/11/02,盛岡,晴,4.0,フューチャーステップ(2歳),11,1.0,1,30.0,6.0,4,七夕裕次,52.0,芝,1000.0,重,59.9,0.3,6-7,35.6,415.0,-4.0,エイシンツーリング,25.0
2019106786,グラフィアスレディ,2021/10/25,盛岡,晴,2.0,2歳C1一組,9,4.0,4,4.7,3.0,1,七夕裕次,52.0,ダ,1200.0,稍,76.3,0.0,8-6,38.3,419.0,3.0,(マルヨチアキランプ),50.0
2019106786,グラフィアスレディ,2021/10/10,盛岡,曇,2.0,2歳C1一組,9,8.0,9,10.5,5.0,2,七夕裕次,52.0,ダ,1200.0,稍,76.3,0.3,8-6,38.9,416.0,-4.0,ラニサンバダンサー,17.5
2019106786,グラフィアスレディ,2021/09/26,盛岡,曇,1.0,2歳,9,5.0,5,10.0,6.0,7,菅原辰徳,54.0,ダ,1200.0,良,77.9,1.3,5-5,40.5,420.0,2.0,チェリースイス,
2019106786,グラフィアスレディ,2021/09/12,盛岡,晴,2.0,ファーストステップ2(新馬)(2歳),7,2.0,2,4.3,2.0,3,村上忍,54.0,芝,1000.0,良,60.5,0.7,3-2,36.2,418.0,0.0,カンパニョーラ,30.0
2019105457,ラジエル,2026/06/30,名古屋,曇,10.0,風待月特別(A),9,8.0,9,105.0,8.0,7,丸野勝虎,55.0,ダ,1700.0,稍,111.6,3.0,9-9-8,39.4,463.0,4.0,ピコブルー,
2019105457,ラジエル,2026/06/16,名古屋,曇,11.0,嘉祥特別(A),12,3.0,3,131.8,11.0,8,丸野勝虎,55.0,ダ,1500.0,良,97.1,2.1,12-12-11,38.7,459.0,0.0,パーフェクト,
2019105457,ラジエル,2026/05/20,名古屋,曇,11.0,立夏特別(A),11,8.0,11,27.8,8.0,10,丸野勝虎,55.0,ダ,1500.0,良,97.7,2.1,7-8-10,39.3,459.0,6.0,エリタージュソング,
2019105457,ラジエル,2026/05/05,名古屋,晴,9.0,こどもの日特別(A),11,7.0,9,21.8,5.0,5,丸野勝虎,55.0,ダ,1400.0,稍,90.8,0.4,7-7-5,38.5,453.0,-5.0,オテンバムスメ,10.0
2019105457,ラジエル,2026/04/22,名古屋,曇,11.0,穀雨特別(A),12,7.0,10,21.4,6.0,6,丸野勝虎,55.0,ダ,1500.0,良,96.1,1.2,9-9-8,39.3,458.0,3.0,エイシンガウディ,
2019105457,ラジエル,2026/03/17,浦和,晴,10.0,桜草特別(B3),12,4.0,4,56.4,8.0,9,中山遥人,53.0,ダ,1500.0,良,98.6,2.3,6-7-7-7,39.6,455.0,-3.0,フクチャンキング,
2019105457,ラジエル,2026/02/25,浦和,雨,9.0,梅見月特別(B3),13,4.0,5,20.5,7.0,9,吉原寛人,54.0,ダ,1400.0,重,91.0,1.3,8-8-9-7,38.0,458.0,2.0,ウェルウィッチア,
2019105457,ラジエル,2026/02/09,船橋,晴,8.0,海神スプリント(B3),12,5.0,6,34.6,8.0,10,西啓太,54.0,ダ,1200.0,良,77.1,1.6,10-11-12,40.1,456.0,0.0,トールハンマー,
2019105457,ラジエル,2026/01/09,浦和,晴,10.0,七福神特別(B3C1),13,1.0,1,6.1,3.0,10,本田正重,55.0,ダ,1400.0,良,91.3,2.0,9-7-8-8,39.5,456.0,13.0,マシュー,
2019105457,ラジエル,2025/12/25,浦和,雨,11.0,メリークリスマス特別(B3),12,4.0,5,,,取,野畑凌,54.0,ダ,1400.0,重,,,,,,,マロンシャンテリー,
2019105457,ラジエル,2025/10/01,船橋,曇,12.0,JBC船橋まであと3(B3),14,5.0,7,6.0,3.0,3,本田正重,54.0,ダ,1600.0,稍,103.3,0.3,10-10-9-9,39.9,443.0,8.0,シミズミナト,67.5
2019105457,ラジエル,2025/07/21,浦和,晴,11.0,浦和競馬ライブ番組う(B3),8,3.0,3,2.0,1.0,4,本田正重,54.0,ダ,1400.0,良,88.6,0.9,7-7-5-5,38.5,435.0,0.0,プラティクレール,45.0
2019105457,ラジエル,2025/06/23,浦和,曇,11.0,円良田湖特別(B3),11,2.0,2,4.1,2.0,1,本田正重,54.0,ダ,1400.0,良,86.9,-0.3,9-7-5-2,37.6,435.0,-7.0,(ライヴマスタード),300.0
2019105457,ラジエル,2025/06/03,船橋,雨,12.0,紫陽花スプリント(B3),12,8.0,11,3.5,1.0,6,本田正重,54.0,ダ,1200.0,不,76.7,0.7,12-12-9,38.5,442.0,2.0,マイベネラブル,
2019105457,ラジエル,2025/03/23,2中京4,晴,6.0,4歳以上1勝クラス,16,4.0,7,5.5,2.0,8,戸崎圭太,56.0,ダ,1400.0,良,85.4,0.6,13-12,37.2,440.0,-2.0,ベルダイナフェロー,
2019105457,ラジエル,2025/03/15,2中京1,曇,7.0,4歳以上1勝クラス,15,4.0,7,34.9,10.0,3,柴田裕一,53.0,ダ,1400.0,良,85.8,0.4,13-9,37.0,442.0,-9.0,シュヴァルツリーベ,200.0
2019105457,ラジエル,2025/02/05,川崎,晴,10.0,フェブラリースター賞(B2B3),11,5.0,5,4.6,3.0,2,杉原誠人,55.0,ダ,1600.0,稍,105.2,0.8,10-10-8-8,39.2,451.0,-1.0,マイケルマキシマス,160.0
2019105457,ラジエル,2025/01/05,1中山1,晴,7.0,4歳以上1勝クラス,16,5.0,10,31.1,10.0,6,杉原誠人,56.0,ダ,1800.0,良,115.5,0.5,7-7-7-7,38.6,452.0,14.0,アンブロジアーナ,
2019105457,ラジエル,2024/10/26,4東京7,曇,7.0,3歳以上1勝クラス,15,1.0,1,63.6,10.0,8,坂井瑠星,56.0,ダ,1400.0,良,86.6,0.7,7-5,36.8,438.0,2.0,フクノブルジュ,
2019105457,ラジエル,2024/10/06,4東京2,曇,6.0,3歳以上1勝クラス,16,7.0,13,206.1,14.0,5,杉原誠人,56.0,ダ,1400.0,重,83.7,0.7,13-12,35.0,436.0,4.0,ノットファウンド,80.0
2019105457,ラジエル,2024/08/22,浦和,曇,10.0,マルチヒーロー特別(B2B3),11,7.0,8,16.4,5.0,4,杉原誠人,55.0,ダ,1400.0,良,89.0,0.6,11-10-9-5,37.8,432.0,-12.0,ルージュブラゾン,60.0
2019105457,ラジエル,2024/06/16,3東京6,晴,7.0,3歳以上1勝クラス,16,3.0,5,74.7,13.0,10,杉原誠人,56.0,ダ,1400.0,良,85.5,1.3,9-9,36.6,444.0,0.0,カフェニクス,
2019105457,ラジエル,2024/04/27,2東京3,曇,8.0,4歳以上1勝クラス,15,8.0,14,54.1,9.0,11,石川裕紀,56.0,ダ,1400.0,稍,86.9,1.2,14-14,35.9,444.0,-6.0,ジャミーレ,
2019105457,ラジエル,2024/03/24,3中山2,曇,9.0,4歳以上1勝クラス,15,8.0,14,14.7,7.0,9,武藤雅,56.0,ダ,1200.0,良,72.5,0.7,10-8,36.9,450.0,-4.0,サニーサフラン,
2019105457,ラジエル,2024/01/27,1東京1,晴,7.0,4歳以上1勝クラス,16,4.0,7,31.2,10.0,6,武藤雅,56.0,ダ,1400.0,良,87.4,1.1,12-13,38.4,454.0,8.0,ホウオウドラッカー,
2019105457,ラジエル,2023/11/11,3福島3,晴,4.0,3歳以上1勝クラス,15,5.0,8,28.0,9.0,5,杉原誠人,56.0,ダ,1700.0,稍,106.2,1.3,5-5-4-3,38.8,446.0,-2.0,ショウナンライシン,80.0
2019105457,ラジエル,2023/09/10,4中山2,晴,6.0,3歳以上1勝クラス,9,2.0,2,38.4,8.0,6,小林勝太,53.0,ダ,1800.0,良,113.6,2.1,7-7-7-6,38.3,448.0,-2.0,フラッパールック,
2019105457,ラジエル,2023/07/02,2福島2,晴,8.0,3歳以上1勝クラス,10,7.0,7,35.1,6.0,5,原優介,54.0,ダ,1700.0,稍,106.9,1.5,8-9-4-5,38.2,450.0,-4.0,メイショウコバト,80.0
2019105457,ラジエル,2023/06/11,3東京4,小雨,7.0,3歳以上1勝クラス,16,1.0,1,62.8,9.0,10,野中悠太,56.0,ダ,1600.0,重,97.4,0.9,15-13,34.7,454.0,-4.0,リバートゥルー,
2019105457,ラジエル,2023/04/08,3中山5,曇,8.0,4歳以上1勝クラス,12,6.0,8,11.3,7.0,9,菅原明良,56.0,ダ,1800.0,稍,116.4,1.9,5-5-4-5,39.4,458.0,-2.0,ローズピリオド,
2019105457,ラジエル,2023/02/26,2中山2,晴,6.0,4歳以上1勝クラス,15,5.0,9,5.8,2.0,3,バシュロ,55.0,ダ,1800.0,良,116.2,0.1,8-8-6-5,40.3,460.0,16.0,イエローウィン,200.0
2019105457,ラジエル,2022/11/06,3福島2,晴,3.0,3歳以上1勝クラス,15,4.0,6,15.5,8.0,13,丸山元気,53.0,ダ,1700.0,良,107.5,2.1,6-6-7-8,39.6,444.0,6.0,スマートムーラン,
2019105457,ラジエル,2022/10/16,4新潟2,晴,8.0,3歳以上1勝クラス,15,5.0,8,5.1,2.0,5,丸山元気,53.0,ダ,1800.0,良,115.0,1.6,7-8-6-7,38.7,438.0,-4.0,タガノカンデラ,77.0
2019105457,ラジエル,2022/07/16,2福島5,曇,2.0,3歳未勝利,15,8.0,15,3.7,2.0,1,戸崎圭太,54.0,ダ,1700.0,不,105.4,-1.0,5-5-2-2,37.3,442.0,0.0,(フレンチギフト),520.0
2019105457,ラジエル,2022/05/21,2東京9,小雨,1.0,3歳未勝利,16,2.0,3,4.0,2.0,5,杉原誠人,54.0,ダ,1600.0,良,99.0,1.2,5-5,37.8,442.0,-2.0,レヴール,52.0
2019105457,ラジエル,2022/05/07,2東京5,曇,1.0,3歳未勝利,16,8.0,16,4.6,2.0,2,杉原誠人,54.0,ダ,1600.0,良,99.3,0.9,11-11,37.2,444.0,0.0,ランプロファイア,210.0
2019105457,ラジエル,2022/03/26,3中山1,小雨,4.0,3歳未勝利,15,5.0,9,10.1,4.0,7,杉原誠人,54.0,芝,1600.0,良,96.4,0.9,5-6-7,35.5,444.0,2.0,サンクション,
2019105457,ラジエル,2021/11/21,5東京6,曇,4.0,2歳新馬,18,2.0,4,3.7,1.0,5,津村明秀,54.0,芝,1400.0,良,85.0,0.7,5-4,34.4,442.0,0.0,ラッピングカラーズ,70.0
2020102534,ロッソ,2026/07/14,盛岡,曇,11.0,B1二組,10,4.0,4,58.6,9.0,9.0,小林凌,56.0,ダ,1600.0,稍,101.1,2.3,9-10,38.4,436.0,-31.0,ウィンターサン,
2020102534,ロッソ,2026/05/16,佐賀,晴,8.0,ギガンテウム賞,10,5.0,5,40.1,7.0,1.0,林悠翔,54.0,ダ,1400.0,良,90.6,0.0,10-10-9-4,38.1,467.0,-1.0,(アマルフィー),100.0
2020102534,ロッソ,2026/05/02,佐賀,晴,9.0,八十八夜賞(B),7,6.0,6,41.5,6.0,6.0,林悠翔,55.0,ダ,1400.0,重,90.6,1.8,7-7-7-7,37.3,468.0,-4.0,エイシンダズル,
2020102534,ロッソ,2026/04/18,佐賀,曇,4.0,スイートピー特別(B),12,6.0,7,212.2,12.0,5.0,林悠翔,55.0,ダ,1400.0,重,90.0,1.0,12-12-11-7,38.0,472.0,-2.0,エイシンシュトルム,10.0
2020102534,ロッソ,2026/04/04,佐賀,曇,4.0,チューリップ特別(B),12,8.0,12,116.8,8.0,9.0,青海大樹,55.0,ダ,1400.0,不,90.5,2.7,10-11-11-11,38.9,474.0,-1.0,ケイアイアンタレス,
2020102534,ロッソ,2026/03/20,佐賀,晴,8.0,AIパッカル賞,10,1.0,1,72.1,7.0,4.0,林悠翔,53.0,ダ,1300.0,稍,83.6,0.7,6-6-6-6,38.5,475.0,10.0,ガルヴァナイズ,10.8
2020102534,ロッソ,2026/03/06,佐賀,晴,9.0,スポーツ新聞の日賞,10,1.0,1,39.7,5.0,7.0,金山昇馬,55.0,ダ,1400.0,不,90.5,1.7,9-9-8-7,38.5,465.0,4.0,スピリットワールド,
2020102534,ロッソ,2026/02/21,佐賀,晴,10.0,ネモフィラ賞,12,8.0,12,20.2,5.0,8.0,林悠翔,53.0,ダ,1400.0,良,91.5,0.9,11-12-10-9,37.8,461.0,-5.0,コスモメイゲツ,
2020102534,ロッソ,2026/02/08,佐賀,小雪,6.0,ミモザ特別(B),10,7.0,7,36.7,6.0,8.0,金山昇馬,56.0,ダ,1300.0,良,85.1,1.3,10-10-10-10,38.5,466.0,0.0,テイエムランウェイ,
2020102534,ロッソ,2026/01/25,佐賀,晴,11.0,サイネリア特別(B),10,6.0,6,20.8,6.0,3.0,林悠翔,54.0,ダ,1400.0,良,90.7,0.5,10-10-10-7,38.3,466.0,1.0,テイエムダイタカ,14.4
2020102534,ロッソ,2026/01/10,佐賀,曇,9.0,十日戎賞,9,1.0,1,83.6,6.0,2.0,林悠翔,53.0,ダ,1400.0,良,90.4,0.9,8-8-7-4,38.2,465.0,2.0,メイショウアイク,28.8
2020102534,ロッソ,2025/12/14,佐賀,曇,8.0,第5回エーエスピー福,11,3.0,3,17.3,6.0,8.0,林悠翔,53.0,ダ,1400.0,稍,91.8,1.2,10-11-10-10,38.4,463.0,5.0,パトリオットゲーム,
2020102534,ロッソ,2025/11/22,佐賀,晴,2.0,ローズ賞(B),10,5.0,5,22.3,6.0,4.0,林悠翔,54.0,ダ,1400.0,良,90.5,0.8,10-10-6-4,37.9,458.0,-3.0,アマルフィー,12.0
2020102534,ロッソ,2025/11/07,佐賀,晴,10.0,立冬賞,10,8.0,10,10.4,3.0,4.0,林悠翔,53.0,ダ,1400.0,良,91.7,1.7,9-9-7-5,37.3,461.0,3.0,マイネルウォーリア,10.8
2020102534,ロッソ,2025/10/26,佐賀,曇,8.0,第2回エーエスピー福,11,7.0,8,58.7,7.0,4.0,林悠翔,53.0,ダ,1400.0,良,90.5,0.5,10-10-9-6,37.6,458.0,1.0,サンスイレン,10.8
2020102534,ロッソ,2025/10/13,佐賀,晴,10.0,神無月特別(B),10,6.0,6,28.5,10.0,7.0,金山昇馬,56.0,ダ,1750.0,良,117.8,2.1,9-9-9-8,39.6,457.0,4.0,ヴェストラン,
2020102534,ロッソ,2025/09/28,佐賀,曇,5.0,仲秋特別(B),9,8.0,9,12.3,4.0,7.0,金山昇馬,53.0,ダ,1750.0,稍,116.5,1.4,9-9-8-8,38.0,453.0,-5.0,キクノアーデント,
2020102534,ロッソ,2025/09/15,佐賀,晴,5.0,AIパッカル賞,10,1.0,1,9.2,4.0,3.0,金山昇馬,55.0,ダ,1400.0,重,90.5,0.3,6-5-5-3,38.4,458.0,8.0,マイネルデステリョ,16.2
2020102534,ロッソ,2025/08/30,佐賀,曇,5.0,盛夏賞(B),9,6.0,6,68.6,8.0,4.0,村松翔太,56.0,ダ,1750.0,良,116.7,1.1,6-6-6-6,39.4,450.0,-1.0,ルルフィーユ,12.0
2020102534,ロッソ,2025/08/09,佐賀,曇,8.0,葉月賞(B),9,1.0,1,38.9,5.0,5.0,村松翔太,56.0,ダ,1750.0,不,117.0,1.1,7-7-6-5,39.0,451.0,4.0,ボルネオ,8.0
2020102534,ロッソ,2025/07/13,佐賀,曇,9.0,文月特別(B),9,5.0,5,34.6,7.0,3.0,金山昇馬,56.0,ダ,1750.0,稍,115.0,0.8,7-7-4-4,39.4,447.0,-3.0,エスシーアルベル,14.4
2020102534,ロッソ,2025/06/21,佐賀,曇,2.0,初夏賞(B),10,4.0,4,24.6,6.0,6.0,西森将司,56.0,ダ,1750.0,良,117.3,0.6,6-7-6-7,39.8,450.0,-1.0,エスシーアルベル,
2020102534,ロッソ,2025/06/08,佐賀,小雨,6.0,水無月特別(B),10,8.0,10,52.8,8.0,3.0,西森将司,56.0,ダ,1800.0,良,119.9,0.3,7-7-4-4,39.2,451.0,-3.0,ニシノリンダ,14.4
2020102534,ロッソ,2025/05/25,佐賀,曇,5.0,青葉特別(B),11,5.0,5,41.2,7.0,6.0,青海大樹,55.0,ダ,1750.0,不,118.6,1.0,11-11-11-11,40.1,454.0,-2.0,カシノカンピオーネ,
2020102534,ロッソ,2025/05/11,佐賀,小雨,5.0,若葉特別(B),11,8.0,11,68.4,9.0,4.0,出水拓人,56.0,ダ,1750.0,重,116.3,0.6,10-10-10-10,38.3,456.0,3.0,ロンドンデリーエア,9.6
2020102534,ロッソ,2025/04/26,佐賀,晴,9.0,AIパッカル賞(B),10,4.0,4,22.3,7.0,1.0,金山昇馬,56.0,ダ,1400.0,稍,90.5,0.0,5-4-3-3,38.4,453.0,-4.0,(ヨシオドライヴ),50.0
2020102534,ロッソ,2025/04/13,佐賀,晴,6.0,KYUSHUDREA,12,7.0,9,27.8,5.0,8.0,林悠翔,52.0,ダ,1300.0,不,85.6,2.3,7-8-9-8,38.3,457.0,4.0,ナムラジョシュア,
2020102534,ロッソ,2025/03/22,佐賀,晴,9.0,つくし賞(B),12,8.0,11,7.8,3.0,5.0,長谷部駿,56.0,ダ,1400.0,稍,91.0,0.6,10-11-9-8,37.4,453.0,-4.0,マイネルタイムリー,3.8
2020102534,ロッソ,2025/03/02,佐賀,小雨,8.0,KYUSHUDREA(B),9,7.0,7,3.7,2.0,6.0,山田義貴,56.0,ダ,1400.0,不,91.0,0.9,8-8-7-6,39.2,457.0,-1.0,インナーサンクタム,
2020102534,ロッソ,2025/02/15,佐賀,雨,10.0,花春賞(B),8,2.0,2,1.4,1.0,2.0,金山昇馬,56.0,ダ,1400.0,稍,91.8,1.0,8-8-7-6,38.7,458.0,-1.0,アネロイド,15.4
2020102534,ロッソ,2025/02/08,佐賀,晴,9.0,KYUSHUDREA(B),11,3.0,3,3.7,2.0,1.0,金山昇馬,56.0,ダ,1400.0,重,91.4,-0.1,10-8-5-1,38.9,459.0,1.0,(ヨシオドライヴ),48.0
2020102534,ロッソ,2025/01/25,佐賀,晴,9.0,KYUSHUDREA(B),10,1.0,1,43.6,6.0,2.0,及川烈,55.0,ダ,1300.0,良,84.3,0.2,9-9-8-5,38.6,458.0,-2.0,ナムラジョシュア,15.4
2020102534,ロッソ,2025/01/06,佐賀,曇,10.0,ジャニュアリー特選(C1),12,4.0,4,25.5,6.0,2.0,及川烈,55.0,ダ,1860.0,稍,124.4,0.6,5-5-4-2,39.4,460.0,6.0,ブルーストレイル,17.6
2020102534,ロッソ,2024/12/16,佐賀,曇,10.0,ディセンバー特選(C1),11,5.0,6,31.6,6.0,5.0,及川烈,55.0,ダ,1750.0,良,117.3,1.9,8-9-5-4,40.6,454.0,1.0,ダンツトレント,4.4
2020102534,ロッソ,2024/12/01,佐賀,曇,10.0,ターコイズ特選(C1),10,8.0,10,48.2,7.0,5.0,及川烈,55.0,ダ,1750.0,重,118.0,1.8,9-10-8-8,39.0,453.0,3.0,ダンツトレント,4.4
2020102534,ロッソ,2024/11/18,佐賀,曇,10.0,トパーズ特選(C1),12,8.0,12,97.8,8.0,3.0,及川烈,55.0,ダ,1750.0,良,118.0,1.7,9-9-8-4,39.5,450.0,-3.0,ラインフォルテ,9.9
2020102534,ロッソ,2024/11/04,佐賀,晴,3.0,没後150年江藤新平(C1),11,8.0,10,105.4,9.0,3.0,及川烈,55.0,ダ,1750.0,良,120.2,1.7,7-6-6-6,40.0,453.0,7.0,ラインフォルテ,9.9
2020102534,ロッソ,2024/10/12,佐賀,晴,10.0,オクトーバー特選(C1),11,6.0,6,102.5,10.0,7.0,及川烈,55.0,ダ,1750.0,良,122.1,3.3,6-7-7-7,42.5,446.0,1.0,カシノルーカス,
2020102534,ロッソ,2024/09/29,佐賀,晴,8.0,なまらがばいJBC賞,11,8.0,10,9.9,4.0,9.0,田中直人,56.0,ダ,1400.0,良,92.5,2.6,8-7-7-7,40.4,445.0,7.0,メイショウフェリオ,
2020102534,ロッソ,2024/09/16,佐賀,雨,8.0,秋天賞(B),0,6.0,6,,,,及川烈,55.0,ダ,1300.0,不,,,,,,,,
2020102534,ロッソ,2024/09/01,佐賀,晴,10.0,涼風賞(B),8,8.0,8,4.1,3.0,6.0,中山蓮王,55.0,ダ,1300.0,重,84.5,1.3,7-7-8-8,36.8,438.0,0.0,シゲルペガサス,
2020102534,ロッソ,2024/08/17,佐賀,晴,8.0,KYUSHUDREA(B),9,8.0,8,10.2,6.0,4.0,金山昇馬,56.0,ダ,1300.0,稍,83.6,0.3,8-7-7-4,37.6,438.0,11.0,ファイティング,5.8
2020102534,ロッソ,2024/07/22,佐賀,晴,8.0,白南風賞(B),11,7.0,9,12.8,5.0,8.0,金山昇馬,56.0,ダ,1400.0,重,90.8,2.0,9-10-10-10,38.5,427.0,-13.0,ミフネ,
2020102534,ロッソ,2024/05/13,佐賀,晴,9.0,メイ特選(C1),12,7.0,9,7.1,5.0,1.0,青海大樹,54.0,ダ,1750.0,不,116.8,-0.1,12-12-10-8,40.1,440.0,-4.0,(ディーディーデイ),55.0
2020102534,ロッソ,2024/04/26,佐賀,曇,7.0,春茜賞(C1),10,2.0,2,7.3,3.0,3.0,金山昇馬,56.0,ダ,1400.0,稍,90.5,0.2,9-9-7-6,37.9,444.0,0.0,レットイットゴー,7.6
2020102534,ロッソ,2024/04/13,佐賀,晴,8.0,鎮月賞(C1),10,1.0,1,9.6,4.0,1.0,山本咲希,56.0,ダ,1400.0,良,90.3,-0.1,8-7-1-1,39.0,444.0,-2.0,(スモークウォーター),42.0
2020102534,ロッソ,2024/03/23,佐賀,雨,7.0,早花咲月賞(C1),9,5.0,5,68.1,7.0,4.0,金山昇馬,56.0,ダ,1400.0,不,89.9,0.2,8-8-8-6,38.2,446.0,-3.0,シゲルペガサス,4.4
2020102534,ロッソ,2024/03/08,佐賀,晴,8.0,夢見月賞(C1),12,6.0,7,34.9,6.0,5.0,金山昇馬,56.0,ダ,1400.0,重,92.3,1.1,10-9-5-5,39.8,449.0,-5.0,サバンナテソーロ,3.0
2020102534,ロッソ,2024/02/22,佐賀,雨,9.0,下萌賞(C1),10,1.0,1,15.7,5.0,4.0,浅野皓大,56.0,ダ,1300.0,不,84.7,0.4,10-9-8-8,38.5,454.0,-2.0,ミスマチルダ,4.4
2020102534,ロッソ,2024/02/10,佐賀,晴,7.0,春寒賞(C1),9,5.0,5,7.4,2.0,4.0,金山昇馬,56.0,ダ,1400.0,重,93.4,1.4,9-9-9-8,40.3,456.0,7.0,テイエムエポック,4.4
2020102534,ロッソ,2024/01/21,佐賀,曇,8.0,2024M&Kジョッ(C1),12,3.0,3,17.5,5.0,5.0,山本聡哉,56.0,ダ,1750.0,不,117.8,1.6,5-5-5-5,38.1,449.0,0.0,エイシンペトラ,4.4
2020102534,ロッソ,2024/01/08,佐賀,晴,9.0,宮崎県馬事畜産振興杯(C1),11,7.0,8,7.0,3.0,5.0,金山昇馬,56.0,ダ,1400.0,稍,91.2,0.6,11-10-9-7,39.4,449.0,0.0,リヨン,3.0
2020102534,ロッソ,2023/12/23,佐賀,曇,8.0,KYUSHUDREA(C1),11,3.0,3,6.8,3.0,5.0,金山昇馬,56.0,ダ,1300.0,重,84.3,1.5,6-6-5-3,39.2,449.0,6.0,ブレーヴジャーニー,3.0
2020102534,ロッソ,2023/12/09,佐賀,晴,7.0,C1ー9組,10,7.0,7,10.7,4.0,2.0,金山昇馬,56.0,ダ,1400.0,良,90.0,0.1,9-8-4-3,38.3,443.0,1.0,リリーバローズ,11.8
2020102534,ロッソ,2023/11/25,佐賀,晴,7.0,C1ー10組,11,6.0,6,4.6,2.0,2.0,飛田愛斗,56.0,ダ,1400.0,良,91.0,0.4,8-8-6-3,39.0,442.0,3.0,イダテンターボ,11.8
2020102534,ロッソ,2023/11/12,佐賀,晴,9.0,沖縄まーさん杯(C1),12,6.0,7,4.6,3.0,4.0,飛田愛斗,56.0,ダ,1400.0,良,91.8,1.0,8-7-5-6,39.8,439.0,0.0,リッカロッキー,4.4
2020102534,ロッソ,2023/10/28,佐賀,晴,10.0,霜降特選(C2),11,8.0,10,10.5,3.0,3.0,青海大樹,53.0,ダ,1750.0,良,116.8,0.9,9-10-8-7,38.3,439.0,-1.0,リヨン,8.1
2020102534,ロッソ,2023/10/15,佐賀,晴,10.0,秋分特選(C2),12,6.0,7,7.0,3.0,2.0,金山昇馬,56.0,ダ,1800.0,良,121.3,0.3,12-10-10-4,40.0,440.0,1.0,アオイトランプ,14.4
2020102534,ロッソ,2023/09/24,佐賀,晴,10.0,呼子大橋特別(3歳),10,8.0,9,26.0,7.0,3.0,金山昇馬,56.0,ダ,1750.0,重,117.6,0.7,9-9-8-2,39.2,439.0,16.0,リヨン,14.4
2020102534,ロッソ,2023/08/17,園田,曇,7.0,C2一,10,7.0,7,14.0,5.0,6.0,下原理,55.0,ダ,1400.0,重,95.9,2.5,9-9-7-7,40.9,423.0,-2.0,スターキー,
2020102534,ロッソ,2023/08/04,園田,晴,8.0,C2一,10,2.0,2,132.5,8.0,5.0,下原理,55.0,ダ,1400.0,良,93.2,1.3,9-9-10-10,40.7,425.0,2.0,ワンダーデュエル,7.0
2020102534,ロッソ,2023/07/19,園田,曇,7.0,C2二,10,7.0,7,10.7,3.0,7.0,吉村智洋,55.0,ダ,1400.0,良,93.7,2.3,8-8-7-7,40.9,423.0,-2.0,ワンダーデュエル,
2020102534,ロッソ,2023/06/30,園田,雨,8.0,3歳B二,12,4.0,4,45.0,7.0,7.0,廣瀬航,55.0,ダ,1400.0,稍,92.6,0.4,8-8-9-10,40.8,425.0,-6.0,アーティスティック,
2020102534,ロッソ,2023/06/16,園田,晴,10.0,3歳B,12,5.0,5,10.3,6.0,12.0,吉村智洋,55.0,ダ,1400.0,良,94.3,2.1,11-11-11-12,40.4,431.0,13.0,スマルト,
2020102534,ロッソ,2023/05/10,笠松,晴,11.0,鵜舟特別(3歳),10,3.0,3,21.0,9.0,4.0,向山牧,56.0,ダ,1400.0,良,90.7,0.8,6-5-4,39.2,418.0,0.0,クラベルブランコ,7.0
2020102534,ロッソ,2023/04/14,笠松,曇,11.0,陽春特別(3歳),8,4.0,4,7.2,4.0,5.0,東川慎,56.0,ダ,1400.0,良,91.9,0.5,7-6-6,39.8,418.0,-6.0,トゥーナトライ,3.5
2020102534,ロッソ,2023/04/05,笠松,曇,11.0,新緑賞(重賞),10,2.0,2,112.2,9.0,7.0,東川慎,56.0,ダ,1600.0,良,106.2,2.7,9-7-7,39.9,424.0,-11.0,リストン,
2020102534,ロッソ,2023/01/11,笠松,晴,10.0,新春特別(3歳),9,7.0,7,8.8,4.0,1.0,向山牧,56.0,ダ,1600.0,良,105.4,-0.2,8-5-4,40.3,435.0,11.0,(ヒロチャン),62.0
2020102534,ロッソ,2022/11/04,笠松,曇,2.0,2歳2組,6,3.0,3,3.0,3.0,3.0,東川慎,55.0,ダ,1400.0,良,92.5,1.2,5-5-3,40.5,424.0,-2.0,セイジグラット,7.5
2020102534,ロッソ,2022/10/20,笠松,晴,9.0,オリオン座流星群特別(2歳),6,4.0,4,2.3,1.0,1.0,向山牧,55.0,ダ,1400.0,良,92.1,-0.1,4-4-2,40.7,426.0,2.0,(アイファーダイオウ),75.0
2020102534,ロッソ,2022/09/22,笠松,曇,11.0,秋風ジュニア(OP)(2歳),9,2.0,2,15.4,4.0,5.0,向山牧,55.0,ダ,1400.0,稍,92.0,1.0,7-7-7,40.7,424.0,5.0,マイロマンス,12.5
2020102534,ロッソ,2022/08/26,笠松,晴,11.0,チャレンジ(OP)(2歳),8,8.0,8,7.6,4.0,3.0,藤原幹生,55.0,ダ,1400.0,稍,91.7,1.5,5-5-4,39.2,419.0,19.0,ビリーヴィン,37.5
2020102534,ロッソ,2022/06/29,笠松,晴,4.0,笠松デビュー馬未勝利(2歳),8,6.0,6,2.3,1.0,1.0,向山牧,55.0,ダ,1400.0,良,94.7,-0.3,7-5-3,40.2,400.0,-2.0,(リックトラチャン),50.0
2020102534,ロッソ,2022/06/17,笠松,晴,3.0,新馬戦(新馬)(2歳),5,1.0,1,4.1,2.0,5.0,向山牧,55.0,ダ,800.0,稍,51.1,0.6,5,36.5,402.0,0.0,ツミキヒトツ,8.0
2020103668,マチカゼ,2026/07/14,盛岡,曇,11.0,B1二組,10,8.0,10,4.4,3.0,7,山本聡哉,56.0,ダ,1600.0,稍,100.7,1.9,6-6,38.7,485.0,1.0,ウィンターサン,
2020103668,マチカゼ,2026/06/28,盛岡,晴,10.0,カッパ淵賞(B1),10,7.0,8,2.4,1.0,6,山本聡哉,56.0,ダ,1400.0,良,85.9,1.1,7-7,37.1,484.0,2.0,ポッドジャスパー,
2020103668,マチカゼ,2026/06/15,水沢,曇,10.0,B1,12,2.0,2,8.8,3.0,4,山本聡哉,56.0,ダ,1400.0,稍,88.9,0.7,9-9-9-8,39.0,482.0,-5.0,コパノマロン,10.4
2020103668,マチカゼ,2026/04/20,水沢,晴,7.0,B1,9,2.0,2,4.8,3.0,1,山本聡哉,56.0,ダ,1400.0,良,90.3,-0.3,7-7-3-1,39.4,487.0,0.0,(ビッグタマテルーフ),80.0
2020103668,マチカゼ,2026/04/05,水沢,曇,9.0,岩手伝統工芸岩谷堂箪(B1B2),12,5.0,5,5.2,2.0,6,山本聡哉,57.0,ダ,1600.0,重,102.3,1.0,6-7-7-7,39.3,487.0,-1.0,スナイチゴールド,
2020103668,マチカゼ,2026/03/22,水沢,晴,9.0,小袖海岸賞(B1),8,5.0,5,6.4,3.0,5,山本聡哉,56.0,ダ,1600.0,良,105.9,1.5,5-5-6-6,41.5,488.0,1.0,マジカルワード,5.6
2020103668,マチカゼ,2026/03/08,水沢,曇,10.0,B1三組,9,2.0,2,3.9,2.0,4,山本聡哉,56.0,ダ,1600.0,稍,105.8,0.6,1-1-1-3,40.7,487.0,8.0,ヤマニンビロー,10.4
2020103668,マチカゼ,2025/12/23,水沢,曇,11.0,B2一組,10,5.0,5,3.3,2.0,6,山本聡哉,56.0,ダ,1600.0,重,103.4,1.0,8-9-10-8,37.7,479.0,0.0,ヒマラヤベロス,
2020103668,マチカゼ,2025/12/10,水沢,曇,11.0,B2一組,11,6.0,6,1.7,1.0,1,山本聡哉,56.0,ダ,1600.0,不,102.7,-0.1,3-3-2-1,37.7,479.0,3.0,(ボンディマンシュ),60.0
2020103668,マチカゼ,2025/11/24,水沢,曇,7.0,B2二組,10,2.0,2,3.9,3.0,1,山本聡哉,56.0,ダ,1600.0,良,103.5,-0.4,4-4-3-2,39.1,476.0,-1.0,(ブリーザフレスカ),60.0
2020103668,マチカゼ,2025/11/10,盛岡,曇,8.0,B2二組,11,7.0,9,4.0,2.0,3,高松亮,56.0,ダ,1600.0,稍,100.6,1.1,3-2,39.3,477.0,0.0,ネオネオモッズ,12.0
2020103668,マチカゼ,2025/10/26,盛岡,曇,6.0,B2,11,6.0,6,3.2,1.0,2,高橋悠里,56.0,芝,1600.0,稍,99.0,0.4,9-9-7-7,36.1,477.0,-1.0,ゴールドジャンパー,21.0
2020103668,マチカゼ,2025/10/14,盛岡,曇,5.0,B2,12,5.0,6,2.8,2.0,6,高橋悠里,56.0,芝,1700.0,良,106.1,0.7,7-8-8-7,37.1,478.0,1.0,ラングロワ,
2020103668,マチカゼ,2025/09/22,水沢,晴,12.0,焼石岳賞(C1),12,7.0,9,19.8,5.0,3,塚本涼人,56.0,ダ,1400.0,稍,89.1,0.7,10-10-9-8,39.3,477.0,-2.0,ビクトリーサイト,12.0
2020103668,マチカゼ,2025/09/07,盛岡,雨,8.0,OROターフ特別(OP),9,5.0,5,31.9,6.0,2,菅原辰徳,56.0,芝,1600.0,稍,99.3,0.1,6-6-7-6,36.5,479.0,7.0,ギャレット,52.5
2020103668,マチカゼ,2025/08/24,盛岡,晴,10.0,岩手県知事杯OROカ(重賞),12,8.0,11,35.4,7.0,10,塚本涼人,57.0,芝,1700.0,良,106.1,2.2,4-4-4-7,39.1,472.0,-14.0,シャイニーロック,
2020103668,マチカゼ,2025/07/16,門別,曇,11.0,新冠町軽種馬生産振興(A2),8,6.0,6,287.8,8.0,7,岩橋勇二,57.0,ダ,1200.0,稍,75.3,1.7,7-7,37.3,486.0,6.0,ピンクヴェノム,
2020103668,マチカゼ,2025/06/19,門別,晴,11.0,北海道野菜王国にった(A2),8,6.0,6,155.7,8.0,7,岩橋勇二,57.0,ダ,1200.0,良,75.3,1.8,5-5,39.3,480.0,-8.0,トウカイエトワール,
2020103668,マチカゼ,2025/06/05,門別,曇,8.0,ゲラニウム特別(A3),7,4.0,4,47.5,5.0,7,小野楓馬,57.0,ダ,1200.0,重,76.8,4.7,1-3,41.3,488.0,0.0,ミラクルヴォイス,
2020103668,マチカゼ,2025/05/22,門別,晴,11.0,北海道の翼「AIRD(A2),9,1.0,1,65.6,6.0,8,小野楓馬,57.0,ダ,1200.0,良,76.5,1.8,5-5,39.4,488.0,-2.0,オンラインボス,
2020103668,マチカゼ,2025/05/07,門別,晴,12.0,コントレイル・プレミ(A3),9,6.0,6,14.3,5.0,6,小野楓馬,57.0,ダ,1200.0,稍,75.4,1.5,4-4,38.8,490.0,-1.0,オカンモシャチョウ,
2020103668,マチカゼ,2025/03/26,大井,晴,10.0,萌黄賞競走(B1B2),12,3.0,3,29.2,7.0,12,和田譲治,57.0,ダ,2000.0,良,133.0,5.2,4-3-5-5,43.2,491.0,2.0,キトン,
2020103668,マチカゼ,2025/03/10,大井,晴,11.0,マーチ賞競走(B1B2),10,7.0,8,11.9,3.0,6,安藤洋一,57.0,ダ,1400.0,重,88.3,1.9,4-2-2,38.8,489.0,1.0,ロードアラビアン,
2020103668,マチカゼ,2024/12/14,7京都5,曇,12.0,3歳以上2勝クラス,14,8.0,13,23.4,8.0,11,団野大成,58.0,芝,1600.0,良,95.3,1.3,3-4,35.2,488.0,-2.0,ムーンリットナイト,
2020103668,マチカゼ,2024/08/25,2札幌6,晴,12.0,オールスターJ第4戦(2勝クラス),14,3.0,4,10.6,6.0,12,戸崎圭太,58.0,芝,1800.0,良,108.6,0.6,6-7-8-8,35.5,490.0,6.0,エゾダイモン,
2020103668,マチカゼ,2024/08/04,1札幌6,曇,9.0,HTB賞(2勝クラス),14,4.0,5,5.9,2.0,4,武豊,58.0,芝,1800.0,稍,109.6,0.4,8-8-8-6,35.8,484.0,2.0,エリダヌス,230.0
2020103668,マチカゼ,2024/07/13,3小倉5,曇,10.0,不知火特別(2勝クラス),15,4.0,6,8.9,5.0,4,西村淳也,58.0,芝,1800.0,良,107.9,0.3,5-5-5-5,35.3,482.0,-8.0,マイネルティグレ,230.0
2020103668,マチカゼ,2024/05/25,3京都11,晴,12.0,4歳以上2勝クラス,17,2.0,4,2.3,1.0,9,西村淳也,58.0,芝,1400.0,良,80.3,0.4,6-5,35.1,490.0,0.0,アスクビギンアゲン,
2020103668,マチカゼ,2024/04/20,3京都1,曇,12.0,4歳以上2勝クラス,10,4.0,4,5.7,3.0,2,角田大河,57.0,芝,1600.0,良,92.6,0.5,3-3,35.1,490.0,0.0,サンクフィーユ,460.0
2020103668,マチカゼ,2024/01/21,1京都7,曇,12.0,4歳以上2勝クラス,11,5.0,5,2.0,1.0,5,川田将雅,57.0,芝,1400.0,重,83.7,0.6,4-4,35.0,490.0,-6.0,テーオーダヴィンチ,114.0
2020103668,マチカゼ,2023/12/24,5阪神8,晴,12.0,ジングルベル賞(2勝クラス),15,8.0,15,5.2,2.0,7,西村淳也,57.0,芝,1400.0,良,80.9,0.6,9-7,34.7,496.0,10.0,アサカラキング,
2020103668,マチカゼ,2023/10/28,2京都8,晴,9.0,3歳以上2勝クラス,13,8.0,13,5.4,4.0,2,川田将雅,56.0,芝,1400.0,良,80.6,0.2,4-4,34.5,486.0,4.0,スズハローム,460.0
2020103668,マチカゼ,2023/10/14,2京都4,小雨,9.0,3歳以上2勝クラス,11,1.0,1,3.8,2.0,5,西村淳也,56.0,芝,1400.0,良,80.9,0.3,2-2,35.2,482.0,-4.0,ブリュットミレジメ,114.0
2020103668,マチカゼ,2023/06/11,3阪神4,曇,12.0,3歳以上1勝クラス,15,2.0,3,3.8,2.0,1,荻野極,55.0,芝,1400.0,稍,81.9,-0.1,3-4,36.1,486.0,0.0,(サク),800.0
2020103668,マチカゼ,2023/06/03,3阪神1,晴,7.0,3歳以上1勝クラス,9,8.0,9,,,取,鮫島克駿,55.0,芝,1600.0,稍,,,,,,,フルメタルボディー,
2020103668,マチカゼ,2023/05/13,1京都7,曇,4.0,3歳未勝利,16,7.0,13,9.6,4.0,1,鮫島克駿,56.0,芝,1600.0,良,93.0,-0.4,3-2,33.7,486.0,-2.0,(ガットネロ),550.0
2020103668,マチカゼ,2023/03/25,2阪神1,曇,3.0,3歳未勝利,16,8.0,15,7.8,3.0,7,吉田隼人,56.0,ダ,1400.0,重,85.8,1.0,4-3,38.2,488.0,0.0,ドンアチェカ,
2020103668,マチカゼ,2023/01/22,1中京8,晴,2.0,3歳未勝利,15,7.0,12,2.9,2.0,9,武豊,56.0,ダ,1400.0,良,88.7,2.2,3-3,40.5,488.0,-2.0,セミマル,
2020103668,マチカゼ,2023/01/07,1中京2,晴,5.0,3歳未勝利,15,2.0,2,5.1,2.0,5,武豊,56.0,芝,1600.0,良,94.9,0.9,6-5-5,34.4,490.0,-4.0,エアメテオラ,55.0
2020103668,マチカゼ,2022/11/20,5阪神6,曇,3.0,2歳未勝利,14,4.0,6,9.2,4.0,2,武豊,55.0,芝,1600.0,稍,94.7,0.1,2-4,34.5,494.0,0.0,マイネルメモリー,210.0
2020103668,マチカゼ,2022/10/22,4阪神6,晴,5.0,2歳新馬,10,2.0,2,8.3,5.0,4,武豊,55.0,芝,1600.0,良,97.9,0.3,3-3,34.0,494.0,0.0,シングザットソング,90.0
2017101896,マイネルアストリア,2026/07/14,盛岡,曇,11.0,B1二組,10,3.0,3,18.3,6.0,2.0,関本玲花,54.0,ダ,1600.0,稍,99.2,0.4,2-2,38.0,534.0,-5.0,ウィンターサン,28.0
2017101896,マイネルアストリア,2026/06/29,盛岡,晴,11.0,夢・希望未来へ前進(B1),10,3.0,3,23.4,6.0,6.0,関本玲花,54.0,ダ,1600.0,良,100.2,1.9,1-1,39.8,539.0,-1.0,タイセイストラーダ,
2017101896,マイネルアストリア,2026/06/16,水沢,晴,11.0,タガノビューティー特(B1),10,7.0,7,91.4,8.0,6.0,坂井瑛音,55.0,ダ,1600.0,良,104.1,1.1,3-3-3-1,42.0,540.0,4.0,スノーパトロール,
2017101896,マイネルアストリア,2026/06/01,水沢,曇,11.0,ムスカリ賞(B1),10,7.0,8,69.7,10.0,3.0,坂井瑛音,55.0,ダ,1600.0,良,104.6,0.3,3-3-3-1,40.8,536.0,-3.0,オデンシタ,16.0
2017101896,マイネルアストリア,2026/05/19,盛岡,晴,11.0,ハイペリカム賞(B1),11,6.0,6,40.1,8.0,10.0,関本玲花,54.0,ダ,1600.0,良,101.9,3.0,4-5,41.4,539.0,3.0,モズユイユイ,
2017101896,マイネルアストリア,2026/05/04,盛岡,小雨,10.0,いわてくじ山形村短角(B1),9,6.0,6,30.7,9.0,7.0,関本玲花,54.0,ダ,1600.0,不,98.6,0.9,3-4,38.6,536.0,-6.0,ファルヴォーレ,
2017101896,マイネルアストリア,2026/04/21,水沢,晴,11.0,B1二組,10,4.0,4,77.3,9.0,5.0,関本玲花,54.0,ダ,1600.0,良,106.0,1.9,2-2-2-2,43.0,542.0,16.0,スマートハンター,5.6
2017101896,マイネルアストリア,2026/03/24,水沢,晴,11.0,B1二組,11,1.0,1,51.5,11.0,10.0,関本玲花,54.0,ダ,1600.0,良,107.8,2.2,5-5-8-10,42.1,526.0,-7.0,サンエイブレーヴ,
2017101896,マイネルアストリア,2026/03/10,水沢,晴,11.0,雪柳賞(B1),11,7.0,9,81.7,11.0,11.0,関本玲花,54.0,ダ,1600.0,稍,106.9,3.5,6-7-10-11,42.6,533.0,-11.0,スノーパトロール,
2017101896,マイネルアストリア,2025/12/15,水沢,曇,11.0,水仙特別(A),12,1.0,1,35.4,6.0,11.0,関本玲花,54.0,ダ,1600.0,不,104.0,2.6,3-3-7-8,41.4,544.0,5.0,ギャレット,
2017101896,マイネルアストリア,2025/11/18,盛岡,曇,12.0,2025盛岡ファイナ(A),11,2.0,2,20.7,6.0,7.0,関本玲花,54.0,ダ,1600.0,良,102.1,2.1,11-8,40.2,539.0,1.0,シンヨモギネス,
2017101896,マイネルアストリア,2025/11/01,盛岡,曇,12.0,霜月特別(A),12,2.0,2,30.4,8.0,6.0,関本玲花,54.0,ダ,1600.0,不,98.6,1.6,4-4,38.3,538.0,1.0,フレイムウィングス,
2017101896,マイネルアストリア,2025/10/13,盛岡,晴,12.0,マイルチャンピオンシ(JpnI),16,7.0,13,999.9,14.0,15.0,関本玲花,57.0,ダ,1600.0,良,99.7,5.4,16-16,37.8,537.0,2.0,ウィルソンテソーロ,
2017101896,マイネルアストリア,2025/09/21,水沢,晴,11.0,青藍賞(重賞),11,6.0,7,333.9,9.0,9.0,関本玲花,57.0,ダ,1600.0,重,103.1,3.6,3-2-7-8,40.2,535.0,5.0,ヒロシクン,
2017101896,マイネルアストリア,2025/09/08,盛岡,晴,12.0,白露特別(A),10,1.0,1,22.6,5.0,5.0,関本玲花,54.0,ダ,1600.0,良,99.3,0.6,1-1,37.6,530.0,-2.0,スプラウティング,10.5
2017101896,マイネルアストリア,2025/08/18,盛岡,晴,12.0,秋桜賞(B1),10,8.0,10,13.5,5.0,10.0,高橋悠里,58.0,ダ,1400.0,稍,87.7,1.8,4-6,40.0,532.0,-10.0,テルテ,
2017101896,マイネルアストリア,2025/08/05,盛岡,晴,9.0,アンタレス賞(B1),12,5.0,6,22.3,6.0,11.0,関本玲花,54.0,芝,1700.0,稍,108.0,1.9,6-7-8-8,37.8,542.0,2.0,ホウオウシンデレラ,
2017101896,マイネルアストリア,2025/07/21,盛岡,曇,10.0,おトクにPLAYオッ(B1),9,8.0,9,4.2,2.0,1.0,関本玲花,54.0,ダ,1600.0,稍,101.9,-0.1,1-1,37.2,540.0,-6.0,(アーバンキッド),80.0
2017101896,マイネルアストリア,2025/06/17,水沢,晴,12.0,撫子特別(A),12,2.0,2,5.1,3.0,4.0,山本聡紀,56.0,ダ,1600.0,良,103.3,0.5,1-1-1-1,41.4,546.0,-2.0,クリコマ,16.9
2017101896,マイネルアストリア,2025/06/02,盛岡,晴,11.0,麦秋特別(A),11,2.0,2,2.4,1.0,10.0,関本玲花,54.0,ダ,1600.0,良,102.5,3.2,1-2,41.9,548.0,1.0,ヤマニンエステル,
2017101896,マイネルアストリア,2025/05/07,盛岡,小雨,11.0,牡丹特別(A),8,3.0,3,3.6,2.0,3.0,関本玲花,54.0,ダ,1600.0,不,99.1,0.4,2-1,39.1,547.0,-8.0,モズユイユイ,28.0
2017101896,マイネルアストリア,2025/04/26,水沢,晴,10.0,仲春特別(A),10,3.0,3,4.3,3.0,2.0,関本玲花,54.0,ダ,1600.0,良,104.4,0.2,4-4-4-2,38.7,555.0,-6.0,サンエイブレーヴ,49.0
2017101896,マイネルアストリア,2025/04/07,水沢,曇,11.0,スモークツリー賞(B1),10,6.0,6,5.5,4.0,1.0,関本玲花,54.0,ダ,1600.0,稍,104.0,-0.3,2-2-1-1,40.3,561.0,1.0,(スノーパトロール),80.0
2017101896,マイネルアストリア,2025/03/25,水沢,晴,10.0,B1二組,11,4.0,4,3.6,2.0,2.0,関本玲花,54.0,ダ,1600.0,良,103.4,0.1,4-3-3-4,39.3,560.0,-9.0,アマルインジャズ,22.0
2017101896,マイネルアストリア,2024/12/31,水沢,曇,11.0,メイセイオペラメモリ(A),8,6.0,6,10.1,6.0,4.0,関本玲花,54.0,ダ,1600.0,不,100.8,0.9,2-2-2-3,39.4,569.0,2.0,ロワマージュ,16.3
2017101896,マイネルアストリア,2024/12/22,水沢,雪,11.0,白鳥特別(A),7,2.0,2,3.4,2.0,4.0,関本玲花,54.0,ダ,1600.0,不,101.5,0.7,2-2-3-4,40.0,567.0,2.0,グラシアス,15.0
2017101896,マイネルアストリア,2024/11/24,水沢,曇,12.0,北上川大賞典(重賞),11,1.0,1,72.4,9.0,11.0,岩本怜,57.0,ダ,2500.0,稍,176.7,9.7,2-2-6-10,48.9,565.0,7.0,サクラトップキッド,
2017101896,マイネルアストリア,2024/11/12,盛岡,曇,12.0,2024盛岡ファイナ(A),12,8.0,11,10.4,4.0,1.0,関本玲花,54.0,ダ,1600.0,良,100.1,0.0,3-2,39.0,558.0,2.0,(グラシアス),105.0
2017101896,マイネルアストリア,2024/10/29,盛岡,晴,9.0,紅葉特別(A),10,6.0,6,2.9,2.0,6.0,関本玲花,54.0,ダ,1600.0,稍,101.7,1.7,2-1,40.0,556.0,7.0,ハクシンパーソナル,
2017101896,マイネルアストリア,2024/10/14,盛岡,晴,12.0,マイルチャンピオンシ(JpnI),15,7.0,13,880.0,13.0,14.0,関本玲花,57.0,ダ,1600.0,良,100.0,4.1,14-15,38.5,549.0,-2.0,レモンポップ,
2017101896,マイネルアストリア,2024/09/30,水沢,晴,10.0,長月特別(A),11,8.0,11,26.1,7.0,3.0,関本玲花,54.0,ダ,1600.0,良,101.5,0.5,1-1-1-1,39.8,551.0,-8.0,ボウトロイ,25.0
2017101896,マイネルアストリア,2024/09/16,水沢,曇,11.0,青藍賞(重賞),8,3.0,3,123.0,8.0,5.0,関本玲花,57.0,ダ,1600.0,良,103.0,1.6,5-5-6-6,39.8,559.0,8.0,ヒロシクン,24.5
2017101896,マイネルアストリア,2024/09/03,盛岡,晴,11.0,桂樹杯(OP),11,1.0,1,16.7,7.0,6.0,村上忍,56.0,ダ,1600.0,稍,99.5,1.0,1-1,37.7,551.0,2.0,ボウトロイ,
2017101896,マイネルアストリア,2024/08/20,盛岡,晴,10.0,立秋特別(A),8,7.0,7,11.4,6.0,2.0,関本玲花,54.0,ダ,1600.0,良,99.8,0.7,2-2,38.0,549.0,11.0,ボウトロイ,43.8
2017101896,マイネルアストリア,2024/07/08,盛岡,曇,12.0,小暑特別(A),8,4.0,4,11.8,4.0,6.0,高橋悠里,56.0,ダ,1600.0,重,99.7,2.2,2-4,39.4,538.0,-4.0,ミニアチュール,
2017101896,マイネルアストリア,2024/06/23,水沢,曇,11.0,一條記念みちのく大賞(重賞),12,7.0,9,205.7,11.0,12.0,坂口裕一,57.0,ダ,2000.0,稍,132.2,3.7,5-4-8-10,42.1,542.0,-3.0,ヒロシクン,
2017101896,マイネルアストリア,2024/06/10,水沢,曇,12.0,初夏特別(A),10,8.0,9,18.1,5.0,6.0,高橋悠里,56.0,ダ,1600.0,良,102.1,1.1,2-2-1-2,39.7,545.0,7.0,タイセイアベニール,
2017101896,マイネルアストリア,2024/05/13,盛岡,曇,12.0,皐月特別(A),11,6.0,6,5.4,2.0,8.0,高松亮,56.0,ダ,1600.0,重,99.9,2.4,1-1,39.6,538.0,1.0,ゲンパチプライド,
2017101896,マイネルアストリア,2024/04/29,水沢,晴,12.0,桜花特別(A),7,7.0,7,5.1,4.0,2.0,高松亮,56.0,ダ,1800.0,良,117.6,0.5,1-1-1-1,40.4,537.0,-1.0,グローリーグローリ,43.8
2017101896,マイネルアストリア,2024/04/15,水沢,晴,12.0,卯月特別(A),11,1.0,1,2.8,1.0,10.0,高松亮,56.0,ダ,1600.0,良,106.5,4.3,1-1-2-7,45.0,538.0,0.0,キモンリッキー,
2017101896,マイネルアストリア,2023/12/31,水沢,曇,10.0,桐花賞(重賞),10,1.0,1,20.2,6.0,8.0,岩本怜,57.0,ダ,2000.0,重,131.9,2.9,1-1-1-5,40.5,538.0,-1.0,ノーブルサターン,
2017101896,マイネルアストリア,2023/12/17,水沢,雪,11.0,冬至特別(A),7,3.0,3,2.0,1.0,1.0,高松亮,56.0,ダ,1900.0,不,121.8,-0.8,1-1-1-1,37.7,539.0,2.0,(ゴールドギア),120.0
2017101896,マイネルアストリア,2023/12/05,水沢,晴,12.0,師走特別(A),11,6.0,7,1.5,1.0,2.0,高橋悠里,56.0,ダ,1600.0,稍,100.6,0.3,1-1-1-1,38.3,537.0,4.0,ハクシンパーソナル,42.0
2017101896,マイネルアストリア,2023/11/06,盛岡,小雨,12.0,晩秋特別(A),8,1.0,1,3.5,3.0,3.0,高橋悠里,56.0,ダ,1600.0,稍,98.9,1.2,2-2,39.2,533.0,-11.0,グランコージー,24.0
2017101896,マイネルアストリア,2023/10/22,盛岡,曇,11.0,金華特別(A),9,4.0,4,2.8,2.0,3.0,高橋悠里,56.0,ダ,1600.0,重,97.3,0.3,1-1,38.3,544.0,6.0,スズカゴウケツ,24.0
2017101896,マイネルアストリア,2023/09/25,盛岡,曇,12.0,長月特別(A),11,8.0,11,2.4,1.0,1.0,高橋悠里,56.0,ダ,1600.0,良,99.3,-0.1,1-1,39.1,538.0,-2.0,(グローリーグローリ),120.0
2017101896,マイネルアストリア,2023/08/29,水沢,晴,12.0,すずらん賞(OP),7,1.0,1,4.6,3.0,1.0,高橋悠里,56.0,ダ,1600.0,良,100.7,-0.5,1-1-1-1,38.0,540.0,8.0,(アルサトワ),150.0
2017101896,マイネルアストリア,2023/07/31,盛岡,曇,11.0,大暑特別(A),10,3.0,3,2.0,1.0,2.0,山本聡哉,56.0,ダ,1600.0,良,98.4,0.1,1-1,38.1,532.0,-3.0,ゼットセントラル,42.0
2017101896,マイネルアストリア,2023/07/17,盛岡,曇,11.0,盛夏特別(A),11,8.0,11,2.9,1.0,1.0,山本聡哉,56.0,ダ,1600.0,重,97.6,-0.1,2-1,38.0,535.0,-2.0,(ブレイニーラン),120.0
2017101896,マイネルアストリア,2023/06/20,水沢,晴,12.0,一條記念みちのく大賞(重賞),12,5.0,6,89.3,9.0,10.0,塚本涼人,57.0,ダ,2000.0,良,131.0,3.7,2-2-2-7,41.7,537.0,2.0,ヴァケーション,
2017101896,マイネルアストリア,2023/06/05,水沢,晴,12.0,初夏特別(A),7,6.0,6,9.2,5.0,1.0,高松亮,56.0,ダ,1600.0,良,101.9,-0.8,1-1-1-1,39.0,535.0,-2.0,(グットクレンジング),120.0
2017101896,マイネルアストリア,2023/01/02,水沢,小雪,9.0,睦月特別(A),11,7.0,8,5.4,3.0,4.0,坂口裕一,56.0,ダ,1600.0,不,103.1,0.9,10-9-8-6,39.4,537.0,11.0,バスカヴィル,12.0
2017101896,マイネルアストリア,2022/12/18,水沢,,11.0,冬至特別(A),0,6.0,6,,,,坂口裕一,56.0,ダ,1900.0,,,,,,,,,
2017101896,マイネルアストリア,2022/12/05,水沢,曇,11.0,トウケイニセイ記念(重賞),9,1.0,1,34.0,7.0,7.0,坂口裕一,57.0,ダ,1600.0,稍,102.5,1.7,4-4-7-6,38.9,526.0,6.0,ノーブルサターン,
2017101896,マイネルアストリア,2022/11/07,盛岡,曇,12.0,晩秋特別(A),11,3.0,3,5.4,3.0,7.0,塚本涼人,56.0,ダ,1600.0,良,100.1,1.4,3-4,38.3,520.0,-4.0,グランコージー,
2017101896,マイネルアストリア,2022/10/25,盛岡,曇,12.0,金華特別(A),10,7.0,8,3.8,2.0,10.0,坂口裕一,56.0,ダ,1800.0,良,115.8,2.2,2-2-2-3,40.7,524.0,3.0,スズカゴウケツ,
2017101896,マイネルアストリア,2022/09/27,盛岡,曇,11.0,長月特別(A),6,2.0,2,1.1,1.0,1.0,山本聡哉,56.0,ダ,1600.0,良,97.6,-0.6,1-1,37.0,521.0,3.0,(ファルキート),120.0
2017101896,マイネルアストリア,2022/09/11,盛岡,晴,11.0,青藍賞(重賞),8,7.0,7,6.1,3.0,2.0,坂口裕一,57.0,ダ,1600.0,良,98.4,0.4,1-1,38.1,518.0,3.0,ゴールデンヒーラー,105.0
2017101896,マイネルアストリア,2022/08/15,盛岡,雨,12.0,立秋特別(A),7,7.0,7,2.0,2.0,1.0,山本聡哉,56.0,ダ,1600.0,不,97.2,-0.3,1-1,35.9,515.0,-5.0,(リリーモントルー),120.0
2017101896,マイネルアストリア,2022/07/18,盛岡,曇,12.0,マーキュリーC(JpnIII),14,7.0,11,305.5,11.0,11.0,山本聡哉,54.0,ダ,2000.0,稍,125.8,3.3,9-10-11-9,39.3,520.0,1.0,バーデンヴァイラー,
2017101896,マイネルアストリア,2022/06/19,水沢,雨,11.0,一條記念みちのく大賞(重賞),12,3.0,3,1.9,1.0,5.0,山本聡哉,57.0,ダ,2000.0,稍,128.8,1.1,5-5-4-5,39.5,519.0,-9.0,ステイオンザトップ,50.0
2017101896,マイネルアストリア,2022/05/22,水沢,曇,11.0,あすなろ賞(重賞),12,3.0,3,1.9,1.0,1.0,山本聡哉,57.0,ダ,1900.0,良,123.5,-0.9,2-2-2-1,38.5,528.0,3.0,(リリーモントルー),250.0
2017101896,マイネルアストリア,2022/05/08,水沢,晴,11.0,シアンモア記念(重賞),10,6.0,7,4.2,3.0,5.0,坂口裕一,57.0,ダ,1600.0,良,103.4,1.1,2-2-1-2,40.8,525.0,-8.0,ヴァケーション,50.0
2017101896,マイネルアストリア,2022/04/10,水沢,晴,11.0,赤松杯(重賞),10,8.0,9,2.5,1.0,1.0,山本聡哉,56.0,ダ,1600.0,良,102.1,-0.1,3-3-2-2,39.3,533.0,9.0,(ヴァケーション),250.0
2017101896,マイネルアストリア,2022/03/05,2中山3,晴,10.0,上総S(3勝クラス),16,8.0,15,158.1,16.0,12.0,丹内祐次,52.0,ダ,1800.0,良,114.8,2.7,2-2-2-3,40.5,524.0,0.0,ホウオウルバン,
2017101896,マイネルアストリア,2021/12/12,6阪神4,晴,10.0,竹田城S(3勝クラス),14,4.0,6,198.6,14.0,14.0,国分優作,53.0,ダ,2000.0,良,128.9,3.4,1-1-1-3,41.7,524.0,8.0,ユアヒストリー,
2017101896,マイネルアストリア,2021/11/27,5阪神7,曇,10.0,茨木S(3勝クラス),16,8.0,16,123.5,13.0,16.0,斎藤新,57.0,ダ,1800.0,良,116.7,4.0,1-1-1-2,41.8,516.0,1.0,ダノンハーロック,
2017101896,マイネルアストリア,2021/09/27,盛岡,晴,9.0,東京カップけやき賞(A),9,6.0,6,1.6,1.0,1.0,山本聡哉,56.0,ダ,1800.0,良,113.7,-1.0,1-1-1-1,38.6,515.0,-5.0,(アースライザー),250.0
2017101896,マイネルアストリア,2021/08/21,4新潟3,晴,9.0,瀬波温泉特別(2勝クラス),15,2.0,3,62.3,11.0,6.0,木幡巧也,57.0,ダ,1800.0,良,112.0,0.5,1-1-1-2,38.9,520.0,-6.0,ワンダーエカルテ,
2017101896,マイネルアストリア,2021/08/01,1函館10,曇,12.0,竜飛崎特別(2勝クラス),14,4.0,6,118.5,14.0,7.0,丹内祐次,57.0,ダ,1700.0,良,107.0,1.0,5-5-3-3,39.6,526.0,12.0,ヴィーダ,
2017101896,マイネルアストリア,2020/12/13,5中山4,晴,9.0,チバテレ杯(2勝クラス),16,3.0,5,175.1,14.0,11.0,内田博幸,56.0,ダ,1800.0,良,115.5,1.5,8-9-13-12,38.8,514.0,6.0,トランスナショナル,
2017101896,マイネルアストリア,2020/11/15,5阪神4,晴,7.0,3歳以上2勝クラス,14,6.0,10,41.0,9.0,11.0,内田博幸,55.0,ダ,1800.0,良,114.3,1.4,4-4-4-4,39.1,508.0,-2.0,メイショウダジン,
2017101896,マイネルアストリア,2020/10/27,船橋,晴,10.0,フェイスフルブーツ特(B2B3),7,1.0,1,4.0,2.0,1.0,丹内祐次,57.0,ダ,1800.0,稍,114.2,-0.6,1-1-1-1,39.1,510.0,2.0,(ヤマニンスプレモ),400.0
2017101896,マイネルアストリア,2020/10/11,4新潟2,晴,3.0,3歳以上1勝クラス,11,3.0,3,22.0,7.0,7.0,丹内祐次,55.0,ダ,1800.0,良,113.1,1.4,1-1-2-2,39.1,508.0,10.0,ダッチマン,
2017101896,マイネルアストリア,2020/09/19,4中山3,曇,8.0,3歳以上1勝クラス,15,4.0,6,12.3,5.0,12.0,丹内祐次,54.0,ダ,1800.0,良,116.6,1.5,1-1-1-1,41.1,498.0,12.0,プントファイヤー,
2017101896,マイネルアストリア,2020/03/20,2中山7,晴,4.0,3歳1勝クラス,16,4.0,8,26.8,8.0,5.0,丹内祐次,56.0,ダ,1800.0,良,115.8,1.5,3-3-4-5,39.8,486.0,-4.0,バーナードループ,73.0
2017101896,マイネルアストリア,2020/02/29,2中山1,晴,4.0,3歳1勝クラス,15,4.0,6,9.1,4.0,5.0,津村明秀,56.0,ダ,1800.0,良,115.6,0.7,8-7-8-8,39.7,490.0,6.0,アポロアベリア,73.0
2017101896,マイネルアストリア,2020/01/25,1中山8,曇,9.0,呉竹賞(1勝クラス),13,3.0,3,171.0,12.0,4.0,津村明秀,56.0,ダ,1800.0,良,114.8,0.3,4-4-4-5,38.9,484.0,-2.0,セラン,150.0
2017101896,マイネルアストリア,2020/01/12,1中山4,曇,9.0,黒竹賞(1勝クラス),13,1.0,1,184.5,12.0,5.0,丹内祐次,56.0,ダ,1800.0,良,115.7,1.4,5-7-7-6,40.5,486.0,6.0,デルマオニキス,101.0
2017101896,マイネルアストリア,2019/12/08,5中山4,晴,7.0,2歳1勝クラス,16,7.0,14,215.2,15.0,14.0,丹内祐次,55.0,ダ,1800.0,良,116.2,1.9,2-2-2-3,40.3,480.0,-6.0,ヤウガウ,
2017101896,マイネルアストリア,2019/10/31,門別,晴,11.0,北海道2歳優駿(JpnIII),14,8.0,13,75.1,10.0,5.0,丹内祐次,55.0,ダ,1800.0,良,117.3,1.1,4-4-3-3,40.5,486.0,14.0,キメラヴェリテ,125.0
2017101896,マイネルアストリア,2019/10/15,4東京3,曇,9.0,プラタナス賞(1勝クラス),11,3.0,3,39.2,8.0,8.0,内田博幸,55.0,ダ,1600.0,稍,100.3,2.4,4-4,37.8,472.0,0.0,タガノビューティー,
2017101896,マイネルアストリア,2019/08/31,2新潟11,晴,2.0,2歳未勝利,13,4.0,5,12.6,4.0,1.0,内田博幸,54.0,ダ,1800.0,重,115.6,-0.8,2-2-1-1,40.2,472.0,-4.0,(クロカドッグ),500.0
2017101896,マイネルアストリア,2019/07/21,2福島8,曇,1.0,2歳未勝利,15,7.0,12,28.1,7.0,10.0,内田博幸,54.0,芝,1800.0,稍,114.0,0.9,6-9-10-11,36.4,476.0,14.0,コスモインペリウム,
2017101896,マイネルアストリア,2019/06/15,3東京5,雨,5.0,2歳新馬,15,7.0,14,52.4,11.0,7.0,内田博幸,54.0,ダ,1400.0,不,88.3,1.1,3-2,38.6,462.0,0.0,ヴィンカマヨール,
2020103685,ヒシタイカン,2026/06/28,金沢,曇,7.0,としおゆうこ夫妻に感(B2),9,7.0,7,9.0,3.0,4,吉原寛人,57.0,ダ,1400.0,重,95.3,1.0,2-2-2-2,41.6,436.0,-3.0,サノノヒーロー,6.5
2020103685,ヒシタイカン,2026/06/16,金沢,曇,9.0,B26,10,8.0,11,10.8,3.0,9,加藤翔馬,57.0,ダ,1500.0,良,102.9,3.0,1-1-2-5,43.9,439.0,4.0,ケアンズ,
2020103685,ヒシタイカン,2026/05/31,金沢,晴,11.0,第2回竹橋おきらく食(B2特別),11,4.0,4,1.9,1.0,5,加藤翔馬,57.0,ダ,1400.0,良,94.5,1.1,2-2-2-3,41.2,435.0,-2.0,ロマンスグレー,5.0
2020103685,ヒシタイカン,2026/04/30,大井,曇,12.0,トーラス特別競走(C1),14,3.0,4,221.5,12.0,14,東原悠善,56.0,ダ,1650.0,稍,112.0,6.1,4-4-12-14,44.6,437.0,-2.0,トーランテソーロ,
2020103685,ヒシタイカン,2026/04/17,大井,晴,10.0,北極星特別競走(C1),13,6.0,9,141.6,11.0,13,東原悠善,56.0,ダ,2000.0,重,133.4,3.4,2-2-1-4,42.4,439.0,-2.0,セキトバシューズ,
2020103685,ヒシタイカン,2026/03/24,大井,晴,12.0,うみへび座特別競走(C1),13,4.0,4,108.0,13.0,13,東原悠善,56.0,ダ,1800.0,良,118.9,3.2,1-1-2-2,42.1,441.0,-1.0,フェアゴー,
2020103685,ヒシタイカン,2026/03/13,大井,曇,8.0,C1三四五(C1四),10,7.0,8,110.3,9.0,9,東原悠善,56.0,ダ,1600.0,良,105.9,2.2,1-1-1-1,42.3,442.0,1.0,セキトバシューズ,
2020103685,ヒシタイカン,2026/02/18,大井,晴,7.0,C1二三四(C1三),14,2.0,2,220.1,13.0,12,高橋優,53.0,ダ,1600.0,稍,105.9,3.1,8-7-13-13,40.7,441.0,-2.0,ヴィラスターリ,
2020103685,ヒシタイカン,2026/01/27,大井,晴,12.0,小石川見附特別競走(C1),13,1.0,1,27.8,6.0,13,御神本訓,56.0,ダ,2000.0,良,133.1,2.4,4-4-4-5,40.2,443.0,-2.0,ネポティズムベビー,
2020103685,ヒシタイカン,2026/01/13,大井,晴,10.0,おうし座特別競走(C1),13,4.0,4,5.8,2.0,11,矢野貴之,56.0,ダ,1800.0,良,119.5,3.5,5-5-4-6,42.0,445.0,13.0,ヨシイチ,
2020103685,ヒシタイカン,2025/11/16,3福島4,晴,10.0,三陸特別(2勝クラス),16,5.0,9,54.8,12.0,16,高杉吏麒,58.0,芝,2600.0,良,164.5,3.1,4-6-8-12,37.6,432.0,-4.0,ローザサンリヴァル,
2020103685,ヒシタイカン,2025/06/21,3東京5,晴,9.0,町田特別(2勝クラス),9,7.0,7,50.2,6.0,8,大野拓弥,55.0,芝,2400.0,良,148.6,3.2,2-3-5-5,37.9,436.0,4.0,ヤマニンブークリエ,
2020103685,ヒシタイカン,2024/08/17,2札幌3,曇,11.0,札幌日刊スポーツ杯(2勝クラス),14,8.0,13,36.1,10.0,12,佐々木大,56.0,芝,2600.0,良,162.1,1.6,1-1-2-1,37.6,432.0,8.0,フェミナフォルテ,
2020103685,ヒシタイカン,2024/04/13,3中山7,晴,7.0,4歳以上1勝クラス,9,2.0,2,7.1,4.0,1,大野拓弥,58.0,芝,2200.0,良,136.5,-0.2,1-1-1-1,34.9,424.0,-8.0,(セイウンパシュート),800.0
2020103685,ヒシタイカン,2024/01/20,1中山6,曇,12.0,4歳以上1勝クラス,17,5.0,10,7.0,4.0,6,キング,57.0,芝,2200.0,良,134.4,1.2,4-4-4-3,36.3,432.0,4.0,サトノトルネード,
2020103685,ヒシタイカン,2023/10/21,4新潟3,小雨,9.0,岩船特別(1勝クラス),15,8.0,15,6.0,3.0,13,佐々木大,55.0,芝,2200.0,重,138.6,2.9,7-7-7-9,37.9,428.0,-6.0,アームブランシュ,
2020103685,ヒシタイカン,2023/06/03,3東京1,晴,8.0,稲城特別(1勝クラス),6,4.0,4,3.4,3.0,3,レーン,54.0,芝,2400.0,不,149.5,0.4,2-2-2-2,35.1,434.0,0.0,ニシノレヴナント,282.1
2020103685,ヒシタイカン,2023/04/29,2東京3,晴,11.0,テレビ東京杯青葉賞(GII),15,5.0,8,6.6,3.0,12,Ｍ．デム,56.0,芝,2400.0,良,146.1,2.2,9-8-7-7,36.5,434.0,2.0,スキルヴィング,
2020103685,ヒシタイカン,2022/10/15,4東京4,曇,5.0,2歳新馬,11,8.0,10,5.5,4.0,1,福永祐一,55.0,芝,2000.0,良,122.0,0.0,4-5-6,33.4,432.0,0.0,(スキルヴィング),700.0
2020106457,スナイチゴールド,2026/07/14,盛岡,曇,11.0,B1二組,10,5.0,5,5.4,4.0,3,高松亮,56.0,ダ,1600.0,稍,99.3,0.5,3-4,37.7,531.0,-2.0,ウィンターサン,16.0
2020106457,スナイチゴールド,2026/06/01,水沢,曇,11.0,ムスカリ賞(B1),10,8.0,10,11.3,5.0,5,小林凌,56.0,ダ,1600.0,良,104.8,0.5,7-8-8-7,40.1,533.0,2.0,オデンシタ,5.6
2020106457,スナイチゴールド,2026/05/19,盛岡,晴,11.0,ハイペリカム賞(B1),11,4.0,4,17.2,7.0,4,塚本涼人,56.0,ダ,1600.0,良,99.9,1.0,10-9,38.5,531.0,-8.0,モズユイユイ,10.4
2020106457,スナイチゴールド,2026/05/04,盛岡,小雨,10.0,いわてくじ山形村短角(B1),9,8.0,10,,,取,小林凌,56.0,ダ,1600.0,不,,,,,,,ファルヴォーレ,
2020106457,スナイチゴールド,2026/04/21,水沢,晴,11.0,B1二組,10,8.0,9,1.9,1.0,8,村上忍,56.0,ダ,1600.0,良,107.0,2.9,5-6-4-3,43.6,539.0,-3.0,スマートハンター,
2020106457,スナイチゴールド,2026/04/05,水沢,曇,9.0,岩手伝統工芸岩谷堂箪(B1B2),12,4.0,4,7.3,5.0,1,塚本涼人,57.0,ダ,1600.0,重,101.3,-0.4,6-4-4-4,38.6,542.0,-2.0,(ワイドカイゼリン),80.0
2020106457,スナイチゴールド,2026/03/22,水沢,晴,9.0,小袖海岸賞(B1),8,6.0,6,7.7,4.0,6,菅原辰徳,56.0,ダ,1600.0,良,106.2,1.8,1-1-2-4,42.7,544.0,-2.0,マジカルワード,
2020106457,スナイチゴールド,2025/06/21,3東京5,晴,12.0,3歳以上1勝クラス,16,2.0,3,161.9,12.0,10,吉田豊,58.0,ダ,1600.0,良,98.3,1.7,16-16,36.3,546.0,6.0,チザルピーノ,
2020106457,スナイチゴールド,2025/06/15,3東京4,曇,8.0,3歳以上1勝クラス,16,8.0,15,156.0,14.0,4,吉田豊,58.0,ダ,1600.0,重,96.3,0.5,13-13,35.5,540.0,4.0,グレイスザクラウン,120.0
2020106457,スナイチゴールド,2025/05/24,2東京9,曇,8.0,4歳以上1勝クラス,16,2.0,3,103.3,13.0,10,吉田豊,58.0,ダ,1400.0,良,86.7,0.8,10-10,36.5,536.0,-16.0,サトノアルペジオ,
2020106457,スナイチゴールド,2025/02/02,1東京2,小雨,7.0,4歳以上1勝クラス,16,2.0,4,198.8,12.0,9,吉田豊,58.0,ダ,1600.0,稍,98.8,1.3,13-13,37.8,552.0,8.0,マスグラバイト,
2020106457,スナイチゴールド,2024/12/07,4中京3,曇,2.0,3歳以上1勝クラス,13,2.0,2,100.9,9.0,9,角田大和,58.0,ダ,1400.0,良,86.5,2.5,11-9,38.2,544.0,4.0,トクシーカイザー,
2020106457,スナイチゴールド,2024/11/17,5東京6,晴,7.0,3歳以上1勝クラス,16,6.0,12,36.8,12.0,11,角田大和,58.0,ダ,1300.0,良,80.5,1.6,10-10,37.1,540.0,8.0,フラーハ,
2020106457,スナイチゴールド,2024/11/03,3福島2,晴,12.0,3歳以上1勝クラス,10,8.0,10,16.5,4.0,10,永島まな,56.0,ダ,1150.0,重,69.7,2.3,5-7,37.4,532.0,-2.0,アメリカンマーチ,
2020106457,スナイチゴールド,2024/05/26,2東京12,晴,7.0,4歳以上1勝クラス,15,7.0,14,10.2,4.0,6,吉田豊,58.0,ダ,1400.0,良,85.5,1.3,10-9,37.0,534.0,0.0,ニシノスピカ,
2020106457,スナイチゴールド,2024/05/05,1新潟4,晴,12.0,4歳以上1勝クラス,13,7.0,11,11.7,6.0,5,角田大和,57.0,ダ,1200.0,良,73.4,0.6,7-7,37.5,534.0,-18.0,シュバルツガイスト,80.0
2020106457,スナイチゴールド,2024/02/04,1東京4,曇,8.0,4歳以上1勝クラス,16,7.0,13,6.9,4.0,6,吉田豊,58.0,ダ,1300.0,良,79.6,0.5,11-10,36.7,552.0,8.0,エスパダアスール,
2020106457,スナイチゴールド,2024/01/08,1中山3,晴,7.0,4歳以上1勝クラス,16,3.0,5,19.7,9.0,4,吉田豊,58.0,ダ,1200.0,良,73.1,0.2,13-13,38.4,544.0,6.0,オルコス,120.0
2020106457,スナイチゴールド,2023/12/10,4中京4,晴,8.0,3歳以上1勝クラス,16,8.0,15,76.2,13.0,3,角田大和,56.0,ダ,1400.0,良,85.4,0.4,11-10,37.5,538.0,22.0,フミサウンド,200.0
2020106457,スナイチゴールド,2023/05/20,2東京9,曇,6.0,3歳1勝クラス,16,8.0,16,127.0,13.0,10,吉田豊,56.0,ダ,1400.0,稍,85.0,1.8,14-11,36.6,516.0,-6.0,ワールズコライド,
2020106457,スナイチゴールド,2023/05/06,2東京5,晴,6.0,3歳1勝クラス,15,3.0,4,291.1,14.0,10,吉田豊,56.0,ダ,1600.0,良,99.3,2.8,7-7,39.5,522.0,2.0,ブライアンセンス,
2020106457,スナイチゴールド,2023/04/15,3中山7,雨,6.0,3歳1勝クラス,13,6.0,8,43.9,11.0,11,丸田恭介,56.0,ダ,1800.0,重,114.5,2.3,6-6-6-6,39.3,520.0,-6.0,ハッスルダンク,
2020106457,スナイチゴールド,2023/03/12,2中京2,曇,10.0,昇竜S(OP),16,5.0,9,254.4,16.0,12,団野大成,56.0,ダ,1400.0,良,85.7,1.7,15-15,37.6,526.0,2.0,グレートサンドシー,
2020106457,スナイチゴールド,2022/11/26,5東京7,曇,9.0,カトレアS(OP),10,1.0,1,57.0,10.0,10,丸田恭介,55.0,ダ,1600.0,稍,99.0,2.4,3-3,39.3,524.0,4.0,コンティノアール,
2020106457,スナイチゴールド,2022/10/29,4東京8,晴,1.0,2歳未勝利,11,7.0,8,11.7,5.0,1,丸田恭介,55.0,ダ,1600.0,良,101.1,-0.5,1-1,37.8,520.0,14.0,(モダナイズクィーン),520.0
2020106457,スナイチゴールド,2022/08/07,2新潟4,晴,1.0,2歳未勝利,15,7.0,13,92.7,11.0,11,和田竜二,54.0,芝,1400.0,良,83.6,1.5,2-2,37.0,506.0,0.0,サイモンオリーブ,
2020106457,スナイチゴールド,2022/07/09,2福島3,曇,5.0,2歳新馬,11,6.0,6,40.4,7.0,5,藤田菜七,52.0,芝,1800.0,良,112.5,1.3,1-1-1-2,36.9,506.0,0.0,マイネルズーメン,70.0
2020102231,ワイドカイゼリン,2026/07/14,盛岡,曇,11.0,B1二組,10,7.0,7,33.0,8.0,8,坂井瑛音,53.0,ダ,1600.0,稍,101.0,2.2,1-1,39.9,527.0,-3.0,ウィンターサン,
2020102231,ワイドカイゼリン,2026/06/28,盛岡,晴,10.0,カッパ淵賞(B1),10,5.0,5,15.8,6.0,9,岩本怜,54.0,ダ,1400.0,良,86.9,2.1,10-10,37.7,530.0,2.0,ポッドジャスパー,
2020102231,ワイドカイゼリン,2026/06/15,水沢,曇,10.0,B1,12,8.0,11,11.6,4.0,10,岩本怜,54.0,ダ,1400.0,稍,89.6,1.4,3-3-2-1,40.6,528.0,5.0,コパノマロン,
2020102231,ワイドカイゼリン,2026/06/01,水沢,晴,10.0,シベリアンアイリス賞(B1B2),10,8.0,9,10.8,4.0,2,坂井瑛音,54.0,ダ,1600.0,良,104.3,0.1,1-1-1-1,40.3,523.0,3.0,ウィンターサン,28.0
2020102231,ワイドカイゼリン,2026/05/19,盛岡,晴,11.0,ハイペリカム賞(B1),11,2.0,2,16.1,6.0,9,坂井瑛音,53.0,ダ,1600.0,良,101.6,2.7,1-1,41.4,520.0,5.0,モズユイユイ,
2020102231,ワイドカイゼリン,2026/05/04,盛岡,小雨,10.0,いわてくじ山形村短角(B1),9,5.0,5,7.4,3.0,8,菅原辰徳,54.0,ダ,1600.0,不,98.6,0.9,1-1,38.9,515.0,10.0,ファルヴォーレ,
2020102231,ワイドカイゼリン,2026/04/19,水沢,晴,11.0,B1三組,11,7.0,9,10.1,4.0,2,菅原辰徳,54.0,ダ,1600.0,良,104.7,0.1,1-1-1-1,40.0,505.0,6.0,ファームフレッシュ,28.0
2020102231,ワイドカイゼリン,2026/04/05,水沢,曇,9.0,岩手伝統工芸岩谷堂箪(B1B2),12,7.0,10,30.2,9.0,2,菅原辰徳,54.0,ダ,1600.0,重,101.7,0.4,2-2-1-1,39.2,499.0,5.0,スナイチゴールド,28.0
2020102231,ワイドカイゼリン,2026/03/23,水沢,曇,10.0,フリージア賞(B2),11,8.0,10,8.5,4.0,1,菅原辰徳,54.0,ダ,1600.0,良,106.7,-0.2,1-1-1-1,40.4,494.0,2.0,(ヴァンナチュール),60.0
2020102231,ワイドカイゼリン,2026/02/23,名古屋,晴,9.0,"2,000m戦在原業(B)",11,8.0,11,186.2,8.0,9,大畑慧悟,55.0,ダ,2000.0,良,136.9,4.0,5-7-8,42.7,492.0,-5.0,ボルドーリスクレス,
2020102231,ワイドカイゼリン,2026/02/10,名古屋,曇,12.0,レディス・ショコラ特(B),11,7.0,9,174.5,9.0,9,友森翔太,55.0,ダ,1500.0,良,98.9,4.3,11-11-11,40.9,497.0,-5.0,エレインアスティ,
2020102231,ワイドカイゼリン,2026/01/26,名古屋,晴,10.0,梅根性特別(B),11,6.0,7,20.8,6.0,6,大畑慧悟,55.0,ダ,1700.0,良,113.5,1.3,2-2-2,40.7,502.0,-7.0,オオタニズスマイル,
2020102231,ワイドカイゼリン,2026/01/14,名古屋,曇,11.0,レディス・ユニコーン(B),10,4.0,4,53.4,7.0,5,大畑慧悟,55.0,ダ,1400.0,良,91.1,1.2,7-6-6,39.4,509.0,5.0,セットクルール,10.0
2020102231,ワイドカイゼリン,2026/01/04,名古屋,晴,12.0,しめ縄賞(B),11,8.0,11,13.1,6.0,1,大畑慧悟,55.0,ダ,920.0,良,56.0,-0.2,3,36.0,504.0,-5.0,(マルトクローレル),65.0
2020102231,ワイドカイゼリン,2025/12/18,名古屋,晴,10.0,カストル特別(B),10,1.0,1,151.4,9.0,10,大畑慧悟,55.0,ダ,1500.0,稍,98.8,3.2,5-8-10,41.0,509.0,1.0,アキヨシパワー,
2020102231,ワイドカイゼリン,2025/12/04,名古屋,晴,11.0,エリダヌス座特別(B),12,6.0,8,58.3,10.0,10,大畑慧悟,55.0,ダ,1500.0,稍,98.8,2.0,5-6-7,40.9,508.0,2.0,カミルレ,
2020102231,ワイドカイゼリン,2025/11/10,名古屋,晴,11.0,ペルセウス座特別(B),9,5.0,5,20.8,7.0,7,村上弘樹,55.0,ダ,1700.0,稍,114.7,2.3,1-1-4,41.2,506.0,-1.0,バウブロッサム,
2020102231,ワイドカイゼリン,2025/10/28,名古屋,晴,12.0,くじら座特別(B),12,3.0,3,59.5,10.0,7,村上弘樹,55.0,ダ,1400.0,稍,91.7,1.7,6-9-8,40.1,507.0,-1.0,マイネルラカイユ,
2020102231,ワイドカイゼリン,2025/10/14,名古屋,小雨,11.0,みなみのうお座特別(B),12,6.0,7,7.5,4.0,7,大畑慧悟,55.0,ダ,1500.0,良,97.8,0.7,1-1-1,40.3,508.0,-4.0,ユアグローリー,
2020102231,ワイドカイゼリン,2025/09/16,門別,晴,12.0,メランポジューム特別(B3),11,1.0,1,32.8,8.0,6,塩津璃菜,51.0,ダ,1700.0,良,112.6,1.7,2-2-2-2,42.3,512.0,4.0,スリーレジェンド,
2020102231,ワイドカイゼリン,2025/08/19,門別,曇,12.0,祝1周年国立公園バー(B3),10,8.0,9,9.3,5.0,7,秋元耕成,54.0,ダ,1700.0,不,112.5,1.7,3-2-2-2,40.6,508.0,-8.0,パンテレリア,
2020102231,ワイドカイゼリン,2025/07/22,門別,晴,12.0,デュランタ特別(B3),11,7.0,9,7.1,3.0,9,落合玄太,54.0,ダ,1700.0,良,113.4,2.0,5-5-6-6,41.5,516.0,-14.0,マイモーメント,
2020102231,ワイドカイゼリン,2025/07/08,門別,晴,12.0,アヤメ特別(B3),10,4.0,4,15.4,5.0,10,落合玄太,54.0,ダ,1800.0,良,121.9,2.9,1-1-1-1,42.3,530.0,32.0,スペイスフォース,
2020102231,ワイドカイゼリン,2025/05/14,門別,曇,12.0,タリスマニック賞(B2),11,5.0,6,6.4,3.0,5,落合玄太,54.0,ダ,1700.0,良,111.7,1.0,5-5-5-5,39.7,498.0,-6.0,スティールドリーム,4.9
2020102231,ワイドカイゼリン,2025/04/30,門別,晴,10.0,北海道で生まれ育って(B2),10,6.0,6,4.8,2.0,2,落合玄太,54.0,ダ,1700.0,重,110.7,0.3,2-2-2-1,39.8,504.0,4.0,アジャイルブラック,19.6
2020102231,ワイドカイゼリン,2025/04/16,門別,曇,12.0,すぱっと!POG!開(B2),10,8.0,9,3.0,2.0,4,落合玄太,54.0,ダ,1700.0,不,108.1,0.9,1-1-1-1,40.0,500.0,16.0,スティールドリーム,9.8
2020102231,ワイドカイゼリン,2025/02/09,1小倉6,晴,7.0,4歳以上1勝クラス,13,8.0,12,22.6,9.0,9,藤岡佑介,56.0,ダ,1700.0,稍,108.1,1.4,2-2-2-2,39.6,484.0,-6.0,ワイノナオミ,
2020102231,ワイドカイゼリン,2024/11/13,名古屋,晴,11.0,名古屋CCディアナ賞(A),12,3.0,3,8.1,5.0,2,渡辺竜也,55.0,ダ,1500.0,良,94.7,0.9,3-3-1,38.9,490.0,-2.0,ベント,63.0
2020102231,ワイドカイゼリン,2024/09/22,3中京7,雨,7.0,3歳以上1勝クラス,12,5.0,6,67.5,10.0,9,富田暁,56.0,ダ,1400.0,良,86.5,1.9,4-5,38.8,492.0,10.0,レッドダンルース,
2020102231,ワイドカイゼリン,2024/02/24,2小倉5,晴,7.0,4歳以上1勝クラス,14,8.0,13,10.9,7.0,8,河原田菜,51.0,ダ,1700.0,重,105.8,0.9,3-4-3-2,38.5,482.0,2.0,エールミネルヴァ,
2020102231,ワイドカイゼリン,2024/02/10,2小倉1,晴,7.0,4歳以上1勝クラス,11,8.0,10,2.8,1.0,6,藤岡佑介,55.0,ダ,1700.0,稍,107.6,0.4,2-2-2-2,37.8,480.0,0.0,ブーバー,
2020102231,ワイドカイゼリン,2024/01/28,1小倉6,小雨,7.0,4歳以上1勝クラス,14,8.0,13,10.3,3.0,2,藤岡佑介,55.0,ダ,1700.0,良,107.2,0.2,4-4-3-3,38.3,480.0,0.0,オシゲ,320.0
2020102231,ワイドカイゼリン,2023/11/19,3福島6,晴,2.0,3歳以上1勝クラス,15,2.0,3,69.0,11.0,6,富田暁,54.0,ダ,1700.0,重,105.7,0.7,3-3-4-3,38.9,480.0,10.0,ランスオブサターン,
2020102231,ワイドカイゼリン,2023/09/03,3新潟8,晴,8.0,3歳以上1勝クラス,15,3.0,5,58.5,10.0,11,木幡巧也,53.0,ダ,1800.0,良,117.0,4.0,1-1-1-1,42.1,470.0,-4.0,キタサンドーシン,
2020102231,ワイドカイゼリン,2023/08/26,3小倉5,晴,8.0,3歳以上1勝クラス,16,2.0,4,24.0,9.0,12,田口貫太,50.0,ダ,1700.0,稍,106.4,1.5,8-8-9-8,39.0,474.0,4.0,スマートカリス,
2020102231,ワイドカイゼリン,2023/08/05,2新潟3,晴,8.0,3歳以上1勝クラス,15,5.0,8,288.6,14.0,11,城戸義政,53.0,ダ,1800.0,良,115.5,3.0,2-2-2-2,40.7,470.0,-6.0,ティルドーン,
2020102231,ワイドカイゼリン,2023/04/23,1京都2,晴,6.0,3歳1勝クラス,9,8.0,9,66.3,8.0,9,藤岡佑介,54.0,ダ,1800.0,良,116.5,4.2,5-5-6-8,41.1,476.0,2.0,ヤマニンウルス,
2020102231,ワイドカイゼリン,2023/02/11,2小倉1,晴,1.0,3歳未勝利,16,7.0,13,2.8,1.0,1,藤岡佑介,54.0,ダ,1700.0,不,106.2,-0.1,4-5-4-4,37.7,474.0,-2.0,(グッドハビッツ),550.0
2020102231,ワイドカイゼリン,2023/01/29,1小倉6,曇,1.0,3歳未勝利,13,3.0,3,8.5,4.0,2,藤岡佑介,54.0,ダ,1700.0,重,106.6,0.2,1-1-1-1,37.1,476.0,6.0,ワレハウミノコ,220.0
2020102231,ワイドカイゼリン,2023/01/14,1中京5,小雨,3.0,3歳未勝利,13,8.0,12,11.7,5.0,5,ルメール,54.0,ダ,1800.0,重,116.2,1.3,3-3-3-3,38.7,470.0,-6.0,ルクスフロンティア,55.0
2020102231,ワイドカイゼリン,2022/12/28,6阪神9,晴,3.0,2歳未勝利,16,6.0,12,36.8,9.0,11,吉田隼人,54.0,芝,1800.0,良,109.2,1.3,9-9,35.7,476.0,-6.0,メモリーズオブユー,
2020102231,ワイドカイゼリン,2022/11/13,5阪神4,雨,4.0,2歳未勝利,10,1.0,1,45.3,9.0,7,和田竜二,54.0,芝,1600.0,稍,96.0,1.3,3-3,35.8,482.0,0.0,ユリーシャ,
2020102231,ワイドカイゼリン,2022/10/22,4阪神6,晴,5.0,2歳新馬,10,1.0,1,17.0,6.0,4,和田竜二,54.0,芝,1600.0,良,97.9,0.3,6-6,33.9,482.0,0.0,シングザットソング,90.0
2018105256,サトノバトラー,2026/07/14,盛岡,曇,11.0,B1二組,10,8.0,9,8.3,5.0,4,高橋悠里,56.0,ダ,1600.0,稍,99.6,0.8,10-9,36.7,497.0,-3.0,ウィンターサン,10.4
2018105256,サトノバトラー,2026/06/29,盛岡,晴,11.0,夢・希望未来へ前進(B1),10,7.0,8,19.9,5.0,5,高橋悠里,56.0,ダ,1600.0,良,99.4,1.1,10-7,37.2,500.0,5.0,タイセイストラーダ,5.6
2018105256,サトノバトラー,2026/04/21,水沢,晴,12.0,夢・希望未来へ前進(B1),11,8.0,11,17.1,7.0,3,高橋悠里,56.0,ダ,1600.0,良,105.3,0.8,8-10-8-7,39.8,495.0,-5.0,タイセイモンストル,16.0
2018105256,サトノバトラー,2026/04/07,水沢,曇,11.0,B1二組,10,7.0,8,9.1,4.0,3,高橋悠里,56.0,ダ,1600.0,稍,103.1,0.1,10-10-10-10,37.8,500.0,2.0,オデンシタ,16.0
2018105256,サトノバトラー,2026/03/24,水沢,晴,12.0,パンジー賞(B1),12,7.0,9,18.3,4.0,6,高橋悠里,56.0,ダ,1600.0,良,106.1,0.9,12-12-11-10,39.8,498.0,0.0,サンエントジアスタ,
2018105256,サトノバトラー,2026/03/10,水沢,晴,11.0,雪柳賞(B1),11,7.0,8,10.1,5.0,3,高橋悠里,56.0,ダ,1600.0,稍,103.9,0.5,10-10-9-8,39.3,498.0,4.0,スノーパトロール,16.0
2018105256,サトノバトラー,2025/12/22,水沢,曇,12.0,夢・希望未来へ前進(B1),11,8.0,10,5.1,3.0,7,高橋悠里,56.0,ダ,1600.0,重,102.6,1.5,3-3-3-4,39.2,494.0,0.0,サンマルクレイジー,
2018105256,サトノバトラー,2025/12/09,水沢,曇,8.0,オッズパークフルスロ(B1),9,4.0,4,3.8,2.0,1,高橋悠里,56.0,ダ,1600.0,不,101.3,-0.1,6-6-3-1,38.7,494.0,0.0,(バイアメ),80.0
2018105256,サトノバトラー,2025/11/26,水沢,曇,11.0,優駿スタリオンステー(B1),9,7.0,8,6.7,4.0,2,高橋悠里,56.0,ダ,1600.0,稍,103.2,0.0,6-6-4-5,39.6,494.0,1.0,ジョリーロジャー,28.0
2018105256,サトノバトラー,2025/11/12,盛岡,晴,12.0,ユーカリ賞(B1),9,6.0,6,8.2,4.0,4,高橋悠里,56.0,ダ,1800.0,良,116.1,0.6,5-6-7-7,39.3,493.0,-2.0,クリコマ,10.4
2018105256,サトノバトラー,2025/10/27,盛岡,曇,12.0,ひいらぎ賞(B1),9,8.0,10,25.9,8.0,3,高橋悠里,56.0,ダ,1600.0,稍,99.7,0.3,8-7,36.8,495.0,-1.0,ビクトリーサイト,18.0
2018105256,サトノバトラー,2025/10/13,盛岡,晴,11.0,サンキュー!岩手競馬(B1),12,7.0,9,13.9,6.0,6,高橋悠里,56.0,ダ,1600.0,良,100.1,1.0,6-7,37.3,496.0,-4.0,カナオールウェイズ,
2018105256,サトノバトラー,2025/09/29,水沢,曇,10.0,メンケント賞(B1),7,1.0,1,2.9,2.0,1,高橋悠里,56.0,ダ,1600.0,重,102.5,-0.2,5-4-5-3,37.7,500.0,-5.0,(ファルシオン),80.0
2018105256,サトノバトラー,2025/09/16,水沢,晴,11.0,B1二組,12,7.0,9,4.1,2.0,2,高橋悠里,56.0,ダ,1600.0,稍,102.5,0.2,7-7-3-2,38.9,505.0,4.0,クリコマ,28.0
2018105256,サトノバトラー,2025/09/02,盛岡,曇,11.0,中山優馬賞(B1),11,6.0,6,33.8,8.0,3,高橋悠里,56.0,ダ,1600.0,不,99.3,0.4,8-6,36.8,501.0,-2.0,コンチトーホク,16.0
2018105256,サトノバトラー,2025/06/23,水沢,曇,12.0,朝顔賞(B1),11,6.0,7,21.9,6.0,10,高橋悠里,56.0,ダ,1600.0,稍,105.0,2.5,7-10-11-10,39.7,503.0,0.0,マルケイアロー,
2018105256,サトノバトラー,2025/06/10,水沢,曇,11.0,B1一組,10,7.0,8,25.4,6.0,4,高橋悠里,56.0,ダ,1600.0,良,103.6,1.3,7-7-7-6,38.6,503.0,1.0,ダブルラッキー,10.4
2018105256,サトノバトラー,2025/05/27,盛岡,晴,10.0,B1一組,11,8.0,11,8.6,4.0,6,高橋悠里,56.0,ダ,1600.0,良,100.8,2.0,5-7,39.1,502.0,-4.0,ダブルラッキー,
2018105256,サトノバトラー,2025/05/13,盛岡,晴,11.0,紫陽花賞(B1),11,2.0,2,1.9,1.0,5,山本政聡,56.0,ダ,1800.0,稍,118.5,1.0,10-10-8-9,39.2,506.0,4.0,コンバットココ,6.3
2018105256,サトノバトラー,2025/03/16,2中山6,雨,8.0,4歳以上1勝クラス,16,4.0,8,5.5,3.0,12,原優介,58.0,ダ,2400.0,不,158.2,4.7,6-5-6-9,43.3,502.0,-4.0,エアロソニック,
2018105256,サトノバトラー,2025/02/15,1東京5,晴,4.0,4歳以上1勝クラス,16,1.0,1,4.6,2.0,7,キング,58.0,ダ,2100.0,良,134.7,0.9,4-4-4-4,37.5,506.0,6.0,クロックフォード,
2018105256,サトノバトラー,2024/05/11,2東京7,晴,8.0,4歳以上1勝クラス,11,7.0,8,2.6,2.0,3,モレイラ,58.0,ダ,2100.0,良,133.1,0.2,4-4-5-5,37.6,500.0,-6.0,ベルウッドグラス,200.0
2018105256,サトノバトラー,2024/03/10,2中山6,晴,8.0,4歳以上1勝クラス,15,8.0,15,4.9,2.0,4,石川裕紀,58.0,ダ,2400.0,稍,159.9,0.9,10-10-11-8,39.6,506.0,-4.0,ダスク,120.0
2018105256,サトノバトラー,2024/02/18,2小倉4,晴,6.0,4歳以上1勝クラス,13,7.0,10,6.9,3.0,2,佐々木大,57.0,ダ,2400.0,良,155.4,0.0,6-7-7-4,37.7,510.0,6.0,ムジェロ,320.0
2018105256,サトノバトラー,2024/01/20,1小倉3,雨,8.0,4歳以上1勝クラス,13,6.0,9,27.2,10.0,5,佐々木大,57.0,ダ,2400.0,稍,153.0,0.8,10-11-10-10,37.1,504.0,0.0,ダノンボレロ,80.0
2018105256,サトノバトラー,2024/01/06,1中山1,晴,6.0,4歳以上1勝クラス,16,5.0,10,9.2,5.0,12,キング,58.0,ダ,2400.0,良,159.1,2.6,2-2-1-1,41.7,504.0,8.0,ルーラーリッチ,
2018105256,サトノバトラー,2023/08/20,2札幌4,曇,6.0,3歳以上1勝クラス,12,8.0,11,35.5,7.0,6,佐々木大,57.0,ダ,2400.0,稍,158.5,1.0,4-4-6-6,38.7,496.0,-10.0,コルサファターレ,
2018105256,サトノバトラー,2023/01/29,1東京2,晴,7.0,4歳以上1勝クラス,11,5.0,5,11.0,6.0,5,石川裕紀,58.0,ダ,2100.0,良,135.3,0.8,5-6-7-5,38.4,506.0,-2.0,バックスクリーン,80.0
2018105256,サトノバトラー,2023/01/07,1中山2,晴,4.0,4歳以上1勝クラス,11,4.0,4,41.4,7.0,3,石川裕紀,58.0,ダ,2400.0,良,157.9,1.0,4-4-5-5,40.3,508.0,6.0,スリーエクスプレス,200.0
2018105256,サトノバトラー,2022/08/21,2札幌4,晴,6.0,3歳以上1勝クラス,12,5.0,6,20.6,7.0,11,ルメール,57.0,ダ,2400.0,良,158.0,3.4,4-4-5-8,42.2,502.0,-4.0,セブンスレター,
2018105256,サトノバトラー,2021/08/22,2札幌4,晴,6.0,3歳以上1勝クラス,12,7.0,10,19.0,6.0,11,藤岡佑介,54.0,ダ,2400.0,良,161.0,5.5,4-5-6-10,43.9,506.0,8.0,グッドリドゥンス,
2018105256,サトノバトラー,2021/05/22,2東京9,曇,6.0,3歳1勝クラス,16,6.0,12,7.8,4.0,10,石橋脩,56.0,ダ,2100.0,稍,132.9,1.6,12-12-12-12,38.8,498.0,2.0,ダノンブレット,
2018105256,サトノバトラー,2021/04/18,3中山8,晴,5.0,3歳1勝クラス,11,5.0,5,8.2,5.0,8,ルメール,56.0,ダ,1800.0,重,113.9,1.2,7-8-7-7,37.4,496.0,2.0,スクリーンプロセス,
2018105256,サトノバトラー,2021/01/31,1東京2,晴,2.0,3歳未勝利,15,7.0,14,5.8,3.0,1,ルメール,56.0,ダ,2100.0,重,132.3,-0.4,7-8-6-4,37.2,494.0,2.0,(ラヴォラーレ),510.0
2018105256,サトノバトラー,2021/01/05,1中京1,曇,3.0,3歳未勝利,14,8.0,13,21.9,5.0,4,石橋脩,56.0,ダ,1900.0,良,123.8,2.9,4-4-2-2,40.7,492.0,-2.0,ゴールドハイアー,77.0
2018105256,サトノバトラー,2020/12/06,5中山2,晴,2.0,2歳未勝利,16,6.0,11,6.3,4.0,11,内田博幸,55.0,ダ,1800.0,稍,119.0,1.5,14-14-11-11,42.3,494.0,-2.0,コウジクン,
2018105256,サトノバトラー,2020/11/22,5東京6,晴,6.0,2歳新馬,16,1.0,2,7.9,5.0,4,内田博幸,55.0,ダ,1600.0,良,102.0,0.8,4-4,37.9,496.0,0.0,ルヴィアス,110.0
2020101552,サトノメドーサ,2026/07/09,園田,晴,8.0,B1,7,1.0,1,261.1,7.0,7,土方颯太,55.0,ダ,1400.0,良,94.2,3.4,6-7-7-7,40.5,427.0,3.0,ヨドノタイヨウ,
2020101552,サトノメドーサ,2026/06/24,園田,雨,11.0,夏至特別A2B1,10,7.0,7,447.1,10.0,9,南部楓馬,51.0,ダ,1400.0,稍,93.2,4.0,9-9-10-10,40.4,424.0,3.0,ジーニアスレノン,
2020101552,サトノメドーサ,2026/06/10,園田,晴,11.0,兵庫馬事畜産特別B1,9,7.0,7,195.5,9.0,9,土方颯太,55.0,ダ,1400.0,稍,94.9,2.2,7-7-9-9,39.8,421.0,4.0,ベラジオガルフ,
2020101552,サトノメドーサ,2026/05/28,園田,曇,8.0,B1,6,1.0,1,114.0,6.0,6,新庄海誠,55.0,ダ,1400.0,稍,94.7,2.7,5-5-5-5,40.0,417.0,1.0,ラピドフィオーレ,
2020101552,サトノメドーサ,2026/05/14,園田,晴,10.0,B1,8,3.0,3,93.4,7.0,7,新庄海誠,55.0,ダ,1400.0,良,94.3,2.2,5-6-8-8,39.9,416.0,-8.0,ラブミーメアリー,
2020101552,サトノメドーサ,2026/04/21,水沢,晴,12.0,夢・希望未来へ前進(B1),11,2.0,2,252.3,11.0,11,坂井瑛音,52.0,ダ,1600.0,良,108.0,3.5,8-8-10-10,42.3,424.0,-3.0,タイセイモンストル,
2020101552,サトノメドーサ,2026/04/13,水沢,晴,11.0,若草特別(A),10,8.0,9,383.2,10.0,10,阿部英俊,54.0,ダ,1600.0,稍,107.2,2.5,3-3-6-10,40.3,427.0,2.0,ケープライト,
2020101552,サトノメドーサ,2026/03/30,水沢,曇,11.0,沈丁花特別(A),11,1.0,1,124.1,9.0,8,阿部英俊,54.0,ダ,1600.0,稍,105.5,2.7,11-11-11-11,39.0,425.0,-1.0,サンマルクレイジー,
2020101552,サトノメドーサ,2026/03/16,水沢,晴,12.0,浅春特別(A),12,5.0,6,182.2,12.0,9,阿部英俊,54.0,ダ,1600.0,良,107.6,2.9,10-11-12-11,41.4,426.0,-1.0,グラシアス,
2020101552,サトノメドーサ,2026/01/22,笠松,曇,7.0,青威リューガ活動1周(B),10,1.0,1,15.5,4.0,9,筒井勇介,55.0,ダ,1400.0,良,94.1,3.7,6-7-8,42.1,427.0,-7.0,サラサラヘアー,
2020101552,サトノメドーサ,2025/12/29,笠松,晴,5.0,大石さん家無病息災祈(B),7,5.0,5,2.8,1.0,2,筒井勇介,55.0,ダ,1400.0,良,91.5,0.0,3-3-2,39.3,434.0,-5.0,タイセイウーノ,18.0
2020101552,サトノメドーサ,2025/12/17,笠松,曇,8.0,杏花ちゃん誕生日記念(B),7,4.0,4,5.4,4.0,2,筒井勇介,55.0,ダ,1400.0,稍,90.6,0.1,3-1-2,39.4,439.0,-1.0,クアトロソバージュ,18.0
2020101552,サトノメドーサ,2025/11/13,名古屋,曇,6.0,C2組,11,1.0,1,4.8,2.0,11,村上弘樹,55.0,ダ,1500.0,稍,100.4,2.2,1-1-4,42.2,440.0,-1.0,ターミバレンシア,
2020101552,サトノメドーサ,2025/10/31,名古屋,雨,9.0,C2組,12,6.0,7,2.4,1.0,6,村上弘樹,55.0,ダ,1500.0,重,98.9,1.1,3-3-1,40.2,441.0,-5.0,オニジオオタニ,
2020101552,サトノメドーサ,2025/07/09,名古屋,晴,12.0,B6組,12,8.0,11,2.9,1.0,10,村上弘樹,55.0,ダ,1500.0,良,98.3,1.9,3-5-9,40.4,446.0,6.0,カラヲヤブレ,
2020101552,サトノメドーサ,2025/06/17,名古屋,晴,8.0,B6組,12,5.0,6,4.8,2.0,5,村上弘樹,55.0,ダ,1700.0,稍,111.1,0.4,4-6-7,40.2,440.0,-1.0,キタカラキタパンチ,6.5
2020101552,サトノメドーサ,2025/06/05,名古屋,晴,9.0,B7組,12,8.0,11,2.8,1.0,2,村上弘樹,55.0,ダ,1500.0,稍,97.2,0.7,5-4-3,39.8,441.0,13.0,アークプルミエ,22.8
2020101552,サトノメドーサ,2025/05/09,名古屋,雨,9.0,B11組,11,3.0,3,2.8,1.0,2,村上弘樹,55.0,ダ,1700.0,重,112.2,0.0,1-1-1,38.9,428.0,-7.0,クールクラバート,22.8
2020101552,サトノメドーサ,2025/04/25,名古屋,曇,10.0,犬山城特別(C),12,8.0,11,5.1,3.0,2,村上弘樹,55.0,ダ,1500.0,稍,98.4,0.4,4-3-2,39.8,435.0,2.0,コーラルトレジャー,29.8
2020101552,サトノメドーサ,2025/03/28,名古屋,曇,7.0,C6組,11,8.0,11,1.3,1.0,1,村上弘樹,54.0,ダ,1400.0,不,90.7,-0.5,3-3-2,39.0,433.0,2.0,(サンコルテス),50.0
2020101552,サトノメドーサ,2025/02/28,名古屋,曇,10.0,佐布里池特別(C),11,1.0,1,61.5,7.0,2,大畑慧悟,54.0,ダ,1500.0,良,97.4,1.2,6-6-4,38.9,431.0,-2.0,ボディブロー,26.3
2020101552,サトノメドーサ,2025/01/29,名古屋,晴,3.0,C19組,10,8.0,9,3.3,2.0,1,村上弘樹,54.0,ダ,920.0,良,57.7,-0.2,2,37.5,433.0,-1.0,(ヴァスキアン),50.0
2020101552,サトノメドーサ,2024/12/30,園田,曇,5.0,歳末7ハロンC2三,10,7.0,8,3.2,2.0,4,鴨宮祥行,54.0,ダ,1400.0,良,95.4,0.7,10-10-10-10,39.1,434.0,-9.0,ナムラオリビア,10.5
2020101552,サトノメドーサ,2024/11/28,園田,晴,4.0,根宇野7ハロンC3一,10,4.0,4,2.0,1.0,1,鴨宮祥行,54.0,ダ,1400.0,重,94.0,-0.4,3-3-4-3,41.6,443.0,15.0,(ビロウィダダ),56.0
2020101552,サトノメドーサ,2024/06/13,園田,晴,4.0,鋳物師7ハロンC2一,12,5.0,6,10.7,3.0,4,鴨宮祥行,54.0,ダ,1400.0,良,92.5,0.3,3-3-5-5,40.7,428.0,-1.0,オールタイムハイ,10.5
2020101552,サトノメドーサ,2024/05/31,園田,曇,6.0,C2一,11,3.0,3,11.6,4.0,2,鴨宮祥行,54.0,ダ,1400.0,稍,93.3,0.3,4-4-5-2,41.1,429.0,1.0,セトノダイヤモンド,24.5
2020101552,サトノメドーサ,2024/05/08,園田,曇,6.0,関札皓太来場記念オブ(C2),10,7.0,8,52.1,9.0,3,鴨宮祥行,54.0,ダ,1400.0,稍,93.6,1.2,9-9-9-7,40.1,428.0,0.0,キイチオータム,14.0
2020101552,サトノメドーサ,2024/04/10,園田,晴,9.0,C2一,9,7.0,7,9.9,5.0,6,鴨宮祥行,54.0,ダ,1400.0,重,94.3,2.2,8-8-7-8,41.6,428.0,10.0,ダイシンカタナ,
2020101552,サトノメドーサ,2023/05/21,2東京10,曇,4.0,3歳未勝利,16,3.0,5,13.3,6.0,6,丸田恭介,54.0,芝,2000.0,良,120.3,1.0,15-12-12,34.8,418.0,-4.0,マイバラード,
2020101552,サトノメドーサ,2023/04/22,1福島5,晴,7.0,3歳未勝利,16,2.0,4,13.1,7.0,6,丸田恭介,54.0,芝,2000.0,良,123.6,1.1,13-12-12-7,36.2,422.0,0.0,ヨリキリ,
2017106365,スズカパンサー,2026/07/13,盛岡,曇,11.0,ネモフィラ賞(B1),10,5.0,5,23.6,7.0,8,山本政聡,56.0,ダ,1400.0,重,86.4,1.8,10-9,36.7,491.0,1.0,クイーンカード,
2017106365,スズカパンサー,2026/06/28,盛岡,晴,11.0,レモンポップ特別(B1),10,3.0,3,8.8,4.0,6,山本政聡,56.0,ダ,1400.0,良,85.9,1.2,3-4,37.9,490.0,4.0,ナムラボス,
2017106365,スズカパンサー,2026/05/31,水沢,晴,9.0,オッズパーク賞(B1),10,5.0,5,2.8,2.0,4,山本政聡,56.0,ダ,1400.0,良,90.0,0.8,5-6-6-6,39.5,486.0,0.0,グッデーサイレンス,10.4
2017106365,スズカパンサー,2026/05/18,盛岡,晴,11.0,ピンクダイヤモンド賞(B1),10,3.0,3,15.9,5.0,4,山本聡紀,56.0,ダ,1400.0,良,86.0,0.9,6-7,37.2,486.0,-1.0,アポロプラネット,10.4
2017106365,スズカパンサー,2026/05/06,盛岡,晴,7.0,B1B2混合,10,7.0,8,3.2,1.0,1,高松亮,57.0,ダ,1400.0,良,85.7,-0.3,2-1,37.7,487.0,-1.0,(サイモンノーブル),80.0
2017106365,スズカパンサー,2026/04/19,水沢,晴,11.0,B1三組,11,6.0,7,20.9,6.0,4,木間塚龍,56.0,ダ,1600.0,良,105.0,0.4,2-2-2-2,40.0,488.0,3.0,ファームフレッシュ,10.4
2017106365,スズカパンサー,2026/04/05,水沢,曇,10.0,お食事処「山水」賞(B1B2),12,8.0,12,2.0,1.0,5,山本政聡,56.0,ダ,1400.0,重,88.5,0.3,7-7-4-5,38.7,485.0,0.0,テンフェリーチェ,5.6
2017106365,スズカパンサー,2026/03/24,水沢,晴,10.0,B2,12,8.0,12,12.0,4.0,1,山本政聡,56.0,ダ,1400.0,良,90.4,-0.3,1-2-2-2,39.3,485.0,3.0,(エイシンデュエラー),60.0
2017106365,スズカパンサー,2026/03/10,水沢,晴,9.0,B2,12,5.0,5,22.6,8.0,2,山本政聡,56.0,ダ,1400.0,稍,91.2,0.3,9-9-9-7,40.1,482.0,-22.0,エイシンデュエラー,21.0
2017106365,スズカパンサー,2025/12/31,水沢,曇,10.0,来年もよろしく!東ス(C1),12,7.0,10,52.6,11.0,10,塚本涼人,56.0,ダ,1400.0,重,90.1,2.7,2-3-5-10,40.9,504.0,-2.0,ファリア,
2017106365,スズカパンサー,2025/12/15,水沢,曇,9.0,C1,10,7.0,8,11.4,7.0,2,山本政聡,56.0,ダ,1400.0,不,88.6,0.1,3-3-3-1,39.6,506.0,5.0,メイショウニコニコ,17.5
2017106365,スズカパンサー,2025/12/01,水沢,曇,11.0,田瀬湖賞(C1),11,2.0,2,34.6,7.0,11,山本政聡,56.0,ダ,1400.0,稍,92.1,2.3,7-7-8-11,41.6,501.0,0.0,ヒマラヤベロス,
2017106365,スズカパンサー,2025/11/18,盛岡,曇,9.0,C1,11,4.0,4,12.7,4.0,4,山本政聡,56.0,ダ,1400.0,良,88.0,1.2,7-6,38.2,501.0,-2.0,ヒマラヤベロス,6.5
2017106365,スズカパンサー,2025/11/02,盛岡,曇,7.0,C1,10,5.0,5,21.3,4.0,6,山本政聡,56.0,ダ,1400.0,重,86.6,1.2,9-7,37.5,503.0,1.0,ビップアクア,
2017106365,スズカパンサー,2025/10/19,盛岡,曇,7.0,C1,10,8.0,9,1.9,1.0,1,鈴木祐,56.0,ダ,1400.0,重,85.7,-0.1,2-2,37.3,502.0,4.0,(セイシークエンス),50.0
2017106365,スズカパンサー,2025/10/06,水沢,曇,10.0,ジニア賞(C1),11,4.0,4,5.4,2.0,2,鈴木祐,56.0,ダ,1400.0,稍,90.3,0.0,1-1-1-1,40.0,498.0,-1.0,コンバットスプーン,17.5
2017106365,スズカパンサー,2025/09/14,水沢,晴,5.0,C2七組,10,1.0,1,6.9,4.0,1,鈴木祐,56.0,ダ,1300.0,重,81.2,-1.5,1-1-1-1,38.4,499.0,-7.0,(トウヨウノマジョ),40.0
2017106365,スズカパンサー,2025/06/22,水沢,曇,10.0,ダービーインパクト1(B2),10,8.0,12,67.7,8.0,10,鈴木祐,56.0,ダ,1400.0,良,91.7,2.4,6-6-6-10,41.4,506.0,-2.0,シャイニーロック,
2017106365,スズカパンサー,2025/06/08,水沢,曇,10.0,魁三国志大戦リリース(B2),11,8.0,11,86.2,10.0,3,鈴木祐,56.0,ダ,1400.0,良,90.6,0.3,2-2-2-3,40.3,508.0,-5.0,ピラヴロス,12.0
2017106365,スズカパンサー,2025/05/25,盛岡,小雨,8.0,B1,10,5.0,5,14.1,6.0,8,鈴木祐,56.0,ダ,1400.0,不,88.1,1.4,6-6,39.7,513.0,1.0,ミヤコプレジール,
2017106365,スズカパンサー,2025/05/03,盛岡,晴,9.0,B1,10,7.0,7,17.9,6.0,5,鈴木祐,56.0,ダ,1400.0,重,88.0,1.9,4-5,39.0,512.0,4.0,ポジティブスピン,5.6
2017106365,スズカパンサー,2025/04/21,水沢,晴,10.0,ブッシュローズ賞(B1),10,4.0,4,127.2,9.0,4,鈴木祐,56.0,ダ,1400.0,稍,90.3,0.5,1-1-2-3,39.7,508.0,0.0,ライジングサミット,10.4
2017106365,スズカパンサー,2025/04/08,水沢,雨,10.0,B1,10,4.0,4,109.3,10.0,8,鈴木祐,56.0,ダ,1400.0,良,91.6,1.5,9-9-9-9,39.8,508.0,0.0,グラフィアスレディ,
2017106365,スズカパンサー,2025/03/23,水沢,晴,9.0,焼石岳賞(B1),10,1.0,1,76.1,10.0,9,鈴木祐,56.0,ダ,1400.0,良,91.7,1.2,4-4-7-9,40.6,508.0,-2.0,プリンセスナイト,
2017106365,スズカパンサー,2025/03/10,水沢,晴,11.0,夢・希望未来へ前進(B1),11,8.0,10,45.1,7.0,9,村上忍,56.0,ダ,1400.0,稍,91.0,1.9,8-9-11-9,38.7,510.0,4.0,ツルマルベル,
2017106365,スズカパンサー,2024/12/28,水沢,曇,11.0,B1,11,6.0,6,25.2,7.0,8,鈴木祐,56.0,ダ,1400.0,不,89.6,1.1,8-8-11-8,38.6,506.0,3.0,サンエイキャノン,
2017106365,スズカパンサー,2024/12/18,水沢,曇,11.0,B1,11,7.0,8,52.7,9.0,11,鈴木祐,56.0,ダ,1400.0,不,89.5,2.2,3-3-5-10,39.8,503.0,3.0,サンエイコンドル,
2017106365,スズカパンサー,2024/12/04,水沢,曇,7.0,B1,12,5.0,5,134.3,10.0,11,鈴木祐,56.0,ダ,1400.0,不,90.0,1.6,6-7-9-11,39.1,500.0,1.0,エスクマ,
2017106365,スズカパンサー,2024/11/18,水沢,小雨,11.0,ビッグレッドファーム(B1),12,5.0,5,53.5,8.0,12,鈴木祐,56.0,ダ,1400.0,稍,91.9,2.6,6-8-7-12,40.4,499.0,-3.0,ライトフィールダー,
2017106365,スズカパンサー,2024/11/05,盛岡,曇,12.0,ひいらぎ賞(B1),12,7.0,10,189.9,12.0,12,鈴木祐,56.0,ダ,1400.0,稍,90.1,3.9,4-12,40.9,502.0,1.0,エスクマ,
2017106365,スズカパンサー,2024/10/20,盛岡,晴,8.0,B1,9,8.0,9,23.7,6.0,7,鈴木祐,56.0,ダ,1400.0,重,89.3,2.6,1-4,40.3,501.0,-16.0,エスペルト,
2017106365,スズカパンサー,2024/07/02,盛岡,晴,7.0,B1,9,5.0,5,3.5,2.0,1,鈴木祐,56.0,ダ,1200.0,良,74.3,-0.2,2-1,39.1,517.0,6.0,(アビレ),75.0
2017106365,スズカパンサー,2024/06/16,水沢,曇,10.0,奥中山高原賞(B1),11,1.0,1,15.3,6.0,7,鈴木祐,56.0,ダ,1400.0,良,90.7,1.5,1-1-1-2,42.0,511.0,-5.0,ビッグタマテルーフ,
2017106365,スズカパンサー,2024/05/21,盛岡,晴,11.0,ハイドランジア賞(B1),11,1.0,1,25.0,4.0,10,鈴木祐,56.0,ダ,1600.0,稍,102.1,3.0,1-2,41.8,516.0,-4.0,ヒロシクン,
2017106365,スズカパンサー,2024/05/06,盛岡,曇,8.0,B1,11,6.0,6,16.6,5.0,1,鈴木祐,56.0,ダ,1200.0,良,74.1,-0.3,2-1,38.8,520.0,8.0,(エターナルルビー),75.0
2017106365,スズカパンサー,2024/04/23,水沢,曇,10.0,B1,10,2.0,2,11.8,5.0,5,鈴木祐,56.0,ダ,1400.0,良,90.3,1.0,5-4-6-4,39.6,512.0,-11.0,フェンドオフ,5.3
2017106365,スズカパンサー,2024/04/08,水沢,曇,11.0,B1,12,5.0,5,9.0,5.0,7,鈴木祐,56.0,ダ,1400.0,良,91.6,2.0,9-9-11-10,40.1,523.0,7.0,ハピネスガッサン,
2017106365,スズカパンサー,2024/03/24,水沢,晴,11.0,サクラコマチ賞(B1),9,8.0,9,4.3,3.0,4,鈴木祐,56.0,ダ,1400.0,稍,90.9,0.6,3-3-3-3,40.3,516.0,-6.0,アオイカツマ,9.8
2017106365,スズカパンサー,2024/03/11,水沢,曇,10.0,フローライト賞(B1),9,6.0,6,4.4,2.0,5,鈴木祐,56.0,ダ,1400.0,重,89.9,0.5,4-4-4-4,40.0,522.0,15.0,メイショウムート,5.3
2017106365,スズカパンサー,2023/12/25,水沢,曇,8.0,B2,12,8.0,11,5.5,3.0,1,鈴木祐,56.0,ダ,1400.0,不,87.8,-0.4,4-4-2-2,38.6,507.0,1.0,(ヤマニンエピクーレ),53.0
2017106365,スズカパンサー,2023/12/11,水沢,晴,10.0,ゴールデンジョッキー(B2),11,6.0,7,4.7,2.0,8,菅原辰徳,56.0,ダ,1400.0,稍,89.8,1.3,4-4-5-7,40.3,506.0,5.0,アサンテギア,
2017106365,スズカパンサー,2023/11/28,水沢,小雨,10.0,B2,11,7.0,8,1.3,1.0,6,鈴木祐,56.0,ダ,1400.0,不,88.1,0.7,5-6-4-5,38.7,501.0,-1.0,エイシンハルニレ,
2017106365,スズカパンサー,2023/11/07,盛岡,小雨,8.0,C1,12,7.0,9,1.5,1.0,1,鈴木祐,57.0,ダ,1200.0,不,72.0,-0.4,2-2,36.5,502.0,-4.0,(ジェイエルトランス),43.0
2017106365,スズカパンサー,2023/10/24,盛岡,晴,11.0,エメラルドピンク賞(C1),11,7.0,8,4.8,3.0,3,鈴木祐,56.0,ダ,1600.0,稍,98.3,0.3,1-2,37.8,506.0,1.0,エルフィンドール,8.6
2017106365,スズカパンサー,2023/10/10,盛岡,小雨,11.0,C1一組,12,8.0,11,1.1,1.0,1,鈴木祐,56.0,ダ,1600.0,不,99.7,-0.2,3-1,39.1,505.0,2.0,(アルカサル),43.0
2017106365,スズカパンサー,2023/09/25,盛岡,曇,8.0,C2四組,9,2.0,2,1.5,1.0,1,鈴木祐,56.0,ダ,1400.0,良,87.0,-1.4,1-1,37.8,503.0,7.0,(ロワマージュ),35.0
2017106365,スズカパンサー,2023/09/10,水沢,晴,4.0,C2八組,10,8.0,10,2.0,1.0,1,鈴木祐,56.0,ダ,1300.0,重,81.8,-0.5,2-2-2-2,38.3,496.0,-1.0,(コイビトサンタ),35.0
2017106365,スズカパンサー,2023/06/20,水沢,晴,11.0,水無月特別(A),11,3.0,3,23.8,9.0,8,村上忍,56.0,ダ,1600.0,良,103.1,1.9,7-8-10-8,39.7,497.0,6.0,トキノパイレーツ,
2017106365,スズカパンサー,2023/05/15,川崎,曇,11.0,アルデバラン賞(B1B2),11,5.0,5,150.7,11.0,11,櫻井光輔,57.0,ダ,2000.0,不,139.2,4.9,4-5-10-10,45.5,491.0,2.0,リーチアディール,
2017106365,スズカパンサー,2023/04/25,浦和,曇,11.0,卯月特別(B1),12,4.0,4,124.1,10.0,9,岡村健司,56.0,ダ,1500.0,良,98.0,2.2,10-11-11-9,38.1,489.0,6.0,スターライトブルー,
2017106365,スズカパンサー,2023/04/03,川崎,晴,11.0,桜吹雪特別(B1B2),9,8.0,8,86.3,8.0,8,小林捺花,53.0,ダ,1600.0,良,108.4,1.6,7-7-9-9,40.0,483.0,1.0,ブラックネロ,
2017106365,スズカパンサー,2023/03/21,浦和,曇,11.0,春光特別(A2),11,8.0,11,260.4,11.0,8,山崎誠士,55.0,ダ,1500.0,稍,97.0,2.4,11-11-11-11,39.1,482.0,6.0,サヨノグローリー,
2017106365,スズカパンサー,2023/03/03,川崎,晴,10.0,ありがとう酒井忍騎手(A2B1),14,8.0,14,84.4,11.0,12,笹川翼,55.0,ダ,1500.0,良,100.9,3.7,4-5-5-9,42.0,476.0,4.0,プレストカイザー,
2017106365,スズカパンサー,2023/02/15,浦和,晴,10.0,如月特別(B1B2),11,2.0,2,101.8,9.0,7,中島良美,53.0,ダ,1500.0,稍,98.3,2.2,5-6-9-9,40.5,472.0,-10.0,カールスバート,
2017106365,スズカパンサー,2023/01/01,川崎,晴,11.0,時計修理のクイック新(B1B2),10,8.0,10,118.3,10.0,10,岡村健司,57.0,ダ,1500.0,良,98.4,2.7,5-6-7-10,41.3,482.0,-5.0,プレストカイザー,
2017106365,スズカパンサー,2022/12/11,金沢,曇,10.0,中日杯(重賞),12,4.0,4,161.0,12.0,8,池田敦,56.0,ダ,2000.0,不,130.4,3.2,7-8-10-9,39.7,487.0,-6.0,ヴェノム,
2017106365,スズカパンサー,2022/11/29,金沢,雨,10.0,ネットで買うなら楽天(A1),7,6.0,6,8.5,3.0,6,中島龍也,56.0,ダ,1700.0,良,110.6,1.9,3-3-3-5,38.9,493.0,9.0,スーパーバンタム,
2017106365,スズカパンサー,2022/10/30,金沢,晴,10.0,楽天競馬10月の特産(A1),6,3.0,3,9.4,5.0,3,中島龍也,56.0,ダ,1700.0,良,110.7,0.8,1-1-1-2,38.5,484.0,-5.0,エムティアンジェ,20.0
2017106365,スズカパンサー,2022/07/24,金沢,晴,10.0,ネットで楽しく!楽天(A1),9,6.0,6,2.2,1.0,7,藤田弘治,56.0,ダ,1700.0,良,111.2,2.2,7-7-8-7,38.4,489.0,17.0,ジェネラルエリア,
2017106365,スズカパンサー,2022/06/18,高知,曇,11.0,Aー2,9,6.0,6,1.9,1.0,4,赤岡修次,56.0,ダ,1600.0,不,106.7,1.7,5-5-6-7,39.7,472.0,2.0,ハルノインパクト,24.0
2017106365,スズカパンサー,2022/05/14,3中京3,晴,10.0,三河S(3勝クラス),16,6.0,11,34.0,9.0,10,藤岡康太,53.0,ダ,1800.0,不,112.1,1.8,12-12-14-16,38.2,470.0,10.0,スレイマン,
2017106365,スズカパンサー,2022/03/27,2中京6,晴,10.0,鈴鹿S(3勝クラス),16,8.0,15,59.7,11.0,13,小崎綾也,54.0,ダ,1900.0,重,119.7,2.6,2-2-2-2,40.5,460.0,-8.0,ペルセウスシチー,
2017106365,スズカパンサー,2022/02/13,1阪神2,小雨,10.0,加古川S(3勝クラス),13,5.0,6,57.1,9.0,10,小崎綾也,57.0,ダ,1800.0,良,114.2,1.4,1-1-1-1,40.1,468.0,-6.0,アルーブルト,
2017106365,スズカパンサー,2022/02/06,1中京12,晴,10.0,瀬戸S(3勝クラス),14,3.0,3,62.6,10.0,12,小崎綾也,54.0,ダ,1900.0,稍,121.7,2.9,1-1-2-2,41.2,474.0,0.0,ハヤブサナンデクン,
2017106365,スズカパンサー,2022/01/10,1中京4,晴,10.0,雅S(3勝クラス),10,3.0,3,31.3,7.0,10,小崎綾也,57.0,ダ,1800.0,良,114.3,3.4,4-3-6-9,40.2,474.0,4.0,グロリアムンディ,
2017106365,スズカパンサー,2021/12/19,6中京6,曇,11.0,三河S(3勝クラス),15,6.0,11,30.0,10.0,3,小崎綾也,57.0,ダ,1800.0,重,110.9,0.3,1-1-1-1,37.6,470.0,-6.0,マテンロウスパーク,464.9
2017106365,スズカパンサー,2021/09/26,4中山7,小雨,10.0,内房S(3勝クラス),16,8.0,15,31.3,10.0,12,三浦皇成,55.0,ダ,1800.0,良,114.1,2.3,3-3-3-3,40.6,476.0,0.0,プリティーチャンス,
2017106365,スズカパンサー,2021/08/22,4小倉4,小雨,10.0,薩摩S(3勝クラス),16,3.0,5,4.5,1.0,13,鮫島克駿,57.0,ダ,1700.0,不,104.7,1.4,10-10-11-15,37.7,476.0,10.0,アスターマリンバ,
2017106365,スズカパンサー,2021/06/05,4中京1,曇,10.0,松風月S(3勝クラス),16,3.0,6,4.2,2.0,9,幸英明,55.0,ダ,1800.0,重,111.6,1.1,1-1-1-1,39.2,466.0,-4.0,マリオ,
2017106365,スズカパンサー,2021/05/23,3中京6,晴,12.0,4歳以上2勝クラス,12,2.0,2,3.6,2.0,1,幸英明,57.0,ダ,1800.0,稍,112.3,0.0,2-2-2-2,39.0,470.0,6.0,(クリノホノオ),1100.0
2017106365,スズカパンサー,2021/05/01,2阪神11,曇,12.0,4歳以上2勝クラス,10,4.0,4,1.5,1.0,4,福永祐一,57.0,ダ,1800.0,重,112.5,0.8,1-1-1-1,40.1,464.0,-6.0,サンレイファイト,170.0
2017106365,スズカパンサー,2021/04/17,2阪神7,雨,7.0,4歳以上1勝クラス,13,5.0,7,3.3,2.0,1,福永祐一,57.0,ダ,1800.0,不,109.9,-2.0,1-1-1-1,37.6,470.0,-2.0,(ハーシェル),760.0
2017106365,スズカパンサー,2021/02/27,2小倉5,曇,8.0,4歳以上1勝クラス,15,4.0,7,4.5,2.0,3,藤岡康太,56.0,ダ,1700.0,不,104.1,0.3,3-3-2-1,38.6,472.0,4.0,オーバーリミット,190.0
2017106365,スズカパンサー,2021/02/21,2小倉4,晴,8.0,4歳以上1勝クラス,14,6.0,9,5.5,3.0,3,藤岡康太,56.0,ダ,1700.0,稍,105.8,0.6,3-3-3-4,38.6,468.0,0.0,ルドンカズマ,190.0
2017106365,スズカパンサー,2021/02/14,2小倉2,曇,9.0,4歳以上1勝クラス,15,7.0,12,3.1,1.0,3,山田敬士,54.0,ダ,1700.0,良,107.4,1.4,3-2-2-2,40.4,468.0,2.0,フラッグアドミラル,190.0
2017106365,スズカパンサー,2021/02/06,1小倉7,晴,12.0,角島特別(1勝クラス),13,3.0,3,5.2,3.0,5,山田敬士,56.0,ダ,1700.0,稍,105.2,1.1,6-8-8-7,37.8,466.0,2.0,イプシランテ,106.0
2017106365,スズカパンサー,2021/01/31,1小倉6,晴,8.0,4歳以上1勝クラス,9,6.0,6,3.2,2.0,2,山田敬士,54.0,ダ,1700.0,稍,104.8,0.8,1-1-1-1,38.4,464.0,2.0,ヴェルテックス,300.0
2017106365,スズカパンサー,2021/01/24,1小倉4,曇,8.0,4歳以上1勝クラス,15,3.0,5,33.8,10.0,3,山田敬士,54.0,ダ,1700.0,不,103.1,0.3,2-2-2-2,36.7,462.0,4.0,タガノウィリアム,190.0
2017106365,スズカパンサー,2020/07/11,2函館3,小雨,9.0,3歳以上1勝クラス,9,2.0,2,11.5,6.0,2,山田敬士,51.0,ダ,1700.0,良,106.0,0.0,1-1-1-1,39.4,458.0,-2.0,フェイバリット,300.0
2017106365,スズカパンサー,2020/07/04,2函館1,曇,9.0,3歳以上1勝クラス,10,7.0,8,6.1,4.0,8,団野大成,53.0,ダ,1700.0,稍,108.0,1.7,4-4-10-9,38.9,460.0,-2.0,イーサンティラノ,
2017106365,スズカパンサー,2020/06/28,1函館6,曇,9.0,3歳以上1勝クラス,10,6.0,6,21.0,7.0,7,国分恭介,54.0,ダ,1700.0,不,104.5,0.7,3-3-4-3,38.1,462.0,-2.0,ホウオウトゥルース,
2017106365,スズカパンサー,2020/06/20,1函館3,晴,9.0,3歳以上1勝クラス,9,8.0,9,19.2,5.0,6,亀田温心,51.0,ダ,1700.0,良,107.0,0.4,1-1-1-1,39.4,464.0,2.0,ハイパーステージ,
2017106365,スズカパンサー,2020/06/13,1函館1,晴,8.0,3歳以上1勝クラス,12,2.0,2,17.2,5.0,7,国分恭介,54.0,ダ,1000.0,良,59.5,1.4,10-9,34.6,462.0,0.0,アサカディオネ,
2017106365,スズカパンサー,2020/03/15,1阪神6,晴,6.0,3歳1勝クラス,16,2.0,3,149.7,15.0,14,斎藤新,55.0,ダ,1400.0,重,86.4,1.8,14-15,38.7,462.0,-4.0,サトノラファール,
2017106365,スズカパンサー,2020/02/15,2京都5,曇,7.0,3歳1勝クラス,16,6.0,12,129.5,15.0,14,三津谷隼,53.0,ダ,1800.0,稍,116.7,3.9,3-5-6-8,41.6,466.0,-8.0,ダノンファラオ,
2017106365,スズカパンサー,2020/02/02,2京都2,晴,3.0,3歳1勝クラス,9,7.0,7,43.1,9.0,8,斎藤新,54.0,ダ,1800.0,稍,115.1,2.5,9-8-9-9,39.7,474.0,8.0,ライトウォーリア,
2017106365,スズカパンサー,2020/01/25,1京都8,晴,7.0,3歳1勝クラス,11,3.0,3,25.8,6.0,5,岩田望来,54.0,ダ,1400.0,重,85.3,1.1,8-7,37.6,466.0,2.0,ヘルシャフト,73.0
2017106365,スズカパンサー,2020/01/11,1京都3,晴,4.0,3歳1勝クラス,13,5.0,7,14.4,5.0,10,岩田望来,54.0,ダ,1200.0,稍,73.6,1.7,8-10,37.3,464.0,6.0,タマモツワモノ,
2017106365,スズカパンサー,2019/12/22,5中山8,曇,6.0,2歳1勝クラス,16,2.0,4,29.0,8.0,5,石橋脩,55.0,ダ,1200.0,良,72.5,0.7,15-15,37.0,458.0,8.0,マイネルワルツ,72.0
2017106365,スズカパンサー,2019/12/01,5中山2,晴,7.0,2歳1勝クラス,12,4.0,4,15.9,5.0,6,石橋脩,55.0,ダ,1200.0,良,72.8,1.7,8-9,37.5,450.0,-2.0,アイオライト,
2017106365,スズカパンサー,2019/11/03,5京都2,晴,1.0,2歳未勝利,10,7.0,7,4.6,2.0,1,岩田望来,52.0,ダ,1400.0,良,85.5,-0.9,1-1,36.7,452.0,4.0,(シゲルカセイ),500.0
2017106365,スズカパンサー,2019/10/12,4京都3,雨,1.0,2歳未勝利,12,5.0,5,50.2,10.0,4,松山弘平,55.0,ダ,1400.0,不,85.3,0.6,2-2,38.2,448.0,2.0,ダイシンイナリ,75.0
2017106365,スズカパンサー,2019/10/05,4京都1,晴,1.0,2歳未勝利,14,2.0,2,30.6,8.0,7,松山弘平,55.0,ダ,1400.0,稍,87.8,1.5,9-10,39.5,446.0,-2.0,ノクターンノーツ,
2017106365,スズカパンサー,2019/09/14,4阪神3,晴,5.0,2歳新馬,12,5.0,5,70.1,9.0,11,松山弘平,54.0,芝,1400.0,良,83.7,1.7,11-11,36.0,448.0,0.0,ピュアカラー,
2021106115,ミライヘノシンゲキ,2026/07/14,盛岡,曇,12.0,夢・希望未来へ前進(B1),11,7.0,9,1.6,1.0,3.0,山本聡哉,56.0,ダ,1600.0,稍,98.8,0.2,2-1,37.1,470.0,-3.0,タイセイストラーダ,16.0
2021106115,ミライヘノシンゲキ,2026/06/29,盛岡,晴,11.0,夢・希望未来へ前進(B1),10,8.0,10,1.3,1.0,2.0,山本聡哉,56.0,ダ,1600.0,良,98.4,0.1,4-3,37.5,473.0,5.0,タイセイストラーダ,28.0
2021106115,ミライヘノシンゲキ,2026/06/16,水沢,晴,11.0,タガノビューティー特(B1),10,7.0,8,1.3,1.0,3.0,山本聡哉,56.0,ダ,1600.0,良,103.2,0.2,6-6-5-1,40.4,468.0,2.0,スノーパトロール,16.0
2021106115,ミライヘノシンゲキ,2026/05/17,盛岡,晴,10.0,B1三組,12,7.0,10,2.3,2.0,1.0,山本聡哉,56.0,ダ,1600.0,良,98.1,-0.6,3-2,37.5,466.0,-3.0,(コパノマロン),80.0
2021106115,ミライヘノシンゲキ,2026/05/06,盛岡,晴,12.0,夢・希望未来へ前進(B2),12,6.0,8,2.9,2.0,1.0,山本聡哉,56.0,ダ,1600.0,良,99.7,-0.7,2-1,36.4,469.0,2.0,(ハーツケリー),60.0
2021106115,ミライヘノシンゲキ,2026/04/20,水沢,曇,11.0,八重山吹賞(B2),0,7.0,8,,,,山本聡哉,56.0,ダ,1600.0,良,,,,,467.0,0.0,,
2021106115,ミライヘノシンゲキ,2026/04/12,水沢,晴,11.0,C1一組,12,6.0,8,3.1,1.0,1.0,山本聡哉,56.0,ダ,1600.0,稍,103.5,-0.2,1-3-2-1,39.3,467.0,0.0,(キタノコンドル),50.0
2021106115,ミライヘノシンゲキ,2026/03/29,水沢,晴,9.0,橋野鉄鉱山賞(C1),9,8.0,8,3.1,2.0,1.0,山本聡哉,56.0,ダ,1600.0,稍,104.4,-0.1,3-3-3-1,39.9,467.0,4.0,(ライコウノヒカリ),50.0
2021106115,ミライヘノシンゲキ,2026/03/17,水沢,曇,2.0,C2三組,7,1.0,1,1.8,1.0,1.0,山本聡哉,56.0,ダ,1400.0,良,91.4,-1.6,1-1-1-1,41.1,463.0,2.0,(テンリッチスマイル),40.0
2021106115,ミライヘノシンゲキ,2026/03/10,水沢,晴,2.0,C2三組,12,8.0,11,3.0,2.0,3.0,阿部英俊,56.0,ダ,1400.0,稍,92.8,0.6,5-4-2-3,42.4,461.0,-7.0,リリーピンシャー,8.0
2021106115,ミライヘノシンゲキ,2025/12/22,水沢,曇,10.0,B1三組,10,7.0,7,7.7,4.0,7.0,阿部英俊,56.0,ダ,1600.0,重,103.6,0.5,4-4-4-5,38.9,468.0,6.0,メイショウメイスイ,
2021106115,ミライヘノシンゲキ,2025/11/26,水沢,曇,11.0,優駿スタリオンステー(B1),9,6.0,6,7.6,5.0,7.0,岩本怜,56.0,ダ,1600.0,稍,103.9,0.7,4-4-4-8,40.5,462.0,-3.0,ジョリーロジャー,
2021106115,ミライヘノシンゲキ,2025/11/11,盛岡,曇,11.0,B1二組,10,6.0,6,21.6,4.0,4.0,山本政聡,56.0,ダ,1600.0,良,99.9,0.9,7-6,38.3,465.0,-1.0,タカマキファイブ,10.4
2021106115,ミライヘノシンゲキ,2025/10/08,大井,晴,7.0,日吉坂賞競走(B3),7,8.0,8,61.3,7.0,4.0,杉山海波,53.0,ダ,2000.0,良,131.1,2.0,7-7-6-6,39.6,466.0,4.0,ソッコータルマカ,57.0
2021106115,ミライヘノシンゲキ,2025/09/17,大井,晴,7.0,金毘羅坂賞競走(B3),5,3.0,3,48.9,5.0,5.0,杉山海波,53.0,ダ,1800.0,良,116.6,1.6,5-5-5-5,39.1,462.0,-4.0,スリーキングス,38.0
2021106115,ミライヘノシンゲキ,2025/09/04,大井,曇,10.0,アガリスピード賞競走(B2B3),11,7.0,8,145.5,11.0,8.0,高橋優,52.0,ダ,2000.0,良,131.2,1.7,5-6-7-9,40.0,466.0,0.0,ポンドボーイ,
2021106115,ミライヘノシンゲキ,2025/08/11,大井,曇,9.0,清水坂賞競走(B3),9,5.0,5,135.6,8.0,7.0,杉山海波,53.0,ダ,1800.0,不,119.7,4.2,4-5-6-7,42.2,466.0,3.0,アドマイヤエイジア,
2021106115,ミライヘノシンゲキ,2025/07/14,大井,晴,9.0,昌平坂賞競走(B3),10,3.0,3,197.2,9.0,5.0,杉山海波,53.0,ダ,1600.0,稍,102.8,2.7,7-8-8-8,39.5,463.0,2.0,モズユウガ,38.0
2021106115,ミライヘノシンゲキ,2025/06/25,浦和,曇,10.0,蕨宿特別(B3),10,1.0,1,120.9,10.0,9.0,杉山海波,53.0,ダ,1500.0,不,94.3,2.1,7-9-9-9,38.3,461.0,-1.0,ユキグニ,
2021106115,ミライヘノシンゲキ,2025/06/10,大井,曇,12.0,蛍坂賞競走(B3),14,5.0,9,204.9,13.0,12.0,杉山海波,53.0,ダ,1600.0,稍,103.8,2.2,11-11-13-13,40.1,462.0,2.0,アドマイヤエイジア,
2021106115,ミライヘノシンゲキ,2025/05/21,大井,晴,10.0,ブゼントシユキ賞競走(B3),14,7.0,11,256.6,13.0,8.0,杉山海波,53.0,ダ,1600.0,稍,103.3,1.6,13-12-12-12,39.9,460.0,2.0,レベリオス,
2021106115,ミライヘノシンゲキ,2025/05/01,大井,晴,10.0,行人坂賞競走(B3),13,3.0,3,198.1,12.0,11.0,杉山海波,53.0,ダ,1800.0,稍,118.4,2.8,4-5-7-9,41.4,458.0,5.0,ブルマリンシェール,
2021106115,ミライヘノシンゲキ,2025/04/15,大井,晴,9.0,B3五,13,3.0,3,162.4,12.0,9.0,杉山海波,53.0,ダ,1800.0,重,117.0,2.0,5-5-12-12,39.1,453.0,3.0,グラッブザトップ,
2021106115,ミライヘノシンゲキ,2025/03/25,大井,晴,6.0,虎ノ門賞競走(B2B3),11,7.0,8,292.4,11.0,10.0,谷内貫太,53.0,ダ,1600.0,良,104.7,2.9,10-9-10-10,40.1,450.0,-18.0,エスケンドリーム,
2021106115,ミライヘノシンゲキ,2024/11/04,大井,晴,12.0,ポルックス賞競走(B2B3),12,4.0,4,131.8,11.0,8.0,谷内貫太,53.0,ダ,1650.0,稍,108.8,2.2,8-7-11-11,41.4,468.0,-2.0,マルカンラニ,
2021106115,ミライヘノシンゲキ,2024/10/15,大井,晴,11.0,アンドロメダ賞競走(B2B3),16,5.0,9,165.1,15.0,12.0,谷内貫太,53.0,ダ,1800.0,良,118.3,2.6,4-6-7-7,41.7,470.0,5.0,ロデオ,
2021106115,ミライヘノシンゲキ,2024/09/11,大井,晴,10.0,金毘羅坂賞競走(B3),13,6.0,9,15.3,7.0,9.0,谷内貫太,53.0,ダ,1800.0,良,117.9,1.7,7-7-8-7,40.5,465.0,2.0,エスケンドリーム,
2021106115,ミライヘノシンゲキ,2024/08/14,大井,晴,11.0,黒潮盃競走(重賞),12,6.0,8,132.7,10.0,8.0,谷内貫太,56.0,ダ,1800.0,良,117.7,2.8,11-11-11-11,38.7,463.0,-1.0,ダテノショウグン,
2021106115,ミライヘノシンゲキ,2024/07/31,大井,雨,10.0,フォーチュネイトひま(C13歳),16,3.0,6,23.5,8.0,1.0,谷内貫太,55.0,ダ,1800.0,良,118.0,-0.3,3-3-3-3,40.7,464.0,6.0,(アレスエルピーダ),280.0
2021106115,ミライヘノシンゲキ,2024/07/08,大井,晴,9.0,赤兎馬賞競走(OP)(3歳),7,5.0,5,45.5,5.0,4.0,谷内貫太,54.0,ダ,1800.0,稍,117.9,2.4,4-4-5-5,38.9,458.0,2.0,ダテノショウグン,75.0
2021106115,ミライヘノシンゲキ,2024/06/07,大井,晴,10.0,若竹賞競走(OP)(3歳),9,7.0,7,78.9,8.0,4.0,谷内貫太,54.0,ダ,1800.0,良,118.3,1.2,7-7-7-6,39.6,456.0,1.0,ペルセヴェランテ,75.0
2021106115,ミライヘノシンゲキ,2024/05/17,大井,晴,2.0,3歳一二三(3歳二),9,8.0,8,13.6,5.0,4.0,谷内貫太,54.0,ダ,1600.0,重,104.0,0.2,5-6-5-6,39.7,455.0,2.0,プレストアーサー,27.0
2021106115,ミライヘノシンゲキ,2024/04/24,大井,雨,3.0,3歳四五六(3歳五),9,2.0,2,5.9,3.0,1.0,本田正重,56.0,ダ,1600.0,重,106.3,-0.1,4-3-3-3,40.9,453.0,-4.0,(フレッシュルーキー),180.0
2021106115,ミライヘノシンゲキ,2024/04/12,大井,曇,4.0,3歳一二三(3歳二),7,5.0,5,26.4,5.0,6.0,福原杏,56.0,ダ,1600.0,重,107.3,1.9,7-7-6-6,41.0,457.0,0.0,ポンドボーイ,
2021106115,ミライヘノシンゲキ,2024/03/21,大井,晴,5.0,3歳四五,10,2.0,2,8.2,5.0,3.0,本田正重,56.0,ダ,1600.0,良,106.3,1.4,4-4-4-3,41.0,457.0,-1.0,エスケンドリーム,65.0
2021106115,ミライヘノシンゲキ,2024/02/29,大井,曇,5.0,3歳四五六(3歳五),8,8.0,9,5.0,4.0,2.0,本田正重,56.0,ダ,1600.0,稍,107.2,0.0,3-3-3-3,40.1,458.0,0.0,イモノソーダワリデ,104.0
2021106115,ミライヘノシンゲキ,2024/02/15,大井,晴,4.0,境川賞(3歳),9,7.0,7,17.7,6.0,3.0,本田正重,56.0,ダ,1600.0,良,107.6,0.3,6-6-7-7,41.8,458.0,1.0,ポンドボーイ,65.0
2021106115,ミライヘノシンゲキ,2024/01/24,大井,晴,6.0,3歳六七,14,4.0,5,126.6,12.0,8.0,藤田凌,56.0,ダ,1200.0,重,77.3,2.7,9-11,39.9,457.0,-1.0,エドノフェニックス,
2021106115,ミライヘノシンゲキ,2023/12/28,大井,晴,4.0,2歳六七,13,8.0,14,21.6,5.0,5.0,本田正重,55.0,ダ,1200.0,良,78.1,1.5,10-9,39.9,458.0,3.0,タケシ,30.0
2021106115,ミライヘノシンゲキ,2023/12/06,大井,晴,3.0,2歳六七,12,7.0,10,6.0,4.0,5.0,本田正重,55.0,ダ,1200.0,良,77.2,0.8,8-8,39.0,455.0,1.0,ピコボンズ,30.0
2021106115,ミライヘノシンゲキ,2023/11/15,大井,曇,5.0,2歳五六,13,2.0,2,43.1,10.0,7.0,本田正重,55.0,ダ,1200.0,良,77.9,1.8,6-6,40.3,454.0,5.0,ゴールデンブザー,
2021106115,ミライヘノシンゲキ,2023/08/03,大井,晴,4.0,フレッシュスター特別(2歳),8,7.0,7,74.2,7.0,7.0,本田正重,54.0,ダ,1200.0,稍,77.2,4.1,7-7,40.8,449.0,3.0,マローネアバンティ,
2021106115,ミライヘノシンゲキ,2023/07/13,大井,曇,4.0,2歳新馬(新馬),7,2.0,2,2.1,1.0,2.0,本田正重,54.0,ダ,1200.0,良,75.9,0.8,3-3,38.6,446.0,0.0,リッキーフェイス,160.0
2018102330,ビクトリーサイト,2026/07/14,盛岡,曇,12.0,夢・希望未来へ前進(B1),11,8.0,10,102.2,11.0,2.0,関本玲花,54.0,ダ,1600.0,稍,98.6,0.0,5-2,36.8,472.0,-2.0,タイセイストラーダ,28.0
2018102330,ビクトリーサイト,2026/06/29,盛岡,晴,12.0,浜木綿賞(B1),12,3.0,3,26.2,9.0,9.0,山本聡紀,56.0,ダ,1600.0,良,99.5,1.5,12-9,38.3,474.0,-2.0,ハクシンパーソナル,
2018102330,ビクトリーサイト,2026/06/16,水沢,晴,12.0,夢・希望未来へ前進(B1),10,1.0,1,141.6,10.0,9.0,山本聡紀,56.0,ダ,1600.0,良,104.0,1.2,1-1-1-1,41.2,476.0,1.0,クイーンカード,
2018102330,ビクトリーサイト,2026/06/01,水沢,曇,12.0,朝顔賞(B1),10,2.0,2,47.2,10.0,9.0,関本玲花,54.0,ダ,1900.0,良,128.4,3.1,10-10-10-9,41.7,475.0,0.0,サンエイコンドル,
2018102330,ビクトリーサイト,2026/05/19,盛岡,晴,12.0,夢・希望未来へ前進(B1),11,6.0,7,38.2,8.0,7.0,関本玲花,54.0,ダ,1600.0,良,100.1,2.3,7-7,38.6,475.0,-1.0,タカマキファイブ,
2018102330,ビクトリーサイト,2026/05/11,盛岡,曇,12.0,皐月特別(A),12,2.0,2,29.1,7.0,12.0,関本玲花,54.0,ダ,1600.0,良,101.0,3.1,8-9,38.5,476.0,7.0,ヒューゴ,
2018102330,ビクトリーサイト,2026/03/30,水沢,曇,12.0,春分特別(A),11,3.0,3,9.8,4.0,9.0,関本玲花,54.0,ダ,1600.0,稍,104.7,1.6,8-9-9-10,39.9,469.0,-1.0,ドルズプライスレス,
2018102330,ビクトリーサイト,2026/03/16,水沢,晴,12.0,浅春特別(A),12,3.0,3,13.5,5.0,4.0,関本玲花,54.0,ダ,1600.0,良,105.6,0.9,8-9-9-7,40.3,470.0,-3.0,グラシアス,18.2
2018102330,ビクトリーサイト,2025/12/22,水沢,曇,12.0,夢・希望未来へ前進(B1),11,4.0,4,26.2,5.0,3.0,関本玲花,54.0,ダ,1600.0,重,101.8,0.7,4-3-3-3,38.4,473.0,-4.0,サンマルクレイジー,16.0
2018102330,ビクトリーサイト,2025/12/08,水沢,小雨,12.0,夢・希望未来へ前進(B1),12,7.0,10,42.1,7.0,3.0,関本玲花,54.0,ダ,1400.0,不,87.1,0.3,9-8-5-5,37.8,477.0,-3.0,サンマルクレイジー,16.0
2018102330,ビクトリーサイト,2025/11/26,水沢,曇,12.0,夢・希望未来へ前進(B1),11,7.0,9,7.7,4.0,5.0,関本玲花,54.0,ダ,1600.0,稍,103.4,1.8,4-4-3-4,39.7,480.0,2.0,カナオールウェイズ,5.6
2018102330,ビクトリーサイト,2025/11/12,盛岡,晴,12.0,ユーカリ賞(B1),9,5.0,5,3.4,2.0,7.0,村上忍,56.0,ダ,1800.0,良,116.6,1.1,3-3-3-3,40.4,478.0,-2.0,クリコマ,
2018102330,ビクトリーサイト,2025/10/27,盛岡,曇,12.0,ひいらぎ賞(B1),9,7.0,7,2.9,2.0,1.0,村上忍,56.0,ダ,1600.0,稍,99.4,-0.1,3-1,37.3,480.0,2.0,(ドテライヤツ),90.0
2018102330,ビクトリーサイト,2025/10/13,盛岡,晴,10.0,うまレター賞(B1),11,3.0,3,1.3,1.0,1.0,山本聡哉,56.0,ダ,1600.0,良,100.0,-0.1,1-1,37.4,478.0,1.0,(アメイジングスター),80.0
2018102330,ビクトリーサイト,2025/09/22,水沢,晴,12.0,焼石岳賞(C1),12,8.0,11,4.1,2.0,1.0,山本聡哉,56.0,ダ,1400.0,稍,88.4,-0.2,4-4-3-1,39.4,477.0,7.0,(ジョリーロジャー),60.0
2018102330,ビクトリーサイト,2025/09/07,盛岡,曇,10.0,弘南鉄道乗りにいきま(C1),11,5.0,5,1.7,1.0,1.0,山本聡哉,56.0,ダ,1600.0,稍,99.3,-0.5,1-1,36.3,470.0,0.0,(ジョリーロジャー),50.0
2018102330,ビクトリーサイト,2025/08/18,盛岡,晴,12.0,秋桜賞(B1),10,5.0,5,17.2,6.0,6.0,関本玲花,56.0,ダ,1400.0,稍,86.6,0.7,4-3,38.9,470.0,-3.0,テルテ,
2018102330,ビクトリーサイト,2025/08/05,盛岡,晴,11.0,ホテルで気軽に座禅体(B1),11,6.0,6,11.2,6.0,1.0,塚本征吾,56.0,ダ,1600.0,重,97.8,-0.4,2-1,36.7,473.0,0.0,(ファルギュラント),80.0
2018102330,ビクトリーサイト,2025/07/13,盛岡,晴,10.0,スプリント特別(OP),10,8.0,9,168.9,10.0,7.0,関本玲花,54.0,ダ,1200.0,良,74.1,1.5,9-8,38.2,473.0,-4.0,サラサワン,
2018102330,ビクトリーサイト,2025/07/01,水沢,曇,11.0,ハヤテ特別(OP),10,3.0,3,139.6,10.0,5.0,関本玲花,54.0,ダ,1400.0,良,88.7,0.8,9-9-9-6,38.9,477.0,-1.0,メイショウイジゲン,9.8
2018102330,ビクトリーサイト,2025/06/17,水沢,晴,12.0,撫子特別(A),12,6.0,8,61.4,10.0,8.0,関本玲花,54.0,ダ,1600.0,良,103.9,1.1,12-12-11-11,38.8,478.0,-5.0,クリコマ,
2018102330,ビクトリーサイト,2025/05/23,名古屋,曇,8.0,B9組,12,4.0,4,51.3,10.0,5.0,木之前葵,55.0,ダ,1500.0,良,98.4,0.7,6-8-9,40.6,483.0,-4.0,ミクロフィラム,6.5
2018102330,ビクトリーサイト,2025/05/08,名古屋,晴,8.0,B10組,10,6.0,6,12.9,5.0,9.0,木之前葵,55.0,ダ,1700.0,重,115.1,3.3,4-4-6,42.7,487.0,7.0,カフジリブラ,
2018102330,ビクトリーサイト,2025/04/25,名古屋,曇,9.0,B12組,10,8.0,9,8.8,4.0,8.0,村上弘樹,57.0,ダ,1700.0,稍,115.2,2.6,10-10-10,41.4,480.0,-7.0,ハットリ,
2018102330,ビクトリーサイト,2025/04/11,名古屋,晴,9.0,B9組,12,2.0,2,5.1,3.0,6.0,木之前葵,55.0,ダ,1500.0,稍,98.7,1.3,3-3-2,41.0,487.0,10.0,ジュンフィレンツェ,
2018102330,ビクトリーサイト,2025/03/27,名古屋,曇,9.0,B5組,11,7.0,8,5.8,3.0,5.0,村上弘樹,56.0,ダ,1700.0,稍,112.6,0.6,7-6-6,39.6,477.0,-23.0,バルドエース,6.0
2018102330,ビクトリーサイト,2025/01/01,名古屋,晴,9.0,B4組,11,2.0,2,17.4,4.0,4.0,村上弘樹,56.0,ダ,1700.0,良,111.9,1.2,9-10-5,37.5,500.0,-1.0,ハクサンミニョン,9.0
2018102330,ビクトリーサイト,2024/12/20,名古屋,晴,12.0,柚子湯特別(A),11,7.0,8,6.8,3.0,6.0,村上弘樹,56.0,ダ,1700.0,良,112.3,0.8,9-8-7,38.8,501.0,1.0,ハングリーゴースト,
2018102330,ビクトリーサイト,2024/11/22,名古屋,小雨,12.0,夫婦特別(A),12,7.0,10,4.8,3.0,7.0,村上弘樹,56.0,ダ,1500.0,良,97.4,0.6,10-11-9,39.5,500.0,-7.0,デアベーゼブリック,
2018102330,ビクトリーサイト,2024/08/09,名古屋,晴,10.0,出目金特別(A),10,8.0,10,14.2,6.0,3.0,木之前葵,52.0,ダ,1500.0,良,94.8,0.4,7-5-4,38.8,507.0,7.0,ダンネワード,36.0
2018102330,ビクトリーサイト,2024/07/12,名古屋,曇,10.0,半田特別(A),12,5.0,6,19.8,7.0,5.0,大畑雅章,56.0,ダ,1500.0,不,95.0,0.9,12-12-12,37.8,500.0,7.0,ダンネワード,10.0
2018102330,ビクトリーサイト,2024/06/17,名古屋,曇,10.0,みよし特別(A),11,1.0,1,12.1,6.0,2.0,大畑慧悟,55.0,ダ,1500.0,良,95.3,0.3,3-4-1,38.5,493.0,-3.0,モンストルシチー,35.0
2018102330,ビクトリーサイト,2024/05/30,名古屋,晴,11.0,蟹江特別(A),9,4.0,4,8.9,4.0,5.0,村上弘樹,56.0,ダ,1700.0,良,110.1,1.2,2-3-2,39.5,496.0,-2.0,エターナルプライド,10.0
2018102330,ビクトリーサイト,2024/05/17,名古屋,晴,11.0,浪貝特別(A),11,3.0,3,18.0,7.0,5.0,木之前葵,54.0,ダ,1500.0,良,96.4,0.6,4-5-7,39.5,498.0,4.0,トーキョーサバク,12.0
2018102330,ビクトリーサイト,2024/04/23,名古屋,曇,11.0,一宮特別(A),10,8.0,10,19.7,9.0,4.0,大畑雅章,56.0,ダ,1700.0,重,111.5,0.5,5-3-3,39.9,494.0,2.0,ウインフェーデ,15.0
2018102330,ビクトリーサイト,2024/03/27,名古屋,晴,10.0,岩倉特別(A),10,2.0,2,51.0,8.0,8.0,木之前葵,54.0,ダ,1700.0,重,111.4,2.4,8-9-5,39.5,492.0,-1.0,イーヴンキール,
2018102330,ビクトリーサイト,2024/03/04,船橋,晴,11.0,三咲特別(B1),9,6.0,6,170.5,8.0,9.0,澤田龍哉,56.0,ダ,1600.0,良,107.3,3.4,3-3-5-6,43.5,493.0,-2.0,タイムモーメント,
2018102330,ビクトリーサイト,2024/02/10,船橋,晴,11.0,アメジスト特別(B1),11,3.0,3,245.8,10.0,10.0,和田譲治,56.0,ダ,1600.0,稍,108.1,6.0,4-4-6-8,44.5,495.0,9.0,ワガンセ,
2018102330,ビクトリーサイト,2024/02/05,船橋,雪,11.0,アメジスト特別(B1),0,6.0,7,,,,和田譲治,56.0,ダ,1600.0,稍,,,,,,,,
2018102330,ビクトリーサイト,2024/01/15,船橋,晴,11.0,鯛ノ浦特別(B1B2),11,5.0,5,165.8,11.0,9.0,和田譲治,57.0,ダ,1600.0,良,106.1,2.5,6-7-7-7,42.6,486.0,-1.0,スパイスアップ,
2018102330,ビクトリーサイト,2023/08/22,川崎,曇,11.0,立秋特別(B1B2),10,1.0,1,15.6,5.0,7.0,木間塚龍,55.0,ダ,1600.0,稍,104.2,2.7,8-8-4-6,40.3,487.0,-2.0,ナニハサテオキ,
2018102330,ビクトリーサイト,2023/07/31,大井,晴,11.0,トゥインクルバースデ(B1B2),13,8.0,12,7.3,3.0,11.0,御神本訓,57.0,ダ,1600.0,良,102.3,2.1,7-7-7-8,40.1,489.0,0.0,ハイパータンク,
2018102330,ビクトリーサイト,2023/07/04,川崎,晴,11.0,七夜月特別(B1B2),9,2.0,2,1.5,1.0,1.0,石崎駿,57.0,ダ,1500.0,良,96.3,-0.1,3-3-3-2,40.2,489.0,-5.0,(タツノエクスプレス),300.0
2018102330,ビクトリーサイト,2023/06/23,船橋,曇,11.0,青柳特別(B1B2),9,8.0,10,2.5,1.0,2.0,御神本訓,57.0,ダ,1600.0,良,103.0,0.6,4-4-4-4,39.9,494.0,13.0,メタスペクター,120.0
2018102330,ビクトリーサイト,2023/05/18,川崎,曇,11.0,青葉空特別(A2B1),14,3.0,4,4.9,3.0,2.0,御神本訓,55.0,ダ,1500.0,良,95.7,0.5,2-2-2-1,39.4,481.0,-10.0,ナニハサテオキ,160.0
2018102330,ビクトリーサイト,2023/05/01,船橋,晴,11.0,アマゾナイト特別(B1B2),7,4.0,4,4.0,2.0,4.0,御神本訓,57.0,ダ,1500.0,良,97.1,0.7,2-2-2-2,39.3,491.0,9.0,マイブレイブ,45.0
2018102330,ビクトリーサイト,2023/03/02,川崎,曇,10.0,マーチスター賞(B2B3),13,3.0,4,11.7,6.0,1.0,御神本訓,57.0,ダ,1600.0,良,105.4,-0.3,2-2-2-1,40.1,482.0,2.0,(グロリアスヒーロー),400.0
2018102330,ビクトリーサイト,2023/02/02,川崎,曇,10.0,ジャニュアリースター(B2B3),11,3.0,3,13.6,5.0,2.0,御神本訓,57.0,ダ,1600.0,良,106.4,0.3,6-5-5-3,41.2,480.0,-3.0,ジャスパージェット,160.0
2018102330,ビクトリーサイト,2023/01/04,川崎,晴,11.0,迎春賞(B2),12,8.0,12,13.5,6.0,7.0,本橋孝太,56.0,ダ,1600.0,良,105.7,1.5,7-7-8-7,41.4,483.0,-9.0,メタスペクター,
2018102330,ビクトリーサイト,2022/10/27,船橋,曇,12.0,読書の日特別(B3),13,4.0,5,6.8,2.0,1.0,本橋孝太,56.0,ダ,1600.0,良,105.0,-0.2,7-7-6-2,40.4,492.0,5.0,(クロヒョウ),240.0
2018102330,ビクトリーサイト,2022/10/14,川崎,曇,11.0,小六月特別(B2B3),14,1.0,1,4.6,3.0,4.0,本橋孝太,55.0,ダ,1500.0,重,97.3,1.2,13-13-11-9,38.5,487.0,-4.0,ウインオーサム,40.5
2018102330,ビクトリーサイト,2022/09/21,浦和,晴,10.0,紅葉月特別(B3),10,7.0,8,4.4,4.0,3.0,本橋孝太,56.0,ダ,1400.0,重,89.0,1.0,9-9-4-4,38.9,491.0,1.0,ジャックオレンジ,48.0
2018102330,ビクトリーサイト,2022/08/28,川崎,曇,11.0,稲富大大笑典(B2B3),14,5.0,8,12.1,4.0,7.0,小杉亮,55.0,ダ,1600.0,稍,105.0,0.8,11-11-11-9,40.1,490.0,1.0,ミロヴィーナス,
2018102330,ビクトリーサイト,2022/07/07,川崎,曇,10.0,七夕賞(B2B3),14,6.0,10,3.3,1.0,4.0,小杉亮,55.0,ダ,1600.0,良,105.4,0.7,5-6-7-9,40.7,489.0,-3.0,グランギフト,40.5
2018102330,ビクトリーサイト,2022/06/15,川崎,曇,10.0,見返り美人特別(B3),14,6.0,9,2.6,1.0,1.0,小杉亮,56.0,ダ,1500.0,稍,96.6,-0.4,14-12-3-3,39.2,492.0,8.0,(ディストピアーナ),240.0
2018102330,ビクトリーサイト,2022/05/02,船橋,小雨,11.0,くじら特別(B3),13,4.0,5,5.4,3.0,3.0,小杉亮,56.0,ダ,1600.0,不,103.5,0.6,6-5-5-4,40.0,484.0,5.0,スパラキシス,60.0
2018102330,ビクトリーサイト,2022/04/15,船橋,雨,10.0,ヘリコプター賞(C1),13,4.0,6,15.4,5.0,2.0,小杉亮,56.0,ダ,1600.0,重,104.8,0.1,4-4-5-3,40.1,479.0,-2.0,クロヒョウ,60.0
2018102330,ビクトリーサイト,2022/04/07,川崎,曇,9.0,木蓮賞(C1二),12,7.0,10,7.6,3.0,5.0,小杉亮,56.0,ダ,1400.0,重,91.0,0.8,10-9-9-8,40.0,481.0,-6.0,サキガケバイオ,12.0
2018102330,ビクトリーサイト,2022/03/25,船橋,晴,9.0,春興賞(C1),13,6.0,9,29.6,6.0,13.0,小杉亮,56.0,ダ,1600.0,重,105.9,2.7,3-3-3-4,43.0,487.0,16.0,スパラキシス,
2018102330,ビクトリーサイト,2021/05/24,川崎,曇,5.0,不如帰特別(3歳),14,3.0,4,3.2,1.0,4.0,小杉亮,57.0,ダ,1500.0,稍,95.7,0.1,5-6-6-5,39.2,471.0,-3.0,マシンガン,33.0
2018102330,ビクトリーサイト,2021/04/22,川崎,晴,7.0,頬白特別(3歳),13,4.0,4,2.3,1.0,1.0,小杉亮,56.0,ダ,1500.0,良,96.1,0.0,10-9-9-9,39.6,474.0,-5.0,(マイアミ),180.0
2018102330,ビクトリーサイト,2021/04/08,船橋,曇,7.0,チューリップ特別(3歳),11,7.0,8,3.9,2.0,3.0,酒井忍,56.0,ダ,1500.0,良,95.6,0.5,7-8-7-5,38.5,479.0,8.0,プレストカイザー,75.0
2018102330,ビクトリーサイト,2021/03/15,船橋,晴,3.0,3歳二,12,8.0,11,21.0,7.0,2.0,小杉亮,56.0,ダ,1500.0,稍,96.8,1.3,11-11-10-4,38.8,471.0,-2.0,ギャルダル,72.0
2018102330,ビクトリーサイト,2021/02/10,船橋,晴,1.0,3歳四五,10,5.0,5,2.7,2.0,1.0,小杉亮,56.5,ダ,1200.0,良,74.9,-0.2,6-5-4,38.5,473.0,-1.0,(フォースウィズユー),180.0
2018102330,ビクトリーサイト,2021/01/13,船橋,晴,2.0,3歳五,12,6.0,8,2.2,1.0,4.0,澤田龍哉,56.5,ダ,1200.0,良,75.9,0.5,5-5-5,38.5,474.0,-3.0,マクラガセレーネ,24.0
2018102330,ビクトリーサイト,2020/12/04,船橋,晴,3.0,カトレアデビュー(2歳),10,3.0,3,124.5,9.0,2.0,澤田龍哉,55.0,ダ,1000.0,稍,61.5,0.1,5-5,37.2,477.0,0.0,プレストカイザー,108.0
2019101438,タイセイストラーダ,2026/07/14,盛岡,曇,12.0,夢・希望未来へ前進(B1),11,1.0,1,3.6,2.0,1,山本政聡,56.0,ダ,1600.0,稍,98.6,0.0,10-9,35.9,490.0,0.0,(ビクトリーサイト),80.0
2019101438,タイセイストラーダ,2026/06/29,盛岡,晴,11.0,夢・希望未来へ前進(B1),10,1.0,1,5.5,2.0,1,山本政聡,56.0,ダ,1600.0,良,98.3,-0.1,5-4,37.2,490.0,0.0,(ミライヘノシンゲキ),80.0
2019101438,タイセイストラーダ,2026/06/16,水沢,晴,11.0,タガノビューティー特(B1),10,8.0,9,6.2,2.0,2,高松亮,56.0,ダ,1600.0,良,103.0,0.0,9-9-6-5,40.0,490.0,3.0,スノーパトロール,28.0
2019101438,タイセイストラーダ,2026/06/01,水沢,曇,12.0,朝顔賞(B1),10,3.0,3,5.6,3.0,2,高松亮,56.0,ダ,1900.0,良,125.5,0.2,9-9-7-4,39.0,487.0,4.0,サンエイコンドル,31.5
2019101438,タイセイストラーダ,2026/05/17,盛岡,晴,10.0,B1三組,12,8.0,12,18.8,5.0,3,高松亮,56.0,ダ,1600.0,良,99.5,1.4,7-3,38.6,483.0,-3.0,ミライヘノシンゲキ,16.0
2019101438,タイセイストラーダ,2026/05/04,盛岡,曇,9.0,B1二組B2一組混合(B1B2),12,8.0,11,7.8,3.0,5,山本聡哉,57.0,ダ,1600.0,不,98.6,2.2,8-5,38.1,486.0,0.0,タナハシ,5.6
2019101438,タイセイストラーダ,2026/04/19,水沢,晴,11.0,B1三組,11,4.0,4,2.4,2.0,5,山本聡哉,56.0,ダ,1600.0,良,105.4,0.8,8-9-6-5,39.1,486.0,-3.0,ファームフレッシュ,5.6
2019101438,タイセイストラーダ,2026/04/05,水沢,曇,9.0,岩手伝統工芸岩谷堂箪(B1B2),12,6.0,8,3.0,1.0,3,高松亮,57.0,ダ,1600.0,重,101.7,0.4,9-9-8-6,38.4,489.0,3.0,スナイチゴールド,16.0
2019101438,タイセイストラーダ,2026/03/22,水沢,晴,9.0,小袖海岸賞(B1),8,1.0,1,12.5,5.0,3,高松亮,56.0,ダ,1600.0,良,104.8,0.4,7-7-5-5,40.2,486.0,8.0,マジカルワード,16.0
2019101438,タイセイストラーダ,2026/03/08,水沢,曇,10.0,B1三組,9,7.0,7,2.5,1.0,5,高松亮,56.0,ダ,1600.0,稍,105.8,0.6,6-6-5-5,39.8,478.0,-7.0,ヤマニンビロー,5.6
2019101438,タイセイストラーダ,2025/12/31,水沢,曇,11.0,2025ファイナル特(A),12,6.0,8,53.2,5.0,2,高松亮,56.0,ダ,1600.0,重,101.2,0.2,10-10-9-8,38.8,485.0,-1.0,トーセンマッシモ,52.5
2019101438,タイセイストラーダ,2025/12/15,水沢,曇,12.0,白鳥特別(A),10,8.0,10,11.2,5.0,6,高松亮,56.0,ダ,1900.0,不,122.9,1.7,7-7-8-7,38.8,486.0,0.0,ギャラクシーナイト,
2019101438,タイセイストラーダ,2025/11/13,名古屋,曇,11.0,東海菊花賞(重賞),11,4.0,4,141.8,9.0,6,渡辺竜也,57.0,ダ,2000.0,稍,131.3,2.7,11-11-8,38.5,486.0,-2.0,マッドルーレット,
2019101438,タイセイストラーダ,2025/11/04,船橋,晴,11.0,大福山特別(A2B1),14,3.0,3,175.3,11.0,5,鷹見陸,54.0,ダ,1800.0,良,115.7,1.2,13-13-13-10,39.0,488.0,0.0,アルラ,50.0
2019101438,タイセイストラーダ,2025/10/13,川崎,曇,11.0,かながわ畜産物フェア(A2),13,8.0,13,202.7,12.0,4,今野忠成,55.0,ダ,2000.0,良,133.2,1.8,13-13-10-10,41.8,488.0,0.0,ツウカイノキズナ,60.0
2019101438,タイセイストラーダ,2025/09/19,大井,曇,11.0,日刊スポーツ賞競走(B1B2),14,8.0,13,239.5,13.0,7,本橋孝太,57.0,ダ,1800.0,不,116.7,2.3,14-14-14-14,39.2,488.0,-3.0,ビシャモンテン,
2019101438,タイセイストラーダ,2025/08/15,大井,晴,10.0,シーブリーズ賞競走(B1B2),10,8.0,9,106.6,9.0,6,和田譲治,57.0,ダ,2000.0,良,129.4,2.8,10-10-9-9,37.4,491.0,-2.0,マルカンラニ,
2019101438,タイセイストラーダ,2025/08/05,川崎,晴,10.0,宮前OP(OP)(4歳),6,4.0,4,26.8,5.0,5,町田直希,53.0,ダ,2000.0,良,134.3,2.7,5-5-6-5,39.0,493.0,2.0,オピニオンリーダー,60.0
2019101438,タイセイストラーダ,2025/07/08,川崎,晴,9.0,アクルックス賞(B1B2),6,5.0,5,14.5,6.0,5,今野忠成,57.0,ダ,2000.0,良,134.4,2.1,5-6-6-6,41.5,491.0,-2.0,サヨノフィールド,30.0
2019101438,タイセイストラーダ,2025/06/19,川崎,晴,11.0,中原OP(OP)(3上),14,7.0,12,245.3,13.0,13,今野忠成,53.0,ダ,2000.0,良,133.6,4.6,14-13-14-13,40.8,493.0,-1.0,グロリアムンディ,
2019101438,タイセイストラーダ,2025/05/15,川崎,晴,11.0,オーサカナ!オーサカ(A2B1),13,7.0,12,23.8,8.0,10,今野忠成,55.0,ダ,1500.0,稍,97.6,1.5,13-12-13-11,40.2,494.0,2.0,メンタイマヨ,
2019101438,タイセイストラーダ,2025/04/08,川崎,晴,10.0,プロキオン賞(B1B2),9,8.0,9,8.3,4.0,4,今野忠成,57.0,ダ,2000.0,稍,135.1,1.4,6-6-4-4,40.4,492.0,-2.0,カレンアルカンタラ,45.0
2019101438,タイセイストラーダ,2025/03/26,大井,晴,10.0,萌黄賞競走(B1B2),12,5.0,5,9.4,4.0,5,今野忠成,57.0,ダ,2000.0,良,129.9,2.1,10-9-10-9,39.0,494.0,-1.0,キトン,46.0
2019101438,タイセイストラーダ,2025/02/25,浦和,晴,11.0,早春賞(A2),8,6.0,6,5.4,3.0,3,今野忠成,55.0,ダ,2000.0,良,131.6,1.0,7-6-4-4,38.4,495.0,0.0,スパルタレオニダス,125.0
2019101438,タイセイストラーダ,2025/02/08,川崎,晴,11.0,ベテルギウス賞(B1B2),7,1.0,1,8.4,4.0,2,今野忠成,57.0,ダ,2000.0,良,135.6,0.5,5-4-5-4,38.9,495.0,3.0,アトランティス,120.0
2019101438,タイセイストラーダ,2025/01/02,川崎,晴,12.0,百人一首賞(B2B3),14,3.0,4,4.9,3.0,1,今野忠成,57.0,ダ,2000.0,良,135.0,-0.1,7-7-8-5,40.6,492.0,4.0,(サヨノフィールド),270.0
2019101438,タイセイストラーダ,2024/12/13,川崎,曇,11.0,フロイデ特別(B2B3),10,3.0,3,4.9,2.0,2,今野忠成,57.0,ダ,2000.0,良,134.8,0.8,7-6-5-3,39.8,488.0,0.0,アトランティス,108.0
2019101438,タイセイストラーダ,2024/11/19,浦和,晴,12.0,神楽月特別(B2B3),12,5.0,6,4.0,2.0,3,今野忠成,57.0,ダ,2000.0,良,131.9,1.4,6-4-4-4,38.2,488.0,-3.0,シンメルーブス,87.5
2019101438,タイセイストラーダ,2024/10/22,浦和,曇,12.0,秋風特別(B2B3),10,5.0,5,12.3,5.0,1,今野忠成,57.0,ダ,2000.0,良,131.6,-0.2,6-7-5-4,38.3,491.0,3.0,(エナジーポコアポコ),350.0
2019101438,タイセイストラーダ,2024/10/11,川崎,晴,11.0,おいしくお茶を飲みま(B2B3),14,4.0,5,19.0,8.0,3,今野忠成,57.0,ダ,1600.0,重,106.7,0.4,11-10-11-10,40.2,488.0,2.0,ブラックロータス,67.5
2019101438,タイセイストラーダ,2024/09/03,川崎,曇,10.0,ポルックス賞(B2B3),8,2.0,2,4.8,3.0,6,今野忠成,57.0,ダ,2000.0,重,137.2,2.9,8-8-7-7,40.7,486.0,-1.0,ダークモード,
2019101438,タイセイストラーダ,2024/08/07,川崎,曇,10.0,カノープス賞(B3C1),14,1.0,1,7.3,2.0,3,今野忠成,57.0,ダ,2000.0,良,135.6,0.7,9-9-10-5,40.2,487.0,-1.0,エレノーラ,60.0
2019101438,タイセイストラーダ,2024/07/23,川崎,晴,10.0,アルタイル賞(B2B3),8,1.0,1,14.0,7.0,2,今野忠成,55.0,ダ,2000.0,稍,133.6,0.2,6-5-7-4,40.9,488.0,0.0,シャンパンファイト,108.0
2019101438,タイセイストラーダ,2024/04/02,川崎,晴,9.0,プロキオン賞(B2B3),9,4.0,4,5.4,3.0,7,町田直希,55.0,ダ,2000.0,稍,136.8,3.0,9-9-8-8,41.9,488.0,0.0,ブレバ,
2019101438,タイセイストラーダ,2024/03/13,川崎,晴,12.0,よみうりランドグッジ(B3C1),12,7.0,9,3.5,2.0,5,町田直希,57.0,ダ,2000.0,重,137.7,1.8,5-6-3-5,41.9,488.0,1.0,シンボリフラッシュ,24.0
2019101438,タイセイストラーダ,2024/01/30,川崎,晴,10.0,世界の舌を魅了する神(B2B3),11,6.0,7,10.0,4.0,2,町田直希,55.0,ダ,2000.0,良,135.7,0.6,9-11-5-6,41.2,487.0,-2.0,サンオークレア,108.0
2019101438,タイセイストラーダ,2024/01/02,川崎,曇,12.0,百人一首賞(B2B3),10,7.0,8,8.8,3.0,3,町田直希,55.0,ダ,2000.0,良,134.3,0.9,10-10-4-3,41.0,489.0,1.0,サンオークレア,67.5
2019101438,タイセイストラーダ,2023/12/15,川崎,曇,9.0,スノーホワイト賞(B3C1),14,3.0,3,2.2,1.0,3,町田直希,57.0,ダ,2000.0,稍,138.3,1.0,12-14-7-7,42.0,488.0,-2.0,アンジュレイ,60.0
2019101438,タイセイストラーダ,2023/11/06,川崎,晴,10.0,シリウス賞(B2B3),14,8.0,13,5.6,3.0,3,町田直希,55.0,ダ,2000.0,良,135.1,1.5,6-6-6-5,42.1,490.0,3.0,アヴァニイ,67.5
2019101438,タイセイストラーダ,2023/10/13,川崎,晴,10.0,やまなし甲州賞(B3C1),13,6.0,9,2.7,1.0,3,町田直希,57.0,ダ,2000.0,良,135.7,0.4,5-6-3-3,40.3,487.0,0.0,サンオークレア,60.0
2019101438,タイセイストラーダ,2023/08/23,川崎,晴,9.0,カノープス賞(B3C1),11,6.0,7,6.4,5.0,1,町田直希,55.0,ダ,2000.0,良,133.5,-0.8,10-7-4-3,40.2,487.0,-2.0,(エアセイラン),240.0
2019101438,タイセイストラーダ,2023/07/29,川崎,晴,8.0,エベレスト賞(C1二),10,8.0,10,2.0,1.0,5,町田直希,56.0,ダ,1600.0,良,104.6,1.1,3-3-3-5,40.6,489.0,3.0,ナリノバロン,18.0
2019101438,タイセイストラーダ,2023/07/06,川崎,晴,8.0,ブラックジャック賞(C1二),11,5.0,5,3.2,2.0,2,町田直希,56.0,ダ,1500.0,稍,97.6,0.3,6-4-5-3,40.8,486.0,1.0,ペイシャガン,72.0
2019101438,タイセイストラーダ,2023/06/14,川崎,曇,7.0,金蓮花賞(C1),10,7.0,8,1.7,1.0,1,町田直希,56.0,ダ,1500.0,稍,98.0,0.0,4-5-2-3,39.9,485.0,0.0,(ブルボンティアラ),120.0
2019101438,タイセイストラーダ,2023/05/15,川崎,曇,12.0,横浜LC70周年・川(C2二),13,3.0,3,3.0,2.0,1,町田直希,56.0,ダ,1500.0,不,98.9,-0.1,11-11-7-5,40.9,485.0,-1.0,(モニュメントキング),150.0
2019101438,タイセイストラーダ,2023/04/05,川崎,曇,5.0,C2四五六(C2五),14,7.0,11,2.5,1.0,2,町田直希,56.0,ダ,1500.0,良,99.2,0.8,4-4-2-2,41.1,486.0,2.0,オースター,40.0
2019101438,タイセイストラーダ,2023/01/03,川崎,晴,9.0,宝船賞(C2五),13,8.0,13,2.5,1.0,3,町田直希,56.0,ダ,1500.0,良,98.8,0.3,4-4-3-3,40.6,484.0,6.0,ビスバルト,25.0
2019101438,タイセイストラーダ,2022/09/04,4小倉8,晴,6.0,3歳未勝利,15,4.0,7,19.7,7.0,10,国分恭介,56.0,ダ,1700.0,稍,107.1,1.8,15-15-14-12,38.0,478.0,0.0,ワンダーブレット,
2019101438,タイセイストラーダ,2022/08/28,4小倉6,晴,7.0,3歳未勝利,16,6.0,12,20.4,8.0,4,国分恭介,56.0,ダ,1700.0,良,106.8,1.1,15-15-13-13,38.0,478.0,-6.0,ハギノロックオン,78.0
2019101438,タイセイストラーダ,2022/05/15,3中京4,晴,2.0,3歳未勝利,13,6.0,8,3.1,1.0,7,国分恭介,56.0,ダ,1800.0,重,115.0,2.5,10-9-9-9,39.3,484.0,2.0,ダノンフォーナイン,
2019101438,タイセイストラーダ,2022/04/24,2阪神10,雨,3.0,3歳未勝利,14,3.0,4,40.0,7.0,2,国分恭介,56.0,ダ,1800.0,稍,113.7,0.0,6-6-2-2,36.7,482.0,-2.0,スズカマジェスタ,210.0
2019101438,タイセイストラーダ,2022/04/03,2阪神4,曇,2.0,3歳未勝利,16,8.0,16,100.5,12.0,6,岩田康誠,56.0,ダ,1400.0,良,88.2,1.4,6-5,38.8,484.0,0.0,ワックスリリカル,
2020104745,シルバースペード,2026/07/14,盛岡,曇,11.0,B1二組,10,2.0,2,3.1,1.0,5,岩本怜,56.0,ダ,1600.0,稍,99.7,0.9,6-5,37.9,481.0,1.0,ウィンターサン,5.6
2020104745,シルバースペード,2026/06/29,盛岡,晴,11.0,夢・希望未来へ前進(B1),10,8.0,9,28.9,7.0,4,岩本怜,56.0,ダ,1600.0,良,98.8,0.5,2-2,38.2,480.0,-7.0,タイセイストラーダ,10.4
2020104745,シルバースペード,2026/06/16,水沢,晴,11.0,タガノビューティー特(B1),10,2.0,2,9.2,4.0,7,高橋悠里,56.0,ダ,1600.0,良,105.8,2.8,1-1-1-4,43.9,487.0,1.0,スノーパトロール,
2020104745,シルバースペード,2025/12/09,船橋,晴,10.0,ディセンバー特別(B3),14,4.0,5,7.8,5.0,5,笹川翼,56.0,ダ,1600.0,良,104.3,0.8,7-7-7-6,39.4,486.0,8.0,モルジブフレイバー,27.0
2020104745,シルバースペード,2025/10/12,3京都4,曇,4.0,障害3歳以上未勝利,12,7.0,10,16.5,7.0,9,上野翔,60.0,障,2910.0,良,202.8,4.7,3-3-6-6,13.9,478.0,-2.0,ヴィアルークス,
2020104745,シルバースペード,2025/07/13,2小倉6,曇,1.0,障害3歳以上未勝利,12,7.0,9,21.8,7.0,8,上野翔,60.0,障,2860.0,良,197.4,2.8,5-5-6-6,13.8,480.0,-4.0,ポリトナリティー,
2020104745,シルバースペード,2025/02/15,1東京5,晴,12.0,4歳以上1勝クラス,16,8.0,16,21.2,9.0,8,キング,58.0,芝,1600.0,良,94.3,0.8,9-10,35.2,484.0,12.0,シンバーシア,
2020104745,シルバースペード,2024/11/16,3福島5,曇,9.0,高湯温泉特別(1勝クラス),16,4.0,8,7.7,5.0,15,高杉吏麒,58.0,芝,1800.0,良,110.5,1.5,8-8-8-8,35.7,472.0,0.0,アイキャンドウイッ,
2020104745,シルバースペード,2024/10/26,4新潟7,晴,9.0,柏崎特別(1勝クラス),16,7.0,13,36.3,10.0,2,高杉吏麒,58.0,芝,1600.0,良,94.4,0.3,5-5,33.8,472.0,-14.0,ツルマウカタチ,454.4
2020104745,シルバースペード,2024/06/09,3東京4,曇,12.0,3歳以上1勝クラス,17,1.0,1,36.8,9.0,9,菅原明良,58.0,芝,1600.0,良,93.8,0.8,2-2,35.4,486.0,6.0,ニュージーズ,
2020104745,シルバースペード,2024/05/11,1新潟5,晴,10.0,三国特別(1勝クラス),12,8.0,12,6.2,4.0,3,角田大河,58.0,芝,1600.0,良,96.3,0.1,2-2,34.1,480.0,-6.0,エンファサイズ,284.0
2020104745,シルバースペード,2024/04/21,2東京2,曇,8.0,4歳以上1勝クラス,10,4.0,4,12.5,5.0,5,三浦皇成,58.0,芝,1600.0,良,93.2,0.3,6-7,33.7,486.0,8.0,ジュドー,80.0
2020104745,シルバースペード,2024/03/24,1中京6,小雨,5.0,4歳以上1勝クラス,13,8.0,13,11.8,6.0,4,三浦皇成,58.0,芝,1600.0,重,96.7,0.5,10-8-7,36.1,478.0,-4.0,アルゲンテウス,120.0
2020104745,シルバースペード,2024/03/10,1中京2,晴,7.0,4歳以上1勝クラス,10,7.0,7,54.6,10.0,8,秋山稔樹,57.0,芝,1600.0,良,94.4,0.5,8-6-6,34.7,482.0,-6.0,アイルシャイン,
2020104745,シルバースペード,2024/01/27,1東京1,晴,12.0,4歳以上1勝クラス,16,8.0,16,27.0,7.0,16,小林勝太,54.0,芝,1800.0,良,108.6,1.1,3-4-4,34.7,488.0,20.0,コスモシャングリラ,
2020104745,シルバースペード,2023/10/21,4東京6,晴,12.0,3歳以上1勝クラス,9,8.0,9,6.1,4.0,6,横山和生,56.0,芝,1800.0,良,107.7,0.4,5-5-4,34.2,468.0,-2.0,グランドカリナン,
2020104745,シルバースペード,2023/10/08,4東京2,曇,8.0,3歳以上1勝クラス,16,6.0,11,7.2,3.0,6,石橋脩,56.0,芝,1600.0,良,93.7,0.5,11-11,33.9,470.0,2.0,ココクレーター,
2020104745,シルバースペード,2023/09/16,4中山3,晴,12.0,3歳以上1勝クラス,11,1.0,1,3.7,1.0,4,石橋脩,55.0,芝,2000.0,良,120.5,0.2,3-3-6-6,35.4,468.0,-2.0,ソワドリヨン,120.0
2020104745,シルバースペード,2023/08/27,3新潟6,晴,7.0,3歳以上1勝クラス,8,8.0,8,6.0,4.0,3,石橋脩,55.0,芝,1800.0,良,107.0,0.5,5-5,33.5,470.0,2.0,マイネルケレリウス,200.0
2020104745,シルバースペード,2023/02/12,1東京6,晴,11.0,共同通信杯(GIII),12,6.0,7,284.7,12.0,8,吉田豊,56.0,芝,1800.0,良,107.8,0.8,11-9-11,33.7,468.0,-6.0,ファントムシーフ,
2020104745,シルバースペード,2023/01/15,1中山6,曇,11.0,京成杯(GIII),9,6.0,6,44.5,8.0,9,吉田豊,56.0,芝,2000.0,良,123.4,1.2,8-9-9-9,35.3,474.0,12.0,ソールオリエンス,
2020104745,シルバースペード,2022/11/19,5東京5,晴,11.0,東京スポーツ杯2歳S(GII),11,8.0,10,197.4,11.0,6,吉田豊,55.0,芝,1800.0,良,106.4,0.6,8-10-9,34.3,462.0,-4.0,ガストリック,
2020104745,シルバースペード,2022/10/09,4東京2,曇,2.0,2歳未勝利,12,1.0,1,11.2,4.0,1,吉田豊,55.0,芝,1600.0,良,94.6,0.0,3-3,34.8,466.0,4.0,(マイド),520.0
2020104745,シルバースペード,2022/09/24,4中山6,曇,2.0,2歳未勝利,16,3.0,5,20.8,7.0,3,吉田豊,54.0,芝,1600.0,不,96.0,0.5,9-11-12,34.9,462.0,4.0,ディナトセレーネ,130.0
2020104745,シルバースペード,2022/08/27,3新潟5,晴,1.0,2歳未勝利,15,7.0,12,16.5,4.0,3,吉田豊,54.0,芝,1600.0,良,95.1,0.5,12-11,34.9,458.0,-12.0,エマヌエーレ,130.0
2020104745,シルバースペード,2022/07/24,2福島8,晴,3.0,2歳未勝利,12,5.0,6,8.6,4.0,6,柴田善臣,54.0,芝,1800.0,良,113.3,1.6,5-7-8-7,38.1,470.0,4.0,マイネルビジョン,
2020104745,シルバースペード,2022/06/12,3東京4,晴,5.0,2歳新馬,12,4.0,4,77.2,8.0,4,柴田善臣,54.0,芝,1800.0,良,111.1,0.6,4-4-4,34.4,466.0,0.0,オンザブロッサム,110.0
2022102924,イサナ,2026/06/15,川崎,曇,10.0,カペラ賞(B2B3),10,2.0,2,4.2,2.0,4,新原周馬,57.0,ダ,2000.0,重,135.9,1.6,2-2-4-4,43.2,515.0,5.0,パイロビーム,42.0
2022102924,イサナ,2026/06/04,船橋,曇,12.0,ニッコウキスゲ特別(B2B3),12,1.0,1,14.5,7.0,9,篠谷葵,57.0,ダ,1800.0,稍,119.5,2.8,2-2-2-2,41.7,510.0,-6.0,ショーケン,
2022102924,イサナ,2026/05/15,川崎,晴,10.0,第39回開成町阿波お(B2B3),12,6.0,7,12.6,5.0,4,新原周馬,57.0,ダ,2000.0,良,133.8,0.5,1-1-1-2,41.0,516.0,-7.0,デフィニティーボ,42.0
2022102924,イサナ,2026/04/28,大井,晴,10.0,ケンタウルス賞競走(B2),9,3.0,3,28.3,5.0,5,新原周馬,56.0,ダ,1600.0,不,102.1,0.8,5-6-6-6,39.6,523.0,-3.0,モリデンステルス,46.0
2022102924,イサナ,2026/04/07,川崎,曇,10.0,プロキオン賞(B2B3),13,3.0,3,11.8,7.0,6,張田昂,57.0,ダ,2000.0,重,136.1,1.3,3-3-5-4,41.6,526.0,-6.0,デフィニティーボ,
2022102924,イサナ,2026/03/20,浦和,曇,12.0,浦和×ばんえいコラボ(B2B3),12,5.0,5,12.1,4.0,5,新原周馬,57.0,ダ,2000.0,稍,133.5,1.4,1-1-1-5,41.9,532.0,-6.0,スピンディエゴール,35.0
2022102924,イサナ,2026/03/02,川崎,曇,10.0,レコードな町にいかっ(B2B3),10,7.0,8,2.6,1.0,9,笹川翼,57.0,ダ,2000.0,稍,137.3,3.0,3-4-5-8,42.4,538.0,-4.0,ヴィブエアー,
2022102924,イサナ,2026/02/04,川崎,晴,10.0,フェブラリースター賞(B2B3),14,4.0,5,2.9,1.0,9,新原周馬,57.0,ダ,1600.0,良,106.3,0.8,2-2-2-2,42.0,542.0,0.0,ライヴマスタード,
2022102924,イサナ,2025/10/31,ランドウィック,,,ハンデ戦,7,,2,,6.0,5,松山弘平,58.5,芝,1500.0,重,,,,,,,,
2022102924,イサナ,2025/08/02,3中京3,晴,6.0,日進特別(2勝クラス),12,7.0,9,1.8,1.0,8,松山弘平,55.0,ダ,1800.0,良,114.8,1.3,2-2-2-3,41.0,508.0,-8.0,グラヴィス,
2022102924,イサナ,2025/07/19,2小倉7,曇,10.0,熊本城特別(2勝クラス),16,2.0,3,6.4,3.0,4,松山弘平,55.0,ダ,1700.0,重,104.1,0.9,5-3-3-3,37.3,516.0,8.0,レイナデアルシーラ,230.0
2022102924,イサナ,2025/05/10,2東京5,曇,10.0,青竜S(OP),11,7.0,8,32.3,6.0,8,ディー,57.0,ダ,1600.0,重,96.5,0.9,2-2,36.0,508.0,-8.0,ポールセン,
2022102924,イサナ,2025/03/29,3中山1,雨,10.0,伏竜S(OP),11,4.0,4,21.3,5.0,7,松山弘平,57.0,ダ,1800.0,稍,113.9,1.8,1-1-1-1,38.5,516.0,10.0,ルクソールカフェ,
2022102924,イサナ,2025/01/26,1中京9,晴,4.0,3歳1勝クラス,8,7.0,7,21.9,6.0,1,松山弘平,57.0,ダ,1800.0,良,113.2,-0.1,1-1-1-1,37.4,506.0,-12.0,(ミライヘノカギ),800.0
2022102924,イサナ,2024/11/04,門別,曇,11.0,JBC2歳優駿(JpnIII),10,4.0,4,21.2,6.0,7,服部茂史,56.0,ダ,1800.0,良,116.2,1.7,4-4-6-8,40.8,518.0,4.0,ソルジャーフィルド,
2022102924,イサナ,2024/09/22,3中京7,曇,2.0,2歳未勝利,11,7.0,9,1.8,1.0,1,松山弘平,55.0,ダ,1800.0,良,115.3,-0.2,1-1-1-2,39.0,514.0,4.0,(ヴェーヌドール),550.0
2022102924,イサナ,2024/08/31,2中京7,小雨,1.0,2歳未勝利,11,8.0,11,2.2,1.0,2,松山弘平,55.0,ダ,1800.0,不,114.5,0.4,2-2-2-2,38.7,510.0,-4.0,ロードラビリンス,220.0
2022102924,イサナ,2024/06/16,4京都6,晴,5.0,2歳新馬,10,5.0,5,8.0,3.0,4,Ｍ．デム,55.0,芝,1600.0,良,97.2,0.7,1-1,34.8,514.0,0.0,トータルクラリティ,110.0
2019105991,アーリーレッグ,2026/07/14,盛岡,曇,12.0,夢・希望未来へ前進(B1),11,6.0,6,18.4,6.0,8,村上忍,56.0,ダ,1600.0,稍,99.1,0.5,9-8,36.5,478.0,-2.0,タイセイストラーダ,
2019105991,アーリーレッグ,2026/06/29,盛岡,晴,11.0,夢・希望未来へ前進(B1),10,6.0,6,11.0,3.0,3,鈴木祐,56.0,ダ,1600.0,良,98.8,0.5,7-5,37.7,480.0,4.0,タイセイストラーダ,16.0
2019105991,アーリーレッグ,2026/06/01,水沢,曇,11.0,ムスカリ賞(B1),10,3.0,3,2.0,1.0,7,山本聡哉,56.0,ダ,1600.0,良,105.1,0.8,10-10-10-10,39.6,476.0,0.0,オデンシタ,
2019105991,アーリーレッグ,2026/05/19,盛岡,晴,11.0,ハイペリカム賞(B1),11,8.0,10,4.0,2.0,2,山本聡哉,56.0,ダ,1600.0,良,99.1,0.2,9-9,37.8,476.0,0.0,モズユイユイ,28.0
2019105991,アーリーレッグ,2026/05/04,盛岡,小雨,10.0,いわてくじ山形村短角(B1),9,4.0,4,15.4,5.0,2,山本聡哉,56.0,ダ,1600.0,不,97.7,0.0,9-9,36.4,476.0,3.0,ファルヴォーレ,28.0
2019105991,アーリーレッグ,2026/04/21,水沢,晴,11.0,B1二組,10,7.0,7,20.9,7.0,4,山本聡哉,56.0,ダ,1600.0,良,105.9,1.8,8-8-9-8,40.7,473.0,1.0,スマートハンター,10.4
2019105991,アーリーレッグ,2026/04/07,水沢,曇,11.0,B1二組,10,6.0,6,49.7,10.0,2,山本聡哉,56.0,ダ,1600.0,稍,103.1,0.1,7-7-6-5,39.1,472.0,4.0,オデンシタ,28.0
2019105991,アーリーレッグ,2026/03/24,水沢,晴,11.0,B1二組,11,8.0,11,8.5,5.0,5,山本政聡,56.0,ダ,1600.0,良,106.8,1.2,10-11-11-7,39.7,468.0,-3.0,サンエイブレーヴ,5.6
2019105991,アーリーレッグ,2026/03/10,水沢,晴,10.0,東日本大震災津波を語(B1),10,4.0,4,19.2,9.0,7,鈴木祐,56.0,ダ,1600.0,稍,106.0,1.3,8-8-9-7,40.2,471.0,-6.0,ファルヴォーレ,
2019105991,アーリーレッグ,2025/12/22,水沢,曇,10.0,B1三組,10,8.0,9,2.3,1.0,9,鈴木祐,56.0,ダ,1600.0,重,103.8,0.7,5-6-4-5,39.0,477.0,2.0,メイショウメイスイ,
2019105991,アーリーレッグ,2025/05/12,盛岡,曇,10.0,ハイドランジア賞(B2),7,6.0,6,1.8,1.0,1,山本政聡,56.0,ダ,1600.0,重,100.2,0.0,5-5,37.5,475.0,-5.0,(アダマスミノル),60.0
2019105991,アーリーレッグ,2025/04/22,水沢,晴,7.0,B2一組,10,5.0,5,2.8,2.0,1,山本政聡,56.0,ダ,1600.0,良,103.6,0.0,9-9-7-3,38.2,480.0,0.0,(ウインダークローズ),60.0
2019105991,アーリーレッグ,2025/04/08,水沢,雨,9.0,B2三組,9,7.0,7,1.4,1.0,1,山本政聡,56.0,ダ,1600.0,良,104.3,-0.2,8-8-5-3,38.6,480.0,-1.0,(ナリノバロン),60.0
2019105991,アーリーレッグ,2025/03/25,水沢,晴,5.0,B2三組,10,2.0,2,1.6,1.0,2,山本政聡,56.0,ダ,1600.0,良,104.0,0.1,6-6-3-3,39.7,481.0,7.0,エナジーフォルテ,21.0
2019105991,アーリーレッグ,2025/03/05,川崎,雨,10.0,レコードな町にいかっ(B2B3),14,5.0,8,122.9,12.0,5,佐藤翔馬,52.0,ダ,1500.0,不,98.1,1.2,13-12-10-7,40.3,474.0,1.0,インナースティール,27.0
2019105991,アーリーレッグ,2025/02/05,川崎,晴,12.0,雪化粧特別(B3),14,1.0,1,58.8,10.0,7,町田直希,56.0,ダ,1500.0,稍,99.0,1.1,14-14-14-11,40.1,473.0,1.0,シゲルマッハ,
2019105991,アーリーレッグ,2025/01/03,川崎,曇,12.0,宝船特別(B3),14,3.0,4,46.4,6.0,9,町田直希,56.0,ダ,1500.0,良,99.1,1.5,14-14-14-12,39.2,472.0,5.0,インナースティール,
2019105991,アーリーレッグ,2024/12/09,川崎,晴,11.0,風花特別(B2),14,6.0,10,14.1,6.0,5,町田直希,56.0,ダ,1600.0,良,105.6,1.1,14-13-12-8,40.6,467.0,0.0,エアセイラン,13.5
2019105991,アーリーレッグ,2024/11/26,船橋,晴,10.0,フェイスフルブーツ特(B2B3),12,5.0,5,32.5,8.0,5,今野忠成,57.0,ダ,1700.0,良,110.1,1.4,12-12-12-10,38.4,467.0,3.0,モデルハント,40.0
2019105991,アーリーレッグ,2024/11/12,川崎,晴,10.0,時雨空特別(B2),14,2.0,2,10.4,6.0,5,今野忠成,56.0,ダ,1600.0,稍,105.0,0.4,13-12-12-11,40.1,464.0,1.0,キットサクラサク,27.0
2019105991,アーリーレッグ,2024/10/31,船橋,晴,10.0,ジーニアス特別(B2),14,4.0,6,71.1,11.0,7,町田直希,56.0,ダ,1600.0,重,105.5,1.6,14-13-13-13,40.3,463.0,-3.0,シルバービスケッツ,
2019105991,アーリーレッグ,2024/10/11,川崎,晴,11.0,おいしくお茶を飲みま(B2B3),14,5.0,8,110.7,13.0,5,町田直希,57.0,ダ,1600.0,重,106.8,0.5,14-14-14-14,39.7,466.0,-11.0,ブラックロータス,27.0
2019105991,アーリーレッグ,2024/05/08,川崎,雨,10.0,メイスター賞(B2B3),13,4.0,4,164.3,12.0,中,野畑凌,57.0,ダ,1600.0,稍,,,13-13-13,,477.0,0.0,ルショコラ,
2019105991,アーリーレッグ,2024/04/17,浦和,晴,12.0,芝桜特別(B2B3),12,3.0,3,11.9,5.0,4,和田譲治,57.0,ダ,2000.0,良,134.4,0.5,12-12-10-7,39.9,477.0,2.0,サイレントウルフ,52.5
2019105991,アーリーレッグ,2024/04/03,川崎,雨,10.0,ホッコータルマエメモ(B2B3),13,4.0,5,46.1,9.0,7,町田直希,57.0,ダ,1600.0,重,106.2,1.2,12-12-12-11,40.5,475.0,-5.0,ナガタエース,
2019105991,アーリーレッグ,2024/03/13,川崎,晴,10.0,レコードな町にいかっ(B2B3),14,8.0,13,150.9,12.0,3,町田直希,57.0,ダ,1500.0,重,98.8,0.8,14-13-11-11,41.4,480.0,8.0,ミュステーリオン,67.5
2019105991,アーリーレッグ,2024/01/04,川崎,晴,10.0,大師特別(B2B3),12,2.0,2,100.7,9.0,10,岩橋勇二,57.0,ダ,1500.0,良,98.6,2.3,12-11-11-10,38.4,472.0,3.0,シンメカイヤー,
2019105991,アーリーレッグ,2023/12/12,川崎,曇,9.0,ディセンバースター賞(B2B3),12,3.0,3,71.1,9.0,7,町田直希,57.0,ダ,1500.0,稍,99.4,2.1,9-10-10-10,41.1,469.0,-1.0,ソウルストライク,
2019105991,アーリーレッグ,2023/11/27,船橋,晴,11.0,柊特別(B1B2),12,2.0,2,129.5,11.0,6,町田直希,55.0,ダ,1600.0,良,102.7,0.7,7-7-8-8,39.3,470.0,1.0,ハイエストエンド,
2019105991,アーリーレッグ,2023/11/08,川崎,晴,10.0,ノベンバースター賞(B2B3),13,8.0,13,41.9,10.0,7,町田直希,57.0,ダ,1600.0,良,105.2,1.9,11-12-12-12,40.5,469.0,2.0,ヴィクトゥーラ,
2019105991,アーリーレッグ,2023/10/11,川崎,晴,10.0,オクトーバースター賞(B2B3),9,5.0,5,38.9,8.0,4,町田直希,57.0,ダ,1600.0,稍,105.1,2.2,9-9-9-7,40.7,467.0,0.0,アッチャゴーラ,60.0
2019105991,アーリーレッグ,2023/09/14,川崎,晴,10.0,涼秋特別(B2),9,2.0,2,20.5,4.0,3,町田直希,56.0,ダ,1600.0,良,104.2,1.2,6-6-7-6,39.7,467.0,-1.0,ベラール,67.5
2019105991,アーリーレッグ,2023/08/22,川崎,曇,10.0,オーガストスター賞(B2B3),11,7.0,8,12.7,5.0,5,町田直希,57.0,ダ,1600.0,稍,104.8,1.3,10-10-6-7,39.6,468.0,1.0,レイリ,40.0
2019105991,アーリーレッグ,2023/07/26,川崎,晴,10.0,みうら夜市特別(B2B3),13,6.0,8,10.6,4.0,5,町田直希,57.0,ダ,2000.0,良,134.8,1.1,11-11-5-6,42.0,467.0,-2.0,レッドスパロー,27.0
2019105991,アーリーレッグ,2023/07/04,川崎,晴,10.0,ジュライスター賞(B2B3),11,7.0,9,44.0,8.0,2,町田直希,55.0,ダ,1600.0,良,104.4,0.4,10-10-9-5,41.2,469.0,-2.0,ハナキリ,160.0
2019105991,アーリーレッグ,2023/06/13,川崎,晴,10.0,梅雨明かり特別(B2B3),14,3.0,3,8.3,3.0,6,吉原寛人,55.0,ダ,1600.0,重,106.7,1.6,8-6-7-5,40.7,471.0,3.0,ワガンセ,
2019105991,アーリーレッグ,2023/05/16,川崎,晴,10.0,おだわらあんこうカレ(B2B3),13,3.0,4,19.2,7.0,4,山崎誠士,55.0,ダ,1500.0,重,98.1,0.6,8-8-7-5,40.0,468.0,-1.0,ユキグニ,40.5
2019105991,アーリーレッグ,2022/12/01,船橋,曇,12.0,映画の日特別(B3),13,6.0,8,10.5,4.0,1,町田直希,56.0,ダ,1600.0,良,106.0,-0.4,9-9-7-6,41.1,469.0,2.0,(イライジャ),240.0
2019105991,アーリーレッグ,2022/11/10,川崎,晴,10.0,「ご縁の国しまね」特(B3),14,7.0,12,20.2,6.0,3,町田直希,56.0,ダ,1600.0,良,105.2,0.6,10-11-10-9,39.5,467.0,1.0,エレガンテヴァイゼ,60.0
2019105991,アーリーレッグ,2022/10/10,川崎,晴,10.0,ねんりんスマイリング(B3),13,1.0,1,9.1,6.0,5,町田直希,56.0,ダ,1600.0,重,105.8,1.2,12-12-12-11,40.2,466.0,0.0,キットサクラサク,24.0
2019105991,アーリーレッグ,2022/09/16,川崎,晴,12.0,葉鶏頭賞(C1二),13,8.0,12,10.4,5.0,2,今野忠成,55.0,ダ,1500.0,良,96.5,0.3,10-11-9-7,38.8,466.0,-3.0,キットサクラサク,48.0
2019105991,アーリーレッグ,2022/08/29,川崎,曇,10.0,鶏頭賞(C1二),9,5.0,5,11.4,4.0,4,町田直希,55.0,ダ,1400.0,良,91.5,1.2,7-7-7-7,38.5,469.0,7.0,ウインオーサム,18.0
2019105991,アーリーレッグ,2022/08/05,川崎,曇,7.0,C1一二三(C1二),12,5.0,6,13.8,5.0,7,町田直希,55.0,ダ,1400.0,重,91.6,1.3,9-9-9-10,39.6,462.0,0.0,ウインオーサム,
2019105991,アーリーレッグ,2022/07/04,川崎,曇,7.0,C1一二三(C1二),12,6.0,7,17.9,8.0,5,山崎誠士,55.0,ダ,1400.0,良,91.4,0.9,9-9-10-10,38.9,462.0,-7.0,アジュディカグラ,12.0
2019105991,アーリーレッグ,2022/06/15,川崎,曇,10.0,見返り美人特別(B3),14,3.0,4,11.5,6.0,5,町田直希,54.0,ダ,1500.0,稍,98.0,1.4,13-14-14-10,40.4,469.0,4.0,ビクトリーサイト,24.0
2019105991,アーリーレッグ,2022/05/18,川崎,晴,2.0,ブレッザ賞(3歳),11,3.0,3,4.0,2.0,7,町田直希,57.0,ダ,900.0,重,55.8,1.1,7-8,37.6,465.0,11.0,ブエラプーラ,
2019105991,アーリーレッグ,2022/03/20,2中山7,晴,6.0,3歳1勝クラス,15,3.0,5,415.8,15.0,12,西塚洸二,53.0,ダ,1200.0,重,72.5,2.2,12-13,38.3,454.0,-16.0,ビーオンザマーチ,
2019105991,アーリーレッグ,2022/02/19,1東京7,曇,2.0,3歳1勝クラス,16,3.0,5,177.4,15.0,13,菊沢一樹,56.0,ダ,1400.0,稍,87.3,1.6,8-9,38.2,470.0,2.0,ウラヤ,
2019105991,アーリーレッグ,2022/01/30,1中京10,曇,4.0,3歳1勝クラス,12,8.0,12,52.7,11.0,9,田辺裕信,56.0,ダ,1200.0,良,74.3,1.8,12-12,37.2,468.0,2.0,フルム,
2019105991,アーリーレッグ,2021/12/05,5中山2,晴,6.0,2歳1勝クラス,10,8.0,11,144.2,10.0,8,永野猛蔵,52.0,ダ,1200.0,良,72.7,1.3,5-5,38.2,466.0,18.0,メズメライザー,
2019105991,アーリーレッグ,2021/09/20,5中京5,晴,9.0,ヤマボウシ賞(1勝クラス),8,8.0,8,24.1,6.0,7,菱田裕二,54.0,ダ,1400.0,良,86.0,2.1,4-6,38.9,448.0,2.0,コンバスチョン,
2019105991,アーリーレッグ,2021/06/19,1札幌3,曇,6.0,2歳新馬,8,7.0,7,1.8,1.0,1,横山武史,54.0,ダ,1000.0,良,61.5,-0.1,2-2,36.8,446.0,0.0,(エムティゲラン),700.0
2020104306,スマートハンター,2026/06/30,盛岡,晴,8.0,B1,9,8.0,8,3.5,2.0,5,佐々木志,56.0,ダ,1200.0,良,72.9,0.8,6-6,37.1,518.0,-3.0,テングクラブ,5.6
2020104306,スマートハンター,2026/06/16,水沢,晴,12.0,夢・希望未来へ前進(B1),10,5.0,5,1.8,1.0,6,山本聡哉,56.0,ダ,1600.0,良,103.5,0.7,4-4-4-4,40.2,521.0,0.0,クイーンカード,
2020104306,スマートハンター,2026/06/08,水沢,雨,11.0,麦秋特別(A),8,4.0,4,2.7,2.0,3,山本聡哉,56.0,ダ,1600.0,重,100.3,0.2,1-1-1-1,37.7,521.0,9.0,アポロプラネット,28.0
2020104306,スマートハンター,2026/05/05,盛岡,晴,12.0,株式会社カナンフーズ(B1),12,6.0,7,5.9,3.0,1,山本聡紀,56.0,ダ,1400.0,重,84.7,0.0,2-2,37.2,512.0,-3.0,(アポロプラネット),80.0
2020104306,スマートハンター,2026/04/21,水沢,晴,11.0,B1二組,10,1.0,1,3.7,2.0,1,山本聡紀,56.0,ダ,1600.0,良,104.1,-1.3,1-1-1-1,41.3,515.0,-3.0,(ヤマニンビロー),80.0
2020104306,スマートハンター,2026/04/06,水沢,晴,8.0,B1,10,8.0,10,20.2,5.0,2,佐々木志,56.0,ダ,1400.0,稍,87.7,0.3,4-3-3-1,38.7,518.0,4.0,アポロプラネット,28.0
2020104306,スマートハンター,2026/03/22,水沢,晴,9.0,小袖海岸賞(B1),8,4.0,4,29.7,6.0,4,佐々木志,56.0,ダ,1600.0,良,105.2,0.8,2-2-2-3,41.5,514.0,0.0,マジカルワード,10.4
2020104306,スマートハンター,2026/02/11,高知,曇,7.0,アカメ特別(C1),9,3.0,3,138.2,8.0,6,岡遼太郎,57.0,ダ,1300.0,重,85.0,1.6,8-7-8-7,38.5,514.0,3.0,ヴィアダクト,
2020104306,スマートハンター,2026/01/27,高知,晴,8.0,C1ー2,10,5.0,5,33.6,7.0,6,岡遼太郎,57.0,ダ,1400.0,良,92.0,1.0,7-8-7-6,39.7,511.0,-6.0,ブーバー,
2020104306,スマートハンター,2026/01/13,高知,晴,10.0,ファイナルレース(C1),11,3.0,3,5.7,2.0,5,岡遼太郎,57.0,ダ,1600.0,良,108.7,2.1,5-5-7-8,40.9,517.0,0.0,ビックス,9.0
2020104306,スマートハンター,2025/12/29,高知,晴,9.0,C1ー3,11,2.0,2,22.2,7.0,10,岡遼太郎,57.0,ダ,1400.0,良,94.6,2.4,11-10-10-10,41.5,517.0,9.0,フォックススリープ,
2020104306,スマートハンター,2025/11/30,高知,晴,4.0,広島県もみじ特別(C1),8,2.0,2,29.2,4.0,4,岡遼太郎,57.0,ダ,1600.0,良,108.5,1.1,6-6-6-6,40.2,508.0,6.0,モズイージス,13.5
2020104306,スマートハンター,2025/11/16,高知,晴,12.0,ファイナルレース(C1),12,6.0,8,6.3,3.0,8,岡遼太郎,57.0,ダ,1300.0,稍,84.8,1.2,5-7-7-10,39.9,502.0,5.0,ハッキョイ,
2020104306,スマートハンター,2025/11/02,高知,曇,8.0,C1ー3,12,6.0,7,37.1,6.0,5,岡遼太郎,57.0,ダ,1400.0,重,91.4,0.7,7-7-7-6,38.2,497.0,-16.0,ルコルセール,9.0
2020104306,スマートハンター,2025/10/19,高知,曇,6.0,C1ー3,9,5.0,5,7.9,4.0,5,岡遼太郎,57.0,ダ,1600.0,稍,107.8,0.7,5-7-7-6,40.2,513.0,0.0,サノノスピード,9.0
2020104306,スマートハンター,2025/09/23,高知,曇,9.0,C1ー2,11,8.0,10,62.1,7.0,3,上田将司,57.0,ダ,1400.0,良,92.6,0.7,11-11-10-7,39.8,513.0,-16.0,サーブルミラージュ,22.5
2020104306,スマートハンター,2025/09/07,高知,晴,2.0,C1ー4,11,8.0,11,49.4,6.0,8,上田将司,57.0,ダ,1600.0,重,108.4,3.5,5-6-7-9,41.0,529.0,10.0,ロレンツォ,
2020104306,スマートハンター,2025/07/26,高知,曇,9.0,五台山特別,12,1.0,1,20.0,5.0,10,岡遼太郎,57.0,ダ,1300.0,重,84.6,1.7,12-12-12-12,39.4,519.0,15.0,ケイアイメープル,
2020104306,スマートハンター,2025/06/29,2小倉2,晴,10.0,西部日刊スポーツ杯(2勝クラス),15,2.0,2,68.1,14.0,13,藤懸貴志,58.0,ダ,1700.0,良,108.2,2.6,15-15-8-10,39.5,504.0,-2.0,メイショウフウドウ,
2020104306,スマートハンター,2025/04/27,1福島6,晴,10.0,尾瀬特別(2勝クラス),15,2.0,3,71.5,12.0,8,丸山元気,58.0,ダ,1700.0,良,107.5,0.9,10-9-12-11,39.3,506.0,0.0,タガノアレハンドラ,
2020104306,スマートハンター,2025/03/01,1小倉11,曇,11.0,早鞆特別(2勝クラス),15,6.0,11,96.7,13.0,13,長岡禎仁,54.0,ダ,1700.0,良,106.6,1.2,9-10-10-10,37.2,506.0,-2.0,コブラ,
2020104306,スマートハンター,2025/02/09,1小倉6,晴,10.0,由布院特別(2勝クラス),16,1.0,1,61.4,13.0,11,小沢大仁,58.0,ダ,1700.0,稍,106.4,1.4,10-10-13-12,38.0,508.0,6.0,レシプロシティ,
2020104306,スマートハンター,2024/11/16,3福島5,晴,6.0,3歳以上1勝クラス,15,3.0,5,18.3,10.0,1,小沢大仁,57.0,ダ,1700.0,良,105.8,-0.3,4-3-3-3,38.8,502.0,-4.0,(マクミランテソーロ),800.0
2020104306,スマートハンター,2024/11/03,3福島2,晴,3.0,3歳以上1勝クラス,15,3.0,5,30.9,10.0,7,小沢大仁,57.0,ダ,1700.0,重,105.5,0.6,5-4-5-6,38.1,506.0,-8.0,ツインビスケッツ,
2020104306,スマートハンター,2024/10/10,園田,晴,10.0,JRA交流猪名川特別,8,7.0,7,7.8,3.0,6,小牧太,56.0,ダ,1870.0,稍,126.6,2.3,2-2-4-6,42.2,514.0,2.0,レイドデザート,
2020104306,スマートハンター,2024/07/06,3小倉3,晴,12.0,3歳以上1勝クラス,16,5.0,9,29.4,9.0,12,小沢大仁,57.0,ダ,1700.0,良,106.8,1.3,7-7-10-9,38.9,512.0,6.0,キタノズエッジ,
2020104306,スマートハンター,2024/05/11,1新潟5,晴,8.0,4歳以上1勝クラス,14,8.0,14,8.2,4.0,5,小沢大仁,57.0,ダ,1800.0,良,114.3,1.2,6-6-4-4,39.2,506.0,0.0,アニトラ,80.0
2020104306,スマートハンター,2024/04/21,1福島6,晴,12.0,4歳以上1勝クラス,9,3.0,3,3.3,1.0,2,小沢大仁,57.0,ダ,1700.0,良,106.5,0.0,2-2-2-2,37.4,506.0,-8.0,ヒルズカーン,320.0
2020104306,スマートハンター,2024/03/03,2小倉8,曇,12.0,4歳以上1勝クラス,15,8.0,14,19.7,5.0,8,小沢大仁,57.0,ダ,1700.0,稍,106.8,1.7,2-3-2-2,39.5,514.0,0.0,ヒドゥンキング,
2020104306,スマートハンター,2024/02/11,2小倉2,晴,8.0,4歳以上1勝クラス,11,2.0,2,14.4,4.0,4,小沢大仁,56.0,ダ,1700.0,良,106.5,1.2,6-6-3-4,38.2,514.0,2.0,ダノンボレロ,120.0
2020104306,スマートハンター,2024/01/27,1小倉5,晴,7.0,4歳以上1勝クラス,16,5.0,9,4.2,1.0,9,小沢大仁,56.0,ダ,1700.0,良,107.4,3.1,11-10-13-9,38.0,512.0,10.0,マイネルカーライル,
2020104306,スマートハンター,2023/11/18,3福島5,晴,6.0,3歳以上1勝クラス,15,7.0,12,5.1,4.0,4,小沢大仁,55.0,ダ,1700.0,重,105.3,0.8,7-7-7-7,37.9,502.0,2.0,タロントゥーズ,120.0
2020104306,スマートハンター,2023/11/04,3福島1,曇,7.0,3歳以上1勝クラス,13,8.0,13,7.8,4.0,2,藤懸貴志,56.0,ダ,1700.0,良,105.7,0.1,2-2-2-2,38.1,500.0,-2.0,プメハナ,320.0
2020104306,スマートハンター,2023/09/10,4阪神2,晴,7.0,3歳以上1勝クラス,13,7.0,10,19.7,7.0,6,団野大成,55.0,ダ,1800.0,良,115.2,1.2,8-8-6-6,39.1,502.0,-4.0,アオイイーグル,
2020104306,スマートハンター,2023/08/27,3小倉6,晴,7.0,3歳以上1勝クラス,16,3.0,5,35.9,9.0,3,団野大成,55.0,ダ,1700.0,良,105.6,0.2,3-3-2-2,37.1,506.0,2.0,マルベリーシチー,200.0
2020104306,スマートハンター,2023/07/09,3中京4,曇,8.0,3歳以上1勝クラス,16,6.0,11,160.9,13.0,12,岩田望来,55.0,ダ,1800.0,稍,115.4,1.6,15-15-12-12,38.9,504.0,-4.0,ルーカスミノル,
2020104306,スマートハンター,2023/06/03,3阪神1,晴,6.0,3歳以上1勝クラス,13,5.0,7,21.3,8.0,10,岩田望来,55.0,ダ,1800.0,重,114.1,2.0,2-3-2-2,40.1,508.0,0.0,コロンビアテソーロ,
2020104306,スマートハンター,2023/02/26,2小倉6,晴,8.0,3歳1勝クラス,16,1.0,2,130.1,16.0,5,古川吉洋,56.0,ダ,1700.0,稍,106.1,1.0,7-7-7-6,38.6,508.0,-4.0,アイファーテイオー,78.0
2020104306,スマートハンター,2023/02/11,1阪神1,晴,6.0,3歳1勝クラス,10,1.0,1,28.4,9.0,7,鮫島克駿,56.0,ダ,1400.0,良,86.5,1.8,4-5,38.7,512.0,8.0,キョウエイゲイル,
2020104306,スマートハンター,2022/12/25,6阪神8,晴,2.0,2歳未勝利,16,2.0,4,8.7,5.0,1,鮫島克駿,55.0,ダ,1400.0,良,86.7,-0.1,5-5,38.9,504.0,-4.0,(モカラエース),520.0
2020104306,スマートハンター,2022/12/10,6阪神3,晴,2.0,2歳未勝利,13,7.0,11,2.8,1.0,3,鮫島克駿,55.0,ダ,1200.0,良,74.0,1.5,5-5,37.7,508.0,2.0,メイショウオトギ,130.0
2020104306,スマートハンター,2022/11/05,5阪神1,晴,2.0,2歳未勝利,14,6.0,10,1.7,1.0,5,鮫島克駿,55.0,ダ,1200.0,良,74.9,1.5,5-6,38.1,506.0,-4.0,アスターチェンチ,52.0
2020104306,スマートハンター,2022/10/23,4阪神7,晴,4.0,2歳新馬,15,7.0,12,14.4,4.0,2,鮫島克駿,55.0,ダ,1200.0,良,73.6,0.8,5-4,37.6,510.0,0.0,タカネノハナコサン,280.0
2019101805,サンエイブレーヴ,2026/07/14,盛岡,曇,12.0,夢・希望未来へ前進(B1),11,8.0,11,13.0,4.0,5.0,坂井瑛音,55.0,ダ,1600.0,稍,99.0,0.4,3-2,37.2,544.0,-6.0,タイセイストラーダ,5.6
2019101805,サンエイブレーヴ,2026/06/29,盛岡,晴,12.0,浜木綿賞(B1),12,7.0,9,14.2,7.0,5.0,坂井瑛音,55.0,ダ,1600.0,良,98.8,0.8,4-3,38.6,550.0,2.0,ハクシンパーソナル,6.3
2019101805,サンエイブレーヴ,2026/06/16,水沢,晴,12.0,夢・希望未来へ前進(B1),10,8.0,9,25.8,7.0,2.0,阿部英俊,56.0,ダ,1600.0,良,102.8,0.0,3-3-3-3,39.7,548.0,-9.0,クイーンカード,28.0
2019101805,サンエイブレーヴ,2026/06/01,水沢,曇,11.0,ムスカリ賞(B1),10,2.0,2,3.4,2.0,8.0,阿部英俊,56.0,ダ,1600.0,良,105.2,0.9,5-5-5-5,41.2,557.0,11.0,オデンシタ,
2019101805,サンエイブレーヴ,2026/05/19,盛岡,晴,12.0,夢・希望未来へ前進(B1),11,1.0,1,8.3,4.0,6.0,阿部英俊,56.0,ダ,1600.0,良,99.9,2.1,5-5,38.6,546.0,-4.0,タカマキファイブ,
2019101805,サンエイブレーヴ,2026/05/04,盛岡,小雨,11.0,紫陽花賞(B1),11,8.0,10,33.4,7.0,4.0,阿部英俊,56.0,ダ,1800.0,不,113.7,0.7,3-3-3-3,38.3,550.0,1.0,ジョリーロジャー,11.7
2019101805,サンエイブレーヴ,2026/04/21,水沢,晴,12.0,夢・希望未来へ前進(B1),11,3.0,3,8.0,3.0,2.0,阿部英俊,56.0,ダ,1600.0,良,105.1,0.6,2-2-1-1,40.9,549.0,-3.0,タイセイモンストル,28.0
2019101805,サンエイブレーヴ,2026/04/07,水沢,曇,12.0,夢・希望未来へ前進(B1),11,5.0,5,17.2,6.0,7.0,阿部英俊,56.0,ダ,1600.0,稍,103.0,1.0,2-2-1-1,39.7,552.0,6.0,タイセイモンストル,
2019101805,サンエイブレーヴ,2026/03/24,水沢,晴,11.0,B1二組,11,6.0,7,3.3,1.0,1.0,阿部英俊,56.0,ダ,1600.0,良,105.6,-0.2,3-3-2-1,40.3,546.0,-1.0,(バイアメ),80.0
2019101805,サンエイブレーヴ,2026/03/10,水沢,晴,11.0,雪柳賞(B1),11,8.0,11,7.7,3.0,7.0,坂井瑛音,54.0,ダ,1600.0,稍,104.8,1.4,7-6-8-9,40.7,547.0,3.0,スノーパトロール,
2019101805,サンエイブレーヴ,2025/12/31,水沢,曇,11.0,2025ファイナル特(A),12,3.0,3,68.1,6.0,4.0,小野楓馬,56.0,ダ,1600.0,重,101.5,0.5,4-4-6-3,39.7,544.0,-1.0,トーセンマッシモ,19.5
2019101805,サンエイブレーヴ,2025/12/01,水沢,曇,12.0,師走特別(A),9,3.0,3,4.0,1.0,6.0,阿部英俊,56.0,ダ,1600.0,稍,104.4,1.5,7-7-7-7,39.4,545.0,-3.0,ハクシンパーソナル,
2019101805,サンエイブレーヴ,2025/11/18,盛岡,曇,12.0,2025盛岡ファイナ(A),11,6.0,7,37.9,8.0,3.0,阿部英俊,56.0,ダ,1600.0,良,100.5,0.5,5-2,39.3,548.0,3.0,シンヨモギネス,26.0
2019101805,サンエイブレーヴ,2025/11/01,盛岡,曇,12.0,霜月特別(A),12,7.0,9,11.1,5.0,10.0,阿部英俊,56.0,ダ,1600.0,不,100.0,3.0,5-8,39.6,545.0,2.0,フレイムウィングス,
2019101805,サンエイブレーヴ,2025/10/20,盛岡,曇,11.0,紅葉特別(A),10,7.0,7,17.1,4.0,2.0,阿部英俊,56.0,ダ,1600.0,稍,97.9,0.2,3-1,36.3,543.0,-7.0,ラストマン,49.0
2019101805,サンエイブレーヴ,2025/10/06,水沢,曇,11.0,寒露特別(A),7,3.0,3,8.0,4.0,5.0,阿部英俊,56.0,ダ,1600.0,稍,103.7,0.8,1-1-1-1,39.7,550.0,9.0,ファルギュラント,9.8
2019101805,サンエイブレーヴ,2025/09/21,水沢,晴,10.0,長月特別(A),8,6.0,6,39.7,7.0,6.0,坂井瑛音,54.0,ダ,1600.0,重,101.9,1.7,6-7-5-7,37.8,541.0,4.0,ボウトロイ,
2019101805,サンエイブレーヴ,2025/09/08,盛岡,晴,12.0,白露特別(A),10,5.0,5,156.5,10.0,6.0,阿部英俊,56.0,ダ,1600.0,良,99.9,1.2,5-8,37.2,537.0,-6.0,スプラウティング,
2019101805,サンエイブレーヴ,2025/08/25,盛岡,曇,10.0,新涼特別(A),7,3.0,3,21.0,5.0,5.0,阿部英俊,56.0,ダ,1600.0,良,100.4,1.0,2-2,39.4,543.0,1.0,ファルギュラント,9.8
2019101805,サンエイブレーヴ,2025/07/14,盛岡,曇,8.0,向日葵特別(A),11,1.0,1,15.5,5.0,11.0,阿部英俊,56.0,ダ,1600.0,良,103.8,4.9,1-2,43.5,542.0,-4.0,ダブルラッキー,
2019101805,サンエイブレーヴ,2025/06/16,水沢,曇,10.0,薄暑特別(A),8,4.0,4,4.9,3.0,3.0,阿部英俊,56.0,ダ,1600.0,良,102.9,0.4,2-2-1-1,40.5,546.0,4.0,ハクシンパーソナル,28.0
2019101805,サンエイブレーヴ,2025/06/02,盛岡,晴,12.0,初夏特別(A),11,4.0,4,29.7,6.0,9.0,阿部英俊,56.0,ダ,1600.0,良,101.3,2.5,5-7,40.3,542.0,0.0,ボウトロイ,
2019101805,サンエイブレーヴ,2025/05/19,盛岡,晴,11.0,青葉特別(A),10,1.0,1,12.3,5.0,5.0,村上忍,56.0,ダ,1600.0,稍,101.3,0.6,2-3,41.1,542.0,-2.0,グラシアス,10.5
2019101805,サンエイブレーヴ,2025/05/07,盛岡,小雨,12.0,皐月特別(A),9,8.0,9,5.3,3.0,8.0,阿部英俊,56.0,ダ,1600.0,不,99.6,1.6,3-5,38.4,544.0,1.0,フレイムウィングス,
2019101805,サンエイブレーヴ,2025/04/26,水沢,晴,10.0,仲春特別(A),10,6.0,6,3.2,1.0,1.0,阿部英俊,56.0,ダ,1600.0,良,104.2,-0.2,1-1-1-1,38.9,543.0,3.0,(マイネルアストリア),140.0
2019101805,サンエイブレーヴ,2025/04/14,水沢,曇,12.0,若草特別(A),12,4.0,4,7.4,3.0,2.0,坂井瑛音,53.0,ダ,1600.0,不,101.4,0.3,1-2-1-1,38.1,540.0,-1.0,サンエイウイング,49.0
2019101805,サンエイブレーヴ,2025/03/31,水沢,晴,12.0,春分特別(A),10,1.0,1,16.9,7.0,2.0,坂井瑛音,53.0,ダ,1600.0,良,103.4,0.2,1-1-1-1,38.3,541.0,0.0,エヴィダンシア,49.0
2019101805,サンエイブレーヴ,2025/03/18,水沢,晴,12.0,菫特別(A),11,8.0,11,5.2,4.0,6.0,坂井瑛音,53.0,ダ,1600.0,重,101.4,0.6,3-4-3-3,39.6,541.0,2.0,サトノミスチーフ,
2019101805,サンエイブレーヴ,2024/12/29,水沢,雪,12.0,クレマチス賞(B1),0,3.0,3,,,,桑村真明,56.0,ダ,1600.0,不,,,,,,,,
2019101805,サンエイブレーヴ,2024/12/16,水沢,,11.0,ピンクトパーズ賞(B1),0,1.0,1,,,,塚本涼人,56.0,ダ,1600.0,,,,,,,,,
2019101805,サンエイブレーヴ,2024/12/02,水沢,晴,12.0,ゴールデンジョッキー(B1),12,7.0,10,6.2,4.0,1.0,阿部英俊,56.0,ダ,1600.0,重,102.2,0.0,3-3-3-2,38.9,539.0,2.0,(ライルアケカイ),90.0
2019101805,サンエイブレーヴ,2024/11/17,水沢,雨,11.0,ブリーダーズスタリオ(B1),12,6.0,7,6.7,2.0,1.0,陶文峰,56.0,ダ,1600.0,良,104.1,-0.1,1-1-1-1,40.6,537.0,4.0,(メイショウメイスイ),75.0
2019101805,サンエイブレーヴ,2024/11/05,盛岡,曇,9.0,B1一組,10,3.0,3,11.3,5.0,2.0,阿部英俊,56.0,ダ,1600.0,稍,101.5,0.0,1-1,39.1,533.0,-1.0,カミノカガヤキ,26.3
2019101805,サンエイブレーヴ,2024/10/22,盛岡,曇,12.0,夢・希望未来へ前進(B1),12,5.0,6,17.8,7.0,6.0,大坪慎,56.0,ダ,1600.0,稍,101.3,1.8,1-2,39.4,534.0,0.0,ケープライト,
2019101805,サンエイブレーヴ,2024/10/08,盛岡,曇,12.0,ハダル賞(B1),12,7.0,10,4.6,2.0,6.0,大坪慎,56.0,ダ,1600.0,重,99.8,0.7,4-6,37.7,534.0,-1.0,ビッグタマテルーフ,
2019101805,サンエイブレーヴ,2024/09/23,水沢,曇,12.0,セプテンバーC(B2),11,1.0,1,1.6,1.0,1.0,村上忍,56.0,ダ,1600.0,重,101.7,-1.3,1-1-1-1,38.1,535.0,1.0,(ストロングフーヴス),75.0
2019101805,サンエイブレーヴ,2024/09/10,水沢,晴,10.0,B2一組,12,6.0,7,5.0,3.0,1.0,村上忍,56.0,ダ,1600.0,良,102.7,-0.7,1-1-1-1,39.9,534.0,5.0,(ビリーヴィン),55.0
2019101805,サンエイブレーヴ,2024/08/27,盛岡,曇,12.0,B1一組,10,7.0,8,9.8,4.0,8.0,村上忍,56.0,ダ,1600.0,稍,102.5,1.7,2-4,40.7,529.0,2.0,ハローキャンディ,
2019101805,サンエイブレーヴ,2024/08/13,盛岡,雨,11.0,B1一組,9,8.0,9,7.0,3.0,3.0,陶文峰,56.0,ダ,1600.0,不,99.6,0.9,1-1,39.0,527.0,-3.0,ゴールドクレスト,15.0
2019101805,サンエイブレーヴ,2024/07/29,盛岡,曇,12.0,夢・希望未来へ前進(B1),9,1.0,1,39.9,7.0,2.0,陶文峰,56.0,ダ,1600.0,重,100.2,0.1,1-2,38.9,530.0,3.0,マナホク,26.3
2019101805,サンエイブレーヴ,2024/07/15,盛岡,晴,10.0,オッズパーク賞(B1),12,3.0,3,48.7,9.0,10.0,陶文峰,56.0,ダ,1600.0,良,101.9,3.1,2-5,41.5,527.0,-5.0,ラブロック,
2019101805,サンエイブレーヴ,2024/07/01,盛岡,晴,12.0,夢・希望未来へ前進(B1),12,5.0,6,36.6,11.0,6.0,陶文峰,56.0,ダ,1600.0,重,101.0,2.1,6-6,39.8,532.0,-4.0,ホワイトパス,
2019101805,サンエイブレーヴ,2024/06/11,水沢,晴,11.0,桔梗特別(A),9,4.0,4,57.8,8.0,9.0,坂井瑛音,53.0,ダ,1600.0,良,106.3,4.3,4-4-7-9,41.3,536.0,-4.0,トチノヒーロー,
2019101805,サンエイブレーヴ,2024/05/27,盛岡,小雨,12.0,陽光特別(A),11,8.0,10,23.0,9.0,10.0,坂井瑛音,53.0,ダ,1600.0,良,105.2,4.8,9-11,42.4,540.0,6.0,エイシンスコッティ,
2019101805,サンエイブレーヴ,2024/05/06,盛岡,曇,12.0,夢・希望未来へ前進(B1),11,3.0,3,3.7,2.0,11.0,坂井瑛音,53.0,ダ,1600.0,良,103.2,2.4,1-1,42.4,534.0,-2.0,ミヤコプレジール,
2019101805,サンエイブレーヴ,2024/04/22,水沢,晴,12.0,夢・希望未来へ前進(B1),11,5.0,5,5.6,2.0,1.0,坂井瑛音,53.0,ダ,1600.0,良,103.8,-0.2,2-1-1-1,40.3,536.0,-9.0,(アダマスミノル),75.0
2019101805,サンエイブレーヴ,2024/04/08,水沢,曇,10.0,B1二組,11,2.0,2,12.6,4.0,3.0,坂井瑛音,53.0,ダ,1600.0,良,104.6,1.5,8-7-7-6,39.8,545.0,8.0,アンコールゲラン,15.0
2019101805,サンエイブレーヴ,2024/03/25,水沢,曇,12.0,アイスストロベリー賞(B1),12,8.0,11,15.9,6.0,4.0,岩本怜,56.0,ダ,1600.0,稍,103.7,0.4,6-6-4-4,39.1,537.0,-6.0,グレートキャンベラ,9.8
2019101805,サンエイブレーヴ,2024/03/12,水沢,小雨,12.0,アイリス賞(B1),10,5.0,5,7.9,4.0,4.0,岩本怜,56.0,ダ,1600.0,重,102.5,0.3,3-3-3-3,39.3,543.0,10.0,ロワマージュ,9.8
2019101805,サンエイブレーヴ,2023/12/25,水沢,曇,11.0,アラバスター賞(B1),10,4.0,4,5.5,3.0,4.0,岩本怜,56.0,ダ,1600.0,不,102.1,0.7,2-2-2-3,39.9,533.0,1.0,ディーエスプルーフ,9.1
2019101805,サンエイブレーヴ,2023/12/12,水沢,小雨,7.0,B1一組,12,1.0,1,4.4,1.0,4.0,岩本怜,56.0,ダ,1600.0,不,101.5,0.5,3-3-4-3,37.7,532.0,5.0,グレートキャンベラ,9.1
2019101805,サンエイブレーヴ,2023/11/27,水沢,曇,10.0,ブルースピネル賞(B1),12,7.0,9,5.9,3.0,1.0,岩本怜,56.0,ダ,1600.0,不,100.5,-0.3,4-3-3-1,38.7,527.0,-2.0,(メイショウメイスイ),70.0
2019101805,サンエイブレーヴ,2023/11/13,盛岡,曇,11.0,響け!16:9のセレ(B1),10,6.0,6,2.6,2.0,7.0,岩本怜,56.0,ダ,1600.0,不,100.8,0.9,1-1,40.7,529.0,5.0,コリコ,
2019101805,サンエイブレーヴ,2023/10/29,盛岡,曇,11.0,エメラルドピンク賞(B1),12,8.0,12,6.2,2.0,1.0,岩本怜,56.0,ダ,1600.0,良,100.9,-0.2,3-1,38.8,524.0,-2.0,(ビヨンドザドリーム),70.0
2019101805,サンエイブレーヴ,2023/10/16,盛岡,曇,10.0,アマリリス賞(B2),12,4.0,4,4.9,3.0,1.0,岩本怜,56.0,ダ,1600.0,稍,98.9,-0.8,1-1,37.5,526.0,-3.0,(スペースクラフト),53.0
2019101805,サンエイブレーヴ,2023/10/02,盛岡,曇,8.0,B2三組,8,2.0,2,1.9,1.0,2.0,村上忍,56.0,ダ,1600.0,重,100.2,0.3,1-1,38.2,529.0,2.0,パーペチュイティ,18.6
2019101805,サンエイブレーヴ,2023/09/19,盛岡,曇,3.0,C2一組,8,8.0,8,5.3,3.0,4.0,岩本怜,56.0,ダ,1400.0,良,87.4,1.7,4-2,38.8,527.0,0.0,ホワイトパス,4.6
2019101805,サンエイブレーヴ,2023/09/05,水沢,曇,3.0,C2一組,9,3.0,3,1.9,1.0,1.0,岩本怜,56.0,ダ,1400.0,稍,88.9,-0.5,1-3-3-1,40.0,527.0,6.0,(サヴァンナナイツ),35.0
2019101805,サンエイブレーヴ,2023/08/22,水沢,晴,11.0,夢・希望未来へ前進(B1),9,2.0,2,16.7,6.0,5.0,塚本涼人,56.0,ダ,1600.0,良,103.5,1.3,5-5-8-7,39.6,521.0,-4.0,ヒカルマドンナ,4.9
2019101805,サンエイブレーヴ,2023/07/31,盛岡,曇,10.0,朝顔特別(A),10,2.0,2,42.0,7.0,8.0,塚本涼人,56.0,ダ,1600.0,良,101.1,0.9,7-7,38.0,525.0,4.0,ヤマニンエステル,
2019101805,サンエイブレーヴ,2023/07/17,盛岡,曇,10.0,向日葵特別(A),9,1.0,1,59.5,8.0,6.0,木村暁,56.0,ダ,1600.0,重,98.9,0.8,7-6,38.0,521.0,-1.0,マイネルアンファン,
2019101805,サンエイブレーヴ,2023/07/02,盛岡,曇,10.0,鳳仙花特別(A),8,5.0,5,16.1,6.0,4.0,岩本怜,56.0,ダ,1600.0,稍,101.1,1.5,4-5,40.0,522.0,-2.0,セイシークエンス,13.0
2019101805,サンエイブレーヴ,2023/06/20,水沢,晴,10.0,薄暑特別(A),11,8.0,11,75.8,9.0,9.0,塚本涼人,56.0,ダ,1600.0,良,103.5,2.2,3-4-3-6,40.9,524.0,-4.0,ハクシンパーソナル,
2019101805,サンエイブレーヴ,2023/06/06,水沢,晴,11.0,桔梗特別(A),9,8.0,9,4.9,4.0,6.0,岩本怜,56.0,ダ,1600.0,良,104.9,1.8,6-6-5-6,41.0,528.0,-1.0,マイジュネス,
2019101805,サンエイブレーヴ,2023/05/22,盛岡,曇,11.0,陽光特別(A),10,8.0,9,15.3,6.0,5.0,坂口裕一,56.0,ダ,1600.0,良,100.9,0.7,4-6,37.7,529.0,5.0,ブレイニーラン,7.7
2019101805,サンエイブレーヴ,2023/05/09,盛岡,晴,12.0,牡丹特別(A),12,7.0,9,63.1,10.0,7.0,岩本怜,56.0,ダ,1600.0,重,100.5,1.7,4-4,39.2,524.0,-4.0,マイネルアンファン,
2019101805,サンエイブレーヴ,2023/04/10,水沢,晴,12.0,若草特別(A),12,8.0,12,55.1,10.0,9.0,村上忍,56.0,ダ,1600.0,稍,103.4,1.4,10-11-9-9,38.6,528.0,-3.0,ボウトロイ,
2019101805,サンエイブレーヴ,2023/03/14,水沢,晴,12.0,弥生特別(A),11,6.0,7,107.7,10.0,7.0,大坪慎,56.0,ダ,1600.0,良,103.4,2.0,5-5-3-4,40.0,531.0,-9.0,グローリーグローリ,
2019101805,サンエイブレーヴ,2023/01/02,水沢,小雪,9.0,睦月特別(A),11,1.0,1,29.2,8.0,2.0,木村暁,56.0,ダ,1600.0,不,102.5,0.3,7-8-10-9,38.8,540.0,-4.0,バスカヴィル,42.0
2019101805,サンエイブレーヴ,2022/12/18,水沢,,11.0,冬至特別(A),0,1.0,1,,,,村上忍,56.0,ダ,1900.0,,,,,,,,,
2019101805,サンエイブレーヴ,2022/12/06,水沢,小雪,11.0,師走特別(A),12,8.0,11,46.9,10.0,8.0,村上忍,56.0,ダ,1600.0,稍,102.7,1.2,9-8-10-7,39.0,544.0,10.0,スパイスマジック,
2019101805,サンエイブレーヴ,2022/11/07,盛岡,曇,12.0,晩秋特別(A),11,8.0,11,67.1,10.0,9.0,木村暁,56.0,ダ,1600.0,良,100.5,1.8,9-10,37.9,534.0,2.0,グランコージー,
2019101805,サンエイブレーヴ,2022/10/18,盛岡,小雨,8.0,サファイア賞(重賞),12,4.0,4,116.6,11.0,11.0,塚本涼人,56.0,芝,2400.0,稍,156.9,4.0,12-12-12-12,40.0,532.0,6.0,ブローヴェイス,
2019101805,サンエイブレーヴ,2022/09/18,盛岡,曇,5.0,うまのわーるど賞(3歳B1),9,2.0,2,3.4,2.0,2.0,村上忍,57.0,ダ,1600.0,良,100.7,0.1,5-3,38.8,526.0,-1.0,ノンロム,24.5
2019101805,サンエイブレーヴ,2022/09/04,盛岡,曇,11.0,不来方賞(重賞),10,5.0,5,85.4,8.0,7.0,木村暁,56.0,ダ,2000.0,不,128.4,1.5,5-5-4-5,40.8,527.0,4.0,マナホク,
2019101805,サンエイブレーヴ,2022/08/21,盛岡,晴,11.0,やまびこ賞(重賞),8,1.0,1,6.1,4.0,7.0,村上忍,56.0,ダ,1800.0,良,117.5,2.2,6-7-8-8,39.4,523.0,2.0,アップテンペスト,
2019101805,サンエイブレーヴ,2022/06/26,盛岡,曇,11.0,ウイナーC(重賞),12,8.0,12,5.9,3.0,2.0,村上忍,56.0,ダ,1400.0,良,85.9,0.5,6-4,37.6,521.0,-4.0,カクテルライト,87.5
2019101805,サンエイブレーヴ,2022/06/14,水沢,晴,12.0,東北優駿(重賞),12,4.0,4,18.9,5.0,3.0,村上忍,56.0,ダ,2000.0,良,132.2,2.2,5-5-4-3,41.7,525.0,-4.0,グットクレンジング,200.0
2019101805,サンエイブレーヴ,2022/05/29,水沢,晴,11.0,イーハトーブマイル(重賞),9,8.0,9,1.8,1.0,9.0,村上忍,56.0,ダ,1600.0,稍,106.0,3.3,5-5-6-5,41.7,529.0,-1.0,フジクラウン,
2019101805,サンエイブレーヴ,2022/05/01,水沢,雨,10.0,ダイヤモンドC(重賞),9,3.0,3,3.1,2.0,4.0,村上忍,56.0,ダ,1600.0,不,101.3,0.8,5-5-4-4,38.8,530.0,-5.0,グットクレンジング,80.0
2019101805,サンエイブレーヴ,2022/04/03,水沢,晴,11.0,スプリングC(重賞),10,8.0,9,4.1,2.0,4.0,村上忍,56.0,ダ,1600.0,良,105.2,1.6,3-3-2-3,40.9,535.0,-2.0,クロールキック,30.0
2019101805,サンエイブレーヴ,2022/03/11,水沢,晴,5.0,3歳A,7,2.0,2,2.3,2.0,1.0,村上忍,56.0,ダ,1600.0,重,104.3,-0.4,2-2-2-1,41.1,537.0,2.0,(グラフィアスレディ),110.0
2019101805,サンエイブレーヴ,2021/12/14,水沢,晴,11.0,寒菊賞(重賞),12,6.0,7,6.0,3.0,2.0,村上忍,56.0,ダ,1600.0,不,101.5,0.7,6-5-6-4,38.8,535.0,9.0,クロールキック,87.5
2019101805,サンエイブレーヴ,2021/11/29,水沢,曇,11.0,太夫黒特別(2歳),11,6.0,8,6.6,3.0,1.0,村上忍,55.0,ダ,1600.0,不,101.6,-0.2,5-4-4-4,37.7,526.0,5.0,(リュウノガルシア),200.0
2019101805,サンエイブレーヴ,2021/11/15,盛岡,曇,8.0,フューチャーステップ(2歳),10,5.0,5,5.2,2.0,5.0,村上忍,55.0,ダ,1600.0,不,100.4,1.9,2-1,40.0,521.0,6.0,リュウノガルシア,12.5
2019101805,サンエイブレーヴ,2021/10/17,盛岡,晴,11.0,知床賞(重賞),12,8.0,12,16.8,6.0,3.0,村上忍,55.0,ダ,1400.0,不,86.9,0.5,2-2,38.4,515.0,4.0,マックスレジェンド,50.0
2019101805,サンエイブレーヴ,2021/10/04,盛岡,晴,12.0,若駒賞(重賞),7,2.0,2,12.9,4.0,3.0,村上忍,55.0,ダ,1600.0,良,101.3,1.1,2-2,39.6,511.0,-2.0,カクテルライト,60.0
2019101805,サンエイブレーヴ,2021/09/19,盛岡,晴,5.0,2歳,8,5.0,5,2.1,1.0,3.0,村上忍,55.0,ダ,1400.0,重,89.5,0.5,5-5,39.6,513.0,7.0,ネオネオモッズ,12.0
2019101805,サンエイブレーヴ,2021/08/29,盛岡,晴,9.0,2歳,6,3.0,3,3.3,2.0,4.0,村上忍,55.0,ダ,1600.0,重,104.0,0.7,2-2,39.9,506.0,9.0,メーテル,7.0
2019101805,サンエイブレーヴ,2021/08/16,盛岡,曇,3.0,2歳,8,4.0,4,1.8,1.0,1.0,村上忍,55.0,ダ,1400.0,重,90.0,-0.9,1-1,40.2,497.0,-1.0,(グリーンジェイド),60.0
2019101805,サンエイブレーヴ,2021/08/01,盛岡,曇,3.0,ファーストステップ2(新馬)(2歳),5,5.0,5,1.5,1.0,3.0,村上忍,55.0,ダ,1000.0,稍,63.4,0.2,3-3,38.1,498.0,0.0,ファインローズ,30.0
2021102204,リュウノハイル,2026/07/14,盛岡,曇,12.0,夢・希望未来へ前進(B1),11,7.0,8,68.1,9.0,6,塚本涼人,56.0,ダ,1600.0,稍,99.1,0.5,8-6,36.7,479.0,4.0,タイセイストラーダ,
2021102204,リュウノハイル,2026/06/29,盛岡,晴,12.0,浜木綿賞(B1),12,4.0,4,22.5,8.0,8,塚本涼人,56.0,ダ,1600.0,良,99.4,1.4,5-7,39.1,475.0,-4.0,ハクシンパーソナル,
2021102204,リュウノハイル,2026/06/16,水沢,晴,12.0,夢・希望未来へ前進(B1),10,3.0,3,51.3,8.0,3,塚本涼人,56.0,ダ,1600.0,良,103.2,0.4,8-7-9-8,39.3,479.0,-3.0,クイーンカード,16.0
2021102204,リュウノハイル,2026/06/01,水沢,曇,11.0,ムスカリ賞(B1),10,8.0,9,11.2,4.0,2,塚本涼人,56.0,ダ,1600.0,良,104.4,0.1,7-7-6-4,39.9,482.0,0.0,オデンシタ,28.0
2021102204,リュウノハイル,2026/05/19,盛岡,晴,12.0,夢・希望未来へ前進(B1),11,6.0,6,42.8,9.0,5,塚本涼人,56.0,ダ,1600.0,良,99.8,2.0,8-7,38.3,482.0,-1.0,タカマキファイブ,5.6
2021102204,リュウノハイル,2026/05/04,盛岡,小雨,10.0,いわてくじ山形村短角(B1),9,8.0,9,17.8,7.0,6,塚本涼人,56.0,ダ,1600.0,不,98.5,0.8,5-4,38.1,483.0,-1.0,ファルヴォーレ,
2021102204,リュウノハイル,2026/04/21,水沢,晴,12.0,夢・希望未来へ前進(B1),11,8.0,10,12.4,4.0,8,塚本涼人,56.0,ダ,1600.0,良,105.9,1.4,5-5-5-5,41.3,484.0,0.0,タイセイモンストル,
2021102204,リュウノハイル,2026/04/07,水沢,曇,12.0,夢・希望未来へ前進(B1),11,4.0,4,15.4,4.0,中,塚本涼人,56.0,ダ,1600.0,稍,,,,,484.0,0.0,タイセイモンストル,
2021102204,リュウノハイル,2026/03/24,水沢,晴,12.0,パンジー賞(B1),12,8.0,11,75.1,9.0,3,塚本涼人,56.0,ダ,1600.0,良,105.3,0.1,5-6-6-5,40.4,484.0,-2.0,サンエントジアスタ,16.0
2021102204,リュウノハイル,2026/03/10,水沢,晴,11.0,雪柳賞(B1),11,6.0,7,11.6,6.0,9,塚本涼人,56.0,ダ,1600.0,稍,105.2,1.8,3-2-3-5,41.7,486.0,7.0,スノーパトロール,
2021102204,リュウノハイル,2025/12/22,水沢,曇,11.0,ラナンキュラス賞(B1),10,2.0,2,13.6,8.0,1,塚本涼人,56.0,ダ,1600.0,重,101.9,-0.5,4-4-4-3,38.5,479.0,2.0,(タイセイモンストル),80.0
2021102204,リュウノハイル,2025/12/09,水沢,雪,12.0,ゴールデンジョッキー(B1),12,3.0,3,20.4,4.0,9,菅原辰徳,56.0,ダ,1600.0,不,102.9,1.7,1-1-2-3,40.6,477.0,0.0,カナオールウェイズ,
2021102204,リュウノハイル,2025/11/25,水沢,曇,8.0,B1三組,10,6.0,6,10.9,4.0,1,塚本涼人,56.0,ダ,1600.0,稍,103.9,-0.1,2-2-1-1,39.9,477.0,7.0,(ネオネオモッズ),80.0
2021102204,リュウノハイル,2025/11/11,盛岡,曇,10.0,B1三組,10,4.0,4,33.7,7.0,5,山本聡紀,56.0,ダ,1600.0,良,101.2,0.7,2-2,39.6,470.0,-1.0,ヴァンナチュール,5.6
2021102204,リュウノハイル,2025/10/26,盛岡,小雨,10.0,豊間根川源流賞(B1),11,3.0,3,4.6,3.0,8,山本聡紀,56.0,ダ,1400.0,稍,87.9,1.1,8-7,38.7,471.0,0.0,アダマスミノル,
2021102204,リュウノハイル,2025/09/30,水沢,晴,11.0,B1二組,10,4.0,4,6.3,2.0,3,山本聡紀,56.0,ダ,1600.0,稍,104.2,0.8,1-1-1-2,38.9,471.0,-1.0,ドテライヤツ,16.0
2021102204,リュウノハイル,2025/09/16,水沢,晴,12.0,夢・希望未来へ前進(B1),12,6.0,7,5.8,3.0,4,山本聡紀,56.0,ダ,1600.0,稍,102.5,0.4,2-3-3-3,39.7,472.0,4.0,ツアーモデル,10.4
2021102204,リュウノハイル,2025/09/02,盛岡,曇,12.0,SPAT4プレミアム(B1),11,1.0,1,3.3,1.0,6,山本聡紀,56.0,ダ,1600.0,不,99.5,0.9,1-1,38.3,468.0,-4.0,ツアーモデル,
2021102204,リュウノハイル,2025/08/05,盛岡,晴,10.0,モン・フレーブはじめ(B1),9,2.0,2,3.9,2.0,2,山本聡紀,56.0,ダ,1600.0,重,99.6,0.3,4-4,38.3,472.0,-3.0,サンエントジアスタ,28.0
2021102204,リュウノハイル,2025/07/21,盛岡,曇,10.0,おトクにPLAYオッ(B1),9,4.0,4,5.1,3.0,3,山本聡紀,56.0,ダ,1600.0,稍,102.2,0.3,2-2,37.3,475.0,-1.0,マイネルアストリア,16.0
2021102204,リュウノハイル,2025/07/08,盛岡,晴,5.0,B1二組,8,8.0,8,9.0,5.0,2,山本聡紀,56.0,ダ,1600.0,良,100.3,0.1,1-1,37.6,476.0,-10.0,ウインダークローズ,28.0
2021102204,リュウノハイル,2025/06/23,水沢,曇,11.0,ミルクティーローズ賞(B1),9,3.0,3,2.4,1.0,6,塚本涼人,56.0,ダ,1600.0,稍,105.1,0.9,2-2-2-3,39.2,486.0,8.0,ツアーモデル,
2021102204,リュウノハイル,2025/06/10,水沢,曇,12.0,夢・希望未来へ前進(B2),11,6.0,6,3.5,2.0,1,塚本涼人,56.0,ダ,1600.0,良,103.3,-0.7,2-2-2-1,39.2,478.0,-8.0,(ヤマニンソウェイル),60.0
2021102204,リュウノハイル,2025/05/26,盛岡,曇,11.0,ラビットイヤー賞(B2),10,8.0,9,2.1,1.0,3,村上忍,56.0,ダ,1600.0,稍,101.5,0.5,4-4,39.1,486.0,11.0,トーアアネラ,12.0
2021102204,リュウノハイル,2025/05/03,盛岡,晴,11.0,メイC(B2),11,3.0,3,2.6,1.0,7,村上忍,56.0,ダ,1800.0,重,118.0,1.9,7-5-4-4,40.4,475.0,-9.0,ウインダークローズ,
2021102204,リュウノハイル,2025/04/22,水沢,晴,7.0,B2一組,10,7.0,8,2.1,1.0,4,村上忍,56.0,ダ,1600.0,良,103.9,0.3,2-2-1-1,39.4,484.0,1.0,アーリーレッグ,7.8
2021102204,リュウノハイル,2025/04/08,水沢,曇,8.0,B2四組,9,2.0,2,1.7,1.0,1,村上忍,56.0,ダ,1600.0,良,103.9,-0.4,1-1-1-1,39.1,483.0,2.0,(シェイクオンイット),60.0
2021102204,リュウノハイル,2025/03/14,船橋,晴,4.0,C2十十一,12,1.0,1,2.1,1.0,11,本田正重,56.0,ダ,1500.0,良,101.3,2.2,9-9-8-8,42.0,481.0,0.0,モンレアーレ,
2021102204,リュウノハイル,2025/02/14,船橋,晴,5.0,C2十一十二,12,6.0,8,9.1,4.0,3,和田譲治,56.0,ダ,1200.0,良,75.4,0.5,9-8-7,38.4,481.0,7.0,プライムブルー,25.0
2021102204,リュウノハイル,2025/01/24,船橋,晴,3.0,C3一特選,10,7.0,9,1.8,1.0,2,和田譲治,56.0,ダ,1500.0,良,97.8,0.3,1-1-1-1,39.6,474.0,-7.0,ケニルワース,35.1
2021102204,リュウノハイル,2024/12/09,水沢,曇,8.0,C1七組,10,7.0,7,1.3,1.0,1,村上忍,56.0,ダ,1400.0,不,88.5,-0.9,2-2-1-1,39.1,481.0,4.0,(リュージュ),45.0
2021102204,リュウノハイル,2024/11/19,水沢,晴,3.0,C2一組,10,7.0,7,3.0,2.0,2,塚本涼人,56.0,ダ,1400.0,稍,89.7,0.1,5-5-4-3,39.0,477.0,4.0,フィローシャ,14.0
2021102204,リュウノハイル,2024/11/06,盛岡,曇,1.0,C2四組,10,6.0,6,1.6,1.0,1,塚本涼人,56.0,ダ,1400.0,稍,88.9,-0.7,2-2,39.3,473.0,2.0,(プリンセスココア),40.0
2021102204,リュウノハイル,2024/10/20,盛岡,晴,6.0,C2九組,12,6.0,7,14.8,3.0,2,塚本涼人,56.0,ダ,1200.0,重,74.5,0.3,3-2,36.9,471.0,11.0,インジケーター,14.0
2021102204,リュウノハイル,2024/09/15,3中京4,曇,1.0,障害3歳以上未勝利,10,2.0,2,105.9,8.0,9,江田勇亮,58.0,障,3000.0,稍,206.9,7.6,9-9-10-10,13.8,460.0,0.0,ニシノパプルブリリ,
2021102204,リュウノハイル,2024/06/23,3東京8,曇,4.0,3歳未勝利,16,8.0,15,250.6,16.0,12,佐藤翔馬,54.0,ダ,1600.0,重,99.0,2.0,10-10,37.5,460.0,-2.0,ダノンザボルケーノ,
2021102204,リュウノハイル,2024/06/01,3東京1,晴,3.0,3歳未勝利,16,4.0,7,259.6,15.0,13,松岡正海,57.0,ダ,1600.0,重,99.6,2.8,11-10,38.4,462.0,-8.0,フォローウィンド,
2021102204,リュウノハイル,2024/03/03,2中山4,晴,1.0,3歳未勝利,16,4.0,8,431.4,15.0,13,石橋脩,57.0,ダ,1800.0,稍,118.9,5.0,5-8-7-9,41.4,470.0,-4.0,カシマエスパーダ,
2021102204,リュウノハイル,2024/02/11,1東京6,晴,2.0,3歳未勝利,16,7.0,13,161.2,13.0,10,松岡正海,57.0,ダ,2100.0,稍,138.7,4.1,13-13-13-12,40.1,474.0,4.0,サトノレイズ,
2021102204,リュウノハイル,2024/01/08,1中山3,晴,2.0,3歳未勝利,16,4.0,8,124.1,10.0,9,松岡正海,57.0,ダ,1800.0,良,119.8,2.9,8-8-7-8,42.4,470.0,8.0,タニセンドリーム,
2021102204,リュウノハイル,2023/12/16,5中山5,晴,8.0,2歳未勝利,16,7.0,13,297.9,15.0,16,小林美駒,52.0,芝,1600.0,良,96.6,2.2,14-15-12,36.5,462.0,-2.0,ユキノロイヤル,
2021102204,リュウノハイル,2023/11/26,5東京8,曇,3.0,2歳未勝利,16,4.0,7,286.8,10.0,9,松岡正海,56.0,ダ,1600.0,良,101.0,2.3,15-14,37.7,464.0,0.0,ロジアデレード,
2021102204,リュウノハイル,2023/10/22,4東京7,晴,1.0,2歳未勝利,16,8.0,16,43.1,8.0,10,松岡正海,56.0,ダ,1600.0,良,101.6,2.2,10-11,39.2,464.0,6.0,メイプルタピット,
2021102204,リュウノハイル,2023/10/08,4東京2,曇,4.0,2歳新馬,15,6.0,10,31.3,9.0,5,松岡正海,56.0,ダ,1600.0,良,101.9,1.6,3-3,38.2,458.0,0.0,モアザンワンス,72.0
2023100284,コンヨバンコク,2026/06/30,大井,晴,11.0,優駿スプリント競走(重賞),16,2.0,3,246.1,14.0,10,野畑凌,57.0,ダ,1200.0,重,73.5,2.5,14-14,37.0,467.0,-2.0,ゼーロス,
2023100284,コンヨバンコク,2026/06/10,大井,晴,11.0,東京ダービー競走(JpnI),16,7.0,13,763.1,16.0,13,岡村健司,57.0,ダ,2000.0,重,129.7,5.3,15-15-15-15,40.0,469.0,-2.0,フィンガー,
2023100284,コンヨバンコク,2026/05/06,船橋,曇,11.0,東京湾C(重賞),14,8.0,13,10.9,6.0,12,西啓太,57.0,ダ,1700.0,良,111.9,2.9,4-4-4-7,42.6,471.0,4.0,ララメテオ,
2023100284,コンヨバンコク,2026/04/07,川崎,曇,11.0,クラウンC(重賞),14,8.0,13,29.5,6.0,4,西啓太,54.0,ダ,1600.0,重,104.8,0.7,2-2-2-3,41.2,467.0,-4.0,シーテープ,150.0
2023100284,コンヨバンコク,2026/02/13,船橋,晴,6.0,船橋フューチュリティ(3歳),9,3.0,3,1.7,1.0,3,矢野貴之,58.0,ダ,1600.0,良,104.7,0.3,6-6-6-6,38.6,471.0,8.0,タツノスカイ,125.0
2023100284,コンヨバンコク,2026/01/07,浦和,曇,11.0,ニューイヤーC(重賞),12,1.0,1,10.5,6.0,3,矢野貴之,57.0,ダ,1500.0,稍,97.0,0.4,4-5-4-2,40.6,463.0,-4.0,モコパンチ,280.0
2023100284,コンヨバンコク,2025/12/11,船橋,晴,10.0,ナイキアディライト・(2歳),14,3.0,3,3.1,2.0,1,西啓太,57.0,ダ,1600.0,良,104.0,-0.4,3-3-3-3,39.3,467.0,-5.0,(アイリーズ),450.0
2023100284,コンヨバンコク,2025/11/05,船橋,曇,11.0,平和賞(重賞),9,8.0,9,3.4,2.0,8,岡村健司,55.0,ダ,1600.0,良,106.0,2.5,4-5-5-6,42.4,472.0,6.0,スマトラフレイバー,
2023100284,コンヨバンコク,2025/09/30,船橋,晴,11.0,チバテレ盃(OP)(2歳),10,8.0,9,5.1,3.0,1,岡村健司,56.0,ダ,1700.0,良,110.9,-0.3,3-3-3-2,39.7,466.0,1.0,(ハセノガイセン),800.0
2023100284,コンヨバンコク,2025/09/04,大井,曇,11.0,ゴールドジュニア競走(重賞),6,3.0,3,24.8,5.0,4,岡村健司,54.0,ダ,1400.0,良,89.3,1.3,6-6-6,37.4,465.0,0.0,ゴーバディ,130.0
2023100284,コンヨバンコク,2025/08/14,大井,晴,4.0,フレッシュスター特別(2歳),8,5.0,5,7.4,3.0,4,岡村健司,55.0,ダ,1400.0,稍,87.7,1.6,5-4-4,39.0,465.0,1.0,ゴーバディ,72.0
2023100284,コンヨバンコク,2025/07/04,船橋,晴,4.0,クチナシ特別(2歳),5,5.0,5,1.5,1.0,1,岡村健司,54.0,ダ,1500.0,良,98.0,-0.3,3-3-3-3,38.7,464.0,-1.0,(アムールピスケス),300.0
2023100284,コンヨバンコク,2025/06/06,船橋,晴,3.0,ライラックデビュー(2歳),5,2.0,2,2.6,2.0,1,岡村健司,54.0,ダ,1500.0,良,100.0,-0.7,1-1-1-1,40.9,465.0,0.0,(スプリングロール),410.0
2023103337,コロッセウム,2026/06/28,盛岡,晴,12.0,サファイア賞(重賞),12,5.0,6,12.3,3.0,3,山本政聡,56.0,芝,1700.0,良,105.8,0.7,7-7-6-6,36.4,457.0,1.0,セイクリスティーナ,80.0
2023103337,コロッセウム,2026/06/07,水沢,曇,6.0,3歳C1二組,12,3.0,3,3.2,2.0,1,山本政聡,56.0,ダ,1400.0,良,92.0,-0.4,8-6-4-2,40.7,456.0,4.0,(アメジストブルー),60.0
2023103337,コロッセウム,2026/05/09,2東京5,晴,3.0,3歳未勝利,16,3.0,5,169.0,9.0,12,丹内祐次,57.0,ダ,1600.0,良,101.6,3.1,13-12,38.5,452.0,-6.0,アンシュウマト,
2023103337,コロッセウム,2026/04/25,2東京1,曇,2.0,3歳未勝利,16,4.0,7,143.7,13.0,8,石橋脩,57.0,ダ,1400.0,稍,86.7,1.1,16-15,36.4,458.0,4.0,カフェシューター,
2023103337,コロッセウム,2026/04/04,3中山3,雨,3.0,3歳未勝利,16,7.0,13,72.3,10.0,7,石橋脩,57.0,ダ,1200.0,稍,73.4,1.4,15-14,37.5,454.0,-4.0,エコロバロン,
2023103337,コロッセウム,2026/01/12,1中山5,晴,1.0,3歳未勝利,16,7.0,14,49.3,7.0,11,丹内祐次,57.0,ダ,1200.0,良,75.1,2.3,13-13,38.8,458.0,2.0,アイスメルティング,
2023103337,コロッセウム,2025/12/27,5中山7,曇,3.0,2歳未勝利,16,2.0,4,16.7,4.0,5,岩田望来,56.0,ダ,1200.0,稍,73.1,1.4,8-8,38.2,456.0,4.0,パータリプトラ,56.0
2023103337,コロッセウム,2025/09/07,2札幌6,曇,1.0,2歳未勝利,8,8.0,8,18.2,4.0,7,丹内祐次,55.0,芝,1500.0,稍,93.3,1.1,2-2-3,37.2,452.0,6.0,グロリアスマーチ,
2023103337,コロッセウム,2025/08/23,2札幌1,晴,5.0,2歳新馬,9,8.0,8,7.8,2.0,3,佐々木大,55.0,芝,1500.0,稍,92.5,1.6,3-4-4,36.6,446.0,0.0,グリオンヴール,190.0
2023101427,ムーンウォーリア,2026/07/05,金沢,雨,10.0,兼六園スプリント(重賞),11,1.0,1,9.2,6.0,8,中島龍也,57.0,ダ,1500.0,稍,101.1,3.6,1-1-1-3,44.1,461.0,7.0,ゴコクホウジョウ,
2023101427,ムーンウォーリア,2026/06/07,3阪神2,雨,8.0,3歳以上1勝クラス,18,6.0,11,223.8,16.0,18,渡辺竜也,55.0,芝,1400.0,稍,82.8,2.3,16-17,34.7,454.0,-7.0,ワンコールアウェイ,
2023101427,ムーンウォーリア,2026/04/30,笠松,雨,10.0,まだまだ行くぞ!シン(3歳),9,6.0,6,1.0,1.0,1,渡辺竜也,58.0,ダ,1400.0,稍,91.4,-0.2,5-1-1,39.3,461.0,-4.0,(ネフェルアスティ),70.0
2023101427,ムーンウォーリア,2026/04/15,笠松,曇,4.0,若葉特別(3歳),9,8.0,8,1.1,1.0,1,渡辺竜也,57.0,ダ,1400.0,良,89.9,-2.1,1-1-1,40.3,465.0,7.0,(アダマント),70.0
2023101427,ムーンウォーリア,2026/02/18,笠松,晴,9.0,梅花特別(3歳),10,2.0,2,2.1,2.0,2,渡辺竜也,57.0,ダ,1400.0,良,90.7,0.4,2-1-2,40.8,458.0,-1.0,ミカエル,28.0
2023101427,ムーンウォーリア,2026/02/05,笠松,晴,10.0,ゴールドジュニア(重賞),10,7.0,7,21.0,7.0,8,渡辺竜也,57.0,ダ,1600.0,良,107.2,2.6,3-3-4,44.1,459.0,-2.0,リバーサルトップ,
2023101427,ムーンウォーリア,2025/12/30,笠松,曇,10.0,ライデンリーダー記念(重賞),11,3.0,3,15.5,5.0,4,渡辺竜也,56.0,ダ,1400.0,良,90.1,1.8,2-1-2,42.0,461.0,-1.0,ミモザノキセツ,72.0
2023101427,ムーンウォーリア,2025/12/12,笠松,晴,11.0,ジュニアキング(OP)(2歳),10,4.0,4,1.5,1.0,4,渡辺竜也,56.0,ダ,1600.0,良,106.7,0.4,4-5-4,39.1,462.0,1.0,ベラジオスパーク,45.0
2023101427,ムーンウォーリア,2025/11/19,笠松,晴,10.0,小町花特別(2歳),8,4.0,4,1.5,1.0,1,塚本征吾,56.0,ダ,1400.0,良,89.0,-0.9,2-1-1,38.9,461.0,1.0,(ミカエル),82.0
2023101427,ムーンウォーリア,2025/10/23,笠松,晴,10.0,ネクストスター笠松(重賞),12,2.0,2,22.5,4.0,4,丸野勝虎,56.0,ダ,1400.0,良,90.5,0.7,7-7-4,40.0,460.0,0.0,ヨサリ,150.0
2023101427,ムーンウォーリア,2025/10/07,笠松,曇,9.0,ジュニアクラウン(OP)(2歳),9,8.0,9,2.9,2.0,2,渡辺竜也,56.0,ダ,1400.0,良,92.4,0.3,3-4-2,40.7,460.0,2.0,リバーストリート,120.0
2023101427,ムーンウォーリア,2025/09/26,笠松,晴,9.0,曼珠沙華特別(2歳),5,2.0,2,1.9,2.0,2,渡辺竜也,56.0,ダ,1400.0,良,90.3,1.0,2-1-2,38.9,458.0,0.0,ベラジオファントム,32.8
2023101427,ムーンウォーリア,2025/08/26,門別,曇,5.0,JRA認定競走アタッ(未勝利)(2歳),9,7.0,8,29.0,6.0,2,服部茂史,55.0,ダ,1000.0,良,62.5,0.3,1-1,38.9,458.0,4.0,タビクン,33.6
2023101427,ムーンウォーリア,2025/07/31,門別,晴,2.0,SRKRAPSFLO(未勝利)(2歳),12,7.0,9,1.8,1.0,1,落合玄太,55.0,ダ,1000.0,稍,62.8,-0.1,2-2,38.1,454.0,2.0,(タビクン),50.0
2023101427,ムーンウォーリア,2025/07/17,門別,曇,2.0,2歳未勝利(未勝利),12,1.0,1,2.7,2.0,7,秋元耕成,55.0,ダ,1000.0,稍,65.0,1.7,3-7,40.5,452.0,-8.0,ワイルドタイタン,
2023101427,ムーンウォーリア,2025/07/03,門別,曇,2.0,2歳未勝利(未勝利),11,8.0,11,2.8,2.0,2,宮内勇樹,55.0,ダ,1000.0,稍,62.1,0.4,2-1,38.2,460.0,-2.0,アースコーリング,14.0
2023101427,ムーンウォーリア,2025/06/19,門別,晴,5.0,JRA認定競走フレッ(新馬)(2歳),11,5.0,5,17.9,5.0,5,宮内勇樹,55.0,ダ,1000.0,良,62.8,0.8,1-1,38.6,462.0,0.0,クィーンズジョリー,17.5
2023106957,ソラーロ,2026/06/28,盛岡,晴,12.0,サファイア賞(重賞),12,8.0,12,3.3,2.0,2,村上忍,56.0,芝,1700.0,良,105.6,0.5,3-3-3-3,36.8,464.0,4.0,セイクリスティーナ,140.0
2023106957,ソラーロ,2026/05/16,2東京7,晴,6.0,3歳1勝クラス,8,5.0,5,88.1,7.0,7,北村宏司,57.0,芝,2400.0,良,146.7,1.6,6-6-5-5,35.6,460.0,10.0,マジョレルブルー,
2023106957,ソラーロ,2026/02/14,1小倉7,曇,9.0,あすなろ賞(1勝クラス),10,8.0,9,45.6,8.0,9,亀田温心,57.0,芝,2000.0,良,123.7,2.6,3-3-2-2,37.8,450.0,-8.0,ブラックハヤテ,
2023106957,ソラーロ,2025/12/20,5阪神5,晴,9.0,ポインセチアS(OP),10,1.0,1,88.7,10.0,9,吉村誠之,56.0,ダ,1800.0,良,115.6,3.0,5-5-5-5,38.6,458.0,6.0,ロックターミガン,
2023106957,ソラーロ,2025/08/24,4中京2,晴,5.0,2歳新馬,5,5.0,5,8.9,4.0,1,亀田温心,55.0,芝,2000.0,良,125.9,-0.3,1-1-1-1,33.7,452.0,0.0,(タイセイパルス),750.0
2023107058,ラミアメロディア,2026/07/06,川崎,雨,9.0,フォーカード賞(C1),11,2.0,2,12.3,4.0,6.0,和田譲治,53.0,ダ,1600.0,重,107.1,0.8,9-9-10-9,40.3,384.0,2.0,プルーフリーダー,
2023107058,ラミアメロディア,2026/06/16,川崎,晴,6.0,ジューンフラワー賞(3歳),11,6.0,7,88.7,9.0,4.0,和田譲治,54.0,ダ,1500.0,稍,98.4,1.3,6-7-7-4,41.1,382.0,-3.0,ルーポ,37.5
2023107058,ラミアメロディア,2026/03/02,川崎,曇,6.0,花天月地賞(3歳),8,7.0,7,6.8,3.0,7.0,町田直希,54.0,ダ,1500.0,稍,101.3,1.9,7-8-6-7,40.3,385.0,0.0,ミスティライズ,
2023107058,ラミアメロディア,2026/01/29,大井,晴,11.0,’26桃花賞(OP)(3歳),11,8.0,10,16.5,6.0,3.0,町田直希,54.0,ダ,1600.0,良,105.1,0.8,10-10-10-10,40.2,385.0,-1.0,プリンセスデイジー,143.0
2023107058,ラミアメロディア,2025/12/18,川崎,晴,9.0,シャイニングドリーム(OP)(2歳),10,3.0,3,11.5,4.0,5.0,西啓太,54.0,ダ,1600.0,稍,106.5,1.4,7-7-7-5,39.5,386.0,3.0,アルプスマサ,50.0
2023107058,ラミアメロディア,2025/11/18,川崎,晴,11.0,ローレル賞(重賞),12,6.0,7,38.4,6.0,5.0,町田直希,54.0,ダ,1600.0,良,105.7,1.6,10-10-9-7,40.9,383.0,-3.0,アンジュルナ,60.0
2023107058,ラミアメロディア,2025/10/13,川崎,曇,4.0,2歳4,11,8.0,10,2.4,1.0,1.0,町田直希,54.0,ダ,1400.0,良,92.8,-1.0,6-6-6-3,39.9,386.0,-12.0,(キチョウ),200.0
2023107058,ラミアメロディア,2025/09/09,門別,曇,3.0,2歳牝馬未勝利(未勝利),12,4.0,4,94.0,9.0,3.0,井上俊彦,55.0,ダ,1100.0,稍,69.3,1.1,6-5,38.6,398.0,0.0,フォレストターキン,10.5
2023107058,ラミアメロディア,2025/08/28,門別,曇,1.0,2歳未勝利(未勝利),11,7.0,8,64.7,9.0,4.0,井上俊彦,55.0,ダ,1000.0,良,64.0,1.8,10-11,38.5,398.0,6.0,ズルタナイト,7.0
2023107058,ラミアメロディア,2025/08/07,門別,曇,4.0,JRA認定競走フレッ(新馬)(2歳),9,8.0,8,14.1,5.0,2.0,井上俊彦,55.0,ダ,1000.0,稍,63.7,0.3,5-5,38.3,392.0,0.0,ワカチーコ,70.0
2023107058,ラミアメロディア,2025/07/30,門別,,4.0,JRA認定競走フレッ(新馬)(2歳),0,6.0,6,,,,井上俊彦,55.0,ダ,1000.0,,,,,,,,,
2023104654,ディオニス,2026/03/08,水沢,曇,11.0,スプリングC(重賞),10,1.0,1,1.1,1.0,1,山本聡哉,56.0,ダ,1400.0,稍,89.3,-1.1,5-4-4-1,39.5,474.0,-3.0,(ロジータサンライズ),400.0
2023104654,ディオニス,2025/12/21,水沢,小雨,12.0,金杯(重賞),12,2.0,2,1.3,1.0,1,山本聡哉,55.0,ダ,1600.0,重,101.4,-1.1,4-5-3-1,38.8,477.0,14.0,(イタズラベガ),400.0
2023104654,ディオニス,2025/11/11,盛岡,曇,12.0,南部駒賞(重賞),11,2.0,2,4.3,3.0,4,山本聡哉,55.0,ダ,1600.0,良,99.4,0.5,5-5,37.2,463.0,0.0,ティーズアライト,104.0
2023104654,ディオニス,2025/10/12,盛岡,小雨,10.0,ネクストスター盛岡(重賞),11,1.0,1,3.6,2.0,2,山本聡哉,55.0,ダ,1400.0,稍,85.6,0.2,5-3,38.6,463.0,-4.0,ラウダーティオ,350.0
2023104654,ディオニス,2025/08/31,盛岡,晴,5.0,2歳,8,7.0,7,1.8,1.0,1,山本聡哉,55.0,ダ,1400.0,良,88.4,-0.7,4-3,39.8,467.0,5.0,(マルケイロック),85.0
2023104654,ディオニス,2025/05/25,盛岡,小雨,2.0,ファーストステップ2(新馬)(2歳),6,2.0,2,1.4,1.0,1,山本聡哉,55.0,ダ,1000.0,不,60.4,-1.6,1-1,36.5,462.0,0.0,(キララカ),200.0
2023106645,ジュエルレジーナ,2026/06/28,盛岡,晴,12.0,サファイア賞(重賞),12,7.0,9,456.1,12.0,9,鈴木祐,54.0,芝,1700.0,良,107.1,2.0,12-12-12-12,36.7,391.0,1.0,セイクリスティーナ,
2023106645,ジュエルレジーナ,2026/06/16,水沢,晴,9.0,3歳C1一組,12,3.0,3,140.2,10.0,10,坂井瑛音,53.0,ダ,1400.0,良,92.9,2.0,11-9-8-6,42.0,390.0,4.0,ディオスデルマール,
2023106645,ジュエルレジーナ,2026/06/02,水沢,晴,9.0,3歳B2二組,12,1.0,1,331.0,12.0,10,小林凌,54.0,ダ,1400.0,良,94.3,2.7,10-11-9-9,42.6,386.0,-9.0,キャスパン,
2023106645,ジュエルレジーナ,2026/05/19,盛岡,晴,8.0,3歳B2一組,12,4.0,4,188.8,11.0,7,小林凌,54.0,ダ,1400.0,良,89.5,2.6,10-10,39.8,395.0,-3.0,セイウォリアー,
2023106645,ジュエルレジーナ,2026/05/06,盛岡,晴,5.0,3歳B2二組,11,6.0,7,207.1,11.0,6,小林凌,54.0,ダ,1400.0,良,88.5,1.3,11-8,38.7,398.0,-2.0,リケアペンネ,
2023106645,ジュエルレジーナ,2026/04/21,水沢,晴,8.0,3歳B2一組,12,6.0,7,370.9,10.0,10,坂井瑛音,52.0,ダ,1400.0,良,95.8,4.0,11-12-9-8,43.4,400.0,6.0,ベアコルム,
2023106645,ジュエルレジーナ,2026/04/06,水沢,晴,6.0,3歳B2二組,11,1.0,1,122.3,9.0,8,小林凌,54.0,ダ,1400.0,稍,92.1,3.7,11-10-7-8,40.4,394.0,-5.0,アウトザロー,
2023106645,ジュエルレジーナ,2026/03/24,水沢,晴,8.0,3歳B2一組,11,1.0,1,110.6,8.0,8,小林凌,54.0,ダ,1400.0,良,94.9,2.1,11-10-8-7,42.8,399.0,-4.0,リフレララ,
2023106645,ジュエルレジーナ,2026/03/09,水沢,晴,8.0,3歳B2一組,11,6.0,7,121.6,10.0,5,小林凌,54.0,ダ,1400.0,稍,92.9,1.5,10-9-8-4,40.8,403.0,5.0,リコーホーク,4.9
2023106645,ジュエルレジーナ,2025/12/22,水沢,曇,7.0,2歳,12,6.0,8,294.7,12.0,10,小林凌,54.0,ダ,1400.0,重,91.4,2.6,12-12-11-11,39.3,398.0,2.0,セイジョークラウン,
2023106645,ジュエルレジーナ,2025/12/09,水沢,曇,7.0,オッズパークアプリ賞(2歳),12,8.0,11,234.5,11.0,10,小林凌,54.0,ダ,1400.0,不,90.9,1.8,10-11-9-9,39.6,396.0,0.0,マルケイロック,
2023106645,ジュエルレジーナ,2025/11/25,水沢,曇,6.0,2歳,9,6.0,6,183.7,8.0,6,小林凌,54.0,ダ,1400.0,稍,93.1,2.5,8-8-8-8,40.6,396.0,-7.0,サンエイウォリアー,
2023106645,ジュエルレジーナ,2025/11/10,盛岡,曇,5.0,2歳,11,8.0,11,69.1,10.0,9,小林凌,54.0,ダ,1400.0,稍,90.1,2.8,11-8,40.4,403.0,-3.0,ブライオン,
2023106645,ジュエルレジーナ,2025/10/27,盛岡,曇,5.0,2歳,11,2.0,2,285.5,11.0,10,小林凌,54.0,ダ,1400.0,稍,89.2,2.7,11-7,39.1,406.0,3.0,グローラヴェンコ,
2023106645,ジュエルレジーナ,2025/10/12,盛岡,小雨,7.0,2歳,9,6.0,6,59.2,8.0,8,小林凌,54.0,ダ,1400.0,稍,89.1,2.3,7-7,39.4,403.0,6.0,クイーンオメガ,
2023106645,ジュエルレジーナ,2025/09/29,水沢,曇,7.0,2歳,6,6.0,6,18.7,6.0,4,小林凌,54.0,ダ,1400.0,不,91.1,1.8,6-5-5-4,40.7,397.0,3.0,フォーティチュード,11.1
2023106645,ジュエルレジーナ,2025/09/15,水沢,曇,6.0,2歳,9,2.0,2,27.8,7.0,8,小林凌,54.0,ダ,1400.0,稍,91.6,3.4,8-8-7-7,40.3,394.0,1.0,ラブコラージェン,
2023106645,ジュエルレジーナ,2025/08/19,盛岡,晴,10.0,ジュニアグランプリ(重賞),13,4.0,5,105.4,9.0,7,小林凌,54.0,芝,1600.0,良,103.0,1.3,8-9-10-8,37.0,393.0,-5.0,セイクリスティーナ,
2023106645,ジュエルレジーナ,2025/08/03,盛岡,晴,9.0,フューチャーステップ(2歳),11,1.0,1,81.8,10.0,4,小林凌,54.0,芝,1600.0,良,101.1,0.7,9-8-8-9,36.5,398.0,0.0,トゥーナスタディ,39.0
2023106645,ジュエルレジーナ,2025/07/22,盛岡,晴,12.0,若鮎賞(重賞),12,8.0,11,58.4,9.0,8,及川裕一,54.0,芝,1600.0,良,101.1,2.0,4-3-3-3,39.7,398.0,0.0,セイクリスティーナ,
2023106645,ジュエルレジーナ,2025/07/07,盛岡,晴,7.0,2歳,6,3.0,3,19.6,5.0,4,高橋悠里,54.0,ダ,1400.0,良,90.5,0.6,2-2,40.2,398.0,-1.0,トゥーナスタディ,11.1
2023106645,ジュエルレジーナ,2025/06/08,水沢,曇,3.0,ファーストステップ2(新馬)(2歳),7,7.0,7,8.0,4.0,2,小林凌,54.0,ダ,850.0,良,53.3,0.8,2-2,37.7,399.0,0.0,ピコデオリサバ,70.0
2023104842,ローザレイア,2026/06/19,名古屋,晴,10.0,瑞駆特別(3歳),8,6.0,6,66.1,7.0,4,木之前葵,53.0,ダ,1700.0,良,111.6,2.6,8-5-6,40.6,420.0,6.0,カレンショー,15.0
2023104842,ローザレイア,2026/06/04,名古屋,曇,11.0,東海優駿(重賞),12,2.0,2,234.9,11.0,10,木之前葵,55.0,ダ,2100.0,稍,140.7,4.4,8-10-10,40.9,414.0,-2.0,アストラビアンコ,
2023104842,ローザレイア,2026/05/21,名古屋,曇,12.0,飛雲特別(3歳),7,2.0,2,27.9,5.0,7,木之前葵,53.0,ダ,1700.0,不,114.0,3.6,3-3-6,43.1,416.0,7.0,エレガントファラオ,
2023104842,ローザレイア,2026/04/30,笠松,雨,10.0,まだまだ行くぞ!シン(3歳),9,7.0,8,,,除,加藤聡一,55.0,ダ,1400.0,稍,,,,,,,ムーンウォーリア,
2023104842,ローザレイア,2026/04/09,名古屋,雨,11.0,東海クイーンC(重賞),11,6.0,7,161.3,10.0,7,木之前葵,55.0,ダ,1700.0,稍,112.8,2.4,10-10-8,39.7,409.0,4.0,ティーズセラフ,
2023104842,ローザレイア,2026/03/25,名古屋,雨,8.0,沓掛特別(3歳),10,5.0,5,16.6,5.0,7,木之前葵,53.0,ダ,1500.0,重,99.9,3.3,2-3-5,43.8,405.0,-3.0,エイシンイーピン,
2023104842,ローザレイア,2026/03/12,名古屋,晴,9.0,3月22日はばんえい(3歳),10,5.0,5,5.1,2.0,7,木之前葵,53.0,ダ,1700.0,良,113.4,1.4,1-3-5,40.4,408.0,8.0,マイネルモンテュス,
2023104842,ローザレイア,2026/02/14,1小倉7,曇,9.0,あすなろ賞(1勝クラス),10,1.0,1,116.1,10.0,10,国分恭介,55.0,芝,2000.0,良,128.0,6.9,1-1-4-10,42.0,400.0,-2.0,ブラックハヤテ,
2023104842,ローザレイア,2025/12/06,5中京1,晴,9.0,こうやまき賞(1勝クラス),8,7.0,7,118.4,8.0,8,西塚洸二,55.0,芝,1600.0,良,97.8,1.0,6-5-5,34.0,402.0,-2.0,クールデイトナ,
2023104842,ローザレイア,2025/09/20,4阪神6,曇,8.0,野路菊S(OP),6,5.0,5,28.6,6.0,5,岩田望来,55.0,芝,1600.0,良,95.4,1.9,4-3,35.4,404.0,-2.0,アランカール,160.0
2023104842,ローザレイア,2025/08/23,3新潟1,晴,5.0,2歳新馬,13,4.0,4,8.6,5.0,1,三浦皇成,55.0,芝,1600.0,良,98.6,0.0,2-2,33.6,406.0,0.0,(カルダモン),750.0
2023101026,アップタウン,2026/07/14,浦和,晴,10.0,サマーライジングオー(OP)(3歳),9,1.0,1,14.6,5.0,5,木間塚龍,53.0,ダ,2000.0,良,131.4,0.8,4-4-6-7,41.3,471.0,2.0,アイリーズ,60.0
2023101026,アップタウン,2026/06/17,川崎,晴,11.0,関東オークス【指定交(JpnII),14,5.0,7,364.7,11.0,13,木間塚龍,55.0,ダ,2100.0,稍,142.4,4.4,12-13-10-11,40.8,469.0,4.0,ペンダント,
2023101026,アップタウン,2026/05/14,川崎,曇,8.0,カサブランカOP(3歳),6,1.0,1,1.5,1.0,1,Ｅ．シャ,53.0,ダ,2000.0,良,136.3,-0.3,3-3-4-2,39.3,465.0,9.0,(ベアアスムイ),500.0
2023101026,アップタウン,2026/04/19,水沢,晴,12.0,留守杯日高賞(重賞),12,6.0,8,21.2,4.0,3,木間塚龍,54.0,ダ,1600.0,良,103.7,0.6,8-8-5-3,40.1,456.0,-12.0,セイクリスティーナ,120.0
2023101026,アップタウン,2026/04/01,船橋,雨,7.0,チューリップ特別(3歳),5,2.0,2,5.6,4.0,4,木間塚龍,54.0,ダ,1600.0,不,105.9,1.8,5-5-3-5,40.2,468.0,4.0,ニンゲンテイイナ,45.0
2023101026,アップタウン,2026/03/18,浦和,曇,11.0,桜花賞(重賞),12,8.0,12,123.7,8.0,7,木間塚龍,55.0,ダ,1500.0,良,97.5,2.8,11-10-10-9,39.9,464.0,-5.0,アンジュルナ,
2023101026,アップタウン,2026/02/27,浦和,曇,8.0,若盛特別(3歳),9,1.0,1,12.1,4.0,3,木間塚龍,54.0,ダ,1500.0,重,97.5,0.9,7-5-6-5,39.7,469.0,3.0,グルーヴィン,62.5
2023101026,アップタウン,2026/01/21,船橋,晴,11.0,ブルーバードC(JpnIII),13,4.0,5,438.5,9.0,6,木間塚龍,54.0,ダ,1800.0,良,118.4,3.0,9-9-9-8,40.2,466.0,-3.0,フィンガー,
2023101026,アップタウン,2026/01/07,浦和,曇,7.0,若水特別(3歳),9,2.0,2,9.1,3.0,4,木間塚龍,54.0,ダ,1400.0,稍,91.1,2.5,5-5-5-5,40.8,469.0,5.0,オリジナルパターン,37.5
2023101026,アップタウン,2025/12/26,大井,晴,9.0,’25セラフィナイト(OP)(2歳),10,3.0,3,125.3,8.0,3,木間塚龍,54.0,ダ,1800.0,重,117.6,0.5,4-4-4-3,40.4,464.0,-2.0,ジーティートレイン,143.0
2023101026,アップタウン,2025/12/10,船橋,晴,6.0,ジュニアスプリント(2歳),12,4.0,4,23.5,5.0,5,吉原寛人,54.0,ダ,1200.0,良,75.5,0.9,12-12-12,38.1,466.0,-24.0,メイクセンス,31.0
2023101026,アップタウン,2025/10/23,門別,晴,8.0,JRA認定競走ウィナ(OP)(2歳),10,5.0,5,36.5,9.0,5,服部茂史,55.0,ダ,1000.0,稍,62.6,0.9,10-10,37.0,490.0,24.0,マナアリイ,21.0
2023101026,アップタウン,2025/09/18,園田,曇,11.0,園田プリンセスC(重賞),11,7.0,10,12.4,4.0,6,鴨宮祥行,54.0,ダ,1400.0,良,93.7,1.8,8-8-6-6,41.8,466.0,-24.0,ココキュンキュン,
2023101026,アップタウン,2025/08/14,門別,曇,7.0,JRA認定競走ウィナ(OP)(2歳),7,6.0,6,28.5,6.0,4,阿部龍,55.0,ダ,1500.0,良,100.6,2.9,7-7-6-6,42.2,490.0,4.0,エンドレスソロウ,42.0
2023101026,アップタウン,2025/07/15,門別,曇,5.0,ルビー特別(OP)(2歳),9,5.0,5,11.9,5.0,7,阿部龍,55.0,ダ,1200.0,稍,77.9,1.8,3-4,40.9,486.0,20.0,リバーストリート,
2023101026,アップタウン,2025/06/05,門別,曇,4.0,JRA認定競走フレッ(新馬)(2歳),10,4.0,4,2.8,2.0,1,阿部龍,55.0,ダ,1100.0,重,68.0,-0.4,2-2,37.0,466.0,0.0,(アヤサンジョリーン),250.0
2023105495,エイシンリファイン,2026/06/25,笠松,雨,11.0,付知川特別(3歳),10,5.0,5,3.3,2.0,2,筒井勇介,55.0,ダ,1800.0,重,121.1,0.1,8-9-6-5,40.3,436.0,0.0,ヴェルメイユドール,28.0
2023105495,エイシンリファイン,2026/06/11,笠松,晴,12.0,新緑賞(重賞),10,8.0,10,33.0,5.0,6,筒井勇介,55.0,ダ,1400.0,良,90.9,2.5,9-7-6,39.5,436.0,0.0,アースジャッジ,
2023105495,エイシンリファイン,2026/05/14,笠松,曇,11.0,クイーンC(重賞),10,1.0,1,19.1,7.0,3,丸野勝虎,55.0,ダ,1580.0,良,104.9,1.5,8-8-8,38.8,436.0,1.0,リバーストリート,54.0
2023105495,エイシンリファイン,2026/04/15,笠松,雨,10.0,姫街道特別(3歳),10,6.0,6,2.0,1.0,4,筒井勇介,55.0,ダ,1400.0,稍,91.4,1.5,6-5-3,40.4,435.0,-3.0,ベラジオジュピター,10.5
2023105495,エイシンリファイン,2025/11/28,笠松,晴,12.0,チャレンジ(OP)(2歳),10,7.0,8,5.4,2.0,1,塚本征吾,55.0,ダ,1400.0,良,89.9,-0.2,3-2-2,39.9,438.0,-5.0,(ミカエル),120.0
2023105495,エイシンリファイン,2025/11/06,笠松,晴,10.0,サルビア特別(2歳),7,6.0,6,2.2,1.0,3,渡辺竜也,55.0,ダ,1400.0,良,91.4,1.0,5-3-3,39.1,443.0,-1.0,ミカエル,20.5
2023105495,エイシンリファイン,2025/10/07,笠松,曇,9.0,ジュニアクラウン(OP)(2歳),9,3.0,3,81.7,7.0,3,丸野勝虎,55.0,ダ,1400.0,良,93.1,1.0,9-8-7,39.6,444.0,-4.0,リバーストリート,75.0
2023105495,エイシンリファイン,2025/09/12,笠松,曇,11.0,秋風ジュニア(OP)(2歳),10,8.0,10,14.2,3.0,5,塚本征吾,55.0,ダ,1400.0,稍,92.5,2.5,8-7-5,40.4,448.0,7.0,ヨサリ,30.0
2023105495,エイシンリファイン,2025/08/14,笠松,曇,2.0,2歳新馬(新馬),6,1.0,1,1.5,1.0,1,渡辺竜也,55.0,ダ,800.0,良,50.4,0.0,1,36.9,441.0,0.0,(ヨミイ),200.0
2023100556,カクメイショヤ,2026/07/14,盛岡,曇,9.0,アンバー賞(3歳),12,7.0,10,133.3,10.0,12,斉藤友香,50.0,芝,1700.0,稍,108.8,4.5,7-8-11-11,39.4,440.0,12.0,ゼータレティクル,
2023100556,カクメイショヤ,2026/05/06,盛岡,晴,5.0,3歳B2二組,11,3.0,3,139.6,10.0,11,鈴木祐,54.0,ダ,1400.0,良,93.3,6.1,3-11,44.4,428.0,-10.0,リケアペンネ,
2023100556,カクメイショヤ,2026/04/21,水沢,晴,8.0,3歳B2一組,12,4.0,4,440.1,12.0,12,鈴木祐,54.0,ダ,1400.0,良,96.9,5.1,7-6-7-11,45.2,438.0,1.0,ベアコルム,
2023100556,カクメイショヤ,2026/04/06,水沢,晴,6.0,3歳B2二組,11,8.0,10,213.1,10.0,10,鈴木祐,54.0,ダ,1400.0,稍,93.5,5.1,2-4-4-10,42.6,437.0,-1.0,アウトザロー,
2023100556,カクメイショヤ,2026/03/24,水沢,晴,8.0,3歳B2一組,11,3.0,3,360.3,11.0,9,鈴木祐,54.0,ダ,1400.0,良,95.9,3.1,10-11-11-10,43.1,438.0,-6.0,リフレララ,
2023100556,カクメイショヤ,2026/03/09,水沢,晴,8.0,3歳B2一組,11,7.0,8,169.2,11.0,11,鈴木祐,54.0,ダ,1400.0,稍,96.2,4.8,8-10-11-11,43.5,444.0,4.0,リコーホーク,
2023100556,カクメイショヤ,2025/12/22,水沢,曇,7.0,2歳,12,1.0,1,203.4,10.0,11,鈴木祐,54.0,ダ,1400.0,重,92.7,3.9,6-5-6-8,41.8,440.0,-4.0,セイジョークラウン,
2023100556,カクメイショヤ,2025/12/09,水沢,曇,7.0,オッズパークアプリ賞(2歳),12,5.0,5,236.4,12.0,12,鈴木祐,54.0,ダ,1400.0,不,92.4,3.3,5-5-6-11,41.7,444.0,2.0,マルケイロック,
2023100556,カクメイショヤ,2025/11/25,水沢,曇,6.0,2歳,9,3.0,3,352.7,9.0,9,鈴木祐,54.0,ダ,1400.0,稍,93.8,3.2,7-6-9-9,41.6,442.0,-9.0,サンエイウォリアー,
2023100556,カクメイショヤ,2025/11/10,盛岡,曇,5.0,2歳,11,7.0,8,208.6,11.0,11,鈴木祐,54.0,ダ,1400.0,稍,93.1,5.8,9-11,43.5,451.0,12.0,ブライオン,
2023100556,カクメイショヤ,2025/08/17,盛岡,曇,7.0,2歳,10,5.0,5,6.5,4.0,9,鈴木祐,54.0,ダ,1400.0,良,91.1,3.1,4-8,41.0,439.0,-6.0,クイーンオメガ,
2023100556,カクメイショヤ,2025/08/03,盛岡,晴,9.0,フューチャーステップ(2歳),11,5.0,5,8.2,4.0,5,鈴木祐,54.0,芝,1600.0,良,101.3,0.9,7-6-4-5,37.0,445.0,-5.0,トゥーナスタディ,21.0
2023100556,カクメイショヤ,2025/07/22,盛岡,晴,12.0,若鮎賞(重賞),12,6.0,7,11.5,5.0,4,鈴木祐,54.0,芝,1600.0,良,100.6,1.5,5-6-7-8,38.5,450.0,7.0,セイクリスティーナ,45.5
2023100556,カクメイショヤ,2025/07/06,盛岡,曇,1.0,ファーストステップ2(新馬)(2歳),6,4.0,4,4.7,3.0,2,鈴木祐,54.0,芝,1000.0,稍,59.6,0.5,1-1,36.0,443.0,0.0,デンコウセッカ,70.0
2023104737,レッツゴーファイト,2026/07/14,盛岡,曇,9.0,アンバー賞(3歳),12,6.0,7,593.0,11.0,8,南郷家全,56.0,芝,1700.0,稍,106.9,2.6,8-9-8-7,38.3,450.0,-2.0,ゼータレティクル,
2023104737,レッツゴーファイト,2026/06/30,盛岡,晴,9.0,アメジスト賞(3歳),12,7.0,10,504.7,11.0,6,南郷家全,56.0,芝,1700.0,良,106.4,2.2,9-7-7-7,37.4,452.0,5.0,エルナト,
2023104737,レッツゴーファイト,2026/06/08,水沢,小雨,8.0,3歳C2一組,10,7.0,7,114.4,8.0,6,南郷家全,56.0,ダ,1300.0,重,83.8,1.4,9-9-9-8,39.3,447.0,-6.0,シュートザムーン,
2023104737,レッツゴーファイト,2026/05/25,盛岡,晴,8.0,3歳C2一組,11,5.0,5,42.5,5.0,7,南郷家全,56.0,ダ,1200.0,良,75.7,2.4,8-8,37.8,453.0,-4.0,ヒナタ,
2023104737,レッツゴーファイト,2026/05/11,盛岡,晴,7.0,3歳C2二組,10,2.0,2,11.6,4.0,5,南郷家全,56.0,ダ,1200.0,良,76.2,2.6,9-9,38.2,457.0,5.0,イヌボウノキラメキ,3.5
2023104737,レッツゴーファイト,2026/04/28,水沢,雨,6.0,3歳C2二組,10,2.0,2,5.7,3.0,4,南郷家全,56.0,ダ,1300.0,良,87.2,1.0,8-8-6-7,40.5,452.0,-8.0,ウチュウノハナ,6.5
2023104737,レッツゴーファイト,2026/03/22,2中山8,晴,2.0,3歳未勝利,15,5.0,8,493.9,14.0,13,小林脩斗,57.0,ダ,1800.0,良,119.6,4.2,13-14-13-13,41.7,460.0,-4.0,イーグルロック,
2023104737,レッツゴーファイト,2026/03/14,1中京1,晴,4.0,3歳未勝利,16,8.0,15,391.6,16.0,15,水沼元輝,54.0,芝,1600.0,良,96.4,2.2,13-8-9,35.6,464.0,4.0,ルージュリリック,
2023104737,レッツゴーファイト,2025/11/23,5東京5,曇,3.0,2歳未勝利,17,8.0,18,475.6,17.0,14,遠藤汰月,53.0,芝,1600.0,良,96.0,2.1,16-13,35.4,460.0,2.0,ピエドゥラパン,
2023104737,レッツゴーファイト,2025/10/26,4東京9,小雨,3.0,2歳未勝利,11,2.0,2,179.0,10.0,7,遠藤汰月,53.0,芝,1600.0,稍,96.5,2.4,6-6,35.8,458.0,6.0,リゾートアイランド,
2023104737,レッツゴーファイト,2025/10/05,4東京2,晴,5.0,2歳新馬,15,7.0,12,218.3,15.0,14,遠藤汰月,53.0,芝,2000.0,良,123.6,2.8,13-13-14,35.8,452.0,0.0,ゴーイントゥスカイ,
2023105457,ヒナタ,2026/07/13,盛岡,曇,7.0,3歳B2二組,10,3.0,3,1.1,1.0,1,山本聡哉,54.0,ダ,1400.0,重,84.7,-0.8,4-1,36.2,443.0,3.0,(イッツオンリーラブ),70.0
2023105457,ヒナタ,2026/06/30,盛岡,晴,7.0,3歳C1一組,11,2.0,2,1.1,1.0,1,山本聡哉,54.0,ダ,1400.0,良,85.4,-1.6,1-1,38.6,440.0,-8.0,(ウチュウノハナ),60.0
2023105457,ヒナタ,2026/06/07,水沢,曇,7.0,3歳C1一組,11,2.0,2,1.3,1.0,1,山本聡哉,54.0,ダ,1400.0,良,91.9,-0.2,8-5-3-3,40.4,448.0,5.0,(アイビーキラリ),60.0
2023105457,ヒナタ,2026/05/25,盛岡,晴,8.0,3歳C2一組,11,8.0,11,1.5,1.0,1,山本聡哉,54.0,ダ,1200.0,良,73.3,-1.3,4-3,37.0,443.0,11.0,(コンバットハート),50.0
2023105457,ヒナタ,2026/03/29,1中京6,晴,1.0,3歳未勝利,16,5.0,10,87.6,9.0,12,森田誠也,52.0,ダ,1400.0,良,88.1,3.1,10-10,39.5,432.0,2.0,ルビドゥソレイユ,
2023105457,ヒナタ,2026/03/21,1阪神9,晴,2.0,3歳未勝利,13,6.0,8,20.6,3.0,5,森田誠也,52.0,ダ,1200.0,稍,74.8,1.5,5-5,38.0,430.0,-6.0,ラヴネヴァーダイズ,59.0
2023105457,ヒナタ,2026/02/15,2京都6,曇,6.0,3歳未勝利,18,2.0,4,88.3,11.0,14,森田誠也,52.0,芝,1600.0,良,96.5,2.4,4-3,36.7,436.0,4.0,アヴィオン,
2023105457,ヒナタ,2025/12/21,5中京6,雨,4.0,2歳未勝利,17,4.0,8,48.3,10.0,9,菅原明良,55.0,芝,1400.0,稍,82.6,0.7,14-12,34.6,432.0,-4.0,テルヴィセクス,
2023105457,ヒナタ,2025/10/13,4東京5,晴,6.0,2歳新馬,17,8.0,17,39.0,10.0,6,津村明秀,55.0,芝,1600.0,良,94.7,0.5,10-10,34.3,436.0,0.0,ノーザンタイタン,
2023101498,ベアコルム,2026/07/12,盛岡,小雨,11.0,やまびこ賞(重賞),10,6.0,6,5.3,2.0,5,山本聡紀,54.0,ダ,1800.0,不,114.0,2.9,2-2-2-4,38.9,445.0,3.0,レジェンドバローズ,70.0
2023101498,ベアコルム,2026/06/14,水沢,晴,11.0,ウイナーC(重賞),12,2.0,2,5.7,3.0,1,山本聡哉,54.0,ダ,1400.0,稍,87.4,-0.4,1-1-1-1,39.1,442.0,2.0,(ジェイエルビット),400.0
2023101498,ベアコルム,2026/06/01,水沢,晴,6.0,3歳B1,12,5.0,5,1.4,1.0,1,山本聡哉,54.0,ダ,1600.0,良,104.9,-0.1,5-5-1-1,40.8,440.0,1.0,(サスケベラ),80.0
2023101498,ベアコルム,2026/05/06,盛岡,晴,6.0,3歳B2一組,12,7.0,10,1.5,1.0,1,山本聡哉,54.0,ダ,1400.0,良,86.4,-0.3,3-3,37.9,439.0,2.0,(レノヴァティオ),70.0
2023101498,ベアコルム,2026/04/21,水沢,晴,8.0,3歳B2一組,12,1.0,1,1.6,1.0,1,山本聡哉,54.0,ダ,1400.0,良,91.8,-1.3,1-2-2-1,41.5,437.0,-1.0,(ラブミーヘンリー),70.0
2023101498,ベアコルム,2026/03/29,水沢,晴,6.0,3歳C1一組,11,1.0,1,1.1,1.0,1,山本聡哉,54.0,ダ,1400.0,稍,91.9,-1.4,2-2-1-1,39.7,438.0,14.0,(ミヤギフェニックス),60.0
2023101498,ベアコルム,2026/02/22,1小倉10,晴,2.0,3歳未勝利,18,6.0,11,20.0,8.0,13,小林美駒,52.0,芝,1200.0,良,69.9,2.0,13-10,35.8,424.0,-2.0,ロジケープ,
2023101498,ベアコルム,2026/01/31,1小倉3,晴,6.0,3歳未勝利,18,3.0,5,10.2,7.0,4,小林美駒,52.0,芝,1200.0,良,68.7,0.2,16-13,33.5,426.0,-2.0,カシノリアーナ,89.0
2023101498,ベアコルム,2025/11/01,4東京10,晴,2.0,2歳未勝利,12,5.0,5,8.2,4.0,5,松岡正海,55.0,芝,1400.0,稍,84.2,0.7,3-3,34.5,428.0,-8.0,モルニケ,56.0
2023101498,ベアコルム,2025/10/19,3京都7,曇,4.0,2歳新馬,17,6.0,11,68.3,11.0,4,田山旺佑,52.0,芝,1400.0,良,82.5,0.3,3-4,35.1,436.0,0.0,ミルトベスト,110.0
2020101146,ガルヴァニック,2026/07/07,川崎,曇,6.0,コリアンダー賞(C3),11,8.0,11,36.8,4.0,7,池谷匠翔,54.0,ダ,1500.0,重,101.3,3.5,8-9-8-8,42.8,476.0,-12.0,ヤマニントレモロ,
2020101146,ガルヴァニック,2026/06/17,川崎,晴,1.0,C3一二,12,3.0,3,111.0,11.0,4,伊藤裕人,54.0,ダ,1400.0,稍,94.6,1.7,11-11-11-8,41.9,488.0,5.0,リコースチェッキン,12.0
2020101146,ガルヴァニック,2026/05/28,浦和,曇,2.0,ランチタイム(C3),12,2.0,2,35.5,9.0,11,伊藤裕人,54.0,ダ,1400.0,良,93.7,2.0,11-11-10-12,39.2,483.0,0.0,スイフトマリー,
2020101146,ガルヴァニック,2026/05/15,川崎,晴,6.0,C3一二,12,3.0,3,16.4,5.0,7,伊藤裕人,54.0,ダ,1400.0,良,95.9,3.0,7-6-7-7,42.3,483.0,-6.0,マサノプレジオーソ,
2020101146,ガルヴァニック,2026/04/24,浦和,曇,1.0,特選(C3),11,8.0,11,44.9,8.0,4,伊藤裕人,54.0,ダ,1400.0,重,91.3,0.9,3-2-3-3,39.4,489.0,10.0,ジェノバフレイバー,13.5
2020101146,ガルヴァニック,2026/04/10,川崎,雨,6.0,C3一二,12,5.0,6,103.8,12.0,5,伊藤裕人,54.0,ダ,1400.0,重,93.3,2.0,10-10-9-6,41.3,479.0,-4.0,イノ,8.0
2020101146,ガルヴァニック,2026/03/19,浦和,曇,12.0,春の夢特別(C3),12,6.0,7,7.4,5.0,7,伊藤裕人,54.0,ダ,2000.0,良,138.3,2.1,6-6-7-7,41.3,483.0,-1.0,レベリオン,
2020101146,ガルヴァニック,2026/03/03,川崎,雨,4.0,スターアニス賞(C3),10,4.0,4,23.0,6.0,4,伊藤裕人,54.0,ダ,1500.0,重,100.1,0.6,9-9-10-10,40.3,484.0,-3.0,シュヴァイゲン,13.5
2020101146,ガルヴァニック,2026/02/26,浦和,曇,7.0,特選(C3),12,5.0,6,24.8,5.0,4,伊藤裕人,54.5,ダ,1400.0,不,91.9,1.3,10-10-9-6,39.3,487.0,1.0,キタサンリボン,13.5
2020101146,ガルヴァニック,2026/02/05,川崎,晴,4.0,C3三四,10,4.0,4,7.6,4.0,7,伊藤裕人,54.0,ダ,1400.0,良,94.2,1.6,7-7-6-6,40.6,486.0,2.0,キタノチャンス,
2020101146,ガルヴァニック,2026/01/03,川崎,晴,4.0,毘沙門天賞(C3),14,3.0,4,5.0,2.0,2,伊藤裕人,54.0,ダ,1400.0,重,94.7,0.0,12-9-11-9,40.6,484.0,0.0,シェナチチカカ,32.0
2020101146,ガルヴァニック,2025/12/18,川崎,晴,8.0,C2五六七(C2六),12,5.0,5,39.9,8.0,4,伊藤裕人,54.0,ダ,1400.0,稍,94.0,1.0,8-9-8-8,40.2,484.0,0.0,ミセスリリー,15.0
2020101146,ガルヴァニック,2025/11/17,川崎,晴,8.0,エウプロシュネー賞(C2),14,5.0,8,73.3,10.0,10,伊藤裕人,54.0,ダ,2000.0,良,139.3,1.8,8-7-3-6,42.6,484.0,0.0,ピースウォリアー,
2020101146,ガルヴァニック,2025/10/15,川崎,雨,7.0,和田塚賞(C2),14,5.0,7,44.1,9.0,8,伊藤裕人,54.0,ダ,2000.0,稍,137.5,1.0,13-13-6-6,43.2,484.0,4.0,カネトシシュキン,
2020101146,ガルヴァニック,2025/09/12,川崎,曇,6.0,ペルセポネ賞(C2),13,7.0,10,33.1,10.0,8,伊藤裕人,54.0,ダ,2000.0,重,140.9,1.1,11-11-12-13,44.3,480.0,0.0,ルージュメイベル,
2020101146,ガルヴァニック,2025/08/25,川崎,晴,12.0,川崎青年会議所シニア(C2),9,4.0,4,17.6,8.0,5,伊藤裕人,54.0,ダ,1400.0,良,93.9,1.2,7-7-5-6,41.2,480.0,-1.0,フェデフルール,10.0
2020101146,ガルヴァニック,2025/08/07,川崎,曇,12.0,クロート賞(C1C2),14,6.0,9,45.7,9.0,12,伊藤裕人,53.0,ダ,2000.0,良,138.4,3.7,6-6-6-10,44.2,481.0,11.0,ケイツーバルボア,
2020101146,ガルヴァニック,2025/07/07,川崎,晴,6.0,コンコルディア賞(C3),14,7.0,12,9.1,4.0,2,伊藤裕人,54.0,ダ,2000.0,良,138.0,0.5,3-2-2-2,43.3,470.0,1.0,シュヴァイゲン,36.0
2020101146,ガルヴァニック,2025/06/20,川崎,晴,9.0,C2六七八(C2七),14,2.0,2,21.2,7.0,3,伊藤裕人,54.0,ダ,1500.0,良,98.6,0.0,9-6-8-6,40.5,469.0,-4.0,ビジューメファ,25.0
2020101146,ガルヴァニック,2025/06/06,船橋,曇,6.0,魁三国志大戦リリース(C2),12,8.0,11,14.7,9.0,3,伊藤裕人,54.0,ダ,1500.0,良,99.8,1.1,3-3-2-2,42.2,473.0,8.0,ボールドチャー,25.0
2020101146,ガルヴァニック,2025/05/16,川崎,晴,2.0,ワルキューレ賞(C3),12,2.0,2,19.7,5.0,2,伊藤裕人,54.0,ダ,2000.0,稍,137.7,0.1,6-6-1-2,41.4,465.0,-1.0,エクセルグラン,36.0
2020101146,ガルヴァニック,2025/05/09,船橋,曇,6.0,C3選抜馬,13,2.0,2,29.8,8.0,3,伊藤裕人,54.0,ダ,1800.0,良,122.7,1.2,4-4-4-3,39.5,466.0,1.0,ルナーサウスポール,22.5
2020101146,ガルヴァニック,2025/04/07,川崎,晴,6.0,アスターテ賞(C3),14,3.0,3,28.7,7.0,4,新原周馬,54.0,ダ,2000.0,稍,141.1,1.0,5-5-5-3,42.5,465.0,-4.0,エクセルグラン,13.5
2020101146,ガルヴァニック,2025/03/06,川崎,曇,2.0,ヴィクトリア賞(C3),12,2.0,2,143.7,9.0,6,新原周馬,54.0,ダ,2000.0,不,140.1,3.3,10-9-6-6,43.8,469.0,-1.0,ハクシュ,
2020101146,ガルヴァニック,2025/02/08,川崎,晴,8.0,リコリス賞(C3),11,4.0,4,55.3,7.0,10,伊藤裕人,54.0,ダ,1500.0,良,101.4,2.7,9-9-6-8,42.4,470.0,11.0,ハヤブサアポチャン,
2020101146,ガルヴァニック,2024/08/09,川崎,晴,9.0,全国削ろう会秦野大会(C2),14,7.0,12,85.7,12.0,11,藤江渉,54.0,ダ,2000.0,良,141.2,4.3,3-3-3-10,45.1,459.0,-6.0,アポロリリー,
2020101146,ガルヴァニック,2024/07/26,川崎,晴,8.0,ラケシス賞(C2),11,7.0,9,57.3,7.0,10,藤江渉,54.0,ダ,2000.0,良,138.5,3.2,9-8-8-8,43.9,465.0,5.0,クイーンラブソング,
2020101146,ガルヴァニック,2024/07/03,川崎,晴,7.0,C2五六,13,6.0,9,,,取,古岡勇樹,54.0,ダ,1500.0,稍,,,,,,,フェアメーゲン,
2020101146,ガルヴァニック,2024/06/13,川崎,曇,7.0,泰山木賞(C2四),10,2.0,2,49.4,8.0,6,古岡勇樹,54.0,ダ,1500.0,稍,98.6,1.5,4-4-4-5,41.4,460.0,-1.0,ヨシノミッチー,
2020101146,ガルヴァニック,2024/05/21,浦和,晴,8.0,うどんとこいのぼりの(C2),11,6.0,7,46.5,9.0,6,増田充宏,54.0,ダ,1500.0,重,100.9,1.6,7-7-8-7,41.2,461.0,4.0,ハーモニーヤマト,
2020101146,ガルヴァニック,2024/05/07,川崎,曇,6.0,C2三四五(C2四),14,5.0,7,50.8,9.0,5,古岡勇樹,54.0,ダ,1500.0,稍,99.5,1.2,8-7-7-6,41.5,457.0,11.0,ドミネートシチー,10.0
2020101146,ガルヴァニック,2024/04/02,川崎,晴,4.0,C2三四五(C2四),11,3.0,3,23.2,6.0,10,古岡勇樹,54.0,ダ,1500.0,稍,102.7,5.2,7-6-8-9,44.3,446.0,-12.0,ビットコイン,
2020101146,ガルヴァニック,2024/03/15,川崎,晴,9.0,アトロポス賞(C2),13,1.0,1,21.0,7.0,5,古岡勇樹,54.0,ダ,2000.0,稍,138.3,1.8,4-3-5-5,42.3,458.0,1.0,シンメロワン,11.0
2020101146,ガルヴァニック,2024/02/02,川崎,曇,9.0,フォルトゥーナ賞(C2),14,1.0,1,2.5,1.0,7,古岡勇樹,54.0,ダ,2000.0,良,137.8,1.9,3-3-3-3,43.8,457.0,1.0,マイネルスキーブ,
2020101146,ガルヴァニック,2024/01/02,川崎,曇,7.0,凧揚げ賞(C2),14,8.0,14,9.2,5.0,1,古岡勇樹,54.0,ダ,2000.0,良,137.4,-0.3,4-5-5-5,41.2,456.0,-2.0,(コンピエーニュ),110.0
2020101146,ガルヴァニック,2023/12/12,川崎,曇,5.0,雉鳩特別(3歳),13,6.0,9,15.5,6.0,3,古岡勇樹,54.0,ダ,1500.0,稍,101.9,0.2,12-12-9-6,41.7,458.0,4.0,ロットゥーラ,45.0
2020101146,ガルヴァニック,2023/11/04,3福島1,曇,6.0,3歳以上1勝クラス,14,7.0,12,135.1,13.0,11,小林美駒,50.0,芝,1800.0,良,109.5,1.9,11-11-12-13,36.9,454.0,-4.0,ニューノーマル,
2020101146,ガルヴァニック,2023/10/22,4新潟4,晴,7.0,3歳以上1勝クラス,16,6.0,11,67.6,13.0,15,丸田恭介,54.0,芝,1800.0,稍,109.9,1.4,11-11,35.8,458.0,6.0,アリーチェ,
2020101146,ガルヴァニック,2023/08/12,2札幌1,晴,6.0,3歳未勝利,16,4.0,7,20.3,8.0,9,小林勝太,51.0,芝,2000.0,良,122.7,1.4,4-4-4-6,38.1,452.0,4.0,ピンクジン,
2020101146,ガルヴァニック,2023/07/22,1札幌1,晴,6.0,3歳未勝利,14,1.0,1,11.5,5.0,5,角田大和,53.0,芝,1800.0,良,108.0,0.3,10-10-10-9,35.4,448.0,4.0,ガットネロ,55.0
2020101146,ガルヴァニック,2023/07/01,2函館1,曇,3.0,3歳未勝利,12,4.0,4,17.2,6.0,3,角田大和,53.0,芝,1800.0,稍,111.5,0.1,9-8-6-2,36.1,444.0,0.0,ミヤビブレイブ,140.0
2020101146,ガルヴァニック,2023/06/18,1函館4,晴,6.0,3歳未勝利,13,7.0,10,11.5,6.0,10,角田大和,53.0,芝,2000.0,良,122.3,1.2,2-2-3-4,36.5,444.0,-2.0,エイシンジェンマ,
2020101146,ガルヴァニック,2023/04/01,2阪神3,晴,4.0,3歳未勝利,18,3.0,6,59.0,11.0,7,国分優作,54.0,芝,1800.0,良,107.6,0.7,12-8,35.4,446.0,0.0,イトカワサクラ,
2021102022,オンネア,2026/07/15,浦和,晴,4.0,HUBトラック賞(C3),12,7.0,9,21.6,8.0,4,杉山海波,51.0,ダ,1400.0,良,91.6,1.8,3-3-4-3,40.0,458.0,-2.0,プリンセスキアラ,12.0
2021102022,オンネア,2026/07/08,川崎,晴,1.0,トウザヨリ賞(C3),11,5.0,5,94.3,9.0,2,杉山海波,51.0,ダ,900.0,稍,56.3,0.1,4-3,38.2,460.0,-4.0,ハナサキポプラ,32.0
2021102022,オンネア,2026/06/23,浦和,曇,12.0,宝登山特別(C3),12,2.0,2,9.3,5.0,12,福原杏,54.0,ダ,2000.0,稍,141.8,7.7,1-1-4-11,47.6,464.0,-1.0,カペラスター,
2021102022,オンネア,2026/05/28,浦和,曇,2.0,ランチタイム(C3),12,6.0,8,28.6,7.0,12,福原杏,54.0,ダ,1400.0,良,94.4,2.7,3-2-4-6,41.0,465.0,-7.0,スイフトマリー,
2021102022,オンネア,2026/04/23,浦和,雨,2.0,ランチタイム(C3),12,5.0,6,74.6,11.0,4,福原杏,54.0,ダ,1400.0,良,92.9,0.6,1-1-1-1,41.0,472.0,6.0,タイムレスブルーム,12.0
2021102022,オンネア,2026/04/01,船橋,雨,4.0,パイライトダッシュ(C3),10,8.0,9,92.0,9.0,9,福原杏,54.0,ダ,1000.0,重,66.2,2.9,1-6,41.4,466.0,2.0,サンスノーホワイト,
2021102022,オンネア,2026/03/20,浦和,雨,1.0,浦和800ラウンド(C3),11,8.0,11,31.7,7.0,9,福原杏,54.0,ダ,800.0,稍,49.9,1.4,6-8,37.6,464.0,-3.0,マダムファンタジア,
2021102022,オンネア,2026/02/28,浦和,晴,1.0,浦和800ラウンド(C3),10,3.0,3,111.3,10.0,10,中島良美,52.0,ダ,800.0,重,52.8,4.6,10-10,39.6,467.0,5.0,ロードサミット,
2021102022,オンネア,2026/02/10,船橋,曇,4.0,C3四,12,1.0,1,267.4,12.0,12,仲原大生,54.0,ダ,1200.0,良,80.1,4.0,1-3-6,42.7,462.0,-6.0,ジャストキングダム,
2021102022,オンネア,2026/01/09,浦和,晴,4.0,特選(C3),13,5.0,6,38.4,9.0,12,中島良美,52.0,ダ,1400.0,良,95.3,3.1,5-4-8-10,43.6,468.0,3.0,オリズジーニー,
2021102022,オンネア,2025/11/26,浦和,晴,10.0,浦和ジョッキーズトラ(C3),12,3.0,3,46.8,10.0,2,加藤和博,54.5,ダ,1400.0,良,92.0,1.2,1-1-1-2,39.8,465.0,5.0,ファイアスター,56.0
2021102022,オンネア,2025/11/18,川崎,晴,2.0,ウォンバット賞(C3),12,5.0,6,105.4,9.0,12,室陽一朗,54.0,ダ,900.0,良,59.2,2.7,12-12,38.8,460.0,-7.0,リオシャンパーニュ,
2021102022,オンネア,2025/10/29,浦和,晴,2.0,ランチタイムチャレン(C3),12,4.0,4,19.3,7.0,8,中山遥人,51.0,ダ,1400.0,稍,92.4,1.8,1-1-2-3,40.4,467.0,11.0,ツーエムタイガー,
2021102022,オンネア,2025/10/01,船橋,曇,3.0,C3二,12,1.0,1,75.8,8.0,9,室陽一朗,54.0,ダ,1200.0,稍,78.9,3.1,5-7-8,41.4,456.0,-4.0,オールトソリス,
2021102022,オンネア,2025/09/24,浦和,晴,4.0,特選(C3),12,6.0,7,23.6,8.0,11,室陽一朗,54.0,ダ,1400.0,良,94.7,3.5,2-2-3-10,44.1,460.0,-1.0,モズマスターピース,
2021102022,オンネア,2025/08/19,浦和,晴,6.0,C3四,10,2.0,2,10.0,3.0,7,室陽一朗,54.0,ダ,1400.0,稍,91.7,2.6,4-5-4-5,41.3,461.0,3.0,ダンシングエリカ,
2021102022,オンネア,2025/08/05,川崎,晴,3.0,ヒラマサ賞(C3),9,8.0,9,12.9,4.0,7,室陽一朗,54.0,ダ,900.0,良,57.1,1.4,4-7,39.2,458.0,-4.0,ハナサキポプラ,
2021102022,オンネア,2025/07/23,浦和,晴,6.0,C3四,7,6.0,6,2.5,1.0,3,室陽一朗,54.0,ダ,1400.0,良,91.6,0.5,1-1-1-1,40.1,462.0,3.0,スイフトマリー,20.0
2021102022,オンネア,2025/07/06,船橋,晴,1.0,C3一,11,2.0,2,23.8,6.0,3,室陽一朗,54.0,ダ,1200.0,良,77.5,0.7,1-1-1,39.1,459.0,-4.0,ボタンブーケ,22.5
2021102022,オンネア,2025/06/24,浦和,曇,4.0,浦和800ラウンド(C3),7,5.0,5,10.2,5.0,7,室陽一朗,54.0,ダ,800.0,良,49.1,1.3,6-7,36.2,463.0,-3.0,カラドボルグ,
2021102022,オンネア,2025/06/03,船橋,雨,1.0,C3選抜馬,11,3.0,3,17.7,6.0,9,室陽一朗,54.0,ダ,1000.0,重,65.3,3.6,9-10,40.0,466.0,-7.0,ヴィオルナ,
2021102022,オンネア,2025/05/27,浦和,曇,2.0,浦和800ラウンド(C2C3),11,8.0,10,10.4,5.0,7,室陽一朗,53.0,ダ,800.0,稍,48.0,0.9,4-6,35.9,473.0,1.0,ナキムシヒカル,
2021102022,オンネア,2025/04/22,浦和,晴,1.0,浦和800ラウンド(C3),12,1.0,1,19.9,4.0,2,室陽一朗,54.0,ダ,800.0,良,49.1,1.2,5-4,37.7,472.0,-2.0,スーパーサイクル,32.0
2021102022,オンネア,2025/03/20,浦和,晴,1.0,C34歳ウ,10,3.0,3,14.4,5.0,8,室陽一朗,54.0,ダ,1300.0,重,83.9,2.3,4-5-6-6,40.0,474.0,-4.0,オリズジーニー,
2021102022,オンネア,2025/02/26,浦和,晴,1.0,C34歳イ,11,3.0,3,16.3,6.0,10,室陽一朗,54.0,ダ,1400.0,良,94.6,2.1,2-1-2-6,41.2,478.0,27.0,キミハレモネード,
2021102022,オンネア,2024/12/03,金沢,雨,1.0,能登半島地震復興応援(C1),9,4.0,4,3.5,2.0,3,葛山晃平,54.0,ダ,1400.0,重,91.3,0.7,2-2-2-2,38.9,451.0,-1.0,ココボロ,6.7
2021102022,オンネア,2024/11/18,金沢,曇,5.0,C14特別編成(C1特別),8,6.0,6,3.6,2.0,5,葛山晃平,54.0,ダ,1400.0,不,90.7,1.0,1-2-1-2,40.3,452.0,-1.0,ムゲーテスペランサ,4.2
2021102022,オンネア,2024/11/05,金沢,曇,1.0,能登半島地震復興応援(C1),6,5.0,5,4.2,2.0,2,葛山晃平,54.0,ダ,1400.0,重,90.1,0.3,1-1-1-1,37.8,453.0,2.0,オーサムピクチャ,13.4
2021102022,オンネア,2024/10/15,金沢,曇,8.0,湯涌ぼんぼり祭り特別(C2),8,6.0,6,10.3,3.0,2,葛山晃平,54.0,ダ,1400.0,良,90.3,0.3,1-1-2-2,39.1,451.0,0.0,サンダップルド,13.1
2021102022,オンネア,2024/10/01,金沢,晴,6.0,C23,11,6.0,7,53.8,4.0,6,魚住謙心,54.0,ダ,1400.0,良,91.7,1.9,6-6-7-7,39.2,451.0,2.0,メイショウベル,
2021102022,オンネア,2024/09/15,金沢,曇,4.0,茨城県馬牧場防疫協議(C2),10,7.0,7,6.0,4.0,3,魚住謙心,54.0,ダ,1400.0,良,92.3,1.2,3-3-3-5,40.1,449.0,-1.0,ツキガキレイデスネ,6.4
2021102022,オンネア,2024/09/03,金沢,曇,9.0,3歳B2特編(3歳2),8,1.0,1,25.5,6.0,5,魚住謙心,54.0,ダ,1400.0,重,91.7,2.4,6-6-6-4,40.6,450.0,-4.0,ウインサマースノー,4.0
2021102022,オンネア,2024/08/20,金沢,曇,11.0,ぐず焼きまつり特別(3歳),9,5.0,5,17.8,3.0,2,葛山晃平,54.0,ダ,1500.0,良,97.3,2.3,5-5-3-3,40.3,454.0,0.0,アヌーク,13.1
2021102022,オンネア,2024/08/06,金沢,晴,7.0,スマホで競馬雑誌読み(3歳),10,7.0,7,13.2,5.0,2,葛山晃平,54.0,ダ,1400.0,良,91.6,0.9,2-2-2-2,40.3,454.0,-1.0,アオイラリュヌ,12.8
2021102022,オンネア,2024/07/23,金沢,晴,2.0,地方競馬のミスターオ(3歳),10,7.0,8,4.3,2.0,1,葛山晃平,54.0,ダ,900.0,良,56.1,-0.2,1-1,36.3,455.0,-1.0,(ビューティーハニー),40.0
2021102022,オンネア,2024/07/09,金沢,曇,11.0,金沢競馬3歳Bプレミ,11,6.0,7,74.8,8.0,7,葛山晃平,54.0,ダ,1500.0,稍,99.6,3.7,6-6-7-6,40.5,456.0,4.0,フレーズタルト,
2021102022,オンネア,2024/05/04,1新潟3,晴,3.0,3歳未勝利,15,3.0,4,269.1,12.0,12,水沼元輝,52.0,ダ,1200.0,良,75.1,2.4,10-10,39.0,452.0,-6.0,サンレイマリー,
2021102022,オンネア,2024/01/21,1中山7,雨,1.0,3歳未勝利,16,2.0,3,133.9,12.0,8,津村明秀,55.0,ダ,1200.0,不,73.6,3.3,4-6,39.2,458.0,-2.0,ガビーズシスター,
2021102022,オンネア,2023/09/09,4中山1,曇,4.0,2歳新馬,15,7.0,13,18.9,8.0,8,津村明秀,55.0,ダ,1200.0,重,74.4,1.4,10-9,38.0,460.0,0.0,グラシリティ,
2021103474,ラフォンターナ,2026/07/07,川崎,曇,2.0,C3三四,12,1.0,1,39.8,8.0,4,伊藤裕人,56.0,ダ,1400.0,重,95.1,0.7,8-8-9-9,41.0,539.0,-3.0,コンペティティブ,12.0
2021103474,ラフォンターナ,2026/06/18,川崎,曇,5.0,レモングラス賞(C3),12,3.0,3,108.1,11.0,8,岡村裕基,56.0,ダ,1500.0,重,100.3,1.8,6-7-7-7,42.7,542.0,3.0,セクレトウェポン,
2021103474,ラフォンターナ,2026/05/11,川崎,晴,6.0,スペアミント賞(C3),9,5.0,5,37.3,8.0,5,伊藤裕人,56.0,ダ,1500.0,良,99.9,1.8,8-8-7-4,40.2,539.0,4.0,パーティーキング,9.0
2021103474,ラフォンターナ,2026/04/08,川崎,晴,1.0,枡形山賞(C3),12,5.0,5,350.7,12.0,7,岡村裕基,56.0,ダ,1500.0,重,100.0,1.5,9-8-7-7,41.7,535.0,1.0,パーティーキング,
2021103474,ラフォンターナ,2026/03/19,浦和,曇,12.0,春の夢特別(C3),12,2.0,2,22.8,7.0,10,赤津和希,56.0,ダ,2000.0,良,139.2,3.0,11-11-10-9,41.6,534.0,-24.0,レベリオン,
2021103474,ラフォンターナ,2026/02/27,浦和,曇,2.0,特選(C3),12,7.0,9,116.1,9.0,8,赤津和希,56.0,ダ,1500.0,重,101.1,2.8,10-11-10-11,40.2,558.0,23.0,コビナイフォンテン,
2021103474,ラフォンターナ,2026/01/09,浦和,晴,5.0,道の駅おがわまち賞(C3),11,7.0,9,17.4,7.0,7,岡村健司,56.0,ダ,1500.0,良,100.1,1.3,11-11-10-8,40.3,535.0,-5.0,エクセルブラック,
2021103474,ラフォンターナ,2025/12/24,大井,雨,7.0,C21819,13,5.0,7,195.5,12.0,9,新原周馬,56.0,ダ,1200.0,重,77.4,2.7,12-11,38.8,540.0,2.0,グルナルーフス,
2021103474,ラフォンターナ,2025/12/01,大井,晴,7.0,C21516,15,4.0,7,201.2,11.0,13,岡村健司,56.0,ダ,1200.0,良,76.7,1.9,15-15,37.6,538.0,-8.0,バクシーシ,
2021103474,ラフォンターナ,2025/11/10,大井,晴,3.0,C21819,13,4.0,4,116.9,8.0,11,岡村健司,56.0,ダ,1200.0,稍,76.1,2.6,11-10,38.5,546.0,3.0,ハーレムシャフル,
2021103474,ラフォンターナ,2025/10/20,大井,曇,7.0,品川かえで賞(C2),14,2.0,2,35.4,8.0,8,岡村健司,56.0,ダ,1200.0,稍,76.2,1.0,12-12,38.9,543.0,1.0,クラウディルックス,
2021103474,ラフォンターナ,2025/10/05,大井,晴,5.0,C21718,14,6.0,10,128.7,10.0,6,岡村健司,56.0,ダ,1200.0,良,76.0,1.5,13-13,38.3,542.0,-3.0,スターティングナウ,
2021103474,ラフォンターナ,2025/09/15,大井,曇,10.0,C2九十,11,7.0,9,121.0,9.0,10,新原周馬,56.0,ダ,1200.0,稍,76.5,2.1,7-8,39.4,545.0,5.0,デリッサ,
2021103474,ラフォンターナ,2025/09/01,大井,晴,9.0,C2十11,13,4.0,4,59.6,8.0,12,新原周馬,56.0,ダ,1200.0,良,76.9,3.1,11-11,38.1,540.0,2.0,ロクスマリアンヌ,
2021103474,ラフォンターナ,2025/08/11,大井,曇,11.0,C2九十11(C2十),13,6.0,9,47.2,9.0,8,岡村健司,56.0,ダ,1200.0,不,76.1,1.2,10-10,38.4,538.0,3.0,ニチリン,
2021103474,ラフォンターナ,2025/07/14,大井,晴,12.0,C2九十11(C2十),11,6.0,7,30.4,9.0,6,岡村健司,56.0,ダ,1200.0,稍,74.8,1.4,10-10,37.8,535.0,-1.0,ワンウェイ,
2021103474,ラフォンターナ,2025/07/02,大井,曇,7.0,C2六七八(C2七),14,1.0,1,129.9,12.0,9,岡村健司,56.0,ダ,1200.0,良,75.0,1.0,14-14,37.6,536.0,-2.0,クライトゥナイト,
2021103474,ラフォンターナ,2025/05/21,大井,晴,7.0,C2八九,14,8.0,14,32.2,9.0,13,佐野遥久,53.0,ダ,1200.0,稍,75.5,2.4,13-13,37.4,538.0,-1.0,アミフジモアナ,
2021103474,ラフォンターナ,2025/05/01,大井,晴,6.0,C2七八,13,4.0,4,19.9,5.0,11,御神本訓,56.0,ダ,1600.0,稍,106.2,2.3,10-10-7-6,41.7,539.0,1.0,アクイローネ,
2021103474,ラフォンターナ,2025/04/16,大井,晴,6.0,C2九十,12,5.0,6,15.2,4.0,5,御神本訓,56.0,ダ,1200.0,稍,74.6,1.4,9-7,37.7,538.0,-3.0,ポアゾンノアール,10.0
2021103474,ラフォンターナ,2025/03/25,大井,晴,12.0,カウンテスアップ賞(C2),14,3.0,3,5.0,3.0,5,御神本訓,56.0,ダ,1200.0,良,75.2,0.3,5-5,38.0,541.0,4.0,ツーエムピシュー,10.0
2021103474,ラフォンターナ,2025/02/19,大井,晴,4.0,渋谷川賞(C2),16,6.0,11,32.7,6.0,3,御神本訓,56.0,ダ,1200.0,良,75.3,0.4,12-11,37.7,537.0,4.0,ライペニング,25.0
2021103474,ラフォンターナ,2025/01/28,大井,晴,5.0,C21213,10,1.0,1,23.8,7.0,8,御神本訓,56.0,ダ,1600.0,良,106.9,1.6,8-8-7-7,41.8,533.0,2.0,レライタム,
2021103474,ラフォンターナ,2025/01/14,大井,晴,7.0,C2111213(C212),12,6.0,7,8.9,5.0,6,御神本訓,56.0,ダ,1600.0,稍,105.2,1.1,4-5-4-3,40.9,531.0,4.0,ラピード,
2021103474,ラフォンターナ,2024/12/27,大井,晴,6.0,ヘミングウェイ賞(C2),12,4.0,4,15.1,4.0,4,御神本訓,56.0,ダ,1600.0,良,104.9,0.6,2-2-2-1,41.0,527.0,-14.0,ヴァルタリ,15.0
2021103474,ラフォンターナ,2024/11/01,船橋,曇,9.0,馬い!サンサンエッグ(C2九),12,1.0,1,12.6,6.0,8,山中悠希,56.0,ダ,1500.0,稍,101.2,2.8,7-7-7-6,42.3,541.0,14.0,ウインプロティア,
2021103474,ラフォンターナ,2024/09/24,船橋,晴,3.0,3歳261P,12,7.0,9,7.0,5.0,7,川島正太,56.0,ダ,1500.0,良,100.7,1.8,7-6-6-6,42.4,527.0,3.0,レオボヌール,
2021103474,ラフォンターナ,2024/08/10,3新潟1,晴,4.0,3歳未勝利,15,3.0,5,36.4,9.0,10,吉原寛人,57.0,ダ,1800.0,良,116.8,2.5,12-13-12-13,40.0,524.0,-2.0,ダノンストラーダ,
2021103474,ラフォンターナ,2024/06/22,1函館5,晴,4.0,3歳未勝利,10,7.0,8,,,除,横山武史,57.0,ダ,2400.0,良,,,,,526.0,0.0,ダンツドール,
2021103474,ラフォンターナ,2024/06/15,1函館3,晴,2.0,3歳未勝利,14,6.0,10,63.5,8.0,6,丹内祐次,57.0,ダ,1700.0,良,108.1,1.7,6-4-4-4,40.2,526.0,6.0,ヨリナエスポワール,
2021103474,ラフォンターナ,2024/04/25,大井,晴,9.0,フォーチュネイト菖蒲(3歳),11,8.0,10,13.5,7.0,2,森泰斗,56.0,ダ,1800.0,重,119.0,1.4,4-6-4-4,41.8,520.0,-6.0,ペルセヴェランテ,112.0
2021103474,ラフォンターナ,2024/04/14,3中山8,晴,3.0,3歳未勝利,15,1.0,1,51.6,8.0,9,三浦皇成,57.0,ダ,1800.0,良,116.9,2.7,14-14-10-10,41.0,526.0,4.0,テリフィックプラン,
2021103474,ラフォンターナ,2024/03/31,3中山4,晴,1.0,3歳未勝利,13,1.0,1,45.3,9.0,5,三浦皇成,57.0,ダ,1800.0,稍,116.2,1.1,13-13-13-7,39.5,522.0,-12.0,ザロック,55.0
2021103474,ラフォンターナ,2024/01/27,1東京1,晴,2.0,3歳未勝利,15,4.0,6,17.0,6.0,11,キング,57.0,ダ,2100.0,良,139.8,4.7,11-10-8-8,43.2,534.0,-4.0,ホウオウベルクソン,
2021103474,ラフォンターナ,2024/01/14,1中山5,晴,4.0,3歳新馬,16,7.0,13,31.9,8.0,4,三浦皇成,57.0,ダ,1800.0,稍,118.3,1.6,11-10-3-4,41.3,538.0,0.0,クレイヴィンオナー,93.0
2022102890,セイウンヤタガラス,2026/07/09,川崎,晴,2.0,トビウオ賞(C3),12,6.0,7,82.3,10.0,11,山林堂信,56.0,ダ,900.0,稍,57.6,2.4,10-12,38.7,431.0,-5.0,ブリテン,
2022102890,セイウンヤタガラス,2026/06/17,川崎,晴,1.0,C3一二,12,8.0,12,13.7,4.0,12,山林堂信,56.0,ダ,1400.0,稍,98.5,5.6,2-3-8-12,46.7,436.0,0.0,リコースチェッキン,
2022102890,セイウンヤタガラス,2026/04/10,川崎,雨,6.0,C3一二,12,5.0,5,48.0,10.0,7,山林堂信,56.0,ダ,1400.0,重,94.0,2.7,2-3-2-3,43.2,436.0,2.0,イノ,
2022102890,セイウンヤタガラス,2026/04/02,船橋,曇,1.0,C3三,11,1.0,1,13.6,5.0,6,山林堂信,56.0,ダ,1200.0,不,79.0,2.5,6-7-6,40.5,434.0,-6.0,クリスプオブウォー,
2022102890,セイウンヤタガラス,2026/03/05,川崎,晴,2.0,C3一二,10,8.0,9,44.5,9.0,4,山林堂信,56.0,ダ,1400.0,重,93.7,0.9,5-5-5-7,40.6,440.0,0.0,ヘヴンリーゴール,12.0
2022102890,セイウンヤタガラス,2026/02/05,川崎,晴,3.0,C3三四,12,7.0,10,21.5,6.0,3,山林堂信,56.0,ダ,1400.0,良,94.4,1.1,4-4-2-3,40.1,440.0,-5.0,モズミコシ,20.0
2022102890,セイウンヤタガラス,2026/01/03,川崎,晴,4.0,毘沙門天賞(C3),14,6.0,9,10.9,6.0,13,山林堂信,56.0,ダ,1400.0,重,96.1,1.4,9-11-8-11,42.0,445.0,4.0,シェナチチカカ,
2022102890,セイウンヤタガラス,2025/12/19,川崎,晴,5.0,ティング賞(3歳),9,5.0,5,16.2,6.0,5,山林堂信,56.0,ダ,1400.0,稍,93.8,1.5,8-8-8-8,40.5,441.0,3.0,ジンガー,12.0
2022102890,セイウンヤタガラス,2025/11/21,川崎,晴,5.0,3歳4,8,7.0,7,6.6,4.0,6,山林堂信,56.0,ダ,1400.0,良,94.7,1.0,5-6-5-5,40.6,438.0,10.0,ミレニアムブリッジ,
2022102890,セイウンヤタガラス,2025/10/14,川崎,曇,3.0,御成賞(3歳),9,8.0,8,3.1,2.0,9,山林堂信,56.0,ダ,1400.0,良,96.7,4.2,3-3-3-7,45.5,428.0,8.0,イオリ,
2022102890,セイウンヤタガラス,2025/08/24,3新潟2,晴,4.0,3歳未勝利,15,7.0,12,132.1,11.0,6,佐藤翔馬,54.0,ダ,1200.0,良,72.6,1.3,10-9,36.8,420.0,0.0,マオノクラッシュ,
2022102890,セイウンヤタガラス,2025/07/05,1函館7,晴,2.0,3歳未勝利,12,5.0,6,170.1,11.0,8,松岡正海,57.0,ダ,1000.0,不,59.7,1.7,10-10,35.8,420.0,0.0,ミッキーマカパ,
2022102890,セイウンヤタガラス,2025/06/15,1函館2,晴,3.0,3歳未勝利,12,1.0,1,38.0,8.0,7,今村聖奈,55.0,ダ,1000.0,良,60.6,2.0,6-5,36.8,420.0,-8.0,トーアジョウトウ,
2022102890,セイウンヤタガラス,2025/05/04,1新潟2,曇,2.0,3歳未勝利,15,8.0,14,107.3,11.0,9,佐藤翔馬,54.0,ダ,1200.0,稍,73.4,2.0,9-9,38.4,428.0,-4.0,チケットトゥヘブン,
2022102890,セイウンヤタガラス,2025/03/02,1小倉12,雨,3.0,3歳未勝利,14,8.0,13,32.7,7.0,7,黛弘人,57.0,ダ,1000.0,稍,60.1,1.6,10-9,36.6,432.0,-12.0,ブルドッグキング,
2022102890,セイウンヤタガラス,2025/02/23,1小倉10,晴,3.0,3歳未勝利,14,4.0,5,70.4,10.0,3,黛弘人,57.0,ダ,1000.0,良,60.4,1.3,10-10,36.5,444.0,0.0,キャリーグレイス,112.0
2022102890,セイウンヤタガラス,2025/01/25,1小倉1,晴,2.0,3歳未勝利,17,1.0,2,186.5,16.0,12,黛弘人,57.0,芝,1200.0,良,69.6,0.9,10-11,35.5,444.0,16.0,オンザブルースカイ,
2022102890,セイウンヤタガラス,2024/12/08,5中山4,晴,1.0,2歳未勝利,15,6.0,10,42.8,7.0,8,三浦皇成,56.0,ダ,1200.0,良,74.0,1.3,4-4,39.3,428.0,0.0,テイオームサシ,
2022102890,セイウンヤタガラス,2024/11/16,5東京5,曇,3.0,2歳未勝利,16,5.0,10,24.8,6.0,11,三浦皇成,56.0,ダ,1600.0,良,101.2,2.0,4-3,39.6,428.0,2.0,エンプレスフレーム,
2022102890,セイウンヤタガラス,2024/11/02,5東京1,小雨,6.0,2歳新馬,16,2.0,4,134.5,14.0,6,佐藤翔馬,53.0,ダ,1600.0,重,100.0,0.6,7-7,35.6,426.0,0.0,ボルトテソーロ,
2022100260,ルナティックアイ,2026/07/16,浦和,曇,4.0,C3四五,12,2.0,2,191.7,12.0,10,高橋哲也,56.0,ダ,1500.0,良,99.5,1.8,5-7-8-10,39.9,441.0,-11.0,コビナイフォンテン,
2022100260,ルナティックアイ,2026/06/26,浦和,雨,12.0,三峰山特別(C2C3),11,7.0,8,103.0,10.0,7,高橋哲也,57.0,ダ,2000.0,不,133.2,2.6,10-10-8-8,41.4,452.0,3.0,エクセルグラン,
2022100260,ルナティックアイ,2026/06/05,船橋,曇,8.0,御堂筋エンジ八咫烏記(C2),12,4.0,4,244.5,12.0,12,高橋哲也,56.0,ダ,1500.0,稍,103.7,4.0,12-10-12-12,42.3,449.0,-1.0,サージ,
2022100260,ルナティックアイ,2026/05/29,浦和,晴,8.0,特選(C2),12,6.0,7,97.0,11.0,9,高橋哲也,56.0,ダ,2000.0,良,137.7,3.2,11-12-12-10,40.9,450.0,2.0,メイショウフソウ,
2022100260,ルナティックアイ,2026/05/07,船橋,曇,3.0,C2七八九ア(C2八),12,8.0,12,235.8,10.0,9,高橋哲也,56.0,ダ,1500.0,良,100.1,3.1,8-8-8-10,41.3,448.0,-5.0,バルクヘッド,
2022100260,ルナティックアイ,2026/04/24,浦和,曇,12.0,オオムラサキツツジ特(C2C3),12,6.0,7,72.6,11.0,7,高橋哲也,57.0,ダ,2000.0,重,136.1,1.4,9-7-4-4,40.0,453.0,3.0,ヘウレシス,
2022100260,ルナティックアイ,2026/03/19,浦和,曇,4.0,C2八九,11,3.0,3,33.8,8.0,6,高橋哲也,56.0,ダ,1400.0,良,93.5,1.9,9-9-10-9,40.8,450.0,4.0,ジーティーアムール,
2022100260,ルナティックアイ,2026/02/23,浦和,晴,3.0,君とつむぐ未来賞(C3),10,6.0,6,104.0,9.0,5,櫻井光輔,56.0,ダ,1500.0,良,99.9,1.2,10-10-8-8,39.4,446.0,5.0,トウカイディアマン,9.0
2022100260,ルナティックアイ,2026/01/06,浦和,晴,5.0,新座市制施行55周年(C3),11,6.0,7,131.8,9.0,7,櫻井光輔,56.0,ダ,1500.0,稍,99.9,1.6,11-11-9-8,40.4,441.0,1.0,ランボー,
2022100260,ルナティックアイ,2025/12/22,浦和,晴,1.0,3歳一,12,7.0,9,361.8,12.0,8,篠谷葵,56.0,ダ,1500.0,良,100.4,2.9,9-1-5-6,41.4,440.0,9.0,タカミノガコイ,
2022100260,ルナティックアイ,2025/12/09,船橋,晴,2.0,3歳一,9,7.0,7,196.4,8.0,6,及川烈,55.0,ダ,1200.0,良,78.4,2.3,7-7-7,39.9,431.0,-5.0,ポッドバディ,
2022100260,ルナティックアイ,2025/11/26,浦和,晴,3.0,浦和800ラウンド(3歳),9,8.0,8,32.2,6.0,6,及川烈,55.0,ダ,800.0,良,49.8,1.7,7-6,36.2,436.0,-9.0,エスシーボニー,
2022100260,ルナティックアイ,2025/11/03,船橋,晴,3.0,石崎駿・森泰斗開業記(3歳),11,3.0,3,275.3,10.0,8,山中悠希,56.0,ダ,1200.0,稍,79.0,3.5,10-10-10,40.2,445.0,-1.0,セイウンユズカ,
2022100260,ルナティックアイ,2025/10/01,船橋,曇,5.0,3歳四,12,4.0,4,25.0,9.0,8,山中悠希,56.0,ダ,1200.0,稍,79.0,2.5,3-2-3,41.9,446.0,-5.0,ファンタジースカイ,
2022100260,ルナティックアイ,2025/08/28,船橋,晴,5.0,3歳四,10,2.0,2,8.9,5.0,8,山中悠希,56.0,ダ,1200.0,良,77.1,1.2,10-10-10,39.0,451.0,21.0,ヒョイザブロー,
2022100260,ルナティックアイ,2025/06/29,1函館6,曇,3.0,3歳未勝利,12,1.0,1,88.7,9.0,12,横山和生,57.0,芝,1200.0,良,70.2,1.1,3-4,35.6,430.0,-4.0,ペイシャアーサー,
2022100260,ルナティックアイ,2025/06/22,1函館4,曇,1.0,3歳未勝利,15,5.0,9,53.4,9.0,10,舟山瑠泉,54.0,芝,1200.0,重,70.5,1.0,5-5,36.0,434.0,10.0,ベビーズブレス,
2022100260,ルナティックアイ,2025/05/25,1新潟8,小雨,1.0,3歳未勝利,16,2.0,3,22.6,8.0,12,江田照男,57.0,芝,1200.0,稍,72.3,1.7,11-12,36.3,424.0,-6.0,ティピティーナ,
2022100260,ルナティックアイ,2025/05/17,1新潟5,雨,6.0,3歳未勝利,16,8.0,16,3.8,1.0,3,丹内祐次,57.0,芝,1000.0,稍,57.0,0.7,4,33.6,430.0,6.0,ハッピーダンシング,140.0
2022100260,ルナティックアイ,2025/04/27,1福島6,晴,2.0,3歳未勝利,16,6.0,12,116.7,11.0,5,今村聖奈,54.0,芝,1200.0,良,69.6,0.7,13-13,34.0,424.0,-8.0,ユーティジャーニー,56.0
2022100260,ルナティックアイ,2025/02/08,1東京3,晴,3.0,3歳未勝利,16,4.0,7,120.5,8.0,15,江田照男,57.0,ダ,1600.0,良,104.9,5.9,2-6,42.7,432.0,-2.0,アドマイヤデイトナ,
2022100260,ルナティックアイ,2024/12/22,5中山8,晴,4.0,2歳未勝利,18,7.0,13,302.3,15.0,12,江田照男,56.0,芝,2000.0,良,122.7,1.4,14-14-13-10,36.6,434.0,2.0,ロジャリーマイン,
2022100260,ルナティックアイ,2024/12/08,4中京4,晴,5.0,2歳新馬,12,7.0,10,56.3,10.0,8,江田照男,56.0,芝,2000.0,良,125.3,1.4,3-3-2-3,36.1,432.0,0.0,エムズ,
2020103064,ミサイルビスケッツ,2026/06/23,浦和,曇,12.0,宝登山特別(C3),12,6.0,7,3.5,1.0,6.0,伊藤裕人,54.0,ダ,2000.0,稍,135.7,1.6,7-6-6-4,40.8,422.0,0.0,カペラスター,
2020103064,ミサイルビスケッツ,2026/06/15,川崎,曇,4.0,ハヤブサ賞(C3),11,3.0,3,22.0,6.0,6.0,伊藤裕人,54.0,ダ,900.0,重,57.2,0.8,10-10,37.8,422.0,4.0,モンテジュエル,
2020103064,ミサイルビスケッツ,2026/05/26,浦和,曇,7.0,桶川べに花まつり賞(C3),11,6.0,8,10.6,5.0,2.0,伊藤裕人,54.0,ダ,2000.0,稍,135.6,0.8,5-4-4-2,39.6,418.0,-3.0,ジャストザヴァルス,36.0
2020103064,ミサイルビスケッツ,2026/05/12,川崎,晴,2.0,C3三四,9,8.0,8,6.9,3.0,3.0,古岡勇樹,54.0,ダ,1400.0,良,93.9,0.8,8-7-6-5,39.8,421.0,-1.0,シルヴァギンジ,20.0
2020103064,ミサイルビスケッツ,2026/04/24,浦和,曇,7.0,特選(C3),11,1.0,1,43.8,8.0,4.0,伊藤裕人,54.5,ダ,1400.0,重,91.9,2.1,10-10-8-5,39.6,422.0,3.0,パレルモフレイバー,13.5
2020103064,ミサイルビスケッツ,2026/04/08,川崎,晴,1.0,枡形山賞(C3),12,6.0,8,29.9,6.0,8.0,中山遥人,52.0,ダ,1500.0,重,101.0,2.5,10-11-10-9,41.9,419.0,5.0,パーティーキング,
2020103064,ミサイルビスケッツ,2026/03/20,浦和,曇,7.0,特選(C3),12,8.0,11,16.4,5.0,4.0,神尾香澄,51.5,ダ,1400.0,稍,93.8,1.1,12-12-9-6,39.4,414.0,-10.0,マロンルピナス,13.5
2020103064,ミサイルビスケッツ,2026/01/03,川崎,晴,4.0,毘沙門天賞(C3),14,4.0,5,15.1,8.0,10.0,古岡勇樹,54.0,ダ,1400.0,重,95.7,1.0,11-10-10-10,41.6,424.0,2.0,シェナチチカカ,
2020103064,ミサイルビスケッツ,2025/12/17,川崎,晴,4.0,C3一二,9,7.0,7,12.1,6.0,3.0,神尾香澄,51.0,ダ,1500.0,稍,100.8,0.6,4-5-4-4,40.7,422.0,3.0,オーサムワールド,20.0
2020103064,ミサイルビスケッツ,2025/12/10,船橋,晴,3.0,駿足スプリント(C3),12,2.0,2,88.5,8.0,3.0,古岡勇樹,54.0,ダ,1200.0,良,77.3,0.4,9-8-8,39.2,419.0,-4.0,プリンセスキアラ,22.5
2020103064,ミサイルビスケッツ,2025/11/18,川崎,晴,2.0,ウォンバット賞(C3),12,2.0,2,30.8,6.0,8.0,神尾香澄,51.0,ダ,900.0,良,57.6,1.1,11-9,38.2,423.0,4.0,リオシャンパーニュ,
2020103064,ミサイルビスケッツ,2025/10/31,浦和,雨,10.0,小春特別(C2C3),12,6.0,7,26.9,5.0,5.0,古岡勇樹,53.0,ダ,2000.0,稍,136.1,1.1,10-9-7-3,40.3,419.0,-4.0,キングブルズアイズ,15.0
2020103064,ミサイルビスケッツ,2025/10/16,川崎,曇,6.0,YJSトライアルラウ(C3),14,1.0,1,7.4,3.0,4.0,石神深道,54.0,ダ,1500.0,重,100.4,0.3,8-7-8-9,41.7,423.0,-1.0,アンジェラカフェ,24.0
2020103064,ミサイルビスケッツ,2025/09/23,浦和,晴,12.0,秋分の日特別(C3),12,4.0,4,6.6,3.0,4.0,神尾香澄,51.0,ダ,2000.0,良,134.9,0.5,8-8-6-5,40.4,424.0,-6.0,ルグランブルー,21.0
2020103064,ミサイルビスケッツ,2025/09/11,川崎,雨,5.0,金沢競馬大雨災害復興(C3),0,6.0,6,,,,神尾香澄,51.0,ダ,900.0,不,,,,,424.0,-6.0,,
2020103064,ミサイルビスケッツ,2025/08/20,浦和,晴,3.0,巾着田曼珠沙華まつり(C3),10,2.0,2,6.1,4.0,2.0,神尾香澄,51.0,ダ,1500.0,良,98.4,0.8,9-9-7-5,38.9,430.0,4.0,イチゴホイップ,36.0
2020103064,ミサイルビスケッツ,2025/08/04,川崎,晴,8.0,C3三四五(C3四),12,2.0,2,9.3,4.0,4.0,神尾香澄,51.0,ダ,1500.0,良,100.8,1.1,7-7-9-4,41.8,426.0,4.0,ラピッドフロウ,12.0
2020103064,ミサイルビスケッツ,2025/07/07,川崎,晴,7.0,C3三四五(C3四),12,7.0,10,42.2,10.0,3.0,神尾香澄,51.0,ダ,1500.0,良,100.1,0.1,9-9-7-6,41.7,422.0,0.0,メイワノワ,20.0
2020103064,ミサイルビスケッツ,2025/06/16,川崎,晴,5.0,ハヤブサ賞(C3),8,1.0,1,37.9,6.0,2.0,神尾香澄,51.0,ダ,900.0,重,56.8,0.5,6-5,37.9,422.0,5.0,タノシサ,32.0
2020103064,ミサイルビスケッツ,2025/05/16,川崎,晴,6.0,スペアミント賞(C3),12,6.0,8,191.5,11.0,7.0,神尾香澄,51.0,ダ,1500.0,稍,101.1,0.9,11-11-11-9,40.3,417.0,-4.0,ホシプリンセス,
2020103064,ミサイルビスケッツ,2025/05/06,船橋,雨,3.0,C3三組下,12,3.0,3,26.1,8.0,6.0,神尾香澄,51.0,ダ,1500.0,不,101.0,1.6,10-9-11-10,41.1,421.0,-11.0,コーントップス,
2020103064,ミサイルビスケッツ,2025/04/07,川崎,晴,6.0,アスターテ賞(C3),14,2.0,2,33.0,8.0,8.0,神尾香澄,51.0,ダ,2000.0,稍,141.7,1.6,9-9-9-6,42.7,432.0,8.0,エクセルグラン,
2020103064,ミサイルビスケッツ,2025/03/20,浦和,晴,8.0,夢見月特別(C3),12,5.0,6,23.2,9.0,5.0,神尾香澄,51.0,ダ,2000.0,重,133.0,1.3,7-6-7-6,41.1,424.0,-5.0,ロットゥーラ,14.0
2020103064,ミサイルビスケッツ,2025/03/05,川崎,雨,4.0,C3三四五(C3四),9,2.0,2,5.6,3.0,4.0,吉原寛人,54.0,ダ,1400.0,不,94.8,0.8,6-7-5-4,41.6,429.0,-2.0,ベリーク,12.0
2020103064,ミサイルビスケッツ,2025/02/08,川崎,晴,6.0,アリアンロッド賞(C3),11,7.0,8,88.8,10.0,6.0,加藤雄真,51.0,ダ,2000.0,良,138.0,2.5,4-6-4-4,42.4,431.0,2.0,ハクシュ,
2020103064,ミサイルビスケッツ,2025/01/21,船橋,晴,7.0,キンセンカ特別(C3),14,4.0,6,30.3,7.0,9.0,加藤雄真,51.0,ダ,1800.0,良,120.8,2.8,11-12-11-10,40.3,429.0,0.0,サトノギフテッド,
2020103064,ミサイルビスケッツ,2025/01/02,川崎,晴,3.0,いろはかるた賞(C3),14,6.0,9,18.7,8.0,7.0,落合玄太,54.0,ダ,1400.0,良,95.0,1.1,10-11-9-9,41.7,429.0,1.0,タイキレヴィン,
2020103064,ミサイルビスケッツ,2024/12/10,川崎,晴,7.0,アストレア賞(C2),14,3.0,4,182.0,11.0,7.0,田中涼,54.0,ダ,2000.0,良,140.0,1.9,12-12-12-9,40.9,428.0,3.0,スオードカット,
2020103064,ミサイルビスケッツ,2024/11/13,川崎,晴,12.0,2024川崎ジョッキ(C3),13,3.0,3,18.2,8.0,4.0,藤江渉,54.0,ダ,1400.0,良,93.8,0.6,9-8-7-5,40.5,425.0,4.0,ベニノパール,13.5
2020103064,ミサイルビスケッツ,2024/10/31,船橋,晴,7.0,YJSトライアルラウ(C3),14,8.0,13,10.3,7.0,7.0,佐野遥久,54.0,ダ,1600.0,重,110.2,2.2,13-13-13-13,41.7,421.0,-2.0,ケイティーユイ,
2020103064,ミサイルビスケッツ,2024/10/08,川崎,雨,4.0,YJSトライアルラウ(C3),14,5.0,8,38.1,9.0,3.0,加藤雄真,54.0,ダ,1500.0,重,102.6,0.2,12-13-12-9,42.8,423.0,-7.0,テルスター,40.0
2020103064,ミサイルビスケッツ,2024/09/05,川崎,晴,5.0,チャービル賞(C3),10,7.0,9,16.7,6.0,8.0,佐野遥久,51.0,ダ,1400.0,稍,95.7,1.7,7-7-8-6,41.7,430.0,4.0,オーサムワールド,
2020103064,ミサイルビスケッツ,2024/08/22,浦和,曇,9.0,C3三四五(C3四),9,1.0,1,17.0,6.0,6.0,佐野遥久,51.0,ダ,1500.0,良,99.6,1.8,8-8-7-6,40.8,426.0,-4.0,キングブルズアイズ,
2020103064,ミサイルビスケッツ,2024/08/09,川崎,晴,6.0,クミン賞(C3),12,5.0,5,5.4,3.0,8.0,佐野遥久,51.0,ダ,1400.0,良,95.0,1.8,10-10-11-9,41.3,430.0,1.0,エアシャロウ,
2020103064,ミサイルビスケッツ,2024/07/24,川崎,晴,6.0,C3三四,12,5.0,6,2.2,1.0,4.0,佐野遥久,51.0,ダ,1400.0,良,93.8,1.0,11-11-10-8,40.6,429.0,6.0,ミナトイチバン,12.0
2020103064,ミサイルビスケッツ,2024/07/03,川崎,晴,4.0,C3五六,12,7.0,10,16.1,5.0,1.0,佐野遥久,51.0,ダ,1400.0,重,92.6,-0.7,5-5-4-3,40.2,423.0,4.0,(カモンベイビー),80.0
2020103064,ミサイルビスケッツ,2024/06/19,浦和,晴,2.0,深谷宿賞(C3三),8,1.0,1,9.2,6.0,5.0,加藤雄真,51.0,ダ,1400.0,重,92.6,1.3,3-4-4-4,39.6,419.0,-7.0,セキレイオペラ,8.0
2020103064,ミサイルビスケッツ,2024/06/13,川崎,曇,2.0,ローズマリー賞(C3),10,3.0,3,51.6,9.0,7.0,加藤雄真,51.0,ダ,1400.0,稍,94.0,2.0,4-4-7-6,41.8,426.0,15.0,サンハンツビル,
2020103064,ミサイルビスケッツ,2024/05/09,川崎,曇,2.0,C3三四,11,3.0,3,34.6,8.0,8.0,古岡勇樹,54.0,ダ,1400.0,稍,94.9,3.0,6-6-10-9,41.5,411.0,1.0,ニジトタルト,
2020103064,ミサイルビスケッツ,2024/04/04,川崎,曇,2.0,C3三四,11,3.0,3,18.6,5.0,7.0,矢野貴之,54.0,ダ,1400.0,重,95.1,3.3,6-7-7-7,42.4,410.0,-1.0,ポテンザ,
2020103064,ミサイルビスケッツ,2023/09/04,水沢,小雨,7.0,3歳B2二組,9,3.0,3,19.4,6.0,1.0,山本政聡,54.0,ダ,1400.0,良,90.9,0.0,6-6-6-7,40.2,411.0,0.0,(ビターモンスター),60.0
2020103064,ミサイルビスケッツ,2023/08/22,水沢,晴,8.0,3歳C1一組,8,6.0,6,4.0,2.0,5.0,高松亮,54.0,ダ,1400.0,良,91.1,1.0,6-5-5-5,40.5,411.0,-7.0,イチズ,3.5
2020103064,ミサイルビスケッツ,2023/08/07,盛岡,曇,7.0,3歳C1一組,9,3.0,3,36.2,5.0,2.0,鈴木祐,54.0,ダ,1400.0,良,87.4,0.6,8-6,38.0,418.0,1.0,リーア,17.5
2020103064,ミサイルビスケッツ,2023/07/24,盛岡,晴,8.0,3歳C1一組,10,7.0,7,18.4,3.0,4.0,鈴木祐,54.0,ダ,1400.0,良,88.3,1.8,10-9,37.5,417.0,1.0,ダット,6.5
2020103064,ミサイルビスケッツ,2023/07/10,盛岡,曇,6.0,3歳C1,9,3.0,3,16.3,4.0,3.0,山本政聡,54.0,ダ,1400.0,稍,87.9,1.3,4-3,37.7,416.0,-1.0,ビアンカ,10.0
2020103064,ミサイルビスケッツ,2023/07/02,盛岡,曇,2.0,3歳C2一組,10,4.0,4,51.6,4.0,3.0,鈴木祐,54.0,ダ,1200.0,稍,74.6,2.6,7-5,37.8,417.0,3.0,セイグッドラック,8.0
2020103064,ミサイルビスケッツ,2023/06/13,水沢,晴,4.0,3歳C1二組,8,8.0,8,5.7,3.0,4.0,山本政聡,54.0,ダ,1400.0,稍,91.5,1.0,5-5-4-4,40.4,414.0,6.0,ライヴケチャップ,6.5
2020103064,ミサイルビスケッツ,2023/05/30,水沢,曇,4.0,3歳C1二組,10,3.0,3,12.9,5.0,7.0,山本政聡,54.0,ダ,1400.0,良,92.9,2.8,8-7-8-7,40.6,408.0,-13.0,リリアナフェアリー,
2020103064,ミサイルビスケッツ,2023/05/21,盛岡,曇,2.0,3歳C1一組,11,7.0,8,44.0,10.0,8.0,鈴木祐,54.0,ダ,1400.0,良,90.5,2.2,10-10,40.0,421.0,19.0,タマモコンペイトウ,
2020103064,ミサイルビスケッツ,2023/05/07,盛岡,曇,3.0,3歳C1一組,11,7.0,9,12.7,8.0,7.0,鈴木祐,54.0,ダ,1400.0,不,88.4,1.0,7-6,38.6,402.0,-4.0,サンアクセソワール,
2020103064,ミサイルビスケッツ,2023/04/25,水沢,晴,2.0,3歳C2,8,7.0,7,4.6,3.0,1.0,山本政聡,54.0,ダ,1300.0,良,84.1,-0.3,3-3-3-3,38.9,406.0,-9.0,(ヨドノストーリー),40.0
2020103064,ミサイルビスケッツ,2023/04/11,水沢,晴,1.0,3歳C2二組,11,8.0,11,4.6,3.0,5.0,関本淳,54.0,ダ,1300.0,稍,87.1,3.6,11-9-7-7,41.0,415.0,9.0,ピラヴロス,2.8
2020103064,ミサイルビスケッツ,2023/03/11,2中京1,晴,5.0,3歳未勝利,18,7.0,13,345.0,17.0,15.0,石田拓郎,51.0,芝,2000.0,良,125.5,4.2,18-18-18-18,37.5,406.0,-6.0,ブライトジュエリー,
2020103064,ミサイルビスケッツ,2023/02/25,2中山1,晴,4.0,3歳未勝利,16,1.0,2,128.5,12.0,14.0,伊藤工真,54.0,ダ,1200.0,良,76.0,3.7,9-10,40.5,412.0,2.0,サウザンサニー,
2020103064,ミサイルビスケッツ,2022/12/18,5中山6,晴,1.0,2歳未勝利,16,5.0,10,323.4,13.0,10.0,伊藤工真,54.0,ダ,1200.0,稍,74.7,2.7,6-7,39.2,410.0,-2.0,グッドロマンス,
2020103064,ミサイルビスケッツ,2022/10/09,4東京2,曇,1.0,2歳未勝利,16,8.0,15,221.1,16.0,15.0,伊藤工真,54.0,ダ,1400.0,稍,88.8,2.9,13-13,39.6,412.0,-8.0,ノーブルヴィクター,
2020103064,ミサイルビスケッツ,2022/09/25,4中山7,晴,4.0,2歳新馬,16,5.0,9,32.4,8.0,11.0,伊藤工真,54.0,ダ,1200.0,重,74.3,2.0,14-15,37.9,420.0,0.0,トモジャシーマ,
2022101844,アップタウンガール,2026/05/13,川崎,晴,1.0,C3三四,12,4.0,4,1.5,1.0,1,笹川翼,54.0,ダ,1400.0,良,93.7,-0.3,3-3-4-3,39.6,474.0,1.0,(メガミリオン),80.0
2022101844,アップタウンガール,2026/04/07,川崎,雨,2.0,C3五六,12,5.0,6,3.9,3.0,1,笹川翼,54.0,ダ,1400.0,重,93.9,-0.3,6-5-4-2,41.6,473.0,-1.0,(ナミエヒーロー),80.0
2022101844,アップタウンガール,2026/03/06,川崎,曇,12.0,ファイナルアンサー賞(C3),14,5.0,8,2.2,1.0,2,笹川翼,54.0,ダ,1500.0,稍,99.3,0.5,2-2-2-2,41.2,474.0,-2.0,クインズカヤノヒメ,32.0
2022101844,アップタウンガール,2026/02/04,川崎,晴,2.0,C3五六,9,5.0,5,17.6,6.0,6,服部茂史,54.0,ダ,1400.0,良,94.3,0.3,6-5-5-5,40.7,476.0,1.0,トミサンペガサス,
2022101844,アップタウンガール,2026/01/04,川崎,晴,5.0,鏡餅賞(C3),12,6.0,8,32.7,8.0,8,古岡勇樹,54.0,ダ,1400.0,稍,96.3,3.9,5-7-7-9,43.3,475.0,0.0,ドウザンゴールド,
2021109080,ヒナボンボン,2026/07/13,浦和,曇,6.0,C3八九,12,2.0,2,31.0,9.0,9,池谷匠翔,54.0,ダ,1500.0,良,98.5,1.1,8-8-8-9,39.6,500.0,-2.0,メイワシェリー,
2021109080,ヒナボンボン,2026/07/07,川崎,曇,2.0,C3三四,12,7.0,10,10.0,3.0,5,池谷匠翔,54.0,ダ,1400.0,重,95.4,1.0,3-3-3-4,41.8,502.0,-2.0,コンペティティブ,8.0
2021109080,ヒナボンボン,2026/06/17,川崎,晴,1.0,C3一二,12,7.0,9,16.6,5.0,5,望月洵輝,54.0,ダ,1400.0,稍,94.6,1.7,8-7-5-7,42.6,504.0,6.0,リコースチェッキン,8.0
2021109080,ヒナボンボン,2026/06/01,船橋,晴,4.0,C3四,10,7.0,8,18.0,4.0,6,池谷匠翔,54.0,ダ,1200.0,良,78.5,1.7,1-1-2,40.1,498.0,-10.0,デルマオペラ,
2021109080,ヒナボンボン,2026/05/13,川崎,晴,1.0,C3三四,12,5.0,5,31.8,5.0,7,岡村健司,54.0,ダ,1400.0,良,95.2,1.5,3-3-1-3,41.2,508.0,4.0,アップタウンガール,
2021109080,ヒナボンボン,2026/04/09,川崎,晴,3.0,C3三四,12,5.0,5,18.0,6.0,4,岡村健司,54.0,ダ,1400.0,稍,94.7,0.9,2-3-2-4,40.8,504.0,3.0,リコースチェッキン,12.0
2021109080,ヒナボンボン,2025/11/20,川崎,晴,4.0,C3一二,11,5.0,5,36.5,6.0,7,岡村健司,54.0,ダ,1400.0,良,95.4,2.6,2-2-3-4,42.6,501.0,-9.0,スマイルフェリス,
2021109080,ヒナボンボン,2025/08/04,川崎,晴,5.0,C3三四五(C3四),9,7.0,7,7.9,4.0,7,池谷匠翔,54.0,ダ,1400.0,良,95.2,2.4,5-6-6-7,42.2,510.0,1.0,オーデンリッキー,
2021109080,ヒナボンボン,2025/07/11,川崎,曇,12.0,ファイナルアンサー賞(C3),12,8.0,11,4.2,3.0,9,池谷匠翔,54.0,ダ,1400.0,重,96.1,2.2,3-4-2-6,43.4,509.0,-1.0,タイキレヴィン,
2021109080,ヒナボンボン,2025/06/20,川崎,晴,9.0,C2六七八(C2七),14,4.0,5,85.9,9.0,11,池谷匠翔,54.0,ダ,1500.0,良,100.2,1.6,1-1-2-2,42.8,510.0,-5.0,ビジューメファ,
2021109080,ヒナボンボン,2025/06/06,船橋,曇,6.0,魁三国志大戦リリース(C2),12,8.0,12,8.2,4.0,10,池谷匠翔,54.0,ダ,1500.0,良,101.4,2.7,5-4-3-4,43.8,515.0,3.0,ボールドチャー,
2021109080,ヒナボンボン,2025/05/16,川崎,晴,7.0,C2八九,11,2.0,2,5.7,2.0,7,池谷匠翔,54.0,ダ,1400.0,稍,93.9,2.2,5-4-4-4,41.8,512.0,7.0,ロワドゥサーブル,
2021109080,ヒナボンボン,2025/04/09,川崎,晴,3.0,枡形山賞(C3四),12,5.0,6,2.3,1.0,1,池谷匠翔,54.0,ダ,1400.0,稍,94.3,0.0,2-2-1-2,41.0,505.0,3.0,(スターコマチ),80.0
2021109080,ヒナボンボン,2025/03/04,川崎,曇,2.0,C3六七八(C3七),8,8.0,8,1.6,1.0,2,町田直希,54.0,ダ,1400.0,不,95.0,0.7,6-6-3-3,40.3,502.0,1.0,コスモヴェレッド,32.0
2021109080,ヒナボンボン,2024/12/24,金沢,雨,5.0,C25,9,7.0,7,3.0,2.0,3,中島龍也,54.0,ダ,1400.0,不,89.9,0.2,2-2-2-2,38.4,501.0,2.0,イエローサファイア,6.4
2021109080,ヒナボンボン,2024/12/10,金沢,雨,6.0,C24特別編成(C2特別),11,7.0,9,3.7,2.0,3,吉田晃浩,54.0,ダ,1400.0,重,91.2,1.3,2-2-3-3,38.7,499.0,-17.0,グブリーサビタン,6.4
2021109080,ヒナボンボン,2024/11/26,金沢,晴,1.0,能登半島地震復興応援(C2),9,7.0,7,3.0,2.0,1,吉田晃浩,54.0,ダ,1500.0,重,97.3,-0.2,2-2-1-1,37.9,516.0,5.0,(ルージュオニキス),40.0
2021109080,ヒナボンボン,2024/11/10,金沢,曇,8.0,コダチベゴニア賞(C2以下),9,6.0,6,8.0,3.0,3,吉田晃浩,54.0,ダ,1500.0,良,96.9,0.3,3-3-2-3,39.3,511.0,4.0,ジュネスヒマリ,6.5
2021109080,ヒナボンボン,2024/10/29,金沢,曇,8.0,YJSトライアルラウ(C2),12,6.0,7,6.1,4.0,9,望月洵輝,54.0,ダ,1500.0,重,98.7,1.5,7-7-7-7,40.5,507.0,0.0,ランドエース,
2021109080,ヒナボンボン,2024/10/13,金沢,晴,3.0,祝福の雨!ライスシャ(C2),9,8.0,9,5.8,2.0,1,吉田晃浩,54.0,ダ,1500.0,良,97.1,-0.2,2-3-3-3,38.8,507.0,3.0,(ディアクルーナ),40.0
2021109080,ヒナボンボン,2024/09/30,金沢,曇,2.0,音ノ瀬らこ登録者10(C2),11,8.0,11,12.5,5.0,3,吉田晃浩,54.0,ダ,1400.0,良,91.3,1.8,5-6-4-4,39.0,504.0,1.0,ゴールドブラボー,6.4
2021109080,ヒナボンボン,2024/09/17,金沢,曇,2.0,C216,11,2.0,2,15.4,6.0,8,吉田晃浩,54.0,ダ,1500.0,良,99.2,2.7,3-3-3-5,42.2,503.0,17.0,ベストリターナー,
2021109080,ヒナボンボン,2024/08/11,3新潟2,晴,4.0,3歳未勝利,14,5.0,9,348.1,14.0,12,菅原隆一,55.0,ダ,1200.0,良,74.5,2.3,12-13,38.5,486.0,-4.0,レッドレナート,
2021109080,ヒナボンボン,2024/06/22,3東京7,晴,3.0,3歳未勝利,16,4.0,8,211.8,14.0,11,菅原隆一,55.0,ダ,1300.0,重,79.7,1.7,9-10,37.0,490.0,13.0,ミスファントム,
2021109080,ヒナボンボン,2024/04/23,名古屋,曇,10.0,名古屋CCチェリー賞(3歳),11,6.0,7,37.9,7.0,8,吉村誠之,51.0,ダ,1500.0,重,99.1,2.7,4-4-6,42.1,477.0,1.0,ニホンピロホリデー,
2021109080,ヒナボンボン,2024/03/03,1阪神4,晴,2.0,3歳未勝利,15,2.0,2,353.3,14.0,13,長岡禎仁,55.0,ダ,1800.0,稍,119.9,4.9,6-7-9-10,42.6,476.0,4.0,タキ,
2021109080,ヒナボンボン,2024/02/22,浦和,曇,7.0,ツインシャイン特別(3歳),12,1.0,1,9.3,4.0,9,原優介,53.0,ダ,1400.0,稍,93.4,1.7,6-4-5-5,41.9,472.0,-18.0,ステラヴェルデ,
2021109080,ヒナボンボン,2023/12/17,5中山6,晴,1.0,2歳未勝利,16,4.0,8,244.8,14.0,8,佐藤翔馬,52.0,ダ,1200.0,良,74.2,1.4,14-12,38.7,490.0,-18.0,セリエル,
2021109080,ヒナボンボン,2023/10/28,4東京8,晴,4.0,2歳新馬,15,4.0,6,205.9,12.0,14,原優介,54.0,芝,1400.0,良,84.7,1.8,10-10,34.6,508.0,0.0,ジークルーネ,
2022106348,ムンディ,2026/07/07,川崎,曇,2.0,C3三四,12,6.0,8,17.3,7.0,2,加藤雄真,52.0,ダ,1400.0,重,94.7,0.3,2-2-1-1,41.3,413.0,-6.0,コンペティティブ,32.0
2022106348,ムンディ,2026/06/17,川崎,晴,2.0,C3一二,11,6.0,7,21.0,6.0,8,加藤雄真,52.0,ダ,1400.0,稍,95.0,2.3,9-10-6-6,41.6,419.0,6.0,シルヴァギンジ,
2022106348,ムンディ,2026/05/11,川崎,晴,6.0,スペアミント賞(C3),9,2.0,2,21.0,5.0,2,加藤雄真,51.0,ダ,1500.0,良,99.6,1.5,4-4-3-2,40.2,413.0,0.0,パーティーキング,36.0
2022106348,ムンディ,2026/04/09,川崎,晴,2.0,C3三四,12,2.0,2,22.5,5.0,4,佐野遥久,53.0,ダ,1400.0,稍,95.1,1.1,9-7-4-3,40.4,413.0,-1.0,ニットウアクシア,12.0
2022106348,ムンディ,2026/04/02,船橋,曇,1.0,C3三,11,7.0,8,26.4,7.0,7,達城龍次,54.0,ダ,1200.0,不,79.1,2.6,11-7-6,40.6,414.0,-4.0,クリスプオブウォー,
2022106348,ムンディ,2026/03/06,川崎,曇,8.0,ヒカリオーソ賞(C2C3),12,4.0,4,37.5,7.0,12,池谷匠翔,53.0,ダ,2000.0,稍,139.9,3.8,9-9-10-11,44.4,418.0,0.0,クロウソング,
2022106348,ムンディ,2026/02/05,川崎,晴,3.0,C3三四,12,6.0,7,5.6,3.0,4,池谷匠翔,54.0,ダ,1400.0,良,95.0,1.7,10-11-11-9,39.7,418.0,0.0,モズミコシ,12.0
2022106348,ムンディ,2025/12/22,名古屋,晴,10.0,歳流特別(C),12,7.0,9,88.3,7.0,3,小笠原羚,51.0,ダ,1700.0,重,112.8,0.9,6-5-4,42.0,418.0,3.0,ジーティースワット,14.0
2022106348,ムンディ,2025/12/04,名古屋,晴,8.0,C21組,12,6.0,7,13.0,6.0,1,小笠原羚,51.0,ダ,1500.0,稍,98.3,-0.2,11-9-3,39.6,415.0,-5.0,(レイワエポック),55.0
2022106348,ムンディ,2025/11/25,名古屋,曇,8.0,LJS名古屋ラウンド(C),9,3.0,3,81.3,9.0,9,関本玲花,53.0,ダ,1500.0,稍,99.3,1.8,9-8-9,40.1,420.0,0.0,ミキノオーボエ,
2022106348,ムンディ,2025/11/10,名古屋,晴,2.0,C29組,11,8.0,10,5.2,3.0,2,塚本征吾,55.0,ダ,1500.0,稍,99.8,0.1,7-4-4,42.5,420.0,-5.0,フェリアフローレス,15.2
2022106348,ムンディ,2025/10/28,名古屋,晴,8.0,C24組,12,8.0,11,49.6,8.0,5,小笠原羚,51.0,ダ,1500.0,稍,99.3,1.1,7-7-4,41.1,425.0,2.0,スムースオペレター,5.5
2022106348,ムンディ,2025/10/14,名古屋,小雨,8.0,C24組,12,7.0,10,28.9,8.0,5,小笠原羚,51.0,ダ,1400.0,良,92.7,0.6,7-7-5,39.4,423.0,-14.0,テーオーニルソン,5.5
2022106348,ムンディ,2025/10/02,名古屋,晴,3.0,りょう・かなこ結婚記(3歳),11,1.0,1,33.8,6.0,11,大畑雅章,55.0,ダ,1500.0,良,101.5,3.7,4-8-9,43.0,437.0,23.0,ロコモーション,
2022106348,ムンディ,2025/09/06,4中山1,晴,4.0,3歳未勝利,15,8.0,15,307.2,15.0,12,土田真翔,52.0,ダ,1800.0,重,118.0,3.3,13-13-13-13,41.9,414.0,4.0,コンパクトファイト,
2022106348,ムンディ,2025/08/16,2新潟7,晴,3.0,3歳未勝利,14,6.0,9,553.7,14.0,11,土田真翔,52.0,ダ,1800.0,稍,117.6,2.2,11-10-12-11,40.5,410.0,-6.0,キタノマーシャル,
2022106348,ムンディ,2025/08/10,2新潟6,雨,4.0,3歳未勝利,14,4.0,6,231.5,13.0,11,土田真翔,52.0,ダ,1800.0,稍,118.1,2.9,7-6-7-8,41.1,416.0,0.0,マインドミー,
2022106348,ムンディ,2025/04/24,浦和,曇,9.0,ツインメイト特別(3歳),12,5.0,5,14.1,8.0,5,舟山瑠泉,51.0,ダ,1400.0,良,91.1,0.8,11-10-8-6,39.7,416.0,-14.0,グーフドリファール,30.0
2022106348,ムンディ,2025/02/02,1東京2,小雨,5.0,3歳新馬,15,4.0,6,155.3,13.0,8,杉原誠人,55.0,芝,1800.0,良,112.1,1.6,11-11-9,34.4,430.0,0.0,ダノンセンチュリー,
2019105371,ローゼシュティア,2026/07/07,川崎,曇,2.0,C3三四,12,4.0,4,139.7,12.0,12.0,中越琉世,54.0,ダ,1400.0,重,96.8,2.4,11-11-11-11,42.2,472.0,10.0,コンペティティブ,
2019105371,ローゼシュティア,2026/06/17,川崎,晴,1.0,C3一二,12,4.0,4,140.6,12.0,9.0,増田充宏,54.0,ダ,1400.0,稍,95.2,2.3,10-10-10-8,42.9,462.0,-5.0,リコースチェッキン,
2019105371,ローゼシュティア,2026/05/27,浦和,曇,3.0,C3五六,12,7.0,10,108.8,12.0,8.0,本田紀忠,54.0,ダ,1500.0,良,101.1,1.3,8-9-6-8,42.0,467.0,2.0,ワールドバトル,
2019105371,ローゼシュティア,2026/05/13,川崎,晴,12.0,2026川崎ジョッキ(C3),14,8.0,13,101.1,13.0,14.0,新原周馬,54.0,ダ,1400.0,良,95.3,2.3,1-1-1-1,44.2,465.0,-9.0,リコースチェッキン,
2019105371,ローゼシュティア,2026/04/09,川崎,晴,3.0,C3三四,12,2.0,2,176.1,12.0,8.0,本田紀忠,54.0,ダ,1400.0,稍,95.4,1.6,10-11-11-11,39.9,474.0,-5.0,リコースチェッキン,
2019105371,ローゼシュティア,2026/03/18,浦和,曇,2.0,ランチタイムチャレン(C3),11,5.0,5,205.1,11.0,8.0,藤江渉,54.0,ダ,1400.0,稍,93.4,1.8,11-11-7-6,40.0,479.0,-2.0,ジェノバフレイバー,
2019105371,ローゼシュティア,2026/03/04,川崎,曇,1.0,C3三,12,8.0,11,26.8,8.0,12.0,加藤雄真,51.0,ダ,1400.0,不,95.3,2.8,7-6-8-12,43.3,481.0,0.0,メガミリオン,
2019105371,ローゼシュティア,2026/02/26,浦和,曇,4.0,C3三四,12,3.0,3,51.6,10.0,8.0,藤江渉,54.0,ダ,1400.0,不,92.5,2.0,7-7-10-9,40.1,481.0,4.0,リッキオ,
2019105371,ローゼシュティア,2026/02/05,川崎,晴,4.0,C3三四,10,5.0,5,25.0,8.0,10.0,櫻井光輔,54.0,ダ,1400.0,良,94.9,2.3,6-6-7-7,41.3,477.0,1.0,キタノチャンス,
2019105371,ローゼシュティア,2026/01/03,川崎,晴,4.0,毘沙門天賞(C3),14,3.0,3,8.8,5.0,4.0,櫻井光輔,54.0,ダ,1400.0,重,94.9,0.2,5-5-6-4,41.4,476.0,-1.0,シェナチチカカ,12.0
2019105371,ローゼシュティア,2025/12/17,川崎,晴,12.0,2025川崎ジョッキ(C2),13,6.0,10,36.1,6.0,10.0,佐野遥久,53.0,ダ,1600.0,稍,109.2,1.9,7-7-10-9,42.4,477.0,1.0,テンダリー,
2019105371,ローゼシュティア,2025/11/21,川崎,晴,7.0,C2九,12,2.0,2,84.7,11.0,3.0,藤江渉,54.0,ダ,1400.0,良,92.8,1.2,6-6-6-5,40.2,476.0,-1.0,マルモリアクティブ,25.0
2019105371,ローゼシュティア,2025/10/16,川崎,曇,8.0,YJSトライアルラウ(C2),14,7.0,11,33.0,11.0,10.0,所蛍,54.0,ダ,1600.0,重,109.4,1.6,12-12-13-13,41.7,477.0,1.0,メイワノワ,
2019105371,ローゼシュティア,2025/09/26,浦和,晴,6.0,C2八,12,7.0,10,90.5,10.0,6.0,櫻井光輔,54.0,ダ,1400.0,良,91.3,0.9,7-7-7-8,39.7,476.0,1.0,ティンドラ,
2019105371,ローゼシュティア,2025/09/11,川崎,雨,12.0,グリーンチャンネル開(C2),0,5.0,7,,,,岡村裕基,54.0,ダ,1500.0,不,,,,,,,,
2019105371,ローゼシュティア,2025/08/25,川崎,晴,12.0,川崎青年会議所シニア(C2),9,2.0,2,32.9,9.0,9.0,神尾香澄,51.0,ダ,1400.0,良,94.6,1.9,8-8-8-8,41.6,475.0,5.0,フェデフルール,
2019105371,ローゼシュティア,2025/08/05,川崎,晴,6.0,ペパーミント賞(C3),10,2.0,2,21.3,7.0,4.0,神尾香澄,51.0,ダ,1500.0,良,99.1,0.7,7-6-8-6,40.8,470.0,8.0,メイワノワ,18.0
2019105371,ローゼシュティア,2025/07/09,川崎,晴,3.0,コリアンダー賞(C3),11,7.0,9,10.4,5.0,9.0,神尾香澄,51.0,ダ,1500.0,良,101.0,2.2,9-9-10-9,41.6,462.0,-1.0,タマモコンペイトウ,
2019105371,ローゼシュティア,2025/06/20,川崎,晴,12.0,ファイナルアンサー賞(C2),13,2.0,2,24.6,8.0,3.0,池谷匠翔,54.0,ダ,1500.0,良,98.5,0.5,4-3-5-5,42.0,463.0,3.0,ドゥフレーシュ,25.0
2019105371,ローゼシュティア,2025/05/28,浦和,晴,6.0,C2七八,11,4.0,4,207.3,11.0,8.0,本田紀忠,54.0,ダ,1500.0,良,98.1,2.6,11-9-9-9,39.2,460.0,-9.0,ハナチルサト,
2019105371,ローゼシュティア,2025/05/15,川崎,晴,5.0,石楠花賞(C2),14,7.0,12,363.0,14.0,11.0,本田紀忠,54.0,ダ,1500.0,稍,100.8,2.1,12-12-10-9,43.0,469.0,-10.0,ペータース,
2019105371,ローゼシュティア,2025/04/21,浦和,晴,9.0,春日傘特別(C2),12,6.0,8,61.3,10.0,8.0,中山遥人,51.0,ダ,2000.0,良,134.5,2.4,11-8-5-5,42.0,479.0,-7.0,カネトシシュキン,
2019105371,ローゼシュティア,2025/04/03,船橋,雨,6.0,馬い!八丈西浜完熟レ(C2),12,5.0,5,235.0,12.0,12.0,高橋哲也,54.0,ダ,1500.0,不,101.2,2.6,8-8-9-11,41.9,486.0,-1.0,ウインブリエ,
2019105371,ローゼシュティア,2025/03/20,浦和,晴,5.0,C2七八九(C2八),12,2.0,2,85.0,9.0,8.0,高橋哲也,54.0,ダ,1400.0,重,90.7,1.9,9-10-10-11,40.3,487.0,-2.0,キタノファルコン,
2019105371,ローゼシュティア,2025/02/26,浦和,晴,7.0,C2七八,12,7.0,9,136.8,8.0,9.0,七夕裕次,54.0,ダ,1400.0,良,92.8,2.4,12-11-9-11,41.1,489.0,6.0,ベストリターナー,
2019105371,ローゼシュティア,2025/01/10,浦和,晴,7.0,ここが好き、やっぱり(C2),11,2.0,2,32.9,6.0,6.0,保園翔也,54.0,ダ,1500.0,稍,98.9,2.0,9-10-9-7,39.4,483.0,0.0,デルマプルシャ,
2019105371,ローゼシュティア,2024/12/26,浦和,晴,9.0,カトレア特別(C2),11,6.0,6,49.6,6.0,5.0,町田直希,54.0,ダ,1500.0,良,98.8,0.5,10-10-4-4,39.4,483.0,21.0,クレウーサ,15.0
2019105371,ローゼシュティア,2024/11/20,浦和,曇,8.0,埼玉県養鶏協会長賞特(C2),11,2.0,2,65.0,6.0,4.0,保園翔也,54.0,ダ,1400.0,良,90.5,1.5,7-5-5-5,39.6,462.0,-18.0,アムレート,22.5
2019105371,ローゼシュティア,2024/08/21,浦和,曇,12.0,夕涼み特別(C2),10,4.0,4,52.3,8.0,9.0,西啓太,54.0,ダ,2000.0,稍,136.1,2.6,10-10-9-9,41.5,480.0,7.0,グローリアスメイ,
2019105371,ローゼシュティア,2024/07/12,浦和,雨,12.0,ハイビスカス特別(C1C2),12,5.0,6,38.7,9.0,9.0,木間塚龍,52.0,ダ,2000.0,重,133.5,1.7,7-7-7-9,39.8,473.0,2.0,エスジーリカチャン,
2019105371,ローゼシュティア,2024/06/19,浦和,晴,9.0,お得なポイント!SP(C1C2),9,3.0,3,9.4,5.0,8.0,達城龍次,55.0,ダ,2000.0,重,137.7,3.4,7-8-8-8,43.3,471.0,7.0,エスジーリカチャン,
2019105371,ローゼシュティア,2024/05/24,浦和,晴,12.0,薄暑特別(C2),11,5.0,5,4.9,3.0,2.0,達城龍次,54.0,ダ,2000.0,稍,135.7,2.1,11-11-7-3,41.1,464.0,1.0,メイショウクラーク,60.0
2019105371,ローゼシュティア,2024/04/19,浦和,晴,12.0,オオムラサキツツジ特(C2),12,6.0,8,84.9,12.0,4.0,新原周馬,54.0,ダ,2000.0,良,135.6,0.8,8-7-5-4,39.6,463.0,-2.0,コスモパンドラ,22.5
2019105371,ローゼシュティア,2024/03/25,浦和,曇,8.0,幸手桜トンネル賞(C2),12,4.0,4,152.5,8.0,8.0,西啓太,54.0,ダ,1400.0,稍,91.9,1.7,11-11-11-11,39.3,465.0,-1.0,アルファゼウス,
2019105371,ローゼシュティア,2024/02/19,浦和,曇,8.0,C2三四,12,6.0,8,29.6,9.0,12.0,中島良美,50.0,ダ,1500.0,良,101.2,3.6,11-10-11-12,41.9,466.0,-1.0,ベルタント,
2019105371,ローゼシュティア,2024/02/05,船橋,雪,8.0,久留里賞(C2),0,8.0,14,,,,中島良美,50.0,ダ,1600.0,稍,,,,,,,,
2019105371,ローゼシュティア,2024/01/12,浦和,晴,8.0,かわじま町の天領米賞(C2),10,6.0,6,47.4,8.0,7.0,達城龍次,54.0,ダ,1400.0,良,93.0,1.5,10-10-8-8,40.0,467.0,-8.0,バードハズフロウン,
2019105371,ローゼシュティア,2023/12/25,浦和,晴,10.0,晩冬特別(C1),11,4.0,4,50.7,7.0,11.0,達城龍次,54.0,ダ,1500.0,良,100.8,2.0,9-8-10-10,41.5,475.0,9.0,ジョーイルムシュ,
2019105371,ローゼシュティア,2023/10/19,浦和,晴,8.0,名水百選「風布川・日(C1),8,8.0,8,133.1,7.0,2.0,小林勝太,51.0,ダ,1500.0,良,97.3,1.0,6-5-5-4,38.7,466.0,-3.0,ネフィリム,48.0
2019105371,ローゼシュティア,2023/09/20,浦和,雨,12.0,秋晴特別(B3C1),12,6.0,8,141.7,11.0,12.0,及川烈,51.0,ダ,2000.0,不,134.4,3.1,6-6-9-11,41.2,469.0,5.0,ブルースウェード,
2019105371,ローゼシュティア,2023/07/17,浦和,晴,8.0,C1五,10,7.0,8,99.3,8.0,10.0,篠谷葵,54.0,ダ,1500.0,良,99.3,2.9,7-7-8-10,41.4,464.0,-2.0,ノブヘンドリックス,
2019105371,ローゼシュティア,2023/06/27,浦和,曇,10.0,霞草特別(C1),12,8.0,12,113.5,9.0,10.0,保園翔也,54.0,ダ,1500.0,良,98.4,2.3,11-9-9-9,39.8,466.0,16.0,パールアゲイン,
2019105371,ローゼシュティア,2023/05/24,大井,晴,9.0,C1二三四(C1三),16,7.0,14,285.9,14.0,13.0,仲原大生,53.0,ダ,1200.0,重,74.5,2.0,15-13,37.8,450.0,-14.0,スリーコーズクライ,
2019105371,ローゼシュティア,2023/05/10,大井,晴,8.0,ドッグス・ノーズ賞(C1三),14,5.0,7,217.0,14.0,12.0,仲原大生,53.0,ダ,1400.0,稍,89.5,3.1,7-7-8,39.9,464.0,-4.0,エスプリアラジン,
2019105371,ローゼシュティア,2023/04/20,大井,晴,7.0,C1二三四(C1三),10,7.0,8,14.2,6.0,10.0,笹川翼,54.0,ダ,1600.0,良,104.5,2.7,9-9-8-7,40.0,468.0,0.0,ラムリケティ,
2019105371,ローゼシュティア,2022/12/31,笠松,曇,5.0,さな夢賞ことり大神祭(B),10,1.0,1,2.7,1.0,2.0,丸野勝虎,54.0,ダ,1600.0,良,106.3,0.6,4-4-3,39.4,468.0,-5.0,ヴァンデスト,10.5
2019105371,ローゼシュティア,2022/12/23,名古屋,晴,10.0,B5組,12,8.0,12,2.3,1.0,3.0,丸野勝虎,54.0,ダ,1500.0,良,98.4,0.2,7-4-3,40.5,473.0,3.0,ポルティエーレ,8.0
2019105371,ローゼシュティア,2022/12/08,名古屋,晴,11.0,さといも賞(B),12,5.0,5,1.8,1.0,3.0,丸野勝虎,54.0,ダ,1500.0,良,97.4,0.3,6-3-1,39.4,470.0,-3.0,エディッタ,8.0
2019105371,ローゼシュティア,2022/11/22,名古屋,晴,10.0,ピーコック特別(B),12,1.0,1,6.8,3.0,3.0,丸野勝虎,54.0,ダ,1700.0,重,113.5,0.5,5-4-2,38.7,473.0,1.0,トーホウテンリュウ,10.0
2019105371,ローゼシュティア,2022/11/11,名古屋,晴,3.0,渚8歳誕生日おめでと(C),11,8.0,11,1.3,1.0,1.0,丸野勝虎,54.0,ダ,1500.0,良,97.5,-0.2,3-3-1,40.6,472.0,14.0,(オーロロッソ),35.0
2019105371,ローゼシュティア,2022/08/21,3新潟4,晴,6.0,3歳未勝利,18,6.0,12,4.6,3.0,13.0,三浦皇成,54.0,芝,2000.0,稍,122.7,1.8,5-5-7-5,36.6,458.0,8.0,フォーグッド,
2019105371,ローゼシュティア,2022/07/23,2福島7,晴,7.0,3歳未勝利,16,1.0,2,2.6,1.0,7.0,戸崎圭太,54.0,芝,1800.0,稍,111.8,1.2,15-14-8-8,37.0,450.0,2.0,オメガオリーブ,
2019105371,ローゼシュティア,2022/04/30,1福島5,晴,7.0,3歳未勝利,15,3.0,4,3.5,2.0,2.0,菊沢一樹,54.0,芝,2000.0,稍,124.3,0.1,6-6-4-3,36.1,448.0,-10.0,エコルフリューゲル,210.0
2019105371,ローゼシュティア,2022/01/10,1中山4,曇,5.0,3歳未勝利,17,5.0,9,4.0,2.0,5.0,三浦皇成,54.0,芝,2000.0,良,124.5,0.4,6-8-7-7,36.9,458.0,10.0,スリーエクスプレス,52.0
2019105371,ローゼシュティア,2021/12/19,5中山6,晴,3.0,2歳未勝利,16,7.0,14,7.1,3.0,3.0,三浦皇成,54.0,芝,1800.0,良,109.4,0.1,9-9-7-7,35.0,448.0,-2.0,ブルトンクール,130.0
2019105371,ローゼシュティア,2021/10/10,5新潟2,晴,5.0,2歳新馬,18,3.0,5,3.9,2.0,4.0,菊沢一樹,54.0,芝,1600.0,良,97.0,0.8,8-8,33.5,450.0,0.0,グランデレジーナ,110.0
2021105641,ハイウィルヘーズ,2026/07/07,川崎,曇,2.0,C3三四,12,6.0,7,13.1,4.0,11,岡村裕基,54.0,ダ,1400.0,重,96.6,2.2,6-5-6-7,42.9,442.0,1.0,コンペティティブ,
2021105641,ハイウィルヘーズ,2026/06/15,川崎,曇,5.0,C3三,12,2.0,2,29.3,8.0,3,櫻井光輔,54.0,ダ,1400.0,重,94.7,1.3,4-4-4-2,42.3,441.0,6.0,キーファイン,20.0
2021105641,ハイウィルヘーズ,2026/06/01,船橋,晴,4.0,C3四,10,5.0,5,53.6,7.0,3,本田紀忠,54.0,ダ,1200.0,良,78.2,1.4,5-5-5,39.6,435.0,-6.0,デルマオペラ,20.0
2021105641,ハイウィルヘーズ,2026/05/13,川崎,晴,12.0,2026川崎ジョッキ(C3),14,8.0,14,58.0,9.0,10,加藤雄真,51.0,ダ,1400.0,良,94.2,1.2,1-3-3-4,42.3,441.0,6.0,リコースチェッキン,
2021105641,ハイウィルヘーズ,2026/04/07,川崎,雨,1.0,C3五六,12,7.0,10,20.7,7.0,4,本田紀忠,54.0,ダ,1400.0,重,95.7,1.4,2-2-2-3,41.6,435.0,-8.0,ナリノドリーム,12.0
2021105641,ハイウィルヘーズ,2026/03/04,川崎,曇,1.0,C3三,12,8.0,12,40.7,9.0,11,張田昂,54.0,ダ,1400.0,不,95.2,2.7,6-7-6-8,43.2,443.0,5.0,メガミリオン,
2021105641,ハイウィルヘーズ,2026/02/04,川崎,晴,1.0,C3五六,10,4.0,4,13.6,5.0,5,張田昂,54.0,ダ,1400.0,良,95.1,2.2,4-3-4-5,42.5,438.0,15.0,キャラメルスライム,8.0
2021105641,ハイウィルヘーズ,2026/01/03,川崎,晴,4.0,毘沙門天賞(C3),14,1.0,1,6.1,3.0,6,矢野貴之,54.0,ダ,1400.0,重,95.1,0.4,8-7-9-6,41.2,423.0,-14.0,シェナチチカカ,
2021105641,ハイウィルヘーズ,2025/12/16,川崎,晴,5.0,C3三,12,1.0,1,2.4,1.0,4,矢野貴之,54.0,ダ,1400.0,重,95.8,0.6,8-7-9-5,41.4,437.0,-10.0,ブルートルマリン,12.0
2021105641,ハイウィルヘーズ,2025/10/20,大井,曇,1.0,東京メトロポリタンウ(C3),14,3.0,4,13.1,5.0,8,鷹見陸,53.0,ダ,1600.0,稍,105.8,0.8,1-1-1-1,41.5,447.0,1.0,スコッチキルト,
2021105641,ハイウィルヘーズ,2025/10/06,大井,曇,1.0,C3三四五(C3四),12,4.0,4,82.3,11.0,4,鷹見陸,53.0,ダ,1600.0,良,106.5,0.7,1-1-1-1,41.2,446.0,8.0,ノアサンサン,12.0
2021105641,ハイウィルヘーズ,2025/09/01,大井,晴,1.0,C3五六,12,5.0,5,77.7,9.0,10,鷹見陸,53.0,ダ,1600.0,良,107.6,3.0,3-3-3-4,43.6,438.0,2.0,テンシノトリブン,
2021105641,ハイウィルヘーズ,2025/07/14,大井,曇,1.0,C3八,13,4.0,4,25.7,7.0,11,鷹見陸,53.0,ダ,1200.0,稍,77.7,3.7,5-5,40.8,436.0,-2.0,ヘニーアイリス,
2021105641,ハイウィルヘーズ,2025/07/02,大井,曇,2.0,C3三四,14,4.0,6,41.1,6.0,11,鷹見陸,53.0,ダ,1200.0,良,77.4,2.4,8-8,40.4,438.0,15.0,ノリサムソン,
2021105641,ハイウィルヘーズ,2024/08/13,大井,晴,4.0,3歳九十,14,4.0,5,5.0,3.0,11,本田正重,54.0,ダ,1200.0,良,77.8,2.6,7-6,40.9,423.0,-15.0,ツーエムピシュー,
2021105641,ハイウィルヘーズ,2024/06/26,大井,晴,1.0,3歳九十,12,7.0,9,2.0,1.0,12,吉原寛人,54.0,ダ,1600.0,稍,114.1,6.9,2-2-5-10,49.3,438.0,26.0,ワイルドブーケ,
2021105641,ハイウィルヘーズ,2023/12/26,大井,晴,1.0,クライマックスリレー(2歳),12,7.0,9,4.9,3.0,2,本田正重,54.0,ダ,1400.0,良,92.3,0.4,1-1-1,41.0,412.0,-12.0,ゲールタクト,120.0
2021105641,ハイウィルヘーズ,2023/09/22,大井,曇,5.0,2歳新馬(新馬),11,6.0,7,6.2,3.0,4,本田正重,54.0,ダ,1200.0,稍,76.5,2.2,5-5,40.0,424.0,0.0,マウナロア,60.0
2019101946,シェナチチカカ,2026/07/07,川崎,曇,1.0,C3三四,12,4.0,4,22.2,4.0,11,岡村裕基,54.0,ダ,1400.0,重,96.7,4.0,5-4-4-7,44.0,413.0,3.0,キタノチャンス,
2019101946,シェナチチカカ,2026/06/25,浦和,雨,1.0,特選(C3),9,7.0,7,18.1,6.0,2,岡村裕基,54.0,ダ,1500.0,重,97.0,0.1,2-1-1-1,39.8,410.0,-4.0,キョウエイセレッソ,36.0
2019101946,シェナチチカカ,2026/06/17,川崎,晴,1.0,C3一二,12,8.0,11,66.1,8.0,10,岡村裕基,54.0,ダ,1400.0,稍,95.5,2.6,2-2-2-5,44.1,414.0,6.0,リコースチェッキン,
2019101946,シェナチチカカ,2026/05/27,浦和,曇,3.0,C3五六,12,7.0,9,34.8,8.0,2,岡村裕基,54.0,ダ,1500.0,良,99.9,0.1,3-3-2-2,41.4,408.0,0.0,ワールドバトル,32.0
2019101946,シェナチチカカ,2026/05/13,川崎,晴,12.0,2026川崎ジョッキ(C3),14,1.0,1,65.3,10.0,7,池谷匠翔,54.0,ダ,1400.0,良,94.0,1.0,5-5-6-5,41.7,408.0,10.0,リコースチェッキン,
2019101946,シェナチチカカ,2026/04/09,川崎,晴,3.0,C3三四,12,6.0,7,38.8,8.0,11,岡村裕基,54.0,ダ,1400.0,稍,96.0,2.2,5-5-6-9,41.7,398.0,1.0,リコースチェッキン,
2019101946,シェナチチカカ,2026/03/04,川崎,曇,1.0,C3三,12,5.0,6,12.6,5.0,10,岡村裕基,54.0,ダ,1400.0,不,95.1,2.6,3-3-3-6,43.6,397.0,8.0,メガミリオン,
2019101946,シェナチチカカ,2026/02/04,川崎,晴,2.0,C3五六,9,7.0,7,11.2,4.0,5,岡村裕基,54.0,ダ,1400.0,良,94.1,0.1,1-1-1-1,41.1,389.0,-1.0,トミサンペガサス,8.0
2019101946,シェナチチカカ,2026/01/03,川崎,晴,4.0,毘沙門天賞(C3),14,8.0,13,39.7,10.0,1,藤江渉,54.0,ダ,1400.0,重,94.7,0.0,2-2-2-2,41.6,390.0,-1.0,(ガルヴァニック),80.0
2019101946,シェナチチカカ,2025/12/17,川崎,晴,2.0,C3一二,8,5.0,5,55.5,7.0,4,藤江渉,54.0,ダ,1400.0,稍,94.6,0.7,1-1-1-1,41.8,391.0,3.0,ザムト,12.0
2019101946,シェナチチカカ,2025/11/20,川崎,晴,4.0,C3一二,11,7.0,10,71.2,7.0,6,岡村裕基,54.0,ダ,1400.0,良,95.3,2.5,4-4-4-8,42.3,388.0,3.0,スマイルフェリス,
2019101946,シェナチチカカ,2025/10/29,浦和,晴,8.0,オパール特別(C3),11,1.0,1,267.8,11.0,6,岡村裕基,54.0,ダ,1400.0,稍,92.3,1.5,6-6-6-7,39.9,385.0,-4.0,ダンシングエリカ,
2019101946,シェナチチカカ,2025/10/17,川崎,晴,7.0,C3一二三(C3二),12,7.0,9,65.4,10.0,12,岡村裕基,54.0,ダ,1400.0,稍,97.0,4.1,8-9-9-12,43.3,389.0,-4.0,クインズカヤノヒメ,
2019101946,シェナチチカカ,2025/07/09,川崎,晴,2.0,ターメリック賞(C3),11,5.0,5,,,取,神尾香澄,51.0,ダ,1400.0,良,,,,,,,ベリーク,
2019101946,シェナチチカカ,2025/06/20,川崎,晴,8.0,C2六七八(C2七),10,7.0,7,25.4,7.0,10,山林堂信,54.0,ダ,1400.0,良,94.4,2.1,5-6-9-10,42.1,393.0,2.0,ウインプリームス,
2019101946,シェナチチカカ,2025/05/16,川崎,晴,5.0,バニラ賞(C3),12,1.0,1,6.3,3.0,3,山林堂信,54.0,ダ,1400.0,稍,93.6,1.6,4-4-4-3,41.1,391.0,7.0,グローリアスゾスマ,30.0
2019101946,シェナチチカカ,2025/04/11,川崎,曇,5.0,シナモン賞(C3),12,5.0,5,36.7,8.0,5,山林堂信,54.0,ダ,1400.0,稍,94.9,1.3,7-8-11-8,40.8,384.0,0.0,オースター,12.0
2019101946,シェナチチカカ,2025/03/21,浦和,晴,1.0,特選(C3),12,6.0,7,38.3,8.0,7,山林堂信,54.0,ダ,1400.0,重,91.6,2.9,8-8-8-10,40.7,384.0,-3.0,アラビアンレイン,
2019101946,シェナチチカカ,2025/03/05,川崎,雨,2.0,C3三四五(C3四),7,5.0,5,4.7,4.0,1,山林堂信,54.0,ダ,1400.0,不,94.0,-0.9,1-1-1-1,40.0,387.0,2.0,(トミサンペガサス),80.0
2019101946,シェナチチカカ,2025/02/07,川崎,晴,2.0,C3三四,10,7.0,8,18.5,5.0,3,山林堂信,54.0,ダ,1400.0,良,93.1,0.0,2-2-2-2,40.3,385.0,-5.0,ゴールデンナイト,20.0
2019101946,シェナチチカカ,2025/01/02,川崎,晴,2.0,めんこ賞(C3),13,4.0,5,15.4,5.0,10,山林堂信,54.0,ダ,1400.0,良,95.8,1.1,5-5-6-5,41.7,390.0,4.0,フェデフルール,
2019101946,シェナチチカカ,2024/12/12,川崎,晴,5.0,C2六七八(C2七),12,6.0,8,36.3,6.0,6,神尾香澄,51.0,ダ,1400.0,良,94.1,1.0,9-9-9-6,40.8,386.0,2.0,キッドストン,
2019101946,シェナチチカカ,2024/11/14,川崎,曇,6.0,C2六七八(C2七),12,5.0,6,18.9,6.0,5,神尾香澄,51.0,ダ,1400.0,良,93.5,0.6,1-4-4-4,40.7,384.0,-3.0,タツノキセキ,10.0
2019101946,シェナチチカカ,2024/10/23,浦和,曇,6.0,白岡美人スイーツの甘(C2),12,5.0,5,116.9,9.0,5,山林堂信,54.0,ダ,1400.0,良,91.8,0.7,7-7-9-8,39.3,387.0,-2.0,ラッキーアメリカン,10.0
2019101946,シェナチチカカ,2024/10/09,川崎,曇,12.0,稲村ヶ崎賞(C2十),12,6.0,7,19.2,8.0,5,山林堂信,54.0,ダ,1400.0,不,95.0,0.8,2-2-2-2,42.4,389.0,5.0,シューカンパネラ,10.0
2019101946,シェナチチカカ,2024/09/20,浦和,晴,8.0,コウノトリの住めるま(C2),12,8.0,11,7.0,5.0,5,山林堂信,54.0,ダ,1400.0,良,92.4,1.0,2-2-2-2,40.5,384.0,-5.0,サノノタルマエ,10.0
2019101946,シェナチチカカ,2024/09/05,川崎,晴,5.0,チャービル賞(C3),10,7.0,10,11.1,4.0,2,山林堂信,54.0,ダ,1400.0,稍,94.4,0.4,3-3-3-3,41.2,389.0,5.0,オーサムワールド,48.0
2019101946,シェナチチカカ,2024/08/09,川崎,晴,6.0,クミン賞(C3),12,4.0,4,24.2,6.0,4,山林堂信,54.0,ダ,1400.0,良,93.9,0.7,4-4-4-3,41.6,384.0,-1.0,エアシャロウ,18.0
2019101946,シェナチチカカ,2024/07/25,川崎,晴,4.0,バジル賞(C3),11,7.0,8,84.9,10.0,5,山林堂信,54.0,ダ,1400.0,良,93.8,0.6,5-5-9-8,40.5,385.0,-2.0,ハーモニーシャイン,12.0
2019101946,シェナチチカカ,2024/07/05,川崎,晴,9.0,ターメリック賞(C3),12,5.0,5,38.3,9.0,8,山林堂信,54.0,ダ,1400.0,良,94.0,1.4,6-7-8-11,41.0,387.0,5.0,プレストヴィーナス,
2019101946,シェナチチカカ,2024/06/13,川崎,曇,2.0,ローズマリー賞(C3),10,8.0,10,205.4,10.0,2,山林堂信,54.0,ダ,1400.0,稍,92.7,0.7,3-3-3-3,40.9,382.0,1.0,サンハンツビル,48.0
2019101946,シェナチチカカ,2024/05/31,船橋,曇,2.0,C3一特選,12,2.0,2,228.0,12.0,11,山林堂信,54.0,ダ,1200.0,不,79.7,3.3,5-5-6,42.4,381.0,-6.0,ディマリア,
2019101946,シェナチチカカ,2024/05/10,川崎,晴,2.0,バニラ賞(C3),12,8.0,11,43.1,10.0,11,山林堂信,54.0,ダ,1400.0,稍,94.7,4.2,6-10-12-11,41.8,387.0,4.0,フェアメーゲン,
2019101946,シェナチチカカ,2024/04/03,川崎,曇,12.0,2024川崎ジョッキ(C3),14,4.0,6,8.4,4.0,5,伊藤裕人,54.0,ダ,1400.0,重,95.5,1.0,5-5-4-3,42.6,383.0,3.0,バジガクシャーンス,9.0
2019101946,シェナチチカカ,2024/03/15,川崎,晴,7.0,スターアニス賞(C3),12,5.0,6,41.6,10.0,4,藤江渉,54.0,ダ,1500.0,稍,101.0,1.5,4-4-4-3,42.5,380.0,0.0,ジョーカイ,18.0
2019101946,シェナチチカカ,2024/02/02,川崎,曇,5.0,チャイブ賞(C3),12,4.0,4,85.2,8.0,6,藤江渉,54.0,ダ,1400.0,良,94.9,2.4,6-4-4-2,41.4,380.0,-3.0,ティーストーク,
2019101946,シェナチチカカ,2024/01/05,川崎,晴,5.0,ルッコラ賞(C3),10,7.0,8,,,取,藤江渉,54.0,ダ,1400.0,良,,,,,,,テマリ,
2019101946,シェナチチカカ,2023/12/14,川崎,晴,4.0,C2六七,12,8.0,11,309.4,12.0,2,藤江渉,50.0,ダ,1400.0,稍,95.5,0.4,4-4-3-3,42.7,383.0,-4.0,イッツショータイム,40.0
2019101946,シェナチチカカ,2023/11/23,浦和,晴,2.0,ランチタイムチャレン(C2七),12,6.0,7,111.9,12.0,8,神尾香澄,50.0,ダ,1400.0,良,93.2,1.6,8-8-7-8,41.5,387.0,5.0,スイートナイト,
2019101946,シェナチチカカ,2023/11/09,川崎,晴,5.0,C2六七八(C2七),12,7.0,9,422.3,11.0,11,神尾香澄,50.0,ダ,1400.0,良,94.2,0.9,7-7-6-7,41.4,382.0,-2.0,ティーストーク,
2019101946,シェナチチカカ,2023/10/26,船橋,晴,7.0,11月12日芝山はに(C2),8,6.0,6,75.8,8.0,6,神尾香澄,50.0,ダ,1200.0,良,76.6,1.0,4-6-6,38.6,384.0,-1.0,セキテイジュウオー,
2019101946,シェナチチカカ,2023/10/13,川崎,晴,8.0,C2七八,12,7.0,10,352.8,12.0,9,藤江渉,54.0,ダ,1400.0,良,94.6,3.1,4-5-7-7,42.4,385.0,-5.0,ブラックロータス,
2019101946,シェナチチカカ,2023/09/13,川崎,晴,3.0,C2三四五(C2四),11,6.0,7,60.2,9.0,9,神尾香澄,50.0,ダ,1400.0,良,95.1,2.3,3-4-6-7,42.1,390.0,4.0,ニューディヴァイド,
2019101946,シェナチチカカ,2023/08/23,川崎,晴,5.0,C2三四五(C2四),12,8.0,12,144.6,11.0,8,藤江渉,54.0,ダ,1400.0,良,94.3,2.7,7-7-8-10,42.4,386.0,-1.0,オーロファースト,
2019101946,シェナチチカカ,2023/07/28,川崎,晴,7.0,バジル賞(C3),12,2.0,2,30.4,9.0,4,藤江渉,54.0,ダ,1400.0,良,93.3,0.5,2-3-5-4,40.2,387.0,7.0,プレストヴィーナス,18.0
2019101946,シェナチチカカ,2023/07/07,川崎,晴,7.0,ターメリック賞(C3),11,3.0,3,43.9,8.0,5,藤江渉,54.0,ダ,1400.0,良,93.5,1.6,4-4-6-4,41.8,380.0,-5.0,アレグリアシチー,12.0
2019101946,シェナチチカカ,2023/06/13,川崎,晴,8.0,アッヴェラルシ賞(C2二),12,7.0,10,321.8,11.0,12,岡村裕基,50.0,ダ,1400.0,重,96.9,3.7,3-5-5-12,44.6,385.0,2.0,ウインモリオン,
2019101946,シェナチチカカ,2023/05/16,川崎,晴,5.0,C2四五六(C2五),12,5.0,5,296.8,11.0,9,岡村裕基,54.0,ダ,1400.0,重,95.0,2.2,7-8-7-7,43.2,383.0,3.0,パーティーモード,
2019101946,シェナチチカカ,2023/05/02,船橋,晴,4.0,C2四五,12,2.0,2,194.0,12.0,9,岡村裕基,54.0,ダ,1200.0,良,78.0,1.7,3-5-6,40.8,380.0,-1.0,ウェイクール,
2019101946,シェナチチカカ,2023/04/04,川崎,曇,6.0,エクレア賞(C2),12,4.0,4,269.0,11.0,10,神尾香澄,50.0,ダ,1400.0,良,96.3,4.2,7-7-12-12,43.2,381.0,1.0,ベレン,
2019101946,シェナチチカカ,2023/03/15,船橋,晴,5.0,C2四五,12,6.0,7,517.0,12.0,12,岡村裕基,54.0,ダ,1200.0,良,80.4,2.7,5-8-11,41.8,380.0,-2.0,ディスタイム,
2019101946,シェナチチカカ,2023/02/28,川崎,晴,6.0,C2四五六(C2五),12,5.0,5,167.1,11.0,6,岡村裕基,54.0,ダ,1400.0,良,96.9,3.4,7-8-8-8,43.7,382.0,2.0,シンキングスカイ,
2019101946,シェナチチカカ,2023/02/01,川崎,晴,6.0,C2四五六(C2五),12,7.0,10,352.2,12.0,中,神尾香澄,50.0,ダ,1400.0,良,,,,,380.0,-1.0,フォールロワ,
2019101946,シェナチチカカ,2023/01/18,船橋,晴,8.0,馬い!淡路の玉ねぎ発(C2),12,5.0,5,151.6,11.0,8,神尾香澄,50.0,ダ,1500.0,良,103.5,3.7,4-4-5-7,44.9,381.0,-5.0,グレイグレイル,
2019101946,シェナチチカカ,2023/01/03,川崎,晴,8.0,恵比寿天賞(C2五),11,7.0,10,297.8,10.0,10,岡村裕基,50.0,ダ,1400.0,良,96.0,3.6,3-5-5-8,43.3,386.0,-4.0,サラサワン,
2019101946,シェナチチカカ,2022/12/15,川崎,晴,6.0,沈丁花賞(C2五),12,1.0,1,137.9,10.0,10,池谷匠翔,53.0,ダ,1400.0,稍,96.8,2.8,6-7-7-5,45.4,390.0,1.0,スターオブソフィア,
2019101946,シェナチチカカ,2022/11/09,川崎,晴,2.0,C2四五六(C2五),10,1.0,1,64.2,8.0,8,神尾香澄,50.0,ダ,1400.0,良,96.2,2.7,6-7-10-10,43.1,389.0,-2.0,ジーガーワールド,
2019101946,シェナチチカカ,2022/10/13,川崎,雨,5.0,C2四五六(C2五),10,1.0,1,94.5,8.0,3,神尾香澄,50.0,ダ,1400.0,重,93.3,0.1,1-1-2-1,40.5,391.0,5.0,リオンポラリス,25.0
2019101946,シェナチチカカ,2022/09/28,船橋,晴,1.0,3歳二三,11,7.0,9,111.9,9.0,7,岡村裕基,54.0,ダ,1200.0,良,78.4,2.2,7-7-7,40.2,386.0,-2.0,リヴァイタライズ,
2019101946,シェナチチカカ,2022/09/14,川崎,晴,4.0,梟特別(3歳),14,3.0,3,211.4,12.0,7,神尾香澄,50.0,ダ,1500.0,良,98.9,0.8,5-5-9-8,41.7,388.0,-3.0,マナリンリイ,
2019101946,シェナチチカカ,2022/08/26,川崎,晴,4.0,笹五位特別(3歳),12,1.0,1,99.6,10.0,9,神尾香澄,50.0,ダ,1500.0,良,99.4,3.7,5-5-6-6,41.8,391.0,4.0,ムーディナイル,
2019101946,シェナチチカカ,2022/08/03,川崎,晴,2.0,モルゲンロート特別(3歳),12,2.0,2,56.3,10.0,10,田中涼,54.0,ダ,1400.0,良,93.7,2.8,4-6-6-6,41.7,387.0,3.0,ミッドナイトバード,
2019101946,シェナチチカカ,2022/07/08,川崎,曇,2.0,ブリクスム特別(3歳),8,5.0,5,18.2,7.0,2,神尾香澄,50.0,ダ,1400.0,良,94.0,0.2,1-2-2-1,42.0,384.0,0.0,ルリール,56.0
2019101946,シェナチチカカ,2022/06/13,川崎,曇,4.0,フォラータ特別(3歳),10,1.0,1,102.1,10.0,7,神尾香澄,50.0,ダ,1400.0,良,94.1,1.0,5-5-7-8,41.8,384.0,6.0,フレグランスフリー,
2019101946,シェナチチカカ,2022/06/01,浦和,晴,2.0,ランチタイムチャレン(3歳),12,6.0,8,30.2,8.0,7,野畑凌,51.0,ダ,1400.0,稍,92.8,1.2,7-9-10-11,39.9,378.0,-4.0,ジョワソレイユ,
2019101946,シェナチチカカ,2022/05/16,川崎,雨,1.0,3歳5,12,1.0,1,80.2,9.0,7,神尾香澄,50.0,ダ,1400.0,不,92.1,2.3,7-5-8-7,40.5,382.0,6.0,モンディアマン,
2019101946,シェナチチカカ,2022/04/27,浦和,晴,5.0,3歳五,12,1.0,1,108.6,11.0,6,神尾香澄,50.0,ダ,1400.0,稍,92.2,1.8,9-8-9-9,40.3,376.0,-2.0,ベリングキャット,
2019101946,シェナチチカカ,2022/04/07,川崎,曇,2.0,レインボー特別(3歳),12,6.0,7,77.0,11.0,9,神尾香澄,50.0,ダ,1400.0,重,94.1,2.7,5-5-5-10,42.2,378.0,2.0,ゴールデンプラチナ,
2019101946,シェナチチカカ,2022/03/22,船橋,雪,2.0,3歳三四,12,2.0,2,405.4,12.0,7,岡村裕基,54.0,ダ,1200.0,不,79.3,1.0,6-10-12,41.1,376.0,-2.0,メーテル,
2019101946,シェナチチカカ,2022/02/28,川崎,晴,4.0,河原鶸特別(3歳),12,5.0,6,220.3,12.0,10,神尾香澄,50.0,ダ,1500.0,良,101.4,2.6,7-9-10-11,43.3,378.0,3.0,スタイルユアセルフ,
2019101946,シェナチチカカ,2022/02/03,川崎,晴,8.0,青鵐特別(3歳),13,6.0,9,127.2,11.0,10,神尾香澄,50.0,ダ,1500.0,良,100.9,2.9,5-5-7-9,42.2,375.0,-2.0,ジュンハンス,
2019101946,シェナチチカカ,2022/01/17,浦和,晴,2.0,3歳二,10,4.0,4,150.4,10.0,5,岡村裕基,54.0,ダ,1400.0,良,94.0,1.3,7-7-8-7,41.7,377.0,-3.0,グロリアスアポイ,15.0
2019101946,シェナチチカカ,2022/01/01,川崎,晴,2.0,お年玉特別(3歳),5,3.0,3,12.2,4.0,2,神尾香澄,50.0,ダ,1400.0,良,94.4,0.9,2-2-3-4,41.4,380.0,-5.0,エスプリアンディ,72.0
2019101946,シェナチチカカ,2021/12/14,川崎,曇,2.0,ウスバカゲロウ特別(2歳),11,7.0,8,330.7,11.0,6,神尾香澄,50.0,ダ,1400.0,重,92.9,0.9,3-4-4-4,39.8,385.0,2.0,ヤマイチリリー,
2019101946,シェナチチカカ,2021/11/08,川崎,晴,2.0,ムギワラトンボ特別(2歳),11,5.0,5,357.2,11.0,9,神尾香澄,50.0,ダ,1400.0,良,94.5,1.6,3-4-6-8,42.0,383.0,8.0,ミトノキサキ,
2019101946,シェナチチカカ,2021/10/19,浦和,雨,2.0,2歳三,11,7.0,8,152.0,10.0,4,神尾香澄,50.0,ダ,1400.0,重,93.9,1.5,3-5-4-5,40.2,375.0,-10.0,クレウーサ,30.0
2019101946,シェナチチカカ,2021/10/11,川崎,晴,2.0,ヤマトシジミ特別(2歳),10,1.0,1,84.0,8.0,7,神尾香澄,50.0,ダ,1400.0,良,95.6,2.6,5-3-8-8,42.8,385.0,2.0,レディーファルコン,
2019101946,シェナチチカカ,2021/09/15,川崎,晴,1.0,2歳5,9,2.0,2,17.2,7.0,2,神尾香澄,50.0,ダ,1400.0,重,94.6,0.2,2-2-2-2,42.6,383.0,-4.0,キングオブサミット,64.0
2019101946,シェナチチカカ,2021/08/29,川崎,曇,4.0,ギンヤンマ特別(2歳),11,3.0,3,43.4,9.0,8,神尾香澄,50.0,ダ,1400.0,良,95.0,2.1,6-7-5-7,42.6,387.0,6.0,スピードコーナー,
2019101946,シェナチチカカ,2021/07/28,川崎,晴,6.0,クワガタムシ特別(2歳),11,8.0,11,59.7,10.0,5,岡村裕基,54.0,ダ,1400.0,重,98.1,1.1,4-4-1-4,43.5,381.0,3.0,キョウエイメジャー,19.0
2019101946,シェナチチカカ,2021/07/05,川崎,曇,1.0,未受賞(2歳),10,8.0,9,44.0,7.0,8,神尾香澄,50.0,ダ,1400.0,不,99.5,3.9,3-4-6-8,45.7,378.0,6.0,ルリール,
2019101946,シェナチチカカ,2021/06/18,川崎,晴,2.0,スパーキングデビュー(2歳),10,8.0,11,127.4,9.0,9,岡村裕基,54.0,ダ,900.0,重,57.9,2.7,7-8,39.4,372.0,0.0,シゲルコウモリ,
2020106984,ダンシングハピリー,2026/07/07,川崎,曇,1.0,C3三四,12,8.0,12,77.7,11.0,7.0,藤江渉,54.0,ダ,1400.0,重,95.6,2.9,8-10-7-7,42.5,416.0,0.0,キタノチャンス,
2020106984,ダンシングハピリー,2026/06/18,川崎,曇,5.0,レモングラス賞(C3),12,8.0,12,121.0,12.0,9.0,加藤雄真,52.0,ダ,1500.0,重,100.4,1.9,3-2-3-4,43.2,416.0,2.0,セクレトウェポン,
2020106984,ダンシングハピリー,2026/05/27,浦和,曇,3.0,C3五六,12,8.0,11,25.4,7.0,5.0,藤江渉,54.0,ダ,1500.0,良,100.1,0.3,11-10-9-6,41.0,414.0,-1.0,ワールドバトル,8.0
2020106984,ダンシングハピリー,2026/05/12,川崎,晴,2.0,C3三四,9,1.0,1,24.4,6.0,7.0,本田紀忠,54.0,ダ,1400.0,良,94.6,1.5,5-5-6-5,40.8,415.0,2.0,シルヴァギンジ,
2020106984,ダンシングハピリー,2026/04/23,浦和,雨,2.0,ランチタイム(C3),12,7.0,9,190.6,12.0,9.0,本田紀忠,54.0,ダ,1400.0,良,93.3,1.0,8-8-9-9,40.4,413.0,1.0,タイムレスブルーム,
2020106984,ダンシングハピリー,2026/04/09,川崎,晴,2.0,C3三四,12,5.0,6,54.6,7.0,11.0,本田紀忠,54.0,ダ,1400.0,稍,96.3,2.3,5-6-8-8,41.0,412.0,1.0,ニットウアクシア,
2020106984,ダンシングハピリー,2026/03/12,船橋,晴,3.0,C3四組下,7,5.0,5,24.5,6.0,4.0,本田紀忠,54.0,ダ,1500.0,良,101.2,0.9,5-5-5-6,42.2,411.0,-2.0,エヴィエニス,12.0
2020106984,ダンシングハピリー,2026/03/06,川崎,曇,12.0,ファイナルアンサー賞(C3),14,7.0,11,62.7,9.0,5.0,本田紀忠,54.0,ダ,1500.0,稍,101.5,2.7,5-5-4-4,42.8,413.0,2.0,クインズカヤノヒメ,8.0
2020106984,ダンシングハピリー,2026/02/04,川崎,晴,1.0,C3五六,10,5.0,5,117.1,7.0,6.0,本田紀忠,54.0,ダ,1400.0,良,95.2,2.3,5-5-6-6,42.3,411.0,-8.0,キャラメルスライム,
2020106984,ダンシングハピリー,2026/01/03,川崎,晴,5.0,布袋尊賞(C3),14,7.0,12,89.0,10.0,10.0,本田紀忠,54.0,ダ,1400.0,重,96.7,2.8,6-6-6-6,42.5,419.0,5.0,マオノオラクル,
2020106984,ダンシングハピリー,2025/12/18,川崎,晴,6.0,C2五六七(C2六),12,1.0,1,243.6,12.0,10.0,本田紀忠,54.0,ダ,1400.0,稍,95.2,3.1,10-10-9-8,42.8,414.0,-4.0,コットンフラワー,
2020106984,ダンシングハピリー,2025/11/19,川崎,晴,4.0,爆雷賞(C2),12,6.0,7,224.9,12.0,10.0,本田紀忠,54.0,ダ,900.0,良,57.2,1.8,11-11,38.0,418.0,7.0,レモングラス,
2020106984,ダンシングハピリー,2025/09/11,川崎,雨,6.0,雷閃賞(C2),0,7.0,9,,,,中越琉世,54.0,ダ,900.0,不,,,,,407.0,-4.0,,
2020106984,ダンシングハピリー,2025/08/26,川崎,晴,7.0,雷霆賞(C2),10,5.0,5,50.8,7.0,10.0,中越琉世,54.0,ダ,900.0,良,57.3,2.3,10-10,38.4,411.0,-3.0,ムーランアルザン,
2020106984,ダンシングハピリー,2025/08/06,川崎,晴,4.0,C2七八,8,1.0,1,13.8,5.0,6.0,神尾香澄,51.0,ダ,1400.0,良,93.7,1.1,6-7-8-7,42.0,414.0,4.0,メタルハート,
2020106984,ダンシングハピリー,2025/07/09,川崎,晴,6.0,C2四五六(C2五),11,7.0,9,26.3,8.0,11.0,藤江渉,54.0,ダ,1400.0,良,94.7,2.3,6-6-6-9,42.4,410.0,0.0,ユウキヒャクバイ,
2020106984,ダンシングハピリー,2025/06/20,川崎,晴,7.0,C2六七八(C2七),12,4.0,4,72.3,10.0,4.0,藤江渉,54.0,ダ,1400.0,良,92.8,0.6,4-4-4-3,41.5,410.0,-2.0,グローリアスゾスマ,15.0
2020106984,ダンシングハピリー,2025/05/15,川崎,晴,5.0,石楠花賞(C2),14,2.0,2,81.2,12.0,12.0,藤江渉,54.0,ダ,1500.0,稍,103.6,4.9,4-3-7-9,46.5,412.0,2.0,ペータース,
2020106984,ダンシングハピリー,2025/04/23,浦和,雨,5.0,浦和ファイブチャレン(C2),12,6.0,7,35.3,7.0,10.0,池谷匠翔,54.0,ダ,1500.0,稍,100.9,3.0,9-11-10-10,41.0,410.0,-14.0,エコロジョイアー,
2020106984,ダンシングハピリー,2025/04/09,川崎,晴,6.0,橘樹官衙賞(C2七),12,1.0,1,14.2,5.0,8.0,池谷匠翔,54.0,ダ,1400.0,稍,94.6,1.4,4-3-3-2,43.3,424.0,5.0,シンボルザサン,
2020106984,ダンシングハピリー,2025/01/03,川崎,曇,7.0,大黒天賞(C2七),14,2.0,2,50.7,8.0,2.0,藤江渉,54.0,ダ,1500.0,良,100.2,0.4,1-1-1-1,41.6,419.0,2.0,フクノスナノバラ,40.0
2020106984,ダンシングハピリー,2024/12/11,川崎,晴,4.0,急雷賞(C2),12,8.0,12,10.6,4.0,9.0,藤江渉,54.0,ダ,900.0,良,56.9,1.4,7-7,38.5,417.0,5.0,リュウノシンクウハ,
2020106984,ダンシングハピリー,2024/11/12,川崎,晴,4.0,万雷賞(C2),12,2.0,2,47.2,9.0,4.0,藤江渉,54.0,ダ,900.0,稍,56.0,0.7,12-12,37.5,412.0,8.0,ボイド,15.0
2020106984,ダンシングハピリー,2024/09/04,川崎,晴,4.0,C2三四五(C2四),11,6.0,8,5.6,3.0,7.0,加藤雄真,51.0,ダ,1400.0,重,95.4,2.1,6-6-5-5,42.7,404.0,0.0,サンディロン,
2020106984,ダンシングハピリー,2024/08/07,川崎,曇,4.0,C2三四五(C2四),11,6.0,7,7.9,3.0,1.0,加藤雄真,51.0,ダ,1400.0,良,92.2,-0.4,4-4-3-3,40.1,404.0,2.0,(ビービードルチェ),100.0
2020106984,ダンシングハピリー,2024/07/25,川崎,晴,4.0,バジル賞(C3),11,8.0,10,7.9,2.0,2.0,藤江渉,54.0,ダ,1400.0,良,93.4,0.2,3-3-2-1,40.5,402.0,0.0,ハーモニーシャイン,48.0
2020106984,ダンシングハピリー,2024/07/05,川崎,晴,9.0,ターメリック賞(C3),12,5.0,6,3.0,1.0,6.0,藤江渉,54.0,ダ,1400.0,良,93.1,0.5,3-3-3-4,40.9,402.0,-1.0,プレストヴィーナス,
2020106984,ダンシングハピリー,2024/06/14,川崎,晴,8.0,C2六七八(C2七),12,8.0,11,10.6,4.0,3.0,藤江渉,54.0,ダ,1400.0,良,92.6,1.0,4-5-5-6,40.2,403.0,2.0,リコースチェッキン,25.0
2020106984,ダンシングハピリー,2024/05/30,船橋,晴,4.0,C2八九十ア(C2九),12,1.0,1,32.4,8.0,4.0,藤江渉,54.0,ダ,1500.0,稍,99.2,2.4,4-4-4-3,40.8,401.0,-2.0,サクセスベージュ,15.0
2020106984,ダンシングハピリー,2024/05/10,川崎,晴,2.0,バニラ賞(C3),12,1.0,1,21.3,7.0,2.0,藤江渉,54.0,ダ,1400.0,稍,91.9,1.4,3-3-3-2,40.4,403.0,7.0,フェアメーゲン,48.0
2020106984,ダンシングハピリー,2024/04/05,川崎,曇,4.0,カモミール賞(C3),12,5.0,6,143.0,10.0,5.0,藤江渉,54.0,ダ,1500.0,重,101.4,1.9,4-3-4-5,42.4,396.0,-2.0,プリーミー,12.0
2020106984,ダンシングハピリー,2024/03/15,川崎,晴,6.0,ピンクペッパー賞(C3),12,7.0,9,341.9,12.0,6.0,藤江渉,54.0,ダ,1400.0,稍,94.8,2.6,9-8-8-8,41.6,398.0,1.0,タマノフィオーレ,
2020106984,ダンシングハピリー,2024/02/02,川崎,曇,6.0,リコリス賞(C3),12,6.0,8,256.9,10.0,9.0,藤江渉,54.0,ダ,1500.0,良,101.4,3.8,4-3-3-5,43.6,397.0,-9.0,サラサグッドワーク,
2020106984,ダンシングハピリー,2024/01/05,川崎,晴,5.0,ルッコラ賞(C3),10,1.0,1,78.8,9.0,8.0,増田充宏,54.0,ダ,1400.0,良,95.0,1.9,6-7-8-6,40.9,406.0,-1.0,テマリ,
2020106984,ダンシングハピリー,2023/12/13,川崎,晴,12.0,クロシェット特別(3歳),10,5.0,5,23.3,5.0,3.0,岩橋勇二,54.0,ダ,1400.0,稍,95.4,1.7,4-4-4-3,42.0,407.0,-2.0,アニトラ,35.0
2020106984,ダンシングハピリー,2023/11/07,川崎,曇,1.0,ヴェロス特別(3歳),8,6.0,6,8.0,5.0,5.0,野畑凌,54.0,ダ,1400.0,良,95.2,1.6,4-4-5-6,41.7,409.0,13.0,ナリノビスケッツ,12.0
2020106984,ダンシングハピリー,2023/10/10,笠松,晴,6.0,C22組,8,3.0,3,1.3,1.0,1.0,松本剛志,54.0,ダ,1400.0,稍,94.0,-0.1,1-1-1,40.1,396.0,2.0,(アルスアンティカ),40.0
2020106984,ダンシングハピリー,2023/09/26,笠松,曇,5.0,3歳10組,7,7.0,7,7.0,3.0,3.0,松本剛志,54.0,ダ,1400.0,良,89.8,0.5,2-2-2,38.6,394.0,6.0,カヤドーブラック,9.0
2020106984,ダンシングハピリー,2023/08/27,3新潟6,晴,4.0,3歳未勝利,18,3.0,6,340.2,18.0,13.0,杉原誠人,54.0,芝,2000.0,良,122.4,1.3,8-7-7-5,37.2,388.0,-8.0,スターグロウ,
2020106984,ダンシングハピリー,2023/07/29,2新潟1,晴,7.0,3歳未勝利,17,4.0,7,235.0,15.0,10.0,杉原誠人,54.0,芝,1400.0,良,82.0,0.9,9-9,36.0,396.0,2.0,ゴーマックス,
2020106984,ダンシングハピリー,2023/04/01,3中山3,晴,7.0,3歳1勝クラス,14,5.0,8,445.9,14.0,12.0,佐々木大,51.0,芝,1600.0,良,95.2,1.3,14-14-14,34.7,394.0,-6.0,エッセレンチ,
2020106984,ダンシングハピリー,2023/03/18,2中山7,雨,6.0,3歳1勝クラス,12,6.0,7,632.0,12.0,8.0,杉原誠人,54.0,芝,1600.0,重,98.1,1.4,8-9-9,36.9,400.0,4.0,ロードディフィート,
2020106984,ダンシングハピリー,2023/02/26,2中山2,晴,7.0,3歳1勝クラス,12,3.0,3,287.5,11.0,8.0,杉原誠人,54.0,芝,1600.0,良,96.5,2.5,3-5-6,36.6,396.0,2.0,エエヤン,
2020106984,ダンシングハピリー,2023/01/29,1東京2,晴,5.0,3歳未勝利,16,1.0,1,578.0,16.0,12.0,杉原誠人,54.0,芝,1600.0,良,95.4,1.8,3-4,36.4,394.0,-6.0,サルヴァトーレ,
2020106984,ダンシングハピリー,2022/11/13,5東京4,晴,3.0,2歳未勝利,17,1.0,2,163.2,13.0,10.0,北村宏司,54.0,芝,1400.0,良,83.2,1.6,15-15,35.0,400.0,-8.0,トーセンローリエ,
2020106984,ダンシングハピリー,2022/10/23,4東京7,晴,2.0,2歳未勝利,15,8.0,14,186.8,11.0,11.0,江田照男,54.0,芝,1600.0,良,95.6,2.1,3-3,36.3,408.0,-8.0,クルゼイロドスル,
2020106984,ダンシングハピリー,2022/10/02,4中山9,晴,9.0,サフラン賞(1勝クラス),8,8.0,8,130.0,8.0,7.0,杉原誠人,54.0,芝,1600.0,良,96.5,1.4,3-6-8,35.8,416.0,0.0,サンティーテソーロ,
2020106984,ダンシングハピリー,2022/09/17,4中山3,晴,5.0,2歳新馬,13,8.0,12,83.0,10.0,5.0,杉原誠人,54.0,芝,1800.0,良,111.2,1.1,7-7-8-7,34.9,416.0,0.0,ティファニードンナ,70.0
2020105482,ノンストップガール,2026/07/03,大井,曇,1.0,C3一二,11,1.0,1,21.5,7.0,7,和田譲治,54.0,ダ,1600.0,不,105.1,1.9,10-11-11-11,40.0,502.0,-2.0,オールスターズ,
2020105482,ノンストップガール,2026/06/11,大井,晴,1.0,C3一二,14,6.0,9,6.5,3.0,12,和田譲治,54.0,ダ,1600.0,稍,105.3,1.1,11-10-11-13,40.7,504.0,0.0,イケノギャルチャン,
2020105482,ノンストップガール,2026/05/20,大井,晴,1.0,C3一二三(C3二),13,8.0,12,6.8,2.0,8,和田譲治,54.0,ダ,1600.0,良,105.1,1.2,10-10-8-7,39.7,504.0,3.0,サンシップ,
2020105482,ノンストップガール,2026/04/28,大井,晴,1.0,C3四五,11,8.0,10,2.9,1.0,1,和田譲治,54.0,ダ,1600.0,不,104.5,0.0,3-3-3-3,39.1,501.0,-3.0,(ラブリーヨシノ),80.0
2020105482,ノンストップガール,2026/04/15,大井,曇,1.0,C3四五,14,6.0,10,20.6,6.0,3,和田譲治,54.0,ダ,1600.0,良,104.2,0.4,7-6-5-4,40.5,504.0,13.0,サンシップ,20.0
2020105482,ノンストップガール,2026/03/23,大井,晴,2.0,C3七八,14,4.0,6,11.2,2.0,2,和田譲治,54.0,ダ,1600.0,良,106.0,0.9,7-7-7-6,40.7,491.0,-6.0,グレーターホープ,32.0
2020105482,ノンストップガール,2026/03/10,大井,雨,1.0,C3五六,14,1.0,1,7.1,4.0,4,和田譲治,54.0,ダ,1600.0,稍,106.7,0.4,4-3-3-3,40.6,497.0,6.0,ワールドフォンテン,12.0
2020105482,ノンストップガール,2026/02/16,大井,晴,2.0,C3八九,12,4.0,4,9.2,2.0,2,和田譲治,54.0,ダ,1600.0,良,105.8,1.5,4-3-3-3,39.9,491.0,-8.0,イイデテッシン,32.0
2020105482,ノンストップガール,2026/01/26,大井,晴,1.0,C3八九,11,8.0,11,20.5,5.0,4,和田譲治,54.0,ダ,1400.0,良,91.7,0.9,5-4-5,39.4,499.0,0.0,ラヴクラウド,12.0
2020105482,ノンストップガール,2026/01/12,大井,晴,2.0,C3八九,13,8.0,13,19.9,4.0,7,和田譲治,54.0,ダ,1600.0,良,106.5,1.8,5-4-4-4,41.8,499.0,-1.0,ダノンクルーザー,
2020105482,ノンストップガール,2025/12/25,大井,曇,1.0,C3一二,14,6.0,10,13.2,4.0,7,和田譲治,54.0,ダ,1600.0,重,105.0,1.1,6-5-6-6,39.7,500.0,3.0,ゴールデンオージャ,
2020105482,ノンストップガール,2025/12/03,大井,曇,1.0,C3一二,14,1.0,1,4.3,2.0,5,和田譲治,54.0,ダ,1600.0,良,106.4,1.4,8-7-6-6,40.5,497.0,0.0,ゴールデンオージャ,8.0
2020105482,ノンストップガール,2025/11/14,大井,晴,1.0,C3一二,13,6.0,9,19.0,5.0,5,和田譲治,54.0,ダ,1600.0,稍,105.3,1.1,5-5-6-5,40.2,497.0,-5.0,トップダイヤ,8.0
2020105482,ノンストップガール,2025/10/22,大井,雨,1.0,C3一二,14,2.0,2,37.6,8.0,5,和田譲治,54.0,ダ,1600.0,稍,105.7,0.9,4-4-4-3,41.5,502.0,-4.0,シャークウォーニン,8.0
2020105482,ノンストップガール,2025/10/07,大井,曇,1.0,C3一二,11,8.0,11,30.5,6.0,9,和田譲治,54.0,ダ,1600.0,良,105.8,1.4,10-10-11-10,40.2,506.0,4.0,オールスターズ,
2020105482,ノンストップガール,2025/09/17,大井,晴,1.0,C3一二,14,8.0,14,29.9,6.0,11,和田譲治,54.0,ダ,1600.0,良,106.0,2.1,14-14-14-14,40.4,502.0,-1.0,オールスターズ,
2020105482,ノンストップガール,2025/09/05,大井,雨,1.0,C3一二,14,2.0,2,18.5,8.0,5,和田譲治,54.0,ダ,1600.0,不,106.1,1.0,12-12-12-12,41.1,503.0,3.0,フローラルロマンス,8.0
2020105482,ノンストップガール,2025/08/15,大井,晴,1.0,C3一二,14,4.0,5,15.0,5.0,8,和田譲治,54.0,ダ,1600.0,良,104.4,1.5,10-10-11-11,40.5,500.0,-2.0,フィリピーヌ,
2020105482,ノンストップガール,2025/07/16,大井,雨,1.0,C3四五,11,7.0,9,4.0,2.0,4,和田譲治,54.0,ダ,1600.0,不,105.5,0.8,4-4-5-4,40.5,502.0,5.0,ケイリュウオー,12.0
2020105482,ノンストップガール,2025/07/04,大井,晴,1.0,C3一二,11,1.0,1,7.8,4.0,2,和田譲治,54.0,ダ,1600.0,良,103.2,0.8,4-4-4-4,39.6,497.0,-6.0,フローラルロマンス,32.0
2020105482,ノンストップガール,2025/02/19,大井,晴,2.0,C3五六,13,5.0,6,3.5,2.0,1,野畑凌,54.0,ダ,1600.0,良,105.8,-0.7,5-5-6-5,40.1,503.0,-2.0,(グリーンジェイド),80.0
2020105482,ノンストップガール,2025/01/29,大井,晴,1.0,C3三四五(C3四),13,6.0,9,34.0,9.0,6,野畑凌,54.0,ダ,1400.0,良,90.7,1.7,8-11-11,38.1,505.0,-1.0,ミキノカラクリバコ,
2020105482,ノンストップガール,2025/01/14,大井,晴,1.0,C3六七,13,8.0,13,15.8,4.0,6,野畑凌,54.0,ダ,1600.0,稍,105.1,2.5,3-3-4-4,41.0,506.0,2.0,スカイイズユアーズ,
2020105482,ノンストップガール,2024/12/31,大井,晴,1.0,C3一二,13,7.0,11,28.7,8.0,3,本田正重,54.0,ダ,1600.0,良,105.6,0.5,8-9-8-8,40.0,504.0,-4.0,ミラキュラスシティ,20.0
2020105482,ノンストップガール,2024/12/06,大井,晴,1.0,しながわデー開催賞(C3),14,3.0,4,8.0,4.0,10,Ｍ．ミシ,52.0,ダ,1600.0,良,105.9,1.2,10-10-11-11,40.9,508.0,8.0,エルマスフエルテ,
2020105482,ノンストップガール,2024/11/07,大井,晴,1.0,C3三四,11,5.0,5,6.3,2.0,2,Ｍ．ミシ,52.0,ダ,1600.0,稍,106.2,0.0,10-10-9-7,40.5,500.0,-8.0,ウィーナーズソング,32.0
2020105482,ノンストップガール,2024/10/15,大井,晴,1.0,C3三四,14,6.0,10,8.8,3.0,8,笹川翼,54.0,ダ,1400.0,良,91.4,2.5,6-7-8,40.3,508.0,-4.0,ラモラック,
2020105482,ノンストップガール,2024/09/30,大井,曇,2.0,C3三四五(C3四),12,3.0,3,5.0,3.0,3,笹川翼,54.0,ダ,1400.0,良,90.2,0.5,8-8-6,39.5,512.0,17.0,アンティーゾ,20.0
2020105482,ノンストップガール,2024/09/12,大井,晴,2.0,C3一二三(C3二),12,5.0,6,2.8,1.0,6,吉原寛人,54.0,ダ,1400.0,良,91.1,1.8,9-8-8,39.9,495.0,-2.0,ワールドフォンテン,
2020105482,ノンストップガール,2024/08/13,大井,晴,1.0,C3四五,12,8.0,11,8.1,3.0,5,古岡勇樹,54.0,ダ,1600.0,良,105.6,1.9,9-10-8-9,41.2,497.0,1.0,レオナイン,8.0
2020105482,ノンストップガール,2024/07/08,大井,晴,2.0,C3七八九(C3八),14,5.0,7,3.1,2.0,2,笹川翼,54.0,ダ,1400.0,稍,90.3,0.3,3-4-3,38.6,496.0,-3.0,ワールドフォンテン,32.0
2020105482,ノンストップガール,2024/06/27,大井,晴,2.0,C3二三四(C3三),13,5.0,6,6.7,4.0,3,古岡勇樹,54.0,ダ,1400.0,良,91.2,0.7,8-10-9,40.2,499.0,1.0,グラフィア,20.0
2020105482,ノンストップガール,2024/06/06,大井,曇,2.0,C3二三四(C3三),13,3.0,3,69.8,10.0,3,中村尚平,54.0,ダ,1400.0,稍,89.7,1.2,8-7-6,38.9,498.0,3.0,デリッサ,20.0
2020105482,ノンストップガール,2024/05/14,大井,晴,2.0,C3四五,14,8.0,14,26.4,6.0,8,中村尚平,54.0,ダ,1200.0,重,76.4,2.1,11-11,38.7,495.0,1.0,ゴールデンオージャ,
2020105482,ノンストップガール,2024/04/23,大井,曇,2.0,C3四五,16,7.0,14,9.0,4.0,14,中村尚平,54.0,ダ,1200.0,稍,77.9,2.0,11-12,39.3,494.0,-1.0,ノビシロ,
2020105482,ノンストップガール,2024/04/11,大井,晴,2.0,C3四五,11,5.0,6,20.5,7.0,3,中村尚平,54.0,ダ,1200.0,稍,76.9,0.4,11-10,39.1,495.0,-10.0,プリンセスキアラ,20.0
2020105482,ノンストップガール,2023/07/11,大井,晴,2.0,3歳178万,13,8.0,14,,,除,町田直希,54.0,ダ,1400.0,良,,,,,512.0,7.0,ジョリーハーモニー,
2020105482,ノンストップガール,2023/06/28,大井,曇,1.0,3歳164万,12,5.0,6,19.0,4.0,11,町田直希,54.0,ダ,1400.0,良,89.8,2.2,7-9-11,39.2,505.0,-12.0,マルカンラニ,
2020105482,ノンストップガール,2022/12/28,大井,晴,3.0,2歳87.8,12,8.0,12,15.1,5.0,2,町田直希,54.0,ダ,1400.0,稍,90.3,0.4,3-4-2,39.2,517.0,8.0,ストライク,84.0
2020105482,ノンストップガール,2022/12/06,大井,晴,3.0,選抜牝馬(2歳),11,1.0,1,4.1,2.0,4,町田直希,54.0,ダ,1200.0,不,75.9,0.7,7-7,38.1,509.0,-3.0,ビッグコエミルーフ,31.5
2020105482,ノンストップガール,2022/11/15,大井,曇,5.0,未受賞(2歳),9,6.0,6,4.2,2.0,5,町田直希,54.0,ダ,1200.0,良,77.5,0.9,6-6,40.1,512.0,-1.0,エースクイーン,21.0
2020105482,ノンストップガール,2022/08/15,大井,晴,4.0,2歳新馬(新馬),8,5.0,5,16.4,4.0,7,町田直希,54.0,ダ,1400.0,重,92.7,3.6,8-7-7,41.8,513.0,0.0,トワシュトラール,
2018102769,ジョーカイ,2026/07/07,川崎,曇,6.0,コリアンダー賞(C3),11,7.0,9,172.2,10.0,11.0,加藤雄真,52.0,ダ,1500.0,重,102.3,4.5,6-7-10-10,43.8,474.0,-6.0,ヤマニントレモロ,
2018102769,ジョーカイ,2026/06/15,川崎,曇,5.0,C3三,12,6.0,7,146.8,10.0,9.0,加藤雄真,52.0,ダ,1400.0,重,97.7,4.3,7-9-10-10,43.8,480.0,-4.0,キーファイン,
2018102769,ジョーカイ,2026/05/27,浦和,曇,2.0,ランチタイム(C3),12,8.0,11,119.2,11.0,12.0,中島良美,52.0,ダ,1400.0,良,95.4,3.5,4-4-11-12,41.6,484.0,1.0,シャコンヌ,
2018102769,ジョーカイ,2026/05/12,川崎,晴,2.0,C3三四,9,7.0,7,10.7,5.0,9.0,室陽一朗,54.0,ダ,1400.0,良,96.1,3.0,5-7-9-9,41.6,483.0,-2.0,シルヴァギンジ,
2018102769,ジョーカイ,2026/04/22,浦和,曇,2.0,ランチタイム(C3),11,6.0,7,16.5,6.0,11.0,室陽一朗,54.0,ダ,1500.0,良,103.8,4.2,3-5-6-11,43.8,485.0,6.0,マッシュブライト,
2018102769,ジョーカイ,2026/02/26,浦和,曇,7.0,特選(C3),12,4.0,4,15.7,4.0,8.0,櫻井光輔,54.0,ダ,1400.0,不,93.0,2.4,3-3-7-9,40.7,479.0,-7.0,キタサンリボン,
2018102769,ジョーカイ,2026/01/09,浦和,晴,4.0,特選(C3),13,6.0,8,4.8,1.0,10.0,室陽一朗,54.0,ダ,1400.0,良,94.1,1.9,9-8-6-8,42.1,486.0,-7.0,オリズジーニー,
2018102769,ジョーカイ,2025/12/25,浦和,曇,2.0,特選(C3),11,4.0,4,3.5,2.0,3.0,櫻井光輔,54.0,ダ,1400.0,重,92.6,0.5,3-3-3-3,41.2,493.0,28.0,トワイライトドレス,22.5
2018102769,ジョーカイ,2025/07/22,浦和,晴,4.0,C3五六,9,8.0,8,2.0,1.0,1.0,野畑凌,54.0,ダ,1500.0,良,98.2,0.0,1-1-1-1,39.8,465.0,-4.0,(ハヌマーンビーチ),80.0
2018102769,ジョーカイ,2025/05/29,浦和,曇,3.0,特選(C3),12,7.0,9,2.9,1.0,6.0,西啓太,54.0,ダ,1500.0,良,98.7,0.9,2-2-2-2,41.1,469.0,1.0,ミストラ,
2018102769,ジョーカイ,2025/04/24,浦和,曇,2.0,ランチタイムチャレン(C3),11,3.0,3,4.3,2.0,2.0,西啓太,54.0,ダ,1400.0,稍,90.6,0.7,4-4-3-2,39.3,468.0,-3.0,マーゴットビート,32.0
2018102769,ジョーカイ,2025/03/18,浦和,晴,5.0,C3五六,12,4.0,4,2.4,1.0,2.0,西啓太,54.0,ダ,1500.0,稍,101.2,0.2,1-1-1-1,40.8,471.0,-8.0,ユーロックデュード,32.0
2018102769,ジョーカイ,2024/07/15,浦和,曇,7.0,人形のまち岩槻まつり(C2),9,8.0,9,10.2,5.0,9.0,千野稜真,51.0,ダ,1400.0,稍,91.2,1.7,1-1-3-4,40.1,479.0,10.0,ジェノバフレイバー,
2018102769,ジョーカイ,2024/05/22,浦和,晴,5.0,C2八九,11,6.0,7,9.0,2.0,7.0,矢野貴之,54.0,ダ,1500.0,重,102.0,4.3,2-2-4-6,43.3,469.0,1.0,ポテンザ,
2018102769,ジョーカイ,2024/04/17,浦和,晴,7.0,さいたま市発祥のさつ(C2),11,1.0,1,7.2,5.0,10.0,千野稜真,51.0,ダ,1500.0,良,101.1,3.0,5-5-7-8,42.5,468.0,-3.0,キタダケ,
2018102769,ジョーカイ,2024/03/27,浦和,晴,2.0,ランチタイムチャレン(C2),12,8.0,11,1.6,1.0,7.0,和田譲治,54.0,ダ,1400.0,重,93.0,1.1,1-1-1-2,40.9,471.0,2.0,ルリイロ,
2018102769,ジョーカイ,2024/03/15,川崎,晴,7.0,スターアニス賞(C3),12,5.0,5,1.9,1.0,1.0,和田譲治,54.0,ダ,1500.0,稍,99.5,-0.7,1-1-1-1,41.5,469.0,-4.0,(ラピッドフロウ),120.0
2018102769,ジョーカイ,2023/12/22,浦和,晴,6.0,歴史香るまちもろやま(C2),11,3.0,3,12.2,3.0,6.0,落合玄太,54.0,ダ,1500.0,良,100.8,2.5,1-1-4-4,41.8,473.0,-3.0,シュヴァーン,
2018102769,ジョーカイ,2023/09/21,浦和,曇,5.0,C2四五,8,3.0,3,2.0,1.0,3.0,山中悠希,54.0,ダ,1400.0,不,91.8,1.1,4-4-4-4,41.0,476.0,8.0,モモドリーム,25.0
2018102769,ジョーカイ,2023/08/15,浦和,晴,8.0,日高市巾着田曼珠沙華(C2),11,8.0,11,4.7,2.0,1.0,山中悠希,54.0,ダ,1400.0,稍,91.5,-0.4,1-1-2-1,41.1,468.0,5.0,(ラブリーギャル),100.0
2018102769,ジョーカイ,2023/06/30,浦和,晴,6.0,C2六七八(C2七),12,6.0,8,5.9,3.0,2.0,森泰斗,54.0,ダ,1400.0,良,91.3,0.2,3-3-3-3,40.0,463.0,-2.0,ロジマスタング,40.0
2018102769,ジョーカイ,2023/06/15,川崎,雨,3.0,ローズマリー賞(C3),11,1.0,1,10.7,5.0,1.0,森泰斗,54.0,ダ,1400.0,稍,93.3,-0.7,1-1-2-1,40.5,465.0,-5.0,(スマートアクシオン),120.0
2018102769,ジョーカイ,2023/06/02,浦和,雨,8.0,行田花手水賞(C3),0,3.0,3,,,,菅原涼太,53.0,ダ,1400.0,不,,,,,,,,
2018102769,ジョーカイ,2023/04/28,浦和,晴,8.0,特選(C3),11,4.0,4,9.9,5.0,5.0,和田譲治,54.0,ダ,1500.0,良,99.2,2.1,5-8-10-9,40.8,470.0,-2.0,ロワルゼル,9.0
2018102769,ジョーカイ,2023/03/03,川崎,晴,4.0,C3一二,12,5.0,5,4.0,2.0,9.0,矢野貴之,54.0,ダ,1400.0,良,96.5,1.9,7-7-7-9,42.6,472.0,4.0,シーレカズマ,
2018102769,ジョーカイ,2023/02/17,浦和,晴,8.0,吉川市の花はサツキ賞(C3),12,6.0,7,3.2,2.0,4.0,矢野貴之,54.0,ダ,1400.0,良,92.2,1.1,2-2-3-4,40.2,468.0,-4.0,フェアリートレイル,13.5
2018102769,ジョーカイ,2023/01/13,浦和,曇,10.0,寒桜特別(C3),9,3.0,3,2.2,1.0,5.0,笹川翼,54.0,ダ,1400.0,良,93.5,1.5,6-5-4-6,41.0,472.0,0.0,ウォーターリリー,14.0
2018102769,ジョーカイ,2022/09/22,浦和,晴,3.0,C2五六七(C2六),10,8.0,9,6.9,3.0,2.0,本橋孝太,54.0,ダ,1400.0,稍,91.2,0.0,6-6-3-4,39.7,472.0,13.0,ヤマジュンヒバナ,35.0
2018102769,ジョーカイ,2022/07/21,浦和,曇,9.0,C2六七,11,2.0,2,2.5,1.0,4.0,笹川翼,54.0,ダ,1400.0,良,92.0,0.8,8-7-6-4,39.7,459.0,-16.0,ラストラフ,15.0
2018102769,ジョーカイ,2022/06/30,浦和,晴,7.0,C2四五六(C2五),12,8.0,12,3.5,2.0,3.0,矢野貴之,54.0,ダ,1400.0,良,90.3,0.3,7-7-5-4,38.1,475.0,3.0,フィーネ,20.0
2018102769,ジョーカイ,2022/06/03,浦和,曇,5.0,特選(C3),12,6.0,8,4.3,2.0,1.0,本橋孝太,54.0,ダ,1500.0,良,98.2,0.0,6-6-3-3,40.0,472.0,13.0,(バローロフレイバー),90.0
2018102769,ジョーカイ,2022/05/02,船橋,晴,3.0,C3七八,12,4.0,4,1.4,1.0,1.0,矢野貴之,54.0,ダ,1500.0,不,98.9,-1.0,1-1-1-1,40.0,459.0,-6.0,(プチポワン),80.0
2018102769,ジョーカイ,2022/04/27,浦和,曇,6.0,C3七,12,1.0,1,4.1,3.0,5.0,矢野貴之,54.0,ダ,1400.0,稍,91.3,0.7,5-4-4-5,40.7,465.0,4.0,トレヴァー,8.0
2018102769,ジョーカイ,2022/04/04,川崎,雨,6.0,C3七八,11,5.0,6,3.5,1.0,1.0,矢野貴之,54.0,ダ,1500.0,不,99.1,-0.4,2-2-1-2,41.0,461.0,-2.0,(ユラニュス),80.0
2018102769,ジョーカイ,2022/03/18,浦和,曇,1.0,C34歳エ,9,8.0,9,2.4,1.0,2.0,矢野貴之,54.0,ダ,1300.0,稍,85.6,0.6,5-5-5-3,39.3,463.0,-30.0,ウンジョウノメガミ,28.0
2018102769,ジョーカイ,2021/08/26,浦和,晴,6.0,3歳七,11,6.0,6,3.8,2.0,6.0,笹川翼,54.0,ダ,1400.0,良,93.9,1.7,2-2-3-5,41.9,493.0,0.0,マリンタカチエフミ,
2022103281,タイセイルシエル,2026/07/07,川崎,曇,1.0,C3三四,12,5.0,6,8.9,2.0,5,櫻井光輔,56.0,ダ,1400.0,重,95.6,2.9,5-6-5-5,42.7,438.0,2.0,キタノチャンス,8.0
2022103281,タイセイルシエル,2026/06/19,川崎,曇,5.0,ヴェルザンディ賞(C2C3),10,3.0,3,9.5,4.0,6,櫻井光輔,57.0,ダ,2000.0,重,138.9,2.9,4-4-2-3,44.1,436.0,9.0,アイビーブリッツ,
2022103281,タイセイルシエル,2026/06/05,船橋,曇,8.0,御堂筋エンジ八咫烏記(C2),12,5.0,6,9.4,3.0,9,矢野貴之,56.0,ダ,1500.0,稍,101.8,2.1,6-6-5-7,41.2,427.0,-10.0,サージ,
2022103281,タイセイルシエル,2026/05/14,川崎,晴,3.0,フローラ賞(C2C3),14,7.0,11,7.4,3.0,8,矢野貴之,57.0,ダ,2000.0,良,137.1,1.3,12-12-12-10,40.8,437.0,3.0,ジーティーラピッド,
2022103281,タイセイルシエル,2026/04/06,川崎,晴,7.0,アスターテ賞(C2C3),14,8.0,13,2.9,1.0,5,矢野貴之,55.0,ダ,2000.0,重,138.8,0.6,6-5-1-1,42.1,434.0,-1.0,ネオシャングリラ,15.0
2022103281,タイセイルシエル,2026/03/30,船橋,晴,12.0,カスミソウ賞(C3),12,6.0,8,5.7,4.0,2,矢野貴之,56.0,ダ,1800.0,稍,121.0,0.3,4-4-4-3,39.2,435.0,-3.0,バルクヘッド,35.1
2022103281,タイセイルシエル,2026/03/05,川崎,晴,5.0,アトロポス賞(C2C3),11,7.0,9,15.1,6.0,7,矢野貴之,55.0,ダ,2000.0,重,138.7,2.2,7-6-6-7,42.9,438.0,1.0,イモルテル,
2022103281,タイセイルシエル,2026/02/03,川崎,晴,2.0,リコリス賞(C3),13,4.0,6,3.6,2.0,3,渡辺竜也,56.0,ダ,1500.0,良,100.3,1.1,6-5-5-5,42.1,437.0,5.0,ホウヨウムーン,20.0
2022103281,タイセイルシエル,2026/01/01,川崎,晴,4.0,五煙草賞(C3),14,7.0,12,7.7,3.0,4,桑村真明,56.0,ダ,1500.0,稍,100.3,0.2,9-9-10-10,39.1,432.0,-5.0,ヘウレシス,12.0
2022103281,タイセイルシエル,2025/12/19,川崎,晴,5.0,ティング賞(3歳),9,6.0,6,26.7,7.0,4,町田直希,56.0,ダ,1400.0,稍,93.4,1.1,6-5-6-4,40.7,437.0,6.0,ジンガー,18.0
2022103281,タイセイルシエル,2025/11/04,笠松,曇,3.0,橙理1歳おめでとう記(CC),12,5.0,6,15.9,4.0,3,丸野勝虎,57.0,ダ,1400.0,良,91.0,1.2,6-8-6,39.4,431.0,-10.0,ウインヘリオドール,10.0
2022103281,タイセイルシエル,2025/10/24,笠松,曇,6.0,てんびん座特別(C),9,8.0,8,39.2,7.0,6,丸野勝虎,57.0,ダ,1400.0,良,90.7,1.6,9-9-9,38.8,441.0,5.0,ハワイアンアイコン,
2022103281,タイセイルシエル,2025/10/08,笠松,晴,2.0,好きです笠松競馬(C),9,3.0,3,3.4,2.0,1,渡辺竜也,57.0,ダ,1400.0,良,92.0,-0.1,4-4-4,40.1,436.0,3.0,(アドミリング),40.0
2022103281,タイセイルシエル,2025/09/23,笠松,曇,3.0,山口莉瑚さま生誕祝賀(3歳),8,7.0,7,18.9,5.0,3,塚本征吾,57.0,ダ,1400.0,良,91.9,1.1,5-5-3,39.6,433.0,-6.0,エイシンクァンタム,11.3
2022103281,タイセイルシエル,2025/09/11,笠松,曇,1.0,3歳12組,7,3.0,3,1.2,1.0,1,渡辺竜也,57.0,ダ,1400.0,良,93.0,-0.4,5-5-4,40.1,439.0,9.0,(コルニーシュ),45.0
2022103281,タイセイルシエル,2025/08/16,3中京7,晴,3.0,3歳未勝利,18,7.0,15,94.9,13.0,11,国分優作,57.0,芝,2200.0,良,133.6,1.2,18-18-18-17,34.4,430.0,2.0,テレプシコーラ,
2022103281,タイセイルシエル,2025/07/26,3中京1,晴,11.0,3歳未勝利,14,2.0,2,33.4,7.0,6,幸英明,57.0,芝,2000.0,良,122.2,0.8,14-14-14-14,34.6,428.0,8.0,オーバースタンド,
2022103281,タイセイルシエル,2025/07/06,2小倉4,晴,4.0,3歳未勝利,18,5.0,9,197.2,17.0,13,西塚洸二,56.0,芝,2000.0,良,122.9,0.9,15-14-16-15,36.7,420.0,-4.0,ダノンジャガー,
2022103281,タイセイルシエル,2025/06/15,3阪神4,曇,4.0,3歳未勝利,15,6.0,11,163.2,11.0,9,ディー,57.0,芝,2200.0,重,136.1,1.1,15-15-14-13,36.6,424.0,-2.0,ピエタンツァ,
2022103281,タイセイルシエル,2025/06/01,2京都12,晴,5.0,3歳未勝利,13,1.0,1,220.7,13.0,8,国分優作,57.0,芝,2400.0,良,148.7,1.1,11-11-8-9,35.0,426.0,0.0,ジョイボーイ,
2022103281,タイセイルシエル,2025/04/19,2阪神7,晴,4.0,3歳未勝利,16,4.0,7,223.2,15.0,6,高杉吏麒,56.0,芝,2200.0,良,134.9,1.2,14-15-13-10,36.1,426.0,0.0,ファーングロット,
2022103281,タイセイルシエル,2025/04/06,2阪神4,晴,4.0,3歳未勝利,14,4.0,6,41.3,9.0,11,高杉吏麒,56.0,芝,2400.0,良,149.5,2.9,14-13-8-6,37.7,426.0,2.0,セイキュート,
2022103281,タイセイルシエル,2025/02/22,1京都7,晴,5.0,3歳未勝利,15,7.0,12,197.1,12.0,9,国分優作,57.0,芝,2400.0,良,150.3,1.9,15-14-10-11,35.6,424.0,-2.0,ロットブラータ,
2022103281,タイセイルシエル,2025/02/09,1京都4,晴,6.0,3歳未勝利,13,7.0,11,188.6,11.0,7,国分優作,57.0,芝,2200.0,稍,136.6,0.9,13-13-10-8,36.4,426.0,0.0,ホウオウアートマン,
2022103281,タイセイルシエル,2025/01/26,1中京9,晴,6.0,3歳未勝利,16,7.0,14,620.1,16.0,10,国分優作,57.0,芝,2200.0,良,136.9,1.4,14-14-15-12,36.2,426.0,0.0,ビゾー,
2022103281,タイセイルシエル,2025/01/13,1中京5,晴,3.0,3歳未勝利,16,4.0,8,371.1,16.0,14,国分優作,57.0,ダ,1900.0,良,125.5,3.1,15-15-16-16,39.7,426.0,4.0,ジーティーアメリカ,
2022103281,タイセイルシエル,2024/12/01,4中京2,晴,1.0,2歳未勝利,12,4.0,4,265.3,11.0,9,国分優作,56.0,ダ,1800.0,良,117.0,3.8,12-12-8-7,39.9,422.0,-10.0,ミライヘノカギ,
2022103281,タイセイルシエル,2024/11/10,6京都4,晴,5.0,2歳新馬,10,7.0,7,166.9,10.0,10,酒井学,56.0,芝,2000.0,良,124.3,3.4,9-7-10-10,36.5,432.0,0.0,エコロディノス,
2022103578,ルジュウェール,2026/07/07,川崎,曇,1.0,C3三四,12,8.0,11,32.7,6.0,3,池谷匠翔,56.0,ダ,1400.0,重,94.6,1.9,1-2-2-2,42.5,499.0,-1.0,キタノチャンス,20.0
2022103578,ルジュウェール,2026/06/17,川崎,晴,1.0,C3一二,12,6.0,8,36.5,7.0,6,中越琉世,56.0,ダ,1400.0,稍,94.9,2.0,7-6-2-3,43.3,500.0,2.0,リコースチェッキン,
2022103578,ルジュウェール,2026/06/05,船橋,曇,6.0,C3一,12,3.0,3,76.8,8.0,12,池谷匠翔,56.0,ダ,1500.0,稍,103.1,4.4,10-8-8-9,42.7,498.0,-5.0,ジェスコ,
2022103578,ルジュウェール,2026/05/13,川崎,晴,12.0,2026川崎ジョッキ(C3),14,7.0,11,17.0,7.0,11,本田紀忠,56.0,ダ,1400.0,良,94.7,1.7,9-10-5-5,42.1,503.0,-2.0,リコースチェッキン,
2022103578,ルジュウェール,2026/04/03,船橋,晴,4.0,C3一二,12,8.0,11,4.9,2.0,9,笹川翼,56.0,ダ,1200.0,稍,78.6,3.6,8-6-5,41.2,505.0,0.0,クラヴィウス,
2022103578,ルジュウェール,2026/03/12,船橋,晴,1.0,C3二三,11,3.0,3,9.3,2.0,4,笠野雄大,56.0,ダ,1200.0,良,78.0,2.5,9-6-6,40.0,505.0,-1.0,ベルヴィヴァン,12.0
2022103578,ルジュウェール,2026/02/11,船橋,曇,5.0,C3二,12,2.0,2,4.7,2.0,7,野畑凌,56.0,ダ,1200.0,稍,79.0,2.0,5-7-7,40.9,506.0,1.0,クリノセノーテ,
2022103578,ルジュウェール,2026/01/23,船橋,晴,3.0,C3一特選,13,5.0,7,8.8,3.0,9,桑村真明,56.0,ダ,1500.0,良,100.6,2.5,9-9-9-9,41.4,505.0,8.0,ウェカピポ,
2022103578,ルジュウェール,2025/12/11,船橋,晴,4.0,3歳三,7,6.0,6,1.6,1.0,2,笠野雄大,56.0,ダ,1200.0,良,76.0,0.0,4-2-2,39.3,497.0,-8.0,セイルフリー,40.0
2022103578,ルジュウェール,2025/10/21,盛岡,曇,3.0,C2一組,12,2.0,2,14.1,7.0,1,山本聡哉,56.0,ダ,1400.0,良,85.1,-0.3,8-2,36.9,505.0,-1.0,(スカーレットクロス),40.0
2022103578,ルジュウェール,2025/10/06,水沢,曇,3.0,C2七組,9,5.0,5,1.4,1.0,1,山本聡哉,56.0,ダ,1400.0,稍,90.4,-0.1,2-2-2-1,40.0,506.0,-1.0,(ボンジュルネ),40.0
2022103578,ルジュウェール,2025/09/28,水沢,晴,6.0,C2九組,8,3.0,3,1.7,1.0,2,山本聡哉,56.0,ダ,1300.0,良,85.9,0.5,4-4-4-3,40.3,507.0,7.0,ファンシーデイ,14.0
2022103578,ルジュウェール,2025/08/17,2新潟8,晴,5.0,3歳未勝利,15,5.0,9,124.1,12.0,6,原優介,57.0,ダ,1200.0,良,72.5,0.8,6-6,36.9,500.0,0.0,ハニーローリエ,
2022103578,ルジュウェール,2025/05/17,2東京7,雨,3.0,3歳未勝利,16,7.0,14,128.0,13.0,9,原優介,57.0,ダ,1300.0,稍,80.2,1.5,12-12,37.1,500.0,0.0,シンガソング,
2022103578,ルジュウェール,2025/03/29,3中山1,雨,3.0,3歳未勝利,16,8.0,15,206.1,11.0,7,小林美駒,53.0,ダ,1200.0,稍,73.3,1.0,6-8,38.1,500.0,4.0,リクエイ,
2022103578,ルジュウェール,2025/02/09,1小倉6,曇,3.0,3歳未勝利,14,8.0,14,84.4,12.0,11,永島まな,55.0,ダ,1000.0,稍,60.7,2.3,13-14,36.8,496.0,-3.0,ボルセーナ,
2022103578,ルジュウェール,2025/01/22,笠松,晴,9.0,中津川宿特別(3歳),8,8.0,8,11.8,6.0,4,渡辺竜也,56.0,ダ,1400.0,良,91.0,0.3,3-1-1,40.2,499.0,3.0,ウインギャラン,7.0
2022103578,ルジュウェール,2024/10/20,4東京6,晴,1.0,2歳未勝利,10,6.0,6,33.9,7.0,9,原優介,55.0,ダ,1600.0,良,104.5,4.9,6-8,41.7,496.0,0.0,ファイアトリック,
2022103578,ルジュウェール,2024/10/14,4東京4,晴,5.0,2歳新馬,11,8.0,10,75.2,11.0,10,岩田康誠,56.0,芝,1800.0,良,111.8,4.1,5-5-5,37.4,496.0,0.0,デンクマール,
2022103972,スウィープレジーナ,2026/07/08,川崎,晴,1.0,トウザヨリ賞(C3),11,3.0,3,8.1,4.0,6,野畑凌,54.0,ダ,900.0,稍,57.2,1.0,8-8,38.5,520.0,-2.0,ハナサキポプラ,
2022103972,スウィープレジーナ,2026/06/15,川崎,曇,4.0,ハヤブサ賞(C3),11,6.0,7,6.6,3.0,5,野畑凌,54.0,ダ,900.0,重,57.0,0.6,4-3,38.6,522.0,17.0,モンテジュエル,8.0
2022103972,スウィープレジーナ,2026/05/14,川崎,晴,2.0,イヌワシ賞(C3),12,2.0,2,2.4,1.0,10,野畑凌,54.0,ダ,900.0,良,57.8,0.9,11-11,38.8,505.0,-9.0,ロワン,
2022103972,スウィープレジーナ,2025/12/10,名古屋,晴,4.0,C4組,11,7.0,10,13.7,3.0,7,細川智史,55.0,ダ,1500.0,良,99.8,2.9,1-1-3,43.3,514.0,-3.0,ロングトーン,
2022103972,スウィープレジーナ,2025/10/31,名古屋,雨,6.0,C4組,12,6.0,7,1.9,1.0,8,村上弘樹,55.0,ダ,1400.0,重,93.2,2.3,12-12-9,39.5,517.0,-2.0,リードブロー,
2022103972,スウィープレジーナ,2025/10/17,名古屋,晴,5.0,けいちゃん19歳誕生(C),12,2.0,2,4.0,2.0,6,村上弘樹,55.0,ダ,1500.0,稍,98.9,1.3,1-1-2,41.6,519.0,24.0,スーパーホース,
2022103972,スウィープレジーナ,2025/07/18,名古屋,曇,11.0,けやき杯(OP)(3歳),12,7.0,10,63.6,9.0,11,村上弘樹,55.0,ダ,1700.0,不,112.5,4.3,6-3-9,43.1,495.0,-1.0,トゥーナフォーティ,
2022103972,スウィープレジーナ,2025/07/07,名古屋,晴,10.0,カワセミ特別(3歳),11,4.0,4,18.1,4.0,4,村上弘樹,55.0,ダ,1500.0,良,96.3,1.2,2-2-2,39.4,496.0,-7.0,トゥーナフォーティ,13.5
2022103972,スウィープレジーナ,2025/06/13,名古屋,晴,10.0,カモメ特別(3歳),10,4.0,4,4.3,3.0,10,村上弘樹,55.0,ダ,1700.0,稍,114.2,3.3,8-5-7,41.5,503.0,-2.0,トゥーナフォーティ,
2022103972,スウィープレジーナ,2025/05/20,名古屋,晴,10.0,ツバメ特別(3歳),11,7.0,8,4.2,2.0,5,村上弘樹,55.0,ダ,1500.0,稍,97.3,0.5,6-5-2,40.0,505.0,-3.0,テレヴァカ,9.0
2022103972,スウィープレジーナ,2025/05/05,名古屋,晴,8.0,3歳2組,9,5.0,5,1.6,1.0,1,村上弘樹,55.0,ダ,1500.0,良,97.5,-0.1,4-3-1,39.7,508.0,-17.0,(サンヨウスターダム),58.0
2022103972,スウィープレジーナ,2025/04/21,名古屋,晴,9.0,3歳4組,10,7.0,8,3.4,2.0,2,村上弘樹,55.0,ダ,1500.0,良,98.3,0.1,6-6-4,39.1,525.0,14.0,フローラビーナス,20.3
2022103972,スウィープレジーナ,2025/03/26,名古屋,晴,7.0,3歳3組,11,4.0,4,2.5,2.0,2,村上弘樹,54.0,ダ,1500.0,稍,97.4,0.1,1-1-1,39.1,511.0,-7.0,フミエ,18.9
2022103972,スウィープレジーナ,2025/03/14,名古屋,晴,4.0,3歳4組,12,7.0,9,1.2,1.0,2,村上弘樹,54.0,ダ,1500.0,稍,99.3,0.2,4-3-3,41.3,518.0,-2.0,ユメウラナイ,18.9
2022103972,スウィープレジーナ,2025/02/27,名古屋,晴,1.0,3歳7組,9,5.0,5,1.3,1.0,1,丸野勝虎,54.0,ダ,1500.0,良,98.1,-1.0,1-1-1,40.5,520.0,8.0,(キモンロッソ),54.0
2022103972,スウィープレジーナ,2025/01/19,1中京7,曇,1.0,3歳未勝利,16,7.0,14,52.1,10.0,11,国分恭介,55.0,ダ,1200.0,良,75.1,2.4,10-11,38.6,512.0,4.0,アオイレーギーナ,
2022103972,スウィープレジーナ,2024/12/15,4中京6,晴,1.0,2歳未勝利,15,8.0,14,88.6,11.0,13,国分恭介,55.0,ダ,1800.0,良,117.5,2.5,9-9-12-12,39.1,508.0,-2.0,ヤングアメリカンズ,
2022103972,スウィープレジーナ,2024/10/27,5京都8,晴,4.0,2歳新馬,16,6.0,11,29.1,8.0,11,幸英明,55.0,ダ,1800.0,良,118.4,3.9,10-10-6-8,41.4,510.0,0.0,ゴールデンクラウド,
2022102457,アンビータブルニコ,2026/07/16,浦和,曇,7.0,特選(C3),12,1.0,1,14.7,8.0,7,佐野遥久,54.0,ダ,2000.0,良,135.8,3.1,5-5-7-7,42.6,450.0,2.0,ミノリチャン,
2022102457,アンビータブルニコ,2026/06/26,浦和,雨,12.0,三峰山特別(C2C3),11,8.0,11,92.8,9.0,8,中山遥人,52.0,ダ,2000.0,不,133.2,2.6,2-3-5-7,41.8,448.0,2.0,エクセルグラン,
2022102457,アンビータブルニコ,2026/05/29,浦和,晴,2.0,特選(C3),12,1.0,1,65.7,8.0,9,中山遥人,53.0,ダ,1400.0,良,93.4,2.0,8-9-9-9,40.4,446.0,15.0,レコパンマミー,
2022102457,アンビータブルニコ,2026/04/21,浦和,曇,2.0,浦和800ラウンド(C3),12,7.0,9,183.0,10.0,8,中山遥人,53.0,ダ,800.0,良,50.1,1.7,9-9,36.8,431.0,3.0,スーパーサイクル,
2022102457,アンビータブルニコ,2026/04/01,船橋,雨,4.0,パイライトダッシュ(C3),10,5.0,5,122.3,10.0,7,張田昂,54.0,ダ,1000.0,重,65.2,1.9,9-10,39.7,428.0,-6.0,サンスノーホワイト,
2022102457,アンビータブルニコ,2026/03/20,浦和,雨,2.0,浦和800ラウンド(C2C3),12,4.0,4,100.9,10.0,9,中山遥人,52.0,ダ,800.0,稍,50.4,1.7,9-9,36.7,434.0,8.0,メグ,
2022102457,アンビータブルニコ,2026/02/23,浦和,晴,3.0,君とつむぐ未来賞(C3),10,3.0,3,162.6,10.0,10,見越彬央,54.0,ダ,1500.0,良,101.3,2.6,9-9-9-10,40.8,426.0,-2.0,トウカイディアマン,
2022102457,アンビータブルニコ,2026/01/06,浦和,晴,5.0,新座市制施行55周年(C3),11,4.0,4,247.2,11.0,9,見越彬央,54.0,ダ,1500.0,稍,100.8,2.5,9-10-10-9,41.3,428.0,0.0,ランボー,
2022102457,アンビータブルニコ,2025/12/22,浦和,晴,1.0,3歳一,12,4.0,4,158.4,10.0,9,見越彬央,54.0,ダ,1500.0,良,100.7,3.2,11-10-9-10,40.7,428.0,6.0,タカミノガコイ,
2022102457,アンビータブルニコ,2025/09/18,大井,曇,3.0,3歳選抜牝馬,12,6.0,8,398.4,12.0,10,張田昂,54.0,ダ,1200.0,良,77.2,3.5,11-11,39.0,422.0,1.0,ロッキンミー,
2022102457,アンビータブルニコ,2025/09/02,大井,晴,6.0,3歳選抜牝馬,12,2.0,2,281.6,12.0,12,張田昂,54.0,ダ,1400.0,良,94.1,4.9,7-8-9,42.5,421.0,-2.0,アレゴウドウレモン,
2022102457,アンビータブルニコ,2025/08/12,大井,曇,4.0,3歳七八九(3歳八),13,1.0,1,106.6,9.0,10,張田昂,54.0,ダ,1400.0,重,92.0,3.9,10-10-10,39.9,423.0,0.0,デスティニーホープ,
2022102457,アンビータブルニコ,2025/07/15,大井,雨,3.0,3歳七八,14,5.0,8,185.3,13.0,9,谷内貫太,53.0,ダ,1600.0,重,106.2,2.6,11-12-13-12,40.9,423.0,1.0,オロブランコ,
2022102457,アンビータブルニコ,2025/07/02,大井,曇,4.0,3歳九十,14,3.0,4,52.1,8.0,10,谷内貫太,53.0,ダ,1200.0,良,77.2,3.1,13-13,38.8,422.0,-3.0,チョコレイトビスコ,
2022102457,アンビータブルニコ,2025/06/10,大井,曇,6.0,3歳八九,13,6.0,9,184.8,11.0,10,張田昂,54.0,ダ,1600.0,稍,107.0,2.6,13-13-13-12,41.7,425.0,-6.0,ラストエイトクラブ,
2022102457,アンビータブルニコ,2025/05/20,大井,晴,4.0,3歳十11,12,3.0,3,14.9,6.0,8,張田昂,54.0,ダ,1600.0,稍,106.9,1.5,8-8-9-9,40.6,431.0,8.0,サブノアイナ,
2022102457,アンビータブルニコ,2025/04/28,大井,曇,5.0,3歳1314,12,3.0,4,47.9,9.0,3,張田昂,54.0,ダ,1400.0,稍,90.7,0.6,5-4-4,39.4,423.0,0.0,モナミ,45.0
2022102457,アンビータブルニコ,2025/01/29,大井,晴,5.0,3歳八九,9,3.0,3,16.3,4.0,7,張田昂,54.0,ダ,1200.0,良,78.4,1.6,9-9,39.5,423.0,-6.0,アフターレヴュー,
2022102457,アンビータブルニコ,2025/01/16,大井,曇,1.0,3歳六七,13,4.0,4,104.2,8.0,8,張田昂,54.0,ダ,1600.0,良,107.5,1.9,6-5-4-6,41.9,429.0,-1.0,レペンテ,
2022102457,アンビータブルニコ,2024/12/27,大井,晴,3.0,2歳七八,14,3.0,3,81.7,10.0,8,安藤洋一,54.0,ダ,1200.0,良,77.2,2.5,11-11,39.1,430.0,-3.0,キタサンユージャ,
2022102457,アンビータブルニコ,2024/10/16,大井,曇,5.0,中野区デジタル地域通(2歳),10,1.0,1,5.6,3.0,7,鷹見陸,53.0,ダ,1200.0,良,77.9,0.7,7-6,38.7,433.0,-8.0,キューティバゴ,
2022102457,アンビータブルニコ,2024/10/03,大井,曇,3.0,2歳新馬(新馬),6,6.0,6,9.8,4.0,2,鷹見陸,52.0,ダ,1200.0,良,76.0,0.5,3-3,38.5,441.0,0.0,ウチュウノキボウ,180.0
2018101138,ラピッドフロウ,2026/07/07,川崎,曇,6.0,コリアンダー賞(C3),11,3.0,3,102.4,8.0,5,増田充宏,54.0,ダ,1500.0,重,100.8,3.0,5-4-4-4,43.0,422.0,-2.0,ヤマニントレモロ,9.0
2018101138,ラピッドフロウ,2026/06/18,川崎,曇,5.0,レモングラス賞(C3),12,5.0,6,94.5,10.0,11,増田充宏,54.0,ダ,1500.0,重,101.4,2.9,1-2-8-11,44.2,424.0,0.0,セクレトウェポン,
2018101138,ラピッドフロウ,2026/05/13,川崎,晴,12.0,2026川崎ジョッキ(C3),14,3.0,4,66.2,11.0,6,櫻井光輔,54.0,ダ,1400.0,良,93.9,0.9,12-12-11-10,40.7,424.0,2.0,リコースチェッキン,
2018101138,ラピッドフロウ,2026/04/08,川崎,晴,1.0,枡形山賞(C3),12,7.0,10,157.4,8.0,12,増田充宏,54.0,ダ,1500.0,重,102.0,3.5,3-5-8-11,43.4,422.0,1.0,パーティーキング,
2018101138,ラピッドフロウ,2026/03/19,浦和,曇,2.0,特選(C3),11,7.0,9,70.2,9.0,7,増田充宏,54.0,ダ,1500.0,良,100.9,2.2,6-9-9-7,40.3,421.0,-1.0,オリズジーニー,
2018101138,ラピッドフロウ,2026/03/06,川崎,曇,12.0,ファイナルアンサー賞(C3),14,8.0,14,20.9,8.0,4,増田充宏,54.0,ダ,1500.0,稍,101.5,2.7,6-7-11-10,42.2,422.0,2.0,クインズカヤノヒメ,12.0
2018101138,ラピッドフロウ,2026/02/06,川崎,晴,6.0,C3一二,12,8.0,11,120.6,10.0,9,増田充宏,54.0,ダ,1400.0,良,95.6,2.5,8-11-11-11,40.8,420.0,1.0,マロンルピナス,
2018101138,ラピッドフロウ,2026/01/02,川崎,晴,2.0,めんこ賞(C3),14,6.0,10,141.3,11.0,8,増田充宏,54.0,ダ,1400.0,稍,95.2,2.0,9-9-11-13,41.6,419.0,-2.0,マニーシーン,
2018101138,ラピッドフロウ,2025/12/15,川崎,晴,3.0,ヤマネ賞(C3),12,2.0,2,32.5,7.0,12,増田充宏,54.0,ダ,900.0,重,59.1,1.7,10-10,40.1,421.0,7.0,ダイナマイトブル,
2018101138,ラピッドフロウ,2025/11/21,川崎,晴,12.0,2025川崎ジョッキ(C3),13,7.0,12,33.7,11.0,7,山林堂信,54.0,ダ,1400.0,良,94.2,1.3,4-4-4-9,42.1,414.0,-1.0,ヤサカソレイユ,
2018101138,ラピッドフロウ,2025/10/17,川崎,晴,8.0,C3一二三(C3二),12,8.0,11,19.5,6.0,6,増田充宏,54.0,ダ,1500.0,稍,100.4,1.4,4-4-7-7,42.1,415.0,-7.0,ヘウレシス,
2018101138,ラピッドフロウ,2025/09/10,川崎,晴,5.0,サフラン賞(C3),12,8.0,12,5.9,4.0,8,増田充宏,54.0,ダ,1500.0,稍,101.1,1.3,3-4-4-8,41.9,422.0,4.0,ファイナルワンダー,
2018101138,ラピッドフロウ,2025/08/22,川崎,晴,6.0,オレガノ賞(C3),8,7.0,7,6.2,4.0,5,増田充宏,54.0,ダ,1500.0,良,99.8,0.9,2-2-2-4,42.3,418.0,-4.0,ミストラ,12.0
2018101138,ラピッドフロウ,2025/08/04,川崎,晴,8.0,C3三四五(C3四),12,1.0,1,9.0,3.0,1,増田充宏,54.0,ダ,1500.0,良,99.7,-0.7,5-5-1-1,41.2,422.0,2.0,(イサチルイトムスビ),80.0
2018101138,ラピッドフロウ,2025/07/07,川崎,晴,7.0,C3三四五(C3四),12,1.0,1,45.4,11.0,2,増田充宏,54.0,ダ,1500.0,良,100.0,0.0,4-4-6-4,42.2,420.0,2.0,メイワノワ,32.0
2018101138,ラピッドフロウ,2025/06/18,川崎,晴,3.0,レモングラス賞(C3),12,1.0,1,45.6,9.0,8,増田充宏,54.0,ダ,1500.0,良,100.5,1.6,6-7-11-10,42.5,418.0,-7.0,アイビーブリッツ,
2018101138,ラピッドフロウ,2025/05/16,川崎,晴,6.0,スペアミント賞(C3),12,1.0,1,30.4,8.0,12,増田充宏,54.0,ダ,1500.0,稍,104.6,4.4,7-7-10-11,44.2,425.0,4.0,ホシプリンセス,
2018101138,ラピッドフロウ,2025/04/25,浦和,曇,3.0,特選(C3三),12,3.0,3,36.2,7.0,2,増田充宏,54.0,ダ,1500.0,良,99.7,0.6,4-6-8-7,40.4,421.0,2.0,ユーロックデュード,36.0
2018101138,ラピッドフロウ,2025/04/11,川崎,曇,6.0,カモミール賞(C3),12,5.0,6,34.8,10.0,9,増田充宏,54.0,ダ,1500.0,稍,100.7,1.6,2-2-4-8,43.0,419.0,3.0,トーセンスタイル,
2018101138,ラピッドフロウ,2025/03/07,川崎,晴,5.0,スターアニス賞(C3),5,1.0,1,7.5,3.0,4,張田昂,54.0,ダ,1500.0,重,101.8,1.1,5-5-5-5,42.8,416.0,-2.0,サマーストーリー,18.0
2018101138,ラピッドフロウ,2025/02/07,川崎,晴,2.0,C3三四,10,6.0,6,20.1,6.0,10,増田充宏,54.0,ダ,1400.0,良,94.5,1.4,6-7-9-10,40.7,418.0,-5.0,ゴールデンナイト,
2018101138,ラピッドフロウ,2025/01/02,川崎,晴,2.0,めんこ賞(C3),13,6.0,8,52.1,8.0,5,増田充宏,54.0,ダ,1400.0,良,95.1,0.4,7-8-9-9,40.7,423.0,7.0,フェデフルール,8.0
2018101138,ラピッドフロウ,2024/12/11,川崎,晴,6.0,C2三四五(C2四),14,5.0,8,532.5,14.0,12,増田充宏,54.0,ダ,1500.0,良,100.5,3.1,11-11-14-14,41.3,416.0,1.0,カラリパヤット,
2018101138,ラピッドフロウ,2024/11/14,川崎,曇,7.0,C2六七八(C2七),14,8.0,13,61.2,11.0,11,増田充宏,54.0,ダ,1500.0,良,100.8,3.9,9-10-13-12,42.8,415.0,-2.0,マインドブロン,
2018101138,ラピッドフロウ,2024/10/23,浦和,曇,5.0,寄居特産!風布・小林(C2),12,8.0,12,54.1,6.0,4,増田充宏,54.0,ダ,1500.0,良,98.8,2.1,6-6-7-7,40.4,417.0,-1.0,タロサンダー,15.0
2018101138,ラピッドフロウ,2024/10/09,川崎,曇,5.0,七里ヶ浜賞(C2十),14,5.0,8,187.4,12.0,6,増田充宏,54.0,ダ,1500.0,不,101.5,1.4,8-9-9-9,42.9,418.0,-1.0,デルマアメミット,
2018101138,ラピッドフロウ,2024/09/04,川崎,晴,6.0,C2三四五(C2四),14,3.0,4,6.2,5.0,12,増田充宏,54.0,ダ,1500.0,重,103.0,3.0,4-5-9-11,43.2,419.0,2.0,キャルドーン,
2018101138,ラピッドフロウ,2024/08/07,川崎,曇,6.0,C2三四五(C2四),14,1.0,1,18.2,3.0,14,増田充宏,54.0,ダ,1500.0,良,100.8,3.4,6-7-10-11,42.8,417.0,-5.0,プリーミー,
2018101138,ラピッドフロウ,2024/07/25,川崎,晴,3.0,ペパーミント賞(C3),12,7.0,10,2.8,1.0,1,増田充宏,54.0,ダ,1500.0,良,98.6,-0.9,2-2-1-2,40.9,422.0,4.0,(アルアマル),120.0
2018101138,ラピッドフロウ,2024/07/05,川崎,晴,8.0,コリアンダー賞(C3),10,1.0,1,3.8,2.0,6,森泰斗,54.0,ダ,1500.0,良,99.7,0.8,4-4-4-4,41.5,418.0,1.0,ツワモノ,
2018101138,ラピッドフロウ,2024/06/14,川崎,晴,9.0,もうすぐ開成町町制7(C2七),14,5.0,7,4.7,2.0,3,森泰斗,54.0,ダ,1500.0,良,98.4,0.7,5-5-4-3,40.7,417.0,-5.0,ホウオウヴィーナス,25.0
2018101138,ラピッドフロウ,2024/05/10,川崎,晴,5.0,スペアミント賞(C3),11,1.0,1,4.1,2.0,3,増田充宏,54.0,ダ,1500.0,良,99.3,0.4,4-3-5-5,41.6,422.0,0.0,アルマス,30.0
2018101138,ラピッドフロウ,2024/04/19,浦和,晴,8.0,さいたま市ブランド米(C3),10,2.0,2,12.4,5.0,5,増田充宏,54.0,ダ,1400.0,良,92.8,1.5,8-7-8-8,40.4,422.0,-4.0,ハツネヘイロー,9.0
2018101138,ラピッドフロウ,2024/04/05,川崎,曇,4.0,カモミール賞(C3),12,8.0,11,26.3,5.0,4,増田充宏,54.0,ダ,1500.0,重,101.1,1.6,5-4-9-7,41.7,426.0,-1.0,プリーミー,18.0
2018101138,ラピッドフロウ,2024/03/15,川崎,晴,7.0,スターアニス賞(C3),12,7.0,9,30.0,9.0,2,増田充宏,54.0,ダ,1500.0,稍,100.2,0.7,3-3-3-4,41.7,427.0,0.0,ジョーカイ,48.0
2018101138,ラピッドフロウ,2024/02/01,川崎,晴,4.0,C3三四五(C3四),12,2.0,2,86.7,7.0,5,岩橋勇二,54.0,ダ,1500.0,良,100.9,2.1,7-8-9-6,41.1,427.0,4.0,プリーミー,8.0
2018101138,ラピッドフロウ,2024/01/04,川崎,晴,4.0,C3三四,9,8.0,8,94.1,8.0,5,岩橋勇二,54.0,ダ,1500.0,良,100.7,0.4,4-5-8-7,42.2,423.0,2.0,ニットウナナ,8.0
2018101138,ラピッドフロウ,2023/12/14,川崎,晴,5.0,C2六七,14,6.0,10,21.1,7.0,11,町田直希,54.0,ダ,1500.0,稍,104.1,2.7,5-6-7-12,45.1,421.0,-2.0,ダイスギミッチー,
2018101138,ラピッドフロウ,2023/11/09,川崎,晴,3.0,フルーツタルト賞(C2),10,3.0,3,30.3,7.0,6,伊藤裕人,54.0,ダ,1400.0,良,95.0,1.6,7-7-8-6,41.1,423.0,1.0,アンジェリカル,
2018101138,ラピッドフロウ,2023/10/13,川崎,晴,7.0,迅雷賞(C2),12,6.0,8,50.7,6.0,10,野畑凌,54.0,ダ,900.0,良,58.1,2.4,10-12,38.9,422.0,1.0,マンジュ,
2018101138,ラピッドフロウ,2023/09/13,川崎,晴,6.0,C2三四五(C2四),14,8.0,13,22.8,7.0,14,今野忠成,54.0,ダ,1500.0,良,101.2,2.5,4-7-9-13,43.1,421.0,-1.0,ライパチ,
2018101138,ラピッドフロウ,2023/08/23,川崎,晴,6.0,C2三四五(C2四),11,6.0,7,4.1,1.0,9,今野忠成,54.0,ダ,1500.0,良,99.5,1.4,4-5-8-8,41.4,422.0,-1.0,キャップ,
2018101138,ラピッドフロウ,2023/07/28,川崎,晴,12.0,朝顔賞(C2四),13,6.0,9,19.5,8.0,3,今野忠成,54.0,ダ,1500.0,良,98.7,1.5,4-5-8-4,40.0,423.0,-4.0,アトラクトボイス,25.0
2018101138,ラピッドフロウ,2023/07/04,川崎,晴,7.0,擬宝珠賞(C2五),12,6.0,8,7.1,5.0,7,今野忠成,54.0,ダ,1500.0,良,99.9,2.2,3-3-2-3,42.3,427.0,2.0,ジーソウルブラザー,
2018101138,ラピッドフロウ,2023/06/15,川崎,雨,7.0,泰山木賞(C2),14,7.0,11,4.7,3.0,2,今野忠成,54.0,ダ,1500.0,稍,98.9,0.0,2-2-2-2,41.4,425.0,0.0,フォルトゥナータ,40.0
2018101138,ラピッドフロウ,2023/05/19,川崎,雨,8.0,鈴蘭賞(C2),14,8.0,14,4.1,3.0,2,今野忠成,54.0,ダ,1500.0,稍,99.2,0.9,3-3-2-2,40.4,425.0,2.0,チャームインレース,40.0
2018101138,ラピッドフロウ,2023/04/07,川崎,雨,3.0,C2七八九(C2八),14,5.0,8,68.9,9.0,2,今野忠成,54.0,ダ,1500.0,稍,98.5,0.7,5-5-5-4,40.2,423.0,-3.0,ウインモリオン,40.0
2018101138,ラピッドフロウ,2023/03/16,船橋,晴,6.0,馬い!佐賀小松レモン(C2),12,5.0,5,15.2,6.0,7,町田直希,54.0,ダ,1500.0,良,102.7,1.4,2-2-2-2,41.1,426.0,0.0,ハニーズスマイル,
2018101138,ラピッドフロウ,2023/03/02,川崎,曇,7.0,2022レディスジョ(C3),8,3.0,3,2.6,1.0,3,神尾香澄,54.0,ダ,1400.0,良,95.7,0.2,5-5-7-5,41.1,426.0,-1.0,シンキングアイル,40.0
2018101138,ラピッドフロウ,2023/02/02,川崎,曇,5.0,C3一二三(C3二),12,5.0,5,33.5,8.0,3,張田昂,54.0,ダ,1500.0,良,100.5,0.7,4-4-4-4,41.0,427.0,-3.0,ダークオブザナイト,20.0
2018101138,ラピッドフロウ,2023/01/06,川崎,晴,4.0,C3一二三(C3二),12,5.0,6,17.5,6.0,5,張田昂,54.0,ダ,1500.0,良,100.4,0.9,1-1-3-1,41.2,430.0,-1.0,オルオル,8.0
2018101138,ラピッドフロウ,2022/12/15,川崎,晴,12.0,山賊大照典?絶対革取(C2五),13,5.0,6,10.9,5.0,6,張田昂,54.0,ダ,1500.0,稍,100.9,2.3,7-7-6-7,42.5,431.0,-4.0,ガリンシャ,
2018101138,ラピッドフロウ,2022/11/09,川崎,晴,5.0,C2四五六(C2五),13,7.0,11,11.3,7.0,10,張田昂,54.0,ダ,1500.0,良,99.8,2.1,5-5-7-8,42.2,435.0,-3.0,デルマローレライ,
2018101138,ラピッドフロウ,2022/10/13,川崎,雨,12.0,紅葉葵賞(C2五),13,7.0,11,4.4,3.0,5,張田昂,54.0,ダ,1500.0,重,99.6,1.7,6-5-7-5,41.8,438.0,2.0,オースター,10.0
2018101138,ラピッドフロウ,2022/09/14,川崎,晴,12.0,秋明菊賞(C2),14,6.0,10,7.2,4.0,2,張田昂,54.0,ダ,1500.0,良,97.9,0.4,5-4-4-4,40.3,436.0,5.0,シンボリビーノ,40.0
2018101138,ラピッドフロウ,2022/08/28,川崎,曇,8.0,前田玲奈は生涯ビギナ(C3二),12,1.0,1,2.3,1.0,3,御神本訓,54.0,ダ,1500.0,稍,98.2,0.5,3-3-5-3,40.1,431.0,-1.0,バーガンディ,20.0
2018101138,ラピッドフロウ,2022/08/04,川崎,雨,7.0,C3一二三(C3二),12,4.0,4,8.7,5.0,3,張田昂,54.0,ダ,1500.0,稍,96.5,0.5,4-4-4-3,40.2,432.0,0.0,フジサクラ,20.0
2018101138,ラピッドフロウ,2022/07/06,川崎,曇,6.0,C3一二三(C3二),12,1.0,1,4.8,2.0,3,和田譲治,54.0,ダ,1500.0,良,99.4,1.7,4-3-3-4,43.2,432.0,6.0,ジョウハリ,20.0
2018101138,ラピッドフロウ,2022/06/16,川崎,曇,7.0,C2四五六(C2五),14,6.0,9,14.6,4.0,6,和田譲治,54.0,ダ,1500.0,稍,99.1,1.1,4-3-4-4,42.1,426.0,-2.0,アトラクトボイス,
2018101138,ラピッドフロウ,2022/05/17,川崎,曇,7.0,霞草賞(C2五),14,3.0,4,26.0,5.0,6,池谷匠翔,53.0,ダ,1500.0,重,97.2,1.2,11-11-10-8,39.7,428.0,3.0,ノーブルテラ,
2018101138,ラピッドフロウ,2022/05/04,船橋,晴,5.0,C2八九,12,1.0,1,6.7,3.0,5,池谷匠翔,53.0,ダ,1500.0,重,99.5,0.7,6-5-7-6,41.8,425.0,2.0,イシノビバーチェ,10.0
2018101138,ラピッドフロウ,2022/04/06,川崎,晴,5.0,C2六七八(C2七),14,3.0,3,14.9,5.0,6,池谷匠翔,53.0,ダ,1500.0,重,97.9,0.3,8-7-11-9,39.5,423.0,5.0,シンキングポケット,
2018101138,ラピッドフロウ,2022/03/25,船橋,晴,6.0,C2十十一,12,3.0,3,10.8,5.0,4,池谷匠翔,53.0,ダ,1500.0,重,98.8,0.5,4-5-6-6,40.2,418.0,-8.0,ワンリーフ,15.0
2018101138,ラピッドフロウ,2022/03/04,川崎,晴,12.0,折鶴蘭賞(C2八),14,5.0,7,52.9,10.0,4,池谷匠翔,53.0,ダ,1500.0,良,96.7,0.1,3-4-4-4,40.3,426.0,4.0,アトラクトボイス,15.0
2018101138,ラピッドフロウ,2022/02/04,川崎,曇,6.0,C3一二三(C3二),12,1.0,1,66.6,9.0,3,池谷匠翔,53.0,ダ,1500.0,良,99.0,0.2,4-4-4-5,41.6,422.0,6.0,サフランポケット,20.0
2018101138,ラピッドフロウ,2022/01/03,川崎,晴,12.0,2022川崎ジョッキ(C3),14,7.0,11,10.7,5.0,4,池谷匠翔,53.0,ダ,1500.0,良,99.4,1.2,6-6-5-6,41.1,416.0,-2.0,ギャップオブリアル,13.5
2018101138,ラピッドフロウ,2021/12/14,川崎,曇,9.0,鴛鴦特別(3歳),14,3.0,3,24.0,9.0,9,本田正重,54.0,ダ,1500.0,重,97.3,1.4,8-9-10-10,40.5,418.0,-8.0,ワンダーウォール,
2018101138,ラピッドフロウ,2021/11/12,川崎,晴,8.0,梟特別(3歳),14,1.0,1,13.5,7.0,9,古岡勇樹,52.0,ダ,1600.0,稍,107.1,2.1,13-14-14-14,40.9,426.0,-6.0,アレッサンドロ,
2018101138,ラピッドフロウ,2021/09/23,門別,曇,4.0,産業遺産サンゴの滝賞(C3),8,8.0,8,26.4,3.0,3,小野楓馬,54.0,ダ,1700.0,重,110.9,0.8,7-7-7-7,39.4,432.0,-4.0,ヴァルガス,6.3
2018101138,ラピッドフロウ,2021/09/08,門別,曇,10.0,フジバカマ特別(C3),9,4.0,4,19.3,5.0,6,小野楓馬,54.0,ダ,1800.0,重,119.3,1.9,3-5-6-7,40.8,436.0,6.0,ペイシャスカイ,
2018101138,ラピッドフロウ,2021/08/11,門別,晴,3.0,3歳以上C4ー1,9,6.0,6,7.3,4.0,1,小野楓馬,54.0,ダ,1700.0,重,110.3,0.0,5-5-3-4,39.3,430.0,2.0,(エスケイダンサー),30.0
2018101138,ラピッドフロウ,2021/07/28,門別,晴,6.0,3歳以上C4ー2,8,4.0,4,7.9,3.0,4,小野楓馬,54.0,ダ,1600.0,良,108.2,2.1,1-1-1-2,42.9,428.0,2.0,ヒートヘイズ,4.2
2018101138,ラピッドフロウ,2021/07/13,門別,晴,4.0,3歳以上C4ー2,9,2.0,2,3.1,2.0,5,小野楓馬,54.0,ダ,1700.0,稍,113.6,1.8,1-1-1-1,43.5,426.0,10.0,ダグラス,2.1
2018101138,ラピッドフロウ,2021/06/10,門別,晴,6.0,3歳以上C4ー3,8,4.0,4,2.7,2.0,3,小野楓馬,54.0,ダ,1700.0,良,113.1,0.2,2-2-2-1,42.7,416.0,2.0,ソウヤミサキ,6.3
2018101138,ラピッドフロウ,2021/05/26,門別,晴,3.0,3歳条件4ー2,9,4.0,4,3.5,2.0,2,小野楓馬,54.0,ダ,1700.0,稍,111.6,0.6,4-3-2-2,40.2,414.0,-4.0,クライマックス,11.2
2018101138,ラピッドフロウ,2021/05/13,門別,曇,7.0,3歳条件4ー2,10,6.0,6,7.5,3.0,2,小野楓馬,54.0,ダ,1600.0,良,105.5,0.7,2-2-2-2,41.1,418.0,0.0,ママズコフィ,11.2
2018101138,ラピッドフロウ,2021/04/28,門別,曇,3.0,3歳条件4ー2,9,2.0,2,26.3,7.0,2,小野楓馬,54.0,ダ,1600.0,良,106.3,0.3,1-1-1-1,41.8,418.0,-6.0,ジェネシスムーン,11.2
2018101138,ラピッドフロウ,2021/04/14,門別,曇,3.0,3歳条件4ー2,9,4.0,4,30.2,8.0,6,服部茂史,54.0,ダ,1700.0,稍,114.3,1.6,7-8-8-7,40.2,424.0,10.0,クラウォー,
2018101138,ラピッドフロウ,2021/03/03,姫路,晴,7.0,3歳C1,12,6.0,7,7.1,4.0,6,大柿一真,54.0,ダ,1500.0,重,101.8,2.3,3-3-4-5,41.1,414.0,0.0,サルバトーレミノル,
2018101138,ラピッドフロウ,2021/02/18,姫路,晴,7.0,3歳C1,12,2.0,2,7.9,3.0,3,大柿一真,54.0,ダ,1500.0,良,100.0,0.0,1-1-1-1,40.3,414.0,2.0,ウォニー,8.4
2018101138,ラピッドフロウ,2021/02/02,姫路,晴,9.0,3歳BC1,10,8.0,10,65.9,8.0,6,大柿一真,54.0,ダ,1400.0,稍,93.3,1.0,6-7-5-5,40.3,412.0,4.0,ハングタイム,
2018101138,ラピッドフロウ,2021/01/20,姫路,晴,6.0,3歳C1,12,5.0,5,12.4,5.0,7,中田貴士,54.0,ダ,1400.0,良,94.0,1.6,11-11-11-11,39.2,408.0,-3.0,ブラックアピス,
2018101138,ラピッドフロウ,2020/12/31,園田,晴,2.0,2歳300万円以下二,8,6.0,6,7.0,4.0,7,吉村智洋,54.0,ダ,1230.0,重,84.4,1.6,8-8-8-8,40.2,411.0,-4.0,ノルトクリーガー,
2018101138,ラピッドフロウ,2020/12/10,園田,晴,2.0,2歳200万円以下,8,8.0,8,2.3,1.0,5,吉村智洋,54.0,ダ,1400.0,良,94.4,1.5,4-4-3-4,40.5,415.0,-5.0,クレモナ,6.4
2018101138,ラピッドフロウ,2020/11/03,門別,晴,11.0,ブロッサムカップ〔H(重賞),11,1.0,1,39.5,9.0,7,赤岡修次,54.0,ダ,1700.0,不,110.0,0.8,10-11-10-10,37.7,420.0,-4.0,モリノオーシャン,
2018101138,ラピッドフロウ,2020/10/22,門別,曇,4.0,2歳3組,9,6.0,6,51.8,8.0,3,服部茂史,54.0,ダ,1700.0,稍,112.1,2.2,9-9-9-7,39.6,424.0,2.0,ラペルーズ,9.0
2018101138,ラピッドフロウ,2020/10/01,門別,曇,2.0,頼れるパイセン桜井賞(未勝利)(2歳),8,5.0,5,3.1,2.0,1,服部茂史,54.0,ダ,1200.0,稍,75.8,0.0,7-6,37.3,422.0,-2.0,(リコーセイラン),50.0
2018101138,ラピッドフロウ,2020/09/17,門別,曇,2.0,2歳未勝利(未勝利),9,3.0,3,37.6,8.0,2,服部茂史,54.0,ダ,1200.0,重,74.7,0.5,6-6,37.2,424.0,-6.0,ラペルーズ,10.0
2018101138,ラピッドフロウ,2020/09/03,門別,曇,2.0,じっくりコトコト・夏(未勝利)(2歳),12,1.0,1,100.4,8.0,10,服部茂史,54.0,ダ,1200.0,稍,78.1,3.0,10-10,40.3,430.0,2.0,ラストヴィグラス,
2018101138,ラピッドフロウ,2020/08/19,門別,晴,1.0,2歳未勝利(未勝利),12,7.0,10,82.6,9.0,3,服部茂史,54.0,ダ,1200.0,良,77.1,1.8,9-9,38.5,428.0,-4.0,ランブラスト,7.5
2018101138,ラピッドフロウ,2020/08/06,門別,曇,2.0,2歳未勝利(未勝利),12,6.0,7,192.0,11.0,5,服部茂史,54.0,ダ,1100.0,稍,70.4,1.2,9-9,38.7,432.0,4.0,カガヤキ,2.5
2018101138,ラピッドフロウ,2020/07/01,門別,曇,5.0,2歳未勝利(未勝利),10,3.0,3,60.0,6.0,8,桑村真明,54.0,ダ,1100.0,重,71.2,2.4,5-6,41.0,428.0,0.0,エイシンイナズマ,
2018101138,ラピッドフロウ,2020/06/09,門別,晴,1.0,2歳未勝利(未勝利),12,8.0,11,10.5,4.0,7,小野楓馬,53.0,ダ,1000.0,良,65.2,2.2,6-7,39.7,428.0,8.0,エイシンイージス,
2018101138,ラピッドフロウ,2020/05/21,門別,晴,4.0,JRA認定フレッシュ(新馬)(2歳),8,6.0,6,108.3,8.0,5,小野楓馬,53.0,ダ,1100.0,良,71.0,2.4,5-6,40.4,420.0,0.0,スマイルミュ,10.0
2021103886,シュヴァイゲン,2026/07/10,川崎,晴,8.0,コンコルディア賞(C2C3),7,6.0,6,17.8,5.0,6.0,藤江渉,55.0,ダ,2000.0,良,140.6,2.3,1-1-1-1,40.7,512.0,3.0,エルキーオ,
2021103886,シュヴァイゲン,2026/06/17,川崎,晴,5.0,C2三四,12,8.0,11,108.5,11.0,12.0,藤江渉,56.0,ダ,1400.0,稍,95.3,3.7,12-11-11-12,41.2,509.0,2.0,フェアーメロディ,
2021103886,シュヴァイゲン,2026/05/26,浦和,曇,4.0,C2五六,11,2.0,2,45.2,6.0,4.0,中山遥人,55.0,ダ,1500.0,稍,99.5,1.1,10-11-10-7,38.6,507.0,-2.0,ジーティーアムール,15.0
2021103886,シュヴァイゲン,2026/05/14,川崎,曇,6.0,パティオ賞(C2),11,8.0,10,118.0,10.0,8.0,中山遥人,55.0,ダ,1500.0,良,99.7,2.6,9-10-9-9,42.0,509.0,-2.0,エクセルブラック,
2021103886,シュヴァイゲン,2026/04/07,川崎,曇,8.0,イースター賞(C2),13,6.0,9,31.8,8.0,9.0,中山遥人,55.0,ダ,1500.0,重,100.4,1.4,7-8-6-6,42.6,511.0,5.0,キミハレモネード,
2021103886,シュヴァイゲン,2026/03/16,浦和,晴,6.0,C2五六,11,5.0,5,8.2,6.0,5.0,中山遥人,55.0,ダ,1500.0,稍,99.6,1.2,6-6-6-6,38.9,506.0,-5.0,ダイゴホマレリュウ,10.0
2021103886,シュヴァイゲン,2026/03/03,川崎,雨,4.0,スターアニス賞(C3),10,6.0,6,6.4,3.0,1.0,中山遥人,54.0,ダ,1500.0,重,99.5,0.0,5-5-5-3,40.1,511.0,0.0,(ファイアーワークス),90.0
2021103886,シュヴァイゲン,2026/02/03,川崎,晴,2.0,リコリス賞(C3),13,8.0,14,11.3,3.0,6.0,中山遥人,54.0,ダ,1500.0,良,100.6,1.4,1-2-2-1,43.0,511.0,8.0,ホウヨウムーン,
2021103886,シュヴァイゲン,2026/01/01,川崎,晴,4.0,五煙草賞(C3),14,3.0,3,5.0,2.0,3.0,中山遥人,54.0,ダ,1500.0,稍,100.2,0.1,3-3-4-4,41.5,503.0,-9.0,ヘウレシス,20.0
2021103886,シュヴァイゲン,2025/12/19,川崎,晴,12.0,47thホワイトクリ(C1C2),12,6.0,8,22.5,5.0,12.0,藤江渉,55.0,ダ,1600.0,稍,109.6,4.5,1-1-1-2,45.1,512.0,5.0,グレッチャー,
2021103886,シュヴァイゲン,2025/11/20,川崎,晴,7.0,C2六七八(C2七),11,1.0,1,9.9,4.0,4.0,藤江渉,56.0,ダ,1400.0,良,92.5,0.8,9-8-7-4,40.6,507.0,7.0,シェナベスト,15.0
2021103886,シュヴァイゲン,2025/10/29,浦和,晴,5.0,C2八九,12,5.0,6,103.1,10.0,8.0,櫻井光輔,56.0,ダ,1400.0,稍,90.9,1.4,5-5-1-2,40.4,500.0,-3.0,アイファーシャドー,
2021103886,シュヴァイゲン,2025/10/14,川崎,曇,7.0,材木座賞(C2五),14,7.0,12,30.8,8.0,12.0,櫻井光輔,56.0,ダ,1500.0,良,100.4,3.4,4-4-7-6,43.5,503.0,5.0,キャッスルシャイン,
2021103886,シュヴァイゲン,2025/09/26,浦和,晴,12.0,テレ玉BACHプラザ(C2C3),12,5.0,5,4.5,3.0,6.0,野畑凌,57.0,ダ,2000.0,良,135.2,2.2,2-1-2-2,43.5,498.0,-2.0,ビーチガール,
2021103886,シュヴァイゲン,2025/09/11,川崎,雨,12.0,グリーンチャンネル開(C2),0,8.0,14,,,,櫻井光輔,56.0,ダ,1500.0,不,,,,,,,,
2021103886,シュヴァイゲン,2025/08/22,川崎,晴,8.0,C2三四五(C2四),10,2.0,2,10.6,5.0,4.0,櫻井光輔,56.0,ダ,1500.0,良,99.3,0.7,1-1-1-1,41.5,500.0,2.0,ガルニエ,15.0
2021103886,シュヴァイゲン,2025/08/07,川崎,曇,12.0,クロート賞(C1C2),14,5.0,8,10.3,5.0,13.0,野畑凌,55.0,ダ,2000.0,良,139.3,4.6,2-2-1-5,45.7,498.0,-2.0,ケイツーバルボア,
2021103886,シュヴァイゲン,2025/07/07,川崎,晴,6.0,コンコルディア賞(C3),14,7.0,11,4.1,2.0,1.0,野畑凌,56.0,ダ,2000.0,良,137.5,-0.5,1-1-1-1,42.8,500.0,-6.0,(ガルヴァニック),90.0
2021103886,シュヴァイゲン,2025/06/13,大井,晴,1.0,C3一二,12,6.0,8,9.9,4.0,1.0,町田直希,56.0,ダ,1600.0,重,104.5,-0.2,3-3-3-2,40.6,506.0,6.0,(イケノギャルチャン),80.0
2021103886,シュヴァイゲン,2025/05/22,大井,晴,1.0,C3一二,13,7.0,11,60.7,11.0,4.0,藤田凌,56.0,ダ,1600.0,良,104.4,1.4,2-3-3-2,39.9,500.0,-3.0,ノビシロ,12.0
2021103886,シュヴァイゲン,2025/05/01,大井,晴,1.0,C3二三,10,6.0,6,4.0,3.0,10.0,矢野貴之,56.0,ダ,1600.0,稍,107.0,2.4,9-9-9-9,41.3,503.0,6.0,ミラキュラスシティ,
2021103886,シュヴァイゲン,2025/04/15,大井,晴,1.0,C3四五,10,6.0,6,10.0,4.0,5.0,江里口裕,56.0,ダ,1600.0,重,105.1,1.5,2-2-3-3,40.9,497.0,-1.0,イッツバッド,8.0
2021103886,シュヴァイゲン,2025/03/25,大井,晴,1.0,C3四五,14,8.0,14,26.4,9.0,8.0,江里口裕,56.0,ダ,1600.0,稍,105.6,1.3,2-2-2-2,41.6,498.0,2.0,スペシャルサンデー,
2021103886,シュヴァイゲン,2025/03/10,大井,晴,2.0,C3六七,12,1.0,1,30.9,5.0,2.0,江里口裕,56.0,ダ,1600.0,重,105.5,1.0,5-4-4-4,40.1,496.0,2.0,ウエストリーダー,32.0
2021103886,シュヴァイゲン,2025/02/18,大井,晴,2.0,C3七八,14,4.0,6,59.6,6.0,10.0,江里口裕,56.0,ダ,1600.0,良,106.9,2.2,4-4-4-4,42.3,494.0,2.0,フェアクラウド,
2021103886,シュヴァイゲン,2025/01/28,大井,晴,2.0,C3六七,14,3.0,4,36.7,7.0,7.0,江里口裕,56.0,ダ,1600.0,良,107.1,0.5,11-10-9-9,40.1,492.0,-4.0,サンシップ,
2021103886,シュヴァイゲン,2025/01/13,大井,晴,4.0,C3八九,12,7.0,10,21.5,6.0,12.0,江里口裕,56.0,ダ,1600.0,稍,110.0,5.2,2-2-2-2,46.1,496.0,1.0,シャラク,
2021103886,シュヴァイゲン,2024/12/29,大井,晴,1.0,3歳三四,11,3.0,3,18.3,5.0,7.0,野畑凌,56.0,ダ,1600.0,良,105.8,2.3,7-7-8-7,41.6,495.0,-2.0,イイデカンタロウ,
2021103886,シュヴァイゲン,2024/12/05,大井,晴,2.0,3歳四五,8,3.0,3,12.3,5.0,4.0,野畑凌,56.0,ダ,1600.0,良,105.0,1.1,2-2-1-1,40.7,497.0,-1.0,アーススピリット,21.0
2021103886,シュヴァイゲン,2024/11/13,名古屋,晴,6.0,C10組,12,1.0,1,11.5,4.0,7.0,岡部誠,56.0,ダ,1500.0,良,98.9,2.8,3-4-5,41.5,498.0,0.0,リーサムギニー,
2021103886,シュヴァイゲン,2024/10/30,名古屋,晴,3.0,C20組,12,4.0,4,11.3,4.0,1.0,岡部誠,56.0,ダ,1400.0,重,89.8,-0.4,2-2-1,39.7,498.0,10.0,(ジュンフィレンツェ),50.0
2021103886,シュヴァイゲン,2024/10/07,盛岡,小雨,3.0,C2七組,10,1.0,1,3.6,3.0,4.0,坂口裕一,56.0,ダ,1200.0,良,75.6,1.0,6-6,38.0,488.0,0.0,マニフィックブリエ,5.2
2021103886,シュヴァイゲン,2024/09/29,水沢,晴,6.0,3歳C2一組,9,7.0,7,8.8,4.0,4.0,鈴木祐,56.0,ダ,1300.0,良,85.6,2.6,3-3-3-4,41.8,488.0,2.0,リュウノタブーク,5.9
2021103886,シュヴァイゲン,2024/09/10,水沢,晴,6.0,3歳C1三組,10,8.0,10,24.8,5.0,4.0,鈴木祐,56.0,ダ,1400.0,良,91.8,1.1,5-5-4-2,41.5,486.0,-6.0,ゴールドマジカル,7.2
2021103886,シュヴァイゲン,2024/08/27,盛岡,雨,8.0,エメラルド賞(3歳),10,5.0,5,119.6,9.0,10.0,佐々木志,55.0,ダ,1600.0,稍,104.1,4.2,9-9,41.3,492.0,0.0,ジュリアスローズ,
2021103886,シュヴァイゲン,2024/08/19,盛岡,晴,6.0,3歳C2三組,8,4.0,4,5.6,3.0,6.0,南郷家全,56.0,ダ,1200.0,良,75.4,1.5,4-5,38.6,492.0,2.0,ミツカネエリーズ,
2021103886,シュヴァイゲン,2024/08/05,盛岡,晴,5.0,3歳C2三組,10,5.0,5,7.1,4.0,6.0,南郷家全,56.0,ダ,1200.0,重,73.9,1.0,6-5,37.6,490.0,-3.0,ブライティアブエナ,
2021103886,シュヴァイゲン,2024/06/27,船橋,曇,8.0,ナイスサドル特別(3歳未格),8,7.0,7,15.6,5.0,4.0,和田譲治,56.0,ダ,1600.0,良,104.6,1.6,7-7-5-6,40.6,493.0,-1.0,メンドロントット,37.5
2021103886,シュヴァイゲン,2024/04/21,1福島6,晴,6.0,3歳未勝利,15,4.0,6,191.0,14.0,9.0,亀田温心,57.0,ダ,1700.0,良,109.0,1.8,8-9-9-10,40.7,494.0,10.0,アベベ,
2021103886,シュヴァイゲン,2024/01/06,1京都1,晴,2.0,3歳未勝利,16,4.0,8,54.6,10.0,15.0,ルメート,57.0,ダ,1900.0,良,128.6,5.9,6-7-9-12,44.2,484.0,4.0,ハーバーライト,
2021103886,シュヴァイゲン,2023/10/14,2京都4,曇,3.0,2歳未勝利,11,8.0,10,122.5,8.0,10.0,団野大成,56.0,芝,1600.0,良,95.9,1.4,7-7,36.0,480.0,0.0,バレルターン,
2021103886,シュヴァイゲン,2023/09/17,4阪神4,晴,5.0,2歳新馬,9,8.0,8,6.0,4.0,8.0,西村淳也,55.0,芝,2000.0,良,123.6,2.4,7-7-5-5,38.3,480.0,0.0,ザパリスマッチ,
