horse_id,horse_name,date,course,weather,race_number,race_name,num_horses,bracket_number,horse_number,odds,popularity,rank,jockey,weight_carried,surface,distance,track_condition,time,margin,passing_order,last_3f,horse_weight,weight_diff,winner_name,prize
2021104751,オリエンタルナイト,2026/06/27,高知,曇,8.0,C2ー3,9,2.0,2,45.2,7.0,9,木村直輝,57.0,ダ,1400.0,不,93.7,3.7,9-9-9-9,42.3,511.0,1.0,ポッドロイ,
2021104751,オリエンタルナイト,2026/06/13,高知,晴,8.0,C2ー3,10,5.0,5,13.3,5.0,7,木村直輝,57.0,ダ,1600.0,稍,110.9,2.2,10-10-7-8,42.4,510.0,-8.0,オセアハートマン,
2021104751,オリエンタルナイト,2026/05/10,1新潟4,晴,10.0,五泉特別(2勝クラス),14,5.0,8,136.9,14.0,14,亀田温心,52.0,ダ,1800.0,良,116.9,4.8,14-14-14-14,41.0,518.0,-4.0,マンオブザマッチ,
2021104751,オリエンタルナイト,2026/03/28,1中京5,晴,10.0,TAインディア賞(2勝クラス),12,2.0,2,217.3,12.0,12,鷲頭虎太,58.0,芝,2200.0,良,137.1,1.8,12-12-10-12,34.4,522.0,-2.0,ディーガレジェンド,
2021104751,オリエンタルナイト,2026/03/15,2中山6,晴,8.0,4歳以上2勝クラス,10,8.0,9,241.2,10.0,10,角田大和,58.0,芝,1600.0,良,94.2,2.2,10-10-10,35.0,524.0,-6.0,インパクトシー,
2021104751,オリエンタルナイト,2025/12/07,5阪神2,晴,8.0,3歳以上2勝クラス,8,1.0,1,135.3,7.0,8,小崎綾也,58.0,芝,1800.0,良,107.8,2.7,3-2,36.4,530.0,0.0,ジーティームソウ,
2021104751,オリエンタルナイト,2025/09/28,4阪神9,曇,9.0,兵庫特別(2勝クラス),12,2.0,2,214.4,11.0,10,川又賢治,54.0,芝,2400.0,良,147.4,1.6,5-6-6-6,34.7,530.0,2.0,ダノンシーマ,
2021104751,オリエンタルナイト,2025/05/24,1新潟7,曇,4.0,障害4歳以上未勝利,13,2.0,2,32.2,8.0,中,森一馬,59.0,障,2890.0,良,,,,,528.0,2.0,サクセスバラード,
2021104751,オリエンタルナイト,2025/05/10,1新潟3,曇,1.0,障害4歳以上未勝利,14,6.0,10,21.1,5.0,9,森一馬,59.0,障,2890.0,稍,197.2,5.8,13-12-12-12,13.6,526.0,4.0,コスモチプリア,
2021104751,オリエンタルナイト,2025/02/22,1小倉9,晴,10.0,皿倉山特別(2勝クラス),13,6.0,9,73.5,13.0,11,小崎綾也,57.0,芝,2600.0,良,161.1,2.2,12-11-10-11,36.7,522.0,-6.0,ヴォランテ,
2021104751,オリエンタルナイト,2024/12/22,5中山8,晴,9.0,グッドラックH(2勝クラス),16,7.0,14,124.6,16.0,12,戸崎圭太,54.0,芝,2500.0,良,155.0,2.8,14-14-13-12,37.7,528.0,8.0,スティンガーグラス,
2021104751,オリエンタルナイト,2024/11/02,3福島1,雨,10.0,三陸特別(2勝クラス),16,8.0,16,16.7,8.0,16,西塚洸二,54.0,芝,2600.0,重,171.9,5.9,3-2-5-16,43.4,520.0,6.0,ヴェルミセル,
2021104751,オリエンタルナイト,2024/08/18,3新潟4,晴,10.0,阿賀野川特別(2勝クラス),13,7.0,12,19.6,5.0,9,津村明秀,55.0,芝,2200.0,良,134.7,2.8,3-3-5-6,37.2,514.0,-4.0,ピースワンデュック,
2021104751,オリエンタルナイト,2024/07/21,2福島8,晴,12.0,3歳以上1勝クラス,12,8.0,12,5.4,2.0,1,戸崎圭太,55.0,芝,2600.0,良,161.1,-0.1,5-5-3-2,36.0,518.0,0.0,(マグマオーシャン),800.0
2021104751,オリエンタルナイト,2024/05/19,1新潟8,晴,5.0,3歳未勝利,16,8.0,16,5.4,2.0,1,小崎綾也,57.0,芝,2200.0,良,136.8,0.0,9-8-7-5,36.8,518.0,-4.0,(パンジャ),550.0
2021104751,オリエンタルナイト,2024/04/28,1新潟2,晴,5.0,3歳未勝利,15,2.0,2,3.5,3.0,5,今村聖奈,54.0,芝,2400.0,良,150.4,0.2,12-10-3-2,35.8,522.0,4.0,ハイラント,55.0
2021104751,オリエンタルナイト,2024/03/03,2小倉8,晴,5.0,3歳未勝利,12,6.0,7,1.8,1.0,3,浜中俊,57.0,芝,2000.0,稍,125.1,0.7,9-10-3-2,36.2,518.0,-2.0,ホウオウリムジン,140.0
2021104751,オリエンタルナイト,2024/02/17,2京都7,曇,5.0,3歳未勝利,14,7.0,12,5.5,3.0,3,岩田望来,57.0,芝,2400.0,良,147.8,0.1,14-14-13-10,35.4,520.0,-2.0,ベトルス,140.0
2021104751,オリエンタルナイト,2024/01/08,1京都3,晴,6.0,3歳未勝利,18,7.0,14,30.1,8.0,2,岩田望来,57.0,芝,2200.0,良,135.5,0.0,11-11-8-7,36.7,522.0,0.0,ウィープディライト,220.0
2021104751,オリエンタルナイト,2023/12/24,5阪神8,晴,1.0,2歳未勝利,16,6.0,12,5.9,3.0,12,幸英明,56.0,ダ,1800.0,良,119.6,3.3,15-15-14-11,41.8,522.0,-2.0,メイショウトム,
2021104751,オリエンタルナイト,2023/12/09,4中京3,晴,4.0,2歳未勝利,16,4.0,8,6.2,3.0,5,佐々木大,55.0,芝,2000.0,良,123.3,0.8,8-8-8-8,35.7,524.0,8.0,レイワサンサン,55.0
2021104751,オリエンタルナイト,2023/10/15,4新潟2,小雨,3.0,2歳未勝利,11,3.0,3,6.0,3.0,3,佐々木大,55.0,芝,2000.0,良,122.7,0.3,7-7-6-6,36.1,516.0,2.0,ガルデルクラージュ,140.0
2021104751,オリエンタルナイト,2023/09/23,4阪神6,曇,3.0,2歳未勝利,10,4.0,4,4.1,2.0,6,岩田望来,55.0,芝,2000.0,良,122.0,0.7,4-4-5-4,36.2,514.0,-2.0,ミラキュラスドラマ,
2021104751,オリエンタルナイト,2023/08/26,2札幌5,晴,2.0,2歳未勝利,5,3.0,3,28.4,5.0,2,佐々木大,54.0,芝,1800.0,良,113.4,0.0,4-3-3-2,34.6,516.0,4.0,ヴィクトリアドール,220.0
2021104751,オリエンタルナイト,2023/07/16,2函館6,曇,5.0,2歳新馬,14,4.0,6,29.3,8.0,6,佐々木大,53.0,芝,1800.0,稍,112.2,1.2,13-13-10-7,36.6,512.0,0.0,マーゴットソラーレ,
2020103956,ダイヤモンドビーチ,2026/07/11,高知,晴,9.0,小暑特別(C2),11,8.0,11,11.4,4.0,7,多田羅誠,57.0,ダ,1300.0,重,85.4,1.2,4-5-6-5,40.9,463.0,-4.0,プレジール,
2020103956,ダイヤモンドビーチ,2026/06/27,高知,曇,7.0,C2ー4,11,2.0,2,6.1,2.0,2,多田羅誠,57.0,ダ,1400.0,不,90.0,0.4,4-4-4-5,39.0,467.0,-2.0,クレイヴィンオナー,32.0
2020103956,ダイヤモンドビーチ,2026/05/27,浦和,曇,10.0,菖蒲月特別(B3),12,6.0,8,11.5,4.0,8,和田譲治,56.0,ダ,1500.0,良,97.6,0.8,5-5-4-4,39.1,469.0,-5.0,アラビアンレイン,
2020103956,ダイヤモンドビーチ,2026/04/21,浦和,晴,7.0,まるまるひがしにほん(B3),10,4.0,4,9.5,4.0,9,和田譲治,56.0,ダ,1400.0,良,90.9,1.6,4-4-6-7,39.3,474.0,6.0,ダノンレーニア,
2020103956,ダイヤモンドビーチ,2026/03/17,浦和,晴,10.0,桜草特別(B3),12,7.0,9,12.9,4.0,3,張田昂,56.0,ダ,1500.0,良,97.3,1.0,5-6-3-3,38.9,468.0,-3.0,フクチャンキング,75.0
2020103956,ダイヤモンドビーチ,2026/02/23,浦和,晴,10.0,可能性は無限大マイル(B3),12,1.0,1,10.9,4.0,3,本田正重,56.0,ダ,1500.0,良,96.5,0.7,6-6-7-5,38.1,471.0,-5.0,ココモローズ,75.0
2020103956,ダイヤモンドビーチ,2026/01/08,浦和,晴,11.0,鏡開き特別(C1),12,2.0,2,4.1,2.0,3,本田正重,56.0,ダ,1500.0,良,97.3,0.6,5-5-5-4,38.0,476.0,7.0,ユーロジータビート,45.0
2020103956,ダイヤモンドビーチ,2025/11/28,浦和,晴,10.0,霜月特別(B3),10,8.0,10,5.5,3.0,5,御神本訓,56.0,ダ,1400.0,良,90.4,0.3,5-4-4-5,38.2,469.0,2.0,シトラスフレイバー,30.0
2020103956,ダイヤモンドビーチ,2025/10/28,浦和,晴,8.0,HBA日高軽種馬農業(B3),10,5.0,5,16.8,6.0,2,御神本訓,56.0,ダ,1500.0,重,94.3,0.0,5-5-5-4,37.9,467.0,6.0,ライヴマスタード,100.0
2020103956,ダイヤモンドビーチ,2025/09/22,浦和,晴,10.0,夜長月特別(B3),12,3.0,3,5.3,2.0,5,野畑凌,56.0,ダ,1500.0,稍,97.0,2.5,11-12-12-10,37.5,461.0,0.0,パイロビーム,30.0
2020103956,ダイヤモンドビーチ,2025/08/28,船橋,晴,10.0,勇魚特別(B3),12,3.0,3,22.0,7.0,8,本田正重,56.0,ダ,1600.0,良,103.6,1.0,5-3-4-3,39.2,461.0,0.0,マクト,
2020103956,ダイヤモンドビーチ,2025/07/28,船橋,晴,11.0,なにわ賞(B3),9,8.0,9,28.2,8.0,6,町田直希,56.0,ダ,1600.0,良,104.0,3.0,6-6-6-6,40.3,461.0,-4.0,スマイルモア,
2020103956,ダイヤモンドビーチ,2025/03/31,船橋,曇,11.0,駿馬に鞭を加える記念(B3),12,1.0,1,9.6,4.0,3,本田正重,56.0,ダ,1600.0,良,103.5,0.3,7-7-6-6,39.8,465.0,4.0,テクノダイヤモンド,67.5
2020103956,ダイヤモンドビーチ,2025/03/10,船橋,晴,11.0,ハナズオウ特別(B3),11,4.0,4,4.2,4.0,4,山崎誠士,56.0,ダ,1600.0,稍,105.4,0.5,2-2-2-1,41.9,461.0,-1.0,ヤプシ,40.5
2020103956,ダイヤモンドビーチ,2025/02/10,船橋,晴,11.0,アメジスト特別(B3),14,5.0,7,5.9,3.0,9,張田昂,56.0,ダ,1600.0,良,103.7,1.6,6-5-5-5,39.7,462.0,-3.0,グリーンダイヤル,
2020103956,ダイヤモンドビーチ,2025/01/24,船橋,晴,12.0,初富賞(C1),13,2.0,2,4.1,2.0,2,張田昂,56.0,ダ,1600.0,良,102.6,0.6,4-3-3-3,38.7,465.0,6.0,グリーンダイヤル,72.0
2020103956,ダイヤモンドビーチ,2024/12/18,船橋,晴,6.0,馬い!卵はサンサンエ(C1三),10,6.0,7,2.4,1.0,1,本田正重,56.0,ダ,1600.0,良,104.3,-0.2,5-5-5-4,38.5,459.0,2.0,(アランフェスレオ),180.0
2020103956,ダイヤモンドビーチ,2024/11/25,船橋,晴,7.0,C1四五六イ(C1五),10,6.0,6,1.6,1.0,3,森泰斗,56.0,ダ,1500.0,良,97.1,0.4,3-3-3-4,39.4,457.0,0.0,レーブドフェイス,30.0
2020103956,ダイヤモンドビーチ,2024/10/28,船橋,曇,10.0,C1六七八ア(C1七),12,2.0,2,3.1,2.0,2,本田正重,56.0,ダ,1500.0,重,98.2,0.0,4-4-3-3,39.6,457.0,1.0,テクノダイヤモンド,48.0
2020103956,ダイヤモンドビーチ,2024/08/25,3新潟6,曇,8.0,3歳以上1勝クラス,15,5.0,9,204.2,13.0,13,横山琉人,57.0,ダ,1800.0,良,117.1,4.6,5-5-7-9,41.4,456.0,-6.0,グロッシェン,
2020103956,ダイヤモンドビーチ,2024/06/22,3東京7,晴,7.0,3歳以上1勝クラス,16,3.0,5,260.1,14.0,8,木幡巧也,58.0,ダ,1600.0,重,97.5,1.6,4-5,38.2,462.0,2.0,レオスパーク,
2020103956,ダイヤモンドビーチ,2024/06/08,3東京3,晴,12.0,3歳以上1勝クラス,16,3.0,5,87.6,11.0,9,内田博幸,58.0,ダ,1400.0,良,86.0,1.6,8-9,37.7,460.0,2.0,アルジェンタージョ,
2020103956,ダイヤモンドビーチ,2024/03/10,2中山6,晴,12.0,4歳以上1勝クラス,16,8.0,15,6.4,3.0,9,内田博幸,58.0,ダ,1200.0,稍,72.7,1.0,9-8,37.9,458.0,0.0,シルヴァーゴースト,
2020103956,ダイヤモンドビーチ,2024/02/25,2中山2,小雨,8.0,4歳以上1勝クラス,16,1.0,2,47.3,9.0,6,内田博幸,58.0,ダ,1200.0,稍,72.5,1.1,11-13,37.3,458.0,-1.0,ハヤブサジェット,
2020103956,ダイヤモンドビーチ,2023/12/26,浦和,晴,9.0,ノースポール特別(C2),9,8.0,8,1.2,1.0,1,森泰斗,58.0,ダ,1500.0,良,99.9,-0.4,3-2-2-1,39.5,459.0,5.0,(スターハッスル),150.0
2020103956,ダイヤモンドビーチ,2023/12/11,川崎,曇,7.0,ベルリン賞(C2),14,4.0,5,2.8,2.0,1,福原杏,56.0,ダ,1500.0,良,99.4,0.0,2-2-2-2,42.0,454.0,-7.0,(クロニオス),150.0
2020103956,ダイヤモンドビーチ,2023/11/20,浦和,晴,3.0,C2三四,12,6.0,7,1.7,1.0,2,森泰斗,56.0,ダ,1500.0,稍,97.1,0.1,1-1-1-1,38.4,461.0,0.0,ルトラセ,40.0
2020103956,ダイヤモンドビーチ,2023/10/19,浦和,晴,1.0,C2九十,8,7.0,7,2.0,1.0,1,森泰斗,56.0,ダ,1400.0,良,89.5,-0.2,2-2-2-2,39.6,461.0,8.0,(イスラデルノルテ),100.0
2020103956,ダイヤモンドビーチ,2023/07/25,船橋,晴,7.0,ナティレイン特別(3歳C1),14,1.0,1,2.0,1.0,中,笹川翼,56.0,ダ,1600.0,良,,,2-1-1-2,,453.0,1.0,リッキーザキング,
2020103956,ダイヤモンドビーチ,2023/06/11,3東京4,雨,3.0,3歳未勝利,16,1.0,2,9.9,6.0,7,石川裕紀,56.0,ダ,1600.0,重,96.8,0.8,1-1,37.5,452.0,-8.0,ロジホーム,
2020103956,ダイヤモンドビーチ,2023/05/14,2東京8,曇,2.0,3歳未勝利,16,2.0,3,11.4,5.0,5,石川裕紀,56.0,ダ,1600.0,稍,98.3,0.3,1-1,38.0,460.0,0.0,ブレードキング,55.0
2020103956,ダイヤモンドビーチ,2023/04/23,2東京2,曇,2.0,3歳未勝利,16,5.0,10,227.9,12.0,3,石川裕紀,56.0,ダ,1600.0,良,100.8,0.2,2-2,37.4,460.0,0.0,オーサムデアラー,140.0
2020103956,ダイヤモンドビーチ,2023/04/08,1福島1,曇,3.0,3歳未勝利,15,6.0,10,28.4,6.0,11,原優介,54.0,ダ,1700.0,良,110.5,3.1,6-6-9-9,40.3,460.0,0.0,ビービーグラーテス,
2020103956,ダイヤモンドビーチ,2023/03/02,川崎,曇,8.0,マーチフラワー賞(3歳),13,8.0,12,11.7,4.0,4,和田譲治,56.0,ダ,1600.0,良,107.1,2.0,1-1-1-2,42.2,460.0,-2.0,モンテイゾラ,37.5
2020103956,ダイヤモンドビーチ,2023/01/15,1中山6,曇,6.0,3歳新馬,13,5.0,6,74.2,12.0,6,木幡巧也,56.0,ダ,1800.0,良,118.3,2.7,4-5-7-5,41.4,462.0,0.0,ボールドゾーン,
2021102966,マクト,2026/07/11,高知,晴,7.0,C2ー3,11,8.0,10,3.6,2.0,6,赤岡修次,57.0,ダ,1300.0,重,86.2,1.4,4-3-2-4,41.1,492.0,-9.0,コノヨルヲトメテヨ,
2021102966,マクト,2026/06/02,船橋,曇,10.0,麦秋特別(B2B3),11,6.0,6,172.9,8.0,7,濱田達也,57.0,ダ,1600.0,良,105.2,2.3,8-8-8-8,39.9,501.0,1.0,ジーティーファラオ,
2021102966,マクト,2026/05/07,船橋,曇,11.0,天真爛漫賞(B2B3),14,8.0,13,27.3,9.0,7,椿聡太,54.0,ダ,1600.0,良,105.0,1.4,7-7-10-12,39.4,500.0,0.0,チャプリ,
2021102966,マクト,2026/04/01,船橋,雨,11.0,カシオペア座特別(B2B3),12,3.0,3,11.3,6.0,10,矢野貴之,57.0,ダ,1600.0,不,105.9,3.3,10-9-8-8,41.6,500.0,-6.0,シェナノパリオ,
2021102966,マクト,2026/03/10,船橋,晴,10.0,アケビ特別(B2B3),11,6.0,7,8.4,5.0,7,篠谷葵,57.0,ダ,1600.0,稍,105.2,0.9,6-6-7-8,39.2,506.0,3.0,グリーンダイヤル,
2021102966,マクト,2026/02/11,船橋,曇,10.0,野島崎特別(B3),14,6.0,10,4.1,2.0,3,矢野貴之,56.0,ダ,1600.0,稍,105.5,0.4,7-7-6-6,39.5,503.0,-3.0,カーニバルマーチ,67.5
2021102966,マクト,2026/01/21,船橋,晴,8.0,笑門来福賞(B3),14,5.0,8,6.9,3.0,3,矢野貴之,56.0,ダ,1600.0,良,104.7,1.2,6-6-6-2,40.1,506.0,13.0,ヒラボクラフィット,67.5
2021102966,マクト,2025/08/28,船橋,晴,10.0,勇魚特別(B3),12,4.0,4,10.5,4.0,1,矢野貴之,56.0,ダ,1600.0,良,102.6,0.0,9-9-9-8,37.4,493.0,-4.0,(カレンタクト),270.0
2021102966,マクト,2025/07/28,船橋,晴,11.0,なにわ賞(B3),9,3.0,3,6.1,4.0,8,矢野貴之,56.0,ダ,1600.0,良,104.8,3.8,5-5-5-5,41.5,497.0,0.0,スマイルモア,
2021102966,マクト,2025/07/05,船橋,晴,11.0,館山特別(B3),14,6.0,9,13.6,6.0,3,矢野貴之,56.0,ダ,1600.0,良,102.4,0.0,8-8-8-7,38.7,497.0,1.0,グレートフリオーソ,67.5
2021102966,マクト,2025/06/02,船橋,曇,10.0,スイカズラスプリント(B3),12,6.0,8,13.7,7.0,7,笹川翼,56.0,ダ,1200.0,稍,76.0,1.1,6-8-9,39.8,496.0,-1.0,エイシンスコッティ,
2021102966,マクト,2025/05/06,船橋,曇,10.0,オダマキスプリント(B3),12,1.0,1,13.3,6.0,8,矢野貴之,56.0,ダ,1200.0,不,75.8,1.7,12-10-9,38.2,497.0,-2.0,ゴールデンスイープ,
2021102966,マクト,2024/12/17,船橋,晴,8.0,フリージアスプリント(B3),12,5.0,6,10.1,7.0,11,笹川翼,56.0,ダ,1200.0,良,76.3,2.1,7-8-9,39.6,499.0,-1.0,スマイルナウ,
2021102966,マクト,2024/11/27,船橋,晴,10.0,ジャスミンスプリント(B3),10,2.0,2,3.6,2.0,3,矢野貴之,56.0,ダ,1200.0,稍,76.5,1.1,10-9-7,38.4,500.0,6.0,コスモルージュ,67.5
2021102966,マクト,2024/10/29,船橋,雨,10.0,ストレプトカーパスス(B3),12,8.0,11,2.2,1.0,7,森泰斗,56.0,ダ,1200.0,重,76.6,0.9,11-6-5,39.9,494.0,7.0,ヴィシソワーズ,
2021102966,マクト,2024/09/26,船橋,晴,10.0,モミジアオイスプリン(C1),12,5.0,6,2.4,1.0,1,森泰斗,55.0,ダ,1200.0,良,76.7,-0.3,6-5-4,38.0,487.0,-2.0,(グルアガッハ),180.0
2021102966,マクト,2024/08/27,船橋,晴,5.0,C1四五六ウ(C1五),7,2.0,2,1.4,1.0,1,森泰斗,55.0,ダ,1200.0,良,74.8,-0.1,2-2-2,37.6,489.0,11.0,(ミスプリマ),120.0
2021102966,マクト,2024/07/18,船橋,晴,7.0,ナティレイン特別(3歳C1),9,8.0,8,4.0,2.0,8,森泰斗,57.0,ダ,1600.0,重,107.9,4.1,3-3-3-5,45.4,478.0,3.0,タイセイブロウ,
2021102966,マクト,2023/11/27,船橋,晴,4.0,2歳一,9,5.0,5,2.4,2.0,1,森泰斗,55.0,ダ,1500.0,良,95.9,0.0,1-1-1-1,38.4,475.0,5.0,(フロインフォッサル),290.0
2021102966,マクト,2023/10/24,船橋,晴,2.0,2歳四,12,3.0,3,3.5,2.0,1,森泰斗,55.0,ダ,1200.0,良,74.2,-1.4,2-2-2,37.8,470.0,-1.0,(グッドインディード),260.0
2021102966,マクト,2023/09/28,船橋,晴,4.0,ローズデビュー(2歳),6,1.0,1,1.9,1.0,3,御神本訓,54.0,ダ,1500.0,良,99.6,0.9,6-4-4-3,41.3,471.0,0.0,メイプルケンジ,100.0
2022100942,ダイシンゲキ,2026/07/11,高知,晴,7.0,C2ー3,11,8.0,11,180.4,9.0,5.0,上田将司,55.0,ダ,1300.0,重,86.1,1.3,10-10-11-9,40.0,444.0,0.0,コノヨルヲトメテヨ,8.0
2022100942,ダイシンゲキ,2026/06/27,高知,雨,11.0,ファイナルレース(C2),12,6.0,7,17.9,10.0,6.0,多田羅誠,55.0,ダ,1400.0,不,91.8,1.1,5-5-6-4,40.5,444.0,1.0,ショットメーカー,
2022100942,ダイシンゲキ,2026/06/13,高知,晴,7.0,C2ー4,10,1.0,1,52.3,8.0,9.0,岡遼太郎,55.0,ダ,1600.0,稍,109.8,1.9,8-8-9-9,42.8,443.0,-2.0,グッドフェイス,
2022100942,ダイシンゲキ,2026/05/30,高知,晴,7.0,C2ー3,12,8.0,12,107.9,7.0,6.0,城野慈尚,54.0,ダ,1400.0,稍,92.8,1.3,5-7-6-6,40.6,445.0,0.0,ブーバー,
2022100942,ダイシンゲキ,2026/05/16,高知,晴,7.0,C2ー4,11,6.0,6,72.9,9.0,10.0,上田将司,55.0,ダ,1300.0,良,87.6,1.3,10-10-9-10,40.3,445.0,0.0,ヴィアダクト,
2022100942,ダイシンゲキ,2026/05/02,高知,晴,11.0,ファイナルレース(C2),12,7.0,9,5.4,3.0,2.0,多田羅誠,55.0,ダ,1400.0,重,92.3,0.1,9-8-7-7,40.2,445.0,-10.0,パレスパートナー,32.0
2022100942,ダイシンゲキ,2026/04/18,高知,曇,6.0,C2ー6,9,1.0,1,72.5,8.0,5.0,上田将司,55.0,ダ,1600.0,重,108.9,1.4,7-7-8-6,40.1,455.0,0.0,ルージュアマリア,8.0
2022100942,ダイシンゲキ,2026/04/04,高知,雨,8.0,C2ー4,0,8.0,8,,,,上田将司,55.0,ダ,1400.0,不,,,,,,,,
2022100942,ダイシンゲキ,2026/03/22,高知,雨,5.0,C2ー4,10,5.0,5,29.2,6.0,3.0,上田将司,55.0,ダ,1400.0,重,94.1,0.7,10-9-9-6,40.2,455.0,-1.0,フーイナム,17.5
2022100942,ダイシンゲキ,2026/03/15,高知,晴,8.0,ファイナルレース(C2),12,7.0,9,6.2,3.0,4.0,多田羅誠,55.0,ダ,1400.0,良,94.9,0.3,8-8-7-8,40.9,456.0,-1.0,ネイルンノ,10.5
2022100942,ダイシンゲキ,2026/03/01,高知,晴,7.0,C2ー3,12,6.0,7,33.0,7.0,10.0,近藤翔月,54.0,ダ,1300.0,不,86.4,2.6,7-7-7-9,40.7,457.0,2.0,カルリーノ,
2022100942,ダイシンゲキ,2026/02/15,高知,晴,10.0,ファイナルレース(C2),11,6.0,6,8.1,5.0,5.0,多田羅誠,55.0,ダ,1600.0,重,107.5,0.6,7-6-7-6,40.9,455.0,-2.0,ヴィナクローナ,7.0
2022100942,ダイシンゲキ,2026/02/01,高知,晴,10.0,ファイナルレース(C2),12,7.0,9,11.3,7.0,4.0,多田羅誠,55.0,ダ,1300.0,良,85.2,0.4,8-7-6-4,39.8,457.0,0.0,バンドネオン,10.5
2022100942,ダイシンゲキ,2026/01/18,高知,晴,10.0,ファイナルレース(C2),12,3.0,3,7.8,4.0,5.0,多田羅誠,55.0,ダ,1400.0,良,93.2,0.7,9-9-8-7,40.1,457.0,-3.0,オークハンプトン,7.0
2022100942,ダイシンゲキ,2026/01/10,高知,晴,3.0,C2ー6,12,4.0,4,62.5,10.0,5.0,多田羅誠,55.0,ダ,1300.0,良,86.6,1.1,11-11-11-10,39.2,460.0,1.0,オリーブブランチ,7.0
2022100942,ダイシンゲキ,2025/12/29,高知,晴,4.0,C2C3混合,11,7.0,8,7.7,4.0,4.0,多田羅誠,54.0,ダ,1600.0,良,110.6,1.9,10-10-10-10,40.5,459.0,-1.0,イルクオーレ,10.5
2022100942,ダイシンゲキ,2025/12/14,高知,晴,10.0,C3ー2,12,6.0,7,17.7,5.0,6.0,井上瑛太,55.0,ダ,1300.0,稍,85.5,1.1,8-8-8-7,38.9,460.0,-6.0,マシンガン,
2022100942,ダイシンゲキ,2025/11/30,高知,晴,10.0,C3ー2,12,7.0,9,7.1,3.0,7.0,井上瑛太,55.0,ダ,1400.0,良,94.5,1.0,8-9-9-8,40.5,466.0,3.0,エラボレート,
2022100942,ダイシンゲキ,2025/10/24,大井,雨,9.0,C1二三四(C1三),12,7.0,9,109.7,11.0,11.0,高橋優,51.0,ダ,1600.0,重,105.0,2.3,12-12-12-12,38.8,463.0,3.0,ロンギングタイム,
2022100942,ダイシンゲキ,2025/10/10,大井,晴,8.0,C1三四五(C1四),10,3.0,3,145.8,10.0,8.0,高橋優,51.0,ダ,1400.0,良,89.3,1.4,9-9-9,37.8,460.0,0.0,ウインアイリーン,
2022100942,ダイシンゲキ,2025/09/18,大井,曇,10.0,C1二三四(C1三),12,6.0,7,66.9,11.0,11.0,杉山海波,50.0,ダ,1400.0,良,90.0,2.3,10-12-12,39.0,460.0,-5.0,コリエドール,
2022100942,ダイシンゲキ,2025/09/05,大井,曇,10.0,月見特別競走(C1三),12,7.0,10,98.1,12.0,7.0,中山遥人,50.0,ダ,1400.0,不,88.5,1.3,12-12-12,37.5,465.0,-5.0,モリデンステルス,
2022100942,ダイシンゲキ,2025/07/18,大井,晴,7.0,明星賞競走(B2),9,8.0,8,76.5,8.0,8.0,菅原涼太,52.0,ダ,1800.0,稍,117.0,3.2,8-8-8-8,40.9,470.0,11.0,セイエイ,
2022100942,ダイシンゲキ,2025/06/18,川崎,晴,11.0,関東オークス【指定交(JpnII),14,5.0,7,664.4,13.0,13.0,佐野遥久,55.0,ダ,2100.0,良,142.5,5.2,14-14-13-12,42.1,459.0,-5.0,メモリアカフェ,
2022100942,ダイシンゲキ,2025/05/23,大井,曇,9.0,3歳一二三(3歳二),12,8.0,12,79.6,10.0,5.0,佐野遥久,54.0,ダ,1600.0,良,104.8,2.5,12-12-11-9,40.7,464.0,2.0,アレンパ,18.0
2022100942,ダイシンゲキ,2025/04/30,大井,晴,11.0,東京プリンセス賞競走(重賞),16,7.0,14,306.6,15.0,14.0,西啓太,54.0,ダ,1800.0,稍,118.5,3.3,16-16-16-16,41.5,462.0,-2.0,ベルグラシアス,
2022100942,ダイシンゲキ,2024/12/03,大井,晴,6.0,カナリア特別競走(2歳),10,6.0,6,91.1,9.0,4.0,佐野遥久,53.0,ダ,1600.0,良,104.0,0.4,10-10-8-8,40.1,464.0,4.0,ウインハルモニア,72.0
2022100942,ダイシンゲキ,2024/11/07,大井,晴,6.0,スターレット賞(2歳),11,3.0,3,11.1,6.0,3.0,佐野遥久,53.0,ダ,1400.0,稍,91.5,0.4,8-10-7,40.3,460.0,1.0,クレイジーフルーツ,80.0
2022100942,ダイシンゲキ,2024/10/17,大井,曇,5.0,文の京賞(2歳),5,5.0,5,1.3,1.0,1.0,佐野遥久,51.0,ダ,1200.0,良,76.1,-0.4,5-5,38.3,459.0,3.0,(フレンドリーシップ),320.0
2022100942,ダイシンゲキ,2024/10/02,大井,晴,5.0,2歳一二,5,2.0,2,8.4,4.0,3.0,佐野遥久,51.0,ダ,1200.0,良,75.2,0.3,5-5,38.6,456.0,-6.0,ラジアンドラゴン,80.0
2022100942,ダイシンゲキ,2024/09/12,大井,晴,4.0,2歳一二,11,7.0,8,56.9,10.0,3.0,佐野遥久,51.0,ダ,1200.0,良,75.7,0.6,11-11,39.1,462.0,1.0,スキャロップ,80.0
2022100942,ダイシンゲキ,2024/08/15,大井,晴,5.0,はやぶさ特別競走(2歳),10,7.0,8,45.5,8.0,8.0,本田正重,54.0,ダ,1400.0,良,92.4,3.8,8-8-9,41.2,461.0,1.0,ラブミーメアリー,
2022100942,ダイシンゲキ,2024/07/31,大井,曇,3.0,2歳五,8,5.0,5,2.7,2.0,1.0,本田正重,54.0,ダ,1200.0,良,77.2,-1.3,2-2,39.7,460.0,-8.0,(アストロノート),320.0
2022100942,ダイシンゲキ,2024/07/11,大井,曇,5.0,2歳新馬(新馬),7,2.0,2,5.7,4.0,6.0,本田正重,54.0,ダ,1600.0,良,108.9,3.5,4-3-4-4,43.2,468.0,0.0,ナイトウォーリア,
2017104818,ダルムシュタット,2026/06/27,高知,雨,9.0,C2ー2,11,2.0,2,77.3,10.0,8,山田義貴,57.0,ダ,1400.0,不,91.8,2.3,7-7-10-11,39.6,482.0,2.0,コリエドール,
2017104818,ダルムシュタット,2026/06/13,高知,晴,9.0,C2ー2,10,3.0,3,15.1,6.0,9,畑中信司,57.0,ダ,1600.0,稍,110.8,2.5,5-5-5-8,43.7,480.0,2.0,ノイヤー,
2017104818,ダルムシュタット,2026/05/30,高知,晴,8.0,C2ー2,12,5.0,6,44.5,9.0,6,西森将司,57.0,ダ,1400.0,稍,93.4,1.6,5-6-10-11,40.9,478.0,-5.0,パレスパートナー,
2017104818,ダルムシュタット,2026/05/16,高知,晴,8.0,C2ー3,11,4.0,4,24.1,5.0,5,山田義貴,57.0,ダ,1300.0,良,87.1,1.7,5-5-6-5,40.6,483.0,-2.0,ダイヤモンドフジ,8.0
2017104818,ダルムシュタット,2026/05/02,高知,晴,8.0,C2ー3,10,6.0,6,22.2,4.0,5,山田義貴,57.0,ダ,1400.0,重,92.3,1.0,3-3-3-5,39.9,485.0,-2.0,リワードインペリオ,8.0
2017104818,ダルムシュタット,2026/04/18,高知,曇,8.0,C2ー4,11,2.0,2,12.1,4.0,3,西森将司,57.0,ダ,1600.0,重,107.2,0.6,3-2-2-3,42.1,487.0,-5.0,サンライズシア,24.0
2017104818,ダルムシュタット,2026/04/04,高知,雨,9.0,C2ー3,0,8.0,9,,,,畑中信司,57.0,ダ,1400.0,不,,,,,,,,
2017104818,ダルムシュタット,2026/03/18,高知,雨,5.0,C1ー3,8,6.0,6,145.6,8.0,2,加藤翔馬,57.0,ダ,1600.0,重,107.3,0.1,3-3-3-1,39.8,492.0,22.0,オリーブブランチ,36.0
2017104818,ダルムシュタット,2025/12/14,高知,晴,12.0,ファイナルレース(C1),11,7.0,9,7.0,3.0,10,永森大智,57.0,ダ,1400.0,稍,94.1,3.0,9-10-10-11,41.1,470.0,-6.0,アイアムレジェンド,
2017104818,ダルムシュタット,2025/11/29,高知,晴,5.0,浦戸湾特別,12,5.0,5,79.5,9.0,9,西森将司,57.0,ダ,1800.0,良,125.3,0.9,9-10-12-12,42.1,476.0,-3.0,リーチアディール,
2017104818,ダルムシュタット,2025/11/16,高知,晴,5.0,C1ー4,12,7.0,9,313.2,10.0,10,西森将司,57.0,ダ,1300.0,稍,85.6,1.9,7-8-11-11,39.3,479.0,-4.0,テーオースパロー,
2017104818,ダルムシュタット,2025/11/02,高知,曇,6.0,花みょうが特別(C1),12,2.0,2,197.2,9.0,11,葛山晃平,57.0,ダ,1400.0,重,93.9,3.8,8-8-9-11,40.6,483.0,10.0,グランレザンドール,
2017104818,ダルムシュタット,2025/07/26,高知,曇,4.0,C1ー5,10,4.0,4,87.3,9.0,8,石本純也,57.0,ダ,1400.0,重,93.2,2.1,6-8-9-10,41.2,473.0,4.0,アポロビビ,
2017104818,ダルムシュタット,2025/07/13,高知,曇,12.0,ファイナルレース(C1),12,5.0,5,8.6,5.0,9,仲原大生,57.0,ダ,1400.0,不,92.0,1.5,8-9-10-12,40.5,469.0,-3.0,モノノフピンク,
2017104818,ダルムシュタット,2025/06/29,高知,晴,4.0,C1ー4,12,5.0,6,109.8,12.0,6,仲原大生,57.0,ダ,1300.0,稍,84.5,1.5,8-8-8-9,38.9,472.0,-1.0,ダノンマカルー,
2017104818,ダルムシュタット,2025/06/15,高知,晴,4.0,C1ー4,11,7.0,8,106.2,8.0,7,仲原大生,57.0,ダ,1400.0,不,90.0,1.6,6-8-11-11,39.0,473.0,-3.0,ブルーシンフォニー,
2017104818,ダルムシュタット,2025/06/01,高知,晴,5.0,C1ー5,10,7.0,8,135.1,10.0,6,上田将司,57.0,ダ,1400.0,稍,91.3,1.2,10-10-10-10,39.0,476.0,-3.0,ナムラテディー,
2017104818,ダルムシュタット,2025/05/18,高知,曇,8.0,C1ー4,10,8.0,10,59.3,10.0,6,西森将司,57.0,ダ,1300.0,不,81.9,0.6,3-3-3-5,38.6,479.0,-2.0,カズロレアート,
2017104818,ダルムシュタット,2025/05/04,高知,晴,4.0,C1ー4,12,7.0,9,110.0,9.0,9,西森将司,57.0,ダ,1400.0,重,93.3,1.9,5-7-9-11,40.1,481.0,3.0,オーラビルス,
2017104818,ダルムシュタット,2025/04/20,高知,曇,12.0,ファイナルレース(C1),12,6.0,7,4.4,2.0,3,畑中信司,57.0,ダ,1400.0,稍,92.2,0.5,7-10-11-9,40.2,478.0,-3.0,グッドフェイス,22.5
2017104818,ダルムシュタット,2025/04/06,高知,晴,7.0,C1ー4,10,1.0,1,121.7,9.0,8,西森将司,57.0,ダ,1400.0,稍,93.8,2.4,7-7-8-9,41.1,481.0,-7.0,サンライズグリット,
2017104818,ダルムシュタット,2024/12/21,高知,晴,4.0,鏡川特別,12,7.0,10,266.7,12.0,6,西森将司,56.0,ダ,1900.0,良,132.4,1.7,2-2-3-4,43.3,488.0,9.0,マジックセブン,
2017104818,ダルムシュタット,2024/12/08,高知,晴,9.0,田中紗凪乃誕生特別(AB),9,5.0,5,87.7,8.0,5,西森将司,55.0,ダ,1600.0,良,109.6,2.5,6-8-8-8,41.7,479.0,-1.0,ナムラスワガー,16.0
2017104818,ダルムシュタット,2024/11/23,高知,晴,4.0,仁淀川特別,12,5.0,5,243.7,10.0,11,西森将司,56.0,ダ,1400.0,稍,95.8,3.6,5-8-12-12,43.0,480.0,3.0,ロッキーサンダー,
2017104818,ダルムシュタット,2024/11/09,高知,晴,8.0,西垣部長還暦記念特別(B),8,5.0,5,6.6,4.0,2,西森将司,56.0,ダ,1600.0,稍,107.8,0.8,3-3-3-2,41.0,477.0,7.0,カツベンケイ,42.0
2017104818,ダルムシュタット,2024/10/26,高知,雨,10.0,秋葉山特別(B),9,2.0,2,38.5,6.0,7,西森将司,56.0,ダ,1400.0,不,91.5,2.3,4-4-8-8,40.2,470.0,-1.0,タイキマクスウェル,
2017104818,ダルムシュタット,2024/10/14,高知,晴,10.0,平家平特別(B),9,1.0,1,46.7,6.0,5,西森将司,56.0,ダ,1600.0,稍,106.6,1.6,3-3-3-4,40.6,471.0,-7.0,トゥルーバローズ,20.0
2017104818,ダルムシュタット,2024/09/28,高知,曇,10.0,虚空蔵山特別(B),10,2.0,2,15.1,5.0,3,澤田龍哉,56.0,ダ,1400.0,良,92.6,2.2,4-4-5-5,40.3,478.0,0.0,トゥルーバローズ,32.0
2017104818,ダルムシュタット,2024/09/15,高知,曇,10.0,舟入川特別(B),11,5.0,6,76.7,7.0,9,西森将司,56.0,ダ,1300.0,不,85.2,2.8,6-8-9-9,40.0,478.0,7.0,マイネルシトラス,
2017104818,ダルムシュタット,2024/08/04,高知,晴,8.0,メジカ特別(A),9,3.0,3,95.1,7.0,2,西森将司,56.0,ダ,1600.0,良,105.4,0.1,3-3-3-2,40.0,471.0,2.0,マイネルシトラス,56.0
2017104818,ダルムシュタット,2024/07/21,高知,晴,11.0,Aー2,10,7.0,9,102.6,10.0,10,西森将司,56.0,ダ,1300.0,稍,84.8,2.7,4-5-7-10,39.9,469.0,-10.0,グランドボヌール,
2017104818,ダルムシュタット,2024/06/22,高知,雨,4.0,御畳瀬特別,8,1.0,1,147.7,7.0,3,西森将司,56.0,ダ,1800.0,不,118.9,0.6,3-3-4-3,40.6,479.0,-2.0,ユメノホノオ,100.0
2017104818,ダルムシュタット,2024/06/08,高知,曇,4.0,瀬戸特別,10,7.0,8,273.6,10.0,10,西森将司,56.0,ダ,1600.0,良,110.1,3.1,8-10-10-10,42.1,481.0,9.0,ニクソンテソーロ,
2017104818,ダルムシュタット,2024/05/26,高知,曇,8.0,AB混合,11,5.0,5,66.1,9.0,3,西森将司,56.0,ダ,1600.0,稍,106.3,1.4,3-3-2-3,41.3,472.0,-4.0,キョシンタンカイ,32.0
2017104818,ダルムシュタット,2024/05/11,高知,晴,4.0,春野特別,11,7.0,10,161.3,11.0,10,西森将司,56.0,ダ,1400.0,稍,92.4,1.4,11-11-11-11,39.4,476.0,2.0,ロイズピーク,
2017104818,ダルムシュタット,2024/04/28,高知,晴,7.0,酒飲み3人衆集結特別(AB),8,8.0,8,69.3,6.0,3,西森将司,56.0,ダ,1600.0,不,106.2,1.0,2-2-2-3,40.2,474.0,-3.0,ロードミッドナイト,32.0
2017104818,ダルムシュタット,2024/04/14,高知,晴,10.0,AB混合,8,4.0,4,173.4,8.0,7,西森将司,56.0,ダ,1600.0,稍,107.0,1.9,6-7-6-7,39.6,477.0,2.0,ロードシュトローム,
2017104818,ダルムシュタット,2024/03/26,高知,晴,9.0,AB混合,12,2.0,2,269.3,11.0,6,西森将司,56.0,ダ,1400.0,不,90.2,0.9,10-11-11-9,38.9,475.0,1.0,スリーグランド,
2017104818,ダルムシュタット,2024/03/19,高知,曇,6.0,AB混合,10,1.0,1,158.7,9.0,8,西森将司,56.0,ダ,1400.0,重,92.8,1.8,6-6-8-9,40.4,474.0,-2.0,スリーヘリオス,
2017104818,ダルムシュタット,2024/03/10,高知,晴,4.0,シバザクラ特別(AB),8,1.0,1,68.1,7.0,6,西森将司,56.0,ダ,1600.0,稍,107.6,1.0,7-6-6-7,40.9,476.0,4.0,グランドボヌール,
2017104818,ダルムシュタット,2024/03/03,高知,晴,9.0,Aー2,11,6.0,6,305.8,11.0,8,西森将司,56.0,ダ,1400.0,重,91.7,1.6,9-9-9-10,39.1,472.0,2.0,プレトリア,
2017104818,ダルムシュタット,2024/02/18,高知,晴,4.0,えひめぼっちゃん特別(AB),9,6.0,6,125.6,7.0,3,西森将司,56.0,ダ,1400.0,稍,93.2,1.8,8-8-8-7,40.4,470.0,-1.0,ウインヴェルデ,32.0
2017104818,ダルムシュタット,2024/02/11,高知,晴,5.0,キンセンカ特別(AB),10,2.0,2,258.7,10.0,10,西森将司,56.0,ダ,1600.0,重,108.9,2.8,4-4-6-10,43.2,471.0,0.0,ヒロシゲペッパー,
2017104818,ダルムシュタット,2024/02/06,高知,晴,7.0,祝とも瑞季結婚特別(AB),9,1.0,1,67.6,6.0,9,西森将司,56.0,ダ,1400.0,不,93.2,3.9,3-4-6-8,42.4,471.0,-2.0,モズダッシュスター,
2017104818,ダルムシュタット,2024/01/21,高知,晴,5.0,AB混合,8,2.0,2,55.6,6.0,8,西森将司,56.0,ダ,1400.0,重,93.0,1.7,5-3-4-8,41.8,473.0,1.0,メイショウワザシ,
2017104818,ダルムシュタット,2024/01/14,高知,晴,4.0,ビオラ特別(A),11,8.0,11,136.6,9.0,11,西森将司,56.0,ダ,1400.0,良,95.8,4.2,3-3-4-11,43.3,472.0,6.0,ヘルシャフト,
2017104818,ダルムシュタット,2024/01/08,高知,晴,7.0,TT結婚15周年特別(AB),8,6.0,6,194.5,7.0,3,西森将司,56.0,ダ,1400.0,良,93.0,0.6,3-4-4-4,41.7,466.0,-4.0,ナムラボス,32.0
2017104818,ダルムシュタット,2024/01/01,高知,晴,9.0,AB混合,9,6.0,6,133.2,8.0,5,西森将司,55.0,ダ,1600.0,重,107.7,1.6,8-8-9-9,39.9,470.0,4.0,カドフィール,16.0
2017104818,ダルムシュタット,2023/12/16,高知,曇,7.0,にんじん千本記念特別(AB),8,5.0,5,160.9,8.0,5,西森将司,55.0,ダ,1400.0,不,92.9,2.3,7-7-7-7,40.4,466.0,-2.0,ダノンアレー,16.0
2017104818,ダルムシュタット,2023/12/03,高知,晴,7.0,それ4着特別(AB),10,8.0,9,34.6,7.0,10,西森将司,55.0,ダ,1600.0,稍,109.0,3.3,3-3-5-9,42.7,468.0,3.0,ミニョン,
2017104818,ダルムシュタット,2023/11/18,高知,曇,10.0,黒尊川特別(B),11,6.0,7,151.9,11.0,6,西森将司,56.0,ダ,1300.0,不,83.3,2.4,10-10-10-10,38.1,465.0,4.0,ナムラボス,
2017104818,ダルムシュタット,2023/11/05,高知,晴,9.0,AB混合,6,4.0,4,16.0,4.0,3,西森将司,55.0,ダ,1600.0,良,107.7,1.8,3-3-3-4,41.5,461.0,-3.0,ロードインファイト,32.0
2017104818,ダルムシュタット,2023/10/22,高知,晴,9.0,目指せジョッキー特別(B),8,4.0,4,23.3,5.0,5,西森将司,56.0,ダ,1400.0,良,93.0,2.3,6-7-8-8,40.3,464.0,3.0,ロードインファイト,12.0
2017104818,ダルムシュタット,2023/10/08,高知,雨,10.0,遠野莉緒奈5周年特別(AB),11,7.0,8,83.5,9.0,5,西森将司,55.0,ダ,1400.0,不,90.5,1.1,8-8-8-7,39.4,461.0,0.0,ヘルシャフト,16.0
2017104818,ダルムシュタット,2023/09/18,高知,曇,10.0,Aー3,10,7.0,8,190.2,9.0,5,西森将司,56.0,ダ,1600.0,重,106.9,1.7,5-8-10-10,40.1,461.0,-2.0,シートン,16.0
2017104818,ダルムシュタット,2023/08/20,高知,晴,9.0,Aー4,8,1.0,1,139.1,7.0,5,所蛍,53.0,ダ,1400.0,重,90.3,1.8,7-7-6-6,39.9,463.0,0.0,アヴァンティスト,16.0
2017104818,ダルムシュタット,2023/07/16,高知,晴,10.0,Aー3,9,6.0,6,244.5,9.0,7,所蛍,53.0,ダ,1300.0,稍,85.5,1.6,6-6-8-9,40.1,463.0,-1.0,スリーグランド,
2017104818,ダルムシュタット,2023/07/02,高知,晴,9.0,Aー2,8,7.0,7,204.6,8.0,6,大澤誠志,56.0,ダ,1600.0,不,106.8,1.5,7-8-8-7,40.6,464.0,6.0,ナムラゴロフキン,
2017104818,ダルムシュタット,2023/06/17,高知,晴,10.0,Aー3,10,4.0,4,198.4,8.0,10,所蛍,53.0,ダ,1400.0,重,93.1,3.3,8-9-10-10,40.1,458.0,-3.0,ロイズピーク,
2017104818,ダルムシュタット,2023/05/30,高知,雨,8.0,Aー3,10,1.0,1,104.2,8.0,8,吉原寛人,56.0,ダ,1600.0,不,104.0,1.2,7-7-7-8,40.0,461.0,2.0,レベルスリー,
2017104818,ダルムシュタット,2023/05/13,高知,雨,10.0,Aー2,10,8.0,10,163.3,10.0,8,岡村卓弥,56.0,ダ,1400.0,不,91.6,2.0,3-4-4-8,40.5,459.0,-1.0,アポロティアモ,
2017104818,ダルムシュタット,2023/04/30,高知,曇,10.0,AB混合,11,1.0,1,249.9,10.0,7,岡村卓弥,56.0,ダ,1600.0,不,106.3,2.2,7-7-7-8,40.8,460.0,1.0,ヒカリオーソ,
2017104818,ダルムシュタット,2023/04/16,高知,小雨,10.0,AB混合,8,1.0,1,26.8,4.0,8,岡村卓弥,56.0,ダ,1600.0,不,106.0,4.3,4-4-7-8,41.5,459.0,-5.0,コパノフランシス,
2017104818,ダルムシュタット,2023/03/26,高知,曇,9.0,Aー3,10,6.0,7,14.6,5.0,4,岡村卓弥,56.0,ダ,1600.0,不,104.0,0.8,4-6-4-7,39.8,464.0,-1.0,ラヴィンフォール,24.0
2017104818,ダルムシュタット,2023/03/19,高知,晴,4.0,麗日特別(AB),11,6.0,6,37.9,9.0,5,岡村卓弥,56.0,ダ,1400.0,不,90.1,0.7,8-8-8-6,39.9,465.0,-3.0,レベルスリー,16.0
2017104818,ダルムシュタット,2023/03/14,高知,晴,2.0,トゥインクルファンフ(A),9,4.0,4,156.3,7.0,7,岡村卓弥,56.0,ダ,1400.0,不,92.9,2.2,9-9-9-9,39.9,468.0,0.0,サノハニー,
2017104818,ダルムシュタット,2023/02/26,高知,晴,7.0,リアルチャンミ特別(AB),9,2.0,2,42.3,7.0,9,岡村卓弥,56.0,ダ,1600.0,重,107.7,1.8,5-5-7-8,40.7,468.0,-1.0,ハディア,
2017104818,ダルムシュタット,2023/02/12,高知,晴,8.0,Aー2,11,6.0,6,136.4,9.0,7,岡村卓弥,56.0,ダ,1600.0,重,107.6,2.1,4-3-3-4,42.1,469.0,-3.0,ウタマロ,
2017104818,ダルムシュタット,2023/02/05,高知,晴,7.0,AB混合,10,6.0,6,,,取,岡村卓弥,56.0,ダ,1400.0,稍,,,,,,,シートン,
2017104818,ダルムシュタット,2023/01/22,高知,曇,5.0,AB混合,10,7.0,8,43.8,9.0,4,中島龍也,56.0,ダ,1400.0,重,92.5,0.7,4-5-6-7,39.8,472.0,4.0,シートン,24.0
2017104818,ダルムシュタット,2023/01/09,高知,晴,8.0,ガーネット特別(A),8,4.0,4,16.0,5.0,6,岡村卓弥,56.0,ダ,1400.0,重,94.4,3.0,5-5-7-8,41.8,468.0,-3.0,マイネルラック,
2017104818,ダルムシュタット,2022/12/31,高知,晴,9.0,Aー3,7,6.0,6,12.2,6.0,5,岡村卓弥,56.0,ダ,1600.0,重,106.6,0.8,6-6-6-7,39.6,471.0,1.0,マイネルラック,16.0
2017104818,ダルムシュタット,2022/12/18,高知,晴,10.0,ターコイズ特別(A),9,4.0,4,14.7,6.0,8,岡村卓弥,56.0,ダ,1400.0,重,93.0,1.4,6-6-6-8,40.1,470.0,-5.0,ユニバーサルライト,
2017104818,ダルムシュタット,2022/12/04,高知,曇,9.0,AB混合,9,4.0,4,15.5,5.0,2,上田将司,56.0,ダ,1600.0,重,106.5,0.2,8-5-5-5,40.8,475.0,0.0,サンライズナイト,56.0
2017104818,ダルムシュタット,2022/11/20,高知,晴,9.0,Aー3,12,5.0,5,3.3,2.0,12,岡村卓弥,56.0,ダ,1400.0,稍,91.9,1.9,6-6-6-11,41.2,475.0,-5.0,アポロティアモ,
2017104818,ダルムシュタット,2022/11/06,高知,晴,10.0,Aー3,9,5.0,5,3.4,1.0,4,畑中信司,56.0,ダ,1600.0,重,105.5,0.9,3-4-3-5,40.3,480.0,7.0,ブレイヴコール,24.0
2017104818,ダルムシュタット,2022/10/23,高知,晴,10.0,小室の浜特別(B),10,2.0,2,3.3,2.0,1,畑中信司,56.0,ダ,1400.0,稍,90.3,-0.2,3-3-2-1,39.4,473.0,-1.0,(ユニバーサルライト),200.0
2017104818,ダルムシュタット,2022/10/09,高知,雨,10.0,横倉山特別(B),10,8.0,9,1.7,1.0,5,畑中信司,56.0,ダ,1600.0,不,105.1,1.3,4-4-4-5,41.1,474.0,9.0,グッドヒューマー,16.0
2017104818,ダルムシュタット,2022/09/18,高知,雨,11.0,寒風山特別(B),0,6.0,8,,,,岡村卓弥,56.0,ダ,1400.0,重,,,,,,,,
2017104818,ダルムシュタット,2022/09/03,高知,曇,11.0,Bー2,9,6.0,6,1.4,1.0,1,岡村卓弥,56.0,ダ,1400.0,不,88.1,-0.5,2-2-1-1,37.9,465.0,0.0,(ボンモマン),120.0
2017104818,ダルムシュタット,2022/08/07,高知,晴,9.0,五位山緑地公園特別(C1),12,6.0,8,1.1,1.0,1,岡村卓弥,56.0,ダ,1400.0,稍,89.6,-0.2,3-3-3-3,38.7,465.0,-2.0,(ジーノカロリーナ),160.0
2017104818,ダルムシュタット,2022/07/24,高知,晴,6.0,土佐パイン特別(C1),12,8.0,11,1.1,1.0,1,岡村卓弥,56.0,ダ,1400.0,稍,91.7,-0.2,3-3-1-2,40.0,467.0,3.0,(マテラサンオウ),90.0
2017104818,ダルムシュタット,2022/07/09,高知,曇,9.0,小暑特別(C2),11,8.0,10,1.5,1.0,1,岡村卓弥,56.0,ダ,1400.0,不,90.3,0.0,6-7-5-4,39.2,464.0,-6.0,(ニーケススマイル),130.0
2017104818,ダルムシュタット,2022/06/25,高知,曇,5.0,ムチムチ岡田紗夜特別(C2),10,6.0,6,2.2,1.0,1,岡村卓弥,56.0,ダ,1400.0,不,90.1,-0.7,4-4-4-1,38.6,470.0,0.0,(ニーケススマイル),70.0
2017104818,ダルムシュタット,2022/05/22,2東京10,晴,8.0,是政特別(2勝クラス),13,6.0,9,274.4,13.0,11,丸田恭介,57.0,ダ,2100.0,良,132.9,1.2,6-9-6-9,36.7,470.0,0.0,ショウナンアーチー,
2017104818,ダルムシュタット,2022/04/30,2東京3,晴,12.0,4歳以上2勝クラス,14,1.0,1,214.2,14.0,14,丸田恭介,57.0,ダ,2100.0,重,132.1,1.9,6-6-7-8,36.5,470.0,-6.0,キスラー,
2017104818,ダルムシュタット,2022/02/27,2中山2,晴,12.0,4歳以上2勝クラス,15,4.0,6,242.4,15.0,13,丸山元気,57.0,ダ,1800.0,良,117.9,2.8,6-6-11-14,41.3,476.0,-4.0,ロンコーネ,
2017104818,ダルムシュタット,2022/01/29,1東京1,晴,8.0,4歳以上2勝クラス,16,8.0,16,72.7,9.0,8,丸田恭介,57.0,ダ,2100.0,良,134.0,2.2,10-9-7-10,37.4,480.0,6.0,ダノンラスター,
2017104818,ダルムシュタット,2021/11/21,5東京6,曇,8.0,3歳以上2勝クラス,14,8.0,13,186.5,12.0,5,丸田恭介,57.0,ダ,2100.0,良,133.0,1.2,9-9-9-10,37.3,474.0,0.0,メイショウフンジン,110.0
2017104818,ダルムシュタット,2021/10/30,4東京7,晴,9.0,伊勢佐木特別(2勝クラス),14,5.0,7,131.0,14.0,13,江田照男,54.0,ダ,2100.0,良,135.8,4.7,8-8-10-14,40.0,474.0,4.0,バイシュラバナ,
2017104818,ダルムシュタット,2021/10/10,4東京2,晴,8.0,3歳以上2勝クラス,12,8.0,12,59.9,10.0,9,江田照男,57.0,ダ,2100.0,良,135.0,1.1,9-10-8-8,36.5,470.0,2.0,スーパーフェイバー,
2017104818,ダルムシュタット,2021/08/21,2札幌3,晴,11.0,札幌日刊スポーツ杯(2勝クラス),14,3.0,3,93.3,12.0,10,団野大成,54.0,芝,2600.0,良,161.9,0.9,5-5-8-7,35.7,468.0,4.0,エアサージュ,
2017104818,ダルムシュタット,2021/06/13,3東京4,曇,9.0,八王子特別(2勝クラス),16,4.0,8,88.7,14.0,11,江田照男,57.0,ダ,2100.0,良,133.2,2.4,13-13-11-11,38.0,464.0,0.0,リキサンダイオー,
2017104818,ダルムシュタット,2021/05/15,2東京7,晴,8.0,4歳以上1勝クラス,16,8.0,15,37.5,10.0,1,和田竜二,57.0,ダ,2100.0,良,133.1,-0.2,7-8-7-4,37.1,464.0,2.0,(エターナルボンド),760.0
2017104818,ダルムシュタット,2021/03/07,2中山4,曇,7.0,4歳以上1勝クラス,16,2.0,4,14.5,4.0,10,江田照男,57.0,ダ,1800.0,稍,116.9,1.2,16-16-14-12,39.3,462.0,-4.0,ウインドジャマー,
2017104818,ダルムシュタット,2021/02/14,1東京6,晴,6.0,4歳以上1勝クラス,14,5.0,7,203.0,10.0,4,江田照男,56.0,ダ,2100.0,良,133.5,1.1,9-10-9-9,37.7,466.0,-2.0,アメリカンフェイス,110.0
2017104818,ダルムシュタット,2021/01/31,1東京2,晴,7.0,4歳以上1勝クラス,8,1.0,1,45.7,6.0,6,内田博幸,56.0,ダ,2100.0,稍,134.5,2.0,6-6-8-8,38.1,468.0,0.0,アポロティアモ,
2017104818,ダルムシュタット,2020/11/08,5東京2,晴,7.0,3歳以上1勝クラス,13,2.0,2,125.4,12.0,11,田中勝春,55.0,ダ,2100.0,良,135.0,2.8,4-4-4-8,39.1,468.0,-2.0,モルタル,
2017104818,ダルムシュタット,2020/10/24,4東京5,晴,7.0,3歳以上1勝クラス,10,8.0,9,36.4,6.0,7,田中勝春,55.0,ダ,2100.0,稍,133.2,1.6,5-5-5-4,39.0,470.0,4.0,ジャッジ,
2017104818,ダルムシュタット,2020/07/12,2函館4,曇,7.0,3歳以上1勝クラス,10,6.0,6,10.4,4.0,9,大野拓弥,54.0,ダ,1700.0,良,108.6,2.3,5-5-6-6,39.1,466.0,-2.0,タガノペルマネンテ,
2017104818,ダルムシュタット,2020/07/05,2函館2,曇,7.0,3歳以上1勝クラス,9,8.0,9,8.1,3.0,8,田中勝春,54.0,ダ,2400.0,良,157.7,5.1,5-6-7-8,41.4,468.0,-2.0,ヒロイックテイル,
2017104818,ダルムシュタット,2020/04/25,2東京1,晴,9.0,新緑賞(1勝クラス),8,5.0,5,89.4,8.0,6,田中勝春,56.0,芝,2300.0,良,142.4,1.1,3-2-2-2,34.9,470.0,4.0,ブラックマジック,
2017104818,ダルムシュタット,2020/04/11,3中山5,晴,6.0,3歳1勝クラス,13,6.0,8,23.7,6.0,10,田中勝春,56.0,ダ,1800.0,良,114.9,1.1,10-10-11-11,37.7,466.0,-2.0,プレシオーソ,
2017104818,ダルムシュタット,2020/02/15,1東京5,晴,2.0,3歳未勝利,16,7.0,14,3.5,2.0,1,田中勝春,56.0,ダ,2100.0,良,135.6,-0.4,4-5-3-3,39.1,468.0,-4.0,(メジャーブレイク),510.0
2017104818,ダルムシュタット,2020/01/26,1中山9,小雨,2.0,3歳未勝利,11,5.0,5,12.0,7.0,3,田中勝春,56.0,ダ,1800.0,稍,116.7,0.1,6-7-6-5,39.5,472.0,-2.0,クロカドッグ,130.0
2017104818,ダルムシュタット,2020/01/11,1中山3,曇,2.0,3歳未勝利,16,8.0,16,11.1,3.0,2,田中勝春,56.0,ダ,1800.0,良,117.7,1.8,5-6-6-5,40.3,474.0,6.0,ファイアランス,200.0
2017104818,ダルムシュタット,2019/11/10,5東京4,晴,3.0,2歳未勝利,14,5.0,8,150.3,9.0,5,田中勝春,55.0,ダ,1600.0,良,100.6,2.1,10-10,37.3,468.0,0.0,ダノンファラオ,50.0
2017104818,ダルムシュタット,2019/10/26,4東京8,晴,6.0,2歳新馬,16,1.0,2,81.7,10.0,10,野中悠太,54.0,ダ,1600.0,重,99.8,2.8,3-4,38.8,468.0,0.0,デュードヴァン,
2022104085,コパノキュラソー,2026/07/11,高知,晴,8.0,C2ー2,8,7.0,7,3.7,3.0,6.0,赤岡修次,57.0,ダ,1300.0,重,86.8,2.0,5-4-3-4,40.1,530.0,3.0,ニコラウス,
2022104085,コパノキュラソー,2026/06/18,園田,晴,10.0,青馬ひすみ☆配信記念(B2),9,8.0,9,13.3,3.0,6.0,小谷周平,57.0,ダ,1400.0,良,91.4,1.6,3-3-3-4,39.5,527.0,0.0,エイシンジャスパー,
2022104085,コパノキュラソー,2026/05/27,園田,曇,12.0,B2,12,4.0,4,50.3,8.0,7.0,小谷周平,57.0,ダ,1400.0,良,91.3,1.9,9-9-8-7,38.8,527.0,-10.0,ベラジオドリーム,
2022104085,コパノキュラソー,2026/04/18,高知,曇,11.0,穀雨特別(C2),10,4.0,4,43.1,6.0,7.0,郷間勇太,57.0,ダ,1600.0,重,108.0,1.9,10-10-10-8,39.6,537.0,11.0,ステラマテュティナ,
2022104085,コパノキュラソー,2026/04/04,高知,雨,10.0,C2ー2,0,4.0,4,,,,赤岡修次,57.0,ダ,1400.0,不,,,,,,,,
2022104085,コパノキュラソー,2026/03/15,高知,晴,4.0,C2ー3,9,7.0,7,1.5,1.0,1.0,赤岡修次,57.0,ダ,1400.0,良,93.5,0.0,2-2-2-2,40.2,526.0,1.0,(ミステリオ),70.0
2022104085,コパノキュラソー,2026/03/02,高知,雨,4.0,チューリップ特別(C3),8,7.0,8,2.0,1.0,1.0,赤岡修次,57.0,ダ,1400.0,不,89.5,-0.2,5-5-5-5,37.6,525.0,-4.0,(ジーティーハッピー),110.0
2022104085,コパノキュラソー,2026/02/17,高知,晴,3.0,C3ー3,10,2.0,2,1.1,1.0,2.0,赤岡修次,57.0,ダ,1400.0,稍,93.6,0.3,7-6-5-3,40.0,529.0,3.0,ミナトノソウタ,24.0
2022104085,コパノキュラソー,2026/02/10,高知,曇,5.0,ユキワリイチゲ特別(C3),11,8.0,10,7.3,4.0,4.0,赤岡修次,57.0,ダ,1300.0,良,84.6,0.8,6-7-7-6,39.1,526.0,0.0,アメリカンクール,16.5
2022104085,コパノキュラソー,2026/01/26,高知,晴,3.0,C3ー7,8,7.0,8,2.7,2.0,1.0,赤岡修次,57.0,ダ,1600.0,良,105.9,-1.0,3-3-3-3,39.0,526.0,-12.0,(グランツアーテム),60.0
2022104085,コパノキュラソー,2025/12/20,5中京5,小雨,7.0,3歳以上1勝クラス,15,1.0,1,387.1,14.0,15.0,河原田菜,53.0,ダ,1400.0,稍,87.5,2.2,15-14,38.0,538.0,4.0,ペイドラロワール,
2022104085,コパノキュラソー,2025/11/01,3京都10,晴,7.0,3歳以上1勝クラス,16,5.0,9,341.4,15.0,14.0,河原田菜,53.0,ダ,1400.0,重,85.5,1.8,16-16,36.8,534.0,27.0,ヴリトラハン,
2022104085,コパノキュラソー,2025/07/19,高知,晴,4.0,C3ー10,9,1.0,1,6.0,2.0,2.0,赤岡修次,57.0,ダ,1300.0,不,85.0,2.6,5-5-5-3,39.3,507.0,0.0,アティード,24.0
2022104085,コパノキュラソー,2025/06/22,高知,曇,9.0,C3ー11,11,7.0,8,4.8,3.0,5.0,赤岡修次,57.0,ダ,1400.0,重,92.7,1.8,4-5-4-5,39.9,507.0,-2.0,ルミナスフラックス,6.0
2022104085,コパノキュラソー,2025/06/08,高知,小雨,8.0,C3ー13,11,7.0,8,2.8,2.0,4.0,郷間勇太,57.0,ダ,1300.0,稍,85.7,1.4,5-4-4-4,39.7,509.0,1.0,シャーマンズケイブ,9.0
2022104085,コパノキュラソー,2025/05/10,高知,曇,2.0,ぼうしパン特別(3歳),10,5.0,5,2.2,1.0,2.0,郷間勇太,57.0,ダ,1600.0,不,106.9,0.1,4-4-4-4,38.9,508.0,3.0,チョットヤバイヨネ,24.0
2022104085,コパノキュラソー,2025/04/26,高知,晴,2.0,スジアオノリ特別(3歳),8,1.0,1,2.3,1.0,1.0,郷間勇太,57.0,ダ,1300.0,重,86.0,0.0,3-3-3-3,40.2,505.0,2.0,(チョットヤバイヨネ),60.0
2022104085,コパノキュラソー,2025/03/18,高知,晴,1.0,竜王盃(3歳),11,8.0,11,12.9,7.0,5.0,赤岡修次,56.0,ダ,1400.0,重,93.3,1.6,3-3-3-5,41.5,503.0,10.0,サンライズアレス,20.0
2022104085,コパノキュラソー,2025/03/09,高知,晴,3.0,3歳ー2,10,8.0,9,1.7,1.0,1.0,赤岡修次,56.0,ダ,1300.0,重,85.6,-0.1,3-2-2-1,40.6,493.0,-6.0,(イツワリノユビワ),60.0
2022104085,コパノキュラソー,2025/03/02,高知,曇,2.0,大好き高知競馬特別(3歳),10,5.0,5,1.2,1.0,5.0,赤岡修次,56.0,ダ,1300.0,重,86.5,0.6,4-3-4-3,40.2,499.0,0.0,クリノチャールズ,6.0
2022104085,コパノキュラソー,2025/02/16,高知,曇,2.0,3歳ー1,11,6.0,6,2.8,2.0,2.0,赤岡修次,56.0,ダ,1300.0,重,84.8,0.5,5-5-2-2,40.4,499.0,-6.0,ミラクルドリーム,21.0
2022104085,コパノキュラソー,2025/02/02,高知,曇,2.0,3歳ー1,7,7.0,7,2.6,2.0,1.0,赤岡修次,56.0,ダ,1300.0,重,86.0,-0.3,1-2-2-1,40.7,505.0,1.0,(ワグナーチューバ),60.0
2022104085,コパノキュラソー,2025/01/26,高知,晴,6.0,土佐水木特別(3歳),11,6.0,7,83.6,5.0,7.0,加藤翔馬,56.0,ダ,1600.0,良,114.4,4.5,8-8-8-9,42.4,504.0,-14.0,リケアカプチーノ,
2022104085,コパノキュラソー,2025/01/12,高知,晴,4.0,3歳ー1,10,2.0,2,2.7,2.0,5.0,赤岡修次,56.0,ダ,1300.0,稍,88.9,2.1,8-8-8-6,41.2,518.0,1.0,ユラリユラメイテ,6.0
2022104085,コパノキュラソー,2024/12/28,高知,晴,6.0,金の鞍賞(重賞),12,6.0,8,25.1,4.0,11.0,林謙佑,56.0,ダ,1400.0,良,96.0,1.6,8-8-9-9,41.9,517.0,3.0,リケアマキアート,
2022104085,コパノキュラソー,2024/12/14,高知,晴,4.0,仕事の後のビール特別(2歳),12,3.0,3,2.3,1.0,1.0,赤岡修次,55.0,ダ,1300.0,良,87.6,-0.1,11-10-10-5,40.2,514.0,4.0,(ワールドエイム),90.0
2022104085,コパノキュラソー,2024/12/01,高知,晴,1.0,2歳ー3,10,6.0,6,1.4,1.0,4.0,赤岡修次,55.0,ダ,1300.0,稍,86.8,1.1,10-10-7-3,41.2,510.0,-2.0,ハンドレインジ,13.5
2022104085,コパノキュラソー,2024/11/17,高知,晴,2.0,2歳ー4,11,8.0,10,1.2,1.0,1.0,赤岡修次,55.0,ダ,1300.0,重,85.6,-1.0,3-3-3-1,40.3,512.0,9.0,(スコッチ),90.0
2022104085,コパノキュラソー,2024/10/19,高知,曇,1.0,2歳ー5,8,2.0,2,1.1,1.0,1.0,赤岡修次,55.0,ダ,1300.0,稍,88.3,-1.1,4-4-4-1,41.4,503.0,-3.0,(トゥーザスターズ),90.0
2022104085,コパノキュラソー,2024/09/15,3中京4,曇,2.0,2歳未勝利,9,5.0,5,46.2,6.0,8.0,河原田菜,51.0,ダ,1200.0,重,73.2,2.5,9-8,36.6,506.0,0.0,オトメナシャチョウ,
2022104085,コパノキュラソー,2024/08/31,2札幌7,曇,1.0,2歳未勝利,13,4.0,4,63.7,9.0,12.0,古川吉洋,55.0,芝,1200.0,重,73.6,2.2,10-10,37.1,506.0,-4.0,オイランブチ,
2022104085,コパノキュラソー,2024/08/04,1札幌6,曇,1.0,2歳未勝利,14,1.0,1,318.1,14.0,10.0,古川吉洋,55.0,ダ,1700.0,稍,111.4,3.9,6-6-6-9,42.1,510.0,2.0,ベルベルコンパス,
2022104085,コパノキュラソー,2024/07/20,1札幌1,晴,5.0,2歳新馬,14,7.0,12,136.6,14.0,11.0,古川吉洋,55.0,ダ,1700.0,良,111.0,5.3,8-8-8-10,41.4,508.0,0.0,ナチュラルライズ,
2019106699,モズリッキー,2026/05/27,浦和,曇,11.0,プラチナC(重賞),13,3.0,3,247.2,12.0,11,町田直希,56.0,ダ,1400.0,良,88.9,2.1,13-13-13-12,37.8,483.0,1.0,イグザルト,
2019106699,モズリッキー,2026/04/28,大井,晴,11.0,神田川オープン競走(OP)(4上),16,3.0,5,79.6,11.0,10,町田直希,56.0,ダ,1400.0,不,87.1,2.4,7-6-7,38.0,482.0,3.0,ソニックスター,
2019106699,モズリッキー,2025/12/23,浦和,晴,11.0,ゴールドC(重賞),13,2.0,2,126.8,11.0,10,町田直希,57.0,ダ,1400.0,良,87.9,1.5,13-13-13-12,37.7,479.0,5.0,ムエックス,
2019106699,モズリッキー,2025/11/11,大井,曇,11.0,トパーズ賞競走(OP)(3上),13,4.0,6,46.0,8.0,6,町田直希,56.0,ダ,1400.0,稍,86.6,1.1,9-5-5,37.6,474.0,0.0,サトノテンペスト,
2019106699,モズリッキー,2025/10/22,大井,雨,11.0,マイルグランプリ競走(重賞),16,4.0,8,103.8,12.0,10,町田直希,56.0,ダ,1600.0,重,100.7,1.6,9-9-10-10,39.9,474.0,-4.0,ゴールドレガシー,
2019106699,モズリッキー,2025/09/24,浦和,晴,11.0,シラコバト賞(A2),8,3.0,3,1.7,1.0,1,町田直希,57.0,ダ,1500.0,良,95.4,-0.5,4-3-3-2,38.1,478.0,0.0,(ニシノカシミヤ),500.0
2019106699,モズリッキー,2025/07/15,大井,雨,11.0,カーネリアン賞競走(A2B1),10,8.0,10,3.0,2.0,3,町田直希,57.0,ダ,1400.0,不,86.0,0.6,7-6-5,37.5,478.0,-9.0,ネオトキオ,155.0
2019106699,モズリッキー,2025/06/26,浦和,曇,11.0,甲武信ヶ岳特別(A2),8,1.0,1,1.8,1.0,6,町田直希,57.0,ダ,1500.0,重,93.2,1.3,8-7-3-4,37.7,487.0,-2.0,ラブリービュー,
2019106699,モズリッキー,2025/05/29,浦和,曇,11.0,五月特別(A2),11,4.0,4,2.3,1.0,2,町田直希,57.0,ダ,1500.0,良,94.0,0.1,5-4-4-2,38.3,489.0,15.0,マーブルマカロン,200.0
2019106699,モズリッキー,2025/02/16,1東京6,曇,10.0,バレンタインS(OP),16,1.0,1,60.9,12.0,9,横山和生,58.0,ダ,1400.0,良,84.7,0.8,16-16,35.6,474.0,-4.0,ロードエクレール,
2019106699,モズリッキー,2024/03/30,2阪神3,晴,11.0,ポラリスS(OP),15,5.0,9,7.1,2.0,5,松山弘平,57.0,ダ,1400.0,稍,84.0,0.6,5-4,36.7,478.0,2.0,サンライズフレイム,220.0
2019106699,モズリッキー,2024/01/06,1京都1,曇,9.0,門松S(3勝クラス),12,5.0,6,3.7,2.0,1,松山弘平,58.0,ダ,1400.0,良,83.5,-0.1,3-3,36.9,476.0,4.0,(サトノルフィアン),1869.4
2019106699,モズリッキー,2023/12/17,5阪神6,晴,12.0,御影S(3勝クラス),16,5.0,9,7.5,3.0,3,松山弘平,58.0,ダ,1400.0,稍,84.1,0.7,5-5,37.5,472.0,0.0,エンペラーワケア,465.4
2019106699,モズリッキー,2023/06/25,3阪神8,曇,10.0,花のみちS(3勝クラス),16,6.0,11,3.5,1.0,10,松山弘平,58.0,ダ,1400.0,良,85.3,1.4,14-14,37.6,472.0,-4.0,イフティファール,
2019106699,モズリッキー,2023/04/15,2阪神7,雨,10.0,天満橋S(3勝クラス),16,7.0,14,2.1,1.0,4,松山弘平,58.0,ダ,1400.0,不,83.0,0.4,5-5,36.3,476.0,0.0,タガノクリステル,280.0
2019106699,モズリッキー,2023/03/19,1阪神12,晴,10.0,鳴門S(3勝クラス),16,4.0,7,5.7,3.0,2,松山弘平,58.0,ダ,1400.0,重,83.4,0.0,8-6,36.1,476.0,6.0,ケイアイロベージ,750.2
2019106699,モズリッキー,2023/02/18,1阪神3,曇,10.0,播磨S(3勝クラス),16,7.0,13,4.8,2.0,2,松山弘平,55.0,ダ,1400.0,良,84.2,0.2,9-9,37.1,470.0,-2.0,ワルツフォーラン,750.2
2019106699,モズリッキー,2022/12/18,6阪神6,晴,12.0,御影S(3勝クラス),16,1.0,1,3.4,1.0,16,松山弘平,56.0,ダ,1400.0,良,86.2,1.3,10-10,37.7,472.0,8.0,ディアノイア,
2019106699,モズリッキー,2022/11/13,5阪神4,曇,12.0,ドンカスターC(2勝クラス),13,4.0,5,3.7,2.0,1,松山弘平,56.0,ダ,1400.0,重,83.1,-0.2,4-4,35.3,464.0,10.0,(ケルンコンサート),1540.1
2019106699,モズリッキー,2022/06/25,3東京7,晴,10.0,日野特別(2勝クラス),16,1.0,1,2.7,1.0,9,川田将雅,54.0,ダ,1600.0,良,97.1,0.7,7-8,36.3,454.0,-4.0,ロードシュトローム,
2019106699,モズリッキー,2022/06/05,4中京2,曇,8.0,3歳以上1勝クラス,15,7.0,12,3.9,2.0,1,松山弘平,54.0,ダ,1400.0,良,83.9,-0.5,7-7,36.2,458.0,-6.0,(ヒロノシュン),770.0
2019106699,モズリッキー,2022/03/26,2阪神1,雨,3.0,3歳未勝利,16,5.0,10,1.1,1.0,1,福永祐一,56.0,ダ,1400.0,良,86.0,-1.3,3-3,37.4,464.0,-2.0,(ココシルフィード),520.0
2019106699,モズリッキー,2022/03/13,1阪神10,曇,3.0,3歳未勝利,16,4.0,8,2.8,1.0,2,池添謙一,56.0,ダ,1400.0,良,85.6,0.2,6-6,37.5,466.0,4.0,ヴァンダービルト,210.0
2019106699,モズリッキー,2022/02/20,1阪神4,晴,4.0,3歳新馬,16,7.0,14,1.7,1.0,2,坂井瑠星,56.0,ダ,1400.0,稍,87.3,0.6,5-4,38.3,462.0,0.0,レオノーレ,240.0
2021102443,ノアアジレ,2026/07/11,高知,晴,1.0,C3ー5,9,4.0,4,109.7,9.0,7,木村直輝,55.0,ダ,1600.0,重,112.1,2.3,9-9-9-8,42.1,428.0,1.0,アンダーザスター,
2021102443,ノアアジレ,2026/06/27,高知,曇,1.0,C3ー5,9,1.0,1,112.9,8.0,6,大澤誠志,55.0,ダ,1300.0,不,85.5,3.4,7-8-8-7,39.9,427.0,0.0,グリントリッター,
2021102443,ノアアジレ,2026/06/13,高知,晴,1.0,C3ー5,10,7.0,7,135.3,10.0,9,木村直輝,55.0,ダ,1400.0,稍,97.0,3.9,10-9-10-10,42.1,427.0,2.0,ザセンチュリー,
2021102443,ノアアジレ,2026/05/30,高知,晴,1.0,C3ー5,9,7.0,7,135.6,8.0,9,木村直輝,55.0,ダ,1300.0,稍,88.6,2.2,6-6-6-7,41.0,425.0,-4.0,マイネルビジョン,
2021102443,ノアアジレ,2026/05/16,高知,晴,2.0,C3ー5,10,4.0,4,87.2,8.0,8,妹尾浩一,55.0,ダ,1400.0,良,97.6,2.3,9-10-10-10,41.8,429.0,7.0,メイショウホウセン,
2021102443,ノアアジレ,2026/05/02,高知,晴,1.0,C3ー6,9,8.0,9,112.9,7.0,5,山田義貴,55.0,ダ,1600.0,重,110.5,2.3,8-8-7-7,40.5,422.0,3.0,メイショウハマギク,6.0
2021102443,ノアアジレ,2026/04/25,高知,晴,8.0,C3ー8,8,5.0,5,268.7,8.0,5,山田義貴,55.0,ダ,1400.0,不,93.1,2.2,7-7-6-6,39.3,419.0,5.0,ロイヤルダンス,6.0
2021102443,ノアアジレ,2026/04/11,高知,晴,8.0,C3ー7,11,5.0,5,314.4,11.0,11,大澤誠志,55.0,ダ,1300.0,不,86.1,2.7,11-11-11-11,39.3,414.0,5.0,コノヨルヲトメテヨ,
2021102443,ノアアジレ,2026/03/18,高知,雨,4.0,C3ー5,8,5.0,5,85.0,7.0,7,木村直輝,55.0,ダ,1400.0,重,95.4,2.0,6-6-7-8,40.9,409.0,1.0,エッグハント,
2021102443,ノアアジレ,2026/03/02,高知,雨,9.0,ファイナルレース(C3),12,8.0,12,11.4,6.0,7,木村直輝,55.0,ダ,1300.0,不,85.3,1.5,10-9-8-9,39.8,408.0,-5.0,ノアファラオ,
2021102443,ノアアジレ,2026/02/23,高知,晴,2.0,C3ー5,9,6.0,6,468.1,9.0,6,木村直輝,55.0,ダ,1400.0,良,94.6,1.6,9-9-9-9,39.6,413.0,1.0,メイショウイヌワシ,
2021102443,ノアアジレ,2026/02/10,高知,小雨,10.0,ファイナルレース(C3),12,3.0,3,17.8,6.0,10,林謙佑,55.0,ダ,1300.0,良,88.8,1.2,9-9-9-9,41.0,412.0,1.0,エメラルハッピー,
2021102443,ノアアジレ,2026/01/26,高知,晴,5.0,C3ー5,10,7.0,7,318.7,7.0,7,妹尾浩一,55.0,ダ,1600.0,良,109.2,4.0,6-6-8-8,40.3,411.0,-2.0,コスモルーテウス,
2021102443,ノアアジレ,2026/01/20,高知,晴,1.0,C3ー6,9,6.0,6,310.0,9.0,9,妹尾浩一,55.0,ダ,1300.0,良,89.2,3.6,8-9-9-9,41.7,413.0,2.0,テーオーシリウス,
2021102443,ノアアジレ,2026/01/01,高知,晴,11.0,ファイナルレース(C3),12,8.0,11,74.7,12.0,10,加藤翔馬,55.0,ダ,1300.0,良,88.6,2.9,7-7-9-12,41.5,411.0,-3.0,ポジティブガール,
2021102443,ノアアジレ,2025/12/21,高知,曇,11.0,ファイナルレース(C3),12,5.0,6,15.7,6.0,2,林謙佑,55.0,ダ,1400.0,重,93.5,1.3,7-7-7-6,39.7,414.0,0.0,タイガーワゴン,24.0
2021102443,ノアアジレ,2025/12/06,高知,晴,8.0,C3ー7,10,7.0,8,503.1,8.0,9,岩橋勇二,55.0,ダ,1300.0,良,88.3,2.7,7-8-9-9,41.4,414.0,-4.0,ボンジュールゼン,
2021102443,ノアアジレ,2025/11/23,高知,晴,7.0,C3ー8,10,6.0,6,220.8,9.0,10,岩橋勇二,55.0,ダ,1600.0,良,111.9,3.3,9-9-10-10,42.5,418.0,0.0,ダノンファスト,
2021102443,ノアアジレ,2025/11/08,高知,晴,11.0,ファイナルレース(C3),12,7.0,10,13.7,7.0,5,林謙佑,55.0,ダ,1400.0,稍,94.1,0.9,7-7-7-8,41.3,418.0,-2.0,ヴィルヘルム,6.0
2021102443,ノアアジレ,2025/10/25,高知,小雨,8.0,C3ー7,11,3.0,3,222.6,9.0,5,林謙佑,55.0,ダ,1300.0,不,85.9,2.4,9-7-8-7,39.5,420.0,0.0,メイショウヨンク,6.0
2021102443,ノアアジレ,2025/10/11,高知,曇,7.0,C3ー8,9,7.0,7,110.1,9.0,5,林謙佑,55.0,ダ,1600.0,稍,110.6,2.2,9-8-8-7,41.6,420.0,0.0,テーオーエメラルド,6.0
2021102443,ノアアジレ,2025/09/27,高知,曇,6.0,C3ー9,9,6.0,6,130.2,8.0,5,林謙佑,55.0,ダ,1400.0,不,93.9,1.4,4-4-5-6,40.2,420.0,-4.0,アクアマリンブルー,6.0
2021102443,ノアアジレ,2025/09/13,高知,曇,6.0,C3ー10,11,4.0,4,135.6,7.0,7,林謙佑,55.0,ダ,1300.0,重,87.0,1.8,7-7-7-8,40.6,424.0,2.0,アンリトゥンルール,
2021102443,ノアアジレ,2025/08/03,高知,晴,4.0,C3ー9,9,8.0,9,91.4,6.0,5,城野慈尚,54.0,ダ,1400.0,良,93.0,1.7,5-5-5-6,40.7,422.0,2.0,スティーロポリス,6.0
2021102443,ノアアジレ,2025/07/19,高知,晴,5.0,C3ー9,10,1.0,1,144.9,7.0,6,妹尾浩一,55.0,ダ,1300.0,不,85.4,2.8,7-7-8-7,39.2,420.0,3.0,イエルバブエナ,
2021102443,ノアアジレ,2025/07/06,高知,晴,11.0,ファイナルレース(C3),12,6.0,7,34.0,10.0,11,妹尾浩一,55.0,ダ,800.0,良,51.7,3.0,12-12,37.8,417.0,-1.0,フルメタルレディ,
2021102443,ノアアジレ,2025/06/22,高知,曇,11.0,ファイナルレース(C3),12,1.0,1,3.7,1.0,4,岡遼太郎,55.0,ダ,1400.0,重,92.7,0.9,3-3-4-3,41.4,418.0,-5.0,メイクアストーリー,9.0
2021102443,ノアアジレ,2025/06/07,高知,曇,5.0,ダビパク12周年特別(C3),12,7.0,10,55.8,7.0,6,岡遼太郎,55.0,ダ,1300.0,稍,88.0,1.5,7-7-7-8,41.0,423.0,4.0,サクララージャン,
2021102443,ノアアジレ,2025/05/25,高知,晴,10.0,ファイナルレース(C3),11,4.0,4,3.6,1.0,3,岡遼太郎,55.0,ダ,1400.0,不,93.8,0.5,2-2-2-2,40.4,419.0,5.0,ティファニーユー,15.0
2021102443,ノアアジレ,2025/04/27,高知,晴,9.0,C3ー15,9,4.0,4,45.9,4.0,5,井上瑛太,55.0,ダ,1400.0,稍,93.7,2.1,4-5-5-6,40.9,414.0,0.0,キタノオクトパス,6.0
2021102443,ノアアジレ,2025/04/13,高知,晴,7.0,C3ー15,10,8.0,11,30.6,4.0,5,岡遼太郎,55.0,ダ,1300.0,不,84.6,2.0,2-3-3-5,39.7,414.0,-3.0,アーサーテソーロ,6.0
2021102443,ノアアジレ,2025/03/26,高知,晴,2.0,C3ー10,12,4.0,4,13.4,3.0,2,岡遼太郎,54.0,ダ,1400.0,良,95.8,0.3,3-3-3-3,42.7,417.0,-1.0,アンコーナ,21.0
2021102443,ノアアジレ,2025/03/12,高知,曇,2.0,C3ー8,10,2.0,2,18.3,5.0,5,岡遼太郎,54.0,ダ,1400.0,重,94.1,2.5,4-3-3-3,40.8,418.0,-6.0,オセアダイナスティ,6.0
2021102443,ノアアジレ,2025/02/25,高知,晴,3.0,C3ー8,10,4.0,4,9.7,2.0,3,岡遼太郎,54.0,ダ,1300.0,良,88.2,1.2,2-2-2-3,40.8,424.0,-1.0,チャージドアップ,12.0
2021102443,ノアアジレ,2025/02/12,高知,小雨,10.0,ファイナルレース(C3),12,6.0,8,7.9,6.0,4,岡遼太郎,54.0,ダ,1300.0,重,86.1,0.7,4-4-4-4,40.2,425.0,-1.0,ビービーラフター,9.0
2021102443,ノアアジレ,2025/02/05,高知,晴,2.0,C3ー11,11,6.0,7,46.9,6.0,5,林謙佑,54.0,ダ,1400.0,重,95.1,1.1,7-7-6-5,42.3,426.0,-2.0,ラブビーチ,6.0
2021102443,ノアアジレ,2025/01/22,高知,晴,1.0,英二利亜結婚記念特別(C3),12,2.0,2,8.0,3.0,3,岡村卓弥,54.0,ダ,1400.0,良,96.7,2.2,4-3-3-3,41.7,428.0,-1.0,チャージドアップ,12.0
2021102443,ノアアジレ,2025/01/08,高知,晴,2.0,C3ー11,12,5.0,6,5.3,3.0,4,井上瑛太,54.0,ダ,1300.0,稍,89.8,0.5,4-4-3-5,41.1,429.0,-5.0,カポデテュティカピ,9.0
2021102443,ノアアジレ,2024/12/22,高知,晴,1.0,C3ー21,11,3.0,3,3.0,2.0,2,高野誠毅,54.0,ダ,1300.0,良,89.0,0.2,4-5-5-5,41.0,434.0,5.0,ポイントフォワード,21.0
2021102443,ノアアジレ,2024/12/07,高知,晴,12.0,ファイナルレース(C3),11,4.0,4,9.6,7.0,6,井上瑛太,54.0,ダ,1400.0,良,95.8,1.6,10-9-10-10,42.1,429.0,-8.0,ビッグロゴスルーフ,
2021102443,ノアアジレ,2024/11/24,高知,晴,12.0,ファイナルレース(C3),12,6.0,7,20.5,9.0,6,井上瑛太,54.0,ダ,1300.0,良,87.4,0.6,10-12-12-12,40.4,437.0,3.0,トーアナタリー,
2021102443,ノアアジレ,2024/11/09,高知,晴,11.0,ファイナルレース(C3),12,6.0,7,13.1,11.0,8,林謙佑,54.0,ダ,1400.0,稍,94.4,1.2,7-7-7-8,42.3,434.0,-1.0,アルク,
2021102443,ノアアジレ,2024/10/27,高知,晴,3.0,C3ー20,11,6.0,6,51.3,7.0,6,小杉亮,54.0,ダ,1300.0,不,85.2,1.1,5-5-6-7,39.6,435.0,-8.0,ペイシャキク,
2021102443,ノアアジレ,2024/10/14,高知,晴,2.0,KーK三十路記念特別(C3),11,8.0,11,4.2,3.0,4,小杉亮,54.0,ダ,1400.0,稍,95.6,0.7,3-3-3-2,43.6,443.0,-8.0,ワクワクドリーム,9.0
2021102443,ノアアジレ,2024/09/29,高知,曇,1.0,3歳ー9,9,5.0,5,20.9,5.0,3,小杉亮,54.0,ダ,1400.0,良,95.8,2.8,5-5-5-5,42.7,451.0,55.0,ペイシャキク,12.0
2021102443,ノアアジレ,2024/06/01,3東京1,晴,4.0,3歳未勝利,15,6.0,11,352.5,15.0,13,大江原比,51.0,芝,2000.0,良,122.5,2.9,6-7-7,37.5,396.0,-10.0,イージーブリージー,
2021102443,ノアアジレ,2024/02/10,1東京5,晴,6.0,3歳未勝利,16,1.0,1,481.0,16.0,10,永野猛蔵,54.0,芝,1800.0,良,108.3,1.2,13-10-10,34.4,406.0,-8.0,ミスティア,
2021102443,ノアアジレ,2023/11/26,5東京8,曇,2.0,2歳未勝利,18,5.0,9,827.4,17.0,13,永野猛蔵,54.0,芝,1600.0,良,96.9,1.8,15-15,34.9,414.0,-12.0,ツルマウカタチ,
2021102443,ノアアジレ,2023/10/07,4東京1,晴,6.0,2歳新馬,18,2.0,3,238.4,16.0,10,石川裕紀,55.0,芝,1600.0,良,96.2,1.2,9-7,35.5,426.0,0.0,ミエノジュピター,
2021103875,サイカク,2026/07/11,高知,晴,2.0,C3ー4,9,8.0,10,151.4,9.0,8,上田将司,57.0,ダ,1600.0,重,112.3,3.3,5-5-5-8,44.0,458.0,7.0,グランパリッシュ,
2021103875,サイカク,2026/06/27,高知,曇,2.0,C3ー4,9,7.0,8,123.9,9.0,7,阿部基嗣,55.0,ダ,1300.0,不,85.3,2.4,5-5-5-6,40.2,451.0,-2.0,ソルデマジョ,
2021103875,サイカク,2026/06/13,高知,晴,2.0,C3ー4,10,6.0,7,144.8,10.0,7,阿部基嗣,55.0,ダ,1400.0,稍,96.9,2.8,5-5-7-6,43.7,453.0,0.0,コンジャンクション,
2021103875,サイカク,2026/05/31,高知,晴,11.0,ファイナルレース(C3),11,6.0,7,,,取,阿部基嗣,55.0,ダ,1300.0,稍,,,,,,,ドンクロノス,
2021103875,サイカク,2026/05/16,高知,晴,2.0,C3ー5,10,1.0,1,126.2,9.0,9,大澤誠志,57.0,ダ,1400.0,良,98.6,3.3,7-7-9-8,43.1,453.0,-2.0,メイショウホウセン,
2021103875,サイカク,2026/05/02,高知,晴,2.0,C3ー5,9,6.0,6,101.6,8.0,9,阿部基嗣,55.0,ダ,1600.0,重,111.5,4.7,8-7-7-9,43.0,455.0,3.0,アットワンス,
2021103875,サイカク,2026/04/18,高知,曇,1.0,C3ー6,8,5.0,5,17.7,4.0,6,阿部基嗣,55.0,ダ,1400.0,重,94.8,2.5,5-4-4-5,41.0,452.0,-5.0,シティオブロンドン,
2021103875,サイカク,2026/04/04,高知,雨,2.0,C3ー5,9,5.0,5,48.1,9.0,7,岡遼太郎,57.0,ダ,1300.0,不,84.9,1.5,5-5-5-6,40.3,457.0,1.0,リワードエレイン,
2021103875,サイカク,2026/03/24,高知,晴,11.0,ファイナルレース(C3),11,3.0,3,8.3,5.0,5,阿部基嗣,55.0,ダ,1600.0,稍,109.4,0.8,6-5-6-5,41.3,456.0,-2.0,カノンウッドテール,6.0
2021103875,サイカク,2026/03/10,高知,晴,3.0,C3ー4,11,7.0,9,60.5,7.0,5,阿部基嗣,55.0,ダ,1300.0,稍,87.4,2.1,7-7-7-6,40.5,458.0,1.0,ダニエルバローズ,6.0
2021103875,サイカク,2026/02/23,高知,晴,4.0,C3ー4,9,6.0,6,12.8,5.0,6,阿部基嗣,55.0,ダ,1300.0,良,87.8,1.2,3-2-2-4,40.7,457.0,2.0,ディープカインズ,
2021103875,サイカク,2026/02/10,高知,曇,4.0,C3ー4,10,7.0,8,44.2,6.0,4,阿部基嗣,55.0,ダ,1300.0,良,86.5,0.8,7-7-5-4,40.1,455.0,-1.0,ブラックサウザー,9.0
2021103875,サイカク,2026/01/26,高知,晴,11.0,ファイナルレース(C3),12,8.0,12,5.4,2.0,9,井上瑛太,57.0,ダ,1300.0,良,86.7,1.9,4-5-6-7,41.2,456.0,3.0,ナンデフェスティヴ,
2021103875,サイカク,2026/01/11,高知,晴,8.0,C3ー7,9,8.0,9,25.6,5.0,5,阿部基嗣,55.0,ダ,1400.0,良,94.8,1.3,4-4-4-4,41.8,453.0,1.0,アイルランズコール,6.0
2021103875,サイカク,2026/01/01,高知,晴,11.0,ファイナルレース(C3),12,4.0,4,11.5,8.0,2,阿部基嗣,55.0,ダ,1300.0,良,86.2,0.5,3-3-2-2,40.3,452.0,-1.0,ポジティブガール,24.0
2021103875,サイカク,2025/12/20,高知,曇,8.0,C3ー8,11,8.0,10,171.2,8.0,7,畑中信司,57.0,ダ,1400.0,稍,95.3,2.1,2-3-3-5,41.6,453.0,1.0,エヌマエリシュ,
2021103875,サイカク,2025/12/06,高知,晴,7.0,C3ー8,11,8.0,11,349.7,10.0,5,阿部基嗣,55.0,ダ,1300.0,良,87.4,1.5,4-4-5-5,41.3,452.0,0.0,モーニングヘイズ,6.0
2021103875,サイカク,2025/11/23,高知,晴,7.0,C3ー8,10,4.0,4,260.9,10.0,9,阿部基嗣,55.0,ダ,1600.0,良,111.0,2.4,7-7-8-7,42.1,452.0,0.0,ダノンファスト,
2021103875,サイカク,2025/10/25,高知,小雨,8.0,C3ー7,11,5.0,5,323.5,10.0,9,石本純也,57.0,ダ,1300.0,不,87.0,3.5,10-9-10-10,40.4,452.0,5.0,メイショウヨンク,
2021103875,サイカク,2025/10/11,高知,曇,7.0,C3ー8,9,8.0,8,54.6,6.0,6,石本純也,57.0,ダ,1600.0,稍,111.0,2.6,5-5-4-6,42.4,447.0,2.0,テーオーエメラルド,
2021103875,サイカク,2025/09/27,高知,曇,6.0,C3ー9,9,2.0,2,54.6,7.0,7,石本純也,57.0,ダ,1400.0,不,94.6,2.1,8-8-8-7,40.4,445.0,-2.0,アクアマリンブルー,
2021103875,サイカク,2025/09/13,高知,曇,11.0,ファイナルレース(C3),12,4.0,4,92.3,11.0,4,石本純也,57.0,ダ,1300.0,重,85.8,1.2,7-7-7-6,39.7,447.0,6.0,ホウオウルバン,9.0
2021103875,サイカク,2025/07/27,高知,晴,6.0,C3ー6,12,5.0,5,68.1,8.0,8,阿部基嗣,54.0,ダ,1300.0,稍,86.7,2.4,7-6-6-6,40.3,441.0,-3.0,カワキタマックス,
2021103875,サイカク,2025/07/12,高知,晴,12.0,ファイナルレース(C3),12,3.0,3,16.3,9.0,7,阿部基嗣,54.0,ダ,1300.0,重,85.6,0.9,9-7-7-6,40.5,444.0,-3.0,ミスキャサリン,
2021103875,サイカク,2025/06/28,高知,晴,1.0,C3ー8,8,7.0,7,14.0,5.0,5,近藤翔月,54.0,ダ,1600.0,重,109.6,2.0,3-3-3-3,40.3,447.0,2.0,ドンクロノス,6.0
2021103875,サイカク,2025/06/07,高知,曇,7.0,C3ー10,9,2.0,2,20.9,5.0,4,石本純也,57.0,ダ,1300.0,稍,86.3,1.1,4-4-5-4,39.5,445.0,-6.0,ポジティブガール,9.0
2021103875,サイカク,2025/05/24,高知,雨,7.0,C3ー10,9,6.0,6,75.9,7.0,6,仲原大生,57.0,ダ,1400.0,不,91.4,2.3,2-3-4-4,41.2,451.0,1.0,デリシュー,
2021103875,サイカク,2025/05/10,高知,曇,7.0,C3ー10,9,4.0,4,47.6,8.0,5,阿部基嗣,54.0,ダ,1300.0,不,83.8,1.5,8-8-8-8,38.6,450.0,-1.0,ダノンアーリー,6.0
2021103875,サイカク,2025/04/26,高知,晴,7.0,C3ー12,10,2.0,2,43.1,6.0,4,多田羅誠,57.0,ダ,1400.0,重,94.2,1.4,7-7-7-6,42.1,451.0,-3.0,ワンリオン,9.0
2021103875,サイカク,2025/04/12,高知,晴,4.0,C3ー13,10,7.0,7,17.6,5.0,2,阿部基嗣,54.0,ダ,1300.0,稍,87.3,1.1,5-4-4-3,41.2,454.0,4.0,ジャスパージャック,24.0
2021103875,サイカク,2025/03/26,高知,晴,4.0,C3ー8,10,4.0,4,10.9,3.0,4,西森将司,56.0,ダ,1400.0,良,94.6,1.0,3-3-3-3,41.3,450.0,0.0,サトノラッシュ,9.0
2021103875,サイカク,2025/03/12,高知,曇,3.0,C3ー7,8,7.0,7,89.0,8.0,2,西森将司,56.0,ダ,1400.0,重,92.2,0.6,4-4-4-4,39.9,450.0,2.0,ドナアフロディテ,21.0
2021103875,サイカク,2025/02/24,高知,晴,10.0,ファイナルレース(C3),12,1.0,1,70.5,12.0,11,西森将司,56.0,ダ,1300.0,良,88.8,2.0,4-4-6-7,41.3,448.0,-6.0,タイキオナード,
2021103875,サイカク,2025/02/12,高知,雨,3.0,C3ー7,10,4.0,4,18.4,6.0,5,西森将司,56.0,ダ,1300.0,重,87.3,1.3,7-5-5-5,40.2,454.0,7.0,ベルウッドリアン,6.0
2021103875,サイカク,2025/01/29,高知,晴,10.0,ファイナルレース(C3),12,3.0,3,43.1,12.0,6,西森将司,56.0,ダ,1300.0,稍,87.3,1.0,11-12-12-11,40.4,447.0,-2.0,ジーズデイズ,
2021103875,サイカク,2025/01/15,高知,晴,10.0,ファイナルレース(C3),12,3.0,3,24.4,9.0,3,阿部基嗣,53.0,ダ,1400.0,良,95.2,1.0,11-8-7-5,41.2,449.0,2.0,カズマッカレン,12.0
2021103875,サイカク,2025/01/01,高知,晴,1.0,C3ー11,7,6.0,6,126.8,7.0,5,西森将司,56.0,ダ,1300.0,良,88.9,1.9,3-2-3-5,42.6,447.0,2.0,ビリーヴサンライズ,6.0
2021103875,サイカク,2024/12/22,高知,晴,6.0,C3ー16,8,6.0,6,124.1,8.0,6,西森将司,56.0,ダ,1300.0,良,88.1,0.9,6-5-4-5,40.8,445.0,2.0,ワクワクドリーム,
2021103875,サイカク,2024/12/08,高知,晴,7.0,C3ー16,11,7.0,8,136.8,10.0,9,西森将司,56.0,ダ,1400.0,良,95.0,1.9,9-9-9-9,41.3,443.0,-2.0,メイショウロージー,
2021103875,サイカク,2024/11/24,高知,晴,12.0,ファイナルレース(C3),12,7.0,10,43.7,12.0,11,阿部基嗣,53.0,ダ,1300.0,良,88.0,1.2,9-9-9-9,41.4,445.0,4.0,トーアナタリー,
2021103875,サイカク,2024/11/09,高知,晴,11.0,ファイナルレース(C3),12,5.0,6,33.3,12.0,9,西森将司,56.0,ダ,1400.0,稍,94.4,1.2,11-10-11-10,41.7,441.0,7.0,アルク,
2021103875,サイカク,2024/10/26,高知,雨,1.0,C3ー15,10,5.0,5,173.2,7.0,4,西森将司,56.0,ダ,1300.0,不,85.3,1.9,9-8-7-6,39.3,434.0,0.0,トーアエレクトロン,9.0
2021103875,サイカク,2024/10/13,高知,晴,11.0,ファイナルレース(C3),12,1.0,1,35.6,11.0,3,阿部基嗣,53.0,ダ,1400.0,稍,95.4,0.6,7-7-7-3,42.5,434.0,-5.0,ナナイロライン,12.0
2021103875,サイカク,2024/09/28,高知,曇,2.0,山崎騎手がんばれ特別(3歳),12,3.0,3,131.7,12.0,6,西森将司,56.0,ダ,1400.0,良,95.9,2.2,10-10-11-8,42.2,439.0,8.0,ベアエンジェル,
2021103875,サイカク,2024/09/15,高知,曇,1.0,3歳ー3,10,8.0,10,125.8,10.0,5,西森将司,56.0,ダ,1400.0,不,94.5,2.4,9-9-9-9,41.4,431.0,10.0,ミニーバローズ,6.0
2021103875,サイカク,2024/08/03,高知,晴,3.0,3歳ー4,11,6.0,7,123.3,9.0,6,西森将司,56.0,ダ,1300.0,良,88.1,1.4,11-11-11-10,41.2,421.0,0.0,ビックス,
2021103875,サイカク,2024/07/21,高知,晴,6.0,タチウオ特別(3歳),9,8.0,10,45.8,8.0,9,西森将司,56.0,ダ,1600.0,稍,110.1,3.3,4-4-6-9,42.9,421.0,0.0,フライツァイト,
2021103875,サイカク,2024/07/07,高知,晴,12.0,ファイナルレース(3歳),11,2.0,2,8.4,4.0,1,西森将司,56.0,ダ,1600.0,良,109.2,-0.7,4-4-4-1,42.6,421.0,-7.0,(ミスフレンド),60.0
2021103875,サイカク,2024/06/22,高知,雨,1.0,3歳ー4,8,5.0,5,29.2,8.0,8,嬉勝則,56.0,ダ,1300.0,不,86.9,1.7,7-6-6-8,41.2,428.0,-1.0,インフォーカス,
2021103875,サイカク,2024/06/08,高知,曇,1.0,3歳ー3,9,2.0,2,49.8,7.0,9,阿部基嗣,53.0,ダ,1400.0,良,97.3,2.4,7-6-7-5,42.8,429.0,3.0,ビックス,
2021103875,サイカク,2024/05/25,高知,晴,1.0,3歳ー4,9,8.0,9,203.2,9.0,6,西森将司,56.0,ダ,1300.0,稍,88.3,1.4,7-7-8-8,41.0,426.0,-4.0,スウィバンビーナ,
2021103875,サイカク,2024/05/12,高知,雨,4.0,3歳ー5,9,1.0,1,79.5,8.0,3,阿部基嗣,53.0,ダ,1600.0,不,107.0,2.0,5-5-4-3,41.5,430.0,5.0,ポッドジャスパー,12.0
2021103875,サイカク,2024/04/28,高知,晴,11.0,ファイナルレース(3歳),12,5.0,5,48.4,11.0,6,西森将司,56.0,ダ,1400.0,不,93.7,1.5,10-8-8-8,40.8,425.0,-5.0,シュクメルリ,
2021103875,サイカク,2024/04/13,高知,晴,1.0,3歳ー5,11,8.0,11,40.8,7.0,5,阿部基嗣,53.0,ダ,1300.0,稍,87.8,0.9,7-7-8-6,40.6,430.0,4.0,パンパカパーティー,6.0
2021103875,サイカク,2024/03/24,高知,雨,3.0,3歳ー2,10,8.0,10,306.8,9.0,7,西森将司,56.0,ダ,1600.0,不,107.7,2.2,8-8-9-8,40.4,426.0,-1.0,マジックセブン,
2021103875,サイカク,2024/03/10,高知,晴,1.0,3歳ー3,12,6.0,8,81.7,8.0,5,木村直輝,56.0,ダ,1300.0,稍,88.4,1.0,8-6-8-7,41.4,427.0,3.0,スウィバンビーナ,6.0
2021103875,サイカク,2024/02/25,高知,曇,1.0,3歳ー2,10,7.0,8,179.4,10.0,3,木村直輝,56.0,ダ,1400.0,不,93.6,0.8,9-9-7-6,41.0,424.0,-1.0,ハイプボーイ,12.0
2021103875,サイカク,2024/02/11,高知,晴,2.0,3歳ー2,8,3.0,3,137.4,8.0,7,西森将司,56.0,ダ,1600.0,重,114.8,3.9,2-2-6-6,46.2,425.0,1.0,リワードシデン,
2021103875,サイカク,2024/01/28,高知,晴,1.0,3歳ー3,9,1.0,1,131.3,9.0,6,西森将司,56.0,ダ,1300.0,良,91.5,4.3,5-4-6-6,45.0,424.0,2.0,カンノンアーニモ,
2021103875,サイカク,2024/01/14,高知,晴,3.0,3歳ー2,7,7.0,7,51.3,6.0,6,西森将司,56.0,ダ,1400.0,良,99.0,4.6,6-6-5-6,43.0,422.0,-11.0,シンメデージー,
2021103875,サイカク,2023/12/28,高知,晴,3.0,2歳ー4,8,6.0,6,129.2,8.0,6,嬉勝則,55.0,ダ,1300.0,稍,91.0,2.6,7-7-7-7,43.3,433.0,5.0,リリーフューシャ,
2021103875,サイカク,2023/12/10,高知,晴,1.0,2歳ー3,12,6.0,7,53.2,9.0,11,嬉勝則,55.0,ダ,1300.0,重,90.4,4.9,12-12-12-12,43.2,428.0,6.0,バウンティキャット,
2021103875,サイカク,2023/11/06,川崎,晴,1.0,2歳5,10,1.0,1,112.3,9.0,8,中越琉世,55.0,ダ,1400.0,良,96.4,2.4,10-10-10-10,41.9,422.0,8.0,オングライドパス,
2021103875,サイカク,2023/10/09,川崎,雨,3.0,馬追賞(2歳),10,6.0,6,53.8,8.0,9,中越琉世,55.0,ダ,1400.0,不,96.7,1.4,8-9-8-10,42.9,414.0,0.0,スノーブリザード,
2021103875,サイカク,2023/09/14,川崎,晴,1.0,2歳4,7,7.0,7,107.2,7.0,6,中越琉世,54.0,ダ,1400.0,良,95.9,3.2,6-6-6-7,43.3,414.0,3.0,ソレナ,
2021103875,サイカク,2023/08/22,川崎,曇,3.0,ギンヤンマ賞(2歳),7,2.0,2,130.5,7.0,6,中越琉世,54.0,ダ,1400.0,稍,94.0,1.4,7-7-7-6,41.6,411.0,-2.0,グッモーニン,
2021103875,サイカク,2023/07/27,川崎,晴,2.0,2歳4,9,5.0,5,12.3,4.0,2,山崎誠士,54.0,ダ,1400.0,良,95.8,3.1,9-9-8-6,41.6,413.0,-10.0,ミスマルゴー,80.0
2021103875,サイカク,2023/07/03,川崎,晴,1.0,2歳4,7,5.0,5,2.3,1.0,5,森泰斗,54.0,ダ,1400.0,良,97.7,2.0,7-6-4-3,43.2,423.0,1.0,シスターネビュラ,20.0
2021103875,サイカク,2023/06/13,川崎,晴,2.0,モンシロチョウ特別(2歳),9,4.0,4,91.7,8.0,6,中越琉世,54.0,ダ,1400.0,重,98.0,2.2,7-7-5-5,44.3,422.0,-3.0,ミスティライラック,
2021103875,サイカク,2023/05/19,川崎,雨,4.0,スパーキングデビュー(2歳),7,1.0,1,61.9,5.0,7,中越琉世,54.0,ダ,900.0,稍,58.4,2.5,7-7,40.0,425.0,0.0,デーレーラプター,
2020104641,アップルキャンディ,2026/07/11,高知,晴,1.0,C3ー5,9,1.0,1,102.1,8.0,8,石本純也,55.0,ダ,1600.0,重,112.8,3.0,7-7-8-7,43.1,450.0,1.0,アンダーザスター,
2020104641,アップルキャンディ,2026/06/27,高知,曇,1.0,C3ー5,9,2.0,2,149.5,9.0,8,石本純也,55.0,ダ,1300.0,不,86.4,4.3,9-9-9-9,39.9,449.0,2.0,グリントリッター,
2020104641,アップルキャンディ,2026/06/13,高知,晴,1.0,C3ー5,10,8.0,9,100.7,7.0,10,石本純也,55.0,ダ,1400.0,稍,98.0,4.9,7-7-7-8,43.7,447.0,5.0,ザセンチュリー,
2020104641,アップルキャンディ,2026/05/30,高知,晴,1.0,C3ー5,9,8.0,8,157.5,9.0,8,石本純也,55.0,ダ,1300.0,稍,88.3,1.9,7-7-6-6,40.6,442.0,1.0,マイネルビジョン,
2020104641,アップルキャンディ,2026/05/16,高知,晴,1.0,C3ー6,9,4.0,4,90.7,8.0,9,石本純也,55.0,ダ,1400.0,良,99.0,4.0,8-8-8-8,43.2,441.0,4.0,テソリーノ,
2020104641,アップルキャンディ,2026/05/02,高知,晴,1.0,C3ー6,9,3.0,3,169.4,9.0,9,石本純也,55.0,ダ,1600.0,重,113.8,5.6,7-7-7-9,43.6,437.0,-3.0,メイショウハマギク,
2020104641,アップルキャンディ,2026/04/18,高知,曇,1.0,C3ー6,8,8.0,8,60.0,6.0,8,石本純也,55.0,ダ,1400.0,重,96.5,4.2,7-7-7-7,41.5,440.0,7.0,シティオブロンドン,
2020104641,アップルキャンディ,2026/04/04,高知,雨,1.0,C3ー6,8,8.0,8,90.7,8.0,7,石本純也,55.0,ダ,1300.0,不,85.9,3.3,6-7-7-7,39.5,433.0,9.0,リライトヒストリー,
2020104641,アップルキャンディ,2026/03/24,高知,晴,8.0,C3ー3,9,5.0,5,191.6,9.0,8,石本純也,55.0,ダ,1600.0,稍,111.8,4.4,9-9-9-9,42.6,424.0,0.0,メイショウイヌワシ,
2020104641,アップルキャンディ,2026/03/17,高知,晴,4.0,C3ー3,7,2.0,2,73.0,6.0,7,城野慈尚,54.0,ダ,1400.0,良,98.0,3.8,6-6-6-7,43.1,424.0,-5.0,アルヒジュル,
2020104641,アップルキャンディ,2026/03/10,高知,晴,4.0,C3ー3,11,8.0,11,136.2,11.0,11,加藤翔馬,55.0,ダ,1300.0,稍,89.6,3.7,9-10-11-11,41.9,429.0,-6.0,ヒデノブルースカイ,
2020104641,アップルキャンディ,2026/02/14,佐賀,小雨,2.0,C2ー5組,11,5.0,5,181.2,9.0,11,松井伸也,54.0,ダ,1400.0,稍,92.9,3.1,9-9-10-11,39.8,435.0,1.0,ソレイケギンチャン,
2020104641,アップルキャンディ,2026/02/01,佐賀,曇,3.0,C2ー5組,11,6.0,7,95.1,9.0,5,長谷川蓮,53.0,ダ,1400.0,良,93.1,1.0,5-6-5-5,40.4,434.0,1.0,ハルヨコイ,3.2
2020104641,アップルキャンディ,2026/01/18,佐賀,晴,4.0,C2ー6組,11,5.0,5,313.4,10.0,6,松井伸也,54.0,ダ,1400.0,良,92.5,2.0,6-6-7-7,39.6,433.0,0.0,トワイライトサーガ,
2020104641,アップルキャンディ,2025/12/28,佐賀,晴,3.0,佐賀競馬写真展記念レ(C2),10,3.0,3,99.2,7.0,8,松井伸也,54.0,ダ,1400.0,稍,93.4,3.0,8-7-8-8,40.0,433.0,0.0,バイルシュタイン,
2020104641,アップルキャンディ,2025/12/07,佐賀,曇,7.0,美味しいみかん「さが(C2),12,5.0,5,94.3,7.0,5,竹吉徹,54.0,ダ,1300.0,良,87.7,1.3,6-6-6-5,39.2,433.0,-3.0,バウンドトゥウィン,3.2
2020104641,アップルキャンディ,2025/11/15,佐賀,晴,5.0,C2ー6組,11,1.0,1,108.6,6.0,4,竹吉徹,54.0,ダ,1400.0,良,93.2,1.4,4-3-5-4,40.0,436.0,-1.0,コースタルタウン,4.8
2020104641,アップルキャンディ,2025/11/01,佐賀,晴,3.0,C2ー6組,11,2.0,2,72.5,6.0,6,竹吉徹,54.0,ダ,1400.0,良,94.1,1.9,5-5-5-6,40.1,437.0,0.0,アシャカルーク,
2020104641,アップルキャンディ,2025/10/18,佐賀,曇,4.0,C2ー6組,11,7.0,9,29.2,5.0,5,竹吉徹,54.0,ダ,1400.0,良,93.0,1.1,5-5-5-6,39.9,437.0,-12.0,ユッカラン,3.2
2020104641,アップルキャンディ,2025/10/04,佐賀,雨,3.0,C2ー6組,12,5.0,5,11.7,5.0,8,竹吉徹,54.0,ダ,1400.0,不,92.5,1.8,5-6-6-6,41.5,449.0,2.0,エラブローラン,
2020104641,アップルキャンディ,2025/09/21,佐賀,晴,2.0,C2ー7組,12,8.0,12,8.9,4.0,6,竹吉徹,54.0,ダ,1300.0,重,86.2,1.7,7-7-6-6,38.8,447.0,3.0,テリオスミナ,
2020104641,アップルキャンディ,2025/09/06,佐賀,晴,7.0,C2ー8組,12,6.0,8,10.5,4.0,4,竹吉徹,54.0,ダ,1400.0,良,92.9,1.6,5-5-5-5,40.4,444.0,3.0,アスターディンブラ,4.8
2020104641,アップルキャンディ,2025/08/23,佐賀,曇,9.0,AIパッカル賞(C2),12,7.0,10,19.0,9.0,3,竹吉徹,54.0,ダ,1400.0,不,91.0,0.0,7-8-4-3,39.5,441.0,9.0,レイズショコラ,7.2
2020104641,アップルキャンディ,2025/07/13,佐賀,曇,8.0,ヘルクレス座特選(C2),12,8.0,12,24.3,8.0,7,竹吉徹,54.0,ダ,900.0,稍,55.8,1.5,11-11,36.1,432.0,-4.0,マインドマイワーズ,
2020104641,アップルキャンディ,2025/06/28,佐賀,晴,8.0,半夏生特選(C2),11,6.0,7,13.5,4.0,9,竹吉徹,54.0,ダ,1750.0,良,120.8,3.3,7-7-6-8,42.8,436.0,0.0,ボンジーア,
2020104641,アップルキャンディ,2025/06/07,佐賀,小雨,3.0,C2ー3組,11,3.0,3,3.1,2.0,2,竹吉徹,54.0,ダ,1400.0,良,92.3,0.0,4-4-4-2,40.1,436.0,6.0,メイショウムーヴ,12.8
2020104641,アップルキャンディ,2025/05/25,佐賀,曇,4.0,KYUSHUDREA(C2),11,6.0,6,12.4,4.0,2,竹吉徹,54.0,ダ,1400.0,不,93.3,0.4,5-5-4-3,40.4,430.0,-3.0,グエムル,12.8
2020104641,アップルキャンディ,2025/05/11,佐賀,曇,6.0,C2ー6組,12,5.0,5,11.3,5.0,7,竹吉徹,54.0,ダ,1300.0,重,86.4,2.0,7-7-8-8,40.1,433.0,1.0,タロウシュン,
2020104641,アップルキャンディ,2025/04/26,佐賀,晴,3.0,C2ー9組,10,4.0,4,43.5,9.0,2,竹吉徹,54.0,ダ,1400.0,稍,92.9,0.4,6-5-4-3,40.7,432.0,-1.0,ブラウンキングズ,12.8
2020104641,アップルキャンディ,2025/04/12,佐賀,曇,4.0,C2ー11組,9,8.0,8,35.9,7.0,5,出水拓人,54.0,ダ,1400.0,重,93.5,2.0,7-7-5-6,40.6,433.0,-3.0,パワポケプリメーロ,3.2
2020104641,アップルキャンディ,2025/03/22,佐賀,晴,1.0,C2ー10組,11,8.0,10,38.8,9.0,5,竹吉徹,54.0,ダ,1300.0,稍,86.8,1.2,6-6-4-6,39.7,436.0,4.0,ロトプレシャス,3.2
2020104641,アップルキャンディ,2025/03/06,佐賀,曇,2.0,C2ー11組,10,7.0,8,35.4,8.0,3,竹吉徹,54.0,ダ,1400.0,重,92.8,1.2,6-7-6-6,40.4,432.0,-9.0,タガノエイリアス,7.2
2020104641,アップルキャンディ,2025/02/20,佐賀,晴,7.0,C2ー11組,11,8.0,11,28.4,5.0,7,飛田愛斗,54.0,ダ,1300.0,良,86.4,1.4,9-9-9-8,39.4,441.0,2.0,テイエムスマック,
2020104641,アップルキャンディ,2025/02/09,佐賀,曇,11.0,SAGAリベンジャー(C2),11,3.0,3,70.8,8.0,8,落合玄太,54.0,ダ,1300.0,稍,87.8,1.9,7-8-7-7,40.3,439.0,2.0,ノックオンウッド,
2020104641,アップルキャンディ,2025/01/26,佐賀,晴,2.0,C2ー11組,10,4.0,4,5.1,3.0,4,飛田愛斗,54.0,ダ,1400.0,良,93.8,1.1,3-3-3-5,40.6,437.0,-8.0,ストレイトアップ,4.8
2020104641,アップルキャンディ,2025/01/12,佐賀,晴,1.0,C2ー10組,8,3.0,3,9.3,5.0,4,飛田愛斗,54.0,ダ,1400.0,稍,93.5,1.1,3-4-3-4,41.3,445.0,3.0,エコログラッツェ,4.8
2020104641,アップルキャンディ,2024/12/16,佐賀,晴,2.0,さがけいば無料ネット(C2),11,7.0,9,6.5,3.0,3,飛田愛斗,54.0,ダ,1300.0,良,85.9,1.6,7-7-6-3,39.2,442.0,9.0,グシチャンノホシ,7.2
2020104641,アップルキャンディ,2024/11/24,佐賀,晴,12.0,SAGAリベンジャー(C2),11,8.0,10,15.0,5.0,5,飛田愛斗,54.0,ダ,1300.0,良,86.2,1.7,3-2-3-3,40.3,433.0,-6.0,ナツリュウオー,3.2
2020104641,アップルキャンディ,2024/11/02,佐賀,晴,3.0,C2ー20組,10,8.0,10,3.1,2.0,1,飛田愛斗,54.0,ダ,1400.0,不,93.9,0.0,2-2-2-2,40.7,439.0,-8.0,(ダンツハマー),40.0
2020104641,アップルキャンディ,2024/10/13,佐賀,晴,11.0,SAGAリベンジャー(C2),11,7.0,8,19.4,4.0,3,竹吉徹,54.0,ダ,1300.0,良,87.6,0.4,7-6-4-2,40.7,447.0,-8.0,ロジサビアーレ,7.2
2020104641,アップルキャンディ,2024/09/03,名古屋,曇,2.0,名古屋モーニングフィ(C),12,7.0,9,13.2,5.0,1,塚本征吾,54.0,ダ,1500.0,稍,98.6,-0.1,2-3-4,38.2,455.0,-7.0,(セルリアンロケット),50.0
2020104641,アップルキャンディ,2024/08/20,名古屋,曇,3.0,C13組,10,3.0,3,3.4,2.0,5,木之前葵,52.0,ダ,1500.0,不,100.3,1.5,4-5-6,40.8,462.0,2.0,レガント,5.0
2020104641,アップルキャンディ,2024/08/06,名古屋,晴,2.0,名古屋モーニングフィ(C),12,5.0,6,4.7,3.0,3,塚本征吾,54.0,ダ,1500.0,良,100.1,1.1,3-4-4,40.5,460.0,13.0,パヴァーヌ,10.0
2020104641,アップルキャンディ,2024/07/23,名古屋,晴,2.0,名古屋モーニングフィ(C),11,7.0,10,4.0,2.0,4,塚本征吾,54.0,ダ,1500.0,良,99.2,0.6,6-7-5,40.5,447.0,-7.0,グーディッシュ,7.5
2020104641,アップルキャンディ,2024/07/10,名古屋,曇,2.0,名古屋モーニングフィ(C),12,6.0,7,60.3,9.0,4,木之前葵,52.0,ダ,1500.0,良,99.5,1.1,6-6-4,40.9,454.0,1.0,アカツキスワロー,7.5
2020104641,アップルキャンディ,2024/06/25,名古屋,曇,1.0,C16組,12,4.0,4,75.9,8.0,11,木之前葵,52.0,ダ,1500.0,重,100.5,2.0,3-7-9,40.9,453.0,0.0,スターグローリー,
2020104641,アップルキャンディ,2024/06/12,名古屋,晴,2.0,C17組,12,6.0,8,197.1,11.0,9,木之前葵,52.0,ダ,1500.0,良,100.5,2.9,4-4-9,42.2,453.0,-3.0,ゼファーバローズ,
2020104641,アップルキャンディ,2024/05/28,名古屋,雨,3.0,C18組,12,1.0,1,205.3,11.0,12,加藤聡一,54.0,ダ,1500.0,不,102.8,5.0,10-12-12,42.9,456.0,10.0,アイノビート,
2020104641,アップルキャンディ,2024/05/15,名古屋,晴,3.0,C19組,12,3.0,3,81.5,8.0,9,友森翔太,54.0,ダ,1400.0,稍,94.7,3.1,5-8-7,41.2,446.0,-1.0,ウィズアウト,
2020104641,アップルキャンディ,2024/05/01,名古屋,雨,6.0,C20組,11,4.0,4,103.3,10.0,8,木之前葵,52.0,ダ,1500.0,稍,101.0,2.5,6-7-8,41.1,447.0,-1.0,ミカノヴェニュス,
2020104641,アップルキャンディ,2024/04/22,名古屋,曇,4.0,C20組,12,5.0,5,129.8,10.0,7,望月洵輝,51.0,ダ,1500.0,不,101.0,1.3,6-8-7,41.8,448.0,2.0,キタノシェイク,
2020104641,アップルキャンディ,2024/04/09,名古屋,晴,4.0,C20組,12,7.0,10,67.6,8.0,12,加藤聡一,54.0,ダ,1500.0,不,102.8,5.6,3-4-8,44.9,446.0,2.0,エイシンゼータ,
2020104641,アップルキャンディ,2024/03/12,名古屋,雨,4.0,お馬さん大好き糸世ち(C),12,5.0,6,69.2,8.0,8,木之前葵,52.0,ダ,1500.0,不,99.9,1.6,4-6-6,41.4,444.0,2.0,ハクサンセーブル,
2020104641,アップルキャンディ,2024/02/26,名古屋,晴,5.0,C25組,10,2.0,2,26.3,6.0,7,木之前葵,52.0,ダ,1500.0,重,103.0,1.7,3-5-6,42.9,442.0,-1.0,キーコンパス,
2020104641,アップルキャンディ,2024/02/14,名古屋,晴,8.0,木曽川特別(C),11,6.0,6,163.6,10.0,11,友森翔太,54.0,ダ,1500.0,良,102.9,4.8,9-9-11,42.9,443.0,-2.0,トウシンイマジ,
2020104641,アップルキャンディ,2024/01/29,名古屋,晴,2.0,愛しのりえバースデー(C),10,2.0,2,3.6,2.0,1,木之前葵,52.0,ダ,920.0,稍,58.8,-0.7,1,37.7,445.0,0.0,(グリームクィーン),45.0
2020104641,アップルキャンディ,2024/01/15,名古屋,晴,1.0,ゴル同ch登録者数7(C),10,4.0,4,9.7,4.0,4,木之前葵,52.0,ダ,1500.0,良,101.3,1.0,2-3-3,41.8,445.0,7.0,ケイティヴィーナス,6.8
2020104641,アップルキャンディ,2023/12/25,金沢,雨,1.0,無料ネット新聞うまか(C2),8,4.0,4,17.3,4.0,4,兼子千央,54.0,ダ,1400.0,不,93.9,2.5,6-7-6-6,40.2,438.0,-8.0,サスケブリッコ,4.8
2020104641,アップルキャンディ,2023/12/12,金沢,雨,1.0,うまかつ.net金沢(C2),9,8.0,9,5.3,3.0,8,吉田晃浩,54.0,ダ,1400.0,不,94.3,2.3,7-7-7-7,41.4,446.0,7.0,ニューブラック,
2020104641,アップルキャンディ,2023/11/26,金沢,晴,1.0,無料ネット新聞うまか(C2),8,7.0,7,20.2,5.0,3,吉田晃浩,54.0,ダ,1500.0,重,101.6,2.2,7-7-5-4,41.9,439.0,-5.0,アルブレーヴ,6.4
2020104641,アップルキャンディ,2023/11/15,大井,曇,3.0,3歳67万円,12,2.0,2,66.6,8.0,9,西啓太,54.0,ダ,1200.0,良,79.8,3.6,5-5,42.0,444.0,2.0,サイアンドコー,
2020104641,アップルキャンディ,2023/10/29,大井,晴,4.0,3歳102万,16,5.0,9,64.2,11.0,15,西啓太,54.0,ダ,1200.0,稍,79.8,3.1,9-9,41.7,442.0,-12.0,レゲエダンサー,
2020104641,アップルキャンディ,2023/10/02,大井,晴,4.0,3歳95万円,13,8.0,12,19.6,5.0,10,西啓太,54.0,ダ,1200.0,良,77.5,2.5,4-4,40.9,454.0,-5.0,ビビアンギャング,
2020104641,アップルキャンディ,2023/09/18,大井,晴,5.0,ひと、つながる。墨田(3歳),12,5.0,5,2.6,1.0,11,菅原涼太,53.0,ダ,1200.0,重,78.2,3.6,11-10,40.5,459.0,0.0,サルサロマンティカ,
2022106597,マッハレイジング,2026/07/12,高知,曇,5.0,スイレン特別(C3),8,7.0,7,54.0,7.0,8,岡村卓弥,57.0,ダ,1600.0,稍,109.8,4.2,4-5-5-8,43.8,491.0,-3.0,シュプリンガー,
2022106597,マッハレイジング,2026/06/20,高知,曇,9.0,C3ー7,8,8.0,8,12.0,3.0,2,岡村卓弥,57.0,ダ,1400.0,不,92.1,0.7,1-1-1-1,41.9,494.0,1.0,ローガンパス,24.0
2022106597,マッハレイジング,2026/06/06,高知,曇,7.0,C3ー7,10,6.0,6,2.0,1.0,4,岡村卓弥,57.0,ダ,1300.0,不,84.3,0.7,4-4-3-4,39.9,493.0,4.0,ワキノクイーン,12.0
2022106597,マッハレイジング,2026/05/23,高知,曇,7.0,C3ー9,9,8.0,10,,,取,岡遼太郎,57.0,ダ,1400.0,不,,,,,,,ソルデマジョ,
2022106597,マッハレイジング,2026/05/09,高知,晴,4.0,C3ー11,10,7.0,8,2.4,1.0,1,岡村卓弥,57.0,ダ,1300.0,稍,85.1,-0.7,3-2-1-1,40.0,489.0,4.0,(マカオンドール),60.0
2022106597,マッハレイジング,2026/04/26,高知,雨,5.0,C3ー12,11,7.0,8,2.9,2.0,2,岡村卓弥,57.0,ダ,1400.0,不,90.3,0.9,2-1-2-2,40.5,485.0,-14.0,ソルデマジョ,24.0
2022106597,マッハレイジング,2026/04/12,高知,晴,7.0,C3ー14,11,8.0,11,3.7,2.0,4,近藤翔月,56.0,ダ,1300.0,重,86.4,2.6,1-1-2-2,41.9,499.0,-14.0,スキュア,12.0
2022106597,マッハレイジング,2026/03/25,高知,雨,2.0,C3ー11,10,8.0,10,1.6,1.0,2,近藤翔月,56.0,ダ,1300.0,不,83.9,0.6,4-4-4-3,38.9,513.0,10.0,スキュア,24.0
2022106597,マッハレイジング,2026/02/25,高知,曇,3.0,C3ー9,10,7.0,8,1.6,1.0,6,井上瑛太,57.0,ダ,1400.0,不,92.3,1.9,1-1-1-1,41.6,503.0,15.0,フジルバーブ,
2022106597,マッハレイジング,2026/01/24,1京都8,晴,7.0,4歳以上1勝クラス,11,5.0,5,357.2,11.0,9,藤懸貴志,57.0,ダ,1800.0,良,115.9,1.6,10-10-10-10,37.0,488.0,-2.0,ワイドクリーガー,
2022106597,マッハレイジング,2026/01/17,1京都6,晴,7.0,4歳以上1勝クラス,15,7.0,14,576.1,15.0,15,小崎綾也,57.0,ダ,1400.0,良,88.3,3.3,12-15,38.7,490.0,22.0,レーティッシュ,
2022106597,マッハレイジング,2025/09/06,4阪神1,晴,12.0,3歳以上1勝クラス,13,1.0,1,232.1,12.0,10,角田大和,56.0,ダ,1400.0,稍,86.3,1.7,3-4,38.4,468.0,-2.0,リメンバーヒム,
2022106597,マッハレイジング,2025/08/30,4中京3,晴,12.0,3歳以上1勝クラス,12,3.0,3,321.6,12.0,9,小崎綾也,55.0,ダ,1400.0,良,86.8,1.9,12-12,38.7,470.0,0.0,エリカドリーム,
2022106597,マッハレイジング,2025/07/20,2福島8,晴,12.0,3歳以上1勝クラス,15,6.0,11,134.4,13.0,15,今村聖奈,53.0,ダ,1700.0,良,110.9,5.5,11-11-14-14,40.9,470.0,0.0,ブルータス,
2022106597,マッハレイジング,2025/06/21,3阪神5,晴,12.0,3歳以上1勝クラス,14,4.0,6,299.2,13.0,13,和田竜二,55.0,芝,1600.0,良,95.7,1.9,11-11,36.2,470.0,0.0,リカントロポ,
2022106597,マッハレイジング,2025/02/19,笠松,晴,8.0,加納宿特別(3歳),8,5.0,5,2.5,1.0,1,渡辺竜也,56.0,ダ,1400.0,良,90.6,0.0,2-1-1,41.0,470.0,-4.0,(アイビーガオー),70.0
2022106597,マッハレイジング,2024/12/15,7京都6,晴,2.0,2歳未勝利,16,2.0,4,64.9,8.0,12,岩田望来,56.0,ダ,1400.0,良,89.7,3.9,3-5,41.1,474.0,-8.0,シホノペルフェット,
2022106597,マッハレイジング,2024/11/30,7京都1,晴,2.0,2歳未勝利,13,6.0,9,34.3,9.0,7,岩田望来,56.0,ダ,1400.0,稍,88.4,1.8,11-11,37.5,482.0,8.0,セディバン,
2022106597,マッハレイジング,2024/10/19,4東京5,晴,4.0,2歳新馬,16,7.0,13,10.6,4.0,7,石川裕紀,56.0,ダ,1600.0,良,101.0,1.4,2-2,39.5,474.0,0.0,レッドルイナール,
2020100435,ナイトオブバンド,2026/07/04,高知,雨,5.0,ししとう特別(C3),10,7.0,7,3.6,2.0,2.0,永森大智,57.0,ダ,1600.0,不,105.0,0.7,4-3-3-3,39.0,518.0,1.0,フォトスフィア,24.0
2020100435,ナイトオブバンド,2026/04/03,船橋,晴,7.0,ダイヤモンドスプリン(A2),9,6.0,6,76.9,8.0,8.0,町田直希,57.0,ダ,1200.0,稍,76.6,2.8,6-7-7,39.7,517.0,-2.0,サンマルシップ,
2020100435,ナイトオブバンド,2026/03/13,船橋,曇,8.0,電光雷轟ダッシュ(A2),6,4.0,4,62.5,6.0,3.0,篠谷葵,57.0,ダ,1000.0,良,62.0,0.9,6-6,37.0,519.0,-7.0,サトノムスタング,125.0
2020100435,ナイトオブバンド,2024/11/29,船橋,晴,8.0,泰山北斗賞(A2),9,3.0,3,58.3,7.0,9.0,矢野貴之,57.0,ダ,1200.0,良,76.8,2.6,7-7-7,39.2,526.0,9.0,ザイデルバスト,
2020100435,ナイトオブバンド,2024/10/17,大井,曇,11.0,オパール賞競走(A2B1),12,6.0,8,75.6,10.0,12.0,石崎駿,57.0,ダ,1400.0,良,89.8,2.2,12-11-10,39.5,517.0,1.0,フィリオデルソル,
2020100435,ナイトオブバンド,2024/09/27,船橋,雨,11.0,サファイアスプリント(A2),10,3.0,3,36.9,6.0,8.0,石崎駿,57.0,ダ,1200.0,稍,76.2,1.4,9-8-8,38.6,516.0,7.0,カールスバート,
2020100435,ナイトオブバンド,2024/08/17,大井,晴,11.0,オーガスト賞競走(A2B1),9,8.0,9,20.7,5.0,5.0,石崎駿,57.0,ダ,1200.0,重,73.8,0.8,6-5,38.0,509.0,-10.0,パワースレイヴ,62.0
2020100435,ナイトオブバンド,2024/08/16,大井,,11.0,オーガスト賞競走(A2B1),0,8.0,9,,,,石崎駿,57.0,ダ,1200.0,,,,,,,,,
2020100435,ナイトオブバンド,2024/07/15,浦和,曇,10.0,海の日特別(A2),11,8.0,11,53.9,8.0,3.0,石崎駿,57.0,ダ,1500.0,稍,94.7,0.9,8-8-6-4,38.9,519.0,-7.0,アウストロ,125.0
2020100435,ナイトオブバンド,2024/06/20,浦和,晴,11.0,甲武信ヶ岳特別(A2),10,1.0,1,97.7,10.0,5.0,和田譲治,57.0,ダ,1500.0,稍,96.3,1.1,4-4-4-3,39.8,526.0,-7.0,シーサーペント,50.0
2020100435,ナイトオブバンド,2024/02/01,名古屋,晴,11.0,梅見月杯(重賞),12,7.0,9,44.3,9.0,12.0,本橋孝太,57.0,ダ,1500.0,稍,98.3,3.5,3-6-11,41.3,533.0,-2.0,メルト,
2020100435,ナイトオブバンド,2023/12/20,船橋,晴,11.0,ハートビートC(OP)(3歳),10,3.0,3,13.7,7.0,10.0,森泰斗,56.0,ダ,1800.0,良,117.9,1.1,5-5-6-6,38.9,535.0,15.0,リベイクフルシティ,
2020100435,ナイトオブバンド,2023/11/01,園田,晴,11.0,楠賞(重賞),12,7.0,10,12.6,4.0,10.0,岡部誠,56.0,ダ,1400.0,良,91.7,3.2,6-7-7-11,41.0,520.0,3.0,ボヌールバローズ,
2020100435,ナイトオブバンド,2023/09/22,名古屋,晴,11.0,秋の鞍(重賞),12,7.0,9,17.3,3.0,1.0,岡部誠,56.0,ダ,1500.0,重,94.6,-0.1,4-4-2,39.4,517.0,7.0,(ボヌールバローズ),800.0
2020100435,ナイトオブバンド,2023/07/09,盛岡,曇,11.0,オパールC(重賞),11,2.0,2,5.3,3.0,2.0,山本聡哉,56.0,芝,1700.0,重,106.2,0.6,4-3-4-2,35.7,510.0,-1.0,ラビュリントス,175.0
2020100435,ナイトオブバンド,2023/06/07,大井,晴,11.0,東京ダービー競走(重賞),15,8.0,15,152.2,10.0,14.0,吉原寛人,56.0,ダ,2000.0,重,129.9,5.1,14-15-15-14,39.8,511.0,-5.0,ミックファイア,
2020100435,ナイトオブバンド,2023/05/03,船橋,晴,11.0,東京湾C(重賞),14,4.0,5,5.2,3.0,6.0,町田直希,56.0,ダ,1700.0,良,111.5,1.2,5-6-3-1,43.1,516.0,10.0,ライズゾーン,
2020100435,ナイトオブバンド,2023/04/05,川崎,曇,11.0,クラウンC(重賞),13,7.0,10,19.1,6.0,2.0,森泰斗,57.0,ダ,1600.0,良,104.7,0.2,8-8-6-4,41.1,506.0,-1.0,ポリゴンウェイヴ,525.0
2020100435,ナイトオブバンド,2023/02/23,大井,晴,11.0,雲取賞競走(重賞),10,3.0,3,52.3,9.0,7.0,山崎誠士,57.0,ダ,1800.0,良,116.5,2.1,3-4-3-4,39.5,507.0,1.0,ヒーローコール,
2020100435,ナイトオブバンド,2023/01/05,1中山1,晴,10.0,ジュニアC(L),13,6.0,9,71.2,10.0,13.0,バシュロ,57.0,芝,1600.0,良,95.8,2.1,3-4-5,37.4,506.0,3.0,クルゼイロドスル,
2020100435,ナイトオブバンド,2022/11/03,盛岡,小雨,8.0,ジュニアグランプリ(重賞),14,1.0,1,9.4,5.0,2.0,本田正重,55.0,芝,1600.0,良,98.2,0.3,8-7-7-6,36.1,503.0,-1.0,ラビュリントス,700.0
2020100435,ナイトオブバンド,2022/10/16,盛岡,曇,11.0,南部駒賞(重賞),6,3.0,3,6.5,3.0,2.0,本田正重,55.0,ダ,1600.0,良,100.4,0.3,2-2,37.3,504.0,-2.0,エイシンケプラー,210.0
2020100435,ナイトオブバンド,2022/09/13,川崎,晴,11.0,若武者賞(2歳),9,8.0,9,3.0,3.0,5.0,本田正重,56.0,ダ,1500.0,良,97.7,2.8,7-7-4-5,41.0,506.0,3.0,ヒーローコール,50.0
2020100435,ナイトオブバンド,2022/08/19,船橋,晴,4.0,リバーサイドアイドル(2歳),6,1.0,1,1.4,1.0,1.0,本田正重,55.0,ダ,1500.0,良,99.1,-0.3,4-4-4-3,40.5,503.0,5.0,(ストライダー),300.0
2020100435,ナイトオブバンド,2022/07/22,船橋,曇,4.0,リバーサイドジュニア(2歳),6,1.0,1,1.7,1.0,1.0,本田正重,54.0,ダ,1500.0,良,99.4,-0.9,3-3-3-3,40.7,498.0,-7.0,(マイブー),300.0
2020100435,ナイトオブバンド,2022/06/24,船橋,晴,4.0,ライラックデビュー(2歳),6,4.0,4,3.4,2.0,1.0,本田正重,54.0,ダ,1500.0,良,99.5,-0.8,4-4-4-4,41.2,505.0,0.0,(リュウノラプター),270.0
2022103423,ナギサノジョジョ,2026/06/28,高知,曇,11.0,ファイナルレース(C3),12,8.0,12,31.0,10.0,中,木村直輝,57.0,ダ,1300.0,不,,,12-12,,429.0,-7.0,クエンカ,
2022103423,ナギサノジョジョ,2026/06/13,高知,晴,11.0,ファイナルレース(C3),12,5.0,5,34.7,11.0,8,妹尾浩一,57.0,ダ,1400.0,稍,94.5,1.5,12-12-12-10,41.1,436.0,-2.0,ヤマノインパクト,
2022103423,ナギサノジョジョ,2026/05/30,高知,晴,1.0,C3ー5,9,2.0,2,9.3,5.0,6,妹尾浩一,57.0,ダ,1300.0,稍,87.4,1.0,9-9-9-9,39.2,438.0,0.0,マイネルビジョン,
2022103423,ナギサノジョジョ,2026/05/10,高知,晴,1.0,C3ー14,9,2.0,2,11.2,3.0,3,多田羅誠,57.0,ダ,1600.0,稍,109.2,2.2,6-6-6-3,40.0,438.0,1.0,プレジール,18.0
2022103423,ナギサノジョジョ,2026/04/26,高知,雨,2.0,C3ー15,11,3.0,3,11.9,3.0,3,妹尾浩一,57.0,ダ,1600.0,不,106.8,0.1,5-5-5-3,38.8,437.0,4.0,ジョーコモド,18.0
2022103423,ナギサノジョジョ,2026/04/11,高知,晴,7.0,C3ー9,11,6.0,6,163.3,10.0,11,木村直輝,57.0,ダ,1300.0,不,86.4,3.7,10-10-10-11,40.0,433.0,-1.0,メイショウフジタカ,
2022103423,ナギサノジョジョ,2026/03/25,高知,雨,1.0,C3ー12,10,6.0,6,59.7,4.0,2,多田羅誠,57.0,ダ,1600.0,不,105.9,0.1,7-6-6-5,37.3,434.0,0.0,ペタルビジュー,24.0
2022103423,ナギサノジョジョ,2026/03/10,高知,晴,10.0,ファイナルレース(C3),11,8.0,11,27.9,10.0,7,妹尾浩一,57.0,ダ,1600.0,稍,110.8,2.9,10-10-10-9,42.0,434.0,2.0,プリンセスダイヤ,
2022103423,ナギサノジョジョ,2026/02/25,高知,曇,5.0,C3ー7,11,3.0,3,17.4,7.0,4,妹尾浩一,57.0,ダ,1400.0,不,91.9,0.9,9-9-8-7,38.3,432.0,-1.0,シルバーニース,9.0
2022103423,ナギサノジョジョ,2026/02/11,高知,曇,3.0,C3ー8,12,6.0,7,60.3,7.0,4,妹尾浩一,57.0,ダ,1300.0,重,86.1,2.4,9-8-8-7,39.0,433.0,0.0,スリーローズ,9.0
2022103423,ナギサノジョジョ,2026/01/26,高知,晴,2.0,C3ー8,8,6.0,6,27.9,8.0,6,妹尾浩一,57.0,ダ,1600.0,良,109.4,2.0,7-7-6-6,40.2,433.0,2.0,カンプウ,
2022103423,ナギサノジョジョ,2026/01/11,高知,晴,3.0,C3ー11,10,5.0,5,51.2,5.0,4,妹尾浩一,57.0,ダ,1400.0,良,94.6,2.0,10-10-9-7,41.0,431.0,1.0,コスモルーテウス,7.5
2022103423,ナギサノジョジョ,2026/01/01,高知,晴,11.0,ファイナルレース(C3),12,5.0,6,8.0,5.0,3,多田羅誠,57.0,ダ,1300.0,良,86.3,0.6,10-10-11-6,39.0,430.0,-1.0,ポジティブガール,15.0
2022103423,ナギサノジョジョ,2025/12/21,高知,曇,7.0,C3ー13,10,1.0,1,97.3,7.0,5,妹尾浩一,57.0,ダ,1400.0,重,93.0,1.7,8-8-7-7,40.0,431.0,-4.0,メイショウイヌワシ,6.0
2022103423,ナギサノジョジョ,2025/12/06,高知,晴,3.0,C3ー11,11,4.0,4,156.4,9.0,7,妹尾浩一,57.0,ダ,1600.0,良,110.1,1.3,8-8-7-7,40.9,435.0,1.0,アットワンス,
2022103423,ナギサノジョジョ,2025/11/23,高知,晴,11.0,ファイナルレース(C3),11,1.0,1,27.4,9.0,5,妹尾浩一,57.0,ダ,1600.0,良,110.7,1.7,8-8-10-8,41.0,434.0,-1.0,アツィオーネ,6.0
2022103423,ナギサノジョジョ,2025/11/08,高知,晴,11.0,ファイナルレース(C3),12,6.0,8,11.4,5.0,3,妹尾浩一,57.0,ダ,1400.0,稍,93.3,0.1,10-10-9-10,39.9,435.0,0.0,ヴィルヘルム,15.0
2022103423,ナギサノジョジョ,2025/10/25,高知,曇,1.0,C3ー13,11,6.0,6,148.0,10.0,7,妹尾浩一,57.0,ダ,1600.0,不,109.6,1.5,8-9-9-9,38.8,435.0,1.0,エイブリー,
2022103423,ナギサノジョジョ,2025/10/11,高知,雨,12.0,ファイナルレース(C3),11,8.0,11,8.7,5.0,2,妹尾浩一,57.0,ダ,1600.0,稍,109.3,2.7,7-6-3-3,42.0,434.0,-2.0,セキショウイダイ,24.0
2022103423,ナギサノジョジョ,2025/09/27,高知,曇,2.0,えひめ道後特別(3歳),10,6.0,6,200.7,8.0,9,妹尾浩一,57.0,ダ,1300.0,不,87.1,2.9,9-9-9-9,39.9,436.0,2.0,トウカイクレオス,
2022103423,ナギサノジョジョ,2025/09/14,高知,晴,7.0,3歳ー4,12,4.0,4,246.7,11.0,5,妹尾浩一,57.0,ダ,1400.0,重,93.5,2.4,9-9-9-6,40.2,434.0,7.0,ワイドレッド,6.0
2022103423,ナギサノジョジョ,2025/08/02,高知,晴,12.0,ファイナルレース(3歳),12,8.0,12,10.4,5.0,8,妹尾浩一,57.0,ダ,1300.0,良,88.1,2.0,9-9-5-6,41.7,427.0,-3.0,ミコノオンガエシ,
2022103423,ナギサノジョジョ,2025/07/20,高知,晴,4.0,ウナギ特別(3歳),10,1.0,1,134.4,10.0,8,妹尾浩一,57.0,ダ,1600.0,不,108.2,3.6,8-9-9-9,41.0,430.0,-3.0,ナムラクレープ,
2022103423,ナギサノジョジョ,2025/07/05,高知,晴,6.0,3歳ー1,11,3.0,3,312.2,10.0,10,妹尾浩一,57.0,ダ,1400.0,良,95.0,2.6,11-10-10-10,39.7,433.0,3.0,ナムラクレープ,
2022103423,ナギサノジョジョ,2025/06/21,高知,曇,1.0,3歳ー7,10,8.0,10,67.7,8.0,8,妹尾浩一,57.0,ダ,1600.0,良,110.4,2.2,8-8-8-8,41.0,430.0,1.0,エイブリー,
2022103423,ナギサノジョジョ,2025/06/08,高知,曇,5.0,3歳ー1,10,8.0,11,121.2,9.0,9,妹尾浩一,57.0,ダ,1400.0,稍,94.3,2.7,10-10-9-10,41.3,429.0,-1.0,イットウショウグウ,
2022103423,ナギサノジョジョ,2025/05/24,高知,雨,2.0,3歳ー2,10,2.0,2,196.9,9.0,9,妹尾浩一,57.0,ダ,1300.0,不,85.3,2.3,9-10-10-10,39.8,430.0,3.0,チョットヤバイヨネ,
2022103423,ナギサノジョジョ,2025/05/10,高知,曇,2.0,ぼうしパン特別(3歳),10,4.0,4,67.2,8.0,9,井上瑛太,57.0,ダ,1600.0,不,108.4,1.6,8-9-10-9,39.5,427.0,4.0,チョットヤバイヨネ,
2022103423,ナギサノジョジョ,2025/04/26,高知,晴,1.0,3歳ー2,8,3.0,3,25.5,6.0,1,多田羅誠,57.0,ダ,1300.0,重,87.9,-0.5,7-7-7-8,41.0,423.0,-5.0,(ブランカアンヘル),60.0
2022103423,ナギサノジョジョ,2025/04/12,高知,晴,2.0,3歳ー3,10,2.0,2,27.2,8.0,9,妹尾浩一,57.0,ダ,1400.0,稍,97.6,2.2,8-7-8-7,42.2,428.0,5.0,チョットヤバイヨネ,
2022103423,ナギサノジョジョ,2025/03/23,高知,晴,12.0,ファイナルレース(3歳),12,6.0,8,15.3,7.0,2,妹尾浩一,56.0,ダ,1300.0,稍,87.5,0.3,5-6-6-5,40.2,423.0,-3.0,カンビフレサン,21.0
2022103423,ナギサノジョジョ,2025/03/09,高知,晴,2.0,3歳ー3,11,6.0,8,10.3,3.0,6,妹尾浩一,56.0,ダ,1300.0,重,87.8,1.0,9-9-5-5,40.8,426.0,4.0,クエンカ,
2022103423,ナギサノジョジョ,2025/02/24,高知,晴,2.0,3歳ー3,9,8.0,8,4.6,2.0,5,妹尾浩一,56.0,ダ,1300.0,良,89.0,1.0,9-9-8-8,41.1,422.0,-2.0,クーファグレース,6.0
2022103423,ナギサノジョジョ,2025/02/09,高知,晴,1.0,情報セキュリティ特別(3歳),8,1.0,1,1.8,1.0,2,妹尾浩一,56.0,ダ,1400.0,稍,95.9,0.3,5-5-5-6,41.4,424.0,2.0,カンタベリーバイク,21.0
2022103423,ナギサノジョジョ,2025/01/26,高知,晴,2.0,野間猛誕生祭特別(3歳),8,4.0,4,4.4,2.0,2,妹尾浩一,56.0,ダ,1300.0,良,89.3,1.3,8-8-5-5,41.6,422.0,-2.0,リケアブラック,21.0
2022103423,ナギサノジョジョ,2025/01/12,高知,晴,2.0,椋・心優結婚記念特別(3歳),10,4.0,4,6.7,4.0,4,妹尾浩一,56.0,ダ,1300.0,稍,89.3,0.9,8-8-8-8,41.6,424.0,-2.0,リバイブローズ,9.0
2022103423,ナギサノジョジョ,2024/12/29,高知,晴,2.0,2歳ー6,7,1.0,1,2.4,1.0,2,妹尾浩一,55.0,ダ,1300.0,良,89.0,0.0,6-6-6-6,40.7,426.0,3.0,アキヤン,36.0
2022103423,ナギサノジョジョ,2024/12/14,高知,晴,2.0,2歳ー4,11,8.0,10,2.3,2.0,5,妹尾浩一,55.0,ダ,1300.0,良,90.9,0.7,6-6-4-4,44.5,423.0,-5.0,カンビフレサン,9.0
2022103423,ナギサノジョジョ,2024/11/30,高知,晴,1.0,まだまだこれから特別(2歳),11,8.0,10,9.0,2.0,2,妹尾浩一,55.0,ダ,1300.0,稍,89.3,1.4,8-6-3-2,42.3,428.0,2.0,リュウノワールド,36.0
2022103423,ナギサノジョジョ,2024/10/17,門別,晴,2.0,2歳未勝利(未勝利),12,5.0,6,33.2,9.0,4,石川倭,56.0,ダ,1000.0,稍,63.8,1.3,11-10,37.7,426.0,2.0,ロピア,7.0
2022103423,ナギサノジョジョ,2024/06/19,門別,晴,5.0,JRA認定競走フレッ(新馬)(2歳),8,8.0,8,7.8,4.0,6,石川倭,55.0,ダ,1100.0,良,73.7,5.0,8-8,40.7,424.0,0.0,エイシンハリアー,
2020102642,パルメリータ,2026/06/27,高知,曇,1.0,C3ー5,9,3.0,3,5.1,2.0,7,山田義貴,55.0,ダ,1300.0,不,85.8,3.7,4-4-5-6,41.4,475.0,2.0,グリントリッター,
2020102642,パルメリータ,2026/06/06,高知,曇,7.0,C3ー7,10,2.0,2,28.7,6.0,3,山田義貴,55.0,ダ,1300.0,不,84.3,0.7,7-6-6-4,39.4,473.0,4.0,ワキノクイーン,18.0
2020102642,パルメリータ,2026/05/23,高知,曇,7.0,C3ー9,9,2.0,2,45.0,6.0,4,山田義貴,55.0,ダ,1400.0,不,91.3,1.3,6-6-5-5,40.3,469.0,2.0,ソルデマジョ,12.0
2020102642,パルメリータ,2026/05/09,高知,晴,5.0,C3ー10,12,5.0,6,20.6,6.0,2,畑中信司,55.0,ダ,1300.0,稍,86.9,0.1,6-6-3-2,41.1,467.0,2.0,ドゥラルーナ,24.0
2020102642,パルメリータ,2026/04/25,高知,晴,6.0,C3ー10,11,8.0,11,39.7,5.0,5,山崎雅由,55.0,ダ,1400.0,不,91.8,0.5,7-7-6-7,39.9,465.0,1.0,ブルームソング,6.0
2020102642,パルメリータ,2026/04/12,高知,晴,8.0,C3ー12,11,3.0,3,73.2,5.0,3,畑中信司,55.0,ダ,1300.0,重,85.7,2.8,5-5-6-4,39.8,464.0,-8.0,ライゾマティクス,18.0
2020102642,パルメリータ,2026/03/23,高知,晴,5.0,C3ー4,8,7.0,7,35.5,5.0,8,大澤誠志,55.0,ダ,1600.0,重,110.8,4.4,7-7-7-8,44.2,472.0,-4.0,クラウンセヘル,
2020102642,パルメリータ,2026/02/02,高知,晴,3.0,C3ー3,11,5.0,5,33.6,6.0,3,畑中信司,55.0,ダ,1400.0,良,92.8,0.7,1-2-2-2,39.3,476.0,-3.0,コパノジェームス,15.0
2020102642,パルメリータ,2026/01/26,高知,晴,7.0,C3ー3,9,8.0,8,33.3,5.0,4,畑中信司,55.0,ダ,1300.0,良,84.8,0.6,2-2-2-2,39.2,479.0,0.0,オセアハートマン,9.0
2020102642,パルメリータ,2026/01/12,高知,晴,5.0,土佐文旦特別(C3),8,4.0,4,15.0,4.0,5,畑中信司,55.0,ダ,1600.0,良,109.5,2.3,5-4-4-6,41.6,479.0,-8.0,マイネルアース,6.0
2020102642,パルメリータ,2025/12/31,高知,晴,4.0,C3ー4,9,6.0,6,2.6,2.0,4,畑中信司,55.0,ダ,1400.0,良,95.4,1.7,6-6-4-5,42.0,487.0,-13.0,ジークシュベルト,9.0
2020102642,パルメリータ,2025/11/29,高知,晴,8.0,C3ー5,9,8.0,10,,,取,山崎雅由,55.0,ダ,1300.0,良,,,,,,,オセアダイナスティ,
2020102642,パルメリータ,2025/10/26,4新潟4,雨,9.0,柏崎特別(1勝クラス),14,1.0,1,42.6,13.0,13,富田暁,56.0,芝,1600.0,稍,96.7,1.9,1-1,37.1,500.0,6.0,ジャズ,
2020102642,パルメリータ,2025/08/17,3中京8,晴,10.0,3歳以上1勝クラス,16,6.0,12,45.7,10.0,9,永島まな,54.0,ダ,1400.0,良,85.9,1.2,15-15,38.5,494.0,-6.0,エイプリルインパリ,
2020102642,パルメリータ,2025/08/02,3中京3,晴,10.0,3歳以上1勝クラス,13,2.0,2,23.6,7.0,5,永島まな,54.0,ダ,1400.0,良,85.4,0.9,3-4,38.9,500.0,2.0,カルパ,80.0
2020102642,パルメリータ,2025/05/24,2京都9,雨,8.0,4歳以上1勝クラス,16,7.0,13,34.7,9.0,16,武豊,56.0,ダ,1800.0,稍,115.9,4.0,1-1-1-3,42.6,498.0,0.0,シャハザマーン,
2020102642,パルメリータ,2025/05/10,1新潟3,曇,7.0,4歳以上1勝クラス,11,2.0,2,11.6,5.0,9,佐々木大,56.0,ダ,1800.0,稍,115.7,1.8,1-1-3-3,40.9,498.0,0.0,サンセットブライト,
2020102642,パルメリータ,2024/12/14,4中京5,晴,2.0,3歳以上1勝クラス,16,2.0,4,21.2,6.0,9,亀田温心,56.0,ダ,1800.0,良,115.0,2.1,1-1-2-2,40.1,498.0,-4.0,サイモンブーケ,
2020102642,パルメリータ,2024/11/30,4中京1,曇,3.0,3歳以上1勝クラス,13,8.0,13,19.6,7.0,5,永島まな,54.0,ダ,1800.0,良,114.8,0.6,1-1-1-1,38.7,502.0,12.0,ザブライド,80.0
2020102642,パルメリータ,2024/08/18,2中京4,晴,7.0,3歳以上1勝クラス,13,7.0,10,23.2,7.0,10,吉村誠之,53.0,ダ,1800.0,良,115.5,2.6,3-3-4-4,39.4,490.0,8.0,バスタードサフラン,
2020102642,パルメリータ,2024/05/12,1新潟6,曇,6.0,4歳以上1勝クラス,11,5.0,5,8.9,5.0,4,亀田温心,56.0,ダ,1800.0,良,114.2,1.1,3-3-3-3,38.2,482.0,0.0,ウィルフルネス,120.0
2020102642,パルメリータ,2024/03/10,1中京2,晴,6.0,4歳以上1勝クラス,10,7.0,8,6.5,2.0,8,幸英明,56.0,ダ,1800.0,良,117.6,1.8,2-2-2-2,41.0,482.0,-4.0,シンボリックレルム,
2020102642,パルメリータ,2024/02/10,2小倉1,晴,7.0,4歳以上1勝クラス,11,2.0,2,3.3,2.0,10,佐々木大,54.0,ダ,1700.0,稍,108.7,1.5,2-3-3-4,38.7,486.0,0.0,ブーバー,
2020102642,パルメリータ,2023/12/02,4中京1,晴,2.0,3歳以上1勝クラス,10,7.0,8,3.9,2.0,3,佐々木大,54.0,ダ,1800.0,良,115.3,0.6,2-2-2-2,39.1,486.0,0.0,ピエナパイロ,200.0
2020102642,パルメリータ,2023/10/14,4新潟1,晴,3.0,3歳以上1勝クラス,13,7.0,11,6.5,5.0,3,佐々木大,53.0,ダ,1800.0,良,114.1,0.3,2-2-1-1,39.3,486.0,8.0,グレノークス,200.0
2020102642,パルメリータ,2023/08/26,3小倉5,晴,8.0,3歳以上1勝クラス,16,2.0,3,6.6,5.0,14,西村淳也,53.0,ダ,1700.0,稍,108.2,3.3,10-10-8-10,41.0,478.0,8.0,スマートカリス,
2020102642,パルメリータ,2023/05/07,1新潟4,雨,1.0,3歳未勝利,14,6.0,10,6.8,4.0,1,佐々木大,51.0,ダ,1800.0,不,113.1,-0.3,1-1-1-1,37.9,470.0,-10.0,(ミヤジレガリア),550.0
2020102642,パルメリータ,2023/02/05,1小倉8,晴,2.0,3歳未勝利,14,1.0,1,7.3,3.0,9,幸英明,54.0,芝,1800.0,良,110.0,1.0,14-13-13-13,35.9,480.0,-8.0,アグラシアド,
2020102642,パルメリータ,2022/11/12,3福島3,晴,5.0,2歳新馬,14,5.0,7,2.1,1.0,4,角田大和,53.0,芝,2000.0,良,125.8,0.9,6-6-6-5,36.4,488.0,0.0,ボーンイングランデ,110.0
2022102765,エメラルハッピー,2026/07/04,高知,曇,8.0,C3ー7,8,6.0,6,5.8,2.0,2,城野慈尚,54.0,ダ,800.0,不,49.1,1.0,2-2,36.4,493.0,9.0,アルトシュタット,24.0
2022102765,エメラルハッピー,2026/06/20,高知,曇,9.0,C3ー7,8,1.0,1,64.8,5.0,5,山田義貴,55.0,ダ,1400.0,不,94.3,2.9,2-2-2-4,43.0,484.0,4.0,ローガンパス,6.0
2022102765,エメラルハッピー,2026/06/06,高知,曇,6.0,C3ー8,9,2.0,2,150.8,8.0,2,城野慈尚,54.0,ダ,1300.0,不,84.0,0.1,1-1-1-1,38.6,480.0,1.0,フクノスパイン,24.0
2022102765,エメラルハッピー,2026/05/23,高知,曇,7.0,C3ー9,9,6.0,6,123.4,8.0,6,木村直輝,55.0,ダ,1400.0,不,91.7,1.7,8-8-8-8,40.3,479.0,1.0,ソルデマジョ,
2022102765,エメラルハッピー,2026/05/09,高知,晴,6.0,C3ー9,10,7.0,7,64.0,7.0,5,城野慈尚,54.0,ダ,1300.0,稍,87.3,2.6,3-5-5-5,41.1,478.0,8.0,ライゾマティクス,6.0
2022102765,エメラルハッピー,2026/04/25,高知,晴,6.0,C3ー10,11,6.0,7,263.3,8.0,4,城野慈尚,54.0,ダ,1400.0,不,91.6,0.3,3-4-5-5,39.9,470.0,5.0,ブルームソング,12.0
2022102765,エメラルハッピー,2026/04/11,高知,晴,5.0,C3ー11,9,8.0,9,51.0,5.0,4,城野慈尚,54.0,ダ,1300.0,不,85.4,1.8,2-2-2-4,39.4,465.0,5.0,インユアアイズ,12.0
2022102765,エメラルハッピー,2026/03/24,高知,晴,5.0,C3ー9,10,8.0,10,38.0,6.0,5,城野慈尚,54.0,ダ,1300.0,稍,87.2,1.6,6-8-7-8,40.0,460.0,6.0,メイショウフジタカ,6.0
2022102765,エメラルハッピー,2026/03/11,高知,晴,4.0,C3ー7,11,6.0,6,74.4,9.0,5,城野慈尚,54.0,ダ,1600.0,稍,111.1,1.2,5-6-7-10,40.7,454.0,-5.0,ティアップマッハ,6.0
2022102765,エメラルハッピー,2026/02/25,高知,曇,5.0,C3ー7,11,6.0,7,13.5,6.0,8,近藤翔月,54.0,ダ,1400.0,不,92.6,1.6,6-6-6-8,39.6,459.0,2.0,シルバーニース,
2022102765,エメラルハッピー,2026/02/10,高知,小雨,10.0,ファイナルレース(C3),12,8.0,11,2.8,1.0,1,加藤翔馬,54.0,ダ,1300.0,良,87.6,-0.3,1-1-1-1,41.0,457.0,7.0,(カゼヨウビ),60.0
2022102765,エメラルハッピー,2026/01/27,高知,晴,3.0,C3ー11,9,8.0,9,19.7,5.0,4,城野慈尚,54.0,ダ,1600.0,良,110.4,0.5,2-2-3-4,39.8,450.0,-4.0,チュウワロンドン,9.0
2022102765,エメラルハッピー,2026/01/13,高知,晴,2.0,C3ー15,11,4.0,4,7.8,3.0,9,加藤翔馬,55.0,ダ,1400.0,良,95.2,2.3,3-4-4-5,42.2,454.0,8.0,フェレスアダマス,
2022102765,エメラルハッピー,2025/12/21,高知,曇,3.0,C3ー16,11,7.0,9,40.7,7.0,8,木村直輝,55.0,ダ,1400.0,重,93.4,1.4,6-8-8-8,40.7,446.0,-11.0,フリントロック,
2022102765,エメラルハッピー,2025/12/07,高知,晴,3.0,C3ー16,11,3.0,3,135.8,9.0,8,上田将司,55.0,ダ,1300.0,良,87.8,2.9,5-5-7-8,40.4,457.0,-3.0,テーオーシリウス,
2022102765,エメラルハッピー,2025/11/12,門別,晴,5.0,3歳以上C3ー2C4,16,5.0,9,137.5,14.0,11,服部茂史,55.0,ダ,1200.0,稍,76.7,1.3,2-1,40.5,460.0,-4.0,タイセイサージ,
2022102765,エメラルハッピー,2025/10/29,門別,晴,8.0,3歳以上C3ー2C4,9,1.0,1,99.3,7.0,8,岩橋勇二,55.0,ダ,1200.0,稍,78.4,2.7,1-1,42.1,464.0,-2.0,アウスラフラッグ,
2022102765,エメラルハッピー,2025/10/16,門別,曇,7.0,3歳以上C3ー2C4,9,7.0,7,38.7,6.0,7,小野楓馬,55.0,ダ,1200.0,稍,77.0,2.3,1-2,40.6,466.0,-2.0,エクストラチャージ,
2022102765,エメラルハッピー,2025/10/02,門別,晴,9.0,サイアーライン賞(C3),12,8.0,11,467.8,10.0,4,服部茂史,55.0,ダ,1200.0,稍,76.1,1.3,2-2,39.4,468.0,-2.0,ディクシーヴォーグ,5.6
2022102765,エメラルハッピー,2025/09/18,門別,晴,5.0,日高サラブレッドサブ(C3),11,6.0,7,85.2,10.0,9,服部茂史,55.0,ダ,1000.0,良,64.0,0.8,4-5,39.2,470.0,2.0,ササキントモジロウ,
2022102765,エメラルハッピー,2025/09/04,門別,曇,9.0,北海道厩務員会賞(C3),12,1.0,1,179.7,11.0,11,服部茂史,55.0,ダ,1200.0,稍,78.0,2.9,10-11,40.7,468.0,-10.0,アームズクイーン,
2022102765,エメラルハッピー,2025/08/28,門別,曇,7.0,北海道だけ!がうまい(C3),10,8.0,10,23.5,3.0,6,服部茂史,55.0,ダ,1200.0,良,77.7,2.3,5-5,39.9,478.0,22.0,ビリーヴアンドラン,
2022102765,エメラルハッピー,2025/06/12,門別,曇,6.0,3歳以上C3ー2C4,11,6.0,7,126.8,9.0,8,岩橋勇二,55.0,ダ,1000.0,稍,63.2,1.5,6-6,37.8,456.0,2.0,レイワホクト,
2022102765,エメラルハッピー,2025/05/29,門別,晴,9.0,ラナンキュラス特別(C3),7,6.0,6,30.2,5.0,5,落合玄太,55.0,ダ,1000.0,良,63.5,1.0,1-1,39.0,454.0,-12.0,レーヴァテイン,3.8
2022102765,エメラルハッピー,2025/05/15,門別,曇,7.0,3歳以上C3ー2C4,10,2.0,2,8.0,3.0,7,落合玄太,55.0,ダ,1200.0,良,77.0,1.5,5-4,40.4,466.0,2.0,シセイダイキ,
2022102765,エメラルハッピー,2025/04/24,門別,晴,9.0,室蘭カレーラーメンの(C4),7,2.0,2,6.7,4.0,1,服部茂史,55.0,ダ,1000.0,重,63.1,-0.2,4-3,37.9,464.0,-6.0,(ミラージュフルール),55.0
2022102765,エメラルハッピー,2025/01/25,1中山8,曇,4.0,3歳新馬,16,2.0,3,157.2,16.0,16,佐藤翔馬,52.0,ダ,1800.0,良,127.3,8.6,15-15-15-15,45.1,470.0,0.0,パーソナルアフェア,
2019105773,フォトスフィア,2026/07/18,高知,晴,6.0,C3ー8,11,8.0,11,2.3,2.0,2,多田羅誠,57.0,ダ,1300.0,良,84.8,1.3,4-4-3-2,40.0,521.0,2.0,グランオルカ,24.0
2019105773,フォトスフィア,2026/07/04,高知,雨,5.0,ししとう特別(C3),10,8.0,10,1.9,1.0,1,多田羅誠,57.0,ダ,1600.0,不,104.3,-0.7,2-2-1-1,38.4,519.0,-1.0,(ナイトオブバンド),60.0
2019105773,フォトスフィア,2026/06/21,高知,晴,7.0,C3ー11,11,1.0,1,2.6,1.0,1,多田羅誠,57.0,ダ,1400.0,不,89.8,-1.0,1-1-1-1,39.6,520.0,-14.0,(ガーデンプランナー),60.0
2019105773,フォトスフィア,2026/05/06,船橋,曇,8.0,ネモフィラスプリント(B2B3),11,2.0,2,67.9,9.0,10,所蛍,55.0,ダ,1200.0,良,75.7,1.3,4-4-6,38.9,534.0,2.0,ナイトロ,
2019105773,フォトスフィア,2026/04/20,浦和,晴,11.0,清和月特別(B2),14,8.0,14,176.3,14.0,9,山中悠希,56.0,ダ,1400.0,良,90.7,1.9,4-5-5-6,39.8,532.0,3.0,ココモローズ,
2019105773,フォトスフィア,2026/04/02,船橋,晴,9.0,クローバースプリント(B2B3),9,3.0,3,28.0,5.0,6,山本大翔,54.0,ダ,1200.0,不,76.2,1.1,9-8-7,39.3,529.0,1.0,エイシンスコッティ,
2019105773,フォトスフィア,2026/03/12,船橋,晴,10.0,マーチスプリント(B2),11,6.0,7,162.8,9.0,4,山中悠希,56.0,ダ,1200.0,良,75.3,0.7,6-6-5,37.9,528.0,-2.0,マイレレイ,45.0
2019105773,フォトスフィア,2026/02/28,浦和,晴,10.0,ありがとう!またね!(B2B3),9,4.0,4,16.3,7.0,5,岡村健司,57.0,ダ,1500.0,重,97.4,1.0,8-8-8-6,39.3,530.0,-2.0,パンクビート,35.0
2019105773,フォトスフィア,2026/02/11,船橋,曇,8.0,桜梅桃李賞(B2),13,8.0,12,93.0,12.0,10,山中悠希,56.0,ダ,1600.0,稍,106.9,1.6,9-9-12-11,40.8,532.0,2.0,モルジブフレイバー,
2019105773,フォトスフィア,2026/01/21,船橋,晴,10.0,スイートピー特別(B2B3),13,8.0,12,198.2,11.0,9,岡村健司,57.0,ダ,1600.0,良,105.0,0.9,8-8-8-9,39.0,530.0,-1.0,ジェントルタッチ,
2019105773,フォトスフィア,2025/12/23,浦和,晴,9.0,ディセンバー特別(B2),11,7.0,9,107.3,9.0,8,笠野雄大,56.0,ダ,1500.0,良,98.3,1.6,8-8-8-9,37.9,531.0,-1.0,チョメチョメ,
2019105773,フォトスフィア,2025/12/10,船橋,晴,12.0,出雲流スプリント(B2),11,8.0,10,122.9,10.0,7,山中悠希,56.0,ダ,1200.0,良,75.4,3.9,8-10-11,38.8,532.0,10.0,ジョイフルロック,
2019105773,フォトスフィア,2025/05/08,船橋,晴,10.0,サファイアスプリント(B2),12,3.0,3,190.1,11.0,7,笠野雄大,56.0,ダ,1200.0,稍,74.8,0.9,9-9-9,37.2,522.0,2.0,ハセノブライアン,
2019105773,フォトスフィア,2025/04/04,船橋,晴,10.0,くじら座スプリント(B1B2),10,5.0,5,277.9,9.0,7,笠野雄大,55.0,ダ,1200.0,重,75.5,1.3,8-8-8,39.0,520.0,-2.0,サトノムスタング,
2019105773,フォトスフィア,2025/03/12,船橋,雨,9.0,春疾風スプリント(B2),11,7.0,8,204.0,9.0,5,笠野雄大,56.0,ダ,1200.0,稍,75.8,1.9,7-7-6,37.9,522.0,-1.0,レーザーショー,30.0
2019105773,フォトスフィア,2025/02/13,船橋,晴,12.0,ジンチョウゲ特別(B1B2),11,8.0,10,110.2,10.0,9,本橋孝太,55.0,ダ,1600.0,良,104.2,1.7,6-6-8-9,40.8,523.0,-1.0,イデアミラーグロ,
2019105773,フォトスフィア,2025/01/21,船橋,晴,12.0,スイートピー特別(B2B3),14,6.0,10,8.5,6.0,11,山本大翔,54.0,ダ,1600.0,良,105.1,1.2,10-10-10-9,38.9,524.0,-5.0,ジラルデ,
2019105773,フォトスフィア,2024/12/18,船橋,晴,10.0,キャンドルライトスプ(B1B2),12,8.0,11,21.1,6.0,9,本橋孝太,57.0,ダ,1200.0,良,75.8,1.2,5-5-6,38.9,529.0,6.0,リコシェ,
2019105773,フォトスフィア,2024/11/25,船橋,晴,11.0,出雲流スプリント(B1),11,1.0,1,19.3,7.0,9,笠野雄大,56.0,ダ,1200.0,良,75.0,1.2,7-9-9,38.4,523.0,1.0,オールフラッグ,
2019105773,フォトスフィア,2024/10/28,船橋,曇,11.0,秋の山スプリント(B1B2),10,8.0,9,48.5,8.0,5,笠野雄大,57.0,ダ,1200.0,重,76.0,1.5,8-8-7,38.1,522.0,-2.0,ザイデルバスト,33.0
2019105773,フォトスフィア,2024/09/24,船橋,晴,10.0,ベゴニアスプリント(B1B2),12,1.0,1,48.9,10.0,10,笠野雄大,57.0,ダ,1200.0,良,75.7,1.3,11-11-12,38.8,524.0,2.0,ザイデルバスト,
2019105773,フォトスフィア,2024/06/23,4京都8,曇,10.0,サイレンススズカC(3勝クラス),15,2.0,3,213.0,15.0,13,菅原明良,58.0,ダ,1400.0,不,84.7,1.4,13-15,35.7,522.0,14.0,ライツフォル,
2019105773,フォトスフィア,2024/04/21,2東京2,曇,10.0,鎌倉S(3勝クラス),15,2.0,3,179.9,15.0,11,津村明秀,58.0,ダ,1400.0,良,85.9,2.1,10-10,37.6,508.0,-16.0,コパノニコルソン,
2019105773,フォトスフィア,2024/03/02,1阪神3,曇,10.0,なにわS(3勝クラス),16,1.0,1,239.2,15.0,15,石橋脩,58.0,ダ,1200.0,稍,73.1,2.1,16-16,36.2,524.0,8.0,コパノパサディナ,
2019105773,フォトスフィア,2024/02/04,1東京4,曇,10.0,白嶺S(3勝クラス),16,8.0,16,178.3,14.0,12,菅原明良,58.0,ダ,1600.0,良,98.8,2.3,9-9,38.4,516.0,-2.0,コスタノヴァ,
2019105773,フォトスフィア,2023/11/25,5東京7,晴,10.0,シャングリラS(3勝クラス),16,5.0,9,55.2,12.0,7,津村明秀,58.0,ダ,1400.0,良,85.3,0.6,8-7,35.7,518.0,2.0,シャンブル,
2019105773,フォトスフィア,2023/10/28,4東京8,晴,12.0,3歳以上2勝クラス,11,6.0,6,19.5,6.0,1,津村明秀,58.0,ダ,1400.0,良,85.8,-0.3,5-2,36.3,516.0,4.0,(エピックジョイ),1140.0
2019105773,フォトスフィア,2023/10/14,4東京4,晴,12.0,3歳以上2勝クラス,16,8.0,16,23.0,7.0,6,永野猛蔵,57.0,ダ,1300.0,良,78.5,0.5,14-14,35.9,512.0,0.0,リッキーマジック,
2019105773,フォトスフィア,2023/07/15,2福島5,曇,10.0,米沢特別(2勝クラス),16,3.0,6,124.4,12.0,7,石川裕紀,58.0,ダ,1150.0,稍,69.6,1.0,13-13,36.7,512.0,4.0,エコロアイ,
2019105773,フォトスフィア,2023/06/17,3東京5,晴,9.0,三浦特別(2勝クラス),15,3.0,5,,,取,津村明秀,58.0,ダ,1400.0,良,,,,,,,ハチメンロッピ,
2019105773,フォトスフィア,2023/05/27,2東京11,晴,9.0,富嶽賞(2勝クラス),16,7.0,13,15.5,6.0,10,戸崎圭太,58.0,ダ,1400.0,良,85.2,1.3,14-14,36.5,508.0,2.0,アウリガテソーロ,
2019105773,フォトスフィア,2023/04/22,2東京1,晴,12.0,4歳以上2勝クラス,16,2.0,3,18.1,8.0,7,菅原明良,58.0,ダ,1400.0,良,85.7,0.9,13-14,36.0,506.0,-4.0,インヴァリアンス,
2019105773,フォトスフィア,2023/02/18,1東京7,晴,7.0,4歳以上1勝クラス,16,1.0,2,3.6,1.0,1,戸崎圭太,58.0,ダ,1400.0,稍,85.7,0.0,11-11,36.6,510.0,-4.0,(フミバレンタイン),800.0
2019105773,フォトスフィア,2023/02/05,1東京4,晴,7.0,4歳以上1勝クラス,16,1.0,2,7.8,5.0,2,菅原明良,58.0,ダ,1300.0,良,78.8,0.0,4-4,36.5,514.0,-4.0,タイセイジャスパー,320.0
2019105773,フォトスフィア,2023/01/08,1中山3,晴,8.0,4歳以上1勝クラス,16,2.0,4,14.2,5.0,5,丹内祐次,58.0,ダ,1200.0,良,72.3,0.6,11-9,37.2,518.0,4.0,ダルダヌス,80.0
2019105773,フォトスフィア,2022/12/18,6中京6,晴,3.0,3歳以上1勝クラス,16,4.0,8,26.0,7.0,5,横山琉人,54.0,ダ,1400.0,良,87.2,1.3,14-14,38.7,514.0,-2.0,トランキリテ,77.0
2019105773,フォトスフィア,2022/11/27,5東京8,晴,7.0,3歳以上1勝クラス,16,8.0,16,19.6,9.0,6,石川裕紀,56.0,ダ,1400.0,稍,85.5,1.0,15-15,36.2,516.0,16.0,アイスマン,
2019105773,フォトスフィア,2022/05/22,2東京10,晴,5.0,3歳1勝クラス,16,2.0,4,268.5,15.0,8,柴田大知,56.0,ダ,1400.0,良,85.7,1.9,12-13,36.7,500.0,-2.0,イグザルト,
2019105773,フォトスフィア,2022/05/07,2東京5,曇,6.0,3歳1勝クラス,13,8.0,13,13.4,5.0,10,柴田大知,56.0,ダ,1400.0,良,86.9,1.5,9-9,37.6,502.0,-4.0,ウィンダミア,
2019105773,フォトスフィア,2022/04/23,2東京1,晴,6.0,3歳1勝クラス,16,1.0,1,28.9,9.0,11,柴田大知,56.0,ダ,1600.0,稍,99.0,3.3,10-11,39.0,506.0,0.0,ヴァルツァーシャル,
2019105773,フォトスフィア,2022/02/20,1東京8,曇,3.0,3歳新馬,16,6.0,11,3.2,1.0,1,柴田大知,56.0,ダ,1400.0,不,85.2,0.0,5-5,36.2,506.0,0.0,(ルクスグレイシア),600.0
2022107087,ノアプレスリー,2026/07/11,高知,晴,10.0,ファイナルレース(C3),11,2.0,2,8.7,4.0,5,岡村卓弥,57.0,ダ,1600.0,重,108.5,1.5,6-6-5-6,41.8,470.0,-12.0,セキショウイダイ,6.0
2022107087,ノアプレスリー,2026/06/27,高知,曇,1.0,C3ー5,9,5.0,5,12.5,5.0,4,岡村卓弥,57.0,ダ,1300.0,不,84.2,2.1,7-7-5-4,39.6,482.0,-1.0,グリントリッター,12.0
2022107087,ノアプレスリー,2026/06/20,高知,雨,1.0,C3ー10,8,3.0,3,16.1,4.0,4,岡村卓弥,57.0,ダ,1600.0,重,110.1,1.6,5-5-5-4,40.7,483.0,8.0,ケーニッヒブルート,12.0
2022107087,ノアプレスリー,2026/06/06,高知,曇,7.0,C3ー7,10,3.0,3,65.1,7.0,8,郷間勇太,57.0,ダ,1300.0,不,84.9,1.3,9-8-8-4,39.5,475.0,-10.0,ワキノクイーン,
2022107087,ノアプレスリー,2026/05/23,高知,曇,8.0,C3ー8,11,5.0,5,27.1,7.0,10,岡村卓弥,57.0,ダ,1400.0,不,92.4,3.2,9-9-8-9,40.0,485.0,18.0,アンビシュー,
2022107087,ノアプレスリー,2026/01/01,高知,晴,8.0,C3ー9,7,8.0,8,,,取,岡村卓弥,57.0,ダ,1600.0,良,,,,,,,クラウンセヘル,
2022107087,ノアプレスリー,2025/12/20,高知,曇,8.0,C3ー8,11,8.0,11,24.3,5.0,3,岡村卓弥,57.0,ダ,1400.0,稍,94.4,1.2,8-8-7-7,39.8,467.0,-7.0,エヌマエリシュ,15.0
2022107087,ノアプレスリー,2025/12/06,高知,晴,3.0,C3ー11,11,7.0,9,6.2,4.0,4,岡村卓弥,57.0,ダ,1600.0,良,109.4,0.6,7-6-6-5,41.0,474.0,5.0,アットワンス,9.0
2022107087,ノアプレスリー,2025/11/23,高知,晴,5.0,C3ー10,10,7.0,7,7.0,3.0,2,岡村卓弥,57.0,ダ,1600.0,良,108.7,0.5,8-8-8-6,40.7,469.0,-7.0,ジークシュベルト,24.0
2022107087,ノアプレスリー,2025/11/08,高知,晴,2.0,C3ー12,10,5.0,5,20.9,7.0,3,岡村卓弥,57.0,ダ,1600.0,稍,109.8,0.9,7-6-4-5,40.0,476.0,1.0,エイブリー,15.0
2022107087,ノアプレスリー,2025/10/25,高知,小雨,6.0,C3ー9,10,1.0,1,15.4,5.0,5,岡村卓弥,57.0,ダ,1300.0,不,84.8,1.0,8-8-8-5,38.9,475.0,4.0,スマートフランキー,6.0
2022107087,ノアプレスリー,2025/10/12,高知,曇,10.0,C3ー15,10,8.0,10,7.1,4.0,1,岡村卓弥,57.0,ダ,1600.0,稍,107.1,-0.3,4-4-4-3,40.3,471.0,-4.0,(アットワンス),60.0
2022107087,ノアプレスリー,2025/09/27,高知,曇,2.0,えひめ道後特別(3歳),10,2.0,2,18.7,4.0,3,岡村卓弥,57.0,ダ,1300.0,不,85.5,1.3,7-6-6-5,39.2,475.0,8.0,トウカイクレオス,15.0
2022107087,ノアプレスリー,2025/09/14,高知,晴,7.0,3歳ー4,12,5.0,5,28.0,6.0,3,岡村卓弥,57.0,ダ,1400.0,重,91.8,0.7,7-6-6-4,39.1,467.0,-3.0,ワイドレッド,15.0
2022107087,ノアプレスリー,2025/07/20,高知,晴,4.0,ウナギ特別(3歳),10,3.0,3,31.4,6.0,6,井上瑛太,57.0,ダ,1600.0,不,106.9,2.3,9-8-8-7,40.1,470.0,-2.0,ナムラクレープ,
2022107087,ノアプレスリー,2025/07/05,高知,晴,11.0,ファイナルレース(3歳),11,8.0,11,8.4,4.0,2,井上瑛太,57.0,ダ,1400.0,良,92.5,0.1,8-8-6-4,40.3,472.0,2.0,ワグナーチューバ,24.0
2022107087,ノアプレスリー,2025/06/22,高知,曇,4.0,3歳ー3,9,6.0,6,26.7,5.0,6,井上瑛太,57.0,ダ,1300.0,重,84.8,1.2,9-9-9-8,39.0,470.0,2.0,ナムラクレープ,
2022107087,ノアプレスリー,2025/06/08,高知,曇,3.0,3歳ー2,11,8.0,10,52.0,8.0,5,井上瑛太,57.0,ダ,1400.0,稍,93.4,0.6,9-9-9-10,40.1,468.0,-6.0,エイブリー,6.0
2022107087,ノアプレスリー,2025/05/24,高知,雨,1.0,3歳ー3,10,4.0,4,131.6,9.0,10,阿部基嗣,54.0,ダ,1300.0,不,85.7,3.1,9-10-10-9,39.9,474.0,8.0,イットウショウグウ,
2022107087,ノアプレスリー,2025/05/10,高知,曇,1.0,3歳ー3,10,7.0,9,56.6,10.0,6,阿部基嗣,54.0,ダ,1600.0,不,107.4,2.1,8-8-9-8,40.9,466.0,-10.0,エッグハント,
2022107087,ノアプレスリー,2025/04/26,高知,晴,10.0,ファイナルレース(3歳),12,7.0,10,34.0,11.0,9,妹尾浩一,57.0,ダ,1300.0,重,87.6,1.6,10-9-8-9,41.7,476.0,11.0,ペタルビジュー,
2022107087,ノアプレスリー,2025/04/12,高知,晴,3.0,3歳ー2,10,8.0,9,92.4,10.0,7,佐原秀泰,57.0,ダ,1400.0,稍,96.9,1.5,5-5-4-7,42.0,465.0,2.0,フルメタルレディ,
2022107087,ノアプレスリー,2025/03/23,高知,晴,12.0,ファイナルレース(3歳),12,1.0,1,8.8,4.0,6,岡遼太郎,56.0,ダ,1300.0,稍,87.5,0.3,11-11-11-6,39.4,463.0,-4.0,カンビフレサン,
2022107087,ノアプレスリー,2025/03/16,高知,晴,1.0,中国地域の酪農応援特(3歳),9,6.0,6,29.1,6.0,9,佐原秀泰,56.0,ダ,1400.0,不,93.3,1.6,9-9-9-7,41.2,467.0,7.0,ファルコナーラ,
2022107087,ノアプレスリー,2025/03/02,高知,曇,2.0,大好き高知競馬特別(3歳),10,6.0,6,59.9,9.0,7,佐原秀泰,56.0,ダ,1300.0,重,87.4,1.5,9-9-9-9,40.3,460.0,-1.0,クリノチャールズ,
2022107087,ノアプレスリー,2025/02/16,高知,曇,2.0,3歳ー1,11,5.0,5,57.7,7.0,8,林謙佑,56.0,ダ,1300.0,重,86.8,2.5,10-10-10-10,39.8,461.0,-7.0,ミラクルドリーム,
2022107087,ノアプレスリー,2025/02/02,高知,曇,2.0,3歳ー1,7,6.0,6,6.1,4.0,5,佐原秀泰,56.0,ダ,1300.0,重,87.6,1.6,3-4-4-5,41.8,468.0,-5.0,コパノキュラソー,6.0
2022107087,ノアプレスリー,2025/01/19,高知,曇,2.0,3歳ー3,5,4.0,4,4.1,3.0,1,佐原秀泰,56.0,ダ,1400.0,良,96.3,0.0,4-4-4-4,43.4,473.0,-3.0,(クーファグレース),60.0
2022107087,ノアプレスリー,2025/01/05,高知,晴,1.0,颯太・有彩ご結婚特別(3歳),8,4.0,4,1.6,1.0,1,佐原秀泰,56.0,ダ,1400.0,良,97.3,0.0,3-2-2-2,43.3,476.0,-8.0,(クエンカ),60.0
2022107087,ノアプレスリー,2024/12/29,高知,晴,1.0,2歳ー7,8,7.0,7,2.9,2.0,2,林謙佑,55.0,ダ,1300.0,良,89.8,0.3,6-6-6-5,41.7,484.0,20.0,リバイブローズ,36.0
2022107087,ノアプレスリー,2024/11/16,3福島5,晴,3.0,2歳未勝利,15,5.0,8,101.3,9.0,12,小林美駒,52.0,ダ,1700.0,良,110.4,4.4,10-10-10-11,40.0,464.0,-10.0,ベリタバグス,
2022107087,ノアプレスリー,2024/10/06,4東京2,曇,1.0,2歳未勝利,11,8.0,11,96.7,9.0,8,永野猛蔵,56.0,ダ,1600.0,重,98.6,1.9,10-10,37.2,474.0,-8.0,ドゥカート,
2022107087,ノアプレスリー,2024/09/08,4中山2,晴,1.0,2歳未勝利,8,7.0,7,164.5,8.0,7,武藤雅,55.0,ダ,1200.0,良,74.5,3.1,7-8,38.6,482.0,4.0,ジャスパーソレイユ,
2022107087,ノアプレスリー,2024/08/17,3新潟3,晴,3.0,2歳未勝利,15,8.0,15,52.8,9.0,7,武藤雅,55.0,ダ,1200.0,良,74.5,1.5,9-9,38.3,478.0,-2.0,ニシノリンダ,
2022107087,ノアプレスリー,2024/07/14,2福島6,曇,6.0,2歳新馬,8,6.0,6,39.4,7.0,6,武藤雅,55.0,ダ,1150.0,稍,73.8,2.2,4-4,39.5,480.0,0.0,ケイアイマハナ,
2019101794,ヒメカミノイタダキ,2026/02/28,1小倉11,晴,12.0,4歳以上1勝クラス,18,1.0,2,123.4,15.0,18,古川吉洋,58.0,芝,1200.0,稍,71.1,1.1,14-14,35.1,498.0,-14.0,スネーフリンガ,
2019101794,ヒメカミノイタダキ,2025/12/28,5中山8,晴,7.0,3歳以上1勝クラス,16,6.0,12,65.0,11.0,12,原優介,58.0,ダ,1200.0,良,73.8,1.8,3-2,39.0,512.0,12.0,タイセイルヴァン,
2019101794,ヒメカミノイタダキ,2025/10/26,4新潟4,雨,12.0,3歳以上1勝クラス,12,4.0,4,56.4,11.0,7,菊沢一樹,58.0,ダ,1200.0,重,71.7,0.9,9-9,37.0,500.0,-4.0,オトメナシャチョウ,
2019101794,ヒメカミノイタダキ,2025/10/18,4新潟1,小雨,12.0,3歳以上1勝クラス,18,2.0,4,109.5,13.0,11,横山琉人,58.0,芝,1000.0,良,56.1,0.8,8,33.5,504.0,-4.0,シュラフ,
2019101794,ヒメカミノイタダキ,2025/07/26,2新潟1,晴,8.0,閃光特別(1勝クラス),14,2.0,2,27.0,8.0,9,大野拓弥,58.0,芝,1000.0,良,55.3,0.6,4,32.7,508.0,-8.0,ハッピーデービー,
2019101794,ヒメカミノイタダキ,2025/07/06,1函館8,晴,12.0,3歳以上1勝クラス,10,5.0,5,32.0,7.0,6,和田陽希,55.0,芝,1200.0,稍,70.5,0.8,2-2,35.7,516.0,10.0,アジュマン,
2019101794,ヒメカミノイタダキ,2025/06/21,1函館3,曇,8.0,3歳以上1勝クラス,12,1.0,1,73.8,9.0,7,和田陽希,55.0,ダ,1000.0,良,59.7,0.9,5-4,36.3,506.0,-4.0,テイエムタリスマ,
2019101794,ヒメカミノイタダキ,2025/06/14,1函館1,晴,8.0,3歳以上1勝クラス,12,5.0,6,47.5,9.0,8,古川吉洋,58.0,ダ,1000.0,良,59.6,1.7,6-6,35.8,510.0,4.0,タッカージーティー,
2019101794,ヒメカミノイタダキ,2025/05/18,1新潟6,曇,9.0,飛竜特別(1勝クラス),16,6.0,11,38.7,11.0,3,大野拓弥,58.0,芝,1000.0,良,56.7,0.1,3,33.8,506.0,8.0,ブルボンクイーン,285.2
2019101794,ヒメカミノイタダキ,2025/02/08,1小倉5,晴,3.0,4歳以上1勝クラス,14,4.0,5,37.1,9.0,9,松本大輝,57.0,ダ,1000.0,稍,59.5,1.8,10-10,35.9,498.0,-8.0,タイセイアレス,
2019101794,ヒメカミノイタダキ,2024/09/15,4中山4,晴,7.0,3歳以上1勝クラス,14,8.0,13,9.7,7.0,10,津村明秀,58.0,ダ,1200.0,良,73.3,1.2,2-2,38.3,506.0,0.0,マーシヴィガラス,
2019101794,ヒメカミノイタダキ,2024/08/31,2札幌7,雨,6.0,3歳以上1勝クラス,11,1.0,1,46.2,10.0,3,古川吉洋,58.0,ダ,1000.0,重,58.7,0.2,6-5,35.2,506.0,-6.0,ヴェラリーシャ,200.0
2019101794,ヒメカミノイタダキ,2024/08/10,2札幌1,晴,7.0,3歳以上1勝クラス,12,8.0,12,107.1,11.0,4,古川吉洋,58.0,ダ,1000.0,良,59.7,0.3,7-6,36.1,512.0,10.0,セリエル,120.0
2019101794,ヒメカミノイタダキ,2024/07/21,1札幌2,晴,7.0,3歳以上1勝クラス,9,1.0,1,20.5,6.0,9,古川吉洋,58.0,ダ,1000.0,良,61.2,1.9,2-2,37.3,502.0,-2.0,ノボリショウリュウ,
2019101794,ヒメカミノイタダキ,2024/07/06,1函館9,曇,7.0,3歳以上1勝クラス,11,7.0,9,24.0,5.0,6,古川吉洋,58.0,ダ,1000.0,稍,60.0,1.7,5-5,35.9,504.0,6.0,ホークレア,
2019101794,ヒメカミノイタダキ,2024/06/22,1函館5,曇,8.0,3歳以上1勝クラス,12,8.0,12,63.3,10.0,5,古川吉洋,58.0,ダ,1000.0,良,59.7,0.6,8-8,35.9,498.0,0.0,サザンカ,80.0
2019101794,ヒメカミノイタダキ,2024/06/09,1函館2,小雨,7.0,3歳以上1勝クラス,10,5.0,5,25.2,7.0,8,古川吉洋,58.0,ダ,1000.0,良,60.4,1.6,6-7,36.6,498.0,-6.0,レアグリフォン,
2019101794,ヒメカミノイタダキ,2024/02/25,2小倉6,晴,3.0,4歳以上1勝クラス,14,3.0,4,25.0,7.0,3,小林美駒,54.0,ダ,1000.0,重,58.0,0.5,3-3,35.2,504.0,-8.0,ジューンアース,200.0
2019101794,ヒメカミノイタダキ,2024/02/18,2小倉4,晴,3.0,4歳以上1勝クラス,14,3.0,4,94.1,12.0,3,菊沢一樹,58.0,ダ,1000.0,良,59.2,0.1,8-5,36.1,512.0,16.0,クロンヌドラレーヌ,200.0
2019101794,ヒメカミノイタダキ,2024/01/28,1小倉6,曇,3.0,4歳以上1勝クラス,14,4.0,6,17.2,7.0,11,菊沢一樹,58.0,ダ,1000.0,良,60.6,2.5,9-9,37.0,496.0,0.0,マキアージュ,
2019101794,ヒメカミノイタダキ,2024/01/14,1小倉2,晴,3.0,4歳以上1勝クラス,14,6.0,9,31.9,9.0,5,菊沢一樹,58.0,ダ,1000.0,良,59.7,0.7,10-8,36.1,496.0,26.0,ルクスメテオール,80.0
2019101794,ヒメカミノイタダキ,2023/11/12,3福島4,曇,12.0,3歳以上1勝クラス,16,7.0,14,32.5,8.0,13,柴山雄一,58.0,ダ,1150.0,良,69.8,1.7,6-7,38.1,470.0,-12.0,リーゼントミニー,
2019101794,ヒメカミノイタダキ,2023/09/17,4中山4,晴,7.0,3歳以上1勝クラス,16,4.0,8,18.5,7.0,10,石橋脩,58.0,ダ,1200.0,良,72.9,0.8,5-4,38.4,482.0,-6.0,シャインフォール,
2019101794,ヒメカミノイタダキ,2023/09/10,4中山2,晴,4.0,3歳以上1勝クラス,16,7.0,13,25.6,9.0,3,津村明秀,58.0,ダ,1200.0,稍,71.4,0.2,4-3,37.1,488.0,4.0,エコロドゥネス,200.0
2019101794,ヒメカミノイタダキ,2023/08/19,2札幌3,曇,12.0,3歳以上1勝クラス,11,8.0,12,41.0,7.0,3,柴山雄一,58.0,ダ,1000.0,良,59.4,0.5,4-3,35.6,484.0,2.0,クリーデンス,200.0
2019101794,ヒメカミノイタダキ,2023/07/23,1札幌2,晴,7.0,3歳以上1勝クラス,12,8.0,11,40.5,9.0,5,柴山雄一,58.0,ダ,1000.0,良,60.0,0.3,8-5,35.5,482.0,-8.0,ルクスランページ,80.0
2019101794,ヒメカミノイタダキ,2023/07/08,2函館3,晴,7.0,3歳以上1勝クラス,12,8.0,11,22.1,7.0,7,柴山雄一,58.0,ダ,1000.0,良,60.0,1.0,9-7,36.5,490.0,0.0,ルヴェルジェ,
2019101794,ヒメカミノイタダキ,2023/06/24,1函館5,曇,12.0,3歳以上1勝クラス,12,5.0,6,35.2,9.0,4,柴山雄一,58.0,ダ,1000.0,重,58.8,0.5,7-7,35.4,490.0,4.0,テイエムスイスイ,120.0
2019101794,ヒメカミノイタダキ,2023/06/11,1函館2,曇,7.0,3歳以上1勝クラス,11,6.0,7,51.7,8.0,6,津村明秀,58.0,ダ,1000.0,稍,59.6,0.5,3-3,36.5,486.0,12.0,コパノエルパソ,
2019101794,ヒメカミノイタダキ,2023/03/26,2中京6,小雨,6.0,4歳以上1勝クラス,16,4.0,8,92.8,12.0,10,古川吉洋,58.0,ダ,1400.0,不,86.4,1.2,8-8,37.7,474.0,-6.0,マイレッドスター,
2019101794,ヒメカミノイタダキ,2023/02/16,浦和,晴,10.0,マルチウイン特別(B2B3),11,8.0,12,27.4,7.0,4,張田昂,57.0,ダ,1400.0,良,90.0,2.0,7-5-5-4,38.5,480.0,6.0,タマモイットウセイ,60.0
2019101794,ヒメカミノイタダキ,2022/12/04,5中山2,曇,7.0,3歳以上1勝クラス,16,8.0,16,92.1,13.0,8,菊沢一樹,56.0,ダ,1200.0,良,72.5,1.0,3-3,38.2,474.0,-2.0,セイウンハルカニ,
2019101794,ヒメカミノイタダキ,2022/08/20,3新潟3,雨,8.0,3歳以上1勝クラス,15,8.0,14,8.5,4.0,11,石橋脩,54.0,ダ,1200.0,稍,72.6,1.1,8-8,37.5,476.0,-8.0,キタノブレイド,
2019101794,ヒメカミノイタダキ,2022/07/03,2福島2,晴,8.0,3歳以上1勝クラス,11,6.0,6,5.6,3.0,9,石橋脩,54.0,芝,1200.0,良,70.6,0.9,4-4,35.4,484.0,4.0,トーセンサンダー,
2019101794,ヒメカミノイタダキ,2022/04/30,2東京3,晴,3.0,3歳未勝利,16,4.0,7,2.7,1.0,1,石橋脩,56.0,ダ,1300.0,不,79.2,-0.1,3-2,36.1,480.0,-2.0,(オフレッシュ),520.0
2019101794,ヒメカミノイタダキ,2022/04/09,3中山5,晴,6.0,3歳未勝利,16,8.0,15,3.5,2.0,2,石橋脩,56.0,ダ,1200.0,良,73.6,0.4,2-2,38.0,482.0,-2.0,シルバーキングダム,210.0
2019101794,ヒメカミノイタダキ,2022/03/21,2中山8,曇,3.0,3歳未勝利,16,4.0,8,43.2,5.0,2,石橋脩,56.0,ダ,1200.0,重,72.3,0.4,4-2,37.3,484.0,0.0,ミンナノユメミノル,210.0
2019101794,ヒメカミノイタダキ,2022/02/26,2中山1,晴,4.0,3歳未勝利,16,6.0,12,13.4,6.0,4,石橋脩,56.0,ダ,1200.0,良,73.6,1.3,4-3,38.3,484.0,-6.0,ヤマトコウセイ,78.0
2019101794,ヒメカミノイタダキ,2022/01/16,1中山6,晴,3.0,3歳未勝利,16,1.0,1,53.8,10.0,9,菊沢一樹,56.0,ダ,1800.0,良,118.2,1.9,8-8-11-11,40.6,490.0,2.0,ホウオウニンジャ,
2019101794,ヒメカミノイタダキ,2021/12/25,5中山7,晴,6.0,2歳新馬,15,2.0,3,13.1,6.0,3,菊沢一樹,55.0,ダ,1800.0,稍,117.5,3.2,5-4-2-2,40.5,488.0,0.0,アローワン,180.0
2021104891,オールデュスヴラン,2026/07/12,高知,曇,5.0,スイレン特別(C3),8,4.0,4,6.1,3.0,4,山崎雅由,57.0,ダ,1600.0,稍,106.0,0.4,4-3-3-2,40.5,479.0,-2.0,シュプリンガー,24.0
2021104891,オールデュスヴラン,2026/06/20,高知,曇,8.0,C3ー8,9,5.0,5,1.4,1.0,1,山崎雅由,57.0,ダ,1400.0,不,91.9,-0.2,3-3-4-2,39.1,481.0,6.0,(リバティフレイム),60.0
2021104891,オールデュスヴラン,2026/06/07,高知,曇,8.0,C3ー11,9,8.0,9,1.6,1.0,1,山崎雅由,57.0,ダ,1300.0,不,82.0,-0.7,2-2-1-1,38.9,475.0,-1.0,(ナッシングベター),60.0
2021104891,オールデュスヴラン,2026/04/26,1福島6,晴,9.0,飯盛山特別(1勝クラス),13,6.0,8,90.7,11.0,13,亀田温心,58.0,芝,2000.0,良,120.6,1.7,2-2-2-2,36.9,476.0,0.0,アリスメティーク,
2021104891,オールデュスヴラン,2026/03/01,1小倉12,晴,9.0,唐戸特別(1勝クラス),18,5.0,9,89.2,17.0,18,亀田温心,58.0,芝,2000.0,良,124.0,1.2,5-5-10-11,36.2,476.0,-6.0,ジャスティンガルフ,
2021104891,オールデュスヴラン,2025/12/14,5中山4,曇,8.0,3歳以上1勝クラス,14,1.0,1,69.1,10.0,13,内田博幸,58.0,ダ,2500.0,稍,170.2,7.0,8-7-14-13,44.3,482.0,0.0,ダカラフェスティヴ,
2021104891,オールデュスヴラン,2025/11/09,3福島2,曇,3.0,3歳以上1勝クラス,15,7.0,12,41.0,9.0,12,川端海翼,55.0,ダ,1700.0,良,109.2,3.5,4-6-6-8,40.4,482.0,-16.0,ドゥラリス,
2021104891,オールデュスヴラン,2025/07/20,1函館12,晴,8.0,3歳以上1勝クラス,9,6.0,6,17.2,6.0,8,キング,58.0,芝,2600.0,良,161.9,2.9,8-8-7-5,37.4,498.0,0.0,レクスノヴァス,
2021104891,オールデュスヴラン,2025/06/21,1函館3,曇,10.0,駒ケ岳特別(1勝クラス),8,8.0,8,6.2,4.0,7,北村友一,58.0,芝,2600.0,良,163.3,1.7,3-2-3-5,36.8,498.0,10.0,マイファミリー,
2021104891,オールデュスヴラン,2025/04/27,1福島6,晴,9.0,燧ヶ岳特別(1勝クラス),11,3.0,3,3.3,1.0,9,丹内祐次,58.0,芝,2600.0,良,160.5,1.9,9-9-8-7,36.8,488.0,0.0,ヴァイザーバルコ,
2021104891,オールデュスヴラン,2025/04/12,1福島1,曇,8.0,4歳以上1勝クラス,16,2.0,4,7.3,3.0,4,荻野極,58.0,芝,2600.0,良,159.9,0.3,11-11-13-8,35.0,488.0,12.0,カエルム,120.0
2021104891,オールデュスヴラン,2025/03/01,1小倉11,曇,9.0,脊振山特別(1勝クラス),16,5.0,9,11.0,5.0,4,荻野極,57.0,芝,2600.0,良,162.0,0.7,9-9-5-3,36.5,476.0,-8.0,ローザサンリヴァル,170.0
2021104891,オールデュスヴラン,2025/02/16,1小倉8,曇,7.0,4歳以上1勝クラス,16,1.0,2,92.3,15.0,7,荻野極,57.0,芝,2600.0,良,160.9,0.3,14-14-14-14,36.2,484.0,2.0,サラトガチップス,
2021104891,オールデュスヴラン,2025/02/02,1京都2,曇,12.0,4歳以上1勝クラス,17,7.0,15,61.2,14.0,14,団野大成,58.0,芝,1400.0,稍,84.5,1.5,14-15,35.0,482.0,10.0,フライングブレード,
2021104891,オールデュスヴラン,2024/10/26,4新潟7,晴,9.0,柏崎特別(1勝クラス),16,2.0,3,80.2,13.0,14,石橋脩,56.0,芝,1600.0,良,96.5,2.4,16-16,34.8,472.0,6.0,ツルマウカタチ,
2021104891,オールデュスヴラン,2024/07/06,3小倉3,晴,9.0,若戸大橋特別(1勝クラス),11,7.0,9,28.0,8.0,10,団野大成,55.0,芝,2000.0,良,121.1,1.8,4-4-5-7,36.8,466.0,-4.0,イングランドアイズ,
2021104891,オールデュスヴラン,2024/06/15,4京都5,曇,8.0,3歳以上1勝クラス,14,7.0,11,20.7,5.0,11,団野大成,55.0,ダ,1800.0,良,115.3,2.4,4-5-6-5,40.3,470.0,6.0,ミッキークレスト,
2021104891,オールデュスヴラン,2024/04/06,1福島1,曇,9.0,ひめさゆり賞(1勝クラス),13,4.0,5,14.0,4.0,10,団野大成,57.0,芝,2000.0,良,120.7,0.6,11-12-11-9,35.1,464.0,-6.0,キープカルム,
2021104891,オールデュスヴラン,2024/02/04,1東京4,曇,9.0,ゆりかもめ賞(1勝クラス),9,1.0,1,15.9,6.0,5,キング,57.0,芝,2400.0,良,147.7,0.8,6-5-5-6,34.2,470.0,6.0,ウインマクシマム,107.0
2021104891,オールデュスヴラン,2023/12/09,5阪神3,晴,9.0,エリカ賞(1勝クラス),10,8.0,9,10.9,5.0,5,ルメール,56.0,芝,2000.0,良,120.7,0.4,7-7-7-8,34.6,464.0,-6.0,メリオーレム,107.0
2021104891,オールデュスヴラン,2023/10/22,2京都7,晴,3.0,2歳未勝利,10,6.0,6,8.0,4.0,1,モレイラ,56.0,芝,2000.0,良,121.9,0.0,5-5-5-5,35.2,470.0,-2.0,(ヘザルフェン),550.0
2021104891,オールデュスヴラン,2023/09/23,4阪神6,曇,3.0,2歳未勝利,10,7.0,7,4.7,3.0,7,荻野極,55.0,芝,2000.0,良,122.4,1.1,3-3-5-4,36.7,472.0,0.0,ミラキュラスドラマ,
2021104891,オールデュスヴラン,2023/09/03,3小倉8,晴,5.0,2歳新馬,16,7.0,13,5.4,3.0,3,荻野極,55.0,芝,1800.0,良,111.6,0.4,8-8-7-4,36.5,472.0,0.0,アナベルエクラ,180.0
2022100656,ロードステイタス,2026/07/11,高知,晴,1.0,C3ー5,9,3.0,3,2.1,1.0,3,赤岡修次,57.0,ダ,1600.0,重,110.1,0.3,1-1-1-1,41.6,487.0,1.0,アンダーザスター,18.0
2022100656,ロードステイタス,2026/06/20,高知,雨,1.0,C3ー10,8,8.0,8,1.6,1.0,2,永森大智,57.0,ダ,1600.0,重,109.9,1.4,1-1-1-1,41.2,486.0,8.0,ケーニッヒブルート,24.0
2022100656,ロードステイタス,2026/06/06,高知,曇,6.0,C3ー8,9,4.0,4,3.0,2.0,3,永森大智,57.0,ダ,1300.0,不,84.4,0.5,2-1-1-1,39.0,478.0,-3.0,フクノスパイン,18.0
2022100656,ロードステイタス,2026/05/09,高知,晴,5.0,C3ー10,12,4.0,4,1.7,1.0,3,宮川実,57.0,ダ,1300.0,稍,87.2,0.4,3-3-3-2,41.4,481.0,-5.0,ドゥラルーナ,18.0
2022100656,ロードステイタス,2026/04/12,高知,晴,8.0,C3ー12,11,7.0,9,2.2,2.0,2,吉原寛人,57.0,ダ,1300.0,重,85.1,2.2,2-2-2-2,40.0,486.0,0.0,ライゾマティクス,24.0
2022100656,ロードステイタス,2026/03/11,高知,晴,3.0,C3ー8,8,2.0,2,1.1,1.0,1,井上瑛太,57.0,ダ,1600.0,稍,109.5,-1.4,1-1-1-1,39.8,486.0,26.0,(ノエル),60.0
2022100656,ロードステイタス,2025/07/27,1札幌2,曇,2.0,3歳未勝利,14,4.0,5,11.2,5.0,6,吉田隼人,57.0,芝,1200.0,重,70.1,0.9,11-10,35.0,460.0,4.0,キャナルクルーズ,
2022100656,ロードステイタス,2025/07/13,1函館10,晴,3.0,3歳未勝利,16,3.0,5,12.6,7.0,6,丹内祐次,57.0,芝,1200.0,良,69.4,0.4,10-9,33.6,456.0,0.0,ルブリアン,
2022100656,ロードステイタス,2025/06/29,1函館6,曇,3.0,3歳未勝利,12,7.0,10,22.1,6.0,4,中井裕二,57.0,芝,1200.0,良,69.6,0.5,6-6,34.8,456.0,2.0,ペイシャアーサー,84.0
2022100656,ロードステイタス,2025/06/14,1函館1,晴,6.0,3歳未勝利,14,4.0,5,17.7,7.0,13,藤岡佑介,57.0,ダ,1700.0,良,108.5,3.2,3-3-5-7,40.8,454.0,-14.0,コスモシェルベット,
2022100656,ロードステイタス,2025/04/26,2京都1,晴,2.0,3歳未勝利,16,6.0,11,7.5,3.0,14,藤岡佑介,57.0,ダ,1800.0,良,117.2,3.5,2-2-2-2,42.4,468.0,0.0,パーフェクト,
2022100656,ロードステイタス,2024/11/09,6京都3,晴,3.0,2歳未勝利,11,5.0,5,45.4,7.0,3,国分優作,56.0,芝,2000.0,良,121.9,0.9,1-2-2-2,34.8,468.0,6.0,パーティハーン,140.0
2022100656,ロードステイタス,2024/09/22,3中京7,小雨,5.0,2歳新馬,11,7.0,8,9.9,4.0,6,岩田望来,55.0,芝,2000.0,良,126.0,1.7,4-7-5-6,35.2,462.0,0.0,サトノシャイニング,
2020104089,ドンカルロ,2026/07/11,高知,晴,2.0,C3ー4,9,6.0,6,6.9,3.0,5,畑中信司,57.0,ダ,1600.0,重,110.2,1.2,9-9-8-6,41.3,454.0,4.0,グランパリッシュ,6.0
2020104089,ドンカルロ,2026/06/27,高知,曇,1.0,C3ー5,9,8.0,8,9.8,4.0,3,畑中信司,57.0,ダ,1300.0,不,83.9,1.8,4-4-3-3,39.7,450.0,-2.0,グリントリッター,18.0
2020104089,ドンカルロ,2026/06/20,高知,雨,1.0,C3ー10,8,2.0,2,12.9,3.0,3,畑中信司,57.0,ダ,1600.0,重,110.0,1.5,4-3-3-3,40.8,452.0,1.0,ケーニッヒブルート,18.0
2020104089,ドンカルロ,2026/06/06,高知,曇,7.0,C3ー7,10,8.0,9,67.7,8.0,7,畑中信司,57.0,ダ,1300.0,不,84.6,1.0,5-5-3-3,40.3,451.0,-1.0,ワキノクイーン,
2020104089,ドンカルロ,2026/05/23,高知,曇,8.0,C3ー8,11,1.0,1,50.6,9.0,7,畑中信司,57.0,ダ,1400.0,不,92.0,2.8,11-11-8-8,39.6,452.0,1.0,アンビシュー,
2020104089,ドンカルロ,2026/05/09,高知,晴,6.0,C3ー9,10,8.0,9,54.2,6.0,4,畑中信司,57.0,ダ,1300.0,稍,86.6,1.9,9-8-10-5,40.1,451.0,-3.0,ライゾマティクス,12.0
2020104089,ドンカルロ,2026/04/26,高知,雨,2.0,C3ー15,11,2.0,2,2.6,2.0,4,畑中信司,57.0,ダ,1600.0,不,106.9,0.2,4-3-3-3,39.0,454.0,0.0,ジョーコモド,12.0
2020104089,ドンカルロ,2026/04/11,高知,晴,7.0,C3ー9,11,1.0,1,103.3,8.0,5,畑中信司,57.0,ダ,1300.0,不,84.6,1.9,8-6-5-7,39.1,454.0,0.0,メイショウフジタカ,6.0
2020104089,ドンカルロ,2026/03/18,高知,雨,5.0,C1ー3,8,1.0,1,30.8,6.0,7,畑中信司,57.0,ダ,1600.0,重,109.5,2.3,8-8-7-8,40.8,454.0,-1.0,オリーブブランチ,
2020104089,ドンカルロ,2026/02/25,高知,曇,7.0,C1ー3,6,4.0,4,9.4,3.0,3,畑中信司,57.0,ダ,1600.0,不,105.9,1.1,4-4-4-4,39.9,455.0,-1.0,ビービーバシリス,22.5
2020104089,ドンカルロ,2026/02/11,高知,曇,5.0,日野未来高知ツアー特(C1),8,7.0,7,35.9,6.0,7,畑中信司,57.0,ダ,1300.0,重,86.1,2.6,8-8-7-7,40.5,456.0,-1.0,エイブリー,
2020104089,ドンカルロ,2026/02/02,高知,晴,5.0,C1C2混合,7,4.0,4,50.2,6.0,4,畑中信司,57.0,ダ,1400.0,良,92.5,2.3,7-6-6-5,39.3,457.0,0.0,スカンジナビア,13.5
2020104089,ドンカルロ,2026/01/21,高知,晴,5.0,C1ー4,7,1.0,1,22.6,6.0,7,中島龍也,57.0,ダ,1300.0,良,87.6,2.5,5-5-4-5,40.5,457.0,0.0,サラフォーコン,
2020104089,ドンカルロ,2025/12/29,高知,晴,5.0,C1ー6,11,2.0,2,14.2,6.0,5,永森大智,57.0,ダ,1400.0,良,93.4,0.9,9-9-9-6,39.5,457.0,-4.0,クラックオブドーン,9.0
2020104089,ドンカルロ,2025/12/13,高知,曇,5.0,玉島特別,11,6.0,6,110.4,10.0,11,赤岡修次,57.0,ダ,1600.0,良,110.4,2.9,10-10-9-11,41.5,461.0,3.0,オタマジャクシ,
2020104089,ドンカルロ,2025/11/30,高知,晴,3.0,C1ー7,10,7.0,8,3.2,2.0,5,畑中信司,57.0,ダ,1600.0,良,109.7,2.1,4-4-4-3,41.9,458.0,5.0,ヴィアダクト,9.0
2020104089,ドンカルロ,2025/11/15,高知,晴,10.0,C2ー2,11,8.0,11,8.7,4.0,2,永森大智,57.0,ダ,1600.0,重,106.7,0.2,5-5-4-3,40.6,453.0,-2.0,ユキノマリア,28.0
2020104089,ドンカルロ,2025/11/01,高知,晴,10.0,C2ー2,12,1.0,1,51.5,8.0,8,岡遼太郎,57.0,ダ,1300.0,不,85.4,1.3,11-10-10-9,39.0,455.0,3.0,テーオースパロー,
2020104089,ドンカルロ,2025/10/18,高知,曇,9.0,C2ー3,12,7.0,10,9.1,6.0,6,岡遼太郎,57.0,ダ,1400.0,稍,93.3,1.2,5-5-4-5,40.6,452.0,-1.0,ボブズヤアンクル,
2020104089,ドンカルロ,2025/10/04,高知,曇,10.0,スポーツの秋特別(C2),9,8.0,8,26.8,8.0,5,岡遼太郎,57.0,ダ,1600.0,重,108.4,2.2,9-9-8-5,42.2,453.0,3.0,モズイージス,13.0
2020104089,ドンカルロ,2025/09/21,高知,晴,8.0,C2ー4,10,2.0,2,15.4,5.0,2,郷間勇太,57.0,ダ,1300.0,稍,85.3,1.1,10-10-10-6,39.5,450.0,-3.0,スカイライト,28.0
2020104089,ドンカルロ,2025/09/06,高知,晴,8.0,C2ー4,11,7.0,8,5.6,3.0,6,畑中信司,57.0,ダ,1400.0,重,92.7,1.8,9-9-9-8,39.1,453.0,2.0,ハイエストポイント,
2020104089,ドンカルロ,2025/07/26,高知,曇,7.0,C2ー4,11,4.0,4,2.2,1.0,2,畑中信司,57.0,ダ,1600.0,重,106.4,0.6,8-8-8-8,40.2,451.0,-7.0,ゴーストバスター,28.0
2020104089,ドンカルロ,2025/06/21,3阪神5,晴,1.0,障害3歳以上OP,12,6.0,7,94.2,11.0,8,小野寺祐,60.0,障,3110.0,良,213.0,3.8,8-9-10-9,13.7,458.0,-2.0,マテンロウジョイ,
2020104089,ドンカルロ,2025/06/01,2京都12,曇,4.0,障害4歳以上OP,12,6.0,8,84.1,10.0,9,小野寺祐,60.0,障,3170.0,良,219.8,5.4,7-7-8-7,13.9,460.0,6.0,ディナースタ,
2020104089,ドンカルロ,2024/09/21,4中山6,曇,8.0,清秋ジャンプS(OP),12,5.0,5,89.4,12.0,11,中村将之,60.0,障,3210.0,良,217.3,8.0,11-12-11-11,13.5,454.0,4.0,スマイルスルー,
2020104089,ドンカルロ,2024/07/20,3小倉7,曇,1.0,障害3歳以上OP,10,4.0,4,35.5,8.0,中,小野寺祐,60.0,障,2860.0,稍,,,4-4,,450.0,-8.0,ファルコニア,
2020104089,ドンカルロ,2024/06/27,園田,曇,8.0,JRA交流円山川特別,9,6.0,6,10.6,3.0,5,永島まな,54.0,ダ,1400.0,良,92.6,1.8,9-7-5-5,39.4,458.0,-6.0,ドンカポノ,20.0
2020104089,ドンカルロ,2024/03/30,2阪神3,晴,8.0,三木ホースランドJS(OP),11,1.0,1,68.6,10.0,10,中村将之,59.0,障,3140.0,良,216.5,5.4,6-6-6-9,13.8,464.0,0.0,オールザワールド,
2020104089,ドンカルロ,2024/03/02,2小倉7,晴,4.0,障害4歳以上OP,12,6.0,7,8.3,4.0,11,小野寺祐,59.0,障,2860.0,稍,193.9,3.6,8-8-8-8,13.6,464.0,2.0,エンデュミオン,
2020104089,ドンカルロ,2023/12/28,5阪神9,晴,4.0,障害3歳以上未勝利,14,6.0,10,8.6,5.0,1,小野寺祐,58.0,障,2970.0,良,201.0,-0.3,4-3-2-1,13.5,462.0,2.0,(オールザワールド),790.0
2020104089,ドンカルロ,2023/11/18,3福島5,晴,4.0,障害3歳以上未勝利,14,3.0,4,4.0,2.0,10,平沢健治,58.0,障,2770.0,稍,191.3,4.8,3-4-7-8,13.8,460.0,10.0,ルヴェルディ,
2020104089,ドンカルロ,2023/10/09,4東京3,雨,4.0,障害3歳以上未勝利,12,7.0,9,20.0,6.0,2,小野寺祐,58.0,障,3000.0,稍,208.2,1.1,5-5-5-3,13.9,450.0,-2.0,イバル,320.0
2020104089,ドンカルロ,2023/06/17,1函館3,曇,12.0,3歳以上1勝クラス,14,4.0,6,29.1,9.0,11,池添謙一,55.0,ダ,1700.0,良,107.7,2.5,8-7-10-11,38.5,452.0,6.0,スマートサニー,
2020104089,ドンカルロ,2023/05/21,2東京10,曇,5.0,3歳1勝クラス,11,1.0,1,87.7,8.0,8,坂井瑠星,56.0,芝,1600.0,良,94.9,1.8,6-6,34.7,446.0,-4.0,シルトホルン,
2020104089,ドンカルロ,2023/03/15,姫路,晴,10.0,JRA交流書写山特別,11,8.0,10,1.8,1.0,1,坂井瑠星,55.0,ダ,1500.0,良,98.1,-0.5,2-2-2-2,40.7,450.0,2.0,(オリンポスカズマ),150.0
2020104089,ドンカルロ,2023/01/15,1中京6,晴,2.0,3歳未勝利,16,4.0,7,5.9,2.0,7,坂井瑠星,56.0,ダ,1400.0,稍,87.2,0.7,6-6,38.7,448.0,0.0,マーブルロック,
2020104089,ドンカルロ,2022/12/03,6阪神1,晴,2.0,2歳未勝利,14,4.0,5,2.7,2.0,3,坂井瑠星,55.0,ダ,1200.0,稍,73.9,0.5,5-4,37.3,448.0,2.0,ペプチドハドソン,130.0
2020104089,ドンカルロ,2022/11/12,5阪神3,晴,2.0,2歳未勝利,15,8.0,15,3.6,1.0,6,岩田望来,55.0,ダ,1400.0,良,86.7,2.2,6-7,38.1,446.0,-2.0,エンペラーワケア,
2020104089,ドンカルロ,2022/10/02,5中京9,晴,4.0,2歳新馬,13,8.0,13,5.9,3.0,2,岩田望来,55.0,ダ,1400.0,良,86.7,0.2,3-2,37.7,448.0,0.0,タガノエヴリン,280.0
2022104441,メルヘンライズ,2026/07/11,高知,晴,2.0,C3ー4,9,8.0,9,21.4,5.0,3,多田羅誠,55.0,ダ,1600.0,重,109.8,0.8,4-4-4-4,41.5,478.0,8.0,グランパリッシュ,18.0
2022104441,メルヘンライズ,2026/06/28,高知,曇,11.0,ファイナルレース(C3),12,6.0,8,15.0,7.0,10,山田義貴,55.0,ダ,1300.0,不,86.0,1.8,9-9-10-9,40.9,470.0,-5.0,クエンカ,
2022104441,メルヘンライズ,2026/06/13,高知,晴,11.0,ファイナルレース(C3),12,7.0,10,7.1,3.0,9,岡村卓弥,55.0,ダ,1400.0,稍,94.9,1.9,6-5-5-5,42.7,475.0,7.0,ヤマノインパクト,
2022104441,メルヘンライズ,2026/05/24,高知,曇,11.0,ファイナルレース(C3),12,5.0,5,15.8,7.0,2,上田将司,55.0,ダ,1400.0,不,90.5,0.1,3-3-2-2,39.6,468.0,-5.0,フロスティクォーツ,24.0
2022104441,メルヘンライズ,2026/05/10,高知,晴,1.0,C3ー14,9,7.0,7,67.4,5.0,5,岡村卓弥,55.0,ダ,1600.0,稍,110.4,3.4,4-4-4-6,41.8,473.0,6.0,プレジール,6.0
2022104441,メルヘンライズ,2026/04/25,高知,晴,8.0,C3ー8,8,7.0,7,,,取,上田将司,55.0,ダ,1400.0,不,,,,,,,ロイヤルダンス,
2022104441,メルヘンライズ,2026/04/11,高知,晴,11.0,ファイナルレース(C3),12,4.0,4,27.2,7.0,9,上田将司,55.0,ダ,1300.0,不,85.2,1.3,4-4-4-6,40.3,467.0,-3.0,カプセル,
2022104441,メルヘンライズ,2026/03/24,高知,晴,7.0,C3ー7,9,8.0,8,37.4,5.0,5,多田羅誠,55.0,ダ,1300.0,稍,86.0,1.8,3-3-2-3,40.2,470.0,0.0,デバッグ,6.0
2022104441,メルヘンライズ,2026/03/17,高知,晴,8.0,ファイナルレース(C3),12,5.0,6,8.0,3.0,2,多田羅誠,55.0,ダ,1400.0,良,95.0,1.7,4-4-5-3,41.4,470.0,0.0,テソリーノ,24.0
2022104441,メルヘンライズ,2026/03/03,高知,曇,3.0,C3ー7,8,3.0,3,65.2,7.0,4,加藤翔馬,55.0,ダ,1300.0,不,84.1,0.9,5-5-5-5,39.0,470.0,4.0,スタークルージング,9.0
2022104441,メルヘンライズ,2026/02/18,高知,晴,4.0,C3ー6,8,7.0,7,197.7,8.0,4,上田将司,55.0,ダ,1600.0,稍,109.3,0.8,4-4-5-7,41.5,466.0,-4.0,フリントロック,9.0
2022104441,メルヘンライズ,2026/02/03,高知,晴,4.0,C3ー6,8,4.0,4,98.1,6.0,5,多田羅誠,55.0,ダ,1400.0,良,93.2,2.1,6-5-4-5,39.7,470.0,1.0,スリーローズマリー,6.0
2022104441,メルヘンライズ,2026/01/20,高知,晴,11.0,ファイナルレース(C3),12,5.0,6,7.9,5.0,6,上田将司,55.0,ダ,1300.0,良,88.5,0.7,10-10-10-8,40.4,469.0,3.0,カズラポニアン,
2022104441,メルヘンライズ,2026/01/01,高知,晴,11.0,ファイナルレース(C3),12,1.0,1,6.7,3.0,6,上田将司,55.0,ダ,1300.0,良,87.1,1.4,5-4-4-3,40.8,466.0,-4.0,ポジティブガール,
2022104441,メルヘンライズ,2025/12/20,高知,曇,6.0,C3ー10,9,7.0,8,63.9,6.0,7,上田将司,55.0,ダ,1400.0,稍,96.9,2.8,2-2-3-5,44.3,470.0,-2.0,コールイングミー,
2022104441,メルヘンライズ,2025/12/07,高知,晴,11.0,ファイナルレース(C3),12,6.0,7,4.4,1.0,2,上田将司,55.0,ダ,1300.0,良,86.9,0.5,2-1-1-1,41.6,472.0,-4.0,アルデココ,24.0
2022104441,メルヘンライズ,2025/11/23,高知,晴,3.0,宗田節特別(C3),9,2.0,2,264.3,8.0,6,上田将司,55.0,ダ,1600.0,良,111.3,3.0,7-7-7-7,41.4,476.0,4.0,バックスクリーン,
2022104441,メルヘンライズ,2025/11/08,高知,晴,5.0,C3ー10,9,6.0,6,44.6,6.0,6,上田将司,55.0,ダ,1400.0,稍,93.9,2.4,2-2-2-5,41.5,472.0,4.0,ステラマテュティナ,
2022104441,メルヘンライズ,2025/10/25,高知,小雨,6.0,C3ー9,10,5.0,5,140.3,7.0,8,上田将司,55.0,ダ,1300.0,不,87.2,3.4,3-4-4-8,42.5,468.0,-5.0,スマートフランキー,
2022104441,メルヘンライズ,2025/10/11,高知,曇,4.0,C3ー11,10,7.0,8,78.7,7.0,5,上田将司,55.0,ダ,1600.0,稍,111.9,2.6,3-3-3-3,42.0,473.0,2.0,クエンカ,6.0
2022104441,メルヘンライズ,2025/09/28,高知,曇,10.0,C3ー11,11,5.0,6,14.1,3.0,9,上田将司,55.0,ダ,1400.0,不,95.1,3.0,4-4-3-7,43.0,471.0,-9.0,テーオーエメラルド,
2022104441,メルヘンライズ,2025/08/16,1札幌7,晴,2.0,3歳未勝利,14,7.0,11,8.6,5.0,13,横山武史,55.0,ダ,1700.0,良,110.5,4.2,5-5-5-9,42.5,480.0,16.0,サウンドルーチェ,
2022104441,メルヘンライズ,2025/06/14,1函館1,晴,4.0,3歳未勝利,15,3.0,5,14.2,6.0,9,横山武史,55.0,芝,1800.0,良,107.4,1.4,2-2-2-2,36.6,464.0,-4.0,ウインベラーノ,
2022104441,メルヘンライズ,2025/05/17,1新潟5,雨,5.0,3歳未勝利,16,4.0,8,11.7,5.0,4,横山琉人,54.0,芝,2000.0,稍,125.8,0.6,5-5-7-7,36.7,468.0,6.0,サンカシグレ,84.0
2022104441,メルヘンライズ,2025/04/19,1福島3,晴,5.0,3歳未勝利,15,2.0,4,11.0,5.0,4,横山琉人,54.0,芝,1800.0,良,108.7,0.2,5-5-7-5,35.2,462.0,-2.0,レッドシュテルン,84.0
2022104441,メルヘンライズ,2025/01/19,1中山7,小雨,12.0,3歳未勝利,16,7.0,13,9.9,6.0,12,菅原明良,55.0,芝,1600.0,良,96.5,0.8,7-6-8,35.9,464.0,-4.0,ショウナンマリーナ,
2022104441,メルヘンライズ,2024/12/21,5中山7,晴,5.0,2歳新馬,16,7.0,14,28.9,6.0,3,菅原明良,55.0,芝,1800.0,良,111.7,0.5,2-2-3-3,34.0,468.0,0.0,ジョスラン,180.0
2021104358,ノアファラオ,2026/07/11,高知,晴,3.0,C3ー3,10,7.0,8,91.6,9.0,9,大澤誠志,57.0,ダ,1600.0,重,113.7,4.5,8-6-6-7,43.6,475.0,-5.0,アルハイルフォート,
2021104358,ノアファラオ,2026/06/27,高知,曇,2.0,C3ー4,9,7.0,7,87.4,8.0,6,大澤誠志,57.0,ダ,1300.0,不,85.2,2.3,8-6-5-4,40.1,480.0,3.0,ソルデマジョ,
2021104358,ノアファラオ,2026/06/14,高知,曇,1.0,C3ー3,11,7.0,8,133.1,11.0,8,大澤誠志,57.0,ダ,1400.0,稍,95.8,3.4,7-7-8-8,42.2,477.0,1.0,エンドレステイル,
2021104358,ノアファラオ,2026/05/31,高知,晴,11.0,ファイナルレース(C3),11,4.0,4,61.8,9.0,11,妹尾浩一,57.0,ダ,1300.0,稍,88.2,2.9,11-7-9-10,42.3,476.0,-1.0,ドンクロノス,
2021104358,ノアファラオ,2026/05/17,高知,晴,5.0,C3ー4,9,3.0,3,103.8,8.0,8,妹尾浩一,57.0,ダ,1400.0,良,96.3,3.6,5-4-4-6,43.4,477.0,2.0,スナークシュンソウ,
2021104358,ノアファラオ,2026/05/02,高知,晴,3.0,C3ー4,9,8.0,8,266.6,9.0,7,木村直輝,57.0,ダ,1600.0,重,110.2,5.8,5-5-6-8,43.5,475.0,1.0,ララマルシュドロワ,
2021104358,ノアファラオ,2026/04/19,高知,曇,5.0,C3ー4,8,7.0,7,52.2,8.0,8,妹尾浩一,57.0,ダ,1400.0,重,98.4,7.0,3-4-4-6,46.6,474.0,-2.0,サノノアメリカン,
2021104358,ノアファラオ,2026/04/05,高知,晴,5.0,C3ー3,10,3.0,3,48.2,6.0,9,妹尾浩一,57.0,ダ,1300.0,不,86.8,4.4,5-4-3-7,42.2,476.0,0.0,デバッグ,
2021104358,ノアファラオ,2026/03/24,高知,晴,10.0,ソメイヨシノ特別(C3),9,2.0,2,125.8,9.0,9,妹尾浩一,57.0,ダ,1600.0,稍,114.8,8.0,6-6-9-9,47.3,476.0,3.0,プリンセスダイヤ,
2021104358,ノアファラオ,2026/03/02,高知,雨,9.0,ファイナルレース(C3),12,4.0,4,5.4,3.0,1,妹尾浩一,57.0,ダ,1300.0,不,83.8,-0.2,1-1-1-1,39.6,473.0,1.0,(イッパツギャクテン),60.0
2021104358,ノアファラオ,2026/02/18,高知,晴,5.0,C3ー5,10,5.0,5,315.2,10.0,10,妹尾浩一,57.0,ダ,1600.0,稍,111.8,3.8,8-8-8-9,42.0,472.0,1.0,ビーム,
2021104358,ノアファラオ,2026/02/03,高知,晴,5.0,C3ー5,9,7.0,7,111.7,5.0,5,妹尾浩一,57.0,ダ,1400.0,良,93.1,1.0,5-5-5-4,40.3,471.0,0.0,ゼンノソブリン,6.0
2021104358,ノアファラオ,2026/01/26,高知,晴,4.0,C3ー6,8,7.0,7,428.6,8.0,6,木村直輝,57.0,ダ,1600.0,良,109.3,1.9,4-4-4-4,40.0,471.0,0.0,ナバロン,
2021104358,ノアファラオ,2025/12/31,高知,晴,2.0,C3ー7,8,5.0,5,212.2,8.0,7,妹尾浩一,57.0,ダ,1300.0,良,89.3,3.3,8-7-7-7,42.4,471.0,0.0,アメリカンクール,
2021104358,ノアファラオ,2025/12/20,高知,曇,12.0,ファイナルレース(C3),12,3.0,3,22.5,11.0,12,井上瑛太,57.0,ダ,1400.0,稍,97.3,3.4,2-1-1-3,45.3,471.0,6.0,ナバロン,
2021104358,ノアファラオ,2025/12/06,高知,晴,7.0,C3ー8,11,7.0,8,476.2,11.0,9,林謙佑,57.0,ダ,1300.0,良,88.4,2.5,7-7-7-7,42.0,465.0,0.0,モーニングヘイズ,
2021104358,ノアファラオ,2025/11/23,高知,晴,7.0,C3ー8,10,7.0,8,191.3,8.0,6,妹尾浩一,57.0,ダ,1600.0,良,110.7,2.1,8-8-7-6,41.7,465.0,-3.0,ダノンファスト,
2021104358,ノアファラオ,2025/11/08,高知,晴,8.0,C3ー7,9,3.0,3,124.6,7.0,7,林謙佑,57.0,ダ,1400.0,稍,94.6,3.1,7-7-7-5,41.1,468.0,0.0,スマートフランキー,
2021104358,ノアファラオ,2025/10/25,高知,小雨,8.0,C3ー7,11,1.0,1,101.1,6.0,4,岡村卓弥,57.0,ダ,1300.0,不,85.6,2.1,6-5-6-4,39.5,468.0,-1.0,メイショウヨンク,9.0
2021104358,ノアファラオ,2025/10/11,高知,曇,7.0,C3ー8,9,2.0,2,51.5,5.0,7,岡村卓弥,57.0,ダ,1600.0,稍,111.3,2.9,4-4-3-3,43.2,469.0,-3.0,テーオーエメラルド,
2021104358,ノアファラオ,2025/09/27,高知,曇,11.0,ファイナルレース(C3),12,6.0,8,24.9,9.0,1,岡村卓弥,57.0,ダ,1400.0,不,93.4,-0.2,2-2-2-1,41.0,472.0,1.0,(ブラウナイル),60.0
2021104358,ノアファラオ,2025/09/13,高知,曇,5.0,C3ー11,11,4.0,4,295.7,9.0,7,妹尾浩一,57.0,ダ,1300.0,重,86.8,2.1,7-6-6-6,40.4,471.0,-1.0,ルミナスフラックス,
2021104358,ノアファラオ,2025/08/03,高知,晴,12.0,ファイナルレース(C3),12,6.0,8,6.7,3.0,5,井上瑛太,57.0,ダ,1400.0,良,94.4,1.2,5-6-5-6,42.3,472.0,3.0,オンテンバール,6.0
2021104358,ノアファラオ,2025/07/20,高知,晴,7.0,C3ー11,10,2.0,2,6.8,3.0,8,井上瑛太,57.0,ダ,1300.0,不,86.8,2.5,5-4-4-5,41.4,469.0,-5.0,カズラポニアン,
2021104358,ノアファラオ,2025/07/06,高知,晴,4.0,ぶしゅかん特別(C3),10,3.0,3,42.5,5.0,5,井上瑛太,57.0,ダ,800.0,良,50.2,0.7,6-4,37.0,474.0,1.0,イエルバブエナ,6.0
2021104358,ノアファラオ,2025/06/22,高知,曇,11.0,ファイナルレース(C3),12,5.0,5,7.8,4.0,8,井上瑛太,57.0,ダ,1400.0,重,93.4,1.6,4-4-3-5,42.3,473.0,8.0,メイクアストーリー,
2021104358,ノアファラオ,2025/06/08,高知,小雨,8.0,C3ー13,11,3.0,3,175.0,7.0,6,井上瑛太,57.0,ダ,1300.0,稍,86.4,2.1,7-7-8-7,40.0,465.0,-4.0,シャーマンズケイブ,
2021104358,ノアファラオ,2025/05/25,高知,晴,6.0,C3ー14,10,7.0,8,118.9,5.0,7,仲原大生,57.0,ダ,1400.0,不,93.6,2.7,5-5-5-5,42.9,469.0,1.0,クリノナイスガイ,
2021104358,ノアファラオ,2025/05/11,高知,雨,6.0,ハイワークス周年特別(C3),8,5.0,5,124.9,5.0,4,岡村卓弥,57.0,ダ,1300.0,不,85.1,2.0,5-5-5-4,39.1,468.0,-1.0,オセアダイナスティ,9.0
2021104358,ノアファラオ,2025/04/27,高知,晴,7.0,C3ー17,9,5.0,5,65.5,6.0,5,井上瑛太,57.0,ダ,1400.0,稍,95.4,4.4,5-5-5-4,42.5,469.0,0.0,スカイライト,6.0
2021104358,ノアファラオ,2025/04/12,高知,晴,11.0,ファイナルレース(C3),12,5.0,6,31.7,6.0,8,井上瑛太,57.0,ダ,1300.0,稍,89.3,2.7,7-7-6-7,43.0,469.0,4.0,ファストフィール,
2021104358,ノアファラオ,2025/03/26,高知,晴,2.0,C3ー10,12,5.0,6,25.4,4.0,4,井上瑛太,56.0,ダ,1400.0,良,96.3,0.8,7-7-7-7,41.8,465.0,5.0,アンコーナ,9.0
2021104358,ノアファラオ,2025/03/12,高知,曇,2.0,C3ー8,10,7.0,8,26.7,6.0,7,加藤翔馬,56.0,ダ,1400.0,重,95.2,3.6,7-7-6-7,41.3,460.0,-4.0,オセアダイナスティ,
2021104358,ノアファラオ,2025/03/05,高知,曇,9.0,ファイナルレース(C3),11,7.0,9,9.4,5.0,8,林謙佑,56.0,ダ,1400.0,不,91.9,2.6,10-9-8-7,40.5,464.0,2.0,モノノフゴールド,
2021104358,ノアファラオ,2025/02/18,高知,晴,9.0,ファイナルレース(C3),12,4.0,4,35.1,12.0,12,岡村卓弥,56.0,ダ,1400.0,稍,96.5,2.1,5-5-5-5,43.7,462.0,2.0,ライヴァル,
2021104358,ノアファラオ,2025/02/05,高知,晴,2.0,C3ー11,11,8.0,11,91.2,9.0,4,岡村卓弥,56.0,ダ,1400.0,重,95.0,1.0,5-5-5-4,42.4,460.0,2.0,ラブビーチ,9.0
2021104358,ノアファラオ,2025/01/22,高知,晴,2.0,えひめまどんな特別(C3),8,5.0,5,6.6,3.0,8,岡村卓弥,56.0,ダ,1400.0,良,98.7,3.5,3-3-3-5,45.1,458.0,-3.0,コーンウォリス,
2021104358,ノアファラオ,2025/01/06,高知,晴,9.0,ファイナルレース(C3),10,1.0,1,13.3,9.0,10,井上瑛太,56.0,ダ,1300.0,重,87.7,2.7,7-7-7-8,42.4,461.0,5.0,リリーフューシャ,
2021104358,ノアファラオ,2024/12/31,高知,晴,2.0,C3ー13,8,5.0,5,4.7,2.0,2,井上瑛太,56.0,ダ,1300.0,良,89.4,0.3,2-2-2-2,41.0,456.0,-4.0,メイユーヴ,21.0
2021104358,ノアファラオ,2024/12/21,高知,晴,11.0,ファイナルレース(C3),12,5.0,6,8.1,4.0,9,岡村卓弥,56.0,ダ,1300.0,良,88.7,1.4,6-5-5-5,42.3,460.0,3.0,インフォーカス,
2021104358,ノアファラオ,2024/12/08,高知,晴,3.0,C3ー20,9,8.0,9,2.8,1.0,2,岡村卓弥,56.0,ダ,1400.0,良,95.2,0.1,2-3-3-2,42.6,457.0,2.0,センチュリクィーン,21.0
2021104358,ノアファラオ,2024/11/24,高知,晴,3.0,C3ー20,11,6.0,6,47.2,4.0,5,高野誠毅,56.0,ダ,1300.0,良,88.8,4.7,7-7-6-6,42.8,455.0,-11.0,メイショウドヒョウ,6.0
2021104358,ノアファラオ,2024/11/10,高知,曇,2.0,C3ー19,10,7.0,8,3.0,2.0,3,高野誠毅,56.0,ダ,1400.0,稍,95.2,2.3,4-4-3-3,43.3,466.0,2.0,ミリオンタイムズ,12.0
2021104358,ノアファラオ,2024/09/01,3新潟8,晴,8.0,3歳以上1勝クラス,12,4.0,4,354.9,11.0,12,小林脩斗,53.0,ダ,1800.0,良,118.2,5.3,3-4-5-6,42.6,464.0,6.0,ノーブルラン,
2021104358,ノアファラオ,2024/08/04,2新潟4,晴,4.0,3歳未勝利,15,5.0,9,186.8,12.0,8,小林脩斗,55.0,ダ,1800.0,良,116.6,2.3,8-8-7-7,39.8,458.0,6.0,アンドゥーラ,
2021104358,ノアファラオ,2024/06/29,2福島1,晴,3.0,3歳未勝利,15,3.0,5,214.2,14.0,8,柴田善臣,57.0,ダ,1700.0,良,109.5,1.9,13-13-15-15,39.3,452.0,4.0,レボルシオン,
2021104358,ノアファラオ,2024/03/31,3中山4,晴,1.0,3歳未勝利,13,8.0,13,270.6,12.0,12,柴田善臣,57.0,ダ,1800.0,稍,120.2,5.1,2-2-3-11,44.4,448.0,0.0,ザロック,
2021104358,ノアファラオ,2024/02/24,2小倉5,晴,1.0,3歳未勝利,16,2.0,4,228.1,14.0,12,黛弘人,57.0,ダ,1700.0,重,108.5,4.1,8-6-6-6,41.1,448.0,-4.0,キングベルベット,
2021104358,ノアファラオ,2024/01/21,1中山7,雨,3.0,3歳未勝利,16,1.0,1,265.5,13.0,8,柴田善臣,57.0,ダ,1800.0,不,116.5,2.7,4-4-4-3,41.5,452.0,2.0,ラムゼイテソーロ,
2021104358,ノアファラオ,2024/01/06,1中山1,晴,4.0,3歳新馬,16,1.0,1,148.6,15.0,9,柴田善臣,57.0,ダ,1800.0,良,119.5,1.7,11-10-11-10,39.7,450.0,0.0,マコタイガ,
2018106865,シンゼンシャイン,2026/06/27,高知,曇,1.0,C3ー5,9,7.0,7,5.8,3.0,2,城野慈尚,56.0,ダ,1300.0,不,83.6,1.5,1-1-1-2,40.2,517.0,18.0,グリントリッター,24.0
2018106865,シンゼンシャイン,2026/05/29,園田,晴,11.0,第31回大日本プロレ(B1B2),11,8.0,12,107.8,8.0,6,南部楓馬,53.0,ダ,820.0,稍,50.6,0.7,6-6,36.3,499.0,-10.0,アンコロ,
2018106865,シンゼンシャイン,2026/05/05,園田,晴,9.0,B2,9,5.0,5,103.2,9.0,7,山本咲希,57.0,ダ,820.0,稍,51.4,0.8,1-1,37.4,509.0,3.0,ラブラブフォー,
2018106865,シンゼンシャイン,2026/04/16,園田,晴,10.0,青馬ひすみ☆配信記念(B1B2),12,4.0,4,156.4,8.0,11,岡村卓弥,56.0,ダ,820.0,稍,53.4,3.5,4-4,39.3,506.0,1.0,サンウイキョウ,
2018106865,シンゼンシャイン,2026/03/26,園田,曇,10.0,忘れな草賞B1B2,11,8.0,11,40.4,6.0,4,山本咲希,56.0,ダ,820.0,重,51.1,1.4,3-3,37.1,505.0,-11.0,サンウイキョウ,22.5
2018106865,シンゼンシャイン,2026/01/20,姫路,晴,9.0,B2,9,5.0,5,60.8,7.0,6,山本咲希,57.0,ダ,800.0,良,51.4,1.4,3-3,37.7,516.0,9.0,スマートメイス,
2018106865,シンゼンシャイン,2025/12/30,園田,曇,12.0,プリンセチア賞B2,12,6.0,7,10.1,4.0,3,山本咲希,57.0,ダ,820.0,稍,51.1,0.6,1-1,37.0,507.0,3.0,プッシュユアセルフ,32.5
2018106865,シンゼンシャイン,2025/12/16,園田,晴,12.0,B2,12,7.0,9,15.9,5.0,4,大山龍太,57.0,ダ,820.0,良,51.2,0.4,5-4,36.9,504.0,0.0,アポストロフィー,21.0
2018106865,シンゼンシャイン,2025/11/26,園田,曇,10.0,駆けろパカっと錦秋賞(B2),12,3.0,3,128.6,10.0,3,大山龍太,57.0,ダ,820.0,稍,51.5,0.8,6-4,37.0,504.0,3.0,アンコロ,35.0
2018106865,シンゼンシャイン,2025/11/11,園田,晴,11.0,お陰様で20歳!淡路(B2),12,1.0,1,66.1,10.0,11,大山龍太,57.0,ダ,1230.0,稍,83.8,2.8,5-3-2-2,43.3,501.0,1.0,ゼンダンノハゲミ,
2018106865,シンゼンシャイン,2025/10/17,園田,晴,9.0,B2,11,4.0,4,3.7,2.0,9,大山龍太,57.0,ダ,820.0,良,52.0,1.2,2-2,37.7,500.0,2.0,ジューンコメット,
2018106865,シンゼンシャイン,2025/09/26,園田,曇,10.0,勝浦正樹☆来場記念B(B2),12,5.0,6,4.1,3.0,2,大山龍太,57.0,ダ,820.0,稍,50.4,0.0,3-3,36.2,498.0,-15.0,リュヌダムール,56.0
2018106865,シンゼンシャイン,2025/09/04,園田,曇,9.0,B2,9,5.0,5,8.3,4.0,3,鴨宮祥行,57.0,ダ,820.0,良,50.6,1.1,4-3,36.3,513.0,13.0,イントゥザフロー,35.0
2018106865,シンゼンシャイン,2025/07/30,園田,晴,10.0,B2,9,2.0,2,13.3,6.0,7,長谷部駿,57.0,ダ,1230.0,良,81.4,1.6,1-1-1-1,40.6,500.0,8.0,カルラファクター,
2018106865,シンゼンシャイン,2025/06/29,2小倉2,晴,8.0,3歳以上1勝クラス,14,7.0,11,233.2,14.0,14,河原田菜,54.0,ダ,1000.0,良,60.8,2.9,5-6,37.7,492.0,-2.0,ディーエスショウマ,
2018106865,シンゼンシャイン,2025/03/29,2中京5,晴,12.0,4歳以上1勝クラス,16,3.0,6,111.6,11.0,14,小沢大仁,58.0,ダ,1200.0,稍,74.7,2.5,3-4,39.9,494.0,-8.0,ダズリングダンス,
2018106865,シンゼンシャイン,2025/02/16,1小倉8,曇,3.0,4歳以上1勝クラス,14,4.0,6,99.0,12.0,13,今村聖奈,55.0,ダ,1000.0,良,59.9,1.7,2-2,37.4,502.0,-8.0,ジェネラーレ,
2018106865,シンゼンシャイン,2025/02/02,1小倉4,曇,3.0,4歳以上1勝クラス,14,8.0,14,31.4,10.0,12,小沢大仁,57.0,ダ,1000.0,不,58.8,1.6,6-6,36.4,510.0,-2.0,ジェイエルバルカー,
2018106865,シンゼンシャイン,2024/08/25,2札幌6,晴,7.0,3歳以上1勝クラス,12,6.0,8,33.7,8.0,6,古川吉洋,58.0,ダ,1000.0,良,60.5,0.8,3-2,36.5,512.0,0.0,ペプチドシュチク,
2018106865,シンゼンシャイン,2024/08/17,2札幌3,曇,8.0,3歳以上1勝クラス,12,6.0,8,21.2,6.0,11,川端海翼,55.0,ダ,1000.0,良,60.9,1.3,1-1,37.6,512.0,4.0,ブレーザー,
2018106865,シンゼンシャイン,2024/08/03,1札幌5,晴,7.0,3歳以上1勝クラス,11,8.0,10,21.3,5.0,3,川端海翼,55.0,ダ,1000.0,良,59.4,0.3,2-1,36.0,508.0,-6.0,セッテイロク,200.0
2018106865,シンゼンシャイン,2024/06/22,1函館5,曇,8.0,3歳以上1勝クラス,12,7.0,10,38.7,7.0,7,今村聖奈,55.0,ダ,1000.0,良,59.9,0.8,2-2,36.7,514.0,0.0,サザンカ,
2018106865,シンゼンシャイン,2024/06/09,1函館2,小雨,7.0,3歳以上1勝クラス,10,1.0,1,16.5,6.0,6,今村聖奈,55.0,ダ,1000.0,良,60.0,1.2,8-8,36.0,514.0,2.0,レアグリフォン,
2018106865,シンゼンシャイン,2024/03/03,2小倉8,曇,3.0,4歳以上1勝クラス,14,4.0,5,4.2,2.0,10,小沢大仁,57.0,ダ,1000.0,稍,59.2,0.8,5-5,36.6,512.0,6.0,アネモス,
2018106865,シンゼンシャイン,2024/02/11,2小倉2,晴,3.0,4歳以上1勝クラス,14,5.0,7,18.3,7.0,2,小沢大仁,57.0,ダ,1000.0,良,58.5,0.1,1-1,35.8,506.0,-8.0,マリブパイン,320.0
2018106865,シンゼンシャイン,2024/01/28,1小倉6,曇,3.0,4歳以上1勝クラス,14,7.0,12,28.0,9.0,3,小沢大仁,57.0,ダ,1000.0,良,59.5,1.4,3-2,36.5,514.0,2.0,マキアージュ,200.0
2018106865,シンゼンシャイン,2023/12/09,4中京3,晴,6.0,3歳以上1勝クラス,16,2.0,3,110.6,14.0,7,角田大和,57.0,ダ,1200.0,良,73.7,1.3,11-10,38.1,512.0,6.0,ストリンジェンド,
2018106865,シンゼンシャイン,2023/08/27,3小倉6,晴,12.0,3歳以上1勝クラス,14,5.0,8,11.4,3.0,11,太宰啓介,58.0,ダ,1000.0,良,59.2,1.3,2-2,36.7,506.0,0.0,フォルティーナ,
2018106865,シンゼンシャイン,2023/08/13,3小倉2,晴,12.0,3歳以上1勝クラス,14,4.0,5,64.2,11.0,4,川端海翼,55.0,ダ,1000.0,良,58.6,0.6,6-6,35.0,506.0,10.0,ダノンセシボン,120.0
2018106865,シンゼンシャイン,2023/05/14,1新潟6,晴,8.0,4歳以上1勝クラス,15,6.0,10,15.9,8.0,15,角田大和,57.0,ダ,1200.0,良,73.8,1.9,2-2,39.2,496.0,-6.0,ネオレインボウ,
2018106865,シンゼンシャイン,2023/01/18,名古屋,曇,11.0,金シャチJkオールス(B),12,5.0,5,11.8,6.0,2,丸野勝虎,56.0,ダ,1500.0,重,97.0,0.2,1-1-1,40.1,502.0,-3.0,エディッタ,23.1
2018106865,シンゼンシャイン,2023/01/06,名古屋,曇,12.0,福笑い賞(B),10,2.0,2,3.2,1.0,4,岡部誠,56.0,ダ,1700.0,良,111.8,0.8,1-1-1,40.8,505.0,5.0,ビッグベッター,5.2
2018106865,シンゼンシャイン,2022/12/21,名古屋,晴,9.0,おおいぬ座特別(B),10,3.0,3,13.1,6.0,5,加藤聡一,56.0,ダ,1500.0,良,97.2,1.5,4-4-4,39.7,500.0,2.0,メルト,5.4
2018106865,シンゼンシャイン,2022/12/08,名古屋,晴,2.0,C6組,12,4.0,4,1.3,1.0,1,岡部誠,56.0,ダ,1500.0,良,97.4,-0.6,1-1-1,39.4,498.0,-8.0,(トーセンエリザベス),35.0
2018106865,シンゼンシャイン,2022/11/25,名古屋,晴,2.0,C7組,12,8.0,11,3.2,2.0,2,岡部誠,56.0,ダ,1500.0,重,98.1,0.2,2-1-1,39.4,506.0,5.0,リュクスガレリア,11.6
2018106865,シンゼンシャイン,2022/06/28,笠松,晴,8.0,A4・B3組特選(AB),9,4.0,4,5.9,3.0,4,岡部誠,56.0,ダ,1400.0,良,94.1,1.5,1-1-1,41.0,501.0,-8.0,ナリノクリスティー,4.5
2018106865,シンゼンシャイン,2022/06/09,名古屋,晴,9.0,B6組,12,5.0,6,5.0,2.0,6,岡部誠,56.0,ダ,1500.0,良,97.1,0.4,2-2-1,40.1,509.0,-7.0,メジャータイム,
2018106865,シンゼンシャイン,2022/05/19,名古屋,晴,10.0,B7組,9,8.0,9,2.3,1.0,3,岡部誠,56.0,ダ,1500.0,良,97.5,0.6,1-1-1,41.2,516.0,2.0,エッグベネディクト,8.0
2018106865,シンゼンシャイン,2022/04/25,名古屋,晴,10.0,B7組,12,7.0,9,2.8,1.0,12,岡部誠,56.0,ダ,1700.0,稍,119.2,7.4,9-8-10,46.2,514.0,-3.0,ハローキャシー,
2018106865,シンゼンシャイン,2022/04/15,笠松,曇,11.0,花吹雪特別(AB),9,3.0,3,2.2,1.0,4,岡部誠,56.0,ダ,1400.0,良,91.2,1.0,2-1-1,39.9,517.0,6.0,ウエスタンカッター,6.0
2018106865,シンゼンシャイン,2022/03/11,名古屋,晴,9.0,ありがとう!たくさん(B),8,4.0,4,2.0,1.0,2,岡部誠,56.0,ダ,1600.0,良,106.7,0.3,1-1-1,41.2,511.0,-1.0,パラダイスアレイ,11.5
2018106865,シンゼンシャイン,2022/02/18,名古屋,晴,6.0,C2組,9,3.0,3,1.3,1.0,2,岡部誠,56.0,ダ,1400.0,良,93.4,0.2,1-1-1,41.2,512.0,3.0,ビッケ,11.2
2018106865,シンゼンシャイン,2022/01/21,名古屋,晴,9.0,七里の渡し特別(C),10,8.0,10,3.1,2.0,7,岡部誠,56.0,ダ,1800.0,良,125.5,3.2,1-1-2,45.5,509.0,-2.0,ウォーターボンボン,
2018106865,シンゼンシャイン,2022/01/03,名古屋,晴,3.0,C6組,9,7.0,7,1.0,1.0,1,岡部誠,56.0,ダ,1400.0,良,91.8,-1.4,1-1-1,39.1,511.0,-8.0,(トウカイマーレ),32.0
2018106865,シンゼンシャイン,2021/12/23,名古屋,晴,6.0,C11組,10,3.0,3,1.1,1.0,1,岡部誠,56.0,ダ,1400.0,重,92.4,-2.0,1-1-1,39.9,519.0,21.0,(プロデューサー),32.0
2018106865,シンゼンシャイン,2021/09/04,4小倉7,曇,6.0,3歳未勝利,14,4.0,5,4.5,2.0,7,角田大和,53.0,ダ,1000.0,重,59.4,1.6,9-7,35.8,498.0,6.0,ララシャンドン,
2018106865,シンゼンシャイン,2021/08/14,4小倉1,雨,3.0,3歳未勝利,14,4.0,5,5.0,2.0,2,角田大和,53.0,ダ,1000.0,不,58.9,0.1,1-1,36.4,492.0,0.0,アシタバ,200.0
2018106865,シンゼンシャイン,2021/07/17,3小倉5,小雨,4.0,3歳未勝利,14,5.0,8,10.4,4.0,2,角田大和,53.0,ダ,1000.0,良,59.6,0.1,1-1,37.1,492.0,8.0,タガノマーチ,200.0
2018106865,シンゼンシャイン,2020/10/11,4京都2,晴,1.0,2歳未勝利,16,6.0,11,13.2,8.0,14,幸英明,55.0,ダ,1200.0,重,73.8,2.0,2-3,38.8,484.0,-6.0,ショウナンバサロ,
2018106865,シンゼンシャイン,2020/09/12,2中京1,晴,2.0,2歳未勝利,15,5.0,9,8.1,4.0,5,幸英明,54.0,ダ,1400.0,重,85.8,1.1,3-2,38.9,490.0,-6.0,カレンロマチェンコ,51.0
2018106865,シンゼンシャイン,2020/08/08,2新潟5,雨,5.0,2歳新馬,18,8.0,16,16.3,6.0,15,幸英明,54.0,芝,1600.0,稍,99.6,2.8,8-7,37.4,496.0,0.0,ストゥーティ,
2022102333,ケーニッヒブルート,2026/07/12,高知,曇,5.0,スイレン特別(C3),8,6.0,6,11.4,5.0,6,赤岡修次,57.0,ダ,1600.0,稍,107.7,2.1,7-7-7-5,41.5,473.0,-2.0,シュプリンガー,
2022102333,ケーニッヒブルート,2026/06/20,高知,雨,1.0,C3ー10,8,7.0,7,2.2,2.0,1,赤岡修次,57.0,ダ,1600.0,重,108.5,-1.4,2-1-1-1,39.9,475.0,9.0,(ロードステイタス),60.0
2022102333,ケーニッヒブルート,2026/06/06,高知,曇,5.0,C3ー9,11,6.0,6,55.3,9.0,3,西森将司,57.0,ダ,1300.0,不,84.2,1.4,7-7-6-4,38.2,466.0,0.0,コパノハンプトン,18.0
2022102333,ケーニッヒブルート,2026/05/09,高知,晴,5.0,C3ー10,12,5.0,5,4.0,2.0,9,赤岡修次,57.0,ダ,1300.0,稍,88.6,1.8,9-7-6-4,42.6,466.0,-2.0,ドゥラルーナ,
2022102333,ケーニッヒブルート,2026/04/25,高知,晴,6.0,C3ー10,11,2.0,2,2.0,2.0,6,赤岡修次,57.0,ダ,1400.0,不,91.8,0.5,3-3-2-2,40.9,468.0,0.0,ブルームソング,
2022102333,ケーニッヒブルート,2026/04/11,高知,晴,5.0,C3ー11,9,2.0,2,5.7,3.0,2,赤岡修次,57.0,ダ,1300.0,不,83.6,0.0,3-2-2-1,37.5,468.0,-3.0,インユアアイズ,24.0
2022102333,ケーニッヒブルート,2025/10/25,高知,曇,1.0,C3ー13,11,7.0,8,33.3,5.0,2,井上瑛太,57.0,ダ,1600.0,不,108.4,0.3,1-1-1-1,38.7,471.0,-1.0,エイブリー,24.0
2022102333,ケーニッヒブルート,2025/10/11,高知,曇,4.0,C3ー11,10,6.0,6,2.3,2.0,4,井上瑛太,57.0,ダ,1600.0,稍,111.3,2.0,7-8-7-6,40.5,472.0,2.0,クエンカ,9.0
2022102333,ケーニッヒブルート,2025/09/27,高知,曇,4.0,3歳ー1,12,6.0,8,9.1,4.0,2,井上瑛太,57.0,ダ,1300.0,不,85.5,0.3,8-7-8-3,39.4,470.0,-13.0,クエンカ,24.0
2022102333,ケーニッヒブルート,2025/09/14,高知,晴,9.0,3歳ー2,12,5.0,5,4.0,1.0,8,畑中信司,57.0,ダ,1400.0,重,94.1,2.0,7-5-5-6,40.7,483.0,15.0,コパノジェームス,
2022102333,ケーニッヒブルート,2025/08/02,高知,晴,1.0,3歳ー7,9,2.0,2,1.7,1.0,1,畑中信司,57.0,ダ,1600.0,良,108.9,-0.1,4-4-4-3,40.6,468.0,-5.0,(シャンクドール),60.0
2022102333,ケーニッヒブルート,2025/07/20,高知,晴,4.0,ウナギ特別(3歳),10,5.0,5,5.4,3.0,2,畑中信司,57.0,ダ,1600.0,不,104.7,0.1,4-4-4-3,39.2,473.0,3.0,ナムラクレープ,24.0
2022102333,ケーニッヒブルート,2025/07/06,高知,晴,2.0,3歳ー6,7,4.0,4,2.3,1.0,1,畑中信司,57.0,ダ,1600.0,良,108.0,-0.1,3-3-3-3,38.9,470.0,-2.0,(アツィオーネ),60.0
2022102333,ケーニッヒブルート,2025/06/21,高知,曇,1.0,3歳ー7,10,8.0,9,1.8,1.0,2,畑中信司,57.0,ダ,1600.0,良,108.4,0.2,4-4-3-2,42.4,472.0,-4.0,エイブリー,24.0
2022102333,ケーニッヒブルート,2025/05/24,高知,雨,1.0,3歳ー3,10,6.0,6,7.2,3.0,2,畑中信司,57.0,ダ,1300.0,不,83.7,1.1,5-5-4-2,39.9,476.0,-3.0,イットウショウグウ,24.0
2022102333,ケーニッヒブルート,2025/05/11,高知,小雨,2.0,3歳ー5,10,7.0,8,2.0,2.0,1,畑中信司,57.0,ダ,1600.0,不,108.5,-0.1,2-2-2-2,37.5,479.0,-2.0,(ケンザン),60.0
2022102333,ケーニッヒブルート,2025/04/27,高知,晴,2.0,3歳ー4,8,7.0,7,1.5,1.0,2,畑中信司,57.0,ダ,1300.0,稍,88.0,0.2,4-3-3-4,40.9,481.0,-10.0,ボンジュールゼン,24.0
2022102333,ケーニッヒブルート,2025/04/13,高知,曇,1.0,3歳ー6,11,7.0,8,3.9,2.0,2,畑中信司,57.0,ダ,1400.0,不,90.4,0.6,5-5-3-2,39.5,491.0,3.0,ムタビリス,24.0
2022102333,ケーニッヒブルート,2025/03/15,2中山5,曇,5.0,3歳未勝利,18,3.0,6,472.7,17.0,9,宮崎北斗,57.0,芝,2200.0,良,135.9,2.1,15-15-17-16,35.7,488.0,-22.0,レッドバンデ,
2022102333,ケーニッヒブルート,2025/01/26,1中山9,晴,3.0,3歳未勝利,15,4.0,6,242.3,13.0,11,宮崎北斗,57.0,ダ,1800.0,良,118.0,3.6,12-12-13-11,40.7,510.0,26.0,ロッシニアーナ,
2022102333,ケーニッヒブルート,2024/11/23,5東京7,晴,5.0,2歳新馬,15,6.0,10,49.7,11.0,中,横山武史,56.0,芝,1600.0,良,,,15,,484.0,0.0,グーテンベルク,
2021103482,ウインドファルクス,2026/06/13,高知,晴,2.0,C3ー4,10,8.0,11,1.3,1.0,2,城野慈尚,56.0,ダ,1400.0,稍,94.3,0.2,2-2-2-2,42.2,504.0,10.0,コンジャンクション,24.0
2021103482,ウインドファルクス,2026/05/10,2東京6,晴,7.0,4歳以上1勝クラス,16,8.0,15,231.1,15.0,16,佐々木大,58.0,ダ,1300.0,良,80.7,2.0,6-8,37.5,494.0,-4.0,キミハスコール,
2021103482,ウインドファルクス,2026/04/19,1福島4,晴,12.0,4歳以上1勝クラス,15,5.0,8,59.6,10.0,11,田山旺佑,55.0,ダ,1150.0,良,69.5,1.1,9-10,37.3,498.0,0.0,キーガッツ,
2021103482,ウインドファルクス,2026/04/05,3中山4,晴,8.0,4歳以上1勝クラス,16,2.0,3,143.4,15.0,8,舟山瑠泉,56.0,ダ,1200.0,重,72.1,1.3,11-10,36.9,498.0,9.0,イノキ,
2021103482,ウインドファルクス,2026/03/19,園田,曇,11.0,JRA交流藻川特別,11,5.0,5,26.7,10.0,5,廣瀬航,57.0,ダ,1400.0,重,90.9,0.8,5-5-5-6,40.1,489.0,-5.0,ワンダーブリング,20.0
2021103482,ウインドファルクス,2026/02/10,1東京4,曇,12.0,4歳以上1勝クラス,16,5.0,9,69.7,12.0,11,佐々木大,58.0,ダ,1300.0,稍,80.7,1.3,14-15,36.8,494.0,-28.0,キタノライブリー,
2021103482,ウインドファルクス,2025/11/13,門別,晴,8.0,最後までおトクなSP(B4),13,4.0,5,2.0,1.0,1,松井伸也,57.0,ダ,1200.0,稍,74.7,0.0,5-1,38.1,522.0,6.0,(リュウジンオー),65.0
2021103482,ウインドファルクス,2025/10/28,門別,晴,10.0,グランシャリオドリー(C2),12,8.0,11,1.7,1.0,1,石川倭,57.0,ダ,1200.0,稍,74.4,0.0,2-2,38.0,516.0,-6.0,(ヤマトオーザー),55.0
2021103482,ウインドファルクス,2025/10/14,門別,晴,9.0,ホクレンSS特別(C2),11,7.0,9,4.9,3.0,2,石川倭,57.0,ダ,1200.0,稍,74.6,0.3,3-1,38.8,522.0,8.0,アーロッタレット,15.4
2021103482,ウインドファルクス,2025/09/25,門別,晴,6.0,3歳以上C3ー2C4,12,5.0,6,1.9,1.0,1,石川倭,57.0,ダ,1200.0,不,73.3,-0.4,1-1,37.6,514.0,2.0,(リコーミカ),40.0
2021103482,ウインドファルクス,2025/09/11,門別,曇,9.0,農業大事じゃあーりま(C3),9,1.0,1,3.2,2.0,3,石川倭,57.0,ダ,1200.0,良,75.6,0.7,5-5,38.8,512.0,0.0,アーロッタレット,8.4
2021103482,ウインドファルクス,2025/08/26,門別,曇,6.0,新冠産米「判官伝説」(C4),12,7.0,9,2.6,2.0,1,石川倭,57.0,ダ,1200.0,良,75.6,-0.7,9-5,38.3,512.0,-8.0,(フォーチュンデイズ),40.0
2021103482,ウインドファルクス,2024/04/28,1新潟2,晴,3.0,3歳未勝利,14,8.0,15,94.7,11.0,14,西塚洸二,55.0,ダ,1800.0,良,119.7,4.8,1-1-3-7,43.5,520.0,-8.0,アスクデビューモア,
2021103482,ウインドファルクス,2024/04/06,3中山5,曇,6.0,3歳未勝利,14,3.0,5,83.6,9.0,6,菅原明良,57.0,ダ,1800.0,稍,117.2,2.0,5-4-4-5,39.5,528.0,-2.0,ロードレヴェランス,
2021103482,ウインドファルクス,2024/03/23,3中山1,曇,4.0,3歳未勝利,16,4.0,7,287.3,13.0,16,鮫島克駿,57.0,芝,1600.0,良,97.8,3.0,16-16-15,36.0,530.0,0.0,テセラリアン,
2021101266,クラウンクーロン,2026/07/11,高知,晴,10.0,ファイナルレース(C3),11,6.0,6,9.1,5.0,4,佐原秀泰,57.0,ダ,1600.0,重,108.5,1.5,4-3-3-2,42.3,468.0,0.0,セキショウイダイ,12.0
2021101266,クラウンクーロン,2026/06/28,高知,曇,11.0,ファイナルレース(C3),12,6.0,7,12.4,5.0,3,佐原秀泰,57.0,ダ,1300.0,不,84.7,0.5,4-5-4-4,40.5,468.0,-9.0,クエンカ,18.0
2021101266,クラウンクーロン,2026/06/13,高知,晴,1.0,C3ー5,10,3.0,3,110.9,8.0,3,佐原秀泰,57.0,ダ,1400.0,稍,94.8,1.7,1-1-1-2,42.1,477.0,2.0,ザセンチュリー,18.0
2021101266,クラウンクーロン,2026/03/10,高知,晴,4.0,C3ー3,11,6.0,7,87.7,10.0,10,佐原秀泰,57.0,ダ,1300.0,稍,88.6,2.7,6-6-6-7,42.9,475.0,3.0,ヒデノブルースカイ,
2021101266,クラウンクーロン,2026/02/23,高知,晴,6.0,C3ー3,10,8.0,9,141.1,8.0,5,佐原秀泰,57.0,ダ,1300.0,良,87.1,1.6,4-4-4-3,41.4,472.0,1.0,マサウッドテール,6.0
2021101266,クラウンクーロン,2026/02/10,高知,曇,6.0,C3ー3,9,8.0,8,77.8,7.0,5,近藤翔月,55.0,ダ,1300.0,良,86.7,1.0,4-4-5-4,40.7,471.0,2.0,メイショウホウセン,6.0
2021101266,クラウンクーロン,2026/01/26,高知,晴,11.0,ファイナルレース(C3),12,1.0,1,15.9,9.0,10,近藤翔月,55.0,ダ,1300.0,良,86.8,2.0,5-4-5-6,41.6,469.0,-4.0,ナンデフェスティヴ,
2021101266,クラウンクーロン,2026/01/11,高知,晴,11.0,ファイナルレース(C3),11,2.0,2,7.0,4.0,9,佐原秀泰,57.0,ダ,1600.0,良,111.6,3.1,6-6-8-11,43.7,473.0,0.0,オクトニオン,
2021101266,クラウンクーロン,2025/12/31,高知,晴,5.0,C3ー3,12,3.0,3,84.5,9.0,5,佐原秀泰,57.0,ダ,1400.0,良,94.9,2.1,7-4-4-5,41.2,473.0,-3.0,ポッドコンティ,6.0
2021101266,クラウンクーロン,2025/12/14,高知,晴,8.0,C3ー4,9,3.0,3,39.5,6.0,8,佐原秀泰,57.0,ダ,1300.0,稍,86.3,2.2,3-3-1-5,41.9,476.0,1.0,ロードフロイデ,
2021101266,クラウンクーロン,2025/11/29,高知,晴,9.0,C3ー4,10,4.0,4,43.1,6.0,5,佐原秀泰,57.0,ダ,1300.0,良,87.5,3.2,3-3-4-3,41.1,475.0,-6.0,スカンジナビア,6.0
2021101266,クラウンクーロン,2025/11/03,船橋,晴,7.0,キャロッタ&キャロッ(C1),12,8.0,12,23.4,6.0,5,本橋孝太,56.0,ダ,1200.0,稍,77.2,1.9,4-5-4,40.4,481.0,7.0,フィレタン,12.0
2021101266,クラウンクーロン,2025/09/29,船橋,晴,6.0,オリオンビール×MA(C1),12,2.0,2,55.6,8.0,6,所蛍,54.0,ダ,1200.0,良,75.6,1.9,8-8-7,38.2,474.0,0.0,アイスキング,
2021101266,クラウンクーロン,2025/08/27,船橋,晴,6.0,C1六七八ウ(C1七),12,5.0,6,82.0,9.0,4,所蛍,54.0,ダ,1200.0,良,75.5,1.2,3-3-3,38.5,474.0,1.0,ヒョンニム,18.0
2021101266,クラウンクーロン,2025/07/28,船橋,晴,12.0,C1四五六ウ(C1五),11,6.0,6,42.0,7.0,7,所蛍,54.0,ダ,1200.0,良,75.9,1.3,5-5-6,39.6,473.0,1.0,キングスバリー,
2021101266,クラウンクーロン,2025/07/04,船橋,晴,9.0,馬い!金ちゃん焼き芋(C1),11,3.0,3,24.6,7.0,8,所蛍,54.0,ダ,1600.0,良,105.3,1.5,6-5-5-4,40.4,472.0,4.0,ラスジャン,
2021101266,クラウンクーロン,2025/06/02,船橋,曇,5.0,C1四五六ア(C1五),11,6.0,8,7.1,3.0,3,所蛍,54.0,ダ,1500.0,稍,98.6,0.7,4-4-4-4,40.5,468.0,-1.0,ルタンアリュール,30.0
2021101266,クラウンクーロン,2025/05/05,船橋,晴,6.0,端午の節句賞(C1五),12,2.0,2,23.7,5.0,4,所蛍,54.0,ダ,1500.0,良,97.6,0.9,7-4-4-4,40.0,469.0,-6.0,ドレアンティア,19.5
2021101266,クラウンクーロン,2025/03/31,船橋,曇,10.0,崎の向こうに広がる未(C1五),14,3.0,3,217.5,11.0,5,所蛍,54.0,ダ,1500.0,良,97.9,0.5,4-4-4-3,40.1,475.0,5.0,バーリフレイバー,12.0
2021101266,クラウンクーロン,2025/03/10,船橋,晴,12.0,うお座賞(C1),9,6.0,6,45.1,9.0,6,所蛍,54.0,ダ,1500.0,稍,99.6,1.8,5-4-6-7,40.2,470.0,4.0,シーニックビュー,
2021101266,クラウンクーロン,2025/02/24,浦和,晴,7.0,はろはろー♪アイネス(C1),12,2.0,2,12.4,4.0,6,所蛍,54.0,ダ,1400.0,良,92.3,1.9,5-6-5-8,41.4,466.0,-9.0,ウルトラワールド,
2021101266,クラウンクーロン,2025/02/10,船橋,晴,7.0,C1四五六イ(C1五),12,1.0,1,21.2,7.0,10,所蛍,54.0,ダ,1500.0,良,97.4,1.0,5-4-5-10,40.6,475.0,-1.0,ラブシックボッサ,
2021101266,クラウンクーロン,2025/01/23,船橋,晴,12.0,シラー賞(C1),14,6.0,9,18.3,8.0,10,所蛍,54.0,ダ,1800.0,良,118.3,1.7,5-5-5-5,41.4,476.0,0.0,ピヴォタルプレイ,
2021101266,クラウンクーロン,2024/12/19,船橋,晴,8.0,C1五六,12,5.0,5,6.6,3.0,10,本橋孝太,56.0,ダ,1500.0,良,100.0,1.6,1-1-1-2,43.4,476.0,5.0,アレスエルピーダ,
2021101266,クラウンクーロン,2024/11/25,船橋,晴,8.0,馬い!佐賀小松レモン(C1五),10,8.0,9,29.5,5.0,4,本橋孝太,56.0,ダ,1500.0,良,96.9,0.3,2-2-2-2,39.9,471.0,2.0,ランドプラネット,18.0
2021101266,クラウンクーロン,2024/10/31,船橋,晴,12.0,トリックオアトリート(C1),12,4.0,4,6.3,3.0,中,森泰斗,56.0,ダ,2200.0,重,,,2-2-12-12,,469.0,13.0,スリアンヴォス,
2021101266,クラウンクーロン,2024/09/24,船橋,晴,9.0,飛行機見ながら露天風(C1),12,2.0,2,8.8,4.0,9,矢野貴之,55.0,ダ,1500.0,良,99.1,3.2,7-6-6-6,41.0,456.0,10.0,ラティサワー,
2021101266,クラウンクーロン,2024/08/04,1札幌6,曇,4.0,3歳未勝利,14,8.0,13,3.2,2.0,7,丹内祐次,57.0,ダ,1700.0,稍,109.4,1.9,4-4-3-5,41.5,446.0,4.0,ソルアマゾン,
2021101266,クラウンクーロン,2024/07/20,1札幌1,晴,3.0,3歳未勝利,14,4.0,6,6.8,4.0,3,丹内祐次,57.0,ダ,1700.0,良,107.8,0.9,1-1-1-1,39.7,442.0,-6.0,メイショウソムリエ,140.0
2021101266,クラウンクーロン,2024/07/07,1函館10,小雨,2.0,3歳未勝利,12,2.0,2,22.3,7.0,2,丹内祐次,57.0,ダ,1700.0,重,105.5,0.2,3-3-2-2,38.5,448.0,-2.0,ピクラリーダ,220.0
2021101266,クラウンクーロン,2024/05/11,1新潟5,晴,2.0,3歳未勝利,15,3.0,4,28.4,7.0,9,石橋脩,57.0,ダ,1800.0,良,116.3,1.8,7-5-4-4,40.5,450.0,-2.0,ホレーショ,
2021101266,クラウンクーロン,2024/04/28,1新潟2,晴,3.0,3歳未勝利,14,7.0,12,25.0,7.0,5,石橋脩,57.0,ダ,1800.0,良,115.7,0.8,3-3-1-1,39.9,452.0,-2.0,アスクデビューモア,55.0
2021101266,クラウンクーロン,2024/04/06,3中山5,曇,5.0,3歳未勝利,18,1.0,1,75.9,9.0,8,石橋脩,57.0,芝,2000.0,稍,123.7,1.0,3-3-3-3,36.8,454.0,-6.0,レイククレセント,
2021101266,クラウンクーロン,2023/12/03,5中山2,晴,3.0,2歳未勝利,18,3.0,5,145.1,12.0,12,木幡巧也,56.0,芝,2000.0,良,121.8,1.1,5-5-5-6,35.7,460.0,0.0,ウインマクシマム,
2021101266,クラウンクーロン,2023/11/12,5東京4,曇,2.0,2歳未勝利,12,8.0,11,23.1,5.0,7,木幡巧也,56.0,芝,1800.0,良,109.0,1.5,7-8-8,35.3,460.0,6.0,トラジェクトワール,
2021101266,クラウンクーロン,2023/09/24,4中山7,晴,3.0,2歳未勝利,12,7.0,9,26.7,5.0,4,木幡巧也,55.0,芝,1800.0,稍,109.5,0.8,2-3-3-3,37.1,454.0,6.0,テリオスサラ,83.0
2021101266,クラウンクーロン,2023/09/02,3新潟7,曇,5.0,2歳新馬,13,4.0,4,72.2,10.0,5,木幡巧也,55.0,芝,2000.0,良,125.0,0.6,1-1-1-1,35.7,448.0,0.0,キャントウェイト,72.0
2021105300,エレガントウインク,2026/07/11,高知,晴,1.0,C3ー5,9,2.0,2,2.7,2.0,2,城野慈尚,54.0,ダ,1600.0,重,110.1,0.3,4-6-6-6,40.7,466.0,2.0,アンダーザスター,24.0
2021105300,エレガントウインク,2026/07/04,高知,曇,8.0,C3ー7,8,2.0,2,7.3,3.0,4,上田将司,55.0,ダ,800.0,不,49.2,1.1,5-4,35.9,464.0,1.0,アルトシュタット,12.0
2021105300,エレガントウインク,2026/06/21,高知,晴,10.0,ファイナルレース(C3),12,7.0,9,4.0,1.0,3,城野慈尚,54.0,ダ,1400.0,不,91.8,0.2,7-8-7-7,39.7,463.0,0.0,セントキルダ,18.0
2021105300,エレガントウインク,2026/06/06,高知,曇,6.0,C3ー8,9,1.0,1,8.2,3.0,4,岡遼太郎,55.0,ダ,1300.0,不,85.0,1.1,9-9-8-5,38.6,463.0,0.0,フクノスパイン,12.0
2021105300,エレガントウインク,2026/05/23,高知,曇,6.0,C3ー10,10,6.0,6,11.0,4.0,2,岡遼太郎,55.0,ダ,1400.0,不,90.4,0.0,2-2-2-2,38.7,463.0,1.0,マカオンドール,24.0
2021105300,エレガントウインク,2026/05/09,高知,晴,5.0,C3ー10,12,7.0,9,16.2,4.0,6,上田将司,55.0,ダ,1300.0,稍,87.7,0.9,10-11-10-5,41.1,462.0,0.0,ドゥラルーナ,
2021105300,エレガントウインク,2026/04/26,高知,雨,10.0,ファイナルレース(C3),12,7.0,10,4.9,2.0,2,多田羅誠,55.0,ダ,1400.0,不,90.9,0.7,4-4-3-4,40.0,462.0,1.0,マカオンドール,24.0
2021105300,エレガントウインク,2026/04/12,高知,晴,11.0,ファイナルレース(C3),12,2.0,2,5.7,2.0,8,妹尾浩一,55.0,ダ,1300.0,重,86.5,2.0,10-10-10-9,39.7,461.0,3.0,ララハカランダ,
2021105300,エレガントウインク,2026/03/22,高知,雨,3.0,C2ー5,9,8.0,9,31.1,4.0,3,妹尾浩一,55.0,ダ,1400.0,稍,94.5,1.1,4-4-4-3,39.6,458.0,-4.0,コスモルーテウス,17.5
2021105300,エレガントウインク,2026/03/08,高知,晴,2.0,エクリプス賞受賞記念(C2),10,7.0,7,126.7,10.0,6,井上瑛太,55.0,ダ,1600.0,重,108.6,1.7,6-5-6-6,41.1,462.0,0.0,クリノドラゴン,
2021105300,エレガントウインク,2026/02/22,高知,曇,5.0,C2ー3,11,7.0,8,14.8,4.0,2,井上瑛太,55.0,ダ,1400.0,良,93.9,1.5,2-2-2-2,40.9,462.0,-2.0,テーオーシリウス,28.0
2021105300,エレガントウインク,2026/02/08,高知,雪,6.0,C2ー4,12,8.0,12,18.3,6.0,6,多田羅誠,55.0,ダ,1400.0,良,94.3,1.2,2-2-2-4,42.4,464.0,3.0,リンノレジェンド,
2021105300,エレガントウインク,2026/01/25,高知,晴,4.0,C2ー4,9,6.0,6,14.5,4.0,5,多田羅誠,55.0,ダ,1400.0,良,94.0,1.0,1-1-1-2,40.5,461.0,-4.0,ジークシュベルト,7.0
2021105300,エレガントウインク,2026/01/12,高知,晴,9.0,C3ー2,7,1.0,1,25.9,3.0,3,多田羅誠,55.0,ダ,1600.0,良,107.3,1.3,1-1-1-1,40.1,465.0,5.0,ロードフロイデ,15.0
2021105300,エレガントウインク,2025/12/31,高知,晴,8.0,竜虎相搏特別(C3),12,6.0,8,9.7,7.0,2,多田羅誠,55.0,ダ,1400.0,良,94.4,0.5,5-5-4-3,40.9,460.0,-5.0,テリオスソラ,24.0
2021105300,エレガントウインク,2025/12/14,高知,晴,9.0,C3ー3,12,4.0,4,31.8,6.0,6,近藤翔月,53.0,ダ,1300.0,稍,86.1,1.9,6-8-8-10,39.8,465.0,-2.0,ナムラクレープ,
2021105300,エレガントウインク,2025/11/30,高知,晴,12.0,ファイナルレース(C3),12,8.0,11,6.0,4.0,2,井上瑛太,55.0,ダ,1300.0,良,86.9,0.3,10-10-10-8,40.2,467.0,3.0,スギノマジェスティ,24.0
2021105300,エレガントウインク,2025/11/15,高知,晴,12.0,ファイナルレース(C3),12,7.0,10,13.8,7.0,9,岡遼太郎,55.0,ダ,1400.0,重,93.3,1.1,11-11-11-11,41.0,464.0,2.0,トルタカプレーゼ,
2021105300,エレガントウインク,2025/11/01,高知,晴,3.0,C3ー3,12,6.0,7,83.2,8.0,7,上田将司,55.0,ダ,1400.0,不,93.1,2.3,8-8-8-8,39.9,462.0,-2.0,ショウサンキズナ,
2021105300,エレガントウインク,2025/10/19,高知,曇,9.0,C3ー3,10,8.0,11,11.0,3.0,8,上田将司,55.0,ダ,1300.0,稍,86.9,0.9,5-5-6-7,40.8,464.0,2.0,クラシカルタイプ,
2021105300,エレガントウインク,2025/10/05,高知,晴,3.0,C3ー3,12,5.0,6,10.4,3.0,6,多田羅誠,55.0,ダ,1400.0,重,93.2,1.8,9-9-9-8,40.7,462.0,-10.0,イエルバブエナ,
2021105300,エレガントウインク,2025/09/07,4中山2,晴,1.0,障害3歳以上未勝利,13,2.0,2,243.0,13.0,13,江田勇亮,58.0,障,2880.0,良,204.0,4.8,6-5-8-11,14.2,472.0,10.0,ウィズユアドリーム,
2021105300,エレガントウインク,2025/01/26,1中山9,晴,8.0,4歳以上2勝クラス,14,3.0,3,462.8,14.0,14,小林凌大,56.0,ダ,1200.0,良,73.6,2.2,12-12,38.6,462.0,0.0,シークレットヴァウ,
2021105300,エレガントウインク,2025/01/11,1中山3,晴,12.0,4歳以上2勝クラス,10,3.0,3,162.6,9.0,10,佐々木大,55.0,芝,1600.0,良,95.4,2.2,7-10-10,35.0,462.0,8.0,ウインレイアー,
2021105300,エレガントウインク,2024/10/29,船橋,雨,8.0,馬い!八丈青レモンを(C1),12,5.0,5,160.3,10.0,11,山本大翔,51.0,ダ,1200.0,稍,78.6,2.3,9-11-11,40.5,454.0,8.0,バトルクリーク,
2021105300,エレガントウインク,2024/09/23,船橋,晴,5.0,C1四五六ウ(C1五),12,6.0,7,16.5,6.0,9,山本大翔,50.0,ダ,1200.0,良,78.2,2.2,5-7-8,41.4,446.0,4.0,ジュンフカリ,
2021105300,エレガントウインク,2024/05/22,浦和,晴,8.0,ポピー特別(3歳),12,8.0,12,35.7,10.0,9,篠谷葵,54.0,ダ,1400.0,重,92.7,2.3,10-10-9-11,40.9,442.0,-1.0,ケンアトラス,
2021105300,エレガントウインク,2024/05/01,船橋,雨,7.0,フロックススプリント(3歳未格),12,8.0,12,29.4,6.0,12,篠谷葵,54.0,ダ,1200.0,不,78.7,3.9,12-11-10,40.9,443.0,-9.0,エドノフェニックス,
2021105300,エレガントウインク,2024/04/12,船橋,曇,10.0,クロッカススプリント(3歳未格),12,7.0,10,29.6,5.0,12,篠谷葵,54.0,ダ,1200.0,稍,78.3,3.5,4-5-6,42.1,452.0,13.0,ザイデルバスト,
2021105300,エレガントウインク,2024/01/11,浦和,晴,9.0,URAWAなでしこオ(OP)(3歳),12,6.0,7,11.1,4.0,4,篠谷葵,54.0,ダ,1400.0,良,91.8,0.4,7-8-8-8,38.5,439.0,-2.0,プリンセスアリー,75.0
2021105300,エレガントウインク,2023/12/16,船橋,晴,2.0,2歳二三,8,3.0,3,3.1,2.0,1,篠谷葵,54.0,ダ,1200.0,良,76.5,-0.1,2-2-2,39.2,441.0,-6.0,(ショコラブレッド),290.0
2021105300,エレガントウインク,2023/12/01,船橋,晴,2.0,カトレアデビュー(2歳),5,2.0,2,1.3,1.0,1,篠谷葵,54.0,ダ,1000.0,良,61.9,-1.2,1-1,37.6,447.0,0.0,(クラウデン),400.0
2021102253,ヨシュア,2026/07/11,高知,晴,10.0,ファイナルレース(C3),11,3.0,3,43.0,11.0,6.0,上田将司,57.0,ダ,1600.0,重,109.1,2.1,9-9-9-8,41.2,452.0,1.0,セキショウイダイ,
2021102253,ヨシュア,2026/06/27,高知,曇,3.0,C3ー3,10,8.0,9,90.0,6.0,4.0,阿部基嗣,55.0,ダ,1300.0,不,83.8,1.0,8-7-7-6,38.1,451.0,-2.0,ベイビーボス,12.0
2021102253,ヨシュア,2026/06/13,高知,晴,2.0,C3ー4,10,4.0,4,36.9,7.0,4.0,岡村卓弥,57.0,ダ,1400.0,稍,95.9,1.8,7-7-8-6,42.4,453.0,3.0,コンジャンクション,12.0
2021102253,ヨシュア,2026/05/31,高知,晴,11.0,ファイナルレース(C3),11,8.0,11,11.2,7.0,5.0,多田羅誠,57.0,ダ,1300.0,稍,86.3,1.0,7-7-4-4,40.8,450.0,-7.0,ドンクロノス,6.0
2021102253,ヨシュア,2026/05/16,高知,晴,2.0,C3ー5,10,5.0,5,38.9,6.0,5.0,上田将司,57.0,ダ,1400.0,良,96.8,1.5,10-9-7-6,41.3,457.0,-1.0,メイショウホウセン,6.0
2021102253,ヨシュア,2026/05/02,高知,晴,2.0,C3ー5,9,7.0,7,35.3,7.0,7.0,上田将司,57.0,ダ,1600.0,重,110.1,3.3,8-7-7-8,41.7,458.0,4.0,アットワンス,
2021102253,ヨシュア,2026/04/18,高知,曇,12.0,ファイナルレース(C3),12,4.0,4,14.0,7.0,11.0,上田将司,57.0,ダ,1400.0,重,93.6,1.3,10-10-10-10,40.7,454.0,-3.0,タイガーワゴン,
2021102253,ヨシュア,2026/03/24,高知,晴,9.0,C3ー2,11,1.0,1,37.5,9.0,7.0,上田将司,57.0,ダ,1600.0,稍,109.1,1.6,9-9-9-9,40.9,457.0,-4.0,ポッドコンティ,
2021102253,ヨシュア,2026/03/17,高知,晴,3.0,ハルリンドウ特別(C3),6,5.0,5,68.8,5.0,4.0,上田将司,57.0,ダ,1400.0,良,94.3,1.3,5-6-6-5,40.5,461.0,-1.0,ビーム,16.5
2021102253,ヨシュア,2026/03/02,高知,雨,3.0,C3ー3,8,6.0,6,20.5,5.0,2.0,上田将司,57.0,ダ,1400.0,不,90.9,0.3,6-6-5-4,38.3,462.0,-1.0,ゾクゾク,24.0
2021102253,ヨシュア,2026/02/17,高知,晴,3.0,C3ー3,10,7.0,8,6.5,2.0,5.0,上田将司,57.0,ダ,1400.0,稍,94.9,1.6,8-8-8-6,41.0,463.0,4.0,ミナトノソウタ,6.0
2021102253,ヨシュア,2026/02/02,高知,晴,2.0,C3ー4,9,8.0,9,50.0,6.0,3.0,林謙佑,57.0,ダ,1400.0,良,92.6,0.6,5-6-7-6,39.6,459.0,0.0,アーベントゾンネ,15.0
2021102253,ヨシュア,2026/01/26,高知,晴,11.0,ファイナルレース(C3),12,6.0,8,39.6,12.0,5.0,上田将司,57.0,ダ,1300.0,良,86.0,1.2,10-10-11-10,39.8,459.0,-6.0,ナンデフェスティヴ,6.0
2021102253,ヨシュア,2026/01/11,高知,晴,11.0,ファイナルレース(C3),11,6.0,6,31.7,11.0,6.0,上田将司,57.0,ダ,1600.0,良,110.5,2.0,9-9-10-9,42.2,465.0,4.0,オクトニオン,
2021102253,ヨシュア,2025/12/31,高知,晴,4.0,C3ー4,9,8.0,8,14.0,4.0,6.0,上田将司,57.0,ダ,1400.0,良,96.1,2.4,8-8-7-7,42.3,461.0,3.0,ジークシュベルト,
2021102253,ヨシュア,2025/12/20,高知,曇,9.0,C3ー7,11,7.0,9,103.2,6.0,4.0,上田将司,57.0,ダ,1400.0,稍,93.7,1.5,7-6-5-3,40.5,458.0,-4.0,スピードイエロー,9.0
2021102253,ヨシュア,2025/12/06,高知,晴,8.0,C3ー7,10,4.0,4,356.0,7.0,6.0,近藤翔月,55.0,ダ,1300.0,良,87.2,1.6,9-7-7-6,40.6,462.0,2.0,ボンジュールゼン,
2021102253,ヨシュア,2025/11/23,高知,晴,8.0,C3ー7,8,2.0,2,46.3,6.0,7.0,上田将司,57.0,ダ,1600.0,良,111.6,1.9,6-6-6-7,41.2,460.0,1.0,リグレイアー,
2021102253,ヨシュア,2025/11/08,高知,晴,9.0,C3ー6,10,6.0,7,170.9,9.0,8.0,上田将司,57.0,ダ,1400.0,稍,93.8,2.6,10-9-9-8,39.9,459.0,1.0,メイショウオーギシ,
2021102253,ヨシュア,2025/10/25,高知,曇,11.0,ファイナルレース(C3),12,3.0,3,11.5,7.0,7.0,上田将司,57.0,ダ,1300.0,不,86.1,1.2,10-9-8-7,39.6,458.0,-3.0,ニューウォーク,
2021102253,ヨシュア,2025/10/11,高知,雨,9.0,C3ー6,11,3.0,3,13.3,5.0,7.0,林謙佑,57.0,ダ,1600.0,稍,109.9,0.9,10-6-7-5,42.3,461.0,1.0,アスキーアート,
2021102253,ヨシュア,2025/09/27,高知,曇,8.0,C3ー7,10,2.0,2,164.2,9.0,6.0,上田将司,57.0,ダ,1400.0,不,92.7,1.0,4-4-4-4,40.2,460.0,0.0,キンセンオー,
2021102253,ヨシュア,2025/09/13,高知,曇,8.0,C3ー7,11,6.0,8,38.6,4.0,10.0,上田将司,57.0,ダ,1300.0,重,87.9,4.0,11-11-11-11,41.0,460.0,2.0,イエルバブエナ,
2021102253,ヨシュア,2025/07/27,高知,晴,6.0,C3ー6,12,6.0,7,9.9,3.0,4.0,岡遼太郎,57.0,ダ,1300.0,稍,84.9,0.6,6-5-5-3,38.6,458.0,-2.0,カワキタマックス,9.0
2021102253,ヨシュア,2025/07/19,高知,晴,6.0,C3ー8,12,5.0,6,38.0,7.0,4.0,上田将司,57.0,ダ,1300.0,不,84.4,1.0,11-11-10-8,38.1,460.0,-6.0,エナジーグラン,9.0
2021102253,ヨシュア,2025/07/03,船橋,晴,4.0,C2二三,11,7.0,9,95.4,9.0,9.0,所蛍,54.0,ダ,1500.0,良,98.8,2.8,6-7-6-6,40.9,466.0,1.0,イスタンテ,
2021102253,ヨシュア,2025/06/19,川崎,晴,5.0,C2三四五(C2四),12,6.0,7,9.4,4.0,5.0,山中悠希,56.0,ダ,1400.0,良,93.4,1.0,10-10-7-10,42.1,465.0,-4.0,タイセイスパート,10.0
2021102253,ヨシュア,2025/06/03,船橋,雨,4.0,C2二三,12,6.0,8,27.4,6.0,4.0,西啓太,56.0,ダ,1500.0,不,99.3,1.3,9-9-9-7,41.1,469.0,2.0,サーブザミッション,15.0
2021102253,ヨシュア,2025/05/06,船橋,曇,12.0,猛虎伏草賞(C2),12,2.0,2,67.6,10.0,6.0,小杉亮,56.0,ダ,1500.0,不,98.8,1.6,7-6-5-4,41.9,467.0,-2.0,アイディアリスト,
2021102253,ヨシュア,2025/04/01,船橋,雨,8.0,馬い!熊本菊池生ごぼ(C2),11,5.0,5,106.4,9.0,7.0,山中悠希,56.0,ダ,1500.0,不,98.4,1.9,9-8-8-8,40.1,469.0,-7.0,ウインプロティア,
2021102253,ヨシュア,2024/10/04,大井,晴,1.0,3歳二三,10,5.0,5,86.7,7.0,9.0,野畑凌,56.0,ダ,1600.0,稍,106.5,3.9,10-10-10-10,42.4,476.0,3.0,ギンノダンガン,
2021102253,ヨシュア,2024/09/13,大井,晴,1.0,3歳二三四(3歳三),8,3.0,3,27.0,5.0,7.0,野畑凌,56.0,ダ,1600.0,良,105.5,2.4,4-4-5-5,40.5,473.0,2.0,ツートンショコラ,
2021102253,ヨシュア,2024/08/17,大井,晴,6.0,3歳一二三(3歳二),13,7.0,11,49.1,11.0,7.0,岡村健司,56.0,ダ,1400.0,重,91.3,1.9,9-11-10,38.5,471.0,-9.0,イントゥーザスター,
2021102253,ヨシュア,2024/08/16,大井,,6.0,3歳一二三(3歳二),0,7.0,11,,,,岡村健司,56.0,ダ,1400.0,,,,,,,,,
2021102253,ヨシュア,2024/07/12,大井,雨,1.0,3歳一二三(3歳二),9,6.0,6,11.7,6.0,8.0,岡村健司,56.0,ダ,1600.0,稍,107.7,3.8,6-7-5-6,43.5,480.0,6.0,レベリオス,
2021102253,ヨシュア,2024/06/28,大井,雨,1.0,3歳一二三(3歳二),14,3.0,4,10.5,6.0,8.0,鷹見陸,54.0,ダ,1600.0,不,106.6,2.0,11-10-11-11,42.1,474.0,0.0,リヴイットアップ,
2021102253,ヨシュア,2024/06/04,大井,晴,5.0,3歳九十,13,3.0,3,2.7,2.0,1.0,野畑凌,56.0,ダ,1600.0,不,105.6,-0.7,1-1-1-1,40.4,474.0,3.0,(ナナチャンス),150.0
2021102253,ヨシュア,2024/05/14,大井,晴,4.0,3歳1112,14,2.0,2,5.7,2.0,2.0,野畑凌,56.0,ダ,1400.0,重,90.8,1.6,2-2-1,40.5,471.0,-2.0,デュードサンライズ,72.0
2021102253,ヨシュア,2024/02/12,大井,晴,5.0,3歳九十,13,8.0,12,8.4,4.0,6.0,西啓太,56.0,ダ,1400.0,稍,93.0,2.1,8-5-5,40.6,473.0,-7.0,エスケンドリーム,
2021102253,ヨシュア,2024/01/21,大井,晴,3.0,3歳1415,8,8.0,8,3.1,2.0,2.0,西啓太,56.0,ダ,1400.0,不,92.5,1.1,3-3-3,40.5,480.0,-2.0,ステーレンナフト,104.0
2021102253,ヨシュア,2023/12/26,大井,晴,2.0,2歳十11,14,2.0,2,35.0,7.0,7.0,谷内貫太,52.0,ダ,1200.0,良,78.3,1.6,11-12,39.4,482.0,-1.0,クロップ,
2021102253,ヨシュア,2023/12/09,大井,晴,2.0,2歳新馬(新馬),9,4.0,4,19.6,5.0,6.0,西啓太,55.0,ダ,1600.0,良,109.7,4.0,4-4-5-6,43.6,483.0,0.0,ジャガーバローズ,
2021102253,ヨシュア,2023/12/05,大井,曇,2.0,2歳新馬(新馬),0,4.0,4,,,,西啓太,55.0,ダ,1600.0,良,,,,,,,,
2022101296,クラウンセヘル,2026/07/11,高知,晴,6.0,C1ー4,12,6.0,7,13.4,5.0,7,山崎雅由,57.0,ダ,1400.0,重,92.5,1.0,5-5-5-4,40.3,546.0,-5.0,コリエドール,
2022101296,クラウンセヘル,2026/06/28,高知,曇,10.0,菖蒲洞特別,11,8.0,10,35.2,6.0,10,山崎雅由,57.0,ダ,1600.0,不,106.3,2.9,6-7-7-8,41.2,551.0,1.0,ダオラダオラ,
2022101296,クラウンセヘル,2026/05/30,高知,晴,3.0,C1ー7,10,7.0,8,2.7,1.0,1,山崎雅由,57.0,ダ,1600.0,稍,107.7,0.0,2-2-3-3,40.4,550.0,1.0,(アイザックバローズ),100.0
2022101296,クラウンセヘル,2026/05/16,高知,晴,10.0,小満特別(C2),12,2.0,2,15.1,6.0,3,山崎雅由,57.0,ダ,1300.0,良,86.5,0.6,8-8-8-4,40.6,549.0,0.0,ビーム,48.0
2022101296,クラウンセヘル,2026/05/03,高知,雨,2.0,C2ー7,11,1.0,1,6.4,3.0,1,山崎雅由,57.0,ダ,1400.0,不,89.7,-0.3,2-2-2-1,39.0,549.0,4.0,(リグレイアー),80.0
2022101296,クラウンセヘル,2026/04/19,高知,曇,1.0,C2ー10,10,6.0,6,4.9,3.0,2,山崎雅由,57.0,ダ,1600.0,重,106.7,0.1,4-5-3-1,40.7,545.0,-5.0,モーニングヘイズ,32.0
2022101296,クラウンセヘル,2026/04/05,高知,晴,7.0,ハナモモ特別(C3),12,8.0,12,6.4,3.0,4,山崎雅由,57.0,ダ,1300.0,不,84.1,0.8,5-3-1-2,39.4,550.0,0.0,ディープカインズ,16.0
2022101296,クラウンセヘル,2026/03/23,高知,晴,5.0,C3ー4,8,4.0,4,3.0,2.0,1,山崎雅由,57.0,ダ,1600.0,重,106.4,0.0,3-2-2-2,41.3,550.0,2.0,(ハッピービバーク),60.0
2022101296,クラウンセヘル,2026/03/10,高知,晴,3.0,C3ー4,11,8.0,11,2.7,2.0,3,山崎雅由,57.0,ダ,1300.0,稍,86.3,1.0,5-4-4-3,40.0,548.0,-3.0,ダニエルバローズ,15.0
2022101296,クラウンセヘル,2026/02/23,高知,晴,5.0,ウメ特別(C3),9,5.0,5,40.6,6.0,5,近藤翔月,56.0,ダ,1300.0,良,86.0,2.1,4-4-4-2,40.9,551.0,6.0,ダオラダオラ,11.0
2022101296,クラウンセヘル,2026/02/10,高知,曇,3.0,C3ー5,11,3.0,3,8.9,3.0,3,林謙佑,57.0,ダ,1300.0,良,85.9,1.3,5-4-4-3,39.6,545.0,1.0,ダオラダオラ,15.0
2022101296,クラウンセヘル,2026/01/26,高知,晴,5.0,C3ー5,10,4.0,4,5.2,2.0,4,山崎雅由,57.0,ダ,1600.0,良,107.7,2.5,2-2-2-3,42.3,544.0,3.0,コスモルーテウス,9.0
2022101296,クラウンセヘル,2026/01/11,高知,晴,6.0,C3ー9,8,1.0,1,13.2,4.0,2,山崎雅由,57.0,ダ,1400.0,良,92.6,0.9,3-3-3-2,39.9,541.0,5.0,コパノジェームス,24.0
2022101296,クラウンセヘル,2026/01/01,高知,晴,8.0,C3ー9,7,3.0,3,8.4,4.0,1,山崎雅由,57.0,ダ,1600.0,良,108.3,0.0,4-4-3-3,39.7,536.0,-3.0,(ニットウライジン),60.0
2022101296,クラウンセヘル,2025/12/21,高知,曇,5.0,C3ー14,10,2.0,2,7.8,4.0,4,山崎雅由,57.0,ダ,1400.0,重,92.1,0.7,3-3-3-3,40.6,539.0,-3.0,ディープカインズ,9.0
2022101296,クラウンセヘル,2025/12/07,高知,晴,5.0,酒盗特別(C3),12,8.0,12,13.0,4.0,8,山崎雅由,57.0,ダ,1300.0,良,87.6,2.7,3-4-2-3,42.3,542.0,1.0,アルトシュタット,
2022101296,クラウンセヘル,2025/11/24,高知,曇,3.0,C3ー19,9,8.0,9,10.7,4.0,1,山崎雅由,57.0,ダ,1600.0,良,109.1,-0.1,2-2-2-1,41.5,541.0,1.0,(ルックアップトゥー),60.0
2022101296,クラウンセヘル,2025/11/09,高知,晴,3.0,C3ー17,12,8.0,12,2.9,1.0,11,山崎雅由,57.0,ダ,1400.0,不,92.8,3.8,2-2-2-5,42.3,540.0,0.0,アンダーザブリッジ,
2022101296,クラウンセヘル,2025/05/24,2京都9,小雨,1.0,3歳未勝利,16,2.0,3,55.2,13.0,6,鮫島克駿,57.0,ダ,1200.0,良,72.5,1.6,10-10,36.4,540.0,4.0,バッハアルプゼー,
2022101296,クラウンセヘル,2025/05/03,1新潟1,晴,3.0,3歳未勝利,15,4.0,6,138.2,13.0,4,斎藤新,57.0,ダ,1200.0,稍,72.9,1.0,10-10,37.2,536.0,2.0,テイエムパイロット,84.0
2022101296,クラウンセヘル,2025/03/30,2中京6,晴,3.0,3歳未勝利,13,7.0,10,49.9,10.0,11,佐々木大,57.0,ダ,1800.0,稍,118.7,3.4,4-5-5-4,40.1,534.0,-8.0,タイセイカイザー,
2022101296,クラウンセヘル,2025/03/22,1阪神7,晴,4.0,3歳未勝利,11,4.0,4,32.1,7.0,8,森田誠也,54.0,ダ,2000.0,良,133.1,2.0,3-3-3-3,40.3,542.0,0.0,バッケンレコード,
2019102470,ダイチヴィヴァン,2026/07/12,高知,曇,10.0,ファイナルレース(C1),12,2.0,2,10.4,7.0,12,木村直輝,57.0,ダ,1400.0,稍,96.4,4.3,5-4-5-12,44.4,496.0,3.0,ラインメッセージ,
2019102470,ダイチヴィヴァン,2026/06/28,高知,曇,7.0,C1ー4,8,6.0,6,145.8,7.0,8,木村直輝,57.0,ダ,1600.0,不,110.4,4.9,5-5-7-8,43.4,493.0,-3.0,ダイヤモンドフジ,
2019102470,ダイチヴィヴァン,2026/06/14,高知,曇,8.0,C1ー3,11,6.0,7,25.1,6.0,7,塚本直之,54.0,ダ,1400.0,重,93.7,2.4,1-1-1-4,42.3,496.0,1.0,ステラマテュティナ,
2019102470,ダイチヴィヴァン,2026/05/31,高知,晴,7.0,C1ー4,11,6.0,6,152.7,8.0,5,木村直輝,57.0,ダ,1600.0,稍,107.2,2.0,1-1-1-2,41.6,495.0,-3.0,ダオラダオラ,10.0
2019102470,ダイチヴィヴァン,2026/05/16,高知,晴,6.0,C1ー4,10,6.0,6,96.7,9.0,5,木村直輝,57.0,ダ,1400.0,良,94.3,1.2,1-1-1-2,41.8,498.0,0.0,ベルリネッタ,10.0
2019102470,ダイチヴィヴァン,2026/05/03,高知,雨,8.0,C1ー4,12,2.0,2,11.3,6.0,10,木村直輝,57.0,ダ,1300.0,不,85.0,2.9,5-7-7-8,40.2,498.0,-3.0,モズライフセーバー,
2019102470,ダイチヴィヴァン,2026/04/18,高知,曇,4.0,どろめ特別(C1),11,2.0,2,43.2,9.0,5,木村直輝,57.0,ダ,1400.0,重,91.4,1.2,1-1-1-2,40.4,501.0,6.0,ソッコータルマカ,10.0
2019102470,ダイチヴィヴァン,2026/04/04,高知,雨,7.0,C1ー5,0,4.0,4,,,,木村直輝,57.0,ダ,1600.0,不,,,,,,,,
2019102470,ダイチヴィヴァン,2026/03/22,高知,雨,8.0,春陽特別(C2),11,3.0,3,8.4,3.0,1,木村直輝,57.0,ダ,1400.0,重,92.3,0.0,1-1-1-1,40.4,495.0,-2.0,(フォルベルール),130.0
2019102470,ダイチヴィヴァン,2026/03/08,高知,晴,5.0,東海馬匹輸送特別(C2),10,3.0,3,8.6,2.0,2,岡村卓弥,57.0,ダ,1400.0,重,91.9,1.0,1-1-1-2,40.1,497.0,-2.0,ダオラダオラ,28.0
2019102470,ダイチヴィヴァン,2026/02/22,高知,曇,6.0,C2ー2,10,1.0,1,7.6,4.0,4,木村直輝,57.0,ダ,1400.0,良,94.5,0.6,3-3-3-2,40.6,499.0,0.0,ウィンザーバローズ,10.5
2019102470,ダイチヴィヴァン,2026/02/15,高知,晴,9.0,向春特別(C2),9,6.0,6,60.0,7.0,5,木村直輝,57.0,ダ,1600.0,重,107.7,0.7,2-2-2-3,40.9,499.0,0.0,ナムラクレープ,13.0
2019102470,ダイチヴィヴァン,2026/02/01,高知,晴,7.0,C2ー3,11,8.0,10,17.0,5.0,3,木村直輝,57.0,ダ,1300.0,良,84.6,0.7,2-3-3-4,39.7,499.0,1.0,カイザーブリッツ,17.5
2019102470,ダイチヴィヴァン,2026/01/18,高知,晴,8.0,寒中特別(C2),9,6.0,6,60.5,7.0,9,木村直輝,57.0,ダ,1600.0,良,108.5,1.1,5-5-5-7,41.5,498.0,1.0,イモータルウインド,
2019102470,ダイチヴィヴァン,2026/01/10,高知,晴,3.0,C2ー6,12,3.0,3,13.2,5.0,2,岡村卓弥,57.0,ダ,1300.0,良,85.6,0.1,1-1-1-1,40.5,497.0,-3.0,オリーブブランチ,28.0
2019102470,ダイチヴィヴァン,2025/12/29,高知,晴,4.0,C2C3混合,11,2.0,2,8.2,5.0,2,木村直輝,56.0,ダ,1600.0,良,109.8,1.1,3-3-3-2,40.8,500.0,12.0,イルクオーレ,28.0
2019102470,ダイチヴィヴァン,2025/12/14,高知,晴,11.0,エリカ特別(C3),10,2.0,2,86.4,8.0,8,木村直輝,57.0,ダ,1300.0,稍,85.2,3.2,7-7-7-9,40.0,488.0,0.0,スカンジナビア,
2019102470,ダイチヴィヴァン,2025/11/30,高知,晴,9.0,C3ー3,11,6.0,6,15.5,5.0,2,木村直輝,57.0,ダ,1400.0,良,93.3,0.7,2-3-5-4,40.3,488.0,-3.0,オドラニャソンソン,24.0
2019102470,ダイチヴィヴァン,2025/11/16,高知,晴,8.0,C3ー3,10,2.0,2,43.0,6.0,4,木村直輝,57.0,ダ,1600.0,稍,108.4,3.2,5-4-4-5,42.8,491.0,5.0,メイショウヨンク,9.0
2019102470,ダイチヴィヴァン,2025/11/02,高知,曇,12.0,ファイナルレース(C3),12,4.0,4,9.9,7.0,2,木村直輝,57.0,ダ,1300.0,重,84.0,0.0,5-4-4-4,39.1,486.0,-2.0,ワクワクドリーム,24.0
2019102470,ダイチヴィヴァン,2025/10/19,高知,曇,8.0,C3ー4,8,6.0,6,32.8,6.0,4,木村直輝,57.0,ダ,1300.0,稍,86.2,1.2,3-3-3-4,39.8,488.0,-3.0,ジャスパージャック,9.0
2019102470,ダイチヴィヴァン,2025/10/05,高知,晴,2.0,C3ー4,11,6.0,7,29.4,6.0,5,木村直輝,57.0,ダ,1400.0,重,93.2,1.3,5-5-5-5,40.7,491.0,-1.0,クリノドラゴン,6.0
2019102470,ダイチヴィヴァン,2025/09/21,高知,晴,1.0,C3ー5,9,1.0,1,42.2,4.0,4,岡村卓弥,57.0,ダ,1400.0,稍,93.6,1.9,5-5-4-5,41.1,492.0,2.0,メイショウオキビ,9.0
2019102470,ダイチヴィヴァン,2025/09/13,高知,曇,8.0,C3ー7,11,1.0,1,219.6,8.0,4,城野慈尚,56.0,ダ,1300.0,重,85.7,1.8,4-4-4-4,40.4,490.0,6.0,イエルバブエナ,9.0
2019102470,ダイチヴィヴァン,2025/07/27,高知,晴,12.0,ファイナルレース(C3),12,5.0,5,4.5,1.0,9,木村直輝,57.0,ダ,1300.0,稍,85.6,1.6,6-6-6-6,41.5,484.0,-10.0,プリマフェーヴル,
2019102470,ダイチヴィヴァン,2025/07/13,高知,曇,4.0,C3ー6,11,4.0,4,4.6,3.0,5,木村直輝,57.0,ダ,1300.0,不,85.7,1.4,4-5-3-6,39.6,494.0,-1.0,ファストフィール,6.0
2019102470,ダイチヴィヴァン,2025/07/05,高知,晴,2.0,C3ー12,9,8.0,8,12.5,4.0,2,木村直輝,57.0,ダ,800.0,良,49.6,0.0,2-4,36.7,495.0,6.0,トワキ,24.0
2019102470,ダイチヴィヴァン,2025/06/21,高知,小雨,5.0,C3ー10,9,3.0,3,27.4,4.0,3,木村直輝,57.0,ダ,1400.0,稍,92.6,0.7,4-4-4-4,40.6,489.0,-6.0,ブラッティーキッド,15.0
2019102470,ダイチヴィヴァン,2025/06/07,高知,曇,6.0,C3ー11,10,1.0,1,26.5,5.0,8,木村直輝,57.0,ダ,1300.0,稍,87.0,2.5,9-8-9-8,41.0,495.0,1.0,ニヨドスマイル,
2019102470,ダイチヴィヴァン,2025/05/24,高知,雨,5.0,C3ー12,9,8.0,9,26.5,5.0,3,木村直輝,57.0,ダ,1400.0,不,90.3,0.9,4-3-3-4,39.9,494.0,6.0,スカイライト,15.0
2019102470,ダイチヴィヴァン,2025/05/10,高知,曇,10.0,ファイナルレース(C3),12,6.0,7,9.4,6.0,4,木村直輝,57.0,ダ,1300.0,不,84.1,0.3,4-5-3-3,40.1,488.0,1.0,ゼニット,9.0
2019102470,ダイチヴィヴァン,2025/04/26,高知,晴,5.0,C3ー14,10,7.0,8,9.2,3.0,6,木村直輝,57.0,ダ,1400.0,重,94.9,1.4,3-4-3-5,41.9,487.0,0.0,ファストフィール,
2019102470,ダイチヴィヴァン,2025/04/13,高知,晴,8.0,C3ー14,11,2.0,2,15.0,5.0,4,木村直輝,57.0,ダ,1300.0,不,83.3,2.0,6-6-6-5,39.0,487.0,-2.0,セントオブシン,9.0
2019102470,ダイチヴィヴァン,2025/03/26,高知,晴,6.0,C1ー6,10,8.0,11,153.1,9.0,8,濱尚美,54.0,ダ,1600.0,良,110.2,2.1,5-4-3-4,42.3,489.0,-3.0,レグナム,
2019102470,ダイチヴィヴァン,2025/03/19,高知,晴,6.0,C1ー3,11,4.0,4,95.5,9.0,10,濱尚美,54.0,ダ,1400.0,重,94.1,2.6,11-11-11-11,40.3,492.0,3.0,ルヴァンヴェール,
2019102470,ダイチヴィヴァン,2025/03/05,高知,曇,5.0,ライスへ愛を叫ぶ特別(C1),10,2.0,2,81.3,8.0,6,木村直輝,56.0,ダ,1400.0,不,90.3,2.7,4-4-4-5,39.4,489.0,-3.0,ストーミーデイ,
2019102470,ダイチヴィヴァン,2025/02/19,高知,晴,5.0,C1ー5,8,7.0,7,90.6,7.0,7,木村直輝,56.0,ダ,1600.0,稍,110.5,1.8,3-3-4-5,43.6,492.0,-13.0,ショートストップ,
2019102470,ダイチヴィヴァン,2025/02/06,姫路,晴,10.0,アリッサム賞B2,12,4.0,4,279.9,11.0,11,松木大地,56.0,ダ,1400.0,良,95.7,1.4,10-10-10-9,39.7,505.0,-4.0,ポリクシニーズ,
2019102470,ダイチヴィヴァン,2025/01/15,園田,晴,11.0,DASH観音寺開設1(A2B1),12,7.0,9,283.5,12.0,12,大山真吾,55.0,ダ,1230.0,良,82.7,2.4,12-12-12-12,39.8,509.0,3.0,ゴールドレッグス,
2019102470,ダイチヴィヴァン,2024/12/29,園田,曇,10.0,B1,12,4.0,4,296.8,12.0,10,松木大地,56.0,ダ,1230.0,良,82.5,1.1,11-11-11-11,39.6,506.0,7.0,レゾルシオン,
2019102470,ダイチヴィヴァン,2024/12/03,園田,晴,10.0,B1,8,1.0,1,120.6,7.0,8,松木大地,56.0,ダ,1400.0,稍,95.1,3.9,5-5-6-8,42.2,499.0,7.0,イスラアズール,
2019102470,ダイチヴィヴァン,2024/11/06,園田,晴,8.0,A2B1,5,4.0,4,71.1,5.0,5,松木大地,57.0,ダ,1400.0,稍,94.5,2.6,5-5-5-5,41.4,492.0,-4.0,カルラファクター,20.0
2019102470,ダイチヴィヴァン,2024/10/16,園田,曇,8.0,A2B1,5,5.0,5,22.2,5.0,5,松木大地,57.0,ダ,1230.0,良,82.0,1.5,4-4-5-4,39.4,496.0,-2.0,ディアナゼロス,20.0
2019102470,ダイチヴィヴァン,2024/09/18,園田,晴,11.0,BAOOへゴー!賞A(A1A2),11,7.0,8,355.6,11.0,10,松木大地,54.0,ダ,1230.0,良,81.6,2.9,9-9-9-9,40.0,498.0,4.0,サイレンスタイム,
2019102470,ダイチヴィヴァン,2024/08/23,園田,晴,9.0,A2B1,5,1.0,1,34.7,4.0,5,松木大地,57.0,ダ,1230.0,良,83.6,2.6,3-3-4-4,41.7,494.0,-4.0,グランドルチル,20.0
2019102470,ダイチヴィヴァン,2024/07/25,園田,曇,7.0,A2B1,6,4.0,4,25.8,5.0,5,松木大地,57.0,ダ,1230.0,良,82.1,1.3,5-5-5-5,39.7,498.0,-4.0,フローラルドレス,20.0
2019102470,ダイチヴィヴァン,2024/06/28,園田,曇,9.0,勝利に!向かって!バ(A2),7,6.0,6,30.4,4.0,4,松木大地,56.0,ダ,1230.0,不,81.6,2.8,7-7-6-6,39.8,502.0,-7.0,スマートセプター,30.0
2019102470,ダイチヴィヴァン,2024/05/31,園田,曇,11.0,日刊ゲンダイ賞A2B(A2B1),11,4.0,4,37.0,7.0,8,松木大地,57.0,ダ,1230.0,稍,81.5,2.1,7-7-6-5,40.2,509.0,6.0,トウケイタンホイザ,
2019102470,ダイチヴィヴァン,2024/05/01,園田,雨,8.0,A2B1,8,6.0,6,14.0,3.0,4,松木大地,57.0,ダ,1230.0,重,80.2,1.5,4-4-4-3,40.2,503.0,-6.0,ミルトプライム,30.0
2019102470,ダイチヴィヴァン,2024/04/03,園田,雨,10.0,スズラン賞A2B1,9,2.0,2,13.0,5.0,4,松木大地,57.0,ダ,1230.0,重,80.2,1.2,9-9-8-6,39.2,509.0,13.0,ルクスランページ,30.0
2019102470,ダイチヴィヴァン,2024/02/11,1東京6,曇,12.0,4歳以上2勝クラス,15,7.0,13,181.0,14.0,15,原優介,57.0,ダ,1400.0,稍,87.9,2.3,13-12,37.3,496.0,22.0,ハードワイヤード,
2019102470,ダイチヴィヴァン,2023/11/18,3京都5,晴,9.0,蹴上特別(2勝クラス),16,2.0,3,297.5,16.0,16,川須栄彦,58.0,ダ,1800.0,重,114.5,2.2,11-11-14-12,39.1,474.0,2.0,メイショウモズ,
2019102470,ダイチヴィヴァン,2023/10/29,4新潟6,雨,10.0,鳥屋野特別(2勝クラス),15,2.0,2,192.8,15.0,11,秋山稔樹,58.0,ダ,1800.0,不,111.9,2.4,4-3-3-3,40.2,472.0,-2.0,ハッスルダンク,
2019102470,ダイチヴィヴァン,2023/09/10,4中山2,晴,12.0,3歳以上2勝クラス,16,8.0,16,54.9,11.0,16,秋山稔樹,57.0,ダ,1200.0,良,73.0,2.3,8-9,38.2,474.0,-8.0,オメガシンフォニー,
2019102470,ダイチヴィヴァン,2023/08/06,2新潟4,晴,9.0,苗場特別(2勝クラス),14,4.0,7,,,除,秋山稔樹,58.0,ダ,1800.0,良,,,,,472.0,-10.0,レッドバロッサ,
2019102470,ダイチヴィヴァン,2023/07/09,2福島4,曇,10.0,天の川賞(2勝クラス),15,4.0,6,48.1,8.0,12,丸田恭介,58.0,ダ,1700.0,良,109.2,3.3,12-12-13-13,40.7,482.0,2.0,アシタガアルサ,
2019102470,ダイチヴィヴァン,2023/05/13,2東京7,小雨,12.0,4歳以上2勝クラス,16,7.0,14,27.1,7.0,14,丸田恭介,58.0,ダ,1600.0,稍,97.4,1.3,4-4,36.8,480.0,4.0,ギャラクシーナイト,
2019102470,ダイチヴィヴァン,2023/04/30,1新潟2,曇,9.0,五泉特別(2勝クラス),15,3.0,4,35.7,9.0,6,秋山稔樹,58.0,ダ,1800.0,重,113.7,1.5,2-2-2-2,38.1,476.0,-12.0,ワールドタキオン,
2019102470,ダイチヴィヴァン,2023/03/05,2中山4,曇,12.0,4歳以上2勝クラス,16,4.0,8,64.8,12.0,14,秋山稔樹,57.0,ダ,1200.0,良,72.2,1.4,6-6,37.4,488.0,22.0,セイカフォルゴーレ,
2019102470,ダイチヴィヴァン,2022/11/13,5東京4,曇,8.0,3歳以上2勝クラス,15,7.0,13,30.3,9.0,13,秋山稔樹,55.0,ダ,1300.0,良,79.7,2.5,9-9,38.2,466.0,-4.0,アルファマム,
2019102470,ダイチヴィヴァン,2022/10/15,4新潟1,晴,12.0,3歳以上1勝クラス,13,4.0,5,4.9,3.0,1,秋山稔樹,54.0,ダ,1200.0,良,71.2,0.0,2-2,37.1,470.0,0.0,(メイショウフジタカ),770.0
2019102470,ダイチヴィヴァン,2022/09/19,4中山5,曇,12.0,3歳以上1勝クラス,15,4.0,7,7.0,4.0,2,秋山稔樹,54.0,ダ,1200.0,重,71.2,0.0,4-3,36.8,470.0,-2.0,トップヴィヴィット,310.0
2019102470,ダイチヴィヴァン,2022/09/03,2札幌7,晴,12.0,3歳以上1勝クラス,14,4.0,5,75.6,12.0,5,秋山稔樹,53.0,ダ,1700.0,良,106.9,0.7,2-2-2-1,39.9,472.0,-2.0,フームスムート,77.0
2019102470,ダイチヴィヴァン,2022/08/21,2札幌4,晴,7.0,3歳以上1勝クラス,13,6.0,8,24.8,8.0,12,秋山稔樹,53.0,ダ,1700.0,良,108.2,2.5,9-10-10-8,39.5,474.0,6.0,スマートセプター,
2019102470,ダイチヴィヴァン,2022/07/03,2福島2,晴,12.0,3歳以上1勝クラス,15,6.0,11,4.8,3.0,6,岩田望来,54.0,ダ,1150.0,良,69.3,1.3,5-4,37.0,468.0,12.0,ライヴサファイア,
2019102470,ダイチヴィヴァン,2022/04/30,1福島5,晴,6.0,3歳未勝利,16,3.0,5,3.8,2.0,1,秋山稔樹,55.0,ダ,1150.0,重,68.4,-0.2,2-2,37.2,456.0,-12.0,(エバニスタ),520.0
2019102470,ダイチヴィヴァン,2022/04/10,3中山6,晴,1.0,3歳未勝利,16,3.0,6,4.1,2.0,2,秋山稔樹,55.0,ダ,1200.0,良,71.8,1.1,1-1,37.9,468.0,0.0,パウオレ,210.0
2019102470,ダイチヴィヴァン,2022/03/12,2中山5,晴,2.0,3歳未勝利,16,7.0,13,9.7,4.0,5,北村宏司,56.0,ダ,1200.0,良,72.7,0.8,2-2,38.1,468.0,-6.0,トラストパッキャオ,52.0
2019102470,ダイチヴィヴァン,2022/02/27,2中山2,晴,3.0,3歳未勝利,15,5.0,8,10.9,5.0,2,北村宏司,56.0,ダ,1200.0,良,73.7,0.5,2-2,38.2,474.0,-2.0,ザアトム,210.0
2019102470,ダイチヴィヴァン,2022/02/05,1東京3,晴,3.0,3歳未勝利,16,8.0,16,13.5,6.0,8,北村宏司,56.0,ダ,1600.0,良,101.0,1.7,2-3,39.1,476.0,6.0,ドンレパルス,
2019102470,ダイチヴィヴァン,2021/11/14,5東京4,晴,1.0,2歳未勝利,13,7.0,10,132.3,11.0,6,武士沢友,55.0,ダ,1600.0,良,101.2,2.6,7-6,40.4,470.0,-8.0,リンクスルーファス,
2019102470,ダイチヴィヴァン,2021/10/30,4東京7,晴,6.0,2歳新馬,16,6.0,11,79.1,11.0,6,武士沢友,55.0,ダ,1400.0,良,88.0,2.0,12-9,38.2,478.0,0.0,ヴァルツァーシャル,
2020102840,ブーバー,2026/07/04,高知,雨,4.0,ヴェガ特別,11,6.0,6,43.0,5.0,4.0,宮川実,55.0,ダ,1300.0,不,82.4,1.6,11-10-10-7,37.7,441.0,4.0,スカンジナビア,80.0
2020102840,ブーバー,2026/06/13,高知,晴,4.0,C1ー5,11,7.0,9,12.5,4.0,7.0,山田義貴,55.0,ダ,1400.0,稍,93.8,2.6,6-6-3-2,41.9,437.0,0.0,メイショウカズサ,
2020102840,ブーバー,2026/05/30,高知,晴,7.0,C2ー3,12,5.0,6,2.8,2.0,1.0,山田義貴,55.0,ダ,1400.0,稍,91.5,-0.3,6-5-4-3,39.4,437.0,1.0,(ゼントユウイ),80.0
2020102840,ブーバー,2026/05/16,高知,晴,10.0,小満特別(C2),12,5.0,6,31.8,7.0,4.0,山田義貴,55.0,ダ,1300.0,良,86.5,0.6,5-5-5-4,41.0,436.0,0.0,ビーム,32.0
2020102840,ブーバー,2026/05/03,高知,雨,3.0,C2ー6,10,5.0,5,4.1,2.0,2.0,赤岡修次,55.0,ダ,1400.0,不,90.2,0.0,4-3-1-1,38.4,436.0,-3.0,プリンセスダイヤ,32.0
2020102840,ブーバー,2026/04/18,高知,曇,5.0,スピカ特別,12,3.0,3,60.7,8.0,11.0,宮川実,55.0,ダ,1400.0,重,92.8,3.3,3-2-2-5,41.4,439.0,1.0,スカンジナビア,
2020102840,ブーバー,2026/04/04,高知,雨,12.0,ファイナルレース(C2),0,5.0,6,,,,郷間勇太,55.0,ダ,1400.0,不,,,,,,,,
2020102840,ブーバー,2026/03/25,高知,雨,7.0,C1ー2,10,7.0,9,17.5,7.0,5.0,郷間勇太,55.0,ダ,1300.0,不,82.4,1.1,8-8-7-6,38.3,438.0,11.0,ライゾマティクス,9.0
2020102840,ブーバー,2026/02/11,高知,曇,8.0,白山洞門特別(C1),10,3.0,3,4.4,2.0,9.0,郷間勇太,55.0,ダ,1300.0,重,85.7,1.5,6-6-7-7,39.0,427.0,-9.0,ピストンボーイ,
2020102840,ブーバー,2026/01/27,高知,晴,8.0,C1ー2,10,7.0,8,3.1,1.0,1.0,郷間勇太,55.0,ダ,1400.0,良,91.0,-0.5,3-3-3-1,39.1,436.0,-3.0,(ボマライン),90.0
2020102840,ブーバー,2026/01/12,高知,晴,6.0,ベラトリックス特別,12,7.0,10,17.1,5.0,9.0,宮川実,55.0,ダ,1400.0,良,92.3,1.0,6-6-7-7,40.0,439.0,9.0,シンリンゲンカイ,
2020102840,ブーバー,2025/12/07,5中京2,晴,9.0,犬山特別(2勝クラス),16,3.0,6,86.9,13.0,16.0,富田暁,56.0,ダ,1800.0,良,115.9,3.4,1-1-1-1,41.9,430.0,-2.0,エイシンナデシコ,
2020102840,ブーバー,2025/10/25,4新潟3,曇,10.0,菅名岳特別(2勝クラス),15,7.0,13,106.0,12.0,10.0,菊沢一樹,56.0,ダ,1800.0,良,112.6,1.9,1-1-1-1,38.6,432.0,0.0,アスクシュタイン,
2020102840,ブーバー,2025/08/09,2新潟5,晴,6.0,三面川特別(2勝クラス),16,3.0,5,168.0,14.0,15.0,菊沢一樹,56.0,芝,1800.0,良,107.0,2.4,4-3,36.2,432.0,4.0,エバーハピネス,
2020102840,ブーバー,2025/06/28,2福島1,晴,9.0,松島特別(2勝クラス),8,7.0,7,54.8,8.0,8.0,菊沢一樹,56.0,芝,2000.0,良,123.5,2.2,1-1-2-2,37.2,428.0,0.0,レミージュ,
2020102840,ブーバー,2025/04/19,1福島3,晴,11.0,ラジオ福島賞(2勝クラス),15,7.0,12,14.3,7.0,6.0,菊沢一樹,53.0,ダ,1700.0,良,107.5,0.9,1-1-1-1,39.2,428.0,-6.0,クーアフュルスト,
2020102840,ブーバー,2025/02/01,1小倉3,雨,9.0,平尾台特別(2勝クラス),16,8.0,16,63.0,13.0,16.0,荻野極,56.0,ダ,1700.0,稍,111.8,6.7,1-2-13-16,44.2,434.0,0.0,カマチョクイン,
2020102840,ブーバー,2024/11/17,5東京6,晴,9.0,3歳以上2勝クラス,16,5.0,9,92.9,10.0,16.0,江田照男,56.0,ダ,1600.0,良,100.3,4.3,1-2,41.7,434.0,0.0,ラフエイジアン,
2020102840,ブーバー,2024/11/03,3福島2,晴,10.0,河北新報杯(2勝クラス),15,4.0,6,8.5,5.0,4.0,江田照男,56.0,ダ,1700.0,重,104.5,1.3,1-1-1-1,38.9,434.0,10.0,クロースコンバット,230.0
2020102840,ブーバー,2024/09/01,3新潟8,晴,10.0,両津湾特別(2勝クラス),15,1.0,1,37.5,7.0,7.0,吉田豊,56.0,ダ,1800.0,良,113.7,1.7,4-3-4-7,39.1,424.0,0.0,ハビレ,
2020102840,ブーバー,2024/06/30,2福島2,曇,10.0,いわき特別(2勝クラス),13,2.0,2,20.8,7.0,2.0,吉田豊,56.0,ダ,1700.0,良,106.0,0.3,1-1-1-1,37.4,424.0,-2.0,サノノエスポ,629.0
2020102840,ブーバー,2024/05/05,1新潟4,晴,9.0,咲花特別(2勝クラス),15,3.0,5,175.3,15.0,7.0,石田拓郎,56.0,ダ,1800.0,良,113.9,0.4,2-2-1-1,38.5,426.0,2.0,オシゲ,
2020102840,ブーバー,2024/03/02,2小倉7,晴,11.0,早鞆特別(2勝クラス),16,1.0,2,80.9,15.0,16.0,河原田菜,53.0,ダ,1700.0,稍,109.0,5.3,2-3-9-16,42.7,424.0,-4.0,アイファーテイオー,
2020102840,ブーバー,2024/02/10,2小倉1,晴,7.0,4歳以上1勝クラス,11,4.0,4,15.6,7.0,1.0,河原田菜,51.0,ダ,1700.0,稍,107.2,-0.1,1-1-1-1,37.5,428.0,6.0,(トウロウノオノ),800.0
2020102840,ブーバー,2023/12/16,4中京5,曇,3.0,3歳以上1勝クラス,16,2.0,3,68.9,11.0,7.0,鷲頭虎太,52.0,ダ,1400.0,重,84.9,0.7,2-2,38.3,422.0,-16.0,ジョヴィアン,
2020102840,ブーバー,2023/11/10,笠松,雨,12.0,アルチスタ特別(C),10,3.0,3,4.3,3.0,1.0,今井貴大,54.0,ダ,1400.0,不,88.7,-0.3,1-1-1,38.5,438.0,-10.0,(コトシロ),60.0
2020102840,ブーバー,2023/10/27,笠松,晴,5.0,笠松けいば金曜日ライ(C),8,1.0,1,1.8,1.0,1.0,今井貴大,54.0,ダ,1400.0,良,90.3,-1.2,1-1-1,39.5,448.0,30.0,(セイオニックス),40.0
2020102840,ブーバー,2023/09/03,3新潟8,晴,7.0,3歳未勝利,15,2.0,2,12.6,6.0,7.0,石田拓郎,51.0,ダ,1200.0,良,73.9,0.8,3-4,38.2,418.0,-2.0,フクチャンビーナス,
2020102840,ブーバー,2023/08/26,3新潟5,晴,3.0,3歳未勝利,15,5.0,9,7.1,4.0,3.0,石田拓郎,51.0,ダ,1200.0,良,73.3,0.2,2-2,38.2,420.0,4.0,ケイトポムドゥパン,140.0
2020102840,ブーバー,2023/06/25,1函館6,晴,3.0,3歳未勝利,12,6.0,7,25.9,8.0,8.0,石田拓郎,51.0,ダ,1000.0,重,59.9,0.9,5-5,36.3,416.0,-2.0,シンリンゲンカイ,
2020102840,ブーバー,2023/06/17,1函館3,曇,3.0,3歳未勝利,11,7.0,9,4.6,3.0,5.0,石田拓郎,51.0,ダ,1000.0,良,60.5,0.8,4-3,36.9,418.0,-2.0,オコジュ,55.0
2020102840,ブーバー,2023/05/21,1新潟8,晴,1.0,3歳未勝利,15,3.0,5,190.8,13.0,2.0,石田拓郎,51.0,ダ,1200.0,良,72.2,0.2,1-1,38.1,420.0,2.0,サラマックイーン,220.0
2020102840,ブーバー,2023/04/09,1福島2,晴,6.0,3歳未勝利,16,2.0,4,58.4,11.0,9.0,横山琉人,53.0,ダ,1150.0,稍,71.1,2.0,7-6,38.5,418.0,2.0,カゲマル,
2020102840,ブーバー,2023/01/22,1小倉4,晴,2.0,3歳未勝利,18,4.0,8,11.7,7.0,11.0,佐々木大,51.0,芝,1200.0,良,70.0,1.3,6-9,36.2,416.0,-4.0,トーホウフランゴ,
2020102840,ブーバー,2022/11/19,3福島5,晴,4.0,2歳未勝利,16,6.0,11,9.9,3.0,6.0,永島まな,50.0,芝,1200.0,良,71.7,1.4,8-6,36.5,420.0,8.0,トロピカルヒーロー,
2020102840,ブーバー,2022/11/05,3福島1,晴,2.0,2歳未勝利,16,1.0,2,61.8,11.0,3.0,佐々木大,51.0,芝,1200.0,良,69.8,0.4,5-5,35.8,412.0,2.0,オーサムサンライズ,130.0
2020102840,ブーバー,2022/09/04,3新潟8,晴,6.0,2歳新馬,17,8.0,18,21.8,7.0,12.0,菅原明良,54.0,芝,1400.0,良,85.3,1.6,1-1,37.7,410.0,0.0,コーパスクリスティ,
2022101427,ビーム,2026/07/11,高知,晴,6.0,C1ー4,12,5.0,5,12.9,4.0,9,西森将司,57.0,ダ,1400.0,重,92.8,1.3,10-10-9-9,40.2,493.0,2.0,コリエドール,
2022101427,ビーム,2026/05/31,高知,晴,7.0,C1ー4,11,6.0,7,2.8,2.0,8,赤岡修次,57.0,ダ,1600.0,稍,107.7,2.5,4-3-3-4,41.9,491.0,1.0,ダオラダオラ,
2022101427,ビーム,2026/05/16,高知,晴,10.0,小満特別(C2),12,6.0,7,2.2,1.0,1,赤岡修次,57.0,ダ,1300.0,良,85.9,-0.4,6-6-5-2,40.2,490.0,-4.0,(プリンセスダイヤ),160.0
2022101427,ビーム,2026/04/18,高知,曇,7.0,C2ー5,11,5.0,5,1.8,1.0,2,赤岡修次,57.0,ダ,1600.0,重,106.9,0.0,7-8-5-1,39.8,494.0,-1.0,ディープカインズ,32.0
2022101427,ビーム,2026/04/05,高知,晴,3.0,C2ー6,9,8.0,9,1.3,1.0,2,永森大智,57.0,ダ,1400.0,不,89.6,0.3,2-2-1-1,38.3,495.0,1.0,エヌマエリシュ,32.0
2022101427,ビーム,2026/03/17,高知,晴,3.0,ハルリンドウ特別(C3),6,3.0,3,3.2,2.0,1,赤岡修次,57.0,ダ,1400.0,良,93.0,0.0,2-2-2-2,40.1,494.0,-5.0,(スリーローズ),110.0
2022101427,ビーム,2026/02/18,高知,晴,5.0,C3ー5,10,8.0,9,1.6,1.0,1,赤岡修次,57.0,ダ,1600.0,稍,108.0,-0.8,5-5-4-1,39.1,499.0,3.0,(クリノバーグマン),60.0
2022101427,ビーム,2026/02/03,高知,晴,4.0,C3ー6,8,6.0,6,4.0,3.0,2,赤岡修次,57.0,ダ,1400.0,良,91.1,0.0,3-3-3-2,37.9,496.0,-7.0,スリーローズマリー,24.0
2022101427,ビーム,2025/12/23,園田,晴,8.0,C2一,10,8.0,9,4.7,2.0,9,笹田知宏,57.0,ダ,1400.0,稍,94.8,3.0,6-5-5-7,43.2,503.0,4.0,ベラジオハルカ,
2022101427,ビーム,2025/12/04,園田,晴,5.0,西宮砲台スプリントC(C2),12,6.0,7,4.1,3.0,5,笹田知宏,58.0,ダ,1230.0,良,81.3,0.3,2-2-2-2,40.3,499.0,-4.0,スマートビビット,7.0
2022101427,ビーム,2025/11/13,園田,曇,8.0,C2二,10,8.0,9,1.8,1.0,1,笹田知宏,57.0,ダ,1400.0,稍,93.3,-0.3,2-2-2-1,41.3,503.0,-2.0,(ワーキングアセット),70.0
2022101427,ビーム,2025/10/15,園田,曇,7.0,C2二,10,2.0,2,2.7,2.0,3,笹田知宏,57.0,ダ,1400.0,良,92.7,0.7,1-1-1-1,40.3,505.0,13.0,ジョーブラック,17.5
2022101427,ビーム,2025/08/02,3中京3,晴,5.0,3歳未勝利,16,7.0,13,11.1,4.0,6,岩田康誠,57.0,ダ,1400.0,良,86.8,2.0,9-9,39.1,492.0,4.0,モズケイスター,
2022101427,ビーム,2025/07/20,2小倉8,晴,3.0,3歳未勝利,16,2.0,4,5.0,2.0,5,岩田康誠,57.0,ダ,1700.0,稍,107.7,1.6,4-3-3-4,40.2,488.0,2.0,エイシンマールス,56.0
2022101427,ビーム,2025/02/15,1小倉7,晴,2.0,3歳未勝利,18,7.0,13,5.0,2.0,3,丹内祐次,57.0,芝,1200.0,良,68.8,0.8,11-8,34.7,486.0,0.0,ヴェントゥーラ,140.0
2022101427,ビーム,2025/01/25,1小倉1,晴,2.0,3歳未勝利,17,7.0,13,7.0,3.0,4,岩田望来,57.0,芝,1200.0,良,69.2,0.5,3-3,35.7,486.0,-4.0,オンザブルースカイ,84.0
2022101427,ビーム,2024/10/19,5京都5,曇,5.0,2歳新馬,14,3.0,4,2.7,1.0,12,岩田康誠,56.0,芝,1400.0,稍,84.3,1.6,1-1,37.8,490.0,0.0,アクルクス,
2018106458,メイショウミカワ,2026/06/27,2小倉1,曇,11.0,薩摩S(3勝クラス),15,4.0,6,63.1,12.0,11,松若風馬,58.0,ダ,1700.0,重,104.9,2.0,15-13-11-14,38.1,516.0,-6.0,ゴッドブルービー,
2018106458,メイショウミカワ,2026/02/21,1小倉9,晴,11.0,小倉城S(3勝クラス),13,4.0,4,10.1,7.0,12,太宰啓介,58.0,ダ,1700.0,良,107.7,2.6,6-6-5-6,39.3,522.0,-8.0,オーケーバーディー,
2018106458,メイショウミカワ,2026/02/07,1小倉5,晴,11.0,豊前S(3勝クラス),16,5.0,9,11.8,5.0,10,太宰啓介,55.0,ダ,1700.0,良,105.9,0.5,7-7-9-8,37.6,530.0,8.0,カペルブリュッケ,
2018106458,メイショウミカワ,2025/12/14,5阪神4,晴,10.0,竹田城S(3勝クラス),16,3.0,6,53.2,11.0,5,太宰啓介,55.0,ダ,2000.0,良,125.3,0.7,2-2-2-2,38.4,522.0,-6.0,ロードプレジール,184.0
2018106458,メイショウミカワ,2025/11/30,4京都8,晴,10.0,花園S(3勝クラス),16,3.0,5,53.2,11.0,8,富田暁,58.0,ダ,1800.0,良,112.4,1.7,5-6-4-5,39.3,528.0,6.0,ロードラビリンス,
2018106458,メイショウミカワ,2025/11/08,5東京1,晴,10.0,錦秋S(3勝クラス),11,7.0,8,27.6,7.0,7,横山和生,58.0,ダ,1600.0,良,96.8,1.0,4-4,36.7,522.0,10.0,ナイトアクアリウム,
2018106458,メイショウミカワ,2025/07/20,2小倉8,晴,10.0,宮崎S(3勝クラス),13,3.0,3,4.0,1.0,4,高杉吏麒,56.0,ダ,1700.0,良,104.1,0.4,4-4-2-2,38.1,512.0,-4.0,レアンダー,280.0
2018106458,メイショウミカワ,2025/06/28,2小倉1,晴,11.0,博多S(3勝クラス),16,8.0,16,11.3,6.0,3,高杉吏麒,58.0,ダ,1700.0,良,104.4,0.2,2-2-2-2,37.3,516.0,0.0,サイモンザナドゥ,465.3
2018106458,メイショウミカワ,2025/05/17,2京都7,晴,10.0,上賀茂S(3勝クラス),16,2.0,4,69.3,15.0,3,高杉吏麒,58.0,ダ,1800.0,不,109.1,0.7,8-8-4-4,36.1,516.0,0.0,グーデンドラーク,465.1
2018106458,メイショウミカワ,2025/04/26,2京都1,晴,10.0,観月橋S(3勝クラス),12,7.0,10,64.0,8.0,6,武豊,58.0,ダ,1900.0,良,119.4,1.4,9-9-10-6,36.9,516.0,0.0,ジンセイ,
2018106458,メイショウミカワ,2025/01/25,1中京8,晴,11.0,瀬戸S(3勝クラス),14,7.0,11,88.9,10.0,4,吉村誠之,58.0,ダ,1900.0,良,118.7,0.7,9-9-9-7,36.9,516.0,-4.0,テーオーパスワード,280.0
2018106458,メイショウミカワ,2025/01/18,1中山6,晴,10.0,アレキサンドライトS(3勝クラス),16,2.0,3,71.4,12.0,11,菊沢一樹,56.0,ダ,1800.0,良,114.3,1.9,6-6-3-3,40.1,520.0,18.0,マーブルロック,
2018106458,メイショウミカワ,2024/09/16,3中京5,晴,11.0,JRA70THアニバ(3勝クラス),16,8.0,15,16.6,6.0,9,川田将雅,58.0,ダ,1800.0,良,112.6,1.5,2-2-2-2,38.7,502.0,4.0,カズペトシーン,
2018106458,メイショウミカワ,2024/07/13,3小倉5,雨,11.0,宮崎S(3勝クラス),15,6.0,12,9.6,4.0,5,西村淳也,57.0,ダ,1700.0,良,104.0,0.5,3-3-3-3,37.2,498.0,2.0,クレスコジョケツ,184.0
2018106458,メイショウミカワ,2024/06/30,3小倉2,曇,10.0,薩摩S(3勝クラス),15,2.0,4,16.2,8.0,7,西村淳也,58.0,ダ,1700.0,重,103.7,1.1,8-8-6-6,38.0,496.0,-18.0,レリジールダモーレ,
2018106458,メイショウミカワ,2024/02/17,2京都7,晴,10.0,河原町S(3勝クラス),16,3.0,6,14.5,5.0,10,武豊,57.0,ダ,1400.0,稍,84.7,0.9,6-5,37.2,514.0,12.0,レディフォース,
2018106458,メイショウミカワ,2023/09/24,4中山7,晴,10.0,内房S(3勝クラス),13,7.0,10,4.2,2.0,2,西村淳也,58.0,ダ,1800.0,稍,113.2,0.0,4-3-5-4,37.9,502.0,-8.0,ダノンマデイラ,747.8
2018106458,メイショウミカワ,2023/09/03,3小倉8,晴,10.0,宮崎S(3勝クラス),15,5.0,9,5.4,3.0,2,西村淳也,58.0,ダ,1700.0,良,104.9,0.1,2-2-2-2,37.9,510.0,0.0,リキサントライ,749.0
2018106458,メイショウミカワ,2023/08/05,2新潟3,晴,10.0,柳都S(3勝クラス),15,7.0,12,28.7,8.0,4,西村淳也,58.0,ダ,1800.0,良,112.7,0.6,2-2-2-2,38.6,510.0,24.0,アスクドゥラメンテ,280.0
2018106458,メイショウミカワ,2023/02/25,1阪神5,晴,10.0,伊丹S(3勝クラス),16,7.0,14,44.3,10.0,5,泉谷楓真,58.0,ダ,1800.0,稍,111.8,0.7,13-14-12-12,36.5,486.0,2.0,キングズソード,184.0
2018106458,メイショウミカワ,2023/02/12,1阪神2,晴,10.0,茨木S(3勝クラス),13,2.0,2,14.4,6.0,5,武豊,55.0,ダ,1800.0,良,113.4,0.6,1-1-1-1,38.0,484.0,-6.0,ペルアア,184.0
2018106458,メイショウミカワ,2023/01/09,1中京4,晴,10.0,雅S(3勝クラス),16,4.0,7,20.3,7.0,5,武豊,58.0,ダ,1800.0,良,113.4,0.5,9-10-10-9,37.1,490.0,2.0,オディロン,184.0
2018106458,メイショウミカワ,2022/12/17,6中京5,小雨,11.0,尾頭橋S(3勝クラス),16,3.0,6,12.2,7.0,7,浜中俊,57.0,ダ,1800.0,良,114.4,0.3,11-11-10-12,36.7,488.0,4.0,ゴールドハイアー,
2018106458,メイショウミカワ,2022/11/12,5阪神3,晴,10.0,堺S(3勝クラス),14,6.0,9,11.6,5.0,4,武豊,57.0,ダ,1800.0,良,112.2,1.0,9-9-9-8,38.3,484.0,-2.0,フィロロッソ,280.0
2018106458,メイショウミカワ,2022/10/16,4阪神5,晴,12.0,平城京S(3勝クラス),15,7.0,12,12.2,5.0,3,武豊,54.0,ダ,1800.0,良,113.0,0.3,13-14-14-12,36.8,486.0,0.0,ディパッセ,464.9
2018106458,メイショウミカワ,2022/09/19,5中京5,雨,11.0,JRAアニバーサリー(3勝クラス),16,8.0,15,29.2,9.0,8,武豊,54.0,ダ,1800.0,重,112.4,1.9,6-5-3-3,38.9,486.0,4.0,フラーレン,
2018106458,メイショウミカワ,2022/05/29,2東京12,晴,9.0,薫風S(3勝クラス),13,5.0,6,15.2,7.0,12,武豊,57.0,ダ,1600.0,良,97.9,2.1,3-4,37.8,482.0,-2.0,ディアセオリー,
2018106458,メイショウミカワ,2022/05/14,3中京3,晴,10.0,三河S(3勝クラス),16,7.0,14,8.9,4.0,5,武豊,54.0,ダ,1800.0,不,111.2,0.9,8-9-7-6,38.1,484.0,10.0,スレイマン,184.0
2018106458,メイショウミカワ,2022/04/10,2阪神6,晴,8.0,吹田特別(2勝クラス),13,7.0,11,5.1,2.0,1,武豊,57.0,ダ,1800.0,良,113.3,-0.1,6-6-4-4,37.9,474.0,-10.0,(テイエムベンチャー),1540.1
2018106458,メイショウミカワ,2022/03/19,2中京3,曇,9.0,矢作川特別(2勝クラス),16,5.0,10,2.4,1.0,8,武豊,55.0,ダ,1800.0,重,112.8,1.0,10-10-11-12,37.3,484.0,-2.0,フラーレン,
2018106458,メイショウミカワ,2022/01/09,1中京3,晴,9.0,濃尾特別(2勝クラス),15,5.0,8,6.2,3.0,3,武豊,56.0,ダ,1800.0,良,113.7,0.5,1-1-1-1,36.6,486.0,0.0,レプンカムイ,386.0
2018106458,メイショウミカワ,2021/12/18,6中京5,晴,8.0,3歳以上1勝クラス,12,2.0,2,1.8,1.0,1,武豊,56.0,ダ,1800.0,重,110.6,-0.5,2-3-3-2,37.3,486.0,0.0,(アメリカンピース),760.0
2018106458,メイショウミカワ,2021/12/05,6中京2,曇,7.0,3歳以上1勝クラス,14,6.0,9,1.8,1.0,2,武豊,56.0,ダ,1800.0,良,113.8,1.0,8-7-9-8,37.8,486.0,8.0,ラズルダズル,300.0
2018106458,メイショウミカワ,2021/09/12,5中京2,曇,7.0,3歳以上1勝クラス,11,6.0,6,4.0,2.0,1,武豊,54.0,ダ,1800.0,良,111.4,-0.8,2-2-3-3,38.1,478.0,-6.0,(キースローガン),760.0
2018106458,メイショウミカワ,2021/09/05,4小倉8,曇,6.0,3歳未勝利,16,5.0,9,5.3,2.0,2,武豊,56.0,ダ,1700.0,稍,105.4,0.1,1-1-1-1,38.7,484.0,0.0,ヨロシオスナ,200.0
2018106458,メイショウミカワ,2021/08/21,4小倉3,曇,2.0,3歳未勝利,16,8.0,16,4.9,2.0,2,武豊,56.0,ダ,1700.0,良,107.3,0.1,4-4-2-1,39.7,484.0,6.0,ドローム,200.0
2018106458,メイショウミカワ,2021/07/11,3小倉4,晴,2.0,3歳未勝利,16,6.0,11,30.4,8.0,8,太宰啓介,56.0,芝,1800.0,良,107.2,1.4,15-15-13-8,34.6,478.0,4.0,メイショウシンタケ,
2018106458,メイショウミカワ,2021/06/06,4中京2,晴,6.0,3歳未勝利,16,6.0,12,16.9,6.0,10,太宰啓介,56.0,芝,1600.0,良,95.6,1.8,4-3-3,36.1,474.0,-6.0,サマートゥリスト,
2018106458,メイショウミカワ,2021/05/22,2新潟5,晴,7.0,3歳未勝利,16,8.0,16,9.1,5.0,5,泉谷楓真,54.0,芝,1800.0,稍,110.6,0.5,12-12,35.9,480.0,0.0,ドンナセレーノ,51.0
2018106458,メイショウミカワ,2021/05/01,2阪神11,晴,5.0,3歳未勝利,15,5.0,9,13.7,7.0,6,太宰啓介,56.0,芝,1800.0,良,106.4,0.7,8-5,34.9,480.0,0.0,コーディアル,
2018106458,メイショウミカワ,2021/04/18,2阪神8,晴,3.0,3歳未勝利,18,7.0,15,37.1,8.0,3,太宰啓介,56.0,芝,1600.0,稍,95.3,0.2,16-13,34.9,480.0,-4.0,スズカトップバゴ,130.0
2018106458,メイショウミカワ,2020/12/05,6阪神1,晴,4.0,2歳未勝利,11,5.0,5,189.8,11.0,5,太宰啓介,55.0,芝,1800.0,良,108.1,0.6,10-8,34.4,484.0,-2.0,レッドジェネシス,51.0
2018106458,メイショウミカワ,2020/11/21,5阪神5,晴,5.0,2歳新馬,8,8.0,8,80.4,7.0,6,太宰啓介,55.0,芝,1600.0,良,96.9,1.4,7-7,34.3,486.0,0.0,レゾンドゥスリール,
2022104022,タイムイズマネー,2026/07/11,高知,晴,5.0,C1ー5,11,6.0,7,2.7,2.0,2,宮川実,57.0,ダ,1400.0,重,91.9,1.1,1-1-1-1,40.3,452.0,0.0,プラウドヘリテージ,40.0
2022104022,タイムイズマネー,2026/06/27,高知,雨,10.0,短夜特別(C2),10,7.0,8,1.4,1.0,2,宮川実,57.0,ダ,1400.0,不,89.9,0.5,1-1-1-1,39.7,452.0,6.0,メイショウハマギク,64.0
2022104022,タイムイズマネー,2026/05/30,高知,晴,6.0,C2ー4,11,3.0,3,1.7,1.0,1,宮川実,57.0,ダ,1400.0,稍,91.5,-0.7,1-1-1-1,39.7,446.0,-21.0,(リワードエレイン),80.0
2022104022,タイムイズマネー,2026/02/09,船橋,晴,10.0,浜風スプリント(B3),12,5.0,5,5.2,3.0,4,御神本訓,56.0,ダ,1200.0,良,76.2,0.8,2-2-2,40.0,467.0,4.0,ヤギリドリーム,40.5
2022104022,タイムイズマネー,2026/01/19,船橋,晴,10.0,初鷹スプリント(B3),12,6.0,7,3.0,1.0,8,御神本訓,56.0,ダ,1200.0,良,76.2,1.3,1-1-1,40.4,463.0,3.0,トールハンマー,
2022104022,タイムイズマネー,2025/09/30,船橋,晴,12.0,新鮮野菜とBBQなら(B3),12,4.0,4,1.9,1.0,11,御神本訓,55.0,ダ,1200.0,良,76.4,1.9,9-6-6,39.7,460.0,1.0,アトモスフィア,
2022104022,タイムイズマネー,2025/08/31,船橋,晴,9.0,獅子奮迅スプリント(C1二),12,6.0,7,1.9,1.0,1,御神本訓,55.0,ダ,1200.0,良,74.3,-0.3,1-1-1,38.7,459.0,5.0,(ホウオウヴィーナス),180.0
2022104022,タイムイズマネー,2025/07/31,船橋,晴,8.0,乗馬クラブクレイン千(3歳),8,3.0,3,2.2,1.0,1,御神本訓,56.0,ダ,1200.0,良,74.5,-0.4,1-1-1,38.1,454.0,-3.0,(ヒョンニム),200.0
2022104022,タイムイズマネー,2025/06/30,船橋,晴,7.0,3歳二,6,6.0,6,1.4,1.0,4,澤田龍哉,56.0,ダ,1200.0,良,74.8,0.3,2-2-2,38.3,457.0,-3.0,キングスバリー,30.0
2022104022,タイムイズマネー,2025/06/02,船橋,曇,1.0,3歳四,12,6.0,7,1.1,1.0,1,御神本訓,56.0,ダ,1200.0,稍,76.1,-0.9,2-2-2,39.9,460.0,10.0,(ミライヘノテンシ),200.0
2022104022,タイムイズマネー,2025/03/29,2阪神1,晴,3.0,3歳未勝利,16,2.0,3,27.2,9.0,8,西村淳也,57.0,ダ,1200.0,稍,74.3,0.8,3-4,39.0,450.0,-6.0,タイセイディアマン,
2022104022,タイムイズマネー,2025/03/15,1阪神5,曇,2.0,3歳未勝利,16,4.0,7,8.8,5.0,6,西村淳也,57.0,ダ,1200.0,良,74.3,2.1,4-4,38.7,456.0,-4.0,ゲッティヴィラ,
2022104022,タイムイズマネー,2025/01/11,1中京3,晴,2.0,3歳未勝利,16,2.0,3,4.6,3.0,15,坂井瑠星,57.0,ダ,1200.0,良,76.3,2.7,4-4,41.1,460.0,-4.0,ワイルドブッター,
2022104022,タイムイズマネー,2024/12/14,7京都5,曇,6.0,2歳新馬,14,5.0,8,1.5,1.0,3,岩田望来,56.0,ダ,1200.0,良,74.7,1.5,3-3,37.9,464.0,0.0,ペイシャヴァルツー,180.0
2018104574,ローズボウル,2026/07/11,高知,晴,6.0,C1ー4,12,2.0,2,14.8,6.0,2,郷間勇太,57.0,ダ,1400.0,重,91.8,0.3,8-7-7-7,39.4,531.0,-5.0,コリエドール,40.0
2018104574,ローズボウル,2026/06/27,高知,曇,6.0,C1ー5,10,3.0,3,14.5,3.0,4,郷間勇太,57.0,ダ,1600.0,不,104.7,0.9,5-4-3-3,39.0,536.0,7.0,ウィズユアドリーム,20.0
2018104574,ローズボウル,2026/03/23,高知,晴,7.0,Bー2,11,6.0,7,42.6,9.0,10,宮川実,57.0,ダ,1400.0,重,92.5,2.7,11-11-11-11,39.2,529.0,-5.0,ウインアウォード,
2018104574,ローズボウル,2026/02/17,高知,晴,7.0,Bー2,7,6.0,6,2.3,1.0,5,赤岡修次,57.0,ダ,1600.0,稍,108.6,1.5,5-5-6-6,40.6,534.0,2.0,デルマアズラエル,12.0
2018104574,ローズボウル,2026/01/25,高知,晴,10.0,ジャニュアリー特別(A),7,5.0,5,30.7,5.0,5,山崎雅由,57.0,ダ,1600.0,良,106.6,0.6,6-6-6-5,38.9,532.0,4.0,ウインヴェルデ,20.0
2018104574,ローズボウル,2026/01/01,高知,晴,6.0,初夢特別,12,5.0,5,6.4,3.0,8,赤岡修次,57.0,ダ,1400.0,良,92.1,1.6,11-10-10-10,39.0,528.0,-5.0,オタマジャクシ,
2018104574,ローズボウル,2025/12/07,高知,晴,6.0,長浜特別,12,6.0,8,7.9,5.0,5,宮川実,57.0,ダ,1800.0,良,122.7,0.7,11-11-11-8,39.6,533.0,-7.0,サノノエスポ,50.0
2018104574,ローズボウル,2025/11/08,高知,晴,10.0,黒尊川特別(B),9,8.0,8,3.6,2.0,3,井上瑛太,57.0,ダ,1600.0,稍,106.0,0.8,8-8-8-6,38.9,540.0,15.0,ビオグラフィア,50.0
2018104574,ローズボウル,2025/10/25,高知,曇,10.0,三宝山特別(B),12,4.0,4,3.2,2.0,2,宮川実,57.0,ダ,1400.0,不,89.5,0.2,10-10-10-7,37.4,525.0,-7.0,ビオグラフィア,64.0
2018104574,ローズボウル,2025/10/11,高知,雨,10.0,Bー2,8,5.0,5,3.2,3.0,1,宮川実,57.0,ダ,1600.0,稍,106.1,0.0,7-7-7-5,38.4,532.0,5.0,(オーラビルス),84.0
2018104574,ローズボウル,2025/09/02,大井,晴,9.0,セプテンバー賞競走(A2B1),5,3.0,3,21.8,4.0,4,野畑凌,57.0,ダ,1800.0,良,116.4,1.3,5-5-5-5,38.0,527.0,4.0,タンゴノアール,93.0
2018104574,ローズボウル,2025/08/14,大井,晴,11.0,東京記念トライアル競(OP)(3上),8,1.0,1,81.6,8.0,5,野畑凌,54.0,ダ,2400.0,良,158.2,1.7,8-8-8-8,38.6,523.0,3.0,グリューヴルム,70.0
2018104574,ローズボウル,2025/08/01,船橋,曇,11.0,海ほたる特別(A2B1),10,1.0,1,81.1,8.0,7,野畑凌,57.0,ダ,1700.0,良,110.0,2.2,10-10-10-9,38.6,520.0,4.0,ラブリービュー,
2018104574,ローズボウル,2025/07/01,大井,雨,11.0,ルビー賞競走(A2),7,5.0,5,30.1,7.0,5,本田正重,57.0,ダ,1800.0,良,114.9,2.3,6-6-6-5,38.5,516.0,-7.0,ラブラブパイロ,62.0
2018104574,ローズボウル,2025/05/20,大井,晴,11.0,エメラルド賞競走(A2),12,4.0,4,83.2,10.0,10,鷹見陸,55.0,ダ,1800.0,稍,115.4,2.2,6-6-5-6,39.1,523.0,0.0,ユーアオンフリーク,
2018104574,ローズボウル,2025/04/18,大井,曇,11.0,エイプリル賞競走(A2),8,5.0,5,8.8,5.0,3,鷹見陸,56.0,ダ,1800.0,良,114.6,0.3,6-5-7-5,38.0,523.0,2.0,ハデスキーパー,155.0
2018104574,ローズボウル,2025/03/14,大井,晴,11.0,ブリリアントカップト(A2),14,7.0,11,278.2,12.0,4,鷹見陸,56.0,ダ,1800.0,稍,114.9,1.7,11-11-11-10,38.5,521.0,-3.0,リベイクフルシティ,93.0
2018104574,ローズボウル,2025/02/17,大井,曇,11.0,品川オープン競走(OP)(4上),15,8.0,16,84.0,10.0,10,野畑凌,54.0,ダ,1800.0,良,116.6,2.8,9-9-9-9,38.8,524.0,2.0,ダテノショウグン,
2018104574,ローズボウル,2025/01/29,大井,晴,11.0,金盃競走(重賞),15,7.0,13,55.7,9.0,10,野畑凌,56.0,ダ,2600.0,良,172.7,2.9,12-11-11-10,40.3,522.0,-2.0,キリンジ,
2018104574,ローズボウル,2024/12/15,5中山6,晴,10.0,北総S(3勝クラス),16,2.0,4,143.3,15.0,9,石川裕紀,58.0,ダ,1800.0,良,113.9,1.1,16-16-16-16,38.3,524.0,10.0,ハビレ,
2018104574,ローズボウル,2024/10/19,4東京5,曇,10.0,神無月S(3勝クラス),15,3.0,5,118.1,14.0,12,石橋脩,55.0,ダ,2100.0,良,132.6,2.1,15-15-14-15,37.9,514.0,4.0,ダノンブレット,
2018104574,ローズボウル,2024/05/19,2東京10,曇,10.0,エアグルーヴC(3勝クラス),16,6.0,11,72.7,12.0,11,武藤雅,56.0,ダ,2100.0,良,131.6,1.1,16-16-16-15,36.5,510.0,-6.0,ルクスフロンティア,
2018104574,ローズボウル,2024/03/16,2中山7,晴,10.0,韓国馬事会杯(3勝クラス),14,7.0,12,51.0,10.0,10,小林勝太,58.0,ダ,1800.0,良,113.7,2.2,11-11-13-14,39.6,516.0,-2.0,ブレイクフォース,
2018104574,ローズボウル,2024/03/02,2中山3,曇,10.0,上総S(3勝クラス),14,8.0,14,25.9,9.0,7,石川裕紀,56.0,ダ,1800.0,重,113.2,0.6,3-3-2-3,37.3,518.0,0.0,ミラクルティアラ,
2018104574,ローズボウル,2024/01/21,1中山7,曇,10.0,アレキサンドライトS(3勝クラス),16,3.0,5,34.4,9.0,13,石川裕紀,58.0,ダ,1800.0,不,112.0,1.4,16-16-16-13,36.7,518.0,4.0,ダイシンピスケス,
2018104574,ローズボウル,2024/01/08,1中山3,晴,10.0,招福S(3勝クラス),16,3.0,5,31.5,9.0,3,石川裕紀,56.0,ダ,1800.0,良,114.4,0.1,15-15-15-11,38.2,514.0,0.0,ロードアヴニール,465.1
2018104574,ローズボウル,2023/12/09,5中山3,晴,12.0,3歳以上2勝クラス,16,1.0,2,22.0,8.0,1,石川裕紀,58.0,ダ,2400.0,良,155.5,-0.1,12-11-9-5,37.9,514.0,10.0,(ケリーズノベル),1140.0
2018104574,ローズボウル,2023/10/09,4東京3,雨,9.0,昇仙峡特別(2勝クラス),16,3.0,5,18.5,8.0,6,武藤雅,57.0,ダ,2100.0,不,130.7,1.1,16-16-16-16,36.3,504.0,-6.0,グリューヴルム,
2018104574,ローズボウル,2023/09/16,4中山3,晴,9.0,松戸特別(2勝クラス),16,4.0,8,8.4,3.0,9,武藤雅,58.0,ダ,2400.0,良,156.4,2.3,6-6-6-6,41.2,510.0,2.0,レッドプロフェシー,
2018104574,ローズボウル,2023/05/21,2東京10,晴,8.0,是政特別(2勝クラス),13,2.0,2,7.0,4.0,3,石川裕紀,58.0,ダ,2100.0,稍,131.2,0.4,3-2-2-2,37.5,508.0,2.0,ホウオウフウジン,394.3
2018104574,ローズボウル,2023/04/29,2東京3,曇,12.0,4歳以上2勝クラス,16,7.0,14,9.0,5.0,3,石川裕紀,58.0,ダ,2100.0,良,132.4,1.3,14-14-13-13,37.6,506.0,-6.0,プリモスペランツァ,290.0
2018104574,ローズボウル,2023/04/09,3中山6,晴,9.0,印西特別(2勝クラス),16,4.0,8,6.5,4.0,4,石川裕紀,57.0,ダ,2400.0,良,154.2,0.8,7-7-2-2,39.5,512.0,0.0,インディゴブラック,230.0
2018104574,ローズボウル,2023/03/19,2中山8,晴,12.0,4歳以上2勝クラス,16,3.0,5,15.9,6.0,2,武藤雅,58.0,ダ,2400.0,重,153.4,0.1,9-9-7-7,37.9,512.0,-2.0,ヒミノフラッシュ,460.0
2018104574,ローズボウル,2023/01/15,1中山6,曇,8.0,4歳以上2勝クラス,16,5.0,9,22.9,8.0,8,戸崎圭太,58.0,ダ,1800.0,良,114.5,1.0,11-11-9-9,38.4,514.0,-4.0,ロスコフ,
2018104574,ローズボウル,2023/01/05,1中山1,晴,7.0,4歳以上2勝クラス,16,1.0,1,19.6,9.0,3,石川裕紀,58.0,ダ,1800.0,良,114.5,0.0,13-12-14-14,38.5,518.0,10.0,ブルーカルセドニー,290.0
2018104574,ローズボウル,2022/10/29,4東京8,晴,9.0,伊勢佐木特別(2勝クラス),16,8.0,16,24.0,10.0,11,石川裕紀,57.0,ダ,2100.0,良,134.0,2.4,2-2-2-2,39.9,508.0,6.0,ディクテオン,
2018104574,ローズボウル,2022/10/10,4東京3,曇,9.0,昇仙峡特別(2勝クラス),16,2.0,4,14.5,7.0,10,武藤雅,55.0,ダ,2100.0,重,129.3,1.4,13-12-9-9,36.7,502.0,0.0,セブンデイズ,
2018104574,ローズボウル,2022/05/22,2東京10,晴,8.0,是政特別(2勝クラス),13,2.0,2,3.9,1.0,7,ルメール,57.0,ダ,2100.0,良,132.3,0.6,3-2-2-4,36.6,502.0,-10.0,ショウナンアーチー,
2018104574,ローズボウル,2022/04/30,2東京3,晴,12.0,4歳以上2勝クラス,14,3.0,3,3.0,1.0,8,レーン,57.0,ダ,2100.0,重,131.2,1.0,6-6-2-2,36.2,512.0,14.0,キスラー,
2018104574,ローズボウル,2022/03/12,1阪神9,晴,12.0,4歳以上2勝クラス,13,3.0,3,5.5,3.0,3,富田暁,57.0,ダ,2000.0,良,126.3,0.3,10-10-7-3,38.1,498.0,-12.0,カネコメノボル,280.0
2018104574,ローズボウル,2022/02/12,1東京5,晴,8.0,4歳以上1勝クラス,15,5.0,8,3.1,2.0,1,菅原明良,56.0,ダ,2100.0,重,129.9,-0.4,3-3-3-3,36.1,510.0,-6.0,(ピュアブラッド),770.0
2018104574,ローズボウル,2022/01/30,1東京2,曇,7.0,4歳以上1勝クラス,12,8.0,12,3.2,1.0,3,坂井瑠星,56.0,ダ,2100.0,良,133.2,0.4,2-2-2-2,36.6,516.0,12.0,フジマサインパクト,190.0
2018104574,ローズボウル,2021/10/17,5新潟4,曇,4.0,3歳以上1勝クラス,9,8.0,9,2.0,1.0,2,武藤雅,54.0,ダ,2500.0,不,159.9,0.2,2-2-2-2,37.6,504.0,0.0,サダムラピュタ,300.0
2018104574,ローズボウル,2021/09/19,4中山4,晴,8.0,3歳以上1勝クラス,13,8.0,12,3.0,1.0,3,武藤雅,54.0,ダ,2400.0,稍,153.6,1.5,2-2-1-1,39.6,504.0,-2.0,ダノンラスター,190.0
2018104574,ローズボウル,2021/05/22,2東京9,曇,6.0,3歳1勝クラス,16,8.0,15,2.8,1.0,2,武藤雅,56.0,ダ,2100.0,稍,131.5,0.2,2-3-3-3,38.3,506.0,-2.0,ダノンブレット,290.0
2018104574,ローズボウル,2021/02/07,1東京4,晴,2.0,3歳未勝利,16,2.0,4,13.2,6.0,1,武藤雅,56.0,ダ,2100.0,良,132.5,-1.4,2-2-2-1,37.1,508.0,18.0,(ジュンキリタップ),510.0
2018104574,ローズボウル,2020/12/05,5中山1,小雨,4.0,2歳未勝利,16,6.0,12,13.6,4.0,3,武藤雅,55.0,ダ,1800.0,稍,116.3,2.2,5-6-6-6,40.4,490.0,8.0,ピースマッチング,130.0
2018104574,ローズボウル,2020/11/07,5東京1,曇,1.0,2歳未勝利,14,2.0,2,40.9,6.0,6,大野拓弥,55.0,ダ,1600.0,良,100.5,2.8,12-13,37.1,482.0,2.0,タケルペガサス,
2018104574,ローズボウル,2020/10/24,4東京5,晴,4.0,2歳新馬,16,8.0,16,7.7,4.0,11,大野拓弥,55.0,ダ,1600.0,稍,101.6,1.9,15-15,37.4,480.0,0.0,レオカクテル,
2020106686,ジャスタースパーク,2026/07/12,高知,曇,10.0,ファイナルレース(C1),12,1.0,1,24.8,12.0,3,畑中信司,57.0,ダ,1400.0,稍,92.3,0.2,12-12-12-11,38.3,467.0,3.0,ラインメッセージ,30.0
2020106686,ジャスタースパーク,2026/06/27,高知,曇,6.0,C1ー5,10,5.0,5,156.6,9.0,8,阿部基嗣,55.0,ダ,1600.0,不,106.4,2.6,10-10-10-10,38.8,464.0,-6.0,ウィズユアドリーム,
2020106686,ジャスタースパーク,2026/06/13,高知,晴,5.0,C1ー4,12,6.0,7,170.9,10.0,8,阿部基嗣,55.0,ダ,1400.0,稍,94.3,3.3,11-11-11-12,40.4,470.0,3.0,ララマルシュドロワ,
2020106686,ジャスタースパーク,2026/05/31,高知,晴,6.0,C1ー5,10,5.0,5,26.2,9.0,9,阿部基嗣,55.0,ダ,1600.0,稍,109.2,2.4,9-9-9-10,41.3,467.0,-6.0,ビッグショータイム,
2020106686,ジャスタースパーク,2026/05/16,高知,晴,5.0,C1ー5,12,6.0,7,25.8,5.0,7,阿部基嗣,55.0,ダ,1400.0,良,94.5,1.8,11-12-12-10,39.4,473.0,-8.0,スピードソルジャー,
2020106686,ジャスタースパーク,2026/04/20,浦和,晴,10.0,蒲公英特別(B3),12,8.0,12,29.7,6.0,6,野畑凌,56.0,ダ,1500.0,良,97.4,1.6,9-6-6-7,40.0,481.0,-4.0,ストイックノア,
2020106686,ジャスタースパーク,2026/03/16,浦和,晴,11.0,桜月特別(B3),13,8.0,13,9.9,3.0,8,新原周馬,56.0,ダ,1400.0,稍,90.5,1.0,11-11-12-11,37.5,485.0,-7.0,サンズ,
2020106686,ジャスタースパーク,2026/03/05,川崎,晴,12.0,大和撫子特別(B3二),11,3.0,3,39.7,7.0,7,本橋孝太,56.0,ダ,1500.0,重,97.4,1.1,10-10-11-11,39.7,492.0,-2.0,キャプテンブルー,
2020106686,ジャスタースパーク,2026/02/03,川崎,晴,11.0,ヴィクトリーチャレン(B3),14,4.0,6,7.0,3.0,2,戸崎圭太,56.0,ダ,1600.0,良,107.7,0.5,5-5-6-9,39.7,494.0,10.0,スカイアクロス,200.0
2020106686,ジャスタースパーク,2026/01/03,川崎,晴,10.0,宝船特別(B3),13,7.0,12,35.1,7.0,9,本橋孝太,56.0,ダ,1400.0,稍,92.9,2.6,10-11-11-12,40.3,484.0,-2.0,スターグリップ,
2020106686,ジャスタースパーク,2025/12/17,川崎,晴,7.0,SPAT4ならポイン(B3),9,1.0,1,23.9,8.0,3,本橋孝太,56.0,ダ,1400.0,稍,91.9,0.4,9-9-9-9,39.0,486.0,-2.0,ボーイハンター,60.0
2020106686,ジャスタースパーク,2025/11/21,川崎,晴,10.0,秦野丹沢野外彫刻展入(B3),13,6.0,8,46.3,8.0,7,本橋孝太,56.0,ダ,1600.0,良,106.0,1.6,6-6-5-6,40.0,488.0,8.0,ドリームジャパン,
2020106686,ジャスタースパーク,2025/07/09,川崎,晴,10.0,江戸切子特別(B3),12,8.0,13,,,取,本橋孝太,56.0,ダ,1500.0,良,,,,,,,ホッコーソムニウム,
2020106686,ジャスタースパーク,2025/06/18,川崎,晴,10.0,梅雨明かり特別(B2B3),14,3.0,4,65.1,8.0,5,本橋孝太,55.0,ダ,1600.0,良,105.0,1.3,9-9-1-3,40.1,480.0,-1.0,カラリパヤット,27.0
2020106686,ジャスタースパーク,2025/05/30,浦和,曇,10.0,鈴蘭特別(B3),10,6.0,7,63.9,9.0,4,本橋孝太,56.0,ダ,1400.0,不,86.0,0.6,9-9-9-8,36.0,481.0,0.0,レイニングキャット,45.0
2020106686,ジャスタースパーク,2025/05/12,川崎,曇,11.0,草笛特別(B2B3),14,3.0,4,33.6,9.0,13,本橋孝太,55.0,ダ,1500.0,重,99.5,2.8,11-11-13-13,41.7,481.0,0.0,エメリーナ,
2020106686,ジャスタースパーク,2025/04/10,川崎,雨,12.0,花まつり特別(B3),14,6.0,10,8.4,4.0,1,本橋孝太,56.0,ダ,1500.0,稍,97.6,0.0,14-14-13-8,39.6,481.0,3.0,(スーパーリベロ),240.0
2020106686,ジャスタースパーク,2025/03/03,川崎,雨,11.0,啓蟄特別(B3),13,3.0,3,33.4,9.0,6,和田譲治,56.0,ダ,1500.0,不,97.8,0.7,10-10-9-9,40.3,478.0,3.0,カタルシス,
2020106686,ジャスタースパーク,2025/02/04,川崎,曇,11.0,ヴィクトリーチャレン(B3),14,8.0,14,59.1,11.0,4,矢野貴之,56.0,ダ,1600.0,稍,105.7,0.8,11-11-13-12,39.4,475.0,5.0,ヴィブエアー,75.0
2020106686,ジャスタースパーク,2024/10/09,川崎,曇,10.0,材木座特別(B3),14,7.0,12,68.1,10.0,12,田中涼,56.0,ダ,1500.0,不,101.6,3.5,14-9-8-8,42.4,470.0,-2.0,マイケルマキシマス,
2020106686,ジャスタースパーク,2024/09/19,浦和,晴,11.0,曼珠沙華特別(B3),12,8.0,11,16.8,7.0,3,田中涼,56.0,ダ,1400.0,良,89.6,0.2,10-8-7-5,38.9,472.0,3.0,レッドロムルス,75.0
2020106686,ジャスタースパーク,2024/09/05,川崎,晴,9.0,日和風特別(B3),14,3.0,4,159.0,13.0,6,田中涼,56.0,ダ,1600.0,稍,107.6,1.3,11-13-13-12,40.1,469.0,2.0,ブラックロータス,
2020106686,ジャスタースパーク,2024/08/05,川崎,曇,11.0,凌霄花特別(B3),14,1.0,1,22.8,8.0,12,田中涼,56.0,ダ,1600.0,良,107.0,1.8,14-14-9-10,40.6,467.0,-2.0,モダナイズクィーン,
2020106686,ジャスタースパーク,2024/07/26,川崎,晴,12.0,キリマンジェロ賞(C1),14,8.0,14,58.0,14.0,1,田中涼,56.0,ダ,1400.0,良,91.0,-0.7,2-2-2-1,39.8,469.0,-2.0,(オリコウキング),180.0
2020106686,ジャスタースパーク,2024/07/04,川崎,晴,6.0,フォーカード賞(C1二),10,3.0,3,17.3,6.0,5,田中涼,56.0,ダ,1600.0,稍,106.0,2.2,10-9-7-7,41.6,471.0,1.0,リグレイアー,18.0
2020106686,ジャスタースパーク,2024/06/13,川崎,曇,12.0,?夏はじまる?第72(C1),12,2.0,2,23.5,8.0,7,田中涼,56.0,ダ,1400.0,稍,91.6,0.7,11-11-11-10,39.5,470.0,3.0,ヒノデミッチー,
2020106686,ジャスタースパーク,2024/05/22,浦和,晴,6.0,串ぎょうざの街あげお(C1),12,8.0,11,5.1,2.0,1,田中涼,56.0,ダ,1500.0,重,99.3,-0.8,9-6-5-2,40.3,467.0,-2.0,(フェリスダージ),120.0
2020106686,ジャスタースパーク,2024/05/08,川崎,雨,9.0,金魚草賞(C1),8,3.0,3,15.5,7.0,4,伊藤裕人,56.0,ダ,1500.0,稍,97.1,0.6,8-8-8-7,39.6,469.0,2.0,ティーケーメイト,18.0
2020106686,ジャスタースパーク,2024/04/02,川崎,晴,8.0,C1四五六(C1五),9,8.0,8,7.5,4.0,6,古岡勇樹,56.0,ダ,1400.0,稍,93.6,0.9,8-9-9-8,40.5,467.0,-5.0,パーティーモード,
2020106686,ジャスタースパーク,2024/03/12,川崎,雨,9.0,よみうりランドバンデ(C1),12,7.0,9,13.4,7.0,6,田中涼,56.0,ダ,1400.0,不,94.3,0.7,10-10-7-6,40.2,472.0,0.0,ベルタント,
2020106686,ジャスタースパーク,2024/01/30,川崎,晴,6.0,雪割草賞(C1),13,8.0,13,130.9,10.0,3,田中涼,56.0,ダ,1500.0,良,97.7,0.6,10-8-7-5,41.1,472.0,1.0,インナースティール,30.0
2020106686,ジャスタースパーク,2024/01/04,川崎,晴,8.0,昆布巻賞(C1二),12,7.0,10,30.0,7.0,7,古岡勇樹,56.0,ダ,1400.0,良,92.8,1.1,12-12-11-7,39.8,471.0,-4.0,レッドロムルス,
2020106686,ジャスタースパーク,2023/12/12,川崎,曇,8.0,葉牡丹賞(C1四),12,6.0,8,6.6,4.0,8,桑村真明,56.0,ダ,1400.0,稍,95.1,0.9,10-10-9-8,41.8,475.0,3.0,ヒノデミッチー,
2020106686,ジャスタースパーク,2023/11/08,川崎,晴,7.0,あと8日!第107期(C1五),12,6.0,7,15.7,8.0,4,野畑凌,56.0,ダ,1400.0,良,92.0,0.7,11-11-10-9,39.9,472.0,0.0,ガストン,18.0
2020106686,ジャスタースパーク,2023/10/17,浦和,晴,9.0,城下町岩槻鷹狩り行列(C1五),10,2.0,2,3.2,1.0,6,町田直希,56.0,ダ,1400.0,稍,90.3,0.9,9-10-9-7,38.9,472.0,-8.0,メイショウソウゴン,
2020106686,ジャスタースパーク,2023/10/11,川崎,晴,7.0,雪ノ下賞(C1五),13,4.0,5,7.7,5.0,7,町田直希,56.0,ダ,1500.0,稍,99.2,1.1,8-9-7-6,40.0,480.0,6.0,リベリュール,
2020106686,ジャスタースパーク,2023/09/14,川崎,晴,8.0,薄賞(C1),9,2.0,2,8.6,4.0,5,和田譲治,55.0,ダ,1500.0,良,97.5,0.5,7-7-8-5,39.3,474.0,0.0,アトラクトボイス,12.0
2020106686,ジャスタースパーク,2023/08/24,川崎,晴,6.0,日本刀賞(C1二),12,5.0,5,4.9,2.0,6,町田直希,55.0,ダ,1600.0,良,106.3,1.7,8-9-6-5,40.4,474.0,17.0,ショウネンジダイ,
2020106686,ジャスタースパーク,2023/05/16,川崎,晴,8.0,メイフラワー賞(3歳),12,2.0,2,3.8,2.0,2,町田直希,56.0,ダ,1400.0,重,92.7,0.4,11-10-11-11,40.0,457.0,3.0,マイネルサンテ,100.0
2020106686,ジャスタースパーク,2023/04/25,浦和,曇,9.0,ツインゴールド特別(3歳),11,7.0,10,24.9,6.0,2,町田直希,56.0,ダ,1400.0,良,89.6,0.4,10-10-8-4,36.8,454.0,-4.0,コスモマルーン,100.0
2020106686,ジャスタースパーク,2023/04/06,川崎,晴,2.0,アルコバレーノ賞(3歳),12,4.0,4,44.8,7.0,5,本田正重,55.0,ダ,900.0,良,56.6,0.7,11-11,37.6,458.0,-2.0,ナナドリーム,21.0
2020106686,ジャスタースパーク,2023/03/01,川崎,晴,6.0,連翹特別(3歳),14,7.0,12,13.7,7.0,11,町田直希,56.0,ダ,1500.0,良,100.7,1.5,7-9-11-13,41.8,460.0,-2.0,ラーテル,
2020106686,ジャスタースパーク,2023/01/30,川崎,晴,2.0,テンペスタース特別(3歳),9,8.0,9,5.2,2.0,1,町田直希,56.0,ダ,1400.0,良,94.1,0.0,4-3-1-2,40.0,462.0,3.0,(コスモマルーン),180.0
2020106686,ジャスタースパーク,2023/01/02,川崎,晴,2.0,坊主めくり賞(3歳),11,6.0,7,8.7,3.0,4,町田直希,56.0,ダ,1400.0,良,94.6,0.4,6-6-8-6,42.0,459.0,-7.0,アップグレーズ,27.0
2020106686,ジャスタースパーク,2022/12/12,川崎,晴,2.0,2歳6,10,8.0,10,3.2,1.0,3,山崎誠士,55.0,ダ,1400.0,稍,95.7,1.2,4-5-7-8,41.3,466.0,-1.0,メモリアルフィジー,40.0
2020106686,ジャスタースパーク,2022/11/11,川崎,晴,1.0,スパーキングデビュー(2歳),6,6.0,6,3.7,2.0,3,山崎誠士,55.0,ダ,900.0,良,57.4,2.0,3-3,39.2,467.0,0.0,ナナドリーム,67.5
2021106940,クヴェレ,2026/07/12,高知,曇,10.0,ファイナルレース(C1),12,4.0,4,9.1,5.0,8,上田将司,57.0,ダ,1400.0,稍,93.4,1.3,11-11-11-9,40.7,455.0,-1.0,ラインメッセージ,
2021106940,クヴェレ,2026/06/28,高知,曇,10.0,菖蒲洞特別,11,4.0,4,153.5,10.0,9,郷間勇太,57.0,ダ,1600.0,不,106.1,2.7,11-11-11-9,40.3,456.0,-2.0,ダオラダオラ,
2021106940,クヴェレ,2026/06/13,高知,晴,5.0,C1ー4,12,8.0,12,197.7,11.0,4,上田将司,57.0,ダ,1400.0,稍,92.8,1.8,10-10-10-7,39.4,458.0,6.0,ララマルシュドロワ,20.0
2021106940,クヴェレ,2026/05/31,高知,晴,10.0,丸山台特別,12,6.0,7,92.1,11.0,8,郷間勇太,57.0,ダ,1900.0,稍,128.7,2.5,10-9-10-8,41.7,452.0,3.0,ベルリネッタ,
2021106940,クヴェレ,2026/05/17,高知,晴,12.0,ファイナルレース(C1),12,8.0,12,9.9,6.0,4,妹尾浩一,57.0,ダ,1400.0,良,93.8,0.1,12-12-12-9,40.3,449.0,-1.0,ハルノサムソン,20.0
2021106940,クヴェレ,2026/05/02,高知,晴,4.0,C1ー6,11,6.0,6,17.5,5.0,4,妹尾浩一,57.0,ダ,1300.0,重,85.5,0.9,11-10-10-10,38.5,450.0,-6.0,フライヤートゥルー,20.0
2021106940,クヴェレ,2026/04/18,高知,曇,4.0,どろめ特別(C1),11,7.0,8,30.2,7.0,9,山田義貴,57.0,ダ,1400.0,重,92.0,1.8,10-10-10-10,39.2,456.0,3.0,ソッコータルマカ,
2021106940,クヴェレ,2026/04/05,高知,晴,12.0,ファイナルレース(C1),11,5.0,5,8.4,3.0,3,妹尾浩一,57.0,ダ,1600.0,不,105.9,0.1,11-11-11-10,38.3,453.0,-2.0,オールラウンダー,30.0
2021106940,クヴェレ,2026/03/25,高知,雨,5.0,C1ー4,10,3.0,3,51.0,6.0,3,妹尾浩一,57.0,ダ,1300.0,不,82.8,1.0,8-8-8-7,37.1,455.0,-2.0,ボンジュールゼン,22.5
2021106940,クヴェレ,2026/03/11,高知,晴,10.0,ファイナルレース(C1),12,1.0,1,13.9,8.0,10,妹尾浩一,57.0,ダ,1400.0,稍,93.7,2.0,6-6-6-8,41.1,457.0,3.0,ネオヒューズ,
2021106940,クヴェレ,2026/02/25,高知,曇,10.0,ファイナルレース(C1),11,4.0,4,3.9,1.0,8,宮川実,57.0,ダ,1600.0,不,104.6,0.4,11-11-11-9,39.0,454.0,-5.0,マツリダマスラオ,
2021106940,クヴェレ,2026/02/11,高知,曇,8.0,白山洞門特別(C1),10,2.0,2,102.9,9.0,7,妹尾浩一,57.0,ダ,1300.0,重,85.2,1.0,9-8-8-8,38.3,459.0,5.0,ピストンボーイ,
2021106940,クヴェレ,2026/01/27,高知,晴,5.0,C1ー5,10,5.0,5,13.0,5.0,2,妹尾浩一,57.0,ダ,1400.0,良,91.5,0.3,8-7-7-6,39.1,454.0,5.0,ナムライリス,36.0
2021106940,クヴェレ,2026/01/13,高知,晴,10.0,ファイナルレース(C1),11,2.0,2,9.6,6.0,4,妹尾浩一,57.0,ダ,1600.0,良,108.4,1.8,7-6-6-5,40.6,449.0,-4.0,ビックス,13.5
2021106940,クヴェレ,2025/12/29,高知,晴,12.0,ファイナルレース(C1),12,3.0,3,57.4,12.0,6,妹尾浩一,57.0,ダ,1400.0,良,93.6,0.9,9-9-9-9,39.5,453.0,1.0,ハイモビリティ,
2021106940,クヴェレ,2025/12/13,高知,小雨,10.0,C2ー2,12,7.0,9,36.2,8.0,5,上田将司,57.0,ダ,1400.0,良,94.1,0.8,9-10-10-8,40.7,452.0,1.0,サプライズビュー,7.0
2021106940,クヴェレ,2025/11/29,高知,晴,7.0,土佐黒牛特別(C2),11,1.0,1,36.9,8.0,5,岡村卓弥,57.0,ダ,1400.0,良,94.9,0.9,4-3-2-3,42.1,451.0,3.0,レゴリス,7.0
2021106940,クヴェレ,2025/11/01,高知,晴,10.0,C2ー2,12,3.0,3,54.2,9.0,9,宮川実,57.0,ダ,1300.0,不,85.6,1.5,5-5-5-4,40.3,448.0,-5.0,テーオースパロー,
2021106940,クヴェレ,2025/10/18,高知,曇,10.0,C2ー2,12,1.0,1,27.4,7.0,9,宮川実,57.0,ダ,1400.0,稍,93.8,2.1,9-9-8-6,41.4,453.0,-9.0,フユソウビ,
2021106940,クヴェレ,2025/10/04,高知,曇,3.0,高知競馬視察研修特別(C2),12,5.0,5,11.5,5.0,9,宮川実,57.0,ダ,1400.0,重,93.3,2.0,11-11-11-10,39.8,462.0,10.0,サンライズラポール,
2021106940,クヴェレ,2025/09/21,高知,晴,9.0,C2ー3,11,6.0,7,9.6,6.0,3,宮川実,57.0,ダ,1300.0,稍,85.6,0.9,7-6-6-6,38.8,452.0,0.0,イエデゴロゴロ,17.5
2021106940,クヴェレ,2025/09/06,高知,晴,9.0,C2ー3,11,5.0,5,21.5,6.0,5,宮川実,57.0,ダ,1400.0,重,92.7,1.6,9-9-8-6,40.5,452.0,-4.0,ミラクルドリーム,7.0
2021106940,クヴェレ,2025/07/26,高知,曇,11.0,夏休み特別(C2),11,6.0,6,7.3,3.0,8,岡村卓弥,57.0,ダ,1600.0,重,108.3,2.4,11-11-9-6,42.0,456.0,-3.0,ビービーベジェサ,
2021106940,クヴェレ,2025/07/12,高知,晴,8.0,C2ー4,12,4.0,4,13.8,3.0,3,岡村卓弥,57.0,ダ,1300.0,重,83.9,1.3,6-6-7-6,38.5,459.0,1.0,ヴァリアント,17.5
2021106940,クヴェレ,2025/06/28,高知,晴,11.0,半夏生特別(C2),9,8.0,8,21.5,6.0,6,妹尾浩一,57.0,ダ,1400.0,重,91.5,1.4,6-7-9-8,38.6,458.0,-3.0,ディアセオリー,
2021106940,クヴェレ,2025/06/14,高知,雨,8.0,C2ー4,12,3.0,3,2.6,1.0,2,岡村卓弥,57.0,ダ,1400.0,不,90.3,0.3,4-3-4-2,39.4,461.0,-1.0,デトネイター,28.0
2021106940,クヴェレ,2025/05/31,高知,晴,8.0,C2ー3,9,4.0,4,1.3,1.0,3,岡村卓弥,57.0,ダ,1300.0,稍,84.8,0.4,4-5-5-5,39.0,462.0,-1.0,ハッキョイ,17.5
2021106940,クヴェレ,2025/05/18,高知,曇,5.0,C3ー2,11,7.0,8,1.3,1.0,1,岡村卓弥,57.0,ダ,1600.0,不,103.2,-0.8,7-7-4-2,39.3,463.0,3.0,(エイシンクエーサー),60.0
2021106940,クヴェレ,2025/05/04,高知,晴,10.0,カーネーション特別(C3),9,2.0,2,5.8,3.0,4,岡村卓弥,57.0,ダ,1400.0,重,90.4,0.9,6-6-5-3,39.6,460.0,-6.0,ヒカルエリザベス,16.5
2021106940,クヴェレ,2025/04/19,高知,晴,2.0,C3ー8,10,5.0,5,3.1,2.0,1,岡村卓弥,57.0,ダ,1400.0,稍,91.9,-0.7,2-2-1-1,39.5,466.0,16.0,(トーアナタリー),60.0
2021106940,クヴェレ,2025/03/22,2中京3,晴,8.0,4歳以上1勝クラス,15,3.0,4,143.8,12.0,7,松本大輝,57.0,ダ,1900.0,良,120.6,1.4,14-14-8-9,37.9,450.0,-2.0,ホウオウベルクソン,
2021106940,クヴェレ,2025/03/01,1阪神1,晴,6.0,4歳以上1勝クラス,16,4.0,7,213.0,13.0,10,和田竜二,58.0,ダ,1800.0,良,115.5,1.8,12-11-9-8,39.7,452.0,0.0,ポルポラジール,
2021106940,クヴェレ,2025/02/16,1京都6,曇,7.0,4歳以上1勝クラス,13,8.0,13,29.2,7.0,9,和田竜二,57.0,ダ,1800.0,稍,115.5,1.3,11-11-10-7,38.2,452.0,4.0,アリエスキング,
2021106940,クヴェレ,2024/12/08,4中京4,晴,6.0,3歳以上1勝クラス,11,1.0,1,215.7,11.0,3,川端海翼,54.0,ダ,1800.0,良,114.7,1.0,9-9-7-8,38.7,448.0,0.0,アスクデビューモア,200.0
2021106940,クヴェレ,2024/11/26,船橋,晴,10.0,フェイスフルブーツ特(B2B3),12,3.0,3,7.6,5.0,10,Ｒ．クア,57.0,ダ,1700.0,良,112.2,3.5,3-3-3-4,42.2,448.0,-4.0,モデルハント,
2021106940,クヴェレ,2024/11/10,3福島4,晴,3.0,3歳以上1勝クラス,15,1.0,1,143.8,15.0,9,幸英明,56.0,ダ,1700.0,良,107.2,1.5,14-14-13-12,37.9,452.0,4.0,クラウンシエンタ,
2021106940,クヴェレ,2024/08/25,2中京6,曇,8.0,3歳以上1勝クラス,15,6.0,11,338.3,14.0,14,菱田裕二,55.0,芝,1600.0,良,95.6,2.3,14-14-14,35.2,448.0,-5.0,ハワイアンティアレ,
2021106940,クヴェレ,2024/07/30,盛岡,晴,9.0,アンバー賞(3歳),11,7.0,9,4.3,2.0,1,山本政聡,56.0,ダ,1600.0,稍,100.2,-0.1,7-8,37.5,453.0,1.0,(ライトフィールダー),115.0
2021106940,クヴェレ,2024/06/30,3小倉2,曇,4.0,3歳未勝利,18,6.0,11,33.8,5.0,7,角田大河,56.0,芝,2000.0,稍,125.0,2.7,12-12-15-11,39.0,452.0,0.0,クルミナーレ,
2021106940,クヴェレ,2024/06/01,4京都1,晴,4.0,3歳未勝利,18,5.0,10,38.9,9.0,7,松山弘平,57.0,芝,1600.0,良,94.3,1.7,17-17,35.1,452.0,-2.0,スカイハイ,
2021106940,クヴェレ,2024/03/02,2小倉7,晴,6.0,3歳未勝利,15,2.0,2,9.2,5.0,8,河原田菜,53.0,芝,2000.0,稍,124.5,1.3,4-3-7-7,37.3,454.0,0.0,ウォータープイプイ,
2021106940,クヴェレ,2024/02/10,2小倉1,晴,2.0,3歳未勝利,14,4.0,5,11.2,5.0,4,河原田菜,53.0,芝,1800.0,稍,110.0,0.4,4-4-5-6,35.4,454.0,0.0,ジェロニモス,83.0
2021106940,クヴェレ,2024/01/21,1京都7,曇,5.0,3歳新馬,17,3.0,5,15.7,6.0,5,松山弘平,57.0,芝,1600.0,不,98.7,0.7,11-11,36.5,454.0,0.0,ジャンヌローサ,62.0
2022106992,ゼンノソブリン,2026/07/11,高知,晴,4.0,C1ー6,10,6.0,6,11.0,3.0,1,岡村卓弥,57.0,ダ,1400.0,重,93.0,0.0,3-3-3-3,40.5,512.0,2.0,(クレイヴィンオナー),100.0
2022106992,ゼンノソブリン,2026/06/27,高知,雨,10.0,短夜特別(C2),10,8.0,9,53.0,7.0,3,山崎雅由,57.0,ダ,1400.0,不,90.0,0.6,3-3-3-3,39.7,510.0,-1.0,メイショウハマギク,48.0
2022106992,ゼンノソブリン,2026/06/13,高知,晴,7.0,C2ー4,10,8.0,9,5.6,4.0,2,山崎雅由,57.0,ダ,1600.0,稍,108.8,0.9,7-7-7-5,41.8,511.0,3.0,グッドフェイス,32.0
2022106992,ゼンノソブリン,2026/05/30,高知,晴,9.0,芒種特別(C2),12,3.0,3,217.0,10.0,8,山崎雅由,57.0,ダ,1400.0,稍,91.9,1.6,11-11-11-9,38.8,508.0,-2.0,ララマルシュドロワ,
2022106992,ゼンノソブリン,2026/05/17,高知,晴,3.0,C2ー6,12,5.0,5,111.7,9.0,2,山崎雅由,57.0,ダ,1300.0,良,86.1,1.6,7-7-7-6,39.8,510.0,1.0,ワンダフルトゥデイ,32.0
2022106992,ゼンノソブリン,2026/05/03,高知,雨,3.0,C2ー6,10,3.0,3,17.0,6.0,10,岡村卓弥,57.0,ダ,1400.0,不,92.0,1.8,10-10-10-10,38.3,509.0,3.0,プリンセスダイヤ,
2022106992,ゼンノソブリン,2026/04/19,高知,曇,4.0,C2ー7,9,2.0,2,8.9,5.0,5,岡村卓弥,57.0,ダ,1600.0,重,107.0,1.0,4-5-3-4,40.1,506.0,-3.0,ダイヤモンドフジ,8.0
2022106992,ゼンノソブリン,2026/04/05,高知,晴,1.0,C2ー8,11,6.0,6,20.1,5.0,2,岡村卓弥,57.0,ダ,1400.0,不,90.7,0.7,4-4-4-3,39.0,509.0,-3.0,リワードインペリオ,32.0
2022106992,ゼンノソブリン,2026/03/22,高知,雨,2.0,C2ー6,9,2.0,2,5.9,3.0,4,山田義貴,57.0,ダ,1400.0,稍,95.9,0.9,6-7-7-4,41.3,512.0,3.0,イージスバローズ,10.5
2022106992,ゼンノソブリン,2026/03/17,高知,晴,5.0,C3ー2,8,6.0,6,4.9,3.0,3,岡村卓弥,57.0,ダ,1400.0,良,94.3,0.9,2-2-2-2,41.3,509.0,-1.0,エヌマエリシュ,15.0
2022106992,ゼンノソブリン,2026/03/02,高知,雨,4.0,チューリップ特別(C3),8,8.0,9,15.9,6.0,5,岡村卓弥,57.0,ダ,1400.0,不,90.2,0.7,6-6-6-6,37.9,510.0,2.0,コパノキュラソー,11.0
2022106992,ゼンノソブリン,2026/02/17,高知,晴,5.0,ジンチョウゲ特別(C3),7,1.0,1,31.5,6.0,2,岡村卓弥,57.0,ダ,1600.0,稍,109.5,0.5,5-5-5-5,40.9,508.0,2.0,コパノジェームス,44.0
2022106992,ゼンノソブリン,2026/02/03,高知,晴,5.0,C3ー5,9,8.0,9,14.5,4.0,1,岡村卓弥,57.0,ダ,1400.0,良,92.1,-0.3,3-3-3-3,40.3,506.0,-3.0,(ブラウナイル),60.0
2022106992,ゼンノソブリン,2026/01/20,高知,晴,2.0,全日本新人王争覇戦第(C3),12,6.0,7,5.3,3.0,9,鷹見陸,57.0,ダ,1400.0,良,95.7,1.9,9-8-8-6,42.1,509.0,4.0,ムタビリス,
2022106992,ゼンノソブリン,2026/01/11,高知,晴,7.0,C3ー8,10,4.0,4,9.2,5.0,4,岡村卓弥,57.0,ダ,1400.0,良,93.5,0.5,4-3-4-4,40.2,505.0,-1.0,ポジティビティ,9.0
2022106992,ゼンノソブリン,2025/12/31,高知,晴,11.0,2025ファイナルレ(C3),12,7.0,10,10.0,6.0,1,永森大智,57.0,ダ,1300.0,良,86.6,-0.1,2-2-1-2,40.5,506.0,3.0,(マサウッドテール),60.0
2022106992,ゼンノソブリン,2025/12/21,高知,曇,8.0,C3ー12,11,4.0,4,37.0,9.0,5,岡村卓弥,57.0,ダ,1400.0,重,92.0,0.7,9-9-8-7,39.3,503.0,0.0,ニットウライジン,6.0
2022106992,ゼンノソブリン,2025/12/07,高知,晴,8.0,C3ー12,11,8.0,10,17.0,7.0,8,岡村卓弥,57.0,ダ,1300.0,良,87.0,1.5,6-7-5-7,41.3,503.0,1.0,アメリカンクール,
2022106992,ゼンノソブリン,2025/11/23,高知,晴,1.0,C3ー13,9,6.0,6,3.7,3.0,4,永森大智,57.0,ダ,1600.0,良,109.2,1.0,5-4-4-3,42.3,502.0,7.0,アットワンス,9.0
2022106992,ゼンノソブリン,2025/11/08,高知,晴,1.0,徳島県うずしお特別(C3),10,6.0,6,8.3,3.0,3,永森大智,57.0,ダ,1400.0,稍,92.8,0.4,4-4-3-3,40.9,495.0,-4.0,ワイドレッド,15.0
2022106992,ゼンノソブリン,2025/10/25,高知,曇,3.0,愛媛県いしづち特別(C3),12,6.0,7,6.0,3.0,5,永森大智,57.0,ダ,1300.0,不,84.9,0.2,5-5-5-4,39.5,499.0,0.0,リバティフレイム,6.0
2022106992,ゼンノソブリン,2025/10/11,高知,曇,1.0,C3ー14,9,7.0,7,16.2,5.0,5,永森大智,57.0,ダ,1600.0,稍,109.9,1.2,2-2-2-3,42.6,499.0,0.0,ベルヴィオレット,6.0
2022106992,ゼンノソブリン,2025/09/27,高知,曇,3.0,3歳ー2,11,2.0,2,11.8,3.0,6,岡村卓弥,57.0,ダ,1300.0,不,86.0,1.4,8-8-8-5,39.8,499.0,7.0,ビバジョー,
2022106992,ゼンノソブリン,2025/09/14,高知,晴,8.0,3歳ー3,12,4.0,4,2.6,1.0,2,岡村卓弥,57.0,ダ,1400.0,重,92.8,0.1,6-5-2-2,41.3,492.0,18.0,トサノオウマサン,24.0
2022106992,ゼンノソブリン,2025/08/16,3中京7,晴,5.0,3歳未勝利,16,8.0,15,47.3,11.0,10,田口貫太,57.0,ダ,1400.0,良,86.6,1.6,3-3,38.9,474.0,-6.0,ワンウェイトゥヘル,
2022106992,ゼンノソブリン,2025/08/02,3中京3,晴,5.0,3歳未勝利,16,3.0,6,25.8,6.0,4,田口貫太,57.0,ダ,1400.0,良,86.6,1.8,12-11,38.6,480.0,-8.0,モズケイスター,84.0
2022106992,ゼンノソブリン,2025/07/19,2小倉7,晴,6.0,3歳未勝利,16,3.0,6,31.6,9.0,5,田口貫太,57.0,ダ,1700.0,重,105.5,0.5,3-3-3-4,38.1,488.0,8.0,カルミアクラウン,56.0
2022106992,ゼンノソブリン,2025/05/04,2京都4,晴,2.0,3歳未勝利,14,8.0,13,18.5,5.0,8,北村友一,57.0,ダ,1800.0,稍,115.8,2.0,4-5-3-3,40.1,480.0,6.0,スコーピオンイメル,
2022106992,ゼンノソブリン,2024/10/06,5京都2,晴,3.0,2歳新馬,16,4.0,7,10.4,4.0,5,北村友一,56.0,ダ,1800.0,良,118.6,2.1,1-1-1-2,39.6,474.0,0.0,ステイクオール,72.0
2021102954,ダイタジャスティス,2026/07/12,高知,曇,9.0,柏島特別(C1),12,5.0,5,50.2,9.0,11.0,山崎雅由,57.0,ダ,1400.0,稍,92.5,2.5,10-10-12-11,39.3,518.0,-6.0,ウィズユアドリーム,
2021102954,ダイタジャスティス,2026/06/27,高知,曇,6.0,C1ー5,10,1.0,1,20.3,5.0,2.0,山崎雅由,57.0,ダ,1600.0,不,104.1,0.3,1-1-1-1,38.8,524.0,5.0,ウィズユアドリーム,40.0
2021102954,ダイタジャスティス,2026/06/13,高知,晴,4.0,C1ー5,11,5.0,5,56.5,9.0,4.0,山崎雅由,57.0,ダ,1400.0,稍,93.5,2.3,10-10-9-6,40.9,519.0,2.0,メイショウカズサ,20.0
2021102954,ダイタジャスティス,2026/05/31,高知,晴,10.0,丸山台特別,12,8.0,12,58.3,9.0,10.0,佐原秀泰,57.0,ダ,1900.0,稍,129.3,3.1,4-4-3-5,43.0,517.0,-5.0,ベルリネッタ,
2021102954,ダイタジャスティス,2026/05/16,高知,晴,3.0,キビナゴ特別(C1),9,8.0,9,18.8,4.0,5.0,岡村卓弥,57.0,ダ,1400.0,良,94.1,1.1,2-2-1-4,42.6,522.0,2.0,サンライズシア,10.0
2021102954,ダイタジャスティス,2026/05/02,高知,晴,9.0,C2ー2,10,8.0,10,10.4,4.0,2.0,佐原秀泰,57.0,ダ,1400.0,重,92.0,0.3,4-5-5-5,40.8,520.0,5.0,フーイナム,32.0
2021102954,ダイタジャスティス,2026/04/18,高知,曇,10.0,C2ー2,9,8.0,9,9.6,5.0,8.0,佐原秀泰,57.0,ダ,1600.0,重,109.4,3.1,3-4-6-8,41.5,515.0,-1.0,テーオーシリウス,
2021102954,ダイタジャスティス,2026/04/04,高知,雨,4.0,初鰹特別(C1C2),0,6.0,6,,,,山崎雅由,56.0,ダ,1600.0,不,,,,,509.0,-7.0,,
2021102954,ダイタジャスティス,2026/03/25,高知,雨,5.0,C1ー4,10,7.0,7,3.9,2.0,4.0,山崎雅由,57.0,ダ,1300.0,不,82.9,1.1,6-6-7-6,37.9,516.0,-5.0,ボンジュールゼン,13.5
2021102954,ダイタジャスティス,2026/03/18,高知,雨,5.0,C1ー3,8,8.0,8,5.9,3.0,8.0,山崎雅由,57.0,ダ,1600.0,重,109.5,2.3,4-4-4-5,41.8,521.0,2.0,オリーブブランチ,
2021102954,ダイタジャスティス,2026/03/03,高知,曇,5.0,C1ー4,8,4.0,4,3.8,3.0,2.0,山崎雅由,57.0,ダ,1300.0,不,82.9,0.5,3-2-2-1,39.9,519.0,3.0,フライヤートゥルー,36.0
2021102954,ダイタジャスティス,2026/02/18,高知,晴,6.0,C1ー3,9,2.0,2,10.5,4.0,7.0,林謙佑,57.0,ダ,1400.0,稍,93.8,1.2,2-2-2-3,41.1,516.0,0.0,ワクワクドリーム,
2021102954,ダイタジャスティス,2026/02/01,高知,晴,9.0,晩冬特別(C2),9,7.0,7,2.7,2.0,2.0,多田羅誠,57.0,ダ,1300.0,良,84.5,0.5,3-4-4-5,40.1,516.0,-4.0,ダノンウィルヘルム,52.0
2021102954,ダイタジャスティス,2026/01/25,高知,晴,5.0,大寒特別(C2),10,7.0,7,2.0,1.0,3.0,山崎雅由,57.0,ダ,1400.0,良,92.4,0.7,6-6-6-4,39.5,520.0,-1.0,ジェンマ,32.5
2021102954,ダイタジャスティス,2026/01/10,高知,晴,5.0,C2ー5,10,2.0,2,6.1,3.0,2.0,山崎雅由,57.0,ダ,1300.0,良,85.3,0.1,3-4-3-2,39.6,521.0,-1.0,ダノンウィルヘルム,28.0
2021102954,ダイタジャスティス,2025/12/09,船橋,晴,12.0,聡明叡智賞(C1),14,4.0,6,7.4,4.0,4.0,椿聡太,53.0,ダ,1800.0,良,117.5,1.2,3-4-3-3,39.8,522.0,11.0,プレストエマ,27.0
2021102954,ダイタジャスティス,2025/11/06,船橋,晴,12.0,新進気鋭特別(C1),14,5.0,7,3.8,2.0,4.0,椿聡太,53.0,ダ,1800.0,稍,118.0,0.8,5-5-5-3,40.1,511.0,-4.0,ミッドナイトホーク,27.0
2021102954,ダイタジャスティス,2025/10/02,船橋,晴,12.0,グリーンチャンネル開(C1),13,4.0,6,2.7,1.0,5.0,篠谷葵,56.0,ダ,1800.0,稍,118.7,2.1,1-1-2-1,42.3,515.0,6.0,マキシマムパワー,18.0
2021102954,ダイタジャスティス,2025/08/30,船橋,晴,10.0,夏の大三角賞(C1),0,4.0,4,,,,篠谷葵,56.0,ダ,1800.0,良,,,,,509.0,0.0,,
2021102954,ダイタジャスティス,2025/07/31,船橋,晴,4.0,スターマイン特別(C1),9,1.0,1,3.4,2.0,2.0,篠谷葵,56.0,ダ,1800.0,良,116.6,0.2,1-1-1-1,40.2,509.0,3.0,プレストムーラン,72.0
2021102954,ダイタジャスティス,2025/07/03,船橋,晴,12.0,半夏生特別(C1),7,7.0,7,10.1,3.0,2.0,篠谷葵,56.0,ダ,1800.0,良,116.2,0.1,3-3-2-2,40.1,506.0,-12.0,キタサンシデン,72.0
2021102954,ダイタジャスティス,2025/06/05,船橋,晴,12.0,ラブラドライト特別(C1),14,4.0,6,5.5,2.0,10.0,御神本訓,56.0,ダ,1800.0,稍,122.3,2.8,9-10-6-7,42.4,518.0,18.0,マイキーマジック,
2021102954,ダイタジャスティス,2025/04/19,3中山7,晴,8.0,4歳以上1勝クラス,14,1.0,1,182.8,14.0,11.0,佐藤翔馬,55.0,ダ,1800.0,良,116.8,3.1,4-4-5-8,42.2,500.0,-2.0,マンダリンボレロ,
2021102954,ダイタジャスティス,2025/03/30,3中山2,晴,7.0,4歳以上1勝クラス,16,1.0,1,367.6,15.0,13.0,上里直汰,55.0,ダ,1800.0,稍,116.6,3.0,11-10-13-14,40.6,502.0,0.0,タナサンブラック,
2021102954,ダイタジャスティス,2025/03/16,2中京2,曇,8.0,4歳以上1勝クラス,14,5.0,8,190.0,11.0,11.0,横山琉人,57.0,ダ,1800.0,重,116.2,2.3,6-7-7-8,37.9,502.0,6.0,パカーラン,
2021102954,ダイタジャスティス,2025/01/06,1中山2,小雨,12.0,4歳以上1勝クラス,16,1.0,2,172.7,14.0,12.0,原田和真,57.0,ダ,1800.0,良,117.6,1.8,14-15-13-12,39.6,496.0,26.0,カイコウ,
2021102954,ダイタジャスティス,2024/11/02,3福島1,雨,8.0,3歳以上1勝クラス,11,7.0,9,49.8,9.0,11.0,小林美駒,52.0,ダ,1700.0,重,108.8,3.8,9-10-9-11,40.1,470.0,-2.0,ヘヴンリーハンド,
2021102954,ダイタジャスティス,2024/10/19,4新潟5,小雨,6.0,3歳以上1勝クラス,7,4.0,4,24.9,6.0,5.0,菊沢一樹,56.0,ダ,1800.0,良,113.6,1.6,7-7-5-5,38.8,472.0,-10.0,メイショウジェンマ,80.0
2021102954,ダイタジャスティス,2024/09/29,4中山9,曇,4.0,3歳以上1勝クラス,16,7.0,14,191.8,14.0,7.0,小林勝太,53.0,ダ,1800.0,良,115.7,1.3,11-11-2-5,39.5,482.0,-4.0,コスモオピニオン,
2021102954,ダイタジャスティス,2024/08/11,2札幌2,晴,12.0,3歳以上1勝クラス,12,7.0,9,35.2,8.0,11.0,小林勝太,53.0,ダ,1700.0,良,109.8,3.9,2-2-2-4,42.9,486.0,8.0,タイセイミッション,
2021102954,ダイタジャスティス,2024/07/27,1札幌3,曇,4.0,3歳未勝利,14,5.0,8,104.6,12.0,1.0,小林勝太,55.0,ダ,1700.0,良,106.7,-0.2,3-2-2-1,39.1,478.0,-4.0,(アイファーキャップ),550.0
2021102954,ダイタジャスティス,2024/06/23,3東京8,曇,4.0,3歳未勝利,16,3.0,5,111.3,13.0,14.0,吉田豊,57.0,ダ,1600.0,重,99.3,2.3,10-10,37.8,482.0,2.0,ダノンザボルケーノ,
2021102954,ダイタジャスティス,2024/05/12,1新潟6,曇,3.0,3歳未勝利,15,6.0,10,22.4,5.0,13.0,小林勝太,54.0,ダ,1800.0,良,118.3,3.7,5-6-7-8,40.2,480.0,-4.0,ジェンマ,
2021102954,ダイタジャスティス,2024/04/28,1新潟2,晴,3.0,3歳未勝利,14,3.0,4,21.8,6.0,6.0,小林勝太,54.0,ダ,1800.0,良,115.9,1.0,5-5-3-3,39.8,484.0,0.0,アスクデビューモア,
2021102954,ダイタジャスティス,2024/02/18,1東京8,晴,2.0,3歳未勝利,16,1.0,2,29.8,7.0,11.0,吉田豊,57.0,ダ,2100.0,良,137.3,2.4,8-7-3-3,40.9,484.0,-2.0,ニシノコルベット,
2021102954,ダイタジャスティス,2024/02/04,1東京4,曇,2.0,3歳未勝利,16,6.0,12,48.8,7.0,4.0,吉田豊,57.0,ダ,2100.0,良,137.8,1.7,9-8-8-3,38.3,486.0,-2.0,サトノエピック,83.0
2021102954,ダイタジャスティス,2024/01/14,1中山5,晴,2.0,3歳未勝利,16,5.0,10,48.5,10.0,5.0,吉田豊,57.0,ダ,1800.0,稍,117.8,1.0,10-10-6-4,40.9,488.0,0.0,フラムブランシュ,55.0
2021102954,ダイタジャスティス,2023/12/23,5中山7,晴,4.0,2歳未勝利,16,5.0,10,63.3,9.0,10.0,吉田豊,56.0,ダ,1800.0,良,116.9,2.3,13-13-14-11,39.7,488.0,-2.0,カンジ,
2021102954,ダイタジャスティス,2023/12/09,5中山3,晴,6.0,2歳新馬,16,8.0,15,12.9,6.0,8.0,吉田豊,56.0,ダ,1800.0,良,118.0,1.5,8-8-8-11,39.7,490.0,0.0,コスモジンバック,
2021101240,ペプチドヒナタ,2026/07/12,高知,曇,9.0,柏島特別(C1),12,8.0,11,158.0,12.0,8,城野慈尚,56.0,ダ,1400.0,稍,91.2,1.2,10-10-10-9,38.4,499.0,1.0,ウィズユアドリーム,
2021101240,ペプチドヒナタ,2026/06/28,高知,曇,7.0,C1ー4,8,2.0,2,20.4,6.0,3,畑中信司,57.0,ダ,1600.0,不,106.2,0.7,7-7-5-4,39.2,498.0,1.0,ダイヤモンドフジ,30.0
2021101240,ペプチドヒナタ,2026/06/14,高知,曇,11.0,ファイナルレース(C1),12,6.0,8,4.3,1.0,5,多田羅誠,57.0,ダ,1400.0,重,92.5,1.3,10-10-9-7,40.3,497.0,-2.0,ディベルティール,10.0
2021101240,ペプチドヒナタ,2026/05/30,高知,晴,4.0,C1ー6,10,8.0,9,15.8,4.0,4,多田羅誠,57.0,ダ,1600.0,稍,107.9,0.7,10-9-8-4,39.5,499.0,-3.0,コスモルーテウス,20.0
2021101240,ペプチドヒナタ,2026/05/16,高知,晴,5.0,C1ー5,12,5.0,6,90.9,10.0,11,畑中信司,57.0,ダ,1400.0,良,94.8,2.1,9-9-9-8,40.3,502.0,7.0,スピードソルジャー,
2021101240,ペプチドヒナタ,2026/05/03,高知,雨,11.0,入野海岸特別(C1),11,3.0,3,68.1,10.0,6,城野慈尚,56.0,ダ,1300.0,不,82.6,2.2,9-10-10-9,37.9,495.0,-1.0,ソッコータルマカ,
2021101240,ペプチドヒナタ,2026/04/18,高知,曇,3.0,C1ー5,12,4.0,4,3.5,2.0,4,城野慈尚,56.0,ダ,1400.0,重,92.7,0.3,8-7-7-5,39.8,496.0,9.0,ボマイェ,20.0
2021101240,ペプチドヒナタ,2026/04/05,高知,晴,12.0,ファイナルレース(C1),11,7.0,9,2.3,1.0,4,多田羅誠,57.0,ダ,1600.0,不,106.2,0.4,6-6-7-7,40.0,487.0,-11.0,オールラウンダー,20.0
2021101240,ペプチドヒナタ,2026/03/18,高知,雨,6.0,C1ー2,9,8.0,9,10.8,5.0,1,多田羅誠,57.0,ダ,1600.0,重,107.2,-0.5,8-9-7-6,40.2,498.0,3.0,(ワクワクドリーム),90.0
2021101240,ペプチドヒナタ,2026/03/03,高知,曇,9.0,ファイナルレース(C1),11,2.0,2,3.5,1.0,2,多田羅誠,57.0,ダ,1300.0,不,82.4,0.0,7-6-6-5,38.0,495.0,-3.0,サンライズラポール,36.0
2021101240,ペプチドヒナタ,2026/02/18,高知,晴,9.0,ファイナルレース(C1),11,8.0,11,5.1,2.0,5,岡村卓弥,57.0,ダ,1400.0,稍,93.0,1.0,2-2-2-3,41.2,498.0,4.0,ルクスチェリー,9.0
2021101240,ペプチドヒナタ,2026/02/03,高知,晴,9.0,ファイナルレース(C1),11,3.0,3,21.3,8.0,3,多田羅誠,57.0,ダ,1400.0,良,91.2,0.4,10-8-8-7,38.6,494.0,0.0,ワンリオン,22.5
2021101240,ペプチドヒナタ,2026/01/21,高知,晴,9.0,ファイナルレース(C1),12,6.0,7,8.9,4.0,6,中島龍也,57.0,ダ,1300.0,良,86.1,1.3,7-7-7-8,39.6,494.0,0.0,グレイストーム,
2021101240,ペプチドヒナタ,2026/01/13,高知,晴,10.0,ファイナルレース(C1),11,7.0,8,6.0,4.0,2,中島龍也,57.0,ダ,1600.0,良,107.4,0.8,10-10-9-6,39.4,494.0,-2.0,ビックス,36.0
2021101240,ペプチドヒナタ,2025/12/29,高知,晴,5.0,C1ー6,11,1.0,1,33.1,8.0,6,佐原秀泰,57.0,ダ,1400.0,良,93.5,1.0,11-11-10-8,39.3,496.0,-2.0,クラックオブドーン,
2021101240,ペプチドヒナタ,2025/12/14,高知,晴,2.0,C1ー6,10,2.0,2,42.4,9.0,9,佐原秀泰,57.0,ダ,1400.0,稍,92.5,1.9,9-9-9-9,39.2,498.0,1.0,リューノス,
2021101240,ペプチドヒナタ,2025/11/30,高知,晴,6.0,C1ー6,10,7.0,8,48.3,8.0,7,佐原秀泰,57.0,ダ,1600.0,良,109.5,1.5,10-10-10-9,40.0,497.0,5.0,モルフェウス,
2021101240,ペプチドヒナタ,2025/11/16,高知,晴,12.0,ファイナルレース(C1),12,2.0,2,26.8,10.0,中,佐原秀泰,57.0,ダ,1300.0,稍,,,,,492.0,-10.0,ハッキョイ,
2021101240,ペプチドヒナタ,2025/11/02,高知,曇,5.0,C1ー5,12,1.0,1,47.3,11.0,11,阿部基嗣,55.0,ダ,1400.0,重,92.7,2.1,12-11-12-12,39.7,502.0,6.0,モズイージス,
2021101240,ペプチドヒナタ,2025/10/19,高知,曇,4.0,C1ー5,9,8.0,9,16.2,7.0,3,佐原秀泰,57.0,ダ,1600.0,稍,107.8,0.3,2-2-2-4,40.3,496.0,1.0,フクノルッカ,22.5
2021101240,ペプチドヒナタ,2025/10/04,高知,曇,3.0,高知競馬視察研修特別(C2),12,5.0,6,8.5,4.0,4,佐原秀泰,57.0,ダ,1400.0,重,92.8,1.5,4-4-4-3,40.2,495.0,-1.0,サンライズラポール,10.5
2021101240,ペプチドヒナタ,2025/09/21,高知,晴,10.0,C2ー2,11,5.0,5,7.3,4.0,5,佐原秀泰,57.0,ダ,1300.0,稍,85.9,1.3,6-6-6-4,40.2,496.0,-1.0,ピストンボーイ,7.0
2021101240,ペプチドヒナタ,2025/09/06,高知,晴,10.0,C2ー2,11,3.0,3,9.6,4.0,5,近藤翔月,54.0,ダ,1400.0,重,92.2,0.3,10-10-9-9,39.6,497.0,6.0,キョウエイゲイル,7.0
2021101240,ペプチドヒナタ,2025/07/26,高知,曇,10.0,C2ー2,11,7.0,9,1.7,1.0,3,近藤翔月,54.0,ダ,1600.0,重,106.5,0.8,5-6-6-5,39.9,491.0,0.0,ネオヒューズ,17.5
2021101240,ペプチドヒナタ,2025/06/29,高知,晴,9.0,スイレン特別(C3),8,1.0,1,3.3,2.0,1,近藤翔月,54.0,ダ,1600.0,稍,105.3,-0.2,7-6-7-4,38.4,491.0,-8.0,(セントオブシン),110.0
2021101240,ペプチドヒナタ,2025/06/15,高知,晴,10.0,アジサイ特別(C3),7,1.0,1,8.6,4.0,3,近藤翔月,54.0,ダ,1300.0,不,82.7,0.2,6-6-7-5,38.1,499.0,-7.0,ミニーバローズ,27.5
2021101240,ペプチドヒナタ,2025/05/31,高知,晴,2.0,C3ー7,9,7.0,8,1.6,1.0,1,近藤翔月,54.0,ダ,1300.0,稍,85.3,-0.2,4-4-3-3,39.3,506.0,24.0,(ヤマニンブライトン),60.0
2021101240,ペプチドヒナタ,2025/04/27,2東京2,晴,7.0,4歳以上1勝クラス,14,6.0,10,32.1,8.0,12,小崎綾也,58.0,ダ,1600.0,稍,99.1,1.2,11-9,37.3,482.0,-6.0,ロードブライト,
2021101240,ペプチドヒナタ,2025/04/05,2阪神3,晴,7.0,4歳以上1勝クラス,16,8.0,16,44.2,9.0,10,高倉稜,58.0,ダ,1400.0,良,86.4,1.2,12-12,38.6,488.0,4.0,サンダーバース,
2021101240,ペプチドヒナタ,2025/03/23,2中京4,晴,8.0,4歳以上1勝クラス,16,5.0,10,19.3,6.0,8,富田暁,58.0,ダ,1400.0,良,85.8,1.2,4-4,38.0,484.0,8.0,フィリップ,
2021101240,ペプチドヒナタ,2025/01/19,1中京7,晴,8.0,4歳以上1勝クラス,16,4.0,7,42.3,9.0,5,高倉稜,57.0,ダ,1400.0,良,85.4,0.6,15-15,36.5,476.0,-8.0,テーオードラッカー,80.0
2021101240,ペプチドヒナタ,2024/12/15,7京都6,晴,7.0,3歳以上1勝クラス,16,4.0,7,46.2,11.0,6,田口貫太,56.0,ダ,1400.0,良,86.9,0.5,13-12,36.7,484.0,6.0,ハリウッドブルース,
2021101240,ペプチドヒナタ,2024/12/01,4中京2,晴,6.0,3歳以上1勝クラス,16,6.0,11,9.8,6.0,10,北村宏司,57.0,ダ,1200.0,良,73.3,0.9,9-9,36.4,478.0,-10.0,ズバットマサムネ,
2021101240,ペプチドヒナタ,2024/11/09,6京都3,晴,6.0,3歳以上1勝クラス,15,1.0,1,65.0,12.0,7,高倉稜,56.0,ダ,1800.0,良,113.2,1.6,8-8-8-8,38.3,488.0,12.0,ルシュヴァルドール,
2021101240,ペプチドヒナタ,2024/08/10,2中京1,晴,8.0,3歳以上1勝クラス,15,3.0,5,53.0,10.0,7,小沢大仁,54.0,ダ,1800.0,良,114.0,1.5,3-3-3-3,39.5,476.0,2.0,デルマアートマン,
2021101240,ペプチドヒナタ,2024/07/14,3小倉6,雨,12.0,3歳以上1勝クラス,16,7.0,14,73.2,12.0,6,吉村誠之,52.0,ダ,1700.0,不,104.6,1.6,8-8-8-8,37.7,474.0,2.0,バガリーロータス,
2021101240,ペプチドヒナタ,2024/04/27,1新潟1,晴,9.0,わらび賞(1勝クラス),14,4.0,5,67.8,11.0,7,富田暁,57.0,ダ,1800.0,良,115.1,1.6,12-10-9-9,38.2,472.0,-10.0,コトホドサヨウニ,
2021101240,ペプチドヒナタ,2024/04/06,1福島1,曇,9.0,ひめさゆり賞(1勝クラス),13,6.0,9,88.5,12.0,12,小沢大仁,57.0,芝,2000.0,良,121.0,0.9,5-6-4-6,36.0,482.0,2.0,キープカルム,
2021101240,ペプチドヒナタ,2023/12/28,5阪神9,晴,6.0,2歳1勝クラス,9,8.0,8,51.9,8.0,9,岩田望来,56.0,ダ,1800.0,良,116.4,1.9,6-5-5-5,39.6,480.0,0.0,バロンドール,
2021101240,ペプチドヒナタ,2023/12/10,5阪神4,晴,2.0,2歳未勝利,10,5.0,5,2.6,1.0,1,坂井瑠星,56.0,ダ,1800.0,良,117.2,-0.3,2-2-2-2,40.2,480.0,2.0,(ジョーインテビット),550.0
2021101240,ペプチドヒナタ,2023/10/21,4新潟3,雨,3.0,2歳未勝利,14,3.0,3,19.6,6.0,5,富田暁,56.0,ダ,1200.0,重,72.9,0.8,8-7,37.2,478.0,4.0,チカッパ,55.0
2021101240,ペプチドヒナタ,2023/10/09,2京都3,曇,4.0,2歳新馬,17,4.0,7,27.6,9.0,6,富田暁,56.0,芝,1400.0,重,83.2,0.5,12-9,36.0,474.0,0.0,バンドシェル,
2022103228,メイショウハマギク,2026/07/12,高知,曇,6.0,C1ー3,12,6.0,7,2.0,1.0,6,多田羅誠,55.0,ダ,1400.0,稍,92.5,2.2,4-5-6-6,41.0,526.0,7.0,ガラパゴス,
2022103228,メイショウハマギク,2026/06/27,高知,雨,10.0,短夜特別(C2),10,2.0,2,5.1,2.0,1,多田羅誠,55.0,ダ,1400.0,不,89.4,-0.5,2-2-2-2,39.3,519.0,-1.0,(タイムイズマネー),160.0
2022103228,メイショウハマギク,2026/06/13,高知,晴,10.0,入梅特別(C2),9,7.0,7,6.5,2.0,3,山崎雅由,55.0,ダ,1600.0,稍,107.8,1.1,2-2-2-2,41.9,520.0,14.0,グランツアーテム,48.0
2022103228,メイショウハマギク,2026/05/31,高知,晴,1.0,C2ー7,11,6.0,7,2.3,1.0,1,多田羅誠,55.0,ダ,1400.0,稍,91.2,-0.6,1-1-1-1,39.6,506.0,5.0,(スパイスアップ),80.0
2022103228,メイショウハマギク,2026/05/17,高知,晴,8.0,アヤメ特別(C3),10,7.0,8,24.7,6.0,3,佐原秀泰,55.0,ダ,1400.0,良,93.4,1.2,3-3-3-3,42.3,501.0,0.0,グランツアーテム,36.0
2022103228,メイショウハマギク,2026/05/02,高知,晴,1.0,C3ー6,9,6.0,6,1.2,1.0,1,多田羅誠,55.0,ダ,1600.0,重,108.2,-1.0,2-2-1-1,39.7,501.0,-4.0,(カンプウ),60.0
2022103228,メイショウハマギク,2026/04/11,高知,晴,11.0,ファイナルレース(C3),12,7.0,10,2.0,1.0,2,多田羅誠,55.0,ダ,1300.0,不,84.1,0.2,3-3-3-3,39.4,505.0,11.0,カプセル,24.0
2022103228,メイショウハマギク,2026/03/01,1小倉12,晴,8.0,4歳以上1勝クラス,15,2.0,2,71.5,12.0,15,田山旺佑,52.0,ダ,1700.0,稍,109.1,2.8,3-2-2-5,41.8,494.0,-8.0,ヴァリオーサ,
2022103228,メイショウハマギク,2026/02/14,1小倉7,曇,7.0,4歳以上1勝クラス,16,3.0,5,39.6,11.0,14,舟山瑠泉,52.0,ダ,1700.0,良,108.3,2.2,1-1-1-1,41.5,502.0,0.0,タマモジャスミン,
2022103228,メイショウハマギク,2025/12/13,5中京3,曇,6.0,3歳以上1勝クラス,16,8.0,15,96.2,14.0,14,小沢大仁,55.0,ダ,1800.0,良,116.1,2.3,8-8-7-8,39.0,502.0,0.0,カロローザ,
2022103228,メイショウハマギク,2025/11/24,3福島6,晴,2.0,3歳以上1勝クラス,15,2.0,3,117.2,14.0,15,高杉吏麒,54.0,ダ,1700.0,良,109.1,2.3,12-11-13-15,40.1,502.0,-2.0,ステラスプレンダー,
2022103228,メイショウハマギク,2025/08/31,2札幌4,曇,8.0,3歳以上1勝クラス,13,5.0,6,59.3,9.0,11,鷲頭虎太,51.0,ダ,1700.0,稍,107.7,2.6,1-1-1-2,41.3,504.0,4.0,タイヨウフレア,
2022103228,メイショウハマギク,2025/08/16,1札幌7,晴,8.0,3歳以上1勝クラス,14,4.0,5,21.1,7.0,12,橋木太希,50.0,ダ,1700.0,良,108.6,2.8,2-2-7-13,40.8,500.0,2.0,ゼロスネーク,
2022103228,メイショウハマギク,2025/07/27,1札幌2,曇,1.0,3歳未勝利,14,3.0,3,25.3,9.0,1,小林美駒,52.0,ダ,1700.0,不,105.2,-0.1,1-1-1-1,39.0,498.0,8.0,(ユージュアーナ),560.0
2022103228,メイショウハマギク,2025/05/24,1新潟7,曇,7.0,3歳未勝利,16,5.0,9,40.0,10.0,11,角田大和,55.0,芝,1400.0,良,84.4,1.4,8-7,36.9,490.0,-6.0,クリールスル,
2022103228,メイショウハマギク,2025/05/10,2京都5,曇,4.0,3歳未勝利,12,5.0,5,13.1,5.0,5,高杉吏麒,54.0,ダ,1800.0,重,113.8,2.9,5-5-4-4,39.3,496.0,2.0,アンジュアルディ,56.0
2022103228,メイショウハマギク,2025/04/19,2阪神7,晴,1.0,3歳未勝利,16,5.0,9,64.7,11.0,7,高杉吏麒,54.0,ダ,1800.0,良,117.8,0.9,2-2-2-2,39.8,494.0,-4.0,ガールズデイアウト,
2022103228,メイショウハマギク,2025/03/30,2阪神2,晴,1.0,3歳未勝利,12,5.0,5,21.4,5.0,7,高杉吏麒,54.0,ダ,1800.0,良,118.5,2.2,4-5-6-6,40.6,498.0,0.0,シュドゥン,
2021100822,ヤプシ,2026/07/12,高知,曇,10.0,ファイナルレース(C1),12,6.0,8,15.7,10.0,11,郷間勇太,57.0,ダ,1400.0,稍,94.7,2.6,4-4-6-7,42.6,486.0,-4.0,ラインメッセージ,
2021100822,ヤプシ,2026/06/28,高知,曇,8.0,C1ー3,11,6.0,7,94.0,8.0,9,郷間勇太,57.0,ダ,1600.0,不,108.5,4.2,10-10-10-7,41.2,490.0,-9.0,グランツアーテム,
2021100822,ヤプシ,2026/06/14,高知,曇,8.0,C1ー3,11,3.0,3,43.5,8.0,10,郷間勇太,57.0,ダ,1400.0,重,99.4,8.1,3-4-5-10,47.5,499.0,6.0,ステラマテュティナ,
2021100822,ヤプシ,2026/05/31,高知,晴,8.0,C1ー3,9,1.0,1,5.4,4.0,8,佐原秀泰,57.0,ダ,1600.0,稍,108.6,2.4,4-4-4-5,42.1,493.0,0.0,ビステル,
2021100822,ヤプシ,2026/05/17,高知,晴,9.0,C1ー3,11,6.0,7,10.1,5.0,6,畑中信司,57.0,ダ,1400.0,良,93.7,1.6,4-9-10-9,39.6,493.0,-1.0,ベストディシジョン,
2021100822,ヤプシ,2026/04/08,川崎,晴,10.0,川崎記念3連覇ホッコ(B2B3),14,3.0,3,16.9,7.0,11,菅原涼太,57.0,ダ,1500.0,稍,99.2,2.3,8-8-13-12,40.6,494.0,2.0,モネ,
2021100822,ヤプシ,2026/03/04,川崎,曇,10.0,萌え野特別(B2),9,2.0,2,11.4,5.0,3,野畑凌,56.0,ダ,1500.0,不,96.3,0.5,2-2-2-2,40.1,492.0,-9.0,ミスマルゴー,67.5
2021100822,ヤプシ,2026/02/04,川崎,晴,10.0,フェブラリースター賞(B2B3),14,1.0,1,36.5,9.0,14,野畑凌,57.0,ダ,1600.0,良,108.3,2.8,8-8-5-11,43.7,501.0,6.0,ライヴマスタード,
2021100822,ヤプシ,2026/01/02,川崎,晴,10.0,百人一首特別(B2B3),13,5.0,8,34.3,9.0,3,野畑凌,55.0,ダ,1600.0,稍,106.3,0.4,1-1-1-1,39.6,495.0,-3.0,ドリームジャパン,67.5
2021100822,ヤプシ,2025/12/18,川崎,晴,11.0,湯河原梅林「梅の宴」(B1B2),11,5.0,6,14.3,6.0,10,矢野貴之,55.0,ダ,1500.0,稍,98.5,2.9,5-5-6-8,42.1,498.0,4.0,ラティサワー,
2021100822,ヤプシ,2025/11/17,川崎,晴,10.0,時雨空特別(B2),11,4.0,4,9.8,4.0,6,古岡勇樹,56.0,ダ,1400.0,良,91.5,1.3,4-4-5-5,39.6,494.0,3.0,サザンカ,
2021100822,ヤプシ,2025/10/15,川崎,雨,10.0,源氏山特別(B3),14,3.0,3,6.9,2.0,1,本田正重,56.0,ダ,1500.0,重,97.1,-0.1,1-1-1-1,39.6,491.0,-7.0,(ピエフォール),240.0
2021100822,ヤプシ,2025/10/01,船橋,曇,12.0,JBC船橋まであと3(B3),14,7.0,12,50.9,10.0,13,山中悠希,56.0,ダ,1600.0,稍,107.6,4.6,1-2-2-5,45.2,498.0,-8.0,シミズミナト,
2021100822,ヤプシ,2025/08/30,船橋,晴,9.0,威風堂々特別(B3),14,6.0,10,18.6,6.0,13,野畑凌,56.0,ダ,1600.0,良,104.9,3.3,2-2-2-3,42.1,506.0,7.0,スマイルモア,
2021100822,ヤプシ,2025/07/30,船橋,晴,10.0,九十九里特別(B3),10,8.0,10,10.7,4.0,5,本田正重,56.0,ダ,1600.0,良,103.3,1.1,4-4-3-3,38.6,499.0,3.0,チャプリ,27.0
2021100822,ヤプシ,2025/04/01,船橋,雨,11.0,ソメイヨシノ特別(B3),11,7.0,8,5.0,2.0,8,本田正重,56.0,ダ,1600.0,不,105.9,3.7,3-3-3-3,42.9,496.0,2.0,ラティサワー,
2021100822,ヤプシ,2025/03/10,船橋,晴,11.0,ハナズオウ特別(B3),11,8.0,10,3.5,1.0,1,本田正重,56.0,ダ,1600.0,稍,104.9,-0.3,4-4-4-3,41.2,494.0,5.0,(ファイナルハート),270.0
2021100822,ヤプシ,2024/12/11,川崎,晴,10.0,チャーチルダウンズ特(B3),14,4.0,6,2.6,2.0,3,矢野貴之,56.0,ダ,1500.0,良,98.5,1.0,2-2-2-2,40.3,489.0,-1.0,セクシーコマンドー,60.0
2021100822,ヤプシ,2024/11/13,川崎,晴,9.0,七竈賞(C1四),13,5.0,8,1.8,1.0,1,森泰斗,56.0,ダ,1500.0,良,97.2,-0.2,1-1-1-1,39.6,490.0,7.0,(マンダリンオレンジ),120.0
2021100822,ヤプシ,2024/10/08,川崎,雨,7.0,西御門賞(C1),12,6.0,8,1.3,1.0,1,森泰斗,56.0,ダ,1400.0,重,92.8,-0.4,1-1-1-1,41.1,483.0,0.0,(チーチャン),120.0
2021100822,ヤプシ,2024/09/03,川崎,雨,4.0,ステッラ賞(3歳),10,8.0,9,1.4,1.0,1,森泰斗,56.0,ダ,1400.0,重,92.3,-1.0,3-2-1-1,40.6,483.0,-6.0,(ヒーリングピピ),140.0
2021100822,ヤプシ,2024/08/09,川崎,晴,3.0,3歳6,10,7.0,8,4.0,2.0,1,森泰斗,56.0,ダ,1400.0,良,92.2,-1.6,3-3-1-1,39.4,489.0,7.0,(シングンアーメット),120.0
2021100822,ヤプシ,2024/02/10,1東京5,晴,5.0,3歳未勝利,16,5.0,9,70.7,11.0,12,木幡巧也,57.0,芝,1400.0,良,82.9,1.3,8-8,34.9,482.0,2.0,ハクサンイーグル,
2021100822,ヤプシ,2023/11/25,5東京7,晴,2.0,2歳未勝利,18,7.0,15,110.2,13.0,9,丹内祐次,56.0,芝,1400.0,良,82.6,0.9,4-3,35.0,480.0,14.0,エリカカリーナ,
2021100822,ヤプシ,2023/08/05,1札幌5,曇,1.0,2歳未勝利,14,8.0,13,12.9,5.0,14,佐々木大,53.0,ダ,1700.0,不,112.6,6.1,3-3-10-13,43.4,466.0,-4.0,バルミーウェザー,
2021100822,ヤプシ,2023/07/09,2函館4,晴,1.0,2歳未勝利,12,5.0,6,5.1,3.0,10,佐々木大,53.0,ダ,1000.0,良,61.9,2.3,6-7,38.0,470.0,4.0,ブシン,
2021100822,ヤプシ,2023/06/10,1函館1,曇,5.0,2歳新馬,11,8.0,11,10.2,5.0,3,佐々木大,52.0,芝,1000.0,稍,58.0,0.5,2-2,34.6,466.0,0.0,スカイキャンバス,180.0
2019106542,ラインメッセージ,2026/07/12,高知,曇,10.0,ファイナルレース(C1),12,5.0,5,14.5,9.0,1,濱尚美,55.0,ダ,1400.0,稍,92.1,-0.2,10-10-6-6,40.0,492.0,-7.0,(ルージュアマリア),100.0
2019106542,ラインメッセージ,2026/06/27,高知,曇,6.0,C1ー5,10,7.0,7,193.7,10.0,7,佐原秀泰,57.0,ダ,1600.0,不,106.1,2.3,5-6-7-8,39.8,499.0,-2.0,ウィズユアドリーム,
2019106542,ラインメッセージ,2026/06/13,高知,晴,5.0,C1ー4,12,2.0,2,239.3,12.0,7,山田義貴,57.0,ダ,1400.0,稍,93.9,2.9,9-9-9-8,40.8,501.0,4.0,ララマルシュドロワ,
2019106542,ラインメッセージ,2026/05/30,高知,晴,4.0,C1ー6,10,7.0,8,109.8,8.0,9,山田義貴,57.0,ダ,1600.0,稍,110.7,3.5,8-8-8-9,42.4,497.0,-3.0,コスモルーテウス,
2019106542,ラインメッセージ,2026/05/16,高知,晴,5.0,C1ー5,12,2.0,2,129.9,11.0,8,山田義貴,57.0,ダ,1400.0,良,94.5,1.8,8-7-7-7,40.7,500.0,-2.0,スピードソルジャー,
2019106542,ラインメッセージ,2026/05/02,高知,晴,5.0,C1ー5,10,7.0,7,147.0,9.0,8,佐原秀泰,57.0,ダ,1300.0,重,84.9,1.6,6-7-6-7,39.9,502.0,6.0,ビステル,
2019106542,ラインメッセージ,2026/04/19,高知,曇,12.0,ファイナルレース(C1),12,1.0,1,27.8,12.0,8,佐原秀泰,57.0,ダ,1400.0,重,91.9,1.8,6-4-7-7,40.4,496.0,-3.0,ジークシュベルト,
2019106542,ラインメッセージ,2026/04/04,高知,雨,6.0,C1ー6,0,8.0,8,,,,佐原秀泰,57.0,ダ,1600.0,不,,,,,,,,
2019106542,ラインメッセージ,2026/03/23,高知,晴,9.0,ファイナルレース(B),12,1.0,1,9.1,4.0,6,佐原秀泰,57.0,ダ,1400.0,重,92.3,1.0,7-7-7-6,39.8,499.0,1.0,ヤマイチエスポ,
2019106542,ラインメッセージ,2026/03/08,高知,晴,7.0,AB混合,11,7.0,9,34.5,7.0,8,近藤翔月,55.0,ダ,1400.0,重,92.8,1.4,8-8-8-10,40.4,498.0,0.0,ポイントフォワード,
2019106542,ラインメッセージ,2026/02/23,高知,晴,9.0,桑田山特別(B),10,8.0,9,75.3,8.0,6,佐原秀泰,57.0,ダ,1300.0,良,85.4,2.0,7-9-9-8,40.0,498.0,1.0,サーブルミラージュ,
2019106542,ラインメッセージ,2026/02/08,高知,雪,8.0,AB混合,11,3.0,3,108.8,8.0,3,中島龍也,56.0,ダ,1400.0,良,91.3,0.4,7-7-7-5,39.8,497.0,1.0,ポイントフォワード,40.0
2019106542,ラインメッセージ,2026/01/26,高知,晴,10.0,今ノ山特別(B),9,4.0,4,101.5,8.0,6,中島龍也,57.0,ダ,1300.0,良,83.9,1.3,7-7-7-7,38.2,496.0,-2.0,メイショウヒューマ,
2019106542,ラインメッセージ,2026/01/11,高知,晴,4.0,Bー2,8,4.0,4,18.4,6.0,4,中島龍也,57.0,ダ,1400.0,良,93.2,0.9,6-6-6-6,40.1,498.0,-2.0,ディサーニング,18.0
2019106542,ラインメッセージ,2025/12/20,高知,曇,5.0,鏡川特別,12,6.0,8,107.7,9.0,10,佐原秀泰,57.0,ダ,1900.0,稍,133.1,2.6,11-11-11-11,42.4,500.0,-4.0,アルドーレ,
2019106542,ラインメッセージ,2025/12/06,高知,晴,9.0,Bー2,7,4.0,4,43.4,6.0,3,佐原秀泰,57.0,ダ,1400.0,良,93.1,1.7,6-6-6-5,39.9,504.0,3.0,ピンシャン,30.0
2019106542,ラインメッセージ,2025/11/23,高知,晴,10.0,Bー2,6,1.0,1,,,取,佐原秀泰,57.0,ダ,1300.0,良,,,,,,,ミシェラドラータ,
2019106542,ラインメッセージ,2025/11/09,高知,晴,4.0,鳥取食パラダイス畜産(AB),11,8.0,11,57.2,10.0,9,佐原秀泰,56.0,ダ,1600.0,不,105.5,3.0,6-7-8-11,40.8,501.0,0.0,ダノンミカエル,
2019106542,ラインメッセージ,2025/10/25,高知,曇,10.0,三宝山特別(B),12,2.0,2,152.4,11.0,8,佐原秀泰,57.0,ダ,1400.0,不,91.0,1.7,6-6-7-9,39.6,501.0,4.0,ビオグラフィア,
2019106542,ラインメッセージ,2025/10/11,高知,雨,11.0,平家平特別(B),8,4.0,4,19.9,5.0,4,佐原秀泰,57.0,ダ,1600.0,稍,108.3,1.5,4-4-3-5,39.7,497.0,1.0,コスモシーウルフ,24.0
2019106542,ラインメッセージ,2025/09/27,高知,曇,10.0,虚空蔵山特別(B),12,5.0,6,83.5,10.0,7,佐原秀泰,57.0,ダ,1400.0,不,91.4,1.3,10-11-11-9,38.9,496.0,-1.0,アムレートゥム,
2019106542,ラインメッセージ,2025/09/13,高知,曇,10.0,舟入川特別(B),10,3.0,3,28.9,7.0,6,佐原秀泰,57.0,ダ,1600.0,重,107.0,1.5,6-6-6-7,40.8,497.0,-2.0,ケイアイメープル,
2019106542,ラインメッセージ,2025/08/03,高知,晴,8.0,メジカ特別(A),12,4.0,4,147.9,10.0,5,城野慈尚,56.0,ダ,1400.0,良,91.9,0.5,6-6-8-8,38.0,499.0,1.0,モズゴールドメダル,16.0
2019106542,ラインメッセージ,2025/07/05,高知,晴,9.0,Bー2,10,7.0,8,107.1,10.0,1,仲原大生,57.0,ダ,1300.0,良,84.0,-0.2,8-5-4-4,38.8,498.0,-2.0,(モノノフブルー),120.0
2019106542,ラインメッセージ,2025/06/21,高知,小雨,8.0,Bー2,10,1.0,1,153.0,9.0,9,木村直輝,57.0,ダ,1400.0,稍,91.9,2.5,8-8-6-9,40.4,500.0,-4.0,ダノンダンサー,
2019106542,ラインメッセージ,2025/06/07,高知,曇,8.0,Bー2,10,5.0,5,85.4,9.0,4,近藤翔月,54.0,ダ,1600.0,稍,107.1,1.2,10-10-10-10,40.2,504.0,-2.0,キタノヒーロー,18.0
2019106542,ラインメッセージ,2025/05/24,高知,雨,8.0,Bー2,0,6.0,6,,,,畑中信司,57.0,ダ,1400.0,不,,,,,507.0,1.0,,
2019106542,ラインメッセージ,2025/05/10,高知,曇,9.0,烏帽子山特別(B),8,8.0,8,21.7,6.0,8,岡遼太郎,57.0,ダ,1300.0,不,83.2,2.2,7-8-8-8,39.1,506.0,0.0,フォーサイドナイン,
2019106542,ラインメッセージ,2025/04/26,高知,晴,3.0,四万十川特別,12,1.0,1,165.9,11.0,8,佐原秀泰,57.0,ダ,1800.0,重,124.2,1.4,3-3-3-6,41.7,506.0,2.0,アイファーキングズ,
2019106542,ラインメッセージ,2025/04/12,高知,晴,10.0,工石山特別(B),7,8.0,8,13.8,5.0,3,佐原秀泰,57.0,ダ,1400.0,稍,92.6,0.7,3-3-3-3,39.9,504.0,-6.0,ディープギルドン,40.0
2019106542,ラインメッセージ,2025/03/25,高知,晴,4.0,はりまや盃(A),12,6.0,7,221.2,10.0,6,濱尚美,54.0,ダ,1400.0,良,92.5,1.5,8-7-6-7,41.2,510.0,3.0,キョウエイゲイル,
2019106542,ラインメッセージ,2025/03/02,高知,曇,3.0,四国の畜産物特別(AB),12,5.0,6,70.1,8.0,4,濱尚美,54.0,ダ,1400.0,重,91.8,1.4,10-11-9-9,39.7,507.0,1.0,レディオガガ,24.0
2019106542,ラインメッセージ,2025/02/16,高知,曇,3.0,AB混合,10,5.0,5,21.8,5.0,8,塚本征吾,56.0,ダ,1600.0,重,108.6,2.1,4-6-5-8,41.0,506.0,0.0,タイキマクスウェル,
2019106542,ラインメッセージ,2025/02/02,高知,曇,4.0,ウツボ特別(AB),11,6.0,7,48.9,7.0,6,濱尚美,54.0,ダ,1300.0,重,85.6,1.7,9-9-8-7,40.1,506.0,-5.0,ティアップエックス,
2019106542,ラインメッセージ,2025/01/19,高知,曇,1.0,AB混合,7,6.0,6,12.9,3.0,3,濱尚美,54.0,ダ,1400.0,良,93.5,0.4,6-6-4-6,41.4,511.0,5.0,シュロス,32.0
2019106542,ラインメッセージ,2025/01/05,高知,晴,9.0,ガーネット特別(A),7,6.0,6,73.8,7.0,5,濱尚美,54.0,ダ,1400.0,良,93.1,1.8,7-7-7-7,40.8,506.0,1.0,トゥルーバローズ,24.0
2019106542,ラインメッセージ,2024/12/22,高知,晴,9.0,拓利君お誕生日特別(A),8,7.0,7,109.3,8.0,4,濱尚美,54.0,ダ,1400.0,良,92.1,1.5,7-7-8-8,40.2,505.0,-3.0,エコロファルコン,24.0
2019106542,ラインメッセージ,2024/12/08,高知,晴,9.0,田中紗凪乃誕生特別(AB),9,8.0,8,85.8,7.0,4,濱尚美,54.0,ダ,1600.0,良,108.5,1.4,7-5-5-5,41.4,508.0,-2.0,ナムラスワガー,24.0
2019106542,ラインメッセージ,2024/11/23,高知,晴,9.0,AB混合,8,8.0,8,39.1,6.0,5,嬉勝則,56.0,ダ,1400.0,稍,93.2,1.3,6-6-7-7,40.5,510.0,-4.0,コパノリッチマン,16.0
2019106542,ラインメッセージ,2024/11/10,高知,雨,8.0,Aー3,8,3.0,3,86.2,7.0,7,嬉勝則,56.0,ダ,1600.0,稍,107.0,1.8,5-5-5-5,41.5,514.0,-1.0,マイネルシトラス,
2019106542,ラインメッセージ,2024/10/26,高知,曇,8.0,小平澤さん合格祝特別(AB),10,8.0,11,33.9,5.0,9,嬉勝則,56.0,ダ,1400.0,不,92.2,2.4,4-6-5-10,41.3,515.0,2.0,ロードレイライン,
2019106542,ラインメッセージ,2024/10/14,高知,晴,9.0,AB混合,9,5.0,5,48.8,5.0,5,嬉勝則,55.0,ダ,1400.0,稍,91.6,0.8,6-5-5-5,40.1,513.0,3.0,レイクリエイター,16.0
2019106542,ラインメッセージ,2024/09/29,高知,曇,10.0,AB混合,9,4.0,4,139.6,8.0,6,嬉勝則,55.0,ダ,1600.0,良,107.8,1.6,4-2-4-5,40.4,510.0,-2.0,ロードインファイト,
2019106542,ラインメッセージ,2024/09/16,高知,雨,10.0,AB混合,10,8.0,9,213.2,10.0,9,嬉勝則,55.0,ダ,1400.0,不,90.6,2.0,8-8-8-7,39.9,512.0,-1.0,キープイットシンポ,
2019106542,ラインメッセージ,2024/08/04,高知,晴,8.0,メジカ特別(A),9,8.0,9,137.9,8.0,7,嬉勝則,56.0,ダ,1600.0,良,107.4,2.1,7-8-8-8,40.6,513.0,4.0,マイネルシトラス,
2019106542,ラインメッセージ,2024/07/21,高知,晴,11.0,Aー2,10,2.0,2,84.1,9.0,9,嬉勝則,56.0,ダ,1300.0,稍,83.9,1.8,7-7-8-9,38.9,509.0,-2.0,グランドボヌール,
2019106542,ラインメッセージ,2024/07/07,高知,晴,9.0,木下智史七夕の宵特別(AB),9,7.0,7,59.5,7.0,5,嬉勝則,56.0,ダ,1400.0,良,90.6,0.7,6-6-5-5,38.8,511.0,5.0,グリーリー,16.0
2019106542,ラインメッセージ,2024/06/23,高知,雨,9.0,AB混合,8,5.0,5,34.0,6.0,5,嬉勝則,56.0,ダ,1600.0,不,105.1,2.8,6-6-6-6,40.2,506.0,-2.0,バリチューロ,16.0
2019106542,ラインメッセージ,2024/06/09,高知,雨,9.0,ざんちゃん2歳特別(A),9,6.0,6,54.0,6.0,9,岡遼太郎,56.0,ダ,1400.0,不,91.3,2.0,3-4-4-5,41.1,508.0,8.0,エイシングラス,
2019106542,ラインメッセージ,2024/05/26,高知,曇,9.0,Aー2,11,6.0,7,124.4,10.0,9,嬉勝則,56.0,ダ,1600.0,稍,107.4,2.1,10-10-10-9,41.2,500.0,0.0,ウインヴェルデ,
2019106542,ラインメッセージ,2024/05/12,高知,雨,10.0,エメラルド特別(A),11,3.0,3,39.3,8.0,9,嬉勝則,56.0,ダ,1400.0,不,90.3,2.7,9-9-9-10,39.2,500.0,5.0,シートン,
2019106542,ラインメッセージ,2024/04/29,高知,雨,10.0,ダイヤモンド特別(A),9,5.0,5,69.3,9.0,7,嬉勝則,56.0,ダ,1600.0,不,104.5,2.9,5-6-6-7,39.8,495.0,-1.0,デシジョン,
2019106542,ラインメッセージ,2024/04/14,高知,晴,10.0,AB混合,8,3.0,3,12.3,4.0,4,嬉勝則,56.0,ダ,1600.0,稍,106.5,1.4,3-3-3-4,39.8,496.0,-4.0,ロードシュトローム,24.0
2019106542,ラインメッセージ,2024/03/26,高知,晴,9.0,AB混合,12,8.0,12,19.8,6.0,4,嬉勝則,56.0,ダ,1400.0,不,89.7,0.4,5-6-6-7,39.6,500.0,3.0,スリーグランド,24.0
2019106542,ラインメッセージ,2024/03/10,高知,晴,9.0,ブラッドストーン特別(A),9,2.0,2,25.1,4.0,3,嬉勝則,56.0,ダ,1600.0,稍,105.5,1.5,2-2-3-4,40.6,497.0,-2.0,ロードブレス,40.0
2019106542,ラインメッセージ,2024/02/25,高知,曇,4.0,スズランスイセン特別(AB),10,8.0,10,20.3,4.0,3,佐原秀泰,56.0,ダ,1600.0,不,105.2,0.8,3-3-3-3,39.2,499.0,-2.0,ロードインファイト,32.0
2019106542,ラインメッセージ,2024/02/11,高知,晴,5.0,キンセンカ特別(AB),10,8.0,10,9.5,4.0,4,佐原秀泰,56.0,ダ,1600.0,重,107.2,1.1,8-8-9-7,40.9,501.0,2.0,ヒロシゲペッパー,24.0
2019106542,ラインメッセージ,2024/02/04,高知,曇,9.0,アメジスト特別(A),12,8.0,11,15.7,4.0,8,永森大智,56.0,ダ,1400.0,不,90.8,1.9,6-8-7-8,40.2,499.0,-1.0,ケプラー,
2019106542,ラインメッセージ,2024/01/21,高知,晴,5.0,AB混合,8,3.0,3,7.0,4.0,2,嬉勝則,56.0,ダ,1400.0,重,91.3,0.0,3-4-3-3,40.2,500.0,6.0,メイショウワザシ,56.0
2019106542,ラインメッセージ,2024/01/09,高知,晴,8.0,国分川特別(B),10,8.0,10,26.7,8.0,2,嬉勝則,56.0,ダ,1400.0,良,92.5,0.7,10-10-9-9,39.9,494.0,-1.0,ウインヴェルデ,70.0
2019106542,ラインメッセージ,2023/12/17,高知,晴,10.0,鏡川特別,11,4.0,4,99.1,9.0,5,嬉勝則,56.0,ダ,1900.0,不,127.0,2.4,10-11-8-8,40.9,495.0,-2.0,ロードブレス,40.0
2019106542,ラインメッセージ,2023/12/03,高知,晴,7.0,それ4着特別(AB),10,7.0,7,15.5,5.0,5,嬉勝則,55.0,ダ,1600.0,稍,107.7,2.0,5-5-4-4,41.6,497.0,-8.0,ミニョン,16.0
2019106542,ラインメッセージ,2023/11/18,高知,曇,5.0,Bー2,11,4.0,4,7.1,4.0,7,嬉勝則,56.0,ダ,1300.0,不,84.5,2.2,11-11-11-11,39.0,505.0,2.0,コウエイブレイヴ,
2019106542,ラインメッセージ,2023/11/04,高知,晴,11.0,伊与木川特別(B),8,5.0,5,5.9,3.0,4,嬉勝則,56.0,ダ,1600.0,良,109.0,0.5,8-8-7-5,42.5,503.0,3.0,ミニョン,30.0
2019106542,ラインメッセージ,2023/10/22,高知,晴,10.0,興津岬特別(B),9,2.0,2,22.1,6.0,3,嬉勝則,56.0,ダ,1400.0,良,91.8,0.5,5-4-4-4,40.6,500.0,-5.0,ダノンアレー,40.0
2019106542,ラインメッセージ,2023/10/07,高知,曇,10.0,横倉山特別(B),10,6.0,6,19.3,5.0,2,嬉勝則,56.0,ダ,1600.0,良,110.0,0.3,9-9-8-7,42.7,505.0,-1.0,アポロテネシー,56.0
2019106542,ラインメッセージ,2023/09/17,高知,晴,10.0,五色の浜特別(B),8,7.0,7,8.8,4.0,5,嬉勝則,56.0,ダ,1400.0,稍,92.4,1.7,8-8-5-6,40.8,506.0,2.0,グランドボヌール,20.0
2019106542,ラインメッセージ,2023/09/02,高知,曇,10.0,久喜橋特別(B),9,5.0,5,9.0,4.0,3,嬉勝則,56.0,ダ,1400.0,不,91.1,0.5,8-8-7-6,39.0,504.0,0.0,アポロテネシー,40.0
2019106542,ラインメッセージ,2023/08/19,高知,曇,11.0,虚空蔵山特別(B),9,6.0,6,10.9,5.0,4,嬉勝則,56.0,ダ,1300.0,不,83.7,0.4,7-6-5-5,38.6,504.0,-1.0,スリングショット,30.0
2019106542,ラインメッセージ,2023/07/30,高知,晴,9.0,パパへ感謝状特別(B),10,4.0,4,30.6,7.0,1,佐原秀泰,56.0,ダ,1400.0,稍,91.4,-0.1,9-8-7-4,40.1,505.0,-1.0,(ナムラボス),120.0
2019106542,ラインメッセージ,2023/07/17,高知,晴,8.0,Bー3,11,8.0,11,10.1,7.0,9,佐原秀泰,56.0,ダ,1300.0,稍,85.9,1.7,6-7-5-6,40.7,506.0,0.0,ペネトラーレ,
2019106542,ラインメッセージ,2023/06/25,高知,曇,11.0,ファイナルレース(C1),12,4.0,4,17.0,8.0,1,嬉勝則,56.0,ダ,1400.0,重,91.4,-0.4,6-6-5-5,39.5,506.0,-1.0,(オーチャードロード),90.0
2019106542,ラインメッセージ,2023/06/11,高知,曇,7.0,C1ー2,12,5.0,6,33.6,8.0,12,畑中信司,56.0,ダ,1400.0,不,91.2,2.7,9-8-8-9,40.6,507.0,2.0,コクシネル,
2019106542,ラインメッセージ,2023/05/21,高知,晴,8.0,C1ー2,10,7.0,8,46.7,8.0,3,佐原秀泰,56.0,ダ,1300.0,重,84.5,0.7,4-5-6-6,40.0,505.0,-4.0,モズダッシュスター,18.0
2019106542,ラインメッセージ,2023/05/07,高知,雨,10.0,丸山台特別,12,1.0,1,95.6,11.0,10,高野誠毅,56.0,ダ,1900.0,不,129.3,2.9,12-12-12-11,41.5,509.0,6.0,マイネルヘルツアス,
2019106542,ラインメッセージ,2023/04/15,高知,曇,5.0,四万十川特別,12,6.0,7,71.7,10.0,8,佐原秀泰,56.0,ダ,1800.0,不,120.0,3.1,7-8-7-8,40.8,503.0,-5.0,アイファーキングズ,
2019106542,ラインメッセージ,2023/03/28,高知,晴,8.0,祝結婚十周年来場特別(B),9,6.0,6,10.6,4.0,5,佐原秀泰,56.0,ダ,1400.0,不,91.7,1.6,8-8-8-7,39.4,508.0,-3.0,グリニッジシチー,12.0
2019106542,ラインメッセージ,2023/03/21,高知,雨,5.0,Bー4,9,2.0,2,4.4,2.0,5,佐原秀泰,56.0,ダ,1400.0,不,90.9,0.4,7-7-8-4,39.1,511.0,0.0,トレイトセオリー,12.0
2019106542,ラインメッセージ,2023/03/06,高知,晴,6.0,祝ちかちゃん卒業特別(B),11,3.0,3,22.2,6.0,4,佐原秀泰,56.0,ダ,1400.0,稍,93.4,0.3,7-7-7-7,39.7,511.0,4.0,ノーベルプライズ,18.0
2019106542,ラインメッセージ,2023/02/22,高知,晴,8.0,落合橋特別(C1),8,6.0,6,42.5,7.0,1,佐原秀泰,56.0,ダ,1400.0,稍,93.3,-0.5,8-7-6-5,40.1,507.0,2.0,(グラスブルース),160.0
2019106542,ラインメッセージ,2023/02/08,高知,晴,6.0,エスケープハッチ特別(C1),9,1.0,1,15.0,4.0,4,佐原秀泰,56.0,ダ,1400.0,重,93.0,1.4,8-8-8-6,39.4,505.0,-2.0,メイショウギガース,13.5
2019106542,ラインメッセージ,2023/01/25,高知,晴,7.0,京一おめでとう特別(C1),8,4.0,4,34.1,7.0,5,嬉勝則,56.0,ダ,1400.0,不,91.2,1.2,7-7-8-8,38.5,507.0,-4.0,クリノライメイ,9.0
2019106542,ラインメッセージ,2023/01/08,高知,晴,7.0,今年こそ木下智史特別(C2),9,6.0,6,21.1,6.0,1,嬉勝則,56.0,ダ,1300.0,重,87.0,-0.2,9-9-8-6,39.6,511.0,1.0,(オールドブラフ),70.0
2019106542,ラインメッセージ,2022/12/28,高知,晴,10.0,C2ー2,9,2.0,2,50.9,6.0,7,嬉勝則,56.0,ダ,1600.0,不,109.3,3.1,9-9-9-9,42.1,510.0,10.0,コパノデイトナ,
2019106542,ラインメッセージ,2022/12/10,高知,晴,5.0,えひめまどんな特別(C2),10,6.0,6,25.0,4.0,8,佐原秀泰,56.0,ダ,1400.0,重,95.2,1.7,8-9-6-9,41.9,500.0,-7.0,ヒカリオーソ,
2019106542,ラインメッセージ,2022/11/26,高知,曇,10.0,C2ー2,12,4.0,4,4.1,3.0,9,佐原秀泰,56.0,ダ,1400.0,不,93.9,1.6,11-11-10-12,41.5,507.0,3.0,ダヴィンチ,
2019106542,ラインメッセージ,2022/10/29,4新潟5,晴,6.0,3歳以上1勝クラス,11,6.0,7,81.9,10.0,10,武藤雅,55.0,ダ,1800.0,稍,116.7,2.9,5-5-2-4,41.7,504.0,10.0,エクストラノート,
2019106542,ラインメッセージ,2022/09/11,4中山2,晴,8.0,3歳以上1勝クラス,12,1.0,1,18.9,6.0,12,菅原明良,54.0,ダ,1800.0,良,116.7,2.5,11-11-10-11,39.9,494.0,-2.0,サバンナモンキー,
2019106542,ラインメッセージ,2022/09/04,3新潟8,晴,8.0,3歳以上1勝クラス,15,3.0,5,33.6,8.0,11,武藤雅,54.0,ダ,1800.0,良,116.4,2.7,13-13-9-10,40.5,496.0,2.0,トーホウボルツ,
2019106542,ラインメッセージ,2022/07/24,2福島8,曇,8.0,3歳以上1勝クラス,15,1.0,1,57.5,9.0,9,石川裕紀,54.0,ダ,1700.0,稍,106.6,1.2,13-13-13-13,38.4,494.0,0.0,サラフィエル,
2019106542,ラインメッセージ,2022/07/09,2福島3,曇,8.0,3歳以上1勝クラス,15,5.0,9,52.7,7.0,5,武藤雅,54.0,ダ,1700.0,稍,107.2,1.0,2-2-1-2,38.0,494.0,6.0,メンアットワーク,77.0
2019106542,ラインメッセージ,2022/06/04,3東京1,晴,9.0,稲城特別(1勝クラス),8,4.0,4,36.2,7.0,8,武藤雅,53.0,芝,2400.0,良,149.9,4.0,2-2-2-2,40.2,488.0,2.0,エンドロール,
2019106542,ラインメッセージ,2022/05/22,1新潟6,曇,6.0,3歳未勝利,15,3.0,4,41.0,9.0,1,武藤雅,56.0,ダ,1800.0,良,114.6,-0.4,2-2-1-1,39.3,486.0,-2.0,(ホウオウベリテ),520.0
2019106542,ラインメッセージ,2022/03/19,2中京3,晴,3.0,3歳未勝利,16,7.0,14,106.9,9.0,11,武藤雅,56.0,ダ,1900.0,不,122.6,3.0,7-9-8-8,40.1,488.0,-12.0,メイクアリープ,
2019106542,ラインメッセージ,2022/02/26,2小倉5,晴,1.0,3歳未勝利,16,2.0,4,79.6,11.0,16,勝浦正樹,56.0,ダ,1700.0,良,110.1,3.4,14-15-9-13,40.9,500.0,10.0,ルイナールカズマ,
2019106542,ラインメッセージ,2022/02/12,2小倉1,晴,1.0,3歳未勝利,10,3.0,3,13.1,4.0,4,勝浦正樹,56.0,ダ,1700.0,良,109.8,2.1,5-5-3-4,38.8,490.0,0.0,サドル,78.0
2019106542,ラインメッセージ,2022/02/05,1小倉7,晴,1.0,3歳未勝利,12,5.0,6,3.7,2.0,9,角田大和,53.0,ダ,1700.0,良,109.9,1.2,2-2-3-5,39.3,490.0,0.0,クロステック,
2019106542,ラインメッセージ,2022/01/22,1中山7,晴,2.0,3歳未勝利,13,5.0,7,17.4,5.0,2,永野猛蔵,53.0,ダ,1800.0,良,116.8,0.0,3-3-3-1,41.1,490.0,6.0,イーサンバーニング,210.0
2019106542,ラインメッセージ,2021/12/12,5中山4,晴,2.0,2歳未勝利,15,7.0,13,36.0,9.0,10,武藤雅,55.0,ダ,1800.0,稍,118.2,1.3,7-7-7-7,40.2,484.0,4.0,ミエノナイスガイ,
2019106542,ラインメッセージ,2021/12/05,5中山2,晴,2.0,2歳未勝利,16,7.0,14,26.5,8.0,7,武藤雅,55.0,ダ,1800.0,良,116.9,1.5,6-6-6-7,41.2,480.0,-2.0,トリグラフ,
2019106542,ラインメッセージ,2021/11/07,2福島2,晴,1.0,2歳未勝利,15,6.0,11,18.8,6.0,5,武藤雅,55.0,ダ,1700.0,良,109.9,1.6,10-12-9-7,41.5,482.0,-2.0,ゼニット,51.0
2019106542,ラインメッセージ,2021/10/16,4東京3,曇,1.0,2歳未勝利,16,7.0,13,5.8,4.0,10,武藤雅,55.0,ダ,1600.0,良,101.2,2.6,5-5,40.3,484.0,4.0,トーセンクライスト,
2019106542,ラインメッセージ,2021/09/19,4中山4,晴,3.0,2歳未勝利,10,8.0,9,5.8,2.0,2,武藤雅,54.0,ダ,1800.0,重,114.9,0.2,2-2-1-1,39.5,480.0,6.0,ネフィリム,200.0
2019106542,ラインメッセージ,2021/09/04,4新潟7,曇,2.0,2歳未勝利,15,2.0,2,11.2,4.0,5,菅原明良,54.0,ダ,1800.0,稍,115.3,1.0,4-4-4-4,38.9,474.0,0.0,エルパソ,51.0
2019106542,ラインメッセージ,2021/07/10,1福島3,曇,5.0,2歳新馬,12,3.0,3,19.7,7.0,5,武藤雅,54.0,芝,1800.0,稍,113.0,1.1,4-3-3-3,36.9,474.0,0.0,オンリーオピニオン,70.0
2021103338,ネイルンノ,2026/07/12,高知,曇,9.0,柏島特別(C1),12,6.0,8,69.0,10.0,4.0,佐原秀泰,57.0,ダ,1400.0,稍,90.8,0.8,1-1-1-1,39.3,476.0,1.0,ウィズユアドリーム,40.0
2021103338,ネイルンノ,2026/06/27,高知,曇,5.0,C1ー6,8,4.0,4,18.2,6.0,1.0,佐原秀泰,57.0,ダ,1600.0,不,104.4,-0.1,1-1-1-1,39.6,475.0,-4.0,(サーマウント),100.0
2021103338,ネイルンノ,2026/06/13,高知,晴,4.0,C1ー5,11,7.0,8,39.3,8.0,8.0,佐原秀泰,57.0,ダ,1400.0,稍,94.5,3.3,2-2-3-5,42.6,479.0,-2.0,メイショウカズサ,
2021103338,ネイルンノ,2026/05/30,高知,晴,3.0,C1ー7,10,7.0,7,13.0,5.0,4.0,佐原秀泰,57.0,ダ,1600.0,稍,108.4,0.7,2-2-1-1,41.3,481.0,1.0,クラウンセヘル,20.0
2021103338,ネイルンノ,2026/05/16,高知,晴,9.0,C2ー2,10,3.0,3,6.5,4.0,4.0,妹尾浩一,57.0,ダ,1300.0,良,86.7,0.4,1-1-1-1,41.5,480.0,-3.0,ビッグショータイム,16.0
2021103338,ネイルンノ,2026/05/02,高知,晴,8.0,C2ー3,10,2.0,2,27.0,5.0,3.0,佐原秀泰,57.0,ダ,1400.0,重,91.6,0.3,1-1-1-1,40.0,483.0,-2.0,リワードインペリオ,24.0
2021103338,ネイルンノ,2026/04/18,高知,曇,9.0,C2ー3,10,6.0,6,11.5,5.0,6.0,佐原秀泰,57.0,ダ,1600.0,重,108.3,1.2,2-2-2-3,42.3,485.0,4.0,インオービット,
2021103338,ネイルンノ,2026/04/04,高知,雨,10.0,C2ー2,0,7.0,8,,,,佐原秀泰,57.0,ダ,1400.0,不,,,,,,,,
2021103338,ネイルンノ,2026/03/25,高知,雨,5.0,C1ー4,10,4.0,4,29.0,5.0,5.0,佐原秀泰,57.0,ダ,1300.0,不,83.1,1.3,4-5-5-3,38.3,481.0,-2.0,ボンジュールゼン,9.0
2021103338,ネイルンノ,2026/03/15,高知,晴,8.0,ファイナルレース(C2),12,4.0,4,2.7,1.0,1.0,佐原秀泰,57.0,ダ,1400.0,良,94.6,0.0,1-1-1-1,41.9,483.0,-4.0,(エイシンクエーサー),70.0
2021103338,ネイルンノ,2026/03/01,高知,晴,9.0,浅春特別(C2),9,8.0,9,16.0,4.0,5.0,佐原秀泰,57.0,ダ,1300.0,不,85.7,1.9,3-4-4-3,40.6,487.0,6.0,ボンジュールゼン,13.0
2021103338,ネイルンノ,2026/02/22,高知,曇,6.0,C2ー2,10,6.0,6,8.9,5.0,2.0,大澤誠志,57.0,ダ,1400.0,良,94.2,0.3,1-1-1-1,40.6,481.0,2.0,ウィンザーバローズ,28.0
2021103338,ネイルンノ,2026/02/08,高知,曇,10.0,ファイナルレース(C2),12,8.0,12,3.3,1.0,2.0,大澤誠志,57.0,ダ,1400.0,良,93.6,0.3,2-2-2-1,40.8,479.0,-1.0,ビービーバシリス,28.0
2021103338,ネイルンノ,2026/02/01,高知,晴,9.0,晩冬特別(C2),9,3.0,3,50.1,7.0,9.0,大澤誠志,57.0,ダ,1300.0,良,85.3,1.3,1-1-1-1,41.5,480.0,3.0,ダノンウィルヘルム,
2021103338,ネイルンノ,2026/01/18,高知,晴,3.0,C2ー4,9,8.0,9,9.4,4.0,2.0,佐原秀泰,57.0,ダ,1400.0,良,93.4,0.2,1-1-1-1,40.9,477.0,-6.0,ベルリネッタ,28.0
2021103338,ネイルンノ,2026/01/10,高知,晴,3.0,C2ー6,12,8.0,11,4.5,2.0,7.0,山崎雅由,57.0,ダ,1300.0,良,86.8,1.3,2-2-2-3,41.5,483.0,0.0,オリーブブランチ,
2021103338,ネイルンノ,2025/12/29,高知,晴,4.0,C2C3混合,11,6.0,6,2.9,1.0,10.0,佐原秀泰,57.0,ダ,1600.0,良,112.2,3.5,2-2-2-5,43.3,483.0,9.0,イルクオーレ,
2021103338,ネイルンノ,2025/11/22,3福島5,晴,2.0,3歳以上1勝クラス,16,8.0,16,313.2,16.0,11.0,嶋田純次,58.0,ダ,1150.0,良,71.0,1.4,3-3,38.9,474.0,8.0,ビーアイフォルテ,
2021103338,ネイルンノ,2025/05/17,1新潟5,曇,12.0,4歳以上1勝クラス,15,1.0,1,259.6,15.0,14.0,川端海翼,55.0,ダ,1200.0,稍,73.3,1.3,1-1,38.8,466.0,-2.0,サドル,
2021103338,ネイルンノ,2025/05/03,1新潟1,晴,12.0,4歳以上1勝クラス,16,1.0,2,51.4,12.0,13.0,杉原誠人,58.0,芝,1000.0,良,56.9,2.3,12,33.5,468.0,-6.0,ニシノトキメキ,
2021103338,ネイルンノ,2025/01/06,1中山2,曇,4.0,4歳以上1勝クラス,16,3.0,5,168.0,14.0,14.0,黛弘人,58.0,ダ,1200.0,良,73.6,1.4,8-7,39.0,474.0,14.0,ホウオウフロイト,
2021103338,ネイルンノ,2024/10/20,4新潟6,晴,8.0,3歳以上1勝クラス,18,3.0,5,30.4,12.0,18.0,杉原誠人,57.0,芝,1000.0,良,57.3,1.6,8,34.5,460.0,6.0,タガノスペルノヴァ,
2021103338,ネイルンノ,2024/10/05,4新潟1,晴,12.0,3歳以上1勝クラス,18,3.0,6,27.1,10.0,5.0,杉原誠人,57.0,芝,1000.0,良,55.9,0.8,3,33.6,454.0,2.0,イコサン,80.0
2021103338,ネイルンノ,2024/08/18,3新潟4,晴,9.0,閃光特別(1勝クラス),18,1.0,2,12.1,7.0,16.0,石川裕紀,56.0,芝,1000.0,良,56.8,2.2,12,34.1,452.0,0.0,トレブランシュ,
2021103338,ネイルンノ,2024/07/27,2新潟1,曇,11.0,3歳以上1勝クラス,18,1.0,1,18.8,8.0,4.0,杉原誠人,55.0,芝,1000.0,良,55.9,0.4,13,32.9,452.0,-4.0,ニシノコニャック,120.0
2021103338,ネイルンノ,2024/05/11,1新潟5,晴,9.0,はやぶさ賞(1勝クラス),12,7.0,9,3.4,2.0,7.0,杉原誠人,57.0,芝,1000.0,良,56.5,0.9,6,33.9,456.0,0.0,アサギリ,
2021103338,ネイルンノ,2024/04/27,1新潟1,晴,6.0,3歳未勝利,16,1.0,2,13.4,5.0,1.0,杉原誠人,57.0,芝,1000.0,良,56.2,0.0,3,33.7,456.0,2.0,(ゴールドジャンパー),550.0
2021103338,ネイルンノ,2024/04/06,1福島1,晴,2.0,3歳未勝利,16,7.0,13,18.6,6.0,4.0,杉原誠人,57.0,芝,1200.0,良,69.7,0.6,2-2,35.2,454.0,0.0,ロマンスライト,83.0
2021103338,ネイルンノ,2024/03/17,2中山8,晴,2.0,3歳未勝利,16,5.0,9,105.0,10.0,4.0,杉原誠人,57.0,ダ,1200.0,良,74.0,1.1,2-2,38.4,454.0,-8.0,ガラスノブルース,83.0
2021103338,ネイルンノ,2024/01/21,1中山7,雨,1.0,3歳未勝利,16,3.0,6,31.1,6.0,5.0,杉原誠人,57.0,ダ,1200.0,不,73.0,2.7,4-5,38.6,462.0,12.0,ガビーズシスター,55.0
2021103338,ネイルンノ,2024/01/13,1中山4,晴,3.0,3歳未勝利,16,8.0,16,119.3,9.0,5.0,杉原誠人,57.0,ダ,1200.0,良,73.4,1.4,2-3,38.5,450.0,10.0,シークレットヴァウ,55.0
2021103338,ネイルンノ,2023/10/28,4東京8,晴,2.0,2歳未勝利,16,7.0,14,42.7,9.0,9.0,内田博幸,56.0,ダ,1300.0,良,82.0,2.7,3-2,39.3,440.0,-2.0,ジョージテソーロ,
2021103338,ネイルンノ,2023/10/15,4新潟2,小雨,2.0,2歳未勝利,11,8.0,10,45.1,8.0,8.0,黛弘人,56.0,ダ,1200.0,良,73.6,1.3,3-3,38.7,442.0,6.0,ワイノナオミ,
2021103338,ネイルンノ,2023/09/24,4中山7,晴,2.0,2歳未勝利,10,8.0,9,61.4,6.0,7.0,黛弘人,55.0,芝,1200.0,稍,70.5,0.7,7-7,35.7,436.0,-2.0,リネンワルツ,
2021103338,ネイルンノ,2023/08/06,2新潟4,晴,1.0,2歳未勝利,11,4.0,4,188.8,8.0,9.0,永野猛蔵,54.0,芝,1200.0,良,70.7,0.9,6-6,36.3,438.0,4.0,ニシノクラウン,
2021103338,ネイルンノ,2023/07/16,2福島6,晴,6.0,2歳新馬,10,4.0,4,13.1,5.0,10.0,吉村智洋,55.0,芝,1200.0,良,75.1,3.5,9-9,37.4,434.0,0.0,レオエンプレス,
2020105228,ジョウショーパワー,2026/07/12,高知,曇,6.0,C1ー3,12,3.0,3,15.2,5.0,7,岡村卓弥,57.0,ダ,1400.0,稍,92.5,2.2,7-7-8-9,40.8,486.0,0.0,ガラパゴス,
2020105228,ジョウショーパワー,2026/06/28,高知,曇,10.0,菖蒲洞特別,11,7.0,8,27.6,5.0,6,岡村卓弥,57.0,ダ,1600.0,不,105.5,2.1,10-10-10-10,39.8,486.0,0.0,ダオラダオラ,
2020105228,ジョウショーパワー,2026/05/31,高知,晴,10.0,丸山台特別,12,5.0,6,4.5,2.0,4,岡村卓弥,57.0,ダ,1900.0,稍,127.4,1.2,8-9-7-8,40.4,486.0,2.0,ベルリネッタ,60.0
2020105228,ジョウショーパワー,2026/05/16,高知,晴,5.0,C1ー5,12,8.0,11,18.4,3.0,2,岡村卓弥,57.0,ダ,1400.0,良,93.1,0.4,3-3-3-4,39.9,484.0,-4.0,スピードソルジャー,40.0
2020105228,ジョウショーパワー,2026/04/26,高知,雨,6.0,四万十川特別,12,3.0,3,12.4,6.0,4,永森大智,57.0,ダ,1800.0,不,119.3,1.3,11-11-9-6,39.7,488.0,1.0,ダノンウィルヘルム,80.0
2020105228,ジョウショーパワー,2026/03/23,高知,晴,8.0,安居川特別(B),12,7.0,9,34.6,6.0,6,岡村卓弥,57.0,ダ,1400.0,重,91.4,2.2,9-9-8-8,39.0,487.0,-5.0,ルコルセール,
2020105228,ジョウショーパワー,2026/03/17,高知,晴,7.0,奈半利川特別(B),10,5.0,5,11.8,4.0,3,岡村卓弥,57.0,ダ,1600.0,良,108.9,0.5,9-9-9-9,41.1,492.0,6.0,ダノンウィルヘルム,50.0
2020105228,ジョウショーパワー,2026/03/02,高知,雨,8.0,四十寺山特別(B),8,5.0,5,3.9,3.0,4,岡村卓弥,57.0,ダ,1600.0,不,105.5,1.0,6-6-7-6,37.9,486.0,2.0,ナムラテディー,30.0
2020105228,ジョウショーパワー,2026/02/17,高知,晴,8.0,松田川特別(B),8,5.0,5,7.9,4.0,3,岡村卓弥,57.0,ダ,1600.0,稍,107.9,0.3,8-8-8-6,39.7,484.0,0.0,フォードテソーロ,50.0
2020105228,ジョウショーパワー,2026/01/26,高知,晴,9.0,Bー2,7,3.0,3,4.4,2.0,3,岡村卓弥,57.0,ダ,1300.0,良,84.0,2.0,6-4-4-4,39.0,484.0,12.0,ルコルセール,30.0
2020105228,ジョウショーパワー,2025/12/28,5阪神8,晴,8.0,3歳以上2勝クラス,13,1.0,1,95.8,11.0,12,藤懸貴志,58.0,ダ,1800.0,良,114.6,1.7,11-11-11-12,38.5,472.0,0.0,ゴールドダイアー,
2020105228,ジョウショーパワー,2025/12/13,5阪神3,晴,10.0,赤穂特別(2勝クラス),14,3.0,3,81.8,9.0,13,和田竜二,58.0,ダ,2000.0,良,127.1,2.1,1-1-1-1,39.2,472.0,2.0,ポルポラジール,
2020105228,ジョウショーパワー,2025/10/11,4東京3,雨,10.0,東村山特別(2勝クラス),16,1.0,1,87.1,13.0,12,丸山元気,58.0,ダ,2100.0,稍,133.8,3.0,5-6-7-9,39.4,470.0,0.0,シャンパンポップ,
2020105228,ジョウショーパワー,2025/09/28,4阪神9,曇,12.0,3歳以上2勝クラス,14,4.0,5,5.4,3.0,5,和田竜二,58.0,ダ,2000.0,良,127.3,1.6,6-6-6-7,38.7,470.0,4.0,シャルクハフト,114.0
2020105228,ジョウショーパワー,2025/06/22,3阪神6,晴,12.0,3歳以上2勝クラス,15,4.0,6,80.1,10.0,4,和田竜二,58.0,ダ,1800.0,良,113.5,0.4,12-12-11-10,38.0,466.0,-2.0,アウトドライブ,170.0
2020105228,ジョウショーパワー,2025/06/07,3阪神1,曇,10.0,加古川特別(2勝クラス),9,3.0,3,26.3,5.0,6,和田竜二,58.0,ダ,1800.0,良,114.0,1.0,4-5-5-5,36.9,468.0,0.0,ロードラビリンス,
2020105228,ジョウショーパワー,2025/03/29,2阪神1,曇,12.0,4歳以上2勝クラス,9,8.0,9,5.5,3.0,4,和田竜二,58.0,ダ,2000.0,稍,127.9,0.4,7-7-5-4,37.0,468.0,-4.0,オペラプラージュ,170.0
2020105228,ジョウショーパワー,2025/03/09,1阪神4,晴,8.0,4歳以上2勝クラス,12,5.0,6,7.9,5.0,4,菱田裕二,58.0,ダ,1800.0,良,116.4,0.3,9-9-10-11,37.5,472.0,-2.0,キャピタルサックス,170.0
2020105228,ジョウショーパワー,2025/01/12,1中京4,曇,9.0,天白川特別(2勝クラス),16,5.0,10,56.7,9.0,8,小崎綾也,58.0,ダ,1900.0,良,120.8,0.9,2-2-8-13,37.8,474.0,8.0,ミッキークレスト,
2020105228,ジョウショーパワー,2024/11/02,5東京1,小雨,9.0,神奈川新聞杯(2勝クラス),16,7.0,13,37.7,11.0,14,藤懸貴志,58.0,ダ,2100.0,重,131.7,1.9,2-2-6-6,37.2,466.0,-2.0,グロバーテソーロ,
2020105228,ジョウショーパワー,2024/10/13,4東京3,晴,8.0,3歳以上2勝クラス,16,5.0,10,16.0,7.0,5,藤懸貴志,58.0,ダ,2100.0,良,131.4,0.9,1-1-1-1,37.4,468.0,-2.0,リアレスト,114.0
2020105228,ジョウショーパワー,2024/08/10,2中京1,晴,10.0,日進特別(2勝クラス),16,1.0,1,26.9,10.0,4,和田竜二,58.0,ダ,1800.0,良,113.7,0.5,4-2-4-4,38.1,470.0,8.0,サンマルパトロール,230.0
2020105228,ジョウショーパワー,2024/05/26,3京都12,晴,9.0,與杼特別(2勝クラス),11,3.0,3,17.5,7.0,8,菱田裕二,58.0,ダ,1900.0,良,120.9,1.3,2-3-5-9,38.4,462.0,-8.0,ペプチドソレイユ,
2020105228,ジョウショーパワー,2024/05/05,3京都6,晴,8.0,4歳以上2勝クラス,14,4.0,6,9.4,3.0,6,藤懸貴志,58.0,ダ,1900.0,良,120.8,1.0,6-6-7-7,37.6,470.0,2.0,ペイシャモノノフ,
2020105228,ジョウショーパワー,2024/03/24,2阪神2,雨,8.0,4歳以上2勝クラス,14,7.0,11,16.3,7.0,2,藤懸貴志,58.0,ダ,2000.0,不,124.1,0.0,10-10-13-10,37.5,468.0,-6.0,バリアントバイオ,460.0
2020105228,ジョウショーパワー,2024/03/02,1阪神3,曇,7.0,4歳以上1勝クラス,8,2.0,2,6.1,4.0,1,和田竜二,58.0,ダ,2000.0,稍,127.5,-0.2,5-5-4-4,37.4,474.0,8.0,(ウォーターハウス),800.0
2020105228,ジョウショーパワー,2024/01/07,1京都2,晴,7.0,4歳以上1勝クラス,13,4.0,5,38.7,8.0,8,岩田望来,57.0,ダ,1900.0,良,122.3,1.4,9-7-11-12,38.5,466.0,0.0,ハギノサステナブル,
2020105228,ジョウショーパワー,2023/12/17,5阪神6,晴,7.0,3歳以上1勝クラス,9,2.0,2,64.5,8.0,8,団野大成,57.0,ダ,1800.0,稍,116.3,2.6,6-6-5-5,39.7,466.0,12.0,チュウワハート,
2020105228,ジョウショーパワー,2023/10/01,4阪神9,曇,4.0,3歳以上1勝クラス,12,7.0,9,13.3,6.0,8,幸英明,55.0,ダ,1800.0,不,113.0,1.5,12-12-12-10,39.0,454.0,-2.0,カレンマックナイト,
2020105228,ジョウショーパワー,2023/09/09,4阪神1,晴,6.0,3歳以上1勝クラス,13,4.0,5,14.5,3.0,3,幸英明,55.0,ダ,1800.0,良,114.9,1.0,11-11-10-8,37.5,456.0,8.0,エルゲルージ,200.0
2020105228,ジョウショーパワー,2023/07/01,3中京1,曇,12.0,3歳以上1勝クラス,16,1.0,2,38.0,10.0,11,幸英明,55.0,ダ,1900.0,不,120.4,2.2,12-12-4-5,39.5,448.0,-10.0,ルクスフロンティア,
2020105228,ジョウショーパワー,2023/06/11,3阪神4,小雨,4.0,3歳未勝利,16,8.0,16,3.1,2.0,1,岩田望来,56.0,ダ,1800.0,重,113.0,0.0,4-4-4-4,38.3,458.0,4.0,(アヘッド),550.0
2020105228,ジョウショーパワー,2023/04/29,1京都3,曇,4.0,3歳未勝利,12,1.0,1,7.4,3.0,2,幸英明,56.0,ダ,1800.0,良,114.3,0.3,1-1-1-1,37.8,454.0,-2.0,タイガースパーク,220.0
2020105228,ジョウショーパワー,2023/04/09,1福島2,晴,1.0,3歳未勝利,15,2.0,2,3.3,2.0,7,永島まな,52.0,ダ,1700.0,稍,108.7,1.3,3-4-5-9,39.5,456.0,0.0,タマモマスラオ,
2020105228,ジョウショーパワー,2023/03/18,2中京3,雨,3.0,3歳未勝利,16,7.0,13,8.4,5.0,4,永島まな,52.0,ダ,1800.0,重,112.2,0.7,3-3-2-3,36.8,456.0,-6.0,レッドダンルース,83.0
2020105228,ジョウショーパワー,2023/03/04,1阪神7,晴,2.0,3歳未勝利,13,3.0,3,5.1,3.0,4,幸英明,56.0,ダ,2000.0,良,129.3,1.2,6-5-5-4,38.5,462.0,-6.0,レッドプロフェシー,83.0
2020105228,ジョウショーパワー,2022/12/24,6阪神7,晴,4.0,2歳未勝利,16,4.0,8,189.6,13.0,10,北村友一,55.0,芝,2000.0,良,122.4,0.9,10-10-12-14,35.5,468.0,2.0,セオ,
2020105228,ジョウショーパワー,2022/12/04,6阪神2,曇,2.0,2歳未勝利,11,2.0,2,246.3,10.0,6,北村友一,55.0,芝,2000.0,良,122.5,1.1,2-2-2-2,35.5,466.0,6.0,スマートファントム,
2020105228,ジョウショーパワー,2022/10/02,5中京9,晴,5.0,2歳新馬,14,5.0,7,149.7,14.0,12,川須栄彦,55.0,芝,2000.0,良,125.3,1.7,6-6-7-9,35.8,460.0,0.0,ダノンペドロ,
2017105992,ボマライン,2026/07/12,高知,曇,6.0,C1ー3,12,4.0,4,345.4,11.0,5,城野慈尚,56.0,ダ,1400.0,稍,92.1,1.8,11-11-10-6,39.4,463.0,-1.0,ガラパゴス,10.0
2017105992,ボマライン,2026/06/28,高知,曇,8.0,C1ー3,11,8.0,10,274.4,11.0,7,城野慈尚,56.0,ダ,1600.0,不,108.0,3.7,8-8-9-9,41.1,464.0,11.0,グランツアーテム,
2017105992,ボマライン,2026/06/14,高知,曇,8.0,C1ー3,11,8.0,11,,,取,妹尾浩一,57.0,ダ,1400.0,重,,,,,,,ステラマテュティナ,
2017105992,ボマライン,2026/05/31,高知,晴,8.0,C1ー3,9,7.0,7,168.8,9.0,9,木村直輝,57.0,ダ,1600.0,稍,109.1,2.9,7-7-9-9,41.7,453.0,-7.0,ビステル,
2017105992,ボマライン,2026/05/17,高知,晴,9.0,C1ー3,11,2.0,2,353.5,10.0,9,木村直輝,57.0,ダ,1400.0,良,95.3,3.2,10-10-9-9,41.5,460.0,0.0,ベストディシジョン,
2017105992,ボマライン,2026/05/03,高知,雨,9.0,C1ー3,10,4.0,4,229.2,10.0,8,木村直輝,57.0,ダ,1300.0,不,84.5,2.2,10-9-10-10,39.6,460.0,3.0,エイシンオッティモ,
2017105992,ボマライン,2026/04/19,高知,曇,9.0,C1ー3,11,3.0,3,195.9,10.0,6,山田義貴,57.0,ダ,1400.0,重,91.8,1.4,4-4-5-5,38.9,457.0,-2.0,ゴーマックス,
2017105992,ボマライン,2026/04/05,高知,晴,9.0,C1ー3,8,5.0,5,23.3,4.0,7,妹尾浩一,57.0,ダ,1600.0,不,106.9,2.5,6-5-6-6,40.6,459.0,-2.0,モノノフブルー,
2017105992,ボマライン,2026/03/23,高知,晴,9.0,ファイナルレース(B),12,5.0,6,21.6,9.0,11,木村直輝,57.0,ダ,1400.0,重,94.3,3.0,10-10-10-11,41.2,461.0,1.0,ヤマイチエスポ,
2017105992,ボマライン,2026/03/10,高知,晴,7.0,Bー3,6,2.0,2,42.0,6.0,4,木村直輝,57.0,ダ,1400.0,稍,93.8,1.2,3-3-3-4,40.0,460.0,-1.0,リーチアディール,18.0
2017105992,ボマライン,2026/02/25,高知,曇,10.0,ファイナルレース(C1),11,3.0,3,64.0,11.0,3,城野慈尚,56.0,ダ,1600.0,不,104.3,0.1,6-6-6-6,39.4,461.0,0.0,マツリダマスラオ,22.5
2017105992,ボマライン,2026/02/11,高知,曇,8.0,白山洞門特別(C1),10,6.0,6,149.4,10.0,10,木村直輝,57.0,ダ,1300.0,重,86.4,2.2,8-9-9-10,39.3,461.0,5.0,ピストンボーイ,
2017105992,ボマライン,2026/01/27,高知,晴,8.0,C1ー2,10,8.0,9,310.6,10.0,2,木村直輝,57.0,ダ,1400.0,良,91.5,0.5,9-9-9-9,38.8,456.0,-4.0,ブーバー,36.0
2017105992,ボマライン,2026/01/13,高知,晴,8.0,C1ー2,7,1.0,1,212.6,7.0,7,木村直輝,57.0,ダ,1600.0,良,108.9,3.3,7-6-7-7,41.2,460.0,-7.0,ビービーベジェサ,
2017105992,ボマライン,2025/12/29,高知,晴,10.0,C1ー2,10,3.0,3,202.5,10.0,9,妹尾浩一,57.0,ダ,1400.0,良,94.6,2.3,9-7-7-9,40.9,467.0,6.0,アースライザー,
2017105992,ボマライン,2025/12/14,高知,晴,6.0,C1ー2,12,8.0,12,150.6,12.0,11,木村直輝,57.0,ダ,1400.0,稍,92.9,2.2,9-9-9-10,40.6,461.0,1.0,ラプラス,
2017105992,ボマライン,2025/11/30,高知,晴,5.0,やまぐち和牛燦特別(C1),11,4.0,4,307.3,11.0,8,木村直輝,57.0,ダ,1600.0,良,109.8,2.0,5-5-6-3,41.6,460.0,1.0,コスモメイゲツ,
2017105992,ボマライン,2025/11/16,高知,晴,7.0,C1ー2,11,5.0,5,125.8,11.0,10,木村直輝,57.0,ダ,1300.0,稍,86.7,3.6,8-8-10-10,41.1,459.0,3.0,カムランベイ,
2017105992,ボマライン,2025/11/02,高知,曇,9.0,C1ー2,12,2.0,2,338.3,12.0,11,木村直輝,57.0,ダ,1400.0,重,92.9,2.8,9-9-10-11,40.0,456.0,1.0,ガラパゴス,
2017105992,ボマライン,2025/10/19,高知,曇,12.0,ファイナルレース(C1),10,6.0,6,20.1,7.0,9,木村直輝,57.0,ダ,1600.0,稍,110.4,2.8,7-7-7-8,42.6,455.0,4.0,ダノンペドロ,
2017105992,ボマライン,2025/10/05,高知,晴,8.0,C1ー2,12,1.0,1,66.4,9.0,10,木村直輝,57.0,ダ,1300.0,重,87.3,2.7,10-12-12-12,40.0,451.0,0.0,ハイモビリティ,
2017105992,ボマライン,2025/09/23,高知,曇,11.0,ファイナルレース(C1),11,3.0,3,19.9,9.0,4,妹尾浩一,57.0,ダ,1400.0,良,92.7,0.4,8-8-9-6,40.6,451.0,-6.0,シュクメルリ,13.5
2017105992,ボマライン,2025/09/07,高知,晴,4.0,戻り鰹特別(C1),10,5.0,5,112.4,9.0,5,林謙佑,57.0,ダ,1600.0,重,108.5,1.4,9-9-8-8,41.1,457.0,3.0,フィティアンガ,9.0
2017105992,ボマライン,2025/08/02,高知,晴,11.0,Bー2,11,8.0,10,123.3,11.0,10,木村直輝,57.0,ダ,1300.0,良,87.1,2.7,8-9-10-10,40.4,454.0,-4.0,スマートアルタイル,
2017105992,ボマライン,2025/07/19,高知,晴,8.0,Bー3,9,6.0,6,22.4,8.0,8,仲原大生,57.0,ダ,1400.0,不,91.2,2.1,4-5-6-7,40.6,458.0,2.0,ヤマイチエスポ,
2017105992,ボマライン,2025/07/05,高知,晴,8.0,Bー3,10,6.0,6,70.3,9.0,9,木村直輝,57.0,ダ,1300.0,良,86.4,2.3,7-7-8-7,39.6,456.0,-8.0,ストーミーデイ,
2017105992,ボマライン,2025/06/15,高知,晴,12.0,ファイナルレース(C1),12,5.0,5,7.0,4.0,1,城野慈尚,55.0,ダ,1400.0,不,89.7,0.0,7-7-7-7,39.1,464.0,2.0,(サノノゴールド),90.0
2017105992,ボマライン,2025/06/01,高知,晴,8.0,C1ー2,10,8.0,9,145.5,9.0,7,木村直輝,57.0,ダ,1600.0,稍,107.6,2.1,7-5-4-5,40.7,462.0,5.0,ディベルティール,
2017105992,ボマライン,2025/05/18,高知,曇,10.0,C1ー2,10,7.0,8,145.1,8.0,5,木村直輝,57.0,ダ,1300.0,不,82.2,1.3,7-6-6-6,37.5,457.0,-2.0,マッティーナ,9.0
2017105992,ボマライン,2025/05/04,高知,晴,7.0,C1ー2,11,7.0,8,62.3,10.0,7,木村直輝,57.0,ダ,1400.0,重,93.0,1.5,8-8-9-7,39.4,459.0,-3.0,コロンバージュ,
2017105992,ボマライン,2025/04/20,高知,曇,5.0,C1ー2,11,3.0,3,82.8,10.0,5,木村直輝,57.0,ダ,1400.0,稍,92.6,2.3,9-8-8-8,40.2,462.0,0.0,ルアル,9.0
2017105992,ボマライン,2025/04/06,高知,晴,11.0,鏡野公園特別(C1),9,8.0,10,18.9,5.0,6,木村直輝,57.0,ダ,1400.0,稍,93.4,1.9,5-5-5-7,40.4,462.0,2.0,カプティフ,
2017105992,ボマライン,2025/03/25,高知,晴,12.0,ファイナルレース(B),12,7.0,10,7.2,3.0,3,木村直輝,56.0,ダ,1300.0,良,86.8,1.1,4-4-3-4,40.6,460.0,1.0,トウカイラメール,24.0
2017105992,ボマライン,2025/03/09,高知,晴,5.0,マアジ特別(AB),8,3.0,3,25.4,6.0,5,木村直輝,55.0,ダ,1600.0,重,107.2,1.5,3-2-3-3,40.1,459.0,-5.0,エスポワールガイ,16.0
2017105992,ボマライン,2025/02/24,高知,晴,9.0,金剛山特別(B),10,6.0,6,76.0,8.0,7,木村直輝,56.0,ダ,1400.0,良,93.3,1.8,7-7-7-9,40.0,464.0,-2.0,ロードラズライト,
2017105992,ボマライン,2025/02/11,高知,晴,4.0,高知市こども劇場特別(AB),6,3.0,3,5.5,3.0,3,木村直輝,55.0,ダ,1400.0,良,93.6,1.4,3-3-3-3,40.8,466.0,4.0,メイショウウズマサ,32.0
2017105992,ボマライン,2025/01/28,高知,晴,10.0,奈半利川特別(B),10,6.0,6,161.6,9.0,5,木村直輝,56.0,ダ,1400.0,稍,93.2,1.1,9-9-10-10,40.3,462.0,-2.0,ロードラズライト,20.0
2017105992,ボマライン,2025/01/13,高知,晴,10.0,今ノ山特別(B),9,5.0,5,24.5,3.0,4,木村直輝,56.0,ダ,1300.0,稍,85.9,1.7,8-7-7-6,39.9,464.0,0.0,スマートダンディー,24.0
2017105992,ボマライン,2025/01/01,高知,晴,7.0,Bー3,7,5.0,5,80.6,7.0,4,西森将司,56.0,ダ,1400.0,良,92.9,1.3,5-5-5-5,39.7,464.0,0.0,スマートダンディー,18.0
2017105992,ボマライン,2024/12/21,高知,晴,9.0,エルの嫁はどこ?特別(B),10,7.0,7,94.3,9.0,4,西森将司,56.0,ダ,1600.0,良,110.6,0.9,3-3-3-3,40.1,464.0,-2.0,ベルルークザンダー,18.0
2017105992,ボマライン,2024/12/08,高知,晴,11.0,新川川特別(B),9,6.0,6,37.4,6.0,7,木村直輝,56.0,ダ,1300.0,良,86.3,2.4,5-6-6-7,40.3,466.0,3.0,メイショウウズマサ,
2017105992,ボマライン,2024/11/23,高知,晴,10.0,Bー2,9,8.0,9,22.1,6.0,3,木村直輝,56.0,ダ,1400.0,稍,93.4,1.0,6-6-7-6,40.7,463.0,4.0,デルマアズラエル,24.0
2017105992,ボマライン,2024/11/09,高知,晴,10.0,梼原川特別(B),7,5.0,5,159.7,7.0,6,木村直輝,56.0,ダ,1600.0,稍,107.7,1.0,4-4-5-6,40.8,459.0,3.0,タイキマクスウェル,
2017105992,ボマライン,2024/10/26,高知,雨,10.0,秋葉山特別(B),9,8.0,10,136.4,9.0,5,木村直輝,56.0,ダ,1400.0,不,91.0,1.8,6-7-7-6,39.7,456.0,0.0,タイキマクスウェル,20.0
2017105992,ボマライン,2024/10/14,高知,晴,8.0,Bー2,6,6.0,6,48.0,6.0,3,木村直輝,56.0,ダ,1600.0,稍,108.2,2.7,5-5-6-4,41.4,456.0,2.0,タイキマクスウェル,24.0
2017105992,ボマライン,2024/09/28,高知,曇,9.0,Bー2,11,8.0,11,43.0,7.0,8,木村直輝,56.0,ダ,1400.0,良,93.4,2.1,5-5-6-7,41.9,454.0,1.0,フォーサイドナイン,
2017105992,ボマライン,2024/09/15,高知,曇,9.0,Bー2,11,8.0,10,14.0,5.0,4,木村直輝,56.0,ダ,1300.0,不,84.7,2.1,4-4-4-5,40.3,453.0,1.0,ナムラスワガー,18.0
2017105992,ボマライン,2024/07/28,高知,晴,10.0,C1ー2,10,7.0,8,43.5,6.0,4,岡村卓弥,56.0,ダ,1600.0,良,106.9,1.0,7-7-8-6,41.0,452.0,3.0,アイアンムスメ,13.5
2017105992,ボマライン,2024/07/15,高知,雨,9.0,C1ー2,11,7.0,8,14.7,6.0,5,岡村卓弥,56.0,ダ,1400.0,不,90.1,1.5,6-5-5-4,39.7,449.0,-3.0,カールスモーキー,9.0
2017105992,ボマライン,2024/06/30,高知,曇,10.0,龍河洞特別(C1),10,5.0,5,106.1,10.0,5,岡村卓弥,56.0,ダ,1300.0,不,83.0,1.0,5-3-3-3,39.2,452.0,4.0,デルマベルセブブ,16.0
2017105992,ボマライン,2024/06/16,高知,晴,12.0,ファイナルレース(C1),12,5.0,5,9.0,5.0,1,木村直輝,56.0,ダ,1400.0,良,91.8,-0.5,4-4-3-1,40.1,448.0,-3.0,(ナノハナバタケ),90.0
2017105992,ボマライン,2024/06/02,高知,晴,8.0,叶翔誕生記念杯特別(C1),11,6.0,6,26.9,6.0,7,岡村卓弥,56.0,ダ,1400.0,重,93.2,2.7,6-8-9-9,41.0,451.0,1.0,デルマベルセブブ,
2017105992,ボマライン,2024/05/19,高知,雨,9.0,C1ー2,11,6.0,7,22.4,6.0,6,木村直輝,56.0,ダ,1300.0,重,84.3,1.8,8-8-8-7,39.0,450.0,-3.0,エコロファルコン,
2017105992,ボマライン,2024/05/06,高知,雨,8.0,早川公啓生誕記念特別(C1),11,2.0,2,14.9,5.0,4,岡村卓弥,56.0,ダ,1400.0,不,89.6,1.3,8-8-6-4,38.6,453.0,0.0,コパノリッチマン,13.5
2017105992,ボマライン,2024/04/21,高知,雨,8.0,マリアージュは特別(C1),11,3.0,3,29.7,7.0,3,木村直輝,56.0,ダ,1400.0,不,90.4,1.5,8-8-8-7,39.0,453.0,4.0,ゲンパチレオニダス,18.0
2017105992,ボマライン,2024/04/07,高知,曇,8.0,C1ー3,12,6.0,7,93.0,9.0,6,畑中信司,56.0,ダ,1400.0,重,91.1,1.1,8-8-9-7,39.5,449.0,-4.0,フリーウィーリング,
2017105992,ボマライン,2024/03/27,高知,晴,9.0,C1ー3,12,8.0,12,27.6,8.0,3,岡村卓弥,56.0,ダ,1400.0,不,90.3,0.3,6-6-6-6,39.0,453.0,-2.0,エンダウメント,18.0
2017105992,ボマライン,2024/03/12,高知,晴,8.0,二十三士公園特別(C1),8,5.0,5,106.0,8.0,7,木村直輝,56.0,ダ,1400.0,不,89.8,1.6,7-7-8-7,38.7,455.0,-1.0,ペイシャワールド,
2017105992,ボマライン,2024/02/28,高知,晴,7.0,秀ちゃん誕生祭特別(C1),10,3.0,3,26.8,6.0,2,岡村卓弥,56.0,ダ,1400.0,重,90.8,0.1,7-7-7-2,39.2,456.0,-2.0,サンエルセントロ,31.5
2017105992,ボマライン,2024/02/14,高知,晴,7.0,甘くない木下智史特別(C1),8,2.0,2,11.7,4.0,4,木村直輝,56.0,ダ,1600.0,重,108.2,0.4,3-3-4-4,41.7,458.0,0.0,シャープレシオ,13.5
2017105992,ボマライン,2024/01/31,高知,小雨,7.0,C1ー3,11,5.0,5,169.2,10.0,5,木村直輝,56.0,ダ,1300.0,重,84.1,1.5,7-5-5-4,39.0,458.0,-2.0,グレートヒエン,9.0
2017105992,ボマライン,2024/01/17,高知,晴,6.0,C1ー4,10,6.0,7,44.4,6.0,4,木村直輝,56.0,ダ,1400.0,良,93.6,0.9,7-6-6-4,40.1,460.0,-1.0,ムサシフウジン,13.5
2017105992,ボマライン,2023/12/31,高知,晴,7.0,C1ー5,7,8.0,9,59.2,6.0,4,木村直輝,56.0,ダ,1400.0,重,92.2,0.5,4-4-3-3,40.6,461.0,-3.0,ミッキーマインド,13.5
2017105992,ボマライン,2023/12/10,高知,晴,8.0,C1ー4,11,6.0,7,121.2,9.0,8,木村直輝,56.0,ダ,1400.0,重,93.7,3.3,6-6-6-8,41.1,464.0,0.0,バリチューロ,
2017105992,ボマライン,2023/11/26,高知,晴,6.0,C1ー5,10,8.0,9,123.1,6.0,7,木村直輝,56.0,ダ,1300.0,稍,86.0,1.5,5-5-5-5,40.2,464.0,2.0,コパノフレディー,
2017105992,ボマライン,2023/11/12,高知,曇,6.0,セニョールベスト特別(C1),8,1.0,1,21.6,4.0,6,木村直輝,56.0,ダ,1600.0,不,107.1,1.8,3-3-3-3,40.3,462.0,-1.0,トランセンデンス,
2017105992,ボマライン,2023/10/29,高知,晴,5.0,カンラン特別(C1),11,7.0,8,319.7,11.0,6,木村直輝,56.0,ダ,1400.0,重,92.1,2.7,3-3-3-4,40.8,463.0,-4.0,デシジョン,
2017105992,ボマライン,2023/10/15,高知,晴,12.0,ファイナルレース(C1),12,4.0,4,27.8,10.0,10,木村直輝,56.0,ダ,1300.0,重,85.3,0.8,5-5-6-6,40.2,467.0,8.0,ノーベルプライズ,
2017105992,ボマライン,2023/10/01,高知,曇,7.0,C1ー4,7,7.0,7,42.3,4.0,6,木村直輝,56.0,ダ,1400.0,稍,93.7,1.5,4-4-4-3,40.7,459.0,-1.0,ジョーロノ,
2017105992,ボマライン,2023/09/10,高知,小雨,6.0,C1ー5,6,2.0,2,26.2,6.0,2,岡遼太郎,56.0,ダ,1400.0,重,91.5,0.1,6-6-5-5,39.8,460.0,6.0,ホワイトレッグス,31.5
2017105992,ボマライン,2023/08/27,高知,晴,6.0,ビロードムラサキ特別(C1),10,8.0,9,34.0,8.0,5,木村直輝,56.0,ダ,1600.0,重,107.2,1.6,5-5-6-6,41.2,454.0,-3.0,エムオーグリッタ,9.0
2017105992,ボマライン,2023/08/13,高知,晴,7.0,C1ー4,11,8.0,11,38.3,8.0,8,木村直輝,56.0,ダ,1400.0,重,92.0,1.8,5-5-4-6,40.3,457.0,-1.0,ミーハディビーナ,
2017105992,ボマライン,2023/07/23,高知,晴,11.0,猿田洞特別(C1),10,7.0,7,50.9,9.0,7,木村直輝,56.0,ダ,1600.0,稍,109.5,4.2,8-9-8-7,43.8,458.0,4.0,グランドボヌール,
2017105992,ボマライン,2023/07/09,高知,曇,5.0,C1ー6,10,2.0,2,4.5,3.0,2,木村直輝,56.0,ダ,1300.0,不,85.3,0.3,3-3-2-2,40.0,454.0,3.0,プロトイチバンボシ,31.5
2017105992,ボマライン,2023/06/24,高知,曇,8.0,C2ー3,9,1.0,1,18.6,7.0,1,岡遼太郎,55.0,ダ,1600.0,重,107.3,-0.2,2-1-1-1,39.8,451.0,-6.0,(ブレイヴルーラー),70.0
2017105992,ボマライン,2023/06/10,高知,雨,8.0,C2ー3,9,6.0,6,40.9,6.0,3,岡村卓弥,56.0,ダ,1300.0,不,84.4,1.3,5-6-5-4,39.3,457.0,0.0,ウインレゼルヴ,14.0
2017105992,ボマライン,2023/05/20,高知,晴,7.0,C2ー4,11,8.0,10,23.4,9.0,5,岡遼太郎,55.0,ダ,1400.0,不,92.6,0.9,8-10-10-9,40.1,457.0,5.0,マイネルエンカント,7.0
2017105992,ボマライン,2023/05/06,高知,小雨,8.0,C2ー4,11,6.0,6,18.7,8.0,7,岡遼太郎,56.0,ダ,1400.0,不,93.4,1.0,7-5-7-7,41.8,452.0,-3.0,レープハフト,
2017105992,ボマライン,2023/04/22,高知,晴,7.0,C2ー4,11,6.0,7,12.5,6.0,4,木村直輝,56.0,ダ,1300.0,稍,87.3,1.0,11-11-9-8,40.9,455.0,3.0,ヴィータファン,8.8
2017105992,ボマライン,2023/04/08,高知,晴,6.0,C2ー5,12,5.0,5,48.7,7.0,4,木村直輝,56.0,ダ,1400.0,不,92.2,0.9,12-11-11-11,40.2,452.0,-7.0,デルマウオッカ,10.5
2017105992,ボマライン,2023/03/26,高知,曇,5.0,C2ー3,10,4.0,4,8.5,5.0,1,木村直輝,56.0,ダ,1400.0,不,90.3,-0.3,6-6-6-3,39.7,459.0,-1.0,(モズクルードラゴン),70.0
2017105992,ボマライン,2023/03/12,高知,小雨,7.0,C2ー2,10,4.0,4,38.6,6.0,5,木村直輝,56.0,ダ,1400.0,重,93.6,2.2,8-6-6-5,41.1,460.0,0.0,テンチシンメイ,7.0
2017105992,ボマライン,2023/02/26,高知,晴,4.0,C2C3混合,8,5.0,5,39.5,8.0,2,木村直輝,55.0,ダ,1300.0,重,84.8,0.2,4-4-4-5,40.1,460.0,-1.0,スケサンカクサン,24.5
2017105992,ボマライン,2023/02/13,高知,曇,3.0,C3ー2,9,4.0,4,14.9,4.0,5,木村直輝,56.0,ダ,1400.0,不,92.8,1.1,6-6-6-5,39.6,461.0,-4.0,スイスライツ,6.0
2017105992,ボマライン,2023/01/31,高知,晴,9.0,ユキワリイチゲ特別(C3),12,2.0,2,318.0,12.0,8,木村直輝,56.0,ダ,1300.0,重,85.6,1.4,9-9-10-10,39.5,465.0,3.0,ムジョウ,
2017105992,ボマライン,2023/01/24,高知,雪,9.0,ロウバイ特別(C3),0,1.0,1,,,,木村直輝,56.0,ダ,1300.0,不,,,,,,,,
2017105992,ボマライン,2023/01/10,高知,晴,4.0,上田直人初来場特別(C3),10,4.0,4,4.3,3.0,1,木村直輝,56.0,ダ,1600.0,稍,109.3,-0.1,3-3-3-3,40.8,462.0,-3.0,(ブラックジェイド),60.0
2017105992,ボマライン,2022/12/29,高知,晴,2.0,C3ー4,11,6.0,6,31.6,5.0,4,木村直輝,56.0,ダ,1400.0,不,92.6,1.1,6-6-6-4,40.7,465.0,4.0,ヒメノジャッカル,9.0
2017105992,ボマライン,2022/12/11,高知,晴,10.0,キバナアマ特別(C3),9,4.0,4,76.2,9.0,8,木村直輝,56.0,ダ,1300.0,重,86.8,2.2,8-8-9-9,41.5,461.0,0.0,ユニコーン,
2017105992,ボマライン,2022/12/03,高知,晴,5.0,C3ー9,9,1.0,1,8.0,4.0,1,木村直輝,56.0,ダ,1300.0,重,85.7,-0.5,5-4-4-4,40.3,461.0,8.0,(ブラックジェイド),60.0
2017105992,ボマライン,2022/11/19,高知,曇,3.0,C3ー11,11,7.0,8,124.9,7.0,2,木村直輝,56.0,ダ,1400.0,稍,93.2,0.1,6-5-3-1,40.5,453.0,0.0,ミッキーマインド,21.0
2017105992,ボマライン,2022/11/05,高知,晴,3.0,C3ー12,11,8.0,10,219.4,9.0,3,木村直輝,56.0,ダ,1300.0,重,85.6,1.6,4-3-4-2,40.0,453.0,-3.0,ステラフィオーレ,12.0
2017105992,ボマライン,2022/10/22,高知,晴,3.0,来場記念特別(C3),11,3.0,3,91.8,8.0,6,木村直輝,56.0,ダ,1400.0,稍,94.5,1.0,5-4-7-6,42.1,456.0,-7.0,ガンスリンガー,
2017105992,ボマライン,2022/09/21,浦和,晴,10.0,紅葉月特別(B3),10,8.0,10,161.2,10.0,6,福原杏,56.0,ダ,1400.0,重,90.2,2.2,5-6-7-6,39.9,463.0,1.0,ジャックオレンジ,
2017105992,ボマライン,2022/08/30,浦和,曇,11.0,処暑特別(B2B3),9,6.0,6,113.5,9.0,9,室陽一朗,52.0,ダ,1400.0,良,91.7,3.2,8-7-9-9,38.9,462.0,2.0,リンクスショウ,
2017105992,ボマライン,2022/08/08,浦和,晴,11.0,立秋特別(B3),11,8.0,10,234.5,10.0,8,福原杏,56.0,ダ,1500.0,良,97.5,1.4,7-9-9-8,39.8,460.0,-2.0,ソフィアバローズ,
2017105992,ボマライン,2022/07/19,浦和,曇,11.0,朝顔特別(B2B3),12,7.0,10,158.0,11.0,11,福原杏,55.0,ダ,1500.0,稍,98.9,4.0,9-7-8-10,40.9,462.0,-6.0,ジュネス,
2017105992,ボマライン,2022/07/01,浦和,晴,11.0,七夕月特別(B1B2),11,5.0,5,295.7,11.0,9,秋元耕成,55.0,ダ,1500.0,良,97.7,3.8,9-9-9-9,39.6,468.0,1.0,コンセプト,
2017105992,ボマライン,2022/06/02,浦和,晴,9.0,マルチステッキ特別(B2B3),12,2.0,2,181.7,12.0,11,福原杏,57.0,ダ,1400.0,良,90.8,1.5,11-11-12-11,39.1,467.0,-1.0,シャイニー,
2017105992,ボマライン,2022/03/14,浦和,晴,11.0,麗日特別(B2B3),12,8.0,12,134.0,10.0,12,福原杏,57.0,ダ,1500.0,良,98.0,2.2,9-8-9-11,39.8,468.0,3.0,フクサングレート,
2017105992,ボマライン,2022/03/03,川崎,晴,10.0,マーチスター賞(B2B3),13,3.0,3,252.5,13.0,7,福原杏,57.0,ダ,1600.0,良,104.4,2.6,10-11-11-9,39.9,465.0,0.0,デクスター,
2017105992,ボマライン,2022/02/21,浦和,晴,11.0,初音特別(B2B3),10,5.0,5,120.7,6.0,9,藤江渉,57.0,ダ,1400.0,良,91.4,2.9,10-10-8-8,39.7,465.0,1.0,モリデンアロー,
2017105992,ボマライン,2022/02/10,大井,雪,10.0,梅見月賞競走(B2),15,1.0,1,556.7,15.0,13,福原杏,56.0,ダ,1400.0,稍,87.8,1.8,10-12-13,38.7,464.0,-2.0,スターシューター,
2017105992,ボマライン,2022/01/21,浦和,晴,11.0,端月特別(B2B3),8,7.0,7,64.1,7.0,7,福原杏,57.0,ダ,1400.0,良,90.3,2.0,6-5-6-7,38.8,466.0,6.0,ナンヨーオボロヅキ,
2017105992,ボマライン,2022/01/07,川崎,晴,11.0,ミモザ賞(B2B3),9,7.0,8,30.3,6.0,6,和田譲治,57.0,ダ,2000.0,稍,134.9,2.0,5-6-7-6,41.2,460.0,-6.0,フワトロ,
2017105992,ボマライン,2021/12/23,浦和,晴,11.0,暮来月特別(B1B2),12,8.0,11,28.5,8.0,10,笹川翼,55.0,ダ,1400.0,良,90.4,1.4,10-9-9-10,39.1,466.0,7.0,ハクサンホーリー,
2017105992,ボマライン,2021/12/16,川崎,晴,10.0,前田大勝典(B2),9,8.0,9,63.3,8.0,7,福原杏,56.0,ダ,1600.0,稍,105.3,2.1,5-6-5-7,40.9,459.0,-3.0,ハングリーハート,
2017105992,ボマライン,2021/11/24,浦和,晴,11.0,栃木県畜産協会長賞特(B2B3),12,5.0,6,13.4,5.0,5,笹川翼,57.0,ダ,2000.0,稍,133.3,2.2,6-5-6-5,41.3,462.0,0.0,ボナヴィーゴ,26.0
2017105992,ボマライン,2021/11/16,大井,晴,10.0,霜月賞競走(B2B3),16,1.0,1,15.7,7.0,9,福原杏,57.0,ダ,1800.0,良,116.8,1.8,10-10-10-8,41.0,462.0,-1.0,ピンフドラサン,
2017105992,ボマライン,2021/10/26,船橋,晴,12.0,柿の日特別(B2),13,4.0,4,44.3,8.0,4,福原杏,56.0,ダ,1600.0,不,102.2,1.2,9-9-10-7,39.6,463.0,0.0,ゴールデンサイクル,40.5
2017105992,ボマライン,2021/10/19,浦和,曇,10.0,マルチフェア特別(B2B3),12,8.0,12,9.7,5.0,7,福原杏,57.0,ダ,1400.0,重,90.1,0.7,8-8-8-8,39.7,463.0,8.0,ウインプロスト,
2017105992,ボマライン,2021/09/24,浦和,晴,11.0,秋の夜特別(B2),12,5.0,5,6.5,3.0,3,福原杏,56.0,ダ,1400.0,良,89.1,0.2,10-10-3-2,39.3,455.0,0.0,ジュンパッション,52.0
2017105992,ボマライン,2021/08/25,浦和,曇,11.0,’21トワイライトカ(A2),9,8.0,10,15.6,5.0,5,町田直希,53.0,ダ,1400.0,稍,89.0,2.0,7-7-7-7,37.7,455.0,-1.0,プレシャスエース,60.0
2017105992,ボマライン,2021/06/26,3東京7,曇,7.0,3歳以上1勝クラス,14,7.0,11,175.3,11.0,14,原優介,54.0,ダ,2100.0,良,137.8,6.8,3-3-2-3,42.9,456.0,6.0,タマモブトウカイ,
2017105992,ボマライン,2021/05/09,2新潟2,晴,9.0,4歳以上1勝クラス,14,7.0,12,43.1,9.0,6,斎藤新,56.0,芝,1800.0,良,108.9,0.8,2-2,38.1,450.0,-12.0,ブラックデビル,
2017105992,ボマライン,2021/03/07,2小倉8,曇,8.0,4歳以上1勝クラス,10,6.0,6,15.8,6.0,6,泉谷楓真,54.0,芝,1800.0,稍,110.4,0.8,2-2-2-2,36.5,462.0,-6.0,サマービート,
2017105992,ボマライン,2021/02/21,2小倉4,晴,9.0,4歳以上1勝クラス,8,8.0,9,13.3,7.0,5,泉谷楓真,53.0,芝,2600.0,良,161.1,0.7,2-2-3-3,37.3,468.0,6.0,アスティ,76.0
2017105992,ボマライン,2021/01/31,1小倉6,晴,9.0,4歳以上1勝クラス,12,8.0,11,163.3,12.0,6,泉谷楓真,53.0,芝,2600.0,良,161.4,1.0,3-3-3-3,37.6,462.0,2.0,マイネルコロンブス,
2017105992,ボマライン,2021/01/16,1小倉1,晴,8.0,4歳以上1勝クラス,15,5.0,8,155.6,13.0,11,山田敬士,54.0,ダ,1700.0,稍,108.6,3.1,10-9-8-8,39.8,460.0,-6.0,ファイナルマズル,
2017105992,ボマライン,2020/12/27,5中山8,晴,7.0,3歳以上1勝クラス,16,3.0,5,102.6,11.0,15,勝浦正樹,56.0,ダ,1800.0,良,117.2,3.1,12-12-11-11,40.5,466.0,2.0,カフェスペランツァ,
2017105992,ボマライン,2020/06/28,1函館6,曇,9.0,3歳以上1勝クラス,10,8.0,9,7.7,5.0,9,横山武史,54.0,ダ,1700.0,不,105.8,2.0,5-6-6-6,39.0,464.0,2.0,ホウオウトゥルース,
2017105992,ボマライン,2020/06/14,1函館2,曇,6.0,3歳未勝利,14,8.0,13,4.2,2.0,1,横山武史,56.0,ダ,1700.0,良,107.6,-0.4,4-3-2-1,39.7,462.0,-8.0,(カワキタジャズ),510.0
2017105992,ボマライン,2020/05/09,1新潟1,曇,6.0,3歳未勝利,13,6.0,9,4.1,2.0,7,団野大成,55.0,芝,2000.0,良,122.8,1.6,10-9-8-7,37.0,470.0,2.0,ディープキング,
2017105992,ボマライン,2020/04/18,1福島3,小雨,6.0,3歳未勝利,16,4.0,8,5.0,3.0,2,団野大成,54.0,芝,1800.0,稍,111.4,0.0,7-5-3-3,36.9,468.0,-4.0,コスモシークレット,200.0
2017105992,ボマライン,2020/02/22,1小倉11,晴,4.0,3歳未勝利,16,2.0,4,4.4,3.0,5,勝浦正樹,56.0,芝,1800.0,重,113.8,0.4,5-5-4-5,38.1,472.0,4.0,シャチ,51.0
2017105992,ボマライン,2020/02/02,1小倉6,晴,5.0,3歳未勝利,16,1.0,1,5.5,2.0,2,勝浦正樹,56.0,芝,1800.0,稍,111.7,0.3,5-3-2-2,38.5,468.0,0.0,コスモブルーノーズ,200.0
2017105992,ボマライン,2020/01/19,1小倉2,曇,5.0,3歳未勝利,15,6.0,10,10.6,5.0,6,勝浦正樹,56.0,芝,2000.0,重,124.4,1.4,2-2-2-2,38.5,468.0,-2.0,ホウオウエクレール,
2017105992,ボマライン,2019/12/01,5中山2,曇,3.0,2歳未勝利,16,7.0,13,21.1,5.0,2,勝浦正樹,55.0,芝,1800.0,良,109.1,0.2,1-1-1-1,36.3,470.0,6.0,レッドアダン,200.0
2017105992,ボマライン,2019/11/17,3福島6,晴,1.0,2歳未勝利,15,3.0,4,9.6,3.0,10,藤田菜七,52.0,ダ,1700.0,良,111.7,2.6,6-6-6-9,41.6,464.0,4.0,ジャッジ,
2017105992,ボマライン,2019/11/03,3福島2,曇,1.0,2歳未勝利,10,4.0,4,5.3,2.0,2,藤田菜七,52.0,ダ,1700.0,良,109.6,0.2,4-4-2-3,39.4,460.0,2.0,セイエスコート,200.0
2017105992,ボマライン,2019/10/05,4東京1,晴,1.0,2歳未勝利,13,4.0,5,8.7,3.0,5,石橋脩,55.0,ダ,1400.0,重,87.5,3.0,2-2,39.5,458.0,-6.0,オーロラテソーロ,50.0
2017105992,ボマライン,2019/08/04,1札幌4,晴,1.0,2歳未勝利,13,3.0,3,20.8,3.0,4,勝浦正樹,54.0,芝,1500.0,良,90.8,0.2,4-4-4,35.9,464.0,6.0,アブソルティスモ,75.0
2017105992,ボマライン,2019/07/21,2函館6,曇,1.0,2歳未勝利,11,7.0,8,12.6,3.0,3,勝浦正樹,54.0,芝,1200.0,良,70.5,0.1,2-2,36.1,458.0,2.0,ミーハディビーナ,130.0
2017105992,ボマライン,2019/06/22,1函館3,雨,6.0,2歳新馬,12,1.0,1,12.4,3.0,4,勝浦正樹,54.0,ダ,1000.0,稍,61.1,0.8,4-4,36.6,456.0,0.0,ヤマメ,110.0
2019107037,トップアメリカン,2026/07/12,高知,曇,9.0,柏島特別(C1),12,5.0,6,31.2,7.0,3.0,永森大智,57.0,ダ,1400.0,稍,90.6,0.6,5-6-6-6,38.4,510.0,-1.0,ウィズユアドリーム,60.0
2019107037,トップアメリカン,2026/06/27,高知,曇,4.0,C1ー7,8,4.0,4,4.9,3.0,1.0,永森大智,57.0,ダ,1600.0,不,104.9,-0.2,4-4-4-2,39.5,511.0,-3.0,(サノノアメリカン),100.0
2019107037,トップアメリカン,2026/06/13,高知,晴,3.0,C1ー6,10,3.0,3,5.2,2.0,6.0,永森大智,57.0,ダ,1400.0,稍,94.2,1.3,5-4-5-6,41.6,514.0,-3.0,ワンダフルトゥデイ,
2019107037,トップアメリカン,2026/05/30,高知,晴,9.0,芒種特別(C2),12,6.0,7,47.2,4.0,5.0,永森大智,57.0,ダ,1400.0,稍,91.2,0.9,7-7-7-7,39.2,517.0,-1.0,ララマルシュドロワ,16.0
2019107037,トップアメリカン,2026/05/16,高知,晴,8.0,C2ー3,11,6.0,7,2.2,2.0,2.0,永森大智,57.0,ダ,1300.0,良,85.5,0.1,3-2-3-1,40.2,518.0,-1.0,ダイヤモンドフジ,32.0
2019107037,トップアメリカン,2026/05/02,高知,晴,7.0,C2ー4,11,7.0,8,4.9,2.0,3.0,永森大智,57.0,ダ,1400.0,重,90.9,0.9,5-5-5-3,39.7,519.0,1.0,メイショウカズサ,24.0
2019107037,トップアメリカン,2026/04/18,高知,曇,7.0,C2ー5,11,8.0,11,2.2,2.0,3.0,永森大智,57.0,ダ,1600.0,重,106.9,0.0,3-4-3-4,40.0,518.0,-6.0,ディープカインズ,24.0
2019107037,トップアメリカン,2026/04/04,高知,雨,8.0,C2ー4,0,1.0,1,,,,永森大智,57.0,ダ,1400.0,不,,,,,,,,
2019107037,トップアメリカン,2026/03/17,高知,晴,6.0,Bー2,6,1.0,1,1.6,1.0,5.0,岡村卓弥,57.0,ダ,1600.0,良,110.0,2.0,1-1-1-5,43.2,524.0,-3.0,ショウサンキズナ,12.0
2019107037,トップアメリカン,2026/02/25,高知,曇,8.0,C1ー2,7,5.0,5,6.2,2.0,1.0,岡村卓弥,57.0,ダ,1600.0,不,103.8,-0.5,1-1-1-1,38.7,527.0,6.0,(アルデヤーノ),90.0
2019107037,トップアメリカン,2026/01/28,大井,曇,12.0,スノーフレーク賞競走(B1B2),12,7.0,9,301.5,12.0,11.0,服部茂史,57.0,ダ,1400.0,良,89.1,2.3,8-7-9,39.9,521.0,-1.0,シビックドリーム,
2019107037,トップアメリカン,2026/01/16,大井,晴,11.0,睦月賞競走(B1B2),11,2.0,2,67.1,7.0,9.0,服部茂史,57.0,ダ,1200.0,良,75.0,1.9,8-6,38.0,522.0,5.0,ブルーヒサシン,
2019107037,トップアメリカン,2025/12/30,大井,晴,11.0,ウインターテール賞競(B1B2),16,8.0,15,131.8,15.0,16.0,中山遥人,55.0,ダ,1400.0,稍,89.9,2.8,7-11-13,40.3,517.0,7.0,アレスグート,
2019107037,トップアメリカン,2025/12/01,大井,晴,9.0,カノープス賞競走(B1),9,8.0,9,27.8,5.0,7.0,安藤洋一,56.0,ダ,1200.0,良,74.2,1.8,5-7,38.3,510.0,-1.0,ウナモンタナアルタ,
2019107037,トップアメリカン,2025/11/10,大井,晴,11.0,オフト大郷賞競走(B1B2),12,6.0,8,89.9,10.0,6.0,安藤洋一,54.0,ダ,1200.0,稍,72.8,1.5,11-11,36.9,511.0,5.0,ウナモンタナアルタ,
2019107037,トップアメリカン,2025/10/07,大井,曇,12.0,ハンターズムーン賞競(B1B2),10,1.0,1,9.6,4.0,9.0,笹川翼,57.0,ダ,1200.0,良,74.4,1.5,6-4,38.8,506.0,-3.0,クレールジャック,
2019107037,トップアメリカン,2025/09/15,大井,曇,11.0,クンツァイト賞競走(A2),11,2.0,2,152.1,11.0,2.0,中山遥人,52.0,ダ,1200.0,稍,73.0,0.0,4-4,36.9,509.0,-9.0,ランプロン,248.0
2019107037,トップアメリカン,2025/05/23,大井,曇,11.0,サンケイスポーツ賞競(B1B2),15,8.0,15,164.5,12.0,15.0,佐野遥久,56.0,ダ,1400.0,良,89.1,3.3,8-6-9,40.1,518.0,1.0,サイアンドコー,
2019107037,トップアメリカン,2025/05/01,大井,晴,11.0,クリスタルナイト賞競(A2B1),9,3.0,3,93.7,9.0,8.0,今野忠成,55.0,ダ,1600.0,稍,104.3,2.9,6-6-9-9,41.0,517.0,0.0,エイシンピストン,
2019107037,トップアメリカン,2025/04/15,大井,晴,11.0,オメガ賞競走(B1B2),13,7.0,11,119.6,11.0,12.0,Ｒ．クア,57.0,ダ,1600.0,重,102.8,1.4,8-8-9-11,38.9,517.0,4.0,ユーアオンフリーク,
2019107037,トップアメリカン,2025/03/24,大井,曇,11.0,スノードロップ賞競走(B1B2),12,7.0,9,47.2,8.0,10.0,今野忠成,57.0,ダ,1200.0,良,75.0,1.8,8-9,38.7,513.0,0.0,コスモソンジュ,
2019107037,トップアメリカン,2025/03/10,大井,晴,11.0,マーチ賞競走(B1B2),10,1.0,1,74.3,8.0,5.0,今野忠成,57.0,ダ,1400.0,重,88.1,1.7,1-4-5,38.3,513.0,-2.0,ロードアラビアン,46.0
2019107037,トップアメリカン,2025/02/18,大井,曇,11.0,アメジスト賞競走(A2B1),15,3.0,4,146.3,12.0,13.0,今野忠成,55.0,ダ,1400.0,良,89.3,2.1,5-7-10,40.3,515.0,5.0,マザオ,
2019107037,トップアメリカン,2025/01/27,大井,曇,11.0,スノーフレーク賞競走(B1B2),15,4.0,8,136.9,13.0,14.0,所蛍,55.0,ダ,1400.0,良,89.6,2.1,15-14-15,37.5,510.0,0.0,ロードアラビアン,
2019107037,トップアメリカン,2024/11/28,船橋,晴,9.0,日刊ゲンダイ賞(A2B1),14,4.0,6,35.4,9.0,8.0,Ｍ．ミシ,55.0,ダ,1600.0,稍,106.0,1.4,4-3-5-5,41.3,510.0,-6.0,ヴェールトゥマラン,
2019107037,トップアメリカン,2024/11/08,大井,晴,11.0,スポーツニッポン賞競(A2B1),10,5.0,5,32.0,6.0,6.0,Ｍ．ミシ,55.0,ダ,1200.0,良,74.7,1.9,7-8,37.9,516.0,1.0,ワンダーランド,
2019107037,トップアメリカン,2024/10/17,大井,曇,11.0,オパール賞競走(A2B1),12,5.0,5,22.7,8.0,7.0,御神本訓,57.0,ダ,1400.0,良,88.5,0.9,4-5-6,39.0,515.0,-4.0,フィリオデルソル,
2019107037,トップアメリカン,2024/10/03,大井,曇,6.0,摺鉢山賞競走(A2B1),6,6.0,6,23.5,4.0,4.0,御神本訓,57.0,ダ,1200.0,良,73.4,0.8,3-3,37.3,519.0,10.0,ワンダーランド,93.0
2019107037,トップアメリカン,2024/06/06,大井,曇,12.0,双子座新月賞競走(A2B1),16,5.0,9,25.4,7.0,12.0,御神本訓,57.0,ダ,1400.0,稍,88.7,1.0,4-5-6,39.9,509.0,-4.0,ジョンソンテソーロ,
2019107037,トップアメリカン,2024/05/14,大井,晴,9.0,エメラルド賞競走(A2B1),9,1.0,1,13.9,7.0,8.0,今野忠成,57.0,ダ,1200.0,重,74.6,2.0,6-6,38.3,513.0,4.0,イッツソーラッド,
2019107037,トップアメリカン,2024/04/11,大井,晴,11.0,モルガナイト賞競走(A2B1),15,5.0,9,7.9,4.0,3.0,今野忠成,57.0,ダ,1400.0,稍,88.1,0.0,2-2-1,39.1,509.0,2.0,コパノマーキュリー,155.0
2019107037,トップアメリカン,2024/03/19,大井,曇,12.0,スノードロップ賞競走(B1B2),16,5.0,9,20.7,6.0,1.0,岡村健司,57.0,ダ,1400.0,良,88.6,-0.1,3-3-2,38.0,507.0,-6.0,(エアロストリーム),300.0
2019107037,トップアメリカン,2024/02/14,大井,晴,12.0,ビタースイート賞競走(B1B2),16,6.0,11,9.2,3.0,6.0,本田正重,57.0,ダ,1400.0,良,89.6,0.7,5-8-9,39.6,513.0,0.0,ハイパータンク,
2019107037,トップアメリカン,2024/01/24,大井,晴,12.0,初富士賞競走(B1B2),16,7.0,13,22.5,6.0,6.0,御神本訓,57.0,ダ,1600.0,重,104.8,1.2,2-2-6-6,41.6,513.0,-3.0,ゴダイリキ,
2019107037,トップアメリカン,2023/12/29,大井,晴,6.0,白うさぎ賞競走(B1),7,6.0,6,1.3,1.0,1.0,御神本訓,56.0,ダ,1400.0,良,89.7,-0.4,1-1-1,39.1,516.0,7.0,(ケイサンフリーゼ),320.0
2019107037,トップアメリカン,2023/12/04,大井,晴,11.0,ノースウインド賞競走(B1B2),14,1.0,1,19.9,5.0,3.0,御神本訓,57.0,ダ,1200.0,良,74.1,0.4,6-4,38.1,509.0,-2.0,リコージーン,75.0
2019107037,トップアメリカン,2023/11/15,大井,曇,10.0,ファンタスティックナ(B1),11,8.0,10,6.1,3.0,5.0,御神本訓,56.0,ダ,1400.0,良,89.1,0.7,4-4-4,39.5,511.0,4.0,ハイパータンク,32.0
2019107037,トップアメリカン,2023/08/16,大井,曇,9.0,ペリドット賞競走(B2),13,4.0,4,1.9,1.0,1.0,御神本訓,56.0,ダ,1400.0,不,85.6,-0.3,1-2-2,37.8,507.0,-3.0,(バリチューロ),270.0
2019107037,トップアメリカン,2023/08/03,大井,晴,10.0,B2四,12,4.0,4,3.0,1.0,4.0,御神本訓,56.0,ダ,1400.0,稍,86.8,0.8,11-9-10,37.7,510.0,-5.0,サイレントギフト,36.0
2019107037,トップアメリカン,2023/07/13,大井,曇,10.0,デネブ賞競走(B2),14,4.0,5,2.1,1.0,4.0,御神本訓,56.0,ダ,1400.0,良,86.9,0.5,3-3-2,39.3,515.0,6.0,エリタダス,40.5
2019107037,トップアメリカン,2023/05/23,大井,曇,10.0,ジュピター賞競走(B1B2),10,7.0,8,1.9,1.0,1.0,御神本訓,55.0,ダ,1400.0,不,85.9,-0.1,1-1-1,37.4,509.0,3.0,(ハローキャンディ),300.0
2019107037,トップアメリカン,2023/05/08,大井,曇,11.0,スピカ賞競走(B2),15,7.0,14,13.5,5.0,4.0,御神本訓,56.0,ダ,1400.0,不,85.9,0.8,4-3-3,37.6,506.0,-2.0,ココロイキ,40.5
2019107037,トップアメリカン,2022/08/19,大井,晴,9.0,ホッケータウン賞競走(B3),10,7.0,7,2.3,1.0,1.0,御神本訓,55.0,ダ,1400.0,重,87.0,-0.2,1-1-1,37.7,508.0,0.0,(カズオルヴァル),240.0
2019107037,トップアメリカン,2022/07/25,大井,晴,12.0,清水坂賞競走(B3),12,4.0,4,2.7,1.0,4.0,御神本訓,55.0,ダ,1200.0,良,72.0,0.4,5-4,36.8,508.0,-3.0,ラルムオブダリア,36.0
2019107037,トップアメリカン,2022/06/28,大井,晴,11.0,優駿スプリント競走(重賞),16,6.0,12,23.0,7.0,6.0,御神本訓,56.0,ダ,1200.0,良,72.9,1.0,11-10,37.4,511.0,2.0,プライルード,
2019107037,トップアメリカン,2022/05/23,大井,晴,11.0,優駿スプリントトライ(OP)(3歳),14,3.0,4,10.0,4.0,4.0,御神本訓,56.0,ダ,1200.0,稍,72.6,0.8,3-4,37.5,509.0,-6.0,ティアラフォーカス,51.0
2019107037,トップアメリカン,2022/04/22,大井,晴,4.0,3歳358.,14,7.0,12,5.3,4.0,2.0,笹川翼,57.0,ダ,1400.0,不,86.2,0.0,3-3-3,37.4,515.0,11.0,フィガロアルビアン,64.0
2019107037,トップアメリカン,2022/03/31,大井,雨,12.0,アザレア特別競走(3歳),14,2.0,2,26.1,8.0,1.0,笹川翼,56.0,ダ,1200.0,稍,73.6,0.0,5-3,38.7,504.0,0.0,(スタースタイル),320.0
2019107037,トップアメリカン,2022/03/11,大井,晴,10.0,ムスカリ特別競走(3歳),12,2.0,2,40.4,7.0,3.0,菅原涼太,53.0,ダ,1400.0,良,88.1,0.6,4-6-5,38.2,504.0,0.0,デュアルテイルズ,80.0
2019107037,トップアメリカン,2022/02/11,大井,晴,4.0,3歳211.,14,2.0,2,12.2,5.0,3.0,菅原涼太,53.0,ダ,1400.0,不,87.6,1.1,8-6-6,38.0,504.0,3.0,フィガロアルビアン,55.0
2019107037,トップアメリカン,2022/01/24,大井,曇,10.0,寒椿特別競走(3歳),11,6.0,7,216.0,9.0,7.0,菅原涼太,53.0,ダ,1200.0,良,74.8,0.8,8-9,38.0,501.0,9.0,ティアラフォーカス,
2019107037,トップアメリカン,2021/12/30,大井,晴,4.0,2歳207万,14,6.0,9,70.8,9.0,4.0,菅原涼太,52.0,ダ,1200.0,良,75.1,1.7,5-5,38.9,492.0,1.0,ティアラフォーカス,39.0
2019107037,トップアメリカン,2021/12/09,大井,晴,3.0,2歳290万,14,6.0,9,200.3,13.0,13.0,安藤洋一,55.0,ダ,1600.0,不,106.8,3.4,5-5-6-6,44.0,491.0,1.0,ロマンスロード,
2019107037,トップアメリカン,2021/11/18,大井,曇,10.0,雷鳥特別競走(2歳),14,2.0,2,116.2,13.0,9.0,今野忠成,55.0,ダ,1700.0,良,113.0,3.1,12-13-13-13,41.5,490.0,-4.0,ラブリーホライズン,
2019107037,トップアメリカン,2021/10/26,船橋,晴,5.0,シーサイドアイドル特(2歳),9,3.0,3,5.7,4.0,6.0,矢野貴之,55.0,ダ,1500.0,不,98.9,2.3,5-6-4-5,41.4,494.0,10.0,マリンカカリンカ,
2019107037,トップアメリカン,2021/07/01,大井,曇,4.0,2歳72.5,9,3.0,3,3.2,2.0,3.0,矢野貴之,54.0,ダ,1400.0,不,90.5,1.5,5-4-3,40.9,484.0,-4.0,ラインブレイカー,65.0
2019107037,トップアメリカン,2021/06/11,大井,晴,4.0,2歳新馬(新馬),6,6.0,6,2.9,2.0,1.0,矢野貴之,54.0,ダ,1400.0,良,91.1,-0.3,6-4-5,41.2,488.0,0.0,(マウイフレイバー),290.0
2022101955,オリーブブランチ,2026/07/12,高知,曇,6.0,C1ー3,12,6.0,8,14.9,4.0,9.0,塚本直之,54.0,ダ,1400.0,稍,93.0,2.7,8-7-3-8,41.5,450.0,-1.0,ガラパゴス,
2022101955,オリーブブランチ,2026/06/28,高知,曇,10.0,菖蒲洞特別,11,6.0,6,38.9,7.0,4.0,上田将司,57.0,ダ,1600.0,不,104.8,1.4,8-8-7-7,39.7,451.0,-2.0,ダオラダオラ,60.0
2022101955,オリーブブランチ,2026/05/16,高知,晴,6.0,C1ー4,10,2.0,2,9.4,6.0,4.0,近藤翔月,56.0,ダ,1400.0,良,93.7,0.6,5-6-5-6,40.3,453.0,-5.0,ベルリネッタ,20.0
2022101955,オリーブブランチ,2026/04/26,高知,雨,6.0,四万十川特別,12,8.0,11,15.8,8.0,8.0,近藤翔月,56.0,ダ,1800.0,不,120.4,2.4,6-6-8-9,41.1,458.0,0.0,ダノンウィルヘルム,
2022101955,オリーブブランチ,2026/04/04,高知,雨,7.0,C1ー5,0,7.0,7,,,,近藤翔月,56.0,ダ,1600.0,不,,,,,,,,
2022101955,オリーブブランチ,2026/03/18,高知,雨,5.0,C1ー3,8,4.0,4,4.4,2.0,1.0,近藤翔月,56.0,ダ,1600.0,重,107.2,-0.1,5-5-5-3,38.9,458.0,3.0,(ダルムシュタット),90.0
2022101955,オリーブブランチ,2026/02/15,高知,晴,8.0,C2ー2,8,4.0,4,1.9,1.0,1.0,近藤翔月,56.0,ダ,1600.0,重,107.6,-0.7,3-3-5-3,38.3,455.0,1.0,(クリノドラゴン),70.0
2022101955,オリーブブランチ,2026/01/25,高知,晴,5.0,大寒特別(C2),10,1.0,1,5.0,3.0,5.0,近藤翔月,55.0,ダ,1400.0,良,92.7,1.0,3-3-3-3,40.1,454.0,-6.0,ジェンマ,13.0
2022101955,オリーブブランチ,2026/01/10,高知,晴,3.0,C2ー6,12,2.0,2,2.0,1.0,1.0,近藤翔月,55.0,ダ,1300.0,良,85.5,-0.1,3-3-3-2,40.1,460.0,13.0,(ダイチヴィヴァン),70.0
2022101955,オリーブブランチ,2025/11/30,高知,晴,11.0,タマムラサキ特別(C3),8,8.0,8,2.7,2.0,5.0,近藤翔月,55.0,ダ,1400.0,良,93.3,0.9,2-2-2-3,40.7,447.0,-1.0,エイブリー,11.0
2022101955,オリーブブランチ,2025/11/16,高知,晴,2.0,C3ー4,8,8.0,8,1.1,1.0,1.0,近藤翔月,54.0,ダ,1400.0,稍,91.1,-1.1,2-2-3-1,38.5,448.0,5.0,(ウィンザーバローズ),60.0
2022101955,オリーブブランチ,2025/11/02,高知,曇,7.0,土佐秋月賞(重賞),11,7.0,9,103.2,9.0,7.0,近藤翔月,57.0,ダ,1600.0,重,106.5,1.5,7-8-8-7,40.9,443.0,4.0,トサノマイヒメ,
2022101955,オリーブブランチ,2025/09/07,高知,晴,5.0,西日本3歳優駿[西日(重賞),12,3.0,3,205.4,8.0,5.0,近藤翔月,57.0,ダ,1900.0,重,129.4,0.6,6-6-5-4,40.6,439.0,0.0,ラピドフィオーレ,80.0
2022101955,オリーブブランチ,2025/08/03,高知,晴,9.0,黒潮菊花賞[地方交流(重賞),12,7.0,10,164.5,10.0,12.0,近藤翔月,57.0,ダ,1900.0,良,132.1,5.5,6-6-6-12,45.2,439.0,4.0,ラピドフィオーレ,
2022101955,オリーブブランチ,2025/06/22,高知,曇,6.0,高知優駿(重賞),12,1.0,1,126.3,8.0,4.0,近藤翔月,57.0,ダ,1900.0,重,126.5,1.3,3-3-3-3,40.4,435.0,-1.0,ジュゲムーン,240.0
2022101955,オリーブブランチ,2025/05/17,高知,曇,5.0,山桃特別(3歳),9,6.0,6,58.2,6.0,3.0,近藤翔月,54.0,ダ,1800.0,不,119.2,0.8,4-4-4-3,38.2,436.0,0.0,ヤマノアシオト,100.0
2022101955,オリーブブランチ,2025/05/04,高知,晴,6.0,黒潮皐月賞(重賞),12,3.0,3,210.4,11.0,9.0,近藤翔月,57.0,ダ,1400.0,重,93.3,3.4,11-10-10-10,41.3,436.0,-3.0,ジュゲムーン,
2022101955,オリーブブランチ,2025/04/05,高知,曇,4.0,仙台屋桜特別(3歳),11,4.0,4,82.0,6.0,4.0,多田羅誠,57.0,ダ,1600.0,稍,108.8,0.9,4-4-5-5,41.2,439.0,1.0,リケアカプチーノ,60.0
2022101955,オリーブブランチ,2025/03/18,高知,晴,1.0,竜王盃(3歳),11,7.0,8,11.1,5.0,4.0,多田羅誠,56.0,ダ,1400.0,重,93.2,1.5,4-4-4-4,41.4,438.0,2.0,サンライズアレス,30.0
2022101955,オリーブブランチ,2025/02/25,高知,晴,2.0,横浪盃(3歳),12,4.0,4,4.1,2.0,3.0,多田羅誠,56.0,ダ,1400.0,良,93.9,0.4,5-5-4-2,41.9,436.0,3.0,リバイブローズ,40.0
2022101955,オリーブブランチ,2025/02/09,高知,晴,4.0,土佐有楽特別(3歳),11,5.0,5,36.7,5.0,4.0,松井伸也,56.0,ダ,1400.0,稍,94.0,0.7,3-4-3-3,41.7,433.0,-3.0,ヤマノアシオト,60.0
2022101955,オリーブブランチ,2025/01/21,高知,晴,2.0,竜頭盃(3歳),11,3.0,3,102.3,9.0,3.0,松井伸也,56.0,ダ,1900.0,稍,134.7,0.7,1-1-1-3,42.1,436.0,1.0,リューノス,40.0
2022101955,オリーブブランチ,2025/01/05,高知,晴,4.0,陽向2才おめでと特別(3歳),9,6.0,6,30.3,7.0,2.0,松井伸也,56.0,ダ,1400.0,良,94.9,0.5,6-6-6-5,40.7,435.0,2.0,ピクチャーカード,21.0
2022101955,オリーブブランチ,2024/12/28,高知,晴,6.0,金の鞍賞(重賞),12,4.0,4,147.3,10.0,8.0,松井伸也,56.0,ダ,1400.0,良,95.8,1.4,6-6-6-10,41.9,433.0,-2.0,リケアマキアート,
2022101955,オリーブブランチ,2024/12/14,高知,晴,5.0,愛媛しまなみ特別(2歳),11,8.0,10,15.0,6.0,5.0,松井伸也,55.0,ダ,1300.0,良,88.5,1.4,10-10-10-9,41.3,435.0,0.0,リューノス,9.0
2022101955,オリーブブランチ,2024/10/27,高知,曇,6.0,ネクストスター高知(重賞),12,5.0,5,119.5,8.0,4.0,井上瑛太,56.0,ダ,1400.0,不,91.2,2.8,10-9-9-6,39.7,435.0,-1.0,ドライブアウェイ,150.0
2022101955,オリーブブランチ,2024/10/06,高知,晴,3.0,2歳ー3,7,2.0,2,7.3,4.0,2.0,赤岡修次,55.0,ダ,1300.0,重,85.4,0.0,4-3-4-3,40.1,436.0,3.0,ラグーン,36.0
2022101955,オリーブブランチ,2024/09/22,高知,曇,3.0,エクレウス特別(2歳),7,6.0,6,23.9,5.0,3.0,畑中信司,55.0,ダ,1300.0,不,87.7,0.5,4-5-6-7,40.4,433.0,0.0,イツワリノユビワ,30.0
2022101955,オリーブブランチ,2024/07/06,高知,晴,1.0,キグナス特別(2歳),4,5.0,5,1.4,1.0,2.0,妹尾浩一,55.0,ダ,800.0,稍,50.9,0.2,1-1,38.0,433.0,0.0,リュウノラブゲーム,48.0
2022101955,オリーブブランチ,2024/06/23,高知,雨,1.0,2歳新馬弐(新馬),5,4.0,4,5.7,4.0,2.0,妹尾浩一,55.0,ダ,800.0,不,50.2,0.8,3-4,37.4,433.0,0.0,ピクチャーカード,96.0
2019106594,アイアンサイズ,2026/07/12,高知,曇,6.0,C1ー3,12,8.0,12,9.6,3.0,11,永森大智,57.0,ダ,1400.0,稍,94.4,4.1,3-3-3-9,43.0,465.0,-9.0,ガラパゴス,
2019106594,アイアンサイズ,2026/06/17,川崎,晴,9.0,一騎当千賞(B1B2),11,7.0,9,139.4,7.0,10,本田正重,57.0,ダ,900.0,稍,55.8,1.9,4-5,38.2,474.0,2.0,スモークフレイバー,
2019106594,アイアンサイズ,2026/05/21,大井,雨,11.0,’26メトロポリタン(A2B1),13,5.0,7,429.5,13.0,12,中山遥人,55.0,ダ,1200.0,稍,74.9,3.0,7-7,39.6,472.0,0.0,ペレグリン,
2019106594,アイアンサイズ,2026/04/29,大井,曇,7.0,日本橋賞競走(A2B1),8,3.0,3,82.4,6.0,8,和田譲治,55.0,ダ,1200.0,稍,75.9,4.3,6-6,39.8,472.0,-7.0,ネオトキオ,
2019106594,アイアンサイズ,2026/03/25,大井,雨,7.0,花嵐賞競走(B1),8,4.0,4,133.5,7.0,7,安藤洋一,57.0,ダ,1200.0,良,75.1,2.8,4-5,39.4,479.0,2.0,スピリットガイド,
2019106594,アイアンサイズ,2026/03/09,大井,晴,8.0,マーチ賞競走(B1B2),7,2.0,2,56.3,5.0,7,和田譲治,57.0,ダ,1400.0,稍,88.6,2.2,3-4-4,38.7,477.0,-5.0,カガヤキテンマ,
2019106594,アイアンサイズ,2026/02/18,大井,晴,12.0,フェブラリー賞競走(B1B2),13,1.0,1,124.5,8.0,13,安藤洋一,57.0,ダ,1200.0,良,77.4,5.2,5-6,41.9,482.0,9.0,ブルーヒサシン,
2019106594,アイアンサイズ,2025/06/12,大井,曇,10.0,ストロベリームーン賞(B1),10,4.0,4,13.0,6.0,8,安藤洋一,56.0,ダ,1200.0,重,73.5,1.2,3-3,38.2,473.0,5.0,キタサンベレーザ,
2019106594,アイアンサイズ,2025/05/23,大井,曇,11.0,サンケイスポーツ賞競(B1B2),15,2.0,3,24.8,8.0,6,岡村健司,57.0,ダ,1400.0,良,87.1,1.3,3-5-5,38.3,468.0,0.0,サイアンドコー,
2019106594,アイアンサイズ,2025/04/14,大井,晴,11.0,プリマヴェーラ賞競走(B1B2),11,1.0,1,11.1,6.0,5,本田正重,57.0,ダ,1200.0,不,74.0,0.4,7-7,37.3,468.0,1.0,ミズワリヲクダサイ,46.0
2019106594,アイアンサイズ,2025/03/24,大井,曇,11.0,スノードロップ賞競走(B1B2),12,6.0,8,7.1,4.0,4,安藤洋一,57.0,ダ,1200.0,良,73.6,0.4,4-4,38.0,467.0,-3.0,コスモソンジュ,69.0
2019106594,アイアンサイズ,2025/02/18,大井,曇,11.0,アメジスト賞競走(A2B1),15,7.0,13,68.1,9.0,11,笹川翼,55.0,ダ,1400.0,良,88.4,1.2,8-6-5,39.4,470.0,-1.0,マザオ,
2019106594,アイアンサイズ,2025/01/27,大井,曇,11.0,スノーフレーク賞競走(B1B2),15,5.0,9,12.1,4.0,6,安藤洋一,57.0,ダ,1400.0,良,88.5,1.0,4-3-3,38.2,471.0,3.0,ロードアラビアン,
2019106594,アイアンサイズ,2025/01/16,大井,曇,12.0,初富士賞競走(A2B1),11,7.0,8,4.7,4.0,9,安藤洋一,55.0,ダ,1400.0,良,89.6,2.5,3-3-3,41.4,468.0,1.0,ティアラフォーカス,
2019106594,アイアンサイズ,2024/10/04,大井,晴,9.0,日刊スポーツ賞競走(B1),9,8.0,8,3.2,1.0,1,安藤洋一,56.0,ダ,1400.0,稍,86.9,-0.1,2-1-1,37.8,467.0,-2.0,(エアロストリーム),480.0
2019106594,アイアンサイズ,2024/07/29,大井,晴,11.0,サマービーチ賞競走(B1B2),10,5.0,5,12.7,4.0,1,安藤洋一,57.0,ダ,1400.0,良,87.7,-0.6,5-3-2,38.0,469.0,1.0,(ウインドフレイバー),460.0
2019106594,アイアンサイズ,2024/06/26,大井,曇,12.0,BSイレブン賞競走(B1B2),13,6.0,9,96.6,12.0,3,安藤洋一,57.0,ダ,1400.0,稍,88.4,0.6,5-3-3,39.2,468.0,-2.0,マザオ,115.0
2019106594,アイアンサイズ,2024/06/18,浦和,雨,11.0,狭山湖特別(B1B2),0,3.0,3,,,,安藤洋一,57.0,ダ,1400.0,不,,,,,,,,
2019106594,アイアンサイズ,2024/06/05,大井,晴,12.0,ゲンマ賞競走(B1B2),13,3.0,3,48.1,7.0,8,笹川翼,57.0,ダ,1200.0,稍,74.9,2.1,4-4,39.3,470.0,1.0,カナウ,
2019106594,アイアンサイズ,2024/05/14,大井,晴,10.0,薫風賞競走(B1B2),11,7.0,9,9.2,4.0,6,笹川翼,57.0,ダ,1000.0,重,61.8,1.1,6-6,37.6,469.0,-5.0,ラストバリオン,
2019106594,アイアンサイズ,2024/04/08,大井,曇,11.0,プリマヴェーラ賞競走(B1B2),14,5.0,7,17.6,6.0,13,本田正重,57.0,ダ,1200.0,重,75.9,2.4,8-8,40.2,474.0,-1.0,イッツソーラッド,
2019106594,アイアンサイズ,2024/03/20,大井,曇,12.0,わかば賞競走(B2),14,8.0,13,12.8,4.0,4,矢野貴之,56.0,ダ,1200.0,良,74.7,0.5,3-3,38.5,475.0,1.0,ルイス,40.5
2019106594,アイアンサイズ,2024/02/15,大井,曇,11.0,梅見月賞競走(B2),16,6.0,11,21.0,6.0,2,本田正重,56.0,ダ,1200.0,良,74.7,0.6,4-6,38.0,474.0,-1.0,カナウ,108.0
2019106594,アイアンサイズ,2024/01/24,大井,晴,10.0,初夢賞競走(B2B3),15,2.0,3,11.3,5.0,4,笹川翼,57.0,ダ,1200.0,重,75.1,0.9,4-4,39.7,475.0,2.0,コンチバリアシオン,39.0
2019106594,アイアンサイズ,2023/12/26,大井,晴,7.0,LーWING賞競走(B1B2),7,7.0,7,8.2,3.0,7,笹川翼,57.0,ダ,1000.0,良,62.7,2.9,3-4,38.8,473.0,0.0,ビルドアップ,
2019106594,アイアンサイズ,2023/12/04,大井,晴,11.0,ノースウインド賞競走(B1B2),14,6.0,9,7.0,3.0,13,笹川翼,57.0,ダ,1200.0,良,76.3,2.6,2-3,40.7,473.0,9.0,リコージーン,
2019106594,アイアンサイズ,2023/06/29,大井,晴,12.0,タイタン賞競走(B2),10,2.0,2,1.6,1.0,1,笹川翼,56.0,ダ,1200.0,良,71.5,-0.6,1-1,36.6,464.0,-1.0,(ドーロカグラ),270.0
2019106594,アイアンサイズ,2023/05/25,大井,曇,10.0,薫風賞競走(B2B3),12,8.0,11,2.4,1.0,2,笹川翼,57.0,ダ,1000.0,稍,59.1,0.3,3-2,35.7,465.0,1.0,キャンユーキッス,104.0
2019106594,アイアンサイズ,2023/04/21,大井,曇,9.0,B2四,14,6.0,9,2.8,1.0,1,笹川翼,56.0,ダ,1200.0,良,72.4,-0.2,5-5,37.2,464.0,0.0,(キャンユーキッス),240.0
2019106594,アイアンサイズ,2023/02/20,大井,晴,12.0,オフト新潟賞競走(B3),15,4.0,6,2.1,1.0,1,笹川翼,56.0,ダ,1200.0,良,73.1,-0.2,2-2,37.7,464.0,0.0,(カズノイケヅキ),240.0
2019106594,アイアンサイズ,2023/01/24,大井,晴,10.0,道玄坂賞競走(B3),15,6.0,12,1.4,1.0,3,笹川翼,56.0,ダ,1200.0,良,73.7,0.8,3-2,38.4,464.0,-1.0,キャンユーキッス,60.0
2019106594,アイアンサイズ,2022/12/30,大井,晴,11.0,乃木坂賞競走(B3),16,7.0,14,2.6,1.0,2,笹川翼,56.0,ダ,1200.0,良,73.4,0.0,3-3,37.5,465.0,1.0,デュアルテイルズ,96.0
2019106594,アイアンサイズ,2022/11/03,大井,晴,9.0,C1一二三(C1二),12,1.0,1,1.5,1.0,1,森泰斗,56.0,ダ,1200.0,良,73.0,-0.2,4-4,37.3,464.0,0.0,(ベルウッドツクバ),120.0
2019106594,アイアンサイズ,2022/10/04,大井,晴,8.0,キール賞(C1),12,5.0,5,2.6,2.0,1,笹川翼,56.0,ダ,1200.0,良,73.0,-0.3,2-2,37.5,464.0,3.0,(アリアパミーナ),120.0
2019106594,アイアンサイズ,2022/05/12,大井,雨,2.0,3歳353万,14,3.0,4,1.4,1.0,1,森泰斗,56.0,ダ,1200.0,良,71.6,-1.4,1-1,35.8,461.0,-3.0,(カノアレディー),160.0
2019106594,アイアンサイズ,2022/04/21,大井,曇,3.0,3歳355万,16,8.0,16,2.8,1.0,3,森泰斗,56.0,ダ,1200.0,重,73.2,0.9,3-3,37.5,464.0,-1.0,サンドファルコン,40.0
2019106594,アイアンサイズ,2022/03/29,大井,曇,4.0,3歳87.1,14,3.0,5,3.0,2.0,1,森泰斗,56.0,ダ,1200.0,重,74.4,-2.2,2-1,39.2,465.0,11.0,(ネイチャーワン),220.0
2019106594,アイアンサイズ,2022/03/07,大井,晴,7.0,3歳91万円,12,6.0,9,,,取,笹川翼,56.0,ダ,1200.0,良,,,,,,,ペリーアイランド,
2019106594,アイアンサイズ,2021/11/04,門別,晴,6.0,2歳3組,12,7.0,10,10.0,4.0,5,小野楓馬,55.0,ダ,1000.0,重,61.5,0.7,2-1,38.2,454.0,-2.0,アドマイヤガール,4.2
2019106594,アイアンサイズ,2021/10/20,門別,雨,9.0,JRA認定ウィナーズ(2歳),12,2.0,2,37.7,10.0,12,五十嵐冬,55.0,ダ,1200.0,不,75.1,2.1,1-1,40.4,456.0,0.0,ベルフリップ,
2019106594,アイアンサイズ,2021/09/23,門別,曇,6.0,日高町ふるさと納税大(2歳),9,1.0,1,5.6,3.0,3,五十嵐冬,55.0,ダ,1000.0,重,61.5,1.3,1-1,38.0,456.0,-6.0,ブレイブジャンヌ,12.6
2019106594,アイアンサイズ,2021/08/11,門別,晴,5.0,JRA認定アタックチ(未勝利)(2歳),9,3.0,3,18.3,6.0,6,五十嵐冬,54.0,ダ,1000.0,重,61.7,1.2,3-3,37.9,462.0,0.0,クラルージュ,
2019106594,アイアンサイズ,2021/07/29,門別,曇,1.0,2歳未勝利(未勝利),9,8.0,11,2.2,1.0,1,五十嵐冬,54.0,ダ,1000.0,良,64.4,-0.2,1-1,40.6,462.0,-10.0,(スカイヴィーナス),50.0
2019106594,アイアンサイズ,2021/07/13,門別,晴,1.0,2歳未勝利(未勝利),9,1.0,1,2.3,2.0,3,宮崎光行,54.0,ダ,1100.0,稍,69.0,0.2,1-1,39.0,472.0,-6.0,エムティコア,8.8
2019106594,アイアンサイズ,2021/06/24,門別,曇,6.0,JRA認定スーパーフ(新馬)(2歳),8,4.0,4,4.2,2.0,7,宮崎光行,54.0,ダ,1700.0,稍,118.6,7.3,1-1-1-4,49.6,478.0,0.0,ウン,
2021102889,シュクメルリ,2026/07/12,高知,曇,6.0,C1ー3,12,8.0,11,107.4,9.0,10,岡遼太郎,57.0,ダ,1400.0,稍,93.1,2.8,1-1-2-5,41.8,462.0,2.0,ガラパゴス,
2021102889,シュクメルリ,2026/06/14,高知,曇,11.0,ファイナルレース(C1),12,7.0,10,6.9,4.0,8,妹尾浩一,57.0,ダ,1400.0,重,92.8,1.6,1-2-2-2,42.1,460.0,-3.0,ディベルティール,
2021102889,シュクメルリ,2026/05/31,高知,晴,8.0,C1ー3,9,2.0,2,37.6,7.0,7,山崎雅由,57.0,ダ,1600.0,稍,108.3,2.1,1-1-1-3,42.0,463.0,1.0,ビステル,
2021102889,シュクメルリ,2026/05/17,高知,晴,9.0,C1ー3,11,7.0,9,31.3,8.0,10,岡遼太郎,57.0,ダ,1400.0,良,95.4,3.3,2-2-2-5,43.3,462.0,0.0,ベストディシジョン,
2021102889,シュクメルリ,2026/04/05,高知,晴,9.0,C1ー3,8,2.0,2,24.9,5.0,3,岡遼太郎,57.0,ダ,1600.0,不,105.3,0.9,1-1-1-1,40.0,462.0,-3.0,モノノフブルー,30.0
2021102889,シュクメルリ,2026/03/25,高知,雨,7.0,C1ー2,10,5.0,5,,,取,岡遼太郎,57.0,ダ,1300.0,不,,,,,,,ライゾマティクス,
2021102889,シュクメルリ,2026/03/11,高知,晴,10.0,ファイナルレース(C1),12,3.0,3,20.8,11.0,6,岡遼太郎,57.0,ダ,1400.0,稍,93.1,1.4,3-3-4-4,40.7,465.0,4.0,ネオヒューズ,
2021102889,シュクメルリ,2026/02/11,高知,曇,9.0,ファイナルレース(C1),12,5.0,5,8.4,4.0,6,岡遼太郎,57.0,ダ,1300.0,重,85.0,0.9,2-2-2-3,40.1,461.0,4.0,ユキノマリア,
2021102889,シュクメルリ,2026/01/21,高知,晴,9.0,ファイナルレース(C1),12,3.0,3,11.0,5.0,3,岡遼太郎,57.0,ダ,1300.0,良,84.9,0.1,1-1-1-1,40.2,457.0,-4.0,グレイストーム,22.5
2021102889,シュクメルリ,2025/12/29,高知,晴,12.0,ファイナルレース(C1),12,1.0,1,12.2,7.0,7,岡遼太郎,57.0,ダ,1400.0,良,93.6,0.9,3-3-3-3,40.4,461.0,0.0,ハイモビリティ,
2021102889,シュクメルリ,2025/12/14,高知,晴,6.0,C1ー2,12,7.0,10,33.2,9.0,9,岡遼太郎,57.0,ダ,1400.0,稍,92.6,1.9,4-4-3-6,41.1,461.0,6.0,ラプラス,
2021102889,シュクメルリ,2025/11/16,高知,晴,7.0,C1ー2,11,3.0,3,68.8,9.0,9,岡遼太郎,57.0,ダ,1300.0,稍,85.2,2.1,3-3-3-4,40.2,455.0,4.0,カムランベイ,
2021102889,シュクメルリ,2025/11/02,高知,曇,9.0,C1ー2,12,7.0,10,98.6,9.0,9,岡遼太郎,57.0,ダ,1400.0,重,92.0,1.9,3-4-5-7,39.8,451.0,2.0,ガラパゴス,
2021102889,シュクメルリ,2025/10/19,高知,曇,7.0,C1ー2,10,2.0,2,121.1,8.0,10,岡遼太郎,57.0,ダ,1600.0,稍,110.1,3.3,7-7-9-10,42.2,449.0,-1.0,ディサーニング,
2021102889,シュクメルリ,2025/10/05,高知,晴,10.0,UFOライン特別(C1),8,1.0,1,63.2,7.0,7,岡遼太郎,57.0,ダ,1300.0,重,84.6,2.0,4-4-4-4,39.5,450.0,0.0,ピンシャン,
2021102889,シュクメルリ,2025/09/23,高知,曇,11.0,ファイナルレース(C1),11,7.0,9,6.2,3.0,1,林謙佑,57.0,ダ,1400.0,良,92.3,0.0,3-3-3-2,40.9,450.0,-1.0,(ホーリーバローズ),90.0
2021102889,シュクメルリ,2025/09/07,高知,晴,3.0,C1ー3,10,8.0,10,52.6,8.0,5,林謙佑,57.0,ダ,1600.0,重,107.6,2.0,2-2-2-3,41.5,451.0,4.0,メイショウエレジー,9.0
2021102889,シュクメルリ,2025/07/26,高知,曇,4.0,C1ー5,10,6.0,6,41.3,7.0,3,岡遼太郎,57.0,ダ,1400.0,重,91.4,0.3,4-3-3-4,40.8,447.0,2.0,アポロビビ,22.5
2021102889,シュクメルリ,2025/07/13,高知,曇,8.0,C1ー3,12,7.0,9,38.7,8.0,12,岡遼太郎,57.0,ダ,1400.0,不,93.6,4.2,7-7-7-10,41.9,445.0,-2.0,レグナム,
2021102889,シュクメルリ,2025/06/29,高知,晴,4.0,C1ー4,12,5.0,5,25.4,8.0,9,岡遼太郎,57.0,ダ,1300.0,稍,85.1,2.1,9-10-9-8,39.5,447.0,0.0,ダノンマカルー,
2021102889,シュクメルリ,2025/06/15,高知,晴,4.0,C1ー4,11,8.0,10,24.9,6.0,6,岡遼太郎,57.0,ダ,1400.0,不,89.5,1.1,2-2-2-2,40.1,447.0,1.0,ブルーシンフォニー,
2021102889,シュクメルリ,2025/05/18,高知,曇,7.0,C1ー5,9,1.0,1,56.9,7.0,7,岡遼太郎,57.0,ダ,1300.0,不,81.9,1.1,4-5-5-7,38.5,446.0,-3.0,パトリオットラン,
2021102889,シュクメルリ,2025/05/04,高知,晴,4.0,C1ー4,12,8.0,12,18.7,4.0,8,郷間勇太,57.0,ダ,1400.0,重,93.2,1.8,2-2-2-4,40.9,449.0,4.0,オーラビルス,
2021102889,シュクメルリ,2025/04/20,高知,曇,12.0,ファイナルレース(C1),12,3.0,3,4.9,3.0,2,岡遼太郎,57.0,ダ,1400.0,稍,91.7,0.0,2-2-1-1,41.5,445.0,-3.0,グッドフェイス,36.0
2021102889,シュクメルリ,2025/04/06,高知,晴,12.0,ファイナルレース(C1),12,8.0,11,12.8,5.0,9,岡遼太郎,57.0,ダ,1400.0,稍,93.9,2.5,3-3-3-5,42.2,448.0,4.0,ストーミーデイ,
2021102889,シュクメルリ,2025/03/26,高知,晴,7.0,57年お疲れさま特別(C1),11,6.0,6,15.5,3.0,2,岡遼太郎,56.0,ダ,1600.0,良,109.8,0.7,1-1-1-2,40.5,444.0,-4.0,ヴァンケドミンゴ,31.5
2021102889,シュクメルリ,2025/03/12,高知,曇,9.0,ファイナルレース(C1),12,2.0,2,6.3,3.0,2,岡遼太郎,56.0,ダ,1300.0,重,84.5,0.0,2-2-2-2,40.1,448.0,-1.0,ロードアブソルート,31.5
2021102889,シュクメルリ,2025/02/25,高知,晴,10.0,ファイナルレース(C1),12,6.0,8,15.9,7.0,10,岡遼太郎,56.0,ダ,1400.0,良,94.7,1.9,3-2-2-2,43.2,449.0,2.0,フィリオアレグロ,
2021102889,シュクメルリ,2025/02/02,高知,曇,7.0,C2ー2,8,4.0,4,14.3,4.0,5,岡遼太郎,56.0,ダ,1300.0,重,85.7,1.0,1-1-1-2,41.2,447.0,0.0,ベアエンジェル,7.0
2021102889,シュクメルリ,2025/01/19,高知,雨,6.0,C2ー2,11,7.0,8,14.3,3.0,8,岡遼太郎,56.0,ダ,1400.0,稍,94.8,1.2,2-2-2-3,43.7,447.0,0.0,ヴィヴァムーン,
2021102889,シュクメルリ,2025/01/05,高知,晴,7.0,第3回びあんど特別(C2),9,8.0,9,20.9,5.0,9,岡遼太郎,56.0,ダ,1300.0,良,88.6,2.6,2-2-2-6,42.6,447.0,-3.0,ベルドラゴ,
2021102889,シュクメルリ,2024/12/14,高知,晴,10.0,C2ー2,12,3.0,3,3.7,2.0,9,岡遼太郎,56.0,ダ,1400.0,良,95.1,1.5,1-2-1-1,44.7,450.0,-3.0,シャフトオブライト,
2021102889,シュクメルリ,2024/11/30,高知,晴,11.0,冬支度特別(C2),12,3.0,3,3.7,2.0,11,岡遼太郎,56.0,ダ,1400.0,稍,93.5,2.6,1-2-2-5,41.9,453.0,5.0,ホッコーハナミチ,
2021102889,シュクメルリ,2024/11/02,高知,曇,6.0,C1C2混合,11,7.0,10,3.9,2.0,3,岡遼太郎,55.0,ダ,1400.0,不,90.2,0.7,1-1-1-1,40.3,448.0,10.0,フィリオアレグロ,18.0
2021102889,シュクメルリ,2024/10/05,高知,曇,10.0,C2ー2,8,6.0,6,1.8,1.0,5,岡遼太郎,56.0,ダ,1400.0,不,91.3,0.5,1-1-1-1,39.7,438.0,1.0,フィアレスハート,7.0
2021102889,シュクメルリ,2024/09/23,高知,晴,10.0,ヒガンバナ特別(C3),8,8.0,8,3.0,1.0,1,岡遼太郎,56.0,ダ,1400.0,重,92.3,-0.1,1-1-1-1,39.7,437.0,2.0,(イッセーノーデ),110.0
2021102889,シュクメルリ,2024/09/07,高知,晴,4.0,C3ー4,10,7.0,9,1.2,1.0,1,岡遼太郎,56.0,ダ,1400.0,良,94.0,-0.3,2-1-1-1,42.7,435.0,1.0,(ブロムベーレ),60.0
2021102889,シュクメルリ,2024/07/28,高知,晴,1.0,C3ー8,10,2.0,2,2.1,1.0,1,岡遼太郎,56.0,ダ,1300.0,良,85.2,-0.8,1-2-2-1,40.8,434.0,1.0,(ハイアーグレード),60.0
2021102889,シュクメルリ,2024/07/15,高知,雨,6.0,魚梁瀬杉特別(3歳),12,8.0,12,45.3,6.0,4,岡遼太郎,56.0,ダ,1300.0,不,82.8,1.3,2-2-3-4,39.9,433.0,3.0,バウンティキャット,60.0
2021102889,シュクメルリ,2024/06/22,高知,雨,5.0,C3ー12,8,7.0,7,4.6,2.0,1,永森大智,56.0,ダ,1400.0,不,91.1,-1.0,1-1-1-1,38.8,430.0,-2.0,(ヴィーダ),60.0
2021102889,シュクメルリ,2024/06/09,高知,雨,7.0,C3ー13,8,1.0,1,11.3,6.0,8,山崎雅由,56.0,ダ,1300.0,不,87.6,3.5,3-3-4-8,42.8,432.0,0.0,ブレーヴトライ,
2021102889,シュクメルリ,2024/05/25,高知,晴,3.0,3歳ー2,10,2.0,2,22.2,4.0,3,永森大智,56.0,ダ,1300.0,稍,86.7,1.8,4-4-5-4,40.9,432.0,-1.0,メイジョウソリッド,12.0
2021102889,シュクメルリ,2024/05/11,高知,晴,3.0,のれそれ特別(3歳),10,7.0,7,57.9,7.0,5,永森大智,56.0,ダ,1600.0,稍,109.3,0.7,3-3-4-3,42.9,433.0,1.0,バレンタインガール,6.0
2021102889,シュクメルリ,2024/04/28,高知,晴,11.0,ファイナルレース(3歳),12,7.0,10,5.4,1.0,1,永森大智,56.0,ダ,1400.0,不,92.2,-0.1,2-3-2-1,40.6,432.0,2.0,(メイジョウソリッド),60.0
2021102889,シュクメルリ,2024/04/13,高知,晴,4.0,3歳ー2,9,4.0,4,14.2,5.0,6,永森大智,56.0,ダ,1300.0,稍,88.1,2.6,5-5-7-7,42.0,430.0,-3.0,シシノブレイブ,
2021102889,シュクメルリ,2024/03/24,高知,雨,4.0,3歳ー1,11,6.0,7,10.6,4.0,8,岡遼太郎,56.0,ダ,1600.0,不,107.9,2.3,7-8-9-10,42.1,433.0,5.0,テイクノート,
2021102889,シュクメルリ,2024/03/10,高知,晴,2.0,3歳ー2,12,4.0,4,7.9,2.0,2,永森大智,56.0,ダ,1300.0,稍,87.5,0.4,5-5-5-4,41.6,428.0,2.0,トルタカプレーゼ,21.0
2021102889,シュクメルリ,2024/02/18,高知,晴,5.0,土佐有楽特別(3歳),12,7.0,10,201.0,11.0,10,佐原秀泰,56.0,ダ,1400.0,稍,96.1,4.3,8-8-8-8,42.6,426.0,-1.0,シンメデージー,
2021102889,シュクメルリ,2024/01/28,高知,晴,3.0,3歳ー1,7,4.0,4,12.6,5.0,3,永森大智,56.0,ダ,1300.0,良,88.4,0.2,1-1-1-1,42.5,427.0,2.0,アヤメイロ,12.0
2021102889,シュクメルリ,2024/01/14,高知,晴,6.0,3歳ー1,7,5.0,5,36.4,7.0,7,永森大智,56.0,ダ,1400.0,良,97.9,4.2,2-2-2-7,45.2,425.0,-3.0,ホーリーバローズ,
2021102889,シュクメルリ,2023/12/28,高知,晴,7.0,金の鞍賞(重賞),12,4.0,4,105.6,8.0,9,永森大智,56.0,ダ,1400.0,稍,95.6,3.2,10-11-12-12,41.4,428.0,-1.0,プリフロオールイン,
2021102889,シュクメルリ,2023/12/10,高知,晴,2.0,2歳ー2,9,2.0,2,7.7,4.0,5,永森大智,55.0,ダ,1300.0,重,86.4,0.8,3-4-6-6,40.3,429.0,2.0,ホーリーバローズ,9.0
2021102889,シュクメルリ,2023/11/25,高知,晴,5.0,JRA認定土佐寒蘭特(2歳),11,6.0,6,12.8,6.0,10,永森大智,56.0,ダ,1600.0,稍,113.3,3.4,2-4-5-10,45.1,427.0,0.0,ワンウォリアー,
2021102889,シュクメルリ,2023/11/11,高知,晴,2.0,徳島県うずしお特別(2歳),9,1.0,1,16.1,5.0,3,永森大智,55.0,ダ,1300.0,不,85.5,0.6,4-3-6-6,40.2,427.0,3.0,ワンウォリアー,18.0
2021102889,シュクメルリ,2023/10/29,高知,晴,7.0,ネクストスター高知(重賞),12,3.0,3,56.6,7.0,11,永森大智,56.0,ダ,1400.0,重,95.3,3.5,4-4-4-6,44.1,424.0,10.0,プリフロオールイン,
2021102889,シュクメルリ,2023/10/14,高知,小雨,2.0,ぶんじじ喜寿記念特別(2歳),10,3.0,3,6.2,3.0,5,永森大智,55.0,ダ,1300.0,重,88.6,2.9,5-5-5-5,42.4,414.0,-4.0,プリフロオールイン,9.0
2021102889,シュクメルリ,2023/09/09,高知,晴,5.0,JRA認定堆金菊特別(2歳),11,6.0,8,78.1,10.0,1,永森大智,56.0,ダ,1300.0,稍,87.6,0.0,1-1-1-1,41.7,418.0,-4.0,(ウオタカ),400.0
2021102889,シュクメルリ,2023/08/12,高知,晴,2.0,ヘルクレス特別(2歳),7,2.0,2,5.4,4.0,7,岡遼太郎,54.0,ダ,1300.0,重,89.3,2.6,5-6-6-7,41.4,422.0,3.0,ワンウォリアー,
2021102889,シュクメルリ,2023/07/23,高知,晴,1.0,2歳新馬参(新馬),5,1.0,1,1.3,1.0,1,永森大智,55.0,ダ,800.0,稍,50.6,-1.7,1-1,37.6,419.0,0.0,(ジョウショーライン),240.0
2019100679,アプサラー,2026/07/11,高知,晴,6.0,C1ー4,12,3.0,3,18.0,7.0,3,佐原秀泰,55.0,ダ,1400.0,重,91.8,0.3,4-3-4-2,39.9,477.0,3.0,コリエドール,30.0
2019100679,アプサラー,2026/06/28,高知,曇,10.0,菖蒲洞特別,11,8.0,11,114.9,9.0,5,佐原秀泰,55.0,ダ,1600.0,不,105.0,1.6,2-2-2-2,41.2,474.0,-2.0,ダオラダオラ,30.0
2019100679,アプサラー,2026/06/13,高知,晴,5.0,C1ー4,12,4.0,4,44.2,5.0,3,岡遼太郎,55.0,ダ,1400.0,稍,92.6,1.6,7-7-7-5,40.2,476.0,5.0,ララマルシュドロワ,30.0
2019100679,アプサラー,2026/05/31,高知,晴,6.0,C1ー5,10,4.0,4,6.7,4.0,6,城野慈尚,54.0,ダ,1600.0,稍,107.4,0.6,6-6-6-5,40.0,471.0,1.0,ビッグショータイム,
2019100679,アプサラー,2026/05/16,高知,晴,5.0,C1ー5,12,8.0,12,38.5,7.0,5,岡遼太郎,55.0,ダ,1400.0,良,93.9,1.2,7-7-8-8,39.7,470.0,-8.0,スピードソルジャー,10.0
2019100679,アプサラー,2026/05/02,高知,晴,5.0,C1ー5,10,3.0,3,14.4,5.0,6,岡遼太郎,55.0,ダ,1300.0,重,84.1,0.8,6-6-6-6,39.1,478.0,-4.0,ビステル,
2019100679,アプサラー,2026/04/18,高知,曇,5.0,スピカ特別,12,6.0,8,125.8,10.0,5,佐原秀泰,55.0,ダ,1400.0,重,91.4,1.9,5-5-5-3,39.6,482.0,5.0,スカンジナビア,40.0
2019100679,アプサラー,2026/04/04,高知,雨,4.0,初鰹特別(C1C2),0,5.0,5,,,,佐原秀泰,55.0,ダ,1600.0,不,,,,,478.0,1.0,,
2019100679,アプサラー,2026/03/23,高知,晴,8.0,安居川特別(B),12,6.0,8,193.2,11.0,7,林謙佑,55.0,ダ,1400.0,重,91.5,2.3,11-11-10-9,38.7,477.0,0.0,ルコルセール,
2019100679,アプサラー,2026/03/10,高知,晴,8.0,Bー2,8,2.0,2,4.6,3.0,3,山崎雅由,55.0,ダ,1400.0,稍,92.5,0.7,3-3-2-2,40.3,477.0,2.0,フォックススリープ,30.0
2019100679,アプサラー,2026/02/22,高知,曇,4.0,レジーナディンヴェル(重賞),12,3.0,3,59.1,8.0,7,山崎雅由,57.0,ダ,1900.0,良,131.8,2.0,3-4-4-5,42.1,475.0,-2.0,ローリエフレイバー,
2019100679,アプサラー,2026/02/02,高知,晴,8.0,梼原川特別(B),9,1.0,1,15.5,4.0,6,岡遼太郎,55.0,ダ,1600.0,良,106.8,0.3,1-1-1-1,39.1,477.0,-4.0,アースライザー,
2019100679,アプサラー,2026/01/26,高知,晴,10.0,今ノ山特別(B),9,5.0,5,,,取,林謙佑,55.0,ダ,1300.0,良,,,,,,,メイショウヒューマ,
2019100679,アプサラー,2026/01/12,高知,晴,6.0,ベラトリックス特別,12,5.0,5,81.5,10.0,4,近藤翔月,54.0,ダ,1400.0,良,91.5,0.2,8-8-8-6,39.1,481.0,0.0,シンリンゲンカイ,60.0
2019100679,アプサラー,2025/07/06,高知,晴,6.0,ヴェガ特別,11,8.0,12,,,取,岡遼太郎,56.0,ダ,1300.0,良,,,,,,,ミニョン,
2019100679,アプサラー,2025/06/07,高知,曇,8.0,Bー2,10,2.0,2,10.1,6.0,5,岡遼太郎,55.0,ダ,1600.0,稍,107.3,1.4,9-9-9-7,40.4,481.0,7.0,キタノヒーロー,12.0
2019100679,アプサラー,2025/05/24,高知,雨,8.0,Bー2,0,2.0,2,,,,岡遼太郎,55.0,ダ,1400.0,不,,,,,476.0,2.0,,
2019100679,アプサラー,2025/04/19,高知,晴,5.0,スピカ特別,12,6.0,8,5.9,3.0,5,山崎雅由,56.0,ダ,1400.0,稍,91.9,0.9,8-7-8-5,39.9,474.0,6.0,モズゴールドメダル,40.0
2019100679,アプサラー,2025/02/23,高知,晴,4.0,レジーナディンヴェル(重賞),12,6.0,7,38.4,8.0,5,林謙佑,56.0,ダ,1900.0,良,130.8,1.3,10-11-8-6,41.8,468.0,1.0,サンオークレア,80.0
2019100679,アプサラー,2025/01/13,高知,晴,6.0,ベラトリックス特別,12,5.0,5,69.6,9.0,2,林謙佑,54.0,ダ,1400.0,稍,91.4,0.0,7-8-8-7,39.2,467.0,5.0,ミニョン,140.0
2019100679,アプサラー,2024/11/30,高知,晴,5.0,浦戸湾特別,12,1.0,1,48.3,7.0,6,山崎雅由,54.0,ダ,1800.0,稍,123.2,1.3,1-1-1-2,41.7,462.0,-3.0,エマージングロール,
2019100679,アプサラー,2024/11/03,高知,晴,4.0,C1ー4,12,6.0,8,27.1,5.0,1,阿部基嗣,51.0,ダ,1400.0,不,90.0,-0.1,5-5-5-5,39.6,465.0,3.0,(アルマイナンナ),90.0
2019100679,アプサラー,2024/08/23,名古屋,晴,11.0,ひまわり特別(A),8,1.0,1,32.3,7.0,7,大畑慧悟,54.0,ダ,1700.0,良,111.5,1.0,7-6-2,40.0,462.0,4.0,スキューマパーラ,
2019100679,アプサラー,2024/07/25,名古屋,小雨,11.0,琉金特別(A),12,6.0,8,41.3,7.0,10,大畑慧悟,52.0,ダ,1700.0,良,110.7,2.2,11-11-9,39.9,458.0,-1.0,エマージングロール,
2019100679,アプサラー,2024/07/15,名古屋,雨,10.0,ゆり特別(A),12,8.0,11,9.9,3.0,12,塚本征吾,54.0,ダ,1500.0,不,96.1,2.8,8-9-12,39.0,459.0,4.0,モーニングスマイル,
2019100679,アプサラー,2024/06/13,名古屋,晴,10.0,紅バラ特別(A),10,5.0,5,11.5,5.0,4,塚本征吾,54.0,ダ,1500.0,良,95.1,0.7,10-10-2,38.1,455.0,0.0,ダンシングラブリー,22.5
2019100679,アプサラー,2024/05/31,名古屋,小雨,11.0,エメラルドOP(A),12,5.0,6,30.1,8.0,9,塚本征吾,54.0,ダ,1500.0,不,95.8,3.0,10-9-7,39.9,455.0,4.0,レッドブロンクス,
2019100679,アプサラー,2024/04/25,名古屋,晴,11.0,マーガレット特別(A),11,6.0,6,27.1,7.0,10,塚本征吾,54.0,ダ,1500.0,重,96.9,2.1,6-7-8,40.2,451.0,-1.0,レイジーウォリアー,
2019100679,アプサラー,2024/03/27,名古屋,晴,11.0,桜鱒特別(A),10,3.0,3,1.5,1.0,4,塚本征吾,54.0,ダ,1500.0,重,96.2,0.8,1-1-1,39.2,452.0,1.0,ダンシングラブリー,15.0
2019100679,アプサラー,2024/03/14,名古屋,晴,11.0,若草賞土古記念(重賞),10,7.0,7,7.7,3.0,7,塚本征吾,55.0,ダ,1500.0,重,95.8,1.5,3-3-3,40.2,451.0,-2.0,グレースルビー,
2019100679,アプサラー,2024/02/14,名古屋,晴,9.0,名古屋CCミネルヴァ(A),12,7.0,10,2.5,2.0,1,塚本征吾,55.0,ダ,1500.0,良,95.9,-0.1,4-4-2,39.7,453.0,-3.0,(クールトラッカー),150.0
2019100679,アプサラー,2024/01/19,名古屋,晴,11.0,ガーネットOP(A),9,8.0,9,2.9,1.0,2,塚本征吾,53.0,ダ,1700.0,良,109.5,0.0,2-2-2,37.7,456.0,5.0,ハディア,77.0
2019100679,アプサラー,2024/01/02,名古屋,晴,11.0,初夢特別(A),10,1.0,1,1.5,1.0,1,丸野勝虎,54.0,ダ,1500.0,良,96.6,-0.2,1-1-1,37.8,451.0,-6.0,(ヴェッツラー),75.0
2019100679,アプサラー,2023/12/14,名古屋,晴,12.0,冬木立特別(A),12,6.0,8,1.9,1.0,1,塚本征吾,54.0,ダ,1700.0,重,110.4,-0.3,3-3-1,38.3,457.0,-8.0,(ヴェッツラー),75.0
2019100679,アプサラー,2023/11/28,名古屋,晴,12.0,くじゃく座特別(B),11,8.0,10,2.0,1.0,1,塚本征吾,55.0,ダ,1700.0,良,110.9,-0.3,6-6-4,39.4,465.0,4.0,(ハクサンアルタイル),75.0
2019100679,アプサラー,2023/10/31,名古屋,晴,12.0,オリオン座特別(B),11,8.0,11,3.6,1.0,1,塚本征吾,54.0,ダ,1700.0,良,110.4,-0.2,7-5-2,38.7,461.0,-7.0,(キージュピター),75.0
2019100679,アプサラー,2023/10/20,名古屋,雨,6.0,C4組,12,4.0,4,2.2,1.0,1,塚本征吾,54.0,ダ,1500.0,稍,96.5,-0.7,7-3-2,40.8,468.0,24.0,(ビーガール),45.0
2019100679,アプサラー,2023/09/16,4中山3,晴,6.0,3歳以上1勝クラス,16,8.0,16,131.5,14.0,11,永野猛蔵,55.0,ダ,1200.0,良,73.0,1.8,15-15,36.9,444.0,-2.0,デュードメール,
2019100679,アプサラー,2023/06/24,1函館5,曇,12.0,3歳以上1勝クラス,12,6.0,7,114.3,11.0,12,角田大和,55.0,ダ,1000.0,重,59.6,1.3,12-12,34.6,446.0,0.0,テイエムスイスイ,
2019100679,アプサラー,2023/06/11,3東京4,小雨,7.0,3歳以上1勝クラス,16,6.0,12,405.2,14.0,13,菊沢一樹,56.0,ダ,1600.0,重,98.0,1.5,11-11,35.7,446.0,-4.0,リバートゥルー,
2019100679,アプサラー,2023/04/09,1福島2,晴,3.0,4歳以上1勝クラス,14,6.0,10,205.0,13.0,14,小林凌大,54.0,ダ,1700.0,稍,110.3,4.2,5-5-10-14,42.5,450.0,2.0,トゥーサン,
2019100679,アプサラー,2023/03/25,2中京5,曇,7.0,4歳以上1勝クラス,16,5.0,9,64.8,12.0,12,斎藤新,56.0,ダ,1400.0,不,85.8,1.4,9-7,37.8,448.0,4.0,アーレンダール,
2019100679,アプサラー,2022/10/23,4東京7,晴,7.0,3歳以上1勝クラス,14,3.0,4,48.7,11.0,9,小林凌大,51.0,ダ,1600.0,良,99.8,2.5,12-12,37.3,444.0,2.0,キャリックアリード,
2019100679,アプサラー,2022/08/13,3新潟1,晴,8.0,3歳以上1勝クラス,15,7.0,13,16.5,5.0,10,石川裕紀,52.0,ダ,1800.0,良,116.0,3.1,5-5-4-4,40.2,442.0,12.0,タヒチアンダンス,
2019100679,アプサラー,2022/03/21,2中山8,晴,11.0,フラワーC(GIII),12,8.0,11,189.2,12.0,12,津村明秀,54.0,芝,1800.0,良,112.6,4.1,2-3-3-7,39.1,430.0,-10.0,スタニングローズ,
2019100679,アプサラー,2022/02/13,1東京6,曇,3.0,3歳未勝利,15,6.0,11,19.6,5.0,1,石川裕紀,54.0,ダ,1600.0,重,97.8,-0.1,7-7,36.9,440.0,6.0,(ウインターセット),520.0
2019100679,アプサラー,2021/10/31,4東京8,曇,4.0,2歳新馬,15,1.0,2,39.6,8.0,5,武藤雅,54.0,ダ,1600.0,良,101.5,1.6,10-7,38.4,434.0,0.0,ペイシャエス,70.0
2020100741,ノーブルラン,2026/07/12,高知,曇,8.0,C1ー2,11,7.0,9,120.5,10.0,9,郷間勇太,57.0,ダ,1400.0,稍,92.7,1.9,10-10-10-10,40.4,476.0,-4.0,テーオーシリウス,
2020100741,ノーブルラン,2026/06/28,高知,曇,9.0,C1ー2,10,8.0,9,74.2,8.0,6,郷間勇太,57.0,ダ,1600.0,不,107.8,1.1,10-10-8-6,41.1,480.0,-3.0,マジックタッチ,
2020100741,ノーブルラン,2026/06/14,高知,曇,11.0,ファイナルレース(C1),12,6.0,7,32.2,12.0,3,郷間勇太,57.0,ダ,1400.0,重,92.4,1.2,11-11-9-6,40.1,483.0,-3.0,ディベルティール,30.0
2020100741,ノーブルラン,2026/05/31,高知,晴,8.0,C1ー3,9,5.0,5,32.9,6.0,6,郷間勇太,57.0,ダ,1600.0,稍,108.0,1.8,7-7-7-7,40.9,486.0,4.0,ビステル,
2020100741,ノーブルラン,2026/05/17,高知,晴,12.0,ファイナルレース(C1),12,1.0,1,8.7,5.0,10,赤岡修次,57.0,ダ,1400.0,良,95.1,1.4,10-10-10-9,41.9,482.0,3.0,ハルノサムソン,
2020100741,ノーブルラン,2026/05/03,高知,雨,9.0,C1ー3,10,8.0,10,30.3,8.0,4,郷間勇太,57.0,ダ,1300.0,不,83.1,0.8,9-9-9-8,38.4,479.0,5.0,エイシンオッティモ,20.0
2020100741,ノーブルラン,2026/04/19,高知,曇,12.0,ファイナルレース(C1),12,2.0,2,9.1,5.0,10,郷間勇太,57.0,ダ,1400.0,重,92.4,2.3,11-11-10-7,40.6,474.0,-1.0,ジークシュベルト,
2020100741,ノーブルラン,2026/04/05,高知,晴,8.0,C1ー4,8,8.0,8,5.8,3.0,3,郷間勇太,57.0,ダ,1600.0,不,106.2,0.7,8-7-7-6,38.9,475.0,0.0,ディープギルドン,30.0
2020100741,ノーブルラン,2026/03/25,高知,雨,8.0,竜虎相搏特別(C1),12,8.0,12,3.4,2.0,2,岡村卓弥,57.0,ダ,1300.0,不,82.6,0.5,5-4-4-3,38.9,475.0,-1.0,コールブランド,36.0
2020100741,ノーブルラン,2026/03/18,高知,雨,8.0,ファイナルレース(C1),12,2.0,2,5.0,3.0,2,山崎雅由,57.0,ダ,1400.0,重,92.9,0.2,8-8-7-5,39.9,476.0,5.0,トレイントレイン,36.0
2020100741,ノーブルラン,2026/03/03,高知,曇,6.0,C1ー3,9,2.0,2,7.1,3.0,4,岡村卓弥,57.0,ダ,1300.0,不,83.5,0.9,3-3-3-4,38.5,471.0,-2.0,セイウンガレオン,13.5
2020100741,ノーブルラン,2026/02/25,高知,曇,10.0,ファイナルレース(C1),11,7.0,8,4.1,2.0,7,山崎雅由,57.0,ダ,1600.0,不,104.4,0.2,9-10-10-8,39.0,473.0,2.0,マツリダマスラオ,
2020100741,ノーブルラン,2026/02/11,高知,曇,7.0,アカメ特別(C1),9,7.0,7,14.7,5.0,7,郷間勇太,57.0,ダ,1300.0,重,85.3,1.9,9-9-9-8,38.7,471.0,1.0,ヴィアダクト,
2020100741,ノーブルラン,2026/02/03,高知,晴,9.0,ファイナルレース(C1),11,6.0,8,7.5,5.0,8,郷間勇太,57.0,ダ,1400.0,良,91.6,0.8,7-7-5-5,39.8,470.0,-2.0,ワンリオン,
2020100741,ノーブルラン,2026/01/21,高知,晴,8.0,高知城特別(C1),8,1.0,1,35.3,5.0,5,山崎雅由,57.0,ダ,1300.0,良,84.9,1.2,8-7-7-7,39.5,472.0,-1.0,アティード,16.0
2020100741,ノーブルラン,2026/01/13,高知,晴,9.0,双名島特別(C1),7,4.0,4,46.3,5.0,3,郷間勇太,57.0,ダ,1600.0,良,106.9,1.5,7-7-7-6,38.8,473.0,-2.0,ルコルセール,40.0
2020100741,ノーブルラン,2025/12/29,高知,晴,5.0,C1ー6,11,5.0,5,8.2,4.0,2,郷間勇太,57.0,ダ,1400.0,良,92.6,0.1,8-7-6-4,39.4,475.0,3.0,クラックオブドーン,36.0
2020100741,ノーブルラン,2025/12/14,高知,晴,2.0,C1ー6,10,5.0,5,24.3,6.0,8,郷間勇太,57.0,ダ,1400.0,稍,92.1,1.5,8-8-7-8,39.6,472.0,-3.0,リューノス,
2020100741,ノーブルラン,2025/11/29,高知,晴,11.0,小雪特別(C2),9,7.0,7,37.6,6.0,4,郷間勇太,57.0,ダ,1400.0,良,93.6,0.5,7-7-7-6,40.1,475.0,1.0,ベストディシジョン,19.5
2020100741,ノーブルラン,2025/11/15,高知,晴,9.0,C2ー3,11,1.0,1,38.1,4.0,2,岡遼太郎,57.0,ダ,1600.0,重,105.9,0.5,8-7-7-5,39.6,474.0,-4.0,メイショウオキビ,28.0
2020100741,ノーブルラン,2025/11/01,高知,晴,9.0,C2ー3,11,6.0,7,20.6,4.0,7,佐原秀泰,57.0,ダ,1300.0,不,85.4,1.1,9-9-9-9,38.6,478.0,-1.0,ゴーマックス,
2020100741,ノーブルラン,2025/10/18,高知,曇,9.0,C2ー3,12,8.0,12,8.2,5.0,4,佐原秀泰,57.0,ダ,1400.0,稍,92.9,0.8,3-3-3-3,40.5,479.0,-1.0,ボブズヤアンクル,10.5
2020100741,ノーブルラン,2025/10/04,高知,曇,9.0,C2ー3,12,4.0,4,10.5,5.0,12,郷間勇太,57.0,ダ,1400.0,重,93.9,2.8,8-8-8-11,41.6,480.0,8.0,スティーヴバローズ,
2020100741,ノーブルラン,2025/09/21,高知,晴,11.0,秋分特別(C2),12,7.0,10,18.4,7.0,11,郷間勇太,57.0,ダ,1300.0,稍,86.4,1.7,6-6-6-8,40.4,472.0,-2.0,サノノスピード,
2020100741,ノーブルラン,2025/09/06,高知,晴,9.0,C2ー3,11,8.0,11,6.6,3.0,3,郷間勇太,57.0,ダ,1400.0,重,91.5,0.4,6-6-6-4,39.6,474.0,2.0,ミラクルドリーム,17.5
2020100741,ノーブルラン,2025/07/26,高知,曇,8.0,アイスクリン特別(C2),11,7.0,9,2.0,1.0,2,岡村卓弥,57.0,ダ,1600.0,重,106.7,0.4,6-5-4-4,40.2,472.0,-2.0,ヘキクウ,28.0
2020100741,ノーブルラン,2025/07/12,高知,晴,8.0,C2ー4,12,7.0,9,4.8,2.0,5,郷間勇太,57.0,ダ,1300.0,重,84.0,1.4,7-7-5-4,38.8,474.0,4.0,ヴァリアント,7.0
2020100741,ノーブルラン,2025/06/15,3東京4,晴,12.0,3歳以上2勝クラス,16,1.0,2,213.1,15.0,11,石田拓郎,55.0,ダ,1600.0,重,96.2,1.8,10-10,36.5,470.0,-4.0,ルグランヴァン,
2020100741,ノーブルラン,2025/04/27,1福島6,晴,10.0,尾瀬特別(2勝クラス),15,3.0,5,172.3,14.0,11,横山琉人,58.0,ダ,1700.0,良,108.1,1.5,13-12-14-12,39.7,474.0,-11.0,タガノアレハンドラ,
2020100741,ノーブルラン,2025/02/13,船橋,晴,11.0,ハートビートレイン(A2B1),13,6.0,9,76.3,13.0,7,横山琉人,57.0,ダ,1600.0,良,103.1,0.6,11-11-10-10,39.9,485.0,3.0,ヴィクトゥーラ,
2020100741,ノーブルラン,2025/02/02,1東京2,小雨,8.0,4歳以上2勝クラス,16,2.0,4,297.4,16.0,14,江田照男,58.0,ダ,1400.0,稍,86.5,2.6,14-14,37.4,482.0,6.0,アッチャゴーラ,
2020100741,ノーブルラン,2024/11/16,5東京5,曇,8.0,3歳以上2勝クラス,16,1.0,1,146.5,13.0,12,木幡巧也,58.0,ダ,1400.0,良,86.2,1.4,7-6,37.6,476.0,6.0,ビートエモーション,
2020100741,ノーブルラン,2024/10/26,4新潟7,晴,10.0,直江津特別(2勝クラス),14,6.0,9,29.1,10.0,13,吉田隼人,58.0,ダ,1800.0,良,114.2,1.4,12-12-10-10,37.5,470.0,8.0,ウィステリアリヴァ,
2020100741,ノーブルラン,2024/09/01,3新潟8,晴,8.0,3歳以上1勝クラス,12,7.0,10,79.2,10.0,1,石田拓郎,55.0,ダ,1800.0,良,112.9,-0.1,5-5-2-2,37.9,462.0,-4.0,(キャネル),800.0
2020100741,ノーブルラン,2024/08/11,3新潟2,晴,8.0,3歳以上1勝クラス,14,5.0,9,200.0,12.0,5,石田拓郎,55.0,ダ,1800.0,良,114.2,1.3,6-8-7-7,37.2,466.0,-4.0,ウィンドフォール,80.0
2020100741,ノーブルラン,2024/05/18,1新潟7,晴,10.0,二王子特別(1勝クラス),10,1.0,1,46.5,9.0,9,小林美駒,58.0,芝,2000.0,良,123.2,2.2,9-9,36.2,470.0,-2.0,ノーブルクライ,
2020100741,ノーブルラン,2024/05/04,1新潟3,晴,8.0,4歳以上1勝クラス,11,3.0,3,50.2,8.0,5,丹内祐次,58.0,ダ,1800.0,良,116.1,1.6,7-7-10-9,38.5,472.0,0.0,アイファーグローブ,80.0
2020100741,ノーブルラン,2024/03/17,1中京4,小雨,12.0,4歳以上1勝クラス,16,2.0,4,64.5,11.0,10,斎藤新,58.0,ダ,1200.0,良,73.4,1.6,13-12,37.0,472.0,-2.0,パスカリ,
2020100741,ノーブルラン,2024/02/24,2小倉5,晴,12.0,4歳以上1勝クラス,18,8.0,16,50.0,12.0,12,小林凌大,56.0,芝,1200.0,稍,70.1,0.8,13-12,35.0,474.0,0.0,マテンロウボンド,
2020100741,ノーブルラン,2024/02/18,2小倉4,晴,12.0,4歳以上1勝クラス,17,8.0,18,27.5,14.0,13,丹内祐次,58.0,芝,1200.0,良,68.7,0.7,12-14,34.5,474.0,2.0,トリップトゥムーン,
2020100741,ノーブルラン,2023/11/19,5東京6,晴,7.0,3歳以上1勝クラス,16,5.0,9,30.9,10.0,15,石川裕紀,57.0,ダ,1400.0,稍,86.9,2.6,14-14,37.3,472.0,0.0,ドライブアローカス,
2020100741,ノーブルラン,2023/10/29,4新潟6,雨,8.0,3歳以上1勝クラス,11,8.0,11,6.5,5.0,4,丹内祐次,57.0,ダ,1200.0,不,71.6,1.0,9-9,35.9,472.0,2.0,カゲマル,120.0
2020100741,ノーブルラン,2023/10/21,4新潟3,小雨,12.0,3歳以上1勝クラス,15,7.0,12,25.1,6.0,6,丹内祐次,57.0,ダ,1200.0,重,71.4,0.6,14-13,35.9,470.0,0.0,ビップシュプリーム,
2020100741,ノーブルラン,2023/10/07,4東京1,晴,12.0,3歳以上1勝クラス,15,7.0,12,4.8,2.0,12,石川裕紀,56.0,ダ,1400.0,良,87.3,2.8,9-9,38.6,470.0,8.0,ハッピーアズラリー,
2020100741,ノーブルラン,2023/09/10,4中山2,晴,4.0,3歳以上1勝クラス,16,1.0,1,15.3,6.0,5,石川裕紀,56.0,ダ,1200.0,稍,71.6,0.4,10-10,36.5,462.0,0.0,エコロドゥネス,80.0
2020100741,ノーブルラン,2023/08/12,2札幌1,晴,12.0,3歳以上1勝クラス,16,6.0,12,56.3,11.0,5,土田真翔,53.0,芝,1200.0,良,69.7,0.4,7-5,34.9,462.0,4.0,ドーバーホーク,80.0
2020100741,ノーブルラン,2023/07/29,2新潟1,晴,12.0,3歳以上1勝クラス,18,1.0,1,29.5,10.0,12,津村明秀,55.0,芝,1000.0,良,55.4,1.5,16,32.8,458.0,-8.0,ダンシングニードル,
2020100741,ノーブルラン,2023/03/12,2中山6,晴,7.0,3歳1勝クラス,12,3.0,3,11.3,6.0,9,柴田善臣,56.0,芝,1200.0,良,70.0,0.6,4-4,34.4,466.0,-2.0,ワックスフラワー,
2020100741,ノーブルラン,2022/12/10,5中山3,晴,9.0,黒松賞(1勝クラス),11,7.0,9,15.1,5.0,4,津村明秀,55.0,芝,1200.0,良,68.7,0.5,9-9,34.1,468.0,-4.0,ブーケファロス,150.0
2020100741,ノーブルラン,2022/11/05,5東京1,晴,11.0,京王杯2歳S(GII),18,7.0,15,25.2,6.0,9,津村明秀,55.0,芝,1400.0,良,81.6,0.7,10-10,34.2,472.0,16.0,オオバンブルマイ,
2020100741,ノーブルラン,2022/09/04,3新潟8,晴,2.0,2歳未勝利,18,5.0,10,5.3,3.0,1,津村明秀,54.0,芝,1400.0,良,82.7,-0.5,9-7,35.3,456.0,2.0,(トロピカルヒーロー),520.0
2020100741,ノーブルラン,2022/06/18,3東京5,曇,1.0,2歳未勝利,7,4.0,4,2.2,2.0,3,津村明秀,54.0,芝,1400.0,良,83.3,0.4,4-4,34.6,454.0,4.0,ロードディフィート,130.0
2020100741,ノーブルラン,2022/06/05,3東京2,晴,6.0,2歳新馬,16,5.0,10,13.6,6.0,3,津村明秀,54.0,芝,1400.0,良,83.1,0.1,9-9,33.8,450.0,0.0,クラックオブドーン,180.0
2021102067,サノノゴールド,2026/07/12,高知,曇,10.0,ファイナルレース(C1),12,7.0,9,7.3,4.0,4,阿部基嗣,55.0,ダ,1400.0,稍,92.4,0.3,8-8-10-7,40.1,491.0,-7.0,ラインメッセージ,20.0
2021102067,サノノゴールド,2026/06/28,高知,曇,8.0,C1ー3,11,7.0,8,98.4,9.0,6,阿部基嗣,55.0,ダ,1600.0,不,106.3,2.0,5-5-7-5,39.9,498.0,2.0,グランツアーテム,
2021102067,サノノゴールド,2026/06/14,高知,曇,9.0,C1ー2,9,8.0,9,68.7,9.0,5,畑中信司,57.0,ダ,1400.0,重,92.2,0.8,2-3-2-5,40.8,496.0,0.0,ムサシフウジン,10.0
2021102067,サノノゴールド,2026/05/31,高知,晴,8.0,C1ー3,9,4.0,4,115.5,8.0,5,阿部基嗣,55.0,ダ,1600.0,稍,107.4,1.2,7-7-8-8,40.2,496.0,3.0,ビステル,10.0
2021102067,サノノゴールド,2026/05/17,高知,晴,12.0,ファイナルレース(C1),12,5.0,5,39.2,10.0,7,阿部基嗣,55.0,ダ,1400.0,良,94.5,0.8,8-8-10-8,41.4,493.0,-7.0,ハルノサムソン,
2021102067,サノノゴールド,2026/05/03,高知,雨,9.0,C1ー3,10,1.0,1,119.4,9.0,7,阿部基嗣,55.0,ダ,1300.0,不,83.6,1.3,6-6-7-7,39.5,500.0,1.0,エイシンオッティモ,
2021102067,サノノゴールド,2026/04/19,高知,曇,9.0,C1ー3,11,1.0,1,41.9,7.0,7,佐原秀泰,57.0,ダ,1400.0,重,93.0,2.6,7-6-7-7,39.8,499.0,6.0,ゴーマックス,
2021102067,サノノゴールド,2026/04/05,高知,晴,10.0,C1ー2,8,2.0,2,46.0,8.0,6,阿部基嗣,55.0,ダ,1600.0,不,105.7,1.7,7-7-7-8,39.1,493.0,-15.0,ネオヒューズ,
2021102067,サノノゴールド,2026/03/17,高知,晴,6.0,Bー2,6,3.0,3,44.4,6.0,6,木村直輝,57.0,ダ,1600.0,良,110.9,2.9,6-6-6-6,43.7,508.0,-8.0,ショウサンキズナ,
2021102067,サノノゴールド,2026/02/23,高知,晴,8.0,Bー2,8,5.0,5,,,取,木村直輝,57.0,ダ,1300.0,良,,,,,,,ビックス,
2021102067,サノノゴールド,2026/02/10,高知,小雨,8.0,Bー2,9,4.0,4,153.6,9.0,9,木村直輝,57.0,ダ,1400.0,良,94.6,3.3,8-7-8-8,41.6,516.0,2.0,オーラビルス,
2021102067,サノノゴールド,2026/01/26,高知,晴,9.0,Bー2,7,1.0,1,63.9,6.0,6,多田羅誠,57.0,ダ,1300.0,良,85.0,3.0,7-6-6-6,39.3,514.0,-1.0,ルコルセール,
2021102067,サノノゴールド,2026/01/01,高知,晴,9.0,Bー3,10,7.0,7,46.4,6.0,9,多田羅誠,57.0,ダ,1400.0,良,94.0,2.6,7-9-9-8,41.3,515.0,0.0,フォードテソーロ,
2021102067,サノノゴールド,2025/12/20,高知,曇,10.0,Bー3,9,8.0,8,36.0,4.0,4,多田羅誠,57.0,ダ,1600.0,稍,109.7,3.2,7-6-6-5,41.3,515.0,-4.0,スカイライト,18.0
2021102067,サノノゴールド,2025/12/06,高知,晴,4.0,Bー3,12,2.0,2,64.0,7.0,5,多田羅誠,57.0,ダ,1400.0,良,93.1,1.7,6-2-3-3,41.2,519.0,7.0,グランレザンドール,12.0
2021102067,サノノゴールド,2025/11/23,高知,晴,9.0,Bー3,10,3.0,3,92.1,8.0,9,多田羅誠,57.0,ダ,1300.0,良,86.2,1.8,6-5-8-9,40.7,512.0,-7.0,ディサーニング,
2021102067,サノノゴールド,2025/11/08,高知,晴,4.0,Bー2,11,4.0,4,11.8,3.0,9,多田羅誠,57.0,ダ,1400.0,稍,93.1,2.5,11-11-10-10,39.7,519.0,0.0,ディサーニング,
2021102067,サノノゴールド,2025/10/25,高知,曇,4.0,Bー2,10,7.0,8,87.6,6.0,5,佐原秀泰,57.0,ダ,1300.0,不,84.0,1.7,5-6-7-6,38.5,519.0,10.0,ピンシャン,12.0
2021102067,サノノゴールド,2025/10/05,高知,晴,8.0,C1ー2,12,5.0,6,16.8,6.0,3,多田羅誠,57.0,ダ,1300.0,重,85.1,0.5,4-6-5-4,38.8,509.0,0.0,ハイモビリティ,22.5
2021102067,サノノゴールド,2025/09/23,高知,曇,11.0,ファイナルレース(C1),11,1.0,1,5.0,2.0,7,多田羅誠,57.0,ダ,1400.0,良,92.8,0.5,4-4-4-4,41.4,509.0,-1.0,シュクメルリ,
2021102067,サノノゴールド,2025/09/07,高知,晴,10.0,琴ヶ浜特別(C1),10,7.0,8,33.1,7.0,9,多田羅誠,57.0,ダ,1600.0,重,108.3,3.2,8-9-10-9,40.2,510.0,7.0,ダノンマカルー,
2021102067,サノノゴールド,2025/08/02,高知,晴,10.0,Bー3,10,7.0,9,,,除,多田羅誠,57.0,ダ,1300.0,良,,,,,,,ベルドラゴ,
2021102067,サノノゴールド,2025/07/19,高知,晴,7.0,Bー4,12,7.0,10,61.7,7.0,8,多田羅誠,57.0,ダ,1400.0,不,90.8,2.1,7-8-7-8,40.1,503.0,2.0,フリーホースパーク,
2021102067,サノノゴールド,2025/06/29,高知,晴,6.0,C1ー2,11,7.0,10,15.2,5.0,3,多田羅誠,57.0,ダ,1300.0,稍,83.3,0.6,2-2-2-3,38.3,501.0,1.0,サーブルミラージュ,22.5
2021102067,サノノゴールド,2025/06/15,高知,晴,12.0,ファイナルレース(C1),12,4.0,4,5.1,2.0,2,多田羅誠,57.0,ダ,1400.0,不,89.7,0.0,4-4-4-1,39.7,500.0,-5.0,ボマライン,36.0
2021102067,サノノゴールド,2025/06/01,高知,晴,8.0,C1ー2,10,6.0,6,27.2,7.0,8,多田羅誠,57.0,ダ,1600.0,稍,107.6,2.1,9-9-10-9,40.1,505.0,7.0,ディベルティール,
2021102067,サノノゴールド,2025/05/18,高知,曇,10.0,C1ー2,10,5.0,5,31.6,6.0,6,多田羅誠,57.0,ダ,1300.0,不,82.4,1.5,5-5-5-5,38.1,498.0,-4.0,マッティーナ,
2021102067,サノノゴールド,2025/05/04,高知,晴,7.0,C1ー2,11,6.0,6,9.4,5.0,4,多田羅誠,57.0,ダ,1400.0,重,92.4,0.9,4-3-3-3,39.5,502.0,1.0,コロンバージュ,13.5
2021102067,サノノゴールド,2025/04/20,高知,曇,5.0,C1ー2,11,8.0,10,6.9,3.0,10,佐原秀泰,57.0,ダ,1400.0,稍,92.9,2.6,7-7-7-7,40.8,501.0,-6.0,ルアル,
2021102067,サノノゴールド,2025/04/06,高知,晴,11.0,鏡野公園特別(C1),9,3.0,3,11.1,4.0,4,佐原秀泰,57.0,ダ,1400.0,稍,93.0,1.5,4-4-4-4,40.3,507.0,-2.0,カプティフ,18.0
2021102067,サノノゴールド,2025/03/16,高知,晴,3.0,八畳岩特別,10,6.0,7,16.0,5.0,4,井上瑛太,56.0,ダ,1600.0,不,108.0,2.4,7-7-7-5,40.8,509.0,-2.0,フクチャンキング,45.0
2021102067,サノノゴールド,2025/03/05,高知,曇,7.0,C1ー2,11,7.0,9,2.1,1.0,3,佐原秀泰,56.0,ダ,1400.0,不,90.0,0.6,4-4-3-1,39.9,511.0,7.0,ジュンハンス,18.0
2021102067,サノノゴールド,2025/02/12,高知,雨,6.0,C1ー4,12,7.0,9,3.1,1.0,6,佐原秀泰,56.0,ダ,1400.0,重,92.8,0.8,6-6-5-5,39.8,504.0,2.0,ハルノサムソン,
2021102067,サノノゴールド,2025/01/19,高知,雨,7.0,大寒特別(C2),8,6.0,6,2.2,1.0,1,井上瑛太,56.0,ダ,1600.0,稍,109.1,-0.2,4-4-4-2,41.2,502.0,-22.0,(ワンダーイチョウ),130.0
2021102067,サノノゴールド,2025/01/05,高知,晴,7.0,第3回びあんど特別(C2),9,4.0,4,5.3,2.0,3,井上瑛太,56.0,ダ,1300.0,良,86.8,0.8,8-8-6-5,40.3,524.0,26.0,ベルドラゴ,14.0
2021102067,サノノゴールド,2024/12/01,4中京2,晴,7.0,3歳以上1勝クラス,12,1.0,1,84.9,9.0,10,永島まな,54.0,ダ,1800.0,良,115.0,3.1,9-10-11-11,38.1,498.0,-2.0,ホークフィールド,
2021102067,サノノゴールド,2024/11/03,3福島2,晴,3.0,3歳以上1勝クラス,15,2.0,3,43.1,11.0,11,小林美駒,52.0,ダ,1700.0,重,105.7,0.8,15-15-14-12,37.2,500.0,2.0,ツインビスケッツ,
2021102067,サノノゴールド,2024/10/14,4新潟4,晴,4.0,3歳以上1勝クラス,10,1.0,1,8.5,4.0,7,田口貫太,54.0,ダ,2500.0,良,164.2,2.4,5-5-5-5,40.7,498.0,8.0,ブロンディール,
2021102067,サノノゴールド,2024/09/15,4中山4,晴,6.0,3歳以上1勝クラス,16,4.0,7,31.1,9.0,6,杉原誠人,55.0,ダ,1800.0,良,114.9,1.5,9-11-10-8,39.0,490.0,-12.0,デフィニティーボ,
2021102067,サノノゴールド,2024/09/01,3新潟8,晴,3.0,3歳未勝利,15,4.0,6,8.7,3.0,3,坂井瑠星,57.0,ダ,1800.0,良,114.6,1.4,9-8-7-5,39.4,502.0,2.0,レッドアレグロ,140.0
2021102067,サノノゴールド,2024/08/25,3新潟6,曇,2.0,3歳未勝利,15,8.0,14,2.2,1.0,4,横山武史,57.0,ダ,1800.0,良,115.8,1.2,8-8-9-8,39.1,500.0,-2.0,ウヌボレヤサン,83.0
2021102067,サノノゴールド,2024/08/11,3新潟2,晴,2.0,3歳未勝利,15,3.0,4,14.8,6.0,2,松山弘平,57.0,ダ,1800.0,良,114.3,0.3,8-7-6-6,37.7,502.0,0.0,コスモフレディ,220.0
2021102067,サノノゴールド,2024/06/22,3東京7,晴,2.0,3歳未勝利,16,3.0,6,13.5,4.0,5,杉原誠人,57.0,ダ,2100.0,重,132.0,0.9,9-9-10-9,37.1,502.0,-6.0,ラファールドール,55.0
2021102067,サノノゴールド,2024/06/15,3東京5,晴,2.0,3歳未勝利,16,5.0,9,3.8,2.0,4,菅原明良,57.0,ダ,2100.0,良,134.5,0.8,14-12-11-9,37.9,508.0,8.0,シグムンド,83.0
2021102067,サノノゴールド,2024/05/11,2東京7,晴,2.0,3歳未勝利,15,6.0,10,7.5,3.0,2,田辺裕信,57.0,ダ,2100.0,良,135.2,0.2,11-8-9-9,38.0,500.0,-6.0,ニューバラード,220.0
2021102067,サノノゴールド,2024/04/20,2東京1,晴,3.0,3歳未勝利,16,4.0,7,21.2,6.0,5,田辺裕信,57.0,ダ,2100.0,良,136.7,1.3,16-16-15-13,37.8,506.0,4.0,グロバーテソーロ,55.0
2021102067,サノノゴールド,2024/03/31,3中山4,晴,1.0,3歳未勝利,13,2.0,2,16.1,6.0,3,田辺裕信,57.0,ダ,1800.0,稍,116.0,0.9,10-10-9-7,39.6,502.0,0.0,ザロック,140.0
2021102067,サノノゴールド,2024/03/16,2中山7,晴,2.0,3歳未勝利,16,6.0,12,9.6,3.0,4,田辺裕信,57.0,ダ,1800.0,稍,118.1,2.0,8-9-9-8,41.8,502.0,0.0,ミツカネジェミニ,83.0
2021102067,サノノゴールド,2024/01/13,1中山4,晴,2.0,3歳未勝利,16,6.0,11,10.8,2.0,3,戸崎圭太,57.0,ダ,1800.0,良,116.9,1.2,4-4-3-3,40.1,502.0,2.0,アスプリージャ,140.0
2021102067,サノノゴールド,2023/12/09,5中山3,晴,2.0,2歳未勝利,12,6.0,8,4.6,3.0,7,戸崎圭太,56.0,ダ,1800.0,良,117.7,2.2,5-5-4-5,39.7,500.0,8.0,ラオラシオン,
2021102067,サノノゴールド,2023/09/30,4中山8,曇,3.0,2歳未勝利,16,1.0,1,167.9,14.0,5,原田和真,55.0,ダ,1800.0,良,117.0,1.3,7-6-3-3,39.3,492.0,-4.0,ロードブレイズ,55.0
2021102067,サノノゴールド,2023/09/02,2札幌7,晴,2.0,2歳未勝利,14,3.0,4,20.0,4.0,9,原田和真,55.0,ダ,1700.0,稍,109.7,1.4,10-10-7-7,40.0,496.0,0.0,アンジュグルーヴ,
2021102067,サノノゴールド,2023/08/26,2札幌5,晴,5.0,2歳新馬,13,8.0,12,45.6,9.0,4,原田和真,55.0,ダ,1700.0,良,110.2,1.3,7-7-4-4,38.9,496.0,0.0,グランルーチェ,110.0
2021100626,ビッグショータイム,2026/07/12,高知,曇,6.0,C1ー3,12,2.0,2,27.0,8.0,4,赤岡修次,57.0,ダ,1400.0,稍,91.0,0.7,6-5-6-4,39.5,497.0,1.0,ガラパゴス,20.0
2021100626,ビッグショータイム,2026/06/28,高知,曇,8.0,C1ー3,11,4.0,4,7.5,3.0,5,赤岡修次,57.0,ダ,1600.0,不,106.3,2.0,8-8-8-5,39.6,496.0,4.0,グランツアーテム,10.0
2021100626,ビッグショータイム,2026/06/14,高知,曇,10.0,早明浦ダム特別(C1),8,8.0,8,11.4,6.0,8,山田義貴,57.0,ダ,1400.0,重,92.5,1.3,4-4-5-7,40.1,492.0,-4.0,スノーホルンロード,
2021100626,ビッグショータイム,2026/05/31,高知,晴,6.0,C1ー5,10,3.0,3,4.2,2.0,1,赤岡修次,57.0,ダ,1600.0,稍,106.8,-0.1,3-3-4-3,39.9,496.0,3.0,(マジックタッチ),100.0
2021100626,ビッグショータイム,2026/05/16,高知,晴,9.0,C2ー2,10,7.0,7,3.9,2.0,1,近藤翔月,56.0,ダ,1300.0,良,86.3,0.0,3-3-3-3,40.5,493.0,-4.0,(ディープカインズ),80.0
2021100626,ビッグショータイム,2026/05/02,高知,晴,9.0,C2ー2,10,1.0,1,2.2,1.0,6,赤岡修次,57.0,ダ,1400.0,重,92.7,1.0,4-4-3-2,41.6,497.0,0.0,フーイナム,
2021100626,ビッグショータイム,2026/04/18,高知,曇,10.0,C2ー2,9,4.0,4,2.8,1.0,3,赤岡修次,57.0,ダ,1600.0,重,106.5,0.2,2-2-2-2,39.0,497.0,-1.0,テーオーシリウス,24.0
2021100626,ビッグショータイム,2026/02/28,2中山1,晴,8.0,4歳以上2勝クラス,13,3.0,3,553.6,13.0,11,小林凌大,58.0,芝,1600.0,良,94.8,2.0,11-12-12,36.0,498.0,-4.0,コスモアンソロジー,
2021100626,ビッグショータイム,2026/02/22,1東京8,晴,12.0,大島特別(2勝クラス),16,3.0,6,310.1,16.0,16,木幡巧也,58.0,ダ,1400.0,良,86.9,2.7,14-14,37.8,502.0,-4.0,アスクアイルビゼア,
2021100626,ビッグショータイム,2026/01/18,1中山7,晴,4.0,障害4歳以上未勝利,14,5.0,8,231.9,12.0,13,江田勇亮,60.0,障,2880.0,良,203.1,9.5,12-12-13-13,14.1,506.0,8.0,アスクオンディープ,
2021100626,ビッグショータイム,2025/12/13,5阪神3,晴,4.0,障害3歳以上未勝利,12,8.0,11,144.8,11.0,12,石神深一,60.0,障,2970.0,良,220.7,16.0,12-12-12-12,14.9,498.0,10.0,ロードリベラシオン,
2021100626,ビッグショータイム,2025/05/31,2東京11,小雨,10.0,葉山特別(2勝クラス),16,6.0,11,242.3,16.0,16,小林凌大,58.0,芝,1600.0,重,99.0,3.1,16-16,37.1,488.0,4.0,ウインアイオライト,
2021100626,ビッグショータイム,2025/05/24,1新潟7,曇,11.0,大日岳特別(2勝クラス),16,8.0,15,274.1,16.0,16,永島まな,58.0,芝,1200.0,良,72.4,2.6,16-16,35.6,484.0,-6.0,セシリエプラージュ,
2021100626,ビッグショータイム,2025/04/04,船橋,晴,10.0,くじら座スプリント(B1B2),10,3.0,3,311.5,10.0,10,野畑凌,55.0,ダ,1200.0,重,78.1,3.9,10-10-10,40.6,490.0,7.0,サトノムスタング,
2021100626,ビッグショータイム,2025/03/12,船橋,雨,9.0,春疾風スプリント(B2),11,7.0,9,316.8,11.0,11,臼井健太,56.0,ダ,1200.0,稍,77.3,3.4,10-10-10,38.2,483.0,-4.0,レーザーショー,
2021100626,ビッグショータイム,2025/02/13,船橋,晴,10.0,みずがめ座スプリント(B2),11,1.0,1,,,取,和田譲治,56.0,ダ,1200.0,良,,,,,,,マスタープラン,
2021100626,ビッグショータイム,2025/01/24,船橋,晴,10.0,房総スプリント(B1B2),12,1.0,1,189.4,12.0,10,臼井健太,55.0,ダ,1200.0,良,76.0,2.2,12-12-12,38.1,487.0,-1.0,ストライクオン,
2021100626,ビッグショータイム,2024/12/19,船橋,晴,10.0,クリスマスローズスプ(B2),11,8.0,11,10.3,6.0,5,和田譲治,56.0,ダ,1200.0,良,75.4,0.5,10-9-10,38.4,488.0,2.0,ヴィシソワーズ,30.0
2021100626,ビッグショータイム,2024/12/09,川崎,晴,11.0,風花特別(B2),14,7.0,12,23.1,9.0,11,和田譲治,56.0,ダ,1600.0,良,107.3,2.8,9-9-10-13,42.7,486.0,2.0,エアセイラン,
2021100626,ビッグショータイム,2024/11/21,浦和,晴,11.0,埼玉県馬事畜産振興協(B1B2),10,8.0,9,34.2,5.0,8,澤田龍哉,55.0,ダ,1500.0,稍,97.4,2.4,9-9-10-9,37.3,484.0,-3.0,ラブリアージェ,
2021100626,ビッグショータイム,2024/10/24,浦和,曇,10.0,マルチフェア特別(B2B3),12,5.0,5,49.4,11.0,5,臼井健太,57.0,ダ,1400.0,良,90.3,0.7,9-10-10-8,39.1,487.0,9.0,タイセイアーメット,40.0
2021100626,ビッグショータイム,2024/07/10,大井,曇,11.0,優駿スプリント競走(重賞),16,2.0,3,224.3,14.0,11,澤田龍哉,56.0,ダ,1200.0,良,74.7,1.9,14-15,37.9,478.0,-1.0,ティントレット,
2021100626,ビッグショータイム,2024/05/29,船橋,晴,11.0,若潮スプリント(重賞),12,1.0,1,50.6,7.0,9,和田譲治,57.0,ダ,1200.0,重,76.0,1.9,12-12-12,38.4,479.0,0.0,ギガース,
2021100626,ビッグショータイム,2024/04/17,浦和,晴,11.0,’24アヴニール賞(OP)(3歳),10,5.0,5,22.7,5.0,1,和田譲治,54.0,ダ,1400.0,良,90.7,0.0,9-9-9-7,38.3,479.0,1.0,(クルマトラサン),800.0
2021100626,ビッグショータイム,2024/03/28,浦和,曇,8.0,若草特別(3歳),12,3.0,3,14.5,6.0,4,和田譲治,57.0,ダ,1400.0,稍,92.3,1.0,9-11-8-8,40.8,478.0,-7.0,エドノバンザイ,37.5
2021100626,ビッグショータイム,2024/03/05,船橋,雨,11.0,アクアマリンC(3歳未格),6,1.0,1,29.5,6.0,6,和田譲治,57.0,ダ,1700.0,稍,113.1,2.3,3-3-4-5,39.2,485.0,-1.0,シシュフォス,
2021100626,ビッグショータイム,2024/02/06,船橋,曇,8.0,船橋フューチュリティ(3歳),7,5.0,5,15.8,4.0,4,和田譲治,56.0,ダ,1600.0,不,104.7,0.9,2-2-2-2,41.2,486.0,4.0,バハマフレイバー,75.0
2021100626,ビッグショータイム,2024/01/10,浦和,晴,11.0,ニューイヤーC(重賞),10,2.0,2,67.1,9.0,6,和田譲治,56.0,ダ,1500.0,良,99.0,1.7,9-6-8-7,41.1,482.0,3.0,ギガース,
2021100626,ビッグショータイム,2023/11/28,船橋,晴,11.0,チバテレ盃(OP)(2歳),8,2.0,2,3.3,2.0,5,澤田龍哉,56.0,ダ,1700.0,良,111.4,1.3,8-8-6-5,40.3,479.0,1.0,バハマフレイバー,80.0
2021100626,ビッグショータイム,2023/10/25,船橋,晴,11.0,平和賞(重賞),10,6.0,6,24.1,6.0,4,澤田龍哉,55.0,ダ,1600.0,良,103.2,0.3,9-8-9-9,39.8,478.0,2.0,カプセル,130.0
2021100626,ビッグショータイム,2023/09/26,船橋,曇,8.0,トーシンブリザード・(2歳),9,4.0,4,3.2,2.0,5,澤田龍哉,55.0,ダ,1600.0,良,105.4,0.9,8-7-7-6,39.1,476.0,5.0,バハマフレイバー,45.0
2021100626,ビッグショータイム,2023/08/30,浦和,晴,11.0,ルーキーズサマーカッ(重賞),12,2.0,2,37.5,6.0,2,和田譲治,54.0,ダ,1400.0,良,90.0,1.0,7-7-6-4,38.6,471.0,-1.0,アムクラージュ,420.0
2021100626,ビッグショータイム,2023/08/09,船橋,曇,2.0,フューチュリティスプ(2歳),8,1.0,1,13.1,4.0,5,和田譲治,54.0,ダ,1200.0,良,76.7,1.1,8-8-8,38.1,472.0,4.0,ヨルノテイオー,32.0
2021100626,ビッグショータイム,2023/06/22,船橋,曇,3.0,ライラックデビュー(2歳),6,6.0,6,2.8,2.0,1,澤田龍哉,54.0,ダ,1000.0,良,63.0,-1.0,3-2,38.5,468.0,0.0,(ミレニアムバイオ),400.0
2021103925,ルクスチェリー,2026/07/12,高知,曇,8.0,C1ー2,11,6.0,7,19.3,6.0,4,岡遼太郎,55.0,ダ,1400.0,稍,91.5,0.7,10-10-10-8,39.2,500.0,-5.0,テーオーシリウス,20.0
2021103925,ルクスチェリー,2026/06/28,高知,曇,8.0,C1ー3,11,5.0,5,24.0,5.0,4,山崎雅由,55.0,ダ,1600.0,不,105.6,1.3,5-5-5-4,39.4,505.0,1.0,グランツアーテム,20.0
2021103925,ルクスチェリー,2026/06/14,高知,曇,9.0,C1ー2,9,4.0,4,7.7,3.0,6,山崎雅由,55.0,ダ,1400.0,重,92.6,1.2,8-8-7-8,40.2,504.0,1.0,ムサシフウジン,
2021103925,ルクスチェリー,2026/05/31,高知,晴,7.0,C1ー4,11,7.0,8,48.2,5.0,3,岡遼太郎,55.0,ダ,1600.0,稍,106.4,1.2,6-6-6-5,40.0,503.0,1.0,ダオラダオラ,30.0
2021103925,ルクスチェリー,2026/05/17,高知,晴,9.0,C1ー3,11,7.0,8,9.5,4.0,5,山崎雅由,55.0,ダ,1400.0,良,93.5,1.4,4-4-4-5,40.6,502.0,-4.0,ベストディシジョン,10.0
2021103925,ルクスチェリー,2026/05/03,高知,雨,8.0,C1ー4,12,8.0,12,6.5,3.0,4,山崎雅由,55.0,ダ,1300.0,不,82.7,0.6,3-5-5-6,38.7,506.0,1.0,モズライフセーバー,20.0
2021103925,ルクスチェリー,2026/04/19,高知,曇,9.0,C1ー3,11,7.0,9,21.9,5.0,5,近藤翔月,54.0,ダ,1400.0,重,91.6,1.2,6-6-6-6,38.4,505.0,0.0,ゴーマックス,10.0
2021103925,ルクスチェリー,2026/04/05,高知,晴,8.0,C1ー4,8,4.0,4,,,取,近藤翔月,54.0,ダ,1600.0,不,,,,,,,ディープギルドン,
2021103925,ルクスチェリー,2026/03/18,高知,雨,7.0,八畳岩特別,10,1.0,1,27.8,6.0,6,近藤翔月,54.0,ダ,1600.0,重,107.7,2.8,8-8-8-7,39.0,505.0,4.0,スカンジナビア,
2021103925,ルクスチェリー,2026/03/03,高知,曇,8.0,猿田洞特別(C1),11,2.0,2,24.9,6.0,7,岡遼太郎,55.0,ダ,1300.0,不,82.8,0.8,9-9-9-8,38.1,501.0,0.0,エイブリー,
2021103925,ルクスチェリー,2026/02/18,高知,晴,9.0,ファイナルレース(C1),11,2.0,2,6.2,3.0,1,近藤翔月,54.0,ダ,1400.0,稍,92.0,-0.1,3-3-3-2,40.1,501.0,3.0,(タマモイットウセイ),90.0
2021103925,ルクスチェリー,2026/01/27,高知,晴,9.0,早瀬の一本橋特別(C1),10,4.0,4,36.8,8.0,7,近藤翔月,53.0,ダ,1400.0,良,91.8,0.8,10-10-10-10,38.6,498.0,0.0,ショウサンキズナ,
2021103925,ルクスチェリー,2026/01/13,高知,晴,5.0,C1ー5,7,3.0,3,13.8,5.0,2,近藤翔月,53.0,ダ,1600.0,良,107.2,0.0,5-5-5-5,39.0,498.0,3.0,エクトゥシュタール,36.0
2021103925,ルクスチェリー,2025/12/29,高知,晴,6.0,C1ー5,11,7.0,9,11.8,5.0,8,近藤翔月,53.0,ダ,1400.0,良,94.3,0.9,9-9-9-9,39.2,495.0,1.0,レゴリス,
2021103925,ルクスチェリー,2025/12/14,高知,晴,2.0,C1ー6,10,4.0,4,48.7,10.0,3,近藤翔月,53.0,ダ,1400.0,稍,91.3,0.7,6-6-6-6,39.0,494.0,-4.0,リューノス,22.5
2021103925,ルクスチェリー,2025/11/29,高知,晴,7.0,土佐黒牛特別(C2),11,7.0,9,3.7,2.0,3,近藤翔月,53.0,ダ,1400.0,良,94.3,0.3,9-9-10-9,40.5,498.0,3.0,レゴリス,17.5
2021103925,ルクスチェリー,2025/11/15,高知,晴,11.0,立冬特別(C2),10,3.0,3,14.2,4.0,4,岡遼太郎,55.0,ダ,1600.0,重,107.2,1.1,9-9-8-8,39.5,495.0,6.0,オタマジャクシ,19.5
2021103925,ルクスチェリー,2025/10/18,高知,曇,9.0,C2ー3,12,8.0,11,4.4,2.0,2,近藤翔月,52.0,ダ,1400.0,稍,92.1,0.0,6-6-6-4,39.3,489.0,-2.0,ボブズヤアンクル,28.0
2021103925,ルクスチェリー,2025/10/04,高知,曇,9.0,C2ー3,12,5.0,6,9.6,4.0,6,近藤翔月,52.0,ダ,1400.0,重,91.8,0.7,12-11-11-10,38.9,491.0,0.0,スティーヴバローズ,
2021103925,ルクスチェリー,2025/09/21,高知,晴,11.0,秋分特別(C2),12,8.0,11,22.5,8.0,8,林謙佑,55.0,ダ,1300.0,稍,85.8,1.1,9-9-9-9,39.2,491.0,-4.0,サノノスピード,
2021103925,ルクスチェリー,2025/09/06,高知,晴,8.0,C2ー4,11,5.0,5,7.7,4.0,3,井上瑛太,55.0,ダ,1400.0,重,91.5,0.6,7-7-7-6,38.1,495.0,4.0,ハイエストポイント,17.5
2021103925,ルクスチェリー,2025/07/26,高知,曇,7.0,C2ー4,11,7.0,9,3.8,2.0,3,山崎雅由,55.0,ダ,1600.0,重,106.4,0.6,7-7-7-5,40.6,491.0,-2.0,ゴーストバスター,17.5
2021103925,ルクスチェリー,2025/07/12,高知,晴,8.0,C2ー4,12,6.0,7,26.9,6.0,6,岡遼太郎,55.0,ダ,1300.0,重,84.7,2.1,9-9-9-8,38.8,493.0,4.0,ヴァリアント,
2021103925,ルクスチェリー,2025/05/31,高知,晴,10.0,芒種特別(C2),12,1.0,1,18.7,3.0,7,山崎雅由,55.0,ダ,1300.0,稍,85.0,1.5,9-9-9-8,39.0,489.0,1.0,ウインアウォード,
2021103925,ルクスチェリー,2025/05/17,高知,曇,8.0,C2ー4,12,7.0,10,4.4,2.0,3,山崎雅由,55.0,ダ,1400.0,不,87.9,0.3,5-4-4-3,37.6,488.0,0.0,メイショウロージー,17.5
2021103925,ルクスチェリー,2025/05/03,高知,晴,8.0,C2ー3,9,6.0,6,16.1,3.0,3,山崎雅由,55.0,ダ,1300.0,不,83.8,1.0,6-5-5-5,38.5,488.0,4.0,メイショウヒューマ,17.5
2021103925,ルクスチェリー,2025/04/06,高知,晴,3.0,C3ー3,10,1.0,1,11.8,3.0,1,山崎雅由,55.0,ダ,1400.0,稍,92.9,-0.5,7-6-6-2,40.0,484.0,-1.0,(モルフェウス),60.0
2021103925,ルクスチェリー,2025/03/25,高知,晴,8.0,塚本雄大を忘れない特(C3),11,7.0,9,4.5,2.0,2,山崎雅由,54.0,ダ,1400.0,良,93.6,0.0,3-3-3-3,40.2,485.0,4.0,キングダムウイナー,21.0
2021103925,ルクスチェリー,2025/03/11,高知,曇,5.0,しげなほ結婚翌日特別(C3),10,4.0,4,,,取,山崎雅由,54.0,ダ,1400.0,重,,,,,,,ゴーストバスター,
2021103925,ルクスチェリー,2025/02/18,高知,晴,6.0,ともちゃん誕生日特別(C3),12,1.0,1,2.4,2.0,3,山崎雅由,54.0,ダ,1400.0,稍,94.1,0.6,4-4-4-2,41.2,481.0,3.0,メイショウロージー,12.0
2021103925,ルクスチェリー,2025/02/04,高知,晴,8.0,フキタンポポ特別(C3),8,6.0,6,35.3,6.0,5,山崎雅由,54.0,ダ,1400.0,重,93.2,0.8,5-5-7-7,40.5,478.0,-1.0,コスモメイゲツ,11.0
2021103925,ルクスチェリー,2025/01/21,高知,晴,7.0,バイカオウレン特別(C3),11,5.0,5,,,取,山崎雅由,54.0,ダ,1400.0,稍,,,,,,,ベアエンジェル,
2021103925,ルクスチェリー,2025/01/06,高知,晴,3.0,C3ー4,8,8.0,8,14.6,4.0,2,山崎雅由,54.0,ダ,1300.0,重,84.3,0.0,5-4-3-3,38.8,479.0,4.0,ウキヨノユメ,21.0
2021103925,ルクスチェリー,2024/12/21,高知,晴,7.0,C3ー8,10,3.0,3,11.6,4.0,2,山崎雅由,54.0,ダ,1600.0,良,109.2,0.8,4-4-3-3,41.7,475.0,-1.0,ナイママ,21.0
2021103925,ルクスチェリー,2024/12/07,高知,晴,9.0,オッズパーク特別(C3),11,2.0,2,6.3,4.0,4,山崎雅由,54.0,ダ,1600.0,良,110.3,0.8,7-6-5-4,42.8,476.0,3.0,ゴースト,9.0
2021103925,ルクスチェリー,2024/11/23,高知,晴,8.0,C3ー7,9,1.0,1,8.8,3.0,2,山崎雅由,54.0,ダ,1600.0,稍,109.5,0.2,4-4-5-3,40.4,473.0,-6.0,サンライズグリット,21.0
2021103925,ルクスチェリー,2024/11/10,高知,曇,1.0,C3ー20,9,6.0,6,9.2,5.0,3,山崎雅由,54.0,ダ,1600.0,稍,107.6,0.7,4-4-4-4,40.7,479.0,3.0,サンライズグリット,12.0
2021103925,ルクスチェリー,2024/10/26,高知,曇,7.0,C3ー9,11,6.0,6,12.4,4.0,2,山崎雅由,54.0,ダ,1600.0,不,105.7,0.5,3-3-3-2,39.0,476.0,-5.0,キャッスルトップ,21.0
2021103925,ルクスチェリー,2024/10/13,高知,晴,8.0,C3ー8,11,1.0,1,10.8,4.0,3,山崎雅由,54.0,ダ,1600.0,稍,109.1,0.4,6-6-6-4,40.5,481.0,-2.0,ゴースト,12.0
2021103925,ルクスチェリー,2024/09/28,高知,曇,3.0,イサキ特別(3歳),11,3.0,3,2.1,1.0,6,山崎雅由,54.0,ダ,1400.0,良,94.4,1.1,11-11-9-9,41.4,483.0,5.0,ミニーバローズ,
2021103925,ルクスチェリー,2024/08/17,2札幌3,曇,7.0,3歳未勝利,16,7.0,13,14.5,5.0,9,武豊,55.0,芝,2000.0,良,121.7,1.4,12-14-14-15,36.5,478.0,2.0,ウイントレメンデス,
2021103925,ルクスチェリー,2024/07/28,1札幌4,曇,4.0,3歳未勝利,15,5.0,8,8.2,4.0,5,角田大河,54.0,芝,2000.0,重,123.1,1.1,8-8-8-8,36.1,476.0,-4.0,フォルテフィオーレ,55.0
2021103925,ルクスチェリー,2024/07/06,1函館9,曇,3.0,3歳未勝利,16,4.0,7,12.6,4.0,5,角田大河,54.0,芝,2000.0,良,122.6,0.4,6-6-8-10,36.3,480.0,-2.0,ルージュピルエット,55.0
2021103925,ルクスチェリー,2024/06/22,1函館5,曇,6.0,3歳未勝利,16,7.0,13,46.2,11.0,4,角田大河,54.0,芝,2000.0,良,121.2,0.2,10-9-11-8,36.2,482.0,-4.0,コーラルムーン,83.0
2021103925,ルクスチェリー,2024/03/31,2阪神4,晴,4.0,3歳未勝利,10,7.0,8,26.9,5.0,5,河原田菜,51.0,芝,2400.0,良,148.3,0.4,5-5-5-7,34.6,486.0,-2.0,グランアルティスタ,55.0
2021103925,ルクスチェリー,2024/03/10,1中京2,晴,5.0,3歳未勝利,11,1.0,1,97.9,8.0,4,河原田菜,51.0,芝,2200.0,良,138.0,0.9,8-6-8-8,34.8,488.0,-2.0,オールセインツ,83.0
2021103925,ルクスチェリー,2024/02/25,1阪神2,小雨,4.0,3歳未勝利,18,6.0,11,632.1,18.0,15,河原田菜,51.0,芝,1600.0,重,97.1,1.3,18-18,35.7,490.0,10.0,サロニコス,
2021103925,ルクスチェリー,2023/10/21,2京都6,曇,5.0,2歳新馬,14,3.0,4,89.8,11.0,10,角田大河,54.0,芝,1600.0,良,97.8,1.4,10-10,36.2,480.0,0.0,ブルーアイドガール,
2021102629,モズパシュート,2026/07/12,高知,曇,8.0,C1ー2,11,5.0,5,2.9,1.0,10,永森大智,57.0,ダ,1400.0,稍,93.3,2.5,2-5-4-7,42.3,518.0,-6.0,テーオーシリウス,
2021102629,モズパシュート,2026/02/10,高知,小雨,9.0,野根川特別(B),9,7.0,7,8.7,3.0,5,吉原寛人,57.0,ダ,1400.0,良,92.5,2.0,5-5-5-5,40.3,524.0,1.0,ピンシャン,20.0
2021102629,モズパシュート,2026/01/26,高知,晴,9.0,Bー2,7,6.0,6,7.9,3.0,2,吉原寛人,57.0,ダ,1300.0,良,82.5,0.5,1-1-1-1,39.0,523.0,2.0,ルコルセール,48.0
2021102629,モズパシュート,2026/01/01,高知,晴,10.0,オッズパーク特別(B),8,6.0,6,13.7,4.0,6,宮川実,57.0,ダ,1400.0,良,92.4,2.1,2-2-2-4,41.0,521.0,-3.0,ベンダバリラビア,
2021102629,モズパシュート,2025/11/23,高知,晴,9.0,Bー3,10,5.0,5,6.7,3.0,5,宮川実,57.0,ダ,1300.0,良,85.3,0.9,1-1-1-1,40.6,524.0,12.0,ディサーニング,12.0
2021102629,モズパシュート,2025/07/05,高知,晴,8.0,Bー3,10,5.0,5,2.7,2.0,2,井上瑛太,57.0,ダ,1300.0,良,85.0,0.9,1-1-1-1,39.4,512.0,-1.0,ストーミーデイ,48.0
2021102629,モズパシュート,2025/06/21,高知,小雨,9.0,横倉山特別(B),10,3.0,3,21.6,5.0,5,井上瑛太,57.0,ダ,1400.0,稍,90.4,1.5,7-6-6-5,38.8,513.0,-7.0,ミシェラドラータ,20.0
2021102629,モズパシュート,2025/06/07,高知,曇,2.0,アユ特別(B),10,7.0,7,3.1,2.0,2,吉原寛人,57.0,ダ,1400.0,稍,91.3,0.4,3-2-2-1,40.4,520.0,0.0,ストーミーデイ,48.0
2021102629,モズパシュート,2025/05/24,高知,雨,4.0,Bー3,12,4.0,4,3.1,2.0,8,永森大智,57.0,ダ,1400.0,不,89.6,1.9,3-2-2-3,39.9,520.0,5.0,ササヤキ,
2021102629,モズパシュート,2025/01/29,高知,晴,8.0,C1ー2,11,8.0,10,1.7,1.0,1,宮川実,56.0,ダ,1400.0,稍,91.7,-1.0,1-1-1-1,39.8,515.0,3.0,(ハルノインパクト),90.0
2021102629,モズパシュート,2025/01/15,高知,晴,9.0,柏島特別(C1),9,1.0,1,5.1,3.0,5,宮川実,56.0,ダ,1400.0,良,93.7,1.6,4-4-4-3,41.1,512.0,1.0,タマモマスラオ,16.0
2021102629,モズパシュート,2024/12/29,高知,晴,10.0,地球33番地特別(C1),10,4.0,4,3.4,2.0,3,宮川実,56.0,ダ,1400.0,良,93.3,0.5,7-5-6-4,39.6,511.0,1.0,ウインザナドゥ,32.0
2021102629,モズパシュート,2024/12/15,高知,晴,2.0,C1ー4,12,3.0,3,1.2,1.0,1,宮川実,56.0,ダ,1400.0,良,92.6,-0.7,1-1-1-1,40.4,510.0,3.0,(フィリオアレグロ),90.0
2021102629,モズパシュート,2024/11/30,高知,晴,10.0,C2ー2,12,7.0,10,2.0,1.0,1,宮川実,56.0,ダ,1400.0,稍,91.2,-0.3,2-2-2-1,40.5,507.0,-2.0,(イッセーノーデ),70.0
2021102629,モズパシュート,2024/11/16,高知,曇,11.0,紅葉特別(C2),10,4.0,4,4.8,2.0,5,宮川実,56.0,ダ,1600.0,重,108.4,2.5,4-5-3-3,42.8,509.0,-2.0,ミシェラドラータ,13.0
2021102629,モズパシュート,2024/11/02,高知,曇,9.0,C2ー3,11,6.0,8,1.6,1.0,1,宮川実,56.0,ダ,1300.0,不,82.2,-0.5,4-4-4-2,38.6,511.0,-2.0,(メイショウギガース),70.0
2021102629,モズパシュート,2024/10/20,高知,晴,5.0,C3ー2,9,7.0,8,1.3,1.0,1,宮川実,56.0,ダ,1400.0,稍,92.7,-0.3,2-2-2-1,41.8,513.0,4.0,(ブロムベーレ),60.0
2021102629,モズパシュート,2024/10/05,高知,曇,4.0,C3ー2,11,5.0,5,1.4,1.0,2,宮川実,56.0,ダ,1300.0,不,83.0,0.4,2-3-3-3,38.4,509.0,5.0,タマモマスラオ,21.0
2021102629,モズパシュート,2024/08/31,2中京7,小雨,12.0,3歳以上1勝クラス,13,5.0,6,46.0,8.0,10,高倉稜,55.0,ダ,1400.0,不,84.9,1.4,6-6,38.0,504.0,0.0,メイショウミシガン,
2021102629,モズパシュート,2024/06/15,4京都5,曇,12.0,3歳以上1勝クラス,16,1.0,2,43.0,10.0,8,坂井瑠星,55.0,ダ,1200.0,良,72.4,1.1,7-4,37.5,504.0,-8.0,インユアパレス,
2021102629,モズパシュート,2024/03/10,1阪神6,晴,6.0,3歳1勝クラス,14,8.0,13,45.5,7.0,5,亀田温心,57.0,ダ,1400.0,良,85.7,0.9,3-2,38.0,512.0,4.0,ロードフォアエース,78.0
2021102629,モズパシュート,2024/02/11,2京都6,晴,4.0,3歳1勝クラス,9,4.0,4,24.3,6.0,5,高倉稜,57.0,ダ,1400.0,良,86.3,1.6,3-3,38.7,508.0,-4.0,フラムリンガム,78.0
2021102629,モズパシュート,2023/12/17,4中京6,晴,9.0,寒椿賞(1勝クラス),11,8.0,11,30.4,7.0,7,亀田温心,56.0,ダ,1400.0,稍,87.1,1.1,3-5,37.9,512.0,-2.0,ラムジェット,
2021102629,モズパシュート,2023/12/03,5阪神2,晴,6.0,2歳新馬,12,5.0,6,7.0,3.0,1,亀田温心,56.0,ダ,1400.0,良,87.3,-0.3,2-2,39.1,514.0,0.0,(ガーデンカメリア),720.0
2020103619,スティーロポリス,2026/05/31,高知,晴,9.0,C1ー2,10,7.0,7,26.9,9.0,5,岡村卓弥,57.0,ダ,1600.0,稍,107.5,1.3,9-9-9-9,40.3,521.0,17.0,イナズマテーラー,10.0
2020103619,スティーロポリス,2026/05/03,高知,雨,9.0,C1ー3,10,8.0,9,6.5,2.0,10,岡村卓弥,57.0,ダ,1300.0,不,85.6,3.3,1-2-2-5,42.7,504.0,2.0,エイシンオッティモ,
2020103619,スティーロポリス,2026/04/19,高知,曇,10.0,C1ー2,10,7.0,8,41.3,7.0,7,岡村卓弥,57.0,ダ,1400.0,重,91.7,1.8,4-6-7-7,40.3,502.0,-3.0,アメージング,
2020103619,スティーロポリス,2026/04/05,高知,晴,10.0,C1ー2,8,3.0,3,4.9,4.0,7,岡村卓弥,57.0,ダ,1600.0,不,106.0,2.0,6-6-5-5,40.1,505.0,0.0,ネオヒューズ,
2020103619,スティーロポリス,2026/03/25,高知,雨,6.0,C1ー3,11,8.0,12,7.0,3.0,1,多田羅誠,57.0,ダ,1300.0,不,81.8,-0.8,1-2-2-1,37.8,505.0,-5.0,(ツバクロ),90.0
2020103619,スティーロポリス,2026/03/03,高知,曇,8.0,猿田洞特別(C1),11,5.0,5,22.1,5.0,10,岡村卓弥,57.0,ダ,1300.0,不,83.7,1.7,11-10-10-10,38.7,510.0,-3.0,エイブリー,
2020103619,スティーロポリス,2026/02/18,高知,晴,6.0,C1ー3,9,6.0,7,23.3,6.0,2,城野慈尚,56.0,ダ,1400.0,稍,92.6,0.0,3-3-3-2,39.4,513.0,-3.0,ワクワクドリーム,36.0
2020103619,スティーロポリス,2026/02/03,高知,晴,8.0,浦ノ内湾特別(C1),9,8.0,9,26.2,7.0,8,岡村卓弥,57.0,ダ,1600.0,良,108.5,2.4,4-4-5-8,42.8,516.0,3.0,イエデゴロゴロ,
2020103619,スティーロポリス,2026/01/21,高知,晴,6.0,C1ー3,6,1.0,1,3.6,2.0,2,岡村卓弥,57.0,ダ,1300.0,良,84.3,0.2,3-3-3-3,39.4,513.0,-7.0,キャリーハピネス,36.0
2020103619,スティーロポリス,2025/12/29,高知,晴,6.0,C1ー5,11,3.0,3,4.6,3.0,4,岡村卓弥,57.0,ダ,1400.0,良,93.9,0.5,3-3-3-3,39.7,520.0,1.0,レゴリス,13.5
2020103619,スティーロポリス,2025/12/13,高知,小雨,11.0,年の瀬特別(C2),12,3.0,3,29.2,6.0,2,岡村卓弥,57.0,ダ,1400.0,良,93.1,0.5,5-5-7-2,40.0,519.0,3.0,ジャスパージャック,52.0
2020103619,スティーロポリス,2025/11/15,高知,晴,6.0,C2ー6,11,8.0,11,3.5,2.0,1,岡村卓弥,57.0,ダ,1600.0,重,108.3,-0.2,6-6-3-2,39.3,516.0,5.0,(グリントリッター),70.0
2020103619,スティーロポリス,2025/11/01,高知,晴,6.0,C2ー6,10,1.0,1,8.2,3.0,4,岡村卓弥,57.0,ダ,1300.0,不,85.0,0.7,6-5-5-5,39.4,511.0,-1.0,イエルバブエナ,10.5
2020103619,スティーロポリス,2025/10/18,高知,曇,4.0,新高梨特別(C2),12,4.0,4,7.4,3.0,3,岡村卓弥,57.0,ダ,1400.0,稍,92.8,1.1,6-5-5-3,39.3,512.0,-3.0,ベストディシジョン,17.5
2020103619,スティーロポリス,2025/10/05,高知,晴,9.0,ダリア特別(C3),8,2.0,2,14.5,3.0,3,岡村卓弥,57.0,ダ,1400.0,重,91.3,1.3,3-3-3-3,39.3,515.0,1.0,アティード,27.5
2020103619,スティーロポリス,2025/09/23,高知,曇,2.0,GC開局30周年記念(C3),7,6.0,6,2.2,1.0,3,岡村卓弥,57.0,ダ,1600.0,良,108.7,1.7,2-2-2-3,40.4,514.0,-2.0,シンリンゲンカイ,20.0
2020103619,スティーロポリス,2025/09/06,高知,晴,3.0,徳島県ミルクとすだち(C3),11,6.0,6,1.5,1.0,1,岡村卓弥,57.0,ダ,1300.0,重,84.7,-0.7,4-4-4-3,39.5,516.0,7.0,(ビッキーファースト),60.0
2020103619,スティーロポリス,2025/08/03,高知,晴,4.0,C3ー9,9,4.0,4,1.1,1.0,1,永森大智,57.0,ダ,1400.0,良,91.3,-0.6,7-6-6-3,38.7,509.0,-3.0,(カズラポニアン),60.0
2020103619,スティーロポリス,2025/07/19,高知,晴,5.0,C3ー9,10,8.0,10,2.2,1.0,2,岡村卓弥,57.0,ダ,1300.0,不,83.1,0.5,5-4-4-3,38.8,512.0,-1.0,イエルバブエナ,24.0
2020103619,スティーロポリス,2025/07/05,高知,晴,3.0,C3ー11,9,8.0,8,2.4,2.0,2,岡村卓弥,57.0,ダ,1600.0,良,108.7,0.5,3-4-4-4,39.6,513.0,6.0,クリノドラゴン,24.0
2020103619,スティーロポリス,2025/06/22,高知,曇,8.0,C3ー12,11,3.0,3,2.4,1.0,1,岡村卓弥,57.0,ダ,1400.0,重,89.9,-0.4,4-4-4-3,38.4,507.0,-5.0,(イエルバブエナ),60.0
2020103619,スティーロポリス,2025/06/08,高知,小雨,6.0,C3ー15,10,3.0,3,3.4,2.0,2,岡村卓弥,57.0,ダ,1300.0,稍,83.5,0.5,4-3-3-2,38.6,512.0,-2.0,アティード,24.0
2020103619,スティーロポリス,2025/05/25,高知,晴,3.0,C3ー16,10,2.0,2,9.8,5.0,2,岡村卓弥,57.0,ダ,1400.0,不,90.8,0.3,3-2-3-1,39.1,514.0,6.0,クリノドラゴン,24.0
2020103619,スティーロポリス,2025/04/20,2阪神8,曇,8.0,4歳以上1勝クラス,13,7.0,11,63.7,12.0,10,酒井学,58.0,ダ,1800.0,良,116.2,2.8,9-9-9-11,40.8,508.0,-8.0,アラナコア,
2020103619,スティーロポリス,2025/02/15,1京都5,晴,8.0,4歳以上1勝クラス,12,7.0,10,58.1,8.0,8,幸英明,58.0,ダ,1900.0,良,122.3,2.0,5-5-4-3,39.5,516.0,14.0,ダブルジャッジ,
2020103619,スティーロポリス,2024/09/29,3中京9,曇,4.0,3歳以上1勝クラス,9,4.0,4,27.9,6.0,6,幸英明,58.0,ダ,1900.0,重,120.4,1.3,6-5-6-6,37.8,502.0,-12.0,アルベリック,
2020103619,スティーロポリス,2024/07/28,1札幌4,曇,6.0,3歳以上1勝クラス,14,8.0,13,52.5,9.0,12,鮫島克駿,58.0,ダ,1700.0,不,106.2,2.1,4-4-4-6,38.5,514.0,-10.0,ミッキーラッキー,
2020103619,スティーロポリス,2024/07/06,1函館9,曇,9.0,北斗特別(1勝クラス),11,5.0,5,166.1,11.0,10,富田暁,58.0,芝,2000.0,良,123.7,1.5,6-6-5-9,37.6,524.0,34.0,ブラックヴァール,
2020103619,スティーロポリス,2023/11/04,3京都1,晴,7.0,3歳以上1勝クラス,11,1.0,1,70.7,10.0,11,鮫島克駿,56.0,芝,2200.0,良,136.3,4.2,3-3-5-6,38.1,490.0,-16.0,ジューンアヲニヨシ,
2020103619,スティーロポリス,2023/06/25,1函館6,晴,7.0,3歳以上1勝クラス,9,6.0,6,19.4,7.0,9,角田大和,53.0,芝,2600.0,良,175.0,13.1,3-3-9-9,47.9,506.0,0.0,サトノミスチーフ,
2020103619,スティーロポリス,2023/06/10,1函館1,晴,9.0,駒ケ岳特別(1勝クラス),8,3.0,3,5.4,3.0,8,横山武史,54.0,芝,2600.0,良,166.0,3.6,4-4-4-6,39.1,506.0,12.0,ダノンジャッカル,
2020103619,スティーロポリス,2023/03/18,1阪神11,曇,5.0,3歳未勝利,9,1.0,1,3.6,3.0,1,松山弘平,56.0,芝,2400.0,重,148.7,0.0,4-4-4-4,36.0,494.0,-4.0,(トラストエムシー),550.0
2020103619,スティーロポリス,2023/02/18,1阪神3,曇,6.0,3歳未勝利,15,8.0,15,12.6,4.0,3,ムルザバ,56.0,芝,2400.0,良,148.5,0.1,9-9-8-7,33.8,498.0,-8.0,ウインルーティン,140.0
2020103619,スティーロポリス,2022/12/11,6阪神4,晴,3.0,2歳未勝利,15,4.0,6,19.9,6.0,5,イーガン,55.0,芝,1800.0,良,108.3,1.1,7-8,35.8,506.0,6.0,サトノグランツ,52.0
2020103619,スティーロポリス,2022/08/27,4小倉5,晴,5.0,2歳新馬,9,5.0,5,2.6,1.0,9,鮫島克駿,54.0,芝,2000.0,良,125.2,2.3,5-5-5-7,37.3,500.0,0.0,スカパラダイス,
2022105278,アリアルブラック,2026/07/12,高知,曇,9.0,柏島特別(C1),12,2.0,2,37.5,8.0,12,阿部基嗣,55.0,ダ,1400.0,稍,93.7,3.7,7-7-10-11,40.9,503.0,-1.0,ウィズユアドリーム,
2022105278,アリアルブラック,2026/06/28,高知,曇,9.0,C1ー2,10,1.0,1,50.5,7.0,3,阿部基嗣,55.0,ダ,1600.0,不,106.9,0.2,2-2-2-2,40.9,504.0,-4.0,マジックタッチ,30.0
2022105278,アリアルブラック,2026/06/14,高知,曇,9.0,C1ー2,9,3.0,3,14.9,7.0,9,郷間勇太,57.0,ダ,1400.0,重,94.7,3.3,5-5-5-6,42.7,508.0,8.0,ムサシフウジン,
2022105278,アリアルブラック,2026/05/17,高知,晴,10.0,C1ー2,10,1.0,1,7.4,4.0,7,山崎雅由,57.0,ダ,1400.0,良,93.5,0.8,2-2-2-2,42.4,500.0,-2.0,シンデレラスマイル,
2022105278,アリアルブラック,2026/05/03,高知,雨,10.0,C1ー2,11,1.0,1,3.8,2.0,11,永森大智,57.0,ダ,1300.0,不,85.6,4.7,2-3-3-6,42.6,502.0,3.0,イモータルウインド,
2022105278,アリアルブラック,2026/04/19,高知,曇,12.0,ファイナルレース(C1),12,8.0,12,3.1,1.0,2,阿部基嗣,55.0,ダ,1400.0,重,90.5,0.4,1-2-2-2,39.9,499.0,-2.0,ジークシュベルト,40.0
2022105278,アリアルブラック,2026/04/05,高知,晴,9.0,C1ー3,8,6.0,6,6.7,2.0,4,畑中信司,57.0,ダ,1600.0,不,105.4,1.0,3-3-3-3,39.7,501.0,-4.0,モノノフブルー,20.0
2022105278,アリアルブラック,2026/03/11,高知,晴,9.0,生見海岸特別(C1),8,6.0,6,11.8,5.0,2,阿部基嗣,55.0,ダ,1400.0,稍,91.8,0.5,4-4-2-2,39.6,505.0,1.0,スピードイエロー,64.0
2022105278,アリアルブラック,2026/03/03,高知,曇,6.0,C1ー3,9,8.0,9,1.4,1.0,2,吉原寛人,57.0,ダ,1300.0,不,82.7,0.1,1-1-1-1,37.9,504.0,8.0,セイウンガレオン,36.0
2022105278,アリアルブラック,2026/02/18,高知,晴,8.0,咸陽島特別(C1),11,8.0,10,14.4,5.0,5,井上瑛太,57.0,ダ,1400.0,稍,92.2,0.4,2-2-2-3,40.5,496.0,-7.0,モルフェウス,16.0
2022105278,アリアルブラック,2026/02/02,高知,晴,5.0,C1C2混合,7,5.0,5,10.8,2.0,2,阿部基嗣,55.0,ダ,1400.0,良,91.6,1.4,3-3-3-2,39.4,503.0,5.0,スカンジナビア,36.0
2022105278,アリアルブラック,2026/01/20,高知,晴,4.0,全日本新人王争覇戦第(C3),11,5.0,5,2.0,1.0,1,野畑凌,57.0,ダ,1400.0,良,94.0,-0.2,3-1-1-1,41.6,498.0,0.0,(エコロマーベリック),180.0
2022105278,アリアルブラック,2025/12/31,高知,晴,6.0,C3ー2,11,1.0,1,12.0,4.0,2,井上瑛太,57.0,ダ,1400.0,良,93.4,0.6,1-1-1-1,40.5,498.0,3.0,ダノンウィルヘルム,24.0
2022105278,アリアルブラック,2025/12/14,高知,晴,8.0,C3ー4,9,4.0,4,20.2,5.0,3,畑中信司,57.0,ダ,1300.0,稍,85.7,1.6,1-2-2-2,41.3,495.0,0.0,ロードフロイデ,15.0
2022105278,アリアルブラック,2025/11/29,高知,晴,9.0,C3ー4,10,2.0,2,12.8,3.0,6,畑中信司,57.0,ダ,1300.0,良,87.6,3.3,10-10-10-9,40.2,495.0,-6.0,スカンジナビア,
2022105278,アリアルブラック,2025/11/16,高知,晴,10.0,ポインセチア特別(C3),8,4.0,4,6.6,5.0,7,井上瑛太,57.0,ダ,1600.0,稍,108.4,2.5,1-1-1-2,41.3,501.0,13.0,ホワイトヘッド,
2022105278,アリアルブラック,2025/10/25,高知,小雨,9.0,C3ー6,10,7.0,8,3.7,2.0,1,井上瑛太,57.0,ダ,1300.0,不,84.7,-0.5,1-1-1-1,39.4,488.0,-13.0,(シャドウマッドネス),60.0
2022105278,アリアルブラック,2025/10/11,高知,曇,7.0,C3ー8,9,1.0,1,1.6,1.0,2,井上瑛太,57.0,ダ,1600.0,稍,109.5,1.1,1-1-1-1,42.0,501.0,11.0,テーオーエメラルド,24.0
2022105278,アリアルブラック,2025/09/07,4中山2,晴,2.0,3歳未勝利,16,3.0,6,17.0,6.0,15,吉田豊,57.0,芝,1600.0,良,94.9,1.8,1-2-2,36.4,490.0,-4.0,キアラメンテ,
2022105278,アリアルブラック,2025/08/02,2新潟3,晴,11.0,3歳未勝利,17,3.0,5,43.7,10.0,8,木幡巧也,57.0,芝,1600.0,良,93.5,0.8,2-2,35.4,494.0,-6.0,アンダーザライト,
2022105278,アリアルブラック,2025/06/15,3東京4,曇,3.0,3歳未勝利,16,6.0,11,20.8,6.0,6,田辺裕信,57.0,ダ,1600.0,重,97.5,1.1,5-4,37.6,500.0,8.0,ハクシンブライアン,
2022105278,アリアルブラック,2025/05/18,2東京8,晴,1.0,3歳未勝利,16,5.0,9,6.3,4.0,10,坂井瑠星,57.0,ダ,1400.0,重,85.5,0.6,9-10,36.3,492.0,-4.0,ブリックンクリック,
2022105278,アリアルブラック,2025/04/26,2東京1,曇,2.0,3歳未勝利,16,6.0,12,8.2,3.0,7,菅原明良,57.0,ダ,1400.0,稍,86.4,0.6,12-13,36.3,496.0,2.0,アイアムイチバン,
2022105278,アリアルブラック,2025/02/15,1東京5,晴,1.0,3歳未勝利,16,4.0,7,7.8,3.0,5,菅原明良,57.0,ダ,1400.0,良,88.0,0.4,6-6,38.4,494.0,0.0,マイネルブリオン,56.0
2022105278,アリアルブラック,2025/02/08,1東京3,晴,2.0,3歳未勝利,16,2.0,3,5.3,2.0,2,菅原明良,57.0,ダ,1300.0,良,81.1,0.1,10-6,37.9,494.0,-6.0,エポカスピーガ,220.0
2022105278,アリアルブラック,2025/01/12,1中山4,曇,3.0,3歳未勝利,16,7.0,13,7.1,3.0,5,菅原明良,57.0,ダ,1200.0,良,73.8,0.7,6-8,38.5,500.0,4.0,クラウンウルル,56.0
2022105278,アリアルブラック,2024/12/07,5中山3,晴,2.0,2歳未勝利,12,8.0,12,5.5,3.0,8,マーカン,56.0,ダ,1800.0,良,117.4,2.3,2-2-2-3,41.3,496.0,-2.0,ルグランヴァン,
2022105278,アリアルブラック,2024/11/16,5東京5,曇,3.0,2歳未勝利,16,4.0,8,5.9,3.0,6,西村淳也,56.0,ダ,1600.0,良,100.6,1.4,1-1,39.2,498.0,-2.0,エンプレスフレーム,
2022105278,アリアルブラック,2024/11/02,3福島1,雨,3.0,2歳未勝利,16,3.0,6,5.3,3.0,7,斎藤新,56.0,芝,1800.0,稍,110.3,0.9,9-10-8-6,36.5,500.0,18.0,サノノロンドン,
2022105278,アリアルブラック,2024/07/06,2福島3,曇,5.0,2歳新馬,14,6.0,9,5.3,2.0,3,吉田豊,55.0,芝,1800.0,良,112.7,0.6,2-4-3-3,35.8,482.0,0.0,マーズオデッセイ,180.0
2021105965,ダノンマカルー,2025/11/08,高知,晴,4.0,Bー2,11,1.0,1,22.8,4.0,8,石本純也,57.0,ダ,1400.0,稍,93.1,2.5,10-10-9-9,39.7,534.0,8.0,ディサーニング,
2021105965,ダノンマカルー,2025/10/25,高知,曇,4.0,Bー2,10,7.0,7,104.7,7.0,7,永森大智,57.0,ダ,1300.0,不,84.1,1.8,10-10-10-8,37.7,526.0,4.0,ピンシャン,
2021105965,ダノンマカルー,2025/10/11,高知,雨,10.0,Bー2,8,4.0,4,9.6,4.0,7,岡村卓弥,57.0,ダ,1600.0,稍,109.7,3.6,4-4-3-4,42.7,522.0,-7.0,ローズボウル,
2021105965,ダノンマカルー,2025/09/27,高知,曇,9.0,Bー2,10,7.0,7,12.9,4.0,10,岡村卓弥,57.0,ダ,1400.0,不,94.3,3.5,4-3-3-6,41.9,529.0,6.0,ビオグラフィア,
2021105965,ダノンマカルー,2025/09/07,高知,晴,10.0,琴ヶ浜特別(C1),10,3.0,3,9.2,4.0,1,吉原寛人,57.0,ダ,1600.0,重,105.1,-0.4,3-3-3-1,38.6,523.0,4.0,(ヴアーサ),120.0
2021105965,ダノンマカルー,2025/07/27,高知,晴,4.0,C1ー3,11,2.0,2,6.3,3.0,3,郷間勇太,57.0,ダ,1400.0,稍,90.9,1.0,7-7-4-4,39.1,519.0,-2.0,ラプラス,22.5
2021105965,ダノンマカルー,2025/07/13,高知,曇,11.0,安芸の野良時計特別(C1),7,2.0,2,7.5,4.0,7,仲原大生,57.0,ダ,1600.0,不,109.2,3.7,2-3-3-5,41.2,521.0,4.0,デルマアズラエル,
2021105965,ダノンマカルー,2025/06/29,高知,晴,4.0,C1ー4,12,6.0,7,4.2,3.0,1,城野慈尚,56.0,ダ,1300.0,稍,83.0,0.0,3-5-5-3,38.2,517.0,-11.0,(メトゥス),90.0
2021105965,ダノンマカルー,2025/06/15,高知,晴,3.0,C1ー5,9,5.0,5,5.6,3.0,4,岡村卓弥,57.0,ダ,1400.0,不,89.9,0.9,2-2-2-2,40.6,528.0,6.0,ケイアイメープル,13.5
2021105965,ダノンマカルー,2025/05/04,2東京4,晴,12.0,4歳以上2勝クラス,16,5.0,9,54.7,10.0,12,原優介,58.0,ダ,1300.0,稍,78.5,1.6,5-6,36.6,522.0,-3.0,キュムロンニンバス,
2021105965,ダノンマカルー,2025/03/06,川崎,曇,11.0,ブルートシュタインチ(A2B1),13,6.0,10,2.6,1.0,中,戸崎圭太,57.0,ダ,1500.0,不,,,,,525.0,-3.0,バルミュゼット,
2021105965,ダノンマカルー,2024/12/22,5中山8,晴,8.0,冬至特別(2勝クラス),16,4.0,7,6.3,5.0,6,戸崎圭太,57.0,ダ,1200.0,良,72.3,0.7,10-10,38.0,528.0,8.0,ロードフロンティア,
2021105965,ダノンマカルー,2024/11/30,5中山1,晴,7.0,3歳以上1勝クラス,16,1.0,2,5.6,3.0,1,戸崎圭太,57.0,ダ,1200.0,稍,71.8,-0.1,7-7,36.2,520.0,0.0,(ルージュアズライト),800.0
2021105965,ダノンマカルー,2024/10/05,4東京1,小雨,7.0,3歳以上1勝クラス,16,6.0,11,32.7,9.0,5,戸崎圭太,56.0,ダ,1400.0,重,84.2,0.7,4-4,36.2,520.0,-12.0,ビートエモーション,80.0
2021105965,ダノンマカルー,2024/05/26,2東京12,晴,5.0,3歳1勝クラス,16,1.0,1,7.9,5.0,13,川田将雅,57.0,ダ,1400.0,良,86.2,1.5,4-3,37.7,532.0,-2.0,クインズデネブ,
2021105965,ダノンマカルー,2024/05/05,2東京6,晴,2.0,3歳未勝利,16,8.0,15,2.4,2.0,1,川田将雅,57.0,ダ,1400.0,良,86.3,-0.2,3-3,37.8,534.0,-6.0,(バスターウルフ),550.0
2021105965,ダノンマカルー,2024/04/21,2東京2,晴,2.0,3歳未勝利,16,7.0,13,4.6,3.0,4,戸崎圭太,57.0,ダ,1600.0,良,99.5,0.4,8-8,37.1,540.0,-2.0,ロサンゼルス,83.0
2021105965,ダノンマカルー,2024/01/07,1中山2,曇,3.0,3歳未勝利,15,5.0,9,1.2,1.0,6,横山武史,57.0,ダ,1800.0,良,118.9,1.2,2-2-1-1,41.8,542.0,0.0,ウインイメル,
2021105965,ダノンマカルー,2023/12/16,5中山5,晴,3.0,2歳未勝利,16,5.0,10,2.7,1.0,2,マーカン,56.0,ダ,1800.0,稍,115.3,0.4,3-2-2-2,40.7,542.0,16.0,クラウンシエンタ,220.0
2021105965,ダノンマカルー,2023/08/20,3新潟4,晴,5.0,2歳新馬,16,4.0,8,3.8,2.0,12,津村明秀,55.0,芝,1800.0,良,112.5,2.6,10-9,36.7,526.0,0.0,アドマイヤベル,
2020106593,ジークシュベルト,2026/07/12,高知,曇,6.0,C1ー3,12,1.0,1,22.2,6.0,2.0,阿部基嗣,55.0,ダ,1400.0,稍,90.6,0.3,4-3-3-2,39.2,466.0,2.0,ガラパゴス,40.0
2020106593,ジークシュベルト,2026/06/28,高知,曇,7.0,C1ー4,8,4.0,4,12.2,3.0,5.0,山田義貴,57.0,ダ,1600.0,不,107.2,1.7,7-8-7-7,40.2,464.0,-3.0,ダイヤモンドフジ,10.0
2020106593,ジークシュベルト,2026/05/16,高知,晴,6.0,C1ー4,10,7.0,8,7.3,5.0,3.0,岡村卓弥,57.0,ダ,1400.0,良,93.6,0.5,2-2-1-1,41.0,467.0,-3.0,ベルリネッタ,30.0
2020106593,ジークシュベルト,2026/05/03,高知,雨,11.0,入野海岸特別(C1),11,8.0,11,10.5,4.0,8.0,岡村卓弥,57.0,ダ,1300.0,不,82.9,2.5,10-9-8-6,38.4,470.0,4.0,ソッコータルマカ,
2020106593,ジークシュベルト,2026/04/19,高知,曇,12.0,ファイナルレース(C1),12,3.0,3,9.8,6.0,1.0,岡村卓弥,57.0,ダ,1400.0,重,90.1,-0.4,2-1-1-1,39.7,466.0,-3.0,(アリアルブラック),100.0
2020106593,ジークシュベルト,2026/04/04,高知,雨,4.0,初鰹特別(C1C2),0,8.0,8,,,,永森大智,57.0,ダ,1600.0,不,,,,,468.0,-1.0,,
2020106593,ジークシュベルト,2026/03/25,高知,雨,4.0,C1ー5,11,8.0,11,3.3,2.0,7.0,永森大智,57.0,ダ,1300.0,不,83.6,2.8,4-3-4-5,40.0,469.0,3.0,カイザーブリッツ,
2020106593,ジークシュベルト,2026/03/08,高知,晴,2.0,エクリプス賞受賞記念(C2),10,4.0,4,18.8,6.0,2.0,岡村卓弥,57.0,ダ,1600.0,重,107.2,0.3,3-2-2-2,41.2,466.0,5.0,クリノドラゴン,52.0
2020106593,ジークシュベルト,2026/02/22,高知,曇,7.0,雨水特別(C2),11,8.0,10,6.6,3.0,3.0,永森大智,57.0,ダ,1400.0,良,92.9,0.5,6-6-6-5,40.1,461.0,-4.0,ソッコータルマカ,32.5
2020106593,ジークシュベルト,2026/02/08,高知,雪,4.0,よさこい高知文化祭特(C2),9,8.0,8,16.2,5.0,4.0,岡村卓弥,57.0,ダ,1400.0,良,92.2,0.7,2-2-2-1,40.9,465.0,-1.0,アルデヤーノ,19.5
2020106593,ジークシュベルト,2026/01/25,高知,晴,4.0,C2ー4,9,8.0,8,1.4,1.0,1.0,岡村卓弥,57.0,ダ,1400.0,良,93.0,-0.2,2-2-2-1,39.6,466.0,3.0,(プレストバローズ),70.0
2020106593,ジークシュベルト,2026/01/12,高知,晴,10.0,ハボタン特別(C3),8,4.0,4,8.5,4.0,3.0,岡村卓弥,57.0,ダ,1600.0,良,106.5,0.6,4-4-3-2,39.6,463.0,1.0,スピードイエロー,27.5
2020106593,ジークシュベルト,2025/12/31,高知,晴,4.0,C3ー4,9,3.0,3,2.0,1.0,1.0,岡村卓弥,57.0,ダ,1400.0,良,93.7,-0.5,3-3-3-1,40.4,462.0,-2.0,(エコロマーベリック),60.0
2020106593,ジークシュベルト,2025/12/06,高知,晴,3.0,C3ー11,11,5.0,5,3.4,2.0,3.0,山崎雅由,57.0,ダ,1600.0,良,109.0,0.2,5-4-5-3,41.1,464.0,-1.0,アットワンス,15.0
2020106593,ジークシュベルト,2025/11/23,高知,晴,5.0,C3ー10,10,3.0,3,5.8,2.0,1.0,山崎雅由,57.0,ダ,1600.0,良,108.2,-0.5,4-3-3-3,41.8,465.0,5.0,(ノアプレスリー),60.0
2020106593,ジークシュベルト,2025/11/08,高知,晴,6.0,C3ー9,9,1.0,1,14.5,6.0,4.0,永森大智,57.0,ダ,1400.0,稍,91.9,0.5,3-3-4-4,39.7,460.0,2.0,ボンジュールゼン,9.0
2020106593,ジークシュベルト,2025/10/25,高知,曇,1.0,C3ー13,11,3.0,3,31.1,4.0,8.0,岡村卓弥,57.0,ダ,1600.0,不,109.7,1.6,9-5-6-7,39.4,458.0,-3.0,エイブリー,
2020106593,ジークシュベルト,2025/10/11,高知,曇,5.0,C3ー10,9,6.0,6,3.4,2.0,4.0,岡村卓弥,57.0,ダ,1600.0,稍,110.5,2.0,4-4-4-3,40.4,461.0,-3.0,メイショウヨンク,9.0
2020106593,ジークシュベルト,2025/01/18,1中京6,晴,8.0,4歳以上1勝クラス,16,5.0,10,24.6,9.0,6.0,川端海翼,55.0,ダ,1200.0,良,72.6,0.5,9-9,36.6,464.0,0.0,サクラトップヒル,
2020106593,ジークシュベルト,2025/01/06,1中京2,小雨,8.0,4歳以上1勝クラス,16,5.0,10,24.0,8.0,8.0,吉村誠之,56.0,ダ,1400.0,良,86.0,0.9,9-8,38.1,464.0,2.0,ルディック,
2020106593,ジークシュベルト,2024/12/15,4中京6,晴,7.0,3歳以上1勝クラス,16,1.0,1,54.4,11.0,5.0,横山琉人,57.0,ダ,1400.0,良,84.8,0.3,7-6,37.8,462.0,2.0,レッドフランカー,80.0
2020106593,ジークシュベルト,2024/09/16,3中京5,晴,12.0,3歳以上1勝クラス,12,4.0,4,35.0,7.0,5.0,高杉吏麒,55.0,ダ,1200.0,良,71.9,1.4,8-9,36.8,460.0,-12.0,フェンダー,80.0
2020106593,ジークシュベルト,2024/09/01,2中京8,曇,8.0,3歳以上1勝クラス,18,3.0,5,53.1,12.0,15.0,永島まな,56.0,芝,1400.0,重,82.2,1.0,4-3,35.5,472.0,2.0,ジュンヴァンケット,
2020106593,ジークシュベルト,2024/06/02,4京都2,雨,12.0,3歳以上1勝クラス,16,7.0,14,165.4,16.0,3.0,高杉吏麒,55.0,芝,1400.0,稍,83.1,0.4,8-8,35.3,470.0,0.0,メイショウコギク,200.0
2020106593,ジークシュベルト,2024/05/19,3京都10,小雨,8.0,4歳以上1勝クラス,17,2.0,3,165.7,17.0,10.0,高杉吏麒,55.0,芝,1600.0,良,94.1,0.9,16-14,34.4,470.0,2.0,サクセスアイ,
2020106593,ジークシュベルト,2024/05/05,3京都6,晴,7.0,4歳以上1勝クラス,9,3.0,3,215.9,9.0,7.0,吉村誠之,55.0,芝,1600.0,良,95.2,1.2,4-5,35.5,468.0,-2.0,モズアンタレス,
2020106593,ジークシュベルト,2024/02/04,1小倉8,曇,9.0,合馬特別(1勝クラス),11,5.0,5,330.9,11.0,11.0,秋山稔樹,57.0,芝,1800.0,重,113.3,3.3,6-6-8-11,39.3,470.0,8.0,ロードマンハイム,
2020106593,ジークシュベルト,2024/01/14,1小倉2,晴,12.0,4歳以上1勝クラス,17,1.0,2,95.1,17.0,17.0,藤懸貴志,58.0,芝,1200.0,良,69.3,1.4,7-7,35.9,462.0,-4.0,ニシノコウダイ,
2020106593,ジークシュベルト,2023/12/16,4中京5,曇,12.0,3歳以上1勝クラス,18,8.0,16,246.8,17.0,13.0,斎藤新,57.0,芝,1400.0,稍,82.4,0.8,2-3,35.7,466.0,1.0,リュミエールノワル,
2020106593,ジークシュベルト,2023/10/31,金沢,曇,8.0,加賀白山賞(A2B1),11,7.0,8,10.7,6.0,3.0,永島まな,52.0,ダ,1500.0,稍,93.7,0.6,1-1-1-2,38.0,465.0,17.0,テイエムファルコン,13.6
2020106593,ジークシュベルト,2023/06/25,3阪神8,曇,7.0,3歳以上1勝クラス,10,7.0,8,35.3,7.0,10.0,Ｍ．デム,54.0,芝,2200.0,良,136.0,3.3,4-5-4-10,39.1,448.0,-4.0,プリマヴィータ,
2020106593,ジークシュベルト,2023/06/11,3阪神4,曇,12.0,3歳以上1勝クラス,15,3.0,5,71.1,11.0,13.0,菱田裕二,55.0,芝,1400.0,稍,82.8,0.9,7-9,36.6,452.0,6.0,マチカゼ,
2020106593,ジークシュベルト,2023/04/01,2阪神3,晴,5.0,3歳1勝クラス,9,6.0,6,148.7,9.0,8.0,菱田裕二,56.0,ダ,1800.0,良,115.9,2.2,1-1-2-4,41.3,446.0,-4.0,マテンロウガイ,
2020106593,ジークシュベルト,2023/03/12,1阪神10,晴,5.0,3歳1勝クラス,16,1.0,1,243.8,14.0,12.0,菱田裕二,56.0,ダ,1400.0,良,87.4,1.9,6-7,39.6,450.0,-6.0,モックモック,
2020106593,ジークシュベルト,2023/02/15,名古屋,晴,5.0,名古屋CCストロベリ(3歳),10,3.0,3,2.6,2.0,1.0,今村聖奈,53.0,ダ,1500.0,重,97.5,-0.1,1-1-1,40.2,456.0,8.0,(ダディーズラビング),62.0
2020106593,ジークシュベルト,2023/01/14,1中京5,小雨,5.0,3歳未勝利,18,8.0,17,56.7,11.0,8.0,菱田裕二,56.0,芝,1400.0,重,84.7,1.2,16-15,36.3,448.0,-4.0,アスクビートルズ,
2020106593,ジークシュベルト,2022/12/17,6中京5,曇,4.0,2歳未勝利,16,2.0,3,81.6,10.0,6.0,菱田裕二,55.0,芝,1600.0,良,95.5,0.8,1-1-1,36.2,452.0,0.0,ハッピーパンニャ,
2020106593,ジークシュベルト,2022/10/16,4新潟2,晴,1.0,2歳未勝利,16,6.0,11,13.9,4.0,12.0,菱田裕二,55.0,芝,1200.0,良,70.4,1.7,5-6,36.0,452.0,16.0,ダンシングニードル,
2020106593,ジークシュベルト,2022/09/10,5中京1,晴,3.0,2歳新馬,9,8.0,8,29.6,7.0,3.0,藤岡康太,54.0,芝,1400.0,稍,82.7,0.5,1-1,35.1,436.0,0.0,ティニア,180.0
2019101446,ワンリオン,2026/07/12,高知,曇,8.0,C1ー2,11,4.0,4,57.8,9.0,8,佐原秀泰,57.0,ダ,1400.0,稍,92.4,1.6,7-7-7-3,41.0,497.0,1.0,テーオーシリウス,
2019101446,ワンリオン,2026/06/28,高知,曇,9.0,C1ー2,10,3.0,3,129.6,10.0,4,佐原秀泰,57.0,ダ,1600.0,不,107.1,0.4,5-5-5-4,40.8,496.0,-1.0,マジックタッチ,20.0
2019101446,ワンリオン,2026/06/14,高知,曇,11.0,ファイナルレース(C1),12,3.0,3,7.2,5.0,4,岡遼太郎,57.0,ダ,1400.0,重,92.4,1.2,6-5-6-4,40.9,497.0,0.0,ディベルティール,20.0
2019101446,ワンリオン,2026/05/31,高知,晴,9.0,C1ー2,10,8.0,9,14.6,6.0,10,宮川実,57.0,ダ,1600.0,稍,109.0,2.8,3-3-2-6,43.2,497.0,0.0,イナズマテーラー,
2019101446,ワンリオン,2026/05/17,高知,晴,12.0,ファイナルレース(C1),12,2.0,2,3.8,2.0,8,多田羅誠,57.0,ダ,1400.0,良,94.7,1.0,5-5-5-4,42.2,497.0,-6.0,ハルノサムソン,
2019101446,ワンリオン,2026/05/03,高知,雨,9.0,C1ー3,10,7.0,8,16.3,5.0,5,宮川実,57.0,ダ,1300.0,不,83.3,1.0,1-1-1-1,40.8,503.0,1.0,エイシンオッティモ,10.0
2019101446,ワンリオン,2026/04/19,高知,曇,12.0,ファイナルレース(C1),12,5.0,6,7.8,3.0,5,宮川実,57.0,ダ,1400.0,重,91.3,1.2,11-11-10-10,39.6,502.0,-4.0,ジークシュベルト,10.0
2019101446,ワンリオン,2026/04/05,高知,晴,10.0,C1ー2,8,4.0,4,12.8,6.0,5,郷間勇太,57.0,ダ,1600.0,不,105.6,1.6,3-3-2-4,40.2,506.0,-2.0,ネオヒューズ,10.0
2019101446,ワンリオン,2026/03/18,高知,雨,6.0,C1ー2,9,3.0,3,6.9,4.0,6,宮川実,57.0,ダ,1600.0,重,108.2,1.0,7-6-6-4,41.6,508.0,2.0,ペプチドヒナタ,
2019101446,ワンリオン,2026/03/03,高知,曇,8.0,猿田洞特別(C1),11,7.0,8,8.6,3.0,6,吉原寛人,57.0,ダ,1300.0,不,82.8,0.8,8-7-7-7,38.5,506.0,1.0,エイブリー,
2019101446,ワンリオン,2026/02/18,高知,晴,8.0,咸陽島特別(C1),11,5.0,5,5.9,4.0,3,宮川実,57.0,ダ,1400.0,稍,92.0,0.2,8-8-8-4,39.6,505.0,-2.0,モルフェウス,40.0
2019101446,ワンリオン,2026/02/03,高知,晴,9.0,ファイナルレース(C1),11,6.0,7,3.5,1.0,1,吉原寛人,57.0,ダ,1400.0,良,90.8,-0.1,1-1-1-1,40.0,507.0,-1.0,(ツヴァイシュテルネ),90.0
2019101446,ワンリオン,2026/01/27,高知,晴,7.0,C1ー3,11,6.0,7,12.5,4.0,5,上田将司,57.0,ダ,1400.0,良,91.6,0.6,8-8-6-6,39.3,508.0,1.0,メイショウシロガネ,9.0
2019101446,ワンリオン,2025/12/29,高知,晴,8.0,C1ー4,12,1.0,1,13.6,6.0,4,上田将司,57.0,ダ,1400.0,良,92.3,0.8,8-6-5-3,39.8,507.0,-5.0,ビステル,13.5
2019101446,ワンリオン,2025/12/14,高知,晴,3.0,C1ー5,11,7.0,9,3.6,2.0,8,上田将司,57.0,ダ,1400.0,稍,92.9,1.3,7-7-7-7,40.3,512.0,6.0,ゴールドイーグル,
2019101446,ワンリオン,2025/11/16,高知,晴,11.0,中津渓谷特別(C1),9,8.0,8,112.6,8.0,5,上田将司,57.0,ダ,1300.0,稍,82.8,0.3,8-8-7-6,38.7,506.0,3.0,グランレザンドール,16.0
2019101446,ワンリオン,2025/11/02,高知,曇,5.0,C1ー5,12,3.0,3,23.9,9.0,2,上田将司,57.0,ダ,1400.0,重,91.2,0.6,10-10-7-6,38.6,503.0,-7.0,モズイージス,36.0
2019101446,ワンリオン,2025/10/19,高知,曇,4.0,C1ー5,9,5.0,5,4.5,3.0,4,上田将司,57.0,ダ,1600.0,稍,108.0,0.5,4-3-3-2,40.3,510.0,2.0,フクノルッカ,13.5
2019101446,ワンリオン,2025/10/04,高知,曇,10.0,スポーツの秋特別(C2),9,5.0,5,15.2,5.0,3,上田将司,57.0,ダ,1600.0,重,106.6,0.4,8-8-6-4,41.0,508.0,-5.0,モズイージス,32.5
2019101446,ワンリオン,2025/09/21,高知,晴,6.0,C2ー5,12,8.0,11,9.4,3.0,1,上田将司,57.0,ダ,1300.0,稍,85.6,0.0,9-7-7-4,40.1,513.0,9.0,(サラフォーコン),70.0
2019101446,ワンリオン,2025/09/06,高知,晴,12.0,ファイナルレース(C2),11,4.0,4,5.0,3.0,3,上田将司,57.0,ダ,1400.0,重,92.0,1.1,2-2-2-2,41.1,504.0,-1.0,ダノンアーリー,17.5
2019101446,ワンリオン,2025/07/27,高知,晴,3.0,C2ー6,11,2.0,2,4.4,3.0,2,上田将司,57.0,ダ,1600.0,稍,107.3,0.0,3-3-3-2,38.5,505.0,2.0,ダノンアーリー,28.0
2019101446,ワンリオン,2025/07/13,高知,曇,10.0,ハマユウ特別(C3),9,5.0,5,13.0,3.0,4,上田将司,57.0,ダ,1400.0,不,91.3,1.4,6-6-6-6,39.4,503.0,-5.0,スカイライト,16.5
2019101446,ワンリオン,2025/06/29,高知,晴,7.0,C3ー3,10,1.0,1,5.1,2.0,2,上田将司,57.0,ダ,1600.0,稍,106.4,0.1,5-4-5-4,38.5,508.0,-3.0,パシュミナ,24.0
2019101446,ワンリオン,2025/06/15,高知,晴,10.0,アジサイ特別(C3),7,6.0,6,8.7,5.0,7,上田将司,57.0,ダ,1300.0,不,84.2,1.7,7-7-5-7,39.8,511.0,-4.0,ミニーバローズ,
2019101446,ワンリオン,2025/05/18,高知,曇,6.0,アヤメ特別(C3),9,1.0,1,5.0,3.0,2,上田将司,57.0,ダ,1600.0,不,104.1,0.2,5-5-6-3,37.4,515.0,-2.0,フクノルッカ,44.0
2019101446,ワンリオン,2025/04/26,高知,晴,7.0,C3ー12,10,7.0,7,6.2,2.0,1,郷間勇太,57.0,ダ,1400.0,重,92.8,-0.3,6-6-5-3,41.1,517.0,0.0,(アーサーテソーロ),60.0
2019101446,ワンリオン,2025/04/12,高知,晴,5.0,C3ー12,11,3.0,3,2.3,1.0,4,郷間勇太,57.0,ダ,1300.0,稍,87.3,1.3,5-4-3-4,41.0,517.0,19.0,アウゲンブリック,9.0
2019101446,ワンリオン,2025/02/22,1小倉9,晴,9.0,秋吉台特別(1勝クラス),18,6.0,11,49.3,15.0,8,国分恭介,58.0,芝,1200.0,良,69.1,0.8,18-18,33.2,498.0,-8.0,レッドエヴァンス,
2019101446,ワンリオン,2025/01/12,1中京4,曇,8.0,4歳以上1勝クラス,16,6.0,11,92.3,15.0,14,亀田温心,58.0,ダ,1200.0,良,74.1,1.9,13-13,36.7,506.0,0.0,マイネルフォーコン,
2019101446,ワンリオン,2024/12/15,4中京6,晴,2.0,3歳以上1勝クラス,16,7.0,13,45.1,11.0,9,亀田温心,58.0,ダ,1200.0,良,73.2,1.7,16-16,36.8,506.0,20.0,メイショウキルギス,
2019101446,ワンリオン,2024/10/12,4新潟3,晴,9.0,朝日岳特別(1勝クラス),18,3.0,6,36.4,10.0,10,松岡正海,58.0,芝,1200.0,良,69.5,1.0,15-15,33.5,486.0,0.0,ゴールドスター,
2019101446,ワンリオン,2024/07/14,1函館12,晴,8.0,3歳以上1勝クラス,15,6.0,11,29.8,10.0,6,小林勝太,55.0,芝,1200.0,良,69.2,0.2,12-11,34.0,486.0,4.0,アコルダール,
2019101446,ワンリオン,2024/07/07,1函館10,曇,12.0,3歳以上1勝クラス,9,7.0,7,7.1,4.0,4,小林勝太,55.0,芝,1200.0,稍,71.7,0.3,6-5,35.3,482.0,-6.0,ハッピーロンドン,120.0
2019101446,ワンリオン,2024/06/22,1函館5,曇,7.0,3歳以上1勝クラス,7,7.0,7,8.5,5.0,3,長浜鴻緒,55.0,芝,1200.0,良,69.3,0.1,4-4,34.8,488.0,6.0,ゴールドサーベル,200.0
2019101446,ワンリオン,2024/06/16,1函館4,曇,8.0,3歳以上1勝クラス,14,1.0,1,26.0,7.0,6,長浜鴻緒,55.0,芝,1200.0,良,69.1,0.3,13-12,33.9,482.0,-6.0,スイミーユニバンス,
2019101446,ワンリオン,2024/06/09,1函館2,小雨,8.0,3歳以上1勝クラス,13,2.0,2,63.4,10.0,8,亀田温心,58.0,芝,1200.0,良,69.2,0.4,12-12,34.4,488.0,-12.0,クファシル,
2019101446,ワンリオン,2024/03/03,2小倉8,曇,7.0,4歳以上1勝クラス,16,1.0,2,51.4,11.0,9,古川吉洋,58.0,芝,1200.0,稍,70.2,1.0,11-11,34.8,500.0,2.0,ディオアステリア,
2019101446,ワンリオン,2024/02/24,2小倉5,晴,12.0,4歳以上1勝クラス,18,1.0,1,14.2,5.0,8,亀田温心,58.0,芝,1200.0,稍,69.8,0.5,13-12,34.7,498.0,6.0,マテンロウボンド,
2019101446,ワンリオン,2024/02/10,2小倉1,晴,12.0,4歳以上1勝クラス,18,7.0,13,113.9,16.0,3,秋山稔樹,57.0,芝,1200.0,良,68.5,0.8,18-17,33.2,492.0,4.0,リシャールケリー,200.0
2019101446,ワンリオン,2023/12/17,4中京6,晴,8.0,3歳以上1勝クラス,16,5.0,10,336.0,16.0,12,亀田温心,58.0,芝,1600.0,良,95.6,1.2,15-15-14,34.6,488.0,4.0,タシット,
2019101446,ワンリオン,2023/11/18,3京都5,晴,12.0,3歳以上1勝クラス,14,5.0,8,245.9,13.0,11,松岡正海,58.0,芝,1600.0,稍,96.5,2.1,10-11,35.5,484.0,12.0,テンノメッセージ,
2019101446,ワンリオン,2023/09/24,4阪神7,晴,7.0,3歳以上1勝クラス,18,7.0,13,163.1,17.0,9,松田大作,58.0,芝,1400.0,良,81.2,0.8,15-15,34.7,472.0,-6.0,シンプリーオーサム,
2019101446,ワンリオン,2023/08/27,2札幌6,雨,8.0,3歳以上1勝クラス,14,8.0,13,173.6,14.0,6,亀田温心,58.0,芝,1500.0,重,91.7,0.7,14-13-11,36.8,478.0,4.0,セーヌドゥレーヴ,
2019101446,ワンリオン,2023/06/24,3阪神7,曇,8.0,3歳以上1勝クラス,15,7.0,12,252.8,13.0,11,高倉稜,58.0,芝,1400.0,良,83.1,1.8,13-14,35.6,474.0,6.0,アスクビギンアゲン,
2019101446,ワンリオン,2022/11/05,5東京1,晴,8.0,3歳以上1勝クラス,16,6.0,11,48.5,13.0,14,北村宏司,56.0,ダ,1300.0,良,79.8,1.3,12-10,37.5,468.0,-22.0,アーサーテソーロ,
2019101446,ワンリオン,2022/09/30,園田,晴,9.0,C1,11,7.0,9,4.0,2.0,1,吉村智洋,55.0,ダ,1400.0,稍,90.8,-0.2,11-11-8-4,38.2,490.0,5.0,(トレーネ),100.0
2019101446,ワンリオン,2022/09/08,園田,曇,4.0,C2二,10,4.0,4,1.6,1.0,1,吉村智洋,55.0,ダ,1400.0,良,91.5,0.0,3-3-2-2,39.5,485.0,-5.0,(ヨシノリッキー),60.0
2019101446,ワンリオン,2022/08/06,1札幌5,曇,3.0,3歳未勝利,16,8.0,16,8.1,5.0,12,横山琉人,54.0,芝,1200.0,良,71.1,1.4,7-6,35.7,490.0,0.0,イラーレ,
2019101446,ワンリオン,2022/07/16,1函館11,曇,3.0,3歳未勝利,16,4.0,8,4.6,2.0,2,横山琉人,53.0,芝,1200.0,稍,70.9,0.0,7-6,35.7,490.0,-4.0,シンゼンコイチャン,210.0
2019101446,ワンリオン,2022/07/10,1函館10,晴,4.0,3歳未勝利,16,3.0,5,8.1,4.0,3,横山琉人,53.0,芝,1200.0,良,70.3,0.1,5-5,35.2,494.0,4.0,チャオバンビーナ,130.0
2019101446,ワンリオン,2022/06/26,1函館6,曇,1.0,3歳未勝利,16,6.0,11,7.1,4.0,3,横山琉人,53.0,芝,1200.0,良,70.1,0.6,5-5,35.8,490.0,8.0,ヒルノローザンヌ,130.0
2019101446,ワンリオン,2022/05/29,1新潟8,晴,2.0,3歳未勝利,16,3.0,6,5.0,3.0,5,西村淳也,56.0,芝,1200.0,良,70.2,0.3,5-3,36.1,482.0,0.0,タイキバンディエラ,52.0
2019101446,ワンリオン,2022/05/01,1福島6,曇,5.0,3歳未勝利,16,2.0,4,10.1,4.0,2,西村淳也,56.0,芝,1200.0,稍,70.5,0.3,7-3,35.4,482.0,-10.0,ウインクルシャープ,210.0
2019101446,ワンリオン,2022/02/27,1阪神6,晴,3.0,3歳未勝利,13,4.0,5,4.2,2.0,6,福永祐一,56.0,ダ,1400.0,良,87.2,0.7,7-7,39.6,492.0,-2.0,ルージュルミナス,
2019101446,ワンリオン,2022/02/06,1中京12,小雪,1.0,3歳未勝利,16,6.0,11,4.4,2.0,5,福永祐一,56.0,ダ,1200.0,稍,74.3,1.3,9-9,37.9,494.0,-2.0,カライカマウリオラ,52.0
2019101446,ワンリオン,2022/01/22,1中京7,晴,2.0,3歳未勝利,16,2.0,4,4.4,3.0,5,岩田望来,56.0,ダ,1200.0,良,74.7,1.1,11-10,37.1,496.0,10.0,ポメラート,52.0
2019101446,ワンリオン,2021/12/25,6阪神7,晴,4.0,2歳未勝利,18,3.0,6,18.9,9.0,12,Ｍ．デム,55.0,芝,1600.0,良,96.9,1.5,4-7,36.8,486.0,10.0,エリカフェリーチェ,
2019101446,ワンリオン,2021/10/24,4東京6,晴,2.0,2歳未勝利,14,1.0,1,3.1,2.0,6,岩田康誠,55.0,芝,1400.0,良,83.3,0.8,8-8,35.0,476.0,-4.0,エテルナメンテ,
2019101446,ワンリオン,2021/10/10,4阪神2,晴,4.0,2歳新馬,14,1.0,1,9.8,5.0,2,Ｍ．デム,55.0,芝,1400.0,良,83.1,0.1,10-8,35.1,480.0,0.0,ピンハイ,280.0
2019100800,コスモルーテウス,2026/07/12,高知,曇,9.0,柏島特別(C1),12,4.0,4,7.8,4.0,5,宮川実,57.0,ダ,1400.0,稍,90.8,0.8,12-12-7-4,38.2,494.0,0.0,ウィズユアドリーム,20.0
2019100800,コスモルーテウス,2026/05/30,高知,晴,4.0,C1ー6,10,1.0,1,2.7,2.0,1,宮川実,57.0,ダ,1600.0,稍,107.2,0.0,5-4-1-2,40.0,494.0,-3.0,(ダイヤモンドフジ),100.0
2019100800,コスモルーテウス,2026/05/16,高知,晴,3.0,キビナゴ特別(C1),9,6.0,6,4.8,3.0,2,妹尾浩一,57.0,ダ,1400.0,良,93.0,0.0,4-3-3-3,40.6,497.0,2.0,サンライズシア,40.0
2019100800,コスモルーテウス,2026/05/02,高知,晴,10.0,八十八夜特別(C2),11,6.0,6,4.6,2.0,4,宮川実,57.0,ダ,1400.0,重,91.2,0.7,9-9-9-5,37.9,495.0,-1.0,ダオラダオラ,32.0
2019100800,コスモルーテウス,2026/04/18,高知,曇,11.0,穀雨特別(C2),10,8.0,10,6.6,3.0,3,宮川実,57.0,ダ,1600.0,重,106.3,0.2,4-4-3-4,38.9,496.0,7.0,ステラマテュティナ,48.0
2019100800,コスモルーテウス,2026/03/22,高知,雨,3.0,C2ー5,9,3.0,3,1.4,1.0,1,宮川実,57.0,ダ,1400.0,稍,93.4,-0.1,3-3-3-2,38.9,489.0,0.0,(モーニングヘイズ),70.0
2019100800,コスモルーテウス,2026/03/10,高知,晴,5.0,ヒナギク特別(C3),10,7.0,8,1.7,1.0,2,宮川実,57.0,ダ,1300.0,稍,84.9,0.5,5-5-5-3,39.3,489.0,3.0,ケルピー,44.0
2019100800,コスモルーテウス,2026/03/02,高知,雨,4.0,チューリップ特別(C3),8,5.0,5,,,除,宮川実,57.0,ダ,1400.0,不,,,,,,,コパノキュラソー,
2019100800,コスモルーテウス,2026/02/10,高知,曇,5.0,ユキワリイチゲ特別(C3),11,7.0,8,1.8,1.0,2,宮川実,57.0,ダ,1300.0,良,84.0,0.2,9-8-8-4,38.2,486.0,4.0,アメリカンクール,44.0
2019100800,コスモルーテウス,2026/01/26,高知,晴,5.0,C3ー5,10,7.0,8,1.0,1.0,1,宮川実,57.0,ダ,1600.0,良,105.2,-0.1,3-3-3-2,39.5,482.0,0.0,(サツマノカゼ),60.0
2019100800,コスモルーテウス,2026/01/11,高知,晴,3.0,C3ー11,10,3.0,3,1.0,1.0,1,宮川実,57.0,ダ,1400.0,良,92.6,-0.9,5-4-4-2,39.7,482.0,-1.0,(スリーローズマリー),60.0
2019100800,コスモルーテウス,2026/01/01,高知,晴,3.0,C3ー13,8,3.0,3,1.2,1.0,1,宮川実,57.0,ダ,1300.0,良,85.0,-1.1,3-3-3-1,39.1,483.0,-3.0,(アンヘルカイド),60.0
2019100800,コスモルーテウス,2025/12/21,高知,曇,1.0,C3ー18,10,8.0,11,1.2,1.0,1,宮川実,57.0,ダ,1400.0,重,91.0,-0.3,2-2-2-2,39.1,486.0,0.0,(ソルデマジョ),60.0
2019100800,コスモルーテウス,2025/07/06,2福島4,晴,9.0,さくらんぼ特別(2勝クラス),16,5.0,9,216.2,16.0,7,柴田大知,58.0,ダ,1150.0,良,69.4,1.7,16-15,36.4,486.0,2.0,ビバップ,
2019100800,コスモルーテウス,2025/04/06,3中山4,晴,12.0,4歳以上2勝クラス,15,8.0,14,67.8,9.0,10,木幡巧也,58.0,ダ,1200.0,稍,73.0,1.5,8-8,36.5,484.0,-12.0,ネイト,
2019100800,コスモルーテウス,2025/03/02,2中山2,晴,12.0,4歳以上2勝クラス,16,1.0,1,162.2,14.0,12,木幡巧也,58.0,ダ,1200.0,良,72.4,0.8,11-12,37.0,496.0,22.0,ノーブルゲイル,
2019100800,コスモルーテウス,2024/03/31,3中山4,晴,12.0,4歳以上2勝クラス,16,3.0,6,127.1,12.0,8,柴田大知,58.0,ダ,1200.0,良,72.1,0.9,15-16,36.1,474.0,2.0,ムーヴ,
2019100800,コスモルーテウス,2023/12/03,5中山2,晴,12.0,3歳以上2勝クラス,16,7.0,13,16.4,8.0,8,丹内祐次,58.0,ダ,1200.0,良,72.1,0.5,14-14,37.1,472.0,8.0,シゲルファンノユメ,
2019100800,コスモルーテウス,2023/06/24,3東京7,曇,9.0,清里特別(2勝クラス),16,1.0,1,113.2,13.0,8,柴田大知,58.0,ダ,1400.0,良,84.8,0.8,9-8,36.5,464.0,0.0,モナルヒ,
2019100800,コスモルーテウス,2023/06/17,3東京5,晴,9.0,三浦特別(2勝クラス),15,7.0,14,328.3,15.0,5,柴田大知,58.0,ダ,1400.0,良,84.5,0.3,10-10,35.8,464.0,-10.0,ハチメンロッピ,155.0
2019100800,コスモルーテウス,2023/04/30,1新潟2,曇,9.0,五泉特別(2勝クラス),15,8.0,14,53.3,10.0,13,丹内祐次,58.0,ダ,1800.0,重,115.0,2.8,13-12-13-12,38.4,474.0,2.0,ワールドタキオン,
2019100800,コスモルーテウス,2023/04/09,1福島2,晴,9.0,喜多方特別(2勝クラス),15,5.0,9,74.6,13.0,10,斎藤新,58.0,ダ,1700.0,良,106.4,1.3,12-13-11-9,38.2,472.0,4.0,テーオードレフォン,
2019100800,コスモルーテウス,2023/02/05,1小倉8,晴,10.0,由布院特別(2勝クラス),16,1.0,2,50.4,13.0,6,丸山元気,54.0,ダ,1700.0,良,106.3,0.5,8-7-6-5,38.2,468.0,0.0,イチネンエーグミ,
2019100800,コスモルーテウス,2022/12/24,5中山7,晴,12.0,クリスマスC(2勝クラス),14,3.0,4,370.0,13.0,12,野中悠太,56.0,芝,1600.0,良,96.6,1.4,12-10-9,35.2,468.0,2.0,フィールシンパシー,
2019100800,コスモルーテウス,2022/12/11,5中山4,曇,9.0,チバテレ杯(2勝クラス),16,4.0,7,142.5,12.0,11,柴田大知,56.0,ダ,1800.0,良,115.7,2.5,10-11-8-8,39.5,466.0,8.0,ベストリーガード,
2019100800,コスモルーテウス,2022/09/19,4中山5,曇,9.0,鋸山特別(2勝クラス),15,2.0,2,30.1,8.0,9,戸崎圭太,53.0,ダ,1800.0,重,113.7,1.3,12-12-13-12,36.5,458.0,-6.0,カンリンポチェ,
2019100800,コスモルーテウス,2022/09/04,2札幌8,晴,12.0,3歳以上2勝クラス,14,7.0,11,19.9,7.0,8,黛弘人,54.0,ダ,1700.0,良,107.3,1.4,8-8-8-12,40.0,464.0,6.0,アンダープロット,
2019100800,コスモルーテウス,2022/08/14,2札幌2,曇,6.0,3歳以上1勝クラス,14,3.0,3,6.6,4.0,1,丹内祐次,54.0,ダ,1700.0,稍,106.7,0.0,10-10-6-5,38.9,458.0,-4.0,(ヴィクトリオン),770.0
2019100800,コスモルーテウス,2022/03/21,2中京4,晴,9.0,フローラルウォーク賞(1勝クラス),10,8.0,10,106.0,10.0,7,藤井勘一,56.0,芝,1600.0,良,96.4,1.3,10-9-10,34.5,462.0,-4.0,エンペザー,
2019100800,コスモルーテウス,2022/01/29,1東京1,曇,4.0,3歳1勝クラス,16,5.0,10,215.7,16.0,13,柴田大知,56.0,ダ,1600.0,良,99.1,2.2,13-13,38.5,466.0,2.0,リッキーマジック,
2019100800,コスモルーテウス,2022/01/08,1中山2,晴,9.0,黒竹賞(1勝クラス),16,4.0,7,72.8,10.0,15,柴田大知,56.0,ダ,1800.0,稍,117.7,3.4,12-12-10-12,39.9,464.0,16.0,ホウオウルーレット,
2019100800,コスモルーテウス,2021/09/04,2札幌7,晴,2.0,2歳未勝利,12,6.0,7,3.4,2.0,1,丹内祐次,54.0,ダ,1700.0,良,106.7,-0.1,5-3-4-2,38.4,448.0,6.0,(コパノニコルソン),510.0
2019100800,コスモルーテウス,2021/08/08,1函館12,曇,1.0,2歳未勝利,14,5.0,8,5.7,2.0,2,丹内祐次,54.0,ダ,1700.0,良,108.8,0.4,5-4-3-3,40.7,442.0,4.0,ウインアウォード,200.0
2019100800,コスモルーテウス,2021/07/25,1函館8,晴,5.0,2歳新馬,8,5.0,5,6.6,4.0,3,丹内祐次,54.0,芝,1800.0,良,111.0,2.5,5-5-5-4,38.2,438.0,0.0,トップキャスト,180.0
2021100748,ワクワクドリーム,2026/07/12,高知,曇,8.0,C1ー2,11,8.0,10,21.1,7.0,5,上田将司,55.0,ダ,1400.0,稍,91.7,0.9,2-2-2-4,41.0,500.0,-1.0,テーオーシリウス,10.0
2021100748,ワクワクドリーム,2026/06/28,高知,曇,9.0,C1ー2,10,7.0,7,9.0,4.0,9,塚本直之,52.0,ダ,1600.0,不,109.9,3.2,5-5-8-10,43.2,501.0,6.0,マジックタッチ,
2021100748,ワクワクドリーム,2026/05/31,高知,晴,8.0,C1ー3,9,8.0,8,5.2,3.0,2,塚本直之,52.0,ダ,1600.0,稍,106.6,0.4,1-2-1-1,40.3,495.0,-1.0,ビステル,40.0
2021100748,ワクワクドリーム,2026/03/18,高知,雨,6.0,C1ー2,9,7.0,7,20.2,6.0,2,妹尾浩一,55.0,ダ,1600.0,重,107.7,0.5,6-7-9-8,40.4,496.0,1.0,ペプチドヒナタ,36.0
2021100748,ワクワクドリーム,2026/03/03,高知,曇,8.0,猿田洞特別(C1),11,1.0,1,38.5,8.0,8,妹尾浩一,55.0,ダ,1300.0,不,82.9,0.9,7-8-8-9,38.2,495.0,0.0,エイブリー,
2021100748,ワクワクドリーム,2026/02/18,高知,晴,6.0,C1ー3,9,3.0,3,21.7,5.0,1,妹尾浩一,55.0,ダ,1400.0,稍,92.6,0.0,1-1-1-1,40.0,495.0,1.0,(スティーロポリス),90.0
2021100748,ワクワクドリーム,2026/01/25,高知,晴,8.0,C2ー2,11,7.0,9,20.5,7.0,1,妹尾浩一,55.0,ダ,1400.0,良,91.8,-0.2,2-1-1-1,40.4,494.0,1.0,(イルクオーレ),70.0
2021100748,ワクワクドリーム,2026/01/10,高知,晴,9.0,小寒特別(C2),10,2.0,2,38.6,6.0,5,井上瑛太,55.0,ダ,1300.0,良,86.1,1.0,6-9-9-10,39.2,493.0,1.0,メイショウシロガネ,13.0
2021100748,ワクワクドリーム,2025/12/28,高知,晴,7.0,C2ー5,9,2.0,2,16.4,5.0,1,井上瑛太,55.0,ダ,1600.0,良,109.0,-0.4,1-1-1-1,41.3,492.0,-2.0,(クリノドラゴン),70.0
2021100748,ワクワクドリーム,2025/12/13,高知,曇,7.0,C2ー5,12,8.0,12,56.9,11.0,12,西森将司,55.0,ダ,1400.0,良,95.8,3.0,4-3-3-5,42.7,494.0,-1.0,エイブリー,
2021100748,ワクワクドリーム,2025/11/29,高知,晴,4.0,えひめぼっちゃん特別(C2),12,3.0,3,75.2,9.0,11,西森将司,55.0,ダ,1400.0,良,95.8,2.6,7-8-11-10,41.1,495.0,-5.0,ホワイトヘッド,
2021100748,ワクワクドリーム,2025/11/15,高知,晴,6.0,C2ー6,11,5.0,5,10.8,3.0,4,井上瑛太,55.0,ダ,1600.0,重,109.3,1.0,4-4-6-6,40.1,500.0,4.0,スティーロポリス,10.5
2021100748,ワクワクドリーム,2025/11/02,高知,曇,12.0,ファイナルレース(C3),12,8.0,12,4.3,1.0,1,井上瑛太,55.0,ダ,1300.0,重,84.0,0.0,2-3-3-3,39.2,496.0,2.0,(ダイチヴィヴァン),60.0
2021100748,ワクワクドリーム,2025/10/19,高知,曇,10.0,C3ー2,11,7.0,8,36.3,8.0,6,上田将司,55.0,ダ,1300.0,稍,86.3,1.6,6-6-5-6,40.0,494.0,0.0,ビッキーファースト,
2021100748,ワクワクドリーム,2025/10/05,高知,晴,3.0,C3ー3,12,6.0,8,27.4,7.0,4,井上瑛太,55.0,ダ,1400.0,重,92.8,1.4,11-11-11-11,39.2,494.0,-4.0,イエルバブエナ,9.0
2021100748,ワクワクドリーム,2025/09/23,高知,曇,3.0,YJSトライアルラウ(C3),11,8.0,12,35.5,10.0,4,塩津璃菜,55.0,ダ,1400.0,良,93.6,0.5,3-3-2-2,42.0,498.0,2.0,オセアトップガン,27.0
2021100748,ワクワクドリーム,2025/09/06,高知,晴,4.0,C3ー5,9,4.0,4,50.9,6.0,3,妹尾浩一,55.0,ダ,1300.0,重,86.1,0.4,4-5-6-4,38.4,496.0,6.0,エナジーグラン,15.0
2021100748,ワクワクドリーム,2025/07/27,高知,晴,8.0,C3ー4,12,2.0,2,5.9,3.0,8,井上瑛太,55.0,ダ,1300.0,稍,85.9,1.7,11-12-12-12,38.8,490.0,2.0,メンヒ,
2021100748,ワクワクドリーム,2025/07/13,高知,曇,5.0,C3ー5,11,8.0,11,2.8,1.0,5,井上瑛太,55.0,ダ,1300.0,不,85.2,0.8,2-2-2-4,40.0,488.0,-1.0,ムーンブルー,6.0
2021100748,ワクワクドリーム,2025/06/28,高知,晴,2.0,C3ー7,8,2.0,2,15.1,3.0,2,井上瑛太,55.0,ダ,1600.0,重,107.2,1.2,2-2-2-2,40.4,489.0,3.0,スカイライト,24.0
2021100748,ワクワクドリーム,2025/06/08,高知,小雨,10.0,ファイナルレース(C3),12,6.0,8,4.7,1.0,1,井上瑛太,55.0,ダ,1300.0,重,84.6,-1.0,3-2-2-1,39.8,486.0,-3.0,(カノンウッドテール),60.0
2021100748,ワクワクドリーム,2025/05/24,高知,雨,5.0,C3ー12,9,6.0,6,79.3,7.0,7,西森将司,55.0,ダ,1400.0,不,91.3,1.9,3-4-5-6,40.7,489.0,0.0,スカイライト,
2021100748,ワクワクドリーム,2025/05/10,高知,曇,5.0,C3ー12,9,4.0,4,70.5,7.0,7,西森将司,55.0,ダ,1300.0,不,86.1,2.7,4-4-6-7,41.1,489.0,7.0,ウインリベラーレ,
2021100748,ワクワクドリーム,2025/04/12,高知,晴,5.0,C3ー12,11,8.0,11,41.8,8.0,8,井上瑛太,55.0,ダ,1300.0,稍,88.8,2.8,7-8-7-8,41.8,482.0,3.0,アウゲンブリック,
2021100748,ワクワクドリーム,2025/03/26,高知,晴,5.0,松木厩舎有終特別(C3),12,4.0,4,42.0,5.0,12,妹尾浩一,54.0,ダ,1400.0,良,96.4,3.4,9-9-9-8,42.3,479.0,-4.0,ドナアフロディテ,
2021100748,ワクワクドリーム,2024/12/22,高知,晴,6.0,C3ー16,8,8.0,8,4.0,3.0,1,松井伸也,54.0,ダ,1300.0,良,87.2,-0.4,2-2-2-3,40.3,483.0,-4.0,(レンジャーズハウス),60.0
2021100748,ワクワクドリーム,2024/12/08,高知,晴,6.0,C3ー17,10,8.0,10,38.5,4.0,3,松井伸也,54.0,ダ,1400.0,良,94.0,2.0,5-5-5-6,40.2,487.0,-5.0,メイショウドヒョウ,12.0
2021100748,ワクワクドリーム,2024/11/24,高知,晴,7.0,C3ー16,9,1.0,1,73.0,5.0,4,松井伸也,54.0,ダ,1300.0,良,87.8,1.7,9-9-9-8,39.7,492.0,-8.0,エイシンオッティモ,9.0
2021100748,ワクワクドリーム,2024/11/10,高知,曇,1.0,C3ー20,9,8.0,9,66.4,8.0,9,西森将司,54.0,ダ,1600.0,稍,111.4,4.5,3-3-3-9,44.8,500.0,0.0,サンライズグリット,
2021100748,ワクワクドリーム,2024/10/27,高知,雨,8.0,C3ー16,10,2.0,2,97.9,6.0,8,西森将司,54.0,ダ,1300.0,不,85.8,1.7,10-10-10-9,38.9,500.0,-1.0,ララモンストル,
2021100748,ワクワクドリーム,2024/10/14,高知,晴,2.0,KーK三十路記念特別(C3),11,1.0,1,9.3,5.0,1,西森将司,54.0,ダ,1400.0,稍,94.9,-0.3,9-8-8-6,41.5,501.0,-4.0,(スリーモーメント),60.0
2021100748,ワクワクドリーム,2024/09/29,高知,曇,3.0,3歳ー7,10,8.0,11,104.1,7.0,6,西森将司,54.0,ダ,1400.0,良,95.5,2.0,3-4-4-6,43.0,505.0,0.0,ムーンブルー,
2021100748,ワクワクドリーム,2024/09/16,高知,曇,6.0,サワラ特別(3歳),12,8.0,11,9.8,5.0,4,多田羅誠,54.0,ダ,1400.0,不,94.3,4.1,10-11-8-6,42.7,505.0,9.0,ダノンモンテローザ,9.0
2021100748,ワクワクドリーム,2024/07/14,3小倉6,雨,4.0,3歳未勝利,18,5.0,9,285.9,18.0,11,太宰啓介,55.0,芝,2000.0,重,127.2,2.4,15-16-13-11,39.7,496.0,-2.0,キュクヌス,
2021100748,ワクワクドリーム,2024/06/15,4京都5,晴,2.0,3歳未勝利,16,2.0,3,262.1,15.0,8,太宰啓介,55.0,ダ,1800.0,良,117.2,2.4,16-16-15-13,38.9,498.0,6.0,ウィンターガーデン,
2021100748,ワクワクドリーム,2024/03/17,1阪神8,曇,1.0,3歳未勝利,10,5.0,5,210.9,10.0,8,岡部誠,55.0,ダ,1800.0,良,118.9,1.6,10-10-6-4,39.5,492.0,-10.0,アマミツツキ,
2021100748,ワクワクドリーム,2024/03/03,2小倉8,晴,6.0,3歳未勝利,14,6.0,9,162.0,12.0,13,川端海翼,52.0,ダ,1700.0,稍,110.8,3.2,13-12-10-12,40.5,502.0,0.0,メイショウリリー,
2022102355,コリエドール,2026/07/11,高知,晴,6.0,C1ー4,12,1.0,1,3.9,2.0,1,永森大智,55.0,ダ,1400.0,重,91.5,-0.3,1-1-1-1,39.9,456.0,-2.0,(ローズボウル),100.0
2022102355,コリエドール,2026/06/27,高知,雨,9.0,C2ー2,11,8.0,10,1.8,1.0,1,赤岡修次,55.0,ダ,1400.0,不,89.5,-0.9,1-1-1-1,38.4,458.0,-2.0,(モーニングヘイズ),80.0
2022102355,コリエドール,2026/05/30,高知,晴,9.0,芒種特別(C2),12,2.0,2,39.2,3.0,4,赤岡修次,55.0,ダ,1400.0,稍,91.1,0.8,4-4-4-3,40.1,460.0,3.0,ララマルシュドロワ,32.0
2022102355,コリエドール,2026/05/16,高知,晴,7.0,C2ー4,11,5.0,5,3.4,1.0,3,岡遼太郎,55.0,ダ,1300.0,良,86.8,0.5,2-2-2-2,40.7,457.0,2.0,ヴィアダクト,24.0
2022102355,コリエドール,2026/05/02,高知,晴,6.0,C2ー5,9,1.0,1,2.5,2.0,3,岡遼太郎,55.0,ダ,1400.0,重,92.1,0.4,1-1-1-1,41.6,455.0,-4.0,ニヨドスマイル,24.0
2022102355,コリエドール,2026/04/19,高知,曇,4.0,C2ー7,9,1.0,1,2.3,1.0,4,岡遼太郎,55.0,ダ,1600.0,重,106.7,0.7,2-2-2-2,40.3,459.0,5.0,ダイヤモンドフジ,16.0
2022102355,コリエドール,2026/02/20,大井,曇,10.0,めぐみ坂賞競走(B3),13,4.0,4,18.8,6.0,10,野畑凌,54.0,ダ,1400.0,良,89.0,1.7,2-2-2,39.7,454.0,6.0,プレストステラ,
2022102355,コリエドール,2026/01/30,大井,晴,11.0,狸坂賞競走(B3),12,4.0,4,5.7,3.0,10,笹川翼,54.0,ダ,1400.0,良,89.3,1.2,1-2-2,39.5,448.0,-6.0,モリデンステルス,
2022102355,コリエドール,2026/01/16,大井,晴,7.0,B3五,9,4.0,4,3.6,2.0,4,矢野貴之,54.0,ダ,1200.0,良,73.9,0.9,8-7,37.3,454.0,-4.0,リュウワンカノア,42.0
2022102355,コリエドール,2025/09/18,大井,曇,10.0,C1二三四(C1三),12,8.0,11,3.4,2.0,1,笹川翼,53.0,ダ,1400.0,良,87.7,-0.1,3-3-3,38.6,458.0,-2.0,(ムサシエクスプレス),120.0
2022102355,コリエドール,2025/09/03,大井,曇,8.0,ネグローニ賞(C1),12,8.0,13,1.3,1.0,1,吉原寛人,53.0,ダ,1600.0,良,103.7,-0.2,5-5-4-4,39.4,460.0,2.0,(オールケアドリーム),120.0
2022102355,コリエドール,2025/08/14,大井,晴,6.0,3歳一二三(3歳二),13,6.0,9,2.0,1.0,2,矢野貴之,54.0,ダ,1400.0,稍,87.7,0.5,7-3-3,38.2,458.0,5.0,スノーキャンドル,60.0
2022102355,コリエドール,2025/07/16,大井,曇,5.0,USターキー賞(3歳五),16,4.0,7,1.4,1.0,1,矢野貴之,54.0,ダ,1200.0,不,74.2,-0.4,4-4,38.5,453.0,1.0,(オーイクモヨ),150.0
2022102355,コリエドール,2025/06/30,大井,晴,7.0,3歳111213(3歳12),12,2.0,2,1.5,1.0,1,矢野貴之,54.0,ダ,1200.0,良,73.4,-0.1,2-2,38.0,452.0,0.0,(ナインエスクァイア),150.0
2022102355,コリエドール,2025/05/10,2京都5,曇,4.0,3歳未勝利,12,6.0,7,16.2,6.0,8,吉村誠之,54.0,ダ,1800.0,重,114.6,3.7,5-5-6-4,39.8,452.0,6.0,アンジュアルディ,
2022102355,コリエドール,2025/04/19,1福島3,晴,6.0,3歳未勝利,16,6.0,11,18.9,8.0,6,小林美駒,51.0,芝,1200.0,良,69.8,0.7,2-3,35.6,446.0,-8.0,ダニエルバローズ,
2022102355,コリエドール,2025/02/15,1京都5,晴,3.0,3歳未勝利,16,2.0,3,31.0,8.0,12,高杉吏麒,54.0,ダ,1400.0,良,87.9,1.7,8-9,39.2,454.0,4.0,スニーカースキル,
2022102355,コリエドール,2025/01/25,1中京8,晴,3.0,3歳未勝利,16,1.0,1,14.3,5.0,5,団野大成,55.0,ダ,1400.0,良,87.7,1.7,1-1,40.0,450.0,0.0,ネーヴェフレスカ,56.0
2022102355,コリエドール,2024/12/15,7京都6,晴,1.0,2歳未勝利,13,2.0,2,56.4,8.0,6,岩田望来,55.0,ダ,1800.0,良,117.6,1.5,2-2-2-1,39.2,450.0,-8.0,ドゥラリス,
2022102355,コリエドール,2024/10/19,4新潟5,小雨,2.0,2歳未勝利,10,2.0,2,13.9,6.0,5,佐々木大,55.0,ダ,1800.0,良,116.9,1.6,7-6-7-6,39.2,458.0,2.0,アリュールテーラー,55.0
2022102355,コリエドール,2024/09/22,3中京7,小雨,4.0,2歳新馬,11,4.0,4,15.8,6.0,7,田口貫太,54.0,ダ,1400.0,良,89.0,1.9,7-9,37.8,456.0,0.0,プロミストジーン,
2022100957,タイガーワゴン,2026/07/11,高知,晴,9.0,小暑特別(C2),11,6.0,6,111.3,10.0,11,塚本直之,54.0,ダ,1300.0,重,87.5,3.3,6-7-7-10,42.8,501.0,-3.0,プレジール,
2022100957,タイガーワゴン,2026/06/28,高知,曇,3.0,C2ー6,8,5.0,5,3.5,2.0,1,塚本直之,54.0,ダ,1400.0,不,91.3,-0.1,2-2-2-1,38.8,504.0,4.0,(ヒデノブルースカイ),80.0
2022100957,タイガーワゴン,2026/06/14,高知,小雨,4.0,C2ー7,10,3.0,3,24.9,5.0,5,塚本直之,54.0,ダ,1600.0,稍,108.6,0.7,1-1-1-1,41.7,500.0,-3.0,ロイヤルダンス,8.0
2022100957,タイガーワゴン,2026/05/31,高知,晴,1.0,C2ー7,11,7.0,9,48.6,7.0,4,塚本直之,54.0,ダ,1400.0,稍,92.4,1.2,1-2-1-2,40.7,503.0,-3.0,メイショウハマギク,16.0
2022100957,タイガーワゴン,2026/05/17,高知,晴,1.0,C2ー8,11,1.0,1,30.2,4.0,5,佐原秀泰,57.0,ダ,1300.0,良,87.2,4.4,2-2-2-2,42.6,506.0,-4.0,ララマルシュドロワ,8.0
2022100957,タイガーワゴン,2026/05/03,高知,雨,6.0,カーネーション特別(C3),7,7.0,7,27.0,6.0,5,佐原秀泰,57.0,ダ,1600.0,不,106.2,3.1,2-2-2-2,41.9,510.0,8.0,サノノアメリカン,12.0
2022100957,タイガーワゴン,2026/04/18,高知,曇,12.0,ファイナルレース(C3),12,7.0,9,3.1,1.0,1,岡遼太郎,57.0,ダ,1400.0,重,92.3,-0.2,2-2-1-1,40.5,502.0,-5.0,(マイネルボーダレス),60.0
2022100957,タイガーワゴン,2026/04/04,高知,雨,3.0,C3ー4,8,6.0,6,32.2,8.0,6,岡遼太郎,57.0,ダ,1300.0,不,84.1,1.1,7-7-8-8,39.3,507.0,0.0,レモンシフォン,
2022100957,タイガーワゴン,2026/03/24,高知,晴,11.0,ファイナルレース(C3),11,8.0,11,6.2,3.0,2,岡遼太郎,57.0,ダ,1600.0,稍,108.7,0.1,2-3-3-3,41.0,507.0,5.0,カノンウッドテール,24.0
2022100957,タイガーワゴン,2026/03/10,高知,晴,3.0,C3ー4,11,4.0,4,31.5,6.0,7,近藤翔月,56.0,ダ,1300.0,稍,88.0,2.7,6-6-6-7,41.2,502.0,-2.0,ダニエルバローズ,
2022100957,タイガーワゴン,2026/03/02,高知,雨,2.0,C3ー4,7,1.0,1,22.0,4.0,5,妹尾浩一,57.0,ダ,1400.0,不,92.2,1.0,3-3-3-4,40.0,504.0,0.0,フリューゲルホルン,6.0
2022100957,タイガーワゴン,2026/02/17,高知,晴,2.0,C3ー4,11,2.0,2,103.5,8.0,7,近藤翔月,56.0,ダ,1400.0,稍,94.8,1.9,1-1-1-3,41.3,504.0,-1.0,リワードインペリオ,
2022100957,タイガーワゴン,2026/02/02,高知,晴,2.0,C3ー4,9,5.0,5,18.7,4.0,7,近藤翔月,55.0,ダ,1400.0,良,93.5,1.5,2-2-3-3,41.0,505.0,-1.0,アーベントゾンネ,
2022100957,タイガーワゴン,2026/01/20,高知,晴,3.0,C3ー4,9,6.0,6,88.6,6.0,8,近藤翔月,55.0,ダ,1400.0,良,96.3,4.8,1-1-2-4,44.6,506.0,-3.0,アルトシュタット,
2022100957,タイガーワゴン,2025/12/31,高知,晴,3.0,C3ー6,10,4.0,4,7.4,3.0,3,近藤翔月,55.0,ダ,1300.0,良,88.2,1.7,1-1-1-2,42.2,509.0,-2.0,カルリーノ,15.0
2022100957,タイガーワゴン,2025/12/21,高知,曇,11.0,ファイナルレース(C3),12,2.0,2,16.1,7.0,1,近藤翔月,55.0,ダ,1400.0,重,92.2,-1.3,1-1-1-1,39.7,511.0,1.0,(ノアアジレ),60.0
2022100957,タイガーワゴン,2025/12/06,高知,晴,5.0,C3ー10,11,8.0,11,244.3,8.0,8,阿部基嗣,55.0,ダ,1300.0,良,89.0,2.3,3-3-4-7,42.8,510.0,-4.0,アーベントゾンネ,
2022100957,タイガーワゴン,2025/11/23,高知,晴,5.0,C3ー10,10,4.0,4,282.6,8.0,10,近藤翔月,55.0,ダ,1600.0,良,116.1,7.9,5-6-7-10,48.4,514.0,3.0,ジークシュベルト,
2022100957,タイガーワゴン,2025/10/11,高知,曇,5.0,C3ー10,9,1.0,1,63.4,6.0,9,近藤翔月,54.0,ダ,1600.0,稍,115.0,6.5,8-9-7-8,43.6,511.0,10.0,メイショウヨンク,
2022100957,タイガーワゴン,2025/07/28,船橋,晴,5.0,3歳二,10,4.0,4,61.7,7.0,9,所蛍,54.0,ダ,1200.0,良,77.1,2.3,8-6-7,40.0,501.0,-1.0,テンタイカンソク,
2022100957,タイガーワゴン,2025/06/30,船橋,晴,5.0,3歳三,9,8.0,8,3.3,1.0,6,所蛍,54.0,ダ,1200.0,良,77.1,1.3,4-4-4,39.7,502.0,-9.0,マサノタイヨウ,
2022100957,タイガーワゴン,2025/02/10,船橋,晴,2.0,3歳二,9,5.0,5,12.4,4.0,5,張田昂,56.0,ダ,1200.0,良,76.1,1.2,4-4-3,39.3,511.0,1.0,リュウノコルサ,20.0
2022100957,タイガーワゴン,2025/01/20,船橋,晴,4.0,3歳二,12,7.0,10,9.1,6.0,8,張田昂,56.0,ダ,1200.0,稍,76.6,2.7,4-5-5,40.6,510.0,14.0,ジョイフルロック,
2022100957,タイガーワゴン,2024/07/19,船橋,晴,5.0,シリウス賞(2歳),7,4.0,4,3.8,3.0,7,張田昂,54.0,ダ,1500.0,稍,103.4,4.5,4-4-4-3,45.4,496.0,2.0,プラウドフレール,
2022100957,タイガーワゴン,2024/06/30,船橋,曇,4.0,アジサイデビュー(2歳),5,4.0,4,1.5,1.0,1,張田昂,54.0,ダ,1000.0,稍,62.4,-0.4,2-2,38.4,494.0,0.0,(パレンケ),410.0
2019104685,ルージュブラゾン,2026/07/11,高知,晴,8.0,C2ー2,8,6.0,6,28.9,7.0,3.0,畑中信司,55.0,ダ,1300.0,重,85.4,0.6,2-2-1-1,39.0,509.0,-5.0,ニコラウス,24.0
2019104685,ルージュブラゾン,2026/06/27,高知,雨,9.0,C2ー2,11,4.0,4,33.8,6.0,5.0,郷間勇太,55.0,ダ,1400.0,不,90.9,1.4,10-10-9-7,39.0,514.0,4.0,コリエドール,8.0
2019104685,ルージュブラゾン,2026/06/13,高知,晴,8.0,C2ー3,10,7.0,8,10.1,4.0,3.0,岡村卓弥,55.0,ダ,1600.0,稍,109.9,1.2,8-8-6-5,41.6,510.0,0.0,オセアハートマン,24.0
2019104685,ルージュブラゾン,2026/05/30,高知,晴,7.0,C2ー3,12,4.0,4,23.0,6.0,4.0,多田羅誠,55.0,ダ,1400.0,稍,92.3,0.8,12-11-10-9,39.0,510.0,-1.0,ブーバー,16.0
2019104685,ルージュブラゾン,2026/05/16,高知,晴,7.0,C2ー4,11,1.0,1,25.2,8.0,5.0,多田羅誠,55.0,ダ,1300.0,良,87.0,0.7,8-7-6-6,40.5,511.0,-4.0,ヴィアダクト,8.0
2019104685,ルージュブラゾン,2026/05/02,高知,晴,7.0,C2ー4,11,5.0,5,101.0,8.0,5.0,山田義貴,55.0,ダ,1400.0,重,91.8,1.8,9-9-8-6,40.2,515.0,-4.0,メイショウカズサ,8.0
2019104685,ルージュブラゾン,2026/04/18,高知,曇,7.0,C2ー5,11,2.0,2,41.7,7.0,5.0,井上瑛太,55.0,ダ,1600.0,重,107.8,0.9,7-3-5-5,40.6,519.0,2.0,ディープカインズ,8.0
2019104685,ルージュブラゾン,2026/04/04,高知,雨,8.0,C2ー4,0,2.0,2,,,,近藤翔月,54.0,ダ,1400.0,不,,,,,,,,
2019104685,ルージュブラゾン,2026/03/22,高知,雨,8.0,春陽特別(C2),11,7.0,8,20.6,6.0,9.0,近藤翔月,54.0,ダ,1400.0,重,93.4,1.1,4-4-5-6,41.1,517.0,0.0,ダイチヴィヴァン,
2019104685,ルージュブラゾン,2026/03/08,高知,晴,5.0,東海馬匹輸送特別(C2),10,8.0,10,18.3,3.0,3.0,近藤翔月,54.0,ダ,1400.0,重,92.1,1.2,3-4-3-3,39.8,517.0,-6.0,ダオラダオラ,17.5
2019104685,ルージュブラゾン,2026/02/22,高知,曇,4.0,レジーナディンヴェル(重賞),12,6.0,8,368.6,12.0,11.0,近藤翔月,57.0,ダ,1900.0,良,133.5,3.7,10-10-11-11,43.0,523.0,-1.0,ローリエフレイバー,
2019104685,ルージュブラゾン,2026/02/08,高知,雪,7.0,C2ー3,11,2.0,2,29.4,5.0,7.0,吉原寛人,55.0,ダ,1400.0,良,93.1,2.3,9-6-7-7,40.5,524.0,2.0,ミッキーストライク,
2019104685,ルージュブラゾン,2026/01/25,高知,晴,7.0,C2ー3,9,5.0,5,14.4,4.0,5.0,永森大智,55.0,ダ,1400.0,良,92.8,0.9,5-4-3-3,39.5,522.0,-2.0,ナムラクレープ,7.0
2019104685,ルージュブラゾン,2026/01/10,高知,晴,9.0,小寒特別(C2),10,1.0,1,5.4,2.0,4.0,吉原寛人,55.0,ダ,1300.0,良,85.9,0.8,8-6-4-3,40.1,524.0,8.0,メイショウシロガネ,19.5
2019104685,ルージュブラゾン,2025/12/28,高知,晴,3.0,お疲れ様特別(C2),11,3.0,3,14.1,5.0,2.0,岩橋勇二,55.0,ダ,1600.0,良,108.7,0.8,2-2-2-2,40.3,516.0,-4.0,イモータルウインド,28.0
2019104685,ルージュブラゾン,2025/12/13,高知,曇,1.0,C2ー7,11,8.0,10,8.1,3.0,4.0,岩橋勇二,55.0,ダ,1400.0,良,93.5,0.7,5-5-5-5,41.1,520.0,-4.0,トルタカプレーゼ,10.5
2019104685,ルージュブラゾン,2025/11/30,高知,晴,10.0,C3ー2,12,6.0,7,8.0,4.0,2.0,岩橋勇二,55.0,ダ,1400.0,良,93.8,0.3,3-3-3-2,40.9,524.0,5.0,エラボレート,24.0
2019104685,ルージュブラゾン,2025/11/03,船橋,晴,8.0,船橋ケイバ75周年!(B3),13,5.0,7,205.6,13.0,13.0,福原杏,54.0,ダ,1600.0,稍,106.5,3.0,11-11-11-11,41.2,519.0,0.0,ピエフォール,
2019104685,ルージュブラゾン,2025/10/27,浦和,晴,11.0,秋陽特別(B3),12,6.0,7,28.6,6.0,10.0,福原杏,54.0,ダ,1400.0,重,88.2,1.9,6-6-7-8,39.1,519.0,3.0,パンクビート,
2019104685,ルージュブラゾン,2025/10/17,川崎,晴,11.0,おいしくお茶を飲みま(B3),14,1.0,1,43.5,6.0,5.0,福原杏,54.0,ダ,1600.0,稍,106.0,1.9,7-5-5-5,40.1,516.0,1.0,カラリパヤット,24.0
2019104685,ルージュブラゾン,2025/09/25,浦和,曇,10.0,マルチヒーロー特別(B2B3),11,2.0,2,73.3,10.0,6.0,野畑凌,53.0,ダ,1400.0,良,88.8,1.6,4-4-3-3,39.4,515.0,2.0,ダヴァンティ,
2019104685,ルージュブラゾン,2025/05/30,浦和,曇,10.0,鈴蘭特別(B3),10,8.0,10,22.9,6.0,10.0,山中悠希,54.0,ダ,1400.0,不,88.1,2.7,5-5-8-9,38.9,513.0,-3.0,レイニングキャット,
2019104685,ルージュブラゾン,2025/04/24,浦和,曇,12.0,花の宴特別(B3),12,5.0,5,2.9,1.0,7.0,笹川翼,54.0,ダ,1400.0,良,90.6,2.8,8-7-6-4,40.0,516.0,-10.0,ビナサイゴン,
2019104685,ルージュブラゾン,2025/03/30,水沢,晴,11.0,スプリント特別(OP),8,3.0,3,3.1,2.0,5.0,塚本涼人,54.0,ダ,1400.0,良,89.7,1.0,5-5-3-3,39.5,526.0,20.0,エスクマ,10.5
2019104685,ルージュブラゾン,2025/02/16,1東京6,曇,12.0,4歳以上2勝クラス,15,5.0,9,186.3,14.0,12.0,長岡禎仁,56.0,ダ,1400.0,良,87.2,2.2,3-3,37.9,506.0,7.0,カフェニクス,
2019104685,ルージュブラゾン,2024/10/22,浦和,曇,11.0,ミズナラ賞(A2B1),11,6.0,7,17.0,5.0,4.0,本橋孝太,55.0,ダ,1400.0,良,88.6,1.1,8-7-6-5,38.2,499.0,7.0,シーサーペント,90.0
2019104685,ルージュブラゾン,2024/09/21,3中京6,曇,12.0,3歳以上2勝クラス,16,3.0,6,109.6,14.0,11.0,永島まな,54.0,ダ,1800.0,良,114.7,2.0,14-14-14-12,39.1,492.0,3.0,バンドマスター,
2019104685,ルージュブラゾン,2024/08/22,浦和,曇,10.0,マルチヒーロー特別(B2B3),11,4.0,4,8.7,3.0,1.0,森泰斗,55.0,ダ,1400.0,良,88.4,-0.1,3-3-2-1,38.6,489.0,7.0,(フィリップ),400.0
2019104685,ルージュブラゾン,2024/05/18,1新潟7,晴,12.0,4歳以上1勝クラス,15,2.0,3,92.8,13.0,13.0,横山琉人,55.0,ダ,1200.0,良,72.6,1.4,12-13,37.2,482.0,-14.0,グッドウッドガイ,
2019104685,ルージュブラゾン,2024/03/03,2中山4,晴,7.0,4歳以上1勝クラス,11,3.0,3,88.4,9.0,8.0,横山琉人,55.0,ダ,1800.0,稍,115.2,1.8,3-3-3-3,39.0,496.0,16.0,ベンテイガ,
2019104685,ルージュブラゾン,2023/12/12,川崎,曇,9.0,ディセンバースター賞(B2B3),12,8.0,12,4.2,2.0,6.0,本橋孝太,55.0,ダ,1500.0,稍,99.2,1.9,5-5-4-3,42.4,480.0,0.0,ソウルストライク,
2019104685,ルージュブラゾン,2023/10/21,4新潟3,雨,6.0,3歳以上1勝クラス,14,3.0,3,22.5,8.0,5.0,横山琉人,55.0,ダ,1800.0,重,113.1,0.8,6-6-6-5,38.2,480.0,-2.0,ヒノデテイオー,80.0
2019104685,ルージュブラゾン,2023/10/15,4新潟2,小雨,6.0,3歳以上1勝クラス,10,8.0,9,14.7,6.0,7.0,横山琉人,55.0,ダ,1800.0,良,116.0,1.8,7-8-7-6,40.3,482.0,2.0,リチャ,
2019104685,ルージュブラゾン,2023/08/19,2札幌3,小雨,8.0,3歳以上1勝クラス,14,7.0,11,5.5,3.0,4.0,モレイラ,56.0,ダ,1700.0,良,107.2,0.6,8-8-5-4,38.7,480.0,4.0,ウィンターダフネ,120.0
2019104685,ルージュブラゾン,2023/07/16,2函館6,曇,7.0,3歳以上1勝クラス,14,6.0,9,15.3,7.0,4.0,西村淳也,56.0,ダ,1700.0,重,105.3,0.3,7-7-6-6,37.1,476.0,0.0,エンプレスペイ,120.0
2019104685,ルージュブラゾン,2023/06/11,1函館2,曇,12.0,3歳以上1勝クラス,12,5.0,6,41.6,7.0,3.0,西村淳也,56.0,ダ,1700.0,稍,105.6,0.6,4-3-3-2,38.6,476.0,-2.0,メイショウポペット,200.0
2019104685,ルージュブラゾン,2023/04/09,3中山6,晴,12.0,4歳以上1勝クラス,14,6.0,10,8.1,4.0,6.0,大野拓弥,56.0,ダ,1800.0,良,115.5,1.1,4-4-4-4,40.8,478.0,4.0,レイメイ,
2019104685,ルージュブラゾン,2023/03/26,2中京6,雨,5.0,4歳以上1勝クラス,12,6.0,7,6.9,4.0,3.0,西村淳也,56.0,ダ,1800.0,不,113.6,0.5,6-5-4-4,39.2,474.0,-5.0,ブロードリーチ,200.0
2019104685,ルージュブラゾン,2022/11/24,浦和,晴,8.0,向寒特別(C2),12,3.0,3,1.1,1.0,1.0,本橋孝太,54.0,ダ,1400.0,重,89.2,-1.0,4-3-3-1,37.5,479.0,1.0,(ヤマジュンヒバナ),150.0
2019104685,ルージュブラゾン,2022/10/19,浦和,晴,5.0,C2五六,11,2.0,2,1.3,1.0,1.0,矢野貴之,54.0,ダ,1500.0,不,97.0,-1.5,5-3-2-1,38.9,478.0,16.0,(タマモポラリス),100.0
2019104685,ルージュブラゾン,2022/08/20,2札幌3,曇,3.0,3歳未勝利,14,8.0,14,9.4,5.0,7.0,ルメール,54.0,ダ,1700.0,稍,107.8,0.7,4-4-2-2,39.8,462.0,2.0,エターナルプライド,
2019104685,ルージュブラゾン,2022/07/30,1札幌3,晴,4.0,3歳未勝利,14,3.0,4,19.1,6.0,4.0,鮫島克駿,54.0,ダ,1700.0,良,108.2,0.7,9-10-6-4,39.7,460.0,-10.0,レディベル,78.0
2019104685,ルージュブラゾン,2022/07/02,1函館7,曇,2.0,3歳未勝利,14,6.0,9,18.7,5.0,6.0,岩田康誠,54.0,ダ,1700.0,重,107.0,1.7,13-13-4-4,40.2,470.0,4.0,タロファイター,
2019104685,ルージュブラゾン,2022/06/25,1函館5,曇,3.0,3歳未勝利,16,1.0,1,16.6,6.0,14.0,岩田康誠,54.0,芝,1200.0,稍,71.0,1.5,13-12,35.5,466.0,-4.0,ネイキッドハート,
2019104685,ルージュブラゾン,2022/05/21,2東京9,雨,2.0,3歳未勝利,16,3.0,6,10.1,5.0,6.0,内田博幸,54.0,ダ,1300.0,良,79.8,0.6,9-8,37.1,470.0,-4.0,ニシノフウジン,
2019104685,ルージュブラゾン,2022/04/30,2東京3,晴,3.0,3歳未勝利,16,5.0,9,21.1,7.0,5.0,内田博幸,54.0,ダ,1300.0,不,79.6,0.4,12-11,35.8,474.0,2.0,ヒメカミノイタダキ,52.0
2019104685,ルージュブラゾン,2022/04/16,3中山7,曇,1.0,3歳未勝利,16,5.0,10,15.5,6.0,5.0,内田博幸,54.0,ダ,1200.0,重,72.6,1.2,10-10,37.8,472.0,0.0,スンヌンタイ,52.0
2019104685,ルージュブラゾン,2022/02/19,1東京7,曇,1.0,3歳未勝利,16,4.0,8,13.3,5.0,12.0,内田博幸,54.0,ダ,1400.0,稍,88.3,2.5,14-15,37.5,472.0,4.0,エリカコレクト,
2019104685,ルージュブラゾン,2021/12/04,5中山1,晴,1.0,2歳未勝利,16,3.0,5,17.2,5.0,4.0,内田博幸,54.0,ダ,1200.0,稍,73.6,1.2,16-14,37.7,468.0,14.0,カリュウ,77.0
2019104685,ルージュブラゾン,2021/07/04,1函館2,曇,5.0,2歳新馬,14,6.0,9,21.0,4.0,9.0,池添謙一,54.0,芝,1800.0,良,111.2,1.1,8-6-5-5,36.7,454.0,0.0,アルナシーム,
2021100198,ホークレア,2026/07/11,高知,晴,9.0,小暑特別(C2),11,8.0,10,16.7,5.0,2,城野慈尚,54.0,ダ,1300.0,重,84.3,0.1,1-2-2-2,40.5,456.0,3.0,プレジール,64.0
2021100198,ホークレア,2026/06/28,高知,曇,2.0,C2ー7,10,4.0,4,6.0,3.0,2,城野慈尚,54.0,ダ,1400.0,不,90.7,0.1,1-1-1-1,40.6,453.0,-5.0,スリーローズ,32.0
2021100198,ホークレア,2026/06/14,高知,曇,2.0,C3ー2,11,7.0,10,1.7,1.0,5,多田羅誠,55.0,ダ,1400.0,稍,93.7,0.5,1-2-2-2,41.9,458.0,12.0,テソリーノ,6.0
2021100198,ホークレア,2026/05/03,1新潟2,曇,10.0,邁進特別(2勝クラス),16,5.0,10,56.9,12.0,13,横山琉人,51.0,芝,1000.0,良,56.7,2.2,10,34.1,446.0,-10.0,カウンターセブン,
2021100198,ホークレア,2026/02/14,1小倉7,曇,10.0,伊万里特別(2勝クラス),14,5.0,7,50.9,12.0,13,菊沢一樹,56.0,ダ,1000.0,良,59.4,1.4,6-6,36.4,456.0,-4.0,トーアジョウトウ,
2021100198,ホークレア,2025/11/23,5東京5,曇,12.0,3歳以上2勝クラス,18,2.0,3,218.9,18.0,18,上里直汰,53.0,芝,1400.0,良,81.8,1.3,4-5,34.6,460.0,12.0,アニトラ,
2021100198,ホークレア,2025/08/31,3新潟4,晴,12.0,雷光特別(2勝クラス),12,4.0,4,111.6,9.0,7,大野拓弥,56.0,芝,1000.0,良,55.2,1.1,9,32.7,448.0,0.0,イコサン,
2021100198,ホークレア,2025/08/10,2新潟6,雨,8.0,驀進特別(2勝クラス),18,4.0,8,78.1,12.0,12,大野拓弥,56.0,芝,1000.0,重,57.8,1.6,15,34.3,448.0,0.0,エコロジーク,
2021100198,ホークレア,2025/05/24,1新潟7,曇,11.0,大日岳特別(2勝クラス),16,3.0,6,21.1,7.0,12,斎藤新,56.0,芝,1200.0,良,70.6,0.8,7-7,34.6,448.0,6.0,セシリエプラージュ,
2021100198,ホークレア,2025/04/12,1福島1,晴,10.0,喜多方特別(2勝クラス),16,5.0,10,50.8,13.0,11,小崎綾也,56.0,ダ,1150.0,良,69.6,1.0,14-16,37.3,442.0,-2.0,ブレーザー,
2021100198,ホークレア,2025/02/16,1京都6,曇,12.0,4歳以上2勝クラス,16,5.0,10,6.3,3.0,15,松山弘平,56.0,ダ,1200.0,稍,74.7,2.5,5-6,39.0,444.0,-4.0,タガノミスト,
2021100198,ホークレア,2025/01/18,1中山6,晴,8.0,4歳以上2勝クラス,16,7.0,13,6.2,3.0,12,横山武史,56.0,ダ,1200.0,良,72.5,1.2,4-5,38.3,448.0,16.0,キタノソワレ,
2021100198,ホークレア,2024/07/06,1函館9,曇,7.0,3歳以上1勝クラス,11,6.0,7,1.3,1.0,1,横山武史,53.0,ダ,1000.0,稍,58.3,-0.3,2-2,34.7,432.0,-10.0,(スコーピオン),800.0
2021100198,ホークレア,2024/06/16,1函館4,曇,8.0,3歳以上1勝クラス,14,5.0,8,2.6,1.0,3,横山武史,53.0,芝,1200.0,良,68.9,0.1,1-1,35.0,442.0,0.0,スイミーユニバンス,200.0
2021100198,ホークレア,2024/03/16,2中山7,晴,1.0,3歳未勝利,16,8.0,16,1.4,1.0,1,ルメール,55.0,ダ,1200.0,稍,71.6,-1.3,2-2,37.9,442.0,4.0,(マリノルージュ),550.0
2021100198,ホークレア,2024/01/13,1中山4,晴,1.0,3歳未勝利,16,3.0,5,5.9,3.0,2,石橋脩,55.0,ダ,1200.0,良,72.1,0.3,2-2,37.9,438.0,-2.0,チャコール,220.0
2021100198,ホークレア,2023/12/17,5中山6,晴,5.0,2歳新馬,16,8.0,16,12.9,5.0,2,石橋脩,55.0,芝,1600.0,良,96.1,0.1,1-1-1,35.4,440.0,0.0,ミラビリスマジック,290.0
2020106842,アンミノレモン,2026/07/12,高知,曇,10.0,ファイナルレース(C1),12,7.0,10,22.9,11.0,6.0,城野慈尚,56.0,ダ,1400.0,稍,92.7,0.6,7-6-6-5,40.7,435.0,-2.0,ラインメッセージ,
2020106842,アンミノレモン,2026/06/27,高知,曇,4.0,C1ー7,8,6.0,6,30.7,6.0,4.0,上田将司,57.0,ダ,1600.0,不,106.0,1.1,6-6-6-6,39.8,437.0,2.0,トップアメリカン,20.0
2020106842,アンミノレモン,2026/06/13,高知,晴,9.0,C2ー2,10,8.0,9,13.8,5.0,3.0,城野慈尚,56.0,ダ,1600.0,稍,108.6,0.3,10-9-9-5,41.1,435.0,2.0,ノイヤー,24.0
2020106842,アンミノレモン,2026/05/30,高知,晴,10.0,ファイナルレース(C2),12,8.0,12,7.2,4.0,4.0,上田将司,57.0,ダ,1400.0,稍,93.5,1.1,10-8-7-6,40.4,433.0,1.0,ロードイモータル,16.0
2020106842,アンミノレモン,2026/05/16,高知,晴,8.0,C2ー3,11,5.0,5,47.6,6.0,7.0,城野慈尚,56.0,ダ,1300.0,良,88.0,2.6,10-9-8-7,40.2,432.0,-4.0,ダイヤモンドフジ,
2020106842,アンミノレモン,2026/05/02,高知,晴,10.0,八十八夜特別(C2),11,2.0,2,189.9,11.0,8.0,上田将司,57.0,ダ,1400.0,重,92.4,1.9,11-10-10-10,38.7,436.0,2.0,ダオラダオラ,
2020106842,アンミノレモン,2026/04/18,高知,曇,8.0,C2ー4,11,8.0,10,62.4,7.0,2.0,上田将司,57.0,ダ,1600.0,重,107.0,0.4,10-10-10-6,40.3,434.0,-4.0,サンライズシア,32.0
2020106842,アンミノレモン,2026/04/04,高知,雨,9.0,C2ー3,0,1.0,1,,,,多田羅誠,57.0,ダ,1400.0,不,,,,,,,,
2020106842,アンミノレモン,2026/03/22,高知,雨,6.0,帯広競馬場特別(C2),11,3.0,3,107.3,6.0,6.0,上田将司,57.0,ダ,1400.0,重,94.0,1.8,10-10-9-6,40.3,438.0,-1.0,ケルピー,
2020106842,アンミノレモン,2026/03/15,高知,晴,8.0,ファイナルレース(C2),12,8.0,12,9.5,4.0,8.0,井上瑛太,57.0,ダ,1400.0,良,95.1,0.5,11-11-11-10,40.5,439.0,1.0,ネイルンノ,
2020106842,アンミノレモン,2026/03/01,高知,晴,10.0,ファイナルレース(C2),12,6.0,8,10.5,6.0,3.0,井上瑛太,57.0,ダ,1300.0,不,85.7,0.1,12-12-12-9,38.8,438.0,-4.0,クリノオリオン,17.5
2020106842,アンミノレモン,2026/02/15,高知,晴,8.0,C2ー2,8,1.0,1,13.5,4.0,5.0,井上瑛太,57.0,ダ,1600.0,重,108.6,1.0,8-8-8-7,38.2,442.0,0.0,オリーブブランチ,7.0
2020106842,アンミノレモン,2026/02/01,高知,晴,8.0,C2ー2,8,6.0,6,10.3,3.0,6.0,近藤翔月,55.0,ダ,1300.0,良,86.1,1.7,8-8-8-8,39.5,442.0,3.0,ロードフロイデ,
2020106842,アンミノレモン,2026/01/18,高知,晴,10.0,ファイナルレース(C2),12,2.0,2,17.7,7.0,7.0,井上瑛太,57.0,ダ,1400.0,良,93.4,0.9,11-12-11-9,39.9,439.0,-2.0,オークハンプトン,
2020106842,アンミノレモン,2026/01/10,高知,晴,7.0,C2ー3,9,1.0,1,25.0,5.0,8.0,近藤翔月,55.0,ダ,1300.0,良,87.8,2.1,9-9-9-9,39.6,441.0,5.0,トルタカプレーゼ,
2020106842,アンミノレモン,2025/12/28,高知,晴,12.0,ファイナルレース(C2),11,8.0,11,5.6,1.0,2.0,多田羅誠,57.0,ダ,1600.0,良,109.8,0.1,11-11-11-8,41.5,436.0,-6.0,モノノフゴールド,28.0
2020106842,アンミノレモン,2025/12/13,高知,曇,7.0,C2ー5,12,6.0,8,51.1,9.0,6.0,井上瑛太,57.0,ダ,1400.0,良,94.4,1.6,12-12-12-11,39.9,442.0,5.0,エイブリー,
2020106842,アンミノレモン,2025/11/29,高知,晴,4.0,えひめぼっちゃん特別(C2),12,1.0,1,88.3,11.0,9.0,井上瑛太,57.0,ダ,1400.0,良,95.5,2.3,12-12-12-12,39.9,437.0,2.0,ホワイトヘッド,
2020106842,アンミノレモン,2025/11/15,高知,晴,6.0,C2ー6,11,1.0,1,46.4,6.0,3.0,近藤翔月,54.0,ダ,1600.0,重,109.1,0.8,10-9-9-7,39.1,435.0,-2.0,スティーロポリス,17.5
2020106842,アンミノレモン,2025/11/01,高知,晴,7.0,C2ー5,11,6.0,6,11.4,6.0,6.0,井上瑛太,57.0,ダ,1300.0,不,85.5,0.5,10-10-8-5,38.9,437.0,-3.0,マイネルヘルツアス,
2020106842,アンミノレモン,2025/10/18,高知,曇,6.0,C2ー6,11,8.0,11,15.1,4.0,7.0,井上瑛太,57.0,ダ,1400.0,稍,94.2,1.6,9-8-9-8,40.0,440.0,-1.0,リーチアディール,
2020106842,アンミノレモン,2025/10/04,高知,曇,6.0,C2ー6,10,8.0,9,30.0,7.0,5.0,井上瑛太,57.0,ダ,1400.0,重,93.0,0.6,7-7-6-5,39.2,441.0,6.0,レゾンドゥスリール,7.0
2020106842,アンミノレモン,2025/09/21,高知,晴,5.0,C2ー6,9,7.0,7,42.3,7.0,6.0,井上瑛太,57.0,ダ,1300.0,稍,86.5,1.0,6-6-6-5,40.2,435.0,3.0,ドライブアローカス,
2020106842,アンミノレモン,2025/07/12,高知,晴,10.0,C2ー2,11,8.0,11,109.5,10.0,8.0,岡遼太郎,57.0,ダ,1300.0,重,85.8,2.1,8-9-10-9,39.8,432.0,-4.0,タマモイットウセイ,
2020106842,アンミノレモン,2025/06/28,高知,晴,10.0,C2ー2,12,3.0,3,36.6,7.0,8.0,岡遼太郎,57.0,ダ,1400.0,重,91.6,1.6,11-9-8-8,39.2,436.0,-1.0,ラグラスドシエル,
2020106842,アンミノレモン,2025/06/14,高知,雨,9.0,C2ー3,11,3.0,3,74.0,9.0,3.0,岡遼太郎,57.0,ダ,1600.0,不,104.5,1.7,8-8-7-4,38.5,437.0,1.0,サンセットベリー,17.5
2020106842,アンミノレモン,2025/05/31,高知,晴,11.0,ファイナルレース(C2),12,7.0,10,4.9,1.0,4.0,岡遼太郎,57.0,ダ,1300.0,稍,85.8,2.8,6-6-6-5,40.0,436.0,-1.0,ヴィアダクト,10.5
2020106842,アンミノレモン,2025/05/17,高知,曇,9.0,C2ー3,12,6.0,8,28.1,11.0,6.0,岡遼太郎,57.0,ダ,1400.0,不,90.0,1.5,10-9-8-6,38.4,437.0,4.0,シシノブレイブ,
2020106842,アンミノレモン,2025/05/03,高知,晴,11.0,ファイナルレース(C2),12,6.0,8,8.1,6.0,11.0,岡遼太郎,57.0,ダ,1300.0,不,85.6,1.4,10-11-10-10,39.8,433.0,4.0,ゲンパチマイティー,
2020106842,アンミノレモン,2025/04/19,高知,晴,9.0,C2ー3,12,8.0,11,37.3,7.0,5.0,岡遼太郎,57.0,ダ,1400.0,稍,92.5,1.3,6-6-6-5,39.8,429.0,-8.0,ガラパゴス,7.0
2020106842,アンミノレモン,2025/04/05,高知,曇,9.0,C2ー3,11,7.0,9,30.8,5.0,7.0,畑中信司,57.0,ダ,1400.0,稍,94.8,3.9,11-11-11-11,40.1,437.0,2.0,ピンシャン,
2020106842,アンミノレモン,2025/03/16,高知,晴,8.0,ファイナルレース(C2),12,8.0,12,6.2,3.0,2.0,井上瑛太,56.0,ダ,1400.0,不,91.5,0.2,11-11-11-8,39.5,435.0,-2.0,ナンデフェスティヴ,24.5
2020106842,アンミノレモン,2025/03/02,高知,小雨,9.0,ファイナルレース(C2),12,3.0,3,4.7,2.0,6.0,井上瑛太,56.0,ダ,1300.0,重,85.8,1.0,12-12-12-10,40.4,437.0,4.0,ブレーヴトライ,
2020106842,アンミノレモン,2025/02/23,高知,晴,9.0,ファイナルレース(C2),12,8.0,11,6.0,2.0,4.0,井上瑛太,56.0,ダ,1400.0,良,93.8,0.2,10-10-10-8,39.3,433.0,-3.0,サノノビスケッツ,10.5
2020106842,アンミノレモン,2025/02/09,高知,晴,5.0,C2ー3,11,5.0,5,25.9,6.0,4.0,永森大智,56.0,ダ,1400.0,稍,93.9,0.8,9-8-7-4,40.5,436.0,-2.0,ナムラバンチー,10.5
2020106842,アンミノレモン,2025/01/26,高知,晴,7.0,C2ー3,10,6.0,6,80.5,10.0,4.0,岡村卓弥,56.0,ダ,1400.0,良,94.3,1.7,8-7-7-5,41.1,438.0,1.0,ゲーベル,10.5
2020106842,アンミノレモン,2025/01/12,高知,晴,11.0,ファイナルレース(C2),11,1.0,1,21.7,8.0,11.0,岩本怜,56.0,ダ,1400.0,稍,96.3,2.6,10-6-6-6,42.9,437.0,-3.0,ウーナグローリア,
2020106842,アンミノレモン,2024/12/29,高知,晴,4.0,C2ー4,8,5.0,5,18.2,5.0,5.0,永森大智,56.0,ダ,1600.0,良,111.3,0.8,8-7-5-5,39.9,440.0,5.0,ハイモビリティ,7.0
2020106842,アンミノレモン,2024/12/14,高知,晴,7.0,第1回孝史特別(C2),10,7.0,9,31.3,7.0,7.0,多田羅誠,56.0,ダ,1400.0,良,95.0,2.2,8-9-7-7,41.6,435.0,-2.0,チョメチョメ,
2020106842,アンミノレモン,2024/11/30,高知,晴,7.0,C2ー5,10,2.0,2,54.5,6.0,4.0,永森大智,56.0,ダ,1400.0,稍,93.1,1.8,9-8-6-4,39.8,437.0,0.0,キャッスルトップ,10.5
2020106842,アンミノレモン,2024/11/16,高知,曇,7.0,C2ー5,11,6.0,7,8.0,2.0,5.0,永森大智,56.0,ダ,1600.0,重,109.4,1.2,8-8-8-4,41.3,437.0,2.0,サノノビスケッツ,7.0
2020106842,アンミノレモン,2024/11/03,高知,晴,8.0,C3ー3,10,6.0,6,6.6,3.0,1.0,永森大智,56.0,ダ,1600.0,不,107.0,-0.3,7-8-5-2,39.9,435.0,-6.0,(アンディジェン),60.0
2020106842,アンミノレモン,2024/10/20,高知,晴,4.0,C3ー3,12,1.0,1,21.8,6.0,6.0,岡遼太郎,56.0,ダ,1400.0,稍,93.3,0.7,6-6-5-5,40.9,441.0,6.0,アニマルボス,
2020106842,アンミノレモン,2024/10/05,高知,曇,3.0,泰青君誕生日特別(C3),12,3.0,3,32.4,4.0,4.0,岡遼太郎,56.0,ダ,1300.0,不,83.6,1.5,8-7-7-5,38.5,435.0,-8.0,サノノスピード,9.0
2020106842,アンミノレモン,2024/09/23,高知,晴,5.0,C3ー5,9,8.0,8,12.9,3.0,4.0,岡遼太郎,56.0,ダ,1400.0,重,92.6,0.2,7-7-7-6,40.1,443.0,-2.0,ベルドラゴ,9.0
2020106842,アンミノレモン,2024/09/07,高知,晴,3.0,C3ー5,10,2.0,2,11.6,2.0,4.0,岡遼太郎,56.0,ダ,1400.0,良,94.9,0.6,4-4-5-5,41.7,445.0,0.0,オルダージュ,9.0
2020106842,アンミノレモン,2024/08/14,園田,晴,9.0,☆稲富菜穂☆来場記念(C1),10,7.0,7,17.9,7.0,5.0,杉浦健太,56.0,ダ,1400.0,稍,94.6,1.7,7-7-6-6,42.7,445.0,0.0,ダイシンカタナ,11.0
2020106842,アンミノレモン,2024/07/31,園田,晴,10.0,C1,12,7.0,9,35.6,6.0,5.0,笹田知宏,56.0,ダ,1400.0,良,93.9,1.9,3-3-5-4,40.7,445.0,-2.0,スナークドリアン,10.0
2020106842,アンミノレモン,2024/07/11,園田,曇,9.0,C1二,11,4.0,4,29.9,5.0,5.0,杉浦健太,56.0,ダ,1400.0,重,93.3,1.8,6-6-6-6,40.6,447.0,0.0,ヨドノルミナス,10.0
2020106842,アンミノレモン,2024/06/21,園田,晴,10.0,C1,12,1.0,1,5.6,4.0,3.0,杉浦健太,56.0,ダ,1400.0,不,94.6,2.2,3-4-3-3,42.2,447.0,3.0,キクノアーデント,22.0
2020106842,アンミノレモン,2024/06/07,園田,晴,7.0,C2一,9,8.0,9,4.7,3.0,2.0,杉浦健太,57.0,ダ,1400.0,良,93.3,0.6,4-4-3-2,40.5,444.0,-8.0,ヨシノカトリヤ,24.5
2020106842,アンミノレモン,2024/05/24,園田,曇,7.0,C2二,9,2.0,2,7.3,4.0,1.0,杉浦健太,56.0,ダ,1400.0,良,92.5,-0.5,4-4-3-3,39.0,452.0,3.0,(クァンタムリープ),70.0
2020106842,アンミノレモン,2024/05/10,園田,晴,6.0,C2二,8,1.0,1,38.3,4.0,4.0,杉浦健太,56.0,ダ,1400.0,良,93.7,1.8,6-5-4-4,42.2,449.0,0.0,ハヌマーン,10.5
2020106842,アンミノレモン,2024/04/29,園田,雨,12.0,ナズナ賞C2,11,8.0,12,206.3,10.0,8.0,小谷周平,56.0,ダ,1230.0,良,82.3,2.0,7-6-7-9,40.3,449.0,-1.0,サトノアルペジオ,
2020106842,アンミノレモン,2024/04/18,園田,曇,6.0,C2一,12,4.0,4,274.3,10.0,8.0,杉浦健太,56.0,ダ,1400.0,良,93.8,1.4,10-10-10-9,40.6,450.0,-4.0,メイショウカジキ,
2020106842,アンミノレモン,2024/04/02,園田,晴,6.0,C2二,9,5.0,5,10.5,3.0,3.0,杉浦健太,56.0,ダ,1400.0,良,95.3,1.3,6-6-6-3,40.7,454.0,-1.0,ディニータ,14.0
2020106842,アンミノレモン,2024/03/21,園田,晴,4.0,C2二,12,3.0,3,20.8,6.0,7.0,杉浦健太,56.0,ダ,1400.0,稍,95.7,1.4,9-9-9-7,41.6,455.0,6.0,ハンバーグハマー,
2020106842,アンミノレモン,2024/01/25,大井,晴,3.0,C3二三四(C3三),16,4.0,7,39.9,7.0,12.0,本橋孝太,56.0,ダ,1200.0,重,77.2,1.2,15-14,38.2,449.0,-6.0,ビッグブラザー,
2020106842,アンミノレモン,2023/12/06,大井,晴,5.0,3歳150万,16,5.0,9,21.0,4.0,5.0,本橋孝太,56.0,ダ,1200.0,良,76.7,2.7,8-8,38.9,455.0,3.0,リアリーホット,14.0
2020106842,アンミノレモン,2023/11/16,大井,晴,2.0,3歳144.,14,8.0,15,13.7,5.0,5.0,本橋孝太,56.0,ダ,1200.0,良,76.8,1.1,8-9,39.7,452.0,2.0,カツワカマル,14.0
2020106842,アンミノレモン,2023/11/03,大井,晴,3.0,3歳158.,12,4.0,4,23.7,9.0,7.0,横川怜央,56.0,ダ,1600.0,良,107.4,1.7,6-6-6-5,43.0,450.0,-1.0,ビアンカ,
2020106842,アンミノレモン,2023/10/04,大井,曇,2.0,3歳161.,14,2.0,2,25.0,8.0,10.0,横川怜央,56.0,ダ,1200.0,不,75.0,1.0,6-6,39.0,451.0,1.0,クーラント,
2020106842,アンミノレモン,2023/06/07,大井,晴,5.0,3歳257万,12,1.0,1,2.6,2.0,12.0,笹川翼,56.0,ダ,1200.0,重,76.4,2.8,7-7,39.6,450.0,3.0,ヴァイスホルン,
2020106842,アンミノレモン,2023/05/23,大井,雨,1.0,3歳未受賞,8,5.0,5,1.2,1.0,1.0,笹川翼,56.0,ダ,1200.0,重,74.6,-1.7,2-2,38.3,447.0,0.0,(ミスヒカリ),170.0
2019101875,プラウドヘリテージ,2026/07/11,高知,晴,5.0,C1ー5,11,2.0,2,1.5,1.0,1,永森大智,57.0,ダ,1400.0,重,90.8,-1.1,4-4-4-2,38.6,506.0,-6.0,(タイムイズマネー),100.0
2019101875,プラウドヘリテージ,2026/05/30,2東京11,晴,4.0,障害4歳以上未勝利,13,3.0,3,43.7,9.0,中,金子光希,60.0,障,3000.0,良,,,,,512.0,4.0,モンツァフレイバー,
2019101875,プラウドヘリテージ,2026/04/04,3中山3,雨,4.0,障害4歳以上未勝利,14,6.0,9,38.3,9.0,13,江田勇亮,60.0,障,2880.0,良,208.4,10.0,14-13-13-13,14.5,508.0,0.0,ミレニアムヒロイン,
2019101875,プラウドヘリテージ,2026/02/21,1東京7,晴,10.0,金蹄S(3勝クラス),16,2.0,4,27.3,10.0,7,松岡正海,58.0,ダ,2100.0,良,131.9,1.2,2-3-5-3,38.7,508.0,0.0,レッドプロフェシー,
2019101875,プラウドヘリテージ,2025/11/24,5東京6,晴,10.0,晩秋S(3勝クラス),16,2.0,3,61.9,9.0,7,原優介,56.0,ダ,2100.0,良,131.5,1.5,3-3-3-3,38.2,508.0,4.0,キョウキランブ,
2019101875,プラウドヘリテージ,2025/09/21,4中山7,曇,10.0,内房S(3勝クラス),16,7.0,14,66.7,10.0,6,松岡正海,56.0,ダ,1800.0,良,113.5,0.5,3-3-3-3,40.1,504.0,-4.0,ハギノサステナブル,
2019101875,プラウドヘリテージ,2025/05/25,2東京10,曇,12.0,丹沢S(3勝クラス),16,7.0,14,13.8,7.0,12,シュタル,57.0,ダ,2100.0,重,129.1,1.9,4-2-2-1,37.8,508.0,-6.0,カズタンジャー,
2019101875,プラウドヘリテージ,2025/05/03,2東京3,晴,9.0,是政S(3勝クラス),16,1.0,1,15.3,7.0,16,松岡正海,58.0,ダ,2100.0,重,132.4,2.2,4-3-4-3,37.9,514.0,4.0,アムールドパリ,
2019101875,プラウドヘリテージ,2025/03/22,2中山7,晴,10.0,韓国馬事会杯(3勝クラス),16,8.0,15,16.7,5.0,5,松岡正海,58.0,ダ,1800.0,稍,113.8,0.9,3-3-2-2,39.0,510.0,-2.0,ストライク,184.0
2019101875,プラウドヘリテージ,2025/02/22,1東京7,晴,10.0,金蹄S(3勝クラス),12,2.0,2,16.1,6.0,2,松岡正海,58.0,ダ,2100.0,良,133.6,0.1,2-2-2-2,37.0,512.0,8.0,サクラトップリアル,747.8
2019101875,プラウドヘリテージ,2024/11/16,5東京5,曇,10.0,晩秋S(3勝クラス),15,6.0,10,18.6,7.0,2,ルメール,58.0,ダ,2100.0,良,131.8,0.2,2-2-2-2,36.2,504.0,-6.0,リアレスト,749.4
2019101875,プラウドヘリテージ,2024/10/13,4東京3,晴,10.0,テレビ静岡賞(3勝クラス),16,1.0,1,49.8,11.0,8,松岡正海,58.0,ダ,1400.0,良,83.8,1.1,2-2,37.0,510.0,4.0,ロードフォンス,
2019101875,プラウドヘリテージ,2024/07/06,2福島3,曇,11.0,鶴ヶ城S(3勝クラス),15,2.0,3,4.9,2.0,8,松岡正海,58.0,ダ,1700.0,良,105.1,0.9,1-1-1-1,38.1,506.0,-2.0,ショウナンライシン,
2019101875,プラウドヘリテージ,2024/06/02,3東京2,小雨,10.0,タイキシャトルC(3勝クラス),16,5.0,10,54.7,13.0,6,松岡正海,55.0,ダ,1400.0,重,82.3,0.5,6-6,35.8,508.0,0.0,バグラダス,
2019101875,プラウドヘリテージ,2024/03/23,3中山1,曇,12.0,4歳以上2勝クラス,16,7.0,13,4.0,2.0,1,松岡正海,58.0,ダ,1800.0,良,113.8,-0.3,1-1-1-1,37.8,508.0,0.0,(シゲルカミカゼ),1140.0
2019101875,プラウドヘリテージ,2024/03/02,2中山3,曇,12.0,4歳以上2勝クラス,13,4.0,4,6.1,2.0,2,松岡正海,58.0,ダ,1800.0,重,113.6,0.0,1-1-1-1,37.0,508.0,-8.0,リチャ,460.0
2019101875,プラウドヘリテージ,2024/01/14,1中山5,晴,8.0,4歳以上2勝クラス,16,7.0,13,121.2,11.0,3,松岡正海,58.0,ダ,1800.0,良,113.2,0.6,2-2-2-1,38.5,516.0,6.0,ペンティメント,290.0
2019101875,プラウドヘリテージ,2023/11/11,5東京3,曇,8.0,3歳以上2勝クラス,16,2.0,3,87.9,13.0,13,松岡正海,58.0,ダ,1600.0,良,98.7,2.3,5-4,39.3,510.0,-2.0,クインズジュピタ,
2019101875,プラウドヘリテージ,2023/05/28,2東京12,晴,6.0,4歳以上1勝クラス,16,2.0,3,20.3,8.0,1,松岡正海,58.0,ダ,1400.0,良,85.0,-0.2,1-1,37.2,512.0,4.0,(サヨノフィールド),800.0
2019101875,プラウドヘリテージ,2023/02/18,1東京7,晴,4.0,4歳以上1勝クラス,16,3.0,6,65.0,13.0,11,北村宏司,58.0,ダ,1600.0,稍,99.6,1.9,8-8,38.9,508.0,-4.0,ネオヒューズ,
2019101875,プラウドヘリテージ,2022/11/13,5東京4,曇,7.0,3歳以上1勝クラス,16,2.0,4,20.5,9.0,14,石川裕紀,56.0,ダ,1600.0,良,99.9,2.9,2-2,39.6,512.0,-4.0,ヴァーンフリート,
2019101875,プラウドヘリテージ,2022/10/22,4東京6,曇,7.0,3歳以上1勝クラス,13,4.0,5,16.7,6.0,4,松岡正海,55.0,ダ,1600.0,良,99.4,1.2,3-2,38.2,516.0,2.0,サイモンメガライズ,120.0
2019101875,プラウドヘリテージ,2022/07/23,2福島7,曇,4.0,3歳未勝利,15,3.0,4,205.0,11.0,1,松岡正海,56.0,ダ,1700.0,重,106.5,0.0,1-1-1-1,38.1,514.0,0.0,(ヤサカシュエット),520.0
2022105826,ハプスブルグ,2026/07/11,高知,晴,1.0,C3ー5,9,7.0,7,4.7,3.0,5,多田羅誠,55.0,ダ,1600.0,重,110.6,0.8,6-3-1-3,42.0,502.0,4.0,アンダーザスター,6.0
2022105826,ハプスブルグ,2026/07/04,高知,曇,8.0,C3ー7,8,3.0,3,20.5,6.0,5,岡村卓弥,55.0,ダ,800.0,不,49.6,1.5,7-6,36.2,498.0,-3.0,アルトシュタット,6.0
2022105826,ハプスブルグ,2026/06/21,高知,晴,10.0,ファイナルレース(C3),12,5.0,6,12.1,8.0,2,多田羅誠,55.0,ダ,1400.0,不,91.8,0.2,5-5-5-5,39.9,501.0,-1.0,セントキルダ,24.0
2022105826,ハプスブルグ,2026/06/06,高知,曇,6.0,C3ー8,9,5.0,5,26.2,5.0,6,多田羅誠,55.0,ダ,1300.0,不,85.4,1.5,5-5-6-7,39.4,502.0,-3.0,フクノスパイン,
2022105826,ハプスブルグ,2026/05/23,高知,曇,7.0,C3ー9,9,7.0,8,25.1,5.0,5,山崎雅由,55.0,ダ,1400.0,不,91.7,1.7,3-3-3-4,40.7,505.0,1.0,ソルデマジョ,6.0
2022105826,ハプスブルグ,2026/05/09,高知,晴,6.0,C3ー9,10,3.0,3,30.9,5.0,8,郷間勇太,55.0,ダ,1300.0,稍,87.8,3.1,6-7-7-8,41.6,504.0,-4.0,ライゾマティクス,
2022105826,ハプスブルグ,2026/04/25,高知,晴,6.0,C3ー10,11,4.0,4,56.1,6.0,2,郷間勇太,55.0,ダ,1400.0,不,91.3,0.0,5-4-4-3,39.9,508.0,9.0,ブルームソング,24.0
2022105826,ハプスブルグ,2026/04/12,高知,晴,11.0,ファイナルレース(C3),12,8.0,12,14.1,5.0,2,多田羅誠,55.0,ダ,1300.0,重,84.7,0.2,2-2-2-3,39.4,499.0,0.0,ララハカランダ,24.0
2022105826,ハプスブルグ,2026/03/25,高知,雨,10.0,ファイナルレース(C3),12,3.0,3,24.5,9.0,6,城野慈尚,54.0,ダ,1300.0,不,84.0,1.8,10-10-10-11,39.0,499.0,1.0,ビッグバンドビート,
2022105826,ハプスブルグ,2026/03/11,高知,晴,4.0,C3ー7,11,7.0,8,16.6,4.0,4,山崎雅由,55.0,ダ,1600.0,稍,110.7,0.8,7-7-6-6,40.4,498.0,-5.0,ティアップマッハ,9.0
2022105826,ハプスブルグ,2026/02/25,高知,曇,3.0,C3ー9,10,6.0,6,47.0,6.0,3,城野慈尚,54.0,ダ,1400.0,不,91.2,0.8,7-7-8-8,39.4,503.0,1.0,フジルバーブ,15.0
2022105826,ハプスブルグ,2026/02/17,高知,晴,9.0,ファイナルレース(C3),11,7.0,8,20.0,9.0,7,城野慈尚,54.0,ダ,1600.0,稍,110.5,0.6,8-8-8-10,40.9,502.0,2.0,エースオーディン,
2022105826,ハプスブルグ,2026/02/02,高知,晴,9.0,ファイナルレース(C3),12,7.0,10,21.2,10.0,7,城野慈尚,54.0,ダ,1400.0,良,93.6,1.2,9-9-9-11,40.1,500.0,1.0,リライトヒストリー,
2022105826,ハプスブルグ,2026/01/27,高知,晴,4.0,C3ー10,10,3.0,3,41.8,6.0,4,郷間勇太,55.0,ダ,1600.0,良,108.2,0.9,7-7-7-6,39.4,499.0,1.0,ペタルビジュー,9.0
2022105826,ハプスブルグ,2026/01/12,高知,晴,3.0,C3ー13,10,1.0,1,48.9,5.0,7,林謙佑,55.0,ダ,1400.0,良,94.8,0.8,8-6-6-8,41.5,498.0,1.0,アルデココ,
2022105826,ハプスブルグ,2025/12/31,高知,晴,11.0,2025ファイナルレ(C3),12,4.0,4,65.1,12.0,9,郷間勇太,55.0,ダ,1300.0,良,87.6,1.0,11-11-11-11,39.5,497.0,7.0,ゼンノソブリン,
2022105826,ハプスブルグ,2025/12/21,高知,曇,5.0,C3ー14,10,8.0,10,43.4,6.0,6,郷間勇太,55.0,ダ,1400.0,重,93.0,1.6,6-6-6-7,40.3,490.0,5.0,ディープカインズ,
2022105826,ハプスブルグ,2025/12/07,高知,晴,5.0,酒盗特別(C3),12,8.0,11,191.8,9.0,6,佐原秀泰,55.0,ダ,1300.0,良,87.5,2.6,5-6-7-8,41.1,485.0,-2.0,アルトシュタット,
2022105826,ハプスブルグ,2025/11/24,高知,曇,5.0,C3ー17,8,6.0,6,20.4,5.0,2,山崎雅由,55.0,ダ,1600.0,良,110.0,1.2,6-5-5-4,40.6,487.0,8.0,プリンセスダイヤ,24.0
2022105826,ハプスブルグ,2025/11/09,高知,晴,8.0,C3ー15,10,7.0,7,43.4,7.0,9,佐原秀泰,55.0,ダ,1400.0,不,91.5,2.2,6-7-7-8,40.3,479.0,-1.0,ディヴァージオン,
2022105826,ハプスブルグ,2025/10/25,高知,曇,11.0,ファイナルレース(C3),12,5.0,6,31.9,12.0,8,山崎雅由,55.0,ダ,1300.0,不,86.2,1.3,11-12-12-11,38.7,480.0,4.0,ニューウォーク,
2022105826,ハプスブルグ,2025/10/12,高知,曇,10.0,C3ー15,10,8.0,9,18.4,7.0,7,林謙佑,55.0,ダ,1600.0,稍,108.8,1.7,5-5-6-8,41.5,476.0,-11.0,ノアプレスリー,
2022105826,ハプスブルグ,2025/09/27,高知,曇,2.0,えひめ道後特別(3歳),10,5.0,5,27.1,5.0,5,佐原秀泰,55.0,ダ,1300.0,不,86.3,2.1,8-8-7-7,39.7,487.0,7.0,トウカイクレオス,6.0
2022105826,ハプスブルグ,2025/09/14,高知,晴,8.0,3歳ー3,12,1.0,1,9.9,6.0,5,佐原秀泰,55.0,ダ,1400.0,重,93.4,0.7,12-11-9-5,41.3,480.0,-2.0,トサノオウマサン,6.0
2022105826,ハプスブルグ,2025/08/03,1札幌4,晴,2.0,3歳未勝利,14,3.0,4,216.6,12.0,9,古川奈穂,52.0,ダ,1700.0,良,109.2,2.6,8-8-10-13,40.1,482.0,-7.0,レディゴディヴァ,
2022105826,ハプスブルグ,2025/07/08,川崎,晴,8.0,ジュライフラワー賞(3歳C1),12,5.0,6,8.5,5.0,8,佐野遥久,53.0,ダ,1500.0,良,98.6,2.7,5-6-8-9,42.0,489.0,7.0,チャチャハツゴウ,
2022105826,ハプスブルグ,2025/05/24,1新潟7,曇,2.0,3歳未勝利,15,2.0,2,85.0,11.0,8,古川奈穂,52.0,ダ,1800.0,良,116.7,1.9,7-7-9-9,39.8,482.0,-6.0,トゥーザムーン,
2022105826,ハプスブルグ,2025/05/11,1新潟4,小雨,1.0,3歳未勝利,15,8.0,14,82.2,11.0,4,古川奈穂,52.0,ダ,1800.0,稍,117.4,1.3,5-5-4-4,39.1,488.0,7.0,レイバックスピン,84.0
2022105826,ハプスブルグ,2025/04/08,川崎,晴,9.0,ダイヤモンドフラワー(3歳),9,4.0,4,23.5,7.0,3,佐野遥久,53.0,ダ,1600.0,稍,107.3,0.3,3-3-2-3,41.0,481.0,1.0,テディージュエリー,62.5
2022105826,ハプスブルグ,2025/02/15,1京都5,晴,3.0,3歳未勝利,16,3.0,6,386.2,15.0,13,中井裕二,55.0,ダ,1400.0,良,88.1,1.9,15-15,39.0,480.0,-2.0,スニーカースキル,
2022105826,ハプスブルグ,2024/11/30,7京都1,晴,1.0,2歳未勝利,14,5.0,7,355.0,12.0,11,丹内祐次,55.0,ダ,1800.0,稍,119.7,4.9,10-11-11-12,42.1,482.0,2.0,ヴァンアグレアブル,
2022105826,ハプスブルグ,2024/11/17,6京都6,曇,3.0,2歳未勝利,14,7.0,11,176.2,10.0,11,北村友一,55.0,芝,1600.0,良,96.8,2.2,9-11,36.6,480.0,12.0,キスアンドクライ,
2022105826,ハプスブルグ,2024/09/01,2札幌8,晴,1.0,2歳未勝利,12,5.0,6,130.2,9.0,9,丹内祐次,55.0,芝,1500.0,稍,92.7,1.9,8-7-9,37.3,468.0,-12.0,ヒシアマン,
2022105826,ハプスブルグ,2024/08/18,2札幌4,曇,5.0,2歳新馬,9,4.0,4,9.8,5.0,6,丹内祐次,55.0,芝,2000.0,良,126.2,1.6,3-3-4-6,37.6,480.0,0.0,ショウナンバルドル,
2022103681,コントリビュート,2026/06/17,門別,晴,7.0,沙流川温泉ひだか高原(C4),11,7.0,9,154.5,11.0,9,渡辺準己,54.0,ダ,1000.0,良,63.2,1.1,11-10,36.7,494.0,2.0,ロスカキック,
2022103681,コントリビュート,2026/06/04,門別,晴,2.0,3歳以上C4ー2,12,1.0,1,308.3,11.0,8,黒澤愛斗,57.0,ダ,1000.0,良,63.9,2.1,12-12,37.7,492.0,4.0,フロルドラーダ,
2022103681,コントリビュート,2026/05/20,門別,曇,10.0,グランシャリオドリー(C4),14,7.0,12,15.6,6.0,12,井上瑛太,57.0,ダ,1200.0,良,77.3,2.3,2-1,40.5,488.0,-6.0,ガイストゼーゲン,
2022103681,コントリビュート,2026/05/06,門別,晴,3.0,3歳以上C4ー2,12,4.0,4,40.4,9.0,8,井上瑛太,57.0,ダ,1000.0,稍,63.5,1.8,9-9,37.8,494.0,3.0,ワイルドタイタン,
2022103681,コントリビュート,2026/03/19,園田,曇,2.0,C3三,10,6.0,6,6.9,3.0,8,新庄海誠,56.0,ダ,1400.0,重,97.0,1.5,1-1-2-2,43.6,491.0,-5.0,スマートカナートス,
2022103681,コントリビュート,2026/03/05,姫路,晴,12.0,タンポポ賞C3一,12,6.0,7,61.9,11.0,11,新庄海誠,56.0,ダ,800.0,稍,53.3,1.4,11-11,38.6,496.0,0.0,アオユウスター,
2022103681,コントリビュート,2026/02/11,姫路,曇,3.0,C3二,10,6.0,6,4.3,4.0,3,新庄海誠,56.0,ダ,800.0,稍,52.6,0.2,4-4,38.4,496.0,-7.0,ハンバーグハマー,15.0
2022103681,コントリビュート,2026/01/22,姫路,晴,3.0,C3二,11,3.0,3,3.1,2.0,7,小牧太,57.0,ダ,800.0,良,53.5,1.4,9-9,39.0,503.0,5.0,アラジャイ,
2022103681,コントリビュート,2025/12/30,園田,曇,6.0,C3一,12,8.0,11,10.5,4.0,7,新庄海誠,56.0,ダ,820.0,稍,52.7,0.7,3-4,38.3,498.0,19.0,シロズキンチャン,
2022103681,コントリビュート,2025/09/04,園田,曇,5.0,パカやろう!長月の蹄(C2),12,1.0,1,42.4,9.0,6,大柿一真,56.0,ダ,820.0,良,52.0,1.0,8-6,37.6,479.0,5.0,ラッピングボックス,
2022103681,コントリビュート,2025/08/14,園田,晴,2.0,教養センター騎手候補(C3),11,8.0,10,7.0,5.0,1,大柿一真,56.0,ダ,820.0,良,51.8,0.0,4-3,37.3,474.0,1.0,(リベリューラ),60.0
2022103681,コントリビュート,2025/08/01,園田,晴,12.0,不撓不屈ダッシュC3,12,6.0,7,19.8,5.0,3,大柿一真,56.0,ダ,820.0,良,51.9,1.0,4-4,37.2,473.0,-9.0,リュウノツカイ,15.0
2022103681,コントリビュート,2025/07/09,園田,晴,1.0,仁方ダッシュC3二,12,1.0,1,77.5,10.0,9,大柿一真,56.0,ダ,820.0,良,52.7,2.0,9-9,37.6,482.0,8.0,クイーンクラフト,
2022103681,コントリビュート,2025/06/13,園田,晴,9.0,3歳C1,12,4.0,4,332.7,12.0,7,大柿一真,56.0,ダ,820.0,稍,52.4,0.7,10-10,37.3,474.0,-4.0,スパイウェア,
2022103681,コントリビュート,2025/06/05,園田,晴,9.0,3歳C1C2,12,6.0,8,166.1,10.0,11,永井孝典,57.0,ダ,1230.0,稍,85.7,4.5,8-8-5-9,44.2,478.0,-8.0,レベッカレインボー,
2022103681,コントリビュート,2025/05/14,園田,晴,5.0,DASHーpayマン(C1C2),12,7.0,9,168.3,12.0,12,新庄海誠,56.0,ダ,1230.0,良,84.9,3.7,11-11-12-12,42.6,486.0,2.0,リリーハート,
2022103681,コントリビュート,2025/05/01,園田,晴,5.0,榊町7ハロン3歳C1,11,6.0,7,39.1,8.0,10,新庄海誠,55.0,ダ,1400.0,良,95.8,4.4,4-4-5-8,43.7,484.0,14.0,コパカツ,
2022103681,コントリビュート,2025/01/25,1中京8,晴,5.0,3歳未勝利,18,2.0,4,476.5,18.0,17,鷲頭虎太,54.0,芝,1400.0,良,85.3,3.2,18-18,36.2,470.0,1.0,チムグクル,
2022103681,コントリビュート,2025/01/15,園田,晴,10.0,JRA交流多紀連山特,11,2.0,2,13.9,6.0,5,鷲頭虎太,52.0,ダ,1400.0,良,95.2,1.2,1-1-1-1,43.5,469.0,-9.0,サンジュウロウ,15.0
2022103681,コントリビュート,2024/12/14,7京都5,曇,3.0,2歳未勝利,15,7.0,12,223.4,13.0,14,国分優作,56.0,芝,1200.0,良,71.3,1.9,13-12,35.5,478.0,4.0,スピリットライズ,
2022103681,コントリビュート,2024/10/20,5京都6,晴,3.0,2歳新馬,16,8.0,16,38.1,9.0,15,幸英明,56.0,ダ,1200.0,稍,78.8,6.6,16-16,39.3,474.0,0.0,フェデラー,
2021101210,ジェンマ,2026/07/12,高知,曇,9.0,柏島特別(C1),12,3.0,3,107.8,11.0,9.0,大澤誠志,57.0,ダ,1400.0,稍,92.3,2.3,8-9-8-10,39.5,503.0,2.0,ウィズユアドリーム,
2021101210,ジェンマ,2026/06/28,高知,曇,8.0,C1ー3,11,7.0,9,35.0,6.0,3.0,岡村卓弥,57.0,ダ,1600.0,不,105.3,1.0,4-3-1-2,39.3,501.0,-1.0,グランツアーテム,30.0
2021101210,ジェンマ,2026/06/14,高知,曇,8.0,C1ー3,11,1.0,1,40.1,7.0,4.0,岡村卓弥,57.0,ダ,1400.0,重,91.8,0.5,7-8-7-6,39.7,502.0,-2.0,ステラマテュティナ,20.0
2021101210,ジェンマ,2026/05/31,高知,晴,7.0,C1ー4,11,4.0,4,106.4,7.0,6.0,岡村卓弥,57.0,ダ,1600.0,稍,107.3,2.1,3-3-4-6,41.4,504.0,1.0,ダオラダオラ,
2021101210,ジェンマ,2026/05/17,高知,晴,12.0,ファイナルレース(C1),12,3.0,3,3.8,1.0,3.0,岡村卓弥,57.0,ダ,1400.0,良,93.8,0.1,6-7-7-6,40.9,503.0,-5.0,ハルノサムソン,30.0
2021101210,ジェンマ,2026/05/03,高知,雨,8.0,C1ー4,12,4.0,4,12.9,7.0,7.0,岡村卓弥,57.0,ダ,1300.0,不,83.3,1.2,9-10-10-7,37.9,508.0,6.0,モズライフセーバー,
2021101210,ジェンマ,2026/04/19,高知,曇,12.0,ファイナルレース(C1),12,6.0,8,21.3,11.0,9.0,山田義貴,57.0,ダ,1400.0,重,92.3,2.2,9-9-10-10,40.5,502.0,3.0,ジークシュベルト,
2021101210,ジェンマ,2026/04/04,高知,雨,7.0,C1ー5,0,2.0,2,,,,山田義貴,57.0,ダ,1600.0,不,,,,,,,,
2021101210,ジェンマ,2026/03/25,高知,雨,9.0,龍河洞特別(C1),7,7.0,7,48.1,7.0,5.0,林謙佑,57.0,ダ,1300.0,不,82.7,1.4,6-7-7-6,38.5,499.0,6.0,スピードイエロー,16.0
2021101210,ジェンマ,2026/03/11,高知,晴,8.0,C1ー2,9,7.0,7,7.0,4.0,2.0,林謙佑,57.0,ダ,1400.0,稍,93.1,0.9,7-7-7-6,40.4,493.0,2.0,メイショウシロガネ,36.0
2021101210,ジェンマ,2026/02/25,高知,曇,9.0,佐田沈下橋特別(C1),9,2.0,2,16.9,5.0,8.0,林謙佑,57.0,ダ,1600.0,不,104.9,2.2,5-6-7-8,39.9,491.0,1.0,ダノンウィルヘルム,
2021101210,ジェンマ,2026/02/11,高知,曇,7.0,アカメ特別(C1),9,4.0,4,4.4,3.0,4.0,林謙佑,57.0,ダ,1300.0,重,84.5,1.1,4-4-4-3,38.9,490.0,0.0,ヴィアダクト,13.5
2021101210,ジェンマ,2026/01/25,高知,晴,5.0,大寒特別(C2),10,8.0,9,14.4,4.0,1.0,林謙佑,57.0,ダ,1400.0,良,91.7,-0.6,1-1-1-1,39.5,490.0,-1.0,(セイウンガレオン),130.0
2021101210,ジェンマ,2026/01/10,高知,晴,11.0,ファイナルレース(C2),12,4.0,4,2.7,1.0,1.0,林謙佑,57.0,ダ,1300.0,良,86.3,-0.1,7-7-7-4,40.3,491.0,-1.0,(マツリダショパン),70.0
2021101210,ジェンマ,2025/12/28,高知,晴,3.0,お疲れ様特別(C2),11,2.0,2,9.9,4.0,4.0,林謙佑,57.0,ダ,1600.0,良,109.8,1.9,3-3-4-3,41.1,492.0,1.0,イモータルウインド,10.5
2021101210,ジェンマ,2025/12/13,高知,曇,1.0,C2ー7,11,1.0,1,19.2,5.0,5.0,林謙佑,57.0,ダ,1400.0,良,93.7,0.9,7-6-6-6,40.9,491.0,-7.0,トルタカプレーゼ,7.0
2021101210,ジェンマ,2025/11/29,高知,晴,10.0,C2ー7,11,1.0,1,22.6,5.0,4.0,林謙佑,57.0,ダ,1400.0,良,94.1,1.8,6-4-4-3,40.2,498.0,14.0,メイショウヨンク,10.5
2021101210,ジェンマ,2025/10/19,4新潟2,曇,8.0,3歳以上1勝クラス,15,4.0,7,145.8,14.0,14.0,小林凌大,58.0,ダ,2500.0,重,167.5,5.7,1-1-12-15,42.6,484.0,0.0,リエータメンテ,
2021101210,ジェンマ,2025/05/25,1新潟8,小雨,4.0,障害4歳以上未勝利,14,3.0,3,229.6,12.0,12.0,坂口智康,57.0,障,2890.0,稍,201.4,6.9,14-14-13-13,13.9,484.0,-2.0,トゥラッタッタ,
2021101210,ジェンマ,2025/02/16,1小倉8,晴,8.0,4歳以上1勝クラス,14,7.0,12,30.2,7.0,12.0,小林美駒,53.0,ダ,1700.0,良,107.8,1.8,4-5-5-9,39.6,486.0,0.0,ルフトクス,
2021101210,ジェンマ,2025/02/02,1東京2,小雨,7.0,4歳以上1勝クラス,16,4.0,8,85.4,9.0,10.0,田辺裕信,58.0,ダ,1600.0,稍,99.0,1.5,1-1,39.9,486.0,10.0,マスグラバイト,
2021101210,ジェンマ,2024/11/17,3福島6,晴,3.0,3歳以上1勝クラス,15,2.0,3,84.3,13.0,11.0,小林美駒,52.0,ダ,1700.0,良,108.8,2.3,15-15-15-14,38.6,476.0,4.0,ポワンキュルミナン,
2021101210,ジェンマ,2024/09/15,4中山4,晴,6.0,3歳以上1勝クラス,16,5.0,10,41.0,11.0,10.0,石田拓郎,52.0,ダ,1800.0,良,115.7,2.3,8-8-8-7,40.0,472.0,-4.0,デフィニティーボ,
2021101210,ジェンマ,2024/08/03,1札幌5,曇,12.0,3歳以上1勝クラス,14,5.0,8,47.1,11.0,13.0,黛弘人,55.0,ダ,1700.0,良,107.8,2.5,12-11-11-12,38.7,476.0,4.0,クォーツァイト,
2021101210,ジェンマ,2024/07/20,1札幌1,晴,12.0,3歳以上1勝クラス,11,6.0,7,11.1,6.0,8.0,小林勝太,52.0,ダ,1700.0,良,108.0,1.2,8-8-7-4,40.6,472.0,-4.0,トリグラフ,
2021101210,ジェンマ,2024/06/02,3東京2,小雨,8.0,3歳以上1勝クラス,16,1.0,1,49.7,10.0,5.0,小林美駒,51.0,ダ,1600.0,重,95.9,1.3,3-3,36.5,476.0,8.0,ターコイズフリンジ,80.0
2021101210,ジェンマ,2024/05/12,1新潟6,曇,3.0,3歳未勝利,15,7.0,13,6.7,3.0,1.0,小林美駒,53.0,ダ,1800.0,良,114.6,-0.4,1-1-1-1,37.2,468.0,-4.0,(ラキアレクサンダー),550.0
2021101210,ジェンマ,2024/04/27,2東京3,曇,2.0,3歳未勝利,15,8.0,14,5.7,2.0,6.0,横山武史,57.0,ダ,1600.0,稍,99.6,1.7,3-4,38.4,472.0,6.0,ライクファーザー,
2021101210,ジェンマ,2024/04/07,3中山6,曇,2.0,3歳未勝利,14,3.0,4,8.0,5.0,2.0,戸崎圭太,57.0,ダ,1800.0,重,114.3,0.2,2-2-2-2,38.8,466.0,-2.0,オウケンシルヴァー,220.0
2021101210,ジェンマ,2024/03/24,3中山2,曇,3.0,3歳未勝利,16,4.0,7,308.4,14.0,4.0,小林勝太,54.0,ダ,1800.0,良,116.2,1.7,13-13-14-12,39.5,468.0,0.0,スプレーフォール,83.0
2021101210,ジェンマ,2024/01/18,船橋,晴,7.0,ベストサドル特別(3歳未格),10,8.0,10,11.0,6.0,3.0,小林勝太,53.0,ダ,1700.0,良,113.2,1.6,6-6-5-5,40.3,468.0,-14.0,コスモインシスト,62.5
2021101210,ジェンマ,2023/12/23,5中山7,晴,6.0,2歳新馬,16,3.0,5,76.8,11.0,13.0,ドイル,56.0,ダ,1800.0,良,119.7,5.3,10-8-13-13,41.1,482.0,0.0,ウィンドフォール,
2022101097,ディープカインズ,2026/07/12,高知,曇,10.0,ファイナルレース(C1),12,5.0,6,7.0,3.0,9,赤岡修次,57.0,ダ,1400.0,稍,94.0,1.9,8-8-9-9,41.7,463.0,3.0,ラインメッセージ,
2022101097,ディープカインズ,2026/06/27,高知,曇,5.0,C1ー6,8,3.0,3,6.6,3.0,5,多田羅誠,57.0,ダ,1600.0,不,106.0,1.6,7-6-6-6,39.9,460.0,-2.0,ネイルンノ,10.0
2022101097,ディープカインズ,2026/06/13,高知,晴,4.0,C1ー5,11,4.0,4,56.6,10.0,3,城野慈尚,56.0,ダ,1400.0,稍,93.3,2.1,11-11-10-8,40.4,462.0,5.0,メイショウカズサ,30.0
2022101097,ディープカインズ,2026/05/30,高知,晴,3.0,C1ー7,10,3.0,3,4.0,3.0,8,岡村卓弥,57.0,ダ,1600.0,稍,109.4,1.7,5-5-5-6,41.1,457.0,3.0,クラウンセヘル,
2022101097,ディープカインズ,2026/05/16,高知,晴,9.0,C2ー2,10,7.0,8,8.9,5.0,2,岡村卓弥,57.0,ダ,1300.0,良,86.3,0.0,6-6-6-6,40.0,454.0,-3.0,ビッグショータイム,32.0
2022101097,ディープカインズ,2026/05/02,高知,晴,10.0,八十八夜特別(C2),11,8.0,10,43.3,8.0,7,岡村卓弥,57.0,ダ,1400.0,重,92.2,1.7,5-5-5-7,39.8,457.0,5.0,ダオラダオラ,
2022101097,ディープカインズ,2026/04/18,高知,曇,7.0,C2ー5,11,1.0,1,20.1,6.0,1,多田羅誠,57.0,ダ,1600.0,重,106.9,0.0,3-4-3-2,39.9,452.0,0.0,(ビーム),80.0
2022101097,ディープカインズ,2026/04/05,高知,晴,7.0,ハナモモ特別(C3),12,7.0,9,21.8,6.0,1,岡村卓弥,57.0,ダ,1300.0,不,83.3,0.0,8-5-5-4,38.1,452.0,-4.0,(フリントロック),80.0
2022101097,ディープカインズ,2026/03/24,高知,晴,9.0,C3ー2,11,7.0,8,7.7,4.0,4,多田羅誠,57.0,ダ,1600.0,稍,108.1,0.6,6-6-7-6,40.3,456.0,-2.0,ポッドコンティ,9.0
2022101097,ディープカインズ,2026/03/17,高知,晴,4.0,C3ー3,7,5.0,5,5.2,3.0,3,多田羅誠,57.0,ダ,1400.0,良,94.8,0.6,5-5-5-5,40.0,458.0,4.0,アルヒジュル,15.0
2022101097,ディープカインズ,2026/03/10,高知,晴,5.0,ヒナギク特別(C3),10,6.0,6,119.5,10.0,7,多田羅誠,57.0,ダ,1300.0,稍,86.6,2.2,10-10-10-10,40.5,454.0,-2.0,ケルピー,
2022101097,ディープカインズ,2026/02/23,高知,晴,4.0,C3ー4,9,5.0,5,1.8,1.0,1,多田羅誠,57.0,ダ,1300.0,良,86.6,-0.1,6-6-6-5,38.8,456.0,3.0,(クエンカ),60.0
2022101097,ディープカインズ,2026/02/17,高知,晴,2.0,C3ー4,11,6.0,7,10.3,5.0,4,吉原寛人,57.0,ダ,1400.0,稍,93.7,0.8,9-9-9-7,38.7,453.0,0.0,リワードインペリオ,9.0
2022101097,ディープカインズ,2026/02/10,高知,曇,3.0,C3ー5,11,4.0,4,11.7,4.0,4,多田羅誠,57.0,ダ,1300.0,良,85.9,1.3,10-10-8-5,38.9,453.0,0.0,ダオラダオラ,9.0
2022101097,ディープカインズ,2026/01/26,高知,晴,4.0,C3ー6,8,3.0,3,3.6,3.0,2,多田羅誠,57.0,ダ,1600.0,良,107.9,0.5,5-5-6-5,38.3,453.0,-1.0,ナバロン,24.0
2022101097,ディープカインズ,2026/01/21,高知,晴,4.0,C3ー7,11,7.0,9,22.6,4.0,4,多田羅誠,57.0,ダ,1300.0,良,85.4,1.7,9-9-8-7,38.6,454.0,3.0,リワードインペリオ,9.0
2022101097,ディープカインズ,2026/01/11,高知,晴,5.0,C3ー10,8,4.0,4,7.7,3.0,3,多田羅誠,57.0,ダ,1400.0,良,93.6,2.2,6-6-6-5,39.6,451.0,7.0,テーオーシリウス,15.0
2022101097,ディープカインズ,2025/12/21,高知,曇,5.0,C3ー14,10,3.0,3,2.0,1.0,1,多田羅誠,57.0,ダ,1400.0,重,91.4,-0.2,5-4-4-4,39.6,444.0,-7.0,(ココリハクタク),60.0
2022101097,ディープカインズ,2025/12/07,高知,晴,3.0,C3ー16,11,6.0,7,7.2,3.0,3,多田羅誠,57.0,ダ,1300.0,良,86.4,1.5,8-8-8-7,38.6,451.0,6.0,テーオーシリウス,15.0
2022101097,ディープカインズ,2025/11/24,高知,曇,4.0,C3ー18,8,6.0,6,3.2,2.0,2,多田羅誠,57.0,ダ,1600.0,良,108.3,0.3,6-5-5-4,40.6,445.0,3.0,ジーティーハッピー,24.0
2022101097,ディープカインズ,2025/11/09,高知,晴,3.0,C3ー17,12,2.0,2,9.0,4.0,3,多田羅誠,57.0,ダ,1400.0,不,89.6,0.6,7-7-6-3,38.0,442.0,-1.0,アンダーザブリッジ,15.0
2022101097,ディープカインズ,2025/10/26,高知,晴,3.0,C3ー17,11,7.0,8,8.6,5.0,3,多田羅誠,57.0,ダ,1300.0,不,84.8,0.9,9-9-8-8,38.3,443.0,-4.0,アメリカンクール,15.0
2022101097,ディープカインズ,2025/10/12,高知,曇,3.0,C3ー20,11,8.0,11,10.1,6.0,4,多田羅誠,57.0,ダ,1600.0,稍,108.8,0.6,5-6-5-4,40.4,447.0,-2.0,スーパーキティ,9.0
2022101097,ディープカインズ,2025/09/28,高知,曇,3.0,3歳ー7,11,8.0,11,18.4,6.0,9,城野慈尚,56.0,ダ,1300.0,不,86.9,0.8,6-6-7-10,39.9,449.0,3.0,アーベントゾンネ,
2022101097,ディープカインズ,2025/09/13,高知,曇,1.0,3歳ー9,11,2.0,2,19.1,9.0,4,城野慈尚,56.0,ダ,1400.0,不,93.5,1.0,11-11-10-9,39.9,446.0,18.0,アメリカンクール,9.0
2022101097,ディープカインズ,2025/08/03,3中京4,晴,4.0,3歳未勝利,16,3.0,5,235.6,14.0,11,太宰啓介,57.0,ダ,1900.0,良,125.2,2.0,13-14-14-13,37.8,428.0,-12.0,ヴァリオーサ,
2022101097,ディープカインズ,2025/06/15,3阪神4,曇,2.0,3歳未勝利,14,6.0,9,271.7,13.0,8,河原田菜,53.0,ダ,1800.0,不,115.7,4.1,11-11-11-10,39.4,440.0,6.0,メイショウヤシマ,
2022101097,ディープカインズ,2025/04/20,2阪神8,曇,5.0,3歳未勝利,18,7.0,14,469.1,18.0,16,和田陽希,54.0,芝,1800.0,良,108.7,2.5,17-18,35.0,434.0,4.0,アスクヴォルテージ,
2022101097,ディープカインズ,2025/03/15,2中京1,曇,4.0,3歳未勝利,15,6.0,10,122.5,10.0,9,松本大輝,56.0,ダ,1800.0,良,116.6,1.3,14-13-13-13,38.5,430.0,-6.0,カミノレアル,
2022101097,ディープカインズ,2025/02/23,1京都8,晴,2.0,3歳未勝利,16,1.0,1,45.4,8.0,8,太宰啓介,57.0,ダ,1800.0,良,117.9,2.4,13-13-13-14,39.2,436.0,4.0,ニシノミチアキ,
2022101097,ディープカインズ,2025/01/19,1中京7,曇,2.0,3歳未勝利,13,7.0,10,305.6,13.0,6,太宰啓介,57.0,ダ,1800.0,良,116.4,1.8,10-10-10-10,38.5,432.0,0.0,ロードトルネード,
2022101097,ディープカインズ,2025/01/05,1中京1,晴,3.0,3歳未勝利,16,8.0,15,179.7,14.0,12,太宰啓介,57.0,ダ,1900.0,良,124.2,2.0,5-5-1-1,41.0,432.0,-2.0,ハグ,
2022101097,ディープカインズ,2024/12/01,4中京2,晴,4.0,2歳未勝利,15,6.0,11,220.9,11.0,11,河原田菜,52.0,芝,1600.0,良,96.6,1.7,12-14-14,34.6,434.0,4.0,ラージギャラリー,
2022101097,ディープカインズ,2024/11/03,5東京2,晴,3.0,2歳未勝利,9,7.0,7,171.5,9.0,7,酒井学,56.0,芝,2000.0,良,122.4,1.4,3-3-3,35.6,430.0,0.0,ディヴァインスター,
2022101097,ディープカインズ,2024/10/13,5京都4,晴,5.0,2歳新馬,11,3.0,3,16.1,7.0,8,古川吉洋,56.0,芝,1800.0,良,110.8,1.4,8-8,35.9,430.0,0.0,ロヴィーサ,
2020104679,コパノハンプトン,2026/06/28,高知,曇,6.0,ギボウシ特別(C3),9,4.0,4,1.7,1.0,1,赤岡修次,57.0,ダ,1300.0,不,82.7,-0.2,3-2-1-1,38.5,531.0,4.0,(ライゾマティクス),120.0
2020104679,コパノハンプトン,2026/06/06,高知,曇,5.0,C3ー9,11,5.0,5,1.0,1.0,1,赤岡修次,57.0,ダ,1300.0,不,82.8,-1.3,3-3-2-2,37.8,527.0,1.0,(エターナルライズ),60.0
2020104679,コパノハンプトン,2026/05/24,高知,曇,7.0,C3ー13,9,8.0,9,1.2,1.0,1,赤岡修次,57.0,ダ,1400.0,不,89.5,-1.1,1-1-1-1,37.8,526.0,20.0,(アメージングラン),60.0
2020104679,コパノハンプトン,2026/04/11,3中山5,晴,10.0,卯月S(3勝クラス),13,8.0,12,120.0,13.0,12,石橋脩,58.0,ダ,1200.0,稍,71.6,1.7,9-9,36.2,506.0,-24.0,スリーピース,
2020104679,コパノハンプトン,2026/02/07,2京都3,曇,9.0,橿原S(3勝クラス),16,3.0,6,120.7,14.0,14,幸英明,55.0,ダ,1200.0,良,72.6,1.1,14-14,36.1,530.0,20.0,ゲッティヴィラ,
2020104679,コパノハンプトン,2025/04/06,2阪神4,晴,12.0,陽春S(3勝クラス),11,8.0,11,13.9,6.0,4,岩田康誠,58.0,ダ,1200.0,良,71.7,0.3,8-8,36.2,510.0,-4.0,エコロガイア,280.0
2020104679,コパノハンプトン,2025/01/26,1中山9,晴,10.0,江戸川S(3勝クラス),15,6.0,10,27.5,7.0,11,松岡正海,58.0,ダ,1200.0,良,71.8,0.7,9-9,37.7,514.0,-4.0,タイセイブリリオ,
2020104679,コパノハンプトン,2024/11/30,7京都1,晴,10.0,姫路S(3勝クラス),15,4.0,7,59.0,11.0,8,秋山稔樹,58.0,ダ,1200.0,稍,72.2,0.5,11-12,36.1,518.0,2.0,ジョーローリット,
2020104679,コパノハンプトン,2024/10/05,5京都1,晴,10.0,大山崎S(3勝クラス),16,2.0,3,67.8,11.0,8,岩田康誠,58.0,ダ,1200.0,稍,72.2,0.8,10-10,37.1,516.0,10.0,スターターン,
2020104679,コパノハンプトン,2024/06/09,4京都4,曇,10.0,安芸S(3勝クラス),16,1.0,1,53.6,12.0,7,岩田康誠,56.0,ダ,1200.0,稍,72.0,0.7,9-7,37.5,506.0,-4.0,ボナンザ,
2020104679,コパノハンプトン,2024/03/31,2阪神4,曇,12.0,陽春S(3勝クラス),16,3.0,6,28.1,8.0,7,藤岡康太,56.0,ダ,1200.0,良,72.5,0.9,6-4,36.8,510.0,-10.0,ナムラフランク,
2020104679,コパノハンプトン,2024/02/03,2京都3,晴,9.0,橿原S(3勝クラス),16,3.0,5,32.1,9.0,9,坂井瑠星,58.0,ダ,1200.0,良,72.2,1.4,11-8,36.9,520.0,6.0,ドンアミティエ,
2020104679,コパノハンプトン,2023/12/02,5阪神1,晴,10.0,妙見山S(3勝クラス),16,6.0,11,12.9,4.0,9,角田大河,57.0,ダ,1200.0,良,72.6,1.2,12-10,37.1,514.0,10.0,タイセイブレイズ,
2020104679,コパノハンプトン,2023/10/09,2京都3,曇,10.0,大山崎S(3勝クラス),13,4.0,5,6.0,4.0,10,幸英明,57.0,ダ,1200.0,重,73.0,1.3,6-7,37.7,504.0,2.0,エーティーマクフィ,
2020104679,コパノハンプトン,2023/08/19,3新潟3,晴,10.0,上越S(3勝クラス),15,4.0,7,4.4,2.0,6,岩田康誠,56.0,ダ,1200.0,良,71.5,1.0,11-10,36.2,502.0,14.0,アームズレイン,
2020104679,コパノハンプトン,2023/07/23,3中京8,晴,10.0,桶狭間S(3勝クラス),16,2.0,3,7.6,4.0,2,坂井瑠星,55.0,ダ,1200.0,良,70.6,0.1,9-8,35.6,488.0,-2.0,アルファマム,750.0
2020104679,コパノハンプトン,2023/06/25,3阪神8,曇,12.0,リボン賞(2勝クラス),16,5.0,10,9.0,5.0,1,藤岡康太,55.0,ダ,1200.0,良,72.0,0.0,8-8,36.8,490.0,-6.0,(ティントリップ),1585.7
2020104679,コパノハンプトン,2023/06/03,3阪神1,晴,8.0,3歳以上1勝クラス,16,3.0,5,6.7,3.0,1,岩田康誠,55.0,ダ,1200.0,重,70.9,-0.1,8-8,35.5,496.0,-4.0,(リュウ),800.0
2020104679,コパノハンプトン,2023/05/20,1京都9,晴,6.0,3歳1勝クラス,15,3.0,6,4.2,2.0,3,岩田康誠,56.0,ダ,1200.0,稍,73.7,1.5,14-12,37.0,500.0,-2.0,ドンアミティエ,200.0
2020104679,コパノハンプトン,2023/04/15,2阪神7,雨,6.0,3歳1勝クラス,16,5.0,10,5.2,2.0,2,岩田康誠,56.0,ダ,1200.0,不,71.9,0.0,7-4,36.2,502.0,0.0,メイショウピース,310.0
2020104679,コパノハンプトン,2023/03/12,1阪神10,晴,5.0,3歳1勝クラス,16,5.0,9,4.8,2.0,3,岩田康誠,56.0,ダ,1400.0,良,85.9,0.4,11-12,37.6,502.0,-6.0,モックモック,200.0
2020104679,コパノハンプトン,2023/01/29,1中京10,晴,4.0,3歳1勝クラス,13,8.0,12,5.0,2.0,2,岩田康誠,56.0,ダ,1200.0,良,72.9,0.2,11-10,36.9,508.0,5.0,エレガントムーン,310.0
2020104679,コパノハンプトン,2022/12/14,川崎,晴,11.0,全日本2歳優駿【国際(JpnI),14,7.0,11,20.5,5.0,12,岩田康誠,55.0,ダ,1600.0,稍,108.0,4.7,2-3-2-6,45.4,503.0,17.0,デルマソトガケ,
2020104679,コパノハンプトン,2022/10/23,4阪神7,晴,8.0,なでしこ賞(1勝クラス),9,4.0,4,3.4,1.0,2,岩田康誠,55.0,ダ,1400.0,良,85.5,0.3,2-2,37.9,486.0,-14.0,フェルヴェンテ,415.6
2020104679,コパノハンプトン,2022/10/10,4阪神3,曇,1.0,2歳未勝利,12,8.0,12,7.8,5.0,1,岩田康誠,55.0,ダ,1400.0,不,84.2,-1.1,2-2,36.9,500.0,10.0,(ダンツターセル),520.0
2020104679,コパノハンプトン,2022/09/19,5中京5,曇,2.0,2歳未勝利,10,7.0,8,6.2,2.0,3,藤岡康太,54.0,ダ,1400.0,稍,87.1,0.6,4-5,38.7,490.0,0.0,エクロジャイト,130.0
2020104679,コパノハンプトン,2022/07/03,3小倉2,曇,5.0,2歳新馬,8,1.0,1,43.3,8.0,7,藤岡康太,54.0,芝,1800.0,良,111.2,0.6,1-1-1-1,36.1,490.0,0.0,アリスヴェリテ,
2017100358,サンライズラポール,2026/07/12,高知,曇,8.0,C1ー2,11,8.0,11,193.5,11.0,11,畑中信司,57.0,ダ,1400.0,稍,94.7,3.9,8-7-7-10,43.3,521.0,-4.0,テーオーシリウス,
2017100358,サンライズラポール,2026/06/28,高知,曇,9.0,C1ー2,10,5.0,5,129.1,9.0,7,山崎雅由,57.0,ダ,1600.0,不,109.1,2.4,7-7-8-8,42.4,525.0,4.0,マジックタッチ,
2017100358,サンライズラポール,2026/06/14,高知,曇,11.0,ファイナルレース(C1),12,5.0,5,13.8,7.0,7,畑中信司,57.0,ダ,1400.0,重,92.7,1.5,9-7-7-7,40.8,521.0,-2.0,ディベルティール,
2017100358,サンライズラポール,2026/05/31,高知,晴,9.0,C1ー2,10,1.0,1,35.6,10.0,9,畑中信司,57.0,ダ,1600.0,稍,108.9,2.7,10-10-10-9,41.0,523.0,-2.0,イナズマテーラー,
2017100358,サンライズラポール,2026/05/17,高知,晴,10.0,C1ー2,10,5.0,5,15.0,7.0,9,畑中信司,57.0,ダ,1400.0,良,94.8,2.1,4-5-4-7,43.2,525.0,6.0,シンデレラスマイル,
2017100358,サンライズラポール,2026/05/03,高知,雨,9.0,C1ー3,10,5.0,5,17.3,6.0,3,畑中信司,57.0,ダ,1300.0,不,82.4,0.1,8-8-8-5,38.0,519.0,-6.0,エイシンオッティモ,30.0
2017100358,サンライズラポール,2026/04/19,高知,曇,10.0,C1ー2,10,7.0,7,60.4,9.0,9,上田将司,57.0,ダ,1400.0,重,93.4,3.5,7-6-7-10,42.1,525.0,-2.0,アメージング,
2017100358,サンライズラポール,2026/03/25,高知,雨,9.0,龍河洞特別(C1),7,5.0,5,11.2,4.0,4,郷間勇太,57.0,ダ,1300.0,不,82.0,0.7,5-6-4-3,38.5,527.0,-5.0,スピードイエロー,24.0
2017100358,サンライズラポール,2026/03/03,高知,曇,9.0,ファイナルレース(C1),11,3.0,3,7.7,4.0,1,郷間勇太,57.0,ダ,1300.0,不,82.4,0.0,3-2-2-1,38.7,532.0,10.0,(ペプチドヒナタ),90.0
2017100358,サンライズラポール,2026/02/18,高知,晴,9.0,ファイナルレース(C1),11,5.0,5,2.5,1.0,8,上田将司,57.0,ダ,1400.0,稍,93.6,1.6,10-9-8-8,40.0,522.0,-6.0,ルクスチェリー,
2017100358,サンライズラポール,2026/02/03,高知,晴,8.0,浦ノ内湾特別(C1),9,4.0,4,34.6,8.0,9,郷間勇太,57.0,ダ,1600.0,良,110.0,3.9,8-8-6-6,44.0,528.0,8.0,イエデゴロゴロ,
2017100358,サンライズラポール,2026/01/21,高知,晴,6.0,C1ー3,6,6.0,6,8.4,5.0,3,郷間勇太,57.0,ダ,1300.0,良,84.4,0.3,6-5-5-4,39.2,520.0,-6.0,キャリーハピネス,22.5
2017100358,サンライズラポール,2025/12/29,高知,晴,8.0,C1ー4,12,8.0,12,5.8,4.0,7,岩橋勇二,57.0,ダ,1400.0,良,93.3,1.8,3-3-4-4,41.0,526.0,0.0,ビステル,
2017100358,サンライズラポール,2025/12/14,高知,晴,4.0,C1ー4,11,6.0,6,15.8,6.0,4,阿部基嗣,55.0,ダ,1400.0,稍,90.7,0.7,8-8-8-7,39.2,526.0,-3.0,フユソウビ,13.5
2017100358,サンライズラポール,2025/11/30,高知,晴,8.0,C1ー4,10,8.0,9,24.2,6.0,9,阿部基嗣,55.0,ダ,1600.0,良,109.5,2.4,4-4-4-5,42.0,529.0,1.0,オタマジャクシ,
2017100358,サンライズラポール,2025/11/16,高知,晴,5.0,C1ー4,12,5.0,6,37.9,8.0,2,阿部基嗣,55.0,ダ,1300.0,稍,84.0,0.3,4-3-3-3,38.8,528.0,-7.0,テーオースパロー,36.0
2017100358,サンライズラポール,2025/11/02,高知,曇,6.0,花みょうが特別(C1),12,5.0,6,16.2,4.0,6,阿部基嗣,55.0,ダ,1400.0,重,91.9,1.8,6-6-6-6,40.3,535.0,3.0,グランレザンドール,
2017100358,サンライズラポール,2025/10/19,高知,曇,5.0,C1ー4,9,8.0,9,9.8,5.0,6,阿部基嗣,55.0,ダ,1600.0,稍,108.8,3.2,4-4-4-4,41.4,532.0,5.0,スカイライト,
2017100358,サンライズラポール,2025/10/04,高知,曇,3.0,高知競馬視察研修特別(C2),12,2.0,2,12.3,6.0,1,阿部基嗣,55.0,ダ,1400.0,重,91.3,-0.1,2-2-2-2,39.0,527.0,1.0,(ニルアドミラリ),70.0
2017100358,サンライズラポール,2025/09/21,高知,晴,10.0,C2ー2,11,8.0,10,12.6,6.0,4,阿部基嗣,55.0,ダ,1300.0,稍,85.7,1.1,7-7-7-7,39.9,526.0,-2.0,ピストンボーイ,10.5
2017100358,サンライズラポール,2025/07/27,高知,晴,5.0,C1ー2,10,6.0,8,8.1,5.0,7,近藤翔月,54.0,ダ,1400.0,稍,92.3,2.8,5-5-5-6,40.3,528.0,4.0,レグナム,
2017100358,サンライズラポール,2025/07/13,高知,曇,9.0,C1ー2,11,6.0,7,3.5,2.0,3,赤岡修次,57.0,ダ,1400.0,不,91.3,0.8,4-4-3-3,38.3,524.0,-8.0,ナムラテディー,22.5
2017100358,サンライズラポール,2025/06/29,高知,晴,5.0,C1ー3,12,8.0,12,2.4,1.0,5,赤岡修次,57.0,ダ,1300.0,稍,83.6,0.6,7-7-5-6,39.2,532.0,10.0,シンプリーザベスト,9.0
2017100358,サンライズラポール,2025/06/04,園田,晴,11.0,初夏特別A1A2,12,8.0,12,42.3,7.0,7,新庄海誠,56.0,ダ,1400.0,稍,92.4,1.8,9-9-8-10,40.2,522.0,0.0,ペースセッティング,
2017100358,サンライズラポール,2025/05/05,園田,晴,11.0,兵庫大賞典(重賞),10,1.0,1,159.0,9.0,9,新庄海誠,57.0,ダ,1400.0,良,90.8,1.6,9-9-9-9,39.3,522.0,-3.0,イグナイター,
2017100358,サンライズラポール,2025/04/10,園田,曇,11.0,春爛漫特別A1A2,11,5.0,5,15.0,5.0,8,新庄海誠,56.0,ダ,1400.0,良,91.3,1.1,10-11-9-9,38.4,525.0,3.0,スキピオ,
2017100358,サンライズラポール,2025/02/26,姫路,晴,11.0,ひょうご雪姫ポーク特(A1),8,4.0,4,8.4,4.0,2,新庄海誠,54.0,ダ,1500.0,良,98.7,0.1,6-6-6-5,38.8,522.0,-5.0,スマートラプター,94.5
2017100358,サンライズラポール,2025/01/29,姫路,晴,11.0,神戸ビーフ特別A1A(A1A2),10,6.0,7,5.9,3.0,3,新庄海誠,54.0,ダ,1400.0,良,93.2,0.3,9-10-8-8,39.7,527.0,13.0,スマートラプター,54.0
2017100358,サンライズラポール,2024/12/04,園田,晴,11.0,地鶏日本一の徳島阿波(A1A2),11,2.0,2,28.9,5.0,2,新庄海誠,53.0,ダ,1400.0,稍,90.9,0.2,10-10-10-8,37.9,514.0,0.0,サイレンスタイム,94.5
2017100358,サンライズラポール,2024/10/17,園田,晴,11.0,DASHよかわ開設1(A1A2),10,1.0,1,9.7,3.0,3,新庄海誠,53.0,ダ,1400.0,良,90.7,0.5,9-9-7-6,37.6,514.0,1.0,スキピオ,54.0
2017100358,サンライズラポール,2024/09/20,園田,晴,11.0,園田チャレンジC(重賞),12,7.0,9,110.6,11.0,6,下原理,56.0,ダ,1400.0,良,89.9,1.3,11-11-11-10,38.4,513.0,-2.0,イモータルスモーク,
2017100358,サンライズラポール,2024/08/16,園田,曇,7.0,園田サマーC,5,2.0,2,2.5,2.0,3,川原正一,57.0,ダ,1400.0,稍,91.6,1.3,3-3-3-5,40.0,515.0,10.0,アドワン,70.0
2017100358,サンライズラポール,2024/07/26,園田,晴,11.0,サンケイスポーツZB(A1A2),9,5.0,5,21.1,5.0,5,川原正一,56.0,ダ,1400.0,良,90.9,1.1,9-9-8-9,38.9,505.0,-11.0,スマートセプター,27.0
2017100358,サンライズラポール,2024/04/11,園田,晴,9.0,A1A2,7,1.0,1,10.5,3.0,2,川原正一,56.0,ダ,1400.0,稍,90.1,0.5,1-1-1-1,39.6,516.0,-2.0,ドンカポノ,94.5
2017100358,サンライズラポール,2024/03/20,笠松,曇,10.0,マーチC(重賞),12,7.0,10,7.5,3.0,11,岡部誠,57.0,ダ,1900.0,良,125.3,2.3,10-6-5-6,39.4,518.0,-5.0,ツムタイザン,
2017100358,サンライズラポール,2024/02/29,姫路,雨,11.0,神戸ビーフ特別A1,10,7.0,7,4.6,2.0,4,下原理,56.0,ダ,1500.0,稍,98.3,0.6,5-5-6-7,38.7,523.0,16.0,タガノウィリアム,40.5
2017100358,サンライズラポール,2023/09/28,笠松,曇,10.0,オータムC(重賞),9,3.0,3,3.0,2.0,5,岡部誠,57.0,ダ,1900.0,良,124.4,0.9,8-6-3-2,39.7,507.0,-6.0,トランスナショナル,20.0
2017100358,サンライズラポール,2023/08/11,園田,晴,11.0,摂津盃(重賞),12,3.0,3,5.0,2.0,3,下原理,56.0,ダ,1700.0,良,110.6,0.4,8-8-8-5,38.9,513.0,-4.0,ツムタイザン,250.0
2017100358,サンライズラポール,2023/07/13,園田,雨,11.0,新番組BAOOへゴー(A1A2),8,4.0,4,2.3,1.0,3,下原理,57.0,ダ,1700.0,不,113.1,0.7,5-5-5-4,39.8,517.0,1.0,タガノウィリアム,67.5
2017100358,サンライズラポール,2023/06/03,3東京1,晴,11.0,アハルテケS(OP),16,2.0,3,23.5,8.0,9,戸崎圭太,58.0,ダ,1600.0,重,95.6,1.8,7-6,36.8,516.0,2.0,タイセイサムソン,
2017100358,サンライズラポール,2023/04/08,1福島1,曇,11.0,吾妻小富士S(OP),15,2.0,3,27.4,9.0,6,菱田裕二,56.0,ダ,1700.0,良,105.3,0.7,9-9-15-14,37.6,514.0,-2.0,ブラックアーメット,
2017100358,サンライズラポール,2023/01/07,1中京2,晴,11.0,すばるS(L),14,8.0,14,41.8,8.0,10,西村淳也,57.0,ダ,1400.0,良,84.7,0.9,10-10,37.5,516.0,2.0,バトルクライ,
2017100358,サンライズラポール,2022/12/04,6阪神2,曇,11.0,ギャラクシーS(OP),14,3.0,3,13.2,6.0,9,北村友一,55.0,ダ,1400.0,稍,84.8,1.0,11-12,36.2,514.0,-4.0,デンコウリジエール,
2017100358,サンライズラポール,2022/10/10,4東京3,曇,11.0,グリーンチャンネルC(L),16,5.0,10,44.7,10.0,8,石川裕紀,56.0,ダ,1600.0,重,94.9,1.4,7-7,35.4,518.0,0.0,デシエルト,
2017100358,サンライズラポール,2022/08/13,4小倉1,晴,11.0,阿蘇S(OP),11,4.0,4,3.2,2.0,5,西村淳也,56.0,ダ,1700.0,良,105.6,0.7,6-7-4-3,37.0,518.0,0.0,デュードヴァン,220.0
2017100358,サンライズラポール,2022/06/12,4中京4,晴,11.0,三宮S(OP),15,2.0,3,22.3,8.0,6,藤懸貴志,55.0,ダ,1800.0,良,111.5,1.5,12-12-6-7,38.6,518.0,0.0,ハヤブサナンデクン,
2017100358,サンライズラポール,2022/05/01,1福島6,雨,11.0,吾妻小富士S(OP),15,4.0,7,18.7,6.0,2,西村淳也,56.0,ダ,1700.0,重,103.3,0.0,11-10-6-5,36.4,518.0,4.0,ラーゴム,892.0
2017100358,サンライズラポール,2022/03/21,2中京4,晴,11.0,名古屋城S(OP),16,1.0,1,17.7,7.0,12,吉田隼人,57.0,ダ,1800.0,稍,113.7,1.9,14-15-13-13,37.8,514.0,-2.0,グロリアムンディ,
2017100358,サンライズラポール,2022/02/13,1東京6,雨,10.0,バレンタインS(OP),16,5.0,10,16.0,7.0,3,武豊,57.0,ダ,1400.0,不,82.4,0.2,13-13,34.5,516.0,8.0,メイショウウズマサ,555.6
2017100358,サンライズラポール,2021/11/21,5東京6,曇,11.0,霜月S(OP),16,7.0,14,7.3,4.0,8,三浦皇成,54.0,ダ,1400.0,良,84.4,0.7,12-14,35.6,508.0,0.0,ヘリオス,
2017100358,サンライズラポール,2021/10/17,4東京4,曇,10.0,テレビ静岡賞(3勝クラス),16,2.0,4,2.7,1.0,1,三浦皇成,57.0,ダ,1400.0,稍,83.1,-0.2,8-8,35.6,508.0,-4.0,(フィールザファラオ),1860.6
2017100358,サンライズラポール,2021/09/26,5中京7,雨,10.0,桶狭間S(3勝クラス),16,3.0,6,4.6,2.0,2,福永祐一,54.0,ダ,1400.0,不,82.8,0.4,9-9,36.3,512.0,8.0,レディバグ,740.2
2017100358,サンライズラポール,2021/05/15,3中京3,晴,12.0,4歳以上2勝クラス,16,8.0,15,2.3,1.0,1,福永祐一,57.0,ダ,1400.0,良,84.3,-0.2,3-3,36.4,504.0,-6.0,(ハードカウント),1100.0
2017100358,サンライズラポール,2021/05/01,2阪神11,曇,8.0,4歳以上2勝クラス,15,8.0,15,1.8,1.0,2,福永祐一,57.0,ダ,1400.0,稍,84.4,0.0,3-3,38.2,510.0,0.0,ニホンピロランド,440.0
2017100358,サンライズラポール,2021/04/04,2阪神4,雨,8.0,4歳以上2勝クラス,16,5.0,10,3.2,1.0,2,斎藤新,56.0,ダ,1400.0,稍,84.7,0.1,15-14,36.4,510.0,0.0,ダイシンイナリ,440.0
2017100358,サンライズラポール,2021/03/14,1阪神10,晴,12.0,4歳以上2勝クラス,16,3.0,6,12.7,7.0,2,斎藤新,56.0,ダ,1400.0,稍,84.0,0.3,6-4,36.8,510.0,14.0,オーロラテソーロ,440.0
2017100358,サンライズラポール,2020/09/26,2中京6,曇,7.0,3歳以上1勝クラス,14,3.0,4,6.6,2.0,1,斎藤新,54.0,ダ,1400.0,稍,83.7,-0.5,3-3,37.2,496.0,-4.0,(アドバンスマルス),760.0
2017100358,サンライズラポール,2020/09/12,2中京1,晴,12.0,3歳以上1勝クラス,13,8.0,13,41.2,10.0,12,斎藤新,54.0,芝,1600.0,良,95.7,1.1,4-6-6,35.3,500.0,-2.0,オーマイダーリン,
2017100358,サンライズラポール,2020/07/04,4阪神1,曇,12.0,3歳以上1勝クラス,12,5.0,6,13.7,6.0,10,和田竜二,54.0,ダ,1800.0,不,112.0,2.6,4-4-3-3,38.9,502.0,-4.0,メイショウカズサ,
2017100358,サンライズラポール,2020/06/13,3阪神3,雨,8.0,3歳以上1勝クラス,16,6.0,11,9.2,6.0,13,秋山真一,54.0,ダ,1800.0,不,114.1,2.7,14-14-15-14,37.4,506.0,10.0,ペオース,
2017100358,サンライズラポール,2020/05/30,3京都11,晴,5.0,3歳1勝クラス,15,7.0,13,,,取,吉田隼人,56.0,ダ,1800.0,良,,,,,,,エイシンアメンラー,
2017100358,サンライズラポール,2020/02/01,1東京1,晴,4.0,3歳1勝クラス,11,1.0,1,2.2,1.0,7,ルメール,56.0,ダ,1600.0,稍,98.5,1.1,3-3,37.9,496.0,0.0,ロンゴノット,
2017100358,サンライズラポール,2019/12/21,5阪神7,曇,6.0,2歳新馬,13,8.0,12,2.2,1.0,1,ルメール,55.0,ダ,1800.0,稍,115.5,-0.5,3-3-3-1,38.5,496.0,0.0,(ニホンピロスクーロ),700.0
2019104100,メイショウイヌワシ,2026/07/11,高知,晴,7.0,C2ー3,11,7.0,8,26.1,6.0,4,畑中信司,57.0,ダ,1300.0,重,86.0,1.2,11-11-8-8,40.0,503.0,-8.0,コノヨルヲトメテヨ,16.0
2019104100,メイショウイヌワシ,2026/06/27,高知,曇,8.0,C2ー3,9,7.0,7,3.6,2.0,6,郷間勇太,57.0,ダ,1400.0,不,91.2,1.2,6-6-4-6,40.6,511.0,7.0,ポッドロイ,
2019104100,メイショウイヌワシ,2026/05/30,高知,晴,7.0,C2ー3,12,6.0,7,3.9,3.0,5,永森大智,57.0,ダ,1400.0,稍,92.6,1.1,10-9-8-5,39.9,504.0,-4.0,ブーバー,8.0
2019104100,メイショウイヌワシ,2026/05/16,高知,晴,10.0,小満特別(C2),12,8.0,12,9.2,4.0,8,永森大智,57.0,ダ,1300.0,良,87.3,1.4,6-6-8-8,41.6,508.0,5.0,ビーム,
2019104100,メイショウイヌワシ,2026/05/02,高知,晴,6.0,C2ー5,9,8.0,9,2.1,1.0,2,永森大智,57.0,ダ,1400.0,重,91.8,0.1,3-3-3-1,41.0,503.0,2.0,ニヨドスマイル,32.0
2019104100,メイショウイヌワシ,2026/04/19,高知,曇,3.0,C2ー8,9,2.0,2,2.4,1.0,2,永森大智,57.0,ダ,1600.0,重,107.1,0.2,3-3-3-2,38.8,501.0,-3.0,ショウナンマリン,32.0
2019104100,メイショウイヌワシ,2026/04/05,高知,晴,4.0,C2C3混合,11,1.0,1,3.0,2.0,2,永森大智,57.0,ダ,1400.0,不,90.3,0.2,7-7-7-3,38.6,504.0,-1.0,ステラマテュティナ,32.0
2019104100,メイショウイヌワシ,2026/03/24,高知,晴,8.0,C3ー3,9,4.0,4,3.0,1.0,1,永森大智,57.0,ダ,1600.0,稍,107.4,-0.2,8-8-8-3,39.0,505.0,0.0,(ブリックバーン),60.0
2019104100,メイショウイヌワシ,2026/03/10,高知,晴,5.0,ヒナギク特別(C3),10,8.0,10,43.3,7.0,4,阿部基嗣,55.0,ダ,1300.0,稍,86.2,1.8,6-7-7-6,40.4,505.0,-2.0,ケルピー,16.5
2019104100,メイショウイヌワシ,2026/02/23,高知,晴,2.0,C3ー5,9,8.0,8,2.6,1.0,1,永森大智,57.0,ダ,1400.0,良,93.0,-0.5,2-2-1-1,39.5,507.0,-9.0,(ミヤファイター),60.0
2019104100,メイショウイヌワシ,2026/01/26,高知,晴,4.0,C3ー6,8,2.0,2,2.5,1.0,5,永森大智,57.0,ダ,1600.0,良,108.9,1.5,3-3-3-3,39.5,516.0,-5.0,ナバロン,6.0
2019104100,メイショウイヌワシ,2026/01/11,高知,晴,6.0,C3ー9,8,5.0,5,1.3,1.0,3,永森大智,57.0,ダ,1400.0,良,93.6,1.9,7-6-6-4,40.4,521.0,-1.0,コパノジェームス,15.0
2019104100,メイショウイヌワシ,2025/12/21,高知,曇,7.0,C3ー13,10,4.0,4,1.4,1.0,1,永森大智,57.0,ダ,1400.0,重,91.3,-0.6,6-3-2-2,39.0,522.0,18.0,(ジークマインド),60.0
2019104100,メイショウイヌワシ,2025/11/16,4京都4,晴,6.0,3歳以上1勝クラス,16,4.0,8,265.2,15.0,11,森田誠也,55.0,ダ,1200.0,良,72.9,1.5,10-10,36.6,504.0,2.0,バッハアルプゼー,
2019104100,メイショウイヌワシ,2025/08/16,3中京7,晴,9.0,3歳以上1勝クラス,16,8.0,15,100.9,14.0,10,河原田菜,54.0,ダ,1200.0,良,73.2,2.3,13-14,36.6,502.0,-4.0,ヤマニンシュラ,
2019104100,メイショウイヌワシ,2025/05/17,2京都7,曇,6.0,4歳以上1勝クラス,14,3.0,3,193.1,13.0,8,森田誠也,55.0,ダ,1400.0,不,84.6,1.1,10-9,36.4,506.0,-2.0,クアトロジャック,
2019104100,メイショウイヌワシ,2025/04/19,2阪神7,晴,12.0,4歳以上1勝クラス,15,7.0,13,154.6,13.0,15,森田誠也,55.0,ダ,1400.0,良,87.0,2.0,7-9,39.2,508.0,-6.0,マイティマイティー,
2019104100,メイショウイヌワシ,2024/12/14,4中京5,晴,3.0,3歳以上1勝クラス,16,4.0,7,9.1,3.0,7,泉谷楓真,57.0,ダ,1200.0,良,72.9,1.3,11-9,36.0,514.0,10.0,ビバップ,
2019104100,メイショウイヌワシ,2024/11/23,6京都7,曇,7.0,3歳以上1勝クラス,16,6.0,12,70.5,12.0,3,泉谷楓真,57.0,ダ,1200.0,良,73.1,0.6,10-10,36.7,504.0,-4.0,ヘルメース,200.0
2019104100,メイショウイヌワシ,2024/11/09,6京都3,晴,7.0,3歳以上1勝クラス,16,6.0,12,189.5,14.0,6,泉谷楓真,57.0,ダ,1200.0,良,72.4,1.2,7-6,36.4,508.0,18.0,クリノオリーブ,
2019104100,メイショウイヌワシ,2024/07/21,3小倉8,晴,8.0,3歳以上1勝クラス,12,3.0,3,94.7,10.0,4,泉谷楓真,57.0,ダ,1000.0,稍,58.5,0.9,5-4,35.2,490.0,4.0,アマルナ,120.0
2019104100,メイショウイヌワシ,2024/03/10,1阪神6,晴,8.0,4歳以上1勝クラス,16,5.0,9,247.3,13.0,7,泉谷楓真,57.0,ダ,1200.0,良,73.2,1.1,14-13,37.0,486.0,2.0,バトゥーキ,
2019104100,メイショウイヌワシ,2024/02/17,2京都7,晴,8.0,4歳以上1勝クラス,16,3.0,6,320.4,16.0,10,泉谷楓真,57.0,ダ,1400.0,稍,85.5,1.9,9-6,38.4,484.0,8.0,アドバンスファラオ,
2019104100,メイショウイヌワシ,2023/06/11,3阪神4,曇,12.0,3歳以上1勝クラス,15,6.0,10,17.9,7.0,10,藤岡康太,58.0,芝,1400.0,稍,82.8,0.9,3-3,37.1,476.0,-2.0,マチカゼ,
2019104100,メイショウイヌワシ,2023/05/21,1京都10,晴,8.0,4歳以上1勝クラス,18,8.0,18,77.9,14.0,4,角田大和,57.0,芝,1400.0,良,80.9,0.1,2-2,34.7,478.0,4.0,クロニクルノヴァ,120.0
2019104100,メイショウイヌワシ,2023/04/30,1京都4,曇,6.0,4歳以上1勝クラス,12,4.0,4,28.0,9.0,10,角田大河,57.0,芝,1600.0,稍,95.8,1.1,11-11,34.7,474.0,2.0,パタゴニア,
2019104100,メイショウイヌワシ,2023/02/25,1阪神5,晴,8.0,4歳以上1勝クラス,16,5.0,10,24.7,9.0,13,泉谷楓真,57.0,ダ,1400.0,稍,86.5,1.5,11-13,37.4,472.0,-4.0,ロードオルデン,
2019104100,メイショウイヌワシ,2023/02/18,2小倉3,小雨,12.0,4歳以上1勝クラス,16,7.0,14,15.9,9.0,14,角田大和,56.0,芝,1800.0,稍,110.3,1.5,3-4-3-6,38.0,476.0,12.0,ヒルノエドワード,
2019104100,メイショウイヌワシ,2022/10/09,4阪神2,雨,9.0,3歳以上1勝クラス,15,7.0,12,28.3,8.0,8,秋山真一,55.0,芝,1400.0,良,81.4,0.8,11-11,35.0,464.0,-4.0,ピンクマクフィー,
2019104100,メイショウイヌワシ,2022/10/01,5中京8,晴,7.0,3歳以上1勝クラス,13,3.0,3,19.4,6.0,7,秋山真一,55.0,芝,1600.0,良,94.3,0.8,11-10-9,34.5,468.0,10.0,ボルザコフスキー,
2019104100,メイショウイヌワシ,2022/06/25,3阪神3,曇,8.0,3歳以上1勝クラス,18,3.0,5,12.2,5.0,9,幸英明,54.0,芝,1400.0,良,81.3,0.7,12-13,35.0,458.0,0.0,ブライトオンベイス,
2019104100,メイショウイヌワシ,2022/06/05,4中京2,曇,12.0,3歳以上1勝クラス,10,4.0,4,15.4,6.0,3,秋山真一,54.0,芝,1600.0,良,95.2,0.4,2-2-2,33.8,458.0,-2.0,ヤマニンサルバム,190.0
2019104100,メイショウイヌワシ,2022/05/22,1新潟6,曇,2.0,3歳未勝利,16,1.0,1,12.7,7.0,1,秋山真一,56.0,芝,1400.0,良,82.5,0.0,1-1,36.2,460.0,8.0,(ベルウッドツクバ),520.0
2019104100,メイショウイヌワシ,2022/01/15,1中京5,曇,5.0,3歳未勝利,18,5.0,10,54.0,10.0,9,和田竜二,56.0,芝,1400.0,良,83.0,1.4,3-3,37.1,452.0,-2.0,ショウナンハクラク,
2019104100,メイショウイヌワシ,2021/11/13,5阪神3,晴,3.0,2歳未勝利,16,5.0,9,11.7,4.0,9,和田竜二,55.0,芝,1400.0,良,83.6,1.4,7-7,37.2,454.0,0.0,ジャングロ,
2019104100,メイショウイヌワシ,2021/10/30,4阪神7,晴,9.0,萩S(L),6,6.0,6,56.6,5.0,5,和田竜二,55.0,芝,1800.0,良,109.6,1.1,1-1,34.8,454.0,2.0,ダノンスコーピオン,170.0
2019104100,メイショウイヌワシ,2021/08/15,4小倉2,晴,1.0,2歳未勝利,9,8.0,8,3.7,2.0,3,和田竜二,54.0,芝,1200.0,重,70.1,0.5,4-3,35.8,452.0,4.0,エクロール,130.0
2019104100,メイショウイヌワシ,2021/07/24,3新潟1,晴,5.0,2歳新馬,18,7.0,15,13.3,3.0,6,田辺裕信,54.0,芝,1600.0,良,95.7,1.1,3-3,34.3,448.0,0.0,オタルエバー,
2022102452,ココリハクタク,2026/07/11,高知,晴,9.0,小暑特別(C2),11,3.0,3,101.4,9.0,10,岡遼太郎,57.0,ダ,1300.0,重,86.4,2.2,8-9-10-9,40.9,441.0,3.0,プレジール,
2022102452,ココリハクタク,2026/06/27,高知,曇,8.0,C2ー3,9,1.0,1,3.9,3.0,3,永森大智,57.0,ダ,1400.0,不,90.1,0.1,4-3-3-2,39.9,438.0,-3.0,ポッドロイ,24.0
2022102452,ココリハクタク,2026/06/13,高知,晴,10.0,入梅特別(C2),9,8.0,9,15.6,5.0,9,佐原秀泰,57.0,ダ,1600.0,稍,111.1,4.4,3-3-3-5,45.1,441.0,-4.0,グランツアーテム,
2022102452,ココリハクタク,2026/05/31,高知,晴,2.0,C2ー6,11,8.0,11,2.8,1.0,1,岡村卓弥,57.0,ダ,1400.0,稍,92.0,-0.7,3-3-1-1,39.8,445.0,-1.0,(カノンウッドテール),80.0
2022102452,ココリハクタク,2026/05/17,高知,晴,2.0,C2ー7,12,3.0,3,4.9,3.0,9,岡村卓弥,57.0,ダ,1300.0,良,87.9,1.6,4-4-3-4,42.8,446.0,-2.0,ノイヤー,
2022102452,ココリハクタク,2026/05/03,高知,雨,4.0,C3ー3,7,2.0,2,5.3,4.0,1,岡村卓弥,57.0,ダ,1600.0,不,104.4,-1.0,2-2-1-1,38.8,448.0,1.0,(リライトヒストリー),60.0
2022102452,ココリハクタク,2026/04/19,高知,曇,5.0,C3ー4,8,3.0,3,1.6,1.0,3,岡村卓弥,57.0,ダ,1400.0,重,92.3,0.9,4-3-2-2,40.5,447.0,0.0,サノノアメリカン,18.0
2022102452,ココリハクタク,2026/04/04,高知,雨,3.0,C3ー4,8,8.0,8,8.0,5.0,3,岡村卓弥,57.0,ダ,1300.0,不,83.1,0.1,3-3-3-2,39.4,447.0,5.0,レモンシフォン,18.0
2022102452,ココリハクタク,2026/03/17,高知,晴,2.0,C3ー4,7,6.0,6,6.6,3.0,3,林謙佑,57.0,ダ,1400.0,良,95.6,0.5,4-4-4-3,42.1,442.0,2.0,ミヤファイター,15.0
2022102452,ココリハクタク,2026/03/02,高知,雨,2.0,C3ー4,7,2.0,2,1.8,1.0,3,林謙佑,57.0,ダ,1400.0,不,91.2,0.0,4-4-4-2,39.0,440.0,-6.0,フリューゲルホルン,15.0
2022102452,ココリハクタク,2026/02/18,高知,晴,5.0,C3ー5,10,7.0,8,35.7,7.0,3,林謙佑,57.0,ダ,1600.0,稍,108.8,0.8,2-2-2-1,40.0,446.0,2.0,ビーム,15.0
2022102452,ココリハクタク,2026/02/03,高知,晴,3.0,C3ー7,8,7.0,7,17.6,5.0,1,林謙佑,57.0,ダ,1400.0,良,91.8,0.0,4-4-4-3,39.4,444.0,-5.0,(ケルピー),60.0
2022102452,ココリハクタク,2026/01/27,高知,晴,10.0,ファイナルレース(C3),10,7.0,9,10.0,7.0,5,林謙佑,57.0,ダ,1600.0,良,108.8,1.7,5-6-5-5,41.6,449.0,5.0,エッグハント,6.0
2022102452,ココリハクタク,2026/01/11,高知,晴,3.0,C3ー11,10,1.0,1,44.0,4.0,10,林謙佑,57.0,ダ,1400.0,良,95.8,3.2,3-3-3-3,43.0,444.0,-7.0,コスモルーテウス,
2022102452,ココリハクタク,2026/01/01,高知,晴,5.0,破魔矢特別(C3),8,1.0,1,5.1,4.0,3,林謙佑,57.0,ダ,1300.0,良,87.0,0.3,6-6-5-5,40.1,451.0,2.0,ムタビリス,15.0
2022102452,ココリハクタク,2025/12/21,高知,曇,5.0,C3ー14,10,8.0,9,7.0,3.0,2,林謙佑,57.0,ダ,1400.0,重,91.6,0.2,2-2-2-1,40.3,449.0,-1.0,ディープカインズ,24.0
2022102452,ココリハクタク,2025/12/07,高知,晴,4.0,C3ー15,11,4.0,4,12.7,6.0,4,林謙佑,57.0,ダ,1300.0,良,87.0,0.6,3-3-3-2,40.2,450.0,-2.0,コールイングミー,9.0
2022102452,ココリハクタク,2025/11/24,高知,曇,8.0,C3ー15,10,3.0,3,23.2,5.0,6,林謙佑,57.0,ダ,1600.0,良,110.0,2.0,10-9-9-7,41.9,452.0,-2.0,フーイナム,
2022102452,ココリハクタク,2025/11/09,高知,曇,1.0,C3ー19,10,8.0,10,5.2,3.0,1,林謙佑,57.0,ダ,1400.0,不,90.4,-0.4,1-1-1-1,37.8,454.0,-5.0,(イドリス),60.0
2022102452,ココリハクタク,2025/10/25,高知,曇,11.0,ファイナルレース(C3),12,7.0,9,30.1,11.0,5,林謙佑,57.0,ダ,1300.0,不,85.8,0.9,7-6-5-4,39.6,459.0,2.0,ニューウォーク,6.0
2022102452,ココリハクタク,2025/10/12,高知,曇,3.0,C3ー20,11,4.0,4,26.0,9.0,7,林謙佑,57.0,ダ,1600.0,稍,109.5,1.3,2-2-2-3,42.5,457.0,0.0,スーパーキティ,
2022102452,ココリハクタク,2025/09/28,高知,曇,3.0,3歳ー7,11,3.0,3,38.6,9.0,7,林謙佑,57.0,ダ,1300.0,不,86.4,0.3,5-7-9-6,39.2,457.0,0.0,アーベントゾンネ,
2022102452,ココリハクタク,2025/09/13,高知,曇,2.0,3歳ー8,12,2.0,2,9.9,3.0,6,林謙佑,57.0,ダ,1400.0,不,96.2,3.2,4-4-5-4,44.0,457.0,0.0,フジルバーブ,
2022102452,ココリハクタク,2025/08/03,高知,晴,6.0,3歳ー6,12,2.0,2,6.2,3.0,3,井上瑛太,57.0,ダ,1300.0,良,85.9,0.3,3-3-3-2,41.0,457.0,-2.0,ハッスルアニキ,15.0
2022102452,ココリハクタク,2025/07/20,高知,晴,1.0,3歳ー4,9,1.0,1,1.6,1.0,5,岡村卓弥,57.0,ダ,800.0,不,50.3,1.7,7-4,37.0,459.0,1.0,ジークマインド,6.0
2022102452,ココリハクタク,2025/06/21,3東京5,晴,3.0,3歳未勝利,16,1.0,1,383.4,16.0,9,石神深道,54.0,ダ,1600.0,良,99.2,1.5,3-3,38.0,458.0,0.0,カフェロワドール,
2022102452,ココリハクタク,2025/04/27,1福島6,晴,4.0,3歳未勝利,16,8.0,16,131.8,11.0,10,内田博幸,57.0,芝,1200.0,良,70.9,1.1,13-13,34.8,458.0,-4.0,タマカヅラ,
2022102452,ココリハクタク,2025/03/02,1小倉12,曇,2.0,3歳未勝利,18,4.0,7,93.1,13.0,11,菊沢一樹,57.0,芝,1200.0,稍,71.7,1.5,17-16,35.5,462.0,-10.0,スネーフリンガ,
2022102452,ココリハクタク,2024/12/22,5中山8,晴,6.0,2歳新馬,15,2.0,3,206.8,13.0,12,野中悠太,56.0,芝,1600.0,良,98.8,2.2,11-7-8,37.2,472.0,0.0,ディオデルマーレ,
2021107338,ジャガーバローズ,2026/06/27,高知,雨,9.0,C2ー2,11,6.0,6,4.1,2.0,10,宮川実,57.0,ダ,1400.0,不,91.9,2.4,8-7-7-8,40.1,476.0,-2.0,コリエドール,
2021107338,ジャガーバローズ,2026/06/13,高知,晴,8.0,C2ー3,10,3.0,3,1.9,1.0,5,多田羅誠,57.0,ダ,1600.0,稍,110.5,1.8,5-5-10-10,41.9,478.0,-8.0,オセアハートマン,8.0
2021107338,ジャガーバローズ,2026/05/22,大井,曇,12.0,錦華坂賞競走(B3),15,1.0,1,41.9,10.0,13,和田譲治,56.0,ダ,1400.0,不,89.2,2.1,7-10-11,39.5,486.0,8.0,オリージネアリア,
2021107338,ジャガーバローズ,2026/04/27,大井,曇,11.0,神楽坂賞競走(B3),16,4.0,7,15.8,5.0,12,本田正重,56.0,ダ,1400.0,不,88.8,1.7,7-8-9,39.2,478.0,1.0,ヨシノダイセン,
2021107338,ジャガーバローズ,2026/01/16,大井,晴,10.0,おおいぬ座特別競走(C1三),11,3.0,3,3.4,2.0,1,本田正重,56.0,ダ,1400.0,良,87.8,-0.2,6-4-4,38.5,477.0,-2.0,(キタノライジン),200.0
2021107338,ジャガーバローズ,2025/12/29,大井,晴,10.0,乃木坂賞競走(B3),13,6.0,8,7.5,3.0,6,吉原寛人,56.0,ダ,1600.0,重,103.9,2.7,4-4-5-5,40.0,479.0,-1.0,ニシケンサク,
2021107338,ジャガーバローズ,2025/12/01,大井,晴,11.0,ゼームス坂賞競走(B3),14,4.0,5,11.8,4.0,9,野畑凌,56.0,ダ,1600.0,良,103.0,2.2,7-7-7-7,39.9,480.0,-5.0,ニホンダイラ,
2021107338,ジャガーバローズ,2025/11/10,大井,晴,12.0,神明坂賞競走(B3),13,8.0,13,14.0,4.0,3,野畑凌,56.0,ダ,1600.0,稍,102.0,0.9,2-3-3-3,39.6,485.0,-3.0,アイビーサムライオ,95.0
2021107338,ジャガーバローズ,2025/09/18,大井,曇,8.0,ブルー・ムーン賞(C1三),10,1.0,1,8.1,2.0,2,野畑凌,56.0,ダ,1600.0,良,102.7,0.4,1-1-1-1,39.3,488.0,0.0,アイビーサムライオ,48.0
2021107338,ジャガーバローズ,2025/09/05,大井,曇,10.0,月見特別競走(C1三),12,7.0,9,17.0,6.0,2,野畑凌,56.0,ダ,1400.0,不,87.6,0.4,6-5-3,37.9,488.0,5.0,モリデンステルス,80.0
2021107338,ジャガーバローズ,2025/03/28,大井,曇,8.0,"通算勝鞍7,424賞(C1四)",10,6.0,6,1.7,1.0,4,吉原寛人,56.0,ダ,1400.0,稍,87.8,0.4,7-6-6,38.8,483.0,-5.0,ドゥーロアバンティ,18.0
2021107338,ジャガーバローズ,2025/03/14,大井,晴,8.0,C1三四五(C1四),14,5.0,7,7.8,3.0,3,吉原寛人,56.0,ダ,1400.0,稍,87.7,0.8,7-4-4,38.5,488.0,6.0,ゴールデンエール,30.0
2021107338,ジャガーバローズ,2025/02/19,大井,晴,12.0,エリダヌス座特別競走(C1四),15,4.0,7,5.7,3.0,7,吉原寛人,56.0,ダ,1400.0,良,88.4,0.7,14-14-12,37.7,482.0,0.0,ウインアイリーン,
2021107338,ジャガーバローズ,2024/12/05,大井,晴,8.0,ブル・ショット賞(C1四),13,4.0,4,3.1,2.0,1,Ｒ．クア,56.0,ダ,1400.0,良,88.5,0.0,5-5-5,39.5,482.0,-4.0,(アルピニスト),120.0
2021107338,ジャガーバローズ,2024/11/06,大井,曇,9.0,ひいらぎ特別競走(C1三),15,7.0,14,9.4,4.0,2,吉原寛人,56.0,ダ,1400.0,稍,88.5,0.0,7-6-3,39.8,486.0,-10.0,チャールズバローズ,80.0
2021107338,ジャガーバローズ,2024/10/16,大井,曇,10.0,白秋特別競走(C1),9,5.0,5,5.3,2.0,6,吉原寛人,56.0,ダ,2000.0,良,133.5,2.6,1-1-1-2,43.0,496.0,16.0,ガンモレジェンド,
2021107338,ジャガーバローズ,2024/06/13,門別,晴,10.0,北海優駿〔H1〕(重賞),11,6.0,6,22.8,7.0,10,吉原寛人,57.0,ダ,2000.0,良,133.5,2.4,2-2-2-4,41.4,480.0,-6.0,パッションクライ,
2021107338,ジャガーバローズ,2024/05/15,大井,晴,1.0,3歳七八,12,8.0,11,3.2,2.0,1,吉原寛人,56.0,ダ,1600.0,重,103.1,-0.6,2-2-2-1,40.3,486.0,3.0,(ムソウ),180.0
2021107338,ジャガーバローズ,2024/04/24,大井,雨,3.0,3歳四五六(3歳五),9,6.0,6,2.0,1.0,8,矢野貴之,56.0,ダ,1600.0,重,107.6,1.3,3-5-9-9,41.3,483.0,1.0,ミライヘノシンゲキ,
2021107338,ジャガーバローズ,2024/01/25,大井,晴,10.0,サルビア特別競走(3歳),10,2.0,2,12.6,5.0,6,矢野貴之,56.0,ダ,1700.0,稍,113.2,3.1,4-4-4-4,42.0,482.0,-2.0,ティントレット,
2021107338,ジャガーバローズ,2023/12/09,大井,晴,2.0,2歳新馬(新馬),9,8.0,9,3.2,3.0,1,矢野貴之,55.0,ダ,1600.0,良,105.7,0.0,1-1-1-1,39.9,484.0,0.0,(ペルセヴェランテ),400.0
2021107338,ジャガーバローズ,2023/12/05,大井,曇,2.0,2歳新馬(新馬),0,8.0,9,,,,矢野貴之,55.0,ダ,1600.0,良,,,,,,,,
2021107338,ジャガーバローズ,2023/07/31,大井,晴,4.0,2歳新馬(新馬),6,5.0,5,,,取,矢野貴之,54.0,ダ,1600.0,良,,,,,,,アンジェラリュール,
2019102015,ゼントユウイ,2026/07/11,高知,晴,8.0,C2ー2,8,5.0,5,5.2,4.0,5,岡村卓弥,57.0,ダ,1300.0,重,86.2,1.4,5-6-5-6,39.3,455.0,-1.0,ニコラウス,8.0
2019102015,ゼントユウイ,2026/06/27,高知,雨,10.0,短夜特別(C2),10,4.0,4,13.8,4.0,9,岡村卓弥,57.0,ダ,1400.0,不,90.7,1.3,6-6-6-7,39.6,456.0,13.0,メイショウハマギク,
2019102015,ゼントユウイ,2026/05/30,高知,晴,7.0,C2ー3,12,7.0,10,11.0,4.0,2,岡村卓弥,57.0,ダ,1400.0,稍,91.8,0.3,3-4-2-2,39.9,443.0,-19.0,ブーバー,32.0
2019102015,ゼントユウイ,2026/05/16,高知,晴,7.0,C2ー4,11,2.0,2,4.2,3.0,9,岡村卓弥,57.0,ダ,1300.0,良,87.4,1.1,5-3-2-2,41.2,462.0,-7.0,ヴィアダクト,
2019102015,ゼントユウイ,2024/12/06,名古屋,晴,11.0,丹頂特別(A),12,7.0,9,15.4,6.0,4,友森翔太,55.0,ダ,1500.0,良,95.8,0.6,10-10-9,38.8,469.0,-1.0,ミトノウォリアー,27.0
2019102015,ゼントユウイ,2024/11/13,名古屋,晴,11.0,名古屋CCディアナ賞(A),12,6.0,7,6.6,4.0,9,友森翔太,57.0,ダ,1500.0,良,95.6,1.8,12-12-12,38.1,470.0,-2.0,ベント,
2019102015,ゼントユウイ,2024/10/21,名古屋,晴,11.0,ダリア特別(A),11,5.0,6,8.4,4.0,1,大畑慧悟,56.0,ダ,1500.0,良,95.2,0.0,8-8-6,37.3,472.0,2.0,(ブルーリヴァーサル),150.0
2019102015,ゼントユウイ,2024/09/18,名古屋,晴,10.0,名古屋CCヴェスタ賞(A),11,3.0,3,39.1,8.0,3,友森翔太,57.0,ダ,2000.0,良,131.4,0.6,9-8-4,39.5,470.0,-2.0,スカイドゥエラー,36.0
2019102015,ゼントユウイ,2024/08/20,名古屋,曇,11.0,盆踊り特別(A),8,4.0,4,3.1,2.0,1,友森翔太,56.0,ダ,1700.0,重,110.2,-0.2,3-2-2,39.2,472.0,3.0,(ナオミニデレデレヤ),90.0
2019102015,ゼントユウイ,2024/07/23,名古屋,晴,9.0,アルフェッカ特別(B),8,8.0,9,3.4,2.0,1,大畑慧悟,55.0,ダ,1500.0,良,95.2,-0.1,7-7-6,37.3,469.0,-4.0,(オセアジェネシス),75.0
2019102015,ゼントユウイ,2024/07/10,名古屋,曇,11.0,ドゥーベ特別(B),12,8.0,11,14.6,4.0,4,友森翔太,56.0,ダ,1500.0,稍,96.0,0.6,12-10-9,37.8,473.0,1.0,アイリスバローズ,11.3
2019102015,ゼントユウイ,2024/06/12,名古屋,晴,11.0,アルフェラッツ特別(B),12,6.0,8,8.3,3.0,4,友森翔太,56.0,ダ,1700.0,良,110.1,1.0,11-10-8,38.8,472.0,8.0,ケンドチョウライ,11.3
2019102015,ゼントユウイ,2024/05/28,名古屋,雨,12.0,ふたご座特別(B),12,8.0,12,11.1,4.0,4,友森翔太,56.0,ダ,1700.0,不,109.5,0.4,3-2-3,39.1,464.0,1.0,ジナ,13.5
2019102015,ゼントユウイ,2024/05/16,名古屋,晴,8.0,B3組,12,6.0,7,2.7,1.0,2,友森翔太,56.0,ダ,1700.0,重,111.4,0.2,5-4-3,40.0,463.0,4.0,イントゥザファイア,21.0
2019102015,ゼントユウイ,2024/04/23,名古屋,曇,8.0,B4組,12,2.0,2,11.5,6.0,2,友森翔太,56.0,ダ,1700.0,重,111.2,0.4,7-6-4,39.8,459.0,-4.0,ビッグボスマサムネ,21.0
2019102015,ゼントユウイ,2024/04/10,名古屋,晴,8.0,B4組,12,7.0,10,28.7,8.0,11,友森翔太,56.0,ダ,1500.0,稍,98.4,1.8,8-8-10,40.2,463.0,4.0,ケンドチョウライ,
2019102015,ゼントユウイ,2023/12/14,名古屋,晴,12.0,冬木立特別(A),12,4.0,4,11.8,3.0,8,友森翔太,56.0,ダ,1700.0,重,112.0,1.6,1-1-3,40.1,459.0,2.0,アプサラー,
2019102015,ゼントユウイ,2023/11/15,名古屋,晴,11.0,津島特別(A),12,7.0,9,4.7,2.0,10,友森翔太,56.0,ダ,1700.0,稍,111.9,2.3,1-2-2,41.0,457.0,-2.0,マロンアイス,
2019102015,ゼントユウイ,2023/10/16,名古屋,晴,10.0,アルネブ特別(B),11,8.0,11,2.6,1.0,1,友森翔太,56.0,ダ,1700.0,稍,110.8,0.0,3-2-1,40.2,459.0,2.0,(サンマルエンパイア),65.0
2019102015,ゼントユウイ,2023/08/22,名古屋,晴,12.0,はくちょう座特別(B),10,8.0,10,2.8,1.0,2,友森翔太,56.0,ダ,1700.0,良,110.7,0.3,2-2-2,40.7,457.0,7.0,モーニングスマイル,26.3
2019102015,ゼントユウイ,2023/07/13,名古屋,曇,9.0,B4組,12,1.0,1,5.5,4.0,1,友森翔太,56.0,ダ,1700.0,不,109.4,-0.3,1-1-1,40.2,450.0,-10.0,(サンマッハ),50.0
2019102015,ゼントユウイ,2023/05/30,名古屋,曇,12.0,ふたご座特別(B),12,6.0,7,10.1,4.0,3,友森翔太,56.0,ダ,1500.0,重,96.1,1.1,2-1-2,39.5,460.0,-5.0,マレフィセント,15.0
2019102015,ゼントユウイ,2023/05/19,名古屋,雨,6.0,山野克哉誕生日記念(C),12,7.0,10,2.2,1.0,1,友森翔太,56.0,ダ,1500.0,不,95.1,-0.5,2-1-1,39.8,465.0,4.0,(トーホウダブリン),45.0
2019102015,ゼントユウイ,2023/04/24,名古屋,曇,12.0,犬山城特別(C),11,8.0,10,4.3,3.0,9,友森翔太,56.0,ダ,1500.0,良,101.2,4.1,2-1-9,45.0,461.0,-1.0,アストロパワー,
2019102015,ゼントユウイ,2023/04/12,名古屋,小雨,7.0,C9組,12,5.0,5,1.4,1.0,1,友森翔太,56.0,ダ,1500.0,良,97.0,-0.5,1-1-1,39.6,462.0,8.0,(ギムオブスターズ),45.0
2019102015,ゼントユウイ,2023/03/15,名古屋,晴,12.0,善太川特別(C),12,7.0,10,5.0,3.0,1,友森翔太,56.0,ダ,1500.0,良,96.7,-1.3,1-1-1,39.3,454.0,6.0,(ハートマン),45.0
2019102015,ゼントユウイ,2023/02/14,名古屋,晴,2.0,C26組,10,1.0,1,4.2,3.0,1,友森翔太,56.0,ダ,920.0,重,57.3,-0.2,1,36.6,448.0,-9.0,(ブタノカックーニ),35.0
2019102015,ゼントユウイ,2023/02/01,名古屋,曇,12.0,矢田川特別(C),10,2.0,2,76.7,7.0,9,友森翔太,56.0,ダ,1700.0,良,114.4,1.1,4-8-4,41.1,457.0,20.0,ホープインザダーク,
2019102015,ゼントユウイ,2023/01/01,名古屋,晴,4.0,C34組,11,1.0,1,5.7,3.0,1,友森翔太,56.0,ダ,1500.0,良,99.4,0.0,9-9-4,40.2,437.0,-6.0,(オレノマサムネ),35.0
2019102015,ゼントユウイ,2022/12/16,名古屋,晴,2.0,C25組,12,1.0,1,1.8,1.0,8,友森翔太,56.0,ダ,1500.0,良,100.7,1.6,8-8-8,40.5,443.0,3.0,ゼフィアス,
2019102015,ゼントユウイ,2022/12/05,名古屋,晴,2.0,C29組,12,7.0,10,2.5,1.0,2,友森翔太,56.0,ダ,920.0,良,57.4,0.2,6,36.9,440.0,8.0,ハーランズセンス,11.6
2019102015,ゼントユウイ,2022/11/01,門別,曇,1.0,3歳以上C4ー4,7,3.0,3,2.8,2.0,2,宮平鷹志,56.0,ダ,1000.0,良,64.4,0.3,7-7,38.2,432.0,0.0,ヒロノメダリスト,8.4
2022109054,マサウッドテール,2026/07/11,高知,晴,9.0,小暑特別(C2),11,5.0,5,64.7,8.0,8,岡村卓弥,57.0,ダ,1300.0,重,85.7,1.5,8-9-8-8,40.6,456.0,-2.0,プレジール,
2022109054,マサウッドテール,2026/06/27,高知,雨,9.0,C2ー2,11,3.0,3,7.7,4.0,3,岡村卓弥,57.0,ダ,1400.0,不,90.9,1.4,6-5-5-5,39.2,458.0,0.0,コリエドール,24.0
2022109054,マサウッドテール,2026/06/13,高知,晴,7.0,C2ー4,10,8.0,10,3.6,2.0,3,永森大智,57.0,ダ,1600.0,稍,108.9,1.0,1-1-1-1,43.6,458.0,-4.0,グッドフェイス,24.0
2022109054,マサウッドテール,2026/05/30,高知,晴,6.0,C2ー4,11,2.0,2,13.7,5.0,4,岡村卓弥,57.0,ダ,1400.0,稍,92.8,1.3,3-3-2-3,40.8,462.0,2.0,タイムイズマネー,16.0
2022109054,マサウッドテール,2026/05/17,高知,晴,3.0,C2ー6,12,2.0,2,20.9,3.0,3,岡村卓弥,57.0,ダ,1300.0,良,86.2,1.7,5-3-3-4,41.1,460.0,0.0,ワンダフルトゥデイ,24.0
2022109054,マサウッドテール,2026/05/02,高知,晴,6.0,C2ー5,9,3.0,3,9.2,4.0,7,山崎雅由,57.0,ダ,1400.0,重,92.9,1.2,3-3-3-3,42.0,460.0,-1.0,ニヨドスマイル,
2022109054,マサウッドテール,2026/04/19,高知,曇,3.0,C2ー8,9,8.0,9,5.2,4.0,3,岡村卓弥,57.0,ダ,1600.0,重,107.2,0.3,2-2-1-2,39.0,461.0,1.0,ショウナンマリン,24.0
2022109054,マサウッドテール,2026/04/05,高知,晴,2.0,C2ー7,11,8.0,11,21.0,3.0,4,岡村卓弥,57.0,ダ,1400.0,不,90.9,1.0,1-3-3-3,38.9,460.0,-2.0,ダオラダオラ,16.0
2022109054,マサウッドテール,2026/03/22,高知,雨,2.0,C2ー6,9,5.0,5,6.6,4.0,2,岡村卓弥,57.0,ダ,1400.0,稍,95.2,0.2,1-1-1-2,41.4,462.0,-3.0,イージスバローズ,28.0
2022109054,マサウッドテール,2026/03/10,高知,晴,5.0,ヒナギク特別(C3),10,5.0,5,34.2,6.0,5,岡村卓弥,57.0,ダ,1300.0,稍,86.4,2.0,4-3-4-5,40.8,465.0,8.0,ケルピー,11.0
2022109054,マサウッドテール,2026/02/23,高知,晴,6.0,C3ー3,10,7.0,7,16.5,4.0,1,岡村卓弥,57.0,ダ,1300.0,良,85.5,-0.3,3-3-3-2,40.1,457.0,0.0,(トウカイクレオス),60.0
2022109054,マサウッドテール,2026/02/10,高知,曇,4.0,C3ー4,10,8.0,10,4.2,4.0,5,岡村卓弥,57.0,ダ,1300.0,良,87.0,1.3,3-4-3-2,40.9,457.0,-4.0,ブラックサウザー,6.0
2022109054,マサウッドテール,2026/01/26,高知,晴,6.0,フクジュソウ特別(C3),6,8.0,8,10.7,4.0,5,永森大智,57.0,ダ,1300.0,良,85.4,2.2,2-2-2-4,39.7,461.0,4.0,スピードソルジャー,11.0
2022109054,マサウッドテール,2026/01/11,高知,晴,8.0,C3ー7,9,2.0,2,5.1,3.0,2,岡村卓弥,57.0,ダ,1400.0,良,94.3,0.8,3-3-3-1,42.0,457.0,-2.0,アイルランズコール,24.0
2022109054,マサウッドテール,2025/12/31,高知,晴,11.0,2025ファイナルレ(C3),12,8.0,12,4.3,1.0,2,岡村卓弥,57.0,ダ,1300.0,良,86.7,0.1,5-4-3-3,40.4,459.0,2.0,ゼンノソブリン,24.0
2022109054,マサウッドテール,2025/12/20,高知,曇,7.0,C3ー9,9,4.0,4,5.0,3.0,3,山崎雅由,57.0,ダ,1400.0,稍,94.2,0.9,3-3-4-3,40.6,457.0,0.0,ワイドレッド,15.0
2022109054,マサウッドテール,2025/12/06,高知,晴,6.0,C3ー9,10,1.0,1,24.3,5.0,5,永森大智,57.0,ダ,1300.0,良,86.6,0.6,3-3-3-4,40.7,457.0,-4.0,フーイナム,6.0
2022109054,マサウッドテール,2025/11/23,高知,晴,5.0,C3ー10,10,6.0,6,12.6,6.0,4,永森大智,57.0,ダ,1600.0,良,108.9,0.7,2-2-2-1,42.7,461.0,4.0,ジークシュベルト,9.0
2022109054,マサウッドテール,2025/11/08,高知,晴,5.0,C3ー10,9,3.0,3,7.8,4.0,3,岡村卓弥,57.0,ダ,1400.0,稍,92.8,1.3,4-4-4-3,40.2,457.0,-4.0,ステラマテュティナ,15.0
2022109054,マサウッドテール,2025/10/25,高知,小雨,6.0,C3ー9,10,2.0,2,12.2,4.0,6,永森大智,57.0,ダ,1300.0,不,85.0,1.2,7-7-7-6,39.4,461.0,4.0,スマートフランキー,
2022109054,マサウッドテール,2025/10/11,高知,曇,3.0,C3ー12,9,6.0,6,7.1,3.0,2,永森大智,57.0,ダ,1600.0,稍,109.7,0.4,1-1-1-2,40.1,457.0,0.0,ダノンファスト,24.0
2022109054,マサウッドテール,2025/09/27,高知,曇,4.0,3歳ー1,12,2.0,2,2.5,1.0,11,岡村卓弥,57.0,ダ,1300.0,不,87.3,2.1,6-6-6-9,41.1,457.0,-4.0,クエンカ,
2022109054,マサウッドテール,2025/09/14,高知,晴,9.0,3歳ー2,12,4.0,4,7.0,5.0,2,岡村卓弥,57.0,ダ,1400.0,重,92.2,0.1,4-4-4-3,39.1,461.0,-5.0,コパノジェームス,24.0
2022109054,マサウッドテール,2025/07/20,2小倉8,晴,2.0,3歳未勝利,18,6.0,11,18.5,8.0,12,高杉吏麒,56.0,芝,1200.0,良,70.7,1.7,9-10,37.0,466.0,-2.0,ワインクーラー,
2022109054,マサウッドテール,2025/07/05,2小倉3,晴,3.0,3歳未勝利,18,4.0,8,109.6,13.0,3,小崎綾也,57.0,芝,1200.0,良,69.3,0.8,7-5,35.4,468.0,2.0,ブラックケリー,140.0
2022109054,マサウッドテール,2025/05/18,2京都8,晴,3.0,3歳未勝利,16,4.0,7,41.6,9.0,10,小崎綾也,57.0,芝,1200.0,稍,70.2,0.8,4-3,35.6,466.0,-2.0,ブライティアブーケ,
2022109054,マサウッドテール,2025/03/15,1阪神5,曇,2.0,3歳未勝利,16,1.0,1,30.8,12.0,12,小崎綾也,57.0,ダ,1200.0,良,75.2,3.0,4-4,39.7,468.0,0.0,ゲッティヴィラ,
2022109054,マサウッドテール,2025/03/02,1小倉12,曇,2.0,3歳未勝利,18,8.0,16,42.4,9.0,4,小崎綾也,57.0,芝,1200.0,稍,71.0,0.8,2-2,36.6,468.0,6.0,スネーフリンガ,84.0
2022109054,マサウッドテール,2024/12/14,7京都5,曇,3.0,2歳未勝利,15,4.0,7,144.0,11.0,9,吉村誠之,54.0,芝,1200.0,良,70.3,0.9,4-3,35.3,462.0,12.0,スピリットライズ,
2022109054,マサウッドテール,2024/10/14,4新潟4,晴,3.0,2歳未勝利,15,2.0,2,155.3,12.0,8,小崎綾也,56.0,芝,1200.0,良,70.6,0.5,2-2,36.2,450.0,4.0,トシッキー,
2022109054,マサウッドテール,2024/09/22,3中京7,曇,3.0,2歳未勝利,18,4.0,7,321.7,18.0,14,小崎綾也,55.0,芝,1400.0,良,84.9,3.0,2-3,39.5,446.0,6.0,キャッスルレイク,
2022109054,マサウッドテール,2024/07/14,3小倉6,雨,2.0,2歳未勝利,9,3.0,3,78.7,9.0,8,小崎綾也,55.0,芝,1200.0,稍,72.2,1.6,6-7,37.7,440.0,0.0,ベルビースタローン,
2022109054,マサウッドテール,2024/06/30,3小倉2,曇,6.0,2歳新馬,6,2.0,2,25.0,5.0,5,幸英明,55.0,芝,1200.0,稍,72.5,1.2,3-4,38.1,440.0,0.0,ユメシバイ,72.0
2021100672,ウィンザーバローズ,2026/06/27,高知,雨,10.0,短夜特別(C2),10,1.0,1,149.0,10.0,10,山田義貴,57.0,ダ,1400.0,不,92.4,3.0,10-10-10-10,39.9,492.0,-6.0,メイショウハマギク,
2021100672,ウィンザーバローズ,2026/06/13,高知,晴,6.0,C2ー5,11,4.0,4,11.0,6.0,1,赤岡修次,57.0,ダ,1600.0,稍,109.3,-0.1,7-7-7-7,41.3,498.0,2.0,(ノースザワールド),80.0
2021100672,ウィンザーバローズ,2026/05/31,高知,晴,2.0,C2ー6,11,6.0,7,4.1,3.0,4,郷間勇太,57.0,ダ,1400.0,稍,93.0,1.0,6-6-6-5,40.1,496.0,-6.0,ココリハクタク,16.0
2021100672,ウィンザーバローズ,2026/05/17,高知,晴,3.0,C2ー6,12,6.0,7,24.5,4.0,9,西森将司,57.0,ダ,1300.0,良,87.3,2.8,10-10-9-9,40.6,502.0,-4.0,ワンダフルトゥデイ,
2021100672,ウィンザーバローズ,2026/05/03,高知,雨,3.0,C2ー6,10,7.0,8,11.4,5.0,7,郷間勇太,57.0,ダ,1400.0,不,91.2,1.0,5-5-7-8,38.5,506.0,6.0,プリンセスダイヤ,
2021100672,ウィンザーバローズ,2026/03/25,高知,雨,4.0,C1ー5,11,5.0,5,26.9,5.0,3,郷間勇太,57.0,ダ,1300.0,不,82.1,1.3,7-7-5-4,38.2,500.0,5.0,カイザーブリッツ,22.5
2021100672,ウィンザーバローズ,2026/02/22,高知,曇,6.0,C2ー2,10,8.0,9,4.4,2.0,1,宮川実,57.0,ダ,1400.0,良,93.9,-0.3,7-7-6-4,39.4,495.0,3.0,(ネイルンノ),70.0
2021100672,ウィンザーバローズ,2026/02/15,高知,晴,9.0,向春特別(C2),9,5.0,5,6.2,3.0,8,宮川実,57.0,ダ,1600.0,重,108.1,1.1,7-6-5-8,40.9,492.0,-3.0,ナムラクレープ,
2021100672,ウィンザーバローズ,2026/01/18,高知,晴,8.0,寒中特別(C2),9,5.0,5,11.1,4.0,2,吉原寛人,57.0,ダ,1600.0,良,107.5,0.1,9-9-9-9,39.5,495.0,-4.0,イモータルウインド,52.0
2021100672,ウィンザーバローズ,2026/01/10,高知,晴,3.0,C2ー6,12,6.0,8,7.3,4.0,3,宮川実,57.0,ダ,1300.0,良,85.6,0.1,5-6-6-5,39.3,499.0,-3.0,オリーブブランチ,17.5
2021100672,ウィンザーバローズ,2025/12/14,高知,晴,1.0,C2ー8,10,4.0,4,4.7,2.0,4,宮川実,57.0,ダ,1400.0,稍,93.5,0.8,3-4-3-7,41.3,502.0,0.0,オドラニャソンソン,10.5
2021100672,ウィンザーバローズ,2025/11/30,高知,晴,11.0,タマムラサキ特別(C3),8,5.0,5,42.5,8.0,3,宮川実,57.0,ダ,1400.0,良,93.1,0.7,5-6-6-5,39.9,502.0,-3.0,エイブリー,27.5
2021100672,ウィンザーバローズ,2025/11/16,高知,晴,2.0,C3ー4,8,4.0,4,7.3,2.0,2,郷間勇太,57.0,ダ,1400.0,稍,92.2,1.1,6-6-6-6,39.0,505.0,-5.0,オリーブブランチ,24.0
2021100672,ウィンザーバローズ,2025/11/01,高知,晴,3.0,C3ー3,12,2.0,2,7.2,3.0,10,宮川実,57.0,ダ,1400.0,不,93.5,2.7,10-9-9-9,40.2,510.0,17.0,ショウサンキズナ,
2021100672,ウィンザーバローズ,2025/07/03,大井,晴,7.0,C1六七,13,4.0,4,7.9,3.0,7,Ｒ．クア,56.0,ダ,1600.0,良,104.4,1.9,10-10-10-11,41.0,493.0,7.0,バズッチ,
2021100672,ウィンザーバローズ,2025/06/11,大井,曇,8.0,ジン・ライム賞(C1八),11,1.0,1,5.2,3.0,7,Ｒ．クア,56.0,ダ,1400.0,不,89.5,1.6,3-9-9,39.5,486.0,-4.0,パワーキングダム,
2021100672,ウィンザーバローズ,2025/05/22,大井,曇,9.0,C1六七,16,7.0,14,5.5,2.0,14,Ｒ．クア,56.0,ダ,1200.0,良,75.3,2.5,8-8,39.2,490.0,5.0,ユメゴテン,
2021100672,ウィンザーバローズ,2024/12/30,大井,晴,9.0,海馬賞(C1六),14,3.0,4,4.6,3.0,2,吉井章,56.0,ダ,1400.0,良,88.3,0.0,2-4-3,38.1,485.0,4.0,ニシケンサク,48.0
2021100672,ウィンザーバローズ,2024/12/06,大井,晴,10.0,しながわウェルビーイ(C2四),16,1.0,1,2.6,2.0,2,Ｒ．クア,56.0,ダ,1400.0,良,88.6,0.2,7-8-9,38.5,481.0,-9.0,フレンドキング,72.0
2021100672,ウィンザーバローズ,2024/11/08,大井,晴,9.0,C2二三四(C2三),14,4.0,5,4.2,2.0,2,Ｒ．クア,56.0,ダ,1400.0,良,89.8,1.5,7-6-5,39.2,490.0,6.0,サウンドクラージュ,40.0
2021100672,ウィンザーバローズ,2024/06/27,大井,曇,6.0,3歳四五六(3歳五),11,4.0,4,2.0,1.0,3,谷内貫太,54.0,ダ,1400.0,良,90.2,0.4,7-9-8,38.4,484.0,-1.0,ケーリーバンド,37.5
2021100672,ウィンザーバローズ,2024/06/05,大井,晴,2.0,3歳四五六(3歳五),14,3.0,4,6.4,3.0,2,谷内貫太,54.0,ダ,1400.0,稍,89.7,0.0,4-5-5,39.2,485.0,23.0,ムソウ,60.0
2021100672,ウィンザーバローズ,2023/12/26,大井,晴,4.0,2歳新馬(新馬),7,3.0,3,1.6,1.0,1,桑村真明,55.0,ダ,1200.0,良,77.1,-0.4,3-3,38.3,462.0,0.0,(サッキーミツグ),400.0
2018101881,ハルノインパクト,2026/06/27,高知,雨,9.0,C2ー2,11,6.0,7,62.0,9.0,9.0,上田将司,57.0,ダ,1400.0,不,91.8,2.3,11-11-11-9,39.1,515.0,11.0,コリエドール,
2018101881,ハルノインパクト,2026/05/30,高知,晴,8.0,C2ー2,12,2.0,2,28.8,7.0,8.0,上田将司,57.0,ダ,1400.0,稍,93.6,1.8,11-11-11-10,40.6,504.0,-8.0,パレスパートナー,
2018101881,ハルノインパクト,2026/01/21,高知,晴,9.0,ファイナルレース(C1),12,5.0,6,18.2,7.0,5.0,郷間勇太,57.0,ダ,1300.0,良,85.9,1.1,10-9-10-9,39.0,512.0,3.0,グレイストーム,9.0
2018101881,ハルノインパクト,2025/12/29,高知,晴,12.0,ファイナルレース(C1),12,6.0,8,10.4,4.0,8.0,郷間勇太,57.0,ダ,1400.0,良,94.0,1.3,12-12-11-11,39.2,509.0,1.0,ハイモビリティ,
2018101881,ハルノインパクト,2025/12/14,高知,晴,4.0,C1ー4,11,6.0,7,25.3,7.0,7.0,郷間勇太,57.0,ダ,1400.0,稍,91.7,1.7,11-11-11-11,38.2,508.0,-2.0,フユソウビ,
2018101881,ハルノインパクト,2025/11/30,高知,晴,8.0,C1ー4,10,3.0,3,20.7,5.0,4.0,宮川実,57.0,ダ,1600.0,良,109.0,1.9,7-6-7-6,40.9,510.0,-1.0,オタマジャクシ,13.5
2018101881,ハルノインパクト,2025/11/16,高知,晴,6.0,C1ー3,12,6.0,8,75.6,8.0,5.0,郷間勇太,57.0,ダ,1300.0,稍,84.7,1.5,8-8-7-6,39.1,511.0,4.0,アティード,9.0
2018101881,ハルノインパクト,2025/11/02,高知,曇,6.0,花みょうが特別(C1),12,8.0,11,20.0,5.0,4.0,郷間勇太,57.0,ダ,1400.0,重,90.7,0.6,7-7-7-5,38.4,507.0,-7.0,グランレザンドール,13.5
2018101881,ハルノインパクト,2025/10/19,高知,曇,6.0,C1ー3,9,3.0,3,33.5,7.0,7.0,郷間勇太,57.0,ダ,1600.0,稍,108.0,0.9,6-5-6-5,40.6,514.0,-1.0,サノノスピード,
2018101881,ハルノインパクト,2025/10/05,高知,晴,6.0,C1ー4,11,3.0,3,39.2,8.0,3.0,郷間勇太,57.0,ダ,1300.0,重,85.1,0.5,5-3-3-3,39.1,515.0,3.0,モズライフセーバー,22.5
2018101881,ハルノインパクト,2025/09/23,高知,曇,11.0,ファイナルレース(C1),11,5.0,6,26.0,11.0,5.0,郷間勇太,57.0,ダ,1400.0,良,92.7,0.4,6-6-6-5,40.9,512.0,2.0,シュクメルリ,9.0
2018101881,ハルノインパクト,2025/09/07,高知,晴,11.0,ファイナルレース(C1),9,5.0,5,19.0,8.0,6.0,郷間勇太,57.0,ダ,1600.0,重,108.4,2.3,5-5-5-5,41.0,510.0,7.0,メイショウロージー,
2018101881,ハルノインパクト,2025/05/18,高知,曇,2.0,C1ー6,10,5.0,5,38.1,7.0,9.0,近藤翔月,54.0,ダ,1300.0,不,83.3,2.4,10-10-10-10,37.2,503.0,-2.0,ポイントフォワード,
2018101881,ハルノインパクト,2025/04/20,高知,曇,2.0,C1ー5,9,8.0,8,4.9,2.0,5.0,井上瑛太,57.0,ダ,1400.0,稍,92.3,1.8,4-5-4-4,41.7,505.0,-1.0,リンガスウォリアー,9.0
2018101881,ハルノインパクト,2025/04/06,高知,晴,6.0,C1ー6,11,1.0,1,3.5,2.0,4.0,赤岡修次,57.0,ダ,1400.0,稍,92.9,0.9,1-1-1-2,41.2,506.0,-1.0,マイネルイリャルギ,13.5
2018101881,ハルノインパクト,2025/03/25,高知,晴,3.0,Bー3,8,8.0,8,5.8,4.0,3.0,郷間勇太,56.0,ダ,1300.0,良,85.8,0.0,2-2-2-2,40.3,507.0,-1.0,リアルシング,24.0
2018101881,ハルノインパクト,2025/03/12,高知,曇,7.0,C1ー2,12,4.0,4,7.9,5.0,4.0,郷間勇太,56.0,ダ,1300.0,重,84.2,0.8,10-9-8-6,38.1,508.0,-4.0,ハルノサムソン,13.5
2018101881,ハルノインパクト,2025/02/25,高知,晴,9.0,轟の滝特別(C1),11,7.0,9,6.9,2.0,7.0,多田羅誠,56.0,ダ,1400.0,良,92.4,1.4,6-6-6-6,40.9,512.0,1.0,ミシェラドラータ,
2018101881,ハルノインパクト,2025/02/12,高知,小雨,9.0,入野海岸特別(C1),7,5.0,5,18.6,4.0,3.0,郷間勇太,56.0,ダ,1400.0,重,90.9,1.8,6-6-6-4,39.7,511.0,7.0,ゲンヨウサイ,32.0
2018101881,ハルノインパクト,2025/01/29,高知,晴,8.0,C1ー2,11,7.0,9,4.8,2.0,2.0,郷間勇太,56.0,ダ,1400.0,稍,92.7,1.0,3-3-3-2,40.0,504.0,0.0,モズパシュート,31.5
2018101881,ハルノインパクト,2025/01/15,高知,晴,8.0,C1ー2,10,2.0,2,8.0,3.0,4.0,郷間勇太,56.0,ダ,1400.0,良,93.5,0.6,7-8-8-6,41.7,504.0,2.0,モーニングパス,13.5
2018101881,ハルノインパクト,2024/12/29,高知,晴,7.0,第7回中屋特別(C1),10,8.0,10,1.8,1.0,4.0,吉原寛人,56.0,ダ,1400.0,良,93.1,0.8,3-2-2-1,41.6,502.0,2.0,ハートプレイス,13.5
2018101881,ハルノインパクト,2024/12/15,高知,晴,11.0,双名島特別(C1),12,5.0,5,75.3,9.0,4.0,郷間勇太,56.0,ダ,1400.0,良,92.1,0.7,6-6-5-4,40.5,500.0,-3.0,トウカイラメール,24.0
2018101881,ハルノインパクト,2024/12/01,高知,晴,5.0,佐野利浩還暦祝い特別(C1),10,8.0,9,4.0,3.0,2.0,永森大智,56.0,ダ,1300.0,稍,83.8,0.5,2-3-3-2,39.5,503.0,2.0,ウインザナドゥ,31.5
2018101881,ハルノインパクト,2024/11/17,高知,晴,7.0,C1ー4,11,4.0,4,12.5,6.0,4.0,郷間勇太,56.0,ダ,1600.0,重,107.2,1.2,6-5-4-2,41.6,501.0,0.0,ボルネオ,13.5
2018101881,ハルノインパクト,2024/11/02,高知,曇,5.0,C1ー5,12,7.0,9,110.3,9.0,2.0,郷間勇太,56.0,ダ,1400.0,不,89.7,0.0,2-2-2-2,39.5,501.0,-5.0,ナムラテディー,31.5
2018101881,ハルノインパクト,2024/10/20,高知,晴,7.0,C1ー4,12,5.0,5,159.8,11.0,10.0,郷間勇太,56.0,ダ,1300.0,稍,86.0,1.7,6-8-10-10,40.2,506.0,7.0,ルクルト,
2018101881,ハルノインパクト,2024/09/23,高知,晴,7.0,C1ー4,9,5.0,5,11.1,5.0,9.0,郷間勇太,56.0,ダ,1400.0,重,96.5,4.6,7-7-8-7,44.2,499.0,-9.0,イールテソーロ,
2018101881,ハルノインパクト,2024/09/08,高知,晴,6.0,C1ー5,9,6.0,6,15.3,3.0,7.0,郷間勇太,56.0,ダ,1400.0,良,93.6,1.8,5-6-6-6,41.5,508.0,9.0,サイモンハロルド,
2018101881,ハルノインパクト,2024/07/20,高知,晴,11.0,安田川特別(B),9,8.0,8,132.0,9.0,5.0,郷間勇太,56.0,ダ,1600.0,稍,106.1,1.3,7-8-8-5,40.9,499.0,-4.0,マイネルシトラス,20.0
2018101881,ハルノインパクト,2024/07/06,高知,晴,9.0,駄目朝総統杯特別(B),9,2.0,2,99.7,7.0,3.0,郷間勇太,56.0,ダ,1300.0,稍,84.2,1.3,4-4-4-4,39.4,503.0,4.0,マイネルシトラス,24.0
2018101881,ハルノインパクト,2024/06/22,高知,雨,8.0,さようならイクミ特別(B),8,3.0,3,21.1,4.0,5.0,郷間勇太,56.0,ダ,1400.0,不,91.2,1.5,7-7-7-5,39.1,499.0,7.0,エコロファルコン,12.0
2018101881,ハルノインパクト,2024/06/08,高知,雨,7.0,Bー4,10,5.0,5,114.1,8.0,4.0,郷間勇太,56.0,ダ,1400.0,稍,92.3,1.1,7-7-7-7,39.7,492.0,-1.0,コパノリッチマン,18.0
2018101881,ハルノインパクト,2024/05/25,高知,晴,7.0,祝F康治生誕特別(B),9,7.0,7,57.7,8.0,4.0,郷間勇太,56.0,ダ,1400.0,稍,93.4,0.6,9-9-9-8,39.5,493.0,-1.0,ユメノサキ,18.0
2018101881,ハルノインパクト,2024/05/11,高知,晴,8.0,SHIONOYA特別(B),9,5.0,5,82.9,7.0,9.0,郷間勇太,56.0,ダ,1300.0,稍,86.0,2.1,7-8-8-8,40.3,494.0,5.0,トゥルーバローズ,
2018101881,ハルノインパクト,2024/04/28,高知,晴,8.0,第16回渡辺彩夢特別(B),10,3.0,3,83.5,8.0,6.0,郷間勇太,56.0,ダ,1400.0,不,91.4,1.5,8-8-9-9,39.1,489.0,-3.0,サトノアレックス,
2018101881,ハルノインパクト,2024/04/13,高知,晴,8.0,Bー4,8,5.0,5,27.5,4.0,4.0,郷間勇太,56.0,ダ,1400.0,稍,92.2,1.1,5-5-4-4,40.1,492.0,-4.0,ワイドカント,18.0
2018101881,ハルノインパクト,2024/03/24,高知,雨,11.0,マーチ特別(A),10,3.0,3,194.7,9.0,9.0,郷間勇太,56.0,ダ,1400.0,不,90.6,1.8,10-10-9-9,38.8,496.0,3.0,ケプラー,
2018101881,ハルノインパクト,2024/03/10,高知,晴,9.0,ブラッドストーン特別(A),9,6.0,6,102.3,6.0,5.0,郷間勇太,56.0,ダ,1600.0,稍,106.6,2.6,7-7-6-5,40.5,493.0,-2.0,ロードブレス,20.0
2018101881,ハルノインパクト,2024/02/25,高知,曇,9.0,令月特別(A),11,3.0,3,116.0,9.0,7.0,郷間勇太,56.0,ダ,1600.0,不,104.4,2.7,7-6-6-6,40.1,495.0,-2.0,デシジョン,
2018101881,ハルノインパクト,2024/02/11,高知,晴,9.0,Aー2,11,1.0,1,7.6,4.0,7.0,郷間勇太,56.0,ダ,1600.0,重,106.8,0.9,8-7-6-6,40.8,497.0,0.0,カドフィール,
2018101881,ハルノインパクト,2024/01/28,高知,晴,9.0,Aー2,9,3.0,3,11.5,5.0,5.0,郷間勇太,56.0,ダ,1300.0,良,85.9,1.6,5-5-5-5,40.4,497.0,0.0,デステージョ,16.0
2018101881,ハルノインパクト,2024/01/14,高知,晴,4.0,ビオラ特別(A),11,4.0,4,58.7,6.0,4.0,郷間勇太,56.0,ダ,1400.0,良,93.1,1.5,10-10-8-5,39.8,497.0,6.0,ヘルシャフト,24.0
2018101881,ハルノインパクト,2024/01/01,高知,晴,9.0,AB混合,9,8.0,9,10.0,3.0,4.0,郷間勇太,56.0,ダ,1600.0,重,107.5,1.4,5-5-4-4,40.8,491.0,-3.0,カドフィール,24.0
2018101881,ハルノインパクト,2023/12/16,高知,曇,9.0,ターコイズ特別(A),7,6.0,6,79.9,6.0,6.0,郷間勇太,56.0,ダ,1400.0,不,91.7,1.6,7-7-7-6,40.2,494.0,4.0,ロイズピーク,
2018101881,ハルノインパクト,2023/12/03,高知,晴,7.0,それ4着特別(AB),10,2.0,2,42.1,8.0,3.0,郷間勇太,56.0,ダ,1600.0,稍,105.8,0.1,6-6-6-3,39.5,490.0,1.0,ミニョン,32.0
2018101881,ハルノインパクト,2023/11/19,高知,晴,9.0,Aー3,9,1.0,1,59.7,7.0,8.0,郷間勇太,56.0,ダ,1400.0,不,94.3,4.4,4-5-5-6,43.1,489.0,2.0,ナムラゴロフキン,
2018101881,ハルノインパクト,2023/10/21,高知,晴,11.0,Aー2,9,2.0,2,17.3,6.0,8.0,郷間勇太,56.0,ダ,1400.0,良,93.4,2.0,8-8-9-7,40.7,487.0,-3.0,ロイズピーク,
2018101881,ハルノインパクト,2023/10/08,高知,雨,11.0,オパール特別(A),11,2.0,2,80.8,9.0,11.0,郷間勇太,56.0,ダ,1400.0,不,91.9,3.2,6-6-6-8,41.0,490.0,2.0,ヒカリオーソ,
2018101881,ハルノインパクト,2023/09/18,高知,曇,11.0,Aー2,9,5.0,5,136.1,8.0,8.0,郷間勇太,56.0,ダ,1600.0,重,105.4,1.2,8-9-9-9,39.0,488.0,-3.0,レベルスリー,
2018101881,ハルノインパクト,2023/09/03,高知,晴,9.0,ゆいちゃん生誕特別(A),8,4.0,4,7.7,3.0,5.0,村上弘樹,56.0,ダ,1600.0,不,107.0,1.0,7-7-7-7,38.9,491.0,4.0,ゴールデンブレイヴ,16.0
2018101881,ハルノインパクト,2023/08/20,高知,晴,10.0,Aー2,10,5.0,5,240.0,10.0,7.0,岡遼太郎,56.0,ダ,1400.0,重,90.1,1.2,9-9-9-8,38.8,487.0,-7.0,ロイズピーク,
2018101881,ハルノインパクト,2023/07/29,高知,晴,10.0,倉兼おつかれさま特別(A),10,1.0,1,129.4,10.0,8.0,井上瑛太,56.0,ダ,1400.0,稍,94.1,3.1,4-4-4-6,43.3,494.0,-5.0,レベルスリー,
2018101881,ハルノインパクト,2023/07/02,高知,晴,10.0,ルビー特別(A),8,7.0,7,119.5,7.0,7.0,永森大智,56.0,ダ,1600.0,不,106.9,2.2,7-7-7-8,41.6,499.0,5.0,スペルマロン,
2018101881,ハルノインパクト,2023/06/17,高知,晴,11.0,Aー2,10,7.0,7,76.5,8.0,9.0,郷間勇太,56.0,ダ,1400.0,重,92.4,3.4,9-9-9-9,40.9,494.0,-4.0,グッドヒューマー,
2018101881,ハルノインパクト,2023/05/30,高知,雨,9.0,筆山特別(A),8,2.0,2,21.0,4.0,5.0,郷間勇太,56.0,ダ,1600.0,不,104.5,1.4,5-5-4-4,40.0,498.0,4.0,ヒカリオーソ,16.0
2018101881,ハルノインパクト,2023/05/13,高知,雨,10.0,Aー2,10,7.0,7,33.8,5.0,10.0,畑中信司,56.0,ダ,1400.0,不,92.9,3.3,7-8-9-10,40.7,494.0,-2.0,アポロティアモ,
2018101881,ハルノインパクト,2023/04/16,高知,小雨,11.0,Aー2,8,7.0,7,18.9,5.0,8.0,畑中信司,56.0,ダ,1600.0,不,104.8,2.0,6-7-7-6,39.0,496.0,-2.0,アポロティアモ,
2018101881,ハルノインパクト,2023/02/05,高知,晴,9.0,アメジスト特別(A),12,7.0,10,16.6,6.0,7.0,畑中信司,56.0,ダ,1400.0,稍,93.1,1.5,7-8-6-8,41.8,498.0,2.0,アポロティアモ,
2018101881,ハルノインパクト,2023/01/15,高知,雨,4.0,大高坂賞(重賞),11,8.0,11,80.7,8.0,7.0,郷間勇太,57.0,ダ,1400.0,不,90.0,1.7,8-9-9-9,39.4,496.0,1.0,モダスオペランディ,
2018101881,ハルノインパクト,2022/12/31,高知,晴,10.0,Aー2,7,2.0,2,1.8,1.0,2.0,畑中信司,56.0,ダ,1600.0,重,106.9,0.3,3-3-3-2,38.6,495.0,-5.0,ブレイヴコール,56.0
2018101881,ハルノインパクト,2022/12/04,高知,曇,7.0,ラニ賞,11,6.0,7,34.0,6.0,6.0,畑中信司,56.0,ダ,1800.0,重,120.6,1.3,7-6-6-5,41.3,500.0,3.0,グッドヒューマー,
2018101881,ハルノインパクト,2022/11/20,高知,晴,11.0,トパーズ特別(A),8,6.0,6,5.6,3.0,3.0,畑中信司,56.0,ダ,1400.0,稍,91.0,0.9,5-6-6-5,39.4,497.0,2.0,グランデラムジー,48.0
2018101881,ハルノインパクト,2022/11/06,高知,晴,11.0,Aー2,8,7.0,7,12.6,4.0,2.0,畑中信司,56.0,ダ,1600.0,重,103.9,0.7,4-4-3-2,38.1,495.0,-6.0,ブラックランナー,56.0
2018101881,ハルノインパクト,2022/10/22,高知,晴,10.0,Aー2,8,1.0,1,4.5,3.0,4.0,畑中信司,56.0,ダ,1400.0,稍,92.2,1.3,1-1-1-1,42.2,501.0,-3.0,スペルマロン,24.0
2018101881,ハルノインパクト,2022/09/20,高知,晴,11.0,Aー2,8,2.0,2,2.9,2.0,3.0,畑中信司,56.0,ダ,1600.0,不,105.3,0.4,5-5-5-4,39.7,504.0,0.0,ゴールドプリンス,32.0
2018101881,ハルノインパクト,2022/09/19,高知,,11.0,Aー2,0,2.0,2,,,,畑中信司,56.0,ダ,1600.0,,,,,,,,,
2018101881,ハルノインパクト,2022/09/04,高知,晴,7.0,Aー2,10,7.0,7,4.6,3.0,4.0,西川敏弘,56.0,ダ,1600.0,不,104.8,1.4,6-6-4-4,39.9,504.0,3.0,グランデラムジー,24.0
2018101881,ハルノインパクト,2022/08/21,高知,曇,11.0,Aー2,10,8.0,9,4.3,2.0,4.0,畑中信司,56.0,ダ,1400.0,稍,90.5,0.7,2-2-2-2,39.5,501.0,-1.0,エイシンビジョン,24.0
2018101881,ハルノインパクト,2022/07/30,高知,雨,11.0,Aー2,9,5.0,5,2.6,1.0,3.0,郷間勇太,56.0,ダ,1400.0,不,89.5,0.1,1-1-1-2,38.9,502.0,4.0,ペイシャクレア,32.0
2018101881,ハルノインパクト,2022/07/03,高知,曇,11.0,ルビー特別(A),7,7.0,7,2.6,2.0,6.0,畑中信司,56.0,ダ,1400.0,不,89.1,0.6,3-3-3-1,39.5,498.0,-1.0,グランデラムジー,
2018101881,ハルノインパクト,2022/06/18,高知,曇,11.0,Aー2,9,8.0,9,17.6,4.0,1.0,畑中信司,56.0,ダ,1600.0,不,105.0,-0.5,2-2-2-1,38.6,499.0,-1.0,(エイシンビジョン),160.0
2018101881,ハルノインパクト,2022/05/31,高知,晴,11.0,福永洋一記念(重賞),10,7.0,9,40.8,6.0,9.0,西川敏弘,57.0,ダ,1600.0,不,106.2,2.5,5-5-6-7,40.2,500.0,3.0,ララメダイユドール,
2018101881,ハルノインパクト,2022/05/14,高知,曇,10.0,Aー2,10,1.0,1,8.0,4.0,1.0,西川敏弘,56.0,ダ,1400.0,不,89.4,-0.1,3-3-3-1,37.7,497.0,2.0,(ジョーアラビカ),160.0
2018101881,ハルノインパクト,2022/03/27,高知,晴,8.0,Aー2,9,2.0,2,3.5,2.0,3.0,多田羅誠,56.0,ダ,1600.0,不,106.9,2.0,5-5-5-4,40.0,495.0,3.0,グランシュマン,28.0
2018101881,ハルノインパクト,2022/03/13,高知,曇,7.0,Aー3,9,6.0,6,4.5,3.0,4.0,西川敏弘,56.0,ダ,1600.0,良,109.5,0.2,6-6-5-4,41.7,492.0,0.0,ヤークトボマー,21.0
2018101881,ハルノインパクト,2022/02/27,高知,晴,9.0,Aー2,9,6.0,6,2.0,1.0,1.0,西川敏弘,56.0,ダ,1600.0,稍,108.2,-0.2,3-3-3-1,40.1,492.0,0.0,(サトノグリッター),140.0
2018101881,ハルノインパクト,2022/02/13,高知,雨,5.0,だるま夕日賞(重賞),11,1.0,1,6.1,3.0,6.0,西川敏弘,57.0,ダ,1600.0,重,105.1,1.9,1-1-1-2,40.9,492.0,3.0,ダノングッド,
2018101881,ハルノインパクト,2022/01/23,高知,雨,6.0,江口先生に感謝特別(AB),11,6.0,7,2.8,2.0,2.0,西川敏弘,56.0,ダ,1400.0,重,88.8,0.0,3-3-3-1,38.6,489.0,-8.0,マイネルラック,49.0
2018101881,ハルノインパクト,2021/12/31,高知,晴,7.0,高知県知事賞(重賞),12,8.0,11,26.7,5.0,7.0,西川敏弘,56.0,ダ,2400.0,稍,169.7,2.2,1-1-2-3,43.8,497.0,9.0,グリードパルフェ,
2018101881,ハルノインパクト,2021/12/05,高知,晴,10.0,ターコイズ特別(A),8,5.0,5,8.4,2.0,7.0,西川敏弘,58.0,ダ,1600.0,重,106.9,1.6,7-7-7-7,39.8,488.0,1.0,スペルマロン,
2018101881,ハルノインパクト,2021/11/14,高知,晴,7.0,土佐秋月賞(重賞),11,4.0,4,1.8,1.0,1.0,西川敏弘,56.0,ダ,1600.0,重,106.4,0.0,3-3-3-2,40.6,487.0,1.0,(コウエイブレイヴ),600.0
2018101881,ハルノインパクト,2021/10/24,高知,晴,10.0,オパール特別(A),9,6.0,6,3.9,3.0,1.0,西川敏弘,56.0,ダ,1600.0,良,105.5,0.0,2-2-2-1,38.6,486.0,-3.0,(サンキュー),160.0
2018101881,ハルノインパクト,2021/10/09,高知,晴,5.0,アドミラブル賞,9,7.0,7,8.9,3.0,2.0,西川敏弘,56.0,ダ,1400.0,良,91.9,1.1,1-1-1-1,39.5,489.0,5.0,スペルマロン,140.0
2018101881,ハルノインパクト,2021/09/12,高知,雨,11.0,栴檀特別(3歳),11,1.0,1,2.0,2.0,2.0,西川敏弘,56.0,ダ,1400.0,不,89.4,0.5,3-2-2-2,39.6,484.0,-3.0,コウエイブレイヴ,105.0
2018101881,ハルノインパクト,2021/08/29,高知,晴,7.0,黒潮菊花賞(重賞),12,4.0,4,1.1,1.0,2.0,西川敏弘,56.0,ダ,1900.0,稍,128.0,0.0,3-3-1-1,41.4,487.0,-3.0,トーセンジェイク,210.0
2018101881,ハルノインパクト,2021/07/24,高知,晴,5.0,魚梁瀬杉特別(3歳),12,6.0,7,1.2,1.0,2.0,西川敏弘,56.0,ダ,1300.0,稍,85.7,0.2,6-4-5-1,40.1,490.0,7.0,ブラックマンバ,105.0
2018101881,ハルノインパクト,2021/06/20,高知,曇,7.0,高知優駿[地方交(重賞),12,1.0,1,3.5,2.0,1.0,西川敏弘,56.0,ダ,1900.0,不,127.1,-0.6,4-3-2-1,41.2,483.0,0.0,(ベアナチュラル),1000.0
2018101881,ハルノインパクト,2021/05/22,高知,晴,5.0,山桃特別(3歳),12,7.0,10,1.8,1.0,1.0,西川敏弘,56.0,ダ,1800.0,不,119.6,-0.3,4-4-2-1,40.8,483.0,2.0,(エゾフウジン),300.0
2018101881,ハルノインパクト,2021/05/02,高知,曇,7.0,黒潮皐月賞(重賞),12,4.0,4,1.4,1.0,1.0,西川敏弘,56.0,ダ,1400.0,不,91.2,-0.4,5-5-5-1,39.6,481.0,-2.0,(ブラックマンバ),600.0
2018101881,ハルノインパクト,2021/04/10,高知,晴,5.0,仙台屋桜特別(3歳),11,4.0,4,1.5,1.0,1.0,西川敏弘,56.0,ダ,1600.0,重,108.1,-0.2,4-4-4-1,41.5,483.0,4.0,(マイネルキャラバン),300.0
2018101881,ハルノインパクト,2021/03/21,高知,曇,6.0,土佐春花賞(重賞),12,7.0,9,2.0,1.0,1.0,西川敏弘,56.0,ダ,1300.0,不,83.4,-0.5,4-2-2-1,39.7,479.0,3.0,(ナムライダテン),500.0
2018101881,ハルノインパクト,2021/02/28,高知,曇,8.0,雨水特別(C2),8,8.0,8,5.2,3.0,2.0,西川敏弘,56.0,ダ,1300.0,不,83.3,0.2,2-2-2-1,38.4,476.0,2.0,トモジャブルーノ,28.0
2018101881,ハルノインパクト,2021/02/14,高知,雨,9.0,第14回嫉妬の炎特別(C2),8,8.0,8,2.4,2.0,2.0,西川敏弘,56.0,ダ,1600.0,良,107.6,1.2,2-2-2-2,40.9,474.0,-5.0,コスモカンツォーネ,21.0
2018101881,ハルノインパクト,2021/01/24,高知,曇,7.0,土佐水木特別(3歳),11,6.0,7,2.4,1.0,4.0,西川敏弘,56.0,ダ,1600.0,不,106.5,0.2,3-2-2-2,39.4,479.0,0.0,ベアナチュラル,24.0
2018101881,ハルノインパクト,2021/01/09,高知,晴,3.0,C2ー6,11,3.0,3,2.3,2.0,2.0,西川敏弘,56.0,ダ,1300.0,稍,86.8,1.1,8-8-8-5,40.3,479.0,-4.0,マイネルバールマン,21.0
2018101881,ハルノインパクト,2020/12/26,高知,晴,5.0,金の鞍賞(重賞),12,8.0,11,1.6,1.0,2.0,西川敏弘,56.0,ダ,1400.0,重,93.3,0.4,3-3-3-1,41.4,483.0,3.0,ブラックマンバ,175.0
2018101881,ハルノインパクト,2020/11/29,高知,晴,4.0,C3ー6,10,5.0,5,1.2,1.0,1.0,西川敏弘,54.0,ダ,1300.0,重,85.4,-0.1,2-2-2-2,39.0,480.0,0.0,(バイクミレー),40.0
2018101881,ハルノインパクト,2020/11/01,高知,曇,7.0,黒潮ジュニアチャンピ(重賞),9,8.0,8,1.2,1.0,1.0,西川敏弘,56.0,ダ,1400.0,稍,93.1,-0.2,1-1-1-1,40.2,480.0,3.0,(ブラックマンバ),300.0
2018101881,ハルノインパクト,2020/10/10,高知,晴,6.0,C3ー14,12,3.0,3,1.6,1.0,2.0,西川敏弘,54.0,ダ,1300.0,不,85.9,0.9,1-1-1-2,39.8,477.0,6.0,エクスプレッサー,14.0
2018101881,ハルノインパクト,2020/09/22,高知,晴,9.0,C3ー14,10,8.0,11,2.5,1.0,1.0,西川敏弘,54.0,ダ,1300.0,重,85.0,-0.2,2-2-3-2,39.2,471.0,0.0,(キズナビーム),40.0
2018101881,ハルノインパクト,2020/09/06,高知,雨,3.0,オフィウクス特別(2歳),7,6.0,6,7.1,5.0,1.0,西川敏弘,55.0,ダ,1300.0,不,85.6,-0.2,5-5-4-2,40.4,471.0,2.0,(スターフェネック),70.0
2018101881,ハルノインパクト,2020/08/09,高知,曇,3.0,ドラコ特別(2歳),6,5.0,5,1.3,1.0,1.0,西川敏弘,55.0,ダ,800.0,良,51.1,-0.5,2-1,38.1,469.0,0.0,(グレートセブン),70.0
2018101881,ハルノインパクト,2020/07/19,高知,曇,3.0,キグナス特別(2歳),6,5.0,5,2.8,2.0,2.0,西川敏弘,55.0,ダ,800.0,稍,51.0,0.4,5-4,37.5,469.0,5.0,トサフウジン,24.5
2018101881,ハルノインパクト,2020/07/05,高知,曇,3.0,スコルピウス特別(2歳),4,3.0,3,4.3,3.0,1.0,西川敏弘,55.0,ダ,800.0,不,49.3,-0.5,1-1,36.4,464.0,-1.0,(バリフリクリ),70.0
2018101881,ハルノインパクト,2020/06/21,高知,曇,1.0,2歳新馬弐(新馬),7,6.0,6,1.3,1.0,3.0,西川敏弘,55.0,ダ,800.0,重,51.1,0.8,3-3,37.6,465.0,0.0,トサフウジン,20.0
2022102757,ゾクゾク,2026/07/11,高知,晴,9.0,小暑特別(C2),11,7.0,9,29.4,6.0,4,山崎雅由,55.0,ダ,1300.0,重,84.8,0.6,3-3-3-3,40.5,450.0,-2.0,プレジール,32.0
2022102757,ゾクゾク,2026/06/27,高知,曇,7.0,C2ー4,11,6.0,7,40.8,6.0,3,山崎雅由,55.0,ダ,1400.0,不,90.0,0.4,3-3-3-2,39.2,452.0,2.0,クレイヴィンオナー,24.0
2022102757,ゾクゾク,2026/06/13,高知,晴,6.0,C2ー5,11,7.0,9,4.9,3.0,4,山崎雅由,55.0,ダ,1600.0,稍,109.5,0.2,11-11-11-10,40.7,450.0,0.0,ウィンザーバローズ,16.0
2022102757,ゾクゾク,2026/05/30,高知,晴,6.0,C2ー4,11,1.0,1,10.1,4.0,6,山崎雅由,55.0,ダ,1400.0,稍,93.2,1.7,3-3-4-5,41.1,450.0,1.0,タイムイズマネー,
2022102757,ゾクゾク,2026/05/16,高知,晴,10.0,小満特別(C2),12,5.0,5,40.2,10.0,7,岡遼太郎,55.0,ダ,1300.0,良,87.3,1.4,2-2-2-3,42.1,449.0,1.0,ビーム,
2022102757,ゾクゾク,2026/04/19,高知,曇,4.0,C2ー7,9,4.0,4,7.7,4.0,2,山崎雅由,55.0,ダ,1600.0,重,106.5,0.5,4-5-3-3,39.5,448.0,-3.0,ダイヤモンドフジ,32.0
2022102757,ゾクゾク,2026/04/05,高知,晴,1.0,C2ー8,11,7.0,8,5.2,2.0,3,山崎雅由,55.0,ダ,1400.0,不,91.2,1.2,1-1-1-1,39.7,451.0,3.0,リワードインペリオ,24.0
2022102757,ゾクゾク,2026/03/15,高知,晴,4.0,C2ー3,9,6.0,6,9.9,3.0,3,山崎雅由,55.0,ダ,1400.0,良,94.2,0.7,1-1-1-1,41.2,448.0,4.0,コパノキュラソー,17.5
2022102757,ゾクゾク,2026/03/02,高知,雨,3.0,C3ー3,8,1.0,1,2.5,2.0,1,山崎雅由,55.0,ダ,1400.0,不,90.6,-0.3,1-1-1-1,38.7,444.0,2.0,(ヨシュア),60.0
2022102757,ゾクゾク,2026/02/17,高知,晴,4.0,C3ー2,12,6.0,7,21.4,6.0,6,岡遼太郎,55.0,ダ,1400.0,稍,94.2,1.3,3-3-3-4,40.4,442.0,3.0,カルリーノ,
2022102757,ゾクゾク,2026/02/02,高知,晴,3.0,C3ー3,11,3.0,3,12.1,4.0,5,山崎雅由,55.0,ダ,1400.0,良,93.0,0.9,5-4-4-4,39.1,439.0,6.0,コパノジェームス,6.0
2022102757,ゾクゾク,2026/01/12,高知,晴,7.0,C3ー4,11,6.0,7,54.7,6.0,5,岡遼太郎,55.0,ダ,1600.0,良,107.6,1.1,6-6-6-5,39.5,433.0,-5.0,スピードソルジャー,6.0
2022102757,ゾクゾク,2025/12/31,高知,晴,5.0,C3ー3,12,2.0,2,7.5,3.0,9,山崎雅由,55.0,ダ,1400.0,良,95.8,3.0,1-1-1-3,42.9,438.0,3.0,ポッドコンティ,
2022102757,ゾクゾク,2025/12/14,高知,晴,11.0,エリカ特別(C3),10,1.0,1,45.1,7.0,7,山崎雅由,55.0,ダ,1300.0,稍,84.3,2.3,5-5-5-4,39.3,435.0,-3.0,スカンジナビア,
2022102757,ゾクゾク,2025/11/16,高知,晴,1.0,C3ー5,8,4.0,4,2.7,1.0,2,山崎雅由,55.0,ダ,1400.0,稍,93.2,0.3,1-1-1-1,40.5,438.0,-2.0,プレストバローズ,24.0
2022102757,ゾクゾク,2025/11/02,高知,曇,7.0,土佐秋月賞(重賞),11,6.0,6,30.2,7.0,10,山崎雅由,55.0,ダ,1600.0,重,106.7,1.7,11-11-11-10,40.3,440.0,5.0,トサノマイヒメ,
2022102757,ゾクゾク,2025/09/21,高知,晴,7.0,ミラク特別,12,8.0,11,24.4,8.0,7,佐原秀泰,55.0,ダ,1400.0,稍,92.6,1.4,7-8-8-6,40.1,435.0,0.0,グレートヒエン,
2022102757,ゾクゾク,2025/09/07,高知,晴,5.0,西日本3歳優駿[西日(重賞),12,5.0,5,53.0,6.0,4,山崎雅由,55.0,ダ,1900.0,重,129.2,0.4,8-8-8-5,40.2,435.0,5.0,ラピドフィオーレ,120.0
2022102757,ゾクゾク,2025/07/12,高知,晴,5.0,魚梁瀬杉特別(3歳),12,6.0,7,37.1,8.0,5,岡遼太郎,55.0,ダ,1300.0,重,83.7,0.6,6-7-7-5,38.4,430.0,3.0,ザセンチュリー,40.0
2022102757,ゾクゾク,2025/06/22,高知,曇,6.0,高知優駿(重賞),12,8.0,11,146.8,9.0,7,岡遼太郎,55.0,ダ,1900.0,重,127.5,2.3,11-11-11-10,38.7,427.0,-7.0,ジュゲムーン,
2022102757,ゾクゾク,2025/05/04,高知,晴,6.0,黒潮皐月賞(重賞),12,8.0,12,122.4,9.0,4,岡遼太郎,55.0,ダ,1400.0,重,91.5,1.6,5-5-5-6,40.4,434.0,-1.0,ジュゲムーン,120.0
2022102757,ゾクゾク,2025/04/05,高知,曇,4.0,仙台屋桜特別(3歳),11,2.0,2,58.0,5.0,7,岡遼太郎,55.0,ダ,1600.0,稍,110.8,2.9,5-5-6-6,43.0,435.0,2.0,リケアカプチーノ,
2022102757,ゾクゾク,2025/03/09,高知,晴,4.0,土佐春花賞(重賞),12,1.0,1,33.3,8.0,4,岡遼太郎,54.0,ダ,1300.0,重,85.1,1.0,7-7-7-7,38.9,433.0,0.0,トサノマイヒメ,120.0
2022102757,ゾクゾク,2025/02/09,高知,晴,4.0,土佐有楽特別(3歳),11,8.0,12,7.5,3.0,3,岡遼太郎,54.0,ダ,1400.0,稍,93.9,0.6,6-6-6-5,40.9,433.0,5.0,ヤマノアシオト,80.0
2022102757,ゾクゾク,2024/12/28,高知,晴,6.0,金の鞍賞(重賞),12,5.0,5,85.1,8.0,3,岡遼太郎,55.0,ダ,1400.0,良,94.6,0.2,1-1-1-1,41.4,428.0,-8.0,リケアマキアート,200.0
2022102757,ゾクゾク,2024/12/01,高知,晴,2.0,2歳ー2,8,3.0,3,8.2,4.0,3,岡遼太郎,54.0,ダ,1300.0,稍,84.9,0.7,2-2-3-3,39.4,436.0,2.0,ユアマイドリーム,22.5
2022102757,ゾクゾク,2024/10/27,高知,曇,6.0,ネクストスター高知(重賞),12,1.0,1,56.2,4.0,12,岡遼太郎,55.0,ダ,1400.0,不,95.0,6.6,3-3-3-9,44.8,434.0,4.0,ドライブアウェイ,
2022102757,ゾクゾク,2024/10/06,高知,晴,7.0,JRA認定潮菊特別(2歳),12,6.0,8,45.3,7.0,2,岡遼太郎,55.0,ダ,1400.0,重,91.6,0.9,5-4-3-3,39.7,430.0,-8.0,リケアカプチーノ,160.0
2022102757,ゾクゾク,2024/09/15,高知,曇,4.0,JRA認定堆金菊特別(2歳),12,1.0,1,82.5,6.0,4,岡遼太郎,55.0,ダ,1300.0,不,86.3,2.5,3-3-3-3,40.6,438.0,7.0,ドライブアウェイ,60.0
2022102757,ゾクゾク,2024/08/04,高知,晴,1.0,2歳新馬(新馬),6,2.0,2,9.0,4.0,1,岡遼太郎,54.0,ダ,800.0,良,50.6,-0.1,3-2,37.3,431.0,0.0,(エムティカムイ),240.0
2020102225,リグレイアー,2026/07/11,高知,晴,9.0,小暑特別(C2),11,6.0,7,53.4,7.0,9.0,上田将司,55.0,ダ,1300.0,重,85.7,1.5,11-11-11-10,40.2,494.0,0.0,プレジール,
2020102225,リグレイアー,2026/06/27,高知,曇,8.0,C2ー3,9,4.0,4,7.9,4.0,2.0,上田将司,55.0,ダ,1400.0,不,90.1,0.1,8-7-6-5,39.3,494.0,-4.0,ポッドロイ,32.0
2020102225,リグレイアー,2026/06/13,高知,晴,6.0,C2ー5,11,7.0,8,10.0,5.0,3.0,上田将司,55.0,ダ,1600.0,稍,109.4,0.1,8-8-7-5,41.4,498.0,5.0,ウィンザーバローズ,24.0
2020102225,リグレイアー,2026/05/30,高知,晴,5.0,C2ー5,9,8.0,8,33.3,4.0,4.0,上田将司,55.0,ダ,1400.0,稍,93.1,2.1,7-7-7-5,39.8,493.0,1.0,グランツアーテム,16.0
2020102225,リグレイアー,2026/05/16,高知,晴,10.0,小満特別(C2),12,3.0,3,39.3,9.0,6.0,宮川実,55.0,ダ,1300.0,良,87.0,1.1,10-10-10-8,40.7,492.0,-2.0,ビーム,
2020102225,リグレイアー,2026/05/03,高知,雨,2.0,C2ー7,11,7.0,8,5.4,2.0,2.0,多田羅誠,55.0,ダ,1400.0,不,90.0,0.3,9-8-8-6,38.0,494.0,2.0,クラウンセヘル,32.0
2020102225,リグレイアー,2026/04/19,高知,曇,1.0,C2ー10,10,7.0,7,18.9,5.0,3.0,近藤翔月,54.0,ダ,1600.0,重,106.7,0.1,9-9-8-4,40.0,492.0,1.0,モーニングヘイズ,24.0
2020102225,リグレイアー,2026/04/05,高知,晴,4.0,C2C3混合,11,4.0,4,11.0,4.0,4.0,多田羅誠,54.0,ダ,1400.0,不,91.0,0.9,11-10-8-6,38.7,491.0,2.0,ステラマテュティナ,16.0
2020102225,リグレイアー,2026/03/15,高知,晴,3.0,仲春特別(C2),10,8.0,11,57.9,8.0,6.0,井上瑛太,55.0,ダ,1400.0,良,94.0,0.9,6-6-6-7,40.8,489.0,3.0,キンセンオー,
2020102225,リグレイアー,2026/03/01,高知,晴,7.0,C2ー3,12,6.0,8,77.8,9.0,3.0,井上瑛太,55.0,ダ,1300.0,不,85.1,1.3,9-8-10-6,39.2,486.0,-6.0,カルリーノ,17.5
2020102225,リグレイアー,2026/02/15,高知,晴,3.0,C2ー4,10,6.0,6,20.3,4.0,8.0,近藤翔月,54.0,ダ,1600.0,重,110.9,2.6,5-5-4-6,40.6,492.0,5.0,レズルレクティオ,
2020102225,リグレイアー,2026/02/02,高知,晴,4.0,C3ー2,11,7.0,8,5.8,2.0,4.0,井上瑛太,55.0,ダ,1400.0,良,92.5,1.4,8-8-7-5,40.1,487.0,-1.0,ルージュアマリア,9.0
2020102225,リグレイアー,2026/01/20,高知,晴,4.0,全日本新人王争覇戦第(C3),11,6.0,7,27.7,8.0,3.0,橋木太希,55.0,ダ,1400.0,良,94.2,0.2,5-5-6-4,41.4,488.0,1.0,アリアルブラック,45.0
2020102225,リグレイアー,2026/01/12,高知,晴,7.0,C3ー4,11,2.0,2,24.8,5.0,6.0,井上瑛太,55.0,ダ,1600.0,良,108.0,1.5,10-9-8-6,39.2,487.0,3.0,スピードソルジャー,
2020102225,リグレイアー,2025/12/14,高知,晴,11.0,エリカ特別(C3),10,8.0,10,92.5,9.0,10.0,多田羅誠,55.0,ダ,1300.0,稍,86.0,4.0,2-2-3-6,41.7,484.0,-4.0,スカンジナビア,
2020102225,リグレイアー,2025/11/23,高知,晴,8.0,C3ー7,8,5.0,5,2.0,1.0,1.0,井上瑛太,55.0,ダ,1600.0,良,109.7,-0.2,5-5-5-2,39.8,488.0,-8.0,(オクトニオン),60.0
2020102225,リグレイアー,2025/10/17,川崎,晴,10.0,レグルス賞(B3),14,2.0,2,133.8,13.0,8.0,田中涼,54.0,ダ,2000.0,稍,137.0,3.0,14-14-14-9,42.6,496.0,2.0,クレシューズ,
2020102225,リグレイアー,2025/10/01,船橋,曇,12.0,JBC船橋まであと3(B3),14,3.0,4,168.5,13.0,12.0,田中涼,54.0,ダ,1600.0,稍,105.4,2.4,14-14-13-12,41.3,494.0,7.0,シミズミナト,
2020102225,リグレイアー,2025/09/11,川崎,雨,9.0,日和風特別(B3),0,7.0,11,,,,田中涼,54.0,ダ,1600.0,不,,,,,,,,
2020102225,リグレイアー,2025/08/25,川崎,晴,10.0,凌霄花特別(B3),13,4.0,5,506.7,13.0,7.0,田中涼,54.0,ダ,1500.0,良,97.8,0.8,12-12-12-11,39.2,487.0,5.0,ビップソリオ,
2020102225,リグレイアー,2025/08/04,川崎,晴,12.0,星河一天特別(B3),12,6.0,8,266.6,12.0,9.0,田中涼,54.0,ダ,1500.0,良,98.0,0.9,11-12-12-11,39.4,482.0,5.0,モネ,
2020102225,リグレイアー,2025/07/10,川崎,雨,12.0,天の川特別(B3),12,8.0,12,80.8,10.0,12.0,田中涼,54.0,ダ,1400.0,重,95.7,4.7,4-5-5-12,44.3,477.0,0.0,モネ,
2020102225,リグレイアー,2025/06/18,川崎,晴,12.0,短夜特別(B3),14,4.0,6,47.8,12.0,12.0,藤田凌,54.0,ダ,1500.0,良,98.4,1.9,9-8-8-8,40.4,477.0,9.0,ホッコーソムニウム,
2020102225,リグレイアー,2025/06/02,船橋,曇,8.0,富里特別(B3),14,7.0,12,7.0,3.0,8.0,矢野貴之,54.0,ダ,1600.0,稍,106.0,0.9,5-5-5-5,42.3,468.0,-8.0,ゴールデンプラチナ,
2020102225,リグレイアー,2025/05/15,川崎,晴,12.0,早苗月賞(B3),14,5.0,7,8.8,4.0,8.0,町田直希,54.0,ダ,1500.0,稍,98.3,1.3,12-11-7-6,41.3,476.0,1.0,レグノ,
2020102225,リグレイアー,2025/04/22,浦和,曇,12.0,夜桜特別(B2B3),12,2.0,2,18.5,6.0,11.0,藤田凌,53.0,ダ,2000.0,良,134.2,3.2,3-3-3-8,42.4,475.0,-1.0,リョウタスペシャル,
2020102225,リグレイアー,2025/04/10,川崎,雨,12.0,花まつり特別(B3),14,2.0,2,13.9,5.0,5.0,町田直希,54.0,ダ,1500.0,稍,97.9,0.3,9-6-6-3,41.2,476.0,-3.0,ジャスタースパーク,24.0
2020102225,リグレイアー,2024/12/13,川崎,曇,10.0,湯河原梅林「梅の宴」(B3),14,8.0,13,11.1,5.0,14.0,Ｍ．ミシ,54.0,ダ,1600.0,良,110.7,5.5,7-8-9-13,45.1,479.0,-5.0,サラサグッドワーク,
2020102225,リグレイアー,2024/11/14,川崎,曇,10.0,「ご縁の国しまね」特(B3),11,8.0,11,10.8,3.0,6.0,Ｍ．ミシ,52.0,ダ,1600.0,良,105.3,1.1,3-2-3-3,40.9,484.0,10.0,マイケルマキシマス,
2020102225,リグレイアー,2024/07/04,川崎,晴,6.0,フォーカード賞(C1二),10,8.0,10,2.3,1.0,1.0,御神本訓,54.0,ダ,1600.0,稍,103.8,-0.3,1-1-1-1,40.7,474.0,-5.0,(キャップ),180.0
2020102225,リグレイアー,2024/06/10,川崎,曇,10.0,カペラ賞(B2B3),11,8.0,11,4.2,2.0,8.0,御神本訓,53.0,ダ,2000.0,重,136.4,2.8,1-1-2-5,45.2,479.0,-1.0,エミーズミツオー,
2020102225,リグレイアー,2024/05/06,川崎,曇,12.0,フォーマルハウト賞(B3C1),14,1.0,1,4.0,2.0,2.0,御神本訓,53.0,ダ,2000.0,良,134.9,0.1,5-5-2-2,40.3,480.0,5.0,サンオルソーライズ,96.0
2020102225,リグレイアー,2024/04/04,川崎,曇,7.0,キングダム賞(C1二),14,4.0,6,3.6,2.0,4.0,矢野貴之,54.0,ダ,1500.0,重,98.7,0.6,8-6-4-5,41.6,475.0,3.0,ハッピーバレー,27.0
2020102225,リグレイアー,2024/02/24,2小倉5,晴,7.0,4歳以上1勝クラス,14,5.0,7,53.0,12.0,6.0,亀田温心,55.0,ダ,1700.0,重,105.5,0.6,10-9-11-10,37.7,472.0,2.0,エールミネルヴァ,
2020102225,リグレイアー,2024/02/10,2小倉1,晴,7.0,4歳以上1勝クラス,11,1.0,1,81.7,8.0,5.0,亀田温心,55.0,ダ,1700.0,稍,107.5,0.3,6-5-6-6,37.3,470.0,0.0,ブーバー,80.0
2020102225,リグレイアー,2024/01/28,1小倉6,小雨,7.0,4歳以上1勝クラス,14,3.0,3,52.3,10.0,8.0,亀田温心,55.0,ダ,1700.0,良,108.6,1.6,10-9-10-8,39.2,470.0,-4.0,オシゲ,
2020102225,リグレイアー,2023/12/02,4中京1,晴,2.0,3歳以上1勝クラス,10,8.0,10,12.6,4.0,9.0,鮫島克駿,55.0,ダ,1800.0,良,117.4,2.7,3-3-4-4,40.9,474.0,15.0,ピエナパイロ,
2020102225,リグレイアー,2023/08/31,佐賀,曇,5.0,JRA交流サマーカッ(3歳),10,7.0,8,3.9,2.0,1.0,石川慎将,54.0,ダ,1860.0,良,120.8,0.0,5-4-3-2,38.7,459.0,5.0,(タケルルーク),80.0
2020102225,リグレイアー,2023/07/08,3中京3,曇,2.0,3歳未勝利,16,3.0,5,3.9,1.0,9.0,藤岡康太,54.0,ダ,1800.0,良,117.0,1.2,5-5-3-3,42.0,454.0,-4.0,キトリ,
2020102225,リグレイアー,2023/05/20,1新潟7,晴,2.0,3歳未勝利,13,2.0,2,2.8,1.0,4.0,佐々木大,51.0,ダ,1800.0,良,115.0,1.1,1-1-1-1,40.6,458.0,-4.0,モズアンタレス,83.0
2020102225,リグレイアー,2023/05/13,1新潟5,晴,4.0,3歳未勝利,12,4.0,5,5.9,3.0,2.0,佐々木大,51.0,ダ,1800.0,良,114.5,0.1,2-2-2-2,40.3,462.0,-6.0,パスカリ,220.0
2020102225,リグレイアー,2023/02/26,2小倉6,晴,1.0,3歳未勝利,16,2.0,4,8.1,4.0,5.0,丹内祐次,54.0,ダ,1700.0,稍,107.3,1.0,4-4-4-4,39.8,468.0,4.0,リヤンドメテオール,55.0
2020102225,リグレイアー,2023/02/11,2小倉1,晴,1.0,3歳未勝利,16,2.0,4,4.9,3.0,7.0,亀田温心,54.0,ダ,1700.0,不,106.8,0.6,4-3-4-4,38.4,464.0,0.0,ワイドカイゼリン,
2020102225,リグレイアー,2023/01/21,1小倉3,晴,1.0,3歳未勝利,16,2.0,4,12.8,5.0,3.0,亀田温心,53.0,ダ,1700.0,稍,106.8,0.3,5-6-7-5,36.9,464.0,0.0,ツインビスケッツ,140.0
2020102225,リグレイアー,2023/01/08,1中京3,晴,1.0,3歳未勝利,15,8.0,14,20.3,5.0,7.0,亀田温心,53.0,ダ,1800.0,良,118.0,1.6,7-7-6-6,40.6,464.0,2.0,サイモンコーラル,
2020102225,リグレイアー,2022/12/17,6中京5,曇,1.0,2歳未勝利,16,7.0,13,28.5,8.0,2.0,亀田温心,53.0,ダ,1800.0,良,116.9,1.2,6-6-4-4,40.3,462.0,-6.0,メイショウポペット,210.0
2020102225,リグレイアー,2022/09/17,5中京3,曇,3.0,2歳未勝利,14,1.0,1,117.9,13.0,14.0,亀田温心,53.0,芝,1600.0,良,96.9,2.7,1-1-1,37.0,468.0,-4.0,ショウナンアレクサ,
2020102225,リグレイアー,2022/09/04,4小倉8,晴,5.0,2歳新馬,11,7.0,9,27.8,8.0,6.0,亀田温心,53.0,芝,1800.0,良,111.5,0.9,4-4-2-2,36.3,472.0,0.0,トーアライデン,
2022103374,リワードエレイン,2026/06/27,高知,曇,8.0,C2ー3,9,8.0,8,2.7,1.0,4,阿部基嗣,53.0,ダ,1400.0,不,90.4,0.4,1-1-1-1,40.6,440.0,-2.0,ポッドロイ,16.0
2022103374,リワードエレイン,2026/06/13,高知,晴,10.0,入梅特別(C2),9,1.0,1,64.3,7.0,7,阿部基嗣,53.0,ダ,1600.0,稍,109.2,2.5,1-1-1-2,43.4,442.0,3.0,グランツアーテム,
2022103374,リワードエレイン,2026/05/30,高知,晴,6.0,C2ー4,11,4.0,4,18.0,7.0,2,阿部基嗣,53.0,ダ,1400.0,稍,92.2,0.7,2-2-2-2,40.3,439.0,0.0,タイムイズマネー,32.0
2022103374,リワードエレイン,2026/05/17,高知,晴,4.0,C2ー5,11,6.0,7,9.9,4.0,11,阿部基嗣,53.0,ダ,1300.0,良,88.3,2.0,2-1-3-8,42.4,439.0,0.0,タルトポワール,
2022103374,リワードエレイン,2026/04/19,高知,曇,7.0,シャクナゲ特別(C3),8,4.0,4,10.9,5.0,1,阿部基嗣,53.0,ダ,1400.0,重,91.1,-0.1,1-1-1-1,40.5,439.0,-7.0,(ダニエルバローズ),120.0
2022103374,リワードエレイン,2026/04/04,高知,雨,2.0,C3ー5,9,1.0,1,4.7,3.0,1,阿部基嗣,53.0,ダ,1300.0,不,83.4,0.0,1-1-1-1,39.8,446.0,-4.0,(イルクオーレ),42.0
2022103374,リワードエレイン,2026/03/23,高知,晴,4.0,C3ー5,8,7.0,7,6.2,4.0,4,阿部基嗣,53.0,ダ,1600.0,重,107.5,1.3,1-1-1-2,41.7,450.0,5.0,セリオヴェローチェ,9.0
2022103374,リワードエレイン,2026/03/10,高知,晴,10.0,ファイナルレース(C3),11,3.0,3,4.6,1.0,2,阿部基嗣,53.0,ダ,1600.0,稍,108.6,0.7,1-1-1-1,42.2,445.0,1.0,プリンセスダイヤ,24.0
2022103374,リワードエレイン,2026/02/25,高知,曇,6.0,C3ー6,8,5.0,5,42.5,5.0,2,阿部基嗣,53.0,ダ,1400.0,不,89.5,0.6,1-1-1-1,38.7,444.0,-1.0,グランツアーテム,24.0
2022103374,リワードエレイン,2026/01/26,高知,晴,3.0,C3ー7,8,3.0,3,10.1,3.0,4,阿部基嗣,53.0,ダ,1600.0,良,108.9,3.0,1-1-1-2,42.7,445.0,6.0,コパノキュラソー,9.0
2022103374,リワードエレイン,2026/01/11,高知,晴,6.0,C3ー9,8,3.0,3,34.9,5.0,6,阿部基嗣,53.0,ダ,1400.0,良,94.5,2.8,2-2-2-3,41.9,439.0,-1.0,コパノジェームス,
2022103374,リワードエレイン,2025/12/31,高知,晴,1.0,C3ー8,7,5.0,5,7.1,2.0,3,阿部基嗣,53.0,ダ,1300.0,良,87.2,1.6,1-1-1-2,42.0,440.0,-1.0,アルトシュタット,15.0
2022103374,リワードエレイン,2025/12/20,高知,曇,4.0,皿鉢料理特別(C3),10,8.0,9,3.7,2.0,3,阿部基嗣,53.0,ダ,1400.0,稍,94.9,0.1,1-1-1-1,42.4,441.0,2.0,ジーティーハッピー,15.0
2022103374,リワードエレイン,2025/11/23,高知,晴,2.0,C3ー12,9,2.0,2,8.7,3.0,2,阿部基嗣,53.0,ダ,1600.0,良,109.0,0.4,1-1-1-2,42.7,439.0,4.0,マイネルアース,24.0
2022103374,リワードエレイン,2025/11/08,高知,晴,3.0,C3ー11,10,6.0,6,21.8,6.0,3,阿部基嗣,53.0,ダ,1400.0,稍,92.7,1.1,1-1-1-2,40.4,435.0,4.0,スピードイエロー,15.0
2022103374,リワードエレイン,2025/10/26,高知,晴,8.0,C3ー14,11,8.0,10,46.3,7.0,2,阿部基嗣,53.0,ダ,1300.0,不,84.4,2.3,2-2-2-2,39.6,431.0,-1.0,マジックローズ,24.0
2022103374,リワードエレイン,2025/10/12,高知,曇,10.0,C3ー15,10,7.0,8,55.3,8.0,6,阿部基嗣,53.0,ダ,1600.0,稍,108.7,1.6,1-1-1-2,42.8,432.0,0.0,ノアプレスリー,
2022103374,リワードエレイン,2025/09/27,高知,曇,2.0,えひめ道後特別(3歳),10,7.0,8,38.8,6.0,4,阿部基嗣,53.0,ダ,1300.0,不,86.2,2.0,1-1-1-3,41.5,432.0,4.0,トウカイクレオス,9.0
2022103374,リワードエレイン,2025/09/14,高知,晴,8.0,3歳ー3,12,5.0,6,122.3,10.0,6,阿部基嗣,53.0,ダ,1400.0,重,93.9,1.2,1-1-1-1,42.8,428.0,1.0,トサノオウマサン,
2022103374,リワードエレイン,2025/08/02,高知,晴,7.0,3歳ー3,12,6.0,8,61.1,6.0,9,阿部基嗣,53.0,ダ,1300.0,良,87.0,1.4,2-2-2-4,41.8,427.0,0.0,ハンドレインジ,
2022103374,リワードエレイン,2025/07/20,高知,晴,10.0,ファイナルレース(3歳),12,8.0,12,5.5,3.0,1,阿部基嗣,55.0,ダ,800.0,不,48.2,-0.4,1-1,35.7,427.0,4.0,(ニューウォーク),60.0
2022103374,リワードエレイン,2025/07/05,高知,晴,11.0,ファイナルレース(3歳),11,6.0,7,,,取,仲原大生,55.0,ダ,1400.0,良,,,,,,,ワグナーチューバ,
2022103374,リワードエレイン,2025/06/22,高知,曇,4.0,3歳ー3,9,2.0,2,30.5,6.0,5,永森大智,55.0,ダ,1300.0,重,84.8,1.2,3-3-3-3,40.8,423.0,-5.0,ナムラクレープ,6.0
2022103374,リワードエレイン,2025/05/24,高知,雨,1.0,3歳ー3,10,1.0,1,17.8,4.0,8,岡村卓弥,55.0,ダ,1300.0,不,85.5,2.9,3-2-3-6,41.6,428.0,-6.0,イットウショウグウ,
2022103374,リワードエレイン,2025/05/10,高知,曇,1.0,3歳ー3,10,8.0,10,49.2,9.0,5,岡村卓弥,55.0,ダ,1600.0,不,107.1,1.8,1-1-1-3,42.3,434.0,3.0,エッグハント,6.0
2022103374,リワードエレイン,2025/04/26,高知,晴,10.0,ファイナルレース(3歳),12,4.0,4,5.6,2.0,6,永森大智,55.0,ダ,1300.0,重,87.1,1.1,2-1-1-1,43.0,431.0,-2.0,ペタルビジュー,
2022103374,リワードエレイン,2025/04/12,高知,晴,1.0,3歳ー4,10,7.0,7,7.2,3.0,2,永森大智,55.0,ダ,1400.0,稍,96.2,0.4,1-1-1-1,43.6,433.0,-1.0,シャインローザ,24.0
2022103374,リワードエレイン,2025/03/23,高知,晴,12.0,ファイナルレース(3歳),12,5.0,6,2.9,1.0,4,岡村卓弥,54.0,ダ,1300.0,稍,87.5,0.3,1-1-1-1,41.6,434.0,1.0,カンビフレサン,9.0
2022103374,リワードエレイン,2025/03/09,高知,晴,4.0,土佐春花賞(重賞),12,8.0,12,268.8,11.0,10,木村直輝,54.0,ダ,1300.0,重,86.7,2.6,5-5-5-8,40.6,433.0,0.0,トサノマイヒメ,
2022103374,リワードエレイン,2025/02/24,高知,晴,2.0,3歳ー3,9,7.0,7,5.7,3.0,2,永森大智,54.0,ダ,1300.0,良,88.0,0.0,1-1-1-1,41.5,433.0,2.0,クーファグレース,21.0
2022103374,リワードエレイン,2025/02/09,高知,晴,1.0,情報セキュリティ特別(3歳),8,5.0,5,6.7,3.0,3,岩本怜,54.0,ダ,1400.0,稍,96.0,0.4,1-1-1-1,42.4,431.0,6.0,カンタベリーバイク,12.0
2022103374,リワードエレイン,2025/01/26,高知,晴,2.0,野間猛誕生祭特別(3歳),8,5.0,5,11.9,3.0,3,山崎雅由,54.0,ダ,1300.0,良,89.4,1.4,1-1-1-1,43.4,425.0,-8.0,リケアブラック,12.0
2022103374,リワードエレイン,2025/01/12,高知,晴,2.0,椋・心優結婚記念特別(3歳),10,5.0,5,34.0,5.0,8,岡村卓弥,54.0,ダ,1300.0,稍,89.8,1.4,3-3-3-4,42.9,433.0,1.0,リバイブローズ,
2022103374,リワードエレイン,2024/12/28,高知,晴,10.0,満天星特別(2歳),12,6.0,8,197.7,12.0,9,岡村卓弥,54.0,ダ,1800.0,良,133.5,7.3,2-2-1-6,47.5,432.0,2.0,リケアカプチーノ,
2022103374,リワードエレイン,2024/12/14,高知,晴,3.0,2歳ー3,11,6.0,7,44.5,5.0,11,吉原寛人,54.0,ダ,1300.0,良,92.2,4.5,2-2-2-8,45.8,430.0,1.0,リケアマキアート,
2022103374,リワードエレイン,2024/11/30,高知,晴,2.0,将充騎手お疲れ様特別(2歳),12,8.0,11,10.3,2.0,5,岡村卓弥,54.0,ダ,1300.0,稍,89.1,2.3,1-1-1-3,43.9,429.0,4.0,リケアマキアート,9.0
2022103374,リワードエレイン,2024/11/17,高知,晴,2.0,2歳ー4,11,6.0,6,40.2,7.0,4,岡村卓弥,54.0,ダ,1300.0,重,86.7,1.1,1-1-1-2,41.7,425.0,-7.0,コパノキュラソー,13.5
2022103374,リワードエレイン,2024/11/03,高知,晴,2.0,2歳ー3,12,3.0,3,32.5,3.0,9,永森大智,54.0,ダ,1300.0,不,88.8,3.2,8-8-9-10,43.0,432.0,5.0,ナインパワー,
2022103374,リワードエレイン,2024/10/06,高知,晴,7.0,JRA認定潮菊特別(2歳),12,5.0,5,113.1,8.0,9,永森大智,55.0,ダ,1400.0,重,94.8,4.1,6-6-8-8,42.2,427.0,-1.0,リケアカプチーノ,
2022103374,リワードエレイン,2024/09/15,高知,曇,4.0,JRA認定堆金菊特別(2歳),12,4.0,4,48.8,5.0,11,岡村卓弥,55.0,ダ,1300.0,不,92.8,9.0,4-5-10-11,46.0,428.0,9.0,ドライブアウェイ,
2022103374,リワードエレイン,2024/07/20,高知,晴,2.0,アクイラ特別(2歳),5,5.0,5,5.6,2.0,2,永森大智,54.0,ダ,1300.0,稍,88.8,1.3,1-1-1-2,44.0,419.0,-3.0,ファイ,48.0
2022103374,リワードエレイン,2024/06/23,高知,雨,1.0,2歳新馬弐(新馬),5,5.0,5,1.9,1.0,3,永森大智,54.0,ダ,800.0,不,50.4,1.0,2-2,37.6,422.0,0.0,ピクチャーカード,60.0
2020102859,ステラデルシエロ,2026/07/11,高知,晴,8.0,C2ー2,8,4.0,4,,,取,上田将司,57.0,ダ,1300.0,重,,,,,,,ニコラウス,
2020102859,ステラデルシエロ,2026/06/27,高知,雨,11.0,ファイナルレース(C2),12,1.0,1,14.9,8.0,12,上田将司,57.0,ダ,1400.0,不,96.7,6.0,5-7-12-12,43.7,466.0,1.0,ショットメーカー,
2020102859,ステラデルシエロ,2026/06/13,高知,晴,9.0,C2ー2,10,5.0,5,34.8,8.0,7,西森将司,57.0,ダ,1600.0,稍,109.4,1.1,9-10-10-10,41.5,465.0,-7.0,ノイヤー,
2020102859,ステラデルシエロ,2026/05/30,高知,晴,9.0,芒種特別(C2),12,1.0,1,470.7,12.0,10,西森将司,57.0,ダ,1400.0,稍,92.7,2.4,12-12-12-11,39.3,472.0,4.0,ララマルシュドロワ,
2020102859,ステラデルシエロ,2026/05/16,高知,晴,8.0,C2ー3,11,1.0,1,69.5,8.0,3,上田将司,57.0,ダ,1300.0,良,86.9,1.5,6-5-5-5,40.5,468.0,0.0,ダイヤモンドフジ,24.0
2020102859,ステラデルシエロ,2026/05/02,高知,晴,7.0,C2ー4,11,2.0,2,26.5,5.0,7,上田将司,57.0,ダ,1400.0,重,93.2,3.2,10-10-10-9,40.9,468.0,-9.0,メイショウカズサ,
2020102859,ステラデルシエロ,2026/04/09,名古屋,雨,9.0,徒桜特別(A),11,8.0,11,152.8,11.0,10,筒井勇介,57.0,ダ,1400.0,稍,90.3,1.9,3-3-7,40.1,477.0,4.0,ララエフォール,
2020102859,ステラデルシエロ,2026/03/27,名古屋,晴,8.0,桶狭間特別(A),12,4.0,4,269.1,12.0,9,塚本征吾,55.0,ダ,1500.0,稍,98.0,2.5,8-11-11,40.4,473.0,-3.0,メルト,
2020102859,ステラデルシエロ,2026/03/11,名古屋,晴,9.0,春茜特別(A),11,7.0,8,123.0,8.0,5,筒井勇介,57.0,ダ,1700.0,良,110.5,2.0,10-10-7,39.1,476.0,2.0,ウィットビーアビー,14.0
2020102859,ステラデルシエロ,2026/02/25,名古屋,曇,9.0,麗月特別(A),12,3.0,3,8.6,4.0,11,塚本征吾,57.0,ダ,2100.0,不,141.6,2.3,4-6-6,41.5,474.0,-1.0,オオタニズスマイル,
2020102859,ステラデルシエロ,2026/02/09,名古屋,晴,9.0,クレープ特別(A),12,7.0,9,4.0,3.0,1,塚本征吾,57.0,ダ,1400.0,良,90.5,-0.5,6-5-3,39.1,475.0,5.0,(オウケンボス),100.0
2020102859,ステラデルシエロ,2026/01/02,名古屋,曇,12.0,慶春特別(B),9,4.0,4,17.9,6.0,2,塚本征吾,57.0,ダ,1700.0,良,111.1,0.3,6-7-5,40.0,470.0,-3.0,スカーズ,29.8
2020102859,ステラデルシエロ,2025/12/19,名古屋,晴,11.0,尾張国特別(A),12,6.0,7,124.3,11.0,4,筒井勇介,57.0,ダ,1400.0,稍,89.8,1.1,8-7-6,38.3,473.0,1.0,スキピオ,18.0
2020102859,ステラデルシエロ,2025/11/26,名古屋,晴,10.0,JRA交流競走名古屋,12,6.0,8,144.7,11.0,9,望月洵輝,57.0,ダ,1500.0,良,97.5,2.0,11-10-11,39.7,472.0,4.0,ジョウゲンノツキ,
2020102859,ステラデルシエロ,2025/10/29,名古屋,晴,11.0,カマス特別(A),11,8.0,10,19.4,8.0,7,大畑慧悟,57.0,ダ,1700.0,良,113.2,1.6,4-4-8,41.5,468.0,-3.0,サノプリ,
2020102859,ステラデルシエロ,2025/10/17,名古屋,晴,10.0,戻り鰹特別(A),12,6.0,7,32.9,10.0,6,大畑慧悟,57.0,ダ,1400.0,稍,91.1,1.4,11-11-11,39.6,471.0,-7.0,カサデガ,
2020102859,ステラデルシエロ,2025/09/17,名古屋,曇,8.0,YJSトライアルラウ(B),12,7.0,9,7.7,5.0,1,松本一心,57.0,ダ,1500.0,良,98.4,-0.3,4-3-3,39.8,478.0,4.0,(オオタニズスマイル),100.0
2020102859,ステラデルシエロ,2025/09/02,名古屋,晴,10.0,シェダル特別(B),12,7.0,9,67.2,9.0,4,大畑慧悟,57.0,ダ,1500.0,良,98.0,0.9,8-9-8,38.4,474.0,-1.0,オリオンハート,12.8
2020102859,ステラデルシエロ,2025/08/18,名古屋,晴,9.0,デネブ特別(B),12,5.0,5,10.5,3.0,7,大畑慧悟,57.0,ダ,1400.0,良,91.1,3.0,8-6-7,39.6,475.0,4.0,タナバタ,
2020102859,ステラデルシエロ,2025/07/18,名古屋,曇,10.0,アルフェッカ特別(B),12,5.0,6,32.1,6.0,3,大畑慧悟,57.0,ダ,920.0,不,55.9,0.3,7,35.6,471.0,1.0,ケイカ,17.0
2020102859,ステラデルシエロ,2025/07/08,名古屋,晴,10.0,B3組,11,6.0,6,16.9,4.0,2,大畑慧悟,57.0,ダ,1700.0,良,110.9,0.0,7-6-3,40.1,470.0,1.0,ランペイジシチー,22.8
2020102859,ステラデルシエロ,2025/06/25,名古屋,晴,11.0,植田特別(A),12,7.0,9,4.4,2.0,7,大畑慧悟,57.0,ダ,1700.0,重,111.8,2.9,11-10-9,41.1,469.0,-4.0,カナラクリーク,
2020102859,ステラデルシエロ,2025/06/17,名古屋,晴,9.0,アガパンサス特別(A),11,6.0,6,14.3,6.0,3,大畑慧悟,57.0,ダ,1700.0,稍,110.8,1.3,8-6-2,38.5,473.0,-4.0,アマミツツキ,20.0
2020102859,ステラデルシエロ,2025/06/04,名古屋,晴,9.0,向暑特別(A),12,5.0,6,13.9,7.0,9,塚本征吾,57.0,ダ,1500.0,稍,98.4,2.0,11-4-12,40.7,477.0,-16.0,ウインアザレア,
2020102859,ステラデルシエロ,2025/05/01,大井,晴,12.0,スピカ賞競走(B2B3),13,7.0,11,39.2,11.0,9,谷内貫太,54.0,ダ,1650.0,稍,107.0,2.0,10-11-11-11,40.7,493.0,9.0,パレルモ,
2020102859,ステラデルシエロ,2025/03/27,大井,曇,10.0,桜坂賞競走(B3),16,5.0,9,39.9,11.0,9,西啓太,56.0,ダ,1800.0,良,117.4,1.4,10-10-10-11,39.2,484.0,5.0,サヨノトレイダー,
2020102859,ステラデルシエロ,2025/03/10,大井,晴,12.0,円通寺坂賞競走(B3),13,2.0,2,24.9,8.0,5,西啓太,56.0,ダ,1650.0,重,106.4,0.9,6-6-9-10,39.5,479.0,-9.0,アベニンスマイル,38.0
2020102859,ステラデルシエロ,2025/02/20,大井,晴,10.0,ゴールデンステッキ賞(B3),15,5.0,10,9.1,3.0,11,西啓太,56.0,ダ,1800.0,良,117.2,3.1,8-10-9-10,39.6,488.0,26.0,キトン,
2020102859,ステラデルシエロ,2024/12/07,5中山3,晴,7.0,3歳以上1勝クラス,16,3.0,6,43.5,10.0,11,原優介,57.0,芝,1800.0,良,108.5,0.8,12-13-3-4,35.3,462.0,-6.0,オルノア,
2020102859,ステラデルシエロ,2024/10/06,4東京2,曇,7.0,3歳以上1勝クラス,16,3.0,6,145.9,14.0,7,佐々木大,58.0,ダ,1600.0,重,95.8,0.7,9-8,37.3,468.0,4.0,サトノアインス,
2020102859,ステラデルシエロ,2024/08/11,3新潟2,晴,8.0,3歳以上1勝クラス,14,2.0,2,119.4,11.0,9,原優介,57.0,ダ,1800.0,良,114.6,1.7,11-10-11-11,37.2,464.0,2.0,ウィンドフォール,
2020102859,ステラデルシエロ,2024/05/08,園田,晴,9.0,B2,7,1.0,1,4.7,3.0,1,笹田知宏,56.0,ダ,1870.0,稍,128.8,-0.3,3-3-3-3,39.1,462.0,-4.0,(カレーパン),130.0
2020102859,ステラデルシエロ,2024/03/21,園田,曇,12.0,C1,12,2.0,2,1.7,1.0,4,笹田知宏,57.0,ダ,1700.0,稍,116.7,1.1,1-3-3-4,42.0,466.0,4.0,ユキノマリア,16.5
2020102859,ステラデルシエロ,2024/02/14,姫路,曇,9.0,C1,11,6.0,6,3.7,2.0,1,笹田知宏,56.0,ダ,1800.0,良,123.1,-0.6,2-2-1-1,39.4,462.0,0.0,(パフオブウインド),110.0
2020102859,ステラデルシエロ,2024/01/16,姫路,晴,9.0,C1一,12,6.0,7,6.7,3.0,4,笹田知宏,56.0,ダ,1400.0,良,94.1,0.5,7-6-4-6,39.8,462.0,-3.0,セブンスストリート,15.0
2020102859,ステラデルシエロ,2023/12/30,園田,晴,12.0,C1二,12,7.0,9,2.0,1.0,2,笹田知宏,56.0,ダ,1400.0,良,92.6,0.1,3-3-3-3,39.3,465.0,-3.0,トリストラム,44.0
2020102859,ステラデルシエロ,2023/12/12,園田,曇,8.0,C2一,10,6.0,6,2.2,1.0,1,笹田知宏,56.0,ダ,1400.0,重,93.0,-1.0,6-6-4-1,40.0,468.0,-6.0,(チーフインザスカイ),70.0
2020102859,ステラデルシエロ,2023/11/30,園田,晴,9.0,ユーカリ賞C2一,8,3.0,3,1.6,1.0,2,笹田知宏,56.0,ダ,1400.0,良,93.3,0.6,5-5-2-3,39.9,474.0,0.0,レイナアレナ,28.0
2020102859,ステラデルシエロ,2023/09/02,3新潟7,曇,7.0,3歳未勝利,18,7.0,13,6.2,3.0,6,田辺裕信,56.0,芝,1800.0,良,107.6,0.9,3-3,35.4,474.0,-4.0,コスモシャングリラ,
2020102859,ステラデルシエロ,2023/08/20,3新潟4,晴,7.0,3歳未勝利,18,7.0,15,4.5,2.0,5,田辺裕信,56.0,芝,2000.0,良,121.7,0.3,8-8-6-5,35.2,478.0,4.0,ガールズレジェンド,55.0
2020102859,ステラデルシエロ,2023/07/29,2新潟1,晴,2.0,3歳未勝利,18,5.0,10,3.6,2.0,4,田辺裕信,56.0,芝,1800.0,良,106.8,0.4,12-12,34.3,474.0,-4.0,デオヴォレンティ,83.0
2020102859,ステラデルシエロ,2023/07/16,2福島6,晴,7.0,3歳未勝利,16,4.0,8,5.3,2.0,2,田辺裕信,56.0,芝,1800.0,良,110.5,0.9,13-13-12-13,36.8,478.0,2.0,エンジェリックアイ,220.0
2020102859,ステラデルシエロ,2023/06/17,3東京5,晴,7.0,3歳未勝利,15,6.0,12,,,取,戸崎圭太,56.0,芝,1800.0,良,,,,,,,ホウオウムサシ,
2020102859,ステラデルシエロ,2023/05/06,2東京5,晴,5.0,3歳未勝利,12,6.0,8,2.2,1.0,10,レーン,56.0,ダ,2100.0,良,138.6,3.1,2-2-2-2,42.1,476.0,2.0,ビップスコーピオン,
2020102859,ステラデルシエロ,2023/04/15,3中山7,雨,2.0,3歳未勝利,14,1.0,1,3.1,2.0,3,レーン,56.0,ダ,1800.0,稍,114.2,0.3,6-6-5-5,39.2,474.0,-2.0,ニットウライジン,140.0
2020102859,ステラデルシエロ,2023/02/25,2中山1,晴,3.0,3歳未勝利,16,8.0,15,5.7,3.0,2,バシュロ,56.0,ダ,1800.0,良,116.7,0.4,5-5-3-3,40.6,476.0,0.0,ナスノカンゲツ,220.0
2020102859,ステラデルシエロ,2023/01/28,1東京1,晴,5.0,3歳未勝利,16,8.0,16,21.1,6.0,7,石橋脩,56.0,芝,1800.0,良,107.4,1.3,6-9-8,34.9,476.0,-4.0,アスコルティアーモ,
2020102859,ステラデルシエロ,2022/11/27,5東京8,晴,6.0,2歳新馬,16,1.0,1,9.7,3.0,8,レーン,55.0,芝,1800.0,良,108.7,1.5,11-11-12,34.0,480.0,0.0,タスティエーラ,
2018100420,ノースザワールド,2026/07/11,高知,晴,7.0,C2ー3,11,6.0,6,8.8,5.0,3,郷間勇太,57.0,ダ,1300.0,重,85.9,1.1,8-8-6-5,40.3,479.0,-11.0,コノヨルヲトメテヨ,24.0
2018100420,ノースザワールド,2026/06/27,高知,雨,10.0,短夜特別(C2),10,5.0,5,54.3,8.0,6,郷間勇太,57.0,ダ,1400.0,不,90.4,1.0,4-4-5-5,40.0,490.0,3.0,メイショウハマギク,
2018100420,ノースザワールド,2026/06/13,高知,晴,6.0,C2ー5,11,6.0,7,6.4,4.0,2,郷間勇太,57.0,ダ,1600.0,稍,109.4,0.1,6-6-5-4,41.8,487.0,15.0,ウィンザーバローズ,32.0
2018100420,ノースザワールド,2026/05/30,高知,晴,5.0,C2ー5,9,6.0,6,8.0,3.0,3,郷間勇太,57.0,ダ,1400.0,稍,92.9,1.9,6-5-5-4,40.0,472.0,-8.0,グランツアーテム,24.0
2018100420,ノースザワールド,2026/05/17,高知,晴,2.0,C2ー7,12,1.0,1,6.2,4.0,4,山崎雅由,57.0,ダ,1300.0,良,86.4,0.1,11-10-9-8,39.7,480.0,-3.0,ノイヤー,16.0
2018100420,ノースザワールド,2026/05/03,高知,雨,1.0,C2ー8,11,8.0,11,5.9,3.0,3,郷間勇太,57.0,ダ,1400.0,不,90.3,0.5,3-3-2-2,40.5,483.0,3.0,レモンシフォン,24.0
2018100420,ノースザワールド,2026/04/19,高知,曇,6.0,C3ー3,8,8.0,9,4.3,4.0,1,郷間勇太,57.0,ダ,1400.0,重,90.7,-0.2,3-3-3-3,39.3,480.0,-2.0,(クリノバーグマン),60.0
2018100420,ノースザワールド,2026/04/05,高知,晴,5.0,C3ー3,10,8.0,10,21.6,3.0,3,郷間勇太,57.0,ダ,1300.0,不,83.4,1.0,9-7-5-3,38.2,482.0,0.0,デバッグ,18.0
2018100420,ノースザワールド,2026/03/18,高知,雨,8.0,ファイナルレース(C1),12,6.0,7,10.3,5.0,3,郷間勇太,57.0,ダ,1400.0,重,92.9,0.2,5-5-5-3,40.4,482.0,1.0,トレイントレイン,22.5
2018100420,ノースザワールド,2026/03/03,高知,曇,6.0,C1ー3,9,8.0,8,44.9,6.0,5,郷間勇太,57.0,ダ,1300.0,不,84.1,1.5,2-2-2-3,39.2,481.0,0.0,セイウンガレオン,9.0
2018100420,ノースザワールド,2026/02/25,高知,曇,10.0,ファイナルレース(C1),11,2.0,2,4.8,3.0,11,郷間勇太,57.0,ダ,1600.0,不,107.2,3.0,10-9-8-11,41.8,481.0,-1.0,マツリダマスラオ,
2018100420,ノースザワールド,2026/02/18,高知,晴,8.0,咸陽島特別(C1),11,2.0,2,28.5,7.0,11,郷間勇太,57.0,ダ,1400.0,稍,94.5,2.7,7-7-7-8,42.1,482.0,-1.0,モルフェウス,
2018100420,ノースザワールド,2026/02/03,高知,晴,6.0,C1ー3,6,6.0,6,2.3,1.0,2,郷間勇太,57.0,ダ,1600.0,良,107.0,1.1,3-2-2-2,39.4,483.0,0.0,エイシンオッティモ,36.0
2018100420,ノースザワールド,2026/01/27,高知,晴,6.0,C1ー4,8,5.0,5,3.6,2.0,3,郷間勇太,57.0,ダ,1400.0,良,92.2,0.9,5-4-4-2,39.8,483.0,-3.0,シンデレラスマイル,22.5
2018100420,ノースザワールド,2026/01/13,高知,晴,5.0,C1ー5,7,6.0,6,6.9,4.0,6,郷間勇太,57.0,ダ,1600.0,良,107.9,0.7,4-4-4-4,40.1,486.0,-7.0,エクトゥシュタール,
2018100420,ノースザワールド,2025/12/29,高知,晴,6.0,C1ー5,11,6.0,6,11.4,4.0,5,郷間勇太,57.0,ダ,1400.0,良,94.0,0.6,8-8-6-5,39.6,493.0,3.0,レゴリス,9.0
2018100420,ノースザワールド,2025/12/13,高知,曇,9.0,C2ー3,12,4.0,4,4.4,3.0,1,郷間勇太,57.0,ダ,1400.0,良,92.8,-0.2,11-11-11-2,39.4,490.0,1.0,(クラックオブドーン),70.0
2018100420,ノースザワールド,2025/11/29,高知,晴,6.0,大好き高知競馬特別(C2),12,6.0,7,13.5,3.0,9,郷間勇太,57.0,ダ,1400.0,良,95.1,2.1,8-9-6-8,41.6,489.0,1.0,リューノス,
2018100420,ノースザワールド,2025/11/15,高知,晴,9.0,C2ー3,11,7.0,9,4.5,3.0,4,郷間勇太,57.0,ダ,1600.0,重,106.7,1.3,5-5-4-3,41.8,488.0,3.0,メイショウオキビ,10.5
2018100420,ノースザワールド,2025/11/01,高知,晴,11.0,芸術の秋特別(C2),11,4.0,4,48.9,7.0,4,郷間勇太,57.0,ダ,1300.0,不,83.8,1.0,7-8-7-5,38.9,485.0,-6.0,アティード,19.5
2018100420,ノースザワールド,2025/10/18,高知,曇,6.0,C2ー6,11,7.0,9,2.6,2.0,2,郷間勇太,57.0,ダ,1400.0,稍,93.2,0.6,7-6-6-2,39.7,491.0,-3.0,リーチアディール,28.0
2018100420,ノースザワールド,2025/10/04,高知,曇,6.0,C2ー6,10,2.0,2,3.8,2.0,3,郷間勇太,57.0,ダ,1400.0,重,92.6,0.2,4-4-4-4,39.6,494.0,4.0,レゾンドゥスリール,17.5
2018100420,ノースザワールド,2025/06/19,川崎,晴,11.0,中原OP(OP)(3上),14,6.0,9,148.5,11.0,14,山崎誠士,56.0,ダ,2000.0,良,133.9,4.9,1-4-5-8,43.0,490.0,-14.0,グロリアムンディ,
2018100420,ノースザワールド,2025/05/21,大井,晴,11.0,大井記念競走(重賞),15,8.0,14,97.4,9.0,14,山崎誠士,57.0,ダ,2000.0,稍,129.2,4.8,9-9-9-11,41.6,504.0,10.0,ライトウォーリア,
2018100420,ノースザワールド,2025/03/22,1阪神7,晴,10.0,レグルスS(OP),14,6.0,10,69.5,11.0,8,高杉吏麒,58.0,ダ,1800.0,良,113.2,1.4,8-8-8-8,38.5,494.0,-2.0,マーブルロック,
2018100420,ノースザワールド,2025/02/15,1京都5,晴,11.0,洛陽S(L),16,3.0,6,79.8,16.0,8,高杉吏麒,54.0,芝,1600.0,良,94.2,0.4,7-9,34.5,496.0,-8.0,ロジリオン,
2018100420,ノースザワールド,2024/12/15,5中山6,晴,11.0,ディセンバーS(L),16,2.0,3,81.3,13.0,7,内田博幸,57.0,芝,1800.0,良,105.9,0.7,5-5-9-5,34.4,504.0,6.0,エコロヴァルツ,
2018100420,ノースザワールド,2024/11/16,6京都5,曇,11.0,アンドロメダS(L),15,2.0,3,130.6,13.0,7,鮫島克駿,54.0,芝,2000.0,良,120.0,1.4,12-11-10-11,35.2,498.0,2.0,デシエルト,
2018100420,ノースザワールド,2024/10/13,4東京3,晴,11.0,オクトーバーS(L),16,7.0,13,47.7,11.0,14,田辺裕信,57.0,芝,2000.0,良,118.6,1.2,16-16-16,34.0,496.0,6.0,ボーンディスウェイ,
2018100420,ノースザワールド,2024/07/07,2福島4,晴,11.0,七夕賞(GIII),15,1.0,1,50.2,13.0,8,柴田善臣,55.0,芝,2000.0,良,118.9,1.0,14-14-15-13,35.1,490.0,0.0,レッドラディエンス,
2018100420,ノースザワールド,2024/06/09,3東京4,曇,11.0,エプソムC(GIII),18,1.0,2,63.2,14.0,14,菅原明良,57.0,芝,1800.0,良,105.8,1.1,10-10-11,34.5,490.0,0.0,レーベンスティール,
2018100420,ノースザワールド,2024/04/21,3京都2,小雨,11.0,読売マイラーズC(GII),17,4.0,7,182.7,17.0,12,北村友一,57.0,芝,1600.0,稍,94.1,1.6,10-12,36.0,490.0,4.0,ソウルラッシュ,
2018100420,ノースザワールド,2024/03/24,2阪神2,曇,11.0,六甲S(L),15,4.0,6,7.2,3.0,6,幸英明,57.0,芝,1600.0,重,94.6,0.3,11-9,34.6,486.0,-4.0,ボルザコフスキー,
2018100420,ノースザワールド,2024/03/10,2中山6,晴,10.0,東風S(L),14,8.0,14,18.6,8.0,2,横山和生,57.0,芝,1600.0,良,93.6,0.2,9-10-6,34.7,490.0,16.0,ディオ,1108.4
2018100420,ノースザワールド,2024/01/07,1中山2,曇,10.0,ポルックスS(OP),16,2.0,4,17.6,9.0,15,横山和生,57.0,ダ,1800.0,良,115.7,2.8,3-3-4-5,40.5,474.0,4.0,ヴァルツァーシャル,
2018100420,ノースザワールド,2023/11/12,3福島4,曇,11.0,福島記念(GIII),16,4.0,8,5.3,2.0,10,団野大成,55.0,芝,2000.0,良,121.7,0.8,6-6-7-9,37.1,470.0,2.0,ホウオウエミーズ,
2018100420,ノースザワールド,2023/10/08,4東京2,曇,11.0,毎日王冠(GII),12,3.0,3,166.3,12.0,6,横山和生,57.0,芝,1800.0,良,105.7,0.4,7-7-6,33.9,468.0,-4.0,エルトンバローズ,
2018100420,ノースザワールド,2023/05/20,2東京9,曇,11.0,メイS(OP),18,6.0,12,8.8,5.0,7,横山和生,55.0,芝,1800.0,良,105.5,0.8,15-9-8,34.3,472.0,-6.0,サクラトゥジュール,
2018100420,ノースザワールド,2023/04/02,2阪神4,晴,11.0,大阪杯(GI),16,8.0,16,166.2,14.0,15,北村友一,58.0,芝,2000.0,良,119.3,1.9,2-2-2-2,37.0,478.0,0.0,ジャックドール,
2018100420,ノースザワールド,2023/03/19,2中山8,晴,9.0,スピカS(3勝クラス),16,7.0,13,6.4,2.0,1,横山和生,58.0,芝,1800.0,重,108.6,-0.2,2-2-2-2,37.1,478.0,-4.0,(クライミングリリー),1875.7
2018100420,ノースザワールド,2023/02/11,1阪神1,晴,10.0,但馬S(3勝クラス),13,3.0,3,2.3,1.0,5,ムルザバ,58.0,芝,2000.0,良,120.8,0.3,10-10-9-10,33.1,482.0,0.0,リューベック,184.0
2018100420,ノースザワールド,2022/11/27,5阪神8,晴,10.0,立雲峡S(3勝クラス),13,5.0,7,1.8,1.0,2,坂井瑠星,57.0,芝,1600.0,良,92.0,0.1,3-3,34.7,482.0,4.0,アールドヴィーヴル,748.2
2018100420,ノースザワールド,2022/11/05,5東京1,晴,10.0,ノベンバーS(3勝クラス),10,1.0,1,2.5,1.0,2,坂井瑠星,57.0,芝,1800.0,良,105.5,0.1,1-1-1,33.5,478.0,-6.0,エピファニー,746.4
2018100420,ノースザワールド,2022/10/16,4阪神5,晴,10.0,西宮S(3勝クラス),9,1.0,1,4.8,3.0,2,坂井瑠星,57.0,芝,1800.0,良,104.5,0.2,3-4,33.6,484.0,16.0,ピンハイ,746.2
2018100420,ノースザワールド,2022/07/31,2新潟2,晴,10.0,佐渡S(3勝クラス),11,6.0,7,3.9,2.0,2,坂井瑠星,57.0,芝,2000.0,良,118.1,0.0,3-3,33.4,468.0,-8.0,カントル,746.8
2018100420,ノースザワールド,2022/06/18,3阪神1,晴,10.0,垂水S(3勝クラス),12,8.0,12,3.9,2.0,2,坂井瑠星,55.0,芝,1800.0,良,106.6,0.0,2-2,33.9,476.0,10.0,イズジョーノキセキ,747.8
2018100420,ノースザワールド,2022/05/08,2東京6,曇,9.0,湘南S(3勝クラス),16,3.0,6,18.1,9.0,5,坂井瑠星,57.0,芝,1600.0,良,93.0,0.7,14-13,33.7,466.0,-4.0,ジャスティンカフェ,184.0
2018100420,ノースザワールド,2022/04/17,2阪神8,晴,9.0,須磨特別(2勝クラス),9,8.0,9,1.5,1.0,1,坂井瑠星,57.0,芝,1800.0,良,105.1,-0.1,7-4,33.2,470.0,-6.0,(ルース),1530.3
2018100420,ノースザワールド,2022/04/03,2阪神4,曇,9.0,明石特別(2勝クラス),9,1.0,1,3.6,2.0,3,坂井瑠星,56.0,芝,2000.0,良,119.3,0.1,4-3-4-4,34.7,476.0,8.0,プレイイットサム,383.1
2018100420,ノースザワールド,2022/01/15,1中京5,晴,9.0,渥美特別(2勝クラス),10,6.0,6,4.4,3.0,2,松山弘平,56.0,芝,2000.0,良,120.8,0.7,8-8-6-8,34.9,468.0,-2.0,ビッグリボン,607.0
2018100420,ノースザワールド,2021/10/24,4阪神6,曇,11.0,菊花賞(GI),18,6.0,12,105.5,18.0,17,和田竜二,57.0,芝,3000.0,良,187.5,2.9,15-15-15-17,36.4,470.0,-2.0,タイトルホルダー,
2018100420,ノースザワールド,2021/10/03,5中京9,晴,9.0,浜名湖特別(2勝クラス),8,4.0,4,3.3,2.0,2,松山弘平,55.0,芝,2000.0,良,122.0,0.5,8-8-5-5,33.1,472.0,0.0,ジャックドール,606.2
2018100420,ノースザワールド,2021/09/12,5中京2,小雨,9.0,長久手特別(2勝クラス),8,1.0,1,4.0,2.0,2,松山弘平,53.0,芝,2000.0,良,120.7,0.3,6-6-6-6,34.1,472.0,0.0,ロバートソンキー,605.4
2018100420,ノースザワールド,2021/08/08,3新潟6,曇,11.0,レパードS(GIII),15,6.0,11,14.0,7.0,4,松山弘平,56.0,ダ,1800.0,良,112.2,0.9,13-13-10-7,37.5,472.0,4.0,メイショウムラクモ,600.0
2018100420,ノースザワールド,2021/06/13,4中京4,小雨,8.0,3歳以上1勝クラス,13,2.0,2,3.8,1.0,1,松山弘平,54.0,ダ,1900.0,稍,119.7,0.0,12-11-7-6,37.8,468.0,2.0,(ヒミノフラッシュ),760.0
2018100420,ノースザワールド,2021/05/16,2東京8,曇,5.0,3歳1勝クラス,10,8.0,10,4.0,2.0,5,松山弘平,56.0,芝,1600.0,良,94.9,0.2,4-5,33.2,466.0,0.0,クロンターフ,73.0
2018100420,ノースザワールド,2021/04/17,2阪神7,雨,11.0,アーリントンC(GIII),18,2.0,3,138.0,15.0,6,藤岡康太,56.0,芝,1600.0,重,94.9,0.7,16-16,34.3,466.0,-2.0,ホウオウアマゾン,
2018100420,ノースザワールド,2021/03/20,2中山7,晴,6.0,3歳1勝クラス,16,5.0,9,7.1,3.0,7,三浦皇成,56.0,芝,1600.0,良,96.3,0.8,8-6-7,35.0,468.0,-4.0,シュバルツカイザー,
2018100420,ノースザワールド,2021/01/09,1中京2,晴,5.0,3歳未勝利,16,2.0,3,2.1,1.0,1,松山弘平,56.0,芝,2000.0,良,121.2,-0.1,3-3-4-4,35.6,472.0,6.0,(サトノマジェスタ),510.0
2018100420,ノースザワールド,2020/12/12,3中京3,曇,7.0,2歳未勝利,12,5.0,5,3.8,3.0,2,松山弘平,55.0,芝,2000.0,良,121.9,0.1,2-2-2-2,35.9,466.0,-6.0,カツコ,200.0
2018100420,ノースザワールド,2020/11/15,5阪神4,晴,2.0,2歳未勝利,16,1.0,1,4.6,2.0,3,松山弘平,55.0,芝,1600.0,良,94.1,0.5,5-8,34.1,472.0,10.0,ルークズネスト,130.0
2018100420,ノースザワールド,2020/07/25,2新潟1,曇,5.0,2歳新馬,18,7.0,14,2.3,1.0,6,松山弘平,54.0,芝,1600.0,稍,95.6,0.8,7-7,34.0,462.0,0.0,リフレイム,
2021104380,ボールジー,2026/07/12,高知,曇,3.0,C2ー4,12,6.0,8,24.2,8.0,3,岡遼太郎,57.0,ダ,1300.0,稍,85.4,0.3,4-4-3-3,39.6,486.0,0.0,アスキーアート,24.0
2021104380,ボールジー,2026/06/27,高知,雨,11.0,ファイナルレース(C2),12,4.0,4,5.0,2.0,5,阿部基嗣,57.0,ダ,1400.0,不,91.8,1.1,4-2-3-3,40.8,486.0,-4.0,ショットメーカー,8.0
2021104380,ボールジー,2026/06/13,高知,晴,6.0,C2ー5,11,2.0,2,44.1,9.0,8,岡遼太郎,57.0,ダ,1600.0,稍,110.6,1.3,1-1-1-1,43.8,490.0,3.0,ウィンザーバローズ,
2021104380,ボールジー,2026/05/31,高知,晴,2.0,C2ー6,11,7.0,8,11.4,5.0,3,岡遼太郎,57.0,ダ,1400.0,稍,93.0,1.0,5-4-4-3,40.6,487.0,-1.0,ココリハクタク,24.0
2021104380,ボールジー,2026/05/17,高知,晴,1.0,C2ー8,11,7.0,9,58.2,10.0,3,岡遼太郎,57.0,ダ,1300.0,良,87.1,4.3,6-6-4-4,41.6,488.0,4.0,ララマルシュドロワ,24.0
2021104380,ボールジー,2026/05/02,高知,晴,11.0,ファイナルレース(C2),12,8.0,11,3.4,1.0,7,岡遼太郎,57.0,ダ,1400.0,重,93.2,1.0,3-1-3-2,42.3,484.0,-3.0,パレスパートナー,
2021104380,ボールジー,2026/04/19,高知,曇,1.0,C2ー10,10,3.0,3,15.4,4.0,10,宮川実,57.0,ダ,1600.0,重,112.6,6.0,1-1-1-6,47.2,487.0,-5.0,モーニングヘイズ,
2021104380,ボールジー,2026/04/05,高知,晴,1.0,C2ー8,11,1.0,1,14.6,4.0,6,宮川実,57.0,ダ,1400.0,不,91.7,1.7,9-8-5-4,39.8,492.0,3.0,リワードインペリオ,
2021104380,ボールジー,2026/03/24,高知,晴,9.0,C3ー2,11,7.0,9,29.0,8.0,2,加藤翔馬,57.0,ダ,1600.0,稍,107.7,0.2,1-1-1-1,40.7,489.0,1.0,ポッドコンティ,24.0
2021104380,ボールジー,2026/03/10,高知,晴,6.0,C3ー2,12,6.0,7,11.6,4.0,3,井上瑛太,57.0,ダ,1300.0,稍,86.1,0.7,6-6-5-3,40.3,488.0,-1.0,フーイナム,15.0
2021104380,ボールジー,2026/02/23,高知,晴,7.0,C3ー2,11,3.0,3,7.8,4.0,9,井上瑛太,57.0,ダ,1300.0,良,87.3,2.3,10-9-9-8,40.2,489.0,-2.0,オセアハートマン,
2021104380,ボールジー,2026/02/10,高知,曇,5.0,ユキワリイチゲ特別(C3),11,6.0,7,131.2,11.0,8,井上瑛太,57.0,ダ,1300.0,良,85.5,1.7,7-6-6-5,40.0,491.0,1.0,アメリカンクール,
2021104380,ボールジー,2026/01/26,高知,晴,8.0,C3ー2,10,4.0,4,12.6,5.0,2,井上瑛太,57.0,ダ,1300.0,良,85.2,0.8,5-5-5-5,40.2,490.0,1.0,ショウナンマリン,24.0
2021104380,ボールジー,2026/01/12,高知,晴,10.0,ハボタン特別(C3),8,7.0,7,71.9,8.0,7,宮川実,57.0,ダ,1600.0,良,109.9,4.0,1-3-4-5,43.0,489.0,-4.0,スピードイエロー,
2021104380,ボールジー,2025/12/31,高知,晴,5.0,C3ー3,12,4.0,4,43.7,5.0,2,井上瑛太,57.0,ダ,1400.0,良,94.4,1.6,3-3-3-2,41.0,493.0,8.0,ポッドコンティ,24.0
2021104380,ボールジー,2025/12/14,高知,晴,8.0,C3ー4,9,7.0,7,10.4,3.0,5,宮川実,57.0,ダ,1300.0,稍,85.9,1.8,6-6-5-6,41.0,485.0,-1.0,ロードフロイデ,6.0
2021104380,ボールジー,2025/11/29,高知,晴,8.0,C3ー5,9,3.0,3,15.4,4.0,3,井上瑛太,57.0,ダ,1300.0,良,88.0,0.3,1-1-1-1,41.9,486.0,4.0,オセアダイナスティ,15.0
2021104380,ボールジー,2025/11/08,高知,晴,9.0,C3ー6,10,8.0,10,31.1,4.0,3,井上瑛太,57.0,ダ,1400.0,稍,92.2,1.0,5-5-4-3,39.0,482.0,1.0,メイショウオーギシ,15.0
2021104380,ボールジー,2025/10/25,高知,曇,11.0,ファイナルレース(C3),12,2.0,2,4.8,1.0,12,阿部基嗣,55.0,ダ,1300.0,不,89.4,4.5,5-5-9-12,42.9,481.0,2.0,ニューウォーク,
2021104380,ボールジー,2025/10/11,高知,雨,9.0,C3ー6,11,4.0,4,14.1,6.0,8,阿部基嗣,55.0,ダ,1600.0,稍,110.0,1.0,1-1-1-2,43.3,479.0,-1.0,アスキーアート,
2021104380,ボールジー,2025/09/27,高知,曇,8.0,C3ー7,10,7.0,8,46.0,6.0,5,阿部基嗣,55.0,ダ,1400.0,不,92.6,0.9,5-5-3-3,40.3,480.0,1.0,キンセンオー,6.0
2021104380,ボールジー,2025/09/13,高知,曇,7.0,C3ー8,11,5.0,5,26.1,4.0,3,阿部基嗣,55.0,ダ,1300.0,重,85.4,2.5,2-2-2-2,40.1,479.0,2.0,アティード,15.0
2021104380,ボールジー,2025/08/03,高知,晴,4.0,C3ー9,9,3.0,3,13.4,3.0,4,阿部基嗣,55.0,ダ,1400.0,良,92.4,1.1,3-2-1-1,41.2,477.0,0.0,スティーロポリス,9.0
2021104380,ボールジー,2025/07/19,高知,晴,6.0,C3ー8,12,6.0,8,7.0,4.0,6,阿部基嗣,54.0,ダ,1300.0,不,84.6,1.2,4-5-4-4,39.1,477.0,-3.0,エナジーグラン,
2021104380,ボールジー,2025/07/05,高知,晴,2.0,C3ー12,9,3.0,3,1.8,1.0,3,阿部基嗣,54.0,ダ,800.0,良,49.9,0.3,4-2,36.9,480.0,1.0,トワキ,15.0
2021104380,ボールジー,2025/06/21,高知,小雨,5.0,C3ー10,9,1.0,1,11.5,3.0,2,阿部基嗣,54.0,ダ,1400.0,稍,92.4,0.5,1-1-1-1,41.3,479.0,1.0,ブラッティーキッド,24.0
2021104380,ボールジー,2025/06/08,高知,小雨,8.0,C3ー13,11,7.0,9,8.7,4.0,3,阿部基嗣,54.0,ダ,1300.0,稍,84.6,0.3,2-2-2-2,39.2,478.0,1.0,シャーマンズケイブ,15.0
2021104380,ボールジー,2025/05/25,高知,晴,6.0,C3ー14,10,7.0,7,17.9,4.0,3,阿部基嗣,54.0,ダ,1400.0,不,91.7,0.8,4-4-4-4,41.4,477.0,3.0,クリノナイスガイ,15.0
2021104380,ボールジー,2025/05/10,高知,曇,10.0,ファイナルレース(C3),12,5.0,5,9.1,5.0,2,阿部基嗣,54.0,ダ,1300.0,不,83.9,0.1,2-2-1-1,40.0,474.0,-8.0,ゼニット,24.0
2021104380,ボールジー,2025/04/27,高知,晴,5.0,C3ー18,10,6.0,6,41.8,6.0,4,阿部基嗣,54.0,ダ,1400.0,稍,93.9,1.9,1-1-1-1,42.6,482.0,6.0,デリシュー,9.0
2021104380,ボールジー,2025/04/13,高知,晴,11.0,ファイナルレース(C3),11,7.0,10,23.0,6.0,5,阿部基嗣,54.0,ダ,1300.0,不,83.7,1.3,2-3-3-3,39.2,476.0,-3.0,キタノオクトパス,6.0
2021104380,ボールジー,2025/03/26,高知,晴,1.0,C3ー11,11,7.0,8,18.5,3.0,4,阿部基嗣,53.0,ダ,1400.0,良,95.9,1.7,3-4-4-4,43.0,479.0,-3.0,クープラン,9.0
2021104380,ボールジー,2025/01/22,高知,晴,2.0,えひめまどんな特別(C3),8,7.0,7,,,取,永森大智,56.0,ダ,1400.0,良,,,,,,,コーンウォリス,
2021104380,ボールジー,2025/01/06,高知,晴,9.0,ファイナルレース(C3),10,8.0,11,,,取,永森大智,56.0,ダ,1300.0,重,,,,,,,リリーフューシャ,
2021104380,ボールジー,2024/12/22,高知,晴,3.0,C3ー19,8,2.0,2,5.1,4.0,3,松井伸也,56.0,ダ,1300.0,良,88.0,0.4,3-2-4-2,41.5,482.0,-2.0,ゴールドプレイ,12.0
2021104380,ボールジー,2024/12/07,高知,晴,12.0,ファイナルレース(C3),11,3.0,3,5.8,2.0,9,松井伸也,56.0,ダ,1400.0,良,96.0,1.8,5-4-4-5,43.6,484.0,5.0,ビッグロゴスルーフ,
2021104380,ボールジー,2024/11/24,高知,晴,5.0,C3ー18,11,3.0,3,4.4,3.0,3,嬉勝則,56.0,ダ,1300.0,良,87.5,0.5,2-1-1-1,42.8,479.0,0.0,グラフ,12.0
2021104380,ボールジー,2024/11/10,高知,曇,2.0,C3ー19,10,2.0,2,13.5,4.0,2,嬉勝則,56.0,ダ,1400.0,稍,94.5,1.6,3-2-2-2,42.8,479.0,2.0,ミリオンタイムズ,21.0
2021104380,ボールジー,2024/10/26,高知,雨,11.0,ファイナルレース(C3),12,4.0,4,8.1,6.0,11,嬉勝則,56.0,ダ,1300.0,不,87.8,3.3,4-4-7-8,43.2,477.0,-4.0,リュウノアラス,
2021104380,ボールジー,2024/10/14,高知,晴,2.0,KーK三十路記念特別(C3),11,6.0,7,3.4,1.0,8,嬉勝則,56.0,ダ,1400.0,稍,97.0,2.1,2-2-2-4,45.4,481.0,-4.0,ワクワクドリーム,
2021104380,ボールジー,2024/09/29,高知,曇,2.0,3歳ー8,10,7.0,8,11.9,5.0,4,嬉勝則,56.0,ダ,1400.0,良,95.5,0.9,2-2-2-1,44.2,485.0,0.0,バイユーラン,9.0
2021104380,ボールジー,2024/09/16,高知,曇,6.0,サワラ特別(3歳),12,2.0,2,8.9,4.0,9,嬉勝則,56.0,ダ,1400.0,不,95.9,5.7,3-2-2-4,45.8,485.0,7.0,ダノンモンテローザ,
2021104380,ボールジー,2024/07/07,2福島4,晴,4.0,3歳未勝利,16,7.0,14,238.0,15.0,10,松岡正海,57.0,ダ,1150.0,良,70.6,1.5,6-5,38.3,478.0,-4.0,マサノヒーロー,
2021104380,ボールジー,2024/01/28,1東京2,曇,2.0,3歳新馬,16,4.0,7,118.9,14.0,11,松岡正海,57.0,ダ,1400.0,良,90.6,2.5,3-4,39.6,482.0,0.0,ウンガイソウテン,
2020106779,ニットウライジン,2026/07/12,高知,曇,2.0,C2ー5,11,1.0,1,11.5,3.0,1,永森大智,57.0,ダ,1300.0,稍,84.3,-0.1,1-1-1-1,38.9,494.0,1.0,(カゲマル),80.0
2020106779,ニットウライジン,2026/06/28,高知,曇,3.0,C2ー6,8,3.0,3,3.6,3.0,5,多田羅誠,57.0,ダ,1400.0,不,92.6,1.3,3-3-3-4,40.0,493.0,0.0,タイガーワゴン,8.0
2020106779,ニットウライジン,2026/06/14,高知,小雨,4.0,C2ー7,10,4.0,4,10.9,4.0,4,石川倭,57.0,ダ,1600.0,稍,108.2,0.3,2-2-1-2,41.4,493.0,3.0,ロイヤルダンス,16.0
2020106779,ニットウライジン,2026/05/31,高知,晴,2.0,C2ー6,11,8.0,10,2.8,2.0,7,多田羅誠,57.0,ダ,1400.0,稍,93.4,1.4,1-1-1-3,41.1,490.0,1.0,ココリハクタク,
2020106779,ニットウライジン,2026/05/17,高知,晴,7.0,C3ー2,11,8.0,11,6.8,4.0,2,多田羅誠,57.0,ダ,1400.0,良,94.3,1.0,2-2-2-2,42.6,489.0,-3.0,コノヨルヲトメテヨ,24.0
2020106779,ニットウライジン,2026/05/03,高知,雨,12.0,ファイナルレース(C3),11,7.0,8,3.7,1.0,1,多田羅誠,57.0,ダ,1600.0,不,105.4,-0.1,1-1-1-1,40.6,492.0,-5.0,(シュマンドロワ),60.0
2020106779,ニットウライジン,2026/04/18,高知,曇,1.0,C3ー6,8,7.0,7,3.1,2.0,3,多田羅誠,57.0,ダ,1400.0,重,93.7,1.4,1-1-1-2,41.2,497.0,1.0,シティオブロンドン,18.0
2020106779,ニットウライジン,2026/03/23,高知,晴,4.0,C3ー5,8,2.0,2,9.9,5.0,5,多田羅誠,57.0,ダ,1600.0,重,107.6,1.4,4-4-4-4,40.6,496.0,-1.0,セリオヴェローチェ,6.0
2020106779,ニットウライジン,2026/03/10,高知,晴,3.0,C3ー4,11,3.0,3,4.3,3.0,8,多田羅誠,57.0,ダ,1300.0,稍,88.1,2.8,3-3-3-5,41.7,497.0,-4.0,ダニエルバローズ,
2020106779,ニットウライジン,2026/03/02,高知,雨,2.0,C3ー4,7,3.0,3,,,取,多田羅誠,57.0,ダ,1400.0,不,,,,,,,フリューゲルホルン,
2020106779,ニットウライジン,2026/02/17,高知,晴,2.0,C3ー4,11,8.0,11,4.5,2.0,3,多田羅誠,57.0,ダ,1400.0,稍,93.5,0.6,2-2-2-1,39.9,501.0,5.0,リワードインペリオ,15.0
2020106779,ニットウライジン,2026/02/03,高知,晴,5.0,C3ー5,9,1.0,1,3.8,2.0,3,多田羅誠,57.0,ダ,1400.0,良,92.5,0.4,1-2-2-2,41.5,496.0,-3.0,ゼンノソブリン,15.0
2020106779,ニットウライジン,2026/01/20,高知,晴,1.0,C3ー6,9,1.0,1,28.5,5.0,8,多田羅誠,57.0,ダ,1300.0,良,87.9,2.3,1-2-3-4,42.1,499.0,0.0,テーオーシリウス,
2020106779,ニットウライジン,2026/01/01,高知,晴,8.0,C3ー9,7,2.0,2,1.5,1.0,2,多田羅誠,57.0,ダ,1600.0,良,108.3,0.0,1-1-1-1,40.0,499.0,-3.0,クラウンセヘル,24.0
2020106779,ニットウライジン,2025/12/21,高知,曇,8.0,C3ー12,11,8.0,11,6.4,3.0,1,多田羅誠,57.0,ダ,1400.0,重,91.3,-0.2,2-2-2-2,39.6,502.0,6.0,(ジョーエルピーゾ),60.0
2020106779,ニットウライジン,2025/12/07,高知,晴,2.0,C3ー17,10,7.0,7,2.2,1.0,1,多田羅誠,57.0,ダ,1300.0,良,86.7,-0.2,3-3-3-3,40.3,496.0,-2.0,(スリーローズマリー),60.0
2020106779,ニットウライジン,2025/11/24,高知,曇,2.0,C3ー20,8,3.0,3,2.7,2.0,2,多田羅誠,57.0,ダ,1600.0,良,108.9,0.8,2-1-1-2,43.1,498.0,-9.0,テーオーシリウス,24.0
2020106779,ニットウライジン,2025/11/09,高知,曇,1.0,C3ー19,10,7.0,7,2.7,2.0,3,多田羅誠,57.0,ダ,1400.0,不,91.9,1.5,3-3-3-3,38.9,507.0,14.0,ココリハクタク,15.0
2020106779,ニットウライジン,2025/10/01,船橋,曇,12.0,JBC船橋まであと3(B3),14,8.0,13,306.2,14.0,14,新原周馬,56.0,ダ,1600.0,稍,108.4,5.4,11-12-14-14,44.2,493.0,1.0,シミズミナト,
2020106779,ニットウライジン,2025/06/20,川崎,晴,10.0,末摘花特別(B3),11,7.0,9,190.2,11.0,9,池谷匠翔,56.0,ダ,1400.0,良,92.2,1.9,5-6-4-8,40.7,492.0,1.0,ミスマルゴー,
2020106779,ニットウライジン,2025/06/02,船橋,曇,11.0,船橋酒場青空12周年(B3),14,7.0,12,147.8,11.0,13,池谷匠翔,56.0,ダ,1600.0,稍,107.1,3.6,3-4-4-5,42.2,491.0,-10.0,ホシノスナ,
2020106779,ニットウライジン,2025/04/09,川崎,晴,10.0,川崎記念3連覇ホッコ(B2B3),14,7.0,11,99.1,13.0,11,今野忠成,55.0,ダ,1600.0,稍,106.8,2.0,9-8-9-8,42.3,501.0,-2.0,ランドマックス,
2020106779,ニットウライジン,2025/03/06,川崎,曇,9.0,大和撫子特別(B3),12,1.0,1,25.1,7.0,9,今野忠成,56.0,ダ,1600.0,不,107.5,2.5,1-1-1-2,41.9,503.0,3.0,ヴィブエアー,
2020106779,ニットウライジン,2025/02/05,川崎,晴,12.0,雪化粧特別(B3),14,5.0,7,9.0,4.0,10,新原周馬,56.0,ダ,1500.0,稍,99.6,1.7,1-3-3-5,42.3,500.0,-2.0,シゲルマッハ,
2020106779,ニットウライジン,2024/11/16,3福島5,曇,10.0,西郷特別(2勝クラス),15,2.0,3,163.0,15.0,10,永島まな,58.0,ダ,1150.0,良,69.4,1.1,11-13,37.0,502.0,6.0,グッジョブ,
2020106779,ニットウライジン,2024/06/15,3東京5,曇,10.0,立川特別(2勝クラス),16,4.0,7,259.5,16.0,13,野中悠太,58.0,ダ,1400.0,良,85.6,2.3,4-5,37.8,496.0,-16.0,ナスティウェザー,
2020106779,ニットウライジン,2024/04/20,1福島5,晴,10.0,尾瀬特別(2勝クラス),15,8.0,14,21.5,7.0,14,小林勝太,55.0,ダ,1700.0,良,108.3,3.1,11-11-12-11,39.9,512.0,12.0,ニホンピロハーバー,
2020106779,ニットウライジン,2023/12/03,5阪神2,曇,9.0,豊中特別(2勝クラス),16,5.0,9,17.8,5.0,16,池添謙一,57.0,ダ,1800.0,良,116.8,2.7,1-1-1-2,41.0,500.0,-6.0,ロードアヴニール,
2020106779,ニットウライジン,2023/11/05,3福島2,曇,10.0,河北新報杯(2勝クラス),15,5.0,8,11.9,5.0,6,小林勝太,56.0,ダ,1700.0,良,107.7,0.9,3-4-5-4,37.6,506.0,8.0,レリジールダモーレ,
2020106779,ニットウライジン,2023/08/20,2札幌4,曇,9.0,大通公園特別(2勝クラス),14,7.0,12,7.0,3.0,6,小林勝太,55.0,ダ,1700.0,稍,107.9,0.8,2-2-2-2,38.4,498.0,0.0,ミラクルティアラ,
2020106779,ニットウライジン,2023/07/23,1札幌2,晴,10.0,大倉山特別(2勝クラス),14,3.0,4,11.5,5.0,4,小林勝太,55.0,ダ,1700.0,良,107.3,0.6,2-2-2-2,37.6,498.0,-2.0,シルバーブレッド,230.0
2020106779,ニットウライジン,2023/07/09,2函館4,晴,7.0,3歳以上1勝クラス,9,7.0,7,7.4,5.0,1,小林勝太,52.0,ダ,1700.0,良,107.2,-0.1,2-2-2-2,37.5,500.0,10.0,(アルシオーネ),800.0
2020106779,ニットウライジン,2023/04/15,3中山7,雨,2.0,3歳未勝利,14,6.0,10,11.7,4.0,1,永野猛蔵,55.0,ダ,1800.0,稍,113.9,-0.1,2-2-2-2,39.4,490.0,0.0,(シゲルショウグン),550.0
2020106779,ニットウライジン,2023/04/02,3中山4,曇,3.0,3歳未勝利,13,5.0,7,30.4,6.0,3,永野猛蔵,55.0,ダ,1800.0,良,116.6,0.7,1-1-1-1,39.2,490.0,-6.0,ブライアンセンス,140.0
2020106779,ニットウライジン,2023/03/04,2中山3,晴,3.0,3歳未勝利,16,5.0,9,17.0,5.0,5,永野猛蔵,55.0,ダ,1800.0,良,117.2,1.8,2-2-1-2,39.4,496.0,0.0,ゴールドバランサー,55.0
2020106779,ニットウライジン,2023/01/21,1中山7,晴,3.0,3歳未勝利,16,7.0,13,81.6,12.0,4,永野猛蔵,55.0,ダ,1800.0,稍,117.8,0.3,2-2-2-1,41.3,496.0,6.0,デルマヨリキリ,83.0
2020106779,ニットウライジン,2022/11/19,5東京5,晴,4.0,2歳新馬,16,1.0,2,33.4,7.0,9,永野猛蔵,54.0,ダ,1400.0,良,89.3,3.8,7-11,38.6,490.0,0.0,グレートサンドシー,
2022100618,ハッピービバーク,2026/07/12,高知,曇,3.0,C2ー4,12,2.0,2,3.5,2.0,2,赤岡修次,55.0,ダ,1300.0,稍,85.2,0.1,2-2-2-1,39.7,478.0,4.0,アスキーアート,32.0
2022100618,ハッピービバーク,2026/06/27,高知,曇,7.0,C2ー4,11,3.0,3,15.4,5.0,7,永森大智,55.0,ダ,1400.0,不,90.8,1.2,1-1-1-1,40.6,474.0,-10.0,クレイヴィンオナー,
2022100618,ハッピービバーク,2026/06/13,高知,晴,6.0,C2ー5,11,5.0,5,2.5,1.0,10,宮川実,55.0,ダ,1600.0,稍,111.4,2.1,4-5-5-5,43.7,484.0,9.0,ウィンザーバローズ,
2022100618,ハッピービバーク,2026/05/17,高知,晴,4.0,C2ー5,11,7.0,9,1.9,1.0,6,宮川実,55.0,ダ,1300.0,良,87.0,0.7,3-3-1-2,41.2,475.0,-2.0,タルトポワール,
2022100618,ハッピービバーク,2026/05/03,高知,雨,3.0,C2ー6,10,8.0,11,1.8,1.0,3,宮川実,55.0,ダ,1400.0,不,90.4,0.2,3-3-4-4,38.1,477.0,9.0,プリンセスダイヤ,24.0
2022100618,ハッピービバーク,2026/04/19,高知,曇,2.0,C2ー9,9,7.0,7,1.7,1.0,2,宮川実,55.0,ダ,1600.0,重,106.5,0.6,1-1-1-1,41.3,468.0,8.0,ジーティーハッピー,32.0
2022100618,ハッピービバーク,2026/04/05,高知,晴,6.0,C3ー2,11,1.0,1,15.7,5.0,1,宮川実,55.0,ダ,1300.0,不,82.7,-0.2,2-2-2-2,38.7,460.0,4.0,(ダニエルバローズ),60.0
2022100618,ハッピービバーク,2026/03/23,高知,晴,5.0,C3ー4,8,3.0,3,1.7,1.0,2,吉原寛人,55.0,ダ,1600.0,重,106.4,0.0,1-1-1-1,41.4,456.0,-1.0,クラウンセヘル,24.0
2022100618,ハッピービバーク,2026/03/17,高知,晴,3.0,ハルリンドウ特別(C3),6,1.0,1,,,取,井上瑛太,55.0,ダ,1400.0,良,,,,,,,ビーム,
2022100618,ハッピービバーク,2026/03/02,高知,雨,2.0,C3ー4,7,6.0,6,2.0,2.0,2,井上瑛太,55.0,ダ,1400.0,不,91.2,0.0,1-1-1-1,39.3,457.0,-1.0,フリューゲルホルン,24.0
2022100618,ハッピービバーク,2026/02/08,1小倉6,曇,7.0,4歳以上1勝クラス,15,2.0,2,124.3,12.0,14,舟山瑠泉,52.0,ダ,1700.0,良,110.6,3.7,1-1-1-1,41.8,458.0,-4.0,ミラクルキャッツ,
2022100618,ハッピービバーク,2026/01/25,1小倉2,晴,3.0,4歳以上1勝クラス,14,5.0,8,23.6,8.0,14,小林美駒,53.0,ダ,1000.0,良,62.5,3.6,11-13,38.3,462.0,-2.0,ララアヴリル,
2022100618,ハッピービバーク,2025/11/15,5東京3,晴,7.0,3歳以上1勝クラス,16,4.0,7,134.5,11.0,16,岩田康誠,55.0,ダ,1400.0,良,89.3,4.6,3-5,40.5,464.0,-2.0,エリカマユーリ,
2022100618,ハッピービバーク,2025/11/01,4東京10,曇,6.0,3歳以上1勝クラス,15,8.0,15,102.9,12.0,11,横山和生,55.0,ダ,1400.0,重,85.6,2.7,13-14,37.6,466.0,8.0,セギレエルビエント,
2022100618,ハッピービバーク,2025/06/08,3東京2,晴,7.0,3歳以上1勝クラス,16,8.0,15,84.5,12.0,14,横山武史,53.0,ダ,1400.0,良,86.6,2.9,4-5,38.9,458.0,14.0,ルークススペイ,
2022100618,ハッピービバーク,2025/03/23,2中山8,晴,8.0,3歳1勝クラス,15,6.0,10,56.9,10.0,8,田辺裕信,55.0,ダ,1200.0,良,72.5,1.3,13-12,37.3,444.0,-6.0,アスタールフナ,
2022100618,ハッピービバーク,2024/12/21,5中山7,晴,7.0,2歳1勝クラス,16,7.0,14,4.0,3.0,12,横山和生,55.0,ダ,1200.0,良,74.2,2.9,2-3,39.4,450.0,12.0,カネショウレジェン,
2022100618,ハッピービバーク,2024/09/28,4中山8,曇,6.0,2歳新馬,16,4.0,7,8.3,4.0,1,横山和生,55.0,ダ,1200.0,良,72.2,-0.5,3-2,37.5,438.0,0.0,(ベルエアキング),720.0
2022102236,クリノバーグマン,2026/06/14,高知,小雨,4.0,C2ー7,10,7.0,7,6.7,3.0,2,岡遼太郎,57.0,ダ,1600.0,稍,108.0,0.1,8-6-3-4,41.0,507.0,-6.0,ロイヤルダンス,32.0
2022102236,クリノバーグマン,2026/05/31,高知,晴,1.0,C2ー7,11,4.0,4,15.3,5.0,5,岡遼太郎,57.0,ダ,1400.0,稍,92.7,1.5,11-10-10-10,39.6,513.0,6.0,メイショウハマギク,8.0
2022102236,クリノバーグマン,2026/05/03,高知,雨,6.0,カーネーション特別(C3),7,8.0,8,3.3,3.0,4,岡遼太郎,57.0,ダ,1600.0,不,105.0,1.9,4-4-3-4,40.3,507.0,-4.0,サノノアメリカン,24.0
2022102236,クリノバーグマン,2026/04/19,高知,曇,6.0,C3ー3,8,3.0,3,3.7,2.0,2,岡遼太郎,57.0,ダ,1400.0,重,90.9,0.2,1-1-1-1,40.1,511.0,-2.0,ノースザワールド,24.0
2022102236,クリノバーグマン,2026/03/24,高知,晴,10.0,ソメイヨシノ特別(C3),9,1.0,1,8.1,4.0,5,岡遼太郎,57.0,ダ,1600.0,稍,107.9,1.1,4-4-3-5,41.3,513.0,-3.0,プリンセスダイヤ,11.0
2022102236,クリノバーグマン,2026/03/11,高知,晴,6.0,C3ー5,10,5.0,5,14.1,6.0,1,岡遼太郎,57.0,ダ,1600.0,稍,107.7,0.0,5-5-5-4,40.0,516.0,-6.0,(ペタルビジュー),60.0
2022102236,クリノバーグマン,2026/02/18,高知,晴,5.0,C3ー5,10,3.0,3,11.8,4.0,2,岡遼太郎,57.0,ダ,1600.0,稍,108.8,0.8,4-4-5-4,39.8,522.0,9.0,ビーム,24.0
2022102236,クリノバーグマン,2026/01/20,高知,晴,1.0,C3ー6,9,3.0,3,48.4,7.0,7,赤岡修次,57.0,ダ,1300.0,良,87.7,2.1,4-5-4-8,41.4,513.0,7.0,テーオーシリウス,
2022102236,クリノバーグマン,2026/01/01,高知,晴,8.0,C3ー9,7,4.0,4,3.9,2.0,3,岡遼太郎,57.0,ダ,1600.0,良,108.6,0.3,2-2-2-2,40.2,506.0,-5.0,クラウンセヘル,15.0
2022102236,クリノバーグマン,2025/12/20,高知,曇,6.0,C3ー10,9,2.0,2,4.0,3.0,2,岡遼太郎,57.0,ダ,1400.0,稍,94.2,0.1,6-5-5-3,41.0,511.0,9.0,コールイングミー,24.0
2022102236,クリノバーグマン,2025/11/23,高知,晴,3.0,宗田節特別(C3),9,3.0,3,7.0,3.0,3,岡遼太郎,57.0,ダ,1600.0,良,110.0,1.7,6-6-6-4,40.5,502.0,4.0,バックスクリーン,15.0
2022102236,クリノバーグマン,2025/11/08,高知,晴,2.0,C3ー12,10,7.0,7,3.7,1.0,4,岡遼太郎,57.0,ダ,1600.0,稍,109.8,0.9,8-7-7-6,39.7,498.0,-4.0,エイブリー,9.0
2022102236,クリノバーグマン,2025/10/25,高知,曇,5.0,C3ー10,12,4.0,4,5.1,3.0,3,岡遼太郎,57.0,ダ,1300.0,不,84.8,1.4,5-5-4-3,39.6,502.0,2.0,トウカイクレオス,15.0
2022102236,クリノバーグマン,2025/09/13,4阪神3,曇,4.0,3歳未勝利,16,5.0,9,28.7,8.0,9,川須栄彦,57.0,ダ,1800.0,良,115.0,0.7,6-6-4-4,40.2,500.0,0.0,バルミラクル,
2022102236,クリノバーグマン,2025/09/06,4阪神1,晴,3.0,3歳未勝利,16,6.0,12,16.5,7.0,4,川須栄彦,57.0,ダ,1800.0,重,115.2,0.9,5-3-4-2,39.9,500.0,-4.0,モズプリヴェール,84.0
2022102236,クリノバーグマン,2025/08/24,4中京2,晴,2.0,3歳未勝利,16,6.0,11,35.6,9.0,9,菱田裕二,57.0,ダ,1900.0,良,122.7,1.4,12-12-16-15,39.0,504.0,-4.0,ドウジャスティ,
2022102236,クリノバーグマン,2025/08/03,3中京4,晴,4.0,3歳未勝利,16,3.0,6,6.6,4.0,9,田口貫太,57.0,ダ,1900.0,良,124.9,1.7,4-4-5-7,38.7,508.0,8.0,ヴァリオーサ,
2022102236,クリノバーグマン,2025/06/08,3阪神2,晴,4.0,3歳未勝利,15,5.0,9,8.3,4.0,8,幸英明,57.0,ダ,1800.0,良,117.0,1.6,2-2-4-5,41.4,500.0,8.0,ゼンエスポワール,
2022102236,クリノバーグマン,2024/11/03,6京都2,晴,2.0,2歳未勝利,14,4.0,6,4.1,2.0,5,幸英明,56.0,ダ,1800.0,重,119.4,2.1,8-7-4-3,42.7,492.0,0.0,バレンシア,55.0
2022102236,クリノバーグマン,2024/10/12,5京都3,晴,4.0,2歳新馬,16,5.0,9,16.8,6.0,3,幸英明,56.0,ダ,1800.0,良,115.3,0.3,1-1-1-1,39.9,492.0,0.0,ドンインザムード,180.0
2021107223,プリマフェーヴル,2026/07/12,高知,曇,2.0,C2ー5,11,6.0,7,92.0,8.0,3,城野慈尚,54.0,ダ,1300.0,稍,85.7,1.4,4-3-3-3,39.9,415.0,-2.0,ニットウライジン,24.0
2021107223,プリマフェーヴル,2026/06/27,高知,雨,11.0,ファイナルレース(C2),12,5.0,6,78.6,12.0,11,城野慈尚,54.0,ダ,1400.0,不,93.4,2.7,8-7-8-10,41.8,417.0,4.0,ショットメーカー,
2021107223,プリマフェーヴル,2026/06/14,高知,小雨,5.0,日曜市特別(C2),11,4.0,4,136.8,8.0,10,佐原秀泰,55.0,ダ,1600.0,重,113.0,5.5,3-2-4-9,45.9,413.0,5.0,プレジール,
2021107223,プリマフェーヴル,2026/05/31,高知,晴,2.0,C2ー6,11,2.0,2,28.7,7.0,9,城野慈尚,54.0,ダ,1400.0,稍,94.4,2.4,7-7-6-7,41.6,408.0,1.0,ココリハクタク,
2021107223,プリマフェーヴル,2026/05/17,高知,晴,2.0,C2ー7,12,8.0,11,107.4,9.0,3,城野慈尚,54.0,ダ,1300.0,良,86.4,0.1,6-6-6-2,40.3,407.0,6.0,ノイヤー,24.0
2021107223,プリマフェーヴル,2026/05/02,高知,晴,11.0,ファイナルレース(C2),12,6.0,8,26.1,10.0,9,城野慈尚,54.0,ダ,1400.0,重,93.4,1.2,6-5-5-5,42.0,401.0,3.0,パレスパートナー,
2021107223,プリマフェーヴル,2026/04/19,高知,曇,2.0,C2ー9,9,2.0,2,57.1,6.0,8,城野慈尚,54.0,ダ,1600.0,重,108.1,2.2,6-6-6-6,41.3,398.0,0.0,ジーティーハッピー,
2021107223,プリマフェーヴル,2026/04/05,高知,晴,1.0,C2ー8,11,8.0,11,87.2,10.0,11,城野慈尚,54.0,ダ,1400.0,不,93.4,3.4,5-5-8-8,41.2,398.0,6.0,リワードインペリオ,
2021107223,プリマフェーヴル,2026/03/22,高知,雨,3.0,C2ー5,9,2.0,2,72.1,6.0,9,城野慈尚,54.0,ダ,1400.0,稍,96.5,3.1,7-7-7-7,41.2,392.0,-27.0,コスモルーテウス,
2021107223,プリマフェーヴル,2025/09/21,高知,晴,4.0,C2ー7,9,4.0,4,12.5,6.0,9,多田羅誠,55.0,ダ,1300.0,稍,87.8,1.7,7-7-7-7,40.2,419.0,11.0,レゴリス,
2021107223,プリマフェーヴル,2025/09/06,高知,晴,6.0,C2ー7,9,5.0,5,22.6,7.0,5,妹尾浩一,55.0,ダ,1400.0,重,92.7,1.0,4-4-4-3,40.3,408.0,-6.0,ユキノマリア,7.0
2021107223,プリマフェーヴル,2025/07/27,高知,晴,12.0,ファイナルレース(C3),12,3.0,3,9.9,8.0,1,多田羅誠,55.0,ダ,1300.0,稍,84.0,-0.6,4-4-4-2,40.1,414.0,-1.0,(キープインマインド),60.0
2021107223,プリマフェーヴル,2025/07/12,高知,晴,2.0,C3ー3,11,3.0,3,24.0,6.0,10,井上瑛太,55.0,ダ,1400.0,重,94.9,3.6,5-5-7-9,42.9,415.0,2.0,シシノハート,
2021107223,プリマフェーヴル,2025/06/28,高知,晴,5.0,C3ー4,10,7.0,7,26.0,7.0,5,井上瑛太,55.0,ダ,1600.0,重,108.1,1.4,2-2-3-3,42.0,413.0,-3.0,アウゲンブリック,6.0
2021107223,プリマフェーヴル,2025/06/15,高知,晴,7.0,C3ー4,12,8.0,12,48.0,6.0,6,井上瑛太,55.0,ダ,1300.0,不,84.2,1.7,3-3-3-4,40.5,416.0,4.0,リケアシラヌイ,
2021107223,プリマフェーヴル,2025/06/01,高知,晴,11.0,ハナショウブ特別(C3),8,7.0,7,113.8,8.0,7,多田羅誠,55.0,ダ,1400.0,稍,92.8,3.5,6-8-8-8,40.4,412.0,1.0,ヴァリアント,
2021107223,プリマフェーヴル,2025/05/17,高知,曇,12.0,ファイナルレース(C3),12,5.0,5,12.5,6.0,1,井上瑛太,55.0,ダ,1400.0,不,90.3,-0.3,4-5-5-3,39.3,411.0,-5.0,(チキチキチータ),60.0
2021107223,プリマフェーヴル,2025/05/03,高知,晴,1.0,C3ー8,11,4.0,4,79.5,10.0,7,城野慈尚,53.0,ダ,1300.0,不,87.3,1.9,10-8-8-8,41.6,416.0,-2.0,オセアトップガン,
2021107223,プリマフェーヴル,2025/04/19,高知,晴,1.0,C3ー9,10,1.0,1,16.9,5.0,10,城野慈尚,53.0,ダ,1400.0,稍,96.7,3.8,6-5-6-8,44.3,418.0,1.0,ピクチャーカード,
2021107223,プリマフェーヴル,2025/04/05,高知,曇,2.0,豊ノ島さんご来場特別(C3),12,5.0,6,7.3,5.0,10,多田羅誠,55.0,ダ,1300.0,稍,89.9,3.8,1-1-1-3,44.6,417.0,4.0,キングダムウイナー,
2021107223,プリマフェーヴル,2025/03/26,高知,晴,12.0,ファイナルレース(C3),12,8.0,11,6.3,3.0,4,多田羅誠,54.0,ダ,1400.0,良,94.6,0.5,3-3-3-3,41.8,413.0,6.0,オセアハートマン,9.0
2021107223,プリマフェーヴル,2025/03/11,高知,曇,9.0,ファイナルレース(C3),12,5.0,5,8.7,5.0,5,城野慈尚,52.0,ダ,1400.0,重,92.5,0.3,6-5-4-4,40.3,407.0,0.0,クラシカルタイプ,6.0
2021107223,プリマフェーヴル,2025/03/04,高知,雨,1.0,下村亮太退職記念特別(C3),9,1.0,1,60.8,8.0,9,城野慈尚,52.0,ダ,1400.0,不,93.2,4.5,3-2-4-8,42.6,407.0,-1.0,ミソタロ,
2021107223,プリマフェーヴル,2025/02/18,高知,晴,9.0,ファイナルレース(C3),12,2.0,2,11.1,7.0,2,城野慈尚,52.0,ダ,1400.0,稍,94.5,0.1,3-3-4-3,42.1,408.0,0.0,ライヴァル,21.0
2021107223,プリマフェーヴル,2025/02/04,高知,晴,1.0,アマゴ特別(C3),10,3.0,3,9.3,4.0,10,城野慈尚,52.0,ダ,1400.0,重,97.0,2.3,3-3-4-5,44.3,408.0,1.0,レースノワエ,
2021107223,プリマフェーヴル,2025/01/28,高知,晴,4.0,C3ー6,11,4.0,4,7.5,4.0,3,城野慈尚,52.0,ダ,1300.0,稍,87.8,1.0,8-8-9-5,42.0,407.0,0.0,クラックオブドーン,12.0
2021107223,プリマフェーヴル,2025/01/22,高知,晴,4.0,C3ー8,12,2.0,2,3.3,2.0,4,城野慈尚,51.0,ダ,1400.0,良,95.2,0.4,6-5-5-2,41.6,407.0,1.0,メイクアストーリー,9.0
2021107223,プリマフェーヴル,2025/01/13,高知,晴,2.0,まりあ周年記念特別(C3),10,8.0,10,,,取,城野慈尚,51.0,ダ,1400.0,稍,,,,,,,ゴールドイーグル,
2021107223,プリマフェーヴル,2025/01/08,高知,晴,5.0,中尾伊吹生誕記念特別(C3),10,3.0,3,3.7,2.0,2,城野慈尚,51.0,ダ,1300.0,稍,87.3,0.1,9-8-7-4,40.5,406.0,3.0,エリーステラ,21.0
2021107223,プリマフェーヴル,2024/12/22,高知,晴,8.0,C3ー14,11,6.0,7,22.6,6.0,6,城野慈尚,51.0,ダ,1300.0,良,86.2,1.1,7-8-8-9,41.3,403.0,0.0,アルドーレ,
2021107223,プリマフェーヴル,2024/12/08,高知,晴,5.0,C3ー18,7,1.0,1,9.6,5.0,1,城野慈尚,51.0,ダ,1400.0,良,93.8,-0.3,3-3-3-1,41.3,403.0,2.0,(キタノヒコボシ),60.0
2021107223,プリマフェーヴル,2024/11/24,高知,晴,12.0,ファイナルレース(C3),12,8.0,12,4.4,1.0,2,城野慈尚,51.0,ダ,1300.0,良,87.1,0.3,2-2-2-2,41.2,401.0,-4.0,トーアナタリー,16.5
2021107223,プリマフェーヴル,2024/11/10,高知,曇,3.0,社交飲食全国大会特別(C3),9,4.0,4,3.4,2.0,3,城野慈尚,51.0,ダ,1400.0,稍,93.5,2.0,1-1-2-2,42.7,405.0,0.0,ウキヨノユメ,12.0
2021107223,プリマフェーヴル,2024/10/26,高知,雨,11.0,ファイナルレース(C3),12,8.0,11,5.7,2.0,3,城野慈尚,51.0,ダ,1300.0,不,84.8,0.3,3-2-2-2,40.9,405.0,-4.0,リュウノアラス,12.0
2021107223,プリマフェーヴル,2024/10/14,高知,晴,11.0,ファイナルレース(C3),12,6.0,8,5.6,2.0,5,城野慈尚,51.0,ダ,1400.0,稍,94.9,0.6,5-5-5-6,42.7,409.0,1.0,ブルックリン,6.0
2021107223,プリマフェーヴル,2024/09/29,高知,曇,12.0,ファイナルレース(3歳),12,7.0,10,13.6,7.0,10,城野慈尚,51.0,ダ,1400.0,良,95.3,2.1,4-6-6-7,43.4,408.0,1.0,マンタロウ,
2021107223,プリマフェーヴル,2024/09/16,高知,曇,8.0,3歳ー7,12,3.0,3,6.7,3.0,5,城野慈尚,51.0,ダ,1400.0,不,93.0,0.6,1-1-1-2,41.9,407.0,0.0,ミッキーイーグル,6.0
2021107223,プリマフェーヴル,2024/08/04,高知,晴,4.0,3歳ー6,12,1.0,1,4.2,3.0,6,多田羅誠,54.0,ダ,1300.0,良,88.1,1.6,7-7-7-6,41.5,407.0,8.0,ラインレインボー,
2021107223,プリマフェーヴル,2024/07/21,高知,晴,4.0,3歳ー8,9,3.0,3,4.9,2.0,3,多田羅誠,54.0,ダ,1600.0,稍,108.9,1.6,1-1-1-2,42.8,399.0,5.0,ブルースター,12.0
2021107223,プリマフェーヴル,2024/05/18,1新潟7,晴,5.0,3歳未勝利,16,2.0,4,105.1,16.0,13,大江原比,51.0,芝,2000.0,良,126.2,1.7,2-2-2-2,39.5,394.0,-2.0,ノリピー,
2021107223,プリマフェーヴル,2024/05/04,1新潟3,晴,5.0,3歳未勝利,16,5.0,10,395.4,16.0,7,大江原比,51.0,芝,1800.0,良,109.6,1.3,8-5,36.6,396.0,0.0,ザブライド,
2021107223,プリマフェーヴル,2024/01/20,1中山6,曇,6.0,3歳未勝利,17,6.0,11,337.6,12.0,13,嶋田純次,55.0,芝,2000.0,良,122.4,1.7,6-7-7-11,36.8,396.0,2.0,ディマイザキッド,
2021107223,プリマフェーヴル,2023/12/24,5中山8,曇,3.0,2歳未勝利,16,4.0,8,605.6,15.0,12,秋山稔樹,54.0,芝,1200.0,良,70.2,1.2,16-16,34.3,394.0,4.0,キングズブレス,
2021107223,プリマフェーヴル,2023/07/01,2福島1,曇,5.0,2歳新馬,13,7.0,10,107.3,12.0,13,水沼元輝,52.0,芝,1200.0,稍,72.9,1.6,3-5,37.2,390.0,0.0,シリウスコルト,
2022102974,スリーローズ,2026/06/28,高知,曇,2.0,C2ー7,10,7.0,7,2.7,2.0,1,山田義貴,55.0,ダ,1400.0,不,90.6,-0.1,4-4-1-1,40.5,485.0,-2.0,(ホークレア),80.0
2022102974,スリーローズ,2026/06/14,高知,曇,3.0,C2ー8,9,8.0,8,2.7,2.0,3,山田義貴,55.0,ダ,1600.0,稍,108.7,0.8,7-7-4-3,41.3,487.0,6.0,ウインリベラーレ,24.0
2022102974,スリーローズ,2026/05/31,高知,晴,1.0,C2ー7,11,3.0,3,5.7,3.0,7,山田義貴,55.0,ダ,1400.0,稍,92.8,1.6,7-7-7-4,40.2,481.0,-2.0,メイショウハマギク,
2022102974,スリーローズ,2026/03/17,高知,晴,3.0,ハルリンドウ特別(C3),6,7.0,7,4.6,3.0,2,多田羅誠,55.0,ダ,1400.0,良,93.0,0.0,1-1-1-1,40.4,483.0,-6.0,ビーム,44.0
2022102974,スリーローズ,2026/03/02,高知,雨,1.0,C3ー5,7,5.0,5,1.2,1.0,1,井上瑛太,55.0,ダ,1300.0,不,83.4,-0.5,1-1-1-1,37.5,489.0,0.0,(セリオヴェローチェ),60.0
2022102974,スリーローズ,2026/02/11,高知,曇,3.0,C3ー8,12,8.0,12,1.7,1.0,1,多田羅誠,55.0,ダ,1300.0,重,83.7,-1.6,1-1-1-1,38.4,489.0,1.0,(キモンニコラス),60.0
2022102974,スリーローズ,2026/01/13,高知,晴,3.0,C3ー14,9,2.0,2,2.0,2.0,1,岩橋勇二,55.0,ダ,1400.0,良,92.5,0.0,1-1-1-1,40.1,488.0,-6.0,(スタークルージング),60.0
2022102974,スリーローズ,2025/12/07,高知,晴,3.0,C3ー16,11,2.0,2,3.5,2.0,2,井上瑛太,55.0,ダ,1300.0,良,86.0,1.1,3-3-3-2,39.4,494.0,4.0,テーオーシリウス,24.0
2022102974,スリーローズ,2025/11/09,高知,晴,3.0,C3ー17,12,7.0,9,3.1,2.0,2,井上瑛太,55.0,ダ,1400.0,不,89.6,0.6,4-3-3-2,39.1,490.0,2.0,アンダーザブリッジ,24.0
2022102974,スリーローズ,2025/10/12,高知,曇,7.0,C3ー18,10,7.0,8,4.8,3.0,5,井上瑛太,55.0,ダ,1600.0,稍,108.4,0.7,8-7-4-4,40.5,488.0,6.0,リバティフレイム,6.0
2022102974,スリーローズ,2025/08/30,4中京3,晴,4.0,3歳未勝利,15,1.0,1,50.8,10.0,8,和田翼,55.0,ダ,1800.0,良,116.0,2.9,13-11-13-11,39.4,482.0,-2.0,ハッピーダンチャン,
2022102974,スリーローズ,2025/08/17,3中京8,晴,5.0,3歳未勝利,16,4.0,8,21.0,7.0,9,川端海翼,52.0,ダ,1800.0,良,115.3,1.5,16-15-15-14,39.0,484.0,0.0,アイブリンク,
2022102974,スリーローズ,2025/07/26,2新潟1,晴,4.0,3歳未勝利,15,3.0,4,90.0,13.0,4,川端海翼,52.0,ダ,1800.0,良,114.3,0.5,11-12-11-11,37.9,484.0,4.0,フォンデネージュ,84.0
2022102974,スリーローズ,2025/07/13,2小倉6,曇,2.0,3歳未勝利,18,7.0,13,69.1,13.0,16,永島まな,53.0,芝,1200.0,良,70.6,1.8,16-17,35.6,480.0,-6.0,ノボリリア,
2022102974,スリーローズ,2025/06/14,3阪神3,曇,1.0,3歳未勝利,16,4.0,7,82.1,9.0,6,田口貫太,55.0,ダ,1800.0,稍,117.3,1.5,14-14-12-12,39.7,486.0,-6.0,フクキタテーラー,
2022102974,スリーローズ,2025/05/25,2京都10,曇,1.0,3歳未勝利,16,7.0,14,79.7,10.0,14,田口貫太,55.0,ダ,1400.0,不,85.4,2.0,16-16,36.4,492.0,0.0,テーオーライマン,
2022105860,テソリーノ,2026/07/12,高知,曇,2.0,C2ー5,11,6.0,8,,,取,阿部基嗣,55.0,ダ,1300.0,稍,,,,,,,ニットウライジン,
2022105860,テソリーノ,2026/06/28,高知,曇,3.0,C2ー6,8,4.0,4,2.3,1.0,3,阿部基嗣,55.0,ダ,1400.0,不,91.5,0.2,8-6-6-4,38.6,553.0,-6.0,タイガーワゴン,24.0
2022105860,テソリーノ,2026/06/14,高知,曇,2.0,C3ー2,11,5.0,5,11.1,4.0,1,阿部基嗣,55.0,ダ,1400.0,稍,93.2,0.0,8-9-9-8,40.1,559.0,9.0,(ベルヴィオレット),60.0
2022105860,テソリーノ,2026/05/31,高知,晴,5.0,ヤマボウシ特別(C3),9,7.0,7,79.9,6.0,6,阿部基嗣,55.0,ダ,1300.0,稍,85.2,1.7,9-9-9-9,38.9,550.0,-9.0,プレジール,
2022105860,テソリーノ,2026/05/16,高知,晴,1.0,C3ー6,9,1.0,1,2.5,1.0,1,阿部基嗣,55.0,ダ,1400.0,良,95.0,-0.2,7-7-7-3,40.3,559.0,7.0,(レアルシチー),60.0
2022105860,テソリーノ,2026/05/09,高知,晴,7.0,C3ー8,11,8.0,10,14.2,6.0,3,阿部基嗣,55.0,ダ,1300.0,稍,85.9,0.8,7-9-9-8,38.9,552.0,1.0,グランツアーテム,18.0
2022105860,テソリーノ,2026/04/25,高知,晴,7.0,C3ー9,10,4.0,4,22.4,5.0,4,阿部基嗣,55.0,ダ,1400.0,不,91.8,0.6,7-7-7-5,38.8,551.0,10.0,ティアップマッハ,12.0
2022105860,テソリーノ,2026/04/11,高知,晴,11.0,ファイナルレース(C3),12,2.0,2,8.7,4.0,6,阿部基嗣,55.0,ダ,1300.0,不,84.8,0.9,10-12-10-8,38.6,541.0,-7.0,カプセル,
2022105860,テソリーノ,2026/03/17,高知,晴,8.0,ファイナルレース(C3),12,8.0,12,1.9,1.0,1,佐原秀泰,57.0,ダ,1400.0,良,93.3,-1.7,5-5-2-1,40.0,548.0,-2.0,(メルヘンライズ),60.0
2022105860,テソリーノ,2026/03/03,高知,曇,2.0,C3ー8,9,7.0,7,37.9,5.0,4,阿部基嗣,55.0,ダ,1300.0,不,83.9,2.4,8-7-6-5,37.3,550.0,7.0,デバッグ,9.0
2022105860,テソリーノ,2026/02/17,高知,晴,9.0,ファイナルレース(C3),11,2.0,2,4.4,2.0,4,阿部基嗣,55.0,ダ,1600.0,稍,110.0,0.1,10-10-10-8,40.2,543.0,-4.0,エースオーディン,9.0
2022105860,テソリーノ,2026/02/02,高知,晴,9.0,ファイナルレース(C3),12,3.0,3,6.0,3.0,5,阿部基嗣,55.0,ダ,1400.0,良,93.2,0.8,11-11-11-9,39.3,547.0,-2.0,リライトヒストリー,6.0
2022105860,テソリーノ,2025/12/21,高知,曇,5.0,C3ー14,10,5.0,5,7.9,5.0,5,佐原秀泰,57.0,ダ,1400.0,重,92.2,0.8,8-8-8-5,39.2,549.0,-3.0,ディープカインズ,6.0
2022105860,テソリーノ,2025/12/07,高知,晴,4.0,C3ー15,11,7.0,8,10.3,5.0,3,佐原秀泰,57.0,ダ,1300.0,良,86.8,0.4,6-6-5-6,39.7,552.0,0.0,コールイングミー,15.0
2022105860,テソリーノ,2025/11/23,高知,晴,11.0,ファイナルレース(C3),11,6.0,7,3.0,1.0,8,佐原秀泰,57.0,ダ,1600.0,良,110.7,1.7,5-4-3-3,42.2,552.0,-9.0,アツィオーネ,
2022105860,テソリーノ,2025/11/09,高知,晴,9.0,C3ー14,10,6.0,6,26.4,7.0,5,佐原秀泰,57.0,ダ,1400.0,不,90.3,1.7,8-8-8-5,38.6,561.0,1.0,カルリーノ,6.0
2022105860,テソリーノ,2025/10/26,高知,晴,8.0,C3ー14,11,5.0,5,11.5,2.0,5,佐原秀泰,57.0,ダ,1300.0,不,85.4,3.3,6-6-6-4,39.8,560.0,-6.0,マジックローズ,6.0
2022105860,テソリーノ,2025/10/12,高知,曇,10.0,C3ー15,10,3.0,3,2.5,1.0,5,佐原秀泰,57.0,ダ,1600.0,稍,108.2,1.1,6-6-5-5,41.2,566.0,8.0,ノアプレスリー,6.0
2022105860,テソリーノ,2025/09/13,4中山3,晴,7.0,3歳未勝利,16,2.0,3,104.8,14.0,8,原優介,57.0,ダ,1800.0,不,114.5,0.7,9-8-8-9,39.2,558.0,-21.0,アルデラックス,
2022105860,テソリーノ,2025/07/30,船橋,晴,8.0,ナティビット特別(3歳C1),11,7.0,9,8.9,5.0,3,原優介,56.0,ダ,1600.0,良,104.6,1.4,9-8-6-6,40.7,579.0,7.0,ブルーパッション,62.5
2022105860,テソリーノ,2025/06/08,3東京2,曇,2.0,3歳未勝利,16,6.0,12,12.5,5.0,11,ディー,57.0,ダ,2100.0,良,136.7,4.1,10-11-12-13,41.6,572.0,2.0,トライゴーニック,
2022105860,テソリーノ,2025/05/18,2東京8,晴,3.0,3歳未勝利,14,8.0,13,14.2,6.0,4,ディー,57.0,ダ,2100.0,重,132.0,1.0,9-10-1-2,37.0,570.0,0.0,ユイノレクター,84.0
2022105860,テソリーノ,2025/04/27,2東京2,晴,2.0,3歳未勝利,16,2.0,4,15.0,5.0,6,ディー,57.0,ダ,1600.0,稍,99.2,1.0,7-8,38.3,570.0,6.0,ファンタイムギフト,
2022105860,テソリーノ,2025/02/22,1東京7,晴,4.0,3歳新馬,16,3.0,5,6.1,2.0,12,戸崎圭太,57.0,ダ,1600.0,良,102.6,2.1,10-11,38.3,564.0,0.0,レッドエウロス,
2022105682,クエンカ,2026/07/12,高知,曇,1.0,C2ー6,10,7.0,8,20.2,3.0,3,山崎雅由,57.0,ダ,1300.0,稍,83.9,0.7,2-2-2-2,39.3,494.0,-8.0,ライゾマティクス,24.0
2022105682,クエンカ,2026/06/28,高知,曇,11.0,ファイナルレース(C3),12,5.0,6,3.5,1.0,1,山崎雅由,57.0,ダ,1300.0,不,84.2,-0.3,2-2-1-1,40.3,502.0,-3.0,(サイモングリット),60.0
2022105682,クエンカ,2026/06/13,高知,晴,11.0,ファイナルレース(C3),12,2.0,2,8.0,5.0,6,山田義貴,57.0,ダ,1400.0,稍,94.4,1.4,5-5-6-8,41.9,505.0,4.0,ヤマノインパクト,
2022105682,クエンカ,2026/05/31,高知,晴,11.0,ファイナルレース(C3),11,5.0,5,7.9,6.0,2,城野慈尚,56.0,ダ,1300.0,稍,85.6,0.3,1-2-1-3,40.2,501.0,12.0,ドンクロノス,24.0
2022105682,クエンカ,2026/05/02,高知,晴,3.0,C3ー4,9,5.0,5,68.4,7.0,6,山崎雅由,57.0,ダ,1600.0,重,108.6,4.2,3-3-4-5,42.0,489.0,3.0,ララマルシュドロワ,
2022105682,クエンカ,2026/04/19,高知,曇,5.0,C3ー4,8,1.0,1,15.2,5.0,4,大澤誠志,57.0,ダ,1400.0,重,92.7,1.3,5-5-5-4,40.6,486.0,6.0,サノノアメリカン,12.0
2022105682,クエンカ,2026/04/05,高知,晴,5.0,C3ー3,10,1.0,1,68.6,8.0,6,佐原秀泰,57.0,ダ,1300.0,不,84.1,1.7,3-4-5-6,39.0,480.0,-3.0,デバッグ,
2022105682,クエンカ,2026/03/23,高知,晴,5.0,C3ー4,8,8.0,8,8.4,4.0,7,林謙佑,57.0,ダ,1600.0,重,109.4,3.0,4-4-4-6,43.6,483.0,-1.0,クラウンセヘル,
2022105682,クエンカ,2026/03/10,高知,晴,3.0,C3ー4,11,8.0,12,11.7,4.0,4,岡遼太郎,57.0,ダ,1300.0,稍,86.7,1.4,2-2-2-2,40.6,484.0,4.0,ダニエルバローズ,9.0
2022105682,クエンカ,2026/02/23,高知,晴,4.0,C3ー4,9,8.0,8,3.0,2.0,2,山崎雅由,57.0,ダ,1300.0,良,86.7,0.1,1-1-1-1,39.7,480.0,2.0,ディープカインズ,24.0
2022105682,クエンカ,2026/02/10,高知,曇,4.0,C3ー4,10,2.0,2,11.0,5.0,7,林謙佑,57.0,ダ,1300.0,良,87.6,1.9,2-2-2-5,41.6,478.0,-3.0,ブラックサウザー,
2022105682,クエンカ,2026/01/12,高知,晴,10.0,ハボタン特別(C3),8,1.0,1,,,取,山崎雅由,57.0,ダ,1600.0,良,,,,,,,スピードイエロー,
2022105682,クエンカ,2025/12/31,高知,晴,3.0,C3ー6,10,3.0,3,3.9,2.0,2,山崎雅由,57.0,ダ,1300.0,良,87.5,1.0,3-4-4-3,40.8,481.0,-7.0,カルリーノ,24.0
2022105682,クエンカ,2025/12/20,高知,曇,9.0,C3ー7,11,3.0,3,7.5,4.0,7,山崎雅由,57.0,ダ,1400.0,稍,95.1,2.9,4-5-6-5,41.9,488.0,2.0,スピードイエロー,
2022105682,クエンカ,2025/12/06,高知,晴,7.0,C3ー8,11,6.0,7,16.1,3.0,3,山崎雅由,57.0,ダ,1300.0,良,86.1,0.2,1-1-1-1,40.4,486.0,-2.0,モーニングヘイズ,15.0
2022105682,クエンカ,2025/10/25,高知,曇,1.0,C3ー13,11,5.0,5,7.7,2.0,5,山崎雅由,57.0,ダ,1600.0,不,109.1,1.0,4-4-4-4,38.9,488.0,1.0,エイブリー,6.0
2022105682,クエンカ,2025/10/11,高知,曇,4.0,C3ー11,10,2.0,2,2.2,1.0,1,山崎雅由,57.0,ダ,1600.0,稍,109.3,0.0,2-2-2-2,39.6,487.0,-2.0,(エイブリー),60.0
2022105682,クエンカ,2025/09/27,高知,曇,4.0,3歳ー1,12,7.0,10,13.6,6.0,1,山崎雅由,57.0,ダ,1300.0,不,85.2,-0.3,3-3-2-1,39.3,489.0,1.0,(ケーニッヒブルート),60.0
2022105682,クエンカ,2025/09/14,高知,晴,9.0,3歳ー2,12,1.0,1,13.1,6.0,3,山崎雅由,57.0,ダ,1400.0,重,93.1,1.0,5-7-6-5,39.6,488.0,11.0,コパノジェームス,15.0
2022105682,クエンカ,2025/08/02,高知,晴,8.0,鳴子特別(3歳),11,1.0,1,13.4,5.0,5,山崎雅由,57.0,ダ,1300.0,良,85.5,0.8,5-4-4-3,40.3,477.0,2.0,イットウショウグウ,6.0
2022105682,クエンカ,2025/07/19,高知,晴,2.0,3歳ー2,8,5.0,5,23.9,4.0,2,岡遼太郎,57.0,ダ,800.0,不,48.6,0.1,6-4,35.9,475.0,-2.0,コパノジェームス,24.0
2022105682,クエンカ,2025/07/06,高知,晴,2.0,3歳ー6,7,3.0,3,4.3,3.0,4,山崎雅由,57.0,ダ,1600.0,良,108.5,0.5,4-4-4-4,39.0,477.0,-2.0,ケーニッヒブルート,9.0
2022105682,クエンカ,2025/06/22,高知,曇,7.0,3歳ー2,9,7.0,7,42.6,6.0,1,山崎雅由,57.0,ダ,1300.0,重,84.2,-0.1,3-3-3-2,37.8,479.0,-3.0,(ニューウォーク),60.0
2022105682,クエンカ,2025/06/08,高知,曇,5.0,3歳ー1,10,6.0,6,25.5,5.0,7,山崎雅由,57.0,ダ,1400.0,稍,92.9,1.3,4-5-5-6,40.2,482.0,0.0,イットウショウグウ,
2022105682,クエンカ,2025/05/24,高知,雨,2.0,3歳ー2,10,8.0,9,29.6,6.0,3,山崎雅由,57.0,ダ,1300.0,不,83.5,0.5,6-6-6-6,38.8,482.0,-1.0,チョットヤバイヨネ,15.0
2022105682,クエンカ,2025/05/10,高知,曇,2.0,ぼうしパン特別(3歳),10,7.0,8,21.1,6.0,5,岡遼太郎,57.0,ダ,1600.0,不,107.7,0.9,9-8-8-6,39.0,483.0,0.0,チョットヤバイヨネ,6.0
2022105682,クエンカ,2025/04/26,高知,晴,2.0,スジアオノリ特別(3歳),8,7.0,7,41.9,6.0,5,佐原秀泰,57.0,ダ,1300.0,重,86.9,0.9,8-8-7-7,39.4,483.0,3.0,コパノキュラソー,6.0
2022105682,クエンカ,2025/04/12,高知,晴,3.0,3歳ー2,10,2.0,2,60.4,8.0,8,山崎雅由,57.0,ダ,1400.0,稍,97.2,1.8,10-10-10-10,41.2,480.0,-1.0,フルメタルレディ,
2022105682,クエンカ,2025/03/23,高知,晴,3.0,3歳ー1,9,5.0,5,23.0,6.0,8,山崎雅由,56.0,ダ,1300.0,稍,87.9,2.2,7-8-9-9,40.3,481.0,4.0,ユアマイドリーム,
2022105682,クエンカ,2025/03/09,高知,晴,2.0,3歳ー3,11,6.0,7,4.5,2.0,1,山崎雅由,56.0,ダ,1300.0,重,86.8,-0.4,4-4-3-2,39.9,477.0,-1.0,(プリンセスダイヤ),60.0
2022105682,クエンカ,2025/03/02,高知,曇,2.0,大好き高知競馬特別(3歳),10,3.0,3,41.5,7.0,6,山崎雅由,56.0,ダ,1300.0,重,86.9,1.0,6-6-6-6,40.2,478.0,1.0,クリノチャールズ,
2022105682,クエンカ,2025/02/16,高知,曇,9.0,ファイナルレース(3歳),12,3.0,3,21.0,8.0,1,山崎雅由,56.0,ダ,1300.0,重,87.1,-0.2,4-3-4-2,40.2,477.0,-3.0,(リワードリュタン),60.0
2022105682,クエンカ,2025/02/02,高知,曇,10.0,ファイナルレース(3歳),12,6.0,7,20.7,7.0,8,山崎雅由,56.0,ダ,1300.0,重,89.2,2.1,5-5-7-7,42.7,480.0,1.0,セフィラケテル,
2022105682,クエンカ,2025/01/26,高知,晴,6.0,土佐水木特別(3歳),11,8.0,11,415.3,11.0,9,山崎雅由,56.0,ダ,1600.0,良,116.4,6.5,10-10-11-11,43.6,479.0,-2.0,リケアカプチーノ,
2022105682,クエンカ,2025/01/19,高知,雨,9.0,ファイナルレース(3歳),12,4.0,4,8.5,6.0,5,山崎雅由,56.0,ダ,1400.0,稍,97.4,1.4,7-6-7-5,44.1,481.0,3.0,セキショウイダイ,6.0
2022105682,クエンカ,2025/01/12,高知,晴,1.0,3歳ー4,10,4.0,4,5.4,3.0,7,山崎雅由,56.0,ダ,1300.0,稍,92.1,2.6,4-4-4-5,43.1,478.0,-3.0,エイブリー,
2022105682,クエンカ,2025/01/05,高知,晴,1.0,颯太・有彩ご結婚特別(3歳),8,6.0,6,24.3,7.0,2,山崎雅由,56.0,ダ,1400.0,良,97.3,0.0,6-6-8-7,41.7,481.0,-2.0,ノアプレスリー,21.0
2022105682,クエンカ,2024/12/28,高知,晴,10.0,満天星特別(2歳),12,8.0,11,18.9,4.0,12,郷間勇太,55.0,ダ,1800.0,良,140.1,13.9,7-11-10-12,52.7,483.0,15.0,リケアカプチーノ,
2022105682,クエンカ,2024/11/09,5東京3,晴,3.0,2歳未勝利,12,3.0,3,365.0,12.0,11,丸田恭介,56.0,芝,2000.0,良,124.4,1.9,1-1-1,36.0,468.0,6.0,リアンベーレ,
2022105682,クエンカ,2024/09/28,4中山8,曇,3.0,2歳未勝利,16,1.0,1,313.4,14.0,11,丸田恭介,55.0,ダ,1800.0,良,119.4,4.8,9-10-11-11,42.4,462.0,6.0,トルショー,
2022105682,クエンカ,2024/09/07,4中山1,晴,4.0,2歳新馬,16,2.0,4,82.9,12.0,14,丸田恭介,55.0,ダ,1200.0,良,75.6,2.3,14-13,38.1,456.0,0.0,コパノヴィンセント,
2020106458,カゲマル,2026/07/12,高知,曇,2.0,C2ー5,11,5.0,6,1.7,1.0,2,山崎雅由,57.0,ダ,1300.0,稍,84.4,0.1,1-2-1-1,38.9,523.0,0.0,ニットウライジン,32.0
2020106458,カゲマル,2026/06/28,高知,曇,5.0,C3ー2,10,5.0,5,3.1,2.0,1,山崎雅由,57.0,ダ,1300.0,不,83.1,-0.1,1-1-1-1,38.4,523.0,1.0,(シュプリンガー),60.0
2020106458,カゲマル,2026/05/31,高知,晴,5.0,ヤマボウシ特別(C3),9,4.0,4,17.5,3.0,5,赤岡修次,57.0,ダ,1300.0,稍,85.0,1.5,1-1-1-1,41.0,522.0,-6.0,プレジール,12.0
2020106458,カゲマル,2026/05/17,高知,晴,6.0,C3ー3,9,6.0,6,1.8,1.0,2,赤岡修次,57.0,ダ,1400.0,良,93.6,0.2,2-2-1-2,40.1,528.0,10.0,スーパーキティ,24.0
2020106458,カゲマル,2026/04/03,船橋,晴,10.0,鳥待月スプリント(B2),11,5.0,5,15.7,5.0,4,張田昂,56.0,ダ,1200.0,稍,75.5,1.1,3-2-2,39.3,518.0,3.0,ブライトフラッシュ,45.0
2020106458,カゲマル,2026/03/12,船橋,晴,10.0,マーチスプリント(B2),11,6.0,6,25.3,7.0,11,張田昂,56.0,ダ,1200.0,良,76.4,1.8,1-1-1,40.3,515.0,-4.0,マイレレイ,
2020106458,カゲマル,2026/02/13,船橋,晴,10.0,みずがめ座スプリント(B2),12,8.0,11,6.0,4.0,6,張田昂,56.0,ダ,1200.0,良,75.2,1.2,8-5-6,39.2,519.0,-3.0,キングスバリー,
2020106458,カゲマル,2026/01/22,船橋,晴,9.0,スノードロップスプリ(B2),8,3.0,3,16.4,5.0,4,張田昂,56.0,ダ,1200.0,良,75.1,0.9,5-5-5,38.4,522.0,-1.0,キングスバリー,45.0
2020106458,カゲマル,2025/12/10,船橋,晴,12.0,出雲流スプリント(B2),11,4.0,4,31.6,5.0,4,張田昂,56.0,ダ,1200.0,良,73.9,2.4,5-2-2,38.7,523.0,0.0,ジョイフルロック,45.0
2020106458,カゲマル,2025/03/19,浦和,雨,10.0,花見月特別(B1B2),0,1.0,1,,,,張田昂,55.0,ダ,1400.0,不,,,,,,,,
2020106458,カゲマル,2025/02/28,浦和,晴,11.0,初花月特別(B2),11,3.0,3,4.6,2.0,2,張田昂,56.0,ダ,1500.0,良,96.3,0.5,4-4-4-3,38.9,523.0,-3.0,ハグレグモ,140.0
2020106458,カゲマル,2025/02/13,船橋,晴,10.0,みずがめ座スプリント(B2),11,5.0,6,5.1,4.0,3,張田昂,56.0,ダ,1200.0,良,74.2,0.3,5-3-3,38.1,526.0,-2.0,マスタープラン,75.0
2020106458,カゲマル,2025/01/23,船橋,晴,9.0,白富士スプリント(B2),12,7.0,10,5.1,3.0,4,張田昂,56.0,ダ,1200.0,良,74.8,0.7,3-3-3,37.7,528.0,16.0,ワラ,45.0
2020106458,カゲマル,2024/11/25,船橋,晴,9.0,ネリネスプリント(B2),11,6.0,8,,,取,藤田凌,56.0,ダ,1200.0,良,,,,,,,サンマルシップ,
2020106458,カゲマル,2024/10/30,船橋,晴,9.0,オクトーバースプリン(B2),12,5.0,5,2.9,2.0,2,張田昂,56.0,ダ,1200.0,重,75.7,0.9,5-4-3,39.5,512.0,10.0,サンマルシップ,120.0
2020106458,カゲマル,2024/08/24,2中京5,晴,10.0,清洲特別(2勝クラス),15,4.0,7,13.8,7.0,6,和田竜二,58.0,ダ,1200.0,良,71.9,0.6,6-6,36.8,502.0,-10.0,ヒビキ,
2020106458,カゲマル,2024/05/26,3京都12,晴,8.0,4歳以上2勝クラス,15,2.0,2,8.8,5.0,7,田口貫太,57.0,ダ,1200.0,良,72.3,0.5,4-3,36.5,512.0,4.0,グッドウッドガイ,
2020106458,カゲマル,2024/03/24,1中京6,小雨,12.0,鈴鹿特別(2勝クラス),16,8.0,16,11.4,4.0,9,Ｍ．デム,58.0,ダ,1400.0,重,83.6,0.6,7-8,36.1,508.0,2.0,ロードフォンス,
2020106458,カゲマル,2024/03/09,1中京1,曇,9.0,伊良湖特別(2勝クラス),16,2.0,3,10.8,6.0,3,吉田隼人,58.0,ダ,1200.0,良,73.1,0.1,7-7,37.7,506.0,-6.0,ロングファイナリー,395.4
2020106458,カゲマル,2023/10/29,4新潟6,雨,8.0,3歳以上1勝クラス,11,4.0,4,5.4,1.0,1,石橋脩,57.0,ダ,1200.0,不,70.6,-0.1,5-4,35.6,512.0,-4.0,(ヒビキ),800.0
2020106458,カゲマル,2023/10/09,2京都3,曇,8.0,3歳以上1勝クラス,16,6.0,12,3.9,1.0,8,永島まな,54.0,ダ,1200.0,重,73.6,0.8,11-9,37.9,516.0,14.0,ギーロカスタル,
2020106458,カゲマル,2023/04/23,2東京2,晴,6.0,3歳1勝クラス,16,4.0,7,60.4,12.0,6,石橋脩,56.0,ダ,1400.0,良,85.9,0.4,2-2,38.1,502.0,2.0,ロードフォンス,
2020106458,カゲマル,2023/04/09,1福島2,晴,6.0,3歳未勝利,16,6.0,11,2.8,1.0,1,永島まな,52.0,ダ,1150.0,稍,69.1,-0.6,2-2,36.9,500.0,-4.0,(ビップナージャ),550.0
2020106458,カゲマル,2023/03/12,1阪神10,晴,2.0,3歳未勝利,16,2.0,4,4.4,3.0,2,石橋脩,56.0,ダ,1200.0,良,74.2,0.1,2-2,38.2,504.0,22.0,アンジュフィールド,220.0
2020106458,カゲマル,2022/11/05,5阪神1,晴,2.0,2歳未勝利,14,4.0,6,7.1,3.0,7,幸英明,55.0,ダ,1200.0,良,75.2,1.8,8-7,38.1,482.0,-4.0,アスターチェンチ,
2020106458,カゲマル,2022/10/16,4阪神5,晴,1.0,2歳未勝利,10,2.0,2,3.8,2.0,6,幸英明,55.0,ダ,1200.0,良,74.4,0.8,5-5,37.5,486.0,-4.0,ゴッドセンド,
2020106458,カゲマル,2022/09/24,5中京6,晴,2.0,2歳未勝利,13,3.0,3,5.9,3.0,4,幸英明,54.0,ダ,1400.0,不,85.8,0.8,3-3,39.1,490.0,12.0,ロードフォンス,78.0
2020106458,カゲマル,2022/07/16,2福島5,曇,6.0,2歳新馬,12,3.0,3,10.3,4.0,5,石橋脩,54.0,ダ,1150.0,重,69.9,0.5,8-8,36.5,478.0,0.0,シナジーエフェクト,70.0
2021103685,レモンシフォン,2026/07/11,高知,晴,7.0,C2ー3,11,6.0,7,3.9,3.0,2,佐原秀泰,55.0,ダ,1300.0,重,85.0,0.2,2-2-2-2,39.9,511.0,-4.0,コノヨルヲトメテヨ,32.0
2021103685,レモンシフォン,2026/06/27,高知,曇,7.0,C2ー4,11,6.0,6,12.0,4.0,4,佐原秀泰,55.0,ダ,1400.0,不,90.3,0.7,2-2-2-2,39.9,515.0,-2.0,クレイヴィンオナー,16.0
2021103685,レモンシフォン,2026/06/13,高知,晴,7.0,C2ー4,10,7.0,8,2.7,1.0,8,妹尾浩一,55.0,ダ,1600.0,稍,109.7,1.8,1-1-1-1,44.4,517.0,-6.0,グッドフェイス,
2021103685,レモンシフォン,2026/05/30,高知,晴,9.0,芒種特別(C2),12,7.0,9,50.4,5.0,12,佐原秀泰,55.0,ダ,1400.0,稍,94.8,4.5,3-3-3-4,44.7,523.0,6.0,ララマルシュドロワ,
2021103685,レモンシフォン,2026/05/03,高知,雨,1.0,C2ー8,11,7.0,8,7.2,4.0,1,多田羅誠,55.0,ダ,1400.0,不,89.8,-0.1,1-1-1-1,40.2,517.0,4.0,(グラティアスミノル),80.0
2021103685,レモンシフォン,2026/04/19,高知,曇,7.0,シャクナゲ特別(C3),8,2.0,2,4.1,2.0,3,近藤翔月,54.0,ダ,1400.0,重,91.6,0.5,2-2-2-2,40.7,513.0,-5.0,リワードエレイン,36.0
2021103685,レモンシフォン,2026/04/04,高知,雨,3.0,C3ー4,8,1.0,1,3.2,2.0,1,近藤翔月,54.0,ダ,1300.0,不,83.0,0.0,1-1-1-1,39.5,518.0,0.0,(スーパーキティ),60.0
2021103685,レモンシフォン,2026/03/23,高知,晴,4.0,C3ー5,8,6.0,6,1.9,1.0,2,近藤翔月,54.0,ダ,1600.0,重,107.3,1.1,3-3-3-3,40.3,518.0,0.0,セリオヴェローチェ,24.0
2021103685,レモンシフォン,2026/03/11,高知,晴,6.0,C3ー5,10,2.0,2,11.1,4.0,3,近藤翔月,54.0,ダ,1600.0,稍,108.1,0.4,1-1-1-1,41.1,518.0,-10.0,クリノバーグマン,15.0
2021103685,レモンシフォン,2026/01/28,名古屋,晴,10.0,名古屋CCミネルヴァ(A),12,6.0,8,15.2,4.0,12,望月洵輝,55.0,ダ,1500.0,良,97.5,3.5,5-5-7,41.3,528.0,24.0,ボディブロー,
2021103685,レモンシフォン,2025/06/15,1函館2,曇,7.0,3歳以上1勝クラス,9,8.0,9,122.6,9.0,7,黛弘人,56.0,ダ,1000.0,良,59.5,1.2,7-7,35.6,504.0,-8.0,クーデール,
2021103685,レモンシフォン,2025/05/10,2東京5,曇,7.0,4歳以上1勝クラス,16,1.0,2,249.0,15.0,7,木幡巧也,56.0,ダ,1300.0,重,78.2,1.2,7-7,35.4,512.0,14.0,トルーマンテソーロ,
2021103685,レモンシフォン,2025/03/29,2中京5,晴,12.0,4歳以上1勝クラス,16,2.0,4,159.3,14.0,12,川端海翼,53.0,ダ,1200.0,稍,74.0,1.8,5-8,39.0,498.0,-6.0,ダズリングダンス,
2021103685,レモンシフォン,2025/03/09,2中山4,晴,7.0,4歳以上1勝クラス,16,1.0,1,138.6,13.0,14,長浜鴻緒,53.0,ダ,1200.0,重,73.9,2.8,7-7,39.9,504.0,-2.0,アグラード,
2021103685,レモンシフォン,2024/12/15,5中山6,晴,8.0,3歳以上1勝クラス,16,7.0,13,42.7,10.0,12,吉田豊,55.0,ダ,1200.0,良,73.8,1.7,6-7,38.8,506.0,1.0,イルザ,
2021103685,レモンシフォン,2024/10/03,大井,曇,2.0,3歳六七,14,1.0,1,1.1,1.0,1,本田正重,54.0,ダ,1200.0,良,74.3,-0.8,1-1,38.0,505.0,4.0,(ルックスライクパツ),150.0
2021103685,レモンシフォン,2024/09/09,大井,晴,2.0,3歳1112,14,6.0,9,1.1,1.0,1,本田正重,54.0,ダ,1200.0,良,74.6,-1.6,2-2,38.3,501.0,-3.0,(アメアガリ),150.0
2021103685,レモンシフォン,2024/08/04,2新潟4,晴,9.0,3歳未勝利,15,8.0,15,24.2,8.0,10,吉田豊,55.0,ダ,1200.0,良,73.6,1.7,11-11,38.0,504.0,12.0,ライトニングゼウス,
2021103685,レモンシフォン,2024/07/14,2福島6,晴,4.0,3歳未勝利,16,1.0,2,46.6,8.0,4,吉田豊,55.0,ダ,1150.0,稍,69.8,0.9,9-7,37.1,492.0,-2.0,ペイシャスウィフト,83.0
2021103685,レモンシフォン,2024/06/15,3東京5,晴,1.0,3歳未勝利,16,4.0,7,65.9,8.0,5,吉田豊,55.0,ダ,1400.0,良,86.7,2.3,7-7,38.2,494.0,-4.0,アルーリングタイム,55.0
2021103685,レモンシフォン,2024/05/04,2東京5,晴,1.0,3歳未勝利,16,3.0,6,103.4,10.0,6,吉田豊,55.0,ダ,1400.0,稍,86.1,0.8,3-3,38.0,498.0,6.0,ランタナヒルズ,
2021103685,レモンシフォン,2024/04/14,1福島4,晴,1.0,3歳未勝利,16,5.0,10,103.6,13.0,10,黛弘人,55.0,ダ,1150.0,良,70.9,1.5,15-13,37.1,492.0,-8.0,ランウインディ,
2021103685,レモンシフォン,2024/02/03,1東京3,晴,1.0,3歳未勝利,16,4.0,7,103.7,10.0,13,嶋田純次,55.0,ダ,1400.0,良,90.1,3.3,14-13,38.1,500.0,0.0,カピリナ,
2021100023,カノンウッドテール,2026/07/12,高知,曇,3.0,C2ー4,12,8.0,12,14.7,7.0,12,永森大智,55.0,ダ,1300.0,稍,87.8,2.7,7-9-8-12,40.9,426.0,2.0,アスキーアート,
2021100023,カノンウッドテール,2026/06/27,高知,雨,11.0,ファイナルレース(C2),12,7.0,10,12.4,7.0,10,山田義貴,55.0,ダ,1400.0,不,93.1,2.4,12-12-11-11,40.7,424.0,-5.0,ショットメーカー,
2021100023,カノンウッドテール,2026/06/13,高知,晴,10.0,入梅特別(C2),9,6.0,6,71.2,8.0,8,山田義貴,55.0,ダ,1600.0,稍,109.4,2.7,8-8-8-9,41.4,429.0,2.0,グランツアーテム,
2021100023,カノンウッドテール,2026/05/31,高知,晴,2.0,C2ー6,11,3.0,3,9.3,4.0,2,永森大智,55.0,ダ,1400.0,稍,92.7,0.7,3-4-5-5,40.1,427.0,-2.0,ココリハクタク,32.0
2021100023,カノンウッドテール,2026/05/17,高知,晴,2.0,C2ー7,12,6.0,7,21.2,7.0,7,永森大智,55.0,ダ,1300.0,良,87.0,0.7,9-9-9-9,40.1,429.0,-2.0,ノイヤー,
2021100023,カノンウッドテール,2026/05/03,高知,雨,2.0,C2ー7,11,5.0,5,13.2,5.0,11,永森大智,55.0,ダ,1400.0,不,92.0,2.3,11-11-11-11,38.8,431.0,2.0,クラウンセヘル,
2021100023,カノンウッドテール,2026/04/19,高知,曇,2.0,C2ー9,9,4.0,4,16.3,3.0,4,永森大智,55.0,ダ,1600.0,重,106.8,0.9,9-9-8-7,39.4,429.0,-2.0,ジーティーハッピー,16.0
2021100023,カノンウッドテール,2026/04/05,高知,晴,1.0,C2ー8,11,6.0,7,26.0,6.0,5,近藤翔月,54.0,ダ,1400.0,不,91.6,1.6,10-10-9-8,38.8,431.0,-2.0,リワードインペリオ,8.0
2021100023,カノンウッドテール,2026/03/24,高知,晴,11.0,ファイナルレース(C3),11,4.0,4,3.3,1.0,1,永森大智,55.0,ダ,1600.0,稍,108.6,-0.1,9-9-9-6,40.1,433.0,3.0,(タイガーワゴン),60.0
2021100023,カノンウッドテール,2026/03/10,高知,晴,6.0,C3ー2,12,5.0,5,48.1,7.0,4,永森大智,55.0,ダ,1300.0,稍,86.2,0.8,8-8-8-6,39.6,430.0,-3.0,フーイナム,9.0
2021100023,カノンウッドテール,2026/02/23,高知,晴,5.0,ウメ特別(C3),9,8.0,8,75.1,9.0,8,永森大智,55.0,ダ,1300.0,良,87.4,3.5,9-9-9-9,39.9,433.0,0.0,ダオラダオラ,
2021100023,カノンウッドテール,2026/02/10,高知,曇,6.0,C3ー3,9,7.0,7,85.3,8.0,3,永森大智,55.0,ダ,1300.0,良,86.0,0.3,7-7-7-7,39.1,433.0,2.0,メイショウホウセン,15.0
2021100023,カノンウッドテール,2026/01/26,高知,晴,11.0,ファイナルレース(C3),12,3.0,3,14.4,7.0,8,永森大智,55.0,ダ,1300.0,良,86.6,1.8,12-12-12-12,39.7,431.0,0.0,ナンデフェスティヴ,
2021100023,カノンウッドテール,2026/01/12,高知,晴,7.0,C3ー4,11,5.0,5,102.0,7.0,10,木村直輝,55.0,ダ,1600.0,良,109.8,3.3,11-11-11-11,40.2,431.0,0.0,スピードソルジャー,
2021100023,カノンウッドテール,2025/12/31,高知,晴,8.0,竜虎相搏特別(C3),12,5.0,5,6.1,3.0,9,永森大智,55.0,ダ,1400.0,良,95.5,1.6,10-11-11-11,40.9,431.0,3.0,テリオスソラ,
2021100023,カノンウッドテール,2025/12/14,高知,晴,11.0,エリカ特別(C3),10,5.0,5,102.4,10.0,9,永森大智,55.0,ダ,1300.0,稍,85.2,3.2,10-10-10-10,39.0,428.0,1.0,スカンジナビア,
2021100023,カノンウッドテール,2025/11/29,高知,晴,8.0,C3ー5,9,5.0,5,88.9,6.0,2,永森大智,55.0,ダ,1300.0,良,88.0,0.3,6-8-8-4,40.6,427.0,4.0,オセアダイナスティ,24.0
2021100023,カノンウッドテール,2025/11/16,高知,晴,2.0,C3ー4,8,3.0,3,56.2,7.0,8,岡村卓弥,55.0,ダ,1400.0,稍,94.2,3.1,8-8-8-8,40.1,423.0,2.0,オリーブブランチ,
2021100023,カノンウッドテール,2025/11/01,高知,晴,2.0,C3ー4,11,2.0,2,135.2,9.0,7,近藤翔月,52.0,ダ,1300.0,不,86.3,1.6,11-11-11-11,38.9,421.0,-5.0,クリノナイスガイ,
2021100023,カノンウッドテール,2025/10/19,高知,曇,8.0,C3ー4,8,2.0,2,30.1,5.0,8,永森大智,55.0,ダ,1300.0,稍,87.5,2.5,6-6-6-6,40.5,426.0,6.0,ジャスパージャック,
2021100023,カノンウッドテール,2025/10/05,高知,晴,11.0,ファイナルレース(C3),12,6.0,8,15.8,11.0,11,永森大智,55.0,ダ,1400.0,重,94.2,2.5,12-12-12-12,40.8,420.0,-1.0,ゲンパチハマジ,
2021100023,カノンウッドテール,2025/09/23,高知,曇,1.0,YJSトライアルラウ(C3),12,2.0,2,46.6,12.0,8,高橋愛叶,55.0,ダ,1400.0,良,94.7,0.9,8-9-9-12,42.0,421.0,-4.0,ハットグットゲット,
2021100023,カノンウッドテール,2025/09/06,高知,晴,3.0,徳島県ミルクとすだち(C3),11,3.0,3,101.9,9.0,8,永森大智,55.0,ダ,1300.0,重,86.6,1.9,5-6-7-9,41.0,425.0,6.0,スティーロポリス,
2021100023,カノンウッドテール,2025/07/27,高知,晴,6.0,C3ー6,12,3.0,3,34.3,6.0,2,永森大智,55.0,ダ,1300.0,稍,84.8,0.5,3-3-3-2,39.0,419.0,0.0,カワキタマックス,24.0
2021100023,カノンウッドテール,2025/07/12,高知,晴,12.0,ファイナルレース(C3),12,1.0,1,13.9,8.0,12,永森大智,55.0,ダ,1300.0,重,86.8,2.1,12-12-12-12,40.4,419.0,1.0,ミスキャサリン,
2021100023,カノンウッドテール,2025/06/29,高知,晴,11.0,ファイナルレース(C3),11,6.0,7,8.4,3.0,8,仲原大生,55.0,ダ,1600.0,稍,108.2,2.3,11-11-11-11,40.8,418.0,1.0,アファン,
2021100023,カノンウッドテール,2025/06/14,高知,雨,3.0,C3ー6,9,5.0,5,7.3,4.0,6,永森大智,55.0,ダ,1300.0,不,84.4,1.6,7-7-8-6,38.9,417.0,-7.0,ネオトゥルー,
2021100023,カノンウッドテール,2025/06/08,高知,小雨,10.0,ファイナルレース(C3),12,1.0,1,15.5,9.0,2,永森大智,55.0,ダ,1300.0,重,85.6,1.0,9-10-10-6,39.7,424.0,3.0,ワクワクドリーム,24.0
2021100023,カノンウッドテール,2025/05/25,高知,晴,10.0,ファイナルレース(C3),11,5.0,6,5.1,2.0,6,吉原寛人,55.0,ダ,1400.0,不,94.1,0.8,10-10-7-6,40.3,421.0,-1.0,ティファニーユー,
2021100023,カノンウッドテール,2025/05/10,高知,曇,10.0,ファイナルレース(C3),12,8.0,12,16.9,10.0,9,井上瑛太,55.0,ダ,1300.0,不,85.9,2.1,10-11-11-11,40.5,422.0,-5.0,ゼニット,
2021100023,カノンウッドテール,2025/04/26,高知,晴,8.0,C3ー11,9,5.0,5,7.4,3.0,5,吉原寛人,55.0,ダ,1400.0,重,95.2,2.6,9-9-8-7,40.4,427.0,2.0,チャージドアップ,6.0
2021100023,カノンウッドテール,2025/04/12,高知,晴,7.0,C3ー10,10,8.0,10,11.9,4.0,7,井上瑛太,55.0,ダ,1300.0,稍,88.6,2.2,7-8-8-8,40.7,425.0,1.0,フクノルッカ,
2021100023,カノンウッドテール,2025/03/26,高知,晴,12.0,ファイナルレース(C3),12,6.0,7,4.6,1.0,7,永森大智,54.0,ダ,1400.0,良,95.1,1.0,6-6-5-7,41.7,424.0,-1.0,オセアハートマン,
2021100023,カノンウッドテール,2025/03/11,高知,曇,9.0,ファイナルレース(C3),12,8.0,12,6.5,3.0,2,永森大智,54.0,ダ,1400.0,重,92.2,0.0,1-1-1-1,40.5,425.0,-3.0,クラシカルタイプ,21.0
2021100023,カノンウッドテール,2025/02/24,高知,晴,10.0,ファイナルレース(C3),12,5.0,5,8.4,5.0,8,永森大智,54.0,ダ,1300.0,良,87.8,1.0,5-5-5-8,40.4,428.0,-1.0,タイキオナード,
2021100023,カノンウッドテール,2025/02/18,高知,晴,9.0,ファイナルレース(C3),12,7.0,10,4.9,1.0,3,永森大智,54.0,ダ,1400.0,稍,94.6,0.2,9-9-9-10,40.7,429.0,6.0,ライヴァル,12.0
2021100023,カノンウッドテール,2025/02/05,高知,晴,4.0,C3ー9,9,8.0,9,6.2,4.0,4,岡村卓弥,54.0,ダ,1400.0,重,95.2,0.7,6-6-2-5,41.7,423.0,2.0,カポデテュティカピ,9.0
2021100023,カノンウッドテール,2025/01/21,高知,晴,10.0,ファイナルレース(C3),12,8.0,11,13.9,8.0,4,山崎雅由,54.0,ダ,1400.0,稍,96.1,0.9,11-11-12-12,40.9,421.0,-3.0,バイユーラン,9.0
2021100023,カノンウッドテール,2025/01/13,高知,晴,1.0,エラヤマ結婚記念特別(C3),11,6.0,7,50.6,8.0,6,山崎雅由,54.0,ダ,1400.0,稍,94.2,1.2,9-9-10-9,39.3,424.0,0.0,シュトローム,
2021100023,カノンウッドテール,2025/01/01,高知,晴,9.0,ファイナルレース(C3),11,8.0,11,12.7,8.0,11,岡村卓弥,54.0,ダ,1300.0,良,88.6,2.1,9-10-9-11,41.8,424.0,3.0,リワードマーリン,
2021100023,カノンウッドテール,2024/12/21,高知,晴,1.0,C3ー13,12,5.0,6,77.8,9.0,9,岡村卓弥,54.0,ダ,1300.0,良,88.8,1.7,8-9-9-11,41.3,421.0,0.0,プレジャー,
2021100023,カノンウッドテール,2024/12/07,高知,晴,1.0,C3ー14,9,8.0,9,3.5,2.0,2,吉原寛人,54.0,ダ,1400.0,良,95.2,0.0,4-4-4-5,41.6,421.0,0.0,ミッキーイーグル,21.0
2021100023,カノンウッドテール,2024/11/24,高知,晴,8.0,C3ー15,11,7.0,8,25.3,4.0,2,永森大智,54.0,ダ,1300.0,良,86.9,0.6,5-4-4-3,40.2,421.0,11.0,ウキヨノユメ,21.0
2021100023,カノンウッドテール,2024/10/26,高知,曇,7.0,C3ー9,11,3.0,3,52.0,7.0,7,永森大智,54.0,ダ,1600.0,不,108.1,2.9,11-11-11-7,40.1,410.0,-2.0,キャッスルトップ,
2021100023,カノンウッドテール,2024/10/13,高知,晴,3.0,C3ー13,12,5.0,6,7.2,3.0,7,吉原寛人,54.0,ダ,1400.0,稍,94.9,2.3,11-11-11-8,40.8,412.0,-5.0,ナムラバンチー,
2021100023,カノンウッドテール,2024/09/28,高知,曇,5.0,えひめ道後特別(3歳),7,1.0,1,16.9,4.0,4,岡村卓弥,54.0,ダ,1600.0,良,110.7,1.8,7-7-5-5,43.2,417.0,5.0,ブルーアプローズ,9.0
2021100023,カノンウッドテール,2024/09/15,高知,曇,3.0,3歳ー1,10,2.0,2,5.4,3.0,1,吉原寛人,54.0,ダ,1600.0,不,108.8,-0.8,9-7-1-2,41.4,412.0,-8.0,(ブルースター),60.0
2021100023,カノンウッドテール,2024/08/04,高知,晴,9.0,黒潮菊花賞(重賞),12,4.0,4,57.6,7.0,10,永森大智,54.0,ダ,1900.0,良,130.2,4.9,12-12-12-11,41.0,420.0,1.0,プリフロオールイン,
2021100023,カノンウッドテール,2024/07/21,高知,晴,6.0,タチウオ特別(3歳),9,7.0,7,4.1,2.0,8,井上瑛太,54.0,ダ,1600.0,稍,108.0,1.2,9-9-8-8,40.3,419.0,0.0,フライツァイト,
2021100023,カノンウッドテール,2024/07/06,高知,晴,12.0,ファイナルレース(3歳),11,3.0,3,5.7,3.0,1,井上瑛太,54.0,ダ,1600.0,稍,108.1,-0.5,8-7-7-4,40.7,419.0,-1.0,(リュウノアラス),60.0
2021100023,カノンウッドテール,2024/06/23,高知,雨,5.0,3歳ー5,10,7.0,8,10.6,2.0,3,岡村卓弥,54.0,ダ,1300.0,不,85.8,0.8,5-6-4-5,40.6,420.0,4.0,スリーロマンス,12.0
2021100023,カノンウッドテール,2024/06/09,高知,雨,3.0,3歳ー5,9,8.0,9,4.5,2.0,2,岡村卓弥,54.0,ダ,1400.0,不,93.0,1.8,5-9-4-3,41.0,416.0,0.0,パシオンブロンド,21.0
2021100023,カノンウッドテール,2024/05/26,高知,曇,2.0,3歳ー5,9,8.0,9,7.2,2.0,4,岡村卓弥,54.0,ダ,1300.0,稍,87.4,2.1,5-6-6-6,41.1,416.0,0.0,カレンメラメーラ,9.0
2021100023,カノンウッドテール,2024/05/12,高知,雨,3.0,令和6年度FK特別(3歳),9,8.0,9,8.0,2.0,4,永森大智,54.0,ダ,1600.0,不,107.6,2.5,4-5-3-5,41.4,416.0,-2.0,ビックス,9.0
2021100023,カノンウッドテール,2024/04/29,高知,雨,2.0,3歳ー5,9,1.0,1,1.5,1.0,2,永森大智,54.0,ダ,1400.0,不,93.2,1.1,6-6-6-5,40.8,418.0,-3.0,サノノブレイダー,21.0
2021100023,カノンウッドテール,2024/04/14,高知,晴,2.0,3歳ー7,8,6.0,6,2.4,1.0,2,永森大智,54.0,ダ,1300.0,稍,87.2,0.0,4-5-5-5,40.7,421.0,0.0,ショウナンラジョア,21.0
2021100023,カノンウッドテール,2024/03/19,高知,曇,1.0,明と如子退職万歳特別(3歳),8,3.0,3,4.0,3.0,2,岡村卓弥,54.0,ダ,1400.0,重,95.5,2.2,4-5-4-4,41.6,421.0,-2.0,ポッドジャスパー,21.0
2021100023,カノンウッドテール,2024/03/05,高知,雨,1.0,3歳ー4,9,3.0,3,4.3,2.0,4,岡村卓弥,54.0,ダ,1600.0,不,110.0,0.8,8-8-8-7,41.7,423.0,0.0,ミストブレイカー,9.0
2022100505,シシ,2026/07/12,高知,曇,1.0,C2ー6,10,1.0,1,74.4,5.0,7,大澤誠志,57.0,ダ,1300.0,稍,86.4,3.2,7-7-9-9,40.6,454.0,2.0,ライゾマティクス,
2022100505,シシ,2026/06/28,高知,曇,5.0,C3ー2,10,6.0,6,27.4,7.0,4,山田義貴,57.0,ダ,1300.0,不,84.4,1.3,4-3-3-5,39.4,452.0,-2.0,カゲマル,12.0
2022100505,シシ,2026/06/13,高知,晴,11.0,ファイナルレース(C3),12,7.0,9,7.3,4.0,3,山崎雅由,57.0,ダ,1400.0,稍,93.6,0.6,3-3-3-2,41.6,454.0,2.0,ヤマノインパクト,18.0
2022100505,シシ,2026/05/31,高知,晴,4.0,C3ー2,11,4.0,4,32.4,8.0,6,山田義貴,57.0,ダ,1300.0,稍,85.9,2.3,3-3-5-5,41.0,452.0,-6.0,ミナトノソウタ,
2022100505,シシ,2026/05/17,高知,晴,6.0,C3ー3,9,7.0,7,8.1,3.0,6,山田義貴,57.0,ダ,1400.0,良,95.5,2.1,6-6-5-6,41.5,458.0,-3.0,スーパーキティ,
2022100505,シシ,2026/05/03,高知,雨,5.0,C3ー2,8,3.0,3,5.6,2.0,6,佐原秀泰,57.0,ダ,1600.0,不,106.8,3.9,3-4-4-4,41.7,461.0,5.0,ワンダフルトゥデイ,
2022100505,シシ,2026/04/19,高知,曇,6.0,C3ー3,8,4.0,4,4.2,3.0,3,山田義貴,57.0,ダ,1400.0,重,91.3,0.6,4-4-4-4,39.6,456.0,-7.0,ノースザワールド,18.0
2022100505,シシ,2026/03/19,園田,曇,3.0,C3二,10,8.0,10,1.3,1.0,1,吉村智洋,57.0,ダ,1400.0,重,94.6,-0.1,3-3-3-2,41.0,463.0,-3.0,(ワンダーキュイラス),60.0
2022100505,シシ,2026/02/27,姫路,曇,2.0,C3一,10,1.0,1,23.7,5.0,3,吉村智洋,57.0,ダ,1400.0,稍,95.9,0.2,1-1-1-1,41.7,466.0,-3.0,シャインシュシュ,15.0
2022100505,シシ,2026/01/28,姫路,晴,1.0,C3三,10,8.0,10,3.6,2.0,2,吉村智洋,57.0,ダ,1400.0,良,96.9,0.1,2-2-2-1,41.8,469.0,2.0,ガルバナム,24.0
2022100505,シシ,2026/01/03,園田,晴,5.0,スナフキンズ☆来場記(C3),12,6.0,8,3.5,2.0,6,吉村智洋,57.0,ダ,1230.0,良,82.6,0.9,4-4-3-3,41.7,467.0,-1.0,ナチュラル,
2022100505,シシ,2025/12/16,園田,晴,5.0,園田競馬場設立95周(C3),12,8.0,11,3.2,2.0,5,吉村智洋,57.0,ダ,1230.0,良,83.4,1.0,6-6-5-6,41.0,468.0,0.0,ハイライフ,6.0
2022100505,シシ,2025/11/19,園田,曇,2.0,C3三,10,2.0,2,1.6,1.0,2,吉村智洋,57.0,ダ,1400.0,良,95.8,0.3,1-1-1-1,42.1,468.0,7.0,サクセスカノン,24.0
2022100505,シシ,2025/10/29,園田,晴,4.0,大日本プロレス☆来場(C3),10,3.0,3,6.8,2.0,7,吉村智洋,57.0,ダ,1400.0,良,95.0,2.1,1-1-3-3,43.2,461.0,-5.0,リッチハンター,
2022100505,シシ,2025/10/08,園田,晴,2.0,C3一,10,7.0,8,1.6,1.0,6,吉村智洋,57.0,ダ,1400.0,稍,95.0,1.5,1-1-1-2,41.2,466.0,7.0,スーパーアスラーダ,
2022100505,シシ,2025/06/26,園田,曇,2.0,末包スプリント3歳C(C1C2),12,7.0,9,1.4,1.0,1,吉村智洋,57.0,ダ,1230.0,重,81.8,-0.5,3-3-1-2,40.9,459.0,-3.0,(フォーダブルディー),80.0
2022100505,シシ,2025/06/06,園田,晴,2.0,3歳C2,12,8.0,12,1.5,1.0,1,吉村智洋,56.0,ダ,1400.0,良,93.3,-1.3,2-1-1-1,40.2,462.0,-1.0,(アディントン),60.0
2022100505,シシ,2025/05/14,園田,晴,1.0,3歳C2,12,3.0,3,14.3,3.0,2,吉村智洋,56.0,ダ,1400.0,良,93.5,0.0,2-2-2-1,40.0,463.0,0.0,カットバック,24.0
2022100505,シシ,2025/04/22,園田,晴,2.0,3歳C2,11,1.0,1,7.8,2.0,3,吉村智洋,56.0,ダ,1400.0,良,94.5,0.9,1-1-1-1,39.9,463.0,-2.0,カットバック,15.0
2022100505,シシ,2025/04/01,園田,曇,2.0,3歳C2,11,4.0,4,4.2,3.0,2,土方颯太,55.0,ダ,1400.0,稍,96.4,0.5,3-3-4-2,42.8,465.0,7.0,ワイドオルデン,24.0
2022100505,シシ,2025/03/11,園田,雨,2.0,3歳C2,12,1.0,1,3.5,1.0,4,土方颯太,54.0,ダ,1400.0,重,96.4,0.4,9-9-6-6,42.1,458.0,3.0,タイイクスワリ,9.0
2022100505,シシ,2024/11/20,園田,晴,2.0,2歳未勝利,12,5.0,6,10.6,4.0,5,土方颯太,52.0,ダ,1230.0,良,82.2,0.7,1-1-1-1,40.0,455.0,0.0,ジャスティラック,9.0
2022100505,シシ,2024/10/29,園田,雨,7.0,NewBeginni(初出),5,5.0,5,3.0,2.0,3,下原理,55.0,ダ,820.0,稍,52.5,0.6,2-2,37.9,455.0,0.0,サトノランデヴー,50.0
2018105132,オークハンプトン,2026/06/27,高知,雨,11.0,ファイナルレース(C2),12,6.0,8,5.0,3.0,8,赤岡修次,57.0,ダ,1400.0,不,92.8,2.1,8-7-6-7,41.4,490.0,3.0,ショットメーカー,
2018105132,オークハンプトン,2026/06/13,高知,晴,9.0,C2ー2,10,8.0,10,21.5,7.0,8,赤岡修次,57.0,ダ,1600.0,稍,109.6,1.3,7-7-8-7,42.4,487.0,-4.0,ノイヤー,
2018105132,オークハンプトン,2026/05/30,高知,晴,8.0,C2ー2,12,7.0,9,17.3,5.0,7,赤岡修次,57.0,ダ,1400.0,稍,93.6,1.8,3-3-3-2,42.7,491.0,-1.0,パレスパートナー,
2018105132,オークハンプトン,2026/05/16,高知,晴,8.0,C2ー3,11,8.0,11,17.2,4.0,4,近藤翔月,56.0,ダ,1300.0,良,87.1,1.7,3-4-3-4,41.7,492.0,5.0,ダイヤモンドフジ,16.0
2018105132,オークハンプトン,2026/05/02,高知,晴,9.0,C2ー2,10,7.0,7,22.3,7.0,8,郷間勇太,57.0,ダ,1400.0,重,93.4,1.7,6-5-5-5,42.2,487.0,-2.0,フーイナム,
2018105132,オークハンプトン,2026/04/18,高知,曇,10.0,C2ー2,9,8.0,8,5.6,4.0,6,郷間勇太,57.0,ダ,1600.0,重,108.9,2.6,7-6-6-5,41.0,489.0,0.0,テーオーシリウス,
2018105132,オークハンプトン,2026/04/04,高知,雨,11.0,清明特別(C2),0,8.0,8,,,,郷間勇太,57.0,ダ,1400.0,不,,,,,,,,
2018105132,オークハンプトン,2026/03/25,高知,雨,5.0,C1ー4,10,7.0,8,15.0,3.0,2,加藤翔馬,57.0,ダ,1300.0,不,82.6,0.8,1-1-1-2,38.6,489.0,4.0,ボンジュールゼン,36.0
2018105132,オークハンプトン,2026/03/03,高知,曇,5.0,C1ー4,8,8.0,9,11.8,5.0,4,加藤翔馬,57.0,ダ,1300.0,不,83.3,0.9,4-4-4-4,39.7,485.0,-3.0,フライヤートゥルー,13.5
2018105132,オークハンプトン,2026/02/11,高知,曇,5.0,日野未来高知ツアー特(C1),8,2.0,2,8.3,4.0,5,加藤翔馬,57.0,ダ,1300.0,重,84.9,1.4,6-6-6-5,39.3,488.0,-1.0,エイブリー,9.0
2018105132,オークハンプトン,2026/02/02,高知,晴,5.0,C1C2混合,7,2.0,2,,,取,赤岡修次,57.0,ダ,1400.0,良,,,,,,,スカンジナビア,
2018105132,オークハンプトン,2026/01/18,高知,晴,10.0,ファイナルレース(C2),12,8.0,11,2.8,1.0,1,赤岡修次,57.0,ダ,1400.0,良,92.5,-0.5,2-2-2-2,40.3,489.0,-5.0,(トロルトゥンガ),70.0
2018105132,オークハンプトン,2025/12/28,高知,晴,8.0,C2ー4,9,5.0,5,5.3,3.0,9,岩橋勇二,57.0,ダ,1600.0,良,111.9,1.9,5-6-7-7,42.0,494.0,2.0,トーアナタリー,
2018105132,オークハンプトン,2025/12/13,高知,小雨,11.0,年の瀬特別(C2),12,5.0,5,11.9,4.0,10,赤岡修次,57.0,ダ,1400.0,良,94.2,1.6,6-6-6-6,41.1,492.0,-6.0,ジャスパージャック,
2018105132,オークハンプトン,2025/11/15,高知,晴,7.0,C2ー5,10,7.0,8,2.0,2.0,2,赤岡修次,57.0,ダ,1600.0,重,107.7,0.1,2-2-2-2,39.8,498.0,11.0,ビッキーファースト,28.0
2018105132,オークハンプトン,2025/10/02,船橋,晴,9.0,ヘレニウムスプリント(B1B2),10,7.0,8,202.7,10.0,9,山中悠希,57.0,ダ,1200.0,稍,76.5,3.7,7-6-7,39.7,487.0,-3.0,サンマルシップ,
2018105132,オークハンプトン,2025/08/30,船橋,晴,12.0,新涼スプリント(A2B1),0,2.0,2,,,,野畑凌,55.0,ダ,1200.0,良,,,,,,,,
2018105132,オークハンプトン,2025/07/31,船橋,晴,12.0,黒勾玉スプリント(B1B2),10,5.0,5,14.0,6.0,6,野畑凌,57.0,ダ,1200.0,良,75.1,1.4,9-9-8,38.1,490.0,-6.0,ハセノブライアン,
2018105132,オークハンプトン,2025/05/09,船橋,雨,10.0,クレマチススプリント(B1B2),10,8.0,10,6.1,4.0,3,Ｒ．クア,57.0,ダ,1200.0,良,74.2,0.8,5-6-7,38.7,496.0,6.0,サトノムスタング,82.5
2018105132,オークハンプトン,2025/03/20,浦和,晴,11.0,弥生特別(A2),11,4.0,4,13.4,4.0,4,落合玄太,55.0,ダ,1500.0,重,94.4,1.1,8-8-7-4,37.1,490.0,-9.0,シーサーペント,75.0
2018105132,オークハンプトン,2025/02/27,浦和,晴,11.0,如月特別(B1B2),12,5.0,5,6.8,5.0,2,山本聡哉,57.0,ダ,1400.0,良,88.9,0.0,9-9-7-2,38.4,499.0,3.0,エアポートライナー,152.0
2018105132,オークハンプトン,2024/12/25,浦和,晴,11.0,クリスマス賞(A2),9,2.0,2,26.4,7.0,5,川島正太,55.0,ダ,1500.0,良,95.7,0.3,7-7-8-7,38.1,496.0,11.0,バトルバーリライ,50.0
2018105132,オークハンプトン,2024/11/21,浦和,晴,11.0,埼玉県馬事畜産振興協(B1B2),10,4.0,4,43.8,7.0,3,Ｍ．ミシ,55.0,ダ,1500.0,稍,96.0,1.0,7-7-6-4,36.8,485.0,4.0,ラブリアージェ,95.0
2018105132,オークハンプトン,2024/11/01,船橋,雨,11.0,菊花特別(B1B2),14,6.0,9,53.4,10.0,9,Ｍ．ミシ,55.0,ダ,1600.0,稍,104.6,1.5,10-10-7-6,40.1,481.0,3.0,ラブリービュー,
2018105132,オークハンプトン,2024/09/27,船橋,雨,10.0,お月見特別(B1B2),10,5.0,5,12.2,6.0,8,矢野貴之,57.0,ダ,1600.0,稍,105.9,2.4,6-6-6-6,41.2,478.0,-14.0,ヴェールトゥマラン,
2018105132,オークハンプトン,2024/05/29,船橋,晴,10.0,エベレスト特別(A2),12,4.0,4,41.4,8.0,5,矢野貴之,56.0,ダ,1600.0,重,103.1,2.5,7-8-9-9,39.9,492.0,4.0,パワーブローキング,50.0
2018105132,オークハンプトン,2024/05/01,船橋,雨,9.0,八十八夜特別(A2B1),8,5.0,5,6.1,4.0,5,矢野貴之,57.0,ダ,1600.0,不,103.2,1.6,2-2-2-2,40.2,488.0,6.0,シャルフジン,40.0
2018105132,オークハンプトン,2024/03/04,船橋,晴,11.0,三咲特別(B1),9,8.0,8,4.3,2.0,2,矢野貴之,56.0,ダ,1600.0,良,104.1,0.2,5-5-3-2,40.4,482.0,5.0,タイムモーメント,132.0
2018105132,オークハンプトン,2024/01/15,船橋,晴,11.0,鯛ノ浦特別(B1B2),11,3.0,3,19.0,5.0,4,矢野貴之,57.0,ダ,1600.0,良,104.1,0.5,4-4-3-2,41.6,477.0,2.0,スパイスアップ,49.5
2018105132,オークハンプトン,2023/12/18,船橋,晴,11.0,カサブランカ特別(A2B1),8,5.0,5,8.3,2.0,6,矢野貴之,57.0,ダ,1700.0,良,110.3,0.9,5-5-4-4,39.4,475.0,-4.0,ホウオウトゥルース,
2018105132,オークハンプトン,2023/08/24,川崎,晴,10.0,処暑特別(A2B1),10,1.0,1,13.1,5.0,6,Ｒ．クア,57.0,ダ,1500.0,良,98.0,2.8,5-6-5-3,43.5,479.0,-5.0,ジョーパイロライト,
2018105132,オークハンプトン,2023/07/24,船橋,晴,11.0,海ほたる特別(A2B1),5,3.0,3,3.8,2.0,3,矢野貴之,57.0,ダ,1600.0,良,102.8,0.1,1-1-1-1,39.9,484.0,-2.0,ロマンスグレー,100.0
2018105132,オークハンプトン,2023/06/22,船橋,雨,11.0,桑島孝春記念(A2),9,7.0,7,4.3,3.0,5,矢野貴之,56.0,ダ,1600.0,良,103.7,0.4,8-8-4-4,39.0,486.0,0.0,ホウオウスクラム,50.0
2018105132,オークハンプトン,2023/05/04,船橋,晴,10.0,端午特別(A2),9,5.0,5,3.5,2.0,6,本田正重,56.0,ダ,1600.0,良,104.1,0.9,5-5-5-4,38.8,486.0,-7.0,ショットメーカー,
2018105132,オークハンプトン,2023/03/14,船橋,晴,11.0,早春賞(A2),9,4.0,4,8.6,5.0,4,本田正重,56.0,ダ,1700.0,良,113.2,1.3,4-4-3-4,40.1,493.0,6.0,ユアヒストリー,75.0
2018105132,オークハンプトン,2023/01/19,船橋,曇,11.0,船橋の名伯楽記念(A2),10,6.0,6,,,取,御神本訓,56.0,ダ,1600.0,良,,,,,,,ホウオウスクラム,
2018105132,オークハンプトン,2022/12/21,船橋,曇,11.0,カサブランカ特別(A2B1),12,7.0,9,7.4,4.0,2,本田正重,57.0,ダ,1700.0,良,110.9,0.2,5-5-4-4,38.9,487.0,-2.0,マッドルーレット,160.0
2018105132,オークハンプトン,2022/08/23,船橋,晴,6.0,濃溝の滝賞(A2B1),6,2.0,2,1.8,1.0,2,矢野貴之,57.0,ダ,1700.0,良,111.1,1.0,3-3-3-2,39.9,489.0,2.0,キタノインディ,160.0
2018105132,オークハンプトン,2022/07/25,船橋,晴,7.0,海ほたる賞(A2B1),7,1.0,1,2.4,2.0,1,本田正重,55.0,ダ,1600.0,良,103.3,-0.3,3-3-3-2,39.3,487.0,1.0,(ブラヴール),400.0
2018105132,オークハンプトン,2022/06/24,船橋,晴,11.0,青柳特別(B1B2),8,8.0,8,1.5,1.0,1,矢野貴之,57.0,ダ,1600.0,良,104.2,-0.3,3-3-3-3,38.6,486.0,-6.0,(トーキョーサバク),300.0
2018105132,オークハンプトン,2022/05/06,船橋,晴,10.0,20時50分にビッグ(B1B2),12,8.0,11,2.8,1.0,1,矢野貴之,55.0,ダ,1500.0,稍,96.0,-0.7,4-4-3-1,40.0,492.0,-3.0,(トーキョーサバク),300.0
2018105132,オークハンプトン,2022/03/23,船橋,曇,10.0,フレンドリービット特(B2B3),13,6.0,8,2.5,2.0,2,本田正重,57.0,ダ,1800.0,不,116.7,1.1,5-4-6-5,39.6,495.0,0.0,マッドルーレット,160.0
2018105132,オークハンプトン,2022/02/16,船橋,晴,10.0,野島崎特別(B2B3),10,3.0,3,3.6,2.0,2,本田正重,57.5,ダ,1600.0,重,101.1,0.0,6-6-7-4,38.3,495.0,1.0,マッドルーレット,108.0
2018105132,オークハンプトン,2022/01/10,船橋,曇,11.0,初夢特別(B2),13,5.0,7,13.6,5.0,2,本田正重,56.5,ダ,1600.0,稍,101.9,0.2,4-3-3-2,39.7,494.0,8.0,ノットリグレット,108.0
2018105132,オークハンプトン,2021/10/11,名古屋,晴,11.0,秋の鞍(重賞),12,7.0,10,15.2,3.0,5,赤岡修次,56.0,ダ,1400.0,良,89.0,1.5,4-5-3,39.3,486.0,-1.0,トミケンシャイリ,64.0
2018105132,オークハンプトン,2021/09/08,大井,雨,10.0,2009お客様感謝デ(B2),14,2.0,2,6.6,3.0,5,森泰斗,55.0,ダ,1400.0,重,87.9,0.4,6-4-3,39.7,487.0,-4.0,ランパク,27.0
2018105132,オークハンプトン,2021/05/04,船橋,晴,11.0,東京湾C(重賞),13,1.0,1,5.2,3.0,8,森泰斗,56.0,ダ,1700.0,稍,110.2,2.2,7-7-7-8,40.0,491.0,1.0,ギガキング,
2018105132,オークハンプトン,2021/04/06,船橋,晴,11.0,ブルーバードカップ東(3歳),13,8.0,12,10.7,5.0,1,森泰斗,55.0,ダ,1700.0,不,107.9,-0.2,2-3-3-2,39.4,490.0,-2.0,(ギャルダル),600.0
2018105132,オークハンプトン,2021/02/19,大井,晴,10.0,若獅子特別競走(3歳),15,5.0,9,14.1,2.0,4,矢野貴之,56.0,ダ,1600.0,良,102.5,1.8,9-10-7-6,40.0,492.0,7.0,チサット,52.5
2018105132,オークハンプトン,2020/12/09,大井,曇,3.0,2歳160万,11,1.0,1,1.4,1.0,1,森泰斗,55.0,ダ,1600.0,良,104.2,-0.6,1-1-1-1,39.4,485.0,-5.0,(ティーズアレディー),260.0
2018105132,オークハンプトン,2020/11/02,大井,曇,2.0,2歳新馬(新馬),5,5.0,5,1.3,1.0,2,森泰斗,55.0,ダ,1400.0,良,88.1,0.0,2-2-2,37.5,490.0,0.0,タツノフレア,116.0
2020100241,シュマンドロワ,2026/07/12,高知,曇,2.0,C2ー5,11,8.0,12,161.1,10.0,4,西森将司,57.0,ダ,1300.0,稍,85.8,1.5,6-7-7-7,39.3,476.0,-1.0,ニットウライジン,16.0
2020100241,シュマンドロワ,2026/06/28,高知,曇,3.0,C2ー6,8,1.0,1,17.7,5.0,6,山田義貴,57.0,ダ,1400.0,不,93.2,1.9,4-4-3-3,40.6,477.0,1.0,タイガーワゴン,
2020100241,シュマンドロワ,2026/06/14,高知,小雨,4.0,C2ー7,10,1.0,1,96.7,7.0,10,大澤誠志,57.0,ダ,1600.0,稍,113.9,6.0,5-7-9-10,45.9,476.0,2.0,ロイヤルダンス,
2020100241,シュマンドロワ,2026/05/30,高知,晴,9.0,芒種特別(C2),12,5.0,6,460.5,11.0,11,大澤誠志,57.0,ダ,1400.0,稍,92.7,2.4,10-10-10-11,39.7,474.0,-4.0,ララマルシュドロワ,
2020100241,シュマンドロワ,2026/05/17,高知,晴,1.0,C2ー8,11,6.0,6,62.2,11.0,2,山田義貴,57.0,ダ,1300.0,良,86.8,4.0,8-8-8-7,40.9,478.0,0.0,ララマルシュドロワ,32.0
2020100241,シュマンドロワ,2026/05/03,高知,雨,12.0,ファイナルレース(C3),11,6.0,7,47.9,10.0,2,大澤誠志,57.0,ダ,1600.0,不,105.5,0.1,3-3-3-1,40.4,478.0,0.0,ニットウライジン,24.0
2020100241,シュマンドロワ,2026/04/19,高知,曇,8.0,C3ー2,10,5.0,5,178.8,9.0,6,山田義貴,57.0,ダ,1400.0,重,92.0,1.1,6-7-7-7,40.6,478.0,-3.0,ノイヤー,
2020100241,シュマンドロワ,2026/04/05,高知,晴,7.0,ハナモモ特別(C3),12,5.0,6,171.5,10.0,8,山田義貴,57.0,ダ,1300.0,不,85.1,1.8,7-8-9-9,39.0,481.0,-6.0,ディープカインズ,
2020100241,シュマンドロワ,2026/03/22,高知,雨,2.0,C2ー6,9,6.0,6,162.4,8.0,8,妹尾浩一,57.0,ダ,1400.0,稍,98.2,3.2,2-2-2-5,44.3,487.0,7.0,イージスバローズ,
2020100241,シュマンドロワ,2026/03/08,高知,晴,6.0,C2ー4,10,4.0,4,227.4,10.0,6,妹尾浩一,57.0,ダ,1400.0,重,94.1,2.3,7-6-6-6,40.4,480.0,2.0,ラリタス,
2020100241,シュマンドロワ,2026/03/01,高知,晴,10.0,ファイナルレース(C2),12,5.0,5,67.6,12.0,9,妹尾浩一,57.0,ダ,1300.0,不,86.5,0.9,6-7-4-3,40.7,478.0,-2.0,クリノオリオン,
2020100241,シュマンドロワ,2026/02/23,高知,晴,7.0,C3ー2,11,6.0,7,162.1,9.0,5,妹尾浩一,57.0,ダ,1300.0,良,86.8,1.8,6-6-8-6,40.2,480.0,-9.0,オセアハートマン,6.0
2020100241,シュマンドロワ,2026/02/17,高知,晴,4.0,C3ー2,12,3.0,3,357.0,12.0,9,妹尾浩一,57.0,ダ,1400.0,稍,95.4,2.5,5-5-7-8,41.1,489.0,6.0,カルリーノ,
2020100241,シュマンドロワ,2026/02/02,高知,晴,4.0,C3ー2,11,2.0,2,137.1,8.0,11,妹尾浩一,57.0,ダ,1400.0,良,94.6,3.5,6-4-4-4,42.8,483.0,-1.0,ルージュアマリア,
2020100241,シュマンドロワ,2026/01/26,高知,晴,8.0,C3ー2,10,1.0,1,200.4,10.0,6,妹尾浩一,57.0,ダ,1300.0,良,86.4,2.0,9-9-9-8,40.1,484.0,5.0,ショウナンマリン,
2020100241,シュマンドロワ,2026/01/11,高知,晴,11.0,ファイナルレース(C3),11,4.0,4,29.9,10.0,10,妹尾浩一,57.0,ダ,1600.0,良,111.6,3.1,3-3-2-7,44.1,479.0,-5.0,オクトニオン,
2020100241,シュマンドロワ,2025/12/31,高知,晴,8.0,竜虎相搏特別(C3),12,2.0,2,144.5,12.0,4,妹尾浩一,57.0,ダ,1400.0,良,94.9,1.0,4-4-5-5,41.3,484.0,4.0,テリオスソラ,9.0
2020100241,シュマンドロワ,2025/12/14,高知,晴,10.0,C3ー2,12,4.0,4,248.6,12.0,8,妹尾浩一,57.0,ダ,1300.0,稍,86.6,2.2,10-10-10-10,39.8,480.0,-3.0,マシンガン,
2020100241,シュマンドロワ,2025/11/30,高知,晴,12.0,ファイナルレース(C3),12,8.0,12,11.1,6.0,12,妹尾浩一,57.0,ダ,1300.0,良,90.9,4.3,3-5-6-11,45.3,483.0,-1.0,スギノマジェスティ,
2020100241,シュマンドロワ,2025/11/16,高知,晴,9.0,C3ー2,10,3.0,3,147.2,10.0,5,妹尾浩一,57.0,ダ,1600.0,稍,108.3,2.4,6-6-6-7,42.0,484.0,-1.0,シンデレラスマイル,6.0
2020100241,シュマンドロワ,2025/11/01,高知,晴,4.0,C3ー2,12,3.0,3,106.4,8.0,7,妹尾浩一,57.0,ダ,1400.0,不,93.1,2.1,6-6-7-7,40.9,485.0,2.0,グリントリッター,
2020100241,シュマンドロワ,2025/10/18,高知,曇,12.0,ファイナルレース(C3),12,4.0,4,22.7,11.0,10,妹尾浩一,57.0,ダ,1300.0,稍,87.8,2.2,2-2-2-3,43.1,483.0,-5.0,キタノインディ,
2020100241,シュマンドロワ,2025/10/05,高知,晴,4.0,C3ー2,12,7.0,9,140.7,9.0,10,妹尾浩一,57.0,ダ,1400.0,重,93.9,1.1,8-9-9-8,41.8,488.0,5.0,ドウフォルス,
2020100241,シュマンドロワ,2025/09/21,高知,晴,12.0,ファイナルレース(C3),12,5.0,5,11.6,7.0,4,妹尾浩一,57.0,ダ,1400.0,稍,95.1,0.8,5-3-3-2,43.0,483.0,-2.0,エバーサニーハート,9.0
2020100241,シュマンドロワ,2025/09/07,高知,晴,7.0,C3ー3,12,7.0,9,71.9,12.0,7,妹尾浩一,57.0,ダ,1300.0,重,86.7,1.8,7-8-8-6,39.2,485.0,8.0,レゴリス,
2020100241,シュマンドロワ,2025/07/27,高知,晴,9.0,C3ー3,11,7.0,9,59.2,10.0,10,中島良美,55.0,ダ,1300.0,稍,86.3,2.7,3-3-3-8,41.6,477.0,-3.0,ライーナシェリー,
2020100241,シュマンドロワ,2025/07/12,高知,晴,2.0,C3ー3,11,6.0,7,59.8,10.0,5,中島良美,55.0,ダ,1400.0,重,92.7,1.4,6-6-6-6,40.7,480.0,-3.0,シシノハート,6.0
2020100241,シュマンドロワ,2025/06/15,高知,晴,8.0,C3ー3,10,1.0,1,25.6,9.0,10,中島良美,55.0,ダ,1300.0,不,89.4,6.2,6-6-7-9,43.5,483.0,-9.0,レースノワエ,
2020100241,シュマンドロワ,2025/06/01,高知,晴,2.0,C3ー4,10,5.0,5,14.5,8.0,4,妹尾浩一,57.0,ダ,1300.0,稍,85.4,0.9,5-5-5-5,39.7,492.0,6.0,クラックオブドーン,9.0
2020100241,シュマンドロワ,2025/05/17,高知,曇,4.0,キビナゴ特別(C3),9,8.0,8,115.7,8.0,3,妹尾浩一,57.0,ダ,1400.0,不,90.0,0.4,4-4-3-3,39.5,486.0,2.0,ミニーバローズ,15.0
2020100241,シュマンドロワ,2025/02/18,高知,晴,2.0,C2C3混合,12,7.0,10,88.6,7.0,10,岩本怜,55.0,ダ,1400.0,稍,95.6,3.1,7-7-7-7,42.5,484.0,3.0,ハイケンス,
2020100241,シュマンドロワ,2025/01/28,高知,晴,8.0,クロス屋藤井典之特別(C3),9,2.0,2,15.8,5.0,6,宮川実,56.0,ダ,1300.0,稍,87.9,1.0,8-8-8-8,40.7,481.0,-4.0,マイネルミュトス,
2020100241,シュマンドロワ,2025/01/13,高知,晴,8.0,C3ー2,8,7.0,7,12.8,5.0,6,宮川実,56.0,ダ,1300.0,稍,88.3,2.1,5-5-6-5,41.1,485.0,5.0,カズロレアート,
2020100241,シュマンドロワ,2024/12/29,高知,晴,9.0,カトレア特別(C3),7,8.0,8,13.6,5.0,6,吉原寛人,56.0,ダ,1400.0,良,94.8,1.4,6-4-4-6,40.6,480.0,-1.0,ディベルティール,
2020100241,シュマンドロワ,2024/12/15,高知,晴,5.0,C3ー6,8,3.0,3,86.9,7.0,1,宮川実,56.0,ダ,1300.0,良,86.9,-0.1,5-5-5-5,40.2,481.0,2.0,(ヴィルヘルム),60.0
2020100241,シュマンドロワ,2024/11/18,金沢,雨,9.0,B25,10,8.0,10,102.8,9.0,8,松戸政也,56.0,ダ,1500.0,不,98.5,4.0,9-9-9-9,40.1,479.0,-3.0,テイコク,
2020100241,シュマンドロワ,2024/11/03,金沢,晴,11.0,スカパー!地方競馬ナ(B2),10,4.0,4,8.8,4.0,10,岡部誠,56.0,ダ,1400.0,重,92.1,3.3,3-3-3-3,41.3,482.0,5.0,スカイトライア,
2020100241,シュマンドロワ,2024/10/20,金沢,晴,7.0,ニコニコ生放送配信記(B2特別),8,1.0,1,17.2,7.0,7,兼子千央,56.0,ダ,1500.0,重,99.3,3.5,6-5-6-6,40.4,477.0,-7.0,バルドルブレイン,
2020100241,シュマンドロワ,2024/09/23,金沢,晴,10.0,ひゃくまんさんお出ま(B2),10,6.0,7,3.2,2.0,2,松戸政也,56.0,ダ,1500.0,重,97.6,2.0,7-7-7-6,39.3,484.0,-4.0,ピエドラアギーラ,15.3
2020100241,シュマンドロワ,2024/09/07,金沢,晴,11.0,アイスパイかがやきフ(B2),9,4.0,4,10.0,5.0,2,松戸政也,56.0,ダ,1500.0,良,97.1,0.3,7-7-6-5,39.3,488.0,-5.0,デルマスソバライ,14.4
2020100241,シュマンドロワ,2024/08/27,金沢,晴,9.0,松ちゃんプリンス生誕(B2),9,8.0,8,13.2,4.0,4,松戸政也,56.0,ダ,1500.0,良,96.7,1.6,4-4-4-4,38.5,493.0,7.0,ロンドンデリーエア,5.4
2020100241,シュマンドロワ,2024/08/05,金沢,晴,4.0,C12,7,6.0,6,3.4,2.0,1,松戸政也,56.0,ダ,1500.0,良,97.4,-0.6,3-2-1-1,39.9,486.0,5.0,(ヘリオシース),42.0
2020100241,シュマンドロワ,2024/07/07,金沢,晴,5.0,スマホで競馬雑誌読み(C1),10,7.0,8,3.5,2.0,2,松戸政也,56.0,ダ,1500.0,良,98.1,1.8,5-5-3-3,39.4,481.0,-1.0,クリスリターン,13.4
2020100241,シュマンドロワ,2024/06/23,金沢,雨,4.0,祝!!小堀悦宏定年記(C1),7,4.0,4,1.5,1.0,3,松戸政也,56.0,ダ,1500.0,不,97.6,1.1,4-4-4-4,39.4,482.0,-1.0,ブタンタン,6.7
2020100241,シュマンドロワ,2024/06/09,金沢,曇,3.0,おまたせしました!宅(C1),10,3.0,3,3.2,2.0,4,松戸政也,56.0,ダ,1400.0,良,91.2,1.5,7-7-7-7,38.3,483.0,0.0,プレストマーヴェル,5.0
2020100241,シュマンドロワ,2024/05/19,金沢,曇,6.0,マルゼンスキー生誕5(C2),10,1.0,1,12.3,4.0,1,渡辺竜也,56.0,ダ,1500.0,良,97.4,-0.2,4-4-4-3,39.1,483.0,7.0,(アイアムロージー),40.0
2020100241,シュマンドロワ,2024/04/21,金沢,曇,3.0,祝☆るくきち★ハタチ(C2),9,8.0,8,9.6,3.0,1,加藤翔馬,55.0,ダ,1500.0,良,99.0,-0.1,4-5-4-3,38.9,476.0,-2.0,(ミギフック),40.0
2020100241,シュマンドロワ,2024/04/09,金沢,雨,5.0,C27,9,8.0,8,12.5,4.0,3,松戸政也,56.0,ダ,1500.0,不,99.1,3.1,5-5-5-4,39.8,478.0,3.0,ピエドラアギーラ,6.4
2020100241,シュマンドロワ,2024/03/26,金沢,雨,4.0,がんばれ石川!コニー(C2),9,8.0,8,4.3,3.0,2,加藤翔馬,55.0,ダ,1400.0,不,93.9,1.8,4-4-4-3,40.8,475.0,-9.0,オールズフェア,12.8
2020100241,シュマンドロワ,2024/03/12,金沢,雨,1.0,無料ネット新聞うまか(C2),8,7.0,7,4.3,2.0,4,松戸政也,56.0,ダ,1400.0,不,94.1,3.3,2-2-3-3,42.6,484.0,0.0,ジェイエルフラッグ,4.8
2020100241,シュマンドロワ,2024/02/03,1小倉7,曇,5.0,障害4歳以上未勝利,12,7.0,10,202.0,12.0,11,鷲頭虎太,57.0,障,2860.0,良,201.8,8.0,10-11-11-11,14.1,484.0,10.0,ニシノフウジン,
2020100241,シュマンドロワ,2023/12/28,5阪神9,晴,4.0,障害3歳以上未勝利,14,5.0,7,431.9,13.0,12,草野太郎,58.0,障,2970.0,良,208.8,7.8,13-13-12-12,14.1,474.0,2.0,ドンカルロ,
2020100241,シュマンドロワ,2023/11/18,3福島5,晴,4.0,障害3歳以上未勝利,14,4.0,6,254.4,13.0,14,江田勇亮,58.0,障,2770.0,稍,193.7,7.2,14-14-14-14,14.0,472.0,14.0,ルヴェルディ,
2020100241,シュマンドロワ,2023/06/10,3東京3,曇,6.0,3歳未勝利,16,1.0,2,245.8,12.0,10,永野猛蔵,55.0,ダ,1600.0,稍,99.2,2.5,8-7,38.6,458.0,-8.0,キタノワンダー,
2020100241,シュマンドロワ,2023/05/20,1新潟7,晴,7.0,3歳未勝利,16,7.0,14,27.1,7.0,10,角田大和,55.0,芝,1600.0,良,97.8,1.7,12-13,34.6,466.0,2.0,テーオーグランビル,
2020100241,シュマンドロワ,2023/03/19,2中山8,晴,3.0,3歳未勝利,16,1.0,2,25.7,8.0,14,岩田康誠,56.0,ダ,1800.0,不,117.3,4.5,3-3-5-6,42.1,464.0,2.0,パープルナイト,
2020100241,シュマンドロワ,2023/01/22,1中山8,曇,5.0,3歳未勝利,15,8.0,15,10.8,4.0,14,岩田康誠,56.0,芝,2200.0,良,139.5,3.3,2-2-2-3,40.4,462.0,-4.0,ペリプルス,
2020100241,シュマンドロワ,2022/12/28,5中山9,晴,3.0,2歳未勝利,16,5.0,10,7.6,4.0,8,イーガン,55.0,芝,1600.0,良,97.0,1.0,12-13-12,35.4,466.0,6.0,ポリーフォリア,
2020100241,シュマンドロワ,2022/11/13,5東京4,晴,2.0,2歳未勝利,12,7.0,9,10.5,5.0,8,今村聖奈,52.0,芝,1800.0,良,109.1,0.9,9-9-9,34.4,460.0,2.0,コレペティトール,
2020100241,シュマンドロワ,2022/10/02,4中山9,晴,5.0,2歳新馬,14,5.0,8,14.8,7.0,4,岩田康誠,55.0,芝,1800.0,良,110.8,0.8,1-1-1-1,35.8,458.0,0.0,セブンマジシャン,110.0
2020107079,メンヒ,2026/07/12,高知,曇,3.0,C2ー4,12,8.0,11,49.2,9.0,5,佐原秀泰,57.0,ダ,1300.0,稍,86.0,0.9,5-4-3-4,40.0,489.0,-1.0,アスキーアート,8.0
2020107079,メンヒ,2026/06/28,高知,曇,4.0,C2ー5,9,4.0,4,37.2,5.0,5,岡村卓弥,57.0,ダ,1400.0,不,91.8,1.6,7-7-6-6,39.2,490.0,1.0,アンビシュー,8.0
2020107079,メンヒ,2026/06/14,高知,小雨,5.0,日曜市特別(C2),11,7.0,9,43.7,6.0,4,岡村卓弥,57.0,ダ,1600.0,重,108.5,1.0,9-9-9-6,41.0,489.0,-2.0,プレジール,16.0
2020107079,メンヒ,2026/05/31,高知,晴,2.0,C2ー6,11,4.0,4,19.1,6.0,6,妹尾浩一,57.0,ダ,1400.0,稍,93.3,1.3,9-9-8-7,40.2,491.0,-3.0,ココリハクタク,
2020107079,メンヒ,2026/05/17,高知,晴,3.0,C2ー6,12,1.0,1,56.5,7.0,8,山田義貴,57.0,ダ,1300.0,良,87.2,2.7,8-8-8-7,40.7,494.0,1.0,ワンダフルトゥデイ,
2020107079,メンヒ,2026/05/03,高知,雨,2.0,C2ー7,11,8.0,10,20.3,7.0,5,岡村卓弥,57.0,ダ,1400.0,不,90.4,0.7,5-5-4-3,39.1,493.0,1.0,クラウンセヘル,8.0
2020107079,メンヒ,2026/04/19,高知,曇,2.0,C2ー9,9,5.0,5,23.8,4.0,3,岡村卓弥,57.0,ダ,1600.0,重,106.7,0.8,4-4-4-3,40.7,492.0,3.0,ジーティーハッピー,24.0
2020107079,メンヒ,2026/04/05,高知,晴,4.0,C2C3混合,11,8.0,10,48.8,7.0,5,山田義貴,57.0,ダ,1400.0,不,91.1,1.0,2-2-1-3,40.1,489.0,2.0,ステラマテュティナ,8.0
2020107079,メンヒ,2026/03/22,高知,雨,7.0,C2ー2,10,2.0,2,35.9,7.0,6,郷間勇太,57.0,ダ,1400.0,重,94.2,1.7,7-5-4-3,41.9,487.0,1.0,サイセイセイ,
2020107079,メンヒ,2026/03/08,高知,晴,3.0,矢作厩舎慰安旅行記念(C2),8,4.0,4,17.8,5.0,6,林謙佑,57.0,ダ,1400.0,重,93.3,2.1,8-8-7-7,40.0,486.0,-2.0,メイショウカズサ,
2020107079,メンヒ,2026/03/01,高知,晴,10.0,ファイナルレース(C2),12,6.0,7,6.7,3.0,4,林謙佑,57.0,ダ,1300.0,不,85.7,0.1,5-5-7-6,39.6,488.0,2.0,クリノオリオン,10.5
2020107079,メンヒ,2026/02/15,高知,晴,10.0,ファイナルレース(C2),11,4.0,4,6.5,2.0,6,井上瑛太,57.0,ダ,1600.0,重,107.8,0.9,10-9-10-8,40.9,486.0,-10.0,ヴィナクローナ,
2020107079,メンヒ,2026/02/01,高知,晴,10.0,ファイナルレース(C2),12,3.0,3,26.4,10.0,5,林謙佑,57.0,ダ,1300.0,良,85.3,0.5,9-9-9-9,39.4,496.0,0.0,バンドネオン,7.0
2020107079,メンヒ,2026/01/18,高知,晴,7.0,C2ー2,9,7.0,7,18.6,5.0,7,井上瑛太,57.0,ダ,1400.0,良,93.6,2.3,9-8-7-7,40.3,496.0,-1.0,エイシンオッティモ,
2020107079,メンヒ,2026/01/10,高知,晴,9.0,小寒特別(C2),10,3.0,3,49.0,8.0,7,妹尾浩一,57.0,ダ,1300.0,良,87.0,1.9,10-8-8-7,40.5,497.0,-3.0,メイショウシロガネ,
2020107079,メンヒ,2025/12/28,高知,晴,10.0,C2ー3,11,8.0,11,17.0,4.0,3,井上瑛太,57.0,ダ,1600.0,良,109.8,1.0,5-5-5-4,40.9,500.0,-1.0,メイショウヨンク,17.5
2020107079,メンヒ,2025/12/13,高知,小雨,11.0,年の瀬特別(C2),12,7.0,10,86.4,10.0,11,岩橋勇二,57.0,ダ,1400.0,良,94.7,2.1,10-11-12-12,40.6,501.0,13.0,ジャスパージャック,
2020107079,メンヒ,2025/11/15,高知,晴,8.0,C2ー4,7,5.0,5,15.5,7.0,2,林謙佑,57.0,ダ,1600.0,重,108.4,0.9,7-6-7-6,42.0,488.0,-2.0,ポピュラーソング,28.0
2020107079,メンヒ,2025/11/01,高知,晴,8.0,C2ー4,11,6.0,6,15.1,7.0,9,岡村卓弥,57.0,ダ,1300.0,不,85.9,2.2,9-9-10-10,40.0,490.0,0.0,ヤマニンブライトン,
2020107079,メンヒ,2025/10/18,高知,曇,7.0,C2ー5,11,4.0,4,46.1,5.0,3,岡村卓弥,57.0,ダ,1400.0,稍,93.7,1.2,10-10-5-5,40.6,490.0,-1.0,アティード,17.5
2020107079,メンヒ,2025/10/04,高知,曇,7.0,C2ー5,12,7.0,9,29.3,8.0,5,林謙佑,57.0,ダ,1400.0,重,93.6,0.8,8-7-6-4,41.9,491.0,-9.0,アーサーテソーロ,7.0
2020107079,メンヒ,2025/09/23,高知,曇,1.0,YJSトライアルラウ(C3),12,8.0,11,8.6,4.0,2,阿部基嗣,57.0,ダ,1400.0,良,93.9,0.1,7-5-4-3,41.7,500.0,8.0,ハットグットゲット,72.0
2020107079,メンヒ,2025/09/07,高知,晴,7.0,C3ー3,12,8.0,12,9.8,5.0,9,林謙佑,57.0,ダ,1300.0,重,87.5,2.6,4-4-4-7,40.7,492.0,2.0,レゴリス,
2020107079,メンヒ,2025/07/27,高知,晴,8.0,C3ー4,12,3.0,3,43.4,8.0,1,妹尾浩一,57.0,ダ,1300.0,稍,84.2,-0.2,6-5-5-3,38.2,490.0,-1.0,(アキノスマート),60.0
2020107079,メンヒ,2025/07/12,高知,晴,12.0,ファイナルレース(C3),12,6.0,7,5.9,2.0,6,岡村卓弥,57.0,ダ,1300.0,重,85.5,0.8,10-9-9-10,40.2,491.0,-3.0,ミスキャサリン,
2020107079,メンヒ,2025/06/28,高知,晴,4.0,C3ー5,9,2.0,2,6.0,3.0,3,岡村卓弥,57.0,ダ,1600.0,重,108.5,1.0,7-7-5-4,41.1,494.0,-2.0,ホープインザダーク,15.0
2020107079,メンヒ,2025/06/14,高知,雨,4.0,C3ー5,12,5.0,5,24.3,5.0,4,岡遼太郎,57.0,ダ,1300.0,不,83.4,1.1,9-9-8-6,38.5,496.0,-4.0,ヤマニンブライトン,9.0
2020107079,メンヒ,2025/05/31,高知,晴,5.0,C3ー6,10,4.0,4,14.7,5.0,8,岡村卓弥,57.0,ダ,1300.0,稍,86.7,1.5,8-8-7-9,40.6,500.0,-2.0,ミラクルドリーム,
2020107079,メンヒ,2025/05/17,高知,曇,2.0,C3ー7,9,8.0,9,20.2,5.0,4,仲原大生,57.0,ダ,1400.0,不,89.7,0.5,4-4-4-4,38.8,502.0,-3.0,タマモジャケット,9.0
2020107079,メンヒ,2025/05/04,高知,晴,12.0,ファイナルレース(C3),12,7.0,9,10.8,9.0,6,岡遼太郎,57.0,ダ,1300.0,重,85.1,0.4,5-6-5-6,40.7,505.0,-2.0,エイシンオッティモ,
2020107079,メンヒ,2025/04/19,高知,晴,1.0,C3ー9,10,5.0,5,10.8,2.0,3,岡村卓弥,57.0,ダ,1400.0,稍,93.9,1.0,5-6-5-4,41.9,507.0,16.0,ピクチャーカード,15.0
2020107079,メンヒ,2024/09/07,高知,晴,1.0,祝康平36歳記念特別(C3),9,5.0,5,,,取,林謙佑,56.0,ダ,1400.0,良,,,,,,,イッセーノーデ,
2020107079,メンヒ,2024/07/28,高知,晴,2.0,C3ー7,8,7.0,7,10.6,6.0,5,岡村卓弥,56.0,ダ,1300.0,良,86.1,1.6,6-5-6-6,40.2,491.0,4.0,ユナイテッドハーツ,6.0
2020107079,メンヒ,2024/07/15,高知,曇,2.0,C3ー7,9,5.0,5,13.7,4.0,4,及川烈,55.0,ダ,1300.0,不,84.6,1.9,9-8-7-7,39.6,487.0,-1.0,カイラシ,9.0
2020107079,メンヒ,2024/06/30,高知,曇,1.0,幸太朗書道入選特別(C3),8,6.0,6,17.0,6.0,4,岡村卓弥,56.0,ダ,1300.0,不,84.9,0.7,3-4-3-4,40.4,488.0,3.0,サムシンググレート,9.0
2020107079,メンヒ,2024/06/08,高知,雨,11.0,ファイナルレース(C3),12,7.0,9,22.6,10.0,2,岡村卓弥,56.0,ダ,1300.0,重,86.3,0.7,9-9-5-4,40.7,485.0,-2.0,レブロン,21.0
2020107079,メンヒ,2024/05/26,高知,曇,10.0,ファイナルレース(C3),11,5.0,5,5.7,2.0,6,林謙佑,56.0,ダ,1400.0,稍,94.5,1.1,7-7-7-6,41.9,487.0,3.0,カミナリオヤヂ,
2020107079,メンヒ,2024/05/11,高知,晴,7.0,C3ー11,11,7.0,9,62.0,8.0,6,岡村卓弥,56.0,ダ,1300.0,稍,86.6,2.0,5-5-5-5,40.9,484.0,2.0,メイショウウズマサ,
2020107079,メンヒ,2024/04/29,高知,雨,11.0,ファイナルレース(C3),12,1.0,1,7.4,4.0,8,岡村卓弥,56.0,ダ,1400.0,不,92.2,1.8,10-10-11-12,40.4,482.0,-3.0,リワードセタレン,
2020107079,メンヒ,2024/04/13,高知,晴,7.0,永井誠・富樫佳宏特別(C3),10,6.0,6,42.2,7.0,6,岡村卓弥,56.0,ダ,1300.0,稍,86.7,2.0,8-6-7-8,40.1,485.0,-2.0,レディーアーサー,
2020107079,メンヒ,2024/03/20,高知,小雨,4.0,第2回小池祐子特別(C3),8,2.0,2,15.9,3.0,5,岡村卓弥,56.0,ダ,1300.0,重,85.7,2.3,7-6-6-7,40.4,487.0,0.0,ララプロフォン,6.0
2020107079,メンヒ,2024/03/05,高知,雨,2.0,C3ー6,9,6.0,6,17.3,4.0,3,岡村卓弥,56.0,ダ,1300.0,不,84.1,1.2,6-6-6-6,39.8,487.0,-2.0,アイアンムスメ,12.0
2020107079,メンヒ,2024/02/21,高知,雨,5.0,C3ー7,9,8.0,9,3.7,2.0,3,岡村卓弥,56.0,ダ,1300.0,不,83.5,0.4,4-2-2-2,40.2,489.0,3.0,シシガオウ,12.0
2020107079,メンヒ,2024/02/06,高知,晴,2.0,C3ー8,11,4.0,4,9.7,4.0,3,岡村卓弥,56.0,ダ,1300.0,不,84.8,0.3,8-8-5-4,39.9,486.0,-4.0,チャントアチャーム,12.0
2020107079,メンヒ,2024/01/31,高知,小雨,4.0,C3ー7,7,7.0,7,3.8,2.0,4,岡村卓弥,56.0,ダ,1400.0,重,93.4,1.6,7-7-7-5,41.1,490.0,0.0,メイショウメイプル,9.0
2020107079,メンヒ,2024/01/17,高知,晴,4.0,C3ー7,8,4.0,4,14.7,4.0,4,林謙佑,56.0,ダ,1400.0,良,94.8,0.9,7-7-6-6,41.1,490.0,5.0,プロトサマニ,9.0
2020107079,メンヒ,2024/01/01,高知,晴,12.0,ファイナルレース(C3),11,3.0,3,,,取,岡村卓弥,56.0,ダ,1400.0,重,,,,,,,メイショウミチロク,
2020107079,メンヒ,2023/12/17,高知,晴,7.0,C3ー12,11,8.0,11,6.5,4.0,4,林謙佑,56.0,ダ,1300.0,不,86.1,1.4,3-3-4-5,41.3,485.0,-4.0,ヴァイタリティ,9.0
2020107079,メンヒ,2023/12/02,高知,晴,10.0,ファイナルレース(C3),12,1.0,1,5.8,3.0,2,岡村卓弥,56.0,ダ,1400.0,稍,93.4,0.1,6-4-6-3,40.9,489.0,-4.0,プールファム,21.0
2020107079,メンヒ,2023/11/19,高知,晴,8.0,C3ー14,10,4.0,4,12.3,4.0,6,井上瑛太,56.0,ダ,1300.0,不,86.0,1.0,8-9-9-9,40.1,493.0,-3.0,サウンドウイッシュ,
2020107079,メンヒ,2023/11/05,高知,晴,6.0,ヒメヒゴタイ特別(C3),11,7.0,8,7.9,3.0,2,岡村卓弥,56.0,ダ,1400.0,良,94.9,0.3,6-4-4-3,42.3,496.0,-4.0,ダノンブルズアイ,21.0
2020107079,メンヒ,2023/10/22,高知,晴,7.0,C3ー15,10,8.0,10,5.3,2.0,6,岡村卓弥,56.0,ダ,1300.0,良,87.7,2.5,3-4-3-4,42.4,500.0,-8.0,ディヴァーザウェイ,
2020107079,メンヒ,2023/10/08,高知,雨,8.0,C3ー15,11,5.0,5,8.3,4.0,4,岡村卓弥,56.0,ダ,1400.0,不,92.6,1.3,8-7-7-5,40.8,508.0,16.0,ニクソンテソーロ,9.0
2020107079,メンヒ,2023/09/03,3小倉8,晴,4.0,3歳未勝利,18,7.0,14,121.6,14.0,12,酒井学,56.0,芝,2000.0,良,123.7,2.9,3-3-2-7,39.4,492.0,-10.0,アスターブジエ,
2020107079,メンヒ,2023/07/08,3中京3,曇,3.0,3歳未勝利,16,2.0,4,15.8,6.0,12,西塚洸二,53.0,ダ,1800.0,良,116.9,2.3,3-4-4-3,41.0,502.0,-6.0,シゲルソロソロ,
2020107079,メンヒ,2023/06/24,3阪神7,曇,4.0,3歳未勝利,16,8.0,16,106.5,11.0,4,田口貫太,53.0,ダ,1800.0,稍,115.5,0.8,3-2-2-2,40.3,508.0,-2.0,アヘッド,83.0
2020107079,メンヒ,2023/06/04,3阪神2,晴,3.0,3歳未勝利,16,1.0,2,13.3,5.0,9,田口貫太,53.0,ダ,2000.0,稍,128.1,1.6,5-5-4-5,40.3,510.0,-4.0,ワンダーエッジ,
2020107079,メンヒ,2023/05/14,1京都8,曇,4.0,3歳未勝利,10,6.0,6,85.1,10.0,8,太宰啓介,56.0,芝,2000.0,稍,122.7,0.7,7-7-7-7,37.7,514.0,2.0,ニホンピロアリー,
2020107079,メンヒ,2023/04/23,1京都2,晴,5.0,3歳未勝利,17,8.0,17,113.4,12.0,8,松若風馬,56.0,芝,1600.0,良,94.3,1.6,16-14,35.2,512.0,-10.0,ラケマーダ,
2020107079,メンヒ,2023/03/26,2阪神2,雨,5.0,3歳未勝利,16,5.0,10,36.9,8.0,10,松若風馬,56.0,芝,2000.0,重,126.4,2.2,2-2-2-2,37.9,522.0,24.0,リミットバスター,
2020107079,メンヒ,2022/11/06,5阪神2,晴,5.0,2歳新馬,13,4.0,5,103.4,11.0,5,松若風馬,55.0,芝,2000.0,良,124.3,1.8,8-11-11-11,35.8,498.0,0.0,ノーブルクライ,70.0
2020103431,ドウフォルス,2026/07/12,高知,曇,1.0,C2ー6,10,5.0,5,95.8,6.0,4,石本純也,57.0,ダ,1300.0,稍,85.8,2.6,5-5-5-4,40.4,482.0,2.0,ライゾマティクス,16.0
2020103431,ドウフォルス,2026/06/28,高知,曇,2.0,C2ー7,10,6.0,6,211.0,10.0,6,石本純也,57.0,ダ,1400.0,不,92.9,2.3,7-7-9-8,41.9,480.0,1.0,スリーローズ,
2020103431,ドウフォルス,2026/06/14,高知,曇,3.0,C2ー8,9,4.0,4,38.8,7.0,5,岡遼太郎,57.0,ダ,1600.0,稍,109.8,1.9,5-4-6-5,42.1,479.0,1.0,ウインリベラーレ,8.0
2020103431,ドウフォルス,2026/05/30,高知,晴,10.0,ファイナルレース(C2),12,5.0,6,36.9,12.0,10,石本純也,57.0,ダ,1400.0,稍,94.7,2.3,5-5-8-9,41.4,478.0,-7.0,ロードイモータル,
2020103431,ドウフォルス,2026/05/17,高知,晴,1.0,C2ー8,11,8.0,10,41.0,6.0,9,石本純也,57.0,ダ,1300.0,良,88.5,5.7,3-4-7-9,42.9,485.0,2.0,ララマルシュドロワ,
2020103431,ドウフォルス,2026/05/03,高知,雨,1.0,C2ー8,11,6.0,7,40.4,7.0,7,石本純也,57.0,ダ,1400.0,不,91.1,1.3,6-7-7-6,40.6,483.0,0.0,レモンシフォン,
2020103431,ドウフォルス,2026/04/19,高知,曇,2.0,C2ー9,9,8.0,9,51.6,5.0,7,石本純也,57.0,ダ,1600.0,重,107.9,2.0,2-2-2-4,42.3,483.0,-2.0,ジーティーハッピー,
2020103431,ドウフォルス,2026/04/05,高知,晴,1.0,C2ー8,11,2.0,2,86.6,9.0,10,石本純也,57.0,ダ,1400.0,不,93.4,3.4,7-5-7-7,41.3,485.0,2.0,リワードインペリオ,
2020103431,ドウフォルス,2026/03/25,高知,雨,4.0,C1ー5,11,7.0,8,48.4,7.0,9,石本純也,57.0,ダ,1300.0,不,84.6,3.8,3-5-6-9,40.4,483.0,1.0,カイザーブリッツ,
2020103431,ドウフォルス,2026/03/08,高知,晴,9.0,ファイナルレース(C2),12,6.0,8,4.8,2.0,1,妹尾浩一,57.0,ダ,1400.0,重,92.5,-0.5,1-1-1-1,40.5,482.0,-3.0,(トゥラムプラッツ),70.0
2020103431,ドウフォルス,2026/02/22,高知,曇,9.0,ファイナルレース(C2),12,5.0,5,30.0,11.0,9,石本純也,57.0,ダ,1400.0,良,95.5,1.8,2-2-3-3,42.8,485.0,-5.0,トロルトゥンガ,
2020103431,ドウフォルス,2026/02/01,高知,晴,8.0,C2ー2,8,1.0,1,33.3,8.0,7,石本純也,57.0,ダ,1300.0,良,86.1,1.7,3-3-4-5,40.7,490.0,-3.0,ロードフロイデ,
2020103431,ドウフォルス,2026/01/18,高知,晴,10.0,ファイナルレース(C2),12,6.0,7,57.6,12.0,10,石本純也,57.0,ダ,1400.0,良,94.2,1.7,3-3-3-5,41.8,493.0,1.0,オークハンプトン,
2020103431,ドウフォルス,2026/01/10,高知,晴,11.0,ファイナルレース(C2),12,1.0,1,40.6,10.0,10,石本純也,57.0,ダ,1300.0,良,87.8,1.5,3-4-6-9,41.9,492.0,2.0,ジェンマ,
2020103431,ドウフォルス,2025/12/28,高知,晴,12.0,ファイナルレース(C2),11,2.0,2,31.8,11.0,11,石本純也,57.0,ダ,1600.0,良,113.8,4.1,3-4-6-10,46.0,490.0,1.0,モノノフゴールド,
2020103431,ドウフォルス,2025/12/13,高知,小雨,11.0,年の瀬特別(C2),12,7.0,9,233.6,12.0,12,石本純也,57.0,ダ,1400.0,良,96.3,3.7,4-4-5-11,43.3,489.0,1.0,ジャスパージャック,
2020103431,ドウフォルス,2025/11/29,高知,晴,3.0,徳島県阿波尾鶏特別(C2),11,8.0,10,22.6,6.0,2,塚本征吾,57.0,ダ,1400.0,良,93.9,1.0,2-1-1-2,41.5,488.0,-2.0,ゲンパチハマジ,28.0
2020103431,ドウフォルス,2025/11/15,高知,晴,7.0,C2ー5,10,7.0,7,226.7,10.0,6,石本純也,57.0,ダ,1600.0,重,109.4,1.8,7-7-6-6,40.5,490.0,0.0,ビッキーファースト,
2020103431,ドウフォルス,2025/11/01,高知,晴,7.0,C2ー5,11,4.0,4,56.6,10.0,10,石本純也,57.0,ダ,1300.0,不,86.4,1.4,11-11-11-11,39.4,490.0,5.0,マイネルヘルツアス,
2020103431,ドウフォルス,2025/10/18,高知,曇,7.0,C2ー5,11,8.0,11,106.1,8.0,9,石本純也,57.0,ダ,1400.0,稍,95.8,3.3,6-7-8-10,42.2,485.0,3.0,アティード,
2020103431,ドウフォルス,2025/10/05,高知,晴,4.0,C3ー2,12,7.0,10,269.2,12.0,1,石本純也,57.0,ダ,1400.0,重,92.8,-0.1,2-2-2-3,41.4,482.0,-1.0,(イルクオーレ),60.0
2020103431,ドウフォルス,2025/09/21,高知,晴,12.0,ファイナルレース(C3),12,2.0,2,38.2,12.0,11,石本純也,57.0,ダ,1400.0,稍,95.8,1.5,12-11-11-11,42.2,483.0,0.0,エバーサニーハート,
2020103431,ドウフォルス,2025/09/07,高知,晴,9.0,オミナエシ特別(C3),10,7.0,8,242.4,10.0,8,石本純也,57.0,ダ,1300.0,重,87.0,4.0,7-8-9-9,40.9,483.0,5.0,リューノス,
2020103431,ドウフォルス,2025/07/26,高知,曇,8.0,アイスクリン特別(C2),11,1.0,1,290.8,10.0,9,石本純也,57.0,ダ,1600.0,重,108.8,2.5,3-3-5-6,42.3,478.0,-3.0,ヘキクウ,
2020103431,ドウフォルス,2025/07/12,高知,晴,8.0,C2ー4,12,1.0,1,235.6,11.0,8,石本純也,57.0,ダ,1300.0,重,85.4,2.8,4-4-4-5,40.3,481.0,2.0,ヴァリアント,
2020103431,ドウフォルス,2025/06/28,高知,晴,12.0,ファイナルレース(C2),12,8.0,12,32.6,11.0,8,石本純也,57.0,ダ,1400.0,重,91.5,1.6,2-2-2-4,40.3,479.0,0.0,ヒマワリクン,
2020103431,ドウフォルス,2025/06/14,高知,雨,8.0,C2ー4,12,6.0,8,203.9,11.0,9,石本純也,57.0,ダ,1400.0,不,91.8,1.8,3-2-3-4,41.0,479.0,-3.0,デトネイター,
2020103431,ドウフォルス,2025/05/31,高知,晴,11.0,ファイナルレース(C2),12,5.0,5,4.9,2.0,9,石本純也,57.0,ダ,1300.0,稍,87.2,4.2,12-12-12-11,40.3,482.0,2.0,ヴィアダクト,
2020103431,ドウフォルス,2025/05/17,高知,曇,9.0,C2ー3,12,8.0,11,12.9,8.0,10,石本純也,57.0,ダ,1400.0,不,90.8,2.3,4-4-4-7,39.7,480.0,1.0,シシノブレイブ,
2020103431,ドウフォルス,2025/05/03,高知,晴,11.0,ファイナルレース(C2),12,6.0,7,15.8,9.0,3,山崎雅由,57.0,ダ,1300.0,不,84.4,0.2,3-3-3-2,39.5,479.0,-2.0,ゲンパチマイティー,17.5
2020103431,ドウフォルス,2025/04/19,高知,晴,8.0,C2ー4,12,2.0,2,203.2,11.0,6,山崎雅由,57.0,ダ,1400.0,稍,92.8,2.1,4-4-4-4,40.9,481.0,-3.0,ポイントフォワード,
2020103431,ドウフォルス,2025/04/05,高知,曇,8.0,C2ー4,12,5.0,6,114.0,11.0,9,山崎雅由,57.0,ダ,1400.0,稍,94.5,1.6,5-5-6-7,41.1,484.0,3.0,ウインユアソング,
2020103431,ドウフォルス,2025/03/23,高知,晴,9.0,達磨准教授祝い特別(C2),11,2.0,2,255.5,11.0,9,木村直輝,56.0,ダ,1400.0,稍,93.9,2.2,8-8-8-10,40.4,481.0,-5.0,ラプラス,
2020103431,ドウフォルス,2025/03/16,高知,晴,8.0,ファイナルレース(C2),12,5.0,5,29.0,12.0,10,岡遼太郎,56.0,ダ,1400.0,不,92.7,1.4,6-7-8-9,41.0,486.0,-4.0,ナンデフェスティヴ,
2020103431,ドウフォルス,2025/03/02,高知,小雨,9.0,ファイナルレース(C2),12,4.0,4,8.9,6.0,7,郷間勇太,56.0,ダ,1300.0,重,85.8,1.0,7-8-8-7,40.8,490.0,2.0,ブレーヴトライ,
2020103431,ドウフォルス,2025/02/16,高知,曇,6.0,C2ー2,7,3.0,3,9.9,2.0,6,阿部基嗣,53.0,ダ,1600.0,重,109.3,2.6,5-5-6-7,41.9,488.0,0.0,コスモメイゲツ,
2020103431,ドウフォルス,2025/02/09,高知,晴,9.0,ファイナルレース(C2),12,5.0,6,27.2,11.0,2,林謙佑,56.0,ダ,1400.0,稍,94.2,0.3,1-1-1-1,41.6,488.0,-5.0,ナムラカメタロー,24.5
2020103431,ドウフォルス,2025/01/26,高知,晴,11.0,ファイナルレース(C2),12,2.0,2,21.2,9.0,7,林謙佑,56.0,ダ,1400.0,良,95.9,1.8,6-5-6-7,42.5,493.0,-4.0,ヤマニンフェリクス,
2020103431,ドウフォルス,2025/01/12,高知,晴,9.0,寒中特別(C2),11,3.0,3,279.6,11.0,11,松井伸也,56.0,ダ,1400.0,稍,96.3,3.3,5-6-6-8,43.4,497.0,3.0,フレーズメーカー,
2020103431,ドウフォルス,2024/12/29,高知,晴,4.0,C2ー4,8,2.0,2,93.4,8.0,3,林謙佑,56.0,ダ,1600.0,良,111.2,0.7,2-2-2-2,40.1,494.0,1.0,ハイモビリティ,14.0
2020103431,ドウフォルス,2024/12/14,高知,晴,8.0,C2ー4,12,5.0,5,119.5,9.0,11,林謙佑,56.0,ダ,1400.0,良,96.3,2.7,2-2-2-4,44.1,493.0,4.0,ゲンヨウサイ,
2020103431,ドウフォルス,2024/11/30,高知,晴,12.0,ファイナルレース(C2),12,3.0,3,13.4,7.0,12,松井伸也,56.0,ダ,1400.0,稍,94.7,3.1,5-5-7-10,42.1,489.0,7.0,オケイン,
2020103431,ドウフォルス,2024/11/16,高知,曇,8.0,修次さん応援特別(C2),11,8.0,11,7.0,4.0,6,多田羅誠,56.0,ダ,1600.0,重,109.5,1.5,1-1-1-1,43.5,482.0,7.0,シャフトオブライト,
2020103431,ドウフォルス,2024/11/02,高知,曇,12.0,ファイナルレース(C2),12,7.0,10,5.2,3.0,2,多田羅誠,56.0,ダ,1300.0,不,82.9,0.1,1-1-1-1,38.5,475.0,-1.0,ハルノサムソン,24.5
2020103431,ドウフォルス,2024/10/19,高知,雨,5.0,C2ー7,9,4.0,4,27.4,5.0,4,多田羅誠,56.0,ダ,1400.0,稍,93.5,1.0,3-3-5-3,41.2,476.0,-1.0,ゲンパチマイティー,10.5
2020103431,ドウフォルス,2024/10/05,高知,曇,12.0,ファイナルレース(C2),12,2.0,2,6.3,3.0,7,林謙佑,56.0,ダ,1400.0,不,92.6,2.1,3-3-4-4,41.7,477.0,-3.0,モノノフピンク,
2020103431,ドウフォルス,2024/09/22,高知,曇,12.0,ファイナルレース(C3),12,3.0,3,5.3,2.0,4,妹尾浩一,56.0,ダ,1400.0,不,93.7,0.9,5-6-6-3,42.2,480.0,3.0,シャインフェーブス,9.0
2020103431,ドウフォルス,2024/09/08,高知,晴,10.0,タマスダレ特別(C3),12,6.0,7,17.2,5.0,6,多田羅誠,56.0,ダ,1400.0,良,94.7,2.0,5-5-5-5,42.1,477.0,2.0,オケイン,
2020103431,ドウフォルス,2024/07/28,高知,晴,11.0,コマクサ特別(C3),8,2.0,2,106.5,8.0,8,阿部基嗣,53.0,ダ,1300.0,良,87.6,4.3,5-5-7-7,42.4,475.0,-7.0,アイソウザスター,
2020103431,ドウフォルス,2024/07/14,高知,雨,2.0,C3ー3,9,7.0,7,12.6,3.0,2,岡遼太郎,56.0,ダ,1400.0,不,90.5,0.8,1-1-1-2,39.8,482.0,0.0,フィリオアレグロ,21.0
2020103431,ドウフォルス,2024/06/29,高知,雨,2.0,C3ー4,11,5.0,5,79.2,8.0,3,多田羅誠,56.0,ダ,1300.0,不,85.0,2.3,5-4-4-4,41.1,482.0,0.0,タイキマクスウェル,12.0
2020103431,ドウフォルス,2024/06/15,高知,曇,2.0,祝翔司くん生誕祭特別(C3),8,5.0,5,11.3,7.0,5,林謙佑,56.0,ダ,1300.0,良,87.8,1.4,2-2-2-2,42.0,482.0,6.0,スピンドクター,6.0
2020103431,ドウフォルス,2024/06/02,高知,晴,4.0,C3ー5,11,1.0,1,15.6,6.0,2,林謙佑,56.0,ダ,1300.0,重,86.4,0.4,1-1-1-1,40.8,476.0,-4.0,アルバリーニョ,21.0
2020103431,ドウフォルス,2024/05/18,高知,晴,12.0,ファイナルレース(C3),12,7.0,9,19.4,10.0,12,林謙佑,56.0,ダ,1400.0,稍,95.7,2.9,6-7-8-10,43.5,480.0,-4.0,ノックオンウッド,
2020103431,ドウフォルス,2024/05/05,高知,晴,1.0,C3ー5,12,4.0,4,15.5,5.0,6,林謙佑,56.0,ダ,1300.0,稍,87.1,1.8,8-10-9-8,40.1,484.0,-4.0,モノノフピンク,
2020103431,ドウフォルス,2024/04/07,高知,曇,1.0,C3ー5,12,2.0,2,25.1,5.0,6,妹尾浩一,56.0,ダ,1300.0,重,85.3,2.0,3-3-3-3,40.3,488.0,-3.0,サトノフェイバー,
2020103431,ドウフォルス,2024/03/19,高知,曇,2.0,C3ー3,9,3.0,3,8.1,3.0,2,妹尾浩一,56.0,ダ,1300.0,重,86.0,0.0,1-1-1-1,40.5,491.0,-3.0,ネイサンバローズ,21.0
2020103431,ドウフォルス,2024/03/11,高知,晴,3.0,C3ー4,8,8.0,8,10.0,4.0,6,妹尾浩一,56.0,ダ,1400.0,稍,94.5,1.2,2-2-2-3,43.3,494.0,1.0,ハクシンジャベリン,
2020103431,ドウフォルス,2024/02/27,高知,晴,4.0,C3ー4,10,4.0,4,11.3,6.0,3,妹尾浩一,56.0,ダ,1400.0,不,92.5,1.4,5-6-7-7,40.9,493.0,-3.0,サワヤカプリンス,12.0
2020103431,ドウフォルス,2024/02/12,高知,晴,3.0,C3ー5,9,6.0,6,25.9,6.0,5,妹尾浩一,56.0,ダ,1400.0,重,93.9,2.4,3-3-4-5,41.8,496.0,5.0,ビリーズバウンス,6.0
2020103431,ドウフォルス,2024/01/30,高知,晴,5.0,C3ー3,10,7.0,8,23.4,5.0,8,塚本雄大,56.0,ダ,1400.0,良,97.0,3.0,3-4-4-7,44.7,491.0,8.0,ダンケシェーン,
2020103431,ドウフォルス,2024/01/23,高知,晴,6.0,C3ー6,11,7.0,8,3.4,2.0,2,多田羅誠,56.0,ダ,1300.0,重,87.0,0.3,2-2-2-2,40.7,483.0,-7.0,ダノンブルズアイ,21.0
2020103431,ドウフォルス,2024/01/09,高知,晴,5.0,C3ー8,9,7.0,7,,,取,林謙佑,56.0,ダ,1300.0,良,,,,,,,ヴァイタリティ,
2020103431,ドウフォルス,2023/12/31,高知,晴,4.0,C3ー8,12,7.0,10,20.0,5.0,7,林謙佑,56.0,ダ,1400.0,重,94.4,2.4,3-4-5-6,42.6,490.0,1.0,ワイドカント,
2020103431,ドウフォルス,2023/12/16,高知,曇,5.0,C3ー8,11,1.0,1,19.3,4.0,5,多田羅誠,56.0,ダ,1300.0,不,85.8,0.9,1-1-1-2,41.0,489.0,5.0,チリセラーノ,6.0
2020103431,ドウフォルス,2023/12/02,高知,晴,8.0,ダイナマイト九州特別(C3),12,1.0,1,16.1,6.0,6,多田羅誠,56.0,ダ,1400.0,稍,93.9,1.6,3-3-3-2,41.7,484.0,-1.0,プロテア,
2020103431,ドウフォルス,2023/11/18,高知,曇,2.0,C3ー12,9,8.0,9,8.9,5.0,1,林謙佑,56.0,ダ,1300.0,不,83.8,-0.5,1-1-1-1,39.4,485.0,1.0,(ダノンブルズアイ),60.0
2020103431,ドウフォルス,2023/11/04,高知,晴,6.0,みっちゃんガンバ特別(C3),12,7.0,10,23.0,5.0,11,阿部基嗣,53.0,ダ,1400.0,良,96.4,3.3,3-5-6-9,43.9,484.0,-7.0,ダノンダンサー,
2020103431,ドウフォルス,2023/10/21,高知,晴,3.0,C3ー12,10,5.0,5,14.2,5.0,5,多田羅誠,56.0,ダ,1300.0,良,87.4,0.7,2-3-4-4,41.6,491.0,-6.0,モイル,6.0
2020103431,ドウフォルス,2023/10/07,高知,曇,3.0,シオン特別(C3),12,1.0,1,5.3,4.0,6,多田羅誠,56.0,ダ,1400.0,良,97.0,1.4,1-1-2-3,44.7,497.0,11.0,コモドアーズ,
2020103431,ドウフォルス,2023/09/02,3小倉7,曇,3.0,3歳未勝利,18,5.0,9,8.5,3.0,9,藤岡康太,56.0,芝,1200.0,稍,69.7,1.0,7-7,36.0,486.0,-4.0,レディメローラ,
2020103431,ドウフォルス,2023/08/13,3小倉2,晴,2.0,3歳未勝利,18,7.0,15,16.0,6.0,3,藤岡康太,56.0,芝,1200.0,良,69.4,0.0,5-5,35.4,490.0,2.0,ユハンヌス,140.0
2020103431,ドウフォルス,2023/06/17,3阪神5,晴,6.0,3歳未勝利,16,7.0,13,3.7,1.0,7,藤岡康太,56.0,ダ,1400.0,良,86.6,1.3,1-1,38.7,488.0,-6.0,ケイアイアニラ,
2020103431,ドウフォルス,2023/06/03,3阪神1,晴,1.0,3歳未勝利,16,6.0,12,81.5,13.0,3,藤岡康太,56.0,ダ,1400.0,重,83.7,0.4,1-1,36.7,494.0,0.0,ガンウルフ,140.0
2020103431,ドウフォルス,2023/01/28,1中京9,晴,3.0,3歳未勝利,15,2.0,2,6.5,3.0,11,岩田望来,56.0,ダ,1900.0,良,125.6,4.3,6-7-9-10,42.0,494.0,8.0,バンドマスター,
2020103431,ドウフォルス,2022/12/03,6阪神1,晴,1.0,2歳未勝利,13,5.0,6,15.0,4.0,6,武豊,55.0,ダ,1800.0,稍,117.4,3.4,7-5-5-5,40.9,486.0,-6.0,ユティタム,
2020103431,ドウフォルス,2022/11/20,5阪神6,曇,2.0,2歳未勝利,14,6.0,10,5.3,2.0,5,武豊,55.0,ダ,1800.0,稍,116.8,1.0,13-13-12-11,38.3,492.0,4.0,ウイニンググレイス,52.0
2020103431,ドウフォルス,2022/09/04,4小倉8,晴,5.0,2歳新馬,11,7.0,8,3.7,2.0,9,武豊,54.0,芝,1800.0,良,112.5,1.9,2-2-2-5,37.3,488.0,0.0,トーアライデン,
2018102681,サプライズビュー,2026/07/11,高知,晴,8.0,C2ー2,8,1.0,1,168.8,8.0,8.0,塚本直之,54.0,ダ,1300.0,重,87.4,2.6,5-6-7-6,40.3,520.0,1.0,ニコラウス,
2018102681,サプライズビュー,2026/06/27,高知,雨,11.0,ファイナルレース(C2),12,7.0,9,6.7,4.0,4.0,塚本直之,54.0,ダ,1400.0,不,91.8,1.1,10-10-9-7,39.9,519.0,-4.0,ショットメーカー,16.0
2018102681,サプライズビュー,2026/06/13,高知,晴,7.0,C2ー4,10,6.0,6,24.9,6.0,4.0,塚本直之,54.0,ダ,1600.0,稍,109.1,1.2,8-8-7-7,42.1,523.0,8.0,グッドフェイス,16.0
2018102681,サプライズビュー,2026/05/30,高知,晴,6.0,C2ー4,11,7.0,8,9.3,3.0,5.0,塚本直之,54.0,ダ,1400.0,稍,93.1,1.6,9-10-7-7,40.6,515.0,-6.0,タイムイズマネー,8.0
2018102681,サプライズビュー,2026/05/17,高知,晴,3.0,C2ー6,12,7.0,9,25.6,5.0,4.0,塚本直之,54.0,ダ,1300.0,良,86.6,2.1,10-11-10-9,39.5,521.0,-8.0,ワンダフルトゥデイ,16.0
2018102681,サプライズビュー,2026/05/03,高知,雨,3.0,C2ー6,10,8.0,10,20.4,7.0,4.0,塚本直之,54.0,ダ,1400.0,不,90.5,0.3,5-5-4-5,38.3,529.0,0.0,プリンセスダイヤ,16.0
2018102681,サプライズビュー,2026/04/19,高知,曇,4.0,C2ー7,9,6.0,6,21.8,7.0,6.0,塚本直之,54.0,ダ,1600.0,重,107.0,1.0,4-3-3-4,40.1,529.0,1.0,ダイヤモンドフジ,
2018102681,サプライズビュー,2026/04/04,高知,雨,12.0,ファイナルレース(C2),0,6.0,8,,,,塚本直之,54.0,ダ,1400.0,不,,,,,,,,
2018102681,サプライズビュー,2026/03/25,高知,雨,6.0,C1ー3,11,7.0,9,16.9,6.0,5.0,妹尾浩一,57.0,ダ,1300.0,不,83.3,1.5,9-9-7-5,38.7,528.0,5.0,スティーロポリス,9.0
2018102681,サプライズビュー,2026/03/11,高知,晴,10.0,ファイナルレース(C1),12,2.0,2,20.5,10.0,4.0,城野慈尚,56.0,ダ,1400.0,稍,92.2,0.5,7-7-7-6,39.6,523.0,-3.0,ネオヒューズ,13.5
2018102681,サプライズビュー,2026/02/25,高知,曇,10.0,ファイナルレース(C1),11,5.0,5,12.3,7.0,5.0,妹尾浩一,57.0,ダ,1600.0,不,104.4,0.2,4-3-4-3,40.1,526.0,-2.0,マツリダマスラオ,9.0
2018102681,サプライズビュー,2026/02/11,高知,曇,6.0,C1ー3,9,8.0,8,23.7,4.0,4.0,妹尾浩一,57.0,ダ,1300.0,重,84.9,1.5,6-6-4-4,38.8,528.0,2.0,イモータルウインド,13.5
2018102681,サプライズビュー,2026/01/27,高知,晴,7.0,C1ー3,11,8.0,11,121.1,10.0,9.0,妹尾浩一,57.0,ダ,1400.0,良,92.0,1.0,2-2-2-2,40.5,526.0,-2.0,メイショウシロガネ,
2018102681,サプライズビュー,2026/01/13,高知,晴,6.0,C1ー4,6,6.0,6,15.5,5.0,5.0,妹尾浩一,57.0,ダ,1600.0,良,108.5,2.1,2-2-2-3,41.4,528.0,4.0,ショウサンキズナ,9.0
2018102681,サプライズビュー,2025/12/29,高知,晴,8.0,C1ー4,12,3.0,3,56.1,8.0,6.0,近藤翔月,55.0,ダ,1400.0,良,93.2,1.7,10-10-9-6,40.0,524.0,-1.0,ビステル,
2018102681,サプライズビュー,2025/12/13,高知,小雨,10.0,C2ー2,12,5.0,6,160.7,11.0,1.0,妹尾浩一,57.0,ダ,1400.0,良,93.3,-0.3,12-9-9-5,40.0,525.0,6.0,(イエルバブエナ),70.0
2018102681,サプライズビュー,2025/11/29,高知,晴,7.0,土佐黒牛特別(C2),11,5.0,5,47.0,9.0,7.0,妹尾浩一,57.0,ダ,1400.0,良,95.4,1.4,11-10-9-7,41.6,519.0,5.0,レゴリス,
2018102681,サプライズビュー,2025/11/15,高知,晴,10.0,C2ー2,11,7.0,9,158.2,10.0,5.0,妹尾浩一,57.0,ダ,1600.0,重,107.6,1.1,3-3-3-4,42.2,514.0,1.0,ユキノマリア,7.0
2018102681,サプライズビュー,2025/11/01,高知,晴,12.0,ファイナルレース(C2),12,2.0,2,10.6,5.0,11.0,妹尾浩一,57.0,ダ,1300.0,不,86.1,2.1,10-10-10-11,39.9,513.0,5.0,ヴィアダクト,
2018102681,サプライズビュー,2025/10/18,高知,曇,10.0,C2ー2,12,4.0,4,390.4,12.0,8.0,妹尾浩一,57.0,ダ,1400.0,稍,93.3,1.6,12-11-10-10,40.0,508.0,-4.0,フユソウビ,
2018102681,サプライズビュー,2025/10/04,高知,曇,3.0,高知競馬視察研修特別(C2),12,4.0,4,191.9,12.0,8.0,妹尾浩一,57.0,ダ,1400.0,重,93.3,2.0,7-5-5-5,40.6,512.0,4.0,サンライズラポール,
2018102681,サプライズビュー,2025/09/21,高知,晴,10.0,C2ー2,11,7.0,8,148.7,11.0,10.0,城野慈尚,56.0,ダ,1300.0,稍,86.9,2.3,10-9-8-9,41.1,508.0,2.0,ピストンボーイ,
2018102681,サプライズビュー,2025/09/06,高知,晴,11.0,白露特別(C2),9,8.0,9,136.4,8.0,8.0,妹尾浩一,57.0,ダ,1400.0,重,93.6,2.7,9-9-9-9,41.2,506.0,-2.0,コスモメイゲツ,
2018102681,サプライズビュー,2025/07/26,高知,曇,1.0,C1C2混合,10,1.0,1,110.4,9.0,9.0,妹尾浩一,56.0,ダ,1400.0,重,92.6,3.5,9-8-8-9,41.0,508.0,-1.0,ヴァリアント,
2018102681,サプライズビュー,2025/07/12,高知,晴,11.0,小暑特別(C2),12,6.0,8,125.7,12.0,9.0,妹尾浩一,57.0,ダ,1300.0,重,85.1,2.0,12-12-12-11,39.5,509.0,-10.0,メイショウエレジー,
2018102681,サプライズビュー,2025/06/28,高知,晴,9.0,C2ー3,9,2.0,2,19.5,5.0,2.0,妹尾浩一,57.0,ダ,1400.0,重,91.8,0.5,3-3-2-2,38.7,519.0,-3.0,ショウナンナツゾラ,28.0
2018102681,サプライズビュー,2025/06/14,高知,雨,9.0,C2ー3,11,6.0,7,72.4,8.0,5.0,妹尾浩一,57.0,ダ,1600.0,不,104.6,1.8,5-5-4-3,39.1,522.0,5.0,サンセットベリー,7.0
2018102681,サプライズビュー,2025/05/31,高知,晴,9.0,C2ー2,12,2.0,2,85.3,10.0,9.0,妹尾浩一,57.0,ダ,1300.0,稍,85.2,1.6,10-11-11-11,39.3,517.0,1.0,フクノルッカ,
2018102681,サプライズビュー,2025/05/17,高知,曇,9.0,C2ー3,12,7.0,10,21.3,9.0,4.0,妹尾浩一,57.0,ダ,1400.0,不,89.2,0.7,7-7-5-5,38.1,516.0,-4.0,シシノブレイブ,10.5
2018102681,サプライズビュー,2025/05/03,高知,晴,11.0,ファイナルレース(C2),12,1.0,1,12.5,8.0,8.0,妹尾浩一,57.0,ダ,1300.0,不,85.5,1.3,12-12-12-11,39.5,520.0,-3.0,ゲンパチマイティー,
2018102681,サプライズビュー,2025/04/19,高知,晴,9.0,C2ー3,12,5.0,5,112.9,9.0,7.0,近藤翔月,54.0,ダ,1400.0,稍,92.9,1.7,10-10-9-8,39.0,523.0,4.0,ガラパゴス,
2018102681,サプライズビュー,2025/04/05,高知,曇,9.0,C2ー3,11,6.0,7,106.6,11.0,5.0,井上瑛太,57.0,ダ,1400.0,稍,94.3,3.4,8-9-10-9,40.7,519.0,7.0,ピンシャン,7.0
2018102681,サプライズビュー,2025/03/12,高知,曇,9.0,ファイナルレース(C1),12,1.0,1,11.0,7.0,10.0,多田羅誠,56.0,ダ,1300.0,重,85.4,0.9,11-11-11-11,38.2,512.0,-3.0,ロードアブソルート,
2018102681,サプライズビュー,2025/02/19,高知,晴,6.0,宮尾熙一特別(C1),8,5.0,5,18.7,6.0,8.0,多田羅誠,56.0,ダ,1600.0,稍,109.8,1.9,4-4-5-6,40.7,515.0,-1.0,フクチャンキング,
2018102681,サプライズビュー,2025/02/05,高知,晴,6.0,祝高山雅美52歳特別(C1),8,6.0,6,34.6,6.0,8.0,岩本怜,56.0,ダ,1300.0,重,87.3,2.8,8-7-7-8,41.3,516.0,3.0,バウンティキャット,
2018102681,サプライズビュー,2025/01/22,高知,晴,9.0,ファイナルレース(C1),11,2.0,2,7.5,5.0,6.0,松井伸也,56.0,ダ,1600.0,良,111.1,1.0,10-10-10-9,41.0,513.0,-3.0,ノイジーアプローチ,
2018102681,サプライズビュー,2025/01/08,高知,晴,10.0,ファイナルレース(C1),11,5.0,5,4.0,1.0,5.0,松井伸也,56.0,ダ,1600.0,稍,110.4,0.5,9-9-8-7,40.4,516.0,1.0,サバンナモンキー,9.0
2018102681,サプライズビュー,2024/12/28,高知,晴,5.0,ブリ特別(C1),12,5.0,6,12.9,5.0,5.0,松井伸也,56.0,ダ,1400.0,良,95.0,1.0,12-12-10-6,40.8,515.0,-5.0,ハルノサムソン,9.0
2018102681,サプライズビュー,2024/12/15,高知,晴,2.0,C1ー4,12,7.0,9,11.4,3.0,6.0,松井伸也,56.0,ダ,1400.0,良,94.1,1.5,9-9-8-5,40.4,520.0,1.0,モズパシュート,
2018102681,サプライズビュー,2024/12/01,高知,晴,3.0,C1ー7,10,6.0,6,4.8,2.0,3.0,松井伸也,56.0,ダ,1300.0,稍,84.6,0.1,10-9-9-9,39.3,519.0,1.0,チャントアチャーム,18.0
2018102681,サプライズビュー,2024/11/02,高知,曇,4.0,C1ー6,12,7.0,9,10.1,4.0,10.0,岡村卓弥,56.0,ダ,1400.0,不,90.7,1.3,5-4-4-4,40.2,518.0,-1.0,エマージングロール,
2018102681,サプライズビュー,2024/10/20,高知,晴,6.0,しまね和牛特別(C1),10,4.0,4,20.4,5.0,4.0,岡村卓弥,56.0,ダ,1300.0,稍,85.0,1.0,4-4-3-3,40.7,519.0,1.0,カプティフ,13.5
2018102681,サプライズビュー,2024/06/01,高知,晴,8.0,C2ー3,10,8.0,10,2.5,1.0,1.0,妹尾浩一,56.0,ダ,1300.0,重,84.5,-0.9,2-2-1-1,39.7,518.0,4.0,(ロードアスタリスク),70.0
2018102681,サプライズビュー,2024/05/18,高知,晴,11.0,小満特別(C2),12,5.0,5,17.0,5.0,8.0,妹尾浩一,56.0,ダ,1400.0,稍,93.0,1.6,9-8-6-5,41.7,514.0,-1.0,アードラー,
2018102681,サプライズビュー,2024/05/05,高知,晴,8.0,C2ー4,10,7.0,8,6.0,3.0,2.0,妹尾浩一,56.0,ダ,1400.0,稍,91.2,1.6,3-4-2-2,40.9,515.0,-2.0,アードラー,24.5
2018102681,サプライズビュー,2024/04/20,高知,曇,7.0,C2ー4,9,8.0,8,2.0,1.0,3.0,妹尾浩一,56.0,ダ,1300.0,良,85.4,0.2,8-9-6-5,39.2,517.0,6.0,コスモシーウルフ,14.0
2018102681,サプライズビュー,2024/04/06,高知,曇,7.0,C2ー5,8,4.0,4,4.5,3.0,3.0,妹尾浩一,56.0,ダ,1400.0,重,91.5,1.5,6-6-6-4,39.1,511.0,1.0,ロードレイライン,14.0
2018102681,サプライズビュー,2024/03/19,高知,曇,7.0,ジンチョウゲ特別(C3),11,6.0,7,2.2,2.0,1.0,塚本雄大,56.0,ダ,1300.0,重,84.4,-0.4,6-6-5-4,38.8,510.0,-6.0,(アイアンムスメ),110.0
2018102681,サプライズビュー,2024/02/27,高知,晴,8.0,ウメ特別(C3),9,2.0,2,5.4,4.0,2.0,塚本雄大,56.0,ダ,1400.0,不,90.3,0.1,6-6-6-3,39.4,516.0,2.0,ビリーズバウンス,38.5
2018102681,サプライズビュー,2024/02/14,高知,晴,4.0,C3ー8,11,2.0,2,3.5,2.0,1.0,松井伸也,56.0,ダ,1400.0,重,92.7,-0.5,8-7-5-3,39.6,514.0,8.0,(ダノンプレジャー),60.0
2018102681,サプライズビュー,2024/01/06,1中山1,晴,6.0,4歳以上1勝クラス,16,8.0,16,78.4,11.0,16.0,ピーヒュ,58.0,ダ,2400.0,良,166.6,10.1,1-1-13-16,47.9,506.0,-2.0,ルーラーリッチ,
2018102681,サプライズビュー,2023/12/09,5中山3,晴,8.0,3歳以上1勝クラス,16,4.0,8,48.2,10.0,10.0,内田博幸,58.0,ダ,1800.0,良,115.4,1.1,14-14-11-11,39.7,508.0,-2.0,シグナルファイアー,
2018102681,サプライズビュー,2023/10/14,4新潟1,晴,8.0,3歳以上1勝クラス,11,6.0,7,31.0,7.0,10.0,大野拓弥,58.0,ダ,1800.0,良,114.5,2.1,11-11-9-9,39.1,510.0,2.0,メイトースイ,
2018102681,サプライズビュー,2023/09/23,4中山6,曇,7.0,3歳以上1勝クラス,11,1.0,1,11.6,6.0,6.0,内田博幸,58.0,ダ,1800.0,不,114.9,0.8,11-10-8-7,38.0,508.0,-4.0,クリニクラウン,
2018102681,サプライズビュー,2023/06/24,1函館5,曇,8.0,3歳以上1勝クラス,13,6.0,8,48.6,9.0,8.0,小林勝太,55.0,ダ,1700.0,重,104.8,0.8,12-12-9-8,37.2,512.0,-6.0,マリアナトレンチ,
2018102681,サプライズビュー,2023/06/11,1函館2,曇,12.0,3歳以上1勝クラス,12,4.0,4,16.9,6.0,7.0,丹内祐次,58.0,ダ,1700.0,稍,106.2,1.2,11-11-9-9,38.2,518.0,12.0,メイショウポペット,
2018102681,サプライズビュー,2023/04/08,3中山5,曇,8.0,4歳以上1勝クラス,12,8.0,11,5.3,4.0,6.0,田辺裕信,58.0,ダ,1800.0,稍,116.0,1.5,10-10-9-5,38.7,506.0,-4.0,ローズピリオド,
2018102681,サプライズビュー,2023/03/18,2中山7,雨,7.0,4歳以上1勝クラス,13,5.0,8,8.7,5.0,4.0,田辺裕信,58.0,ダ,1800.0,重,113.3,0.2,11-11-11-9,36.4,510.0,-2.0,ロイヤルダンス,120.0
2018102681,サプライズビュー,2023/02/25,2中山1,曇,8.0,4歳以上1勝クラス,16,1.0,1,10.8,6.0,3.0,田辺裕信,58.0,ダ,1800.0,良,115.2,1.1,13-13-13-9,38.2,512.0,2.0,トップオブジェラス,200.0
2018102681,サプライズビュー,2023/01/09,1中山4,晴,7.0,4歳以上1勝クラス,16,6.0,12,7.3,4.0,7.0,田辺裕信,58.0,ダ,1800.0,良,115.2,0.6,14-14-13-14,38.6,510.0,0.0,デルマタモン,
2018102681,サプライズビュー,2022/12/18,5中山6,晴,8.0,3歳以上1勝クラス,15,4.0,7,17.5,6.0,4.0,田辺裕信,57.0,ダ,1800.0,稍,114.9,1.2,7-7-8-8,39.3,510.0,-8.0,サクセスエース,120.0
2018102681,サプライズビュー,2022/03/19,2中京3,曇,7.0,4歳以上1勝クラス,14,6.0,9,12.4,6.0,5.0,横山武史,57.0,ダ,1800.0,重,112.7,1.0,7-7-8-7,37.8,518.0,2.0,サステナブル,77.0
2018102681,サプライズビュー,2022/02/19,1東京7,曇,7.0,4歳以上1勝クラス,15,1.0,1,7.3,3.0,12.0,田中勝春,57.0,ダ,1600.0,稍,99.9,1.3,7-7,37.9,516.0,10.0,サンオブロジータ,
2018102681,サプライズビュー,2021/07/11,1函館4,曇,8.0,3歳以上1勝クラス,14,5.0,8,3.6,1.0,5.0,坂井瑠星,54.0,ダ,1700.0,重,105.3,0.4,8-10-9-8,38.2,506.0,0.0,クリノドラゴン,76.0
2018102681,サプライズビュー,2021/06/26,1札幌5,晴,8.0,3歳以上1勝クラス,13,2.0,2,4.0,1.0,2.0,坂井瑠星,54.0,ダ,1700.0,良,107.3,0.5,6-6-7-5,38.6,506.0,2.0,ショウリノカンパイ,300.0
2018102681,サプライズビュー,2021/03/13,2中山5,雨,3.0,3歳未勝利,14,3.0,4,2.7,1.0,1.0,田中勝春,56.0,ダ,1800.0,不,113.1,-0.1,5-4-4-3,38.2,504.0,4.0,(ロンコーネ),510.0
2018102681,サプライズビュー,2021/01/17,1中山6,曇,3.0,3歳未勝利,16,5.0,9,3.5,2.0,2.0,田中勝春,56.0,ダ,1800.0,良,117.3,0.0,3-3-4-3,38.8,500.0,-2.0,ワンプレート,200.0
2018102681,サプライズビュー,2020/12/26,5中山7,晴,4.0,2歳未勝利,16,6.0,11,4.7,2.0,4.0,田中勝春,55.0,ダ,1800.0,良,117.2,0.6,5-4-4-4,38.3,502.0,0.0,ラフストリーム,77.0
2018102681,サプライズビュー,2020/12/06,5中山2,晴,6.0,2歳新馬,11,7.0,10,3.2,1.0,2.0,田中勝春,55.0,ダ,1800.0,良,118.0,0.6,1-1-1-1,38.9,502.0,0.0,スカイナイル,280.0
2019105674,ダニエラハニー,2026/07/11,高知,晴,7.0,C2ー3,11,5.0,5,194.1,10.0,9,塚本直之,52.0,ダ,1300.0,重,87.5,2.7,8-8-10-11,41.5,477.0,-3.0,コノヨルヲトメテヨ,
2019105674,ダニエラハニー,2026/06/27,高知,曇,8.0,C2ー3,9,5.0,5,81.3,9.0,8,塚本直之,52.0,ダ,1400.0,不,91.9,1.9,6-7-8-7,40.7,480.0,-4.0,ポッドロイ,
2019105674,ダニエラハニー,2026/06/13,高知,晴,8.0,C2ー3,10,7.0,7,38.3,7.0,8,佐原秀泰,55.0,ダ,1600.0,稍,111.2,2.5,2-2-2-4,43.3,484.0,2.0,オセアハートマン,
2019105674,ダニエラハニー,2026/05/30,高知,晴,10.0,ファイナルレース(C2),12,6.0,7,9.3,7.0,3,塚本直之,52.0,ダ,1400.0,稍,93.0,0.6,6-7-5-3,40.0,482.0,-4.0,ロードイモータル,24.0
2019105674,ダニエラハニー,2026/05/17,高知,晴,4.0,C2ー5,11,8.0,10,67.2,7.0,4,塚本直之,52.0,ダ,1300.0,良,86.8,0.5,4-6-4-4,40.6,486.0,7.0,タルトポワール,16.0
2019105674,ダニエラハニー,2026/05/02,高知,晴,6.0,C2ー5,9,5.0,5,206.0,7.0,6,塚本直之,52.0,ダ,1400.0,重,92.5,0.8,5-5-7-7,40.2,479.0,3.0,ニヨドスマイル,
2019105674,ダニエラハニー,2026/04/18,高知,曇,7.0,C2ー5,11,3.0,3,144.1,9.0,11,塚本直之,52.0,ダ,1600.0,重,112.9,6.0,5-6-8-10,45.0,476.0,-3.0,ディープカインズ,
2019105674,ダニエラハニー,2026/03/15,高知,晴,5.0,C2ー2,9,7.0,7,47.7,7.0,7,林謙佑,55.0,ダ,1400.0,良,95.8,1.7,4-4-4-4,42.4,479.0,-4.0,イルクオーレ,
2019105674,ダニエラハニー,2026/03/08,高知,晴,5.0,東海馬匹輸送特別(C2),10,4.0,4,55.6,7.0,6,林謙佑,55.0,ダ,1400.0,重,94.3,3.4,5-6-5-5,41.5,483.0,-2.0,ダオラダオラ,
2019105674,ダニエラハニー,2026/03/01,高知,晴,8.0,C2ー2,12,1.0,1,273.6,12.0,7,林謙佑,55.0,ダ,1300.0,不,85.7,1.9,5-5-5-5,40.7,485.0,-1.0,アメリカンクール,
2019105674,ダニエラハニー,2026/02/22,高知,曇,6.0,C2ー2,10,8.0,10,224.1,9.0,7,林謙佑,55.0,ダ,1400.0,良,95.6,1.7,2-2-2-3,41.9,486.0,8.0,ウィンザーバローズ,
2019105674,ダニエラハニー,2026/02/08,高知,雪,7.0,C2ー3,11,5.0,6,349.1,11.0,8,林謙佑,55.0,ダ,1400.0,良,93.2,2.4,10-8-8-8,40.2,478.0,-3.0,ミッキーストライク,
2019105674,ダニエラハニー,2026/02/01,高知,晴,8.0,C2ー2,8,8.0,9,22.8,4.0,5,山崎雅由,55.0,ダ,1300.0,良,86.0,1.6,2-2-2-4,40.8,481.0,-1.0,ロードフロイデ,7.0
2019105674,ダニエラハニー,2026/01/18,高知,晴,6.0,C2ー3,7,4.0,4,34.7,4.0,6,林謙佑,55.0,ダ,1400.0,良,94.5,2.8,6-6-7-6,40.4,482.0,0.0,アルデヤーノ,
2019105674,ダニエラハニー,2026/01/10,高知,晴,7.0,C2ー3,9,5.0,5,92.9,8.0,9,林謙佑,55.0,ダ,1300.0,良,88.2,2.5,7-6-6-6,40.6,482.0,-6.0,トルタカプレーゼ,
2019105674,ダニエラハニー,2025/12/28,高知,晴,8.0,C2ー4,9,4.0,4,72.0,6.0,8,林謙佑,55.0,ダ,1600.0,良,111.9,1.9,6-5-6-6,42.0,488.0,6.0,トーアナタリー,
2019105674,ダニエラハニー,2025/12/13,高知,曇,6.0,C2ー6,12,2.0,2,46.0,8.0,3,林謙佑,55.0,ダ,1400.0,良,94.6,1.1,8-7-6-5,41.1,482.0,1.0,エイシンオッティモ,17.5
2019105674,ダニエラハニー,2025/11/29,高知,晴,3.0,徳島県阿波尾鶏特別(C2),11,6.0,7,42.7,7.0,7,林謙佑,55.0,ダ,1400.0,良,95.0,2.1,5-6-7-6,41.6,481.0,1.0,ゲンパチハマジ,
2019105674,ダニエラハニー,2025/11/15,高知,晴,4.0,鍋焼きラーメン特別(C2),10,8.0,9,27.4,7.0,3,畑中信司,55.0,ダ,1600.0,重,108.3,1.0,10-10-10-7,39.9,480.0,3.0,ムーンブルー,17.5
2019105674,ダニエラハニー,2025/11/01,高知,晴,5.0,C2ー7,10,2.0,2,37.0,7.0,5,林謙佑,55.0,ダ,1300.0,不,85.5,0.9,4-5-7-7,39.9,477.0,4.0,アスキーアート,7.0
2019105674,ダニエラハニー,2025/10/18,高知,曇,4.0,新高梨特別(C2),12,5.0,5,103.3,6.0,6,林謙佑,55.0,ダ,1400.0,稍,94.0,2.3,7-7-6-5,40.3,473.0,2.0,ベストディシジョン,
2019105674,ダニエラハニー,2025/10/04,高知,曇,5.0,C2ー7,11,1.0,1,258.6,10.0,5,岡遼太郎,55.0,ダ,1400.0,重,92.9,1.8,9-9-9-6,39.7,471.0,-7.0,グランレザンドール,7.0
2019105674,ダニエラハニー,2025/09/21,高知,晴,4.0,C2ー7,9,7.0,7,51.3,8.0,6,林謙佑,55.0,ダ,1300.0,稍,87.3,1.2,6-6-5-4,39.9,478.0,-8.0,レゴリス,
2019105674,ダニエラハニー,2025/09/06,高知,晴,6.0,C2ー7,9,1.0,1,18.0,6.0,9,近藤翔月,52.0,ダ,1400.0,重,94.0,2.3,9-9-9-9,39.5,486.0,-3.0,ユキノマリア,
2019105674,ダニエラハニー,2025/07/27,高知,晴,3.0,C2ー6,11,1.0,1,19.0,4.0,5,畑中信司,55.0,ダ,1600.0,稍,110.4,3.1,9-9-10-8,40.7,489.0,6.0,ダノンアーリー,7.0
2019105674,ダニエラハニー,2025/07/12,高知,晴,4.0,アカウミガメ特別(C2),11,1.0,1,16.0,6.0,5,山崎雅由,55.0,ダ,1300.0,重,85.2,1.6,7-7-7-7,39.9,483.0,-2.0,モノノフゴールド,7.0
2019105674,ダニエラハニー,2025/06/28,高知,晴,6.0,C2ー6,12,3.0,3,12.1,5.0,8,阿部基嗣,52.0,ダ,1400.0,重,92.1,1.4,7-7-7-6,40.4,485.0,2.0,ヘキクウ,
2019105674,ダニエラハニー,2025/05/31,高知,晴,6.0,C2ー5,10,5.0,5,5.9,3.0,9,大澤誠志,55.0,ダ,1300.0,稍,86.0,1.7,9-9-10-9,39.8,483.0,3.0,ショーヴァロンス,
2019105674,ダニエラハニー,2025/05/17,高知,曇,6.0,C2ー6,11,6.0,8,3.2,1.0,5,大澤誠志,55.0,ダ,1400.0,不,89.9,0.7,6-7-6-4,38.6,480.0,0.0,ヒロシゲダイヤ,7.0
2019105674,ダニエラハニー,2025/05/04,高知,晴,10.0,カーネーション特別(C3),9,7.0,7,26.4,5.0,5,山崎雅由,55.0,ダ,1400.0,重,91.6,2.1,9-9-9-8,39.4,480.0,-2.0,ヒカルエリザベス,11.0
2019105674,ダニエラハニー,2025/04/20,高知,曇,10.0,シャクナゲ特別(C3),8,7.0,7,20.3,6.0,2,岡遼太郎,55.0,ダ,1300.0,稍,84.7,0.6,2-3-3-2,39.1,482.0,-4.0,ディサーニング,44.0
2019105674,ダニエラハニー,2025/04/05,高知,曇,1.0,PV完成記念特別(C3),11,8.0,11,1.3,1.0,1,山崎雅由,55.0,ダ,1300.0,稍,86.8,-0.2,2-2-2-2,40.4,486.0,6.0,(スマイルチャージ),60.0
2019105674,ダニエラハニー,2025/03/18,高知,晴,5.0,遠藤孝之定年記念特別(C3),11,8.0,10,2.4,2.0,1,山崎雅由,54.0,ダ,1300.0,重,84.9,-0.7,2-2-2-1,39.8,480.0,-3.0,(フィッシュポンド),60.0
2019105674,ダニエラハニー,2025/03/04,高知,雨,6.0,チューリップ特別(C3),9,1.0,1,3.7,2.0,4,加藤翔馬,54.0,ダ,1300.0,不,82.9,0.8,2-2-3-3,38.3,483.0,2.0,アグロドルチェ,16.5
2019105674,ダニエラハニー,2025/02/18,高知,晴,5.0,貴裕理紗結婚記念特別(C3),9,7.0,8,5.1,2.0,2,岡村卓弥,54.0,ダ,1400.0,稍,93.8,0.8,3-4-3-3,40.8,481.0,2.0,プレジャー,21.0
2019105674,ダニエラハニー,2025/02/04,高知,晴,4.0,C3ー5,8,1.0,1,7.0,3.0,3,松井伸也,54.0,ダ,1400.0,重,93.8,0.6,3-3-3-4,41.2,479.0,4.0,カレンメラメーラ,12.0
2019105674,ダニエラハニー,2025/01/21,高知,晴,5.0,C3ー4,9,8.0,9,10.3,5.0,5,岡遼太郎,54.0,ダ,1400.0,稍,96.2,1.0,4-4-4-4,42.0,475.0,-4.0,ビックス,6.0
2019105674,ダニエラハニー,2025/01/06,高知,晴,2.0,C3ー5,10,7.0,7,2.6,1.0,5,松井伸也,54.0,ダ,1300.0,重,85.7,1.7,6-7-5-6,40.0,479.0,5.0,コスモメイゲツ,6.0
2019105674,ダニエラハニー,2024/09/07,4中山1,晴,6.0,3歳以上1勝クラス,16,1.0,1,16.5,7.0,6,原優介,55.0,ダ,1200.0,良,72.0,0.5,11-8,37.3,474.0,6.0,オーブルクール,
2019105674,ダニエラハニー,2024/06/29,2福島1,晴,12.0,3歳以上1勝クラス,16,5.0,10,29.7,8.0,3,原優介,55.0,ダ,1150.0,良,68.7,0.2,11-11,36.4,468.0,-8.0,ネバレチュゴー,200.0
2019105674,ダニエラハニー,2024/04/06,3中山5,曇,12.0,4歳以上1勝クラス,16,2.0,3,41.6,8.0,6,原優介,55.0,ダ,1200.0,稍,72.3,0.5,9-7,36.9,476.0,0.0,スマイルアップ,
2019105674,ダニエラハニー,2024/01/21,1中山7,雨,4.0,4歳以上1勝クラス,16,7.0,13,117.7,14.0,8,石橋脩,56.0,ダ,1200.0,不,71.9,0.7,10-10,37.5,476.0,-4.0,セッカチケーン,
2019105674,ダニエラハニー,2023/10/29,4新潟6,曇,12.0,3歳以上1勝クラス,18,6.0,12,91.8,14.0,14,吉田隼人,56.0,芝,1400.0,不,85.7,2.8,16-14,37.6,480.0,12.0,ベガリス,
2019105674,ダニエラハニー,2023/08/13,3新潟2,晴,12.0,3歳以上1勝クラス,18,3.0,6,183.2,14.0,7,石橋脩,56.0,芝,1400.0,良,82.1,0.9,8-8,35.6,468.0,2.0,オメガキャプテン,
2019105674,ダニエラハニー,2023/06/11,3東京4,曇,12.0,3歳以上1勝クラス,13,5.0,6,65.3,11.0,11,石橋脩,56.0,芝,1600.0,稍,96.2,1.3,2-2,35.5,466.0,-17.0,マルチャン,
2019105674,ダニエラハニー,2023/04/11,水沢,晴,11.0,C1一組,12,5.0,5,3.6,2.0,4,高松亮,54.0,ダ,1600.0,良,104.6,0.6,5-6-5-6,39.5,483.0,1.0,ローガン,5.6
2019105674,ダニエラハニー,2023/03/19,水沢,晴,6.0,B2,9,7.0,7,1.2,1.0,3,高松亮,54.0,ダ,1300.0,良,84.4,0.2,3-3-3-2,40.1,482.0,2.0,アブソルートピッチ,10.6
2019105674,ダニエラハニー,2022/12/20,水沢,曇,5.0,C2一組,12,5.0,6,1.4,1.0,1,高松亮,54.0,ダ,1400.0,不,89.0,-0.9,3-3-3-2,39.7,480.0,7.0,(サソリザ),32.0
2019105674,ダニエラハニー,2022/11/29,水沢,曇,2.0,C2二組,11,2.0,2,1.2,1.0,1,高松亮,54.0,ダ,1400.0,稍,88.5,-0.6,2-2-2-2,38.8,473.0,-2.0,(トーアリバティー),32.0
2019105674,ダニエラハニー,2022/10/17,盛岡,曇,4.0,C2五組,12,8.0,12,1.6,1.0,1,高松亮,54.0,ダ,1200.0,良,73.9,-0.4,2-2,36.6,475.0,-5.0,(ジュンツバサニセイ),30.0
2019105674,ダニエラハニー,2022/10/02,盛岡,晴,1.0,C2十一組,7,4.0,4,5.6,3.0,1,高松亮,54.0,ダ,1200.0,良,74.3,-0.6,4-3,37.0,480.0,14.0,(ルクスリリー),30.0
2019105674,ダニエラハニー,2022/07/10,2福島4,晴,4.0,3歳未勝利,16,6.0,11,11.4,3.0,11,戸崎圭太,54.0,芝,1200.0,良,70.8,1.4,14-14,35.5,466.0,-4.0,サミュエル,
2019105674,ダニエラハニー,2022/06/19,3東京6,晴,4.0,3歳未勝利,16,8.0,15,64.9,9.0,9,戸崎圭太,54.0,芝,1400.0,良,82.8,1.2,9-10,34.4,470.0,0.0,ソレントフレイバー,
2021105495,ブリックバーン,2026/07/12,高知,曇,4.0,C3ー2,11,3.0,3,5.9,3.0,5,山崎雅由,57.0,ダ,1600.0,稍,107.2,1.0,3-3-3-4,40.5,470.0,-5.0,ワキノクイーン,6.0
2021105495,ブリックバーン,2026/06/28,高知,曇,5.0,C3ー2,10,4.0,4,42.2,8.0,5,郷間勇太,57.0,ダ,1300.0,不,84.5,1.4,3-3-3-4,39.5,475.0,4.0,カゲマル,6.0
2021105495,ブリックバーン,2026/06/14,高知,曇,2.0,C3ー2,11,8.0,11,11.3,5.0,3,郷間勇太,57.0,ダ,1400.0,稍,93.6,0.4,4-5-6-5,41.4,471.0,-1.0,テソリーノ,18.0
2021105495,ブリックバーン,2026/05/16,高知,晴,11.0,ファイナルレース(C3),12,3.0,3,6.1,3.0,2,山崎雅由,57.0,ダ,1400.0,良,94.7,0.0,3-3-3-2,41.5,472.0,-8.0,ヒデノブルースカイ,24.0
2021105495,ブリックバーン,2026/05/02,高知,晴,3.0,C3ー4,9,3.0,3,23.6,5.0,5,郷間勇太,57.0,ダ,1600.0,重,108.2,3.8,3-3-3-3,41.8,480.0,2.0,ララマルシュドロワ,6.0
2021105495,ブリックバーン,2026/04/18,高知,曇,2.0,C3ー5,8,7.0,7,11.2,5.0,4,郷間勇太,57.0,ダ,1400.0,重,92.4,0.7,2-2-1-1,40.1,478.0,4.0,ボルカンバル,12.0
2021105495,ブリックバーン,2026/04/04,高知,雨,3.0,C3ー4,8,4.0,4,4.9,3.0,8,山崎雅由,57.0,ダ,1300.0,不,84.5,1.5,3-4-4-5,40.6,474.0,-3.0,レモンシフォン,
2021105495,ブリックバーン,2026/03/24,高知,晴,8.0,C3ー3,9,8.0,9,7.3,4.0,2,郷間勇太,57.0,ダ,1600.0,稍,107.6,0.2,2-2-2-2,40.0,477.0,2.0,メイショウイヌワシ,24.0
2021105495,ブリックバーン,2026/03/10,高知,晴,3.0,C3ー4,11,5.0,6,28.0,5.0,2,郷間勇太,57.0,ダ,1300.0,稍,86.2,0.9,4-5-5-4,39.6,475.0,-7.0,ダニエルバローズ,24.0
2021105495,ブリックバーン,2026/02/23,高知,晴,4.0,C3ー4,9,1.0,1,10.5,4.0,4,郷間勇太,57.0,ダ,1300.0,良,87.1,0.5,4-3-3-3,39.9,482.0,9.0,ディープカインズ,9.0
2021105495,ブリックバーン,2026/02/17,高知,晴,2.0,C3ー4,11,7.0,10,,,取,山崎雅由,57.0,ダ,1400.0,稍,,,,,,,リワードインペリオ,
2021105495,ブリックバーン,2026/01/27,高知,晴,10.0,ファイナルレース(C3),10,2.0,2,7.0,4.0,2,山崎雅由,57.0,ダ,1600.0,良,107.6,0.5,4-3-3-3,40.6,473.0,4.0,エッグハント,24.0
2021105495,ブリックバーン,2026/01/11,高知,晴,8.0,C3ー7,9,5.0,5,12.3,4.0,7,郷間勇太,57.0,ダ,1400.0,良,95.2,1.7,5-5-6-6,41.8,469.0,-1.0,アイルランズコール,
2021105495,ブリックバーン,2025/12/20,高知,曇,9.0,C3ー7,11,8.0,10,32.0,5.0,6,畑中信司,57.0,ダ,1400.0,稍,94.6,2.4,2-2-2-4,42.2,470.0,-1.0,スピードイエロー,
2021105495,ブリックバーン,2025/12/06,高知,晴,8.0,C3ー7,10,1.0,1,73.7,6.0,4,畑中信司,57.0,ダ,1300.0,良,87.0,1.4,5-3-3-3,41.2,471.0,-2.0,ボンジュールゼン,9.0
2021105495,ブリックバーン,2025/11/23,高知,晴,7.0,C3ー8,10,2.0,2,12.0,4.0,4,郷間勇太,57.0,ダ,1600.0,良,109.7,1.1,3-3-3-4,41.7,473.0,0.0,ダノンファスト,9.0
2021105495,ブリックバーン,2025/11/08,高知,晴,2.0,C3ー12,10,6.0,6,5.6,5.0,5,山崎雅由,57.0,ダ,1600.0,稍,109.9,1.0,3-3-3-3,40.2,473.0,3.0,エイブリー,6.0
2021105495,ブリックバーン,2025/10/25,高知,小雨,7.0,C3ー8,10,3.0,3,41.0,7.0,2,山崎雅由,57.0,ダ,1300.0,不,84.6,0.5,3-3-4-3,38.7,470.0,3.0,メイショウオーギシ,24.0
2021105495,ブリックバーン,2025/07/14,大井,晴,7.0,C2九十11(C2十),12,4.0,4,20.9,8.0,10,和田譲治,56.0,ダ,1600.0,稍,105.9,2.7,6-7-10-11,42.2,467.0,-1.0,ストライクノワール,
2021105495,ブリックバーン,2025/07/02,大井,曇,5.0,C2六七八(C2七),12,2.0,2,27.8,9.0,5,和田譲治,56.0,ダ,1600.0,良,104.0,1.0,4-4-5-5,40.2,468.0,-4.0,シタベッド,10.0
2021105495,ブリックバーン,2025/06/11,大井,雨,4.0,C2七八九(C2八),14,3.0,4,9.3,6.0,14,和田譲治,56.0,ダ,1600.0,不,108.3,4.9,2-2-7-10,44.5,472.0,-1.0,タオスワン,
2021105495,ブリックバーン,2025/05/21,大井,晴,6.0,C2八九,12,2.0,2,21.5,5.0,5,和田譲治,56.0,ダ,1600.0,稍,104.0,2.5,2-2-3-3,41.0,473.0,-3.0,ラモラック,10.0
2021105495,ブリックバーン,2025/04/30,大井,晴,4.0,C2九十11(C2十),13,1.0,1,10.7,4.0,4,和田譲治,56.0,ダ,1600.0,稍,105.0,1.0,4-3-5-4,41.4,476.0,3.0,スペシャルサンデー,15.0
2021105495,ブリックバーン,2025/04/15,大井,晴,6.0,C2111213(C212),9,2.0,2,8.8,3.0,4,野畑凌,56.0,ダ,1600.0,重,104.4,1.6,2-3-5-4,39.4,473.0,3.0,ダノンアルプス,15.0
2021105495,ブリックバーン,2025/03/25,大井,晴,7.0,C21314,12,8.0,11,7.2,2.0,3,和田譲治,56.0,ダ,1600.0,良,104.2,0.3,3-3-3-2,39.2,470.0,-2.0,ファーストメイト,25.0
2021105495,ブリックバーン,2025/03/11,大井,曇,6.0,C21213,12,6.0,8,3.5,1.0,5,吉井章,56.0,ダ,1600.0,重,105.3,0.8,3-3-3-3,41.9,472.0,0.0,ホクトシュンパチ,10.0
2021105495,ブリックバーン,2025/02/17,大井,晴,5.0,C2151617(C216),12,2.0,2,3.0,1.0,3,和田譲治,56.0,ダ,1600.0,良,105.3,0.8,2-2-1-1,41.3,472.0,1.0,アクイローネ,25.0
2021105495,ブリックバーン,2025/01/28,大井,晴,5.0,C21213,10,6.0,6,6.4,3.0,6,和田譲治,56.0,ダ,1600.0,良,106.4,1.1,4-5-2-3,41.8,471.0,-4.0,レライタム,
2021105495,ブリックバーン,2025/01/16,大井,曇,3.0,C3一,11,5.0,5,2.3,1.0,1,和田譲治,56.0,ダ,1800.0,良,118.6,-0.2,2-2-2-2,40.5,475.0,-5.0,(サンシップ),80.0
2021105495,ブリックバーン,2024/12/29,大井,晴,1.0,3歳三四,11,8.0,11,16.9,4.0,5,和田譲治,56.0,ダ,1600.0,良,104.9,1.4,4-5-4-4,41.2,480.0,12.0,イイデカンタロウ,14.0
2021105495,ブリックバーン,2024/05/25,3京都11,晴,5.0,3歳未勝利,17,7.0,13,206.6,13.0,9,吉村誠之,54.0,芝,1800.0,良,107.3,1.7,10-8,36.2,468.0,-4.0,アンジョルラス,
2021105495,ブリックバーン,2024/05/12,3京都8,曇,4.0,3歳未勝利,14,4.0,5,53.0,10.0,12,吉村誠之,54.0,芝,1800.0,良,108.6,1.8,5-4,36.4,472.0,8.0,タガノヘラクレス,
2021105495,ブリックバーン,2024/04/27,2東京3,曇,5.0,3歳未勝利,15,5.0,8,25.9,5.0,11,石川裕紀,57.0,芝,1800.0,良,109.5,1.1,9-4-6,34.9,464.0,-12.0,ルトゥール,
2021105495,ブリックバーン,2024/04/07,1福島2,晴,5.0,3歳未勝利,16,1.0,1,12.4,5.0,8,斎藤新,57.0,芝,1800.0,良,109.7,1.3,1-2-2-4,36.9,476.0,-4.0,スプリンクルソルト,
2021105495,ブリックバーン,2023/12/16,5阪神5,曇,3.0,2歳未勝利,16,6.0,11,42.2,7.0,15,モリス,56.0,ダ,1400.0,稍,90.1,4.4,13-14,41.5,480.0,4.0,ヴァンドーム,
2021105495,ブリックバーン,2023/10/15,2京都5,晴,1.0,2歳未勝利,9,8.0,8,6.0,3.0,6,岩田望来,56.0,ダ,1400.0,重,88.5,2.1,7-7,39.4,476.0,2.0,ダノンスウィッチ,
2021105495,ブリックバーン,2023/10/01,4阪神9,曇,2.0,2歳未勝利,11,7.0,8,4.0,2.0,7,岩田望来,55.0,芝,1400.0,重,84.0,0.9,8-7,35.2,474.0,8.0,アスティスプマンテ,
2021105495,ブリックバーン,2023/09/17,4阪神4,晴,3.0,2歳未勝利,13,2.0,2,8.0,4.0,3,岩田望来,55.0,芝,1400.0,良,81.5,0.3,5-5,35.6,466.0,-14.0,イツモニコニコ,140.0
2021105495,ブリックバーン,2023/08/06,2新潟4,晴,5.0,2歳新馬,10,8.0,10,3.7,3.0,7,和田竜二,55.0,芝,1600.0,良,96.5,0.8,6-7,34.4,480.0,0.0,クリーンエア,
2018105954,エイシンギアアップ,2026/07/12,高知,曇,1.0,C2ー6,10,2.0,2,141.5,8.0,5,郷間勇太,57.0,ダ,1300.0,稍,85.9,2.7,8-7-7-5,40.3,501.0,1.0,ライゾマティクス,8.0
2018105954,エイシンギアアップ,2026/06/28,高知,曇,2.0,C2ー7,10,3.0,3,12.2,5.0,8,郷間勇太,57.0,ダ,1400.0,不,93.6,3.0,4-6-6-6,43.0,500.0,-4.0,スリーローズ,
2018105954,エイシンギアアップ,2026/06/14,高知,曇,3.0,C2ー8,9,2.0,2,11.5,5.0,4,郷間勇太,57.0,ダ,1600.0,稍,108.9,1.0,3-3-3-3,41.8,504.0,-1.0,ウインリベラーレ,16.0
2018105954,エイシンギアアップ,2026/05/31,高知,晴,1.0,C2ー7,11,6.0,6,39.2,6.0,6,郷間勇太,57.0,ダ,1400.0,稍,92.8,1.6,4-3-3-3,41.1,505.0,-8.0,メイショウハマギク,
2018105954,エイシンギアアップ,2025/05/03,高知,晴,9.0,C2ー2,12,7.0,9,4.7,4.0,中,佐原秀泰,57.0,ダ,1300.0,不,,,2-2-2,,513.0,0.0,アポロビビ,
2018105954,エイシンギアアップ,2025/04/19,高知,晴,9.0,C2ー3,12,7.0,10,6.6,3.0,4,郷間勇太,57.0,ダ,1400.0,稍,92.2,1.0,3-2-2-3,40.3,513.0,-1.0,ガラパゴス,10.5
2018105954,エイシンギアアップ,2025/04/05,高知,曇,9.0,C2ー3,11,6.0,6,15.5,4.0,6,郷間勇太,57.0,ダ,1400.0,稍,94.5,3.6,2-2-3-4,42.6,514.0,6.0,ピンシャン,
2018105954,エイシンギアアップ,2025/03/16,高知,晴,6.0,四国地域の酪農応援特(C2),8,6.0,6,6.1,2.0,4,郷間勇太,56.0,ダ,1600.0,不,107.7,2.9,4-4-4-5,42.7,508.0,0.0,サンノーブル,19.5
2018105954,エイシンギアアップ,2025/03/02,高知,小雨,7.0,啓蟄特別(C2),10,7.0,8,4.9,3.0,4,郷間勇太,56.0,ダ,1300.0,重,84.2,0.8,5-5-5-4,40.3,508.0,6.0,ハイケンス,19.5
2018105954,エイシンギアアップ,2025/02/16,高知,曇,5.0,C2ー3,7,5.0,5,2.6,2.0,1,岩本怜,56.0,ダ,1600.0,重,107.1,-0.3,2-2-2-2,41.0,502.0,0.0,(スターゲット),70.0
2018105954,エイシンギアアップ,2024/12/28,金沢,曇,11.0,金沢ファンセレクトカ(重賞),10,3.0,3,71.2,8.0,8,甲賀弘隆,57.0,ダ,1500.0,不,95.5,1.6,4-4-4-4,40.3,502.0,-3.0,オヌシナニモノ,
2018105954,エイシンギアアップ,2024/12/17,金沢,雨,12.0,楽天ポイントでネット(A1),9,2.0,2,58.1,7.0,5,甲賀弘隆,56.0,ダ,1700.0,不,109.2,0.8,3-3-3-3,39.8,505.0,-3.0,テトラルキア,20.0
2018105954,エイシンギアアップ,2024/12/01,金沢,雨,11.0,中日杯(重賞),12,2.0,2,327.3,9.0,8,甲賀弘隆,57.0,ダ,2000.0,不,128.9,2.6,4-3-5-5,40.1,508.0,9.0,マリンデュンデュン,
2018105954,エイシンギアアップ,2024/11/19,金沢,晴,11.0,楽天競馬でポイント投(A1),8,8.0,8,13.3,4.0,6,加藤翔馬,56.0,ダ,1400.0,重,90.5,2.2,3-3-5-6,40.6,499.0,-3.0,ハクサンパイオニア,
2018105954,エイシンギアアップ,2024/09/07,金沢,晴,10.0,金沢スプリントC(重賞),7,7.0,7,28.8,5.0,7,加藤翔馬,57.0,ダ,1400.0,良,89.8,3.4,5-5-6-7,39.4,502.0,-3.0,エムティアンジェ,
2018105954,エイシンギアアップ,2024/08/25,金沢,晴,12.0,イヌワシ賞【白山大賞(重賞),12,8.0,12,60.6,9.0,6,中島龍也,57.0,ダ,2000.0,良,129.2,4.3,3-3-3-3,39.3,505.0,2.0,ヒロイックテイル,
2018105954,エイシンギアアップ,2024/07/30,金沢,曇,11.0,能登半島地震被災者応(A1),8,6.0,6,6.0,2.0,3,加藤翔馬,56.0,ダ,1500.0,不,94.4,1.2,3-3-3-3,39.3,503.0,2.0,ハクサンパイオニア,32.0
2018105954,エイシンギアアップ,2024/07/04,笠松,晴,10.0,サマーC(重賞),11,7.0,8,27.2,7.0,4,加藤翔馬,57.0,ダ,1400.0,良,87.9,0.8,7-6-5,38.4,501.0,3.0,エイシンヌウシペツ,40.0
2018105954,エイシンギアアップ,2024/06/18,金沢,曇,11.0,金沢湯涌温泉氷室開き(A1),9,8.0,9,4.5,3.0,1,加藤翔馬,55.0,ダ,1700.0,良,109.6,-0.4,3-3-3-2,38.7,498.0,-12.0,(エムティアンジェ),110.0
2018105954,エイシンギアアップ,2024/05/24,園田,曇,11.0,発刊60周年記念大阪(A1A2),12,5.0,5,33.4,8.0,11,永井孝典,56.0,ダ,1400.0,良,91.2,1.4,10-9-8-7,40.3,510.0,0.0,テーオーターナー,
2018105954,エイシンギアアップ,2024/05/02,園田,晴,11.0,兵庫大賞典(重賞),12,7.0,10,73.0,9.0,9,永井孝典,56.0,ダ,1400.0,稍,90.5,1.8,10-11-10-10,39.0,510.0,10.0,タイガーインディ,
2018105954,エイシンギアアップ,2024/03/27,園田,晴,11.0,ラジオ関西特別A1,10,7.0,8,16.8,6.0,8,永井孝典,57.0,ダ,1400.0,稍,92.4,1.8,8-9-8-9,39.7,500.0,-12.0,ハナブサ,
2018105954,エイシンギアアップ,2023/06/03,3東京1,晴,11.0,アハルテケS(OP),16,7.0,13,11.9,5.0,10,津村明秀,58.0,ダ,1600.0,重,95.7,1.9,5-4,37.1,512.0,0.0,タイセイサムソン,
2018105954,エイシンギアアップ,2023/04/22,2東京1,晴,11.0,オアシスS(L),16,4.0,7,104.3,14.0,4,石川裕紀,57.0,ダ,1600.0,良,96.4,0.1,13-13,35.9,512.0,-4.0,コンシリエーレ,300.0
2018105954,エイシンギアアップ,2023/03/11,1阪神9,晴,11.0,コーラルS(L),16,7.0,13,18.2,7.0,10,団野大成,55.0,ダ,1400.0,良,85.0,1.0,12-12,37.3,516.0,4.0,タガノビューティー,
2018105954,エイシンギアアップ,2022/12/04,6阪神2,曇,11.0,ギャラクシーS(OP),14,5.0,7,6.2,3.0,6,団野大成,54.0,ダ,1400.0,稍,84.2,0.4,8-8,36.0,512.0,-2.0,デンコウリジエール,
2018105954,エイシンギアアップ,2022/10/30,4東京9,晴,10.0,ペルセウスS(OP),16,8.0,16,12.8,3.0,5,川田将雅,54.0,ダ,1400.0,良,83.8,1.1,7-6,36.1,514.0,4.0,レモンポップ,220.0
2018105954,エイシンギアアップ,2022/05/15,2東京8,曇,12.0,BSイレブン賞(3勝クラス),16,3.0,5,4.1,2.0,1,川田将雅,55.0,ダ,1400.0,稍,82.9,-0.1,3-3,35.7,510.0,-2.0,(ローウェル),1875.0
2018105954,エイシンギアアップ,2022/04/03,2阪神4,曇,7.0,4歳以上2勝クラス,16,5.0,10,2.2,1.0,1,川田将雅,57.0,ダ,1400.0,良,84.4,-0.8,7-5,35.9,512.0,2.0,(ジョイウイン),1110.0
2018105954,エイシンギアアップ,2022/01/29,1中京9,晴,12.0,4歳以上2勝クラス,13,7.0,10,1.7,1.0,4,川田将雅,56.0,ダ,1400.0,良,85.5,0.4,6-6,38.4,510.0,2.0,ルチェカリーナ,170.0
2018105954,エイシンギアアップ,2022/01/10,1中京4,晴,12.0,4歳以上1勝クラス,15,7.0,13,2.7,1.0,1,川田将雅,56.0,ダ,1400.0,良,84.3,-0.3,3-3,37.5,508.0,-4.0,(トレーンベアラー),770.0
2018105954,エイシンギアアップ,2021/10/31,4阪神8,曇,6.0,3歳以上1勝クラス,16,6.0,12,3.2,1.0,4,川須栄彦,55.0,ダ,1400.0,良,85.1,0.3,4-2,37.7,512.0,6.0,ワキノクイーン,110.0
2018105954,エイシンギアアップ,2021/05/08,3中京1,晴,2.0,3歳未勝利,16,8.0,16,1.5,1.0,1,川田将雅,56.0,ダ,1400.0,稍,84.5,-0.5,2-2,37.7,506.0,2.0,(リーベサンライズ),510.0
2018105954,エイシンギアアップ,2021/04/18,2阪神8,晴,2.0,3歳未勝利,16,8.0,15,2.9,1.0,2,松本大輝,53.0,ダ,1400.0,重,84.2,0.2,4-2,37.0,504.0,6.0,アルメイダミノル,200.0
2018105954,エイシンギアアップ,2021/03/28,2中京6,曇,2.0,3歳未勝利,16,4.0,8,4.1,3.0,3,吉田隼人,56.0,ダ,1400.0,良,84.6,0.8,2-2,37.8,498.0,-10.0,ノーリス,130.0
2018105954,エイシンギアアップ,2021/03/13,2中京1,雨,1.0,3歳未勝利,16,2.0,4,1.8,1.0,2,吉田隼人,56.0,ダ,1400.0,不,85.2,0.1,2-2,38.3,508.0,0.0,アウリガテソーロ,200.0
2018105954,エイシンギアアップ,2021/02/20,1阪神3,晴,2.0,3歳未勝利,16,2.0,3,11.9,3.0,3,北村友一,56.0,ダ,1400.0,良,86.0,0.5,4-6,38.6,508.0,6.0,フルヴォート,130.0
2018105954,エイシンギアアップ,2021/01/30,1中京9,晴,3.0,3歳未勝利,15,4.0,6,9.1,5.0,5,北村友一,56.0,ダ,1400.0,重,85.9,1.4,9-9,38.5,502.0,-6.0,スマッシャー,51.0
2018105954,エイシンギアアップ,2021/01/16,1小倉1,曇,1.0,3歳未勝利,14,8.0,14,21.7,7.0,5,川又賢治,56.0,ダ,1700.0,稍,107.8,0.6,2-2-2-2,38.9,508.0,20.0,キタノインディ,51.0
2018105954,エイシンギアアップ,2020/08/01,1札幌3,晴,1.0,2歳未勝利,9,7.0,7,24.1,6.0,8,岩田康誠,54.0,芝,1500.0,良,92.1,2.5,9-9-9,36.8,488.0,-6.0,ジャンカズマ,
2018105954,エイシンギアアップ,2020/07/05,4阪神2,晴,5.0,2歳新馬,14,8.0,13,64.7,10.0,12,川又賢治,54.0,芝,1600.0,稍,98.8,2.4,2-3,38.0,494.0,0.0,ステラヴェローチェ,
2022101509,サイモングリット,2026/07/11,高知,晴,10.0,ファイナルレース(C3),11,5.0,5,4.3,1.0,3,永森大智,57.0,ダ,1600.0,重,108.4,1.4,8-7-6-4,41.5,470.0,-4.0,セキショウイダイ,18.0
2022101509,サイモングリット,2026/06/28,高知,曇,11.0,ファイナルレース(C3),12,7.0,10,4.3,2.0,2,上田将司,57.0,ダ,1300.0,不,84.5,0.3,10-10-9-5,39.5,474.0,-5.0,クエンカ,24.0
2022101509,サイモングリット,2026/06/14,高知,小雨,7.0,アジサイ特別(C3),8,2.0,2,47.2,7.0,6,上田将司,57.0,ダ,1400.0,重,92.9,2.0,7-6-7-6,39.8,479.0,1.0,アンビシュー,
2022101509,サイモングリット,2026/05/31,高知,晴,3.0,C3ー3,10,8.0,9,32.5,7.0,2,山田義貴,57.0,ダ,1300.0,稍,84.9,0.8,7-7-4-4,39.1,478.0,0.0,ティアップマッハ,24.0
2022101509,サイモングリット,2026/05/16,高知,晴,11.0,ファイナルレース(C3),12,8.0,11,22.6,10.0,7,上田将司,57.0,ダ,1400.0,良,95.5,0.8,5-6-5-5,42.0,478.0,-3.0,ヒデノブルースカイ,
2022101509,サイモングリット,2026/05/02,高知,晴,3.0,C3ー4,9,4.0,4,100.8,8.0,4,上田将司,57.0,ダ,1600.0,重,107.9,3.5,8-8-6-5,41.2,481.0,3.0,ララマルシュドロワ,12.0
2022101509,サイモングリット,2026/04/18,高知,曇,2.0,C3ー5,8,4.0,4,17.6,7.0,5,上田将司,57.0,ダ,1400.0,重,93.0,1.3,8-7-7-6,39.7,478.0,-3.0,ボルカンバル,6.0
2022101509,サイモングリット,2026/04/04,高知,雨,2.0,C3ー5,9,8.0,9,7.3,5.0,3,郷間勇太,57.0,ダ,1300.0,不,83.5,0.1,6-6-6-4,38.6,481.0,8.0,リワードエレイン,18.0
2022101509,サイモングリット,2026/03/24,高知,晴,7.0,C3ー7,9,7.0,7,9.8,2.0,3,吉原寛人,57.0,ダ,1300.0,稍,85.9,1.7,7-6-6-5,38.7,473.0,-2.0,デバッグ,15.0
2022101509,サイモングリット,2026/03/10,高知,晴,10.0,ファイナルレース(C3),11,1.0,1,15.8,9.0,3,上田将司,57.0,ダ,1600.0,稍,109.8,1.9,8-8-7-5,41.9,475.0,0.0,プリンセスダイヤ,15.0
2022101509,サイモングリット,2026/03/03,高知,曇,4.0,C3ー6,10,6.0,6,11.2,4.0,3,多田羅誠,57.0,ダ,1300.0,不,84.0,0.8,5-5-5-4,39.5,475.0,-5.0,ギンガエクスプレス,15.0
2022101509,サイモングリット,2026/02/18,高知,晴,5.0,C3ー5,10,8.0,10,22.1,6.0,8,上田将司,57.0,ダ,1600.0,稍,110.4,2.4,3-3-3-6,41.5,480.0,-2.0,ビーム,
2022101509,サイモングリット,2026/02/10,高知,曇,1.0,C3ー6,9,8.0,10,19.5,5.0,2,上田将司,57.0,ダ,1300.0,良,86.1,0.9,5-5-5-3,39.8,482.0,3.0,ケルピー,24.0
2022101509,サイモングリット,2026/01/26,高知,晴,2.0,C3ー8,8,1.0,1,4.6,3.0,4,上田将司,57.0,ダ,1600.0,良,108.6,1.2,5-5-5-4,39.5,479.0,3.0,カンプウ,9.0
2022101509,サイモングリット,2026/01/21,高知,晴,3.0,C3ー8,8,4.0,4,4.0,2.0,4,中島龍也,57.0,ダ,1300.0,良,86.1,0.2,6-6-6-5,38.8,476.0,-2.0,スーパーキティ,9.0
2022101509,サイモングリット,2026/01/12,高知,晴,11.0,ファイナルレース(C3),12,5.0,6,3.5,1.0,4,上田将司,57.0,ダ,1400.0,良,93.5,0.8,5-6-5-4,40.6,478.0,1.0,シティオブロンドン,9.0
2022101509,サイモングリット,2026/01/01,高知,晴,4.0,C3ー12,8,7.0,7,7.1,2.0,2,上田将司,57.0,ダ,1300.0,良,86.4,1.5,4-3-3-2,39.8,477.0,5.0,リワードインペリオ,24.0
2022101509,サイモングリット,2025/12/21,高知,曇,4.0,宗石調教師お疲れ様特(C3),11,8.0,11,4.9,3.0,2,永森大智,57.0,ダ,1400.0,重,92.7,1.4,6-6-5-4,40.1,472.0,-1.0,スリーローズマリー,24.0
2022101509,サイモングリット,2025/12/07,高知,晴,4.0,C3ー15,11,1.0,1,6.7,4.0,6,上田将司,57.0,ダ,1300.0,良,87.1,0.7,10-8-8-8,39.5,473.0,2.0,コールイングミー,
2022101509,サイモングリット,2025/11/24,高知,曇,5.0,C3ー17,8,1.0,1,2.4,2.0,4,岡村卓弥,57.0,ダ,1600.0,良,110.2,1.4,4-4-2-3,41.4,471.0,5.0,プリンセスダイヤ,9.0
2022101509,サイモングリット,2025/11/09,高知,晴,7.0,C3ー16,8,2.0,2,10.7,5.0,3,上田将司,57.0,ダ,1400.0,不,89.5,0.2,6-5-4-3,38.6,466.0,0.0,カンプウ,15.0
2022101509,サイモングリット,2025/10/26,高知,晴,4.0,C3ー16,12,7.0,10,9.2,6.0,3,上田将司,57.0,ダ,1300.0,不,85.2,0.4,7-7-6-5,38.9,466.0,0.0,マイネルアース,15.0
2022101509,サイモングリット,2025/10/12,高知,曇,6.0,C3ー19,11,6.0,7,16.1,4.0,4,郷間勇太,57.0,ダ,1600.0,稍,108.1,0.6,10-9-8-5,39.3,466.0,-8.0,フーイナム,9.0
2022101509,サイモングリット,2025/09/28,高知,曇,4.0,3歳ー6,12,4.0,4,2.9,2.0,3,吉原寛人,57.0,ダ,1300.0,不,85.6,0.7,8-9-7-4,38.9,474.0,14.0,スマートアリスター,15.0
2022101509,サイモングリット,2025/08/30,3新潟3,晴,6.0,3歳未勝利,18,1.0,2,119.2,15.0,17,原優介,57.0,芝,1800.0,良,109.4,1.9,17-17,35.2,460.0,-8.0,キョウエイグッド,
2022101509,サイモングリット,2025/08/16,2新潟7,晴,10.0,3歳未勝利,15,3.0,4,39.5,10.0,8,吉田豊,57.0,ダ,1800.0,良,115.7,1.6,10-10-8-6,39.7,468.0,2.0,カーフキック,
2022101509,サイモングリット,2025/07/26,2新潟1,晴,12.0,3歳未勝利,17,2.0,3,71.7,11.0,11,石川裕紀,57.0,芝,1400.0,良,81.5,0.7,17-16,33.9,466.0,0.0,ポッドロルフ,
2022101509,サイモングリット,2025/06/14,3東京3,曇,3.0,3歳未勝利,16,1.0,2,23.9,9.0,10,石橋脩,57.0,ダ,1400.0,良,86.9,2.0,16-14,36.3,466.0,-6.0,ジェイエルバース,
2022101509,サイモングリット,2025/05/18,2東京8,晴,1.0,3歳未勝利,16,6.0,11,58.7,8.0,6,石橋脩,57.0,ダ,1400.0,重,85.1,0.2,14-14,35.3,472.0,4.0,ブリックンクリック,
2022101509,サイモングリット,2025/05/04,2東京4,晴,2.0,3歳未勝利,16,5.0,10,338.5,15.0,5,石橋脩,57.0,ダ,1400.0,稍,86.3,1.1,13-12,36.3,468.0,-6.0,ポッドベル,56.0
2022101509,サイモングリット,2025/03/01,2中山1,晴,2.0,3歳未勝利,16,2.0,4,233.0,12.0,9,原優介,57.0,ダ,1200.0,良,74.3,1.8,13-12,38.4,474.0,10.0,ルシード,
2022101509,サイモングリット,2025/01/25,1中山8,晴,12.0,3歳未勝利,16,4.0,7,94.0,12.0,9,北村宏司,57.0,芝,1600.0,良,97.2,1.1,10-9-9,35.0,464.0,0.0,ラブリージャブリー,
2022101509,サイモングリット,2024/10/06,4新潟2,晴,2.0,2歳未勝利,15,7.0,13,227.5,13.0,11,荻野極,56.0,芝,1800.0,良,109.5,1.3,2-2,36.8,464.0,14.0,ブルバンビーナ,
2022101509,サイモングリット,2024/09/21,4中山6,曇,5.0,2歳新馬,16,8.0,16,90.1,12.0,10,横山和生,55.0,芝,1600.0,良,97.0,2.2,12-14-14,34.3,450.0,0.0,キュクロープス,
2023102282,カプリースカラー,2026/07/05,1函館8,曇,2.0,3歳未勝利,12,5.0,5,51.3,8.0,4,鷲頭虎太,53.0,ダ,1000.0,良,60.7,1.1,10-9,36.5,404.0,-12.0,グレイトソン,87.0
2023102282,カプリースカラー,2026/05/16,2東京7,晴,3.0,3歳未勝利,16,5.0,9,20.7,5.0,13,佐藤翔馬,52.0,ダ,1300.0,良,82.1,2.7,5-6,39.2,416.0,0.0,アヴァランチ,
2023102282,カプリースカラー,2026/03/28,3中山1,曇,1.0,3歳未勝利,16,7.0,14,20.5,6.0,4,丹内祐次,55.0,ダ,1200.0,重,72.3,0.8,5-5,37.5,416.0,0.0,マジェステラ,89.0
2023102282,カプリースカラー,2026/02/28,2中山1,晴,1.0,3歳未勝利,15,8.0,15,35.6,8.0,5,戸崎圭太,55.0,ダ,1200.0,重,72.3,0.5,7-7,37.1,416.0,6.0,タヤスロレンヌ,59.0
2023102282,カプリースカラー,2026/02/10,2京都4,晴,1.0,3歳未勝利,16,8.0,15,289.6,15.0,4,菱田裕二,55.0,ダ,1200.0,良,74.8,1.1,6-5,38.3,410.0,6.0,スリーコーズ,89.0
2023102282,カプリースカラー,2026/01/12,1中山5,晴,1.0,3歳未勝利,16,5.0,9,502.0,16.0,9,武藤雅,55.0,ダ,1200.0,良,74.4,1.6,13-11,38.0,404.0,2.0,アイスメルティング,
2023102282,カプリースカラー,2025/11/08,3福島1,晴,5.0,2歳新馬,16,2.0,4,94.2,11.0,15,江田照男,55.0,芝,1200.0,良,71.9,2.7,15-15,35.3,402.0,0.0,ディヴァインスカイ,
2023103454,テイクマイハート,2026/07/11,1函館9,曇,3.0,3歳未勝利,16,4.0,7,25.3,10.0,10,長浜鴻緒,54.0,芝,1200.0,稍,70.2,1.1,7-7,35.9,470.0,0.0,アルサック,
2023103454,テイクマイハート,2026/06/20,1函館3,曇,1.0,3歳未勝利,16,3.0,6,36.9,9.0,6,池添謙一,55.0,芝,1200.0,良,69.1,0.5,2-2,35.9,470.0,15.0,グランフィエルテ,
2023103454,テイクマイハート,2026/04/23,名古屋,雨,10.0,名古屋CCチェリー賞(3歳),12,6.0,7,2.8,1.0,4,小崎綾也,55.0,ダ,1500.0,不,98.0,2.7,1-1-3,42.3,455.0,-1.0,マイコンチェルト,22.5
2023103454,テイクマイハート,2026/03/14,1阪神7,晴,2.0,3歳未勝利,16,4.0,7,22.7,6.0,9,幸英明,55.0,ダ,1400.0,良,86.8,1.3,3-4,39.2,456.0,-2.0,ジューンアゲイン,
2023103454,テイクマイハート,2026/02/15,1小倉8,晴,2.0,3歳未勝利,18,3.0,6,11.8,7.0,12,丸山元気,55.0,芝,1200.0,稍,70.4,1.3,13-12,35.9,458.0,0.0,エバーラスト,
2023103454,テイクマイハート,2026/01/25,1京都9,晴,5.0,3歳新馬,18,4.0,8,8.4,3.0,6,田口貫太,55.0,芝,1600.0,良,96.4,0.5,6-7,35.2,458.0,0.0,ペイジャー,
2023103999,カッサンドラ,2026/07/05,1函館8,曇,2.0,3歳未勝利,12,3.0,3,4.9,2.0,2,横山琉人,55.0,ダ,1000.0,良,60.3,0.7,3-5,36.9,422.0,-2.0,グレイトソン,230.0
2023103999,カッサンドラ,2026/06/21,1函館4,小雨,3.0,3歳未勝利,12,6.0,7,62.7,7.0,2,横山琉人,55.0,ダ,1000.0,良,59.5,0.3,7-7,36.2,424.0,-6.0,コウユーネロガ,230.0
2023103999,カッサンドラ,2026/04/26,1福島6,晴,1.0,3歳未勝利,16,3.0,5,12.6,4.0,6,横山琉人,55.0,ダ,1150.0,良,71.5,2.8,5-5,38.7,430.0,2.0,モズオウンゴール,
2023103999,カッサンドラ,2026/02/14,1小倉7,晴,3.0,3歳未勝利,14,6.0,9,16.1,8.0,6,横山琉人,55.0,ダ,1000.0,良,60.0,0.6,9-8,36.5,428.0,0.0,ミヤフロント,
2023103999,カッサンドラ,2026/01/24,1小倉1,曇,3.0,3歳未勝利,14,4.0,5,86.3,10.0,5,横山琉人,55.0,ダ,1000.0,良,60.4,1.0,11-9,36.2,428.0,0.0,カッタッパ,59.0
2023103999,カッサンドラ,2025/11/16,5東京4,晴,3.0,2歳未勝利,18,2.0,4,91.4,8.0,18,藤懸貴志,55.0,芝,1400.0,良,83.8,1.7,1-1,36.7,428.0,2.0,イヌボウノウタゴエ,
2023103999,カッサンドラ,2025/09/28,4阪神9,晴,2.0,2歳未勝利,14,2.0,2,63.5,10.0,8,秋山稔樹,55.0,芝,1400.0,良,82.4,0.7,11-9,35.4,426.0,-8.0,ノアールビーナス,
2023103999,カッサンドラ,2025/08/10,1札幌6,曇,5.0,2歳新馬,12,2.0,2,64.4,8.0,8,小林美駒,52.0,芝,1500.0,良,91.9,0.8,2-2-2,36.3,434.0,0.0,ドルチェミスト,
2023100786,クリコイーコ,2026/07/12,1函館10,小雨,1.0,3歳未勝利,12,2.0,2,61.6,8.0,7,河原田菜,51.0,ダ,1000.0,不,59.0,0.5,8-8,35.4,444.0,-6.0,ビタミンドロップ,
2023100786,クリコイーコ,2026/05/31,3京都12,晴,2.0,3歳未勝利,16,7.0,13,93.4,9.0,7,団野大成,55.0,ダ,1200.0,良,73.6,1.4,6-6,36.8,450.0,4.0,カーリキュー,
2023100786,クリコイーコ,2026/04/25,3京都1,晴,2.0,3歳未勝利,16,3.0,5,116.1,8.0,9,城戸義政,55.0,ダ,1400.0,稍,86.8,2.1,4-4,39.6,446.0,0.0,リアライズブライト,
2023100786,クリコイーコ,2026/03/28,2阪神1,晴,1.0,3歳未勝利,16,3.0,5,356.0,16.0,6,城戸義政,55.0,ダ,1200.0,稍,73.5,1.4,10-11,36.8,446.0,0.0,ゴールドヴィーナス,
2023101755,アイビーミャーオ,2026/06/27,1函館5,晴,2.0,3歳未勝利,12,5.0,5,6.8,4.0,11,松本大輝,55.0,ダ,1000.0,不,59.5,1.7,5-6,36.2,448.0,4.0,マリブサーフ,
2023101755,アイビーミャーオ,2026/05/31,3京都12,晴,2.0,3歳未勝利,16,7.0,14,7.8,3.0,3,角田大和,55.0,ダ,1200.0,良,72.7,0.5,2-2,36.4,444.0,-8.0,カーリキュー,150.0
2023101755,アイビーミャーオ,2026/05/10,3京都6,晴,2.0,3歳未勝利,16,7.0,13,23.3,6.0,4,角田大和,55.0,ダ,1200.0,良,72.9,0.6,3-4,37.5,452.0,0.0,ビサーロ,89.0
2023101755,アイビーミャーオ,2026/02/28,1阪神3,晴,1.0,3歳未勝利,16,4.0,8,51.5,9.0,9,池添謙一,55.0,ダ,1400.0,良,87.2,1.6,1-2,40.1,452.0,-12.0,ジャンヌドゥレーヴ,
2023101755,アイビーミャーオ,2025/12/14,5中京4,曇,1.0,2歳未勝利,13,7.0,12,61.5,9.0,9,松本大輝,54.0,ダ,1800.0,稍,117.6,2.8,1-1-1-1,42.4,464.0,-4.0,ブルーメサンライズ,
2023101755,アイビーミャーオ,2025/11/22,4京都5,晴,6.0,2歳新馬,16,3.0,5,11.7,6.0,14,川端海翼,52.0,ダ,1400.0,良,88.6,3.8,13-12,39.5,468.0,0.0,カタリテ,
2023103167,ロングフルスペック,2026/06/27,1函館5,晴,2.0,3歳未勝利,12,4.0,4,36.4,10.0,6,古川吉洋,55.0,ダ,1000.0,不,59.2,1.4,12-10,35.0,462.0,12.0,マリブサーフ,
2023103167,ロングフルスペック,2026/04/12,2阪神6,晴,3.0,3歳未勝利,16,4.0,7,10.1,4.0,7,角田大和,55.0,ダ,1200.0,稍,73.6,1.2,2-2,38.0,450.0,-2.0,ミスヘンリー,
2023103167,ロングフルスペック,2026/03/14,1阪神7,晴,4.0,3歳未勝利,18,7.0,14,240.7,16.0,11,国分優作,55.0,芝,1400.0,良,82.1,1.1,2-2,35.8,452.0,-6.0,メランコリニスタ,
2023103167,ロングフルスペック,2026/02/22,1阪神2,晴,4.0,3歳新馬,14,3.0,4,22.9,6.0,5,国分優作,55.0,ダ,1400.0,良,88.3,2.5,1-1,39.9,458.0,0.0,ゼンカイナダル,65.0
2023101061,カレンココナ,2026/06/27,1函館5,晴,2.0,3歳未勝利,12,6.0,8,13.0,6.0,9,斎藤新,55.0,ダ,1000.0,不,59.3,1.5,2-3,36.2,436.0,4.0,マリブサーフ,
2023101061,カレンココナ,2026/02/21,1小倉9,晴,3.0,3歳未勝利,14,2.0,2,10.5,6.0,4,小崎綾也,55.0,ダ,1000.0,良,60.0,1.3,4-4,36.7,432.0,-8.0,エコロレバン,89.0
2023101061,カレンココナ,2026/01/31,1小倉3,晴,1.0,3歳未勝利,14,1.0,1,18.1,5.0,3,小崎綾也,55.0,ダ,1000.0,良,59.6,0.7,8-9,36.2,440.0,4.0,ウーマンズパワー,150.0
2023101061,カレンココナ,2025/11/15,4京都3,晴,6.0,2歳新馬,16,1.0,2,152.8,14.0,7,古川吉洋,55.0,ダ,1200.0,良,73.9,1.6,1-1,38.1,436.0,0.0,プリンセスモコ,
2023110042,レヴヴィ,2026/06/13,3阪神3,晴,3.0,3歳未勝利,18,2.0,4,256.7,13.0,17,吉村誠之,55.0,芝,1600.0,良,96.5,2.3,5-6,35.8,436.0,2.0,フェルギナス,
2023110042,レヴヴィ,2026/03/29,1中京6,晴,4.0,3歳未勝利,17,4.0,8,60.4,10.0,14,田山旺佑,52.0,芝,1200.0,良,70.5,1.7,13-14,35.0,434.0,-8.0,メローネ,
2023110042,レヴヴィ,2026/02/01,2京都2,晴,4.0,3歳新馬,16,5.0,9,5.8,2.0,14,佐々木大,55.0,ダ,1400.0,良,89.6,2.4,10-11,39.4,442.0,0.0,ティエラレイナ,
2024100077,サノノベリー,2026/07/11,1函館9,曇,5.0,2歳新馬,11,6.0,6,40.7,9.0,3,舟山瑠泉,54.0,芝,1200.0,稍,70.7,1.4,3-3,35.4,428.0,0.0,フレイコン,200.0
2024101989,ヴィヴィアンリーチ,2026/06/13,1函館1,晴,5.0,2歳新馬,12,6.0,7,7.8,5.0,4,小林美駒,52.0,芝,1200.0,稍,69.8,0.4,8-7,35.2,430.0,0.0,ダイメイビッグボス,120.0
2024106810,テイクケア,2026/07/04,1函館7,晴,1.0,2歳未勝利,9,1.0,1,46.2,7.0,5,横山琉人,55.0,芝,1200.0,良,69.7,0.9,5-5,34.9,430.0,-10.0,ショウナンカノア,59.0
2024106810,テイクケア,2026/06/14,1函館2,晴,5.0,2歳新馬,8,7.0,7,39.4,8.0,5,横山琉人,55.0,芝,1000.0,良,58.6,0.9,6-5,34.2,440.0,0.0,セタキト,78.0
2024100652,コックニー,2026/07/05,1函館8,曇,1.0,2歳未勝利,9,6.0,6,1.8,1.0,8,横山武史,55.0,芝,1200.0,良,72.0,2.2,2-2,38.1,486.0,-2.0,ライーリーアース,
2024100652,コックニー,2026/06/21,1函館4,小雨,5.0,2歳新馬,10,3.0,3,1.8,1.0,2,横山武史,55.0,芝,1200.0,良,70.0,0.5,2-2,34.9,488.0,0.0,フェリチタ,310.0
2024103505,ヌーンベルク,2026/07/04,1函館7,晴,1.0,2歳未勝利,9,3.0,3,2.8,2.0,4,横山武史,55.0,芝,1200.0,良,69.3,0.5,3-3,34.8,430.0,-2.0,ショウナンカノア,89.0
2024103505,ヌーンベルク,2026/06/27,1函館5,晴,5.0,2歳新馬,8,7.0,7,3.9,3.0,3,横山武史,55.0,芝,1200.0,稍,69.9,0.1,1-1,35.5,432.0,0.0,アゴルディーノ,200.0
2024105362,ライフイズアート,2026/07/11,1函館9,曇,5.0,2歳新馬,11,8.0,11,5.2,2.0,2,岩田康誠,55.0,芝,1200.0,稍,70.6,1.3,2-2,35.6,418.0,0.0,フレイコン,310.0
2024105402,シガレス,2026/07/11,1函館9,曇,5.0,2歳新馬,11,4.0,4,170.0,10.0,6,和田陽希,52.0,芝,1200.0,稍,71.3,2.0,7-7,35.4,448.0,0.0,フレイコン,
2024106857,トーセンルルド,2026/07/04,1函館7,晴,1.0,2歳未勝利,9,5.0,5,10.0,4.0,3,佐々木大,55.0,芝,1200.0,良,69.2,0.4,2-2,34.9,452.0,4.0,ショウナンカノア,150.0
2024106857,トーセンルルド,2026/06/21,1函館4,小雨,5.0,2歳新馬,10,8.0,9,25.5,7.0,5,横山琉人,55.0,芝,1200.0,良,70.4,0.9,4-4,35.0,448.0,0.0,フェリチタ,78.0
2023106531,ゴーントゥファー,2026/07/12,1函館10,曇,3.0,3歳未勝利,14,4.0,6,132.7,12.0,13,長浜鴻緒,56.0,ダ,1700.0,不,107.4,3.1,9-10-14-14,38.7,468.0,-8.0,ビンバラ,
2023106531,ゴーントゥファー,2026/06/28,2福島2,晴,2.0,3歳未勝利,14,6.0,11,,,除,荻野極,57.0,ダ,1700.0,良,,,,,470.0,-6.0,ウインビギニング,
2023106531,ゴーントゥファー,2026/04/05,3中山4,晴,5.0,3歳未勝利,16,1.0,2,167.8,13.0,14,横山琉人,57.0,芝,2000.0,重,134.0,11.8,16-16-16-16,44.1,476.0,0.0,コスモナエマ,
2023102887,クロームクロス,2026/05/24,1新潟8,曇,6.0,3歳未勝利,12,4.0,4,9.7,5.0,11,斎藤新,57.0,ダ,1800.0,稍,118.0,4.0,3-4-5-5,42.3,456.0,-6.0,ホウオウストライク,
2023102887,クロームクロス,2026/05/17,1新潟6,晴,2.0,3歳未勝利,9,3.0,3,16.9,5.0,4,斎藤新,57.0,ダ,1800.0,良,115.5,0.6,6-5-4-4,37.8,462.0,0.0,エタンセル,89.0
2023102887,クロームクロス,2026/01/12,1京都5,晴,5.0,3歳新馬,18,2.0,3,63.7,13.0,9,斎藤新,57.0,芝,1600.0,良,97.4,1.5,8-7,35.6,462.0,0.0,ニシノサリーナ,
2023103360,ヤマメイッカ,2026/07/11,1函館9,曇,6.0,3歳未勝利,10,4.0,4,5.6,3.0,2,佐々木大,57.0,ダ,1700.0,重,104.4,0.1,5-5-3-3,38.0,496.0,-4.0,チリンドリ,230.0
2023103360,ヤマメイッカ,2026/06/28,1函館6,晴,2.0,3歳未勝利,14,8.0,14,8.4,5.0,5,佐々木大,57.0,ダ,1700.0,稍,106.8,0.8,2-3-4-4,38.3,500.0,2.0,ライカ,58.0
2023103360,ヤマメイッカ,2026/01/11,1中山4,曇,3.0,3歳未勝利,16,4.0,8,6.6,3.0,14,佐々木大,57.0,ダ,1800.0,良,120.5,5.0,3-3-3-9,44.6,498.0,4.0,ファイタージェット,
2023103360,ヤマメイッカ,2025/11/24,5東京6,晴,4.0,2歳未勝利,14,7.0,12,14.6,3.0,5,佐々木大,56.0,ダ,1600.0,良,98.9,1.8,5-7,37.6,494.0,0.0,マクリール,56.0
2023103360,ヤマメイッカ,2025/10/25,4東京8,小雨,6.0,2歳新馬,16,2.0,4,85.7,12.0,5,佐々木大,56.0,ダ,1600.0,稍,98.9,1.3,13-9,36.4,494.0,0.0,ホウオウルクソール,75.0
2023104027,ダンツアラーム,2026/07/12,1函館10,小雨,2.0,3歳未勝利,13,3.0,3,10.6,5.0,8,遠藤汰月,52.0,芝,2000.0,重,124.2,1.8,7-8-8-10,39.0,430.0,0.0,ベネディクション,
2023104027,ダンツアラーム,2026/06/27,1函館5,晴,4.0,3歳未勝利,16,8.0,16,60.3,12.0,8,遠藤汰月,52.0,芝,1800.0,稍,108.4,0.4,14-14-12-13,35.0,430.0,-2.0,アイムイン,
2023104027,ダンツアラーム,2026/06/14,1函館2,晴,2.0,3歳未勝利,11,4.0,4,23.2,8.0,5,遠藤汰月,52.0,ダ,1700.0,良,106.8,1.3,7-8-10-10,38.4,432.0,4.0,ストロングボーイ,58.0
2023104027,ダンツアラーム,2026/05/23,3京都9,曇,4.0,3歳未勝利,17,3.0,6,21.6,8.0,9,太宰啓介,55.0,芝,1800.0,良,107.3,1.1,2-2,37.0,428.0,0.0,エトワールブーケ,
2023104027,ダンツアラーム,2026/05/17,3京都8,晴,4.0,3歳未勝利,17,1.0,1,71.9,13.0,7,太宰啓介,55.0,芝,1600.0,良,93.9,0.5,8-10,35.0,428.0,-8.0,ペプチドブッドレア,
2023104027,ダンツアラーム,2026/04/11,3中山5,晴,6.0,3歳未勝利,18,1.0,1,22.0,6.0,7,石橋脩,55.0,芝,2000.0,良,122.2,0.7,1-1-1-1,36.9,436.0,2.0,ピエスユニーク,
2023104027,ダンツアラーム,2026/02/21,1小倉9,晴,2.0,3歳未勝利,18,1.0,1,23.7,7.0,7,丸山元気,55.0,芝,1200.0,良,69.7,0.9,16-16,34.4,434.0,2.0,ムーンリットアイル,
2023104027,ダンツアラーム,2025/11/29,4京都7,晴,3.0,2歳未勝利,14,7.0,11,9.4,4.0,11,和田竜二,55.0,芝,1600.0,良,95.8,1.2,8-9,35.7,432.0,-8.0,トミーバローズ,
2023104027,ダンツアラーム,2025/11/02,3京都11,晴,5.0,2歳新馬,15,8.0,15,17.0,6.0,5,和田竜二,55.0,芝,1600.0,良,96.6,0.7,13-13,34.6,440.0,0.0,ヒシアイラ,75.0
2023104988,メイショウシンガン,2025/10/25,3京都8,曇,1.0,2歳未勝利,14,6.0,10,5.5,3.0,10,岩田望来,56.0,ダ,1400.0,良,88.5,2.2,4-4,41.5,462.0,0.0,ホールオブミラーズ,
2023104988,メイショウシンガン,2025/09/27,4阪神8,晴,2.0,2歳未勝利,9,2.0,2,3.6,2.0,3,岩田望来,55.0,ダ,1800.0,良,116.4,1.8,1-1-1-2,39.1,462.0,2.0,シーズザスローン,140.0
2023104988,メイショウシンガン,2025/09/14,4阪神4,曇,6.0,2歳新馬,12,4.0,4,18.4,5.0,3,岩田望来,55.0,ダ,1800.0,良,116.3,1.1,1-1-1-1,38.9,460.0,0.0,ウェイニースー,190.0
2023101814,アオイミズホ,2026/06/27,2福島1,晴,2.0,3歳未勝利,15,2.0,3,3.3,3.0,5,戸崎圭太,57.0,ダ,1700.0,稍,107.1,0.7,8-7-3-3,39.4,524.0,8.0,スターツトゥデイ,58.0
2023101814,アオイミズホ,2026/06/06,3東京1,晴,6.0,3歳未勝利,16,4.0,8,2.5,1.0,5,戸崎圭太,57.0,ダ,1600.0,良,99.1,1.0,12-13,37.3,516.0,-2.0,ポッドジーク,58.0
2023101814,アオイミズホ,2026/05/16,2東京7,晴,2.0,3歳未勝利,16,3.0,5,3.2,2.0,2,戸崎圭太,57.0,ダ,1600.0,良,99.7,0.3,1-1,37.3,518.0,2.0,ターフクリスタル,240.0
2023101814,アオイミズホ,2026/04/19,3中山8,晴,3.0,3歳未勝利,14,6.0,10,6.0,4.0,3,岩田望来,57.0,ダ,1800.0,良,115.5,2.0,2-2-2-2,41.1,516.0,-6.0,ジューンセクレタ,150.0
2023101814,アオイミズホ,2026/03/21,2中山7,晴,2.0,3歳未勝利,12,5.0,6,3.1,2.0,3,岩田望来,57.0,ダ,1800.0,良,116.9,0.3,2-2-2-2,40.1,522.0,-6.0,スカイレックス,150.0
2023101814,アオイミズホ,2026/02/21,1東京7,晴,3.0,3歳未勝利,16,1.0,1,9.0,5.0,9,戸崎圭太,57.0,ダ,1600.0,良,100.6,1.8,14-14,38.5,528.0,4.0,エムノビアンカ,
2023101814,アオイミズホ,2026/02/07,1東京3,曇,3.0,3歳未勝利,16,1.0,2,3.0,2.0,3,戸崎圭太,57.0,ダ,1600.0,良,100.2,0.7,9-9,37.4,524.0,2.0,フクシマブリルハム,150.0
2023101814,アオイミズホ,2025/12/13,5中山3,曇,4.0,2歳未勝利,16,4.0,7,2.5,1.0,4,戸崎圭太,56.0,ダ,1800.0,良,117.1,1.0,14-13-9-8,39.2,522.0,-2.0,ガンダ,84.0
2023101814,アオイミズホ,2025/11/01,4東京10,晴,1.0,2歳未勝利,16,8.0,15,23.4,5.0,4,戸崎圭太,56.0,ダ,1600.0,不,96.8,0.8,14-13,36.2,524.0,6.0,アルカディアカフェ,84.0
2023101814,アオイミズホ,2025/10/11,4東京3,雨,6.0,2歳新馬,16,3.0,6,2.9,1.0,5,三浦皇成,56.0,ダ,1600.0,稍,101.0,1.1,7-5,38.9,518.0,0.0,セイントエルモズ,75.0
2023104936,メイショウノヴァス,2026/07/08,門別,曇,7.0,フェルカド特別(C1),7,7.0,7,3.9,3.0,4,小野楓馬,57.0,ダ,1700.0,良,112.5,1.4,5-6-3-2,40.3,462.0,-6.0,タイセイスライブ,14.0
2023104936,メイショウノヴァス,2026/06/20,1函館3,曇,3.0,3歳未勝利,16,1.0,2,10.7,6.0,8,小沢大仁,57.0,芝,2000.0,良,121.5,2.0,7-7-14-12,35.6,468.0,2.0,ジャケットポケット,
2023104936,メイショウノヴァス,2026/05/24,3京都10,晴,3.0,3歳未勝利,18,8.0,16,9.5,5.0,7,田口貫太,57.0,芝,1600.0,良,93.6,0.7,13-9,35.0,466.0,4.0,ハヤブササキチャン,
2023104936,メイショウノヴァス,2026/01/31,2京都1,晴,6.0,3歳未勝利,16,6.0,12,16.6,6.0,5,幸英明,57.0,芝,1600.0,良,95.5,0.4,16-15,35.1,462.0,2.0,ペイシャシス,59.0
2023104936,メイショウノヴァス,2026/01/18,1京都7,晴,6.0,3歳未勝利,18,7.0,15,87.5,11.0,6,田口貫太,57.0,芝,1600.0,良,94.6,0.6,13-9,35.9,460.0,-4.0,マゲバスピード,
2023104936,メイショウノヴァス,2025/12/28,5阪神8,晴,3.0,2歳未勝利,18,8.0,16,7.8,4.0,6,田口貫太,56.0,芝,1800.0,良,107.1,0.9,8-7,35.5,464.0,4.0,ストームゲイル,
2023104936,メイショウノヴァス,2025/12/07,5阪神2,晴,5.0,2歳新馬,17,1.0,1,15.3,6.0,2,田口貫太,56.0,芝,1600.0,良,96.2,0.0,1-1,34.1,460.0,0.0,アンソニー,300.0
2023106046,ブルーフレア,2026/06/07,3東京2,曇,2.0,3歳未勝利,16,5.0,9,4.2,2.0,7,大野拓弥,57.0,ダ,2100.0,良,135.1,2.4,2-2-2-2,40.3,492.0,-2.0,インナーパッション,
2023106046,ブルーフレア,2026/05/17,2東京8,晴,3.0,3歳未勝利,12,2.0,2,4.6,2.0,2,大野拓弥,57.0,ダ,2100.0,良,135.4,0.4,1-1-1-1,38.1,494.0,-2.0,エクストラプッシュ,240.0
2023106046,ブルーフレア,2026/05/02,2東京3,晴,3.0,3歳未勝利,9,8.0,9,23.7,6.0,3,大野拓弥,57.0,ダ,2100.0,重,133.2,0.4,1-2-2-2,37.8,496.0,8.0,リオンサーガ,150.0
2023106046,ブルーフレア,2026/04/12,3中山6,晴,2.0,3歳未勝利,14,5.0,9,76.8,8.0,9,大野拓弥,57.0,ダ,1800.0,稍,117.9,2.9,7-7-9-9,40.3,488.0,0.0,アルデキングダム,
2023101714,ワンダーゾルダート,2026/06/14,3阪神4,曇,3.0,3歳未勝利,16,2.0,4,34.3,8.0,10,幸英明,57.0,ダ,1800.0,良,116.2,1.4,4-3-4-4,39.9,436.0,6.0,レッドホット,
2023101714,ワンダーゾルダート,2026/05/24,3京都10,晴,2.0,3歳未勝利,13,1.0,1,7.9,4.0,6,幸英明,57.0,ダ,1900.0,良,123.7,0.8,1-1-1-2,39.5,430.0,0.0,ピエナブラック,
2023101714,ワンダーゾルダート,2026/05/09,3京都5,晴,2.0,3歳未勝利,15,3.0,4,4.0,1.0,6,川端海翼,54.0,ダ,1800.0,良,115.9,1.7,5-5-5-5,40.0,430.0,-2.0,ココロヅヨサ,
2023101714,ワンダーゾルダート,2026/03/28,1中京5,晴,4.0,3歳未勝利,14,7.0,12,10.9,4.0,6,川端海翼,54.0,ダ,1800.0,稍,116.2,2.1,8-9-6-6,40.0,432.0,-2.0,アスクドゥチャンプ,
2023101714,ワンダーゾルダート,2026/03/15,1阪神8,曇,2.0,3歳未勝利,14,3.0,4,3.6,1.0,2,川端海翼,54.0,ダ,1800.0,良,115.3,0.3,1-1-1-1,38.8,434.0,0.0,ミランド,240.0
2023101714,ワンダーゾルダート,2026/02/22,1阪神2,晴,3.0,3歳未勝利,11,7.0,8,84.3,7.0,2,川端海翼,54.0,ダ,1800.0,良,116.1,0.1,2-2-2-2,38.8,434.0,2.0,ビズロード,240.0
2023101714,ワンダーゾルダート,2026/02/07,2京都3,曇,4.0,3歳新馬,16,2.0,4,31.8,12.0,6,川端海翼,54.0,ダ,1800.0,良,115.9,2.1,5-5-5-4,39.2,432.0,0.0,アレンスター,
2023101994,マクローリン,2026/06/14,3阪神4,曇,3.0,3歳未勝利,16,3.0,5,367.5,15.0,13,菱田裕二,57.0,ダ,1800.0,良,117.0,2.2,5-5-8-10,40.2,464.0,-6.0,レッドホット,
2023101994,マクローリン,2026/05/30,3京都11,晴,1.0,3歳未勝利,16,8.0,16,73.2,9.0,7,斎藤新,57.0,ダ,1400.0,良,86.6,1.6,5-5,38.2,470.0,4.0,ニホンピロローカス,
2023101994,マクローリン,2026/05/09,1新潟3,晴,2.0,3歳未勝利,10,6.0,6,147.9,8.0,5,和田陽希,54.0,ダ,1800.0,稍,118.8,3.4,5-6-6-6,41.7,466.0,4.0,ベストブラザーズ,59.0
2023101994,マクローリン,2026/04/26,2東京2,晴,2.0,3歳未勝利,14,8.0,13,118.4,10.0,8,小崎綾也,57.0,ダ,1600.0,稍,100.9,1.4,9-9,38.0,462.0,-2.0,サトノフェンサー,
2023101994,マクローリン,2026/04/12,3中山6,晴,1.0,3歳未勝利,15,3.0,4,32.0,7.0,7,小崎綾也,57.0,ダ,1200.0,稍,73.3,1.7,9-10,38.1,464.0,-10.0,ロードトライデント,
2023101994,マクローリン,2026/03/28,2阪神1,晴,3.0,3歳未勝利,16,7.0,14,85.3,8.0,8,鮫島良太,57.0,ダ,1200.0,稍,73.8,1.3,12-12,36.9,474.0,-4.0,レッドレベンディス,
2023101994,マクローリン,2026/02/15,2京都6,曇,6.0,3歳未勝利,18,7.0,15,345.9,16.0,12,藤懸貴志,57.0,芝,1600.0,良,96.2,2.1,14-14,35.6,478.0,8.0,アヴィオン,
2023101994,マクローリン,2026/02/05,笠松,晴,8.0,御嶽宿特別(3歳),10,3.0,3,7.7,3.0,2,今井貴大,57.0,ダ,1400.0,良,90.3,0.5,3-3-2,38.9,470.0,4.0,ディープスリー,28.0
2023101994,マクローリン,2025/12/06,5阪神1,晴,9.0,さざんか賞(1勝クラス),8,2.0,2,154.6,7.0,5,小崎綾也,56.0,芝,1200.0,良,70.1,1.0,7-7,34.1,466.0,-6.0,フォーゲル,111.0
2023101994,マクローリン,2025/11/30,4京都8,晴,2.0,2歳未勝利,13,8.0,13,172.6,10.0,10,富田暁,56.0,芝,1800.0,良,109.4,3.0,2-2,38.5,472.0,4.0,サウンドムーブ,
2023101994,マクローリン,2025/10/12,3京都4,曇,2.0,2歳未勝利,7,3.0,3,114.1,7.0,7,河原田菜,52.0,ダ,1800.0,良,117.4,3.6,7-7-7-7,40.2,468.0,2.0,サイン,
2023101994,マクローリン,2025/09/27,4阪神8,晴,2.0,2歳未勝利,9,6.0,6,23.2,5.0,8,西村淳也,55.0,ダ,1800.0,良,118.7,4.1,3-3-5-6,40.3,466.0,2.0,シーズザスローン,
2023101994,マクローリン,2025/09/13,4阪神3,曇,3.0,2歳未勝利,5,1.0,1,96.7,5.0,4,吉村誠之,54.0,芝,1800.0,良,112.4,1.3,1-1,34.4,464.0,14.0,ギャラボーグ,84.0
2023101994,マクローリン,2025/08/09,3中京5,曇,4.0,2歳新馬,10,5.0,5,75.4,9.0,8,加藤祥太,55.0,芝,1400.0,良,83.6,1.3,6-6,35.0,450.0,0.0,アイニードユー,
2023103559,レイナデルアイレ,2026/06/27,2福島1,晴,7.0,3歳未勝利,16,6.0,11,129.9,13.0,5,嶋田純次,55.0,芝,1800.0,良,108.8,0.9,3-3-3-4,35.7,436.0,2.0,アッパーウォーター,58.0
2023103559,レイナデルアイレ,2026/04/26,2東京2,晴,1.0,3歳未勝利,15,6.0,11,164.0,14.0,15,津村明秀,55.0,ダ,1400.0,稍,88.8,2.8,13-14,37.9,434.0,0.0,ケイツープラ,
2023103559,レイナデルアイレ,2026/02/21,1小倉9,晴,3.0,3歳未勝利,14,8.0,14,74.7,11.0,13,嶋田純次,55.0,ダ,1000.0,良,61.5,2.8,14-14,36.7,434.0,10.0,エコロレバン,
2023103559,レイナデルアイレ,2026/01/25,1小倉2,晴,5.0,3歳新馬,18,6.0,11,72.6,14.0,12,西塚洸二,54.0,芝,1200.0,良,70.4,2.0,17-17,33.7,424.0,0.0,エンプレスケー,
2023101315,サンエンジェルス,2026/06/27,1函館5,晴,6.0,3歳未勝利,11,4.0,4,13.4,4.0,5,浜中俊,55.0,ダ,1700.0,重,104.7,0.5,8-8-8-6,36.8,414.0,-4.0,プリンセスアツコ,58.0
2023101315,サンエンジェルス,2026/06/14,1函館2,晴,1.0,3歳未勝利,16,2.0,3,4.9,3.0,7,浜中俊,55.0,芝,1200.0,良,69.2,0.7,8-9,34.8,418.0,8.0,カガラプンツェル,
2023101315,サンエンジェルス,2026/04/04,2阪神3,小雨,4.0,3歳未勝利,18,1.0,2,36.4,9.0,6,浜中俊,55.0,芝,1400.0,良,82.1,0.5,7-7,35.2,410.0,-4.0,マイティキングダム,
2023101315,サンエンジェルス,2026/03/15,1中京2,晴,3.0,3歳未勝利,16,3.0,5,100.4,13.0,4,浜中俊,55.0,芝,1600.0,良,95.3,0.4,5-4-4,34.9,414.0,-6.0,スリラーナイト,89.0
2023101315,サンエンジェルス,2025/08/02,1札幌3,晴,5.0,2歳新馬,11,8.0,10,62.6,10.0,5,浜中俊,55.0,芝,1500.0,良,90.2,0.9,6-6-5,34.8,420.0,0.0,ポペット,75.0
2023106115,アロハ,2026/06/27,2小倉1,曇,3.0,3歳未勝利,16,4.0,7,5.4,2.0,6,松山弘平,55.0,芝,1800.0,重,107.9,0.7,2-3-3-3,35.7,454.0,0.0,ミリタリータトゥー,
2023106115,アロハ,2026/05/17,3京都8,晴,4.0,3歳未勝利,17,2.0,3,5.2,3.0,11,鮫島克駿,55.0,芝,1600.0,良,94.0,0.6,4-4,35.3,454.0,4.0,ペプチドブッドレア,
2023106115,アロハ,2025/10/13,3京都5,晴,6.0,2歳新馬,15,3.0,5,3.9,2.0,2,松山弘平,55.0,芝,1600.0,良,94.2,0.6,5-4,35.6,450.0,0.0,バルセシート,300.0
2023106910,エアヴァイブス,2026/07/12,1函館10,小雨,2.0,3歳未勝利,13,6.0,9,2.9,1.0,5,武豊,55.0,芝,2000.0,重,123.3,0.9,5-4-2-1,38.8,428.0,-4.0,ベネディクション,58.0
2023106910,エアヴァイブス,2026/06/27,1函館5,晴,4.0,3歳未勝利,16,6.0,11,4.3,1.0,7,武豊,55.0,芝,1800.0,稍,108.3,0.3,5-6-4-4,35.5,432.0,6.0,アイムイン,
2023106910,エアヴァイブス,2026/05/31,3京都12,晴,5.0,3歳未勝利,18,2.0,3,2.5,1.0,7,高杉吏麒,55.0,芝,1600.0,良,93.9,0.4,6-6,34.8,426.0,-4.0,エイシンビーコン,
2023106910,エアヴァイブス,2026/05/17,3京都8,晴,4.0,3歳未勝利,17,6.0,11,6.4,5.0,2,高杉吏麒,55.0,芝,1600.0,良,93.4,0.0,6-7,34.6,430.0,4.0,ペプチドブッドレア,240.0
2023106910,エアヴァイブス,2026/03/14,1中京1,晴,4.0,3歳未勝利,16,4.0,8,3.0,1.0,4,高杉吏麒,55.0,芝,1600.0,良,94.6,0.4,4-3-3,34.6,426.0,-2.0,ルージュリリック,89.0
2023106910,エアヴァイブス,2026/01/05,1京都2,晴,6.0,3歳未勝利,14,2.0,3,17.5,6.0,2,高杉吏麒,55.0,芝,1600.0,良,95.5,0.2,4-6,35.3,428.0,-18.0,ベルサンローラン,240.0
2023106910,エアヴァイブス,2025/10/04,3京都1,小雨,5.0,2歳新馬,14,8.0,14,5.8,4.0,10,武豊,55.0,芝,2000.0,重,124.2,1.9,12-13-8-11,36.5,446.0,0.0,ダークマルス,
2023100777,スパークルレイ,2026/06/30,盛岡,晴,9.0,アメジスト賞(3歳),12,5.0,5,73.4,6.0,5,山本聡紀,54.0,芝,1700.0,良,105.8,1.6,3-3-4-5,37.8,484.0,2.0,エルナト,8.4
2023100777,スパークルレイ,2026/05/17,2東京8,晴,4.0,3歳未勝利,17,6.0,11,417.1,16.0,15,的場勇人,55.0,芝,1800.0,良,108.6,1.5,2-5-5,35.1,482.0,6.0,クカイリモク,
2023100777,スパークルレイ,2026/04/11,3中山5,晴,5.0,3歳未勝利,15,5.0,10,305.8,13.0,15,的場勇人,55.0,芝,1600.0,良,96.9,2.3,15-15-15,35.8,476.0,0.0,シヴィータス,
2023106578,ペカリーナ,2026/05/17,2東京8,晴,4.0,3歳未勝利,17,3.0,5,12.3,4.0,5,田辺裕信,55.0,芝,1800.0,良,107.3,0.2,1-1-1,34.5,460.0,-2.0,クカイリモク,59.0
2023106578,ペカリーナ,2026/04/25,2東京1,曇,4.0,3歳未勝利,15,2.0,2,25.8,6.0,3,田辺裕信,55.0,芝,1800.0,良,107.9,0.3,1-1-1,34.8,462.0,6.0,シニャンガ,150.0
2023106578,ペカリーナ,2026/03/28,2阪神1,晴,9.0,君子蘭賞(1勝クラス),7,5.0,5,115.8,7.0,5,藤懸貴志,55.0,芝,1800.0,良,108.0,1.3,3-5,35.3,456.0,-4.0,アンジュドジョワ,114.0
2023106578,ペカリーナ,2026/03/08,2中山4,晴,1.0,3歳未勝利,16,3.0,6,19.3,8.0,10,木幡初也,55.0,ダ,1800.0,稍,119.5,1.6,6-6-8-8,42.4,460.0,-2.0,ステイグローリアス,
2023106578,ペカリーナ,2026/01/11,1中山4,曇,2.0,3歳未勝利,16,8.0,16,60.0,10.0,9,木幡初也,55.0,ダ,1800.0,良,119.4,2.5,14-14-16-14,40.4,462.0,-2.0,ノーブルクラウド,
2023106578,ペカリーナ,2025/12/27,5中山7,曇,5.0,2歳新馬,16,6.0,11,178.8,16.0,14,木幡初也,55.0,芝,1600.0,良,96.9,1.8,11-15-15,36.1,464.0,0.0,ルールザウェイヴ,
2023102511,ビップジョワ,2026/07/12,1函館10,雨,6.0,3歳未勝利,16,2.0,4,113.8,12.0,5,遠藤汰月,52.0,芝,1200.0,重,70.7,0.4,10-9,35.5,420.0,0.0,ミルトメロディー,58.0
2023102511,ビップジョワ,2026/06/28,1函館6,晴,6.0,3歳未勝利,16,3.0,5,130.2,15.0,16,小林美駒,52.0,芝,2000.0,良,125.3,4.5,2-2-6-16,40.6,420.0,0.0,マテンロウオリジン,
2023102511,ビップジョワ,2026/06/14,1函館2,晴,6.0,3歳未勝利,15,4.0,7,84.1,10.0,11,富田暁,55.0,芝,2000.0,良,121.9,2.3,1-1-2-5,38.1,420.0,4.0,エイカイコバチ,
2023102511,ビップジョワ,2026/05/09,1新潟3,晴,6.0,3歳未勝利,16,2.0,4,22.5,7.0,7,丸田恭介,55.0,芝,2000.0,良,126.9,0.4,1-1-1-1,37.0,416.0,0.0,タイキアロハ,
2023102511,ビップジョワ,2026/04/25,2東京1,曇,4.0,3歳未勝利,15,6.0,10,24.9,5.0,4,横山武史,55.0,芝,1800.0,良,108.1,0.5,4-2-2,34.9,416.0,0.0,シニャンガ,89.0
2023102511,ビップジョワ,2026/03/01,2中山2,晴,5.0,3歳未勝利,16,4.0,8,18.5,6.0,6,丸田恭介,55.0,芝,1600.0,良,96.3,0.7,9-8-6,34.8,416.0,-6.0,サザンテイオー,
2023102511,ビップジョワ,2026/02/10,1東京4,晴,5.0,3歳新馬,16,4.0,7,71.2,11.0,4,丸田恭介,55.0,芝,1600.0,良,95.4,0.3,3-2,34.5,422.0,0.0,マウンテンバローズ,98.0
2023107068,サンセリテ,2026/05/10,2東京6,晴,3.0,3歳未勝利,18,1.0,2,5.6,3.0,10,レーン,55.0,芝,1600.0,良,95.3,0.7,9-10,34.2,440.0,-2.0,アイアンクラッド,
2023107068,サンセリテ,2026/01/18,1中山7,晴,12.0,3歳未勝利,16,5.0,10,4.4,2.0,9,戸崎圭太,55.0,芝,1600.0,良,95.1,0.9,12-12-9,35.4,442.0,2.0,サンヴィクトワール,
2023107068,サンセリテ,2025/10/25,4東京8,小雨,2.0,2歳未勝利,10,8.0,9,1.1,1.0,6,戸崎圭太,55.0,芝,1600.0,良,95.8,0.9,2-2,36.0,440.0,2.0,ヒズマスターピース,
2023107068,サンセリテ,2025/09/13,4中山3,曇,5.0,2歳新馬,16,8.0,16,2.1,1.0,2,戸崎圭太,55.0,芝,1600.0,稍,96.0,0.0,8-9-7,34.0,438.0,0.0,スタートレイン,300.0
2023106508,イノリ,2026/04/12,3中山6,晴,5.0,3歳未勝利,18,6.0,12,175.7,16.0,14,田山旺佑,52.0,芝,2200.0,良,136.2,2.1,2-2-3-4,37.3,408.0,-2.0,ティラーノ,
2023106508,イノリ,2026/03/14,1阪神7,晴,5.0,3歳未勝利,17,8.0,16,352.9,15.0,16,酒井学,55.0,芝,1800.0,良,108.3,2.5,5-4,37.2,410.0,2.0,エンネ,
2023106508,イノリ,2025/12/14,5阪神4,晴,3.0,2歳未勝利,11,5.0,5,100.9,11.0,11,ジェルー,55.0,芝,1800.0,稍,108.7,2.3,4-8,37.1,408.0,0.0,テーオーアルアイン,
2023106508,イノリ,2025/11/23,4京都6,晴,3.0,2歳未勝利,16,3.0,5,291.9,9.0,12,和田陽希,52.0,芝,2000.0,良,123.7,3.3,13-10-10-9,38.2,408.0,-2.0,エアビーアゲイル,
2023106508,イノリ,2025/10/11,3京都3,曇,3.0,2歳未勝利,6,4.0,4,32.0,5.0,6,永島まな,53.0,芝,1800.0,良,110.9,2.9,2-3,36.8,410.0,-4.0,シーミハットク,
2023106508,イノリ,2025/09/06,2札幌5,晴,5.0,2歳新馬,10,3.0,3,62.4,8.0,6,橋木太希,52.0,芝,1500.0,良,91.2,1.8,5-4-6,36.7,414.0,0.0,リリージョワ,
2023103394,フレッチャアズーラ,2026/05/17,3京都8,晴,4.0,3歳未勝利,17,8.0,17,3.5,1.0,9,吉村誠之,55.0,芝,1600.0,良,93.9,0.5,10-10,35.0,474.0,0.0,ペプチドブッドレア,
2023103394,フレッチャアズーラ,2026/03/15,1中京2,晴,3.0,3歳未勝利,16,6.0,12,1.3,1.0,3,川田将雅,55.0,芝,1600.0,良,95.0,0.1,2-2-2,34.9,474.0,6.0,スリラーナイト,150.0
2023103394,フレッチャアズーラ,2026/02/21,1阪神1,晴,5.0,3歳未勝利,18,7.0,15,2.4,1.0,2,川田将雅,55.0,芝,1600.0,良,94.3,0.1,4-3,34.7,468.0,2.0,ナムラヒナギク,240.0
2023103394,フレッチャアズーラ,2026/01/18,1京都7,晴,6.0,3歳未勝利,18,3.0,5,2.0,1.0,10,岩田望来,55.0,芝,1600.0,良,94.9,0.9,2-2,37.5,466.0,-4.0,マゲバスピード,
2023103394,フレッチャアズーラ,2025/12/06,5阪神1,晴,3.0,2歳未勝利,17,8.0,15,3.8,2.0,2,岩田望来,55.0,芝,1600.0,良,93.6,0.0,4-3,33.6,470.0,0.0,グランドオーパス,220.0
2023103394,フレッチャアズーラ,2025/11/08,4京都1,晴,5.0,2歳新馬,9,5.0,5,6.0,4.0,3,岩田望来,55.0,芝,1800.0,良,107.5,0.3,3-3,34.6,470.0,0.0,アドマイヤシュラ,190.0
2023102495,イヌボウノシオカゼ,2026/05/16,1新潟5,晴,6.0,3歳未勝利,16,3.0,6,25.2,6.0,15,今村聖奈,53.0,芝,1000.0,良,57.6,2.7,4,35.2,434.0,2.0,アカウフリューゲル,
2023102495,イヌボウノシオカゼ,2026/02/22,1東京8,晴,3.0,3歳新馬,16,2.0,4,8.2,5.0,13,キング,55.0,ダ,1400.0,良,92.6,5.0,2-2,43.7,432.0,0.0,ローズブーケ,
2023105775,カスタニッチャ,2026/06/07,3阪神2,雨,2.0,3歳未勝利,15,1.0,1,247.4,13.0,9,富田暁,55.0,芝,1800.0,良,107.9,0.9,6-7,34.5,428.0,-8.0,サリエンテ,
2023105775,カスタニッチャ,2025/11/15,4京都3,晴,5.0,2歳新馬,18,1.0,2,36.2,8.0,12,岩田望来,55.0,芝,1600.0,良,97.3,1.6,3-4,36.9,436.0,0.0,グレースジェンヌ,
2023107361,ロジマギー,2026/04/25,1福島5,晴,1.0,3歳未勝利,15,5.0,9,4.1,2.0,12,丸山元気,55.0,ダ,1700.0,良,110.0,2.3,4-4-4-6,41.1,460.0,-8.0,ゴールドドレッサ,
2023107361,ロジマギー,2026/03/01,2中山2,晴,1.0,3歳未勝利,16,4.0,8,8.1,5.0,3,丸山元気,55.0,ダ,1800.0,稍,115.8,0.6,2-2-2-2,41.0,468.0,0.0,ピュアエンブレム,150.0
2023107361,ロジマギー,2026/01/04,1中山1,晴,6.0,3歳新馬,17,6.0,11,6.3,3.0,5,丸山元気,55.0,芝,2000.0,良,124.2,0.2,2-2-2-2,35.7,468.0,0.0,トップオブザライン,65.0
2023102923,インフィオラータ,2026/07/11,1函館9,曇,4.0,3歳未勝利,14,2.0,2,8.1,4.0,3,浜中俊,55.0,芝,1800.0,稍,108.0,0.5,11-11-12-12,35.0,442.0,-2.0,ウインアプローチ,150.0
2023102923,インフィオラータ,2026/06/27,1函館5,晴,4.0,3歳未勝利,16,1.0,1,11.1,7.0,4,浜中俊,55.0,芝,1800.0,稍,108.1,0.1,8-8-8-7,35.1,444.0,0.0,アイムイン,87.0
2023102923,インフィオラータ,2026/05/23,3京都9,曇,4.0,3歳未勝利,17,6.0,11,7.1,4.0,7,田山旺佑,53.0,芝,1800.0,良,107.2,1.0,15-13,35.8,444.0,2.0,エトワールブーケ,
2023102923,インフィオラータ,2026/02/28,1小倉11,曇,1.0,3歳未勝利,16,1.0,2,5.0,2.0,7,丹内祐次,55.0,ダ,1700.0,不,106.8,1.6,12-12-9-4,38.3,442.0,0.0,フレットローソ,
2023102923,インフィオラータ,2026/02/22,1小倉10,晴,6.0,3歳未勝利,16,7.0,14,4.0,1.0,4,丹内祐次,55.0,芝,1800.0,良,109.3,0.9,7-8-3-3,36.3,442.0,0.0,ソングオブザバード,89.0
2023102923,インフィオラータ,2026/01/31,1小倉3,晴,7.0,3歳未勝利,16,2.0,3,4.6,2.0,4,丹内祐次,55.0,芝,1800.0,良,107.1,0.3,6-7-7-3,36.0,442.0,-2.0,アイドクレース,89.0
2023102923,インフィオラータ,2026/01/17,1京都6,晴,5.0,3歳未勝利,18,4.0,8,8.3,5.0,5,岩田望来,55.0,芝,2000.0,良,121.3,0.2,3-3-2-3,36.6,444.0,-2.0,ラコンチャビエン,59.0
2023102923,インフィオラータ,2025/11/23,4京都6,晴,3.0,2歳未勝利,16,7.0,14,7.4,3.0,3,ルメール,55.0,芝,2000.0,良,120.8,0.4,3-2-2-2,35.9,446.0,2.0,エアビーアゲイル,140.0
2023102923,インフィオラータ,2025/11/02,3京都11,晴,2.0,2歳未勝利,7,1.0,1,4.1,2.0,4,浜中俊,55.0,芝,2000.0,良,122.4,0.5,7-7-2-2,35.6,444.0,-2.0,ワンダフルボンド,84.0
2023102923,インフィオラータ,2025/10/19,3京都7,曇,5.0,2歳新馬,11,3.0,3,4.5,2.0,3,岩田望来,55.0,芝,2000.0,良,122.4,0.3,10-10-10-10,35.3,446.0,0.0,ヴァロンブローサ,190.0
2023107270,フォルストランキル,2026/07/12,1函館10,雨,6.0,3歳未勝利,16,4.0,8,20.1,6.0,13,小沢大仁,55.0,芝,1200.0,重,71.6,1.3,7-9,36.6,430.0,8.0,ミルトメロディー,
2023107270,フォルストランキル,2026/06/21,3阪神6,晴,2.0,3歳未勝利,18,6.0,12,4.8,2.0,15,松山弘平,55.0,芝,1600.0,稍,96.6,2.5,2-2,37.9,422.0,10.0,スマートティアナ,
2023107270,フォルストランキル,2026/04/04,2阪神3,雨,5.0,3歳未勝利,18,3.0,6,5.0,3.0,6,岩田望来,55.0,芝,1800.0,良,108.6,1.0,3-3,34.4,412.0,2.0,ラヴィニール,
2023107270,フォルストランキル,2026/03/15,1中京2,晴,3.0,3歳未勝利,16,6.0,11,32.4,6.0,2,ディー,55.0,芝,1600.0,良,95.0,0.1,10-10-10,34.0,410.0,0.0,スリラーナイト,240.0
2023107156,トランスマリーン,2026/02/07,2京都3,曇,1.0,3歳未勝利,10,4.0,4,24.7,3.0,10,吉村誠之,57.0,ダ,1800.0,良,118.0,2.7,2-2-2-2,42.3,488.0,0.0,キリオス,
2023107156,トランスマリーン,2026/01/11,1京都4,晴,12.0,3歳未勝利,18,7.0,13,46.8,12.0,11,吉村誠之,57.0,芝,1800.0,良,110.5,1.3,2-2,36.1,488.0,6.0,ナリタエスペランサ,
2023107156,トランスマリーン,2025/10/26,3京都9,曇,2.0,2歳未勝利,10,7.0,8,8.6,4.0,5,和田竜二,56.0,芝,1600.0,稍,95.5,0.5,7-6,36.7,482.0,-4.0,マイリトルヒーロー,56.0
2023107156,トランスマリーン,2025/10/05,3京都2,曇,2.0,2歳未勝利,7,4.0,4,4.2,2.0,4,和田竜二,56.0,芝,1600.0,稍,94.8,0.9,5-5,35.4,486.0,0.0,プレセピオ,84.0
2023107156,トランスマリーン,2025/09/15,4阪神5,晴,5.0,2歳新馬,10,1.0,1,14.1,5.0,4,和田竜二,55.0,芝,1600.0,良,96.9,0.4,9-8,33.6,486.0,0.0,アイガーリー,110.0
2023102166,ケナゲ,2026/07/11,1函館9,曇,4.0,3歳未勝利,14,4.0,5,9.5,6.0,5,河原田菜,51.0,芝,1800.0,稍,108.1,0.6,8-9-9-9,35.4,438.0,-4.0,ウインアプローチ,58.0
2023102166,ケナゲ,2026/06/27,1函館5,晴,4.0,3歳未勝利,16,7.0,13,123.3,14.0,2,河原田菜,51.0,芝,1800.0,稍,108.1,0.1,14-14-16-15,34.6,442.0,0.0,アイムイン,230.0
2023102166,ケナゲ,2026/05/30,2東京11,晴,5.0,3歳未勝利,16,7.0,13,69.3,10.0,7,石神深道,52.0,芝,2000.0,良,121.5,0.6,12-12-11,34.0,442.0,6.0,ベルウッドバイオ,
2023102166,ケナゲ,2026/05/10,1新潟4,晴,5.0,3歳未勝利,16,7.0,14,14.4,6.0,5,石神深道,52.0,芝,1800.0,良,109.9,0.8,12-11,34.0,436.0,-4.0,ファストフォワード,59.0
2023102166,ケナゲ,2026/04/19,3中山8,晴,4.0,3歳未勝利,16,1.0,2,390.1,13.0,5,柴田大知,55.0,芝,2000.0,良,121.0,0.6,9-9-9-10,34.9,440.0,-14.0,ウェイクフィールド,59.0
2023102166,ケナゲ,2026/03/21,1中京3,晴,4.0,3歳未勝利,18,7.0,14,376.0,18.0,13,石神深道,52.0,芝,2000.0,良,121.5,1.4,13-12-9-9,35.9,454.0,-4.0,レイクラシック,
2023102166,ケナゲ,2025/11/15,5東京3,晴,4.0,2歳未勝利,13,6.0,8,195.6,11.0,11,柴田大知,55.0,芝,2000.0,良,122.0,1.2,11-11-9,34.7,458.0,6.0,オルフセン,
2023102166,ケナゲ,2025/10/25,4東京8,小雨,3.0,2歳未勝利,9,3.0,3,60.0,6.0,5,柴田大知,55.0,芝,1800.0,良,109.5,0.9,7-7-7,34.6,452.0,10.0,ノーウェアマン,56.0
2023102166,ケナゲ,2025/07/19,2福島7,晴,3.0,2歳未勝利,10,1.0,1,25.7,5.0,8,柴田大知,55.0,芝,1800.0,良,112.5,1.3,9-9-9-9,37.3,442.0,-6.0,アメテュストス,
2023102166,ケナゲ,2025/07/05,2福島3,曇,3.0,2歳未勝利,9,7.0,7,20.8,6.0,3,柴田大知,55.0,芝,1800.0,稍,111.5,0.4,9-8-7-6,36.3,448.0,0.0,ルージュカルデア,140.0
2023102166,ケナゲ,2025/06/21,3東京5,晴,6.0,2歳新馬,16,7.0,14,290.3,15.0,7,石神深道,52.0,ダ,1400.0,良,87.8,2.7,15-15,37.0,448.0,0.0,ペルセア,
2023102434,グランフルス,2026/06/21,1函館4,小雨,4.0,3歳未勝利,16,7.0,13,137.6,15.0,12,岩田康誠,57.0,芝,1800.0,良,109.0,0.7,14-14-14-14,35.1,460.0,0.0,ベアサナエチャン,
2023102434,グランフルス,2026/05/17,2東京8,晴,4.0,3歳未勝利,17,8.0,17,168.8,9.0,10,ディー,57.0,芝,1800.0,良,108.3,1.2,8-11-12,34.2,460.0,-2.0,クカイリモク,
2023102434,グランフルス,2026/04/05,3中山4,晴,5.0,3歳未勝利,16,4.0,8,124.2,12.0,6,菊沢一樹,57.0,芝,2000.0,重,123.8,1.6,5-5-4-4,37.6,462.0,-10.0,コスモナエマ,
2023102434,グランフルス,2026/03/14,2中山5,晴,5.0,3歳未勝利,16,7.0,14,176.1,11.0,8,菊沢一樹,57.0,芝,1600.0,良,95.1,1.1,13-13-13,34.8,472.0,-2.0,ホウオウギンガ,
2023102434,グランフルス,2025/11/15,5東京3,晴,2.0,2歳未勝利,17,6.0,12,256.5,15.0,17,内田博幸,56.0,芝,1600.0,良,96.3,1.4,10-10,34.9,474.0,8.0,スペルーチェ,
2023102434,グランフルス,2025/10/26,4新潟4,雨,5.0,2歳新馬,18,1.0,1,101.9,16.0,8,野中悠太,56.0,芝,1600.0,稍,99.1,1.4,3-3,35.0,466.0,0.0,オーライカモン,
2023106478,ヘクセンハウス,2026/07/11,1函館9,曇,4.0,3歳未勝利,14,3.0,3,11.7,7.0,6,斎藤新,55.0,芝,1800.0,稍,108.1,0.6,8-9-9-9,35.4,422.0,6.0,ウインアプローチ,
2023106478,ヘクセンハウス,2026/06/21,1函館4,小雨,4.0,3歳未勝利,16,5.0,9,16.1,7.0,6,国分恭介,55.0,芝,1800.0,良,108.6,0.3,6-5-5-4,35.8,416.0,2.0,ベアサナエチャン,
2023106478,ヘクセンハウス,2026/05/10,3京都6,晴,4.0,3歳未勝利,16,5.0,9,12.0,6.0,8,丹内祐次,55.0,芝,1600.0,良,93.8,0.7,5-5,34.8,414.0,-2.0,パーシャングレー,
2023106478,ヘクセンハウス,2026/04/19,3中山8,晴,5.0,3歳1勝クラス,10,4.0,4,47.2,5.0,3,津村明秀,55.0,芝,1600.0,良,93.3,0.3,4-4-4,34.3,416.0,6.0,マーゴットブロー,210.0
2023106478,ヘクセンハウス,2026/03/14,1阪神7,晴,4.0,3歳未勝利,18,5.0,10,247.2,17.0,8,石川裕紀,55.0,芝,1400.0,良,81.6,0.6,9-10,34.5,410.0,6.0,メランコリニスタ,
2023106478,ヘクセンハウス,2026/02/01,1小倉4,曇,2.0,3歳未勝利,18,7.0,13,34.9,8.0,15,丹内祐次,55.0,芝,1200.0,良,69.8,2.0,12-15,35.5,404.0,-10.0,デルマリシリ,
2023106478,ヘクセンハウス,2025/07/20,1函館12,晴,1.0,2歳未勝利,16,7.0,13,20.2,9.0,5,丹内祐次,55.0,芝,1200.0,良,69.8,0.7,6-6,35.3,414.0,6.0,クワイエットアイ,56.0
2023106478,ヘクセンハウス,2025/06/29,1函館6,曇,1.0,2歳未勝利,12,1.0,1,24.8,4.0,3,丹内祐次,55.0,芝,1200.0,良,70.1,0.2,4-2,35.3,408.0,6.0,シーグルロス,140.0
2023106478,ヘクセンハウス,2025/06/15,1函館2,晴,5.0,2歳新馬,9,8.0,8,5.3,3.0,5,丹内祐次,55.0,芝,1200.0,良,69.6,1.2,4-4,35.6,402.0,0.0,ルージュサウダージ,75.0
2023103867,アート,2026/06/28,1函館6,晴,6.0,3歳未勝利,16,6.0,12,38.9,9.0,6,和田陽希,54.0,芝,2000.0,良,121.0,0.2,7-7-6-4,36.3,444.0,4.0,マテンロウオリジン,
2023103867,アート,2026/06/14,1函館2,晴,4.0,3歳未勝利,16,4.0,8,20.4,8.0,7,舟山瑠泉,55.0,芝,1800.0,良,109.1,0.5,10-10-12-10,34.9,440.0,0.0,ブランヴァンダイク,
2023103867,アート,2026/05/16,1新潟5,晴,5.0,3歳未勝利,16,3.0,5,13.3,7.0,5,和田陽希,54.0,芝,1800.0,良,109.1,1.0,15-13,33.9,440.0,-4.0,アナザーフェイス,59.0
2023103867,アート,2026/04/26,1福島6,晴,5.0,3歳未勝利,15,8.0,15,73.3,12.0,3,和田陽希,54.0,芝,1800.0,良,107.0,0.2,5-5-5-5,34.9,444.0,2.0,クシマトゥルー,150.0
2023103867,アート,2026/02/28,1小倉11,晴,6.0,3歳未勝利,16,5.0,9,37.6,9.0,11,松若風馬,57.0,芝,2000.0,稍,124.0,2.2,3-4-3-7,38.6,442.0,0.0,ニホンピロロジャー,
2023105853,ウインアベリア,2026/06/14,1函館2,晴,6.0,3歳未勝利,15,3.0,6,189.0,14.0,14,長浜鴻緒,54.0,芝,2000.0,良,122.2,2.6,5-5-10-13,37.4,420.0,12.0,エイカイコバチ,
2023105853,ウインアベリア,2026/01/25,1小倉2,晴,7.0,3歳未勝利,18,5.0,9,54.6,12.0,15,石神深道,52.0,芝,2000.0,良,121.7,2.2,7-8-9-12,36.5,408.0,-8.0,ドッグウッド,
2023105853,ウインアベリア,2025/11/24,3福島6,晴,5.0,2歳新馬,16,5.0,9,62.3,9.0,5,石神深道,52.0,芝,1800.0,良,111.3,0.7,1-1-1-1,35.2,416.0,0.0,ファンクション,75.0
2023102915,テンレディーゴー,2026/07/05,1函館8,曇,6.0,3歳未勝利,16,7.0,13,91.0,11.0,7,佐々木大,57.0,芝,2000.0,良,121.8,0.4,8-10-1-1,36.1,488.0,2.0,エイシンインアウト,
2023102915,テンレディーゴー,2026/06/28,1函館6,晴,6.0,3歳未勝利,16,5.0,9,184.0,16.0,10,吉田隼人,57.0,芝,2000.0,良,121.3,0.5,11-12-12-13,36.2,486.0,4.0,マテンロウオリジン,
2023102915,テンレディーゴー,2026/04/25,2東京1,曇,3.0,3歳未勝利,13,6.0,9,54.4,8.0,11,佐々木大,57.0,ダ,2100.0,稍,135.6,2.8,4-7-12-13,38.9,482.0,-2.0,アイアムジャイアン,
2023102915,テンレディーゴー,2026/03/21,2中山7,晴,4.0,3歳未勝利,13,4.0,5,53.8,6.0,9,西村淳也,57.0,ダ,1800.0,良,118.5,3.0,7-7-6-7,41.1,484.0,-2.0,ビービーアジャイル,
2023102915,テンレディーゴー,2026/02/07,1東京3,曇,3.0,3歳未勝利,16,2.0,3,35.2,7.0,10,吉田豊,57.0,ダ,1600.0,良,101.7,2.2,14-14,38.1,486.0,10.0,フクシマブリルハム,
2023102915,テンレディーゴー,2025/12/06,5中山1,晴,4.0,2歳未勝利,16,6.0,12,35.6,7.0,9,佐々木大,56.0,ダ,1800.0,良,116.9,2.3,8-8-7-9,39.9,476.0,-2.0,ショウナンパトス,
2023102915,テンレディーゴー,2025/11/15,5東京3,晴,3.0,2歳未勝利,14,3.0,5,12.1,5.0,5,佐々木大,56.0,ダ,1600.0,良,100.5,0.8,4-3,38.6,478.0,2.0,ムーランオランジュ,56.0
2023102915,テンレディーゴー,2025/10/25,4東京8,小雨,1.0,2歳未勝利,15,2.0,2,141.2,11.0,6,吉田豊,56.0,ダ,1600.0,稍,99.4,1.3,9-8,37.0,476.0,2.0,ケイアイアギト,
2023102915,テンレディーゴー,2025/06/14,3東京3,曇,6.0,2歳新馬,10,1.0,1,16.4,6.0,7,津村明秀,55.0,芝,1400.0,良,84.2,1.6,5-6,36.0,474.0,0.0,サンアントワーヌ,
2023104216,コワンニシタガウ,2026/07/04,1函館7,晴,2.0,3歳未勝利,16,3.0,5,4.8,2.0,3,武豊,57.0,芝,1800.0,良,108.3,0.1,6-7-3-3,34.9,486.0,10.0,ニシノマルガリート,150.0
2023104216,コワンニシタガウ,2026/06/21,1函館4,小雨,4.0,3歳未勝利,16,8.0,16,13.3,6.0,7,武豊,57.0,芝,1800.0,良,108.6,0.3,7-7-7-8,35.6,476.0,2.0,ベアサナエチャン,
2023104216,コワンニシタガウ,2026/04/11,2阪神5,晴,4.0,3歳未勝利,15,8.0,16,7.5,3.0,5,ルメール,57.0,芝,2000.0,稍,121.7,0.5,9-9-8-7,35.7,474.0,4.0,オリオンブレード,59.0
2023104216,コワンニシタガウ,2026/03/15,1中京2,晴,5.0,3歳未勝利,15,5.0,8,21.5,6.0,4,三浦皇成,57.0,芝,2200.0,良,133.3,0.8,1-1-1-1,36.8,470.0,-2.0,メイショウナルカミ,89.0
2023104216,コワンニシタガウ,2026/03/01,1小倉12,晴,6.0,3歳未勝利,16,3.0,5,17.7,5.0,6,小沢大仁,57.0,芝,1800.0,良,110.6,0.8,10-8-10-13,37.4,472.0,0.0,エクリュ,
2023106517,ルナティックブルー,2026/07/05,1函館8,曇,6.0,3歳未勝利,16,5.0,10,29.6,9.0,6,小沢大仁,55.0,芝,2000.0,良,121.8,0.4,1-1-2-2,35.9,432.0,2.0,エイシンインアウト,
2023106517,ルナティックブルー,2026/06/20,1函館3,晴,7.0,3歳未勝利,16,4.0,8,34.4,9.0,3,小沢大仁,55.0,芝,1800.0,良,107.6,0.4,9-7-6-7,36.0,430.0,-2.0,ダーリンダーリン,150.0
2023106517,ルナティックブルー,2026/05/23,3京都9,曇,4.0,3歳未勝利,17,8.0,17,103.3,12.0,5,松若風馬,55.0,芝,1800.0,良,106.8,0.6,11-13,35.5,432.0,-4.0,エトワールブーケ,59.0
2023106517,ルナティックブルー,2026/04/04,2阪神3,小雨,4.0,3歳未勝利,18,8.0,17,539.9,18.0,12,小沢大仁,55.0,芝,1400.0,良,83.0,1.4,14-15,35.0,436.0,0.0,マイティキングダム,
2023106517,ルナティックブルー,2026/01/25,1小倉2,晴,5.0,3歳新馬,18,8.0,18,53.1,10.0,17,小沢大仁,55.0,芝,1200.0,良,71.3,2.9,13-13,35.8,436.0,0.0,エンプレスケー,
2023106805,ギルランダ,2026/06/20,1函館3,晴,7.0,3歳未勝利,16,8.0,15,12.2,4.0,14,横山琉人,55.0,芝,1800.0,良,109.2,2.0,7-9-7-8,37.5,410.0,0.0,ダーリンダーリン,
2023106805,ギルランダ,2026/04/26,1福島6,晴,5.0,3歳未勝利,15,2.0,2,20.8,7.0,2,舟山瑠泉,53.0,芝,1800.0,良,107.0,0.2,3-3-3-2,35.3,410.0,-6.0,クシマトゥルー,240.0
2023106805,ギルランダ,2026/02/21,1東京7,晴,1.0,3歳未勝利,16,2.0,3,42.3,12.0,9,石川裕紀,55.0,ダ,1400.0,良,87.8,1.4,10-8,38.3,416.0,0.0,スーパーガール,
2023106805,ギルランダ,2025/11/24,5東京6,晴,6.0,2歳新馬,13,4.0,5,20.1,6.0,6,プーシャ,55.0,芝,1600.0,良,95.5,1.1,9-9,33.9,416.0,0.0,フェルミアーク,
2023105270,ルージュアイラ,2026/06/27,1函館5,晴,3.0,3歳未勝利,12,6.0,8,77.9,9.0,12,鷲頭虎太,53.0,ダ,1700.0,不,107.9,4.8,4-3-7-10,41.1,408.0,4.0,コイオステソーロ,
2023105270,ルージュアイラ,2026/06/13,1函館1,雨,2.0,3歳未勝利,14,4.0,6,28.8,9.0,6,今村聖奈,53.0,ダ,1700.0,稍,106.5,1.1,5-5-5-6,39.2,404.0,-2.0,ビーチイン,
2023105270,ルージュアイラ,2026/04/12,2阪神6,晴,1.0,3歳未勝利,16,7.0,13,62.4,9.0,8,団野大成,55.0,ダ,1400.0,稍,86.3,1.1,3-3,38.4,406.0,-4.0,ステライヴ,
2023105270,ルージュアイラ,2026/01/24,1小倉1,晴,6.0,3歳新馬,18,4.0,8,28.5,10.0,16,井上敏樹,55.0,芝,2000.0,良,122.6,2.5,13-14-16-16,35.1,410.0,0.0,ボンドマティーニ,
2023103175,セイントクーヤ,2026/07/11,1函館9,曇,4.0,3歳未勝利,14,8.0,13,43.9,10.0,9,長浜鴻緒,56.0,芝,1800.0,稍,108.3,0.8,6-6-6-5,36.0,484.0,-2.0,ウインアプローチ,
2023103175,セイントクーヤ,2026/06/28,1函館6,晴,6.0,3歳未勝利,16,2.0,3,60.0,13.0,8,長浜鴻緒,56.0,芝,2000.0,良,121.1,0.3,8-8-10-8,36.1,486.0,2.0,マテンロウオリジン,
2023103175,セイントクーヤ,2026/05/23,2東京9,曇,5.0,3歳未勝利,17,6.0,12,121.3,10.0,7,原優介,57.0,芝,2000.0,良,121.2,0.6,14-14-13,33.5,484.0,-8.0,ボニープリンス,
2023103175,セイントクーヤ,2026/03/14,2中山5,晴,4.0,3歳未勝利,16,2.0,3,29.1,6.0,9,原優介,57.0,ダ,1800.0,良,117.9,4.2,4-4-6-7,42.1,492.0,0.0,イナズマダイモン,
2023103175,セイントクーヤ,2026/02/21,1東京7,晴,5.0,3歳未勝利,14,5.0,7,69.9,10.0,13,原優介,57.0,芝,2400.0,良,148.4,1.6,7-7-6-5,36.1,492.0,12.0,ゴールデンパゴーダ,
2023103175,セイントクーヤ,2025/12/20,5中京5,曇,5.0,2歳未勝利,18,7.0,13,133.7,12.0,8,石田拓郎,53.0,芝,2000.0,稍,123.1,0.6,8-8-9-10,35.3,480.0,-12.0,ロードメルヴェイユ,
2023103175,セイントクーヤ,2025/12/07,5中山2,晴,2.0,2歳未勝利,16,5.0,9,65.1,10.0,9,菅原明良,56.0,芝,1800.0,良,109.8,0.9,6-7-8-7,35.1,492.0,0.0,テルケンレンスキー,
2023103175,セイントクーヤ,2025/10/19,4東京7,雨,5.0,2歳新馬,18,7.0,14,26.8,9.0,8,木幡巧也,56.0,芝,1800.0,良,110.9,0.7,6-5-5,34.3,492.0,0.0,ブラウンバナナ,
2022104221,ペイシャアーサー,2026/07/12,1函館10,曇,12.0,3歳以上1勝クラス,8,8.0,8,16.4,5.0,5,遠藤汰月,55.0,芝,1200.0,重,70.6,0.5,2-2,36.7,480.0,8.0,サンポーニャ,82.0
2022104221,ペイシャアーサー,2026/04/05,3中山4,晴,8.0,4歳以上1勝クラス,16,1.0,1,11.0,7.0,14,丹内祐次,58.0,ダ,1200.0,重,73.2,2.4,1-2,38.9,472.0,2.0,イノキ,
2022104221,ペイシャアーサー,2026/03/22,1中京4,曇,8.0,4歳以上1勝クラス,18,3.0,6,21.6,8.0,14,国分恭介,58.0,芝,1400.0,良,81.6,1.3,1-1,36.2,470.0,4.0,チムグクル,
2022104221,ペイシャアーサー,2026/03/01,1小倉12,晴,7.0,4歳以上1勝クラス,18,8.0,18,10.6,5.0,11,丹内祐次,58.0,芝,1200.0,良,69.5,1.1,4-5,36.5,466.0,6.0,ヴィヴァクラウン,
2022104221,ペイシャアーサー,2026/01/31,1小倉3,晴,8.0,4歳以上1勝クラス,18,8.0,18,8.3,5.0,16,丹内祐次,58.0,芝,1200.0,良,68.9,1.4,8-8,35.0,460.0,6.0,フォティック,
2022104221,ペイシャアーサー,2025/06/29,1函館6,曇,3.0,3歳未勝利,12,2.0,2,3.3,2.0,1,丹内祐次,57.0,芝,1200.0,良,69.1,-0.2,1-1,34.8,454.0,-2.0,(ヒロノエクスカリバ),560.0
2022104221,ペイシャアーサー,2025/06/14,1函館1,晴,1.0,3歳未勝利,16,1.0,1,4.4,2.0,3,丹内祐次,57.0,芝,1200.0,良,68.3,0.4,6-4,34.5,456.0,4.0,エスペシャリー,140.0
2022104221,ペイシャアーサー,2025/05/18,1新潟6,曇,1.0,3歳未勝利,16,2.0,3,5.1,2.0,3,国分恭介,57.0,芝,1200.0,稍,70.3,0.0,4-4,35.7,452.0,0.0,ムーンアイドル,140.0
2022104221,ペイシャアーサー,2025/04/27,1福島6,晴,4.0,3歳未勝利,16,7.0,14,3.1,2.0,3,国分恭介,57.0,芝,1200.0,良,69.8,0.0,6-4,34.3,452.0,0.0,タマカヅラ,140.0
2022104221,ペイシャアーサー,2025/04/12,1福島1,曇,2.0,3歳未勝利,16,3.0,5,83.1,11.0,2,国分恭介,57.0,芝,1200.0,良,69.3,0.0,12-8,34.4,452.0,-2.0,ハリウッドメモリー,220.0
2022104221,ペイシャアーサー,2025/01/25,1中山8,晴,12.0,3歳未勝利,16,8.0,15,163.9,13.0,11,木幡巧也,57.0,芝,1600.0,良,97.4,1.3,10-13-12,34.8,454.0,0.0,ラブリージャブリー,
2023103137,ハッピーラッキー,2026/07/12,1函館10,曇,12.0,3歳以上1勝クラス,8,7.0,7,1.8,1.0,6,横山和生,55.0,芝,1200.0,重,70.7,0.6,5-5,36.3,454.0,0.0,サンポーニャ,
2023103137,ハッピーラッキー,2026/06/13,3東京3,晴,8.0,3歳以上1勝クラス,18,1.0,2,7.3,3.0,5,三浦皇成,55.0,芝,1400.0,良,81.3,0.6,8-8,34.2,454.0,6.0,インプロペリア,82.0
2023103137,ハッピーラッキー,2026/04/25,1福島5,晴,9.0,雪うさぎ賞(1勝クラス),16,7.0,14,5.0,2.0,5,荻野極,57.0,芝,1200.0,良,68.3,0.5,11-10,34.3,448.0,-10.0,ロジケープ,114.0
2023103137,ハッピーラッキー,2026/04/05,3中山4,晴,7.0,3歳1勝クラス,14,4.0,5,6.5,4.0,2,田辺裕信,57.0,芝,1200.0,重,69.1,0.3,7-7,34.2,458.0,-4.0,ガラベイヤ,330.0
2023103137,ハッピーラッキー,2026/03/15,2中山6,晴,7.0,3歳1勝クラス,15,2.0,2,18.8,7.0,4,丸田恭介,57.0,芝,1200.0,良,67.8,0.5,7-7,34.2,462.0,6.0,ハイヤーマーク,120.0
2023103137,ハッピーラッキー,2025/12/06,5中京1,晴,4.0,2歳未勝利,18,4.0,7,3.8,2.0,1,石神深道,53.0,芝,1200.0,良,69.3,-0.2,9-9,33.8,456.0,2.0,(マーゴットミスト),560.0
2023103137,ハッピーラッキー,2025/11/09,3福島2,曇,2.0,2歳未勝利,16,1.0,1,3.0,1.0,2,丸田恭介,56.0,芝,1200.0,良,69.7,0.3,4-3,35.4,454.0,-2.0,アンジュプロミス,220.0
2023103137,ハッピーラッキー,2025/10/18,4新潟1,曇,3.0,2歳未勝利,18,6.0,12,4.6,2.0,2,丸田恭介,56.0,芝,1200.0,良,69.6,0.1,7-7,34.9,456.0,0.0,ガラベイヤ,220.0
2023103137,ハッピーラッキー,2025/09/28,4中山9,晴,2.0,2歳未勝利,16,4.0,7,73.7,11.0,2,丸田恭介,55.0,芝,1200.0,良,68.8,0.1,5-3,34.1,456.0,-2.0,トラスコンガーデン,220.0
2023103137,ハッピーラッキー,2025/09/07,4中山2,晴,3.0,2歳未勝利,15,7.0,12,31.1,7.0,5,丸田恭介,55.0,ダ,1200.0,良,74.5,2.5,2-2,39.6,458.0,-10.0,ドンエレクトス,56.0
2023103137,ハッピーラッキー,2025/06/22,3東京6,晴,5.0,2歳新馬,16,7.0,14,36.8,8.0,10,丸田恭介,55.0,芝,1600.0,良,96.8,2.2,6-5,36.7,468.0,0.0,サノノグレーター,
2022102878,ナンナンプー,2026/07/12,1函館10,曇,12.0,3歳以上1勝クラス,8,1.0,1,35.1,7.0,4,舟山瑠泉,55.0,芝,1200.0,重,70.2,0.1,3-3,36.1,456.0,-4.0,サンポーニャ,120.0
2022102878,ナンナンプー,2026/06/27,1函館5,晴,9.0,長万部特別(1勝クラス),9,8.0,9,59.2,7.0,9,岩田康誠,56.0,芝,1200.0,稍,70.7,2.2,3-3,36.5,460.0,-4.0,ドリーミングアップ,
2022102878,ナンナンプー,2026/06/21,1函館4,小雨,7.0,3歳以上1勝クラス,11,8.0,10,34.2,8.0,7,岩田康誠,56.0,芝,1200.0,良,69.2,0.9,7-7,34.7,464.0,-2.0,マナボニート,
2022102878,ナンナンプー,2026/04/26,1福島6,晴,8.0,4歳以上1勝クラス,15,5.0,8,34.9,8.0,11,石神深道,53.0,芝,1200.0,良,69.5,1.0,10-10,34.4,466.0,-2.0,マキシマムドライブ,
2022102878,ナンナンプー,2026/04/18,1福島3,晴,12.0,4歳以上1勝クラス,16,1.0,2,12.1,6.0,11,石神深道,53.0,芝,1200.0,良,68.6,1.0,4-3,34.8,468.0,4.0,ウィンストン,
2022102878,ナンナンプー,2026/02/28,1小倉11,晴,12.0,4歳以上1勝クラス,18,8.0,17,7.6,4.0,11,舟山瑠泉,53.0,芝,1200.0,稍,70.4,0.4,6-6,35.1,464.0,4.0,スネーフリンガ,
2022102878,ナンナンプー,2026/02/07,1小倉5,晴,12.0,4歳以上1勝クラス,17,2.0,3,10.1,6.0,3,石神深道,53.0,芝,1200.0,稍,69.0,0.3,8-6,34.6,460.0,-2.0,ワインクーラー,210.0
2022102878,ナンナンプー,2026/02/01,1小倉4,曇,12.0,4歳以上1勝クラス,18,1.0,2,28.3,12.0,4,石神深道,53.0,芝,1200.0,良,67.6,0.3,8-5,34.0,462.0,8.0,セイウンデセオ,120.0
2022102878,ナンナンプー,2025/11/22,3福島5,晴,12.0,3歳以上1勝クラス,16,5.0,9,20.7,11.0,9,舟山瑠泉,52.0,芝,1200.0,良,69.5,0.4,7-7,34.4,454.0,2.0,ガットネロ,
2022102878,ナンナンプー,2025/11/09,3福島2,小雨,12.0,3歳以上1勝クラス,16,4.0,8,49.6,11.0,3,舟山瑠泉,52.0,芝,1200.0,良,69.5,0.4,8-7,35.0,452.0,9.0,バンディート,200.0
2022102878,ナンナンプー,2025/08/08,園田,曇,10.0,北風ミシェル☆来場記(C1),10,6.0,6,6.0,3.0,5,高橋愛叶,53.0,ダ,1400.0,重,92.6,0.6,3-3-3-3,41.3,443.0,3.0,イザグリーンライト,11.0
2022102878,ナンナンプー,2025/07/16,園田,晴,7.0,C2一,8,5.0,5,1.8,1.0,1,高橋愛叶,53.0,ダ,1400.0,稍,92.9,-0.2,2-2-1-1,39.2,440.0,1.0,(シナモンショコラ),70.0
2022102878,ナンナンプー,2025/06/26,園田,曇,8.0,3歳C1,11,5.0,5,2.3,1.0,1,高橋愛叶,53.0,ダ,1230.0,重,81.7,-0.5,3-3-3-2,40.9,439.0,-1.0,(ヴィタコンパーニ),80.0
2022102878,ナンナンプー,2025/05/24,1新潟7,曇,7.0,3歳未勝利,16,2.0,3,7.2,4.0,7,佐々木大,55.0,芝,1400.0,良,83.9,0.9,6-7,36.6,440.0,2.0,クリールスル,
2022102878,ナンナンプー,2025/05/03,1新潟1,晴,5.0,3歳未勝利,16,6.0,12,41.9,10.0,2,長浜鴻緒,53.0,芝,1400.0,良,82.9,0.4,3-3,36.7,438.0,-6.0,マーゴットカーラ,220.0
2022102878,ナンナンプー,2025/04/12,1福島1,曇,6.0,3歳未勝利,16,7.0,13,35.4,8.0,5,石神深道,52.0,芝,1200.0,良,69.5,1.1,7-6,35.4,444.0,-2.0,カランダッシュ,56.0
2022102878,ナンナンプー,2025/02/22,1小倉9,曇,7.0,3歳未勝利,18,3.0,6,17.1,6.0,8,石神深道,52.0,芝,1200.0,良,69.6,0.9,14-12,34.6,446.0,0.0,ウインマスカレード,
2022102878,ナンナンプー,2025/02/09,1小倉6,晴,6.0,3歳未勝利,17,3.0,5,41.6,10.0,2,石神深道,52.0,芝,1200.0,稍,71.0,0.5,13-12,35.6,446.0,0.0,アーサーズウェイン,220.0
2022102878,ナンナンプー,2025/01/13,1中山5,晴,7.0,3歳1勝クラス,11,2.0,2,86.0,9.0,8,長浜鴻緒,52.0,芝,1200.0,良,70.7,1.4,9-8,34.9,446.0,-2.0,モジャーリオ,
2022102878,ナンナンプー,2024/12/22,5中山8,晴,3.0,2歳未勝利,16,1.0,2,52.4,12.0,6,戸崎圭太,55.0,芝,1200.0,良,70.1,0.3,7-6,36.1,448.0,2.0,ミクストベリーズ,
2022102878,ナンナンプー,2024/08/31,2札幌7,曇,1.0,2歳未勝利,13,4.0,5,23.9,6.0,3,高杉吏麒,52.0,芝,1200.0,重,71.9,0.5,7-6,35.9,446.0,6.0,オイランブチ,140.0
2022102878,ナンナンプー,2024/08/24,2札幌5,晴,1.0,2歳未勝利,7,7.0,7,22.1,4.0,5,長浜鴻緒,52.0,芝,1200.0,良,70.9,1.2,4-4,35.5,440.0,-2.0,ロードヴェルト,55.0
2022102878,ナンナンプー,2024/08/18,2札幌4,曇,1.0,2歳未勝利,9,8.0,9,10.9,5.0,7,佐々木大,55.0,芝,1500.0,良,90.5,0.8,3-2-2,37.0,442.0,-4.0,オーケースマイル,
2022102878,ナンナンプー,2024/06/30,1函館8,曇,5.0,2歳新馬,11,5.0,5,23.4,8.0,6,菱田裕二,55.0,芝,1800.0,良,111.6,0.7,6-7-9-8,35.9,446.0,0.0,ゴーゴータカシ,
2021104404,シュークリーム,2026/06/27,1函館5,晴,9.0,長万部特別(1勝クラス),9,8.0,8,4.3,3.0,4,岩田望来,56.0,芝,1200.0,稍,69.1,0.6,1-1,35.2,438.0,2.0,ドリーミングアップ,170.0
2021104404,シュークリーム,2026/06/14,1函館2,晴,8.0,3歳以上1勝クラス,13,8.0,12,33.0,9.0,2,国分恭介,56.0,芝,1200.0,良,67.8,0.1,2-2,34.0,436.0,0.0,シーグルロス,330.0
2021104404,シュークリーム,2026/05/02,1新潟1,晴,12.0,4歳以上1勝クラス,16,6.0,12,7.8,4.0,10,亀田温心,56.0,芝,1000.0,稍,57.6,1.5,2,35.2,436.0,-4.0,レジーナローズ,
2021104404,シュークリーム,2026/02/22,1小倉10,晴,3.0,4歳以上1勝クラス,14,6.0,10,16.1,8.0,12,亀田温心,56.0,ダ,1000.0,良,60.1,0.8,6-5,36.7,440.0,0.0,ベニシア,
2021104404,シュークリーム,2026/02/15,1小倉8,晴,3.0,4歳以上1勝クラス,14,4.0,6,11.7,6.0,4,亀田温心,56.0,ダ,1000.0,稍,58.8,1.7,2-2,35.9,440.0,-2.0,ハヤテノツバサ,120.0
2021104404,シュークリーム,2025/12/07,5阪神2,晴,7.0,3歳以上1勝クラス,11,7.0,8,33.8,9.0,8,団野大成,56.0,ダ,1200.0,良,73.5,0.9,2-1,38.7,442.0,8.0,モンテディアーナ,
2021104404,シュークリーム,2025/11/16,3福島4,晴,8.0,3歳以上1勝クラス,16,1.0,1,26.4,10.0,2,亀田温心,56.0,ダ,1150.0,良,69.6,0.1,1-1,38.0,434.0,-6.0,ディニトーソ,320.0
2021104404,シュークリーム,2025/10/19,4新潟2,曇,3.0,3歳以上1勝クラス,18,6.0,11,52.3,14.0,8,亀田温心,56.0,芝,1200.0,稍,70.4,0.6,5-5,35.5,440.0,14.0,インフローレ,
2021104404,シュークリーム,2025/06/29,2小倉2,晴,8.0,3歳以上1勝クラス,14,3.0,3,22.3,7.0,10,西塚洸二,55.0,ダ,1000.0,良,60.3,2.4,12-11,36.7,426.0,-12.0,ディーエスショウマ,
2021104404,シュークリーム,2025/02/02,1小倉4,曇,3.0,4歳以上1勝クラス,14,5.0,8,7.2,3.0,9,小林美駒,52.0,ダ,1000.0,不,58.0,0.8,12-11,34.6,438.0,10.0,ジェイエルバルカー,
2021104404,シュークリーム,2024/11/16,3福島5,晴,1.0,3歳以上1勝クラス,16,4.0,7,32.5,10.0,6,菊沢一樹,55.0,ダ,1150.0,良,69.5,0.7,1-1,38.3,428.0,10.0,ハクサンアイ,
2021104404,シュークリーム,2024/07/13,3小倉5,曇,12.0,3歳以上1勝クラス,11,5.0,5,7.9,4.0,10,団野大成,53.0,芝,1200.0,良,69.8,1.0,9-8,35.1,418.0,2.0,サンドロナイト,
2021104404,シュークリーム,2024/06/30,3小倉2,曇,8.0,3歳以上1勝クラス,17,4.0,7,8.8,5.0,13,団野大成,53.0,芝,1200.0,稍,69.8,1.3,2-2,36.6,416.0,-10.0,キャンシーエンゼル,
2021104404,シュークリーム,2024/05/04,1新潟3,晴,9.0,ゆきつばき賞(1勝クラス),16,1.0,2,18.0,6.0,16,武藤雅,55.0,芝,1200.0,良,72.9,3.8,1-1,39.6,426.0,0.0,アウェイキング,
2021104404,シュークリーム,2024/02/03,1小倉7,小雨,9.0,かささぎ賞(1勝クラス),12,7.0,9,7.6,4.0,12,吉田隼人,55.0,芝,1200.0,良,70.3,1.6,2-3,36.7,426.0,-4.0,ペアポルックス,
2021104404,シュークリーム,2024/01/20,1小倉3,雨,9.0,萌黄賞(1勝クラス),7,2.0,2,3.1,2.0,3,幸英明,55.0,芝,1200.0,稍,70.0,0.1,1-1,36.2,430.0,12.0,ビッグドリーム,272.2
2021104404,シュークリーム,2023/11/04,3京都1,曇,11.0,KBSファンタジーS(GIII),18,7.0,14,6.6,3.0,11,団野大成,55.0,芝,1400.0,良,81.3,0.9,2-2,35.8,418.0,-4.0,カルチャーデイ,
2021104404,シュークリーム,2023/10/15,2京都5,晴,4.0,2歳新馬,11,7.0,8,13.8,5.0,1,松山弘平,55.0,芝,1200.0,重,70.0,-1.1,1-1,33.8,422.0,0.0,(マーシャルテイル),720.0
2023106780,ランプローグ,2026/07/18,1函館11,小雨,12.0,3歳以上1勝クラス,12,7.0,10,6.5,3.0,7,横山武史,53.0,芝,1200.0,良,70.0,0.6,2-2,35.9,416.0,12.0,ラミアメンテ,
2023106780,ランプローグ,2026/03/14,2中山5,晴,11.0,アネモネS(L),16,3.0,5,135.4,13.0,8,吉田豊,55.0,芝,1600.0,良,93.8,1.1,11-11-11,35.3,404.0,-4.0,ディアダイヤモンド,
2023106780,ランプローグ,2026/02/14,1東京5,晴,7.0,3歳1勝クラス,16,7.0,13,93.0,9.0,6,吉田豊,55.0,芝,1400.0,良,82.2,0.3,11-11,33.7,408.0,2.0,トラスコンガーデン,
2023106780,ランプローグ,2025/11/16,3福島4,晴,9.0,福島2歳S(OP),16,5.0,9,20.4,8.0,5,菊沢一樹,55.0,芝,1200.0,良,69.7,0.5,10-6,35.4,406.0,-2.0,タマモイカロス,160.0
2023106780,ランプローグ,2025/10/19,4東京7,曇,6.0,2歳1勝クラス,8,7.0,7,34.6,7.0,3,三浦皇成,55.0,芝,1400.0,良,82.9,0.2,4-4,33.5,408.0,4.0,サンアントワーヌ,200.0
2023106780,ランプローグ,2025/09/06,4中山1,晴,5.0,2歳新馬,16,3.0,5,7.2,4.0,1,石田拓郎,52.0,芝,1200.0,良,69.0,0.0,4-4,34.2,404.0,0.0,(ダノンルミエール),750.0
2022106835,セガンティーニ,2026/05/24,1新潟8,曇,8.0,4歳以上1勝クラス,16,5.0,9,12.6,6.0,2,石川裕紀,56.0,芝,1200.0,稍,70.2,0.1,2-2,34.8,470.0,-4.0,セイプリーズ,330.0
2022106835,セガンティーニ,2026/05/10,1新潟4,晴,12.0,4歳以上1勝クラス,13,8.0,13,10.8,6.0,5,石川裕紀,56.0,芝,1200.0,良,70.1,0.4,10-10,34.1,474.0,-4.0,ジェニファー,82.0
2022106835,セガンティーニ,2026/04/18,1福島3,晴,12.0,4歳以上1勝クラス,16,5.0,9,9.5,4.0,10,石川裕紀,56.0,芝,1200.0,良,68.6,1.0,4-6,34.9,478.0,14.0,ウィンストン,
2022106835,セガンティーニ,2026/02/28,1小倉11,晴,12.0,4歳以上1勝クラス,18,7.0,13,4.4,1.0,4,斎藤新,56.0,芝,1200.0,稍,70.2,0.2,3-3,35.0,464.0,2.0,スネーフリンガ,120.0
2022106835,セガンティーニ,2026/02/22,1小倉10,晴,12.0,4歳以上1勝クラス,18,8.0,16,15.6,5.0,4,斎藤新,56.0,芝,1200.0,良,68.1,0.3,4-6,34.5,462.0,-8.0,アサクサグレース,120.0
2022106835,セガンティーニ,2025/11/20,名古屋,晴,12.0,しし座流星群特別(B),12,3.0,3,2.1,1.0,1,今井貴大,55.0,ダ,1500.0,良,96.1,-0.5,1-1-1,39.6,470.0,-4.0,(ヴェッターホルン),100.0
2022106835,セガンティーニ,2025/11/07,名古屋,晴,12.0,B3組,12,5.0,6,1.9,1.0,1,今井貴大,55.0,ダ,1500.0,良,96.9,-0.2,1-1-1,38.8,474.0,-1.0,(カミルレ),65.0
2022106835,セガンティーニ,2025/10/15,名古屋,小雨,12.0,秋遥賞(B),12,6.0,8,2.4,1.0,2,今井貴大,55.0,ダ,2000.0,重,134.0,0.3,2-2-2,41.0,475.0,1.0,スカイダンスタイム,22.8
2022106835,セガンティーニ,2025/10/01,名古屋,晴,10.0,ライチョウ特別(3歳),12,6.0,8,4.0,2.0,2,今井貴大,55.0,ダ,1500.0,良,96.8,0.1,2-2-2,40.3,474.0,2.0,ブラックティンカー,31.5
2022106835,セガンティーニ,2025/09/07,2札幌6,曇,4.0,3歳未勝利,16,2.0,3,3.8,1.0,6,丹内祐次,55.0,芝,1200.0,稍,70.9,0.4,3-3,36.0,472.0,0.0,グリフォン,
2022106835,セガンティーニ,2025/08/24,2札幌2,晴,6.0,3歳未勝利,16,1.0,2,2.9,1.0,3,松山弘平,55.0,芝,1200.0,良,69.5,0.1,3-3,36.0,472.0,0.0,ユキノエミリオ,140.0
2022106835,セガンティーニ,2025/08/09,1札幌5,晴,3.0,3歳未勝利,15,8.0,16,7.3,4.0,2,松山弘平,55.0,芝,1200.0,稍,69.6,0.2,8-8,34.7,472.0,4.0,ハーフェン,220.0
2022106835,セガンティーニ,2025/07/20,2小倉8,晴,2.0,3歳未勝利,18,2.0,4,5.6,3.0,2,吉村誠之,54.0,芝,1200.0,良,69.2,0.2,6-5,35.7,468.0,4.0,ワインクーラー,220.0
2022106835,セガンティーニ,2025/07/06,2小倉4,晴,3.0,3歳未勝利,18,4.0,8,24.0,9.0,3,吉村誠之,54.0,芝,1200.0,良,68.7,0.0,3-3,34.9,464.0,-6.0,ブライアーヒル,140.0
2022106835,セガンティーニ,2025/06/15,3阪神4,曇,1.0,3歳未勝利,16,8.0,15,30.6,8.0,4,高杉吏麒,54.0,ダ,1200.0,不,72.3,0.4,8-9,36.4,470.0,2.0,メイショウドライブ,84.0
2022106835,セガンティーニ,2025/04/13,2阪神6,曇,3.0,3歳未勝利,16,2.0,3,46.6,10.0,8,Ｍ．デム,55.0,ダ,1200.0,良,74.8,0.8,7-7,37.5,468.0,0.0,スレッドザニードル,
2022106835,セガンティーニ,2025/03/15,1阪神5,曇,2.0,3歳未勝利,16,7.0,13,19.1,11.0,8,Ｍ．デム,55.0,ダ,1200.0,良,74.7,2.5,13-14,37.9,468.0,0.0,ゲッティヴィラ,
2022106835,セガンティーニ,2024/12/28,7京都9,晴,1.0,2歳未勝利,16,8.0,16,28.7,8.0,8,Ｍ．デム,55.0,ダ,1400.0,良,87.7,1.2,10-7,38.6,468.0,4.0,ダイシンリンク,
2022106835,セガンティーニ,2024/11/02,3福島1,雨,2.0,2歳未勝利,16,7.0,14,7.2,4.0,8,小沢大仁,54.0,芝,1200.0,稍,71.4,0.9,6-7,36.6,464.0,-2.0,エコロハート,
2022106835,セガンティーニ,2024/10/13,5京都4,晴,4.0,2歳新馬,16,3.0,5,48.9,10.0,4,中井裕二,55.0,芝,1200.0,良,70.1,0.5,11-10,34.1,466.0,0.0,コモンスナイプ,110.0
2023105141,ニシノサリーナ,2026/06/07,3阪神2,雨,8.0,3歳以上1勝クラス,18,1.0,1,5.7,3.0,3,池添謙一,53.0,芝,1400.0,稍,80.9,0.4,1-1,34.5,450.0,8.0,ワンコールアウェイ,210.0
2023105141,ニシノサリーナ,2026/04/12,2阪神6,晴,9.0,忘れな草賞(L),14,3.0,3,12.8,6.0,12,池添謙一,55.0,芝,2000.0,良,121.2,2.1,1-1-1-1,37.9,442.0,-6.0,ジュウリョクピエロ,
2023105141,ニシノサリーナ,2026/02/14,1東京5,晴,11.0,デイリー杯クイーンC(GIII),16,3.0,6,15.8,6.0,15,池添謙一,55.0,芝,1600.0,良,94.6,2.0,5-5,35.6,448.0,-2.0,ドリームコア,
2023105141,ニシノサリーナ,2026/01/12,1京都5,晴,5.0,3歳新馬,18,3.0,6,3.4,1.0,1,池添謙一,55.0,芝,1600.0,良,95.9,-0.9,1-1,34.8,450.0,0.0,(ソルトアイリス),650.0
2023105290,サトノカスターニャ,2026/05/23,1新潟7,晴,5.0,3歳未勝利,16,7.0,13,8.0,5.0,1,小沢大仁,55.0,芝,1400.0,稍,83.3,0.0,2-2,35.7,434.0,-2.0,(ミスターマーボー),415.0
2023105290,サトノカスターニャ,2026/05/02,3京都3,晴,3.0,3歳未勝利,18,6.0,11,7.8,3.0,5,北村友一,55.0,芝,1600.0,稍,94.3,0.3,3-3,34.7,436.0,14.0,カモメガトンダ,59.0
2023105290,サトノカスターニャ,2026/02/07,2京都3,曇,5.0,3歳未勝利,14,4.0,5,11.7,8.0,8,坂井瑠星,55.0,芝,1600.0,良,95.5,0.3,2-2,36.1,422.0,2.0,サッポロイクコ,
2023105290,サトノカスターニャ,2026/01/18,1京都7,晴,6.0,3歳未勝利,18,7.0,14,180.4,17.0,4,坂井瑠星,55.0,芝,1600.0,良,94.4,0.4,4-4,36.5,420.0,-8.0,マゲバスピード,89.0
2023105290,サトノカスターニャ,2025/11/15,4京都3,晴,5.0,2歳新馬,18,5.0,9,9.0,5.0,6,坂井瑠星,55.0,芝,1600.0,良,96.3,0.6,7-4,35.7,428.0,0.0,グレースジェンヌ,
2023104998,カイショー,2026/06/13,1函館1,晴,7.0,3歳以上1勝クラス,8,6.0,6,2.0,1.0,3,小林美駒,50.0,芝,1200.0,稍,68.2,0.3,1-1,34.3,452.0,2.0,ホワイトドラゴン,210.0
2023104998,カイショー,2026/02/08,1小倉6,曇,9.0,かささぎ賞(1勝クラス),15,2.0,3,3.4,1.0,4,斎藤新,55.0,芝,1200.0,良,70.0,0.8,5-5,35.3,450.0,-2.0,クリエープキー,142.0
2023104998,カイショー,2026/01/24,1小倉1,晴,9.0,萌黄賞(1勝クラス),12,5.0,5,3.8,2.0,2,ルメール,55.0,芝,1200.0,良,67.9,0.2,4-4,34.4,452.0,0.0,ルージュサウダージ,467.2
2023104998,カイショー,2025/12/06,5阪神1,晴,9.0,さざんか賞(1勝クラス),8,7.0,7,3.8,3.0,3,武豊,55.0,芝,1200.0,良,69.5,0.4,4-2,33.9,452.0,-8.0,フォーゲル,282.5
2023104998,カイショー,2025/10/04,3京都1,小雨,9.0,りんどう賞(1勝クラス),8,2.0,2,4.5,2.0,8,池添謙一,55.0,芝,1400.0,重,82.8,1.1,5-5,35.3,460.0,6.0,ラスティングスノー,
2023104998,カイショー,2025/07/20,1函館12,晴,11.0,函館2歳S(GIII),12,2.0,2,2.6,2.0,3,池添謙一,55.0,芝,1200.0,良,69.0,0.6,4-3,34.2,454.0,2.0,エイシンディード,786.3
2023104998,カイショー,2025/06/14,1函館1,晴,5.0,2歳新馬,12,1.0,1,1.5,1.0,1,池添謙一,55.0,芝,1000.0,良,56.4,-0.5,1-1,33.9,452.0,0.0,(ファニーバニー),750.0
2023102210,アイアムステキ,2026/04/18,1福島3,晴,3.0,3歳未勝利,16,8.0,16,8.8,4.0,1,田山旺佑,52.0,芝,1200.0,良,69.1,-0.1,9-8,34.4,446.0,-4.0,(ニシノタチアナ),590.0
2023102210,アイアムステキ,2026/01/17,1中山6,晴,1.0,3歳未勝利,16,3.0,5,8.8,5.0,13,松岡正海,55.0,ダ,1200.0,良,75.6,2.6,1-1,41.2,450.0,2.0,サントマーレ,
2023102210,アイアムステキ,2025/10/18,4東京6,晴,4.0,2歳新馬,18,7.0,13,86.9,12.0,5,松岡正海,55.0,芝,1400.0,良,83.7,0.4,6-7,33.6,448.0,0.0,エピッククイーン,75.0
2022101053,ペガサスノース,2026/07/04,2小倉3,曇,12.0,3歳以上1勝クラス,12,4.0,4,10.4,6.0,4,柴田裕一,54.0,芝,1200.0,稍,69.2,0.3,5-3,34.7,496.0,-2.0,ユメシバイ,120.0
2022101053,ペガサスノース,2026/05/09,3京都5,晴,8.0,4歳以上1勝クラス,16,4.0,7,184.9,15.0,11,菱田裕二,56.0,ダ,1400.0,良,85.4,1.6,13-13,37.8,498.0,16.0,ローマンレイク,
2022101053,ペガサスノース,2026/04/18,1福島3,晴,7.0,4歳以上1勝クラス,15,4.0,7,16.9,7.0,14,亀田温心,56.0,ダ,1150.0,良,70.9,1.7,15-15,37.1,482.0,-10.0,ホーリーブライト,
2022101053,ペガサスノース,2026/01/24,1京都8,晴,4.0,4歳以上1勝クラス,16,8.0,16,26.3,7.0,10,西村淳也,55.0,ダ,1400.0,良,88.0,1.5,1-1,39.2,492.0,10.0,ルクスデイジー,
2022101053,ペガサスノース,2025/11/15,3福島3,晴,7.0,3歳以上1勝クラス,16,7.0,13,11.9,7.0,8,石田拓郎,52.0,芝,1200.0,良,69.8,0.5,2-3,35.3,482.0,2.0,クインズスピカ,
2022101053,ペガサスノース,2025/08/17,3中京8,晴,12.0,3歳以上1勝クラス,18,6.0,12,5.8,2.0,6,亀田温心,54.0,芝,1200.0,良,69.0,0.5,6-6,34.5,480.0,-2.0,ブルーサンセット,
2022101053,ペガサスノース,2025/07/13,2小倉6,曇,12.0,3歳以上1勝クラス,15,4.0,8,3.7,2.0,7,菱田裕二,53.0,芝,1200.0,良,68.8,0.2,13-12,34.9,482.0,2.0,ドナウパール,
2022101053,ペガサスノース,2025/06/14,3阪神3,雨,9.0,3歳以上1勝クラス,13,2.0,2,9.0,4.0,8,岩田望来,53.0,芝,1600.0,重,95.9,1.1,4-4,35.7,480.0,0.0,スマートミストラル,
2022101053,ペガサスノース,2025/02/23,1小倉10,晴,2.0,3歳未勝利,18,3.0,5,2.7,1.0,1,柴田裕一,52.0,芝,1200.0,良,68.6,0.0,4-3,34.8,480.0,4.0,(ブラックティンカー),560.0
2022101053,ペガサスノース,2025/02/02,1小倉4,曇,2.0,3歳未勝利,16,1.0,1,8.7,5.0,2,柴田裕一,52.0,芝,1200.0,重,70.1,0.1,3-3,35.3,476.0,-2.0,ベイビーキッス,220.0
2022101053,ペガサスノース,2024/11/30,4中京1,曇,4.0,2歳未勝利,17,3.0,5,38.6,8.0,3,亀田温心,55.0,芝,1200.0,良,69.5,0.4,8-8,34.3,478.0,4.0,タガノアンファン,140.0
2022101053,ペガサスノース,2024/11/02,3福島1,雨,5.0,2歳新馬,16,7.0,14,4.5,2.0,7,亀田温心,55.0,芝,1200.0,稍,72.0,1.1,2-2,36.6,474.0,0.0,クロユキ,
2022103991,ジーティーエスピ,2026/05/10,3京都6,晴,8.0,4歳以上1勝クラス,12,1.0,1,4.0,3.0,2,丹内祐次,58.0,芝,1200.0,良,67.6,0.2,4-4,33.6,464.0,10.0,タマモブラウンタイ,330.0
2022103991,ジーティーエスピ,2026/04/18,1福島3,晴,12.0,4歳以上1勝クラス,16,7.0,13,6.4,2.0,3,丹内祐次,58.0,芝,1200.0,良,68.2,0.6,8-7,34.2,454.0,-18.0,ウィンストン,210.0
2022103991,ジーティーエスピ,2026/02/08,1小倉6,曇,12.0,4歳以上1勝クラス,18,7.0,13,4.5,1.0,8,丹内祐次,58.0,芝,1200.0,良,69.4,0.3,3-2,35.3,472.0,0.0,ヤマニンレセディ,
2022103991,ジーティーエスピ,2026/01/10,1京都3,晴,7.0,4歳以上1勝クラス,15,4.0,7,3.8,1.0,6,岩田望来,58.0,ダ,1200.0,良,73.1,0.6,4-5,36.8,472.0,8.0,ベンダバール,
2022103991,ジーティーエスピ,2025/11/24,3福島6,曇,8.0,3歳以上1勝クラス,16,8.0,15,4.1,1.0,3,丹内祐次,57.0,芝,1200.0,良,68.9,0.2,4-5,34.6,464.0,-4.0,バンブルビー,200.0
2022103991,ジーティーエスピ,2025/11/09,3福島2,小雨,12.0,3歳以上1勝クラス,16,4.0,7,2.7,1.0,2,丹内祐次,57.0,芝,1200.0,良,69.4,0.3,3-3,35.3,468.0,2.0,バンディート,320.0
2022103991,ジーティーエスピ,2025/09/07,4阪神2,晴,9.0,3歳以上1勝クラス,13,7.0,10,2.2,1.0,3,岩田望来,56.0,芝,1200.0,良,68.6,0.2,5-6,34.4,466.0,0.0,ブラックケリー,200.0
2022103991,ジーティーエスピ,2025/08/24,4中京2,晴,9.0,賢島特別(1勝クラス),14,1.0,1,14.8,6.0,4,永島まな,55.0,芝,1400.0,良,79.9,0.5,4-3,33.6,466.0,-4.0,ホーリーブラッサム,170.0
2022103991,ジーティーエスピ,2025/02/08,1小倉5,雪,6.0,3歳未勝利,18,3.0,6,2.8,1.0,1,藤岡佑介,57.0,芝,1200.0,稍,69.9,-0.3,5-3,35.5,470.0,0.0,(ロッキンミー),560.0
2022103991,ジーティーエスピ,2025/01/26,1小倉2,晴,2.0,3歳未勝利,17,2.0,4,2.1,1.0,3,藤岡佑介,57.0,芝,1200.0,良,69.3,0.2,4-4,34.7,470.0,0.0,フウセツ,140.0
2022103991,ジーティーエスピ,2024/12/01,7京都2,晴,5.0,2歳新馬,9,4.0,4,1.6,1.0,2,戸崎圭太,56.0,芝,1400.0,良,82.9,0.4,2-2,34.8,470.0,0.0,ランスオブカオス,290.0
2021102401,グランテレーズ,2026/06/21,1函館4,小雨,7.0,3歳以上1勝クラス,11,1.0,1,13.1,4.0,9,小沢大仁,56.0,芝,1200.0,良,69.3,1.0,4-4,35.2,458.0,-8.0,マナボニート,
2021102401,グランテレーズ,2026/06/13,1函館1,晴,7.0,3歳以上1勝クラス,8,3.0,3,8.0,5.0,4,小沢大仁,56.0,芝,1200.0,稍,68.3,0.4,2-2,34.3,466.0,10.0,ホワイトドラゴン,120.0
2021102401,グランテレーズ,2026/04/25,1福島5,晴,7.0,4歳以上1勝クラス,12,1.0,1,5.0,3.0,2,小沢大仁,56.0,芝,1200.0,良,68.6,0.5,3-3,34.3,456.0,-2.0,カーヌスティ,330.0
2021102401,グランテレーズ,2026/04/11,1福島1,晴,12.0,4歳以上1勝クラス,16,1.0,2,9.0,6.0,2,小沢大仁,56.0,芝,1200.0,良,68.3,0.0,3-2,34.2,458.0,2.0,ライツユーアップ,330.0
2021102401,グランテレーズ,2026/02/08,1小倉6,曇,12.0,4歳以上1勝クラス,18,2.0,3,8.7,5.0,13,鮫島克駿,56.0,芝,1200.0,良,69.6,0.5,5-6,35.3,456.0,4.0,ヤマニンレセディ,
2021102401,グランテレーズ,2025/12/13,5中京3,晴,12.0,3歳以上1勝クラス,18,4.0,8,40.4,11.0,4,小沢大仁,56.0,芝,1200.0,良,68.5,0.2,1-1,33.8,452.0,4.0,クイーンズデイ,120.0
2021102401,グランテレーズ,2025/11/15,3福島3,晴,12.0,3歳以上1勝クラス,16,5.0,10,48.2,14.0,4,永島まな,54.0,芝,1200.0,良,69.4,0.2,4-4,35.6,448.0,-10.0,マリノトニトゥルス,120.0
2021102401,グランテレーズ,2025/08/30,2札幌3,曇,12.0,3歳以上1勝クラス,15,6.0,12,42.8,11.0,13,落合玄太,56.0,芝,1200.0,稍,72.1,1.9,3-3,37.1,458.0,4.0,ムチャスグラシアス,
2021102401,グランテレーズ,2025/08/17,1札幌8,曇,9.0,小樽特別(1勝クラス),16,1.0,1,42.5,9.0,4,鮫島克駿,56.0,芝,1200.0,稍,70.3,0.2,1-1,35.5,454.0,-12.0,ハリウッドメモリー,170.0
2021102401,グランテレーズ,2025/07/19,1函館11,晴,7.0,3歳以上1勝クラス,16,7.0,13,44.5,12.0,15,鮫島克駿,56.0,芝,1200.0,良,69.6,1.4,4-7,35.5,466.0,-2.0,エスペシャリー,
2021102401,グランテレーズ,2025/06/29,1函館6,晴,7.0,3歳以上1勝クラス,11,5.0,5,16.2,5.0,5,鮫島克駿,56.0,芝,1200.0,良,69.3,0.4,5-5,34.8,468.0,24.0,クリノハレルヤ,80.0
2021102401,グランテレーズ,2025/04/13,1福島2,曇,6.0,4歳以上1勝クラス,16,7.0,14,47.3,12.0,7,亀田温心,56.0,芝,1200.0,良,68.9,1.2,10-10,35.0,444.0,0.0,ソルレース,
2021102401,グランテレーズ,2025/02/08,1小倉5,曇,12.0,4歳以上1勝クラス,18,8.0,17,18.4,7.0,9,斎藤新,56.0,芝,1200.0,稍,70.9,0.9,11-11,35.8,444.0,0.0,イツモニコニコ,
2021102401,グランテレーズ,2024/11/09,3福島3,晴,6.0,3歳以上1勝クラス,16,5.0,10,5.5,2.0,9,亀田温心,55.0,芝,1200.0,良,70.7,0.9,4-5,36.3,444.0,0.0,ジオパーククラウン,
2021102401,グランテレーズ,2024/10/20,4新潟6,晴,9.0,十日町特別(1勝クラス),18,1.0,2,41.1,11.0,16,斎藤新,54.0,芝,1400.0,良,84.3,1.9,2-2,37.7,444.0,-2.0,ヴァンヴィーヴ,
2021102401,グランテレーズ,2024/08/17,2札幌3,曇,3.0,3歳未勝利,16,5.0,9,2.7,1.0,1,鮫島克駿,55.0,芝,1200.0,良,69.1,-0.1,2-2,35.1,446.0,-2.0,(サニイアール),550.0
2021102401,グランテレーズ,2024/08/04,1札幌6,曇,3.0,3歳未勝利,16,4.0,8,3.2,1.0,3,鮫島克駿,55.0,芝,1200.0,稍,70.2,0.1,6-5,35.5,448.0,6.0,スプリングデイ,140.0
2021102401,グランテレーズ,2024/07/21,1札幌2,晴,3.0,3歳未勝利,16,5.0,10,6.8,3.0,2,鮫島克駿,55.0,芝,1200.0,良,68.5,0.3,4-4,34.3,442.0,4.0,ファイツオン,220.0
2021102401,グランテレーズ,2024/06/22,1函館5,晴,3.0,3歳未勝利,16,3.0,5,8.4,4.0,3,鮫島克駿,55.0,芝,1200.0,良,69.3,0.2,6-3,34.9,438.0,2.0,ヴィヴァクラウン,140.0
2021102401,グランテレーズ,2024/06/09,1函館2,曇,1.0,3歳未勝利,16,2.0,4,10.2,4.0,3,斎藤新,55.0,芝,1200.0,良,69.0,0.6,4-3,34.9,436.0,2.0,ベアゴーゴー,140.0
2021102401,グランテレーズ,2024/05/11,1新潟5,晴,3.0,3歳未勝利,16,8.0,15,17.4,7.0,4,斎藤新,55.0,芝,1400.0,良,83.0,0.5,5-5,36.4,434.0,-8.0,ヤブサメ,83.0
2021102401,グランテレーズ,2023/12/17,5阪神6,晴,3.0,2歳未勝利,15,6.0,11,23.9,6.0,4,ムルザバ,55.0,芝,1400.0,稍,82.7,0.4,4-6,36.2,442.0,-8.0,アレンジャー,83.0
2021102401,グランテレーズ,2023/11/25,3京都7,晴,5.0,2歳新馬,12,3.0,3,5.4,3.0,5,松山弘平,55.0,芝,1400.0,良,83.5,0.9,2-2,35.6,450.0,0.0,ヤマニンアストロン,72.0
2022101908,イズルード,2026/07/11,2福島5,曇,8.0,3歳以上1勝クラス,16,2.0,4,85.6,10.0,13,木幡巧也,58.0,ダ,1150.0,良,69.8,2.0,2-5,38.7,482.0,-2.0,ライヴレッドアイ,
2022101908,イズルード,2026/05/31,2東京12,晴,7.0,4歳以上1勝クラス,16,6.0,12,303.2,16.0,14,長浜鴻緒,57.0,ダ,1400.0,良,87.3,2.4,1-1,39.1,484.0,10.0,シュレン,
2022101908,イズルード,2025/06/29,2福島2,晴,7.0,3歳以上1勝クラス,16,8.0,16,11.3,4.0,6,戸崎圭太,55.0,ダ,1150.0,良,69.3,1.7,8-8,37.2,474.0,2.0,ルージュアズライト,
2022101908,イズルード,2025/02/22,1東京7,晴,2.0,3歳1勝クラス,16,7.0,13,23.3,6.0,11,戸崎圭太,57.0,ダ,1400.0,良,87.5,2.0,7-6,38.5,472.0,0.0,ベルジュロネット,
2022101908,イズルード,2025/01/26,1中山9,晴,1.0,3歳未勝利,16,6.0,11,1.4,1.0,1,戸崎圭太,57.0,ダ,1200.0,良,72.7,-0.6,2-2,38.3,472.0,6.0,(ミラクルミッキー),560.0
2022101908,イズルード,2025/01/06,1中山2,曇,1.0,3歳未勝利,16,8.0,16,18.2,7.0,2,丸山元気,57.0,ダ,1200.0,良,72.6,0.1,2-2,38.1,466.0,4.0,パシーヴ,220.0
2022101908,イズルード,2024/11/09,3福島3,晴,3.0,2歳未勝利,16,8.0,15,7.5,4.0,6,丸山元気,56.0,芝,1200.0,良,71.9,1.7,6-6,36.8,462.0,-2.0,タマモブラウンタイ,
2022101908,イズルード,2024/10/20,4新潟6,晴,5.0,2歳新馬,17,4.0,8,9.8,4.0,4,丸山元気,56.0,芝,1200.0,良,70.7,0.5,5-5,35.5,464.0,0.0,サウスバンク,110.0
2023104867,マティンデ,2026/07/12,1函館10,雨,6.0,3歳未勝利,16,6.0,12,7.3,3.0,9,丹内祐次,55.0,芝,1200.0,重,70.8,0.5,1-1,36.5,458.0,0.0,ミルトメロディー,
2023104867,マティンデ,2026/06/21,3阪神6,晴,6.0,3歳未勝利,18,8.0,17,11.2,5.0,6,吉村誠之,55.0,芝,1400.0,稍,81.8,1.0,3-2,36.2,458.0,18.0,ルージュスプリヤ,
2023104867,マティンデ,2026/02/21,1小倉9,晴,2.0,3歳未勝利,18,8.0,17,9.3,5.0,16,小沢大仁,55.0,芝,1200.0,良,70.3,1.5,11-13,35.6,440.0,-14.0,ムーンリットアイル,
2023104867,マティンデ,2025/11/01,3京都10,晴,2.0,2歳未勝利,12,5.0,6,4.7,3.0,3,吉村誠之,54.0,芝,1200.0,稍,70.0,0.1,10-7,34.1,454.0,4.0,トモジャプレジール,140.0
2023104867,マティンデ,2025/10/11,3京都3,曇,5.0,2歳新馬,17,4.0,7,29.5,9.0,6,松若風馬,55.0,芝,1400.0,良,81.5,1.3,6-5,34.5,450.0,0.0,マーゴットラヴミー,
2022102397,ビービーバザーク,2026/07/18,1函館11,小雨,9.0,湯浜特別(1勝クラス),13,5.0,6,66.3,11.0,11,和田陽希,58.0,芝,1800.0,良,109.1,1.5,3-3-4-7,37.1,504.0,22.0,ドッグウッド,
2022102397,ビービーバザーク,2026/05/16,2東京7,晴,8.0,4歳以上1勝クラス,16,6.0,12,7.0,3.0,8,戸崎圭太,58.0,ダ,1600.0,良,98.5,0.6,4-4,37.2,482.0,-2.0,ノアヴィヴァーチェ,
2022102397,ビービーバザーク,2026/05/03,2東京4,晴,7.0,4歳以上1勝クラス,15,8.0,14,5.4,3.0,4,浜中俊,58.0,ダ,1600.0,稍,98.5,0.5,2-2,37.2,484.0,2.0,レッドベルダンス,120.0
2022102397,ビービーバザーク,2026/02/22,1阪神2,晴,8.0,4歳以上1勝クラス,15,8.0,14,7.3,4.0,8,菱田裕二,57.0,ダ,1800.0,良,115.8,1.6,4-5-5-4,40.5,482.0,-6.0,タガノアニマシオン,
2022102397,ビービーバザーク,2026/02/10,2京都4,晴,4.0,4歳以上1勝クラス,9,6.0,6,8.7,5.0,7,太宰啓介,57.0,ダ,1800.0,良,117.5,2.7,4-5-8-8,39.3,488.0,8.0,ルクスフレンジー,
2022102397,ビービーバザーク,2025/12/21,5阪神6,雨,8.0,3歳以上2勝クラス,15,3.0,5,179.1,13.0,2,太宰啓介,57.0,ダ,1800.0,重,110.8,0.4,8-8-8-8,37.3,480.0,-2.0,デルアヴァー,460.0
2022102397,ビービーバザーク,2025/12/06,5中京1,晴,7.0,3歳以上1勝クラス,16,2.0,3,18.5,8.0,5,森田誠也,54.0,ダ,1800.0,良,114.7,1.0,7-7-5-6,38.5,482.0,-8.0,ストーンズ,80.0
2022102397,ビービーバザーク,2025/09/06,2札幌5,晴,6.0,3歳未勝利,14,8.0,14,2.3,1.0,5,武豊,57.0,ダ,1700.0,良,107.3,0.6,5-5-4-2,39.8,490.0,-2.0,ライラックデューン,56.0
2022102397,ビービーバザーク,2025/08/24,2札幌2,晴,3.0,3歳未勝利,14,3.0,4,4.3,2.0,2,武豊,57.0,ダ,1700.0,良,106.8,0.3,6-4-3-2,38.8,492.0,2.0,ジョードリウム,220.0
2022102397,ビービーバザーク,2025/08/17,1札幌8,雨,4.0,3歳未勝利,14,3.0,3,2.8,1.0,2,武豊,57.0,ダ,1700.0,良,107.8,1.0,7-6-7-6,38.0,490.0,8.0,マナエトレ,220.0
2022102397,ビービーバザーク,2025/05/10,1新潟3,曇,2.0,3歳未勝利,15,4.0,6,1.8,1.0,5,佐々木大,57.0,ダ,1800.0,稍,116.8,1.2,3-3-4-5,39.2,482.0,2.0,チュラビックタイム,56.0
2022102397,ビービーバザーク,2025/04/12,1福島1,曇,1.0,3歳未勝利,15,7.0,12,1.4,1.0,2,佐々木大,57.0,ダ,1700.0,良,108.4,0.1,3-3-3-3,38.5,480.0,-8.0,スズノソレイユ,220.0
2022102397,ビービーバザーク,2025/03/23,1阪神8,晴,3.0,3歳未勝利,12,5.0,6,3.6,2.0,3,浜中俊,57.0,ダ,1800.0,良,116.9,0.5,3-3-3-2,37.8,488.0,0.0,メイケイロゼッタ,140.0
2022102397,ビービーバザーク,2025/01/05,1中京1,晴,4.0,3歳新馬,16,3.0,5,6.4,4.0,2,浜中俊,57.0,ダ,1800.0,良,115.5,0.5,1-1-1-1,38.8,488.0,0.0,ソルナシエンテ,250.0
2021100387,マーベリックシチー,2026/06/27,1函館5,晴,12.0,3歳以上1勝クラス,10,1.0,1,17.8,5.0,6,鮫島克駿,58.0,ダ,1700.0,重,104.7,1.4,8-8-8-6,37.2,468.0,0.0,テイエムゴッホ,
2021100387,マーベリックシチー,2026/06/20,1函館3,曇,12.0,3歳以上1勝クラス,11,3.0,3,23.9,7.0,4,国分恭介,58.0,ダ,1700.0,良,105.7,1.0,9-9-7-6,38.1,468.0,-12.0,ディナン,120.0
2021100387,マーベリックシチー,2026/04/19,1福島4,晴,8.0,4歳以上1勝クラス,15,2.0,3,5.5,3.0,5,吉田隼人,58.0,ダ,1700.0,良,105.9,0.8,7-7-7-6,37.7,480.0,0.0,ジェシーテソーロ,82.0
2021100387,マーベリックシチー,2026/02/22,1小倉10,晴,7.0,4歳以上1勝クラス,14,2.0,2,11.5,5.0,3,国分恭介,58.0,ダ,1700.0,良,107.6,0.8,5-5-5-3,39.3,480.0,4.0,マンオブザマッチ,210.0
2021100387,マーベリックシチー,2026/01/31,1小倉3,晴,3.0,4歳以上1勝クラス,16,1.0,1,55.2,14.0,3,国分恭介,58.0,ダ,1700.0,良,105.7,0.5,7-5-9-5,37.6,476.0,8.0,モレポブラーノ,210.0
2021100387,マーベリックシチー,2025/11/22,3福島5,晴,6.0,3歳以上1勝クラス,15,6.0,10,60.2,11.0,8,吉田隼人,58.0,ダ,1700.0,良,107.4,1.3,5-5-7-5,39.6,468.0,-4.0,マテンロウブレイブ,
2021100387,マーベリックシチー,2025/09/07,2札幌6,晴,12.0,3歳以上1勝クラス,14,6.0,10,7.9,4.0,11,佐々木大,58.0,ダ,1700.0,稍,109.2,3.5,11-11-10-8,41.6,472.0,4.0,ジュンラトゥール,
2021100387,マーベリックシチー,2025/08/30,2札幌3,曇,8.0,3歳以上1勝クラス,11,4.0,4,38.8,8.0,3,吉田隼人,58.0,ダ,1700.0,重,105.2,0.7,8-8-7-4,37.2,468.0,0.0,プチブール,200.0
2021100387,マーベリックシチー,2025/08/03,1札幌4,晴,7.0,3歳以上1勝クラス,12,1.0,1,141.0,10.0,5,吉田隼人,58.0,ダ,1700.0,良,107.0,1.2,4-5-4-3,39.5,468.0,0.0,カペルブリュッケ,80.0
2021100387,マーベリックシチー,2025/07/06,1函館8,晴,12.0,3歳以上1勝クラス,10,2.0,2,69.2,9.0,9,柴田裕一,55.0,芝,1200.0,稍,71.0,1.3,10-10,35.3,468.0,2.0,アジュマン,
2021100387,マーベリックシチー,2025/06/15,1函館2,曇,12.0,3歳以上1勝クラス,11,6.0,6,141.5,11.0,9,柴田裕一,55.0,ダ,1700.0,良,107.7,2.3,2-2-1-4,39.9,466.0,6.0,グレイテストソング,
2021100387,マーベリックシチー,2025/04/20,1福島4,曇,12.0,4歳以上1勝クラス,15,6.0,11,43.5,11.0,11,国分恭介,58.0,ダ,1700.0,良,109.1,2.6,12-13-8-8,39.5,460.0,-6.0,トーレ,
2021100387,マーベリックシチー,2025/03/01,1阪神1,晴,6.0,4歳以上1勝クラス,16,2.0,4,125.0,11.0,12,鮫島克駿,58.0,ダ,1800.0,良,116.4,2.7,11-11-11-11,40.3,466.0,2.0,ポルポラジール,
2021100387,マーベリックシチー,2025/02/15,1小倉7,曇,12.0,4歳以上1勝クラス,12,5.0,5,40.8,10.0,8,柴田裕一,54.0,ダ,1700.0,良,107.0,1.3,12-12-12-12,37.6,464.0,-2.0,グランドセントラル,
2021100387,マーベリックシチー,2025/02/01,1小倉3,小雨,3.0,4歳以上1勝クラス,16,4.0,7,71.2,11.0,9,柴田裕一,54.0,ダ,1700.0,良,107.5,0.6,14-13-14-14,36.9,466.0,0.0,フラッシング,
2021100387,マーベリックシチー,2024/11/24,6京都8,曇,5.0,3歳以上1勝クラス,15,7.0,13,187.9,15.0,9,柴田裕一,53.0,ダ,1800.0,良,114.3,0.9,9-9-10-9,38.1,466.0,2.0,キングブルー,
2021100387,マーベリックシチー,2024/11/10,3福島4,晴,3.0,3歳以上1勝クラス,15,8.0,14,78.6,12.0,12,柴田裕一,53.0,ダ,1700.0,良,108.8,3.1,7-7-8-8,40.9,464.0,12.0,クラウンシエンタ,
2021100387,マーベリックシチー,2024/07/27,1札幌3,曇,8.0,3歳以上1勝クラス,14,3.0,4,125.1,12.0,8,池添謙一,55.0,ダ,1700.0,良,107.5,1.4,9-9-9-7,38.4,452.0,-6.0,オルゴーリオ,
2021100387,マーベリックシチー,2024/07/13,1函館11,晴,9.0,湯浜特別(1勝クラス),12,3.0,3,186.4,12.0,10,松岡正海,55.0,ダ,1700.0,良,107.4,1.6,11-11-8-10,37.7,458.0,-2.0,セクシーブーケ,
2021100387,マーベリックシチー,2024/06/23,1函館6,曇,8.0,3歳以上1勝クラス,10,5.0,5,25.0,8.0,9,浜中俊,55.0,ダ,1700.0,良,107.9,2.9,9-9-7-7,40.0,460.0,-2.0,グランドエスケープ,
2021100387,マーベリックシチー,2024/06/08,1函館1,晴,12.0,3歳以上1勝クラス,14,6.0,10,67.0,12.0,7,鮫島克駿,55.0,ダ,1700.0,良,105.7,1.1,12-12-11-10,37.7,462.0,0.0,コパノアントニオ,
2021100387,マーベリックシチー,2024/04/21,3京都2,小雨,6.0,3歳1勝クラス,12,1.0,1,85.1,9.0,10,西村淳也,57.0,ダ,1400.0,良,86.9,2.3,12-11,38.3,462.0,4.0,アスクアイルビゼア,
2021100387,マーベリックシチー,2024/02/03,1小倉7,曇,1.0,3歳未勝利,16,2.0,3,7.0,5.0,1,鮫島克駿,57.0,ダ,1700.0,良,107.8,-0.1,12-11-9-5,38.4,458.0,4.0,(ザロック),550.0
2021100387,マーベリックシチー,2024/01/07,1京都2,晴,3.0,3歳未勝利,16,6.0,12,15.3,4.0,11,富田暁,57.0,ダ,1400.0,良,88.5,1.8,15-13,38.0,454.0,6.0,パトジュニア,
2021100387,マーベリックシチー,2023/09/30,4阪神8,晴,1.0,2歳未勝利,13,3.0,3,7.8,3.0,6,坂井瑠星,55.0,ダ,1800.0,良,116.8,2.0,6-6-4-4,40.9,448.0,-2.0,ノットイナフ,
2021100387,マーベリックシチー,2023/09/09,4阪神1,晴,4.0,2歳新馬,11,7.0,9,7.1,2.0,4,菱田裕二,55.0,ダ,1800.0,良,118.2,1.0,7-7-2-2,40.7,450.0,0.0,メイショウキルギス,110.0
2022103235,カフェブーケット,2026/06/07,3東京2,曇,7.0,3歳以上1勝クラス,15,2.0,3,142.2,12.0,8,石神深道,55.0,ダ,1400.0,良,86.4,1.5,8-9,37.6,480.0,-4.0,フォースミラクル,
2022103235,カフェブーケット,2026/05/02,2東京3,晴,7.0,4歳以上1勝クラス,16,6.0,11,15.0,7.0,13,横山典弘,58.0,ダ,1400.0,重,87.4,2.4,13-13,37.1,484.0,-2.0,キョウエイスレーヴ,
2022103235,カフェブーケット,2025/11/24,5東京6,晴,12.0,3歳以上1勝クラス,18,3.0,6,119.5,13.0,14,横山典弘,57.0,芝,1600.0,良,93.7,1.7,4-6,35.6,486.0,2.0,レッドキングリー,
2022103235,カフェブーケット,2025/11/02,4東京11,曇,6.0,3歳以上1勝クラス,16,3.0,6,10.4,6.0,8,横山和生,57.0,ダ,1400.0,重,85.1,1.5,14-13,35.9,484.0,4.0,アンクエンチャブル,
2022103235,カフェブーケット,2025/08/16,1札幌7,晴,8.0,3歳以上1勝クラス,14,1.0,1,6.1,2.0,9,横山和生,55.0,ダ,1700.0,良,106.7,0.9,12-13-11-8,38.3,480.0,0.0,ゼロスネーク,
2022103235,カフェブーケット,2025/07/27,1札幌2,曇,3.0,3歳未勝利,14,3.0,3,2.2,1.0,1,横山典弘,57.0,ダ,1700.0,不,105.3,0.0,4-3-6-3,37.4,480.0,-4.0,(ルグランシャリオ),560.0
2022103235,カフェブーケット,2025/06/01,2東京12,晴,2.0,3歳未勝利,15,8.0,15,3.7,2.0,2,横山和生,57.0,ダ,1400.0,重,84.2,0.2,2-2,36.5,484.0,-2.0,キョウエイスレーヴ,220.0
2022103235,カフェブーケット,2025/05/11,2東京6,晴,2.0,3歳未勝利,16,7.0,13,6.3,4.0,4,横山和生,57.0,ダ,1400.0,稍,84.7,0.8,11-11,36.6,486.0,6.0,アラスカフレイバー,84.0
2022103235,カフェブーケット,2025/04/19,3中山7,晴,3.0,3歳未勝利,16,3.0,5,48.8,10.0,6,横山和生,57.0,ダ,1200.0,良,73.5,0.7,12-10,36.6,480.0,0.0,ショーモッシュ,
2022101465,リュミナーズ,2026/05/23,1新潟7,晴,8.0,4歳以上1勝クラス,15,2.0,3,48.3,10.0,8,亀田温心,56.0,ダ,1800.0,稍,114.5,1.3,11-10-10-8,38.9,452.0,8.0,ハギノコラソン,
2022101465,リュミナーズ,2026/05/02,1新潟1,晴,7.0,4歳以上1勝クラス,15,7.0,12,11.5,3.0,6,横山琉人,56.0,ダ,1800.0,重,116.3,1.1,13-13-12-11,40.8,444.0,-6.0,レッドイステル,
2022101465,リュミナーズ,2026/01/12,1中山5,晴,7.0,4歳以上1勝クラス,15,5.0,8,9.7,4.0,4,松岡正海,55.0,ダ,1800.0,良,115.6,1.8,11-11-10-4,38.7,450.0,2.0,フィールオーサム,120.0
2022101465,リュミナーズ,2025/12/14,5中京4,曇,7.0,3歳以上1勝クラス,15,5.0,8,7.8,3.0,3,亀田温心,55.0,ダ,1800.0,稍,115.1,0.1,11-11-9-8,38.3,448.0,-4.0,コウジョリョウゾク,200.0
2022101465,リュミナーズ,2025/09/27,4中山8,晴,6.0,3歳以上1勝クラス,16,5.0,10,20.9,6.0,3,松岡正海,53.0,ダ,1800.0,良,114.9,0.1,10-10-4-2,37.7,452.0,0.0,レディーフランシス,200.0
2022101465,リュミナーズ,2025/08/09,1札幌5,晴,8.0,3歳以上1勝クラス,11,5.0,5,12.0,6.0,8,佐々木大,53.0,ダ,1700.0,重,106.8,1.3,10-10-10-9,37.6,452.0,4.0,ナリタヒカリ,
2022101465,リュミナーズ,2025/07/26,1札幌1,小雨,9.0,3歳以上1勝クラス,13,7.0,10,22.9,7.0,3,松岡正海,53.0,ダ,1700.0,良,106.0,0.5,9-9-8-8,37.8,448.0,-2.0,ショウナンヤッホー,200.0
2022101465,リュミナーズ,2025/07/12,1函館9,晴,7.0,3歳以上1勝クラス,10,8.0,9,16.5,5.0,5,松岡正海,53.0,ダ,1700.0,良,107.0,0.6,1-2-2-1,38.6,450.0,6.0,リアルクィーン,80.0
2022101465,リュミナーズ,2025/06/22,1函館4,曇,12.0,3歳以上1勝クラス,12,8.0,12,12.5,6.0,7,松岡正海,53.0,ダ,1700.0,重,106.5,0.9,6-5-5-4,39.2,444.0,4.0,ネクストダンサー,
2022101465,リュミナーズ,2025/05/11,2京都6,曇,6.0,3歳1勝クラス,11,5.0,5,56.0,9.0,5,松若風馬,55.0,ダ,1800.0,稍,114.5,1.2,11-11-9-8,37.1,440.0,-6.0,ツキノアカリ,80.0
2022101465,リュミナーズ,2025/04/06,3中山4,小雨,6.0,3歳1勝クラス,14,7.0,11,46.4,10.0,9,松岡正海,55.0,ダ,1800.0,稍,114.8,1.5,8-7-6-5,39.9,446.0,0.0,ゴッドエスパーダ,
2022101465,リュミナーズ,2024/11/30,5中山1,晴,2.0,2歳未勝利,16,3.0,6,32.5,10.0,1,松岡正海,55.0,ダ,1800.0,稍,115.2,-0.1,13-13-10-6,39.7,446.0,-4.0,(ネクストダンサー),550.0
2022101465,リュミナーズ,2024/11/03,3福島2,晴,6.0,2歳新馬,15,4.0,7,65.6,12.0,6,松岡正海,55.0,ダ,1700.0,重,108.4,0.9,13-11-9-11,39.3,450.0,0.0,シーソーゲーム,
2023103806,ジェネラスキング,2026/06/27,2福島1,晴,3.0,3歳以上1勝クラス,15,2.0,3,6.3,3.0,7,ゴンサル,55.0,ダ,1700.0,稍,106.3,0.8,13-13-13-9,38.6,486.0,6.0,ショウナンパトス,
2023103806,ジェネラスキング,2026/03/29,3中山2,晴,3.0,3歳未勝利,15,8.0,14,1.9,1.0,1,横山武史,57.0,ダ,1800.0,稍,114.7,-0.5,8-6-4-2,40.0,480.0,-6.0,(エタンセル),590.0
2023103806,ジェネラスキング,2026/03/14,2中山5,晴,2.0,3歳未勝利,16,1.0,1,3.2,2.0,4,佐々木大,57.0,ダ,1800.0,良,115.9,0.5,4-3-7-7,38.9,486.0,6.0,エイシンニラク,89.0
2023103806,ジェネラスキング,2026/01/18,1中山7,晴,3.0,3歳未勝利,13,5.0,7,7.6,4.0,2,佐々木大,57.0,ダ,1800.0,良,116.1,0.4,6-6-7-5,38.6,480.0,-2.0,サイモフェーン,240.0
2023103806,ジェネラスキング,2025/12/28,5中山8,晴,5.0,2歳新馬,16,4.0,7,51.3,10.0,2,佐々木大,56.0,ダ,1800.0,良,117.1,1.4,9-9-8-3,39.4,482.0,0.0,クラウトロック,300.0
2022102929,ザハント,2025/08/31,2札幌4,曇,12.0,3歳以上1勝クラス,12,6.0,7,3.8,2.0,10,横山武史,55.0,ダ,1700.0,稍,107.1,1.7,5-5-5-10,38.9,488.0,0.0,アイオリア,
2022102929,ザハント,2025/08/03,1札幌4,晴,4.0,3歳未勝利,14,5.0,8,3.0,1.0,1,横山武史,57.0,ダ,1700.0,良,107.1,-0.5,2-2-1-1,39.6,488.0,-2.0,(ドバイミッション),560.0
2022102929,ザハント,2025/07/19,1函館11,晴,6.0,3歳未勝利,13,8.0,13,2.8,1.0,5,横山武史,57.0,ダ,1700.0,良,106.8,0.3,2-2-2-2,39.4,490.0,6.0,モリノアミーゴ,56.0
2022102929,ザハント,2025/07/05,1函館7,晴,6.0,3歳未勝利,12,7.0,10,4.5,3.0,2,横山武史,57.0,ダ,1700.0,重,105.1,0.5,1-1-1-1,38.2,484.0,-6.0,メイショウタイピン,220.0
2022102929,ザハント,2025/06/22,1函館4,曇,6.0,3歳未勝利,11,6.0,6,2.7,1.0,5,横山武史,57.0,ダ,1700.0,重,106.2,1.1,8-2-3-3,38.4,490.0,0.0,マンオブザマッチ,56.0
2022102929,ザハント,2025/06/15,1函館2,晴,2.0,3歳未勝利,14,6.0,9,4.9,2.0,5,舟山瑠泉,54.0,ダ,1700.0,良,107.1,1.1,7-7-7-8,39.0,490.0,0.0,ライフゲート,56.0
2022102929,ザハント,2025/04/19,1福島3,晴,4.0,3歳未勝利,15,8.0,14,4.5,2.0,3,松本大輝,56.0,ダ,1700.0,良,107.5,0.2,5-5-6-7,38.6,490.0,2.0,ルージュミラージュ,140.0
2022102929,ザハント,2025/02/23,1小倉10,晴,1.0,3歳未勝利,10,5.0,5,3.0,1.0,3,丸山元気,57.0,ダ,1700.0,良,109.1,0.3,5-5-4-4,38.0,488.0,-6.0,ゴールドダイアー,140.0
2022102929,ザハント,2025/02/02,1小倉4,曇,1.0,3歳未勝利,15,3.0,4,4.3,2.0,2,菱田裕二,57.0,ダ,1700.0,不,105.5,0.3,8-6-8-4,38.2,494.0,0.0,ローズマイスター,220.0
2022102929,ザハント,2025/01/05,1中京1,晴,1.0,3歳未勝利,16,3.0,5,5.6,4.0,4,坂井瑠星,57.0,ダ,1800.0,良,116.3,1.5,3-3-3-3,39.2,494.0,10.0,ルヴァンユニベール,84.0
2022102929,ザハント,2024/09/29,3中京9,小雨,1.0,2歳未勝利,10,5.0,5,2.8,1.0,3,団野大成,55.0,ダ,1800.0,重,113.9,0.8,6-7-6-4,38.1,484.0,-2.0,ダノンフェルゼン,140.0
2022102929,ザハント,2024/09/15,3中京4,曇,4.0,2歳新馬,9,6.0,6,11.3,6.0,2,浜中俊,55.0,ダ,1800.0,重,114.2,0.3,5-5-2-2,39.9,486.0,0.0,キタノサワヤカ,290.0
2023102455,オンザムービー,2026/06/13,1函館1,晴,6.0,3歳未勝利,12,2.0,2,3.0,2.0,1,横山和生,57.0,ダ,1700.0,稍,103.5,0.0,11-11-5-2,36.2,480.0,-6.0,(コイオステソーロ),580.0
2023102455,オンザムービー,2026/05/17,3京都8,晴,5.0,3歳未勝利,10,5.0,5,3.6,1.0,4,鮫島克駿,57.0,芝,2000.0,良,120.8,0.2,2-2-3-3,34.9,486.0,-2.0,エンジェルボイス,89.0
2023102455,オンザムービー,2026/04/26,3京都2,晴,5.0,3歳未勝利,12,8.0,11,8.4,4.0,3,鮫島克駿,57.0,芝,2000.0,良,120.6,0.2,1-1-2-1,36.7,488.0,-10.0,ロングホリデー,150.0
2023102455,オンザムービー,2026/01/05,1京都2,晴,5.0,3歳未勝利,17,5.0,10,145.8,13.0,2,松若風馬,57.0,芝,2000.0,良,122.4,0.1,2-2-2-2,36.0,498.0,-8.0,タガノアルトゥーラ,240.0
2023102455,オンザムービー,2025/12/13,5中京3,曇,4.0,2歳未勝利,13,1.0,1,220.0,11.0,9,川又賢治,56.0,芝,1600.0,良,95.2,0.9,12-12-12,34.3,506.0,0.0,イージーライダー,
2023102455,オンザムービー,2025/11/30,4京都8,晴,3.0,2歳新馬,13,7.0,11,38.0,9.0,10,鮫島克駿,56.0,芝,1200.0,良,71.4,1.5,13-13,34.6,506.0,0.0,オンザマーチ,
2023102178,タイキルッジェーロ,2026/07/04,1函館7,晴,9.0,恵山特別(1勝クラス),9,4.0,4,5.2,4.0,8,鮫島克駿,55.0,芝,1800.0,良,109.2,0.6,6-6-8-8,34.8,512.0,8.0,ウインベラーノ,
2023102178,タイキルッジェーロ,2026/06/21,1函館4,小雨,12.0,3歳以上1勝クラス,10,1.0,1,6.2,3.0,6,斎藤新,55.0,芝,1800.0,良,107.5,0.5,5-6-6-6,35.1,504.0,-2.0,コッツォリーノ,
2023102178,タイキルッジェーロ,2026/03/15,2中山6,晴,11.0,フジTVスプリングS(GII),16,2.0,3,71.0,11.0,11,横山武史,57.0,芝,1800.0,良,106.8,0.8,13-14-13-15,34.8,506.0,-4.0,アウダーシア,
2023102178,タイキルッジェーロ,2026/01/25,1中山9,晴,9.0,若竹賞(1勝クラス),12,2.0,2,7.1,3.0,8,横山武史,57.0,芝,1800.0,良,108.0,1.5,4-5-12-12,35.4,510.0,6.0,ブレナヴォン,
2023102178,タイキルッジェーロ,2026/01/04,1京都1,曇,5.0,3歳新馬,18,4.0,8,170.6,13.0,1,斎藤新,57.0,芝,1800.0,良,110.5,0.0,2-2,34.5,504.0,0.0,(フォーチュンライド),650.0
2023105381,ハイライトニング,2026/03/14,2中山5,晴,6.0,3歳1勝クラス,16,4.0,7,109.4,15.0,10,三浦皇成,57.0,ダ,1800.0,良,114.8,1.4,13-13-11-11,40.0,476.0,-2.0,サンダーヴィント,
2023105381,ハイライトニング,2026/01/10,1中山3,晴,9.0,黒竹賞(1勝クラス),10,7.0,7,33.4,7.0,7,横山和生,57.0,ダ,1800.0,良,115.6,1.5,1-1-3-3,40.3,478.0,0.0,マクリール,
2023105381,ハイライトニング,2025/12/14,5中山4,曇,7.0,2歳1勝クラス,16,7.0,13,31.6,8.0,12,吉田豊,56.0,ダ,1800.0,稍,116.0,1.7,11-12-14-14,39.2,478.0,6.0,ケイアイアギト,
2023105381,ハイライトニング,2025/09/28,4中山9,晴,1.0,2歳未勝利,12,6.0,8,6.1,4.0,1,戸崎圭太,55.0,ダ,1800.0,良,114.6,-0.6,6-4-3-3,38.8,472.0,-10.0,(マシン),560.0
2023105381,ハイライトニング,2025/09/07,2札幌6,曇,2.0,2歳未勝利,10,1.0,1,9.2,4.0,5,舟山瑠泉,52.0,芝,2000.0,稍,127.0,0.4,9-8-9-10,36.5,482.0,2.0,アッカン,56.0
2023105381,ハイライトニング,2025/08/16,1札幌7,晴,1.0,2歳未勝利,7,1.0,1,10.8,4.0,4,横山和生,55.0,芝,1800.0,良,110.1,1.3,7-6-5-6,35.7,480.0,6.0,マイネルシンベリン,84.0
2023105381,ハイライトニング,2025/06/21,3東京5,晴,6.0,2歳新馬,16,3.0,5,142.7,11.0,6,大野拓弥,55.0,ダ,1400.0,良,87.5,2.4,16-16,36.1,474.0,0.0,ペルセア,
2022102378,ファンタイムギフト,2026/07/05,1函館8,曇,8.0,3歳以上1勝クラス,8,1.0,1,8.5,5.0,3,丹内祐次,58.0,ダ,1700.0,良,106.0,0.8,3-3-5-5,37.7,490.0,-4.0,アオハルブルース,210.0
2022102378,ファンタイムギフト,2026/06/06,3東京1,晴,12.0,3歳以上1勝クラス,16,3.0,5,14.0,4.0,5,丹内祐次,58.0,ダ,1600.0,良,98.6,1.5,7-7,37.2,494.0,2.0,ザーフィル,82.0
2022102378,ファンタイムギフト,2026/05/16,2東京7,晴,8.0,4歳以上1勝クラス,16,6.0,11,13.5,5.0,7,田辺裕信,58.0,ダ,1600.0,良,98.4,0.5,9-7,36.8,492.0,-20.0,ノアヴィヴァーチェ,
2022102378,ファンタイムギフト,2025/12/21,5中山6,曇,8.0,3歳以上1勝クラス,15,8.0,16,13.1,7.0,13,石川裕紀,57.0,ダ,1800.0,重,112.7,1.4,9-9-7-4,38.5,512.0,10.0,コンティオ,
2022102378,ファンタイムギフト,2025/11/02,4東京11,曇,7.0,3歳以上1勝クラス,15,4.0,7,14.2,6.0,7,レーン,57.0,ダ,1600.0,重,97.1,1.3,7-6,37.3,502.0,2.0,ジェイエルマスター,
2022102378,ファンタイムギフト,2025/10/04,4東京1,曇,8.0,3歳以上1勝クラス,16,4.0,7,10.0,5.0,4,丹内祐次,56.0,ダ,1600.0,良,98.6,0.5,2-2,37.2,500.0,2.0,ヴォンフレ,120.0
2022102378,ファンタイムギフト,2025/06/21,3東京5,晴,12.0,3歳以上1勝クラス,16,2.0,4,7.7,4.0,5,田辺裕信,55.0,ダ,1600.0,良,97.0,0.4,12-11,35.6,498.0,0.0,チザルピーノ,80.0
2022102378,ファンタイムギフト,2025/05/24,2東京9,曇,6.0,3歳1勝クラス,13,3.0,4,35.7,11.0,3,田辺裕信,57.0,ダ,1600.0,良,97.9,0.0,7-8,35.9,498.0,2.0,フィリップバローズ,200.0
2022102378,ファンタイムギフト,2025/04/27,2東京2,晴,2.0,3歳未勝利,16,1.0,1,7.1,4.0,1,田辺裕信,57.0,ダ,1600.0,稍,98.2,-0.3,7-7,37.4,496.0,-6.0,(イトウ),560.0
2022102378,ファンタイムギフト,2025/03/23,2中山8,晴,5.0,3歳未勝利,16,1.0,2,33.3,10.0,7,田辺裕信,57.0,芝,1600.0,良,95.5,1.1,1-2-4,37.0,502.0,2.0,ブルスカメンテ,
2022102378,ファンタイムギフト,2024/12/22,5中山8,晴,2.0,2歳未勝利,16,5.0,9,5.6,3.0,9,マーカン,56.0,ダ,1800.0,良,119.3,1.6,5-6-6-3,42.5,500.0,-12.0,ドーバーブライト,
2022102378,ファンタイムギフト,2024/11/24,5東京8,晴,3.0,2歳未勝利,16,5.0,9,6.0,4.0,9,石川裕紀,56.0,ダ,1600.0,良,99.6,1.4,13-12,36.8,512.0,10.0,ダンツファイター,
2022102378,ファンタイムギフト,2024/11/02,5東京1,小雨,6.0,2歳新馬,16,6.0,11,7.8,4.0,3,石川裕紀,56.0,ダ,1600.0,重,99.7,0.3,3-3,35.8,502.0,0.0,ボルトテソーロ,180.0
2021109088,アルニラム,2026/07/11,1函館9,曇,8.0,3歳以上1勝クラス,12,5.0,5,189.3,12.0,8,小沢大仁,58.0,ダ,1700.0,重,105.8,2.3,4-4-6-7,38.8,470.0,10.0,アイファーシャドー,
2021109088,アルニラム,2026/06/28,2福島2,晴,12.0,3歳以上1勝クラス,14,6.0,9,117.8,11.0,10,佐藤翔馬,55.0,ダ,1150.0,良,69.1,0.8,13-12,36.3,460.0,-6.0,スターランウェイ,
2021109088,アルニラム,2026/03/29,3中山2,晴,8.0,4歳以上1勝クラス,16,5.0,10,55.9,10.0,11,武藤雅,58.0,ダ,1200.0,稍,72.7,1.4,2-2,38.2,466.0,-8.0,ルイステソーロ,
2021109088,アルニラム,2025/12/06,5中京1,晴,2.0,3歳以上1勝クラス,13,8.0,12,27.9,10.0,7,武藤雅,58.0,ダ,1200.0,良,73.2,1.3,6-6,37.5,474.0,-8.0,セルヴァンス,
2021109088,アルニラム,2025/11/24,5東京6,晴,5.0,3歳以上1勝クラス,16,3.0,6,84.3,10.0,9,内田博幸,58.0,ダ,1400.0,良,86.5,2.0,7-8,37.4,482.0,10.0,スリーピース,
2021109088,アルニラム,2025/06/08,3東京2,晴,7.0,3歳以上1勝クラス,16,5.0,10,23.1,9.0,12,内田博幸,58.0,ダ,1400.0,良,85.0,1.3,5-5,37.3,472.0,0.0,ルークススペイ,
2021109088,アルニラム,2025/05/24,2東京9,曇,8.0,4歳以上1勝クラス,16,5.0,10,10.8,4.0,2,内田博幸,58.0,ダ,1400.0,良,86.0,0.1,2-2,36.7,472.0,4.0,サトノアルペジオ,320.0
2021109088,アルニラム,2025/04/05,3中山3,晴,12.0,4歳以上1勝クラス,16,5.0,10,12.6,4.0,6,丹内祐次,58.0,ダ,1200.0,稍,71.8,1.3,9-6,36.9,468.0,-8.0,ロサンゼルス,
2021109088,アルニラム,2025/02/08,1東京3,晴,12.0,4歳以上1勝クラス,16,4.0,8,4.2,2.0,4,菅原明良,58.0,ダ,1300.0,良,79.8,0.1,4-4,37.1,476.0,0.0,マケズギライ,120.0
2021109088,アルニラム,2025/01/25,1中山8,曇,7.0,4歳以上1勝クラス,16,8.0,16,29.0,10.0,5,北村宏司,58.0,ダ,1200.0,良,71.9,0.6,4-4,38.1,476.0,-6.0,マイレーヌ,80.0
2021109088,アルニラム,2024/11/03,5東京2,晴,6.0,3歳以上1勝クラス,15,8.0,15,3.8,2.0,12,北村宏司,57.0,ダ,1400.0,重,85.4,1.0,6-8,37.2,482.0,-6.0,ヨゾラノムコウニ,
2021109088,アルニラム,2024/10/14,4東京4,晴,6.0,3歳以上1勝クラス,16,1.0,1,25.9,7.0,3,菅原明良,56.0,ダ,1400.0,良,85.1,0.5,6-7,36.1,488.0,4.0,カリフォルニア,200.0
2021109088,アルニラム,2024/05/18,2東京9,晴,2.0,3歳未勝利,16,2.0,4,7.8,3.0,1,北村宏司,57.0,ダ,1400.0,良,85.9,-0.1,5-3,36.1,484.0,0.0,(メイザーキック),550.0
2021109088,アルニラム,2024/04/28,2東京4,晴,2.0,3歳未勝利,16,2.0,4,7.1,3.0,3,北村宏司,57.0,ダ,1400.0,良,85.9,0.5,4-4,37.1,484.0,6.0,クレイジーディス,140.0
2021109088,アルニラム,2024/02/11,1東京6,晴,1.0,3歳未勝利,16,3.0,6,4.6,3.0,6,菅原明良,57.0,ダ,1400.0,稍,87.8,1.1,3-3,38.8,478.0,-6.0,フラーハ,
2021109088,アルニラム,2024/02/04,1東京4,小雨,1.0,3歳未勝利,16,5.0,10,4.5,3.0,3,菅原明良,57.0,ダ,1400.0,良,87.3,1.3,8-7,37.4,484.0,0.0,イサチルカゼニタツ,140.0
2021109088,アルニラム,2024/01/14,1京都5,晴,3.0,3歳新馬,16,1.0,2,13.3,4.0,4,菅原明良,57.0,ダ,1400.0,良,86.6,0.3,5-5,38.3,484.0,0.0,ディスタントスカイ,93.0
2023100715,ピエナオルカ,2026/07/04,2小倉3,曇,6.0,3歳未勝利,16,5.0,9,3.7,1.0,1,幸英明,57.0,ダ,1700.0,不,101.5,-1.4,1-1-1-1,36.6,474.0,-4.0,(ベルアズーロ),580.0
2023100715,ピエナオルカ,2026/06/13,3阪神3,晴,2.0,3歳未勝利,16,3.0,6,2.8,2.0,4,幸英明,57.0,ダ,2000.0,良,127.8,0.3,2-2-2-2,39.0,478.0,-4.0,メイショウジンライ,87.0
2023100715,ピエナオルカ,2026/05/23,1新潟7,晴,6.0,3歳未勝利,15,2.0,3,5.0,2.0,2,永島まな,55.0,ダ,1800.0,稍,113.6,0.2,1-1-1-1,38.5,482.0,0.0,マシン,240.0
2023100715,ピエナオルカ,2026/03/22,1中京4,晴,3.0,3歳未勝利,15,4.0,7,4.5,1.0,4,幸英明,57.0,ダ,1800.0,良,115.2,0.5,6-6-8-6,37.9,482.0,0.0,ルーナディサングエ,89.0
2023100715,ピエナオルカ,2026/03/08,1阪神6,曇,3.0,3歳未勝利,14,5.0,7,7.9,3.0,4,幸英明,57.0,ダ,1800.0,良,116.1,0.2,7-7-7-5,38.0,482.0,-2.0,ワザオギ,89.0
2023100715,ピエナオルカ,2026/02/14,2京都5,晴,3.0,3歳未勝利,11,7.0,8,4.4,2.0,5,ハマーハ,57.0,ダ,1900.0,稍,123.3,0.4,4-4-4-4,38.1,484.0,2.0,メイショウアカリ,59.0
2023100715,ピエナオルカ,2026/01/25,1京都9,晴,2.0,3歳未勝利,16,1.0,2,15.7,6.0,3,ハマーハ,57.0,ダ,1900.0,良,122.7,0.3,2-2-2-2,38.9,482.0,-4.0,ドメイン,150.0
2023100715,ピエナオルカ,2026/01/04,1京都1,晴,2.0,3歳未勝利,16,3.0,5,8.0,3.0,9,河原田菜,53.0,ダ,1800.0,良,116.3,2.8,3-3-5-6,39.9,486.0,2.0,タガノエルー,
2023100715,ピエナオルカ,2025/12/13,5阪神3,晴,2.0,2歳未勝利,10,6.0,6,5.4,3.0,3,河原田菜,52.0,ダ,1800.0,良,115.4,1.7,2-2-2-2,38.6,484.0,-4.0,スカイストライプス,140.0
2023100715,ピエナオルカ,2025/11/23,4京都6,晴,2.0,2歳未勝利,13,3.0,3,8.1,5.0,3,河原田菜,52.0,ダ,1800.0,良,115.3,1.3,8-8-9-8,38.5,488.0,12.0,クラックショット,140.0
2023100715,ピエナオルカ,2025/06/22,3阪神6,晴,6.0,2歳新馬,16,6.0,12,102.8,14.0,6,河原田菜,51.0,ダ,1200.0,良,75.2,0.8,13-11,38.1,476.0,0.0,シュテフィ,
2023107075,ガーネットフレア,2026/06/28,1函館6,晴,7.0,3歳以上1勝クラス,10,6.0,6,6.8,5.0,10,鮫島克駿,53.0,ダ,1700.0,稍,107.5,2.6,2-2-2-4,40.0,450.0,-2.0,キャットテイル,
2023107075,ガーネットフレア,2026/06/14,1函館2,晴,12.0,3歳以上1勝クラス,10,5.0,5,3.9,2.0,7,鮫島克駿,53.0,ダ,1700.0,良,106.7,1.1,4-4-3-3,39.3,452.0,10.0,ストラーダ,
2023107075,ガーネットフレア,2026/02/22,1小倉10,晴,1.0,3歳未勝利,11,2.0,2,5.7,3.0,1,北村友一,55.0,ダ,1700.0,良,108.2,-0.8,1-1-1-1,39.0,442.0,2.0,(シオンダンサー),590.0
2023107075,ガーネットフレア,2026/02/07,1小倉5,小雨,1.0,3歳未勝利,16,7.0,14,5.7,3.0,3,小沢大仁,55.0,ダ,1700.0,良,108.4,0.1,5-6-5-5,39.3,440.0,-6.0,ミティリーニ,150.0
2023107075,ガーネットフレア,2025/12/13,5阪神3,晴,1.0,2歳未勝利,15,7.0,13,5.2,4.0,7,Ｃ．デム,55.0,ダ,1400.0,良,86.5,1.0,6-7,38.8,446.0,-2.0,タイニーワンダー,
2023107075,ガーネットフレア,2025/11/22,4京都5,晴,1.0,2歳未勝利,14,7.0,11,3.2,2.0,3,Ｃ．デム,55.0,ダ,1200.0,良,73.8,0.6,3-4,37.2,448.0,-2.0,テーオーナタリー,140.0
2023107075,ガーネットフレア,2025/10/04,3京都1,雨,3.0,2歳新馬,16,6.0,12,3.5,2.0,3,西村淳也,55.0,ダ,1400.0,重,85.6,1.2,2-2,38.2,450.0,0.0,アスクケンタッキー,190.0
2022100724,ニシノエピカリ,2026/05/23,1新潟7,晴,8.0,4歳以上1勝クラス,15,5.0,9,90.4,14.0,15,野中悠太,56.0,ダ,1800.0,稍,117.3,4.1,7-8-14-15,41.0,406.0,2.0,ハギノコラソン,
2022100724,ニシノエピカリ,2026/04/26,1福島6,晴,6.0,4歳以上1勝クラス,13,6.0,9,32.2,10.0,10,野中悠太,56.0,芝,2600.0,良,160.5,2.6,1-1-4-5,37.5,404.0,-2.0,アスクデッドヒート,
2022100724,ニシノエピカリ,2026/04/04,3中山3,雨,7.0,4歳以上1勝クラス,12,4.0,4,48.8,7.0,5,佐々木大,56.0,芝,2000.0,良,123.0,1.0,3-3-4-5,36.2,406.0,10.0,マリアイリダータ,82.0
2022100724,ニシノエピカリ,2025/11/08,3福島1,晴,6.0,3歳以上1勝クラス,16,8.0,16,32.3,6.0,15,横山琉人,54.0,芝,1800.0,良,107.7,1.7,8-9-9-12,36.5,396.0,-6.0,バセリーナ,
2022100724,ニシノエピカリ,2025/10/04,4東京1,曇,7.0,3歳以上1勝クラス,10,5.0,5,28.6,8.0,9,小林美駒,51.0,芝,2000.0,良,121.9,1.1,1-3-4,33.9,402.0,-4.0,サラスヴァティー,
2022100724,ニシノエピカリ,2025/09/07,2札幌6,曇,7.0,3歳以上1勝クラス,13,8.0,13,4.3,2.0,3,小林美駒,50.0,芝,1800.0,稍,111.1,0.3,3-3-4-5,38.5,406.0,0.0,トゥルブレンツ,200.0
2022100724,ニシノエピカリ,2025/05/24,2東京9,曇,9.0,カーネーションC(1勝クラス),9,2.0,2,65.6,7.0,8,田辺裕信,55.0,芝,1800.0,良,107.6,2.2,2-3-3,35.9,406.0,-2.0,ジョスラン,
2022100724,ニシノエピカリ,2025/03/30,3中山2,晴,9.0,ミモザ賞(1勝クラス),7,3.0,3,6.7,3.0,7,田辺裕信,55.0,芝,2000.0,良,122.8,1.5,3-4-4-6,36.8,408.0,2.0,カネラフィーナ,
2022100724,ニシノエピカリ,2025/01/12,1中山4,曇,5.0,3歳未勝利,18,8.0,16,8.1,3.0,1,田辺裕信,55.0,芝,2000.0,良,122.0,-0.1,2-2-2-2,35.9,406.0,-4.0,(シャンソンドール),560.0
2022100724,ニシノエピカリ,2024/12/14,5中山5,晴,7.0,2歳未勝利,16,3.0,6,6.1,4.0,2,田辺裕信,55.0,芝,1800.0,良,108.2,0.0,2-2-2-2,35.4,410.0,2.0,ノビリシマビジョン,220.0
2022100724,ニシノエピカリ,2024/11/02,5東京1,雨,2.0,2歳未勝利,11,1.0,1,10.2,4.0,3,田辺裕信,55.0,芝,1600.0,稍,94.9,0.4,6-7,34.6,408.0,-6.0,エストゥペンダ,140.0
2022100724,ニシノエピカリ,2024/09/28,4中山8,曇,5.0,2歳新馬,15,2.0,4,8.7,3.0,2,津村明秀,55.0,芝,1600.0,良,96.3,0.3,2-3-3,35.5,414.0,0.0,クレオズニードル,290.0
2023105820,ルーチェフィオーレ,2025/10/25,4東京8,雨,11.0,アルテミスS(GIII),10,3.0,3,9.7,5.0,7,横山和生,55.0,芝,1600.0,稍,94.7,0.9,4-4,34.6,442.0,-4.0,フィロステファニ,
2023105820,ルーチェフィオーレ,2025/09/21,4中山7,晴,1.0,2歳未勝利,16,3.0,5,2.2,1.0,1,横山和生,55.0,芝,1600.0,良,93.9,-0.1,2-1-1,35.6,446.0,12.0,(コズミックボックス),560.0
2023105820,ルーチェフィオーレ,2025/06/08,3東京2,曇,6.0,2歳新馬,17,8.0,16,17.6,4.0,2,横山和生,55.0,芝,1400.0,良,83.2,0.1,11-13,34.1,434.0,0.0,パープルガーネット,300.0
2022106618,ジェルブロア,2026/07/12,2福島6,曇,9.0,織姫賞(1勝クラス),14,3.0,4,7.9,4.0,2,坂井瑠星,56.0,芝,1800.0,稍,107.5,0.1,2-2-2-2,35.7,420.0,-6.0,ブルスカメンテ,469.6
2022106618,ジェルブロア,2026/03/22,1中京4,曇,6.0,4歳以上1勝クラス,17,2.0,4,13.3,6.0,6,西村淳也,56.0,芝,2000.0,良,119.8,0.3,8-7-4-4,34.5,426.0,-6.0,サラスヴァティー,
2022106618,ジェルブロア,2026/03/08,1阪神6,晴,7.0,4歳以上1勝クラス,9,6.0,6,10.5,4.0,2,岩田望来,56.0,芝,2000.0,良,121.5,0.4,5-5-5-7,35.2,432.0,-4.0,アスクコモンタレヴ,330.0
2022106618,ジェルブロア,2026/02/21,1小倉9,晴,8.0,4歳以上1勝クラス,16,7.0,13,7.1,4.0,4,古川奈穂,52.0,芝,1800.0,良,107.6,0.6,8-9-8-6,35.9,436.0,20.0,ハニードレス,120.0
2022106618,ジェルブロア,2025/09/14,4阪神4,曇,7.0,3歳以上1勝クラス,14,3.0,4,33.5,7.0,7,松山弘平,54.0,芝,1600.0,良,95.0,0.5,8-9,33.1,416.0,-6.0,ロンドボス,
2022106618,ジェルブロア,2025/08/31,3新潟4,晴,8.0,3歳以上1勝クラス,9,1.0,1,10.1,4.0,6,坂井瑠星,53.0,芝,2000.0,良,118.6,1.5,3-2,35.4,422.0,0.0,マカナ,
2022106618,ジェルブロア,2025/07/05,2小倉3,晴,7.0,3歳未勝利,16,2.0,4,5.4,3.0,1,坂井瑠星,55.0,芝,1800.0,良,108.4,-0.4,6-4-4-2,36.2,422.0,0.0,(ウチナータイム),560.0
2022106618,ジェルブロア,2025/06/14,3阪神3,小雨,4.0,3歳未勝利,18,6.0,12,66.1,11.0,6,吉村誠之,54.0,芝,1600.0,稍,95.4,0.6,11-12,34.7,422.0,0.0,ジーティードレス,
2023107024,シニャンガ,2026/04/25,2東京1,曇,4.0,3歳未勝利,15,7.0,12,1.5,1.0,1,ルメール,55.0,芝,1800.0,良,107.6,0.0,5-5-5,34.0,470.0,-10.0,(カンティーナ),590.0
2023107024,シニャンガ,2026/02/14,1東京5,晴,6.0,3歳未勝利,16,8.0,15,1.9,1.0,2,ルメール,55.0,芝,1800.0,良,107.8,0.4,4-6-6,33.9,480.0,10.0,ダーリングハースト,240.0
2023107024,シニャンガ,2025/11/15,5東京3,晴,6.0,2歳新馬,14,8.0,13,4.7,2.0,2,ルメール,55.0,芝,1600.0,良,94.8,0.0,7-7,33.1,470.0,0.0,マスターソアラ,300.0
2023102584,ラコンチャビエン,2026/03/21,2中山7,晴,11.0,フラワーC(GIII),16,3.0,6,83.8,11.0,15,松本大輝,55.0,芝,1800.0,良,109.1,0.8,6-6-6-7,35.0,430.0,-6.0,スマートプリエール,
2023102584,ラコンチャビエン,2026/01/17,1京都6,晴,5.0,3歳未勝利,18,5.0,9,4.3,2.0,1,ルメール,55.0,芝,2000.0,良,121.1,0.0,6-5-5-5,36.3,436.0,6.0,(ティタノマキア),590.0
2023102584,ラコンチャビエン,2025/12/21,5阪神6,雨,3.0,2歳未勝利,18,2.0,4,10.7,5.0,2,ルメール,55.0,芝,1800.0,稍,107.5,0.0,7-7,34.7,430.0,-12.0,エイズルブルーム,220.0
2023102584,ラコンチャビエン,2025/10/05,3京都2,小雨,5.0,2歳新馬,13,7.0,10,15.7,5.0,5,高杉吏麒,55.0,芝,1800.0,稍,109.3,0.5,3-3,34.9,442.0,0.0,コウギョク,75.0
2023101090,ジャストビート,2026/04/25,3京都1,晴,8.0,あやめ賞(1勝クラス),6,6.0,6,99.5,6.0,6,鮫島克駿,55.0,芝,1800.0,良,106.5,1.4,1-3,35.6,418.0,-6.0,ブレットパス,
2023101090,ジャストビート,2026/03/28,2阪神1,晴,9.0,君子蘭賞(1勝クラス),7,4.0,4,28.5,5.0,6,松山弘平,55.0,芝,1800.0,良,108.2,1.5,6-5,35.4,424.0,-4.0,アンジュドジョワ,
2023101090,ジャストビート,2026/01/25,1京都9,晴,9.0,河津桜賞(1勝クラス),9,7.0,7,119.8,9.0,6,高杉吏麒,55.0,芝,1600.0,良,94.6,0.9,9-8,36.2,428.0,2.0,ソルパッサーレ,
2023101090,ジャストビート,2025/12/13,5阪神3,晴,9.0,エリカ賞(1勝クラス),9,2.0,2,155.8,9.0,7,岩田望来,55.0,芝,2000.0,良,123.3,1.4,3-4-4-5,34.1,426.0,2.0,コロナドブリッジ,
2023101090,ジャストビート,2025/11/16,4京都4,晴,9.0,黄菊賞(1勝クラス),8,5.0,5,144.9,8.0,6,丹内祐次,55.0,芝,2000.0,良,122.2,0.9,6-6-5-7,35.2,424.0,6.0,ノチェセラーダ,
2023101090,ジャストビート,2025/08/02,1札幌3,晴,1.0,2歳未勝利,8,4.0,4,5.7,3.0,1,丹内祐次,55.0,芝,1800.0,良,110.2,-0.1,4-4-4-4,35.4,418.0,2.0,(ヴィラジョヴィス),560.0
2023101090,ジャストビート,2025/07/19,1函館11,曇,1.0,2歳未勝利,11,2.0,2,11.8,3.0,5,丹内祐次,55.0,芝,1800.0,良,110.0,1.0,7-7-8-6,35.1,416.0,-4.0,スマートプリエール,56.0
2023101090,ジャストビート,2025/06/29,1函館6,曇,1.0,2歳未勝利,12,6.0,7,29.6,5.0,5,岩田康誠,55.0,芝,1200.0,良,70.3,0.4,10-9,34.8,420.0,0.0,シーグルロス,56.0
2023101090,ジャストビート,2025/06/14,1函館1,晴,5.0,2歳新馬,12,6.0,8,36.1,8.0,9,戸崎圭太,55.0,芝,1000.0,良,58.4,2.0,10-10,33.5,420.0,0.0,カイショー,
2022105153,ディヒターリーベ,2026/02/12,名古屋,晴,1.0,C11組,12,8.0,11,1.5,1.0,5,望月洵輝,55.0,ダ,1400.0,重,92.0,0.8,5-5-6,40.4,462.0,-7.0,ヴィルナタール,5.5
2022105153,ディヒターリーベ,2026/01/28,名古屋,晴,2.0,C19組,12,7.0,9,1.9,1.0,1,望月洵輝,55.0,ダ,1400.0,良,90.8,-0.4,4-3-1,38.9,469.0,0.0,(パルジファル),55.0
2022105153,ディヒターリーベ,2026/01/01,名古屋,晴,6.0,名古屋で初競馬賞(C),12,8.0,12,1.1,1.0,1,望月洵輝,55.0,ダ,1500.0,良,99.0,-0.3,3-3-2,40.2,469.0,2.0,(カズナリ),55.0
2022105153,ディヒターリーベ,2025/11/20,名古屋,晴,1.0,C25組,12,6.0,7,1.5,1.0,1,望月洵輝,55.0,ダ,1500.0,良,98.0,-0.8,3-3-1,39.9,467.0,0.0,(ラッシュグリーン),55.0
2023105977,キタノサリスカ,2026/06/28,1函館6,晴,7.0,3歳以上1勝クラス,10,3.0,3,43.7,8.0,6,和田陽希,50.0,ダ,1700.0,稍,105.9,1.0,5-4-2-2,38.4,430.0,4.0,キャットテイル,
2023105977,キタノサリスカ,2026/04/18,2阪神7,晴,6.0,3歳1勝クラス,14,5.0,9,215.5,13.0,11,川端海翼,52.0,ダ,1800.0,良,114.9,2.7,4-4-10-14,39.9,426.0,0.0,ロイスター,
2023105977,キタノサリスカ,2026/03/28,1中京5,晴,2.0,3歳未勝利,13,8.0,13,107.3,11.0,1,川端海翼,52.0,ダ,1800.0,稍,115.2,-0.4,3-3-3-2,38.6,426.0,4.0,(メジロピオラ),590.0
2023105977,キタノサリスカ,2026/02/28,1阪神3,晴,1.0,3歳未勝利,16,2.0,4,304.3,13.0,10,国分優作,55.0,ダ,1400.0,良,87.5,1.9,13-14,39.2,422.0,-4.0,ジャンヌドゥレーヴ,
2023105977,キタノサリスカ,2025/12/13,5阪神3,晴,6.0,2歳新馬,13,4.0,5,148.5,12.0,6,長岡禎仁,55.0,ダ,1400.0,良,88.1,1.5,12-12,37.5,426.0,0.0,メイショウリュウシ,
2023106226,ナムラヒナギク,2026/07/11,1函館9,曇,7.0,3歳以上1勝クラス,14,1.0,1,20.6,7.0,3,小沢大仁,53.0,芝,1800.0,稍,108.6,0.4,13-13-12-12,34.3,470.0,-16.0,ナイスプレーアスク,210.0
2023106226,ナムラヒナギク,2026/06/28,1函館6,晴,9.0,臥牛山特別(1勝クラス),10,2.0,2,11.0,5.0,8,小沢大仁,53.0,芝,1800.0,良,108.0,1.1,2-2-2-2,36.3,486.0,-2.0,カムアップローゼス,
2023106226,ナムラヒナギク,2026/06/14,1函館2,晴,9.0,八雲特別(1勝クラス),10,6.0,6,9.7,4.0,3,小沢大仁,53.0,芝,1800.0,良,108.1,0.3,8-8-9-6,34.5,488.0,4.0,モンローウォーク,293.8
2023106226,ナムラヒナギク,2026/05/23,3京都9,曇,9.0,メルボルンT(1勝クラス),11,8.0,11,32.1,10.0,6,田口貫太,55.0,芝,1600.0,良,93.3,0.4,2-2,34.8,484.0,4.0,テイエムアイラン,
2023106226,ナムラヒナギク,2026/05/09,3京都5,晴,5.0,3歳1勝クラス,8,8.0,8,14.2,6.0,6,Ｍ．デム,55.0,芝,1600.0,良,94.0,0.6,7-7,34.0,480.0,-4.0,コルテオソレイユ,
2023106226,ナムラヒナギク,2026/02/21,1阪神1,晴,5.0,3歳未勝利,18,2.0,3,13.9,5.0,1,田口貫太,55.0,芝,1600.0,良,94.2,-0.1,4-5,34.4,484.0,0.0,(フレッチャアズーラ),590.0
2023106226,ナムラヒナギク,2026/02/07,2京都3,曇,5.0,3歳未勝利,14,7.0,12,13.1,9.0,3,田口貫太,55.0,芝,1600.0,良,95.3,0.1,5-4,35.6,484.0,0.0,サッポロイクコ,150.0
2023106226,ナムラヒナギク,2026/01/12,1京都5,晴,12.0,3歳未勝利,18,6.0,11,38.9,12.0,5,小沢大仁,55.0,芝,1400.0,良,82.6,0.4,14-14,35.2,484.0,-6.0,ケールハイム,59.0
2023106226,ナムラヒナギク,2025/12/28,5阪神8,晴,2.0,2歳未勝利,17,6.0,12,11.5,4.0,5,田口貫太,55.0,芝,1400.0,良,81.7,0.3,8-8,35.3,490.0,16.0,デアヴェローチェ,56.0
2023106226,ナムラヒナギク,2025/09/28,4阪神9,晴,2.0,2歳未勝利,14,7.0,11,5.6,2.0,6,田口貫太,55.0,芝,1400.0,良,82.3,0.6,10-9,35.3,474.0,0.0,ノアールビーナス,
2023106226,ナムラヒナギク,2025/09/14,4阪神4,曇,2.0,2歳未勝利,10,3.0,3,19.3,6.0,3,田口貫太,55.0,芝,1400.0,良,81.5,0.8,7-6,34.9,474.0,-4.0,ダイヤモンドノット,140.0
2023106226,ナムラヒナギク,2025/08/31,4中京4,晴,1.0,2歳未勝利,13,5.0,7,14.1,5.0,6,田口貫太,55.0,芝,1400.0,良,81.9,0.6,3-3,36.2,478.0,6.0,レディーゴール,
2023106226,ナムラヒナギク,2025/08/16,3中京7,晴,2.0,2歳新馬,10,1.0,1,11.9,5.0,4,田口貫太,55.0,芝,1200.0,良,69.6,0.8,1-1,35.2,472.0,0.0,シルバーナイツ,110.0
2020106694,ヴァイザーバルコ,2026/07/11,2福島5,曇,9.0,信夫山特別(2勝クラス),15,5.0,8,59.0,10.0,13.0,大野拓弥,58.0,芝,2600.0,良,159.5,2.1,13-13-11-12,37.1,464.0,-6.0,サトノソティラス,
2020106694,ヴァイザーバルコ,2026/04/19,1福島4,晴,10.0,奥の細道特別(2勝クラス),13,5.0,7,8.3,5.0,6.0,大野拓弥,58.0,芝,2600.0,良,158.2,0.6,3-3-4-4,36.1,470.0,-6.0,ドーバーブライト,
2020106694,ヴァイザーバルコ,2026/03/07,2中山3,晴,9.0,潮来特別(2勝クラス),13,7.0,10,55.2,10.0,6.0,丸田恭介,55.0,芝,2500.0,稍,154.9,1.0,12-9-2-3,38.4,476.0,10.0,カエルム,
2020106694,ヴァイザーバルコ,2026/02/21,1小倉9,晴,10.0,皿倉山特別(2勝クラス),16,1.0,2,30.7,10.0,12.0,角田大和,58.0,芝,2600.0,良,160.2,1.1,7-7-11-12,36.2,466.0,0.0,エコロレイズ,
2020106694,ヴァイザーバルコ,2026/01/24,1小倉1,晴,10.0,海の中道特別(2勝クラス),9,7.0,7,10.9,5.0,7.0,古川吉洋,58.0,芝,2600.0,良,159.1,2.0,7-7-5-6,35.6,466.0,-10.0,キングスコール,
2020106694,ヴァイザーバルコ,2025/12/07,5中山2,晴,7.0,3歳以上2勝クラス,11,2.0,2,15.0,6.0,8.0,丸田恭介,58.0,芝,2500.0,良,152.2,1.7,9-9-6-8,35.3,476.0,8.0,ミクニインスパイア,
2020106694,ヴァイザーバルコ,2025/11/16,3福島4,晴,10.0,三陸特別(2勝クラス),16,7.0,13,12.7,7.0,4.0,武藤雅,58.0,芝,2600.0,良,161.8,0.4,13-14-10-6,34.8,468.0,-6.0,ローザサンリヴァル,230.0
2020106694,ヴァイザーバルコ,2025/08/17,1札幌8,曇,12.0,阿寒湖特別(2勝クラス),14,5.0,8,33.4,9.0,2.0,古川吉洋,58.0,芝,2600.0,稍,163.7,0.5,11-11-9-3,36.3,474.0,2.0,レクスノヴァス,628.8
2020106694,ヴァイザーバルコ,2025/07/26,1札幌1,小雨,10.0,ライラック賞(2勝クラス),13,6.0,8,6.8,4.0,5.0,古川吉洋,58.0,芝,2600.0,良,160.6,0.7,12-12-11-6,35.7,472.0,0.0,スピードリッチ,155.0
2020106694,ヴァイザーバルコ,2025/06/01,2東京12,晴,8.0,青嵐賞(2勝クラス),16,1.0,2,62.0,11.0,10.0,松岡正海,58.0,芝,2400.0,稍,144.8,1.0,14-14-15-15,34.7,472.0,2.0,デュアルウィルダー,
2020106694,ヴァイザーバルコ,2025/04/27,1福島6,晴,9.0,燧ヶ岳特別(1勝クラス),11,8.0,11,6.0,4.0,1.0,丸田恭介,58.0,芝,2600.0,良,158.6,0.0,10-9-5-4,35.2,470.0,8.0,(テイクザクラウン),1139.4
2020106694,ヴァイザーバルコ,2025/04/12,1福島1,曇,8.0,4歳以上1勝クラス,16,2.0,3,2.7,1.0,9.0,武藤雅,58.0,芝,2600.0,良,160.9,1.3,11-12-6-8,36.6,462.0,-6.0,カエルム,
2020106694,ヴァイザーバルコ,2025/03/23,2中山8,晴,7.0,4歳以上1勝クラス,16,5.0,9,8.2,3.0,3.0,松岡正海,58.0,芝,2500.0,良,153.2,0.3,10-10-2-2,36.4,468.0,6.0,イクリール,200.0
2020106694,ヴァイザーバルコ,2025/03/01,1小倉11,曇,9.0,脊振山特別(1勝クラス),16,5.0,10,6.3,4.0,2.0,古川吉洋,58.0,芝,2600.0,良,161.5,0.2,12-12-2-2,36.3,462.0,-8.0,ローザサンリヴァル,452.2
2020106694,ヴァイザーバルコ,2025/02/16,1東京6,晴,6.0,4歳以上1勝クラス,16,7.0,14,68.1,11.0,5.0,武藤雅,58.0,芝,2400.0,良,147.5,0.5,13-13-11-14,33.8,470.0,0.0,イクリール,80.0
2020106694,ヴァイザーバルコ,2025/01/12,1中山4,曇,7.0,4歳以上1勝クラス,18,2.0,3,29.4,8.0,6.0,武藤雅,58.0,芝,2200.0,良,133.7,0.5,10-12-9-8,35.1,470.0,8.0,レッドテリオス,
2020106694,ヴァイザーバルコ,2024/12/21,5中山7,晴,9.0,ノエル賞(1勝クラス),18,3.0,5,78.0,10.0,7.0,武藤雅,58.0,芝,2200.0,良,133.0,1.3,17-17-17-15,34.6,462.0,-4.0,キャントウェイト,
2020106694,ヴァイザーバルコ,2024/11/16,3福島5,曇,12.0,3歳以上1勝クラス,16,1.0,2,33.7,11.0,10.0,大野拓弥,58.0,芝,2000.0,良,121.4,0.9,13-15-16-14,35.5,466.0,0.0,モズマーヴェリック,
2020106694,ヴァイザーバルコ,2024/09/13,大井,晴,5.0,C2三四五(C2四),14,5.0,7,3.4,1.0,1.0,矢野貴之,56.0,ダ,1400.0,良,89.0,0.0,7-5-4,38.6,466.0,6.0,(ヴァレンシアスノー),100.0
2020106694,ヴァイザーバルコ,2024/08/13,大井,晴,8.0,ジャマイカ・ジョー賞(C2),14,5.0,8,3.7,3.0,1.0,矢野貴之,56.0,ダ,1600.0,良,103.6,0.0,4-5-3-3,39.6,460.0,1.0,(キタサンユニゾン),100.0
2020106694,ヴァイザーバルコ,2024/07/29,大井,晴,8.0,マイアミ賞(C2),14,7.0,11,5.1,2.0,1.0,矢野貴之,56.0,ダ,1600.0,良,104.3,0.0,3-3-3-2,39.3,459.0,-6.0,(サンバフレイバー),100.0
2020106694,ヴァイザーバルコ,2024/07/12,大井,雨,10.0,わし座特別競走(C2),13,4.0,5,9.1,6.0,8.0,矢野貴之,56.0,ダ,1700.0,重,112.3,1.3,2-2-2-3,42.0,465.0,-1.0,マカーリオ,
2020106694,ヴァイザーバルコ,2024/06/26,大井,曇,7.0,ヘラクレス座特別競走(C2),14,1.0,1,4.6,3.0,5.0,吉原寛人,56.0,ダ,2000.0,稍,134.7,1.2,11-11-4-4,42.5,466.0,3.0,ハッピータイム,18.0
2020106694,ヴァイザーバルコ,2024/03/18,大井,晴,12.0,ニュートラックかみの(C2),16,8.0,16,17.1,6.0,12.0,和田譲治,56.0,ダ,1700.0,良,113.8,2.7,5-5-5-8,42.2,463.0,-1.0,ホウオウセレシオン,
2020106694,ヴァイザーバルコ,2024/02/26,大井,晴,12.0,梅花特別競走(C2),15,4.0,6,92.7,9.0,2.0,和田譲治,56.0,ダ,2000.0,重,134.7,0.1,2-2-2-2,41.7,464.0,3.0,エプルシャージュ,72.0
2020106694,ヴァイザーバルコ,2024/02/12,大井,晴,8.0,C2171819(C218),11,5.0,6,14.6,4.0,7.0,江里口裕,56.0,ダ,1600.0,稍,108.6,1.6,9-8-8-8,41.9,461.0,-8.0,ビッグアメリカン,
2020106694,ヴァイザーバルコ,2024/01/21,大井,晴,5.0,C21718,14,6.0,10,18.9,5.0,6.0,江里口裕,56.0,ダ,1600.0,不,108.3,1.0,9-9-8-7,42.3,469.0,-3.0,ラージフィールド,
2020106694,ヴァイザーバルコ,2023/12/28,大井,晴,1.0,3歳103万,8,7.0,7,1.2,1.0,1.0,江里口裕,56.0,ダ,1600.0,良,108.5,-0.6,2-2-1-1,41.5,472.0,-7.0,(ミテ),140.0
2020106694,ヴァイザーバルコ,2023/12/09,大井,晴,1.0,3歳60万円,15,5.0,9,18.0,4.0,3.0,江里口裕,56.0,ダ,1200.0,良,77.6,0.2,6-5,39.8,479.0,-1.0,アンティーゾ,35.0
2020106694,ヴァイザーバルコ,2023/12/05,大井,曇,1.0,3歳60万円,0,5.0,9,,,,江里口裕,56.0,ダ,1200.0,良,,,,,,,,
2020106694,ヴァイザーバルコ,2023/11/15,大井,曇,3.0,3歳67万円,12,5.0,6,27.8,6.0,3.0,江里口裕,56.0,ダ,1200.0,良,78.2,2.0,6-6,40.1,480.0,0.0,サイアンドコー,35.0
2022106624,リギーロ,2026/07/05,1函館8,曇,10.0,横津岳特別(2勝クラス),11,5.0,5,12.5,6.0,9,丹内祐次,56.0,芝,2600.0,良,160.9,0.8,9-10-3-5,35.7,480.0,-6.0,アルマデオロ,
2022106624,リギーロ,2026/04/05,3中山4,曇,9.0,安房特別(2勝クラス),8,5.0,5,11.2,4.0,7,佐々木大,58.0,芝,2500.0,稍,156.5,2.4,7-7-8-8,38.8,486.0,10.0,オストラヴァ,
2022106624,リギーロ,2025/12/28,5中山8,晴,9.0,グッドラックH(2勝クラス),14,8.0,13,27.2,6.0,10,佐々木大,55.0,芝,2500.0,良,154.7,1.1,12-12-3-4,37.0,476.0,0.0,コーチェラバレー,
2022106624,リギーロ,2025/10/18,3京都6,曇,10.0,清滝特別(2勝クラス),9,6.0,6,4.0,3.0,3,西村淳也,55.0,芝,2200.0,良,134.3,0.6,4-3-3-3,34.3,476.0,0.0,ジョイボーイ,393.4
2022106624,リギーロ,2025/09/15,4中山5,曇,11.0,朝日セントライト記念(GII),12,4.0,4,89.3,9.0,7,三浦皇成,57.0,芝,2200.0,良,131.5,0.7,11-11-11-11,34.7,476.0,4.0,ミュージアムマイル,
2022106624,リギーロ,2025/07/05,1函館7,晴,7.0,3歳以上1勝クラス,12,8.0,12,1.8,1.0,1,佐々木大,55.0,芝,2600.0,稍,163.1,-0.3,8-8-6-4,36.6,472.0,-2.0,(カーミングライツ),800.0
2022106624,リギーロ,2025/06/15,1函館2,晴,4.0,3歳未勝利,10,8.0,9,7.6,4.0,1,佐々木大,57.0,芝,2600.0,良,157.3,-0.9,9-8-2-1,35.3,474.0,2.0,(アスクデッドヒート),560.0
2022106624,リギーロ,2025/05/25,1新潟8,小雨,6.0,3歳未勝利,16,2.0,3,10.7,5.0,3,小沢大仁,57.0,芝,2200.0,稍,139.6,0.6,10-9-5-2,37.8,472.0,2.0,トラストモアリズム,140.0
2022106624,リギーロ,2025/04/27,1福島6,晴,5.0,3歳未勝利,13,6.0,10,10.1,4.0,4,荻野極,57.0,芝,2000.0,良,120.1,0.3,10-9-2-1,36.0,470.0,4.0,ウインポセイドン,84.0
2022106624,リギーロ,2025/02/22,1東京7,曇,5.0,3歳未勝利,18,8.0,18,8.1,3.0,11,鮫島克駿,57.0,芝,2400.0,良,149.9,1.4,8-6-4-4,36.0,466.0,4.0,ダノンピクチャー,
2022106624,リギーロ,2024/12/28,5中山9,晴,4.0,2歳未勝利,16,3.0,5,3.2,1.0,12,三浦皇成,56.0,芝,1800.0,良,109.8,0.8,9-8-8-6,36.3,462.0,0.0,ルージュミレネール,
2022106624,リギーロ,2024/12/07,5中山3,晴,3.0,2歳未勝利,15,5.0,9,3.6,2.0,2,荻野極,56.0,芝,2000.0,良,121.4,0.1,3-2-2-2,36.1,462.0,0.0,ガンバルマン,220.0
2022106624,リギーロ,2024/10/14,4東京4,晴,5.0,2歳新馬,11,2.0,2,27.4,8.0,3,鮫島克駿,56.0,芝,1800.0,良,108.7,1.0,9-8-8,34.0,462.0,0.0,デンクマール,180.0
2021105285,ライフセービング,2026/07/05,1函館8,曇,10.0,横津岳特別(2勝クラス),11,8.0,10,38.0,9.0,7,古川吉洋,55.0,芝,2600.0,良,160.8,0.7,9-9-10-10,35.0,462.0,-6.0,アルマデオロ,
2021105285,ライフセービング,2026/03/21,1阪神9,晴,9.0,淡路特別(2勝クラス),8,4.0,4,68.8,8.0,5,古川吉洋,58.0,芝,2600.0,良,159.8,0.2,6-6-6-7,34.0,468.0,2.0,ウインデイジー,158.0
2021105285,ライフセービング,2026/03/07,1阪神5,曇,9.0,千里山特別(2勝クラス),9,7.0,7,20.7,6.0,7,古川吉洋,55.0,芝,2000.0,良,122.6,1.6,7-7-8-6,35.0,466.0,-4.0,クルミナーレ,
2021105285,ライフセービング,2026/01/12,1京都5,晴,9.0,琵琶湖特別(2勝クラス),12,6.0,7,27.8,8.0,9,岩田康誠,58.0,芝,2400.0,良,146.1,1.4,11-11-11-9,35.6,470.0,10.0,アロンディ,
2021105285,ライフセービング,2025/12/20,5阪神5,晴,10.0,境港特別(2勝クラス),8,2.0,2,21.6,4.0,4,岩田康誠,58.0,芝,2400.0,良,147.4,0.7,5-5-5-5,33.2,460.0,6.0,シュバルツマサムネ,230.0
2021105285,ライフセービング,2025/10/18,3京都6,曇,10.0,清滝特別(2勝クラス),9,7.0,7,22.4,5.0,7,岩田康誠,58.0,芝,2200.0,良,135.1,1.4,8-8-8-8,33.7,454.0,4.0,ジョイボーイ,
2021105285,ライフセービング,2025/09/28,4阪神9,曇,9.0,兵庫特別(2勝クラス),12,5.0,6,13.8,5.0,7,田口貫太,56.0,芝,2400.0,良,147.1,1.3,8-8-9-8,34.2,450.0,-4.0,ダノンシーマ,
2021105285,ライフセービング,2025/08/17,1札幌8,曇,12.0,阿寒湖特別(2勝クラス),14,8.0,14,11.3,5.0,5,鮫島克駿,58.0,芝,2600.0,稍,164.3,1.1,13-13-11-10,36.3,454.0,-4.0,レクスノヴァス,155.0
2021105285,ライフセービング,2025/07/26,1札幌1,小雨,10.0,ライラック賞(2勝クラス),13,6.0,9,13.2,7.0,4,鮫島克駿,58.0,芝,2600.0,良,160.5,0.6,11-11-11-10,35.6,458.0,6.0,スピードリッチ,230.0
2021105285,ライフセービング,2025/05/10,2京都5,曇,10.0,鴨川特別(2勝クラス),8,4.0,4,4.4,2.0,3,田口貫太,58.0,芝,2000.0,稍,121.7,0.6,7-7-7-7,34.6,452.0,-4.0,ダノンフロイデ,392.7
2021105285,ライフセービング,2025/04/20,2阪神8,曇,9.0,蓬莱峡特別(2勝クラス),8,6.0,6,34.9,8.0,2,田口貫太,58.0,芝,2000.0,良,120.0,0.1,7-7-6-7,34.4,456.0,-2.0,ヴェルテンベルク,625.4
2021105285,ライフセービング,2025/03/29,2中京5,晴,10.0,熊野特別(2勝クラス),9,4.0,4,4.7,4.0,6,鮫島克駿,57.0,芝,2200.0,稍,134.9,1.5,9-9-9-9,37.8,458.0,-2.0,モズマーヴェリック,
2021105285,ライフセービング,2025/03/15,2中京1,小雨,10.0,恋路ケ浜特別(2勝クラス),13,8.0,13,29.1,9.0,9,鮫島克駿,58.0,芝,2000.0,良,121.7,0.8,10-12-12-11,34.9,460.0,-2.0,ヴィレム,
2021105285,ライフセービング,2025/02/16,1京都6,曇,9.0,春日特別(2勝クラス),9,8.0,8,42.6,7.0,3,西村淳也,57.0,芝,2000.0,稍,123.1,0.5,8-8-9-7,35.1,462.0,4.0,バッデレイト,393.5
2021105285,ライフセービング,2025/01/26,1中京9,晴,9.0,茶臼山高原特別(2勝クラス),9,6.0,6,24.5,5.0,4,西村淳也,55.0,芝,2000.0,良,121.9,0.6,8-7-8-7,35.1,458.0,8.0,ランスオブクイーン,230.0
2021105285,ライフセービング,2024/12/15,4中京6,晴,10.0,一宮特別(2勝クラス),10,7.0,7,7.5,4.0,4,西村淳也,56.0,芝,2200.0,良,134.3,0.7,5-4-2-2,36.0,450.0,10.0,ブロッケンボウ,230.0
2021105285,ライフセービング,2024/09/15,3中京4,曇,9.0,茶臼山高原特別(2勝クラス),10,5.0,5,30.8,5.0,6,鮫島克駿,54.0,芝,2200.0,稍,134.1,1.7,3-3-3-3,36.1,440.0,-10.0,アドマイヤテラ,
2021105285,ライフセービング,2024/08/17,2札幌3,曇,11.0,札幌日刊スポーツ杯(2勝クラス),14,4.0,5,21.1,8.0,7,古川吉洋,54.0,芝,2600.0,良,161.6,1.1,14-14-13-12,36.0,450.0,-2.0,フェミナフォルテ,
2021105285,ライフセービング,2024/07/27,1札幌3,曇,9.0,積丹特別(1勝クラス),9,8.0,9,4.3,2.0,1,鮫島克駿,55.0,芝,2600.0,良,162.3,-0.1,9-9-6-5,34.9,452.0,-2.0,(ミスガリレオアスク),1130.3
2021105285,ライフセービング,2024/05/04,3京都5,晴,11.0,京都新聞杯(GII),15,6.0,11,235.6,15.0,9,田口貫太,57.0,芝,2200.0,良,132.3,1.1,12-13-13-14,34.1,454.0,-6.0,ジューンテイク,
2021105285,ライフセービング,2024/04/14,2阪神8,晴,4.0,3歳未勝利,15,7.0,13,9.8,4.0,1,吉村誠之,54.0,芝,2200.0,良,133.1,-0.2,10-10-12-11,34.8,460.0,4.0,(クルミナーレ),550.0
2021105285,ライフセービング,2024/03/23,2阪神1,雨,6.0,3歳未勝利,12,1.0,1,11.4,4.0,3,藤岡康太,57.0,芝,2000.0,重,124.3,0.2,4-5-4-3,35.9,456.0,0.0,ステラクラウン,140.0
2021105285,ライフセービング,2024/03/09,1中京1,晴,3.0,3歳未勝利,12,4.0,4,4.6,3.0,5,藤岡康太,57.0,芝,2000.0,良,123.9,0.6,9-9-8-8,35.2,456.0,8.0,スノーディーヴァ,55.0
2021105285,ライフセービング,2024/02/18,2小倉4,晴,5.0,3歳未勝利,17,8.0,17,8.5,4.0,4,秋山稔樹,56.0,芝,2000.0,良,121.0,0.3,10-11-7-3,36.5,448.0,-4.0,ラブカ,83.0
2021105285,ライフセービング,2023/12/28,5阪神9,晴,3.0,2歳未勝利,14,8.0,14,13.2,4.0,8,藤岡康太,56.0,芝,1800.0,良,109.0,1.0,5-5,35.3,452.0,8.0,ジンセイ,
2021105285,ライフセービング,2023/12/09,5阪神3,晴,7.0,2歳未勝利,10,4.0,4,14.6,6.0,4,藤岡康太,56.0,芝,2000.0,良,120.8,0.4,7-7-5-3,35.7,444.0,-2.0,ヴィレム,83.0
2021105285,ライフセービング,2023/10/22,4新潟4,曇,1.0,2歳未勝利,9,1.0,1,5.1,3.0,4,古川吉洋,56.0,芝,1800.0,重,110.3,0.5,3-2,35.3,446.0,6.0,カエルム,83.0
2021105285,ライフセービング,2023/09/16,4阪神3,晴,3.0,2歳未勝利,9,4.0,4,14.4,4.0,3,古川吉洋,55.0,芝,1800.0,良,108.7,0.4,6-6,33.6,440.0,-4.0,ナムラフッカー,140.0
2021105285,ライフセービング,2023/08/26,2札幌5,晴,2.0,2歳未勝利,5,2.0,2,2.4,2.0,4,モレイラ,55.0,芝,1800.0,良,113.6,0.2,5-5-5-5,34.6,444.0,0.0,ヴィクトリアドール,83.0
2021105285,ライフセービング,2023/08/12,2札幌1,晴,1.0,2歳未勝利,9,8.0,8,4.0,2.0,2,古川吉洋,55.0,芝,1800.0,良,110.6,0.0,7-8-6-4,36.0,444.0,0.0,フユソウビ,220.0
2021105285,ライフセービング,2023/07/15,2函館5,雨,1.0,2歳未勝利,9,6.0,6,2.1,1.0,3,古川吉洋,55.0,芝,1800.0,重,114.5,0.2,7-7-7-6,37.2,444.0,0.0,ゴードンテソーロ,140.0
2021105285,ライフセービング,2023/07/02,2函館2,曇,5.0,2歳新馬,5,3.0,3,14.8,5.0,2,古川吉洋,55.0,芝,1800.0,良,113.4,0.0,3-3-5-3,35.0,444.0,0.0,ワンブランチ,290.0
2021105475,レイデラルース,2026/05/02,2東京3,晴,8.0,4歳以上2勝クラス,10,8.0,9,84.5,9.0,7,北村宏司,58.0,芝,2400.0,良,144.6,1.7,4-4-3-3,35.8,480.0,2.0,リトルジャイアンツ,
2021105475,レイデラルース,2026/04/05,3中山4,曇,9.0,安房特別(2勝クラス),8,2.0,2,27.6,8.0,4,杉原誠人,58.0,芝,2500.0,稍,155.5,1.4,5-5-7-6,37.9,478.0,0.0,オストラヴァ,240.0
2021105475,レイデラルース,2026/01/18,1中山7,晴,7.0,4歳以上2勝クラス,16,4.0,7,84.5,7.0,9,北村宏司,58.0,芝,2200.0,良,135.6,1.1,11-11-2-2,35.0,478.0,-8.0,フィーリウス,
2021105475,レイデラルース,2024/12/01,5中山2,晴,8.0,3歳以上2勝クラス,11,8.0,11,9.2,4.0,3,津村明秀,56.0,芝,2500.0,良,150.8,0.6,3-3-3-3,36.2,486.0,0.0,ホウオウムサシ,290.0
2021105475,レイデラルース,2024/09/21,4中山6,曇,10.0,九十九里特別(2勝クラス),11,1.0,1,4.6,3.0,4,津村明秀,55.0,芝,2500.0,良,151.0,0.4,5-5-4-4,35.0,486.0,-10.0,アドマイヤサジー,230.0
2021105475,レイデラルース,2024/07/28,1札幌4,曇,9.0,阿寒湖特別(2勝クラス),12,3.0,3,7.6,3.0,7,横山武史,55.0,芝,2600.0,稍,161.9,1.0,4-4-4-3,37.1,496.0,10.0,アスターブジエ,
2021105475,レイデラルース,2024/06/29,2福島1,晴,9.0,開成山特別(1勝クラス),8,7.0,7,3.8,3.0,1,津村明秀,54.0,芝,2600.0,良,158.7,-0.2,1-1-1-1,35.1,486.0,0.0,(ハイラント),1127.5
2021105475,レイデラルース,2024/04/20,2東京1,晴,9.0,新緑賞(1勝クラス),11,7.0,8,28.0,9.0,6,津村明秀,57.0,芝,2300.0,良,139.4,0.6,8-8-2-2,36.2,486.0,-6.0,リアレスト,
2021105475,レイデラルース,2024/03/30,3中山3,晴,9.0,山吹賞(1勝クラス),14,3.0,3,23.6,9.0,9,北村宏司,57.0,芝,2200.0,稍,135.6,0.5,3-5-6-6,35.4,492.0,6.0,ダイシンアポロン,
2021105475,レイデラルース,2024/01/14,1中山5,晴,11.0,京成杯(GIII),14,2.0,3,47.0,9.0,11,石橋脩,57.0,芝,2000.0,良,121.9,1.4,12-13-13-13,34.8,486.0,-2.0,ダノンデサイル,
2021105475,レイデラルース,2023/12/02,5中山1,晴,9.0,葉牡丹賞(1勝クラス),9,7.0,7,20.0,4.0,3,北村宏司,56.0,芝,2000.0,良,120.8,0.4,2-2-2-2,34.7,488.0,10.0,トロヴァトーレ,273.1
2021105475,レイデラルース,2023/09/17,4中山4,曇,2.0,2歳未勝利,10,1.0,1,2.1,1.0,1,北村宏司,55.0,芝,2000.0,良,121.6,-0.1,4-4-3-3,36.5,478.0,2.0,(エコロレイズ),550.0
2021105475,レイデラルース,2023/08/20,3新潟4,晴,2.0,2歳未勝利,9,8.0,8,17.2,5.0,3,北村宏司,55.0,芝,1800.0,良,107.5,0.3,2-1,35.8,476.0,4.0,マイネルブリックス,140.0
2021105475,レイデラルース,2023/07/02,2福島2,晴,5.0,2歳新馬,16,8.0,16,3.6,1.0,12,Ｍ．デム,55.0,芝,1800.0,良,114.0,2.4,9-9-7-7,37.5,472.0,0.0,トレミニョン,
2022105485,ボンドロア,2026/06/28,2小倉2,晴,9.0,帆柱山特別(2勝クラス),8,4.0,4,8.1,5.0,8,角田大和,58.0,芝,2600.0,良,164.3,1.0,2-2-2-2,35.3,462.0,-4.0,ナリタエスペランサ,
2022105485,ボンドロア,2026/02/21,1小倉9,晴,10.0,皿倉山特別(2勝クラス),16,4.0,8,7.7,3.0,10,太宰啓介,57.0,芝,2600.0,良,160.0,0.9,1-1-1-1,36.8,466.0,0.0,エコロレイズ,
2022105485,ボンドロア,2026/01/31,2京都1,晴,10.0,許波多特別(2勝クラス),8,6.0,6,2.9,1.0,4,太宰啓介,56.0,芝,2400.0,良,146.3,0.2,2-2-2-2,34.6,466.0,2.0,ヴァリージア,240.0
2022105485,ボンドロア,2026/01/12,1京都5,晴,9.0,琵琶湖特別(2勝クラス),12,3.0,3,30.2,9.0,2,太宰啓介,57.0,芝,2400.0,良,144.8,0.1,4-4-3-3,34.9,464.0,-6.0,アロンディ,637.6
2022105485,ボンドロア,2025/12/28,5中山8,晴,9.0,グッドラックH(2勝クラス),14,1.0,1,11.8,5.0,13,横山典弘,54.0,芝,2500.0,良,157.4,3.8,1-1-1-2,39.9,470.0,6.0,コーチェラバレー,
2022105485,ボンドロア,2025/09/21,4阪神7,曇,11.0,神戸新聞杯(GII),10,7.0,7,37.7,8.0,10,横山典弘,57.0,芝,2400.0,良,148.0,1.6,1-1-1-1,34.7,464.0,-12.0,エリキング,
2022105485,ボンドロア,2025/08/31,2札幌4,曇,9.0,北辰特別(1勝クラス),14,1.0,1,16.5,7.0,1,横山典弘,55.0,芝,2600.0,稍,162.8,-0.5,4-4-4-3,36.4,476.0,6.0,(マテンロウゴールド),1147.1
2022105485,ボンドロア,2025/08/03,1札幌4,晴,12.0,積丹特別(1勝クラス),7,8.0,8,4.0,3.0,4,横山典弘,55.0,芝,2600.0,良,165.3,0.8,1-1-1-1,35.7,470.0,0.0,アルマデオロ,170.0
2022105485,ボンドロア,2025/06/22,3阪神6,晴,4.0,3歳未勝利,15,2.0,2,5.7,3.0,1,横山典弘,57.0,芝,2400.0,良,145.9,-0.3,1-1-1-1,35.0,470.0,2.0,(ホウオウレイヴン),560.0
2022105485,ボンドロア,2025/05/25,2京都10,曇,5.0,3歳未勝利,14,7.0,12,9.8,4.0,4,横山典弘,57.0,芝,2200.0,重,136.5,1.0,3-3-4-4,36.7,468.0,-2.0,レーヌマロン,84.0
2022105485,ボンドロア,2025/05/11,2京都6,曇,5.0,3歳未勝利,12,5.0,6,14.0,6.0,3,横山典弘,57.0,芝,2200.0,良,135.8,0.1,1-1-1-1,34.7,470.0,4.0,サンライズバブル,140.0
2022105485,ボンドロア,2025/04/20,2阪神8,曇,5.0,3歳未勝利,18,8.0,17,34.3,8.0,8,横山典弘,57.0,芝,1800.0,良,107.3,1.1,9-8,35.3,466.0,4.0,アスクヴォルテージ,
2022105485,ボンドロア,2025/02/01,1京都1,曇,6.0,3歳未勝利,10,8.0,9,88.3,7.0,5,太宰啓介,57.0,芝,1800.0,良,108.6,1.5,8-7,35.0,462.0,0.0,フェアリーライク,56.0
2022105839,アスクデッドヒート,2026/07/05,1函館8,曇,10.0,横津岳特別(2勝クラス),11,6.0,7,7.7,3.0,2,古川奈穂,55.0,芝,2600.0,良,160.3,0.2,8-7-5-5,34.9,480.0,6.0,アルマデオロ,636.6
2022105839,アスクデッドヒート,2026/05/31,2東京12,晴,8.0,青嵐賞(2勝クラス),14,1.0,1,25.0,5.0,5,古川奈穂,58.0,芝,2400.0,良,144.4,0.3,5-4-6-6,33.6,474.0,-6.0,サトノパトリオット,158.0
2022105839,アスクデッドヒート,2026/05/17,3京都8,晴,9.0,白川特別(2勝クラス),10,6.0,6,7.7,3.0,5,古川奈穂,58.0,芝,2400.0,良,142.6,0.4,7-7-7-9,34.2,480.0,6.0,ベイラム,158.0
2022105839,アスクデッドヒート,2026/04/26,1福島6,晴,6.0,4歳以上1勝クラス,13,7.0,10,3.4,2.0,1,古川奈穂,56.0,芝,2600.0,良,157.9,-0.4,6-5-3-2,35.0,474.0,4.0,(キングズトゥルー),820.0
2022105839,アスクデッドヒート,2026/02/28,1小倉11,晴,9.0,脊振山特別(1勝クラス),16,8.0,16,3.6,1.0,2,富田暁,57.0,芝,2600.0,稍,162.4,1.0,8-8-7-8,36.9,470.0,0.0,バースライト,470.2
2022105839,アスクデッドヒート,2026/02/15,1小倉8,晴,7.0,4歳以上1勝クラス,14,4.0,5,5.6,3.0,2,古川奈穂,54.0,芝,2600.0,稍,162.4,0.1,7-7-8-7,34.9,470.0,4.0,リアルファインド,330.0
2022105839,アスクデッドヒート,2026/01/24,1小倉1,晴,7.0,4歳以上1勝クラス,15,4.0,7,10.6,4.0,2,古川奈穂,54.0,芝,2600.0,良,158.1,0.1,3-3-3-2,34.9,466.0,-8.0,スズカミエール,330.0
2022105839,アスクデッドヒート,2025/12/20,5中京5,小雨,8.0,ヤングJSFR中京1(1勝クラス),16,6.0,12,20.8,8.0,4,石田拓郎,57.0,芝,2000.0,稍,120.6,0.5,10-10-10-9,35.1,474.0,2.0,モアリジット,170.0
2022105839,アスクデッドヒート,2025/12/06,5中京1,晴,8.0,3歳以上1勝クラス,18,3.0,5,42.9,12.0,12,古川奈穂,54.0,芝,2000.0,良,119.9,0.9,14-15-15-12,34.0,472.0,8.0,アオイタケル,
2022105839,アスクデッドヒート,2025/08/31,2札幌4,曇,9.0,北辰特別(1勝クラス),14,3.0,4,17.1,8.0,7,古川奈穂,55.0,芝,2600.0,稍,164.1,1.3,10-11-9-12,37.2,464.0,-8.0,ボンドロア,
2022105839,アスクデッドヒート,2025/08/10,1札幌6,曇,6.0,3歳未勝利,14,3.0,4,4.4,2.0,1,古川奈穂,54.0,芝,2600.0,良,163.0,-0.4,5-9-7-4,36.4,472.0,8.0,(ヤマニンヒストリア),560.0
2022105839,アスクデッドヒート,2025/07/06,1函館8,曇,6.0,3歳未勝利,12,5.0,5,7.8,3.0,5,古川奈穂,54.0,芝,2000.0,稍,123.8,1.2,5-4-6-5,36.2,464.0,-18.0,ミクニインスパイア,56.0
2022105839,アスクデッドヒート,2025/06/28,1函館5,晴,4.0,3歳未勝利,13,7.0,10,4.9,2.0,8,古川奈穂,54.0,芝,2000.0,稍,122.2,1.8,3-3-3-3,37.8,482.0,6.0,アルマデオロ,
2022105839,アスクデッドヒート,2025/06/15,1函館2,晴,4.0,3歳未勝利,10,4.0,4,2.7,1.0,2,古川奈穂,54.0,芝,2600.0,良,158.2,0.9,2-2-3-2,36.0,476.0,8.0,リギーロ,220.0
2022105839,アスクデッドヒート,2025/03/22,1阪神7,晴,5.0,3歳未勝利,15,8.0,14,3.0,2.0,2,坂井瑠星,57.0,芝,2400.0,良,153.3,0.1,3-3-3-2,34.0,468.0,-8.0,ダノンカゼルタ,220.0
2022105839,アスクデッドヒート,2025/03/08,1阪神3,曇,6.0,3歳未勝利,10,6.0,6,5.2,4.0,2,坂井瑠星,57.0,芝,2400.0,良,146.9,0.5,3-3-3-4,34.6,476.0,0.0,ジーティーダーリン,220.0
2022105839,アスクデッドヒート,2025/02/16,1京都6,曇,5.0,3歳未勝利,14,4.0,6,19.2,4.0,4,北村友一,57.0,芝,2000.0,稍,124.6,0.2,12-12-11-10,35.6,476.0,-12.0,オデット,84.0
2022105839,アスクデッドヒート,2025/02/01,1京都1,晴,4.0,3歳未勝利,9,4.0,4,22.7,5.0,5,北村友一,57.0,ダ,1900.0,良,122.5,1.1,4-4-4-5,38.5,488.0,0.0,テルアスワッド,56.0
2022105839,アスクデッドヒート,2025/01/05,1中京1,晴,3.0,3歳未勝利,16,7.0,14,52.1,9.0,8,古川奈穂,54.0,ダ,1900.0,良,123.3,1.1,10-8-6-6,39.6,488.0,-6.0,ハグ,
2022105839,アスクデッドヒート,2024/12/14,5中山5,晴,6.0,2歳新馬,15,4.0,6,4.7,2.0,6,ムーア,56.0,ダ,1800.0,良,118.3,1.3,5-5-9-8,39.9,494.0,0.0,ワンカードフェロー,
2020103208,ジュンツバメガエシ,2026/07/05,1函館8,曇,10.0,横津岳特別(2勝クラス),11,6.0,6,17.3,7.0,5,岩田康誠,57.0,芝,2600.0,良,160.4,0.3,7-7-8-5,34.8,514.0,2.0,アルマデオロ,158.0
2020103208,ジュンツバメガエシ,2025/11/24,5東京6,晴,9.0,南武特別(2勝クラス),12,4.0,4,4.3,2.0,3,Ｃ．デム,58.0,芝,2400.0,良,143.6,0.3,7-6-6-5,34.6,512.0,6.0,バレンタインガール,393.7
2020103208,ジュンツバメガエシ,2025/11/01,4東京10,曇,9.0,本栖湖特別(2勝クラス),8,4.0,4,7.0,3.0,2,戸崎圭太,57.0,芝,2400.0,良,145.2,0.4,2-2-2-2,34.1,506.0,-12.0,トリプルコーク,625.0
2020103208,ジュンツバメガエシ,2025/08/31,4中京4,晴,9.0,美濃特別(2勝クラス),8,5.0,5,5.0,3.0,2,岩田望来,58.0,芝,2200.0,良,133.4,0.2,4-5-4-4,33.1,518.0,-2.0,ファミリータイム,625.0
2020103208,ジュンツバメガエシ,2025/07/27,3中京2,晴,6.0,木曽川特別(2勝クラス),10,5.0,5,10.5,4.0,4,バデル,57.0,芝,2000.0,良,120.0,0.5,5-5-5-5,34.2,520.0,8.0,ヤングスカーレット,230.0
2020103208,ジュンツバメガエシ,2025/06/01,2東京12,晴,8.0,青嵐賞(2勝クラス),16,7.0,14,14.5,5.0,7,川田将雅,58.0,芝,2400.0,稍,144.6,0.8,5-5-3-3,35.5,512.0,4.0,デュアルウィルダー,
2020103208,ジュンツバメガエシ,2025/05/03,2東京3,晴,8.0,4歳以上2勝クラス,7,6.0,6,2.6,2.0,2,川田将雅,58.0,芝,2400.0,良,148.4,0.1,3-3-3-3,32.9,508.0,-2.0,カフェグランデ,460.0
2020103208,ジュンツバメガエシ,2025/01/11,1中京3,晴,9.0,渥美特別(2勝クラス),13,6.0,8,3.6,2.0,11,岩田望来,58.0,芝,2000.0,良,123.6,1.9,3-2-3-2,36.9,510.0,-4.0,パワーホール,
2020103208,ジュンツバメガエシ,2024/12/28,7京都9,晴,10.0,フォーチュンC(2勝クラス),16,1.0,1,4.7,3.0,2,岩田望来,57.0,芝,2000.0,良,120.7,0.0,7-7-8-6,34.8,514.0,10.0,ワレハウミノコ,630.0
2020103208,ジュンツバメガエシ,2024/12/15,4中京6,晴,10.0,一宮特別(2勝クラス),10,3.0,3,2.0,1.0,2,鮫島克駿,58.0,芝,2200.0,良,133.9,0.3,2-2-2-2,35.7,504.0,-2.0,ブロッケンボウ,626.2
2020103208,ジュンツバメガエシ,2024/09/29,3中京9,曇,9.0,常滑特別(2勝クラス),9,1.0,1,3.8,2.0,4,岩田望来,58.0,芝,2000.0,稍,122.7,0.2,3-4-3-3,35.1,506.0,-10.0,ショーモン,230.0
2020103208,ジュンツバメガエシ,2024/08/31,3新潟7,曇,10.0,赤倉特別(2勝クラス),12,6.0,7,2.1,1.0,4,戸崎圭太,58.0,芝,2000.0,稍,121.0,0.1,5-5,35.0,516.0,14.0,コスモシャングリラ,230.0
2020103208,ジュンツバメガエシ,2024/05/19,2東京10,曇,7.0,4歳以上1勝クラス,9,1.0,1,1.9,1.0,1,川田将雅,58.0,芝,2400.0,良,145.8,-0.1,5-4-5-3,34.4,502.0,-2.0,(グルーヴビート),800.0
2020103208,ジュンツバメガエシ,2024/04/27,3京都3,曇,6.0,4歳以上1勝クラス,10,1.0,1,1.8,1.0,2,川田将雅,58.0,芝,2200.0,良,133.5,0.2,6-5-6-7,35.1,504.0,0.0,ローレルキャニオン,320.0
2020103208,ジュンツバメガエシ,2024/04/13,1福島3,晴,8.0,4歳以上1勝クラス,15,7.0,13,2.5,1.0,5,石橋脩,58.0,芝,1800.0,良,108.2,0.2,3-5-5-6,35.9,504.0,4.0,タイラーテソーロ,80.0
2020103208,ジュンツバメガエシ,2023/03/05,1阪神8,晴,8.0,アルメリア賞(1勝クラス),7,3.0,3,2.5,2.0,2,坂井瑠星,56.0,芝,1800.0,良,106.3,0.1,3-3,35.0,500.0,8.0,ドットクルー,434.4
2020103208,ジュンツバメガエシ,2022/12/28,5中山9,晴,11.0,ホープフルS(GI),18,8.0,17,243.1,16.0,14,石川裕紀,55.0,芝,2000.0,良,122.6,1.1,10-10-7-8,35.5,492.0,-6.0,ドゥラエレーデ,
2020103208,ジュンツバメガエシ,2022/11/19,5阪神5,晴,4.0,2歳未勝利,13,2.0,2,3.0,1.0,1,Ｃ．デム,55.0,芝,2000.0,良,122.3,-0.1,7-4-3-4,34.8,498.0,-6.0,(セオ),520.0
2020103208,ジュンツバメガエシ,2022/08/21,2札幌4,晴,5.0,2歳新馬,6,5.0,5,4.2,2.0,2,横山武史,54.0,芝,2000.0,稍,126.4,0.1,2-2-2-1,37.7,504.0,0.0,インスタキング,280.0
2022103310,レイヤードレッド,2026/07/12,1函館10,雨,9.0,北海ハンデキャップ(2勝クラス),14,7.0,11,97.8,12.0,8,長浜鴻緒,55.0,芝,1800.0,重,109.6,0.7,10-13-11-8,35.4,490.0,0.0,マイネルフーガ,
2022103310,レイヤードレッド,2026/06/27,1函館5,晴,10.0,洞爺湖特別(2勝クラス),11,6.0,7,12.5,6.0,7,長浜鴻緒,58.0,芝,2000.0,稍,120.8,0.7,5-6-6-8,35.6,490.0,6.0,ヨヒーン,
2022103310,レイヤードレッド,2026/06/13,1函館1,晴,10.0,松前特別(2勝クラス),16,1.0,1,21.2,9.0,7,長浜鴻緒,58.0,芝,1800.0,稍,106.9,1.0,7-7-9-8,34.6,484.0,-2.0,カテリーナ,
2022103310,レイヤードレッド,2026/03/28,3中山1,晴,8.0,4歳以上2勝クラス,12,8.0,11,30.7,8.0,4,江田照男,58.0,芝,2000.0,稍,119.8,0.7,7-6-7-7,35.0,486.0,0.0,リーティアコナル,180.0
2022103310,レイヤードレッド,2026/03/01,2中山2,晴,9.0,富里特別(2勝クラス),10,3.0,3,44.1,10.0,4,江田照男,57.0,芝,2000.0,良,118.7,1.0,7-7-6-5,34.6,486.0,-8.0,ヤマニンアドホック,240.0
2022103310,レイヤードレッド,2026/01/24,1中山8,晴,9.0,東雲賞(2勝クラス),9,8.0,8,33.6,8.0,8,長浜鴻緒,57.0,芝,1800.0,良,107.2,0.8,4-3-3-3,34.2,494.0,6.0,ドゥカート,
2022103310,レイヤードレッド,2026/01/05,1中山2,晴,10.0,初日の出賞(2勝クラス),11,6.0,7,7.8,4.0,4,嶋田純次,57.0,芝,2000.0,良,121.9,0.3,2-2-2-2,34.8,488.0,-6.0,ダンツファイター,240.0
2022103310,レイヤードレッド,2025/12/14,5中京4,晴,10.0,一宮特別(2勝クラス),10,6.0,6,10.2,4.0,5,嶋田純次,56.0,芝,2200.0,稍,135.1,1.1,3-3-4-3,35.7,494.0,10.0,バルナバ,155.0
2022103310,レイヤードレッド,2025/10/26,3京都9,小雨,11.0,菊花賞(GI),18,8.0,17,265.1,18.0,15,嶋田純次,57.0,芝,3000.0,稍,186.3,2.3,11-14-16-16,36.9,484.0,8.0,エネルジコ,
2022103310,レイヤードレッド,2025/09/20,4中山6,曇,7.0,3歳以上1勝クラス,18,1.0,2,18.2,6.0,1,嶋田純次,55.0,芝,2000.0,良,120.5,0.0,4-3-3-3,34.7,476.0,2.0,(ティティナ),800.0
2022103310,レイヤードレッド,2025/09/06,4中山1,晴,9.0,古作特別(1勝クラス),11,8.0,10,12.8,5.0,7,嶋田純次,55.0,芝,1800.0,良,108.0,0.6,3-3-2-3,34.2,474.0,4.0,シャドウメテオ,
2022103310,レイヤードレッド,2025/06/29,2福島2,晴,4.0,3歳未勝利,15,1.0,1,4.3,3.0,1,嶋田純次,57.0,芝,2000.0,良,122.2,-0.2,3-3-3-4,35.0,470.0,-6.0,(ムーンストラック),560.0
2022103310,レイヤードレッド,2025/05/25,1新潟8,小雨,6.0,3歳未勝利,16,1.0,2,5.5,2.0,7,長浜鴻緒,55.0,芝,2200.0,稍,139.9,0.9,1-1-1-1,38.4,476.0,0.0,トラストモアリズム,
2022103310,レイヤードレッド,2025/05/04,1新潟2,晴,5.0,3歳未勝利,16,8.0,15,4.4,2.0,2,長浜鴻緒,55.0,芝,2000.0,稍,123.1,0.2,2-2-2-2,36.4,476.0,8.0,キャピタルリッチ,220.0
2022103310,レイヤードレッド,2025/04/13,1福島2,曇,5.0,3歳未勝利,16,1.0,1,4.8,2.0,5,嶋田純次,57.0,芝,1800.0,良,109.2,0.2,1-1-1-1,35.9,468.0,-8.0,マイネルフルムーン,56.0
2022103310,レイヤードレッド,2024/12/08,5中山4,晴,3.0,2歳未勝利,12,8.0,12,6.8,5.0,8,嶋田純次,56.0,芝,1800.0,良,109.3,0.9,10-9-8-9,34.9,476.0,4.0,ニシノエージェント,
2022103310,レイヤードレッド,2024/11/16,3福島5,晴,7.0,2歳未勝利,16,5.0,9,5.0,2.0,2,嶋田純次,56.0,芝,1800.0,良,110.2,0.2,2-2-2-1,36.3,472.0,4.0,エーオーキング,220.0
2022103310,レイヤードレッド,2024/10/27,4新潟8,晴,1.0,2歳未勝利,18,8.0,18,6.1,3.0,2,嶋田純次,56.0,芝,1800.0,良,108.3,0.7,8-7,35.4,468.0,16.0,エルムラント,220.0
2022103310,レイヤードレッド,2024/06/30,2福島2,曇,1.0,2歳未勝利,7,7.0,7,3.8,2.0,4,内田博幸,55.0,芝,1800.0,良,108.7,0.5,3-3-2-2,36.6,452.0,-20.0,ニシノタンギー,83.0
2022103310,レイヤードレッド,2024/06/08,3東京3,晴,5.0,2歳新馬,8,7.0,7,24.5,5.0,4,内田博幸,55.0,芝,1600.0,良,96.0,0.9,3-2,34.4,472.0,0.0,コートアリシアン,110.0
2022104692,バースライト,2026/07/05,1函館8,曇,10.0,横津岳特別(2勝クラス),11,8.0,11,7.4,2.0,3,浜中俊,56.0,芝,2600.0,良,160.4,0.3,1-1-2-2,35.4,516.0,10.0,アルマデオロ,403.3
2022104692,バースライト,2026/02/28,1小倉11,晴,9.0,脊振山特別(1勝クラス),16,6.0,12,9.0,6.0,1,吉田隼人,57.0,芝,2600.0,稍,161.4,-1.0,2-2-2-1,36.5,506.0,-2.0,(アスクデッドヒート),1175.7
2022104692,バースライト,2025/12/20,5中京5,小雨,8.0,ヤングJSFR中京1(1勝クラス),16,2.0,4,11.9,7.0,5,松本一心,57.0,芝,2000.0,稍,120.6,0.5,14-14-16-16,34.1,508.0,0.0,モアリジット,111.0
2022104692,バースライト,2025/10/26,4新潟4,雨,8.0,3歳以上1勝クラス,12,8.0,11,4.4,2.0,10,鮫島克駿,56.0,ダ,1800.0,稍,115.0,2.7,8-8-7-8,39.7,508.0,-6.0,テーオーマルコーニ,
2022104692,バースライト,2025/10/13,3京都5,曇,8.0,3歳以上1勝クラス,13,7.0,10,7.1,5.0,5,戸崎圭太,56.0,ダ,1900.0,良,120.8,1.0,2-2-3-3,39.3,514.0,8.0,ハッピーダンチャン,80.0
2022104692,バースライト,2025/06/28,2小倉1,晴,9.0,八代特別(1勝クラス),8,6.0,6,4.6,3.0,4,浜中俊,55.0,芝,2000.0,良,120.8,0.7,7-7-2-1,36.8,506.0,2.0,ハッピーアズラリー,170.0
2022104692,バースライト,2025/02/09,1東京4,晴,9.0,ゆりかもめ賞(1勝クラス),11,7.0,9,21.2,8.0,10,浜中俊,57.0,芝,2400.0,良,149.2,1.4,11-6-4-3,35.0,504.0,-2.0,ウィクトルウェルス,
2022104692,バースライト,2024/12/08,5中山4,晴,5.0,2歳新馬,16,2.0,4,1.9,1.0,1,浜中俊,56.0,芝,1800.0,良,109.4,-0.2,10-10-4-4,35.2,506.0,0.0,(セレニティ),720.0
2021110130,ドッビアーコ,2026/06/27,1函館5,晴,10.0,洞爺湖特別(2勝クラス),11,8.0,11,37.6,10.0,9,古川吉洋,58.0,芝,2000.0,稍,121.1,1.0,7-7-10-11,35.7,564.0,10.0,ヨヒーン,
2021110130,ドッビアーコ,2026/03/15,1阪神8,曇,8.0,4歳以上2勝クラス,11,2.0,2,32.1,8.0,11,鮫島克駿,58.0,ダ,1800.0,良,117.6,4.9,1-1-2-3,42.8,554.0,2.0,ケイアイメキラ,
2021110130,ドッビアーコ,2026/02/28,1小倉11,晴,10.0,早鞆特別(2勝クラス),16,6.0,11,33.2,12.0,12,亀田温心,54.0,ダ,1700.0,重,104.0,1.5,8-8-10-10,38.3,552.0,-2.0,ジューンエオス,
2021110130,ドッビアーコ,2025/12/28,5阪神8,晴,8.0,3歳以上2勝クラス,13,4.0,5,17.4,7.0,10,小沢大仁,58.0,ダ,1800.0,良,114.0,1.1,7-7-7-7,38.4,554.0,2.0,ゴールドダイアー,
2021110130,ドッビアーコ,2025/09/28,4中山9,晴,8.0,3歳以上2勝クラス,16,3.0,6,33.5,9.0,9,佐々木大,58.0,ダ,1800.0,良,114.5,1.6,12-11-12-12,38.3,552.0,-12.0,チュウワクリスエス,
2021110130,ドッビアーコ,2025/08/30,2札幌3,曇,10.0,千歳特別(2勝クラス),14,3.0,3,18.9,8.0,6,佐々木大,58.0,ダ,1700.0,重,104.8,1.9,4-4-4-6,39.1,564.0,2.0,ベンヌ,
2021110130,ドッビアーコ,2025/05/10,2京都5,曇,12.0,4歳以上2勝クラス,10,8.0,9,5.5,2.0,7,川田将雅,58.0,ダ,1800.0,重,112.5,1.7,4-3-4-3,37.7,562.0,0.0,リトルハピ,
2021110130,ドッビアーコ,2025/01/26,1小倉2,晴,12.0,4歳以上1勝クラス,11,6.0,7,5.9,3.0,1,佐々木大,57.0,ダ,1700.0,良,105.9,-0.2,1-1-3-2,36.7,562.0,24.0,(メイショウクモイ),800.0
2021110130,ドッビアーコ,2024/10/27,4新潟8,晴,12.0,3歳以上1勝クラス,10,7.0,7,2.7,1.0,7,斎藤新,56.0,ダ,1800.0,良,114.2,1.5,10-10-8-7,38.3,538.0,-10.0,シャパリュ,
2021110130,ドッビアーコ,2024/08/11,2札幌2,晴,12.0,3歳以上1勝クラス,12,2.0,2,3.1,1.0,3,鮫島克駿,55.0,ダ,1700.0,良,106.8,0.9,9-8-7-4,38.9,548.0,2.0,タイセイミッション,200.0
2021110130,ドッビアーコ,2024/07/27,1札幌3,曇,8.0,3歳以上1勝クラス,14,6.0,9,10.4,5.0,2,鮫島克駿,55.0,ダ,1700.0,良,106.2,0.1,7-7-6-5,37.4,546.0,12.0,オルゴーリオ,320.0
2021110130,ドッビアーコ,2024/04/28,3京都4,晴,5.0,3歳1勝クラス,12,3.0,3,10.5,3.0,5,鮫島克駿,57.0,ダ,1400.0,良,85.1,1.6,7-5,38.1,534.0,-4.0,テイエムリステット,78.0
2021110130,ドッビアーコ,2024/04/06,2阪神5,晴,2.0,3歳未勝利,16,3.0,5,4.5,2.0,1,ムルザバ,57.0,ダ,1400.0,稍,85.4,-0.3,5-4,37.7,538.0,8.0,(ウインアルドーレ),550.0
2021110130,ドッビアーコ,2024/01/14,1京都5,晴,2.0,3歳未勝利,13,4.0,4,4.2,2.0,6,松山弘平,57.0,ダ,1900.0,良,123.3,1.5,1-1-1-1,40.9,530.0,4.0,シーリュウシー,
2021110130,ドッビアーコ,2023/12/24,5阪神8,晴,1.0,2歳未勝利,16,7.0,13,3.1,1.0,3,西村淳也,56.0,ダ,1800.0,良,116.6,0.3,3-3-3-3,39.8,526.0,8.0,メイショウトム,140.0
2021110130,ドッビアーコ,2023/10/14,4東京4,曇,1.0,2歳未勝利,11,7.0,8,2.8,2.0,4,松山弘平,56.0,ダ,1600.0,良,99.4,0.2,3-3,39.3,518.0,0.0,ヘヴンリーハンド,83.0
2021110130,ドッビアーコ,2023/09/24,4阪神7,晴,4.0,2歳新馬,8,2.0,2,18.2,5.0,4,松山弘平,55.0,ダ,1800.0,良,117.4,0.9,7-6-7-7,38.4,518.0,0.0,ソニックスター,110.0
2023103500,ウェイクフィールド,2026/06/13,1函館1,晴,9.0,奥尻特別(1勝クラス),11,6.0,6,9.2,5.0,1,横山和生,55.0,芝,2000.0,稍,119.8,-0.1,1-1-1-1,35.6,486.0,0.0,(ドウアドバンテージ),1170.1
2023103500,ウェイクフィールド,2026/04/19,3中山8,晴,4.0,3歳未勝利,16,4.0,8,4.5,3.0,1,横山和生,57.0,芝,2000.0,良,120.4,-0.1,2-2-2-1,35.2,486.0,4.0,(アッシズオブローズ),590.0
2023103500,ウェイクフィールド,2026/01/24,1中山8,晴,5.0,3歳未勝利,18,3.0,5,11.4,3.0,6,佐々木大,57.0,芝,2200.0,良,132.5,0.5,4-4-4-3,36.2,482.0,-10.0,ミッキーファルコン,
2023103500,ウェイクフィールド,2025/12/06,5中京1,晴,5.0,2歳未勝利,14,4.0,6,16.2,5.0,8,小沢大仁,56.0,芝,2000.0,良,122.7,1.4,11-11-11-10,34.7,492.0,0.0,アクロフェイズ,
2023103500,ウェイクフィールド,2025/11/24,3福島6,晴,5.0,2歳新馬,16,4.0,8,5.4,4.0,8,高杉吏麒,56.0,芝,1800.0,良,111.5,0.9,7-7-7-7,34.7,492.0,0.0,ファンクション,
2021105689,エヴァンスウィート,2026/07/04,1函館7,晴,11.0,TVh杯(3勝クラス),16,6.0,11,17.0,8.0,7,吉田隼人,56.0,芝,1200.0,良,68.2,0.4,11-10,33.9,460.0,2.0,マーブルパレス,
2021105689,エヴァンスウィート,2026/06/21,1函館4,小雨,11.0,UHB杯(3勝クラス),15,2.0,3,8.0,4.0,4,吉田隼人,52.0,芝,1200.0,良,68.2,0.3,8-8,34.5,458.0,20.0,アスティスプマンテ,280.0
2021105689,エヴァンスウィート,2026/05/03,3京都4,曇,10.0,朱雀S(3勝クラス),18,7.0,14,55.9,12.0,14,武豊,56.0,芝,1200.0,良,68.3,1.5,16-18,33.5,438.0,-4.0,ルシード,
2021105689,エヴァンスウィート,2025/12/21,5阪神6,小雨,12.0,六甲アイランドS(3勝クラス),14,5.0,7,19.5,7.0,14,ルメール,56.0,芝,1400.0,重,82.5,0.9,7-7,35.0,442.0,-4.0,ディアナザール,
2021105689,エヴァンスウィート,2025/11/29,4京都7,晴,10.0,東山S(3勝クラス),12,5.0,6,8.8,6.0,10,鮫島克駿,53.0,芝,1400.0,良,82.9,0.6,1-1,34.3,446.0,-2.0,ヤブサメ,
2021105689,エヴァンスウィート,2025/08/03,1札幌4,晴,10.0,苫小牧特別(2勝クラス),13,7.0,11,3.9,1.0,1,鮫島克駿,56.0,芝,1200.0,良,68.4,0.0,8-8,34.1,448.0,-8.0,(ハートホイップ),1579.4
2021105689,エヴァンスウィート,2025/07/12,1函館9,晴,10.0,HTB杯(2勝クラス),11,3.0,3,8.6,5.0,2,鮫島克駿,56.0,芝,1200.0,良,67.7,0.5,8-7,34.1,456.0,-4.0,カルプスペルシュ,627.2
2021105689,エヴァンスウィート,2025/06/21,1函館3,曇,11.0,STV杯(2勝クラス),15,4.0,7,7.3,3.0,3,鮫島克駿,56.0,芝,1200.0,良,69.1,0.2,7-7,34.3,460.0,22.0,ゴールドサーベル,394.7
2021105689,エヴァンスウィート,2024/11/17,6京都6,曇,12.0,壬生特別(2勝クラス),12,5.0,6,32.5,10.0,12,戸崎圭太,55.0,芝,1600.0,良,95.1,2.0,5-7,35.5,438.0,-6.0,ワールズエンド,
2021105689,エヴァンスウィート,2024/10/27,4東京8,曇,6.0,3歳以上1勝クラス,18,5.0,10,7.9,5.0,1,Ｃ．デム,54.0,芝,1400.0,良,81.1,0.0,8-7,33.5,444.0,6.0,(クリーンエア),800.0
2021105689,エヴァンスウィート,2024/07/14,1函館12,晴,3.0,3歳未勝利,16,4.0,7,8.4,3.0,1,鮫島克駿,55.0,芝,1200.0,良,69.5,-0.2,4-5,35.5,438.0,16.0,(スプリングデイ),550.0
2021105689,エヴァンスウィート,2024/05/12,3京都8,曇,4.0,3歳未勝利,14,3.0,4,2.6,2.0,7,和田竜二,55.0,芝,1800.0,良,107.6,0.8,4-4,35.5,422.0,-2.0,タガノヘラクレス,
2021105689,エヴァンスウィート,2024/01/13,1京都4,曇,5.0,3歳未勝利,18,4.0,7,3.8,1.0,5,坂井瑠星,55.0,芝,1600.0,良,95.6,0.9,9-8,36.5,424.0,2.0,ソルトクィーン,55.0
2021105689,エヴァンスウィート,2023/10/08,2京都2,曇,2.0,2歳未勝利,12,5.0,6,5.7,3.0,4,坂井瑠星,55.0,芝,1600.0,良,95.1,0.3,4-5,36.1,422.0,-10.0,スウィープフィート,83.0
2021105689,エヴァンスウィート,2023/09/24,4阪神7,晴,2.0,2歳未勝利,9,8.0,10,2.0,1.0,2,坂井瑠星,55.0,芝,1600.0,良,95.3,0.6,8-6,33.9,432.0,4.0,ナムラエイハブ,220.0
2021105689,エヴァンスウィート,2023/07/22,3中京7,晴,5.0,2歳新馬,8,1.0,1,2.6,1.0,3,坂井瑠星,55.0,芝,1600.0,良,97.9,0.9,4-4-3,36.0,428.0,0.0,ルクスノア,180.0
2021105242,シカゴスティング,2026/07/04,1函館7,晴,11.0,TVh杯(3勝クラス),16,3.0,6,10.3,4.0,4,武豊,56.0,芝,1200.0,良,68.0,0.2,8-7,34.1,454.0,0.0,マーブルパレス,280.0
2021105242,シカゴスティング,2026/06/21,1函館4,小雨,11.0,UHB杯(3勝クラス),15,4.0,6,7.3,3.0,6,武豊,53.0,芝,1200.0,良,68.3,0.4,12-12,34.3,454.0,4.0,アスティスプマンテ,
2021105242,シカゴスティング,2026/03/21,1阪神9,晴,10.0,淀屋橋S(3勝クラス),16,7.0,13,15.9,9.0,7,菱田裕二,54.0,芝,1200.0,良,68.6,0.7,7-7,34.1,450.0,-4.0,ナムラローズマリー,
2021105242,シカゴスティング,2025/11/23,4京都6,晴,12.0,醍醐S(3勝クラス),16,5.0,10,36.1,11.0,5,西村淳也,56.0,芝,1200.0,良,68.3,0.3,9-8,33.0,454.0,-4.0,アンクルクロス,184.0
2021105242,シカゴスティング,2025/10/18,4新潟1,曇,11.0,北陸S(3勝クラス),18,7.0,15,17.8,6.0,10,荻野極,54.0,芝,1200.0,良,69.2,1.2,11-10,34.1,458.0,8.0,フリッカージャブ,
2021105242,シカゴスティング,2025/09/07,4中山2,晴,10.0,セプテンバーS(3勝クラス),12,5.0,7,14.5,4.0,4,石川裕紀,54.0,芝,1200.0,良,67.3,0.3,7-7,33.5,450.0,2.0,ルージュラナキラ,280.0
2021105242,シカゴスティング,2025/05/04,2京都4,晴,10.0,淀S(3勝クラス),13,3.0,3,6.5,3.0,6,川田将雅,56.0,芝,1200.0,良,68.7,0.5,2-3,34.2,448.0,2.0,ヤマニンアルリフラ,
2021105242,シカゴスティング,2025/02/01,1小倉3,雨,11.0,巌流島S(3勝クラス),18,2.0,3,6.5,4.0,7,菱田裕二,54.0,芝,1200.0,重,70.4,0.4,11-11,36.2,446.0,0.0,フィオライア,
2021105242,シカゴスティング,2024/12/28,7京都9,晴,12.0,カウントダウンS(3勝クラス),16,3.0,6,9.1,3.0,5,Ｍ．デム,55.0,芝,1200.0,良,68.8,0.3,6-7,34.1,446.0,18.0,ロードフォアエース,184.0
2021105242,シカゴスティング,2024/11/16,3福島5,曇,11.0,キビタキS(3勝クラス),16,5.0,10,4.3,1.0,9,荻野極,54.0,芝,1200.0,良,69.7,0.7,6-6,35.6,428.0,-6.0,レッドアヴァンティ,
2021105242,シカゴスティング,2024/08/18,2札幌4,晴,10.0,知床特別(2勝クラス),16,1.0,1,2.8,1.0,1,川田将雅,54.0,芝,1200.0,良,68.3,-0.1,5-5,34.6,434.0,8.0,(ツインクルトーズ),1583.6
2021105242,シカゴスティング,2024/07/21,1札幌2,晴,9.0,HBC賞(2勝クラス),12,8.0,12,2.6,2.0,3,鮫島克駿,53.0,芝,1200.0,良,68.8,0.0,6-5,34.2,426.0,-2.0,ナムラローズマリー,393.7
2021105242,シカゴスティング,2024/05/25,3京都11,晴,11.0,葵S(GIII),18,6.0,12,36.5,12.0,5,西村淳也,55.0,芝,1200.0,良,67.5,0.4,8-8,33.6,428.0,-6.0,ピューロマジック,410.0
2021105242,シカゴスティング,2024/04/07,2阪神6,晴,11.0,桜花賞(GI),18,3.0,5,215.2,17.0,12,浜中俊,55.0,芝,1600.0,良,93.2,1.0,6-5,34.6,434.0,-6.0,ステレンボッシュ,
2021105242,シカゴスティング,2024/03/10,1阪神6,晴,11.0,フィリーズレビュー(GII),14,4.0,6,8.2,3.0,12,鮫島克駿,55.0,芝,1400.0,良,81.0,0.9,2-2,35.9,440.0,12.0,エトヴプレ,
2021105242,シカゴスティング,2023/12/10,5阪神4,晴,11.0,阪神ジュベナイルF(GI),18,6.0,12,67.0,12.0,5,鮫島克駿,55.0,芝,1600.0,良,93.4,0.8,1-1,35.2,428.0,0.0,アスコリピチェーノ,650.0
2021105242,シカゴスティング,2023/11/04,3京都1,曇,11.0,KBSファンタジーS(GIII),18,6.0,11,34.5,12.0,3,鮫島克駿,55.0,芝,1400.0,良,80.5,0.1,7-7,33.9,428.0,0.0,カルチャーデイ,739.1
2021105242,シカゴスティング,2023/08/13,3小倉2,晴,8.0,フェニックス賞(OP),11,7.0,9,1.1,1.0,1,川田将雅,55.0,芝,1200.0,良,70.3,-0.5,2-2,34.6,428.0,-2.0,(フタバ),1623.8
2021105242,シカゴスティング,2023/07/29,2新潟1,晴,1.0,2歳未勝利,10,7.0,8,3.0,2.0,1,戸崎圭太,55.0,芝,1400.0,良,82.3,-0.1,2-2,35.0,430.0,6.0,(バウンシーステップ),550.0
2021105242,シカゴスティング,2023/07/09,3中京4,小雨,6.0,2歳新馬,10,8.0,10,9.3,6.0,3,藤岡佑介,55.0,芝,1600.0,稍,98.1,0.2,2-2-2,35.1,424.0,0.0,ショウナンマヌエラ,180.0
2022101443,サウスバンク,2026/07/04,1函館7,晴,11.0,TVh杯(3勝クラス),16,3.0,5,2.8,1.0,10,丹内祐次,56.0,芝,1200.0,良,68.3,0.5,1-1,35.3,490.0,4.0,マーブルパレス,
2022101443,サウスバンク,2026/05/03,3京都4,曇,10.0,朱雀S(3勝クラス),18,1.0,2,11.6,4.0,2,酒井学,56.0,芝,1200.0,良,67.0,0.2,1-1,33.9,486.0,-6.0,ルシード,761.0
2022101443,サウスバンク,2026/03/21,1阪神9,晴,10.0,淀屋橋S(3勝クラス),16,3.0,6,4.6,1.0,3,酒井学,55.0,芝,1200.0,良,68.3,0.4,1-1,34.5,492.0,0.0,ナムラローズマリー,474.8
2022101443,サウスバンク,2026/03/01,2中山2,晴,10.0,アクアマリンS(3勝クラス),15,6.0,10,8.7,4.0,8,佐々木大,56.0,芝,1200.0,良,67.6,0.7,3-3,34.8,492.0,-2.0,ソーダーンライト,
2022101443,サウスバンク,2025/12/14,5中京4,晴,11.0,知立S(3勝クラス),10,7.0,8,1.9,1.0,6,小崎綾也,55.0,芝,1200.0,稍,69.2,0.5,1-1,35.4,494.0,2.0,モズナナスター,
2022101443,サウスバンク,2025/11/23,4京都6,晴,12.0,醍醐S(3勝クラス),16,2.0,3,4.1,2.0,2,川田将雅,55.0,芝,1200.0,良,68.0,0.0,1-1,33.7,492.0,8.0,アンクルクロス,749.8
2022101443,サウスバンク,2025/08/16,3中京7,晴,6.0,知多特別(2勝クラス),13,5.0,6,1.7,1.0,1,川田将雅,54.0,芝,1200.0,良,67.1,-0.2,1-1,33.5,484.0,-2.0,(ジュンヴァンケット),1578.0
2022101443,サウスバンク,2025/05/31,2京都11,曇,11.0,葵S(GIII),16,5.0,10,15.0,9.0,4,西塚洸二,55.0,芝,1200.0,良,68.5,0.2,2-2,34.9,486.0,0.0,アブキールベイ,620.0
2022101443,サウスバンク,2025/05/11,2京都6,曇,10.0,橘S(L),11,5.0,5,13.4,5.0,7,西塚洸二,55.0,芝,1400.0,良,82.2,0.4,2-2,34.4,486.0,-8.0,ムイ,
2022101443,サウスバンク,2025/02/23,1京都8,曇,10.0,マーガレットS(L),8,8.0,8,2.7,1.0,中,北村宏司,55.0,芝,1200.0,良,,,,,494.0,4.0,ポッドベイダー,
2022101443,サウスバンク,2024/12/07,5中山3,晴,9.0,黒松賞(1勝クラス),13,5.0,7,9.0,5.0,1,北村宏司,55.0,芝,1200.0,良,67.7,-0.1,4-4,34.3,490.0,-8.0,(カンシン),1098.0
2022101443,サウスバンク,2024/10/20,4新潟6,晴,5.0,2歳新馬,17,8.0,17,2.6,1.0,1,西塚洸二,54.0,芝,1200.0,良,70.2,-0.2,1-1,35.7,498.0,0.0,(ワイドクリーガー),720.0
2020104194,ルーフ,2026/07/04,1函館7,晴,11.0,TVh杯(3勝クラス),16,7.0,14,25.0,10.0,3,佐々木大,56.0,芝,1200.0,良,68.0,0.2,11-12,33.7,508.0,6.0,マーブルパレス,474.8
2020104194,ルーフ,2026/06/21,1函館4,小雨,11.0,UHB杯(3勝クラス),15,5.0,9,18.4,11.0,5,佐々木大,53.0,芝,1200.0,良,68.2,0.3,11-11,34.4,502.0,0.0,アスティスプマンテ,187.0
2020104194,ルーフ,2026/03/21,1阪神9,晴,10.0,淀屋橋S(3勝クラス),16,4.0,7,10.9,5.0,9,北村友一,54.0,芝,1200.0,良,68.7,0.8,11-14,33.6,502.0,6.0,ナムラローズマリー,
2020104194,ルーフ,2026/02/14,1小倉7,曇,11.0,下関S(3勝クラス),18,3.0,6,20.4,9.0,7,松若風馬,56.0,芝,1200.0,良,68.3,1.1,12-14,34.8,496.0,-4.0,ジャスパーディビネ,
2020104194,ルーフ,2026/01/31,1小倉3,晴,11.0,巌流島S(3勝クラス),18,7.0,15,8.5,4.0,11,松若風馬,54.0,芝,1200.0,良,67.9,1.1,3-4,34.7,500.0,-4.0,デイトナモード,
2020104194,ルーフ,2025/12/07,5中山2,晴,9.0,南総S(3勝クラス),12,5.0,6,25.2,9.0,5,石橋脩,56.0,芝,1200.0,良,67.5,0.3,9-11,33.8,504.0,-2.0,シンバーシア,184.0
2020104194,ルーフ,2025/11/23,4京都6,晴,12.0,醍醐S(3勝クラス),16,6.0,12,24.4,9.0,7,坂井瑠星,56.0,芝,1200.0,良,68.5,0.5,7-10,33.3,506.0,0.0,アンクルクロス,
2020104194,ルーフ,2025/10/18,4新潟1,曇,11.0,北陸S(3勝クラス),18,7.0,13,19.1,7.0,3,丹内祐次,54.0,芝,1200.0,良,68.7,0.7,6-6,34.1,506.0,4.0,フリッカージャブ,465.5
2020104194,ルーフ,2025/09/27,4阪神8,晴,10.0,道頓堀S(3勝クラス),16,1.0,1,12.2,7.0,2,松若風馬,56.0,芝,1200.0,良,68.3,0.0,3-3,33.6,502.0,0.0,シュタールヴィント,750.6
2020104194,ルーフ,2025/09/07,4中山2,晴,10.0,セプテンバーS(3勝クラス),12,6.0,9,,,除,戸崎圭太,53.0,芝,1200.0,良,,,,,498.0,-4.0,ルージュラナキラ,
2020104194,ルーフ,2025/07/26,1札幌1,小雨,11.0,TVh賞(3勝クラス),12,1.0,1,16.5,6.0,2,北村友一,52.0,芝,1200.0,良,67.6,0.2,3-3,33.6,502.0,-8.0,カルプスペルシュ,747.4
2020104194,ルーフ,2025/07/05,1函館7,晴,11.0,TVh杯(3勝クラス),14,6.0,10,40.0,11.0,10,藤岡佑介,56.0,芝,1200.0,稍,69.9,0.6,8-9,34.5,510.0,6.0,ナムラクララ,
2020104194,ルーフ,2025/06/22,1函館4,小雨,11.0,UHB杯(3勝クラス),15,7.0,12,31.9,10.0,8,北村友一,53.0,芝,1200.0,重,69.1,0.4,6-5,34.6,504.0,22.0,オードゥメール,
2020104194,ルーフ,2025/03/29,3中山1,雨,9.0,ブラッドストーンS(3勝クラス),16,4.0,7,106.8,13.0,11,田辺裕信,56.0,ダ,1200.0,稍,71.5,1.0,2-2,37.8,482.0,0.0,ブシン,
2020104194,ルーフ,2025/03/02,2中山2,晴,10.0,アクアマリンS(3勝クラス),16,5.0,9,23.3,7.0,11,キング,56.0,芝,1200.0,良,68.3,0.9,6-6,34.7,482.0,0.0,ジューンブレア,
2020104194,ルーフ,2025/02/15,1小倉7,曇,11.0,下関S(3勝クラス),18,6.0,11,20.4,10.0,7,藤岡佑介,56.0,芝,1200.0,良,68.4,0.6,9-8,34.8,482.0,-6.0,マイネルレノン,
2020104194,ルーフ,2025/01/06,1中山2,曇,11.0,サンライズS(3勝クラス),16,1.0,2,12.9,4.0,15,横山武史,54.0,芝,1200.0,良,69.4,1.2,4-4,35.5,488.0,0.0,ステークホルダー,
2020104194,ルーフ,2024/04/28,3京都4,晴,10.0,ライスシャワーC(3勝クラス),18,3.0,5,7.8,5.0,10,鮫島克駿,56.0,芝,1200.0,良,68.4,0.6,16-15,32.9,488.0,8.0,グランテスト,
2020104194,ルーフ,2024/03/24,3中山2,曇,12.0,4歳以上2勝クラス,13,3.0,3,3.7,2.0,1,岩田望来,56.0,芝,1200.0,良,67.7,0.0,3-3,33.8,480.0,-4.0,(ステイトダイアデム),1140.0
2020104194,ルーフ,2024/02/24,1阪神1,晴,12.0,4歳以上2勝クラス,10,2.0,2,3.5,2.0,3,ムルザバ,56.0,芝,1200.0,良,68.6,0.4,4-4,34.4,484.0,-4.0,ウォータールグラン,290.0
2020104194,ルーフ,2024/02/03,2京都3,晴,8.0,4歳以上2勝クラス,12,2.0,2,6.0,2.0,9,松山弘平,56.0,芝,1200.0,良,69.9,1.2,2-3,36.3,488.0,12.0,グランテスト,
2020104194,ルーフ,2023/03/12,1阪神10,晴,11.0,フィリーズレビュー(GII),18,6.0,11,7.4,4.0,4,藤岡康太,54.0,芝,1400.0,良,80.9,0.2,7-7,35.2,476.0,-4.0,シングザットソング,780.0
2020104194,ルーフ,2023/01/21,1小倉3,晴,9.0,萌黄賞(1勝クラス),8,7.0,7,3.3,2.0,1,藤岡康太,54.0,芝,1200.0,稍,68.7,-0.1,3-3,34.9,480.0,-6.0,(タマモブラックタイ),1087.5
2020104194,ルーフ,2022/10/22,4阪神6,曇,2.0,2歳未勝利,10,3.0,3,1.4,1.0,1,坂井瑠星,54.0,芝,1200.0,良,69.5,-0.7,1-1,33.7,486.0,-4.0,(イナフセド),520.0
2020104194,ルーフ,2022/10/08,4東京1,曇,3.0,2歳未勝利,16,1.0,2,2.6,1.0,3,田辺裕信,54.0,芝,1400.0,稍,81.0,0.1,2-2,34.6,490.0,4.0,マルチャン,130.0
2020104194,ルーフ,2022/09/18,4中山4,雨,4.0,2歳新馬,16,1.0,2,4.2,2.0,3,田辺裕信,54.0,芝,1200.0,良,70.5,0.3,12-10,33.3,486.0,0.0,スピードオブライト,180.0
2021100143,メルトユアハート,2026/07/04,1函館7,晴,11.0,TVh杯(3勝クラス),16,6.0,12,11.3,5.0,2,横山和生,56.0,芝,1200.0,良,67.9,0.1,6-5,34.2,506.0,2.0,マーブルパレス,759.6
2021100143,メルトユアハート,2026/06/21,1函館4,小雨,11.0,UHB杯(3勝クラス),15,2.0,2,9.4,6.0,13,横山琉人,52.0,芝,1200.0,良,68.7,0.8,5-6,35.2,504.0,0.0,アスティスプマンテ,
2021100143,メルトユアハート,2026/04/05,2阪神4,晴,10.0,心斎橋S(3勝クラス),18,7.0,15,22.6,9.0,9,松若風馬,53.0,芝,1400.0,良,80.8,1.1,4-3,36.1,504.0,-4.0,ミトノオルフェ,
2021100143,メルトユアハート,2025/10/12,3京都4,曇,10.0,三年坂S(3勝クラス),13,8.0,13,23.7,10.0,11,吉村誠之,53.0,芝,1600.0,良,92.8,0.7,5-4,34.5,508.0,4.0,ブエナオンダ,
2021100143,メルトユアハート,2025/09/14,4阪神4,曇,10.0,仲秋S(3勝クラス),11,5.0,5,46.5,9.0,9,西村淳也,56.0,芝,1600.0,良,93.0,0.8,4-4,34.0,504.0,0.0,ラヴァンダ,
2021100143,メルトユアハート,2025/07/05,2小倉3,晴,11.0,マレーシアC(3勝クラス),11,8.0,10,9.0,4.0,10,吉村誠之,54.0,芝,1800.0,良,108.2,1.2,4-4-5-5,36.8,504.0,2.0,グランアルティスタ,
2021100143,メルトユアハート,2025/05/10,2東京5,曇,9.0,分倍河原S(3勝クラス),15,8.0,14,24.3,10.0,10,横山和生,56.0,芝,1600.0,稍,95.0,0.3,15-13,33.0,502.0,4.0,アルセナール,
2021100143,メルトユアハート,2025/03/29,2中京5,晴,11.0,豊橋S(3勝クラス),11,2.0,2,3.8,2.0,2,荻野極,56.0,芝,1600.0,稍,95.2,0.0,1-1-1,34.8,498.0,4.0,バウンシーステップ,746.6
2021100143,メルトユアハート,2025/02/16,1東京6,曇,9.0,雲雀S(3勝クラス),16,7.0,13,33.1,12.0,6,横山和生,56.0,芝,1600.0,良,94.1,0.1,2-2,34.2,494.0,-6.0,レディントン,
2021100143,メルトユアハート,2024/11/30,4中京1,晴,10.0,中京日経賞(2勝クラス),13,4.0,5,6.8,5.0,1,横山和生,53.0,芝,1600.0,良,93.9,-0.1,2-2-2,34.6,500.0,0.0,(ケイデンシーマーク),1582.9
2021100143,メルトユアハート,2024/09/16,4中山5,曇,10.0,習志野特別(2勝クラス),10,8.0,9,8.1,3.0,8,横山和生,53.0,芝,2000.0,良,121.1,1.8,3-4-3-4,36.2,500.0,8.0,コスモブッドレア,
2021100143,メルトユアハート,2024/08/25,2中京6,曇,10.0,長久手特別(2勝クラス),7,4.0,4,3.7,2.0,5,鮫島克駿,53.0,芝,2000.0,良,120.5,1.3,1-1-1-1,35.6,492.0,-2.0,チルカーノ,155.0
2021100143,メルトユアハート,2024/06/08,4京都3,曇,9.0,一乗寺特別(1勝クラス),9,8.0,9,1.4,1.0,1,川田将雅,53.0,芝,2000.0,良,119.5,-0.1,3-2-2-2,34.4,494.0,-4.0,(トラストエムシー),1129.6
2021100143,メルトユアハート,2024/05/18,2東京9,晴,9.0,カーネーションC(1勝クラス),11,2.0,2,8.1,3.0,3,横山和生,55.0,芝,1800.0,良,107.1,0.3,1-3-3,34.5,498.0,10.0,カンティアーモ,273.7
2021100143,メルトユアハート,2024/03/17,1中京4,曇,3.0,3歳未勝利,18,5.0,10,2.3,1.0,1,鮫島克駿,55.0,芝,2000.0,良,123.6,-0.1,3-3-3-3,34.4,488.0,-4.0,(カテリーナ),550.0
2021100143,メルトユアハート,2024/02/11,2京都6,曇,6.0,3歳未勝利,10,2.0,2,3.7,2.0,3,西村淳也,55.0,芝,2000.0,良,123.1,0.6,8-6-4-3,35.5,492.0,-4.0,ジョセフィーナ,140.0
2021100143,メルトユアハート,2024/01/14,1小倉2,晴,5.0,3歳新馬,14,8.0,14,3.3,1.0,3,鮫島克駿,55.0,芝,2000.0,良,122.1,0.5,10-9-9-7,35.6,496.0,0.0,インテグレイト,160.0
2022109024,ウィルオレオール,2026/07/04,1函館7,晴,11.0,TVh杯(3勝クラス),16,1.0,2,197.6,16.0,12,石川倭,58.0,芝,1200.0,良,68.3,0.5,11-12,34.0,502.0,-10.0,マーブルパレス,
2022109024,ウィルオレオール,2026/06/03,門別,曇,8.0,デルフィニウム特別(A1),6,6.0,6,17.9,4.0,5,近藤翔月,55.0,ダ,1700.0,良,111.1,1.4,2-2-2-2,40.4,512.0,12.0,ニシケンボブ,14.0
2022109024,ウィルオレオール,2026/04/23,門別,晴,8.0,スミレ特別(A3),8,5.0,5,7.1,4.0,5,井上瑛太,57.0,ダ,1700.0,稍,111.2,0.9,4-4-5-4,41.3,500.0,3.0,スティールドリーム,6.3
2022109024,ウィルオレオール,2025/09/18,名古屋,晴,11.0,秋の鞍(重賞),11,1.0,1,10.3,4.0,5,渡辺竜也,57.0,ダ,1500.0,良,96.2,1.4,5-6-4,39.2,497.0,-1.0,ケイズレーヴ,100.0
2022109024,ウィルオレオール,2025/07/24,門別,晴,12.0,王冠賞〔H2〕(重賞),9,8.0,9,6.1,3.0,6,石川倭,57.0,ダ,1800.0,良,118.1,1.4,6-4-4-6,40.1,498.0,1.0,ソルジャーフィルド,
2022109024,ウィルオレオール,2025/06/11,大井,曇,11.0,東京ダービー競走(JpnI),16,5.0,10,300.5,8.0,13,石川倭,57.0,ダ,2000.0,不,129.5,5.7,6-6-8-8,40.6,497.0,-3.0,ナチュラルライズ,
2022109024,ウィルオレオール,2025/05/01,門別,晴,12.0,北斗盃〔H3〕(重賞),7,6.0,6,3.7,2.0,2,石川倭,57.0,ダ,1600.0,稍,102.8,0.0,1-1-1-1,40.8,500.0,14.0,ソルジャーフィルド,140.0
2022109024,ウィルオレオール,2025/03/26,大井,晴,11.0,京浜盃競走(JpnII),14,7.0,12,33.8,7.0,6,石川倭,56.0,ダ,1700.0,良,108.1,2.6,5-5-5-5,39.8,486.0,-7.0,ナチュラルライズ,
2022109024,ウィルオレオール,2025/01/22,船橋,晴,11.0,ブルーバードC(JpnIII),10,2.0,2,29.5,5.0,3,石川倭,57.0,ダ,1800.0,良,114.5,1.2,6-6-6-5,39.2,493.0,15.0,メルキオル,480.0
2022109024,ウィルオレオール,2024/12/11,川崎,晴,11.0,全日本2歳優駿【国際(JpnI),11,3.0,3,65.8,8.0,6,石川倭,56.0,ダ,1600.0,良,103.1,0.7,7-7-8-6,40.1,478.0,2.0,ミリアッドラヴ,
2022109024,ウィルオレオール,2024/10/30,船橋,晴,11.0,平和賞(重賞),9,7.0,7,1.7,1.0,1,石川倭,55.0,ダ,1600.0,重,104.6,-0.1,5-5-5-4,39.9,476.0,4.0,(ガバナビリティー),1800.0
2022109024,ウィルオレオール,2024/09/11,門別,晴,5.0,ブルーサファイア特別(OP)(2歳),10,7.0,8,2.6,2.0,1,石川倭,56.0,ダ,1700.0,良,111.1,-0.1,3-4-3-1,39.1,472.0,12.0,(パルヴェニュー),100.0
2022109024,ウィルオレオール,2024/08/18,2札幌4,晴,8.0,クローバー賞(OP),9,3.0,3,16.8,4.0,5,石川倭,55.0,芝,1500.0,良,89.7,1.1,2-2-2,35.9,460.0,-2.0,ニタモノドウシ,160.0
2022109024,ウィルオレオール,2024/06/19,門別,晴,12.0,栄冠賞〔H2〕(重賞),11,6.0,7,3.9,2.0,2,石川倭,55.0,ダ,1200.0,良,74.8,0.2,5-4,38.3,462.0,-2.0,ベラジオゼロ,140.0
2022109024,ウィルオレオール,2024/05/30,門別,曇,7.0,JRA認定競走ウィナ(OP)(2歳),6,5.0,5,6.9,3.0,2,石川倭,55.0,ダ,1200.0,良,74.6,0.1,3-3,37.0,464.0,12.0,ベラジオゼロ,70.0
2022109024,ウィルオレオール,2024/05/01,門別,晴,3.0,JRA認定競走フレッ(新馬)(2歳),8,6.0,6,13.0,6.0,1,石川倭,55.0,ダ,1000.0,良,62.1,0.0,5-4,36.9,452.0,0.0,(ハーフブルー),250.0
2023104015,ロジケープ,2026/06/06,3東京1,晴,10.0,テレビ山梨杯(2勝クラス),17,3.0,6,11.2,3.0,1,丹内祐次,54.0,芝,1400.0,良,80.1,0.0,7-6,33.5,500.0,10.0,(クレパスキュラー),1619.9
2023104015,ロジケープ,2026/04/25,1福島5,晴,9.0,雪うさぎ賞(1勝クラス),16,1.0,2,2.1,1.0,1,丹内祐次,57.0,芝,1200.0,良,67.8,-0.2,6-5,34.5,490.0,-16.0,(マナボニート),1174.3
2023104015,ロジケープ,2026/03/15,2中山6,晴,7.0,3歳1勝クラス,15,4.0,7,2.3,1.0,3,丹内祐次,57.0,芝,1200.0,良,67.7,0.4,2-2,34.7,506.0,6.0,ハイヤーマーク,210.0
2023104015,ロジケープ,2026/02/22,1小倉10,晴,2.0,3歳未勝利,18,5.0,10,3.9,2.0,1,丹内祐次,57.0,芝,1200.0,良,67.9,-0.6,2-2,34.7,500.0,4.0,(バレンタインビスタ),590.0
2023104015,ロジケープ,2025/11/09,5東京2,小雨,3.0,2歳未勝利,18,8.0,16,1.9,1.0,3,横山武史,56.0,芝,1400.0,良,82.0,0.5,3-3,35.2,496.0,0.0,シャルトル,140.0
2023104015,ロジケープ,2025/10/18,4新潟1,曇,1.0,2歳未勝利,13,4.0,5,8.8,6.0,3,吉田隼人,56.0,芝,1600.0,良,94.1,0.2,4-5,33.7,496.0,-6.0,リアライズブラーヴ,140.0
2023104015,ロジケープ,2025/10/04,4東京1,曇,5.0,2歳新馬,17,7.0,14,8.2,4.0,3,吉田隼人,56.0,芝,1800.0,良,108.7,0.4,4-3-3,34.5,502.0,0.0,カレントゥルーシー,190.0
2023102577,アンジュプロミス,2026/07/04,1函館7,晴,11.0,TVh杯(3勝クラス),16,4.0,7,5.5,2.0,8,古川奈穂,53.0,芝,1200.0,良,68.3,0.5,3-3,34.9,452.0,4.0,マーブルパレス,
2023102577,アンジュプロミス,2026/06/20,1函館3,曇,11.0,STV杯(2勝クラス),16,5.0,10,7.3,4.0,1,古川奈穂,53.0,芝,1200.0,良,68.0,-0.1,1-1,34.5,448.0,0.0,(ピコアーガイル),1614.3
2023102577,アンジュプロミス,2026/05/30,3京都11,晴,11.0,葵S(GIII),16,5.0,9,16.7,7.0,12,古川奈穂,55.0,芝,1200.0,良,68.5,0.9,3-4,34.5,448.0,4.0,デアヴェローチェ,
2023102577,アンジュプロミス,2026/02/21,1小倉9,晴,9.0,あざみ賞(1勝クラス),10,3.0,3,6.6,2.0,1,古川奈穂,55.0,芝,1200.0,良,68.1,0.0,1-1,34.8,444.0,-4.0,(デルマリシリ),1163.8
2023102577,アンジュプロミス,2026/01/24,1小倉1,晴,9.0,萌黄賞(1勝クラス),12,6.0,8,14.7,6.0,3,古川奈穂,55.0,芝,1200.0,良,68.0,0.3,2-2,34.7,448.0,-4.0,ルージュサウダージ,293.6
2023102577,アンジュプロミス,2025/11/09,3福島2,曇,2.0,2歳未勝利,16,5.0,10,3.5,2.0,1,古川奈穂,52.0,芝,1200.0,良,69.4,-0.3,2-2,35.3,452.0,-10.0,(ハッピーラッキー),560.0
2023102577,アンジュプロミス,2025/10/26,4新潟4,小雨,2.0,2歳未勝利,13,3.0,3,4.1,3.0,3,古川奈穂,52.0,芝,1400.0,良,83.5,0.3,1-1,36.7,462.0,6.0,アスミル,140.0
2023102577,アンジュプロミス,2025/09/28,4阪神9,晴,2.0,2歳未勝利,14,1.0,1,14.3,6.0,2,古川奈穂,52.0,芝,1400.0,良,81.7,0.0,1-1,35.5,456.0,12.0,ノアールビーナス,220.0
2023102577,アンジュプロミス,2025/09/14,4阪神4,曇,1.0,2歳未勝利,13,4.0,4,5.6,3.0,5,古川奈穂,52.0,ダ,1400.0,良,86.8,2.8,1-1,40.1,444.0,0.0,ラブルラウザー,56.0
2023102577,アンジュプロミス,2025/08/31,3新潟4,晴,6.0,2歳新馬,15,2.0,2,3.0,2.0,4,坂井瑠星,55.0,ダ,1800.0,良,117.2,2.0,3-3-3-3,39.1,444.0,0.0,マテンロウダビンチ,110.0
2023103355,クリエープキー,2026/07/11,2福島5,曇,11.0,安達太良S(OP),9,6.0,6,4.7,3.0,7,吉田豊,52.0,芝,1200.0,良,68.4,0.9,1-1,35.1,438.0,2.0,マサノカナリア,
2023103355,クリエープキー,2026/06/28,1函館6,晴,12.0,湯の川温泉特別(2勝クラス),14,7.0,12,16.0,8.0,1,古川吉洋,53.0,芝,1200.0,良,69.1,0.0,4-3,34.6,436.0,2.0,(ホワイトドラゴン),1610.1
2023103355,クリエープキー,2026/05/30,3京都11,晴,11.0,葵S(GIII),16,7.0,14,137.4,16.0,13,幸英明,55.0,芝,1200.0,良,68.6,1.0,15-14,32.9,434.0,0.0,デアヴェローチェ,
2023103355,クリエープキー,2026/03/07,1阪神5,晴,11.0,フィリーズレビュー(GII),18,6.0,11,38.9,15.0,18,松山弘平,55.0,芝,1400.0,良,83.0,2.4,3-3,37.0,434.0,-14.0,ギリーズボール,
2023103355,クリエープキー,2026/02/08,1小倉6,曇,9.0,かささぎ賞(1勝クラス),15,8.0,15,21.8,10.0,1,富田暁,55.0,芝,1200.0,良,69.2,-0.4,4-2,34.7,448.0,2.0,(ネネキリマル),1172.2
2023103355,クリエープキー,2026/01/24,1小倉1,晴,9.0,萌黄賞(1勝クラス),12,8.0,11,11.8,4.0,5,富田暁,55.0,芝,1200.0,良,68.1,0.4,4-4,34.6,446.0,2.0,ルージュサウダージ,114.0
2023103355,クリエープキー,2025/12/13,5中山3,曇,9.0,黒松賞(1勝クラス),13,7.0,10,9.4,5.0,8,木幡巧也,55.0,芝,1200.0,良,68.9,0.7,6-6,34.2,444.0,-4.0,マーブルパレス,
2023103355,クリエープキー,2025/11/16,3福島4,晴,9.0,福島2歳S(OP),16,1.0,2,37.2,13.0,3,富田暁,55.0,芝,1200.0,良,69.3,0.1,4-3,35.4,448.0,4.0,タマモイカロス,404.9
2023103355,クリエープキー,2025/09/20,4中山6,曇,9.0,カンナS(OP),13,8.0,13,8.3,6.0,9,木幡巧也,55.0,芝,1200.0,良,69.3,1.1,7-7,34.9,444.0,4.0,ウチュウノセカイ,
2023103355,クリエープキー,2025/07/20,2福島8,晴,3.0,2歳未勝利,6,1.0,1,2.1,2.0,1,木幡巧也,55.0,芝,1200.0,良,71.0,-0.3,2-2,35.5,440.0,6.0,(タイセイフレッサ),560.0
2023103355,クリエープキー,2025/06/14,3東京3,曇,6.0,2歳新馬,10,6.0,6,6.8,4.0,4,木幡巧也,55.0,芝,1400.0,良,83.5,0.9,1-1,35.9,434.0,0.0,サンアントワーヌ,110.0
2023110100,アスクケンタッキー,2026/07/11,1函館9,曇,10.0,HTB杯(2勝クラス),14,5.0,7,3.2,2.0,1,武豊,55.0,芝,1200.0,稍,68.8,-0.1,1-1,34.9,468.0,-4.0,(ピコアーガイル),1610.8
2023110100,アスクケンタッキー,2026/05/09,3京都5,晴,6.0,3歳1勝クラス,16,1.0,1,13.6,7.0,1,田山旺佑,55.0,ダ,1200.0,良,71.5,-0.1,1-1,37.4,472.0,2.0,(マメタンク),820.0
2023110100,アスクケンタッキー,2026/02/22,1阪神2,晴,6.0,3歳1勝クラス,11,6.0,7,20.9,8.0,11,田口貫太,57.0,ダ,1400.0,良,86.3,2.1,7-11,39.1,470.0,-8.0,メイショウカクウチ,
2023110100,アスクケンタッキー,2026/02/07,2京都3,曇,6.0,3歳1勝クラス,12,4.0,4,13.8,5.0,7,坂井瑠星,57.0,ダ,1400.0,良,86.2,0.9,1-1,39.2,478.0,8.0,スマートジュリアス,
2023110100,アスクケンタッキー,2025/11/09,5東京2,小雨,9.0,オキザリス賞(1勝クラス),15,4.0,7,7.9,4.0,14,プーシャ,56.0,ダ,1400.0,稍,87.0,3.8,2-3,40.4,470.0,-4.0,サトノボヤージュ,
2023110100,アスクケンタッキー,2025/10/04,3京都1,雨,3.0,2歳新馬,16,6.0,11,2.1,1.0,1,坂井瑠星,56.0,ダ,1400.0,重,84.4,-0.7,1-1,37.2,474.0,0.0,(リーグナイト),750.0
2021105039,ゴールドサーベル,2026/07/04,1函館7,晴,11.0,TVh杯(3勝クラス),16,8.0,16,122.6,15.0,15,小沢大仁,58.0,芝,1200.0,良,68.7,0.9,16-15,33.6,476.0,-2.0,マーブルパレス,
2021105039,ゴールドサーベル,2026/06/21,1函館4,小雨,11.0,UHB杯(3勝クラス),15,8.0,15,21.6,12.0,12,小沢大仁,54.0,芝,1200.0,良,68.7,0.8,8-8,35.0,478.0,4.0,アスティスプマンテ,
2021105039,ゴールドサーベル,2026/04/19,2阪神8,曇,10.0,陽春S(3勝クラス),13,5.0,6,51.0,9.0,13,酒井学,54.0,ダ,1200.0,良,72.5,2.2,8-9,36.6,474.0,0.0,ゼットエール,
2021105039,ゴールドサーベル,2026/01/31,1小倉3,晴,11.0,巌流島S(3勝クラス),18,8.0,17,43.8,17.0,10,荻野琢真,55.0,芝,1200.0,良,67.9,1.1,15-14,33.6,474.0,4.0,デイトナモード,
2021105039,ゴールドサーベル,2025/11/08,3福島1,晴,11.0,キビタキS(3勝クラス),16,8.0,16,23.1,11.0,8,荻野琢真,55.0,芝,1200.0,良,68.6,0.3,16-16,33.6,470.0,-4.0,ソルトクィーン,
2021105039,ゴールドサーベル,2025/08/31,2札幌4,曇,11.0,日高S(3勝クラス),13,4.0,5,22.0,8.0,5,荻野琢真,58.0,芝,1500.0,稍,90.2,0.7,13-11-7,35.5,474.0,6.0,リラボニート,184.0
2021105039,ゴールドサーベル,2025/07/26,1札幌1,小雨,11.0,TVh賞(3勝クラス),12,5.0,6,28.8,9.0,4,藤岡佑介,55.0,芝,1200.0,良,68.0,0.6,12-12,32.9,468.0,-2.0,カルプスペルシュ,280.0
2021105039,ゴールドサーベル,2025/07/05,1函館7,晴,11.0,TVh杯(3勝クラス),14,7.0,11,12.3,6.0,6,武豊,58.0,芝,1200.0,稍,69.7,0.4,13-12,34.0,470.0,-2.0,ナムラクララ,
2021105039,ゴールドサーベル,2025/06/21,1函館3,曇,11.0,STV杯(2勝クラス),15,3.0,5,20.0,8.0,1,武豊,58.0,芝,1200.0,良,68.9,-0.1,9-9,33.8,472.0,-2.0,(ゴキゲンサン),1582.9
2021105039,ゴールドサーベル,2025/04/19,2阪神7,晴,10.0,丹波特別(2勝クラス),14,8.0,14,90.4,12.0,13,菱田裕二,54.0,芝,1400.0,良,81.2,1.2,13-12,34.0,474.0,4.0,レディマリオン,
2021105039,ゴールドサーベル,2025/03/01,1阪神1,晴,12.0,4歳以上2勝クラス,15,7.0,12,108.7,12.0,10,和田竜二,58.0,芝,1400.0,良,81.0,0.8,14-14,34.9,470.0,2.0,バウンシーステップ,
2021105039,ゴールドサーベル,2025/02/02,1小倉4,曇,10.0,周防灘特別(2勝クラス),18,3.0,6,30.7,11.0,11,角田大和,58.0,芝,1200.0,稍,70.3,0.8,16-14,34.9,468.0,0.0,トーラスシャイン,
2021105039,ゴールドサーベル,2024/11/10,6京都4,曇,12.0,ドンカスターC(2勝クラス),14,6.0,10,8.0,4.0,11,ムーア,57.0,芝,1400.0,良,81.5,0.8,9-9,34.5,468.0,6.0,フルメタルボディー,
2021105039,ゴールドサーベル,2024/09/21,3中京6,晴,10.0,賢島特別(2勝クラス),16,2.0,4,40.8,10.0,7,Ｍ．デム,54.0,芝,1200.0,良,69.0,0.6,12-10,33.7,462.0,-6.0,フィオライア,
2021105039,ゴールドサーベル,2024/06/22,1函館5,曇,7.0,3歳以上1勝クラス,7,5.0,5,3.3,2.0,1,武豊,55.0,芝,1200.0,良,69.2,0.0,6-5,34.4,468.0,4.0,(アンタノバラード),800.0
2021105039,ゴールドサーベル,2024/06/09,1函館2,小雨,8.0,3歳以上1勝クラス,13,1.0,1,14.7,6.0,7,武豊,55.0,芝,1200.0,良,69.1,0.3,8-10,34.6,464.0,-4.0,クファシル,
2021105039,ゴールドサーベル,2024/05/18,3京都9,晴,6.0,3歳1勝クラス,15,4.0,7,25.4,6.0,12,岩田望来,57.0,ダ,1400.0,良,86.5,2.1,11-12,38.4,468.0,-2.0,アレ,
2021105039,ゴールドサーベル,2024/03/10,1阪神6,晴,5.0,3歳1勝クラス,11,6.0,7,7.8,4.0,9,武豊,57.0,芝,1600.0,良,94.0,0.6,10-9,33.9,470.0,0.0,ディスペランツァ,
2021105039,ゴールドサーベル,2024/01/20,1京都6,小雨,12.0,3歳未勝利,12,6.0,8,3.1,2.0,1,武豊,57.0,芝,1600.0,重,97.3,0.0,7-8,35.9,470.0,-4.0,(ロストシークレット),550.0
2021105039,ゴールドサーベル,2023/12/24,5阪神8,晴,2.0,2歳未勝利,16,2.0,4,8.0,4.0,3,永島まな,53.0,芝,1600.0,良,94.9,0.1,11-13,33.3,474.0,6.0,セシリエプラージュ,140.0
2021105039,ゴールドサーベル,2023/10/15,2京都5,晴,1.0,2歳未勝利,9,5.0,5,3.6,2.0,7,和田竜二,56.0,ダ,1400.0,重,89.3,2.9,3-4,40.9,468.0,-2.0,ダノンスウィッチ,
2021105039,ゴールドサーベル,2023/09/30,4阪神8,晴,5.0,2歳新馬,12,7.0,9,9.9,6.0,6,和田竜二,55.0,芝,1800.0,良,107.8,0.6,3-2,35.4,470.0,0.0,サイレント,
2020104616,パクスロマーナ,2026/07/04,1函館7,晴,11.0,TVh杯(3勝クラス),16,5.0,9,16.0,6.0,6,舟山瑠泉,56.0,芝,1200.0,良,68.1,0.3,2-2,35.0,438.0,-4.0,マーブルパレス,
2020104616,パクスロマーナ,2026/06/21,1函館4,小雨,11.0,UHB杯(3勝クラス),15,3.0,4,17.3,9.0,2,杉原誠人,53.0,芝,1200.0,良,68.0,0.1,2-2,35.1,442.0,2.0,アスティスプマンテ,759.8
2020104616,パクスロマーナ,2026/05/03,3京都4,曇,10.0,朱雀S(3勝クラス),18,6.0,12,76.5,13.0,15,池添謙一,56.0,芝,1200.0,良,68.5,1.7,10-11,34.4,440.0,0.0,ルシード,
2020104616,パクスロマーナ,2026/03/29,3中山2,晴,10.0,船橋S(3勝クラス),15,4.0,7,22.3,8.0,7,杉原誠人,56.0,芝,1200.0,良,68.3,0.5,4-4,34.3,440.0,-8.0,サウンドモリアーナ,
2020104616,パクスロマーナ,2026/01/31,1小倉3,晴,11.0,巌流島S(3勝クラス),18,7.0,13,22.1,13.0,17,小沢大仁,55.0,芝,1200.0,良,68.4,1.6,9-11,34.7,448.0,4.0,デイトナモード,
2020104616,パクスロマーナ,2025/12/07,5中山2,晴,9.0,南総S(3勝クラス),12,3.0,3,12.6,6.0,7,杉原誠人,56.0,芝,1200.0,良,67.8,0.6,2-3,34.8,444.0,-4.0,シンバーシア,
2020104616,パクスロマーナ,2025/11/23,4京都6,晴,12.0,醍醐S(3勝クラス),16,8.0,15,85.2,13.0,3,池添謙一,56.0,芝,1200.0,良,68.0,0.0,2-2,33.6,448.0,0.0,アンクルクロス,464.9
2020104616,パクスロマーナ,2025/10/18,4新潟1,曇,11.0,北陸S(3勝クラス),18,2.0,3,34.4,10.0,14,杉原誠人,55.0,芝,1200.0,良,69.5,1.5,13-12,34.3,448.0,12.0,フリッカージャブ,
2020104616,パクスロマーナ,2025/07/19,2小倉7,曇,11.0,テレQ杯(3勝クラス),17,7.0,13,23.2,9.0,3,川須栄彦,56.0,芝,1200.0,良,68.7,0.1,5-5,34.7,436.0,0.0,エイムインライフ,465.2
2020104616,パクスロマーナ,2025/06/29,2小倉2,晴,11.0,佐世保S(3勝クラス),13,6.0,9,13.7,7.0,4,川須栄彦,54.0,芝,1200.0,良,68.1,0.3,2-2,34.9,436.0,0.0,ヤマニンアンフィル,280.0
2020104616,パクスロマーナ,2025/05/04,2京都4,晴,10.0,淀S(3勝クラス),13,4.0,5,53.0,12.0,4,川須栄彦,56.0,芝,1200.0,良,68.7,0.5,6-6,33.8,436.0,8.0,ヤマニンアルリフラ,280.0
2020104616,パクスロマーナ,2025/03/30,3中山2,晴,12.0,4歳以上2勝クラス,13,5.0,7,16.0,7.0,1,杉原誠人,56.0,芝,1200.0,良,68.7,-0.2,1-1,34.8,428.0,-12.0,(カリーシ),1140.0
2020104616,パクスロマーナ,2025/03/02,1小倉12,雨,7.0,4歳以上1勝クラス,17,5.0,9,61.3,14.0,1,川須栄彦,56.0,芝,1200.0,重,70.4,-0.1,2-2,36.1,440.0,4.0,(エクセルゴールド),800.0
2020104616,パクスロマーナ,2025/01/26,1小倉2,晴,9.0,八幡特別(1勝クラス),18,8.0,17,378.1,18.0,10,荻野琢真,56.0,芝,1200.0,良,69.1,0.6,2-2,35.8,436.0,14.0,ニシノピウモッソ,
2020104616,パクスロマーナ,2024/09/07,3中京1,晴,6.0,3歳以上1勝クラス,14,7.0,12,98.8,10.0,13,荻野琢真,56.0,ダ,1200.0,良,74.5,2.6,8-8,38.2,422.0,-4.0,ストライクオン,
2020104616,パクスロマーナ,2024/08/25,2札幌6,晴,9.0,小樽特別(1勝クラス),15,5.0,8,58.1,11.0,14,荻野琢真,56.0,芝,1200.0,良,69.6,1.4,3-3,35.5,426.0,4.0,フィオライア,
2020104616,パクスロマーナ,2024/07/28,1札幌4,曇,8.0,3歳以上1勝クラス,14,6.0,10,45.4,10.0,6,荻野琢真,56.0,芝,1200.0,稍,69.8,0.2,6-5,35.1,422.0,-2.0,ロードトレイル,
2020104616,パクスロマーナ,2024/07/07,1函館10,曇,12.0,3歳以上1勝クラス,9,2.0,2,82.4,9.0,3,荻野琢真,56.0,芝,1200.0,稍,71.6,0.2,1-1,35.9,424.0,-4.0,ハッピーロンドン,200.0
2020104616,パクスロマーナ,2024/06/23,1函館6,晴,12.0,3歳以上1勝クラス,9,6.0,6,101.5,8.0,6,荻野琢真,56.0,芝,1200.0,良,69.6,0.9,3-3,35.8,428.0,8.0,ヤマニンアストロン,
2020104616,パクスロマーナ,2024/06/15,1函館3,晴,8.0,3歳以上1勝クラス,11,4.0,4,89.7,10.0,8,荻野琢真,56.0,ダ,1000.0,良,60.4,1.4,9-10,36.2,420.0,-8.0,ニルアドミラリ,
2020104616,パクスロマーナ,2024/03/03,2小倉8,曇,3.0,4歳以上1勝クラス,14,8.0,13,141.8,14.0,11,幸英明,56.0,ダ,1000.0,稍,59.5,1.1,6-7,36.7,428.0,4.0,アネモス,
2020104616,パクスロマーナ,2023/08/27,3小倉6,晴,12.0,3歳以上1勝クラス,14,8.0,13,27.0,8.0,8,国分優作,54.0,ダ,1000.0,良,58.6,0.7,5-6,35.8,424.0,-2.0,フォルティーナ,
2020104616,パクスロマーナ,2023/07/05,川崎,曇,9.0,疾風賞(C1),10,8.0,9,4.6,3.0,2,小林捺花,49.0,ダ,900.0,良,54.5,0.1,1-2,37.6,426.0,-3.0,キモンアップル,48.0
2020104616,パクスロマーナ,2023/06/27,大井,曇,11.0,優駿スプリント競走(重賞),16,5.0,10,286.3,14.0,15,池谷匠翔,54.0,ダ,1200.0,良,76.2,4.5,11-15,40.2,429.0,2.0,フジコチャン,
2020104616,パクスロマーナ,2023/06/15,川崎,雨,2.0,ヴィントシュトース賞(3歳),12,5.0,6,3.1,1.0,2,小林捺花,50.0,ダ,900.0,稍,55.3,0.1,5-3,38.1,427.0,0.0,キモンアップル,84.0
2020104616,パクスロマーナ,2023/05/17,川崎,晴,2.0,ブレッザ賞(3歳),11,8.0,10,17.8,5.0,1,池谷匠翔,52.0,ダ,900.0,稍,56.0,-0.2,3-4,38.4,427.0,1.0,(サダムヴィオロン),210.0
2020104616,パクスロマーナ,2023/04/25,浦和,曇,2.0,ランチタイムチャレン(3歳),12,3.0,3,15.6,6.0,1,新原周馬,53.0,ダ,1400.0,良,91.2,-0.2,2-1-1-1,39.4,426.0,-1.0,(シンデレラサマー),140.0
2020104616,パクスロマーナ,2023/04/03,川崎,晴,2.0,アルコンスィエル賞(3歳),12,4.0,4,2.8,1.0,2,小林捺花,50.0,ダ,900.0,良,56.8,0.1,3-2,39.1,427.0,2.0,スカイロック,64.0
2020104616,パクスロマーナ,2023/03/03,川崎,晴,3.0,シュトゥルムヴィント(3歳),12,1.0,1,10.0,4.0,2,小林捺花,50.0,ダ,900.0,良,56.8,0.1,1-1,38.8,425.0,1.0,メガバズーカランチ,64.0
2020104616,パクスロマーナ,2023/01/31,川崎,晴,2.0,3歳6,10,5.0,5,17.2,6.0,9,本田紀忠,54.0,ダ,1400.0,良,97.5,3.7,5-5-7-8,44.0,424.0,11.0,ポッドクリフ,
2020104616,パクスロマーナ,2022/12/14,笠松,晴,9.0,寒椿特別(2歳),7,4.0,4,3.1,2.0,6,岡部誠,54.0,ダ,1400.0,良,93.6,2.7,2-2-4,42.9,413.0,-3.0,イグアスワーク,
2020104616,パクスロマーナ,2022/11/10,門別,晴,6.0,トパーズ特別(OP)(2歳),10,3.0,3,82.1,9.0,5,高野誠毅,54.0,ダ,1200.0,稍,76.0,1.9,3-2,39.7,416.0,-2.0,フクノユリディズ,7.0
2020104616,パクスロマーナ,2022/10/27,門別,晴,6.0,2歳3組,11,6.0,8,25.0,5.0,3,高野誠毅,54.0,ダ,1000.0,良,61.7,0.9,6-7,37.3,418.0,-4.0,ヤマノウォーリア,12.6
2020104616,パクスロマーナ,2022/10/12,門別,晴,6.0,新ひだか町静内地酒・(2歳),11,1.0,1,83.8,9.0,8,高野誠毅,54.0,ダ,1200.0,重,74.7,1.0,9-9,38.2,422.0,4.0,レイシン,
2020104616,パクスロマーナ,2022/09/27,門別,晴,4.0,2歳3組,8,6.0,6,30.3,7.0,4,石堂響,54.0,ダ,1200.0,稍,76.4,1.4,2-3,40.5,418.0,0.0,アエリアン,8.4
2020104616,パクスロマーナ,2022/09/14,門別,晴,8.0,JRA認定ウィナーズ(2歳),12,8.0,11,73.9,11.0,9,石堂響,54.0,ダ,1200.0,良,78.2,2.0,1-2,42.1,418.0,2.0,サルトアンヘル,
2020104616,パクスロマーナ,2022/09/01,門別,曇,9.0,2歳3組,11,7.0,9,29.9,8.0,6,石堂響,54.0,ダ,1000.0,重,61.1,1.3,3-3,38.1,416.0,-10.0,スワンオーキッド,
2020104616,パクスロマーナ,2022/08/16,門別,曇,5.0,JRA認定アタックチ(未勝利)(2歳),12,3.0,3,21.5,10.0,11,石堂響,54.0,ダ,1000.0,不,62.8,2.3,2-4,39.6,426.0,10.0,キモンアップル,
2020104616,パクスロマーナ,2022/07/19,門別,晴,3.0,2歳未勝利(未勝利),9,8.0,9,2.8,1.0,1,石堂響,54.0,ダ,1000.0,稍,60.8,-2.0,1-1,37.2,416.0,-2.0,(リョウタスペシャル),50.0
2020104616,パクスロマーナ,2022/07/05,門別,晴,5.0,2歳牝馬未勝利(未勝利),10,4.0,4,106.6,8.0,5,石堂響,54.0,ダ,1000.0,稍,62.0,1.2,8-6,36.9,418.0,-4.0,サザンレイク,3.5
2020104616,パクスロマーナ,2022/06/09,門別,晴,5.0,JRA認定アタックチ(未勝利)(2歳),12,8.0,11,138.2,9.0,6,黒澤愛斗,54.0,ダ,1000.0,良,63.9,1.3,3-3,39.8,422.0,2.0,ラブリプリンチャン,
2020104616,パクスロマーナ,2022/05/19,門別,雨,3.0,JRA認定フレッシュ(新馬)(2歳),11,3.0,3,23.7,5.0,6,黒澤愛斗,54.0,ダ,1100.0,良,72.6,2.4,2-2,42.7,420.0,0.0,ラビアータ,
2020104616,パクスロマーナ,2022/04/21,門別,晴,6.0,JRA認定フレッシュ(新馬)(2歳),8,4.0,4,,,取,石川倭,54.0,ダ,1000.0,良,,,,,,,ライトニングブルー,
2022100321,リメンバーヒム,2026/04/26,2東京2,晴,12.0,4歳以上2勝クラス,16,2.0,3,101.2,11.0,8,石橋脩,58.0,ダ,1400.0,稍,85.0,1.3,9-9,36.2,460.0,8.0,スナッピードレッサ,
2022100321,リメンバーヒム,2026/04/18,2阪神7,晴,9.0,吹田特別(2勝クラス),14,6.0,9,20.5,8.0,9,高杉吏麒,58.0,ダ,1400.0,良,84.5,1.3,9-10,35.9,452.0,-10.0,メイケイレイン,
2022100321,リメンバーヒム,2026/03/22,1阪神10,曇,12.0,4歳以上2勝クラス,12,8.0,13,29.5,9.0,5,斎藤新,58.0,ダ,1400.0,良,84.6,1.0,3-3,36.2,462.0,0.0,ゲイルライダー,119.0
2022100321,リメンバーヒム,2026/03/08,1阪神6,晴,12.0,4歳以上2勝クラス,13,6.0,10,10.8,5.0,8,西村淳也,58.0,ダ,1400.0,良,85.1,2.0,5-4,37.6,462.0,6.0,ニューオーリンズ,
2022100321,リメンバーヒム,2025/12/06,5阪神1,晴,8.0,3歳以上2勝クラス,16,2.0,3,15.9,7.0,10,松山弘平,57.0,ダ,1400.0,良,84.9,1.0,8-8,37.5,456.0,0.0,メイショウツヨキ,
2022100321,リメンバーヒム,2025/11/22,4京都5,晴,8.0,3歳以上2勝クラス,16,3.0,6,10.3,4.0,2,高杉吏麒,57.0,ダ,1400.0,良,84.1,0.0,10-11,36.8,456.0,4.0,リネアグローリア,375.0
2022100321,リメンバーヒム,2025/09/21,4阪神7,曇,12.0,3歳以上2勝クラス,15,4.0,8,9.4,5.0,8,吉村誠之,55.0,ダ,1400.0,良,84.6,1.4,8-6,36.7,452.0,0.0,ダノンフィーゴ,
2022100321,リメンバーヒム,2025/09/06,4阪神1,晴,12.0,3歳以上1勝クラス,13,7.0,11,4.4,2.0,1,高杉吏麒,55.0,ダ,1400.0,稍,84.6,-0.4,5-4,36.4,452.0,-2.0,(サディーク),800.0
2022100321,リメンバーヒム,2025/06/22,3阪神6,曇,1.0,3歳未勝利,16,8.0,15,1.2,1.0,1,高杉吏麒,56.0,ダ,1400.0,良,85.7,-0.5,7-4,38.2,454.0,4.0,(ヨリナスウィート),560.0
2022100321,リメンバーヒム,2025/06/08,3阪神2,晴,3.0,3歳未勝利,16,5.0,10,3.1,1.0,2,高杉吏麒,56.0,ダ,1400.0,良,85.8,0.2,5-3,37.5,450.0,-8.0,ペイドラロワール,220.0
2022100321,リメンバーヒム,2025/05/18,2京都8,晴,1.0,3歳未勝利,16,7.0,14,24.8,7.0,2,高杉吏麒,56.0,ダ,1400.0,重,84.0,0.1,3-3,36.4,458.0,4.0,ラファル,220.0
2022100321,リメンバーヒム,2025/03/02,1阪神2,小雨,2.0,3歳未勝利,16,2.0,3,13.3,5.0,5,高杉吏麒,56.0,ダ,1400.0,良,87.4,0.9,7-5,39.3,454.0,6.0,ライツユーアップ,56.0
2022100321,リメンバーヒム,2025/02/10,1京都3,晴,3.0,3歳未勝利,12,5.0,5,83.9,10.0,2,高杉吏麒,56.0,ダ,1400.0,良,86.9,1.0,8-9,37.7,448.0,-12.0,エンダードラゴン,220.0
2022100321,リメンバーヒム,2025/01/11,1中京3,晴,2.0,3歳未勝利,16,1.0,2,139.5,15.0,7,高杉吏麒,55.0,ダ,1200.0,良,74.1,0.5,6-6,38.5,460.0,-2.0,ワイルドブッター,
2022100321,リメンバーヒム,2024/12/15,7京都6,晴,2.0,2歳未勝利,16,3.0,6,75.9,9.0,8,幸英明,56.0,ダ,1400.0,良,88.9,3.1,10-9,39.4,462.0,-2.0,シホノペルフェット,
2022100321,リメンバーヒム,2024/11/30,7京都1,晴,4.0,2歳新馬,11,1.0,1,51.6,7.0,5,団野大成,56.0,ダ,1200.0,稍,75.6,2.6,11-11,37.6,464.0,0.0,ナリノエンブレム,72.0
2022100028,フェスタリア,2026/06/14,1函館2,晴,10.0,津軽海峡特別(2勝クラス),12,2.0,2,32.1,10.0,9,今村聖奈,55.0,ダ,1700.0,良,105.5,1.3,12-12-12-11,37.2,454.0,8.0,チギリ,
2022100028,フェスタリア,2026/04/19,3中山8,晴,8.0,利根川特別(2勝クラス),11,5.0,5,29.4,7.0,9,原優介,58.0,ダ,1800.0,良,114.1,1.1,11-10-3-4,38.8,446.0,-4.0,サノノワンダー,
2022100028,フェスタリア,2026/03/29,3中山2,晴,7.0,4歳以上1勝クラス,15,7.0,12,6.2,4.0,1,原優介,58.0,ダ,1800.0,稍,113.8,-0.1,10-9-7-4,38.7,450.0,-4.0,(ナクライト),820.0
2022100028,フェスタリア,2026/03/07,2中山3,晴,8.0,4歳以上1勝クラス,14,3.0,3,17.4,5.0,3,原優介,58.0,ダ,1800.0,重,115.0,1.3,10-10-9-6,38.1,454.0,0.0,ホークライト,210.0
2022100028,フェスタリア,2025/12/13,5中山3,曇,7.0,3歳以上1勝クラス,16,3.0,5,3.8,2.0,9,荻野極,57.0,ダ,1200.0,良,73.1,0.8,11-10,37.3,454.0,2.0,レイユール,
2022100028,フェスタリア,2025/09/06,4中山1,晴,12.0,3歳以上1勝クラス,16,2.0,4,3.9,2.0,4,荻野極,56.0,ダ,1200.0,稍,72.3,0.9,14-13,36.0,452.0,6.0,ドナカルナバル,120.0
2022100028,フェスタリア,2025/08/17,2新潟8,晴,9.0,3歳以上1勝クラス,15,7.0,13,7.0,4.0,4,原優介,56.0,ダ,1200.0,良,71.7,0.6,6-6,37.1,446.0,-6.0,マーズオデッセイ,120.0
2022100028,フェスタリア,2025/07/26,2新潟1,晴,10.0,3歳以上1勝クラス,14,7.0,12,16.1,5.0,2,原優介,55.0,ダ,1200.0,良,71.9,0.3,11-11,36.2,452.0,0.0,ドナレア,320.0
2022100028,フェスタリア,2025/05/04,2東京4,晴,6.0,3歳1勝クラス,16,4.0,7,30.3,7.0,15,荻野極,57.0,ダ,1400.0,稍,93.2,9.2,16-16,41.2,452.0,4.0,ハリーケーン,
2022100028,フェスタリア,2025/04/13,3中山6,雨,8.0,3歳1勝クラス,16,3.0,6,11.9,4.0,5,菅原明良,57.0,ダ,1200.0,良,72.0,0.8,12-12,36.8,448.0,6.0,ハードセルツァー,80.0
2022100028,フェスタリア,2025/01/12,1中京4,曇,7.0,3歳1勝クラス,16,7.0,14,135.8,14.0,7,荻野極,57.0,ダ,1400.0,良,85.2,1.1,14-11,37.0,442.0,-12.0,マテンロウコマンド,
2022100028,フェスタリア,2024/12/15,5中山6,晴,1.0,2歳未勝利,16,1.0,2,8.0,3.0,1,荻野極,56.0,ダ,1200.0,良,73.0,-0.2,8-8,37.3,454.0,4.0,(ショウナンカチドキ),550.0
2022100028,フェスタリア,2024/12/01,5中山2,晴,4.0,2歳新馬,15,7.0,12,4.1,2.0,4,大野拓弥,56.0,ダ,1200.0,良,74.0,0.7,4-4,37.5,450.0,0.0,トニケンサンバ,110.0
2022104605,ショウナンヤッホー,2026/06/27,2福島1,晴,10.0,いわき特別(2勝クラス),11,5.0,5,60.0,9.0,6,津村明秀,58.0,ダ,1700.0,稍,105.4,1.1,5-5-4-4,37.5,486.0,-10.0,リフレックス,
2022104605,ショウナンヤッホー,2026/05/17,2東京8,晴,10.0,青梅特別(2勝クラス),15,6.0,10,63.7,12.0,14,池添謙一,54.0,ダ,1600.0,良,99.1,2.0,8-9,37.5,496.0,8.0,トルショー,
2022104605,ショウナンヤッホー,2025/11/30,5東京8,晴,10.0,アプローズ賞(2勝クラス),16,8.0,15,56.0,12.0,11,池添謙一,57.0,ダ,1400.0,良,86.0,1.9,7-7,37.7,488.0,2.0,シャパリュ,
2022104605,ショウナンヤッホー,2025/10/05,4東京2,曇,12.0,3歳以上2勝クラス,16,4.0,7,18.1,6.0,9,菅原明良,56.0,ダ,1600.0,良,98.4,0.9,15-13,36.4,486.0,-4.0,ファリーザ,
2022104605,ショウナンヤッホー,2025/08/10,1札幌6,曇,12.0,Fビレッジ特別(2勝クラス),14,5.0,7,18.0,7.0,10,池添謙一,54.0,ダ,1700.0,良,106.1,2.2,6-5-6-6,39.2,490.0,6.0,イムホテプ,
2022104605,ショウナンヤッホー,2025/07/26,1札幌1,小雨,9.0,3歳以上1勝クラス,13,7.0,11,3.3,1.0,1,池添謙一,55.0,ダ,1700.0,良,105.5,-0.1,8-8-6-5,37.6,484.0,2.0,(ブレイジングスター),800.0
2022104605,ショウナンヤッホー,2025/06/21,3東京5,晴,12.0,3歳以上1勝クラス,16,8.0,15,5.8,3.0,4,菅原明良,55.0,ダ,1600.0,良,97.0,0.4,6-7,36.5,482.0,0.0,チザルピーノ,120.0
2022104605,ショウナンヤッホー,2025/06/08,3東京2,晴,7.0,3歳以上1勝クラス,16,3.0,5,10.1,4.0,3,菅原明良,55.0,ダ,1400.0,良,84.1,0.4,9-7,36.2,482.0,0.0,ルークススペイ,200.0
2022104605,ショウナンヤッホー,2025/02/22,1東京7,晴,2.0,3歳1勝クラス,16,1.0,2,13.6,3.0,8,大野拓弥,57.0,ダ,1400.0,良,86.5,1.0,7-6,37.4,482.0,0.0,ベルジュロネット,
2022104605,ショウナンヤッホー,2025/02/09,1東京4,晴,1.0,3歳未勝利,16,2.0,3,3.0,1.0,1,菅原明良,57.0,ダ,1400.0,良,86.1,-0.6,8-8,36.4,482.0,2.0,(アラスカフレイバー),560.0
2022104605,ショウナンヤッホー,2024/12/14,4中京5,晴,1.0,2歳未勝利,16,8.0,15,3.3,2.0,3,田口貫太,55.0,ダ,1400.0,良,86.4,0.3,2-2,38.6,480.0,0.0,カペルブリュッケ,140.0
2022104605,ショウナンヤッホー,2024/11/24,5東京8,晴,3.0,2歳未勝利,16,1.0,2,6.0,5.0,5,坂井瑠星,56.0,ダ,1600.0,良,99.2,1.0,4-2,37.3,480.0,-6.0,ダンツファイター,55.0
2022104605,ショウナンヤッホー,2024/11/03,5東京2,晴,4.0,2歳新馬,16,5.0,10,3.8,2.0,4,池添謙一,56.0,芝,1400.0,良,84.2,0.5,5-5,34.1,486.0,0.0,カラヴァジェスティ,110.0
2021105931,ギマール,2026/07/04,1函館7,晴,10.0,竜飛崎特別(2勝クラス),14,8.0,13,84.1,11.0,10,国分恭介,58.0,ダ,1700.0,良,106.3,0.8,14-13-14-13,37.9,452.0,0.0,ケイアイアギト,
2021105931,ギマール,2026/06/21,1函館4,小雨,10.0,檜山特別(2勝クラス),9,1.0,1,10.9,4.0,5,国分恭介,58.0,ダ,1700.0,良,105.8,1.5,4-3-4-4,37.8,452.0,0.0,チャーリー,158.0
2021105931,ギマール,2026/04/26,1福島6,晴,10.0,尾瀬特別(2勝クラス),15,1.0,1,6.2,2.0,4,国分恭介,58.0,ダ,1700.0,良,105.7,0.1,3-3-3-3,38.2,452.0,-4.0,グランキングオー,240.0
2021105931,ギマール,2026/02/08,1小倉6,曇,10.0,由布院特別(2勝クラス),16,3.0,6,5.7,4.0,中,国分恭介,58.0,ダ,1700.0,良,,,7-7-16,,456.0,-2.0,パフ,
2021105931,ギマール,2026/01/25,1小倉2,晴,10.0,響灘特別(2勝クラス),16,2.0,4,16.4,8.0,2,国分恭介,58.0,ダ,1700.0,良,105.8,0.0,7-7-8-5,36.3,458.0,2.0,アイウィル,640.4
2021105931,ギマール,2025/12/07,5阪神2,晴,9.0,豊中特別(2勝クラス),13,8.0,13,15.1,5.0,6,北村友一,58.0,ダ,1800.0,良,112.5,0.4,8-8-7-6,38.1,456.0,2.0,タマモキャリコ,
2021105931,ギマール,2025/11/15,3福島3,晴,10.0,西郷特別(2勝クラス),15,2.0,3,17.1,7.0,4,斎藤新,56.0,ダ,1700.0,良,106.7,0.8,4-4-4-4,37.5,454.0,4.0,テーオールビー,230.0
2021105931,ギマール,2025/07/05,2小倉3,晴,10.0,TAインディア賞(2勝クラス),11,6.0,6,14.5,3.0,3,岩田康誠,58.0,ダ,1700.0,良,107.2,0.6,7-7-4-4,37.5,450.0,-6.0,メイショウズイウン,393.7
2021105931,ギマール,2025/06/01,2京都12,晴,9.0,與杼特別(2勝クラス),14,3.0,4,12.0,5.0,6,岩田康誠,58.0,ダ,1800.0,良,112.3,0.5,11-10-7-8,38.1,456.0,0.0,メイショウソウタ,
2021105931,ギマール,2025/03/09,1阪神4,晴,8.0,4歳以上2勝クラス,12,5.0,5,9.2,6.0,11,岩田康誠,58.0,ダ,1800.0,良,117.3,1.2,3-4-5-6,38.8,456.0,0.0,キャピタルサックス,
2021105931,ギマール,2025/02/09,1京都4,晴,7.0,4歳以上1勝クラス,10,6.0,7,1.8,1.0,1,岩田康誠,57.0,ダ,1800.0,稍,114.6,0.0,2-2-2-2,37.7,456.0,4.0,(インジケーター),800.0
2021105931,ギマール,2024/06/09,4京都4,曇,7.0,3歳以上1勝クラス,16,5.0,10,5.4,2.0,2,岩田康誠,55.0,ダ,1800.0,稍,113.2,0.2,3-3-3-2,37.9,452.0,0.0,レアンダー,320.0
2021105931,ギマール,2024/05/19,3京都10,小雨,6.0,3歳1勝クラス,12,2.0,2,56.3,11.0,3,菱田裕二,57.0,ダ,1800.0,良,113.1,0.5,9-9-7-4,37.4,452.0,-6.0,デトネイション,200.0
2021105931,ギマール,2024/02/24,1阪神1,曇,2.0,3歳未勝利,11,6.0,7,5.3,4.0,1,岩田康誠,57.0,ダ,1800.0,稍,115.5,-0.2,4-4-4-4,39.3,458.0,-6.0,(シグネチャーセント),550.0
2021105931,ギマール,2024/01/06,1京都1,晴,4.0,3歳新馬,16,5.0,10,11.5,6.0,6,岩田康誠,57.0,ダ,1800.0,良,117.8,0.7,9-9-11-8,37.7,464.0,0.0,テーオーパスワード,
2022104903,セボンサデッセ,2026/07/04,1函館7,晴,10.0,竜飛崎特別(2勝クラス),14,1.0,1,7.5,4.0,2,武豊,58.0,ダ,1700.0,良,105.6,0.1,8-7-6-4,38.1,504.0,18.0,ケイアイアギト,638.4
2022104903,セボンサデッセ,2026/04/26,1福島6,晴,10.0,尾瀬特別(2勝クラス),15,2.0,3,2.8,1.0,2,菱田裕二,58.0,ダ,1700.0,良,105.7,0.1,14-14-11-8,37.6,486.0,0.0,グランキングオー,639.8
2022104903,セボンサデッセ,2026/03/01,1小倉12,晴,12.0,4歳以上1勝クラス,16,2.0,3,2.4,1.0,1,菱田裕二,57.0,ダ,1700.0,稍,104.5,-0.2,1-1-1-1,37.4,486.0,-14.0,(ポイントネモ),820.0
2022104903,セボンサデッセ,2026/01/12,1京都5,晴,7.0,4歳以上1勝クラス,16,8.0,16,3.0,1.0,4,菱田裕二,57.0,ダ,1400.0,良,85.4,0.3,2-2,37.0,500.0,0.0,メイケイレイン,120.0
2022104903,セボンサデッセ,2025/12/13,5阪神3,晴,8.0,3歳以上1勝クラス,16,2.0,4,3.1,2.0,2,菱田裕二,57.0,ダ,1400.0,良,84.6,0.6,3-3,37.4,500.0,4.0,ラファル,320.0
2022104903,セボンサデッセ,2025/11/30,4京都8,晴,7.0,3歳以上1勝クラス,16,8.0,15,2.1,1.0,4,菱田裕二,56.0,ダ,1800.0,良,112.6,0.8,6-5-3-2,38.0,496.0,2.0,ドゥラエテルノ,120.0
2022104903,セボンサデッセ,2025/05/25,2京都10,曇,7.0,3歳1勝クラス,16,1.0,2,6.5,4.0,2,菱田裕二,57.0,ダ,1800.0,重,109.9,0.3,6-5-3-3,36.6,494.0,8.0,トリポリタニア,320.0
2022104903,セボンサデッセ,2025/03/23,1阪神8,晴,6.0,3歳1勝クラス,16,1.0,1,14.0,7.0,3,菱田裕二,57.0,ダ,1800.0,良,114.5,1.1,3-4-4-4,39.0,486.0,-4.0,カナルビーグル,200.0
2022104903,セボンサデッセ,2025/02/02,1小倉4,晴,8.0,3歳1勝クラス,8,4.0,4,5.1,4.0,2,菱田裕二,57.0,ダ,1700.0,重,104.8,0.1,2-2-2-2,35.8,490.0,-4.0,シュラザック,320.0
2022104903,セボンサデッセ,2024/11/24,6京都8,曇,4.0,2歳新馬,14,6.0,10,4.1,2.0,1,幸英明,56.0,ダ,1400.0,良,86.4,-0.6,4-2,37.7,494.0,0.0,(タマゴ),720.0
2021104039,ジュンラトゥール,2026/07/19,1函館12,晴,10.0,駒場特別(2勝クラス),14,5.0,7,26.2,6.0,9,浜中俊,58.0,ダ,1700.0,不,104.8,2.4,12-11-8-9,38.5,446.0,-12.0,シーズザスローン,
2021104039,ジュンラトゥール,2026/06/21,1函館4,小雨,10.0,檜山特別(2勝クラス),9,3.0,3,12.1,5.0,4,佐々木大,58.0,ダ,1700.0,良,105.5,1.2,6-6-5-4,37.3,458.0,-2.0,チャーリー,240.0
2021104039,ジュンラトゥール,2026/06/14,1函館2,晴,10.0,津軽海峡特別(2勝クラス),12,8.0,12,8.8,6.0,4,富田暁,56.0,ダ,1700.0,良,104.7,0.5,8-8-6-5,37.2,460.0,2.0,チギリ,240.0
2021104039,ジュンラトゥール,2026/04/26,1福島6,晴,10.0,尾瀬特別(2勝クラス),15,8.0,14,12.1,7.0,3,富田暁,58.0,ダ,1700.0,良,105.7,0.1,10-10-7-4,38.0,458.0,-10.0,グランキングオー,404.9
2021104039,ジュンラトゥール,2026/03/21,1阪神9,晴,8.0,4歳以上2勝クラス,12,7.0,10,28.6,9.0,7,酒井学,58.0,ダ,1800.0,良,112.6,0.7,9-10-9-9,37.9,468.0,0.0,ドラゴン,
2021104039,ジュンラトゥール,2026/03/14,1中京1,晴,11.0,中京スポーツ杯(2勝クラス),14,4.0,6,11.6,4.0,9,浜中俊,55.0,ダ,1800.0,良,115.2,1.1,10-11-6-6,37.3,468.0,12.0,テーオーマルコーニ,
2021104039,ジュンラトゥール,2026/02/28,1小倉11,晴,10.0,早鞆特別(2勝クラス),16,5.0,9,48.6,13.0,4,菊沢一樹,55.0,ダ,1700.0,重,102.9,0.4,11-10-8-6,37.4,456.0,-4.0,ジューンエオス,240.0
2021104039,ジュンラトゥール,2026/01/04,1京都1,曇,9.0,天ケ瀬特別(2勝クラス),13,2.0,2,66.2,9.0,10,斎藤新,58.0,ダ,1800.0,良,114.5,2.1,10-11-11-12,37.4,460.0,-2.0,グランドプラージュ,
2021104039,ジュンラトゥール,2025/12/13,5中京3,曇,10.0,鳴海特別(2勝クラス),16,4.0,8,59.6,11.0,5,斎藤新,58.0,ダ,1800.0,良,113.7,0.4,9-11-9-9,36.7,462.0,-2.0,アラレタバシル,155.0
2021104039,ジュンラトゥール,2025/09/07,2札幌6,晴,12.0,3歳以上1勝クラス,14,2.0,2,11.6,5.0,1,斎藤新,58.0,ダ,1700.0,稍,105.7,-0.5,11-14-14-8,37.5,464.0,2.0,(スマートカイロス),800.0
2021104039,ジュンラトゥール,2025/08/31,2札幌4,曇,12.0,3歳以上1勝クラス,12,5.0,6,9.4,5.0,6,舟山瑠泉,55.0,ダ,1700.0,稍,106.1,0.7,5-5-5-7,37.9,462.0,0.0,アイオリア,
2021104039,ジュンラトゥール,2025/08/16,1札幌7,晴,8.0,3歳以上1勝クラス,14,7.0,12,23.4,8.0,3,舟山瑠泉,55.0,ダ,1700.0,良,106.2,0.4,5-5-2-1,39.0,462.0,2.0,ゼロスネーク,200.0
2021104039,ジュンラトゥール,2025/05/11,1新潟4,曇,7.0,4歳以上1勝クラス,15,7.0,12,6.6,4.0,10,丸山元気,58.0,ダ,1800.0,稍,115.8,1.0,6-7-5-5,40.6,460.0,-4.0,ワンダーカモン,
2021104039,ジュンラトゥール,2025/04/13,2阪神6,小雨,6.0,4歳以上1勝クラス,10,8.0,10,4.3,2.0,4,松山弘平,58.0,ダ,1800.0,稍,114.8,0.9,5-5-4-5,38.2,464.0,-4.0,バトンインディ,120.0
2021104039,ジュンラトゥール,2025/03/23,2中京4,晴,7.0,4歳以上1勝クラス,16,2.0,4,6.5,3.0,8,和田竜二,58.0,ダ,1800.0,良,115.3,0.4,7-5-7-7,37.4,468.0,-2.0,メイショウヘール,
2021104039,ジュンラトゥール,2025/03/08,1阪神3,曇,7.0,4歳以上1勝クラス,10,7.0,7,3.5,2.0,5,和田竜二,58.0,ダ,2000.0,良,129.3,0.5,4-5-3-3,40.3,470.0,6.0,サンライズウェーヴ,80.0
2021104039,ジュンラトゥール,2024/12/08,7京都4,曇,7.0,3歳以上1勝クラス,10,7.0,7,3.8,2.0,2,松山弘平,57.0,ダ,1800.0,良,114.2,0.1,2-2-4-4,38.8,464.0,-2.0,レーウィン,320.0
2021104039,ジュンラトゥール,2024/11/23,6京都7,曇,8.0,3歳以上1勝クラス,9,8.0,9,3.3,3.0,2,松山弘平,56.0,ダ,1900.0,良,121.0,0.4,4-4-2-2,38.3,466.0,4.0,ホルトバージ,320.0
2021104039,ジュンラトゥール,2024/10/27,5京都8,曇,7.0,3歳以上1勝クラス,11,6.0,6,3.0,1.0,3,田口貫太,55.0,ダ,1900.0,良,121.1,0.3,3-3-6-6,38.6,462.0,0.0,マサハヤウォルズ,200.0
2021104039,ジュンラトゥール,2024/09/29,3中京9,曇,4.0,3歳以上1勝クラス,9,3.0,3,2.1,1.0,3,和田竜二,55.0,ダ,1900.0,重,119.7,0.6,2-2-2-2,37.9,462.0,-6.0,アルベリック,200.0
2021104039,ジュンラトゥール,2024/09/14,3中京3,晴,4.0,3歳以上1勝クラス,13,5.0,7,5.5,3.0,2,和田竜二,55.0,ダ,1900.0,良,120.4,0.2,2-2-2-4,37.9,468.0,12.0,ラミアストラーダ,320.0
2021104039,ジュンラトゥール,2024/05/26,3京都12,晴,2.0,3歳未勝利,16,7.0,13,2.3,1.0,1,和田竜二,57.0,ダ,1900.0,良,120.6,-0.4,4-6-5-4,37.9,456.0,2.0,(アイファーキャップ),550.0
2021104039,ジュンラトゥール,2024/05/04,3京都5,晴,2.0,3歳未勝利,10,1.0,1,5.3,3.0,2,和田竜二,57.0,ダ,1900.0,良,121.9,0.2,3-3-3-3,38.5,454.0,-2.0,シェアホルダーズ,220.0
2021104039,ジュンラトゥール,2024/04/21,3京都2,曇,3.0,3歳未勝利,16,1.0,1,5.4,3.0,2,和田竜二,57.0,ダ,1900.0,良,122.6,0.9,8-8-6-4,39.2,456.0,2.0,デルマアートマン,220.0
2021104039,ジュンラトゥール,2024/03/02,1阪神3,曇,3.0,3歳未勝利,14,7.0,11,16.0,7.0,4,和田竜二,57.0,ダ,1800.0,重,116.0,0.3,8-8-8-7,38.6,454.0,2.0,エアサンサーラ,83.0
2021104039,ジュンラトゥール,2024/02/10,2京都5,曇,2.0,3歳未勝利,11,3.0,3,31.4,6.0,3,和田竜二,57.0,ダ,1900.0,良,121.5,0.5,3-3-3-5,39.0,452.0,6.0,アンバードール,140.0
2021104039,ジュンラトゥール,2024/01/14,1京都5,晴,2.0,3歳未勝利,13,5.0,6,310.2,12.0,4,和田竜二,57.0,ダ,1900.0,良,122.9,1.1,9-9-7-9,39.6,446.0,-2.0,シーリュウシー,83.0
2021104039,ジュンラトゥール,2023/12/28,5阪神9,晴,1.0,2歳未勝利,16,8.0,15,286.8,14.0,9,和田竜二,56.0,ダ,1800.0,良,117.2,1.2,11-11-12-11,39.0,448.0,4.0,クロダブシ,
2021104039,ジュンラトゥール,2023/12/10,4中京4,晴,1.0,2歳未勝利,11,2.0,2,24.8,6.0,6,今村聖奈,53.0,ダ,1800.0,良,118.4,1.3,9-9-7-8,41.6,444.0,10.0,キャッシュブリッツ,
2021104039,ジュンラトゥール,2023/09/02,2札幌7,晴,2.0,2歳未勝利,14,1.0,1,32.7,9.0,11,池添謙一,55.0,ダ,1700.0,稍,110.8,2.5,14-14-12-11,40.5,434.0,2.0,アンジュグルーヴ,
2021104039,ジュンラトゥール,2023/08/05,1札幌5,曇,1.0,2歳未勝利,14,5.0,7,44.0,7.0,6,今村聖奈,52.0,ダ,1700.0,不,108.7,2.2,13-13-12-9,39.2,432.0,10.0,バルミーウェザー,
2021104039,ジュンラトゥール,2023/06/17,1函館3,曇,6.0,2歳新馬,12,5.0,5,101.4,11.0,9,池添謙一,55.0,ダ,1000.0,良,61.7,1.8,11-11,35.6,422.0,0.0,ゼルトザーム,
2022106924,ハイクオリティ,2026/06/27,2福島1,晴,10.0,いわき特別(2勝クラス),11,1.0,1,4.0,2.0,2,ゴンサル,58.0,ダ,1700.0,稍,104.4,0.1,2-2-1-2,37.0,474.0,-2.0,リフレックス,638.2
2022106924,ハイクオリティ,2026/05/09,1新潟3,晴,12.0,4歳以上1勝クラス,12,8.0,11,1.7,1.0,1,ゴンサル,58.0,ダ,1800.0,稍,114.8,-0.4,1-1-1-1,40.9,476.0,2.0,(カレンラップスター),820.0
2022106924,ハイクオリティ,2026/04/18,1福島3,晴,8.0,4歳以上1勝クラス,15,5.0,8,2.4,1.0,2,荻野極,58.0,ダ,1700.0,良,106.1,0.1,1-1-1-1,38.4,474.0,-12.0,メイショウクーガー,330.0
2022106924,ハイクオリティ,2026/02/28,1阪神3,晴,6.0,4歳以上1勝クラス,13,6.0,8,3.4,2.0,4,荻野極,57.0,ダ,1800.0,良,114.3,0.5,2-2-2-2,38.6,486.0,0.0,サイモンシュバリエ,120.0
2022106924,ハイクオリティ,2026/02/10,2京都4,晴,4.0,4歳以上1勝クラス,9,8.0,9,3.6,2.0,3,荻野極,57.0,ダ,1800.0,良,116.0,1.2,2-2-4-5,38.4,486.0,8.0,ルクスフレンジー,210.0
2022106924,ハイクオリティ,2026/01/05,1京都2,晴,7.0,4歳以上1勝クラス,15,6.0,10,6.7,4.0,2,荻野極,57.0,ダ,1800.0,良,112.4,0.4,1-1-1-1,38.5,478.0,-6.0,ルクスフレンジー,330.0
2022106924,ハイクオリティ,2025/11/09,4京都2,雨,6.0,3歳以上1勝クラス,16,8.0,15,23.5,7.0,7,吉村誠之,55.0,ダ,1800.0,重,110.6,1.0,7-7-5-4,38.2,484.0,6.0,ブルーワール,
2022106924,ハイクオリティ,2025/10/18,4新潟1,曇,6.0,3歳以上1勝クラス,15,7.0,13,6.5,2.0,7,斎藤新,56.0,ダ,1800.0,良,115.1,1.9,5-5-1-1,40.3,478.0,2.0,ゴールデンクラウド,
2022106924,ハイクオリティ,2025/08/23,2札幌1,晴,4.0,3歳未勝利,14,5.0,8,8.0,4.0,1,ゴンサル,57.0,ダ,1700.0,重,104.5,-1.0,3-4-3-2,36.8,476.0,-4.0,(リドルトリガー),560.0
2022106924,ハイクオリティ,2025/06/28,1函館5,晴,2.0,3歳未勝利,12,7.0,10,10.2,4.0,7,佐々木大,57.0,ダ,2400.0,稍,157.2,3.0,11-11-5-6,39.5,480.0,2.0,ピストルスター,
2022106924,ハイクオリティ,2025/06/22,1函館4,曇,6.0,3歳未勝利,11,1.0,1,7.2,5.0,4,佐々木大,57.0,ダ,1700.0,重,106.1,1.0,10-10-5-5,38.0,478.0,4.0,マンオブザマッチ,84.0
2022106924,ハイクオリティ,2025/05/25,2京都10,曇,3.0,3歳未勝利,14,7.0,12,9.0,4.0,4,和田竜二,57.0,ダ,1900.0,不,119.7,1.2,6-6-4-4,38.4,474.0,-6.0,ワールドキッス,84.0
2022106924,ハイクオリティ,2025/05/17,2京都7,雨,1.0,3歳未勝利,10,8.0,11,2.4,1.0,10,松若風馬,57.0,ダ,1800.0,不,114.5,2.3,8-9-7-7,38.1,480.0,0.0,ユキノクラウン,
2022106924,ハイクオリティ,2025/04/26,2京都1,晴,2.0,3歳未勝利,16,4.0,8,9.3,4.0,4,松若風馬,57.0,ダ,1800.0,良,114.2,0.5,3-3-2-2,39.3,480.0,0.0,パーフェクト,84.0
2022106924,ハイクオリティ,2025/04/13,2阪神6,曇,2.0,3歳未勝利,15,3.0,4,5.2,3.0,4,松若風馬,57.0,ダ,1800.0,良,115.8,0.9,14-15-13-13,38.2,480.0,0.0,ディニテ,84.0
2022106924,ハイクオリティ,2025/03/01,1小倉11,曇,6.0,3歳未勝利,18,6.0,12,20.1,8.0,10,長岡禎仁,57.0,芝,2000.0,良,123.5,0.8,14-13-16-14,35.7,480.0,-12.0,ダノンジャイアン,
2022106924,ハイクオリティ,2025/02/09,1小倉6,晴,5.0,3歳新馬,12,5.0,5,4.8,2.0,5,長岡禎仁,57.0,芝,2000.0,稍,126.7,2.6,8-8-8-8,37.0,492.0,0.0,コーチェラバレー,62.0
2022110130,ベラジオワールド,2026/06/07,3東京2,曇,12.0,小金井特別(2勝クラス),16,7.0,13,8.9,4.0,3,横山和生,57.0,ダ,1600.0,良,96.4,0.1,11-11,35.3,494.0,0.0,マクリール,405.2
2022110130,ベラジオワールド,2026/05/16,2東京7,晴,10.0,立川特別(2勝クラス),12,5.0,6,6.2,4.0,2,横山和生,57.0,ダ,1400.0,良,84.0,0.1,3-3,35.6,494.0,-2.0,メリディアンスター,639.6
2022110130,ベラジオワールド,2026/04/26,2東京2,晴,12.0,4歳以上2勝クラス,16,6.0,11,6.4,2.0,4,横山和生,57.0,ダ,1400.0,稍,84.1,0.4,6-6,35.7,496.0,-8.0,スナッピードレッサ,180.0
2022110130,ベラジオワールド,2026/02/22,1東京8,晴,12.0,大島特別(2勝クラス),16,2.0,4,5.9,4.0,3,横山和生,57.0,ダ,1400.0,良,84.4,0.2,11-11,35.6,504.0,-4.0,アスクアイルビゼア,406.1
2022110130,ベラジオワールド,2026/02/01,1東京2,晴,4.0,4歳以上1勝クラス,16,7.0,14,3.6,2.0,1,横山和生,56.0,ダ,1400.0,良,84.8,-0.2,5-5,37.3,508.0,22.0,(マルセルテソーロ),820.0
2022110130,ベラジオワールド,2025/10/18,4東京6,晴,7.0,3歳以上1勝クラス,17,5.0,9,4.1,1.0,6,横山武史,55.0,芝,1400.0,良,81.0,0.9,7-7,34.1,486.0,2.0,ミクストベリーズ,
2022110130,ベラジオワールド,2025/09/28,4中山9,晴,7.0,3歳以上1勝クラス,16,3.0,6,7.3,3.0,3,佐々木大,54.0,芝,1600.0,良,93.2,0.7,2-3-3,34.9,484.0,-12.0,リバーバレイト,200.0
2022110130,ベラジオワールド,2025/08/30,3新潟3,晴,9.0,新発田城特別(1勝クラス),18,7.0,14,2.5,1.0,3,戸崎圭太,53.0,芝,1400.0,良,81.2,0.5,8-8,34.5,496.0,18.0,ポッドロワール,285.7
2022110130,ベラジオワールド,2025/05/17,2東京7,雨,5.0,3歳未勝利,18,1.0,1,2.2,1.0,1,ディー,55.0,芝,1400.0,良,82.4,-0.2,6-6,34.7,478.0,-2.0,(ウインイザナミ),560.0
2022110130,ベラジオワールド,2025/04/26,2東京1,曇,5.0,3歳未勝利,18,4.0,7,3.3,2.0,3,戸崎圭太,55.0,芝,1400.0,良,81.2,0.2,4-5,34.9,480.0,-6.0,フロウアンドライム,140.0
2022110130,ベラジオワールド,2025/03/29,3中山1,雨,6.0,3歳1勝クラス,8,5.0,5,5.9,4.0,3,戸崎圭太,55.0,芝,1800.0,稍,110.9,0.3,7-7-5-6,36.1,486.0,4.0,センツブラッド,200.0
2022110130,ベラジオワールド,2025/01/06,1中山2,曇,5.0,3歳新馬,16,5.0,10,2.3,1.0,2,戸崎圭太,55.0,芝,1600.0,良,95.7,0.2,4-6-4,34.9,482.0,0.0,ストレイトトーカー,250.0
2022103778,ライフゲート,2026/07/04,1函館7,晴,10.0,竜飛崎特別(2勝クラス),14,4.0,5,5.8,3.0,9,丹内祐次,58.0,ダ,1700.0,良,106.2,0.7,12-13-12-10,38.3,512.0,-2.0,ケイアイアギト,
2022103778,ライフゲート,2026/06/21,1函館4,小雨,10.0,檜山特別(2勝クラス),9,8.0,9,6.4,2.0,2,丹内祐次,58.0,ダ,1700.0,良,104.4,0.1,1-1-1-1,37.0,514.0,0.0,チャーリー,635.8
2022103778,ライフゲート,2026/05/24,2東京10,曇,8.0,三峰山特別(2勝クラス),16,2.0,4,12.0,5.0,13,松山弘平,58.0,ダ,1600.0,稍,98.8,2.2,7-8,36.9,514.0,2.0,ヘニーガイスト,
2022103778,ライフゲート,2026/05/02,2東京3,晴,12.0,4歳以上2勝クラス,14,5.0,7,19.2,6.0,3,佐々木大,58.0,ダ,1600.0,稍,97.0,0.3,3-5,36.2,512.0,2.0,ルヴァレドクール,300.0
2022103778,ライフゲート,2026/04/18,1福島3,晴,11.0,ラジオ福島賞(2勝クラス),15,6.0,10,7.8,5.0,4,丹内祐次,56.0,ダ,1700.0,良,105.6,0.5,9-8-8-6,37.5,510.0,-2.0,メイショウカシワデ,240.0
2022103778,ライフゲート,2026/02/22,1小倉10,晴,10.0,和布刈特別(2勝クラス),16,5.0,10,9.0,5.0,5,鮫島克駿,57.0,ダ,1700.0,良,106.4,0.7,3-3-3-3,37.9,512.0,-4.0,タイセイミッション,158.0
2022103778,ライフゲート,2026/02/08,1小倉6,曇,10.0,由布院特別(2勝クラス),16,1.0,2,4.8,1.0,4,丹内祐次,57.0,ダ,1700.0,良,106.9,0.3,7-7-8-7,38.3,516.0,0.0,パフ,240.0
2022103778,ライフゲート,2026/01/25,1小倉2,晴,10.0,響灘特別(2勝クラス),16,4.0,8,10.8,6.0,4,菊沢一樹,57.0,ダ,1700.0,良,106.0,0.2,7-7-6-5,36.6,516.0,2.0,アイウィル,240.0
2022103778,ライフゲート,2025/12/06,5中山1,晴,10.0,鹿島特別(2勝クラス),12,8.0,11,7.7,4.0,7,丹内祐次,57.0,ダ,1800.0,良,113.7,0.5,1-1-1-1,39.0,514.0,8.0,ブルータス,
2022103778,ライフゲート,2025/11/15,3福島3,晴,10.0,西郷特別(2勝クラス),15,6.0,10,5.0,3.0,5,丹内祐次,55.0,ダ,1700.0,良,106.8,0.9,3-3-2-3,37.9,506.0,-8.0,テーオールビー,155.0
2022103778,ライフゲート,2025/08/10,1札幌6,曇,12.0,Fビレッジ特別(2勝クラス),14,7.0,11,10.7,3.0,3,丹内祐次,54.0,ダ,1700.0,良,105.2,1.3,5-5-5-3,38.4,514.0,0.0,イムホテプ,394.7
2022103778,ライフゲート,2025/07/19,1函館11,晴,8.0,3歳以上1勝クラス,10,7.0,8,1.9,1.0,1,丹内祐次,55.0,ダ,1700.0,良,105.7,-0.1,2-2-2-2,37.4,514.0,0.0,(カペルブリュッケ),800.0
2022103778,ライフゲート,2025/06/29,1函館6,晴,8.0,3歳以上1勝クラス,11,7.0,9,7.0,4.0,2,丹内祐次,55.0,ダ,1700.0,良,105.3,0.2,6-5-5-2,39.4,514.0,2.0,チュウワクリスエス,320.0
2022103778,ライフゲート,2025/06/15,1函館2,晴,2.0,3歳未勝利,14,8.0,14,2.2,1.0,1,丹内祐次,57.0,ダ,1700.0,良,106.0,-0.5,1-1-1-1,38.6,512.0,12.0,(エポカリーナ),560.0
2022103778,ライフゲート,2025/04/20,3中山8,曇,3.0,3歳未勝利,12,7.0,10,1.8,1.0,2,丹内祐次,57.0,ダ,1800.0,良,114.8,0.2,1-1-1-1,40.6,500.0,-2.0,スマートカイロス,220.0
2022103778,ライフゲート,2025/03/30,3中山2,曇,3.0,3歳未勝利,14,6.0,10,4.5,4.0,2,丹内祐次,57.0,ダ,1800.0,稍,114.7,0.1,2-2-2-2,38.9,502.0,-2.0,グレイスザクラウン,220.0
2022103778,ライフゲート,2025/03/15,2中山5,晴,2.0,3歳未勝利,16,6.0,12,28.3,6.0,4,丹内祐次,57.0,ダ,1800.0,稍,116.1,0.0,2-2-1-1,39.8,504.0,4.0,ナムラジミー,84.0
2022103778,ライフゲート,2025/02/23,1小倉10,晴,1.0,3歳未勝利,10,7.0,7,14.9,6.0,5,小林脩斗,55.0,ダ,1700.0,良,109.5,0.7,2-2-2-2,38.6,500.0,-2.0,ゴールドダイアー,56.0
2022103778,ライフゲート,2025/02/15,1小倉7,晴,1.0,3歳未勝利,14,5.0,7,66.3,10.0,3,小林脩斗,55.0,ダ,1700.0,良,108.3,0.7,3-3-3-3,39.0,502.0,-12.0,ダイチラポール,140.0
2022103778,ライフゲート,2024/10/20,4新潟6,晴,2.0,2歳未勝利,9,6.0,6,15.8,5.0,8,小林脩斗,54.0,ダ,1800.0,稍,119.1,6.1,1-1-1-2,44.0,514.0,6.0,タガノマカシヤ,
2022103778,ライフゲート,2024/10/06,4東京2,曇,3.0,2歳新馬,16,2.0,4,28.0,8.0,10,永野猛蔵,56.0,ダ,1600.0,重,99.5,2.7,11-11,38.1,508.0,0.0,マリブオレンジ,
2021103809,マッスルバック,2026/07/04,1函館7,晴,10.0,竜飛崎特別(2勝クラス),14,3.0,4,235.8,13.0,8,黛弘人,58.0,ダ,1700.0,良,106.2,0.7,10-10-10-10,38.4,484.0,8.0,ケイアイアギト,
2021103809,マッスルバック,2026/04/18,2阪神7,晴,9.0,吹田特別(2勝クラス),14,5.0,8,109.4,13.0,11,太宰啓介,58.0,ダ,1400.0,良,84.7,1.5,14-14,35.2,476.0,-2.0,メイケイレイン,
2021103809,マッスルバック,2026/03/08,1阪神6,晴,8.0,4歳以上2勝クラス,9,8.0,8,27.8,6.0,7,太宰啓介,58.0,ダ,1800.0,良,116.3,1.4,8-8-8-9,36.8,478.0,-6.0,ルクスフレンジー,
2021103809,マッスルバック,2026/01/25,1京都9,晴,8.0,4歳以上2勝クラス,10,2.0,2,40.7,7.0,7,菱田裕二,58.0,ダ,1800.0,良,115.4,0.8,1-2-3-4,37.2,484.0,2.0,ショウサンジョージ,
2021103809,マッスルバック,2026/01/04,1京都1,曇,9.0,天ケ瀬特別(2勝クラス),13,5.0,6,78.6,10.0,6,菱田裕二,58.0,ダ,1800.0,良,113.6,1.2,2-3-3-3,37.6,482.0,0.0,グランドプラージュ,
2021103809,マッスルバック,2025/10/26,4東京9,曇,9.0,三鷹特別(2勝クラス),13,6.0,8,40.7,12.0,6,柴田善臣,58.0,ダ,1600.0,不,96.2,0.7,12-12,34.6,482.0,12.0,ベルダイナフェロー,
2021103809,マッスルバック,2025/04/26,1福島5,晴,12.0,4歳以上1勝クラス,13,7.0,10,5.4,3.0,1,菊沢一樹,58.0,ダ,1700.0,良,107.1,-0.4,3-3-4-4,37.9,470.0,-4.0,(プラムダンディ),800.0
2021103809,マッスルバック,2025/03/30,3中山2,晴,7.0,4歳以上1勝クラス,16,4.0,8,14.1,6.0,4,武藤雅,58.0,ダ,1800.0,稍,114.6,1.0,12-14-13-11,38.6,474.0,-2.0,タナサンブラック,120.0
2021103809,マッスルバック,2025/03/22,2中山7,晴,7.0,4歳以上1勝クラス,16,7.0,13,7.6,3.0,6,武藤雅,58.0,ダ,1800.0,稍,115.2,0.8,6-6-9-10,38.8,476.0,4.0,イデアユウシン,
2021103809,マッスルバック,2025/03/02,1小倉12,曇,12.0,4歳以上1勝クラス,16,1.0,2,6.4,3.0,4,小沢大仁,58.0,ダ,1700.0,稍,105.3,0.3,3-3-3-4,37.8,472.0,-8.0,アレナパラシオ,120.0
2021103809,マッスルバック,2025/01/26,1中山9,晴,6.0,4歳以上1勝クラス,16,5.0,9,7.1,4.0,6,菅原明良,57.0,ダ,1800.0,良,115.8,0.5,6-6-6-6,39.6,480.0,6.0,ライジンマル,
2021103809,マッスルバック,2025/01/06,1中山2,小雨,12.0,4歳以上1勝クラス,16,4.0,7,6.1,3.0,4,菅原明良,57.0,ダ,1800.0,良,116.2,0.4,4-4-5-3,39.0,474.0,8.0,カイコウ,120.0
2021103809,マッスルバック,2024/11/02,3福島1,雨,8.0,3歳以上1勝クラス,11,8.0,10,2.1,1.0,7,柴田善臣,56.0,ダ,1700.0,重,105.5,0.5,3-3-3-3,37.7,466.0,-4.0,ヘヴンリーハンド,
2021103809,マッスルバック,2024/10/06,4東京2,曇,7.0,3歳以上1勝クラス,16,4.0,7,14.2,5.0,4,柴田善臣,56.0,ダ,1600.0,重,95.5,0.4,15-14,36.0,470.0,0.0,サトノアインス,120.0
2021103809,マッスルバック,2024/09/21,4中山6,曇,7.0,3歳以上1勝クラス,14,8.0,14,7.7,4.0,5,大江原比,51.0,ダ,1800.0,良,115.0,0.8,11-11-11-10,37.3,470.0,12.0,イモータルバード,80.0
2021103809,マッスルバック,2024/06/29,2福島1,晴,8.0,3歳以上1勝クラス,15,7.0,13,10.3,6.0,2,柴田善臣,55.0,ダ,1700.0,良,106.9,0.0,6-7-4-4,37.4,458.0,10.0,スプレーフォール,320.0
2021103809,マッスルバック,2024/04/20,3京都1,曇,5.0,3歳1勝クラス,10,6.0,6,32.5,7.0,5,武豊,57.0,ダ,1800.0,良,114.1,0.5,10-10-10-10,36.8,448.0,-4.0,ジーサイクロン,78.0
2021103809,マッスルバック,2024/03/31,3中山4,晴,6.0,3歳1勝クラス,11,7.0,8,122.6,9.0,5,柴田善臣,57.0,芝,1600.0,良,94.3,0.6,6-8-8,34.9,452.0,-12.0,ケイケイ,78.0
2021103809,マッスルバック,2024/03/10,2中山6,晴,6.0,3歳1勝クラス,16,2.0,3,59.9,10.0,16,大江原比,53.0,ダ,1800.0,稍,118.7,4.6,1-1-1-2,43.9,464.0,-2.0,サトノエピック,
2021103809,マッスルバック,2023/12/28,5中山9,曇,2.0,2歳未勝利,16,7.0,13,13.3,5.0,1,田中勝春,56.0,ダ,1800.0,良,116.5,-0.8,8-8-5-2,38.9,466.0,2.0,(サンカルミア),550.0
2021103809,マッスルバック,2023/11/25,5東京7,晴,3.0,2歳未勝利,13,6.0,9,26.1,6.0,6,柴田善臣,56.0,芝,1800.0,良,108.4,1.0,7-7-7,34.6,464.0,4.0,ペッレグリーニ,
2021103809,マッスルバック,2023/10/29,4東京9,曇,5.0,2歳新馬,11,3.0,3,108.0,8.0,3,柴田善臣,56.0,芝,2000.0,良,122.8,0.5,3-3-3,34.2,460.0,0.0,ジオセントリック,180.0
2020100673,ヒルノピレネー,2026/04/12,1福島2,晴,10.0,喜多方特別(2勝クラス),16,2.0,4,13.5,7.0,12,亀田温心,58.0,ダ,1150.0,良,70.3,1.6,15-14,37.4,450.0,-2.0,イマージョン,
2020100673,ヒルノピレネー,2025/10/12,3京都4,小雨,9.0,円山特別(2勝クラス),14,6.0,10,27.2,8.0,10,秋山稔樹,58.0,ダ,1200.0,良,71.4,1.3,13-12,35.1,452.0,8.0,アメリカンビキニ,
2020100673,ヒルノピレネー,2025/09/27,4阪神8,晴,12.0,3歳以上2勝クラス,16,6.0,12,45.8,10.0,5,亀田温心,58.0,ダ,1200.0,良,72.0,1.4,13-13,35.9,444.0,-12.0,タカネノハナコサン,114.0
2020100673,ヒルノピレネー,2025/05/24,2京都9,雨,12.0,オーストラリアT(2勝クラス),13,4.0,4,111.4,12.0,10,菱田裕二,58.0,ダ,1400.0,稍,83.1,1.3,12-12,35.2,456.0,-2.0,プロミシングスター,
2020100673,ヒルノピレネー,2025/05/11,2京都6,曇,12.0,4歳以上2勝クラス,16,1.0,1,37.5,11.0,9,秋山稔樹,58.0,ダ,1400.0,稍,84.8,0.9,4-5,37.1,458.0,-4.0,プルートマスター,
2020100673,ヒルノピレネー,2025/03/15,2中京1,小雨,9.0,伊良湖特別(2勝クラス),16,4.0,7,15.2,5.0,7,秋山稔樹,58.0,ダ,1200.0,良,72.8,0.5,12-11,35.9,462.0,-2.0,ヤマニンアルリフラ,
2020100673,ヒルノピレネー,2024/12/22,7京都8,晴,8.0,3歳以上2勝クラス,16,7.0,14,14.8,6.0,9,秋山稔樹,58.0,ダ,1400.0,良,86.2,0.8,4-5,38.0,464.0,4.0,スターペスカオリ,
2020100673,ヒルノピレネー,2024/12/01,4中京2,晴,10.0,クロフネC(2勝クラス),16,6.0,11,17.9,6.0,6,浜中俊,58.0,ダ,1200.0,良,71.6,0.7,15-14,35.3,460.0,4.0,ライジン,
2020100673,ヒルノピレネー,2024/11/16,3福島5,曇,10.0,西郷特別(2勝クラス),15,3.0,5,21.8,8.0,2,亀田温心,58.0,ダ,1150.0,良,68.5,0.2,10-9,36.3,456.0,10.0,グッジョブ,631.0
2020100673,ヒルノピレネー,2024/05/19,1新潟8,晴,10.0,火打山特別(2勝クラス),15,8.0,14,5.4,2.0,6,小林勝太,58.0,ダ,1200.0,良,71.7,0.6,9-7,36.9,446.0,-2.0,シラキヌ,
2020100673,ヒルノピレネー,2024/04/28,1新潟2,晴,7.0,4歳以上1勝クラス,11,7.0,8,4.5,2.0,1,小林勝太,55.0,ダ,1200.0,良,71.6,-0.7,4-3,36.9,448.0,0.0,(ルワンジュ),800.0
2020100673,ヒルノピレネー,2024/04/14,1福島4,晴,9.0,医王寺特別(1勝クラス),14,7.0,11,16.7,6.0,9,秋山稔樹,58.0,芝,1200.0,良,69.6,1.3,2-3,35.8,448.0,-6.0,コスモアディラート,
2020100673,ヒルノピレネー,2024/02/11,2小倉2,晴,12.0,4歳以上1勝クラス,13,6.0,8,39.7,10.0,6,永島まな,54.0,ダ,1700.0,良,106.1,1.4,4-3-8-9,37.8,454.0,0.0,サパテアール,
2020100673,ヒルノピレネー,2024/01/27,1小倉5,晴,7.0,4歳以上1勝クラス,16,8.0,15,26.6,9.0,4,永島まな,54.0,ダ,1700.0,良,106.7,2.4,5-6-6-6,38.0,454.0,-2.0,マイネルカーライル,120.0
2020100673,ヒルノピレネー,2024/01/13,1小倉1,晴,7.0,4歳以上1勝クラス,16,5.0,9,6.3,3.0,9,永島まな,54.0,ダ,1700.0,良,108.5,1.1,3-4-7-8,38.9,456.0,20.0,ヴァンドゥラン,
2020100673,ヒルノピレネー,2023/07/29,1札幌3,晴,4.0,3歳未勝利,14,4.0,6,8.6,5.0,1,松田大作,56.0,ダ,1700.0,良,107.9,-0.3,3-3-4-3,37.9,436.0,-2.0,(クレシューズ),550.0
2020100673,ヒルノピレネー,2023/07/15,2函館5,雨,3.0,3歳未勝利,16,3.0,6,14.3,5.0,10,松田大作,56.0,芝,1200.0,重,72.3,0.7,7-6,37.2,438.0,-14.0,シンデレラスマイル,
2020100673,ヒルノピレネー,2023/04/29,1京都3,曇,1.0,3歳未勝利,15,8.0,16,7.4,4.0,6,松田大作,56.0,ダ,1400.0,良,86.7,2.1,2-2,39.5,452.0,0.0,ナイトアクアリウム,
2020100673,ヒルノピレネー,2023/04/16,2阪神8,晴,2.0,3歳未勝利,16,3.0,6,8.1,3.0,3,松田大作,56.0,ダ,1400.0,不,84.4,0.3,2-2,37.8,452.0,-2.0,エナジーポコアポコ,140.0
2020100673,ヒルノピレネー,2023/03/25,2阪神1,曇,6.0,3歳未勝利,18,6.0,11,36.1,7.0,7,松田大作,56.0,芝,1600.0,稍,95.5,1.2,4-4,35.5,454.0,10.0,システムリブート,
2020100673,ヒルノピレネー,2022/11/26,5阪神7,曇,3.0,2歳未勝利,16,6.0,12,27.6,7.0,13,池添謙一,55.0,芝,1400.0,良,83.2,2.2,7-8,36.5,444.0,-2.0,テンノメッセージ,
2020100673,ヒルノピレネー,2022/10/16,4新潟2,晴,4.0,2歳未勝利,10,1.0,1,9.7,4.0,7,松田大作,55.0,芝,1600.0,良,98.1,0.3,6-7,33.2,446.0,-4.0,トーセントラム,
2020100673,ヒルノピレネー,2022/10/02,5中京9,晴,3.0,2歳未勝利,13,4.0,5,18.4,7.0,3,松田大作,55.0,芝,1600.0,良,95.6,0.2,4-6-5,34.8,450.0,-10.0,メランポジューム,130.0
2020100673,ヒルノピレネー,2022/07/03,1函館8,曇,1.0,2歳未勝利,11,6.0,7,8.6,5.0,5,池添謙一,54.0,芝,1200.0,稍,71.7,0.7,9-10,36.3,460.0,0.0,シンゼンイズモ,52.0
2020100673,ヒルノピレネー,2022/06/19,1函館4,曇,5.0,2歳新馬,8,8.0,8,6.8,3.0,6,池添謙一,54.0,芝,1200.0,良,70.8,0.9,2-2,35.3,460.0,0.0,スプレモフレイバー,
2024103610,コスモバルムンク,2026/07/04,2福島3,晴,5.0,2歳新馬,14,2.0,2,12.7,6.0,7,三浦皇成,55.0,芝,1800.0,良,109.9,0.9,5-5-5-5,36.1,436.0,0.0,スタースポット,
2024104561,フルーツバスケット,2026/06/21,3東京6,曇,5.0,2歳新馬,13,2.0,2,42.8,10.0,5,吉田豊,55.0,芝,1800.0,稍,111.0,0.5,10-11-11,33.8,456.0,0.0,アヴィアトーレ,78.0
2024101481,ソラニワラエバ,2026/07/12,2福島6,小雨,5.0,2歳新馬,16,4.0,8,7.4,4.0,4,今村聖奈,53.0,芝,1800.0,稍,111.5,1.6,7-6-8-8,36.0,458.0,0.0,リサナウト,120.0
2024104709,コルサロ,2026/07/04,2福島3,晴,5.0,2歳新馬,14,4.0,5,55.3,8.0,5,杉原誠人,55.0,芝,1800.0,良,109.8,0.8,9-8-8-8,35.8,438.0,0.0,スタースポット,78.0
2024101755,トリプティーク,2026/06/28,2福島2,晴,5.0,2歳新馬,14,7.0,11,241.4,14.0,9,柴田大知,55.0,芝,1800.0,良,110.2,1.4,10-10-9-9,36.3,438.0,0.0,ウインワーグナー,
2024100263,ローグアン,2026/07/12,2福島6,小雨,5.0,2歳新馬,16,3.0,5,46.1,10.0,12,荻野極,55.0,芝,1800.0,稍,113.9,4.0,12-8-13-13,38.0,470.0,0.0,リサナウト,
2024106085,ノシェリー,2026/07/05,2福島4,晴,5.0,2歳新馬,16,1.0,1,24.8,7.0,4,原優介,55.0,芝,2000.0,良,123.6,0.4,8-8-7-8,36.3,470.0,0.0,エスクアドラ,120.0
2024101058,ランドジャイアンツ,2026/07/05,2福島4,晴,5.0,2歳新馬,16,1.0,2,56.5,11.0,8,大野拓弥,55.0,芝,2000.0,良,123.8,0.6,7-5-3-5,36.7,498.0,0.0,エスクアドラ,
2024106974,ワンコール,2026/07/12,2福島6,小雨,5.0,2歳新馬,16,3.0,6,28.0,7.0,10,石橋脩,55.0,芝,1800.0,稍,112.3,2.4,8-10-6-5,37.0,452.0,0.0,リサナウト,
2024106204,レゾルーティオ,2026/07/04,2福島3,曇,1.0,2歳未勝利,8,5.0,5,5.6,2.0,3,北村友一,55.0,芝,1800.0,稍,108.5,0.4,3-4-3-3,35.7,448.0,-2.0,コスモハナミズキ,150.0
2024106204,レゾルーティオ,2026/06/07,3阪神2,雨,5.0,2歳新馬,11,7.0,9,3.0,1.0,4,西村淳也,55.0,芝,1400.0,稍,82.5,0.6,4-4,35.2,450.0,0.0,ビスケットサンド,120.0
2023106346,パチクリベスクリ,2026/06/21,3東京6,曇,2.0,3歳未勝利,16,5.0,10,167.7,11.0,13,石神深道,54.0,ダ,1600.0,不,99.2,3.4,7-7,38.5,458.0,2.0,アクアマーズ,
2023106346,パチクリベスクリ,2026/05/30,2東京11,晴,3.0,3歳未勝利,18,7.0,14,233.6,12.0,11,杉原誠人,57.0,芝,1400.0,良,81.9,0.9,17-16,33.6,456.0,0.0,ワディアルリヤハ,
2023102590,プリプリプリン,2026/05/23,2東京9,曇,2.0,3歳未勝利,16,8.0,16,4.2,2.0,3,佐藤翔馬,52.0,ダ,1400.0,重,85.5,0.9,6-6,37.2,486.0,10.0,ヌクレオチド,150.0
2023102590,プリプリプリン,2026/05/03,2東京4,曇,2.0,3歳未勝利,16,7.0,13,70.0,11.0,2,佐藤翔馬,52.0,ダ,1400.0,稍,85.9,0.3,9-10,36.5,476.0,0.0,レピュニット,240.0
2023103693,スノーランス,2026/05/09,1新潟3,晴,3.0,3歳未勝利,15,5.0,9,4.8,2.0,6,富田暁,55.0,ダ,1200.0,稍,74.8,1.9,5-5,40.3,464.0,0.0,フレンズプラス,
2023103693,スノーランス,2026/05/02,1新潟1,晴,3.0,3歳未勝利,15,2.0,3,5.5,4.0,3,舟山瑠泉,53.0,ダ,1200.0,不,72.7,0.8,5-6,38.4,464.0,2.0,アンバサダネージュ,150.0
2023103693,スノーランス,2026/03/21,1中京3,晴,2.0,3歳未勝利,16,2.0,4,4.3,2.0,3,吉村誠之,55.0,ダ,1200.0,良,74.0,0.8,5-4,38.1,462.0,0.0,ヴェルジーネ,150.0
2023103693,スノーランス,2026/03/14,1中京1,晴,2.0,3歳未勝利,16,2.0,4,3.5,2.0,3,鮫島克駿,55.0,ダ,1200.0,良,73.3,0.1,1-1,37.6,462.0,-8.0,ゴーゴーパンチ,150.0
2023103693,スノーランス,2026/01/25,1京都9,晴,3.0,3歳未勝利,12,8.0,11,8.0,4.0,4,吉村誠之,55.0,ダ,1400.0,良,86.8,0.5,3-3,38.0,470.0,-4.0,ハンザキ,89.0
2023103693,スノーランス,2026/01/10,1中山3,晴,3.0,3歳未勝利,16,2.0,4,16.3,5.0,5,菅原明良,55.0,ダ,1200.0,良,74.0,1.3,7-6,37.8,474.0,6.0,コックピットサイト,59.0
2023103693,スノーランス,2025/12/20,5中京5,雨,1.0,2歳未勝利,16,1.0,2,10.9,6.0,2,鮫島克駿,55.0,ダ,1200.0,稍,74.1,0.5,10-10,37.4,468.0,4.0,ミヤラティーニ,220.0
2023103693,スノーランス,2025/12/06,5中京1,晴,1.0,2歳未勝利,16,3.0,5,50.1,12.0,4,菊沢一樹,55.0,ダ,1400.0,良,87.6,0.8,12-11,38.4,464.0,22.0,ダンシングドール,84.0
2023103693,スノーランス,2025/09/27,4中山8,曇,3.0,2歳未勝利,16,7.0,13,24.5,6.0,8,津村明秀,55.0,ダ,1200.0,良,73.8,2.0,3-3,38.8,442.0,-6.0,コパノトーマス,
2023103693,スノーランス,2025/08/03,1札幌4,晴,1.0,2歳未勝利,12,4.0,4,7.4,4.0,4,舟山瑠泉,52.0,ダ,1000.0,良,61.0,0.5,5-5,37.2,448.0,-4.0,アンティミスト,84.0
2023103693,スノーランス,2025/07/06,1函館8,曇,1.0,2歳未勝利,10,4.0,4,12.4,5.0,5,佐々木大,55.0,芝,1200.0,稍,71.4,1.2,3-3,36.3,452.0,2.0,タガノアラリア,56.0
2023103693,スノーランス,2025/06/21,1函館3,曇,5.0,2歳新馬,15,8.0,14,77.6,11.0,6,佐々木大,55.0,芝,1200.0,良,69.7,1.5,6-7,35.4,450.0,0.0,ブラックチャリス,
2023102338,シャインネージュ,2026/05/03,2東京4,曇,3.0,3歳未勝利,12,4.0,4,196.0,11.0,10,石橋脩,55.0,ダ,1600.0,稍,101.1,2.7,2-2,40.1,478.0,8.0,マサッチェハマー,
2023102338,シャインネージュ,2026/04/18,3中山7,曇,1.0,3歳未勝利,15,3.0,5,113.4,9.0,9,石橋脩,55.0,ダ,1200.0,良,73.9,1.8,12-11,37.2,470.0,0.0,クアロアランチ,
2023101142,ナーシリーヤ,2026/05/17,2東京8,晴,2.0,3歳未勝利,16,7.0,13,26.0,5.0,7,柴田大知,57.0,ダ,1400.0,良,88.0,1.8,10-12,37.4,480.0,0.0,デスサイズ,
2023100006,セイウンヤオヨロズ,2026/07/05,2福島4,晴,4.0,3歳未勝利,16,7.0,13,7.1,4.0,5,野中悠太,57.0,ダ,1150.0,良,68.9,1.2,4-4,37.4,466.0,-10.0,コウソクルリアン,58.0
2023100006,セイウンヤオヨロズ,2026/05/10,1新潟4,晴,2.0,3歳未勝利,15,3.0,4,5.8,3.0,9,野中悠太,57.0,ダ,1200.0,良,73.5,0.7,4-4,38.7,476.0,0.0,エコログロウ,
2023100006,セイウンヤオヨロズ,2026/04/25,1福島5,晴,4.0,3歳未勝利,16,1.0,2,13.9,5.0,2,野中悠太,57.0,ダ,1150.0,良,69.3,0.3,1-1,37.4,476.0,4.0,ブレイヴソルジャー,240.0
2023100006,セイウンヤオヨロズ,2026/04/11,1福島1,晴,4.0,3歳未勝利,16,8.0,16,26.4,8.0,4,野中悠太,57.0,ダ,1150.0,良,70.0,0.6,6-6,37.6,472.0,-10.0,ベルゼビュート,89.0
2023100006,セイウンヤオヨロズ,2026/01/24,1小倉1,曇,2.0,3歳未勝利,16,5.0,9,477.5,14.0,13,野中悠太,57.0,芝,1800.0,良,108.3,2.2,3-4-5-7,36.2,482.0,-4.0,アルヴァンドルード,
2023100006,セイウンヤオヨロズ,2025/12/14,5中山4,雨,3.0,2歳未勝利,18,3.0,6,248.0,16.0,12,野中悠太,56.0,芝,2000.0,稍,125.6,2.6,10-10-13-12,37.8,486.0,4.0,ラージアンサンブル,
2023100006,セイウンヤオヨロズ,2025/11/22,3福島5,晴,7.0,2歳未勝利,16,5.0,9,126.6,14.0,9,津村明秀,56.0,芝,1800.0,良,109.0,0.9,10-11-11-11,35.5,482.0,18.0,アロンソア,
2023100006,セイウンヤオヨロズ,2025/09/14,4中山4,曇,2.0,2歳未勝利,16,4.0,7,62.8,8.0,9,原優介,55.0,芝,1200.0,良,69.6,0.8,4-7,35.0,464.0,-10.0,フクチャンショウ,
2023100006,セイウンヤオヨロズ,2025/07/20,2福島8,晴,3.0,2歳未勝利,6,5.0,5,22.5,4.0,4,大野拓弥,55.0,芝,1200.0,良,72.0,1.0,6-5,35.7,474.0,-2.0,クリエープキー,84.0
2023100006,セイウンヤオヨロズ,2025/06/28,2福島1,晴,5.0,2歳新馬,8,5.0,5,5.2,4.0,5,大野拓弥,55.0,芝,1200.0,良,71.2,1.5,3-5,36.4,476.0,0.0,メーゼ,75.0
2023102069,メイショウバリスタ,2026/05/16,2東京7,晴,3.0,3歳未勝利,16,1.0,1,43.7,8.0,11,津村明秀,57.0,ダ,1300.0,良,81.4,2.0,15-12,37.0,440.0,-8.0,アヴァランチ,
2023102069,メイショウバリスタ,2026/03/22,2中山8,晴,1.0,3歳未勝利,16,3.0,5,66.8,9.0,10,柴田善臣,57.0,ダ,1200.0,良,74.0,2.2,14-14,37.7,448.0,0.0,マダックス,
2023104017,ロジザボード,2026/05/02,2東京3,晴,1.0,3歳未勝利,16,3.0,5,17.4,6.0,8,岩田康誠,55.0,ダ,1400.0,重,86.4,1.7,7-7,38.9,490.0,2.0,ミヤエスケープ,
2023104017,ロジザボード,2026/04/12,3中山6,晴,3.0,3歳未勝利,14,1.0,1,29.5,7.0,4,岩田康誠,55.0,ダ,1200.0,稍,73.1,1.0,6-7,38.0,488.0,0.0,タイセイブルーム,89.0
2023104017,ロジザボード,2026/03/07,2中山3,晴,1.0,3歳未勝利,16,6.0,12,97.9,10.0,8,岩田康誠,55.0,ダ,1200.0,重,73.4,2.1,13-13,37.7,488.0,0.0,トモジャオーリー,
2023101489,スウィートラキ,2026/06/20,3東京5,小雨,2.0,3歳未勝利,16,3.0,5,219.2,12.0,10,木幡初也,55.0,ダ,1400.0,不,85.7,1.6,2-2,37.6,446.0,4.0,ブルーミーティア,
2023101489,スウィートラキ,2026/05/24,2東京10,曇,1.0,3歳未勝利,16,5.0,9,605.6,16.0,9,木幡初也,55.0,ダ,1400.0,稍,86.9,1.5,9-8,38.8,442.0,12.0,オテンバプリンセス,
2023101489,スウィートラキ,2026/04/04,3中山3,雨,3.0,3歳未勝利,16,5.0,9,312.0,14.0,11,長浜鴻緒,53.0,ダ,1200.0,稍,74.0,2.0,13-12,38.4,430.0,-4.0,エコロバロン,
2023101489,スウィートラキ,2025/12/13,5中山3,曇,1.0,2歳未勝利,14,6.0,10,131.7,10.0,11,長浜鴻緒,53.0,ダ,1200.0,良,75.3,1.8,6-9,40.3,434.0,-14.0,ベアアッコチャン,
2023101489,スウィートラキ,2025/10/11,4東京3,雨,6.0,2歳新馬,16,8.0,16,121.3,15.0,11,長浜鴻緒,53.0,ダ,1600.0,稍,102.8,2.9,10-9,40.2,448.0,0.0,セイントエルモズ,
2023106133,スウェーバック,2026/06/14,3東京4,晴,1.0,3歳未勝利,15,1.0,1,68.6,8.0,9,野中悠太,55.0,ダ,1300.0,稍,80.6,2.1,6-6,37.6,436.0,-6.0,レゲンデ,
2023106133,スウェーバック,2026/05/17,2東京8,晴,1.0,3歳未勝利,16,3.0,6,19.9,8.0,13,菅原隆一,55.0,ダ,1600.0,良,101.5,2.8,5-6,40.1,442.0,4.0,ミライヘノティアラ,
2023106133,スウェーバック,2026/02/07,1東京3,曇,1.0,3歳未勝利,16,2.0,3,265.6,13.0,7,菅原隆一,55.0,ダ,1400.0,良,88.5,1.8,10-10,38.8,438.0,0.0,チームユートピア,
2023101804,ジョイベル,2026/05/17,1新潟6,晴,3.0,3歳未勝利,15,2.0,3,314.0,15.0,15,遠藤汰月,52.0,ダ,1200.0,良,76.2,3.5,14-15,39.4,452.0,0.0,マジンタクシー,
2023105179,フジテンクウ,2026/05/10,2東京6,晴,2.0,3歳未勝利,16,2.0,3,198.3,13.0,16,松岡正海,55.0,ダ,1400.0,良,89.5,3.2,5-5,40.4,454.0,10.0,フルールサシェ,
2023105179,フジテンクウ,2026/03/28,3中山1,晴,5.0,3歳未勝利,16,4.0,7,184.7,11.0,16,田辺裕信,55.0,芝,1600.0,稍,99.9,4.8,12-15-16,38.1,444.0,14.0,ナハトナナレオン,
2023105179,フジテンクウ,2025/11/23,5東京5,曇,3.0,2歳未勝利,17,2.0,3,297.2,14.0,17,松岡正海,55.0,芝,1600.0,良,97.7,3.8,6-4,37.7,430.0,2.0,ピエドゥラパン,
2023105179,フジテンクウ,2025/08/23,3新潟1,晴,5.0,2歳新馬,13,5.0,6,25.8,9.0,8,田辺裕信,55.0,芝,1600.0,良,99.5,0.9,7-5,34.1,428.0,0.0,ローザレイア,
2023107355,マナイアカラニ,2026/05/17,2東京8,晴,2.0,3歳未勝利,16,3.0,5,4.8,2.0,2,北村宏司,57.0,ダ,1400.0,良,86.2,0.0,4-4,36.9,482.0,-2.0,デスサイズ,240.0
2023107355,マナイアカラニ,2026/04/26,2東京2,晴,2.0,3歳未勝利,14,6.0,9,8.1,4.0,5,北村宏司,57.0,ダ,1600.0,稍,100.1,0.6,3-4,37.7,484.0,8.0,サトノフェンサー,59.0
2023107355,マナイアカラニ,2026/01/12,1中山5,晴,6.0,3歳未勝利,18,7.0,13,20.7,7.0,7,菊沢一樹,57.0,芝,2000.0,良,120.6,0.6,8-9-8-6,36.4,476.0,2.0,サトノマティーニ,
2023107355,マナイアカラニ,2025/12/20,5中山5,曇,5.0,2歳新馬,17,1.0,1,56.4,9.0,5,菊沢一樹,56.0,芝,2000.0,良,122.6,0.8,8-8-11-9,35.2,474.0,0.0,プラウディッツ,75.0
2023104392,オレンジキャンパス,2026/06/28,2福島2,晴,6.0,3歳未勝利,16,8.0,16,5.8,3.0,2,武藤雅,55.0,ダ,1150.0,良,68.8,0.2,1-1,37.7,472.0,2.0,サトノワーグナー,230.0
2023104392,オレンジキャンパス,2026/04/19,1福島4,晴,1.0,3歳未勝利,16,3.0,5,12.1,5.0,7,武藤雅,55.0,ダ,1150.0,良,69.5,0.5,12-13,37.2,470.0,2.0,ヨドノティアラ,
2023104392,オレンジキャンパス,2026/03/01,1小倉12,晴,5.0,3歳未勝利,18,3.0,5,23.0,8.0,11,武藤雅,55.0,芝,1200.0,良,69.9,0.5,4-5,36.1,468.0,0.0,プルヴォワール,
2023104392,オレンジキャンパス,2026/02/14,1小倉7,晴,2.0,3歳未勝利,18,1.0,2,16.0,7.0,3,武藤雅,55.0,芝,1200.0,良,69.0,0.4,5-6,35.6,468.0,-2.0,マーゴットミスト,150.0
2023104392,オレンジキャンパス,2026/01/10,1中山3,晴,1.0,3歳未勝利,16,7.0,13,16.5,4.0,7,武藤雅,55.0,ダ,1200.0,良,74.0,1.4,2-2,39.3,470.0,10.0,ライヴレッドアイ,
2023104392,オレンジキャンパス,2025/09/06,4中山1,晴,5.0,2歳新馬,16,5.0,9,70.3,13.0,7,石川裕紀,55.0,芝,1200.0,良,69.9,0.9,9-10,34.3,460.0,0.0,ランプローグ,
2022106150,スワローシチー,2026/06/21,3東京6,曇,8.0,3歳以上1勝クラス,16,1.0,2,20.1,7.0,8,西村淳也,58.0,芝,1600.0,稍,94.5,0.7,8-7,34.9,478.0,0.0,ラベルセーヌ,
2022106150,スワローシチー,2026/06/07,3東京2,曇,8.0,3歳以上1勝クラス,17,2.0,3,12.9,3.0,2,荻野極,58.0,芝,1600.0,良,92.9,0.1,7-5,34.7,478.0,2.0,ソニックライン,330.0
2022106150,スワローシチー,2026/03/29,1中京6,晴,6.0,4歳以上1勝クラス,13,5.0,6,8.4,5.0,8,佐々木大,57.0,芝,2200.0,良,132.2,0.6,6-6-6-6,34.7,476.0,0.0,メイショウアイル,
2022106150,スワローシチー,2026/02/22,1東京8,晴,6.0,4歳以上1勝クラス,16,5.0,10,24.2,7.0,7,田辺裕信,57.0,芝,1800.0,良,106.6,0.5,6-6-8,34.4,476.0,2.0,シャンソンドール,
2022106150,スワローシチー,2026/01/31,1東京1,晴,12.0,4歳以上1勝クラス,12,1.0,1,32.5,7.0,7,田辺裕信,57.0,芝,1800.0,良,107.1,0.5,5-6-7,33.8,474.0,0.0,アールヴィヴァン,
2022106150,スワローシチー,2026/01/12,1中山5,晴,12.0,4歳以上1勝クラス,18,8.0,18,15.5,3.0,12,田辺裕信,57.0,芝,2000.0,良,120.3,1.1,14-14-15-15,34.8,474.0,6.0,キャピタルリッチ,
2022106150,スワローシチー,2025/12/14,5中山4,曇,12.0,3歳以上1勝クラス,16,4.0,8,3.5,2.0,8,戸崎圭太,57.0,芝,1800.0,稍,109.6,0.6,8-7-7-6,35.7,468.0,0.0,ウィンターベル,
2022106150,スワローシチー,2025/11/24,3福島6,曇,12.0,3歳以上1勝クラス,16,5.0,10,3.6,1.0,3,石川裕紀,56.0,芝,2000.0,良,120.8,0.2,12-13-13-7,34.3,468.0,-6.0,イガッチ,200.0
2022106150,スワローシチー,2025/10/11,4東京3,雨,7.0,3歳以上1勝クラス,10,5.0,5,5.5,4.0,4,石川裕紀,56.0,芝,2000.0,良,119.0,1.4,8-7-7,34.7,474.0,12.0,ボウウィンドウ,120.0
2022106150,スワローシチー,2025/04/26,2東京1,曇,11.0,テレビ東京杯青葉賞(GII),13,8.0,12,94.8,11.0,7,田辺裕信,57.0,芝,2400.0,良,145.3,0.5,13-13-13-12,33.8,462.0,2.0,エネルジコ,
2022106150,スワローシチー,2025/03/16,2中山6,小雨,11.0,スプリングS(GII),12,8.0,12,21.9,8.0,5,田辺裕信,57.0,芝,1800.0,重,112.0,0.5,12-12-10-8,37.5,460.0,-4.0,ピコチャンブラック,540.0
2022106150,スワローシチー,2025/03/01,2中山1,晴,9.0,水仙賞(1勝クラス),13,7.0,11,9.8,5.0,8,石川裕紀,57.0,芝,2200.0,良,137.2,0.7,9-9-10-10,34.7,464.0,4.0,エーオーキング,
2022106150,スワローシチー,2024/12/15,5中山6,晴,7.0,2歳未勝利,18,1.0,1,7.3,3.0,1,石川裕紀,56.0,芝,2000.0,良,119.7,0.0,11-10-11-8,34.8,460.0,-4.0,(アルティテュード),550.0
2022106150,スワローシチー,2024/11/16,5東京5,曇,2.0,2歳未勝利,14,4.0,5,7.9,5.0,4,石川裕紀,56.0,芝,2000.0,良,120.6,0.7,8-7-7,34.1,464.0,6.0,ジュンアサヒソラ,83.0
2022106150,スワローシチー,2024/10/26,4東京7,曇,2.0,2歳未勝利,11,6.0,6,14.7,4.0,4,石川裕紀,56.0,芝,2000.0,良,125.3,0.3,5-5-5,33.3,458.0,2.0,リアライズオーラム,83.0
2022106150,スワローシチー,2024/09/28,4中山8,曇,4.0,2歳未勝利,16,6.0,11,10.1,4.0,8,津村明秀,55.0,芝,2000.0,良,122.9,0.7,9-10-10-6,36.1,456.0,0.0,サトノラポール,
2022106150,スワローシチー,2024/09/08,4中山2,晴,2.0,2歳未勝利,9,1.0,1,8.6,4.0,2,石川裕紀,55.0,芝,2000.0,良,121.2,0.0,6-5-6-5,34.1,456.0,2.0,パートオブワールド,220.0
2022106150,スワローシチー,2024/08/18,3新潟4,晴,2.0,2歳未勝利,10,7.0,7,1.8,1.0,7,石川裕紀,55.0,芝,1800.0,良,109.9,1.7,5-5,35.1,454.0,0.0,シルバーレイン,
2022106150,スワローシチー,2024/06/22,3東京7,晴,5.0,2歳新馬,13,8.0,12,25.1,6.0,3,石川裕紀,55.0,芝,1800.0,稍,110.1,0.4,10-10-10,33.3,454.0,0.0,モンドデラモーレ,180.0
2023106443,コスモナエマ,2026/06/27,1函館5,晴,7.0,3歳以上1勝クラス,11,2.0,2,16.5,4.0,11,長浜鴻緒,52.0,芝,2000.0,稍,121.1,1.5,3-3-2-3,37.5,480.0,-2.0,ドウアドバンテージ,
2023106443,コスモナエマ,2026/06/14,1函館2,晴,9.0,八雲特別(1勝クラス),10,4.0,4,6.4,3.0,7,長浜鴻緒,53.0,芝,1800.0,良,108.7,0.9,2-2-2-2,35.6,482.0,2.0,モンローウォーク,
2023106443,コスモナエマ,2026/04/05,3中山4,晴,5.0,3歳未勝利,16,6.0,11,11.2,4.0,1,津村明秀,55.0,芝,2000.0,重,122.2,-0.2,1-1-1-1,36.6,480.0,0.0,(マーゴットドライ),590.0
2023106443,コスモナエマ,2026/03/07,2中山3,晴,6.0,3歳未勝利,18,4.0,8,20.8,6.0,5,津村明秀,55.0,芝,2000.0,稍,123.8,0.7,5-5-5-4,36.3,480.0,-6.0,サムシングスイート,59.0
2023106443,コスモナエマ,2025/09/07,2札幌6,曇,2.0,2歳未勝利,10,6.0,6,7.9,3.0,2,丹内祐次,55.0,芝,2000.0,稍,126.7,0.1,8-8-2-2,37.0,486.0,8.0,アッカン,220.0
2023106443,コスモナエマ,2025/08/09,2新潟5,晴,2.0,2歳未勝利,10,5.0,5,56.7,8.0,4,津村明秀,55.0,芝,2000.0,良,122.3,0.7,7-6-2-2,37.2,478.0,0.0,ロードフィレール,84.0
2023106443,コスモナエマ,2025/07/20,2福島8,晴,5.0,2歳新馬,13,4.0,5,11.7,5.0,10,津村明秀,55.0,芝,2000.0,良,128.3,4.5,8-7-7-10,40.3,478.0,0.0,オブラプリーマ,
2022100068,メイショウキンタイ,2025/12/21,5阪神6,雨,7.0,3歳以上1勝クラス,18,2.0,4,22.7,8.0,11,和田陽希,53.0,芝,2200.0,重,134.2,1.5,9-8-13-12,37.0,474.0,-2.0,ヴァリージア,
2022100068,メイショウキンタイ,2025/11/23,4京都6,晴,7.0,3歳以上1勝クラス,18,8.0,18,17.2,7.0,5,田山旺佑,53.0,芝,2400.0,良,144.8,0.9,5-5-3-3,35.2,476.0,-2.0,ウインデイジー,80.0
2022100068,メイショウキンタイ,2025/10/26,4新潟4,雨,7.0,3歳以上1勝クラス,15,7.0,12,7.1,5.0,6,石神深道,53.0,芝,2000.0,稍,121.9,0.4,12-13,34.1,478.0,4.0,ディヴァインスター,
2022100068,メイショウキンタイ,2025/08/17,1札幌8,雨,3.0,3歳未勝利,15,4.0,7,2.5,1.0,3,武豊,57.0,芝,2000.0,良,122.9,0.5,10-11-9-4,36.2,474.0,-2.0,ヒルノレーダン,140.0
2022100068,メイショウキンタイ,2025/08/09,1札幌5,晴,6.0,3歳未勝利,15,1.0,1,2.4,1.0,4,武豊,57.0,芝,2000.0,稍,123.0,0.9,8-8-8-8,35.9,476.0,0.0,アリスメティーク,84.0
2022100068,メイショウキンタイ,2025/06/21,1函館3,晴,4.0,3歳未勝利,16,1.0,2,2.9,2.0,2,武豊,57.0,芝,2000.0,良,120.6,0.4,7-6-5-3,36.0,476.0,4.0,アオイタケル,220.0
2022100068,メイショウキンタイ,2025/05/25,2京都10,曇,5.0,3歳未勝利,14,1.0,1,2.8,2.0,2,武豊,57.0,芝,2200.0,重,135.5,0.0,14-14-13-8,35.3,472.0,-6.0,レーヌマロン,220.0
2022100068,メイショウキンタイ,2025/05/03,2京都3,晴,5.0,3歳未勝利,12,3.0,3,1.3,1.0,4,レーン,57.0,芝,1800.0,稍,108.8,0.2,9-9,33.9,478.0,8.0,ヤエギリ,84.0
2022100068,メイショウキンタイ,2025/04/13,2阪神6,小雨,4.0,3歳未勝利,14,8.0,14,2.0,1.0,2,モレイラ,57.0,芝,2000.0,良,121.9,0.0,5-6-4-3,34.9,470.0,-4.0,メイショウビストロ,220.0
2022100068,メイショウキンタイ,2025/01/26,1中京9,晴,6.0,3歳未勝利,16,1.0,2,2.6,1.0,2,角田大和,57.0,芝,2200.0,良,135.5,0.0,5-5-4-4,35.3,474.0,0.0,ビゾー,220.0
2022100068,メイショウキンタイ,2025/01/06,1中京2,曇,5.0,3歳未勝利,18,5.0,10,28.0,10.0,2,角田大和,57.0,芝,2000.0,良,123.1,0.2,3-4-3-3,35.2,474.0,6.0,ミラージュナイト,220.0
2022100068,メイショウキンタイ,2024/11/03,6京都2,晴,3.0,2歳未勝利,8,4.0,4,5.3,3.0,中,岩田望来,56.0,芝,2000.0,稍,,,4-4,,468.0,-4.0,ファウストラーゼン,
2022100068,メイショウキンタイ,2024/10/20,4新潟6,晴,1.0,2歳未勝利,10,3.0,3,3.3,2.0,2,角田大和,56.0,芝,2000.0,稍,123.3,0.1,3-2-3-3,36.5,472.0,-4.0,ハイタイド,220.0
2022100068,メイショウキンタイ,2024/09/28,3中京8,曇,5.0,2歳新馬,17,7.0,14,20.3,8.0,8,岩田望来,55.0,芝,2000.0,良,124.6,1.0,12-11-12-12,34.5,476.0,0.0,ロケベンドラ,
2021101801,ケイツールピア,2025/12/14,5中山4,曇,12.0,3歳以上1勝クラス,16,1.0,2,113.9,14.0,9,石田拓郎,53.0,芝,1800.0,稍,109.6,0.6,15-14-13-13,34.6,410.0,4.0,ウィンターベル,
2021101801,ケイツールピア,2025/10/19,4新潟2,曇,9.0,松浜特別(1勝クラス),15,8.0,15,126.4,14.0,4,石田拓郎,56.0,芝,2000.0,稍,120.1,0.7,15-14,34.6,406.0,-16.0,ジャンビ,170.0
2021101801,ケイツールピア,2025/09/20,4中山6,曇,7.0,3歳以上1勝クラス,18,8.0,16,206.6,16.0,8,石田拓郎,53.0,芝,2000.0,良,121.3,0.8,12-12-14-13,34.6,422.0,6.0,レイヤードレッド,
2021101801,ケイツールピア,2025/08/31,3新潟4,晴,8.0,3歳以上1勝クラス,9,8.0,8,88.8,7.0,7,遠藤汰月,53.0,芝,2000.0,良,119.6,2.5,9-9,35.2,416.0,-2.0,マカナ,
2021101801,ケイツールピア,2025/08/10,2新潟6,雨,11.0,3歳以上1勝クラス,14,4.0,6,55.7,11.0,7,遠藤汰月,53.0,芝,2000.0,重,124.0,0.9,13-13,34.2,418.0,10.0,ズイウンゴサイ,
2021101801,ケイツールピア,2025/05/24,1新潟7,小雨,10.0,石打特別(1勝クラス),16,4.0,7,104.3,14.0,9,小林美駒,56.0,芝,2000.0,良,121.8,0.9,15-15,34.2,408.0,2.0,アレナリア,
2021101801,ケイツールピア,2025/05/04,1新潟2,晴,8.0,4歳以上1勝クラス,9,8.0,8,15.8,6.0,7,石田拓郎,53.0,芝,1800.0,良,109.4,1.1,3-3,35.6,406.0,-2.0,メイショウノブカ,
2021101801,ケイツールピア,2025/04/13,1福島2,小雨,7.0,4歳以上1勝クラス,16,2.0,3,60.4,11.0,8,舟山瑠泉,53.0,芝,2000.0,良,123.0,1.9,16-16-16-15,36.3,408.0,8.0,バードウォッチャー,
2021101801,ケイツールピア,2025/02/02,1小倉4,晴,7.0,4歳以上1勝クラス,18,5.0,10,43.2,12.0,18,小林美駒,51.0,芝,2000.0,重,124.3,2.2,17-17-17-16,37.4,400.0,-4.0,ファミリーツリー,
2021101801,ケイツールピア,2024/10/27,4新潟8,晴,9.0,湯沢特別(1勝クラス),16,6.0,11,42.8,10.0,9,横山琉人,54.0,芝,2000.0,良,120.2,0.8,8-8,34.7,404.0,-2.0,クロシェットノエル,
2021101801,ケイツールピア,2024/10/05,4新潟1,晴,9.0,松浜特別(1勝クラス),14,6.0,9,47.4,11.0,5,横山琉人,54.0,芝,2000.0,良,119.7,1.0,14-14,33.9,406.0,-12.0,マイネルオーシャン,111.0
2021101801,ケイツールピア,2024/08/17,3新潟3,晴,12.0,3歳以上1勝クラス,18,7.0,15,23.1,6.0,12,横山琉人,52.0,芝,1800.0,良,106.6,1.2,16-16,34.2,418.0,6.0,ニューステソーロ,
2021101801,ケイツールピア,2024/05/19,1新潟8,晴,6.0,3歳未勝利,16,3.0,5,3.1,1.0,1,小林美駒,51.0,芝,1800.0,良,109.9,-0.2,11-9,34.5,412.0,-4.0,(タガノディオーサ),550.0
2021101801,ケイツールピア,2024/05/04,1新潟3,晴,5.0,3歳未勝利,16,7.0,13,3.5,2.0,3,横山琉人,54.0,芝,1800.0,良,108.4,0.1,12-12,34.7,416.0,2.0,ザブライド,140.0
2021101801,ケイツールピア,2024/02/24,2中山1,晴,5.0,3歳未勝利,16,5.0,10,17.3,6.0,3,横山琉人,54.0,芝,2000.0,稍,123.1,0.2,13-13-12-11,35.6,414.0,-8.0,サツキノジョウ,140.0
2021101801,ケイツールピア,2024/02/03,1東京3,晴,5.0,3歳新馬,16,6.0,11,88.5,9.0,5,横山琉人,54.0,芝,1600.0,良,97.0,1.2,12-11,33.4,422.0,0.0,セイロンジェムズ,62.0
2022107186,フィールドノート,2026/05/23,2東京9,曇,7.0,4歳以上1勝クラス,18,7.0,15,4.0,2.0,4,ルメール,58.0,芝,1600.0,良,93.0,0.7,8-8,33.8,476.0,26.0,ルナルーチェット,120.0
2022107186,フィールドノート,2025/01/05,1中山1,晴,5.0,3歳未勝利,16,3.0,6,7.2,3.0,1,マーカン,57.0,芝,1600.0,良,94.3,-0.1,11-11-11,34.0,450.0,0.0,(ルトンワージ),560.0
2022105532,カリーン,2026/07/05,2福島4,曇,8.0,3歳以上1勝クラス,12,2.0,2,7.7,4.0,8,丸山元気,56.0,芝,1800.0,良,110.0,0.9,5-6-7-8,34.9,472.0,14.0,オックスアイ,
2022105532,カリーン,2025/05/03,2東京3,晴,10.0,スイートピーS(L),13,4.0,4,117.8,10.0,5,石川裕紀,55.0,芝,1800.0,良,106.5,0.6,9-9-7,33.8,458.0,-4.0,ルージュソリテール,200.0
2022105532,カリーン,2025/03/30,3中山2,晴,9.0,ミモザ賞(1勝クラス),7,6.0,6,16.0,5.0,4,丹内祐次,55.0,芝,2000.0,良,122.0,0.7,5-5-4-4,36.0,462.0,-6.0,カネラフィーナ,170.0
2022105532,カリーン,2025/01/18,1中山6,晴,9.0,菜の花賞(1勝クラス),16,2.0,3,108.3,11.0,4,大野拓弥,55.0,芝,1600.0,良,93.8,0.6,10-7-6,34.8,468.0,6.0,コムユンプリュム,170.0
2022105532,カリーン,2024/10/20,4東京6,晴,2.0,2歳未勝利,10,8.0,10,5.0,3.0,1,石川裕紀,55.0,芝,1600.0,良,96.0,-0.1,4-4,34.4,462.0,10.0,(ダノンリュラ),550.0
2022105532,カリーン,2024/09/28,4中山8,曇,5.0,2歳新馬,15,1.0,2,16.2,6.0,5,大野拓弥,55.0,芝,1600.0,良,96.6,0.6,5-5-5,35.6,452.0,0.0,クレオズニードル,72.0
2022104875,オルグジェシダ,2026/06/21,3東京6,曇,8.0,3歳以上1勝クラス,16,8.0,15,4.4,3.0,11,ルメール,56.0,芝,1600.0,稍,94.9,1.1,3-4,35.6,490.0,8.0,ラベルセーヌ,
2022104875,オルグジェシダ,2026/01/31,1東京1,晴,12.0,4歳以上1勝クラス,12,6.0,7,2.3,1.0,2,ルメール,55.0,芝,1800.0,良,106.7,0.1,7-6-5,33.6,482.0,6.0,アールヴィヴァン,330.0
2022104875,オルグジェシダ,2025/11/24,5東京6,晴,12.0,3歳以上1勝クラス,18,7.0,13,5.9,3.0,2,岩田望来,55.0,芝,1600.0,良,92.1,0.1,10-9,33.7,476.0,-2.0,レッドキングリー,320.0
2022104875,オルグジェシダ,2025/09/15,4中山5,曇,4.0,3歳未勝利,16,7.0,13,2.9,1.0,1,岩田望来,55.0,芝,1600.0,良,93.2,-0.3,7-9-7,33.9,478.0,6.0,(アセンディア),560.0
2022104875,オルグジェシダ,2025/08/23,3新潟1,晴,4.0,3歳未勝利,16,4.0,7,1.9,1.0,2,岩田望来,55.0,芝,1800.0,良,106.4,0.3,8-8,33.9,472.0,-4.0,ミエノフェアリー,220.0
2022104875,オルグジェシダ,2025/06/22,3東京6,晴,4.0,3歳未勝利,16,1.0,1,2.0,1.0,3,戸崎圭太,55.0,芝,1800.0,良,107.3,1.0,8-7-6,35.2,476.0,-4.0,サクラファレル,140.0
2022104875,オルグジェシダ,2025/05/25,2東京10,曇,5.0,3歳未勝利,17,6.0,11,1.9,1.0,2,ディー,55.0,芝,1800.0,稍,108.5,0.0,3-5-6,34.2,480.0,-4.0,コア,220.0
2022104875,オルグジェシダ,2025/04/26,2東京1,曇,4.0,3歳未勝利,18,1.0,1,7.5,3.0,2,ディー,55.0,芝,1800.0,良,105.8,0.2,2-2-2,35.0,484.0,12.0,エリーナストーム,180.0
2022104875,オルグジェシダ,2025/01/12,1中山4,曇,5.0,3歳未勝利,18,6.0,12,3.0,1.0,8,戸崎圭太,55.0,芝,2000.0,良,123.0,1.0,7-8-8-8,36.2,472.0,4.0,ニシノエピカリ,
2022104875,オルグジェシダ,2024/11/09,5東京3,晴,5.0,2歳新馬,9,4.0,4,3.6,2.0,3,戸崎圭太,55.0,芝,1800.0,良,108.7,0.3,5-6-5,33.8,468.0,0.0,カザンラク,180.0
2022101620,トラストモアリズム,2026/05/17,1新潟6,晴,7.0,4歳以上1勝クラス,13,6.0,9,34.4,8.0,9,今村聖奈,54.0,芝,2000.0,良,122.2,0.8,10-9,34.1,418.0,6.0,ベネスピラ,
2022101620,トラストモアリズム,2025/10/18,4新潟1,曇,9.0,岩船特別(1勝クラス),15,8.0,15,20.9,10.0,13,今村聖奈,53.0,芝,2200.0,良,134.8,2.0,4-3-2-2,38.1,412.0,-8.0,レーヴドロペラ,
2022101620,トラストモアリズム,2025/09/27,4中山8,晴,7.0,3歳以上1勝クラス,16,5.0,10,22.6,7.0,11,今村聖奈,51.0,芝,2200.0,良,134.0,1.5,15-16-13-12,35.0,420.0,-2.0,サンカシグレ,
2022101620,トラストモアリズム,2025/08/23,3新潟1,晴,7.0,3歳以上1勝クラス,11,6.0,6,7.3,4.0,6,今村聖奈,51.0,芝,1800.0,良,108.3,0.6,11-9,33.1,422.0,6.0,クラッシファイド,
2022101620,トラストモアリズム,2025/05/25,1新潟8,小雨,6.0,3歳未勝利,16,7.0,14,106.9,15.0,1,今村聖奈,53.0,芝,2200.0,稍,139.0,-0.3,15-15-16-13,36.5,416.0,-4.0,(マイネルフィスキオ),560.0
2022101620,トラストモアリズム,2025/04/13,3中山6,雨,6.0,3歳未勝利,18,8.0,17,173.7,15.0,11,今村聖奈,52.0,芝,2000.0,良,122.9,1.2,16-16-17-14,34.4,420.0,0.0,シャドウメテオ,
2022101620,トラストモアリズム,2025/01/19,1中山7,晴,2.0,3歳未勝利,16,1.0,2,19.8,5.0,10,荻野極,55.0,ダ,1800.0,良,119.4,3.1,9-6-7-7,41.4,420.0,-10.0,ロンパイア,
2022101620,トラストモアリズム,2024/12/21,5中山7,晴,6.0,2歳新馬,14,6.0,11,103.2,12.0,6,荻野極,55.0,ダ,1800.0,良,117.4,1.3,12-11-11-10,39.0,430.0,0.0,メリークリスマス,
2021103518,リアルセンター,2026/07/11,2福島5,曇,7.0,3歳以上1勝クラス,11,3.0,3,151.3,9.0,7,原優介,56.0,芝,2000.0,良,119.7,1.4,9-8-8-9,35.6,514.0,8.0,ドナルンバ,
2021103518,リアルセンター,2026/05/16,1新潟5,晴,9.0,石打特別(1勝クラス),16,1.0,1,72.8,11.0,13,舟山瑠泉,56.0,芝,1800.0,良,108.2,1.3,10-10,35.1,506.0,-4.0,ルールーリマ,
2021103518,リアルセンター,2026/04/25,1福島5,晴,12.0,4歳以上1勝クラス,16,8.0,15,51.3,11.0,9,舟山瑠泉,54.0,芝,1800.0,良,108.0,1.1,7-6-6-4,36.9,510.0,0.0,モアニ,
2021103518,リアルセンター,2026/04/12,1福島2,晴,6.0,4歳以上1勝クラス,15,8.0,14,42.3,11.0,13,和田陽希,53.0,芝,2000.0,良,120.4,1.5,6-6-6-8,36.3,510.0,-4.0,コスモイシュタル,
2021103518,リアルセンター,2026/02/28,1小倉11,晴,8.0,4歳以上1勝クラス,13,8.0,12,76.9,11.0,7,菊沢一樹,56.0,芝,2000.0,稍,122.2,1.2,9-10-9-7,37.4,514.0,-6.0,マテンロウシルビア,
2021103518,リアルセンター,2026/02/15,1小倉8,晴,6.0,4歳以上1勝クラス,16,5.0,9,37.8,12.0,14,田山旺佑,53.0,芝,2000.0,稍,123.3,2.2,2-2-3-4,38.0,520.0,24.0,ダノンジャイアン,
2021103518,リアルセンター,2024/09/29,4中山9,曇,7.0,3歳以上1勝クラス,17,8.0,17,35.5,8.0,10,菅原明良,53.0,芝,2200.0,良,134.7,1.3,2-2-2-2,35.8,496.0,-2.0,コンフェルマ,
2021103518,リアルセンター,2024/09/15,4中山4,晴,8.0,3歳以上1勝クラス,17,3.0,5,7.9,4.0,4,横山琉人,52.0,芝,2000.0,良,118.7,0.6,12-10-8-8,34.4,498.0,4.0,エバーハンティング,120.0
2021103518,リアルセンター,2024/07/21,2福島8,晴,7.0,3歳未勝利,16,2.0,4,12.1,6.0,1,横山琉人,54.0,芝,2000.0,良,121.3,-0.1,1-1-1-1,36.5,494.0,0.0,(アイソーザライト),550.0
2021103518,リアルセンター,2024/06/30,2福島2,曇,7.0,3歳未勝利,16,6.0,12,81.3,11.0,5,荻野極,55.0,芝,2000.0,良,119.2,1.1,8-8-6-5,36.1,494.0,4.0,クラッチプレイヤー,55.0
2021103518,リアルセンター,2024/05/18,1新潟7,晴,5.0,3歳未勝利,16,7.0,14,41.9,11.0,11,荻野極,55.0,芝,2000.0,良,126.0,1.5,1-1-1-1,39.7,490.0,6.0,ノリピー,
2021103518,リアルセンター,2024/04/21,2東京2,晴,4.0,3歳未勝利,11,2.0,2,51.0,8.0,8,岩田望来,55.0,芝,2400.0,良,147.9,0.8,3-3-4-4,34.9,484.0,-2.0,ポルトフェリス,
2021103518,リアルセンター,2024/04/07,3中山6,晴,5.0,3歳未勝利,17,3.0,6,252.0,13.0,7,小林凌大,55.0,芝,2000.0,重,123.9,0.4,5-5-5-4,36.8,486.0,0.0,キューティクローム,
2021103518,リアルセンター,2024/03/17,1中京4,曇,3.0,3歳未勝利,18,4.0,7,216.5,16.0,11,中井裕二,55.0,芝,2000.0,良,125.1,1.5,8-8-8-8,35.4,486.0,-4.0,メルトユアハート,
2021103518,リアルセンター,2024/01/21,1中山7,雨,2.0,3歳未勝利,15,6.0,10,264.8,13.0,12,木幡巧也,55.0,ダ,1800.0,不,117.9,4.3,12-13-12-13,41.1,490.0,-2.0,カフェアローロ,
2021103518,リアルセンター,2024/01/07,1中山2,曇,6.0,3歳新馬,17,7.0,13,151.2,14.0,14,木幡巧也,55.0,芝,2000.0,良,124.6,2.5,9-9-9-9,37.6,492.0,0.0,スティンガーグラス,
2023103356,ヴァリスマリネリス,2026/05/23,2東京9,曇,9.0,カーネーションC(1勝クラス),12,5.0,5,29.3,5.0,4,津村明秀,55.0,芝,1800.0,良,106.6,0.2,2-3-3,34.3,434.0,10.0,イクシード,170.0
2023103356,ヴァリスマリネリス,2026/03/14,2中山5,晴,11.0,アネモネS(L),16,6.0,11,17.8,8.0,11,横山武史,55.0,芝,1600.0,良,94.0,1.3,15-15-15,34.4,424.0,2.0,ディアダイヤモンド,
2023103356,ヴァリスマリネリス,2026/01/11,1中山4,晴,11.0,フェアリーS(GIII),16,7.0,14,14.2,6.0,9,横山武史,55.0,芝,1600.0,良,94.3,0.7,12-10-10,35.3,422.0,-4.0,ブラックチャリス,
2023103356,ヴァリスマリネリス,2025/10/26,4東京9,小雨,5.0,2歳新馬,16,3.0,5,3.4,2.0,1,横山武史,55.0,芝,1800.0,稍,109.6,-0.1,5-4-3,34.2,426.0,0.0,(ミナヅキ),750.0
2023106960,キシダンチョウ,2026/04/25,3京都1,晴,8.0,あやめ賞(1勝クラス),6,3.0,3,5.7,3.0,3,高杉吏麒,57.0,芝,1800.0,良,105.3,0.2,4-6,34.1,506.0,-8.0,ブレットパス,292.1
2023106960,キシダンチョウ,2026/03/15,1阪神8,曇,9.0,ゆきやなぎ賞(1勝クラス),7,2.0,2,3.4,2.0,4,高杉吏麒,57.0,芝,2400.0,良,146.8,0.3,5-5-7-4,35.9,514.0,10.0,シャドウマスター,170.0
2023106960,キシダンチョウ,2025/12/28,5阪神8,晴,6.0,2歳新馬,16,3.0,5,4.2,1.0,1,高杉吏麒,56.0,芝,1600.0,良,95.4,0.0,10-9,34.2,504.0,0.0,(ララファキュルテ),750.0
2021103561,ゴールドスター,2026/06/06,3東京1,晴,10.0,テレビ山梨杯(2勝クラス),17,6.0,12,58.6,11.0,16,横山和生,56.0,芝,1400.0,良,81.3,1.2,17-17,33.2,466.0,-2.0,ロジケープ,
2021103561,ゴールドスター,2026/05/10,2東京6,晴,8.0,4歳以上2勝クラス,11,8.0,10,13.7,7.0,6,横山和生,58.0,芝,1400.0,良,81.0,0.4,8-8,33.6,468.0,-2.0,レッドキングリー,
2021103561,ゴールドスター,2026/02/22,1東京8,晴,8.0,4歳以上2勝クラス,16,3.0,5,21.6,8.0,8,横山和生,58.0,芝,1400.0,良,81.4,0.5,14-15,33.1,470.0,8.0,ピコローズ,
2021103561,ゴールドスター,2025/11/23,5東京5,曇,12.0,3歳以上2勝クラス,18,6.0,11,6.1,4.0,15,横山和生,58.0,芝,1400.0,良,81.6,1.1,13-14,33.3,462.0,2.0,アニトラ,
2021103561,ゴールドスター,2025/10/25,4東京8,雨,9.0,精進湖特別(2勝クラス),12,2.0,2,9.3,5.0,4,川田将雅,58.0,芝,1400.0,稍,81.4,0.0,10-10,33.1,460.0,0.0,ウイントワイライト,230.0
2021103561,ゴールドスター,2025/08/31,2札幌4,曇,10.0,HBC賞(2勝クラス),16,1.0,2,7.5,5.0,4,浜中俊,56.0,芝,1200.0,稍,69.8,0.2,7-7,34.8,460.0,-2.0,ロードマイライフ,230.0
2021103561,ゴールドスター,2025/08/23,2札幌1,晴,10.0,オールスターJ第1戦(2勝クラス),14,4.0,5,8.5,4.0,5,横山武史,58.0,芝,1200.0,良,69.3,0.3,4-5,34.8,462.0,0.0,ハートホイップ,155.0
2021103561,ゴールドスター,2025/08/03,1札幌4,晴,10.0,苫小牧特別(2勝クラス),13,6.0,8,6.4,5.0,8,石川裕紀,58.0,芝,1200.0,良,68.7,0.3,10-8,34.2,462.0,0.0,エヴァンスウィート,
2021103561,ゴールドスター,2025/05/24,1新潟7,曇,11.0,大日岳特別(2勝クラス),16,4.0,7,7.5,3.0,3,菊沢一樹,58.0,芝,1200.0,良,69.9,0.1,7-7,33.9,462.0,-8.0,セシリエプラージュ,395.4
2021103561,ゴールドスター,2025/03/01,1小倉11,曇,10.0,西日本新聞杯(2勝クラス),18,6.0,11,9.4,4.0,5,丹内祐次,58.0,芝,1200.0,良,68.9,0.5,7-8,34.7,470.0,2.0,ジョーメッドヴィン,155.0
2021103561,ゴールドスター,2025/02/02,1小倉4,曇,10.0,周防灘特別(2勝クラス),18,8.0,16,10.3,5.0,6,鮫島克駿,58.0,芝,1200.0,稍,70.0,0.5,2-2,35.7,468.0,12.0,トーラスシャイン,
2021103561,ゴールドスター,2024/12/21,5中山7,晴,12.0,クリスマスC(2勝クラス),16,5.0,9,4.9,3.0,5,田辺裕信,57.0,芝,1200.0,良,68.7,0.7,5-6,34.5,456.0,-2.0,ジューンブレア,155.0
2021103561,ゴールドスター,2024/10/12,4新潟3,晴,9.0,朝日岳特別(1勝クラス),18,4.0,8,6.0,3.0,1,田辺裕信,57.0,芝,1200.0,良,68.5,-0.4,1-1,34.4,458.0,-4.0,(モリノレッドスター),1156.2
2021103561,ゴールドスター,2024/09/15,4中山4,晴,12.0,3歳以上1勝クラス,16,7.0,13,4.9,3.0,3,横山武史,56.0,芝,1200.0,良,68.2,0.4,2-2,34.7,462.0,10.0,カリーシ,200.0
2021103561,ゴールドスター,2024/03/23,3中山1,曇,3.0,3歳未勝利,16,6.0,11,3.6,1.0,1,横山武史,57.0,ダ,1200.0,良,72.0,-0.3,1-1,37.6,452.0,-6.0,(ユニヴェールアン),550.0
2021103561,ゴールドスター,2024/01/13,1中山4,晴,3.0,3歳未勝利,16,3.0,6,2.5,1.0,4,ルメール,57.0,ダ,1200.0,良,73.3,1.3,4-3,38.3,458.0,-6.0,シークレットヴァウ,83.0
2021103561,ゴールドスター,2023/12/24,5中山8,曇,3.0,2歳未勝利,16,2.0,4,8.0,3.0,4,マーカン,56.0,芝,1200.0,良,69.4,0.4,5-3,35.2,464.0,0.0,キングズブレス,83.0
2021103561,ゴールドスター,2023/11/04,3福島1,曇,5.0,2歳新馬,16,6.0,12,4.6,2.0,2,丸田恭介,56.0,芝,1200.0,良,71.1,0.3,5-5,35.6,464.0,0.0,イスラアズール,290.0
2021105150,ナファロア,2026/05/23,2東京9,曇,10.0,高尾特別(2勝クラス),16,3.0,6,99.7,10.0,12,石橋脩,58.0,芝,1400.0,良,82.1,0.8,16-16,33.0,452.0,-2.0,シャイフ,
2021105150,ナファロア,2026/05/10,2東京6,晴,8.0,4歳以上2勝クラス,11,7.0,8,130.3,10.0,8,石橋脩,58.0,芝,1400.0,良,81.1,0.5,11-11,33.4,454.0,-12.0,レッドキングリー,
2021105150,ナファロア,2025/12/21,5中京6,曇,12.0,尾張特別(2勝クラス),18,3.0,6,93.3,17.0,10,菊沢一樹,53.0,芝,1400.0,稍,82.5,0.6,17-17,34.2,466.0,-4.0,リチャードバローズ,
2021105150,ナファロア,2025/11/09,5東京2,曇,12.0,3歳以上2勝クラス,18,5.0,9,140.4,14.0,12,原優介,58.0,芝,1400.0,良,82.3,0.9,13-13,33.7,470.0,12.0,タイセイカレント,
2021105150,ナファロア,2025/08/31,2札幌4,曇,10.0,HBC賞(2勝クラス),16,4.0,7,48.0,10.0,12,松岡正海,54.0,芝,1200.0,稍,70.8,1.2,13-13,35.3,458.0,-6.0,ロードマイライフ,
2021105150,ナファロア,2025/06/29,2福島2,晴,9.0,郡山特別(2勝クラス),11,8.0,10,91.1,9.0,10,原優介,58.0,芝,1200.0,良,69.4,1.3,8-6,35.3,464.0,0.0,マックアルイーン,
2021105150,ナファロア,2025/05/10,2東京5,曇,8.0,4歳以上2勝クラス,12,3.0,3,42.9,9.0,9,菅原明良,58.0,芝,1400.0,稍,81.8,1.1,8-9,34.5,464.0,-12.0,スカイハイ,
2021105150,ナファロア,2025/03/09,2中山4,晴,8.0,4歳以上2勝クラス,16,3.0,5,27.4,10.0,11,菅原明良,58.0,芝,1600.0,稍,95.4,1.2,15-15-15,36.2,476.0,4.0,レッドアトレーヴ,
2021105150,ナファロア,2025/02/16,1東京6,晴,8.0,4歳以上2勝クラス,13,4.0,4,7.8,2.0,6,菅原明良,58.0,芝,1600.0,良,94.7,0.8,3-3,34.7,472.0,8.0,キョウエイブリッサ,
2021105150,ナファロア,2024/11/16,5東京5,曇,12.0,3歳以上1勝クラス,18,1.0,1,221.9,14.0,1,角田大和,57.0,芝,1600.0,良,94.1,-0.1,3-3,34.0,464.0,-6.0,(レッドアトレーヴ),800.0
2021105150,ナファロア,2024/11/10,3福島4,晴,7.0,3歳以上1勝クラス,16,1.0,2,27.9,10.0,8,吉田隼人,57.0,芝,1200.0,良,71.0,0.9,12-11,35.6,470.0,10.0,ヤブサメ,
2021105150,ナファロア,2024/09/22,4中山7,曇,8.0,3歳以上1勝クラス,16,5.0,9,8.5,5.0,11,三浦皇成,56.0,ダ,1200.0,良,73.0,1.4,10-8,38.4,460.0,0.0,リリージェーン,
2021105150,ナファロア,2024/08/10,3新潟1,晴,12.0,3歳以上1勝クラス,18,5.0,9,5.5,2.0,8,ルメール,55.0,芝,1400.0,良,81.9,0.7,7-7,34.8,460.0,4.0,ララマセラシオン,
2021105150,ナファロア,2024/05/25,2東京11,晴,7.0,3歳1勝クラス,15,3.0,4,4.3,2.0,9,戸崎圭太,57.0,芝,1400.0,良,82.2,1.2,10-10,34.0,456.0,-6.0,スティールブルー,
2021105150,ナファロア,2024/04/13,3中山7,晴,5.0,3歳未勝利,16,4.0,7,3.3,1.0,1,戸崎圭太,57.0,芝,1600.0,良,94.8,-0.2,2-3-2,34.9,462.0,6.0,(ドリームクルーズ),550.0
2021105150,ナファロア,2023/08/06,2新潟4,晴,5.0,2歳新馬,10,5.0,5,11.1,4.0,2,Ｍ．デム,55.0,芝,1600.0,良,95.8,0.1,8-4,33.9,456.0,0.0,クリーンエア,290.0
2021102597,ラビットアイ,2026/06/28,2福島2,晴,9.0,松島特別(2勝クラス),13,3.0,3,19.3,7.0,7,田口貫太,56.0,芝,2000.0,良,117.8,0.4,5-6-6-8,35.0,488.0,-4.0,クロシェットノエル,
2021102597,ラビットアイ,2026/05/16,2東京7,晴,9.0,調布特別(2勝クラス),9,8.0,8,15.3,5.0,4,佐々木大,56.0,芝,1800.0,良,106.4,0.4,2-2-4,33.3,492.0,-12.0,ヴォンフレ,240.0
2021102597,ラビットアイ,2026/04/19,2阪神8,曇,9.0,蓬莱峡特別(2勝クラス),10,3.0,3,5.3,3.0,8,菱田裕二,56.0,芝,2000.0,良,120.4,0.8,5-5-6-6,35.2,504.0,12.0,ピンキープロミス,
2021102597,ラビットアイ,2025/08/16,3中京7,晴,8.0,長久手特別(2勝クラス),8,3.0,3,10.3,3.0,6,松山弘平,56.0,芝,2000.0,良,120.1,0.4,7-7-7-6,33.6,492.0,-2.0,レディーヴァリュー,
2021102597,ラビットアイ,2025/07/13,2小倉6,曇,10.0,西部スポニチ賞(2勝クラス),9,1.0,1,4.0,1.0,3,松山弘平,54.0,芝,2000.0,良,121.3,0.0,3-4-4-3,34.9,494.0,-2.0,アロマデローサ,392.8
2021102597,ラビットアイ,2025/03/30,2阪神2,曇,9.0,四国新聞杯(2勝クラス),11,6.0,6,2.2,1.0,6,松山弘平,56.0,芝,2000.0,良,121.7,0.7,10-10-10-10,35.6,496.0,-4.0,レディベル,
2021102597,ラビットアイ,2025/02/23,1小倉10,曇,7.0,4歳以上1勝クラス,12,6.0,8,2.7,1.0,1,佐々木大,55.0,芝,2000.0,良,120.1,-0.6,5-5-3-3,35.1,500.0,14.0,(エコテーラー),800.0
2021102597,ラビットアイ,2024/10/13,5京都4,晴,11.0,秋華賞(GI),15,4.0,6,145.2,15.0,11,横山典弘,55.0,芝,2000.0,良,118.3,1.2,15-15-15-15,34.4,486.0,-2.0,チェルヴィニア,
2021102597,ラビットアイ,2024/09/15,3中京4,曇,11.0,関西TVローズS(GII),15,5.0,8,50.5,10.0,15,横山典弘,55.0,芝,2000.0,稍,123.6,3.7,6-6-6-6,37.2,488.0,14.0,クイーンズウォーク,
2021102597,ラビットアイ,2024/03/16,2中山7,晴,11.0,フラワーC(GIII),12,7.0,10,6.9,4.0,4,横山典弘,55.0,芝,1800.0,良,108.2,0.2,10-11-11-11,35.0,474.0,-2.0,ミアネーロ,570.0
2021102597,ラビットアイ,2024/02/17,2京都7,晴,9.0,つばき賞(1勝クラス),9,1.0,1,12.1,5.0,4,横山典弘,55.0,芝,1800.0,良,107.2,0.3,5-5,33.6,476.0,-4.0,メイショウタバル,160.0
2021102597,ラビットアイ,2023/12/17,5阪神6,晴,2.0,2歳未勝利,16,7.0,13,8.7,4.0,1,横山典弘,55.0,芝,1800.0,稍,108.1,-0.8,1-1,35.3,480.0,-10.0,(ダノンアルム),550.0
2021102597,ラビットアイ,2023/11/25,3京都7,晴,3.0,2歳未勝利,14,6.0,9,27.0,5.0,4,横山典弘,55.0,芝,1800.0,良,108.9,0.5,4-4,34.8,490.0,2.0,ジャスティンアース,83.0
2021102597,ラビットアイ,2023/09/18,4阪神5,晴,3.0,2歳未勝利,11,7.0,8,7.4,2.0,4,横山典弘,55.0,芝,2000.0,良,122.6,0.7,7-7-7-7,35.7,488.0,-4.0,ディスペランツァ,83.0
2021102597,ラビットアイ,2023/08/20,3小倉4,晴,5.0,2歳新馬,15,6.0,11,7.4,4.0,4,鮫島克駿,55.0,芝,1800.0,良,110.8,0.9,4-5-3-3,36.7,492.0,0.0,ジュンゴールド,110.0
2021103799,ケイケイ,2026/05/30,2東京11,晴,10.0,葉山特別(2勝クラス),11,7.0,9,103.5,9.0,9,木幡巧也,58.0,芝,1600.0,良,93.8,1.4,7-7,33.9,478.0,-4.0,ミッキーソルジャー,
2021103799,ケイケイ,2026/05/17,2東京8,晴,9.0,テレ玉杯(2勝クラス),12,2.0,2,46.6,9.0,5,木幡巧也,58.0,芝,1600.0,良,93.3,0.5,5-5,33.2,482.0,2.0,エルマーゴ,158.0
2021103799,ケイケイ,2026/04/05,3中山4,曇,12.0,4歳以上2勝クラス,12,7.0,10,24.0,6.0,10,木幡巧也,58.0,芝,1600.0,稍,96.1,1.5,4-7-6,35.7,480.0,-10.0,リバーバレイト,
2021103799,ケイケイ,2026/02/15,1東京6,晴,8.0,4歳以上2勝クラス,14,5.0,8,48.2,10.0,10,大野拓弥,58.0,芝,1600.0,良,93.4,0.8,10-9,34.3,490.0,4.0,エフォートレス,
2021103799,ケイケイ,2026/01/25,1中山9,晴,7.0,4歳以上2勝クラス,9,8.0,10,37.9,7.0,5,大野拓弥,58.0,芝,1600.0,良,94.2,0.6,2-2-2,35.2,486.0,4.0,ストレイトトーカー,119.0
2021103799,ケイケイ,2025/12/21,5中山6,雨,12.0,3歳以上2勝クラス,16,6.0,11,20.7,8.0,7,木幡巧也,58.0,芝,1600.0,重,95.2,0.7,13-13-12,35.3,482.0,0.0,メタルスピード,
2021103799,ケイケイ,2025/11/29,5東京7,晴,12.0,3歳以上2勝クラス,9,8.0,9,88.2,6.0,3,木幡巧也,58.0,芝,1600.0,良,94.3,0.5,5-4,34.1,482.0,2.0,アンパドゥ,290.0
2021103799,ケイケイ,2025/11/15,5東京3,晴,12.0,3歳以上2勝クラス,13,5.0,7,92.1,11.0,7,木幡巧也,58.0,芝,1600.0,良,94.2,0.8,7-7,33.7,480.0,10.0,ダノンセンチュリー,
2021103799,ケイケイ,2025/09/21,4中山7,曇,9.0,木更津特別(2勝クラス),9,5.0,5,57.1,8.0,5,大野拓弥,58.0,芝,1600.0,良,92.5,0.5,2-4-4,35.1,470.0,0.0,ヒシアマン,155.0
2021103799,ケイケイ,2025/05/31,2東京11,小雨,10.0,葉山特別(2勝クラス),16,8.0,15,50.5,12.0,13,大野拓弥,58.0,芝,1600.0,重,97.6,1.7,4-4,37.1,470.0,2.0,ウインアイオライト,
2021103799,ケイケイ,2025/03/23,2中山8,晴,9.0,鎌ケ谷特別(2勝クラス),11,6.0,7,39.6,7.0,3,木幡巧也,58.0,芝,1600.0,良,93.7,0.6,6-6-5,35.5,468.0,-8.0,ダイシンヤマト,393.7
2021103799,ケイケイ,2025/03/09,2中山4,晴,8.0,4歳以上2勝クラス,16,7.0,13,24.1,9.0,9,大野拓弥,58.0,芝,1600.0,稍,95.2,1.0,16-15-13,36.0,476.0,0.0,レッドアトレーヴ,
2021103799,ケイケイ,2025/02/16,1東京6,晴,8.0,4歳以上2勝クラス,13,3.0,3,24.2,7.0,4,大野拓弥,58.0,芝,1600.0,良,94.4,0.5,5-5,34.1,476.0,0.0,キョウエイブリッサ,170.0
2021103799,ケイケイ,2025/01/19,1中山7,曇,8.0,4歳以上2勝クラス,14,6.0,10,32.6,11.0,9,大野拓弥,57.0,芝,1800.0,良,109.1,0.8,12-11-8-7,34.8,476.0,8.0,キュクヌス,
2021103799,ケイケイ,2024/12/22,5中山8,晴,10.0,オルフェーヴルC(2勝クラス),16,1.0,2,11.9,5.0,8,松山弘平,57.0,芝,1600.0,良,94.0,0.6,10-11-12,35.3,468.0,-8.0,ピックアチェリー,
2021103799,ケイケイ,2024/12/08,5中山4,晴,12.0,3歳以上2勝クラス,16,6.0,12,25.6,7.0,3,大野拓弥,57.0,芝,1600.0,良,93.9,0.2,10-9-11,35.2,476.0,18.0,マルチャン,290.0
2021103799,ケイケイ,2024/09/22,4中山7,曇,9.0,木更津特別(2勝クラス),13,8.0,12,61.3,8.0,8,大野拓弥,56.0,芝,1600.0,良,93.9,1.5,12-12-11,34.5,458.0,2.0,キープカルム,
2021103799,ケイケイ,2024/04/13,2阪神7,晴,11.0,アーリントンC(GIII),16,7.0,14,71.9,10.0,11,岩田康誠,57.0,芝,1600.0,良,95.3,1.2,5-5,33.7,456.0,-8.0,ディスペランツァ,
2021103799,ケイケイ,2024/03/31,3中山4,晴,6.0,3歳1勝クラス,11,4.0,4,16.9,7.0,1,大野拓弥,57.0,芝,1600.0,良,93.7,-0.1,8-8-5,34.3,464.0,4.0,(エコロマーズ),780.0
2021103799,ケイケイ,2024/03/09,1中京1,晴,5.0,3歳未勝利,15,2.0,3,4.6,2.0,1,吉田隼人,57.0,芝,1600.0,良,95.3,0.0,4-2-3,35.1,460.0,-4.0,(ブリックワーク),550.0
2021103799,ケイケイ,2024/01/14,1中山5,晴,5.0,3歳未勝利,16,1.0,1,6.5,3.0,8,木幡巧也,57.0,芝,1600.0,稍,94.9,1.2,8-9-13,35.3,464.0,2.0,アンドアイラヴハー,
2021103799,ケイケイ,2023/12/23,5中山7,晴,3.0,2歳未勝利,16,5.0,9,6.6,4.0,2,木幡巧也,56.0,芝,1600.0,良,94.5,0.1,5-4-3,35.5,462.0,2.0,モリノレッドスター,220.0
2021103799,ケイケイ,2023/12/02,5中山1,晴,3.0,2歳未勝利,15,4.0,8,66.0,8.0,5,大野拓弥,56.0,芝,1600.0,良,94.0,0.5,7-8-8,34.5,460.0,2.0,エリカエスティーム,55.0
2021103799,ケイケイ,2023/11/11,5東京3,曇,2.0,2歳未勝利,8,4.0,4,61.6,6.0,2,木幡巧也,56.0,芝,1600.0,良,95.5,0.7,2-2,34.1,458.0,6.0,エコロブルーム,220.0
2021103799,ケイケイ,2023/10/21,4東京6,晴,3.0,2歳未勝利,10,2.0,2,179.2,9.0,5,大野拓弥,56.0,芝,1400.0,良,83.5,0.9,10-10,34.0,452.0,-2.0,スピリットガイド,55.0
2021103799,ケイケイ,2023/10/09,4東京3,雨,5.0,2歳新馬,13,4.0,4,168.1,11.0,9,大野拓弥,56.0,芝,1600.0,稍,98.4,1.5,5-4,35.4,454.0,0.0,ファビュラススター,
2022105552,ナグルファル,2026/04/05,2阪神4,晴,7.0,4歳以上2勝クラス,15,6.0,10,14.6,6.0,12,和田陽希,55.0,ダ,1800.0,重,113.0,2.8,14-14-13-12,38.4,522.0,4.0,マテンロウブレイブ,
2022105552,ナグルファル,2026/02/22,1阪神2,晴,9.0,天神橋特別(2勝クラス),10,6.0,6,6.4,4.0,9,吉村誠之,55.0,芝,1600.0,良,94.7,0.5,2-2,34.1,518.0,2.0,ゼンダンハヤブサ,
2022105552,ナグルファル,2025/10/04,3京都1,曇,8.0,3歳以上2勝クラス,12,4.0,4,12.9,5.0,12,西村淳也,56.0,芝,2000.0,重,121.2,1.9,11-10-4-4,37.0,516.0,2.0,ウイントレメンデス,
2022105552,ナグルファル,2025/08/30,2札幌3,曇,11.0,札幌日刊スポーツ杯(2勝クラス),14,8.0,14,6.6,4.0,5,横山武史,55.0,芝,2000.0,稍,124.5,1.0,2-2-2-2,37.5,514.0,8.0,ミラージュナイト,155.0
2022105552,ナグルファル,2025/05/10,2京都5,曇,11.0,京都新聞杯(GII),10,6.0,6,17.3,7.0,6,浜中俊,57.0,芝,2200.0,稍,135.5,0.8,1-1-2-1,34.6,506.0,2.0,ショウヘイ,
2022105552,ナグルファル,2025/03/09,2中山4,晴,11.0,報知弥生ディープ記念(GII),14,2.0,2,5.3,3.0,12,川田将雅,57.0,芝,2000.0,稍,122.9,1.6,5-5-6-9,38.1,504.0,2.0,ファウストラーゼン,
2022105552,ナグルファル,2024/12/07,7京都3,晴,9.0,エリカ賞(1勝クラス),7,2.0,2,1.9,1.0,1,坂井瑠星,56.0,芝,2000.0,良,120.6,-0.7,2-2-2-2,34.0,502.0,0.0,(ワンモアスマイル),1086.1
2022105552,ナグルファル,2024/10/12,5京都3,晴,5.0,2歳新馬,13,7.0,11,3.3,1.0,1,川田将雅,56.0,芝,2000.0,良,120.7,-0.1,1-2-2-2,34.2,502.0,0.0,(ロードガレリア),720.0
2021104899,ドリームクルーズ,2026/05/24,2東京10,曇,9.0,国分寺特別(2勝クラス),12,3.0,3,16.9,5.0,8,吉田豊,51.0,芝,1800.0,良,107.0,0.9,1-2-2,35.2,500.0,2.0,フォルラニーニ,
2021104899,ドリームクルーズ,2026/05/02,1新潟1,晴,10.0,胎内川特別(2勝クラス),15,4.0,7,14.4,8.0,15,横山琉人,56.0,芝,1800.0,稍,108.9,1.2,1-1,37.4,498.0,4.0,マイネルフルムーン,
2021104899,ドリームクルーズ,2025/10/26,4東京9,曇,10.0,山中湖特別(2勝クラス),11,5.0,5,11.9,7.0,9,吉田豊,56.0,芝,1800.0,稍,108.4,0.9,2-1-1,34.6,494.0,0.0,クリニクラウン,
2021104899,ドリームクルーズ,2025/10/04,4東京1,曇,9.0,八ヶ岳特別(2勝クラス),12,5.0,5,12.0,5.0,8,吉田豊,56.0,芝,1800.0,良,106.4,1.0,1-1-1,35.9,494.0,8.0,サトノヴィレ,
2021104899,ドリームクルーズ,2025/07/26,2新潟1,晴,11.0,3歳以上1勝クラス,14,3.0,3,12.4,5.0,1,吉田豊,56.0,芝,1800.0,良,106.0,-0.3,1-1,33.5,486.0,-2.0,(ラルンエベール),800.0
2021104899,ドリームクルーズ,2025/06/21,3東京5,晴,8.0,3歳以上1勝クラス,16,2.0,3,62.2,9.0,6,吉田豊,56.0,芝,1800.0,良,107.2,0.8,1-1-1,35.5,488.0,-4.0,ブルーマエストロ,
2021104899,ドリームクルーズ,2025/06/01,2東京12,晴,6.0,4歳以上1勝クラス,16,6.0,12,33.8,8.0,8,ディー,56.0,芝,1800.0,稍,106.9,1.1,3-5-5,34.7,492.0,2.0,ニシノティアモ,
2021104899,ドリームクルーズ,2025/05/18,2東京8,曇,8.0,4歳以上1勝クラス,9,2.0,2,17.3,4.0,4,ディー,56.0,芝,1800.0,良,108.2,0.7,1-1-1,34.4,490.0,2.0,フォルラニーニ,120.0
2021104899,ドリームクルーズ,2025/04/26,2東京1,曇,8.0,4歳以上1勝クラス,12,6.0,8,15.3,7.0,8,ディー,56.0,芝,1600.0,良,94.3,0.6,2-2,34.3,488.0,6.0,シャンパンマーク,
2021104899,ドリームクルーズ,2025/03/16,2中京2,曇,7.0,4歳以上1勝クラス,16,3.0,5,16.8,7.0,8,武豊,56.0,芝,1600.0,重,98.1,0.9,10-13-11,35.6,482.0,-8.0,マテンロウブラボー,
2021104899,ドリームクルーズ,2025/01/05,1中山1,晴,7.0,4歳以上1勝クラス,16,1.0,1,17.7,7.0,15,松岡正海,55.0,ダ,1800.0,良,117.1,2.1,9-9-10-10,39.9,490.0,6.0,アンブロジアーナ,
2021104899,ドリームクルーズ,2024/12/07,4中京3,曇,2.0,3歳以上1勝クラス,13,1.0,1,21.9,4.0,5,松岡正海,55.0,ダ,1400.0,良,85.8,1.8,7-5,37.9,484.0,-12.0,トクシーカイザー,80.0
2021104899,ドリームクルーズ,2024/11/16,5東京5,曇,7.0,3歳以上1勝クラス,16,6.0,12,16.1,8.0,12,西村淳也,55.0,ダ,1600.0,良,98.8,1.5,3-3,38.7,496.0,0.0,ミラーオブマインド,
2021104899,ドリームクルーズ,2024/10/27,4東京8,曇,6.0,3歳以上1勝クラス,18,2.0,4,4.2,1.0,8,武豊,54.0,芝,1400.0,良,81.4,0.3,9-9,33.7,496.0,2.0,エヴァンスウィート,
2021104899,ドリームクルーズ,2024/10/14,4東京4,晴,8.0,3歳以上1勝クラス,17,7.0,13,15.0,5.0,3,西村淳也,54.0,芝,1600.0,良,92.9,0.2,2-2,35.2,494.0,-4.0,コンテネレッツア,200.0
2021104899,ドリームクルーズ,2024/09/08,4中山2,晴,7.0,3歳以上1勝クラス,16,2.0,4,13.1,5.0,11,吉田豊,54.0,芝,1600.0,良,93.6,0.8,11-12-13,33.4,498.0,2.0,ピックアチェリー,
2021104899,ドリームクルーズ,2024/06/02,3東京2,曇,3.0,3歳未勝利,18,7.0,14,2.5,1.0,1,横山武史,55.0,芝,1400.0,稍,81.6,-0.1,2-2,34.8,496.0,0.0,(スコア),550.0
2021104899,ドリームクルーズ,2024/05/04,2東京5,晴,4.0,3歳未勝利,18,3.0,5,3.1,2.0,2,横山武史,55.0,芝,1600.0,良,93.9,0.2,1-1,34.5,496.0,0.0,ニシノインヴィクタ,220.0
2021104899,ドリームクルーズ,2024/04/13,3中山7,晴,5.0,3歳未勝利,16,1.0,2,4.6,2.0,2,横山武史,55.0,芝,1600.0,良,95.0,0.2,2-1-1,35.3,496.0,0.0,ナファロア,220.0
2021104899,ドリームクルーズ,2024/03/17,2中山8,晴,5.0,3歳未勝利,16,2.0,3,7.1,4.0,3,坂井瑠星,55.0,芝,1600.0,良,95.8,0.3,7-6-7,35.4,496.0,0.0,デイジー,140.0
2021104899,ドリームクルーズ,2024/02/18,1東京8,晴,4.0,3歳未勝利,16,5.0,9,46.4,8.0,4,ピーヒュ,55.0,芝,1800.0,良,108.9,0.5,6-6-6,33.9,496.0,-4.0,ベストミーエヴァー,83.0
2021104899,ドリームクルーズ,2023/11/26,5東京8,曇,6.0,2歳新馬,16,2.0,3,18.4,5.0,9,大野拓弥,55.0,芝,1800.0,良,112.0,1.0,16-15-13,33.8,500.0,0.0,グローリーアテイン,
2023100681,ガリレア,2026/06/28,2福島2,晴,11.0,ラジオNIKKEI賞(GIII),16,5.0,10,151.8,16.0,5,石橋脩,54.0,芝,1800.0,良,105.6,0.4,8-8-4-3,34.7,450.0,0.0,サノノグレーター,410.0
2023100681,ガリレア,2026/04/11,3中山5,晴,11.0,ニュージーランドT(GII),15,7.0,13,161.6,12.0,11,石橋脩,57.0,芝,1600.0,良,94.6,1.3,5-5-5,35.1,450.0,2.0,レザベーション,
2023100681,ガリレア,2026/03/15,2中山6,晴,11.0,フジTVスプリングS(GII),16,3.0,6,55.6,10.0,10,石橋脩,57.0,芝,1800.0,良,106.7,0.7,8-8-9-10,35.2,448.0,0.0,アウダーシア,
2023100681,ガリレア,2026/02/15,1東京6,晴,11.0,共同通信杯(GIII),9,3.0,3,96.6,8.0,7,石橋脩,57.0,芝,1800.0,良,106.5,1.0,2-1-1,35.3,448.0,10.0,リアライズシリウス,
2023100681,ガリレア,2025/11/15,4京都3,晴,11.0,デイリー杯2歳S(GII),8,3.0,3,19.1,5.0,7,杉原誠人,56.0,芝,1600.0,良,94.8,1.7,2-2,36.1,438.0,-4.0,アドマイヤクワッズ,
2023100681,ガリレア,2025/10/11,4東京3,小雨,11.0,サウジアラビアRC(GIII),8,1.0,1,53.4,7.0,2,杉原誠人,56.0,芝,1600.0,良,94.1,0.3,3-3,34.0,442.0,2.0,エコロアルバ,1308.2
2023100681,ガリレア,2025/08/24,3新潟2,晴,1.0,2歳未勝利,7,1.0,1,13.4,3.0,1,杉原誠人,55.0,芝,1600.0,良,97.4,0.0,1-1,33.3,440.0,6.0,(ムーングレイル),560.0
2023100681,ガリレア,2025/07/27,2新潟2,晴,3.0,2歳新馬,9,5.0,5,83.3,9.0,5,杉原誠人,55.0,芝,1600.0,良,97.5,0.4,2-2,33.3,434.0,0.0,フィロステファニ,75.0
2022105233,ルナルーチェット,2026/05/23,2東京9,曇,7.0,4歳以上1勝クラス,18,5.0,9,21.5,6.0,1,田辺裕信,56.0,芝,1600.0,良,92.3,-0.5,3-3,34.2,426.0,2.0,(ブルスカメンテ),820.0
2022105233,ルナルーチェット,2026/04/12,3中山6,晴,7.0,4歳以上1勝クラス,15,3.0,5,37.5,10.0,3,田山旺佑,53.0,芝,1600.0,良,93.1,0.3,12-10-11,34.2,424.0,-2.0,ブラックジェダイト,210.0
2022105233,ルナルーチェット,2026/01/25,1小倉2,晴,8.0,4歳以上1勝クラス,16,6.0,11,53.4,11.0,14,小沢大仁,55.0,芝,1800.0,良,108.6,2.3,9-8-11-16,38.1,426.0,12.0,ウインシャーガス,
2022105233,ルナルーチェット,2025/11/22,3福島5,晴,8.0,3歳以上1勝クラス,16,6.0,11,38.9,10.0,12,菅原明良,54.0,芝,2000.0,良,119.5,1.2,3-3-2-2,36.5,414.0,-6.0,ヨヒーン,
2022105233,ルナルーチェット,2025/10/13,4東京5,曇,9.0,3歳以上1勝クラス,18,8.0,17,23.8,7.0,15,三浦皇成,54.0,芝,1600.0,良,94.3,1.2,14-14,34.2,420.0,2.0,ダノンセンチュリー,
2022105233,ルナルーチェット,2025/08/17,1札幌8,雨,7.0,3歳以上1勝クラス,14,1.0,1,4.0,2.0,5,キング,53.0,芝,1500.0,稍,90.3,0.4,2-2-1,36.0,418.0,0.0,ピコローズ,80.0
2022105233,ルナルーチェット,2025/07/27,1札幌2,晴,9.0,3歳以上1勝クラス,8,5.0,5,3.4,3.0,3,横山武史,53.0,芝,1500.0,稍,88.8,0.5,2-2-2,35.5,418.0,-2.0,フォルテム,200.0
2022105233,ルナルーチェット,2025/05/24,2東京9,曇,9.0,カーネーションC(1勝クラス),9,8.0,8,16.2,5.0,6,横山武史,55.0,芝,1800.0,良,106.8,1.4,1-1-1,35.5,420.0,4.0,ジョスラン,
2022105233,ルナルーチェット,2025/04/12,3中山5,晴,11.0,ニュージーランドT(GII),14,3.0,4,22.9,7.0,9,横山武史,55.0,芝,1600.0,良,93.4,1.0,4-4-5,34.8,416.0,-8.0,イミグラントソング,
2022105233,ルナルーチェット,2025/03/09,2中山4,晴,5.0,3歳未勝利,16,1.0,1,3.8,2.0,1,菅原明良,55.0,芝,1600.0,稍,95.0,-1.2,1-1-1,35.6,424.0,-2.0,(ホシニネガイヲ),560.0
2022105233,ルナルーチェット,2025/02/16,1東京6,晴,5.0,3歳未勝利,16,4.0,7,16.5,6.0,4,菅原明良,55.0,芝,1800.0,良,107.0,0.5,4-5-4,34.6,426.0,-4.0,トレサフィール,84.0
2022105233,ルナルーチェット,2024/12/07,5中山3,晴,5.0,2歳新馬,16,6.0,12,2.4,1.0,8,津村明秀,55.0,芝,1600.0,良,97.1,0.4,8-8-8,34.8,430.0,0.0,ギフテッド,
2023104885,ジーネキング,2026/06/28,2福島2,晴,11.0,ラジオNIKKEI賞(GIII),16,2.0,3,11.1,6.0,7,菊沢一樹,56.0,芝,1800.0,良,105.8,0.6,5-6-8-7,34.7,494.0,4.0,サノノグレーター,
2023104885,ジーネキング,2026/05/10,2東京6,晴,11.0,NHKマイルC(GI),18,3.0,6,43.7,13.0,13,斎藤新,57.0,芝,1600.0,良,92.4,0.9,7-7,34.9,490.0,-4.0,ロデオドライブ,
2023104885,ジーネキング,2026/04/11,3中山5,晴,11.0,ニュージーランドT(GII),15,3.0,5,11.8,4.0,3,横山和生,57.0,芝,1600.0,良,93.6,0.3,7-6-5,34.0,494.0,-2.0,レザベーション,1415.4
2023104885,ジーネキング,2026/03/15,2中山6,晴,11.0,フジTVスプリングS(GII),16,4.0,7,73.5,12.0,12,横山和生,57.0,芝,1800.0,良,106.9,0.9,2-2-3-2,35.9,496.0,4.0,アウダーシア,
2023104885,ジーネキング,2026/01/18,1中山7,晴,11.0,京成杯(GIII),15,6.0,10,27.3,7.0,10,斎藤新,57.0,芝,2000.0,良,119.9,0.6,1-1-1-1,35.3,492.0,2.0,グリーンエナジー,
2023104885,ジーネキング,2025/12/27,5中山7,曇,11.0,ホープフルS(GI),16,7.0,14,55.0,11.0,12,斎藤新,56.0,芝,2000.0,良,122.1,1.1,2-2-2-2,36.1,490.0,12.0,ロブチェン,
2023104885,ジーネキング,2025/09/06,2札幌5,曇,11.0,札幌2歳S(GIII),12,1.0,1,31.1,10.0,2,斎藤新,55.0,芝,1800.0,良,110.6,0.0,1-1-1-1,36.1,478.0,4.0,ショウナンガルフ,1212.2
2023104885,ジーネキング,2025/08/16,2新潟7,晴,1.0,2歳未勝利,13,6.0,8,1.5,1.0,1,戸崎圭太,55.0,芝,1800.0,良,108.2,-0.2,1-1,34.4,474.0,-2.0,(ユメシルベ),560.0
2023104885,ジーネキング,2025/07/27,2新潟2,晴,2.0,2歳未勝利,6,6.0,6,4.4,2.0,2,戸崎圭太,55.0,芝,1800.0,良,107.8,0.4,1-1,33.4,476.0,-2.0,ゾロアストロ,220.0
2023104885,ジーネキング,2025/06/29,2福島2,晴,5.0,2歳新馬,13,8.0,13,5.4,3.0,3,大野拓弥,55.0,芝,1800.0,良,110.0,0.5,3-3-3-2,36.7,478.0,0.0,ロスパレドネス,190.0
2022105047,メランジェ,2026/06/20,3東京5,雨,10.0,相模湖特別(2勝クラス),14,1.0,1,21.6,6.0,10,ゴンサル,56.0,芝,1400.0,稍,82.6,1.0,11-9,33.9,454.0,2.0,ラージギャラリー,
2022105047,メランジェ,2026/05/03,1新潟2,曇,7.0,4歳以上1勝クラス,16,1.0,1,7.6,3.0,1,丹内祐次,56.0,芝,1400.0,良,81.8,-0.3,13-12,34.0,452.0,0.0,(ルージュベルベット),820.0
2022105047,メランジェ,2026/02/14,1東京5,晴,12.0,4歳以上1勝クラス,16,3.0,6,26.4,10.0,7,三浦皇成,56.0,芝,1600.0,良,94.4,0.8,7-8,34.4,452.0,0.0,エルマーゴ,
2022105047,メランジェ,2026/01/24,1中山8,曇,12.0,4歳以上1勝クラス,12,8.0,11,8.2,3.0,5,三浦皇成,55.0,芝,1600.0,良,92.9,0.8,8-8-9,34.1,452.0,0.0,プリムツァール,82.0
2022105047,メランジェ,2025/10/26,4新潟4,雨,4.0,3歳以上1勝クラス,16,2.0,4,17.1,7.0,6,横山琉人,54.0,芝,1800.0,稍,109.7,0.4,2-2,35.2,452.0,-2.0,ラブリーリディア,
2022105047,メランジェ,2025/08/16,2新潟7,晴,6.0,中郷特別(1勝クラス),11,5.0,6,48.5,8.0,8,丸山元気,53.0,芝,1800.0,良,106.5,1.7,5-5,34.6,454.0,10.0,エストゥペンダ,
2022105047,メランジェ,2025/05/03,2東京3,晴,10.0,スイートピーS(L),13,2.0,2,17.5,5.0,7,菅原明良,55.0,芝,1800.0,良,106.7,0.8,8-7-7,34.0,444.0,6.0,ルージュソリテール,
2022105047,メランジェ,2025/02/09,1東京4,晴,5.0,3歳新馬,16,2.0,4,4.2,2.0,1,菅原明良,55.0,芝,1600.0,良,96.6,-0.1,11-10,33.7,438.0,0.0,(ダノンブギ),620.0
2021105871,ソニックライン,2026/06/07,3東京2,曇,8.0,3歳以上1勝クラス,17,8.0,16,14.3,4.0,1,ゴンサル,58.0,芝,1600.0,良,92.8,-0.1,9-9,34.0,488.0,-4.0,(スワローシチー),820.0
2021105871,ソニックライン,2026/05/23,2東京9,曇,7.0,4歳以上1勝クラス,18,6.0,11,7.0,3.0,3,横山武史,58.0,芝,1600.0,良,92.9,0.6,2-2,35.0,492.0,2.0,ルナルーチェット,210.0
2021105871,ソニックライン,2026/04/25,2東京1,晴,8.0,4歳以上1勝クラス,8,7.0,7,4.3,2.0,3,岩田康誠,58.0,芝,1600.0,良,97.3,0.1,3-3,33.3,490.0,-6.0,スタニングヴュー,210.0
2021105871,ソニックライン,2026/02/14,1東京5,晴,12.0,4歳以上1勝クラス,16,1.0,2,13.2,7.0,4,岩田康誠,58.0,芝,1600.0,良,94.2,0.6,8-9,34.1,496.0,2.0,エルマーゴ,120.0
2021105871,ソニックライン,2025/11/15,5東京3,晴,7.0,3歳以上1勝クラス,16,1.0,1,9.6,5.0,5,マーカン,58.0,ダ,1400.0,良,85.3,0.6,8-6,36.2,494.0,4.0,エリカマユーリ,80.0
2021105871,ソニックライン,2025/10/04,4東京1,曇,8.0,3歳以上1勝クラス,16,4.0,8,7.7,4.0,6,荻野極,58.0,ダ,1600.0,良,98.7,0.6,1-1,37.4,490.0,6.0,ヴォンフレ,
2021105871,ソニックライン,2025/08/02,2新潟3,晴,6.0,五頭連峰特別(1勝クラス),14,5.0,9,21.6,6.0,3,荻野極,58.0,芝,1600.0,良,92.8,0.4,3-3,33.1,484.0,-10.0,アンパドゥ,284.6
2021105871,ソニックライン,2025/05/31,2東京11,小雨,8.0,4歳以上1勝クラス,16,1.0,2,6.2,2.0,4,三浦皇成,58.0,ダ,1600.0,不,96.2,0.8,3-3,36.4,494.0,4.0,サンドオブエテル,120.0
2021105871,ソニックライン,2025/05/17,2東京7,雨,8.0,4歳以上1勝クラス,13,6.0,9,4.1,2.0,2,三浦皇成,58.0,ダ,1600.0,不,96.8,1.1,3-4,36.6,490.0,-4.0,レッドアレグロ,320.0
2021105871,ソニックライン,2025/03/30,3中山2,晴,7.0,4歳以上1勝クラス,16,7.0,13,6.7,4.0,9,戸崎圭太,58.0,ダ,1800.0,稍,115.5,1.9,3-3-3-4,40.8,494.0,-8.0,タナサンブラック,
2021105871,ソニックライン,2024/12/14,4中京5,晴,7.0,3歳以上1勝クラス,16,7.0,14,6.1,4.0,9,ドイル,57.0,ダ,1800.0,良,115.0,0.7,9-8-9-10,38.5,502.0,2.0,アークドール,
2021105871,ソニックライン,2024/10/27,4東京8,曇,7.0,3歳以上1勝クラス,13,3.0,3,2.7,2.0,8,Ｃ．デム,56.0,ダ,1600.0,良,98.4,1.4,8-8,36.9,500.0,0.0,アオイミモザ,
2021105871,ソニックライン,2024/10/06,4東京2,曇,7.0,3歳以上1勝クラス,16,1.0,2,2.1,1.0,3,ルメール,56.0,ダ,1600.0,重,95.3,0.2,13-13,36.2,500.0,4.0,サトノアインス,200.0
2021105871,ソニックライン,2024/08/04,2新潟4,晴,10.0,3歳以上1勝クラス,18,7.0,14,3.7,3.0,7,ルメール,55.0,芝,1600.0,良,93.3,0.8,11-11,33.8,496.0,-8.0,シヴァース,
2021105871,ソニックライン,2024/02/18,1東京8,晴,5.0,3歳1勝クラス,12,6.0,7,3.6,2.0,2,ルメール,57.0,芝,1600.0,良,95.8,0.1,3-4,33.9,504.0,8.0,ポッドテオ,310.0
2021105871,ソニックライン,2024/01/06,1中山1,晴,10.0,ジュニアC(L),10,6.0,6,6.1,4.0,5,キングス,57.0,芝,1600.0,良,93.1,0.6,9-6-8,34.5,496.0,4.0,キャプテンシー,200.0
2021105871,ソニックライン,2023/11/04,5東京1,晴,1.0,2歳未勝利,12,5.0,5,2.0,1.0,1,モレイラ,56.0,ダ,1600.0,良,97.3,-0.1,4-3,36.9,492.0,0.0,(ロジアデレード),550.0
2021105871,ソニックライン,2023/08/19,2札幌3,晴,1.0,2歳未勝利,12,7.0,9,3.1,3.0,3,モレイラ,55.0,芝,1800.0,良,110.1,1.6,12-12-11-9,35.7,492.0,4.0,セットアップ,140.0
2021105871,ソニックライン,2023/07/30,1札幌4,曇,5.0,2歳新馬,12,7.0,9,2.6,1.0,3,横山武史,55.0,芝,1800.0,良,112.3,0.7,10-10-8-8,34.7,488.0,0.0,パワーホール,180.0
2022102920,ギフテッド,2026/06/20,3東京5,雨,10.0,相模湖特別(2勝クラス),14,4.0,5,95.4,12.0,9,今村聖奈,56.0,芝,1400.0,稍,82.5,0.9,7-7,34.1,464.0,10.0,ラージギャラリー,
2022102920,ギフテッド,2025/10/12,4東京4,曇,9.0,鷹巣山特別(2勝クラス),16,1.0,2,19.2,7.0,7,今村聖奈,52.0,芝,1600.0,良,92.5,0.5,8-9,33.6,454.0,0.0,アイサンサン,
2022102920,ギフテッド,2025/08/23,3新潟1,晴,12.0,3歳以上1勝クラス,12,8.0,11,4.5,2.0,1,今村聖奈,51.0,芝,1600.0,良,93.0,0.0,5-5,33.2,454.0,4.0,(ブルーベリーフィズ),560.0
2022102920,ギフテッド,2025/06/22,3東京6,晴,8.0,3歳以上1勝クラス,15,7.0,13,47.3,11.0,2,今村聖奈,51.0,芝,1600.0,良,94.0,0.1,5-5,35.5,450.0,8.0,マイネルフォルツァ,320.0
2022102920,ギフテッド,2025/04/19,3中山7,晴,6.0,3歳1勝クラス,8,8.0,8,45.2,6.0,7,菅原明良,55.0,芝,1800.0,良,106.9,0.9,3-3-3-7,33.9,442.0,-10.0,ノビリシマビジョン,
2022102920,ギフテッド,2025/02/15,1東京5,晴,11.0,デイリー杯クイーンC(GIII),14,8.0,14,233.5,13.0,13,岩田康誠,55.0,芝,1600.0,良,95.0,2.8,4-7,36.9,452.0,-6.0,エンブロイダリー,
2022102920,ギフテッド,2025/01/05,1中山1,曇,10.0,ジュニアC(L),15,2.0,2,28.3,7.0,8,菅原明良,55.0,芝,1600.0,良,94.6,1.1,14-14-14,34.3,458.0,0.0,ファンダム,
2022102920,ギフテッド,2024/12/07,5中山3,晴,5.0,2歳新馬,16,6.0,11,4.4,2.0,1,菅原明良,55.0,芝,1600.0,良,96.7,-0.2,3-2-3,34.8,458.0,0.0,(リポサンテ),720.0
2021105765,ミッキースターダム,2026/05/17,2東京8,晴,9.0,テレ玉杯(2勝クラス),12,6.0,7,11.1,5.0,3,丹内祐次,58.0,芝,1600.0,良,93.3,0.5,1-1,33.9,474.0,0.0,エルマーゴ,404.0
2021105765,ミッキースターダム,2026/05/02,3京都3,曇,12.0,4歳以上1勝クラス,10,4.0,4,17.4,6.0,1,鮫島克駿,58.0,芝,1600.0,良,92.8,0.0,1-1,34.0,474.0,-2.0,(ヤエギリ),820.0
2021105765,ミッキースターダム,2026/02/21,1阪神1,晴,9.0,4歳以上1勝クラス,18,6.0,11,15.6,5.0,13,高杉吏麒,58.0,芝,1600.0,良,94.4,1.0,5-3,35.3,476.0,0.0,レッドフェルメール,
2021105765,ミッキースターダム,2026/02/01,1小倉4,曇,8.0,4歳以上1勝クラス,13,2.0,2,13.1,4.0,13,角田大和,58.0,芝,1800.0,良,108.1,2.2,12-13-4-4,36.0,476.0,14.0,クラヴァンス,
2021105765,ミッキースターダム,2025/11/15,4京都3,晴,12.0,3歳以上1勝クラス,18,5.0,9,3.3,1.0,15,坂井瑠星,58.0,芝,1600.0,良,93.9,0.6,3-3,34.9,462.0,2.0,ジーティードレス,
2021105765,ミッキースターダム,2025/11/01,3京都10,晴,12.0,3歳以上1勝クラス,15,1.0,1,7.4,3.0,2,高杉吏麒,58.0,芝,1600.0,良,93.7,0.0,2-2,34.0,460.0,2.0,オリバナム,320.0
2021105765,ミッキースターダム,2025/10/12,3京都4,曇,12.0,3歳以上1勝クラス,18,2.0,4,23.3,8.0,2,高杉吏麒,58.0,芝,1600.0,良,92.8,0.1,1-1,34.4,458.0,-2.0,ワンモアスマイル,320.0
2021105765,ミッキースターダム,2025/09/06,2札幌5,晴,7.0,3歳以上1勝クラス,14,5.0,7,22.0,9.0,8,丹内祐次,58.0,芝,1500.0,良,89.9,0.5,6-3-4,36.3,460.0,12.0,ダノンミッション,
2021105765,ミッキースターダム,2025/05/31,2京都11,曇,8.0,4歳以上1勝クラス,18,7.0,13,6.0,2.0,9,丹内祐次,58.0,芝,1600.0,良,94.2,0.6,4-2,35.2,448.0,-2.0,クスクス,
2021105765,ミッキースターダム,2025/05/04,2京都4,晴,7.0,4歳以上1勝クラス,9,8.0,9,6.2,4.0,1,丹内祐次,58.0,芝,1600.0,良,94.0,-0.4,1-1,34.2,450.0,-4.0,(マーシーラン),800.0
2021105765,ミッキースターダム,2025/04/19,3中山7,晴,7.0,4歳以上1勝クラス,15,3.0,4,14.5,5.0,6,石川裕紀,58.0,芝,2000.0,良,118.9,0.5,1-1-1-1,34.6,454.0,0.0,エラン,
2021105765,ミッキースターダム,2025/04/06,3中山4,小雨,8.0,4歳以上1勝クラス,13,8.0,12,25.4,7.0,2,石川裕紀,58.0,芝,1800.0,良,108.7,0.1,8-8-2-2,34.7,454.0,-8.0,ビジューブリランテ,320.0
2021105765,ミッキースターダム,2025/01/13,1中京5,晴,7.0,4歳以上1勝クラス,18,2.0,4,80.2,10.0,16,浜中俊,57.0,芝,2200.0,良,136.0,1.5,1-1-1-1,37.2,462.0,12.0,ダノンブリザード,
2021105765,ミッキースターダム,2024/07/27,1札幌3,曇,7.0,3歳以上1勝クラス,9,5.0,5,9.0,4.0,7,浜中俊,55.0,芝,2000.0,良,122.1,2.0,9-9-9-8,35.8,450.0,0.0,タンゴバイラリン,
2021105765,ミッキースターダム,2024/07/20,1札幌1,晴,3.0,3歳未勝利,14,7.0,12,6.8,3.0,14,浜中俊,57.0,ダ,1700.0,良,110.4,3.5,3-5-3-4,42.0,450.0,-6.0,メイショウソムリエ,
2021105765,ミッキースターダム,2024/05/26,3京都12,晴,3.0,3歳未勝利,17,8.0,17,4.5,2.0,6,菱田裕二,57.0,芝,1600.0,良,93.8,0.1,5-3,34.8,456.0,-4.0,ペルフェツィオーネ,
2021105765,ミッキースターダム,2024/03/23,1中京5,雨,2.0,3歳未勝利,18,6.0,11,2.6,1.0,10,団野大成,57.0,芝,1400.0,重,84.9,1.3,7-7,36.0,460.0,-8.0,ストレイトアスク,
2021105765,ミッキースターダム,2024/03/03,1阪神4,晴,4.0,3歳未勝利,15,3.0,4,1.9,1.0,3,ムルザバ,57.0,芝,1600.0,良,95.9,1.1,6-4,34.8,468.0,2.0,ジュンヴァンケット,140.0
2021105765,ミッキースターダム,2024/01/07,1京都2,晴,5.0,3歳未勝利,17,6.0,12,2.5,2.0,2,川田将雅,57.0,芝,1600.0,良,96.9,0.2,6-5,36.6,466.0,6.0,グロリアラウス,220.0
2021105765,ミッキースターダム,2023/12/17,5阪神6,晴,6.0,2歳未勝利,12,2.0,2,1.9,1.0,2,川田将雅,56.0,芝,1600.0,稍,95.5,0.1,5-4,36.3,460.0,-6.0,シンドリームシン,220.0
2021105765,ミッキースターダム,2023/11/25,3京都7,晴,3.0,2歳未勝利,14,5.0,8,2.3,1.0,3,川田将雅,56.0,芝,1800.0,良,108.9,0.5,4-4,34.7,466.0,24.0,ジャスティンアース,140.0
2021105765,ミッキースターダム,2023/09/16,4阪神3,晴,3.0,2歳未勝利,9,8.0,8,1.3,1.0,2,岩田望来,55.0,芝,1800.0,良,108.7,0.4,6-6,33.5,442.0,2.0,ナムラフッカー,220.0
2021105765,ミッキースターダム,2023/07/30,2新潟2,晴,5.0,2歳新馬,9,6.0,6,4.8,3.0,2,戸崎圭太,55.0,芝,1800.0,良,106.5,0.1,4-4,34.2,440.0,0.0,カンティアーモ,290.0
2022105038,シャンソンドール,2026/05/16,2東京7,晴,9.0,調布特別(2勝クラス),9,3.0,3,1.7,1.0,2,レーン,56.0,芝,1800.0,良,106.1,0.1,7-2-1,33.3,498.0,4.0,ヴォンフレ,637.0
2022105038,シャンソンドール,2026/02/22,1東京8,晴,6.0,4歳以上1勝クラス,16,2.0,4,2.4,1.0,1,ルメール,55.0,芝,1800.0,良,106.1,0.0,2-3-3,34.2,494.0,16.0,(カザンラク),820.0
2022105038,シャンソンドール,2025/11/22,3福島5,晴,8.0,3歳以上1勝クラス,16,7.0,14,2.5,1.0,3,戸崎圭太,54.0,芝,2000.0,良,118.7,0.4,1-1-1-1,35.7,478.0,0.0,ヨヒーン,200.0
2022105038,シャンソンドール,2025/09/14,4中山4,曇,7.0,3歳未勝利,18,1.0,2,3.5,1.0,1,戸崎圭太,55.0,芝,2000.0,良,118.4,-0.2,1-1-1-1,35.0,478.0,18.0,(ストレートブラック),560.0
2022105038,シャンソンドール,2025/01/12,1中山4,曇,5.0,3歳未勝利,18,7.0,13,12.5,6.0,2,マーカン,55.0,芝,2000.0,良,122.1,0.1,12-11-11-11,35.1,460.0,2.0,ニシノエピカリ,220.0
2022105038,シャンソンドール,2024/11/09,3福島3,晴,5.0,2歳新馬,16,3.0,6,11.3,8.0,2,菊沢一樹,55.0,芝,2000.0,良,124.7,0.0,6-5-4-4,36.2,458.0,0.0,ピリカサンライズ,290.0
2022106619,コルドンブルー,2026/05/16,3京都7,晴,7.0,4歳以上1勝クラス,11,6.0,6,3.3,2.0,1,岩田望来,56.0,芝,1600.0,良,93.3,0.0,7-5,33.2,446.0,8.0,(パスコード),820.0
2022106619,コルドンブルー,2026/04/25,3京都1,晴,9.0,4歳以上1勝クラス,16,3.0,6,3.4,1.0,3,岩田望来,56.0,芝,1400.0,良,80.7,0.5,13-13,33.3,438.0,0.0,ダガーリング,210.0
2022106619,コルドンブルー,2026/03/29,2阪神2,晴,7.0,4歳以上1勝クラス,14,1.0,1,3.9,2.0,3,岩田望来,56.0,芝,1400.0,良,80.5,0.3,9-9,33.8,438.0,4.0,テーオーシュタイン,210.0
2022106619,コルドンブルー,2025/01/18,1中京6,晴,10.0,紅梅S(L),12,8.0,11,9.7,5.0,3,鮫島克駿,55.0,芝,1400.0,良,81.7,0.6,12-12,34.4,434.0,-4.0,ナムラクララ,504.2
2022106619,コルドンブルー,2024/12/14,4中京5,晴,4.0,2歳未勝利,18,6.0,12,2.2,1.0,1,鮫島克駿,55.0,芝,1400.0,良,82.3,-0.3,8-8,35.1,438.0,0.0,(ロイヤルウィル),550.0
2022106619,コルドンブルー,2024/10/14,4新潟4,晴,2.0,2歳未勝利,18,5.0,9,2.6,1.0,2,佐々木大,55.0,芝,1400.0,良,82.7,0.2,11-12,35.8,438.0,0.0,サンナイアガラ,220.0
2022106619,コルドンブルー,2024/09/14,3中京3,晴,5.0,2歳新馬,11,6.0,6,16.8,8.0,2,鮫島克駿,55.0,芝,1400.0,良,82.4,0.2,6-7,33.9,438.0,0.0,ナムラクララ,290.0
2022101573,ポッドロワール,2026/03/29,3中山2,晴,10.0,船橋S(3勝クラス),15,2.0,2,5.4,3.0,15,荻野極,58.0,芝,1200.0,良,68.7,0.9,12-13,33.8,510.0,0.0,サウンドモリアーナ,
2022101573,ポッドロワール,2026/03/08,2中山4,晴,12.0,4歳以上2勝クラス,16,8.0,16,7.1,4.0,1,荻野極,58.0,芝,1200.0,良,68.7,0.0,6-5,34.4,510.0,-4.0,(ロードトレゾール),1190.0
2022101573,ポッドロワール,2026/02/22,1東京8,晴,8.0,4歳以上2勝クラス,16,6.0,11,11.8,6.0,2,岩田望来,58.0,芝,1400.0,良,81.0,0.1,5-5,34.1,514.0,10.0,ピコローズ,480.0
2022101573,ポッドロワール,2025/11/09,5東京2,曇,12.0,3歳以上2勝クラス,18,7.0,15,6.9,4.0,2,荻野極,57.0,芝,1400.0,良,81.5,0.1,10-10,33.0,504.0,0.0,タイセイカレント,460.0
2022101573,ポッドロワール,2025/10/05,4東京2,曇,9.0,tvk賞(2勝クラス),17,8.0,18,9.7,4.0,6,荻野極,56.0,芝,1400.0,良,80.2,0.4,3-3,34.5,504.0,10.0,ジュドー,
2022101573,ポッドロワール,2025/08/30,3新潟3,晴,9.0,新発田城特別(1勝クラス),18,8.0,18,19.2,7.0,1,荻野極,55.0,芝,1400.0,良,80.7,-0.5,4-4,34.6,494.0,-2.0,(セナマリン),1149.9
2022101573,ポッドロワール,2025/05/31,2東京11,小雨,7.0,3歳1勝クラス,11,7.0,8,12.1,7.0,9,木幡巧也,57.0,芝,1400.0,稍,84.4,1.1,11-10,34.9,496.0,2.0,パワースナッチ,
2022101573,ポッドロワール,2025/05/10,2東京5,曇,5.0,3歳未勝利,16,6.0,12,16.8,5.0,1,木幡巧也,57.0,芝,1400.0,稍,82.1,-0.2,6-5,34.6,494.0,2.0,(トレヴィ),560.0
2022101573,ポッドロワール,2025/04/12,3中山5,晴,3.0,3歳未勝利,13,6.0,8,8.7,6.0,11,原優介,57.0,ダ,1800.0,稍,117.7,2.8,4-4-4-5,40.9,492.0,-4.0,ヴィーデ,
2022101573,ポッドロワール,2025/02/08,1東京3,晴,6.0,3歳未勝利,18,1.0,2,12.6,5.0,9,キング,57.0,芝,2400.0,良,148.5,1.6,3-3-3-2,36.5,496.0,-2.0,アロンズロッド,
2022101573,ポッドロワール,2025/01/12,1中山4,曇,5.0,3歳未勝利,18,8.0,17,8.3,5.0,6,キング,57.0,芝,2000.0,良,122.6,0.6,1-1-1-1,36.7,498.0,6.0,ニシノエピカリ,
2022101573,ポッドロワール,2024/11/03,5東京2,晴,2.0,2歳未勝利,15,1.0,1,3.5,1.0,9,池添謙一,56.0,ダ,1600.0,重,99.3,2.3,2-2,40.4,492.0,2.0,カンレイスキー,
2022101573,ポッドロワール,2024/10/19,4東京5,晴,3.0,2歳未勝利,7,3.0,3,10.5,4.0,5,池添謙一,56.0,芝,2000.0,良,120.1,1.4,2-3-2,35.8,490.0,2.0,リトルジャイアンツ,55.0
2022101573,ポッドロワール,2024/09/28,4中山8,曇,4.0,2歳未勝利,16,8.0,15,36.8,8.0,4,石川裕紀,55.0,芝,2000.0,良,122.6,0.4,3-3-4-4,36.5,488.0,6.0,サトノラポール,83.0
2022101573,ポッドロワール,2024/09/01,3新潟8,晴,2.0,2歳未勝利,11,5.0,5,15.8,5.0,3,石川裕紀,55.0,芝,2000.0,良,121.8,0.3,1-1-1-1,36.7,482.0,6.0,ヴァルキリーバース,140.0
2022101573,ポッドロワール,2024/06/30,2福島2,曇,5.0,2歳新馬,16,2.0,3,7.0,4.0,11,Ｍ．デム,55.0,芝,1800.0,良,111.4,1.5,9-10-14-14,35.7,476.0,0.0,デルアヴァー,
2022105326,コートアリシアン,2026/05/24,2東京10,曇,10.0,フリーウェイS(3勝クラス),14,3.0,3,4.2,1.0,2,津村明秀,56.0,芝,1400.0,良,81.0,0.0,3-3,32.9,446.0,0.0,レッドエヴァンス,758.8
2022105326,コートアリシアン,2026/04/26,2東京2,晴,9.0,湘南S(3勝クラス),16,1.0,1,2.7,1.0,3,津村明秀,56.0,芝,1400.0,良,80.4,0.3,9-9,32.4,446.0,2.0,カンシン,474.9
2022105326,コートアリシアン,2026/03/14,2中山5,晴,10.0,幕張S(3勝クラス),16,5.0,10,4.0,2.0,5,佐々木大,56.0,芝,1600.0,良,92.5,0.2,3-3-3,34.8,444.0,-4.0,メタルスピード,187.0
2022105326,コートアリシアン,2026/01/18,1中山7,晴,9.0,若潮S(3勝クラス),15,3.0,5,4.5,2.0,2,佐々木大,55.0,芝,1600.0,良,91.7,0.0,8-7-7,34.0,448.0,-6.0,ポルカリズム,760.0
2022105326,コートアリシアン,2025/11/23,5東京5,晴,10.0,秋色S(3勝クラス),17,1.0,1,3.6,2.0,2,佐々木大,54.0,芝,1600.0,良,92.1,0.2,11-8,33.5,454.0,10.0,エンペラーズソード,750.4
2022105326,コートアリシアン,2025/09/27,4中山8,晴,11.0,秋風S(3勝クラス),16,5.0,10,3.1,1.0,8,菅原明良,54.0,芝,1600.0,良,93.4,0.5,6-7-7,34.5,444.0,8.0,ピースワンデュック,
2022105326,コートアリシアン,2025/07/27,2新潟2,晴,6.0,豊栄特別(2勝クラス),11,5.0,5,3.2,2.0,1,菅原明良,54.0,芝,1600.0,良,91.8,-0.3,3-3,32.9,436.0,4.0,(テラメリタ),1573.8
2022105326,コートアリシアン,2025/05/11,2東京6,晴,11.0,NHKマイルC(GI),18,8.0,18,45.4,11.0,10,菅原明良,55.0,芝,1600.0,良,92.4,0.7,18-18,34.1,432.0,-2.0,パンジャタワー,
2022105326,コートアリシアン,2025/04/12,3中山5,晴,11.0,ニュージーランドT(GII),14,2.0,2,14.8,5.0,3,菅原明良,55.0,芝,1600.0,良,92.6,0.2,6-6-7,33.8,434.0,-6.0,イミグラントソング,1414.2
2022105326,コートアリシアン,2025/02/15,1東京5,晴,11.0,デイリー杯クイーンC(GIII),14,7.0,12,6.9,4.0,4,坂井瑠星,55.0,芝,1600.0,良,93.1,0.9,7-9,34.8,440.0,-2.0,エンブロイダリー,570.0
2022105326,コートアリシアン,2024/12/08,7京都4,曇,11.0,阪神ジュベナイルF(GI),18,7.0,13,7.1,3.0,6,戸崎圭太,55.0,芝,1600.0,良,94.2,0.8,17-16,34.4,442.0,8.0,アルマヴェローチェ,
2022105326,コートアリシアン,2024/08/25,3新潟6,曇,11.0,新潟2歳S(GIII),11,6.0,6,2.6,1.0,2,菅原明良,55.0,芝,1600.0,良,94.3,0.1,5-5,33.9,434.0,-4.0,トータルクラリティ,1211.0
2022105326,コートアリシアン,2024/06/08,3東京3,晴,5.0,2歳新馬,8,8.0,8,3.5,2.0,1,菅原明良,55.0,芝,1600.0,良,95.1,-0.8,5-5,33.3,438.0,0.0,(ベルリネッタ),720.0
2020103280,エマヌエーレ,2026/05/31,3京都12,晴,12.0,渡月橋S(3勝クラス),18,4.0,7,17.0,7.0,3,鮫島克駿,58.0,芝,1400.0,良,80.6,0.5,2-2,34.6,512.0,-2.0,スマートワイス,475.5
2020103280,エマヌエーレ,2026/04/05,2阪神4,晴,10.0,心斎橋S(3勝クラス),18,4.0,8,15.9,4.0,4,幸英明,56.0,芝,1400.0,良,80.2,0.5,8-9,34.9,514.0,-4.0,ミトノオルフェ,280.0
2020103280,エマヌエーレ,2026/02/14,1小倉7,曇,11.0,下関S(3勝クラス),18,5.0,10,7.7,3.0,5,横山琉人,58.0,芝,1200.0,良,68.1,0.9,14-12,34.5,518.0,4.0,ジャスパーディビネ,187.0
2020103280,エマヌエーレ,2025/12/28,5阪神8,晴,12.0,カウントダウンS(3勝クラス),10,3.0,3,6.8,4.0,5,和田竜二,58.0,芝,1200.0,良,68.7,0.3,5-5,33.3,514.0,14.0,イツモニコニコ,184.0
2020103280,エマヌエーレ,2025/11/15,5東京3,晴,10.0,奥多摩S(3勝クラス),18,1.0,1,31.8,9.0,8,三浦皇成,58.0,芝,1400.0,良,81.3,0.8,15-17,33.2,500.0,0.0,マイネルチケット,
2020103280,エマヌエーレ,2025/10/18,4新潟1,曇,11.0,北陸S(3勝クラス),18,8.0,16,12.6,3.0,4,横山琉人,56.0,芝,1200.0,良,68.8,0.8,11-10,33.7,500.0,-10.0,フリッカージャブ,280.0
2020103280,エマヌエーレ,2025/07/26,1札幌1,小雨,11.0,TVh賞(3勝クラス),12,7.0,10,13.8,5.0,5,池添謙一,56.0,芝,1200.0,良,68.1,0.7,7-8,33.6,510.0,-4.0,カルプスペルシュ,184.0
2020103280,エマヌエーレ,2025/07/05,1函館7,晴,11.0,TVh杯(3勝クラス),14,3.0,4,31.8,10.0,4,池添謙一,58.0,芝,1200.0,稍,69.6,0.3,6-5,34.4,514.0,0.0,ナムラクララ,280.0
2020103280,エマヌエーレ,2025/06/22,1函館4,小雨,11.0,UHB杯(3勝クラス),15,4.0,7,9.7,5.0,9,丹内祐次,56.0,芝,1200.0,重,69.2,0.5,9-8,34.4,514.0,12.0,オードゥメール,
2020103280,エマヌエーレ,2025/04/06,2阪神4,晴,10.0,夢洲S(3勝クラス),14,6.0,9,20.9,9.0,8,和田竜二,58.0,芝,1600.0,良,93.0,0.7,7-7,33.7,502.0,-8.0,シヴァース,
2020103280,エマヌエーレ,2025/03/09,1阪神4,晴,10.0,淀屋橋S(3勝クラス),12,8.0,11,6.5,3.0,4,荻野極,58.0,芝,1200.0,良,68.1,0.4,8-9,34.0,510.0,2.0,ツインクルトーズ,280.0
2020103280,エマヌエーレ,2025/02/15,1小倉7,曇,11.0,下関S(3勝クラス),18,2.0,4,14.5,6.0,2,荻野極,58.0,芝,1200.0,良,67.8,0.0,5-5,34.8,508.0,0.0,マイネルレノン,751.2
2020103280,エマヌエーレ,2024/12/15,7京都6,晴,12.0,東山S(3勝クラス),18,7.0,14,43.5,10.0,15,池添謙一,55.0,芝,1400.0,良,81.9,1.3,6-6,35.4,508.0,0.0,フォーチュンタイム,
2020103280,エマヌエーレ,2024/08/31,2札幌7,曇,10.0,アジア競馬連盟T(3勝クラス),14,7.0,12,19.5,8.0,11,池添謙一,58.0,芝,1500.0,重,91.4,1.4,4-4-4,37.2,508.0,8.0,ドナベティ,
2020103280,エマヌエーレ,2024/07/27,1札幌3,曇,10.0,摩周湖特別(2勝クラス),14,5.0,7,13.9,8.0,1,池添謙一,55.0,芝,1500.0,良,87.7,-0.3,3-4-3,34.4,500.0,0.0,(メタルスピード),1581.5
2020103280,エマヌエーレ,2024/06/23,4京都8,曇,9.0,瀬田特別(2勝クラス),18,6.0,12,35.0,9.0,9,和田竜二,55.0,芝,1400.0,重,82.6,1.4,3-3,35.2,500.0,4.0,クランフォード,
2020103280,エマヌエーレ,2024/05/25,3京都11,晴,12.0,4歳以上2勝クラス,17,1.0,1,7.6,3.0,5,和田竜二,58.0,芝,1400.0,良,80.2,0.3,4-3,35.2,496.0,-10.0,アスクビギンアゲン,114.0
2020103280,エマヌエーレ,2024/04/21,3京都2,雨,7.0,4歳以上1勝クラス,13,4.0,5,10.5,6.0,1,和田竜二,58.0,芝,1400.0,良,81.5,0.0,4-4,34.9,506.0,-2.0,(シルヴァーデューク),800.0
2020103280,エマヌエーレ,2023/12/17,5阪神6,晴,7.0,3歳以上1勝クラス,9,5.0,5,19.4,6.0,7,和田竜二,57.0,ダ,1800.0,稍,116.3,2.6,4-5-5-5,39.5,508.0,2.0,チュウワハート,
2020103280,エマヌエーレ,2023/12/03,5阪神2,晴,7.0,3歳以上1勝クラス,11,8.0,10,7.9,4.0,7,和田竜二,57.0,芝,1800.0,良,106.9,0.9,3-2,35.4,506.0,12.0,ゴートゥファースト,
2020103280,エマヌエーレ,2023/10/22,2京都7,晴,6.0,3歳以上1勝クラス,16,7.0,13,3.8,2.0,6,モレイラ,56.0,芝,1600.0,良,93.3,0.5,9-8,35.3,494.0,-2.0,ビヨンドザヴァレー,
2020103280,エマヌエーレ,2023/08/26,2札幌5,晴,7.0,3歳以上1勝クラス,13,4.0,6,4.4,3.0,2,モレイラ,55.0,芝,1800.0,良,108.4,0.0,5-5-5-2,35.6,496.0,0.0,マンクスホップ,320.0
2020103280,エマヌエーレ,2023/08/05,1札幌5,曇,12.0,3歳以上1勝クラス,14,8.0,13,8.5,5.0,6,北村友一,55.0,芝,1500.0,稍,91.3,0.4,8-12-9,34.8,496.0,0.0,ディヴァージオン,
2020103280,エマヌエーレ,2023/07/22,1札幌1,晴,9.0,北辰特別(1勝クラス),9,2.0,2,6.7,4.0,5,北村友一,55.0,芝,1800.0,良,107.7,0.3,7-7-7-7,34.0,496.0,6.0,レイベリング,111.0
2020103280,エマヌエーレ,2023/07/02,2福島2,晴,11.0,ラジオNIKKEI賞(GIII),16,8.0,15,93.6,14.0,14,石橋脩,54.0,芝,1800.0,良,108.2,1.3,4-5-5-5,36.1,490.0,6.0,エルトンバローズ,
2020103280,エマヌエーレ,2023/03/25,2阪神1,曇,11.0,毎日杯(GIII),13,7.0,10,27.3,9.0,5,和田竜二,56.0,芝,1800.0,良,107.0,0.4,3-3,35.7,484.0,-12.0,シーズンリッチ,400.0
2020103280,エマヌエーレ,2023/02/18,1阪神3,曇,9.0,つばき賞(1勝クラス),12,3.0,3,90.1,10.0,2,和田竜二,56.0,芝,1800.0,良,107.3,0.3,1-1,34.1,496.0,-10.0,ロードデルレイ,437.6
2020103280,エマヌエーレ,2023/01/28,1中京9,晴,9.0,白梅賞(1勝クラス),7,2.0,2,11.0,4.0,5,和田竜二,56.0,芝,1600.0,良,95.0,1.7,4-3-4,35.5,506.0,20.0,カルロヴェローチェ,107.0
2020103280,エマヌエーレ,2022/11/27,5東京8,晴,8.0,ベゴニア賞(1勝クラス),10,1.0,1,12.6,4.0,6,菅原明良,55.0,芝,1600.0,良,95.2,0.6,10-10,33.3,486.0,-6.0,シャンパンカラー,
2020103280,エマヌエーレ,2022/10/15,4阪神4,晴,9.0,紫菊賞(1勝クラス),7,6.0,6,5.8,3.0,6,松山弘平,55.0,芝,1800.0,良,108.1,0.8,2-2,34.5,492.0,8.0,コスモサガルマータ,
2020103280,エマヌエーレ,2022/08/27,3新潟5,晴,1.0,2歳未勝利,15,8.0,15,3.0,2.0,1,戸崎圭太,54.0,芝,1600.0,良,94.6,-0.5,3-3,34.9,484.0,-2.0,(コンエネルジア),520.0
2020103280,エマヌエーレ,2022/07/30,2新潟1,晴,5.0,2歳新馬,12,3.0,3,16.0,6.0,3,松山弘平,54.0,芝,1600.0,良,96.3,0.5,1-1,32.5,486.0,0.0,リバティアイランド,180.0
2019103815,スマイルアップ,2026/07/11,2福島5,曇,10.0,会津S(3勝クラス),9,5.0,5,10.7,4.0,3,松岡正海,53.0,芝,1200.0,良,68.0,0.2,2-2,34.3,458.0,-2.0,メイショウヨゾラ,473.2
2019103815,スマイルアップ,2026/06/21,3東京6,曇,10.0,多摩川S(3勝クラス),16,7.0,14,326.1,16.0,3,松岡正海,56.0,芝,1400.0,稍,81.5,0.4,4-4,34.0,460.0,-2.0,ラーンザロープス,474.9
2019103815,スマイルアップ,2026/01/25,1中山9,晴,10.0,江戸川S(3勝クラス),16,3.0,5,128.5,14.0,14,原優介,56.0,ダ,1200.0,良,72.8,1.3,3-5,38.7,462.0,-6.0,ルディック,
2019103815,スマイルアップ,2025/10/12,4東京4,曇,10.0,テレビ静岡賞(3勝クラス),16,7.0,13,156.9,16.0,13,原優介,56.0,ダ,1400.0,良,85.9,2.0,8-9,36.5,468.0,12.0,ワイワイレジェンド,
2019103815,スマイルアップ,2025/05/18,2東京8,曇,12.0,BSイレブン賞(3勝クラス),16,7.0,13,81.9,14.0,14,原優介,56.0,ダ,1400.0,重,84.3,1.5,2-2,37.7,456.0,-2.0,サンライズパスカル,
2019103815,スマイルアップ,2025/03/22,2中山7,晴,12.0,4歳以上2勝クラス,16,6.0,11,279.9,15.0,1,原優介,56.0,ダ,1200.0,稍,71.4,0.0,6-6,36.4,458.0,0.0,(ノヴァエクスプレス),1140.0
2019103815,スマイルアップ,2025/03/16,2中山6,小雨,12.0,4歳以上2勝クラス,16,1.0,1,126.9,15.0,15,原優介,56.0,ダ,1200.0,不,72.1,1.2,6-7,38.4,458.0,-4.0,ショウナンアビアス,
2019103815,スマイルアップ,2024/12/22,5中山8,晴,8.0,冬至特別(2勝クラス),16,7.0,13,194.7,15.0,11,内田博幸,56.0,ダ,1200.0,良,72.5,0.9,7-8,38.5,462.0,2.0,ロードフロンティア,
2019103815,スマイルアップ,2024/10/22,浦和,曇,11.0,ミズナラ賞(A2B1),11,7.0,8,21.7,6.0,11,笹川翼,55.0,ダ,1400.0,良,90.2,2.7,4-4-4-6,40.2,460.0,10.0,シーサーペント,
2019103815,スマイルアップ,2024/05/25,2東京11,晴,9.0,富嶽賞(2勝クラス),16,3.0,5,61.4,11.0,12,藤田菜七,56.0,ダ,1400.0,良,86.1,2.2,14-15,36.2,450.0,-10.0,コンクイスタ,
2019103815,スマイルアップ,2024/04/28,2東京4,晴,12.0,4歳以上2勝クラス,16,1.0,2,46.6,10.0,中,長浜鴻緒,53.0,ダ,1400.0,良,,,16,,460.0,0.0,エピックジョイ,
2019103815,スマイルアップ,2024/04/06,3中山5,曇,12.0,4歳以上1勝クラス,16,4.0,7,5.4,4.0,1,藤田菜七,54.0,ダ,1200.0,稍,71.8,-0.2,1-1,37.1,460.0,-2.0,(ホウオウジュビリー),800.0
2019103815,スマイルアップ,2024/03/09,2中山5,晴,8.0,4歳以上1勝クラス,16,6.0,11,5.8,3.0,5,藤田菜七,54.0,ダ,1200.0,重,71.4,0.2,7-7,37.4,462.0,6.0,ピカリエ,80.0
2019103815,スマイルアップ,2024/02/25,2中山2,小雨,8.0,4歳以上1勝クラス,16,5.0,10,7.8,3.0,3,藤田菜七,54.0,ダ,1200.0,稍,71.8,0.4,2-2,38.2,456.0,10.0,ハヤブサジェット,200.0
2019103815,スマイルアップ,2023/11/05,3福島2,曇,12.0,3歳以上1勝クラス,11,7.0,9,4.0,2.0,7,丹内祐次,56.0,ダ,1150.0,良,69.7,0.9,4-4,37.5,446.0,2.0,アイファースキャン,
2019103815,スマイルアップ,2023/10/21,4新潟3,小雨,8.0,3歳以上1勝クラス,14,6.0,10,3.0,2.0,3,丹内祐次,56.0,ダ,1200.0,重,71.3,0.7,5-5,36.6,444.0,-6.0,エランティス,200.0
2019103815,スマイルアップ,2023/09/30,4中山8,晴,8.0,3歳以上1勝クラス,16,3.0,6,6.7,3.0,2,丹内祐次,56.0,ダ,1200.0,良,71.1,0.9,3-2,37.0,450.0,6.0,サイモンギフト,320.0
2019103815,スマイルアップ,2023/09/09,4中山1,晴,12.0,3歳以上1勝クラス,16,3.0,6,5.7,4.0,4,内田博幸,56.0,ダ,1200.0,重,71.9,0.7,3-3,37.3,444.0,2.0,ゴキゲンサン,120.0
2019103815,スマイルアップ,2023/08/20,3新潟4,晴,8.0,3歳以上1勝クラス,15,3.0,5,3.9,1.0,10,内田博幸,56.0,ダ,1200.0,良,73.5,0.7,1-1,38.5,442.0,2.0,ダークンストーミー,
2019103815,スマイルアップ,2023/05/21,1新潟8,晴,7.0,4歳以上1勝クラス,15,6.0,10,2.8,1.0,3,丹内祐次,56.0,ダ,1200.0,良,71.7,0.2,3-3,37.6,440.0,-4.0,クインズプリーズ,200.0
2019103815,スマイルアップ,2023/05/07,1新潟4,雨,6.0,4歳以上1勝クラス,15,2.0,2,2.3,1.0,2,丹内祐次,56.0,ダ,1200.0,不,71.9,0.5,7-7,36.9,444.0,2.0,オーガスタスカイ,320.0
2019103815,スマイルアップ,2023/04/08,3中山5,小雨,12.0,4歳以上1勝クラス,15,3.0,4,5.0,3.0,3,内田博幸,56.0,ダ,1200.0,稍,71.0,0.5,1-1,37.3,442.0,-2.0,カラパタール,200.0
2019103815,スマイルアップ,2023/03/11,2中山5,晴,8.0,4歳以上1勝クラス,13,6.0,9,2.2,1.0,4,内田博幸,56.0,ダ,1200.0,良,71.6,0.3,2-2,37.3,444.0,-8.0,クラリティスケール,120.0
2019103815,スマイルアップ,2023/01/22,1中山8,曇,4.0,4歳以上1勝クラス,16,2.0,4,34.2,8.0,3,内田博幸,56.0,ダ,1200.0,良,71.3,0.2,4-3,37.5,452.0,0.0,カンザシ,200.0
2019103815,スマイルアップ,2023/01/08,1中山3,晴,8.0,4歳以上1勝クラス,16,4.0,8,36.1,7.0,3,内田博幸,56.0,ダ,1200.0,良,72.0,0.3,4-3,37.5,452.0,14.0,ダルダヌス,200.0
2019103815,スマイルアップ,2022/12/04,6中京2,晴,6.0,3歳以上1勝クラス,16,3.0,6,169.3,12.0,9,古川吉洋,54.0,ダ,1200.0,良,73.7,0.6,12-12,36.9,438.0,-8.0,ベジェサ,
2019103815,スマイルアップ,2022/11/13,3福島4,曇,7.0,3歳以上1勝クラス,16,7.0,13,46.6,12.0,15,小林脩斗,52.0,芝,1200.0,良,71.4,1.1,13-14,35.4,446.0,10.0,フリートオブフット,
2019103815,スマイルアップ,2022/08/28,2札幌6,晴,9.0,小樽特別(1勝クラス),16,4.0,7,76.2,13.0,14,丹内祐次,52.0,芝,1200.0,良,70.6,1.4,4-3,36.4,436.0,6.0,ヒルノローザンヌ,
2019103815,スマイルアップ,2022/08/13,2札幌1,晴,12.0,3歳以上1勝クラス,16,6.0,11,27.2,8.0,12,斎藤新,52.0,芝,1200.0,稍,71.2,1.0,5-7,36.4,430.0,0.0,バンデルオーラ,
2019103815,スマイルアップ,2022/08/07,1札幌6,晴,12.0,3歳以上1勝クラス,16,1.0,1,13.1,8.0,8,丹内祐次,52.0,芝,1200.0,良,69.5,0.7,3-3,34.8,430.0,8.0,グラスミヤラビ,
2019103815,スマイルアップ,2022/04/16,3中山7,晴,6.0,3歳1勝クラス,16,4.0,8,106.2,13.0,3,木幡巧也,54.0,芝,1200.0,重,69.0,0.3,5-5,35.5,422.0,-12.0,ブレスレスリー,190.0
2019103815,スマイルアップ,2022/02/12,1東京5,晴,11.0,デイリー杯クイーンC(GIII),16,8.0,16,473.7,16.0,13,野中悠太,54.0,芝,1600.0,良,95.4,1.3,1-1,35.7,434.0,-4.0,プレサージュリフト,
2019103815,スマイルアップ,2022/01/09,1中山3,晴,9.0,朱竹賞(1勝クラス),12,7.0,9,47.3,10.0,7,丹内祐次,54.0,芝,1200.0,良,69.8,1.0,6-5,36.0,438.0,6.0,リトス,
2019103815,スマイルアップ,2021/11/06,2福島1,晴,2.0,2歳未勝利,16,2.0,3,19.3,7.0,1,丹内祐次,54.0,芝,1200.0,良,69.3,-0.1,3-3,35.2,432.0,12.0,(メルヴィル),510.0
2019103815,スマイルアップ,2021/07/10,1函館3,曇,1.0,2歳未勝利,9,7.0,7,15.0,6.0,6,丹内祐次,54.0,芝,1200.0,良,70.6,0.8,2-2,36.3,420.0,-6.0,ブッシュガーデン,
2019103815,スマイルアップ,2021/06/26,1札幌5,晴,1.0,2歳未勝利,14,8.0,13,14.1,4.0,4,丹内祐次,54.0,芝,1200.0,良,69.7,0.7,3-2,35.6,426.0,4.0,リトス,77.0
2019103815,スマイルアップ,2021/06/12,1札幌1,曇,5.0,2歳新馬,12,1.0,1,42.8,8.0,5,丹内祐次,54.0,芝,1000.0,良,57.4,0.5,6-5,33.5,422.0,0.0,カイカノキセキ,70.0
2021104167,エイムフォーエース,2026/05/24,2東京10,曇,10.0,フリーウェイS(3勝クラス),14,4.0,5,73.1,12.0,10,高杉吏麒,58.0,芝,1400.0,良,81.5,0.5,9-8,32.8,440.0,2.0,レッドエヴァンス,
2021104167,エイムフォーエース,2026/04/05,2阪神4,晴,10.0,心斎橋S(3勝クラス),18,1.0,1,17.5,7.0,6,酒井学,54.0,芝,1400.0,良,80.5,0.8,16-15,34.5,438.0,-2.0,ミトノオルフェ,
2021104167,エイムフォーエース,2026/03/08,1阪神6,晴,10.0,岸和田S(3勝クラス),14,7.0,12,125.8,14.0,9,酒井学,58.0,芝,1600.0,良,93.2,0.4,13-12,33.7,440.0,-2.0,ファインライン,
2021104167,エイムフォーエース,2026/02/15,1東京6,晴,9.0,雲雀S(3勝クラス),16,3.0,5,57.9,12.0,12,佐々木大,58.0,芝,1600.0,良,94.8,0.8,14-16,32.9,442.0,-4.0,ダノンセンチュリー,
2021104167,エイムフォーエース,2026/01/24,1京都8,晴,12.0,4歳以上2勝クラス,11,7.0,8,5.9,4.0,1,岩田望来,58.0,芝,1400.0,良,82.8,-0.1,9-7,33.2,446.0,8.0,(メイショウカイト),1190.0
2021104167,エイムフォーエース,2025/12/28,5阪神8,晴,9.0,フォーチュンC(2勝クラス),12,8.0,12,22.6,7.0,6,酒井学,55.0,芝,1600.0,良,94.3,0.3,11-11,32.8,438.0,0.0,マイエレメント,
2021104167,エイムフォーエース,2025/12/07,5阪神2,晴,12.0,3歳以上2勝クラス,17,6.0,11,152.7,16.0,4,酒井学,58.0,芝,1400.0,良,80.1,0.2,14-15,33.8,438.0,0.0,チューラワンサ,170.0
2021104167,エイムフォーエース,2025/10/11,3京都3,晴,10.0,宇治川特別(2勝クラス),13,8.0,12,71.4,11.0,11,酒井学,58.0,芝,1400.0,良,80.7,0.4,13-9,33.4,438.0,2.0,ミストレス,
2021104167,エイムフォーエース,2025/09/27,4阪神8,晴,8.0,3歳以上2勝クラス,13,6.0,9,194.5,10.0,6,酒井学,58.0,芝,1600.0,良,94.0,0.6,9-8,33.7,436.0,-10.0,スライビングロード,
2021104167,エイムフォーエース,2025/09/07,2札幌6,晴,10.0,HTB賞(2勝クラス),14,6.0,10,64.1,11.0,10,小林美駒,58.0,芝,1800.0,稍,110.4,0.8,14-13-12-13,36.7,446.0,12.0,タイキラフター,
2021104167,エイムフォーエース,2025/07/27,2新潟2,晴,6.0,豊栄特別(2勝クラス),11,7.0,9,32.7,8.0,10,キング,55.0,芝,1600.0,良,92.9,1.1,9-8,33.2,434.0,-4.0,コートアリシアン,
2021104167,エイムフォーエース,2025/05/31,2東京11,小雨,10.0,葉山特別(2勝クラス),16,8.0,16,89.7,14.0,12,北村宏司,58.0,芝,1600.0,重,97.5,1.6,14-13,36.4,438.0,-2.0,ウインアイオライト,
2021104167,エイムフォーエース,2025/05/18,2東京8,曇,9.0,テレ玉杯(2勝クラス),9,2.0,2,10.1,6.0,7,三浦皇成,58.0,芝,1600.0,良,94.4,0.9,9-8,33.3,440.0,4.0,ボーモンド,
2021104167,エイムフォーエース,2025/05/04,2東京4,晴,8.0,4歳以上2勝クラス,9,8.0,8,18.9,4.0,2,佐々木大,58.0,芝,1600.0,良,93.5,0.5,8-8,33.0,436.0,4.0,カニキュル,460.0
2021104167,エイムフォーエース,2025/04/05,2阪神3,晴,8.0,4歳以上2勝クラス,8,8.0,8,43.8,6.0,6,団野大成,58.0,芝,1800.0,良,106.2,1.0,6-6,34.0,432.0,-8.0,ファーヴェント,
2021104167,エイムフォーエース,2025/03/29,3中山1,雨,8.0,4歳以上2勝クラス,12,2.0,2,26.3,8.0,7,三浦皇成,58.0,芝,1800.0,稍,110.8,0.7,12-12-11-10,36.1,440.0,2.0,マイネルブリックス,
2021104167,エイムフォーエース,2025/02/16,1東京6,晴,8.0,4歳以上2勝クラス,13,5.0,7,14.6,5.0,8,三浦皇成,58.0,芝,1600.0,良,94.8,0.9,13-12,33.7,438.0,-8.0,キョウエイブリッサ,
2021104167,エイムフォーエース,2025/01/06,1中京2,雨,12.0,4歳以上2勝クラス,16,5.0,9,133.3,13.0,6,三浦皇成,57.0,芝,1600.0,重,97.8,0.6,16-15-14,36.3,446.0,2.0,ナムラエイハブ,
2021104167,エイムフォーエース,2024/12/22,7京都8,晴,12.0,ジングルベル賞(2勝クラス),17,6.0,11,21.7,8.0,15,高杉吏麒,55.0,芝,1400.0,良,82.3,1.1,9-13,34.3,444.0,0.0,ヤマニンアルリフラ,
2021104167,エイムフォーエース,2024/11/23,5東京7,晴,12.0,3歳以上2勝クラス,14,3.0,3,11.8,6.0,7,マーカン,57.0,芝,1600.0,良,94.2,0.5,5-5,34.3,444.0,-8.0,ミラビリスマジック,
2021104167,エイムフォーエース,2024/11/10,6京都4,曇,12.0,ドンカスターC(2勝クラス),14,5.0,8,24.5,9.0,4,酒井学,57.0,芝,1400.0,良,81.1,0.4,5-6,34.4,452.0,14.0,フルメタルボディー,230.0
2021104167,エイムフォーエース,2024/05/29,船橋,晴,11.0,若潮スプリント(重賞),12,3.0,3,4.2,3.0,7,吉原寛人,56.0,ダ,1200.0,重,75.7,1.6,11-11-10,38.5,438.0,10.0,ギガース,
2021104167,エイムフォーエース,2024/04/06,3中山5,曇,11.0,ニュージーランドT(GII),16,5.0,10,158.2,15.0,7,森泰斗,57.0,芝,1600.0,稍,94.9,0.5,9-11-9,35.0,428.0,-2.0,エコロブルーム,
2021104167,エイムフォーエース,2024/03/16,1中京3,晴,11.0,中スポ賞ファルコンS(GIII),17,7.0,13,44.7,9.0,14,本田正重,57.0,芝,1400.0,良,81.5,1.3,15-14,34.9,430.0,0.0,ダノンマッキンリー,
2021104167,エイムフォーエース,2024/01/27,1東京1,晴,10.0,クロッカスS(L),10,3.0,3,119.5,9.0,4,本田正重,57.0,芝,1400.0,良,81.0,0.1,8-8,33.0,430.0,-4.0,ロジリオン,300.0
2021104167,エイムフォーエース,2024/01/06,1中山1,晴,10.0,ジュニアC(L),10,8.0,9,268.5,10.0,6,本田正重,57.0,芝,1600.0,良,93.3,0.8,10-10-10,33.5,434.0,-9.0,キャプテンシー,
2021104167,エイムフォーエース,2023/11/29,船橋,晴,4.0,ジュニアスプリント(2歳),9,3.0,3,26.7,6.0,1,山本聡哉,55.0,ダ,1200.0,良,74.7,-0.1,8-7-8,37.4,443.0,5.0,(ギガース),310.0
2021104167,エイムフォーエース,2023/09/26,船橋,曇,8.0,トーシンブリザード・(2歳),9,5.0,5,24.3,5.0,7,張田昂,54.0,ダ,1600.0,良,105.8,1.3,7-8-9-9,38.6,438.0,8.0,バハマフレイバー,
2021104167,エイムフォーエース,2023/08/06,船橋,晴,2.0,2歳三特選,11,3.0,3,7.4,4.0,1,本田正重,54.0,ダ,1200.0,良,76.3,-1.4,1-1-1,40.3,430.0,0.0,(ブナシメジ),280.0
2021104167,エイムフォーエース,2023/07/24,船橋,晴,4.0,リアトリスデビュー(2歳),6,2.0,2,15.1,5.0,4,本田正重,54.0,ダ,1500.0,良,100.4,2.6,5-4-3-3,41.2,430.0,0.0,ミスカッレーラ,60.0
2022101765,ピコローズ,2026/05/24,2東京10,曇,10.0,フリーウェイS(3勝クラス),14,7.0,11,6.9,5.0,8,三浦皇成,56.0,芝,1400.0,良,81.4,0.4,5-6,32.8,444.0,2.0,レッドエヴァンス,
2022101765,ピコローズ,2026/03/14,2中山5,晴,10.0,幕張S(3勝クラス),16,3.0,5,15.1,5.0,6,三浦皇成,54.0,芝,1600.0,良,92.6,0.3,9-9-10,34.2,442.0,0.0,メタルスピード,
2022101765,ピコローズ,2026/02/22,1東京8,晴,8.0,4歳以上2勝クラス,16,3.0,6,5.6,2.0,1,三浦皇成,56.0,芝,1400.0,良,80.9,-0.1,8-7,33.7,442.0,0.0,(ポッドロワール),1190.0
2022101765,ピコローズ,2025/12/21,5中山6,雨,12.0,3歳以上2勝クラス,16,7.0,14,4.3,1.0,2,マーカン,55.0,芝,1600.0,重,94.5,0.0,5-6-5,35.3,442.0,2.0,メタルスピード,460.0
2022101765,ピコローズ,2025/11/23,5東京5,曇,12.0,3歳以上2勝クラス,18,6.0,12,10.6,5.0,2,三浦皇成,55.0,芝,1400.0,良,80.6,0.1,12-12,32.6,440.0,6.0,アニトラ,460.0
2022101765,ピコローズ,2025/09/14,4中山4,曇,9.0,御宿特別(2勝クラス),8,3.0,3,5.9,4.0,5,佐々木大,54.0,芝,1600.0,良,94.0,0.5,3-6-6,32.8,434.0,2.0,ケイデンシーマーク,155.0
2022101765,ピコローズ,2025/08/17,1札幌8,雨,7.0,3歳以上1勝クラス,14,4.0,5,3.4,1.0,1,佐々木大,53.0,芝,1500.0,稍,89.9,0.0,3-3-2,35.4,432.0,0.0,(ユーティジャーニー),800.0
2022101765,ピコローズ,2025/05/03,2東京3,晴,10.0,スイートピーS(L),13,1.0,1,35.4,8.0,9,田辺裕信,55.0,芝,1800.0,良,106.7,0.8,4-4-4,34.3,432.0,-4.0,ルージュソリテール,
2022101765,ピコローズ,2025/03/15,2中山5,曇,11.0,アネモネS(L),12,8.0,12,4.4,2.0,5,田辺裕信,55.0,芝,1600.0,良,95.9,0.2,5-6-5,35.0,436.0,0.0,トワイライトシティ,200.0
2022101765,ピコローズ,2025/01/18,1中山6,晴,9.0,菜の花賞(1勝クラス),16,8.0,16,31.7,7.0,2,田辺裕信,55.0,芝,1600.0,良,93.4,0.2,1-2-2,34.8,436.0,2.0,コムユンプリュム,450.0
2022101765,ピコローズ,2024/12/07,4中京3,曇,9.0,つわぶき賞(1勝クラス),12,2.0,2,11.9,5.0,3,田辺裕信,55.0,芝,1400.0,良,82.1,0.2,8-6,35.7,434.0,0.0,ルージュラナキラ,273.6
2022101765,ピコローズ,2024/10/05,5京都1,晴,9.0,りんどう賞(1勝クラス),10,8.0,10,36.0,9.0,5,北村友一,55.0,芝,1400.0,良,82.1,0.3,10-9,33.8,434.0,0.0,ヴーレヴー,107.0
2022101765,ピコローズ,2024/09/01,2札幌8,晴,9.0,シンガポールTC賞(OP),10,1.0,1,20.8,6.0,4,永野猛蔵,55.0,芝,1200.0,稍,70.5,0.4,5-4,35.9,434.0,10.0,カワキタマナレア,240.0
2022101765,ピコローズ,2024/07/06,1函館9,曇,5.0,2歳新馬,11,4.0,4,8.0,5.0,1,佐々木大,55.0,芝,1200.0,良,70.8,-0.2,4-4,35.6,424.0,0.0,(ルージュアマリア),720.0
2020106900,アームテイル,2026/04/26,2東京2,晴,9.0,湘南S(3勝クラス),16,1.0,2,95.6,13.0,11,吉田豊,52.0,芝,1400.0,良,81.0,0.9,4-4,33.7,462.0,0.0,カンシン,
2020106900,アームテイル,2026/03/29,3中山2,晴,10.0,船橋S(3勝クラス),15,3.0,5,78.2,13.0,13,大野拓弥,56.0,芝,1200.0,良,68.6,0.8,9-10,33.9,462.0,0.0,サウンドモリアーナ,
2020106900,アームテイル,2026/02/15,1東京6,晴,9.0,雲雀S(3勝クラス),16,1.0,2,205.8,15.0,15,大野拓弥,56.0,芝,1600.0,良,95.0,1.0,6-7,33.8,462.0,-8.0,ダノンセンチュリー,
2020106900,アームテイル,2026/02/01,1東京2,晴,10.0,節分S(3勝クラス),15,5.0,9,86.3,14.0,13,大野拓弥,56.0,芝,1400.0,良,81.8,0.8,9-10,33.9,470.0,10.0,ウイントワイライト,
2020106900,アームテイル,2025/10/04,4東京1,小雨,10.0,白秋S(3勝クラス),15,5.0,8,10.0,5.0,9,大野拓弥,54.0,芝,1400.0,良,80.3,0.5,5-5,33.9,460.0,2.0,レッドシュヴェルト,
2020106900,アームテイル,2025/08/24,3新潟2,晴,9.0,長岡S(3勝クラス),18,2.0,3,14.8,8.0,6,大野拓弥,54.0,芝,1600.0,良,92.9,0.4,2-2,33.9,458.0,-6.0,ファーヴェント,
2020106900,アームテイル,2025/07/26,2新潟1,晴,7.0,新潟日報賞(3勝クラス),10,7.0,7,8.2,5.0,4,大野拓弥,56.0,芝,1400.0,良,79.9,0.8,3-3,33.6,464.0,-4.0,ワールズエンド,280.0
2020106900,アームテイル,2025/06/07,3東京1,晴,10.0,由比ヶ浜特別(2勝クラス),15,7.0,12,39.1,9.0,1,大野拓弥,53.0,芝,1400.0,良,81.0,-0.3,6-7,33.3,468.0,2.0,(サダメ),1584.3
2020106900,アームテイル,2025/05/24,2東京9,曇,7.0,4歳以上1勝クラス,13,2.0,2,58.8,11.0,1,大野拓弥,56.0,芝,1600.0,良,94.5,-0.1,5-4,33.4,466.0,6.0,(レイククレセント),800.0
2020106900,アームテイル,2025/03/16,2中京2,曇,7.0,4歳以上1勝クラス,16,3.0,6,34.2,12.0,12,石川裕紀,56.0,芝,1600.0,重,98.5,1.3,7-10-11,36.1,460.0,10.0,マテンロウブラボー,
2020106900,アームテイル,2024/10/27,4新潟8,晴,7.0,3歳以上1勝クラス,18,3.0,5,11.2,5.0,5,石川裕紀,56.0,芝,1800.0,良,106.8,0.6,12-12,34.4,450.0,4.0,デファイ,80.0
2020106900,アームテイル,2024/10/14,4新潟4,晴,12.0,3歳以上1勝クラス,16,4.0,8,9.3,4.0,11,長浜鴻緒,53.0,芝,1800.0,良,107.9,1.4,12-12,35.7,446.0,-8.0,ムガ,
2020106900,アームテイル,2024/08/04,2新潟4,晴,10.0,3歳以上1勝クラス,18,6.0,11,30.1,7.0,3,横山典弘,56.0,芝,1600.0,良,92.8,0.3,14-14,33.0,454.0,-2.0,シヴァース,200.0
2020106900,アームテイル,2024/07/07,2福島4,晴,9.0,織姫賞(1勝クラス),16,3.0,5,9.9,5.0,6,横山典弘,56.0,芝,1800.0,良,109.1,0.6,14-14-14-15,35.0,456.0,10.0,ルーチェロッサ,
2020106900,アームテイル,2024/03/02,2小倉7,晴,8.0,4歳以上1勝クラス,13,7.0,11,32.6,8.0,6,斎藤新,56.0,芝,2000.0,稍,123.1,1.4,9-10-8-6,36.8,446.0,-2.0,アリスヴェリテ,
2020106900,アームテイル,2024/02/18,2小倉4,晴,8.0,4歳以上1勝クラス,9,8.0,8,9.6,6.0,6,鮫島克駿,55.0,芝,2000.0,良,121.4,0.3,2-2-1-2,35.5,448.0,-10.0,エリダヌス,
2020106900,アームテイル,2024/02/03,1小倉7,小雨,12.0,4歳以上1勝クラス,11,6.0,6,8.7,5.0,8,佐々木大,54.0,芝,2000.0,稍,125.1,2.3,2-2-2-3,40.2,458.0,10.0,マリネロ,
2020106900,アームテイル,2023/10/21,4東京6,晴,12.0,3歳以上1勝クラス,9,3.0,3,15.7,6.0,7,横山典弘,54.0,芝,1800.0,良,107.7,0.4,1-1-1,34.8,448.0,2.0,グランドカリナン,
2020106900,アームテイル,2023/10/01,4中山9,曇,7.0,3歳以上1勝クラス,15,2.0,3,27.0,9.0,5,横山典弘,53.0,芝,2200.0,良,136.2,0.2,2-2-4-4,35.1,446.0,4.0,ホウオウサンデー,80.0
2020106900,アームテイル,2023/07/01,2福島1,曇,7.0,3歳未勝利,16,7.0,13,23.7,9.0,1,原優介,52.0,芝,2000.0,稍,121.1,0.0,9-8-7-5,35.6,442.0,-4.0,(ダグフォース),550.0
2020106900,アームテイル,2023/06/04,3東京2,晴,3.0,3歳未勝利,18,6.0,11,34.5,9.0,8,田辺裕信,54.0,芝,1400.0,稍,81.8,0.6,16-16,33.5,446.0,16.0,グランドカリナン,
2020106900,アームテイル,2023/03/11,2中京1,晴,4.0,3歳未勝利,18,2.0,3,7.7,4.0,8,永島まな,50.0,芝,1400.0,良,82.7,1.0,14-13,34.3,430.0,-18.0,ベルタソ,
2020106900,アームテイル,2022/11/06,5東京2,晴,2.0,2歳未勝利,15,4.0,6,14.2,8.0,10,戸崎圭太,54.0,芝,1600.0,良,95.4,0.9,3-3,35.5,448.0,0.0,エバーハピネス,
2020106900,アームテイル,2022/10/10,4東京3,晴,2.0,2歳未勝利,14,8.0,14,15.6,4.0,4,ルメール,54.0,芝,1600.0,稍,95.2,0.3,7-6,35.1,448.0,-2.0,ウヴァロヴァイト,78.0
2020106900,アームテイル,2022/09/24,4中山6,曇,5.0,2歳新馬,16,3.0,6,10.6,4.0,7,大野拓弥,54.0,芝,1600.0,不,96.9,0.2,6-5-5,35.7,450.0,0.0,コウセイマリア,
2022105435,ボンヌソワレ,2026/04/26,2東京2,晴,8.0,4歳以上2勝クラス,11,3.0,3,3.1,1.0,1,津村明秀,56.0,芝,1400.0,良,80.7,0.0,5-3,33.5,460.0,4.0,(ホウオウシェリー),1190.0
2022105435,ボンヌソワレ,2026/03/28,1中京5,晴,12.0,フィリピンT(2勝クラス),16,1.0,2,3.9,2.0,5,斎藤新,56.0,芝,1400.0,良,81.2,0.2,3-3,34.0,456.0,-6.0,ノクナレア,158.0
2022105435,ボンヌソワレ,2026/02/22,1東京8,晴,8.0,4歳以上2勝クラス,16,4.0,7,18.4,7.0,3,津村明秀,56.0,芝,1400.0,良,81.1,0.2,2-2,34.9,462.0,6.0,ピコローズ,300.0
2022105435,ボンヌソワレ,2025/12/06,5中山1,晴,12.0,3歳以上2勝クラス,13,7.0,13,4.4,3.0,10,津村明秀,55.0,芝,1200.0,良,68.1,0.6,6-5,33.7,456.0,10.0,アンドアイラヴハー,
2022105435,ボンヌソワレ,2025/09/21,4阪神7,曇,9.0,北摂特別(2勝クラス),10,8.0,10,2.0,1.0,4,川田将雅,54.0,芝,1200.0,良,68.6,0.4,6-6,33.5,446.0,2.0,アスティスプマンテ,230.0
2022105435,ボンヌソワレ,2025/07/05,2福島3,晴,12.0,3歳以上1勝クラス,15,8.0,15,3.1,1.0,1,津村明秀,53.0,芝,1200.0,良,69.4,-0.1,5-4,35.1,444.0,2.0,(セイウンデセオ),800.0
2022105435,ボンヌソワレ,2025/06/14,3東京3,小雨,8.0,3歳以上1勝クラス,18,8.0,17,1.9,1.0,2,ディー,53.0,芝,1400.0,良,81.9,0.0,4-4,34.6,442.0,0.0,イブニングタイド,320.0
2022105435,ボンヌソワレ,2025/04/13,2阪神6,雨,11.0,桜花賞(GI),18,3.0,5,77.3,13.0,12,川田将雅,55.0,芝,1600.0,稍,95.1,2.0,4-4,36.2,442.0,-6.0,エンブロイダリー,
2022105435,ボンヌソワレ,2025/03/08,1阪神3,曇,11.0,フィリーズレビュー(GII),18,3.0,5,9.7,7.0,3,川田将雅,55.0,芝,1400.0,良,80.8,0.1,4-4,35.6,448.0,-2.0,ショウナンザナドゥ,1318.0
2022105435,ボンヌソワレ,2025/02/08,1東京3,晴,9.0,春菜賞(1勝クラス),16,3.0,6,3.3,1.0,2,戸崎圭太,55.0,芝,1400.0,良,81.8,0.0,2-2,35.0,450.0,10.0,キョウエイボニータ,449.6
2022105435,ボンヌソワレ,2024/11/16,5東京5,曇,6.0,2歳1勝クラス,10,7.0,7,5.8,3.0,2,戸崎圭太,55.0,芝,1400.0,良,82.9,0.2,2-2,33.4,440.0,0.0,エンブロイダリー,310.0
2022105435,ボンヌソワレ,2024/10/14,4東京4,晴,2.0,2歳未勝利,14,6.0,9,4.8,2.0,1,戸崎圭太,55.0,芝,1400.0,良,81.7,-0.2,6-6,33.6,440.0,8.0,(トーケンサワー),550.0
2022105435,ボンヌソワレ,2024/09/16,4中山5,曇,2.0,2歳未勝利,13,3.0,4,4.3,2.0,5,戸崎圭太,55.0,芝,1600.0,良,95.4,0.4,4-5-7,35.4,432.0,-2.0,ホリーアン,55.0
2022105435,ボンヌソワレ,2024/06/23,3東京8,曇,5.0,2歳新馬,13,7.0,10,6.0,4.0,3,津村明秀,55.0,芝,1600.0,稍,100.3,0.4,4-5,34.4,434.0,0.0,ジョリーレーヌ,180.0
2022105108,モンテシート,2026/04/26,2東京2,晴,9.0,湘南S(3勝クラス),16,3.0,6,18.0,8.0,7,ディー,57.0,芝,1400.0,良,80.8,0.7,2-2,33.7,510.0,4.0,カンシン,
2022105108,モンテシート,2026/02/01,1東京2,晴,10.0,節分S(3勝クラス),15,8.0,15,15.1,6.0,8,戸崎圭太,57.0,芝,1400.0,良,81.5,0.5,4-4,34.0,506.0,4.0,ウイントワイライト,
2022105108,モンテシート,2025/12/21,5阪神6,小雨,12.0,六甲アイランドS(3勝クラス),14,3.0,3,10.3,5.0,5,西村淳也,57.0,芝,1400.0,重,81.8,0.2,4-5,34.4,502.0,0.0,ディアナザール,184.0
2022105108,モンテシート,2025/11/29,4京都7,晴,10.0,東山S(3勝クラス),12,6.0,8,2.9,1.0,2,Ｃ．デム,56.0,芝,1400.0,良,82.4,0.1,3-2,33.6,502.0,8.0,ヤブサメ,747.4
2022105108,モンテシート,2025/09/14,4阪神4,曇,10.0,仲秋S(3勝クラス),11,4.0,4,4.9,3.0,7,モレイラ,56.0,芝,1600.0,良,92.9,0.7,4-4,33.9,494.0,-4.0,ラヴァンダ,
2022105108,モンテシート,2025/08/23,4中京1,晴,10.0,有松特別(2勝クラス),13,5.0,7,3.9,2.0,1,吉村誠之,55.0,芝,1600.0,良,93.5,-0.1,2-1-1,33.9,498.0,6.0,(テラメリタ),1579.4
2022105108,モンテシート,2025/05/11,2京都6,曇,10.0,橘S(L),11,1.0,1,3.0,1.0,5,坂井瑠星,57.0,芝,1400.0,良,82.1,0.3,3-2,34.4,492.0,-6.0,ムイ,200.0
2022105108,モンテシート,2025/04/05,2阪神3,晴,11.0,チャーチルダウンズC(GIII),11,8.0,11,7.7,4.0,5,西村淳也,57.0,芝,1600.0,良,92.7,0.5,2-2,34.6,498.0,4.0,ランスオブカオス,410.0
2022105108,モンテシート,2025/02/01,1京都1,曇,9.0,白梅賞(1勝クラス),8,5.0,5,3.5,2.0,1,ルメート,57.0,芝,1600.0,良,94.7,0.0,1-1,33.9,494.0,-2.0,(マッドマックス),1127.5
2022105108,モンテシート,2025/01/05,1中山1,曇,10.0,ジュニアC(L),15,4.0,7,61.9,10.0,3,松岡正海,57.0,芝,1600.0,良,94.0,0.5,2-3-4,34.7,496.0,-4.0,ファンダム,504.6
2022105108,モンテシート,2024/12/08,7京都4,晴,3.0,2歳未勝利,10,6.0,6,1.1,1.0,1,ルメール,56.0,芝,1600.0,良,94.9,-0.2,2-2,35.8,500.0,12.0,(セクシーマージュ),550.0
2022105108,モンテシート,2024/10/26,5京都7,曇,3.0,2歳未勝利,12,5.0,6,3.2,2.0,2,Ｃ．デム,56.0,芝,1600.0,良,94.5,0.2,1-1,35.3,488.0,-4.0,アイサンサン,220.0
2022105108,モンテシート,2024/10/05,4新潟1,晴,6.0,2歳未勝利,12,8.0,11,4.5,3.0,2,斎藤新,56.0,芝,1600.0,良,95.2,0.5,3-3,34.3,492.0,12.0,ネーブルオレンジ,220.0
2022105108,モンテシート,2024/07/14,3小倉6,雨,2.0,2歳未勝利,9,8.0,9,26.1,7.0,3,田口貫太,54.0,芝,1200.0,稍,71.3,0.7,6-6,36.9,480.0,-10.0,ベルビースタローン,140.0
2022105108,モンテシート,2024/06/29,3小倉1,曇,6.0,2歳新馬,8,2.0,2,2.7,1.0,6,田口貫太,54.0,ダ,1000.0,稍,60.5,1.8,6-6,36.4,490.0,0.0,コスモストーム,
2022104918,チューラワンサ,2026/04/26,2東京2,晴,9.0,湘南S(3勝クラス),16,8.0,15,11.4,7.0,12,原優介,54.0,芝,1400.0,良,81.1,1.0,6-7,33.5,432.0,-6.0,カンシン,
2022104918,チューラワンサ,2026/01/25,1京都9,晴,10.0,山城S(3勝クラス),18,6.0,11,4.6,1.0,13,北村友一,54.0,芝,1400.0,良,82.7,0.8,2-4,35.0,438.0,6.0,ララマセラシオン,
2022104918,チューラワンサ,2025/12/07,5阪神2,晴,12.0,3歳以上2勝クラス,17,8.0,17,4.0,2.0,1,吉村誠之,54.0,芝,1400.0,良,79.9,-0.2,9-8,34.4,432.0,-4.0,(ビップジーニー),1140.0
2022104918,チューラワンサ,2025/10/05,4東京2,曇,9.0,tvk賞(2勝クラス),17,3.0,5,3.8,1.0,5,西村淳也,54.0,芝,1400.0,良,80.1,0.3,12-10,33.8,436.0,12.0,ジュドー,155.0
2022104918,チューラワンサ,2025/06/08,3阪神2,曇,12.0,3歳以上1勝クラス,16,8.0,16,5.0,2.0,1,北村友一,53.0,芝,1400.0,良,80.3,-0.4,8-5,34.9,424.0,14.0,(ホーリーブラッサム),800.0
2022104918,チューラワンサ,2025/03/23,1阪神8,晴,5.0,3歳1勝クラス,13,8.0,12,4.8,3.0,6,川田将雅,55.0,芝,1200.0,良,68.5,0.3,11-10,34.0,410.0,-6.0,レイピア,
2022104918,チューラワンサ,2025/02/08,1東京3,晴,9.0,春菜賞(1勝クラス),16,5.0,10,3.9,2.0,4,キング,55.0,芝,1400.0,良,81.9,0.1,4-4,34.7,416.0,2.0,キョウエイボニータ,170.0
2022104918,チューラワンサ,2024/10/27,4東京8,晴,3.0,2歳未勝利,11,8.0,11,7.8,4.0,1,Ｃ．デム,55.0,芝,1400.0,良,80.7,-0.2,2-2,34.3,414.0,2.0,(ダンケルド),550.0
2022104918,チューラワンサ,2024/09/01,2中京8,雨,5.0,2歳新馬,11,8.0,10,4.8,2.0,4,西村淳也,55.0,芝,1400.0,重,83.7,1.1,3-7,35.8,412.0,0.0,フードマン,110.0
2021104401,ヴェサリウス,2026/06/21,1函館4,小雨,11.0,UHB杯(3勝クラス),15,6.0,11,7.0,2.0,8,横山武史,56.0,芝,1200.0,良,68.4,0.5,7-6,34.8,482.0,-8.0,アスティスプマンテ,
2021104401,ヴェサリウス,2026/03/29,3中山2,晴,10.0,船橋S(3勝クラス),15,7.0,12,8.4,5.0,4,横山和生,58.0,芝,1200.0,良,68.1,0.3,6-6,33.9,490.0,-2.0,サウンドモリアーナ,280.0
2021104401,ヴェサリウス,2026/03/01,2中山2,晴,10.0,アクアマリンS(3勝クラス),15,1.0,1,10.1,5.0,6,三浦皇成,58.0,芝,1200.0,良,67.2,0.3,11-11,33.4,492.0,14.0,ソーダーンライト,
2021104401,ヴェサリウス,2025/12/06,5中京1,晴,11.0,飛騨S(3勝クラス),12,6.0,8,9.8,5.0,4,菊沢一樹,58.0,芝,1400.0,良,79.8,0.4,4-4,34.0,478.0,-6.0,レディマリオン,280.0
2021104401,ヴェサリウス,2025/10/04,4東京1,小雨,10.0,白秋S(3勝クラス),15,4.0,6,15.1,7.0,15,三浦皇成,56.0,芝,1400.0,良,80.9,1.1,2-2,35.0,484.0,4.0,レッドシュヴェルト,
2021104401,ヴェサリウス,2025/06/22,3東京6,晴,10.0,多摩川S(3勝クラス),16,6.0,12,40.2,10.0,6,三浦皇成,58.0,芝,1400.0,良,81.7,0.5,10-10,34.1,480.0,2.0,セフィロ,
2021104401,ヴェサリウス,2025/04/27,2東京2,晴,9.0,湘南S(3勝クラス),15,6.0,11,8.7,5.0,5,三浦皇成,56.0,芝,1400.0,良,80.0,0.2,6-6,33.8,478.0,-2.0,ハクサンバード,184.0
2021104401,ヴェサリウス,2025/03/02,2中山2,晴,10.0,アクアマリンS(3勝クラス),16,5.0,10,7.3,4.0,10,三浦皇成,58.0,芝,1200.0,良,68.2,0.8,4-4,34.8,480.0,-8.0,ジューンブレア,
2021104401,ヴェサリウス,2025/02/02,1東京2,曇,10.0,節分S(3勝クラス),11,7.0,8,10.4,5.0,3,菅原明良,58.0,芝,1400.0,良,82.0,0.3,3-4,34.2,488.0,22.0,オードリーバローズ,463.4
2021104401,ヴェサリウス,2024/11/17,5東京6,晴,12.0,3歳以上2勝クラス,18,5.0,10,7.2,4.0,1,三浦皇成,57.0,芝,1400.0,良,81.1,-0.1,7-4,33.8,466.0,-10.0,(サクセスカラー),1140.0
2021104401,ヴェサリウス,2024/09/28,4中山8,曇,12.0,3歳以上2勝クラス,16,6.0,12,6.0,4.0,9,三浦皇成,56.0,ダ,1200.0,良,71.9,1.3,2-2,38.5,476.0,2.0,カンパニョーラ,
2021104401,ヴェサリウス,2024/07/21,2福島8,晴,8.0,3歳以上1勝クラス,16,6.0,12,2.0,1.0,1,三浦皇成,55.0,ダ,1150.0,良,68.1,-0.6,1-1,36.5,474.0,-2.0,(レイデルマール),800.0
2021104401,ヴェサリウス,2024/05/04,1新潟3,晴,9.0,ゆきつばき賞(1勝クラス),16,5.0,10,10.0,4.0,3,丹内祐次,57.0,芝,1200.0,良,69.9,0.8,6-5,35.7,476.0,0.0,アウェイキング,275.0
2021104401,ヴェサリウス,2024/04/06,3中山5,曇,2.0,3歳未勝利,16,2.0,3,1.4,1.0,1,横山和生,57.0,ダ,1200.0,稍,71.4,-1.0,2-2,37.6,476.0,0.0,(フォルスタクラス),550.0
2021104401,ヴェサリウス,2024/03/16,2中山7,晴,3.0,3歳未勝利,16,7.0,13,12.3,3.0,2,丹内祐次,57.0,ダ,1200.0,稍,72.0,1.5,3-2,38.2,476.0,0.0,インビンシブルパパ,220.0
2021104401,ヴェサリウス,2024/01/06,1中山1,晴,4.0,3歳新馬,16,8.0,15,2.6,1.0,13,丹内祐次,57.0,ダ,1800.0,良,119.8,2.0,3-2-2-2,41.8,476.0,0.0,マコタイガ,
2022103754,ミストレス,2026/04/19,2阪神8,曇,11.0,立雲峡S(3勝クラス),10,7.0,7,96.2,10.0,9,田口貫太,56.0,芝,1600.0,良,92.8,1.2,6-7,34.5,476.0,0.0,スイープアワーズ,
2022103754,ミストレス,2026/04/05,2阪神4,晴,10.0,心斎橋S(3勝クラス),18,5.0,9,61.0,14.0,17,古川奈穂,54.0,芝,1400.0,良,81.2,1.5,13-12,35.5,476.0,-12.0,ミトノオルフェ,
2022103754,ミストレス,2026/03/08,1阪神6,晴,10.0,岸和田S(3勝クラス),14,6.0,10,96.3,13.0,13,古川奈穂,56.0,芝,1600.0,良,93.7,0.9,10-12,34.2,488.0,12.0,ファインライン,
2022103754,ミストレス,2025/12/21,5阪神6,小雨,12.0,六甲アイランドS(3勝クラス),14,3.0,4,24.1,8.0,11,北村友一,55.0,芝,1400.0,重,82.4,0.8,11-11,34.4,476.0,-2.0,ディアナザール,
2022103754,ミストレス,2025/12/06,5中京1,晴,11.0,飛騨S(3勝クラス),12,7.0,10,12.5,6.0,5,古川奈穂,55.0,芝,1400.0,良,79.8,0.4,8-8,33.3,478.0,-6.0,レディマリオン,184.0
2022103754,ミストレス,2025/11/29,4京都7,晴,10.0,東山S(3勝クラス),12,8.0,11,6.1,3.0,5,坂井瑠星,54.0,芝,1400.0,良,82.6,0.3,6-6,33.5,484.0,4.0,ヤブサメ,184.0
2022103754,ミストレス,2025/10/11,3京都3,晴,10.0,宇治川特別(2勝クラス),13,2.0,2,20.9,5.0,1,岩田望来,54.0,芝,1400.0,良,80.3,0.0,6-6,33.4,480.0,0.0,(ホーリーブラッサム),1580.1
2022103754,ミストレス,2025/09/27,4阪神8,晴,8.0,3歳以上2勝クラス,13,8.0,12,34.7,7.0,7,古川奈穂,51.0,芝,1600.0,良,94.1,0.7,12-11,33.5,480.0,-4.0,スライビングロード,
2022103754,ミストレス,2025/09/15,4阪神5,晴,10.0,Mモーリス(2勝クラス),9,3.0,3,3.6,2.0,9,鮫島克駿,54.0,芝,1400.0,良,82.0,1.3,2-2,35.5,484.0,4.0,ケーブパール,
2022103754,ミストレス,2025/05/01,園田,晴,11.0,兵庫チャンピオンシッ(JpnII),12,2.0,2,21.4,5.0,7,鮫島克駿,55.0,ダ,1400.0,良,89.7,1.8,4-4-6-6,38.9,480.0,2.0,マテンロウコマンド,
2022103754,ミストレス,2025/04/13,2阪神6,雨,11.0,桜花賞(GI),18,6.0,11,84.2,14.0,17,坂井瑠星,55.0,芝,1600.0,稍,97.9,4.8,6-4,39.0,478.0,0.0,エンブロイダリー,
2022103754,ミストレス,2025/02/22,キングアブドゥル,晴,,サウジダービー(GIII),11,,10,,7.0,4,坂井瑠星,53.0,ダ,1600.0,良,,,,,,,,
2022103754,ミストレス,2025/01/22,船橋,晴,11.0,ブルーバードC(JpnIII),10,4.0,4,5.7,3.0,4,坂井瑠星,55.0,ダ,1800.0,良,114.8,1.5,1-1-2-3,40.9,494.0,2.0,メルキオル,240.0
2022103754,ミストレス,2024/12/08,7京都4,曇,11.0,阪神ジュベナイルF(GI),18,4.0,7,11.9,6.0,8,坂井瑠星,55.0,芝,1600.0,良,94.3,0.9,1-1,35.8,492.0,-4.0,アルマヴェローチェ,
2022103754,ミストレス,2024/10/26,4東京7,曇,11.0,アルテミスS(GIII),11,1.0,1,15.6,7.0,2,坂井瑠星,55.0,芝,1600.0,良,94.0,0.2,1-1,33.8,496.0,-6.0,ブラウンラチェット,1211.2
2022103754,ミストレス,2024/10/12,4新潟3,晴,5.0,2歳新馬,18,8.0,17,3.6,1.0,1,古川奈穂,51.0,芝,1600.0,良,95.4,-1.0,1-1,34.0,502.0,0.0,(サマンサバローズ),720.0
2021105888,スティールブルー,2026/06/21,1函館4,小雨,11.0,UHB杯(3勝クラス),15,3.0,5,14.3,7.0,9,古川吉洋,53.0,芝,1200.0,良,68.5,0.6,8-8,34.8,462.0,4.0,アスティスプマンテ,
2021105888,スティールブルー,2026/03/29,3中山2,晴,10.0,船橋S(3勝クラス),15,3.0,4,39.4,12.0,5,横山典弘,56.0,芝,1200.0,良,68.1,0.3,7-7,33.7,458.0,2.0,サウンドモリアーナ,187.0
2021105888,スティールブルー,2026/01/12,1中山5,晴,10.0,初春S(3勝クラス),16,2.0,4,79.5,12.0,9,北村宏司,52.0,ダ,1200.0,良,71.7,1.4,10-10,36.4,456.0,0.0,ドラゴンウェルズ,
2021105888,スティールブルー,2025/10/12,4東京4,曇,10.0,テレビ静岡賞(3勝クラス),16,6.0,12,34.6,10.0,14,丸山元気,56.0,ダ,1400.0,良,86.4,2.5,8-12,36.8,456.0,-2.0,ワイワイレジェンド,
2021105888,スティールブルー,2025/08/03,3中京4,晴,6.0,桶狭間S(3勝クラス),16,3.0,6,15.0,7.0,15,酒井学,56.0,ダ,1400.0,良,85.4,1.3,6-6,38.6,458.0,10.0,アッチャゴーラ,
2021105888,スティールブルー,2025/06/08,3東京2,晴,10.0,八王子特別(2勝クラス),16,3.0,6,16.1,6.0,1,北村宏司,56.0,ダ,1400.0,良,83.7,0.0,8-7,35.9,448.0,2.0,(ノヴァエクスプレス),1595.5
2021105888,スティールブルー,2025/05/10,2東京5,晴,12.0,4歳以上2勝クラス,16,1.0,2,7.5,3.0,4,北村宏司,56.0,ダ,1400.0,重,82.8,0.5,9-8,35.6,446.0,8.0,イノセントキャット,170.0
2021105888,スティールブルー,2025/02/23,1東京8,晴,8.0,4歳以上2勝クラス,12,5.0,6,4.6,3.0,7,キング,56.0,芝,1400.0,良,82.0,0.7,4-3,35.1,438.0,-2.0,フライングブレード,
2021105888,スティールブルー,2025/01/05,1中山1,晴,8.0,4歳以上2勝クラス,16,2.0,3,2.9,1.0,7,マーカン,56.0,芝,1200.0,良,68.2,1.1,6-8,34.4,440.0,4.0,レオテミス,
2021105888,スティールブルー,2024/11/03,5東京2,晴,12.0,3歳以上2勝クラス,13,1.0,1,2.4,1.0,3,戸崎圭太,55.0,芝,1400.0,良,81.1,0.1,4-4,33.5,436.0,-4.0,ハクサンバード,290.0
2021105888,スティールブルー,2024/08/10,3新潟1,晴,10.0,新発田城特別(2勝クラス),14,7.0,11,1.8,1.0,3,戸崎圭太,53.0,芝,1400.0,良,80.4,0.1,5-5,34.5,440.0,4.0,サクセスアイ,394.6
2021105888,スティールブルー,2024/05/25,2東京11,晴,7.0,3歳1勝クラス,15,6.0,10,1.7,1.0,1,ルメール,55.0,芝,1400.0,良,81.0,-0.4,2-2,33.4,436.0,6.0,(カイトグート),780.0
2021105888,スティールブルー,2024/03/02,1阪神3,曇,11.0,チューリップ賞(GII),16,5.0,9,4.1,2.0,10,川田将雅,55.0,芝,1600.0,稍,93.9,0.8,4-4,35.6,430.0,0.0,スウィープフィート,
2021105888,スティールブルー,2024/01/07,1中山2,曇,11.0,フェアリーS(GIII),14,4.0,6,2.4,1.0,4,ルメール,55.0,芝,1600.0,良,94.1,0.1,8-12-11,34.3,430.0,-2.0,イフェイオン,570.0
2021105888,スティールブルー,2023/10/28,4東京8,晴,11.0,アルテミスS(GIII),10,8.0,9,11.0,4.0,3,荻野極,55.0,芝,1600.0,良,94.0,0.4,3-3,33.8,432.0,2.0,チェルヴィニア,735.1
2021105888,スティールブルー,2023/08/26,3新潟5,晴,6.0,2歳新馬,17,8.0,17,4.7,3.0,1,荻野極,55.0,芝,1600.0,良,96.4,-0.4,8-8,32.9,430.0,0.0,(カウネウス),720.0
2020104332,ルミノメテオール,2026/05/31,3京都12,晴,12.0,渡月橋S(3勝クラス),18,2.0,4,135.6,18.0,16,酒井学,56.0,芝,1400.0,良,81.2,1.1,7-7,34.7,472.0,10.0,スマートワイス,
2020104332,ルミノメテオール,2026/04/05,2阪神4,晴,12.0,天満橋S(3勝クラス),16,2.0,3,74.8,13.0,16,岩田康誠,56.0,ダ,1400.0,重,86.5,4.1,13-12,39.6,462.0,-4.0,ルークススペイ,
2020104332,ルミノメテオール,2025/11/29,4京都7,晴,10.0,東山S(3勝クラス),12,5.0,5,18.9,8.0,6,酒井学,52.0,芝,1400.0,良,82.6,0.3,3-4,33.7,466.0,10.0,ヤブサメ,
2020104332,ルミノメテオール,2025/10/25,3京都8,曇,10.0,長岡京S(3勝クラス),13,8.0,12,64.8,11.0,8,岩田康誠,56.0,芝,1400.0,良,80.7,0.5,6-6,33.9,456.0,-2.0,スリールミニョン,
2020104332,ルミノメテオール,2025/09/27,4阪神8,晴,10.0,道頓堀S(3勝クラス),16,7.0,13,57.8,12.0,11,岩田康誠,56.0,芝,1200.0,良,69.0,0.7,10-12,33.5,458.0,-8.0,シュタールヴィント,
2020104332,ルミノメテオール,2025/04/20,2阪神8,曇,11.0,心斎橋S(3勝クラス),11,2.0,2,26.9,7.0,6,シュタル,56.0,芝,1400.0,良,80.2,0.3,7-9,34.4,466.0,2.0,ナムラアトム,
2020104332,ルミノメテオール,2025/03/29,2中京5,晴,11.0,豊橋S(3勝クラス),11,3.0,3,25.4,8.0,5,シュタル,56.0,芝,1600.0,稍,95.5,0.3,8-5-6,34.2,464.0,6.0,バウンシーステップ,184.0
2020104332,ルミノメテオール,2025/01/26,1中京9,晴,10.0,トリトンS(3勝クラス),14,6.0,10,95.3,11.0,11,田口貫太,56.0,芝,1400.0,良,82.7,0.6,8-9,34.5,458.0,-6.0,フルメタルボディー,
2020104332,ルミノメテオール,2024/11/30,4中京1,晴,11.0,飛騨S(3勝クラス),13,8.0,13,22.4,8.0,11,永島まな,56.0,芝,1400.0,良,82.6,1.2,9-9,35.0,464.0,-2.0,ベガリス,
2020104332,ルミノメテオール,2024/10/06,5京都2,晴,9.0,長岡京S(3勝クラス),16,7.0,13,58.2,10.0,15,Ｍ．デム,56.0,芝,1400.0,良,81.1,1.1,5-5,35.3,466.0,-2.0,ワイドラトゥール,
2020104332,ルミノメテオール,2024/09/15,3中京4,曇,10.0,納屋橋S(3勝クラス),16,6.0,12,27.9,10.0,11,武豊,56.0,芝,1600.0,稍,94.3,0.8,5-7-10,34.6,468.0,12.0,ペイシャフラワー,
2020104332,ルミノメテオール,2024/04/20,2東京1,晴,10.0,湘南S(3勝クラス),18,5.0,10,34.5,10.0,11,佐々木大,54.0,芝,1400.0,良,80.4,0.5,15-15,33.7,456.0,0.0,リュミエールノワル,
2020104332,ルミノメテオール,2024/03/17,1中京4,曇,10.0,熱田特別(2勝クラス),12,4.0,4,3.3,1.0,1,松山弘平,56.0,芝,1400.0,良,81.4,0.0,2-3,34.8,456.0,14.0,(パルティクラール),1577.3
2020104332,ルミノメテオール,2023/08/27,3新潟6,晴,9.0,五頭連峰特別(2勝クラス),17,1.0,1,7.4,4.0,10,Ｍ．デム,53.0,芝,1600.0,良,94.3,1.1,2-3,34.4,442.0,2.0,テーオーグランビル,
2020104332,ルミノメテオール,2023/07/23,3中京8,晴,9.0,有松特別(2勝クラス),10,4.0,4,3.3,2.0,2,Ｍ．デム,53.0,芝,1600.0,良,94.2,0.8,3-4-5,35.9,440.0,-6.0,ショウナンアレクサ,626.6
2020104332,ルミノメテオール,2023/04/08,3中山5,曇,11.0,ニュージーランドT(GII),16,1.0,2,12.4,4.0,6,横山武史,54.0,芝,1600.0,稍,94.2,0.5,6-6-8,35.9,446.0,0.0,エエヤン,
2020104332,ルミノメテオール,2023/03/04,1阪神7,晴,11.0,チューリップ賞(GII),17,2.0,3,7.0,3.0,4,Ｍ．デム,54.0,芝,1600.0,良,94.1,0.1,3-3,34.0,446.0,4.0,モズメイメイ,780.0
2020104332,ルミノメテオール,2022/12/10,6中京3,晴,9.0,つわぶき賞(1勝クラス),13,1.0,1,20.2,7.0,1,Ｍ．デム,54.0,芝,1400.0,良,80.8,-0.1,7-7,33.6,442.0,2.0,(ダルエスサラーム),1061.5
2020104332,ルミノメテオール,2022/10/29,4東京8,晴,4.0,2歳新馬,15,6.0,10,6.8,2.0,1,Ｍ．デム,54.0,芝,1400.0,良,85.0,-0.2,5-5,33.6,440.0,0.0,(パルティクラール),700.0
2019107016,ウナギノボリ,2026/07/11,2福島5,曇,10.0,会津S(3勝クラス),9,7.0,7,23.0,7.0,8,菊沢一樹,54.0,芝,1200.0,良,68.7,0.9,7-8,34.4,476.0,-8.0,メイショウヨゾラ,
2019107016,ウナギノボリ,2026/06/21,3東京6,曇,10.0,多摩川S(3勝クラス),16,8.0,15,133.0,13.0,15,木幡巧也,58.0,芝,1400.0,稍,82.5,1.4,10-10,34.4,484.0,-6.0,ラーンザロープス,
2019107016,ウナギノボリ,2026/04/26,2東京2,晴,9.0,湘南S(3勝クラス),16,2.0,4,48.0,12.0,14,松若風馬,54.0,芝,1400.0,良,81.2,1.1,12-13,32.8,490.0,8.0,カンシン,
2019107016,ウナギノボリ,2026/04/05,2阪神4,晴,10.0,心斎橋S(3勝クラス),18,3.0,5,40.9,13.0,5,鮫島克駿,54.0,芝,1400.0,良,80.2,0.5,15-15,34.2,482.0,2.0,ミトノオルフェ,187.0
2019107016,ウナギノボリ,2026/03/21,1阪神9,晴,10.0,淀屋橋S(3勝クラス),16,1.0,1,117.2,16.0,2,藤懸貴志,53.0,芝,1200.0,良,68.1,0.2,9-10,33.3,480.0,0.0,ナムラローズマリー,759.6
2019107016,ウナギノボリ,2026/01/25,1中山9,晴,10.0,江戸川S(3勝クラス),16,1.0,1,114.8,12.0,16,長浜鴻緒,58.0,ダ,1200.0,良,73.0,1.5,13-13,37.7,480.0,0.0,ルディック,
2019107016,ウナギノボリ,2026/01/05,1京都2,晴,10.0,門松S(3勝クラス),16,8.0,16,87.5,11.0,9,吉村誠之,58.0,ダ,1200.0,良,72.3,1.1,16-14,35.7,480.0,-4.0,ヒルノドゴール,
2019107016,ウナギノボリ,2025/12/21,5阪神6,雨,9.0,御影S(3勝クラス),16,1.0,2,69.6,13.0,9,松若風馬,58.0,ダ,1400.0,重,83.2,0.7,13-11,36.5,484.0,12.0,トリリオンボーイ,
2019107016,ウナギノボリ,2025/10/04,3京都1,小雨,10.0,大山崎S(3勝クラス),16,7.0,14,72.6,13.0,8,国分恭介,58.0,ダ,1200.0,不,70.1,1.0,14-14,34.6,472.0,-6.0,メイショウホウレン,
2019107016,ウナギノボリ,2025/09/07,4中山2,晴,10.0,セプテンバーS(3勝クラス),12,7.0,11,106.2,10.0,10,大野拓弥,53.0,芝,1200.0,良,68.1,1.1,12-12,32.7,478.0,-2.0,ルージュラナキラ,
2019107016,ウナギノボリ,2025/08/24,4中京2,晴,11.0,長篠S(3勝クラス),9,3.0,3,40.0,8.0,7,小沢大仁,58.0,芝,1200.0,良,68.2,1.0,6-6,34.0,480.0,-6.0,ワンダーキサラ,
2019107016,ウナギノボリ,2025/08/16,2新潟7,晴,7.0,上越S(3勝クラス),15,7.0,13,88.5,12.0,13,大野拓弥,58.0,ダ,1200.0,良,72.6,1.7,14-13,36.5,486.0,-14.0,タガノミスト,
2019107016,ウナギノボリ,2025/05/18,2東京8,曇,12.0,BSイレブン賞(3勝クラス),16,6.0,11,42.3,11.0,中,北村友一,58.0,ダ,1400.0,重,,,15-16,,500.0,4.0,サンライズパスカル,
2019107016,ウナギノボリ,2025/04/06,2阪神4,晴,12.0,陽春S(3勝クラス),11,7.0,8,64.9,11.0,5,北村友一,58.0,ダ,1200.0,良,71.7,0.3,10-10,35.6,496.0,-4.0,エコロガイア,184.0
2019107016,ウナギノボリ,2025/03/23,1阪神8,晴,10.0,鳴門S(3勝クラス),16,2.0,4,118.3,14.0,15,松若風馬,58.0,ダ,1400.0,良,87.2,2.6,16-16,37.4,500.0,2.0,ジャスティンアース,
2019107016,ウナギノボリ,2025/02/22,1京都7,曇,10.0,河原町S(3勝クラス),16,8.0,16,30.9,9.0,15,北村友一,54.0,ダ,1400.0,良,85.8,1.9,12-13,37.5,498.0,4.0,ニシキギミッチー,
2019107016,ウナギノボリ,2025/01/13,1中山5,晴,10.0,初春S(3勝クラス),16,6.0,12,19.6,7.0,8,佐々木大,54.0,ダ,1200.0,良,72.0,1.5,15-15,36.7,494.0,0.0,ロードフロンティア,
2019107016,ウナギノボリ,2025/01/05,1中京1,晴,10.0,門松S(3勝クラス),16,1.0,2,63.1,12.0,3,北村友一,58.0,ダ,1200.0,良,71.9,0.3,5-5,35.7,494.0,10.0,サウンドアレグリア,465.0
2019107016,ウナギノボリ,2024/12/07,5中山3,晴,10.0,アクアラインS(3勝クラス),16,3.0,5,61.2,15.0,6,斎藤新,53.0,ダ,1200.0,良,70.9,0.7,12-12,36.1,484.0,-2.0,グッジョブ,
2019107016,ウナギノボリ,2024/11/10,5東京4,曇,9.0,銀嶺S(3勝クラス),14,8.0,14,36.5,8.0,7,佐々木大,53.0,ダ,1400.0,良,84.8,1.3,13-13,36.0,486.0,10.0,バトゥーキ,
2019107016,ウナギノボリ,2024/10/27,4東京8,曇,10.0,エイシンフラッシュC(3勝クラス),15,7.0,12,141.1,14.0,9,津村明秀,58.0,ダ,1300.0,良,78.2,0.6,12-11,35.4,476.0,0.0,エピックジョイ,
2019107016,ウナギノボリ,2024/10/13,4東京3,晴,10.0,テレビ静岡賞(3勝クラス),16,2.0,4,150.8,16.0,10,高杉吏麒,58.0,ダ,1400.0,良,84.0,1.3,12-12,36.2,476.0,2.0,ロードフォンス,
2019107016,ウナギノボリ,2024/09/29,4中山9,曇,12.0,外房S(3勝クラス),16,6.0,11,118.6,12.0,14,西村淳也,58.0,ダ,1200.0,良,71.6,1.9,16-16,35.4,474.0,6.0,ガビーズシスター,
2019107016,ウナギノボリ,2024/09/08,3中京2,晴,10.0,浜松S(3勝クラス),16,7.0,14,60.1,13.0,12,吉村誠之,58.0,ダ,1200.0,良,72.0,1.1,15-15,35.8,468.0,-8.0,ヒビキ,
2019107016,ウナギノボリ,2024/07/28,2新潟2,曇,6.0,佐渡S(3勝クラス),18,5.0,9,121.3,16.0,14,吉村誠之,54.0,芝,1400.0,良,80.5,1.3,18-18,34.2,476.0,0.0,マルディランダ,
2019107016,ウナギノボリ,2024/06/23,3東京8,曇,10.0,甲州街道S(3勝クラス),16,1.0,1,85.5,14.0,13,武藤雅,55.0,ダ,1600.0,重,96.6,2.1,16-15,35.7,476.0,0.0,ニシノカシミヤ,
2019107016,ウナギノボリ,2024/05/19,2東京10,曇,9.0,フリーウェイS(3勝クラス),13,1.0,1,49.5,10.0,12,Ｍ．デム,58.0,芝,1400.0,良,81.9,1.4,13-13,33.4,476.0,6.0,シャドウフューリー,
2019107016,ウナギノボリ,2024/04/28,3京都4,晴,10.0,ライスシャワーC(3勝クラス),18,6.0,11,141.9,15.0,14,田口貫太,58.0,芝,1200.0,良,68.5,0.7,18-18,32.5,470.0,4.0,グランテスト,
2019107016,ウナギノボリ,2024/03/31,2阪神4,曇,12.0,陽春S(3勝クラス),16,2.0,4,45.6,12.0,9,鮫島克駿,56.0,ダ,1200.0,良,72.7,1.1,15-15,36.2,466.0,-2.0,ナムラフランク,
2019107016,ウナギノボリ,2024/03/09,1中京1,晴,11.0,中京スポーツ杯(3勝クラス),12,8.0,12,21.4,8.0,10,国分恭介,58.0,ダ,1400.0,良,86.4,1.3,12-12,36.8,468.0,-4.0,アルムブラーヴ,
2019107016,ウナギノボリ,2024/02/17,2京都7,晴,10.0,河原町S(3勝クラス),16,1.0,1,26.1,8.0,6,ルメート,56.0,ダ,1400.0,稍,84.5,0.7,11-11,36.7,472.0,-4.0,レディフォース,
2019107016,ウナギノボリ,2024/01/13,1中山4,曇,10.0,初春S(3勝クラス),15,5.0,9,26.0,8.0,5,田辺裕信,58.0,ダ,1200.0,良,71.1,0.3,15-14,35.2,476.0,0.0,ワールズコライド,184.0
2019107016,ウナギノボリ,2023/11/25,5東京7,晴,10.0,シャングリラS(3勝クラス),16,8.0,16,9.8,5.0,10,菅原明良,58.0,ダ,1400.0,良,85.4,0.7,12-13,35.4,476.0,0.0,シャンブル,
2019107016,ウナギノボリ,2023/10/29,4東京9,晴,12.0,秋嶺S(3勝クラス),16,2.0,3,9.2,6.0,6,菅原明良,58.0,ダ,1300.0,良,78.0,1.0,16-16,35.2,476.0,0.0,サクセスローレル,
2019107016,ウナギノボリ,2023/10/15,4東京5,曇,10.0,テレビ静岡賞(3勝クラス),14,6.0,10,10.1,6.0,6,菅原明良,58.0,ダ,1400.0,不,82.8,0.9,14-14,34.9,476.0,2.0,レオノーレ,
2019107016,ウナギノボリ,2023/09/10,4阪神2,曇,10.0,オークランドTRT(3勝クラス),11,1.0,1,5.1,3.0,8,鮫島克駿,57.0,ダ,1200.0,良,73.0,1.2,11-11,36.6,474.0,4.0,メイショウミツヤス,
2019107016,ウナギノボリ,2023/08/19,3新潟3,晴,10.0,上越S(3勝クラス),15,2.0,3,6.0,3.0,13,戸崎圭太,58.0,ダ,1200.0,良,72.2,1.7,15-15,36.3,470.0,-2.0,アームズレイン,
2019107016,ウナギノボリ,2023/06/11,3阪神4,曇,10.0,安芸S(3勝クラス),16,2.0,4,5.1,3.0,5,国分恭介,57.0,ダ,1200.0,重,71.0,0.2,14-12,35.0,472.0,8.0,ファーンヒル,184.0
2019107016,ウナギノボリ,2023/05/14,2東京8,小雨,12.0,BSイレブン賞(3勝クラス),16,3.0,6,6.1,3.0,3,戸崎圭太,58.0,ダ,1400.0,稍,82.9,0.3,12-10,35.1,464.0,0.0,フルム,464.9
2019107016,ウナギノボリ,2023/04/23,2東京2,晴,10.0,鎌倉S(3勝クラス),15,4.0,6,4.6,2.0,3,戸崎圭太,58.0,ダ,1400.0,良,84.7,0.5,13-13,35.5,464.0,-4.0,フォーヴィスム,464.7
2019107016,ウナギノボリ,2023/03/11,2中京1,晴,9.0,伊良湖特別(2勝クラス),16,8.0,15,3.1,1.0,1,鮫島克駿,58.0,ダ,1200.0,良,71.7,-0.1,12-12,35.3,468.0,6.0,(イルデレーヴ),1588.5
2019107016,ウナギノボリ,2023/02/19,1阪神4,曇,8.0,4歳以上1勝クラス,15,8.0,15,5.2,4.0,1,国分恭介,58.0,ダ,1200.0,稍,72.2,-0.4,12-9,36.3,462.0,-4.0,(ルールシェーバー),800.0
2019107016,ウナギノボリ,2023/02/05,1小倉8,晴,9.0,合馬特別(1勝クラス),18,6.0,12,16.8,8.0,6,富田暁,58.0,芝,1200.0,良,68.7,0.6,18-17,33.7,466.0,2.0,タイセイブリリオ,
2019107016,ウナギノボリ,2022/11/19,5阪神5,晴,12.0,3歳以上1勝クラス,18,7.0,15,57.2,14.0,8,松若風馬,56.0,芝,1600.0,良,96.1,0.4,14-10,32.9,464.0,-8.0,レベレンシア,
2019107016,ウナギノボリ,2022/10/23,4新潟4,雨,6.0,3歳以上1勝クラス,13,5.0,6,27.2,8.0,8,永島まな,51.0,芝,1800.0,良,108.6,0.6,3-3,34.1,472.0,12.0,フィールシンパシー,
2019107016,ウナギノボリ,2022/10/02,5中京9,晴,8.0,3歳以上1勝クラス,17,4.0,7,18.6,7.0,12,富田暁,55.0,芝,1400.0,良,81.3,1.2,17-17,34.5,460.0,0.0,レゾンドゥスリール,
2019107016,ウナギノボリ,2022/09/24,5中京6,晴,7.0,3歳以上1勝クラス,16,6.0,12,17.9,7.0,6,角田大河,52.0,芝,1600.0,良,94.2,0.9,14-12-10,33.8,460.0,-4.0,ルージュスティリア,
2019107016,ウナギノボリ,2022/09/03,4小倉7,曇,12.0,3歳以上1勝クラス,14,8.0,13,4.8,3.0,10,和田竜二,54.0,ダ,1700.0,重,106.1,2.3,11-8-9-8,39.3,464.0,-2.0,ハイエストポイント,
2019107016,ウナギノボリ,2022/08/20,4小倉3,晴,8.0,3歳以上1勝クラス,15,4.0,8,8.1,5.0,4,永島まな,50.0,ダ,1700.0,稍,105.9,0.5,11-11-8-5,36.6,466.0,10.0,ジャズブルース,120.0
2019107016,ウナギノボリ,2022/06/19,3阪神2,晴,7.0,3歳以上1勝クラス,11,4.0,4,3.5,3.0,10,松山弘平,54.0,芝,1600.0,良,96.0,1.9,10-10,35.7,456.0,-8.0,トーホウディアス,
2019107016,ウナギノボリ,2022/05/28,3中京7,晴,6.0,3歳1勝クラス,9,7.0,7,3.2,2.0,3,横山典弘,56.0,芝,1600.0,良,94.6,0.1,4-4-5,34.8,464.0,-2.0,ロールアップ,190.0
2019107016,ウナギノボリ,2022/05/08,3中京2,晴,10.0,橘S(L),10,8.0,9,8.8,4.0,4,斎藤新,56.0,芝,1400.0,良,79.8,0.5,10-10,33.3,466.0,2.0,ウインマーベル,300.0
2019107016,ウナギノボリ,2022/04/16,2阪神7,晴,11.0,アーリントンC(GIII),18,4.0,8,72.7,13.0,7,和田竜二,56.0,芝,1600.0,良,93.4,0.7,13-14,34.1,464.0,2.0,ダノンスコーピオン,
2019107016,ウナギノボリ,2022/03/19,1阪神11,小雨,11.0,若葉S(L),10,8.0,10,42.7,8.0,9,藤岡康太,56.0,芝,2000.0,稍,121.4,1.2,9-9-10-10,35.3,462.0,-2.0,デシエルト,
2019107016,ウナギノボリ,2022/01/09,1中京3,晴,11.0,日刊スポシンザン記念(GIII),15,5.0,8,25.2,6.0,9,吉田隼人,56.0,芝,1600.0,良,95.2,1.1,14-15-15,35.0,464.0,0.0,マテンロウオリオン,
2019107016,ウナギノボリ,2021/12/05,6中京2,曇,9.0,こうやまき賞(1勝クラス),9,1.0,1,8.2,4.0,2,吉田隼人,55.0,芝,1600.0,良,95.4,0.1,9-8-8,34.6,464.0,-4.0,ソリタリオ,406.0
2019107016,ウナギノボリ,2021/11/13,5阪神3,晴,11.0,デイリー杯2歳S(GII),7,4.0,4,24.9,6.0,7,和田竜二,55.0,芝,1600.0,良,96.4,1.3,7-6,34.6,468.0,-10.0,セリフォス,
2019107016,ウナギノボリ,2021/10/09,4東京1,曇,11.0,サウジアラビアRC(GIII),7,7.0,7,17.6,4.0,4,菅原明良,55.0,芝,1600.0,良,96.7,0.3,5-5,33.4,478.0,10.0,コマンドライン,500.0
2019107016,ウナギノボリ,2021/09/11,5中京1,曇,5.0,2歳新馬,12,6.0,7,7.9,4.0,1,和田竜二,54.0,芝,1400.0,良,82.3,-0.1,8-6,34.8,468.0,0.0,(リゴレット),700.0
2020102310,キタサンダムール,2026/05/31,3京都12,晴,12.0,渡月橋S(3勝クラス),18,3.0,6,17.2,8.0,2,田山旺佑,56.0,芝,1400.0,良,80.3,0.2,9-7,33.7,490.0,6.0,スマートワイス,761.0
2020102310,キタサンダムール,2026/03/28,1中京5,晴,11.0,マレーシアC(3勝クラス),16,5.0,9,44.9,12.0,10,国分恭介,56.0,芝,1600.0,良,93.0,0.8,8-6-6,34.4,484.0,-8.0,ルージュソリテール,
2020102310,キタサンダムール,2026/02/22,1阪神2,晴,10.0,戎橋S(3勝クラス),8,3.0,3,8.3,5.0,6,吉村誠之,56.0,芝,1400.0,良,81.1,0.7,6-6,33.9,492.0,0.0,アイサンサン,
2020102310,キタサンダムール,2026/01/25,1京都9,晴,10.0,山城S(3勝クラス),18,8.0,16,8.4,5.0,4,武豊,55.0,芝,1400.0,良,81.9,0.0,5-7,33.9,492.0,-4.0,ララマセラシオン,280.0
2020102310,キタサンダムール,2025/11/15,5東京3,晴,10.0,奥多摩S(3勝クラス),18,5.0,10,3.8,2.0,9,ルメール,56.0,芝,1400.0,良,81.3,0.8,6-6,34.1,496.0,-4.0,マイネルチケット,
2020102310,キタサンダムール,2025/10/25,3京都8,曇,10.0,長岡京S(3勝クラス),13,3.0,3,9.4,5.0,3,岩田望来,56.0,芝,1400.0,良,80.3,0.1,4-4,33.8,500.0,18.0,スリールミニョン,464.0
2020102310,キタサンダムール,2025/08/02,3中京3,晴,7.0,豊明S(3勝クラス),12,7.0,10,,,取,川田将雅,54.0,芝,1400.0,良,,,,,,,アクートゥス,
2020102310,キタサンダムール,2025/05/31,2京都11,曇,12.0,4歳以上2勝クラス,13,7.0,11,5.2,3.0,1,岩田望来,56.0,芝,1400.0,良,80.6,-0.3,8-8,33.8,482.0,8.0,(アンビバレント),1140.0
2020102310,キタサンダムール,2025/05/17,1新潟5,曇,8.0,4歳以上1勝クラス,16,7.0,13,7.5,3.0,1,岩田望来,56.0,芝,1400.0,稍,83.2,-0.3,3-3,35.3,474.0,-14.0,(メイショウサチダケ),800.0
2020102310,キタサンダムール,2025/02/16,1京都6,曇,8.0,4歳以上1勝クラス,18,8.0,18,13.4,5.0,10,岩田望来,56.0,芝,1600.0,稍,96.2,0.6,6-6,36.4,488.0,4.0,ロストシークレット,
2020102310,キタサンダムール,2025/02/01,1小倉3,雨,8.0,4歳以上1勝クラス,16,5.0,10,6.6,4.0,5,古川奈穂,53.0,芝,1800.0,稍,109.1,0.7,1-1-2-1,37.0,484.0,-12.0,ナムララジベラ,80.0
2020102310,キタサンダムール,2024/12/28,7京都9,晴,7.0,3歳以上1勝クラス,17,5.0,9,15.8,8.0,11,吉村誠之,54.0,芝,1800.0,良,108.5,0.9,9-11,34.6,496.0,8.0,ショウナンガチ,
2020102310,キタサンダムール,2024/07/21,3小倉8,曇,7.0,3歳以上1勝クラス,12,7.0,9,5.8,4.0,2,河原田菜,52.0,芝,1800.0,良,108.4,0.9,1-1-1-2,37.3,488.0,4.0,テーオーダグラス,320.0
2020102310,キタサンダムール,2024/07/06,3小倉3,晴,8.0,3歳以上1勝クラス,16,1.0,1,26.7,12.0,3,河原田菜,52.0,芝,1800.0,良,106.2,0.2,3-3-3-3,36.2,484.0,12.0,ハミング,200.0
2020102310,キタサンダムール,2024/03/10,1阪神6,晴,7.0,4歳以上1勝クラス,10,3.0,3,9.1,4.0,6,吉村誠之,53.0,芝,1600.0,良,95.4,0.8,1-1,34.7,472.0,-10.0,サトノスカイターフ,
2020102310,キタサンダムール,2023/11/18,3京都5,晴,12.0,3歳以上1勝クラス,14,7.0,13,3.8,2.0,12,岩田望来,55.0,芝,1600.0,稍,96.5,2.1,6-3,35.8,482.0,-10.0,テンノメッセージ,
2020102310,キタサンダムール,2023/10/28,2京都8,晴,7.0,3歳以上1勝クラス,10,6.0,6,7.2,4.0,4,岩田望来,54.0,芝,1800.0,良,106.3,0.4,5-5,34.2,492.0,0.0,グランヴィノス,120.0
2020102310,キタサンダムール,2023/10/01,4阪神9,曇,6.0,3歳以上1勝クラス,16,6.0,12,13.8,6.0,3,岩田望来,54.0,芝,1600.0,稍,93.9,0.2,7-8,33.5,492.0,20.0,アルナージェイン,200.0
2020102310,キタサンダムール,2023/07/08,3中京3,曇,12.0,3歳以上1勝クラス,16,6.0,11,2.9,1.0,7,川田将雅,53.0,芝,1600.0,良,93.8,0.6,16-16-16,34.5,472.0,4.0,メテオリート,
2020102310,キタサンダムール,2023/05/20,2東京9,曇,9.0,カーネーションC(1勝クラス),13,8.0,12,4.9,3.0,5,北村宏司,54.0,芝,1800.0,良,107.8,0.5,3-3-3,34.2,468.0,-4.0,アンリーロード,107.0
2020102310,キタサンダムール,2023/04/23,1京都2,晴,1.0,3歳未勝利,18,8.0,18,2.8,1.0,1,岩田望来,54.0,芝,1800.0,良,106.8,0.0,7-7,34.6,472.0,14.0,(ガットネロ),550.0
2020102310,キタサンダムール,2023/04/01,2阪神3,晴,4.0,3歳未勝利,18,8.0,18,26.6,8.0,2,岩田望来,54.0,芝,1800.0,良,106.9,0.0,2-2,35.2,458.0,0.0,イトカワサクラ,220.0
2022106603,モジャーリオ,2026/01/25,1京都9,晴,10.0,山城S(3勝クラス),18,1.0,2,5.2,2.0,7,高杉吏麒,56.0,芝,1400.0,良,82.1,0.2,5-4,34.3,476.0,8.0,ララマセラシオン,
2022106603,モジャーリオ,2025/12/21,5阪神6,小雨,12.0,六甲アイランドS(3勝クラス),14,1.0,1,16.5,6.0,3,岩田望来,57.0,芝,1400.0,重,81.8,0.2,4-5,34.4,468.0,2.0,ディアナザール,464.4
2022106603,モジャーリオ,2025/12/07,5中山2,晴,9.0,南総S(3勝クラス),12,8.0,12,4.9,2.0,8,横山和生,57.0,芝,1200.0,良,67.9,0.7,7-6,34.5,466.0,4.0,シンバーシア,
2022106603,モジャーリオ,2025/10/26,3京都9,曇,8.0,壬生特別(2勝クラス),14,6.0,9,3.7,1.0,1,横山和生,57.0,芝,1200.0,稍,68.7,-0.1,3-3,33.7,462.0,4.0,(アオイレーギーナ),1582.9
2022106603,モジャーリオ,2025/09/27,4中山8,晴,10.0,勝浦特別(2勝クラス),16,3.0,5,4.1,2.0,2,横山和生,56.0,芝,1200.0,良,67.8,0.2,7-6,33.4,458.0,-6.0,ソーダーンライト,630.6
2022106603,モジャーリオ,2025/09/06,2札幌5,曇,10.0,札幌スポニチ賞(2勝クラス),16,4.0,8,4.5,1.0,2,横山武史,56.0,芝,1200.0,良,69.3,0.0,5-3,34.4,464.0,2.0,サウンドモリアーナ,630.0
2022106603,モジャーリオ,2025/08/31,2札幌4,曇,10.0,HBC賞(2勝クラス),16,6.0,12,4.6,1.0,5,斎藤新,55.0,芝,1200.0,稍,69.9,0.3,10-11,34.7,462.0,-2.0,ロードマイライフ,155.0
2022106603,モジャーリオ,2025/07/12,1函館9,晴,10.0,HTB杯(2勝クラス),11,8.0,11,9.2,6.0,3,斎藤新,55.0,芝,1200.0,良,67.8,0.6,7-5,34.3,464.0,2.0,カルプスペルシュ,393.6
2022106603,モジャーリオ,2025/06/29,1函館6,晴,12.0,湯の川温泉特別(2勝クラス),14,6.0,10,3.7,1.0,4,斎藤新,55.0,芝,1200.0,良,69.2,0.5,4-4,33.9,462.0,-2.0,トウカイファクター,230.0
2022106603,モジャーリオ,2025/05/31,2京都11,曇,11.0,葵S(GIII),16,4.0,7,37.4,14.0,5,斎藤新,57.0,芝,1200.0,良,68.5,0.2,6-6,33.8,464.0,4.0,アブキールベイ,410.0
2022106603,モジャーリオ,2025/03/22,2中京3,晴,11.0,中スポ賞ファルコンS(GIII),18,8.0,17,151.3,14.0,9,斎藤新,57.0,芝,1400.0,良,81.7,0.7,12-10,34.9,460.0,-4.0,ヤンキーバローズ,
2022106603,モジャーリオ,2025/02/23,1京都8,曇,10.0,マーガレットS(L),8,1.0,1,8.4,4.0,5,岩田康誠,57.0,芝,1200.0,良,70.1,0.5,5-4,33.9,464.0,14.0,ポッドベイダー,200.0
2022106603,モジャーリオ,2025/01/13,1中山5,晴,7.0,3歳1勝クラス,11,6.0,6,4.4,2.0,1,菅原明良,57.0,芝,1200.0,良,69.3,-0.1,5-4,34.0,450.0,2.0,(マイネルステラート),800.0
2022106603,モジャーリオ,2024/12/01,5中山2,晴,6.0,2歳1勝クラス,9,8.0,8,2.9,1.0,3,マーカン,56.0,ダ,1200.0,良,72.0,0.6,4-4,37.0,448.0,-8.0,フレッシュラン,200.0
2022106603,モジャーリオ,2024/11/16,5東京5,曇,6.0,2歳1勝クラス,10,8.0,9,18.2,5.0,3,マーカン,56.0,芝,1400.0,良,83.2,0.5,4-6,33.4,456.0,0.0,エンブロイダリー,200.0
2022106603,モジャーリオ,2024/09/21,4中山6,曇,9.0,カンナS(OP),8,3.0,3,11.4,3.0,4,斎藤新,55.0,芝,1200.0,良,67.9,0.7,3-3,34.0,456.0,2.0,エコロジーク,240.0
2022106603,モジャーリオ,2024/08/25,3新潟6,曇,11.0,新潟2歳S(GIII),11,5.0,5,94.3,11.0,11,斎藤新,55.0,芝,1600.0,良,95.7,1.5,5-5,35.4,454.0,6.0,トータルクラリティ,
2022106603,モジャーリオ,2024/06/22,1函館5,晴,1.0,2歳未勝利,9,6.0,6,2.8,1.0,1,横山武史,55.0,芝,1200.0,良,69.9,-0.1,6-5,35.5,448.0,-6.0,(ニシノクードクール),550.0
2022106603,モジャーリオ,2024/06/09,1函館2,小雨,5.0,2歳新馬,14,6.0,10,3.8,1.0,6,斎藤新,55.0,芝,1200.0,良,70.4,0.7,11-9,34.5,454.0,0.0,エメラヴィ,
2020100906,フライングブレード,2026/06/21,3東京6,曇,10.0,多摩川S(3勝クラス),16,4.0,8,174.3,14.0,5,石橋脩,58.0,芝,1400.0,稍,81.6,0.5,5-5,33.9,494.0,2.0,ラーンザロープス,187.0
2020100906,フライングブレード,2026/03/08,1阪神6,晴,10.0,岸和田S(3勝クラス),14,2.0,2,62.1,12.0,12,浜中俊,58.0,芝,1600.0,良,93.6,0.8,4-4,34.9,492.0,-8.0,ファインライン,
2020100906,フライングブレード,2026/02/10,2京都4,曇,9.0,石清水S(3勝クラス),13,4.0,5,26.9,10.0,5,浜中俊,58.0,芝,1600.0,良,93.1,0.3,6-5,34.3,500.0,4.0,ミニトランザット,187.0
2020100906,フライングブレード,2026/01/11,1京都4,曇,10.0,新春S(3勝クラス),15,8.0,15,279.0,14.0,3,吉田隼人,58.0,芝,1600.0,良,93.4,0.6,4-4,34.4,496.0,0.0,ベラジオボンド,474.6
2020100906,フライングブレード,2025/12/21,5阪神6,小雨,12.0,六甲アイランドS(3勝クラス),14,8.0,14,359.3,14.0,9,菱田裕二,58.0,芝,1400.0,重,82.0,0.4,3-2,34.8,496.0,4.0,ディアナザール,
2020100906,フライングブレード,2025/12/06,5中京1,晴,11.0,飛騨S(3勝クラス),12,5.0,5,108.5,10.0,8,小沢大仁,58.0,芝,1400.0,良,80.3,0.9,11-10,33.6,492.0,0.0,レディマリオン,
2020100906,フライングブレード,2025/11/23,5東京5,晴,10.0,秋色S(3勝クラス),17,4.0,8,218.1,15.0,12,吉田隼人,54.0,芝,1600.0,良,92.7,0.8,13-13,33.8,492.0,6.0,エンペラーズソード,
2020100906,フライングブレード,2025/10/25,3京都8,曇,10.0,長岡京S(3勝クラス),13,7.0,11,47.6,8.0,13,浜中俊,58.0,芝,1400.0,良,81.6,1.4,8-8,34.5,486.0,4.0,スリールミニョン,
2020100906,フライングブレード,2025/06/22,3東京6,晴,10.0,多摩川S(3勝クラス),16,3.0,5,69.5,13.0,16,団野大成,58.0,芝,1400.0,良,83.3,2.1,3-4,36.0,482.0,-10.0,セフィロ,
2020100906,フライングブレード,2025/02/23,1東京8,晴,8.0,4歳以上2勝クラス,12,6.0,8,39.2,9.0,1,浜中俊,58.0,芝,1400.0,良,81.3,-0.1,2-3,34.5,492.0,0.0,(スカイハイ),1140.0
2020100906,フライングブレード,2025/02/02,1京都2,曇,12.0,4歳以上1勝クラス,17,8.0,18,15.9,8.0,1,三浦皇成,58.0,芝,1400.0,稍,83.0,0.0,6-6,34.3,492.0,0.0,(インペリアルコート),800.0
2020100906,フライングブレード,2025/01/12,1中京4,曇,12.0,4歳以上1勝クラス,18,6.0,11,20.0,7.0,4,浜中俊,58.0,芝,1400.0,良,82.7,0.8,12-11,35.0,492.0,2.0,トラペジスト,120.0
2020100906,フライングブレード,2024/12/07,4中京3,曇,12.0,3歳以上1勝クラス,18,6.0,11,6.3,3.0,6,浜中俊,58.0,芝,1200.0,良,70.5,0.7,12-11,33.9,490.0,-2.0,アイルドリアン,
2020100906,フライングブレード,2024/08/10,2札幌1,晴,12.0,3歳以上1勝クラス,16,3.0,6,24.3,10.0,9,小林勝太,56.0,芝,1200.0,良,69.4,0.8,14-14,34.6,492.0,6.0,ジョーメッドヴィン,
2020100906,フライングブレード,2024/07/14,1函館12,晴,8.0,3歳以上1勝クラス,15,2.0,3,4.1,2.0,12,池添謙一,58.0,芝,1200.0,良,69.5,0.5,2-2,35.8,486.0,-4.0,アコルダール,
2020100906,フライングブレード,2024/06/29,1函館7,晴,9.0,長万部特別(1勝クラス),11,4.0,4,8.4,4.0,7,藤岡佑介,58.0,芝,1200.0,良,69.2,0.5,11-11,34.1,490.0,2.0,ナムラローズマリー,
2020100906,フライングブレード,2024/02/24,2小倉5,晴,9.0,秋吉台特別(1勝クラス),14,4.0,5,3.1,2.0,3,和田竜二,58.0,芝,1200.0,稍,69.7,0.5,3-2,35.0,488.0,0.0,レッドアヴァンティ,285.6
2020100906,フライングブレード,2023/12/09,4中京3,晴,12.0,3歳以上1勝クラス,15,3.0,4,2.7,1.0,2,和田竜二,57.0,芝,1200.0,良,68.1,0.1,4-4,34.2,488.0,0.0,ラヴォルタ,320.0
2020100906,フライングブレード,2023/11/19,3福島6,曇,12.0,3歳以上1勝クラス,16,2.0,4,3.4,1.0,2,角田大和,56.0,芝,1200.0,良,70.7,0.1,8-6,35.3,488.0,-4.0,マルプリ,320.0
2020100906,フライングブレード,2023/11/04,3福島1,曇,12.0,3歳以上1勝クラス,11,8.0,10,3.5,1.0,3,松田大作,57.0,芝,1200.0,良,69.9,0.1,2-2,35.6,492.0,24.0,メイケイバートン,200.0
2020100906,フライングブレード,2023/07/08,3中京3,曇,7.0,3歳未勝利,18,7.0,15,2.4,1.0,1,和田竜二,56.0,芝,1200.0,良,68.1,-0.1,5-5,34.2,468.0,-4.0,(リアライズ),550.0
2020100906,フライングブレード,2023/06/10,3阪神3,晴,3.0,3歳未勝利,16,1.0,1,6.0,3.0,2,和田竜二,56.0,芝,1200.0,良,68.1,0.1,3-3,33.9,472.0,-6.0,ニシノコウダイ,220.0
2020100906,フライングブレード,2023/04/02,2阪神4,晴,2.0,3歳未勝利,16,7.0,14,13.2,4.0,6,和田竜二,56.0,ダ,1400.0,良,87.5,1.3,6-6,39.2,478.0,4.0,ヘンリー,
2020100906,フライングブレード,2023/03/11,1阪神9,晴,3.0,3歳未勝利,16,8.0,15,12.6,5.0,4,和田竜二,56.0,ダ,1400.0,良,87.1,1.5,13-12,37.2,474.0,-4.0,ペプチドタイガー,83.0
2020100906,フライングブレード,2023/02/25,1阪神5,晴,3.0,3歳未勝利,16,3.0,6,4.6,3.0,6,和田竜二,56.0,ダ,1400.0,稍,86.1,1.5,8-8,38.6,478.0,4.0,シモズル,
2020100906,フライングブレード,2023/01/08,1中京3,晴,2.0,3歳未勝利,16,1.0,1,17.1,7.0,6,和田竜二,56.0,ダ,1400.0,良,87.5,1.3,15-14,37.7,474.0,-2.0,マリアナトレンチ,
2020100906,フライングブレード,2022/12/11,6阪神4,晴,2.0,2歳未勝利,11,6.0,7,9.2,4.0,3,和田竜二,55.0,ダ,1400.0,良,86.5,1.0,8-7,37.9,476.0,4.0,ドンアミティエ,130.0
2020100906,フライングブレード,2022/11/12,5阪神3,晴,5.0,2歳新馬,13,3.0,3,24.4,9.0,7,和田竜二,55.0,芝,1600.0,良,95.6,1.1,5-8,35.2,472.0,0.0,エンファサイズ,
2023103677,ヴィエントデコラ,2026/07/12,2小倉6,晴,7.0,3歳以上1勝クラス,15,6.0,11,5.5,4.0,9,田山旺佑,53.0,ダ,1700.0,良,107.9,1.9,10-12-7-5,40.3,448.0,4.0,オオツカ,
2023103677,ヴィエントデコラ,2026/05/02,3京都3,晴,11.0,ユニコーンS(GIII),12,5.0,6,119.7,10.0,11,浜中俊,57.0,ダ,1900.0,稍,119.9,2.4,5-5-6-7,38.7,444.0,-2.0,シルバーレシオ,
2023103677,ヴィエントデコラ,2026/04/11,2阪神5,晴,5.0,3歳1勝クラス,12,5.0,6,9.3,5.0,6,岩田望来,57.0,ダ,1800.0,重,111.8,1.8,8-8-8-8,37.6,446.0,-6.0,チュウワカーネギー,
2023103677,ヴィエントデコラ,2026/03/14,1中京1,晴,6.0,3歳1勝クラス,16,2.0,4,9.5,4.0,5,舟山瑠泉,54.0,ダ,1800.0,良,113.8,1.1,4-3-3-4,38.3,452.0,0.0,ドンエレクトス,82.0
2023103677,ヴィエントデコラ,2026/01/31,2京都1,晴,4.0,3歳未勝利,11,7.0,8,1.1,1.0,1,岩田望来,57.0,ダ,1800.0,良,115.1,-0.7,4-2-2-3,38.0,452.0,-4.0,(ダイメイクマモト),590.0
2023103677,ヴィエントデコラ,2026/01/12,1京都5,晴,2.0,3歳未勝利,16,2.0,3,7.2,3.0,2,岩田望来,57.0,ダ,1800.0,良,114.8,0.5,9-9-6-5,38.0,456.0,0.0,サヴォアフェール,240.0
2023103677,ヴィエントデコラ,2025/12/21,5阪神6,雨,4.0,2歳未勝利,12,4.0,4,4.0,2.0,2,岩田望来,56.0,ダ,1800.0,稍,115.1,0.0,3-3-3-3,38.5,456.0,8.0,ケイアイアマゾン,220.0
2023103677,ヴィエントデコラ,2025/10/12,3京都4,曇,2.0,2歳未勝利,7,7.0,7,6.3,5.0,2,小沢大仁,56.0,ダ,1800.0,良,114.0,0.2,2-2-2-2,37.8,448.0,4.0,サイン,220.0
2023103677,ヴィエントデコラ,2025/09/21,4阪神7,晴,3.0,2歳未勝利,11,7.0,8,11.7,5.0,3,小沢大仁,55.0,ダ,1800.0,良,116.7,0.6,5-7-6-6,38.6,444.0,0.0,タガノアバンドーネ,140.0
2023103677,ヴィエントデコラ,2025/08/16,3中京7,晴,1.0,2歳未勝利,9,6.0,6,29.3,7.0,4,小沢大仁,55.0,ダ,1200.0,良,74.4,1.7,9-9,37.1,444.0,0.0,テーオーグレーザー,84.0
2022104264,ライヴスプーン,2026/05/24,2東京10,曇,7.0,4歳以上1勝クラス,17,3.0,5,302.1,15.0,13,小林脩斗,56.0,芝,2400.0,良,146.2,2.0,15-15-15-16,35.7,422.0,8.0,マイネルアウルム,
2022104264,ライヴスプーン,2026/05/09,1新潟3,晴,8.0,4歳以上1勝クラス,15,5.0,9,5.4,2.0,6,小林凌大,56.0,ダ,1800.0,稍,117.6,1.6,1-1-1-1,42.5,414.0,-4.0,ヴァズレーヌ,
2022104264,ライヴスプーン,2026/04/26,1福島6,晴,7.0,4歳以上1勝クラス,15,3.0,4,18.7,6.0,14,小林凌大,56.0,ダ,1700.0,良,107.9,1.9,1-1-1-1,40.2,418.0,-4.0,ユージュアーナ,
2022104264,ライヴスプーン,2025/12/27,5中山7,曇,8.0,3歳以上1勝クラス,16,3.0,5,20.2,8.0,6,小林凌大,55.0,ダ,1800.0,稍,114.9,1.0,1-1-1-1,39.3,422.0,12.0,ミダース,
2022104264,ライヴスプーン,2025/12/13,5中京3,曇,6.0,3歳以上1勝クラス,16,3.0,6,13.5,5.0,5,小林凌大,55.0,ダ,1800.0,良,114.4,0.6,2-2-2-2,38.1,410.0,-2.0,カロローザ,80.0
2022104264,ライヴスプーン,2025/10/25,4新潟3,晴,8.0,3歳以上1勝クラス,14,4.0,6,16.0,7.0,4,小林凌大,54.0,ダ,1800.0,良,113.8,1.1,1-1-4-5,38.8,412.0,0.0,サンカルミア,120.0
2022104264,ライヴスプーン,2025/10/18,4新潟1,曇,4.0,3歳以上1勝クラス,14,2.0,2,9.2,5.0,9,小林凌大,54.0,ダ,1800.0,良,115.4,1.8,5-6-12-12,39.0,412.0,4.0,シンボリノエル,
2022104264,ライヴスプーン,2025/08/30,3新潟3,曇,4.0,3歳未勝利,15,8.0,15,16.1,7.0,1,小林凌大,55.0,ダ,1800.0,良,113.7,-0.5,1-1-1-1,38.3,408.0,-8.0,(トーアケルキラ),560.0
2022104264,ライヴスプーン,2025/08/23,3新潟1,晴,2.0,3歳未勝利,14,5.0,8,3.1,1.0,10,遠藤汰月,52.0,ダ,1800.0,良,116.6,1.8,6-6-5-5,41.0,416.0,6.0,グランカッサ,
2022104264,ライヴスプーン,2025/08/03,2新潟4,晴,9.0,3歳未勝利,15,4.0,7,9.9,4.0,2,遠藤汰月,52.0,ダ,1800.0,良,114.1,0.1,2-2-2-1,38.6,410.0,2.0,ホークライト,220.0
2022104264,ライヴスプーン,2025/07/19,2福島7,晴,2.0,3歳未勝利,15,3.0,4,100.4,11.0,3,遠藤汰月,52.0,ダ,1700.0,良,107.2,0.1,4-3-6-6,38.3,408.0,-6.0,ヴァイオパイシーズ,140.0
2022104264,ライヴスプーン,2025/07/06,2福島4,晴,2.0,3歳未勝利,15,1.0,1,95.8,10.0,8,石田拓郎,52.0,ダ,1700.0,良,108.7,1.9,10-10-12-10,38.7,414.0,8.0,ルシャルムール,
2022104264,ライヴスプーン,2025/05/17,1新潟5,雨,3.0,3歳未勝利,16,1.0,1,107.3,12.0,10,小林美駒,51.0,芝,1800.0,稍,110.4,1.7,16-15,35.6,406.0,0.0,シャンクス,
2022104264,ライヴスプーン,2025/04/12,1福島1,曇,5.0,3歳未勝利,16,5.0,10,240.4,14.0,13,小林美駒,51.0,芝,2000.0,良,122.0,0.8,15-15-16-14,35.4,406.0,-14.0,ベラトール,
2022104264,ライヴスプーン,2024/12/28,5中山9,晴,4.0,2歳未勝利,16,7.0,14,180.9,14.0,15,石川裕紀,55.0,芝,1800.0,良,110.2,1.2,14-13-14-15,36.2,420.0,-2.0,ルージュミレネール,
2022104264,ライヴスプーン,2024/10/20,4東京6,晴,3.0,2歳未勝利,10,4.0,4,141.2,8.0,10,石田拓郎,52.0,芝,1800.0,良,111.9,1.9,9-10-10,34.4,422.0,4.0,プレシャスデイ,
2022104264,ライヴスプーン,2024/09/29,4中山9,曇,5.0,2歳新馬,17,8.0,16,44.2,9.0,14,田辺裕信,55.0,芝,2000.0,良,125.1,2.0,14-15-14-14,36.0,418.0,0.0,スタイラスメソッド,
2022101801,ケルピー,2026/04/18,高知,曇,11.0,穀雨特別(C2),10,7.0,7,4.8,2.0,2,赤岡修次,57.0,ダ,1600.0,重,106.2,0.1,3-2-3-2,38.9,484.0,2.0,ステラマテュティナ,64.0
2022101801,ケルピー,2026/04/04,高知,雨,11.0,清明特別(C2),0,3.0,3,,,,赤岡修次,57.0,ダ,1400.0,不,,,,,,,,
2022101801,ケルピー,2026/03/22,高知,雨,6.0,帯広競馬場特別(C2),11,1.0,1,1.2,1.0,1,赤岡修次,57.0,ダ,1400.0,重,92.2,-0.8,1-1-1-1,40.3,482.0,-2.0,(レズルレクティオ),70.0
2022101801,ケルピー,2026/03/10,高知,晴,5.0,ヒナギク特別(C3),10,7.0,7,5.4,3.0,1,赤岡修次,57.0,ダ,1300.0,稍,84.4,-0.5,2-2-2-2,39.1,484.0,5.0,(コスモルーテウス),110.0
2022101801,ケルピー,2026/02/23,高知,晴,5.0,ウメ特別(C3),9,8.0,9,3.3,2.0,2,赤岡修次,57.0,ダ,1300.0,良,84.8,0.9,3-3-3-4,39.7,479.0,-3.0,ダオラダオラ,44.0
2022101801,ケルピー,2026/02/10,高知,曇,1.0,C3ー6,9,7.0,8,1.4,1.0,1,赤岡修次,57.0,ダ,1300.0,良,85.2,-0.9,2-1-1-1,39.5,482.0,-6.0,(サイモングリット),60.0
2022101801,ケルピー,2026/02/03,高知,晴,3.0,C3ー7,8,1.0,1,1.2,1.0,2,赤岡修次,57.0,ダ,1400.0,良,91.8,0.0,2-3-3-1,40.1,488.0,1.0,ココリハクタク,24.0
2022101801,ケルピー,2026/01/01,高知,晴,7.0,七福神特別(C3),8,8.0,8,,,取,赤岡修次,57.0,ダ,1300.0,良,,,,,,,ジョーエルピーゾ,
2022101801,ケルピー,2025/11/24,高知,曇,6.0,C3ー16,9,8.0,8,1.7,1.0,1,赤岡修次,57.0,ダ,1600.0,良,108.2,-0.1,1-1-1-1,42.0,487.0,3.0,(ポジティビティ),60.0
2022101801,ケルピー,2025/01/26,1中山9,晴,3.0,3歳未勝利,15,4.0,7,36.9,6.0,10,横山和生,57.0,ダ,1800.0,良,117.7,3.3,12-12-8-9,41.1,484.0,-6.0,ロッシニアーナ,
2022101801,ケルピー,2025/01/13,1中山5,晴,2.0,3歳未勝利,16,4.0,7,33.5,10.0,2,横山和生,57.0,ダ,1800.0,良,117.3,0.1,16-15-4-3,40.7,490.0,4.0,ジェシーテソーロ,220.0
2022101801,ケルピー,2024/11/02,5東京1,小雨,6.0,2歳新馬,16,7.0,13,122.9,13.0,9,木幡巧也,56.0,ダ,1600.0,重,100.7,1.3,15-13,35.6,486.0,0.0,ボルトテソーロ,
2021110040,メトロポリターナ,2026/06/20,3東京5,雨,12.0,3歳以上1勝クラス,16,8.0,15,71.9,12.0,10,丸田恭介,56.0,ダ,1600.0,不,97.2,1.6,6-8,36.7,500.0,6.0,オクトーバーナイン,
2021110040,メトロポリターナ,2026/05/02,1新潟1,晴,7.0,4歳以上1勝クラス,15,3.0,4,158.7,14.0,5,丸田恭介,56.0,ダ,1800.0,重,115.8,0.6,8-7-7-7,41.0,494.0,-2.0,レッドイステル,82.0
2021110040,メトロポリターナ,2026/04/19,1福島4,晴,8.0,4歳以上1勝クラス,15,2.0,2,60.4,11.0,9,菊沢一樹,56.0,ダ,1700.0,良,107.1,2.0,5-4-5-4,39.3,496.0,-4.0,ジェシーテソーロ,
2021110040,メトロポリターナ,2026/03/29,3中山2,晴,7.0,4歳以上1勝クラス,15,4.0,7,42.8,10.0,10,菊沢一樹,56.0,ダ,1800.0,稍,115.3,1.5,12-12-12-12,39.7,500.0,4.0,フェスタリア,
2021110040,メトロポリターナ,2026/03/15,2中山6,晴,6.0,4歳以上1勝クラス,16,2.0,3,57.5,11.0,5,原優介,56.0,ダ,1800.0,良,115.0,1.5,7-7-6-6,39.6,496.0,0.0,ブレードサクセス,82.0
2021110040,メトロポリターナ,2026/01/25,1中山9,晴,6.0,4歳以上1勝クラス,15,8.0,15,174.8,11.0,6,原優介,56.0,ダ,1800.0,良,116.1,0.8,11-11-7-5,40.2,496.0,8.0,コーリンカルベラ,
2021110040,メトロポリターナ,2025/12/28,5阪神8,晴,7.0,3歳以上1勝クラス,16,1.0,1,195.7,15.0,10,秋山稔樹,56.0,ダ,1400.0,良,85.5,1.6,15-15,37.4,488.0,-2.0,ニューオーリンズ,
2021110040,メトロポリターナ,2025/12/07,5中京2,晴,8.0,3歳以上1勝クラス,18,8.0,16,160.3,15.0,18,原優介,56.0,芝,1400.0,良,81.5,1.1,9-14,34.4,490.0,-24.0,レーヴジーニアル,
2021110040,メトロポリターナ,2025/09/28,佐賀,曇,9.0,フジバカマ賞,10,3.0,3,1.4,1.0,1,山田義貴,53.0,ダ,1400.0,稍,89.3,0.0,4-3-3-2,37.7,514.0,0.0,(パトリオットゲーム),90.0
2021110040,メトロポリターナ,2025/09/07,佐賀,晴,9.0,KYUSHUDREA(B),10,1.0,1,1.4,1.0,1,山田義貴,54.0,ダ,1400.0,良,90.1,0.0,5-5-3-4,38.2,514.0,4.0,(キクノアーデント),50.0
2021110040,メトロポリターナ,2025/08/17,佐賀,曇,5.0,Bー4組,11,2.0,2,1.4,1.0,2,山田義貴,54.0,ダ,1300.0,良,83.2,0.2,4-3-4-4,37.5,510.0,9.0,サンスイレン,16.0
2021110040,メトロポリターナ,2025/07/22,佐賀,晴,8.0,Bー5組,11,7.0,9,3.3,3.0,1,山田義貴,54.0,ダ,1300.0,良,83.2,-0.1,7-7-2-2,36.8,501.0,3.0,(アマルフィー),50.0
2021110040,メトロポリターナ,2025/06/21,佐賀,曇,8.0,長崎街道原田宿特選(C1),12,7.0,9,1.3,1.0,3,山田義貴,54.0,ダ,1400.0,良,90.8,0.3,5-6-4-2,39.2,498.0,-3.0,イーデンテソーロ,9.9
2021110040,メトロポリターナ,2025/06/08,佐賀,小雨,10.0,長崎街道内野宿特選(C1),11,7.0,8,1.3,1.0,2,山田義貴,54.0,ダ,1400.0,良,89.8,0.5,4-4-2-2,38.7,501.0,3.0,ベートーヴェン,17.6
2021110040,メトロポリターナ,2025/05/24,佐賀,小雨,6.0,C1ー5組,11,7.0,9,1.0,1.0,1,山田義貴,54.0,ダ,1400.0,不,90.0,-0.3,6-6-2-2,38.2,498.0,-4.0,(ピースフルタイム),42.0
2021110040,メトロポリターナ,2025/05/17,佐賀,曇,8.0,菖蒲月賞(C1),11,8.0,11,1.0,1.0,1,山田義貴,54.0,ダ,1400.0,不,89.1,-1.9,3-4-2-1,38.3,502.0,9.0,(アルスアンティカ),42.0
2021110040,メトロポリターナ,2025/04/26,佐賀,晴,10.0,おとめ座特選(C2),11,7.0,8,1.7,1.0,1,山田義貴,54.0,ダ,1300.0,稍,82.6,-0.3,5-4-3-1,37.8,493.0,8.0,(ルンルンマルタン),45.0
2021110040,メトロポリターナ,2025/03/20,園田,晴,9.0,C1,12,6.0,7,2.6,1.0,5,笹田知宏,55.0,ダ,1400.0,稍,93.1,1.9,6-6-7-5,40.6,485.0,2.0,ノイヤー,10.0
2021110040,メトロポリターナ,2025/03/04,姫路,雨,10.0,C1,9,8.0,10,6.3,3.0,1,杉浦健太,54.0,ダ,1500.0,不,99.6,-0.1,2-2-2-1,38.4,483.0,0.0,(フェヴリエ),110.0
2021110040,メトロポリターナ,2025/02/13,姫路,曇,12.0,ストロベリーキャンド(C1),12,8.0,11,13.6,6.0,3,川原正一,54.0,ダ,1500.0,稍,100.4,0.7,3-4-4-5,40.5,483.0,-4.0,フェヴリエ,22.0
2021110040,メトロポリターナ,2025/01/14,園田,曇,9.0,C1,12,3.0,3,7.2,3.0,5,川原正一,54.0,ダ,1870.0,良,128.3,0.9,1-1-2-1,41.9,487.0,0.0,メイショウカイコン,11.0
2021110040,メトロポリターナ,2024/12/17,園田,晴,8.0,C2二,10,1.0,1,1.6,1.0,1,吉村智洋,54.0,ダ,1400.0,良,93.1,-0.6,6-6-7-3,40.2,487.0,11.0,(サイモンクレスト),70.0
2021110040,メトロポリターナ,2023/11/25,5東京7,曇,5.0,2歳新馬,18,7.0,15,16.8,6.0,4,北村宏司,55.0,芝,1600.0,良,95.2,0.3,3-2,34.2,476.0,0.0,ゼーゼマン,110.0
2022105154,イリュストル,2026/05/24,2東京10,曇,7.0,4歳以上1勝クラス,17,6.0,12,40.9,12.0,8,佐々木大,58.0,芝,2400.0,良,144.7,0.5,6-5-5-5,35.0,496.0,-2.0,マイネルアウルム,
2022105154,イリュストル,2026/05/10,1新潟4,晴,9.0,荒川峡特別(1勝クラス),14,4.0,6,17.2,9.0,11,杉原誠人,58.0,芝,2400.0,良,148.7,2.2,10-11-12-12,36.3,498.0,-4.0,キングズトゥルー,
2022105154,イリュストル,2026/04/18,3中山7,晴,7.0,4歳以上1勝クラス,10,7.0,7,4.7,3.0,10,横山武史,58.0,芝,2000.0,良,119.3,1.2,5-5-4-5,35.4,502.0,10.0,サンライズバブル,
2022105154,イリュストル,2025/05/10,2東京5,小雨,4.0,3歳未勝利,8,7.0,7,1.8,1.0,1,横山武史,57.0,芝,2400.0,稍,148.3,-0.2,7-7-2-2,34.5,492.0,-4.0,(ナヴァラトゥナ),560.0
2022105154,イリュストル,2025/02/08,1東京3,晴,5.0,3歳新馬,16,6.0,11,5.6,2.0,3,横山武史,57.0,芝,1800.0,良,109.3,0.1,13-2-2,34.6,496.0,0.0,レディネス,160.0
2023100514,ロケットパンチ,2026/06/13,3東京3,晴,7.0,3歳未勝利,16,2.0,3,10.6,6.0,1,武藤雅,57.0,ダ,1600.0,稍,97.2,-0.1,4-3,36.7,458.0,14.0,(イントゥザウインド),580.0
2023100514,ロケットパンチ,2026/04/11,1福島1,晴,1.0,3歳未勝利,15,2.0,2,16.0,7.0,7,武藤雅,57.0,ダ,1700.0,良,107.3,1.4,10-9-8-7,38.4,444.0,-18.0,シューティングガイ,
2023100514,ロケットパンチ,2026/01/12,1中山5,晴,3.0,3歳未勝利,16,6.0,11,11.8,7.0,2,柴田善臣,57.0,ダ,1800.0,良,116.8,0.6,12-13-6-2,40.2,462.0,-2.0,ジェイエルモーダル,240.0
2023100514,ロケットパンチ,2025/12/20,5中山5,曇,7.0,2歳未勝利,16,6.0,11,29.7,9.0,3,柴田善臣,56.0,ダ,1800.0,良,116.3,1.0,6-5-1-2,39.4,464.0,2.0,エコロガノン,140.0
2023100514,ロケットパンチ,2025/11/15,3福島3,晴,1.0,2歳未勝利,15,1.0,1,25.2,7.0,6,武藤雅,56.0,ダ,1700.0,良,108.0,1.2,8-7-7-7,38.1,462.0,-8.0,ロミオ,
2023100514,ロケットパンチ,2025/10/19,4東京7,雨,4.0,2歳新馬,16,6.0,12,33.3,9.0,8,柴田善臣,56.0,ダ,1600.0,良,101.2,1.6,6-6,37.6,470.0,0.0,ラッキーキッド,
2022106099,ハルノアラシ,2026/07/11,2福島5,曇,8.0,3歳以上1勝クラス,16,1.0,2,102.8,11.0,9,石川裕紀,58.0,ダ,1150.0,良,68.7,0.9,15-15,35.4,512.0,-10.0,ライヴレッドアイ,
2022106099,ハルノアラシ,2026/05/23,2東京9,曇,8.0,4歳以上1勝クラス,16,7.0,14,38.3,8.0,7,荻野極,58.0,ダ,1400.0,稍,85.4,0.7,14-14,35.2,522.0,4.0,エムティエスターテ,
2022106099,ハルノアラシ,2026/05/02,2東京3,晴,7.0,4歳以上1勝クラス,16,5.0,10,17.0,8.0,6,荻野極,58.0,ダ,1400.0,重,85.9,0.9,12-12,35.9,518.0,2.0,キョウエイスレーヴ,
2022106099,ハルノアラシ,2026/02/28,1阪神3,曇,7.0,4歳以上1勝クラス,16,4.0,8,26.4,8.0,9,岩田望来,58.0,ダ,1400.0,良,85.7,1.5,11-8,37.6,516.0,2.0,ヨリノレジェンド,
2022106099,ハルノアラシ,2026/01/04,1中山1,晴,7.0,4歳以上1勝クラス,16,5.0,10,17.6,9.0,13,石川裕紀,57.0,ダ,1800.0,稍,116.7,2.9,13-12-5-5,41.9,514.0,-8.0,バタール,
2022106099,ハルノアラシ,2025/11/01,4東京10,曇,7.0,3歳以上1勝クラス,16,5.0,10,40.5,12.0,8,石川裕紀,56.0,ダ,2100.0,重,130.6,0.9,14-14-15-12,37.1,522.0,6.0,ロングウェイホーム,
2022106099,ハルノアラシ,2025/10/13,4東京5,曇,7.0,3歳以上1勝クラス,16,3.0,5,8.4,5.0,8,石川裕紀,56.0,ダ,2100.0,良,134.1,1.0,14-12-10-8,39.0,516.0,4.0,コスモコンフェルマ,
2022106099,ハルノアラシ,2025/09/14,4中山4,曇,8.0,3歳以上1勝クラス,15,5.0,9,4.7,3.0,10,石川裕紀,55.0,ダ,1800.0,稍,114.7,3.1,11-11-11-11,38.6,512.0,-2.0,キョウキランブ,
2022106099,ハルノアラシ,2025/05/11,2東京6,晴,5.0,3歳1勝クラス,15,6.0,11,20.9,9.0,6,石川裕紀,57.0,ダ,2100.0,稍,130.5,1.4,14-14-14-14,36.5,514.0,2.0,ピカピカサンダー,
2022106099,ハルノアラシ,2025/04/20,3中山8,曇,6.0,3歳1勝クラス,15,8.0,14,50.0,10.0,5,丹内祐次,57.0,ダ,1800.0,良,114.3,1.4,12-12-2-2,38.8,512.0,2.0,ナルカミ,80.0
2022106099,ハルノアラシ,2025/04/06,3中山4,小雨,6.0,3歳1勝クラス,14,4.0,5,20.8,6.0,4,石川裕紀,57.0,ダ,1800.0,稍,113.9,0.6,13-13-10-8,38.5,510.0,-4.0,ゴッドエスパーダ,120.0
2022106099,ハルノアラシ,2025/03/08,2中山3,曇,2.0,3歳未勝利,16,8.0,15,2.6,1.0,1,石川裕紀,57.0,ダ,1800.0,重,115.5,-0.1,14-13-2-2,39.3,514.0,2.0,(ラストレガシー),560.0
2022106099,ハルノアラシ,2025/01/25,1中山8,曇,2.0,3歳未勝利,16,7.0,14,2.6,1.0,2,石川裕紀,57.0,ダ,1800.0,良,116.2,0.4,10-10-2-2,38.7,512.0,0.0,チュウワクリスエス,220.0
2022106099,ハルノアラシ,2025/01/12,1中山4,曇,2.0,3歳未勝利,16,5.0,9,22.8,4.0,2,石川裕紀,57.0,ダ,1800.0,良,115.7,1.5,12-11-5-3,39.6,512.0,4.0,サムシャイン,220.0
2022106099,ハルノアラシ,2024/12/14,5中山5,晴,4.0,2歳未勝利,16,3.0,5,9.5,4.0,5,石川裕紀,56.0,ダ,1800.0,良,118.1,1.2,8-8-9-7,41.2,508.0,-8.0,ソクヅモドラドラ,55.0
2022106099,ハルノアラシ,2024/10/20,4新潟6,晴,2.0,2歳未勝利,9,3.0,3,2.6,2.0,5,横山琉人,55.0,ダ,1800.0,稍,118.5,5.5,3-5-5-5,42.8,516.0,4.0,タガノマカシヤ,55.0
2022106099,ハルノアラシ,2024/10/05,4新潟1,曇,2.0,2歳未勝利,12,8.0,12,5.3,3.0,2,横山琉人,55.0,ダ,1800.0,重,114.1,0.6,7-6-5-3,38.5,512.0,-6.0,ダテミカヅキ,220.0
2022106099,ハルノアラシ,2024/07/28,2新潟2,曇,2.0,2歳未勝利,9,6.0,6,2.8,2.0,4,横山琉人,54.0,ダ,1200.0,良,73.8,1.6,6-5,38.0,518.0,8.0,スカイブルー,83.0
2022106099,ハルノアラシ,2024/07/14,2福島6,曇,6.0,2歳新馬,8,5.0,5,5.5,3.0,3,横山琉人,54.0,ダ,1150.0,稍,71.8,0.2,6-4,37.3,510.0,0.0,ケイアイマハナ,180.0
2021105730,コッレヴェッキオ,2026/05/16,2東京7,晴,8.0,4歳以上1勝クラス,16,7.0,14,77.0,11.0,2,北村宏司,58.0,ダ,1600.0,良,98.0,0.1,5-6,36.6,478.0,6.0,ノアヴィヴァーチェ,330.0
2021105730,コッレヴェッキオ,2025/11/22,3福島5,晴,6.0,3歳以上1勝クラス,15,8.0,15,31.1,8.0,13,北村宏司,58.0,ダ,1700.0,良,108.7,2.6,10-8-6-5,41.0,472.0,-8.0,マテンロウブレイブ,
2021105730,コッレヴェッキオ,2025/09/28,4中山9,晴,6.0,3歳以上1勝クラス,16,2.0,4,13.6,7.0,13,岩田望来,58.0,ダ,1800.0,良,115.8,1.5,14-13-12-11,38.4,480.0,-2.0,フジレイメイ,
2021105730,コッレヴェッキオ,2025/06/15,1函館2,曇,12.0,3歳以上1勝クラス,11,5.0,5,13.5,6.0,4,岩田康誠,58.0,ダ,1700.0,良,106.7,1.3,10-9-3-2,38.8,482.0,8.0,グレイテストソング,120.0
2021105730,コッレヴェッキオ,2025/03/23,1阪神8,晴,8.0,4歳以上1勝クラス,14,7.0,11,10.7,5.0,9,鮫島克駿,58.0,ダ,1800.0,良,115.8,2.5,13-13-12-12,38.5,474.0,-2.0,リトルハピ,
2021105730,コッレヴェッキオ,2025/01/25,1中山8,曇,8.0,4歳以上1勝クラス,16,6.0,12,7.6,2.0,4,吉田豊,57.0,ダ,1800.0,良,115.6,0.5,10-10-12-7,37.9,476.0,4.0,タイセイアディクト,120.0
2021105730,コッレヴェッキオ,2024/11/23,5東京7,晴,6.0,3歳以上1勝クラス,16,3.0,5,6.8,3.0,13,ビュイッ,57.0,ダ,1600.0,稍,98.7,2.5,8-8,38.2,472.0,-4.0,ダノンザボルケーノ,
2021105730,コッレヴェッキオ,2024/09/22,4中山7,曇,6.0,3歳以上1勝クラス,12,3.0,3,1.6,1.0,3,戸崎圭太,55.0,ダ,1800.0,良,114.7,0.6,10-10-4-2,38.6,476.0,0.0,ダイヤモンドナイツ,200.0
2021105730,コッレヴェッキオ,2024/09/07,4中山1,晴,8.0,3歳以上1勝クラス,15,4.0,7,13.0,6.0,3,鮫島克駿,55.0,ダ,1800.0,良,113.0,0.4,8-9-8-6,37.9,476.0,4.0,ウンガイソウテン,200.0
2021105730,コッレヴェッキオ,2024/06/30,2福島2,曇,4.0,3歳未勝利,15,1.0,1,13.4,5.0,1,西塚洸二,56.0,ダ,1700.0,良,108.7,-0.5,15-14-1-1,37.7,472.0,6.0,(バスターウルフ),550.0
2021105730,コッレヴェッキオ,2024/04/21,2東京2,晴,5.0,3歳未勝利,16,7.0,13,56.0,10.0,11,武藤雅,57.0,芝,1800.0,良,109.4,1.5,14-12-12,33.9,466.0,-2.0,バランスダンサー,
2021105730,コッレヴェッキオ,2023/12/24,5中山8,曇,6.0,2歳新馬,13,7.0,13,8.1,4.0,9,柴田大知,56.0,芝,1600.0,良,97.0,0.4,11-10-9,34.9,468.0,0.0,チザルピーノ,
2023101495,アヴァランチ,2026/06/13,3東京3,晴,12.0,3歳以上1勝クラス,16,6.0,11,19.0,7.0,6,三浦皇成,55.0,ダ,1400.0,稍,84.3,0.8,9-7,35.9,468.0,2.0,ラインジーク,
2023101495,アヴァランチ,2026/05/16,2東京7,晴,3.0,3歳未勝利,16,5.0,10,2.8,1.0,1,三浦皇成,57.0,ダ,1300.0,良,79.4,-0.3,3-3,36.9,466.0,-2.0,(ヴィスクレス),590.0
2023101495,アヴァランチ,2026/04/26,2東京2,晴,3.0,3歳未勝利,16,7.0,14,9.0,5.0,2,松山弘平,57.0,ダ,1300.0,稍,79.0,0.0,2-2,37.0,468.0,2.0,ユイノカタリベ,240.0
2023101495,アヴァランチ,2026/02/07,1東京3,曇,2.0,3歳未勝利,16,1.0,1,25.5,10.0,6,上里直汰,54.0,ダ,1300.0,良,81.2,0.9,13-13,37.1,466.0,-4.0,ジャスフォール,
2023101495,アヴァランチ,2025/11/29,5東京7,晴,1.0,2歳未勝利,13,4.0,5,41.0,8.0,8,バルザロ,56.0,ダ,1600.0,良,101.1,1.7,7-7,38.9,470.0,8.0,セントゴーデンス,
2023101495,アヴァランチ,2025/11/08,5東京1,晴,4.0,2歳新馬,14,2.0,4,21.3,8.0,3,岩田康誠,56.0,ダ,1300.0,良,81.4,1.1,5-5,36.9,462.0,0.0,プールナバドラ,190.0
2022105367,パイオニアスクエア,2026/06/27,2小倉1,曇,9.0,八代特別(1勝クラス),8,6.0,6,23.8,6.0,5,富田暁,58.0,芝,2000.0,稍,120.0,0.1,1-1-1-1,35.4,492.0,2.0,サヴォアフェール,114.0
2022105367,パイオニアスクエア,2026/05/10,1新潟4,晴,9.0,荒川峡特別(1勝クラス),14,6.0,10,7.9,4.0,8,富田暁,58.0,芝,2400.0,良,148.3,1.8,3-3-4-3,36.6,490.0,-8.0,キングズトゥルー,
2022105367,パイオニアスクエア,2026/03/29,1中京6,晴,6.0,4歳以上1勝クラス,13,3.0,3,21.8,8.0,2,富田暁,57.0,芝,2200.0,良,131.9,0.3,1-1-1-1,35.2,498.0,12.0,メイショウアイル,330.0
2022105367,パイオニアスクエア,2025/09/07,4阪神2,晴,4.0,3歳未勝利,16,7.0,14,4.6,2.0,3,川田将雅,57.0,芝,2000.0,良,119.3,0.8,8-10-6-6,36.3,486.0,-2.0,フィオレストラーダ,140.0
2022105367,パイオニアスクエア,2025/08/16,3中京7,晴,3.0,3歳未勝利,18,3.0,5,2.4,1.0,5,川田将雅,57.0,芝,2200.0,良,133.1,0.7,3-3-3-3,35.5,488.0,-6.0,テレプシコーラ,56.0
2022105367,パイオニアスクエア,2025/07/27,3中京2,晴,11.0,3歳未勝利,11,1.0,1,6.8,3.0,2,和田竜二,57.0,芝,2200.0,良,133.6,0.0,3-3-4-4,34.5,494.0,4.0,ホウオウレイヴン,220.0
2022105367,パイオニアスクエア,2025/07/13,2小倉6,曇,4.0,3歳未勝利,16,3.0,5,8.6,4.0,4,和田竜二,57.0,芝,1800.0,良,109.7,0.3,3-3-3-3,36.9,490.0,-16.0,マテンロウギフト,84.0
2022105367,パイオニアスクエア,2025/06/21,3阪神5,晴,6.0,3歳未勝利,14,2.0,2,12.3,5.0,3,和田竜二,57.0,芝,2000.0,良,121.5,0.2,5-4-3-4,35.8,506.0,0.0,フララナキラ,140.0
2023103714,インナーパッション,2026/06/07,3東京2,曇,2.0,3歳未勝利,16,4.0,8,7.5,4.0,1,横山琉人,57.0,ダ,2100.0,良,132.7,-0.1,13-13-12-8,37.0,520.0,8.0,(ワンダーブリッツ),580.0
2023103714,インナーパッション,2025/11/01,4東京10,晴,5.0,2歳新馬,13,2.0,2,21.3,6.0,7,横山武史,56.0,芝,1600.0,稍,97.5,0.6,5-6,33.9,512.0,0.0,サトノヴァンクル,
2023106753,バッカステソーロ,2026/06/01,佐賀,曇,1.0,3歳ー8組,9,4.0,4,1.0,1.0,1,山口勲,56.0,ダ,1400.0,良,91.5,-0.8,1-1-1-1,40.6,465.0,-8.0,(コスモローマ),50.0
2023106753,バッカステソーロ,2026/05/23,佐賀,曇,10.0,SAGAリベンジャー(3歳),10,3.0,3,1.5,1.0,1,山口勲,56.0,ダ,1300.0,良,84.3,-0.6,5-3-1-1,38.9,473.0,15.0,(ショウサンカナヲ),50.0
2023106753,バッカステソーロ,2026/03/07,2中山3,晴,5.0,3歳未勝利,18,7.0,13,57.1,8.0,12,大野拓弥,57.0,芝,2200.0,稍,137.0,1.4,17-18-14-12,36.7,458.0,0.0,ウィロークリーク,
2022110061,ブレスドナイル,2026/06/07,3阪神2,小雨,12.0,3歳以上1勝クラス,12,7.0,9,152.8,10.0,7,斎藤新,56.0,ダ,1800.0,稍,113.7,2.4,8-8-7-7,37.4,446.0,0.0,チェリヴェント,
2022110061,ブレスドナイル,2026/05/23,3京都9,曇,7.0,4歳以上1勝クラス,16,3.0,6,104.4,13.0,5,吉村誠之,56.0,ダ,1800.0,稍,114.2,1.5,9-10-10-10,37.3,446.0,6.0,ビルンバウム,82.0
2022110061,ブレスドナイル,2026/05/02,1新潟1,晴,7.0,4歳以上1勝クラス,15,4.0,7,74.2,11.0,4,今村聖奈,54.0,ダ,1800.0,重,115.6,0.4,13-13-13-13,39.7,440.0,2.0,レッドイステル,120.0
2022110061,ブレスドナイル,2026/02/22,1阪神2,晴,8.0,4歳以上1勝クラス,15,7.0,13,68.4,11.0,12,酒井学,55.0,ダ,1800.0,良,116.7,2.5,6-5-7-5,41.2,438.0,-8.0,タガノアニマシオン,
2022110061,ブレスドナイル,2026/01/31,1小倉3,晴,3.0,4歳以上1勝クラス,16,8.0,15,15.1,7.0,10,田山旺佑,52.0,ダ,1700.0,良,106.7,1.5,11-10-9-10,38.6,446.0,-12.0,モレポブラーノ,
2022110061,ブレスドナイル,2025/10/30,門別,晴,8.0,ケナフ特別(C1),12,8.0,12,2.3,2.0,1,服部茂史,55.0,ダ,1700.0,稍,111.4,-0.1,1-1-2-2,40.7,458.0,-2.0,(ホウヨウムーン),55.0
2022110061,ブレスドナイル,2025/10/15,門別,晴,11.0,ブッドレア特別(C2),10,7.0,8,3.5,2.0,1,服部茂史,55.0,ダ,1800.0,稍,119.0,-1.0,1-1-1-1,38.2,460.0,4.0,(ルクスエクレール),55.0
2022110061,ブレスドナイル,2025/10/01,門別,雨,8.0,ジャノメギク特別(C2),12,6.0,8,1.9,1.0,6,服部茂史,55.0,ダ,1700.0,重,112.4,1.2,8-8-8-7,39.5,456.0,14.0,リュウジンオー,
2022110061,ブレスドナイル,2025/09/07,2札幌6,曇,5.0,3歳未勝利,14,4.0,6,9.8,5.0,4,佐々木大,55.0,ダ,1700.0,稍,106.3,0.1,3-3-4-4,38.5,442.0,0.0,ドゥラエテルノ,84.0
2022110061,ブレスドナイル,2025/08/10,3中京6,曇,2.0,3歳未勝利,15,3.0,5,5.1,2.0,3,佐々木大,55.0,ダ,1800.0,良,115.2,0.3,3-3-3-3,39.3,442.0,2.0,ロカヒ,140.0
2022110061,ブレスドナイル,2025/07/27,3中京2,晴,2.0,3歳未勝利,16,5.0,10,41.7,10.0,5,亀田温心,55.0,ダ,1800.0,良,114.5,0.4,2-2-2-2,39.1,440.0,8.0,テーオーシュタイン,56.0
2022110061,ブレスドナイル,2025/05/04,2京都4,晴,2.0,3歳未勝利,14,1.0,1,25.6,6.0,11,松山弘平,55.0,ダ,1800.0,稍,116.8,3.0,4-5-7-8,40.8,432.0,-2.0,スコーピオンイメル,
2022110061,ブレスドナイル,2025/04/19,2阪神7,晴,3.0,3歳未勝利,16,6.0,11,55.2,10.0,6,岩田康誠,55.0,ダ,2000.0,良,129.6,1.1,1-1-1-1,40.1,434.0,-2.0,ミラクルブルー,
2022110061,ブレスドナイル,2025/02/23,1小倉10,小雨,6.0,3歳未勝利,12,5.0,6,5.9,3.0,8,柴田裕一,52.0,ダ,1700.0,良,108.4,2.8,6-6-7-8,39.4,436.0,-6.0,キョウキランブ,
2022110061,ブレスドナイル,2025/02/01,1小倉3,雨,7.0,3歳未勝利,12,1.0,1,19.6,5.0,5,秋山稔樹,55.0,芝,2000.0,稍,124.0,0.5,6-6-7-7,36.2,442.0,-4.0,バズアップビート,56.0
2022110061,ブレスドナイル,2024/11/16,3福島5,晴,3.0,2歳未勝利,15,6.0,11,13.7,5.0,5,亀田温心,55.0,ダ,1700.0,良,108.1,2.1,3-3-3-3,38.9,446.0,-10.0,ベリタバグス,55.0
2022110061,ブレスドナイル,2024/11/03,3福島2,晴,6.0,2歳新馬,15,6.0,11,13.2,5.0,4,亀田温心,55.0,ダ,1700.0,重,107.8,0.3,6-6-5-4,38.9,456.0,0.0,シーソーゲーム,110.0
2020100948,ウォーターリーダー,2026/06/27,2福島1,晴,4.0,障害3歳以上OP,10,7.0,7,3.0,2.0,8,高田潤,60.0,障,2750.0,稍,179.2,2.6,6-6-4-5,13.0,454.0,2.0,ミレニアムヒロイン,
2020100948,ウォーターリーダー,2026/05/02,1新潟1,晴,4.0,障害4歳以上OP,11,8.0,11,6.0,4.0,3,高田潤,60.0,障,2890.0,重,192.7,0.2,7-8-3-3,13.3,452.0,0.0,パープルアドミラル,360.0
2020100948,ウォーターリーダー,2026/01/31,1小倉3,晴,4.0,障害4歳以上OP,12,3.0,3,15.9,6.0,7,難波剛健,60.0,障,2860.0,良,191.8,2.2,9-9-7-7,13.4,452.0,2.0,ホークフィールド,
2020100948,ウォーターリーダー,2025/11/16,3福島4,晴,4.0,障害3歳以上未勝利,10,1.0,1,9.0,3.0,1,高田潤,60.0,障,2750.0,良,180.5,-0.3,2-2-2-2,13.1,450.0,-4.0,(ゴールデンスロープ),840.0
2020100948,ウォーターリーダー,2025/10/05,4東京2,晴,4.0,障害3歳以上未勝利,14,7.0,11,37.0,7.0,11,難波剛健,60.0,障,3000.0,良,210.6,4.1,14-14-14-14,14.0,454.0,4.0,プラチナトレジャー,
2020100948,ウォーターリーダー,2025/08/16,1札幌7,晴,8.0,3歳以上1勝クラス,14,2.0,2,12.6,5.0,7,小林美駒,55.0,ダ,1700.0,良,106.5,0.7,11-11-13-11,37.7,450.0,0.0,ゼロスネーク,
2020100948,ウォーターリーダー,2025/07/26,1札幌1,小雨,9.0,3歳以上1勝クラス,13,8.0,13,6.2,4.0,5,武豊,58.0,ダ,1700.0,良,106.2,0.7,12-11-10-9,37.8,450.0,-6.0,ショウナンヤッホー,80.0
2020100948,ウォーターリーダー,2025/05/31,2京都11,曇,6.0,4歳以上1勝クラス,16,2.0,3,9.1,5.0,9,武豊,58.0,ダ,1400.0,良,84.3,0.7,14-14,36.6,456.0,0.0,ウィップスティッチ,
2020100948,ウォーターリーダー,2025/05/17,2京都7,曇,6.0,4歳以上1勝クラス,14,6.0,9,11.4,4.0,3,松若風馬,58.0,ダ,1400.0,不,84.0,0.5,12-12,35.5,456.0,4.0,クアトロジャック,200.0
2020100948,ウォーターリーダー,2025/04/19,2阪神7,晴,12.0,4歳以上1勝クラス,15,5.0,9,20.9,5.0,4,武豊,58.0,ダ,1400.0,良,85.8,0.8,13-11,37.5,452.0,4.0,マイティマイティー,120.0
2020100948,ウォーターリーダー,2025/03/23,1阪神8,晴,8.0,4歳以上1勝クラス,14,8.0,13,15.8,7.0,4,武豊,58.0,ダ,1800.0,良,114.8,1.5,8-9-5-4,38.2,448.0,-2.0,リトルハピ,120.0
2020100948,ウォーターリーダー,2025/02/15,1京都5,晴,8.0,4歳以上1勝クラス,12,5.0,5,7.3,4.0,3,武豊,58.0,ダ,1900.0,良,121.3,1.0,8-8-6-5,38.3,450.0,-2.0,ダブルジャッジ,200.0
2020100948,ウォーターリーダー,2025/01/18,1中京6,晴,7.0,4歳以上1勝クラス,12,8.0,12,10.3,4.0,5,武豊,58.0,ダ,1900.0,良,120.8,0.7,8-8-7-6,37.3,452.0,-2.0,アンバードール,80.0
2020100948,ウォーターリーダー,2025/01/06,1中京2,小雨,7.0,4歳以上1勝クラス,16,5.0,9,24.0,7.0,4,武豊,58.0,ダ,1800.0,良,114.4,0.4,8-8-2-2,38.7,454.0,-12.0,ティンティンデオ,120.0
2020100948,ウォーターリーダー,2024/11/24,6京都8,曇,5.0,3歳以上1勝クラス,15,1.0,1,6.9,3.0,7,中井裕二,58.0,ダ,1800.0,良,114.1,0.7,10-9-10-9,38.1,466.0,-2.0,キングブルー,
2020100948,ウォーターリーダー,2024/11/02,6京都1,雨,7.0,3歳以上1勝クラス,8,1.0,1,10.2,5.0,4,中井裕二,58.0,ダ,1800.0,不,113.7,1.8,4-4-4-4,38.2,468.0,2.0,エアサンサーラ,120.0
2020100948,ウォーターリーダー,2024/10/13,5京都4,晴,6.0,3歳以上1勝クラス,10,4.0,4,11.4,4.0,3,中井裕二,58.0,ダ,1800.0,良,113.9,0.2,8-8-8-8,37.9,466.0,18.0,タイセイミニスター,200.0
2020100948,ウォーターリーダー,2024/05/25,3京都11,晴,7.0,4歳以上1勝クラス,11,8.0,10,39.2,11.0,2,中井裕二,58.0,ダ,1800.0,良,113.6,0.0,5-6-4-3,38.2,448.0,-2.0,シュピカ,320.0
2020100948,ウォーターリーダー,2024/04/14,2阪神8,晴,7.0,4歳以上1勝クラス,17,7.0,14,82.0,11.0,15,中井裕二,58.0,芝,1600.0,良,94.7,1.1,5-4,35.2,450.0,4.0,ベルシャンブル,
2020100948,ウォーターリーダー,2024/03/30,2阪神3,晴,7.0,4歳以上1勝クラス,16,6.0,11,41.5,10.0,11,中井裕二,58.0,ダ,1400.0,稍,86.0,1.0,14-14,36.9,446.0,6.0,セミマル,
2020100948,ウォーターリーダー,2024/03/03,1阪神4,晴,6.0,4歳以上1勝クラス,8,5.0,5,23.4,5.0,4,中井裕二,58.0,ダ,1800.0,稍,115.3,0.8,6-6-5-5,39.2,440.0,-6.0,ドンアチェカ,120.0
2020100948,ウォーターリーダー,2024/01/28,2京都2,曇,8.0,4歳以上1勝クラス,16,3.0,6,16.6,6.0,11,横山和生,58.0,ダ,1200.0,良,73.2,1.3,16-16,36.2,446.0,2.0,ゴッドセンド,
2020100948,ウォーターリーダー,2024/01/21,1京都7,曇,8.0,4歳以上1勝クラス,14,1.0,1,9.2,4.0,6,西村淳也,57.0,ダ,1400.0,重,84.1,1.0,6-5,36.9,444.0,-4.0,エムズマインド,
2020100948,ウォーターリーダー,2023/12/17,4中京6,晴,3.0,3歳以上1勝クラス,16,2.0,4,38.9,8.0,7,斎藤新,57.0,ダ,1400.0,稍,85.5,0.6,6-6,38.1,448.0,12.0,ジュンウィンダム,
2020100948,ウォーターリーダー,2023/05/06,1京都5,曇,6.0,3歳1勝クラス,16,3.0,6,19.1,9.0,6,岩田望来,56.0,ダ,1400.0,良,86.6,1.0,12-11,37.1,436.0,0.0,スズカコーズ,
2020100948,ウォーターリーダー,2023/04/08,3中山5,曇,2.0,3歳未勝利,16,6.0,12,3.0,2.0,1,戸崎圭太,56.0,ダ,1200.0,稍,71.8,-0.3,5-4,37.5,436.0,-2.0,(ロジブライアン),550.0
2020100948,ウォーターリーダー,2023/02/19,2小倉4,小雨,2.0,3歳未勝利,18,5.0,10,3.6,1.0,4,北村友一,56.0,芝,1200.0,重,70.8,0.2,7-9,36.2,438.0,-2.0,カンチェンジュンガ,83.0
2020100948,ウォーターリーダー,2023/01/29,1小倉6,曇,5.0,3歳新馬,18,2.0,3,8.5,4.0,3,北村友一,56.0,芝,1200.0,重,70.5,0.3,4-6,35.0,440.0,0.0,シンプリーオーサム,160.0
2020105774,コスモチプリア,2026/07/11,2福島5,晴,1.0,障害3歳以上OP,11,8.0,10,21.2,7.0,10,伴啓太,58.0,障,3380.0,良,227.2,3.0,10-10-10-10,13.4,450.0,-10.0,シャンデルナゴル,
2020105774,コスモチプリア,2026/03/21,2中山7,晴,8.0,ペガサスジャンプS(OP),10,5.0,5,77.0,10.0,9,伴啓太,58.0,障,3350.0,良,225.0,3.0,9-9-9-8,13.4,460.0,-2.0,フォージドブリック,
2020105774,コスモチプリア,2026/02/21,1小倉9,晴,5.0,障害4歳以上OP,12,2.0,2,24.5,7.0,6,伴啓太,58.0,障,3390.0,良,233.9,1.6,8-8-7-7,13.8,462.0,2.0,スズカハービン,
2020105774,コスモチプリア,2026/01/24,1小倉1,曇,4.0,障害4歳以上OP,12,6.0,7,56.3,11.0,4,伴啓太,58.0,障,3390.0,良,227.9,2.4,6-6-5-5,13.4,460.0,4.0,テイエムマジック,210.0
2020105774,コスモチプリア,2025/12/14,5中京4,曇,6.0,3歳以上1勝クラス,18,1.0,1,66.1,12.0,9,石神深道,53.0,芝,2000.0,稍,122.2,1.0,6-6-7-7,35.4,456.0,0.0,テンミラクルスター,
2020105774,コスモチプリア,2025/05/10,1新潟3,曇,1.0,障害4歳以上未勝利,14,3.0,3,6.9,3.0,1,伴啓太,58.0,障,2890.0,稍,191.4,-0.8,5-5-3-2,13.2,456.0,6.0,(サンダーアラート),840.0
2020105774,コスモチプリア,2025/03/30,2阪神2,晴,4.0,障害4歳以上未勝利,14,7.0,11,13.9,4.0,4,伴啓太,58.0,障,2970.0,良,206.7,0.7,6-6-4-3,13.9,450.0,-12.0,ザスリーサーティ,130.0
2020105774,コスモチプリア,2025/03/01,1小倉11,曇,4.0,障害4歳以上未勝利,12,5.0,6,13.5,6.0,3,大江原圭,58.0,障,2860.0,良,196.0,0.5,3-3-3-3,13.7,462.0,-6.0,ダイスアローリング,210.0
2020105774,コスモチプリア,2025/02/09,1小倉6,晴,4.0,障害4歳以上未勝利,12,7.0,9,81.8,11.0,4,大江原圭,58.0,障,2860.0,稍,196.1,2.0,9-10-7-7,13.7,468.0,14.0,クラウンセト,130.0
2020105774,コスモチプリア,2025/01/25,1小倉1,晴,4.0,障害4歳以上未勝利,10,7.0,7,49.0,8.0,7,伴啓太,58.0,障,2860.0,良,192.6,2.7,6-7-7-7,13.5,454.0,16.0,ドゥラモンド,
2020105774,コスモチプリア,2024/07/21,2福島8,晴,1.0,障害3歳以上未勝利,14,8.0,13,28.2,7.0,11,石神深一,58.0,障,2770.0,良,188.7,6.9,12-11-11-11,13.6,438.0,-6.0,ジロー,
2020105774,コスモチプリア,2024/07/06,3小倉3,晴,1.0,障害3歳以上未勝利,9,2.0,2,16.2,5.0,6,伴啓太,58.0,障,2860.0,良,194.3,2.8,3-4-4-4,13.6,444.0,8.0,オオキニ,
2020105774,コスモチプリア,2024/01/13,1小倉1,晴,4.0,障害4歳以上未勝利,12,7.0,10,35.7,8.0,5,草野太郎,57.0,障,2860.0,良,192.5,2.1,8-7-6-6,13.5,436.0,12.0,ベレヌス,79.0
2020105774,コスモチプリア,2023/09/03,3新潟8,晴,4.0,3歳未勝利,18,4.0,7,5.6,2.0,9,木幡巧也,54.0,芝,2200.0,良,135.2,1.3,2-2-2-2,38.6,424.0,2.0,ケイツークローン,
2020105774,コスモチプリア,2023/08/13,3新潟2,晴,6.0,3歳未勝利,18,5.0,9,15.7,5.0,6,丸山元気,54.0,芝,2000.0,良,120.7,0.3,5-5-4-4,35.4,422.0,0.0,オブリクア,
2020105774,コスモチプリア,2023/07/23,3中京8,晴,7.0,3歳未勝利,18,4.0,8,118.3,11.0,2,川須栄彦,54.0,芝,2000.0,良,122.0,0.2,4-3-3-4,35.7,422.0,-6.0,メイショウオオミネ,220.0
2020105774,コスモチプリア,2023/06/17,3東京5,晴,3.0,3歳未勝利,16,7.0,14,141.2,11.0,12,柴田大知,54.0,芝,1600.0,良,94.5,2.2,8-7,36.4,428.0,-4.0,ラファドゥラ,
2020105774,コスモチプリア,2023/02/19,2小倉4,曇,6.0,3歳未勝利,16,5.0,10,24.7,9.0,12,丹内祐次,54.0,芝,1800.0,重,113.6,2.1,12-7-2-2,39.5,432.0,2.0,ダズリングブレイヴ,
2020105774,コスモチプリア,2023/02/04,1小倉7,曇,1.0,3歳未勝利,12,5.0,5,22.4,4.0,6,丹内祐次,54.0,ダ,1700.0,稍,110.2,2.7,6-6-5-5,38.5,430.0,2.0,スマートアイ,
2020105774,コスモチプリア,2023/01/21,1小倉3,晴,6.0,3歳未勝利,15,3.0,5,6.7,4.0,8,丹内祐次,54.0,芝,1800.0,稍,110.2,1.2,3-4-3-2,37.4,428.0,2.0,ゴールドレコーダー,
2020105774,コスモチプリア,2022/11/20,5東京6,曇,2.0,2歳未勝利,15,3.0,5,55.3,5.0,6,戸崎圭太,54.0,芝,1600.0,良,94.4,0.6,7-7,34.4,426.0,0.0,パルティキュリエ,
2020105774,コスモチプリア,2022/10/16,4新潟2,晴,4.0,2歳未勝利,10,4.0,4,10.5,5.0,8,丹内祐次,54.0,芝,1600.0,良,98.3,0.5,5-5,33.6,426.0,0.0,トーセントラム,
2020105774,コスモチプリア,2022/09/19,4中山5,晴,4.0,2歳未勝利,14,5.0,7,7.0,4.0,8,横山武史,54.0,芝,1800.0,重,110.5,1.4,8-8-5-5,36.4,426.0,0.0,スーパーマン,
2020105774,コスモチプリア,2022/09/04,3新潟8,晴,5.0,2歳新馬,13,1.0,1,18.5,6.0,3,柴田大知,54.0,芝,1800.0,良,111.3,0.2,3-2,33.8,426.0,0.0,テンカノギジン,180.0
2019100718,スコラーリ,2026/05/09,1新潟3,晴,4.0,障害4歳以上OP,11,2.0,2,4.3,2.0,3,伴啓太,60.0,障,2890.0,稍,191.6,0.7,8-7-4-4,13.3,482.0,-2.0,ルドヴィクス,360.0
2019100718,スコラーリ,2026/02/28,1小倉11,晴,5.0,障害4歳以上OP,12,4.0,4,4.4,2.0,3,伴啓太,60.0,障,2860.0,稍,197.7,0.4,2-2-2-1,13.8,484.0,4.0,クラップサンダー,360.0
2019100718,スコラーリ,2025/11/22,3福島5,晴,5.0,障害3歳以上OP,14,4.0,5,8.7,3.0,4,伴啓太,60.0,障,3380.0,良,224.3,0.2,1-1-1-2,13.3,480.0,-6.0,エンデュミオン,210.0
2019100718,スコラーリ,2025/08/16,2新潟7,晴,9.0,新潟ジャンプS(JGIII),14,3.0,4,10.2,4.0,8,上野翔,60.0,障,3250.0,良,213.7,3.2,6-5-9-9,13.2,486.0,2.0,インプレス,
2019100718,スコラーリ,2025/05/18,1新潟6,曇,5.0,障害4歳以上未勝利,11,5.0,5,13.2,6.0,1,伴啓太,60.0,障,2890.0,稍,190.4,-1.9,1-1-1-1,13.2,484.0,6.0,(ロードプレイヤー),840.0
2019100718,スコラーリ,2025/01/18,1中山6,晴,6.0,4歳以上1勝クラス,16,1.0,2,48.9,10.0,10,内田博幸,58.0,ダ,1200.0,良,73.1,1.0,4-4,38.4,478.0,-6.0,クールソル,
2019100718,スコラーリ,2024/11/09,5東京3,晴,7.0,3歳以上1勝クラス,16,7.0,14,83.9,10.0,13,マーカン,58.0,ダ,1400.0,良,87.8,2.2,7-10,37.4,484.0,2.0,サミアド,
2019100718,スコラーリ,2023/11/11,5東京3,曇,7.0,3歳以上1勝クラス,16,3.0,6,38.5,12.0,8,団野大成,58.0,ダ,1300.0,良,79.6,1.1,6-6,37.8,482.0,2.0,ニットウバジル,
2019100718,スコラーリ,2023/10/15,4東京5,小雨,6.0,3歳以上1勝クラス,16,1.0,1,24.0,9.0,3,団野大成,58.0,ダ,1300.0,不,78.0,0.1,7-7,35.9,480.0,-6.0,ウォルラス,200.0
2019100718,スコラーリ,2023/08/27,3新潟6,晴,12.0,3歳以上1勝クラス,15,3.0,4,12.8,6.0,13,岩田康誠,58.0,ダ,1200.0,良,74.1,1.3,6-6,38.0,486.0,6.0,ロイヤルソウル,
2019100718,スコラーリ,2023/07/29,2新潟1,晴,8.0,3歳以上1勝クラス,13,7.0,12,28.6,8.0,4,松山弘平,58.0,ダ,1200.0,良,72.9,1.1,10-10,37.0,480.0,-2.0,スペシャルナンバー,120.0
2019100718,スコラーリ,2023/04/29,1新潟1,晴,12.0,4歳以上1勝クラス,14,7.0,12,7.2,3.0,9,小林美駒,54.0,ダ,1200.0,良,73.8,1.3,10-10,37.5,482.0,2.0,フラップシグナス,
2019100718,スコラーリ,2023/04/01,3中山3,晴,12.0,4歳以上1勝クラス,16,6.0,12,5.1,2.0,5,川田将雅,58.0,ダ,1200.0,良,71.7,0.4,5-6,37.3,480.0,-6.0,ヒロノゴウカイ,80.0
2019100718,スコラーリ,2023/03/05,2中山4,曇,4.0,4歳以上1勝クラス,16,2.0,3,5.8,2.0,5,松山弘平,58.0,ダ,1200.0,良,72.3,0.8,5-3,38.1,486.0,6.0,シュロス,80.0
2019100718,スコラーリ,2022/11/05,5東京1,晴,8.0,3歳以上1勝クラス,16,4.0,7,10.6,7.0,15,ルメール,56.0,ダ,1300.0,良,79.9,1.4,9-10,37.6,480.0,6.0,アーサーテソーロ,
2019100718,スコラーリ,2022/05/28,2東京11,晴,6.0,3歳1勝クラス,11,7.0,8,15.1,7.0,7,レーン,56.0,芝,1400.0,良,82.0,0.5,7-7,34.0,474.0,0.0,ファロロジー,
2019100718,スコラーリ,2022/03/27,3中山2,曇,5.0,3歳1勝クラス,15,7.0,12,4.8,2.0,5,戸崎圭太,56.0,ダ,1200.0,重,71.5,0.8,9-7,37.3,474.0,4.0,ミユキアイラブユー,75.0
2019100718,スコラーリ,2021/12/19,5中山6,晴,6.0,2歳新馬,16,3.0,5,2.2,1.0,1,横山武史,55.0,ダ,1200.0,稍,72.7,-0.1,3-3,37.7,470.0,0.0,(ペイシャクィンビー),700.0
2020102864,サングラデーション,2026/05/24,1新潟8,曇,4.0,障害4歳以上未勝利,13,4.0,5,3.5,2.0,1,上野翔,60.0,障,2890.0,稍,191.5,-0.2,2-2-1-1,13.3,414.0,-4.0,(ノーブルクライ),840.0
2020102864,サングラデーション,2026/05/03,1新潟2,晴,4.0,障害4歳以上未勝利,14,6.0,10,16.3,7.0,3,上野翔,60.0,障,2890.0,良,191.8,2.8,3-3-2-2,13.3,418.0,-10.0,コレペティトール,210.0
2020102864,サングラデーション,2025/11/08,3福島1,晴,6.0,3歳以上1勝クラス,16,2.0,3,35.3,7.0,9,松本大輝,57.0,芝,1800.0,良,107.0,1.0,10-12-9-10,35.8,428.0,0.0,バセリーナ,
2020102864,サングラデーション,2025/10/19,4新潟2,曇,9.0,松浜特別(1勝クラス),15,5.0,8,29.4,10.0,10,杉原誠人,58.0,芝,2000.0,稍,120.5,1.1,10-7,35.2,428.0,-8.0,ジャンビ,
2020102864,サングラデーション,2025/08/24,2札幌2,晴,9.0,ルスツ特別(1勝クラス),13,6.0,9,15.9,7.0,10,坂井瑠星,58.0,芝,2000.0,良,123.6,2.3,2-2-2-2,38.5,436.0,-2.0,コスモアバンサ,
2020102864,サングラデーション,2025/06/29,1函館6,晴,9.0,臥牛山特別(1勝クラス),10,5.0,5,43.8,9.0,4,佐々木大,58.0,芝,2000.0,良,119.9,0.8,6-6-6-5,35.1,438.0,-2.0,シュバルツマサムネ,170.0
2020102864,サングラデーション,2025/06/14,1函館1,晴,9.0,奥尻特別(1勝クラス),11,4.0,4,34.0,8.0,6,佐々木大,58.0,芝,2000.0,良,120.8,0.6,8-9-9-8,34.3,440.0,12.0,ロードリベラシオン,
2020102864,サングラデーション,2025/04/26,1福島5,晴,10.0,飯盛山特別(1勝クラス),13,4.0,5,11.8,5.0,4,杉原誠人,58.0,芝,2000.0,良,120.0,0.7,6-5-5-5,35.4,428.0,-4.0,カリーニョ,170.0
2020102864,サングラデーション,2025/04/13,1福島2,小雨,7.0,4歳以上1勝クラス,16,1.0,2,13.2,5.0,3,高杉吏麒,57.0,芝,2000.0,良,121.7,0.6,8-7-9-4,36.0,432.0,2.0,バードウォッチャー,200.0
2020102864,サングラデーション,2025/02/09,1小倉6,晴,8.0,4歳以上1勝クラス,16,2.0,3,34.4,9.0,6,大野拓弥,58.0,芝,2000.0,稍,122.8,0.7,13-13-13-10,36.6,430.0,4.0,プリズマジコ,
2020102864,サングラデーション,2025/01/25,1小倉1,晴,7.0,4歳以上1勝クラス,16,3.0,6,18.9,8.0,9,津村明秀,58.0,芝,2600.0,良,160.5,1.2,3-3-2-3,37.1,426.0,2.0,セイウンパシュート,
2020102864,サングラデーション,2024/11/17,3福島6,晴,9.0,磐梯山特別(1勝クラス),15,1.0,1,52.3,13.0,7,長浜鴻緒,58.0,芝,2600.0,良,162.8,0.8,6-5-7-6,36.9,424.0,-2.0,スピーディブレイク,
2020102864,サングラデーション,2024/09/16,4中山5,曇,8.0,3歳以上1勝クラス,12,4.0,4,15.5,7.0,8,佐々木大,58.0,ダ,2400.0,良,159.6,2.0,5-5-9-9,40.0,426.0,-6.0,ニューバラード,
2020102864,サングラデーション,2024/07/25,川崎,雨,10.0,クロート賞(C1),14,5.0,7,1.8,1.0,1,御神本訓,56.0,ダ,2000.0,良,135.2,-0.2,7-7-8-6,39.6,432.0,0.0,(ロイヤルザップ),180.0
2020102864,サングラデーション,2024/06/12,川崎,晴,4.0,ヴェルザンディ賞(C2),14,7.0,12,3.3,3.0,1,御神本訓,56.0,ダ,2000.0,良,133.7,-2.0,2-2-1-1,40.5,432.0,-2.0,(ルージュメイベル),150.0
2020102864,サングラデーション,2024/05/06,川崎,曇,9.0,レッドカーペット賞(C2),12,8.0,12,6.0,3.0,4,御神本訓,56.0,ダ,1500.0,良,98.4,1.7,6-7-5-4,42.0,434.0,-6.0,ライパチ,22.5
2020102864,サングラデーション,2024/04/01,川崎,曇,12.0,ドリーミー賞(C2),13,5.0,6,4.1,2.0,5,山崎誠士,56.0,ダ,1500.0,重,100.1,0.5,7-7-6-6,41.3,440.0,6.0,キャップ,15.0
2020102864,サングラデーション,2024/03/14,川崎,晴,5.0,折鶴蘭賞(C2七),11,2.0,2,1.2,1.0,1,山崎誠士,56.0,ダ,1500.0,稍,100.6,-0.5,5-6-7-5,40.5,434.0,2.0,(ニューディヴァイド),100.0
2020102864,サングラデーション,2024/01/31,川崎,晴,6.0,C2五六七(C2六),14,7.0,12,2.7,2.0,2,山崎誠士,56.0,ダ,1500.0,良,98.0,0.3,4-3-3-3,39.7,432.0,4.0,シャイニングヒカリ,40.0
2020102864,サングラデーション,2024/01/05,川崎,晴,3.0,C2九十,12,2.0,2,6.6,3.0,2,山崎誠士,56.0,ダ,1400.0,良,92.6,0.2,7-7-6-4,40.1,428.0,16.0,シャイニングヒカリ,40.0
2020102864,サングラデーション,2023/10/28,4新潟5,曇,9.0,萬代橋特別(1勝クラス),12,7.0,10,26.2,7.0,11,佐々木大,55.0,芝,2400.0,重,153.1,1.8,4-3-2-2,37.7,412.0,-16.0,ビレッジイーグル,
2020102864,サングラデーション,2023/08/20,2札幌4,曇,4.0,3歳未勝利,14,2.0,2,3.3,2.0,8,モレイラ,56.0,芝,2600.0,稍,167.9,2.3,8-9-9-7,39.2,428.0,10.0,カナオールウェイズ,
2020102864,サングラデーション,2023/04/23,2東京2,晴,5.0,3歳未勝利,12,1.0,1,1.9,1.0,6,レーン,56.0,芝,2400.0,良,148.0,1.3,11-12-9-8,34.9,418.0,-2.0,ナイトインロンドン,
2020102864,サングラデーション,2023/02/18,1東京7,晴,5.0,3歳未勝利,18,2.0,4,2.5,1.0,3,モレイラ,56.0,芝,2400.0,良,146.5,0.3,8-7-5-5,35.5,420.0,2.0,ニシノレヴナント,140.0
2020102864,サングラデーション,2023/02/04,1東京3,晴,5.0,3歳未勝利,18,3.0,5,20.3,8.0,4,大野拓弥,56.0,芝,2400.0,良,146.6,0.7,18-16-17-17,34.4,418.0,0.0,サトノトルネード,83.0
2019103100,サルサロッサ,2026/05/23,1新潟7,晴,4.0,障害4歳以上OP,13,2.0,2,135.5,13.0,5,土田真翔,57.0,障,3290.0,稍,220.3,4.8,8-9-7-6,13.4,460.0,0.0,コレペティトール,143.0
2019103100,サルサロッサ,2026/05/02,1新潟1,晴,4.0,障害4歳以上OP,11,7.0,9,43.6,9.0,6,草野太郎,58.0,障,2890.0,重,193.3,0.8,1-1-1-1,13.4,460.0,6.0,パープルアドミラル,
2019103100,サルサロッサ,2026/02/14,1小倉7,曇,8.0,小倉ジャンプS(JGIII),13,6.0,8,201.8,13.0,11,五十嵐雄,58.0,障,3390.0,良,235.9,6.1,12-12-12-11,13.9,454.0,-2.0,サンデイビス,
2019103100,サルサロッサ,2026/01/31,1小倉3,晴,4.0,障害4歳以上OP,12,4.0,4,209.4,12.0,6,伴啓太,58.0,障,2860.0,良,191.6,2.0,5-5-6-6,13.4,456.0,4.0,ホークフィールド,
2019103100,サルサロッサ,2025/11/22,3福島5,晴,5.0,障害3歳以上OP,14,1.0,1,72.3,10.0,11,土田真翔,57.0,障,3380.0,良,226.7,2.6,11-10-9-9,13.4,452.0,-4.0,エンデュミオン,
2019103100,サルサロッサ,2025/10/25,3京都8,曇,4.0,障害3歳以上OP,8,2.0,2,55.7,7.0,5,伴啓太,58.0,障,3170.0,良,221.9,2.5,8-8-8-7,14.0,456.0,2.0,コパノニコルソン,143.0
2019103100,サルサロッサ,2025/09/13,4中山3,曇,4.0,清秋ジャンプS(OP),13,6.0,9,40.4,10.0,9,森一馬,57.0,障,3210.0,稍,224.0,2.7,7-7-8-8,14.0,454.0,-2.0,フェーレンベルク,
2019103100,サルサロッサ,2025/08/30,3新潟3,曇,1.0,障害3歳以上OP,13,7.0,11,13.3,5.0,中,井上敏樹,57.0,障,3250.0,良,,,,,456.0,-6.0,スズカハービン,
2019103100,サルサロッサ,2025/08/02,2新潟3,晴,9.0,障害3歳以上OP,9,3.0,3,3.1,2.0,8,伴啓太,58.0,障,2850.0,良,184.3,1.2,3-3-3-3,12.9,462.0,4.0,プラチナドリーム,
2019103100,サルサロッサ,2025/05/24,1新潟7,曇,1.0,障害4歳以上OP,14,8.0,13,23.0,7.0,2,井上敏樹,57.0,障,3290.0,良,221.1,0.3,1-1-1-1,13.4,458.0,-4.0,ヒートオンビート,570.0
2019103100,サルサロッサ,2025/05/03,1新潟1,晴,1.0,障害4歳以上未勝利,14,5.0,7,9.6,5.0,1,伴啓太,58.0,障,2890.0,良,188.9,0.0,3-3-2-2,13.1,462.0,10.0,(ホウオウエクレール),840.0
2019103100,サルサロッサ,2025/03/02,1小倉12,雨,4.0,障害4歳以上未勝利,11,5.0,5,11.0,4.0,7,伴啓太,58.0,障,2860.0,稍,200.8,4.4,7-6-7-7,14.0,452.0,-4.0,ミヤジシャルマン,
2019103100,サルサロッサ,2025/02/08,1小倉5,晴,4.0,障害4歳以上未勝利,10,6.0,6,4.7,3.0,4,伴啓太,58.0,障,2860.0,稍,195.5,2.3,4-4-6-3,13.7,456.0,-2.0,グルーヴビート,130.0
2019103100,サルサロッサ,2024/12/08,5中山4,晴,4.0,障害3歳以上未勝利,11,3.0,3,3.4,2.0,5,伴啓太,58.0,障,2880.0,良,198.9,1.1,5-5-7-6,13.8,458.0,16.0,ヤマタケアオイバラ,79.0
2019103100,サルサロッサ,2024/10/05,4新潟1,曇,4.0,障害3歳以上未勝利,11,8.0,10,3.1,2.0,2,伴啓太,58.0,障,2850.0,稍,185.8,1.2,2-2-1-1,13.0,442.0,-2.0,インプレス,320.0
2019103100,サルサロッサ,2024/08/17,3新潟3,晴,1.0,障害3歳以上未勝利,12,6.0,7,13.7,6.0,3,井上敏樹,58.0,障,2850.0,良,186.7,1.3,1-1-1-2,13.1,444.0,-8.0,シャンドゥレール,200.0
2019103100,サルサロッサ,2024/07/21,2福島8,晴,1.0,障害3歳以上未勝利,14,3.0,3,79.0,13.0,5,井上敏樹,58.0,障,2770.0,良,183.8,2.0,2-2-4-5,13.3,452.0,6.0,ジロー,79.0
2019103100,サルサロッサ,2024/02/24,2小倉5,晴,12.0,4歳以上1勝クラス,18,4.0,8,79.0,14.0,13,河原田菜,52.0,芝,1200.0,稍,70.1,0.8,13-12,35.1,446.0,-10.0,マテンロウボンド,
2019103100,サルサロッサ,2024/02/11,2小倉2,晴,7.0,4歳以上1勝クラス,13,8.0,12,84.2,11.0,12,角田大和,55.0,芝,1800.0,良,111.0,1.9,3-3-2-3,38.3,456.0,0.0,アストロフィライト,
2019103100,サルサロッサ,2024/01/28,1小倉6,曇,10.0,日田特別(1勝クラス),16,6.0,12,39.5,9.0,12,斎藤新,56.0,芝,1800.0,稍,110.8,0.9,2-2-2-2,37.0,456.0,10.0,ピンクジン,
2019103100,サルサロッサ,2023/11/18,3福島5,晴,9.0,高湯温泉特別(1勝クラス),16,2.0,4,31.2,10.0,11,吉田隼人,56.0,芝,1800.0,稍,111.6,2.4,4-4-7-9,39.4,446.0,0.0,テイデ,
2019103100,サルサロッサ,2023/11/12,3福島4,曇,8.0,3歳以上1勝クラス,11,3.0,3,19.7,8.0,4,河原田菜,52.0,芝,1800.0,良,110.4,0.7,4-3-4-4,37.1,446.0,0.0,ダイバリオン,120.0
2019103100,サルサロッサ,2023/11/04,3福島1,曇,9.0,土湯温泉特別(1勝クラス),16,3.0,5,43.4,9.0,12,原優介,56.0,芝,1800.0,良,109.2,1.2,6-5-6-4,37.3,446.0,-8.0,エクロール,
2019103100,サルサロッサ,2023/07/30,1札幌4,曇,7.0,3歳以上1勝クラス,13,1.0,1,32.7,7.0,11,角田大和,55.0,芝,1800.0,良,108.7,1.1,4-4-5-5,35.4,454.0,0.0,ココナッツブラウン,
2019103100,サルサロッサ,2023/07/22,1札幌1,晴,9.0,北辰特別(1勝クラス),9,1.0,1,24.0,6.0,6,鮫島克駿,56.0,芝,1800.0,良,107.9,0.5,4-3-3-2,34.7,454.0,-2.0,レイベリング,
2019103100,サルサロッサ,2023/07/02,2函館2,曇,8.0,3歳以上1勝クラス,13,8.0,12,17.9,5.0,11,鮫島克駿,56.0,芝,1800.0,良,110.7,1.3,6-6-6-6,36.0,456.0,-2.0,ミヤビ,
2019103100,サルサロッサ,2023/06/11,1函館2,曇,9.0,遊楽部特別(1勝クラス),16,4.0,8,13.7,6.0,8,鮫島克駿,56.0,芝,1800.0,良,108.3,0.5,3-4-5-4,35.8,458.0,0.0,アルジーヌ,
2019103100,サルサロッサ,2023/04/22,1福島5,晴,8.0,4歳以上1勝クラス,14,1.0,1,4.1,1.0,2,三浦皇成,56.0,芝,1800.0,良,108.6,0.1,4-4-4-3,35.5,458.0,-2.0,リュクスフレンド,320.0
2019103100,サルサロッサ,2023/04/15,1福島3,雨,8.0,4歳以上1勝クラス,16,4.0,7,3.2,1.0,6,菊沢一樹,56.0,芝,1800.0,稍,109.2,0.5,4-4-4-1,37.2,460.0,4.0,バレエマスター,
2019103100,サルサロッサ,2023/01/28,1小倉5,曇,9.0,日田特別(1勝クラス),14,6.0,9,10.6,7.0,2,団野大成,55.0,芝,1800.0,重,110.1,0.0,1-1-2-1,36.5,456.0,0.0,レヴォリオ,451.6
2019103100,サルサロッサ,2023/01/14,1小倉1,曇,8.0,4歳以上1勝クラス,16,3.0,6,22.4,11.0,2,団野大成,55.0,芝,1800.0,重,108.7,0.1,4-3-3-2,35.5,456.0,10.0,ジャスティンエース,320.0
2019103100,サルサロッサ,2022/11/12,3福島3,晴,9.0,二本松特別(1勝クラス),15,3.0,4,33.8,9.0,6,団野大成,53.0,芝,2000.0,良,121.2,0.5,3-3-4-3,37.2,446.0,0.0,サンデイビス,
2019103100,サルサロッサ,2022/11/06,3福島2,晴,9.0,高湯温泉特別(1勝クラス),15,5.0,9,34.1,11.0,9,武藤雅,53.0,芝,1800.0,良,109.6,0.7,3-3-4-4,36.7,446.0,6.0,シゲルローズマリー,
2019103100,サルサロッサ,2022/09/04,2札幌8,晴,7.0,3歳以上1勝クラス,14,5.0,8,10.1,7.0,12,角田大和,51.0,芝,1800.0,良,111.2,1.6,3-3-2-3,37.6,440.0,-4.0,ポッドヴァイン,
2019103100,サルサロッサ,2022/08/27,2札幌5,曇,7.0,3歳以上1勝クラス,14,5.0,7,6.3,2.0,4,松山弘平,52.0,芝,1800.0,良,109.8,1.4,2-2-1-2,37.7,444.0,-8.0,レッドランメルト,120.0
2019103100,サルサロッサ,2022/08/06,1札幌5,晴,9.0,北辰特別(1勝クラス),11,1.0,1,3.9,2.0,2,鮫島克駿,52.0,芝,1800.0,良,109.5,0.6,1-1-1-1,35.7,452.0,0.0,スカイフォール,439.0
2019103100,サルサロッサ,2022/07/23,1札幌1,曇,6.0,3歳未勝利,14,5.0,8,6.0,2.0,1,鮫島克駿,54.0,芝,1800.0,稍,110.2,-0.5,5-5-5-2,37.7,452.0,6.0,(チカレンヌ),520.0
2019103100,サルサロッサ,2022/06/12,1函館2,晴,6.0,3歳未勝利,12,8.0,13,16.9,5.0,6,斎藤新,54.0,芝,1800.0,良,109.0,0.8,3-3-2-2,36.2,446.0,-2.0,ファインバーグ,
2019103100,サルサロッサ,2022/05/21,1新潟5,曇,7.0,3歳未勝利,16,6.0,11,4.6,2.0,4,亀田温心,53.0,芝,2000.0,良,123.2,0.2,2-2-2-2,36.6,448.0,-2.0,リニュー,78.0
2019103100,サルサロッサ,2022/05/01,1福島6,曇,2.0,3歳未勝利,13,5.0,6,53.4,8.0,2,鮫島克駿,54.0,芝,1800.0,稍,110.6,0.5,3-3-2-2,36.0,450.0,2.0,アイキャンドウイッ,210.0
2019103100,サルサロッサ,2022/04/23,2東京1,晴,5.0,3歳未勝利,18,1.0,1,18.9,6.0,12,藤岡佑介,54.0,芝,1600.0,良,95.2,1.7,1-1,37.0,448.0,-6.0,シュヴェルトライテ,
2019103100,サルサロッサ,2022/03/13,2中山6,晴,5.0,3歳未勝利,17,8.0,16,73.2,8.0,8,横山和生,54.0,芝,2000.0,良,122.0,1.5,1-1-1-1,37.2,454.0,-2.0,タシット,
2019103100,サルサロッサ,2022/02/26,2中山1,晴,6.0,3歳未勝利,18,5.0,10,189.8,13.0,6,三浦皇成,54.0,芝,2000.0,良,122.6,1.5,3-3-2-1,38.2,456.0,-6.0,アレグロモデラート,
2019103100,サルサロッサ,2022/01/16,1小倉2,小雨,1.0,3歳未勝利,9,8.0,9,22.3,6.0,9,亀田温心,53.0,ダ,1700.0,良,115.9,7.6,6-8-9-9,46.1,462.0,10.0,グランブリッジ,
2019103100,サルサロッサ,2021/11/20,2福島5,晴,3.0,2歳未勝利,16,7.0,13,58.0,9.0,13,木幡巧也,54.0,芝,1800.0,良,110.9,1.3,3-3-2-5,37.5,452.0,0.0,ウインバグース,
2019103100,サルサロッサ,2021/11/07,2福島2,晴,6.0,2歳未勝利,16,3.0,5,29.0,8.0,5,木幡巧也,54.0,芝,1800.0,良,110.2,0.3,4-6-5-3,36.3,452.0,4.0,ウインマイルート,51.0
2019103100,サルサロッサ,2021/10/16,4東京3,小雨,5.0,2歳新馬,18,5.0,9,160.6,12.0,4,武藤雅,54.0,芝,1800.0,良,111.3,1.2,2-2-2,35.3,448.0,0.0,ライラック,110.0
2020104328,パープルアドミラル,2026/05/23,1新潟7,晴,4.0,障害4歳以上OP,13,8.0,12,28.5,5.0,4,金子光希,61.0,障,3290.0,稍,217.9,2.4,8-7-6-5,13.2,452.0,2.0,コレペティトール,210.0
2020104328,パープルアドミラル,2026/05/02,1新潟1,晴,4.0,障害4歳以上OP,11,2.0,2,88.0,11.0,1,金子光希,60.0,障,2890.0,重,192.5,-0.1,9-10-6-4,13.3,450.0,-2.0,(ハイウェイスター),1430.0
2020104328,パープルアドミラル,2026/04/11,3中山5,晴,4.0,障害4歳以上OP,14,1.0,1,61.8,11.0,11,金子光希,60.0,障,3200.0,稍,224.4,5.2,12-12-12-11,14.0,452.0,0.0,メイショウソムリエ,
2020104328,パープルアドミラル,2026/02/21,1小倉9,晴,5.0,障害4歳以上OP,12,5.0,5,124.6,12.0,4,金子光希,60.0,障,3390.0,良,233.5,1.2,5-5-4-4,13.8,452.0,12.0,スズカハービン,210.0
2020104328,パープルアドミラル,2025/11/22,3福島5,晴,5.0,障害3歳以上OP,14,6.0,10,58.1,9.0,10,金子光希,60.0,障,3380.0,良,226.0,1.9,13-13-10-11,13.4,440.0,-6.0,エンデュミオン,
2020104328,パープルアドミラル,2025/10/04,4東京1,曇,4.0,障害3歳以上OP,11,4.0,4,16.0,5.0,11,大江原圭,60.0,障,3100.0,良,216.6,6.2,11-11-11-11,14.0,446.0,8.0,ジオフロント,
2020104328,パープルアドミラル,2025/08/23,4中京1,晴,1.0,障害3歳以上OP,6,1.0,1,26.8,5.0,2,金子光希,60.0,障,3330.0,良,219.3,1.6,4-4-3-3,13.2,438.0,-6.0,ヘザルフェン,570.0
2020104328,パープルアドミラル,2025/07/19,2福島7,曇,1.0,障害3歳以上OP,8,6.0,6,14.9,5.0,4,上野翔,60.0,障,3380.0,良,230.2,1.2,8-8-7-7,13.6,444.0,0.0,シホノスペランツァ,210.0
2020104328,パープルアドミラル,2025/05/10,1新潟3,曇,4.0,障害4歳以上OP,11,1.0,1,125.4,11.0,4,上野翔,60.0,障,2890.0,稍,193.1,1.8,9-9-7-6,13.4,444.0,4.0,ブリエヴェール,210.0
2020104328,パープルアドミラル,2025/03/29,2阪神1,晴,8.0,三木ホースランドJS(OP),10,8.0,10,118.9,10.0,9,上野翔,60.0,障,3140.0,良,228.1,13.5,9-10-9-9,14.5,440.0,-10.0,レッドバロッサ,
2020104328,パープルアドミラル,2025/02/22,1小倉9,晴,4.0,障害4歳以上OP,13,4.0,6,110.2,12.0,12,金子光希,60.0,障,3390.0,良,235.4,7.1,11-11-11-12,13.9,450.0,6.0,アンクルブラック,
2020104328,パープルアドミラル,2024/11/17,3福島6,晴,4.0,障害3歳以上未勝利,14,7.0,12,27.2,7.0,1,上野翔,60.0,障,2770.0,良,183.2,0.0,3-3-2-1,13.2,444.0,-2.0,(ジオフロント),790.0
2020104328,パープルアドミラル,2024/10/12,4新潟3,晴,4.0,障害3歳以上未勝利,10,4.0,4,7.3,4.0,4,金子光希,60.0,障,2850.0,良,190.2,3.4,5-6-6-6,13.3,446.0,6.0,ローディアマント,120.0
2020104328,パープルアドミラル,2024/09/22,3中京7,曇,1.0,障害3歳以上未勝利,13,7.0,11,54.3,10.0,5,金子光希,60.0,障,3000.0,良,202.9,1.6,3-5-4-4,13.5,440.0,0.0,タイセイスラッガー,79.0
2020104328,パープルアドミラル,2024/08/31,3新潟7,曇,1.0,障害3歳以上未勝利,10,7.0,8,128.8,10.0,5,中村将之,60.0,障,2850.0,良,191.8,5.9,7-7-7-6,13.5,440.0,2.0,トランシルヴァニア,79.0
2020104328,パープルアドミラル,2024/05/12,2東京8,曇,8.0,4歳以上1勝クラス,9,2.0,2,208.4,8.0,9,長浜鴻緒,55.0,芝,1800.0,良,110.3,4.1,7-9-9,36.1,438.0,6.0,イルチルコ,
2020104328,パープルアドミラル,2024/04/14,1福島4,晴,4.0,障害4歳以上未勝利,11,7.0,9,164.3,11.0,10,中村将之,59.0,障,2750.0,良,187.7,6.0,10-9-10-10,13.7,432.0,-4.0,レッドバロッサ,
2020104328,パープルアドミラル,2024/03/31,3中山4,晴,4.0,障害4歳以上未勝利,11,7.0,9,194.9,10.0,9,上野翔,59.0,障,2880.0,良,209.4,15.0,10-10-10-9,14.5,436.0,-2.0,ブラビオ,
2020104328,パープルアドミラル,2023/08/20,2札幌4,曇,4.0,3歳未勝利,14,4.0,6,104.1,12.0,9,松本大輝,55.0,芝,2600.0,稍,168.0,2.4,12-13-11-9,39.0,438.0,-4.0,カナオールウェイズ,
2020104328,パープルアドミラル,2023/08/13,2札幌2,晴,2.0,3歳未勝利,11,6.0,7,23.4,8.0,3,松本大輝,55.0,ダ,2400.0,良,158.9,0.6,3-3-2-2,39.1,442.0,-4.0,スペシャリスト,140.0
2020104328,パープルアドミラル,2023/07/02,2函館2,小雨,4.0,3歳未勝利,11,5.0,5,83.3,9.0,6,横山琉人,55.0,ダ,1700.0,稍,108.0,1.7,9-9-7-8,38.7,446.0,4.0,サトノウェーブ,
2020104328,パープルアドミラル,2023/06/24,1函館5,曇,4.0,3歳未勝利,11,5.0,5,23.9,8.0,6,横山琉人,55.0,ダ,2400.0,不,155.5,1.8,7-7-5-5,37.8,442.0,0.0,コルデアニル,
2020104328,パープルアドミラル,2023/04/30,1新潟2,小雨,3.0,3歳未勝利,15,3.0,4,134.0,11.0,8,横山琉人,55.0,ダ,1800.0,重,114.5,2.1,13-13-12-12,39.1,442.0,2.0,ヤマニンエンディマ,
2020104328,パープルアドミラル,2023/04/08,1福島1,曇,3.0,3歳未勝利,15,4.0,6,43.9,8.0,6,横山琉人,55.0,ダ,1700.0,良,109.7,2.3,13-12-12-11,39.2,440.0,0.0,ビービーグラーテス,
2020104328,パープルアドミラル,2023/03/19,1阪神12,晴,3.0,3歳未勝利,9,6.0,6,87.2,6.0,5,横山琉人,54.0,ダ,1800.0,重,114.9,1.9,8-8-8-8,38.5,440.0,2.0,アンクルブラック,55.0
2020104328,パープルアドミラル,2023/03/04,2中山3,晴,3.0,3歳未勝利,16,2.0,4,78.1,10.0,9,横山和生,56.0,ダ,1800.0,良,118.3,2.9,4-4-7-10,40.1,438.0,-2.0,ゴールドバランサー,
2020104328,パープルアドミラル,2023/01/29,1東京2,晴,2.0,3歳未勝利,16,5.0,9,84.7,10.0,13,横山和生,56.0,ダ,2100.0,良,137.9,2.6,12-13-14-11,38.7,440.0,-14.0,メイテソーロ,
2020104328,パープルアドミラル,2022/12/10,5中山3,晴,6.0,2歳新馬,15,8.0,15,75.2,11.0,6,横山和生,55.0,ダ,1800.0,稍,118.7,2.6,13-13-12-10,39.4,454.0,0.0,ショウナンライシン,
2021105654,ダノンロッキー,2026/05/16,3京都7,晴,8.0,京都ハイジャンプ(JGII),6,1.0,1,6.5,3.0,6,五十嵐雄,60.0,障,3930.0,良,286.3,12.7,4-4-6-6,14.6,494.0,-4.0,シホノスペランツァ,
2021105654,ダノンロッキー,2026/02/21,1小倉9,晴,5.0,障害4歳以上OP,12,6.0,7,3.6,2.0,2,五十嵐雄,60.0,障,3390.0,良,232.4,0.1,3-3-3-2,13.7,498.0,-2.0,スズカハービン,570.0
2021105654,ダノンロッキー,2025/12/21,5中山6,曇,4.0,障害3歳以上未勝利,14,7.0,12,3.8,1.0,1,五十嵐雄,60.0,障,2880.0,重,196.2,-1.8,3-2-2-1,13.6,500.0,0.0,(ロードヴァレンチ),840.0
2021105654,ダノンロッキー,2025/10/26,4東京9,小雨,4.0,障害3歳以上未勝利,14,2.0,2,5.8,4.0,2,五十嵐雄,60.0,障,3000.0,稍,203.6,0.5,2-3-3-2,13.6,500.0,4.0,キングサーガ,340.0
2021105654,ダノンロッキー,2025/08/02,2新潟3,晴,1.0,障害3歳以上未勝利,14,3.0,4,20.7,6.0,6,大江原圭,60.0,障,2850.0,良,185.9,3.1,8-8-9-8,13.0,496.0,-4.0,ロードプレイヤー,
2021105654,ダノンロッキー,2025/05/10,1新潟3,曇,10.0,荒川峡特別(1勝クラス),15,2.0,3,30.5,10.0,12,佐々木大,58.0,芝,2200.0,稍,137.0,1.7,11-9-10-10,38.1,500.0,6.0,マイネルシーマー,
2021105654,ダノンロッキー,2025/02/23,1京都8,曇,7.0,4歳以上1勝クラス,10,8.0,10,11.9,5.0,7,岩田康誠,57.0,芝,2400.0,良,149.2,1.4,4-4-3-3,35.9,494.0,-2.0,アメジストブラック,
2021105654,ダノンロッキー,2024/08/24,2札幌5,曇,4.0,3歳未勝利,14,4.0,5,5.4,4.0,7,川田将雅,57.0,ダ,1700.0,良,109.3,2.2,12-11-7-6,40.5,496.0,2.0,アイウィル,
2021105654,ダノンロッキー,2024/07/28,1札幌4,曇,4.0,3歳未勝利,15,5.0,9,3.0,1.0,11,横山武史,57.0,芝,2000.0,重,123.3,1.3,11-11-8-8,36.2,494.0,2.0,フォルテフィオーレ,
2021105654,ダノンロッキー,2024/07/06,1函館9,曇,6.0,3歳未勝利,12,3.0,3,1.9,1.0,3,横山武史,57.0,芝,2600.0,良,165.8,0.8,11-11-11-8,36.0,492.0,-4.0,ミスガリレオアスク,140.0
2021105654,ダノンロッキー,2024/06/09,3東京4,曇,4.0,3歳未勝利,15,5.0,8,2.9,1.0,2,戸崎圭太,57.0,芝,2400.0,良,147.6,0.1,7-8-4-3,34.7,496.0,2.0,ズイウンゴサイ,220.0
2021105654,ダノンロッキー,2023/10/07,4東京1,晴,5.0,2歳新馬,11,6.0,6,5.9,2.0,5,戸崎圭太,56.0,芝,1800.0,良,109.6,0.7,11-11-11,33.8,494.0,0.0,タリフライン,72.0
2022103181,モンツァフレイバー,2026/05/30,2東京11,晴,4.0,障害4歳以上未勝利,13,8.0,13,2.9,1.0,1,草野太郎,59.0,障,3000.0,良,205.0,-0.5,1-1-1-1,13.7,460.0,2.0,(キュピドン),840.0
2022103181,モンツァフレイバー,2026/04/04,3中山3,雨,4.0,障害4歳以上未勝利,14,7.0,11,13.6,5.0,3,草野太郎,59.0,障,2880.0,良,198.6,0.2,3-4-3-3,13.8,458.0,-4.0,ミレニアムヒロイン,210.0
2022103181,モンツァフレイバー,2026/03/08,2中山4,晴,4.0,障害4歳以上未勝利,14,4.0,6,103.0,11.0,3,草野太郎,59.0,障,2880.0,良,199.3,0.5,6-6-5-3,13.8,462.0,-4.0,バルサムノート,210.0
2022103181,モンツァフレイバー,2026/01/31,1小倉3,晴,5.0,障害4歳以上未勝利,10,5.0,5,31.9,9.0,6,草野太郎,59.0,障,2860.0,良,195.8,3.7,9-9-9-8,13.7,466.0,2.0,レッドラマンシュ,
2022103181,モンツァフレイバー,2025/11/22,3福島5,晴,4.0,障害3歳以上未勝利,14,7.0,11,71.1,12.0,9,草野太郎,58.0,障,2770.0,良,187.8,6.3,10-10-9-9,13.6,464.0,4.0,マルベリーシチー,
2022103181,モンツァフレイバー,2025/08/10,1札幌6,曇,6.0,3歳未勝利,14,6.0,10,16.9,7.0,9,横山和生,57.0,芝,2600.0,良,164.7,1.7,2-3-5-7,38.3,460.0,10.0,アスクデッドヒート,
2022103181,モンツァフレイバー,2025/06/29,2福島2,晴,2.0,3歳未勝利,16,4.0,7,304.5,16.0,6,野中悠太,57.0,芝,2600.0,良,161.0,0.4,9-9-12-9,36.0,450.0,-4.0,ラーシャローム,
2022103181,モンツァフレイバー,2025/05/10,2東京5,小雨,4.0,3歳未勝利,8,2.0,2,153.6,8.0,7,木幡巧也,57.0,芝,2400.0,稍,150.0,1.7,8-8-8-8,35.3,454.0,-2.0,イリュストル,
2022103181,モンツァフレイバー,2025/04/20,1福島4,曇,6.0,3歳未勝利,15,7.0,13,72.7,12.0,10,永島まな,55.0,ダ,1700.0,良,111.0,2.4,11-11-12-14,41.9,456.0,-4.0,ブルーカミング,
2022103181,モンツァフレイバー,2025/02/16,1東京6,晴,5.0,3歳未勝利,16,2.0,3,219.9,15.0,12,内田博幸,57.0,芝,1800.0,良,108.4,1.9,7-8-9,35.6,460.0,6.0,トレサフィール,
2022103181,モンツァフレイバー,2024/10/05,4新潟1,晴,6.0,2歳未勝利,12,6.0,7,14.7,6.0,10,長浜鴻緒,53.0,芝,1600.0,良,96.7,2.0,10-11,34.6,454.0,0.0,ネーブルオレンジ,
2022103181,モンツァフレイバー,2024/08/31,2札幌7,雨,5.0,2歳新馬,12,4.0,4,15.9,6.0,9,横山武史,55.0,芝,1500.0,重,95.5,1.5,7-8-8,37.6,454.0,0.0,ダイシンラー,
2021104112,ローンウルフ,2026/06/27,2福島1,晴,4.0,障害3歳以上OP,10,8.0,10,88.5,10.0,4,大江原圭,60.0,障,2750.0,稍,178.2,1.6,6-6-9-8,13.0,484.0,0.0,ミレニアムヒロイン,210.0
2021104112,ローンウルフ,2026/05/23,1新潟7,晴,10.0,尖閣湾特別(1勝クラス),15,7.0,13,236.0,15.0,13,遠藤汰月,58.0,芝,2000.0,稍,122.5,2.0,2-2,36.6,484.0,-6.0,マイネルアズーロ,
2021104112,ローンウルフ,2026/05/09,1新潟3,晴,4.0,障害4歳以上OP,11,4.0,4,116.3,11.0,8,大江原圭,60.0,障,2890.0,稍,194.1,3.2,3-3-6-8,13.4,490.0,-4.0,ルドヴィクス,
2021104112,ローンウルフ,2026/02/28,1小倉11,晴,5.0,障害4歳以上OP,12,1.0,1,112.9,12.0,中,石神深一,60.0,障,2860.0,稍,,,12-12,,494.0,-2.0,クラップサンダー,
2021104112,ローンウルフ,2025/11/22,3福島5,晴,5.0,障害3歳以上OP,14,6.0,9,88.0,12.0,12,大江原圭,60.0,障,3380.0,良,227.8,3.7,8-10-12-12,13.5,496.0,6.0,エンデュミオン,
2021104112,ローンウルフ,2025/11/09,3福島2,曇,4.0,障害3歳以上未勝利,10,2.0,2,5.6,3.0,1,大江原圭,60.0,障,2750.0,良,183.3,-0.3,1-1-1-1,13.3,490.0,14.0,(マグナレガリア),840.0
2021104112,ローンウルフ,2025/08/17,2新潟8,晴,1.0,障害3歳以上未勝利,13,1.0,1,13.1,6.0,6,大江原圭,60.0,障,2850.0,良,189.2,1.3,2-2-1-2,13.3,476.0,-2.0,アルデドゥオーモ,
2021104112,ローンウルフ,2025/07/20,2福島8,晴,1.0,障害3歳以上未勝利,14,7.0,12,28.1,8.0,4,大江原圭,60.0,障,2770.0,良,187.1,0.7,3-2-4-4,13.5,478.0,-4.0,マイネルメサイア,130.0
2021104112,ローンウルフ,2025/05/18,1新潟6,曇,4.0,障害4歳以上未勝利,13,6.0,9,27.8,7.0,9,五十嵐雄,59.0,障,2890.0,稍,196.8,3.9,5-7-9-9,13.6,482.0,-16.0,フレッチア,
2021104112,ローンウルフ,2025/03/30,2阪神2,晴,4.0,障害4歳以上未勝利,14,6.0,9,107.4,12.0,11,五十嵐雄,59.0,障,2970.0,良,210.7,4.7,2-2-8-9,14.2,498.0,40.0,ザスリーサーティ,
2021104112,ローンウルフ,2024/08/31,3新潟7,小雨,7.0,3歳未勝利,18,8.0,17,54.6,8.0,8,小崎綾也,57.0,芝,1800.0,良,108.9,2.1,4-4,36.2,458.0,-2.0,フォティーゾ,
2021104112,ローンウルフ,2024/06/30,2福島2,曇,7.0,3歳未勝利,16,4.0,8,9.7,5.0,12,木幡巧也,57.0,芝,2000.0,良,121.2,3.1,1-2-2-2,39.3,460.0,-14.0,クラッチプレイヤー,
2021104112,ローンウルフ,2024/06/01,3東京1,晴,3.0,3歳未勝利,16,5.0,10,5.3,2.0,9,佐々木大,57.0,ダ,1600.0,重,98.7,1.9,1-1,38.7,474.0,4.0,フォローウィンド,
2021104112,ローンウルフ,2024/05/11,1新潟5,晴,2.0,3歳未勝利,15,6.0,11,16.7,5.0,4,佐々木大,56.0,ダ,1800.0,良,115.0,0.5,1-1-1-1,39.5,470.0,-8.0,ホレーショ,83.0
2021104112,ローンウルフ,2024/04/06,3中山5,曇,3.0,3歳未勝利,12,7.0,9,6.2,3.0,6,森泰斗,57.0,ダ,1800.0,稍,116.0,1.2,2-2-2-3,40.2,478.0,2.0,プルナチャンドラ,
2021104112,ローンウルフ,2024/03/16,2中山7,晴,4.0,3歳未勝利,16,5.0,9,8.0,4.0,6,木幡巧也,57.0,芝,1800.0,良,110.3,0.7,1-1-1-1,36.6,476.0,0.0,タッチアンドムーブ,
2021104112,ローンウルフ,2024/01/07,1中山2,曇,5.0,3歳未勝利,16,6.0,11,5.4,4.0,6,木幡巧也,57.0,芝,1600.0,良,93.9,0.5,2-2-1,36.7,476.0,-4.0,シャインズオンユー,
2021104112,ローンウルフ,2023/12/10,5中山4,晴,6.0,2歳未勝利,18,8.0,17,17.4,6.0,4,木幡巧也,56.0,芝,2000.0,良,121.8,1.1,4-3-2-2,36.9,480.0,8.0,エコロレイズ,83.0
2021104112,ローンウルフ,2023/11/18,3福島5,晴,7.0,2歳未勝利,16,3.0,6,2.8,1.0,8,永島まな,53.0,芝,1800.0,稍,111.4,1.0,1-1-1-1,39.4,472.0,2.0,オリーボーレン,
2021104112,ローンウルフ,2023/11/04,3福島1,晴,2.0,2歳未勝利,13,5.0,7,2.0,1.0,3,永島まな,53.0,芝,1800.0,良,110.3,0.5,3-3-2-2,35.8,470.0,4.0,マイネルヴォルムス,140.0
2021104112,ローンウルフ,2023/10/15,4新潟2,小雨,3.0,2歳未勝利,11,8.0,10,3.5,2.0,4,丹内祐次,56.0,芝,2000.0,良,122.8,0.4,1-1-1-1,36.6,466.0,6.0,ガルデルクラージュ,83.0
2021104112,ローンウルフ,2023/09/03,3新潟8,晴,2.0,2歳未勝利,13,1.0,1,9.2,3.0,2,木幡巧也,55.0,芝,2000.0,良,121.5,0.1,1-1-1-1,36.5,460.0,4.0,ウインアクトゥール,220.0
2021104112,ローンウルフ,2023/08/12,3新潟1,曇,2.0,2歳未勝利,10,1.0,1,24.8,2.0,2,木幡巧也,55.0,芝,1800.0,良,107.9,1.0,1-1,34.2,456.0,2.0,チェルヴィニア,220.0
2021104112,ローンウルフ,2023/07/22,2福島7,晴,2.0,2歳未勝利,7,2.0,2,9.0,3.0,3,木幡巧也,55.0,芝,1800.0,良,111.7,0.2,2-2-2-2,35.5,454.0,0.0,ティンク,140.0
2021104112,ローンウルフ,2023/07/08,2福島3,曇,5.0,2歳新馬,12,5.0,6,19.9,5.0,3,木幡巧也,55.0,芝,1800.0,良,112.2,0.9,5-5-5-4,35.9,454.0,0.0,エコロヴァルツ,180.0
2018110131,アメリカンピース,2026/06/27,2福島1,晴,4.0,障害3歳以上OP,10,8.0,9,58.2,9.0,5,小坂忠士,60.0,障,2750.0,稍,178.3,1.7,4-4-8-6,13.0,460.0,-2.0,ミレニアムヒロイン,143.0
2018110131,アメリカンピース,2026/05/02,1新潟1,晴,4.0,障害4歳以上OP,11,4.0,4,17.2,7.0,9,小坂忠士,60.0,障,2890.0,重,194.0,1.5,7-5-6-6,13.4,462.0,10.0,パープルアドミラル,
2018110131,アメリカンピース,2026/03/07,2中山3,晴,4.0,障害4歳以上OP,14,8.0,13,101.8,11.0,11,黒岩悠,60.0,障,3200.0,重,227.1,5.9,11-10-9-10,14.2,452.0,2.0,プラチナドリーム,
2018110131,アメリカンピース,2025/12/20,5阪神5,晴,4.0,障害3歳以上OP,14,1.0,1,39.2,12.0,3,小坂忠士,60.0,障,3110.0,良,214.3,0.8,2-2-3-3,13.8,450.0,-2.0,テイエムマジック,360.0
2018110131,アメリカンピース,2025/11/22,3福島5,晴,5.0,障害3歳以上OP,14,8.0,14,20.0,7.0,6,森一馬,60.0,障,3380.0,良,225.8,1.7,2-2-3-4,13.4,452.0,-8.0,エンデュミオン,
2018110131,アメリカンピース,2025/08/24,4中京2,晴,1.0,障害3歳以上未勝利,11,1.0,1,5.3,2.0,1,小坂忠士,60.0,障,3000.0,良,198.7,-0.5,1-1-1-2,13.2,460.0,2.0,(テトラード),840.0
2018110131,アメリカンピース,2025/08/02,2新潟3,晴,1.0,障害3歳以上未勝利,14,6.0,9,5.5,3.0,4,小坂忠士,60.0,障,2850.0,良,184.5,1.7,5-6-4-4,12.9,458.0,2.0,ロードプレイヤー,130.0
2018110131,アメリカンピース,2025/05/10,1新潟3,曇,1.0,障害4歳以上未勝利,14,7.0,11,5.2,2.0,3,小坂忠士,60.0,障,2890.0,稍,192.2,0.8,3-3-2-2,13.3,456.0,-4.0,コスモチプリア,210.0
2018110131,アメリカンピース,2025/04/20,2阪神8,曇,4.0,障害4歳以上未勝利,14,3.0,3,7.9,5.0,4,小坂忠士,60.0,障,2970.0,良,205.2,0.6,1-1-1-1,13.8,460.0,2.0,テイエムマジック,130.0
2018110131,アメリカンピース,2025/03/30,2阪神2,晴,4.0,障害4歳以上未勝利,14,7.0,12,1.9,1.0,5,小牧加矢,60.0,障,2970.0,良,207.5,1.5,2-2-2-4,14.0,458.0,0.0,ザスリーサーティ,84.0
2018110131,アメリカンピース,2025/02/01,1小倉3,小雨,4.0,障害4歳以上未勝利,12,7.0,9,1.5,1.0,3,小牧加矢,60.0,障,2860.0,良,190.6,0.6,2-2-1-1,13.3,458.0,-2.0,ラエール,210.0
2018110131,アメリカンピース,2025/01/12,1中京4,曇,4.0,障害4歳以上未勝利,12,8.0,12,1.6,1.0,2,小牧加矢,60.0,障,3000.0,良,202.7,0.0,1-1-1-1,13.5,460.0,8.0,メイショウコホク,340.0
2018110131,アメリカンピース,2024/12/22,7京都8,曇,5.0,障害3歳以上未勝利,14,1.0,1,2.7,1.0,2,小坂忠士,60.0,障,2910.0,良,200.3,1.5,3-3-2-2,13.8,452.0,-6.0,マテンロウジョイ,320.0
2018110131,アメリカンピース,2024/08/11,3新潟2,曇,1.0,障害3歳以上未勝利,11,3.0,3,2.9,2.0,2,小坂忠士,60.0,障,2850.0,良,185.2,0.0,2-2-2-2,13.0,458.0,-2.0,ヴァトレニ,320.0
2018110131,アメリカンピース,2024/07/06,3小倉3,晴,1.0,障害3歳以上未勝利,9,7.0,7,8.2,3.0,2,小坂忠士,60.0,障,2860.0,良,192.2,0.7,3-4-3-2,13.4,460.0,0.0,オオキニ,320.0
2018110131,アメリカンピース,2024/06/09,4京都4,曇,1.0,障害3歳以上未勝利,10,4.0,4,20.1,6.0,3,小坂忠士,60.0,障,2910.0,稍,198.0,1.3,3-3-4-4,13.6,460.0,0.0,スマイルスルー,200.0
2018110131,アメリカンピース,2024/05/18,1新潟7,晴,4.0,障害4歳以上未勝利,13,2.0,2,11.1,4.0,4,水沼元輝,57.0,障,2890.0,良,192.4,1.4,6-7-8-5,13.3,460.0,4.0,ゴールドルパン,120.0
2018110131,アメリカンピース,2024/04/20,1福島5,晴,4.0,障害4歳以上未勝利,14,5.0,8,71.8,11.0,3,水沼元輝,57.0,障,2770.0,良,183.3,0.6,5-4-6-3,13.2,456.0,-2.0,メイショウキョウジ,200.0
2018110131,アメリカンピース,2024/03/02,2小倉7,晴,5.0,障害4歳以上未勝利,11,5.0,5,36.1,7.0,8,小牧加矢,60.0,障,2860.0,稍,195.7,4.4,6-5-7-7,13.7,458.0,4.0,サクセスエース,
2018110131,アメリカンピース,2024/01/07,1中山2,曇,4.0,障害4歳以上未勝利,14,6.0,10,85.8,9.0,8,水沼元輝,57.0,障,2880.0,良,194.9,2.0,2-4-2-1,13.5,454.0,-8.0,ビップランバン,
2018110131,アメリカンピース,2023/12/17,5中山6,晴,4.0,障害3歳以上未勝利,13,5.0,6,26.0,7.0,5,中村将之,60.0,障,2880.0,良,198.1,5.6,7-8-7-6,13.8,462.0,4.0,エンデュミオン,79.0
2018110131,アメリカンピース,2023/10/28,4新潟5,雨,1.0,障害3歳以上未勝利,14,6.0,9,238.3,12.0,6,中村将之,60.0,障,2850.0,稍,190.1,2.5,2-2-3-3,13.3,458.0,10.0,プンタアレナス,
2018110131,アメリカンピース,2023/09/17,4阪神4,晴,8.0,3歳以上1勝クラス,12,7.0,10,22.5,7.0,11,松若風馬,58.0,ダ,1800.0,良,122.0,7.6,4-3-5-11,46.5,448.0,-17.0,オラヴェリタス,
2018110131,アメリカンピース,2023/06/01,浦和,晴,9.0,マルチステッキ特別(B2B3),12,2.0,2,13.6,5.0,10,本田正重,57.0,ダ,1400.0,稍,91.7,2.9,2-2-4-7,41.7,465.0,7.0,グッドフェイス,
2018110131,アメリカンピース,2023/04/22,1京都1,晴,7.0,4歳以上1勝クラス,13,1.0,1,13.0,6.0,11,松田大作,58.0,ダ,1200.0,良,75.0,2.7,13-12,37.3,458.0,12.0,ルアル,
2018110131,アメリカンピース,2023/02/25,1阪神5,晴,8.0,4歳以上1勝クラス,16,3.0,5,19.5,8.0,16,荻野極,58.0,ダ,1400.0,稍,86.8,1.8,1-1,39.4,446.0,-20.0,ロードオルデン,
2018110131,アメリカンピース,2022/11/19,3福島5,晴,2.0,3歳以上1勝クラス,15,8.0,15,17.9,7.0,14,角田大和,56.0,ダ,1700.0,良,110.5,4.6,1-1-4-6,43.4,466.0,-4.0,トーセンマーク,
2018110131,アメリカンピース,2022/10/30,4新潟6,曇,7.0,3歳以上1勝クラス,13,7.0,11,16.5,8.0,8,富田暁,57.0,ダ,1800.0,稍,114.3,1.6,1-1-1-1,39.6,470.0,8.0,タケルジャック,
2018110131,アメリカンピース,2022/03/06,1阪神8,曇,6.0,4歳以上1勝クラス,8,2.0,2,3.2,1.0,8,松山弘平,57.0,ダ,1800.0,良,121.1,7.9,2-1-3-8,46.3,462.0,0.0,タイスケフェイス,
2018110131,アメリカンピース,2022/02/05,1中京11,晴,8.0,4歳以上1勝クラス,12,2.0,2,5.0,2.0,2,松山弘平,56.0,ダ,1800.0,良,114.9,0.2,1-1-1-1,39.8,462.0,0.0,クリノナイスガイ,310.0
2018110131,アメリカンピース,2022/01/09,1中京3,晴,7.0,4歳以上1勝クラス,14,6.0,9,3.5,2.0,7,松山弘平,56.0,ダ,1800.0,良,115.0,1.9,1-1-1-1,40.8,462.0,-4.0,ラズルダズル,
2018110131,アメリカンピース,2021/12/18,6中京5,晴,8.0,3歳以上1勝クラス,12,7.0,10,6.2,3.0,2,吉田隼人,56.0,ダ,1800.0,重,111.1,0.5,1-1-1-1,38.1,466.0,-2.0,メイショウミカワ,300.0
2018110131,アメリカンピース,2021/07/04,3小倉2,曇,8.0,3歳以上1勝クラス,16,6.0,12,5.5,3.0,8,福永祐一,54.0,ダ,1700.0,良,106.4,0.5,1-1-1-1,39.5,468.0,20.0,ファンキーゴールド,
2018110131,アメリカンピース,2021/04/03,2阪神3,曇,5.0,3歳1勝クラス,16,2.0,4,5.0,3.0,15,松若風馬,56.0,ダ,1800.0,良,116.3,3.1,2-2-2-2,41.8,448.0,-4.0,ワイズマンハート,
2018110131,アメリカンピース,2021/03/14,2中京2,晴,6.0,3歳1勝クラス,11,8.0,11,9.6,4.0,2,松山弘平,56.0,ダ,1800.0,不,111.2,0.1,1-1-1-1,37.2,452.0,-6.0,ピースマッチング,290.0
2018110131,アメリカンピース,2021/01/09,1中京2,晴,7.0,3歳1勝クラス,13,7.0,10,3.9,2.0,11,岩田望来,56.0,ダ,1800.0,良,116.7,2.5,3-2-2-2,41.7,458.0,-2.0,ハンディーズピーク,
2018110131,アメリカンピース,2020/12/12,6阪神3,晴,2.0,2歳未勝利,12,8.0,11,1.2,1.0,1,福永祐一,55.0,ダ,1800.0,良,114.3,-0.2,1-1-1-1,38.2,460.0,4.0,(ゴールドハイアー),510.0
2018110131,アメリカンピース,2020/10/04,2中京9,曇,2.0,2歳未勝利,16,5.0,10,3.7,1.0,2,岩田望来,54.0,ダ,1800.0,良,113.8,0.3,2-2-2-2,38.4,456.0,-4.0,ロードシュトローム,200.0
2018110131,アメリカンピース,2020/09/13,4中山2,曇,5.0,2歳新馬,16,6.0,11,4.8,2.0,5,戸崎圭太,54.0,芝,1600.0,良,98.4,0.7,2-2-2,36.2,460.0,0.0,アヴァノス,70.0
2023106183,シェリーシュシュ,2026/06/13,3東京3,晴,2.0,3歳未勝利,18,7.0,15,22.7,7.0,10,津村明秀,55.0,芝,2400.0,稍,147.0,0.8,12-14-11-11,34.9,454.0,4.0,ウインターブレス,
2023106183,シェリーシュシュ,2026/05/16,2東京7,晴,4.0,3歳未勝利,13,8.0,13,8.7,4.0,7,佐々木大,55.0,芝,2000.0,良,120.6,0.3,7-6-6,34.0,450.0,-4.0,カンティーナ,
2023106183,シェリーシュシュ,2026/02/21,1東京7,晴,5.0,3歳未勝利,14,7.0,12,15.9,5.0,8,丸田恭介,55.0,芝,2400.0,良,147.8,1.0,7-7-6-8,35.3,454.0,4.0,ゴールデンパゴーダ,
2023106183,シェリーシュシュ,2026/01/31,1東京1,晴,5.0,3歳新馬,16,3.0,6,25.5,8.0,4,丸田恭介,55.0,芝,1800.0,良,108.9,0.7,11-12-12,33.4,450.0,0.0,リッツパーティー,98.0
2023106389,ミウ,2026/06/20,3東京5,雨,7.0,3歳未勝利,16,2.0,4,85.1,12.0,11,木幡巧也,55.0,ダ,1400.0,不,86.1,2.4,7-4,38.7,466.0,4.0,アンジェラス,
2023106389,ミウ,2026/04/11,3中山5,晴,6.0,3歳未勝利,18,2.0,3,72.3,12.0,18,西村太一,55.0,芝,2000.0,良,124.9,3.4,5-4-5-11,39.2,462.0,0.0,ピエスユニーク,
2023103052,ベアエクスプレス,2026/07/11,2福島5,曇,2.0,3歳未勝利,15,6.0,10,103.4,11.0,6,松岡正海,55.0,ダ,1700.0,良,107.4,1.7,9-8-8-8,38.4,476.0,-6.0,サイモンセレーノ,
2023103052,ベアエクスプレス,2026/05/31,2東京12,曇,1.0,3歳未勝利,16,1.0,1,434.0,15.0,10,松岡正海,55.0,ダ,1600.0,良,100.7,1.7,13-13,38.2,482.0,-2.0,エフハリスト,
2023103052,ベアエクスプレス,2026/05/09,2東京5,晴,3.0,3歳未勝利,16,4.0,8,301.7,12.0,13,黛弘人,55.0,ダ,1600.0,良,101.8,3.3,15-15,38.3,484.0,0.0,アンシュウマト,
2023101731,マイトリックスター,2026/07/19,2福島8,晴,7.0,3歳未勝利,15,7.0,12,167.0,11.0,12,石田拓郎,52.0,ダ,1700.0,良,110.0,3.6,10-11-11-11,40.2,430.0,-6.0,チェイサー,
2023101731,マイトリックスター,2026/07/05,2福島4,晴,1.0,3歳未勝利,15,7.0,12,54.9,10.0,6,原優介,55.0,ダ,1700.0,良,109.3,2.0,15-15-13-13,38.7,436.0,6.0,オウケンハニー,
2023101731,マイトリックスター,2026/04/11,3中山5,晴,1.0,3歳未勝利,16,5.0,9,107.6,11.0,9,岩田康誠,55.0,ダ,1800.0,重,116.8,3.5,16-16-15-14,39.7,430.0,-2.0,アスコットヴェール,
2023101731,マイトリックスター,2026/02/15,1小倉8,曇,1.0,3歳未勝利,16,8.0,16,158.9,12.0,14,菊沢一樹,55.0,ダ,1700.0,稍,110.2,3.6,16-16-14-14,40.3,432.0,0.0,サムシングニュー,
2023101731,マイトリックスター,2026/02/07,1小倉5,小雨,1.0,3歳未勝利,16,1.0,1,47.9,11.0,7,大久保友,52.0,ダ,1700.0,良,109.4,1.1,8-8-15-10,39.2,432.0,-12.0,ミティリーニ,
2023101731,マイトリックスター,2026/01/12,1中山5,晴,5.0,3歳新馬,16,4.0,7,9.0,5.0,8,石神深道,52.0,ダ,1200.0,良,75.3,1.4,11-11,38.0,444.0,0.0,スローモーション,
2023101733,ナツミカンチャン,2026/06/27,2福島1,晴,2.0,3歳未勝利,15,6.0,11,25.2,7.0,9,石川裕紀,55.0,ダ,1700.0,稍,108.5,2.1,5-6-5-6,40.2,464.0,0.0,スターツトゥデイ,
2023102796,ディレクティオ,2026/03/22,1中京4,晴,1.0,3歳未勝利,14,5.0,8,246.3,13.0,10,吉田隼人,55.0,ダ,1800.0,良,117.0,2.0,11-11-5-8,39.5,442.0,-4.0,セレーノ,
2023102796,ディレクティオ,2026/01/18,1中山7,晴,3.0,3歳未勝利,13,8.0,13,515.0,12.0,8,丹内祐次,55.0,ダ,1800.0,良,118.9,3.2,9-10-9-9,41.1,446.0,-4.0,サイモフェーン,
2023102796,ディレクティオ,2026/01/05,1中山2,晴,2.0,3歳未勝利,16,5.0,9,24.5,8.0,10,丹内祐次,55.0,ダ,1800.0,稍,119.6,3.0,12-12-9-11,42.3,450.0,14.0,ラングドシャ,
2023102796,ディレクティオ,2025/10/11,4東京3,雨,6.0,2歳新馬,16,4.0,7,25.9,8.0,9,伊藤工真,55.0,ダ,1600.0,稍,102.0,2.1,14-14,38.8,436.0,0.0,セイントエルモズ,
2023104810,ミュージックレイン,2026/07/05,2福島4,晴,1.0,3歳未勝利,15,8.0,14,10.9,6.0,9,江田照男,55.0,ダ,1700.0,良,109.6,2.3,1-1-1-2,42.2,448.0,2.0,オウケンハニー,
2023104810,ミュージックレイン,2026/04/19,1福島4,晴,1.0,3歳未勝利,16,8.0,15,21.5,8.0,12,江田照男,55.0,ダ,1150.0,良,70.1,1.1,5-6,38.5,446.0,-8.0,ヨドノティアラ,
2023104810,ミュージックレイン,2026/03/28,3中山1,曇,1.0,3歳未勝利,16,5.0,10,21.6,7.0,5,江田照男,55.0,ダ,1200.0,重,72.7,1.2,3-3,38.1,454.0,2.0,マジェステラ,59.0
2023104810,ミュージックレイン,2025/12/13,5中山3,曇,1.0,2歳未勝利,14,3.0,4,9.0,5.0,7,江田照男,55.0,ダ,1200.0,良,74.6,1.1,1-1,40.3,452.0,0.0,ベアアッコチャン,
2023104810,ミュージックレイン,2025/11/09,5東京2,小雨,1.0,2歳未勝利,16,6.0,11,49.9,9.0,10,吉田豊,55.0,芝,1600.0,良,96.0,1.1,2-2,35.4,452.0,0.0,マカレイ,
2023104810,ミュージックレイン,2025/10/25,4新潟3,晴,2.0,2歳未勝利,15,4.0,7,6.5,2.0,7,江田照男,55.0,ダ,1200.0,良,74.3,2.2,9-7,39.0,452.0,16.0,レディサン,
2023104810,ミュージックレイン,2025/06/14,3東京3,曇,6.0,2歳新馬,10,2.0,2,4.5,2.0,6,江田照男,55.0,芝,1400.0,良,84.0,1.4,9-8,35.6,436.0,0.0,サンアントワーヌ,
2023103905,メジロピオラ,2026/05/02,1新潟1,晴,2.0,3歳未勝利,15,8.0,15,18.2,7.0,13,吉田隼人,55.0,ダ,1800.0,不,120.6,5.8,8-8-8-10,45.1,468.0,-2.0,ミアルーチェ,
2023103905,メジロピオラ,2026/04/19,1福島4,晴,2.0,3歳未勝利,15,8.0,15,6.1,3.0,13,丹内祐次,55.0,ダ,1700.0,良,110.0,3.9,7-7-7-8,41.2,470.0,0.0,ベルソテイラ,
2023103905,メジロピオラ,2026/03/28,1中京5,晴,2.0,3歳未勝利,13,7.0,11,15.2,7.0,2,吉田隼人,55.0,ダ,1800.0,稍,115.6,0.4,8-8-3-2,39.0,470.0,-4.0,キタノサリスカ,240.0
2023103905,メジロピオラ,2026/03/07,2中山3,晴,6.0,3歳未勝利,18,7.0,15,16.3,5.0,16,三浦皇成,55.0,芝,2000.0,稍,125.2,2.1,12-12-11-14,37.2,474.0,4.0,サムシングスイート,
2023103905,メジロピオラ,2025/11/15,3福島3,晴,5.0,2歳新馬,16,6.0,12,10.5,5.0,9,丹内祐次,55.0,芝,2000.0,良,123.6,0.7,10-9-9-9,36.7,470.0,0.0,ショウグンマサムネ,
2023104508,ゴールドビリーヴ,2026/06/20,3東京5,小雨,1.0,3歳未勝利,16,8.0,16,8.3,3.0,5,ゴンサル,55.0,ダ,1600.0,不,97.8,1.3,10-8,36.8,496.0,0.0,ダノンプレサージュ,58.0
2023104508,ゴールドビリーヴ,2026/05/23,2東京9,曇,1.0,3歳未勝利,15,5.0,8,12.3,5.0,6,田辺裕信,55.0,ダ,1600.0,重,98.8,0.5,12-12,37.2,496.0,0.0,サーロー,
2023104508,ゴールドビリーヴ,2026/05/10,2東京6,晴,1.0,3歳未勝利,16,2.0,3,2.6,1.0,4,田辺裕信,55.0,ダ,1600.0,良,100.6,0.7,11-10,37.8,496.0,-2.0,サファイアテソーロ,89.0
2023104508,ゴールドビリーヴ,2026/04/05,3中山4,曇,1.0,3歳未勝利,16,1.0,2,36.9,8.0,4,田辺裕信,55.0,ダ,1800.0,不,114.9,0.4,14-14-14-7,38.7,498.0,-8.0,キタノエピックアン,89.0
2023104508,ゴールドビリーヴ,2026/03/14,2中山5,晴,1.0,3歳未勝利,15,7.0,12,80.8,12.0,8,田辺裕信,55.0,ダ,1800.0,良,117.8,1.2,14-14-11-9,39.5,506.0,0.0,エコロストーム,
2023105047,ナックレジーナ,2026/07/05,2福島4,晴,1.0,3歳未勝利,15,2.0,3,19.9,8.0,11,吉田豊,55.0,ダ,1700.0,良,111.1,3.8,4-5-4-5,42.7,494.0,0.0,オウケンハニー,
2023101564,オリエンタルガール,2026/07/05,2福島4,晴,1.0,3歳未勝利,15,5.0,8,112.8,13.0,7,石田拓郎,52.0,ダ,1700.0,良,109.3,2.0,8-8-10-10,39.8,376.0,-6.0,オウケンハニー,
2023101564,オリエンタルガール,2026/04/12,1福島2,晴,1.0,3歳未勝利,15,3.0,5,161.6,14.0,12,石田拓郎,52.0,ダ,1700.0,良,110.4,2.7,8-7-9-11,40.1,382.0,-12.0,エアトベーレ,
2023101564,オリエンタルガール,2026/01/05,1中山2,晴,2.0,3歳未勝利,16,2.0,4,130.3,12.0,9,横山琉人,55.0,ダ,1800.0,稍,119.4,2.8,3-3-4-4,42.9,394.0,-8.0,ラングドシャ,
2023101564,オリエンタルガール,2025/12/07,5中山2,晴,1.0,2歳未勝利,16,5.0,9,67.6,11.0,13,横山琉人,55.0,ダ,1200.0,良,75.0,2.1,12-13,39.4,402.0,2.0,ドナソール,
2023101564,オリエンタルガール,2025/11/09,3福島2,曇,6.0,2歳新馬,15,6.0,10,65.6,13.0,6,横山琉人,55.0,ダ,1700.0,良,110.0,1.5,1-1-2-1,40.5,400.0,0.0,アースインハマー,
2023103404,カーボフリオ,2026/06/07,3東京2,曇,1.0,3歳未勝利,16,3.0,5,3.2,1.0,6,佐藤翔馬,52.0,ダ,1400.0,良,86.7,0.9,12-11,37.7,452.0,4.0,テンハートビート,
2023103404,カーボフリオ,2026/05/16,2東京7,晴,1.0,3歳未勝利,16,5.0,10,6.2,4.0,2,佐藤翔馬,52.0,ダ,1400.0,良,86.7,0.4,14-13,36.6,448.0,2.0,オーシャンステラ,240.0
2023103404,カーボフリオ,2026/04/26,2東京2,晴,1.0,3歳未勝利,15,8.0,16,19.9,8.0,4,佐藤翔馬,52.0,ダ,1400.0,稍,86.7,0.7,9-10,37.0,446.0,0.0,ケイツープラ,89.0
2023103404,カーボフリオ,2026/04/04,3中山3,雨,3.0,3歳未勝利,16,5.0,10,18.7,8.0,8,津村明秀,55.0,ダ,1200.0,稍,73.4,1.4,2-2,38.9,446.0,4.0,エコロバロン,
2023103404,カーボフリオ,2026/02/14,2京都5,晴,2.0,3歳未勝利,16,1.0,1,80.6,8.0,6,団野大成,55.0,ダ,1200.0,稍,74.6,2.0,5-4,38.1,442.0,4.0,メイショウバルク,
2023103404,カーボフリオ,2026/01/31,2京都1,曇,1.0,3歳未勝利,16,8.0,15,44.5,8.0,11,吉村誠之,55.0,ダ,1200.0,良,74.9,2.1,4-5,37.7,438.0,6.0,ソウルオンファイア,
2023103404,カーボフリオ,2025/12/06,5中京1,晴,1.0,2歳未勝利,16,3.0,6,6.5,3.0,7,小沢大仁,55.0,ダ,1400.0,良,87.9,1.1,5-5,39.2,432.0,6.0,ダンシングドール,
2023103404,カーボフリオ,2025/09/07,4中山2,晴,6.0,2歳新馬,16,2.0,3,25.6,9.0,4,木幡巧也,55.0,ダ,1800.0,良,117.5,0.9,7-7-9-7,39.8,426.0,0.0,ヴァレンティーニ,110.0
2023104581,アドバンスジェンヌ,2026/07/12,1函館10,曇,3.0,3歳未勝利,14,8.0,13,132.4,11.0,9,遠藤汰月,52.0,ダ,1700.0,不,106.0,1.7,13-11-11-10,38.1,472.0,2.0,ビンバラ,
2023104581,アドバンスジェンヌ,2026/06/27,1函館5,晴,2.0,3歳未勝利,12,8.0,11,24.1,8.0,12,佐々木大,55.0,ダ,1000.0,不,60.1,2.3,8-11,36.2,470.0,-4.0,マリブサーフ,
2023104581,アドバンスジェンヌ,2026/05/17,1新潟6,晴,3.0,3歳未勝利,15,4.0,7,119.9,13.0,6,河原田菜,51.0,ダ,1200.0,良,73.5,0.8,11-11,37.6,474.0,0.0,マジンタクシー,
2023104394,バーヴァンシー,2026/07/05,2福島4,晴,1.0,3歳未勝利,15,7.0,13,4.0,1.0,5,横山典弘,55.0,ダ,1700.0,良,109.2,1.9,13-13-12-10,39.1,472.0,0.0,オウケンハニー,58.0
2023104394,バーヴァンシー,2026/05/31,2東京12,曇,1.0,3歳未勝利,16,7.0,14,13.6,5.0,6,戸崎圭太,55.0,ダ,1600.0,良,100.4,1.4,9-9,38.2,472.0,-4.0,エフハリスト,
2023104394,バーヴァンシー,2026/05/10,2東京6,晴,1.0,3歳未勝利,16,1.0,2,15.5,5.0,2,横山和生,55.0,ダ,1600.0,良,100.1,0.2,14-13,36.9,476.0,-6.0,サファイアテソーロ,240.0
2023104394,バーヴァンシー,2026/04/26,2東京2,晴,1.0,3歳未勝利,15,2.0,3,82.5,12.0,7,荻野極,55.0,ダ,1400.0,稍,87.3,1.3,11-10,37.6,482.0,2.0,ケイツープラ,
2023104394,バーヴァンシー,2026/01/12,1中山5,晴,2.0,3歳未勝利,16,5.0,10,59.4,10.0,10,舟山瑠泉,52.0,ダ,1800.0,良,119.4,2.7,15-16-15-15,39.7,480.0,-6.0,ホールドザデイ,
2023104394,バーヴァンシー,2026/01/04,1中山1,晴,1.0,3歳未勝利,16,3.0,6,54.4,11.0,6,舟山瑠泉,52.0,ダ,1200.0,稍,74.0,1.3,15-15,38.5,486.0,2.0,フュルスティン,
2023104394,バーヴァンシー,2025/11/29,5東京7,晴,2.0,2歳未勝利,18,7.0,15,79.3,11.0,9,三浦皇成,55.0,芝,1400.0,良,82.6,0.9,15-15,34.1,484.0,14.0,アグネスクレスト,
2023104394,バーヴァンシー,2025/08/30,3新潟3,曇,2.0,2歳未勝利,15,2.0,2,16.7,5.0,9,三浦皇成,55.0,ダ,1800.0,良,119.3,3.6,12-12-9-8,41.5,470.0,-6.0,ファイアマン,
2023104394,バーヴァンシー,2025/07/27,2新潟2,晴,1.0,2歳未勝利,7,3.0,3,32.0,3.0,3,三浦皇成,55.0,芝,1600.0,良,97.1,1.2,6-5,33.7,476.0,6.0,ディアダイヤモンド,140.0
2023104394,バーヴァンシー,2025/07/13,2福島6,晴,5.0,2歳新馬,15,6.0,10,16.1,6.0,10,三浦皇成,55.0,芝,1800.0,良,115.5,1.9,3-3-3-5,37.4,470.0,0.0,ルージュボヤージュ,
2023102676,アジャイブ,2026/05/23,1新潟7,晴,2.0,3歳未勝利,15,5.0,9,371.8,15.0,8,遠藤汰月,52.0,ダ,1800.0,稍,118.3,2.3,9-9-8-7,40.9,454.0,-6.0,ウェルム,
2023102676,アジャイブ,2026/05/03,2東京4,曇,1.0,3歳未勝利,15,5.0,8,124.2,13.0,14,長浜鴻緒,53.0,ダ,1600.0,稍,101.7,3.0,10-10,39.6,460.0,4.0,ブルーサーマル,
2023102676,アジャイブ,2026/03/07,2中山3,晴,6.0,3歳未勝利,18,8.0,17,668.4,18.0,18,石田拓郎,52.0,芝,2000.0,稍,126.0,2.9,17-18-18-18,36.8,456.0,-4.0,サムシングスイート,
2023102676,アジャイブ,2025/12/13,5中山3,曇,3.0,2歳未勝利,16,6.0,11,455.7,13.0,14,石田拓郎,52.0,芝,1600.0,良,95.8,2.0,10-12-11,35.6,460.0,-16.0,バルボアパーク,
2023102676,アジャイブ,2025/11/24,5東京6,晴,6.0,2歳新馬,13,5.0,6,172.1,11.0,11,北村宏司,55.0,芝,1600.0,良,96.6,2.2,11-11,34.5,476.0,0.0,フェルミアーク,
2023102758,ユニベールクイーン,2026/05/24,1新潟8,小雨,1.0,3歳未勝利,16,8.0,16,149.5,13.0,11,河原田菜,51.0,芝,1200.0,稍,71.8,1.2,6-5,36.6,470.0,-16.0,マイネルユーゲント,
2023102758,ユニベールクイーン,2026/02/07,1東京3,曇,3.0,3歳未勝利,16,1.0,1,322.4,16.0,16,大野拓弥,55.0,ダ,1600.0,良,104.0,4.5,6-6,41.4,486.0,2.0,フクシマブリルハム,
2023102758,ユニベールクイーン,2026/01/25,1中山9,晴,2.0,3歳未勝利,14,8.0,14,101.1,9.0,14,丸田恭介,55.0,ダ,1800.0,良,122.7,4.8,10-11-10-11,43.9,484.0,0.0,プレイメイカー,
2023103934,ルディドゥゲンジ,2026/05/10,1新潟4,晴,6.0,3歳未勝利,16,3.0,6,434.0,16.0,7,遠藤汰月,52.0,芝,1000.0,良,56.5,0.7,10,33.6,422.0,8.0,オタルイーグル,
2023103934,ルディドゥゲンジ,2025/10/05,4東京2,曇,2.0,2歳未勝利,11,8.0,11,652.9,11.0,11,黛弘人,55.0,芝,1800.0,良,109.6,3.6,10-10-11,36.4,414.0,-8.0,ラフターラインズ,
2023103934,ルディドゥゲンジ,2025/09/28,4中山9,晴,2.0,2歳未勝利,16,4.0,8,420.8,15.0,13,黛弘人,55.0,芝,1200.0,良,70.2,1.5,8-8,35.0,422.0,6.0,トラスコンガーデン,
2023103934,ルディドゥゲンジ,2025/08/09,2新潟5,晴,3.0,2歳新馬,17,2.0,4,220.9,16.0,11,岩部純二,55.0,芝,1200.0,良,71.6,1.8,3-4,36.5,416.0,0.0,ベルフラム,
2023106341,アリアファブラ,2026/05/10,2東京6,晴,3.0,3歳未勝利,18,5.0,9,165.7,13.0,13,岩田望来,55.0,芝,1600.0,良,95.7,1.1,3-4,35.3,410.0,0.0,アイアンクラッド,
2023106341,アリアファブラ,2026/03/07,2中山3,晴,6.0,3歳未勝利,18,1.0,2,58.8,8.0,17,丹内祐次,55.0,芝,2000.0,稍,125.7,2.6,3-3-5-6,38.2,410.0,-2.0,サムシングスイート,
2023106341,アリアファブラ,2026/02/07,1東京3,小雪,5.0,3歳新馬,16,1.0,2,16.6,5.0,5,田辺裕信,55.0,芝,1800.0,良,110.0,0.5,8-4-4,35.0,412.0,0.0,ベルウッドクレド,65.0
2023103103,リオクリスハーレー,2026/05/09,2東京5,晴,5.0,3歳未勝利,18,5.0,10,117.2,11.0,7,荻野極,55.0,芝,1400.0,良,81.9,0.8,3-4,35.2,448.0,-14.0,カズノダイジョウ,
2023103103,リオクリスハーレー,2026/03/29,3中山2,晴,2.0,3歳未勝利,16,1.0,2,10.9,6.0,7,荻野極,55.0,ダ,1200.0,稍,72.7,0.5,4-4,38.5,462.0,10.0,ガルディーノ,
2023103103,リオクリスハーレー,2026/01/25,1中山9,晴,3.0,3歳未勝利,16,7.0,13,58.4,9.0,13,荻野極,55.0,ダ,1200.0,良,75.4,2.5,1-1,41.1,452.0,6.0,サトノエスケープ,
2023103103,リオクリスハーレー,2025/12/27,5中山7,曇,1.0,2歳未勝利,15,1.0,1,9.7,5.0,12,松山弘平,55.0,ダ,1200.0,稍,73.8,1.3,14-14,37.8,446.0,2.0,コウジハラ,
2023103103,リオクリスハーレー,2025/08/17,3中京8,晴,2.0,2歳新馬,16,4.0,8,7.8,4.0,7,松山弘平,55.0,ダ,1400.0,良,88.2,2.1,2-2,39.8,444.0,0.0,キーンセンス,
2023100258,ムーンシェイド,2026/05/16,2東京7,晴,5.0,3歳未勝利,18,5.0,9,45.2,9.0,13,石橋脩,55.0,芝,1400.0,良,82.2,1.9,2-2,36.1,458.0,4.0,エラルディーク,
2023100258,ムーンシェイド,2026/04/12,1福島2,晴,4.0,3歳未勝利,16,1.0,2,5.1,2.0,7,丹内祐次,55.0,芝,1200.0,良,69.9,0.6,7-7,35.2,454.0,4.0,タガノアルブラック,
2023100258,ムーンシェイド,2025/12/14,5中山4,雨,2.0,2歳未勝利,16,5.0,10,20.3,7.0,8,木幡巧也,55.0,芝,1200.0,良,71.1,1.0,9-8,35.9,450.0,0.0,ニルマーネル,
2023100258,ムーンシェイド,2025/11/24,5東京6,晴,7.0,2歳新馬,14,5.0,7,17.3,5.0,5,木幡巧也,55.0,芝,1400.0,良,83.8,1.0,3-3,34.4,450.0,0.0,カフェラバー,75.0
2023100639,マイエラ,2026/05/16,2東京7,晴,5.0,3歳未勝利,18,4.0,8,131.2,12.0,16,原優介,57.0,芝,1400.0,良,82.7,2.4,1-1,36.7,474.0,4.0,エラルディーク,
2023100639,マイエラ,2026/03/21,2中山7,晴,3.0,3歳未勝利,16,1.0,1,116.8,10.0,13,長浜鴻緒,55.0,ダ,1200.0,良,74.9,2.8,7-11,40.2,470.0,2.0,マルターズドン,
2023100639,マイエラ,2026/03/01,2中山2,晴,3.0,3歳未勝利,16,5.0,9,26.9,5.0,6,長浜鴻緒,55.0,ダ,1200.0,稍,73.1,1.7,3-3,38.6,468.0,0.0,モーゲンセン,
2023100639,マイエラ,2025/12/27,5中山7,曇,4.0,2歳未勝利,18,3.0,6,204.0,12.0,14,菊沢一樹,56.0,芝,2000.0,良,123.1,1.2,5-5-5-4,37.6,468.0,0.0,ポッドクロス,
2023100639,マイエラ,2025/10/26,4新潟4,雨,5.0,2歳新馬,18,1.0,2,66.8,14.0,6,菊沢一樹,56.0,芝,1600.0,稍,99.1,1.4,1-1,35.3,468.0,0.0,オーライカモン,
2023100657,アイファーアイドル,2025/08/09,2新潟5,晴,1.0,2歳未勝利,15,7.0,13,25.5,7.0,13,野中悠太,55.0,ダ,1200.0,良,74.4,3.6,5-5,39.6,472.0,-2.0,サトノボヤージュ,
2023100657,アイファーアイドル,2025/06/22,3東京6,晴,6.0,2歳新馬,16,2.0,4,50.7,11.0,8,野中悠太,55.0,芝,1400.0,良,84.9,1.8,7-7,36.5,474.0,0.0,ランドスター,
2023107213,ソレム,2026/05/24,2東京10,晴,4.0,3歳未勝利,18,7.0,15,119.2,12.0,17,高杉吏麒,55.0,芝,1600.0,良,94.9,1.9,16-18,35.0,418.0,0.0,ダイヤテソーロ,
2023106156,セランディア,2026/05/31,2東京12,曇,2.0,3歳未勝利,16,7.0,14,642.3,16.0,14,大久保友,52.0,ダ,1400.0,良,88.6,2.6,1-1,40.6,454.0,8.0,トワイライトビュー,
2023106156,セランディア,2026/04/18,1福島3,晴,1.0,3歳未勝利,16,4.0,8,297.5,15.0,8,中井裕二,55.0,ダ,1150.0,良,71.1,1.6,9-7,37.7,446.0,-6.0,メイショウイブキ,
2023106156,セランディア,2026/02/21,1小倉9,晴,2.0,3歳未勝利,18,2.0,3,328.3,17.0,15,中井裕二,55.0,芝,1200.0,良,70.2,1.4,11-10,35.5,452.0,0.0,ムーンリットアイル,
2023103195,ノーブルラホーヤ,2026/06/28,2福島2,晴,7.0,3歳未勝利,15,3.0,5,31.9,6.0,3,石田拓郎,52.0,芝,1200.0,良,68.9,0.5,1-1,35.5,390.0,-6.0,アイアンパイク,150.0
2023103195,ノーブルラホーヤ,2026/01/18,1中山7,晴,12.0,3歳未勝利,16,1.0,2,157.3,13.0,10,長浜鴻緒,53.0,芝,1600.0,良,95.2,1.0,3-5-3,36.3,396.0,14.0,サンヴィクトワール,
2023103195,ノーブルラホーヤ,2025/10/05,4東京2,晴,3.0,2歳未勝利,17,3.0,6,79.2,14.0,6,長浜鴻緒,53.0,芝,1400.0,良,82.2,0.6,9-9,34.3,382.0,-8.0,フェーダーローター,
2023103195,ノーブルラホーヤ,2025/09/06,4中山1,晴,5.0,2歳新馬,16,8.0,15,34.9,7.0,9,菅原明良,55.0,芝,1200.0,良,70.4,1.4,8-9,35.0,390.0,0.0,ランプローグ,
2023109146,ミヤザキムスメ,2026/05/09,1新潟3,晴,3.0,3歳未勝利,15,6.0,11,223.5,12.0,14,永島まな,53.0,ダ,1200.0,稍,76.5,3.6,10-9,40.2,394.0,-2.0,フレンズプラス,
2023109146,ミヤザキムスメ,2026/01/24,1中山8,晴,3.0,3歳新馬,16,2.0,4,270.8,16.0,13,柴田大知,55.0,ダ,1200.0,良,76.8,2.6,14-14,38.7,396.0,0.0,サマーゲール,
2023104369,タツナナイロ,2026/06/30,盛岡,晴,9.0,アメジスト賞(3歳),12,5.0,6,237.9,7.0,8,高松亮,54.0,芝,1700.0,良,106.9,2.7,1-1-1-2,39.1,434.0,8.0,エルナト,
2023104369,タツナナイロ,2026/04/04,3中山3,雨,3.0,3歳未勝利,16,6.0,12,400.5,15.0,16,江田照男,55.0,ダ,1200.0,稍,75.4,3.4,11-12,39.9,426.0,-2.0,エコロバロン,
2023104369,タツナナイロ,2026/02/22,1東京8,晴,3.0,3歳新馬,16,5.0,9,114.1,14.0,10,江田照男,55.0,ダ,1400.0,良,91.0,3.4,8-10,41.1,428.0,0.0,ローズブーケ,
2023104497,ケイツーキップ,2026/05/30,2東京11,晴,3.0,3歳未勝利,18,3.0,6,328.5,16.0,18,小林美駒,52.0,芝,1400.0,良,83.9,2.9,2-3,37.1,392.0,-8.0,ワディアルリヤハ,
2023104497,ケイツーキップ,2026/04/26,1福島6,晴,4.0,3歳未勝利,16,8.0,16,33.1,9.0,15,石神深道,52.0,芝,1200.0,良,70.7,1.5,11-13,35.0,400.0,0.0,カレンデュラ,
2023104497,ケイツーキップ,2026/04/12,1福島2,晴,4.0,3歳未勝利,16,4.0,8,203.5,15.0,5,石神深道,52.0,芝,1200.0,良,69.9,0.6,12-10,34.9,400.0,0.0,タガノアルブラック,59.0
2023106798,ユイノササヤキ,2026/01/22,船橋,晴,7.0,ベストサドル特別(3歳未格),13,7.0,10,7.9,5.0,中,内田博幸,56.0,ダ,1600.0,良,,,2-1-1-1,,400.0,-8.0,マイネルミラケル,
2023106798,ユイノササヤキ,2025/12/27,5中山7,曇,5.0,2歳新馬,16,2.0,3,107.4,13.0,11,丹内祐次,56.0,芝,1600.0,良,96.3,1.2,6-4-3,36.5,408.0,0.0,ルールザウェイヴ,
2023102548,テラシエスタ,2026/05/31,2東京12,曇,2.0,3歳未勝利,16,5.0,10,49.5,8.0,11,木幡巧也,57.0,ダ,1400.0,良,87.6,1.6,14-12,38.1,460.0,2.0,トワイライトビュー,
2023102548,テラシエスタ,2025/10/19,4新潟2,曇,5.0,2歳新馬,18,4.0,8,40.0,11.0,11,上里直汰,53.0,芝,1400.0,稍,84.9,1.2,12-13,35.8,458.0,0.0,ヘルモソブレード,
2023102548,テラシエスタ,2025/10/04,4東京1,曇,3.0,2歳新馬,17,8.0,17,,,除,内田博幸,56.0,芝,1400.0,良,,,,,456.0,0.0,ファインサマーデイ,
2023104434,シルバーアックス,2026/07/05,2福島4,晴,2.0,3歳未勝利,15,6.0,11,3.3,1.0,3,横山典弘,57.0,芝,1200.0,良,68.9,0.5,1-1,35.8,450.0,-10.0,ゴールドパレード,150.0
2023104434,シルバーアックス,2026/04/25,1福島5,晴,2.0,3歳未勝利,16,8.0,16,7.9,3.0,2,舟山瑠泉,55.0,芝,1200.0,良,69.3,0.6,1-1,35.4,460.0,0.0,フィラーエ,240.0
2023104434,シルバーアックス,2026/04/11,1福島1,晴,4.0,3歳未勝利,16,1.0,2,40.3,9.0,5,松岡正海,57.0,ダ,1150.0,良,70.0,0.6,3-3,38.0,460.0,6.0,ベルゼビュート,59.0
2023104434,シルバーアックス,2026/02/07,1東京3,曇,2.0,3歳未勝利,16,2.0,4,5.8,3.0,13,横山典弘,57.0,ダ,1300.0,良,82.7,2.4,4-4,39.7,454.0,0.0,ジャスフォール,
2023105612,リオハリソンメリー,2026/01/10,1中山3,晴,4.0,3歳新馬,12,2.0,2,12.8,5.0,8,横山武史,55.0,ダ,1800.0,良,120.1,1.0,2-2-2-2,42.2,418.0,0.0,ガーヴィ,
2023106907,ジョイアミーア,2026/05/16,1新潟5,晴,6.0,3歳未勝利,16,6.0,11,3.3,2.0,4,舟山瑠泉,53.0,芝,1000.0,良,55.8,0.9,9,32.8,464.0,-2.0,アカウフリューゲル,89.0
2023106907,ジョイアミーア,2026/05/10,1新潟4,晴,6.0,3歳未勝利,16,8.0,16,2.9,1.0,3,舟山瑠泉,53.0,芝,1000.0,良,55.9,0.1,8,33.1,466.0,6.0,オタルイーグル,150.0
2023106907,ジョイアミーア,2026/01/24,1中山8,晴,1.0,3歳未勝利,16,2.0,4,4.8,3.0,10,三浦皇成,55.0,ダ,1200.0,良,75.0,1.8,1-2,39.2,460.0,12.0,ムーンブランシュ,
2023106907,ジョイアミーア,2025/09/28,4中山9,晴,4.0,2歳新馬,16,2.0,4,2.4,1.0,4,モレイラ,55.0,ダ,1200.0,良,73.4,0.8,7-6,37.5,448.0,0.0,サノノアルペン,110.0
2023103361,ミスバレンシア,2026/03/22,1阪神10,曇,5.0,3歳1勝クラス,11,7.0,9,53.7,11.0,6,丹内祐次,55.0,芝,1200.0,良,68.9,0.6,5-5,34.5,480.0,2.0,シラヌイ,
2023103361,ミスバレンシア,2026/02/28,1阪神3,曇,10.0,マーガレットS(L),9,6.0,6,121.9,9.0,8,岩田望来,55.0,芝,1200.0,良,69.0,1.0,5-5,34.7,478.0,-10.0,タマモイカロス,
2023103361,ミスバレンシア,2026/02/14,1東京5,晴,7.0,3歳1勝クラス,16,6.0,12,183.9,13.0,10,永島まな,53.0,芝,1400.0,良,82.5,0.6,1-1,34.7,488.0,16.0,トラスコンガーデン,
2023103361,ミスバレンシア,2025/10/30,門別,晴,11.0,エーデルワイス賞(JpnIII),11,8.0,11,26.6,7.0,11,落合玄太,55.0,ダ,1200.0,稍,76.8,4.1,7-9,40.8,472.0,-8.0,リュウノフライト,
2023103361,ミスバレンシア,2025/09/20,4中山6,曇,9.0,カンナS(OP),13,7.0,10,3.3,1.0,8,モレイラ,55.0,芝,1200.0,良,69.2,1.0,10-10,34.6,480.0,4.0,ウチュウノセカイ,
2023103361,ミスバレンシア,2025/07/12,2福島5,曇,5.0,2歳新馬,11,1.0,1,2.8,2.0,1,今村聖奈,53.0,芝,1200.0,良,71.4,-0.1,1-1,35.5,476.0,0.0,(マイネルユーゲント),750.0
2023104412,リラ,2026/05/30,2東京11,晴,7.0,3歳1勝クラス,13,6.0,9,8.2,5.0,4,佐々木大,55.0,芝,1400.0,良,80.3,0.3,4-4,34.6,426.0,6.0,トライアンフパス,120.0
2023104412,リラ,2026/04/25,2東京1,晴,5.0,3歳未勝利,18,2.0,3,5.2,2.0,1,佐々木大,55.0,芝,1400.0,良,81.3,-0.3,4-4,34.0,420.0,-4.0,(グランマエストロ),590.0
2023104412,リラ,2026/01/10,1中山3,晴,7.0,3歳未勝利,16,3.0,5,3.1,1.0,6,三浦皇成,55.0,芝,1600.0,良,94.9,0.9,1-1-1,35.6,424.0,0.0,ディールメーカー,
2023104412,リラ,2025/10/26,4東京9,小雨,3.0,2歳未勝利,11,8.0,11,2.8,2.0,2,三浦皇成,55.0,芝,1600.0,稍,94.5,0.4,5-5,34.4,424.0,2.0,リゾートアイランド,220.0
2023104412,リラ,2025/10/19,4東京7,曇,2.0,2歳未勝利,8,3.0,3,2.0,1.0,4,三浦皇成,55.0,芝,1600.0,良,95.3,0.9,3-3,35.0,422.0,-2.0,フジガイフウ,84.0
2023104412,リラ,2025/09/27,4中山8,晴,5.0,2歳新馬,16,5.0,9,5.6,2.0,2,三浦皇成,55.0,芝,1600.0,良,95.9,0.1,8-8-5,34.4,424.0,0.0,ギリーズボール,300.0
2022103501,クリールスル,2025/09/06,2札幌5,晴,7.0,3歳以上1勝クラス,14,1.0,1,6.2,3.0,3,浜中俊,54.0,芝,1500.0,良,89.5,0.1,4-5-6,35.6,464.0,4.0,ダノンミッション,200.0
2022103501,クリールスル,2025/08/17,1札幌8,雨,7.0,3歳以上1勝クラス,14,2.0,2,8.8,5.0,3,丹内祐次,53.0,芝,1500.0,稍,90.0,0.1,5-6-4,35.4,460.0,2.0,ピコローズ,200.0
2022103501,クリールスル,2025/06/14,3東京3,小雨,8.0,3歳以上1勝クラス,18,4.0,7,49.9,10.0,3,菊沢一樹,53.0,芝,1400.0,良,82.0,0.1,11-12,34.1,458.0,2.0,イブニングタイド,200.0
2022103501,クリールスル,2025/05/24,1新潟7,曇,7.0,3歳未勝利,16,5.0,10,13.7,8.0,1,菊沢一樹,55.0,芝,1400.0,良,83.0,0.0,6-5,35.7,456.0,-4.0,(アンダーザライト),560.0
2022103501,クリールスル,2025/03/16,2中山6,雨,5.0,3歳未勝利,16,7.0,14,22.4,8.0,10,菊沢一樹,55.0,芝,1600.0,重,100.0,3.2,8-8-9,39.5,460.0,-6.0,キャトルエピス,
2022103501,クリールスル,2024/12/14,5中山5,晴,7.0,2歳未勝利,16,4.0,7,8.9,5.0,12,戸崎圭太,55.0,芝,1800.0,良,110.3,2.1,2-3-2-3,37.5,466.0,0.0,ノビリシマビジョン,
2022103501,クリールスル,2024/11/17,5東京6,晴,2.0,2歳未勝利,17,3.0,5,4.9,3.0,6,原優介,54.0,芝,1800.0,良,107.2,1.3,2-4-4,35.3,466.0,2.0,ロートホルン,
2022103501,クリールスル,2024/10/20,4東京6,晴,5.0,2歳新馬,18,8.0,17,6.5,4.0,3,原優介,54.0,芝,1800.0,良,108.9,0.4,3-4-3,34.4,464.0,0.0,エネルジコ,180.0
2023105345,ルージュダリア,2026/03/14,2中山5,晴,11.0,アネモネS(L),16,7.0,13,7.8,4.0,10,荻野極,55.0,芝,1600.0,良,93.9,1.2,9-8-10,35.6,448.0,-12.0,ディアダイヤモンド,
2023105345,ルージュダリア,2026/01/31,1東京1,晴,10.0,クロッカスS(L),15,2.0,3,8.8,5.0,7,荻野極,55.0,芝,1400.0,良,81.3,0.6,12-11,33.5,460.0,20.0,オルネーロ,
2023105345,ルージュダリア,2025/08/24,3新潟2,晴,6.0,2歳新馬,13,3.0,4,5.7,4.0,1,荻野極,55.0,芝,1600.0,良,94.9,-0.8,1-1,34.1,440.0,0.0,(グランドオーパス),750.0
2023104303,リアライズリバティ,2026/05/17,2東京8,晴,7.0,3歳1勝クラス,8,7.0,7,5.4,5.0,5,津村明秀,55.0,芝,1600.0,良,92.9,1.3,1-1,34.3,458.0,6.0,トミーバローズ,82.0
2023104303,リアライズリバティ,2026/03/14,2中山5,晴,11.0,アネモネS(L),16,5.0,9,6.8,3.0,9,佐々木大,55.0,芝,1600.0,良,93.8,1.1,3-7-7,35.8,452.0,-6.0,ディアダイヤモンド,
2023104303,リアライズリバティ,2026/01/31,1東京1,晴,6.0,3歳未勝利,16,5.0,9,16.6,5.0,1,荻野極,55.0,芝,1600.0,良,93.4,-0.5,2-2,34.4,458.0,10.0,(ペルウィクトール),590.0
2023104303,リアライズリバティ,2025/11/09,5東京2,小雨,1.0,2歳未勝利,16,5.0,10,16.1,7.0,2,荻野極,55.0,芝,1600.0,良,95.0,0.1,3-3,34.2,448.0,4.0,マカレイ,220.0
2023104303,リアライズリバティ,2025/09/21,4中山7,晴,3.0,2歳未勝利,10,2.0,2,55.6,6.0,4,津村明秀,55.0,芝,1800.0,良,110.0,0.6,7-7-7-7,35.0,444.0,4.0,パントルナイーフ,84.0
2023104303,リアライズリバティ,2025/07/19,2福島7,晴,5.0,2歳新馬,16,8.0,15,31.1,6.0,7,津村明秀,55.0,芝,1800.0,良,114.7,1.5,13-12-11-10,37.8,440.0,0.0,ザーフィル,
2022101259,ショウナンマリーナ,2026/05/23,2東京9,曇,7.0,4歳以上1勝クラス,18,4.0,8,323.6,16.0,8,石橋脩,56.0,芝,1600.0,良,93.3,1.0,1-1,35.8,436.0,6.0,ルナルーチェット,
2022101259,ショウナンマリーナ,2026/05/09,1新潟3,晴,8.0,4歳以上1勝クラス,15,4.0,6,82.6,14.0,11,丸山元気,56.0,ダ,1800.0,稍,118.5,2.5,9-8-7-7,42.1,430.0,0.0,ヴァズレーヌ,
2022101259,ショウナンマリーナ,2026/04/12,1福島2,晴,7.0,4歳以上1勝クラス,15,6.0,10,100.0,13.0,8,丸山元気,56.0,ダ,1700.0,良,108.5,1.6,8-8-9-8,38.8,430.0,-10.0,カスバートテソーロ,
2022101259,ショウナンマリーナ,2026/02/01,1東京2,晴,6.0,4歳以上1勝クラス,15,3.0,4,95.4,11.0,11,上里直汰,52.0,ダ,1600.0,良,99.6,2.5,4-3,39.3,440.0,6.0,ツーネサーン,
2022101259,ショウナンマリーナ,2026/01/11,1中山4,晴,8.0,4歳以上1勝クラス,16,6.0,11,257.2,14.0,13,丸山元気,55.0,芝,1600.0,良,95.3,3.2,7-7-13,37.7,434.0,6.0,クライスレリアーナ,
2022101259,ショウナンマリーナ,2025/10/05,4東京2,晴,7.0,3歳以上1勝クラス,18,7.0,15,49.5,9.0,15,丸山元気,54.0,芝,1400.0,良,81.3,1.2,9-11,34.2,428.0,-4.0,レイククレセント,
2022101259,ショウナンマリーナ,2025/09/07,2札幌6,晴,8.0,3歳以上1勝クラス,16,2.0,4,21.2,7.0,15,佐々木大,54.0,芝,1200.0,稍,72.0,2.0,11-16,36.5,432.0,4.0,ブルーアイドガール,
2022101259,ショウナンマリーナ,2025/05/03,2東京3,晴,5.0,3歳1勝クラス,9,8.0,8,32.6,6.0,5,幸英明,55.0,芝,1400.0,良,81.7,0.5,8-7,33.1,428.0,6.0,ウイントワイライト,80.0
2022101259,ショウナンマリーナ,2025/04/06,3中山4,曇,7.0,3歳1勝クラス,9,4.0,4,29.2,6.0,7,荻野極,55.0,芝,1600.0,良,95.3,1.1,4-6-7,35.1,422.0,-6.0,ジョイフルニュース,
2022101259,ショウナンマリーナ,2025/01/19,1中山7,小雨,12.0,3歳未勝利,16,2.0,3,4.3,2.0,1,戸崎圭太,55.0,芝,1600.0,良,95.7,0.0,7-6-5,35.2,428.0,4.0,(ガンビーチ),560.0
2022101259,ショウナンマリーナ,2024/12/22,5中山8,晴,6.0,2歳新馬,15,1.0,1,23.7,6.0,2,戸崎圭太,55.0,芝,1600.0,良,96.6,0.0,1-1-1,35.6,424.0,0.0,ディオデルマーレ,290.0
2022105063,ロジャリーマイン,2026/04/04,3中山3,雨,7.0,4歳以上1勝クラス,12,2.0,2,8.6,5.0,12,岩田康誠,56.0,芝,2000.0,良,124.7,2.7,5-5-4-6,37.9,428.0,-4.0,マリアイリダータ,
2022105063,ロジャリーマイン,2025/04/27,2東京2,晴,11.0,サンスポ賞フローラS(GII),18,8.0,16,21.0,10.0,17,菅原明良,55.0,芝,2000.0,良,119.9,1.3,15-12-13,34.4,432.0,10.0,カムニャック,
2022105063,ロジャリーマイン,2024/12/22,5中山8,晴,4.0,2歳未勝利,18,8.0,18,2.4,1.0,1,川田将雅,55.0,芝,2000.0,良,121.3,-0.3,17-17-4-2,35.8,422.0,-8.0,(カーミングライツ),550.0
2022105063,ロジャリーマイン,2024/10/27,4東京8,曇,5.0,2歳新馬,15,4.0,6,3.3,2.0,2,川田将雅,55.0,芝,2000.0,良,121.7,0.0,10-6-6,33.5,430.0,0.0,アマキヒ,290.0
2022106212,ウインロゼライト,2025/12/03,笠松,曇,1.0,C8組,8,4.0,4,1.3,1.0,1,加藤聡一,55.0,ダ,1400.0,良,91.2,-0.3,1-1-1,41.3,435.0,-2.0,(ミルタンドレス),40.0
2022106212,ウインロゼライト,2025/11/06,笠松,晴,11.0,コウテイダリア特別(C),10,8.0,10,24.3,6.0,9,加藤聡一,55.0,ダ,1600.0,良,106.9,1.9,6-6-6,41.3,437.0,-3.0,カサビセンス,
2022106212,ウインロゼライト,2025/10/23,笠松,晴,1.0,C10組,8,3.0,3,1.1,1.0,1,渡辺竜也,55.0,ダ,1400.0,良,91.4,-1.1,1-1-1,40.5,440.0,2.0,(ヒルノマース),40.0
2022106212,ウインロゼライト,2025/10/08,笠松,晴,4.0,忍君・理紗さん結婚お(CC),9,3.0,3,3.5,2.0,2,渡辺竜也,55.0,ダ,1400.0,良,90.9,0.3,2-2-2,40.1,438.0,3.0,ルディシャ,16.0
2022106212,ウインロゼライト,2025/09/25,笠松,曇,6.0,3歳3組,9,2.0,2,4.2,2.0,5,塚本征吾,55.0,ダ,1400.0,良,92.0,1.0,5-6-6,41.0,435.0,13.0,アンピュルシオン,4.5
2022106212,ウインロゼライト,2025/08/30,4中京3,晴,6.0,3歳未勝利,16,5.0,10,83.4,14.0,10,永島まな,53.0,芝,1600.0,良,93.8,1.5,16-16-16,34.5,422.0,-4.0,ダノンブギ,
2022106212,ウインロゼライト,2025/08/16,3中京7,晴,11.0,3歳未勝利,17,6.0,12,50.5,13.0,5,松山弘平,55.0,芝,1400.0,良,80.3,0.5,8-8,35.0,426.0,4.0,ベルサ,56.0
2022106212,ウインロゼライト,2025/07/05,2小倉3,晴,3.0,3歳未勝利,18,8.0,16,39.5,8.0,7,西塚洸二,54.0,芝,1200.0,良,69.5,1.0,17-16,34.2,422.0,2.0,ブラックケリー,
2022106212,ウインロゼライト,2025/05/24,2京都9,小雨,4.0,3歳未勝利,18,2.0,4,24.8,8.0,12,岩田望来,55.0,芝,1800.0,良,110.1,1.6,14-13,34.7,420.0,2.0,エーデルヴェーグ,
2022106212,ウインロゼライト,2025/04/27,2京都2,晴,3.0,3歳未勝利,18,7.0,15,25.3,6.0,7,岩田望来,55.0,芝,1600.0,良,95.0,0.7,16-15,34.9,418.0,-8.0,シャインベック,
2022106212,ウインロゼライト,2025/02/23,1京都8,曇,5.0,3歳未勝利,16,2.0,4,22.5,7.0,10,岩田康誠,55.0,芝,1800.0,良,109.4,1.1,9-6,37.5,426.0,-2.0,レベルスルール,
2022106212,ウインロゼライト,2025/02/10,1京都3,晴,5.0,3歳未勝利,18,5.0,9,9.8,5.0,8,松山弘平,55.0,芝,1600.0,良,97.2,0.9,7-8,34.8,428.0,-12.0,インヴォーグ,
2022106212,ウインロゼライト,2024/12/15,7京都6,晴,5.0,2歳新馬,14,3.0,3,15.2,6.0,2,Ｃ．デム,55.0,芝,1600.0,良,97.9,0.3,12-9,34.0,440.0,0.0,ノクナレア,290.0
2023107276,カフェラバー,2026/05/30,2東京11,晴,7.0,3歳1勝クラス,13,8.0,13,6.9,4.0,8,レーン,55.0,芝,1400.0,良,81.3,1.3,3-2,35.9,408.0,4.0,トライアンフパス,
2023107276,カフェラバー,2026/03/21,1中京3,晴,11.0,中スポ賞ファルコンS(GIII),17,1.0,1,33.9,10.0,12,舟山瑠泉,55.0,芝,1400.0,良,80.8,1.0,15-16,33.6,404.0,-6.0,ダイヤモンドノット,
2023107276,カフェラバー,2025/11/24,5東京6,晴,7.0,2歳新馬,14,4.0,5,5.9,3.0,1,プーシャ,55.0,芝,1400.0,良,82.8,-0.4,5-5,33.1,410.0,0.0,(ペアレンツギフト),750.0
2023106372,リラベガ,2026/07/04,2福島3,晴,12.0,3歳以上1勝クラス,16,6.0,11,6.5,3.0,5,丸山元気,53.0,芝,1200.0,良,68.7,0.2,3-3,35.0,434.0,12.0,ルージュブリッツ,82.0
2023106372,リラベガ,2026/04/19,1福島4,晴,5.0,3歳未勝利,16,5.0,9,5.0,3.0,1,丸山元気,55.0,芝,1200.0,良,68.4,0.0,3-3,34.3,422.0,-2.0,(コンフィアンサ),590.0
2023106372,リラベガ,2026/02/14,1小倉7,晴,2.0,3歳未勝利,18,7.0,13,7.2,3.0,7,丸山元気,55.0,芝,1200.0,良,69.6,1.0,2-3,36.4,424.0,0.0,マーゴットミスト,
2023106372,リラベガ,2026/02/01,1小倉4,曇,2.0,3歳未勝利,18,4.0,8,7.3,3.0,3,丸山元気,55.0,芝,1200.0,良,68.6,0.8,2-3,34.8,424.0,10.0,デルマリシリ,150.0
2023106372,リラベガ,2025/11/24,3福島6,晴,6.0,2歳未勝利,16,4.0,8,6.3,2.0,9,横山武史,55.0,芝,1200.0,良,69.6,0.6,12-11,34.4,414.0,-6.0,ジャスパールビー,
2023106372,リラベガ,2025/11/08,3福島1,晴,5.0,2歳新馬,16,8.0,15,45.3,8.0,4,石田拓郎,52.0,芝,1200.0,良,69.4,0.2,6-6,35.0,420.0,0.0,ディヴァインスカイ,110.0
2022104093,ガラク,2026/04/12,3中山6,晴,7.0,4歳以上1勝クラス,15,1.0,1,6.9,3.0,5,田辺裕信,56.0,芝,1600.0,良,93.2,0.4,1-1-1,35.2,440.0,4.0,ブラックジェダイト,82.0
2022104093,ガラク,2026/03/15,2中山6,晴,12.0,4歳以上1勝クラス,16,5.0,9,4.1,1.0,5,荻野極,56.0,ダ,1200.0,良,72.4,1.2,7-9,37.2,436.0,10.0,クインズポラリス,82.0
2022104093,ガラク,2025/12/21,5中京6,雨,3.0,3歳以上1勝クラス,16,4.0,8,5.4,2.0,7,荻野極,55.0,ダ,1800.0,稍,114.1,1.0,2-4-3-3,39.0,426.0,-8.0,ゼンエスポワール,
2022104093,ガラク,2025/11/23,5東京5,曇,6.0,3歳以上1勝クラス,16,5.0,9,4.3,3.0,5,荻野極,55.0,ダ,1600.0,良,98.2,0.5,1-1,37.2,434.0,4.0,カーラデマドレ,80.0
2022104093,ガラク,2025/10/05,4東京2,曇,8.0,3歳以上1勝クラス,14,3.0,4,6.1,3.0,2,荻野極,54.0,芝,1800.0,良,106.0,0.3,1-1-1,34.1,430.0,0.0,ジャサルディア,320.0
2022104093,ガラク,2025/09/06,4中山1,晴,9.0,古作特別(1勝クラス),11,1.0,1,9.6,3.0,3,荻野極,53.0,芝,1800.0,良,107.4,0.0,1-1-1-1,33.9,430.0,-2.0,シャドウメテオ,283.6
2022104093,ガラク,2025/07/13,2福島6,晴,9.0,織姫賞(1勝クラス),13,2.0,2,16.0,5.0,10,荻野極,53.0,芝,1800.0,良,109.9,1.2,3-4-5-7,36.9,432.0,2.0,ミラーダカリエンテ,
2022104093,ガラク,2025/05/24,2東京9,曇,1.0,3歳未勝利,16,1.0,1,2.1,1.0,1,戸崎圭太,55.0,ダ,1600.0,良,97.5,-0.2,1-1,37.1,430.0,0.0,(ファリーザ),560.0
2022104093,ガラク,2025/05/04,2東京4,晴,1.0,3歳未勝利,15,4.0,6,3.1,2.0,2,戸崎圭太,55.0,ダ,1600.0,稍,97.8,0.2,1-1,36.4,430.0,4.0,パイシャオピン,220.0
2022104093,ガラク,2025/03/01,1小倉11,曇,7.0,3歳未勝利,16,4.0,7,6.5,4.0,2,佐々木大,55.0,ダ,1700.0,良,107.8,0.3,1-1-1-1,39.2,426.0,-6.0,グレイスフルマーチ,220.0
2022104093,ガラク,2025/02/08,1東京3,晴,1.0,3歳未勝利,16,5.0,10,165.8,13.0,3,吉田豊,55.0,ダ,1400.0,良,87.6,0.9,4-5,37.7,432.0,0.0,セギレエルビエント,140.0
2023107372,ワディアルリヤハ,2026/05/30,2東京11,晴,3.0,3歳未勝利,18,2.0,4,1.8,1.0,1,レーン,55.0,芝,1400.0,良,81.0,0.0,2-1,34.5,452.0,2.0,(ヤマニンアレシス),590.0
2023107372,ワディアルリヤハ,2026/05/09,2東京5,晴,5.0,3歳未勝利,18,6.0,11,3.0,2.0,3,レーン,55.0,芝,1400.0,良,81.2,0.1,2-2,34.8,450.0,-2.0,カズノダイジョウ,150.0
2023107372,ワディアルリヤハ,2026/03/15,1中京2,晴,4.0,3歳未勝利,18,1.0,2,4.7,2.0,2,丸山元気,55.0,芝,1400.0,良,81.3,0.2,1-1,35.7,452.0,6.0,タイキプレジール,240.0
2023107372,ワディアルリヤハ,2025/12/14,5中山4,雨,2.0,2歳未勝利,16,4.0,8,1.9,1.0,4,戸崎圭太,55.0,芝,1200.0,良,70.4,0.3,5-5,35.3,446.0,2.0,ニルマーネル,84.0
2023107372,ワディアルリヤハ,2025/11/24,5東京6,晴,2.0,2歳未勝利,18,7.0,15,19.4,6.0,2,池添謙一,55.0,芝,1400.0,良,81.7,0.4,2-2,34.3,444.0,0.0,ミッキーダムール,220.0
2023107372,ワディアルリヤハ,2025/10/13,4東京5,晴,3.0,2歳未勝利,12,8.0,11,17.5,5.0,3,横山和生,55.0,芝,1400.0,良,82.3,0.3,10-11,33.6,444.0,4.0,シャオママル,140.0
2023107372,ワディアルリヤハ,2025/08/24,3新潟2,晴,6.0,2歳新馬,13,5.0,8,7.0,5.0,7,岩田望来,55.0,芝,1600.0,良,96.4,1.5,5-4,34.9,440.0,0.0,ルージュダリア,
2022105715,ジョワイユノエル,2026/05/16,1新潟5,晴,9.0,石打特別(1勝クラス),16,3.0,5,9.5,3.0,9,浜中俊,56.0,芝,1800.0,良,107.9,1.0,7-7,35.1,468.0,2.0,ルールーリマ,
2022105715,ジョワイユノエル,2026/03/28,1中京5,晴,7.0,4歳以上1勝クラス,15,4.0,8,6.0,3.0,4,浜中俊,56.0,芝,1600.0,良,94.8,0.4,5-5-5,33.9,466.0,4.0,キスアンドクライ,120.0
2022105715,ジョワイユノエル,2026/01/18,1京都7,晴,12.0,4歳以上1勝クラス,8,7.0,9,10.1,3.0,5,鮫島克駿,55.0,芝,1600.0,良,96.4,0.3,1-1,35.5,462.0,-2.0,サク,82.0
2022105715,ジョワイユノエル,2025/12/21,5中京6,雨,6.0,3歳以上1勝クラス,16,7.0,14,19.7,8.0,5,菅原明良,55.0,芝,1600.0,稍,96.4,0.3,9-12-11,34.8,464.0,4.0,ノクナレア,80.0
2022105715,ジョワイユノエル,2025/09/06,4阪神1,晴,7.0,3歳以上1勝クラス,13,7.0,11,6.7,3.0,6,小沢大仁,54.0,芝,1600.0,良,93.1,0.8,7-7,34.7,460.0,-18.0,スライビングロード,
2022105715,ジョワイユノエル,2025/08/02,3中京3,晴,11.0,3歳以上1勝クラス,13,7.0,11,13.6,8.0,11,小沢大仁,53.0,芝,2000.0,良,122.2,1.1,2-2-2-2,35.4,478.0,10.0,セナスタイル,
2022105715,ジョワイユノエル,2025/06/08,3阪神2,曇,6.0,3歳未勝利,18,3.0,5,4.5,2.0,1,鮫島克駿,55.0,芝,1800.0,良,106.5,0.0,5-6,34.0,468.0,4.0,(ジュヌフィーユ),560.0
2022105715,ジョワイユノエル,2025/05/24,1新潟7,曇,5.0,3歳未勝利,16,6.0,12,4.1,1.0,3,丹内祐次,55.0,芝,1800.0,良,109.1,0.1,3-3,34.5,464.0,8.0,ウィズマスタング,140.0
2022105715,ジョワイユノエル,2025/02/23,1京都8,曇,5.0,3歳未勝利,16,5.0,9,7.6,4.0,12,池添謙一,55.0,芝,1800.0,良,109.9,1.6,6-6,38.1,456.0,-8.0,レベルスルール,
2022105715,ジョワイユノエル,2025/01/25,1中京8,晴,6.0,3歳未勝利,16,5.0,10,7.8,4.0,3,浜中俊,55.0,芝,1600.0,良,96.4,0.9,12-12-12,34.7,464.0,0.0,グローリーリンク,140.0
2023104170,テンハートビート,2026/06/07,3東京2,曇,1.0,3歳未勝利,16,6.0,11,7.5,4.0,1,丹内祐次,55.0,ダ,1400.0,良,85.8,-0.4,3-3,37.5,454.0,10.0,(ユキノサイエンス),580.0
2023104170,テンハートビート,2026/03/21,2中山7,晴,1.0,3歳未勝利,16,3.0,5,3.8,2.0,4,津村明秀,55.0,ダ,1200.0,良,73.4,0.5,3-3,39.0,444.0,-2.0,ペイトー,89.0
2023104170,テンハートビート,2026/03/07,2中山3,晴,1.0,3歳未勝利,16,2.0,4,21.9,6.0,3,丹内祐次,55.0,ダ,1200.0,重,72.3,1.0,4-5,38.0,446.0,-4.0,トモジャオーリー,150.0
2023104170,テンハートビート,2025/12/06,5中山1,晴,3.0,2歳未勝利,15,8.0,15,246.1,11.0,11,遠藤汰月,52.0,芝,1600.0,良,96.3,0.9,4-2-2,34.9,450.0,-14.0,スミッコディスコ,
2023104170,テンハートビート,2025/11/24,5東京6,晴,6.0,2歳新馬,13,6.0,8,42.2,8.0,8,津村明秀,55.0,芝,1600.0,良,95.7,1.3,1-1,35.6,464.0,0.0,フェルミアーク,
2023100914,タイセイフレッサ,2026/06/07,3東京2,曇,8.0,3歳以上1勝クラス,17,4.0,8,4.4,2.0,3,岩田望来,53.0,芝,1600.0,良,93.0,0.2,10-11,34.0,474.0,0.0,ソニックライン,210.0
2023100914,タイセイフレッサ,2026/05/17,2東京8,晴,7.0,3歳1勝クラス,8,6.0,6,9.2,6.0,3,戸崎圭太,55.0,芝,1600.0,良,92.7,1.1,5-5,33.3,474.0,14.0,トミーバローズ,210.0
2023100914,タイセイフレッサ,2026/03/07,1阪神5,晴,11.0,フィリーズレビュー(GII),18,5.0,9,118.2,18.0,12,小沢大仁,55.0,芝,1400.0,良,81.5,0.9,5-6,35.4,460.0,-2.0,ギリーズボール,
2023100914,タイセイフレッサ,2025/12/13,5中京3,曇,9.0,つわぶき賞(1勝クラス),11,6.0,7,6.0,3.0,7,斎藤新,55.0,芝,1400.0,良,80.5,0.6,6-5,34.4,462.0,-6.0,プレセピオ,
2023100914,タイセイフレッサ,2025/10/30,門別,晴,11.0,エーデルワイス賞(JpnIII),11,1.0,1,9.2,3.0,3,斉藤新,55.0,ダ,1200.0,稍,73.4,0.7,4-4,37.5,468.0,6.0,リュウノフライト,400.0
2023100914,タイセイフレッサ,2025/08/24,3新潟2,晴,11.0,新潟2歳S(GIII),10,8.0,10,35.2,7.0,5,斎藤新,55.0,芝,1600.0,良,94.3,0.9,3-4,33.4,462.0,0.0,リアライズシリウス,310.0
2023100914,タイセイフレッサ,2025/08/10,2新潟6,雨,1.0,2歳未勝利,18,3.0,5,5.2,2.0,1,斎藤新,55.0,芝,1400.0,稍,82.1,-0.2,6-5,35.0,462.0,-2.0,(カレンデュラ),560.0
2023100914,タイセイフレッサ,2025/07/20,2福島8,晴,3.0,2歳未勝利,6,4.0,4,2.0,1.0,2,戸崎圭太,55.0,芝,1200.0,良,71.3,0.3,3-3,35.4,464.0,-4.0,クリエープキー,220.0
2023100914,タイセイフレッサ,2025/07/06,2福島4,曇,4.0,2歳新馬,11,1.0,1,2.8,1.0,2,戸崎圭太,55.0,芝,1200.0,良,71.9,0.3,3-2,35.7,468.0,0.0,リネンタイリン,300.0
2022101749,ブルバンビーナ,2026/05/16,1新潟5,晴,9.0,石打特別(1勝クラス),16,7.0,13,48.3,9.0,15,丹内祐次,56.0,芝,1800.0,良,109.4,2.5,4-2,37.2,406.0,0.0,ルールーリマ,
2022101749,ブルバンビーナ,2026/05/02,1新潟1,晴,8.0,4歳以上1勝クラス,13,2.0,2,64.9,8.0,5,河原田菜,52.0,芝,1600.0,稍,96.0,0.4,4-5,36.5,406.0,-2.0,ダノンブランニュー,82.0
2022101749,ブルバンビーナ,2026/02/21,1小倉9,晴,8.0,4歳以上1勝クラス,16,2.0,3,51.7,10.0,7,横山琉人,55.0,芝,1800.0,良,107.7,0.7,12-11-10-9,35.8,408.0,-4.0,ハニードレス,
2022101749,ブルバンビーナ,2026/02/14,1小倉7,雨,12.0,4歳以上1勝クラス,15,3.0,5,60.8,12.0,5,石田拓郎,52.0,芝,1800.0,良,108.8,0.4,7-7-7-7,35.2,412.0,4.0,シンゼンカガ,82.0
2022101749,ブルバンビーナ,2025/12/21,5中京6,雨,6.0,3歳以上1勝クラス,16,8.0,16,79.1,13.0,15,小林美駒,52.0,芝,1600.0,稍,97.9,1.8,12-15-16,35.8,408.0,6.0,ノクナレア,
2022101749,ブルバンビーナ,2025/10/25,4新潟3,曇,12.0,3歳以上1勝クラス,17,4.0,7,47.5,11.0,9,古川奈穂,51.0,芝,1400.0,良,82.3,1.0,14-13,35.0,402.0,0.0,ワタシマツワ,
2022101749,ブルバンビーナ,2025/08/23,3新潟1,晴,7.0,3歳以上1勝クラス,11,8.0,10,25.0,6.0,7,石田拓郎,50.0,芝,1800.0,良,108.3,0.6,1-1,34.3,402.0,0.0,クラッシファイド,
2022101749,ブルバンビーナ,2025/08/10,2新潟6,雨,11.0,3歳以上1勝クラス,14,8.0,14,40.7,8.0,4,石田拓郎,50.0,芝,2000.0,重,123.3,0.2,1-1,34.9,402.0,-2.0,ズイウンゴサイ,120.0
2022101749,ブルバンビーナ,2025/07/12,2福島5,曇,7.0,3歳以上1勝クラス,14,1.0,1,54.2,9.0,5,石田拓郎,50.0,芝,2000.0,良,124.1,1.1,8-8-12-12,36.8,404.0,-10.0,リアンベーレ,80.0
2022101749,ブルバンビーナ,2025/05/24,2東京9,曇,9.0,カーネーションC(1勝クラス),9,3.0,3,291.9,9.0,9,木幡巧也,55.0,芝,1800.0,良,108.5,3.1,8-8-9,36.0,414.0,-8.0,ジョスラン,
2022101749,ブルバンビーナ,2025/05/10,2東京5,曇,6.0,3歳1勝クラス,9,2.0,2,93.6,8.0,9,石川裕紀,55.0,芝,1800.0,稍,109.5,2.8,2-4-4,36.2,422.0,20.0,トレサフィール,
2022101749,ブルバンビーナ,2024/10/06,4新潟2,晴,2.0,2歳未勝利,15,6.0,10,15.2,5.0,1,石田拓郎,52.0,芝,1800.0,良,108.2,0.0,9-8,35.1,402.0,-6.0,(イスキオス),550.0
2022101749,ブルバンビーナ,2024/09/08,4中山2,晴,2.0,2歳未勝利,9,3.0,3,74.3,7.0,5,石田拓郎,52.0,芝,2000.0,良,121.6,0.4,6-7-6-5,34.5,408.0,-2.0,パートオブワールド,55.0
2022101749,ブルバンビーナ,2024/08/25,3新潟6,曇,6.0,2歳新馬,17,2.0,4,94.7,13.0,11,横山琉人,54.0,芝,1600.0,良,97.1,2.2,15-16,33.5,410.0,0.0,マイエレメント,
2022106741,メイリー,2026/05/23,2東京9,曇,7.0,4歳以上1勝クラス,18,7.0,14,59.7,11.0,14,吉田豊,56.0,芝,1600.0,良,93.9,1.6,12-14,34.3,450.0,0.0,ルナルーチェット,
2022106741,メイリー,2026/04/12,3中山6,晴,7.0,4歳以上1勝クラス,15,8.0,15,28.8,7.0,12,横山和生,56.0,芝,1600.0,良,93.9,1.1,7-7-8,35.3,450.0,0.0,ブラックジェダイト,
2022106741,メイリー,2026/03/28,1中京5,晴,7.0,4歳以上1勝クラス,15,2.0,4,25.4,12.0,2,富田暁,56.0,芝,1600.0,良,94.6,0.2,3-3-3,33.9,450.0,0.0,キスアンドクライ,330.0
2022106741,メイリー,2025/12/21,5中京6,雨,6.0,3歳以上1勝クラス,16,8.0,15,29.9,10.0,9,富田暁,55.0,芝,1600.0,稍,96.7,0.6,14-13-13,34.9,450.0,4.0,ノクナレア,
2022106741,メイリー,2025/10/13,4東京5,曇,9.0,3歳以上1勝クラス,18,5.0,9,15.0,4.0,12,横山武史,54.0,芝,1600.0,良,93.7,0.6,11-11,33.8,446.0,6.0,ダノンセンチュリー,
2022106741,メイリー,2025/09/14,4中山4,曇,12.0,3歳以上1勝クラス,16,2.0,4,34.6,8.0,3,佐々木大,54.0,芝,1600.0,良,93.1,0.6,2-4-4,34.8,440.0,8.0,エンペラーズソード,200.0
2022106741,メイリー,2025/05/31,2東京11,雨,3.0,3歳未勝利,18,8.0,18,14.2,4.0,1,佐々木大,55.0,芝,1400.0,稍,83.1,0.0,9-9,35.6,432.0,0.0,(ガジュノリホワイト),560.0
2022106741,メイリー,2025/04/12,1福島1,曇,2.0,3歳未勝利,16,7.0,13,9.2,2.0,7,佐々木大,55.0,芝,1200.0,良,70.1,0.8,6-5,35.7,432.0,2.0,ハリウッドメモリー,
2022106741,メイリー,2025/03/16,2中京2,曇,5.0,3歳未勝利,18,7.0,14,7.8,3.0,4,岩田望来,55.0,芝,1400.0,重,84.4,0.4,7-6,36.6,430.0,-8.0,ラミアメンテ,84.0
2022106741,メイリー,2025/02/15,1東京5,晴,5.0,3歳未勝利,16,8.0,16,49.7,10.0,3,吉田豊,55.0,芝,1400.0,良,82.5,0.1,10-9,34.2,438.0,4.0,ダノンリュラ,140.0
2022106741,メイリー,2024/11/10,5東京4,曇,3.0,2歳未勝利,11,7.0,8,10.0,5.0,5,横山和生,55.0,芝,1400.0,良,82.9,0.6,2-2,35.4,434.0,4.0,ラブリーガール,55.0
2022106741,メイリー,2024/11/02,3福島1,雨,2.0,2歳未勝利,16,6.0,12,4.7,2.0,14,丸山元気,55.0,芝,1200.0,稍,72.9,2.4,9-9,37.8,430.0,2.0,エコロハート,
2022106741,メイリー,2024/10/14,4新潟4,晴,2.0,2歳未勝利,18,8.0,17,10.2,5.0,3,原優介,54.0,芝,1400.0,良,82.7,0.2,3-3,36.6,428.0,-6.0,サンナイアガラ,140.0
2022106741,メイリー,2024/08/11,3新潟2,晴,3.0,2歳未勝利,14,6.0,9,5.3,2.0,3,田辺裕信,55.0,芝,1400.0,良,82.6,0.4,6-6,36.2,434.0,-4.0,キョウエイボニータ,140.0
2022106741,メイリー,2024/07/20,2福島7,曇,6.0,2歳新馬,13,7.0,11,14.3,5.0,3,吉田豊,55.0,芝,1200.0,良,71.1,0.5,4-4,35.7,438.0,0.0,ミーントゥビー,180.0
2024106729,レッドネビュラ,2026/06/07,3阪神2,雨,5.0,2歳新馬,11,2.0,2,3.6,2.0,6,吉村誠之,55.0,芝,1400.0,稍,82.8,0.9,2-2,36.0,468.0,0.0,ビスケットサンド,
2024102341,ワイドアイリー,2026/07/04,2小倉3,曇,5.0,2歳新馬,13,4.0,4,57.6,10.0,7,幸英明,55.0,芝,1200.0,重,70.8,1.0,4-4,36.4,434.0,0.0,ブルーチップ,
2024100733,アースグリッパー,2026/06/20,1函館3,晴,6.0,2歳新馬,11,3.0,3,3.8,2.0,4,武豊,55.0,ダ,1000.0,良,60.8,1.6,6-5,36.5,486.0,0.0,ノリヤンモーニン,120.0
2024107339,シャインロード,2026/06/28,2小倉2,晴,5.0,2歳新馬,10,4.0,4,30.4,5.0,8,松若風馬,55.0,芝,1200.0,良,72.4,2.9,10-8,37.2,478.0,0.0,ワールドエンジェル,
2024102930,エルダークローネ,2026/06/28,2小倉2,晴,5.0,2歳新馬,10,7.0,7,4.8,3.0,2,田山旺佑,53.0,芝,1200.0,良,69.9,0.4,3-3,35.3,460.0,0.0,ワールドエンジェル,310.0
2024106083,エコロメジャー,2026/06/27,2福島1,晴,6.0,2歳新馬,10,5.0,5,6.6,3.0,3,戸崎圭太,55.0,ダ,1150.0,稍,70.4,1.4,6-6,37.8,460.0,0.0,エランヴィータ,200.0
2024101223,テーオージャスミン,2026/07/04,2小倉3,曇,5.0,2歳新馬,13,6.0,9,47.0,8.0,10,吉村誠之,55.0,芝,1200.0,重,71.7,1.9,3-3,37.4,430.0,0.0,ブルーチップ,
2024101015,クイーンズアイ,2026/06/28,2小倉2,晴,5.0,2歳新馬,10,7.0,8,67.7,8.0,6,太宰啓介,55.0,芝,1200.0,良,71.4,1.9,4-5,36.7,448.0,0.0,ワールドエンジェル,
2024102127,トム,2026/07/12,2福島6,小雨,4.0,2歳新馬,10,8.0,10,17.0,5.0,8,杉原誠人,55.0,芝,1200.0,稍,73.4,1.4,1-1,36.8,484.0,0.0,ラヴィサンエール,
2023101363,デルマトカチ,2026/07/04,2小倉3,曇,4.0,3歳未勝利,16,7.0,13,273.2,15.0,15,国分優作,55.0,ダ,1700.0,不,109.0,4.4,15-16-15-15,38.0,490.0,0.0,アンティスマ,
2023107357,レッドブライトン,2026/06/13,3阪神3,晴,4.0,3歳未勝利,16,4.0,8,4.6,2.0,5,西村淳也,57.0,芝,1800.0,良,106.3,0.4,3-2,36.2,466.0,-2.0,ラパンドール,58.0
2023107357,レッドブライトン,2026/05/17,2東京8,晴,5.0,3歳未勝利,11,8.0,10,6.2,3.0,4,西村淳也,57.0,芝,2400.0,良,145.0,0.7,1-1-1-1,35.9,468.0,4.0,ウルフマン,89.0
2023107357,レッドブライトン,2026/03/29,1中京6,晴,5.0,3歳未勝利,16,5.0,9,3.6,2.0,2,西村淳也,57.0,芝,2000.0,良,122.6,0.2,2-2-2-1,34.6,464.0,0.0,エンジョイドアスク,240.0
2023107357,レッドブライトン,2026/03/15,1中京2,晴,5.0,3歳未勝利,15,8.0,15,16.6,5.0,3,舟山瑠泉,54.0,芝,2200.0,良,133.0,0.5,2-2-2-2,36.3,464.0,-10.0,メイショウナルカミ,150.0
2023107357,レッドブライトン,2026/02/10,2京都4,晴,6.0,3歳未勝利,15,3.0,4,24.1,7.0,8,永島まな,55.0,芝,2400.0,良,148.6,1.0,1-1-1-2,38.2,474.0,8.0,パウンドフォーワン,
2023107357,レッドブライトン,2025/12/14,5阪神4,曇,1.0,2歳未勝利,11,6.0,6,22.3,7.0,8,松山弘平,56.0,ダ,1800.0,稍,116.6,3.0,1-1-1-2,42.1,466.0,-6.0,サンライズケヴィン,
2023107357,レッドブライトン,2025/11/22,4京都5,晴,6.0,2歳新馬,16,4.0,7,5.8,3.0,8,Ｃ．デム,56.0,ダ,1400.0,良,86.8,2.0,4-4,38.3,472.0,0.0,カタリテ,
2023104944,チュオンソン,2026/06/20,3阪神5,雨,6.0,3歳未勝利,17,8.0,18,109.7,15.0,8,酒井学,57.0,芝,1800.0,稍,108.3,1.0,11-7,34.9,460.0,0.0,メイショウショカツ,
2023104944,チュオンソン,2026/06/07,3阪神2,雨,6.0,3歳未勝利,16,6.0,12,65.7,10.0,5,松本大輝,57.0,芝,2000.0,稍,121.2,1.2,2-2-2-2,36.9,460.0,-8.0,エースフライト,58.0
2023104944,チュオンソン,2026/04/25,3京都1,晴,5.0,3歳未勝利,12,6.0,8,151.2,11.0,9,岩部純二,57.0,芝,2200.0,良,134.2,1.7,2-2-3-4,36.3,468.0,0.0,フウセン,
2023104944,チュオンソン,2026/03/22,1中京4,晴,4.0,3歳未勝利,15,3.0,5,35.3,9.0,9,横山典弘,57.0,芝,2000.0,良,121.5,1.2,8-10-12-12,35.7,468.0,0.0,ロザーンジュ,
2023104944,チュオンソン,2026/02/21,1阪神1,晴,4.0,3歳新馬,14,6.0,10,6.9,4.0,13,横山典弘,57.0,ダ,1800.0,良,119.0,3.5,6-6-6-8,40.6,468.0,0.0,エイコーンドリーム,
2023103501,シンゼンイセ,2026/07/04,2小倉3,曇,7.0,3歳未勝利,16,3.0,5,319.3,16.0,8,幸英明,57.0,芝,1800.0,重,109.3,1.3,14-14-12-12,36.6,444.0,-3.0,ベンティガオルサ,
2023103501,シンゼンイセ,2026/04/30,笠松,雨,8.0,赤坂宿特別(3歳),10,2.0,2,4.3,4.0,3,團野大成,57.0,ダ,1400.0,良,91.1,1.8,6-4-4,40.2,447.0,-3.0,ジーティーシップ,17.5
2023103501,シンゼンイセ,2026/03/28,2阪神1,晴,3.0,3歳未勝利,16,3.0,6,294.7,12.0,11,太宰啓介,57.0,ダ,1200.0,稍,74.2,1.7,15-15,37.1,450.0,2.0,レッドレベンディス,
2023103501,シンゼンイセ,2026/03/15,1阪神8,曇,3.0,3歳未勝利,16,2.0,4,426.5,16.0,8,太宰啓介,57.0,ダ,1200.0,良,74.4,1.6,16-15,37.3,448.0,-6.0,セイウンバジリスク,
2023103501,シンゼンイセ,2026/02/21,1阪神1,晴,3.0,3歳未勝利,15,1.0,2,282.1,12.0,11,団野大成,57.0,ダ,1400.0,良,88.4,1.9,10-10,38.3,454.0,2.0,オプティモ,
2023103501,シンゼンイセ,2026/02/07,2京都3,曇,3.0,3歳未勝利,14,5.0,7,97.8,13.0,8,団野大成,57.0,ダ,1400.0,良,87.3,1.3,6-7,38.1,452.0,0.0,フリッシュ,
2023103501,シンゼンイセ,2026/01/24,1小倉1,曇,1.0,3歳未勝利,10,2.0,2,43.8,8.0,8,団野大成,57.0,ダ,1700.0,良,109.0,1.6,3-2-5-3,39.7,452.0,-2.0,アンコールアゲイン,
2023103501,シンゼンイセ,2026/01/05,1京都2,晴,6.0,3歳未勝利,14,8.0,15,134.7,12.0,11,団野大成,57.0,芝,1600.0,良,96.4,1.1,10-10,35.8,454.0,-6.0,ベルサンローラン,
2023103501,シンゼンイセ,2025/09/20,4阪神6,曇,2.0,2歳未勝利,7,7.0,7,17.1,4.0,6,松山弘平,55.0,芝,2000.0,良,121.2,1.5,7-7-7-7,36.7,460.0,2.0,エチゴドラゴン,
2023103501,シンゼンイセ,2025/09/06,4阪神1,晴,5.0,2歳新馬,11,5.0,5,37.1,8.0,5,高杉吏麒,54.0,芝,1400.0,良,83.0,1.1,8-10,34.5,458.0,0.0,ベネサルート,75.0
2023106007,スマートエラン,2026/05/16,1新潟5,晴,5.0,3歳未勝利,16,2.0,3,11.4,6.0,11,舟山瑠泉,55.0,芝,1800.0,良,109.7,1.6,1-1,35.5,462.0,-4.0,アナザーフェイス,
2023106007,スマートエラン,2026/04/19,1福島4,晴,3.0,3歳未勝利,16,6.0,12,4.4,2.0,4,舟山瑠泉,55.0,芝,2000.0,良,120.4,0.2,6-6-5-3,36.2,466.0,14.0,グラスベルグ,89.0
2023106007,スマートエラン,2025/10/19,4東京7,雨,5.0,2歳新馬,18,3.0,6,3.2,2.0,5,菅原明良,56.0,芝,1800.0,良,110.8,0.6,3-5-5,34.2,452.0,0.0,ブラウンバナナ,75.0
2023107094,コスモフィレンツェ,2026/04/25,3京都1,晴,5.0,3歳未勝利,12,1.0,1,3.3,2.0,2,幸英明,57.0,芝,2200.0,良,132.7,0.2,3-3-3-4,34.9,490.0,-4.0,フウセン,240.0
2023107094,コスモフィレンツェ,2026/04/11,2阪神5,晴,4.0,3歳未勝利,15,3.0,5,2.9,2.0,4,幸英明,57.0,芝,2000.0,稍,121.7,0.5,2-2-2-2,36.1,494.0,6.0,オリオンブレード,89.0
2023107094,コスモフィレンツェ,2025/09/21,4阪神7,晴,5.0,2歳新馬,9,6.0,6,2.3,1.0,2,和田竜二,55.0,芝,1800.0,良,107.3,0.1,2-2,34.2,488.0,0.0,バークシャーシチー,300.0
2023103357,マサハヤルージュ,2026/06/28,2小倉2,曇,2.0,3歳未勝利,16,1.0,2,35.2,8.0,9,吉村誠之,55.0,芝,1800.0,良,108.7,1.5,5-5-7-7,36.9,428.0,-2.0,サンダーバード,
2023103357,マサハヤルージュ,2026/05/24,1新潟8,曇,5.0,3歳未勝利,16,4.0,7,34.6,11.0,15,和田陽希,52.0,芝,2000.0,稍,126.9,3.1,2-2-3-9,39.1,430.0,6.0,ディアアズール,
2023103357,マサハヤルージュ,2026/05/03,1新潟2,晴,1.0,3歳未勝利,16,5.0,10,63.9,12.0,3,和田陽希,52.0,芝,2000.0,稍,122.5,0.1,5-5-6-4,36.0,424.0,0.0,オモイヲノセテ,150.0
2023103357,マサハヤルージュ,2026/04/26,3京都2,晴,3.0,3歳未勝利,18,3.0,5,122.3,13.0,13,吉村誠之,55.0,芝,1200.0,良,69.1,1.6,8-10,34.8,424.0,6.0,タナスーペルノーバ,
2023103357,マサハヤルージュ,2026/03/14,1中京1,晴,2.0,3歳未勝利,16,4.0,7,14.0,5.0,10,田山旺佑,52.0,ダ,1200.0,良,75.2,2.0,8-7,38.7,418.0,-4.0,ゴーゴーパンチ,
2023103357,マサハヤルージュ,2026/01/31,2京都1,晴,6.0,3歳未勝利,16,7.0,13,54.8,9.0,8,高杉吏麒,55.0,芝,1600.0,良,95.8,0.7,9-8,36.0,422.0,4.0,ペイシャシス,
2023103357,マサハヤルージュ,2026/01/10,1京都3,晴,5.0,3歳未勝利,18,5.0,10,44.1,10.0,12,岩田望来,55.0,芝,1600.0,良,96.9,1.7,3-3,37.1,418.0,-4.0,ダンデノン,
2023103357,マサハヤルージュ,2025/10/13,3京都5,晴,3.0,2歳未勝利,16,3.0,5,4.0,1.0,15,岩田望来,55.0,芝,1400.0,良,83.6,2.7,4-4,38.1,422.0,6.0,ネネキリマル,
2023103357,マサハヤルージュ,2025/09/15,4阪神5,晴,5.0,2歳新馬,10,2.0,2,31.5,6.0,2,高杉吏麒,54.0,芝,1600.0,良,96.5,0.0,3-4,33.4,416.0,0.0,アイガーリー,300.0
2023105040,アメジストブリエ,2026/07/11,2小倉5,晴,3.0,3歳未勝利,18,4.0,8,67.3,12.0,14,高倉稜,55.0,芝,2000.0,良,122.8,1.8,9-10-12-14,36.0,434.0,6.0,フィニステーレ,
2023105040,アメジストブリエ,2026/05/24,3京都10,晴,4.0,3歳未勝利,10,3.0,3,66.4,8.0,7,高倉稜,55.0,芝,2000.0,良,121.3,2.0,2-2-2-3,37.0,428.0,0.0,スノースケープ,
2023105040,アメジストブリエ,2026/05/02,1新潟1,晴,2.0,3歳未勝利,15,1.0,1,30.8,10.0,9,和田陽希,52.0,ダ,1800.0,不,117.9,3.1,15-15-14-14,41.3,428.0,0.0,ミアルーチェ,
2023105040,アメジストブリエ,2026/03/15,1中京2,晴,5.0,3歳未勝利,15,7.0,13,25.2,7.0,6,武豊,55.0,芝,2200.0,良,133.9,1.4,10-10-9-10,36.3,428.0,-8.0,メイショウナルカミ,
2023105040,アメジストブリエ,2026/03/01,1小倉12,晴,2.0,3歳未勝利,16,7.0,13,63.8,8.0,6,富田暁,55.0,芝,2000.0,良,124.2,0.7,15-15-11-10,36.4,436.0,0.0,アストリル,
2023101175,プロットシッケンズ,2026/03/29,2阪神2,晴,5.0,3歳未勝利,12,5.0,6,33.5,7.0,9,菱田裕二,57.0,芝,2000.0,良,122.6,2.2,12-12-5-6,37.0,484.0,0.0,サイモンシャリオ,
2023105647,プレスバーン,2026/05/09,3京都5,晴,4.0,3歳未勝利,15,7.0,13,4.6,2.0,3,川田将雅,55.0,芝,2000.0,良,120.6,0.3,2-4-3-3,34.5,440.0,-2.0,マジカルアメジスト,150.0
2023105647,プレスバーン,2026/04/19,2阪神8,晴,2.0,3歳未勝利,16,6.0,12,10.5,5.0,2,池添謙一,55.0,芝,2000.0,良,121.2,0.1,8-8-4-2,34.8,442.0,2.0,ベルシュヴァル,240.0
2023105647,プレスバーン,2026/03/28,1中京5,晴,5.0,3歳未勝利,15,4.0,7,34.6,10.0,3,池添謙一,55.0,芝,2200.0,良,133.4,0.2,8-6-6-5,35.8,440.0,0.0,マイバレンタイン,150.0
2023105647,プレスバーン,2026/01/18,1京都7,晴,5.0,3歳新馬,17,7.0,14,165.7,15.0,8,小沢大仁,55.0,芝,2000.0,良,124.4,0.9,5-6-7-5,35.9,440.0,0.0,クリスレジーナ,
2023104405,ラピス,2026/06/21,3阪神6,晴,4.0,3歳未勝利,18,6.0,12,16.1,6.0,18,Ｍ．デム,55.0,芝,2400.0,稍,160.1,12.5,1-1-1-4,48.8,434.0,-2.0,バディ,
2023104405,ラピス,2026/03/07,1阪神5,晴,4.0,3歳未勝利,13,4.0,4,14.5,6.0,6,北村友一,55.0,芝,2400.0,稍,151.3,1.1,7-8-6-6,35.0,436.0,-2.0,カットソロ,
2023104405,ラピス,2026/02/10,2京都4,晴,6.0,3歳未勝利,15,2.0,3,11.2,4.0,5,横山和生,55.0,芝,2400.0,良,148.2,0.6,12-11-11-8,36.6,438.0,-4.0,パウンドフォーワン,59.0
2023104405,ラピス,2026/01/18,1京都7,晴,5.0,3歳新馬,17,6.0,11,33.9,8.0,7,横山典弘,55.0,芝,2000.0,良,124.4,0.9,16-15-14-13,35.4,442.0,0.0,クリスレジーナ,
2023103387,フィンガーレイクス,2026/04/18,2阪神7,晴,4.0,3歳未勝利,18,6.0,11,9.5,4.0,10,吉村誠之,57.0,芝,1800.0,良,106.8,1.0,13-11,34.5,502.0,-18.0,ダノンテムズ,
2023103387,フィンガーレイクス,2026/03/14,1中京1,晴,4.0,3歳未勝利,16,5.0,9,11.1,5.0,7,和田陽希,54.0,芝,1600.0,良,94.9,0.7,7-10-9,34.2,520.0,0.0,ルージュリリック,
2023100141,ヨシノサンキュー,2025/10/26,3京都9,曇,5.0,2歳新馬,10,8.0,9,111.3,8.0,10,角田大和,56.0,芝,1800.0,稍,117.6,7.1,5-10,39.8,490.0,0.0,テルヒコウ,
2023103168,ベルアズーロ,2026/07/04,2小倉3,曇,6.0,3歳未勝利,16,1.0,2,30.5,9.0,2,吉村誠之,57.0,ダ,1700.0,不,102.9,1.4,2-2-2-2,37.9,544.0,4.0,ピエナオルカ,230.0
2023103168,ベルアズーロ,2026/06/06,3阪神1,晴,6.0,3歳未勝利,16,8.0,15,47.1,10.0,4,吉村誠之,57.0,ダ,1800.0,良,115.8,1.6,3-3-3-3,38.5,540.0,-8.0,メイショウコシュウ,87.0
2023103168,ベルアズーロ,2026/05/10,3京都6,晴,5.0,3歳未勝利,13,7.0,10,18.2,6.0,12,吉村誠之,57.0,芝,2000.0,良,121.8,2.6,5-5-6-4,37.6,548.0,6.0,アトレッタ,
2023103168,ベルアズーロ,2026/04/11,2阪神5,晴,4.0,3歳未勝利,15,1.0,2,113.1,10.0,9,柴田裕一,55.0,芝,2000.0,稍,122.1,0.9,6-6-7-7,36.1,542.0,0.0,オリオンブレード,
2023105232,ヴァンドゥーヴル,2026/03/22,1中京4,晴,3.0,3歳未勝利,15,7.0,13,16.7,8.0,7,小崎綾也,57.0,ダ,1800.0,良,115.8,1.1,13-12-12-12,38.1,472.0,-4.0,ルーナディサングエ,
2023105232,ヴァンドゥーヴル,2026/02/01,2京都2,晴,5.0,3歳未勝利,13,2.0,2,76.6,7.0,7,高杉吏麒,57.0,芝,2000.0,良,123.6,1.5,4-4-6-10,35.9,476.0,2.0,メイショウテンク,
2023105232,ヴァンドゥーヴル,2026/01/18,1京都7,晴,5.0,3歳新馬,17,1.0,2,16.8,5.0,12,岩田望来,57.0,芝,2000.0,良,124.9,1.4,14-15-16-15,35.7,474.0,0.0,クリスレジーナ,
2023101035,テリコス,2026/06/28,1函館6,晴,2.0,3歳未勝利,14,3.0,4,12.5,6.0,14,岩田康誠,57.0,ダ,1700.0,稍,108.4,2.4,9-9-10-9,39.4,508.0,10.0,ライカ,
2023101035,テリコス,2026/06/14,1函館2,晴,2.0,3歳未勝利,11,6.0,7,8.2,5.0,10,岩田康誠,57.0,ダ,1700.0,良,107.5,2.0,6-6-5-7,40.1,498.0,-8.0,ストロングボーイ,
2023101035,テリコス,2026/05/16,1新潟5,晴,4.0,3歳未勝利,11,7.0,8,17.4,5.0,2,岩田康誠,57.0,ダ,1800.0,良,114.8,0.2,1-1-1-1,38.6,506.0,-4.0,ボールドタワー,240.0
2023101035,テリコス,2026/05/02,3京都3,晴,2.0,3歳未勝利,15,7.0,12,8.0,5.0,13,吉村誠之,57.0,ダ,1800.0,重,115.8,3.2,6-6-5-5,39.6,510.0,0.0,ケンフィールド,
2023101035,テリコス,2026/01/24,1京都8,晴,3.0,3歳新馬,16,2.0,3,6.1,3.0,6,岩田康誠,57.0,ダ,1800.0,良,117.8,0.7,5-4-5-5,38.2,510.0,0.0,ホーナー,
2023103707,テイクザスローン,2026/06/07,3阪神2,雨,6.0,3歳未勝利,16,7.0,14,51.5,9.0,12,高倉稜,57.0,芝,2000.0,稍,122.0,2.0,4-4-4-2,37.6,472.0,-2.0,エースフライト,
2023103707,テイクザスローン,2026/05/17,3京都8,晴,5.0,3歳未勝利,10,7.0,7,41.9,7.0,6,高倉稜,57.0,芝,2000.0,良,121.0,0.4,6-3-2-2,35.3,474.0,4.0,エンジェルボイス,
2023103707,テイクザスローン,2026/05/02,3京都3,晴,5.0,3歳未勝利,13,4.0,4,167.4,10.0,7,高倉稜,57.0,芝,2000.0,良,122.0,0.6,2-2-2-2,34.9,470.0,-2.0,ロードスタニング,
2023103707,テイクザスローン,2026/03/07,1阪神5,晴,5.0,3歳未勝利,18,4.0,7,247.1,16.0,15,高倉稜,57.0,芝,1600.0,良,96.8,2.5,6-8,36.2,472.0,10.0,レザベーション,
2023103707,テイクザスローン,2025/12/20,5阪神5,晴,2.0,2歳未勝利,16,8.0,16,371.7,13.0,9,田口貫太,56.0,芝,2000.0,良,122.3,1.6,3-3-3-3,35.8,462.0,0.0,バステール,
2023103707,テイクザスローン,2025/12/07,5中京2,晴,1.0,2歳未勝利,13,6.0,9,46.0,8.0,11,富田暁,56.0,ダ,1800.0,良,118.0,4.2,2-3-3-3,41.7,462.0,0.0,リベッチオ,
2023103707,テイクザスローン,2025/08/30,4中京3,晴,1.0,2歳未勝利,12,7.0,9,97.2,9.0,10,富田暁,55.0,芝,2000.0,良,122.7,2.2,9-10-10-8,34.9,462.0,2.0,カラペルソナ,
2023103707,テイクザスローン,2025/06/15,3東京4,曇,5.0,2歳新馬,10,6.0,6,14.5,4.0,6,菅原明良,55.0,芝,1600.0,稍,98.4,2.7,4-6,37.0,460.0,0.0,リアライズシリウス,
2023100430,ロードファイター,2026/06/06,3阪神1,晴,6.0,3歳未勝利,16,1.0,1,40.0,9.0,9,団野大成,57.0,ダ,1800.0,良,116.4,2.2,14-14-14-13,37.9,470.0,-4.0,メイショウコシュウ,
2023100430,ロードファイター,2026/05/23,3京都9,曇,2.0,3歳未勝利,14,8.0,14,28.8,7.0,4,団野大成,57.0,ダ,1800.0,稍,115.3,1.1,5-4-5-7,39.4,474.0,0.0,フォーオール,89.0
2023100430,ロードファイター,2026/05/02,3京都3,晴,2.0,3歳未勝利,15,5.0,9,32.3,7.0,5,団野大成,57.0,ダ,1800.0,重,114.6,2.0,11-11-10-10,37.9,474.0,0.0,ケンフィールド,59.0
2023100430,ロードファイター,2026/04/19,2阪神8,晴,3.0,3歳未勝利,16,4.0,8,71.7,10.0,8,角田大和,57.0,ダ,1400.0,良,86.6,1.6,13-12,37.9,474.0,14.0,バロニアル,
2023100430,ロードファイター,2026/01/04,1京都1,晴,2.0,3歳未勝利,16,8.0,15,42.4,8.0,8,西村淳也,57.0,ダ,1800.0,良,116.3,2.8,12-11-11-10,38.9,460.0,-10.0,タガノエルー,
2023100430,ロードファイター,2025/12/13,5阪神3,晴,2.0,2歳未勝利,10,8.0,9,11.3,4.0,5,高杉吏麒,56.0,ダ,1800.0,良,116.9,3.2,5-5-4-3,40.0,470.0,-6.0,スカイストライプス,56.0
2023100430,ロードファイター,2025/11/23,4京都6,晴,2.0,2歳未勝利,13,1.0,1,7.9,4.0,5,高杉吏麒,56.0,ダ,1800.0,良,115.8,1.8,10-9-6-5,39.4,476.0,6.0,クラックショット,56.0
2023100430,ロードファイター,2025/09/07,4阪神2,晴,1.0,2歳未勝利,7,6.0,6,3.0,1.0,5,高杉吏麒,54.0,ダ,1800.0,良,116.8,1.8,6-6-6-6,39.5,470.0,8.0,リヒトミューレ,56.0
2023100430,ロードファイター,2025/08/17,3中京8,晴,3.0,2歳新馬,9,4.0,4,62.0,8.0,5,高杉吏麒,54.0,芝,1600.0,良,97.1,0.9,9-9-7,34.2,462.0,0.0,スウィッチインラヴ,75.0
2023105624,グランピアン,2026/06/21,3阪神6,晴,6.0,3歳未勝利,18,5.0,10,115.6,16.0,15,松若風馬,55.0,芝,1400.0,稍,84.0,3.2,16-17,36.0,472.0,0.0,ルージュスプリヤ,
2023104408,ナウオアネヴァー,2026/05/17,1新潟6,晴,2.0,3歳未勝利,9,1.0,1,4.8,3.0,3,川又賢治,57.0,ダ,1800.0,良,115.4,0.5,1-1-1-1,38.1,500.0,-2.0,エタンセル,150.0
2023104408,ナウオアネヴァー,2026/05/02,2東京3,晴,3.0,3歳未勝利,9,7.0,7,3.1,2.0,5,川又賢治,57.0,ダ,2100.0,重,133.8,1.0,4-4-4-4,38.2,502.0,-14.0,リオンサーガ,59.0
2023104408,ナウオアネヴァー,2026/03/21,1中京3,晴,1.0,3歳未勝利,13,6.0,9,14.7,3.0,2,川又賢治,57.0,ダ,1800.0,良,115.8,0.1,3-3-3-3,38.3,516.0,10.0,コルヴァス,240.0
2023104408,ナウオアネヴァー,2026/02/28,1阪神3,晴,2.0,3歳未勝利,14,7.0,12,20.2,6.0,5,川又賢治,57.0,ダ,1800.0,良,116.0,1.1,7-6-8-8,38.2,506.0,4.0,クリュギスト,59.0
2023104408,ナウオアネヴァー,2026/02/14,2京都5,晴,4.0,3歳未勝利,16,8.0,16,4.8,2.0,8,高杉吏麒,57.0,ダ,1400.0,稍,87.3,2.1,14-10,38.0,502.0,-8.0,テーオーパーセル,
2023104408,ナウオアネヴァー,2026/01/04,1京都1,晴,2.0,3歳未勝利,16,6.0,11,6.4,2.0,6,高杉吏麒,57.0,ダ,1800.0,良,115.8,2.3,2-2-4-4,39.8,510.0,6.0,タガノエルー,
2023104408,ナウオアネヴァー,2025/12/21,5中京6,小雨,1.0,2歳未勝利,16,6.0,12,3.5,2.0,5,高杉吏麒,56.0,ダ,1800.0,稍,116.9,1.7,2-2-1-1,40.5,504.0,4.0,マッドゲイル,56.0
2023104408,ナウオアネヴァー,2025/11/15,4京都3,晴,3.0,2歳未勝利,10,3.0,3,59.5,8.0,3,高杉吏麒,56.0,ダ,1800.0,良,114.4,0.8,4-4-4-4,37.8,500.0,0.0,ブームバップビート,140.0
2023104408,ナウオアネヴァー,2025/11/02,3京都11,晴,1.0,2歳未勝利,15,4.0,7,23.9,8.0,6,小崎綾也,56.0,ダ,1800.0,稍,115.4,1.8,7-9-7-6,39.0,500.0,-2.0,テイエムゴッホ,
2023104408,ナウオアネヴァー,2025/09/20,4阪神6,曇,1.0,2歳未勝利,10,7.0,8,171.9,9.0,7,小崎綾也,55.0,ダ,1800.0,良,116.4,1.1,6-7-9-9,39.8,502.0,0.0,エコロレーヴ,
2023104408,ナウオアネヴァー,2025/09/07,4阪神2,晴,1.0,2歳未勝利,7,2.0,2,7.6,5.0,7,岩田望来,55.0,ダ,1800.0,良,119.0,4.0,4-4-4-4,42.0,502.0,4.0,リヒトミューレ,
2023104408,ナウオアネヴァー,2025/07/13,2小倉6,曇,5.0,2歳新馬,8,6.0,6,12.9,5.0,6,坂井瑠星,55.0,芝,2000.0,良,128.7,3.6,3-5-5-6,37.7,498.0,0.0,ウイナーズナイン,
2023100899,マーゴットショット,2026/05/17,3京都8,晴,3.0,3歳未勝利,12,5.0,5,74.6,9.0,10,荻野琢真,57.0,ダ,1900.0,良,125.5,4.3,5-5-4-4,42.2,456.0,-2.0,ヒラボクソライア,
2023100899,マーゴットショット,2026/04/25,3京都1,晴,5.0,3歳未勝利,12,7.0,10,112.1,9.0,12,荻野琢真,57.0,芝,2200.0,良,134.5,2.0,12-12-10-10,36.1,458.0,0.0,フウセン,
2023100899,マーゴットショット,2026/02/08,1小倉6,曇,5.0,3歳新馬,9,6.0,6,,,取,松本大輝,57.0,芝,2000.0,良,,,,,,,アンジュドジョワ,
2023103395,ボクサークラブ,2026/06/07,3阪神2,雨,3.0,3歳未勝利,16,4.0,7,9.6,4.0,8,鮫島克駿,57.0,ダ,1800.0,良,116.0,1.8,3-3-3-3,39.6,490.0,6.0,ロードヴェリタス,
2023103395,ボクサークラブ,2026/05/09,2東京5,晴,2.0,3歳未勝利,11,7.0,8,3.2,2.0,7,丹内祐次,57.0,ダ,2100.0,良,137.7,1.6,5-4-3-3,39.8,484.0,-4.0,ソニックキャット,
2023103395,ボクサークラブ,2026/04/18,2阪神7,晴,3.0,3歳未勝利,15,4.0,7,12.6,6.0,5,鮫島克駿,57.0,ダ,2000.0,良,127.8,0.8,3-3-6-4,38.3,488.0,-4.0,フィサブロス,59.0
2023103395,ボクサークラブ,2026/03/29,2阪神2,晴,2.0,3歳未勝利,9,5.0,5,15.3,5.0,4,斎藤新,57.0,ダ,2000.0,良,128.0,1.1,4-6-6-4,38.5,492.0,10.0,ミスターエメラルド,89.0
2023103395,ボクサークラブ,2026/01/24,1京都8,晴,5.0,3歳未勝利,18,8.0,18,418.0,17.0,14,西村淳也,57.0,芝,2200.0,良,138.3,2.8,11-11-13-13,36.7,482.0,2.0,ブラックオリンピア,
2023103395,ボクサークラブ,2026/01/04,1京都1,曇,5.0,3歳新馬,18,7.0,13,68.6,10.0,16,坂井瑠星,57.0,芝,1800.0,良,112.6,2.1,6-5,36.2,480.0,0.0,タイキルッジェーロ,
2023104950,アステリアート,2026/06/21,3阪神6,晴,6.0,3歳未勝利,18,2.0,4,60.1,10.0,9,富田暁,57.0,芝,1400.0,稍,82.0,1.2,4-4,36.3,478.0,7.0,ルージュスプリヤ,
2023104950,アステリアート,2026/03/11,高知,晴,2.0,竜王盃(3歳),12,6.0,8,3.4,1.0,10,川又賢治,57.0,ダ,1400.0,稍,96.2,3.3,3-3-2-4,45.0,471.0,-7.0,ブルズアイプリンス,
2023104950,アステリアート,2026/01/24,1京都8,晴,6.0,3歳未勝利,17,8.0,16,42.5,8.0,9,川又賢治,57.0,芝,1400.0,良,83.1,1.1,14-11,35.3,478.0,4.0,メルメラーダ,
2023104950,アステリアート,2026/01/05,1中山2,晴,5.0,3歳新馬,16,8.0,15,128.4,12.0,4,難波剛健,57.0,芝,1600.0,良,95.9,0.6,11-4-5,35.7,474.0,0.0,デイトナチャンプ,98.0
2023102593,ジャスティンレビン,2026/04/11,2阪神5,晴,3.0,3歳未勝利,13,7.0,11,8.5,2.0,6,北村友一,57.0,ダ,1800.0,重,113.6,1.8,6-6-7-7,39.2,514.0,2.0,ジュンドラドラ,
2023102593,ジャスティンレビン,2026/03/22,1阪神10,晴,2.0,3歳未勝利,13,8.0,12,4.8,4.0,4,北村友一,57.0,ダ,1800.0,良,115.6,0.9,3-3-3-3,38.6,512.0,-2.0,アーサーバローズ,89.0
2023102593,ジャスティンレビン,2026/03/01,1阪神4,晴,3.0,3歳未勝利,12,4.0,4,3.6,2.0,8,北村友一,57.0,ダ,2000.0,良,129.1,1.3,7-7-7-8,39.1,514.0,-2.0,シャローファースト,
2023102593,ジャスティンレビン,2026/01/17,1京都6,晴,1.0,3歳未勝利,10,4.0,4,30.7,3.0,2,北村友一,57.0,ダ,1800.0,良,115.5,1.0,5-5-3-3,38.5,516.0,-2.0,リアライズグリント,240.0
2023102593,ジャスティンレビン,2025/12/27,5阪神7,晴,5.0,2歳新馬,14,7.0,11,36.1,8.0,9,ジェルー,56.0,芝,2000.0,良,124.3,1.7,11-11-11-10,34.7,518.0,0.0,ショウナンハヤナミ,
2023102726,タロ,2026/06/30,盛岡,晴,9.0,アメジスト賞(3歳),12,4.0,4,2.3,2.0,2,田山旺佑,54.0,芝,1700.0,良,104.5,0.3,2-2-2-1,36.7,474.0,6.0,エルナト,42.0
2023102726,タロ,2026/05/03,1新潟2,晴,3.0,3歳未勝利,14,3.0,3,3.8,2.0,3,田山旺佑,55.0,ダ,1800.0,稍,115.5,0.4,2-2-2-2,39.8,468.0,4.0,カシノスパーク,150.0
2023102726,タロ,2026/04/12,3中山6,晴,2.0,3歳未勝利,14,7.0,12,16.8,5.0,2,田山旺佑,54.0,ダ,1800.0,稍,115.6,0.6,3-3-3-1,38.6,464.0,-6.0,アルデキングダム,240.0
2023102726,タロ,2026/03/28,1中京5,晴,4.0,3歳未勝利,14,5.0,7,16.3,5.0,4,田山旺佑,54.0,ダ,1800.0,稍,115.0,0.9,2-2-1-1,39.8,470.0,0.0,アスクドゥチャンプ,89.0
2023102726,タロ,2026/02/28,1阪神3,晴,2.0,3歳未勝利,14,7.0,11,12.9,4.0,4,田山旺佑,54.0,ダ,1800.0,良,115.9,1.0,4-3-4-4,38.5,470.0,8.0,クリュギスト,89.0
2023102726,タロ,2026/01/10,1京都3,晴,2.0,3歳未勝利,14,1.0,1,11.7,5.0,4,田山旺佑,54.0,ダ,1900.0,良,122.9,0.3,1-1-1-1,38.8,462.0,0.0,セイントホース,89.0
2023102726,タロ,2025/12/28,5中山8,晴,6.0,2歳新馬,18,6.0,12,153.1,14.0,9,鮫島克駿,56.0,芝,2000.0,良,124.6,1.0,1-1-1-1,36.8,462.0,0.0,コンジェスタス,
2023105649,コーディアリティ,2026/05/16,1新潟5,晴,4.0,3歳未勝利,11,2.0,2,55.7,7.0,8,小崎綾也,57.0,ダ,1800.0,良,116.4,1.8,5-7-6-8,39.3,532.0,-10.0,ボールドタワー,
2023105649,コーディアリティ,2026/05/02,2東京3,晴,2.0,3歳未勝利,14,7.0,11,41.2,5.0,9,ディー,57.0,ダ,1600.0,重,99.0,2.7,11-12,37.6,542.0,6.0,プレースメント,
2023105649,コーディアリティ,2026/04/19,1福島4,晴,3.0,3歳未勝利,16,8.0,15,67.8,14.0,13,田山旺佑,54.0,芝,2000.0,良,122.5,2.3,10-9-13-16,37.4,536.0,0.0,グラスベルグ,
2023103190,アスクハッピーマン,2026/07/11,2小倉5,晴,2.0,3歳未勝利,16,3.0,6,4.6,2.0,3,松山弘平,57.0,ダ,1700.0,良,107.2,0.3,4-5-5-4,39.0,482.0,-2.0,ダイメイクマモト,150.0
2023103190,アスクハッピーマン,2026/05/17,3京都8,晴,3.0,3歳未勝利,12,7.0,9,4.0,2.0,6,古川奈穂,55.0,ダ,1900.0,良,123.6,2.4,1-1-1-2,41.5,484.0,-4.0,ヒラボクソライア,
2023103190,アスクハッピーマン,2026/05/03,3京都4,曇,2.0,3歳未勝利,12,4.0,4,5.5,4.0,2,戸崎圭太,57.0,ダ,1900.0,稍,120.3,0.1,3-3-3-3,38.2,488.0,-8.0,メイショウサッソウ,240.0
2023103190,アスクハッピーマン,2026/04/19,1福島4,晴,4.0,3歳未勝利,15,3.0,5,22.5,8.0,6,古川奈穂,55.0,ダ,1700.0,良,107.8,1.5,13-12-6-6,38.8,496.0,0.0,アラクラン,
2023106872,イルミナジーティー,2026/05/16,1新潟5,晴,3.0,3歳未勝利,16,6.0,12,22.4,8.0,12,斎藤新,55.0,芝,1600.0,良,96.0,1.2,11-11,34.8,436.0,-2.0,ミラキュラスアース,
2023106872,イルミナジーティー,2026/05/03,2東京4,曇,5.0,3歳未勝利,15,2.0,2,7.3,5.0,4,佐々木大,55.0,芝,1800.0,良,108.0,0.5,8-7-7,34.2,438.0,-2.0,オメガディコン,89.0
2023106872,イルミナジーティー,2026/02/22,1小倉10,晴,5.0,3歳未勝利,13,6.0,8,5.0,3.0,7,丹内祐次,55.0,芝,2000.0,良,122.0,1.5,7-7-7-6,37.0,440.0,0.0,エイシンイグニース,
2023106872,イルミナジーティー,2026/01/31,1小倉3,晴,2.0,3歳未勝利,18,1.0,1,5.7,2.0,5,丹内祐次,55.0,芝,2000.0,良,120.3,0.5,5-4-3-3,36.1,440.0,6.0,フォーチュンライド,59.0
2023106872,イルミナジーティー,2025/10/11,3京都3,曇,3.0,2歳未勝利,6,6.0,6,2.1,1.0,3,藤岡佑介,55.0,芝,1800.0,良,108.5,0.5,5-6,34.1,434.0,0.0,シーミハットク,140.0
2023106872,イルミナジーティー,2025/09/21,4阪神7,晴,5.0,2歳新馬,9,4.0,4,6.9,4.0,3,藤岡佑介,55.0,芝,1800.0,良,107.5,0.3,9-9,33.6,434.0,0.0,バークシャーシチー,190.0
2023107350,ペガサスジルシ,2026/06/07,3阪神2,雨,6.0,3歳未勝利,16,3.0,5,3.2,1.0,7,川田将雅,55.0,芝,2000.0,稍,121.3,1.3,5-5-5-5,36.5,426.0,-4.0,エースフライト,
2023107350,ペガサスジルシ,2026/05/23,3京都9,曇,5.0,3歳未勝利,14,4.0,6,2.6,1.0,2,川田将雅,55.0,芝,2200.0,良,134.3,0.0,5-5-5-4,35.5,430.0,4.0,パンチャマハブータ,240.0
2023107350,ペガサスジルシ,2026/03/29,1中京6,晴,5.0,3歳未勝利,16,1.0,1,6.4,3.0,3,川田将雅,55.0,芝,2000.0,良,122.7,0.3,8-8-9-9,33.9,426.0,-6.0,エンジョイドアスク,150.0
2023107350,ペガサスジルシ,2025/10/25,3京都8,曇,5.0,2歳新馬,14,4.0,6,2.6,1.0,9,坂井瑠星,55.0,芝,1600.0,良,96.7,1.9,3-3,36.4,432.0,0.0,アーリーハーベスト,
