horse_id,horse_name,date,course,weather,race_number,race_name,num_horses,bracket_number,horse_number,odds,popularity,rank,jockey,weight_carried,surface,distance,track_condition,time,margin,passing_order,last_3f,horse_weight,weight_diff,winner_name,prize
2019106509,マイアイガー,2026/07/10,川崎,晴,1,C3五,9,3,3,22.0,5.0,4,藤江渉,56.0,ダ,1400.0,良,93.7,0.4,7-6-4-4,40.8,526.0,-2.0,キーファイン,12.0
2019106509,マイアイガー,2026/06/19,川崎,曇,5,ヴェルザンディ賞(C2C3),10,1,1,62.9,8.0,5,田中涼,55.0,ダ,2000.0,重,138.9,2.9,10-10-6-6,43.7,528.0,-1.0,アイビーブリッツ,15.0
2019106509,マイアイガー,2026/05/26,浦和,曇,7,桶川べに花まつり賞(C3),11,2,2,11.5,6.0,6,高橋哲也,56.0,ダ,2000.0,稍,137.3,2.5,10-9-8-7,40.1,529.0,-4.0,ジャストザヴァルス,
2019106509,マイアイガー,2026/04/22,浦和,曇,6,さいたま市Urban(C3),12,7,10,12.0,5.0,4,高橋哲也,56.0,ダ,2000.0,良,136.5,1.6,8-9-4-4,41.0,533.0,1.0,エクセルグラン,13.5
2019106509,マイアイガー,2026/03/20,浦和,曇,6,浦和競馬公式ファンク(C3),12,8,12,22.0,9.0,6,高橋哲也,56.0,ダ,2000.0,稍,137.5,1.0,10-8-5-4,41.0,532.0,6.0,アンパト,
2019106509,マイアイガー,2026/02/25,浦和,雨,12,浦和ジョッキーズトラ(C3),12,8,11,22.1,7.0,8,赤津和希,56.0,ダ,2000.0,重,136.9,1.3,12-12-12-11,40.5,526.0,-7.0,ステンノー,
2019106509,マイアイガー,2026/02/10,船橋,曇,6,C3四組下,12,1,1,107.4,12.0,10,高橋哲也,56.0,ダ,1500.0,良,103.3,3.0,9-8-9-10,41.1,533.0,-1.0,バスキュラリティ,
2019106509,マイアイガー,2026/01/06,浦和,晴,9,初明かり特別(C3),11,8,10,8.7,4.0,4,高橋哲也,56.0,ダ,2000.0,稍,137.1,1.4,9-8-8-5,41.6,534.0,2.0,インベンション,21.0
2019106509,マイアイガー,2025/12/23,浦和,晴,7,モミの木特別(C3),12,8,11,4.9,2.0,5,高橋哲也,56.0,ダ,2000.0,良,137.6,1.0,4-3-3-4,39.9,532.0,5.0,マーニク,14.0
2019106509,マイアイガー,2025/11/26,浦和,晴,8,近いがうまい埼玉の牛(C3),12,7,10,1.8,1.0,9,高橋哲也,56.0,ダ,2000.0,良,137.7,3.2,9-10-6-6,42.2,527.0,0.0,エムオースイート,
2019106509,マイアイガー,2025/10/27,浦和,晴,12,秋麗特別(C3),11,7,9,25.8,6.0,2,高橋哲也,56.0,ダ,2000.0,重,131.6,0.5,7-7-2-2,39.4,527.0,17.0,ユウユウプレゼンス,56.0
2019106509,マイアイガー,2025/07/25,浦和,晴,8,ウインドベル特別(C3),10,8,9,41.8,8.0,9,木間塚龍,56.0,ダ,2000.0,良,137.0,5.2,8-9-9-9,42.8,510.0,-12.0,クロシェノワール,
2019106509,マイアイガー,2025/06/13,大井,晴,1,C3一二,12,6,7,30.9,9.0,12,矢野貴之,56.0,ダ,1600.0,重,105.6,1.1,11-12-11-12,40.0,522.0,-5.0,シュヴァイゲン,
2019106509,マイアイガー,2025/05/22,大井,晴,1,C3一二,13,7,10,59.0,10.0,10,藤本現暉,56.0,ダ,1600.0,良,105.0,2.0,12-13-12-12,39.7,527.0,0.0,ノビシロ,
2019106509,マイアイガー,2025/05/02,大井,雨,1,C3一,10,8,9,4.6,3.0,7,矢野貴之,56.0,ダ,2000.0,重,133.3,1.7,8-8-8-7,40.4,527.0,5.0,ウィーナーズソング,
2019106509,マイアイガー,2025/04/17,大井,晴,3,C3一,12,8,12,5.6,3.0,7,吉原寛人,56.0,ダ,1800.0,良,118.5,1.8,9-10-10-9,40.1,522.0,-5.0,サガノオウマサン,
2019106509,マイアイガー,2025/03/27,大井,晴,1,C3一,11,7,8,5.9,4.0,8,福原杏,56.0,ダ,1800.0,良,120.2,1.3,7-6-5-5,40.0,527.0,-1.0,サンシップ,
2019106509,マイアイガー,2025/03/13,大井,晴,1,C3一二三(C3二),13,2,2,33.5,8.0,7,福原杏,56.0,ダ,1600.0,不,105.1,2.4,11-9-9-9,40.7,528.0,-4.0,ラモラック,
2019106509,マイアイガー,2025/02/20,大井,晴,2,C3三四,14,2,2,42.8,7.0,13,山本聡哉,56.0,ダ,1600.0,良,105.9,2.1,11-10-13-13,40.1,532.0,1.0,ファーストメイト,
2019106509,マイアイガー,2025/01/29,大井,晴,1,C3三四五(C3四),13,1,1,6.9,3.0,5,阿部龍,56.0,ダ,1400.0,良,90.6,1.6,13-10-9,38.3,531.0,-5.0,ミキノカラクリバコ,8.0
2019106509,マイアイガー,2025/01/16,大井,曇,3,C3一,11,1,1,6.4,4.0,3,阿部龍,56.0,ダ,1800.0,良,118.9,0.3,9-9-10-9,39.2,536.0,29.0,ブリックバーン,20.0
2019106509,マイアイガー,2024/08/01,大井,晴,6,C2五六七(C2六),9,5,5,7.0,4.0,7,鷹見陸,54.0,ダ,1400.0,良,90.6,1.4,9-9-9,40.0,507.0,2.0,タカノドリーム,
2019106509,マイアイガー,2024/07/09,大井,曇,7,C2五六七(C2六),12,2,2,8.7,4.0,6,鷹見陸,54.0,ダ,1600.0,稍,104.9,0.7,11-11-12-11,40.4,505.0,-4.0,キタノデイジョブ,
2019106509,マイアイガー,2024/06/06,大井,曇,7,C2六七,14,4,6,10.5,6.0,4,鷹見陸,54.0,ダ,1600.0,稍,104.8,0.9,10-11-11-9,40.9,509.0,0.0,ホクトブルース,15.0
2019106509,マイアイガー,2024/05/16,大井,晴,7,C2六七八(C2七),12,1,1,4.9,2.0,4,鷹見陸,53.0,ダ,1600.0,不,105.1,0.6,7-7-7-6,40.4,509.0,1.0,ロードイモータル,15.0
2019106509,マイアイガー,2024/04/25,大井,晴,2,C2七八,14,8,14,13.3,5.0,3,鷹見陸,53.0,ダ,1600.0,重,103.7,0.3,11-10-10-10,39.7,508.0,5.0,シンティリオ,25.0
2019106509,マイアイガー,2024/04/11,大井,晴,7,C2六七八(C2七),12,4,4,10.6,6.0,6,藤田凌,56.0,ダ,1400.0,稍,90.9,0.6,6-10-8,39.3,503.0,7.0,ウインアイリーン,
2019106509,マイアイガー,2024/02/29,大井,曇,9,C2六七,14,3,3,78.2,9.0,11,安藤洋一,56.0,ダ,1600.0,稍,106.7,1.3,12-12-13-13,39.7,496.0,-9.0,エコロタイタン,
2019106509,マイアイガー,2023/09/05,大井,晴,7,C1八九十(C1九),13,5,8,74.7,9.0,5,藤田凌,56.0,ダ,1400.0,重,87.9,1.5,6-5-5,37.5,505.0,-1.0,バリブラック,12.0
2019106509,マイアイガー,2023/08/15,大井,晴,6,C1八九,11,8,11,39.6,9.0,10,本橋孝太,56.0,ダ,1600.0,不,104.2,3.7,11-11-11-10,42.0,506.0,-2.0,ヤクモ,
2019106509,マイアイガー,2023/07/12,大井,晴,8,マイアミ・ビーチ賞(C1六),10,2,2,61.5,9.0,6,本橋孝太,56.0,ダ,1400.0,良,88.5,1.4,8-8-8,38.1,508.0,-7.0,サウンドキングダム,
2019106509,マイアイガー,2023/06/06,大井,雨,8,ハネムーン賞(C1六),10,4,4,29.7,7.0,6,本橋孝太,56.0,ダ,1400.0,重,88.7,1.0,10-9-8,38.6,515.0,3.0,マルヨソウタ,
2019106509,マイアイガー,2023/05/23,大井,雨,7,C1五六七(C1六),14,7,11,21.6,8.0,11,本橋孝太,56.0,ダ,1400.0,不,88.5,1.8,14-13-14,38.6,512.0,-3.0,スカイトライア,
2019106509,マイアイガー,2022/09/23,大井,曇,2,3歳283.,12,8,11,6.7,3.0,1,矢野貴之,56.0,ダ,1400.0,重,88.2,0.0,9-8-6,36.9,515.0,4.0,(サンバフレイバー),150.0
2019106509,マイアイガー,2022/09/09,大井,曇,5,3歳283.,14,6,9,7.2,3.0,3,笹川翼,56.0,ダ,1600.0,良,104.2,1.3,8-7-7-5,40.1,511.0,-3.0,エイシンスコッティ,37.5
2019106509,マイアイガー,2022/08/19,大井,晴,1,3歳318.,12,5,6,7.6,4.0,5,笹川翼,56.0,ダ,1600.0,重,103.1,1.7,11-11-11-11,40.3,514.0,-1.0,マルカンブロンド,15.0
2019106509,マイアイガー,2022/07/29,大井,晴,5,3歳310万,12,8,11,19.3,9.0,7,安藤洋一,56.0,ダ,1600.0,良,103.6,1.1,11-10-6-6,39.9,515.0,1.0,サヨノネイチヤ,
2019106509,マイアイガー,2022/07/15,大井,雨,6,インパチェンス特別競(3歳),7,2,2,2.2,1.0,5,本田正重,56.0,ダ,1600.0,不,104.3,0.9,7-7-6-6,41.1,514.0,4.0,エイジュンドリーム,20.0
2019106509,マイアイガー,2022/06/28,大井,晴,10,フォーチュネイトあじ(3歳),12,8,11,13.3,6.0,7,矢野貴之,56.0,ダ,1800.0,良,116.5,2.2,10-10-10-9,39.6,510.0,-12.0,キガサ,
2019106509,マイアイガー,2022/02/11,大井,晴,3,3歳211.,8,6,6,5.6,3.0,4,矢野貴之,56.0,ダ,1600.0,不,101.9,0.5,8-8-8-8,39.2,522.0,0.0,ローズティアラ,33.0
2019106509,マイアイガー,2022/01/28,大井,曇,5,呑川賞(3歳),12,5,5,22.0,7.0,6,本田正重,56.0,ダ,1600.0,良,104.8,0.4,12-11-11-10,40.5,522.0,5.0,ラピード,
2019106509,マイアイガー,2021/12/27,大井,晴,4,2歳新馬(新馬),8,8,8,3.3,2.0,1,矢野貴之,55.0,ダ,1200.0,稍,75.5,-0.1,5-4,37.8,517.0,0.0,(トップキング),290.0
2019100100,キーファイン,2026/07/10,川崎,晴,1,C3五,9,4,4,1.4,1.0,1,矢野貴之,54.0,ダ,1400.0,良,93.3,-0.1,1-1-1-1,40.8,433.0,2.0,(マイブリッジ),80.0
2019100100,キーファイン,2026/06/15,川崎,曇,5,C3三,12,3,3,2.4,1.0,1,矢野貴之,54.0,ダ,1400.0,重,93.4,-0.8,1-1-1-1,41.6,431.0,-7.0,(ブルートルマリン),80.0
2019100100,キーファイン,2026/05/13,川崎,晴,12,2026川崎ジョッキ(C3),14,5,7,6.2,4.0,4,伊藤裕人,54.0,ダ,1400.0,良,93.7,0.7,1-4-4-3,41.6,438.0,18.0,リコースチェッキン,13.5
2019100100,キーファイン,2025/11/21,川崎,晴,12,2025川崎ジョッキ(C3),13,8,14,10.3,5.0,3,神尾香澄,51.0,ダ,1400.0,良,93.4,0.5,2-2-2-1,42.2,420.0,-6.0,ヤサカソレイユ,22.5
2019100100,キーファイン,2025/10/16,川崎,曇,6,YJSトライアルラウ(C3),14,5,8,3.2,2.0,8,佐野遥久,54.0,ダ,1500.0,重,101.6,1.5,1-1-1-1,44.6,426.0,-6.0,アンジェラカフェ,
2019100100,キーファイン,2025/09/26,浦和,晴,5,特選(C3),12,5,5,2.3,1.0,9,野畑凌,54.5,ダ,1400.0,良,92.9,1.8,2-2-2-2,43.4,432.0,-2.0,スイフトマリー,
2019100100,キーファイン,2025/09/09,川崎,晴,5,C3三四,12,3,3,2.0,1.0,2,野畑凌,54.0,ダ,1400.0,稍,93.5,0.5,4-4-3-3,40.6,434.0,2.0,シャイニングルキア,32.0
2019100100,キーファイン,2025/08/21,川崎,晴,7,C3三四,11,5,5,2.4,1.0,3,野畑凌,54.0,ダ,1400.0,良,93.5,0.4,2-2-2-2,41.2,432.0,16.0,ファイナルワンダー,20.0
2019100100,キーファイン,2025/02/05,川崎,晴,3,C3五六,12,4,4,2.5,1.0,4,野畑凌,54.0,ダ,1400.0,稍,94.2,2.4,1-1-1-2,41.3,416.0,2.0,エイシンゾディアク,12.0
2019100100,キーファイン,2025/01/01,川崎,晴,4,六座頭賞(C3),14,5,7,3.5,2.0,3,野畑凌,54.0,ダ,1400.0,良,94.3,0.3,4-3-5-3,41.3,414.0,-3.0,ソジュン,20.0
2019100100,キーファイン,2024/12/13,川崎,曇,5,ジンジャー賞(C3),12,7,10,5.4,3.0,2,野畑凌,54.0,ダ,1400.0,良,94.0,1.3,4-5-4-3,41.5,417.0,-7.0,ララロワデザニモー,48.0
2019100100,キーファイン,2024/11/13,川崎,晴,12,2024川崎ジョッキ(C3),13,8,13,2.9,1.0,2,今野忠成,54.0,ダ,1400.0,良,93.3,0.1,2-2-1-1,41.3,424.0,-5.0,ベニノパール,36.0
2019100100,キーファイン,2024/10/08,川崎,雨,4,YJSトライアルラウ(C3),14,1,1,1.9,1.0,4,佐藤翔馬,54.0,ダ,1500.0,重,102.7,0.3,1-1-1-1,44.6,429.0,0.0,テルスター,24.0
2019100100,キーファイン,2024/09/20,浦和,晴,4,特選(C3),12,6,8,2.7,1.0,7,矢野貴之,54.0,ダ,1500.0,良,99.2,1.1,1-1-1-2,41.9,429.0,8.0,カントナ,
2019100100,キーファイン,2024/07/04,川崎,晴,2,C3三四,11,2,2,2.7,1.0,1,矢野貴之,54.0,ダ,1500.0,稍,98.2,-0.2,1-1-1-1,41.6,421.0,-12.0,(アイアンレディ),80.0
2019100100,キーファイン,2024/06/12,川崎,晴,12,2024川崎ジョッキ(C3),14,4,6,2.7,1.0,3,今野忠成,54.0,ダ,1500.0,良,100.1,0.0,3-3-2-2,43.1,433.0,17.0,シンデレラワルツ,22.5
2019100100,キーファイン,2024/05/28,船橋,雨,1,C3二,12,7,10,6.1,2.0,5,森泰斗,54.0,ダ,1200.0,不,76.8,0.5,6-4-3,39.9,416.0,-7.0,ボスオンザサンド,8.8
2019100100,キーファイン,2024/05/09,川崎,曇,3,蔓薔薇賞(C3),12,7,9,2.3,1.0,2,森泰斗,54.0,ダ,1500.0,稍,100.0,0.2,2-2-1-1,42.1,423.0,4.0,ボビン,32.0
2019100100,キーファイン,2024/04/03,川崎,曇,12,2024川崎ジョッキ(C3),14,7,12,1.9,1.0,2,町田直希,54.0,ダ,1400.0,重,94.6,0.1,3-2-2-1,42.4,419.0,5.0,バジガクシャーンス,36.0
2019100100,キーファイン,2024/03/13,川崎,晴,2,C3三四,12,5,6,2.9,2.0,4,森泰斗,54.0,ダ,1400.0,重,94.9,1.6,4-3-3-4,42.7,414.0,-9.0,ヴィキャンデル,12.0
2019100100,キーファイン,2024/02/01,川崎,晴,4,C3三四五(C3四),12,5,6,13.6,3.0,2,野畑凌,54.0,ダ,1500.0,良,100.0,1.2,1-1-1-1,41.5,423.0,-4.0,プリーミー,32.0
2019100100,キーファイン,2024/01/02,川崎,曇,5,めんこ賞(C3),9,8,9,7.5,3.0,2,野畑凌,54.0,ダ,1400.0,良,93.6,1.2,2-1-2-2,41.6,427.0,0.0,タマノフィオーレ,32.0
2019100100,キーファイン,2023/07/05,川崎,曇,5,C3五六,11,2,2,2.6,2.0,7,野畑凌,53.0,ダ,1400.0,良,94.6,1.4,2-2-1-2,43.6,427.0,-8.0,カモンベイビー,
2019100100,キーファイン,2023/06/14,川崎,曇,4,C3三四五(C3四),12,6,8,5.6,3.0,2,野畑凌,53.0,ダ,1400.0,稍,94.2,0.1,2-2-1-1,41.0,435.0,27.0,バジガクカルミア,32.0
2019100100,キーファイン,2022/12/15,川崎,晴,5,カンパネッロ特別(3歳),10,7,7,14.5,5.0,6,笹川翼,54.0,ダ,1400.0,稍,94.4,1.8,8-9-7-8,41.7,408.0,-12.0,リオシャンパーニュ,
2019100100,キーファイン,2022/10/27,名古屋,晴,5,C12組,12,3,3,3.1,2.0,1,村上弘樹,52.0,ダ,1500.0,良,97.8,0.0,1-1-1,39.8,420.0,4.0,(シャノンファンキー),35.0
2019100100,キーファイン,2022/08/16,名古屋,晴,2,名古屋モーニングフィ(3歳),10,2,2,5.7,3.0,3,木之前葵,52.0,ダ,1500.0,良,98.9,0.9,10-6-3,40.9,416.0,0.0,トーアルドルフ,7.2
2019100100,キーファイン,2022/08/02,名古屋,晴,2,名古屋モーニングフィ(3歳),10,8,10,4.5,2.0,1,木之前葵,52.0,ダ,1500.0,良,97.4,-0.4,4-2-1,40.3,416.0,3.0,(ソッフィアーレ),36.0
2019100100,キーファイン,2022/07/07,名古屋,晴,3,ゆうかちゃん御生誕記(3歳),11,7,8,3.8,2.0,1,木之前葵,52.0,ダ,1500.0,稍,97.1,-0.2,5-4-3,40.9,413.0,2.0,(ブラックサンタ),36.0
2019100100,キーファイン,2022/06/23,名古屋,晴,2,3歳10組,11,8,11,6.0,3.0,3,木之前葵,52.0,ダ,1500.0,重,97.2,0.4,3-1-3,40.3,411.0,-1.0,カラニ,8.0
2019100100,キーファイン,2022/06/09,名古屋,晴,2,3歳10組,12,7,10,6.9,4.0,4,木之前葵,52.0,ダ,1500.0,稍,98.3,0.8,5-3-4,39.8,412.0,8.0,キタノフランクース,5.2
2019100100,キーファイン,2022/05/14,1新潟3,曇,1,3歳未勝利,15,4,7,249.4,14.0,10,大久保友,51.0,ダ,1200.0,稍,73.4,1.4,10-10,38.6,404.0,2.0,アタカンテ,
2019100100,キーファイン,2022/04/05,金沢,晴,9,能登金剛賞(未勝利)(3歳),9,2,2,75.3,8.0,4,栗原大河,54.0,ダ,1500.0,良,98.0,2.9,8-8-8-5,39.3,402.0,-4.0,キュールエフウジン,10.2
2019100100,キーファイン,2022/02/27,2小倉6,晴,5,3歳未勝利,18,7,13,424.9,17.0,18,加藤祥太,54.0,芝,1200.0,良,72.8,3.7,4-8,37.7,406.0,2.0,ゲンパチレオニダス,
2019100100,キーファイン,2022/01/29,1小倉5,曇,6,3歳未勝利,16,3,6,140.2,12.0,12,田中健,54.0,芝,1200.0,良,71.0,1.6,14-14,35.7,404.0,-12.0,トリップトゥムーン,
2019100100,キーファイン,2021/12/18,6阪神5,晴,5,2歳新馬,18,8,16,279.9,18.0,11,田中健,54.0,芝,1400.0,稍,84.1,1.1,6-6,37.1,416.0,0.0,パンドレア,
2022104027,クリナデシコ,2026/07/10,川崎,晴,1,C3五,9,6,6,160.1,8.0,9,岡村裕基,54.0,ダ,1400.0,良,96.9,3.6,4-5-8-9,43.8,492.0,9.0,キーファイン,
2022104027,クリナデシコ,2026/06/24,浦和,曇,1,本庄宿賞(C3),10,5,5,38.2,7.0,10,岡村裕基,54.0,ダ,1400.0,稍,95.6,4.0,1-2-5-10,43.3,483.0,-6.0,ピノモラーン,
2022104027,クリナデシコ,2026/06/17,川崎,晴,2,C3一二,11,1,1,28.5,10.0,11,岡村裕基,54.0,ダ,1400.0,稍,97.9,5.2,4-4-6-10,44.7,489.0,10.0,シルヴァギンジ,
2022104027,クリナデシコ,2026/05/12,川崎,晴,2,C3三四,9,2,2,161.4,9.0,4,岡村裕基,54.0,ダ,1400.0,良,94.0,0.9,1-1-1-1,41.1,479.0,12.0,シルヴァギンジ,12.0
2022104027,クリナデシコ,2026/04/09,川崎,晴,4,スズメ賞(C3),11,8,12,290.4,11.0,11,岡村裕基,54.0,ダ,900.0,稍,59.4,3.6,9-11,40.8,467.0,0.0,ロジステート,
2022104027,クリナデシコ,2026/03/04,川崎,曇,2,フェネック賞(C3),11,7,8,184.2,11.0,11,神尾香澄,51.0,ダ,900.0,不,59.9,4.5,11-11,40.8,467.0,7.0,カウニスミエリ,
2022104027,クリナデシコ,2026/02/03,川崎,晴,1,プレーリードッグ賞(C3),12,7,10,236.0,12.0,12,岡村裕基,54.0,ダ,900.0,良,59.8,3.7,12-12,40.3,460.0,-5.0,ナキムシヒカル,
2022104027,クリナデシコ,2025/09/26,浦和,晴,3,3歳七,11,5,5,242.7,11.0,10,国分祐仁,54.0,ダ,1300.0,良,86.4,2.3,6-8-9-11,40.6,465.0,6.0,オーシンラッシュ,
2022104027,クリナデシコ,2025/08/18,浦和,晴,1,浦和800ラウンド(3歳),7,5,5,167.8,7.0,6,国分祐仁,53.0,ダ,800.0,良,49.2,2.4,6-6,36.5,459.0,8.0,ユウユウロザリウム,
2022104027,クリナデシコ,2025/07/24,浦和,晴,3,3歳八,9,7,7,66.1,9.0,6,国分祐仁,54.0,ダ,1300.0,良,87.4,2.4,6-5-6-7,40.3,451.0,-8.0,レインボーグラン,
2022104027,クリナデシコ,2025/06/26,浦和,曇,2,3歳八,12,4,4,153.2,11.0,11,国分祐仁,54.0,ダ,1400.0,不,91.8,4.4,6-9-9-11,40.6,459.0,5.0,ブルーオブウインド,
2022104027,クリナデシコ,2025/05/29,浦和,曇,4,3歳八,9,7,8,186.0,9.0,9,岡田大,54.0,ダ,1400.0,良,93.8,3.4,3-4-4-9,41.4,454.0,-1.0,コウユーミューミュ,
2022104027,クリナデシコ,2025/04/23,浦和,雨,1,3歳六,11,7,9,246.5,11.0,8,岡田大,54.0,ダ,1400.0,良,93.9,2.6,10-9-10-9,41.4,455.0,-4.0,ヨドノエース,
2022104027,クリナデシコ,2025/04/04,船橋,晴,4,3歳七,11,2,2,203.4,10.0,11,藤江渉,54.0,ダ,1200.0,重,81.1,3.7,6-8-10,42.7,459.0,-6.0,ミリオネアメーカー,
2022104027,クリナデシコ,2025/03/21,浦和,晴,5,3歳七,12,6,8,175.9,12.0,10,福原杏,54.0,ダ,1400.0,重,96.2,4.4,11-11-11-10,42.9,465.0,-2.0,ヤバネ,
2022104027,クリナデシコ,2025/02/27,浦和,晴,3,3歳七,12,8,11,173.4,10.0,7,国分祐仁,54.0,ダ,1400.0,良,95.2,3.9,7-7-8-8,41.5,467.0,-3.0,エステティーカ,
2022104027,クリナデシコ,2025/01/10,浦和,晴,6,3歳四,11,7,8,84.0,9.0,7,岡田大,54.0,ダ,1400.0,稍,93.9,1.6,4-5-4-5,42.4,470.0,-6.0,スタークイック,
2022104027,クリナデシコ,2024/12/26,浦和,晴,1,2歳六,10,7,8,39.9,7.0,4,岡田大,54.0,ダ,1400.0,良,93.8,1.1,6-7-7-6,41.0,476.0,3.0,ベネディット,36.0
2022104027,クリナデシコ,2024/11/22,浦和,晴,5,2歳六,8,3,3,164.8,8.0,7,国分祐仁,54.0,ダ,1400.0,稍,94.4,2.6,5-5-6-7,41.3,473.0,2.0,チートメジャー,
2022104027,クリナデシコ,2024/10/25,浦和,曇,2,ランチタイムチャレン(2歳),10,6,6,219.2,8.0,7,吉留孝司,54.0,ダ,1400.0,良,94.6,2.0,8-7-7-7,40.7,471.0,7.0,トーケンクミー,
2022104027,クリナデシコ,2024/09/19,浦和,晴,3,2歳四,7,1,1,81.8,7.0,4,国分祐仁,54.0,ダ,1400.0,良,95.0,2.7,7-7-7-7,41.5,464.0,-2.0,フィデルトロッテ,36.0
2022104027,クリナデシコ,2024/08/23,浦和,晴,3,2歳四,8,1,1,5.9,4.0,6,福原杏,54.0,ダ,1400.0,良,96.1,2.7,1-1-1-4,42.9,466.0,2.0,トーセンムーヴ,
2022104027,クリナデシコ,2024/07/15,浦和,曇,2,2歳三,8,5,5,65.1,8.0,6,国分祐仁,54.0,ダ,1400.0,重,95.1,3.1,6-7-7-6,42.3,464.0,2.0,パンプルミュゼ,
2022104027,クリナデシコ,2024/06/21,浦和,雨,1,特選(2歳),7,4,4,117.9,7.0,5,国分祐仁,54.0,ダ,1400.0,重,97.9,3.8,5-7-6-6,42.7,462.0,10.0,ユウユウキーン,28.0
2022104027,クリナデシコ,2024/05/20,浦和,曇,4,ドリームチャレンジ(2歳),7,3,3,36.4,6.0,6,福原杏,54.0,ダ,800.0,不,53.7,5.1,6-6,40.2,452.0,0.0,ライトスリー,
2020100869,カラルナ,2026/05/25,浦和,晴,1,C3七,11,8,11,17.8,4.0,11.0,櫻井光輔,54.0,ダ,1300.0,重,87.0,2.7,6-6-7-8,41.0,464.0,3.0,ニシノテンカフブ,
2020100869,カラルナ,2026/05/11,川崎,晴,4,C3五,12,6,7,19.8,5.0,9.0,櫻井光輔,54.0,ダ,1400.0,良,95.0,1.9,5-6-8-6,42.2,461.0,-2.0,セクレトウェポン,
2020100869,カラルナ,2026/04/20,浦和,晴,1,C3七八,10,8,10,51.0,5.0,2.0,新原周馬,54.0,ダ,1300.0,良,85.4,0.3,3-3-3-3,38.0,463.0,-1.0,マルノアンナ,32.0
2020100869,カラルナ,2026/04/07,川崎,雨,1,C3五六,12,7,9,58.9,9.0,5.0,新原周馬,54.0,ダ,1400.0,重,96.2,1.9,8-7-7-6,41.9,464.0,0.0,ナリノドリーム,8.0
2020100869,カラルナ,2026/03/20,浦和,曇,7,特選(C3),12,5,5,78.8,9.0,10.0,伊藤裕人,54.0,ダ,1400.0,稍,95.1,2.4,11-11-12-11,40.5,464.0,-2.0,マロンルピナス,
2020100869,カラルナ,2026/03/03,川崎,雨,1,C3四,10,3,3,94.9,8.0,7.0,池谷匠翔,54.0,ダ,1400.0,重,95.4,2.4,7-7-8-9,42.2,466.0,1.0,ナツハヤテ,
2020100869,カラルナ,2026/02/04,川崎,晴,1,C3五六,10,1,1,117.7,8.0,9.0,池谷匠翔,54.0,ダ,1400.0,良,96.9,4.0,9-9-9-9,43.3,465.0,-4.0,キャラメルスライム,
2020100869,カラルナ,2025/10/28,浦和,晴,1,C3四,11,1,1,173.4,11.0,7.0,伊藤裕人,54.0,ダ,1500.0,重,98.7,0.5,11-10-10-9,39.9,469.0,-3.0,アンタゴニスタ,
2020100869,カラルナ,2025/10/15,川崎,曇,1,笠懸賞(C3),12,7,10,98.5,10.0,11.0,伊藤裕人,54.0,ダ,900.0,稍,58.6,2.0,10-11,39.1,472.0,-4.0,シンキングセンティ,
2020100869,カラルナ,2025/09/23,浦和,曇,3,C3四五,11,3,3,117.9,10.0,11.0,伊藤裕人,54.0,ダ,1400.0,良,93.5,2.2,8-8-10-10,40.5,476.0,5.0,タイシタモンダロ,
2020100869,カラルナ,2025/09/11,川崎,雨,5,金沢競馬大雨災害復興(C3),0,7,9,,,,伊藤裕人,54.0,ダ,900.0,不,,,,,466.0,-5.0,,
2020100869,カラルナ,2025/08/21,川崎,晴,4,C3三四,10,1,1,194.1,9.0,10.0,伊藤裕人,54.0,ダ,1400.0,良,97.6,4.2,8-8-10-8,42.2,471.0,1.0,ルチェッタ,
2020100869,カラルナ,2025/08/04,川崎,晴,6,C3三四五(C3四),11,6,7,271.5,11.0,11.0,伊藤裕人,54.0,ダ,1400.0,良,96.2,2.9,10-10-10-9,43.1,470.0,5.0,アブソリュート,
2020100869,カラルナ,2025/07/07,川崎,晴,7,C3三四五(C3四),12,6,7,22.6,8.0,12.0,伊藤裕人,54.0,ダ,1500.0,良,104.3,4.3,6-6-5-10,46.5,465.0,1.0,メイワノワ,
2020100869,カラルナ,2025/03/03,川崎,雨,4,ミーアキャット賞(C3),11,6,7,241.9,10.0,11.0,伊藤裕人,54.0,ダ,900.0,重,59.4,2.6,11-11,39.2,464.0,2.0,アンジュラプソディ,
2020100869,カラルナ,2025/02/07,川崎,晴,4,プレーリードッグ賞(C3),12,7,9,320.4,11.0,11.0,伊藤裕人,54.0,ダ,900.0,良,57.9,1.7,11-11,38.0,462.0,-5.0,リオシャンパーニュ,
2020100869,カラルナ,2025/01/02,川崎,晴,2,めんこ賞(C3),13,7,11,210.1,13.0,13.0,伊藤裕人,54.0,ダ,1400.0,良,97.6,2.9,11-11-8-12,43.0,467.0,5.0,フェデフルール,
2020100869,カラルナ,2024/12/13,川崎,曇,5,ジンジャー賞(C3),12,4,4,212.9,12.0,8.0,伊藤裕人,54.0,ダ,1400.0,良,95.4,2.7,11-10-10-10,40.8,462.0,-3.0,ララロワデザニモー,
2020100869,カラルナ,2024/11/15,川崎,曇,6,クローブ賞(C3),11,7,8,43.2,10.0,7.0,伊藤裕人,54.0,ダ,1400.0,稍,95.4,1.1,11-11-8-8,41.2,465.0,9.0,サヨノミニスター,
2020100869,カラルナ,2024/09/06,川崎,晴,12,ファイナルアンサー賞(C3),8,8,8,8.1,3.0,5.0,伊藤裕人,54.0,ダ,1400.0,良,95.0,3.1,8-7-5-3,42.0,456.0,0.0,シェルオパール,8.0
2020100869,カラルナ,2024/08/09,川崎,晴,6,クミン賞(C3),12,7,10,76.7,10.0,9.0,伊藤裕人,54.0,ダ,1400.0,良,95.7,2.5,11-11-12-12,41.8,456.0,10.0,エアシャロウ,
2020100869,カラルナ,2024/01/04,川崎,晴,6,門松賞(C2),10,8,9,67.9,8.0,9.0,山林堂信,54.0,ダ,1400.0,良,95.4,3.1,10-10-10-9,41.2,446.0,-2.0,ツカサレヴズ,
2020100869,カラルナ,2023/12/13,川崎,晴,7,C2三四五(C2四),12,7,10,13.4,5.0,7.0,山林堂信,54.0,ダ,1400.0,稍,96.0,0.9,12-12-12-12,41.9,448.0,1.0,アイディアリスト,
2020100869,カラルナ,2023/11/08,川崎,晴,3,C2三四五(C2四),12,7,9,40.5,9.0,4.0,古岡勇樹,54.0,ダ,1400.0,良,93.3,0.5,12-12-11-8,40.8,447.0,9.0,フユノダイサンカク,15.0
2020100869,カラルナ,2023/09/12,川崎,晴,7,ステッラ特別(3歳),10,6,6,17.4,7.0,6.0,山林堂信,54.0,ダ,1500.0,良,101.4,0.9,10-9-9-7,42.3,438.0,-2.0,ピクシーワルツ,
2020100869,カラルナ,2023/08/21,川崎,晴,1,3歳5,8,8,9,8.2,5.0,1.0,山林堂信,54.0,ダ,1400.0,良,93.6,-0.2,3-3-1-1,41.2,440.0,4.0,(エレボス),120.0
2020100869,カラルナ,2023/07/05,川崎,曇,1,3歳5,11,6,6,26.1,7.0,6.0,伊藤裕人,54.0,ダ,1400.0,良,94.4,0.9,10-10-8-5,41.2,436.0,-3.0,エスプリゴンザレス,
2020100869,カラルナ,2023/06/15,川崎,雨,1,3歳6,9,2,2,32.6,7.0,4.0,山林堂信,54.0,ダ,1400.0,稍,95.1,1.4,9-7-8-5,42.8,439.0,-3.0,ダイノキラリ,24.0
2020100869,カラルナ,2023/04/03,川崎,晴,2,アルコンスィエル賞(3歳),12,5,5,293.1,12.0,7.0,伊藤裕人,54.0,ダ,900.0,良,58.1,1.4,11-11,39.1,442.0,1.0,スカイロック,
2020100869,カラルナ,2023/02/28,川崎,晴,2,プロケッラ特別(3歳),7,4,4,61.2,7.0,6.0,山林堂信,54.0,ダ,1400.0,良,96.0,1.7,6-7-7-7,40.8,441.0,4.0,チャチャマルレディ,
2020100869,カラルナ,2023/01/31,川崎,晴,2,3歳6,10,7,8,168.2,10.0,7.0,山林堂信,54.0,ダ,1400.0,良,95.9,2.1,3-3-3-5,43.0,437.0,-10.0,ポッドクリフ,
2020100869,カラルナ,2023/01/02,川崎,晴,1,二人羽織賞(3歳),12,1,1,39.8,10.0,8.0,山林堂信,54.0,ダ,1400.0,良,96.0,1.3,12-11-11-11,41.5,447.0,2.0,カルツェッタ,
2020100869,カラルナ,2022/12/12,川崎,晴,2,2歳6,10,2,2,12.3,7.0,10.0,山林堂信,54.0,ダ,1400.0,稍,99.9,5.4,10-10-10-10,44.9,445.0,-4.0,メモリアルフィジー,
2020100869,カラルナ,2022/11/10,川崎,晴,2,2歳6,9,1,1,2.7,2.0,2.0,山林堂信,54.0,ダ,1400.0,良,96.2,0.1,7-7-6-5,40.9,449.0,-3.0,ヤマイチアクトレス,64.0
2020100869,カラルナ,2022/10/14,川崎,曇,2,スパーキングデビュー(2歳),6,3,3,10.2,4.0,5.0,山林堂信,54.0,ダ,1400.0,重,96.5,3.4,6-5-5-5,43.1,452.0,0.0,インナースティール,27.0
2022103701,ゴームズ,2026/04/09,川崎,晴,2,C3三四,12,6,7,5.9,3.0,2,野畑凌,54.0,ダ,1400.0,稍,94.2,0.2,1-2-1-1,39.9,473.0,-1.0,ニットウアクシア,32.0
2022103701,ゴームズ,2026/03/02,川崎,曇,3,ミーアキャット賞(C3),9,4,4,3.7,3.0,8,野畑凌,54.0,ダ,900.0,稍,57.9,1.1,3-3,39.7,474.0,2.0,ナリノビスケッツ,
2022103701,ゴームズ,2025/11/09,佐賀,曇,1,C2ー14組,11,8,11,8.7,3.0,2,出水拓人,54.0,ダ,1300.0,不,85.3,0.6,4-3-1-2,39.7,472.0,4.0,ロイヤルカスタマー,12.8
2022103701,ゴームズ,2025/10/27,佐賀,晴,6,チャレンジシリーズ(C2),10,7,7,12.9,4.0,4,出水拓人,54.0,ダ,1400.0,良,94.1,1.0,2-2-2-4,41.4,468.0,-2.0,ファーレンジョー,4.8
2022103701,ゴームズ,2025/10/13,佐賀,晴,3,山口勲騎手監修「がば(C2),12,4,4,17.5,6.0,5,出水拓人,54.0,ダ,1300.0,良,85.5,1.3,1-1-1-2,40.3,470.0,-3.0,ウィズプライド,3.2
2022103701,ゴームズ,2025/09/30,佐賀,晴,2,C2ー16組,12,3,3,7.8,3.0,2,出水拓人,54.0,ダ,1300.0,稍,84.4,0.5,2-2-2-2,39.9,473.0,-2.0,ポンペルモ,12.8
2022103701,ゴームズ,2025/09/14,佐賀,曇,5,C2ー17組,12,2,2,48.2,5.0,5,青海大樹,53.0,ダ,1300.0,不,85.3,2.7,4-4-4-4,40.2,475.0,-3.0,ウフフトルンナ,3.2
2022103701,ゴームズ,2025/08/31,佐賀,晴,7,ハイビスカス賞(C2),10,3,3,10.5,5.0,2,出水拓人,54.0,ダ,1400.0,良,92.4,1.1,1-1-1-2,41.2,478.0,-7.0,ジョイスマイリー,12.8
2022103701,ゴームズ,2025/08/16,佐賀,晴,3,C2ー21組,11,1,1,9.9,3.0,4,出水拓人,54.0,ダ,1400.0,良,93.9,1.8,1-1-2-3,40.8,485.0,7.0,アイアムルンルン,4.8
2022103701,ゴームズ,2025/07/12,佐賀,小雨,11,SAGAリベンジャー(3歳),10,4,4,4.1,2.0,1,出水拓人,54.0,ダ,900.0,良,55.7,-0.1,1-1,37.4,478.0,7.0,(イエヤス),45.0
2022103701,ゴームズ,2025/02/06,佐賀,曇,12,佐賀キングVSクイー(3歳),11,2,2,3.4,1.0,4,出水拓人,54.0,ダ,1400.0,重,94.8,0.8,3-3-3-5,41.8,471.0,21.0,ゴールデンサンダー,5.2
2022103701,ゴームズ,2024/12/21,7京都7,曇,2,2歳未勝利,16,2,3,321.2,14.0,14,角田大和,55.0,ダ,1200.0,良,75.7,2.9,11-10,38.9,450.0,-2.0,イマージョン,
2022103701,ゴームズ,2024/10/19,4新潟5,小雨,2,2歳未勝利,10,5,5,29.2,7.0,10,柴田裕一,52.0,ダ,1800.0,良,119.5,4.2,4-7-10-10,41.4,452.0,4.0,アリュールテーラー,
2022103701,ゴームズ,2024/10/05,5京都1,晴,4,2歳新馬,16,2,3,32.2,8.0,9,角田大和,55.0,ダ,1400.0,稍,88.0,3.3,4-4,40.3,448.0,0.0,ドラゴンウェルズ,
2020104023,バーサズバラード,2026/07/10,川崎,晴,12,ファイナルアンサー賞(C3),10,7,8,116.4,10.0,10,伊藤裕人,54.0,ダ,1400.0,良,97.5,4.8,6-6-9-10,44.0,431.0,3.0,クインズカヤノヒメ,
2020104023,バーサズバラード,2026/06/15,川崎,曇,5,C3三,12,7,9,296.5,12.0,12,伊藤裕人,54.0,ダ,1400.0,重,100.5,7.1,11-10-12-12,46.2,428.0,-2.0,キーファイン,
2020104023,バーサズバラード,2026/05/25,浦和,晴,1,C3七,11,7,9,499.2,11.0,9,伊藤裕人,54.0,ダ,1300.0,重,86.8,2.5,10-10-10-10,40.0,430.0,2.0,ニシノテンカフブ,
2020104023,バーサズバラード,2026/05/11,川崎,晴,4,C3五,12,3,3,493.7,12.0,12,伊藤裕人,54.0,ダ,1400.0,良,97.1,4.0,10-10-10-12,43.7,428.0,-1.0,セクレトウェポン,
2020104023,バーサズバラード,2026/04/20,浦和,晴,1,C3七八,10,4,4,220.2,9.0,9,伊藤裕人,54.0,ダ,1300.0,良,87.4,2.3,8-8-9-9,39.2,429.0,5.0,マルノアンナ,
2020104023,バーサズバラード,2026/04/07,川崎,雨,2,C3五六,12,5,5,254.9,12.0,11,伊藤裕人,54.0,ダ,1400.0,重,97.6,3.7,12-12-12-11,43.8,424.0,-8.0,アップタウンガール,
2020104023,バーサズバラード,2026/03/06,川崎,曇,12,ファイナルアンサー賞(C3),14,3,4,199.0,14.0,13,古岡勇樹,54.0,ダ,1500.0,稍,105.0,6.2,12-12-12-13,45.4,432.0,-2.0,クインズカヤノヒメ,
2020104023,バーサズバラード,2026/02/04,川崎,晴,1,C3五六,10,7,8,160.7,9.0,10,伊藤裕人,54.0,ダ,1400.0,良,98.6,5.7,10-10-10-10,42.8,434.0,-8.0,キャラメルスライム,
2020104023,バーサズバラード,2026/01/04,川崎,晴,5,鏡餅賞(C3),12,7,9,132.0,11.0,10,伊藤裕人,54.0,ダ,1400.0,稍,96.8,4.4,8-8-9-8,43.5,442.0,-3.0,ドウザンゴールド,
2020104023,バーサズバラード,2025/12/16,川崎,晴,5,C3三,12,3,3,29.8,7.0,11,伊藤裕人,54.0,ダ,1400.0,重,97.5,2.3,10-9-11-9,42.9,445.0,9.0,ブルートルマリン,
2020104023,バーサズバラード,2025/07/02,大井,曇,2,C3三四,14,5,8,93.1,11.0,7,高橋優,51.0,ダ,1200.0,良,76.4,1.4,10-8,39.2,436.0,-4.0,ノリサムソン,
2020104023,バーサズバラード,2025/06/12,大井,曇,2,C3三四,14,5,8,256.0,10.0,7,千田洋,54.0,ダ,1200.0,重,75.3,1.5,9-8,38.7,440.0,19.0,イントゥユー,
2020104023,バーサズバラード,2024/08/02,大井,晴,3,C3二三,14,4,6,98.3,13.0,10,谷内貫太,52.0,ダ,1200.0,良,77.5,1.4,11-12,39.8,421.0,5.0,デルマネコダマシ,
2020104023,バーサズバラード,2024/07/10,大井,曇,2,C3二三,14,2,2,325.2,13.0,10,千田洋,54.0,ダ,1200.0,良,77.7,2.0,13-12,38.9,416.0,1.0,ジーガーオーシャン,
2020104023,バーサズバラード,2024/06/25,大井,曇,9,C2九十,13,6,8,187.4,11.0,10,千田洋,54.0,ダ,1200.0,重,78.4,2.2,13-13,39.9,415.0,-7.0,ネオアビー,
2020104023,バーサズバラード,2024/06/05,大井,晴,5,C2十11,13,6,8,179.8,11.0,12,松崎正泰,54.0,ダ,1200.0,稍,78.5,3.3,13-12,40.3,422.0,-1.0,ピースフルタイム,
2020104023,バーサズバラード,2024/05/13,大井,雨,8,ネバダ賞(C215),12,2,2,33.1,9.0,9,石川駿介,54.0,ダ,1400.0,不,94.1,3.6,11-10-9,42.1,423.0,2.0,アタミセイコー,
2020104023,バーサズバラード,2024/04/23,大井,曇,12,C21112,16,4,7,70.5,11.0,中,石川駿介,54.0,ダ,1200.0,稍,,,,,421.0,0.0,リケアシラヌイ,
2020104023,バーサズバラード,2024/04/08,大井,曇,10,C21415,14,6,10,72.2,7.0,13,松崎正泰,54.0,ダ,1200.0,重,78.5,3.0,14-14,39.8,421.0,3.0,ウォーハンマー,
2020104023,バーサズバラード,2023/08/14,大井,曇,4,3歳164万,12,6,7,17.6,8.0,1,千田洋,54.0,ダ,1200.0,不,74.6,-0.1,5-5,38.7,418.0,-11.0,(キッスオブファイア),150.0
2020104023,バーサズバラード,2023/08/02,大井,晴,2,3歳174万,14,4,5,202.4,13.0,7,千田洋,54.0,ダ,1200.0,重,74.2,1.0,12-11,37.5,429.0,-9.0,モリデンステルス,
2020104023,バーサズバラード,2023/03/28,大井,曇,3,3歳138.,14,7,12,34.1,7.0,7,千田洋,54.0,ダ,1200.0,不,76.5,2.0,9-9,38.9,438.0,1.0,シロイトイキ,
2020104023,バーサズバラード,2023/03/08,大井,晴,4,立会川賞(3歳),16,5,9,20.9,7.0,4,千田洋,54.0,ダ,1200.0,良,75.8,0.5,11-11,38.3,437.0,3.0,マダムレディバグ,25.5
2020104023,バーサズバラード,2023/02/21,大井,晴,4,古川賞(3歳),16,8,16,55.5,10.0,12,千田洋,54.0,ダ,1200.0,良,77.6,3.0,8-8,40.6,434.0,-2.0,スプラッシュ,
2020104023,バーサズバラード,2023/01/26,大井,晴,4,烏山川賞(3歳),16,2,4,216.9,13.0,6,千田洋,54.0,ダ,1200.0,良,76.7,1.7,7-7,40.0,436.0,11.0,テッコサン,
2020104023,バーサズバラード,2022/09/07,大井,曇,4,2歳88.5,10,4,4,13.5,4.0,5,千田洋,54.0,ダ,1200.0,良,76.8,1.7,5-5,40.0,425.0,-10.0,ケンマキシム,21.0
2020104023,バーサズバラード,2022/08/18,大井,晴,4,2歳36万円,10,5,5,15.2,5.0,3,千田洋,54.0,ダ,1200.0,不,76.8,0.7,5-5,38.9,435.0,-2.0,サブノユメノスケ,52.5
2020104023,バーサズバラード,2022/07/27,大井,晴,4,2歳76.5,8,1,1,91.4,8.0,8,千田洋,54.0,ダ,1200.0,不,78.5,4.3,5-6,42.1,437.0,3.0,サンドエンプレス,
2020104023,バーサズバラード,2022/07/14,大井,雨,4,2歳新馬(新馬),7,5,5,40.5,7.0,5,千田洋,54.0,ダ,1200.0,不,77.4,3.0,6-5,40.1,434.0,0.0,コスモモカ,24.0
2022107169,ダイユウルージュ,2026/07/15,浦和,晴,4,HUBトラック賞(C3),12,6,7,11.3,6.0,11,秋元耕成,54.0,ダ,1400.0,良,92.5,2.7,7-7-4-6,40.7,421.0,-9.0,プリンセスキアラ,
2022107169,ダイユウルージュ,2026/06/24,浦和,曇,1,本庄宿賞(C3),10,6,6,30.3,5.0,2,秋元耕成,54.0,ダ,1400.0,稍,91.8,0.2,3-3-2-2,39.5,430.0,14.0,ピノモラーン,32.0
2022107169,ダイユウルージュ,2026/01/12,大井,晴,3,C3八九,15,3,4,107.6,12.0,12,菅原涼太,54.0,ダ,1200.0,良,77.7,3.0,11-10,38.4,416.0,-17.0,ヴァルチャースター,
2022107169,ダイユウルージュ,2025/12/15,金沢,曇,3,箱乃なかみデビュー3(C2),11,3,3,205.1,10.0,4,平瀬城久,55.0,ダ,1500.0,不,99.1,1.3,5-5-7-6,40.8,433.0,5.0,フェリスチカ,5.1
2022107169,ダイユウルージュ,2025/12/02,金沢,曇,6,C24,7,3,3,66.3,6.0,7,青柳正義,55.0,ダ,1400.0,良,94.8,4.9,6-7-7-7,40.7,428.0,1.0,ポリアンセモス,
2022107169,ダイユウルージュ,2025/11/17,金沢,曇,8,ハチコオブシュガー生(C2),8,3,3,14.8,3.0,5,栗原大河,55.0,ダ,1500.0,良,100.8,1.5,3-3-4-4,41.7,427.0,-8.0,インマイブラッド,4.3
2022107169,ダイユウルージュ,2025/11/09,金沢,雨,1,C119,8,8,8,3.1,2.0,8,柴田勇真,55.0,ダ,1400.0,稍,93.7,4.9,4-5-8-8,40.9,435.0,-1.0,ハクサンリバーブ,
2022107169,ダイユウルージュ,2025/10/07,金沢,曇,9,C210,6,6,6,7.0,2.0,1,栗原大河,55.0,ダ,1400.0,良,90.9,-0.1,1-1-2-2,39.6,436.0,-11.0,(ジーティーグロウ),43.0
2022107169,ダイユウルージュ,2025/09/20,金沢,曇,8,祝☆竹原家&神戸家結(C2),10,3,3,48.6,6.0,5,栗原大河,55.0,ダ,1400.0,良,91.4,1.5,4-4-5-5,39.2,447.0,-1.0,モルゲンゾンネ,4.3
2022107169,ダイユウルージュ,2025/09/08,金沢,曇,7,3歳B3,11,6,7,95.7,8.0,8,栗原大河,55.0,ダ,1500.0,不,98.5,1.7,2-3-6-6,41.2,448.0,19.0,ハクサンサクヤヒメ,
2022107169,ダイユウルージュ,2025/07/21,名古屋,晴,2,名古屋モーニングフィ(3歳),11,7,9,257.7,11.0,10,丸野勝虎,55.0,ダ,1500.0,良,98.6,3.0,11-11-11,40.4,429.0,0.0,テンダリー,
2022107169,ダイユウルージュ,2025/07/07,名古屋,晴,5,3歳7組,11,4,4,102.9,9.0,8,宮下瞳,53.0,ダ,1400.0,良,92.1,0.8,7-8-5,39.1,429.0,3.0,ボンボニエーレ,
2022107169,ダイユウルージュ,2025/06/25,名古屋,晴,3,3歳5組,12,7,9,247.6,12.0,11,丸野勝虎,55.0,ダ,1500.0,重,98.8,2.4,11-11-11,40.7,426.0,5.0,オーサムシャドウ,
2022107169,ダイユウルージュ,2025/06/13,名古屋,晴,3,3歳5組,10,8,9,104.7,10.0,9,丸野勝虎,55.0,ダ,1500.0,稍,99.9,2.2,9-9-9,39.1,421.0,0.0,ニシノコヌカアメ,
2022107169,ダイユウルージュ,2025/06/03,名古屋,雨,2,3歳5組,12,8,12,54.5,7.0,11,阪野学,55.0,ダ,1500.0,不,99.5,2.8,12-12-12,40.5,421.0,7.0,レイナティア,
2022107169,ダイユウルージュ,2025/05/20,名古屋,晴,8,3歳6組,12,5,6,43.7,7.0,11,阪野学,55.0,ダ,1500.0,稍,102.0,2.5,5-7-8,41.8,414.0,2.0,ポッドソル,
2022107169,ダイユウルージュ,2025/05/06,名古屋,雨,2,3歳4組,11,2,2,2.8,1.0,10,岡部誠,55.0,ダ,1500.0,不,98.9,1.1,7-7-8,40.3,412.0,0.0,ミキノオーボエ,
2022107169,ダイユウルージュ,2025/04/23,名古屋,曇,2,3歳10組,10,7,7,3.9,3.0,1,岡部誠,55.0,ダ,1500.0,不,99.3,-0.1,3-2-1,40.2,412.0,-3.0,(タクティカ),58.0
2022107169,ダイユウルージュ,2025/04/11,名古屋,晴,2,3歳7組,11,1,1,11.8,5.0,4,岡部誠,55.0,ダ,1500.0,稍,100.8,1.9,8-8-7,40.5,415.0,5.0,スーパーホース,8.7
2022107169,ダイユウルージュ,2025/03/08,2中山3,曇,5,3歳未勝利,15,6,10,717.2,15.0,15,佐藤翔馬,52.0,芝,2000.0,良,125.4,3.9,15-15-15-15,36.5,410.0,-2.0,インパクトシー,
2022107169,ダイユウルージュ,2025/02/22,1東京7,曇,5,3歳未勝利,18,6,12,551.6,18.0,18,佐藤翔馬,52.0,芝,2400.0,良,152.2,3.7,12-12-15-17,37.3,412.0,-4.0,ダノンピクチャー,
2022107169,ダイユウルージュ,2025/01/18,1中山6,晴,5,3歳未勝利,18,7,15,637.8,18.0,17,佐藤翔馬,52.0,芝,2000.0,良,124.6,4.4,17-17-16-18,37.9,416.0,-2.0,シェーンシュティア,
2022107169,ダイユウルージュ,2024/12/14,5中山5,晴,7,2歳未勝利,16,2,3,764.7,16.0,15,木幡育也,55.0,芝,1800.0,良,111.7,3.5,16-16-16-16,36.8,418.0,-10.0,ノビリシマビジョン,
2022107169,ダイユウルージュ,2024/11/16,5東京5,曇,5,2歳新馬,11,2,2,212.5,11.0,11,木幡育也,55.0,芝,1600.0,良,99.6,4.9,11-11,35.0,428.0,0.0,インプロペリア,
2022103360,ミカエンブレイス,2026/07/10,川崎,晴,1,C3五,9,8,10,48.8,6.0,5,新原周馬,54.0,ダ,1400.0,良,93.8,0.5,4-3-4-2,41.1,426.0,-1.0,キーファイン,8.0
2022103360,ミカエンブレイス,2026/06/17,川崎,晴,2,C3一二,11,2,2,18.9,5.0,5,古岡勇樹,54.0,ダ,1400.0,稍,94.6,1.9,7-7-9-7,41.2,427.0,-10.0,シルヴァギンジ,8.0
2022103360,ミカエンブレイス,2026/05/13,川崎,晴,1,C3三四,12,2,2,123.3,8.0,5,古岡勇樹,54.0,ダ,1400.0,良,94.5,0.8,5-5-6-5,40.2,437.0,9.0,アップタウンガール,8.0
2022103360,ミカエンブレイス,2026/04/09,川崎,晴,2,C3三四,12,3,3,129.3,9.0,8,古岡勇樹,54.0,ダ,1400.0,稍,95.6,1.6,8-7-10-10,39.9,428.0,-5.0,ニットウアクシア,
2022103360,ミカエンブレイス,2026/03/04,川崎,曇,1,C3三,12,5,5,205.6,12.0,9,古岡勇樹,54.0,ダ,1400.0,不,94.2,1.7,11-11-11-10,41.5,433.0,-10.0,メガミリオン,
2022103360,ミカエンブレイス,2026/02/02,川崎,晴,3,カピバラ賞(C3),12,5,6,105.3,10.0,9,古岡勇樹,54.0,ダ,900.0,良,58.0,2.3,8-8,39.3,443.0,2.0,ボイド,
2022103360,ミカエンブレイス,2026/01/03,川崎,晴,5,布袋尊賞(C3),14,4,6,48.7,8.0,12,古岡勇樹,54.0,ダ,1400.0,重,97.2,3.3,7-6-7-6,43.0,441.0,22.0,マオノオラクル,
2022103360,ミカエンブレイス,2025/06/17,川崎,晴,1,3歳6,10,7,9,,,取,神尾香澄,51.0,ダ,1400.0,稍,,,,,,,ファーストルック,
2022103360,ミカエンブレイス,2025/02/04,川崎,晴,3,3歳6,9,2,2,5.7,3.0,4,佐野遥久,52.0,ダ,1400.0,稍,95.5,0.2,3-4-4-4,41.1,419.0,1.0,グリングリングラス,30.0
2022103360,ミカエンブレイス,2025/01/03,川崎,曇,1,おみくじ賞(3歳),13,2,2,6.4,3.0,4,佐野遥久,52.0,ダ,1400.0,良,96.1,0.4,7-7-6-4,42.7,418.0,-4.0,エイシンキャノピー,30.0
2022103360,ミカエンブレイス,2024/12/10,川崎,晴,1,2歳7,9,4,4,63.3,6.0,6,Ｍ．ミシ,52.0,ダ,1400.0,良,95.4,2.1,8-7-7-5,41.7,422.0,4.0,サウスヴィルステラ,
2022103360,ミカエンブレイス,2024/11/11,川崎,曇,2,2歳6,7,2,2,13.8,4.0,5,町田直希,54.0,ダ,1400.0,稍,96.0,2.0,7-7-7-6,40.8,418.0,-3.0,オトコユメラク,20.0
2022103360,ミカエンブレイス,2024/10/11,川崎,晴,2,スパーキングデビュー(2歳),7,2,2,32.4,6.0,5,町田直希,54.0,ダ,1400.0,重,96.6,3.3,5-5-5-5,43.3,421.0,0.0,ハナノウタゲ,40.0
2021105332,マイブリッジ,2026/07/10,川崎,晴,1,C3五,9,7,8,3.3,2.0,2,野畑凌,56.0,ダ,1400.0,良,93.4,0.1,3-3-3-3,40.5,516.0,-7.0,キーファイン,32.0
2021105332,マイブリッジ,2026/06/15,川崎,曇,5,C3三,12,8,11,8.2,5.0,5,増田充宏,56.0,ダ,1400.0,重,95.4,2.0,7-10-7-8,42.3,523.0,6.0,キーファイン,8.0
2021105332,マイブリッジ,2026/02/04,川崎,晴,1,C3五六,10,3,3,3.2,2.0,3,増田充宏,56.0,ダ,1400.0,良,93.7,0.8,3-3-3-4,41.3,517.0,-8.0,キャラメルスライム,20.0
2021105332,マイブリッジ,2026/01/03,川崎,晴,4,毘沙門天賞(C3),14,6,10,3.6,1.0,9,増田充宏,56.0,ダ,1400.0,重,95.7,1.0,13-13-13-13,41.3,525.0,7.0,シェナチチカカ,
2021105332,マイブリッジ,2025/01/01,川崎,晴,2,お年玉賞(C3),14,2,2,2.5,1.0,2,野畑凌,56.0,ダ,1400.0,良,94.4,0.4,4-4-4-3,41.7,518.0,6.0,ニシノヤングマン,36.0
2021105332,マイブリッジ,2024/12/09,川崎,晴,2,3歳4,7,2,2,3.1,2.0,2,山崎誠士,56.0,ダ,1400.0,良,93.2,0.9,1-1-1-2,40.3,512.0,-3.0,アスクムービーオン,40.0
2021105332,マイブリッジ,2024/11/11,川崎,曇,4,3歳4,10,4,4,12.5,4.0,2,野畑凌,56.0,ダ,1400.0,稍,94.4,0.1,5-5-5-2,41.3,515.0,0.0,タマモキサキ,40.0
2023104911,クロムブレイズ,2026/07/07,川崎,曇,3,3歳8,10,4,4,86.3,8.0,5,張田昂,54.0,ダ,1400.0,重,95.7,2.1,7-8-7-5,42.5,399.0,-1.0,ヴェロオスキュラス,12.0
2023104911,クロムブレイズ,2026/06/19,川崎,晴,1,3歳9,8,6,6,53.4,7.0,4,伊藤裕人,54.0,ダ,1400.0,重,97.3,5.5,8-8-8-7,45.2,400.0,5.0,フルミネビアンコ,24.0
2023104911,クロムブレイズ,2026/05/15,川崎,晴,1,3歳9,9,1,1,52.0,8.0,5,伊藤裕人,54.0,ダ,1400.0,良,95.8,1.0,8-6-6-7,42.6,395.0,4.0,ブライトメロディー,16.0
2023104911,クロムブレイズ,2025/12/16,川崎,晴,1,2歳6,10,4,4,143.0,9.0,8,新原周馬,54.0,ダ,1400.0,重,97.1,2.8,8-8-7-6,43.3,391.0,-12.0,ルルアメル,
2023104911,クロムブレイズ,2025/11/21,川崎,晴,3,スパーキングデビュー(2歳),5,3,3,19.0,5.0,5,伊藤裕人,54.0,ダ,1400.0,良,97.4,4.4,4-4-4-4,42.3,403.0,0.0,テンクウノカガヤキ,40.0
2023102578,サラサドール,2026/07/07,川崎,曇,4,フラッシュ賞(3歳),9,1,1,4.5,3.0,3,増田充宏,54.0,ダ,900.0,重,57.3,0.5,4-4,38.9,449.0,0.0,ダイリュウラッキー,30.0
2023107445,キューティパエトン,2025/09/08,川崎,晴,1,未受賞(2歳),9,7,8,,,取,野畑凌,54.0,ダ,1400.0,稍,,,,,,,フェイティアン,
2023107445,キューティパエトン,2025/08/25,川崎,晴,3,スパーキングデビュー(2歳),7,4,4,2.0,1.0,7,野畑凌,54.0,ダ,1400.0,良,97.0,3.4,5-5-6-7,43.9,487.0,0.0,カズヤ,
2023105674,ベリルキャッツアイ,2026/07/07,川崎,曇,3,3歳8,10,8,9,5.5,2.0,4,矢野貴之,56.0,ダ,1400.0,重,95.5,1.9,2-1-1-2,43.5,523.0,-18.0,ヴェロオスキュラス,18.0
2023105674,ベリルキャッツアイ,2026/06/19,川崎,晴,1,3歳9,8,8,8,1.5,1.0,5,矢野貴之,56.0,ダ,1400.0,重,97.5,5.7,5-4-3-2,46.4,541.0,0.0,フルミネビアンコ,16.0
2023100257,ターボクン,2026/07/07,川崎,曇,4,フラッシュ賞(3歳),9,8,9,139.4,9.0,9,中越琉世,56.0,ダ,900.0,重,60.1,3.3,6-7,41.0,439.0,5.0,ダイリュウラッキー,
2023100257,ターボクン,2026/06/16,川崎,晴,2,ガスト賞(3歳),12,4,4,143.9,12.0,12,増田充宏,56.0,ダ,900.0,稍,59.2,2.8,11-11,40.2,434.0,4.0,トーケンマティーニ,
2023100257,ターボクン,2026/05/15,川崎,晴,1,3歳9,9,3,3,126.3,9.0,9,増田充宏,56.0,ダ,1400.0,良,98.5,3.7,8-8-9-9,44.7,430.0,-1.0,ブライトメロディー,
2023100257,ターボクン,2026/01/04,川崎,晴,1,破魔矢賞(3歳),11,5,6,77.9,10.0,9,中山遥人,54.0,ダ,900.0,稍,59.8,2.7,9-9,40.5,431.0,3.0,アースジュエル,
2023100257,ターボクン,2025/12/19,川崎,晴,2,スパーキングデビュー(2歳),9,6,6,115.8,9.0,9,加藤雄真,52.0,ダ,900.0,稍,59.5,3.9,9-9,40.3,428.0,0.0,ブリットポップ,
2023102441,ワイズブレイズ,2026/02/02,川崎,晴,2,3歳8,9,4,4,25.5,8.0,7,古岡勇樹,56.0,ダ,1400.0,良,97.1,2.4,6-5-5-6,40.7,426.0,0.0,カナールゲイル,
2023106038,ゴーゴールイス,2026/07/07,川崎,曇,3,3歳8,10,6,6,71.4,6.0,2,古岡勇樹,56.0,ダ,1400.0,重,94.1,0.5,3-3-3-3,41.5,400.0,-1.0,ヴェロオスキュラス,48.0
2023106038,ゴーゴールイス,2026/06/19,川崎,晴,1,3歳9,8,4,4,15.7,5.0,7,古岡勇樹,56.0,ダ,1400.0,重,98.9,7.1,3-5-6-8,47.2,401.0,0.0,フルミネビアンコ,
2023100847,リュウノミナミ,2026/07/07,川崎,曇,4,フラッシュ賞(3歳),9,3,3,11.7,5.0,6,加藤雄真,52.0,ダ,900.0,重,58.2,1.4,7-6,39.1,438.0,-3.0,ダイリュウラッキー,
2023100847,リュウノミナミ,2025/12/17,川崎,晴,3,つるぎ賞(2歳),8,4,4,,,取,加藤雄真,51.0,ダ,900.0,稍,,,,,,,フエルテコラソン,
2023100847,リュウノミナミ,2025/11/19,川崎,晴,1,2歳5,9,8,8,10.7,4.0,8,山崎誠士,51.0,ダ,1400.0,良,96.6,3.1,4-3-3-5,43.2,441.0,3.0,コウジンヴンダー,
2023100847,リュウノミナミ,2025/10/13,川崎,曇,2,2歳5,10,1,1,15.0,5.0,3,加藤雄真,51.0,ダ,1400.0,良,95.5,1.2,3-4-4-3,41.9,438.0,4.0,ヤマトスコッチ,50.0
2023100847,リュウノミナミ,2025/09/08,川崎,晴,1,未受賞(2歳),9,1,1,5.1,3.0,5,加藤雄真,51.0,ダ,1400.0,稍,96.3,1.4,9-8-8-6,41.0,434.0,-4.0,フェイティアン,20.0
2023100847,リュウノミナミ,2025/08/25,川崎,晴,5,スパーキングデビュー(2歳),8,1,1,17.6,5.0,6,野畑凌,54.0,ダ,900.0,良,57.5,2.3,8-8,38.5,438.0,0.0,パッツンドレス,
2023106527,シェブロンウーマン,2026/07/07,川崎,曇,3,3歳8,10,3,3,86.1,7.0,9,岡村裕基,54.0,ダ,1400.0,重,97.0,3.4,5-5-6-7,44.1,432.0,-2.0,ヴェロオスキュラス,
2023106527,シェブロンウーマン,2026/06/16,川崎,晴,2,ガスト賞(3歳),12,8,12,31.6,8.0,10,岡村裕基,54.0,ダ,900.0,稍,58.7,2.3,4-6,40.3,434.0,6.0,トーケンマティーニ,
2023106527,シェブロンウーマン,2026/05/11,川崎,晴,3,リュフトヒエン賞(3歳),11,3,3,329.8,11.0,9,岡村裕基,53.0,ダ,900.0,良,57.5,2.7,11-11,38.4,428.0,7.0,フエルテコラソン,
2023106527,シェブロンウーマン,2026/04/10,川崎,雨,2,3歳9,10,8,10,75.6,10.0,10,岡村裕基,54.0,ダ,1400.0,重,98.0,3.5,7-8-8-9,43.4,421.0,-1.0,ファインティアラ,
2023106527,シェブロンウーマン,2026/03/03,川崎,雨,2,3歳9,11,5,5,59.7,8.0,10,池谷匠翔,54.0,ダ,1400.0,重,94.8,2.7,9-9-8-9,40.8,422.0,-2.0,テルケンユミミヅキ,
2023106527,シェブロンウーマン,2026/02/06,川崎,晴,2,3歳6,9,8,9,20.6,6.0,7,佐野遥久,53.0,ダ,1400.0,良,97.1,4.4,7-7-5-6,42.8,424.0,0.0,オンナユメラク,
2023106527,シェブロンウーマン,2026/01/04,川崎,晴,1,破魔矢賞(3歳),11,1,1,3.0,2.0,3,佐野遥久,53.0,ダ,900.0,稍,58.2,1.1,4-3,39.7,424.0,-2.0,アースジュエル,50.0
2023106527,シェブロンウーマン,2025/12/19,川崎,晴,3,スパーキングデビュー(2歳),6,2,2,8.7,3.0,5,佐野遥久,53.0,ダ,1400.0,稍,96.0,2.1,3-4-4-5,41.8,426.0,0.0,シージャムブルース,40.0
2023106309,タイトノット,2026/07/07,川崎,曇,3,3歳8,10,1,1,31.6,5.0,6,伊藤裕人,56.0,ダ,1400.0,重,95.7,2.1,7-7-8-7,42.2,445.0,1.0,ヴェロオスキュラス,
2023106309,タイトノット,2026/06/19,川崎,晴,2,3歳8,9,7,7,173.8,9.0,6,伊藤裕人,56.0,ダ,1400.0,重,95.3,2.7,7-7-7-7,41.4,444.0,3.0,テセラグラディウス,
2023106309,タイトノット,2026/05/14,川崎,晴,1,3歳8,8,4,4,72.3,8.0,7,伊藤裕人,56.0,ダ,1400.0,良,96.4,3.2,8-8-6-8,41.9,441.0,5.0,ハーバーショー,
2023106309,タイトノット,2026/04/10,川崎,雨,2,3歳9,10,4,4,65.7,9.0,8,増田充宏,56.0,ダ,1400.0,重,96.3,1.8,9-9-8-7,41.7,436.0,-4.0,ファインティアラ,
2023106309,タイトノット,2026/03/03,川崎,雨,2,3歳9,11,1,1,90.8,9.0,8,増田充宏,56.0,ダ,1400.0,重,94.6,2.5,11-11-11-10,40.3,440.0,-2.0,テルケンユミミヅキ,
2023106309,タイトノット,2026/02/06,川崎,晴,2,3歳6,9,2,2,51.6,8.0,6,増田充宏,56.0,ダ,1400.0,良,95.9,3.2,8-6-8-8,41.4,442.0,2.0,オンナユメラク,
2023106309,タイトノット,2026/01/01,川崎,晴,1,2026幕開け賞(3歳),11,7,9,125.9,11.0,9,増田充宏,56.0,ダ,1400.0,稍,96.5,2.6,8-9-5-7,42.1,440.0,-10.0,グラズヘイム,
2023106309,タイトノット,2025/12/15,川崎,晴,4,スコーピオン賞(2歳),8,5,5,73.1,8.0,6,伊藤裕人,55.0,ダ,1400.0,重,97.1,1.9,8-8-8-7,41.3,450.0,10.0,ヒマワリシャワー,
2023106309,タイトノット,2025/11/12,名古屋,曇,7,2歳特別,11,8,11,,,取,丸野勝虎,56.0,ダ,1500.0,稍,,,,,,,アストラビアンコ,
2023106309,タイトノット,2025/10/30,名古屋,晴,9,オータムフューチャー(2歳),10,6,6,92.8,9.0,7,丸野勝虎,56.0,ダ,1500.0,良,101.0,3.6,10-10-8,43.0,440.0,-6.0,ゴールドレーン,
2023106309,タイトノット,2025/10/02,名古屋,晴,10,セレクトゴールド第3(2歳),12,5,5,301.0,12.0,11,丹羽克輝,56.0,ダ,1500.0,良,101.8,4.2,9-10-11,43.7,446.0,1.0,ミモザノキセツ,
2023106309,タイトノット,2025/09/18,名古屋,晴,5,2歳特別,10,5,5,23.2,6.0,5,丸野勝虎,56.0,ダ,1500.0,良,101.9,2.1,6-5-5,42.4,445.0,0.0,マンデーロウリュウ,10.0
2023106309,タイトノット,2025/09/04,名古屋,曇,10,セレクトゴールド第1(2歳),11,7,9,21.9,5.0,8,丸野勝虎,56.0,ダ,1500.0,良,102.1,4.4,11-10-10,43.3,445.0,13.0,サンテオレンジ,
2023106309,タイトノット,2025/08/07,門別,曇,1,2歳未勝利(未勝利),10,8,11,21.5,6.0,1,阿部龍,55.0,ダ,1500.0,稍,100.3,-0.1,10-9-7-1,40.9,432.0,-8.0,(エスクラス),50.0
2023106309,タイトノット,2025/07/24,門別,晴,1,2歳未勝利(未勝利),9,7,7,47.3,7.0,4,阿部龍,55.0,ダ,1600.0,良,109.6,1.3,7-3-4-3,40.4,440.0,-2.0,フルールドゥリュン,7.0
2023106309,タイトノット,2025/07/15,門別,曇,2,2歳未勝利(未勝利),9,2,2,44.3,6.0,9,阿部龍,55.0,ダ,1000.0,稍,65.6,1.7,9-9,39.2,442.0,0.0,フォーティチュード,
2023106309,タイトノット,2025/07/01,門別,晴,2,プリンスドワイトラモ(未勝利)(2歳),8,6,6,36.4,4.0,4,阿部龍,55.0,ダ,1200.0,良,77.7,2.4,6-5,39.7,442.0,0.0,ケツァールアズール,7.0
2023106309,タイトノット,2025/06/12,門別,曇,4,JRA認定競走フレッ(新馬)(2歳),5,5,5,12.0,4.0,5,桑村真明,55.0,ダ,1700.0,稍,118.7,5.8,4-3-5-5,46.1,442.0,0.0,トレモロ,17.5
2023109068,ムジークヘーレン,2026/07/06,川崎,曇,3,エクレール賞(3歳),12,6,8,47.3,6.0,11,中山遥人,53.0,ダ,900.0,重,58.5,1.8,1-2,40.6,410.0,-3.0,サウンドプリモ,
2023109068,ムジークヘーレン,2026/06/16,川崎,晴,2,ガスト賞(3歳),12,5,5,47.8,10.0,2,中山遥人,53.0,ダ,900.0,稍,57.0,0.6,1-1,39.1,413.0,0.0,トーケンマティーニ,64.0
2023109068,ムジークヘーレン,2026/05/28,浦和,曇,1,3歳七,12,5,5,281.3,12.0,11,山林堂信,54.0,ダ,1400.0,良,95.9,4.9,12-11-11-11,41.2,413.0,2.0,ヒロキ,
2023109068,ムジークヘーレン,2026/05/15,川崎,晴,4,ゼフィール賞(3歳),9,6,6,99.3,8.0,9,加藤雄真,51.0,ダ,900.0,良,58.9,2.9,1-3,40.7,411.0,-1.0,グランドマーメイド,
2023109068,ムジークヘーレン,2026/04/08,川崎,晴,2,アルコンスィエル賞(3歳),12,4,4,108.0,9.0,12,加藤雄真,50.0,ダ,900.0,重,58.6,3.0,7-7,40.6,412.0,0.0,マーベラスティアラ,
2023109068,ムジークヘーレン,2026/03/16,浦和,晴,1,浦和800ラウンド(3歳),11,7,9,23.9,7.0,5,加藤雄真,50.0,ダ,800.0,稍,50.5,1.4,3-4,38.2,412.0,-1.0,ミリオンフライト,18.0
2023109068,ムジークヘーレン,2026/03/06,川崎,曇,3,ウラガーノ賞(3歳),11,1,1,14.0,4.0,9,野畑凌,54.0,ダ,900.0,重,58.9,2.7,2-3,40.8,413.0,4.0,クレイスアバンティ,
2023109068,ムジークヘーレン,2026/02/05,川崎,晴,2,ストーム賞(3歳),10,3,3,5.8,3.0,3,野畑凌,54.0,ダ,900.0,良,58.1,1.4,3-3,39.7,409.0,2.0,ナナミ,50.0
2023109068,ムジークヘーレン,2026/01/03,川崎,晴,3,寿老人賞(3歳),10,6,6,35.8,8.0,6,野畑凌,54.0,ダ,900.0,重,57.6,1.6,2-3,39.7,407.0,5.0,キングスケヨー,
2023109068,ムジークヘーレン,2025/12/09,船橋,晴,7,クラーベセクレタ・メ(2歳),13,6,10,410.6,13.0,10,臼井健太,54.0,ダ,1500.0,良,102.7,4.6,10-10-11-10,43.6,402.0,-3.0,バイラノーチェ,
2023109068,ムジークヘーレン,2025/11/05,船橋,曇,1,2歳五,11,6,7,36.2,6.0,7,川島正太,54.0,ダ,1200.0,良,78.7,1.3,8-8-8,40.0,405.0,-3.0,オオイシフジノハナ,
2023109068,ムジークヘーレン,2025/10/01,名古屋,晴,3,2歳2組,12,7,10,40.5,8.0,2,筒井勇介,55.0,ダ,920.0,良,58.0,0.0,5,37.7,408.0,1.0,オーヴイシャイン,24.5
2023109068,ムジークヘーレン,2025/09/18,名古屋,晴,5,2歳特別,10,7,8,340.2,10.0,8,筒井勇介,55.0,ダ,1500.0,良,102.6,2.8,9-10-9,42.0,407.0,-1.0,マンデーロウリュウ,
2023109068,ムジークヘーレン,2025/09/04,名古屋,曇,8,セプテンバーフューチ(2歳),11,5,5,151.8,11.0,8,筒井勇介,55.0,ダ,1500.0,良,102.6,3.3,9-10-8,42.3,408.0,4.0,ナゴヤバシリ,
2023109068,ムジークヘーレン,2025/08/21,名古屋,晴,6,2歳特別,10,6,6,51.2,8.0,9,望月洵輝,55.0,ダ,1500.0,良,102.6,4.9,9-6-7,43.8,404.0,-5.0,ニドネ,
2023109068,ムジークヘーレン,2025/07/24,名古屋,晴,8,2歳特別,8,4,4,197.3,8.0,7,筒井勇介,55.0,ダ,1500.0,良,100.0,2.6,7-7-5,40.2,409.0,13.0,ゴールドレター,
2023109068,ムジークヘーレン,2025/07/10,名古屋,晴,5,2歳特別,11,5,5,82.2,9.0,9,筒井勇介,55.0,ダ,1500.0,良,101.7,3.5,6-6-8,43.7,396.0,-12.0,ネフェルアスティ,
2023109068,ムジークヘーレン,2025/06/26,名古屋,曇,4,2歳,6,1,1,40.3,5.0,4,野畑凌,55.0,ダ,920.0,不,57.7,1.8,4,37.7,408.0,3.0,ゴールドレター,10.5
2023109068,ムジークヘーレン,2025/06/06,名古屋,晴,4,2歳新馬,6,5,5,23.8,5.0,5,大畑慧悟,53.0,ダ,900.0,良,57.5,1.9,4,38.8,405.0,0.0,ゴールドレター,20.0
2023106032,アンジュベル,2026/07/10,川崎,晴,6,珠鷸賞(3歳),9,8,10,4.9,3.0,9,野畑凌,54.0,ダ,1500.0,良,101.6,3.1,2-2-3-6,44.2,458.0,5.0,アウフタクト,
2023106032,アンジュベル,2026/06/15,川崎,曇,7,小千鳥賞(3歳),13,1,1,3.6,2.0,9,野畑凌,54.0,ダ,1500.0,重,101.5,1.7,9-8-5-9,44.1,453.0,3.0,サムバローズ,
2023106032,アンジュベル,2026/05/11,川崎,晴,2,3歳5,10,5,5,4.8,2.0,2,野畑凌,54.0,ダ,1400.0,良,92.6,0.3,2-2-2-2,39.9,450.0,3.0,ミスターベラミー,64.0
2023106032,アンジュベル,2026/01/22,姫路,晴,11,兵庫クイーンセレクシ(重賞),12,8,11,108.8,10.0,9,松木大地,55.0,ダ,1400.0,良,96.3,1.6,7-8-8-8,42.4,447.0,1.0,ジューンキートス,
2023106032,アンジュベル,2025/12/25,園田,雨,4,久々知スプリント2歳,11,2,2,5.0,3.0,1,松木大地,54.0,ダ,1230.0,不,82.3,-0.3,3-3-3-3,40.6,446.0,5.0,(ジョコーソ),130.0
2023106032,アンジュベル,2025/12/04,園田,晴,4,今津灯台ダッシュ2歳,12,3,3,23.3,6.0,2,松木大地,54.0,ダ,820.0,良,51.8,0.7,6-6,37.0,441.0,-1.0,バーシティ,52.0
2023106032,アンジュベル,2025/11/11,門別,曇,3,2歳未勝利(未勝利),9,8,9,13.2,4.0,4,岩橋勇二,55.0,ダ,1200.0,稍,77.3,1.5,4-4,40.3,442.0,0.0,スクラッチクラッチ,7.0
2023106032,アンジュベル,2025/11/05,門別,晴,2,2歳牝馬未勝利(未勝利),12,6,7,14.1,5.0,3,岩橋勇二,55.0,ダ,1100.0,稍,69.7,0.7,6-5,38.1,442.0,-4.0,ウキヨノメシア,10.5
2023106032,アンジュベル,2025/10/22,門別,晴,3,2歳牝馬未勝利(未勝利),10,8,10,33.6,7.0,3,岩橋勇二,55.0,ダ,1100.0,稍,70.4,0.3,4-5,39.2,446.0,2.0,パレスシャンティ,10.5
2023106032,アンジュベル,2025/09/03,門別,晴,2,2歳未勝利(未勝利),10,4,4,8.7,3.0,4,岩橋勇二,55.0,ダ,1000.0,重,64.5,0.7,4-4,39.6,444.0,-4.0,ピルゴスアイトス,7.0
2023106032,アンジュベル,2025/08/21,門別,晴,2,2歳未勝利(未勝利),12,1,1,77.0,7.0,6,岩橋勇二,55.0,ダ,1000.0,稍,64.4,1.8,12-12,38.2,448.0,6.0,リックシーリン,
2023106032,アンジュベル,2025/07/01,門別,晴,3,シューター菊地賞(未勝利)(2歳),8,5,5,63.3,6.0,4,及川烈,54.0,ダ,1100.0,良,71.0,1.3,4-5,40.6,442.0,-2.0,マッスルチャミー,7.0
2023106032,アンジュベル,2025/06/10,門別,晴,3,2歳未勝利(未勝利),10,5,5,7.1,4.0,5,及川烈,54.0,ダ,1100.0,良,71.4,2.5,3-3,40.7,444.0,6.0,シラントロ,3.5
2023106032,アンジュベル,2025/05/27,門別,晴,1,2歳未勝利(未勝利),7,5,5,9.3,5.0,5,岩橋勇二,55.0,ダ,1100.0,稍,70.7,1.5,3-3,40.4,438.0,-2.0,オクトンハッチ,3.5
2023106032,アンジュベル,2025/05/15,門別,曇,5,JRA認定競走フレッ(新馬)(2歳),11,7,8,4.0,2.0,4,岩橋勇二,55.0,ダ,1000.0,良,64.4,1.2,3-3,40.0,440.0,0.0,ニジコ,42.0
2023100449,プリンセスサミット,2026/03/03,川崎,雨,3,3歳6,9,6,6,12.8,5.0,2,笹川翼,54.0,ダ,1400.0,重,92.2,0.1,1-1-1-1,39.6,485.0,5.0,マルーンドライブ,80.0
2023100449,プリンセスサミット,2026/02/06,川崎,晴,4,3歳4,12,4,4,4.7,2.0,8,笹川翼,54.0,ダ,1400.0,良,95.0,1.4,2-2-1-1,42.4,480.0,11.0,スマートラスター,
2023100449,プリンセスサミット,2026/01/02,川崎,晴,5,だるま落とし賞(3歳),12,8,11,7.3,4.0,8,笹川翼,54.0,ダ,1500.0,稍,101.9,1.1,2-2-1-1,42.6,469.0,-11.0,ジーカンピオーネ,
2023100449,プリンセスサミット,2025/09/10,川崎,晴,1,2歳5,8,4,4,4.8,3.0,2,笹川翼,54.0,ダ,1400.0,稍,94.5,1.0,1-1-1-1,40.8,480.0,-5.0,バレンタインギフト,80.0
2023100449,プリンセスサミット,2025/08/07,川崎,曇,4,スパーキングデビュー(2歳),8,3,3,4.6,3.0,3,笹川翼,54.0,ダ,900.0,良,56.5,0.7,3-2,39.0,485.0,0.0,セイソラボル,105.0
2023107504,アッチョンブリケ,2026/07/09,川崎,晴,1,3歳6,11,6,6,3.4,3.0,11,張田昂,54.0,ダ,1400.0,稍,97.8,4.3,1-2-2-5,45.5,451.0,3.0,テンノウズアイル,
2023107504,アッチョンブリケ,2026/05/02,3京都3,晴,1,3歳未勝利,16,8,15,169.2,13.0,10,川端海翼,52.0,ダ,1200.0,重,73.2,1.7,2-2,37.2,448.0,6.0,スターフュージョン,
2023107504,アッチョンブリケ,2026/04/11,1福島1,晴,4,3歳未勝利,16,6,12,77.0,12.0,15,松若風馬,55.0,ダ,1150.0,良,73.2,3.8,4-9,41.0,442.0,6.0,ベルゼビュート,
2023107504,アッチョンブリケ,2026/01/24,1小倉1,曇,3,3歳未勝利,14,4,6,79.9,8.0,8,斎藤新,55.0,ダ,1000.0,良,61.3,1.9,2-2,37.9,436.0,-2.0,カッタッパ,
2023107504,アッチョンブリケ,2025/11/30,4京都8,晴,1,2歳未勝利,16,7,14,75.4,9.0,11,斎藤新,55.0,ダ,1200.0,良,75.5,2.4,1-1,39.9,438.0,-4.0,ジャンシ,
2023107504,アッチョンブリケ,2025/11/16,3福島4,晴,1,2歳未勝利,16,5,9,32.8,8.0,13,松若風馬,55.0,ダ,1150.0,良,72.3,3.5,15-15,38.6,442.0,20.0,ドナシェーン,
2023107504,アッチョンブリケ,2025/07/05,1函館7,晴,5,2歳新馬,7,5,5,7.5,3.0,3,斎藤新,55.0,ダ,1000.0,重,60.6,2.7,3-3,37.1,422.0,0.0,エムフォー,190.0
2023103987,ホワイトフジ,2026/07/08,川崎,晴,2,3歳5,9,1,1,43.6,5.0,5,本田正重,56.0,ダ,1400.0,稍,94.7,2.6,4-4-4-3,41.3,512.0,-1.0,フルミネビアンコ,12.0
2023103987,ホワイトフジ,2026/06/15,川崎,曇,1,ラファール賞(3歳),12,5,6,26.9,5.0,7,本田正重,56.0,ダ,900.0,重,56.9,1.8,11-9,38.5,513.0,10.0,グランドマーメイド,
2023103987,ホワイトフジ,2026/02/06,川崎,晴,1,トルメンタ賞(3歳),12,8,11,4.2,2.0,3,本田正重,56.0,ダ,900.0,良,56.7,0.8,5-3,38.8,503.0,-3.0,アークオブライフ,50.0
2023103987,ホワイトフジ,2026/01/02,川崎,晴,1,羽根つき賞(3歳),12,8,11,77.7,9.0,9,神尾香澄,51.0,ダ,900.0,稍,57.1,1.3,8-6,39.2,506.0,-2.0,ビターメロン,
2023103987,ホワイトフジ,2025/12/17,川崎,晴,3,つるぎ賞(2歳),8,3,3,6.4,3.0,2,神尾香澄,52.0,ダ,900.0,稍,56.4,0.3,1-1,38.2,508.0,24.0,フエルテコラソン,80.0
2023103987,ホワイトフジ,2025/10/07,大井,曇,4,2歳六七,9,8,11,42.9,9.0,5,鷹見陸,54.0,ダ,1200.0,良,76.3,1.2,1-1,40.3,484.0,-7.0,オレンジマン,32.0
2023103987,ホワイトフジ,2025/09/16,大井,晴,5,2歳五六,8,2,2,4.2,3.0,5,鷹見陸,53.0,ダ,1200.0,稍,77.5,2.0,4-3,40.3,491.0,-2.0,ルビーディーゼル,32.0
2023103987,ホワイトフジ,2025/09/03,大井,曇,4,2歳五六,11,6,6,13.2,6.0,5,吉井章,54.0,ダ,1200.0,良,78.0,2.2,3-3,40.9,493.0,1.0,ワイルドノブクン,32.0
2023103987,ホワイトフジ,2025/08/15,大井,晴,3,2歳三四,12,2,2,76.5,10.0,11,安藤洋一,54.0,ダ,1400.0,良,93.5,3.3,1-1-1,42.9,492.0,-6.0,ウィルデッドリフト,
2023103987,ホワイトフジ,2025/07/18,大井,晴,3,2歳新馬(新馬),8,4,4,25.0,6.0,6,安藤洋一,54.0,ダ,1400.0,稍,93.1,4.5,7-6-6,42.1,498.0,0.0,カレラディオ,
2023106538,ハーバーショー,2026/07/06,川崎,曇,7,ランポ賞(3歳),12,7,10,38.9,8.0,12,野畑凌,56.0,ダ,1400.0,重,97.9,5.4,2-3-3-10,46.4,444.0,1.0,マダムウィンディ,
2023106538,ハーバーショー,2026/06/15,川崎,曇,6,郭公賞(3歳),12,6,7,26.1,5.0,11,野畑凌,56.0,ダ,1400.0,重,95.9,2.1,2-1-3-7,42.6,443.0,12.0,テルケンユミミヅキ,
2023106538,ハーバーショー,2026/05/25,浦和,晴,2,ランチタイム(3歳),10,1,1,9.7,3.0,9,和田譲治,56.0,ダ,1400.0,稍,94.2,4.3,1-1-3-8,43.9,431.0,-7.0,トランキルライト,
2023106538,ハーバーショー,2026/05/14,川崎,晴,1,3歳8,8,3,3,3.8,2.0,1,野畑凌,56.0,ダ,1400.0,良,93.2,-1.2,1-1-1-1,39.9,438.0,9.0,(シェナマーブル),160.0
2023106538,ハーバーショー,2025/11/17,川崎,晴,1,みずほ賞(2歳),7,4,4,2.2,2.0,6,野畑凌,55.0,ダ,900.0,良,57.7,1.6,2-3,40.3,429.0,5.0,ドンクベットコール,
2023106538,ハーバーショー,2025/10/17,川崎,晴,4,未受賞(2歳),10,6,6,2.1,1.0,2,野畑凌,55.0,ダ,1400.0,稍,95.9,0.0,1-1-1-1,40.4,424.0,-4.0,ザイオンパーク,80.0
2023106538,ハーバーショー,2025/09/12,川崎,曇,3,スパーキングデビュー(2歳),8,8,8,7.6,4.0,8,野畑凌,54.0,ダ,1400.0,重,97.9,2.9,2-3-3-4,43.8,428.0,0.0,ジーリオ,
2023105135,ロックマイソウル,2026/05/11,川崎,晴,3,リュフトヒエン賞(3歳),11,4,4,10.3,3.0,3,野畑凌,55.0,ダ,900.0,良,55.8,1.0,2-2,38.3,471.0,3.0,フエルテコラソン,40.0
2023105135,ロックマイソウル,2026/04/16,笠松,晴,2,3歳3組,10,8,10,5.7,4.0,6,渡辺竜也,57.0,ダ,1580.0,稍,110.6,1.7,2-1-3,42.2,468.0,3.0,マチュ,
2023105135,ロックマイソウル,2026/04/02,笠松,晴,10,マメザクラ特別(3歳),9,1,1,31.5,6.0,8,筒井勇介,57.0,ダ,1580.0,稍,112.5,4.3,2-2-3,47.3,465.0,-8.0,ルベライトテソーロ,
2023105135,ロックマイソウル,2026/03/20,笠松,晴,3,3歳4組,6,4,4,8.7,4.0,2,塚本征吾,57.0,ダ,1400.0,稍,92.9,0.1,1-1-1,40.4,473.0,0.0,レーヴドクロンヌ,18.0
2023105135,ロックマイソウル,2026/03/04,笠松,晴,3,まーしー20代ラスト(3歳),10,7,7,11.6,5.0,7,渡辺竜也,57.0,ダ,1400.0,重,95.8,3.3,5-5-6,43.5,473.0,-7.0,ベラジオジュピター,
2023105135,ロックマイソウル,2026/02/18,笠松,晴,5,しゆりん誕生日おめで(3歳),8,7,7,56.1,6.0,6,高木健,57.0,ダ,1400.0,良,95.1,3.1,3-2-3,44.0,480.0,-4.0,ヴェルメイユドール,
2023105135,ロックマイソウル,2025/11/28,笠松,曇,6,湯の華特別(2歳),9,8,8,9.6,4.0,8,明星晴大,56.0,ダ,1400.0,良,95.4,4.4,2-4-6,44.9,484.0,-5.0,スティルアローン,
2023105135,ロックマイソウル,2025/11/06,笠松,晴,1,2歳新馬(新馬),6,4,4,3.4,2.0,1,松本一心,55.0,ダ,800.0,良,50.1,-0.2,1,36.9,489.0,0.0,(モメンタムゲイン),170.0
2023106594,シンデレラリバティ,2026/07/17,浦和,雨,1,ランチタイム(3歳),12,8,12,5.4,3.0,7,藤本現暉,54.0,ダ,800.0,重,49.6,1.4,10-10,36.4,431.0,15.0,セーブルラヴ,
2023106594,シンデレラリバティ,2026/05/30,2東京11,晴,7,3歳1勝クラス,13,3,3,409.6,13.0,11,遠藤汰月,52.0,芝,1400.0,良,82.1,2.1,11-11,35.3,416.0,6.0,トライアンフパス,
2023106594,シンデレラリバティ,2026/05/24,1新潟8,小雨,1,3歳未勝利,16,4,8,187.2,15.0,9,遠藤汰月,52.0,芝,1200.0,稍,71.6,1.0,10-10,36.0,410.0,-12.0,マイネルユーゲント,
2023106594,シンデレラリバティ,2026/02/15,1小倉8,晴,2,3歳未勝利,18,1,2,248.1,17.0,9,嶋田純次,55.0,芝,1200.0,稍,70.2,1.1,7-9,36.1,422.0,0.0,エバーラスト,
2023106594,シンデレラリバティ,2025/12/14,5中山4,雨,2,2歳未勝利,16,2,4,259.9,14.0,9,長岡禎仁,55.0,芝,1200.0,良,71.1,1.0,5-5,36.1,422.0,14.0,ニルマーネル,
2023106594,シンデレラリバティ,2025/10/19,4新潟2,曇,2,2歳未勝利,15,5,9,182.7,12.0,15,黛弘人,55.0,ダ,1200.0,重,75.7,4.6,15-15,38.5,408.0,-6.0,モンサンゴールデン,
2023106594,シンデレラリバティ,2025/08/17,2新潟8,晴,3,2歳未勝利,11,7,9,233.9,10.0,7,岩部純二,55.0,芝,1600.0,良,97.3,1.5,5-4,35.8,414.0,4.0,アルバンヌ,
2023106594,シンデレラリバティ,2025/08/02,2新潟3,晴,3,2歳未勝利,12,5,5,26.1,8.0,5,岩部純二,55.0,芝,1000.0,良,56.6,1.4,8,33.6,410.0,-10.0,プリティーミズホ,56.0
2023106594,シンデレラリバティ,2025/07/05,2福島3,曇,4,2歳新馬,9,1,1,133.5,9.0,5,岩部純二,55.0,芝,1200.0,稍,71.5,0.8,6-5,34.9,420.0,0.0,ヤマメライズ,75.0
2023100754,エストレーラヘーザ,2026/07/08,川崎,晴,2,3歳5,9,7,7,113.4,9.0,9,新原周馬,54.0,ダ,1400.0,稍,99.3,7.2,1-1-1-4,46.2,488.0,-1.0,フルミネビアンコ,
2023100754,エストレーラヘーザ,2026/06/15,川崎,曇,2,3歳5,11,8,10,216.2,11.0,11,新原周馬,54.0,ダ,1400.0,重,98.9,4.6,4-4-6-4,46.1,489.0,18.0,ハマウルフ,
2023100754,エストレーラヘーザ,2026/02/06,川崎,晴,5,テンポラーレ賞(3歳),12,7,10,101.3,10.0,11,服部茂史,53.0,ダ,900.0,良,57.8,3.2,7-9,39.5,471.0,10.0,グランドフロイデ,
2023100754,エストレーラヘーザ,2025/08/08,川崎,晴,2,未受賞(2歳),7,2,2,12.2,5.0,1,櫻井光輔,54.0,ダ,1400.0,良,96.2,-0.1,1-1-1-1,42.0,461.0,3.0,(ウフール),200.0
2023100754,エストレーラヘーザ,2025/07/11,川崎,曇,7,2歳3,7,2,2,11.3,5.0,7,町田直希,54.0,ダ,1400.0,重,98.7,3.6,4-4-5-5,44.0,458.0,1.0,シシフンジン,
2023100754,エストレーラヘーザ,2025/06/20,川崎,晴,4,スパーキングデビュー(2歳),7,7,7,16.0,5.0,6,町田直希,54.0,ダ,900.0,良,68.1,11.3,2-7,50.3,457.0,0.0,イネスティマブル,
2023102508,ダイリュウラッキー,2026/07/07,川崎,曇,4,フラッシュ賞(3歳),9,6,6,3.7,2.0,1,池谷匠翔,56.0,ダ,900.0,重,56.8,-0.2,1-1,38.8,454.0,-3.0,(ヤマザキシキブ),120.0
2023102508,ダイリュウラッキー,2026/06/19,川崎,晴,2,3歳8,9,8,9,33.9,5.0,7,池谷匠翔,56.0,ダ,1400.0,重,96.6,4.0,1-2-3-3,45.2,457.0,0.0,テセラグラディウス,
2023102508,ダイリュウラッキー,2026/05/14,川崎,晴,1,3歳8,8,6,6,14.1,5.0,6,池谷匠翔,56.0,ダ,1400.0,良,96.1,2.9,1-2-2-2,42.6,457.0,17.0,ハーバーショー,
2023102508,ダイリュウラッキー,2025/09/09,川崎,晴,1,2歳6,8,3,3,10.8,5.0,4,池谷匠翔,54.0,ダ,1400.0,稍,95.8,1.0,6-5-5-3,43.6,440.0,-4.0,マイボンド,30.0
2023102508,ダイリュウラッキー,2025/08/07,川崎,曇,4,スパーキングデビュー(2歳),8,6,6,52.6,6.0,5,池谷匠翔,54.0,ダ,900.0,良,57.3,1.5,7-5,38.6,444.0,0.0,セイソラボル,42.0
2023104219,ディーズメソッド,2026/07/06,川崎,曇,3,エクレール賞(3歳),12,1,1,41.4,5.0,4,池谷匠翔,54.0,ダ,900.0,重,57.1,0.4,3-3,39.0,481.0,-5.0,サウンドプリモ,18.0
2023104219,ディーズメソッド,2026/06/15,川崎,曇,1,ラファール賞(3歳),12,3,3,146.6,9.0,6,池谷匠翔,54.0,ダ,900.0,重,56.9,1.8,4-5,39.1,486.0,3.0,グランドマーメイド,
2023104219,ディーズメソッド,2026/06/01,船橋,晴,2,3歳三,11,1,1,48.1,8.0,9,池谷匠翔,54.0,ダ,1200.0,良,78.7,2.3,7-10-10,39.7,483.0,-5.0,モリリオンショコラ,
2023104219,ディーズメソッド,2026/05/11,川崎,晴,3,リュフトヒエン賞(3歳),11,5,5,83.9,8.0,4,池谷匠翔,54.0,ダ,900.0,良,56.3,1.5,3-4,38.6,488.0,-5.0,フエルテコラソン,24.0
2023104219,ディーズメソッド,2026/04/24,浦和,曇,4,さいたま市産ヨーロッ(3歳),10,5,5,140.1,9.0,10,町田直希,53.0,ダ,800.0,重,49.9,3.1,10-10,36.3,493.0,1.0,フォーティチュード,
2023104219,ディーズメソッド,2026/04/08,川崎,晴,2,アルコンスィエル賞(3歳),12,3,3,24.0,6.0,6,町田直希,54.0,ダ,900.0,重,57.3,1.7,9-9,39.0,492.0,-4.0,マーベラスティアラ,
2023104219,ディーズメソッド,2026/03/04,川崎,曇,6,アクアマリンフラワー(3歳),11,6,6,41.2,9.0,11,町田直希,54.0,ダ,1400.0,不,97.6,7.1,3-4-8-10,45.0,496.0,5.0,ライフイズ,
2023104219,ディーズメソッド,2025/10/17,川崎,晴,1,スパーキングデビュー(2歳),6,2,2,1.1,1.0,1,町田直希,54.0,ダ,900.0,重,57.0,-0.4,1-1,38.6,491.0,0.0,(グアピシマ),400.0
2023101547,ハリッサ,2026/07/13,浦和,曇,4,3歳三,11,8,11,128.2,10.0,8,中山遥人,53.0,ダ,1500.0,稍,98.8,2.4,11-11-10-10,38.3,450.0,3.0,アンジュレーヌ,
2023101547,ハリッサ,2026/06/28,船橋,曇,3,3歳303.,9,7,7,70.7,8.0,9,中山遥人,53.0,ダ,1500.0,不,103.6,3.8,5-4-8-9,42.9,447.0,0.0,レオソルジャー,
2023101547,ハリッサ,2026/06/22,浦和,曇,2,3歳四,7,7,7,44.0,7.0,5,中山遥人,53.0,ダ,1400.0,重,91.3,2.0,7-7-6-5,39.6,447.0,-7.0,ラブシリカ,18.0
2023101547,ハリッサ,2026/03/19,浦和,曇,9,ツインシャイン特別(3歳),11,8,11,176.7,11.0,10,中山遥人,53.0,ダ,1400.0,良,94.0,3.2,11-10-10-10,39.0,454.0,3.0,パリスフォンテン,
2023101547,ハリッサ,2026/02/23,浦和,晴,2,ウマ娘クリアカード配(3歳),11,7,9,155.5,10.0,10,福原杏,54.0,ダ,1500.0,良,101.6,3.4,10-10-11-11,41.8,451.0,2.0,リュウノエッセンス,
2023101547,ハリッサ,2026/02/09,船橋,晴,3,3歳二三,12,5,6,109.1,10.0,11,中山遥人,52.0,ダ,1500.0,良,102.7,2.9,2-3-3-5,43.4,449.0,-1.0,サダムモンブラン,
2023101547,ハリッサ,2026/01/22,船橋,晴,7,ベストサドル特別(3歳未格),13,4,4,121.3,11.0,9,中山遥人,52.0,ダ,1600.0,良,107.3,2.0,9-9-11-12,40.7,450.0,1.0,マイネルミラケル,
2023101547,ハリッサ,2026/01/06,浦和,晴,3,特選(3歳),12,7,9,37.0,10.0,9,福原杏,54.0,ダ,1400.0,稍,94.0,1.7,6-8-10-9,41.8,449.0,1.0,ペチンペチンイテテ,
2023101547,ハリッサ,2025/12/23,浦和,曇,2,ランチタイムチャレン(2歳),10,4,4,27.9,6.0,2,中山遥人,52.0,ダ,1400.0,良,92.6,0.7,5-6-7-5,40.2,448.0,-3.0,ワインチャン,104.0
2023101547,ハリッサ,2025/11/26,浦和,晴,1,2歳二,11,2,2,82.7,8.0,6,中山遥人,54.0,ダ,1400.0,良,92.7,1.8,8-9-8-6,40.4,451.0,6.0,オリジナルパターン,
2023101547,ハリッサ,2025/09/24,浦和,晴,3,2歳三,9,3,3,4.6,2.0,3,中山遥人,51.0,ダ,1400.0,良,94.3,1.8,5-6-7-7,41.6,445.0,-4.0,デュオメーデス,60.0
2023101547,ハリッサ,2025/08/19,浦和,晴,3,2歳四,5,3,3,4.3,2.0,2,中山遥人,51.0,ダ,1300.0,稍,84.0,0.3,1-2-2-1,39.1,449.0,-8.0,カラフルロケット,96.0
2023101547,ハリッサ,2025/07/25,浦和,晴,3,2歳三,9,6,6,85.3,6.0,7,山中悠希,54.0,ダ,1300.0,良,88.2,3.7,8-8-8-8,40.7,457.0,0.0,ヴァルヴァラ,
2023101547,ハリッサ,2025/06/27,浦和,晴,2,特選(2歳),7,3,3,60.2,5.0,6,福原杏,54.0,ダ,1300.0,稍,87.3,4.8,7-7-7-7,40.2,457.0,5.0,ユウユウブロート,
2023101547,ハリッサ,2025/05/26,浦和,曇,4,ドリームチャレンジ(2歳),6,2,2,9.4,3.0,6,福原杏,54.0,ダ,800.0,稍,51.7,4.4,6-6,36.7,452.0,0.0,タフコール,
2023101160,グスク,2026/05/09,2東京5,晴,2,3歳未勝利,11,2,2,16.1,6.0,10,大野拓弥,57.0,ダ,2100.0,良,141.1,5.0,7-7-9-10,41.7,478.0,-2.0,ソニックキャット,
2023101160,グスク,2026/04/11,3中山5,晴,3,3歳未勝利,13,8,13,18.2,5.0,3,大野拓弥,57.0,ダ,1800.0,重,115.6,1.0,2-2-3-4,40.0,480.0,-2.0,アチーヴァー,150.0
2023101160,グスク,2026/01/31,1東京1,晴,3,3歳未勝利,15,5,8,126.4,11.0,13,柴田大知,57.0,ダ,1600.0,良,100.6,2.1,12-10,38.2,482.0,0.0,タイキブリッツェン,
2023104187,アンプリフィ,2026/07/10,川崎,晴,2,3歳7,9,8,8,34.6,9.0,7,古岡勇樹,54.0,ダ,1400.0,良,95.7,2.7,7-8-8-8,42.5,438.0,0.0,オリコウビアリッツ,
2023104187,アンプリフィ,2026/06/19,川崎,晴,2,3歳8,9,2,2,26.4,4.0,5,古岡勇樹,54.0,ダ,1400.0,重,95.2,2.6,6-6-6-6,41.7,,,テセラグラディウス,16.0
2023104187,アンプリフィ,2026/05/15,川崎,晴,1,3歳9,9,6,6,20.8,6.0,3,古岡勇樹,54.0,ダ,1400.0,良,95.3,0.5,7-8-6-5,41.7,446.0,1.0,ブライトメロディー,40.0
2023104187,アンプリフィ,2026/04/10,川崎,雨,1,3歳10,10,7,8,25.1,7.0,10,野畑凌,54.0,ダ,1400.0,重,96.6,3.6,4-5-4-7,42.8,445.0,0.0,パワポケカノン,
2023104187,アンプリフィ,2025/11/17,川崎,晴,3,2歳6,11,7,9,17.4,6.0,9,古岡勇樹,54.0,ダ,1400.0,良,96.1,2.7,10-10-11-10,41.3,445.0,-3.0,マダムウィンディ,
2023104187,アンプリフィ,2025/10/17,川崎,晴,4,未受賞(2歳),10,7,7,5.5,3.0,4,古岡勇樹,54.0,ダ,1400.0,稍,96.9,1.0,3-3-3-5,41.1,448.0,6.0,ザイオンパーク,30.0
2023104187,アンプリフィ,2025/09/08,川崎,晴,1,未受賞(2歳),9,8,9,6.1,4.0,6,Ｍ．ミシ,52.0,ダ,1400.0,稍,96.5,1.6,4-5-5-6,41.8,442.0,-10.0,フェイティアン,
2023104187,アンプリフィ,2025/08/25,川崎,晴,5,スパーキングデビュー(2歳),8,8,8,17.0,4.0,7,佐野遥久,53.0,ダ,900.0,良,57.6,2.4,5-6,38.9,452.0,0.0,パッツンドレス,
2023104217,アスパラノヴァ,2026/05/12,川崎,晴,1,3歳7,12,8,11,54.3,8.0,8,山林堂信,56.0,ダ,1400.0,良,96.7,3.7,10-12-12-12,40.8,450.0,-1.0,ブルーオーシャン,
2023104217,アスパラノヴァ,2026/04/09,川崎,晴,1,3歳7,9,7,7,87.7,8.0,7,山林堂信,56.0,ダ,1400.0,稍,95.7,3.8,9-9-9-9,41.1,451.0,-1.0,サンブル,
2023104217,アスパラノヴァ,2026/03/02,川崎,曇,1,3歳8,10,8,9,76.2,7.0,4,山林堂信,56.0,ダ,1400.0,稍,94.9,1.7,9-10-10-10,41.1,452.0,1.0,ブラックトルマリン,30.0
2023104217,アスパラノヴァ,2026/02/06,川崎,晴,3,3歳5,12,7,9,185.2,10.0,7,山林堂信,56.0,ダ,1400.0,良,95.1,3.1,9-11-11-12,41.0,451.0,-5.0,コタダブル,
2023104217,アスパラノヴァ,2026/01/01,川崎,晴,1,2026幕開け賞(3歳),11,7,8,61.5,9.0,7,古岡勇樹,56.0,ダ,1400.0,稍,96.1,2.2,10-10-10-10,41.3,456.0,-1.0,グラズヘイム,
2023104217,アスパラノヴァ,2025/12/16,川崎,晴,2,2歳5,9,2,2,167.3,9.0,4,古岡勇樹,55.0,ダ,1400.0,重,95.5,1.5,9-9-9-9,42.1,457.0,2.0,ナイトスパイア,30.0
2023104217,アスパラノヴァ,2025/11/19,川崎,晴,1,2歳5,9,5,5,20.0,6.0,7,佐野遥久,54.0,ダ,1400.0,良,95.2,1.7,8-8-8-8,40.9,455.0,1.0,コウジンヴンダー,
2023104217,アスパラノヴァ,2025/10/13,川崎,曇,4,2歳4,11,8,11,32.8,9.0,9,新原周馬,55.0,ダ,1400.0,良,95.5,2.7,11-11-11-11,41.8,454.0,-6.0,ラミアメロディア,
2023104217,アスパラノヴァ,2025/09/12,川崎,曇,3,スパーキングデビュー(2歳),8,6,6,165.4,8.0,3,新原周馬,54.0,ダ,1400.0,重,97.0,2.0,7-7-7-8,41.8,460.0,0.0,ジーリオ,100.0
2023104543,ユノアール,2026/07/10,川崎,晴,2,3歳7,9,2,2,9.5,5.0,9,中山遥人,53.0,ダ,1400.0,良,96.7,3.7,4-5-7-8,44.3,384.0,-6.0,オリコウビアリッツ,
2023104543,ユノアール,2026/06/19,川崎,晴,2,3歳8,9,3,3,150.2,7.0,3,中山遥人,53.0,ダ,1400.0,重,94.7,2.1,5-5-5-5,41.6,390.0,0.0,テセラグラディウス,40.0
2023104543,ユノアール,2026/05/15,川崎,晴,1,3歳9,9,7,7,11.5,4.0,8,池谷匠翔,54.0,ダ,1400.0,良,97.0,2.2,2-2-3-5,44.5,390.0,16.0,ブライトメロディー,
2023104543,ユノアール,2026/01/04,川崎,晴,3,しめ飾り賞(3歳),8,2,2,11.3,4.0,5,池谷匠翔,54.0,ダ,1400.0,稍,97.5,2.0,4-3-3-4,42.5,374.0,-7.0,チキュウ,20.0
2023104543,ユノアール,2025/12/18,川崎,晴,2,2歳7イ,6,2,2,48.0,5.0,4,池谷匠翔,54.0,ダ,1400.0,稍,97.1,1.8,1-1-1-1,43.6,381.0,-2.0,ユーヴェル,30.0
2023104543,ユノアール,2025/11/20,川崎,晴,1,スパーキングデビュー(2歳),10,8,10,105.6,9.0,7,池谷匠翔,54.0,ダ,900.0,良,58.5,3.4,5-9,40.4,383.0,0.0,フランキングライン,
2023104542,バックトラック,2026/07/09,川崎,晴,1,3歳6,11,8,11,98.7,10.0,9,加藤雄真,54.0,ダ,1400.0,稍,95.3,1.8,8-8-8-8,42.1,440.0,-6.0,テンノウズアイル,
2023104542,バックトラック,2026/04/09,川崎,晴,1,3歳7,9,5,5,115.7,9.0,6,古岡勇樹,56.0,ダ,1400.0,稍,95.5,3.6,8-7-7-7,41.9,446.0,9.0,サンブル,
2023104542,バックトラック,2026/03/02,川崎,曇,2,3歳7,9,7,7,68.6,7.0,7,古岡勇樹,56.0,ダ,1400.0,稍,96.3,1.4,9-9-9-9,41.4,437.0,-3.0,オーバーユー,
2023104542,バックトラック,2026/02/06,川崎,晴,3,3歳5,12,6,7,95.1,7.0,4,加藤雄真,53.0,ダ,1400.0,良,94.3,2.3,7-6-6-6,41.5,440.0,-4.0,コタダブル,30.0
2023104542,バックトラック,2026/01/03,川崎,晴,2,福禄寿賞(3歳),9,5,5,36.9,8.0,6,加藤雄真,53.0,ダ,1400.0,重,95.3,1.4,8-8-8-8,41.7,444.0,0.0,ボレロライズ,
2023104542,バックトラック,2025/12/15,川崎,晴,4,スコーピオン賞(2歳),8,8,8,33.4,7.0,5,加藤雄真,52.0,ダ,1400.0,重,97.0,1.8,6-6-4-5,41.6,444.0,0.0,ヒマワリシャワー,22.0
2023104542,バックトラック,2025/11/20,川崎,晴,2,ショウリョウバッタ賞(2歳),9,8,8,27.6,3.0,8,山崎誠士,55.0,ダ,1400.0,良,95.2,1.8,8-8-8-8,41.2,444.0,-13.0,ジーベローチェ,
2023104542,バックトラック,2025/08/26,川崎,晴,5,ギンヤンマ賞(2歳),9,8,8,142.5,7.0,6,櫻井光輔,54.0,ダ,1400.0,良,94.6,1.2,8-7-8-7,40.2,457.0,1.0,ミオサンダー,
2023104542,バックトラック,2025/08/08,川崎,晴,1,未受賞(2歳),6,1,1,3.7,2.0,2,伊藤裕人,54.0,ダ,1400.0,良,96.4,0.9,5-5-2-2,40.5,456.0,-4.0,グランドフロイデ,80.0
2023104542,バックトラック,2025/07/11,川崎,曇,5,スパーキングデビュー(2歳),6,3,3,12.3,5.0,6,野畑凌,54.0,ダ,1400.0,重,98.3,4.4,5-5-5-5,44.2,460.0,0.0,サラサチャレンジ,
2023101494,マッドチェイサー,2026/07/10,川崎,晴,2,3歳7,9,7,7,6.2,4.0,8,川島正太,56.0,ダ,1400.0,良,96.4,3.4,4-3-3-5,44.4,442.0,1.0,オリコウビアリッツ,
2023101494,マッドチェイサー,2026/06/18,川崎,曇,1,3歳7,12,6,7,12.0,5.0,5,川島正太,56.0,ダ,1400.0,重,95.1,1.7,2-2-1-3,42.4,441.0,-1.0,アメリカンサンデー,16.0
2023101494,マッドチェイサー,2026/05/29,浦和,晴,3,3歳八,10,5,5,26.6,5.0,7,川島正太,56.0,ダ,1400.0,良,93.0,1.4,9-10-9-7,38.8,442.0,-5.0,ジーティープリン,
2023101494,マッドチェイサー,2026/05/12,川崎,晴,1,3歳7,12,5,5,7.4,3.0,12,町田直希,56.0,ダ,1400.0,良,99.7,6.7,1-2-6-9,45.1,447.0,0.0,ブルーオーシャン,
2023101494,マッドチェイサー,2026/04/10,川崎,雨,1,3歳10,10,5,5,5.6,3.0,3,町田直希,56.0,ダ,1400.0,重,95.1,2.1,1-1-1-1,42.1,447.0,-3.0,パワポケカノン,40.0
2023101494,マッドチェイサー,2026/01/04,川崎,晴,1,破魔矢賞(3歳),11,8,11,2.5,1.0,5,町田直希,56.0,ダ,900.0,稍,58.2,1.1,3-4,39.7,450.0,-2.0,アースジュエル,20.0
2023101494,マッドチェイサー,2025/12/19,川崎,晴,2,スパーキングデビュー(2歳),9,3,3,1.3,1.0,5,町田直希,55.0,ダ,900.0,稍,57.4,1.8,4-3,39.5,452.0,0.0,ブリットポップ,40.0
2023100519,シュールア,2026/07/09,川崎,晴,1,3歳6,11,8,10,22.7,7.0,10,新原周馬,56.0,ダ,1400.0,稍,95.9,2.4,9-9-9-9,42.3,457.0,-9.0,テンノウズアイル,
2023100519,シュールア,2026/06/16,川崎,晴,2,ガスト賞(3歳),12,2,2,15.5,5.0,4,新原周馬,56.0,ダ,900.0,稍,57.7,1.3,10-9,38.9,466.0,20.0,トーケンマティーニ,24.0
2023100519,シュールア,2025/12/18,川崎,晴,1,2歳8ロ,7,4,4,3.7,3.0,2,新原周馬,55.0,ダ,1400.0,稍,95.5,1.0,5-5-5-3,40.6,446.0,-5.0,フィーリアサミット,80.0
2023100519,シュールア,2025/11/17,川崎,晴,3,2歳6,11,2,2,58.4,8.0,6,新原周馬,55.0,ダ,1400.0,良,94.9,1.5,7-6-7-6,41.6,451.0,3.0,マダムウィンディ,
2023100519,シュールア,2025/10/17,川崎,晴,4,未受賞(2歳),10,8,10,42.5,7.0,5,今野忠成,55.0,ダ,1400.0,稍,97.1,1.2,9-9-8-8,40.7,448.0,-1.0,ザイオンパーク,20.0
2023100519,シュールア,2025/09/12,川崎,曇,4,スパーキングデビュー(2歳),7,1,1,27.5,5.0,6,新原周馬,54.0,ダ,1400.0,重,99.8,5.4,6-6-6-5,45.4,449.0,0.0,ララメテオ,
2023102722,チョコラテ,2026/01/03,川崎,晴,1,おみくじ賞(3歳),9,3,3,3.2,2.0,2,御神本訓,56.0,ダ,1400.0,重,94.3,0.1,8-5-2-4,40.8,477.0,-2.0,オリコウドゥビル,80.0
2023102722,チョコラテ,2025/12/19,川崎,晴,4,スパーキングデビュー(2歳),6,5,5,8.9,4.0,4,御神本訓,55.0,ダ,1400.0,稍,93.3,1.5,5-5-4-4,40.0,479.0,0.0,サヨノマックスラブ,60.0
2023101617,リコータイフォン,2026/07/01,門別,晴,9,湧別サロマ湖関野剛平(C4),12,8,12,2.0,2.0,1,岩橋勇二,57.0,ダ,1000.0,良,61.9,-1.4,1-1,37.4,534.0,4.0,(ブラストブラック),40.0
2023101617,リコータイフォン,2025/08/14,門別,曇,3,JRA認定競走アタッ(未勝利)(2歳),10,1,1,4.7,2.0,10,落合玄太,55.0,ダ,1200.0,良,78.7,3.0,1-1,43.3,530.0,12.0,グラシアレス,
2023101617,リコータイフォン,2025/07/15,門別,曇,1,2歳未勝利(未勝利),8,7,7,1.7,1.0,1,落合玄太,55.0,ダ,1000.0,稍,63.1,-0.6,2-1,38.1,518.0,6.0,(アルバソーレ),50.0
2023101617,リコータイフォン,2025/06/19,門別,晴,5,JRA認定競走フレッ(新馬)(2歳),11,8,11,3.4,2.0,3,落合玄太,55.0,ダ,1000.0,良,62.6,0.6,2-1,38.2,512.0,0.0,クィーンズジョリー,52.5
2023101839,ララヴィテス,2026/07/07,川崎,曇,3,3歳8,10,5,5,7.2,3.0,3,池谷匠翔,56.0,ダ,1400.0,重,95.1,1.5,6-6-3-4,42.2,467.0,-6.0,ヴェロオスキュラス,30.0
2023101839,ララヴィテス,2026/06/19,川崎,晴,1,3歳9,8,2,2,9.8,3.0,3,池谷匠翔,56.0,ダ,1400.0,重,95.1,3.3,6-6-4-4,43.7,473.0,6.0,フルミネビアンコ,40.0
2023101839,ララヴィテス,2025/12/18,川崎,晴,1,2歳8ロ,7,3,3,5.9,4.0,4,矢野貴之,55.0,ダ,1400.0,稍,95.5,1.0,2-2-2-2,41.1,467.0,-2.0,フィーリアサミット,30.0
2023101839,ララヴィテス,2025/11/21,川崎,晴,1,スパーキングデビュー(2歳),7,3,3,8.4,4.0,6,矢野貴之,55.0,ダ,1400.0,良,96.9,4.7,5-6-7-7,42.6,469.0,0.0,バスクレヒオン,
2023102601,サラサチャーミング,2026/05/30,3京都11,晴,5,3歳未勝利,18,1,2,135.9,11.0,13,松若風馬,55.0,芝,1800.0,良,109.1,3.4,2-2,37.8,412.0,4.0,サトノアグード,
2023102601,サラサチャーミング,2026/03/22,1阪神10,曇,4,3歳未勝利,17,2,4,73.9,9.0,8,松山弘平,55.0,芝,2400.0,良,148.9,0.8,4-5-5-4,35.2,408.0,2.0,ゴールドアクセス,
2023102601,サラサチャーミング,2026/02/21,1阪神1,晴,6,3歳未勝利,11,6,7,144.1,8.0,7,松若風馬,55.0,芝,2400.0,良,149.1,2.2,4-5-6-7,36.2,406.0,-4.0,サガルマータ,
2023102601,サラサチャーミング,2026/01/14,園田,晴,10,JRA交流多紀連山特,11,8,11,11.0,5.0,6,小牧太,55.0,ダ,1870.0,良,125.8,2.2,5-5-6-8,41.4,410.0,-2.0,キタノファーンヒル,
2023102601,サラサチャーミング,2025/10/13,3京都5,晴,2,2歳未勝利,10,1,1,40.9,7.0,10,柴田裕一,52.0,芝,1600.0,良,95.9,1.3,8-9,35.5,412.0,2.0,メイプルハッピー,
2023102601,サラサチャーミング,2025/08/30,4中京3,晴,1,2歳未勝利,12,6,7,31.6,7.0,11,松山弘平,55.0,芝,2000.0,良,123.5,3.0,2-2-4-5,36.0,410.0,4.0,カラペルソナ,
2023102601,サラサチャーミング,2025/07/12,2小倉5,晴,5,2歳新馬,12,2,2,29.2,7.0,4,松若風馬,55.0,芝,1800.0,良,111.3,0.5,3-3-3-3,36.9,406.0,0.0,クールフラン,110.0
2023102705,レイナデルアレーナ,2026/07/10,川崎,晴,2,3歳7,9,3,3,24.9,7.0,6,池谷匠翔,54.0,ダ,1400.0,良,95.7,2.7,3-4-5-6,43.3,446.0,-23.0,オリコウビアリッツ,
2023102705,レイナデルアレーナ,2026/04/10,川崎,雨,2,3歳9,10,3,3,11.3,5.0,5,加藤雄真,51.0,ダ,1400.0,重,95.3,0.8,4-4-4-5,41.3,469.0,9.0,ファインティアラ,16.0
2023102705,レイナデルアレーナ,2026/01/03,川崎,晴,1,おみくじ賞(3歳),9,7,7,37.6,5.0,5,櫻井光輔,54.0,ダ,1400.0,重,95.6,1.4,1-1-1-1,42.3,460.0,0.0,オリコウドゥビル,20.0
2023102705,レイナデルアレーナ,2025/12/18,川崎,晴,2,2歳7イ,6,3,3,3.1,3.0,3,櫻井光輔,54.0,ダ,1400.0,稍,96.5,1.2,2-2-2-2,42.9,460.0,-3.0,ユーヴェル,50.0
2023102705,レイナデルアレーナ,2025/11/17,川崎,晴,2,未受賞(2歳),10,8,9,6.6,3.0,6,櫻井光輔,54.0,ダ,1400.0,良,95.9,0.6,3-3-2-4,41.7,463.0,2.0,フジパスカル,
2023102705,レイナデルアレーナ,2025/10/17,川崎,晴,2,スパーキングデビュー(2歳),7,4,4,76.2,7.0,7,櫻井光輔,54.0,ダ,1400.0,重,96.9,4.1,7-7-7-7,42.1,461.0,0.0,アゲハシンワ,
2023101612,エターナルフィズ,2026/07/15,浦和,晴,1,浦和競馬×netke(3歳),11,1,1,12.6,6.0,2,山口達弥,54.0,ダ,1400.0,良,90.0,0.3,9-9-6-3,38.1,433.0,-6.0,タカイチショーヘイ,64.0
2023101612,エターナルフィズ,2026/06/29,船橋,曇,2,3歳五,10,8,10,14.3,5.0,3,山口達弥,54.0,ダ,1200.0,不,77.4,2.0,2-2-2,40.6,439.0,-9.0,カウィバウィボ,42.5
2023101612,エターナルフィズ,2026/06/24,浦和,曇,3,熊谷宿賞(3歳),10,4,4,20.5,8.0,6,山口達弥,54.0,ダ,1400.0,稍,91.3,0.6,4-3-5-5,40.9,448.0,12.0,ビップルーク,
2023101612,エターナルフィズ,2026/06/04,船橋,曇,2,3歳七,12,8,12,50.6,5.0,4,山本大翔,51.0,ダ,1200.0,重,78.4,2.2,1-3-3,41.0,436.0,4.0,ジーハーン,25.5
2023101612,エターナルフィズ,2026/05/07,船橋,曇,2,3歳六,12,8,12,85.9,9.0,10,菅原吏久,51.0,ダ,1200.0,良,78.7,3.3,6-7-6,41.0,432.0,4.0,アースブルー,
2023101612,エターナルフィズ,2026/04/01,船橋,雨,2,3歳七,12,2,2,19.8,7.0,11,矢野貴之,54.0,ダ,1200.0,重,80.5,3.7,8-9-10,41.8,428.0,-6.0,ゴールドトピアリー,
2023101612,エターナルフィズ,2026/03/10,船橋,晴,4,3歳六,11,7,9,6.3,2.0,10,笠野雄大,54.0,ダ,1200.0,稍,80.1,2.5,3-3-3,42.3,434.0,1.0,マイビリーブ,
2023101612,エターナルフィズ,2025/12/10,船橋,晴,2,光芒一閃スプリント(2歳),9,1,1,12.9,5.0,4,矢野貴之,54.0,ダ,1200.0,良,78.1,1.6,7-7-7,39.8,433.0,13.0,セザンバトラー,30.0
2023101612,エターナルフィズ,2025/11/07,船橋,晴,1,2歳29P,12,7,9,4.5,3.0,3,矢野貴之,54.0,ダ,1200.0,良,78.2,0.5,1-1-1,40.8,420.0,8.0,シャイニーライフ,50.0
2023101612,エターナルフィズ,2025/07/04,船橋,晴,2,2歳三,8,3,3,6.8,5.0,6,小杉亮,54.0,ダ,1200.0,良,78.6,0.9,6-6-6,41.6,412.0,-20.0,ソルヴェイ,
2023101612,エターナルフィズ,2025/06/05,船橋,晴,2,ライラックデビュー(2歳),9,1,1,92.7,9.0,5,小杉亮,54.0,ダ,1000.0,稍,64.4,2.4,6-6,39.6,432.0,0.0,アムールピスケス,41.0
2023100147,ドナエポナ,2026/07/06,川崎,曇,7,ランポ賞(3歳),12,5,5,29.7,5.0,10,岡村健司,54.0,ダ,1400.0,重,95.1,2.6,5-5-5-5,43.3,422.0,2.0,マダムウィンディ,
2023100147,ドナエポナ,2026/06/15,川崎,曇,6,郭公賞(3歳),12,7,10,62.8,8.0,5,岡村健司,54.0,ダ,1400.0,重,94.7,0.9,9-10-11-5,40.7,420.0,0.0,テルケンユミミヅキ,20.0
2023100147,ドナエポナ,2026/05/11,川崎,晴,2,3歳5,10,4,4,45.0,8.0,3,岡村健司,54.0,ダ,1400.0,良,93.1,0.8,6-6-7-4,39.9,420.0,-3.0,ミスターベラミー,40.0
2023100147,ドナエポナ,2026/03/31,船橋,雨,2,3歳五,12,3,3,62.7,10.0,11,野畑凌,54.0,ダ,1200.0,稍,79.2,2.4,7-8-8,41.8,423.0,3.0,ワンダージャーニー,
2023100147,ドナエポナ,2026/03/09,船橋,晴,2,3歳四,8,8,9,8.2,3.0,4,野畑凌,54.0,ダ,1200.0,良,78.3,1.8,5-3-3,40.0,420.0,-4.0,エイキチ,30.0
2023100147,ドナエポナ,2026/02/10,船橋,曇,2,3歳五,12,8,11,18.2,6.0,4,藤田凌,54.0,ダ,1200.0,良,77.6,1.7,9-10-9,39.2,424.0,2.0,ノースラノビア,30.0
2023100147,ドナエポナ,2026/01/20,船橋,曇,2,3歳四,9,1,1,46.6,8.0,3,西啓太,54.0,ダ,1200.0,良,77.8,0.6,3-4-4,39.7,422.0,0.0,レジェンドマスター,62.5
2023100147,ドナエポナ,2025/12/08,船橋,晴,1,奥久慈が誇る至高の地(2歳),12,6,7,245.4,12.0,8,西啓太,54.0,ダ,1200.0,良,76.8,2.4,11-11-11,38.7,422.0,-9.0,テルケンユミトケン,
2023100147,ドナエポナ,2025/11/03,船橋,晴,1,船橋・門別JBC20(2歳),12,5,6,132.4,10.0,5,西啓太,54.0,ダ,1200.0,稍,78.0,2.8,6-5-5,40.7,431.0,5.0,スペースセイラー,22.0
2023100147,ドナエポナ,2025/10/29,浦和,晴,3,2歳三,10,8,12,3.5,2.0,8,御神本訓,54.0,ダ,1400.0,稍,94.9,3.4,8-5-3-6,43.7,426.0,-3.0,トゥナシ,
2023100147,ドナエポナ,2025/08/27,船橋,晴,1,2歳四,7,2,2,6.7,3.0,3,矢野貴之,54.0,ダ,1200.0,良,77.3,1.2,4-4-3,39.1,429.0,9.0,ムーンアンバック,57.5
2023100147,ドナエポナ,2025/08/01,船橋,曇,4,ハイビスカスデビュー(2歳),7,4,4,4.6,3.0,4,矢野貴之,54.0,ダ,1200.0,良,77.9,2.6,3-3-4,40.8,420.0,0.0,バイラノーチェ,61.5
2023105192,オリコウドゥビル,2026/01/03,川崎,晴,1,おみくじ賞(3歳),9,4,4,1.3,1.0,1,新原周馬,56.0,ダ,1400.0,重,94.2,-0.1,3-3-3-3,40.5,431.0,-4.0,(チョコラテ),200.0
2023105192,オリコウドゥビル,2025/12/19,川崎,晴,4,スパーキングデビュー(2歳),6,2,2,39.9,6.0,3,新原周馬,55.0,ダ,1400.0,稍,92.6,0.8,4-4-3-3,39.3,435.0,0.0,サヨノマックスラブ,100.0
2023105710,ガラデラパンテラ,2026/07/08,川崎,晴,2,3歳5,9,8,8,44.2,6.0,3,佐野遥久,56.0,ダ,1400.0,稍,94.4,2.3,8-8-4-4,40.8,499.0,2.0,フルミネビアンコ,30.0
2023105710,ガラデラパンテラ,2026/06/15,川崎,曇,2,3歳5,11,1,1,33.4,8.0,4,佐野遥久,56.0,ダ,1400.0,重,94.9,0.6,6-6-9-5,41.9,497.0,4.0,ハマウルフ,24.0
2023105710,ガラデラパンテラ,2026/05/27,浦和,曇,1,3歳五,10,6,6,79.8,7.0,5,佐野遥久,56.0,ダ,1400.0,良,91.5,1.8,9-8-7-7,40.0,493.0,-13.0,アルディバ,16.0
2023105710,ガラデラパンテラ,2026/05/11,川崎,晴,1,3歳6,12,4,4,58.6,6.0,7,佐野遥久,56.0,ダ,1400.0,良,94.5,2.8,9-10-10-9,41.5,506.0,29.0,パワポケカノン,
2023105710,ガラデラパンテラ,2026/01/01,川崎,晴,3,六座頭賞(3歳),12,6,7,75.3,7.0,10,服部茂史,56.0,ダ,1500.0,稍,101.1,2.3,10-10-10-10,42.5,477.0,-5.0,リュウノタイタン,
2023105710,ガラデラパンテラ,2025/12/19,川崎,晴,6,ジングルベル賞(2歳),9,8,9,45.8,7.0,9,新原周馬,55.0,ダ,1500.0,稍,100.6,2.4,6-7-7-7,41.1,482.0,0.0,テンクウノカガヤキ,
2023105710,ガラデラパンテラ,2025/11/20,川崎,晴,2,ショウリョウバッタ賞(2歳),9,3,3,29.2,4.0,2,新原周馬,55.0,ダ,1400.0,良,93.8,0.4,5-5-6-5,40.6,482.0,-5.0,ジーベローチェ,88.0
2023105710,ガラデラパンテラ,2025/10/16,川崎,曇,1,鈴虫賞(2歳),9,5,5,16.9,6.0,8,町田直希,55.0,ダ,1400.0,重,96.8,2.8,5-5-8-8,42.5,487.0,13.0,ベアアスムイ,
2023105710,ガラデラパンテラ,2025/09/10,川崎,晴,1,2歳5,8,8,8,11.7,4.0,4,町田直希,54.0,ダ,1400.0,稍,94.9,1.4,4-4-3-3,40.5,474.0,-4.0,バレンタインギフト,30.0
2023105710,ガラデラパンテラ,2025/08/26,川崎,晴,2,2歳5,10,1,1,2.6,2.0,4,増田充宏,54.0,ダ,1400.0,良,96.5,1.8,3-4-4-3,42.3,478.0,4.0,ラスールフルール,30.0
2023105710,ガラデラパンテラ,2025/08/08,川崎,晴,5,スパーキングデビュー(2歳),8,6,6,43.6,8.0,4,増田充宏,54.0,ダ,1400.0,良,94.8,1.5,6-6-6-3,41.9,474.0,0.0,ソウモウクッキ,63.0
2023103945,パンツオンリー,2026/07/06,川崎,曇,7,ランポ賞(3歳),12,1,1,53.4,9.0,11,藤江渉,54.0,ダ,1400.0,重,96.0,3.5,9-7-9-7,43.9,418.0,1.0,マダムウィンディ,
2023103945,パンツオンリー,2026/06/25,浦和,雨,3,3歳八,7,3,3,14.0,4.0,1,藤江渉,54.0,ダ,1400.0,不,91.0,-0.2,1-1-1-1,38.0,417.0,-2.0,(タカイチショーヘイ),150.0
2023103945,パンツオンリー,2026/06/16,川崎,晴,2,ガスト賞(3歳),12,6,7,14.7,4.0,5,藤江渉,54.0,ダ,900.0,稍,57.8,1.4,7-5,39.4,419.0,-8.0,トーケンマティーニ,16.0
2023103945,パンツオンリー,2026/03/06,川崎,曇,2,3歳10,10,5,5,15.1,5.0,8,神尾香澄,51.0,ダ,1400.0,重,96.0,1.9,4-5-5-6,41.7,427.0,-4.0,ピーエムボギー,
2023103945,パンツオンリー,2026/02/02,川崎,晴,4,3歳7,9,5,5,32.1,7.0,9,藤江渉,54.0,ダ,1400.0,良,95.9,1.8,9-9-9-9,39.7,431.0,0.0,サムバローズ,
2023103945,パンツオンリー,2026/01/03,川崎,晴,1,おみくじ賞(3歳),9,6,6,45.9,9.0,7,藤江渉,54.0,ダ,1400.0,重,96.5,2.3,5-8-8-7,42.1,431.0,-5.0,オリコウドゥビル,
2023103945,パンツオンリー,2025/12/16,川崎,晴,2,2歳5,9,6,6,7.3,6.0,7,藤江渉,54.0,ダ,1400.0,重,96.1,2.1,5-4-4-4,43.9,436.0,3.0,ナイトスパイア,
2023103945,パンツオンリー,2025/11/21,川崎,晴,3,スパーキングデビュー(2歳),5,1,1,12.7,4.0,3,藤江渉,54.0,ダ,1400.0,良,94.5,1.5,3-3-3-3,39.6,433.0,0.0,テンクウノカガヤキ,100.0
2023105219,クイーンズステート,2026/07/10,川崎,晴,5,燕賞(3歳),9,8,8,34.3,6.0,6,町田直希,54.0,ダ,1400.0,良,93.5,2.6,7-8-8-8,40.5,400.0,0.0,ヒロキ,
2023105219,クイーンズステート,2026/06/15,川崎,曇,6,郭公賞(3歳),12,1,1,29.3,6.0,8,町田直希,54.0,ダ,1400.0,重,95.1,1.3,5-5-6-9,41.4,400.0,4.0,テルケンユミミヅキ,
2023105219,クイーンズステート,2026/05/11,川崎,晴,5,ブリーズ賞(3歳),11,5,5,5.9,2.0,4,野畑凌,54.0,ダ,1400.0,良,93.7,1.9,5-4-4-4,41.3,396.0,0.0,ササキントモゴロウ,30.0
2023105219,クイーンズステート,2026/04/06,川崎,晴,3,3歳5,10,8,10,3.5,2.0,3,野畑凌,54.0,ダ,1400.0,重,94.9,0.9,3-3-3-4,39.3,396.0,1.0,キョウエイハゴロモ,40.0
2023105219,クイーンズステート,2026/03/18,浦和,曇,3,3歳四,12,5,5,4.6,3.0,3,中山遥人,53.0,ダ,1400.0,稍,92.4,0.2,3-3-5-3,40.7,395.0,0.0,ピーチピーチ,45.0
2023105219,クイーンズステート,2026/03/03,川崎,雨,3,3歳6,9,1,1,5.0,2.0,4,野畑凌,54.0,ダ,1400.0,重,92.8,0.7,3-4-4-4,39.8,395.0,-1.0,マルーンドライブ,30.0
2023105219,クイーンズステート,2026/02/06,川崎,晴,3,3歳5,12,5,6,6.2,3.0,3,町田直希,54.0,ダ,1400.0,良,94.1,2.1,6-3-4-3,41.5,396.0,2.0,コタダブル,50.0
2023105219,クイーンズステート,2025/12/28,金沢,晴,7,蝋梅特別(2歳),12,5,5,34.1,8.0,2,柴田勇真,55.0,ダ,1400.0,不,89.7,0.6,4-4-2-2,39.2,394.0,3.0,オレンジケーキ,28.8
2023105219,クイーンズステート,2025/12/16,金沢,雨,7,ベゴニア賞(2歳),10,1,1,30.2,5.0,3,柴田勇真,55.0,ダ,1500.0,不,97.2,2.6,6-6-5-4,39.9,391.0,1.0,グリーゼ,9.6
2023105219,クイーンズステート,2025/12/07,金沢,晴,3,勝&眞由美祝還暦記念(2歳),8,7,7,14.9,5.0,1,柴田勇真,55.0,ダ,1400.0,重,92.7,-0.1,3-3-3-3,39.8,390.0,-1.0,(ディンキー),60.0
2023105219,クイーンズステート,2025/11/24,金沢,曇,3,2歳4,8,2,2,4.4,3.0,4,柴田勇真,55.0,ダ,1400.0,稍,94.2,0.8,5-5-5-5,41.1,391.0,15.0,モルトカリーナ,7.2
2023105219,クイーンズステート,2025/10/11,3京都3,曇,1,2歳未勝利,16,2,4,261.0,15.0,12,河原田菜,51.0,ダ,1200.0,良,75.0,2.1,16-15,37.6,376.0,8.0,ランスオブキング,
2023105219,クイーンズステート,2025/09/06,2札幌5,晴,5,2歳新馬,10,7,9,223.3,10.0,10,鷲頭虎太,53.0,芝,1500.0,良,99.0,9.6,10-10-10,41.1,368.0,0.0,リリージョワ,
2023107416,ナイスキック,2026/07/08,川崎,晴,2,3歳5,9,5,5,2.7,2.0,2,野畑凌,54.0,ダ,1400.0,稍,92.5,0.4,1-1-1-1,39.5,482.0,-3.0,フルミネビアンコ,48.0
2023107416,ナイスキック,2026/05/11,川崎,晴,1,3歳6,12,5,5,2.3,2.0,2,野畑凌,54.0,ダ,1400.0,良,92.4,0.7,1-1-1-1,40.5,485.0,15.0,パワポケカノン,64.0
2023107416,ナイスキック,2026/03/03,川崎,雨,2,3歳9,11,7,9,2.7,2.0,2,野畑凌,54.0,ダ,1400.0,重,92.2,0.1,2-2-2-2,39.1,470.0,-4.0,テルケンユミミヅキ,80.0
2023107416,ナイスキック,2025/11/11,門別,曇,2,2歳未勝利(未勝利),12,2,2,23.6,6.0,5,岩橋勇二,55.0,ダ,1100.0,稍,69.7,0.5,4-4,39.3,474.0,-8.0,マサノリリー,3.5
2023107416,ナイスキック,2025/10/28,門別,曇,1,2歳未勝利(未勝利),11,8,10,4.0,3.0,6,落合玄太,55.0,ダ,1100.0,稍,71.1,2.0,2-2,39.5,482.0,8.0,フィールドアピール,
2023107416,ナイスキック,2025/10/14,門別,晴,1,恋するキッチンカー賞(未勝利)(2歳),8,7,7,5.1,3.0,2,岩橋勇二,55.0,ダ,1100.0,稍,70.3,0.5,4-2,39.1,474.0,-4.0,シビックフォイル,14.0
2023107416,ナイスキック,2025/09/30,門別,晴,1,2歳未勝利(未勝利),8,6,6,5.7,3.0,3,落合玄太,55.0,ダ,1100.0,良,70.1,0.1,2-2,39.3,478.0,14.0,オーヴァザトラブル,10.5
2023107416,ナイスキック,2025/08/27,門別,晴,2,新ひだか町静内地酒・(未勝利)(2歳),12,5,5,3.9,3.0,10,塩津璃菜,51.0,ダ,1100.0,良,71.7,2.3,1-3,41.4,464.0,-8.0,プレスリー,
2023107416,ナイスキック,2025/08/12,門別,晴,4,2歳牝馬未勝利(未勝利),11,5,6,3.5,1.0,5,石川倭,55.0,ダ,1000.0,良,63.8,1.9,2-2,39.3,472.0,-2.0,サラメーガン,3.5
2023107416,ナイスキック,2025/07/22,門別,晴,1,2歳未勝利(未勝利),10,7,8,2.4,1.0,3,及川烈,54.0,ダ,1000.0,良,63.8,0.3,3-4,38.8,474.0,0.0,エムティブレイド,10.5
2023107416,ナイスキック,2025/07/08,門別,晴,3,2歳未勝利(未勝利),11,6,7,5.0,2.0,5,及川烈,54.0,ダ,1100.0,良,70.6,1.5,2-1,40.0,474.0,14.0,シーテープ,3.5
2023107416,ナイスキック,2025/06/10,門別,晴,2,2歳牝馬未勝利(未勝利),10,6,6,4.6,3.0,2,及川烈,54.0,ダ,1100.0,良,69.2,0.2,2-1,38.4,460.0,6.0,ハクアイドゥマン,14.0
2023107416,ナイスキック,2025/05/22,門別,曇,2,JRA認定競走アタッ(未勝利)(2歳),10,3,3,106.6,9.0,4,石川慎将,55.0,ダ,1000.0,良,63.4,1.7,5-5,37.6,454.0,10.0,ミソドレミ,21.0
2023107416,ナイスキック,2025/05/01,門別,晴,6,JRA認定競走フレッ(新馬)(2歳),9,3,3,105.1,9.0,8,宮内勇樹,55.0,ダ,1000.0,稍,64.1,2.4,6-6,39.5,444.0,0.0,トリップス,
2023101763,コウジンヴンダー,2025/11/19,川崎,晴,1,2歳5,9,4,4,1.7,1.0,1,Ｍ．ミシ,52.0,ダ,1400.0,良,93.5,-0.5,1-1-1-1,40.5,483.0,-5.0,(カガヤクネガイ),200.0
2023101763,コウジンヴンダー,2025/10/17,川崎,晴,2,スパーキングデビュー(2歳),7,5,5,11.3,5.0,3,Ｍ．ミシ,52.0,ダ,1400.0,重,94.8,2.0,1-1-1-2,42.3,488.0,0.0,アゲハシンワ,100.0
2023104102,テセラグラディウス,2026/07/06,川崎,曇,7,ランポ賞(3歳),12,8,12,1.5,1.0,7,佐野遥久,54.0,ダ,1400.0,重,94.6,2.1,1-1-1-1,43.5,452.0,-3.0,マダムウィンディ,
2023104102,テセラグラディウス,2026/06/19,川崎,晴,2,3歳8,9,5,5,1.6,1.0,1,佐野遥久,54.0,ダ,1400.0,重,92.6,-1.9,1-1-1-1,41.5,455.0,-26.0,(シゴデキ),160.0
2023104102,テセラグラディウス,2026/05/24,佐賀,曇,3,3歳ー8組,10,5,5,1.0,1.0,1,出水拓人,54.0,ダ,1400.0,良,91.6,-1.3,1-1-1-1,39.8,481.0,4.0,(ベラジオマーカス),50.0
2023104102,テセラグラディウス,2026/05/09,佐賀,晴,11,SAGAリベンジャー(3歳),12,7,10,1.7,1.0,1,出水拓人,54.0,ダ,1300.0,良,84.1,-0.6,1-1-1-1,38.7,477.0,33.0,(モズノシアワセ),50.0
2023104102,テセラグラディウス,2026/03/28,2阪神1,晴,3,3歳未勝利,16,8,16,54.8,7.0,9,北村友一,55.0,ダ,1200.0,稍,73.9,1.4,1-1,39.3,444.0,11.0,レッドレベンディス,
2023104102,テセラグラディウス,2026/03/11,高知,晴,2,竜王盃(3歳),12,4,4,54.2,9.0,9,加藤翔馬,55.0,ダ,1400.0,稍,95.8,2.9,1-1-1-2,45.1,433.0,-11.0,ブルズアイプリンス,
2023104102,テセラグラディウス,2025/11/29,4京都7,晴,1,2歳未勝利,14,6,9,214.8,12.0,10,斎藤新,55.0,ダ,1400.0,良,87.8,2.1,14-14,38.8,444.0,-4.0,ラッキーバック,
2023104102,テセラグラディウス,2025/11/08,3福島1,晴,1,2歳未勝利,14,5,7,22.6,7.0,8,斎藤新,55.0,ダ,1700.0,良,109.6,1.3,1-1-1-1,40.7,448.0,-4.0,オトシダマ,
2023104102,テセラグラディウス,2025/08/17,3中京8,晴,2,2歳新馬,16,5,10,15.0,5.0,13,吉村誠之,54.0,ダ,1400.0,良,89.2,3.1,4-6,40.4,452.0,0.0,キーンセンス,
2023102861,シェナマーブル,2026/07/08,川崎,晴,2,3歳5,9,2,2,36.0,4.0,4,藤江渉,56.0,ダ,1400.0,稍,94.6,2.5,6-6-7-7,41.0,468.0,-2.0,フルミネビアンコ,18.0
2023102861,シェナマーブル,2026/06/16,川崎,晴,1,3歳6,12,4,4,17.5,6.0,2,藤江渉,56.0,ダ,1400.0,稍,94.1,1.7,5-5-4-3,41.2,470.0,7.0,スーパーアイシー,64.0
2023102861,シェナマーブル,2026/05/14,川崎,晴,1,3歳8,8,5,5,19.5,6.0,2,藤江渉,56.0,ダ,1400.0,良,94.4,1.2,4-3-5-4,40.9,463.0,8.0,ハーバーショー,64.0
2023102861,シェナマーブル,2026/04/10,川崎,雨,2,3歳9,10,7,8,4.9,2.0,7,藤江渉,56.0,ダ,1400.0,重,95.4,0.9,1-1-1-2,41.6,455.0,-5.0,ファインティアラ,
2023102861,シェナマーブル,2026/03/06,川崎,曇,1,3歳11,8,3,3,21.2,5.0,3,神尾香澄,53.0,ダ,1400.0,重,95.1,1.0,6-6-6-5,40.8,460.0,-9.0,デルニエエリオント,50.0
2023102861,シェナマーブル,2025/12/16,川崎,晴,1,2歳6,10,8,10,67.7,8.0,7,神尾香澄,52.0,ダ,1400.0,重,96.5,2.2,7-7-7-7,42.5,469.0,-1.0,ルルアメル,
2023102861,シェナマーブル,2025/11/21,川崎,晴,1,スパーキングデビュー(2歳),7,6,6,121.0,7.0,5,神尾香澄,52.0,ダ,1400.0,良,96.0,3.8,7-7-6-6,41.7,470.0,0.0,バスクレヒオン,40.0
2023104889,オリコウビアリッツ,2026/07/10,川崎,晴,2,3歳7,9,1,1,4.5,2.0,1,櫻井光輔,56.0,ダ,1400.0,良,93.0,-0.1,6-6-4-2,40.6,435.0,-19.0,(ショックザワールド),120.0
2023104889,オリコウビアリッツ,2026/06/18,川崎,曇,1,3歳7,12,6,8,5.9,2.0,7,櫻井光輔,56.0,ダ,1400.0,重,95.5,2.1,10-9-8-8,41.7,454.0,28.0,アメリカンサンデー,
2023104889,オリコウビアリッツ,2026/01/03,川崎,晴,2,福禄寿賞(3歳),9,7,8,12.2,5.0,5,櫻井光輔,56.0,ダ,1400.0,重,94.9,1.0,7-7-6-4,41.5,426.0,-6.0,ボレロライズ,20.0
2023104889,オリコウビアリッツ,2025/12/19,川崎,晴,3,スパーキングデビュー(2歳),6,1,1,29.2,5.0,2,櫻井光輔,55.0,ダ,1400.0,稍,94.8,0.9,4-3-5-3,40.6,432.0,0.0,シージャムブルース,160.0
2023104889,オリコウビアリッツ,2025/11/21,川崎,晴,3,スパーキングデビュー(2歳),5,6,6,,,取,今野忠成,55.0,ダ,1400.0,良,,,,,,,テンクウノカガヤキ,
2020104252,モナークスラッガー,2026/07/06,川崎,曇,1,C3一二,7,3,3,34.3,6.0,2,加藤雄真,54.0,ダ,1400.0,重,94.4,0.7,6-6-4-5,41.7,425.0,1.0,ヘヴンリーゴール,32.0
2020104252,モナークスラッガー,2026/06/26,浦和,雨,7,草加せんべいパリポリ(C2),10,7,8,7.7,4.0,4,町田直希,56.0,ダ,2000.0,不,130.9,1.2,3-2-3-4,40.0,424.0,-1.0,アンパト,16.5
2020104252,モナークスラッガー,2026/06/19,川崎,曇,5,ヴェルザンディ賞(C2C3),10,7,8,21.6,7.0,4,加藤雄真,55.0,ダ,2000.0,重,138.7,2.7,5-5-2-4,43.9,425.0,2.0,アイビーブリッツ,22.5
2020104252,モナークスラッガー,2026/05/29,浦和,晴,8,特選(C2),12,5,5,13.9,4.0,4,加藤雄真,53.0,ダ,2000.0,良,136.5,2.0,8-8-4-3,40.6,423.0,-6.0,メイショウフソウ,16.5
2020104252,モナークスラッガー,2026/05/14,川崎,晴,3,フローラ賞(C2C3),14,4,5,57.0,12.0,9,加藤雄真,54.0,ダ,2000.0,良,137.3,1.5,10-11-8-7,41.2,429.0,-4.0,ジーティーラピッド,
2020104252,モナークスラッガー,2026/04/24,浦和,曇,12,オオムラサキツツジ特(C2C3),12,8,12,20.6,8.0,4,加藤雄真,54.0,ダ,2000.0,重,135.9,1.2,7-7-7-8,39.6,433.0,7.0,ヘウレシス,22.5
2020104252,モナークスラッガー,2026/04/06,川崎,晴,7,アスターテ賞(C2C3),14,4,5,25.8,8.0,10,加藤雄真,54.0,ダ,2000.0,重,139.5,1.3,8-8-6-7,42.6,426.0,-3.0,ネオシャングリラ,
2020104252,モナークスラッガー,2026/03/06,川崎,曇,8,ヒカリオーソ賞(C2C3),12,5,5,76.1,8.0,6,加藤雄真,54.0,ダ,2000.0,稍,137.8,1.7,5-5-6-5,42.8,429.0,-9.0,クロウソング,
2020104252,モナークスラッガー,2025/11/03,船橋,晴,12,2025Jockey(C2),14,7,11,72.7,9.0,9,高橋利幸,56.0,ダ,1800.0,稍,121.4,3.6,9-9-12-11,42.0,438.0,-4.0,リボルトバレット,
2020104252,モナークスラッガー,2025/10/16,川崎,曇,8,YJSトライアルラウ(C2),14,3,4,8.5,5.0,6,土田真翔,56.0,ダ,1600.0,重,108.7,0.9,9-9-8-8,42.5,442.0,4.0,メイワノワ,
2020104252,モナークスラッガー,2025/09/26,浦和,晴,9,爽秋特別(C2),12,8,11,39.5,10.0,5,神尾香澄,53.0,ダ,1500.0,良,97.9,1.7,11-11-11-7,39.2,438.0,-6.0,ベストポスト,15.0
2020104252,モナークスラッガー,2025/09/12,川崎,曇,6,ペルセポネ賞(C2),13,5,6,9.9,7.0,6,神尾香澄,53.0,ダ,2000.0,重,140.8,1.0,9-9-9-9,44.5,444.0,4.0,ルージュメイベル,
2020104252,モナークスラッガー,2025/08/22,川崎,晴,8,C2三四五(C2四),10,1,1,23.7,7.0,2,神尾香澄,53.0,ダ,1500.0,良,98.7,0.1,7-6-5-4,40.0,440.0,-4.0,ガルニエ,40.0
2020104252,モナークスラッガー,2025/08/05,川崎,晴,9,C2四五六(C2五),9,2,2,35.2,8.0,7,佐野遥久,55.0,ダ,1500.0,良,98.9,1.1,8-9-7-7,41.4,444.0,6.0,スパローズ,
2020104252,モナークスラッガー,2025/07/25,浦和,晴,12,夏帽子特別(C2),9,4,4,7.0,3.0,2,町田直希,56.0,ダ,2000.0,良,133.2,0.2,6-5-3-3,39.2,438.0,1.0,リケアオランジュ,60.0
2020104252,モナークスラッガー,2025/07/11,川崎,曇,6,アンドロメダ賞(C2),14,7,11,22.5,6.0,5,町田直希,56.0,ダ,2000.0,重,138.6,0.8,5-5-4-3,43.1,437.0,0.0,タイセイシップ,15.0
2020104252,モナークスラッガー,2025/06/18,川崎,晴,4,ヴェルザンディ賞(C2),14,2,2,39.4,6.0,6,福原杏,56.0,ダ,2000.0,良,137.8,2.4,11-11-9-9,43.1,437.0,4.0,ハクシュ,
2020104252,モナークスラッガー,2025/05/26,浦和,曇,6,C2三四,12,2,2,19.9,6.0,5,福原杏,56.0,ダ,1500.0,稍,95.7,0.5,12-12-12-7,37.2,433.0,-6.0,ダノンレーニア,10.0
2020104252,モナークスラッガー,2025/05/13,川崎,晴,12,花菱草賞(C2四),14,8,14,77.6,12.0,6,福原杏,56.0,ダ,1500.0,重,101.7,1.0,10-10-9-11,41.1,439.0,2.0,キタノファルコン,
2020104252,モナークスラッガー,2025/04/21,浦和,晴,9,春日傘特別(C2),12,5,6,10.0,5.0,3,澤田龍哉,56.0,ダ,2000.0,良,134.2,2.1,10-9-6-6,41.7,437.0,2.0,カネトシシュキン,37.5
2020104252,モナークスラッガー,2025/04/09,川崎,晴,5,春待坂賞(C2七),14,6,10,14.3,6.0,8,吉原寛人,56.0,ダ,1500.0,稍,100.1,1.2,14-14-12-12,40.2,435.0,3.0,リングベルガール,
2020104252,モナークスラッガー,2025/03/20,浦和,晴,7,桜のまち幸手賞(C2八),12,6,8,24.6,8.0,4,澤田龍哉,56.0,ダ,1500.0,重,97.1,0.3,9-6-3-3,39.1,432.0,-4.0,パンディーロ,15.0
2020104252,モナークスラッガー,2025/03/06,川崎,曇,6,土筆賞(C2七),10,1,1,19.2,7.0,6,澤田龍哉,56.0,ダ,1500.0,不,100.4,1.3,8-8-8-8,42.1,436.0,2.0,プルーフリーダー,
2020104252,モナークスラッガー,2025/02/04,川崎,曇,9,マイスターチャレンジ(C2),12,6,9,57.9,10.0,5,福原杏,56.0,ダ,2000.0,稍,136.6,1.3,8-8-8-8,41.6,434.0,-4.0,シンメロワン,25.0
2020104252,モナークスラッガー,2025/01/22,船橋,晴,6,C2九十,11,1,1,17.4,4.0,4,澤田龍哉,56.0,ダ,1500.0,良,98.1,0.6,11-11-11-9,38.9,438.0,-3.0,リボルトバレット,15.0
2020104252,モナークスラッガー,2025/01/03,川崎,曇,7,大黒天賞(C2七),14,7,12,39.0,6.0,4,澤田龍哉,56.0,ダ,1500.0,良,100.5,0.7,11-10-7-4,41.3,441.0,0.0,フクノスナノバラ,15.0
2020104252,モナークスラッガー,2024/12/11,川崎,晴,6,C2三四五(C2四),14,3,4,343.8,12.0,5,鷹見陸,55.0,ダ,1500.0,良,98.7,1.3,13-12-12-9,39.7,441.0,1.0,カラリパヤット,10.0
2020104252,モナークスラッガー,2024/11/21,浦和,晴,9,埼玉県養蜂協会長賞特(C1C2),10,7,7,53.1,9.0,7,鷹見陸,54.0,ダ,2000.0,稍,134.5,1.5,5-5-6-7,40.8,440.0,-7.0,コスモパンドラ,
2020104252,モナークスラッガー,2024/11/12,川崎,晴,5,エウプロシュネー賞(C2),14,8,14,58.9,6.0,13,鷹見陸,55.0,ダ,2000.0,稍,139.8,2.6,8-6-7-11,43.0,447.0,6.0,ケイツーバルボア,
2020104252,モナークスラッガー,2024/10/09,川崎,曇,6,由比ヶ浜賞(C2),14,8,13,18.8,6.0,7,Ｍ．ミシ,54.0,ダ,2000.0,不,142.4,1.9,4-5-5-8,41.8,441.0,9.0,ビタリス,
2020104252,モナークスラッガー,2024/09/18,浦和,雨,12,秋桜特別(C2C3),12,1,1,7.7,4.0,3,鷹見陸,55.0,ダ,2000.0,良,135.3,1.9,3-3-3-2,41.6,432.0,-8.0,キミトユメヲカケル,37.5
2020104252,モナークスラッガー,2024/09/06,川崎,晴,6,ペルセポネ賞(C2),14,4,5,6.3,3.0,8,町田直希,56.0,ダ,2000.0,良,140.4,2.9,7-7-6-8,44.0,440.0,5.0,ジーソウルブラザー,
2020104252,モナークスラッガー,2024/08/09,川崎,晴,9,全国削ろう会秦野大会(C2),14,3,3,3.8,2.0,7,町田直希,56.0,ダ,2000.0,良,138.8,1.9,4-4-4-4,42.7,435.0,-2.0,アポロリリー,
2020104252,モナークスラッガー,2024/07/26,川崎,晴,8,ラケシス賞(C2),11,6,6,19.0,4.0,2,町田直希,56.0,ダ,2000.0,良,135.6,0.3,2-2-2-2,42.0,437.0,1.0,クイーンラブソング,60.0
2020104252,モナークスラッガー,2024/07/04,川崎,晴,7,アンドロメダ賞(C2),11,1,1,77.5,8.0,9,小林捺花,52.0,ダ,2000.0,稍,137.6,1.9,10-10-10-10,40.9,436.0,1.0,ダイナミックリュウ,
2020104252,モナークスラッガー,2024/06/20,浦和,晴,12,雁坂峠特別(C2C3),11,5,6,2.8,1.0,2,小林捺花,53.0,ダ,2000.0,稍,137.0,0.1,6-6-3-2,40.7,435.0,0.0,シャイニングパール,60.0
2020104252,モナークスラッガー,2024/06/12,川崎,晴,4,ヴェルザンディ賞(C2),14,3,3,38.2,7.0,4,小林捺花,52.0,ダ,2000.0,良,137.0,3.3,6-5-4-4,43.1,435.0,0.0,サングラデーション,22.5
2020104252,モナークスラッガー,2024/04/01,川崎,晴,6,アスターテ賞(C3),10,8,9,5.5,3.0,1,町田直希,56.0,ダ,2000.0,重,140.4,-0.2,3-3-1-2,43.6,435.0,-1.0,(パーティーアニマル),90.0
2020104252,モナークスラッガー,2024/03/14,川崎,晴,2,ヴィクトリア賞(C3),11,2,2,12.6,5.0,3,町田直希,56.0,ダ,2000.0,重,140.2,1.1,5-5-6-5,43.2,436.0,7.0,コスモヴェレッド,22.5
2020104252,モナークスラッガー,2024/01/29,川崎,晴,7,アリアンロッド賞(C3),14,8,14,34.4,6.0,5,町田直希,56.0,ダ,2000.0,良,140.3,2.5,7-7-6-6,42.5,429.0,-2.0,ダルジェント,9.0
2020104252,モナークスラッガー,2024/01/04,川崎,晴,5,天照賞(C3),13,3,3,38.7,8.0,6,町田直希,56.0,ダ,2000.0,良,138.7,1.5,11-10-10-6,41.3,431.0,-9.0,ダルジェント,
2020104252,モナークスラッガー,2023/12/05,金沢,曇,2,C17特別編成(C1特別),9,7,7,14.5,5.0,3,栗原大河,56.0,ダ,1400.0,重,90.7,0.9,4-4-2-3,38.5,440.0,3.0,ルミナスナイト,6.7
2020104252,モナークスラッガー,2023/11/20,金沢,曇,4,C19,10,1,1,15.2,5.0,8,栗原大河,56.0,ダ,1400.0,不,92.6,3.0,9-9-9-9,36.9,437.0,-2.0,エピックヒーロー,
2020104252,モナークスラッガー,2023/10/31,金沢,晴,6,はしも、今までお疲れ(C2特別),10,4,4,8.2,3.0,5,堀場裕充,56.0,ダ,1400.0,稍,91.2,1.3,9-8-8-6,38.2,439.0,-1.0,ユーバーウィンデン,4.0
2020104252,モナークスラッガー,2023/10/22,金沢,晴,1,ウマ娘第3回コラボ記(C1),11,4,4,20.5,5.0,3,堀場裕充,56.0,ダ,1400.0,重,90.5,0.5,8-8-6-5,37.3,440.0,3.0,ラブウェイ,6.7
2020104252,モナークスラッガー,2023/10/02,金沢,晴,9,Yamashiroア(C2),8,3,3,44.7,5.0,4,堀場裕充,56.0,ダ,1400.0,重,90.8,1.0,5-6-5-5,38.1,437.0,0.0,ラマジ,4.9
2020104252,モナークスラッガー,2023/09/16,金沢,晴,8,奥能登国際芸術祭開幕(C2),8,2,2,19.6,4.0,6,堀場裕充,56.0,ダ,1400.0,良,92.2,2.7,5-5-4-5,39.4,437.0,-6.0,ハクサンバード,
2020104252,モナークスラッガー,2023/09/03,金沢,晴,5,新潟県畜産協会長賞(3歳4),10,3,3,4.7,2.0,2,堀場裕充,56.0,ダ,1500.0,良,98.9,0.7,7-7-6-4,40.2,443.0,-1.0,カネトシロワン,12.8
2020104252,モナークスラッガー,2023/08/29,金沢,晴,1,無料ネット新聞うまか(3歳二走),9,3,3,15.7,4.0,3,堀場裕充,56.0,ダ,1400.0,良,90.6,0.1,5-4-5-3,38.2,444.0,3.0,ラブヒカリ,6.4
2020104252,モナークスラッガー,2023/08/21,金沢,晴,7,輪島大祭特別(3歳),8,3,3,23.1,6.0,6,米倉知,56.0,ダ,1500.0,良,99.8,1.1,4-4-5-5,39.5,441.0,-2.0,ハナノニオイ,
2020104252,モナークスラッガー,2023/08/01,金沢,晴,1,無料ネット新聞うまか(3歳二走),9,8,9,14.9,3.0,3,栗原大河,56.0,ダ,1400.0,良,91.2,0.5,3-3-3-4,38.8,443.0,5.0,ロギッシュ,6.4
2020104252,モナークスラッガー,2023/07/11,金沢,曇,8,ルビー賞(3歳),9,6,6,20.5,4.0,4,米倉知,56.0,ダ,1400.0,稍,92.2,1.9,8-7-7-4,39.4,438.0,2.0,ロギッシュ,5.0
2020104252,モナークスラッガー,2023/06/25,金沢,曇,8,マラカイト特別(3歳),9,5,5,6.2,3.0,4,米倉知,56.0,ダ,1500.0,良,99.3,1.4,8-7-5-4,40.1,436.0,2.0,ゴールスナイパー,4.9
2020104252,モナークスラッガー,2023/05/28,金沢,曇,2,移転50周年来場促進(3歳),9,6,6,1.5,1.0,1,米倉知,56.0,ダ,1400.0,良,92.0,-0.1,7-7-7-5,38.8,434.0,-4.0,(アポロシュシュ),40.0
2020104252,モナークスラッガー,2023/05/16,金沢,晴,2,3歳B4,10,5,5,2.6,1.0,3,米倉知,56.0,ダ,1400.0,良,91.9,1.0,6-5-3-4,38.7,438.0,18.0,スマイルフレンド,6.4
2020104252,モナークスラッガー,2023/04/15,2阪神7,雨,4,3歳未勝利,14,5,8,439.0,14.0,10,中井裕二,56.0,ダ,2000.0,不,127.5,2.3,6-9-9-10,37.2,420.0,0.0,ロードトラスト,
2020104252,モナークスラッガー,2023/04/09,2阪神6,晴,3,3歳未勝利,16,5,10,410.2,15.0,10,川須栄彦,56.0,ダ,1800.0,稍,116.6,1.8,12-13-8-10,39.1,420.0,-2.0,ショーケン,
2020104252,モナークスラッガー,2023/03/25,2中京5,曇,2,3歳未勝利,16,7,14,328.8,16.0,9,小沢大仁,55.0,ダ,1400.0,不,86.3,2.1,14-14,37.0,422.0,6.0,スマートアンバー,
2020104252,モナークスラッガー,2023/01/22,1中京8,晴,6,3歳新馬,16,5,10,175.4,15.0,14,小沢大仁,55.0,芝,1600.0,良,97.7,1.8,13-13-13,35.1,416.0,0.0,ハートループ,
2019106166,シントーハナノラン,2026/07/10,川崎,晴,8,コンコルディア賞(C2C3),7,5,5,2.7,2.0,2,町田直希,53.0,ダ,2000.0,良,139.0,0.7,3-3-3-3,38.9,465.0,-6.0,エルキーオ,60.0
2019106166,シントーハナノラン,2026/06/15,川崎,曇,8,インフィオラータ賞(C2),11,7,8,7.1,4.0,5,町田直希,54.0,ダ,1500.0,重,99.0,0.6,7-7-7-6,41.5,471.0,0.0,サクセスベージュ,11.0
2019106166,シントーハナノラン,2026/05/14,川崎,曇,6,パティオ賞(C2),11,1,1,10.0,4.0,3,町田直希,54.0,ダ,1500.0,良,98.0,0.9,7-9-8-4,40.7,471.0,7.0,エクセルブラック,27.5
2019106166,シントーハナノラン,2026/04/07,川崎,曇,8,イースター賞(C2),13,7,10,22.5,6.0,5,町田直希,54.0,ダ,1500.0,重,99.3,0.3,9-8-9-6,41.5,464.0,0.0,キミハレモネード,11.0
2019106166,シントーハナノラン,2026/03/05,川崎,晴,7,C2五六,12,6,8,7.0,4.0,5,町田直希,54.0,ダ,1400.0,重,93.3,0.5,10-9-8-7,40.6,464.0,-1.0,サンクリュウ,10.0
2019106166,シントーハナノラン,2026/02/06,川崎,晴,9,インディ賞(C2),13,4,5,34.2,5.0,7,古岡勇樹,54.0,ダ,1600.0,良,108.1,2.6,7-7-7-6,41.5,465.0,9.0,アイビーガオー,
2019106166,シントーハナノラン,2025/08/07,川崎,曇,3,満漢全席賞(C2二),11,4,4,2.7,1.0,6,町田直希,54.0,ダ,1400.0,良,93.0,1.0,11-11-8-8,40.3,456.0,-2.0,ラヴィンローゼス,
2019106166,シントーハナノラン,2025/07/07,川崎,晴,8,ガトーショコラ賞(C2),12,1,1,3.6,2.0,2,町田直希,54.0,ダ,1400.0,良,91.9,1.4,9-6-5-5,40.6,458.0,-7.0,ダンデライオン,40.0
2019106166,シントーハナノラン,2025/06/16,川崎,晴,7,ミルフィーユ賞(C2),12,6,7,1.3,1.0,3,町田直希,54.0,ダ,1400.0,重,92.9,0.5,7-4-3-3,40.0,465.0,0.0,クワイトポッシブル,25.0
2019106166,シントーハナノラン,2025/05/14,川崎,晴,9,マカロン賞(C2),12,5,6,2.1,1.0,1,町田直希,54.0,ダ,1400.0,稍,91.9,-0.5,12-11-4-2,39.8,465.0,-5.0,(ショウナンマンテン),100.0
2019106166,シントーハナノラン,2024/12/25,大井,晴,6,C1選抜牝馬,13,6,10,15.7,4.0,3,達城龍次,54.0,ダ,1600.0,良,103.5,0.7,4-4-3-2,39.6,470.0,-1.0,アイミーハイティー,30.0
2019106166,シントーハナノラン,2024/12/01,大井,晴,5,C1選抜牝馬,12,7,9,3.0,1.0,12,笹川翼,54.0,ダ,1400.0,良,88.9,1.4,7-8-8,38.5,471.0,-4.0,ウインアイリーン,
2019106166,シントーハナノラン,2024/06/05,大井,晴,7,C1五六七(C1六),11,6,6,1.4,1.0,2,笹川翼,54.0,ダ,1400.0,稍,89.4,0.6,2-2-2,39.0,475.0,0.0,プレストステラ,48.0
2019106166,シントーハナノラン,2024/05/17,大井,晴,6,C2三四五(C2四),14,4,6,2.0,1.0,1,笹川翼,54.0,ダ,1400.0,稍,88.2,-0.2,3-3-2,38.1,475.0,-3.0,(ビッグアメリカン),100.0
2019106166,シントーハナノラン,2024/04/25,大井,晴,4,C2五六,11,3,3,2.8,2.0,2,笹川翼,54.0,ダ,1600.0,重,104.2,0.8,1-1-1-2,40.6,478.0,3.0,ラヴィッシュ,40.0
2019106166,シントーハナノラン,2024/03/20,大井,曇,9,八丈島フリージア賞(C2),14,4,6,2.0,1.0,1,笹川翼,54.0,ダ,1600.0,良,106.1,-0.5,4-4-4-2,41.0,475.0,-7.0,(メイショウボンゴチ),100.0
2019106166,シントーハナノラン,2024/02/14,大井,晴,4,渋谷川賞(C211),13,7,10,6.6,3.0,2,栗原大河,54.0,ダ,1600.0,良,105.6,0.2,2-2-1-1,41.5,482.0,3.0,ノルトシュライフェ,40.0
2019106166,シントーハナノラン,2023/12/29,大井,晴,10,BSフジ賞競走(C1C2),15,2,2,8.9,3.0,9,野畑凌,55.0,ダ,1400.0,良,91.7,1.8,1-1-1,40.5,479.0,-6.0,リアリーホット,
2019106166,シントーハナノラン,2023/07/23,佐賀,晴,8,オッズパーク・サマー(B),12,3,3,1.2,1.0,1,石川慎将,54.0,ダ,1400.0,良,90.2,-0.7,2-2-2-1,39.9,485.0,-4.0,(アンシミラー),45.0
2019106166,シントーハナノラン,2023/07/04,佐賀,雨,9,ジューン特選(C1),12,7,10,1.6,1.0,1,石川慎将,54.0,ダ,1800.0,不,120.0,-0.5,6-6-4-2,40.3,489.0,3.0,(シェノン),55.0
2019106166,シントーハナノラン,2023/06/17,佐賀,晴,10,おかげさまで7周年!(C1),12,4,4,1.4,1.0,1,石川慎将,54.0,ダ,1400.0,良,90.7,-1.4,4-5-4-2,39.1,486.0,-3.0,(クインズユーカリ),37.0
2019106166,シントーハナノラン,2023/05/22,佐賀,雨,7,菖蒲月賞(C1),9,8,8,1.3,1.0,1,石川慎将,54.0,ダ,1400.0,稍,91.7,-0.6,3-3-3-1,39.4,489.0,3.0,(エアリアルシティー),37.0
2019106166,シントーハナノラン,2023/04/30,佐賀,晴,4,佐藤哲三来場記念(C1),9,4,4,1.3,1.0,1,笹川翼,54.0,ダ,1400.0,不,91.0,-1.0,5-5-1-1,38.9,486.0,-5.0,(シゲルプレミアム),37.0
2019106166,シントーハナノラン,2023/04/16,佐賀,曇,1,C2ー5組,8,8,8,1.2,1.0,1,石川慎将,54.0,ダ,1400.0,不,91.0,-0.6,4-4-2-1,38.6,491.0,10.0,(パーフェクトボディ),35.0
2019106166,シントーハナノラン,2023/03/12,佐賀,曇,5,がばいよか!佐賀の酪(C1),10,2,2,1.6,1.0,2,石川慎将,54.0,ダ,1300.0,稍,83.9,0.1,1-1-1-1,39.1,481.0,2.0,アインジェニー,11.8
2019106166,シントーハナノラン,2023/02/25,佐賀,曇,1,C2ー5組,10,3,3,1.3,1.0,1,石川慎将,54.0,ダ,1300.0,重,84.5,-0.9,4-4-3-2,39.6,479.0,4.0,(ラブヴァケーション),35.0
2019106166,シントーハナノラン,2023/02/05,佐賀,晴,3,C2ー12組,11,2,2,1.4,1.0,1,竹吉徹,54.0,ダ,1300.0,良,86.3,-0.4,8-8-5-2,39.0,475.0,-2.0,(ブレーヴソウル),33.0
2019106166,シントーハナノラン,2023/01/22,佐賀,曇,3,C2ー13組,12,4,4,3.5,2.0,3,竹吉徹,54.0,ダ,1300.0,稍,84.3,0.8,7-6-6-5,38.4,477.0,3.0,サンマルシップ,5.9
2019106166,シントーハナノラン,2022/12/10,佐賀,晴,12,SAGAリベンジャー(C2),12,8,12,1.4,1.0,1,竹吉徹,54.0,ダ,900.0,良,55.7,-1.0,2-1,37.1,474.0,3.0,(フィールドスカイ),33.0
2019106166,シントーハナノラン,2022/11/05,佐賀,晴,11,SAGAリベンジャー(C2),11,7,8,1.7,1.0,5,石川慎将,54.0,ダ,1300.0,良,91.0,0.9,11-10-9-5,40.8,471.0,17.0,サンマルヴァレー,2.6
2019106166,シントーハナノラン,2022/04/02,2阪神3,晴,1,3歳未勝利,16,7,14,152.3,11.0,7,西村淳也,54.0,ダ,1400.0,良,86.6,1.3,12-11,37.4,454.0,0.0,ラクスバラディー,
2022110074,タヴァネスタン,2026/07/08,川崎,晴,12,2026川崎ジョッキ(C2),14,1,1,9.7,6.0,7,田中涼,56.0,ダ,1500.0,稍,98.2,0.5,13-13-13-12,40.1,496.0,5.0,ベラヴィットーリア,
2022110074,タヴァネスタン,2026/06/15,川崎,曇,8,インフィオラータ賞(C2),11,4,4,4.7,3.0,4,野畑凌,56.0,ダ,1500.0,重,99.0,0.6,5-6-5-5,41.7,491.0,-9.0,サクセスベージュ,16.5
2022110074,タヴァネスタン,2026/05/13,川崎,晴,5,レッドカーペット賞(C2),11,7,9,9.6,4.0,8,野畑凌,56.0,ダ,1500.0,良,98.8,2.4,3-3-1-6,41.5,500.0,0.0,フジュム,
2022110074,タヴァネスタン,2026/04/07,川崎,曇,8,イースター賞(C2),13,3,3,3.7,2.0,2,野畑凌,56.0,ダ,1500.0,重,99.0,0.0,1-1-1-1,42.1,500.0,1.0,キミハレモネード,44.0
2022110074,タヴァネスタン,2026/03/05,川崎,晴,6,C2五六,11,2,2,4.5,3.0,3,野畑凌,56.0,ダ,1400.0,重,93.0,0.3,4-3-4-4,39.0,499.0,-6.0,ハヤブサアポチャン,25.0
2022110074,タヴァネスタン,2026/02/05,川崎,晴,6,C2六七,12,6,8,2.7,2.0,5,野畑凌,56.0,ダ,1400.0,良,92.8,0.5,5-5-2-2,40.7,505.0,5.0,フジュム,10.0
2022110074,タヴァネスタン,2026/01/01,川崎,晴,7,二鷹賞(C2),13,3,3,1.8,1.0,2,野畑凌,56.0,ダ,1400.0,稍,93.0,0.0,9-9-1-1,41.3,500.0,20.0,ベルレオーネ,40.0
2022110074,タヴァネスタン,2025/09/14,4阪神4,曇,3,3歳未勝利,15,8,16,8.3,3.0,9,高杉吏麒,56.0,ダ,1800.0,良,116.0,3.3,6-8-9-7,40.3,480.0,-12.0,ミライエイゴウ,
2022110074,タヴァネスタン,2025/08/02,3中京3,晴,5,3歳未勝利,16,7,14,5.0,3.0,15,松山弘平,57.0,ダ,1400.0,良,87.6,2.8,2-2,40.6,492.0,14.0,モズケイスター,
2022110074,タヴァネスタン,2024/10/19,5京都5,曇,1,2歳未勝利,12,1,1,5.6,3.0,5,シュタル,56.0,ダ,1400.0,良,86.2,0.6,4-3,38.0,478.0,8.0,マジカルシャイン,55.0
2022110074,タヴァネスタン,2024/09/16,3中京5,晴,4,2歳新馬,14,3,3,3.5,1.0,3,藤岡佑介,55.0,ダ,1400.0,稍,86.2,2.3,10-9,37.8,470.0,0.0,ミリアッドラヴ,180.0
2022106810,カンナギ,2026/07/10,川崎,晴,8,コンコルディア賞(C2C3),7,1,1,66.8,7.0,7,山林堂信,53.0,ダ,2000.0,良,141.2,2.9,7-7-6-7,40.4,422.0,3.0,エルキーオ,
2022106810,カンナギ,2026/06/18,川崎,曇,7,風神賞(C2),10,8,10,287.1,10.0,10,山林堂信,54.0,ダ,900.0,重,58.4,3.3,10-10,39.3,419.0,7.0,エースクイーン,
2022106810,カンナギ,2026/06/04,船橋,曇,7,馬い!スイートポテト(C2五),12,7,9,292.6,12.0,10,藤江渉,54.0,ダ,1200.0,重,79.4,1.7,9-9-9,40.8,412.0,-2.0,キープアドーラブル,
2022106810,カンナギ,2026/05/11,川崎,晴,7,雷響賞(C2),12,5,5,222.3,12.0,12,藤江渉,54.0,ダ,900.0,良,57.7,3.1,9-9,39.0,414.0,7.0,エースクイーン,
2022106810,カンナギ,2026/05/07,船橋,曇,6,馬い!淡路洲本農園し(C2八),12,1,1,60.6,8.0,9,藤江渉,54.0,ダ,1200.0,良,78.0,2.0,11-10-9,38.8,407.0,-10.0,ワールドクライシス,
2022106810,カンナギ,2026/04/08,川崎,晴,5,橘樹官衛賞(C2),12,6,8,68.8,10.0,12,町田直希,54.0,ダ,1400.0,稍,96.7,4.7,9-9-5-11,44.2,417.0,0.0,フレイム,
2022106810,カンナギ,2026/03/04,川崎,曇,12,2026川崎ジョッキ(C2),14,3,3,17.7,7.0,13,田中涼,54.0,ダ,1500.0,不,101.3,4.4,11-12-13-13,41.9,417.0,1.0,シエルラビクトア,
2022106810,カンナギ,2026/02/05,川崎,晴,7,C2六七,12,5,6,63.0,7.0,5,町田直希,54.0,ダ,1400.0,良,93.3,0.6,10-10-10-11,39.7,416.0,7.0,ロコモーション,10.0
2022106810,カンナギ,2025/12/19,金沢,晴,8,☆凛太郎くん☆1歳お(C1),8,8,8,121.7,6.0,5,魚住謙心,55.0,ダ,1400.0,重,91.1,2.6,7-8-8-7,38.3,409.0,-6.0,スペードギニー,4.5
2022106810,カンナギ,2025/12/08,金沢,雨,4,C15特別編成(C1特別),7,5,5,7.1,4.0,2,魚住謙心,55.0,ダ,1500.0,重,98.5,0.5,7-7-7-7,39.4,415.0,-3.0,マクシミリアン,14.4
2022106810,カンナギ,2025/11/24,金沢,曇,2,バンザイ!たいきくん(C1),8,5,5,9.7,4.0,6,栗原大河,55.0,ダ,1500.0,重,98.3,0.9,7-6-8-8,39.3,418.0,2.0,クリーンスレイト,
2022106810,カンナギ,2025/11/10,金沢,曇,6,C110,8,1,1,4.2,3.0,1,栗原大河,55.0,ダ,1400.0,重,91.1,-0.1,7-6-6-5,39.4,416.0,0.0,(チェストイケ),45.0
2022106810,カンナギ,2025/10/27,金沢,雨,4,C110,8,7,7,25.8,4.0,6,栗原大河,55.0,ダ,1500.0,不,98.1,3.2,5-5-6-6,40.9,416.0,-2.0,ハクサンサクヤヒメ,
2022106810,カンナギ,2025/10/14,金沢,雨,4,C13特別編成(C1特別),9,6,6,13.6,5.0,4,栗原大河,55.0,ダ,1500.0,稍,97.4,0.8,4-4-5-5,39.8,418.0,5.0,ネガイハカナウ,5.4
2022106810,カンナギ,2025/09/23,金沢,曇,6,C24,11,8,10,1.9,1.0,1,栗原大河,55.0,ダ,1500.0,良,97.8,-0.1,2-2-2-2,40.5,413.0,-2.0,(ピースオーシャン),43.0
2022106810,カンナギ,2025/09/08,金沢,曇,9,アンバー特別(3歳),9,3,3,4.9,2.0,5,栗原大河,55.0,ダ,1400.0,不,90.9,1.5,3-3-5-4,39.9,415.0,2.0,モズミラクル,4.5
2022106810,カンナギ,2025/07/27,金沢,晴,7,なみえちゃんお誕生日(3歳),9,8,9,3.3,2.0,5,栗原大河,55.0,ダ,1500.0,良,97.8,0.2,4-5-4-4,40.2,413.0,-2.0,クレベール,4.8
2022106810,カンナギ,2025/07/15,金沢,曇,5,3歳B2特編(3歳2),12,4,4,9.5,5.0,1,栗原大河,55.0,ダ,1500.0,良,97.3,-0.3,7-7-5-4,40.2,415.0,-1.0,(ジーティーグロウ),43.0
2022106810,カンナギ,2025/07/01,金沢,曇,5,エバーリッジ下期キッ(3歳),9,6,6,15.6,5.0,3,栗原大河,55.0,ダ,1400.0,良,90.7,1.8,5-5-4-4,39.1,416.0,-4.0,グレイグアン,6.8
2022106810,カンナギ,2025/06/17,金沢,晴,4,3歳B4,10,7,8,5.6,3.0,4,栗原大河,55.0,ダ,1400.0,良,91.2,2.0,8-7-6-5,39.5,420.0,6.0,ルミナヴィクター,5.1
2022106810,カンナギ,2025/05/17,2東京7,雨,4,3歳未勝利,15,6,10,189.0,12.0,9,木幡巧也,55.0,芝,2000.0,良,122.3,2.0,13-11-10,36.4,414.0,0.0,リポサンテ,
2022106810,カンナギ,2025/04/27,2東京2,晴,5,3歳未勝利,14,5,7,217.3,10.0,9,原優介,55.0,芝,1800.0,良,107.9,1.5,8-8-9,35.2,414.0,2.0,アールヴィヴァン,
2022106810,カンナギ,2025/04/12,1福島1,曇,3,3歳未勝利,16,2,4,27.4,5.0,11,石神深道,52.0,芝,1800.0,良,109.8,1.9,12-12-10-10,36.8,412.0,18.0,ウインシャーガス,
2022106810,カンナギ,2024/10/27,4新潟8,晴,1,2歳未勝利,18,7,13,45.2,11.0,10,石橋脩,55.0,芝,1800.0,良,108.9,1.3,15-16,35.0,394.0,-6.0,エルムラント,
2022106810,カンナギ,2024/10/06,4新潟2,晴,2,2歳未勝利,15,5,9,191.2,11.0,4,柴田裕一,52.0,芝,1800.0,良,108.6,0.4,11-12,35.1,400.0,-4.0,ブルバンビーナ,83.0
2022106810,カンナギ,2024/09/16,4中山5,曇,4,2歳未勝利,12,6,8,151.4,10.0,8,原優介,54.0,芝,1800.0,良,110.2,1.1,7-7-8-9,35.2,404.0,4.0,ニシノイストワール,
2022106810,カンナギ,2024/08/24,3新潟5,晴,5,2歳新馬,12,5,5,49.1,9.0,9,永島まな,53.0,芝,1600.0,良,98.5,1.2,12-12,34.3,400.0,0.0,マピュース,
2018100713,ワンラヴ,2026/07/10,川崎,晴,8,コンコルディア賞(C2C3),7,4,4,32.7,6.0,4,櫻井光輔,55.0,ダ,2000.0,良,140.0,1.7,5-5-6-5,39.5,453.0,2.0,エルキーオ,22.5
2018100713,ワンラヴ,2026/06/19,川崎,曇,5,ヴェルザンディ賞(C2C3),10,4,4,16.2,6.0,7,藤江渉,55.0,ダ,2000.0,重,140.0,4.0,7-6-6-6,44.8,451.0,9.0,アイビーブリッツ,
2018100713,ワンラヴ,2026/05/13,川崎,晴,4,C2七,12,1,1,47.1,8.0,7,櫻井光輔,54.0,ダ,1400.0,良,93.6,1.0,12-12-12-12,39.9,442.0,-4.0,ザムト,
2018100713,ワンラヴ,2026/04/24,浦和,曇,12,オオムラサキツツジ特(C2C3),12,5,5,97.3,12.0,6,岡田大,55.0,ダ,2000.0,重,135.9,1.2,8-7-7-8,39.5,446.0,-1.0,ヘウレシス,
2018100713,ワンラヴ,2026/04/07,川崎,曇,8,イースター賞(C2),13,8,12,139.5,11.0,13,秋元耕成,54.0,ダ,1500.0,重,101.6,2.6,10-10-11-13,43.2,447.0,1.0,キミハレモネード,
2018100713,ワンラヴ,2026/03/19,浦和,曇,12,春の夢特別(C3),12,8,11,47.9,11.0,4,岡田大,54.0,ダ,2000.0,良,137.0,0.8,8-9-4-4,39.8,446.0,1.0,レベリオン,21.0
2018100713,ワンラヴ,2026/02/27,浦和,曇,9,特選(C2C3),12,5,5,80.6,11.0,7,岡田大,53.0,ダ,2000.0,重,137.2,2.6,12-12-10-9,40.9,445.0,2.0,ユウユウプレゼンス,
2018100713,ワンラヴ,2026/01/09,浦和,晴,8,お年玉特別(C3),13,8,13,130.0,12.0,11,岡田大,54.0,ダ,1400.0,良,93.3,2.2,12-12-12-13,41.5,443.0,4.0,ニシノリピート,
2018100713,ワンラヴ,2025/12/23,浦和,曇,5,市制施行71周年!東(C2),12,6,8,94.9,10.0,7,篠谷葵,54.0,ダ,1500.0,良,99.8,1.4,11-11-11-9,39.1,439.0,-4.0,ファイアスター,
2018100713,ワンラヴ,2025/12/12,船橋,晴,3,C2六七,12,8,12,31.0,7.0,9,山口達弥,54.0,ダ,1500.0,良,99.8,1.9,6-7-6-7,40.6,443.0,-1.0,アルセリア,
2018100713,ワンラヴ,2025/11/26,浦和,晴,5,C2五六,11,2,2,27.8,8.0,5,小野楓馬,54.0,ダ,1500.0,良,98.0,1.8,8-8-8-5,39.9,444.0,-3.0,ジーティーエンジン,10.0
2018100713,ワンラヴ,2025/10/28,浦和,晴,2,ランチタイムチャレン(C2六),12,2,2,50.6,8.0,6,秋元耕成,54.0,ダ,1400.0,重,90.4,1.6,11-11-9-6,38.8,447.0,-3.0,モリオン,
2018100713,ワンラヴ,2025/10/02,船橋,晴,4,C2四五,9,7,7,5.2,3.0,4,庄司大輔,54.0,ダ,1500.0,稍,98.3,0.6,7-7-7-7,39.9,450.0,3.0,ヤマタケコーチャン,15.0
2018100713,ワンラヴ,2025/08/29,船橋,晴,10,鋸山賞(C2五),12,5,6,5.6,2.0,2,本橋孝太,54.0,ダ,1500.0,良,98.3,0.1,3-3-3-3,39.6,447.0,0.0,ソウ,40.0
2018100713,ワンラヴ,2025/07/31,船橋,晴,6,なつごおり特別(C3),7,3,3,3.1,2.0,2,本橋孝太,54.0,ダ,1500.0,良,98.6,0.5,7-7-4-4,38.3,447.0,8.0,マキネッタ,48.0
2018100713,ワンラヴ,2025/07/06,船橋,晴,6,馬い!八幡平ドラゴン(C2八),9,1,1,9.3,6.0,3,仲野光馬,54.0,ダ,1500.0,良,98.2,0.3,7-7-6-6,39.8,439.0,11.0,ソブリンルーラー,25.0
2018100713,ワンラヴ,2025/06/06,船橋,曇,6,魁三国志大戦リリース(C2),12,7,9,6.7,3.0,5,山中悠希,54.0,ダ,1500.0,良,100.0,1.3,4-6-7-8,41.5,428.0,-5.0,ボールドチャー,10.0
2018100713,ワンラヴ,2025/05/30,浦和,曇,6,C2九,10,7,8,30.8,8.0,4,山中悠希,54.0,ダ,1500.0,不,95.5,0.5,5-5-5-6,38.5,433.0,-4.0,ヘヴンズクライ,15.0
2018100713,ワンラヴ,2025/05/09,船橋,曇,7,C2八九十ア(C2九),12,6,7,67.2,8.0,8,山中悠希,54.0,ダ,1500.0,良,99.9,2.8,11-11-11-11,40.6,437.0,-2.0,ラスジャン,
2018100713,ワンラヴ,2025/03/21,浦和,晴,2,ランチタイムチャレン(C2),11,7,9,25.4,4.0,8,中越琉世,54.0,ダ,1400.0,重,92.0,2.9,11-9-9-9,39.9,439.0,3.0,キミハレモネード,
2018100713,ワンラヴ,2025/03/06,川崎,曇,6,土筆賞(C2七),10,8,9,6.1,4.0,9,佐藤翔馬,51.0,ダ,1500.0,不,101.2,2.1,6-6-6-9,42.9,436.0,-5.0,プルーフリーダー,
2018100713,ワンラヴ,2025/02/08,川崎,晴,8,リコリス賞(C3),11,5,6,7.8,2.0,2,野畑凌,54.0,ダ,1500.0,良,99.3,0.6,6-4-5-3,40.5,441.0,2.0,ハヤブサアポチャン,48.0
2018100713,ワンラヴ,2025/01/21,船橋,晴,7,キンセンカ特別(C3),14,5,7,5.5,4.0,4,岩橋勇二,54.0,ダ,1800.0,良,119.2,1.2,4-4-3-3,40.4,439.0,-1.0,サトノギフテッド,18.0
2018100713,ワンラヴ,2025/01/02,川崎,晴,3,いろはかるた賞(C3),14,4,5,2.3,1.0,2,岩橋勇二,54.0,ダ,1400.0,良,94.1,0.2,8-8-8-5,41.4,440.0,7.0,タイキレヴィン,32.0
2018100713,ワンラヴ,2024/12/11,川崎,晴,6,C2三四五(C2四),14,3,3,43.5,7.0,6,小野楓馬,54.0,ダ,1500.0,良,98.9,1.5,10-10-11-7,40.3,433.0,-3.0,カラリパヤット,
2018100713,ワンラヴ,2024/11/29,船橋,晴,1,浦安賞(C3),11,5,5,1.4,1.0,1,森泰斗,54.0,ダ,1500.0,良,101.0,-0.1,7-7-7-6,40.6,436.0,-3.0,(バジガクサフィオ),120.0
2018100713,ワンラヴ,2024/11/15,川崎,曇,7,ナツメッグ賞(C3),9,7,7,3.0,2.0,2,森泰斗,54.0,ダ,1500.0,稍,99.5,0.6,4-4-4-3,40.1,439.0,4.0,ニジトタルト,48.0
2018100713,ワンラヴ,2024/08/08,川崎,曇,3,C3三四,12,6,7,2.2,1.0,1,森泰斗,54.0,ダ,1500.0,良,99.4,-0.9,10-10-7-3,40.9,435.0,-2.0,(ブルートルマリン),80.0
2018100713,ワンラヴ,2024/07/24,川崎,晴,7,C3三四,11,8,12,7.2,3.0,3,森泰斗,54.0,ダ,1400.0,良,94.0,1.2,10-10-9-9,39.9,437.0,0.0,クインズカヤノヒメ,20.0
2018100713,ワンラヴ,2024/07/03,川崎,晴,3,C3五六,12,5,5,2.6,1.0,1,森泰斗,54.0,ダ,1400.0,重,93.5,-0.2,9-10-8-6,40.4,437.0,-5.0,(バジガクカルミア),80.0
2018100713,ワンラヴ,2024/06/12,川崎,晴,2,C3三四,8,4,4,3.5,2.0,3,山崎誠士,54.0,ダ,1500.0,稍,100.1,2.1,5-3-3-3,41.3,442.0,2.0,メイショウジェゼロ,20.0
2018100713,ワンラヴ,2024/05/21,浦和,晴,3,C3六七,8,5,5,1.5,1.0,4,野畑凌,54.0,ダ,1400.0,重,94.4,1.0,6-6-6-4,41.4,440.0,-1.0,ベニノエンゼル,12.0
2018100713,ワンラヴ,2024/05/08,川崎,晴,2,C3五六,12,2,2,3.8,2.0,2,野畑凌,54.0,ダ,1400.0,稍,93.5,0.3,4-6-5-4,40.9,441.0,-3.0,ケンブリッジウィズ,32.0
2018100713,ワンラヴ,2024/04/16,浦和,晴,5,C3九十,9,4,4,,,取,野畑凌,54.0,ダ,1400.0,良,,,,,,,キタマクフィー,
2018100713,ワンラヴ,2024/04/03,川崎,雨,2,C3五六,9,2,2,3.2,2.0,2,野畑凌,54.0,ダ,1400.0,稍,94.8,0.0,4-5-5-4,40.7,444.0,27.0,ハーモニーオリオン,32.0
2018100713,ワンラヴ,2023/11/10,川崎,雨,8,ナツメッグ賞(C3),12,7,10,18.4,7.0,2,新原周馬,54.0,ダ,1500.0,良,100.4,0.8,9-9-9-6,40.8,417.0,-7.0,エアシャロウ,48.0
2018100713,ワンラヴ,2023/10/12,川崎,晴,2,アグライアー賞(C3),8,1,1,5.8,4.0,5,櫻井光輔,54.0,ダ,2000.0,稍,140.4,2.2,3-3-4-5,42.5,424.0,-9.0,エルラティオ,9.0
2018100713,ワンラヴ,2023/09/11,川崎,晴,6,ユウェンタース賞(C3),12,5,5,8.2,4.0,3,櫻井光輔,54.0,ダ,2000.0,良,139.6,0.4,7-8-6-4,42.1,433.0,-3.0,マオノオラクル,22.5
2018100713,ワンラヴ,2023/08/23,川崎,晴,4,イシュタル賞(C3),13,8,13,6.8,4.0,7,Ｒ．クア,54.0,ダ,2000.0,良,138.4,1.9,3-4-4-5,43.8,436.0,-1.0,シントートラノスケ,
2018100713,ワンラヴ,2023/07/29,川崎,晴,5,C3三四,11,3,3,5.5,2.0,8,野畑凌,54.0,ダ,1500.0,良,100.0,0.9,2-2-2-2,42.1,437.0,1.0,メジャーセブンス,
2018100713,ワンラヴ,2023/07/04,川崎,晴,3,コンコルディア賞(C3),8,3,3,5.1,4.0,3,佐藤翔馬,51.0,ダ,2000.0,良,139.4,1.2,4-4-5-4,41.2,436.0,0.0,ラムダ,22.5
2018100713,ワンラヴ,2023/06/16,川崎,晴,7,スクルド賞(C3),11,7,9,15.2,6.0,2,新原周馬,53.0,ダ,2000.0,重,139.1,0.1,2-2-1-2,42.1,436.0,-1.0,サヨノシルバーズ,36.0
2018100713,ワンラヴ,2023/05/16,川崎,晴,6,蔓薔薇賞(C3),12,2,2,64.3,8.0,8,新原周馬,53.0,ダ,1500.0,重,102.7,2.4,11-11-11-11,42.8,437.0,1.0,サンテルノ,
2018100713,ワンラヴ,2023/04/07,川崎,雨,12,ファイナルアンサー賞(C3),11,3,3,12.6,4.0,5,伊藤裕人,54.0,ダ,1500.0,稍,100.2,1.3,8-7-7-7,42.2,436.0,12.0,メリッソ,8.0
2018100713,ワンラヴ,2023/03/16,船橋,晴,2,C3四五,12,7,10,59.6,10.0,12,新原周馬,53.0,ダ,1200.0,良,80.0,1.8,11-11-10,40.7,424.0,-7.0,リュウノジャック,
2018100713,ワンラヴ,2023/03/02,川崎,曇,1,C3三四五(C3四),12,3,3,32.7,7.0,8,新原周馬,53.0,ダ,1400.0,良,95.7,1.3,11-11-11-11,42.6,431.0,3.0,ペララス,
2018100713,ワンラヴ,2022/12/14,川崎,晴,4,C3一二,12,1,1,13.3,6.0,8,櫻井光輔,54.0,ダ,1500.0,稍,102.6,2.1,9-7-10-8,42.6,428.0,3.0,ラムダ,
2018100713,ワンラヴ,2022/11/11,川崎,晴,8,C3一二三(C3二),12,7,10,5.2,3.0,2,櫻井光輔,54.0,ダ,1500.0,良,99.9,1.0,12-12-9-9,41.7,425.0,-3.0,スノートレイン,32.0
2018100713,ワンラヴ,2022/10/12,川崎,曇,7,ヤングジョッキーズT(C3),14,6,10,5.2,2.0,9,古岡勇樹,54.0,ダ,1500.0,重,101.1,1.8,12-12-14-10,41.9,428.0,-5.0,ダイスギミッチー,
2018100713,ワンラヴ,2022/09/16,川崎,晴,5,C3一二三(C3二),12,7,9,9.2,5.0,4,櫻井光輔,54.0,ダ,1400.0,良,93.2,0.7,9-10-10-8,40.5,433.0,1.0,ブルベアベージュ,12.0
2018100713,ワンラヴ,2022/08/28,川崎,曇,5,C3一二三(C3二),12,8,11,34.3,6.0,4,櫻井光輔,54.0,ダ,1400.0,稍,93.6,1.3,7-9-8-9,39.9,432.0,-4.0,ザベストデイ,12.0
2018100713,ワンラヴ,2022/08/02,川崎,晴,12,桔梗賞(C3),12,8,12,38.6,7.0,4,櫻井光輔,54.0,ダ,1400.0,良,93.0,2.5,6-6-8-5,39.2,436.0,-5.0,ミッキーレジェンド,12.0
2018100713,ワンラヴ,2022/04/06,川崎,晴,5,C2六七八(C2七),14,4,6,35.2,10.0,9,今野忠成,54.0,ダ,1500.0,重,99.1,1.5,7-8-8-8,41.0,441.0,1.0,シンキングポケット,
2018100713,ワンラヴ,2022/03/02,川崎,晴,12,2022川崎ジョッキ(C3),14,3,3,5.9,2.0,2,今野忠成,54.0,ダ,1500.0,良,97.9,0.2,5-4-4-3,40.4,440.0,3.0,ミッシーコルザ,36.0
2018100713,ワンラヴ,2022/01/31,川崎,晴,5,アストレア賞(C3),14,3,4,13.0,5.0,6,和田譲治,54.0,ダ,2000.0,良,137.3,1.0,7-6-8-8,41.6,437.0,2.0,シゲルエリス,
2018100713,ワンラヴ,2022/01/12,船橋,晴,5,C3二,8,1,1,11.0,6.0,6,伊藤裕人,54.5,ダ,1500.0,重,99.9,2.0,4-4-4-4,41.2,435.0,-3.0,アントーニオ,
2018100713,ワンラヴ,2022/01/06,川崎,雪,8,天照賞(C3),0,1,1,,,,和田譲治,54.0,ダ,2000.0,稍,,,,,437.0,-1.0,,
2018100713,ワンラヴ,2021/12/14,川崎,曇,9,鴛鴦特別(3歳),14,6,10,8.9,5.0,5,和田譲治,54.0,ダ,1500.0,重,96.8,0.9,10-10-9-6,40.0,438.0,11.0,ワンダーウォール,18.0
2018100713,ワンラヴ,2021/11/09,川崎,雨,2,ヴェロス特別(3歳),10,5,5,10.6,4.0,2,和田譲治,54.0,ダ,1400.0,不,92.8,1.0,7-8-7-3,40.4,427.0,-11.0,ドリームウィーバー,48.0
2018100713,ワンラヴ,2021/10/13,川崎,曇,4,ランチャ特別(3歳),11,8,10,8.6,5.0,7,山崎誠士,54.0,ダ,1400.0,稍,92.3,2.3,8-9-6-7,39.9,438.0,2.0,フジマサインパクト,
2018100713,ワンラヴ,2021/09/14,川崎,曇,2,3歳7,6,2,2,6.2,4.0,4,山崎誠士,54.0,ダ,1400.0,稍,92.3,0.6,5-5-5-4,39.4,436.0,6.0,ゴールドフレイバー,18.0
2018100713,ワンラヴ,2021/08/14,4小倉1,雨,6,3歳未勝利,16,8,15,110.7,14.0,6,秋山真一,54.0,ダ,1700.0,不,106.8,1.3,15-15-15-13,38.2,430.0,10.0,リーベサンライズ,
2018100713,ワンラヴ,2021/05/29,3中京7,晴,1,3歳未勝利,15,3,5,6.2,4.0,14,松山弘平,54.0,ダ,1800.0,稍,118.1,4.9,6-8-6-6,43.1,420.0,-2.0,ベゼドランジュ,
2018100713,ワンラヴ,2021/05/09,2新潟2,曇,1,3歳未勝利,15,3,5,109.7,12.0,5,秋山真一,54.0,ダ,1800.0,良,116.0,0.9,13-13-13-13,39.0,422.0,0.0,レスプロンディール,51.0
2018100713,ワンラヴ,2021/04/17,1新潟3,小雨,6,3歳未勝利,16,7,13,57.8,11.0,10,秋山真一,54.0,芝,2000.0,稍,124.4,1.6,16-15-13-14,37.2,422.0,0.0,セイウンゴールド,
2022103903,オトコユメラク,2026/07/10,川崎,晴,8,コンコルディア賞(C2C3),7,3,3,16.6,4.0,5.0,増田充宏,55.0,ダ,2000.0,良,140.0,1.7,6-5-4-5,39.5,472.0,-1.0,エルキーオ,15.0
2022103903,オトコユメラク,2026/06/19,川崎,曇,12,ファイナルアンサー賞(C2),13,2,2,11.0,4.0,5.0,増田充宏,56.0,ダ,1500.0,重,100.1,0.6,7-7-8-7,41.2,473.0,0.0,ユウユウスプレマン,10.0
2022103903,オトコユメラク,2026/05/15,川崎,晴,12,ファイナルアンサー賞(C2),14,7,11,44.6,10.0,6.0,増田充宏,56.0,ダ,1500.0,良,99.7,1.6,13-12-13-12,40.1,473.0,-5.0,ボルダーオパール,
2022103903,オトコユメラク,2026/04/08,川崎,晴,6,夢見ヶ崎賞(C2),12,6,8,143.6,10.0,10.0,増田充宏,56.0,ダ,1400.0,稍,94.8,1.4,8-8-11-7,40.9,478.0,7.0,サウスオブロンドン,
2022103903,オトコユメラク,2025/11/17,川崎,晴,8,エウプロシュネー賞(C2),14,4,5,38.6,8.0,13.0,Ｍ．ミシ,54.0,ダ,2000.0,良,142.1,4.6,11-11-13-13,43.9,471.0,1.0,ピースウォリアー,
2022103903,オトコユメラク,2025/10/15,川崎,雨,7,和田塚賞(C2),14,2,2,202.6,14.0,7.0,増田充宏,56.0,ダ,2000.0,稍,137.1,0.6,9-9-12-10,42.8,470.0,7.0,カネトシシュキン,
2022103903,オトコユメラク,2025/09/11,川崎,雨,2,ステッラ賞(3歳),0,5,6,,,,増田充宏,56.0,ダ,1400.0,稍,,,,,465.0,2.0,,
2022103903,オトコユメラク,2025/08/22,川崎,晴,2,鶫賞(3歳),12,8,12,128.1,10.0,12.0,増田充宏,56.0,ダ,1500.0,良,102.2,4.0,7-8-9-11,44.3,463.0,-3.0,ポッドソル,
2022103903,オトコユメラク,2025/08/08,川崎,晴,7,翡翠賞(3歳),10,2,2,249.4,10.0,6.0,加藤雄真,53.0,ダ,1500.0,良,100.4,1.4,7-7-9-9,42.8,466.0,2.0,ノーブルクリード,
2022103903,オトコユメラク,2025/07/10,川崎,晴,1,燕賞(3歳),12,5,6,188.3,10.0,7.0,池谷匠翔,56.0,ダ,1400.0,良,95.0,3.2,7-7-6-9,42.7,464.0,-5.0,タイセイフランク,
2022103903,オトコユメラク,2025/06/16,川崎,晴,4,郭公賞(3歳),11,6,7,27.1,7.0,7.0,山崎誠士,56.0,ダ,1400.0,重,95.2,2.4,8-8-11-10,41.9,469.0,-7.0,クリスタルアロー,
2022103903,オトコユメラク,2025/05/12,川崎,曇,1,リュフトヒエン賞(3歳),12,5,5,20.6,7.0,10.0,山崎誠士,56.0,ダ,900.0,重,58.0,1.3,10-11,39.3,476.0,10.0,ゴールドサイカ,
2022103903,オトコユメラク,2024/12/09,川崎,晴,4,スパイダー賞(2歳),11,1,1,9.0,4.0,10.0,山崎誠士,55.0,ダ,1500.0,良,103.0,3.3,10-8-11-11,44.6,466.0,6.0,アーサ,
2022103903,オトコユメラク,2024/11/11,川崎,曇,2,2歳6,7,7,7,2.6,2.0,1.0,山崎誠士,55.0,ダ,1400.0,稍,94.0,-0.1,3-3-2-2,40.6,460.0,-4.0,(ブレイブルイーズ),200.0
2022103903,オトコユメラク,2024/10/11,川崎,晴,1,スパーキングデビュー(2歳),5,5,5,10.3,3.0,5.0,Ｍ．ミシ,53.0,ダ,1400.0,重,96.5,2.5,3-4-3-4,41.1,464.0,0.0,ラブソングサガシテ,40.0
2022104025,ベルバルト,2026/07/07,川崎,曇,7,稲魂賞(C2),12,2,2,57.6,7.0,7,新原周馬,56.0,ダ,900.0,重,56.5,1.0,10-9,38.4,451.0,-4.0,スレヒトゥヴアルク,
2022104025,ベルバルト,2026/05/11,川崎,晴,7,雷響賞(C2),12,5,6,8.2,4.0,9,野畑凌,56.0,ダ,900.0,良,57.4,2.8,9-9,38.4,455.0,4.0,エースクイーン,
2022104025,ベルバルト,2026/04/10,川崎,雨,7,界雷賞(C2),11,7,9,12.2,5.0,5,伊藤裕人,56.0,ダ,900.0,重,56.0,0.7,6-7,37.6,451.0,2.0,ダッシングマン,10.0
2022104025,ベルバルト,2026/03/02,川崎,曇,9,天雷賞(C2),11,1,1,22.9,6.0,5,伊藤裕人,56.0,ダ,900.0,稍,56.9,0.6,11-6,38.0,449.0,-3.0,ヒューマンライツ,10.0
2022104025,ベルバルト,2026/02/04,川崎,晴,7,C2四五,12,8,11,5.6,4.0,12,伊藤裕人,56.0,ダ,1400.0,良,95.3,2.7,3-3-3-11,44.2,452.0,3.0,タイセイアダマス,
2022104025,ベルバルト,2026/01/02,川崎,晴,7,双六賞(C2),14,2,2,13.6,4.0,5,伊藤裕人,56.0,ダ,1400.0,稍,93.4,1.0,8-8-9-8,40.2,449.0,2.0,ニシノババンギタ,10.0
2022104025,ベルバルト,2025/12/18,川崎,晴,5,C2五六七(C2六),12,6,8,9.1,4.0,6,伊藤裕人,56.0,ダ,1400.0,稍,94.4,1.8,9-12-1-3,42.2,447.0,-6.0,ヒロイックバイオ,
2022104025,ベルバルト,2025/11/19,川崎,晴,6,C2三四五(C2四),12,8,12,2.5,2.0,9,御神本訓,56.0,ダ,1400.0,良,94.9,2.1,8-11-10-10,41.1,453.0,11.0,ヴィヴィッドムーン,
2022104025,ベルバルト,2025/06/11,大井,雨,3,3歳五六七(3歳六),13,3,4,6.6,2.0,9,Ｒ．クア,56.0,ダ,1200.0,重,75.6,2.0,7-6,39.5,442.0,-5.0,マジシャンガール,
2022104025,ベルバルト,2025/05/21,大井,晴,4,3歳七八九(3歳八),12,1,1,2.3,1.0,5,Ｒ．クア,56.0,ダ,1400.0,稍,90.6,0.8,2-3-3,40.8,447.0,1.0,エスプリワールド,18.0
2022104025,ベルバルト,2025/04/29,大井,晴,5,3歳十1112(3歳11),14,4,5,3.2,2.0,2,Ｒ．クア,56.0,ダ,1400.0,重,88.6,0.3,2-3-2,38.7,446.0,0.0,トワイライト,72.0
2022104025,ベルバルト,2024/12/26,大井,晴,5,2歳九十,11,5,5,1.6,1.0,2,笹川翼,55.0,ダ,1400.0,良,90.2,0.0,11-8-7,38.5,446.0,-1.0,ミクニマイティー,120.0
2022104025,ベルバルト,2024/12/01,大井,晴,3,2歳新馬(新馬),9,4,4,4.8,3.0,3,笹川翼,55.0,ダ,1400.0,良,89.4,1.9,7-6-5,38.0,447.0,0.0,ヘニングセン,112.5
2022101150,ヴァッツマン,2026/07/07,川崎,曇,8,キャビア賞(C2),11,2,2,54.3,7.0,6,佐野遥久,56.0,ダ,1500.0,重,98.9,1.4,10-10-10-10,39.9,492.0,0.0,ホウヨウムーン,
2022101150,ヴァッツマン,2026/06/16,川崎,晴,8,ソルスティツィオ賞(C2),10,7,8,39.4,6.0,4,佐野遥久,56.0,ダ,1500.0,稍,99.2,1.1,10-10-9-9,40.6,492.0,-6.0,ハヤブサアポチャン,22.5
2022101150,ヴァッツマン,2026/06/01,船橋,晴,12,タマシギ特別(C2),14,5,8,94.4,10.0,4,佐野遥久,56.0,ダ,1600.0,良,105.3,1.1,14-14-14-13,39.6,498.0,-6.0,ゴールドブリーダー,22.5
2022101150,ヴァッツマン,2026/05/13,川崎,晴,6,ワルキューレ賞(C2),14,6,10,76.9,12.0,13,藤本現暉,56.0,ダ,2000.0,良,137.7,1.9,8-8-12-14,41.9,504.0,-1.0,ダイゴホマレリュウ,
2022101150,ヴァッツマン,2026/04/06,川崎,晴,6,C2一二,12,5,5,36.7,7.0,8,藤本現暉,56.0,ダ,1400.0,重,93.6,2.2,10-10-10-10,40.1,505.0,1.0,ヴィトーリアヘーザ,
2022101150,ヴァッツマン,2026/03/02,川崎,曇,4,C2一二,10,8,10,9.7,4.0,6,本田正重,56.0,ダ,1400.0,稍,93.5,1.6,8-9-10-10,39.3,504.0,1.0,アムリタ,
2022101150,ヴァッツマン,2026/01/02,川崎,晴,8,独楽回し賞(C2),13,5,7,22.6,6.0,8,本田正重,56.0,ダ,1500.0,稍,99.8,1.6,12-12-12-11,39.9,503.0,-7.0,タマモクリーガー,
2022101150,ヴァッツマン,2025/12/17,川崎,晴,6,C2三四,12,5,5,36.1,6.0,3,町田直希,56.0,ダ,1400.0,稍,93.3,1.0,10-11-11-11,39.0,510.0,18.0,ソリスディエス,20.0
2022101150,ヴァッツマン,2025/04/10,川崎,曇,4,頬白賞(3歳),10,8,10,35.6,9.0,8,町田直希,56.0,ダ,1500.0,稍,100.0,1.1,6-7-6-7,41.9,492.0,4.0,ナートゥ,
2022101150,ヴァッツマン,2025/03/17,浦和,晴,5,3歳二,11,6,8,8.2,3.0,7,町田直希,56.0,ダ,1400.0,不,90.0,2.1,11-11-9-9,39.1,488.0,-2.0,モーニングタンポポ,
2022101150,ヴァッツマン,2025/03/05,川崎,雨,9,マーチフラワー賞(3歳),10,7,8,47.4,9.0,6,町田直希,56.0,ダ,1600.0,不,108.4,2.9,10-10-10-9,40.4,490.0,0.0,コスモコンフェルマ,
2022101150,ヴァッツマン,2025/02/07,川崎,晴,5,オラージュ賞(3歳),14,7,12,48.9,8.0,10,御神本訓,56.0,ダ,1500.0,良,99.4,2.1,12-12-13-13,40.7,490.0,-2.0,ソイラテ,
2022101150,ヴァッツマン,2025/01/01,川崎,晴,11,初夢賞(3歳),12,7,10,30.9,9.0,11,御神本訓,56.0,ダ,1600.0,良,109.1,1.1,7-7-5-7,42.1,492.0,6.0,アーサ,
2022101150,ヴァッツマン,2024/12/13,川崎,曇,4,ジングルベル賞(2歳),9,7,7,21.9,6.0,6,町田直希,55.0,ダ,1500.0,良,99.5,1.4,7-7-6-6,40.9,486.0,6.0,エレファントラン,
2022101150,ヴァッツマン,2024/09/04,川崎,晴,1,2歳4,9,1,1,2.3,1.0,1,町田直希,54.0,ダ,1400.0,重,94.2,-0.2,9-9-1-2,41.5,480.0,3.0,(フォギーレーン),200.0
2022101150,ヴァッツマン,2024/07/26,川崎,晴,6,スパーキングデビュー(2歳),5,1,1,1.9,1.0,2,御神本訓,54.0,ダ,1400.0,良,94.4,0.2,5-5-4-3,39.8,477.0,0.0,ダガーリング,168.0
2022102643,リンテンリュウ,2026/07/06,川崎,曇,2,C3一二,8,1,1,3.9,2.0,4,櫻井光輔,54.0,ダ,1400.0,重,93.5,0.7,6-7-7-6,40.2,499.0,3.0,アスクアーバンシー,12.0
2022102643,リンテンリュウ,2026/06/18,川崎,曇,6,C2五,12,8,12,25.9,6.0,2,櫻井光輔,54.0,ダ,1400.0,重,92.1,0.5,8-9-9-6,39.6,496.0,-7.0,パーティーキング,40.0
2022102643,リンテンリュウ,2026/05/14,川崎,晴,4,C2五六,12,7,10,37.3,8.0,6,佐野遥久,54.0,ダ,1400.0,良,93.7,1.1,5-5-4-7,40.5,503.0,5.0,ウインプリームス,
2022102643,リンテンリュウ,2026/04/09,川崎,晴,5,C2七,12,5,6,51.6,6.0,3,池谷匠翔,54.0,ダ,1400.0,稍,93.6,1.0,2-3-1-1,40.8,498.0,10.0,トンヤイビーン,25.0
2022102643,リンテンリュウ,2026/03/13,船橋,曇,4,C2七八九イ(C2八),9,1,1,76.6,7.0,3,町田直希,54.0,ダ,1200.0,良,77.6,1.0,4-4-4,38.8,488.0,-10.0,ジャストキングダム,25.0
2022102643,リンテンリュウ,2026/03/04,川崎,曇,3,C2七,12,4,4,69.8,10.0,9,田中涼,54.0,ダ,1400.0,不,94.7,3.1,7-11-6-8,41.6,498.0,-1.0,ゼンダントモニ,
2022102643,リンテンリュウ,2026/02/06,川崎,晴,8,C2八,12,4,4,107.3,11.0,7,岡村健司,54.0,ダ,1400.0,良,94.1,1.5,4-4-5-6,42.4,499.0,5.0,ガウラサンダー,
2022102643,リンテンリュウ,2026/01/02,川崎,晴,4,凧揚げ賞(C2),12,3,3,18.7,6.0,9,新原周馬,54.0,ダ,900.0,稍,57.1,1.6,11-9,38.2,494.0,0.0,プレストヴィーナス,
2022102643,リンテンリュウ,2025/12/18,川崎,晴,3,クロシェット賞(3歳),12,2,2,32.9,6.0,5,新原周馬,54.0,ダ,900.0,稍,56.7,0.9,9-8,38.0,494.0,1.0,ファイブエム,12.0
2022102643,リンテンリュウ,2025/11/19,川崎,晴,3,四十雀賞(3歳),12,8,12,19.4,5.0,10,佐野遥久,53.0,ダ,1500.0,良,101.3,3.4,3-3-3-3,43.6,493.0,-6.0,オルペラー,
2022102643,リンテンリュウ,2025/10/29,浦和,晴,1,浦和800ラウンド(3歳),11,1,1,2.9,1.0,4,野畑凌,54.0,ダ,800.0,稍,48.8,1.4,2-2,36.1,499.0,3.0,キャストライトオン,24.0
2022102643,リンテンリュウ,2025/10/15,川崎,曇,2,大町賞(3歳),10,5,5,6.9,4.0,6,野畑凌,54.0,ダ,1400.0,稍,94.2,1.1,1-2-2-1,42.4,496.0,19.0,エスパノーラ,
2022102643,リンテンリュウ,2025/06/11,園田,曇,9,3歳C1一,10,2,2,19.7,6.0,3,廣瀬航,55.0,ダ,1400.0,不,92.8,1.3,5-5-5-4,41.3,477.0,6.0,ニンカリ,20.0
2022102643,リンテンリュウ,2025/05/22,園田,曇,6,3歳C1,10,8,10,36.3,6.0,4,廣瀬航,55.0,ダ,1400.0,稍,93.5,1.1,4-4-3-4,40.1,471.0,-5.0,ヴァラドン,12.0
2022102643,リンテンリュウ,2025/04/24,園田,晴,4,紫合7ハロン3歳C1,12,5,6,9.3,4.0,5,小牧太,55.0,ダ,1400.0,稍,94.8,1.0,5-7-8-8,42.5,476.0,7.0,シバノストムキット,8.0
2022102643,リンテンリュウ,2025/04/03,園田,晴,7,レジェンド予想会配信(C1),8,8,9,1.6,1.0,2,吉村智洋,55.0,ダ,1400.0,良,93.8,0.0,2-2-1-1,40.1,469.0,-7.0,ブラックチョコ,32.0
2022102643,リンテンリュウ,2025/03/12,園田,曇,3,3歳C1,12,8,11,17.4,4.0,2,廣瀬航,54.0,ダ,1400.0,重,94.0,0.3,3-3-4-4,41.1,476.0,-1.0,リジェネレーション,28.0
2022102643,リンテンリュウ,2025/02/26,姫路,晴,4,皆河7.5ハロン3歳(C1),12,3,3,140.2,11.0,5,大山真吾,54.0,ダ,1500.0,良,102.1,0.6,10-10-11-10,41.4,477.0,-10.0,ペプチドシナノ,4.0
2022102643,リンテンリュウ,2024/11/26,園田,曇,3,2歳未勝利一,10,7,7,126.9,9.0,9,杉浦健太,54.0,ダ,1400.0,良,95.0,1.7,10-10-9-10,40.8,487.0,6.0,ニンカリ,
2022102643,リンテンリュウ,2024/11/06,園田,晴,2,2歳未勝利二,10,7,8,3.8,2.0,5,杉浦健太,54.0,ダ,1400.0,稍,96.2,0.9,8-8-8-7,42.5,481.0,-1.0,フェーングランツ,8.0
2022102643,リンテンリュウ,2024/10/11,園田,晴,2,2歳未勝利二,7,5,5,1.7,1.0,4,杉浦健太,54.0,ダ,1230.0,良,83.7,0.5,5-6-3-3,40.4,482.0,3.0,ワンライトサン,12.0
2022102643,リンテンリュウ,2024/09/18,園田,晴,2,NewBeginni(初出),5,1,1,15.5,5.0,4,杉浦健太,54.0,ダ,820.0,良,52.5,1.3,4-4,37.4,479.0,0.0,カナールドーロ,37.5
2022101472,メイショウサノサ,2026/07/16,浦和,曇,12,夏帽子特別(C2),12,7,9,130.5,12.0,12,中山遥人,53.0,ダ,2000.0,良,136.0,4.9,10-10-12-12,41.5,457.0,-3.0,メイショウフソウ,
2022101472,メイショウサノサ,2026/06/24,浦和,曇,12,両神山特別(C1C2),12,1,1,99.3,10.0,11,福原杏,53.0,ダ,2000.0,稍,136.1,3.6,8-9-10-11,41.2,460.0,3.0,ソレイケドンチャン,
2022101472,メイショウサノサ,2026/05/27,浦和,曇,12,カーネーション特別(C2),11,8,12,60.7,9.0,7,福原杏,54.0,ダ,2000.0,良,135.0,1.6,6-6-6-7,40.0,457.0,3.0,ホットエンペラー,
2022101472,メイショウサノサ,2026/05/05,船橋,晴,12,2026Jockey(C2),13,7,11,215.8,13.0,11,木間塚龍,54.0,ダ,1800.0,良,123.2,4.7,8-7-5-11,45.4,454.0,-4.0,ラファエラエンゼル,
2022101472,メイショウサノサ,2026/04/23,浦和,雨,8,牡牛座特別(C2),11,8,10,264.1,11.0,11,及川烈,54.0,ダ,1500.0,良,100.0,4.1,11-11-11-11,40.1,458.0,11.0,グレイスカリヨン,
2022101472,メイショウサノサ,2026/03/05,川崎,晴,5,アトロポス賞(C2C3),11,6,8,203.5,11.0,10,岡村裕基,55.0,ダ,2000.0,重,140.3,3.8,8-9-7-10,44.0,447.0,0.0,イモルテル,
2022101472,メイショウサノサ,2026/02/06,川崎,晴,9,インディ賞(C2),13,7,11,253.3,12.0,12,服部茂史,54.0,ダ,1600.0,良,109.5,4.0,10-12-9-11,42.7,447.0,6.0,アイビーガオー,
2022101472,メイショウサノサ,2026/01/03,川崎,晴,9,七福神特別(C1C2),14,8,14,130.6,10.0,12,岡村裕基,53.0,ダ,2000.0,稍,139.8,5.6,7-9-10-13,44.3,441.0,1.0,オウケンデューク,
2022101472,メイショウサノサ,2025/12/16,川崎,晴,7,アストレア賞(C2),14,8,13,5.8,3.0,14,岡村裕基,54.0,ダ,2000.0,重,141.0,3.3,12-12-11-13,42.8,440.0,-1.0,ファイヤーボール,
2022101472,メイショウサノサ,2025/11/28,浦和,晴,8,トパーズ特別(C2),11,6,7,2.1,1.0,2,中山遥人,52.0,ダ,2000.0,良,135.8,0.2,10-7-4-2,41.7,441.0,-6.0,サマーストーリー,60.0
2022101472,メイショウサノサ,2025/10/31,浦和,雨,10,小春特別(C2C3),12,5,5,1.9,2.0,2,中山遥人,52.0,ダ,2000.0,稍,135.6,0.6,9-10-8-5,39.8,447.0,1.0,キングブルズアイズ,60.0
2022101472,メイショウサノサ,2025/09/23,浦和,晴,8,秋の空特別(3歳),12,6,7,3.5,2.0,3,中山遥人,51.0,ダ,2000.0,良,133.1,0.4,11-12-4-4,38.7,446.0,12.0,デーレーチョップ,50.0
2022101472,メイショウサノサ,2025/08/16,3中京7,晴,3,3歳未勝利,18,7,13,66.3,10.0,18,酒井学,55.0,芝,2200.0,良,134.7,2.3,17-16-16-17,35.5,434.0,-2.0,テレプシコーラ,
2022101472,メイショウサノサ,2025/07/19,2小倉7,晴,3,3歳未勝利,18,5,10,32.3,7.0,11,酒井学,55.0,芝,2000.0,稍,124.0,1.2,8-9-10-14,37.5,436.0,4.0,ドマーネ,
2022101472,メイショウサノサ,2025/06/29,2小倉2,晴,3,3歳未勝利,16,2,4,21.6,7.0,2,酒井学,55.0,芝,2600.0,良,164.5,0.1,9-9-6-6,36.0,432.0,12.0,サンライズロジャー,220.0
2022101472,メイショウサノサ,2025/04/19,1福島3,晴,3,3歳未勝利,16,4,8,233.9,15.0,9,加藤祥太,55.0,芝,2600.0,良,162.7,1.4,12-11-9-8,36.6,420.0,-8.0,ブリヤディアマンテ,
2022101472,メイショウサノサ,2025/03/29,2阪神1,晴,5,3歳未勝利,15,2,3,342.7,14.0,9,加藤祥太,55.0,芝,2000.0,良,123.7,1.3,11-8-10-10,36.0,428.0,12.0,ディスパラール,
2022101472,メイショウサノサ,2025/01/12,1中京4,曇,6,3歳未勝利,18,8,18,459.9,17.0,12,加藤祥太,55.0,芝,2000.0,良,124.1,2.5,14-14-12-10,38.4,416.0,-6.0,レーゼドラマ,
2022101472,メイショウサノサ,2024/12/14,7京都5,曇,7,2歳未勝利,18,3,5,453.4,17.0,11,加藤祥太,55.0,芝,1800.0,良,109.2,1.6,13-11,36.2,422.0,2.0,パラディレーヌ,
2022101472,メイショウサノサ,2024/09/15,3中京4,曇,4,2歳新馬,9,8,9,102.2,9.0,8,加藤祥太,55.0,ダ,1800.0,重,116.9,3.0,7-8-9-9,40.9,420.0,0.0,キタノサワヤカ,
2020110117,ララロワデザニモー,2025/12/17,川崎,晴,8,光の戦士賞(C1),11,8,10,1.2,1.0,1,矢野貴之,56.0,ダ,900.0,稍,54.6,-0.9,1-1,37.3,525.0,4.0,(パラソーレ),120.0
2020110117,ララロワデザニモー,2025/11/21,川崎,晴,6,雷文賞(C2),11,4,4,1.1,1.0,1,矢野貴之,56.0,ダ,900.0,良,55.1,-0.9,1-1,37.2,521.0,-1.0,(コトノサンショ),100.0
2020110117,ララロワデザニモー,2025/10/16,川崎,曇,4,迅雷賞(C2),12,7,10,2.4,1.0,1,矢野貴之,56.0,ダ,900.0,重,54.4,-1.5,1-1,37.0,522.0,5.0,(ボイド),100.0
2020110117,ララロワデザニモー,2025/04/07,川崎,晴,9,イースター賞(C2),12,4,4,1.4,1.0,2,矢野貴之,56.0,ダ,1400.0,稍,93.5,0.1,4-4-5-2,39.3,517.0,3.0,シントーキズナ,60.0
2020110117,ララロワデザニモー,2025/03/04,川崎,曇,6,C2三四五(C2四),11,4,4,2.1,1.0,2,矢野貴之,56.0,ダ,1400.0,不,92.1,0.4,4-4-4-3,39.3,514.0,4.0,ダンデライオン,40.0
2020110117,ララロワデザニモー,2025/02/06,川崎,晴,5,C2六七八(C2七),12,8,12,1.3,1.0,1,矢野貴之,56.0,ダ,1400.0,良,92.7,-0.8,4-5-4-4,39.4,510.0,-4.0,(ユウキヒャクバイ),100.0
2020110117,ララロワデザニモー,2025/01/04,川崎,晴,4,鏡餅賞(C3),13,6,9,1.5,1.0,1,矢野貴之,56.0,ダ,1400.0,良,92.3,-0.7,4-2-2-2,40.6,514.0,-2.0,(ユウキヒャクバイ),120.0
2020110117,ララロワデザニモー,2024/12/13,川崎,曇,5,ジンジャー賞(C3),12,7,9,1.9,1.0,1,矢野貴之,56.0,ダ,1400.0,良,92.7,-1.3,2-1-2-2,40.4,516.0,-4.0,(キーファイン),120.0
2020110117,ララロワデザニモー,2024/09/03,川崎,曇,6,C3三四,12,5,5,1.0,1.0,5,矢野貴之,56.0,ダ,1400.0,重,97.5,2.3,1-1-1-1,44.7,520.0,1.0,メガミリオン,8.0
2020110117,ララロワデザニモー,2024/08/05,川崎,晴,5,C3五六,11,1,1,1.1,1.0,1,矢野貴之,56.0,ダ,1400.0,良,93.2,-2.0,1-1-1-1,39.7,519.0,1.0,(トリニタリアニズム),80.0
2020110117,ララロワデザニモー,2024/07/23,川崎,晴,5,C3五六,12,1,1,1.7,1.0,1,矢野貴之,56.0,ダ,1400.0,稍,92.2,-1.1,1-1-1-1,39.7,518.0,19.0,(サヨノミニスター),80.0
2020110117,ララロワデザニモー,2024/03/12,川崎,雨,6,C3五六,12,7,9,4.5,3.0,2,矢野貴之,56.0,ダ,1400.0,稍,94.3,0.1,1-1-2-2,41.5,499.0,-26.0,カモンベイビー,32.0
2020110117,ララロワデザニモー,2024/01/31,川崎,晴,3,C3六七八(C3七),9,5,5,,,取,矢野貴之,56.0,ダ,1400.0,良,,,,,,,ニジトタルト,
2020110117,ララロワデザニモー,2024/01/01,川崎,晴,4,福袋賞(C3),11,3,3,21.6,5.0,11,本田紀忠,56.0,ダ,1400.0,良,97.6,3.2,7-7-7-10,44.1,525.0,0.0,ケンブリッジウィズ,
2020100356,リラスカイ,2026/07/08,川崎,晴,3,C2三四,10,5,5,64.6,8.0,7,佐藤翔馬,51.0,ダ,1400.0,稍,93.6,2.0,9-9-8-9,40.6,469.0,-3.0,シェナベスト,
2020100356,リラスカイ,2026/06/16,川崎,晴,5,C2一二,12,8,12,67.0,9.0,11,佐野遥久,54.0,ダ,1400.0,稍,94.3,2.6,8-9-10-10,42.0,472.0,-1.0,ライヴバフィ,
2020100356,リラスカイ,2026/05/25,浦和,晴,6,C2三四,11,1,1,11.4,5.0,8,佐野遥久,54.0,ダ,1500.0,稍,99.2,1.7,7-8-7-6,39.9,473.0,-2.0,グラッツェ,
2020100356,リラスカイ,2026/05/12,川崎,晴,7,C2三四,12,6,8,22.6,5.0,5,佐野遥久,54.0,ダ,1400.0,良,93.0,1.4,6-5-4-3,41.1,475.0,11.0,オリコウパラダイス,10.0
2020100356,リラスカイ,2026/04/20,浦和,晴,6,5月1日ヌゥハッピー(C2),11,3,3,29.7,6.0,3,佐野遥久,54.0,ダ,1400.0,良,90.7,1.9,8-8-8-3,38.4,464.0,1.0,ジーティースワット,25.0
2020100356,リラスカイ,2026/04/07,川崎,曇,5,C2三四,12,8,11,16.1,5.0,7,佐野遥久,53.0,ダ,1400.0,重,94.1,2.1,9-10-6-7,40.8,463.0,0.0,ゼンダントモニ,
2020100356,リラスカイ,2026/03/18,浦和,曇,5,幸手権現堂桜堤賞(C2),8,1,1,11.0,6.0,2,佐野遥久,53.0,ダ,1400.0,良,90.9,0.2,4-4-4-3,38.9,463.0,2.0,トウカイディアマン,40.0
2020100356,リラスカイ,2026/03/05,川崎,晴,6,C2五六,11,7,9,48.8,6.0,10,加藤雄真,51.0,ダ,1400.0,重,95.0,2.3,10-9-8-8,40.5,461.0,-7.0,ハヤブサアポチャン,
2020100356,リラスカイ,2025/09/08,川崎,晴,10,マイアミ賞(C2),10,5,5,19.8,6.0,5,佐野遥久,53.0,ダ,1400.0,稍,94.0,1.5,9-10-9-9,41.1,468.0,3.0,ベリーク,15.0
2020100356,リラスカイ,2025/08/26,川崎,晴,12,ファイナルアンサー賞(C2),12,5,6,3.9,3.0,1,佐野遥久,53.0,ダ,1400.0,良,93.2,0.0,5-5-5-3,40.8,465.0,-5.0,(ラプラタ),100.0
2020100356,リラスカイ,2025/08/05,川崎,晴,7,C2四五六(C2五),8,6,6,21.7,6.0,6,櫻井光輔,54.0,ダ,1400.0,良,93.4,2.6,4-3-3-5,40.8,470.0,3.0,ショウナンマンテン,
2020100356,リラスカイ,2025/07/07,川崎,晴,9,稲光賞(C2),12,5,6,31.5,8.0,11,町田直希,54.0,ダ,900.0,良,56.8,1.8,8-9,38.2,467.0,0.0,ピオニエーレ,
2020100356,リラスカイ,2025/06/16,川崎,晴,8,風神賞(C2),12,5,5,24.1,6.0,9,山崎誠士,54.0,ダ,900.0,重,57.0,1.3,5-4,39.0,467.0,-9.0,グレッソネイ,
2020100356,リラスカイ,2025/05/12,川崎,曇,7,雷響賞(C2),11,3,3,9.6,5.0,3,山崎誠士,54.0,ダ,900.0,重,56.5,1.2,7-5,38.4,476.0,0.0,ワインワインレッド,25.0
2020100356,リラスカイ,2025/04/07,川崎,晴,8,界雷賞(C2),11,5,6,10.1,5.0,4,山崎誠士,54.0,ダ,900.0,稍,56.9,0.3,6-5,38.2,476.0,1.0,アイアムカチマショ,15.0
2020100356,リラスカイ,2025/03/03,川崎,雨,7,天雷賞(C2),9,2,2,6.9,3.0,6,山崎誠士,54.0,ダ,900.0,重,56.7,0.8,4-3,38.6,475.0,-1.0,ミスサン,
2020100356,リラスカイ,2024/10/11,川崎,晴,8,迅雷賞(C2),11,7,9,7.8,4.0,2,山崎誠士,54.0,ダ,900.0,重,56.3,0.2,2-2,38.2,476.0,2.0,プレストヴィーナス,40.0
2020100356,リラスカイ,2024/09/03,川崎,曇,9,激雷賞(C2),12,7,9,6.9,3.0,5,山崎誠士,54.0,ダ,900.0,重,57.5,1.8,8-8,38.8,474.0,1.0,ウィンザーロア,10.0
2020100356,リラスカイ,2024/08/06,川崎,曇,7,雷帝賞(C2),12,8,11,8.4,5.0,4,山崎誠士,54.0,ダ,900.0,良,56.6,1.3,6-6,38.1,473.0,-3.0,シゲルアレグリア,15.0
2020100356,リラスカイ,2024/07/23,川崎,晴,7,雷鳴賞(C2),12,3,3,22.0,6.0,4,山崎誠士,54.0,ダ,900.0,稍,55.7,0.7,8-7,37.8,476.0,-2.0,ニシノタメチカ,15.0
2020100356,リラスカイ,2024/07/01,川崎,雨,6,稲光賞(C2),11,6,7,33.4,5.0,5,山崎誠士,54.0,ダ,900.0,重,57.2,1.6,7-7,39.0,478.0,23.0,ディーズルージュ,10.0
2020100356,リラスカイ,2024/04/05,川崎,曇,8,光速賞(C1),12,3,3,20.6,7.0,11,和田譲治,54.0,ダ,900.0,重,57.2,1.5,10-7,38.8,455.0,-1.0,キタノトパーズ,
2020100356,リラスカイ,2024/03/11,川崎,晴,9,これからも「遊びを、(C1),12,7,9,3.3,1.0,11,和田譲治,54.0,ダ,900.0,良,58.1,1.7,5-7,40.3,456.0,1.0,サツキスカイ,
2020100356,リラスカイ,2024/02/01,川崎,晴,5,渦雷賞(C2),12,5,5,4.8,3.0,2,和田譲治,54.0,ダ,900.0,良,56.1,0.3,7-3,38.2,455.0,7.0,コイニオチテ,40.0
2020100356,リラスカイ,2023/12/04,大井,晴,10,こいぬ座特別競走(C1C2),10,7,8,5.1,3.0,7,和田譲治,55.0,ダ,1000.0,良,63.5,2.1,3-2,39.4,448.0,-13.0,ガンバルチャン,
2020100356,リラスカイ,2023/11/15,大井,曇,9,BOKUJOB賞(C1),11,7,9,1.8,1.0,9,和田譲治,54.0,ダ,1200.0,良,77.0,1.9,3-3,39.8,461.0,7.0,カヴァス,
2020100356,リラスカイ,2023/02/12,2小倉2,晴,3,3歳未勝利,14,5,8,2.1,1.0,4,浜中俊,54.0,ダ,1000.0,重,58.9,0.6,3-3,36.3,454.0,-6.0,ミッキースピナッチ,83.0
2020100356,リラスカイ,2022/12/18,5中山6,晴,1,2歳未勝利,16,2,3,1.8,1.0,3,戸崎圭太,54.0,ダ,1200.0,稍,72.6,0.6,1-1,38.1,460.0,4.0,グッドロマンス,130.0
2020100356,リラスカイ,2022/12/03,5中山1,曇,6,2歳新馬,16,8,15,10.3,5.0,2,戸崎圭太,54.0,ダ,1200.0,良,72.9,0.0,1-1,37.8,456.0,0.0,ラックスアットゼア,280.0
2019103310,モンテジュエル,2026/07/14,浦和,晴,2,C3選抜馬ア,12,3,3,5.5,4.0,2,澤田龍哉,54.0,ダ,800.0,良,47.6,0.6,2-3,35.4,448.0,-5.0,ポアゾンシーザー,32.0
2019103310,モンテジュエル,2026/07/02,船橋,曇,5,アヤメスプリント(C2),11,3,3,77.4,9.0,4,岡村健司,54.0,ダ,1200.0,不,77.1,0.8,1-1-1,40.5,453.0,1.0,オオデンタ,22.5
2019103310,モンテジュエル,2026/06/15,川崎,曇,4,ハヤブサ賞(C3),11,8,10,1.7,1.0,1,澤田龍哉,54.0,ダ,900.0,重,56.4,-0.4,1-1,38.2,452.0,-4.0,(ルリール),80.0
2019103310,モンテジュエル,2026/06/02,船橋,曇,8,ムササビダッシュ(C2C3),14,3,4,15.3,5.0,9,高橋利幸,53.0,ダ,1000.0,良,63.4,1.6,7-9,39.2,456.0,8.0,キャストライトオン,
2019103310,モンテジュエル,2026/05/26,浦和,曇,2,浦和800ラウンド(C3),12,7,9,1.5,1.0,2,和田譲治,54.0,ダ,800.0,稍,47.9,0.1,3-3,35.5,448.0,-10.0,パイソン,32.0
2019103310,モンテジュエル,2026/05/06,船橋,曇,2,C3選抜馬,12,2,2,7.3,6.0,4,高橋利幸,54.0,ダ,1200.0,良,77.1,0.6,1-1-1,41.0,458.0,11.0,アンサーパスト,12.0
2019103310,モンテジュエル,2026/03/19,浦和,曇,2,特選(C3),11,8,11,7.1,3.0,11,山中悠希,54.0,ダ,1500.0,良,106.6,7.9,1-1-6-11,47.1,447.0,-5.0,オリズジーニー,
2019103310,モンテジュエル,2026/02/28,浦和,晴,2,浦和800ラウンド(C3),12,6,7,1.4,1.0,1,山中悠希,54.0,ダ,800.0,重,48.8,-0.8,1-1,36.2,452.0,0.0,(サンドバンブー),80.0
2019103310,モンテジュエル,2026/01/07,浦和,曇,3,C3四五,12,3,3,3.0,2.0,2,山中悠希,54.0,ダ,1500.0,稍,99.7,0.2,1-1-1-1,41.0,452.0,-5.0,ソジュン,32.0
2019103310,モンテジュエル,2025/12/22,浦和,晴,8,ノースポール特別(C2C3),13,4,5,5.4,2.0,3,高橋利幸,53.0,ダ,1400.0,良,91.6,0.7,1-1-1-1,39.9,457.0,2.0,ツーエムタイガー,37.5
2019103310,モンテジュエル,2025/07/09,川崎,晴,4,トウザヨリ賞(C3),12,2,2,1.6,1.0,1,山中悠希,54.0,ダ,900.0,良,55.2,-0.2,1-1,38.0,455.0,-2.0,(パトウォン),80.0
2019103310,モンテジュエル,2025/06/03,船橋,雨,1,C3選抜馬,11,5,5,1.9,1.0,2,山中悠希,54.0,ダ,1000.0,重,62.6,0.9,1-1,38.8,457.0,3.0,ヴィオルナ,31.2
2019103310,モンテジュエル,2025/04/22,浦和,曇,2,浦和800ラウンド(C3),12,5,6,2.6,2.0,1,山中悠希,54.0,ダ,800.0,良,48.1,-0.6,2-1,35.9,454.0,3.0,(カリスイモン),80.0
2019103310,モンテジュエル,2025/01/08,浦和,晴,4,C3四五,12,8,11,6.8,2.0,6,山中悠希,54.0,ダ,1500.0,重,102.2,3.7,2-2-2-3,43.6,451.0,3.0,アラビアンレイン,
2019103310,モンテジュエル,2024/08/29,船橋,曇,6,オーガストダッシュ(C2C3),10,8,9,2.9,2.0,3,山中悠希,55.0,ダ,1000.0,良,62.3,0.4,1-1,38.7,448.0,-3.0,リュウノマキロイ,37.5
2019103310,モンテジュエル,2024/08/07,川崎,曇,2,バショウカジキ賞(C3),11,3,3,2.6,2.0,1,山中悠希,54.0,ダ,900.0,良,55.6,-0.4,1-1,37.9,451.0,8.0,(グレル),80.0
2019103310,モンテジュエル,2024/06/14,川崎,晴,6,トンビ賞(C3),11,1,1,2.6,2.0,1,和田譲治,54.0,ダ,900.0,良,55.7,-0.3,1-1,37.9,443.0,2.0,(リチェルカータ),80.0
2019103310,モンテジュエル,2024/05/30,船橋,晴,5,オリーブダッシュ(C2C3),13,4,5,7.6,4.0,6,和田譲治,53.0,ダ,1000.0,稍,62.8,2.2,3-3,39.3,441.0,5.0,フォースチルドレン,
2019103310,モンテジュエル,2024/04/18,浦和,曇,1,C3四五六(C3五),9,8,8,3.4,2.0,1,和田譲治,54.0,ダ,1400.0,良,91.9,0.0,1-1-1-1,40.7,436.0,2.0,(ナツハヤテ),80.0
2019103310,モンテジュエル,2024/03/13,川崎,晴,1,フェネック賞(C3),12,8,12,2.3,1.0,3,木間塚龍,53.0,ダ,900.0,重,56.7,0.4,1-2,38.6,434.0,-4.0,パトウォン,20.0
2019103310,モンテジュエル,2024/03/08,船橋,曇,3,C3選抜馬,13,7,11,9.8,6.0,4,森泰斗,54.0,ダ,1000.0,不,63.3,1.4,3-4,39.8,438.0,-2.0,セイテンタイセイ,13.5
2019103310,モンテジュエル,2022/11/28,船橋,曇,3,3歳二,12,6,8,9.4,6.0,12,左海誠二,55.0,ダ,1200.0,良,80.0,2.8,2-2-3,43.0,440.0,4.0,サバンナキャット,
2019103310,モンテジュエル,2022/11/22,浦和,晴,4,浦和800ラウンド(3歳),11,3,3,1.6,1.0,1,和田譲治,54.0,ダ,800.0,稍,48.4,-1.0,1-1,35.7,436.0,-4.0,(コリコ),130.0
2019103310,モンテジュエル,2022/10/24,船橋,曇,5,3歳二,11,1,1,6.5,3.0,7,和田譲治,54.0,ダ,1200.0,良,79.3,1.9,1-1-1,42.9,440.0,4.0,ギミーアワーズ,
2019103310,モンテジュエル,2022/09/29,船橋,曇,4,3歳五,11,2,2,27.3,6.0,5,高橋利幸,54.0,ダ,1200.0,良,76.3,1.4,1-1-1,39.9,436.0,2.0,ウインチャチャ,14.0
2019103310,モンテジュエル,2022/08/14,3新潟2,曇,7,3歳未勝利,18,6,12,39.0,10.0,14,柴田大知,54.0,芝,1000.0,稍,58.3,1.8,7,35.4,434.0,-7.0,アリビオ,
2019103310,モンテジュエル,2022/05/31,浦和,曇,7,ツインベスト特別(3歳),12,7,10,5.5,3.0,11,和田譲治,54.0,ダ,1400.0,稍,92.1,2.3,4-4-4-8,41.8,441.0,9.0,バーグチャン,
2019103310,モンテジュエル,2022/05/01,1福島6,曇,5,3歳未勝利,16,5,9,24.9,8.0,12,武藤雅,54.0,芝,1200.0,稍,71.8,1.6,4-7,36.9,432.0,-2.0,ウインクルシャープ,
2019103310,モンテジュエル,2022/02/26,2中山1,晴,4,3歳未勝利,16,6,11,13.1,5.0,8,Ｍ．デム,54.0,ダ,1200.0,良,74.3,2.0,2-4,39.1,434.0,2.0,ヤマトコウセイ,
2019103310,モンテジュエル,2022/02/12,1東京5,晴,5,3歳未勝利,16,3,5,11.4,6.0,12,Ｍ．デム,54.0,芝,1400.0,良,83.4,1.4,2-2,36.4,432.0,-6.0,ソウテン,
2019103310,モンテジュエル,2021/11/07,5東京2,晴,6,2歳新馬,13,6,8,7.3,3.0,4,Ｍ．デム,54.0,芝,1400.0,良,84.8,0.5,10-2,34.7,438.0,0.0,ラコンタール,110.0
2022102591,ダッシングマン,2026/07/10,川崎,晴,7,稲妻賞(C2),10,1,1,8.2,4.0,3,藤江渉,56.0,ダ,900.0,良,55.2,0.3,4-3,37.6,464.0,-4.0,リュウノシンクウハ,25.0
2022102591,ダッシングマン,2026/06/19,川崎,曇,6,雲神賞(C2),11,7,8,1.7,1.0,6,藤江渉,56.0,ダ,900.0,重,56.5,1.7,2-4,38.9,468.0,3.0,リュウノシンクウハ,
2022102591,ダッシングマン,2026/05/15,川崎,晴,7,雷電賞(C2),10,2,2,2.6,1.0,1,藤江渉,56.0,ダ,900.0,良,55.8,-0.6,6-2,37.6,465.0,2.0,(エレレラナキラ),100.0
2022102591,ダッシングマン,2026/04/10,川崎,雨,7,界雷賞(C2),11,5,5,48.1,8.0,1,藤江渉,56.0,ダ,900.0,重,55.3,-0.2,6-5,37.1,463.0,3.0,(ナキムシヒカル),100.0
2022102591,ダッシングマン,2026/03/02,川崎,曇,9,天雷賞(C2),11,8,10,74.0,10.0,6,藤江渉,56.0,ダ,900.0,稍,57.1,0.8,6-6,38.5,460.0,1.0,ヒューマンライツ,
2022102591,ダッシングマン,2026/02/04,川崎,晴,4,C2四五,12,5,6,38.0,9.0,10,佐藤翔馬,53.0,ダ,1400.0,良,94.0,1.0,10-11-8-9,40.2,459.0,0.0,ベルレオーネ,
2022102591,ダッシングマン,2026/01/04,川崎,晴,9,獅子舞賞(C2),13,6,9,110.4,11.0,12,藤江渉,56.0,ダ,1600.0,稍,108.0,1.5,2-2-2-2,42.2,459.0,1.0,タケルサバイバル,
2022102591,ダッシングマン,2025/12/16,川崎,晴,7,アストレア賞(C2),14,6,9,8.9,4.0,6,野畑凌,56.0,ダ,2000.0,重,139.3,1.6,2-2-2-2,42.4,458.0,-5.0,ファイヤーボール,
2022102591,ダッシングマン,2025/11/10,大井,晴,10,うさぎ座特別競走(C2),14,3,4,54.6,11.0,5,高橋優,53.0,ダ,2000.0,稍,132.0,1.8,7-7-7-7,39.6,463.0,-5.0,フォーチュネイト,18.0
2022102591,ダッシングマン,2025/10/23,大井,晴,10,YJSトライアルラウ(C2),14,1,1,65.9,14.0,8,藤田凌駕,56.0,ダ,1800.0,重,120.5,1.5,13-13-14-13,39.1,468.0,1.0,ストライクノワール,
2022102591,ダッシングマン,2025/10/06,大井,曇,7,C2141516(C215),13,8,12,16.6,6.0,4,吉井章,56.0,ダ,1400.0,良,90.4,1.0,12-12-12,38.1,467.0,-3.0,スリーボビー,15.0
2022102591,ダッシングマン,2025/09/16,大井,晴,6,3歳六七,11,8,11,9.5,2.0,4,吉井章,56.0,ダ,1600.0,稍,105.8,1.8,7-7-8-8,40.3,470.0,1.0,アクアジェット,22.5
2022102591,ダッシングマン,2025/09/02,大井,晴,2,3歳六七八(3歳七),14,2,2,6.3,2.0,6,吉井章,56.0,ダ,1400.0,良,90.4,1.4,6-6-6,39.4,469.0,-12.0,ニューブリッジ,
2022102591,ダッシングマン,2025/08/13,大井,曇,2,3歳四五六(3歳五),14,6,9,11.7,4.0,7,吉井章,56.0,ダ,1400.0,重,89.8,1.9,10-12-11,38.6,481.0,22.0,トーランテソーロ,
2022102591,ダッシングマン,2025/04/29,大井,晴,5,3歳十1112(3歳11),14,2,2,10.4,3.0,3,吉井章,56.0,ダ,1400.0,重,88.7,0.4,4-5-4,38.5,459.0,6.0,トワイライト,45.0
2022102591,ダッシングマン,2025/04/15,大井,晴,4,3歳十1112(3歳11),14,7,12,11.1,3.0,3,吉井章,56.0,ダ,1400.0,重,91.2,2.2,12-10-8,38.0,453.0,-6.0,フローズンキス,45.0
2022102591,ダッシングマン,2025/03/25,大井,晴,3,3歳九十11(3歳十),9,1,1,14.2,5.0,7,藤田凌,56.0,ダ,1600.0,稍,106.7,2.2,1-1-1-1,42.4,459.0,6.0,インティコン,
2022102591,ダッシングマン,2025/03/11,大井,曇,3,3歳111213(3歳12),10,7,7,4.4,3.0,2,藤田凌,56.0,ダ,1600.0,重,107.1,0.8,2-2-2-2,41.7,453.0,-2.0,コンティニュー,112.0
2022102591,ダッシングマン,2025/02/17,大井,晴,2,3歳121314(3歳13),11,8,11,9.1,5.0,5,和田譲治,56.0,ダ,1600.0,良,107.7,1.9,3-4-3-4,41.8,455.0,0.0,アルミンテソーロ,28.0
2020100998,ヴァルトビューネ,2026/02/03,川崎,晴,5,C2二三,12,8,11,25.3,5.0,7,神尾香澄,53.0,ダ,1400.0,良,94.6,1.1,3-3-3-3,40.6,544.0,5.0,メイショウマチルダ,
2020100998,ヴァルトビューネ,2026/01/02,川崎,晴,6,二人羽織賞(C2),14,8,14,13.0,6.0,2,神尾香澄,53.0,ダ,1400.0,稍,93.4,0.2,3-3-3-4,40.8,539.0,-5.0,アイズミサクラ,40.0
2020100998,ヴァルトビューネ,2025/12/16,川崎,晴,9,まつだ桜まつり賞(C1),12,4,4,58.9,8.0,9,加藤雄真,53.0,ダ,1400.0,重,94.9,2.8,4-4-8-7,42.8,544.0,11.0,ロアリングフレイム,
2020100998,ヴァルトビューネ,2025/11/18,川崎,晴,7,C1四五六(C1五),12,7,10,19.6,6.0,8,神尾香澄,53.0,ダ,1400.0,良,93.8,1.6,3-3-3-2,42.0,533.0,6.0,シャトルトウショウ,
2020100998,ヴァルトビューネ,2025/10/13,川崎,曇,7,亀ヶ谷坂賞(C2二),11,5,6,16.1,6.0,2,神尾香澄,53.0,ダ,1400.0,良,92.6,0.0,2-2-3-1,40.3,527.0,6.0,パラトルーパー,60.0
2020100998,ヴァルトビューネ,2025/09/22,浦和,晴,9,秋晴特別(C2),13,1,1,11.2,5.0,11,神尾香澄,53.0,ダ,1400.0,稍,91.9,2.5,6-8-12-12,39.7,521.0,-5.0,フブキ,
2020100998,ヴァルトビューネ,2025/09/08,川崎,晴,10,マイアミ賞(C2),10,5,6,7.3,3.0,8,神尾香澄,53.0,ダ,1400.0,稍,94.1,1.6,4-5-4-3,41.8,526.0,1.0,ベリーク,
2020100998,ヴァルトビューネ,2025/08/22,川崎,晴,4,C2三四五(C2四),11,3,3,58.8,6.0,1,神尾香澄,53.0,ダ,1400.0,良,92.7,-0.1,2-2-2-2,39.9,525.0,-7.0,(ウインプリームス),100.0
2020100998,ヴァルトビューネ,2025/08/05,川崎,晴,8,C2四五六(C2五),11,8,10,97.3,10.0,2,神尾香澄,53.0,ダ,1400.0,良,93.3,0.7,1-1-2-1,40.8,532.0,0.0,タツノキセキ,40.0
2020100998,ヴァルトビューネ,2025/07/08,川崎,晴,4,稲魂賞(C2),12,6,7,137.3,10.0,6,櫻井光輔,56.0,ダ,900.0,良,56.8,1.3,8-10,38.6,532.0,-1.0,シルヴァーリップ,
2020100998,ヴァルトビューネ,2025/06/17,川崎,晴,6,水神賞(C2),12,2,2,65.1,9.0,8,加藤雄真,53.0,ダ,900.0,良,56.9,1.1,8-6,39.0,533.0,-5.0,ハナチャン,
2020100998,ヴァルトビューネ,2025/05/29,浦和,曇,8,葉桜特別(C2),12,7,9,39.3,7.0,11,矢野貴之,56.0,ダ,1500.0,良,98.7,2.9,9-9-10-12,39.5,538.0,-1.0,エイシンゾディアク,
2020100998,ヴァルトビューネ,2025/05/12,川崎,曇,8,パティオ賞(C2),11,6,7,26.0,7.0,7,矢野貴之,56.0,ダ,1400.0,重,95.2,2.9,3-3-3-5,43.2,539.0,2.0,トンボ,
2020100998,ヴァルトビューネ,2025/04/11,川崎,雨,12,ファイナルアンサー賞(C2),14,6,9,10.5,6.0,3,矢野貴之,56.0,ダ,1500.0,不,100.8,1.3,1-1-1-1,42.9,537.0,35.0,セクシーウィドー,25.0
2020100998,ヴァルトビューネ,2024/11/04,佐賀,晴,3,没後150年江藤新平(C1),11,7,8,168.3,11.0,11,中山蓮王,55.0,ダ,1750.0,良,124.8,6.3,6-7-11-11,43.7,502.0,6.0,ラインフォルテ,
2020100998,ヴァルトビューネ,2024/10/06,佐賀,曇,8,寒露賞(C1),9,8,9,163.0,9.0,8,中山蓮王,55.0,ダ,1300.0,良,88.2,1.6,7-8-8-9,39.3,496.0,-1.0,ベニエ,
2020100998,ヴァルトビューネ,2024/09/21,佐賀,雨,10,サファイア特選(C1),9,5,5,114.8,9.0,8,中山蓮王,55.0,ダ,1750.0,稍,121.0,4.0,8-8-8-8,41.7,497.0,-2.0,ニシノカナン,
2020100998,ヴァルトビューネ,2024/09/08,佐賀,晴,10,セプテンバー特選(C1),9,6,6,94.7,9.0,9,中山蓮王,55.0,ダ,1800.0,良,124.8,5.1,8-8-9-9,43.5,499.0,-11.0,エールゴージューン,
2020100998,ヴァルトビューネ,2024/07/21,佐賀,晴,8,ルビー特選(C1),10,8,10,28.9,8.0,10,出水拓人,56.0,ダ,1750.0,不,121.4,5.3,7-9-10-10,42.5,510.0,3.0,アラッキーフェイス,
2020100998,ヴァルトビューネ,2024/07/09,佐賀,曇,10,ジュライ特選(C1),11,8,10,27.7,7.0,8,出水拓人,56.0,ダ,1750.0,良,121.5,3.0,2-2-6-7,44.2,507.0,-4.0,デスペハド,
2020100998,ヴァルトビューネ,2024/06/24,佐賀,曇,11,ジェイド特選(C1),8,4,4,8.1,5.0,5,出水拓人,56.0,ダ,1750.0,不,116.7,1.2,3-4-4-5,40.5,511.0,-1.0,メアリー,4.4
2020100998,ヴァルトビューネ,2024/06/09,佐賀,曇,8,ジューン特選(C1),11,8,11,22.3,7.0,4,出水拓人,56.0,ダ,1860.0,不,123.1,1.4,5-5-5-7,40.8,512.0,0.0,バズッチ,6.6
2020100998,ヴァルトビューネ,2024/05/27,佐賀,小雨,11,エメラルド特選(C1),11,6,6,21.9,7.0,7,中山蓮王,55.0,ダ,1750.0,不,116.1,1.3,9-10-10-7,39.8,512.0,-2.0,イダテンターボ,
2020100998,ヴァルトビューネ,2024/05/12,佐賀,雨,10,長崎街道木屋瀬宿特選(C1),12,5,5,23.7,9.0,6,中山蓮王,55.0,ダ,1300.0,不,83.8,1.3,12-12-12-11,37.8,514.0,5.0,アクラシア,
2020100998,ヴァルトビューネ,2024/04/11,船橋,晴,8,馬い八丈西浜レモン発(C1),11,4,4,68.3,7.0,11,山口達弥,56.0,ダ,1500.0,良,101.1,4.8,9-9-9-9,41.8,509.0,4.0,タカラライナー,
2020100998,ヴァルトビューネ,2024/03/05,船橋,雨,8,馬い!完熟八丈島レモ(C1),12,8,12,8.2,3.0,8,本田正重,56.0,ダ,1500.0,稍,98.7,1.7,7-8-8-7,40.2,505.0,5.0,グレートフリオーソ,
2020100998,ヴァルトビューネ,2024/01/17,船橋,晴,9,シュンラン賞(C1四),12,2,2,26.0,4.0,2,本田正重,56.0,ダ,1500.0,良,97.7,0.9,7-7-8-5,39.0,500.0,5.0,ジラルデ,60.0
2020100998,ヴァルトビューネ,2023/12/18,船橋,晴,4,C1四五,13,6,9,6.7,3.0,4,本田正重,56.0,ダ,1500.0,良,97.9,0.7,10-10-10-10,39.6,495.0,-7.0,グリーンダイヤル,18.0
2020100998,ヴァルトビューネ,2023/11/29,船橋,晴,6,C1三四,12,1,1,23.2,7.0,6,本田正重,56.0,ダ,1500.0,良,96.8,1.8,10-9-10-8,38.5,502.0,5.0,キタサンエルピス,
2020100998,ヴァルトビューネ,2023/10/24,船橋,晴,10,C1五六,9,8,10,4.3,3.0,4,本田正重,56.0,ダ,1500.0,良,97.1,1.6,8-8-9-8,39.2,497.0,5.0,モニュメントキング,18.0
2020100998,ヴァルトビューネ,2023/09/25,船橋,曇,7,C1七八,12,3,3,24.4,6.0,2,本田正重,55.0,ダ,1500.0,良,96.9,0.5,8-9-9-8,38.1,492.0,-5.0,クレメンティ,48.0
2020100998,ヴァルトビューネ,2023/08/30,浦和,晴,8,なまずの集い全国なま(C1),11,4,4,14.8,8.0,6,野畑凌,55.0,ダ,1500.0,良,98.3,1.5,5-5-7-7,39.5,497.0,7.0,ペダンクルアーチ,
2020100998,ヴァルトビューネ,2023/08/07,船橋,晴,12,クルクマ賞(C1),13,5,6,89.6,11.0,5,野畑凌,55.0,ダ,1800.0,良,117.5,1.4,6-6-5-5,41.4,490.0,-4.0,グリーンライズ,18.0
2020100998,ヴァルトビューネ,2023/07/21,船橋,晴,7,トルネードツイスト賞(C1五),10,3,3,15.6,5.0,8,矢野貴之,55.0,ダ,1500.0,良,99.4,2.9,4-6-7-8,40.6,494.0,-2.0,レディジャン,
2020100998,ヴァルトビューネ,2023/06/21,船橋,晴,6,ニセアカシア特別(3歳),10,8,10,6.8,5.0,2,矢野貴之,56.0,ダ,1500.0,良,99.1,0.5,6-6-5-6,39.4,496.0,-5.0,グリーングラシア,84.0
2020100998,ヴァルトビューネ,2023/05/30,浦和,晴,3,3歳四,12,5,6,5.5,2.0,3,矢野貴之,56.0,ダ,1400.0,稍,91.3,1.4,9-10-8-6,39.3,501.0,9.0,トラックヤロー,35.0
2020100998,ヴァルトビューネ,2023/05/01,船橋,晴,4,3歳二三,9,5,5,6.8,3.0,8,森泰斗,56.0,ダ,1500.0,良,100.0,1.9,5-5-6-5,41.7,492.0,3.0,アウストロ,
2020100998,ヴァルトビューネ,2023/01/16,船橋,曇,6,マーガレット賞(3歳),11,6,6,3.2,1.0,5,森泰斗,56.0,ダ,1500.0,良,101.4,2.6,4-5-5-5,41.8,489.0,2.0,チェルカトローヴァ,25.0
2020100998,ヴァルトビューネ,2022/12/17,船橋,曇,3,2歳二三,7,1,1,10.0,4.0,2,笹川翼,55.0,ダ,1500.0,良,100.4,0.4,6-6-4-4,40.6,487.0,0.0,カネミツエース,76.0
2020100998,ヴァルトビューネ,2022/12/02,船橋,曇,1,2歳未勝利(未勝利),9,8,9,2.9,2.0,2,森泰斗,55.0,ダ,1500.0,良,100.5,0.0,5-5-4-5,41.8,487.0,-4.0,シカゴフォンテン,76.0
2020100998,ヴァルトビューネ,2022/10/24,船橋,曇,1,2歳選抜馬,6,5,5,3.2,2.0,3,森泰斗,55.0,ダ,1500.0,良,101.6,1.9,3-4-5-5,41.2,491.0,5.0,バルーンアート,47.5
2020100998,ヴァルトビューネ,2022/09/30,船橋,晴,3,ローズデビュー(2歳),6,4,4,3.7,2.0,3,森泰斗,54.0,ダ,1000.0,良,62.7,1.6,5-5,37.8,486.0,0.0,ガーベランクイーン,67.5
2022107335,ラックナシェード,2026/07/10,川崎,晴,7,稲妻賞(C2),10,5,5,66.9,7.0,9,新原周馬,54.0,ダ,900.0,良,56.5,1.6,9-9,37.5,457.0,8.0,リュウノシンクウハ,
2022107335,ラックナシェード,2026/06/16,川崎,晴,7,颯爽賞(C1),12,5,5,43.5,8.0,10,櫻井光輔,54.0,ダ,900.0,稍,56.9,2.0,11-11,38.3,449.0,2.0,レモングラス,
2022107335,ラックナシェード,2026/05/11,川崎,晴,7,雷響賞(C2),12,4,4,8.3,5.0,4,櫻井光輔,54.0,ダ,900.0,良,56.2,1.6,7-5,38.1,447.0,1.0,エースクイーン,15.0
2022107335,ラックナシェード,2026/01/01,川崎,晴,5,四扇賞(C2),12,7,10,39.3,7.0,11,新原周馬,54.0,ダ,900.0,稍,57.5,2.5,12-12,39.1,446.0,0.0,アタゴテンジン,
2022107335,ラックナシェード,2025/12/15,川崎,晴,6,寒雷賞(C2),12,8,11,8.2,2.0,5,新原周馬,54.0,ダ,900.0,重,57.4,1.4,6-6,38.9,446.0,-6.0,モズアンドモズ,10.0
2022107335,ラックナシェード,2025/11/17,川崎,晴,7,雷鼓賞(C2),12,5,5,15.6,5.0,3,新原周馬,54.0,ダ,900.0,良,56.3,0.8,3-4,38.1,452.0,-5.0,ポッドデューク,25.0
2022107335,ラックナシェード,2025/10/17,川崎,晴,12,秋雷賞(C2),12,3,3,3.6,1.0,1,新原周馬,54.0,ダ,900.0,稍,56.1,-0.3,7-3,38.2,457.0,11.0,(ゴーゴーダンサー),100.0
2022107335,ラックナシェード,2025/07/07,川崎,晴,3,ライトニング賞(3歳),12,6,7,7.7,3.0,4,新原周馬,54.0,ダ,900.0,良,56.1,0.5,7-6,38.0,446.0,-2.0,タケノマジック,24.0
2022107335,ラックナシェード,2025/06/16,川崎,晴,2,ラファール賞(3歳),11,6,6,4.9,3.0,3,山崎誠士,54.0,ダ,900.0,重,56.1,0.2,8-8,37.6,448.0,-4.0,トゥルーリアイ,40.0
2022107335,ラックナシェード,2025/05/12,川崎,曇,1,リュフトヒエン賞(3歳),12,7,9,3.2,2.0,5,新原周馬,54.0,ダ,900.0,重,57.1,0.4,9-8,38.4,452.0,0.0,ゴールドサイカ,16.0
2022107335,ラックナシェード,2025/04/11,川崎,曇,3,アルコバレーノ賞(3歳),12,1,1,2.2,1.0,2,新原周馬,54.0,ダ,900.0,稍,55.7,0.2,4-3,37.7,452.0,16.0,インテンスドライヴ,64.0
2022107335,ラックナシェード,2024/12/11,川崎,晴,2,つるぎ賞(2歳),12,3,3,9.8,5.0,2,山崎誠士,54.0,ダ,900.0,良,56.0,0.5,3-3,38.2,436.0,-1.0,ディスラプター,80.0
2022107335,ラックナシェード,2024/11/15,川崎,曇,2,スパーキングデビュー(2歳),7,6,6,4.3,2.0,3,山崎誠士,54.0,ダ,1400.0,稍,94.7,1.6,1-1-1-1,41.7,437.0,0.0,ワチュゴナドゥ,100.0
2021104290,ゴーゴーダンサー,2026/07/10,川崎,晴,7,稲妻賞(C2),10,2,2,33.0,6.0,6,加藤雄真,52.0,ダ,900.0,良,55.8,0.9,1-1,38.3,416.0,-3.0,リュウノシンクウハ,
2021104290,ゴーゴーダンサー,2026/06/19,川崎,曇,6,雲神賞(C2),11,8,11,17.4,6.0,4,加藤雄真,52.0,ダ,900.0,重,56.1,1.3,2-3,38.6,419.0,9.0,リュウノシンクウハ,15.0
2021104290,ゴーゴーダンサー,2026/05/12,川崎,晴,5,雷動賞(C2),12,3,3,35.5,7.0,6,佐野遥久,54.0,ダ,900.0,良,56.4,1.3,4-3,38.4,410.0,7.0,ビヴァアカプルコ,
2021104290,ゴーゴーダンサー,2026/04/07,川崎,雨,3,初雷賞(C2),12,8,12,35.2,6.0,4,加藤雄真,51.0,ダ,900.0,重,56.5,0.9,1-2,38.6,403.0,-29.0,プレストヴィーナス,15.0
2021104290,ゴーゴーダンサー,2025/10/17,川崎,晴,12,秋雷賞(C2),12,2,2,5.1,3.0,2,加藤雄真,51.0,ダ,900.0,稍,56.4,0.3,1-1,38.7,432.0,8.0,ラックナシェード,40.0
2021104290,ゴーゴーダンサー,2025/09/11,川崎,雨,6,雷閃賞(C2),0,5,6,,,,加藤雄真,51.0,ダ,900.0,不,,,,,422.0,-2.0,,
2021104290,ゴーゴーダンサー,2025/08/21,川崎,晴,6,雷帝賞(C2),9,8,8,4.5,3.0,5,加藤雄真,51.0,ダ,900.0,良,56.0,0.6,3-4,38.4,424.0,9.0,スマートアライヴ,10.0
2021104290,ゴーゴーダンサー,2025/08/04,川崎,晴,7,雷光賞(C2),11,8,12,,,取,加藤雄真,51.0,ダ,900.0,良,,,,,,,ピオニエーレ,
2021104290,ゴーゴーダンサー,2025/07/08,川崎,晴,4,稲魂賞(C2),12,4,4,4.5,2.0,2,加藤雄真,51.0,ダ,900.0,良,56.0,0.5,3-5,38.1,415.0,-7.0,シルヴァーリップ,40.0
2021104290,ゴーゴーダンサー,2025/06/16,川崎,晴,8,風神賞(C2),12,7,10,32.0,7.0,2,佐野遥久,53.0,ダ,900.0,重,55.8,0.1,1-1,38.3,422.0,0.0,グレッソネイ,40.0
2021104290,ゴーゴーダンサー,2025/05/14,川崎,晴,9,マカロン賞(C2),12,5,5,100.0,11.0,11,中島良美,52.0,ダ,1400.0,稍,95.4,3.5,1-3-6-7,43.6,422.0,15.0,シントーハナノラン,
2021104290,ゴーゴーダンサー,2025/04/07,川崎,晴,9,イースター賞(C2),12,7,10,119.4,9.0,3,加藤雄真,51.0,ダ,1400.0,稍,94.2,0.8,1-2-2-3,40.2,407.0,7.0,シントーキズナ,37.5
2021104290,ゴーゴーダンサー,2025/03/04,川崎,曇,5,C2三四五(C2四),10,4,4,149.8,9.0,4,加藤雄真,51.0,ダ,1400.0,不,93.9,0.2,2-3-4-3,40.5,400.0,5.0,サンセットカラー,15.0
2021104290,ゴーゴーダンサー,2025/01/20,船橋,晴,6,C2二三,12,8,12,174.4,11.0,11,今野忠成,54.0,ダ,1200.0,稍,77.9,3.8,5-6-10,41.1,395.0,-3.0,マナフラッシュ,
2021104290,ゴーゴーダンサー,2025/01/02,川崎,晴,5,二人羽織賞(C2),12,7,9,255.7,11.0,12,今野忠成,54.0,ダ,900.0,良,57.5,1.2,11-12,38.7,398.0,2.0,イェルマーク,
2021104290,ゴーゴーダンサー,2024/12/11,川崎,晴,4,急雷賞(C2),12,7,9,59.8,10.0,7,今野忠成,54.0,ダ,900.0,良,56.7,1.2,4-8,38.9,396.0,-4.0,リュウノシンクウハ,
2021104290,ゴーゴーダンサー,2024/11/06,盛岡,晴,5,B2,11,6,7,30.4,7.0,8,山本政聡,54.0,ダ,1200.0,稍,76.2,1.8,3-9,39.5,400.0,-7.0,カタナ,
2021104290,ゴーゴーダンサー,2024/10/06,盛岡,曇,8,オッズパーク賞(B2),10,7,8,18.0,6.0,4,坂口裕一,54.0,ダ,1600.0,良,101.7,1.0,2-2,39.5,407.0,9.0,コスモモカ,7.2
2021104290,ゴーゴーダンサー,2024/09/22,水沢,曇,7,3歳A,8,3,3,43.3,7.0,7,高松亮,54.0,ダ,1600.0,不,103.7,2.3,1-1-1-5,40.7,398.0,-8.0,ミヤギヴァリアント,
2021104290,ゴーゴーダンサー,2024/09/09,水沢,晴,8,3歳,8,1,1,19.3,6.0,1,高松亮,54.0,ダ,1400.0,良,90.4,-0.1,3-3-3-3,40.8,406.0,10.0,(エナジーフォルテ),65.0
2021104290,ゴーゴーダンサー,2024/08/26,盛岡,晴,9,3歳,10,2,2,22.8,6.0,5,高松亮,54.0,ダ,1200.0,良,75.3,1.3,1-1,39.5,396.0,1.0,リトルシスター,4.6
2021104290,ゴーゴーダンサー,2024/08/13,盛岡,雨,12,はまなす賞(3歳),7,3,3,11.6,5.0,6,高松亮,54.0,ダ,1600.0,不,101.6,3.6,2-5,40.4,395.0,-7.0,マルーントリック,
2021104290,ゴーゴーダンサー,2024/07/30,盛岡,晴,7,3歳,12,6,7,16.1,5.0,3,高松亮,54.0,ダ,1200.0,稍,74.7,0.8,2-2,38.5,402.0,-1.0,サンエイキャノン,13.0
2021104290,ゴーゴーダンサー,2024/07/14,盛岡,曇,7,3歳B1,10,8,9,27.9,6.0,2,高松亮,54.0,ダ,1600.0,良,101.4,0.8,1-1,38.8,403.0,1.0,ドリームキャッチ,26.3
2021104290,ゴーゴーダンサー,2024/07/02,盛岡,晴,12,ハヤテスプリント(重賞),12,2,2,74.1,10.0,9,陶文峰,54.0,ダ,1200.0,良,74.4,2.1,9-9,37.5,402.0,-4.0,オスカーブレイン,
2021104290,ゴーゴーダンサー,2024/06/16,水沢,晴,7,3歳B1,9,7,7,29.4,7.0,3,坂口裕一,54.0,ダ,1600.0,良,105.2,1.0,9-8-6-6,39.7,406.0,3.0,ラティサワー,15.0
2021104290,ゴーゴーダンサー,2024/06/02,水沢,雨,7,3歳B1,10,7,8,18.0,4.0,8,高松亮,54.0,ダ,1600.0,稍,105.1,3.0,8-8-8-8,41.2,403.0,1.0,ミヤギヴァリアント,
2021104290,ゴーゴーダンサー,2024/05/21,盛岡,晴,5,3歳,10,2,2,25.4,5.0,1,高松亮,54.0,ダ,1000.0,稍,61.8,0.0,1-1,38.0,402.0,6.0,(エイシンモシリ),75.0
2021104290,ゴーゴーダンサー,2024/05/07,盛岡,小雨,6,3歳,8,6,6,22.5,7.0,1,高松亮,54.0,ダ,1200.0,稍,75.0,-0.3,4-3,38.1,396.0,1.0,(レレボード),65.0
2021104290,ゴーゴーダンサー,2024/04/23,水沢,曇,7,3歳B1,11,8,11,181.9,10.0,5,坂口裕一,54.0,ダ,1400.0,良,91.8,0.9,11-11-10-7,40.8,395.0,-3.0,ラブアンドハピネス,5.3
2021104290,ゴーゴーダンサー,2024/04/09,水沢,雨,8,3歳B2一組,12,2,2,53.3,9.0,9,山本政聡,54.0,ダ,1400.0,不,91.6,2.1,10-10-11-10,40.2,398.0,7.0,マルケイフォルテ,
2021104290,ゴーゴーダンサー,2024/03/25,水沢,曇,8,3歳B1,11,8,11,294.8,9.0,6,高橋悠里,54.0,ダ,1400.0,稍,92.9,1.1,3-3-3-5,41.0,391.0,-3.0,クロスビー,
2021104290,ゴーゴーダンサー,2024/03/11,水沢,曇,7,3歳A,9,4,4,62.9,8.0,8,高松亮,54.0,ダ,1600.0,重,106.4,2.3,9-9-9-6,40.3,394.0,-3.0,エイシンポロシリ,
2021104290,ゴーゴーダンサー,2023/12/26,水沢,晴,6,2歳B2,12,6,8,43.5,8.0,9,高橋悠里,54.0,ダ,1400.0,不,92.7,2.6,12-12-12-11,39.7,397.0,-5.0,ピヤージュ,
2021104290,ゴーゴーダンサー,2023/12/11,水沢,晴,7,オッズパークLIVE(2歳B2),10,6,6,112.7,9.0,6,高橋悠里,54.0,ダ,1400.0,稍,91.1,0.8,8-9-8-8,39.9,402.0,-7.0,ヤマショウカリズマ,
2021104290,ゴーゴーダンサー,2023/11/28,水沢,曇,5,2歳B2一組,9,8,8,19.1,6.0,9,山本政聡,54.0,ダ,1400.0,不,90.4,2.2,6-6-7-7,38.7,409.0,3.0,レッドオパール,
2021104290,ゴーゴーダンサー,2023/11/14,盛岡,曇,4,2歳B2,12,4,4,48.0,6.0,5,坂口裕一,54.0,ダ,1400.0,重,90.4,0.9,5-3,40.7,406.0,6.0,ボルドーエルプロモ,5.3
2021104290,ゴーゴーダンサー,2023/10/22,盛岡,曇,1,2歳C1二組,12,5,5,11.2,4.0,1,坂口裕一,54.0,ダ,1200.0,重,75.4,-1.1,2-1,39.0,400.0,3.0,(ロンギングソード),65.0
2021104290,ゴーゴーダンサー,2023/10/08,盛岡,晴,2,2歳,11,6,6,53.7,8.0,7,坂口裕一,54.0,ダ,1200.0,稍,77.1,2.3,11-11,38.3,397.0,1.0,マルケイヴェスパー,
2021104290,ゴーゴーダンサー,2023/09/25,盛岡,晴,2,2歳,11,7,9,21.3,6.0,8,高松亮,54.0,ダ,1200.0,良,78.5,2.4,1-1,42.1,396.0,1.0,エイシンソーラー,
2021104290,ゴーゴーダンサー,2023/09/05,水沢,小雨,4,2歳,9,1,1,9.6,5.0,4,高松亮,54.0,ダ,1400.0,稍,93.0,2.0,1-1-1-2,42.1,395.0,0.0,スノーブリザード,9.8
2021104290,ゴーゴーダンサー,2023/08/27,水沢,曇,2,ファーストステップ2(新馬)(2歳),6,1,1,3.4,2.0,3,塚本涼人,54.0,ダ,850.0,良,53.4,0.2,1-1,38.1,395.0,0.0,パパメイアン,34.0
2020102135,ペイシャアンジェロ,2026/03/16,浦和,晴,7,C2三四,12,7,10,11.5,3.0,12,古岡勇樹,54.0,ダ,1500.0,稍,102.3,5.1,2-3-6-11,43.2,456.0,-12.0,パブリックスフィア,
2020102135,ペイシャアンジェロ,2026/03/02,川崎,曇,8,カラスミ賞(C2),9,8,8,23.2,4.0,9,古岡勇樹,54.0,ダ,1500.0,稍,101.6,3.8,1-1-1-2,44.0,468.0,0.0,メイショウマチルダ,
2020102135,ペイシャアンジェロ,2026/02/23,浦和,晴,6,歴史に、夢の蹄跡を賞(C2),12,2,2,8.2,4.0,4,古岡勇樹,54.0,ダ,1500.0,良,98.9,0.3,3-3-3-4,41.5,468.0,-2.0,アカネセイコー,15.0
2020102135,ペイシャアンジェロ,2025/11/24,3福島6,晴,2,3歳以上1勝クラス,15,4,6,653.7,15.0,12,松岡正海,56.0,ダ,1700.0,良,108.4,1.6,14-14-15-11,39.3,470.0,4.0,ステラスプレンダー,
2020102135,ペイシャアンジェロ,2025/07/05,1函館7,晴,12,3歳以上1勝クラス,13,7,10,215.9,13.0,13,原田和真,56.0,ダ,1700.0,重,110.5,5.1,5-4-5-11,42.0,466.0,6.0,オンザスクエア,
2020102135,ペイシャアンジェロ,2025/06/07,3東京1,晴,8,3歳以上1勝クラス,16,1,2,449.7,16.0,15,松岡正海,56.0,ダ,1600.0,良,99.3,2.4,11-9,38.3,460.0,-2.0,バランスダンサー,
2020102135,ペイシャアンジェロ,2025/05/24,2東京9,曇,8,4歳以上1勝クラス,16,7,13,225.5,15.0,15,遠藤汰月,53.0,ダ,1400.0,良,87.1,1.2,3-2,37.7,462.0,6.0,サトノアルペジオ,
2020102135,ペイシャアンジェロ,2025/05/03,1新潟1,晴,8,4歳以上1勝クラス,11,8,13,64.9,9.0,7,長浜鴻緒,54.0,芝,1600.0,良,95.4,1.7,5-5,36.0,456.0,0.0,ドーンコーラス,
2020102135,ペイシャアンジェロ,2025/03/15,2中京1,曇,7,4歳以上1勝クラス,15,2,3,55.6,13.0,11,斎藤新,56.0,ダ,1400.0,良,86.9,1.5,3-3,38.7,456.0,2.0,シュヴァルツリーベ,
2020102135,ペイシャアンジェロ,2024/04/07,1福島2,晴,3,4歳以上1勝クラス,15,3,5,36.0,10.0,14,西塚洸二,54.0,ダ,1700.0,良,110.8,4.7,1-1-1-2,44.5,454.0,4.0,エバーハピネス,
2020102135,ペイシャアンジェロ,2024/03/23,3中山1,小雨,7,4歳以上1勝クラス,16,5,9,190.2,15.0,5,松岡正海,56.0,ダ,1800.0,良,115.6,0.5,1-1-1-1,38.7,450.0,14.0,イージーオンミー,80.0
2020102135,ペイシャアンジェロ,2023/10/09,4東京3,雨,7,3歳以上1勝クラス,14,6,10,46.5,11.0,13,松岡正海,54.0,ダ,1600.0,不,98.9,1.6,6-8,38.8,436.0,-2.0,タイセイキューティ,
2020102135,ペイシャアンジェロ,2023/09/17,4中山4,晴,6,3歳以上1勝クラス,12,5,5,51.8,7.0,7,松岡正海,53.0,ダ,1800.0,良,115.2,2.0,10-10-9-7,38.5,438.0,-10.0,ヴァナルガンド,
2020102135,ペイシャアンジェロ,2023/08/19,2札幌3,小雨,8,3歳以上1勝クラス,14,5,8,26.3,9.0,7,小林勝太,50.0,ダ,1700.0,良,108.2,1.6,10-10-10-7,39.5,448.0,14.0,ウィンターダフネ,
2020102135,ペイシャアンジェロ,2023/05/20,2東京9,曇,9,カーネーションC(1勝クラス),13,1,1,210.8,13.0,8,丸田恭介,54.0,芝,1800.0,良,108.2,0.9,8-7-6,34.3,434.0,2.0,アンリーロード,
2020102135,ペイシャアンジェロ,2023/04/22,1福島5,晴,3,3歳未勝利,14,5,7,2.1,1.0,1,松岡正海,54.0,ダ,1700.0,良,108.5,-0.1,4-3-3-2,38.0,432.0,0.0,(テーオードリアン),550.0
2020102135,ペイシャアンジェロ,2023/04/01,3中山3,晴,1,3歳未勝利,14,6,10,23.4,6.0,3,松岡正海,54.0,ダ,1800.0,良,116.1,0.9,9-9-8-6,39.5,432.0,0.0,コロンビアテソーロ,140.0
2020102135,ペイシャアンジェロ,2023/03/12,2中山6,晴,1,3歳未勝利,16,4,8,19.5,4.0,3,松岡正海,54.0,ダ,1800.0,良,116.4,1.9,7-7-6-5,40.4,432.0,0.0,ウィンターダフネ,140.0
2020102135,ペイシャアンジェロ,2023/02/18,1東京7,晴,1,3歳未勝利,16,1,2,7.0,3.0,7,松岡正海,54.0,ダ,1400.0,稍,88.0,1.8,2-2,39.3,432.0,-4.0,リバートゥルー,
2020102135,ペイシャアンジェロ,2023/01/29,1東京2,晴,3,3歳未勝利,16,3,5,19.9,6.0,2,原優介,52.0,ダ,1600.0,良,99.5,0.1,7-6,38.1,436.0,0.0,ニシノパプルブリリ,220.0
2020102135,ペイシャアンジェロ,2022/12/28,5中山9,晴,3,2歳未勝利,16,1,2,74.3,11.0,7,松岡正海,54.0,芝,1600.0,良,97.0,1.0,13-10-7,35.7,436.0,0.0,ポリーフォリア,
2020102135,ペイシャアンジェロ,2022/11/27,5東京8,晴,2,2歳未勝利,17,8,15,104.9,8.0,7,小林凌大,52.0,芝,1600.0,良,95.9,1.4,11-12,35.0,436.0,-2.0,イコノスタシス,
2020102135,ペイシャアンジェロ,2022/11/06,5東京2,晴,6,2歳新馬,17,4,7,152.2,14.0,8,松岡正海,54.0,芝,1400.0,良,83.5,0.6,16-15,33.9,438.0,0.0,ブルーイングリーン,
2022103759,カネトシフープ,2026/07/10,川崎,晴,7,稲妻賞(C2),10,7,8,2.7,2.0,5,山林堂信,54.0,ダ,900.0,良,55.5,0.6,6-6,36.9,399.0,-3.0,リュウノシンクウハ,10.0
2022103759,カネトシフープ,2026/06/16,川崎,晴,7,颯爽賞(C1),12,1,1,2.5,2.0,2,佐藤翔馬,51.0,ダ,900.0,稍,55.1,0.2,8-7,37.3,402.0,4.0,レモングラス,48.0
2022103759,カネトシフープ,2025/12/15,川崎,晴,12,闘魂賞(C1),12,5,6,10.3,4.0,4,山林堂信,54.0,ダ,900.0,重,56.2,1.1,8-8,38.1,398.0,-5.0,カンノンアーニモ,18.0
2022103759,カネトシフープ,2025/11/20,川崎,晴,12,剛塊賞(C1),11,3,3,3.5,2.0,6,山林堂信,54.0,ダ,900.0,良,55.6,1.1,5-6,38.1,403.0,-4.0,カンノンアーニモ,
2022103759,カネトシフープ,2025/10/16,川崎,曇,2,急雷賞(C2),12,2,2,14.5,5.0,1,山林堂信,54.0,ダ,900.0,重,54.3,-1.3,1-1,36.7,407.0,4.0,(パルクールチェコ),100.0
2022103759,カネトシフープ,2025/05/14,川崎,晴,2,ブレッザ賞(3歳),12,8,12,95.8,9.0,6,山林堂信,54.0,ダ,900.0,重,56.0,1.4,6-7,38.4,403.0,-9.0,カンノンミカヅキ,
2022103759,カネトシフープ,2025/04/09,川崎,晴,1,アルコンスィエル賞(3歳),11,1,1,6.3,3.0,2,山林堂信,54.0,ダ,900.0,稍,55.7,0.7,7-4,37.6,412.0,1.0,ラヴォミ,64.0
2022103759,カネトシフープ,2025/03/07,川崎,晴,3,シュトゥルムヴィント(3歳),12,3,3,82.7,11.0,10,山林堂信,53.0,ダ,900.0,重,56.4,1.8,9-10,38.1,411.0,-4.0,カンノンミカヅキ,
2022103759,カネトシフープ,2025/02/08,川崎,晴,1,テンポラーレ賞(3歳),11,6,8,19.3,7.0,6,増田充宏,53.0,ダ,900.0,良,56.7,1.4,8-8,38.3,415.0,-10.0,ランラン,
2022103759,カネトシフープ,2025/01/02,川崎,晴,1,羽根つき賞(3歳),12,5,6,7.8,4.0,4,山林堂信,53.0,ダ,900.0,良,56.8,1.6,6-5,38.7,425.0,-3.0,カンノンミカヅキ,37.5
2022103759,カネトシフープ,2024/12/13,川崎,曇,1,スパーキングデビュー(2歳),9,1,1,27.7,5.0,1,山林堂信,54.0,ダ,900.0,良,55.8,-1.2,1-1,37.8,428.0,0.0,(ノッテストラータ),400.0
2021101074,ヒューマンライツ,2026/07/07,川崎,曇,7,稲魂賞(C2),12,1,1,49.8,6.0,9,岡村裕基,56.0,ダ,900.0,重,56.7,1.2,8-7,39.1,519.0,2.0,スレヒトゥヴアルク,
2021101074,ヒューマンライツ,2026/06/15,川崎,曇,9,駿逸賞(C1),12,8,12,144.4,12.0,10,岡村裕基,56.0,ダ,900.0,重,56.7,1.5,3-4,38.9,517.0,5.0,ミスフォルテ,
2021101074,ヒューマンライツ,2026/05/27,浦和,曇,7,上尾市観光協会「あっ(C1),12,8,12,50.3,8.0,10,岡村裕基,56.0,ダ,800.0,良,48.8,1.4,4-5,36.3,512.0,-7.0,セファイドループ,
2021101074,ヒューマンライツ,2026/05/14,川崎,曇,7,紅玉賞(C1),11,6,8,221.8,11.0,11,岡村裕基,56.0,ダ,900.0,良,56.7,1.1,4-5,38.4,519.0,0.0,ポッドデューク,
2021101074,ヒューマンライツ,2026/04/08,川崎,晴,7,丸子の渡し賞(C1),12,6,7,40.6,7.0,12,岡村裕基,56.0,ダ,900.0,稍,58.1,3.2,5-8,40.2,519.0,9.0,クリノウィリアム,
2021101074,ヒューマンライツ,2026/03/18,浦和,曇,6,あれ幸せ暮らしイイじ(C1C2),12,1,1,12.0,6.0,4,岡村裕基,55.0,ダ,800.0,良,49.2,0.8,6-4,36.7,510.0,-9.0,アライグマパンチ,19.5
2021101074,ヒューマンライツ,2026/03/02,川崎,曇,9,天雷賞(C2),11,4,4,12.5,5.0,1,岡村裕基,56.0,ダ,900.0,稍,56.3,-0.1,1-1,38.2,519.0,1.0,(ハーイバービー),100.0
2021101074,ヒューマンライツ,2026/02/04,川崎,晴,5,百雷賞(C2),12,7,10,62.3,7.0,9,岡村裕基,56.0,ダ,900.0,良,56.9,1.7,3-5,39.0,518.0,10.0,アタゴテンジン,
2021101074,ヒューマンライツ,2026/01/02,川崎,晴,4,凧揚げ賞(C2),12,6,8,81.4,8.0,4,岡村裕基,56.0,ダ,900.0,稍,56.5,1.0,5-5,38.2,508.0,-2.0,プレストヴィーナス,15.0
2021101074,ヒューマンライツ,2025/12/15,川崎,晴,8,雪雷賞(C2),12,7,10,90.0,10.0,5,岡村裕基,56.0,ダ,900.0,重,57.2,1.0,2-2,39.3,510.0,9.0,ネバーエンドマーチ,10.0
2021101074,ヒューマンライツ,2025/11/21,川崎,晴,6,雷文賞(C2),11,8,10,52.7,6.0,10,佐野遥久,55.0,ダ,900.0,良,57.6,2.5,4-7,39.2,501.0,0.0,ララロワデザニモー,
2021101074,ヒューマンライツ,2025/10/31,浦和,曇,5,特選(C1C2),12,3,3,26.4,9.0,6,佐野遥久,54.0,ダ,800.0,稍,49.1,0.9,2-2,37.5,501.0,1.0,タイトルコール,
2021101074,ヒューマンライツ,2025/10/13,川崎,曇,6,巨福呂坂賞(C2),12,6,7,16.1,7.0,12,佐野遥久,55.0,ダ,900.0,良,57.9,2.4,7-9,39.2,500.0,7.0,プレストヴィーナス,
2021101074,ヒューマンライツ,2025/09/22,浦和,晴,8,浦和800ラウンド(C2),10,8,11,9.1,3.0,9,佐野遥久,55.0,ダ,800.0,稍,48.8,1.5,4-7,36.7,493.0,0.0,クインズハッピー,
2021101074,ヒューマンライツ,2025/09/11,川崎,雨,6,雷閃賞(C2),0,4,4,,,,佐野遥久,55.0,ダ,900.0,不,,,,,492.0,-1.0,,
2021101074,ヒューマンライツ,2025/05/13,川崎,晴,8,青玉賞(C1),11,8,11,,,取,岡村裕基,56.0,ダ,900.0,重,,,,,,,バッファローライズ,
2021101074,ヒューマンライツ,2025/04/09,川崎,晴,8,丸子の渡し賞(C1),12,1,1,60.3,10.0,4,岡村裕基,56.0,ダ,900.0,稍,56.3,0.8,6-6,38.6,493.0,3.0,パイアイヤー,18.0
2021101074,ヒューマンライツ,2025/03/05,川崎,雨,8,進撃賞(C1),12,7,9,82.7,9.0,9,岡村裕基,56.0,ダ,900.0,不,57.1,1.5,6-4,39.2,490.0,-5.0,イェルマーク,
2021101074,ヒューマンライツ,2025/02/08,川崎,晴,10,爆速賞(C1),12,7,10,26.1,6.0,9,岡村裕基,56.0,ダ,900.0,良,57.2,1.8,5-10,39.7,495.0,-3.0,カチヌキマリコ,
2021101074,ヒューマンライツ,2025/01/21,船橋,晴,8,皇帝ダリアダッシュ(C1),14,8,13,70.7,12.0,8,岡村裕基,56.0,ダ,1000.0,良,62.5,1.0,4-5,38.6,498.0,9.0,レイシン,
2021101074,ヒューマンライツ,2025/01/01,川崎,晴,9,一富士賞(B3C1),12,7,9,151.1,10.0,10,岡村裕基,55.0,ダ,900.0,良,56.9,1.9,6-5,39.1,489.0,0.0,ハーンドルフ,
2021101074,ヒューマンライツ,2024/12/09,川崎,晴,9,闘魂賞(C1),11,7,9,27.2,7.0,9,岡村裕基,56.0,ダ,900.0,良,56.2,0.9,3-3,38.5,489.0,-2.0,ドロットニング,
2021101074,ヒューマンライツ,2024/11/12,川崎,晴,8,金剛賞(C1),12,7,10,31.4,6.0,8,岡村裕基,56.0,ダ,900.0,稍,56.1,1.2,1-2,38.8,491.0,9.0,エターナルセイバー,
2021101074,ヒューマンライツ,2024/07/01,川崎,雨,3,ライトニング賞(3歳),8,4,4,9.5,3.0,2,岡村裕基,57.0,ダ,900.0,重,56.0,0.4,2-2,38.3,482.0,-1.0,ミスサン,64.0
2021101074,ヒューマンライツ,2024/06/21,浦和,雨,4,浦和800ラウンド(3歳),12,5,5,2.3,1.0,1,佐野遥久,52.0,ダ,800.0,不,47.7,-1.2,1-1,35.9,483.0,-2.0,(ラガッツァステッラ),180.0
2021101074,ヒューマンライツ,2024/06/11,川崎,晴,1,ガスト賞(3歳),12,6,7,27.2,5.0,3,岡村裕基,55.0,ダ,900.0,重,56.6,1.0,2-2,39.0,485.0,13.0,ミスサン,40.0
2021101074,ヒューマンライツ,2024/05/06,川崎,曇,1,リュフトヒエン賞(3歳),9,7,7,5.0,3.0,4,岡村裕基,55.0,ダ,900.0,良,57.2,0.8,1-3,39.8,472.0,3.0,トラストガーベラ,24.0
2021101074,ヒューマンライツ,2024/03/26,園田,曇,10,3歳AB,10,1,1,64.3,9.0,8,佐々木世,52.0,ダ,1230.0,不,84.2,3.8,3-4-5-6,43.5,469.0,-1.0,ダイジョバナイ,
2021101074,ヒューマンライツ,2024/03/07,姫路,晴,9,3歳BC1,12,8,11,2.7,1.0,3,佐々木世,54.0,ダ,800.0,稍,51.2,0.7,3-3,37.6,470.0,2.0,ラクスガウディ,25.0
2021101074,ヒューマンライツ,2024/02/08,姫路,曇,9,3歳B,9,5,5,17.6,5.0,9,佐々木世,53.0,ダ,1400.0,稍,97.1,2.8,7-6-3-5,44.5,468.0,0.0,バッドロージー,
2021101074,ヒューマンライツ,2024/01/26,姫路,曇,6,3歳C1C2,10,6,6,1.9,1.0,1,佐々木世,54.0,ダ,800.0,良,51.2,-0.3,1-1,37.6,468.0,3.0,(ライトスピード),80.0
2021101074,ヒューマンライツ,2024/01/17,姫路,晴,5,3歳C1,12,7,9,9.2,4.0,2,佐々木世,53.0,ダ,800.0,良,51.4,0.1,3-2,38.2,465.0,4.0,テイルヴィーナス,32.0
2021101074,ヒューマンライツ,2024/01/02,園田,晴,2,3歳未勝利二,10,2,2,8.3,4.0,3,佐々木世,53.0,ダ,820.0,良,52.2,0.4,2-2,37.8,461.0,-1.0,テイルヴィーナス,20.0
2021101074,ヒューマンライツ,2023/12/19,園田,曇,2,2歳200万円以下二,8,2,2,31.5,6.0,7,佐々木世,53.0,ダ,1230.0,稍,86.8,2.9,1-2-2-6,46.1,462.0,5.0,ユイハウス,
2021101074,ヒューマンライツ,2023/12/07,園田,晴,2,2歳249万円以下,10,1,1,98.4,8.0,7,佐々木世,53.0,ダ,1400.0,良,96.5,1.4,1-1-1-3,42.5,457.0,0.0,ミッドナイトベルン,
2021101074,ヒューマンライツ,2023/11/23,園田,曇,2,2歳未勝利,12,7,9,83.2,12.0,11,川原正一,55.0,ダ,1230.0,良,85.0,2.6,1-1-1-2,44.7,457.0,1.0,ホクザンバーリイ,
2021101074,ヒューマンライツ,2023/10/21,4新潟3,雨,5,2歳未勝利,18,1,1,317.7,18.0,18,小林勝太,53.0,芝,1000.0,重,62.6,4.6,3,38.9,456.0,6.0,ルクスパラディ,
2021101074,ヒューマンライツ,2023/08/13,3新潟2,晴,3,2歳未勝利,18,6,12,171.4,15.0,18,三浦皇成,55.0,芝,1400.0,良,87.9,5.7,9-14,41.4,450.0,-4.0,バロン,
2021101074,ヒューマンライツ,2023/07/15,2福島5,雨,5,2歳新馬,14,5,7,30.8,9.0,14,津村明秀,55.0,芝,1800.0,稍,117.0,5.0,1-1-1-4,41.2,454.0,0.0,エコロマーズ,
2022101506,メイショウユウモウ,2026/07/06,川崎,曇,6,稲光賞(C2),12,7,9,39.5,8.0,7,佐野遥久,56.0,ダ,900.0,重,56.2,0.7,4-4,38.3,427.0,-2.0,セッカチドラゴン,
2022101506,メイショウユウモウ,2026/06/19,川崎,曇,6,雲神賞(C2),11,4,4,5.9,3.0,3,佐野遥久,56.0,ダ,900.0,重,56.0,1.2,6-5,38.4,429.0,2.0,リュウノシンクウハ,25.0
2022101506,メイショウユウモウ,2026/05/11,川崎,晴,7,雷響賞(C2),12,7,10,2.4,1.0,3,佐野遥久,56.0,ダ,900.0,良,55.9,1.3,3-2,38.4,427.0,2.0,エースクイーン,25.0
2022101506,メイショウユウモウ,2026/04/09,川崎,晴,6,春雷賞(C2),12,4,4,6.7,4.0,3,岡村裕基,56.0,ダ,900.0,稍,55.9,0.2,4-3,38.1,425.0,-4.0,ハーイバービー,25.0
2022101506,メイショウユウモウ,2026/03/06,川崎,曇,6,鳴雷賞(C2),12,5,6,3.2,2.0,4,岡村裕基,56.0,ダ,900.0,稍,56.8,0.2,8-8,38.3,429.0,7.0,エリークラウン,15.0
2022101506,メイショウユウモウ,2026/02/05,川崎,晴,5,渦雷賞(C2),12,2,2,10.0,3.0,4,岡村裕基,56.0,ダ,900.0,良,56.3,0.9,2-2,38.7,422.0,-10.0,パルクールチェコ,15.0
2022101506,メイショウユウモウ,2026/01/13,大井,晴,12,C2121314(C213),16,1,2,65.0,11.0,16,横川怜央,56.0,ダ,1200.0,良,79.0,3.9,1-2,42.5,432.0,-2.0,キタノマティーニ,
2022101506,メイショウユウモウ,2025/12/25,大井,雨,9,C2151617(C216),14,4,5,6.2,3.0,14,鷹見陸,55.0,ダ,1200.0,重,78.5,2.9,2-2,42.5,434.0,1.0,コンゴウ,
2022101506,メイショウユウモウ,2025/12/02,大井,曇,3,C2121314(C213),16,6,11,13.6,5.0,15,野畑凌,56.0,ダ,1200.0,良,77.0,2.6,2-2,41.6,433.0,3.0,イマーシブ,
2022101506,メイショウユウモウ,2025/11/12,大井,晴,2,3歳一二,14,7,13,2.4,1.0,2,和田譲治,56.0,ダ,1200.0,稍,75.0,0.4,2-2,38.9,430.0,-3.0,コイゴロモ,56.0
2022101506,メイショウユウモウ,2025/10/06,水沢,曇,1,C2,10,5,5,1.8,1.0,1,山本聡哉,56.0,ダ,850.0,稍,50.8,-0.4,1-1,36.0,433.0,1.0,(ダグザ),40.0
2022101506,メイショウユウモウ,2025/09/29,水沢,曇,4,C2六組,10,5,5,3.4,1.0,1,山本聡哉,56.0,ダ,1300.0,不,81.8,-0.3,3-2-2-1,39.1,432.0,-5.0,(ビップアリエル),40.0
2022101506,メイショウユウモウ,2025/09/22,水沢,晴,4,3歳C2四組,11,4,4,5.1,3.0,4,佐々木志,56.0,ダ,1300.0,稍,83.7,0.8,4-6-6-6,39.1,437.0,-1.0,トリクロマティック,6.5
2022101506,メイショウユウモウ,2025/07/19,1函館11,曇,2,3歳未勝利,12,2,2,52.3,8.0,11,和田陽希,54.0,ダ,1000.0,良,60.8,2.1,4-4,37.2,438.0,2.0,レストプレドゥモア,
2022101506,メイショウユウモウ,2025/07/05,1函館7,晴,2,3歳未勝利,12,6,8,52.3,9.0,9,和田陽希,54.0,ダ,1000.0,不,59.8,1.8,3-3,36.8,436.0,0.0,ミッキーマカパ,
2022101506,メイショウユウモウ,2025/06/22,1函館4,曇,3,3歳未勝利,12,3,3,35.8,7.0,6,秋山稔樹,57.0,ダ,1000.0,重,59.5,1.0,4-3,36.5,436.0,-2.0,アスゴッド,
2022101506,メイショウユウモウ,2025/06/15,1函館2,晴,3,3歳未勝利,12,6,7,15.7,5.0,4,小沢大仁,57.0,ダ,1000.0,良,59.6,1.0,2-2,36.4,438.0,-2.0,トーアジョウトウ,84.0
2022101506,メイショウユウモウ,2025/03/16,1阪神6,小雨,3,3歳未勝利,16,7,13,30.6,6.0,16,酒井学,57.0,ダ,1400.0,稍,90.3,4.1,2-3,42.8,440.0,0.0,サンマルノヴェル,
2021103107,ラベンダーマカロン,2025/08/21,川崎,晴,10,アマゾン賞(C2),10,3,3,,,除,達城龍次,54.0,ダ,1400.0,良,,,,,481.0,6.0,ソーサレス,
2021103107,ラベンダーマカロン,2025/08/07,川崎,曇,3,満漢全席賞(C2二),11,7,8,3.4,2.0,7,櫻井光輔,54.0,ダ,1400.0,良,93.1,1.1,9-9-8-10,40.6,475.0,5.0,ラヴィンローゼス,
2021103107,ラベンダーマカロン,2025/07/08,川崎,晴,5,トリュフ賞(C2二),11,6,7,5.1,2.0,3,櫻井光輔,54.0,ダ,1400.0,良,91.7,0.1,10-10-10-9,39.0,470.0,11.0,ミュークレグルス,37.5
2021103107,ラベンダーマカロン,2025/06/17,川崎,晴,8,インフィオラータ賞(C2),12,6,7,4.9,2.0,2,櫻井光輔,54.0,ダ,1400.0,良,91.2,0.1,2-2-2-2,39.7,459.0,4.0,ラスジャン,60.0
2021103107,ラベンダーマカロン,2025/05/13,川崎,晴,4,C2三四五(C2四),8,3,3,2.2,2.0,1,櫻井光輔,54.0,ダ,1400.0,重,92.2,-0.1,1-1-1-1,39.9,455.0,3.0,(ファイヤーボール),100.0
2021103107,ラベンダーマカロン,2025/04/08,川崎,晴,4,C2三四五(C2四),14,3,4,11.2,6.0,9,櫻井光輔,54.0,ダ,1500.0,稍,101.8,1.2,4-3-5-4,42.9,452.0,-2.0,プルーフリーダー,
2021103107,ラベンダーマカロン,2025/03/04,川崎,曇,7,木苺賞(C2四),9,3,3,6.6,3.0,4,張田昂,54.0,ダ,1500.0,不,99.3,1.3,1-1-1-1,42.4,454.0,-11.0,トンボ,15.0
2021103107,ラベンダーマカロン,2025/02/05,川崎,晴,6,C2三四五(C2四),14,3,4,30.0,5.0,6,木間塚龍,54.0,ダ,1500.0,稍,99.7,1.4,1-1-1-1,42.6,465.0,-4.0,アスクムービーオン,
2021103107,ラベンダーマカロン,2025/01/03,川崎,曇,5,布袋尊賞(C2七),12,1,1,4.5,3.0,2,張田昂,54.0,ダ,1400.0,良,93.0,0.1,1-1-1-1,40.9,469.0,0.0,バクラヴァ,40.0
2021103107,ラベンダーマカロン,2024/12/10,川崎,晴,5,雉鳩特別(3歳),12,7,10,3.4,2.0,2,張田昂,54.0,ダ,1500.0,良,99.2,0.5,4-4-3-3,40.5,469.0,-5.0,マオノボルケーノ,72.0
2021103107,ラベンダーマカロン,2024/11/02,金沢,雨,2,C111,9,2,2,2.0,1.0,1,葛山晃平,54.0,ダ,1500.0,不,95.4,-2.5,1-1-1-1,38.1,474.0,3.0,(サンヨウマイム),42.0
2021103107,ラベンダーマカロン,2024/10/21,金沢,晴,1,C110,11,4,4,33.4,5.0,2,葛山晃平,54.0,ダ,1400.0,重,89.7,0.6,3-3-2-2,37.7,471.0,0.0,ハクサンマロン,13.4
2021103107,ラベンダーマカロン,2024/10/08,金沢,雨,7,アングラー北川洋記念(C1特別),9,5,5,6.9,2.0,8,葛山晃平,54.0,ダ,1500.0,不,98.5,2.5,5-5-5-3,40.9,471.0,0.0,リトルラフター,
2021103107,ラベンダーマカロン,2024/09/21,金沢,曇,2,第1回カラフルライン(C1),10,7,7,25.4,4.0,2,魚住謙心,54.0,ダ,1500.0,重,97.1,1.6,2-2-3-2,39.6,471.0,6.0,ハクサンツキミテイ,13.4
2021103107,ラベンダーマカロン,2024/09/01,金沢,晴,6,能登半島地震復興応援(3歳),9,6,6,95.9,9.0,8,高野誠毅,54.0,ダ,1500.0,重,98.8,3.8,5-5-5-5,41.5,465.0,-3.0,カネコメファミリー,
2021103107,ラベンダーマカロン,2024/08/18,金沢,晴,6,ゴモリー記念(3歳),10,1,1,4.3,3.0,1,葛山晃平,54.0,ダ,1500.0,良,97.7,-0.2,3-3-3-2,40.2,468.0,5.0,(リフトローダー),45.0
2021103107,ラベンダーマカロン,2024/08/05,金沢,晴,6,3歳A4,8,5,5,25.2,4.0,5,高野誠毅,54.0,ダ,1400.0,良,90.9,2.3,2-3-3-3,40.1,463.0,-1.0,ショコラエクレール,4.5
2021103107,ラベンダーマカロン,2024/07/23,金沢,晴,8,パパラチアサファイア(3歳),9,2,2,6.5,2.0,4,堀場裕充,54.0,ダ,1500.0,良,97.7,1.6,5-5-5-5,40.3,464.0,0.0,モニーレ,4.9
2021103107,ラベンダーマカロン,2024/07/09,金沢,曇,11,金沢競馬3歳Bプレミ,11,1,1,45.7,7.0,4,堀場裕充,54.0,ダ,1500.0,稍,98.7,2.8,5-5-3-3,41.0,464.0,-3.0,フレーズタルト,5.0
2021103107,ラベンダーマカロン,2024/06/24,金沢,晴,3,3歳B4,10,3,3,2.9,1.0,1,堀場裕充,54.0,ダ,1500.0,重,98.1,-0.3,1-1-1-1,41.4,467.0,2.0,(ミッドナッツソル),40.0
2021103107,ラベンダーマカロン,2024/06/11,金沢,晴,1,石田☆和也さん誕生日(3歳),8,7,7,2.3,1.0,2,葛山晃平,54.0,ダ,1400.0,良,91.6,0.8,3-3-3-2,40.1,465.0,25.0,キープインマインド,12.8
2021103107,ラベンダーマカロン,2024/03/23,3中山1,曇,6,3歳1勝クラス,11,2,2,274.6,9.0,7,大江原比,51.0,芝,1800.0,良,110.8,1.0,3-3-3-3,35.9,440.0,-6.0,エレクトリックブギ,
2021103107,ラベンダーマカロン,2024/03/17,1中京4,曇,5,3歳未勝利,16,4,8,345.9,14.0,11,橋木太希,52.0,芝,2000.0,良,124.1,1.9,3-3-3-4,36.5,446.0,6.0,クリノアドバンス,
2021103107,ラベンダーマカロン,2024/03/03,2中山4,晴,6,3歳未勝利,18,7,13,534.5,16.0,12,大江原比,51.0,芝,2000.0,稍,123.7,2.3,14-14-15-12,36.5,440.0,0.0,ユキワリザクラ,
2022101395,クリノウィリアム,2026/05/04,船橋,曇,8,牡牛座スプリント(B3),12,1,1,10.8,4.0,2,櫻井光輔,56.0,ダ,1200.0,稍,76.0,0.3,10-10-10,37.9,470.0,10.0,アルヴァレス,108.0
2022101395,クリノウィリアム,2026/04/08,川崎,晴,7,丸子の渡し賞(C1),12,7,9,2.4,1.0,1,櫻井光輔,56.0,ダ,900.0,稍,54.9,-0.4,1-3,37.3,460.0,-1.0,(サラサエンペラー),120.0
2022101395,クリノウィリアム,2026/03/18,浦和,曇,8,春光特別(C1),12,6,7,4.4,2.0,2,櫻井光輔,56.0,ダ,800.0,良,48.1,0.8,9-4,35.2,461.0,0.0,アラビアンレイン,72.0
2022101395,クリノウィリアム,2026/02/27,浦和,曇,6,浦和800ラウンド(C2),12,8,11,2.7,2.0,1,櫻井光輔,56.0,ダ,800.0,重,47.5,-0.1,3-2,34.9,461.0,-3.0,(アライグマパンチ),100.0
2022101395,クリノウィリアム,2026/02/10,船橋,曇,7,C2四五,12,3,3,16.4,5.0,1,櫻井光輔,56.0,ダ,1200.0,良,75.9,0.0,5-5-4,38.7,464.0,-2.0,(ポッドバディ),100.0
2022101395,クリノウィリアム,2026/01/09,浦和,晴,6,浦和800ラウンド(C2),12,5,5,20.6,5.0,2,櫻井光輔,56.0,ダ,800.0,良,48.8,0.0,8-7,35.5,466.0,-3.0,グラッツェ,40.0
2022101395,クリノウィリアム,2025/12/25,浦和,曇,6,クライマックスリレー(C2),12,6,8,18.9,7.0,3,櫻井光輔,56.0,ダ,800.0,重,48.6,0.2,9-6,35.5,469.0,0.0,メーネフロタント,25.0
2022101395,クリノウィリアム,2025/11/26,浦和,晴,5,C2五六,11,7,9,21.8,6.0,11,野畑凌,56.0,ダ,1500.0,良,100.9,4.7,5-5-7-9,43.6,469.0,0.0,ジーティーエンジン,
2022101395,クリノウィリアム,2025/08/15,浦和,晴,5,3歳二,12,8,11,15.1,4.0,11,見越彬央,56.0,ダ,1500.0,良,99.8,2.9,5-3-3-8,43.7,469.0,-1.0,ツガノローマン,
2022101395,クリノウィリアム,2025/07/21,浦和,晴,3,浦和競馬公式ファンク(3歳),8,3,3,3.6,3.0,4,西啓太,56.0,ダ,1400.0,良,90.7,1.4,4-2-2-2,40.1,470.0,2.0,エニーサンダー,27.0
2022101395,クリノウィリアム,2025/06/24,浦和,曇,1,ランチタイムチャレン(3歳),12,8,11,4.7,3.0,3,西啓太,56.0,ダ,1400.0,良,89.0,0.5,7-4-4-3,37.7,468.0,-4.0,スピンディエゴール,45.0
2022101395,クリノウィリアム,2025/05/29,浦和,曇,5,浦和ファイブチャレン(3歳),11,7,8,5.7,4.0,2,西啓太,56.0,ダ,1400.0,良,91.1,0.6,2-2-1-1,41.0,472.0,2.0,マナコル,60.0
2022101395,クリノウィリアム,2025/03/23,1阪神8,晴,2,3歳未勝利,16,7,14,17.7,6.0,15,松若風馬,57.0,ダ,1200.0,良,76.6,2.9,4-4,40.5,470.0,4.0,ミルトライディーン,
2022101395,クリノウィリアム,2025/03/02,1小倉12,曇,2,3歳未勝利,18,2,4,14.3,6.0,5,国分恭介,57.0,芝,1200.0,稍,71.0,0.8,15-13,35.2,466.0,0.0,スネーフリンガ,56.0
2022101395,クリノウィリアム,2025/01/26,1小倉2,晴,2,3歳未勝利,17,3,5,31.1,6.0,9,国分恭介,57.0,芝,1200.0,良,70.8,1.7,16-13,34.7,466.0,14.0,フウセツ,
2022101395,クリノウィリアム,2024/11/17,3福島6,晴,6,2歳未勝利,16,1,2,15.7,7.0,13,国分恭介,56.0,芝,1200.0,良,71.3,1.4,15-13,35.5,452.0,-2.0,ルクスレゼルヴァ,
2022101395,クリノウィリアム,2024/11/03,3福島2,晴,2,2歳未勝利,15,3,4,30.3,10.0,4,石橋脩,56.0,芝,1200.0,重,72.2,0.8,15-14,35.9,454.0,-10.0,ヒラボクカレラ,83.0
2022101395,クリノウィリアム,2024/09/21,3中京6,晴,4,2歳新馬,10,5,5,9.7,6.0,8,幸英明,55.0,ダ,1200.0,良,76.7,2.7,5-5,40.0,464.0,0.0,ザクシス,
2021102681,イソエヴィクラント,2026/07/06,川崎,雨,12,閃光賞(C1),9,8,9,61.0,9.0,8,田中涼,56.0,ダ,900.0,重,56.4,1.5,6-7,38.2,465.0,-6.0,ミスフォルテ,
2021102681,イソエヴィクラント,2026/06/15,川崎,曇,9,駿逸賞(C1),12,6,7,46.0,9.0,6,田中涼,56.0,ダ,900.0,重,56.3,1.1,7-8,37.8,471.0,-4.0,ミスフォルテ,
2021102681,イソエヴィクラント,2026/06/03,船橋,雨,6,イナヅマダッシュ(C1),13,1,1,46.6,11.0,11,佐野遥久,56.0,ダ,1000.0,不,64.1,2.0,7-8,40.1,475.0,-6.0,アライグマパンチ,
2021102681,イソエヴィクラント,2026/05/14,川崎,曇,7,紅玉賞(C1),11,6,7,9.6,4.0,9,新原周馬,56.0,ダ,900.0,良,56.4,0.8,10-10,37.7,481.0,-3.0,ポッドデューク,
2021102681,イソエヴィクラント,2025/11/20,川崎,晴,9,「ご縁の国しまね」特(B3),12,1,1,32.7,7.0,11,新原周馬,56.0,ダ,1400.0,良,94.1,2.8,5-6-9-10,41.3,484.0,4.0,サウンドバッハ,
2021102681,イソエヴィクラント,2025/10/15,川崎,雨,9,才華爛発賞(B3),11,7,9,57.7,9.0,5,新原周馬,56.0,ダ,900.0,重,55.3,1.2,7-7,37.3,480.0,5.0,ラヴォミ,21.0
2021102681,イソエヴィクラント,2025/09/23,浦和,晴,10,月光特別(B2B3),10,6,6,28.5,8.0,5,新原周馬,55.0,ダ,800.0,良,47.5,0.8,7-6,34.9,475.0,-6.0,タマモアルタイル,35.0
2021102681,イソエヴィクラント,2025/09/10,川崎,晴,9,花鳥風月賞(B3),12,6,7,40.1,9.0,8,新原周馬,56.0,ダ,900.0,良,55.4,1.2,8-7,37.8,481.0,7.0,トニープリンス,
2021102681,イソエヴィクラント,2025/08/22,川崎,晴,10,やまなみ五湖「宮ヶ瀬(B3),12,4,4,54.3,8.0,6,田中涼,56.0,ダ,900.0,良,55.7,1.1,9-7,37.5,474.0,2.0,クリスタライズ,
2021102681,イソエヴィクラント,2025/08/06,川崎,曇,12,奔逸絶塵賞(B3),9,2,2,53.2,7.0,5,田中涼,56.0,ダ,900.0,良,55.3,0.9,7-6,37.0,472.0,3.0,オソレ,21.0
2021102681,イソエヴィクラント,2025/07/08,川崎,晴,11,愛川町70周年記念カ(B3),11,6,7,157.2,11.0,5,田中涼,56.0,ダ,900.0,良,55.3,1.1,9-8,37.5,469.0,-2.0,オソレ,21.0
2021102681,イソエヴィクラント,2025/06/19,川崎,晴,10,電光石火賞(B3),12,5,6,56.1,7.0,8,田中涼,56.0,ダ,900.0,良,55.0,1.1,10-11,37.0,471.0,-4.0,トニープリンス,
2021102681,イソエヴィクラント,2025/05/15,川崎,晴,12,早苗月賞(B3),14,3,4,36.0,9.0,12,田中涼,56.0,ダ,1500.0,稍,98.9,1.9,10-10-13-13,41.2,475.0,6.0,レグノ,
2021102681,イソエヴィクラント,2025/05/06,船橋,雨,7,潮干狩りダッシュ(B3C1),14,6,9,15.8,5.0,8,野畑凌,57.0,ダ,1000.0,不,62.5,2.2,12-13,38.2,469.0,-8.0,スピークイージー,
2021102681,イソエヴィクラント,2025/04/08,川崎,晴,8,勇気凛凛賞(B2B3),12,4,4,10.6,4.0,9,野畑凌,55.0,ダ,900.0,稍,55.8,1.0,9-7,37.9,477.0,14.0,モンゲースパイ,
2021102681,イソエヴィクラント,2024/09/04,川崎,晴,10,山紫水明賞(B2B3),12,3,3,11.1,7.0,2,野畑凌,54.0,ダ,900.0,重,55.5,0.1,6-6,37.8,463.0,2.0,クロッチ,96.0
2021102681,イソエヴィクラント,2024/07/23,川崎,晴,9,烈火賞(C1),12,7,9,3.1,2.0,3,佐野遥久,52.0,ダ,900.0,稍,55.1,0.3,7-5,37.2,461.0,-1.0,ディーズルージュ,30.0
2021102681,イソエヴィクラント,2024/07/01,川崎,雨,9,閃光賞(C1),9,8,8,2.0,1.0,2,佐野遥久,52.0,ダ,900.0,重,55.5,0.3,2-2,38.0,462.0,2.0,ビップレジアス,48.0
2021102681,イソエヴィクラント,2024/06/14,川崎,晴,2,ヴィントシュトース賞(3歳),12,5,5,2.3,1.0,1,佐野遥久,53.0,ダ,900.0,良,54.5,-0.5,1-2,37.3,460.0,-1.0,(ドナノーブル),200.0
2021102681,イソエヴィクラント,2024/05/08,川崎,晴,4,ブレッザ賞(3歳),0,5,6,,,除,新原周馬,56.0,ダ,900.0,稍,,,,,462.0,1.0,,
2021102681,イソエヴィクラント,2024/04/01,川崎,晴,2,アルコンスィエル賞(3歳),11,7,8,3.9,2.0,4,佐野遥久,53.0,ダ,900.0,重,55.9,0.7,2-3,38.2,461.0,-2.0,オーソレリカ,30.0
2021102681,イソエヴィクラント,2024/03/12,川崎,雨,3,ミストラル賞(3歳),12,7,9,13.0,3.0,4,新原周馬,56.0,ダ,900.0,稍,56.6,1.6,7-5,38.2,463.0,4.0,パレスレガシー,30.0
2021102681,イソエヴィクラント,2023/10/13,川崎,晴,4,はやて賞(2歳),10,4,4,3.3,2.0,2,新原周馬,54.0,ダ,900.0,良,55.7,0.4,3-2,38.0,459.0,8.0,シナノスマイル,88.0
2021102681,イソエヴィクラント,2023/09/21,大井,曇,11,ゴールドジュニア競走(重賞),11,8,12,92.3,10.0,11,町田直希,54.0,ダ,1200.0,良,76.7,3.9,5-7,41.4,451.0,8.0,クルマトラサン,
2021102681,イソエヴィクラント,2023/08/09,船橋,曇,2,フューチュリティスプ(2歳),8,2,2,6.0,3.0,4,町田直希,54.0,ダ,1200.0,良,76.3,0.7,4-4-4,39.4,443.0,-7.0,ヨルノテイオー,48.0
2021102681,イソエヴィクラント,2023/07/07,川崎,晴,4,スパーキングデビュー(2歳),5,2,2,1.8,1.0,1,町田直希,54.0,ダ,900.0,良,54.9,-1.1,1-1,37.8,450.0,0.0,(ドナデュボア),420.0
2022106235,ウインレアリゼ,2026/07/08,川崎,晴,8,仙人草賞(C1),10,6,6,5.6,3.0,8,山林堂信,54.0,ダ,1400.0,稍,93.4,1.7,6-6-1-5,41.2,473.0,-5.0,ピーターライズ,
2022106235,ウインレアリゼ,2026/05/10,1新潟4,晴,7,4歳以上1勝クラス,15,6,11,63.9,11.0,10,石神深道,53.0,ダ,1200.0,良,72.8,1.2,7-7,37.8,478.0,0.0,フォンメイリー,
2022106235,ウインレアリゼ,2026/03/22,1中京4,曇,12,4歳以上1勝クラス,16,7,13,85.6,12.0,12,石神深道,53.0,ダ,1200.0,良,74.1,1.9,11-10,37.8,478.0,4.0,シルフズミスチーフ,
2022106235,ウインレアリゼ,2026/02/28,1阪神3,曇,7,4歳以上1勝クラス,16,4,7,79.2,12.0,16,吉村誠之,56.0,ダ,1400.0,良,86.5,2.3,12-15,38.1,474.0,0.0,ヨリノレジェンド,
2022106235,ウインレアリゼ,2026/01/10,1中山3,晴,12,4歳以上1勝クラス,16,4,7,33.1,10.0,11,石神深道,53.0,ダ,1200.0,良,74.2,1.7,8-9,38.7,474.0,10.0,キボウノホシ,
2022106235,ウインレアリゼ,2025/08/03,2新潟4,晴,5,3歳未勝利,15,4,7,5.2,2.0,1,石神深道,52.0,ダ,1200.0,良,73.2,0.0,7-7,37.8,464.0,-8.0,(マロンカラノテガミ),560.0
2022106235,ウインレアリゼ,2025/06/21,3東京5,晴,2,3歳未勝利,16,1,1,14.2,8.0,3,石神深道,52.0,ダ,1400.0,良,86.2,0.6,10-7,35.9,472.0,8.0,サクラパステル,140.0
2022106235,ウインレアリゼ,2025/06/07,3東京1,晴,2,3歳未勝利,16,7,13,21.9,5.0,2,石神深道,52.0,ダ,1400.0,良,85.9,0.4,12-12,36.8,464.0,4.0,ブルージュ,220.0
2022106235,ウインレアリゼ,2025/05/17,1新潟5,雨,2,3歳未勝利,15,5,9,19.1,7.0,5,石神深道,52.0,ダ,1200.0,稍,73.8,1.1,13-11,37.4,460.0,-2.0,アイアンソリッド,56.0
2022106235,ウインレアリゼ,2025/04/19,3中山7,晴,3,3歳未勝利,16,8,16,10.8,5.0,5,三浦皇成,55.0,ダ,1200.0,良,73.3,0.5,5-6,37.6,462.0,-2.0,ショーモッシュ,56.0
2022106235,ウインレアリゼ,2025/02/15,1東京5,晴,1,3歳未勝利,16,5,10,13.7,5.0,10,三浦皇成,55.0,ダ,1400.0,良,88.6,1.0,9-9,38.6,464.0,2.0,マイネルブリオン,
2022106235,ウインレアリゼ,2025/01/26,1中山9,晴,1,3歳未勝利,16,5,10,16.1,4.0,4,三浦皇成,55.0,ダ,1200.0,良,73.5,0.8,13-12,38.0,462.0,4.0,イズルード,84.0
2022106235,ウインレアリゼ,2024/12/14,5中山5,晴,3,2歳未勝利,16,1,2,183.6,13.0,6,永島まな,53.0,ダ,1200.0,良,73.8,0.7,13-12,37.9,458.0,4.0,ヤマメキング,
2022106235,ウインレアリゼ,2024/11/03,3福島2,晴,1,2歳未勝利,16,4,8,20.2,8.0,12,松岡正海,55.0,ダ,1150.0,不,70.2,2.2,12-11,37.5,454.0,0.0,ゴメンネジロー,
2022106235,ウインレアリゼ,2024/09/16,4中山5,曇,3,2歳未勝利,13,8,12,27.3,5.0,6,丹内祐次,55.0,ダ,1200.0,良,74.2,1.7,5-4,39.4,454.0,2.0,ケイツーギルダー,
2022106235,ウインレアリゼ,2024/09/07,4中山1,晴,4,2歳新馬,16,6,11,8.0,5.0,7,丹内祐次,55.0,ダ,1200.0,良,74.5,1.2,3-3,38.9,452.0,0.0,コパノヴィンセント,
2022106025,ネヴァーノウズ,2026/07/10,川崎,晴,9,あやせオープンファク(C1),11,3,3,190.9,11.0,11,加藤雄真,54.0,ダ,1400.0,良,93.8,2.4,11-11-10-9,41.2,439.0,-6.0,ライヴドライバー,
2022106025,ネヴァーノウズ,2026/06/15,川崎,曇,9,駿逸賞(C1),12,8,11,65.5,11.0,12,加藤雄真,54.0,ダ,900.0,重,56.9,1.7,10-10,38.1,445.0,6.0,ミスフォルテ,
2022106025,ネヴァーノウズ,2026/05/14,川崎,曇,7,紅玉賞(C1),11,4,4,215.9,10.0,4,池谷匠翔,56.0,ダ,900.0,良,56.0,0.4,9-8,37.5,439.0,-3.0,ポッドデューク,18.0
2022106025,ネヴァーノウズ,2026/05/08,船橋,曇,8,琥珀ダッシュ(C1),14,4,6,275.6,13.0,11,池谷匠翔,56.0,ダ,1000.0,良,63.6,2.1,12-12,38.8,442.0,2.0,エクセレンアーサー,
2022106025,ネヴァーノウズ,2026/04/06,川崎,晴,9,光速賞(C1),11,4,4,191.3,10.0,11,池谷匠翔,56.0,ダ,900.0,重,56.7,1.2,10-10,37.8,440.0,0.0,レジェス,
2022106025,ネヴァーノウズ,2026/03/19,浦和,曇,6,C1五,12,7,9,144.0,11.0,12,加藤雄真,53.0,ダ,1500.0,良,99.7,2.4,3-3-4-8,42.0,440.0,-8.0,エステティーカ,
2022106025,ネヴァーノウズ,2026/03/04,川崎,曇,4,西洋躑躅賞(C1),11,6,7,161.0,11.0,10,加藤雄真,53.0,ダ,1400.0,不,94.3,2.4,8-8-9-8,42.2,448.0,-3.0,ナートゥ,
2022106025,ネヴァーノウズ,2026/02/03,川崎,晴,12,王者の眼差し賞(C1),12,7,9,91.9,12.0,10,古岡勇樹,56.0,ダ,1400.0,良,93.6,1.1,9-9-10-8,41.0,451.0,12.0,ハーモニーレグルス,
2022106025,ネヴァーノウズ,2026/01/21,船橋,晴,7,馬い!馬い!唐津小松(C1),14,1,1,355.5,12.0,14,古岡勇樹,56.0,ダ,1600.0,良,108.2,3.5,3-4-5-7,42.3,439.0,-3.0,バーリフレイバー,
2022106025,ネヴァーノウズ,2026/01/03,川崎,晴,8,七福即生特別(C1),12,1,1,34.4,10.0,8,古岡勇樹,56.0,ダ,1600.0,稍,107.4,2.0,7-7-8-6,41.5,442.0,-2.0,ロアリングフレイム,
2022106025,ネヴァーノウズ,2025/12/16,川崎,晴,9,まつだ桜まつり賞(C1),12,5,5,21.6,7.0,5,古岡勇樹,56.0,ダ,1400.0,重,94.1,2.0,9-8-9-7,41.6,444.0,2.0,ロアリングフレイム,12.0
2022106025,ネヴァーノウズ,2025/11/18,川崎,晴,5,アッサム賞(C2),12,8,12,19.7,5.0,2,古岡勇樹,56.0,ダ,1400.0,良,92.7,0.0,1-1-1-1,41.2,442.0,3.0,ボルドーティラミス,60.0
2022106025,ネヴァーノウズ,2025/11/03,船橋,晴,5,船橋ホースパーク賞(C2C3),14,8,13,62.8,10.0,3,池谷匠翔,57.0,ダ,1000.0,稍,62.6,0.9,6-4,38.3,439.0,-2.0,スズノライン,37.5
2022106025,ネヴァーノウズ,2025/10/13,川崎,曇,6,巨福呂坂賞(C2),12,7,9,11.3,6.0,10,加藤雄真,53.0,ダ,900.0,良,57.2,1.7,7-8,38.7,441.0,6.0,プレストヴィーナス,
2022106025,ネヴァーノウズ,2025/09/26,浦和,晴,2,浦和800ラウンド(3歳),12,1,1,15.9,6.0,6,佐野遥久,56.0,ダ,800.0,良,48.4,0.8,6-6,35.6,435.0,-8.0,オレイア,
2022106025,ネヴァーノウズ,2025/09/11,川崎,晴,1,スピア賞(3歳),12,6,8,9.9,4.0,7,佐野遥久,56.0,ダ,900.0,稍,56.9,0.9,7-8,38.3,443.0,3.0,シンシアビューティ,
2022106025,ネヴァーノウズ,2025/07/07,川崎,晴,3,ライトニング賞(3歳),12,1,1,25.9,7.0,3,池谷匠翔,57.0,ダ,900.0,良,56.1,0.5,11-8,37.4,440.0,3.0,タケノマジック,40.0
2022106025,ネヴァーノウズ,2025/06/30,船橋,晴,7,3歳二,6,1,1,21.7,4.0,5,池谷匠翔,56.0,ダ,1200.0,良,76.3,1.8,6-6-6,39.3,437.0,-2.0,キングスバリー,20.0
2022106025,ネヴァーノウズ,2025/06/16,川崎,晴,2,ラファール賞(3歳),11,4,4,11.4,5.0,4,池谷匠翔,56.0,ダ,900.0,重,56.1,0.2,7-7,37.7,439.0,1.0,トゥルーリアイ,24.0
2022106025,ネヴァーノウズ,2025/05/26,浦和,曇,2,ランチタイムチャレン(3歳),12,5,5,20.4,6.0,8,池谷匠翔,56.0,ダ,1400.0,稍,89.3,1.5,6-6-5-5,39.1,438.0,0.0,ノヴァヴィア,
2022106025,ネヴァーノウズ,2025/05/12,川崎,曇,1,リュフトヒエン賞(3歳),12,4,4,9.6,3.0,4,池谷匠翔,56.0,ダ,900.0,重,56.9,0.2,6-5,38.6,438.0,-7.0,ゴールドサイカ,24.0
2022106025,ネヴァーノウズ,2025/04/25,浦和,曇,5,浦和800ラウンド(3歳),11,6,6,14.9,4.0,6,町田直希,56.0,ダ,800.0,良,48.5,1.1,7-3,35.0,445.0,2.0,ディスラプター,
2022106025,ネヴァーノウズ,2025/02/08,川崎,晴,1,テンポラーレ賞(3歳),11,5,6,16.8,6.0,5,吉原寛人,55.0,ダ,900.0,良,56.3,1.0,7-5,38.5,443.0,-8.0,ランラン,25.0
2022106025,ネヴァーノウズ,2025/01/03,川崎,曇,2,寿老人賞(3歳),12,7,10,8.1,4.0,1,町田直希,55.0,ダ,900.0,良,56.9,-0.1,1-1,39.3,451.0,14.0,(シンシアビューティ),200.0
2022106025,ネヴァーノウズ,2024/10/07,川崎,晴,1,2歳5,9,2,2,26.0,5.0,4,町田直希,55.0,ダ,1400.0,重,97.1,5.4,4-3-3-3,44.2,437.0,-4.0,ホーリーグレイル,30.0
2022106025,ネヴァーノウズ,2024/09/06,川崎,晴,5,スパーキングデビュー(2歳),8,5,5,4.5,3.0,4,町田直希,54.0,ダ,1400.0,良,96.2,3.5,4-4-3-4,44.2,441.0,0.0,オリコウデレガンス,60.0
2021102906,リュウノシンクウハ,2026/07/10,川崎,晴,7,稲妻賞(C2),10,3,3,1.9,1.0,1,増田充宏,56.0,ダ,900.0,良,54.9,-0.2,1-1,37.4,482.0,-3.0,(ハーイバービー),100.0
2021102906,リュウノシンクウハ,2026/06/19,川崎,曇,6,雲神賞(C2),11,2,2,4.9,2.0,1,増田充宏,56.0,ダ,900.0,重,54.8,-0.2,4-2,37.2,485.0,0.0,(クラウディルックス),100.0
2021102906,リュウノシンクウハ,2025/08/07,川崎,曇,6,C1六七,10,8,12,,,除,野畑凌,56.0,ダ,1400.0,良,,,,,476.0,-9.0,サヨノビッグホープ,
2021102906,リュウノシンクウハ,2025/07/11,川崎,曇,9,技と心で駆け抜けろ!(C1),11,6,7,,,取,岡村健司,56.0,ダ,1400.0,重,,,,,,,ミステリオ,
2021102906,リュウノシンクウハ,2025/06/18,川崎,晴,5,C1四五,11,7,9,6.2,4.0,5,岡村健司,56.0,ダ,1400.0,良,92.8,1.6,4-2-3-2,42.2,485.0,-6.0,ラムテリオス,12.0
2021102906,リュウノシンクウハ,2025/05/28,浦和,晴,9,疾駆特別(C1),12,5,6,9.4,3.0,5,矢野貴之,56.0,ダ,800.0,良,47.7,1.2,8-6,34.5,491.0,2.0,ダンシングクライ,18.0
2021102906,リュウノシンクウハ,2025/05/16,川崎,晴,9,開成町町制施行70周(C1),12,1,1,3.6,2.0,5,矢野貴之,56.0,ダ,900.0,稍,55.4,0.5,7-6,37.0,489.0,-1.0,ケイツーユーロ,12.0
2021102906,リュウノシンクウハ,2025/04/08,川崎,晴,12,海棠賞(C1五),12,7,10,2.4,1.0,4,野畑凌,56.0,ダ,1400.0,稍,92.7,0.4,2-1-1-1,41.4,490.0,6.0,パイロデキセキ,18.0
2021102906,リュウノシンクウハ,2025/03/21,浦和,晴,8,幸手桜と菜の花賞(C1),12,5,5,4.5,3.0,2,野畑凌,56.0,ダ,1400.0,稍,89.5,0.3,1-1-1-1,38.9,484.0,0.0,アムレート,48.0
2021102906,リュウノシンクウハ,2025/02/08,川崎,晴,10,爆速賞(C1),12,3,3,2.0,1.0,8,佐野遥久,54.0,ダ,900.0,良,56.6,1.2,5-7,39.1,484.0,-5.0,カチヌキマリコ,
2021102906,リュウノシンクウハ,2025/01/01,川崎,晴,6,四扇賞(C2),13,1,1,17.5,4.0,3,佐野遥久,54.0,ダ,1400.0,良,92.2,0.3,1-1-1-1,40.2,489.0,-1.0,シンボリノエル,37.5
2021102906,リュウノシンクウハ,2024/12/11,川崎,晴,4,急雷賞(C2),12,1,1,2.2,1.0,1,佐野遥久,54.0,ダ,900.0,良,55.5,0.0,1-1,38.0,490.0,2.0,(ミヤジミニー),100.0
2021102906,リュウノシンクウハ,2024/10/31,門別,晴,10,オキザリス特別(C2),10,4,4,3.9,2.0,3,石川倭,57.0,ダ,1000.0,良,62.0,0.1,8-5,36.9,488.0,-8.0,メトゥス,11.6
2021102906,リュウノシンクウハ,2024/10/22,門別,曇,9,3歳以上C3ー2C4,12,7,9,2.4,1.0,2,石川倭,57.0,ダ,1000.0,稍,61.8,0.1,8-7,37.1,496.0,0.0,コリュウカゲミツ,11.2
2021102906,リュウノシンクウハ,2024/10/08,門別,晴,8,3歳以上C3ー2C4,12,5,6,1.8,1.0,2,石川倭,57.0,ダ,1000.0,稍,62.4,0.3,6-3,37.3,496.0,6.0,キラリメイラード,11.2
2021102906,リュウノシンクウハ,2024/09/25,門別,晴,10,ヘメロカリス特別(C3),12,7,10,1.3,1.0,3,石川倭,57.0,ダ,1000.0,良,62.5,0.6,3-2,38.5,490.0,4.0,オソレ,11.6
2021102906,リュウノシンクウハ,2024/07/14,1函館12,晴,4,3歳未勝利,12,7,10,12.6,7.0,3,鮫島克駿,57.0,ダ,1000.0,良,60.0,0.7,5-6,36.3,486.0,-4.0,ペレグリン,140.0
2021102906,リュウノシンクウハ,2024/06/01,4京都1,晴,3,3歳未勝利,16,4,7,11.1,6.0,11,坂井瑠星,57.0,ダ,1200.0,稍,74.4,2.1,3-2,39.1,490.0,0.0,イエデゴロゴロ,
2021102906,リュウノシンクウハ,2024/05/18,3京都9,晴,2,3歳未勝利,16,2,3,24.2,8.0,5,松若風馬,57.0,ダ,1200.0,良,74.1,1.5,8-7,37.6,490.0,0.0,アメリカンマーチ,55.0
2021102906,リュウノシンクウハ,2024/02/18,2京都8,曇,2,3歳未勝利,15,2,3,13.7,3.0,3,松若風馬,57.0,ダ,1200.0,稍,73.3,0.7,1-1,37.5,490.0,-18.0,プロミシングスター,140.0
2021102906,リュウノシンクウハ,2024/01/28,2京都2,晴,1,3歳未勝利,15,7,12,106.0,12.0,6,角田大河,56.0,ダ,1200.0,良,74.0,1.1,6-5,38.4,508.0,0.0,アスタールテニウム,
2021102906,リュウノシンクウハ,2024/01/14,1京都5,晴,3,3歳新馬,16,8,15,18.2,5.0,9,角田大河,56.0,ダ,1400.0,良,87.7,1.4,2-2,39.9,508.0,0.0,ディスタントスカイ,
2021107381,アタゴテンジン,2026/07/09,川崎,晴,8,疾風賞(C1),10,8,10,3.1,2.0,3,笹川翼,56.0,ダ,900.0,良,55.5,0.3,1-2,38.4,441.0,-3.0,バルジェロ,30.0
2021107381,アタゴテンジン,2026/03/03,川崎,雨,12,進撃賞(C1),12,6,8,1.5,1.0,1,笹川翼,56.0,ダ,900.0,不,54.7,0.0,1-1,37.4,444.0,-4.0,(アイアンピッチ),120.0
2021107381,アタゴテンジン,2026/02/04,川崎,晴,5,百雷賞(C2),12,5,6,1.5,1.0,1,笹川翼,56.0,ダ,900.0,良,55.2,-0.5,1-2,37.5,448.0,-2.0,(ハーイバービー),100.0
2021107381,アタゴテンジン,2026/01/01,川崎,晴,5,四扇賞(C2),12,5,6,2.9,2.0,1,笹川翼,56.0,ダ,900.0,稍,55.0,-0.9,1-1,37.7,450.0,-16.0,(マオノボルケーノ),100.0
2021107381,アタゴテンジン,2025/04/29,大井,晴,9,C1七八九(C1八),13,1,1,2.2,1.0,12,笹川翼,56.0,ダ,1200.0,重,76.9,3.4,1-1,41.7,466.0,1.0,マルヨジョーダン,
2021107381,アタゴテンジン,2025/03/26,大井,晴,9,八丈島フリージア賞(C1),14,7,12,2.7,1.0,3,笹川翼,56.0,ダ,1200.0,良,74.9,0.3,3-3,38.3,465.0,1.0,ミネソタ,30.0
2021107381,アタゴテンジン,2024/12/30,大井,晴,6,C2六七,14,3,3,1.4,1.0,1,笹川翼,56.0,ダ,1200.0,良,74.3,-0.7,1-1,38.4,464.0,4.0,(マイネルウォーリア),100.0
2021107381,アタゴテンジン,2024/11/06,大井,曇,4,C2十11,12,8,12,4.2,2.0,1,笹川翼,56.0,ダ,1200.0,稍,75.1,-0.3,3-3,38.9,460.0,-10.0,(ビックバンブー),100.0
2021107381,アタゴテンジン,2024/06/04,大井,晴,8,スクリュー・ドライバ(3歳),16,6,11,3.0,2.0,2,笹川翼,56.0,ダ,1200.0,不,76.8,1.9,4-2,41.6,470.0,-6.0,アベニンスマイル,60.0
2021107381,アタゴテンジン,2024/01/21,大井,曇,2,3歳新馬(新馬),10,1,1,2.6,1.0,1,笹川翼,56.0,ダ,1200.0,不,76.7,0.0,1-1,38.7,476.0,0.0,(ベーリングキララ),350.0
2021100511,パワポケウイング,2026/01/04,川崎,晴,10,門松特別(B3C1),12,5,5,18.0,4.0,8.0,古岡勇樹,55.0,ダ,900.0,稍,56.8,1.4,12-10,37.8,509.0,-2.0,カンノンアーニモ,
2021100511,パワポケウイング,2025/12/16,川崎,晴,10,祝松田町・寄村合併7(B3),10,6,6,36.4,8.0,8.0,櫻井光輔,56.0,ダ,900.0,重,56.5,1.1,10-10,36.9,511.0,3.0,バッファローライズ,
2021100511,パワポケウイング,2025/11/20,川崎,晴,9,「ご縁の国しまね」特(B3),12,5,6,54.1,9.0,8.0,今野忠成,56.0,ダ,1400.0,良,92.9,1.6,9-9-4-3,40.1,508.0,-2.0,サウンドバッハ,
2021100511,パワポケウイング,2025/11/04,船橋,晴,9,ノーベンバースプリン(B3),10,8,9,57.7,9.0,6.0,西啓太,56.0,ダ,1200.0,良,75.5,1.6,2-2-2,38.8,510.0,-7.0,キングスバリー,
2021100511,パワポケウイング,2025/10/16,川崎,曇,12,大平山特別(B3),12,7,10,33.3,8.0,12.0,Ｍ．ミシ,54.0,ダ,1400.0,重,96.3,5.6,12-12-12-12,41.4,517.0,8.0,ナチュラルターン,
2021100511,パワポケウイング,2025/09/10,川崎,晴,9,花鳥風月賞(B3),12,5,6,32.4,8.0,6.0,山崎誠士,56.0,ダ,900.0,良,55.3,1.1,5-4,37.9,509.0,1.0,トニープリンス,
2021100511,パワポケウイング,2025/03/31,船橋,曇,9,石の上にも三年記念(B3),9,8,9,8.9,5.0,2.0,山崎誠士,56.0,ダ,1200.0,良,75.2,1.0,2-2-2,39.0,508.0,-7.0,タマモアルタイル,108.0
2021100511,パワポケウイング,2025/03/19,浦和,雨,8,幸手桜トンネル賞(B3),0,1,1,,,,野畑凌,56.0,ダ,1400.0,不,,,,,,,,
2021100511,パワポケウイング,2025/03/11,船橋,曇,9,マーチスプリント(B2B3),11,8,10,41.6,7.0,8.0,山崎誠士,55.0,ダ,1200.0,良,75.7,1.1,4-3-3,39.8,515.0,8.0,シゲルマッハ,
2021100511,パワポケウイング,2025/01/21,船橋,晴,10,睦月スプリント(B3),11,2,2,20.0,7.0,8.0,山崎誠士,56.0,ダ,1200.0,良,75.3,1.2,6-7-6,39.0,507.0,-2.0,コスモルージュ,
2021100511,パワポケウイング,2025/01/04,川崎,晴,9,黒豆賞(C1二),12,5,5,63.5,10.0,3.0,山崎誠士,56.0,ダ,1400.0,良,92.2,0.3,1-1-1-1,40.9,509.0,1.0,ヘクトプリンセス,45.0
2021100511,パワポケウイング,2024/12/17,船橋,晴,7,センリョウスプリント(C1),12,6,7,9.0,5.0,4.0,野畑凌,56.0,ダ,1200.0,良,76.0,0.5,7-8-8,39.3,508.0,-7.0,コパノスタンリー,27.0
2021100511,パワポケウイング,2024/11/14,川崎,曇,12,SPAT4でお得なポ(C1),12,2,2,5.1,2.0,7.0,山崎誠士,56.0,ダ,1400.0,良,92.9,2.6,5-4-5-4,41.8,515.0,-1.0,ルルネージュ,
2021100511,パワポケウイング,2024/11/01,船橋,雨,10,凩賞(C1),12,7,9,24.5,9.0,6.0,山崎誠士,56.0,ダ,1200.0,稍,76.4,0.8,6-5-4,39.6,516.0,11.0,リュウノメディナ,
2021100511,パワポケウイング,2024/05/27,船橋,曇,3,3歳二,12,1,1,9.3,2.0,1.0,野畑凌,56.0,ダ,1200.0,稍,75.5,-0.4,1-1-1,39.7,505.0,5.0,(フェイスザワン),200.0
2021100511,パワポケウイング,2024/04/16,浦和,晴,7,ツインゴールド特別(3歳),12,5,6,48.6,9.0,4.0,山崎誠士,56.0,ダ,1400.0,良,91.3,1.2,2-2-2-3,40.4,500.0,-2.0,スモークフレイバー,45.0
2021100511,パワポケウイング,2024/04/04,川崎,曇,12,頬白特別(3歳),11,5,5,4.9,3.0,5.0,山崎誠士,56.0,ダ,1500.0,重,99.8,0.7,1-1-1-1,42.3,502.0,-1.0,ディセントラライズ,25.0
2021100511,パワポケウイング,2024/03/11,川崎,晴,4,3歳4,12,2,2,2.4,1.0,2.0,矢野貴之,56.0,ダ,1400.0,良,94.6,0.6,2-2-2-2,42.1,503.0,1.0,エスメラルドエクラ,80.0
2021100511,パワポケウイング,2024/03/04,船橋,晴,5,3歳四,11,1,1,9.1,5.0,4.0,山崎誠士,56.0,ダ,1200.0,良,78.0,1.0,9-8-7,40.0,502.0,11.0,スマイルナウ,30.0
2021100511,パワポケウイング,2023/09/13,川崎,晴,4,シャイニングトレジャ(2歳),7,7,7,1.4,1.0,5.0,山崎誠士,54.0,ダ,1500.0,良,98.9,0.7,1-2-1-2,42.8,491.0,7.0,ドウザン,35.0
2021100511,パワポケウイング,2023/08/23,川崎,晴,1,2歳5,7,5,5,1.2,1.0,1.0,山崎誠士,54.0,ダ,1400.0,良,91.8,-1.6,1-1-1-1,39.3,484.0,1.0,(ベルクリヒト),200.0
2021100511,パワポケウイング,2023/07/28,川崎,晴,4,スパーキングデビュー(2歳),8,8,8,2.3,1.0,4.0,山崎誠士,54.0,ダ,1400.0,良,94.0,1.4,3-4-3-2,41.5,483.0,0.0,テルオール,63.0
2022109068,クレバス,2026/02/03,川崎,晴,7,桜草賞(C1),12,6,7,36.7,5.0,8,伊藤裕人,54.0,ダ,1400.0,良,92.8,0.3,8-7-8-5,40.6,493.0,0.0,ナートゥ,
2022109068,クレバス,2026/01/04,川崎,晴,12,千両賞(C1),14,3,4,27.9,6.0,7,佐野遥久,53.0,ダ,1500.0,稍,98.5,1.7,4-3-4-4,40.3,493.0,0.0,ファリードゥーン,
2022109068,クレバス,2025/12/19,川崎,晴,9,ありがとう山崎誠士騎(C1),10,7,7,5.0,4.0,1,町田直希,54.0,ダ,1400.0,稍,92.1,-0.2,5-5-5-4,40.1,493.0,-5.0,(ノーブルウィスパー),120.0
2022109068,クレバス,2025/08/25,川崎,晴,8,C1三四五(C1四),7,2,2,13.6,3.0,5,町田直希,53.0,ダ,1400.0,良,92.7,2.1,6-5-6-5,40.5,498.0,3.0,ダンデライオン,12.0
2022109068,クレバス,2025/08/08,川崎,晴,9,早涼賞(C1),14,7,11,12.7,6.0,6,新原周馬,53.0,ダ,1500.0,良,98.6,1.1,4-5-4-4,40.7,495.0,0.0,ポッドジャスパー,
2022109068,クレバス,2025/07/11,川崎,曇,10,個性豊かな11の庭あ(C1),13,5,8,9.8,3.0,4,町田直希,53.0,ダ,1500.0,重,98.9,0.4,3-3-3-2,41.6,495.0,3.0,プルーフリーダー,18.0
2022109068,クレバス,2025/06/18,川崎,晴,6,青葉木菟特別(3歳),14,5,7,5.2,3.0,6,町田直希,55.0,ダ,1500.0,良,98.3,2.0,11-10-7-6,42.1,492.0,0.0,チャチャハツゴウ,
2022109068,クレバス,2025/06/05,船橋,晴,7,ナイスブーツ特別(3歳未格),9,3,3,4.4,2.0,5,町田直希,54.0,ダ,1600.0,稍,107.1,2.7,8-8-8-7,42.0,492.0,-4.0,スノークルーズ,25.0
2022109068,クレバス,2025/05/14,川崎,晴,3,アウラー賞(3歳),12,3,3,2.0,1.0,1,町田直希,54.0,ダ,1500.0,稍,98.4,-0.1,6-5-4-2,41.6,496.0,-2.0,(ソリスレガーロ),200.0
2022109068,クレバス,2025/04/09,川崎,晴,4,黄連雀賞(3歳),9,2,2,1.8,1.0,3,町田直希,54.0,ダ,1400.0,稍,93.0,0.2,4-4-3-2,41.0,498.0,12.0,エルガー,50.0
2022109068,クレバス,2024/11/15,川崎,曇,3,ショウリョウバッタ賞(2歳),10,4,4,2.0,1.0,2,町田直希,54.0,ダ,1400.0,稍,92.3,0.6,5-3-4-4,39.9,486.0,8.0,エレファントラン,88.0
2022109068,クレバス,2024/10/10,門別,晴,4,2歳3組,8,3,3,3.3,1.0,1,小野楓馬,55.0,ダ,1700.0,良,112.9,0.0,4-4-5-4,39.4,478.0,4.0,(ジェーケーボンバー),60.0
2022109068,クレバス,2024/09/19,門別,晴,12,フローラルカップ〔H(重賞),11,4,4,115.8,9.0,5,小野楓馬,55.0,ダ,1600.0,良,105.7,2.1,11-8-6-4,41.1,474.0,6.0,ゼロアワー,28.0
2022109068,クレバス,2024/08/29,門別,曇,4,JRA認定競走アタッ(未勝利)(2歳),9,2,2,23.3,6.0,5,小野楓馬,55.0,ダ,1700.0,稍,114.6,2.5,9-9-8-7,40.3,468.0,4.0,バリウィール,8.4
2022109068,クレバス,2024/08/14,門別,曇,3,JRA認定競走アタッ(未勝利)(2歳),11,4,4,31.3,7.0,4,小野楓馬,55.0,ダ,1600.0,重,106.5,2.5,4-6-4-4,41.6,464.0,-8.0,ゴーゴーイーグルス,16.8
2022109068,クレバス,2024/07/23,門別,曇,4,2歳牝馬未勝利(未勝利),9,7,7,2.1,1.0,1,小野楓馬,55.0,ダ,1000.0,良,62.3,-0.3,5-5,37.3,472.0,0.0,(ニンカリ),50.0
2022109068,クレバス,2024/07/03,門別,曇,5,JRA認定競走フレッ(新馬)(2歳),9,2,2,48.2,8.0,4,小野楓馬,55.0,ダ,1100.0,稍,69.7,1.0,4-4,38.9,472.0,0.0,ファーマムーン,35.0
2022103898,ピーチマカロン,2026/07/09,川崎,晴,8,疾風賞(C1),10,1,1,31.0,6.0,5,達城龍次,54.0,ダ,900.0,良,55.5,0.3,8-7,37.5,492.0,-1.0,バルジェロ,12.0
2022103898,ピーチマカロン,2026/06/16,川崎,晴,7,颯爽賞(C1),12,7,10,51.3,9.0,4,達城龍次,54.0,ダ,900.0,稍,55.5,0.6,9-9,36.9,493.0,2.0,レモングラス,18.0
2022103898,ピーチマカロン,2026/05/27,浦和,曇,9,疾駆特別(C1),11,2,2,62.8,6.0,6,達城龍次,54.0,ダ,800.0,良,48.7,1.2,10-9,35.7,491.0,2.0,アイアンピッチ,
2022103898,ピーチマカロン,2026/05/14,川崎,曇,7,紅玉賞(C1),11,7,9,22.0,5.0,8,達城龍次,54.0,ダ,900.0,良,56.2,0.6,11-11,37.3,489.0,3.0,ポッドデューク,
2022103898,ピーチマカロン,2026/05/06,船橋,曇,7,馬い!熊本不知火オレ(C1),12,8,11,20.3,5.0,6,達城龍次,54.0,ダ,1200.0,良,76.7,0.7,4-3-6,38.0,486.0,1.0,ヒルビリーエレジー,
2022103898,ピーチマカロン,2026/04/06,川崎,晴,9,光速賞(C1),11,5,5,45.6,7.0,2,達城龍次,54.0,ダ,900.0,重,55.6,0.1,8-7,37.3,485.0,0.0,レジェス,48.0
2022103898,ピーチマカロン,2026/03/03,川崎,雨,12,進撃賞(C1),12,1,1,50.3,9.0,5,達城龍次,54.0,ダ,900.0,不,55.6,0.9,12-11,37.3,485.0,4.0,アタゴテンジン,12.0
2022103898,ピーチマカロン,2026/02/05,川崎,晴,9,菜の花賞(C1),13,7,11,121.2,11.0,12,岡村裕基,54.0,ダ,1400.0,良,94.0,2.5,8-9-9-11,40.7,481.0,-2.0,エクセルボビー,
2022103898,ピーチマカロン,2026/01/02,川崎,晴,9,福笑い賞(B3C1),11,7,9,109.2,9.0,9,岡村裕基,53.0,ダ,900.0,稍,56.2,1.7,10-9,37.8,483.0,2.0,サンエイジロー,
2022103898,ピーチマカロン,2025/12/15,川崎,晴,12,闘魂賞(C1),12,8,12,57.1,11.0,6,岡村裕基,54.0,ダ,900.0,重,56.5,1.4,6-7,38.3,481.0,-3.0,カンノンアーニモ,
2022103898,ピーチマカロン,2025/11/21,川崎,晴,8,金剛賞(C1),11,6,6,16.8,5.0,中,新原周馬,54.0,ダ,900.0,良,,,,,484.0,10.0,シルヴァーリップ,
2022103898,ピーチマカロン,2025/10/31,浦和,曇,7,C1五六,12,8,12,62.5,7.0,7,新原周馬,54.0,ダ,1400.0,稍,90.3,1.3,4-3-4-4,40.8,474.0,-6.0,ツーエムフリーク,
2022103898,ピーチマカロン,2025/10/14,川崎,曇,12,西御門賞(C1),14,3,4,67.6,11.0,6,新原周馬,54.0,ダ,1500.0,良,98.7,1.4,6-6-7-5,42.1,480.0,9.0,アオイラン,
2022103898,ピーチマカロン,2025/09/25,浦和,晴,6,八潮市ハッピーこまち(C1),11,8,11,21.6,5.0,10,新原周馬,53.0,ダ,1400.0,良,90.4,2.6,4-5-6-8,40.7,471.0,-16.0,チュラット,
2022103898,ピーチマカロン,2025/08/22,川崎,晴,12,百日草賞(C1),11,6,7,5.6,4.0,11,町田直希,53.0,ダ,1500.0,良,103.0,5.4,4-3-3-10,47.0,487.0,-2.0,ジュウニントイロ,
2022103898,ピーチマカロン,2025/08/07,川崎,曇,7,C1六七,12,3,3,2.3,1.0,8,町田直希,53.0,ダ,1500.0,良,99.0,1.7,7-5-5-4,43.7,489.0,19.0,クリスタルアロー,
2022103898,ピーチマカロン,2025/06/01,2東京12,晴,5,3歳1勝クラス,11,2,2,187.4,11.0,9,水口優也,55.0,ダ,1400.0,重,84.7,1.7,3-3,36.7,470.0,6.0,トリリオンボーイ,
2022103898,ピーチマカロン,2025/05/10,2京都5,曇,6,3歳1勝クラス,16,8,15,249.6,15.0,15,水口優也,55.0,ダ,1200.0,重,72.2,1.7,16-16,36.4,464.0,2.0,セントールビースト,
2022103898,ピーチマカロン,2025/04/27,2京都2,晴,6,3歳1勝クラス,10,8,10,153.9,10.0,9,高杉吏麒,54.0,ダ,1400.0,良,87.4,2.4,5-7,39.1,462.0,0.0,ゲッティヴィラ,
2022103898,ピーチマカロン,2025/03/30,2阪神2,曇,6,3歳1勝クラス,16,8,16,156.9,14.0,11,高杉吏麒,54.0,ダ,1200.0,良,74.3,2.3,13-14,38.1,462.0,-10.0,テーオーエルビス,
2022103898,ピーチマカロン,2025/03/09,1阪神4,晴,4,3歳1勝クラス,16,1,2,119.5,12.0,10,小沢大仁,55.0,ダ,1400.0,良,87.5,2.7,7-7,39.8,472.0,2.0,ベルギューン,
2022103898,ピーチマカロン,2024/12/15,4中京6,晴,9,寒椿賞(1勝クラス),7,3,3,61.9,6.0,6,水口優也,55.0,ダ,1400.0,良,86.7,1.8,6-6,37.5,470.0,-2.0,ポールセン,
2022103898,ピーチマカロン,2024/12/07,7京都3,晴,3,2歳未勝利,14,4,6,337.7,11.0,1,水口優也,55.0,ダ,1200.0,良,74.5,-0.1,9-8,37.5,472.0,-6.0,(ドナポンド),550.0
2022103898,ピーチマカロン,2024/10/19,5京都5,雨,4,2歳新馬,16,7,13,58.9,11.0,14,水口優也,55.0,ダ,1800.0,稍,122.4,6.4,8-8-9-10,44.7,478.0,0.0,ビーコ,
2019102707,プレストヴィーナス,2026/07/06,川崎,雨,12,閃光賞(C1),9,8,10,3.8,3.0,4,張田昂,54.0,ダ,900.0,重,55.6,0.7,2-2,37.9,438.0,-1.0,ミスフォルテ,18.0
2019102707,プレストヴィーナス,2026/06/15,川崎,曇,9,駿逸賞(C1),12,7,9,2.3,1.0,2,本田正重,54.0,ダ,900.0,重,55.2,0.0,1-1,37.6,439.0,-7.0,ミスフォルテ,48.0
2019102707,プレストヴィーナス,2026/05/14,川崎,曇,7,紅玉賞(C1),11,5,6,3.9,2.0,5,本橋孝太,54.0,ダ,900.0,良,56.0,0.4,2-2,38.2,446.0,3.0,ポッドデューク,12.0
2019102707,プレストヴィーナス,2026/04/07,川崎,雨,3,初雷賞(C2),12,1,1,1.8,1.0,1,張田昂,54.0,ダ,900.0,重,55.6,-0.6,1-1,38.0,443.0,6.0,(モズノセイギ),100.0
2019102707,プレストヴィーナス,2026/01/02,川崎,晴,4,凧揚げ賞(C2),12,2,2,1.9,1.0,1,張田昂,54.0,ダ,900.0,稍,55.5,-0.4,1-1,38.0,437.0,2.0,(ミスフォルテ),100.0
2019102707,プレストヴィーナス,2025/12/16,川崎,晴,6,雷火賞(C2),12,8,12,1.9,1.0,1,張田昂,54.0,ダ,900.0,重,56.2,-0.3,3-3,38.1,435.0,-4.0,(エソラ),100.0
2019102707,プレストヴィーナス,2025/11/17,川崎,晴,7,雷鼓賞(C2),12,8,11,7.3,4.0,2,張田昂,54.0,ダ,900.0,良,55.9,0.4,1-1,38.0,439.0,6.0,ポッドデューク,40.0
2019102707,プレストヴィーナス,2025/10/13,川崎,曇,6,巨福呂坂賞(C2),12,4,4,3.6,1.0,1,張田昂,54.0,ダ,900.0,良,55.5,-0.1,1-1,37.7,433.0,3.0,(サンエイゴロー),100.0
2019102707,プレストヴィーナス,2025/06/17,川崎,晴,6,水神賞(C2),12,4,4,2.1,1.0,9,山本大翔,51.0,ダ,900.0,良,57.2,1.4,4-5,39.5,430.0,-3.0,ハナチャン,
2019102707,プレストヴィーナス,2025/05/15,川崎,晴,4,雷動賞(C2),12,6,7,2.4,1.0,2,山本大翔,51.0,ダ,900.0,稍,55.4,0.1,4-3,37.7,433.0,2.0,シルヴァーリップ,40.0
2019102707,プレストヴィーナス,2025/04/10,川崎,曇,5,春雷賞(C2),12,2,2,2.3,1.0,5,櫻井光輔,54.0,ダ,900.0,稍,56.1,0.7,1-1,38.8,431.0,-4.0,アグニレディアンス,10.0
2019102707,プレストヴィーナス,2025/03/07,川崎,晴,6,雷鶏賞(C2),11,6,6,2.9,1.0,2,張田昂,54.0,ダ,900.0,重,56.6,0.5,2-2,38.8,435.0,2.0,アミーコアイドル,40.0
2019102707,プレストヴィーナス,2024/12/10,川崎,晴,8,奔雷賞(C2),12,5,5,8.9,2.0,4,張田昂,54.0,ダ,900.0,良,56.1,0.6,1-1,38.9,433.0,-2.0,トゥーリナライト,15.0
2019102707,プレストヴィーナス,2024/11/11,川崎,曇,7,雷鼓賞(C2),12,6,7,3.2,1.0,2,Ｍ．ミシ,52.0,ダ,900.0,稍,55.2,0.1,3-2,37.8,435.0,3.0,カンノンアーニモ,40.0
2019102707,プレストヴィーナス,2024/10/11,川崎,晴,8,迅雷賞(C2),11,4,4,6.8,3.0,1,張田昂,52.0,ダ,900.0,重,56.1,-0.2,1-1,38.2,432.0,3.0,(リラスカイ),100.0
2019102707,プレストヴィーナス,2024/09/04,川崎,晴,5,C2三四五(C2四),12,2,2,26.7,7.0,10,中越琉世,54.0,ダ,1400.0,重,94.9,1.9,1-1-1-2,43.7,429.0,0.0,カネトシシュキン,
2019102707,プレストヴィーナス,2024/08/06,川崎,曇,6,チョコバナナ賞(C2),10,3,3,41.8,9.0,10,中越琉世,54.0,ダ,1400.0,良,97.2,5.4,1-1-1-2,46.3,429.0,3.0,リコールイーズ,
2019102707,プレストヴィーナス,2024/07/25,川崎,晴,5,C2三四五(C2四),10,6,7,13.2,6.0,5,中越琉世,54.0,ダ,1400.0,良,93.4,1.1,2-2-1-2,40.6,426.0,-4.0,セイグッドラック,10.0
2019102707,プレストヴィーナス,2024/07/05,川崎,晴,9,ターメリック賞(C3),12,7,9,11.1,6.0,1,中越琉世,54.0,ダ,1400.0,良,92.6,-0.2,1-1-1-1,40.8,430.0,3.0,(ジェムストーン),120.0
2019102707,プレストヴィーナス,2024/01/31,川崎,晴,9,ワッフル賞(C2),11,6,7,102.1,9.0,9,中越琉世,54.0,ダ,1400.0,良,94.0,1.9,2-2-2-3,42.3,427.0,0.0,アニトラ,
2019102707,プレストヴィーナス,2024/01/04,川崎,晴,6,門松賞(C2),10,7,8,30.8,5.0,5,中越琉世,54.0,ダ,1400.0,良,93.7,1.4,1-1-1-1,41.7,427.0,6.0,ツカサレヴズ,10.0
2019102707,プレストヴィーナス,2023/12/15,川崎,曇,8,ビュッシュドノエル賞(C2),11,5,6,26.5,7.0,7,中越琉世,54.0,ダ,1400.0,稍,95.3,2.1,1-1-1-1,42.7,421.0,-3.0,バードハズフロウン,
2019102707,プレストヴィーナス,2023/11/09,川崎,晴,3,フルーツタルト賞(C2),10,8,10,8.4,5.0,2,中越琉世,54.0,ダ,1400.0,良,94.5,1.1,1-1-1-1,41.6,424.0,-4.0,アンジェリカル,40.0
2019102707,プレストヴィーナス,2023/10/11,川崎,晴,12,2023川崎ジョッキ(C2),12,6,7,13.9,5.0,2,中越琉世,54.0,ダ,1400.0,稍,94.2,0.3,1-1-1-1,40.5,428.0,1.0,ゼロカラ,40.0
2019102707,プレストヴィーナス,2023/09/14,川崎,晴,4,チョコミント賞(C2),10,5,5,61.0,8.0,10,張田昂,54.0,ダ,1400.0,良,93.6,2.0,4-5-5-4,42.7,427.0,-4.0,ラストファンタジー,
2019102707,プレストヴィーナス,2023/08/22,川崎,曇,5,チョコバナナ賞(C2),8,1,1,8.2,3.0,6,張田昂,54.0,ダ,1400.0,稍,92.8,1.4,1-1-1-1,42.0,431.0,4.0,ビッグパレード,
2019102707,プレストヴィーナス,2023/07/28,川崎,晴,7,バジル賞(C3),12,7,10,8.6,5.0,1,張田昂,54.0,ダ,1400.0,良,92.8,-0.3,3-2-1-2,39.9,427.0,12.0,(キングオブサミット),120.0
2019102707,プレストヴィーナス,2023/02/01,川崎,晴,6,C2四五六(C2五),12,5,6,14.9,5.0,4,張田昂,54.0,ダ,1400.0,良,95.6,1.2,1-1-1-1,43.0,415.0,0.0,フォールロワ,15.0
2019102707,プレストヴィーナス,2023/01/03,川崎,晴,7,大黒天賞(C2五),12,8,12,76.4,10.0,5,張田昂,54.0,ダ,1400.0,良,93.5,0.9,11-11-10-10,40.4,415.0,0.0,ヘレンキムゼー,10.0
2019102707,プレストヴィーナス,2022/12/15,川崎,晴,7,大迫力の噴水ショー!(C2五),12,8,11,16.0,6.0,7,山崎誠士,54.0,ダ,1400.0,稍,94.3,0.4,4-7-4-5,42.3,415.0,-14.0,グラスアラバニーユ,
2019102707,プレストヴィーナス,2022/11/10,川崎,晴,5,C2七八九(C2八),12,7,10,9.4,4.0,3,山崎誠士,54.0,ダ,1400.0,良,94.4,0.5,5-3-3-3,40.4,429.0,1.0,グラスアラバニーユ,25.0
2019102707,プレストヴィーナス,2022/10/14,川崎,曇,12,下野賞(C2八),12,8,11,14.4,6.0,7,山崎誠士,54.0,ダ,1400.0,重,93.5,2.1,4-4-3-4,42.3,428.0,12.0,ブランコイラピド,
2019102707,プレストヴィーナス,2022/05/18,川崎,晴,1,桜梅桃李賞(3歳),11,8,11,4.9,3.0,3,山崎誠士,54.0,ダ,1400.0,重,93.0,1.7,8-8-8-7,40.2,416.0,2.0,エムオークリスタル,35.0
2019102707,プレストヴィーナス,2022/04/08,川崎,晴,1,3歳7,12,5,6,6.1,4.0,1,山崎誠士,54.0,ダ,1400.0,稍,93.1,-0.8,2-2-1-1,40.9,414.0,-2.0,(ミストラ),140.0
2019102707,プレストヴィーナス,2022/03/02,川崎,晴,1,3歳8,12,7,9,24.1,7.0,7,張田昂,54.0,ダ,1400.0,良,94.5,1.1,1-1-1-1,40.8,416.0,0.0,プレストレーヌ,
2019102707,プレストヴィーナス,2022/02/03,川崎,晴,2,シュトゥルム特別(3歳),12,5,6,41.4,9.0,12,張田昂,54.0,ダ,1400.0,良,95.3,1.5,1-1-1-1,43.1,416.0,6.0,タケルカムイ,
2019102707,プレストヴィーナス,2022/01/07,川崎,晴,3,3歳10,11,1,1,62.4,9.0,5,神尾香澄,50.0,ダ,1400.0,稍,95.4,1.0,1-1-1-1,42.6,410.0,7.0,シュニッツラー,16.0
2019102707,プレストヴィーナス,2021/07/28,川崎,晴,7,オニヤンマ特別(2歳),11,5,5,76.5,9.0,8,古岡勇樹,52.0,ダ,1400.0,重,97.4,3.1,8-9-9-8,43.1,403.0,-8.0,スティールタイム,
2019102707,プレストヴィーナス,2021/07/09,川崎,曇,5,スパーキングデビュー(2歳),6,5,5,14.7,5.0,4,古岡勇樹,51.0,ダ,1400.0,不,97.6,3.6,6-6-6-6,42.0,411.0,0.0,イライジャ,40.5
2020103424,ジュンフカリ,2026/07/02,船橋,曇,6,C1二三,10,7,8,295.8,10.0,7,山中悠希,56.0,ダ,1200.0,不,76.6,1.7,9-9-9,39.0,469.0,0.0,シナツヒメ,
2020103424,ジュンフカリ,2026/06/03,船橋,曇,8,馬い!洲本農園新玉ね(C1),12,5,6,360.5,12.0,10,山口達弥,56.0,ダ,1200.0,不,77.7,1.7,12-12-12,39.5,469.0,2.0,スピリットサージ,
2020103424,ジュンフカリ,2026/05/06,船橋,曇,7,馬い!熊本不知火オレ(C1),12,3,3,143.9,11.0,9,山口達弥,56.0,ダ,1200.0,良,77.3,1.3,8-9-9,37.8,467.0,1.0,ヒルビリーエレジー,
2020103424,ジュンフカリ,2026/04/02,船橋,晴,4,C1二三四ウ(C1三),10,5,5,124.1,9.0,7,山口達弥,56.0,ダ,1200.0,不,77.7,2.4,10-10-10,40.1,466.0,3.0,シナジーエフェクト,
2020103424,ジュンフカリ,2026/03/11,船橋,晴,7,C1二三四ウ(C1三),11,5,5,306.7,11.0,11,庄司大輔,56.0,ダ,1200.0,良,79.3,2.9,8-11-11,39.8,463.0,-2.0,コスモエンエン,
2020103424,ジュンフカリ,2026/02/12,船橋,晴,8,馬い!熊本菊池水田ご(C1),12,5,6,58.1,11.0,12,小杉亮,56.0,ダ,1200.0,良,79.1,3.4,6-10-12,40.8,465.0,2.0,ドントレットゴー,
2020103424,ジュンフカリ,2026/01/21,船橋,晴,5,C1二三,12,6,7,18.6,6.0,8,小杉亮,56.0,ダ,1200.0,良,77.0,1.3,8-8-9,39.4,463.0,-1.0,ヨタロー,
2020103424,ジュンフカリ,2025/12/24,浦和,雨,6,浦和×大井クライマッ(B3),11,8,11,40.0,9.0,4,小杉亮,56.0,ダ,1400.0,重,90.5,1.0,8-8-11-7,39.1,464.0,0.0,サンカプリス,37.5
2020103424,ジュンフカリ,2025/12/08,船橋,晴,10,冬三日月スプリント(B3),12,3,3,439.5,12.0,6,山口達弥,56.0,ダ,1200.0,良,75.1,1.7,11-12-12,37.4,464.0,7.0,マナフラッシュ,
2020103424,ジュンフカリ,2025/11/06,船橋,曇,8,乗馬クラブクレイン千(B3),9,1,1,61.5,8.0,6,本橋孝太,56.0,ダ,1200.0,稍,75.6,1.5,5-5-6,37.8,457.0,-9.0,ビットコイン,
2020103424,ジュンフカリ,2025/09/30,船橋,晴,12,新鮮野菜とBBQなら(B3),12,5,5,145.6,10.0,9,加藤和博,56.0,ダ,1200.0,良,76.0,1.5,10-11-11,38.5,466.0,-11.0,アトモスフィア,
2020103424,ジュンフカリ,2025/09/22,浦和,晴,10,夜長月特別(B3),12,8,11,91.6,12.0,7,加藤和博,56.0,ダ,1500.0,稍,97.3,2.8,5-4-6-6,39.5,477.0,12.0,パイロビーム,
2020103424,ジュンフカリ,2025/08/20,浦和,晴,9,鳳仙花特別(C1),11,3,3,23.0,6.0,4,加藤和博,56.0,ダ,1400.0,良,89.7,1.7,10-8-6-6,38.5,465.0,-3.0,ディナトセレーネ,27.0
2020103424,ジュンフカリ,2025/07/24,浦和,晴,11,晩涼特別(B3C1),10,7,8,77.4,7.0,7,加藤和博,55.0,ダ,1500.0,良,97.1,1.7,8-9-8-7,38.5,468.0,-12.0,トーセンジェミニ,
2020103424,ジュンフカリ,2025/04/22,浦和,晴,6,いいじゃん!さいたま(B3),12,3,3,9.8,4.0,8,加藤和博,56.0,ダ,1400.0,良,91.7,2.3,9-9-10-9,41.0,480.0,3.0,シントーハナノボス,
2020103424,ジュンフカリ,2025/03/21,浦和,晴,9,スイートピー特別(C1),11,4,4,27.4,8.0,2,加藤和博,56.0,ダ,1400.0,稍,88.4,0.3,1-1-1-1,38.7,477.0,-4.0,サウスヴィル,72.0
2020103424,ジュンフカリ,2025/02/28,浦和,晴,8,木芽月特別(C1),9,8,8,24.9,7.0,3,加藤和博,56.0,ダ,1500.0,良,98.6,0.8,4-4-6-3,40.3,481.0,7.0,ブレイヴルーラー,45.0
2020103424,ジュンフカリ,2025/02/07,川崎,晴,9,立山賞(C1二),14,6,9,84.0,11.0,11,加藤和博,56.0,ダ,1500.0,良,99.0,1.5,9-7-4-8,41.0,474.0,-4.0,ツカサレヴズ,
2020103424,ジュンフカリ,2025/01/07,浦和,晴,10,開運特別(C1),11,7,9,22.2,5.0,4,加藤和博,56.0,ダ,1400.0,重,91.2,1.1,6-5-5-3,40.2,478.0,-6.0,ブレイヴルーラー,27.0
2020103424,ジュンフカリ,2024/12/23,浦和,晴,9,山羊座特別(C1),11,1,1,45.8,9.0,3,加藤和博,56.0,ダ,1500.0,良,97.5,0.4,7-7-7-4,38.2,484.0,10.0,トーセンジェミニ,45.0
2020103424,ジュンフカリ,2024/11/01,船橋,雨,10,凩賞(C1),12,6,7,5.7,4.0,8,張田昂,56.0,ダ,1200.0,稍,76.4,0.8,7-8-9,39.1,474.0,3.0,リュウノメディナ,
2020103424,ジュンフカリ,2024/09/23,船橋,晴,5,C1四五六ウ(C1五),12,5,5,3.9,2.0,1,所蛍,54.0,ダ,1200.0,良,76.0,-0.2,7-5-3,39.4,471.0,12.0,(キラット),120.0
2020103424,ジュンフカリ,2024/08/26,船橋,晴,9,C1七八,12,4,4,11.7,6.0,2,本橋孝太,56.0,ダ,1200.0,良,74.6,0.0,5-5-3,37.9,459.0,8.0,グルアガッハ,48.0
2020103424,ジュンフカリ,2024/04/04,川崎,曇,7,キングダム賞(C1二),14,7,11,70.5,11.0,12,所蛍,53.0,ダ,1500.0,重,100.5,2.4,5-7-7-8,43.0,451.0,-3.0,ハッピーバレー,
2020103424,ジュンフカリ,2024/03/06,船橋,曇,8,デイジースプリント(C1),12,6,7,55.2,9.0,7,張田昂,56.0,ダ,1200.0,不,76.6,3.8,7-8-11,40.4,454.0,-2.0,サンマルシップ,
2020103424,ジュンフカリ,2024/02/08,船橋,晴,4,C1二三,11,5,5,6.6,2.0,8,川島正太,56.0,ダ,1200.0,重,78.4,3.5,4-6-7,41.0,456.0,-1.0,マスタープラン,
2020103424,ジュンフカリ,2023/10/26,船橋,晴,10,凩賞(C1),10,6,6,2.1,1.0,3,篠谷葵,56.0,ダ,1200.0,良,75.1,0.9,3-3-3,38.6,457.0,12.0,ワンダーランド,37.5
2020103424,ジュンフカリ,2023/09/25,船橋,曇,6,C1五六,7,4,4,2.8,2.0,1,篠谷葵,55.0,ダ,1200.0,良,75.1,-0.4,2-2-1,38.6,445.0,7.0,(リノメテオール),120.0
2020103424,ジュンフカリ,2023/08/19,3小倉3,晴,3,3歳未勝利,16,7,13,9.8,6.0,16,岩田望来,56.0,芝,1800.0,良,113.3,5.3,2-3-4-10,41.8,438.0,-2.0,テンクウハット,
2020103424,ジュンフカリ,2023/06/17,3阪神5,晴,2,3歳未勝利,16,3,6,1.8,1.0,8,西村淳也,56.0,芝,2000.0,良,121.6,0.6,2-3-2-3,36.7,440.0,-4.0,フォーチュンコード,
2020103424,ジュンフカリ,2023/05/28,1京都12,晴,5,3歳未勝利,17,2,4,7.3,3.0,2,西村淳也,56.0,芝,2000.0,良,120.5,0.2,2-2-2-2,33.9,444.0,8.0,モズロックンロール,220.0
2020103424,ジュンフカリ,2023/01/08,1中京3,晴,5,3歳未勝利,18,7,15,24.5,10.0,14,坂井瑠星,56.0,芝,2200.0,良,135.7,1.6,3-3-2-2,37.2,436.0,-4.0,コレオグラファー,
2020103424,ジュンフカリ,2022/12/18,6阪神6,晴,4,2歳未勝利,15,8,14,3.2,2.0,14,川田将雅,55.0,芝,1800.0,良,111.0,3.5,8-8,38.8,440.0,-2.0,ショウナンバシット,
2020103424,ジュンフカリ,2022/11/13,5阪神4,雨,5,2歳新馬,7,5,5,2.0,1.0,2,ムーア,55.0,芝,1800.0,稍,110.3,0.0,2-2,34.7,442.0,0.0,サンライズピース,280.0
2021104530,ビタリス,2026/07/08,川崎,晴,12,2026川崎ジョッキ(C2),14,2,2,26.0,8.0,2,櫻井光輔,54.0,ダ,1500.0,稍,97.9,0.2,4-3-4-2,41.9,486.0,2.0,ベラヴィットーリア,44.0
2021104530,ビタリス,2026/06/16,川崎,晴,7,颯爽賞(C1),12,3,3,266.9,11.0,9,増田充宏,54.0,ダ,900.0,稍,56.9,2.0,12-12,38.1,484.0,-12.0,レモングラス,
2021104530,ビタリス,2026/03/04,川崎,曇,5,音速賞(C1),11,3,3,93.8,10.0,8,本田紀忠,54.0,ダ,900.0,不,56.6,1.2,11-11,37.5,496.0,-1.0,モズアンドモズ,
2021104530,ビタリス,2026/02/03,川崎,晴,7,桜草賞(C1),12,8,11,197.6,12.0,10,増田充宏,54.0,ダ,1400.0,良,93.1,0.6,12-12-10-11,40.3,497.0,-3.0,ナートゥ,
2021104530,ビタリス,2026/01/03,川崎,晴,12,恵比寿天賞(C1),12,8,12,32.9,7.0,7,櫻井光輔,54.0,ダ,1400.0,稍,93.1,1.2,12-11-12-10,40.0,500.0,-3.0,サラサエンペラー,
2021104530,ビタリス,2025/12/19,川崎,晴,9,ありがとう山崎誠士騎(C1),10,3,3,20.4,5.0,5,増田充宏,54.0,ダ,1400.0,稍,93.2,1.1,9-9-9-8,40.1,503.0,10.0,クレバス,12.0
2021104530,ビタリス,2025/11/19,川崎,晴,8,スコッチ賞(C1二),12,8,12,141.7,9.0,9,櫻井光輔,54.0,ダ,1400.0,良,92.3,1.3,12-12-11-12,39.6,493.0,0.0,ダンデライオン,
2021104530,ビタリス,2025/10/17,川崎,晴,9,流鏑馬賞(C1),12,5,6,62.1,8.0,12,藤江渉,54.0,ダ,900.0,稍,57.7,2.4,12-12,38.4,493.0,26.0,ベストツッキー,
2021104530,ビタリス,2025/07/22,浦和,晴,7,手漉き和紙と有機の里(C1),7,2,2,16.5,4.0,2,櫻井光輔,54.0,ダ,1400.0,良,89.6,0.5,5-5-5-3,38.8,467.0,-13.0,アムレート,48.0
2021104530,ビタリス,2025/02/07,川崎,晴,9,立山賞(C1二),14,7,11,49.7,9.0,8,山本聡哉,54.0,ダ,1500.0,良,98.6,1.1,14-14-13-14,39.7,480.0,4.0,ツカサレヴズ,
2021104530,ビタリス,2025/01/01,川崎,晴,8,二鷹賞(C1C2),14,5,8,19.2,8.0,6,和田譲治,55.0,ダ,2000.0,良,138.7,0.8,8-9-8-8,40.1,476.0,-6.0,チャールストン,
2021104530,ビタリス,2024/11/29,船橋,晴,12,ありがとう!森泰斗騎(C1),12,8,11,7.5,3.0,5,藤江渉,54.0,ダ,2200.0,良,152.1,1.1,7-7-4-5,40.8,482.0,2.0,グロリアンズタイム,18.0
2021104530,ビタリス,2024/11/13,川崎,晴,9,七竈賞(C1四),13,6,10,7.8,3.0,4,矢野貴之,54.0,ダ,1500.0,良,97.7,0.5,6-7-6-5,39.1,480.0,3.0,ヤプシ,18.0
2021104530,ビタリス,2024/10/09,川崎,曇,6,由比ヶ浜賞(C2),14,3,3,5.6,3.0,1,矢野貴之,54.0,ダ,2000.0,不,140.5,-0.4,7-5-7-4,39.9,477.0,-10.0,(ブリリアントスピカ),150.0
2021104530,ビタリス,2024/09/02,川崎,晴,6,エストレージャ賞(3歳),9,7,7,2.1,1.0,1,矢野貴之,54.0,ダ,1400.0,重,94.3,-0.5,7-7-6-5,41.0,487.0,6.0,(パラトルーパー),140.0
2021104530,ビタリス,2024/08/05,川崎,晴,2,ソルレヴェンテ賞(3歳),11,3,3,5.6,3.0,2,矢野貴之,54.0,ダ,1400.0,良,93.5,0.3,6-7-6-4,39.9,481.0,-3.0,アスタラビスタ,56.0
2021104530,ビタリス,2024/07/24,川崎,晴,2,オーブ賞(3歳),10,8,9,23.7,4.0,3,矢野貴之,54.0,ダ,1400.0,稍,93.0,0.8,3-3-3-4,39.6,484.0,-4.0,フォースゲイト,35.0
2021104530,ビタリス,2024/07/05,川崎,晴,1,3歳7,10,7,8,1.8,1.0,1,森泰斗,54.0,ダ,1400.0,良,93.4,-1.2,2-2-1-1,39.9,488.0,-6.0,(スマイルフェリス),120.0
2021104530,ビタリス,2024/06/13,川崎,曇,1,3歳8,8,5,5,16.9,5.0,4,中越琉世,54.0,ダ,1400.0,稍,94.4,0.9,4-4-4-4,40.8,494.0,5.0,ヴァリスタ,24.0
2021104530,ビタリス,2024/05/10,川崎,晴,1,3歳9,8,3,3,28.0,6.0,5,中越琉世,54.0,ダ,1400.0,稍,94.5,2.3,6-6-7-6,40.1,489.0,0.0,マンダリンオレンジ,16.0
2019104316,サヨノフィールド,2026/07/07,川崎,曇,11,かながわの水がめ宮ヶ(B1B2),8,5,5,29.9,6.0,4,矢野貴之,57.0,ダ,1500.0,重,96.4,0.7,7-8-8-7,39.5,517.0,0.0,エクロジャイト,48.0
2019104316,サヨノフィールド,2026/06/18,川崎,曇,11,中原OP(OP)(3歳),10,1,1,117.4,9.0,8,鷹見陸,53.0,ダ,2000.0,重,133.8,2.0,5-6-9-8,39.6,517.0,3.0,マウンテンローレル,
2019104316,サヨノフィールド,2026/05/15,川崎,晴,11,第39回開成町あじさ(B1B2),12,8,11,81.3,9.0,5,鷹見陸,57.0,ダ,1600.0,良,104.9,1.3,7-9-9-6,40.2,514.0,-5.0,ドリームジャパン,32.0
2019104316,サヨノフィールド,2026/04/10,川崎,雨,11,桜吹雪特別(B1B2),10,6,6,46.5,8.0,7,鷹見陸,57.0,ダ,1600.0,不,104.8,1.6,8-8-8-5,40.8,519.0,0.0,グーヴェルナイユ,
2019104316,サヨノフィールド,2026/03/06,川崎,曇,11,川崎の名伯楽特(B1B2),13,4,4,16.6,7.0,7,笹川翼,57.0,ダ,1600.0,稍,104.9,0.8,9-7-9-8,40.5,519.0,-7.0,スターグリップ,
2019104316,サヨノフィールド,2026/02/06,川崎,晴,11,しずおか早春特別(B1B2),14,5,7,25.1,6.0,5,笹川翼,57.0,ダ,1500.0,良,97.0,0.7,11-9-9-7,40.1,526.0,1.0,マイケルマキシマス,30.0
2019104316,サヨノフィールド,2026/01/02,川崎,晴,11,スパーキングオールス(A2),7,1,1,10.0,5.0,4,笹川翼,55.0,ダ,2100.0,稍,144.1,1.7,4-4-5-4,38.8,525.0,3.0,アオイイーグル,105.0
2019104316,サヨノフィールド,2025/12/11,船橋,晴,8,トパーズ特別(B1B2),14,7,12,14.4,6.0,11,古岡勇樹,57.0,ダ,1700.0,良,110.7,1.5,8-9-9-8,40.3,522.0,-3.0,オーシンスキャット,
2019104316,サヨノフィールド,2025/11/20,川崎,晴,11,富士見OP(OP)(3歳),10,7,7,95.0,7.0,8,古岡勇樹,53.0,ダ,2100.0,良,141.0,2.9,2-2-4-4,40.4,525.0,-9.0,グロリアムンディ,
2019104316,サヨノフィールド,2025/10/13,川崎,曇,11,かながわ畜産物フェア(A2),13,7,10,13.4,6.0,6,増田充宏,55.0,ダ,2000.0,良,133.8,2.4,10-8-6-6,42.9,534.0,12.0,ツウカイノキズナ,
2019104316,サヨノフィールド,2025/08/25,川崎,晴,11,処暑特別(B1B2),8,5,5,4.6,2.0,2,笹川翼,57.0,ダ,1600.0,良,103.9,0.2,5-5-5-4,38.7,522.0,2.0,ホッコーソムニウム,120.0
2019104316,サヨノフィールド,2025/08/05,川崎,晴,10,宮前OP(OP)(4歳),6,6,6,5.4,2.0,2,笹川翼,53.0,ダ,2000.0,良,132.3,0.7,3-3-3-3,38.0,520.0,10.0,オピニオンリーダー,240.0
2019104316,サヨノフィールド,2025/07/08,川崎,晴,9,アクルックス賞(B1B2),6,4,4,5.5,2.0,1,笹川翼,55.0,ダ,2000.0,良,132.3,-0.2,4-3-3-2,40.2,510.0,4.0,(アトランティス),300.0
2019104316,サヨノフィールド,2025/06/20,川崎,晴,11,足柄茶100周年記念(B1B2),13,6,10,7.6,4.0,2,笹川翼,55.0,ダ,1500.0,良,96.4,0.3,8-9-7-6,39.1,506.0,6.0,ベラール,120.0
2019104316,サヨノフィールド,2025/02/08,川崎,晴,11,ベテルギウス賞(B1B2),7,2,2,6.8,3.0,4,笹川翼,55.0,ダ,2000.0,良,135.6,0.5,3-3-2-2,39.1,500.0,3.0,アトランティス,45.0
2019104316,サヨノフィールド,2025/01/24,船橋,晴,9,ガーネット2200(B2B3),10,8,10,4.9,3.0,2,笹川翼,57.0,ダ,2200.0,良,146.2,0.4,5-5-6-4,38.0,497.0,-4.0,カレンアルカンタラ,120.0
2019104316,サヨノフィールド,2025/01/02,川崎,晴,12,百人一首賞(B2B3),14,5,7,10.2,6.0,2,笹川翼,57.0,ダ,2000.0,良,135.1,0.1,6-6-5-3,41.0,501.0,-5.0,タイセイストラーダ,108.0
2019104316,サヨノフィールド,2024/12/12,川崎,晴,10,愛川歴史動画映文連ア(B1B2),11,8,11,2.9,2.0,6,矢野貴之,55.0,ダ,1500.0,良,98.2,0.7,7-7-4-5,39.7,506.0,-1.0,ウインドブロウン,
2019104316,サヨノフィールド,2024/11/11,川崎,曇,11,全国都市緑化かわさき(B1B2),12,8,12,4.4,3.0,4,矢野貴之,55.0,ダ,1500.0,稍,96.1,0.6,5-5-6-7,39.3,507.0,10.0,サンオルソーライズ,45.0
2019104316,サヨノフィールド,2024/10/10,川崎,曇,10,かわさきジャズ202(B2),13,3,4,3.5,2.0,2,矢野貴之,56.0,ダ,1500.0,重,97.5,0.6,5-6-5-5,40.2,497.0,9.0,サンオルソーライズ,108.0
2019104316,サヨノフィールド,2024/08/31,2中京7,小雨,10,鳥羽特別(2勝クラス),15,4,6,58.6,10.0,9,西塚洸二,58.0,ダ,1400.0,不,85.4,2.0,13-12,37.3,488.0,2.0,カズゴルティス,
2019104316,サヨノフィールド,2024/08/10,2中京1,晴,10,日進特別(2勝クラス),16,8,15,16.7,8.0,14,酒井学,58.0,ダ,1800.0,良,115.5,2.3,1-1-1-2,40.2,486.0,0.0,サンマルパトロール,
2019104316,サヨノフィールド,2024/06/30,2福島2,曇,10,いわき特別(2勝クラス),13,4,5,14.3,6.0,8,Ｍ．デム,58.0,ダ,1700.0,良,106.8,1.1,2-2-2-2,38.1,486.0,-2.0,サノノエスポ,
2019104316,サヨノフィールド,2024/05/19,3京都10,小雨,9,愛宕特別(2勝クラス),16,4,7,34.3,9.0,10,酒井学,58.0,ダ,1800.0,良,114.6,2.1,3-3-5-6,39.1,488.0,-2.0,コンティノアール,
2019104316,サヨノフィールド,2024/05/05,1新潟4,晴,6,4歳以上1勝クラス,15,5,9,7.3,3.0,1,小林美駒,54.0,ダ,1800.0,良,112.6,-0.3,1-1-1-1,37.8,490.0,-16.0,(メイショウクーガー),800.0
2019104316,サヨノフィールド,2024/02/04,2京都4,曇,7,4歳以上1勝クラス,9,4,4,6.7,4.0,4,鮫島克駿,58.0,ダ,1800.0,良,114.3,0.6,2-2-4-4,38.4,506.0,8.0,ヒロノオオゾラ,120.0
2019104316,サヨノフィールド,2024/01/28,1東京2,曇,7,4歳以上1勝クラス,14,4,5,10.0,5.0,7,藤岡康太,58.0,ダ,1600.0,良,99.7,0.8,3-3,38.5,498.0,2.0,レディアス,
2019104316,サヨノフィールド,2023/11/11,5東京3,曇,7,3歳以上1勝クラス,16,1,1,7.3,4.0,9,佐藤翔馬,55.0,ダ,1300.0,良,80.1,1.6,8-8,38.1,496.0,4.0,ニットウバジル,
2019104316,サヨノフィールド,2023/10/22,4東京7,晴,8,3歳以上1勝クラス,13,7,11,2.5,1.0,3,内田博幸,58.0,ダ,1400.0,良,84.6,0.3,3-2,36.4,492.0,0.0,マーブルマカロン,200.0
2019104316,サヨノフィールド,2023/10/07,4東京1,晴,12,3歳以上1勝クラス,15,6,10,4.9,3.0,4,内田博幸,58.0,ダ,1400.0,良,85.0,0.5,2-2,37.1,492.0,10.0,ハッピーアズラリー,120.0
2019104316,サヨノフィールド,2023/06/18,3東京6,晴,8,3歳以上1勝クラス,16,3,6,17.8,6.0,3,内田博幸,58.0,ダ,1400.0,良,84.3,0.0,7-7,36.2,482.0,-2.0,ロジヴィクトリア,200.0
2019104316,サヨノフィールド,2023/05/28,2東京12,晴,6,4歳以上1勝クラス,16,7,14,9.3,4.0,2,内田博幸,58.0,ダ,1400.0,良,85.2,0.2,6-5,37.0,484.0,-1.0,プラウドヘリテージ,320.0
2019104316,サヨノフィールド,2023/03/22,姫路,晴,9,C2一,10,8,10,1.9,1.0,1,田野豊三,57.0,ダ,1400.0,稍,92.0,-0.1,5-5-5-5,38.7,485.0,-1.0,(マリノフォルテシモ),60.0
2019104316,サヨノフィールド,2023/03/08,姫路,晴,5,C2三,9,2,2,1.3,1.0,1,田野豊三,56.0,ダ,1400.0,良,92.8,-0.8,2-2-2-2,38.5,486.0,-3.0,(アスタウンデッド),60.0
2019104316,サヨノフィールド,2023/02/22,姫路,曇,2,C3二,10,7,8,1.1,1.0,1,田野豊三,56.0,ダ,1400.0,稍,94.0,-0.2,6-7-3-1,40.2,489.0,-4.0,(ハッピーキララ),50.0
2019104316,サヨノフィールド,2022/09/28,園田,曇,7,C2一,12,3,3,2.6,1.0,3,吉村智洋,55.0,ダ,1400.0,重,91.8,1.3,4-4-3-4,40.4,493.0,13.0,クリニエールグラス,15.0
2019104316,サヨノフィールド,2022/09/03,3新潟7,雨,3,3歳未勝利,15,4,7,9.4,5.0,4,内田博幸,56.0,ダ,1200.0,稍,72.9,0.9,10-9,37.4,480.0,0.0,クリスタルウエイ,78.0
2019104316,サヨノフィールド,2022/08/27,3新潟5,曇,3,3歳未勝利,14,5,9,16.9,7.0,2,内田博幸,56.0,ダ,1200.0,稍,72.6,0.3,9-9,37.5,480.0,4.0,クイーンアポーン,210.0
2019104316,サヨノフィールド,2022/06/19,3東京6,晴,3,3歳未勝利,16,5,10,12.6,5.0,9,江田照男,56.0,ダ,1600.0,良,99.6,3.6,6-6,39.6,476.0,-4.0,メンアットワーク,
2019104316,サヨノフィールド,2022/06/04,3東京1,晴,3,3歳未勝利,16,3,5,16.0,6.0,3,大野拓弥,56.0,ダ,1600.0,稍,98.7,1.0,5-5,37.1,480.0,0.0,ブレイクフォース,130.0
2019104316,サヨノフィールド,2022/05/21,2東京9,小雨,3,3歳未勝利,16,1,2,8.8,5.0,5,大野拓弥,56.0,ダ,1400.0,良,87.3,0.8,9-9,37.0,480.0,-2.0,キタノブレイド,52.0
2019104316,サヨノフィールド,2022/03/21,2中山8,曇,3,3歳未勝利,16,5,9,270.3,11.0,5,江田照男,56.0,ダ,1200.0,重,72.7,0.8,6-6,37.4,482.0,0.0,ミンナノユメミノル,52.0
2019105136,モンタナアゲート,2026/07/07,川崎,曇,11,かながわの水がめ宮ヶ(B1B2),8,4,4,50.5,8.0,8,古岡勇樹,57.0,ダ,1500.0,重,99.9,4.2,5-5-6-8,43.6,551.0,13.0,エクロジャイト,
2019105136,モンタナアゲート,2025/08/25,川崎,晴,11,処暑特別(B1B2),8,4,4,,,取,藤江渉,57.0,ダ,1600.0,良,,,,,,,ホッコーソムニウム,
2019105136,モンタナアゲート,2025/07/12,2福島5,曇,8,3歳以上2勝クラス,15,4,6,147.6,14.0,13,原優介,58.0,ダ,1700.0,良,108.7,2.6,9-7-7-8,39.8,538.0,0.0,スペイドアン,
2019105136,モンタナアゲート,2025/06/15,3東京4,晴,12,3歳以上2勝クラス,16,5,10,29.3,10.0,12,菅原明良,58.0,ダ,1600.0,重,96.4,2.0,9-9,36.8,538.0,-2.0,ルグランヴァン,
2019105136,モンタナアゲート,2025/03/22,2中山7,晴,9,館山特別(2勝クラス),13,4,4,63.8,8.0,7,北村宏司,58.0,芝,2000.0,良,120.5,1.0,6-6-6-4,36.6,540.0,-2.0,エセルフリーダ,
2019105136,モンタナアゲート,2024/11/02,5東京1,雨,12,3歳以上2勝クラス,7,6,6,11.3,5.0,2,北村宏司,58.0,芝,2000.0,稍,122.7,0.6,3-3-3,35.3,542.0,0.0,ウインオーディン,460.0
2019105136,モンタナアゲート,2024/09/29,4中山9,曇,10,サクラバクシンオーC(2勝クラス),14,5,7,60.7,12.0,10,北村宏司,56.0,芝,1800.0,良,107.9,0.6,9-11-10-11,35.8,542.0,4.0,エレクトリックブギ,
2019105136,モンタナアゲート,2024/07/20,2福島7,晴,10,白河特別(2勝クラス),16,4,7,22.0,6.0,12,石川裕紀,58.0,芝,1800.0,良,108.9,0.9,11-12-12-12,35.5,538.0,2.0,レガーロデルシエロ,
2019105136,モンタナアゲート,2024/05/19,2東京10,曇,8,調布特別(2勝クラス),10,3,3,21.5,6.0,5,岩田康誠,58.0,芝,1800.0,良,107.5,0.6,2-2-2,34.4,536.0,0.0,プッシュオン,155.0
2019105136,モンタナアゲート,2024/04/07,3中山6,晴,10,鹿野山特別(2勝クラス),15,7,13,7.0,3.0,11,石川裕紀,58.0,芝,2000.0,重,123.0,1.2,15-15-15-15,35.0,536.0,-8.0,ホウオウスーペリア,
2019105136,モンタナアゲート,2024/02/24,2中山1,晴,10,富里特別(2勝クラス),12,2,2,9.6,6.0,3,石川裕紀,58.0,芝,1800.0,稍,108.8,0.5,7-6-7-5,35.2,544.0,0.0,インスタキング,393.6
2019105136,モンタナアゲート,2023/12/17,5中山6,晴,12,3歳以上2勝クラス,13,3,3,10.5,6.0,3,石川裕紀,58.0,芝,1800.0,良,108.7,0.2,5-5-4-4,35.0,544.0,2.0,ロジマンボ,290.0
2019105136,モンタナアゲート,2023/07/29,1札幌3,曇,10,摩周湖特別(2勝クラス),8,4,4,5.5,3.0,6,横山武史,58.0,芝,1500.0,良,88.8,0.3,6-5-5,34.3,542.0,4.0,コレペティトール,
2019105136,モンタナアゲート,2023/05/27,2東京11,晴,10,葉山特別(2勝クラス),14,7,11,11.0,5.0,4,横山武史,58.0,芝,1600.0,良,92.2,0.6,6-5,34.4,538.0,-12.0,モズゴールドバレル,230.0
2019105136,モンタナアゲート,2023/04/02,3中山4,曇,7,4歳以上1勝クラス,16,6,12,4.6,2.0,1,横山武史,58.0,芝,1600.0,良,93.9,-0.1,6-4-4,34.9,550.0,-6.0,(アルファウェーブ),800.0
2019105136,モンタナアゲート,2023/03/04,2中山3,晴,8,4歳以上1勝クラス,16,4,8,4.1,2.0,5,ルメール,58.0,芝,1600.0,良,93.5,0.7,2-5-5,36.0,556.0,-12.0,ホウオウプレミア,80.0
2019105136,モンタナアゲート,2023/02/04,1東京3,晴,7,4歳以上1勝クラス,15,4,6,15.2,6.0,4,三浦皇成,58.0,芝,1600.0,良,93.8,0.4,7-7,33.8,568.0,26.0,カーペンタリア,120.0
2019105136,モンタナアゲート,2022/11/19,3福島5,晴,9,三春駒特別(1勝クラス),16,7,13,3.1,1.0,12,武藤雅,55.0,芝,1800.0,良,110.0,0.9,9-9-10-8,35.9,542.0,-10.0,ウインシュクラン,
2019105136,モンタナアゲート,2022/10/10,4東京3,曇,8,3歳以上1勝クラス,18,5,9,2.3,1.0,3,ルメール,55.0,芝,1400.0,稍,81.0,0.1,4-4,34.4,552.0,0.0,ジッピーレーサー,190.0
2019105136,モンタナアゲート,2022/08/06,1札幌5,晴,12,3歳以上1勝クラス,14,5,8,3.3,2.0,3,岩田望来,54.0,芝,1500.0,良,89.3,0.0,9-7-5,34.6,552.0,6.0,エープラス,190.0
2019105136,モンタナアゲート,2022/06/05,3東京2,曇,8,3歳以上1勝クラス,13,6,9,4.1,1.0,3,ルメール,54.0,芝,1600.0,良,93.1,0.3,3-3,35.0,546.0,-2.0,フォティノース,190.0
2019105136,モンタナアゲート,2022/04/02,3中山3,晴,7,3歳1勝クラス,12,5,5,3.5,2.0,2,戸崎圭太,56.0,芝,1600.0,稍,94.6,0.4,6-6-6,34.3,548.0,-6.0,ゴーゴーユタカ,300.0
2019105136,モンタナアゲート,2022/02/27,2中山2,晴,7,3歳1勝クラス,10,1,1,5.3,4.0,3,津村明秀,56.0,芝,1600.0,良,95.6,0.2,2-3-4,34.8,554.0,-2.0,レッドモンレーヴ,190.0
2019105136,モンタナアゲート,2022/01/05,1中山1,晴,10,ジュニアC(L),9,6,6,8.9,4.0,3,津村明秀,56.0,芝,1600.0,良,95.3,0.4,2-2-2,35.0,556.0,8.0,インダストリア,503.0
2019105136,モンタナアゲート,2021/11/20,5東京5,晴,6,2歳1勝クラス,9,3,3,10.6,5.0,2,津村明秀,55.0,芝,1400.0,良,81.7,0.1,5-4,34.3,548.0,6.0,デュガ,290.0
2019105136,モンタナアゲート,2021/09/11,4中山1,曇,2,2歳未勝利,16,4,7,21.6,7.0,1,津村明秀,54.0,芝,1600.0,良,94.6,-0.1,6-7-4,35.1,542.0,12.0,(サンクション),510.0
2019105136,モンタナアゲート,2021/07/10,1福島3,曇,5,2歳新馬,12,5,6,6.5,3.0,9,津村明秀,54.0,芝,1800.0,稍,114.0,2.1,2-3-3-3,38.0,530.0,0.0,オンリーオピニオン,
2020105361,エリンアキレウス,2026/07/17,浦和,曇,11,涼月特別(B1),11,2,2,13.1,6.0,7,櫻井光輔,57.0,ダ,1400.0,不,87.5,1.0,10-8-8-6,37.7,556.0,3.0,イナダヒメ,
2020105361,エリンアキレウス,2026/06/25,浦和,雨,11,狭山湖特別(B1B2),10,2,2,13.6,6.0,6,本橋孝太,57.0,ダ,1400.0,不,86.7,0.6,10-10-9-9,36.5,553.0,-7.0,シェナノパリオ,
2020105361,エリンアキレウス,2026/05/26,浦和,晴,11,五月特別(A2),12,1,1,24.2,5.0,6,本橋孝太,55.0,ダ,1500.0,良,95.9,1.1,12-12-9-10,37.4,560.0,6.0,スタンリーテソーロ,
2020105361,エリンアキレウス,2026/04/21,浦和,晴,10,夏初月特別(B1B2),12,8,11,13.1,7.0,1,本橋孝太,57.0,ダ,1500.0,良,95.3,-0.4,12-11-3-1,37.9,554.0,7.0,(ケンキートス),380.0
2020105361,エリンアキレウス,2026/04/03,船橋,晴,11,春和景明特別(B1B2),11,7,8,31.8,10.0,8,福原杏,57.0,ダ,1600.0,稍,106.0,1.8,9-8-9-9,39.7,547.0,-3.0,プラズマ,
2020105361,エリンアキレウス,2026/03/17,浦和,晴,11,花見月特別(B1B2),10,3,3,9.3,4.0,5,本橋孝太,57.0,ダ,1400.0,良,90.2,0.7,9-9-9-8,37.5,550.0,-1.0,パンクビート,38.0
2020105361,エリンアキレウス,2026/02/10,船橋,曇,12,ミモザ特別(B1),14,4,5,4.2,2.0,6,本橋孝太,56.0,ダ,1600.0,良,104.3,0.9,9-8-9-11,38.4,551.0,-6.0,スターオブフェイス,
2020105361,エリンアキレウス,2026/01/09,浦和,晴,11,睦月特別(B1B2),10,1,1,3.7,2.0,2,本橋孝太,57.0,ダ,1500.0,良,96.6,0.4,9-10-10-6,37.5,557.0,3.0,スペンサーバローズ,152.0
2020105361,エリンアキレウス,2025/12/24,浦和,曇,11,クリスマスイヴ特別(A2),12,5,5,1.8,1.0,8,町田直希,55.0,ダ,1500.0,重,96.2,1.8,9-8-8-11,39.3,554.0,2.0,リコースパロー,
2020105361,エリンアキレウス,2025/11/16,5東京4,晴,9,銀嶺S(3勝クラス),14,7,11,51.3,7.0,5,松岡正海,54.0,ダ,1400.0,良,84.3,0.9,7-7,36.4,552.0,1.0,ダノンフィーゴ,184.0
2020105361,エリンアキレウス,2025/10/28,浦和,晴,11,’25ミズナラ賞(A2B1),10,2,2,21.3,8.0,1,菊澤一樹,57.0,ダ,1400.0,重,85.8,-0.8,8-6-4-3,37.0,551.0,9.0,(ヒビキ),800.0
2020105361,エリンアキレウス,2025/09/27,4中山8,晴,12,3歳以上2勝クラス,16,1,1,389.3,16.0,9,遠藤汰月,55.0,ダ,1200.0,良,72.1,0.7,14-13,35.9,542.0,-2.0,ワンダラー,
2020105361,エリンアキレウス,2025/09/06,4中山1,晴,10,白井特別(2勝クラス),7,3,3,209.0,7.0,7,遠藤汰月,58.0,芝,2000.0,良,120.3,2.1,5-5-7-7,35.6,544.0,6.0,パンジャ,
2020105361,エリンアキレウス,2025/08/16,3中京7,晴,6,知多特別(2勝クラス),13,8,13,423.4,13.0,13,長岡禎仁,58.0,芝,1200.0,良,68.7,1.6,12-12,33.4,538.0,2.0,サウスバンク,
2020105361,エリンアキレウス,2025/08/03,3中京4,晴,8,納屋橋特別(2勝クラス),8,1,1,217.5,8.0,8,秋山稔樹,58.0,芝,1600.0,良,94.6,1.9,7-7-7,34.5,536.0,-12.0,ディアナザール,
2020105361,エリンアキレウス,2025/07/06,2福島4,晴,10,白河特別(2勝クラス),16,6,11,95.8,13.0,13,菊沢一樹,58.0,芝,1800.0,良,110.0,1.8,10-10-12-13,36.6,548.0,-6.0,ニシノティアモ,
2020105361,エリンアキレウス,2025/06/08,3東京2,晴,10,八王子特別(2勝クラス),16,3,5,222.2,14.0,7,丹内祐次,58.0,ダ,1400.0,良,84.2,0.5,6-3,36.6,554.0,20.0,スティールブルー,
2020105361,エリンアキレウス,2024/11/30,5中山1,晴,10,鹿島特別(2勝クラス),15,3,5,199.5,13.0,11,荻野極,58.0,ダ,1800.0,稍,114.4,1.6,7-7-9-9,38.7,534.0,-4.0,サクラトップリアル,
2020105361,エリンアキレウス,2024/11/09,5東京3,晴,8,3歳以上2勝クラス,13,8,13,83.4,9.0,10,三浦皇成,58.0,ダ,1600.0,良,99.2,2.9,8-7,37.6,538.0,-6.0,ウィンドフォール,
2020105361,エリンアキレウス,2024/10/20,4東京6,晴,12,3歳以上2勝クラス,14,7,12,38.0,8.0,6,内田博幸,58.0,ダ,1600.0,良,98.5,1.1,9-6,36.6,544.0,-4.0,ロジアデレード,
2020105361,エリンアキレウス,2024/09/29,4中山9,曇,8,3歳以上2勝クラス,13,5,7,81.2,9.0,7,丹内祐次,58.0,ダ,1800.0,良,115.0,1.8,13-13-13-13,38.1,548.0,14.0,ウンガイソウテン,
2020105361,エリンアキレウス,2024/09/16,4中山5,曇,9,鋸山特別(2勝クラス),16,1,2,121.5,13.0,8,丹内祐次,58.0,ダ,1800.0,良,115.3,1.5,15-15-16-14,39.1,534.0,-8.0,テリフィックプラン,
2020105361,エリンアキレウス,2024/03/09,2中山5,晴,9,鎌ケ谷特別(2勝クラス),16,6,12,8.1,3.0,10,丹内祐次,58.0,ダ,1800.0,重,113.9,1.0,11-11-6-8,39.0,542.0,4.0,グランサバナ,
2020105361,エリンアキレウス,2024/02/18,1東京8,晴,12,大島特別(2勝クラス),16,2,3,5.9,3.0,8,キング,58.0,ダ,1400.0,良,85.6,1.3,2-2,38.1,538.0,-4.0,エミサキホコル,
2020105361,エリンアキレウス,2024/02/03,1東京3,晴,8,4歳以上1勝クラス,16,7,13,6.3,3.0,1,キング,58.0,ダ,1600.0,良,98.5,-0.1,2-2,37.5,542.0,28.0,(ピックアップライン),800.0
2020105361,エリンアキレウス,2023/06/17,3阪神5,晴,8,3歳以上1勝クラス,13,5,7,29.7,7.0,3,幸英明,55.0,ダ,1800.0,良,113.5,0.5,7-6-7-8,38.2,514.0,-6.0,プラーヴィ,200.0
2020105361,エリンアキレウス,2023/05/28,2東京12,晴,5,3歳1勝クラス,16,5,9,262.6,16.0,7,丸田恭介,56.0,ダ,1600.0,良,97.5,0.8,12-12,37.2,520.0,8.0,ボールドゾーン,
2020105361,エリンアキレウス,2023/05/06,1新潟3,曇,9,わらび賞(1勝クラス),15,7,13,128.6,14.0,12,秋山稔樹,56.0,ダ,1800.0,稍,116.0,2.2,8-8-7-8,40.9,512.0,-2.0,ジャスパーバローズ,
2020105361,エリンアキレウス,2023/03/05,2中山4,曇,3,3歳未勝利,16,6,12,6.0,4.0,1,菅原明良,56.0,ダ,1800.0,良,116.6,-0.3,2-2-1-1,40.2,514.0,0.0,(ダールフルート),550.0
2020105361,エリンアキレウス,2023/02/11,1東京5,晴,3,3歳未勝利,16,1,1,3.3,1.0,7,菅原明良,56.0,ダ,1600.0,不,98.7,1.6,4-4,38.9,514.0,-2.0,ヒルズカーン,
2020105361,エリンアキレウス,2022/12/24,5中山7,晴,4,2歳未勝利,16,4,8,12.1,6.0,3,秋山稔樹,54.0,ダ,1800.0,稍,115.0,0.9,2-2-2-2,41.4,516.0,2.0,クロックフォード,130.0
2020105361,エリンアキレウス,2022/12/03,6中京1,晴,1,2歳未勝利,14,6,9,19.0,6.0,3,秋山稔樹,54.0,ダ,1800.0,良,115.8,0.8,1-1-1-1,39.9,514.0,-6.0,グランデスフィーダ,130.0
2020105361,エリンアキレウス,2022/11/12,3福島3,晴,2,2歳未勝利,14,3,3,32.5,10.0,3,秋山稔樹,54.0,ダ,1700.0,良,108.9,0.5,13-12-2-2,38.5,520.0,-6.0,プメハナ,130.0
2020105361,エリンアキレウス,2022/10/23,4新潟4,雨,5,2歳新馬,15,4,7,92.8,15.0,6,丸田恭介,55.0,ダ,1800.0,稍,118.5,1.6,11-11-8-8,39.3,526.0,0.0,バンブーグローブ,
2022106088,スターグリップ,2026/07/07,川崎,曇,11,かながわの水がめ宮ヶ(B1B2),8,2,2,3.7,2.0,3.0,本田正重,57.0,ダ,1500.0,重,96.3,0.6,3-3-5-4,40.3,464.0,-1.0,エクロジャイト,80.0
2022106088,スターグリップ,2026/06/15,川崎,曇,12,入梅特別(A2B1),8,1,1,2.5,1.0,4.0,笹川翼,55.0,ダ,1400.0,重,90.4,0.3,4-4-3-1,39.9,465.0,-2.0,ミラクルヴォイス,72.0
2022106088,スターグリップ,2026/05/15,川崎,晴,11,第39回開成町あじさ(B1B2),12,2,2,2.5,1.0,3.0,笹川翼,57.0,ダ,1600.0,良,104.4,0.8,4-4-5-3,40.4,467.0,2.0,ドリームジャパン,80.0
2022106088,スターグリップ,2026/04/17,大井,晴,11,エイプリル賞競走(A2B1),12,7,10,9.0,5.0,4.0,本田正重,55.0,ダ,1400.0,重,86.9,0.5,9-9-9,37.5,465.0,-3.0,ロイヤルペガサス,93.0
2022106088,スターグリップ,2026/03/06,川崎,曇,11,川崎の名伯楽特(B1B2),13,3,3,4.3,2.0,1.0,御神本訓,55.0,ダ,1600.0,稍,104.1,0.0,2-2-1-1,40.5,468.0,-6.0,(ドリームジャパン),300.0
2022106088,スターグリップ,2026/02/05,川崎,晴,11,湘南オリーブオイル杯(B2),12,3,3,1.5,1.0,2.0,笹川翼,56.0,ダ,1400.0,良,90.3,0.1,2-2-1-2,39.3,474.0,-1.0,サウンドバッハ,108.0
2022106088,スターグリップ,2026/01/03,川崎,晴,10,宝船特別(B3),13,5,7,1.5,1.0,1.0,笹川翼,56.0,ダ,1400.0,稍,90.3,-0.8,1-1-1-1,39.6,475.0,2.0,(リコーベレッタ),240.0
2022106088,スターグリップ,2025/12/18,川崎,晴,10,雪模様特別(B3),10,8,10,1.4,1.0,1.0,笹川翼,56.0,ダ,1400.0,稍,90.8,-0.6,1-1-1-1,38.3,473.0,7.0,(エレファントラン),240.0
2022106088,スターグリップ,2025/11/19,川崎,晴,12,バーボン賞(C1二),14,8,14,3.8,3.0,1.0,笹川翼,56.0,ダ,1500.0,良,97.3,-0.2,1-1-1-1,40.8,466.0,15.0,(ペルセイズ),180.0
2022106088,スターグリップ,2025/04/10,川崎,雨,11,ネクストスター東日本(重賞),12,4,4,94.7,11.0,9.0,西啓太,56.0,ダ,1400.0,稍,91.3,1.8,7-7-10-11,40.8,451.0,10.0,ガバナビリティー,
2022106088,スターグリップ,2025/03/19,浦和,雨,11,ネクストスター東日本(重賞),0,3,3,,,,野畑凌,56.0,ダ,1400.0,不,,,,,,,,
2022106088,スターグリップ,2025/02/12,船橋,曇,7,寒椿スプリント(3歳),12,8,12,18.4,5.0,7.0,野畑凌,57.0,ダ,1200.0,良,76.2,2.0,4-6-5,40.8,441.0,-14.0,ハッピータレイア,
2022106088,スターグリップ,2025/01/04,川崎,晴,7,招福特別(3歳),13,2,2,3.1,1.0,1.0,矢野貴之,56.0,ダ,1500.0,良,98.4,-0.2,1-1-1-1,41.3,455.0,2.0,(エレファントラン),300.0
2022106088,スターグリップ,2024/12/10,川崎,晴,4,スコーピオン賞(2歳),10,6,6,1.9,1.0,1.0,矢野貴之,55.0,ダ,1400.0,良,91.5,-0.4,1-1-1-1,40.1,453.0,-7.0,(ミステリオ),220.0
2022106088,スターグリップ,2024/11/11,川崎,曇,3,2歳5,9,2,2,3.4,2.0,2.0,矢野貴之,55.0,ダ,1400.0,稍,91.5,0.0,1-1-1-1,39.7,460.0,4.0,テディージュエリー,80.0
2022106088,スターグリップ,2024/10/11,川崎,晴,2,スパーキングデビュー(2歳),7,4,4,1.6,1.0,3.0,矢野貴之,55.0,ダ,1400.0,重,93.6,0.3,1-1-1-1,41.4,456.0,0.0,ハナノウタゲ,100.0
2020104384,ライヴマスタード,2026/07/07,川崎,曇,10,ジュライスター賞(B2B3),9,2,2,6.4,4.0,2.0,七夕裕次,57.0,ダ,1600.0,重,105.5,0.3,9-9-7-4,39.4,543.0,1.0,ユーヴェリア,160.0
2020104384,ライヴマスタード,2026/04/21,浦和,晴,10,夏初月特別(B1B2),12,1,1,3.4,2.0,5.0,七夕裕次,55.0,ダ,1500.0,良,96.1,0.8,8-7-9-8,38.5,542.0,12.0,エリンアキレウス,38.0
2020104384,ライヴマスタード,2026/02/04,川崎,晴,10,フェブラリースター賞(B2B3),14,7,11,5.2,3.0,1.0,七夕裕次,57.0,ダ,1600.0,良,105.5,-0.1,9-9-10-10,40.2,530.0,-11.0,(ファミーユウルーズ),400.0
2020104384,ライヴマスタード,2026/01/09,浦和,晴,11,睦月特別(B1B2),10,8,9,4.8,3.0,3.0,七夕裕次,55.0,ダ,1500.0,良,96.8,0.6,7-7-3-1,38.5,541.0,-1.0,スペンサーバローズ,95.0
2020104384,ライヴマスタード,2025/12/23,浦和,晴,9,ディセンバー特別(B2),11,4,4,1.4,1.0,2.0,七夕裕次,56.0,ダ,1500.0,良,96.9,0.2,1-1-2-2,37.1,542.0,-2.0,チョメチョメ,140.0
2020104384,ライヴマスタード,2025/11/25,浦和,曇,11,群馬県畜産協会長賞特(B3),12,2,2,1.5,1.0,1.0,七夕裕次,56.0,ダ,1500.0,良,95.0,-0.5,7-6-6-3,38.1,544.0,0.0,(ナチュラルターン),300.0
2020104384,ライヴマスタード,2025/10/28,浦和,晴,8,HBA日高軽種馬農業(B3),10,7,9,2.6,1.0,1.0,七夕裕次,56.0,ダ,1500.0,重,94.3,0.0,6-6-6-5,37.7,544.0,-1.0,(ダイヤモンドビーチ),250.0
2020104384,ライヴマスタード,2025/06/23,浦和,曇,11,円良田湖特別(B3),11,7,9,1.5,1.0,2.0,七夕裕次,56.0,ダ,1400.0,良,87.2,0.3,3-3-1-1,38.3,545.0,1.0,ラジエル,120.0
2020104384,ライヴマスタード,2025/05/26,浦和,曇,10,薫風特別(B3),12,8,12,1.8,1.0,2.0,七夕裕次,56.0,ダ,1400.0,稍,87.1,0.8,4-5-4-1,37.8,544.0,-3.0,スペンサーバローズ,120.0
2020104384,ライヴマスタード,2025/04/24,浦和,曇,10,雛芥子特別(C1),12,2,2,1.9,1.0,1.0,七夕裕次,56.0,ダ,1500.0,良,95.3,-0.3,4-3-4-2,37.8,547.0,1.0,(デルマプルシャ),180.0
2020104384,ライヴマスタード,2025/04/08,川崎,晴,5,C1四五六(C1五),12,5,6,1.8,1.0,1.0,七夕裕次,56.0,ダ,1400.0,稍,92.0,-0.3,7-7-4-4,39.8,546.0,-2.0,(ブラッドライン),120.0
2020104384,ライヴマスタード,2025/03/19,浦和,雨,7,C1四,0,7,9,,,,七夕裕次,56.0,ダ,1500.0,不,,,,,,,,
2020104384,ライヴマスタード,2025/02/24,浦和,晴,4,ウマ娘アクリルキーホ(C2),11,1,1,1.8,1.0,1.0,七夕裕次,56.0,ダ,1500.0,良,97.2,-0.4,1-1-1-1,39.9,548.0,-6.0,(アマレロフレイバー),110.0
2020104384,ライヴマスタード,2024/12/16,水沢,,10,ブルートパーズ賞(B1),0,3,3,,,,塚本涼人,56.0,ダ,1600.0,,,,,,,,,
2020104384,ライヴマスタード,2024/12/02,水沢,晴,6,オッズパークプレミア(B1),11,3,3,1.6,1.0,1.0,塚本涼人,56.0,ダ,1600.0,重,102.3,-1.1,1-1-1-1,38.6,554.0,11.0,(ルボートン),75.0
2020104384,ライヴマスタード,2024/06/09,水沢,曇,11,オーキッド賞(C1),11,6,6,1.0,1.0,1.0,塚本涼人,56.0,ダ,1600.0,良,102.8,-0.8,1-1-1-1,38.7,543.0,0.0,(キタノマーベラス),45.0
2020104384,ライヴマスタード,2024/05/28,盛岡,曇,8,C1三組,11,3,3,1.0,1.0,1.0,塚本涼人,56.0,ダ,1600.0,良,100.4,-2.3,1-1,38.8,543.0,9.0,(スズカノアイル),45.0
2020104384,ライヴマスタード,2024/05/07,盛岡,曇,1,C2三組,8,8,8,1.0,1.0,1.0,塚本涼人,56.0,ダ,1400.0,稍,86.5,-1.7,2-2,37.7,534.0,6.0,(マナーザマジック),40.0
2020104384,ライヴマスタード,2024/04/21,水沢,晴,5,おしどり桜賞(C2),11,8,10,1.0,1.0,1.0,塚本涼人,56.0,ダ,1300.0,良,84.4,-1.0,2-2-2-1,39.2,528.0,-2.0,(スタージョン),40.0
2020104384,ライヴマスタード,2024/04/07,水沢,晴,3,C2十組,11,7,8,1.4,1.0,1.0,塚本涼人,56.0,ダ,1300.0,良,84.0,-0.9,2-2-1-1,38.8,530.0,14.0,(カシノフォワード),40.0
2020104384,ライヴマスタード,2023/08/27,2札幌6,曇,2,3歳未勝利,14,6,10,83.8,11.0,7.0,土田真翔,53.0,ダ,1700.0,良,109.3,1.9,5-5-6-9,40.2,516.0,2.0,サラサビーザベスト,
2020104384,ライヴマスタード,2023/07/30,1札幌4,曇,3,3歳未勝利,14,3,4,44.7,10.0,10.0,土田真翔,53.0,ダ,1700.0,良,109.5,1.4,2-2-2-2,38.5,514.0,-6.0,クリノグローリー,
2020104384,ライヴマスタード,2023/07/01,2福島1,曇,3,3歳未勝利,15,5,9,77.5,11.0,8.0,佐藤翔馬,53.0,ダ,1700.0,重,107.1,0.6,6-6-8-8,38.8,520.0,20.0,スピリチュアル,
2020104384,ライヴマスタード,2022/07/10,2福島4,晴,5,2歳新馬,10,1,1,64.1,10.0,9.0,木幡巧也,54.0,芝,2000.0,良,126.6,3.2,9-9-9-8,37.7,500.0,0.0,ナチュラルハイ,
2021100456,レグノ,2026/07/08,川崎,晴,10,要潤さん川崎競馬公式(B2),9,3,3,9.8,4.0,1,佐藤翔馬,53.0,ダ,1400.0,稍,90.1,-0.1,4-3-3-4,39.8,491.0,-2.0,(エレファントラン),280.0
2021100456,レグノ,2026/06/16,川崎,晴,10,ジューンスター賞(B2B3),11,2,2,11.2,8.0,5,佐藤翔馬,54.0,ダ,1500.0,稍,96.4,0.5,4-4-6-5,39.9,493.0,0.0,ルクスメンデス,40.0
2021100456,レグノ,2026/05/28,浦和,曇,11,早苗月特別(B1B2),13,7,11,10.2,6.0,9,櫻井光輔,55.0,ダ,1400.0,良,89.4,1.0,6-8-7-9,39.4,493.0,-9.0,ケンキートス,
2021100456,レグノ,2026/05/11,川崎,晴,11,草笛特別(B2),14,5,7,11.6,7.0,5,本田正重,56.0,ダ,1500.0,良,95.4,0.3,4-3-3-3,39.4,502.0,5.0,マロンシャンテリー,28.0
2021100456,レグノ,2026/04/08,川崎,晴,10,川崎記念3連覇ホッコ(B2B3),14,2,2,6.8,2.0,2,本田正重,57.0,ダ,1500.0,稍,97.1,0.2,7-7-6-5,39.1,497.0,-7.0,モネ,112.0
2021100456,レグノ,2026/03/04,川崎,曇,10,萌え野特別(B2),9,8,9,31.9,7.0,2,本田正重,56.0,ダ,1500.0,不,96.1,0.3,3-3-3-4,39.7,504.0,21.0,ミスマルゴー,108.0
2021100456,レグノ,2025/11/17,川崎,晴,10,時雨空特別(B2),11,7,9,19.8,6.0,9,櫻井光輔,56.0,ダ,1400.0,良,92.3,2.1,9-9-9-10,39.7,483.0,17.0,サザンカ,
2021100456,レグノ,2025/09/22,浦和,晴,11,秋彼岸特別(B2),9,1,1,6.2,3.0,6,町田直希,56.0,ダ,1400.0,稍,89.3,1.2,9-9-9-7,37.4,466.0,-11.0,プラティクレール,
2021100456,レグノ,2025/09/08,川崎,晴,11,馬産地日高特別(B2B3),14,5,8,31.3,9.0,3,野畑凌,57.0,ダ,1500.0,稍,97.3,2.0,8-9-7-9,40.9,477.0,6.0,インナースティール,67.5
2021100456,レグノ,2025/08/05,川崎,晴,11,蝉時雨特別(B2B3),9,8,9,7.8,2.0,6,野畑凌,57.0,ダ,1500.0,良,97.2,1.8,3-3-3-3,41.0,471.0,-5.0,ホッコーソムニウム,
2021100456,レグノ,2025/07/07,川崎,晴,10,七夕特別(B3),9,8,9,2.5,1.0,1,野畑凌,56.0,ダ,1600.0,良,105.9,-0.2,3-3-2-2,39.2,476.0,-1.0,(フォースゲイト),240.0
2021100456,レグノ,2025/06/18,川崎,晴,10,梅雨明かり特別(B2B3),14,5,7,8.4,2.0,4,中越琉世,55.0,ダ,1600.0,良,104.6,0.9,4-5-5-5,39.5,477.0,0.0,カラリパヤット,40.5
2021100456,レグノ,2025/05/15,川崎,晴,12,早苗月賞(B3),14,5,8,4.4,2.0,1,中越琉世,56.0,ダ,1500.0,稍,97.0,-0.1,4-4-4-2,40.5,477.0,-9.0,(フィアマフルミネ),210.0
2021100456,レグノ,2025/03/04,川崎,曇,10,早花咲月特別(B3),12,8,12,2.0,1.0,3,野畑凌,56.0,ダ,1500.0,不,97.2,0.8,3-3-3-4,39.6,486.0,-5.0,レイニングキャット,60.0
2021100456,レグノ,2025/02/07,川崎,晴,9,立山賞(C1二),14,6,10,1.9,1.0,2,野畑凌,56.0,ダ,1500.0,良,97.5,0.0,4-4-5-3,39.9,491.0,0.0,ツカサレヴズ,72.0
2021100456,レグノ,2025/01/04,川崎,晴,9,黒豆賞(C1二),12,6,8,1.4,1.0,2,野畑凌,56.0,ダ,1400.0,良,91.9,0.0,4-3-2-2,40.2,491.0,3.0,ヘクトプリンセス,72.0
2021100456,レグノ,2024/12/09,川崎,晴,6,ベルリン賞(C2),12,4,4,1.8,1.0,1,野畑凌,56.0,ダ,1400.0,良,90.8,-1.3,1-1-1-1,40.0,488.0,4.0,(セイウンダキシメテ),150.0
2021100456,レグノ,2024/11/15,川崎,曇,5,百舌鳥特別(3歳),10,3,3,2.6,2.0,1,野畑凌,56.0,ダ,1500.0,稍,97.9,0.0,2-2-1-1,40.4,484.0,2.0,(カラリパヤット),180.0
2021100456,レグノ,2024/10/21,名古屋,晴,7,C2組,12,1,1,3.8,3.0,1,今井貴大,56.0,ダ,1500.0,良,95.3,-0.2,4-3-3,38.4,482.0,4.0,(レイヌドサーブル),54.0
2021100456,レグノ,2024/10/02,名古屋,晴,3,C20組,12,4,4,9.4,5.0,1,今井貴大,56.0,ダ,1500.0,良,94.8,-0.9,2-1-1,37.8,478.0,2.0,(メイショウマサムネ),50.0
2021100456,レグノ,2024/09/18,名古屋,晴,3,3歳11組,10,6,7,3.0,2.0,3,友森翔太,56.0,ダ,1500.0,良,97.8,2.3,1-2-3,41.2,476.0,22.0,ホウオウバローロ,10.0
2021100456,レグノ,2024/08/18,2中京4,晴,2,3歳未勝利,13,6,8,151.8,10.0,8,橋木太希,54.0,ダ,1800.0,良,116.1,2.9,7-6-5-5,39.7,454.0,0.0,ダブルハートボンド,
2021100456,レグノ,2024/07/20,3小倉7,曇,6,3歳未勝利,16,3,6,91.8,11.0,8,橋木太希,54.0,ダ,1700.0,重,107.3,1.5,2-2-2-2,39.5,454.0,-6.0,アレナパラシオ,
2021100456,レグノ,2024/05/12,1新潟6,曇,2,3歳未勝利,15,3,4,19.9,6.0,9,永島まな,55.0,ダ,1200.0,良,74.1,1.4,7-7,39.0,460.0,16.0,ゼンノツキヨミ,
2021100456,レグノ,2023/11/12,3京都4,曇,1,2歳未勝利,13,8,12,31.9,8.0,8,田口貫太,54.0,ダ,1200.0,稍,75.7,3.0,4-5,39.4,444.0,6.0,ラヴオントップ,
2021100456,レグノ,2023/10/28,2京都8,晴,2,2歳未勝利,12,3,3,65.4,10.0,4,田口貫太,54.0,ダ,1200.0,良,74.0,0.9,4-4,37.7,438.0,4.0,トッピゴー,83.0
2021100456,レグノ,2023/10/09,4東京3,雨,5,2歳新馬,13,5,7,48.1,7.0,12,丸山元気,56.0,芝,1600.0,稍,99.3,2.4,3-4,36.2,434.0,0.0,ファビュラススター,
2020100198,シャンパンファイト,2026/07/07,川崎,曇,11,かながわの水がめ宮ヶ(B1B2),8,6,6,7.2,4.0,5,新原周馬,57.0,ダ,1500.0,重,96.8,1.1,3-3-3-3,41.0,463.0,4.0,エクロジャイト,32.0
2020100198,シャンパンファイト,2026/06/19,川崎,曇,11,短夜特別(B1B2),11,1,1,44.2,8.0,1,新原周馬,57.0,ダ,1500.0,重,95.8,-0.3,4-3-3-2,40.9,459.0,-4.0,(エレファントラン),320.0
2020100198,シャンパンファイト,2026/01/08,浦和,晴,12,初富士特別(B2B3),10,7,8,6.8,3.0,4,野畑凌,57.0,ダ,2000.0,良,132.7,1.8,5-5-3-3,40.9,463.0,3.0,リョウタスペシャル,52.5
2020100198,シャンパンファイト,2025/12/04,大井,晴,9,ブルージルコン賞競走(B1B2),10,7,7,63.6,9.0,8,本橋孝太,57.0,ダ,2000.0,良,130.6,1.5,9-9-9-8,39.9,460.0,3.0,スパルタレオニダス,
2020100198,シャンパンファイト,2025/11/04,船橋,晴,11,大福山特別(A2B1),14,8,14,176.8,12.0,11,本橋孝太,55.0,ダ,1800.0,良,116.7,2.2,6-7-6-8,40.5,457.0,-3.0,アルラ,
2020100198,シャンパンファイト,2025/10/13,川崎,曇,11,かながわ畜産物フェア(A2),13,1,1,73.1,9.0,5,本橋孝太,55.0,ダ,2000.0,良,133.2,1.8,11-8-8-5,42.3,460.0,6.0,ツウカイノキズナ,40.0
2020100198,シャンパンファイト,2025/09/09,川崎,晴,11,スパーキングナイトチ(A2B1),14,8,13,395.5,13.0,12,本橋孝太,55.0,ダ,1600.0,稍,105.9,2.9,7-7-10-12,40.9,454.0,-5.0,シンビリーブ,
2020100198,シャンパンファイト,2025/08/25,川崎,晴,11,処暑特別(B1B2),8,8,9,24.4,4.0,6,野畑凌,57.0,ダ,1600.0,良,105.0,1.3,4-4-3-5,39.8,459.0,0.0,ホッコーソムニウム,
2020100198,シャンパンファイト,2025/08/08,川崎,晴,11,かなテクカレッジ記念(B1B2),8,6,6,20.1,5.0,5,野畑凌,57.0,ダ,1600.0,良,104.7,1.4,2-2-2-2,41.9,459.0,3.0,ゼウスバイオ,30.0
2020100198,シャンパンファイト,2025/04/08,川崎,晴,10,プロキオン賞(B1B2),9,5,5,5.8,3.0,9,矢野貴之,57.0,ダ,2000.0,稍,136.4,2.7,5-5-5-6,41.7,456.0,1.0,カレンアルカンタラ,
2020100198,シャンパンファイト,2025/02/25,浦和,晴,11,早春賞(A2),8,1,1,5.7,4.0,4,山崎誠士,55.0,ダ,2000.0,良,131.7,1.1,1-1-2-3,39.2,455.0,-1.0,スパルタレオニダス,75.0
2020100198,シャンパンファイト,2025/02/08,川崎,晴,11,ベテルギウス賞(B1B2),7,4,4,6.0,2.0,3,本橋孝太,57.0,ダ,2000.0,良,135.6,0.5,2-2-4-2,39.1,456.0,3.0,アトランティス,75.0
2020100198,シャンパンファイト,2025/01/04,川崎,晴,11,スパーキングオールス(A2),11,8,11,14.1,5.0,7,本橋孝太,55.0,ダ,2100.0,良,143.7,0.9,2-2-2-2,41.3,453.0,-2.0,プラセボ,
2020100198,シャンパンファイト,2024/10/07,川崎,晴,11,大磯まつり2024特(A2),9,8,9,3.0,1.0,4,本橋孝太,55.0,ダ,2000.0,重,136.2,1.2,6-6-5-5,41.3,455.0,-3.0,ブルグミューラー,60.0
2020100198,シャンパンファイト,2024/08/20,浦和,晴,12,鳳仙花特別(B2B3),8,1,1,3.4,3.0,1,本橋孝太,57.0,ダ,2000.0,重,126.7,-0.5,4-4-4-2,37.0,458.0,2.0,(ヨルノテイオー),350.0
2020100198,シャンパンファイト,2024/07/23,川崎,晴,10,アルタイル賞(B2B3),8,5,5,13.5,5.0,1,山崎誠士,57.0,ダ,2000.0,稍,133.4,-0.2,2-2-1-1,41.2,456.0,-2.0,(タイセイストラーダ),270.0
2020100198,シャンパンファイト,2024/07/01,川崎,雨,11,七夜月特別(B1B2),7,1,1,4.6,4.0,6,矢野貴之,55.0,ダ,1500.0,重,98.6,1.4,4-3-5-5,41.4,458.0,-1.0,ファルコンソード,
2020100198,シャンパンファイト,2024/06/11,川崎,晴,10,梅雨明かり特別(B2B3),13,7,10,3.1,1.0,11,本田正重,57.0,ダ,1500.0,稍,98.7,2.0,3-3-3-5,43.0,459.0,0.0,イサチルプリンス,
2020100198,シャンパンファイト,2024/03/14,川崎,晴,9,よみうりランド遊園地(B3),14,4,5,1.6,1.0,1,野畑凌,56.0,ダ,1600.0,稍,105.8,-0.2,4-4-4-2,41.6,459.0,3.0,(ポッドアワーズ),240.0
2020100198,シャンパンファイト,2024/02/02,川崎,曇,10,氷瀑特別(B3),12,1,1,2.3,1.0,1,野畑凌,56.0,ダ,1400.0,良,90.1,-0.3,1-1-1-1,39.1,456.0,-2.0,(ラブリービュー),240.0
2020100198,シャンパンファイト,2024/01/02,川崎,曇,11,21stゴールデンホ(C1C2),13,3,3,2.7,1.0,1,野畑凌,57.0,ダ,1500.0,良,97.6,-0.4,3-3-3-1,40.6,458.0,-1.0,(デアシュトゥルム),200.0
2020100198,シャンパンファイト,2023/12/12,川崎,曇,12,ポイント10倍!川崎(C1四),14,7,11,8.0,4.0,1,野畑凌,56.0,ダ,1500.0,稍,99.7,-0.1,3-3-2-2,42.6,459.0,-2.0,(ドナスウェット),120.0
2020100198,シャンパンファイト,2023/11/06,川崎,晴,8,セイロン賞(C2),11,4,4,8.7,2.0,1,野畑凌,56.0,ダ,1400.0,良,92.5,-0.4,1-1-1-1,39.9,461.0,-9.0,(レイズアオーソ),150.0
2020100198,シャンパンファイト,2023/06/09,大井,曇,2,3歳340.,14,1,1,4.1,3.0,6,森泰斗,56.0,ダ,1400.0,不,87.8,0.4,1-1-1,39.6,470.0,-1.0,キャンディガール,
2020100198,シャンパンファイト,2023/05/26,大井,曇,1,3歳335万,8,3,3,3.9,3.0,7,森泰斗,56.0,ダ,1600.0,稍,104.1,3.1,4-4-4-5,42.2,471.0,-4.0,ストライク,
2020100198,シャンパンファイト,2023/05/12,大井,晴,5,3歳325万,12,8,11,6.0,3.0,4,森泰斗,56.0,ダ,1400.0,良,87.7,0.4,3-3-3,38.7,475.0,19.0,ランプロン,21.3
2020100198,シャンパンファイト,2023/01/27,大井,曇,5,3歳306万,14,2,2,4.7,3.0,9,本田正重,56.0,ダ,1600.0,良,104.2,1.9,1-1-1-3,40.6,456.0,-2.0,トワシュトラール,
2020100198,シャンパンファイト,2022/12/29,大井,晴,3,SPAT4賞(2歳),8,1,1,5.6,4.0,2,笹川翼,55.0,ダ,1600.0,稍,102.8,0.1,1-1-1-1,39.9,458.0,8.0,センゲントップ,84.0
2020100198,シャンパンファイト,2022/05/17,門別,晴,4,JRA認定フレッシュ(新馬)(2歳),10,3,3,1.2,1.0,1,落合玄太,54.0,ダ,1000.0,良,63.1,-0.6,1-1,38.6,450.0,0.0,(レスプレンドール),250.0
2021103813,ソルベット,2026/05/22,大井,曇,7,プレアデス賞競走(B2B3),9,7,8,3.0,2.0,5,笹川翼,55.0,ダ,1600.0,不,102.5,0.4,1-1-1-1,39.6,491.0,-3.0,クインズマカロン,42.0
2021103813,ソルベット,2026/04/28,大井,晴,10,ケンタウルス賞競走(B2),9,1,1,4.6,3.0,3,笹川翼,54.0,ダ,1600.0,不,101.8,0.5,1-1-1-1,39.9,494.0,2.0,モリデンステルス,115.0
2021103813,ソルベット,2026/03/26,大井,曇,12,スノードロップ賞競走(B2),13,5,7,3.7,2.0,2,笹川翼,53.0,ダ,1650.0,不,105.5,0.2,3-3-3-3,39.7,492.0,-6.0,マイネルボンバー,176.0
2021103813,ソルベット,2026/03/13,大井,曇,12,円通寺坂賞競走(B3),9,6,6,2.9,2.0,2,笹川翼,54.0,ダ,1600.0,良,103.0,0.1,4-4-1-1,39.0,498.0,7.0,ロンギングタイム,152.0
2021103813,ソルベット,2025/10/05,大井,晴,6,ヴァーゴ賞競走(B2B3),13,7,10,4.5,3.0,1,笹川翼,53.0,ダ,1600.0,良,101.9,-0.2,7-6-8-5,39.1,491.0,1.0,(アンブロジアーナ),400.0
2021103813,ソルベット,2025/09/04,大井,曇,12,オフトひたちなか賞競(C1),12,5,6,2.0,1.0,1,笹川翼,54.0,ダ,1650.0,良,105.8,0.0,3-3-3-1,40.9,490.0,1.0,(マイネルオデーサ),200.0
2021103813,ソルベット,2025/08/14,大井,晴,12,ミッドサマー特別競走(C2),12,8,11,2.5,2.0,1,笹川翼,54.0,ダ,1650.0,良,105.2,-1.1,2-2-1-1,39.1,489.0,-1.0,(チュイション),180.0
2021103813,ソルベット,2025/04/29,大井,晴,7,C1七八九(C1八),7,7,7,3.2,2.0,3,笹川翼,54.0,ダ,1600.0,重,102.7,0.3,3-3-2-2,39.5,490.0,-2.0,グレイテストワーク,30.0
2021103813,ソルベット,2025/04/16,大井,晴,7,C1七八九(C1八),10,5,5,6.8,3.0,7,西啓太,54.0,ダ,1600.0,稍,103.7,1.1,7-6-6-6,40.4,492.0,4.0,トーアカラカウア,
2021103813,ソルベット,2025/03/28,大井,晴,1,レジェンドジョッキー(C2四),14,3,4,2.0,1.0,1,西啓太,54.0,ダ,1600.0,稍,102.6,-0.2,3-3-3-2,40.4,488.0,2.0,(ラヴィッシュ),100.0
2021103813,ソルベット,2025/03/12,大井,曇,5,C2六七,14,5,8,3.5,2.0,2,西啓太,54.0,ダ,1600.0,重,104.0,0.6,5-3-5-4,39.4,486.0,-1.0,スカイイズユアーズ,40.0
2021103813,ソルベット,2024/12/29,大井,晴,5,C2十1112(C211),12,7,9,2.4,1.0,1,西啓太,54.0,ダ,1600.0,良,103.7,-0.3,1-1-1-1,40.2,487.0,1.0,(バンクサイド),100.0
2021103813,ソルベット,2024/12/01,大井,晴,6,アクダクト賞(C2),12,6,7,2.2,1.0,1,西啓太,54.0,ダ,1600.0,良,104.0,-0.1,2-2-2-2,40.1,486.0,13.0,(ヤルヤン),100.0
2021103813,ソルベット,2024/08/29,船橋,曇,8,ナティブーツ特別(3歳C1),9,2,2,17.5,6.0,3,西啓太,54.0,ダ,1600.0,良,103.8,0.6,5-5-7-7,40.3,473.0,11.0,エアースタージョイ,62.5
2021103813,ソルベット,2024/07/06,2福島3,曇,3,3歳未勝利,15,7,12,13.2,7.0,11,吉田豊,55.0,ダ,1700.0,良,109.6,2.1,12-12-12-11,39.1,462.0,-4.0,エコロカレン,
2021103813,ソルベット,2024/03/09,1中京1,晴,5,3歳未勝利,15,3,4,161.1,13.0,10,亀田温心,55.0,芝,1600.0,良,96.4,1.1,4-5-5,36.0,466.0,10.0,ケイケイ,
2021103813,ソルベット,2023/12/16,5中山5,晴,8,2歳未勝利,16,2,3,30.9,8.0,13,吉田豊,55.0,芝,1600.0,良,96.0,1.6,8-8-9,36.3,456.0,-10.0,ユキノロイヤル,
2021103813,ソルベット,2023/11/26,5東京8,曇,2,2歳未勝利,18,5,10,46.0,8.0,6,田辺裕信,55.0,芝,1600.0,良,95.9,0.8,5-6,34.5,466.0,2.0,ツルマウカタチ,
2021103813,ソルベット,2023/09/09,4中山1,曇,2,2歳未勝利,12,7,10,12.1,5.0,3,吉田豊,55.0,芝,1600.0,重,95.2,0.5,10-8-7,35.5,464.0,-2.0,ララヴィエルジュ,140.0
2021103813,ソルベット,2023/07/16,2福島6,晴,5,2歳新馬,13,6,8,7.7,5.0,7,吉田豊,55.0,芝,1800.0,良,113.1,1.6,4-4-3-3,36.5,466.0,0.0,コスモディナー,
2020104864,タマモヴェナトル,2026/07/09,川崎,晴,11,スパーキングサマーチ(OP)(3歳),14,7,12,63.9,8.0,7,櫻井光輔,53.0,ダ,1600.0,良,103.6,2.2,9-9-6-8,40.4,456.0,4.0,ベアバッキューン,
2020104864,タマモヴェナトル,2026/06/19,川崎,曇,11,短夜特別(B1B2),11,6,6,13.3,7.0,5,櫻井光輔,57.0,ダ,1500.0,重,96.7,0.9,6-5-7-6,41.4,452.0,-2.0,シャンパンファイト,32.0
2020104864,タマモヴェナトル,2026/05/03,2東京4,曇,12,4歳以上2勝クラス,13,7,11,30.7,9.0,9,長浜鴻緒,56.0,ダ,1300.0,稍,78.5,1.1,9-8,36.7,454.0,6.0,エイプリルインパリ,
2020104864,タマモヴェナトル,2026/01/31,1東京1,晴,8,4歳以上2勝クラス,16,3,5,136.8,13.0,7,佐藤翔馬,55.0,ダ,1400.0,良,85.7,1.0,13-12,36.1,448.0,-4.0,ペイシャケイプ,
2020104864,タマモヴェナトル,2026/01/17,1中山6,晴,8,4歳以上2勝クラス,16,3,6,159.6,11.0,4,菊沢一樹,58.0,ダ,1200.0,良,72.2,0.4,14-14,36.4,452.0,2.0,ゴールドハンマー,180.0
2020104864,タマモヴェナトル,2025/09/20,4中山6,曇,12,3歳以上2勝クラス,16,2,4,51.4,10.0,14,菊沢一樹,58.0,ダ,1200.0,重,72.5,2.0,7-7,37.7,450.0,0.0,エコロエイト,
2020104864,タマモヴェナトル,2025/06/22,1函館4,曇,10,檜山特別(2勝クラス),14,5,7,32.2,8.0,14,菊沢一樹,58.0,ダ,1700.0,重,105.9,1.6,1-1-1-2,38.6,450.0,-4.0,バギーウィップ,
2020104864,タマモヴェナトル,2025/02/09,1小倉6,晴,10,由布院特別(2勝クラス),16,2,4,8.4,4.0,7,菊沢一樹,58.0,ダ,1700.0,稍,106.0,1.0,7-7-8-5,38.0,454.0,12.0,レシプロシティ,
2020104864,タマモヴェナトル,2024/11/24,5東京8,晴,10,アプローズ賞(2勝クラス),16,1,1,40.6,10.0,12,菊沢一樹,58.0,ダ,1400.0,良,86.2,1.8,7-6,37.3,442.0,-6.0,シゲルソロソロ,
2020104864,タマモヴェナトル,2024/11/03,3福島2,晴,10,河北新報杯(2勝クラス),15,7,13,3.3,1.0,5,菊沢一樹,58.0,ダ,1700.0,重,104.6,1.4,12-12-10-9,37.7,448.0,8.0,クロースコンバット,155.0
2020104864,タマモヴェナトル,2024/07/07,2福島4,晴,10,天の川賞(2勝クラス),10,8,9,3.8,2.0,3,菊沢一樹,58.0,ダ,1700.0,良,106.4,1.0,6-6-3-3,37.4,440.0,-6.0,ジョージテソーロ,393.3
2020104864,タマモヴェナトル,2024/06/22,3東京7,晴,9,清里特別(2勝クラス),16,1,2,25.2,7.0,5,菊沢一樹,58.0,ダ,1400.0,重,83.5,0.7,7-7,36.4,446.0,4.0,エストレヤデベレン,155.0
2020104864,タマモヴェナトル,2024/03/02,2小倉7,晴,11,早鞆特別(2勝クラス),16,5,10,6.3,3.0,2,菊沢一樹,56.0,ダ,1700.0,稍,103.8,0.1,10-8-4-5,37.8,442.0,-6.0,アイファーテイオー,631.8
2020104864,タマモヴェナトル,2024/02/25,2小倉6,晴,8,4歳以上1勝クラス,11,6,7,4.6,3.0,1,菊沢一樹,57.0,ダ,1700.0,稍,104.2,-0.2,5-5-3-3,36.7,448.0,0.0,(クリノグローリー),800.0
2020104864,タマモヴェナトル,2023/11/26,5東京8,曇,7,3歳以上1勝クラス,16,5,9,2.4,1.0,7,菊沢一樹,57.0,ダ,1400.0,良,87.3,1.0,8-7,37.6,448.0,0.0,キャプテンローレル,
2020104864,タマモヴェナトル,2023/10/22,4新潟4,晴,8,3歳以上1勝クラス,10,7,8,3.4,3.0,2,菊沢一樹,56.0,ダ,1800.0,稍,113.9,0.1,3-2-2-2,36.6,448.0,2.0,ファンジオ,320.0
2020104864,タマモヴェナトル,2023/09/03,3新潟8,晴,3,3歳未勝利,15,3,4,2.5,1.0,1,菊沢一樹,56.0,ダ,1800.0,良,113.6,-0.8,4-5-4-3,39.2,446.0,6.0,(ユイアングレイス),550.0
2020104864,タマモヴェナトル,2023/08/13,3新潟2,晴,2,3歳未勝利,15,5,9,5.2,3.0,2,菊沢一樹,56.0,ダ,1800.0,良,113.6,0.2,5-5-2-2,38.2,440.0,20.0,オールマキシマム,220.0
2020104864,タマモヴェナトル,2023/04/16,1福島4,晴,6,3歳未勝利,15,1,1,2.4,1.0,9,菊沢一樹,56.0,ダ,1700.0,稍,109.3,2.6,14-14-13-12,38.5,420.0,-6.0,ディアサクセサー,
2020104864,タマモヴェナトル,2023/03/26,3中山2,小雨,2,3歳未勝利,16,5,10,6.2,5.0,2,菊沢一樹,56.0,ダ,1800.0,不,113.7,0.0,7-7-3-1,38.1,426.0,-10.0,エドノトップラン,220.0
2020104864,タマモヴェナトル,2023/02/26,2中山2,晴,4,3歳未勝利,16,7,14,3.9,2.0,6,菊沢一樹,56.0,ダ,1800.0,良,117.3,1.4,7-7-4-5,40.0,436.0,0.0,ナムラテディー,
2020104864,タマモヴェナトル,2022/12/04,5中山2,晴,4,2歳新馬,15,8,14,4.7,2.0,3,菊沢一樹,55.0,ダ,1800.0,良,116.5,0.2,7-6-2-2,38.9,436.0,0.0,タイセイマンボ,180.0
2019106734,クアトロフォンテ,2026/06/17,川崎,晴,9,一騎当千賞(B1B2),11,4,4,139.4,7.0,2,本橋孝太,57.0,ダ,900.0,稍,54.5,0.6,4-3,37.1,484.0,2.0,スモークフレイバー,108.0
2019106734,クアトロフォンテ,2026/05/12,川崎,晴,11,スパーキングスプリン(OP)(4歳),12,1,1,160.5,11.0,11,本橋孝太,53.0,ダ,900.0,良,55.3,2.4,11-10,37.3,482.0,2.0,ハーフブルー,
2019106734,クアトロフォンテ,2026/02/13,船橋,晴,12,雪男スプリント(B1),12,5,6,179.4,11.0,10,町田直希,56.0,ダ,1200.0,良,76.2,1.8,3-7-8,40.0,480.0,6.0,アッカーマン,
2019106734,クアトロフォンテ,2026/01/21,船橋,晴,9,房総スプリント(B1B2),11,6,7,33.2,7.0,8,桑村真明,57.0,ダ,1200.0,良,75.8,1.6,5-7-8,39.5,474.0,0.0,レーザーショー,
2019106734,クアトロフォンテ,2025/10/02,船橋,晴,9,ヘレニウムスプリント(B1B2),10,8,10,14.1,4.0,5,矢野貴之,57.0,ダ,1200.0,稍,75.1,2.3,5-5-6,38.4,474.0,-1.0,サンマルシップ,33.0
2019106734,クアトロフォンテ,2025/08/29,船橋,晴,11,オーガストダッシュ(B1B2),9,8,8,8.6,4.0,2,笹川翼,57.0,ダ,1000.0,良,60.2,0.1,5-5,36.2,475.0,-6.0,マスタープラン,132.0
2019106734,クアトロフォンテ,2025/07/31,船橋,晴,12,黒勾玉スプリント(B1B2),10,2,2,28.5,7.0,10,山中悠希,57.0,ダ,1200.0,良,75.7,2.0,5-5-9,39.3,481.0,3.0,ハセノブライアン,
2019106734,クアトロフォンテ,2025/07/06,船橋,晴,10,トケイソウスプリント(B1),11,6,6,12.5,5.0,5,御神本訓,56.0,ダ,1200.0,良,73.9,0.6,2-2-1,38.4,478.0,-8.0,ワラ,33.0
2019106734,クアトロフォンテ,2025/06/05,船橋,晴,9,アンバースプリント(B1),8,8,8,5.3,2.0,6,矢野貴之,56.0,ダ,1200.0,稍,75.3,0.6,4-4-4,39.1,486.0,-7.0,サトノムスタング,
2019106734,クアトロフォンテ,2025/05/09,船橋,雨,10,クレマチススプリント(B1B2),10,8,9,4.2,2.0,6,笹川翼,57.0,ダ,1200.0,良,74.5,1.1,3-4-5,39.4,493.0,1.0,サトノムスタング,
2019106734,クアトロフォンテ,2025/04/04,船橋,晴,10,くじら座スプリント(B1B2),10,7,8,6.7,2.0,4,矢野貴之,57.0,ダ,1200.0,重,75.0,0.8,4-5-5,39.3,492.0,4.0,サトノムスタング,49.5
2019106734,クアトロフォンテ,2025/03/14,船橋,晴,10,浩然之気賞(A2),10,7,7,3.4,2.0,6,山本聡哉,55.0,ダ,1000.0,良,61.2,0.3,7-7,37.5,488.0,6.0,ビリーヴインミー,
2019106734,クアトロフォンテ,2025/02/14,船橋,晴,10,フェブラリーダッシュ(B1),14,8,13,4.5,2.0,1,矢野貴之,57.0,ダ,1000.0,良,60.3,-0.3,5-5,36.8,482.0,0.0,(ビリーヴインミー),330.0
2019106734,クアトロフォンテ,2025/01/24,船橋,晴,10,房総スプリント(B1B2),12,8,11,4.0,2.0,4,矢野貴之,57.0,ダ,1200.0,良,74.9,1.1,3-3-3,38.6,482.0,3.0,ストライクオン,49.5
2019106734,クアトロフォンテ,2024/11/04,大井,晴,11,オフト大郷賞競走(B1B2),11,7,9,3.3,1.0,4,矢野貴之,57.0,ダ,1400.0,稍,88.3,0.5,2-2-2,39.0,479.0,2.0,ロードアラビアン,69.0
2019106734,クアトロフォンテ,2024/09/25,船橋,曇,9,SPAT4ならポイン(B1B2),10,8,9,3.1,2.0,1,矢野貴之,55.0,ダ,1200.0,良,74.0,-0.5,3-3-3,38.7,477.0,-3.0,(コパノオースティン),330.0
2019106734,クアトロフォンテ,2024/08/26,船橋,晴,11,ペリドットスプリント(B1B2),9,8,8,1.7,1.0,3,矢野貴之,55.0,ダ,1200.0,良,73.1,0.6,2-2-2,37.4,480.0,9.0,ゾディアックレーヴ,82.5
2019106734,クアトロフォンテ,2024/07/20,船橋,雨,12,文月スプリント(B2),11,7,8,5.8,4.0,1,矢野貴之,56.0,ダ,1200.0,良,73.5,-0.2,2-2-2,38.0,471.0,-11.0,(デュアルテイルズ),300.0
2019106734,クアトロフォンテ,2024/04/12,船橋,曇,11,くじら座スプリント(B2),9,8,10,,,取,本田正重,56.0,ダ,1200.0,稍,,,,,,,テナシャスバイオ,
2019106734,クアトロフォンテ,2024/03/04,船橋,晴,10,イカリソウスプリント(B3),12,6,7,2.9,2.0,1,矢野貴之,56.0,ダ,1200.0,良,75.0,0.0,2-2-2,38.7,482.0,0.0,(ライトニングブルー),270.0
2019106734,クアトロフォンテ,2024/02/08,船橋,晴,9,三ツ矢スプリント(B3),10,8,9,5.7,2.0,2,矢野貴之,56.0,ダ,1200.0,重,75.0,0.1,5-4-3,38.8,482.0,4.0,ワンダーランド,108.0
2019106734,クアトロフォンテ,2024/01/19,船橋,晴,11,睦月スプリント(B3),11,7,9,5.6,4.0,2,矢野貴之,56.0,ダ,1200.0,良,74.9,0.1,2-2-2,38.3,478.0,8.0,ペガサスターボ,108.0
2019106734,クアトロフォンテ,2023/12/19,船橋,曇,12,Rakutenesp(B3),10,7,8,4.1,2.0,3,落合玄太,56.0,ダ,1600.0,良,103.6,1.9,3-2-2-2,40.7,470.0,3.0,フーリッシュホビー,67.5
2019106734,クアトロフォンテ,2023/12/01,船橋,晴,10,映画の日特別(B3),13,8,13,11.2,5.0,2,落合玄太,56.0,ダ,1600.0,良,103.4,0.0,1-1-1-1,38.1,467.0,7.0,サイレントウルフ,108.0
2019106734,クアトロフォンテ,2023/11/07,川崎,曇,9,初霜特別(B3),14,3,3,6.3,4.0,4,川島正太,56.0,ダ,1500.0,良,97.9,2.0,10-10-12-11,40.8,460.0,9.0,ブルグミューラー,36.0
2019106734,クアトロフォンテ,2023/10/23,船橋,晴,10,養老渓谷スプリント(B3),10,2,2,,,取,川島正太,56.0,ダ,1200.0,良,,,,,,,ジゼル,
2019106734,クアトロフォンテ,2023/09/28,船橋,晴,9,ポーチュラカスプリン(B3),11,8,10,3.4,2.0,9,野畑凌,56.0,ダ,1200.0,良,76.0,1.6,9-9-11,39.6,451.0,-13.0,スパークジョイ,
2019106734,クアトロフォンテ,2023/08/19,3新潟3,晴,1,障害3歳以上未勝利,14,7,12,75.8,13.0,12,難波剛健,60.0,障,2850.0,良,193.4,6.6,10-11-11-11,13.6,464.0,8.0,ヴィアメント,
2019106734,クアトロフォンテ,2023/06/24,3東京7,曇,10,日野特別(2勝クラス),16,2,3,221.8,13.0,14,秋山稔樹,58.0,ダ,1600.0,良,98.5,2.3,11-11,37.9,456.0,-8.0,アナンシエーション,
2019106734,クアトロフォンテ,2023/06/03,3阪神1,晴,12,3歳以上2勝クラス,15,7,13,97.8,13.0,10,秋山稔樹,57.0,ダ,1200.0,稍,72.2,1.4,3-1,37.7,464.0,10.0,オンザダブル,
2019106734,クアトロフォンテ,2023/04/27,浦和,晴,9,マルチスター特別(B2B3),12,4,4,7.9,4.0,1,富田暁,57.0,ダ,1400.0,重,87.7,-0.4,5-4-3-1,38.8,454.0,-14.0,(ケイツーマルカ),400.0
2019106734,クアトロフォンテ,2023/03/25,2阪神1,曇,12,4歳以上1勝クラス,14,7,11,40.3,8.0,4,角田大河,56.0,ダ,1200.0,稍,71.8,0.7,2-2,36.5,468.0,-2.0,グランアプロウソ,120.0
2019106734,クアトロフォンテ,2023/03/19,1阪神12,晴,8,4歳以上1勝クラス,15,5,8,16.2,7.0,10,今村聖奈,55.0,ダ,1200.0,重,74.1,2.1,13-13,36.7,470.0,-2.0,ワセダタンク,
2019106734,クアトロフォンテ,2023/02/12,1阪神2,晴,7,4歳以上1勝クラス,16,2,3,26.4,10.0,12,岩田康誠,58.0,ダ,1400.0,良,87.1,1.5,3-3,39.9,472.0,4.0,ミセスバローズ,
2019106734,クアトロフォンテ,2022/12/17,6中京5,曇,2,3歳以上1勝クラス,16,2,4,46.9,10.0,11,菱田裕二,56.0,ダ,1400.0,良,86.3,1.1,1-1,39.0,468.0,7.0,エーティーマクフィ,
2019106734,クアトロフォンテ,2022/11/09,川崎,晴,10,ノベンバースター賞(B2B3),13,5,6,6.9,3.0,5,本田正重,57.0,ダ,1600.0,良,104.2,1.3,1-1-1-1,41.3,461.0,-6.0,アイウォール,40.0
2019106734,クアトロフォンテ,2022/10/04,盛岡,曇,9,アンタレス賞(B1),12,7,9,7.7,5.0,3,山本聡哉,56.0,ダ,1600.0,良,98.7,0.3,3-2,38.8,467.0,13.0,ゴールドレッグス,20.0
2019106734,クアトロフォンテ,2022/05/08,3中京2,晴,6,3歳1勝クラス,12,6,7,34.2,8.0,12,和田竜二,56.0,ダ,1400.0,良,88.0,3.5,10-10,40.6,454.0,-6.0,スマートラプター,
2019106734,クアトロフォンテ,2022/04/24,2阪神10,小雨,6,3歳1勝クラス,15,4,6,36.8,8.0,5,和田竜二,56.0,ダ,1400.0,稍,85.4,0.8,3-4,38.1,460.0,2.0,テーオーステルス,75.0
2019106734,クアトロフォンテ,2022/02/08,佐賀,曇,7,JRA交流グリーンカ(3歳),11,8,11,1.3,1.0,1,竹吉徹,56.0,ダ,1400.0,良,90.7,-0.1,1-1-1-1,38.9,458.0,-4.0,(ワールドハート),60.0
2019106734,クアトロフォンテ,2021/12/18,6阪神5,晴,3,2歳未勝利,16,3,5,6.5,4.0,8,和田竜二,55.0,ダ,1400.0,重,86.6,3.3,3-4,40.0,462.0,-10.0,ドンフランキー,
2019106734,クアトロフォンテ,2021/12/04,6阪神1,晴,2,2歳未勝利,11,6,7,26.1,6.0,2,和田竜二,55.0,ダ,1400.0,良,86.7,0.0,1-1,38.5,472.0,8.0,ワガンセ,200.0
2019106734,クアトロフォンテ,2021/09/04,2札幌7,晴,2,2歳未勝利,12,3,3,109.7,10.0,9,団野大成,54.0,ダ,1700.0,良,110.7,4.0,2-2-2-6,42.5,464.0,-6.0,コスモルーテウス,
2019106734,クアトロフォンテ,2021/08/28,2札幌5,晴,5,2歳新馬,9,6,6,11.5,5.0,7,亀田温心,53.0,ダ,1700.0,良,114.1,3.8,6-7-5-5,42.2,470.0,0.0,クリノメガミエース,
2021106784,バウンスライト,2026/07/04,船橋,曇,11,ハートビートナイター(B1B2),13,6,9,28.0,8.0,9,菅原吏久,54.0,ダ,1700.0,稍,112.4,1.8,10-11-9-8,42.2,459.0,-6.0,シミズミナト,
2021106784,バウンスライト,2026/02/10,船橋,曇,12,ミモザ特別(B1),14,5,7,3.2,1.0,7,本田正重,56.0,ダ,1600.0,良,104.5,1.1,6-5-6-5,38.9,465.0,0.0,スターオブフェイス,
2021106784,バウンスライト,2026/01/20,船橋,曇,11,白富士特別(B1B2),14,3,3,3.4,1.0,2,本田正重,57.0,ダ,1600.0,良,103.1,0.5,5-5-5-5,39.8,465.0,5.0,バナマンテソーロ,132.0
2021106784,バウンスライト,2025/11/07,船橋,晴,11,菊花特別(B1B2),13,4,4,3.0,1.0,2,本田正重,57.0,ダ,1600.0,良,102.9,0.0,9-9-8-5,39.6,460.0,-4.0,タカラライナー,132.0
2021106784,バウンスライト,2025/10/02,船橋,晴,10,お月見特別(B1B2),11,7,9,7.1,2.0,3,本田正重,57.0,ダ,1600.0,稍,103.1,1.5,7-7-8-6,39.7,464.0,0.0,ゼアシュネル,82.5
2021106784,バウンスライト,2025/08/29,船橋,晴,12,JBC船橋まであと6(B2),11,1,1,4.0,1.0,1,本田正重,56.0,ダ,1600.0,良,102.8,-0.2,5-7-5-4,37.4,464.0,3.0,(グリーンダイヤル),300.0
2021106784,バウンスライト,2025/07/31,船橋,晴,10,納涼特別(B2),11,7,9,4.3,2.0,1,本田正重,56.0,ダ,1600.0,良,103.4,0.0,5-4-2-2,37.7,461.0,-2.0,(プラズマ),300.0
2021106784,バウンスライト,2025/05/07,船橋,曇,12,JBCまであと180(B2B3),14,7,11,3.3,2.0,2,本田正重,57.0,ダ,1800.0,重,115.7,0.8,5-5-4-3,40.2,463.0,-1.0,ザオ,120.0
2021106784,バウンスライト,2025/04/02,船橋,曇,12,JBC船橋まで215(B2B3),12,6,7,2.5,1.0,2,本田正重,57.0,ダ,1600.0,不,103.5,0.2,6-6-5-5,38.6,464.0,5.0,タカラライナー,120.0
2021106784,バウンスライト,2025/03/11,船橋,曇,10,桜月特別(B3),11,7,8,1.6,1.0,1,山本聡哉,56.0,ダ,1600.0,良,104.3,0.0,6-7-6-4,39.4,459.0,-3.0,(エールプレジール),270.0
2021106784,バウンスライト,2025/02/11,船橋,晴,12,アルデミラン特別(C1),14,8,13,2.8,1.0,1,山本聡哉,56.0,ダ,1800.0,良,114.7,-0.2,3-3-2-2,39.0,462.0,7.0,(カンデラリア),180.0
2021106784,バウンスライト,2024/11/11,盛岡,晴,11,霜月特別(A),6,5,5,4.8,3.0,1,高橋悠里,56.0,ダ,1600.0,良,100.0,-0.1,3-2,37.5,455.0,4.0,(ユイノダンディズム),115.0
2021106784,バウンスライト,2024/10/14,盛岡,晴,10,寒露特別(A),11,5,5,8.3,3.0,1,高橋悠里,56.0,ダ,1600.0,良,100.7,-0.1,11-9,37.1,451.0,-2.0,(ハクシンパーソナル),115.0
2021106784,バウンスライト,2024/09/22,水沢,曇,7,3歳A,8,2,2,2.8,2.0,5,高橋悠里,56.0,ダ,1600.0,不,103.2,1.8,8-8-6-4,39.4,453.0,-5.0,ミヤギヴァリアント,8.1
2021106784,バウンスライト,2024/09/03,盛岡,晴,10,不来方賞(JpnII),12,8,12,633.9,10.0,8,高松亮,56.0,ダ,2000.0,稍,127.5,4.3,11-10-10-8,38.7,458.0,3.0,サンライズジパング,
2021106784,バウンスライト,2024/07/14,盛岡,曇,11,やまびこ賞(重賞),10,3,3,6.7,4.0,2,山本聡哉,56.0,ダ,1800.0,良,114.1,0.8,8-8-6-6,37.3,455.0,3.0,サクラトップキッド,175.0
2021106784,バウンスライト,2024/06/16,水沢,雨,12,東北優駿(重賞),10,2,2,15.1,3.0,4,高松亮,56.0,ダ,2000.0,良,131.5,3.3,8-8-6-4,39.9,452.0,-2.0,フジユージーン,130.0
2021106784,バウンスライト,2024/06/02,水沢,雨,11,ウイナーC(重賞),11,8,10,3.6,1.0,3,高橋悠里,56.0,ダ,1400.0,重,87.7,0.3,10-8-6-3,38.1,454.0,-1.0,ミヤギシリウス,60.0
2021106784,バウンスライト,2024/05/19,盛岡,晴,11,イーハトーブマイル(重賞),12,5,6,6.0,3.0,3,福原杏,56.0,ダ,1600.0,良,101.7,0.8,8-8,39.7,455.0,-3.0,レッドオパール,60.0
2021106784,バウンスライト,2024/04/28,水沢,晴,4,3歳C1一組,11,8,11,1.2,1.0,1,高橋悠里,56.0,ダ,1400.0,良,92.2,-0.9,6-3-2-1,41.6,458.0,1.0,(アミュレット),55.0
2021106784,バウンスライト,2024/04/16,水沢,曇,1,3歳C2二組,11,8,11,4.1,3.0,1,高橋悠里,56.0,ダ,1300.0,良,83.7,-0.1,3-3-3-1,40.0,457.0,15.0,(ラブショック),45.0
2021106784,バウンスライト,2024/03/09,1中京1,晴,3,3歳未勝利,12,8,11,557.0,11.0,10,野中悠太,57.0,芝,2000.0,良,124.7,1.4,11-11-11-8,36.0,442.0,-10.0,スノーディーヴァ,
2021106784,バウンスライト,2024/02/04,1東京4,曇,6,3歳未勝利,15,2,2,454.4,14.0,9,木幡巧也,57.0,芝,1600.0,良,95.7,1.8,11-11,35.5,452.0,8.0,テウメッサ,
2021106784,バウンスライト,2023/10/28,4東京8,晴,5,2歳新馬,13,8,12,116.0,11.0,10,野中悠太,56.0,芝,1600.0,良,96.4,1.7,10-10,34.9,444.0,0.0,ショウナンラピダス,
2019105655,ビップソリオ,2026/07/07,川崎,曇,11,かながわの水がめ宮ヶ(B1B2),8,1,1,2.1,1.0,2,笹川翼,55.0,ダ,1500.0,重,96.3,0.6,5-5-6-4,40.0,528.0,-2.0,エクロジャイト,128.0
2019105655,ビップソリオ,2026/06/17,川崎,晴,10,梅雨明かり特別(B2),8,1,1,1.9,1.0,1,笹川翼,56.0,ダ,1600.0,稍,103.4,-0.6,4-4-4-2,39.1,530.0,3.0,(ソイラテ),280.0
2019105655,ビップソリオ,2026/05/11,川崎,晴,11,草笛特別(B2),14,6,10,7.9,4.0,2,笹川翼,56.0,ダ,1500.0,良,95.1,0.0,4-5-5-3,38.8,527.0,3.0,マロンシャンテリー,112.0
2019105655,ビップソリオ,2026/04/08,川崎,晴,12,昇竜特別(B3三),14,1,1,4.3,2.0,1,笹川翼,56.0,ダ,1600.0,稍,105.0,-0.2,4-4-5-2,38.6,524.0,5.0,(マシュー),240.0
2019105655,ビップソリオ,2026/03/05,川崎,晴,12,大和撫子特別(B3二),11,8,10,4.8,4.0,4,笹川翼,56.0,ダ,1500.0,重,96.9,0.6,6-6-6-6,40.3,519.0,-12.0,キャプテンブルー,36.0
2019105655,ビップソリオ,2026/02/02,川崎,晴,12,大寒特別(B3),13,7,11,5.0,4.0,2,笹川翼,56.0,ダ,1400.0,良,90.9,0.7,12-12-11-9,38.8,531.0,1.0,ミスマルゴー,96.0
2019105655,ビップソリオ,2026/01/03,川崎,晴,10,宝船特別(B3),13,8,14,4.2,2.0,12,野畑凌,56.0,ダ,1400.0,稍,93.5,3.2,3-3-3-8,42.2,530.0,-9.0,スターグリップ,
2019105655,ビップソリオ,2025/09/12,川崎,曇,10,涼秋特別(B3),13,7,11,1.5,1.0,2,笹川翼,56.0,ダ,1500.0,重,97.7,0.0,6-4-3-2,40.3,539.0,-4.0,ミスマルゴー,96.0
2019105655,ビップソリオ,2025/08/25,川崎,晴,10,凌霄花特別(B3),13,8,13,2.8,2.0,1,笹川翼,56.0,ダ,1500.0,良,97.0,0.0,3-3-3-2,39.7,543.0,9.0,(キャップ),240.0
2019105655,ビップソリオ,2025/08/06,川崎,晴,8,カンチェンジュンガ賞(C1二),9,3,3,3.2,2.0,1,野畑凌,56.0,ダ,1400.0,良,89.6,-0.3,2-2-2-2,38.0,534.0,-2.0,(エムティワイザー),180.0
2019105655,ビップソリオ,2024/05/26,2東京12,晴,7,4歳以上1勝クラス,15,7,13,16.6,7.0,5,松岡正海,58.0,ダ,1400.0,良,85.3,1.1,13-13,36.1,536.0,-2.0,ニシノスピカ,80.0
2019105655,ビップソリオ,2024/05/04,2東京5,晴,7,4歳以上1勝クラス,14,6,9,42.0,10.0,4,田辺裕信,58.0,ダ,1300.0,稍,78.3,0.8,13-11,35.7,538.0,-4.0,ケンキョ,120.0
2019105655,ビップソリオ,2024/04/20,2東京1,曇,7,4歳以上1勝クラス,15,7,14,45.4,10.0,9,岩田康誠,58.0,ダ,1400.0,良,86.4,0.7,9-9,36.5,542.0,12.0,スペンサーバローズ,
2019105655,ビップソリオ,2024/01/21,1京都7,曇,8,4歳以上1勝クラス,14,4,7,19.1,7.0,9,戸崎圭太,58.0,ダ,1400.0,重,84.6,1.5,9-11,37.0,530.0,-8.0,エムズマインド,
2019105655,ビップソリオ,2023/11/19,5東京6,晴,7,3歳以上1勝クラス,16,4,8,22.9,8.0,7,松岡正海,58.0,ダ,1400.0,稍,85.3,1.0,11-11,36.1,538.0,-2.0,ドライブアローカス,
2019105655,ビップソリオ,2023/11/04,5東京1,晴,6,3歳以上1勝クラス,16,7,14,117.3,14.0,4,松岡正海,58.0,ダ,1400.0,良,84.7,1.3,16-16,35.2,540.0,0.0,プラチナジュビリー,120.0
2019105655,ビップソリオ,2023/09/18,4中山5,晴,12,3歳以上1勝クラス,16,7,13,31.9,8.0,7,松岡正海,58.0,ダ,1200.0,良,73.1,0.8,12-12,37.2,540.0,2.0,スティルディマーレ,
2019105655,ビップソリオ,2023/06/10,3東京3,曇,12,3歳以上1勝クラス,16,2,4,14.5,6.0,12,戸崎圭太,58.0,ダ,1400.0,稍,85.0,1.5,10-9,36.7,538.0,4.0,ギョウネン,
2019105655,ビップソリオ,2023/05/20,2東京9,曇,8,4歳以上1勝クラス,16,5,10,7.4,5.0,3,戸崎圭太,58.0,ダ,1400.0,稍,85.0,1.2,6-6,36.3,534.0,6.0,ベアグッジョブ,200.0
2019105655,ビップソリオ,2023/03/26,2中京6,小雨,6,4歳以上1勝クラス,16,4,7,7.6,3.0,6,鮫島克駿,58.0,ダ,1400.0,不,85.7,0.5,5-5,37.2,528.0,-6.0,マイレッドスター,
2019105655,ビップソリオ,2023/03/12,2中京2,曇,12,4歳以上1勝クラス,16,4,7,3.6,2.0,10,幸英明,58.0,ダ,1400.0,良,85.9,1.1,7-3,37.7,534.0,2.0,コンクエスト,
2019105655,ビップソリオ,2022/12/03,6中京1,晴,8,3歳以上1勝クラス,15,3,5,19.5,7.0,3,幸英明,56.0,ダ,1400.0,良,85.8,0.1,7-6,36.8,532.0,8.0,メイショウキッド,190.0
2019105655,ビップソリオ,2022/10/29,4東京8,晴,7,3歳以上1勝クラス,13,6,8,144.8,13.0,2,松岡正海,55.0,ダ,1400.0,良,86.0,0.1,11-12,35.8,524.0,-4.0,キャンディドライヴ,310.0
2019105655,ビップソリオ,2022/09/11,4中山2,曇,4,3歳以上1勝クラス,12,4,4,45.4,10.0,10,松岡正海,55.0,ダ,1200.0,良,72.2,1.1,11-11,37.1,528.0,2.0,ネイチャーカレン,
2019105655,ビップソリオ,2022/08/20,3新潟3,雨,8,3歳以上1勝クラス,15,8,15,23.6,10.0,12,松岡正海,54.0,ダ,1200.0,稍,73.0,1.5,4-4,38.2,526.0,0.0,キタノブレイド,
2019105655,ビップソリオ,2022/05/07,2東京5,曇,6,3歳1勝クラス,13,5,7,47.0,11.0,8,戸崎圭太,56.0,ダ,1400.0,良,86.6,1.2,10-9,37.2,526.0,10.0,ウィンダミア,
2019105655,ビップソリオ,2022/01/08,1中山2,晴,1,3歳未勝利,16,8,15,4.5,2.0,1,小林凌大,53.0,ダ,1200.0,稍,72.5,0.0,5-4,38.1,516.0,10.0,(ダルダヌス),520.0
2019105655,ビップソリオ,2021/11/06,5東京1,晴,1,2歳未勝利,15,3,4,10.7,5.0,4,吉田豊,55.0,ダ,1300.0,良,80.0,0.9,5-5,37.4,506.0,-4.0,ウィンダミア,77.0
2019105655,ビップソリオ,2021/10/24,5新潟6,曇,2,2歳未勝利,15,3,4,3.2,1.0,7,亀田温心,54.0,ダ,1200.0,不,72.4,1.0,9-8,37.8,510.0,2.0,ミルトクリーガー,
2019105655,ビップソリオ,2021/10/09,5新潟1,晴,3,2歳未勝利,13,6,8,77.6,8.0,3,小林凌大,52.0,ダ,1200.0,良,72.5,0.4,5-4,37.0,508.0,-4.0,ボルタドマール,130.0
2019105655,ビップソリオ,2021/07/25,1函館8,晴,5,2歳新馬,8,7,7,81.2,8.0,8,大野拓弥,54.0,芝,1800.0,良,119.9,11.4,8-8-8-8,42.4,512.0,0.0,トップキャスト,
2021101428,タキ,2026/07/10,川崎,晴,9,あやせオープンファク(C1),11,6,7,43.1,10.0,7,古岡勇樹,56.0,ダ,1400.0,良,92.5,1.1,8-9-6-6,40.3,439.0,5.0,ライヴドライバー,
2021101428,タキ,2026/06/19,川崎,曇,8,C1一二,12,5,6,144.2,12.0,7,古岡勇樹,56.0,ダ,1400.0,重,92.7,1.9,9-9-10-7,41.2,434.0,10.0,ジーティーアグリム,
2021101428,タキ,2026/05/15,川崎,晴,9,開成町賞(C1),12,7,10,62.4,11.0,12,加藤雄真,53.0,ダ,1400.0,良,94.3,2.9,12-12-12-12,40.8,424.0,-15.0,アイビーガオー,
2021101428,タキ,2026/04/10,川崎,雨,8,C1一二,11,6,8,,,取,野畑凌,56.0,ダ,1400.0,重,,,,,,,パイロデキセキ,
2021101428,タキ,2026/03/20,浦和,曇,5,桜のまち幸手賞(C1),10,5,5,5.1,2.0,2,野畑凌,56.0,ダ,1400.0,稍,90.7,0.1,8-8-5-3,38.9,439.0,0.0,ヴァラムノス,48.0
2021101428,タキ,2026/03/03,川崎,雨,9,折鶴蘭賞(C1),9,8,8,9.3,4.0,5,町田直希,56.0,ダ,1400.0,不,91.9,1.2,7-6-4-5,39.9,439.0,1.0,ブラッドライン,12.0
2021101428,タキ,2026/02/05,川崎,晴,9,菜の花賞(C1),13,5,7,49.9,9.0,5,町田直希,56.0,ダ,1400.0,良,92.1,0.6,10-10-9-7,38.8,438.0,-1.0,エクセルボビー,12.0
2021101428,タキ,2025/12/04,大井,晴,10,ムツヒカリ賞(C1三),11,1,1,74.7,6.0,8,吉原寛人,56.0,ダ,1200.0,良,75.1,1.3,10-10,37.1,439.0,3.0,ナインエスクァイア,
2021101428,タキ,2025/11/11,大井,曇,10,ほうおう座特別競走(C1),14,8,14,28.1,10.0,11,矢野貴之,56.0,ダ,2000.0,稍,132.8,2.1,7-6-5-5,41.6,436.0,3.0,アーススピリット,
2021101428,タキ,2025/10/20,大井,曇,12,つる座特別競走(C1),13,5,7,30.5,5.0,11,笹川翼,56.0,ダ,1800.0,稍,118.8,2.4,9-9-9-8,39.5,433.0,-4.0,ペイシャコパ,
2021101428,タキ,2025/10/06,大井,曇,10,おひつじ座特別競走(C1),14,6,10,35.1,10.0,5,矢野貴之,56.0,ダ,2000.0,良,131.6,0.6,6-5-5-3,40.3,437.0,-6.0,シンクグッド,20.0
2021101428,タキ,2025/09/17,大井,晴,8,ビジュー賞(C1六),11,6,6,9.6,5.0,11,吉原寛人,56.0,ダ,1600.0,良,104.4,1.3,10-10-9-10,40.9,443.0,0.0,コパノマデリン,
2021101428,タキ,2025/08/13,大井,曇,10,ヒカルタカイ賞競走(C1),15,1,1,14.2,6.0,9,矢野貴之,56.0,ダ,1800.0,稍,116.0,1.4,9-9-10-10,38.9,443.0,1.0,ココナッツガーデン,
2021101428,タキ,2025/04/27,2京都2,晴,7,4歳以上1勝クラス,10,6,6,153.6,9.0,9,菱田裕二,58.0,芝,1800.0,良,107.6,1.0,10-10,34.4,442.0,12.0,ジーティームソウ,
2021101428,タキ,2025/04/12,3中山5,晴,8,4歳以上1勝クラス,14,7,11,147.3,14.0,12,舟山瑠泉,55.0,ダ,2400.0,良,159.7,2.0,11-11-9-13,39.9,430.0,-6.0,ラファールドール,
2021101428,タキ,2025/03/22,2中京3,晴,8,4歳以上1勝クラス,15,7,13,84.0,11.0,13,北村友一,58.0,ダ,1900.0,良,122.2,3.0,14-15-15-13,38.1,436.0,-2.0,ホウオウベルクソン,
2021101428,タキ,2025/03/08,1阪神3,曇,7,4歳以上1勝クラス,10,8,10,32.0,7.0,9,松山弘平,58.0,ダ,2000.0,良,129.6,0.8,10-10-8-7,40.0,438.0,0.0,サンライズウェーヴ,
2021101428,タキ,2025/02/02,1京都2,曇,7,4歳以上1勝クラス,13,7,11,35.3,7.0,8,松山弘平,57.0,ダ,1800.0,稍,116.0,1.7,13-13-12-12,39.3,438.0,8.0,メイショウトム,
2021101428,タキ,2024/11/17,6京都6,曇,7,3歳以上1勝クラス,15,8,15,74.7,13.0,7,北村友一,56.0,ダ,1800.0,良,115.1,1.2,15-15-15-14,38.2,430.0,2.0,オペラプラージュ,
2021101428,タキ,2024/10/27,5京都8,曇,7,3歳以上1勝クラス,11,8,11,65.6,10.0,6,北村友一,56.0,ダ,1900.0,良,121.5,0.7,11-11-10-8,38.4,428.0,-4.0,マサハヤウォルズ,
2021101428,タキ,2024/06/15,4京都5,曇,8,3歳以上1勝クラス,14,4,6,37.1,7.0,12,松山弘平,55.0,ダ,1800.0,良,115.5,2.6,7-8-8-5,40.2,432.0,0.0,ミッキークレスト,
2021101428,タキ,2024/06/02,4京都2,曇,7,3歳以上1勝クラス,9,2,2,18.3,6.0,9,松山弘平,55.0,芝,1800.0,良,109.2,1.4,9-8,34.8,432.0,0.0,サロニコス,
2021101428,タキ,2024/03/03,1阪神4,晴,2,3歳未勝利,15,3,4,7.8,4.0,1,松山弘平,57.0,ダ,1800.0,稍,115.0,-0.7,6-5-5-4,38.6,432.0,0.0,(サンダーユニバンス),550.0
2021101428,タキ,2024/02/25,1阪神2,小雨,3,3歳未勝利,11,8,10,8.8,3.0,3,松山弘平,57.0,ダ,2000.0,不,126.6,0.2,6-7-6-4,38.8,432.0,-2.0,サンライズウェーヴ,140.0
2021101428,タキ,2024/02/10,2京都5,曇,2,3歳未勝利,11,1,1,25.1,5.0,6,団野大成,57.0,ダ,1900.0,良,122.4,1.4,6-6-3-2,39.8,434.0,0.0,アンバードール,
2021101428,タキ,2023/12/10,5阪神4,晴,2,2歳未勝利,10,7,8,22.6,8.0,3,松山弘平,56.0,ダ,1800.0,良,117.6,0.4,5-5-4-4,40.1,434.0,-2.0,ペプチドヒナタ,140.0
2021101428,タキ,2023/12/03,4中京2,晴,6,2歳未勝利,12,6,8,94.7,10.0,9,ムルザバ,56.0,芝,2000.0,良,124.0,2.0,10-10-11-11,36.5,436.0,-4.0,コスモレオナルド,
2021101428,タキ,2023/09/17,4阪神4,晴,5,2歳新馬,9,6,6,17.6,6.0,6,坂井瑠星,55.0,芝,2000.0,良,123.0,1.8,3-4-7-5,37.6,440.0,0.0,ザパリスマッチ,
2022109026,ボルドーダゲール,2026/07/09,川崎,晴,12,アンドロメダ賞(C1),14,4,5,72.8,11.0,9,増田充宏,56.0,ダ,2000.0,良,137.8,1.6,12-12-11-11,39.9,478.0,-4.0,ハクシュ,
2022109026,ボルドーダゲール,2026/06/18,川崎,曇,8,スクルド賞(C1),10,2,2,43.8,5.0,6,増田充宏,56.0,ダ,2000.0,重,137.0,1.5,7-7-8-9,41.5,482.0,4.0,ビービーシャーンス,
2022109026,ボルドーダゲール,2026/06/02,船橋,小雨,11,ジョッキーズチャンピ(C1),14,1,1,76.3,11.0,7,野畑凌,56.0,ダ,2200.0,良,150.5,1.7,10-9-11-11,42.0,478.0,1.0,ラップランド,
2022109026,ボルドーダゲール,2026/05/14,川崎,曇,9,レイノ賞(C1),13,6,9,240.1,13.0,6,増田充宏,56.0,ダ,1600.0,良,106.1,0.4,13-13-11-7,40.1,477.0,1.0,スティールウィル,
2022109026,ボルドーダゲール,2026/04/09,川崎,晴,9,小手毬賞(C1),14,7,12,255.2,14.0,10,中越琉世,56.0,ダ,1600.0,稍,107.7,1.7,12-13-13-12,40.7,476.0,0.0,ミヤビクライ,
2022109026,ボルドーダゲール,2025/12/12,船橋,晴,10,師走賞(C1二),14,8,13,539.7,14.0,14,濱田達也,56.0,ダ,1600.0,良,108.5,6.0,14-14-14-14,41.3,476.0,-11.0,グランピクニック,
2022109026,ボルドーダゲール,2025/11/07,船橋,晴,12,パキラ特別(C1二),13,7,11,166.9,11.0,8,山本大翔,53.0,ダ,1600.0,良,105.9,2.1,12-12-12-12,39.7,487.0,3.0,ダイジェスト,
2022109026,ボルドーダゲール,2025/10/03,船橋,曇,9,乗馬クラブクレイン千(C1二),14,4,5,161.6,13.0,6,佐野遥久,54.0,ダ,1600.0,良,104.5,2.1,12-12-13-13,38.3,484.0,12.0,シーニックビュー,
2022109026,ボルドーダゲール,2025/09/09,川崎,晴,8,セプテンバーフラワー(3歳C1),10,8,9,110.5,9.0,10,木間塚龍,57.0,ダ,1600.0,稍,107.1,4.2,8-8-7-10,39.7,472.0,-9.0,グレイルクエスト,
2022109026,ボルドーダゲール,2025/08/31,船橋,晴,8,木更津特別(C1二),11,8,10,57.4,9.0,7,木間塚龍,55.0,ダ,1600.0,良,105.0,2.3,6-6-5-6,41.2,481.0,11.0,ルーラーオブダート,
2022109026,ボルドーダゲール,2025/07/20,盛岡,晴,10,やまびこ賞(重賞),11,5,6,,,除,高橋悠里,56.0,ダ,1800.0,良,,,,,470.0,0.0,サンロックンロール,
2022109026,ボルドーダゲール,2025/07/06,盛岡,曇,9,3歳B1,11,1,1,6.6,4.0,2,山本聡紀,56.0,ダ,1600.0,良,99.9,0.5,7-6,37.3,470.0,3.0,タカマキファイブ,28.0
2022109026,ボルドーダゲール,2025/06/22,水沢,曇,7,3歳B1,9,3,3,6.9,3.0,5,山本聡紀,56.0,ダ,1600.0,良,104.7,0.8,6-7-6-7,39.8,467.0,-7.0,コックリサン,5.6
2022109026,ボルドーダゲール,2025/04/18,大井,曇,5,マーガレット特別競走(3歳二),10,6,6,145.5,8.0,7,菅原涼太,56.0,ダ,1400.0,良,88.3,0.9,8-10-10,37.3,474.0,1.0,カセノタイガー,
2022109026,ボルドーダゲール,2025/03/28,大井,曇,5,マトバダンス賞(3歳二),9,8,8,18.6,4.0,4,菅原涼太,56.0,ダ,1600.0,稍,104.3,2.5,7-7-7-6,39.7,473.0,-5.0,シーソーゲーム,42.0
2022109026,ボルドーダゲール,2025/03/14,大井,晴,3,3歳二三,9,6,6,86.6,8.0,4,吉井章,56.0,ダ,1600.0,重,103.1,0.5,8-8-8-7,38.9,478.0,0.0,マウンテンローレル,42.0
2022109026,ボルドーダゲール,2025/02/21,大井,晴,5,3歳一二,8,2,2,141.6,8.0,7,佐野遥久,54.0,ダ,1600.0,良,104.8,0.6,6-6-7-6,39.2,478.0,8.0,パルミジャニーノ,
2022109026,ボルドーダゲール,2025/01/31,大井,晴,4,呑川賞(3歳二),9,2,2,95.1,8.0,5,佐野遥久,54.0,ダ,1400.0,良,90.5,1.9,8-9-8,38.0,470.0,-8.0,カガヤキテンマ,28.0
2022109026,ボルドーダゲール,2025/01/17,大井,晴,5,サルビア特別競走(3歳),7,1,1,94.5,7.0,5,野畑凌,56.0,ダ,1800.0,良,119.5,2.0,6-6-7-7,39.7,478.0,0.0,ユウユウスキー,40.0
2022109026,ボルドーダゲール,2024/12/30,大井,晴,4,2歳一二,8,8,8,91.8,7.0,7,野畑凌,55.0,ダ,1600.0,良,105.9,2.1,3-3-5-6,41.3,478.0,8.0,ヴァンディヴェール,
2022109026,ボルドーダゲール,2024/12/04,大井,晴,2,2歳二三四(2歳三),8,7,7,7.6,3.0,5,野畑凌,55.0,ダ,1600.0,良,105.5,2.3,3-3-3-4,41.4,470.0,-2.0,ヴァンディヴェール,32.0
2022109026,ボルドーダゲール,2024/11/08,大井,晴,6,雷鳥特別競走(2歳),9,4,4,33.0,7.0,2,野畑凌,55.0,ダ,1400.0,良,90.9,0.3,3-1-1,40.0,472.0,8.0,ピコダイアル,192.0
2022109026,ボルドーダゲール,2024/10/16,大井,曇,4,絵本のまち板橋賞(2歳),9,5,5,7.0,4.0,5,佐野遥久,52.0,ダ,1400.0,良,91.5,0.5,8-8-9,40.0,464.0,5.0,エクラシェール,32.0
2022109026,ボルドーダゲール,2024/10/01,大井,晴,5,2歳三四,9,8,8,8.5,4.0,3,佐野遥久,51.0,ダ,1200.0,良,76.4,1.6,8-8,38.1,459.0,-7.0,クロビーンズ,80.0
2022109026,ボルドーダゲール,2024/09/10,大井,晴,5,2歳五六,13,5,7,3.5,2.0,2,佐野遥久,51.0,ダ,1200.0,良,77.2,1.8,11-10,38.7,466.0,10.0,ジューンドラゴン,128.0
2022109026,ボルドーダゲール,2024/08/15,門別,晴,1,2歳未勝利(未勝利),12,7,10,14.1,5.0,3,小野楓馬,55.0,ダ,1200.0,稍,78.0,2.1,6-7,40.3,456.0,2.0,テクノエンジェル,10.5
2022109026,ボルドーダゲール,2024/07/31,門別,曇,3,ホクレングリーンプラ(未勝利)(2歳),12,7,9,6.2,3.0,4,石川倭,55.0,ダ,1200.0,稍,77.1,0.7,6-5,38.6,454.0,-2.0,ハビビ,5.3
2022109026,ボルドーダゲール,2024/07/17,門別,晴,4,JRA認定競走アタッ(未勝利)(2歳),8,6,6,27.3,4.0,4,石川倭,55.0,ダ,1100.0,良,69.5,2.0,7-5,36.8,456.0,0.0,スノーキャンドル,16.8
2022109026,ボルドーダゲール,2024/07/04,門別,曇,7,JRA認定競走アタッ(未勝利)(2歳),9,7,7,35.9,6.0,4,石川倭,55.0,ダ,1200.0,稍,76.9,0.9,3-3,40.3,456.0,2.0,コンフォートデイズ,16.8
2022109026,ボルドーダゲール,2024/06/20,門別,晴,2,JRA認定競走アタッ(未勝利)(2歳),11,6,7,150.5,8.0,6,松井伸也,55.0,ダ,1200.0,良,76.4,1.2,10-10,38.5,454.0,-2.0,ミランミラン,
2022109026,ボルドーダゲール,2024/06/05,門別,曇,2,JRA認定競走アタッ(未勝利)(2歳),11,3,3,117.2,8.0,5,松井伸也,55.0,ダ,1200.0,良,76.8,2.2,8-8,39.1,456.0,0.0,ソルジャーフィルド,8.4
2022109026,ボルドーダゲール,2024/05/23,門別,晴,5,JRA認定競走フレッ(新馬)(2歳),10,8,9,71.9,10.0,6,松井伸也,55.0,ダ,1100.0,良,71.0,2.5,10-9,38.4,456.0,0.0,キングリーエアー,
2023103346,カズヤ,2026/07/08,川崎,晴,6,ジュライフラワー賞(3歳C1),11,6,7,56.3,9.0,10.0,佐野遥久,57.0,ダ,1500.0,稍,98.6,1.9,8-7-7-7,41.5,462.0,3.0,カスターニエ,
2023103346,カズヤ,2026/06/17,川崎,晴,6,青葉木菟特別(3歳),8,8,8,5.0,2.0,7.0,矢野貴之,56.0,ダ,1500.0,稍,99.0,2.2,3-6-4-5,41.7,459.0,16.0,カナールゲイル,
2023103346,カズヤ,2026/03/05,川崎,晴,11,椿(OP)(3歳),13,5,6,33.6,8.0,13.0,御神本訓,55.0,ダ,1600.0,重,112.1,7.2,9-7-13-13,45.0,443.0,-9.0,シーテープ,
2023103346,カズヤ,2026/02/03,川崎,晴,4,青鵐特別(3歳),14,7,11,21.2,4.0,2.0,矢野貴之,56.0,ダ,1500.0,良,98.6,0.8,10-8-8-5,40.6,452.0,4.0,オリコウエルドラド,140.0
2023103346,カズヤ,2026/01/01,川崎,晴,11,初夢賞(3歳),11,2,2,4.4,3.0,3.0,矢野貴之,56.0,ダ,1600.0,稍,107.0,0.1,5-4-5-4,41.1,448.0,2.0,バレンタインギフト,125.0
2023103346,カズヤ,2025/12/18,川崎,晴,9,シャイニングドリーム(OP)(2歳),10,5,5,52.4,7.0,3.0,矢野貴之,55.0,ダ,1600.0,稍,106.3,1.2,5-5-5-3,40.1,446.0,-2.0,アルプスマサ,125.0
2023103346,カズヤ,2025/10/16,川崎,曇,3,蝗賞(2歳),11,3,3,3.6,2.0,4.0,笹川翼,55.0,ダ,1500.0,重,100.4,0.8,10-10-10-8,40.4,448.0,1.0,ジーリオ,37.5
2023103346,カズヤ,2025/09/18,大井,曇,5,つばめ特別競走(2歳),9,2,2,20.7,5.0,6.0,野畑凌,54.0,ダ,1600.0,良,105.3,1.6,9-9-8-8,40.7,447.0,-3.0,ドーンルーチェ,
2023103346,カズヤ,2025/09/11,川崎,雨,4,スズムシ賞(2歳),0,4,4,,,,本田正重,54.0,ダ,1400.0,不,,,,,445.0,-5.0,,
2023103346,カズヤ,2025/08/25,川崎,晴,3,スパーキングデビュー(2歳),7,7,7,2.4,2.0,1.0,笹川翼,54.0,ダ,1400.0,良,93.6,-0.1,7-7-1-1,40.9,450.0,0.0,(ディーエスフォトン),420.0
2019103469,エイシントゥラン,2026/07/06,川崎,雨,9,フォーカード賞(C1),11,4,4,19.1,5.0,11,池谷匠翔,54.0,ダ,1600.0,重,108.0,1.7,7-6-8-8,41.5,469.0,-5.0,プルーフリーダー,
2019103469,エイシントゥラン,2026/06/16,川崎,晴,9,見返り美人特別(B3二),14,4,6,64.2,11.0,8,池谷匠翔,54.0,ダ,1600.0,稍,106.4,1.6,8-8-7-9,41.7,474.0,-2.0,ドウザンワン,
2019103469,エイシントゥラン,2026/04/10,川崎,雨,12,ファイナルアンサー賞(B3),11,6,6,13.3,6.0,6,池谷匠翔,54.0,ダ,1500.0,不,97.8,0.6,3-3-2-4,40.4,476.0,4.0,ヴィルミーキスミー,
2019103469,エイシントゥラン,2026/03/06,川崎,曇,9,3月22日は「ばんえ(B3),11,3,3,16.6,5.0,6,張田昂,54.0,ダ,1400.0,稍,93.8,0.8,8-8-8-7,39.7,472.0,-4.0,ゴールデンカガヤ,
2019103469,エイシントゥラン,2026/02/13,船橋,晴,9,福寿草特別(C1),11,1,1,,,取,池谷匠翔,54.0,ダ,1600.0,良,,,,,,,バーリフレイバー,
2019103469,エイシントゥラン,2026/02/04,川崎,晴,12,立山賞(C1),14,7,12,33.3,9.0,5,張田昂,54.0,ダ,1500.0,良,98.3,1.1,9-8-8-6,39.9,476.0,5.0,ソイラテ,18.0
2019103469,エイシントゥラン,2026/01/01,川崎,晴,10,23rdゴールデンホ(C1C2),14,6,9,26.5,5.0,7,桑村真明,55.0,ダ,1500.0,稍,98.8,2.1,11-11-8-9,40.4,471.0,2.0,ファイヤーウィップ,
2019103469,エイシントゥラン,2025/11/20,川崎,晴,9,「ご縁の国しまね」特(B3),12,2,2,62.4,10.0,3,池谷匠翔,54.0,ダ,1400.0,良,92.3,1.0,7-8-8-5,39.5,469.0,-6.0,サウンドバッハ,60.0
2019103469,エイシントゥラン,2025/10/26,盛岡,小雨,10,豊間根川源流賞(B1),11,6,7,3.7,2.0,6,山本政聡,54.0,ダ,1400.0,稍,87.7,0.9,9-10,38.3,475.0,5.0,アダマスミノル,
2019103469,エイシントゥラン,2025/10/12,盛岡,小雨,5,安比高原スキー場賞(B1),10,8,11,4.0,2.0,6,山本聡哉,54.0,芝,1600.0,稍,100.0,2.0,7-7-8-7,37.7,470.0,4.0,エマリオンレイ,
2019103469,エイシントゥラン,2025/09/29,水沢,曇,12,夢・希望未来へ前進(B1),11,8,12,6.4,3.0,2,菅原辰徳,54.0,ダ,1400.0,重,88.4,0.0,6-6-3-1,38.8,466.0,1.0,タイセイアゲイン,28.0
2019103469,エイシントゥラン,2025/09/16,水沢,晴,12,夢・希望未来へ前進(B1),12,8,12,6.9,4.0,7,高橋悠里,54.0,ダ,1600.0,稍,102.9,0.8,11-11-11-10,38.2,465.0,9.0,ツアーモデル,
2019103469,エイシントゥラン,2025/08/10,盛岡,曇,11,フェアリーC(重賞),9,5,5,16.1,4.0,6,山本政聡,54.0,ダ,1800.0,良,115.6,2.6,4-4-5-4,39.5,456.0,-12.0,ミニアチュール,
2019103469,エイシントゥラン,2025/06/24,水沢,晴,10,B1,10,3,3,2.3,1.0,1,山本聡哉,54.0,ダ,1400.0,稍,88.3,0.0,4-4-3-2,39.3,468.0,2.0,(ポジティブスピン),80.0
2019103469,エイシントゥラン,2025/06/09,水沢,曇,9,B1,9,4,4,1.8,1.0,1,山本聡哉,54.0,ダ,1400.0,良,88.7,-0.1,5-5-4-2,39.0,466.0,-5.0,(キャンドルベリー),80.0
2019103469,エイシントゥラン,2025/05/15,川崎,晴,12,早苗月賞(B3),14,6,9,6.8,3.0,4,矢野貴之,54.0,ダ,1500.0,稍,98.0,1.0,5-5-6-5,41.2,471.0,8.0,レグノ,31.5
2019103469,エイシントゥラン,2025/04/10,川崎,雨,12,花まつり特別(B3),14,3,3,7.7,3.0,6,池谷匠翔,54.0,ダ,1500.0,稍,98.1,0.5,5-5-5-7,41.6,463.0,7.0,ジャスタースパーク,
2019103469,エイシントゥラン,2025/03/06,川崎,曇,7,メッシーナ賞(C1二),12,7,9,16.0,5.0,4,池谷匠翔,54.0,ダ,1500.0,不,98.0,1.2,8-8-7-6,39.9,456.0,-2.0,ラジエーション,27.0
2019103469,エイシントゥラン,2025/02/20,大井,晴,11,’25ネモフィラ賞競(OP)(4上),8,8,8,78.5,6.0,7,池谷匠翔,52.0,ダ,1800.0,良,119.3,1.4,6-8-7-7,38.0,458.0,-5.0,ミスカッレーラ,
2019103469,エイシントゥラン,2025/02/07,川崎,晴,9,立山賞(C1二),14,1,1,4.6,3.0,3,池谷匠翔,54.0,ダ,1500.0,良,97.5,0.0,8-7-10-5,39.4,463.0,-1.0,ツカサレヴズ,45.0
2019103469,エイシントゥラン,2025/01/02,川崎,晴,11,22ndゴールデンホ(C1C2),14,6,10,10.6,5.0,2,池谷匠翔,55.0,ダ,1500.0,良,98.6,0.4,6-6-5-5,40.2,464.0,1.0,ヒノデミッチー,80.0
2019103469,エイシントゥラン,2024/12/19,船橋,晴,11,クイーンズオーディシ(B1),12,4,4,359.8,11.0,6,池谷匠翔,51.0,ダ,1600.0,良,104.1,0.5,5-5-7-7,39.5,463.0,-6.0,ラブリアージェ,
2019103469,エイシントゥラン,2024/11/12,川崎,晴,9,初霜特別(B3),12,6,8,34.7,5.0,4,池谷匠翔,54.0,ダ,1500.0,稍,97.3,1.0,4-5-3-3,39.9,469.0,1.0,インナースティール,36.0
2019103469,エイシントゥラン,2024/10/21,浦和,晴,10,金木犀特別(B3C1),11,5,5,56.7,10.0,7,池谷匠翔,55.0,ダ,1400.0,良,91.2,1.3,7-8-9-10,38.4,468.0,-6.0,ミキノバスドラム,
2019103469,エイシントゥラン,2024/10/10,川崎,曇,9,音楽のまち・かわさき(B3),12,7,9,67.1,11.0,6,池谷匠翔,54.0,ダ,1400.0,重,93.8,1.2,5-4-4-4,41.8,474.0,-5.0,コールブランド,
2019103469,エイシントゥラン,2024/09/04,川崎,晴,10,山紫水明賞(B2B3),12,1,1,73.2,10.0,11,増田充宏,53.0,ダ,900.0,重,56.8,1.4,12-11,38.1,479.0,13.0,クロッチ,
2019103469,エイシントゥラン,2024/08/18,盛岡,晴,11,OROターフスプリン(重賞),14,8,14,40.2,6.0,7,古岡勇樹,55.0,ダ,1000.0,良,59.5,0.8,9-10,35.4,466.0,-12.0,マッドシェリー,
2019103469,エイシントゥラン,2024/07/25,川崎,雨,9,奔逸絶塵賞(B3),9,7,7,44.8,6.0,6,増田充宏,54.0,ダ,900.0,良,55.4,0.9,8-7,37.3,478.0,2.0,クロッチ,
2019103469,エイシントゥラン,2024/07/02,川崎,曇,9,風林火山賞(B3),8,5,5,29.7,5.0,6,町田直希,54.0,ダ,900.0,重,55.8,0.5,7-7,37.8,476.0,1.0,ライヴトパーズ,
2019103469,エイシントゥラン,2024/06/13,川崎,曇,10,電光石火賞(B3),11,8,11,42.9,8.0,8,町田直希,54.0,ダ,900.0,稍,55.2,1.2,8-8,37.1,475.0,5.0,サンエイジロー,
2019103469,エイシントゥラン,2024/05/31,船橋,曇,9,サマーダッシュ(B3C1),12,1,1,12.0,4.0,10,西啓太,55.0,ダ,1000.0,不,63.3,1.8,12-11,38.5,470.0,3.0,プレストルーチェ,
2019103469,エイシントゥラン,2024/05/09,川崎,曇,10,紫電一閃賞(B2B3),12,6,8,68.0,8.0,10,増田充宏,53.0,ダ,900.0,稍,55.8,1.5,9-10,37.8,467.0,1.0,パレスレガシー,
2019103469,エイシントゥラン,2024/04/03,川崎,雨,9,勇気凛凛賞(B2B3),12,7,10,60.8,10.0,5,増田充宏,53.0,ダ,900.0,重,56.0,0.8,8-8,37.4,466.0,-9.0,キモンアップル,24.0
2019103469,エイシントゥラン,2024/01/01,川崎,晴,10,一富士賞(B2B3),11,7,9,21.1,6.0,8,岩橋勇二,53.0,ダ,900.0,良,56.0,0.7,10-10,37.5,475.0,3.0,ララシャンドン,
2019103469,エイシントゥラン,2023/12/13,川崎,晴,9,開設13周年記念ジョ(B2B3),12,5,5,8.6,3.0,7,笹川翼,53.0,ダ,900.0,稍,56.5,1.3,7-7,38.5,472.0,0.0,アイゴールド,
2019103469,エイシントゥラン,2023/11/09,川崎,晴,12,猪突猛進賞(B3),12,7,10,2.2,1.0,4,笹川翼,54.0,ダ,900.0,良,55.4,0.2,6-7,37.5,472.0,3.0,シークザトゥルース,31.5
2019103469,エイシントゥラン,2023/10/22,盛岡,曇,7,OROターフスプリン(重賞),12,1,1,6.8,3.0,2,櫻井光輔,55.0,ダ,1000.0,重,58.5,0.4,4-2,35.0,469.0,0.0,マッドシェリー,175.0
2019103469,エイシントゥラン,2023/09/11,川崎,晴,12,川崎床屋賞(C1),11,8,10,3.5,2.0,1,櫻井光輔,54.0,ダ,900.0,良,54.6,-0.1,3-3,36.9,469.0,2.0,(サンエイヴィクター),120.0
2019103469,エイシントゥラン,2023/08/25,川崎,晴,8,神威賞(C1),11,5,5,6.7,4.0,1,櫻井光輔,54.0,ダ,900.0,良,54.6,-0.6,7-3,36.5,467.0,7.0,(ランスオブミューズ),120.0
2019103469,エイシントゥラン,2023/07/26,川崎,晴,9,烈火賞(C1),10,4,4,23.2,8.0,3,櫻井光輔,54.0,ダ,900.0,良,55.1,0.5,5-5,37.1,460.0,4.0,ブレイブゼウス,30.0
2019103469,エイシントゥラン,2023/07/04,川崎,晴,9,閃光賞(C1),10,7,7,23.1,7.0,7,櫻井光輔,54.0,ダ,900.0,良,56.0,0.9,9-9,37.6,456.0,-6.0,プレストルーチェ,
2019103469,エイシントゥラン,2023/06/04,水沢,曇,12,早池峰スーパースプリ(重賞),10,6,6,46.4,6.0,6,塚本涼人,55.0,ダ,850.0,稍,51.3,1.8,6-7,35.7,462.0,1.0,キラットダイヤ,
2019103469,エイシントゥラン,2023/05/23,盛岡,曇,10,スプリント特別(OP),11,4,4,44.8,10.0,5,塚本涼人,54.0,ダ,1200.0,良,73.9,0.2,9-10,37.2,461.0,1.0,ハナレイ,8.4
2019103469,エイシントゥラン,2023/02/08,船橋,曇,10,早春スプリント(C1),10,1,1,51.5,8.0,6,山崎誠士,54.0,ダ,1200.0,良,77.1,1.2,7-8-9,38.7,460.0,7.0,レオパルドミノル,
2019103469,エイシントゥラン,2023/01/18,船橋,晴,9,睦月スプリント(C1),12,8,11,15.1,7.0,7,本橋孝太,54.0,ダ,1200.0,良,78.3,1.0,5-4-4,40.3,453.0,-23.0,ペイシャムスビ,
2019103469,エイシントゥラン,2022/10/23,盛岡,曇,11,ヴィーナススプリント(重賞),11,3,3,29.0,7.0,7,鈴木祐,56.0,ダ,1200.0,稍,74.1,1.1,3-2,39.1,476.0,7.0,ディアリッキー,
2019103469,エイシントゥラン,2022/09/27,盛岡,曇,8,OROターフスプリン(重賞),14,4,5,14.4,5.0,7,鈴木祐,53.0,芝,1000.0,稍,59.3,1.2,5-6,35.8,469.0,-6.0,ケイアイサクソニー,
2019103469,エイシントゥラン,2022/09/13,盛岡,曇,10,ハーベストC(OP),12,8,11,8.3,5.0,3,鈴木祐,53.0,芝,1000.0,良,58.7,0.6,3-3,35.7,475.0,-3.0,スギノヴォルケーノ,30.0
2019103469,エイシントゥラン,2022/08/21,盛岡,晴,6,3歳,12,2,2,1.5,1.0,2,鈴木祐,54.0,ダ,1200.0,稍,72.9,0.2,3-3,37.1,478.0,10.0,ボサノヴァ,24.5
2019103469,エイシントゥラン,2022/07/24,盛岡,曇,11,ハヤテスプリント(重賞),11,1,1,6.5,4.0,4,鈴木祐,54.0,ダ,1200.0,稍,72.5,0.8,4-3,37.5,468.0,6.0,スターオブケリー,50.0
2019103469,エイシントゥラン,2022/06/02,園田,晴,7,3歳A,7,3,3,1.3,1.0,1,下原理,55.0,ダ,820.0,良,49.6,-1.0,1-1,35.6,462.0,0.0,(ジョケツ),130.0
2019103469,エイシントゥラン,2022/04/28,園田,晴,6,3歳AB,6,2,2,1.4,1.0,2,下原理,55.0,ダ,1230.0,稍,80.6,0.0,1-1-1-1,38.3,462.0,-3.0,ピンクマルガリータ,52.0
2019103469,エイシントゥラン,2022/04/06,園田,晴,7,3歳A,6,1,1,4.8,3.0,2,下原理,55.0,ダ,1230.0,良,79.9,0.8,3-3-4-3,38.5,465.0,-1.0,クリノメガミエース,52.0
2019103469,エイシントゥラン,2022/03/12,1阪神9,晴,6,3歳1勝クラス,9,3,3,396.5,9.0,9,松田大作,54.0,芝,1600.0,良,96.6,2.8,6-7,36.2,466.0,16.0,トゥードジボン,
2019103469,エイシントゥラン,2022/02/05,1小倉7,雪,9,かささぎ賞(1勝クラス),18,2,4,181.5,17.0,15,浜中俊,54.0,芝,1200.0,良,70.5,1.4,16-17,35.3,450.0,-1.0,ゼットレヨン,
2019103469,エイシントゥラン,2021/12/22,園田,曇,2,2歳,12,6,8,14.1,5.0,5,笹田知宏,54.0,ダ,1400.0,稍,93.3,0.6,5-5-5-6,40.2,451.0,-3.0,エイシンクエーサー,10.0
2019103469,エイシントゥラン,2021/12/01,園田,晴,2,2歳300万円以下,9,5,5,1.4,1.0,5,下原理,54.0,ダ,1230.0,重,83.7,0.7,5-5-5-6,41.6,454.0,0.0,キクノメイストーム,9.0
2019103469,エイシントゥラン,2021/09/07,門別,晴,8,2歳OP(OP),11,2,2,5.7,4.0,10,岩橋勇二,54.0,ダ,1200.0,重,75.4,2.0,1-4,40.7,454.0,-2.0,シルトプレ,
2019103469,エイシントゥラン,2021/08/24,門別,雨,9,ペリドット特別(OP)(2歳),7,3,3,2.8,2.0,2,岩橋勇二,54.0,ダ,1000.0,不,60.1,0.2,4-5,36.2,456.0,6.0,ホンニヨカ,28.0
2019103469,エイシントゥラン,2021/07/27,門別,曇,4,JRA認定アタックチ(未勝利)(2歳),7,1,1,3.2,2.0,1,岩橋勇二,54.0,ダ,1000.0,良,62.4,-0.3,3-3,37.8,450.0,8.0,(ブレイブゼウス),100.0
2019103469,エイシントゥラン,2021/06/22,門別,晴,2,2歳未勝利(未勝利),9,7,7,3.6,2.0,1,岩橋勇二,54.0,ダ,1000.0,重,60.8,-0.9,2-2,36.6,442.0,-2.0,(ラッキーミーティア),50.0
2019103469,エイシントゥラン,2021/06/02,門別,晴,2,JRA認定アタックチ(未勝利)(2歳),8,8,9,6.4,4.0,6,岩橋勇二,54.0,ダ,1000.0,稍,63.0,1.7,4-6,38.6,444.0,-2.0,エイシンツーリング,
2019103469,エイシントゥラン,2021/05/20,門別,晴,2,JRA認定アタックチ(未勝利)(2歳),9,7,7,11.8,4.0,4,岩橋勇二,54.0,ダ,1200.0,重,74.9,1.8,1-2,39.7,446.0,8.0,エイシンヌプリ,14.0
2019103469,エイシントゥラン,2021/04/14,門別,曇,6,JRA認定フレッシュ(新馬)(2歳),8,7,7,9.1,3.0,2,宮崎光行,54.0,ダ,1000.0,稍,62.7,1.1,4-4,37.8,438.0,0.0,ラブミードール,56.0
2022101386,ホシニネガイヲ,2026/07/14,浦和,晴,7,第78回小川町七夕ま(C1),12,5,5,23.9,9.0,11,和田譲治,54.0,ダ,1400.0,良,90.4,1.5,12-11-11-11,38.5,437.0,-2.0,エゴンウレア,
2022101386,ホシニネガイヲ,2026/06/26,浦和,雨,9,栗橋宿特別(C1),10,2,2,51.3,9.0,7,櫻井光輔,54.0,ダ,1500.0,不,95.8,0.7,10-9-9-6,38.6,439.0,4.0,ブレストサンダー,
2022101386,ホシニネガイヲ,2026/06/04,船橋,曇,9,サムライスプリント(C1),12,7,10,88.2,9.0,11,櫻井光輔,54.0,ダ,1200.0,稍,77.8,3.3,12-12-12,38.7,435.0,-11.0,ソルジェンテポー,
2022101386,ホシニネガイヲ,2026/05/25,浦和,晴,10,薫風特別(B3C1),12,1,1,32.6,8.0,10,木間塚龍,53.0,ダ,1400.0,稍,91.3,1.8,11-10-10-9,39.5,446.0,6.0,ナリノエンブレム,
2022101386,ホシニネガイヲ,2026/04/24,浦和,曇,9,暮の春特別(C1),8,1,1,6.6,3.0,6,木間塚龍,54.0,ダ,1400.0,重,90.9,1.1,8-7-3-5,38.8,440.0,-6.0,ハーモニーロワ,
2022101386,ホシニネガイヲ,2026/02/28,1小倉11,晴,12,4歳以上1勝クラス,18,7,15,66.5,12.0,14,今村聖奈,54.0,芝,1200.0,稍,70.5,0.5,18-18,34.0,446.0,2.0,スネーフリンガ,
2022101386,ホシニネガイヲ,2026/02/14,1小倉7,曇,6,4歳以上1勝クラス,18,3,5,89.1,14.0,14,小林美駒,53.0,芝,1200.0,良,69.0,0.9,18-18,34.2,444.0,8.0,ラブディーヴァ,
2022101386,ホシニネガイヲ,2025/12/20,5中京5,小雨,2,3歳以上1勝クラス,16,8,16,80.4,13.0,12,今村聖奈,53.0,ダ,1400.0,稍,87.0,1.2,4-3,38.2,436.0,-4.0,モリノアミーゴ,
2022101386,ホシニネガイヲ,2025/11/23,5東京5,曇,6,3歳以上1勝クラス,16,4,7,61.9,9.0,14,三浦皇成,55.0,ダ,1600.0,良,99.2,1.5,8-8,37.4,440.0,6.0,カーラデマドレ,
2022101386,ホシニネガイヲ,2025/11/01,4東京10,曇,6,3歳以上1勝クラス,15,6,10,20.7,6.0,6,三浦皇成,55.0,ダ,1400.0,重,84.1,1.2,14-13,36.2,434.0,4.0,セギレエルビエント,
2022101386,ホシニネガイヲ,2025/07/19,2福島7,晴,6,3歳以上1勝クラス,14,6,10,20.9,9.0,10,三浦皇成,53.0,ダ,1700.0,良,108.6,3.1,9-9-6-7,39.8,430.0,-4.0,オーケーマヒナ,
2022101386,ホシニネガイヲ,2025/06/22,3東京6,晴,7,3歳以上1勝クラス,16,1,2,16.2,6.0,5,三浦皇成,53.0,ダ,1600.0,良,97.1,0.6,10-10,37.3,434.0,2.0,リュウノタブーク,80.0
2022101386,ホシニネガイヲ,2025/05/25,2東京10,曇,1,3歳未勝利,16,2,4,7.6,3.0,1,三浦皇成,55.0,ダ,1400.0,不,84.5,-0.3,10-10,36.4,432.0,6.0,(キタノライブリー),560.0
2022101386,ホシニネガイヲ,2025/03/23,2中山8,晴,5,3歳未勝利,16,5,10,10.4,5.0,6,三浦皇成,55.0,芝,1600.0,良,95.4,1.0,7-8-5,36.5,426.0,-12.0,ブルスカメンテ,
2022101386,ホシニネガイヲ,2025/03/09,2中山4,晴,5,3歳未勝利,16,8,15,11.2,4.0,2,三浦皇成,55.0,芝,1600.0,稍,96.2,1.2,4-4-4,36.5,438.0,0.0,ルナルーチェット,220.0
2022101386,ホシニネガイヲ,2025/02/09,1東京4,晴,6,3歳未勝利,16,3,6,50.6,8.0,5,三浦皇成,55.0,芝,1600.0,良,95.4,0.3,9-9,33.9,438.0,12.0,ルパヴィヨン,56.0
2022101386,ホシニネガイヲ,2024/11/17,5東京6,晴,3,2歳未勝利,18,7,13,39.1,9.0,9,三浦皇成,55.0,芝,1600.0,良,94.8,1.3,17-15,34.6,426.0,14.0,パワースナッチ,
2022101386,ホシニネガイヲ,2024/08/17,3新潟3,晴,5,2歳新馬,18,2,3,57.8,9.0,15,三浦皇成,55.0,芝,1200.0,良,72.6,3.7,18-18,33.8,412.0,0.0,エコロジーク,
2022101302,ノッテストラータ,2026/07/09,川崎,晴,12,アンドロメダ賞(C1),14,3,4,47.9,8.0,8,中越琉世,54.0,ダ,2000.0,良,137.8,1.6,12-12-12-11,39.8,454.0,-3.0,ハクシュ,
2022101302,ノッテストラータ,2026/06/16,川崎,晴,9,見返り美人特別(B3二),14,2,2,158.2,12.0,10,中越琉世,54.0,ダ,1600.0,稍,106.5,1.7,10-10-9-10,41.8,457.0,5.0,ドウザンワン,
2022101302,ノッテストラータ,2026/05/12,川崎,晴,10,青葉空特別(B3二),14,3,3,85.2,10.0,6,笹川翼,54.0,ダ,1600.0,良,105.4,2.1,9-8-8-6,40.5,452.0,2.0,ファリードゥーン,
2022101302,ノッテストラータ,2026/04/08,川崎,晴,12,昇竜特別(B3三),14,8,14,157.4,11.0,12,中越琉世,54.0,ダ,1600.0,稍,107.9,2.9,2-3-1-5,41.6,450.0,4.0,ビップソリオ,
2022101302,ノッテストラータ,2026/03/20,浦和,曇,10,浦和競馬×netke(B3),9,8,10,12.7,5.0,7,笹川翼,54.0,ダ,1400.0,稍,92.0,2.1,7-8-9-7,38.7,446.0,-4.0,ベストフィールド,
2022101302,ノッテストラータ,2026/03/05,川崎,晴,12,大和撫子特別(B3二),11,8,11,79.6,9.0,10,中越琉世,54.0,ダ,1500.0,重,98.4,2.1,4-5-5-7,42.0,450.0,-2.0,キャプテンブルー,
2022101302,ノッテストラータ,2026/02/03,川崎,晴,11,ヴィクトリーチャレン(B3),14,7,11,73.9,14.0,4,中島龍也,54.0,ダ,1600.0,良,107.7,0.5,4-4-5-5,39.9,452.0,2.0,スカイアクロス,75.0
2022101302,ノッテストラータ,2026/01/19,船橋,晴,11,初夢特別(B3),13,7,11,240.0,12.0,6,中越琉世,54.0,ダ,1600.0,良,104.2,0.9,11-11-10-9,39.6,450.0,-5.0,レルアバド,
2022101302,ノッテストラータ,2026/01/03,川崎,晴,10,宝船特別(B3),13,3,3,62.7,10.0,6,本田正重,54.0,ダ,1400.0,稍,92.0,1.7,11-10-10-9,39.5,455.0,1.0,スターグリップ,
2022101302,ノッテストラータ,2025/12/18,川崎,晴,10,雪模様特別(B3),10,4,4,24.4,6.0,7,中越琉世,54.0,ダ,1400.0,稍,92.8,2.0,4-5-5-6,39.6,454.0,0.0,スターグリップ,
2022101302,ノッテストラータ,2025/11/17,川崎,晴,9,七竈賞(B3),14,4,6,97.6,10.0,4,中越琉世,54.0,ダ,1500.0,良,98.2,0.6,4-4-5-4,41.1,454.0,-3.0,ゴールデンマイク,31.5
2022101302,ノッテストラータ,2025/10/29,浦和,晴,10,陽月特別(C1),11,5,5,7.3,4.0,3,笹川翼,54.0,ダ,1400.0,稍,89.1,0.8,4-6-5-4,37.2,457.0,0.0,マロンシャンテリー,45.0
2022101302,ノッテストラータ,2025/10/16,川崎,曇,9,かわさきジャズBRI(C1二),12,8,12,45.7,8.0,6,中越琉世,54.0,ダ,1400.0,重,92.7,1.6,5-5-5-4,41.4,457.0,0.0,ポッドソル,
2022101302,ノッテストラータ,2025/09/26,浦和,晴,10,曼珠沙華特別(C1),13,4,5,33.6,8.0,4,中越琉世,53.0,ダ,1400.0,良,89.4,1.2,6-7-7-4,37.7,457.0,1.0,ココモローズ,27.0
2022101302,ノッテストラータ,2025/09/12,川崎,曇,7,旗印賞(C1二),11,5,6,5.0,3.0,9,本橋孝太,53.0,ダ,1400.0,重,94.8,1.7,5-5-8-8,41.2,456.0,3.0,ラムテリオス,
2022101302,ノッテストラータ,2025/08/08,川崎,晴,12,納涼賞(C1),10,5,5,6.4,4.0,1,笹川翼,53.0,ダ,1400.0,良,91.7,-0.1,4-4-4-3,39.7,453.0,2.0,(ブライティアブエナ),120.0
2022101302,ノッテストラータ,2025/07/23,浦和,晴,9,盛夏特別(3歳),9,6,6,5.7,3.0,2,笹川翼,54.0,ダ,1500.0,良,97.4,0.1,1-1-1-1,39.1,451.0,-1.0,ビナハイフォン,100.0
2022101302,ノッテストラータ,2025/07/09,川崎,晴,5,赤翡翠特別(3歳),14,8,14,21.0,9.0,9,中越琉世,54.0,ダ,1500.0,良,100.4,1.7,2-3-4-4,42.7,452.0,1.0,ソリスレガーロ,
2022101302,ノッテストラータ,2025/06/18,川崎,晴,6,青葉木菟特別(3歳),14,3,4,51.9,10.0,10,中越琉世,54.0,ダ,1500.0,良,98.9,2.6,9-9-10-9,42.7,451.0,-2.0,チャチャハツゴウ,
2022101302,ノッテストラータ,2025/05/26,浦和,曇,2,ランチタイムチャレン(3歳),12,4,4,11.6,4.0,2,中越琉世,54.0,ダ,1400.0,稍,87.8,0.0,4-3-3-2,38.0,453.0,-5.0,ノヴァヴィア,72.0
2022101302,ノッテストラータ,2025/05/13,川崎,晴,3,大瑠璃賞(3歳),12,3,3,50.3,10.0,8,中越琉世,54.0,ダ,1500.0,重,100.9,1.8,5-6-4-3,44.2,458.0,9.0,アドルナティック,
2022101302,ノッテストラータ,2025/04/08,川崎,晴,7,エイプリルフラワー賞(3歳),12,8,12,70.5,9.0,6,中越琉世,54.0,ダ,1400.0,稍,94.0,2.6,10-10-10-9,41.3,449.0,-2.0,レインボーラッキー,
2022101302,ノッテストラータ,2025/03/17,浦和,晴,5,3歳二,11,8,11,23.5,6.0,4,中越琉世,54.0,ダ,1400.0,不,89.1,1.2,5-5-6-4,39.4,451.0,1.0,モーニングタンポポ,27.0
2022101302,ノッテストラータ,2025/03/06,川崎,曇,4,連翹賞(3歳),11,6,6,90.0,10.0,5,中越琉世,54.0,ダ,1500.0,不,100.3,2.0,1-1-4-3,42.2,450.0,4.0,ワチュゴナドゥ,25.0
2022101302,ノッテストラータ,2025/02/07,川崎,晴,5,オラージュ賞(3歳),14,5,8,57.3,9.0,13,中越琉世,54.0,ダ,1500.0,良,100.5,3.2,3-3-3-6,43.7,446.0,-4.0,ソイラテ,
2022101302,ノッテストラータ,2025/01/03,川崎,曇,3,福禄寿賞(3歳),13,5,6,5.4,3.0,1,中越琉世,54.0,ダ,1400.0,良,94.1,-0.1,2-2-2-2,40.5,450.0,-1.0,(クィーンサンサ),200.0
2022101302,ノッテストラータ,2024/12/13,川崎,曇,1,スパーキングデビュー(2歳),9,2,2,9.7,4.0,2,中越琉世,54.0,ダ,900.0,良,57.0,1.2,3-3,38.8,451.0,0.0,カネトシフープ,160.0
2022102527,バースフラワー,2026/07/06,川崎,雨,12,閃光賞(C1),9,2,2,34.2,7.0,9,本橋孝太,54.0,ダ,900.0,重,56.7,1.8,9-9,38.3,445.0,9.0,ミスフォルテ,
2022102527,バースフラワー,2026/06/16,川崎,晴,7,颯爽賞(C1),12,6,8,31.4,6.0,6,池谷匠翔,54.0,ダ,900.0,稍,56.5,1.6,9-9,38.1,436.0,-12.0,レモングラス,
2022102527,バースフラワー,2026/05/11,川崎,晴,12,青玉賞(C1),12,5,6,52.9,8.0,8,藤江渉,54.0,ダ,900.0,良,55.9,1.6,7-7,37.8,448.0,2.0,マナコア,
2022102527,バースフラワー,2026/04/06,川崎,晴,9,光速賞(C1),11,2,2,52.9,8.0,6,藤江渉,54.0,ダ,900.0,重,55.9,0.4,9-9,37.2,446.0,4.0,レジェス,
2022102527,バースフラワー,2026/03/11,船橋,晴,7,C1二三四ウ(C1三),11,3,3,100.1,8.0,9,藤江渉,54.0,ダ,1200.0,良,77.9,1.5,6-5-9,38.8,442.0,-5.0,コスモエンエン,
2022102527,バースフラワー,2026/03/04,川崎,曇,5,音速賞(C1),11,4,4,23.6,5.0,4,藤江渉,54.0,ダ,900.0,不,56.0,0.6,10-9,36.9,447.0,-4.0,モズアンドモズ,18.0
2022102527,バースフラワー,2026/01/15,大井,晴,10,C1五六,12,4,4,71.5,11.0,11,和田譲治,54.0,ダ,1200.0,良,76.0,1.9,11-11,38.1,451.0,-8.0,バレル,
2022102527,バースフラワー,2025/12/30,大井,晴,9,ベルモントノーヴァ賞(C1八),12,1,1,6.9,3.0,8,藤田凌,54.0,ダ,1200.0,稍,75.6,1.2,4-4,39.1,459.0,19.0,ジーティーゴッド,
2022102527,バースフラワー,2025/09/08,川崎,晴,7,剛勇賞(C1),12,1,1,5.5,2.0,5,野畑凌,53.0,ダ,900.0,稍,56.3,1.5,7-7,38.3,440.0,-11.0,ルックアトミー,12.0
2022102527,バースフラワー,2025/08/21,川崎,晴,9,紅蓮賞(C1),12,6,7,5.6,3.0,2,本橋孝太,53.0,ダ,900.0,良,55.1,0.1,1-4,37.5,451.0,1.0,モーモーブラック,48.0
2022102527,バースフラワー,2025/07/05,1函館7,晴,2,3歳未勝利,12,3,3,10.0,3.0,6,小林美駒,51.0,ダ,1000.0,不,59.0,1.0,5-7,35.8,450.0,2.0,ミッキーマカパ,
2022102527,バースフラワー,2025/06/21,1函館3,曇,2,3歳未勝利,12,6,7,8.7,4.0,3,小林美駒,51.0,ダ,1000.0,良,59.7,0.4,4-4,36.2,448.0,2.0,メイショウホダワラ,140.0
2022102527,バースフラワー,2025/06/15,1函館2,晴,3,3歳未勝利,12,5,6,12.7,4.0,3,小林美駒,51.0,ダ,1000.0,良,59.5,0.9,3-4,36.2,446.0,16.0,トーアジョウトウ,140.0
2022102527,バースフラワー,2025/04/20,1福島4,曇,3,3歳未勝利,16,6,12,67.6,11.0,8,永島まな,53.0,芝,1200.0,良,70.1,1.1,11-12,35.6,430.0,-4.0,アンダースコア,
2022102527,バースフラワー,2025/01/19,1中山7,晴,1,3歳未勝利,16,8,15,33.5,6.0,10,三浦皇成,55.0,ダ,1200.0,良,74.2,2.1,10-9,39.2,434.0,-2.0,スターランウェイ,
2022102527,バースフラワー,2024/12/28,5中山9,晴,1,2歳未勝利,16,7,13,32.7,7.0,5,三浦皇成,55.0,ダ,1200.0,良,73.3,0.8,9-9,38.6,436.0,-6.0,アパッシメント,55.0
2022102527,バースフラワー,2024/12/01,5中山2,晴,4,2歳新馬,15,6,11,7.8,4.0,3,鮫島克駿,55.0,ダ,1200.0,良,73.9,0.6,1-1,37.8,442.0,0.0,トニケンサンバ,180.0
2022101633,ヴィヴィッドムーン,2026/07/07,川崎,曇,12,ブラックジャック賞(C1),12,1,1,37.8,9.0,7,町田直希,54.0,ダ,1500.0,重,98.8,1.3,1-1-1-1,42.5,490.0,-3.0,サウスヴィルステラ,
2022101633,ヴィヴィッドムーン,2026/06/19,川崎,曇,9,レーニョ賞(C1),12,7,10,56.5,8.0,9,本田正重,54.0,ダ,1600.0,重,107.2,2.5,1-3-2-4,43.6,493.0,4.0,アイビーガオー,
2022101633,ヴィヴィッドムーン,2026/05/26,浦和,曇,10,双子座特別(C1),13,3,3,14.5,6.0,8,藤本現暉,54.0,ダ,1400.0,稍,91.2,1.4,8-8-7-7,39.8,489.0,-4.0,カムバック,
2022101633,ヴィヴィッドムーン,2026/05/15,川崎,晴,9,開成町賞(C1),12,5,5,10.1,5.0,10,町田直希,54.0,ダ,1400.0,良,93.3,1.9,5-8-5-9,40.8,493.0,5.0,アイビーガオー,
2022101633,ヴィヴィッドムーン,2026/02/03,川崎,晴,12,王者の眼差し賞(C1),12,8,12,2.8,1.0,9,町田直希,54.0,ダ,1400.0,良,93.6,1.1,4-4-4-4,42.0,488.0,-9.0,ハーモニーレグルス,
2022101633,ヴィヴィッドムーン,2026/01/04,川崎,晴,12,千両賞(C1),14,7,11,6.7,2.0,4,野畑凌,54.0,ダ,1500.0,稍,98.0,1.2,2-2-1-3,40.2,497.0,-3.0,ファリードゥーン,27.0
2022101633,ヴィヴィッドムーン,2025/12/15,川崎,晴,9,カンヌ賞(C2),12,1,1,4.6,3.0,1,町田直希,54.0,ダ,1400.0,重,93.5,-0.3,2-2-2-2,41.7,500.0,-1.0,(アジアパテック),150.0
2022101633,ヴィヴィッドムーン,2025/11/19,川崎,晴,6,C2三四五(C2四),12,1,1,1.9,1.0,1,町田直希,54.0,ダ,1400.0,良,92.8,-0.3,1-1-1-1,40.1,501.0,-12.0,(ベアリミッション),100.0
2022101633,ヴィヴィッドムーン,2025/10/15,川崎,曇,4,扇ガ谷賞(C2八),12,6,8,1.5,1.0,1,町田直希,54.0,ダ,1400.0,稍,92.7,0.0,1-1-1-1,40.5,513.0,3.0,(アムリタ),100.0
2022101633,ヴィヴィッドムーン,2025/09/08,川崎,晴,2,3歳5,12,8,12,7.4,4.0,2,町田直希,54.0,ダ,1400.0,稍,93.4,0.7,2-2-1-1,40.5,510.0,20.0,アイビーガオー,48.0
2022101633,ヴィヴィッドムーン,2025/07/13,2福島6,晴,3,3歳未勝利,16,5,10,17.5,7.0,9,大野拓弥,55.0,芝,2000.0,良,124.9,1.5,7-8-10-10,37.2,490.0,4.0,ワーキングデライト,
2022101633,ヴィヴィッドムーン,2025/05/17,2東京7,雨,4,3歳未勝利,15,4,7,19.8,4.0,6,北村宏司,55.0,芝,2000.0,良,121.8,1.5,6-8-6,36.2,486.0,10.0,リポサンテ,
2022101633,ヴィヴィッドムーン,2025/04/13,3中山6,雨,6,3歳未勝利,18,1,1,14.2,6.0,7,石神深道,52.0,芝,2000.0,良,122.4,0.7,1-1-1-1,35.6,476.0,-16.0,シャドウメテオ,
2022101633,ヴィヴィッドムーン,2025/02/15,1東京5,晴,6,3歳未勝利,16,2,3,49.7,10.0,8,嶋田純次,55.0,芝,1800.0,良,108.7,0.8,15-15-14,33.9,492.0,-10.0,マリアイリダータ,
2022101633,ヴィヴィッドムーン,2025/01/19,1中山7,曇,5,3歳新馬,16,4,8,43.9,10.0,3,嶋田純次,55.0,芝,1600.0,良,96.7,0.6,5-4-3,35.3,502.0,0.0,ホウオウショコラ,160.0
2019101003,ブラッドライン,2026/07/10,川崎,晴,9,あやせオープンファク(C1),11,8,11,23.8,9.0,10,中山遥人,55.0,ダ,1400.0,良,93.7,2.3,6-7-10-11,40.9,467.0,-18.0,ライヴドライバー,
2019101003,ブラッドライン,2026/05/26,浦和,曇,10,双子座特別(C1),13,1,1,23.4,9.0,10,保園翔也,56.0,ダ,1400.0,稍,91.3,1.5,12-10-10-10,39.5,485.0,3.0,カムバック,
2019101003,ブラッドライン,2026/05/15,川崎,晴,9,開成町賞(C1),12,6,7,12.5,6.0,8,佐野遥久,56.0,ダ,1400.0,良,92.9,1.5,3-3-8-11,40.2,482.0,-11.0,アイビーガオー,
2019101003,ブラッドライン,2026/04/10,川崎,雨,8,C1一二,11,7,10,2.4,1.0,10,佐野遥久,55.0,ダ,1400.0,重,92.8,2.0,6-6-6-7,41.8,493.0,6.0,パイロデキセキ,
2019101003,ブラッドライン,2026/03/03,川崎,雨,9,折鶴蘭賞(C1),9,3,3,15.8,5.0,1,佐野遥久,55.0,ダ,1400.0,不,90.7,-0.3,1-1-1-1,39.3,487.0,7.0,(ベルエアキング),120.0
2019101003,ブラッドライン,2026/02/02,川崎,晴,6,C2一,13,2,2,9.0,5.0,2,佐野遥久,55.0,ダ,1400.0,良,92.9,0.5,7-5-8-5,40.3,480.0,-8.0,ベルエアキング,40.0
2019101003,ブラッドライン,2025/10/16,川崎,曇,5,大太刀賞(C1二),13,4,5,21.6,8.0,9,保園翔也,56.0,ダ,1600.0,重,107.7,2.4,5-5-7-8,41.1,488.0,0.0,リュクスレオン,
2019101003,ブラッドライン,2025/09/12,川崎,曇,7,旗印賞(C1二),11,1,1,28.6,8.0,5,保園翔也,56.0,ダ,1400.0,重,94.0,0.9,3-4-5-5,40.8,488.0,4.0,ラムテリオス,18.0
2019101003,ブラッドライン,2025/08/25,川崎,晴,8,C1三四五(C1四),7,3,3,,,取,保園翔也,56.0,ダ,1400.0,良,,,,,,,ダンデライオン,
2019101003,ブラッドライン,2025/08/08,川崎,晴,9,早涼賞(C1),14,8,13,8.0,3.0,10,笹川翼,56.0,ダ,1500.0,良,99.3,1.8,3-4-3-5,41.4,484.0,3.0,ポッドジャスパー,
2019101003,ブラッドライン,2025/07/10,川崎,雨,9,ブラックジャック賞(C1二),14,5,8,11.3,4.0,12,本田正重,56.0,ダ,1500.0,良,100.6,2.8,4-5-6-12,42.1,481.0,2.0,スカイアクロス,
2019101003,ブラッドライン,2025/06/16,川崎,晴,11,神楽酒造盃くろうま賞(C1C2),11,1,1,3.2,1.0,2,笹川翼,57.0,ダ,1600.0,重,106.6,1.0,1-1-1-1,41.3,479.0,0.0,トウマ,80.0
2019101003,ブラッドライン,2025/04/08,川崎,晴,5,C1四五六(C1五),12,8,12,6.5,4.0,2,笹川翼,56.0,ダ,1400.0,稍,92.3,0.3,4-5-1-1,40.2,479.0,-6.0,ライヴマスタード,48.0
2019101003,ブラッドライン,2025/02/13,船橋,晴,9,C1二三,12,1,1,3.0,1.0,7,川島正太,56.0,ダ,1600.0,良,105.6,1.5,5-5-4-4,40.9,485.0,-5.0,エイシンスコッティ,
2019101003,ブラッドライン,2025/01/20,船橋,晴,12,お年玉チャンス賞(C1),14,4,6,3.4,2.0,2,川島正太,56.0,ダ,1500.0,稍,96.8,0.0,2-2-2-2,40.4,490.0,3.0,マロンロシェ,48.0
2019101003,ブラッドライン,2025/01/01,川崎,晴,7,三茄子賞(C2),14,8,14,3.8,2.0,3,川島正太,56.0,ダ,1500.0,良,99.0,1.4,3-3-3-2,41.3,487.0,-1.0,カラリパヤット,37.5
2019101003,ブラッドライン,2024/11/25,船橋,晴,8,馬い!佐賀小松レモン(C1五),10,8,10,1.2,1.0,2,川島正太,56.0,ダ,1500.0,良,96.7,0.1,3-3-3-3,38.9,488.0,-5.0,ランドプラネット,48.0
2019101003,ブラッドライン,2024/10/28,船橋,曇,7,芝山町賞(C2),7,7,7,1.0,1.0,1,川島正太,56.0,ダ,1600.0,重,107.6,-0.2,2-2-2-2,38.6,493.0,6.0,(ミヤコノティアラ),150.0
2019101003,ブラッドライン,2024/08/27,船橋,晴,7,C2二三,10,8,10,1.1,1.0,1,川島正太,56.0,ダ,1500.0,良,96.4,-0.4,3-3-2-2,38.5,487.0,-2.0,(セントレガーロ),100.0
2019101003,ブラッドライン,2024/07/22,船橋,晴,5,C2六七,10,6,6,1.1,1.0,1,川島正太,56.0,ダ,1500.0,良,96.2,-2.6,2-2-2-2,37.9,489.0,4.0,(バーニングウインド),100.0
2019101003,ブラッドライン,2024/06/29,船橋,晴,7,馬い!八幡平バイオレ(C2),6,4,4,1.0,1.0,1,川島正太,56.0,ダ,1500.0,重,97.3,-1.7,2-2-2-1,39.7,485.0,-13.0,(ミチノシチリア),100.0
2019101003,ブラッドライン,2024/05/30,船橋,晴,4,C2八九十ア(C2九),12,7,9,2.7,2.0,2,川島正太,56.0,ダ,1500.0,稍,97.0,0.2,1-1-1-1,39.2,498.0,8.0,サクセスベージュ,40.0
2019101003,ブラッドライン,2023/09/06,大井,曇,5,C2五六,12,8,13,1.5,1.0,3,笹川翼,56.0,ダ,1600.0,重,102.7,0.9,5-6-4-3,40.2,490.0,-7.0,ソフィアコール,25.0
2019101003,ブラッドライン,2023/08/14,大井,曇,5,地方競馬教養センター(C2),8,1,1,1.2,1.0,2,笹川翼,56.0,ダ,1600.0,不,102.6,0.3,2-2-1-1,40.5,497.0,4.0,アースダンスレン,40.0
2019101003,ブラッドライン,2023/07/13,大井,曇,5,C3一二,14,7,12,1.4,1.0,1,矢野貴之,56.0,ダ,1600.0,良,102.6,-0.2,3-3-2-2,39.0,493.0,-4.0,(マイネルグローバル),80.0
2019101003,ブラッドライン,2023/06/30,大井,曇,1,C3一二,13,7,10,9.5,5.0,1,矢野貴之,56.0,ダ,1600.0,良,100.9,-1.0,2-2-2-2,38.6,497.0,9.0,(クロリンダ),80.0
2019101003,ブラッドライン,2023/03/10,大井,晴,2,C3一二三(C3二),14,2,2,39.5,8.0,4,町田直希,56.0,ダ,1400.0,良,89.7,1.3,7-8-7,38.5,488.0,-5.0,キタサンユニゾン,12.0
2019101003,ブラッドライン,2023/02/24,大井,曇,1,C3一二,16,5,9,14.9,3.0,11,町田直希,56.0,ダ,1200.0,良,76.2,1.9,12-13,38.9,493.0,-3.0,タイキエクセロン,
2019101003,ブラッドライン,2022/12/31,大井,曇,2,3歳154万,16,6,12,24.2,7.0,8,仲原大生,55.0,ダ,1200.0,良,75.9,1.9,9-8,39.8,496.0,14.0,セルゼ,
2019101003,ブラッドライン,2022/05/01,1福島6,曇,1,3歳未勝利,16,4,8,9.8,4.0,11,丸山元気,56.0,ダ,1150.0,重,72.0,2.6,6-7,39.4,482.0,4.0,マキアージュ,
2019101003,ブラッドライン,2022/01/22,1中山7,晴,1,3歳未勝利,16,5,10,15.6,5.0,10,Ｍ．デム,56.0,ダ,1200.0,良,74.0,2.0,6-5,39.3,478.0,0.0,サカエショウ,
2019101003,ブラッドライン,2022/01/05,1中山1,晴,1,3歳未勝利,16,8,16,10.0,5.0,5,Ｍ．デム,56.0,ダ,1200.0,良,73.2,0.7,4-5,38.0,478.0,-2.0,ニシノアナ,52.0
2019101003,ブラッドライン,2021/12/18,5中山5,晴,3,2歳未勝利,16,2,4,5.4,2.0,5,Ｍ．デム,55.0,ダ,1200.0,重,72.9,1.5,5-5,38.7,480.0,6.0,ビップアクア,51.0
2019101003,ブラッドライン,2021/11/21,5東京6,曇,1,2歳未勝利,16,7,13,9.2,4.0,4,Ｍ．デム,55.0,ダ,1400.0,良,87.2,0.5,5-4,38.6,474.0,6.0,カブラヤジョウ,77.0
2019101003,ブラッドライン,2021/10/31,5新潟8,晴,5,2歳新馬,18,2,3,6.4,3.0,10,秋山稔樹,54.0,芝,1400.0,良,84.9,1.0,11-11,36.6,468.0,0.0,ディオサデルソル,
2020100130,エスジースパークル,2026/07/08,川崎,晴,8,仙人草賞(C1),10,8,10,107.6,10.0,7,神尾香澄,52.0,ダ,1400.0,稍,93.3,1.6,4-4-1-2,41.1,447.0,-17.0,ピーターライズ,
2020100130,エスジースパークル,2026/06/19,川崎,曇,7,C1一二,12,6,7,46.6,10.0,12,池谷匠翔,54.0,ダ,1400.0,重,94.2,3.0,7-7-9-11,42.1,464.0,3.0,ベルトネ,
2020100130,エスジースパークル,2026/05/15,川崎,晴,8,花菱草賞(C1),12,1,1,46.8,9.0,6,池谷匠翔,54.0,ダ,1400.0,良,92.1,0.4,4-3-3-2,40.4,461.0,-9.0,ナリノエンブレム,
2020100130,エスジースパークル,2026/04/10,川崎,雨,9,C1一二,12,5,5,103.3,12.0,10,木間塚龍,54.0,ダ,1400.0,重,93.8,2.4,7-8-7-10,41.6,470.0,17.0,デルマプルシャ,
2020100130,エスジースパークル,2026/02/03,川崎,晴,12,王者の眼差し賞(C1),12,6,7,21.0,7.0,11,張田昂,54.0,ダ,1400.0,良,94.1,1.6,1-2-2-2,42.9,453.0,-15.0,ハーモニーレグルス,
2020100130,エスジースパークル,2025/10/28,浦和,晴,8,HBA日高軽種馬農業(B3),10,2,2,78.5,9.0,10,張田昂,54.0,ダ,1500.0,重,95.9,1.6,7-7-8-8,39.1,468.0,7.0,ライヴマスタード,
2020100130,エスジースパークル,2025/10/16,川崎,曇,12,大平山特別(B3),12,4,4,30.5,7.0,11,藤江渉,54.0,ダ,1400.0,重,95.1,4.4,6-6-4-9,43.4,461.0,-8.0,ナチュラルターン,
2020100130,エスジースパークル,2025/09/30,船橋,晴,12,新鮮野菜とBBQなら(B3),12,1,1,14.8,5.0,10,藤江渉,54.0,ダ,1200.0,良,76.2,1.7,3-5-5,39.5,469.0,-6.0,アトモスフィア,
2020100130,エスジースパークル,2025/08/25,川崎,晴,10,凌霄花特別(B3),13,5,6,9.4,3.0,6,藤江渉,54.0,ダ,1500.0,良,97.5,0.5,1-1-1-1,40.6,475.0,-1.0,ビップソリオ,
2020100130,エスジースパークル,2025/08/06,川崎,曇,10,エベレスト賞(C1二),11,8,10,6.3,4.0,1,藤江渉,54.0,ダ,1500.0,良,97.1,-0.6,2-2-1-1,39.3,476.0,16.0,(トンボ),180.0
2020100130,エスジースパークル,2025/05/11,1新潟4,曇,7,4歳以上1勝クラス,15,3,4,27.9,8.0,7,横山琉人,55.0,ダ,1800.0,稍,115.3,0.5,14-13-9-9,39.6,460.0,4.0,ワンダーカモン,
2020100130,エスジースパークル,2025/04/19,1福島3,晴,7,4歳以上1勝クラス,15,6,11,14.2,6.0,7,横山琉人,55.0,ダ,1700.0,良,108.0,1.1,4-5-5-7,39.4,456.0,-8.0,トゥピ,
2020100130,エスジースパークル,2025/03/08,2中山3,曇,8,4歳以上1勝クラス,16,7,14,26.2,8.0,12,横山琉人,55.0,ダ,1800.0,稍,115.7,1.6,2-2-2-2,39.6,464.0,0.0,ホレーショ,
2020100130,エスジースパークル,2024/11/16,3福島5,晴,6,3歳以上1勝クラス,15,5,9,7.3,3.0,9,小林美駒,52.0,ダ,1700.0,良,108.0,2.2,4-3-4-7,40.7,464.0,-4.0,スマートハンター,
2020100130,エスジースパークル,2024/11/02,3福島1,雨,8,3歳以上1勝クラス,11,3,3,6.9,3.0,5,横山琉人,55.0,ダ,1700.0,重,105.4,0.4,3-3-3-3,37.6,468.0,4.0,ヘヴンリーハンド,80.0
2020100130,エスジースパークル,2024/10/12,4新潟3,晴,7,3歳以上1勝クラス,11,5,5,34.7,7.0,3,横山琉人,55.0,ダ,1800.0,良,113.6,0.3,2-2-1-1,37.9,464.0,6.0,カムランベイ,200.0
2020100130,エスジースパークル,2024/07/20,2福島7,曇,8,3歳以上1勝クラス,15,3,5,15.4,6.0,10,三浦皇成,56.0,ダ,1700.0,良,107.7,1.2,3-3-2-3,40.4,458.0,-2.0,ノーブルマルシェ,
2020100130,エスジースパークル,2024/06/30,2福島2,曇,8,3歳以上1勝クラス,13,6,9,17.0,6.0,3,横山琉人,55.0,ダ,1700.0,良,107.4,1.0,3-3-2-3,38.1,460.0,4.0,アパイシュナール,200.0
2020100130,エスジースパークル,2024/04/27,2東京3,曇,8,4歳以上1勝クラス,15,3,4,267.2,13.0,6,木幡巧也,56.0,ダ,1400.0,稍,86.1,0.4,2-3,36.3,456.0,6.0,ジャミーレ,
2020100130,エスジースパークル,2024/04/14,3中山8,晴,7,4歳以上1勝クラス,16,5,9,51.8,11.0,11,内田博幸,56.0,ダ,1200.0,良,72.9,2.1,12-12,37.6,450.0,0.0,グランフォーブル,
2020100130,エスジースパークル,2024/04/06,3中山5,曇,12,4歳以上1勝クラス,16,2,4,81.4,12.0,12,勝浦正樹,56.0,ダ,1200.0,稍,72.7,0.9,8-9,37.4,450.0,6.0,スマイルアップ,
2020100130,エスジースパークル,2024/02/10,2京都5,曇,8,4歳以上1勝クラス,16,5,10,20.6,7.0,8,永島まな,53.0,ダ,1200.0,良,73.7,0.9,15-14,36.4,444.0,-4.0,ウイスキータイム,
2020100130,エスジースパークル,2023/12/16,4中京5,曇,3,3歳以上1勝クラス,16,6,11,60.9,10.0,13,原優介,54.0,ダ,1400.0,重,85.7,1.5,6-7,38.8,448.0,0.0,ジョヴィアン,
2020100130,エスジースパークル,2023/11/12,3福島4,曇,12,3歳以上1勝クラス,16,6,11,12.1,5.0,8,勝浦正樹,55.0,ダ,1150.0,良,69.4,1.3,12-10,36.8,448.0,-8.0,リーゼントミニー,
2020100130,エスジースパークル,2023/10/22,4新潟4,晴,6,3歳以上1勝クラス,14,3,3,3.4,2.0,6,原優介,54.0,ダ,1200.0,重,71.9,1.2,8-7,37.3,456.0,-2.0,ワイアウ,
2020100130,エスジースパークル,2023/08/19,3新潟3,晴,7,3歳未勝利,15,6,10,2.9,1.0,1,原優介,53.0,ダ,1200.0,良,72.6,-0.7,4-3,37.6,458.0,6.0,(リッチハンター),550.0
2020100130,エスジースパークル,2023/07/22,2福島7,晴,4,3歳未勝利,15,5,9,8.7,5.0,2,原優介,52.0,ダ,1150.0,良,69.7,0.5,10-9,36.9,452.0,-4.0,ハクサンアイ,220.0
2020100130,エスジースパークル,2023/07/08,2福島3,曇,3,3歳未勝利,16,6,11,56.6,11.0,3,原優介,52.0,ダ,1150.0,良,69.2,0.3,6-5,37.2,456.0,4.0,ベリーベリーベリー,140.0
2020100130,エスジースパークル,2023/05/09,大井,晴,10,フォーチュネイト菖蒲(3歳),13,2,2,65.0,11.0,7,山崎誠士,54.0,ダ,1200.0,重,73.6,1.3,1-1,39.3,452.0,-6.0,シロイトイキ,
2020100130,エスジースパークル,2023/04/01,3中山3,晴,4,3歳未勝利,16,8,16,14.5,5.0,11,三浦皇成,54.0,ダ,1200.0,良,73.6,2.5,4-5,39.5,458.0,0.0,ニシノトレンディー,
2020100130,エスジースパークル,2023/02/25,2中山1,晴,1,3歳未勝利,16,8,16,56.7,10.0,6,三浦皇成,54.0,ダ,1800.0,良,118.4,2.6,1-1-1-1,42.4,458.0,-6.0,キープスマイリング,
2020100130,エスジースパークル,2023/01/14,1中山5,小雨,4,3歳新馬,16,2,4,13.8,7.0,6,三浦皇成,54.0,ダ,1800.0,良,119.6,1.7,15-15-11-10,39.7,464.0,0.0,エントラップメント,
2022106024,セラード,2026/07/09,川崎,晴,12,アンドロメダ賞(C1),14,8,13,13.8,7.0,12,町田直希,54.0,ダ,2000.0,良,138.4,2.2,7-6-3-5,41.5,445.0,0.0,ハクシュ,
2022106024,セラード,2026/06/15,川崎,曇,10,カペラ賞(B2B3),10,7,7,17.7,7.0,10,和田譲治,53.0,ダ,2000.0,重,137.3,3.0,8-9-9-9,41.0,445.0,-4.0,パイロビーム,
2022106024,セラード,2026/05/15,川崎,晴,10,第39回開成町阿波お(B2B3),12,2,2,73.5,7.0,6,和田譲治,53.0,ダ,2000.0,良,134.2,0.9,8-8-10-7,39.4,449.0,1.0,デフィニティーボ,
2022106024,セラード,2026/04/08,川崎,晴,12,昇竜特別(B3三),14,5,8,21.7,7.0,9,矢野貴之,54.0,ダ,1600.0,稍,107.1,2.1,11-11-12-12,39.9,448.0,2.0,ビップソリオ,
2022106024,セラード,2026/03/06,川崎,曇,10,キングセイバー賞(C1),9,4,4,8.5,3.0,3,町田直希,54.0,ダ,2000.0,稍,138.1,1.4,3-3-4-4,40.4,446.0,0.0,タケルサバイバル,45.0
2022106024,セラード,2026/02/02,川崎,晴,9,ヴィクトリア賞(C1),12,2,2,25.4,7.0,3,町田直希,54.0,ダ,2000.0,良,136.7,0.3,10-10-6-5,40.3,446.0,5.0,ミスサラワク,45.0
2022106024,セラード,2026/01/02,川崎,晴,12,坊主めくり賞(C1C2),14,5,7,8.7,5.0,4,矢野貴之,55.0,ダ,2000.0,稍,139.4,0.7,7-6-7-6,39.6,441.0,-3.0,ヘニーズネフュー,27.0
2022106024,セラード,2025/12/19,川崎,晴,10,やまなし畜産特別(B3C1),14,8,14,20.2,8.0,13,西啓太,53.0,ダ,2000.0,稍,138.9,4.9,1-1-11-13,46.0,444.0,0.0,オウケンデューク,
2022106024,セラード,2025/11/21,川崎,晴,9,OMOTANはだの賞(C1),12,3,3,39.7,6.0,3,町田直希,54.0,ダ,2000.0,良,135.1,0.8,4-3-3-2,40.9,444.0,0.0,フィフティズ,45.0
2022106024,セラード,2025/10/16,川崎,曇,11,サルビアC(OP)(3歳),11,5,5,114.8,11.0,8,町田直希,52.0,ダ,2000.0,重,137.4,2.1,8-9-11-11,40.0,444.0,6.0,エスカティア,
2022106024,セラード,2025/09/08,川崎,晴,8,ルドベキア特別(B33歳),5,2,2,2.6,2.0,2,笹川翼,54.0,ダ,1600.0,稍,106.6,0.3,3-3-4-4,40.5,438.0,-3.0,ハナノウタゲ,140.0
2022106024,セラード,2025/08/25,川崎,晴,2,笹五位特別(3歳),14,6,9,11.6,3.0,2,笹川翼,54.0,ダ,1500.0,良,97.9,1.1,12-12-7-7,40.7,441.0,5.0,マルセルテソーロ,64.0
2022106024,セラード,2025/08/06,川崎,晴,6,ペリドットフラワー賞(3歳C1),11,2,2,31.6,7.0,6,野畑凌,54.0,ダ,1400.0,良,91.9,1.4,7-7-9-5,39.8,436.0,-1.0,サントレッダー,
2022106024,セラード,2025/07/10,川崎,晴,2,珠鷸特別(3歳),14,4,6,1.4,1.0,3,野畑凌,54.0,ダ,1500.0,良,99.0,0.2,7-8-5-2,42.0,437.0,2.0,ジーグフェルド,40.0
2022106024,セラード,2025/06/19,川崎,晴,2,3歳7,9,3,3,1.4,1.0,1,野畑凌,54.0,ダ,1400.0,良,92.1,-1.0,3-3-1-1,39.8,435.0,5.0,(バジガクミソラ),160.0
2022106024,セラード,2025/04/26,2東京1,曇,3,3歳未勝利,16,3,5,154.6,14.0,12,長浜鴻緒,53.0,ダ,2100.0,稍,135.9,2.7,9-9-10-14,39.9,430.0,-2.0,ダカラフェスティヴ,
2022106024,セラード,2025/04/12,1福島1,曇,1,3歳未勝利,15,8,15,79.2,11.0,11,石田拓郎,52.0,ダ,1700.0,良,111.0,2.7,5-5-5-8,40.7,432.0,-6.0,スズノソレイユ,
2022106024,セラード,2025/01/19,1中山7,晴,2,3歳未勝利,16,6,12,297.2,14.0,5,石田拓郎,52.0,ダ,1800.0,良,118.6,2.3,9-10-11-10,40.1,438.0,-2.0,ロンパイア,56.0
2022106024,セラード,2024/12/21,5中山7,晴,2,2歳未勝利,16,5,9,352.2,14.0,13,石田拓郎,52.0,ダ,1800.0,良,118.6,2.8,7-9-14-15,40.3,440.0,0.0,コンアフェット,
2022106024,セラード,2024/11/30,5中山1,晴,1,2歳未勝利,16,2,4,171.7,12.0,13,小林美駒,51.0,ダ,1200.0,稍,74.4,1.7,16-16,37.6,440.0,4.0,サノノアメリカン,
2022106024,セラード,2024/11/03,3福島2,晴,1,2歳未勝利,16,1,1,72.3,11.0,9,横山琉人,54.0,ダ,1150.0,不,69.9,1.9,9-9,37.4,436.0,2.0,ゴメンネジロー,
2022106024,セラード,2024/10/13,4東京3,晴,2,2歳未勝利,15,2,2,25.7,8.0,11,長浜鴻緒,52.0,ダ,1400.0,良,88.4,2.7,7-6,39.5,434.0,6.0,イッシンフラン,
2022106024,セラード,2024/09/14,4中山3,晴,1,2歳未勝利,14,3,4,82.1,9.0,6,長浜鴻緒,52.0,ダ,1200.0,良,74.7,1.9,14-14,37.6,428.0,-2.0,アルデショワ,
2022106024,セラード,2024/08/25,3新潟6,曇,3,2歳未勝利,11,5,5,57.3,9.0,5,木幡巧也,55.0,芝,1000.0,良,57.5,0.8,7,34.0,430.0,4.0,チョングク,55.0
2022106024,セラード,2024/08/04,2新潟4,晴,2,2歳新馬,14,7,12,242.5,13.0,11,石神深道,52.0,芝,1600.0,良,98.4,2.4,11-12,34.5,426.0,0.0,ダンツエラン,
2023106597,ミョンソクコムドリ,2026/07/13,名古屋,曇,4,3歳12組,12,4,4,11.0,5.0,5,丸野勝虎,57.0,ダ,1500.0,良,100.2,1.6,10-9-7,40.6,484.0,-4.0,アウトリュコス,5.7
2023106597,ミョンソクコムドリ,2026/05/30,2東京11,晴,2,3歳未勝利,16,5,10,435.4,16.0,14,嶋田純次,57.0,芝,2400.0,良,147.2,2.6,16-16-15-15,35.1,488.0,-2.0,ゴンファロニエーレ,
2023106597,ミョンソクコムドリ,2026/05/24,1新潟8,曇,5,3歳未勝利,16,6,11,262.2,15.0,13,黛弘人,57.0,芝,2000.0,稍,126.2,2.4,15-15-15-15,37.5,490.0,10.0,ディアアズール,
2023106597,ミョンソクコムドリ,2025/11/02,4東京11,曇,5,2歳新馬,9,6,6,211.0,9.0,中,黛弘人,56.0,芝,2000.0,良,,,9-9-9,,480.0,0.0,アローメタル,
2023104640,リュウノバモス,2026/07/13,名古屋,曇,1,名古屋モーニングフィ(3歳),12,5,5,5.8,3.0,3,加藤聡一,55.0,ダ,1500.0,良,101.1,1.6,3-3-3,42.2,462.0,-4.0,ナムラハンナ,11.4
2023104640,リュウノバモス,2026/06/30,名古屋,曇,1,3歳13組,12,5,5,54.3,8.0,6,近藤颯羽,52.0,ダ,1500.0,稍,100.5,2.7,2-1-4,41.8,466.0,7.0,チェリカキング,
2023104640,リュウノバモス,2026/03/23,名古屋,晴,1,3歳8組,10,2,2,15.4,5.0,10,加藤聡一,55.0,ダ,920.0,良,61.4,2.6,7,40.6,459.0,-6.0,チョコレートケーキ,
2023104640,リュウノバモス,2026/02/28,浦和,晴,4,3歳六,12,5,5,52.4,10.0,10,七夕裕次,54.0,ダ,1400.0,重,96.1,3.2,6-5-7-9,43.6,465.0,-1.0,イトイテーション,
2023104640,リュウノバモス,2026/01/09,浦和,晴,3,3歳五,10,4,4,31.9,6.0,6,七夕裕次,54.0,ダ,1400.0,良,94.2,1.4,4-3-3-2,42.3,466.0,3.0,シンメエリート,
2023104640,リュウノバモス,2025/12/23,浦和,晴,1,2歳四,12,3,3,136.9,8.0,7,七夕裕次,54.0,ダ,1400.0,良,93.1,2.0,5-6-7-7,40.5,463.0,-7.0,レイナバローズ,
2023104640,リュウノバモス,2025/11/27,浦和,晴,1,2歳三,12,4,4,153.9,9.0,5,七夕裕次,54.0,ダ,1400.0,良,92.9,1.5,4-4-7-4,40.0,470.0,4.0,アルカイックスター,24.0
2023104640,リュウノバモス,2025/10/30,浦和,晴,3,2歳四,12,8,12,15.0,6.0,9,七夕裕次,54.0,ダ,1400.0,稍,95.8,4.3,8-6-5-8,42.3,466.0,-3.0,アイリーズ,
2023104640,リュウノバモス,2025/08/15,浦和,晴,4,2歳二,10,5,5,79.2,8.0,6,七夕裕次,54.0,ダ,1400.0,良,92.8,3.1,7-7-8-8,41.3,469.0,5.0,アジアンビジョン,
2023104640,リュウノバモス,2025/07/25,浦和,晴,4,2歳二,8,7,7,36.4,7.0,6,七夕裕次,54.0,ダ,1400.0,良,95.8,5.1,5-5-5-6,44.5,464.0,-6.0,アンジュルナ,
2023104640,リュウノバモス,2025/06/24,浦和,曇,2,ドリームチャレンジ(2歳),7,6,6,8.7,4.0,3,七夕裕次,54.0,ダ,1400.0,良,93.5,1.2,4-3-3-3,42.0,470.0,0.0,ニンゲンテイイナ,105.0
2023106304,ファフロツキーズ,2026/07/17,名古屋,晴,1,名古屋モーニングフィ(3歳),12,8,11,47.4,8.0,12,筒井勇介,57.0,ダ,1500.0,良,101.6,3.7,4-8-12,43.7,490.0,-2.0,ゴッドシュアウイン,
2023106304,ファフロツキーズ,2026/07/03,名古屋,晴,2,アジア・アジアパラ応(3歳),12,8,12,3.2,1.0,8,望月洵輝,57.0,ダ,1500.0,重,99.6,1.6,4-4-4,42.2,492.0,6.0,クリコメリー,
2023106304,ファフロツキーズ,2026/06/16,名古屋,曇,5,3歳12組,11,6,7,4.7,4.0,4,渡辺竜也,57.0,ダ,1500.0,良,99.1,0.9,1-1-1,40.7,486.0,12.0,エバーウインド,9.0
2023106304,ファフロツキーズ,2026/05/03,1新潟2,晴,3,3歳未勝利,14,6,9,62.9,11.0,13,富田暁,57.0,ダ,1800.0,稍,121.2,6.1,12-13-14-14,43.2,474.0,-8.0,カシノスパーク,
2023106304,ファフロツキーズ,2025/11/15,4京都3,晴,2,2歳未勝利,11,1,1,38.7,6.0,11,岩田望来,56.0,ダ,1400.0,良,89.5,4.5,8-10,40.3,482.0,8.0,スマートジュリアス,
2023106304,ファフロツキーズ,2025/10/25,3京都8,曇,5,2歳新馬,14,8,14,5.5,3.0,12,岩田望来,56.0,芝,1600.0,良,98.0,3.2,6-6,37.6,474.0,0.0,アーリーハーベスト,
2023104007,ケイツークルサード,2026/06/30,名古屋,曇,4,3歳10組,12,7,10,19.2,5.0,4,近藤颯羽,54.0,ダ,1500.0,稍,96.9,0.9,8-7-5,38.4,529.0,7.0,キングオブストーム,9.0
2023104007,ケイツークルサード,2026/02/01,1小倉4,曇,1,3歳未勝利,16,3,6,199.7,16.0,14,黛弘人,57.0,ダ,1700.0,良,111.4,4.3,16-16-15-15,40.9,522.0,-2.0,ラブインアクション,
2023104007,ケイツークルサード,2025/12/13,5中山3,曇,2,2歳未勝利,16,5,9,64.7,9.0,16,小林美駒,53.0,ダ,1800.0,良,133.3,17.8,15-16-16-16,49.3,524.0,0.0,イッテラッシャイ,
2023104007,ケイツークルサード,2025/11/16,3福島4,晴,6,2歳新馬,15,8,15,26.0,8.0,8,黛弘人,56.0,ダ,1700.0,良,109.9,3.0,14-14-12-9,39.5,524.0,0.0,ロンギングフォユー,
2023106067,ボドニーク,2026/06/30,名古屋,曇,2,3歳12組,12,7,9,18.5,4.0,4,丸野勝虎,57.0,ダ,1500.0,稍,98.6,1.2,11-10-8,40.1,471.0,0.0,ベイビーメイビー,9.0
2023106067,ボドニーク,2026/06/16,名古屋,曇,3,3歳13組,11,5,5,57.3,11.0,7,細川智史,57.0,ダ,1500.0,良,99.6,1.0,8-9-6,41.0,471.0,7.0,キーサーバー,
2023106067,ボドニーク,2026/05/12,川崎,晴,8,エメラルドフラワー賞(3歳),12,7,10,73.0,10.0,12,岡村健司,56.0,ダ,1500.0,良,99.6,3.4,9-11-11-12,41.9,464.0,4.0,ルペイドゥロール,
2023106067,ボドニーク,2026/03/14,1中京1,晴,4,3歳未勝利,16,5,10,143.6,13.0,16,柴田裕一,55.0,芝,1600.0,良,98.7,4.5,16-16-16,35.9,460.0,0.0,ルージュリリック,
2023101597,ウワサノモアナ,2026/07/13,名古屋,曇,1,名古屋モーニングフィ(3歳),12,6,7,10.4,6.0,2,細川智史,55.0,ダ,1500.0,良,101.1,1.6,9-7-7,41.5,390.0,5.0,ナムラハンナ,20.0
2023101597,ウワサノモアナ,2026/06/16,名古屋,曇,1,3歳15組,10,7,8,78.1,6.0,5,木之前葵,53.0,ダ,920.0,良,58.0,1.7,7,36.7,385.0,4.0,クモンリュウ,6.0
2023101597,ウワサノモアナ,2026/06/05,名古屋,曇,2,3歳11組,12,6,8,90.0,9.0,9,木之前葵,53.0,ダ,1400.0,稍,95.2,3.5,12-12-10,41.0,381.0,-4.0,グランヘラクレス,
2023101597,ウワサノモアナ,2026/05/01,笠松,雨,1,笠松町コラボ同時開催(3歳),8,4,4,81.8,7.0,7,細川智史,55.0,ダ,1400.0,不,94.9,2.4,5-8-7,41.3,385.0,4.0,カサナルキセキ,
2023101597,ウワサノモアナ,2026/04/17,笠松,曇,1,3歳5組,7,1,1,55.9,7.0,7,細川智史,55.0,ダ,800.0,良,53.8,3.9,7,38.7,381.0,-5.0,マスカットオマーン,
2023101597,ウワサノモアナ,2026/04/03,笠松,晴,2,3歳4組,9,6,6,35.5,7.0,6,木之前葵,53.0,ダ,1400.0,良,96.3,4.0,7-6-5,43.9,386.0,-2.0,アフリカンブラック,
2023101597,ウワサノモアナ,2026/03/09,名古屋,晴,1,3歳9組,11,7,8,2.4,1.0,3,木之前葵,53.0,ダ,920.0,良,59.6,0.9,3,38.8,388.0,3.0,スキャロップパール,11.6
2023101597,ウワサノモアナ,2026/02/23,名古屋,晴,8,ステップアップ!しゃ(3歳),10,7,9,13.3,5.0,4,木之前葵,53.0,ダ,920.0,良,58.7,0.3,5,37.6,385.0,-8.0,フィアマネラ,8.7
2023101597,ウワサノモアナ,2026/02/09,名古屋,晴,3,3歳7組,12,6,7,3.3,1.0,6,木之前葵,53.0,ダ,1500.0,良,102.5,1.4,9-8-5,42.9,393.0,-2.0,エンゲル,
2023101597,ウワサノモアナ,2026/01/16,名古屋,曇,2,3歳6組,12,6,7,3.6,2.0,4,望月洵輝,55.0,ダ,1500.0,良,100.4,0.5,8-6-4,40.5,395.0,-2.0,サスケリアン,8.7
2023101597,ウワサノモアナ,2026/01/02,名古屋,晴,2,笑門来福賞(3歳),12,2,2,58.6,8.0,4,細川智史,55.0,ダ,1500.0,良,99.1,0.9,11-10-7,40.2,397.0,-1.0,ファーストボーイ,8.7
2023101597,ウワサノモアナ,2025/12/19,名古屋,晴,4,2歳5組,12,5,6,11.3,3.0,11,友森翔太,55.0,ダ,920.0,稍,59.6,1.8,9,38.0,398.0,1.0,エイシンイビサ,
2023101597,ウワサノモアナ,2025/11/25,名古屋,曇,2,2歳牝馬,12,2,2,3.2,2.0,5,木之前葵,53.0,ダ,1500.0,稍,101.3,1.6,10-4-4,41.5,397.0,-7.0,ベリープラウド,7.0
2023101597,ウワサノモアナ,2025/11/06,門別,曇,2,2歳牝馬未勝利(未勝利),12,7,9,43.8,5.0,5,小杉亮,55.0,ダ,1000.0,稍,63.6,0.2,8-7,37.5,404.0,-2.0,アークメディナ,3.5
2023101597,ウワサノモアナ,2025/10/28,門別,晴,2,2歳牝馬未勝利(未勝利),10,7,7,154.9,9.0,5,阿岸潤一,54.0,ダ,1000.0,稍,63.9,0.7,9-8,37.3,406.0,4.0,アークオブライフ,3.5
2023101597,ウワサノモアナ,2025/10/09,門別,晴,1,木育推進の町うらかわ(未勝利)(2歳),11,1,1,248.7,10.0,11,小杉亮,55.0,ダ,1700.0,良,118.7,3.8,11-11-11-10,44.5,402.0,2.0,キタノマヒロ,
2023101597,ウワサノモアナ,2025/09/23,門別,晴,3,CONSAOLDS賞(未勝利)(2歳),11,6,8,150.9,7.0,11,岩橋勇二,55.0,ダ,1200.0,稍,80.4,5.0,10-9,41.3,400.0,-6.0,ナイトセーリング,
2023101597,ウワサノモアナ,2025/09/11,門別,晴,2,2歳未勝利(未勝利),7,2,2,55.9,5.0,6,黒澤愛斗,55.0,ダ,1700.0,良,118.4,4.8,5-5-5-5,44.4,406.0,6.0,パリコトパナナ,
2023101597,ウワサノモアナ,2025/08/19,門別,曇,2,2歳牝馬未勝利(未勝利),12,7,10,146.9,11.0,11,黒澤愛斗,55.0,ダ,1000.0,不,65.1,3.6,12-12,38.7,400.0,2.0,インカント,
2023101597,ウワサノモアナ,2025/08/06,門別,曇,5,JRA認定競走フレッ(新馬)(2歳),7,1,1,88.0,7.0,6,黒澤愛斗,55.0,ダ,1100.0,良,71.3,2.7,7-7,38.9,398.0,0.0,タケノルル,
2023102395,ニシキエバー,2026/07/17,名古屋,晴,1,名古屋モーニングフィ(3歳),12,3,3,190.0,11.0,7,丹羽克輝,57.0,ダ,1500.0,良,99.7,1.8,6-5-6,41.9,407.0,-1.0,ゴッドシュアウイン,
2023102395,ニシキエバー,2026/07/03,名古屋,晴,2,アジア・アジアパラ応(3歳),12,7,9,123.7,11.0,6,木之前葵,55.0,ダ,1500.0,重,98.9,0.9,5-6-8,41.1,408.0,2.0,クリコメリー,
2023102395,ニシキエバー,2026/06/18,名古屋,晴,2,3歳10組,11,8,10,145.5,9.0,7,木之前葵,55.0,ダ,1500.0,良,99.1,3.2,10-9-9,40.6,406.0,-3.0,ベベペッパー,
2023102395,ニシキエバー,2026/06/03,名古屋,晴,3,3歳8組,12,6,8,53.1,9.0,6,大畑慧悟,57.0,ダ,1400.0,重,93.3,1.3,9-11-8,41.1,409.0,1.0,スージーハルワ,
2023102395,ニシキエバー,2026/05/22,名古屋,曇,1,3歳9組,11,1,1,60.2,8.0,5,木之前葵,55.0,ダ,1500.0,不,98.8,2.2,5-6-5,39.6,408.0,-4.0,ポッドシャンク,6.0
2023102395,ニシキエバー,2026/05/08,名古屋,曇,6,3歳8組,10,5,5,53.7,8.0,7,東川慎,57.0,ダ,1400.0,稍,94.0,1.5,7-10-9,40.7,412.0,0.0,グレーターグレイ,
2023102395,ニシキエバー,2026/04/20,名古屋,晴,3,3歳6組,12,4,4,27.8,9.0,8,木之前葵,55.0,ダ,1500.0,良,101.4,1.8,4-5-5,41.0,412.0,2.0,ミリアリア,
2023102395,ニシキエバー,2026/04/07,名古屋,曇,1,3歳8組,11,7,8,53.3,6.0,3,木之前葵,55.0,ダ,920.0,重,58.6,0.9,1,38.2,410.0,-2.0,チョコレートケーキ,12.0
2023102395,ニシキエバー,2026/03/23,名古屋,晴,1,3歳8組,10,5,5,46.5,6.0,2,木之前葵,55.0,ダ,920.0,良,59.2,0.4,3,38.9,412.0,-1.0,チョコレートケーキ,20.3
2023102395,ニシキエバー,2026/03/09,名古屋,晴,1,3歳9組,11,8,11,16.8,6.0,5,大原浩司,57.0,ダ,920.0,良,59.6,0.9,7,38.7,413.0,1.0,スキャロップパール,5.8
2023102395,ニシキエバー,2026/02/23,名古屋,晴,1,3歳7組,11,7,9,76.8,9.0,8,木之前葵,55.0,ダ,920.0,良,59.3,1.8,8,39.0,412.0,1.0,ミソラ,
2023102395,ニシキエバー,2026/02/09,名古屋,晴,1,3歳8組,11,6,7,10.7,6.0,3,木之前葵,55.0,ダ,920.0,良,60.3,2.1,4,39.3,411.0,-4.0,ミソラ,11.6
2023102395,ニシキエバー,2026/01/26,名古屋,晴,1,3歳7組,10,4,4,28.8,4.0,3,木之前葵,55.0,ダ,920.0,良,59.3,0.9,2,38.7,415.0,-2.0,コインブラ,11.6
2023102395,ニシキエバー,2026/01/16,名古屋,曇,1,3歳7組,12,7,9,26.3,7.0,6,木之前葵,55.0,ダ,1500.0,良,103.0,3.2,12-11-7,42.5,417.0,9.0,ダイアゴナルラン,
2023102395,ニシキエバー,2026/01/02,名古屋,晴,1,初荷賞(3歳),12,4,4,64.7,10.0,5,木之前葵,55.0,ダ,920.0,良,60.0,1.3,8,38.8,408.0,-7.0,エイシンピリオド,5.8
2023102395,ニシキエバー,2025/12/19,名古屋,晴,3,2歳6組,12,6,7,135.9,10.0,8,木之前葵,54.0,ダ,920.0,稍,59.7,1.9,8,39.4,415.0,0.0,ノーブルブロッサム,
2023102395,ニシキエバー,2025/12/05,名古屋,晴,1,2歳4組,11,7,9,,,取,木之前葵,54.0,ダ,920.0,良,,,,,,,ハレタヒニ,
2023102395,ニシキエバー,2025/11/26,名古屋,晴,1,2歳3組,11,8,12,130.1,11.0,8,小笠原羚,52.0,ダ,920.0,良,60.0,1.5,8,39.1,415.0,7.0,ラブクラーセ,
2023102395,ニシキエバー,2025/11/11,名古屋,晴,1,2歳4組,11,3,3,28.6,5.0,7,木之前葵,54.0,ダ,920.0,稍,60.3,1.3,6,39.6,408.0,0.0,キャメロン,
2023102395,ニシキエバー,2025/10/31,名古屋,雨,1,2歳3組,12,5,6,134.9,11.0,5,木之前葵,54.0,ダ,920.0,良,59.6,1.7,8,39.2,408.0,1.0,サンヨウコイノボリ,7.0
2023102395,ニシキエバー,2025/10/16,名古屋,雨,2,2歳3組,11,6,7,173.1,11.0,7,木之前葵,54.0,ダ,920.0,重,59.6,2.5,8,39.0,407.0,3.0,エイシンジンジャー,
2023102395,ニシキエバー,2025/10/01,名古屋,晴,3,2歳2組,12,5,5,337.1,12.0,9,明星晴大,55.0,ダ,920.0,良,60.1,2.1,9,39.3,404.0,2.0,オーヴイシャイン,
2023102395,ニシキエバー,2025/09/19,名古屋,晴,4,深川靖誕生日記念(2歳),11,4,4,113.0,11.0,10,木之前葵,54.0,ダ,920.0,良,60.2,3.3,9,39.5,402.0,0.0,ナガノキングダイヤ,
2023102395,ニシキエバー,2025/09/03,名古屋,晴,6,結婚10周年ありがと(2歳),9,6,6,18.9,5.0,7,木之前葵,54.0,ダ,920.0,良,60.2,2.5,8,39.1,402.0,-11.0,アンジェル,
2023102395,ニシキエバー,2025/08/22,名古屋,晴,4,2歳3組,9,8,9,32.2,5.0,6,小笠原羚,52.0,ダ,920.0,良,59.6,3.4,4,39.0,413.0,7.0,シャイニングワキア,
2023102395,ニシキエバー,2025/07/25,名古屋,晴,5,2歳新馬,8,8,8,33.6,8.0,6,木之前葵,54.0,ダ,900.0,良,57.4,2.8,7,37.9,406.0,0.0,ゴコクホウジョウ,
2023106030,ノーブルサンライズ,2026/07/13,名古屋,曇,2,3歳14組,12,8,11,2.7,1.0,3,丸野勝虎,55.0,ダ,1500.0,良,100.7,1.3,7-7-6,41.5,454.0,-13.0,フローラルウェイ,11.4
2023106030,ノーブルサンライズ,2026/06/16,名古屋,曇,3,3歳13組,11,7,8,13.9,6.0,6,丸野勝虎,55.0,ダ,1500.0,良,99.3,0.7,6-7-6,41.1,467.0,17.0,キーサーバー,
2023106030,ノーブルサンライズ,2026/05/02,3京都3,晴,3,3歳未勝利,18,7,15,468.6,17.0,15,岡田祥嗣,55.0,芝,1600.0,稍,95.7,1.7,16-18,34.9,450.0,-4.0,カモメガトンダ,
2023106030,ノーブルサンライズ,2026/03/14,1阪神7,晴,1,3歳未勝利,13,7,11,258.4,13.0,12,北村友一,55.0,ダ,1800.0,良,121.5,5.2,7-9-11-13,42.0,454.0,2.0,シャンデヴィーニュ,
2023106030,ノーブルサンライズ,2026/02/28,1小倉11,曇,1,3歳未勝利,16,8,15,128.6,14.0,14,菊沢一樹,55.0,ダ,1700.0,不,109.0,3.8,15-15-16-16,39.6,452.0,0.0,フレットローソ,
2023103551,ホウオウアワード,2026/06/30,名古屋,曇,4,3歳10組,12,3,3,163.6,10.0,8,大原浩司,57.0,ダ,1500.0,稍,100.7,4.7,6-6-7,42.3,425.0,-3.0,キングオブストーム,
2023103551,ホウオウアワード,2026/06/18,名古屋,晴,1,3歳11組,11,2,2,135.1,9.0,9,大原浩司,57.0,ダ,1500.0,良,99.8,2.4,8-8-8,40.3,428.0,-8.0,トンデトンデトンデ,
2023103551,ホウオウアワード,2026/06/03,名古屋,晴,3,3歳8組,12,7,10,7.0,3.0,9,塚本征吾,57.0,ダ,1400.0,重,94.1,2.1,6-4-4,42.5,436.0,-10.0,スージーハルワ,
2023103551,ホウオウアワード,2026/05/19,名古屋,晴,4,3歳10組,11,7,9,43.8,9.0,5,大原浩司,57.0,ダ,1500.0,良,99.4,4.3,4-3-5,41.9,446.0,2.0,アースジャッジ,6.0
2023103551,ホウオウアワード,2026/04/18,1福島3,晴,5,3歳未勝利,16,3,6,189.8,15.0,16,鷲頭虎太,55.0,芝,1800.0,良,116.0,8.8,16-16-16-16,39.2,444.0,-6.0,ブランドブラン,
2023103551,ホウオウアワード,2026/02/21,1東京7,晴,4,3歳新馬,16,3,6,93.2,9.0,12,丸田恭介,57.0,ダ,1600.0,良,102.5,3.4,15-14,39.3,450.0,0.0,ナムラダリア,
2023102794,タマモトップハット,2026/06/23,金沢,曇,7,加賀手取川賞(未勝利)(3歳),7,2,2,91.1,6.0,5,中島龍也,57.0,ダ,1500.0,重,100.9,2.6,6-6-5-5,42.3,475.0,-5.0,ガイストライヒ,10.0
2023102794,タマモトップハット,2026/05/10,1新潟4,晴,2,3歳未勝利,15,1,1,183.1,14.0,14,石田拓郎,54.0,ダ,1200.0,良,75.1,2.3,14-14,38.9,480.0,-8.0,エコログロウ,
2023102794,タマモトップハット,2026/02/14,1東京5,晴,1,3歳未勝利,16,6,11,228.8,14.0,14,長浜鴻緒,55.0,ダ,1400.0,良,89.1,3.3,16-16,37.9,488.0,0.0,トウカイレオ,
2023102953,サンクスアミリオン,2026/07/17,名古屋,晴,1,名古屋モーニングフィ(3歳),12,7,10,15.8,5.0,10,大畑雅章,55.0,ダ,1500.0,良,100.3,2.4,3-3-9,42.8,509.0,-2.0,ゴッドシュアウイン,
2023102953,サンクスアミリオン,2026/06/30,名古屋,曇,3,3歳11組,12,5,6,123.2,11.0,5,大畑雅章,55.0,ダ,1500.0,稍,98.7,1.4,9-10-11,39.8,511.0,17.0,ブルースプレイヤー,6.0
2023102953,サンクスアミリオン,2026/03/29,3中山2,晴,1,3歳未勝利,16,8,15,324.5,13.0,15,丹内祐次,55.0,ダ,1800.0,稍,122.6,7.2,11-11-14-15,44.3,494.0,-6.0,クイーンズホリデー,
2023102953,サンクスアミリオン,2025/11/24,5東京6,晴,3,2歳未勝利,16,3,5,494.3,15.0,16,酒井学,55.0,芝,2000.0,良,125.4,5.3,5-8-12,39.0,500.0,6.0,エムズビギン,
2023102953,サンクスアミリオン,2025/11/08,5東京1,曇,2,2歳未勝利,15,5,9,298.3,13.0,11,柴田善臣,55.0,ダ,1600.0,良,102.0,3.4,15-15,38.2,494.0,-2.0,アンディラメナ,
2023102953,サンクスアミリオン,2025/10/04,4東京1,曇,1,2歳未勝利,16,8,15,234.4,12.0,13,江田照男,55.0,ダ,1600.0,良,104.0,5.1,8-12,41.9,496.0,12.0,テンカムテキ,
2023102953,サンクスアミリオン,2025/07/26,2新潟1,晴,1,2歳未勝利,8,2,2,45.1,8.0,6,江田照男,55.0,ダ,1200.0,良,75.0,2.6,8-8,38.2,484.0,-4.0,セイウンアインス,
2023102953,サンクスアミリオン,2025/06/21,3東京5,晴,6,2歳新馬,16,5,10,194.3,13.0,14,江田照男,55.0,ダ,1400.0,良,89.1,4.0,2-2,40.1,488.0,0.0,ペルセア,
2023107292,ラヴズプレミアム,2026/07/13,名古屋,曇,3,3歳13組,12,5,5,7.1,3.0,5,加藤聡一,57.0,ダ,1500.0,良,100.3,2.3,7-8-6,41.8,425.0,-3.0,ハタノグランクリュ,5.7
2023107292,ラヴズプレミアム,2026/05/23,1新潟7,晴,7,3歳未勝利,16,4,7,60.2,10.0,12,富田暁,57.0,芝,2400.0,稍,150.8,3.1,5-8-9-11,37.9,428.0,-4.0,パーヴォ,
2023107292,ラヴズプレミアム,2026/05/02,3京都3,晴,5,3歳未勝利,13,3,3,37.0,6.0,11,北村友一,57.0,芝,2000.0,良,123.2,1.8,9-10-11-11,34.7,432.0,-4.0,ロードスタニング,
2023107292,ラヴズプレミアム,2026/04/18,1福島3,晴,6,3歳未勝利,15,3,4,18.7,7.0,9,富田暁,57.0,芝,2600.0,良,164.2,1.5,5-5-10-11,35.2,436.0,12.0,バルドル,
2023107292,ラヴズプレミアム,2025/11/30,5東京8,晴,6,2歳新馬,12,3,3,7.9,5.0,10,川田将雅,56.0,芝,1800.0,良,109.1,2.1,5-5-6,34.9,424.0,0.0,ゴーラッキー,
2023104592,スケダチムヨウ,2026/07/17,名古屋,晴,1,名古屋モーニングフィ(3歳),12,4,4,294.0,12.0,9,加藤誓二,57.0,ダ,1500.0,良,100.3,2.4,12-11-9,41.9,436.0,-4.0,ゴッドシュアウイン,
2023104592,スケダチムヨウ,2026/07/03,名古屋,晴,2,アジア・アジアパラ応(3歳),12,5,5,244.8,12.0,7,加藤誓二,57.0,ダ,1500.0,重,99.4,1.4,8-9-10,41.2,440.0,2.0,クリコメリー,
2023104592,スケダチムヨウ,2026/06/18,名古屋,晴,2,3歳10組,11,2,2,367.7,11.0,8,阪野学,57.0,ダ,1500.0,良,99.8,3.9,7-5-6,42.0,438.0,4.0,ベベペッパー,
2023104592,スケダチムヨウ,2026/05/22,名古屋,曇,2,3歳8組,10,7,9,93.9,10.0,8,阪野学,57.0,ダ,1400.0,重,93.1,3.1,3-3-6,42.0,434.0,-3.0,マイネルモンブラン,
2023104592,スケダチムヨウ,2026/05/04,名古屋,晴,1,グランプリDAYオー(3歳),9,6,6,8.2,2.0,3,渡辺竜也,57.0,ダ,920.0,不,58.1,0.7,3,37.3,437.0,-6.0,シゴデキ,12.0
2023104592,スケダチムヨウ,2026/04/20,名古屋,晴,2,3歳7組,11,5,6,50.6,8.0,7,渡辺竜也,57.0,ダ,1500.0,良,101.7,3.6,1-1-4,43.7,443.0,-6.0,ビップレグルス,
2023104592,スケダチムヨウ,2026/04/08,名古屋,晴,1,3歳6組,12,8,11,53.6,10.0,9,渡辺竜也,57.0,ダ,1500.0,稍,100.2,2.9,8-8-8,41.3,449.0,7.0,ベアフォースワン,
2023104592,スケダチムヨウ,2026/02/28,2中山1,晴,4,3歳未勝利,12,6,8,293.8,11.0,12,野中悠太,57.0,ダ,1800.0,重,122.3,7.5,9-9-10-11,45.6,442.0,3.0,インディヴァイン,
2023104592,スケダチムヨウ,2026/02/18,姫路,晴,10,JRA交流鉢伏山特別,11,8,12,20.0,8.0,10,長浜鴻緒,55.0,ダ,1500.0,良,105.3,4.2,8-9-10-11,44.8,439.0,-11.0,シビックアスコット,
2023104592,スケダチムヨウ,2025/12/28,5中山8,晴,1,2歳未勝利,16,1,1,248.5,15.0,16,野中悠太,56.0,ダ,1200.0,良,75.7,2.6,13-13,40.1,450.0,-2.0,ピュール,
2023104592,スケダチムヨウ,2025/12/06,5中山1,晴,6,2歳新馬,16,3,6,91.6,14.0,11,野中悠太,56.0,ダ,1200.0,良,75.5,2.4,14-12,37.5,452.0,0.0,トワイライトサイト,
2023103206,ミディエイター,2026/07/17,名古屋,晴,2,アジア・アジアパラ応(3歳),12,2,2,594.5,11.0,7,加藤誓二,57.0,ダ,1500.0,良,100.1,2.0,1-1-3,42.7,458.0,-8.0,ゴーゴーマンゴー,
2023103206,ミディエイター,2026/07/03,名古屋,晴,5,白雲賞(3歳),12,8,12,171.8,11.0,11,加藤誓二,57.0,ダ,1700.0,重,114.7,2.8,10-10-10,41.3,466.0,-2.0,ニキータ,
2023103206,ミディエイター,2026/06/18,名古屋,晴,3,3歳9組,12,4,4,207.8,11.0,10,加藤利征,57.0,ダ,1500.0,良,100.7,4.4,7-8-9,42.4,468.0,9.0,カゲムシャ,
2023103206,ミディエイター,2026/06/03,名古屋,晴,4,3歳7組,12,2,2,181.6,11.0,10,加藤利征,57.0,ダ,1500.0,重,101.5,5.7,10-11-11,42.7,459.0,-4.0,ノーブルトレジャー,
2023103206,ミディエイター,2026/03/02,名古屋,晴,5,3歳5組,11,6,7,11.4,4.0,4,友森翔太,57.0,ダ,1500.0,良,99.9,1.9,8-7-6,40.0,463.0,-2.0,フォールティア,8.7
2023103206,ミディエイター,2026/02/10,名古屋,晴,2,3歳5組,12,7,10,54.9,9.0,5,友森翔太,57.0,ダ,1400.0,良,92.2,2.0,10-9-7,39.8,465.0,9.0,ハンドフル,5.8
2023103206,ミディエイター,2025/12/28,5阪神8,晴,1,2歳未勝利,13,6,9,25.6,7.0,13,吉村誠之,56.0,ダ,1800.0,良,120.4,5.1,7-8-7-8,42.6,456.0,6.0,ミヤジオズ,
2023103206,ミディエイター,2025/09/28,4阪神9,晴,4,2歳新馬,9,5,5,75.9,8.0,9,吉村誠之,54.0,ダ,1800.0,良,121.0,6.2,5-5-7-9,42.2,450.0,0.0,ジュウリョクピエロ,
2023106599,ラブミーアゲイン,2026/07/17,名古屋,晴,1,名古屋モーニングフィ(3歳),12,5,5,2.1,1.0,5,望月洵輝,55.0,ダ,1500.0,良,99.0,1.1,9-5-3,41.2,419.0,-9.0,ゴッドシュアウイン,5.7
2023106599,ラブミーアゲイン,2026/06/30,名古屋,曇,4,3歳10組,12,6,8,11.7,4.0,5,木之前葵,53.0,ダ,1500.0,稍,97.4,1.4,4-5-4,39.6,428.0,6.0,キングオブストーム,6.0
2023106599,ラブミーアゲイン,2026/05/24,1新潟8,曇,3,3歳未勝利,10,8,9,120.1,8.0,8,嶋田純次,55.0,ダ,1800.0,稍,118.5,4.2,8-8-9-9,42.2,422.0,0.0,アイビーチーキー,
2023106599,ラブミーアゲイン,2026/05/16,1新潟5,晴,6,3歳未勝利,16,6,12,107.5,12.0,9,嶋田純次,55.0,芝,1000.0,良,56.3,1.4,11,33.2,422.0,2.0,アカウフリューゲル,
2023106599,ラブミーアゲイン,2025/11/01,4東京10,晴,2,2歳未勝利,12,2,2,326.1,12.0,12,嶋田純次,55.0,芝,1400.0,稍,84.7,1.2,3-4,34.9,420.0,0.0,モルニケ,
2023106599,ラブミーアゲイン,2025/10/26,4東京9,小雨,6,2歳新馬,18,6,12,100.7,15.0,18,遠藤汰月,52.0,芝,1400.0,稍,85.8,2.5,14-15,35.7,420.0,0.0,エゴンウレア,
2023106813,リリーボレア,2026/07/13,名古屋,曇,3,3歳13組,12,3,3,12.7,4.0,3,小笠原羚,52.0,ダ,1500.0,良,98.2,0.2,7-6-3,39.8,419.0,15.0,ハタノグランクリュ,11.4
2023106813,リリーボレア,2026/06/14,3阪神4,曇,1,3歳未勝利,16,3,6,155.1,13.0,10,国分優作,55.0,ダ,1800.0,良,117.8,1.9,12-15-12-11,39.6,404.0,4.0,アルビオン,
2023106813,リリーボレア,2026/04/25,1福島5,晴,3,3歳未勝利,16,3,6,29.7,9.0,15,小沢大仁,55.0,芝,2000.0,良,122.1,1.5,2-2-2-3,37.8,400.0,0.0,サルワールカミーズ,
2023106813,リリーボレア,2026/02/22,1小倉10,晴,6,3歳未勝利,16,3,6,24.1,8.0,10,小林美駒,52.0,芝,1800.0,良,109.6,1.2,5-5-8-13,36.2,400.0,0.0,ソングオブザバード,
2023106813,リリーボレア,2025/12/20,5阪神5,晴,5,2歳新馬,18,2,3,259.6,17.0,10,泉谷楓真,55.0,芝,1600.0,良,96.0,0.5,9-10,33.8,400.0,0.0,スピナーリート,
2023100909,テイスティング,2026/07/17,名古屋,晴,1,名古屋モーニングフィ(3歳),12,6,8,5.8,3.0,11,今井貴大,57.0,ダ,1500.0,良,101.0,3.1,10-11-11,42.6,485.0,2.0,ゴッドシュアウイン,
2023100909,テイスティング,2026/06/16,名古屋,曇,3,3歳13組,11,8,11,2.8,1.0,3,今井貴大,57.0,ダ,1500.0,良,99.0,0.4,5-4-3,41.1,483.0,5.0,キーサーバー,12.0
2023100909,テイスティング,2026/04/18,2阪神7,晴,4,3歳未勝利,18,4,7,442.2,17.0,17,川端海翼,54.0,芝,1800.0,良,108.3,2.5,17-17,35.6,478.0,2.0,ダノンテムズ,
2023100909,テイスティング,2026/03/29,1中京6,晴,5,3歳未勝利,16,8,16,181.6,13.0,16,古川奈穂,55.0,芝,2000.0,良,124.8,2.4,3-3-3-3,36.5,476.0,12.0,エンジョイドアスク,
2023100909,テイスティング,2026/01/24,1京都8,晴,6,3歳未勝利,17,1,2,581.8,17.0,12,川端海翼,54.0,芝,1400.0,良,83.5,1.5,11-11,35.9,464.0,6.0,メルメラーダ,
2023100909,テイスティング,2026/01/11,1京都4,晴,12,3歳未勝利,18,6,11,288.1,17.0,14,古川奈穂,54.0,芝,1800.0,良,111.1,1.9,9-7,36.0,458.0,-6.0,ナリタエスペランサ,
2023100909,テイスティング,2025/12/20,5中京5,曇,5,2歳未勝利,18,2,4,152.0,13.0,14,古川奈穂,53.0,芝,2000.0,稍,124.1,1.6,2-2-2-2,36.9,464.0,-6.0,ロードメルヴェイユ,
2023100909,テイスティング,2025/11/08,4京都1,晴,4,2歳未勝利,12,6,7,138.0,10.0,11,古川奈穂,53.0,ダ,1800.0,良,118.4,4.7,4-4-4-8,42.0,470.0,-2.0,ジャスティンルマン,
2023100909,テイスティング,2025/11/01,3京都10,晴,3,2歳未勝利,8,7,7,64.5,6.0,6,古川奈穂,53.0,芝,1800.0,稍,111.0,1.6,4-3,35.6,472.0,-2.0,フォルナックス,
2023100909,テイスティング,2025/10/19,4東京7,雨,4,2歳新馬,16,3,5,97.9,13.0,12,菅原隆一,56.0,ダ,1600.0,良,103.4,3.8,3-3,40.0,474.0,0.0,ラッキーキッド,
2023103094,イヌボウノサザナミ,2026/07/17,名古屋,晴,2,アジア・アジアパラ応(3歳),12,5,6,226.1,9.0,9,丸野勝虎,55.0,ダ,1500.0,良,100.4,2.3,8-8-8,41.4,412.0,-2.0,ゴーゴーマンゴー,
2023103094,イヌボウノサザナミ,2026/07/03,名古屋,晴,5,白雲賞(3歳),12,8,11,93.9,8.0,10,丹羽克輝,55.0,ダ,1700.0,重,114.7,2.8,9-8-7,41.7,414.0,3.0,ニキータ,
2023103094,イヌボウノサザナミ,2026/06/18,名古屋,晴,3,3歳9組,12,3,3,113.8,9.0,8,丹羽克輝,55.0,ダ,1500.0,良,99.9,3.6,6-6-5,42.0,411.0,-3.0,カゲムシャ,
2023103094,イヌボウノサザナミ,2026/06/03,名古屋,晴,3,3歳8組,12,5,5,87.8,11.0,3,丹羽克輝,55.0,ダ,1400.0,重,93.0,1.0,5-6-3,41.2,414.0,-1.0,スージーハルワ,12.0
2023103094,イヌボウノサザナミ,2026/05/19,名古屋,晴,3,3歳11組,9,5,5,3.3,2.0,5,丹羽克輝,55.0,ダ,1400.0,良,93.6,1.1,4-5-5,41.1,415.0,-2.0,プラウドブルーベル,6.0
2023103094,イヌボウノサザナミ,2026/05/04,名古屋,曇,3,3歳11組,10,1,1,20.6,5.0,6,塚本征吾,55.0,ダ,1500.0,不,100.8,2.3,7-6-7,41.3,417.0,-3.0,キタサンフジヤマ,
2023103094,イヌボウノサザナミ,2026/04/08,名古屋,晴,1,3歳6組,12,6,8,80.2,11.0,8,丹羽克輝,55.0,ダ,1500.0,稍,99.6,2.3,10-10-10,40.2,420.0,4.0,ベアフォースワン,
2023103094,イヌボウノサザナミ,2026/03/01,2中山2,晴,1,3歳未勝利,16,6,11,331.0,16.0,15,石川裕紀,55.0,ダ,1800.0,稍,122.8,7.6,15-16-16-15,44.4,416.0,6.0,ピュアエンブレム,
2023103094,イヌボウノサザナミ,2026/02/14,2京都5,晴,6,3歳未勝利,17,1,2,506.6,16.0,16,菱田裕二,55.0,芝,1800.0,良,110.3,3.6,17-17,36.6,410.0,-2.0,ブラックシャリマー,
2023103094,イヌボウノサザナミ,2026/01/05,1中山2,晴,5,3歳新馬,16,1,2,40.7,7.0,11,菊沢一樹,55.0,芝,1600.0,良,97.3,2.0,7-10-11,36.4,412.0,0.0,デイトナチャンプ,
2023102552,コンプレックス,2026/07/17,名古屋,晴,2,アジア・アジアパラ応(3歳),12,3,3,70.7,6.0,8,丹羽克輝,55.0,ダ,1500.0,良,100.1,2.0,6-7-7,41.9,439.0,-3.0,ゴーゴーマンゴー,
2023102552,コンプレックス,2026/07/03,名古屋,晴,2,アジア・アジアパラ応(3歳),12,6,8,43.2,7.0,5,丹羽克輝,55.0,ダ,1500.0,重,98.7,0.7,5-5-4,41.1,442.0,-5.0,クリコメリー,6.0
2023102552,コンプレックス,2026/06/18,名古屋,晴,1,3歳11組,11,7,9,161.0,10.0,5,丹羽克輝,55.0,ダ,1500.0,良,99.0,1.6,6-7-5,39.8,447.0,0.0,トンデトンデトンデ,6.0
2023102552,コンプレックス,2026/06/03,名古屋,曇,2,3歳9組,12,6,7,163.3,11.0,10,丹羽克輝,55.0,ダ,1500.0,重,99.5,2.2,8-9-10,41.5,447.0,-3.0,ウインモアナ,
2023102552,コンプレックス,2026/05/19,名古屋,晴,1,3歳12組,10,7,7,28.1,4.0,5,丹羽克輝,55.0,ダ,920.0,良,58.4,1.9,3,38.0,450.0,-3.0,ルナヴィーナス,6.0
2023102552,コンプレックス,2026/05/04,名古屋,晴,1,グランプリDAYオー(3歳),9,1,1,8.3,3.0,6,丹羽克輝,55.0,ダ,920.0,不,59.0,1.6,6,37.9,453.0,3.0,シゴデキ,
2023102552,コンプレックス,2026/04/07,名古屋,曇,1,3歳8組,11,2,2,9.2,3.0,4,丹羽克輝,55.0,ダ,920.0,重,58.7,1.0,5,38.1,450.0,8.0,チョコレートケーキ,9.0
2023102552,コンプレックス,2026/03/18,園田,曇,4,美味しくて×5奈良の(C2),12,7,9,12.7,6.0,8,杉浦健太,55.0,ダ,1400.0,良,94.3,2.3,1-1-1-3,41.7,442.0,-5.0,アラン,
2023102552,コンプレックス,2026/02/27,姫路,曇,4,那波7ハロン3歳C2,12,3,3,20.4,4.0,5,杉浦健太,55.0,ダ,1400.0,稍,98.3,1.1,3-3-5-4,42.5,447.0,-3.0,スカイノハル,6.0
2023102552,コンプレックス,2026/02/03,姫路,晴,2,3歳C2,7,1,1,2.8,3.0,2,杉浦健太,55.0,ダ,1500.0,良,105.2,0.1,1-1-1-1,41.6,450.0,2.0,エイシンシギー,24.0
2023102552,コンプレックス,2026/01/15,園田,晴,2,3歳C2,11,5,5,13.5,5.0,5,大柿一真,55.0,ダ,1400.0,良,94.4,1.1,6-6-6-7,40.4,448.0,7.0,セレナリス,6.0
2023102552,コンプレックス,2025/12/25,園田,雨,3,2歳未勝利二,10,2,2,19.0,6.0,5,大柿一真,54.0,ダ,1230.0,不,83.3,1.7,10-8-7-6,41.1,441.0,3.0,ヨシノアヴァンセ,12.0
2023102552,コンプレックス,2025/12/04,園田,晴,3,2歳未勝利二,12,2,2,12.0,5.0,9,大柿一真,54.0,ダ,820.0,良,53.3,1.7,9-8,38.3,438.0,-14.0,ユナモンスター,
2023102552,コンプレックス,2025/05/29,門別,晴,5,JRA認定競走フレッ(新馬)(2歳),9,4,4,40.3,5.0,4,小野楓馬,55.0,ダ,1000.0,良,64.6,1.7,6-5,38.9,452.0,0.0,ベラジオエンペラー,35.0
2023103675,アルメーリス,2026/07/13,名古屋,曇,2,3歳14組,12,6,7,3.4,3.0,2,塚本征吾,57.0,ダ,1500.0,良,99.6,0.2,5-5-5,40.8,545.0,1.0,フローラルウェイ,20.0
2023103675,アルメーリス,2026/06/30,名古屋,曇,3,3歳11組,12,5,5,51.5,9.0,7,丸野勝虎,57.0,ダ,1500.0,稍,98.9,1.6,6-8-9,40.3,544.0,4.0,ブルースプレイヤー,
2023103675,アルメーリス,2026/05/23,3京都9,曇,2,3歳未勝利,14,4,6,145.8,11.0,12,斎藤新,57.0,ダ,1800.0,稍,118.0,3.8,11-13-13-13,40.2,540.0,-6.0,フォーオール,
2023103675,アルメーリス,2026/03/21,1阪神9,晴,3,3歳未勝利,10,1,1,145.0,7.0,9,田口貫太,57.0,ダ,2000.0,稍,131.7,4.4,7-9-9-7,40.6,546.0,6.0,クラッチスラッガー,
2023103675,アルメーリス,2026/01/10,1中山3,晴,5,3歳新馬,15,8,15,88.0,11.0,15,荻野極,57.0,芝,2000.0,良,129.4,7.2,14-14-14-14,37.6,540.0,0.0,ランザワールド,
2023107537,グリュック,2026/07/17,名古屋,晴,2,アジア・アジアパラ応(3歳),12,1,1,11.5,3.0,10,大畑雅章,57.0,ダ,1500.0,良,100.8,2.7,2-2-5,43.3,502.0,5.0,ゴーゴーマンゴー,
2023107537,グリュック,2026/06/18,名古屋,晴,1,3歳11組,11,6,6,6.9,4.0,4,加藤利征,57.0,ダ,1500.0,良,98.5,1.1,7-5-5,39.5,497.0,-3.0,トンデトンデトンデ,9.0
2023107537,グリュック,2026/06/03,名古屋,曇,2,3歳9組,12,5,6,10.0,5.0,5,加藤利征,57.0,ダ,1500.0,重,98.1,0.8,7-6-6,40.6,500.0,-12.0,ウインモアナ,6.0
2023107537,グリュック,2026/04/25,2東京1,曇,2,3歳未勝利,16,4,8,355.7,15.0,14,長浜鴻緒,55.0,ダ,1400.0,稍,88.3,2.7,6-8,39.0,512.0,2.0,カフェシューター,
2023107537,グリュック,2026/04/05,3中山4,曇,2,3歳未勝利,16,1,2,139.4,14.0,10,石神深道,54.0,ダ,1200.0,不,72.9,1.8,11-10,37.5,510.0,-4.0,ラインジーク,
2023107537,グリュック,2026/02/07,1東京3,曇,3,3歳未勝利,16,8,16,95.2,9.0,14,長浜鴻緒,55.0,ダ,1600.0,良,102.8,3.3,11-12,39.4,514.0,6.0,フクシマブリルハム,
2023107537,グリュック,2025/11/30,5東京8,晴,1,2歳未勝利,16,8,15,200.5,14.0,11,石神深道,53.0,ダ,1400.0,良,88.3,1.5,16-15,38.0,508.0,-4.0,ヒナノムサシ,
2023107537,グリュック,2025/11/08,5東京1,晴,4,2歳新馬,14,4,8,4.5,2.0,8,佐々木大,56.0,ダ,1300.0,良,82.8,2.5,3-3,38.6,512.0,0.0,プールナバドラ,
2023102281,フクスケ,2026/07/13,名古屋,曇,4,3歳12組,12,5,5,1.4,1.0,3,塚本征吾,57.0,ダ,1500.0,良,99.9,1.3,1-3-4,41.5,469.0,23.0,アウトリュコス,11.4
2023102281,フクスケ,2026/05/30,2東京11,晴,3,3歳未勝利,18,3,5,251.2,14.0,12,木幡育也,57.0,芝,1400.0,良,82.1,1.1,6-7,34.9,446.0,2.0,ワディアルリヤハ,
2023102281,フクスケ,2026/05/10,2東京6,晴,3,3歳未勝利,18,6,11,131.0,12.0,11,松若風馬,57.0,芝,1600.0,良,95.4,0.8,12-13,34.1,444.0,0.0,アイアンクラッド,
2023102281,フクスケ,2026/04/19,3中山8,晴,5,3歳1勝クラス,10,1,1,266.2,9.0,7,木幡初也,57.0,芝,1600.0,良,94.6,1.6,4-6-7,35.2,444.0,2.0,マーゴットブロー,
2023102281,フクスケ,2026/04/05,3中山4,晴,5,3歳未勝利,16,3,6,312.5,16.0,13,木幡育也,57.0,芝,2000.0,重,125.7,3.5,5-5-8-10,39.2,442.0,-4.0,コスモナエマ,
2023102281,フクスケ,2026/03/22,2中山8,晴,7,3歳1勝クラス,8,5,5,246.0,8.0,8,木幡育也,57.0,芝,2000.0,良,122.3,3.2,8-8-8-8,37.0,446.0,-6.0,ラディアントスター,
2023102281,フクスケ,2026/03/08,2中山4,晴,5,3歳未勝利,16,4,8,487.5,16.0,14,木幡育也,57.0,芝,1800.0,良,110.5,3.5,8-8-8-7,38.8,452.0,0.0,ラベルセーヌ,
2023102281,フクスケ,2025/12/20,5中山5,小雨,3,2歳未勝利,16,4,8,397.7,16.0,15,木幡巧也,56.0,芝,1800.0,良,109.8,2.2,9-9-9-9,36.1,452.0,2.0,ミスターライト,
2023102281,フクスケ,2025/10/18,4東京6,晴,1,2歳未勝利,11,2,2,71.7,8.0,11,木幡巧也,56.0,ダ,1600.0,良,105.5,7.0,3-4,44.0,450.0,-6.0,サンデーパーティー,
2023102281,フクスケ,2025/09/28,4中山9,晴,5,2歳新馬,17,3,5,179.5,16.0,9,木幡巧也,55.0,芝,2000.0,良,122.3,1.1,5-5-5-4,35.5,456.0,0.0,エピックフライト,
2023101461,アウラニ,2026/07/13,名古屋,曇,3,3歳13組,12,7,9,3.5,2.0,2,山田祥雄,55.0,ダ,1500.0,良,98.1,0.1,2-2-2,40.5,454.0,18.0,ハタノグランクリュ,20.0
2023101461,アウラニ,2026/06/20,3阪神5,曇,3,3歳未勝利,16,3,5,114.8,12.0,12,高倉稜,55.0,ダ,1800.0,稍,117.0,2.2,1-1-1-1,43.0,436.0,-4.0,マクノス,
2023101461,アウラニ,2026/05/30,3京都11,晴,4,3歳未勝利,18,8,16,134.6,12.0,13,高倉稜,55.0,芝,2400.0,良,147.6,2.3,2-2-3-4,37.0,440.0,-2.0,シートゥサミット,
2023101461,アウラニ,2026/05/16,3京都7,晴,4,3歳未勝利,10,4,4,34.0,8.0,6,高倉稜,55.0,芝,2400.0,良,146.4,0.7,1-1-1-1,35.7,442.0,4.0,サトノビダーヤ,
2023101461,アウラニ,2026/03/28,1中京5,晴,5,3歳未勝利,15,4,6,44.8,11.0,10,富田暁,55.0,芝,2200.0,良,134.2,1.0,8-9-9-9,36.0,438.0,0.0,マイバレンタイン,
2023101461,アウラニ,2026/03/14,1中京1,晴,1,3歳未勝利,10,7,7,10.8,5.0,6,ディー,55.0,ダ,1800.0,良,117.0,2.0,10-10-8-7,39.5,438.0,0.0,ヴェールミューズ,
2023105877,ウインファイネスト,2026/07/13,名古屋,曇,4,3歳12組,12,3,3,8.7,2.0,2,友森翔太,57.0,ダ,1500.0,良,99.6,1.0,6-5-5,40.9,489.0,5.0,アウトリュコス,20.0
2023105877,ウインファイネスト,2026/06/06,3東京1,晴,6,3歳未勝利,16,7,14,76.3,14.0,15,ゴンサル,57.0,ダ,1600.0,良,101.5,3.4,3-6,40.6,484.0,0.0,ポッドジーク,
2023105877,ウインファイネスト,2026/05/16,1新潟5,晴,5,3歳未勝利,16,8,16,127.7,15.0,13,長浜鴻緒,56.0,芝,1800.0,良,109.9,1.8,6-7,35.2,484.0,0.0,アナザーフェイス,
2023105877,ウインファイネスト,2026/03/22,1中京4,晴,4,3歳未勝利,15,2,2,64.4,10.0,11,舟山瑠泉,54.0,芝,2000.0,良,122.0,1.7,6-5-6-5,36.9,484.0,0.0,ロザーンジュ,
2023102152,クイーンオブハート,2026/07/17,名古屋,晴,3,きょうかちゃん生誕記(3歳),12,5,5,67.8,8.0,9,加藤聡一,55.0,ダ,1500.0,良,99.3,2.6,1-3-4,42.2,380.0,3.0,インサラータ,
2023102152,クイーンオブハート,2026/06/30,名古屋,曇,2,3歳12組,12,6,7,34.6,7.0,2,加藤聡一,55.0,ダ,1500.0,稍,98.1,0.7,1-1-1,40.5,377.0,-1.0,ベイビーメイビー,21.0
2023102152,クイーンオブハート,2026/06/16,名古屋,曇,3,3歳13組,11,3,3,48.4,10.0,9,加藤聡一,55.0,ダ,1500.0,良,99.9,1.3,1-1-1,42.6,378.0,10.0,キーサーバー,
2023102152,クイーンオブハート,2026/05/16,2東京7,晴,2,3歳未勝利,16,4,8,475.9,15.0,14,木幡初也,55.0,ダ,1600.0,良,102.8,3.4,5-6,39.8,368.0,0.0,ターフクリスタル,
2023102152,クイーンオブハート,2026/05/03,1新潟2,晴,2,3歳未勝利,15,3,4,293.1,14.0,12,河原田菜,51.0,ダ,1200.0,稍,75.3,2.7,5-5,39.9,368.0,-16.0,エコロボルト,
2023102152,クイーンオブハート,2026/02/10,高知,曇,2,足摺盃(3歳),12,6,7,35.1,7.0,12,宮川実,53.0,ダ,1400.0,良,97.6,4.1,6-6-7-9,43.8,384.0,6.0,フェミナンジェンヌ,
2023102152,クイーンオブハート,2025/11/01,4東京10,晴,2,2歳未勝利,12,8,12,187.3,9.0,11,野中悠太,55.0,芝,1400.0,稍,84.6,1.1,9-9,34.4,378.0,2.0,モルニケ,
2023102152,クイーンオブハート,2025/10/11,4東京3,雨,1,2歳未勝利,10,5,5,203.6,9.0,10,長浜鴻緒,53.0,芝,1600.0,良,97.8,1.9,3-5,35.9,376.0,-2.0,ルージュブリッツ,
2023102152,クイーンオブハート,2025/09/15,4中山5,曇,1,2歳未勝利,16,1,2,44.5,9.0,9,今村聖奈,53.0,ダ,1200.0,良,74.8,1.5,12-11,39.8,378.0,-6.0,トップマジシャン,
2023102152,クイーンオブハート,2025/08/17,2新潟8,晴,3,2歳未勝利,11,7,8,123.8,8.0,10,今村聖奈,53.0,芝,1600.0,良,97.5,1.7,1-1,36.5,384.0,-4.0,アルバンヌ,
2023102152,クイーンオブハート,2025/08/03,2新潟4,晴,4,2歳新馬,13,4,5,141.6,12.0,7,石田拓郎,52.0,芝,1600.0,良,96.6,1.7,12-12,34.5,388.0,0.0,プロメサアルムンド,
2023107176,ポプリーニ,2026/07/03,名古屋,晴,5,白雲賞(3歳),12,1,1,158.9,10.0,3,友森翔太,55.0,ダ,1700.0,重,112.9,1.0,7-6-5,40.3,386.0,5.0,ニキータ,12.0
2023107176,ポプリーニ,2026/06/18,名古屋,晴,2,3歳10組,11,1,1,18.1,4.0,5,望月洵輝,55.0,ダ,1500.0,良,98.0,2.1,4-3-4,40.3,381.0,1.0,ベベペッパー,6.0
2023107176,ポプリーニ,2026/06/03,名古屋,晴,3,3歳8組,12,2,2,119.5,12.0,8,丸山真一,55.0,ダ,1400.0,重,93.7,1.7,8-9-8,41.6,380.0,-3.0,スージーハルワ,
2023107176,ポプリーニ,2026/05/19,名古屋,晴,3,3歳11組,9,6,7,74.4,7.0,4,友森翔太,55.0,ダ,1400.0,良,93.5,1.0,7-6-6,40.4,383.0,-1.0,プラウドブルーベル,9.0
2023107176,ポプリーニ,2026/05/04,名古屋,曇,3,3歳11組,10,8,10,58.9,7.0,9,大畑慧悟,55.0,ダ,1500.0,不,102.7,4.2,6-6-9,43.2,384.0,10.0,キタサンフジヤマ,
2023107176,ポプリーニ,2026/03/24,金沢,晴,7,能登千里浜賞(未勝利)(3歳),10,7,8,41.6,8.0,9,鷲頭虎太,53.0,ダ,1500.0,稍,107.8,7.9,9-9-10-9,46.9,374.0,-8.0,ナムラティアラ,
2023107176,ポプリーニ,2026/01/25,1小倉2,晴,1,3歳未勝利,16,5,9,224.9,13.0,13,和田陽希,52.0,ダ,1700.0,良,111.4,3.1,14-15-15-15,40.2,382.0,0.0,ドウカキミニトドケ,
2023107176,ポプリーニ,2025/11/24,3福島6,晴,5,2歳新馬,16,2,4,76.8,12.0,12,鷲頭虎太,53.0,芝,1800.0,良,111.9,1.3,9-9-9-7,34.9,382.0,0.0,ファンクション,
2023106306,ブロンディ,2026/07/17,名古屋,晴,1,名古屋モーニングフィ(3歳),12,7,9,48.6,9.0,4,大畑慧悟,55.0,ダ,1500.0,良,98.6,0.7,1-1-2,41.2,440.0,6.0,ゴッドシュアウイン,8.6
2023106306,ブロンディ,2026/07/03,名古屋,晴,5,白雲賞(3歳),12,4,4,29.0,6.0,8,大畑慧悟,55.0,ダ,1700.0,重,114.6,2.7,6-8-9,41.6,434.0,3.0,ニキータ,
2023106306,ブロンディ,2026/06/05,名古屋,曇,3,3歳10組,12,5,5,12.2,6.0,3,大畑慧悟,55.0,ダ,1500.0,稍,98.6,1.0,1-1-1,40.8,431.0,9.0,ノーチェ,12.0
2023106306,ブロンディ,2026/04/26,1福島6,晴,1,3歳未勝利,16,5,9,218.0,15.0,11,古川奈穂,53.0,ダ,1150.0,良,72.1,3.4,12-12,38.0,422.0,-6.0,モズオウンゴール,
2023106306,ブロンディ,2026/01/25,1小倉2,晴,5,3歳新馬,18,2,3,27.0,8.0,15,柴田裕一,53.0,芝,1200.0,良,70.8,2.4,3-4,36.3,428.0,0.0,エンプレスケー,
2023104924,バッカス,2026/07/17,名古屋,晴,3,きょうかちゃん生誕記(3歳),12,2,2,66.1,7.0,8,大畑雅章,57.0,ダ,1500.0,良,99.2,2.5,12-11-11,41.1,465.0,-4.0,インサラータ,
2023104924,バッカス,2026/07/03,名古屋,晴,2,アジア・アジアパラ応(3歳),12,8,11,3.5,3.0,4,小笠原羚,54.0,ダ,1500.0,重,98.5,0.5,8-6-4,40.7,469.0,2.0,クリコメリー,9.0
2023104924,バッカス,2026/06/16,名古屋,曇,2,3歳14組,10,7,7,22.3,6.0,3,小笠原羚,54.0,ダ,1500.0,良,98.5,1.3,10-9-7,39.1,467.0,-5.0,モメンタムシフト,12.0
2023104924,バッカス,2026/06/05,名古屋,曇,3,3歳10組,12,8,11,13.6,7.0,中,渡辺竜也,54.0,ダ,1500.0,稍,,,10,,472.0,2.0,ノーチェ,
2023104924,バッカス,2026/04/25,1福島5,晴,2,3歳未勝利,16,8,15,156.9,13.0,16,斎藤新,57.0,芝,1200.0,良,76.0,7.3,16-16,39.2,470.0,2.0,フィラーエ,
2023104924,バッカス,2026/01/10,1京都3,晴,3,3歳新馬,16,8,16,56.8,12.0,14,吉村誠之,57.0,ダ,1400.0,良,89.6,4.4,15-15,39.1,468.0,0.0,ビービークローサー,
2023106124,センリョウヤクシャ,2026/06/17,名古屋,晴,10,名古屋CCピーチ賞(3歳),12,2,2,9.8,6.0,11,今井貴大,57.0,ダ,1500.0,良,98.0,2.2,2-2-6,41.3,447.0,-5.0,ブルームザスマイル,
2023106124,センリョウヤクシャ,2026/04/25,3京都1,晴,2,3歳未勝利,16,4,7,232.4,12.0,6,幸英明,57.0,ダ,1400.0,稍,86.3,1.6,13-10,37.8,452.0,0.0,リアライズブライト,
2023106124,センリョウヤクシャ,2026/02/15,2京都6,曇,3,3歳未勝利,16,3,6,186.0,12.0,14,永島まな,55.0,ダ,1400.0,良,88.3,3.0,11-12,39.1,452.0,0.0,ナルキッソス,
2023106124,センリョウヤクシャ,2026/01/24,1京都8,晴,6,3歳未勝利,17,6,12,139.6,13.0,15,岩田康誠,57.0,芝,1400.0,良,84.1,2.1,14-15,36.1,452.0,-12.0,メルメラーダ,
2023106124,センリョウヤクシャ,2025/12/28,5阪神8,晴,3,2歳未勝利,18,4,8,43.5,10.0,16,酒井学,56.0,芝,1800.0,良,108.7,2.5,2-5,37.2,464.0,-6.0,ストームゲイル,
2023106124,センリョウヤクシャ,2025/12/14,5阪神4,晴,4,2歳新馬,11,8,10,31.4,7.0,5,酒井学,56.0,芝,1400.0,稍,82.8,0.8,10-10,35.3,470.0,0.0,テイエムスティール,75.0
2023103982,マイトグラッド,2026/07/17,名古屋,晴,2,アジア・アジアパラ応(3歳),12,8,12,13.6,4.0,4,大畑慧悟,57.0,ダ,1500.0,良,99.0,0.9,6-6-5,41.1,424.0,-2.0,ゴーゴーマンゴー,8.6
2023103982,マイトグラッド,2026/06/06,3阪神1,晴,6,3歳未勝利,16,7,13,613.5,16.0,15,城戸義政,57.0,ダ,1800.0,良,118.3,4.1,12-11-11-15,39.8,426.0,-4.0,メイショウコシュウ,
2023103982,マイトグラッド,2026/05/26,金沢,曇,6,加賀医王山賞(未勝利)(3歳),7,4,4,15.3,5.0,4,城戸義政,57.0,ダ,1500.0,良,100.4,1.4,5-5-5-5,42.3,430.0,-6.0,グリュイエール,13.0
2023103982,マイトグラッド,2025/12/13,5中京3,曇,1,2歳未勝利,14,5,8,538.6,13.0,12,菅原明良,56.0,ダ,1800.0,良,118.0,2.6,3-3-3-3,39.9,436.0,-2.0,インシオン,
2023103982,マイトグラッド,2025/11/29,4京都7,晴,1,2歳未勝利,14,7,11,543.1,13.0,12,城戸義政,56.0,ダ,1400.0,良,87.9,2.2,10-11,39.2,438.0,-2.0,ラッキーバック,
2023103982,マイトグラッド,2025/11/15,4京都3,晴,6,2歳新馬,16,2,3,78.1,10.0,10,城戸義政,56.0,ダ,1200.0,良,74.5,2.2,14-13,37.2,440.0,0.0,プリンセスモコ,
2023106729,ターコイズテソーロ,2026/07/17,名古屋,晴,3,きょうかちゃん生誕記(3歳),12,1,1,352.6,11.0,12,細川智史,55.0,ダ,1500.0,良,101.7,5.0,5-7-12,44.1,439.0,4.0,インサラータ,
2023106729,ターコイズテソーロ,2026/06/18,名古屋,晴,3,3歳9組,12,5,6,69.7,6.0,5,丸野勝虎,55.0,ダ,1500.0,良,99.6,3.3,1-3-4,42.1,435.0,-11.0,カゲムシャ,6.0
2023106729,ターコイズテソーロ,2026/04/12,佐賀,曇,1,3歳ー8組,12,7,9,22.7,5.0,6,長谷川蓮,54.0,ダ,1300.0,稍,86.3,2.2,4-4-3-4,40.0,446.0,5.0,クイーンサーガ,
2023106729,ターコイズテソーロ,2026/03/28,佐賀,晴,11,SAGAリベンジャー(3歳),11,7,8,3.5,2.0,8,長谷川蓮,54.0,ダ,1400.0,稍,94.4,1.5,2-2-2-4,42.2,441.0,2.0,ヴァンクールナイト,
2023106729,ターコイズテソーロ,2026/03/14,佐賀,晴,12,SAGAリベンジャー(3歳),10,7,8,2.6,2.0,2,長谷川蓮,53.0,ダ,1400.0,良,93.6,0.2,2-2-2-2,41.9,439.0,1.0,トール,14.4
2023106729,ターコイズテソーロ,2026/01/12,1中山5,晴,1,3歳未勝利,16,1,1,360.7,15.0,13,大久保友,52.0,ダ,1200.0,良,75.3,2.5,12-12,39.1,438.0,0.0,アイスメルティング,
2023106729,ターコイズテソーロ,2025/12/21,5中京6,雨,4,2歳未勝利,17,1,2,594.4,17.0,16,大久保友,52.0,芝,1400.0,稍,84.1,2.2,16-15,35.7,438.0,-2.0,テルヴィセクス,
2023106729,ターコイズテソーロ,2025/10/19,4新潟2,曇,5,2歳新馬,18,1,1,36.1,10.0,12,吉田隼人,55.0,芝,1400.0,稍,85.0,1.3,8-7,36.5,440.0,0.0,ヘルモソブレード,
2023106396,トモロウィンアスク,2026/07/17,名古屋,晴,3,きょうかちゃん生誕記(3歳),12,4,4,165.2,10.0,11,大畑慧悟,55.0,ダ,1500.0,良,100.8,4.1,11-11-10,42.7,402.0,-1.0,インサラータ,
2023106396,トモロウィンアスク,2026/07/03,名古屋,晴,2,アジア・アジアパラ応(3歳),12,3,3,65.5,9.0,3,丸野勝虎,55.0,ダ,1500.0,重,98.3,0.3,11-11-9,39.8,403.0,-4.0,クリコメリー,12.0
2023106396,トモロウィンアスク,2026/06/18,名古屋,晴,2,3歳10組,11,3,3,41.2,5.0,6,小笠原羚,52.0,ダ,1500.0,良,99.0,3.1,8-9-6,40.5,407.0,12.0,ベベペッパー,
2023106396,トモロウィンアスク,2026/05/22,名古屋,曇,2,3歳8組,10,6,6,11.4,4.0,6,渡辺竜也,55.0,ダ,1400.0,重,92.6,2.6,3-3-5,41.5,395.0,5.0,マイネルモンブラン,
2023106396,トモロウィンアスク,2026/05/04,名古屋,曇,3,3歳11組,10,3,3,80.0,9.0,3,渡辺竜也,55.0,ダ,1500.0,不,100.0,1.5,8-6-4,40.5,390.0,0.0,キタサンフジヤマ,12.0
2023106396,トモロウィンアスク,2026/04/20,名古屋,晴,2,3歳7組,11,8,11,169.7,10.0,9,大畑慧悟,55.0,ダ,1500.0,良,102.3,4.2,7-9-9,43.2,390.0,-7.0,ビップレグルス,
2023106396,トモロウィンアスク,2026/04/08,名古屋,晴,1,3歳6組,12,8,12,28.3,6.0,10,大畑慧悟,55.0,ダ,1500.0,稍,100.8,3.5,7-7-8,42.5,397.0,3.0,ベアフォースワン,
2023106396,トモロウィンアスク,2026/02/28,2中山1,晴,3,3歳未勝利,16,3,5,247.5,13.0,14,長浜鴻緒,53.0,ダ,1200.0,重,73.8,2.9,12-13,38.4,394.0,8.0,リゾートライン,
2023106396,トモロウィンアスク,2025/12/28,5中山8,晴,3,2歳未勝利,16,8,15,275.7,13.0,15,原優介,55.0,芝,1200.0,良,71.2,2.1,12-11,36.2,386.0,-10.0,ニシノセイドウ,
2023106396,トモロウィンアスク,2025/11/08,5東京1,曇,6,2歳新馬,13,8,12,145.1,12.0,13,長岡禎仁,55.0,芝,1400.0,良,85.1,2.2,13-12,34.8,396.0,0.0,レオアジャイル,
2023104951,オーケーグレイス,2026/07/14,名古屋,晴,1,名古屋モーニングフィ(3歳),12,5,6,196.3,10.0,8,丸山真一,55.0,ダ,1500.0,良,99.9,2.3,10-10-11,41.8,457.0,-1.0,ナムラシンジロー,
2023104951,オーケーグレイス,2026/07/01,名古屋,曇,1,名古屋モーニングフィ(3歳),12,7,10,73.4,7.0,12,加藤聡一,55.0,ダ,1500.0,良,99.8,3.5,12-12-12,41.1,458.0,22.0,グランドタルマエ,
2023104951,オーケーグレイス,2026/05/17,2東京8,晴,1,3歳未勝利,16,8,15,25.1,10.0,15,菅原明良,55.0,ダ,1600.0,良,105.5,6.8,13-16,42.6,436.0,2.0,ミライヘノティアラ,
2023104951,オーケーグレイス,2026/04/25,1福島5,晴,3,3歳未勝利,16,1,1,131.0,12.0,16,横山琉人,55.0,芝,2000.0,良,122.9,2.3,14-14-16-16,36.5,434.0,-10.0,サルワールカミーズ,
2023104951,オーケーグレイス,2026/01/11,1中山4,晴,6,3歳未勝利,17,3,5,200.5,16.0,13,横山琉人,55.0,芝,2200.0,良,135.0,1.2,12-14-16-14,36.0,444.0,14.0,グランアルト,
2023104951,オーケーグレイス,2025/08/17,1札幌8,雨,5,2歳新馬,5,3,3,25.4,5.0,5,鮫島克駿,55.0,芝,1800.0,稍,119.3,6.7,3-3-3-5,42.0,430.0,0.0,ジャスティンシカゴ,75.0
2023106247,ビックリパラダイス,2026/07/17,名古屋,晴,3,きょうかちゃん生誕記(3歳),12,6,8,110.1,9.0,7,加藤誓二,57.0,ダ,1500.0,良,99.1,2.4,10-10-8,41.2,480.0,-1.0,インサラータ,
2023106247,ビックリパラダイス,2026/07/01,名古屋,曇,1,名古屋モーニングフィ(3歳),12,7,9,210.1,11.0,6,加藤誓二,57.0,ダ,1500.0,良,97.8,1.5,9-9-9,40.3,481.0,3.0,グランドタルマエ,
2023106247,ビックリパラダイス,2026/06/18,名古屋,晴,2,3歳10組,11,4,4,334.8,10.0,4,加藤誓二,57.0,ダ,1500.0,良,97.9,2.0,5-5-3,40.1,478.0,-1.0,ベベペッパー,9.0
2023106247,ビックリパラダイス,2026/05/22,名古屋,曇,2,3歳8組,10,2,2,15.3,7.0,10,今井貴大,57.0,ダ,1400.0,重,94.0,4.0,5-6-7,42.5,479.0,-1.0,マイネルモンブラン,
2023106247,ビックリパラダイス,2026/05/08,名古屋,曇,7,3歳7組,11,6,7,97.9,9.0,6,加藤誓二,57.0,ダ,1500.0,稍,99.8,2.3,4-4-5,41.9,480.0,2.0,ソルテソーロ,
2023106247,ビックリパラダイス,2026/04/24,名古屋,曇,1,3歳5組,12,5,6,45.7,7.0,8,大畑慧悟,57.0,ダ,1500.0,重,100.3,2.2,4-3-3,42.0,478.0,-2.0,マジョリカ,
2023106247,ビックリパラダイス,2026/04/07,名古屋,曇,3,3歳7組,11,7,9,17.4,6.0,3,今井貴大,57.0,ダ,1500.0,重,102.0,0.4,2-2-1,42.2,480.0,9.0,スエ,12.0
2023106247,ビックリパラダイス,2026/03/10,名古屋,晴,1,3歳7組,11,1,1,71.4,8.0,10,大畑慧悟,57.0,ダ,1500.0,良,103.9,6.2,1-3-10,46.2,471.0,-11.0,タガノアイゼン,
2023106247,ビックリパラダイス,2026/03/02,名古屋,晴,5,3歳5組,11,4,4,18.1,6.0,8,今井貴大,57.0,ダ,1500.0,良,101.9,3.9,1-4-4,42.3,482.0,4.0,フォールティア,
2023106247,ビックリパラダイス,2026/01/24,1中山8,晴,2,3歳未勝利,16,8,16,746.6,15.0,16,小林脩斗,57.0,ダ,1800.0,良,123.8,6.8,10-10-10-11,46.9,478.0,-6.0,スノースコール,
2023106247,ビックリパラダイス,2026/01/17,1中山6,晴,1,3歳未勝利,16,1,1,444.9,16.0,12,岩部純二,57.0,ダ,1200.0,良,75.3,2.3,14-13,39.2,484.0,-10.0,サントマーレ,
2023106247,ビックリパラダイス,2025/12/27,5中山7,曇,3,2歳未勝利,16,5,10,718.0,16.0,14,遠藤汰月,53.0,ダ,1200.0,稍,74.9,3.2,15-15,38.7,494.0,16.0,パータリプトラ,
2023106247,ビックリパラダイス,2025/09/28,4中山9,晴,4,2歳新馬,16,4,8,199.8,13.0,13,遠藤汰月,52.0,ダ,1200.0,良,75.8,3.2,12-12,39.2,478.0,0.0,サノノアルペン,
2023104564,クルスデルスール,2026/07/17,名古屋,晴,3,きょうかちゃん生誕記(3歳),12,6,7,360.7,12.0,6,丹羽克輝,57.0,ダ,1500.0,良,99.0,2.3,7-7-6,41.4,481.0,2.0,インサラータ,
2023104564,クルスデルスール,2026/06/18,名古屋,晴,4,3歳8組,12,1,1,77.9,9.0,7,渡辺竜也,57.0,ダ,1500.0,良,98.7,2.5,10-10-10,39.5,479.0,0.0,ナムラライラック,
2023104564,クルスデルスール,2026/06/02,名古屋,小雨,1,3歳6組,12,2,2,261.2,11.0,10,大畑雅章,57.0,ダ,1500.0,重,99.0,2.4,7-4-6,41.6,479.0,1.0,ブルーノザビーチ,
2023104564,クルスデルスール,2026/05/25,名古屋,晴,1,アジア・アジアパラ応(3歳),10,7,7,81.6,8.0,9,丸野勝虎,57.0,ダ,1400.0,良,92.9,2.1,4-3-4,39.9,478.0,5.0,ルージュノヴァ,
2023104564,クルスデルスール,2026/05/08,名古屋,曇,7,3歳7組,11,8,10,53.9,8.0,3,丸野勝虎,57.0,ダ,1500.0,稍,99.4,1.9,2-2-3,41.8,473.0,-4.0,ソルテソーロ,12.0
2023104564,クルスデルスール,2026/04/20,名古屋,晴,1,3歳8組,12,4,4,67.2,8.0,3,丸野勝虎,57.0,ダ,920.0,良,57.0,0.7,2,36.8,477.0,6.0,ロイヤルドリーム,12.0
2023104564,クルスデルスール,2026/04/07,名古屋,曇,3,3歳7組,11,2,2,17.9,7.0,8,加藤聡一,57.0,ダ,1500.0,重,104.1,2.5,6-7-6,43.7,471.0,-7.0,スエ,
2023104564,クルスデルスール,2026/03/23,名古屋,晴,3,3歳6組,11,2,2,69.3,9.0,9,加藤聡一,57.0,ダ,1500.0,良,102.5,2.4,7-8-9,41.9,478.0,-3.0,ウエスタンオレンジ,
2023104564,クルスデルスール,2026/03/10,名古屋,晴,2,3歳6組,12,7,9,16.3,6.0,8,丸野勝虎,57.0,ダ,1400.0,良,94.3,1.3,7-6-9,41.7,481.0,9.0,キタカラキタマアヤ,
2023104564,クルスデルスール,2026/01/18,1中山7,晴,3,3歳未勝利,13,4,4,728.7,13.0,12,木幡育也,57.0,ダ,1800.0,良,121.5,5.8,9-9-9-10,43.7,472.0,-4.0,サイモフェーン,
2023104564,クルスデルスール,2026/01/12,1中山5,晴,3,3歳未勝利,16,3,5,742.8,16.0,13,木幡育也,57.0,ダ,1800.0,良,120.8,4.6,14-14-16-16,43.3,476.0,14.0,ジェイエルモーダル,
2023104564,クルスデルスール,2025/12/13,5中京3,曇,1,2歳未勝利,14,1,1,585.8,14.0,14,上里直汰,53.0,ダ,1800.0,良,118.9,3.5,13-13-13-13,38.8,462.0,2.0,インシオン,
2023104564,クルスデルスール,2025/11/24,5東京6,晴,1,2歳未勝利,15,2,3,720.3,15.0,13,木幡育也,56.0,ダ,1600.0,良,101.7,4.0,12-11,39.7,460.0,-2.0,カレイジャスビート,
2023104564,クルスデルスール,2025/11/08,5東京1,晴,4,2歳新馬,14,2,3,136.9,13.0,11,丸田恭介,56.0,ダ,1300.0,良,84.1,3.8,13-13,37.6,462.0,0.0,プールナバドラ,
2023106459,マイネルスラーヴァ,2026/07/17,名古屋,晴,3,きょうかちゃん生誕記(3歳),12,7,9,10.0,4.0,5,今井貴大,57.0,ダ,1500.0,良,98.9,2.2,6-5-7,41.5,529.0,23.0,インサラータ,5.7
2023106459,マイネルスラーヴァ,2026/06/07,3東京2,曇,2,3歳未勝利,16,7,13,335.5,16.0,15,丹内祐次,57.0,ダ,2100.0,良,137.9,5.2,13-14-12-15,41.6,506.0,-2.0,インナーパッション,
2023106459,マイネルスラーヴァ,2026/03/14,2中山5,晴,2,3歳未勝利,16,4,8,424.0,15.0,12,柴田大知,57.0,ダ,1800.0,良,119.0,3.6,14-14-11-13,41.6,508.0,0.0,エイシンニラク,
2023106459,マイネルスラーヴァ,2026/02/22,1東京8,晴,2,3歳未勝利,13,7,11,99.7,7.0,9,柴田大知,57.0,ダ,2100.0,良,137.9,3.9,5-6-5-8,38.7,508.0,-6.0,バスキュール,
2023106459,マイネルスラーヴァ,2026/02/01,1東京2,晴,2,3歳未勝利,13,8,13,192.4,12.0,5,柴田大知,57.0,ダ,2100.0,良,136.9,2.2,9-10-9-9,40.1,514.0,-8.0,オルブライト,59.0
2023106459,マイネルスラーヴァ,2026/01/11,1中山4,晴,5,3歳新馬,16,8,16,104.3,13.0,10,木幡巧也,57.0,ダ,1800.0,良,119.4,3.5,13-14-12-11,40.6,522.0,0.0,エスシービクトリア,
2022101990,ソルトミラクル,2026/07/17,名古屋,晴,12,金シャチ最終戦777(C),12,6,8,14.2,7.0,12,丹羽克輝,57.0,ダ,1500.0,良,100.1,2.8,2-2-6,42.2,459.0,3.0,メタルクラフト,
2022101990,ソルトミラクル,2026/06/19,名古屋,晴,4,B12組,9,6,6,17.4,7.0,8,丹羽克輝,57.0,ダ,1500.0,良,97.9,1.9,4-4-5,40.6,456.0,-12.0,ニホンピロケイ,
2022101990,ソルトミラクル,2026/05/27,浦和,曇,5,C2七八,9,8,10,59.6,8.0,9,半澤慶実,56.0,ダ,1400.0,良,94.3,3.6,3-2-2-8,43.3,468.0,3.0,ダンシングラスカル,
2022101990,ソルトミラクル,2026/04/21,浦和,曇,3,C2五,12,5,6,72.4,10.0,9,半澤慶実,56.0,ダ,1500.0,良,99.5,2.4,5-7-7-9,40.7,465.0,-4.0,ランボー,
2022101990,ソルトミラクル,2026/03/16,浦和,晴,6,C2五六,11,6,7,39.1,8.0,4,半澤慶実,56.0,ダ,1500.0,稍,99.4,1.0,2-2-2-2,39.3,469.0,9.0,ダイゴホマレリュウ,15.0
2022101990,ソルトミラクル,2026/03/10,船橋,晴,6,C2四五六ウ(C2五),11,5,5,147.2,10.0,7,仲野光馬,56.0,ダ,1200.0,稍,77.4,1.7,5-5-4,39.7,460.0,-7.0,シンボリライト,
2022101990,ソルトミラクル,2026/02/26,浦和,曇,5,C2七八,11,8,11,20.9,9.0,11,中島良美,54.0,ダ,1400.0,不,92.4,2.7,4-4-5-10,41.7,467.0,-3.0,ペプチドシナノ,
2022101990,ソルトミラクル,2026/01/08,浦和,晴,7,C2七八九(C2八),12,3,3,101.2,11.0,5,半澤慶実,56.0,ダ,1400.0,良,92.6,2.2,3-5-5-4,40.8,470.0,-2.0,オンサイト,10.0
2022101990,ソルトミラクル,2025/12/24,浦和,雨,5,花のまちこうのす賞(C2),10,3,3,3.7,2.0,3,室陽一朗,56.0,ダ,1500.0,重,98.6,0.3,5-5-5-3,40.0,472.0,-4.0,セイノスケ,25.0
2022101990,ソルトミラクル,2025/11/26,浦和,晴,2,ランチタイムチャレン(C2),12,7,9,27.5,5.0,6,室陽一朗,56.0,ダ,1400.0,良,91.1,0.8,4-3-3-2,39.2,476.0,7.0,キタサンエポナ,
2022101990,ソルトミラクル,2025/10/27,浦和,晴,2,ランチタイムチャレン(3歳),12,6,7,23.4,6.0,2,室陽一朗,56.0,ダ,1500.0,重,95.4,1.5,5-5-5-3,38.5,469.0,-1.0,メイショウセオト,72.0
2022101990,ソルトミラクル,2025/10/17,川崎,晴,5,木菟賞(3歳),14,6,10,60.4,6.0,14,室陽一朗,56.0,ダ,1500.0,稍,105.6,7.8,2-4-9-14,49.0,470.0,5.0,ポッドデューク,
2022101990,ソルトミラクル,2025/10/02,船橋,晴,1,3歳六,12,6,7,33.1,6.0,5,室陽一朗,56.0,ダ,1200.0,稍,76.7,0.7,5-5-6,39.8,465.0,-6.0,グレイグアン,12.0
2022101990,ソルトミラクル,2025/09/25,浦和,晴,2,3歳六,12,7,9,11.1,4.0,3,半澤慶実,56.0,ダ,1400.0,良,91.6,0.4,6-6-3-2,40.6,471.0,8.0,アルマリアルト,40.0
2022101990,ソルトミラクル,2025/07/18,名古屋,曇,3,3歳4組,11,4,4,98.3,10.0,8,友森翔太,57.0,ダ,1500.0,不,96.8,2.2,8-6-6,39.9,463.0,-4.0,ロングトーン,
2022101990,ソルトミラクル,2025/07/10,名古屋,晴,1,名古屋モーニングフィ(3歳),12,1,1,166.3,12.0,8,村上弘樹,57.0,ダ,1500.0,良,97.6,1.0,8-8-4,40.4,467.0,7.0,サンマイメ,
2022101990,ソルトミラクル,2025/06/24,名古屋,小雨,7,3歳3組,12,1,1,153.7,12.0,9,村上弘樹,57.0,ダ,1500.0,不,98.8,2.6,11-7-6,41.3,460.0,6.0,レイナティア,
2022101990,ソルトミラクル,2025/06/17,名古屋,晴,10,名古屋CCピーチ賞(3歳),12,6,7,164.4,10.0,8,友森翔太,57.0,ダ,1500.0,稍,97.6,3.4,7-6-7,40.5,454.0,-11.0,レーヴドアンジュ,
2022101990,ソルトミラクル,2025/06/04,名古屋,晴,4,3歳2組,12,1,1,94.7,9.0,11,友森翔太,57.0,ダ,1500.0,重,100.5,3.2,12-11-11,42.3,465.0,-3.0,スーパーホース,
2022101990,ソルトミラクル,2025/05/22,名古屋,晴,6,3歳3組,12,7,10,113.8,9.0,9,大畑慧悟,57.0,ダ,1500.0,稍,99.6,2.9,7-6-7,41.7,468.0,0.0,ライフフルスマイル,
2022101990,ソルトミラクル,2025/05/05,名古屋,晴,8,3歳2組,9,8,8,15.5,5.0,9,友森翔太,57.0,ダ,1500.0,良,101.8,4.3,2-1-7,44.1,468.0,-4.0,スウィープレジーナ,
2022101990,ソルトミラクル,2025/04/21,名古屋,晴,7,3歳6組,10,5,5,3.9,2.0,1,友森翔太,57.0,ダ,1500.0,良,99.8,-0.6,9-3-1,39.9,472.0,-9.0,(ノーブルカグラ),58.0
2022101990,ソルトミラクル,2025/04/08,名古屋,曇,7,3歳2組,12,4,4,14.7,6.0,9,友森翔太,57.0,ダ,1500.0,良,101.1,2.9,2-2-5,43.3,481.0,18.0,ラブリーセナ,
2022101990,ソルトミラクル,2025/03/28,名古屋,曇,2,3歳7組,10,4,4,1.8,1.0,1,友森翔太,56.0,ダ,1500.0,不,97.9,-0.5,3-3-1,40.3,463.0,-9.0,(サンスノーホワイト),54.0
2022101990,ソルトミラクル,2025/03/17,名古屋,晴,2,3歳8組,12,6,7,2.4,1.0,4,友森翔太,56.0,ダ,1500.0,不,99.1,1.7,7-5-3,41.6,472.0,20.0,ラガマフィンガール,8.1
2022101990,ソルトミラクル,2025/01/18,1中京6,晴,5,3歳未勝利,18,8,18,501.7,18.0,17,高倉稜,57.0,芝,2000.0,良,126.9,6.1,2-2-2-2,41.0,452.0,0.0,トッピボーン,
2022101990,ソルトミラクル,2024/12/14,7京都5,曇,3,2歳未勝利,15,8,14,377.5,14.0,13,藤岡佑介,56.0,芝,1200.0,良,71.3,1.9,8-9,36.0,452.0,-6.0,スピリットライズ,
2022101990,ソルトミラクル,2024/12/08,7京都4,晴,3,2歳未勝利,10,7,8,197.8,9.0,8,高倉稜,56.0,芝,1600.0,良,96.9,2.0,6-6,37.3,458.0,-2.0,モンテシート,
2022101990,ソルトミラクル,2024/11/24,6京都8,曇,4,2歳新馬,14,8,13,49.9,12.0,13,高倉稜,56.0,ダ,1400.0,良,88.7,2.3,12-14,38.8,460.0,0.0,セボンサデッセ,
2022106986,ミズイロ,2026/07/02,名古屋,小雨,3,C級6組,12,6,7,1.6,1.0,1,加藤聡一,55.0,ダ,1500.0,不,95.7,-0.2,1-1-1,40.0,440.0,-6.0,(ウェイトノーモア),57.0
2022106986,ミズイロ,2026/06/18,名古屋,晴,6,しゅんさや結婚記念(C),11,7,8,2.0,1.0,3,加藤聡一,55.0,ダ,1500.0,良,96.5,0.1,1-1-2,40.4,446.0,-2.0,キタノショウリュウ,11.4
2022106986,ミズイロ,2026/06/02,名古屋,雨,6,たつや&ともみ2周年(C),12,8,11,1.3,1.0,1,加藤聡一,55.0,ダ,1500.0,重,98.0,-0.1,1-2-1,40.0,448.0,19.0,(ビックピカンテ),57.0
2022106986,ミズイロ,2025/12/18,名古屋,晴,6,C27組,12,6,7,1.7,1.0,1,加藤聡一,55.0,ダ,1500.0,稍,98.5,-0.2,1-1-1,40.0,429.0,-5.0,(ソダチザカリ),55.0
2022106986,ミズイロ,2025/12/04,名古屋,曇,3,C26組,12,4,4,1.9,2.0,2,加藤聡一,55.0,ダ,1500.0,稍,98.7,1.0,1-1-1,41.3,434.0,-9.0,カリビアンブルー,19.3
2022106986,ミズイロ,2025/11/07,名古屋,晴,4,C35組,11,2,2,14.1,5.0,4,加藤聡一,55.0,ダ,1400.0,良,92.0,1.7,1-1-2,40.9,443.0,11.0,タマモサイジョ,8.3
2022106986,ミズイロ,2025/08/10,2新潟6,雨,4,3歳未勝利,14,1,1,31.5,10.0,12,内田博幸,55.0,ダ,1800.0,稍,118.9,3.7,11-12-14-13,39.8,432.0,-2.0,マインドミー,
2022106986,ミズイロ,2025/06/21,3東京5,晴,1,3歳未勝利,16,1,1,233.7,15.0,12,丸田恭介,55.0,ダ,1600.0,良,99.3,1.5,7-7,38.9,434.0,0.0,メリーサウンド,
2022106986,ミズイロ,2025/04/06,3中山4,曇,2,3歳未勝利,16,3,6,116.8,12.0,10,黛弘人,55.0,ダ,1200.0,稍,74.9,2.3,10-10,38.6,434.0,0.0,クインズシフォン,
2020101458,キタノレーニア,2026/07/17,名古屋,晴,5,C3組,12,6,8,48.3,9.0,7,細川智史,55.0,ダ,1500.0,良,98.2,1.3,7-7-8,40.6,414.0,-4.0,ジェニー,
2020101458,キタノレーニア,2026/07/03,名古屋,晴,1,名古屋モーニングフィ(C),12,7,10,99.6,9.0,5,友森翔太,55.0,ダ,1500.0,重,96.8,1.1,8-9-8,39.9,418.0,-1.0,ホウオウシーザー,5.7
2020101458,キタノレーニア,2026/06/22,名古屋,曇,1,アジア・アジアパラ応(C),11,8,10,35.2,8.0,11,今井貴大,55.0,ダ,1400.0,重,92.6,2.7,4-4-9,42.1,419.0,-3.0,プレイアブルゲーム,
2020101458,キタノレーニア,2026/06/05,名古屋,曇,5,C3組,12,6,8,43.5,5.0,7,友森翔太,55.0,ダ,1500.0,稍,98.6,1.4,6-8-7,40.1,422.0,4.0,セロリ,
2020101458,キタノレーニア,2026/05/22,名古屋,曇,7,C6組,11,8,11,49.4,10.0,2,友森翔太,55.0,ダ,1500.0,重,99.0,1.0,4-3-5,40.4,418.0,3.0,テーオーリップマン,20.0
2020101458,キタノレーニア,2026/05/07,名古屋,晴,7,C7組,11,5,5,26.3,8.0,10,友森翔太,55.0,ダ,1400.0,良,92.4,1.4,5-4-7,39.6,415.0,-5.0,レシェルドランジュ,
2020101458,キタノレーニア,2026/04/23,名古屋,雨,6,おうすけ高校入学おめ(C),12,7,9,19.1,6.0,5,友森翔太,55.0,ダ,1500.0,不,97.8,2.2,5-5-5,40.6,420.0,-3.0,アインホルン,5.7
2020101458,キタノレーニア,2026/04/10,名古屋,曇,3,C10組,11,8,10,11.8,5.0,3,友森翔太,55.0,ダ,1400.0,不,90.9,1.4,5-5-4,39.8,423.0,10.0,ゴーゴーゴウト,11.4
2020101458,キタノレーニア,2026/03/27,名古屋,晴,9,敦盛特別(C),10,3,3,84.9,9.0,7,小笠原羚,51.0,ダ,2000.0,稍,136.4,1.4,5-6-6,40.5,413.0,2.0,ボスコヴェローチェ,
2020101458,キタノレーニア,2026/03/13,名古屋,曇,9,泰明町特別(C),10,4,4,102.5,9.0,9,友森翔太,55.0,ダ,1700.0,良,114.3,2.9,8-9-9,40.8,411.0,-11.0,イノセンス,
2020101458,キタノレーニア,2025/11/11,名古屋,晴,9,B7組,11,8,10,29.6,6.0,7,宮下瞳,53.0,ダ,1500.0,稍,98.7,1.7,9-9-9,39.2,422.0,9.0,マリアナジャズ,
2020101458,キタノレーニア,2025/10/15,名古屋,小雨,10,B4組,12,2,2,59.9,11.0,10,宮下瞳,53.0,ダ,1700.0,重,114.6,3.5,6-6-8,43.6,413.0,1.0,マイネルラカイユ,
2020101458,キタノレーニア,2025/09/19,名古屋,曇,9,B6組,12,5,6,2.4,1.0,1,宮下瞳,53.0,ダ,1500.0,良,98.7,-0.3,4-3-2,41.3,412.0,0.0,(ジャンバラヤ),65.0
2020101458,キタノレーニア,2025/09/05,名古屋,晴,8,B9組,12,2,2,3.7,1.0,5,友森翔太,55.0,ダ,1400.0,不,92.1,0.5,5-6-6,40.7,412.0,-3.0,イナズマライン,6.5
2020101458,キタノレーニア,2025/08/22,名古屋,晴,8,C2組,12,5,5,5.8,4.0,3,友森翔太,55.0,ダ,1500.0,良,97.5,0.1,7-7-2,40.1,415.0,-8.0,ギースバッハ,11.0
2020101458,キタノレーニア,2025/07/25,名古屋,晴,10,庄内川特別(C),11,4,4,40.3,7.0,3,細川智史,55.0,ダ,1500.0,良,96.2,0.4,5-7-4,39.6,423.0,5.0,テルケンレンテル,17.0
2020101458,キタノレーニア,2025/07/09,名古屋,晴,7,C10組,12,6,8,1.7,1.0,1,今井貴大,55.0,ダ,1500.0,良,97.2,-0.3,3-3-2,39.1,418.0,1.0,(ヴァイスドラグナー),55.0
2020101458,キタノレーニア,2025/06/18,名古屋,晴,6,C3組,12,8,11,11.0,6.0,9,宮下瞳,53.0,ダ,1500.0,良,98.5,1.8,8-8-9,40.8,417.0,2.0,ディアマンドロップ,
2020101458,キタノレーニア,2025/03/14,名古屋,晴,8,がんばれ!愛知・岐阜(B),11,6,7,156.0,8.0,7,大畑雅章,54.0,ダ,1700.0,稍,114.0,1.4,5-1-4,40.7,415.0,-1.0,オオタニズスマイル,
2020101458,キタノレーニア,2025/02/28,名古屋,曇,8,B11組,11,8,10,22.0,6.0,5,宮下瞳,52.0,ダ,1500.0,良,97.8,1.1,2-3-4,40.3,416.0,-3.0,ヘルト,6.0
2020101458,キタノレーニア,2025/02/07,笠松,晴,7,B9組,8,7,7,1.7,1.0,2,友森翔太,52.0,ダ,1400.0,良,93.0,0.2,7-5-5,40.1,419.0,-1.0,レターマン,15.8
2020101458,キタノレーニア,2025/01/20,名古屋,晴,9,B9組,9,7,7,27.2,5.0,8,細川智史,54.0,ダ,1700.0,稍,113.6,2.0,7-5-8,40.4,420.0,0.0,アスタリウス,
2020101458,キタノレーニア,2025/01/06,名古屋,曇,10,松の内賞(B),11,8,10,51.5,9.0,6,宮下瞳,52.0,ダ,1500.0,重,97.8,0.4,3-2-2,39.9,420.0,0.0,レアリーゼ,
2020101458,キタノレーニア,2024/12/23,名古屋,晴,9,B9組,8,4,4,18.5,5.0,7,宮下瞳,52.0,ダ,1700.0,良,113.3,1.3,4-4-7,41.0,420.0,1.0,コパノモンテカルロ,
2020101458,キタノレーニア,2024/12/06,名古屋,晴,9,B8組,11,8,10,10.4,5.0,8,宮下瞳,52.0,ダ,1500.0,良,99.5,1.9,8-6-9,39.5,419.0,2.0,トーホウランボ,
2020101458,キタノレーニア,2024/11/14,名古屋,曇,11,佐久島特別(C),11,7,10,51.0,7.0,2,宮下瞳,52.0,ダ,2000.0,良,133.8,0.5,5-5-4,40.1,417.0,3.0,プリメイラ,26.3
2020101458,キタノレーニア,2024/11/01,名古屋,小雨,5,C4組,11,4,4,24.6,6.0,2,友森翔太,54.0,ダ,1500.0,稍,97.8,0.7,5-5-3,40.2,414.0,1.0,ミーハ,17.5
2020101458,キタノレーニア,2024/10/21,名古屋,晴,5,C4組,12,7,9,49.6,5.0,5,友森翔太,54.0,ダ,1500.0,良,98.0,2.5,7-7-9,40.8,413.0,-9.0,ソーラレイ,5.0
2020101458,キタノレーニア,2024/10/04,名古屋,雨,6,C3組,12,6,8,36.5,9.0,7,深澤杏花,52.0,ダ,1500.0,不,97.1,2.3,4-3-6,40.7,422.0,7.0,サイモンプレジール,
2020101458,キタノレーニア,2024/09/20,名古屋,晴,7,C3組,12,8,11,5.0,2.0,8,宮下瞳,52.0,ダ,1400.0,良,91.3,1.8,5-4-4,40.5,415.0,1.0,エルーシア,
2020101458,キタノレーニア,2024/09/05,名古屋,晴,8,C4組,12,1,1,6.4,4.0,2,宮下瞳,52.0,ダ,1500.0,良,96.8,0.3,1-1-1,39.0,414.0,-3.0,ツカサトレイン,17.5
2020101458,キタノレーニア,2024/08/23,名古屋,晴,10,油ヶ淵特別(C),11,7,9,30.2,7.0,6,宮下瞳,52.0,ダ,1500.0,良,97.9,1.5,4-4-4,41.3,417.0,0.0,セイシンクリア,
2020101458,キタノレーニア,2024/08/07,名古屋,晴,2,名古屋モーニングフィ(C),12,5,6,5.5,3.0,1,宮下瞳,52.0,ダ,1500.0,良,97.2,-0.7,1-1-1,39.9,417.0,2.0,(シャイナライ),50.0
2020101458,キタノレーニア,2024/07/11,名古屋,曇,1,名古屋モーニングフィ(C),12,6,8,4.3,2.0,3,宮下瞳,52.0,ダ,920.0,重,56.5,0.2,3,36.9,415.0,-5.0,メイショウラピッド,10.0
2020101458,キタノレーニア,2024/06/26,名古屋,曇,3,C9組,12,6,7,11.1,6.0,7,宮下瞳,52.0,ダ,1500.0,稍,98.0,1.0,1-1-3,40.1,420.0,8.0,リジッドウイングス,
2020101458,キタノレーニア,2024/06/13,名古屋,晴,6,C11組,12,4,4,14.5,5.0,4,大畑慧悟,53.0,ダ,1500.0,良,98.2,0.5,2-1-3,40.2,412.0,-11.0,ピリカルキナ,7.5
2020101458,キタノレーニア,2024/05/16,名古屋,晴,12,音羽川特別(C),12,3,3,54.6,10.0,9,大畑慧悟,53.0,ダ,1700.0,重,114.8,2.8,10-11-9,42.3,423.0,-1.0,イストロス,
2020101458,キタノレーニア,2024/04/24,名古屋,雨,6,C10組,12,6,8,21.8,7.0,9,大原浩司,54.0,ダ,1500.0,不,98.1,1.5,10-9-9,40.3,424.0,-6.0,ヤマカツラナウェイ,
2020101458,キタノレーニア,2024/04/11,名古屋,晴,4,C10組,12,4,4,22.0,6.0,8,宮下瞳,52.0,ダ,1500.0,良,99.6,1.6,3-3-5,40.5,430.0,1.0,チョアヨ,
2020101458,キタノレーニア,2024/03/15,名古屋,晴,4,C6組,12,2,2,96.6,9.0,6,細川智史,54.0,ダ,920.0,良,57.3,0.7,10,36.2,429.0,-11.0,ミニストリー,
2020101458,キタノレーニア,2024/02/29,名古屋,雨,7,C7組,10,5,5,19.2,5.0,6,宮下瞳,52.0,ダ,1500.0,稍,98.5,0.6,6-6-6,39.8,440.0,4.0,ロブロイズハート,
2020101458,キタノレーニア,2024/02/15,名古屋,小雨,7,C7組,10,3,3,31.6,6.0,7,宮下瞳,52.0,ダ,1500.0,良,100.1,1.8,8-9-8,41.0,436.0,2.0,レアリーズレーヴ,
2020101458,キタノレーニア,2024/02/01,名古屋,晴,7,C8組,10,8,9,20.4,6.0,4,宮下瞳,52.0,ダ,1500.0,稍,98.7,1.0,6-5-6,39.5,434.0,0.0,ハートマン,6.8
2020101458,キタノレーニア,2024/01/18,名古屋,小雨,6,C10組,10,4,4,70.4,9.0,3,宮下瞳,52.0,ダ,1500.0,良,97.7,0.5,5-6-3,39.4,434.0,-2.0,ゲイナー,9.0
2020101458,キタノレーニア,2024/01/05,名古屋,晴,8,C9組,10,2,2,22.7,6.0,9,宮下瞳,52.0,ダ,1500.0,良,99.7,2.7,4-5-6,41.9,436.0,3.0,キタノダロマ,
2020101458,キタノレーニア,2023/12/15,名古屋,曇,4,有象無象がよぉ!誕生(C),12,5,5,11.6,4.0,6,宮下瞳,52.0,ダ,1500.0,不,97.1,2.1,1-3-3,39.8,433.0,-5.0,アカツキロットリー,
2020101458,キタノレーニア,2023/12/01,名古屋,晴,2,C8組,12,4,4,9.0,4.0,7,宮下瞳,52.0,ダ,920.0,良,58.4,1.9,9,37.8,438.0,19.0,ブレストサンダー,
2020101458,キタノレーニア,2023/11/16,名古屋,晴,7,C9組,12,6,7,20.3,5.0,3,宮下瞳,52.0,ダ,1500.0,良,97.6,2.3,2-2-4,40.1,419.0,-1.0,ヴィクトリーロード,9.0
2020101458,キタノレーニア,2023/11/06,名古屋,雨,12,入鹿池特別(C),12,8,12,52.2,8.0,8,宮下瞳,52.0,ダ,1700.0,稍,112.8,3.0,3-4-6,41.2,420.0,4.0,ハクサンアルタイル,
2020101458,キタノレーニア,2023/10/19,名古屋,晴,5,しまねで美肌と縁結び(C),10,8,12,2.8,2.0,1,宮下瞳,52.0,ダ,1500.0,良,97.5,-0.2,3-3-3,38.9,416.0,-4.0,(アウゲンブリック),45.0
2020101458,キタノレーニア,2023/10/04,名古屋,曇,7,野々山愛生誕祭(C),12,6,7,12.4,4.0,4,宮下瞳,52.0,ダ,1500.0,不,97.1,1.4,5-5-4,40.0,420.0,4.0,アンダーザフラッグ,6.8
2020101458,キタノレーニア,2023/09/20,名古屋,曇,5,☆祝還暦☆佐藤保弘お(3歳),11,7,9,8.7,5.0,6,宮下瞳,52.0,ダ,1500.0,良,99.1,1.1,2-3-3,41.0,416.0,-1.0,コハル,
2020101458,キタノレーニア,2023/09/06,名古屋,雨,5,智之&菜那結婚記念(3歳),11,8,11,2.8,2.0,5,宮下瞳,52.0,ダ,1500.0,重,97.6,2.2,2-2-2,40.8,417.0,0.0,パミーラ,4.6
2020101458,キタノレーニア,2023/08/22,名古屋,晴,8,3歳6組,12,4,4,2.2,1.0,3,宮下瞳,52.0,ダ,1500.0,良,97.1,0.4,5-5-4,39.2,417.0,0.0,ウインプリームス,9.2
2020101458,キタノレーニア,2023/07/28,名古屋,晴,3,3歳10組,11,5,5,1.6,1.0,1,宮下瞳,52.0,ダ,1500.0,良,97.6,-0.3,2-2-1,38.8,417.0,0.0,(ヘアピンシュプール),46.0
2020101458,キタノレーニア,2023/07/17,名古屋,晴,2,みなと君生誕祭どすこ(3歳),11,7,9,5.2,3.0,2,宮下瞳,52.0,ダ,1500.0,良,96.5,0.2,3-2-1,39.9,417.0,7.0,ルミノルシファー,16.1
2020101458,キタノレーニア,2023/06/17,3東京5,晴,3,3歳未勝利,16,8,15,703.1,16.0,15,小林脩斗,52.0,芝,1600.0,良,95.3,3.0,13-14,36.6,410.0,2.0,ラファドゥラ,
2020101458,キタノレーニア,2023/04/30,2東京4,曇,4,3歳未勝利,18,8,16,626.5,18.0,15,小林勝太,51.0,芝,1400.0,良,83.1,2.0,11-12,35.8,408.0,-6.0,テンプーシャオン,
2020101458,キタノレーニア,2023/02/25,2中山1,曇,5,3歳未勝利,16,6,11,478.0,15.0,15,小林脩斗,52.0,芝,1600.0,良,97.6,2.9,7-10-12,38.2,414.0,-12.0,ルージュイストリア,
2020101458,キタノレーニア,2022/11/13,5東京4,晴,2,2歳未勝利,12,5,6,358.2,12.0,10,永野猛蔵,53.0,芝,1800.0,良,109.8,1.6,2-3-4,36.0,426.0,6.0,コレペティトール,
2020101458,キタノレーニア,2022/10/23,4東京7,晴,4,2歳新馬,17,3,6,76.0,10.0,15,柴田大知,54.0,芝,1400.0,良,86.4,1.6,9-9,35.5,420.0,0.0,フォーカルフラワー,
2018106586,サンライズテソロ,2026/07/03,名古屋,晴,8,B9組,11,3,3,288.5,11.0,11,阪野学,57.0,ダ,1500.0,稍,99.1,3.0,11-11-11,39.7,472.0,3.0,サヤヒメ,
2018106586,サンライズテソロ,2026/06/19,名古屋,晴,4,B12組,9,8,9,391.2,9.0,9,加藤誓二,57.0,ダ,1500.0,良,98.9,2.9,6-7-9,41.0,469.0,-3.0,ニホンピロケイ,
2018106586,サンライズテソロ,2026/06/05,名古屋,曇,8,B10組,12,8,11,218.3,11.0,12,加藤誓二,57.0,ダ,1700.0,稍,113.8,3.7,11-11-12,41.3,472.0,2.0,テルケンレンスター,
2018106586,サンライズテソロ,2026/05/22,名古屋,曇,9,B11組,10,6,6,391.4,10.0,9,阪野学,57.0,ダ,1500.0,重,100.4,4.5,10-10-10,40.4,470.0,-1.0,オーバードライブ,
2018106586,サンライズテソロ,2026/05/07,名古屋,晴,8,B11組,10,8,10,329.8,10.0,10,阪野学,57.0,ダ,1500.0,良,99.4,2.2,10-10-10,40.3,471.0,-6.0,パトジュニア,
2018106586,サンライズテソロ,2026/04/24,名古屋,曇,12,アジア・アジアパラ応(B),12,5,5,387.1,12.0,12,阪野学,57.0,ダ,1700.0,重,115.1,4.2,12-12-12,41.8,477.0,6.0,テーオーエメラルド,
2018106586,サンライズテソロ,2026/04/10,名古屋,小雨,7,B10組,11,6,6,229.5,11.0,11,阪野学,57.0,ダ,1500.0,不,99.2,4.0,11-11-11,41.0,471.0,-2.0,ラウニウ,
2018106586,サンライズテソロ,2026/03/24,名古屋,晴,7,"1,700m戦三崎池(B)",12,5,5,433.5,12.0,11,加藤誓二,57.0,ダ,1700.0,良,115.3,3.6,12-12-12,40.2,473.0,5.0,バレアリックシー,
2018106586,サンライズテソロ,2026/03/10,名古屋,晴,12,前ケ須街道特別(B),11,7,8,201.8,11.0,10,阪野学,57.0,ダ,1700.0,良,115.6,4.2,11-10-10,41.2,468.0,-3.0,エイシンガウディ,
2018106586,サンライズテソロ,2026/02/11,名古屋,晴,12,920m戦シフォンケ(B),10,4,4,481.6,10.0,10,阪野学,57.0,ダ,920.0,重,59.8,2.5,10,38.1,471.0,-1.0,ナイトフォールサン,
2018106586,サンライズテソロ,2026/01/26,名古屋,晴,12,梅桃特別(B),10,2,2,244.6,10.0,10,村上弘樹,57.0,ダ,1500.0,良,100.6,3.1,10-10-10,38.8,472.0,-5.0,プリティパール,
2018106586,サンライズテソロ,2026/01/14,名古屋,曇,9,アルゲティ特別(B),10,1,1,185.5,9.0,10,阪野学,57.0,ダ,1700.0,良,116.7,5.2,10-10-10,41.9,477.0,1.0,マカーリオ,
2018106586,サンライズテソロ,2025/12/25,浦和,曇,2,特選(C3),11,8,11,23.7,6.0,10,半澤慶実,56.0,ダ,1400.0,重,93.9,1.8,7-6-7-10,42.0,476.0,-2.0,トワイライトドレス,
2018106586,サンライズテソロ,2025/11/28,浦和,晴,3,特選(C3),11,6,6,20.7,7.0,8,半澤慶実,56.0,ダ,1400.0,良,93.1,0.8,11-11-8-8,40.9,478.0,2.0,フルーツパフェ,
2018106586,サンライズテソロ,2025/11/05,船橋,曇,7,紅葉賞(C3),11,4,4,46.5,8.0,6,半澤慶実,56.0,ダ,1500.0,良,99.8,1.9,7-7-7-8,41.5,476.0,-3.0,キングスウェイ,
2018106586,サンライズテソロ,2025/10/29,浦和,晴,2,ランチタイムチャレン(C3),12,8,12,6.8,4.0,6,半澤慶実,56.0,ダ,1400.0,稍,91.9,1.3,5-6-5-6,39.7,479.0,-3.0,ツーエムタイガー,
2018106586,サンライズテソロ,2025/09/23,浦和,曇,1,ランチタイムチャレン(C3),10,3,3,5.8,3.0,4,半澤慶実,56.0,ダ,1500.0,良,99.5,1.4,7-6-3-3,39.8,482.0,9.0,ダブルレイズカード,12.0
2018106586,サンライズテソロ,2025/08/18,浦和,晴,4,C3五,9,3,3,4.3,3.0,4,半澤慶実,56.0,ダ,1500.0,良,98.3,0.8,8-7-7-6,40.1,473.0,-5.0,ヨドノホマレ,12.0
2018106586,サンライズテソロ,2025/07/22,浦和,晴,1,ランチタイムチャレン(C3),10,6,6,1.7,1.0,3,半澤慶実,56.0,ダ,1400.0,良,91.3,1.3,2-2-2-3,39.9,478.0,4.0,ダンシングエリカ,20.0
2018106586,サンライズテソロ,2025/06/25,浦和,雨,1,本庄宿賞(C3),9,3,3,17.4,5.0,2,半澤慶実,56.0,ダ,1400.0,重,88.1,0.1,4-4-3-3,38.2,474.0,-7.0,ハーモニージョーイ,32.0
2018106586,サンライズテソロ,2025/05/28,浦和,晴,3,C3五六,12,7,10,11.9,5.0,3,半澤慶実,56.0,ダ,1500.0,良,98.5,0.8,7-5-4-4,39.0,481.0,2.0,ハーモニージョーイ,20.0
2018106586,サンライズテソロ,2025/05/16,川崎,晴,5,バニラ賞(C3),12,3,3,101.9,9.0,4,半澤慶実,56.0,ダ,1400.0,稍,93.7,1.7,7-6-7-5,41.0,479.0,-3.0,グローリアスゾスマ,18.0
2018106586,サンライズテソロ,2025/04/23,浦和,雨,3,C3七八,11,5,5,38.9,9.0,9,半澤慶実,56.0,ダ,1500.0,良,100.3,1.8,8-8-6-7,41.3,482.0,2.0,ミストラ,
2018106586,サンライズテソロ,2025/03/18,浦和,晴,2,ランチタイムチャレン(C3),12,2,2,38.8,10.0,5,半澤慶実,56.0,ダ,1400.0,稍,94.1,0.9,6-7-7-7,41.8,480.0,-1.0,ハヌマーンビーチ,8.0
2018106586,サンライズテソロ,2025/02/25,浦和,晴,2,ランチタイムチャレン(C3),12,6,8,263.9,11.0,12,半澤慶実,56.0,ダ,1400.0,良,93.9,1.9,8-8-7-12,41.1,481.0,5.0,キングブルズアイズ,
2018106586,サンライズテソロ,2025/01/07,浦和,晴,7,C3六七,10,4,4,,,取,半澤慶実,56.0,ダ,1500.0,重,,,,,,,ソジュン,
2018106586,サンライズテソロ,2024/12/26,浦和,晴,3,C212C3一(C2C3),12,4,4,19.5,8.0,10,半澤慶実,55.0,ダ,1400.0,良,93.2,2.3,10-10-9-10,41.1,476.0,0.0,チカチャン,
2018106586,サンライズテソロ,2024/11/29,船橋,晴,1,浦安賞(C3),11,3,3,18.5,5.0,4,半澤慶実,56.0,ダ,1500.0,良,102.1,1.1,6-6-5-5,41.9,476.0,-3.0,ワンラヴ,18.0
2018106586,サンライズテソロ,2024/11/21,浦和,雨,4,特選(C3),12,7,10,8.8,3.0,10,半澤慶実,56.0,ダ,1500.0,稍,100.9,2.0,8-8-7-7,42.1,479.0,5.0,ゲットデザイアー,
2018106586,サンライズテソロ,2024/10/24,浦和,晴,2,特選(C3),9,2,2,6.8,3.0,5,半澤慶実,56.0,ダ,1400.0,良,93.1,1.4,8-6-6-6,38.1,474.0,0.0,ヨドノホマレ,9.0
2018106586,サンライズテソロ,2024/09/20,浦和,晴,4,特選(C3),12,7,9,5.8,4.0,5,吉留孝司,56.0,ダ,1500.0,良,98.8,0.7,6-6-6-6,40.7,474.0,7.0,カントナ,9.0
2018106586,サンライズテソロ,2024/08/23,浦和,晴,7,特選(C3),9,8,8,2.5,1.0,4,半澤慶実,56.0,ダ,1400.0,良,91.9,0.4,6-5-3-4,40.4,467.0,2.0,モモンガクロー,13.5
2018106586,サンライズテソロ,2024/07/16,浦和,曇,2,C3三四,9,8,8,13.8,5.0,1,半澤慶実,56.0,ダ,1500.0,稍,97.8,-0.8,8-7-3-1,39.9,465.0,-2.0,(ヤギリエピファクン),80.0
2018106586,サンライズテソロ,2024/06/18,浦和,雨,5,C3五六,9,8,9,4.4,3.0,1,半澤慶実,56.0,ダ,1500.0,不,100.0,-0.5,4-5-3-1,40.4,467.0,3.0,(ツクバマリア),80.0
2018106586,サンライズテソロ,2024/05/22,浦和,晴,2,ランチタイムチャレン(C3),9,6,6,6.4,3.0,2,半澤慶実,56.0,ダ,1400.0,重,92.7,1.0,4-4-3-3,40.3,464.0,-1.0,ユアソーラ,32.0
2018106586,サンライズテソロ,2024/05/09,川崎,曇,2,C3三四,11,7,9,45.4,9.0,7,半澤慶実,56.0,ダ,1400.0,稍,94.3,2.4,4-5-5-6,41.3,465.0,1.0,ニジトタルト,
2018106586,サンライズテソロ,2024/04/17,浦和,晴,1,C3七八,10,6,6,7.5,5.0,4,半澤慶実,56.0,ダ,1400.0,良,92.4,0.4,3-3-3-4,40.3,464.0,5.0,マッシュブライト,12.0
2018106586,サンライズテソロ,2024/03/27,浦和,晴,6,上尾市観光協会「あっ(C3),11,7,10,13.0,5.0,2,半澤慶実,56.0,ダ,1500.0,重,100.6,0.6,5-5-3-2,39.1,459.0,-17.0,ヨドノホマレ,32.0
2018106586,サンライズテソロ,2024/02/22,浦和,雨,5,C3三四,12,6,8,15.7,7.0,8,半澤慶実,56.0,ダ,1500.0,稍,101.9,2.5,9-9-9-9,41.9,476.0,9.0,ヤギリエピファクン,
2018106586,サンライズテソロ,2024/02/10,船橋,晴,3,C3四組下,11,5,5,26.2,5.0,7,半澤慶実,56.0,ダ,1500.0,稍,100.9,2.6,4-3-6-5,42.8,467.0,0.0,ロジドレフォン,
2018106586,サンライズテソロ,2024/02/05,船橋,雪,3,C3四組下,0,4,4,,,,半澤慶実,56.0,ダ,1500.0,稍,,,,,463.0,-4.0,,
2018106586,サンライズテソロ,2024/01/10,浦和,晴,3,C3三四,11,8,12,13.2,4.0,4,半澤慶実,56.0,ダ,1500.0,良,101.1,0.2,7-7-5-5,42.1,467.0,10.0,ラウズアップ,12.0
2018106586,サンライズテソロ,2023/12/26,浦和,晴,8,新1万円札発行記念『(C3),10,8,9,11.2,3.0,2,半澤慶実,56.0,ダ,1500.0,良,99.9,0.7,7-6-5-2,40.7,457.0,-12.0,フォガラ,36.0
2018106586,サンライズテソロ,2023/12/15,川崎,曇,7,カルダモン賞(C3),12,7,10,16.0,6.0,7,半澤慶実,56.0,ダ,1500.0,稍,102.8,1.1,3-3-2-2,44.4,469.0,-6.0,ジェムストーン,
2018106586,サンライズテソロ,2023/11/23,浦和,晴,7,特選(C3),12,4,4,17.9,5.0,9,中島良美,52.0,ダ,1500.0,良,100.2,2.5,12-12-11-11,40.5,475.0,-4.0,シュヴァーン,
2018106586,サンライズテソロ,2023/10/20,浦和,晴,8,浦和ジョッキーズラウ(C3),12,2,2,8.3,3.0,4,吉留孝司,56.5,ダ,1400.0,良,91.2,0.7,5-5-4-4,39.6,479.0,4.0,シュヴァーン,13.5
2018106586,サンライズテソロ,2023/09/22,浦和,曇,8,草加せんべいパリポリ(C3),10,3,3,12.4,4.0,7,半澤慶実,56.0,ダ,1500.0,重,101.2,2.2,7-6-6-7,42.3,475.0,4.0,ビートルジュース,
2018106586,サンライズテソロ,2023/08/31,浦和,晴,8,C3二三,11,7,8,7.9,2.0,3,半澤慶実,56.0,ダ,1500.0,良,98.4,0.6,5-4-4-3,39.8,471.0,3.0,ビービーバンチョウ,20.0
2018106586,サンライズテソロ,2023/08/15,浦和,曇,2,ランチタイムチャレン(C3),11,6,7,13.5,6.0,3,半澤慶実,56.0,ダ,1400.0,重,91.4,0.3,5-5-5-4,40.7,468.0,-4.0,レインボーカラー,20.0
2018106586,サンライズテソロ,2023/07/19,浦和,晴,2,ランチタイムチャレン(C3),11,1,1,26.8,10.0,5,半澤慶実,56.0,ダ,1400.0,良,92.0,0.8,8-7-8-6,41.0,472.0,2.0,ボビン,8.0
2018106586,サンライズテソロ,2023/06/30,浦和,曇,9,特選(C3),12,8,11,9.7,6.0,6,加藤和博,56.0,ダ,1500.0,良,99.4,0.4,11-9-11-9,40.3,470.0,2.0,ロードユリシス,
2018106586,サンライズテソロ,2023/06/01,浦和,晴,2,ランチタイムチャレン(C3),12,8,12,13.9,6.0,1,半澤慶実,56.0,ダ,1400.0,稍,92.0,-0.2,8-8-5-5,40.5,468.0,4.0,(アイスバーグアリー),80.0
2018106586,サンライズテソロ,2023/04/27,浦和,晴,5,C3五六,12,4,4,17.0,7.0,3,半澤慶実,56.0,ダ,1500.0,重,99.2,1.0,9-9-7-4,40.8,464.0,-1.0,マジェスティアスク,20.0
2018106586,サンライズテソロ,2023/04/11,船橋,晴,3,C3四五,12,6,7,39.9,8.0,3,半澤慶実,56.0,ダ,1500.0,良,101.9,1.2,7-6-6-6,40.2,465.0,-4.0,ルナーサウスポール,20.0
2018106586,サンライズテソロ,2023/03/24,浦和,曇,9,浦和ジョッキーズラウ(C3),12,8,11,30.7,8.0,12,高橋哲也,56.5,ダ,1400.0,不,92.9,2.3,5-7-7-9,41.1,469.0,5.0,トロワフィーユ,
2018106586,サンライズテソロ,2023/02/16,浦和,晴,6,C3三四五(C3四),12,6,7,44.1,8.0,10,半澤慶実,56.0,ダ,1500.0,稍,100.9,2.4,11-11-10-10,41.0,464.0,4.0,ラブリーギャル,
2018106586,サンライズテソロ,2023/02/06,船橋,晴,3,C3六七,12,2,2,33.7,8.0,3,半澤慶実,56.0,ダ,1500.0,良,102.2,0.7,11-11-11-10,40.7,460.0,2.0,テッシトゥーラ,20.0
2018106586,サンライズテソロ,2023/01/11,浦和,晴,3,C3三四,12,8,12,26.5,6.0,2,七夕裕次,55.0,ダ,1400.0,良,93.3,1.0,12-12-12-9,39.4,458.0,3.0,フェイドハード,28.0
2018106586,サンライズテソロ,2022/12/27,浦和,晴,7,クライマックスリレー(C3),12,8,12,12.7,4.0,2,中島良美,52.0,ダ,1500.0,稍,101.3,0.7,7-7-5-5,40.9,455.0,2.0,エスコーバタハト,28.0
2018106586,サンライズテソロ,2022/11/22,浦和,晴,6,C3三,12,7,10,63.5,10.0,6,室陽一朗,53.0,ダ,1400.0,稍,93.1,1.6,9-10-10-7,40.3,453.0,9.0,バローロフレイバー,
2018106586,サンライズテソロ,2022/09/21,浦和,晴,5,ランチタイムチャレン(C3),9,5,5,16.0,6.0,8,野畑凌,53.0,ダ,1500.0,重,100.4,2.3,9-9-9-9,40.2,444.0,-6.0,リングボーイ,
2018106586,サンライズテソロ,2022/08/31,浦和,晴,4,C3四五,11,5,5,13.6,2.0,10,中島良美,52.0,ダ,1500.0,良,100.7,1.9,10-9-9-10,40.5,450.0,12.0,パーティーアニマル,
2018106586,サンライズテソロ,2022/08/09,浦和,晴,8,C3七八,7,4,4,11.5,4.0,3,野畑凌,53.0,ダ,1400.0,良,91.8,1.3,5-5-4-3,39.0,438.0,-7.0,ワンダーヘーヒスト,16.0
2018106586,サンライズテソロ,2022/07/20,浦和,晴,4,C3四五六(C3五),10,5,5,9.2,5.0,3,新原周馬,53.0,ダ,1400.0,良,91.6,0.5,10-10-10-8,38.8,445.0,0.0,ピカレスクスマイル,16.0
2018106586,サンライズテソロ,2022/06/16,川崎,曇,4,C3一二三(C3二),12,6,7,116.6,10.0,6,神尾香澄,52.0,ダ,1500.0,稍,100.1,1.4,12-12-9-7,41.7,445.0,-3.0,リュウノイノリ,
2018106586,サンライズテソロ,2022/06/02,浦和,晴,4,C3二三四(C3三),12,7,10,31.4,8.0,10,及川烈,53.0,ダ,1500.0,良,99.8,2.1,12-12-12-10,39.1,448.0,4.0,インサイドワーク,
2018106586,サンライズテソロ,2022/04/29,浦和,雨,6,特選(C3),12,1,1,62.4,8.0,6,神尾香澄,52.0,ダ,1500.0,稍,98.9,0.6,12-10-9-5,40.0,444.0,8.0,コウユーヤマト,
2018106586,サンライズテソロ,2022/04/08,川崎,晴,2,C3一二三(C3二),12,7,10,83.9,11.0,5,神尾香澄,52.0,ダ,1400.0,稍,92.8,1.6,10-10-6-7,41.0,436.0,-5.0,ウルトラヨウコ,8.0
2018106586,サンライズテソロ,2022/03/14,浦和,晴,2,C34歳ア,10,3,3,88.3,7.0,7,福原杏,56.0,ダ,1400.0,良,92.9,1.8,5-6-5-6,41.0,441.0,0.0,サンアスペン,
2018106586,サンライズテソロ,2022/02/21,浦和,晴,6,特選(C3),11,8,11,187.1,8.0,9,半澤慶実,56.0,ダ,1500.0,良,101.4,2.0,11-11-11-10,40.6,441.0,-1.0,フジサクラ,
2018106586,サンライズテソロ,2022/01/18,浦和,晴,2,C34歳イ,11,8,11,25.2,5.0,9,半澤慶実,56.0,ダ,1400.0,良,93.9,2.0,9-7-8-9,41.4,442.0,-1.0,バードハズフロウン,
2018106586,サンライズテソロ,2021/11/23,浦和,晴,5,埼玉県養鶏協会長賞(3歳),12,7,9,68.8,8.0,7,吉留孝司,56.0,ダ,1500.0,重,99.7,1.9,9-9-8-7,39.7,443.0,2.0,アミスタ,
2018106586,サンライズテソロ,2021/10/18,浦和,晴,5,特選(3歳),10,6,7,9.5,4.0,6,見越彬央,56.0,ダ,1500.0,重,100.3,1.9,10-10-7-5,39.5,441.0,-10.0,ノブヘンドリックス,
2018106586,サンライズテソロ,2021/09/29,船橋,曇,1,3歳六七,12,8,12,32.8,7.0,5,中島良美,52.0,ダ,1200.0,良,77.1,1.6,11-9-7,39.6,451.0,3.0,テキサスブロンコ,14.0
2018106586,サンライズテソロ,2021/09/22,浦和,晴,2,3歳六,12,3,3,26.5,7.0,6,加藤和博,56.0,ダ,1400.0,稍,91.8,1.6,8-8-9-7,40.1,448.0,5.0,サンライズヴェリテ,
2018106586,サンライズテソロ,2021/08/25,浦和,曇,6,3歳五,10,1,1,7.2,3.0,3,中島良美,52.0,ダ,1400.0,稍,91.3,1.4,7-6-3-3,39.6,443.0,-8.0,ブラックパンサー,22.0
2018106586,サンライズテソロ,2021/07/26,浦和,曇,4,3歳六,8,4,4,1.5,1.0,7,加藤和博,56.0,ダ,1400.0,良,94.6,2.7,2-1-3-5,43.4,451.0,8.0,カシノルシーダ,
2018106586,サンライズテソロ,2021/07/02,浦和,雨,7,3歳六,10,7,7,1.6,1.0,3,加藤和博,56.0,ダ,1400.0,不,90.0,0.7,4-4-3-3,39.9,443.0,2.0,グレースシラオキ,24.0
2018106586,サンライズテソロ,2021/05/25,金沢,晴,9,楽天競馬でおトクにポ(3歳),5,3,3,1.8,1.0,3,青柳正義,56.0,ダ,1700.0,稍,111.6,0.4,3-3-2-2,40.9,441.0,-5.0,スターキンメダル,6.5
2018106586,サンライズテソロ,2021/05/10,金沢,曇,7,3歳A3,7,1,1,1.6,1.0,1,米倉知,56.0,ダ,1500.0,良,97.5,-0.4,2-2-1-1,39.5,446.0,4.0,(ドリップワン),33.0
2018106586,サンライズテソロ,2021/04/18,金沢,曇,11,北日本新聞杯(重賞),10,7,7,12.9,3.0,6,栗原大河,56.0,ダ,1700.0,重,112.8,3.9,7-7-6-5,41.1,442.0,-7.0,アイバンホー,
2018106586,サンライズテソロ,2021/04/06,金沢,曇,9,能登金剛賞(未勝利)(3歳),9,3,3,2.6,2.0,6,畑中信司,56.0,ダ,1500.0,稍,99.6,3.8,2-3-4-4,42.6,449.0,8.0,ハクサンクラーケン,
2018106586,サンライズテソロ,2021/03/23,金沢,晴,3,3歳A3,10,8,9,1.4,1.0,1,米倉知,56.0,ダ,1500.0,重,96.7,-1.9,1-1-1-1,38.4,441.0,-4.0,(プートワモナムール),33.0
2018106586,サンライズテソロ,2021/03/14,金沢,晴,1,令和3年オープニング(3歳),8,7,7,2.8,1.0,1,米倉知,56.0,ダ,1400.0,不,90.7,-0.1,2-2-1-1,39.1,445.0,3.0,(ベストシーズン),30.0
2018106586,サンライズテソロ,2021/02/13,1阪神1,晴,2,3歳未勝利,16,3,5,290.9,16.0,12,加藤祥太,56.0,ダ,1200.0,良,75.6,2.2,9-10,39.0,442.0,2.0,インゴットバード,
2018106586,サンライズテソロ,2021/01/31,1小倉6,晴,3,3歳未勝利,14,8,13,71.2,10.0,13,加藤祥太,56.0,ダ,1000.0,稍,60.9,2.3,9-9,37.4,440.0,-12.0,クリオズナ,
2018106586,サンライズテソロ,2020/12/19,6阪神5,曇,6,2歳新馬,14,5,8,33.7,9.0,9,加藤祥太,55.0,ダ,1200.0,良,76.2,2.3,3-3,39.1,452.0,0.0,ペプチドサンライズ,
2022102977,フーダオラ,2026/07/15,名古屋,晴,12,金シャチ最終戦777(C),12,5,6,27.7,10.0,2,丹羽克輝,57.0,ダ,1500.0,良,98.2,0.8,10-10-4,40.3,492.0,3.0,マルシェ,20.0
2022102977,フーダオラ,2026/06/22,名古屋,曇,1,アジア・アジアパラ応(C),11,8,11,69.3,11.0,8,丹羽克輝,57.0,ダ,1400.0,重,91.5,1.6,6-6-7,40.9,489.0,-2.0,プレイアブルゲーム,
2022102977,フーダオラ,2026/06/05,名古屋,曇,12,金シャチ最終戦(C),11,8,11,19.3,7.0,9,丹羽克輝,57.0,ダ,1500.0,稍,97.7,1.5,9-9-7,40.5,491.0,2.0,ルナフェイズ,
2022102977,フーダオラ,2026/05/22,名古屋,曇,7,C6組,11,7,9,6.8,3.0,3,丹羽克輝,57.0,ダ,1500.0,重,99.0,1.0,3-3-3,40.4,489.0,5.0,テーオーリップマン,11.4
2022102977,フーダオラ,2026/05/07,名古屋,晴,4,C10組,9,6,6,8.5,3.0,2,丹羽克輝,57.0,ダ,1500.0,稍,97.6,0.4,3-3-3,39.9,484.0,-7.0,ブルスケッタ,20.0
2022102977,フーダオラ,2026/04/23,名古屋,雨,2,C10組,12,6,8,70.8,10.0,4,丹羽克輝,57.0,ダ,1500.0,重,96.4,0.7,4-5-5,38.9,491.0,-2.0,カワテンティアラ,8.6
2022102977,フーダオラ,2026/04/10,名古屋,雨,2,C11組,10,7,9,17.4,6.0,7,丹羽克輝,57.0,ダ,1400.0,不,91.8,1.9,7-7-5,40.0,493.0,1.0,ナンゴクジャックス,
2022102977,フーダオラ,2026/03/24,名古屋,晴,6,C18組,12,5,5,8.6,4.0,1,丹羽克輝,57.0,ダ,1500.0,良,100.1,-0.3,4-3-1,38.7,492.0,11.0,(リオンノワール),55.0
2022102977,フーダオラ,2026/03/10,名古屋,晴,5,C20組,11,1,1,32.6,8.0,4,丹羽克輝,57.0,ダ,1500.0,良,99.6,0.4,4-4-7,40.0,481.0,2.0,デルマガニメデ,8.3
2022102977,フーダオラ,2026/02/25,姫路,雨,2,C3二,10,8,10,39.7,8.0,3,小谷周平,57.0,ダ,1400.0,不,96.5,1.8,6-6-4-4,42.2,479.0,-1.0,タンバッフェ,15.0
2022102977,フーダオラ,2026/02/03,姫路,晴,3,C3二,10,3,3,34.0,7.0,6,小谷哲平,55.0,ダ,1400.0,良,97.6,0.6,4-4-5-5,41.6,480.0,-8.0,エコノミカ,
2022102977,フーダオラ,2026/01/13,園田,曇,3,C3三,12,6,7,109.9,10.0,4,小谷哲平,55.0,ダ,1400.0,良,96.0,1.0,6-6-5-5,40.8,488.0,6.0,カフジウヴァ,9.0
2022102977,フーダオラ,2026/01/02,園田,晴,1,C3三,12,4,4,70.4,6.0,5,小谷哲平,55.0,ダ,1400.0,良,95.7,1.3,10-10-11-10,41.2,482.0,1.0,トゥルーナイト,6.0
2022102977,フーダオラ,2025/12/23,園田,晴,1,C3四,10,8,9,5.4,3.0,4,小谷周平,57.0,ダ,1400.0,稍,96.2,0.2,7-7-3-5,41.8,481.0,-3.0,エリュシデータ,9.0
2022102977,フーダオラ,2025/12/09,園田,晴,1,C3三,10,2,2,48.4,7.0,6,小谷哲平,55.0,ダ,1400.0,良,95.7,0.8,7-7-7-6,40.7,484.0,5.0,カムフラージュ,
2022102977,フーダオラ,2025/11/25,園田,雨,1,C3二,12,1,1,250.0,11.0,7,小谷哲平,55.0,ダ,1400.0,稍,95.6,1.1,6-5-5-6,42.0,479.0,-2.0,メイショウマサカリ,
2022102977,フーダオラ,2025/11/11,園田,晴,3,C3三,10,4,4,256.0,10.0,9,小谷周平,57.0,ダ,1400.0,稍,97.0,2.0,8-8-10-9,42.0,481.0,4.0,レッツゴーアスク,
2022102977,フーダオラ,2025/10/28,園田,曇,2,C3二,10,8,9,349.7,10.0,6,小谷周平,54.0,ダ,1400.0,稍,97.3,1.9,5-7-5-7,41.2,477.0,1.0,メイショウガッツ,
2022102977,フーダオラ,2025/10/09,園田,晴,2,C3一,10,5,5,315.8,10.0,10,小谷周平,57.0,ダ,1400.0,良,95.8,2.2,6-6-6-8,42.1,476.0,0.0,ロッカバラード,
2022102977,フーダオラ,2025/09/25,園田,曇,4,戎町7ハロンC3一,10,4,4,460.0,10.0,8,田野豊三,56.0,ダ,1400.0,良,94.5,1.6,8-8-8-7,40.7,476.0,7.0,ロングセラーアスク,
2022102977,フーダオラ,2025/09/11,園田,曇,4,松帆檪田7ハロンC3,10,3,3,268.2,10.0,9,小谷哲平,53.0,ダ,1400.0,不,96.3,2.7,9-9-10-10,42.9,469.0,-5.0,ラント,
2022102977,フーダオラ,2025/08/27,園田,曇,8,C2二,10,7,8,93.9,9.0,10,小谷哲平,53.0,ダ,1400.0,良,97.1,3.9,9-9-10-10,41.6,474.0,3.0,オフショアガール,
2022102977,フーダオラ,2025/08/14,園田,晴,1,パカっと楽しむ夏の一(C2),12,7,10,223.1,11.0,12,小谷周平,56.0,ダ,1400.0,良,97.1,4.6,11-12-12-12,43.1,471.0,-17.0,ペイシャツネ,
2022102977,フーダオラ,2025/07/31,園田,晴,7,C2二,10,8,9,59.8,8.0,10,高畑皓一,56.0,ダ,1400.0,良,94.2,1.7,10-10-9-9,39.5,488.0,26.0,コレギウム,
2022102977,フーダオラ,2025/06/29,2小倉2,晴,3,3歳未勝利,16,7,13,241.5,16.0,16,永島まな,55.0,芝,2600.0,良,168.2,3.8,15-15-16-16,37.6,462.0,2.0,サンライズロジャー,
2022102977,フーダオラ,2025/05/17,2京都7,曇,4,3歳未勝利,16,4,8,175.6,16.0,16,高杉吏麒,56.0,芝,2400.0,不,153.3,3.9,12-13-15-16,39.2,460.0,0.0,マンオブノーブル,
2022102977,フーダオラ,2025/03/22,2中京3,晴,6,3歳未勝利,12,7,9,231.9,12.0,12,和田陽希,54.0,ダ,1800.0,良,119.6,4.6,10-12-12-12,41.6,460.0,2.0,ポッドフォルク,
2022102977,フーダオラ,2025/03/02,1阪神2,小雨,1,3歳未勝利,12,7,10,102.0,10.0,12,和田竜二,57.0,ダ,1800.0,良,120.3,3.0,11-11-12-12,39.7,458.0,0.0,ディープサミット,
2022103819,ジャスティラック,2026/07/01,名古屋,曇,2,伊良湖疾風戦(C),12,8,12,104.6,10.0,1,塚本征吾,57.0,ダ,920.0,良,56.9,-0.2,1,37.0,459.0,2.0,(ニホンピログリット),57.0
2022103819,ジャスティラック,2026/06/17,名古屋,晴,1,C11組,11,6,6,181.3,11.0,10,近藤颯羽,54.0,ダ,1500.0,良,100.2,1.9,10-10-10,40.0,457.0,0.0,クールシェリー,
2022103819,ジャスティラック,2026/06/02,名古屋,雨,12,金シャチ最終戦(C),12,1,1,45.4,12.0,11,近藤颯羽,54.0,ダ,1500.0,不,100.9,2.0,7-9-8,41.6,457.0,3.0,フクチャンフクメイ,
2022103819,ジャスティラック,2026/05/20,名古屋,曇,2,C18組,10,3,3,8.5,7.0,9,近藤颯羽,54.0,ダ,1500.0,良,102.7,3.5,10-10-9,40.8,454.0,-1.0,ノース,
2022103819,ジャスティラック,2026/05/05,名古屋,晴,4,C20組,10,1,1,59.8,10.0,7,筒井勇介,57.0,ダ,1500.0,稍,101.0,2.0,5-3-4,41.6,455.0,4.0,ウエスタンクリス,
2022103819,ジャスティラック,2026/04/20,名古屋,晴,12,C17組,12,5,6,101.7,11.0,12,近藤颯羽,54.0,ダ,1500.0,良,100.5,1.5,10-11-12,39.8,451.0,6.0,ジオパークコハク,
2022103819,ジャスティラック,2026/04/09,川崎,晴,3,C3三四,12,8,12,60.7,9.0,12,古岡勇樹,56.0,ダ,1400.0,稍,96.1,2.3,12-12-12-12,40.2,445.0,-2.0,リコースチェッキン,
2022103819,ジャスティラック,2026/03/31,船橋,雨,4,C3四,11,6,7,86.3,8.0,8,山本大翔,53.0,ダ,1200.0,重,79.5,1.6,9-10-9,39.6,447.0,-4.0,アンサーパスト,
2022103819,ジャスティラック,2026/03/06,川崎,曇,12,ファイナルアンサー賞(C3),14,4,6,15.8,7.0,9,櫻井光輔,56.0,ダ,1500.0,稍,102.2,3.4,9-8-10-9,43.0,451.0,-4.0,クインズカヤノヒメ,
2022103819,ジャスティラック,2026/02/02,川崎,晴,3,カピバラ賞(C3),12,2,2,104.2,9.0,12,加藤雄真,53.0,ダ,900.0,良,58.4,2.7,11-11,39.5,455.0,-2.0,ボイド,
2022103819,ジャスティラック,2026/01/04,川崎,晴,4,福袋賞(C3),12,4,4,29.8,9.0,11,加藤雄真,53.0,ダ,900.0,稍,58.0,1.9,12-11,38.3,457.0,-4.0,ミヤジミニー,
2022103819,ジャスティラック,2025/12/18,川崎,晴,3,クロシェット賞(3歳),12,4,4,159.5,9.0,8,加藤雄真,53.0,ダ,900.0,稍,57.8,2.0,7-6,39.3,461.0,19.0,ファイブエム,
2022103819,ジャスティラック,2025/06/26,園田,曇,8,3歳C1,11,2,2,66.1,8.0,6,大柿一真,56.0,ダ,1230.0,重,83.2,1.5,11-11-9-6,41.0,442.0,-2.0,ナンナンプー,
2022103819,ジャスティラック,2025/06/11,園田,曇,9,3歳C1一,10,4,4,59.7,7.0,10,大柿一真,56.0,ダ,1400.0,不,94.0,2.5,7-7-8-7,42.2,444.0,3.0,ニンカリ,
2022103819,ジャスティラック,2025/05/22,園田,曇,6,3歳C1,10,7,7,35.0,5.0,6,山本咲希,56.0,ダ,1400.0,稍,94.4,2.0,8-8-6-7,40.3,441.0,-4.0,ヴァラドン,
2022103819,ジャスティラック,2025/05/01,園田,晴,5,榊町7ハロン3歳C1,11,7,9,27.3,7.0,5,山本咲希,56.0,ダ,1400.0,良,92.4,1.0,8-8-7-5,39.2,445.0,3.0,コパカツ,8.0
2022103819,ジャスティラック,2025/04/10,園田,曇,6,3歳C1,9,6,6,10.8,4.0,6,山本咲希,56.0,ダ,1400.0,良,94.3,1.6,9-9-8-6,40.1,442.0,-1.0,ゼンダントモニ,
2022103819,ジャスティラック,2025/03/13,園田,曇,8,3歳C1C2,12,8,11,2.5,1.0,6,山本咲希,56.0,ダ,1230.0,稍,83.8,1.7,10-10-6-7,40.9,443.0,-5.0,エイシンラセーヌ,
2022103819,ジャスティラック,2025/02/13,姫路,曇,8,3歳C1,12,4,4,5.5,3.0,3,山本咲希,55.0,ダ,1400.0,稍,94.8,0.6,3-3-3-2,40.4,448.0,-1.0,キーチグリフォン,16.0
2022103819,ジャスティラック,2024/11/20,園田,晴,2,2歳未勝利,12,2,2,19.0,6.0,1,山本咲希,55.0,ダ,1230.0,良,81.5,-0.6,7-7-6-5,38.8,449.0,2.0,(エートルドゥエ),90.0
2022103819,ジャスティラック,2024/10/30,園田,晴,2,2歳未勝利,12,8,11,41.1,7.0,3,山本咲希,55.0,ダ,1230.0,不,83.7,1.4,10-9-7-7,39.4,447.0,6.0,レイチェルペガサス,18.0
2022103819,ジャスティラック,2024/10/03,園田,雨,2,2歳未勝利,12,5,5,14.9,6.0,7,新庄海誠,52.0,ダ,820.0,不,52.8,1.2,9-8,37.9,441.0,-5.0,スマイルアマゾネス,
2022103819,ジャスティラック,2024/09/11,園田,晴,2,NewBeginni(初出),7,7,7,21.4,5.0,6,田野豊三,55.0,ダ,1400.0,良,95.0,2.9,6-6-5-6,40.3,446.0,0.0,オケマル,
2023101668,ゴールドレター,2026/07/03,名古屋,晴,10,渥美半島特別(C),12,1,1,20.1,5.0,12,友森翔太,55.0,ダ,1500.0,稍,100.3,5.1,1-1-7,43.7,384.0,4.0,ブルースバローズ,
2023101668,ゴールドレター,2026/06/19,名古屋,晴,9,駿芽疾風特別(3歳),11,7,9,4.3,2.0,1,友森翔太,55.0,ダ,920.0,良,54.8,-0.8,1,35.5,380.0,5.0,(ネフェルアスティ),100.0
2023101668,ゴールドレター,2026/05/14,笠松,曇,11,クイーンC(重賞),10,5,5,56.7,9.0,9,友森翔太,55.0,ダ,1580.0,良,106.2,2.8,6-7-7,40.9,375.0,-5.0,リバーストリート,
2023101668,ゴールドレター,2026/04/09,名古屋,曇,7,エイプリルドリーム戦(3歳),12,5,6,33.6,5.0,7,友森翔太,55.0,ダ,1700.0,稍,113.7,1.2,1-1-1,39.6,380.0,-1.0,エイシンイーピン,
2023101668,ゴールドレター,2026/03/12,名古屋,晴,10,本宮新橋特別(3歳),10,3,3,3.4,2.0,7,友森翔太,55.0,ダ,920.0,良,57.3,1.0,9,36.4,381.0,2.0,タイガートレイル,
2023101668,ゴールドレター,2026/02/11,名古屋,晴,8,タルト特別(3歳),11,4,4,11.0,5.0,3,友森翔太,55.0,ダ,1400.0,重,92.2,0.7,1-1-1,41.0,379.0,1.0,リトルリリイ,18.0
2023101668,ゴールドレター,2026/01/28,名古屋,晴,11,梅桜賞(OP)(3歳),11,7,9,37.0,10.0,10,友森翔太,55.0,ダ,1700.0,良,113.9,3.0,2-3-6,42.3,378.0,4.0,ブルーコスモス,
2023101668,ゴールドレター,2026/01/04,名古屋,晴,10,梅花特別(3歳),11,5,6,80.6,8.0,5,友森翔太,55.0,ダ,1400.0,良,90.3,0.8,1-1-1,39.7,374.0,-7.0,リトルリリイ,9.0
2023101668,ゴールドレター,2025/12/10,名古屋,晴,11,ゴールドウィング賞(重賞),11,4,4,261.0,11.0,9,友森翔太,55.0,ダ,1700.0,良,114.2,4.9,9-11-11,42.2,381.0,6.0,アストラビアンコ,
2023101668,ゴールドレター,2025/11/21,名古屋,晴,11,若駒盃(OP),10,3,3,22.4,5.0,5,友森翔太,55.0,ダ,1500.0,良,99.3,2.1,2-1-4,41.9,375.0,-3.0,アルティメイタム,22.0
2023101668,ゴールドレター,2025/10/30,名古屋,晴,11,ネクストスター名古屋(重賞),12,8,12,11.3,4.0,7,友森翔太,55.0,ダ,1500.0,良,99.8,2.6,8-4-5,42.7,378.0,3.0,ミモザノキセツ,
2023101668,ゴールドレター,2025/10/02,名古屋,晴,10,セレクトゴールド第3(2歳),12,8,11,15.2,4.0,3,友森翔太,55.0,ダ,1500.0,良,98.1,0.5,2-2-1,40.9,375.0,-1.0,ミモザノキセツ,60.0
2023101668,ゴールドレター,2025/09/18,名古屋,晴,9,セレクトゴールド第2(2歳),12,3,3,3.0,1.0,5,友森翔太,55.0,ダ,1500.0,良,99.7,0.9,1-1-2,42.8,376.0,2.0,ナゴヤバシリ,30.0
2023101668,ゴールドレター,2025/09/04,名古屋,曇,10,セレクトゴールド第1(2歳),11,5,6,1.6,1.0,9,友森翔太,55.0,ダ,1500.0,良,102.2,4.5,9-8-7,43.7,374.0,7.0,サンテオレンジ,
2023101668,ゴールドレター,2025/07/24,名古屋,晴,8,2歳特別,8,8,8,1.6,1.0,1,友森翔太,55.0,ダ,1500.0,良,97.4,-0.7,1-1-1,38.7,367.0,6.0,(ニドネ),100.0
2023101668,ゴールドレター,2025/06/26,名古屋,曇,4,2歳,6,5,5,1.8,1.0,1,友森翔太,55.0,ダ,920.0,不,55.9,-1.0,1,36.5,361.0,1.0,(サクラノヘイゲン),70.0
2023101668,ゴールドレター,2025/06/06,名古屋,晴,4,2歳新馬,6,4,4,15.0,4.0,1,友森翔太,55.0,ダ,900.0,良,55.6,0.0,1,37.0,360.0,0.0,(ブルーリュバン),200.0
2022106274,ゼーブルージュ,2026/07/14,浦和,晴,5,C2五,11,8,11,20.3,8.0,3,中島良美,52.0,ダ,1400.0,良,90.2,0.6,3-4-4-4,39.3,428.0,-2.0,ファイアスター,25.0
2022106274,ゼーブルージュ,2026/06/23,浦和,曇,9,草加宿特別(C2),10,1,1,57.3,7.0,7,杉山海波,51.0,ダ,1500.0,稍,98.3,1.6,7-9-10-8,39.2,430.0,-10.0,ジーティーアムール,
2022106274,ゼーブルージュ,2026/05/29,浦和,晴,9,葉桜特別(C2),10,7,8,20.0,6.0,6,杉山海波,51.0,ダ,1500.0,良,99.0,1.1,5-6-6-6,39.0,440.0,-8.0,ゴーオンパーパス,
2022106274,ゼーブルージュ,2026/04/30,大井,曇,5,C2五六,10,4,4,41.1,6.0,9,Ｅ．シャ,54.0,ダ,1600.0,稍,105.3,2.0,4-3-2-2,41.4,448.0,3.0,フラグランツァ,
2022106274,ゼーブルージュ,2026/04/17,大井,晴,9,C2四五六(C2五),14,4,5,264.2,14.0,12,町田直希,54.0,ダ,1200.0,重,76.4,2.0,9-9,39.0,445.0,8.0,アルマヴィーナス,
2022106274,ゼーブルージュ,2026/03/25,大井,雨,6,C2七八九(C2八),14,4,5,85.8,12.0,8,野畑凌,54.0,ダ,1200.0,良,75.3,1.3,14-14,37.4,437.0,3.0,ペイシャケリー,
2022106274,ゼーブルージュ,2026/03/12,大井,晴,8,C2六七,11,8,11,157.4,11.0,8,仲原大生,54.0,ダ,1200.0,良,75.3,1.5,11-10,38.1,434.0,-7.0,キタノマティーニ,
2022106274,ゼーブルージュ,2026/02/19,大井,晴,10,C2五六七(C2六),14,8,14,84.5,11.0,10,岡村健司,54.0,ダ,1200.0,良,75.5,0.8,9-11,38.6,441.0,1.0,ビックバンブー,
2022106274,ゼーブルージュ,2026/01/29,大井,晴,7,C2六七,14,8,13,286.4,14.0,5,野畑凌,54.0,ダ,1200.0,良,75.1,0.2,11-11,37.6,440.0,-1.0,ニジノカナタニ,10.0
2022106274,ゼーブルージュ,2026/01/15,大井,晴,7,C2六七,10,3,3,410.8,10.0,6,仲原大生,54.0,ダ,1200.0,良,75.6,2.0,8-8,38.1,441.0,-6.0,シンギングブルース,
2022106274,ゼーブルージュ,2025/12/30,大井,晴,6,C2七八,14,4,6,431.0,14.0,12,仲原大生,54.0,ダ,1200.0,稍,76.6,2.3,5-6,40.4,447.0,7.0,ポアゾンノアール,
2022106274,ゼーブルージュ,2025/12/04,大井,晴,6,C2五六,16,6,12,514.9,16.0,13,杉山海波,51.0,ダ,1200.0,良,76.2,2.0,14-14,39.1,440.0,6.0,フルグライト,
2022106274,ゼーブルージュ,2025/11/13,大井,曇,9,C2七八,13,4,4,182.7,12.0,6,杉山海波,51.0,ダ,1200.0,稍,75.4,1.1,11-10,38.3,434.0,4.0,モンサンヴデット,
2022106274,ゼーブルージュ,2025/10/23,大井,晴,6,おおた池月・磨墨賞(C2),12,3,3,116.2,10.0,10,和田譲治,54.0,ダ,1200.0,重,76.1,2.6,12-12,38.3,430.0,4.0,メイショウアキカゼ,
2022106274,ゼーブルージュ,2025/09/30,船橋,晴,3,馬い!唐津小松青レモ(3歳),12,7,10,27.2,8.0,9,川島正太,54.0,ダ,1200.0,良,76.9,1.9,6-7-8,39.4,426.0,10.0,ケイズブラン,
2022106274,ゼーブルージュ,2025/08/30,船橋,晴,7,入道雲特別(3歳),11,7,9,59.8,8.0,8,川島正太,54.0,ダ,1200.0,良,75.9,1.0,6-10-10,38.3,416.0,-9.0,ザーシッダレイ,
2022106274,ゼーブルージュ,2025/07/28,船橋,晴,5,3歳二,10,1,1,142.8,9.0,3,笠野雄大,54.0,ダ,1200.0,良,75.7,0.9,4-4-5,39.0,425.0,-3.0,テンタイカンソク,40.0
2022106274,ゼーブルージュ,2025/06/30,船橋,晴,7,3歳二,6,3,3,28.1,5.0,6,臼井健太,54.0,ダ,1200.0,良,76.6,2.1,4-5-5,39.6,428.0,-1.0,キングスバリー,
2022106274,ゼーブルージュ,2025/06/02,船橋,曇,4,3歳三,11,2,2,22.9,8.0,3,笠野雄大,54.0,ダ,1200.0,稍,76.4,0.1,2-1-1,40.3,429.0,1.0,ベルスバラード,50.0
2022106274,ゼーブルージュ,2025/05/06,船橋,雨,4,3歳四,12,8,11,15.0,5.0,2,本田正重,54.0,ダ,1200.0,不,76.7,0.8,7-6-5,39.5,428.0,-10.0,バーンストレート,80.0
2022106274,ゼーブルージュ,2025/04/03,船橋,雨,2,3歳五,11,2,2,10.1,4.0,5,山本大翔,51.0,ダ,1200.0,不,77.9,1.2,7-8-8,40.2,438.0,-3.0,ウワサノデコピン,20.0
2022106274,ゼーブルージュ,2025/03/12,船橋,曇,2,3歳五,10,7,8,28.0,7.0,3,山本大翔,51.0,ダ,1200.0,稍,77.8,1.1,6-6-5,39.3,441.0,-4.0,ダンシングティアラ,50.0
2022106274,ゼーブルージュ,2024/11/26,船橋,晴,11,プルザトリガー・メモ(2歳),13,2,2,294.2,12.0,12,山本大翔,51.0,ダ,1500.0,良,100.4,3.2,9-9-12-12,39.3,445.0,9.0,アランフェスローズ,
2022106274,ゼーブルージュ,2024/10/28,船橋,曇,3,2歳110P,5,5,5,6.7,3.0,3,山本大翔,51.0,ダ,1500.0,重,102.7,0.7,2-2-2-3,42.3,436.0,3.0,ケイズエルミー,60.0
2022106274,ゼーブルージュ,2024/09/23,船橋,晴,2,2歳四,7,1,1,9.7,4.0,6,山本大翔,51.0,ダ,1200.0,稍,79.3,1.8,7-7-7,40.1,433.0,-2.0,マッチャンサンバ,
2022106274,ゼーブルージュ,2024/08/30,船橋,曇,4,ハイビスカスデビュー(2歳),5,3,3,44.8,5.0,3,山本大翔,51.0,ダ,1000.0,不,64.7,1.3,1-1,39.0,435.0,0.0,ウィルシャイン,102.5
2022106798,ヒオウギ,2026/07/14,名古屋,晴,12,金シャチ最終戦777(C),11,4,4,3.5,1.0,1,木之前葵,53.0,ダ,1500.0,良,97.8,-1.0,1-1-1,38.9,421.0,11.0,(デルマガニメデ),57.0
2022106798,ヒオウギ,2026/06/18,名古屋,晴,7,初蛍賞(C),11,1,1,9.6,6.0,3,木之前葵,53.0,ダ,1700.0,良,112.0,1.8,5-5-5,40.9,410.0,0.0,ラミントン,11.4
2022106798,ヒオウギ,2026/06/03,名古屋,晴,7,C8組,12,7,9,5.7,3.0,3,木之前葵,53.0,ダ,1500.0,重,98.2,0.4,3-2-3,40.3,410.0,-3.0,テルケンユミカグラ,11.4
2022106798,ヒオウギ,2026/05/21,名古屋,雨,2,C13組,10,1,1,8.5,4.0,3,木之前葵,53.0,ダ,1500.0,重,98.0,0.9,1-1-1,40.4,413.0,-4.0,サーフギャラクシー,11.4
2022106798,ヒオウギ,2026/05/06,名古屋,曇,1,C15組,11,8,10,2.6,1.0,6,木之前葵,53.0,ダ,1500.0,稍,98.3,0.2,6-4-4,39.5,417.0,-3.0,ブルロッソ,
2022106798,ヒオウギ,2026/03/10,名古屋,晴,10,C17組,12,6,7,2.5,1.0,2,木之前葵,53.0,ダ,1500.0,良,97.8,0.1,2-2-1,40.8,420.0,-4.0,テルケンユミガール,19.3
2022106798,ヒオウギ,2026/02/26,名古屋,晴,1,小山記念(C),10,1,1,10.4,3.0,3,細川智史,55.0,ダ,1500.0,重,96.5,1.3,6-6-6,38.7,424.0,0.0,エイシンマクルーベ,11.0
2022106798,ヒオウギ,2026/02/10,名古屋,曇,8,C19組,12,8,11,30.0,6.0,7,木之前葵,53.0,ダ,1500.0,良,99.1,1.0,2-2-5,39.9,424.0,3.0,トモエゴゼン,
2022106798,ヒオウギ,2026/01/27,名古屋,晴,7,C22組,12,3,3,58.9,7.0,2,木之前葵,53.0,ダ,1500.0,良,98.4,0.1,8-7-6,39.4,421.0,-2.0,トークダウン,19.3
2022106798,ヒオウギ,2026/01/14,名古屋,曇,2,C24組,11,6,6,30.4,7.0,3,大畑慧悟,55.0,ダ,1500.0,良,99.7,1.0,3-3-4,41.4,423.0,0.0,ノイエムジーク,11.0
2022106798,ヒオウギ,2026/01/02,名古屋,晴,4,第9回・北区に集いし(C),10,2,2,27.3,8.0,5,木之前葵,53.0,ダ,1400.0,良,92.1,1.0,5-5-6,40.5,423.0,3.0,ナンゴクジャックス,5.5
2022106798,ヒオウギ,2025/12/19,名古屋,晴,2,C24組,11,5,5,138.1,10.0,8,木之前葵,53.0,ダ,1500.0,稍,99.3,2.5,5-4-7,42.5,420.0,0.0,ヤマカツライコウ,
2022106798,ヒオウギ,2025/12/05,名古屋,晴,2,C19組,12,3,3,24.6,6.0,5,望月洵輝,55.0,ダ,920.0,良,57.7,1.4,7,37.5,420.0,-7.0,オーセンティアン,5.5
2022106798,ヒオウギ,2025/11/20,名古屋,晴,8,C18組,12,3,3,286.7,12.0,5,加藤聡一,55.0,ダ,1400.0,良,92.5,0.8,2-2-3,40.4,427.0,-1.0,サトノパトス,5.5
2022106798,ヒオウギ,2025/11/10,名古屋,晴,7,C24組,11,6,7,148.5,9.0,10,加藤聡一,55.0,ダ,1400.0,稍,94.9,3.6,5-4-8,43.8,428.0,2.0,モアサナイト,
2022106798,ヒオウギ,2025/10/29,名古屋,晴,3,C20組,12,5,6,65.9,9.0,10,加藤聡一,55.0,ダ,1400.0,良,92.9,1.9,11-9-10,40.0,426.0,0.0,セイスカーレット,
2022106798,ヒオウギ,2025/10/15,名古屋,晴,4,C18組,12,7,10,29.6,7.0,8,大畑慧悟,55.0,ダ,1400.0,重,93.5,3.1,7-7-10,42.4,426.0,10.0,ワンハート,
2022106798,ヒオウギ,2025/09/16,名古屋,晴,6,3歳10組,12,3,3,2.8,2.0,3,加藤聡一,55.0,ダ,1500.0,良,99.0,0.2,2-2-3,41.0,416.0,4.0,シンゼンマルノスケ,11.0
2022106798,ヒオウギ,2025/08/23,3新潟1,晴,4,3歳未勝利,16,8,15,344.5,15.0,15,野中悠太,55.0,芝,1800.0,良,108.8,2.7,6-4,36.5,412.0,8.0,ミエノフェアリー,
2022106798,ヒオウギ,2025/05/24,1新潟7,曇,7,3歳未勝利,16,3,5,174.2,15.0,12,石神深道,52.0,芝,1400.0,良,84.7,1.7,10-10,36.8,404.0,6.0,クリールスル,
2022106798,ヒオウギ,2025/02/22,1小倉9,晴,2,3歳未勝利,16,5,10,124.1,13.0,15,川端海翼,52.0,芝,1800.0,良,110.6,1.6,3-2-3-4,37.3,398.0,-10.0,スナークピカソ,
2022106798,ヒオウギ,2025/02/08,1小倉5,晴,2,3歳未勝利,16,4,8,75.7,12.0,15,角田大和,55.0,芝,1800.0,稍,113.0,3.5,13-13-13-16,38.7,408.0,-4.0,タガノアビー,
2022106798,ヒオウギ,2024/10/05,4新潟1,晴,6,2歳未勝利,12,7,10,3.1,1.0,7,丹内祐次,55.0,芝,1600.0,良,96.2,1.5,2-2,35.3,412.0,0.0,ネーブルオレンジ,
2022106798,ヒオウギ,2024/09/16,3中京5,晴,5,2歳新馬,11,3,3,26.2,9.0,4,吉村誠之,52.0,芝,1600.0,良,97.1,0.4,2-3-3,34.6,412.0,0.0,ゴージャス,110.0
2020100444,ターミバレンシア,2026/07/17,名古屋,晴,5,C3組,12,7,10,12.9,4.0,9,近藤颯羽,52.0,ダ,1500.0,良,98.3,1.4,3-4-6,41.0,503.0,0.0,ジェニー,
2020100444,ターミバレンシア,2026/07/03,名古屋,晴,9,田原特別(C),12,6,7,11.0,5.0,2,近藤颯羽,52.0,ダ,1700.0,稍,111.8,0.1,3-1-1,39.3,503.0,-1.0,トップパワー,26.3
2020100444,ターミバレンシア,2026/06/22,名古屋,曇,11,平原灯姫特別(C),12,6,7,38.4,9.0,7,近藤颯羽,52.0,ダ,1400.0,稍,91.7,1.6,6-6-10,39.7,504.0,8.0,オッシレイション,
2020100444,ターミバレンシア,2026/06/05,名古屋,曇,12,金シャチ最終戦(C),11,4,4,38.4,10.0,5,近藤颯羽,52.0,ダ,1500.0,稍,97.1,0.9,2-2-2,40.7,496.0,3.0,ルナフェイズ,5.7
2020100444,ターミバレンシア,2026/05/25,名古屋,晴,5,C3組,11,1,1,148.6,10.0,7,近藤颯羽,52.0,ダ,1500.0,良,98.4,0.9,1-2-5,40.2,493.0,8.0,エクメノポリス,
2020100444,ターミバレンシア,2026/05/08,名古屋,曇,3,祝45歳!キミとの未(C),10,2,2,40.2,8.0,10,近藤颯羽,52.0,ダ,1400.0,稍,93.2,2.0,3-4-7,40.5,485.0,-24.0,ウォーオブサウンド,
2020100444,ターミバレンシア,2025/11/25,名古屋,曇,9,B7組,12,7,10,48.4,8.0,11,宮下瞳,53.0,ダ,1700.0,稍,114.9,3.7,5-7-11,43.1,509.0,4.0,ノーブルシャン,
2020100444,ターミバレンシア,2025/11/13,名古屋,曇,6,C2組,11,8,10,6.7,5.0,1,望月洵輝,55.0,ダ,1500.0,稍,98.2,-0.3,4-4-5,39.9,505.0,-3.0,(フォーユーランラン),60.0
2020100444,ターミバレンシア,2025/10/17,名古屋,晴,8,鳳来峡(C),12,1,1,61.0,9.0,12,加藤聡一,55.0,ダ,1400.0,稍,94.6,4.0,4-8-9,41.8,508.0,3.0,ライフフルスマイル,
2020100444,ターミバレンシア,2025/10/02,名古屋,晴,9,B6組,12,5,6,86.1,10.0,7,加藤聡一,55.0,ダ,1400.0,良,91.9,1.3,10-10-8,39.6,505.0,4.0,スカイレイ,
2020100444,ターミバレンシア,2025/09/19,名古屋,曇,12,アジア・アジアパラ応(B),10,8,12,9.1,5.0,3,望月洵輝,55.0,ダ,1700.0,良,114.0,0.5,4-5-3,41.6,501.0,-1.0,レイグレース,13.0
2020100444,ターミバレンシア,2025/09/05,名古屋,晴,10,B7組,12,5,5,55.2,10.0,10,加藤聡一,55.0,ダ,1700.0,重,115.9,2.6,11-10-10,43.4,502.0,1.0,テルケンレンテル,
2020100444,ターミバレンシア,2025/08/21,名古屋,晴,9,B9組,11,6,7,16.8,6.0,11,望月洵輝,55.0,ダ,1500.0,良,98.4,2.7,5-5-6,40.8,501.0,1.0,ブライテン,
2020100444,ターミバレンシア,2025/07/25,名古屋,晴,12,アジア・アジアパラ応(B),12,5,5,6.3,2.0,5,望月洵輝,55.0,ダ,1500.0,良,96.5,1.4,5-6-6,39.7,500.0,3.0,ココナツキュート,6.5
2020100444,ターミバレンシア,2025/07/11,名古屋,晴,10,B11組,12,2,2,15.3,7.0,6,大畑慧悟,55.0,ダ,1700.0,良,112.3,1.6,7-8-8,40.6,497.0,-1.0,トゥラムプラッツ,
2020100444,ターミバレンシア,2025/06/18,名古屋,晴,10,B9組,10,8,10,9.4,4.0,6,望月洵輝,55.0,ダ,1500.0,良,96.7,0.7,6-6-8,38.8,498.0,-5.0,スプリングカム,
2020100444,ターミバレンシア,2025/06/06,名古屋,晴,8,B9組,11,8,12,7.5,4.0,8,望月洵輝,55.0,ダ,1500.0,良,98.5,0.9,3-5-9,40.0,503.0,1.0,ウィービースティ,
2020100444,ターミバレンシア,2025/05/23,名古屋,曇,7,B10組,12,3,3,21.4,7.0,3,望月洵輝,55.0,ダ,1700.0,良,112.9,0.6,5-8-3,40.1,502.0,-4.0,オキハル,13.0
2020100444,ターミバレンシア,2025/05/08,名古屋,晴,7,C6組,10,5,5,8.3,4.0,1,望月洵輝,55.0,ダ,1500.0,重,97.9,0.0,7-6-6,39.2,506.0,-2.0,(アウストラリス),55.0
2020100444,ターミバレンシア,2025/04/25,名古屋,曇,3,C6組,10,8,10,22.5,6.0,5,宮下瞳,53.0,ダ,1500.0,稍,99.5,1.2,4-4-7,41.8,508.0,1.0,ミクロフィラム,5.5
2020100444,ターミバレンシア,2025/04/11,名古屋,晴,5,C4組,12,5,5,43.4,9.0,10,大畑慧悟,55.0,ダ,1500.0,稍,100.4,1.4,6-6-9,40.8,507.0,-6.0,スターライトブルー,
2020100444,ターミバレンシア,2025/03/31,名古屋,曇,5,C3組,8,4,4,53.4,7.0,2,望月洵輝,54.0,ダ,1500.0,稍,98.4,1.5,4-4-3,39.8,513.0,6.0,ハットリ,17.5
2020100444,ターミバレンシア,2025/03/17,名古屋,晴,6,C3組,12,5,6,62.2,9.0,10,今井貴大,52.0,ダ,1500.0,不,99.3,3.0,4-5-8,41.9,507.0,2.0,アークプルミエ,
2020100444,ターミバレンシア,2025/02/27,名古屋,晴,12,B9組,12,6,8,76.3,11.0,11,細川智史,54.0,ダ,920.0,良,58.3,2.3,12,37.0,505.0,-1.0,シルクニードル,
2020100444,ターミバレンシア,2025/02/14,名古屋,晴,4,C5組,10,3,3,149.9,8.0,4,細川智史,54.0,ダ,1400.0,良,92.0,1.1,2-2-2,39.8,506.0,2.0,ツマヤ,7.5
2020100444,ターミバレンシア,2025/01/31,名古屋,曇,4,C5組,10,1,1,52.3,6.0,8,望月洵輝,54.0,ダ,1500.0,良,99.8,1.9,1-2-6,40.6,504.0,3.0,ファートム,
2020100444,ターミバレンシア,2025/01/03,名古屋,晴,5,C4組,10,6,6,34.6,7.0,9,宮下瞳,52.0,ダ,1500.0,良,98.9,1.3,5-6-9,39.5,501.0,-2.0,エターナルブルー,
2020100444,ターミバレンシア,2024/12/23,名古屋,晴,9,B9組,8,1,1,28.2,6.0,4,望月洵輝,53.0,ダ,1700.0,良,113.0,1.0,1-1-1,40.9,503.0,8.0,コパノモンテカルロ,9.0
2020100444,ターミバレンシア,2024/12/06,名古屋,晴,9,B8組,11,6,6,69.8,10.0,9,友森翔太,54.0,ダ,1500.0,良,99.6,2.0,3-5-7,39.6,495.0,-2.0,トーホウランボ,
2020100444,ターミバレンシア,2024/11/25,名古屋,晴,12,アジア・アジアパラ応(B),11,7,9,58.2,7.0,7,宮下瞳,52.0,ダ,1500.0,良,98.4,1.1,3-3-3,39.4,497.0,1.0,ツクバマサカド,
2020100444,ターミバレンシア,2024/11/14,名古屋,曇,10,芋の露賞(B),11,7,9,44.8,8.0,9,宮下瞳,52.0,ダ,1700.0,良,113.0,3.2,4-3-4,42.3,496.0,-3.0,セングンバンバ,
2020100444,ターミバレンシア,2024/11/01,名古屋,小雨,9,B6組,12,7,9,29.1,4.0,7,宮下瞳,52.0,ダ,1500.0,稍,98.1,1.9,3-4-6,41.8,499.0,-3.0,シャローム,
2020100444,ターミバレンシア,2024/10/21,名古屋,晴,12,アジア・アジアパラ応(B),12,2,2,40.5,6.0,7,宮下瞳,52.0,ダ,1700.0,良,113.4,2.7,1-4-5,41.6,502.0,8.0,リードブロー,
2020100444,ターミバレンシア,2024/10/04,名古屋,雨,9,B6組,12,7,10,28.4,6.0,8,宮下瞳,52.0,ダ,1500.0,不,98.0,2.5,1-1-5,42.1,494.0,4.0,デスティノ,
2020100444,ターミバレンシア,2024/09/18,名古屋,晴,7,うろこ雲特別(B),10,3,3,6.4,3.0,4,宮下瞳,52.0,ダ,1700.0,良,111.6,0.6,1-1-1,39.9,490.0,5.0,カフジリブラ,11.3
2020100444,ターミバレンシア,2024/09/06,名古屋,晴,12,鳴沢の滝特別(C),12,8,12,11.8,3.0,2,宮下瞳,52.0,ダ,1700.0,良,110.2,1.6,2-2-3,38.9,485.0,1.0,ヒラボクアルセウス,26.3
2020100444,ターミバレンシア,2024/08/23,名古屋,晴,8,C2組,11,6,6,23.1,6.0,3,宮下瞳,52.0,ダ,1500.0,良,97.4,0.4,1-1-1,40.7,484.0,1.0,リジッドウイングス,10.0
2020100444,ターミバレンシア,2024/08/09,名古屋,晴,7,C2組,10,4,4,12.9,7.0,8,宮下瞳,52.0,ダ,1500.0,良,98.5,1.2,2-2-2,41.7,483.0,4.0,シゲルノヴァ,
2020100444,ターミバレンシア,2024/07/26,名古屋,晴,8,C2組,12,5,6,9.0,3.0,9,宮下瞳,52.0,ダ,1500.0,良,97.5,1.4,7-8-8,40.3,479.0,-10.0,エドノバイオレット,
2020100444,ターミバレンシア,2024/05/16,名古屋,晴,7,B4組,12,6,8,33.1,10.0,9,加藤聡一,54.0,ダ,1500.0,重,98.2,2.3,2-7-8,41.1,489.0,0.0,ジャガンナート,
2020100444,ターミバレンシア,2024/04/24,名古屋,雨,12,春にんじん賞(B),12,8,11,23.8,9.0,7,今井貴大,54.0,ダ,1700.0,不,111.8,1.6,3-4-6,42.1,489.0,-1.0,ルビータイプ,
2020100444,ターミバレンシア,2024/03/26,名古屋,晴,8,アルレシャ特別(B),9,8,8,17.7,6.0,8,木之前葵,52.0,ダ,1500.0,不,98.0,1.2,5-6-8,41.1,490.0,-3.0,ジューントルテ,
2020100444,ターミバレンシア,2024/03/12,名古屋,晴,12,マルカブ特別(B),9,3,3,25.5,7.0,9,細川智史,54.0,ダ,1500.0,不,98.1,1.3,4-8-8,39.4,493.0,2.0,ローザキアーロ,
2020100444,ターミバレンシア,2024/02/27,名古屋,晴,10,B3組,10,8,10,11.0,4.0,5,大畑慧悟,53.0,ダ,1700.0,重,112.7,0.8,7-7-6,40.0,491.0,-4.0,グレイトフルデイズ,5.0
2020100444,ターミバレンシア,2024/02/13,名古屋,晴,9,B3組,10,8,10,4.5,2.0,7,加藤聡一,54.0,ダ,1500.0,良,98.2,1.2,5-4-4,39.2,495.0,-3.0,コトヴィア,
2020100444,ターミバレンシア,2024/01/30,名古屋,晴,9,B4組,11,5,5,22.4,7.0,2,加藤聡一,54.0,ダ,1700.0,良,112.0,0.5,2-2-1,40.9,498.0,1.0,フレッチャネーラ,17.5
2020100444,ターミバレンシア,2024/01/16,名古屋,晴,9,B4組,9,7,7,43.2,8.0,2,加藤聡一,54.0,ダ,1500.0,良,96.5,0.9,2-2-2,38.6,497.0,4.0,ハッピーミーク,17.5
2020100444,ターミバレンシア,2024/01/01,名古屋,晴,9,B3組,11,2,2,172.7,11.0,10,友森翔太,54.0,ダ,1500.0,稍,98.8,2.1,2-2-6,40.4,493.0,0.0,スキューマパーラ,
2020100444,ターミバレンシア,2023/12/13,名古屋,晴,12,モヒート賞(B),11,2,2,104.0,11.0,10,加藤聡一,54.0,ダ,1700.0,重,114.3,3.6,5-9-9,41.0,493.0,-1.0,ハクサンアルタイル,
2020100444,ターミバレンシア,2023/11/29,名古屋,晴,8,B4組,12,5,6,19.4,8.0,10,加藤聡一,54.0,ダ,1700.0,良,113.6,2.8,1-3-3,43.0,494.0,1.0,ペイシャシオン,
2020100444,ターミバレンシア,2023/11/16,名古屋,晴,9,B4組,11,5,5,40.7,6.0,4,丸野勝虎,54.0,ダ,1700.0,良,111.8,1.7,4-3-4,39.8,493.0,5.0,ローズパレード,7.5
2020100444,ターミバレンシア,2023/10/31,名古屋,晴,12,オリオン座特別(B),11,6,6,32.5,8.0,8,渡辺竜也,54.0,ダ,1700.0,良,112.3,1.9,5-8-10,40.2,488.0,1.0,アプサラー,
2020100444,ターミバレンシア,2023/10/06,名古屋,晴,10,B6組,12,7,9,5.2,3.0,1,加藤聡一,54.0,ダ,1500.0,稍,97.7,-0.1,2-2-2,40.8,487.0,2.0,(トーホウジェンマ),50.0
2020100444,ターミバレンシア,2023/09/08,名古屋,曇,9,B6組,9,1,1,2.0,1.0,7,加藤聡一,54.0,ダ,1500.0,稍,99.0,3.3,8-6-7,41.1,485.0,1.0,グレースブロード,
2020100444,ターミバレンシア,2023/08/25,名古屋,晴,8,PKC20周年記念サ(B),10,7,8,2.9,2.0,2,加藤聡一,54.0,ダ,1500.0,重,96.6,0.1,2-2-2,38.9,484.0,0.0,コスモフーディエ,17.5
2020100444,ターミバレンシア,2023/08/08,名古屋,晴,11,けやき杯(OP)(3歳),10,8,10,128.6,7.0,4,友森翔太,54.0,ダ,1700.0,良,111.4,1.5,4-5-6,40.5,484.0,2.0,クフィール,30.0
2020100444,ターミバレンシア,2023/07/14,名古屋,曇,7,C9組,12,8,11,4.7,2.0,1,加藤聡一,54.0,ダ,1500.0,重,97.0,-0.7,2-1-1,39.9,482.0,4.0,(サノワン),45.0
2020100444,ターミバレンシア,2023/06/30,名古屋,曇,7,細元優希乃祝!誕生日(C),12,3,3,6.5,4.0,6,岡部誠,54.0,ダ,1500.0,重,98.3,3.0,2-2-3,41.6,478.0,2.0,ダイセンストーム,
2020100444,ターミバレンシア,2023/05/31,名古屋,晴,11,東海ダービー(重賞),12,1,1,279.2,11.0,11,細川智史,54.0,ダ,2100.0,稍,143.0,4.8,7-10-11,44.9,476.0,3.0,セブンカラーズ,
2020100444,ターミバレンシア,2023/05/16,名古屋,晴,10,カルガモ特別(3歳),8,6,6,16.3,4.0,4,岡部誠,54.0,ダ,1500.0,稍,97.2,1.2,2-2-5,39.8,473.0,-1.0,マイネルナラティヴ,11.3
2020100444,ターミバレンシア,2023/04/20,名古屋,晴,11,東海クイーンC(重賞),12,4,4,147.7,12.0,8,細川智史,55.0,ダ,1700.0,稍,113.9,3.5,2-3-5,42.4,474.0,-4.0,セブンカラーズ,
2020100444,ターミバレンシア,2023/04/10,名古屋,晴,10,ウグイス特別(3歳),10,7,8,13.6,6.0,9,宮下瞳,52.0,ダ,1500.0,稍,100.0,3.2,3-4-6,43.4,478.0,-2.0,ペップセ,
2020100444,ターミバレンシア,2023/03/30,名古屋,晴,11,若草賞土古記念(重賞),12,7,10,191.6,12.0,10,宮下瞳,54.0,ダ,1500.0,良,98.8,3.4,11-12-11,41.3,480.0,3.0,サラキャサリン,
2020100444,ターミバレンシア,2023/02/14,名古屋,晴,10,梅桜賞(OP),12,1,1,46.5,6.0,8,宮下瞳,54.0,ダ,1700.0,重,115.6,4.7,7-9-9,43.0,477.0,-8.0,セブンカラーズ,
2020100444,ターミバレンシア,2023/01/30,名古屋,小雨,9,コハクチョウ特別(3歳),9,7,7,13.9,3.0,6,宮下瞳,52.0,ダ,1500.0,良,99.3,1.5,2-5-4,40.2,485.0,5.0,ミトノシャルマン,
2020100444,ターミバレンシア,2023/01/17,名古屋,晴,10,新春ペガサスC(重賞),12,5,6,139.4,11.0,7,今井貴大,54.0,ダ,1700.0,重,112.1,1.9,9-8-6,40.3,480.0,-3.0,リストン,
2020100444,ターミバレンシア,2023/01/01,名古屋,晴,11,若獅子盃,10,3,3,6.6,3.0,8,宮下瞳,54.0,ダ,1500.0,良,98.9,1.1,1-1-1,41.2,483.0,-4.0,トリマゴクイーン,
2020100444,ターミバレンシア,2022/11/22,名古屋,晴,11,ゴールドウィング賞(重賞),11,4,4,,,取,塚本征吾,54.0,ダ,1700.0,重,,,,,,,セブンカラーズ,
2020100444,ターミバレンシア,2022/10/26,名古屋,晴,11,弥富記念(OP),12,7,10,38.3,6.0,6,宮下瞳,54.0,ダ,1500.0,良,98.3,2.7,2-2-3,41.2,487.0,-1.0,セブンカラーズ,
2020100444,ターミバレンシア,2022/10/12,名古屋,晴,11,セレクトゴールド第4(2歳),11,2,2,2.8,2.0,2,宮下瞳,52.0,ダ,1500.0,稍,99.3,0.4,1-1-1,42.0,488.0,-5.0,ダイユウファルクス,82.5
2020100444,ターミバレンシア,2022/09/28,名古屋,曇,11,セレクトゴールド第3(2歳),12,6,8,7.0,4.0,6,宮下瞳,52.0,ダ,1500.0,良,100.3,2.1,1-2-3,43.1,493.0,5.0,トリマゴクイーン,
2020100444,ターミバレンシア,2022/09/14,名古屋,晴,10,セレクトゴールド第2(2歳),9,3,3,2.1,1.0,3,宮下瞳,52.0,ダ,1500.0,良,98.9,0.6,1-1-1,41.1,488.0,-6.0,フラワーニシキ,50.0
2020100444,ターミバレンシア,2022/09/01,名古屋,曇,7,セレクトゴールド第1(2歳),11,5,5,2.2,1.0,3,宮下瞳,52.0,ダ,1500.0,稍,100.1,1.2,2-2-2,42.9,494.0,7.0,エムエスドン,50.0
2020100444,ターミバレンシア,2022/08/04,名古屋,雨,10,2歳特別,10,4,4,2.3,1.0,1,宮下瞳,52.0,ダ,1500.0,良,98.0,0.0,1-1-1,40.8,487.0,6.0,(トリマゴクイーン),74.0
2020100444,ターミバレンシア,2022/07/07,名古屋,晴,8,2歳特別,7,6,6,1.3,1.0,1,宮下瞳,52.0,ダ,920.0,稍,56.2,-0.2,1,36.7,481.0,5.0,(トリマゴクイーン),74.0
2020100444,ターミバレンシア,2022/06/23,名古屋,晴,6,2歳特別,6,2,2,6.5,2.0,1,宮下瞳,52.0,ダ,900.0,重,55.4,-0.7,1,37.0,476.0,6.0,(エムエスドン),74.0
2020100444,ターミバレンシア,2022/06/10,名古屋,曇,3,2歳新馬,5,5,5,3.1,2.0,2,宮下瞳,52.0,ダ,900.0,稍,56.8,1.0,2,38.0,470.0,0.0,エムエスドン,52.8
2022101133,コスモコロネット,2026/07/17,名古屋,晴,12,金シャチ最終戦777(C),12,7,9,3.9,2.0,4,塚本征吾,55.0,ダ,1500.0,良,98.0,0.7,6-7-5,39.7,416.0,-1.0,メタルクラフト,8.6
2022101133,コスモコロネット,2026/07/03,名古屋,晴,7,駆け上がれ!しゃちほ(B),12,7,9,5.9,3.0,4,丹羽克輝,55.0,ダ,1500.0,稍,97.6,1.0,5-5-4,39.4,417.0,-1.0,グラスチアー,10.5
2022101133,コスモコロネット,2026/06/22,名古屋,曇,7,B14組,11,2,2,50.1,6.0,6,大原浩司,55.0,ダ,1500.0,稍,98.0,1.4,10-10-6,39.3,418.0,-1.0,ミスティブルー,
2022101133,コスモコロネット,2026/06/05,名古屋,曇,7,B11組,12,6,8,32.0,7.0,6,丹羽克輝,55.0,ダ,1500.0,稍,97.7,0.8,9-10-7,38.9,419.0,-1.0,ハクサンシャトル,
2022101133,コスモコロネット,2026/05/25,名古屋,晴,6,B14組,10,7,7,26.1,5.0,8,丹羽克輝,55.0,ダ,1500.0,良,98.1,2.2,5-7-8,39.8,420.0,5.0,エイシンマクルーベ,
2022101133,コスモコロネット,2026/05/08,名古屋,曇,8,B13組,11,4,4,274.9,10.0,6,丹羽克輝,55.0,ダ,1500.0,稍,97.4,0.7,3-3-4,39.4,415.0,-3.0,サトノパトス,
2022101133,コスモコロネット,2026/04/13,名古屋,曇,12,B12組,11,8,10,126.8,9.0,9,阪野学,55.0,ダ,1700.0,良,115.5,3.8,11-11-11,40.8,418.0,-4.0,リヴァスピナー,
2022101133,コスモコロネット,2026/03/25,名古屋,雨,5,B8組,11,2,2,38.9,6.0,11,塚本征吾,55.0,ダ,1400.0,重,94.5,4.9,5-7-10,43.0,422.0,4.0,マンノデュエット,
2022101133,コスモコロネット,2026/03/12,名古屋,晴,7,荒子運河橋賞(B),10,6,6,50.1,7.0,6,阪野学,55.0,ダ,1500.0,良,97.6,1.7,8-8-6,38.4,418.0,-6.0,アンセムバローズ,
2022101133,コスモコロネット,2026/02/23,名古屋,晴,6,駆け上がれ!しゃちほ(B),11,6,7,3.5,2.0,2,塚本征吾,55.0,ダ,1500.0,良,99.0,0.0,2-3-2,39.0,424.0,8.0,ココナツキュート,22.8
2022101133,コスモコロネット,2026/02/13,名古屋,晴,12,アジア・アジアパラ応(B),11,3,3,91.3,8.0,9,小笠原羚,51.0,ダ,1700.0,稍,115.1,2.1,5-5-9,40.2,416.0,-2.0,エンジェルナンバー,
2022101133,コスモコロネット,2026/01/30,名古屋,曇,7,紅鶴梅賞(B),12,8,11,21.7,7.0,9,小笠原羚,51.0,ダ,1700.0,良,113.5,2.8,8-10-10,40.6,418.0,1.0,オッフェンバック,
2022101133,コスモコロネット,2026/01/16,名古屋,晴,8,B9組,12,1,1,35.2,6.0,7,小笠原羚,51.0,ダ,1500.0,良,98.6,1.5,2-2-5,39.7,417.0,0.0,ララエフォール,
2022101133,コスモコロネット,2026/01/05,名古屋,晴,9,譲葉賞(B),11,8,10,19.4,5.0,2,塚本征吾,55.0,ダ,1700.0,良,112.4,1.3,2-2-3,39.0,417.0,-7.0,タイキフィアリーベ,22.8
2022101133,コスモコロネット,2025/12/22,名古屋,晴,8,B7組,12,8,12,48.2,6.0,9,丹羽克輝,55.0,ダ,1500.0,重,98.0,1.7,2-3-5,40.7,424.0,-9.0,アールオブケント,
2022101133,コスモコロネット,2025/12/09,名古屋,晴,12,B6組,12,5,6,10.3,4.0,5,塚本征吾,55.0,ダ,1500.0,良,97.4,0.8,7-7-5,40.3,433.0,5.0,レイヌドサーブル,6.5
2022101133,コスモコロネット,2025/11/11,盛岡,晴,6,B2,10,1,1,7.4,4.0,5,高橋悠里,54.0,ダ,1200.0,稍,74.3,1.1,4-3,38.0,428.0,5.0,エッシャー,4.2
2022101133,コスモコロネット,2025/10/21,盛岡,曇,9,YJSトライアルラウ(C1),12,7,9,7.5,3.0,1,石田拓郎,54.0,ダ,1200.0,稍,73.3,-0.1,12-8,36.4,423.0,2.0,(スタードラマー),60.0
2022101133,コスモコロネット,2025/10/05,水沢,曇,11,グリーンマーブル賞(C1),12,8,12,14.2,4.0,10,菅原辰徳,54.0,ダ,1600.0,稍,107.0,2.9,7-7-4-7,41.7,421.0,6.0,キタノブリッジ,
2022101133,コスモコロネット,2025/09/15,水沢,曇,7,3歳B2二組,10,2,2,37.0,8.0,4,高橋悠里,54.0,ダ,1400.0,稍,89.8,0.9,7-8-9-6,38.5,415.0,6.0,タイセイアダマス,9.1
2022101133,コスモコロネット,2025/08/18,盛岡,晴,7,3歳B2,10,7,8,4.0,3.0,3,高橋悠里,54.0,ダ,1400.0,稍,88.1,0.6,7-6,39.1,409.0,3.0,ジーニーキック,14.0
2022101133,コスモコロネット,2025/08/05,盛岡,晴,12,オパールC(重賞),14,4,6,11.6,6.0,10,高橋悠里,54.0,芝,1700.0,稍,107.8,2.4,13-13-14-10,37.2,406.0,3.0,プチプラージュ,
2022101133,コスモコロネット,2025/07/07,盛岡,晴,9,3歳B2,11,8,11,17.4,5.0,4,高橋悠里,54.0,ダ,1400.0,良,87.3,1.0,8-7,37.9,403.0,-2.0,モリオン,9.1
2022101133,コスモコロネット,2025/06/23,水沢,曇,7,3歳B2二組,11,1,1,8.3,4.0,6,吉本隆記,54.0,ダ,1400.0,稍,92.1,1.2,10-9-9-8,41.0,405.0,2.0,サンリットアワーズ,
2022101133,コスモコロネット,2025/06/10,水沢,曇,7,3歳C1一組,11,8,11,3.2,2.0,2,吉本隆記,54.0,ダ,1400.0,良,90.7,0.2,6-6-3-2,40.0,403.0,-1.0,スマイルプラス,21.0
2022101133,コスモコロネット,2025/04/26,1福島5,晴,5,3歳未勝利,16,6,11,200.5,14.0,10,橋木太希,52.0,芝,1800.0,良,108.6,1.1,5-5-6-8,36.6,404.0,0.0,ウインリベラシオン,
2022101133,コスモコロネット,2025/02/01,1東京1,晴,6,3歳未勝利,16,8,16,107.4,12.0,16,津村明秀,55.0,芝,1800.0,良,112.0,2.8,13-14-13,35.6,404.0,4.0,タイセイプランセス,
2022101133,コスモコロネット,2024/11/30,5中山1,晴,3,2歳未勝利,14,7,11,82.3,9.0,9,野中悠太,55.0,芝,2000.0,良,123.0,0.9,1-1-1-2,35.6,400.0,6.0,フクノブルーレイク,
2022101133,コスモコロネット,2024/11/16,3福島5,晴,7,2歳未勝利,16,1,1,17.2,8.0,15,丹内祐次,55.0,芝,1800.0,良,112.0,2.0,6-7-7-9,37.5,394.0,-4.0,エーオーキング,
2022101133,コスモコロネット,2024/08/03,2新潟3,曇,2,2歳未勝利,7,2,2,28.8,4.0,5,原優介,54.0,芝,1600.0,良,95.1,1.8,5-4,34.9,398.0,-4.0,アルレッキーノ,55.0
2022101133,コスモコロネット,2024/07/06,2福島3,曇,2,2歳未勝利,9,1,1,3.0,1.0,4,原優介,54.0,芝,1800.0,良,111.8,0.6,3-3-3-3,35.7,402.0,-6.0,バセリーナ,83.0
2022101133,コスモコロネット,2024/06/15,3東京5,晴,5,2歳新馬,8,6,6,80.5,7.0,2,原優介,54.0,芝,1600.0,良,95.7,0.1,6-6,33.7,408.0,0.0,ショウナンマクベス,290.0
2022102747,センビトウリョウ,2026/07/23,笠松,晴,2,祝☆裕太1歳おめでと(C),7,6,6,1.9,1.0,5,塚本征吾,55.0,ダ,1400.0,良,93.5,1.0,3-2-2,42.2,438.0,-9.0,バレオリア,4.0
2022102747,センビトウリョウ,2026/03/10,名古屋,晴,7,920m戦荒子川賞(B),11,6,6,5.8,3.0,6,友森翔太,55.0,ダ,920.0,良,58.2,1.2,4,38.2,447.0,-2.0,コーリンフウガ,
2022102747,センビトウリョウ,2026/02/11,名古屋,晴,12,920m戦シフォンケ(B),10,3,3,1.3,1.0,2,友森翔太,55.0,ダ,920.0,重,57.4,0.1,2,37.8,449.0,4.0,ナイトフォールサン,22.8
2022102747,センビトウリョウ,2026/01/29,名古屋,曇,8,920m戦小梅賞(B),12,5,5,2.3,1.0,1,友森翔太,55.0,ダ,920.0,良,56.1,-0.5,1,36.5,445.0,-2.0,(メモリードライブ),65.0
2022102747,センビトウリョウ,2026/01/16,名古屋,晴,12,ほとけのざ特別(C),12,5,5,2.3,1.0,2,友森翔太,55.0,ダ,920.0,良,56.1,0.1,1,37.0,447.0,8.0,メモリードライブ,24.5
2022102747,センビトウリョウ,2025/11/25,名古屋,小雨,1,C9組,12,2,2,1.7,1.0,1,友森翔太,55.0,ダ,920.0,稍,56.2,-1.0,1,36.8,439.0,6.0,(ケイマノキコウシ),55.0
2022102747,センビトウリョウ,2025/10/15,名古屋,晴,3,C19組,10,2,2,16.1,6.0,1,友森翔太,55.0,ダ,1400.0,重,89.4,0.0,1-1-1,38.8,433.0,-7.0,(ドルチェルナ),55.0
2022102747,センビトウリョウ,2025/09/03,名古屋,晴,2,名古屋モーニングフィ(3歳),12,4,4,11.8,5.0,11,友森翔太,55.0,ダ,1500.0,良,101.1,4.0,2-1-4,44.1,440.0,7.0,ハギビス,
2022102747,センビトウリョウ,2025/08/18,名古屋,晴,4,3歳11組,12,6,7,2.6,1.0,2,友森翔太,55.0,ダ,1500.0,良,97.8,0.9,1-1-1,40.0,433.0,17.0,レオネッサ,19.3
2022102747,センビトウリョウ,2025/06/28,2小倉1,晴,3,3歳未勝利,16,8,16,233.9,12.0,14,小沢大仁,55.0,ダ,1700.0,良,109.7,3.4,5-5-11-13,40.8,416.0,0.0,カルドウェル,
2022102747,センビトウリョウ,2025/04/27,2京都2,晴,1,3歳未勝利,15,7,13,15.7,6.0,12,松若風馬,55.0,ダ,1200.0,良,74.6,1.6,7-6,37.4,416.0,-8.0,ペプチドクレマチス,
2022102747,センビトウリョウ,2025/02/09,1小倉6,晴,1,3歳未勝利,16,8,15,11.8,4.0,11,今村聖奈,52.0,ダ,1700.0,稍,109.7,2.1,1-1-1-2,42.6,424.0,0.0,レジポッセ,
2022102747,センビトウリョウ,2025/01/12,1中京4,曇,2,3歳未勝利,16,1,2,324.3,16.0,5,今村聖奈,52.0,ダ,1400.0,良,87.3,1.8,4-3,39.7,424.0,0.0,レーティッシュ,56.0
2022102747,センビトウリョウ,2024/11/10,6京都4,晴,1,2歳未勝利,16,2,3,294.4,13.0,10,今村聖奈,52.0,ダ,1400.0,良,87.8,2.1,8-10,40.1,424.0,4.0,ポッドドンナー,
2022102747,センビトウリョウ,2024/10/20,5京都6,晴,4,2歳新馬,17,1,1,118.6,13.0,17,河原田菜,51.0,芝,1600.0,稍,97.3,2.6,10-12,37.7,420.0,0.0,エリカエクスプレス,
2023106534,メイナンファスト,2026/07/15,名古屋,晴,11,けやき杯(OP)(3歳),12,3,3,94.3,9.0,9,渡辺竜也,57.0,ダ,1700.0,良,112.2,2.5,9-9-9,40.5,487.0,-1.0,リバーサルトップ,
2023106534,メイナンファスト,2025/10/16,名古屋,雨,3,2歳2組,11,7,9,4.4,3.0,1,望月洵輝,56.0,ダ,1500.0,重,98.1,-0.5,6-5-5,40.0,488.0,11.0,(エイシンイーピン),70.0
2023106534,メイナンファスト,2025/09/18,名古屋,晴,9,セレクトゴールド第2(2歳),12,5,6,82.1,8.0,6,加藤聡一,56.0,ダ,1500.0,良,100.0,1.2,11-11-8,41.5,477.0,-7.0,ナゴヤバシリ,
2023106534,メイナンファスト,2025/09/04,名古屋,曇,8,セプテンバーフューチ(2歳),11,6,6,6.0,4.0,3,加藤聡一,56.0,ダ,1500.0,良,100.7,1.4,10-8-3,40.8,484.0,6.0,ナゴヤバシリ,20.0
2023106534,メイナンファスト,2025/08/21,名古屋,晴,3,2歳2組,9,8,9,4.3,2.0,8,加藤聡一,56.0,ダ,920.0,良,59.3,1.6,3,39.2,478.0,-4.0,テクノレモン,
2023106534,メイナンファスト,2025/07/11,名古屋,晴,6,2歳新馬,7,6,6,2.0,1.0,4,宮下瞳,54.0,ダ,900.0,良,57.1,0.8,3,38.1,482.0,0.0,ポンコツソード,30.0
2023105856,ウインマデイラ,2026/07/14,名古屋,晴,1,名古屋モーニングフィ(3歳),12,6,7,5.2,3.0,6,丹羽克輝,57.0,ダ,1500.0,良,99.3,1.7,1-1-1,44.0,475.0,-6.0,ナムラシンジロー,
2023105856,ウインマデイラ,2026/06/18,名古屋,晴,3,3歳9組,12,2,2,11.9,3.0,2,大原浩司,57.0,ダ,1500.0,良,96.6,0.3,4-4-2,39.0,481.0,3.0,カゲムシャ,21.0
2023105856,ウインマデイラ,2026/06/03,名古屋,晴,4,3歳7組,12,1,1,28.0,4.0,5,丹羽克輝,57.0,ダ,1500.0,重,98.6,2.8,3-4-4,42.1,478.0,-3.0,ノーブルトレジャー,6.0
2023105856,ウインマデイラ,2026/05/19,名古屋,晴,4,3歳10組,11,6,7,20.2,8.0,3,丹羽克輝,57.0,ダ,1500.0,良,97.6,2.5,3-3-3,40.1,481.0,19.0,アースジャッジ,12.0
2023105856,ウインマデイラ,2026/04/11,2阪神5,晴,3,3歳未勝利,13,4,5,106.6,9.0,12,国分優作,57.0,ダ,1800.0,重,117.0,5.2,8-8-9-10,42.2,462.0,8.0,ジュンドラドラ,
2023105856,ウインマデイラ,2026/03/22,1阪神10,曇,4,3歳未勝利,17,5,9,86.3,10.0,16,丹内祐次,57.0,芝,2400.0,良,151.0,2.9,4-3-4-7,37.1,454.0,-10.0,ゴールドアクセス,
2023105856,ウインマデイラ,2026/03/01,1小倉12,晴,6,3歳未勝利,16,2,3,37.1,10.0,11,石神深道,54.0,芝,1800.0,良,111.0,1.2,13-13-12-11,37.6,464.0,0.0,エクリュ,
2023101355,ペプチドプラタ,2026/07/17,名古屋,晴,1,名古屋モーニングフィ(3歳),12,2,2,3.1,2.0,2,加藤聡一,55.0,ダ,1500.0,良,98.0,0.1,8-9-6,40.0,467.0,1.0,ゴッドシュアウイン,20.0
2023101355,ペプチドプラタ,2026/06/30,名古屋,曇,3,3歳11組,12,1,1,3.9,3.0,4,友森翔太,55.0,ダ,1500.0,稍,98.2,0.9,9-9-6,39.5,466.0,12.0,ブルースプレイヤー,9.0
2023101355,ペプチドプラタ,2026/05/17,3京都8,晴,1,3歳未勝利,14,6,9,155.0,11.0,6,吉村誠之,55.0,ダ,1800.0,良,116.0,1.0,9-9-11-10,38.8,454.0,6.0,シエーナカラー,
2023101355,ペプチドプラタ,2026/03/14,1阪神7,晴,1,3歳未勝利,13,7,10,56.1,10.0,9,高倉稜,55.0,ダ,1800.0,良,118.7,2.4,13-13-13-11,39.5,448.0,0.0,シャンデヴィーニュ,
2023110022,アーデントアイ,2026/07/08,笠松,曇,9,落合宿特別(3歳),12,6,7,4.0,3.0,3,望月洵輝,57.0,ダ,1400.0,良,89.4,1.1,3-4-3,39.0,460.0,0.0,マダムカマラード,17.5
2023110022,アーデントアイ,2026/05/03,2東京4,曇,3,3歳未勝利,12,7,9,55.7,7.0,9,高杉吏麒,57.0,ダ,1600.0,稍,100.4,2.0,9-10,38.4,460.0,-2.0,マサッチェハマー,
2023110022,アーデントアイ,2026/04/12,3中山6,晴,3,3歳未勝利,14,5,8,5.3,5.0,13,ディー,57.0,ダ,1200.0,稍,74.8,2.7,8-11,39.6,462.0,18.0,タイセイブルーム,
2023110022,アーデントアイ,2025/10/13,3京都5,晴,1,2歳未勝利,8,7,7,10.7,5.0,5,高杉吏麒,56.0,ダ,1400.0,良,86.8,1.4,4-4,39.0,444.0,-2.0,ライトオブヌカタ,56.0
2023110022,アーデントアイ,2025/08/30,3新潟3,曇,5,2歳新馬,18,7,14,20.2,5.0,10,岩田望来,55.0,芝,1400.0,良,84.4,1.3,9-9,36.1,446.0,0.0,ミツカネベネラ,
2023109074,フライデイゼーン,2026/07/17,名古屋,晴,2,アジア・アジアパラ応(3歳),12,8,11,4.3,2.0,2,今井貴大,57.0,ダ,1500.0,良,98.5,0.4,4-2-1,41.0,479.0,-5.0,ゴーゴーマンゴー,20.0
2023109074,フライデイゼーン,2026/06/30,名古屋,曇,3,3歳11組,12,7,10,10.9,4.0,3,今井貴大,57.0,ダ,1500.0,稍,98.1,0.8,3-2-3,40.1,484.0,8.0,ブルースプレイヤー,12.0
2023109074,フライデイゼーン,2026/05/23,2東京9,曇,2,3歳未勝利,16,8,15,173.5,13.0,13,木幡巧也,57.0,ダ,1400.0,重,87.7,3.1,9-9,39.2,476.0,8.0,ヌクレオチド,
2023109074,フライデイゼーン,2026/03/29,3中山2,晴,3,3歳未勝利,15,2,3,42.4,7.0,13,菊沢一樹,57.0,ダ,1800.0,稍,120.2,5.5,6-6-6-8,44.9,468.0,8.0,ジェネラスキング,
2023109074,フライデイゼーン,2026/01/18,1中山7,晴,3,3歳未勝利,13,7,10,36.3,7.0,7,木幡巧也,57.0,ダ,1800.0,良,118.6,2.9,8-6-7-8,41.1,460.0,6.0,サイモフェーン,
2023109074,フライデイゼーン,2025/10/11,4東京3,雨,4,2歳新馬,16,2,4,10.6,5.0,12,丹内祐次,56.0,ダ,1400.0,稍,89.9,4.5,16-16,38.2,454.0,0.0,ウィッキドピケット,
2023106349,グラスベリー,2026/07/01,名古屋,曇,1,名古屋モーニングフィ(3歳),12,6,8,17.3,5.0,4,今井貴大,55.0,ダ,1500.0,良,97.3,1.0,7-7-5,40.1,469.0,6.0,グランドタルマエ,9.0
2023106349,グラスベリー,2026/06/16,名古屋,曇,3,3歳13組,11,8,10,4.4,2.0,2,大畑慧悟,55.0,ダ,1500.0,良,98.7,0.1,7-6-4,40.5,463.0,3.0,キーサーバー,21.0
2023106349,グラスベリー,2026/05/10,2東京6,晴,1,3歳未勝利,16,5,9,142.2,15.0,14,秋山稔樹,55.0,ダ,1600.0,良,103.5,3.6,10-10,40.6,460.0,2.0,サファイアテソーロ,
2023106349,グラスベリー,2026/04/11,3中山5,晴,1,3歳未勝利,16,7,14,255.8,15.0,6,木幡巧也,55.0,ダ,1800.0,重,116.3,3.0,9-10-9-8,40.5,458.0,-2.0,アスコットヴェール,
2023106349,グラスベリー,2026/02/10,1東京4,晴,3,3歳未勝利,16,3,6,104.9,11.0,13,野中悠太,55.0,ダ,1600.0,稍,102.1,2.4,11-11,39.5,460.0,10.0,ティルベリー,
2023106349,グラスベリー,2025/12/06,5中山1,晴,2,2歳未勝利,13,3,3,190.8,11.0,10,木幡巧也,55.0,ダ,1800.0,良,118.8,2.4,13-13-12-13,41.5,450.0,2.0,ハニーオーケストラ,
2023106349,グラスベリー,2025/11/16,3福島4,晴,6,2歳新馬,15,7,13,58.9,12.0,11,嶋田純次,55.0,ダ,1700.0,良,111.5,4.6,15-15-15-14,40.6,448.0,0.0,ロンギングフォユー,
2023107509,ピコレーヴ,2026/07/15,名古屋,晴,1,名古屋モーニングフィ(3歳),12,8,12,4.1,2.0,9,望月洵輝,55.0,ダ,1400.0,良,91.9,1.7,5-1-2,42.1,492.0,1.0,フォールティア,
2023107509,ピコレーヴ,2026/07/01,名古屋,曇,1,名古屋モーニングフィ(3歳),12,3,3,1.6,1.0,5,木之前葵,53.0,ダ,1500.0,良,97.5,1.2,2-1-4,40.7,491.0,-5.0,グランドタルマエ,6.0
2023107509,ピコレーヴ,2026/06/18,名古屋,晴,1,3歳11組,11,8,11,2.9,2.0,2,木之前葵,53.0,ダ,1500.0,良,97.4,0.0,2-2-1,38.6,496.0,16.0,トンデトンデトンデ,21.0
2023107509,ピコレーヴ,2026/05/24,2東京10,晴,3,3歳未勝利,16,3,6,90.7,9.0,16,木幡巧也,53.0,ダ,1300.0,稍,82.9,3.9,2-2,41.9,480.0,0.0,アイムインディ,
2023107509,ピコレーヴ,2026/03/15,2中山6,晴,3,3歳未勝利,16,8,15,18.8,5.0,11,木幡巧也,53.0,ダ,1200.0,良,74.6,1.8,11-10,38.5,480.0,8.0,モズタンケ,
2023107509,ピコレーヴ,2026/02/07,1東京3,曇,2,3歳未勝利,16,3,5,13.5,7.0,15,木幡巧也,53.0,ダ,1300.0,良,83.9,3.6,1-1,41.4,472.0,0.0,ジャスフォール,
2023102321,コパノカーター,2026/07/14,名古屋,晴,1,名古屋モーニングフィ(3歳),12,4,4,63.4,7.0,7,加藤聡一,57.0,ダ,1500.0,良,99.6,2.0,5-4-3,43.2,480.0,-12.0,ナムラシンジロー,
2023102321,コパノカーター,2026/06/18,名古屋,晴,4,3歳8組,12,2,2,23.0,6.0,6,塚本征吾,57.0,ダ,1500.0,良,98.5,2.3,2-2-3,40.5,492.0,6.0,ナムラライラック,
2023102321,コパノカーター,2026/05/22,名古屋,曇,3,3歳7組,11,8,10,8.2,4.0,4,加藤聡一,57.0,ダ,1500.0,重,99.2,1.5,6-6-5,41.2,486.0,-10.0,デパーチャー,9.0
2023102321,コパノカーター,2026/05/08,名古屋,曇,6,3歳8組,10,7,8,2.6,2.0,3,塚本征吾,57.0,ダ,1400.0,稍,93.1,0.6,3-3-2,40.4,496.0,-9.0,グレーターグレイ,12.0
2023102321,コパノカーター,2025/11/12,名古屋,曇,3,2歳2組,12,5,5,3.4,2.0,5,宮下瞳,54.0,ダ,1500.0,稍,100.3,0.6,6-6-1,40.8,505.0,19.0,ブルーリュバン,7.0
2023102321,コパノカーター,2025/10/11,4東京3,雨,2,2歳未勝利,16,3,5,52.4,10.0,10,杉原誠人,56.0,ダ,1300.0,良,82.5,2.4,8-7,39.0,486.0,6.0,マジッククッキー,
2023102321,コパノカーター,2025/09/27,4中山8,曇,3,2歳未勝利,16,2,4,121.0,11.0,11,杉原誠人,55.0,ダ,1200.0,良,74.1,2.3,9-9,38.3,480.0,8.0,コパノトーマス,
2023102321,コパノカーター,2025/07/05,2福島3,曇,3,2歳未勝利,9,8,9,139.8,9.0,9,石橋脩,55.0,芝,1800.0,稍,115.0,3.9,2-2-2-4,40.5,472.0,4.0,ルージュカルデア,
2023102321,コパノカーター,2025/06/08,3東京2,曇,6,2歳新馬,17,2,3,186.2,14.0,12,石橋脩,55.0,芝,1400.0,良,84.7,1.6,9-8,36.0,468.0,0.0,パープルガーネット,
2023106305,ナンヨーロイヤル,2026/07/14,名古屋,晴,1,名古屋モーニングフィ(3歳),12,7,9,2.0,1.0,5,今井貴大,57.0,ダ,1500.0,良,98.9,1.3,5-4-5,42.5,468.0,10.0,ナムラシンジロー,5.7
2023106305,ナンヨーロイヤル,2026/06/07,3東京2,曇,3,3歳未勝利,16,2,3,151.6,8.0,9,小林脩斗,57.0,ダ,1600.0,良,100.4,1.2,13-12,37.8,458.0,0.0,シンギュラリティ,
2023106305,ナンヨーロイヤル,2026/05/24,2東京10,晴,2,3歳未勝利,16,1,2,482.4,15.0,7,小林脩斗,57.0,ダ,1600.0,稍,99.1,1.2,12-12,38.1,458.0,-8.0,コパノエイダン,
2023106305,ナンヨーロイヤル,2026/05/12,川崎,晴,8,エメラルドフラワー賞(3歳),12,1,1,9.5,4.0,7,本田正重,56.0,ダ,1500.0,良,97.5,1.3,9-9-8-7,40.7,466.0,8.0,ルペイドゥロール,
2023106305,ナンヨーロイヤル,2026/03/28,3中山1,晴,4,3歳未勝利,16,4,7,61.9,7.0,10,田辺裕信,57.0,ダ,1800.0,重,116.5,2.9,15-15-15-13,38.3,458.0,-1.0,グランドスウェル,
2023106305,ナンヨーロイヤル,2026/03/12,船橋,晴,7,ベストビット特別(3歳未格),9,7,7,5.4,3.0,3,本田正重,56.0,ダ,1600.0,良,106.8,1.1,4-4-4-4,39.9,459.0,-3.0,エルリオ,62.5
2023106305,ナンヨーロイヤル,2026/02/10,1東京4,晴,1,3歳未勝利,15,2,4,9.6,4.0,10,田辺裕信,57.0,ダ,1400.0,稍,89.9,2.4,7-6,38.4,462.0,4.0,ベアハンドキャッチ,
2023106305,ナンヨーロイヤル,2025/11/29,5東京7,晴,3,2歳未勝利,12,5,6,8.7,4.0,10,佐々木大,56.0,芝,1800.0,良,109.2,1.3,4-4-5,35.2,458.0,2.0,ブリガンティン,
2023106305,ナンヨーロイヤル,2025/11/15,5東京3,晴,4,2歳未勝利,13,5,6,90.7,10.0,9,松山弘平,56.0,芝,2000.0,良,121.6,0.8,2-2-2,34.9,456.0,10.0,オルフセン,
2023106305,ナンヨーロイヤル,2025/09/28,4中山9,晴,5,2歳新馬,17,7,14,17.4,5.0,13,松山弘平,55.0,芝,2000.0,良,124.2,3.0,2-2-4-8,37.6,446.0,0.0,エピックフライト,
2023103972,クロムハーツガール,2026/07/14,名古屋,晴,1,名古屋モーニングフィ(3歳),12,1,1,168.1,9.0,12,渡辺竜也,55.0,ダ,1500.0,良,101.2,3.6,12-12-12,41.7,424.0,-9.0,ナムラシンジロー,
2023103972,クロムハーツガール,2026/07/01,名古屋,曇,3,のあち27歳おめでと(3歳),12,7,9,356.4,12.0,11,東川慎,55.0,ダ,1500.0,良,100.5,3.6,11-12-12,42.1,433.0,2.0,ツトムユニバース,
2023103972,クロムハーツガール,2026/06/22,名古屋,曇,2,3歳7組,11,8,10,183.8,11.0,11,渡辺竜也,55.0,ダ,1500.0,稍,102.7,5.4,11-11-11,42.9,431.0,4.0,アレステソーロ,
2023103972,クロムハーツガール,2026/06/02,名古屋,小雨,1,3歳6組,12,6,7,83.5,9.0,11,小笠原羚,52.0,ダ,1500.0,重,99.7,3.1,12-12-12,41.1,427.0,7.0,ブルーノザビーチ,
2023103972,クロムハーツガール,2026/05/25,名古屋,晴,4,3歳5組,11,3,3,130.6,9.0,10,今井貴大,55.0,ダ,1500.0,良,100.2,3.9,10-10-11,42.2,420.0,-15.0,イヌボウノツキ,
2023103972,クロムハーツガール,2026/05/07,名古屋,晴,2,3歳5組,10,8,10,5.8,2.0,8,丹羽克輝,55.0,ダ,1500.0,稍,100.7,3.1,4-4-10,42.9,435.0,7.0,サリー,
2023103972,クロムハーツガール,2026/04/24,名古屋,曇,2,3歳4組,12,7,10,174.1,10.0,3,丹羽克輝,55.0,ダ,1500.0,重,97.6,0.8,3-1-3,40.4,428.0,-5.0,ナムラキングダム,12.0
2023103972,クロムハーツガール,2026/04/13,名古屋,曇,2,3歳3組,12,5,5,43.2,10.0,11,丹羽克輝,55.0,ダ,1400.0,良,93.3,1.9,8-8-11,40.3,433.0,8.0,シーズンシート,
2023103972,クロムハーツガール,2026/03/24,名古屋,晴,2,3歳4組,12,8,12,41.6,6.0,4,丹羽克輝,55.0,ダ,1400.0,良,92.8,0.9,4-4-5,40.9,425.0,0.0,カレンショー,8.7
2023103972,クロムハーツガール,2026/03/09,名古屋,晴,3,3歳8組,11,6,7,7.6,4.0,2,小笠原羚,51.0,ダ,1500.0,良,99.4,0.2,5-5-4,40.5,425.0,-2.0,ストライプブルー,20.3
2023103972,クロムハーツガール,2026/02/25,名古屋,雨,1,3歳6組,11,7,9,16.3,4.0,6,丸野勝虎,55.0,ダ,1500.0,重,100.2,2.6,7-6-9,42.3,427.0,-5.0,ミトノテイオー,
2023103972,クロムハーツガール,2026/02/10,名古屋,晴,1,マイちゃんいつもあり(3歳),12,5,5,54.6,7.0,6,小笠原羚,51.0,ダ,1500.0,良,100.2,1.7,8-7-7,40.7,432.0,2.0,エイシンピリオド,
2023103972,クロムハーツガール,2026/01/27,名古屋,晴,2,3歳4組,10,7,9,16.0,5.0,8,小笠原羚,51.0,ダ,1400.0,良,94.3,2.2,7-7-8,41.0,430.0,-2.0,マイネルモンテュス,
2023103972,クロムハーツガール,2025/12/06,5中山1,晴,3,2歳未勝利,15,3,5,628.2,15.0,14,佐藤翔馬,52.0,芝,1600.0,良,97.5,2.1,14-15-15,34.6,432.0,8.0,スミッコディスコ,
2023103972,クロムハーツガール,2025/11/24,5東京6,晴,6,2歳新馬,13,6,9,312.6,13.0,12,佐藤翔馬,52.0,芝,1600.0,良,97.5,3.1,12-12,35.0,424.0,0.0,フェルミアーク,
2023100780,チェリカキング,2026/06/30,名古屋,曇,1,3歳13組,12,8,12,1.8,1.0,1,加藤聡一,57.0,ダ,1500.0,稍,97.8,-1.1,2-1-1,39.1,481.0,-8.0,(ヴィクトリアビーチ),60.0
2023100780,チェリカキング,2026/06/05,名古屋,曇,2,3歳11組,12,5,6,1.9,1.0,4,加藤聡一,57.0,ダ,1400.0,稍,92.9,1.2,11-10-9,39.0,489.0,9.0,グランヘラクレス,9.0
2023100780,チェリカキング,2025/11/11,門別,曇,2,2歳未勝利(未勝利),12,5,5,32.6,8.0,6,井上俊彦,56.0,ダ,1100.0,稍,70.0,0.8,12-9,37.7,480.0,-16.0,マサノリリー,
2023100780,チェリカキング,2025/10/28,門別,曇,1,2歳未勝利(未勝利),11,4,4,33.5,6.0,7,井上俊彦,56.0,ダ,1100.0,稍,71.2,2.1,8-7,38.3,496.0,14.0,フィールドアピール,
2023100780,チェリカキング,2025/10/14,門別,晴,1,恋するキッチンカー賞(未勝利)(2歳),8,8,8,13.8,4.0,3,井上俊彦,56.0,ダ,1100.0,稍,70.8,1.0,6-4,39.3,482.0,-12.0,シビックフォイル,10.5
2023100780,チェリカキング,2025/09/30,門別,晴,1,2歳未勝利(未勝利),8,2,2,14.2,4.0,4,井上俊彦,56.0,ダ,1100.0,良,71.1,1.1,7-7,39.3,494.0,0.0,オーヴァザトラブル,7.0
2023100780,チェリカキング,2025/09/16,門別,晴,1,2歳未勝利(未勝利),11,8,11,402.0,11.0,3,井上俊彦,56.0,ダ,1100.0,稍,70.1,0.0,5-5,39.2,494.0,0.0,ナンゴクドリーム,10.5
2023100780,チェリカキング,2025/09/03,門別,晴,3,2歳未勝利(未勝利),10,6,6,192.2,8.0,8,松井伸也,55.0,ダ,1200.0,重,78.1,2.8,7-6,39.8,494.0,12.0,マナカフ,
2023100780,チェリカキング,2025/07/15,門別,曇,2,2歳未勝利(未勝利),9,8,9,11.8,4.0,6,松井伸也,55.0,ダ,1000.0,稍,65.4,1.5,7-7,39.8,482.0,-4.0,フォーティチュード,
2023100780,チェリカキング,2025/07/01,門別,晴,1,星野王子賞(未勝利)(2歳),8,5,5,30.1,5.0,5,阿部龍,55.0,ダ,1200.0,稍,77.5,0.9,7-7,39.3,486.0,6.0,ベイビーザロック,3.5
2023100780,チェリカキング,2025/06/04,門別,曇,3,JRA認定競走アタッ(未勝利)(2歳),11,7,8,80.4,10.0,5,阿岸潤一,54.0,ダ,1200.0,重,76.5,1.9,9-9,39.3,480.0,-4.0,リバーストリート,10.5
2023100780,チェリカキング,2025/05/22,門別,曇,3,JRA認定競走フレッ(新馬)(2歳),12,6,7,104.9,10.0,9,井上俊彦,55.0,ダ,1100.0,良,71.1,2.6,7-8,39.1,484.0,0.0,エイシンイワハシル,
2023101657,ミヤムーブメント,2026/07/14,名古屋,晴,1,名古屋モーニングフィ(3歳),12,3,3,96.0,8.0,11,木之前葵,53.0,ダ,1500.0,良,100.2,2.6,9-9-9,42.7,420.0,-4.0,ナムラシンジロー,
2023101657,ミヤムーブメント,2026/07/01,名古屋,曇,3,のあち27歳おめでと(3歳),12,5,6,86.9,9.0,6,渡辺竜也,55.0,ダ,1500.0,良,97.9,1.0,8-7-8,40.7,424.0,-5.0,ツトムユニバース,
2023101657,ミヤムーブメント,2026/06/18,名古屋,晴,3,3歳9組,12,8,11,104.7,8.0,3,渡辺竜也,55.0,ダ,1500.0,良,99.0,2.7,5-5-5,41.2,429.0,5.0,カゲムシャ,12.0
2023101657,ミヤムーブメント,2026/05/22,名古屋,曇,3,3歳7組,11,6,7,31.6,6.0,6,木之前葵,53.0,ダ,1500.0,重,99.8,2.1,2-3-7,42.3,424.0,3.0,デパーチャー,
2023101657,ミヤムーブメント,2026/05/07,名古屋,晴,1,3歳6組,10,2,2,71.6,8.0,8,木之前葵,53.0,ダ,1500.0,稍,99.8,1.9,3-4-4,42.9,421.0,0.0,スターアライズ,
2023101657,ミヤムーブメント,2026/04/24,名古屋,曇,1,3歳5組,12,6,8,101.9,9.0,3,木之前葵,53.0,ダ,1500.0,重,99.2,1.1,2-2-3,41.2,421.0,0.0,マジョリカ,12.0
2023101657,ミヤムーブメント,2026/04/08,名古屋,晴,2,3歳5組,12,8,11,134.0,10.0,7,大畑雅章,55.0,ダ,1400.0,稍,93.7,2.4,4-3-7,41.4,421.0,0.0,サバイバルトゥルー,
2023101657,ミヤムーブメント,2026/03/24,名古屋,晴,1,3歳5組,11,2,2,36.8,8.0,11,渡辺竜也,55.0,ダ,1500.0,良,102.2,4.8,5-7-8,43.2,421.0,-3.0,クインズツバキ,
2023101657,ミヤムーブメント,2026/03/10,名古屋,晴,2,3歳6組,12,5,6,52.0,10.0,6,大畑雅章,55.0,ダ,1400.0,良,93.8,0.8,2-2-3,41.6,424.0,-9.0,キタカラキタマアヤ,
2023101657,ミヤムーブメント,2026/03/02,名古屋,晴,5,3歳5組,11,3,3,20.0,7.0,11,大畑雅章,55.0,ダ,1500.0,良,102.6,4.6,4-5-7,42.8,433.0,5.0,フォールティア,
2023101657,ミヤムーブメント,2026/01/27,名古屋,晴,2,3歳4組,10,6,7,6.6,2.0,4,渡辺竜也,55.0,ダ,1400.0,良,93.3,1.2,1-1-2,40.9,428.0,28.0,マイネルモンテュス,8.7
2023101657,ミヤムーブメント,2025/12/14,5中京4,曇,1,2歳未勝利,13,8,14,284.0,13.0,11,上里直汰,52.0,ダ,1800.0,稍,118.1,3.3,11-10-10-11,41.6,400.0,-2.0,ブルーメサンライズ,
2023101657,ミヤムーブメント,2025/09/06,4阪神1,晴,1,2歳未勝利,9,6,6,197.1,9.0,9,田山旺佑,52.0,ダ,1400.0,重,88.4,3.2,5-6,39.8,402.0,0.0,エブリデイ,
2023101657,ミヤムーブメント,2025/08/23,4中京1,曇,5,2歳新馬,10,7,7,189.8,10.0,7,田山旺佑,52.0,芝,1400.0,良,84.1,1.8,6-6,36.1,402.0,0.0,アルスマグナ,
2020106283,エイシンメリダ,2026/06/18,名古屋,晴,5,B8組,9,7,7,10.0,6.0,8.0,望月洵輝,55.0,ダ,1500.0,良,97.7,2.3,2-2-3,39.9,429.0,8.0,ラブリーセナ,
2020106283,エイシンメリダ,2026/05/06,名古屋,曇,5,B8組,11,8,10,21.9,5.0,8.0,木之前葵,53.0,ダ,1700.0,稍,114.4,3.3,3-4-6,43.3,421.0,10.0,ステラビアンカ,
2020106283,エイシンメリダ,2026/04/09,名古屋,曇,5,B8組,11,3,3,41.6,7.0,10.0,木之前葵,53.0,ダ,1400.0,稍,93.2,3.0,5-6-7,41.6,411.0,-24.0,アルカラス,
2020106283,エイシンメリダ,2025/10/17,名古屋,晴,10,戻り鰹特別(A),12,1,1,6.7,4.0,12.0,望月洵輝,55.0,ダ,1400.0,稍,94.2,4.5,7-8-9,43.1,435.0,3.0,カサデガ,
2020106283,エイシンメリダ,2025/09/18,名古屋,晴,12,高浜特別(A),12,7,10,3.2,1.0,4.0,望月洵輝,55.0,ダ,1700.0,良,113.2,1.2,5-5-4,40.8,432.0,2.0,マイネルナラティヴ,18.0
2020106283,エイシンメリダ,2025/09/02,名古屋,晴,12,カシオペア座特別(B),12,6,7,3.9,2.0,1.0,木之前葵,53.0,ダ,1700.0,良,112.0,-0.1,1-1-1,40.2,430.0,2.0,(シークレットマター),100.0
2020106283,エイシンメリダ,2025/08/19,名古屋,晴,9,B3組,10,1,1,3.2,2.0,1.0,望月洵輝,55.0,ダ,1700.0,良,109.9,-0.8,1-1-1,39.7,428.0,2.0,(ユアグローリー),65.0
2020106283,エイシンメリダ,2025/07/21,名古屋,晴,10,B4組,12,7,9,5.7,3.0,2.0,望月洵輝,55.0,ダ,1500.0,良,96.1,0.5,2-2-2,37.8,426.0,0.0,シークレットマター,22.8
2020106283,エイシンメリダ,2025/07/07,名古屋,晴,9,B5組,11,8,11,9.8,6.0,4.0,望月洵輝,55.0,ダ,1700.0,良,111.4,0.9,4-5-3,40.7,426.0,7.0,ミソ,9.8
2020106283,エイシンメリダ,2025/06/13,名古屋,晴,11,ベガ特別(B),11,1,1,17.8,7.0,4.0,望月洵輝,55.0,ダ,1500.0,稍,97.8,1.9,5-5-5,39.1,419.0,-1.0,ジャコムスビ,12.8
2020106283,エイシンメリダ,2025/06/04,名古屋,晴,12,B3組,12,7,9,15.7,7.0,3.0,木之前葵,53.0,ダ,920.0,稍,57.1,0.4,3,37.5,420.0,4.0,エドノバイオレット,13.0
2020106283,エイシンメリダ,2025/05/06,名古屋,曇,12,ちまき賞(B),12,3,3,44.3,7.0,12.0,木之前葵,53.0,ダ,1700.0,不,115.8,4.5,6-9-11,43.3,416.0,-7.0,コヴィーニャ,
2020106283,エイシンメリダ,2025/04/22,名古屋,小雨,12,B3組,12,5,6,25.2,7.0,6.0,木之前葵,53.0,ダ,1500.0,良,98.3,1.0,3-5-6,40.6,423.0,-2.0,ボールドライ,
2020106283,エイシンメリダ,2025/04/08,名古屋,曇,9,ハマル特別(B),12,7,9,11.4,4.0,5.0,望月洵輝,55.0,ダ,1700.0,良,113.7,1.3,3-3-4,41.5,425.0,3.0,カナラクリーク,8.5
2020106283,エイシンメリダ,2025/03/14,名古屋,晴,11,豊山特別(A),12,6,7,71.6,9.0,8.0,望月洵輝,54.0,ダ,1500.0,稍,97.8,1.5,6-6-8,40.8,422.0,-4.0,ソーラレイ,
2020106283,エイシンメリダ,2025/02/28,名古屋,曇,9,いがまんじゅう特別(A),12,3,3,67.9,9.0,9.0,塚本征吾,54.0,ダ,1500.0,良,97.7,3.1,1-2-6,41.3,426.0,-2.0,アメリカンランナー,
2020106283,エイシンメリダ,2025/01/29,名古屋,晴,9,大治特別(A),10,5,5,67.6,6.0,7.0,望月洵輝,54.0,ダ,1400.0,良,90.8,2.2,1-1-4,40.0,428.0,-6.0,メイショウタイセツ,
2020106283,エイシンメリダ,2025/01/16,名古屋,晴,9,江南特別(A),7,1,1,28.6,7.0,7.0,望月洵輝,54.0,ダ,1500.0,良,99.6,3.4,6-7-7,41.7,434.0,10.0,コトヴィア,
2020106283,エイシンメリダ,2024/12/05,名古屋,晴,12,真鯛特別(A),12,5,5,27.3,8.0,4.0,望月洵輝,53.0,ダ,1700.0,良,110.2,0.8,3-3-4,39.8,424.0,-1.0,エルナーニ,18.0
2020106283,エイシンメリダ,2024/11/25,名古屋,晴,10,鰹特別(A),11,6,7,8.5,4.0,3.0,望月洵輝,53.0,ダ,1500.0,良,97.1,0.2,3-2-2,38.3,425.0,-3.0,ブライトファントム,24.0
2020106283,エイシンメリダ,2024/11/13,名古屋,晴,12,豊田特別(A),10,5,6,8.4,4.0,7.0,望月洵輝,53.0,ダ,1500.0,良,97.1,0.9,1-1-2,39.3,428.0,0.0,エイシンメヌエット,
2020106283,エイシンメリダ,2024/10/30,名古屋,晴,11,鮑特別(A),12,6,7,10.8,5.0,6.0,塚本征吾,54.0,ダ,920.0,重,56.6,1.2,4,37.4,428.0,-3.0,ハッピーミーク,
2020106283,エイシンメリダ,2024/10/21,名古屋,晴,11,ダリア特別(A),11,6,8,6.1,3.0,8.0,望月洵輝,53.0,ダ,1500.0,良,95.8,0.6,3-3-3,38.7,431.0,3.0,ゼントユウイ,
2020106283,エイシンメリダ,2024/09/04,名古屋,晴,10,高浜特別(A),11,5,5,3.5,1.0,1.0,望月洵輝,52.0,ダ,1500.0,良,94.8,-0.1,2-2-1,38.3,428.0,11.0,(ブルーリヴァーサル),100.0
2020106283,エイシンメリダ,2024/08/07,名古屋,晴,11,風鈴特別(A),11,6,6,21.9,7.0,1.0,望月洵輝,51.0,ダ,1700.0,良,110.5,-0.5,1-2-2,38.4,417.0,1.0,(エコロエース),90.0
2020106283,エイシンメリダ,2024/07/01,金沢,曇,8,ベゴニア賞(B2以下),8,7,7,5.5,3.0,7.0,吉田晃浩,54.0,ダ,1400.0,重,91.7,3.5,4-5-6-7,40.7,416.0,-5.0,ホウオウジュレップ,
2020106283,エイシンメリダ,2024/06/18,金沢,曇,10,B22,8,7,7,5.7,2.0,3.0,吉田晃浩,54.0,ダ,1400.0,良,90.0,1.4,2-2-2-3,39.3,421.0,-4.0,ウメタロウ,7.2
2020106283,エイシンメリダ,2024/06/04,金沢,曇,11,これから旬!打木赤皮(B2),10,1,1,9.2,4.0,4.0,吉田晃浩,54.0,ダ,1500.0,良,97.7,1.1,1-1-1-2,40.8,425.0,4.0,ジャストインタイム,5.7
2020106283,エイシンメリダ,2024/05/21,金沢,曇,12,金沢競馬B2プレミア,8,1,1,19.2,6.0,7.0,吉田晃浩,54.0,ダ,1500.0,稍,97.5,2.1,3-3-4-5,40.7,421.0,0.0,ジェイエルフラッグ,
2020106283,エイシンメリダ,2023/12/25,金沢,雨,7,クリスマスパレード賞(B1以下),7,3,3,2.7,2.0,1.0,吉田晃浩,53.0,ダ,1400.0,不,89.6,-0.2,2-2-2-2,38.0,421.0,-9.0,(ファームフレッシュ),48.0
2020106283,エイシンメリダ,2023/12/18,金沢,雨,10,ゆず湯特別(B2),10,7,9,1.3,1.0,1.0,吉田晃浩,54.0,ダ,1400.0,不,89.7,0.0,2-2-2-2,38.9,430.0,1.0,(アレレブルー),45.0
2020106283,エイシンメリダ,2023/12/05,金沢,曇,8,金沢おでん賞(B2),9,4,4,2.1,2.0,2.0,栗原大河,54.0,ダ,1500.0,重,96.5,0.3,1-1-1-1,38.7,429.0,3.0,ビナプリンセス,14.0
2020106283,エイシンメリダ,2023/11/19,金沢,曇,10,ポイントで馬券を買え(B2),0,1,1,,,,栗原大河,54.0,ダ,1500.0,不,,,,,436.0,10.0,,
2020106283,エイシンメリダ,2023/10/24,金沢,晴,7,第30回ナナナナナナ(B2),11,8,11,1.0,1.0,1.0,栗原大河,54.0,ダ,1500.0,稍,97.5,-1.1,2-2-1-1,39.1,426.0,0.0,(ハートリープ),44.0
2020106283,エイシンメリダ,2023/10/10,金沢,曇,8,いしかわ百万石文化祭(C1),7,7,7,16.7,4.0,2.0,栗原大河,54.0,ダ,1400.0,不,88.4,0.1,1-1-1-1,38.5,426.0,-2.0,ジェネロジテ,15.0
2020106283,エイシンメリダ,2023/09/26,金沢,曇,2,地方競馬教養センター(C1),9,5,5,2.2,2.0,1.0,栗原大河,54.0,ダ,1400.0,稍,90.0,-1.3,2-2-1-1,38.9,428.0,7.0,(ビッグアメリカン),42.0
2020106283,エイシンメリダ,2023/04/18,金沢,雨,7,能登禄剛崎賞(未勝利)(3歳),8,8,8,51.2,5.0,5.0,吉田晃浩,54.0,ダ,1500.0,重,97.9,1.9,1-2-2-2,40.2,421.0,0.0,アナザーエース,8.5
2020106283,エイシンメリダ,2023/04/04,金沢,晴,6,バイライト特別(3歳),6,5,5,9.4,4.0,3.0,今村聖奈,51.0,ダ,1500.0,良,99.1,2.5,2-2-2-3,40.3,421.0,-1.0,マリンデュンデュン,8.4
2020106283,エイシンメリダ,2023/03/13,金沢,曇,9,カイヤナイト特別(3歳),6,6,6,4.5,2.0,5.0,魚住謙心,54.0,ダ,1500.0,不,97.0,0.5,1-1-1-1,40.4,422.0,1.0,エムオージェネラル,5.3
2020106283,エイシンメリダ,2022/12/25,金沢,,4,楽天競馬のスマホ投票(2歳),0,4,4,,,,吉田晃浩,54.0,ダ,1400.0,,,,,,,,,
2020106283,エイシンメリダ,2022/12/24,金沢,,4,楽天競馬のスマホ投票(2歳),0,4,4,,,,吉田晃浩,54.0,ダ,1400.0,,,,,,,,,
2020106283,エイシンメリダ,2022/12/11,金沢,雨,6,新星特別(2歳),8,4,4,17.3,3.0,2.0,栗原大河,54.0,ダ,1500.0,不,95.8,0.0,3-3-4-3,38.8,421.0,-1.0,ダイヤモンドライン,19.2
2020106283,エイシンメリダ,2022/11/27,金沢,晴,4,プリムラ賞(2歳以下),7,4,4,1.2,1.0,1.0,吉田晃浩,54.0,ダ,1500.0,良,97.6,-0.4,1-1-1-1,39.4,422.0,0.0,(マーブルミミ),55.0
2020106283,エイシンメリダ,2022/11/15,金沢,晴,4,持田裕☆アンナイメー(2歳),10,8,9,2.0,1.0,2.0,吉田晃浩,54.0,ダ,1500.0,稍,97.1,0.1,1-3-2-2,38.6,422.0,-4.0,ベストオーシャン,17.6
2020106283,エイシンメリダ,2022/10/18,金沢,曇,11,金沢シンデレラC(重賞),8,3,3,202.8,8.0,6.0,吉田晃浩,54.0,ダ,1500.0,稍,98.0,2.5,3-3-8-7,39.1,426.0,4.0,ショウガタップリ,
2020106283,エイシンメリダ,2022/10/04,金沢,曇,6,若武者特別(2歳),8,6,6,27.9,4.0,3.0,吉田晃浩,54.0,ダ,1500.0,良,99.5,1.6,6-6-4-3,41.2,422.0,0.0,ノブノビスケッツ,9.6
2020106283,エイシンメリダ,2022/09/20,金沢,曇,3,2歳3,7,7,7,2.0,2.0,1.0,吉田晃浩,54.0,ダ,1400.0,不,93.3,-0.5,2-2-1-1,40.9,422.0,6.0,(ブルーシャトー),55.0
2020106283,エイシンメリダ,2022/08/03,門別,曇,2,平取中応援ファンファ(未勝利)(2歳),8,8,9,11.5,5.0,5.0,中越琉世,54.0,ダ,1000.0,重,62.8,1.2,6-6,38.4,416.0,-2.0,ネロブルグ,3.5
2020106283,エイシンメリダ,2022/07/20,門別,曇,3,2歳未勝利(未勝利),11,4,4,28.6,6.0,10.0,黒澤愛斗,54.0,ダ,1000.0,不,62.6,1.5,8-7,38.0,418.0,-4.0,アエリアン,
2020106283,エイシンメリダ,2022/07/07,門別,曇,4,JRA認定フレッシュ(新馬)(2歳),8,5,5,19.7,6.0,4.0,桑村真明,54.0,ダ,1000.0,良,62.8,0.6,5-4,37.8,422.0,0.0,リュウノアスラーム,30.8
2020102443,リストン,2026/07/17,名古屋,晴,12,金シャチ最終戦777(C),12,4,4,46.5,11.0,5,阪野学,57.0,ダ,1500.0,良,98.1,0.8,8-8-6,39.7,469.0,-3.0,メタルクラフト,5.7
2020102443,リストン,2026/07/02,名古屋,曇,6,たいよう&えみ結婚お(B),12,7,10,181.1,12.0,9,阪野学,57.0,ダ,1500.0,不,97.6,2.9,10-10-10,40.3,472.0,6.0,カワテンティアラ,
2020102443,リストン,2026/06/19,名古屋,晴,6,健太まだ若いぞ!35(B),9,8,8,42.6,7.0,9,阪野学,57.0,ダ,1500.0,良,98.7,2.7,9-9-9,40.4,466.0,-3.0,テーオーニルソン,
2020102443,リストン,2026/05/22,名古屋,曇,10,B10組,10,8,9,87.5,8.0,8,阪野学,57.0,ダ,1500.0,重,98.2,1.8,8-8-6,39.8,469.0,-3.0,アールオブケント,
2020102443,リストン,2026/05/07,名古屋,晴,10,アルファルド賞(B),10,7,8,33.5,7.0,10,阪野学,57.0,ダ,1400.0,良,93.2,3.7,7-8-9,41.8,472.0,4.0,アルデスト,
2020102443,リストン,2026/04/23,名古屋,雨,8,B7組,12,5,6,93.8,11.0,6,阪野学,57.0,ダ,1500.0,不,96.4,2.5,9-9-6,39.6,468.0,-1.0,デスティニーホープ,
2020102443,リストン,2026/04/10,名古屋,小雨,8,B9組,11,8,10,46.5,6.0,9,阪野学,57.0,ダ,1400.0,不,91.6,1.9,5-4-7,41.5,469.0,2.0,ピコブルー,
2020102443,リストン,2026/03/24,名古屋,晴,7,"1,700m戦三崎池(B)",12,7,10,19.2,7.0,10,阪野学,57.0,ダ,1700.0,良,115.1,3.4,8-9-10,41.7,467.0,0.0,バレアリックシー,
2020102443,リストン,2026/03/09,名古屋,晴,10,"1,500m戦新川賞(B)",9,6,6,82.6,8.0,5,阪野学,57.0,ダ,1500.0,良,96.8,1.2,4-5-7,39.8,467.0,6.0,ゴラッソゴール,6.5
2020102443,リストン,2026/02/25,名古屋,曇,8,B4組,10,7,8,107.6,8.0,5,阪野学,57.0,ダ,1500.0,不,96.8,1.3,5-5-3,39.8,461.0,-8.0,アースノイド,6.5
2020102443,リストン,2026/02/11,名古屋,晴,9,B5組,10,1,1,35.1,8.0,7,阪野学,57.0,ダ,1500.0,重,100.4,2.6,5-8-8,43.0,469.0,0.0,ボルドーリスクレス,
2020102443,リストン,2026/01/28,名古屋,晴,12,B4組,11,3,3,47.6,7.0,4,阪野学,57.0,ダ,1500.0,良,97.6,1.1,5-4-4,40.0,469.0,-2.0,エイシンガウディ,9.8
2020102443,リストン,2026/01/03,名古屋,曇,9,良い将来を願う蓮根賞(B),12,5,5,30.7,6.0,12,阪野学,57.0,ダ,1500.0,稍,99.1,2.5,6-6-10,41.9,471.0,3.0,オオタニズスマイル,
2020102443,リストン,2025/12/19,名古屋,晴,12,B3組,11,5,5,16.6,5.0,8,阪野学,57.0,ダ,1400.0,稍,91.3,1.9,5-4-4,40.1,468.0,-3.0,シャッフルガール,
2020102443,リストン,2025/12/05,名古屋,晴,9,B3組,12,5,5,9.6,5.0,3,阪野学,57.0,ダ,1700.0,良,112.2,0.8,6-5-5,40.6,471.0,-3.0,コパノデーヴィド,13.0
2020102443,リストン,2025/11/21,名古屋,晴,10,金盞香賞(B),12,8,11,5.3,4.0,2,筒井勇介,57.0,ダ,1500.0,良,96.7,0.4,8-3-2,39.5,474.0,0.0,スパルタンワールド,22.8
2020102443,リストン,2025/11/11,名古屋,晴,12,B5組,11,3,3,24.3,9.0,4,阪野学,57.0,ダ,920.0,稍,56.9,0.6,6,36.7,474.0,2.0,ハクサンクラーケン,9.8
2020102443,リストン,2025/10/29,名古屋,晴,8,B5組,11,2,2,170.2,11.0,3,阪野学,57.0,ダ,1500.0,良,97.9,0.8,9-9-7,39.7,472.0,5.0,アースノイド,13.0
2020102443,リストン,2025/09/16,名古屋,晴,11,おとめ座特別(B),11,2,2,221.1,11.0,11,阪野学,57.0,ダ,1500.0,良,100.9,3.1,8-8-8,41.5,467.0,3.0,ミクロフィラム,
2020102443,リストン,2025/08/18,名古屋,晴,9,デネブ特別(B),12,4,4,18.6,4.0,12,阪野学,57.0,ダ,1400.0,良,93.2,5.1,10-10-11,41.1,464.0,-1.0,タナバタ,
2020102443,リストン,2025/07/18,名古屋,曇,12,かんむり座特別(B),12,5,6,42.3,10.0,5,阪野学,57.0,ダ,1400.0,不,89.5,1.3,11-11-6,38.3,465.0,-4.0,ジュンフィレンツェ,10.0
2020102443,リストン,2025/07/08,名古屋,晴,10,B3組,11,4,4,53.5,8.0,4,阪野学,57.0,ダ,1700.0,良,111.3,0.4,8-7-5,40.3,469.0,-3.0,ランペイジシチー,9.8
2020102443,リストン,2025/06/27,名古屋,晴,10,飛島特別(A),12,3,3,86.1,8.0,12,大畑慧悟,57.0,ダ,1500.0,稍,98.2,2.8,6-5-8,41.5,472.0,2.0,エバーシンス,
2020102443,リストン,2025/06/17,名古屋,晴,12,青葉特別(A),11,6,6,22.6,7.0,7,望月洵輝,57.0,ダ,1500.0,稍,97.1,2.6,2-2-5,41.2,470.0,6.0,ノーモアワーズ,
2020102443,リストン,2025/05/21,名古屋,曇,11,草笛特別(A),12,8,11,64.9,9.0,10,阪野学,57.0,ダ,1500.0,良,99.7,2.4,7-5-8,40.9,464.0,-9.0,エピックナイト,
2020102443,リストン,2025/05/08,名古屋,晴,10,薫風特別(A),11,6,6,93.5,9.0,10,阪野学,57.0,ダ,1500.0,重,99.0,2.8,9-9-8,41.7,473.0,7.0,イッツナッシング,
2020102443,リストン,2025/04/23,名古屋,曇,11,一宮特別(A),10,2,2,80.5,10.0,8,阪野学,57.0,ダ,1500.0,不,97.5,2.2,9-7-7,39.5,466.0,3.0,マンノライトニング,
2020102443,リストン,2025/04/09,名古屋,晴,12,新城特別(A),12,8,12,9.4,5.0,10,阪野学,57.0,ダ,1400.0,良,92.3,1.3,6-5-7,40.2,463.0,3.0,リョウライライ,
2020102443,リストン,2025/03/27,名古屋,曇,12,萌芽特別(A),12,7,10,9.5,4.0,11,阪野学,56.0,ダ,1500.0,稍,98.2,1.9,6-5-8,40.9,460.0,-2.0,シトロンヴェール,
2020102443,リストン,2025/03/14,名古屋,晴,11,豊山特別(A),12,1,1,7.9,3.0,10,阪野学,56.0,ダ,1500.0,稍,98.2,1.9,3-4-4,41.9,462.0,-5.0,ソーラレイ,
2020102443,リストン,2025/02/11,名古屋,晴,12,ショコラ特別(A),10,6,6,7.0,4.0,1,阪野学,56.0,ダ,1400.0,稍,90.9,-0.2,9-9-3,38.4,467.0,-4.0,(マロンアイス),90.0
2020102443,リストン,2025/01/28,名古屋,晴,11,寄せ鍋特別(A),9,7,7,3.7,3.0,6,阪野学,56.0,ダ,1700.0,良,112.0,1.1,7-6-4,39.8,471.0,4.0,ソーラレイ,
2020102443,リストン,2025/01/02,名古屋,晴,12,初夢特別(A),10,7,9,2.5,1.0,7,阪野学,56.0,ダ,1500.0,良,97.5,1.3,2-2-4,40.0,467.0,-6.0,ナムラエヴァ,
2020102443,リストン,2024/02/29,名古屋,雨,11,閏日昇竜戦(A),9,8,9,3.6,2.0,2,渡辺竜也,56.0,ダ,1700.0,重,109.4,0.2,4-3-3,39.9,473.0,1.0,アルバーシャ,52.5
2020102443,リストン,2024/02/01,名古屋,晴,10,如月昇竜戦(A),11,8,10,10.8,5.0,1,渡辺竜也,56.0,ダ,1700.0,稍,109.8,0.0,7-5-5,38.5,472.0,0.0,(ロードランヴェルセ),150.0
2020102443,リストン,2024/01/04,名古屋,晴,11,名古屋記念(重賞),12,8,11,41.0,8.0,10,丸野勝虎,57.0,ダ,1500.0,良,96.2,1.8,3-3-3,40.9,472.0,7.0,ブンブンマル,
2020102443,リストン,2023/12/01,名古屋,晴,11,トパーズOP(A),8,4,4,6.1,4.0,3,丸野勝虎,56.0,ダ,1500.0,良,95.5,0.2,3-2-1,39.5,465.0,-2.0,コンビーノ,44.0
2020102443,リストン,2023/11/06,名古屋,雨,11,シトリンOP(A),9,1,1,2.9,2.0,7,丸野勝虎,56.0,ダ,1700.0,稍,112.1,1.9,8-7-6,39.8,467.0,0.0,セイエクシード,
2020102443,リストン,2023/09/22,名古屋,晴,11,秋の鞍(重賞),12,5,5,37.0,7.0,4,丸野勝虎,56.0,ダ,1500.0,重,95.1,0.5,7-7-3,39.5,467.0,3.0,ナイトオブバンド,120.0
2020102443,リストン,2023/08/30,笠松,雨,11,岐阜金賞(重賞),12,1,1,2.4,1.0,8,丸野勝虎,56.0,ダ,1900.0,重,126.8,2.5,5-5-3-3,40.7,464.0,8.0,ペップセ,
2020102443,リストン,2023/07/20,笠松,晴,11,ブルームC(OP)(3歳),10,2,2,1.3,1.0,2,丸野勝虎,57.0,ダ,1800.0,良,120.0,0.5,1-1-1-1,42.0,456.0,-6.0,ペップセ,70.0
2020102443,リストン,2023/05/31,名古屋,晴,11,東海ダービー(重賞),12,7,9,3.3,2.0,3,丸野勝虎,56.0,ダ,2100.0,稍,139.0,0.8,2-2-3,42.2,462.0,1.0,セブンカラーズ,200.0
2020102443,リストン,2023/05/03,名古屋,晴,11,駿蹄賞(重賞),12,2,2,1.4,1.0,1,丸野勝虎,56.0,ダ,2000.0,良,130.0,-0.6,1-1-1,38.9,461.0,3.0,(マロンアイス),700.0
2020102443,リストン,2023/04/05,笠松,曇,11,新緑賞(重賞),10,8,10,1.6,1.0,1,丸野勝虎,56.0,ダ,1600.0,良,103.5,-0.1,3-2-2,39.0,458.0,-2.0,(ブレイブゾロ),300.0
2020102443,リストン,2023/02/28,名古屋,晴,10,スプリングC(重賞),12,7,10,8.9,3.0,3,丸野勝虎,56.0,ダ,1700.0,良,111.6,1.3,2-2-2,40.9,460.0,7.0,セブンカラーズ,120.0
2020102443,リストン,2023/01/17,名古屋,晴,10,新春ペガサスC(重賞),12,3,3,1.8,1.0,1,阪野学,56.0,ダ,1700.0,重,110.2,-0.5,2-2-1,39.6,453.0,-7.0,(エムエスドン),500.0
2020102443,リストン,2022/12/05,名古屋,晴,9,2歳特別,12,5,5,1.5,1.0,1,阪野学,55.0,ダ,1500.0,良,97.0,-0.6,2-1-1,39.1,460.0,-2.0,(ヤノニノキセキ),74.0
2020102443,リストン,2022/11/03,門別,曇,9,JBC2歳優駿(JpnIII),13,8,12,239.6,13.0,10,阪野学,55.0,ダ,1800.0,重,116.0,2.5,5-4-4-5,41.4,462.0,6.0,ゴライコウ,
2020102443,リストン,2022/10/11,門別,晴,5,新冠産米「判官伝説」(OP)(2歳),7,2,2,10.4,3.0,3,岩橋勇二,56.0,ダ,1700.0,不,108.3,0.2,6-6-7-5,38.5,456.0,2.0,ニシケンボブ,21.0
2020102443,リストン,2022/09/28,門別,晴,7,サファイア特別(OP)(2歳),12,1,1,106.3,11.0,1,阪野学,55.0,ダ,1200.0,稍,74.4,-0.4,10-5,38.0,454.0,4.0,(キモンアップル),100.0
2020102443,リストン,2022/09/14,門別,晴,7,2歳OP(OP),10,7,7,47.1,9.0,6,岩橋勇二,54.0,ダ,1000.0,良,64.2,1.0,5-3,39.7,450.0,-2.0,エイシンケプラー,
2020102443,リストン,2022/08/31,門別,雨,9,2歳OP(OP),9,4,4,140.8,9.0,3,岩橋勇二,54.0,ダ,1200.0,不,74.0,0.9,8-6,38.0,452.0,-4.0,アンフォラ,14.7
2020102443,リストン,2022/08/16,門別,曇,6,2歳OP(OP),8,8,8,25.0,5.0,7,阪野学,54.0,ダ,1000.0,不,61.9,1.6,4-4,38.4,456.0,-4.0,サワヤカローズ,
2020102443,リストン,2022/07/27,門別,曇,8,JRA認定ウィナーズ(OP)(2歳),11,7,9,26.6,9.0,9,阪野学,54.0,ダ,1200.0,良,75.7,2.0,8-10,39.8,460.0,0.0,スペシャルエックス,
2020102443,リストン,2022/07/13,門別,曇,9,JRA認定ターフチャ(OP)(2歳),8,7,7,8.6,6.0,8,阪野学,54.0,ダ,1800.0,良,124.5,4.9,1-1-1-2,46.4,460.0,8.0,タイガーチャージ,
2020102443,リストン,2022/06/02,門別,曇,4,JRA認定アタックチ(未勝利)(2歳),11,6,7,2.2,1.0,1,阪野学,54.0,ダ,1700.0,重,111.6,-0.3,1-1-1-1,41.8,452.0,-2.0,(コンテパルティロ),120.0
2020102443,リストン,2022/05/12,門別,晴,6,JRA認定フレッシュ(新馬)(2歳),9,1,1,2.5,1.0,2,阪野学,54.0,ダ,1100.0,良,69.4,0.2,7-8,38.7,454.0,0.0,パワトゥザピープル,70.0
2022100114,フローラビーナス,2026/07/17,名古屋,晴,6,C2組,12,6,7,48.7,8.0,6,東川慎,55.0,ダ,1400.0,良,91.6,1.6,12-10-8,38.8,483.0,-5.0,イザベルソレイユ,
2022100114,フローラビーナス,2026/07/02,名古屋,曇,8,カササギ賞(B),12,8,11,67.5,10.0,10,丹羽克輝,55.0,ダ,1400.0,不,90.8,2.4,5-6-9,40.4,488.0,-4.0,オッシレイション,
2022100114,フローラビーナス,2026/06/19,名古屋,晴,7,B9組,9,7,7,23.9,7.0,6,近藤颯羽,52.0,ダ,1700.0,良,112.1,1.4,7-8-7,39.4,492.0,-5.0,スフレ,
2022100114,フローラビーナス,2026/06/04,名古屋,晴,6,もさ11歳おめでとう(B),11,7,9,34.0,7.0,9,明星晴大,55.0,ダ,1500.0,稍,98.0,1.5,11-11-11,39.1,497.0,6.0,オイナリサン,
2022100114,フローラビーナス,2026/05/22,名古屋,曇,12,B9組,10,3,3,90.2,10.0,8,近藤颯羽,52.0,ダ,1400.0,重,91.9,2.0,9-10-10,39.9,491.0,-2.0,バイバイダーリン,
2022100114,フローラビーナス,2026/05/07,名古屋,晴,10,アルファルド賞(B),10,8,9,34.6,8.0,6,近藤颯羽,52.0,ダ,1400.0,良,91.4,1.9,10-10-10,39.1,493.0,4.0,アルデスト,
2022100114,フローラビーナス,2026/04/23,名古屋,雨,8,B7組,12,7,9,16.3,7.0,10,近藤颯羽,52.0,ダ,1500.0,不,97.2,3.3,11-11-9,39.9,489.0,-1.0,デスティニーホープ,
2022100114,フローラビーナス,2026/04/10,名古屋,小雨,8,B9組,11,2,2,5.8,3.0,10,渡辺竜也,55.0,ダ,1400.0,不,92.1,2.4,10-11-11,40.2,490.0,4.0,ピコブルー,
2022100114,フローラビーナス,2026/03/23,名古屋,晴,10,桜双華(B),8,2,2,48.9,6.0,8,加藤聡一,55.0,ダ,1700.0,良,114.0,2.2,8-8-8,40.0,486.0,1.0,ライデンシャフト,
2022100114,フローラビーナス,2026/03/12,名古屋,晴,12,土古公園賞(B),10,7,9,1.4,1.0,10,望月洵輝,55.0,ダ,1700.0,良,114.8,3.5,7-6-10,42.3,485.0,11.0,エイシンゴーオン,
2022100114,フローラビーナス,2026/02/13,名古屋,晴,6,ご褒美のマイチョコ賞(B),11,2,2,1.3,1.0,1,望月洵輝,55.0,ダ,1400.0,稍,90.7,-1.0,2-1-1,39.3,474.0,11.0,(テイクノーティス),65.0
2022100114,フローラビーナス,2026/01/03,名古屋,曇,3,海音麻姫菜勉強ガンバ(C),12,1,1,3.4,2.0,1,加藤聡一,55.0,ダ,1500.0,稍,95.7,-1.2,1-2-1,38.8,463.0,-13.0,(バイアンドホールド),55.0
2022100114,フローラビーナス,2025/12/22,名古屋,晴,7,C15組,12,7,10,2.7,2.0,1,加藤聡一,55.0,ダ,1500.0,重,96.4,-0.6,4-2-2,38.6,476.0,-5.0,(サンライズプロミス),55.0
2022100114,フローラビーナス,2025/12/09,名古屋,晴,3,C13組,12,5,6,2.9,1.0,2,加藤聡一,55.0,ダ,1500.0,良,98.0,0.5,8-8-6,38.8,481.0,-7.0,オーバードライブ,19.3
2022100114,フローラビーナス,2025/11/10,名古屋,晴,10,石蕗賞(C),12,6,7,4.1,2.0,2,加藤聡一,55.0,ダ,1500.0,稍,98.2,0.0,8-8-6,38.3,488.0,-5.0,グランダイト,19.3
2022100114,フローラビーナス,2025/10/29,名古屋,晴,5,C18組,12,8,12,3.3,2.0,4,加藤聡一,55.0,ダ,1500.0,良,98.5,0.5,7-8-8,39.8,493.0,-2.0,ドルチェルナ,8.3
2022100114,フローラビーナス,2025/10/15,名古屋,晴,4,C18組,12,8,11,5.3,3.0,3,加藤聡一,55.0,ダ,1400.0,重,90.7,0.3,8-6-3,39.7,495.0,12.0,ワンハート,11.0
2022100114,フローラビーナス,2025/05/22,名古屋,晴,10,名古屋CCメロン賞(3歳),12,6,7,3.5,2.0,11,加藤聡一,55.0,ダ,1500.0,稍,101.0,4.8,9-9-12,42.4,483.0,3.0,ヨシノサプライズ,
2022100114,フローラビーナス,2025/04/21,名古屋,晴,9,3歳4組,10,6,6,1.8,1.0,1,加藤聡一,55.0,ダ,1500.0,良,98.2,-0.1,1-1-1,39.4,480.0,3.0,(スウィープレジーナ),58.0
2022100114,フローラビーナス,2025/03/27,名古屋,曇,2,3歳5組,11,8,10,1.4,1.0,1,加藤聡一,54.0,ダ,1500.0,稍,97.8,-0.8,6-4-2,39.0,477.0,4.0,(アリスノヒトミ),54.0
2022100114,フローラビーナス,2025/01/31,名古屋,曇,1,3歳8組,8,4,4,1.3,1.0,1,加藤聡一,54.0,ダ,1500.0,良,99.2,-0.7,7-4-2,39.5,473.0,-2.0,(シルバーコムコム),54.0
2022100114,フローラビーナス,2025/01/20,名古屋,晴,1,3歳8組,12,5,6,1.6,1.0,2,加藤聡一,54.0,ダ,920.0,稍,58.3,0.3,11,37.2,475.0,0.0,アストロガイア,18.9
2022106853,テルケンユミカグラ,2026/07/03,名古屋,晴,1,名古屋モーニングフィ(C),12,8,12,3.8,2.0,2,塚本征吾,55.0,ダ,1500.0,重,96.7,1.0,4-3-1,40.9,484.0,10.0,ホウオウシーザー,20.0
2022106853,テルケンユミカグラ,2026/06/03,名古屋,晴,7,C8組,12,6,8,3.2,2.0,1,塚本征吾,55.0,ダ,1500.0,重,97.8,-0.2,4-4-1,39.6,474.0,-5.0,(ソダチザカリ),57.0
2022106853,テルケンユミカグラ,2026/05/19,名古屋,晴,12,C20組,11,8,10,1.5,1.0,1,塚本征吾,55.0,ダ,1500.0,良,98.5,-0.5,1-1-1,39.7,479.0,9.0,(エムズオルフェ),57.0
2022106853,テルケンユミカグラ,2026/05/06,名古屋,小雨,10,C12組,11,7,9,5.9,3.0,4,塚本征吾,55.0,ダ,1500.0,稍,98.4,0.2,7-4-1,40.2,470.0,-3.0,セラヴィーナス,8.6
2022106853,テルケンユミカグラ,2026/04/20,名古屋,晴,4,C23組,12,6,8,2.1,1.0,1,塚本征吾,55.0,ダ,1500.0,良,99.2,-0.6,1-1-1,39.7,473.0,-6.0,(ミステンザン),57.0
2022106853,テルケンユミカグラ,2025/10/14,名古屋,小雨,10,JBC2025船橋・,12,7,10,14.4,6.0,7,加藤誓二,55.0,ダ,1500.0,良,100.7,2.1,3-3-6,41.7,479.0,-4.0,アンファング,
2022106853,テルケンユミカグラ,2025/09/16,名古屋,晴,5,3歳11組,12,6,7,7.4,5.0,8,大畑慧悟,55.0,ダ,1500.0,良,100.1,2.3,5-4-5,41.4,483.0,15.0,ニホンピロカミーノ,
2022106853,テルケンユミカグラ,2025/08/10,2新潟6,雨,5,3歳未勝利,18,1,1,303.0,17.0,16,横山琉人,55.0,芝,1800.0,稍,110.3,2.5,14-16,35.2,468.0,4.0,マイネルアズーロ,
2022106853,テルケンユミカグラ,2025/04/27,2東京2,晴,1,3歳未勝利,16,3,6,87.7,9.0,14,長浜鴻緒,53.0,ダ,1400.0,稍,88.6,2.1,9-9,39.9,464.0,4.0,ミッシオーネ,
2022106853,テルケンユミカグラ,2025/04/19,3中山7,晴,5,3歳未勝利,16,4,8,42.3,5.0,13,石川裕紀,55.0,芝,1600.0,良,95.1,3.1,10-10-11,36.0,460.0,-18.0,リバーバレイト,
2022106853,テルケンユミカグラ,2025/02/09,1東京4,晴,6,3歳未勝利,16,2,3,99.7,10.0,8,横山琉人,54.0,芝,1600.0,良,95.8,0.7,3-3,34.8,478.0,8.0,ルパヴィヨン,
2022106853,テルケンユミカグラ,2025/01/19,1中山7,曇,5,3歳新馬,16,7,13,208.3,15.0,5,横山琉人,54.0,芝,1600.0,良,97.0,0.9,8-8-9,35.1,470.0,0.0,ホウオウショコラ,62.0
2022101757,ブルロッソ,2026/07/03,名古屋,晴,10,渥美半島特別(C),12,4,4,22.9,6.0,4,筒井勇介,55.0,ダ,1500.0,稍,96.1,0.9,1-1-4,39.5,436.0,2.0,ブルースバローズ,12.8
2022101757,ブルロッソ,2026/06/22,名古屋,曇,1,アジア・アジアパラ応(C),11,7,9,7.1,4.0,2,筒井勇介,55.0,ダ,1400.0,重,90.1,0.2,2-2-3,39.8,434.0,2.0,プレイアブルゲーム,20.0
2022101757,ブルロッソ,2026/06/05,名古屋,曇,1,アジア・アジアパラ応(C),11,3,3,11.6,4.0,3,塚本征吾,55.0,ダ,1500.0,稍,97.2,0.8,4-4-4,39.5,432.0,3.0,ミスティブルー,11.4
2022101757,ブルロッソ,2026/05/22,名古屋,曇,8,油ヶ淵賞(C),11,1,1,11.0,6.0,6,丸野勝虎,55.0,ダ,1400.0,重,92.2,1.3,2-4-3,41.3,429.0,-2.0,サンマイル,
2022101757,ブルロッソ,2026/05/06,名古屋,曇,1,C15組,11,6,7,6.5,3.0,1,丸野勝虎,55.0,ダ,1500.0,稍,98.1,0.0,1-1-1,39.5,431.0,2.0,(マルシェ),57.0
2022101757,ブルロッソ,2026/04/22,名古屋,曇,8,C12組,12,8,11,7.1,3.0,7,藤原幹生,55.0,ダ,1500.0,良,98.3,1.1,5-3-7,40.8,429.0,0.0,ルナフェイズ,
2022101757,ブルロッソ,2026/04/09,名古屋,晴,3,C16組,11,7,9,4.4,2.0,4,筒井勇介,55.0,ダ,1400.0,稍,91.8,0.6,1-1-1,39.6,429.0,6.0,ミスティブルー,8.6
2022101757,ブルロッソ,2026/03/27,名古屋,晴,1,920m戦幸若舞賞(C),10,1,1,8.3,4.0,7,筒井勇介,55.0,ダ,920.0,重,58.0,1.2,7,37.6,423.0,-3.0,スティールサンダー,
2022101757,ブルロッソ,2026/03/11,名古屋,晴,7,"1,700m戦中川運(C)",11,2,2,20.6,6.0,4,筒井勇介,55.0,ダ,1700.0,良,112.9,0.9,1-1-4,39.7,426.0,-11.0,ノリサンブラック,8.3
2022101757,ブルロッソ,2026/02/04,姫路,晴,8,C2一,10,2,2,12.9,5.0,8,山本咲希,55.0,ダ,800.0,良,52.2,1.7,8-7,37.8,437.0,-5.0,フラッシュケリー,
2022101757,ブルロッソ,2025/11/11,門別,曇,10,グランシャリオドリー(C2),15,4,6,8.2,5.0,7,小野楓馬,55.0,ダ,1200.0,稍,75.7,0.8,6-6,38.9,442.0,-2.0,レイホープ,
2022101757,ブルロッソ,2025/10/28,門別,晴,8,3歳以上C3ー2C4,9,3,3,1.2,1.0,1,落合玄太,55.0,ダ,1000.0,稍,62.2,-0.1,3-3,37.3,444.0,-10.0,(カナデルエア),40.0
2022101757,ブルロッソ,2025/10/15,門別,晴,7,3歳以上C4ー2,8,5,5,1.2,1.0,1,落合玄太,55.0,ダ,1200.0,稍,75.4,0.0,1-1,39.0,454.0,2.0,(クアトロフォルトナ),40.0
2022101757,ブルロッソ,2025/10/02,門別,晴,5,3歳以上C4ー3,11,6,6,3.7,2.0,2,岩橋勇二,55.0,ダ,1200.0,稍,75.2,0.0,2-2,38.1,452.0,22.0,パッションビラーゴ,11.2
2022101757,ブルロッソ,2025/08/09,3中京5,曇,5,3歳未勝利,16,7,14,242.0,16.0,7,国分恭介,55.0,ダ,1200.0,良,73.8,1.2,13-12,37.5,430.0,0.0,キーガッツ,
2022101757,ブルロッソ,2025/06/15,3阪神4,曇,4,3歳未勝利,15,4,7,452.2,15.0,13,幸英明,55.0,芝,2200.0,重,138.3,3.3,13-13-15-15,38.3,430.0,4.0,ピエタンツァ,
2022101757,ブルロッソ,2025/06/08,3阪神2,曇,6,3歳未勝利,18,6,11,265.0,16.0,17,荻野極,55.0,芝,1800.0,良,109.3,2.8,10-17,35.6,426.0,-16.0,ジョワイユノエル,
2022101757,ブルロッソ,2025/04/06,2阪神4,晴,3,3歳未勝利,16,8,15,324.8,16.0,12,幸英明,55.0,ダ,1400.0,良,88.7,2.8,14-14,39.2,442.0,0.0,ザックザク,
2022101142,アルゴフィリオ,2026/07/17,名古屋,晴,6,C2組,12,7,10,19.1,6.0,9,大原浩司,55.0,ダ,1400.0,良,92.1,2.1,9-8-9,40.0,424.0,-2.0,イザベルソレイユ,
2022101142,アルゴフィリオ,2026/07/03,名古屋,晴,10,渥美半島特別(C),12,6,7,9.3,2.0,7,塚本征吾,55.0,ダ,1500.0,稍,96.7,1.5,9-9-9,39.2,426.0,-1.0,ブルースバローズ,
2022101142,アルゴフィリオ,2026/06/19,名古屋,曇,2,C5組,11,7,9,1.5,1.0,1,塚本征吾,55.0,ダ,1500.0,良,96.4,-0.6,4-3-1,39.4,427.0,0.0,(ウォーターリッシュ),57.0
2022101142,アルゴフィリオ,2026/05/20,名古屋,曇,8,C15組,10,5,5,4.7,2.0,1,丹羽克輝,55.0,ダ,1500.0,良,98.4,-0.1,4-5-4,38.0,427.0,-4.0,(ユアマイスター),57.0
2022101142,アルゴフィリオ,2026/05/06,船橋,曇,2,C3選抜馬,12,8,11,120.8,10.0,5,所蛍,52.0,ダ,1200.0,良,77.2,0.7,9-7-7,39.5,431.0,-9.0,アンサーパスト,8.8
2022101142,アルゴフィリオ,2026/04/24,浦和,曇,5,毎月19日は地産地消(C3),9,1,1,263.6,8.0,8,所蛍,52.0,ダ,1500.0,重,99.2,2.1,8-8-7-9,38.8,440.0,9.0,トミサンペガサス,
2022101142,アルゴフィリオ,2026/04/03,船橋,晴,4,C3一二,12,2,2,240.9,12.0,6,所蛍,52.0,ダ,1200.0,稍,78.3,3.3,8-10-10,40.2,431.0,-3.0,クラヴィウス,
2022101142,アルゴフィリオ,2026/03/12,船橋,晴,2,C3選抜馬,9,4,4,225.2,7.0,7,所蛍,52.0,ダ,1200.0,良,79.3,1.6,9-9-9,38.6,434.0,-2.0,デルマカタスカシ,
2022101142,アルゴフィリオ,2026/02/11,船橋,曇,5,C3二,12,6,8,389.7,11.0,6,所蛍,52.0,ダ,1200.0,稍,78.5,1.5,11-11-11,39.8,436.0,3.0,クリノセノーテ,
2022101142,アルゴフィリオ,2026/01/23,船橋,晴,3,C3一特選,13,1,1,360.7,13.0,12,椿聡太,51.0,ダ,1500.0,良,101.3,3.2,10-10-11-11,41.7,433.0,7.0,ウェカピポ,
2022101142,アルゴフィリオ,2025/12/09,船橋,晴,2,3歳一,9,3,3,396.1,9.0,8,臼井健太,54.0,ダ,1200.0,良,79.5,3.4,8-8-8,40.6,426.0,-14.0,ポッドバディ,
2022101142,アルゴフィリオ,2025/10/21,門別,曇,9,3歳以上C4ー2,10,8,11,84.4,8.0,9,服部茂史,55.0,ダ,1200.0,稍,78.0,2.3,10-10,39.7,440.0,4.0,リックトメンマ,
2022101142,アルゴフィリオ,2025/10/14,門別,晴,7,ミルクランド北海道賞(C4),12,1,1,160.7,12.0,11,塩津璃菜,51.0,ダ,1200.0,稍,78.4,2.6,10-11,40.8,436.0,6.0,アウスラフラッグ,
2022101142,アルゴフィリオ,2025/09/24,門別,曇,6,3歳以上C3ー2C4,7,7,7,226.1,7.0,7,藤田凌駕,52.0,ダ,1700.0,良,115.0,3.3,7-7-7-7,41.0,430.0,2.0,バルジール,
2022101142,アルゴフィリオ,2025/09/11,門別,曇,7,ランタナ特別(C3),9,2,2,52.2,8.0,8,阿部龍,55.0,ダ,1600.0,良,108.4,2.7,5-5-8-8,42.8,428.0,-8.0,スイートキャンディ,
2022101142,アルゴフィリオ,2025/08/28,門別,曇,10,グランシャリオドリー(C4),12,6,8,187.2,11.0,9,阿部龍,55.0,ダ,1700.0,良,114.2,1.3,11-10-10-9,40.5,436.0,4.0,ラディアンテ,
2022101142,アルゴフィリオ,2025/08/14,門別,曇,8,SORACHI198(C4),10,5,5,73.7,10.0,8,阿部龍,55.0,ダ,1600.0,良,108.0,2.1,8-7-9-9,41.3,432.0,-4.0,タカオスマイル,
2022101142,アルゴフィリオ,2025/07/31,門別,晴,8,優駿の里安平町谷川農(C4),11,2,2,82.2,9.0,11,阿部龍,55.0,ダ,1700.0,稍,114.7,2.1,9-9-8-10,41.0,436.0,6.0,トレビアンクリール,
2022101142,アルゴフィリオ,2025/07/10,門別,晴,3,3歳以上C4ー2,9,7,8,27.7,6.0,7,阿部龍,55.0,ダ,1000.0,良,63.3,1.0,8-8,37.0,430.0,3.0,マッターホルン,
2022101142,アルゴフィリオ,2025/05/12,川崎,曇,2,3歳6,9,2,2,13.1,6.0,8,今野忠成,54.0,ダ,1400.0,重,98.9,4.7,6-5-6-8,45.4,427.0,4.0,ポケットフルコイン,
2022101142,アルゴフィリオ,2025/04/07,川崎,曇,4,3歳5,7,3,3,15.4,5.0,4,今野忠成,54.0,ダ,1400.0,稍,95.9,1.7,3-3-4-4,41.5,423.0,4.0,ファイトクラブ,24.0
2022101142,アルゴフィリオ,2025/03/07,川崎,晴,2,3歳5,12,7,9,28.8,5.0,10,今野忠成,54.0,ダ,1400.0,重,96.9,3.5,9-10-8-9,43.1,419.0,-1.0,ブレイブルイーズ,
2022101142,アルゴフィリオ,2025/02/08,川崎,晴,2,迦陵頻伽賞(3歳),11,6,6,3.6,2.0,4,今野忠成,54.0,ダ,1400.0,良,94.8,0.7,5-4-4-5,41.2,420.0,-4.0,エルフレン,30.0
2022101142,アルゴフィリオ,2024/11/07,門別,雨,2,2歳3組,12,4,4,457.4,12.0,9,黒澤愛斗,55.0,ダ,1200.0,稍,77.2,1.9,7-9,39.7,424.0,-2.0,リューノス,
2022101142,アルゴフィリオ,2024/10/22,門別,曇,4,2歳3組,8,3,3,30.8,7.0,6,亀井洋司,55.0,ダ,1600.0,稍,106.9,1.4,6-6-4-4,41.4,426.0,0.0,ツィードリヴァ,
2022101142,アルゴフィリオ,2024/10/03,門別,曇,6,2歳3組,10,5,5,25.6,6.0,7,亀井洋司,55.0,ダ,1200.0,良,76.9,1.9,7-9,39.3,426.0,0.0,エアプレイ,
2022101142,アルゴフィリオ,2024/09/04,門別,晴,6,2歳3組,7,4,4,13.0,5.0,4,亀井洋司,55.0,ダ,1200.0,良,76.2,1.5,5-5,39.1,426.0,-4.0,リコーミカ,8.4
2022101142,アルゴフィリオ,2024/08/07,門別,晴,3,新冠産米「判官伝説」(未勝利)(2歳),12,6,7,21.8,7.0,1,亀井洋司,55.0,ダ,1200.0,稍,75.6,0.0,7-6,38.6,430.0,-4.0,(エイシンジャンブル),50.0
2022101142,アルゴフィリオ,2024/07/18,門別,晴,2,関野湧別賞(未勝利)(2歳),12,1,1,18.3,4.0,6,阿部龍,55.0,ダ,1200.0,良,78.1,1.5,6-8,41.0,434.0,8.0,ボンドストリート,
2022101142,アルゴフィリオ,2024/06/27,門別,晴,1,2歳未勝利(未勝利),7,7,7,7.4,3.0,3,岩橋勇二,55.0,ダ,1200.0,良,76.4,0.3,3-3,38.5,426.0,-8.0,レーザースペックル,10.5
2022101142,アルゴフィリオ,2024/06/06,門別,晴,3,JRA認定競走アタッ(未勝利)(2歳),11,7,9,9.4,6.0,9,阿部龍,55.0,ダ,1700.0,良,116.3,2.6,9-9-9-10,41.7,434.0,6.0,パルヴェニュー,
2022101142,アルゴフィリオ,2024/05/14,門別,晴,4,JRA認定競走フレッ(新馬)(2歳),8,5,5,45.7,8.0,3,阿部龍,55.0,ダ,1700.0,稍,115.6,1.3,5-7-6-6,43.0,428.0,0.0,シュネルカガ,52.5
2018102521,リンノパルピート,2026/07/03,名古屋,晴,7,駆け上がれ!しゃちほ(B),12,3,3,47.1,9.0,3,筒井勇介,57.0,ダ,1500.0,稍,97.1,0.5,8-6-5,38.6,536.0,4.0,グラスチアー,14.0
2018102521,リンノパルピート,2026/06/22,名古屋,曇,7,B14組,11,6,7,146.2,11.0,8,小笠原羚,54.0,ダ,1500.0,稍,98.2,1.6,9-9-10,39.6,532.0,-6.0,ミスティブルー,
2018102521,リンノパルピート,2026/06/05,名古屋,曇,7,B11組,12,8,12,96.9,12.0,10,丸山真一,57.0,ダ,1500.0,稍,98.2,1.3,9-9-9,39.5,538.0,2.0,ハクサンシャトル,
2018102521,リンノパルピート,2026/05/25,名古屋,晴,6,B14組,10,8,9,73.9,7.0,9,丸山真一,57.0,ダ,1500.0,良,98.4,2.5,9-9-10,39.6,536.0,1.0,エイシンマクルーベ,
2018102521,リンノパルピート,2026/05/08,名古屋,曇,8,B13組,11,1,1,95.6,7.0,10,丸山真一,57.0,ダ,1500.0,稍,99.2,2.5,9-10-9,40.0,535.0,1.0,サトノパトス,
2018102521,リンノパルピート,2026/04/24,名古屋,曇,7,B11組,12,5,5,35.4,7.0,5,丸山真一,57.0,ダ,1500.0,重,97.9,1.7,6-8-7,38.8,534.0,7.0,ロックマジェスティ,7.0
2018102521,リンノパルピート,2026/04/13,名古屋,曇,8,B13組,11,2,2,80.8,9.0,6,大原浩司,57.0,ダ,1500.0,良,97.1,1.6,8-9-8,39.3,527.0,0.0,ディプタルアスール,
2018102521,リンノパルピート,2026/03/26,名古屋,晴,10,メディアセレクション(B),11,8,10,10.5,7.0,4,大原浩司,57.0,ダ,1500.0,重,98.2,1.4,9-5-4,39.5,527.0,2.0,グランキューブ,15.0
2018102521,リンノパルピート,2026/03/12,名古屋,晴,7,荒子運河橋賞(B),10,3,3,197.6,9.0,5,大原浩司,57.0,ダ,1500.0,良,97.0,1.1,5-5-5,38.4,525.0,1.0,アンセムバローズ,6.5
2018102521,リンノパルピート,2026/02/27,名古屋,曇,9,B8組,10,2,2,227.4,9.0,8,友森翔太,57.0,ダ,1700.0,重,114.3,1.8,7-9-10,40.8,524.0,-3.0,ドルチェルナ,
2018102521,リンノパルピート,2026/02/12,名古屋,晴,6,B8組,12,6,7,375.6,11.0,12,筒井勇介,57.0,ダ,1500.0,稍,102.3,4.6,10-11-12,42.6,527.0,1.0,トーマステソーロ,
2018102521,リンノパルピート,2026/01/29,名古屋,曇,8,920m戦小梅賞(B),12,3,3,288.1,10.0,11,今井貴大,57.0,ダ,920.0,良,57.8,1.7,11,36.9,526.0,0.0,センビトウリョウ,
2018102521,リンノパルピート,2026/01/16,名古屋,晴,10,B8組,12,7,10,9.6,6.0,9,今井貴大,57.0,ダ,1700.0,良,113.8,1.8,11-12-11,40.8,526.0,-2.0,バトルレジェンダ,
2018102521,リンノパルピート,2026/01/02,名古屋,曇,11,新春盃(BC),12,8,12,226.3,12.0,7,友森翔太,57.0,ダ,2000.0,良,133.9,1.8,9-10-9,40.2,528.0,5.0,オニジオオタニ,
2018102521,リンノパルピート,2025/12/22,名古屋,晴,12,B5組,11,4,4,36.0,7.0,4,今井貴大,57.0,ダ,1700.0,重,112.0,0.4,6-6-3,40.3,523.0,-5.0,キタカラキタパンチ,9.8
2018102521,リンノパルピート,2025/12/05,名古屋,晴,9,B3組,12,8,11,120.3,10.0,11,今井貴大,57.0,ダ,1700.0,良,112.9,1.5,12-11-11,40.5,528.0,4.0,コパノデーヴィド,
2018102521,リンノパルピート,2025/11/21,名古屋,晴,10,金盞香賞(B),12,8,12,142.4,10.0,5,塚本征吾,57.0,ダ,1500.0,良,97.2,0.9,11-11-10,39.1,524.0,-5.0,スパルタンワールド,6.5
2018102521,リンノパルピート,2025/11/07,名古屋,晴,9,B4組,12,1,1,242.8,12.0,10,友森翔太,57.0,ダ,1700.0,良,115.1,2.4,9-11-9,40.6,529.0,0.0,スカイレイ,
2018102521,リンノパルピート,2025/10/29,名古屋,晴,10,B4組,11,7,9,119.1,10.0,9,今井貴大,57.0,ダ,1500.0,良,100.0,1.9,8-9-8,39.9,529.0,-2.0,バウブロッサム,
2018102521,リンノパルピート,2025/10/01,名古屋,晴,12,B3組,12,6,7,63.5,10.0,11,今井貴大,57.0,ダ,1400.0,良,92.1,2.1,11-11-11,38.9,531.0,-4.0,インジェニアス,
2018102521,リンノパルピート,2025/09/16,名古屋,晴,10,スピカ特別(B),12,2,2,103.7,11.0,10,大原浩司,57.0,ダ,1700.0,良,115.1,2.7,11-11-11,40.7,535.0,0.0,レイジングスラスト,
2018102521,リンノパルピート,2025/09/02,名古屋,晴,12,カシオペア座特別(B),12,8,11,45.7,10.0,9,加藤聡一,57.0,ダ,1700.0,良,113.5,1.5,9-9-10,40.7,535.0,9.0,エイシンメリダ,
2018102521,リンノパルピート,2025/08/21,名古屋,晴,12,蝉しぐれ賞(B),11,4,4,14.3,7.0,1,今井貴大,57.0,ダ,1700.0,良,111.5,-0.4,5-5-5,40.6,526.0,1.0,(スカイダンスタイム),65.0
2018102521,リンノパルピート,2025/07/24,名古屋,晴,10,B8組,11,6,8,9.0,4.0,5,加藤聡一,57.0,ダ,1500.0,良,97.2,1.2,7-7-5,38.2,525.0,-3.0,ビービーピケット,6.5
2018102521,リンノパルピート,2025/07/11,名古屋,晴,9,B12組,12,3,3,14.7,5.0,3,望月洵輝,57.0,ダ,1500.0,良,97.0,0.8,4-6-4,39.1,528.0,4.0,グローブフェイム,13.0
2018102521,リンノパルピート,2025/06/26,名古屋,雨,9,B7組,12,4,4,32.7,6.0,4,望月洵輝,57.0,ダ,1500.0,不,96.3,1.3,8-9-7,39.3,524.0,-4.0,タナバタ,9.8
2018102521,リンノパルピート,2025/06/17,名古屋,晴,8,B6組,12,7,10,29.1,7.0,8,望月洵輝,57.0,ダ,1700.0,稍,111.3,0.6,7-7-8,40.3,528.0,2.0,キタカラキタパンチ,
2018102521,リンノパルピート,2025/05/22,名古屋,晴,7,B7組,12,5,6,11.7,5.0,6,望月洵輝,57.0,ダ,1700.0,稍,113.5,1.8,11-8-9,40.9,526.0,-1.0,スコア,
2018102521,リンノパルピート,2025/05/08,名古屋,晴,9,B9組,10,5,5,11.0,4.0,4,望月洵輝,57.0,ダ,1500.0,重,97.9,1.2,6-6-5,39.2,527.0,1.0,アンセムバローズ,9.8
2018102521,リンノパルピート,2025/04/25,名古屋,曇,8,B11組,10,7,7,22.6,6.0,4,友森翔太,57.0,ダ,1500.0,稍,97.8,0.2,9-8-4,40.2,526.0,-1.0,ランペイジシチー,9.8
2018102521,リンノパルピート,2025/04/11,名古屋,晴,10,花見酒賞(B),12,8,12,13.5,4.0,7,加藤聡一,57.0,ダ,1700.0,稍,114.1,1.2,10-11-5,41.4,527.0,1.0,ピボット,
2018102521,リンノパルピート,2025/03/27,名古屋,曇,7,B7組,10,7,8,6.9,4.0,5,加藤聡一,56.0,ダ,1500.0,稍,98.0,0.8,7-6-6,38.8,526.0,3.0,エグザルテーション,6.0
2018102521,リンノパルピート,2025/03/14,名古屋,晴,9,B7組,11,6,6,45.8,8.0,2,加藤聡一,56.0,ダ,1500.0,稍,97.1,0.2,8-7-4,39.4,523.0,0.0,タキザクラ,21.0
2018102521,リンノパルピート,2025/02/28,名古屋,曇,12,アジア・アジアパラ応(B),12,6,7,84.5,11.0,5,大原浩司,56.0,ダ,1700.0,良,112.2,1.7,8-6-6,39.8,523.0,3.0,ジャコムスビ,6.0
2018102521,リンノパルピート,2025/02/13,名古屋,晴,9,B9組,11,4,4,36.8,8.0,7,加藤聡一,56.0,ダ,1500.0,稍,98.5,1.0,10-10-9,39.0,520.0,-17.0,エターナルブルー,
2018102521,リンノパルピート,2025/01/30,名古屋,晴,9,B8組,10,5,5,66.2,7.0,10,加藤聡一,56.0,ダ,1700.0,良,117.4,5.3,5-6-10,42.8,537.0,2.0,シラカワノセキ,
2018102521,リンノパルピート,2025/01/20,名古屋,晴,10,B8組,10,5,5,10.0,5.0,2,加藤聡一,56.0,ダ,1500.0,稍,98.3,0.3,7-8-4,39.5,535.0,13.0,エイシンゼータ,21.0
2018102521,リンノパルピート,2025/01/06,名古屋,雨,8,B11組,10,6,6,59.0,9.0,4,村上弘樹,56.0,ダ,1500.0,重,97.7,0.5,9-9-6,39.2,522.0,-4.0,ジュエルプリンス,9.0
2018102521,リンノパルピート,2024/12/19,名古屋,晴,7,B5組,11,3,3,118.5,10.0,9,服部茂史,56.0,ダ,1500.0,良,100.0,2.1,2-7-8,40.8,526.0,-5.0,クリノスピネル,
2018102521,リンノパルピート,2024/11/16,佐賀,曇,9,KYUSHUDREA(C1),12,8,11,129.1,10.0,8,飛田愛斗,56.0,ダ,1400.0,良,92.2,0.9,5-5-4-7,41.0,531.0,4.0,ヨシオドライヴ,
2018102521,リンノパルピート,2024/10/26,佐賀,曇,11,ダリア賞(C1),12,8,12,82.2,10.0,6,及川烈,55.0,ダ,1400.0,稍,93.7,1.6,5-5-5-6,41.3,527.0,10.0,ケンタッキーグレイ,
2018102521,リンノパルピート,2024/06/08,佐賀,雨,9,長崎街道内野宿特選(C1),10,1,1,,,取,長田進仁,56.0,ダ,1300.0,良,,,,,,,マイネルエール,
2018102521,リンノパルピート,2024/05/25,佐賀,晴,7,C1ー3組,10,5,5,43.7,7.0,10,山口勲,56.0,ダ,1400.0,良,92.8,2.1,7-7-8-8,40.5,517.0,-4.0,ブリリオ,
2018102521,リンノパルピート,2024/05/11,佐賀,曇,8,KYUSHUDREA(C1),12,7,10,25.3,5.0,7,山口勲,56.0,ダ,1400.0,良,92.5,0.8,4-5-6-6,41.3,521.0,2.0,ワシントンテソーロ,
2018102521,リンノパルピート,2024/04/27,佐賀,晴,10,ダイヤモンド特選(C1),11,1,1,5.8,3.0,5,竹吉徹,56.0,ダ,1800.0,重,121.1,1.0,6-6-5-4,41.3,519.0,-4.0,コスモゴレアドール,4.4
2018102521,リンノパルピート,2024/04/06,佐賀,小雨,8,陽春賞(C1),12,7,10,7.5,4.0,3,金山昇馬,56.0,ダ,1400.0,稍,90.3,0.8,7-8-6-5,39.3,523.0,-5.0,カシノペルル,7.6
2018102521,リンノパルピート,2024/03/16,佐賀,晴,7,がんばらんば!長崎の(C1),10,5,5,4.1,2.0,3,飛田愛斗,56.0,ダ,1400.0,稍,91.3,0.9,6-4-3-3,39.4,528.0,-4.0,シゲルチータ,6.7
2018102521,リンノパルピート,2024/03/03,佐賀,曇,6,SAGAイブニング賞(C1),11,1,1,24.0,7.0,2,飛田愛斗,56.0,ダ,1300.0,重,83.4,0.2,5-4-3-4,38.8,532.0,-2.0,メールブルー,11.8
2018102521,リンノパルピート,2024/02/18,佐賀,晴,7,C1ー5組,10,8,9,19.6,5.0,5,小林凌,56.0,ダ,1400.0,良,91.7,1.6,5-5-5-5,39.9,534.0,-2.0,コスモアバンサ,3.0
2018102521,リンノパルピート,2024/02/04,佐賀,曇,6,C1ー5組,10,8,9,17.2,6.0,3,小林凌,56.0,ダ,1300.0,不,84.6,0.6,6-7-4-3,39.0,536.0,3.0,リリーバローズ,6.7
2018102521,リンノパルピート,2024/01/25,佐賀,晴,11,早緑月賞(C1),11,6,6,26.4,9.0,5,小林凌,56.0,ダ,1300.0,不,84.1,0.6,6-6-6-4,38.7,533.0,-3.0,テイエムジンキュウ,3.0
2018102521,リンノパルピート,2023/09/16,佐賀,曇,11,長崎街道神埼宿特選(C1),11,7,8,11.0,5.0,5,飛田愛斗,56.0,ダ,1400.0,不,91.1,2.3,8-8-9-6,38.5,536.0,-1.0,プライモーディアル,4.4
2018102521,リンノパルピート,2023/08/31,佐賀,曇,9,オーガスト特選(C1),12,3,3,34.4,8.0,5,飛田愛斗,56.0,ダ,1750.0,良,117.3,0.9,3-3-4-2,40.2,537.0,1.0,カシオン,4.4
2018102521,リンノパルピート,2023/08/12,佐賀,晴,8,ほとめきナイター賞(C1),11,8,10,9.1,4.0,3,飛田愛斗,56.0,ダ,1400.0,稍,92.6,0.5,3-3-2-2,40.9,536.0,7.0,アメリカンマッハ,6.7
2018102521,リンノパルピート,2023/07/15,佐賀,曇,10,涼月賞(C1),11,6,7,1.7,1.0,3,飛田愛斗,56.0,ダ,1400.0,重,92.7,1.1,6-6-6-9,40.4,529.0,-3.0,アインジェニー,6.7
2018102521,リンノパルピート,2023/07/01,佐賀,曇,9,ほとめきナイター賞(C1),11,5,5,8.3,5.0,2,飛田愛斗,56.0,ダ,1400.0,不,91.1,0.7,5-3-4-4,39.0,532.0,2.0,フラスティー,11.8
2018102521,リンノパルピート,2023/06/17,佐賀,晴,10,おかげさまで7周年!(C1),12,6,8,4.0,2.0,6,飛田愛斗,56.0,ダ,1400.0,良,92.6,1.9,8-8-8-5,40.6,530.0,-2.0,シントーハナノラン,
2018102521,リンノパルピート,2023/06/05,佐賀,曇,6,C1ー8組,9,5,5,2.9,1.0,1,飛田愛斗,56.0,ダ,1400.0,良,91.6,-0.1,5-4-3-2,40.3,532.0,5.0,(キングドンドルマ),37.0
2018102521,リンノパルピート,2023/05/27,佐賀,晴,8,ケンタウルス座特選(C2),12,7,10,1.8,1.0,1,飛田愛斗,56.0,ダ,1400.0,良,91.2,-0.1,4-4-4-3,40.2,527.0,-2.0,(カシノジュピター),45.0
2018102521,リンノパルピート,2023/05/13,佐賀,雨,3,C2ー3組,10,4,4,1.5,1.0,2,飛田愛斗,56.0,ダ,1300.0,重,84.6,0.0,5-5-4-3,39.4,529.0,-12.0,ワンダースナイプ,11.2
2018102521,リンノパルピート,2023/04/29,佐賀,雨,1,C2ー5組,8,8,8,1.9,1.0,2,飛田愛斗,56.0,ダ,1300.0,不,83.7,0.5,2-2-1-2,40.0,541.0,15.0,ゴールデンシエロ,11.2
2018102521,リンノパルピート,2023/04/09,佐賀,晴,3,C2ー7組,9,2,2,1.2,1.0,2,飛田愛斗,56.0,ダ,1400.0,重,91.8,0.0,4-4-2-1,39.7,526.0,-5.0,コスモアピール,11.2
2018102521,リンノパルピート,2023/03/26,佐賀,曇,4,都丸ちよさん来場記念(C1),9,1,1,3.6,2.0,4,飛田愛斗,56.0,ダ,1400.0,不,91.7,1.2,5-5-4-4,39.0,531.0,12.0,グラシアスゼロ,4.4
2018102521,リンノパルピート,2023/03/12,佐賀,曇,3,熊本の酪農応援賞(C1),9,3,3,2.4,1.0,3,飛田愛斗,56.0,ダ,1400.0,稍,92.1,0.6,5-5-3-3,40.8,519.0,-12.0,クリノシラユキ,6.7
2018102521,リンノパルピート,2023/02/26,佐賀,晴,1,C2ー7組,10,3,3,3.1,2.0,1,小林凌,56.0,ダ,1300.0,重,85.6,-0.6,3-2-2-1,40.5,531.0,14.0,(ワンダースナイプ),35.0
2018102521,リンノパルピート,2023/02/09,佐賀,晴,2,グルメも楽しみ佐賀競(C2),12,6,7,20.5,4.0,2,小林凌,56.0,ダ,1400.0,重,93.4,0.9,5-5-4-3,40.1,517.0,7.0,プライモーディアル,11.2
2018102521,リンノパルピート,2023/01/19,船橋,曇,2,C3選抜馬,14,7,12,13.5,8.0,6,神尾香澄,52.0,ダ,1000.0,良,64.9,0.9,11-11,39.7,510.0,-5.0,マーシグッドラック,
2018102521,リンノパルピート,2023/01/03,川崎,晴,12,2023川崎ジョッキ(C3),13,6,9,19.5,7.0,9,町田直希,56.0,ダ,1500.0,良,102.2,2.8,5-5-6-7,43.3,515.0,2.0,イグレック,
2018102521,リンノパルピート,2022/12/14,川崎,晴,3,C3一二,12,6,7,13.2,6.0,7,伊藤裕人,56.0,ダ,1400.0,稍,95.9,1.4,7-6-6-5,44.0,513.0,-3.0,ユラニュス,
2018102521,リンノパルピート,2022/08/28,川崎,曇,8,前田玲奈は生涯ビギナ(C3二),12,3,3,50.8,9.0,5,池谷匠翔,55.0,ダ,1500.0,稍,99.3,1.6,4-3-6-5,41.1,516.0,0.0,バーガンディ,8.0
2018102521,リンノパルピート,2022/08/03,川崎,晴,12,2022川崎ジョッキ(C3),13,6,10,6.4,4.0,10,増田充宏,56.0,ダ,1500.0,良,100.2,2.2,4-7-7-8,42.7,516.0,8.0,ミッシーコルザ,
2018102521,リンノパルピート,2022/07/07,川崎,曇,2,C3四五,12,1,1,18.0,8.0,4,町田直希,56.0,ダ,1500.0,良,99.7,1.3,6-5-7-5,41.9,508.0,-3.0,バーガンディ,12.0
2018102521,リンノパルピート,2022/06/17,川崎,曇,8,C2七八,14,6,9,17.0,8.0,12,池谷匠翔,55.0,ダ,1500.0,稍,101.4,3.0,9-9-8-12,42.5,511.0,-2.0,トモノクリスタル,
2018102521,リンノパルピート,2022/05/20,川崎,晴,12,鈴蘭賞(C2),14,8,14,78.4,13.0,4,池谷匠翔,55.0,ダ,1500.0,良,98.1,0.6,4-4-4-5,41.0,513.0,0.0,サンビンガムトン,15.0
2018102521,リンノパルピート,2022/05/06,船橋,晴,7,C2十十一,12,4,4,52.6,8.0,10,神尾香澄,52.0,ダ,1200.0,稍,78.2,2.5,8-11-11,40.6,513.0,-8.0,シルヴェスター,
2018102521,リンノパルピート,2022/04/08,川崎,晴,3,C3一二三(C3二),11,2,2,7.0,4.0,4,神尾香澄,52.0,ダ,1400.0,稍,93.7,1.3,5-5-6-7,41.6,521.0,0.0,トルトゥーガ,12.0
2018102521,リンノパルピート,2022/03/21,船橋,曇,2,C3八九,9,1,1,5.0,3.0,1,神尾香澄,52.0,ダ,1200.0,稍,78.1,-0.2,3-3-3,39.4,521.0,-3.0,(グローリアスフィル),80.0
2018102521,リンノパルピート,2022/03/01,川崎,晴,1,C3七八九(C3八),12,7,10,55.2,6.0,5,神尾香澄,52.0,ダ,1400.0,良,93.3,2.1,3-3-4-3,41.4,524.0,35.0,シズヨシ,8.0
2018102521,リンノパルピート,2021/10/13,川崎,曇,3,アチェーロ特別(3歳),11,6,7,25.5,7.0,8,和田譲治,56.0,ダ,1400.0,稍,94.7,3.6,7-8-6-6,43.2,489.0,-9.0,トペコンヒーロ,
2018102521,リンノパルピート,2021/09/13,川崎,曇,2,エトワール賞(3歳),10,7,8,4.5,2.0,7,藤江渉,56.0,ダ,900.0,稍,57.7,2.0,4-5,39.0,498.0,2.0,オーロファースト,
2018102521,リンノパルピート,2021/08/03,門別,晴,8,優駿の里純米大吟醸あ(C4),11,8,11,5.2,2.0,1,桑村真明,56.0,ダ,1000.0,良,62.9,-0.2,2-1,38.4,496.0,-6.0,(リーゼントフラム),30.0
2018102521,リンノパルピート,2021/07/21,門別,曇,7,3歳以上C4ー3,8,5,5,6.4,3.0,3,山本咲希,56.0,ダ,1000.0,良,63.5,0.3,6-6,37.8,502.0,4.0,ヤマニンシルエラ,6.3
2018102521,リンノパルピート,2021/07/07,門別,曇,5,3歳以上C4ー4,11,1,1,20.5,6.0,4,山本咲希,56.0,ダ,1000.0,不,61.5,0.8,7-5,36.4,498.0,-6.0,メイム,4.2
2018102521,リンノパルピート,2021/06/22,門別,晴,4,3歳以上C4ー6,12,5,6,9.1,4.0,3,山本咲希,56.0,ダ,1000.0,重,62.5,0.5,10-8,37.1,504.0,-16.0,ランブラスト,6.3
2018102521,リンノパルピート,2021/06/09,門別,晴,1,3歳以上C4ー6,12,3,3,2.6,1.0,4,阿部龍,56.0,ダ,1000.0,良,63.4,1.6,6-5,37.8,520.0,16.0,レオパルドミノル,4.2
2018102521,リンノパルピート,2021/05/26,門別,晴,1,3歳以上C4ー5,7,4,4,3.4,2.0,2,山本咲希,56.0,ダ,1000.0,稍,62.7,0.7,4-3,37.4,504.0,-8.0,トライアンフオース,8.4
2018102521,リンノパルピート,2021/05/12,門別,晴,2,3歳条件未勝利(未勝利),12,3,3,4.2,3.0,5,石川倭,56.0,ダ,1200.0,良,76.8,1.0,4-4,40.0,512.0,-6.0,ナインゲーツ,2.1
2018102521,リンノパルピート,2021/04/28,門別,曇,2,3歳条件未勝利(未勝利),12,6,8,1.8,1.0,4,石川倭,56.0,ダ,1200.0,良,76.7,0.9,5-5,39.3,518.0,0.0,ユウユウスターリー,4.2
2018102521,リンノパルピート,2021/04/15,門別,晴,1,3歳条件未勝利(未勝利),7,3,3,4.0,2.0,2,井上俊彦,56.0,ダ,1000.0,稍,62.9,0.3,3-3,37.8,518.0,0.0,ヒアユーアー,8.4
2021100920,シスターネビュラ,2026/07/06,川崎,曇,8,アルテミス賞(C2),9,1,1,33.2,8.0,9,神尾香澄,52.0,ダ,2000.0,重,139.9,3.5,7-7-3-5,43.7,412.0,-1.0,リュウバター,
2021100920,シスターネビュラ,2026/06/16,川崎,晴,12,ウルド賞(C1),10,4,4,205.9,10.0,8,藤江渉,54.0,ダ,2000.0,稍,138.0,1.7,10-9-10-10,40.4,413.0,-2.0,ディオスパーダ,
2021100920,シスターネビュラ,2026/05/13,川崎,晴,7,紫丁香花賞(C1),12,8,12,217.9,10.0,10,藤江渉,54.0,ダ,1400.0,良,93.6,2.3,10-9-10-8,39.9,415.0,-3.0,メイショウマヒロ,
2021100920,シスターネビュラ,2026/04/09,川崎,晴,7,C1三,11,5,5,,,取,藤江渉,54.0,ダ,1400.0,稍,,,,,,,アマモト,
2021100920,シスターネビュラ,2026/03/20,浦和,曇,8,スイートピー特別(C1C2),13,4,5,56.6,9.0,6,神尾香澄,52.0,ダ,1400.0,稍,91.8,1.5,11-12-12-8,39.0,418.0,-3.0,ジーティーエンジン,
2021100920,シスターネビュラ,2026/03/02,川崎,曇,8,カラスミ賞(C2),9,6,6,129.3,8.0,5,神尾香澄,51.0,ダ,1500.0,稍,98.3,0.5,4-4-3-3,40.3,421.0,-4.0,メイショウマチルダ,15.0
2021100920,シスターネビュラ,2026/02/02,川崎,晴,6,C2一,13,3,3,7.4,4.0,8,神尾香澄,51.0,ダ,1400.0,良,93.9,1.5,5-6-5-6,41.5,425.0,3.0,ベルエアキング,
2021100920,シスターネビュラ,2026/01/04,川崎,晴,8,熊手賞(C2),14,2,2,18.9,5.0,3,神尾香澄,51.0,ダ,1400.0,稍,92.6,0.2,9-9-9-7,40.6,422.0,0.0,オルペラー,25.0
2021100920,シスターネビュラ,2025/12/16,川崎,晴,9,まつだ桜まつり賞(C1),12,1,1,17.2,5.0,4,神尾香澄,51.0,ダ,1400.0,重,93.3,1.2,3-3-4-2,41.5,422.0,3.0,ロアリングフレイム,18.0
2021100920,シスターネビュラ,2025/09/10,川崎,晴,8,葡萄賞(C1),11,8,11,9.7,5.0,5,Ｍ．ミシ,52.0,ダ,1400.0,良,92.2,0.6,8-8-7-6,39.3,419.0,0.0,グレック,12.0
2021100920,シスターネビュラ,2025/08/22,川崎,晴,9,やまなみ五湖「相模湖(C1),12,1,1,13.5,7.0,5,藤江渉,54.0,ダ,1400.0,良,92.6,1.6,5-4-6-4,40.5,419.0,6.0,ピオニエーレ,12.0
2021100920,シスターネビュラ,2025/08/07,川崎,曇,2,デギュスタシオン賞(C2二),10,7,7,131.0,7.0,3,藤江渉,54.0,ダ,1400.0,良,92.1,1.3,7-7-6-5,40.1,413.0,9.0,ダンデライオン,37.5
2021100920,シスターネビュラ,2025/07/07,川崎,晴,8,ガトーショコラ賞(C2),12,7,9,61.5,8.0,9,藤江渉,54.0,ダ,1400.0,良,93.4,2.9,7-10-12-7,41.3,404.0,-3.0,ダンデライオン,
2021100920,シスターネビュラ,2025/06/16,川崎,晴,9,紫陽花賞(C1),12,8,12,4.3,3.0,4,藤江渉,54.0,ダ,1400.0,重,93.5,0.3,3-3-3-2,40.3,407.0,2.0,ブライティアブエナ,18.0
2021100920,シスターネビュラ,2025/05/12,川崎,曇,10,紫丁香花賞(C1),12,5,6,9.6,3.0,3,藤江渉,54.0,ダ,1400.0,重,93.7,0.5,5-4-4-3,40.9,405.0,-5.0,メガバズーカランチ,30.0
2021100920,シスターネビュラ,2025/02/07,川崎,晴,6,ワッフル賞(C2),12,2,2,26.4,6.0,2,藤江渉,54.0,ダ,1400.0,良,92.5,0.0,8-5-5-3,40.0,410.0,0.0,メガバズーカランチ,40.0
2021100920,シスターネビュラ,2025/01/01,川崎,晴,6,四扇賞(C2),13,4,5,195.1,11.0,10,神尾香澄,51.0,ダ,1400.0,良,94.6,2.7,8-7-9-9,41.0,410.0,1.0,シンボリノエル,
2021100920,シスターネビュラ,2024/12/13,川崎,曇,8,ビュッシュドノエル賞(C2),12,7,10,19.4,6.0,3,Ｍ．ミシ,52.0,ダ,1400.0,良,93.4,0.7,9-9-7-6,40.1,409.0,4.0,バクラヴァ,25.0
2021100920,シスターネビュラ,2024/11/13,川崎,晴,2,フルーツタルト賞(C2),12,8,12,52.2,8.0,5,Ｍ．ミシ,52.0,ダ,1400.0,良,92.7,0.7,9-10-11-10,39.7,405.0,-3.0,キタノパッション,10.0
2021100920,シスターネビュラ,2024/10/21,浦和,晴,7,C2三四,11,5,5,32.3,6.0,5,藤江渉,54.0,ダ,1500.0,良,99.6,1.1,3-3-3-3,40.4,408.0,-2.0,アプレイザー,10.0
2021100920,シスターネビュラ,2024/10/10,川崎,曇,5,C2三四五(C2四),12,8,12,75.7,9.0,5,藤江渉,54.0,ダ,1400.0,重,95.5,1.1,10-12-8-9,42.0,410.0,0.0,サザンフルーヴ,10.0
2021100920,シスターネビュラ,2024/09/05,川崎,晴,3,梟特別(3歳),11,1,1,106.6,8.0,8,藤江渉,54.0,ダ,1500.0,稍,101.0,2.0,9-10-10-10,40.2,410.0,1.0,コルテデフィート,
2021100920,シスターネビュラ,2024/08/07,川崎,曇,7,ペリドットフラワー賞(3歳C1),11,8,11,95.8,10.0,11,藤江渉,54.0,ダ,1400.0,良,97.8,6.1,4-5-6-11,46.9,409.0,1.0,ウィップスティッチ,
2021100920,シスターネビュラ,2024/07/24,川崎,晴,4,モルゲンロート賞(3歳),11,6,7,40.6,7.0,9,藤江渉,55.0,ダ,900.0,良,57.0,2.0,8-8,37.8,408.0,3.0,シントーユタカ,
2021100920,シスターネビュラ,2024/07/01,川崎,雨,12,赤翡翠特別(3歳),9,8,10,34.5,8.0,9,藤江渉,54.0,ダ,1500.0,重,103.1,2.9,4-3-5-5,45.2,405.0,1.0,トミサンエンジェル,
2021100920,シスターネビュラ,2024/06/11,川崎,晴,4,小千鳥賞(3歳),14,6,9,30.9,7.0,3,藤江渉,54.0,ダ,1500.0,稍,100.4,0.8,5-5-5-3,42.7,404.0,1.0,タイセイマイウェイ,50.0
2021100920,シスターネビュラ,2024/05/06,川崎,曇,2,3歳5,10,2,2,59.5,9.0,3,藤江渉,54.0,ダ,1400.0,良,93.6,0.8,4-3-4-3,40.7,403.0,-2.0,サムライウォーリア,40.0
2021100920,シスターネビュラ,2024/01/02,川崎,晴,4,だるま落とし賞(3歳),9,5,5,27.8,6.0,7,藤江渉,54.0,ダ,1500.0,良,103.0,2.5,3-3-1-5,42.4,405.0,-5.0,ライゴウ,
2021100920,シスターネビュラ,2023/12/11,川崎,曇,3,スパイダー賞(2歳),11,6,7,104.9,9.0,5,藤江渉,54.0,ダ,1500.0,良,101.2,1.0,4-3-5-4,43.2,410.0,-4.0,カフェランデブー,22.0
2021100920,シスターネビュラ,2023/11/10,川崎,雨,6,オオカマキリ賞(2歳),14,2,2,279.6,14.0,5,藤江渉,54.0,ダ,1500.0,良,100.7,1.5,6-6-8-3,43.1,414.0,-9.0,スノーシュー,25.0
2021100920,シスターネビュラ,2023/10/09,川崎,雨,5,小町特別(2歳),11,3,3,125.4,11.0,8,藤江渉,54.0,ダ,1500.0,不,104.3,4.8,5-4-6-8,47.4,423.0,6.0,ウインアザレア,
2021100920,シスターネビュラ,2023/07/03,川崎,晴,1,2歳4,7,7,7,4.8,3.0,1,藤江渉,54.0,ダ,1400.0,良,95.7,-0.9,2-2-1-1,41.6,417.0,0.0,(シチークール),200.0
2021100920,シスターネビュラ,2023/06/13,川崎,晴,2,モンシロチョウ特別(2歳),9,2,2,116.4,9.0,7,藤江渉,54.0,ダ,1400.0,重,98.2,2.4,4-3-4-4,45.3,417.0,-10.0,ミスティライラック,
2021100920,シスターネビュラ,2023/05/18,川崎,晴,3,スパーキングデビュー(2歳),6,2,2,17.3,4.0,6,町田直希,54.0,ダ,1400.0,良,102.3,9.3,4-4-6-6,49.8,427.0,0.0,パンセ,
2021106961,ネクタール,2026/07/14,名古屋,晴,8,C6組,12,6,8,4.3,1.0,1,望月洵輝,55.0,ダ,1500.0,良,97.8,-0.2,2-2-1,39.8,438.0,-3.0,(パープルルージュ),57.0
2021106961,ネクタール,2026/06/19,名古屋,晴,12,金シャチ最終戦(C),12,6,8,7.4,4.0,8,望月洵輝,55.0,ダ,1500.0,良,98.0,2.2,7-7-9,40.2,441.0,-4.0,ラブバイオレット,
2021106961,ネクタール,2026/06/04,名古屋,晴,3,C6組,12,5,6,16.0,5.0,2,望月洵輝,55.0,ダ,1500.0,稍,98.4,0.4,2-1-1,38.6,445.0,-4.0,サトノスフィア,20.0
2021106961,ネクタール,2026/05/22,名古屋,曇,5,C8組,10,4,4,45.3,5.0,7,友森翔太,55.0,ダ,1500.0,重,99.7,3.1,7-8-8,41.0,449.0,-4.0,ヤマカツライコウ,
2021106961,ネクタール,2026/05/07,名古屋,晴,5,C9組,10,6,6,29.4,7.0,8,丸野勝虎,55.0,ダ,1500.0,良,98.8,0.9,7-7-8,39.6,453.0,-7.0,セイウンピカイチ,
2021106961,ネクタール,2025/11/11,門別,曇,7,3歳以上C4ー2,15,8,14,21.2,5.0,13,小野楓馬,55.0,ダ,1200.0,稍,79.0,2.6,3-4,41.7,460.0,4.0,クレーバーベン,
2021106961,ネクタール,2025/10/29,門別,晴,6,3歳以上C4ー2,10,4,4,85.3,7.0,9,阿部龍,55.0,ダ,1200.0,稍,78.6,3.6,1-5,42.5,456.0,6.0,リオンセーラス,
2021106961,ネクタール,2025/10/15,門別,晴,7,3歳以上C4ー2,8,2,2,33.9,4.0,5,松井伸也,55.0,ダ,1200.0,稍,77.9,2.5,3-3,41.2,450.0,0.0,ブルロッソ,2.8
2021106961,ネクタール,2025/10/02,門別,晴,5,3歳以上C4ー3,11,7,9,9.3,5.0,5,阿部龍,55.0,ダ,1200.0,稍,76.4,1.2,4-4,39.0,450.0,10.0,パッションビラーゴ,2.8
2021106961,ネクタール,2025/09/17,門別,晴,3,道産牛肉食べて元気に(C4),9,7,7,18.9,5.0,8,塩津璃菜,51.0,ダ,1200.0,良,78.5,3.1,2-5,41.8,440.0,6.0,ディクシーヴォーグ,
2021106961,ネクタール,2025/09/02,門別,曇,4,3歳以上C4ー4,9,7,7,1.9,1.0,1,小野楓馬,55.0,ダ,1200.0,重,75.9,0.0,3-3,39.2,434.0,2.0,(ベルトモ),40.0
2021106961,ネクタール,2025/08/19,門別,曇,4,3歳以上C4ー4,8,5,5,2.0,1.0,2,小野楓馬,55.0,ダ,1200.0,不,75.3,0.1,1-1,38.9,432.0,-6.0,アザレアドリーム,11.2
2021106961,ネクタール,2025/07/16,門別,晴,6,3歳以上C4ー4,10,1,1,9.1,3.0,7,小野楓馬,55.0,ダ,1200.0,稍,78.4,1.4,4-4,40.7,438.0,-2.0,ツキカゲ,
2021106961,ネクタール,2025/07/02,門別,曇,2,3歳以上C4ー4,11,3,3,6.0,3.0,2,小野楓馬,55.0,ダ,1200.0,良,75.8,0.8,1-1,39.8,440.0,-4.0,リュウノマジシャン,11.2
2021106961,ネクタール,2025/06/18,門別,晴,1,3歳以上C4ー4,14,4,5,4.7,3.0,4,小野楓馬,55.0,ダ,1200.0,良,76.9,0.9,6-6,39.5,444.0,-6.0,プレシャスブーケ,5.6
2021106961,ネクタール,2025/06/04,門別,曇,2,3歳以上C4ー4,14,5,8,8.5,4.0,2,小野楓馬,55.0,ダ,1200.0,重,75.1,0.1,5-4,38.4,450.0,2.0,ヴィトーリアヘーザ,11.2
2021106961,ネクタール,2025/05/21,門別,晴,10,グランシャリオドリー(C4),14,1,1,4.6,3.0,6,小野楓馬,55.0,ダ,1200.0,良,77.3,1.7,8-9,39.5,448.0,-4.0,ゴールデンスキーム,
2021106961,ネクタール,2025/05/07,門別,曇,2,3歳以上C4ー4,14,5,7,5.5,3.0,2,藤田凌駕,52.0,ダ,1200.0,稍,75.9,0.0,3-3,38.2,452.0,-4.0,クラフトキング,11.2
2021106961,ネクタール,2025/04/23,門別,曇,4,3歳以上C4ー4,12,7,9,20.0,4.0,3,藤田凌駕,52.0,ダ,1200.0,重,76.3,0.8,3-3,39.5,456.0,18.0,メフィスト,8.4
2021106961,ネクタール,2024/11/04,門別,曇,7,門別ナイター照明普及(C4),11,7,9,24.4,7.0,6,金山昇馬,55.0,ダ,1000.0,良,63.2,1.0,2-2,38.8,438.0,2.0,テンアリオン,
2021106961,ネクタール,2024/10/24,門別,晴,10,オンシジューム特別(C4),12,3,3,16.8,8.0,9,服部茂史,55.0,ダ,1000.0,重,64.0,1.5,7-10,38.6,436.0,4.0,トーケンアーサー,
2021106961,ネクタール,2024/10/17,門別,晴,6,3歳以上C4ー2,12,6,8,6.1,3.0,11,金山昇馬,55.0,ダ,1200.0,稍,77.4,2.1,3-4,40.9,432.0,6.0,ピアリ,
2021106961,ネクタール,2024/10/03,門別,曇,5,3歳以上C4ー2,11,5,6,100.5,9.0,2,金山昇馬,55.0,ダ,1200.0,良,75.8,0.4,3-3,38.9,426.0,4.0,メイショウマーブル,11.2
2021106961,ネクタール,2024/09/17,門別,晴,5,3歳以上C4ー3,11,8,10,136.7,10.0,2,金山昇馬,55.0,ダ,1200.0,稍,76.0,0.0,2-1,39.9,422.0,0.0,グレイワークス,11.2
2021106961,ネクタール,2024/09/04,門別,晴,5,3歳以上C4ー3,12,5,5,28.5,7.0,12,吉本隆記,55.0,ダ,1000.0,良,64.5,2.0,8-10,38.6,422.0,4.0,キタノアマポーラ,
2021106961,ネクタール,2024/08/21,門別,晴,5,3歳以上C4ー3,12,5,6,80.5,6.0,3,吉本隆記,55.0,ダ,1000.0,稍,63.3,2.2,3-3,38.5,418.0,-4.0,エムティウノ,8.4
2021106961,ネクタール,2024/08/08,門別,曇,5,平取中応援ファンファ(C4),10,3,3,85.2,8.0,7,吉本隆記,55.0,ダ,1200.0,稍,77.5,1.6,6-8,40.4,422.0,-4.0,セイウンガオリー,
2021106961,ネクタール,2024/07/25,門別,曇,10,北竜ひまわりまつり特(C4),11,6,6,12.6,5.0,6,服部茂史,55.0,ダ,1200.0,良,77.0,1.5,9-6,39.7,426.0,20.0,クワイトポッシブル,
2021106961,ネクタール,2024/05/12,2東京8,曇,1,3歳未勝利,16,6,12,175.9,12.0,10,柴田大知,55.0,ダ,1400.0,良,88.3,1.9,13-14,38.2,406.0,0.0,モスオーキッド,
2021106961,ネクタール,2024/04/07,3中山6,晴,5,3歳未勝利,17,4,8,96.4,11.0,17,原優介,54.0,芝,2000.0,重,125.2,1.7,2-2-2-2,38.5,406.0,4.0,キューティクローム,
2021106961,ネクタール,2024/02/22,浦和,曇,7,ツインシャイン特別(3歳),12,6,8,15.9,6.0,6,内田利雄,54.0,ダ,1400.0,稍,92.4,0.7,9-9-8-8,40.1,402.0,-4.0,ステラヴェルデ,
2021106961,ネクタール,2024/01/06,1中山1,晴,5,3歳未勝利,17,2,4,501.7,16.0,11,佐藤翔馬,52.0,芝,2000.0,良,121.3,1.5,15-16-16-15,34.7,406.0,-6.0,ミッキーラッキー,
2021106961,ネクタール,2023/12/03,5中山2,晴,2,2歳未勝利,16,2,4,357.3,14.0,9,佐藤翔馬,52.0,ダ,1800.0,良,118.1,3.1,12-13-11-12,41.5,412.0,0.0,モデルハント,
2021106961,ネクタール,2023/11/18,5東京5,晴,1,2歳未勝利,15,4,8,167.1,12.0,9,佐藤翔馬,52.0,ダ,1600.0,重,99.5,2.2,11-13,38.8,412.0,6.0,セントラルヴァレー,
2021106961,ネクタール,2023/10/22,4新潟4,曇,2,2歳未勝利,11,6,7,297.8,11.0,7,原優介,54.0,芝,1600.0,重,97.8,1.0,11-11,34.9,406.0,-2.0,ポエットリー,
2021106961,ネクタール,2023/09/18,4中山5,晴,2,2歳未勝利,16,1,1,240.6,14.0,13,佐藤翔馬,52.0,芝,1600.0,良,97.4,2.0,15-14-15,35.9,408.0,-2.0,ミエノブラボー,
2021106961,ネクタール,2023/09/02,2札幌7,晴,5,2歳新馬,13,5,7,86.0,10.0,11,佐藤翔馬,52.0,芝,1500.0,稍,94.8,2.8,12-13-13,37.2,410.0,0.0,スプリングノヴァ,
2022102079,セラヴィーナス,2026/07/03,名古屋,晴,12,金シャチ最終戦777(C),12,8,12,7.3,4.0,3,丸野勝虎,55.0,ダ,1500.0,稍,97.1,1.0,3-3-4,39.3,463.0,-2.0,サーフギャラクシー,11.4
2022102079,セラヴィーナス,2026/06/22,名古屋,曇,11,平原灯姫特別(C),12,6,8,10.4,4.0,8,筒井勇介,55.0,ダ,1400.0,稍,91.8,1.7,2-2-4,40.2,465.0,5.0,オッシレイション,
2022102079,セラヴィーナス,2026/06/05,名古屋,曇,9,四谷の千枚田特別(C),12,5,5,15.0,4.0,6,丸野勝虎,55.0,ダ,1500.0,稍,98.1,1.5,1-1-4,40.2,460.0,-3.0,ヤマカツライコウ,
2022102079,セラヴィーナス,2026/05/25,名古屋,晴,5,C3組,11,5,5,8.5,5.0,3,丸野勝虎,55.0,ダ,1500.0,良,97.7,0.2,2-2-3,39.5,463.0,5.0,エクメノポリス,11.4
2022102079,セラヴィーナス,2026/05/06,名古屋,小雨,10,C12組,11,3,3,10.2,5.0,1,丸野勝虎,55.0,ダ,1500.0,稍,98.2,-0.1,1-1-1,40.2,458.0,-6.0,(ピークブルーム),57.0
2022102079,セラヴィーナス,2026/04/23,名古屋,雨,2,C10組,12,2,2,10.6,4.0,8,小笠原羚,51.0,ダ,1500.0,重,96.8,1.1,4-5-5,39.3,464.0,1.0,カワテンティアラ,
2022102079,セラヴィーナス,2026/04/09,名古屋,曇,4,C15組,11,6,7,17.1,7.0,2,筒井勇介,55.0,ダ,1400.0,稍,91.5,0.0,1-1-1,38.9,463.0,3.0,サンマルレーヴ,20.0
2022102079,セラヴィーナス,2026/03/26,名古屋,曇,1,馬場夫妻結婚祝い&未(C),11,7,8,90.5,6.0,4,筒井勇介,55.0,ダ,1500.0,不,98.6,1.3,4-4-4,41.0,460.0,-7.0,ラヴァーズブルー,8.3
2022102079,セラヴィーナス,2026/02/26,名古屋,晴,7,C13組,11,5,5,26.7,7.0,11,筒井勇介,55.0,ダ,1500.0,重,102.3,4.9,4-4-8,44.6,467.0,-1.0,ベレーザフィン,
2022102079,セラヴィーナス,2026/02/11,名古屋,曇,3,ドキドキしゃちうまく(C),12,5,6,13.2,6.0,4,藤原幹生,55.0,ダ,1500.0,重,99.1,0.8,4-3-3,40.4,468.0,1.0,ヴァルドグラース,8.3
2022102079,セラヴィーナス,2026/01/28,名古屋,晴,7,C14組,12,8,11,26.0,6.0,6,筒井勇介,55.0,ダ,1400.0,良,91.3,0.3,3-3-3,39.1,467.0,-1.0,ノブノリオウ,
2022102079,セラヴィーナス,2026/01/15,名古屋,晴,6,C14組,12,8,11,15.1,5.0,5,筒井勇介,55.0,ダ,1500.0,良,98.5,0.6,3-2-4,39.9,468.0,6.0,ウィッティングハム,5.5
2022102079,セラヴィーナス,2026/01/04,名古屋,晴,5,門松賞(C),12,5,5,29.5,5.0,6,筒井勇介,55.0,ダ,1500.0,良,98.5,1.7,7-8-7,39.4,462.0,-11.0,ミダスリスト,
2022102079,セラヴィーナス,2025/12/22,名古屋,晴,7,C15組,12,6,8,34.5,5.0,4,筒井勇介,55.0,ダ,1500.0,重,97.9,1.5,5-6-7,39.9,473.0,0.0,フローラビーナス,8.3
2022102079,セラヴィーナス,2025/12/09,名古屋,晴,5,C11組,12,4,4,12.8,4.0,6,望月洵輝,55.0,ダ,1400.0,良,91.4,1.7,5-4-4,39.8,473.0,-7.0,サラサラヘアー,
2022102079,セラヴィーナス,2025/11/21,名古屋,晴,6,C11組,12,1,1,96.9,6.0,9,大畑慧悟,55.0,ダ,1500.0,良,98.4,2.8,6-7-4,40.2,480.0,3.0,ハンクスター,
2022102079,セラヴィーナス,2025/11/11,名古屋,晴,5,C18組,11,8,11,4.6,3.0,2,望月洵輝,55.0,ダ,1500.0,稍,99.1,0.8,8-5-2,40.6,477.0,-3.0,クロメヒョウ,19.3
2022102079,セラヴィーナス,2025/10/29,名古屋,晴,6,C17組,12,6,7,6.6,3.0,2,望月洵輝,55.0,ダ,1400.0,良,91.9,0.6,6-6-6,39.1,480.0,3.0,メイショウスエヒロ,19.3
2022102079,セラヴィーナス,2025/10/15,名古屋,曇,7,C15組,12,2,2,13.2,4.0,6,望月洵輝,55.0,ダ,1500.0,重,99.2,1.8,3-3-2,42.4,477.0,-1.0,ジーティーラピッド,
2022102079,セラヴィーナス,2025/09/17,名古屋,曇,3,3歳6組,12,6,8,17.7,4.0,6,望月洵輝,55.0,ダ,1500.0,良,98.9,1.7,8-7-6,40.3,478.0,3.0,バトンロード,
2022102079,セラヴィーナス,2025/09/03,名古屋,晴,5,3歳5組,12,4,4,4.9,3.0,6,望月洵輝,55.0,ダ,1700.0,良,114.1,1.4,6-5-5,40.9,475.0,-1.0,ロジアンドモルタル,
2022102079,セラヴィーナス,2025/08/19,名古屋,晴,2,名古屋モーニングフィ(3歳),12,2,2,6.1,4.0,2,丸野勝虎,55.0,ダ,1500.0,良,97.2,0.2,7-6-4,39.8,476.0,0.0,セレッソレイナ,19.3
2022102079,セラヴィーナス,2025/07/23,名古屋,晴,1,名古屋モーニングフィ(3歳),12,5,5,4.3,2.0,2,望月洵輝,55.0,ダ,1500.0,良,97.4,0.4,4-3-3,39.6,476.0,3.0,カルタジローネ,19.3
2022102079,セラヴィーナス,2025/07/09,名古屋,晴,2,名古屋モーニングフィ(3歳),12,8,11,2.3,1.0,2,望月洵輝,55.0,ダ,1400.0,良,91.0,0.0,5-3-2,39.3,473.0,1.0,エスカラムサ,19.3
2022102079,セラヴィーナス,2025/06/27,名古屋,晴,3,3歳11組,12,6,7,9.3,4.0,4,望月洵輝,55.0,ダ,1500.0,重,99.5,1.5,7-5-3,42.8,472.0,6.0,タランチュラ,8.7
2022102079,セラヴィーナス,2025/05/25,1新潟8,小雨,5,3歳未勝利,16,8,15,70.6,13.0,11,小林美駒,51.0,芝,2000.0,稍,128.8,1.9,13-13-13-13,36.9,466.0,2.0,ストラニエーロ,
2022102079,セラヴィーナス,2025/03/16,2中京2,曇,2,3歳未勝利,13,3,3,85.1,8.0,11,横山琉人,54.0,ダ,1900.0,重,123.9,5.4,8-9-9-8,40.6,464.0,-6.0,レッドボブ,
2022102079,セラヴィーナス,2024/12/14,4中京5,晴,5,2歳未勝利,18,2,3,53.7,7.0,11,岩田康誠,55.0,芝,2000.0,良,124.1,1.5,12-12-14-14,35.7,470.0,-2.0,ノラリクラリ,
2022102079,セラヴィーナス,2024/12/01,4中京2,晴,4,2歳未勝利,15,2,3,94.5,9.0,9,古川奈穂,52.0,芝,1600.0,良,96.4,1.5,14-11-11,34.7,472.0,8.0,ラージギャラリー,
2022102079,セラヴィーナス,2024/06/29,2福島1,晴,6,2歳新馬,9,2,2,9.0,5.0,7,丸山元気,55.0,ダ,1150.0,良,73.1,2.1,3-4,38.9,464.0,0.0,ラインパシオン,
2021101067,クィーンミツコ,2026/07/03,名古屋,晴,9,田原特別(C),12,8,12,5.7,2.0,6,塚本征吾,55.0,ダ,1700.0,稍,112.9,1.2,10-9-8,39.7,493.0,0.0,トップパワー,
2021101067,クィーンミツコ,2026/06/22,名古屋,曇,10,三ヶ根山特別(C),10,6,6,25.8,7.0,3,加藤聡一,55.0,ダ,1500.0,稍,97.5,0.8,9-9-3,39.3,493.0,7.0,コスモナッシュビル,15.0
2021101067,クィーンミツコ,2026/05/21,名古屋,雨,4,C11組,10,7,8,2.4,1.0,1,塚本征吾,55.0,ダ,1500.0,重,98.7,-0.1,8-8-1,39.8,486.0,-7.0,(サクリファイス),57.0
2021101067,クィーンミツコ,2026/05/06,名古屋,曇,1,C15組,11,6,6,15.5,6.0,3,塚本征吾,55.0,ダ,1500.0,稍,98.1,0.0,10-8-7,39.1,493.0,0.0,ブルロッソ,11.4
2021101067,クィーンミツコ,2026/04/22,名古屋,曇,3,C14組,12,8,12,10.3,5.0,2,望月洵輝,55.0,ダ,1500.0,良,97.3,0.1,7-5-1,39.1,493.0,-2.0,ルークピオーネ,20.0
2021101067,クィーンミツコ,2026/04/09,名古屋,晴,2,C17組,11,2,2,27.0,7.0,11,塚本征吾,55.0,ダ,1500.0,稍,100.4,3.5,4-4-6,42.5,495.0,2.0,アインホルン,
2021101067,クィーンミツコ,2026/03/26,名古屋,曇,2,C11組,11,6,6,133.6,9.0,7,大原浩司,55.0,ダ,1500.0,不,98.9,1.4,5-6-6,40.1,493.0,2.0,アットザホップ,
2021101067,クィーンミツコ,2026/02/27,名古屋,曇,1,C12組,10,7,8,246.4,10.0,7,大原浩司,55.0,ダ,1500.0,重,98.2,1.3,4-4-3,39.9,491.0,-3.0,ランドオブファイア,
2021101067,クィーンミツコ,2026/02/11,名古屋,曇,6,C12組,12,3,3,370.4,12.0,12,大原浩司,55.0,ダ,1400.0,重,95.1,4.4,7-7-8,41.8,494.0,6.0,ドリームトリップ,
2021101067,クィーンミツコ,2026/01/16,名古屋,晴,6,久保田大登1歳の誕生(C),10,2,2,240.0,9.0,9,大原浩司,55.0,ダ,1400.0,良,92.7,1.9,3-3-4,40.2,488.0,-7.0,エリタージュソング,
2021101067,クィーンミツコ,2026/01/05,名古屋,晴,3,菊の花賞(C),11,4,4,127.7,11.0,4,大原浩司,55.0,ダ,920.0,良,57.4,0.7,6,36.8,495.0,1.0,フェリアフローレス,8.3
2021101067,クィーンミツコ,2025/12/23,名古屋,晴,5,ハッピーウエディング(C),12,6,8,56.7,7.0,6,筒井勇介,55.0,ダ,1400.0,稍,92.1,1.7,8-7-7,39.9,494.0,-5.0,カフジジャワ,
2021101067,クィーンミツコ,2025/12/10,名古屋,晴,2,C6組,12,8,12,113.7,8.0,9,筒井勇介,55.0,ダ,1500.0,良,99.5,2.4,7-7-8,42.0,499.0,-3.0,マンノデュエット,
2021101067,クィーンミツコ,2025/11/26,名古屋,晴,3,C6組,12,7,9,28.0,5.0,11,宮下瞳,53.0,ダ,1500.0,良,104.7,7.2,3-3-10,46.0,502.0,-3.0,フジュム,
2021101067,クィーンミツコ,2025/10/30,名古屋,晴,7,C8組,12,5,6,29.1,6.0,8,宮下瞳,53.0,ダ,1500.0,良,99.7,2.0,9-8-7,40.8,505.0,3.0,マンノミューズ,
2021101067,クィーンミツコ,2025/10/17,名古屋,晴,1,C7組,12,7,10,12.4,4.0,2,宮下瞳,53.0,ダ,1400.0,重,93.2,0.4,7-5-4,41.2,502.0,0.0,ヒダサワヤカ,19.3
2021101067,クィーンミツコ,2025/10/01,名古屋,晴,2,C6組,12,7,10,8.6,3.0,5,宮下瞳,53.0,ダ,1500.0,良,100.1,0.8,3-3-3,40.5,502.0,4.0,ブリリアントギフト,5.5
2021101067,クィーンミツコ,2025/09/17,名古屋,晴,2,名古屋モーニングフィ(C),12,7,10,15.9,8.0,2,宮下瞳,53.0,ダ,1400.0,良,93.7,0.5,4-3-2,39.4,498.0,1.0,カグヤ,19.3
2021101067,クィーンミツコ,2025/09/02,名古屋,晴,5,C8組,12,3,3,122.8,12.0,7,大畑雅章,55.0,ダ,1500.0,良,101.0,3.1,9-11-10,41.0,497.0,1.0,ピークブルーム,
2021101067,クィーンミツコ,2025/08/20,名古屋,晴,3,C11組,12,7,10,64.3,11.0,10,大畑雅章,55.0,ダ,1400.0,良,92.5,2.3,11-11-11,39.4,496.0,0.0,フジファンタジスタ,
2021101067,クィーンミツコ,2025/07/21,名古屋,晴,8,C13組,12,8,11,92.0,10.0,12,阪野学,55.0,ダ,1500.0,良,99.2,2.2,8-5-10,40.9,496.0,-2.0,ガンバリキ,
2021101067,クィーンミツコ,2025/07/09,名古屋,晴,5,C12組,12,6,7,7.2,3.0,10,宮下瞳,53.0,ダ,1500.0,良,99.1,1.6,2-2-4,41.0,498.0,-1.0,サインオブハピネス,
2021101067,クィーンミツコ,2025/06/25,名古屋,晴,5,C11組,12,7,10,22.3,6.0,4,加藤聡一,55.0,ダ,1500.0,重,98.4,1.1,3-3-3,41.0,499.0,1.0,アルアーシャ,8.3
2021101067,クィーンミツコ,2025/06/16,名古屋,晴,6,C11組,12,8,12,13.2,5.0,7,宮下瞳,53.0,ダ,1500.0,重,98.9,0.4,4-4-5,41.3,498.0,2.0,シグナトリー,
2021101067,クィーンミツコ,2025/06/04,名古屋,晴,3,C11組,12,8,11,24.3,8.0,7,宮下瞳,53.0,ダ,1400.0,重,93.1,1.0,5-8-6,40.6,496.0,3.0,コンジュラー,
2021101067,クィーンミツコ,2025/05/21,名古屋,曇,1,C14組,12,4,4,45.8,10.0,2,宮下瞳,53.0,ダ,920.0,良,57.4,0.4,4,36.9,493.0,2.0,ハルボタン,19.3
2021101067,クィーンミツコ,2025/05/06,名古屋,小雨,7,C17組,11,7,8,20.0,4.0,8,塚本征吾,55.0,ダ,1400.0,不,93.8,2.2,10-10-9,40.3,491.0,2.0,コマゼロワン,
2021101067,クィーンミツコ,2025/04/22,名古屋,小雨,8,C17組,11,5,5,5.6,2.0,6,塚本征吾,55.0,ダ,1500.0,良,100.6,1.2,2-3-3,42.2,489.0,7.0,ロバストネス,
2021101067,クィーンミツコ,2025/04/09,名古屋,晴,9,C13組,12,8,11,25.7,5.0,7,塚本征吾,55.0,ダ,1400.0,良,93.8,2.0,3-4-4,40.3,482.0,0.0,コーラルトレジャー,
2021101067,クィーンミツコ,2025/03/26,名古屋,晴,5,C16組,11,1,1,13.9,5.0,4,加藤聡一,54.0,ダ,1500.0,稍,99.6,1.1,1-1-1,41.5,482.0,-1.0,トゥラムプラッツ,7.5
2021101067,クィーンミツコ,2025/02/26,名古屋,晴,3,C17組,10,7,8,12.1,4.0,4,加藤聡一,54.0,ダ,920.0,良,58.1,1.5,5,37.4,483.0,2.0,オレノブルース,7.5
2021101067,クィーンミツコ,2025/02/12,名古屋,曇,1,C17組,9,4,4,6.4,4.0,8,加藤聡一,54.0,ダ,1500.0,良,100.3,1.4,5-5-6,40.4,481.0,0.0,サブリエ,
2021101067,クィーンミツコ,2025/01/28,名古屋,晴,6,C21組,11,8,10,20.0,8.0,2,加藤聡一,54.0,ダ,1500.0,良,99.1,0.3,3-3-3,39.6,481.0,-7.0,アミアン,17.5
2021101067,クィーンミツコ,2025/01/16,名古屋,晴,12,乙川特別(C),11,4,4,106.1,10.0,7,丹羽克輝,54.0,ダ,1500.0,良,100.0,1.6,4-5-7,41.0,488.0,2.0,ノリサンブラック,
2021101067,クィーンミツコ,2025/01/01,名古屋,晴,3,C30組,11,2,2,2.1,1.0,1,塚本征吾,54.0,ダ,1500.0,良,99.4,-0.1,3-3-2,40.1,486.0,-1.0,(キタノアイヴォリー),50.0
2021101067,クィーンミツコ,2024/12/18,名古屋,晴,1,C32組,10,8,9,6.5,4.0,3,塚本征吾,54.0,ダ,920.0,良,58.4,1.0,4,38.2,487.0,-6.0,ギフトフォーユー,10.0
2021101067,クィーンミツコ,2024/12/03,名古屋,晴,2,C25組,12,6,8,43.1,5.0,9,塚本征吾,54.0,ダ,1500.0,良,100.7,4.2,4-5-8,42.7,493.0,3.0,モディリアーニ,
2021101067,クィーンミツコ,2024/07/13,1函館11,晴,3,3歳未勝利,16,5,9,364.5,16.0,13,松岡正海,55.0,芝,1200.0,良,70.7,1.6,13-13,35.1,490.0,8.0,マサノカナリア,
2021101067,クィーンミツコ,2024/06/16,1函館4,曇,3,3歳未勝利,12,4,4,274.7,12.0,12,黛弘人,55.0,ダ,1000.0,良,62.4,3.0,11-12,37.3,482.0,2.0,バッファローライズ,
2021101067,クィーンミツコ,2024/05/25,2東京11,曇,3,3歳未勝利,18,6,11,398.9,16.0,17,木幡育也,55.0,芝,1400.0,良,84.7,2.1,7-7,35.6,480.0,0.0,ララマセラシオン,
2021101067,クィーンミツコ,2023/12/10,5中山4,晴,1,2歳未勝利,16,1,1,418.3,16.0,16,菊沢一樹,55.0,ダ,1200.0,良,75.3,3.3,9-9,39.9,480.0,-4.0,ステラシティ,
2021101067,クィーンミツコ,2023/11/11,3福島3,曇,1,2歳未勝利,16,6,12,221.0,14.0,10,菊沢一樹,55.0,ダ,1150.0,稍,72.3,3.1,12-12,38.5,484.0,6.0,パルプフィクション,
2021101067,クィーンミツコ,2023/10/07,4東京1,晴,1,2歳未勝利,16,5,10,76.7,11.0,16,横山和生,55.0,ダ,1400.0,良,92.0,4.4,16-16,38.4,478.0,10.0,ロールハーアイズ,
2021101067,クィーンミツコ,2023/08/12,2札幌1,晴,5,2歳新馬,13,4,5,153.3,12.0,11,横山琉人,54.0,芝,1500.0,良,91.8,1.0,11-11-11,35.4,468.0,0.0,レアリゼアンレーヴ,
2022103632,パーソナルレコード,2026/07/03,名古屋,晴,10,渥美半島特別(C),12,8,12,18.4,4.0,6,大畑慧悟,57.0,ダ,1500.0,稍,96.6,1.4,4-1-2,40.0,507.0,-4.0,ブルースバローズ,
2022103632,パーソナルレコード,2026/06/22,名古屋,曇,8,西尾大空特別(C),12,8,12,20.2,6.0,7,丸山真一,57.0,ダ,2000.0,稍,136.0,3.5,4-1-4,44.7,511.0,5.0,セレッソレイナ,
2022103632,パーソナルレコード,2026/06/04,名古屋,曇,12,金シャチ最終戦(C),12,1,1,8.1,4.0,1,近藤颯羽,54.0,ダ,1500.0,稍,96.6,-0.4,1-1-1,39.0,506.0,0.0,(マルシェ),57.0
2022103632,パーソナルレコード,2026/05/21,名古屋,雨,5,C10組,10,7,7,9.6,4.0,2,村上弘樹,57.0,ダ,1500.0,重,98.0,0.1,6-2-1,39.6,506.0,3.0,オイチノカタ,20.0
2022103632,パーソナルレコード,2026/05/06,名古屋,曇,2,C14組,10,5,5,6.1,3.0,4,村上弘樹,57.0,ダ,1500.0,稍,99.3,0.6,1-1-1,41.6,503.0,2.0,フォギーレーン,8.6
2022103632,パーソナルレコード,2026/04/22,名古屋,曇,8,C12組,12,5,6,10.7,6.0,5,村上弘樹,57.0,ダ,1500.0,良,98.2,1.0,2-2-3,40.9,501.0,-12.0,ルナフェイズ,5.7
2022103632,パーソナルレコード,2026/03/25,園田,曇,3,C3二,12,8,12,3.0,2.0,1,渡瀬和幸,57.0,ダ,820.0,稍,52.2,-0.3,1-1,37.5,513.0,3.0,(ユウバエ),60.0
2022103632,パーソナルレコード,2026/03/05,姫路,晴,3,C3一,10,8,10,18.5,5.0,9,渡瀬和幸,57.0,ダ,1400.0,稍,99.1,2.0,9-9-9-9,42.0,510.0,-6.0,ベストオブキング,
2022103632,パーソナルレコード,2026/02/17,姫路,晴,2,C3二,10,6,6,5.4,4.0,6,渡瀬和幸,57.0,ダ,1400.0,良,97.8,1.1,1-1-2-3,42.7,516.0,-7.0,リリーハート,
2022103632,パーソナルレコード,2026/02/04,姫路,晴,2,C3一,9,8,10,2.8,2.0,8,渡瀬和幸,57.0,ダ,1400.0,良,97.3,2.2,3-6-4-6,42.9,523.0,14.0,パドメ,
2022103632,パーソナルレコード,2025/09/17,園田,曇,8,C2一,9,8,9,2.8,2.0,6,渡瀬和幸,56.0,ダ,1400.0,良,92.8,0.9,2-2-1-2,41.8,509.0,5.0,ムーンレイデオ,
2022103632,パーソナルレコード,2025/08/17,1札幌8,雨,4,3歳未勝利,14,5,7,160.6,11.0,10,松本大輝,56.0,ダ,1700.0,良,109.3,2.5,4-4-12-12,39.0,504.0,4.0,マナエトレ,
2022103632,パーソナルレコード,2025/07/23,門別,晴,7,リゲル特別(C1),10,6,6,6.5,4.0,6,小林美駒,53.0,ダ,1200.0,良,76.3,1.2,1-1,39.9,500.0,2.0,ホワイトマジック,
2022103632,パーソナルレコード,2025/06/22,3阪神6,曇,2,3歳未勝利,14,6,9,20.5,6.0,11,高杉吏麒,56.0,ダ,1800.0,良,118.5,3.6,2-2-2-2,41.8,498.0,-12.0,ダイシンレアレア,
2022103632,パーソナルレコード,2025/05/29,園田,曇,10,JRA交流三室山特別,11,4,4,2.6,1.0,3,吉村誠之,55.0,ダ,1400.0,良,91.6,0.2,8-8-7-5,39.7,510.0,-12.0,サンピノン,37.5
2022103632,パーソナルレコード,2025/04/27,2京都2,晴,2,3歳未勝利,15,8,16,3.4,2.0,14,坂井瑠星,57.0,ダ,1800.0,良,118.5,4.5,8-9-7-10,41.7,522.0,0.0,シュネーグロッケン,
2022110073,マルシェ,2026/07/15,名古屋,晴,12,金シャチ最終戦777(C),12,8,12,2.7,1.0,1,渡辺竜也,57.0,ダ,1500.0,良,97.4,-0.8,6-4-1,40.4,486.0,4.0,(フーダオラ),57.0
2022110073,マルシェ,2026/07/02,名古屋,曇,7,恋路ヶ浜賞(C),11,7,10,2.8,1.0,7,塚本征吾,57.0,ダ,1400.0,不,90.5,1.2,3-2-7,40.4,482.0,-6.0,オレイニウタイマス,
2022110073,マルシェ,2026/06/19,名古屋,晴,3,C4組,11,8,10,3.2,3.0,4,塚本征吾,57.0,ダ,1500.0,良,96.4,0.4,2-2-4,39.3,488.0,0.0,ロジアンドモルタル,8.6
2022110073,マルシェ,2026/06/04,名古屋,曇,12,金シャチ最終戦(C),12,5,6,8.9,5.0,2,塚本征吾,57.0,ダ,1500.0,稍,97.0,0.4,2-1-2,39.4,488.0,-3.0,パーソナルレコード,20.0
2022110073,マルシェ,2026/05/21,名古屋,雨,5,C10組,10,8,9,1.9,1.0,4,望月洵輝,57.0,ダ,1500.0,重,98.4,0.5,4-5-5,39.9,491.0,-2.0,オイチノカタ,8.6
2022110073,マルシェ,2026/05/06,名古屋,曇,1,C15組,11,5,5,3.0,2.0,2,望月洵輝,57.0,ダ,1500.0,稍,98.1,0.0,5-6-6,39.2,493.0,2.0,ブルロッソ,20.0
2022110073,マルシェ,2026/04/09,名古屋,晴,2,C17組,11,1,1,2.1,1.0,3,望月洵輝,57.0,ダ,1500.0,稍,98.2,1.3,2-2-3,40.5,491.0,-5.0,アインホルン,11.4
2022110073,マルシェ,2026/03/25,名古屋,小雨,1,いるちゃんお誕生日お(C),11,3,3,1.9,1.0,5,望月洵輝,57.0,ダ,1500.0,良,98.8,0.8,5-5-6,40.9,496.0,1.0,クインズモンブラン,5.5
2022110073,マルシェ,2026/03/09,名古屋,晴,6,C25組,11,7,8,3.3,2.0,1,筒井勇介,57.0,ダ,1500.0,良,98.7,-0.7,2-2-1,39.5,495.0,-13.0,(アドバンスオーセン),55.0
2022110073,マルシェ,2026/02/11,姫路,曇,6,C2二,10,3,3,37.1,7.0,6,笹田知宏,57.0,ダ,1400.0,稍,97.5,3.2,8-8-7-7,41.9,508.0,-9.0,エルフェニックス,
2022110073,マルシェ,2026/01/20,姫路,晴,8,C2一,10,8,9,9.4,5.0,8,笹田知宏,57.0,ダ,1400.0,良,98.0,2.6,10-10-10-9,41.9,517.0,27.0,ミストラルピンク,
2022110073,マルシェ,2025/08/31,4中京4,晴,4,3歳未勝利,16,4,7,84.1,12.0,13,永島まな,55.0,ダ,1400.0,良,88.1,2.7,14-14,39.0,490.0,4.0,シュテルンビルト,
2022110073,マルシェ,2025/05/11,2京都6,晴,1,3歳未勝利,16,5,10,23.5,8.0,13,永島まな,55.0,ダ,1200.0,稍,74.6,2.3,14-14,36.8,486.0,0.0,ジェバーダ,
2022106345,オーセンティアン,2026/07/17,名古屋,晴,7,B9組,12,7,9,10.8,5.0,9,丹羽克輝,55.0,ダ,1500.0,良,99.7,2.4,3-3-3,42.5,457.0,-11.0,クインズモンブラン,
2022106345,オーセンティアン,2026/07/01,名古屋,小雨,7,天の川疾風戦(B),11,2,2,30.1,8.0,5,丹羽克輝,55.0,ダ,920.0,稍,56.6,2.0,6,36.9,468.0,1.0,ゴールデンリング,7.0
2022106345,オーセンティアン,2026/06/19,名古屋,晴,5,B11組,9,1,1,25.3,6.0,4,丹羽克輝,55.0,ダ,1500.0,良,96.5,1.9,7-7-3,40.1,467.0,-20.0,タマモサイジョ,10.5
2022106345,オーセンティアン,2026/05/25,名古屋,晴,9,B12組,10,7,8,70.6,9.0,5,加藤誓二,55.0,ダ,1500.0,良,97.3,0.3,4-1-2,39.9,487.0,-1.0,キスメット,7.0
2022106345,オーセンティアン,2026/05/05,名古屋,晴,1,デネボラ疾風戦(B),11,6,8,13.4,6.0,6,加藤誓二,55.0,ダ,920.0,重,57.0,1.0,8,36.5,488.0,0.0,タイセイフォルテ,
2022106345,オーセンティアン,2026/04/22,名古屋,曇,12,シェリアク賞(B),12,5,5,139.5,10.0,8,加藤誓二,55.0,ダ,1400.0,良,91.2,2.8,10-10-7,40.4,488.0,2.0,マンノデュエット,
2022106345,オーセンティアン,2026/04/08,名古屋,晴,10,花は桜木賞(B),12,8,12,8.2,4.0,9,加藤誓二,55.0,ダ,920.0,稍,57.4,1.7,4,37.8,486.0,2.0,ジェイエルバルカー,
2022106345,オーセンティアン,2026/03/24,名古屋,晴,11,920m戦大蔵池賞(B),12,8,12,9.4,3.0,3,加藤誓二,55.0,ダ,920.0,良,56.3,0.3,3,36.8,484.0,-4.0,アフロプリンス,13.0
2022106345,オーセンティアン,2026/03/13,名古屋,曇,10,本宮町特別(C),11,2,2,4.9,4.0,2,加藤誓二,55.0,ダ,920.0,良,56.5,0.4,3,36.9,488.0,-1.0,ワンハート,24.5
2022106345,オーセンティアン,2026/03/02,名古屋,曇,11,気品な乙女特別(C),10,4,4,14.7,6.0,7,加藤誓二,55.0,ダ,1400.0,良,92.0,2.9,10-10-9,39.7,489.0,5.0,マンノデュエット,
2022106345,オーセンティアン,2026/02/12,名古屋,晴,12,ショコラテリーヌ特別(C),11,1,1,7.4,2.0,2,加藤誓二,55.0,ダ,920.0,稍,57.2,0.7,2,37.1,484.0,-7.0,コーリンフウガ,24.5
2022106345,オーセンティアン,2026/01/29,名古屋,曇,8,920m戦小梅賞(B),12,8,12,8.0,4.0,4,加藤誓二,55.0,ダ,920.0,良,57.0,0.9,2,37.2,491.0,0.0,センビトウリョウ,9.8
2022106345,オーセンティアン,2026/01/16,名古屋,晴,12,ほとけのざ特別(C),12,8,12,2.7,2.0,3,加藤誓二,55.0,ダ,920.0,良,56.6,0.6,3,37.3,491.0,-2.0,メモリードライブ,14.0
2022106345,オーセンティアン,2025/12/23,名古屋,小雨,8,C8組,12,6,7,1.9,1.0,1,加藤誓二,55.0,ダ,920.0,稍,56.3,-0.1,1,36.7,493.0,8.0,(マーブルチャン),55.0
2022106345,オーセンティアン,2025/12/05,名古屋,晴,2,C19組,12,7,9,2.4,2.0,1,加藤誓二,55.0,ダ,920.0,良,56.3,-1.1,1,36.6,485.0,3.0,(マーブルチャン),55.0
2022106345,オーセンティアン,2025/11/20,名古屋,晴,6,C20組,12,8,11,6.2,3.0,2,加藤誓二,55.0,ダ,1500.0,良,97.8,0.3,1-1-1,41.2,482.0,-5.0,コスモクイーンビー,19.3
2022106345,オーセンティアン,2025/11/10,名古屋,晴,2,C29組,11,4,4,14.2,7.0,5,加藤誓二,55.0,ダ,1500.0,稍,99.9,0.2,2-2-2,43.3,487.0,9.0,フェリアフローレス,5.5
2022106345,オーセンティアン,2025/10/14,名古屋,小雨,8,C24組,12,8,11,17.1,5.0,3,加藤誓二,55.0,ダ,1400.0,良,92.5,0.4,3-3-2,39.8,478.0,-3.0,テーオーニルソン,11.0
2022106345,オーセンティアン,2025/10/02,名古屋,晴,2,3歳15組,12,8,12,19.8,4.0,7,細川智史,55.0,ダ,1500.0,良,100.0,1.8,5-3-4,41.5,481.0,9.0,カフジアッサム,
2022106345,オーセンティアン,2025/09/18,名古屋,晴,4,3歳13組,12,8,12,32.9,6.0,5,宮下瞳,53.0,ダ,1500.0,良,99.0,1.1,4-3-3,40.8,472.0,-1.0,オッシレイション,5.5
2022106345,オーセンティアン,2025/09/04,名古屋,曇,3,3歳11組,12,2,2,19.4,5.0,9,加藤誓二,55.0,ダ,1500.0,良,100.9,3.9,8-7-8,42.3,473.0,6.0,アールオブケント,
2022106345,オーセンティアン,2025/08/21,名古屋,晴,1,名古屋モーニングフィ(3歳),10,3,3,31.8,8.0,4,加藤誓二,55.0,ダ,1400.0,良,90.7,0.6,1-1-1,40.8,467.0,-1.0,シェーンルスカ,8.3
2022106345,オーセンティアン,2025/07/06,2福島4,曇,3,3歳未勝利,16,7,14,62.4,8.0,15,荻野極,55.0,芝,1200.0,良,71.8,2.0,7-10,37.2,468.0,6.0,ニシノヒミチュ,
2022106345,オーセンティアン,2025/04/06,3中山4,小雨,5,3歳未勝利,16,4,8,130.9,12.0,10,荻野極,55.0,芝,1600.0,良,95.6,1.4,15-14-11,35.3,462.0,4.0,ガーネットウインク,
2022106345,オーセンティアン,2024/12/07,5中山3,晴,5,2歳新馬,16,1,1,68.2,12.0,13,内田博幸,55.0,芝,1600.0,良,97.7,1.0,11-10-12,35.2,458.0,0.0,ギフテッド,
2022109066,ルークピオーネ,2026/07/15,名古屋,晴,7,C4組,12,2,2,15.7,5.0,1,丹羽克輝,55.0,ダ,1500.0,良,97.6,-0.2,6-6-1,38.6,461.0,-4.0,(ベラジオチャンネル),57.0
2022109066,ルークピオーネ,2026/06/19,名古屋,晴,3,C4組,11,5,5,9.3,4.0,6,丹羽克輝,55.0,ダ,1500.0,良,96.7,0.7,7-7-8,39.3,465.0,3.0,ロジアンドモルタル,
2022109066,ルークピオーネ,2026/06/04,名古屋,曇,12,金シャチ最終戦(C),12,5,5,34.5,10.0,3,丹羽克輝,55.0,ダ,1500.0,稍,97.1,0.5,9-9-3,38.6,462.0,-4.0,パーソナルレコード,11.4
2022109066,ルークピオーネ,2026/05/22,名古屋,曇,6,送迎バスの運転手さん(C),10,3,3,21.4,6.0,5,丹羽克輝,55.0,ダ,1500.0,重,99.2,1.1,6-6-3,40.0,466.0,-1.0,セレッソレイナ,5.7
2022109066,ルークピオーネ,2026/05/08,名古屋,曇,12,犬山特別(C),10,7,8,36.6,6.0,6,丹羽克輝,55.0,ダ,1500.0,良,98.4,0.9,9-7-7,39.9,467.0,-1.0,アインホルン,
2022109066,ルークピオーネ,2026/04/22,名古屋,曇,3,C14組,12,7,9,9.4,2.0,1,丹羽克輝,55.0,ダ,1500.0,良,97.2,-0.1,9-8-6,38.8,468.0,-2.0,(クィーンミツコ),57.0
2022109066,ルークピオーネ,2026/04/09,名古屋,晴,1,C18組,11,4,4,88.2,9.0,7,丹羽克輝,55.0,ダ,920.0,稍,57.5,1.4,10,36.6,470.0,1.0,リラキトス,
2022109066,ルークピオーネ,2026/03/24,名古屋,晴,5,C19組,12,8,11,6.2,3.0,2,渡辺竜也,55.0,ダ,1400.0,良,92.6,0.6,12-12-11,38.4,469.0,0.0,パキラスイート,19.3
2022109066,ルークピオーネ,2026/03/10,名古屋,晴,5,C20組,11,3,3,9.4,5.0,5,大畑雅章,55.0,ダ,1500.0,良,100.2,1.0,10-10-8,40.2,469.0,3.0,デルマガニメデ,5.5
2022109066,ルークピオーネ,2026/02/25,名古屋,雨,4,C23組,11,6,7,18.5,5.0,3,大畑雅章,55.0,ダ,1400.0,不,91.6,1.2,11-11-6,39.1,466.0,-3.0,マイラブユキチャン,11.0
2022109066,ルークピオーネ,2026/02/10,名古屋,曇,4,C23組,12,2,2,26.5,4.0,6,丹羽克輝,55.0,ダ,1500.0,良,99.8,0.6,8-7-7,39.3,469.0,1.0,エルオンセ,
2022109066,ルークピオーネ,2026/01/27,名古屋,晴,5,C24組,12,2,2,6.4,3.0,4,丹羽克輝,55.0,ダ,1400.0,良,92.2,0.3,8-8-4,39.6,468.0,1.0,アルクドラ,8.3
2022109066,ルークピオーネ,2026/01/13,名古屋,曇,8,C26組,12,1,1,7.9,3.0,4,大畑慧悟,55.0,ダ,1500.0,良,99.1,1.4,5-5-5,39.8,467.0,6.0,ベレーザフィン,8.3
2022109066,ルークピオーネ,2026/01/01,名古屋,晴,9,健康祈願賞(C),12,3,3,92.3,7.0,5,村上弘樹,55.0,ダ,1500.0,良,97.8,1.1,12-11-7,38.6,461.0,-6.0,ライデンシャフト,5.5
2022109066,ルークピオーネ,2025/12/18,名古屋,晴,6,C27組,12,5,6,29.8,7.0,10,丹羽克輝,55.0,ダ,1500.0,稍,100.9,2.4,10-12-7,41.6,467.0,4.0,ミズイロ,
2022109066,ルークピオーネ,2025/12/04,名古屋,晴,7,C22組,11,5,5,17.6,7.0,7,加藤誓二,55.0,ダ,1500.0,稍,99.4,1.0,9-9-8,40.3,463.0,-2.0,カフジキームン,
2022109066,ルークピオーネ,2025/11/20,名古屋,晴,7,C19組,12,1,1,95.6,8.0,6,加藤誓二,55.0,ダ,1500.0,良,98.8,0.5,10-10-9,39.1,465.0,-3.0,アーキハッカー,
2022109066,ルークピオーネ,2025/11/10,名古屋,晴,5,やすくん35歳おめで(C),11,8,11,27.5,7.0,8,丹羽克輝,55.0,ダ,1500.0,稍,101.0,4.5,7-7-8,42.7,468.0,-6.0,ジーティーアムール,
2022109066,ルークピオーネ,2025/10/28,名古屋,晴,6,大槻光枝店長役職定年(C),12,3,3,9.1,4.0,2,加藤聡一,55.0,ダ,1500.0,稍,99.4,0.1,8-7-4,41.1,474.0,0.0,ホウオウブライツ,19.3
2022109066,ルークピオーネ,2025/10/14,名古屋,小雨,9,C23組,12,6,7,42.6,6.0,6,今井貴大,55.0,ダ,1500.0,良,99.7,1.8,9-9-4,41.1,474.0,-4.0,ゴッドトレジャー,
2022109066,ルークピオーネ,2025/10/02,名古屋,晴,1,3歳16組,12,5,5,16.8,6.0,4,望月洵輝,55.0,ダ,1500.0,良,98.6,1.1,8-7-6,40.4,478.0,-2.0,ジーティーラピッド,8.3
2022109066,ルークピオーネ,2025/09/04,名古屋,曇,3,3歳11組,12,4,4,119.5,9.0,7,今井貴大,55.0,ダ,1500.0,良,100.4,3.4,11-11-9,41.3,480.0,12.0,アールオブケント,
2022109066,ルークピオーネ,2025/08/21,名古屋,晴,2,名古屋モーニングフィ(3歳),10,1,1,7.0,4.0,4,加藤聡一,55.0,ダ,1500.0,良,99.6,3.1,7-7-6,40.5,468.0,12.0,トラストユー,8.3
2022109066,ルークピオーネ,2025/07/27,3中京2,晴,11,3歳未勝利,11,6,6,113.6,10.0,9,河原田菜,51.0,芝,2200.0,良,134.9,1.3,10-10-10-10,34.9,456.0,-10.0,ホウオウレイヴン,
2022109066,ルークピオーネ,2025/06/29,2小倉2,晴,3,3歳未勝利,16,4,8,72.1,12.0,14,小崎綾也,55.0,芝,2600.0,良,166.7,2.3,6-9-9-8,38.0,466.0,14.0,サンライズロジャー,
2022109066,ルークピオーネ,2025/02/16,1小倉8,曇,5,3歳未勝利,14,5,7,347.9,14.0,12,国分優作,55.0,芝,2000.0,良,123.1,0.8,14-14-14-14,35.7,452.0,-6.0,オーシンエス,
2022109066,ルークピオーネ,2025/01/25,1中京8,晴,6,3歳未勝利,16,6,11,343.1,16.0,16,古川吉洋,55.0,芝,1600.0,良,98.8,3.3,15-14-14,36.9,458.0,0.0,グローリーリンク,
2021103062,キャンディタフト,2026/07/17,名古屋,晴,10,南知多特別(C),12,6,7,5.6,3.0,4,加藤利征,55.0,ダ,1500.0,良,98.3,0.5,10-10-10,39.4,423.0,2.0,ハクサンフラッシュ,12.8
2021103062,キャンディタフト,2026/06/22,名古屋,曇,11,平原灯姫特別(C),12,5,5,5.0,2.0,4,渡辺竜也,55.0,ダ,1400.0,稍,90.9,0.8,7-7-3,38.7,421.0,6.0,オッシレイション,12.8
2021103062,キャンディタフト,2026/06/05,名古屋,曇,12,金シャチ最終戦(C),11,7,9,19.4,8.0,2,加藤利征,55.0,ダ,1500.0,稍,96.6,0.4,10-11-10,38.5,415.0,-6.0,ルナフェイズ,20.0
2021103062,キャンディタフト,2026/05/25,名古屋,晴,2,C4組,10,8,10,7.2,3.0,4,加藤利征,55.0,ダ,1400.0,良,91.2,1.0,10-10-8,38.8,421.0,3.0,アヤチャンス,8.6
2021103062,キャンディタフト,2026/05/08,名古屋,曇,1,アジア・アジアパラ応(C),10,7,7,18.4,7.0,5,加藤利征,55.0,ダ,1500.0,稍,98.4,0.8,10-10-9,39.0,418.0,3.0,ハクサンシャトル,5.7
2021103062,キャンディタフト,2026/04/13,名古屋,曇,3,C7組,10,5,5,32.6,6.0,4,阪野学,55.0,ダ,1400.0,良,91.2,0.5,10-10-8,38.5,415.0,1.0,フクノジョヴァンニ,8.6
2021103062,キャンディタフト,2026/03/26,名古屋,晴,9,二村山特別(C),11,3,3,41.5,6.0,7,阪野学,55.0,ダ,1500.0,重,100.2,3.9,7-8-9,41.5,414.0,1.0,ラウニウ,
2021103062,キャンディタフト,2026/03/13,名古屋,曇,3,C5組,10,8,9,40.9,6.0,2,阪野学,55.0,ダ,1500.0,良,97.4,0.0,8-8-7,38.9,413.0,-4.0,ランドオブファイア,19.3
2021103062,キャンディタフト,2026/03/02,名古屋,晴,3,C5組,11,2,2,51.3,6.0,7,阪野学,55.0,ダ,1500.0,良,99.0,2.7,7-8-8,40.2,417.0,0.0,フォアファン,
2021103062,キャンディタフト,2026/02/13,名古屋,晴,3,友チョコは友情の証で(C),11,1,1,48.5,6.0,7,阪野学,55.0,ダ,1500.0,稍,99.6,1.3,8-10-6,39.0,417.0,0.0,ヌンルチル,
2021103062,キャンディタフト,2026/01/30,名古屋,曇,2,白玉梅賞(C),11,1,1,206.2,10.0,3,阪野学,55.0,ダ,1500.0,良,97.7,0.7,11-11-10,38.9,417.0,-1.0,ラブリーセナ,11.0
2021103062,キャンディタフト,2026/01/19,名古屋,晴,4,C5組,11,6,7,287.3,11.0,6,阪野学,55.0,ダ,1500.0,良,98.6,1.2,9-10-10,39.0,418.0,1.0,ベラジオチャンネル,
2021103062,キャンディタフト,2026/01/03,名古屋,曇,3,海音麻姫菜勉強ガンバ(C),12,8,11,157.9,11.0,6,阪野学,55.0,ダ,1500.0,稍,98.2,2.5,10-9-8,40.0,417.0,-1.0,フローラビーナス,
2021103062,キャンディタフト,2025/12/24,名古屋,小雨,7,レディス・キャンドル(B),9,6,6,113.7,7.0,7,阪野学,55.0,ダ,1400.0,不,92.1,3.8,9-9-9,38.0,418.0,-2.0,セットクルール,
2021103062,キャンディタフト,2025/12/10,名古屋,晴,9,B10組,12,8,12,176.2,7.0,12,阪野学,55.0,ダ,1500.0,良,99.1,2.0,12-12-12,39.0,420.0,-3.0,アールオブケント,
2021103062,キャンディタフト,2025/11/26,名古屋,晴,9,B10組,11,1,1,72.1,8.0,11,阪野学,55.0,ダ,1500.0,良,100.8,2.9,10-10-11,40.8,423.0,1.0,スターロード,
2021103062,キャンディタフト,2025/11/13,名古屋,曇,8,レディス・フォリエー(B),11,3,3,46.5,8.0,8,阪野学,55.0,ダ,1400.0,稍,91.9,2.0,9-10-9,40.2,422.0,-4.0,レイヌドサーブル,
2021103062,キャンディタフト,2025/10/31,名古屋,雨,8,JBC2025船橋・,12,8,12,6.6,4.0,6,阪野学,55.0,ダ,1400.0,重,91.7,0.8,8-5-7,40.0,426.0,-2.0,アルディオール,
2021103062,キャンディタフト,2025/10/17,名古屋,晴,8,鳳来峡(C),12,4,4,28.8,6.0,4,阪野学,55.0,ダ,1400.0,稍,91.9,1.3,5-6-4,39.3,428.0,0.0,ライフフルスマイル,12.8
2021103062,キャンディタフト,2025/10/03,名古屋,曇,9,B8組,12,7,10,9.8,5.0,5,阪野学,55.0,ダ,1400.0,良,91.5,0.8,9-10-10,39.5,428.0,3.0,ザハーフェル,6.5
2021103062,キャンディタフト,2025/09/17,名古屋,曇,9,うろこ雲特別(B),11,3,3,21.7,9.0,6,阪野学,55.0,ダ,1700.0,良,113.6,1.3,7-7-8,40.6,425.0,5.0,サノプリ,
2021103062,キャンディタフト,2025/09/05,名古屋,晴,12,油ヶ淵特別(C),12,6,8,14.8,5.0,3,阪野学,55.0,ダ,1500.0,重,99.0,0.2,12-9-5,40.4,420.0,4.0,サンライズバモス,17.0
2021103062,キャンディタフト,2025/08/22,名古屋,晴,8,C2組,12,6,8,37.2,8.0,4,加藤誓二,55.0,ダ,1500.0,良,97.9,0.5,9-11-9,39.6,416.0,11.0,ギースバッハ,8.3
2021103062,キャンディタフト,2025/07/11,名古屋,晴,12,藤前干潟特別(C),11,5,5,48.7,7.0,9,丸山真一,55.0,ダ,920.0,良,57.2,1.4,8,36.5,405.0,4.0,コヨミ,
2021103062,キャンディタフト,2025/06/27,名古屋,晴,8,B10組,11,7,8,36.1,9.0,2,細川智史,55.0,ダ,1700.0,稍,112.1,0.0,10-9-7,39.4,401.0,2.0,シャイニングローズ,22.8
2021103062,キャンディタフト,2025/06/06,名古屋,晴,9,B10組,12,8,12,27.1,7.0,10,丸山真一,55.0,ダ,1400.0,良,92.1,1.3,10-10-11,39.5,399.0,4.0,ドラゴンキッド,
2021103062,キャンディタフト,2025/05/23,名古屋,曇,8,B9組,12,3,3,104.4,12.0,6,丸山真一,55.0,ダ,1500.0,良,98.6,0.9,11-11-8,39.6,395.0,-1.0,ミクロフィラム,
2021103062,キャンディタフト,2025/05/09,名古屋,雨,9,B11組,11,8,11,31.6,9.0,9,丸山真一,55.0,ダ,1700.0,重,114.3,2.1,11-11-11,39.9,396.0,6.0,クールクラバート,
2021103062,キャンディタフト,2025/04/25,名古屋,曇,9,B12組,10,7,8,58.2,8.0,6,丸山真一,55.0,ダ,1700.0,稍,114.2,1.6,8-6-8,41.5,390.0,-5.0,ハットリ,
2021103062,キャンディタフト,2025/04/11,名古屋,晴,9,B9組,12,4,4,18.0,6.0,7,丸山真一,55.0,ダ,1500.0,稍,98.7,1.3,6-6-5,40.4,395.0,2.0,ジュンフィレンツェ,
2021103062,キャンディタフト,2025/03/31,名古屋,曇,8,ありがとう的場文男騎(B),10,3,3,26.1,5.0,3,丸山真一,54.0,ダ,1500.0,稍,97.9,1.0,10-9-5,38.3,393.0,0.0,リーゼントジェイド,12.0
2021103062,キャンディタフト,2025/03/17,名古屋,晴,5,C4組,11,1,1,19.1,6.0,1,阪野学,54.0,ダ,1500.0,不,98.7,-0.2,11-10-10,39.3,393.0,1.0,(ポケッティーノ),50.0
2021103062,キャンディタフト,2025/02/27,名古屋,晴,7,C6組,11,4,4,7.7,4.0,3,阪野学,54.0,ダ,1500.0,良,97.9,0.3,11-10-6,37.7,392.0,2.0,コヴィーニャ,10.0
2021103062,キャンディタフト,2025/02/13,名古屋,晴,7,C7組,11,8,11,10.8,3.0,4,阪野学,54.0,ダ,1500.0,稍,98.7,0.7,8-6-6,40.4,390.0,-7.0,メタルクラフト,7.5
2021103062,キャンディタフト,2025/01/20,名古屋,晴,11,七里の渡し特別(C),10,1,1,75.3,9.0,7,阪野学,54.0,ダ,2000.0,稍,134.8,2.1,10-10-7,40.7,397.0,0.0,シトロンヴェール,
2021103062,キャンディタフト,2025/01/04,名古屋,晴,12,C13組,11,7,9,2.9,1.0,1,阪野学,54.0,ダ,1400.0,良,90.8,-0.1,9-8-6,38.4,397.0,-2.0,(メイショウラピッド),50.0
2021103062,キャンディタフト,2024/12/20,名古屋,晴,3,C19組,10,7,8,29.5,7.0,2,阪野学,54.0,ダ,1500.0,良,97.9,0.3,10-10-6,37.9,399.0,-9.0,シナモンデイジー,17.5
2021103062,キャンディタフト,2024/11/21,名古屋,晴,7,C15組,12,8,11,10.0,5.0,5,宮下瞳,52.0,ダ,1500.0,良,98.7,1.8,8-8-9,40.8,408.0,0.0,コーリンカルベラ,5.0
2021103062,キャンディタフト,2024/11/12,名古屋,晴,8,C16組,12,3,3,3.8,2.0,4,宮下瞳,52.0,ダ,1500.0,良,97.8,2.1,5-3-2,39.7,408.0,-1.0,デルマプルシャ,7.5
2021103062,キャンディタフト,2024/10/30,名古屋,晴,5,C18組,12,4,4,2.7,2.0,4,宮下瞳,52.0,ダ,1500.0,重,97.5,1.6,1-2-1,40.1,409.0,-5.0,サイドキック,7.5
2021103062,キャンディタフト,2024/10/17,名古屋,晴,1,C20組,12,7,10,1.9,1.0,2,丸山真一,54.0,ダ,1400.0,良,90.8,0.1,4-2-3,38.1,414.0,3.0,オーケーサンダー,17.5
2021103062,キャンディタフト,2024/10/02,名古屋,晴,2,C21組,12,7,10,7.6,4.0,3,丸山真一,54.0,ダ,1500.0,良,96.8,0.3,5-4-3,39.1,411.0,13.0,スプリングカム,10.0
2021103062,キャンディタフト,2024/08/24,3新潟5,晴,3,3歳未勝利,18,2,3,279.1,17.0,11,木幡巧也,55.0,芝,1200.0,良,69.6,0.7,16-15,33.7,398.0,12.0,サクソフィーナ,
2021103062,キャンディタフト,2024/06/30,2福島2,曇,2,3歳未勝利,16,2,4,125.5,13.0,9,小林脩斗,53.0,ダ,1150.0,良,71.5,1.8,11-11,37.5,386.0,-4.0,コウユーユメノヨウ,
2021103062,キャンディタフト,2024/04/27,2東京3,曇,1,3歳未勝利,16,5,9,149.9,12.0,15,柴田善臣,55.0,ダ,1400.0,稍,88.5,4.5,4-4,39.5,390.0,-4.0,アピーリングルック,
2021103062,キャンディタフト,2024/04/07,3中山6,曇,1,3歳未勝利,16,1,2,74.3,10.0,5,柴田善臣,55.0,ダ,1200.0,重,72.3,1.4,9-9,37.1,394.0,-2.0,オオゾラヒバリ,55.0
2021103062,キャンディタフト,2024/01/28,1小倉6,小雨,5,3歳新馬,14,1,1,26.7,9.0,11,河原田菜,51.0,芝,1200.0,良,71.6,1.3,5-5,36.3,396.0,0.0,ウィルダネス,
2021100912,カナアミデスマッチ,2026/07/17,名古屋,晴,10,南知多特別(C),12,1,1,16.9,9.0,5,塚本征吾,55.0,ダ,1500.0,良,98.6,0.8,4-5-4,40.8,414.0,-1.0,ハクサンフラッシュ,8.5
2021100912,カナアミデスマッチ,2026/06/19,名古屋,晴,6,健太まだ若いぞ!35(B),9,1,1,75.8,8.0,5,丹羽克輝,55.0,ダ,1500.0,良,97.1,1.1,4-4-5,39.3,415.0,4.0,テーオーニルソン,7.0
2021100912,カナアミデスマッチ,2026/06/04,名古屋,晴,5,B9組,12,5,6,43.1,8.0,9,塚本征吾,55.0,ダ,1400.0,稍,91.6,1.2,4-6-5,38.6,411.0,1.0,ブルスケッタ,
2021100912,カナアミデスマッチ,2026/05/22,名古屋,曇,9,B11組,10,5,5,38.9,7.0,5,塚本征吾,55.0,ダ,1500.0,重,97.7,1.8,8-7-6,39.9,410.0,0.0,オーバードライブ,7.0
2021100912,カナアミデスマッチ,2026/05/07,名古屋,晴,8,B11組,10,6,6,126.8,9.0,5,丹羽克輝,55.0,ダ,1500.0,良,98.1,0.9,7-7-6,40.0,410.0,-6.0,パトジュニア,7.0
2021100912,カナアミデスマッチ,2026/04/06,川崎,晴,6,C2一二,12,6,7,245.5,11.0,11,岡村裕基,54.0,ダ,1400.0,重,94.9,3.5,12-12-12-12,40.8,416.0,0.0,ヴィトーリアヘーザ,
2021100912,カナアミデスマッチ,2026/03/04,川崎,曇,12,2026川崎ジョッキ(C2),14,4,6,114.6,12.0,5,中越琉世,54.0,ダ,1500.0,不,98.9,2.0,7-7-7-5,41.7,416.0,1.0,シエルラビクトア,11.0
2021100912,カナアミデスマッチ,2026/02/09,船橋,晴,6,久留里賞(C2),14,6,10,203.0,12.0,9,臼井健太,54.0,ダ,1600.0,良,108.3,3.3,12-11-12-12,41.5,415.0,-1.0,ジーティーファラオ,
2021100912,カナアミデスマッチ,2026/02/02,川崎,晴,8,モナコ賞(C2),14,6,9,219.1,12.0,10,服部茂史,54.0,ダ,1500.0,良,101.0,2.1,11-12-14-14,41.5,416.0,-3.0,ホースワン,
2021100912,カナアミデスマッチ,2026/01/20,船橋,曇,9,成田山賞(C2),14,5,8,418.8,12.0,9,臼井健太,54.0,ダ,1600.0,良,106.9,2.1,9-10-10-9,41.7,419.0,2.0,リカード,
2021100912,カナアミデスマッチ,2026/01/06,浦和,晴,8,初詣特別(C1C2),13,6,9,262.4,13.0,9,臼井健太,53.0,ダ,1400.0,稍,91.8,2.3,11-11-13-10,39.8,417.0,3.0,アナレクタ,
2021100912,カナアミデスマッチ,2025/12/16,川崎,晴,9,まつだ桜まつり賞(C1),12,7,9,213.7,12.0,6,臼井健太,54.0,ダ,1400.0,重,94.4,2.3,12-11-11-11,41.5,414.0,7.0,ロアリングフレイム,
2021100912,カナアミデスマッチ,2025/08/27,船橋,晴,10,灯籠賞(C1七),13,4,5,140.6,12.0,10,木間塚龍,54.0,ダ,1600.0,良,105.0,2.6,11-11-11-12,39.0,407.0,0.0,シーニックビュー,
2021100912,カナアミデスマッチ,2025/07/28,船橋,晴,9,C1四五六ア(C1五),11,7,9,133.2,9.0,9,山本大翔,51.0,ダ,1500.0,良,98.8,2.5,9-9-7-8,39.7,407.0,7.0,マジックモーメント,
2021100912,カナアミデスマッチ,2025/07/06,船橋,晴,9,千葉港特別(C1),9,3,3,33.6,7.0,9,臼井健太,54.0,ダ,1600.0,良,106.4,4.3,3-3-4-6,41.3,400.0,-1.0,カレンタクト,
2021100912,カナアミデスマッチ,2025/06/18,川崎,晴,7,颯爽賞(C1),12,5,6,93.6,11.0,11,臼井健太,54.0,ダ,900.0,良,56.7,1.7,12-12,37.5,401.0,-3.0,ビップレジアス,
2021100912,カナアミデスマッチ,2025/06/04,船橋,晴,10,馬い!淡路新玉ねぎ発(C1),11,4,4,243.4,11.0,3,濱田達也,54.0,ダ,1600.0,重,105.3,0.9,9-9-7-7,40.6,404.0,-5.0,ターコイズデュー,32.5
2021100912,カナアミデスマッチ,2025/05/14,川崎,晴,7,C1四五,7,2,2,71.2,7.0,6,山本大翔,51.0,ダ,1400.0,稍,92.7,1.8,4-5-4-6,40.1,409.0,2.0,ナチュラルターン,
2021100912,カナアミデスマッチ,2025/05/07,船橋,雨,8,馬い!淡路うしろ農園(C1),12,3,3,136.6,11.0,10,木間塚龍,54.0,ダ,1200.0,重,77.5,2.0,9-5-7,40.4,407.0,7.0,ホースマンシップ,
2021100912,カナアミデスマッチ,2025/04/01,船橋,雨,9,桜花爛漫スプリント(C1),10,2,2,64.1,8.0,7,山本大翔,51.0,ダ,1200.0,不,76.5,1.1,8-8-8,39.2,400.0,-2.0,ブルーミングヒル,
2021100912,カナアミデスマッチ,2025/03/11,船橋,曇,6,C1四五,12,7,10,251.6,11.0,5,木間塚龍,54.0,ダ,1200.0,良,76.9,1.2,9-7-5,38.5,402.0,5.0,キングフリオーソ,12.0
2021100912,カナアミデスマッチ,2025/02/13,船橋,晴,8,馬い!淡路いざなみ玉(C1),12,5,6,213.4,11.0,12,山中悠希,54.0,ダ,1200.0,良,77.4,2.3,10-9-9,39.3,397.0,-11.0,ロケットホームラン,
2021100912,カナアミデスマッチ,2024/11/08,大井,晴,7,C1C2選抜牝馬(C1C2),11,1,1,243.5,11.0,9,田中洸多,52.0,ダ,1400.0,良,91.1,2.2,10-10-10,39.8,408.0,-2.0,ウインアイリーン,
2021100912,カナアミデスマッチ,2024/10/17,大井,曇,9,馬産地日高賞(C1四),12,8,11,105.3,11.0,9,高橋優,51.0,ダ,1400.0,良,90.3,2.4,9-10-11,40.1,410.0,-2.0,チャールズバローズ,
2021100912,カナアミデスマッチ,2024/10/04,大井,晴,6,ゴッドファーザー賞(C1三),13,5,7,111.8,10.0,9,高橋優,50.0,ダ,1400.0,稍,89.7,2.5,10-10-10,39.5,412.0,0.0,エスプリリチャード,
2021100912,カナアミデスマッチ,2024/09/13,大井,晴,8,C1三四五(C1四),14,4,5,81.5,11.0,9,高橋優,50.0,ダ,1200.0,良,75.4,1.2,14-14,38.3,412.0,-9.0,ゼットソード,
2021100912,カナアミデスマッチ,2024/08/14,大井,晴,9,C1五六,11,7,9,59.2,8.0,4,高橋優,50.0,ダ,1200.0,良,75.0,1.0,5-5,38.1,421.0,12.0,ジェットスピード,18.0
2021100912,カナアミデスマッチ,2024/07/31,大井,曇,8,I.W.ハーパー賞(C1六),14,3,3,59.9,12.0,12,高橋優,50.0,ダ,1200.0,良,76.3,1.8,13-13,39.1,409.0,-5.0,ヴィクラント,
2021100912,カナアミデスマッチ,2024/07/10,大井,曇,12,C1五六,16,6,11,151.0,15.0,5,高橋優,50.0,ダ,1200.0,良,74.9,0.6,9-10,38.0,414.0,-2.0,ブライトカラー,12.0
2021100912,カナアミデスマッチ,2024/06/28,大井,雨,3,3歳一二三(3歳二),9,7,8,18.9,6.0,7,高橋優,51.0,ダ,1200.0,不,76.1,1.0,9-8,38.4,416.0,-1.0,セントラルガバナー,
2021100912,カナアミデスマッチ,2024/05/16,大井,晴,5,3歳四五六(3歳五),14,5,8,37.0,10.0,1,高橋優,51.0,ダ,1200.0,不,76.1,0.0,12-12,38.4,417.0,2.0,(ビギンザビギン),180.0
2021100912,カナアミデスマッチ,2024/04/24,大井,雨,5,3歳四五六(3歳五),15,5,9,184.2,15.0,5,高橋優,51.0,ダ,1200.0,重,76.3,0.5,12-10,39.6,415.0,-1.0,ティーズエナジー,18.0
2021100912,カナアミデスマッチ,2024/04/11,大井,晴,5,3歳四五六(3歳五),16,1,2,45.4,11.0,10,谷内貫太,52.0,ダ,1200.0,稍,76.9,0.6,12-11,38.9,416.0,0.0,デジタルサイオン,
2021100912,カナアミデスマッチ,2024/03/21,大井,晴,6,3歳四五,14,7,13,69.9,10.0,11,谷内貫太,51.0,ダ,1200.0,良,77.7,1.6,3-5,41.0,416.0,2.0,サブノコイゴコロ,
2021100912,カナアミデスマッチ,2024/03/01,大井,晴,5,3歳一二三(3歳二),12,6,8,24.1,6.0,5,木澤奨,51.0,ダ,1200.0,不,77.2,1.5,4-4,40.2,414.0,14.0,タケシ,28.0
2021100912,カナアミデスマッチ,2024/01/20,1小倉3,雨,2,3歳未勝利,16,7,14,89.9,10.0,11,吉田隼人,55.0,芝,1200.0,稍,70.0,1.5,10-11,35.5,400.0,-10.0,ロードトレゾール,
2021100912,カナアミデスマッチ,2024/01/14,1小倉2,晴,6,3歳未勝利,17,8,17,29.3,7.0,11,小林美駒,51.0,芝,1200.0,良,69.9,2.1,9-10,36.3,410.0,10.0,ペアポルックス,
2021100912,カナアミデスマッチ,2023/10/21,4新潟3,雨,5,2歳未勝利,18,7,14,5.2,2.0,7,小林美駒,51.0,芝,1000.0,重,58.5,0.5,15,34.7,400.0,-2.0,ルクスパラディ,
2021100912,カナアミデスマッチ,2023/08/27,3新潟6,晴,3,2歳未勝利,12,3,3,5.2,3.0,3,小林美駒,51.0,芝,1000.0,良,56.8,0.2,11,32.9,402.0,0.0,アサギリ,140.0
2021100912,カナアミデスマッチ,2023/07/23,2福島8,晴,6,2歳新馬,11,4,4,20.1,7.0,3,小林美駒,51.0,芝,1200.0,良,72.8,1.0,3-3,37.0,402.0,0.0,ハッピーサプライズ,180.0
2022106997,スターペスショウマ,2026/06/20,3阪神5,雨,12,3歳以上1勝クラス,18,7,14,316.2,18.0,16,太宰啓介,58.0,芝,1600.0,重,97.3,1.6,5-6,36.1,466.0,2.0,アロンソア,
2022106997,スターペスショウマ,2026/05/30,3京都11,晴,7,4歳以上1勝クラス,15,4,7,355.4,15.0,12,太宰啓介,58.0,芝,1600.0,良,94.4,1.1,14-15,34.6,464.0,-8.0,ビップディラン,
2022106997,スターペスショウマ,2026/04/11,2阪神5,晴,8,4歳以上1勝クラス,16,7,13,431.2,16.0,14,太宰啓介,58.0,ダ,1400.0,重,85.9,1.9,14-16,37.0,472.0,2.0,モズケイスター,
2022106997,スターペスショウマ,2026/03/14,1阪神7,晴,7,4歳以上1勝クラス,16,2,3,288.7,15.0,14,太宰啓介,58.0,ダ,1400.0,良,86.1,2.2,16-16,36.9,470.0,-9.0,コーラルクラウン,
2022106997,スターペスショウマ,2025/12/27,佐賀,曇,10,SAGAリベンジャー(C1),10,7,7,1.9,1.0,3,山口勲,56.0,ダ,1400.0,重,91.4,1.7,6-5-5-4,39.0,479.0,-3.0,バロックパール,7.6
2022106997,スターペスショウマ,2025/12/06,佐賀,晴,9,SAGAリベンジャー(C1),11,5,5,1.2,1.0,2,長谷川蓮,55.0,ダ,1300.0,良,85.3,0.4,9-8-6-4,38.9,482.0,4.0,クレドール,13.4
2022106997,スターペスショウマ,2025/11/15,佐賀,晴,7,C2ー4組,11,8,11,1.0,1.0,1,長谷川蓮,55.0,ダ,1300.0,良,83.9,-0.3,5-5-4-3,37.1,478.0,5.0,(ジョイスマイリー),40.0
2022106997,スターペスショウマ,2025/10/19,佐賀,曇,4,コンバット満さん来場(C2),9,8,8,1.0,1.0,1,長谷川蓮,54.0,ダ,1400.0,良,90.4,-1.2,3-3-3-1,38.8,473.0,7.0,(ミナミジュウジセイ),40.0
2022106997,スターペスショウマ,2025/09/30,佐賀,晴,1,C2ー17組,11,7,9,1.0,1.0,1,長谷川蓮,54.0,ダ,1300.0,稍,83.0,-1.2,5-4-3-1,37.2,466.0,5.0,(サトミノマリア),40.0
2022106997,スターペスショウマ,2025/09/14,佐賀,曇,11,SAGAリベンジャー(C2),10,2,2,2.4,1.0,1,長谷川蓮,54.0,ダ,1300.0,不,82.8,-0.8,6-6-3-2,37.8,461.0,9.0,(エンジェルトリガー),40.0
2022106997,スターペスショウマ,2025/08/09,3中京5,晴,11,3歳未勝利,18,6,12,187.1,18.0,8,太宰啓介,57.0,芝,1400.0,良,81.2,0.9,15-16,34.6,452.0,-4.0,ロンティケチャップ,
2022106997,スターペスショウマ,2025/06/08,3阪神2,曇,7,3歳未勝利,18,4,7,215.7,13.0,13,森田誠也,54.0,芝,1600.0,良,95.7,1.7,7-11,36.0,456.0,0.0,ロールザダイス,
2022106997,スターペスショウマ,2025/05/25,2京都10,曇,1,3歳未勝利,16,3,6,68.5,9.0,13,森田誠也,54.0,ダ,1400.0,不,85.4,2.0,14-14,36.9,456.0,0.0,テーオーライマン,
2022106997,スターペスショウマ,2025/03/15,1阪神5,曇,3,3歳未勝利,13,4,5,30.1,7.0,9,森田誠也,54.0,ダ,1800.0,良,118.2,2.8,3-2-3-5,41.0,456.0,0.0,ルシタニア,
2022106997,スターペスショウマ,2025/03/01,1阪神1,晴,3,3歳未勝利,16,2,4,56.1,8.0,8,森田誠也,54.0,ダ,1800.0,良,116.7,1.7,4-3-4-6,40.6,456.0,2.0,ソングコレクター,
2022106997,スターペスショウマ,2024/11/17,6京都6,曇,5,2歳新馬,9,1,1,87.0,9.0,6,田口貫太,55.0,芝,1800.0,良,110.0,0.9,3-4,34.5,454.0,0.0,キングメーカー,
2020102918,オルソビアンコ,2026/07/17,名古屋,晴,7,B9組,12,5,5,62.3,11.0,8,阪野学,55.0,ダ,1500.0,良,99.4,2.1,8-9-7,41.4,417.0,-6.0,クインズモンブラン,
2020102918,オルソビアンコ,2026/06/30,名古屋,曇,7,B6組,12,6,8,452.4,12.0,6,阪野学,55.0,ダ,1500.0,稍,97.2,1.2,9-7-6,39.9,423.0,7.0,カンタカナリート,
2020102918,オルソビアンコ,2026/06/18,名古屋,晴,9,B6組,10,2,2,304.4,10.0,8,阪野学,55.0,ダ,1700.0,良,112.2,1.9,7-8-6,39.8,416.0,4.0,テルケンレンスター,
2020102918,オルソビアンコ,2026/05/21,名古屋,雨,8,B6組,10,2,2,153.6,10.0,9,阪野学,55.0,ダ,1500.0,不,98.5,3.5,6-6-8,41.6,412.0,1.0,トゥーナフォーティ,
2020102918,オルソビアンコ,2026/05/06,名古屋,曇,6,B7組,11,1,1,102.0,10.0,10,丸野勝虎,55.0,ダ,1500.0,稍,98.6,2.2,7-6-5,39.7,411.0,-3.0,セイウンアーテル,
2020102918,オルソビアンコ,2026/04/22,名古屋,曇,6,村瀬遥哉誕生日(B),12,4,4,80.8,9.0,10,大原浩司,55.0,ダ,1500.0,良,97.9,2.4,7-9-7,39.9,414.0,0.0,ダイタエリュシオン,
2020102918,オルソビアンコ,2026/04/09,名古屋,雨,10,大寒桜賞(B),11,5,5,55.5,8.0,9,大原浩司,55.0,ダ,1500.0,稍,98.2,1.9,7-6-5,40.8,414.0,3.0,サブリュウシン,
2020102918,オルソビアンコ,2026/03/26,名古屋,晴,10,メディアセレクション(B),11,6,7,3.7,1.0,2,望月洵輝,55.0,ダ,1500.0,重,97.1,0.3,2-2-2,38.7,411.0,-5.0,グランキューブ,35.0
2020102918,オルソビアンコ,2026/03/12,名古屋,晴,12,土古公園賞(B),10,7,8,48.7,8.0,6,大原浩司,55.0,ダ,1700.0,良,112.6,1.3,10-8-6,40.0,416.0,0.0,エイシンゴーオン,
2020102918,オルソビアンコ,2026/02/27,名古屋,曇,10,B7組,11,6,7,40.0,6.0,8,塚本征吾,55.0,ダ,1500.0,重,99.4,3.5,4-4-6,41.5,416.0,-2.0,エリタージュソング,
2020102918,オルソビアンコ,2026/02/12,名古屋,晴,6,B8組,12,7,9,8.5,5.0,4,望月洵輝,55.0,ダ,1500.0,稍,98.7,1.0,8-7-5,39.5,418.0,1.0,トーマステソーロ,9.8
2020102918,オルソビアンコ,2026/01/16,名古屋,晴,8,B9組,12,8,12,3.9,2.0,2,望月洵輝,55.0,ダ,1500.0,良,98.2,1.1,5-5-4,39.2,417.0,7.0,ララエフォール,22.8
2020102918,オルソビアンコ,2026/01/03,名古屋,曇,6,金運を願う栗きんとん(C),12,5,6,1.6,1.0,1,望月洵輝,55.0,ダ,1500.0,稍,97.2,-0.3,5-2-2,39.9,410.0,-5.0,(シャイニングウェイ),55.0
2020102918,オルソビアンコ,2025/12/24,名古屋,小雨,5,C3組,11,7,9,6.7,3.0,3,望月洵輝,55.0,ダ,1500.0,不,96.0,0.7,3-2-1,39.3,415.0,5.0,ロコモーション,11.0
2020102918,オルソビアンコ,2025/11/26,名古屋,晴,7,C2組,12,7,10,12.0,4.0,3,望月洵輝,55.0,ダ,1700.0,良,112.5,0.7,9-2-2,38.7,410.0,-6.0,ウィットビーアビー,11.0
2020102918,オルソビアンコ,2025/11/13,名古屋,曇,3,C5組,10,7,7,8.5,2.0,2,塚本征吾,55.0,ダ,1500.0,稍,98.4,1.3,3-3-2,40.7,416.0,6.0,スターウッドテール,19.3
2020102918,オルソビアンコ,2025/10/11,4東京3,雨,7,3歳以上1勝クラス,10,7,8,91.8,8.0,9,今村聖奈,54.0,芝,2000.0,良,119.6,2.0,6-6-7,35.4,410.0,12.0,ボウウィンドウ,
2020102918,オルソビアンコ,2025/07/06,2福島4,晴,8,3歳以上1勝クラス,14,8,13,152.6,12.0,8,土田真翔,53.0,芝,1800.0,良,109.7,1.0,10-10-9-8,36.6,398.0,2.0,コスモアンソロジー,
2020102918,オルソビアンコ,2025/06/15,3東京4,曇,7,3歳以上1勝クラス,14,3,3,330.0,13.0,8,土田真翔,53.0,芝,2000.0,稍,123.4,1.5,6-7-6,35.4,396.0,-10.0,ダンツファイター,
2020102918,オルソビアンコ,2025/06/01,2東京12,晴,6,4歳以上1勝クラス,16,7,13,151.3,12.0,10,小林美駒,52.0,芝,1800.0,稍,107.4,1.6,7-3-3,35.4,406.0,6.0,ニシノティアモ,
2020102918,オルソビアンコ,2025/03/01,2中山1,晴,4,4歳以上1勝クラス,13,6,8,144.8,10.0,11,内田博幸,56.0,ダ,1800.0,良,118.3,3.1,13-13-13-13,39.8,400.0,4.0,マフィン,
2020102918,オルソビアンコ,2024/11/16,5東京5,曇,12,3歳以上1勝クラス,18,7,14,154.5,12.0,15,内田博幸,56.0,芝,1600.0,良,95.2,1.1,15-14,34.3,396.0,-8.0,ナファロア,
2020102918,オルソビアンコ,2024/10/14,4東京4,晴,8,3歳以上1勝クラス,17,5,10,230.4,14.0,7,横山琉人,55.0,芝,1600.0,良,93.4,0.7,15-15,33.7,404.0,10.0,コンテネレッツア,
2020102918,オルソビアンコ,2024/05/26,2東京12,晴,6,4歳以上1勝クラス,9,8,9,69.9,7.0,7,田辺裕信,56.0,芝,1800.0,良,108.8,1.3,9-9-9,33.8,394.0,8.0,トラマンダーレ,
2020102918,オルソビアンコ,2023/11/05,3福島2,曇,9,三春駒特別(1勝クラス),14,8,13,53.8,13.0,14,杉原誠人,54.0,芝,2000.0,良,124.9,2.5,12-12-1-1,38.8,386.0,-2.0,グランドゴールド,
2020102918,オルソビアンコ,2023/09/23,4中山6,曇,6,3歳以上1勝クラス,13,3,3,91.6,12.0,7,三浦皇成,53.0,芝,2000.0,重,122.9,0.4,10-10-10-11,34.7,388.0,4.0,メジャークロニクル,
2020102918,オルソビアンコ,2023/07/15,2福島5,曇,9,南相馬特別(1勝クラス),10,7,8,24.4,7.0,8,三浦皇成,53.0,芝,2000.0,稍,125.4,1.3,8-8-7-8,37.8,384.0,-6.0,エイトキングゴッド,
2020102918,オルソビアンコ,2023/06/25,3東京8,晴,7,3歳以上1勝クラス,11,6,6,24.4,6.0,9,三浦皇成,53.0,芝,2000.0,良,119.9,2.0,9-9-8,35.4,390.0,6.0,ブレイディヴェーグ,
2020102918,オルソビアンコ,2023/01/08,1中山3,晴,6,3歳新馬,17,6,11,40.8,10.0,1,田辺裕信,54.0,芝,2000.0,良,123.1,0.0,9-9-7-6,35.2,384.0,0.0,(リュクススティール),620.0
2022100815,オイチノカタ,2026/07/17,名古屋,晴,7,B9組,12,2,2,3.9,2.0,5,小笠原羚,52.0,ダ,1500.0,良,98.8,1.5,9-11-9,40.6,426.0,-4.0,クインズモンブラン,7.0
2022100815,オイチノカタ,2026/07/03,名古屋,晴,12,金シャチ最終戦777(C),12,5,5,8.1,6.0,2,小笠原羚,52.0,ダ,1500.0,稍,96.1,0.0,1-1-1,38.4,430.0,-3.0,サーフギャラクシー,20.0
2022100815,オイチノカタ,2026/06/22,名古屋,曇,11,平原灯姫特別(C),12,7,10,9.2,3.0,6,丸山真一,55.0,ダ,1400.0,稍,91.6,1.5,11-11-11,38.7,433.0,-4.0,オッシレイション,
2022100815,オイチノカタ,2026/06/05,名古屋,曇,9,四谷の千枚田特別(C),12,2,2,78.7,8.0,4,丸山真一,52.0,ダ,1500.0,稍,97.0,0.4,7-7-2,38.5,437.0,-4.0,ヤマカツライコウ,11.3
2022100815,オイチノカタ,2026/05/21,名古屋,雨,5,C10組,10,7,8,28.5,7.0,1,小笠原羚,51.0,ダ,1500.0,重,97.9,-0.1,3-4-1,39.5,441.0,4.0,(パーソナルレコード),57.0
2022100815,オイチノカタ,2026/05/06,名古屋,小雨,10,C12組,11,5,5,15.6,8.0,7,小笠原羚,51.0,ダ,1500.0,稍,100.1,1.9,8-9-9,41.2,437.0,4.0,セラヴィーナス,
2022100815,オイチノカタ,2026/04/09,名古屋,雨,12,染井吉野賞(C),12,6,7,50.7,7.0,4,小笠原羚,51.0,ダ,1500.0,稍,98.7,1.4,10-9-7,38.7,433.0,0.0,ニホンピロケイ,8.6
2022100815,オイチノカタ,2026/03/27,名古屋,晴,4,晃暉君珠奈さんご結婚(C),12,4,4,468.6,10.0,8,村上弘樹,55.0,ダ,1500.0,重,99.4,3.1,10-11-10,39.6,433.0,4.0,カンタカナリート,
2022100815,オイチノカタ,2026/03/13,名古屋,曇,3,C5組,10,7,8,39.3,5.0,10,小笠原羚,51.0,ダ,1500.0,良,101.3,3.9,10-10-10,40.4,429.0,12.0,ランドオブファイア,
2022100815,オイチノカタ,2026/02/18,大井,晴,5,C2八九,12,7,9,213.9,11.0,11,瀬川将輝,54.0,ダ,1600.0,稍,107.8,2.9,10-10-10-10,41.9,417.0,0.0,トウテイラン,
2022100815,オイチノカタ,2026/01/28,大井,晴,6,C2八九十(C2九),12,8,11,141.7,10.0,11,瀬川将輝,54.0,ダ,1400.0,良,91.5,2.2,5-7-9,40.3,417.0,0.0,ロイヤルテール,
2022100815,オイチノカタ,2026/01/15,大井,晴,4,烏山川賞(C2),14,4,5,452.9,12.0,14,瀬川将輝,54.0,ダ,1600.0,良,106.4,3.4,13-13-14-14,41.2,417.0,-5.0,ダイヤノエース,
2022100815,オイチノカタ,2025/12/29,大井,晴,4,C2九十11(C2十),12,6,7,144.0,8.0,11,瀬川将輝,54.0,ダ,1600.0,重,106.9,3.7,10-11-11-11,41.8,422.0,-3.0,ビリーヴアンドラン,
2022100815,オイチノカタ,2025/12/04,大井,晴,3,C2七八,14,8,13,235.3,13.0,6,瀬川将輝,54.0,ダ,1600.0,良,104.8,1.9,5-5-7-7,40.2,425.0,-3.0,ヴィラスターリ,
2022100815,オイチノカタ,2025/11/12,大井,晴,4,C2九十11(C2十),13,7,10,237.3,13.0,3,瀬川将輝,54.0,ダ,1600.0,稍,104.3,0.6,3-4-3-2,41.8,428.0,-7.0,メイショウカジボウ,25.0
2022100815,オイチノカタ,2025/10/22,大井,雨,8,ホーセズ・ネック賞(C2九),14,7,11,223.5,11.0,10,瀬川将輝,54.0,ダ,1400.0,重,90.3,2.5,6-10-10,39.6,435.0,1.0,クリード,
2022100815,オイチノカタ,2025/10/07,大井,曇,6,C2111213(C212),12,8,12,142.3,9.0,11,瀬川将輝,54.0,ダ,1400.0,良,90.5,1.6,8-11-11,40.1,434.0,4.0,ヘビーキュー,
2022100815,オイチノカタ,2025/06/11,大井,雨,2,3歳五六七(3歳六),14,4,5,80.8,11.0,13,瀬川将輝,54.0,ダ,1400.0,重,90.8,2.7,10-14-14,39.3,430.0,1.0,シタパンツ,
2022100815,オイチノカタ,2025/05/21,大井,晴,4,3歳七八九(3歳八),12,4,4,99.5,8.0,4,瀬川将輝,54.0,ダ,1400.0,稍,90.6,0.8,6-8-8,38.9,429.0,-3.0,エスプリワールド,27.0
2022100815,オイチノカタ,2025/04/18,大井,曇,1,3歳四五,14,6,9,248.1,12.0,8,瀬川将輝,54.0,ダ,1600.0,良,105.0,1.4,11-11-10-10,40.1,432.0,0.0,マムティプリンス,
2022100815,オイチノカタ,2025/03/27,大井,曇,4,3歳四五六(3歳五),15,3,5,38.9,9.0,12,笹川翼,54.0,ダ,1200.0,良,77.0,2.2,15-15,38.5,432.0,-3.0,エートス,
2022100815,オイチノカタ,2025/02/18,大井,晴,4,古川賞(3歳),11,8,11,9.7,3.0,1,瀬川将輝,54.0,ダ,1200.0,良,77.3,0.0,8-8,38.3,435.0,-14.0,(サブノモアナ),280.0
2022100815,オイチノカタ,2025/01/28,大井,晴,4,蛇崩川賞(3歳),12,2,2,17.4,5.0,6,瀬川将輝,54.0,ダ,1200.0,良,77.3,1.2,7-7,39.0,449.0,-1.0,カゼノハガクレ,
2022100815,オイチノカタ,2024/10/01,大井,晴,3,2歳選抜牝馬,10,2,2,6.6,5.0,3,石川駿介,54.0,ダ,1200.0,良,77.3,0.8,5-5,39.8,450.0,-1.0,マイフェアレディ,80.0
2022100815,オイチノカタ,2024/09/08,大井,晴,2,2歳新馬(新馬),8,7,7,65.6,8.0,7,石川駿介,54.0,ダ,1200.0,良,79.0,2.6,8-8,38.8,451.0,0.0,ティエルナトート,
2020100592,ポケッティーノ,2026/07/17,名古屋,晴,7,B9組,12,5,6,27.0,9.0,10.0,大畑慧悟,57.0,ダ,1500.0,良,99.7,2.4,11-9-10,41.7,502.0,14.0,クインズモンブラン,
2020100592,ポケッティーノ,2026/06/18,名古屋,晴,8,B7組,10,7,8,186.4,9.0,5.0,細川智史,57.0,ダ,1500.0,良,96.6,1.6,8-8-9,39.3,488.0,-5.0,グラスビジョン,7.0
2020100592,ポケッティーノ,2026/06/04,名古屋,晴,8,B6組,11,3,3,282.0,9.0,8.0,細川智史,57.0,ダ,1700.0,稍,113.1,2.1,10-9-9,40.1,493.0,-2.0,エイシンマクルーベ,
2020100592,ポケッティーノ,2026/05/21,名古屋,雨,7,B7組,10,8,9,77.4,9.0,7.0,細川智史,57.0,ダ,1500.0,不,99.1,3.3,8-9-10,40.8,495.0,-4.0,ミニマルデザイン,
2020100592,ポケッティーノ,2026/04/29,笠松,曇,9,第4回ウマ娘ベルノラ(C),10,8,10,29.1,6.0,6.0,深澤杏花,56.0,ダ,1400.0,良,93.1,1.6,6-6-6,40.4,499.0,1.0,ダルマワンサ,
2020100592,ポケッティーノ,2026/04/17,笠松,曇,5,C級セレクション,9,2,2,19.0,7.0,6.0,細川智史,57.0,ダ,1580.0,良,108.0,2.3,9-7-7,41.4,498.0,-2.0,ハルカサクソラ,
2020100592,ポケッティーノ,2026/04/03,笠松,晴,8,C5組,9,2,2,28.8,6.0,2.0,細川智史,57.0,ダ,1400.0,良,91.7,2.0,4-3-3,39.9,500.0,2.0,ヒルノガリシア,16.0
2020100592,ポケッティーノ,2026/03/19,笠松,晴,3,春荒賞(C),9,6,6,8.7,5.0,7.0,深澤杏花,55.0,ダ,1400.0,不,93.1,0.4,3-2-2,41.5,498.0,-2.0,ケイサンノーブル,
2020100592,ポケッティーノ,2026/03/05,笠松,晴,1,C5組,8,8,8,17.4,4.0,2.0,深澤杏花,55.0,ダ,1400.0,良,93.4,0.1,3-3-2,40.1,500.0,-2.0,ショウブウン,16.0
2020100592,ポケッティーノ,2026/02/20,笠松,曇,7,C6組,9,4,4,9.9,5.0,6.0,深澤杏花,55.0,ダ,1400.0,良,92.7,0.8,6-6-6,39.3,502.0,-1.0,ハイエストランク,
2020100592,ポケッティーノ,2026/02/06,笠松,曇,6,みんな大好きまいちゃ(C),9,6,6,11.7,5.0,4.0,井口裕貴,54.0,ダ,1400.0,良,92.5,1.0,6-6-5,38.8,503.0,1.0,ヒルノブリスベン,6.0
2020100592,ポケッティーノ,2026/01/09,笠松,晴,4,12才の誕生日記念輝(C),8,6,6,31.9,5.0,3.0,細川智史,57.0,ダ,1400.0,良,91.9,1.0,8-6-4,39.0,502.0,0.0,アクデニズ,10.0
2020100592,ポケッティーノ,2025/12/31,笠松,曇,7,C4組,8,5,5,12.8,6.0,6.0,深澤杏花,55.0,ダ,1600.0,良,107.8,2.3,7-6-6,40.3,502.0,-1.0,エイシンロッソネリ,
2020100592,ポケッティーノ,2025/12/16,笠松,晴,6,秀汰朗くん二十歳おめ(C),8,1,1,67.5,6.0,8.0,黒澤愛斗,57.0,ダ,1400.0,稍,92.0,2.9,8-7-6,39.5,503.0,1.0,コスモメモラブル,
2020100592,ポケッティーノ,2025/12/03,笠松,曇,5,けんごなほこ結婚7周(C),9,5,5,8.2,4.0,5.0,深澤杏花,55.0,ダ,1400.0,良,91.7,0.4,4-5-5,39.2,502.0,2.0,ベーディーナ,4.0
2020100592,ポケッティーノ,2025/11/19,笠松,曇,7,C4組,10,2,2,11.7,4.0,3.0,深澤杏花,55.0,ダ,1400.0,良,90.6,0.6,9-7-4,39.9,500.0,7.0,ルクスソレイユ,10.0
2020100592,ポケッティーノ,2025/10/24,笠松,曇,4,あきらくん退職記念(C),8,2,2,5.0,3.0,3.0,友森翔太,57.0,ダ,1400.0,良,91.2,2.3,6-5-4,39.3,493.0,5.0,オニマル,10.0
2020100592,ポケッティーノ,2025/10/09,笠松,晴,10,C級サバイバル,9,3,3,22.7,8.0,4.0,深澤杏花,55.0,ダ,1400.0,良,91.6,0.7,8-6-4,39.7,488.0,1.0,ヒナノマーチス,6.7
2020100592,ポケッティーノ,2025/09/26,笠松,晴,8,リンドウ賞(C),10,2,2,88.7,9.0,9.0,深澤杏花,55.0,ダ,1600.0,良,107.9,3.3,7-7-7,43.0,487.0,0.0,デュアルアップ,
2020100592,ポケッティーノ,2025/09/12,笠松,曇,10,十六夜賞(C),8,2,2,6.7,4.0,6.0,深澤杏花,55.0,ダ,1400.0,重,92.8,2.3,8-8-8,40.5,487.0,2.0,フォルテッサ,
2020100592,ポケッティーノ,2025/08/29,笠松,晴,12,夏の夕特別(C),8,7,7,10.9,5.0,6.0,深澤杏花,55.0,ダ,1400.0,良,91.6,2.4,8-8-7,39.8,485.0,-3.0,ボールドホーク,
2020100592,ポケッティーノ,2025/08/15,笠松,晴,9,徹夜おどり賞(C),9,2,2,13.9,4.0,3.0,深澤杏花,55.0,ダ,1400.0,良,90.9,1.1,7-6-4,39.0,488.0,3.0,パイロズブリッジ,11.3
2020100592,ポケッティーノ,2025/07/23,名古屋,晴,6,しんゆうすみこ結婚十(C),11,2,2,27.1,7.0,10.0,丸野勝虎,57.0,ダ,1500.0,良,97.8,1.7,10-10-9,38.8,485.0,4.0,ツカサトレイン,
2020100592,ポケッティーノ,2025/06/17,名古屋,晴,6,C6組,12,3,3,41.1,10.0,4.0,丸野勝虎,57.0,ダ,1400.0,稍,90.3,0.8,5-7-4,38.4,481.0,-1.0,カゲンノツキ,8.3
2020100592,ポケッティーノ,2025/06/05,名古屋,晴,7,C6組,11,2,2,23.9,7.0,7.0,丸野勝虎,57.0,ダ,1500.0,稍,99.4,0.9,7-5-2,40.2,482.0,1.0,ライトスピード,
2020100592,ポケッティーノ,2025/05/22,名古屋,晴,5,C6組,11,7,10,14.1,4.0,5.0,丸野勝虎,57.0,ダ,1500.0,稍,99.4,1.4,3-3-5,40.7,481.0,-1.0,トゥラムプラッツ,5.5
2020100592,ポケッティーノ,2025/05/08,名古屋,晴,6,C7組,11,7,9,13.6,7.0,6.0,丸野勝虎,57.0,ダ,1500.0,重,98.4,1.8,6-7-7,39.9,482.0,4.0,フィフティズ,
2020100592,ポケッティーノ,2025/04/24,名古屋,晴,5,C7組,12,8,12,21.7,5.0,8.0,丸野勝虎,57.0,ダ,1500.0,稍,99.6,3.0,3-3-5,42.6,478.0,-4.0,クリノオデッセイ,
2020100592,ポケッティーノ,2025/04/10,名古屋,曇,6,C7組,12,7,10,6.0,3.0,4.0,丸野勝虎,57.0,ダ,1500.0,良,99.3,0.5,7-6-6,39.2,482.0,-1.0,オレノブルース,8.3
2020100592,ポケッティーノ,2025/03/17,名古屋,晴,5,C4組,11,4,4,17.5,5.0,2.0,丸野勝虎,56.0,ダ,1500.0,不,98.9,0.2,6-4-5,41.1,483.0,-9.0,キャンディタフト,17.5
2020100592,ポケッティーノ,2025/02/28,名古屋,曇,3,C5組,10,6,7,6.6,4.0,6.0,岡部誠,56.0,ダ,1500.0,良,98.7,1.3,3-3-3,41.0,492.0,6.0,アンセムバローズ,
2020100592,ポケッティーノ,2025/01/18,1中山6,晴,6,4歳以上1勝クラス,16,6,11,443.6,15.0,14.0,小林脩斗,56.0,ダ,1200.0,良,74.2,2.1,7-10,39.3,486.0,14.0,クールソル,
2020100592,ポケッティーノ,2024/11/02,3福島1,雨,12,3歳以上1勝クラス,16,3,6,174.3,15.0,15.0,河原田菜,54.0,芝,1200.0,重,75.0,2.1,14-15,38.8,472.0,-4.0,ソノママソノママ,
2020100592,ポケッティーノ,2024/09/01,3新潟8,晴,12,雷光特別(1勝クラス),17,7,14,73.3,14.0,13.0,大江原比,58.0,芝,1000.0,良,55.9,1.4,8,33.0,476.0,14.0,クールベイビー,
2020100592,ポケッティーノ,2024/07/27,2新潟1,曇,11,3歳以上1勝クラス,18,8,16,74.7,14.0,9.0,大江原比,54.0,芝,1000.0,良,56.2,0.7,14,33.1,462.0,-8.0,ニシノコニャック,
2020100592,ポケッティーノ,2024/05/10,笠松,晴,6,ブレイクスルー伊藤純(C),8,2,2,1.1,1.0,1.0,岡部誠,56.0,ダ,1400.0,良,90.3,-0.4,1-1-1,39.2,470.0,-1.0,(カジュアルスパート),40.0
2020100592,ポケッティーノ,2024/04/19,笠松,晴,3,C5組,10,2,2,1.1,1.0,2.0,加藤聡一,56.0,ダ,1400.0,良,89.6,0.4,1-1-2,39.9,471.0,2.0,ゴールデンベリル,14.0
2020100592,ポケッティーノ,2024/04/05,笠松,曇,12,百十郎桜特別(C),9,8,9,7.1,3.0,3.0,塚本征吾,56.0,ダ,1400.0,良,88.8,0.9,3-3-2,38.7,469.0,-1.0,キタノランディ,12.0
2020100592,ポケッティーノ,2024/03/05,笠松,雨,7,花桃賞(C),8,4,4,3.6,3.0,1.0,保園翔也,56.0,ダ,1400.0,良,89.2,-1.8,2-1-1,39.4,470.0,-4.0,(ビルボードライブ),42.0
2020100592,ポケッティーノ,2024/02/06,笠松,晴,10,枯木星特別(C),9,8,8,13.7,3.0,7.0,加藤聡一,56.0,ダ,1600.0,稍,105.7,1.6,3-2-3,39.6,474.0,-5.0,タイトニット,
2020100592,ポケッティーノ,2023/12/31,水沢,曇,8,C1五組,12,6,7,1.7,1.0,5.0,山本政聡,56.0,ダ,1400.0,重,91.4,0.8,1-1-1-1,40.5,479.0,3.0,タニオブスカイ,3.0
2020100592,ポケッティーノ,2023/12/18,水沢,,7,C1,0,6,7,,,,山本政聡,56.0,ダ,1300.0,,,,,,,,,
2020100592,ポケッティーノ,2023/12/03,水沢,小雨,10,C1七組,12,1,1,3.3,1.0,4.0,村上忍,56.0,ダ,1400.0,重,89.8,0.7,5-5-2-3,40.3,476.0,0.0,タナキーボー,5.6
2020100592,ポケッティーノ,2023/11/20,盛岡,曇,3,C2,10,2,2,4.9,3.0,3.0,村上忍,56.0,ダ,1000.0,不,60.5,0.6,8-6,35.7,476.0,2.0,ササキンローズ,7.0
2020100592,ポケッティーノ,2023/10/30,盛岡,晴,4,C2五組,10,5,5,2.7,2.0,1.0,村上忍,56.0,ダ,1200.0,良,74.4,0.0,3-3,37.6,474.0,0.0,(アマギール),35.0
2020100592,ポケッティーノ,2023/10/16,盛岡,小雨,4,C2五組,10,5,5,2.8,2.0,2.0,鈴木祐,56.0,ダ,1200.0,稍,73.2,0.2,2-2,38.0,474.0,-3.0,マリノリリアン,12.3
2020100592,ポケッティーノ,2023/10/08,盛岡,晴,7,C2八組,9,6,6,3.7,2.0,2.0,村上忍,56.0,ダ,1200.0,稍,74.8,1.2,4-4,37.7,477.0,3.0,インセプション,12.3
2020100592,ポケッティーノ,2023/09/06,門別,曇,8,プレセぺ特別(C1),8,4,4,28.2,7.0,5.0,石川倭,56.0,ダ,1200.0,重,77.1,2.3,5-8,39.6,474.0,4.0,マーゴットバモス,7.0
2020100592,ポケッティーノ,2023/06/24,3東京7,晴,3,3歳未勝利,16,6,11,181.0,12.0,12.0,丸田恭介,56.0,ダ,1300.0,良,81.4,1.9,14-13,36.7,470.0,-4.0,メモリーグラス,
2020100592,ポケッティーノ,2023/03/05,2中山4,曇,2,3歳未勝利,16,2,4,107.7,10.0,12.0,丸田恭介,56.0,ダ,1200.0,良,74.3,1.8,14-14,38.3,474.0,0.0,ジャーニーメモリー,
2022103827,ヴィオレンツァ,2026/07/03,名古屋,晴,8,B9組,11,6,8,3.4,2.0,4,塚本征吾,57.0,ダ,1500.0,稍,97.0,0.9,6-7-6,39.2,452.0,-1.0,サヤヒメ,10.5
2022103827,ヴィオレンツァ,2026/06/22,名古屋,曇,9,B13組,10,1,1,16.8,4.0,3,大原浩司,57.0,ダ,1500.0,稍,97.2,1.1,5-5-4,39.6,453.0,1.0,ルナフェイズ,14.0
2022103827,ヴィオレンツァ,2026/06/05,名古屋,曇,7,B11組,12,6,7,3.2,2.0,5,塚本征吾,57.0,ダ,1500.0,稍,97.7,0.8,2-1-3,39.8,452.0,-6.0,ハクサンシャトル,7.0
2022103827,ヴィオレンツァ,2026/05/07,船橋,曇,9,菜の花スプリント(C2),12,7,9,80.6,9.0,8,藤田凌,56.0,ダ,1200.0,良,76.7,1.7,8-8-9,39.6,458.0,-4.0,スピリットサージ,
2022103827,ヴィオレンツァ,2026/03/12,船橋,晴,5,馬い!淡路むらっち玉(C2),12,8,11,24.6,7.0,7,笠野雄大,56.0,ダ,1200.0,良,77.1,1.1,6-5-7,39.1,462.0,1.0,ザビッグマン,
2022103827,ヴィオレンツァ,2026/02/13,船橋,晴,5,ネコヤナギスプリント(C2),12,5,5,17.8,4.0,9,笠野雄大,56.0,ダ,1200.0,良,77.8,2.5,10-7-8,40.8,461.0,5.0,コスモエンエン,
2022103827,ヴィオレンツァ,2025/11/28,浦和,晴,9,小春空特別(C2),12,7,9,6.9,4.0,4,野畑凌,56.0,ダ,1500.0,良,98.4,1.6,3-3-3-3,39.9,456.0,3.0,アラビアンレイン,22.5
2022103827,ヴィオレンツァ,2025/11/17,川崎,晴,7,雷鼓賞(C2),12,3,3,6.7,3.0,6,野畑凌,56.0,ダ,900.0,良,56.6,1.1,7-7,38.1,453.0,-4.0,ポッドデューク,
2022103827,ヴィオレンツァ,2025/10/27,浦和,晴,9,錦秋特別(C2),12,7,10,1.9,1.0,3,笹川翼,56.0,ダ,1500.0,重,95.5,1.2,5-6-5-5,37.6,457.0,0.0,ショコラエクレール,37.5
2022103827,ヴィオレンツァ,2025/09/22,浦和,晴,6,3歳二,12,7,9,1.8,1.0,2,矢野貴之,56.0,ダ,1500.0,稍,97.4,0.1,11-10-7-5,39.0,457.0,9.0,スコメッサ,72.0
2022103827,ヴィオレンツァ,2025/08/16,3中京7,晴,5,3歳未勝利,16,1,1,53.7,12.0,8,小沢大仁,57.0,ダ,1400.0,良,86.2,1.2,7-7,38.0,448.0,2.0,ワンウェイトゥヘル,
2022103827,ヴィオレンツァ,2025/05/04,2京都4,晴,1,3歳未勝利,16,2,3,7.1,4.0,7,藤岡佑介,57.0,ダ,1200.0,稍,74.1,1.3,9-8,36.7,446.0,2.0,コパノマロン,
2022103827,ヴィオレンツァ,2025/04/13,2阪神6,曇,3,3歳未勝利,16,8,16,2.5,1.0,5,モレイラ,57.0,ダ,1200.0,良,74.4,0.4,2-2,37.7,444.0,0.0,スレッドザニードル,56.0
2022103827,ヴィオレンツァ,2025/03/22,2中京3,晴,2,3歳未勝利,16,5,9,4.8,3.0,4,小崎綾也,57.0,ダ,1200.0,良,73.9,1.4,6-5,37.8,444.0,4.0,トラヴェリンバンド,84.0
2022103827,ヴィオレンツァ,2025/03/08,1阪神3,晴,3,3歳未勝利,16,4,8,16.3,5.0,2,小崎綾也,57.0,ダ,1200.0,良,74.6,0.4,4-4,37.1,440.0,-8.0,ロードヴァルカン,220.0
2022103827,ヴィオレンツァ,2025/02/15,1小倉7,晴,2,3歳未勝利,18,2,3,28.1,9.0,8,小沢大仁,57.0,芝,1200.0,良,69.7,1.7,5-6,36.0,448.0,10.0,ヴェントゥーラ,
2022103827,ヴィオレンツァ,2024/10/05,4新潟1,曇,5,2歳新馬,18,3,6,5.5,2.0,13,小沢大仁,55.0,芝,1400.0,良,84.4,1.3,13-13,35.3,438.0,0.0,バニーラビット,
2022101314,サノノロンドン,2026/07/02,名古屋,曇,8,カササギ賞(B),12,2,2,34.8,9.0,12,加藤聡一,55.0,ダ,1400.0,不,92.2,3.8,5-9-11,41.6,459.0,1.0,オッシレイション,
2022101314,サノノロンドン,2026/06/19,名古屋,晴,7,B9組,9,6,6,29.7,8.0,8,加藤聡一,55.0,ダ,1700.0,良,112.7,2.0,4-5-6,40.8,458.0,5.0,スフレ,
2022101314,サノノロンドン,2026/06/04,名古屋,晴,5,B9組,12,7,10,45.1,9.0,2,加藤聡一,55.0,ダ,1400.0,稍,90.9,0.5,4-3-2,38.0,453.0,-3.0,ブルスケッタ,24.5
2022101314,サノノロンドン,2026/05/22,名古屋,曇,10,B10組,10,4,4,49.7,6.0,6,渡辺竜也,55.0,ダ,1500.0,重,97.8,1.4,3-5-6,39.7,456.0,-5.0,アールオブケント,
2022101314,サノノロンドン,2026/05/07,名古屋,晴,9,B10組,10,5,5,178.7,10.0,8,藤原幹生,55.0,ダ,1500.0,良,98.7,2.2,5-6-8,40.8,461.0,3.0,ボル,
2022101314,サノノロンドン,2026/04/23,名古屋,雨,7,B8組,12,5,6,108.7,10.0,8,加藤聡一,55.0,ダ,1700.0,不,111.8,2.7,3-5-5,41.0,458.0,0.0,シルクニードル,
2022101314,サノノロンドン,2026/04/10,名古屋,小雨,7,B10組,11,5,5,31.0,6.0,8,加藤聡一,55.0,ダ,1500.0,不,98.3,3.1,7-7-9,41.5,458.0,4.0,ラウニウ,
2022101314,サノノロンドン,2026/03/24,名古屋,晴,11,920m戦大蔵池賞(B),12,7,10,9.6,4.0,12,加藤聡一,55.0,ダ,920.0,良,57.9,1.9,10,37.4,454.0,10.0,アフロプリンス,
2022101314,サノノロンドン,2026/02/21,1小倉9,晴,8,4歳以上1勝クラス,16,8,16,91.1,13.0,13,小林美駒,52.0,芝,1800.0,良,108.7,1.7,10-9-9-9,36.9,444.0,-2.0,ハニードレス,
2022101314,サノノロンドン,2025/08/23,3新潟1,晴,12,3歳以上1勝クラス,12,7,9,54.2,8.0,10,遠藤汰月,50.0,芝,1600.0,良,95.0,2.0,3-3,35.5,446.0,12.0,ブルーベリーフィズ,
2022101314,サノノロンドン,2025/06/28,1函館5,晴,7,3歳以上1勝クラス,16,1,1,23.4,9.0,15,小林美駒,50.0,芝,1800.0,稍,109.6,2.8,1-1-1-3,38.5,434.0,-6.0,マイスターヴェルク,
2022101314,サノノロンドン,2025/06/08,3東京2,晴,8,3歳以上1勝クラス,18,3,6,201.3,12.0,6,小林美駒,50.0,芝,1600.0,良,94.0,0.5,1-1,35.4,440.0,10.0,キングノジョー,
2022101314,サノノロンドン,2025/03/08,2中山3,曇,7,3歳1勝クラス,10,7,8,23.3,6.0,10,小林美駒,51.0,芝,1600.0,良,97.0,1.5,9-9-8,35.5,430.0,2.0,レーヴブリリアント,
2022101314,サノノロンドン,2025/03/01,2中山1,晴,7,3歳1勝クラス,9,5,5,74.0,8.0,8,遠藤汰月,52.0,芝,1800.0,良,109.6,2.5,2-2-2-3,38.2,428.0,-2.0,ブラックルビー,
2022101314,サノノロンドン,2025/01/06,1中山2,小雨,7,3歳1勝クラス,12,5,6,26.4,6.0,12,小林美駒,51.0,芝,2000.0,良,126.4,5.7,2-2-2-10,42.1,430.0,-4.0,ゴーソーファー,
2022101314,サノノロンドン,2024/11/02,3福島1,雨,3,2歳未勝利,16,2,4,40.9,10.0,1,小林美駒,51.0,芝,1800.0,稍,109.4,-0.2,1-1-1-1,36.7,434.0,4.0,(ナンヨーエンペラー),550.0
2022101314,サノノロンドン,2024/09/15,4中山4,晴,3,2歳未勝利,13,5,7,28.5,9.0,10,石田拓郎,52.0,ダ,1800.0,良,119.4,4.0,4-4-4-5,42.8,430.0,2.0,リュキア,
2022101314,サノノロンドン,2024/09/08,4中山2,晴,1,2歳未勝利,8,6,6,10.2,4.0,5,石田拓郎,52.0,ダ,1200.0,良,73.8,2.4,3-3,38.5,428.0,10.0,ジャスパーソレイユ,55.0
2022101314,サノノロンドン,2024/06/23,3東京8,曇,1,2歳未勝利,10,7,8,17.8,5.0,9,石橋脩,55.0,芝,1600.0,稍,97.2,1.4,4-5,37.9,418.0,-4.0,レーヴドロペラ,
2022101314,サノノロンドン,2024/06/01,3東京1,晴,5,2歳新馬,9,8,8,61.7,8.0,2,永野猛蔵,54.0,芝,1600.0,良,97.7,0.1,1-1,34.6,422.0,0.0,ウィンターベル,290.0
2022103191,トゥスイート,2026/07/08,門別,曇,9,第54回アポイの火祭(B4),11,8,11,44.0,6.0,6,岩橋勇二,57.0,ダ,1200.0,良,75.0,1.0,4-6,38.9,494.0,-6.0,アンヘル,
2022103191,トゥスイート,2026/06/24,門別,晴,9,キングサリ特別(B4),9,5,5,50.8,8.0,6,服部茂史,57.0,ダ,1200.0,良,75.1,1.4,7-7,38.3,500.0,0.0,アンヘル,
2022103191,トゥスイート,2026/05/26,門別,曇,8,カルミア特別(C1),11,2,2,39.5,6.0,4,岩橋勇二,57.0,ダ,1200.0,稍,74.8,1.2,5-3,38.4,500.0,-4.0,ヴァーチェ,7.7
2022103191,トゥスイート,2026/05/13,門別,曇,10,グランシャリオドリー(C1),12,4,5,6.5,5.0,3,落合玄太,57.0,ダ,1200.0,良,75.6,0.2,6-6,38.3,504.0,2.0,コンサイダー,11.6
2022103191,トゥスイート,2026/04/23,門別,晴,10,グランシャリオドリー(C3),12,7,9,2.4,1.0,1,吉原寛人,57.0,ダ,1200.0,稍,76.1,-0.3,5-4,38.7,502.0,10.0,(メレサンク),55.0
2022103191,トゥスイート,2025/09/24,門別,曇,7,3歳以上C3ー2C4,12,6,8,5.4,4.0,1,岩橋勇二,57.0,ダ,1200.0,良,75.1,-0.1,6-5,37.9,492.0,0.0,(リュウノマジシャン),40.0
2022103191,トゥスイート,2025/08/27,門別,曇,8,静内ロータリークラブ(C3),9,2,2,5.6,3.0,3,岩橋勇二,57.0,ダ,1200.0,良,76.7,0.8,4-4,38.9,492.0,0.0,リトムテール,8.4
2022103191,トゥスイート,2025/08/14,門別,曇,10,グランシャリオドリー(C3),12,5,5,3.3,1.0,3,岩橋勇二,57.0,ダ,1200.0,良,75.5,0.6,6-6,38.2,492.0,-2.0,ブラストバローズ,11.6
2022103191,トゥスイート,2025/07/17,門別,晴,7,3歳以上C4ー3,11,6,6,2.0,1.0,1,岩橋勇二,57.0,ダ,1200.0,稍,75.1,-0.1,3-3,38.0,494.0,2.0,(クルーンチャン),40.0
2022103191,トゥスイート,2025/07/03,門別,晴,8,3歳以上C4ー3,12,8,12,4.0,3.0,3,岩橋勇二,57.0,ダ,1200.0,稍,74.6,0.2,4-3,38.1,492.0,2.0,ナユタ,8.4
2022103191,トゥスイート,2025/04/30,門別,晴,1,3歳条件未勝利(未勝利),10,5,5,2.0,1.0,1,岩橋勇二,57.0,ダ,1200.0,重,76.5,-0.7,2-1,39.5,490.0,-2.0,(フロレシミエント),50.0
2022103191,トゥスイート,2025/04/24,門別,晴,1,3歳条件未勝利(未勝利),12,1,1,13.4,5.0,3,服部茂史,57.0,ダ,1200.0,重,75.3,0.6,5-4,37.9,492.0,12.0,ヤマトオーザー,10.5
2022103191,トゥスイート,2024/10/10,門別,晴,1,2歳新馬(新馬),9,3,3,5.8,3.0,5,岩橋勇二,56.0,ダ,1000.0,良,63.9,2.4,3-4,38.7,480.0,0.0,ソルジェンテポー,7.0
2022102069,ローズドゥレッシュ,2026/07/17,名古屋,晴,10,南知多特別(C),12,2,2,4.3,2.0,2,丸野勝虎,55.0,ダ,1500.0,良,97.9,0.1,8-6-4,39.7,428.0,2.0,ハクサンフラッシュ,29.8
2022102069,ローズドゥレッシュ,2026/07/03,名古屋,晴,10,渥美半島特別(C),12,2,2,100.6,9.0,5,丸野勝虎,55.0,ダ,1500.0,稍,96.3,1.1,10-10-5,38.7,426.0,-4.0,ブルースバローズ,8.5
2022102069,ローズドゥレッシュ,2026/06/22,名古屋,曇,11,平原灯姫特別(C),12,8,11,22.0,5.0,3,丸野勝虎,55.0,ダ,1400.0,稍,90.9,0.8,8-8-4,38.6,430.0,-2.0,オッシレイション,17.0
2022102069,ローズドゥレッシュ,2026/06/05,名古屋,曇,12,金シャチ最終戦(C),11,8,12,13.4,5.0,7,今井貴大,55.0,ダ,1500.0,稍,97.3,1.1,11-10-7,39.3,432.0,-1.0,ルナフェイズ,
2022102069,ローズドゥレッシュ,2026/05/25,名古屋,晴,2,C4組,10,6,7,10.1,4.0,3,今井貴大,55.0,ダ,1400.0,良,91.0,0.8,8-5-4,39.5,433.0,2.0,アヤチャンス,11.4
2022102069,ローズドゥレッシュ,2026/05/08,名古屋,曇,3,祝45歳!キミとの未(C),10,4,4,5.7,3.0,6,今井貴大,55.0,ダ,1400.0,稍,92.3,1.1,5-4-3,39.6,431.0,3.0,ウォーオブサウンド,
2022102069,ローズドゥレッシュ,2026/04/24,名古屋,曇,4,C5組,12,8,11,49.9,6.0,3,加藤誓二,55.0,ダ,1500.0,重,97.4,0.8,12-11-9,38.2,428.0,-3.0,アイタロオ,11.4
2022102069,ローズドゥレッシュ,2026/04/13,名古屋,曇,3,C7組,10,7,8,53.3,10.0,5,加藤誓二,55.0,ダ,1400.0,良,91.2,0.5,7-7-6,39.0,431.0,0.0,フクノジョヴァンニ,5.7
2022102069,ローズドゥレッシュ,2026/03/27,名古屋,晴,2,C6組,12,5,6,212.9,11.0,4,加藤誓二,55.0,ダ,1500.0,重,98.1,0.4,11-11-9,39.1,431.0,3.0,ハッピードリーム,8.3
2022102069,ローズドゥレッシュ,2026/03/12,名古屋,晴,5,日光川大橋賞(C),11,5,6,70.2,8.0,7,加藤誓二,55.0,ダ,1500.0,良,98.6,1.6,8-8-9,39.6,428.0,1.0,アイファージェット,
2022102069,ローズドゥレッシュ,2026/02/27,名古屋,曇,6,C7組,11,7,9,40.7,7.0,4,加藤誓二,55.0,ダ,1500.0,重,98.8,0.4,9-8-10,38.9,427.0,2.0,アーキハッカー,8.3
2022102069,ローズドゥレッシュ,2026/02/12,名古屋,晴,4,"1,700m戦ティラ(C)",12,7,10,31.9,6.0,5,加藤誓二,55.0,ダ,1700.0,重,114.8,1.4,8-8-7,41.3,425.0,-4.0,カリビアンブルー,5.5
2022102069,ローズドゥレッシュ,2026/01/29,名古屋,曇,5,C9組,12,3,3,235.9,10.0,5,加藤誓二,55.0,ダ,1500.0,良,98.4,0.9,11-11-8,39.7,429.0,-1.0,ライデンシャフト,5.5
2022102069,ローズドゥレッシュ,2026/01/19,名古屋,晴,1,C8組,11,4,4,39.7,6.0,5,加藤誓二,55.0,ダ,1500.0,良,98.6,1.7,3-5-5,40.0,430.0,1.0,アルカラス,5.5
2022102069,ローズドゥレッシュ,2026/01/05,名古屋,晴,5,千両賞(C),12,7,9,14.4,5.0,3,加藤誓二,55.0,ダ,1500.0,良,98.0,1.3,12-11-10,40.2,429.0,4.0,エンジェルナンバー,11.0
2022102069,ローズドゥレッシュ,2025/12/19,名古屋,晴,8,年の瀬の運試し!第5(C),12,7,9,19.3,7.0,1,加藤誓二,55.0,ダ,1500.0,稍,97.7,-0.1,9-9-7,39.3,425.0,-2.0,(カフジアッサム),55.0
2022102069,ローズドゥレッシュ,2025/12/05,名古屋,晴,3,博明さん70歳おめで(C),12,7,10,28.7,7.0,2,加藤誓二,55.0,ダ,1500.0,良,98.4,0.9,9-8-6,39.8,427.0,1.0,ロックマジェスティ,19.3
2022102069,ローズドゥレッシュ,2025/11/10,名古屋,晴,8,C23組,12,6,7,52.2,10.0,6,加藤誓二,55.0,ダ,1400.0,稍,92.2,0.7,12-10-6,39.4,426.0,3.0,サンパギータチャン,
2022102069,ローズドゥレッシュ,2025/10/29,名古屋,晴,5,C18組,12,8,11,87.2,9.0,8,加藤誓二,55.0,ダ,1500.0,良,99.0,1.0,11-10-11,40.0,423.0,-8.0,ドルチェルナ,
2022102069,ローズドゥレッシュ,2025/10/15,名古屋,晴,4,C18組,12,3,3,144.5,11.0,5,加藤誓二,55.0,ダ,1400.0,重,91.3,0.9,11-10-8,39.3,431.0,4.0,ワンハート,5.5
2022102069,ローズドゥレッシュ,2025/09/30,名古屋,晴,7,3歳8組,12,6,8,83.0,9.0,4,加藤誓二,55.0,ダ,1500.0,良,98.9,1.1,12-12-11,39.2,427.0,-4.0,コスモナッシュビル,8.3
2022102069,ローズドゥレッシュ,2025/09/17,名古屋,曇,3,3歳6組,12,2,2,100.5,8.0,10,大畑慧悟,55.0,ダ,1500.0,良,99.7,2.5,11-11-9,40.2,431.0,4.0,バトンロード,
2022102069,ローズドゥレッシュ,2025/09/03,名古屋,晴,3,3歳7組,12,6,8,216.0,11.0,3,加藤誓二,55.0,ダ,1400.0,良,92.6,1.6,9-10-7,39.9,427.0,1.0,ニーケアイリス,11.0
2022102069,ローズドゥレッシュ,2025/08/19,名古屋,晴,2,名古屋モーニングフィ(3歳),12,8,11,318.0,11.0,8,加藤誓二,55.0,ダ,1500.0,良,99.3,2.3,11-11-10,40.8,426.0,7.0,セレッソレイナ,
2022102069,ローズドゥレッシュ,2025/07/23,名古屋,晴,4,3歳9組,12,1,1,275.2,12.0,9,加藤誓二,55.0,ダ,1400.0,良,91.0,1.8,11-11-11,38.7,419.0,-2.0,アイガー,
2022102069,ローズドゥレッシュ,2025/07/08,名古屋,晴,3,3歳9組,12,1,1,255.2,10.0,6,加藤誓二,55.0,ダ,1500.0,良,98.3,1.2,12-12-7,39.3,421.0,-3.0,ヘビーキュー,
2022102069,ローズドゥレッシュ,2025/06/13,名古屋,晴,2,3歳6組,10,1,1,189.6,10.0,9,今井貴大,55.0,ダ,1500.0,稍,99.4,2.0,9-10-9,41.1,424.0,3.0,ボンマティ,
2022102069,ローズドゥレッシュ,2025/06/03,名古屋,雨,2,3歳5組,12,1,1,215.1,12.0,10,今井貴大,55.0,ダ,1500.0,不,99.5,2.8,5-8-8,41.3,421.0,0.0,レイナティア,
2022102069,ローズドゥレッシュ,2025/05/20,名古屋,晴,8,3歳6組,12,8,11,83.6,8.0,10,加藤誓二,55.0,ダ,1500.0,稍,101.5,2.0,11-10-11,40.7,421.0,5.0,ポッドソル,
2022102069,ローズドゥレッシュ,2025/04/22,名古屋,曇,2,3歳7組,12,8,11,22.5,6.0,4,大畑慧悟,55.0,ダ,1500.0,良,100.7,0.9,8-8-5,40.4,416.0,-4.0,サンマイメ,8.7
2022102069,ローズドゥレッシュ,2025/04/08,名古屋,曇,6,3歳3組,12,7,10,17.1,5.0,6,塚本征吾,55.0,ダ,1500.0,良,101.0,1.4,3-3-4,40.6,420.0,4.0,スパルタンワールド,
2022102069,ローズドゥレッシュ,2025/03/26,名古屋,晴,6,3歳4組,10,4,4,106.2,7.0,6,今井貴大,54.0,ダ,1500.0,稍,100.2,2.4,6-5-5,41.0,416.0,-4.0,ラガマフィンガール,
2022102069,ローズドゥレッシュ,2025/03/14,名古屋,晴,2,3歳6組,11,7,8,6.4,3.0,2,塚本征吾,54.0,ダ,1500.0,稍,99.3,1.0,6-4-3,41.2,420.0,-3.0,フミエ,18.9
2022102069,ローズドゥレッシュ,2025/02/26,名古屋,晴,2,3歳5組,12,5,5,116.5,11.0,7,塚本征吾,54.0,ダ,1500.0,良,99.5,0.7,10-12-11,39.6,423.0,3.0,エーオ,
2022102069,ローズドゥレッシュ,2025/02/11,名古屋,晴,2,3歳6組,11,7,8,224.7,11.0,2,大畑慧悟,54.0,ダ,1500.0,稍,100.4,0.2,10-11-7,41.4,420.0,-10.0,コパノデーヴィド,18.9
2022102069,ローズドゥレッシュ,2025/01/29,名古屋,晴,2,3歳5組,10,5,5,175.4,10.0,9,塚本征吾,54.0,ダ,1500.0,良,100.4,1.4,6-7-7,40.1,430.0,9.0,パープルルージュ,
2022102069,ローズドゥレッシュ,2025/01/17,名古屋,晴,1,3歳6組,10,2,2,70.1,10.0,5,塚本征吾,54.0,ダ,1500.0,良,101.4,1.4,5-5-4,40.9,421.0,-2.0,マルモリアクティブ,5.4
2022102069,ローズドゥレッシュ,2025/01/04,名古屋,晴,2,3歳4組,12,6,8,172.5,11.0,12,加藤聡一,54.0,ダ,1500.0,良,100.8,2.8,8-7-10,42.5,423.0,0.0,マウム,
2022102069,ローズドゥレッシュ,2024/12/23,名古屋,晴,2,2歳4組,11,1,1,69.2,10.0,10,加藤聡一,54.0,ダ,1500.0,良,100.6,2.5,11-11-11,40.9,423.0,-10.0,アラシヲヨブオトコ,
2022102069,ローズドゥレッシュ,2024/12/04,名古屋,晴,3,2歳3組,11,1,1,61.2,6.0,9,岡部誠,54.0,ダ,1500.0,良,101.3,2.1,1-4-8,41.5,433.0,0.0,カムイノウタゲ,
2022102069,ローズドゥレッシュ,2024/11/22,名古屋,曇,2,2歳3組,11,8,10,23.3,6.0,8,岡部誠,54.0,ダ,1500.0,良,100.8,2.6,4-4-5,41.9,433.0,-1.0,フクシマジンロッソ,
2022102069,ローズドゥレッシュ,2024/11/11,名古屋,晴,5,2歳2組,11,7,8,30.0,7.0,11,大畑慧悟,54.0,ダ,1500.0,良,101.7,2.4,8-8-11,41.8,434.0,-9.0,テルケンレンシャチ,
2022102069,ローズドゥレッシュ,2024/10/17,名古屋,晴,4,2歳2組,10,8,10,8.2,5.0,5,大畑慧悟,54.0,ダ,1500.0,良,99.1,1.6,8-6-6,40.2,443.0,-3.0,ミスレモン,6.5
2022102069,ローズドゥレッシュ,2024/10/03,名古屋,雨,3,2歳3組,11,8,11,3.9,3.0,2,加藤聡一,54.0,ダ,1500.0,重,99.0,0.4,8-5-4,40.7,446.0,3.0,テンシノキッス,22.8
2022102069,ローズドゥレッシュ,2024/09/19,名古屋,晴,1,2歳3組,8,5,5,18.1,5.0,3,加藤聡一,54.0,ダ,920.0,良,57.4,0.7,4,36.9,443.0,-5.0,トゥーナフォーティ,13.0
2022102069,ローズドゥレッシュ,2024/08/15,門別,晴,2,2歳牝馬未勝利(未勝利),11,6,6,194.8,10.0,10,小野楓馬,55.0,ダ,1000.0,稍,65.6,3.1,10-10,39.7,448.0,10.0,リトルレディ,
2022102069,ローズドゥレッシュ,2024/07/30,門別,晴,3,2歳牝馬未勝利(未勝利),12,3,3,224.6,10.0,10,阿岸潤一,53.0,ダ,1100.0,重,71.9,4.1,9-9,40.2,438.0,-4.0,ハッピータレイア,
2022102069,ローズドゥレッシュ,2024/07/18,門別,晴,4,しまれん賞(未勝利)(2歳),11,7,9,83.5,10.0,10,阿岸潤一,53.0,ダ,1000.0,良,65.4,3.0,11-11,38.4,442.0,-2.0,エイシンタヴェルナ,
2022102069,ローズドゥレッシュ,2024/07/03,門別,曇,5,JRA認定競走フレッ(新馬)(2歳),9,4,4,110.7,9.0,6,佐原秀泰,55.0,ダ,1100.0,稍,71.8,3.1,9-8,39.7,444.0,0.0,ファーマムーン,
2022102069,ローズドゥレッシュ,2024/05/28,門別,曇,5,JRA認定競走フレッ(新馬)(2歳),7,4,4,,,取,亀井洋司,55.0,ダ,1100.0,良,,,,,,,レルアバド,
2022101699,ドルチェルナ,2026/07/01,名古屋,小雨,7,天の川疾風戦(B),11,8,11,98.4,10.0,6,大原浩司,55.0,ダ,920.0,稍,56.6,2.0,8,36.8,455.0,-1.0,ゴールデンリング,
2022101699,ドルチェルナ,2026/06/17,名古屋,晴,6,B5組,11,1,1,119.5,9.0,6,丸野勝虎,55.0,ダ,1700.0,良,111.4,2.0,9-9-9,39.1,456.0,7.0,サラサラヘアー,
2022101699,ドルチェルナ,2026/06/03,名古屋,晴,8,B4組,12,8,12,115.3,10.0,7,大原浩司,55.0,ダ,1500.0,重,98.2,2.5,4-4-8,41.4,449.0,0.0,ボル,
2022101699,ドルチェルナ,2026/05/20,名古屋,曇,4,B4組,11,8,10,100.0,11.0,8,丹羽克輝,55.0,ダ,1500.0,良,98.1,1.8,9-8-10,39.4,449.0,6.0,シルクニードル,
2022101699,ドルチェルナ,2026/05/05,名古屋,晴,7,B5組,11,4,4,,,取,丹羽克輝,55.0,ダ,1500.0,稍,,,,,,,ケイアイカラキア,
2022101699,ドルチェルナ,2026/04/22,名古屋,曇,7,B4組,12,8,11,15.8,8.0,6,塚本征吾,55.0,ダ,1500.0,良,96.7,1.3,9-8-9,38.9,443.0,-2.0,イッツナッシング,
2022101699,ドルチェルナ,2026/04/08,名古屋,晴,8,B5組,11,2,2,69.5,10.0,9,丹羽克輝,55.0,ダ,1500.0,稍,98.6,2.4,4-6-8,40.8,445.0,5.0,ロードリレーション,
2022101699,ドルチェルナ,2026/03/23,名古屋,晴,10,桜双華(B),8,7,7,61.9,7.0,7,塚本征吾,55.0,ダ,1700.0,良,113.9,2.1,5-5-6,41.4,440.0,2.0,ライデンシャフト,
2022101699,ドルチェルナ,2026/02/27,名古屋,曇,9,B8組,10,4,4,1.6,1.0,1,塚本征吾,55.0,ダ,1700.0,重,112.5,-0.2,1-1-1,39.8,438.0,-1.0,(ペルソナ),65.0
2022101699,ドルチェルナ,2026/02/12,名古屋,晴,6,B8組,12,8,11,8.3,4.0,3,塚本征吾,55.0,ダ,1500.0,稍,98.7,1.0,5-4-6,39.8,439.0,-3.0,トーマステソーロ,13.0
2022101699,ドルチェルナ,2026/01/30,名古屋,曇,7,紅鶴梅賞(B),12,6,8,1.9,1.0,2,塚本征吾,55.0,ダ,1700.0,良,111.6,0.9,3-4-2,39.8,442.0,-1.0,オッフェンバック,22.8
2022101699,ドルチェルナ,2026/01/19,名古屋,晴,5,C4組,10,6,6,1.8,1.0,1,塚本征吾,55.0,ダ,1500.0,良,97.6,-0.3,3-2-2,39.3,443.0,8.0,(トータルダイヤ),55.0
2022101699,ドルチェルナ,2026/01/03,名古屋,曇,3,海音麻姫菜勉強ガンバ(C),12,2,2,14.0,6.0,3,丹羽克輝,55.0,ダ,1500.0,稍,97.4,1.7,5-5-3,40.1,435.0,-11.0,フローラビーナス,11.0
2022101699,ドルチェルナ,2025/12/24,名古屋,小雨,8,愛知県畜産特別(C),11,8,11,20.6,5.0,7,大原浩司,55.0,ダ,1500.0,不,96.6,2.1,8-6-6,40.7,446.0,11.0,サラサラヘアー,
2022101699,ドルチェルナ,2025/11/21,名古屋,晴,7,C10組,12,5,6,2.2,2.0,1,塚本征吾,55.0,ダ,1400.0,良,91.4,-0.1,6-6-5,38.4,435.0,-6.0,(イザベルソレイユ),55.0
2022101699,ドルチェルナ,2025/11/13,名古屋,曇,9,王滝渓谷特別(C),10,3,3,38.0,7.0,8,丹羽克輝,55.0,ダ,1500.0,稍,97.7,2.0,7-8-6,40.6,441.0,-11.0,プリティパール,
2022101699,ドルチェルナ,2025/10/29,名古屋,晴,5,C18組,12,2,2,1.9,1.0,1,塚本征吾,55.0,ダ,1500.0,良,98.0,-0.3,6-6-6,39.4,452.0,5.0,(レイナティア),55.0
2022101699,ドルチェルナ,2025/10/15,名古屋,晴,3,C19組,10,7,9,2.1,1.0,2,塚本征吾,55.0,ダ,1400.0,重,89.4,0.0,5-4-3,38.6,447.0,2.0,センビトウリョウ,19.3
2022101699,ドルチェルナ,2025/10/02,名古屋,晴,4,3歳13組,12,5,6,14.9,6.0,2,塚本征吾,55.0,ダ,1500.0,良,97.5,0.1,7-6-4,40.3,445.0,-3.0,ノボリユーミン,19.3
2022101699,ドルチェルナ,2025/08/17,1札幌8,雨,3,3歳未勝利,15,8,15,24.3,7.0,13,佐々木大,55.0,芝,2000.0,良,124.7,2.3,6-6-6-11,38.6,448.0,0.0,ヒルノレーダン,
2022101699,ドルチェルナ,2025/07/20,2福島8,晴,6,3歳未勝利,14,5,8,34.8,10.0,5,大野拓弥,55.0,芝,1800.0,良,111.2,0.9,8-9-7-8,35.9,448.0,6.0,ウインベアトリス,56.0
2022101699,ドルチェルナ,2025/05/25,2東京10,曇,5,3歳未勝利,17,3,5,29.0,6.0,10,大野拓弥,55.0,芝,1800.0,稍,109.5,1.0,10-9-9,34.7,442.0,-2.0,コア,
2022101699,ドルチェルナ,2025/04/26,1福島5,晴,5,3歳未勝利,16,5,10,36.2,8.0,6,斎藤新,55.0,芝,1800.0,良,108.1,0.6,12-12-12-12,35.2,444.0,-18.0,ウインリベラシオン,
2022101699,ドルチェルナ,2024/10/06,4東京2,曇,4,2歳新馬,14,2,2,20.1,7.0,7,佐々木大,55.0,芝,1600.0,良,97.9,0.8,6-6,33.8,462.0,0.0,スマッシュアウト,
2020100618,ラブバイオレット,2026/07/17,名古屋,晴,8,来週から開催!第2回(B),12,8,11,5.3,2.0,7,小笠原羚,52.0,ダ,1500.0,良,98.0,0.9,10-9-8,39.4,443.0,-12.0,サトノスフィア,
2020100618,ラブバイオレット,2026/07/03,名古屋,晴,10,渥美半島特別(C),12,5,5,15.0,3.0,3,丹羽克輝,55.0,ダ,1500.0,稍,96.0,0.8,5-5-5,39.1,455.0,-4.0,ブルースバローズ,17.0
2020100618,ラブバイオレット,2026/06/19,名古屋,晴,12,金シャチ最終戦(C),12,1,1,17.9,5.0,1,丹羽克輝,55.0,ダ,1500.0,良,95.8,-0.4,4-2-1,38.8,459.0,-4.0,(リトルガールブルー),57.0
2020100618,ラブバイオレット,2026/05/22,名古屋,曇,7,C6組,11,2,2,21.2,6.0,7,近藤颯羽,52.0,ダ,1500.0,重,99.3,1.3,6-9-7,40.1,463.0,3.0,テーオーリップマン,
2020100618,ラブバイオレット,2026/05/07,名古屋,晴,6,C8組,11,8,11,3.8,3.0,4,近藤颯羽,52.0,ダ,1500.0,良,98.9,0.8,5-4-3,39.8,460.0,-3.0,カゼノヨウニ,8.6
2020100618,ラブバイオレット,2026/04/10,名古屋,雨,1,C12組,11,7,8,7.8,4.0,2,丹羽克輝,55.0,ダ,1500.0,不,97.2,0.1,5-4-1,40.5,463.0,-5.0,エクメノポリス,20.0
2020100618,ラブバイオレット,2026/03/27,名古屋,晴,4,晃暉君珠奈さんご結婚(C),12,1,1,51.3,7.0,7,大畑雅章,55.0,ダ,1500.0,重,99.0,2.7,5-7-7,41.0,468.0,2.0,カンタカナリート,
2020100618,ラブバイオレット,2026/03/13,名古屋,曇,3,C5組,10,2,2,13.1,4.0,5,大畑雅章,55.0,ダ,1500.0,良,98.0,0.6,5-5-5,40.5,466.0,14.0,ランドオブファイア,5.5
2020100618,ラブバイオレット,2025/09/17,名古屋,曇,6,YJSトライアルラウ(B),12,6,7,24.0,8.0,10,河原田菜,55.0,ダ,1500.0,良,99.6,1.8,9-8-10,42.0,452.0,-4.0,ハクサンフラッシュ,
2020100618,ラブバイオレット,2025/09/03,名古屋,晴,8,B4組,12,6,7,58.8,9.0,4,丹羽克輝,55.0,ダ,1400.0,良,91.3,0.8,4-2-3,39.8,456.0,1.0,エグザルテーション,9.8
2020100618,ラブバイオレット,2025/07/23,名古屋,晴,9,B5組,11,1,1,35.2,6.0,6,丹羽克輝,55.0,ダ,1700.0,良,111.4,0.9,8-7-7,38.8,455.0,-8.0,トゥラムプラッツ,
2020100618,ラブバイオレット,2025/07/07,名古屋,晴,9,B5組,11,5,5,12.1,7.0,6,丹羽克輝,55.0,ダ,1700.0,良,111.7,1.2,7-8-6,40.5,463.0,5.0,ミソ,
2020100618,ラブバイオレット,2025/06/24,名古屋,小雨,9,アクベンス特別(B),11,5,5,109.9,9.0,3,筒井勇介,55.0,ダ,1700.0,不,110.5,0.6,8-8-5,38.5,458.0,-9.0,アンセムバローズ,17.0
2020100618,ラブバイオレット,2025/06/03,名古屋,曇,12,ポルックス特別(B),12,1,1,118.3,12.0,12,山田祥雄,55.0,ダ,1700.0,不,114.5,4.1,11-12-12,39.6,467.0,4.0,レアリーゼ,
2020100618,ラブバイオレット,2025/05/20,名古屋,晴,12,アルデバラン特別(B),12,6,8,70.1,10.0,10,丸野勝虎,55.0,ダ,1400.0,稍,92.1,1.7,10-9-9,39.4,463.0,-12.0,トーホウランボ,
2020100618,ラブバイオレット,2025/05/06,名古屋,曇,12,ちまき賞(B),12,7,10,193.2,11.0,5,丹羽克輝,55.0,ダ,1700.0,不,112.7,1.4,11-11-7,40.0,475.0,1.0,コヴィーニャ,6.5
2020100618,ラブバイオレット,2025/04/22,名古屋,小雨,12,B3組,12,6,8,92.8,9.0,9,小笠原羚,51.0,ダ,1500.0,良,100.7,3.4,10-10-11,42.0,474.0,3.0,ボールドライ,
2020100618,ラブバイオレット,2025/04/08,名古屋,曇,9,ハマル特別(B),12,8,12,83.6,10.0,10,服部茂史,55.0,ダ,1700.0,良,115.7,3.3,12-12-11,41.4,471.0,-2.0,カナラクリーク,
2020100618,ラブバイオレット,2025/03/27,名古屋,曇,11,春疾風特別(A),12,8,11,254.2,11.0,10,大畑雅章,54.0,ダ,1400.0,稍,92.4,3.4,10-8-11,40.1,473.0,-2.0,ハクサンミニョン,
2020100618,ラブバイオレット,2025/03/14,名古屋,晴,10,ホワイトチョコレート(A),12,1,1,210.9,12.0,11,大畑雅章,54.0,ダ,1700.0,稍,113.7,3.1,11-11-12,41.5,475.0,0.0,シトロンヴェール,
2020100618,ラブバイオレット,2025/02/26,名古屋,晴,11,余寒特別(A),12,3,3,33.4,8.0,3,岡部誠,54.0,ダ,1700.0,良,112.2,1.1,10-10-7,38.7,475.0,5.0,アナンクス,18.0
2020100618,ラブバイオレット,2025/02/11,名古屋,晴,12,ショコラ特別(A),10,7,8,30.9,7.0,8,岡部誠,54.0,ダ,1400.0,稍,91.7,0.8,10-10-9,39.1,470.0,-8.0,リストン,
2020100618,ラブバイオレット,2025/01/28,名古屋,晴,12,かまくら特別(A),10,7,7,22.2,7.0,10,山田祥雄,54.0,ダ,1500.0,良,98.3,1.4,10-10-10,38.8,478.0,0.0,リンクスターツ,
2020100618,ラブバイオレット,2025/01/03,名古屋,晴,10,巳年特別(A),8,5,5,7.0,4.0,5,岡部誠,54.0,ダ,1700.0,良,111.4,1.2,6-6-6,39.0,478.0,3.0,タイクーンバゴ,9.0
2020100618,ラブバイオレット,2024/12/20,名古屋,晴,12,柚子湯特別(A),11,7,9,13.5,5.0,8,塚本征吾,54.0,ダ,1700.0,良,112.4,0.9,11-11-10,38.0,475.0,0.0,ハングリーゴースト,
2020100618,ラブバイオレット,2024/12/04,名古屋,晴,11,オーロラ特別(A),12,3,3,38.1,8.0,1,岡部誠,54.0,ダ,1500.0,良,96.9,-0.5,8-7-5,39.4,475.0,1.0,(ハナキリ),90.0
2020100618,ラブバイオレット,2024/10/30,門別,晴,9,ネリネ特別(C2),12,4,4,332.8,12.0,10,金山昇馬,55.0,ダ,1200.0,良,76.2,1.2,7-8,37.8,474.0,-2.0,モノノフゴールド,
2020100618,ラブバイオレット,2024/10/17,門別,晴,9,サフラン特別(C2),12,4,4,204.4,11.0,7,金山昇馬,55.0,ダ,1000.0,稍,62.4,0.7,12-12,36.6,476.0,20.0,オソレ,
2020100618,ラブバイオレット,2024/07/23,門別,曇,10,トケイソウ特別(C1),7,1,1,,,取,藤田凌駕,52.0,ダ,1200.0,良,,,,,,,サンノーブル,
2020100618,ラブバイオレット,2024/07/09,門別,曇,10,ツキミソウ特別(C1),12,8,12,232.6,11.0,12,阪野学,55.0,ダ,1200.0,稍,78.1,4.2,12-12,39.0,456.0,-2.0,ブレイヴァリーボス,
2020100618,ラブバイオレット,2024/06/27,門別,曇,10,クチナシ特別(C1),7,2,2,61.8,6.0,6,佐原秀泰,55.0,ダ,1700.0,良,114.5,3.0,4-5-5-5,41.7,458.0,4.0,ダグフォース,
2020100618,ラブバイオレット,2024/05/30,門別,曇,9,ユキノシタ特別(B4),9,4,4,131.0,7.0,8,岩橋勇二,55.0,ダ,1800.0,良,121.6,3.9,6-6-7-7,42.4,454.0,0.0,グレートフリオーソ,
2020100618,ラブバイオレット,2024/05/15,門別,晴,8,ニリンソウ特別(C1),12,7,9,198.4,12.0,9,亀井洋司,55.0,ダ,1200.0,良,75.9,1.6,10-10,37.8,454.0,2.0,イリュージョン,
2020100618,ラブバイオレット,2024/05/02,門別,晴,10,Ribbonナポリン(C1),12,1,1,196.0,12.0,10,亀井洋司,55.0,ダ,1200.0,良,76.3,1.7,11-12,38.9,452.0,4.0,スズロビンソン,
2020100618,ラブバイオレット,2024/04/24,門別,曇,9,ナデシコ特別(A2),12,2,2,161.7,12.0,11,黒澤愛斗,53.0,ダ,1200.0,良,76.2,2.5,11-11,38.1,448.0,-7.0,ブリックロード,
2020100618,ラブバイオレット,2024/03/19,園田,曇,5,C3,12,7,9,226.1,10.0,4,石堂響,54.0,ダ,820.0,良,52.3,0.8,9-8,37.3,455.0,-1.0,メイショウコウラン,8.4
2020100618,ラブバイオレット,2024/02/22,姫路,曇,6,C3二,8,5,5,25.3,7.0,5,杉浦健太,54.0,ダ,800.0,重,51.9,0.8,3-3,37.9,456.0,-5.0,エコロゴールド,5.6
2020100618,ラブバイオレット,2024/02/08,姫路,曇,5,C3,12,1,1,47.7,7.0,12,杉浦健太,54.0,ダ,800.0,稍,53.0,2.4,11-11,38.9,461.0,6.0,クーシェル,
2020100618,ラブバイオレット,2024/01/18,姫路,雨,7,C2二,11,6,7,63.2,8.0,10,渡瀬和幸,54.0,ダ,800.0,良,52.6,1.8,11-11,38.2,455.0,-3.0,リュウノヒナコ,
2020100618,ラブバイオレット,2023/12/29,園田,曇,8,C2二,12,4,4,18.9,4.0,12,石堂響,54.0,ダ,820.0,良,52.7,1.8,12-11,37.7,458.0,8.0,ヘイスト,
2020100618,ラブバイオレット,2023/12/01,園田,晴,12,シンビジウム賞C2C(C2C3),9,8,10,,,除,渡瀬和幸,55.0,ダ,820.0,良,,,,,,,センテッドジュエル,
2020100618,ラブバイオレット,2023/11/15,園田,晴,8,C2二,10,6,6,21.5,5.0,7,渡瀬和幸,54.0,ダ,820.0,稍,52.2,1.2,6-6,37.6,450.0,0.0,カンナリリー,
2020100618,ラブバイオレット,2023/11/01,園田,晴,5,C3一,10,3,3,9.3,5.0,1,渡瀬和幸,54.0,ダ,820.0,良,51.1,-0.1,5-3,36.5,450.0,0.0,(ヘイスト),56.0
2020100618,ラブバイオレット,2023/10/20,園田,曇,6,C3一,9,5,5,2.4,1.0,7,渡瀬和幸,54.0,ダ,820.0,稍,52.7,1.1,9-9,37.2,450.0,11.0,オルディネール,
2020100618,ラブバイオレット,2023/09/27,園田,晴,6,C3,12,7,9,10.5,5.0,2,杉浦健太,54.0,ダ,820.0,良,51.2,0.9,4-4,36.7,439.0,2.0,クーシェル,22.4
2020100618,ラブバイオレット,2023/09/08,園田,曇,11,第16回そのだライオ(C2),12,2,2,112.2,10.0,6,石堂響,54.0,ダ,820.0,稍,51.7,0.6,10-9,36.8,437.0,-1.0,リュヌダムール,
2020100618,ラブバイオレット,2023/08/17,園田,曇,12,C2,11,6,6,190.5,11.0,11,渡瀬和幸,54.0,ダ,1700.0,重,121.8,5.2,6-6-9-11,46.5,438.0,2.0,オオエキントキ,
2020100618,ラブバイオレット,2023/08/02,園田,晴,8,C2二,10,1,1,183.5,10.0,7,渡瀬和幸,54.0,ダ,1400.0,良,94.9,2.6,5-5-6-6,41.8,436.0,5.0,リンガー,
2020100618,ラブバイオレット,2023/07/12,園田,曇,7,C2二,12,6,7,102.7,10.0,8,渡瀬和幸,54.0,ダ,1400.0,良,95.0,3.2,11-11-11-10,40.7,431.0,-1.0,エランフェーヴル,
2020100618,ラブバイオレット,2023/06/28,園田,雨,9,3歳C1,12,7,10,48.6,9.0,9,渡瀬和幸,54.0,ダ,1400.0,良,95.4,4.2,5-5-7-7,43.9,432.0,-4.0,エイジアンスター,
2020100618,ラブバイオレット,2023/06/15,園田,曇,5,3歳C1一,9,5,5,,,取,渡瀬和幸,54.0,ダ,1400.0,稍,,,,,,,テイケイヴォーグ,
2020100618,ラブバイオレット,2023/05/25,園田,曇,6,3歳C1,11,6,8,37.4,7.0,3,渡瀬和幸,54.0,ダ,1400.0,良,93.6,1.2,4-4-1-1,41.3,436.0,4.0,マイネルアラウダ,20.0
2020100618,ラブバイオレット,2023/05/04,園田,晴,5,3歳C1二,9,6,6,15.9,4.0,5,渡瀬和幸,54.0,ダ,1400.0,良,94.2,1.2,5-5-5-5,41.3,432.0,-5.0,スタングレネード,8.0
2020100618,ラブバイオレット,2023/04/06,川崎,晴,6,頬白特別(3歳),14,8,13,144.4,11.0,12,伊藤裕人,54.0,ダ,1600.0,良,110.4,4.0,8-8-9-12,44.3,437.0,-9.0,ヘルシェイク,
2020100618,ラブバイオレット,2023/03/01,川崎,晴,6,連翹特別(3歳),14,4,6,16.2,8.0,14,野畑凌,53.0,ダ,1500.0,良,101.2,2.0,7-8-9-11,42.5,446.0,7.0,ラーテル,
2020100618,ラブバイオレット,2023/01/30,川崎,晴,3,オラージュ特別(3歳),11,7,8,6.6,4.0,1,町田直希,54.0,ダ,1400.0,良,94.0,-0.3,6-4-4-3,41.3,439.0,-3.0,(ポッドゲイン),180.0
2020100618,ラブバイオレット,2023/01/02,川崎,晴,4,だるま落とし賞(3歳),14,3,4,30.1,7.0,6,町田直希,54.0,ダ,1500.0,良,100.4,1.5,11-10-8-6,41.8,442.0,3.0,モトサン,
2020100618,ラブバイオレット,2022/11/28,水沢,晴,11,太夫黒特別(2歳),9,4,4,18.2,4.0,3,岩本怜,54.0,ダ,1600.0,稍,104.2,0.6,2-2-2-1,39.8,439.0,-1.0,ケープライト,40.0
2020100618,ラブバイオレット,2022/11/14,盛岡,晴,6,フューチャーステップ(2歳),10,4,4,46.4,9.0,5,坂口裕一,54.0,ダ,1600.0,良,103.0,1.1,5-5,39.8,440.0,2.0,アサップ,12.5
2020100618,ラブバイオレット,2022/10/31,盛岡,晴,7,2歳B2,8,7,7,16.4,6.0,6,木村暁,54.0,ダ,1400.0,良,89.6,0.6,4-4,38.8,438.0,2.0,エイシンメテオラ,
2020100618,ラブバイオレット,2022/10/16,盛岡,曇,4,フューチャーステップ(2歳),10,7,8,39.0,10.0,7,坂口裕一,54.0,芝,1600.0,稍,101.1,1.2,9-8-8-10,37.9,436.0,4.0,ペルトラン,
2020100618,ラブバイオレット,2022/09/19,盛岡,曇,4,フューチャーステップ(2歳),9,8,8,4.6,3.0,7,村上忍,54.0,ダ,1400.0,良,89.8,3.2,3-4,40.5,432.0,-5.0,ユウユウレラシオン,
2020100618,ラブバイオレット,2022/08/28,盛岡,曇,3,ファーストステップ2(新馬)(2歳),7,7,7,1.9,1.0,1,村上忍,54.0,ダ,1000.0,不,60.1,-0.3,2-2,35.2,437.0,0.0,(リケアミネオラ),150.0
2022103401,カスミヅキ,2026/07/03,名古屋,晴,6,邨松名古屋でも頑張れ(B),12,8,11,23.4,8.0,5,大畑雅章,57.0,ダ,1500.0,稍,96.8,0.6,3-2-4,40.1,471.0,-6.0,ウィッティングハム,7.0
2022103401,カスミヅキ,2026/06/22,名古屋,曇,6,ちひろとはると付き合(B),10,8,10,5.7,3.0,5,大畑雅章,57.0,ダ,1500.0,稍,97.9,1.0,3-2-3,40.4,477.0,3.0,タマモルピナス,7.0
2022103401,カスミヅキ,2026/06/05,名古屋,曇,6,君枝&翔結婚12周年(B),12,4,4,19.6,5.0,6,渡辺竜也,57.0,ダ,1400.0,稍,91.1,0.8,1-1-2,39.4,474.0,-2.0,テーオーリップマン,
2022103401,カスミヅキ,2026/05/25,名古屋,晴,12,碧南特別(C),11,6,6,5.2,2.0,3,渡辺竜也,57.0,ダ,1700.0,良,112.2,0.4,4-1-2,39.8,476.0,-1.0,ワカギミ,17.0
2022103401,カスミヅキ,2026/05/08,名古屋,曇,4,C3組,10,8,9,4.8,3.0,3,渡辺竜也,57.0,ダ,1500.0,稍,97.8,0.7,3-3-3,40.1,477.0,4.0,ニホンピロケイ,11.4
2022103401,カスミヅキ,2026/04/24,名古屋,曇,5,C4組,11,4,4,6.0,3.0,4,渡辺竜也,57.0,ダ,1500.0,重,97.5,1.0,4-5-5,39.1,473.0,2.0,アットザホップ,8.6
2022103401,カスミヅキ,2026/04/13,名古屋,曇,3,C7組,10,8,10,7.6,4.0,2,渡辺竜也,57.0,ダ,1400.0,良,90.9,0.2,2-2-1,39.5,471.0,3.0,フクノジョヴァンニ,20.0
2022103401,カスミヅキ,2026/03/27,名古屋,晴,6,B10組,9,4,4,73.5,7.0,6,渡辺竜也,57.0,ダ,1500.0,重,98.4,2.0,5-5-4,41.0,468.0,10.0,グールマン,
2022103401,カスミヅキ,2026/03/13,名古屋,曇,12,B10組,10,1,1,78.2,7.0,9,大原浩司,57.0,ダ,1500.0,良,98.2,1.6,9-10-9,38.5,458.0,-12.0,アフロプリンス,
2022103401,カスミヅキ,2026/02/19,大井,晴,2,C3二三,13,3,4,91.1,11.0,13,新原周馬,56.0,ダ,1600.0,良,107.9,2.6,12-12-13-13,42.0,470.0,-2.0,ゴールデンオージャ,
2022103401,カスミヅキ,2026/01/29,大井,晴,2,C3一二三(C3二),14,4,5,60.3,12.0,12,新原周馬,56.0,ダ,1600.0,良,105.9,1.3,8-6-5-5,41.0,472.0,-5.0,ナンセイスコピオン,
2022103401,カスミヅキ,2025/12/10,名古屋,晴,4,C4組,11,1,1,47.2,5.0,4,大畑雅章,57.0,ダ,1500.0,良,98.7,1.8,5-5-4,41.6,477.0,-4.0,ロングトーン,8.3
2022103401,カスミヅキ,2025/11/26,名古屋,晴,5,C4組,12,1,1,8.2,3.0,3,丸野勝虎,57.0,ダ,1400.0,良,92.1,1.0,9-7-4,39.3,481.0,-9.0,アールオブケント,11.0
2022103401,カスミヅキ,2025/11/13,名古屋,曇,9,王滝渓谷特別(C),10,6,6,81.2,9.0,10,丸野勝虎,57.0,ダ,1500.0,稍,98.5,2.8,6-6-8,41.7,490.0,5.0,プリティパール,
2022103401,カスミヅキ,2025/10/30,名古屋,晴,5,C10組,12,7,9,10.0,4.0,1,丸野勝虎,57.0,ダ,1400.0,良,91.4,0.0,7-5-4,38.2,485.0,-2.0,(ファーマムーン),55.0
2022103401,カスミヅキ,2025/10/16,名古屋,雨,5,さくらってぃ誕生日お(C),12,7,9,4.8,2.0,2,丸野勝虎,57.0,ダ,1500.0,不,97.6,0.6,4-4-4,40.2,487.0,8.0,ブルーユンチェリー,19.3
2022103401,カスミヅキ,2025/10/01,名古屋,晴,4,尾崎章生本日誕生日(3歳),12,1,1,58.2,7.0,3,丸野勝虎,57.0,ダ,1500.0,良,97.7,1.6,8-6-5,39.7,479.0,3.0,ウィットビーアビー,11.0
2022103401,カスミヅキ,2025/09/02,名古屋,晴,6,3歳4組,12,1,1,50.3,6.0,4,丸野勝虎,57.0,ダ,1500.0,良,98.5,0.6,8-6-3,40.0,476.0,-9.0,バレアリックシー,8.3
2022103401,カスミヅキ,2025/08/20,名古屋,晴,2,名古屋モーニングフィ(3歳),11,5,5,17.8,5.0,10,丸野勝虎,57.0,ダ,1500.0,良,99.5,2.2,5-5-6,40.8,485.0,15.0,キタノボンボヤージ,
2022103401,カスミヅキ,2025/07/21,名古屋,晴,3,父72歳ハッピーバー(3歳),11,6,7,4.5,4.0,6,丸野勝虎,57.0,ダ,1500.0,良,98.0,2.3,7-7-7,39.1,470.0,3.0,ピラニアキッス,
2022103401,カスミヅキ,2025/07/07,名古屋,晴,5,3歳7組,11,6,6,1.7,1.0,3,丸野勝虎,57.0,ダ,1400.0,良,91.4,0.1,2-2-2,38.8,467.0,0.0,ボンボニエーレ,11.0
2022103401,カスミヅキ,2025/06/26,名古屋,曇,3,3歳9組,12,3,3,10.1,4.0,1,丸野勝虎,57.0,ダ,1500.0,不,96.1,-0.4,4-3-1,40.0,467.0,4.0,(クルールローザンヌ),58.0
2022103401,カスミヅキ,2025/06/16,名古屋,晴,1,3歳10組,10,6,6,18.5,5.0,3,丸野勝虎,57.0,ダ,1500.0,重,98.0,0.8,7-7-7,39.6,463.0,1.0,ロングトーン,11.6
2022103401,カスミヅキ,2025/05/08,船橋,晴,6,ナイスサドル特別(3歳未格),10,1,1,86.5,7.0,7,石神深道,53.0,ダ,1600.0,稍,106.5,3.6,6-6-8-9,42.0,462.0,20.0,ブレイジングスター,
2022103401,カスミヅキ,2025/04/05,3中山3,晴,2,3歳未勝利,16,7,14,456.6,15.0,14,柴田大知,57.0,ダ,1200.0,重,74.1,2.6,11-12,38.4,442.0,0.0,エリカマユーリ,
2022103401,カスミヅキ,2025/01/13,1中山5,晴,2,3歳未勝利,16,8,16,313.8,14.0,15,石神深道,54.0,ダ,1800.0,良,122.9,5.7,5-5-8-14,45.7,442.0,0.0,ジェシーテソーロ,
2022103401,カスミヅキ,2024/12/08,4中京4,晴,2,2歳未勝利,16,3,6,306.7,15.0,12,石神深道,53.0,ダ,1800.0,良,120.8,4.9,12-13-13-12,43.4,442.0,-2.0,タイセイレグノ,
2022103401,カスミヅキ,2024/11/24,5東京8,晴,6,2歳新馬,13,4,4,283.3,12.0,13,石神深道,53.0,芝,1800.0,良,111.9,3.9,12-11-12,37.0,444.0,0.0,ジュタ,
2022105393,タッチザシーリング,2026/07/14,金沢,晴,8,C25,10,6,6,34.5,6.0,2.0,松戸政也,55.0,ダ,1500.0,良,101.6,1.4,4-4-2-2,41.1,444.0,0.0,インヴァリアンス,14.6
2022105393,タッチザシーリング,2026/06/28,金沢,曇,1,小川雅士さんお誕生日(C2),9,8,9,62.3,7.0,7.0,沖静男,55.0,ダ,1400.0,重,96.0,2.7,4-5-5-5,41.4,444.0,-1.0,ファーストフラワー,
2022105393,タッチザシーリング,2026/06/14,金沢,曇,8,幻のいちじく黒蜜姫杯(C2),10,6,6,13.3,6.0,8.0,沖静男,55.0,ダ,1400.0,良,95.4,2.5,3-3-3-3,42.5,445.0,-1.0,プレストバローズ,
2022105393,タッチザシーリング,2026/05/31,金沢,曇,1,来週は百万石祭にいき(C2),10,8,10,7.2,3.0,4.0,沖静男,55.0,ダ,1500.0,良,102.0,1.0,5-5-5-3,42.0,446.0,-1.0,ルルーディ,5.5
2022105393,タッチザシーリング,2026/05/17,金沢,晴,4,久保&ゆりぽん結婚バ(C2),9,8,8,8.3,4.0,7.0,沖静男,55.0,ダ,1400.0,良,96.0,1.7,2-3-4-7,42.1,447.0,3.0,カフジウヴァ,
2022105393,タッチザシーリング,2026/05/03,金沢,曇,3,えまちゃんが平井にな(C2),8,3,3,8.4,3.0,2.0,沖静男,55.0,ダ,1500.0,稍,103.7,1.6,3-3-3-4,42.0,444.0,3.0,イサムダイヤモンド,14.6
2022105393,タッチザシーリング,2026/04/21,金沢,晴,3,☆ホットスタッフ竹内(C2),10,8,9,10.3,4.0,6.0,沖静男,55.0,ダ,1400.0,重,96.6,1.6,1-1-1-2,42.3,441.0,0.0,リアンジュ,
2022105393,タッチザシーリング,2026/04/10,金沢,曇,8,にゃりステ記念(C2),9,1,1,28.8,4.0,3.0,沖静男,55.0,ダ,1400.0,不,96.4,1.3,1-1-1-1,42.7,441.0,-4.0,プライムライン,7.7
2022105393,タッチザシーリング,2026/03/27,金沢,晴,1,C111,8,6,6,44.8,5.0,3.0,沖静男,55.0,ダ,1500.0,稍,103.6,2.1,5-4-3-3,42.0,445.0,-9.0,ミンナデガンバル,8.1
2022105393,タッチザシーリング,2026/03/12,金沢,晴,6,佛淵ももか卒業記念杯(C1),7,7,7,5.1,2.0,6.0,沖静男,55.0,ダ,1400.0,稍,97.3,2.3,2-3-3-5,43.5,454.0,23.0,ランドシュール,
2022105393,タッチザシーリング,2025/12/26,金沢,雪,8,ポイントでネット投票(C2),0,7,9,,,,沖静男,55.0,ダ,1400.0,不,,,,,,,,
2022105393,タッチザシーリング,2025/12/19,金沢,晴,1,C111,10,6,6,1.2,1.0,3.0,沖静男,55.0,ダ,1500.0,重,97.5,0.3,2-2-3-2,39.1,431.0,-6.0,ワンダフルガイ,7.2
2022105393,タッチザシーリング,2025/12/08,金沢,雨,10,金沢競馬C1プレミア,9,1,1,168.1,9.0,5.0,沖静男,55.0,ダ,1500.0,重,97.5,1.8,3-3-4-3,40.9,437.0,0.0,ハクサンリバーブ,5.2
2022105393,タッチザシーリング,2025/11/23,金沢,晴,2,C117,8,2,2,1.3,1.0,1.0,沖静男,55.0,ダ,1500.0,重,97.8,-0.3,2-2-2-2,39.9,437.0,-5.0,(ブルーメリー),45.0
2022105393,タッチザシーリング,2025/11/04,金沢,晴,6,C22特別編成(C2特別),10,1,1,136.2,9.0,4.0,沖静男,55.0,ダ,1500.0,重,96.9,2.5,7-7-5-5,39.9,442.0,5.0,スカイリスト,5.1
2022105393,タッチザシーリング,2025/10/21,金沢,曇,3,C28,7,1,1,2.8,2.0,1.0,沖静男,55.0,ダ,1500.0,良,98.3,-0.5,3-3-3-3,39.5,437.0,-7.0,(ゴールドラブリー),43.0
2022105393,タッチザシーリング,2025/10/07,金沢,曇,8,C211,8,2,2,2.7,1.0,3.0,兼子千央,55.0,ダ,1500.0,良,98.0,1.0,4-4-4-4,39.1,444.0,5.0,ジーナアクトレス,6.8
2022105393,タッチザシーリング,2025/09/20,金沢,曇,5,C213,9,5,5,17.9,7.0,2.0,兼子千央,55.0,ダ,1500.0,良,97.4,0.1,7-7-6-5,39.7,439.0,13.0,スナドケイ,13.7
2022105393,タッチザシーリング,2025/08/23,3新潟1,晴,3,3歳未勝利,18,8,16,161.7,14.0,15.0,今村聖奈,53.0,芝,1600.0,良,96.4,1.7,1-1,35.7,426.0,-4.0,ミッキーソルジャー,
2022105393,タッチザシーリング,2025/06/28,2福島1,晴,8,3歳未勝利,16,3,5,34.5,9.0,11.0,石田拓郎,52.0,芝,1200.0,良,70.4,1.5,6-7,36.9,430.0,-2.0,バシレイア,
2022105393,タッチザシーリング,2025/04/19,3中山7,晴,5,3歳未勝利,16,6,12,260.9,13.0,11.0,野中悠太,55.0,芝,1600.0,良,94.5,2.5,3-4-5,36.4,432.0,2.0,リバーバレイト,
2022105393,タッチザシーリング,2025/03/23,2中山8,晴,2,3歳未勝利,16,5,10,74.6,10.0,15.0,佐々木大,55.0,ダ,1200.0,稍,75.6,3.6,5-7,41.0,430.0,4.0,サマースイートピー,
2022105393,タッチザシーリング,2025/02/02,1小倉4,曇,2,3歳未勝利,16,5,10,58.0,12.0,11.0,佐々木大,55.0,芝,1200.0,重,71.6,1.6,6-5,36.5,426.0,-4.0,ベイビーキッス,
2022105393,タッチザシーリング,2024/11/24,5東京8,晴,4,2歳未勝利,12,8,11,23.0,5.0,10.0,ビュイッ,55.0,芝,2000.0,良,125.6,3.9,1-1-2,37.7,430.0,4.0,ウィクトルウェルス,
2022105393,タッチザシーリング,2024/11/10,5東京4,曇,5,2歳新馬,10,8,10,2.7,2.0,5.0,佐々木大,55.0,芝,1600.0,良,97.2,1.4,5-5,34.9,426.0,0.0,ティラトーレ,72.0
2021102918,トータルダイヤ,2026/07/17,名古屋,晴,7,B9組,12,6,8,23.8,8.0,12,大畑雅章,57.0,ダ,1500.0,良,100.8,3.5,4-5-8,43.2,480.0,-10.0,クインズモンブラン,
2021102918,トータルダイヤ,2026/05/06,名古屋,曇,5,B8組,11,8,11,36.5,7.0,5,山田祥雄,57.0,ダ,1700.0,稍,113.2,2.1,3-5-4,42.0,490.0,-1.0,ステラビアンカ,7.0
2021102918,トータルダイヤ,2026/04/23,名古屋,雨,8,B7組,12,5,5,53.5,10.0,4,丹羽克輝,57.0,ダ,1500.0,不,95.7,1.8,5-5-4,39.6,491.0,1.0,デスティニーホープ,10.5
2021102918,トータルダイヤ,2026/04/09,名古屋,曇,5,B8組,11,7,9,94.3,10.0,9,山田祥雄,57.0,ダ,1400.0,稍,91.9,1.7,9-11-10,39.9,490.0,-5.0,アルカラス,
2021102918,トータルダイヤ,2026/03/25,名古屋,雨,5,B8組,11,8,10,9.6,3.0,4,山田祥雄,57.0,ダ,1400.0,重,90.9,1.3,3-3-5,39.6,495.0,-3.0,マンノデュエット,9.8
2021102918,トータルダイヤ,2026/03/12,名古屋,晴,7,荒子運河橋賞(B),10,1,1,10.5,5.0,4,丹羽克輝,57.0,ダ,1500.0,良,96.9,1.0,1-1-3,39.1,498.0,-3.0,アンセムバローズ,9.8
2021102918,トータルダイヤ,2026/03/02,名古屋,曇,12,いがまんじゅう賞(B),11,7,9,3.7,2.0,4,山田祥雄,57.0,ダ,1500.0,良,97.7,0.6,3-3-2,39.5,501.0,-4.0,テレヴァカ,9.8
2021102918,トータルダイヤ,2026/02/13,名古屋,晴,7,本命チョコは甘くて苦(B),11,3,3,42.2,5.0,2,望月洵輝,57.0,ダ,1500.0,稍,97.1,0.3,2-2-3,39.8,505.0,2.0,ヴァーナリー,22.8
2021102918,トータルダイヤ,2026/01/30,名古屋,曇,9,香散見草特別(C),10,8,9,6.0,3.0,2,望月洵輝,57.0,ダ,2000.0,良,133.4,0.3,4-4-5,41.0,503.0,-4.0,ドラゴンラック,29.8
2021102918,トータルダイヤ,2026/01/19,名古屋,晴,5,C4組,10,6,7,31.2,6.0,2,山田祥雄,57.0,ダ,1500.0,良,97.9,0.3,5-4-3,39.5,507.0,8.0,ドルチェルナ,19.3
2021102918,トータルダイヤ,2026/01/03,名古屋,小雨,5,歓喜を願う昆布巻き賞(C),12,8,12,74.6,10.0,8,山田祥雄,57.0,ダ,1500.0,稍,97.7,1.8,10-10-9,39.2,499.0,-1.0,ワウワウワウ,
2021102918,トータルダイヤ,2025/12/24,名古屋,小雨,6,C2組,11,7,8,94.7,9.0,4,丹羽克輝,57.0,ダ,1500.0,不,97.1,0.6,6-6-4,39.3,500.0,8.0,スキルハンター,9.0
2021102918,トータルダイヤ,2025/11/26,名古屋,晴,8,三河湖特別(C),11,2,2,174.5,8.0,6,丹羽克輝,57.0,ダ,2000.0,良,135.4,2.4,7-8-6,40.1,492.0,-1.0,スイッチブレード,
2021102918,トータルダイヤ,2025/11/13,名古屋,曇,6,C2組,11,6,6,12.1,7.0,10,丹羽克輝,57.0,ダ,1500.0,稍,99.6,1.4,6-7-9,41.1,493.0,7.0,ターミバレンシア,
2021102918,トータルダイヤ,2025/10/31,名古屋,雨,7,C3組,12,7,10,94.1,11.0,2,丹羽克輝,57.0,ダ,1500.0,重,98.3,0.4,4-5-1,40.3,486.0,4.0,ヴァスキアン,19.3
2021102918,トータルダイヤ,2025/10/17,名古屋,晴,6,C2組,12,5,5,165.3,12.0,11,尾崎章生,57.0,ダ,1500.0,稍,100.5,2.5,10-10-11,41.5,482.0,2.0,コパノデーヴィド,
2021102918,トータルダイヤ,2025/10/02,名古屋,晴,9,B6組,12,7,9,117.0,11.0,11,山田祥雄,57.0,ダ,1400.0,良,93.6,3.0,11-12-12,41.0,480.0,0.0,スカイレイ,
2021102918,トータルダイヤ,2025/09/19,名古屋,曇,12,アジア・アジアパラ応(B),10,8,11,36.2,7.0,7,丹羽克輝,57.0,ダ,1700.0,良,115.8,2.3,5-8-6,43.2,480.0,-6.0,レイグレース,
2021102918,トータルダイヤ,2025/08/21,名古屋,晴,12,蝉しぐれ賞(B),11,8,10,43.8,8.0,10,友森翔太,57.0,ダ,1700.0,良,118.7,7.2,11-11-10,44.9,486.0,4.0,リンノパルピート,
2021102918,トータルダイヤ,2025/07/24,名古屋,晴,9,B9組,12,4,4,144.7,12.0,5,大原浩司,57.0,ダ,1400.0,良,90.1,0.6,8-8-7,39.3,482.0,6.0,アイアンオー,6.5
2021102918,トータルダイヤ,2025/07/10,名古屋,晴,7,B10組,10,4,4,34.5,8.0,6,大原浩司,57.0,ダ,1700.0,良,113.4,2.1,4-7-8,40.0,476.0,3.0,ブルーチース,
2021102918,トータルダイヤ,2025/06/25,名古屋,晴,8,B4組,12,1,1,290.7,12.0,5,大原浩司,57.0,ダ,1500.0,重,97.6,1.2,4-6-7,39.2,473.0,-1.0,ジュンフィレンツェ,6.5
2021102918,トータルダイヤ,2025/06/16,名古屋,晴,8,B4組,12,6,7,154.9,12.0,12,東川慎,57.0,ダ,1500.0,重,100.8,4.1,10-12-12,41.9,474.0,9.0,ナムラマイケル,
2021102918,トータルダイヤ,2025/05/07,名古屋,晴,9,B5組,11,1,1,185.8,11.0,11,大畑雅章,57.0,ダ,1700.0,重,119.9,8.5,7-11-11,45.5,465.0,5.0,ボルドーリスクレス,
2021102918,トータルダイヤ,2025/04/23,名古屋,曇,9,B6組,10,5,5,88.8,10.0,10,大畑雅章,57.0,ダ,1500.0,不,101.6,5.4,9-10-10,42.4,460.0,-3.0,ワイルドハンター,
2021102918,トータルダイヤ,2025/04/09,名古屋,晴,10,B4組,12,1,1,108.8,10.0,12,丸野勝虎,57.0,ダ,1500.0,良,101.0,3.7,10-12-12,41.4,463.0,-38.0,レアリーゼ,
2021102918,トータルダイヤ,2024/12/30,笠松,曇,5,光輝まどかWeddi(B),10,8,10,4.9,2.0,3,藤原幹生,56.0,ダ,1400.0,良,92.1,1.5,4-5-3,41.5,501.0,8.0,ルクスエルドラド,9.0
2021102918,トータルダイヤ,2024/12/10,笠松,晴,9,大雪特別(B),8,4,4,27.9,6.0,5,藤原幹生,56.0,ダ,1600.0,良,105.3,1.4,5-7-6,39.1,493.0,3.0,ハヤイモノガチ,3.0
2021102918,トータルダイヤ,2024/11/19,笠松,晴,9,美姫賞(C),9,1,1,7.4,3.0,1,藤原幹生,56.0,ダ,1400.0,良,90.6,-0.1,6-7-7,39.3,490.0,1.0,(トーホウグロリアス),45.0
2021102918,トータルダイヤ,2024/11/08,笠松,晴,8,C3組,11,2,2,6.1,3.0,7,藤原幹生,56.0,ダ,1400.0,良,91.7,1.9,7-7-8,39.6,489.0,-6.0,リュクスレオン,
2021102918,トータルダイヤ,2024/10/24,笠松,曇,6,かざとさやかを幸せに(BC),9,8,9,1.7,1.0,4,藤原幹生,56.0,ダ,1400.0,良,92.0,0.8,6-4-5,39.7,495.0,2.0,ゴコウサス,4.5
2021102918,トータルダイヤ,2024/10/11,笠松,晴,5,笠松けいば金曜日ライ(C),8,7,7,10.2,3.0,2,藤原幹生,56.0,ダ,1400.0,良,90.0,0.1,2-2-2,39.8,493.0,4.0,レッドゲート,14.0
2021102918,トータルダイヤ,2024/09/26,笠松,晴,8,パンジー特別(3歳),8,7,7,22.5,4.0,3,藤原幹生,56.0,ダ,1400.0,良,90.4,0.9,3-3-5,40.2,489.0,3.0,ドラムライム,14.0
2021102918,トータルダイヤ,2024/09/11,笠松,晴,11,ひつじ雲特別(3歳),10,5,5,17.6,3.0,7,藤原幹生,56.0,ダ,1600.0,良,106.0,4.6,9-10-8,40.1,486.0,4.0,バンダムアゲイン,
2021102918,トータルダイヤ,2024/08/14,笠松,晴,8,蛍光賞(3歳),8,6,6,20.1,5.0,2,藤原幹生,56.0,ダ,1400.0,良,90.2,1.3,5-5-5,39.7,482.0,4.0,ウィウィルウィン,19.3
2021102918,トータルダイヤ,2024/07/18,笠松,晴,8,3歳3組,9,8,8,3.7,2.0,1,藤原幹生,56.0,ダ,1400.0,良,89.8,-0.1,4-4-2,39.2,478.0,2.0,(グレック),45.0
2021102918,トータルダイヤ,2024/07/03,笠松,曇,8,落合宿特別(3歳),7,7,7,53.7,7.0,6,藤原幹生,56.0,ダ,1400.0,良,91.4,2.5,6-7-6,39.2,476.0,2.0,ニホンピロデルマー,
2021102918,トータルダイヤ,2024/06/06,笠松,曇,9,木苺特別(3歳),9,8,9,9.0,5.0,7,森島貴之,56.0,ダ,1400.0,良,89.9,1.7,7-7-8,38.7,474.0,0.0,ミノコクシュタルク,
2021102918,トータルダイヤ,2024/05/24,笠松,曇,8,木瓜賞(3歳),10,8,9,2.1,1.0,3,森島貴之,56.0,ダ,1400.0,良,89.2,0.5,6-6-6,38.4,474.0,-5.0,サクラヒメ,11.0
2021102918,トータルダイヤ,2024/05/09,笠松,晴,3,3歳3組,10,1,1,3.1,2.0,1,森島貴之,56.0,ダ,1400.0,良,91.9,-0.1,8-6-6,39.3,479.0,7.0,(タイセイクエスト),45.0
2021102918,トータルダイヤ,2024/04/26,笠松,曇,8,3歳3組,8,5,5,3.1,2.0,1,森島貴之,56.0,ダ,1400.0,良,90.3,0.0,3-3-2,39.2,472.0,-5.0,(スターガッツマン),45.0
2021102918,トータルダイヤ,2024/04/17,笠松,晴,6,3歳5組,10,7,7,16.1,5.0,2,森島貴之,56.0,ダ,1400.0,良,91.2,0.5,6-5-6,39.0,477.0,-10.0,トーセンジェンマ,15.8
2021102918,トータルダイヤ,2024/04/05,笠松,曇,3,3歳4組,7,6,6,8.4,3.0,3,森島貴之,56.0,ダ,1400.0,良,90.5,0.4,3-4-5,39.9,487.0,13.0,グレック,9.0
2021102918,トータルダイヤ,2024/01/11,浦和,曇,3,3歳三,10,5,5,7.2,4.0,4,矢野貴之,56.0,ダ,1400.0,良,93.8,0.9,7-7-7-5,40.8,474.0,8.0,ニキ,27.0
2021102918,トータルダイヤ,2023/11/24,浦和,晴,1,2歳六,9,8,8,4.1,2.0,3,福原杏,55.0,ダ,1400.0,良,93.4,1.0,6-6-5-4,41.2,466.0,12.0,メロスゴー,50.0
2021102918,トータルダイヤ,2023/09/19,浦和,晴,3,ドリームチャレンジ(新馬)(2歳),5,1,1,6.1,3.0,4,山崎誠士,54.0,ダ,800.0,良,50.4,1.9,5-5,36.1,454.0,0.0,サノノレインボー,48.0
2022104498,ドラゴンガール,2026/07/17,名古屋,晴,6,C2組,12,5,5,6.2,2.0,2,今井貴大,55.0,ダ,1400.0,良,90.7,0.7,5-4-4,38.8,488.0,-9.0,イザベルソレイユ,20.0
2022104498,ドラゴンガール,2026/07/03,名古屋,晴,9,田原特別(C),12,8,11,6.3,3.0,3,今井貴大,55.0,ダ,1700.0,稍,112.0,0.3,7-5-4,39.2,497.0,5.0,トップパワー,15.0
2022104498,ドラゴンガール,2026/06/22,名古屋,曇,11,平原灯姫特別(C),12,3,3,52.3,10.0,2,今井貴大,55.0,ダ,1400.0,稍,90.6,0.5,5-5-2,38.8,492.0,-4.0,オッシレイション,29.8
2022104498,ドラゴンガール,2026/06/04,名古屋,曇,12,金シャチ最終戦(C),12,6,8,5.6,3.0,7,今井貴大,55.0,ダ,1500.0,稍,98.0,1.4,10-11-12,39.2,496.0,6.0,パーソナルレコード,
2022104498,ドラゴンガール,2026/05/22,名古屋,曇,8,油ヶ淵賞(C),11,7,8,9.6,5.0,2,木之前葵,53.0,ダ,1400.0,重,91.5,0.6,6-5-5,40.0,490.0,-6.0,サンマイル,20.0
2022104498,ドラゴンガール,2026/04/23,名古屋,雨,4,C8組,12,5,5,7.9,3.0,9,今井貴大,55.0,ダ,1500.0,不,98.6,2.5,2-2-5,41.7,496.0,1.0,リラキトス,
2022104498,ドラゴンガール,2026/04/08,名古屋,晴,12,C19組,12,7,10,1.9,1.0,1,今井貴大,55.0,ダ,1500.0,稍,98.1,-0.8,6-4-1,39.1,495.0,11.0,(クロゴウ),57.0
2022104498,ドラゴンガール,2026/03/24,名古屋,晴,4,小山登教授退官記念(C),11,7,9,2.4,1.0,2,今井貴大,55.0,ダ,1400.0,良,92.7,0.5,4-4-4,40.3,484.0,1.0,ウインティターニア,19.3
2022104498,ドラゴンガール,2026/03/09,名古屋,晴,8,C23組,12,7,9,32.5,5.0,3,今井貴大,55.0,ダ,1500.0,良,98.5,1.4,3-2-3,39.9,483.0,-2.0,セルリアンゲーゲン,11.0
2022104498,ドラゴンガール,2026/02/25,名古屋,雨,3,C24組,11,8,11,4.6,3.0,11,今井貴大,55.0,ダ,1500.0,重,100.5,2.6,1-1-8,42.6,485.0,-6.0,アイルフィレール,
2022104498,ドラゴンガール,2026/02/10,名古屋,晴,3,C24組,12,1,1,6.4,4.0,7,木之前葵,53.0,ダ,1500.0,良,100.5,1.6,5-6-8,39.9,491.0,-9.0,ノリサンブラック,
2022104498,ドラゴンガール,2025/08/20,名古屋,晴,1,名古屋モーニングフィ(3歳),11,8,10,11.8,5.0,7,今井貴大,55.0,ダ,1500.0,良,98.3,1.9,3-2-3,40.9,500.0,20.0,マイネルメドリング,
2022104498,ドラゴンガール,2025/07/27,3中京2,晴,4,3歳未勝利,16,6,11,34.6,12.0,15,団野大成,55.0,ダ,1200.0,良,74.6,2.3,5-5,39.0,480.0,4.0,メイショウサトノヒ,
2022104498,ドラゴンガール,2025/05/24,2京都9,小雨,4,3歳未勝利,18,8,18,196.7,14.0,14,高倉稜,55.0,芝,1800.0,良,110.2,1.7,10-13,35.1,476.0,-2.0,エーデルヴェーグ,
2022104498,ドラゴンガール,2025/04/27,2京都2,晴,1,3歳未勝利,15,5,10,28.7,10.0,7,和田竜二,55.0,ダ,1200.0,良,74.1,1.1,6-6,37.0,478.0,10.0,ペプチドクレマチス,
2022104498,ドラゴンガール,2024/12/14,4中京5,晴,4,2歳未勝利,18,5,10,159.0,16.0,15,藤懸貴志,55.0,芝,1400.0,良,84.0,1.7,17-17,35.6,468.0,0.0,コルドンブルー,
2022104498,ドラゴンガール,2024/09/14,3中京3,晴,3,2歳未勝利,15,2,3,26.8,9.0,14,岩田望来,55.0,芝,1600.0,良,95.6,1.3,7-7-8,35.8,468.0,-2.0,ウォーターガーベラ,
2022104498,ドラゴンガール,2024/09/01,2中京8,雨,5,2歳新馬,11,8,11,5.8,3.0,3,和田竜二,55.0,芝,1400.0,重,83.7,1.1,6-7,35.7,470.0,0.0,フードマン,180.0
2021106168,イナズマライン,2026/07/17,名古屋,晴,8,来週から開催!第2回(B),12,3,3,38.6,7.0,10,深澤杏花,53.0,ダ,1500.0,良,98.7,1.6,5-8-9,40.2,414.0,1.0,サトノスフィア,
2021106168,イナズマライン,2026/07/02,名古屋,曇,8,カササギ賞(B),12,4,4,139.9,11.0,4,深澤杏花,53.0,ダ,1400.0,不,89.6,1.2,8-8-7,39.1,413.0,1.0,オッシレイション,10.5
2021106168,イナズマライン,2026/06/19,名古屋,晴,7,B9組,9,2,2,82.5,9.0,5,小笠原羚,52.0,ダ,1700.0,良,111.6,0.9,4-4-5,39.8,412.0,-6.0,スフレ,7.0
2021106168,イナズマライン,2026/06/04,名古屋,晴,7,B7組,11,6,8,,,取,明星晴大,55.0,ダ,1500.0,稍,,,,,,,ワカギミ,
2021106168,イナズマライン,2026/05/20,名古屋,曇,9,ザニア賞(B),11,2,2,254.1,10.0,7,小笠原羚,51.0,ダ,1500.0,良,96.6,1.9,9-9-7,39.6,418.0,-8.0,スターウッドテール,
2021106168,イナズマライン,2026/05/06,名古屋,曇,5,B8組,11,4,4,110.7,11.0,10,明星晴大,55.0,ダ,1700.0,稍,115.4,4.3,8-10-10,43.4,426.0,7.0,ステラビアンカ,
2021106168,イナズマライン,2026/04/09,名古屋,曇,5,B8組,11,6,7,202.3,11.0,6,明星晴大,55.0,ダ,1400.0,稍,91.5,1.3,5-6-7,39.9,419.0,-3.0,アルカラス,
2021106168,イナズマライン,2026/03/25,名古屋,雨,11,B6組,12,4,4,53.2,8.0,12,明星晴大,55.0,ダ,1700.0,不,115.0,4.1,7-8-8,43.3,422.0,-3.0,アンセムバローズ,
2021106168,イナズマライン,2026/03/09,名古屋,晴,10,"1,500m戦新川賞(B)",9,7,7,29.8,5.0,8,明星晴大,55.0,ダ,1500.0,良,97.0,1.4,7-8-8,39.9,425.0,-1.0,ゴラッソゴール,
2021106168,イナズマライン,2026/02/26,名古屋,晴,12,サンアール名古屋開設(B),11,7,8,8.6,4.0,6,小笠原羚,55.0,ダ,1700.0,重,112.7,1.3,4-4-5,41.6,426.0,0.0,ワウワウワウ,
2021106168,イナズマライン,2026/02/12,名古屋,晴,7,B7組,12,5,6,10.0,4.0,2,明星晴大,55.0,ダ,1700.0,稍,113.5,0.2,3-2-1,40.5,426.0,2.0,メモリードライブ,22.8
2021106168,イナズマライン,2026/01/29,名古屋,曇,9,B6組,11,6,6,4.6,4.0,2,明星晴大,55.0,ダ,1500.0,良,97.6,0.2,3-3-1,40.2,424.0,0.0,ビッグベッター,22.8
2021106168,イナズマライン,2026/01/16,名古屋,晴,9,"2,000m戦はこべ(B)",9,4,4,31.9,5.0,6,明星晴大,55.0,ダ,2000.0,良,135.6,2.9,8-8-6,42.1,424.0,-3.0,アイドルアイズ,
2021106168,イナズマライン,2026/01/04,名古屋,晴,7,羽子板賞(B),10,8,9,61.4,7.0,3,明星晴大,55.0,ダ,1500.0,良,96.3,0.3,2-2-1,39.1,427.0,-4.0,ブライテン,13.0
2021106168,イナズマライン,2025/12/22,名古屋,晴,12,B5組,11,5,6,,,取,望月洵輝,55.0,ダ,1700.0,重,,,,,,,キタカラキタパンチ,
2021106168,イナズマライン,2025/12/05,名古屋,晴,7,B5組,12,8,11,14.3,4.0,3,望月洵輝,55.0,ダ,1500.0,良,98.3,0.9,3-3-3,40.2,431.0,4.0,アキヨシパワー,13.0
2021106168,イナズマライン,2025/11/21,名古屋,晴,10,金盞香賞(B),12,5,5,218.1,11.0,7,大原浩司,55.0,ダ,1500.0,良,97.6,1.3,2-2-3,40.5,427.0,-2.0,スパルタンワールド,
2021106168,イナズマライン,2025/11/11,名古屋,晴,12,B5組,11,5,5,49.0,10.0,8,松本一心,54.0,ダ,920.0,稍,57.5,1.2,7,37.0,429.0,2.0,ハクサンクラーケン,
2021106168,イナズマライン,2025/10/15,名古屋,小雨,10,B4組,12,6,8,39.1,9.0,5,明星晴大,54.0,ダ,1700.0,重,112.9,1.8,10-10-7,41.4,427.0,0.0,マイネルラカイユ,6.5
2021106168,イナズマライン,2025/10/01,名古屋,晴,8,B4組,12,8,11,25.4,5.0,5,明星晴大,54.0,ダ,1500.0,良,98.2,1.3,5-4-7,40.3,427.0,7.0,ゴッドインパルス,6.5
2021106168,イナズマライン,2025/09/16,名古屋,晴,11,おとめ座特別(B),11,5,6,98.7,9.0,9,明星晴大,54.0,ダ,1500.0,良,99.8,2.0,2-2-5,41.1,420.0,2.0,ミクロフィラム,
2021106168,イナズマライン,2025/09/05,名古屋,晴,8,B9組,12,1,1,19.9,10.0,1,明星晴大,54.0,ダ,1400.0,不,91.6,0.0,6-3-1,40.4,418.0,-3.0,(プロメッサ),65.0
2021106168,イナズマライン,2025/08/22,名古屋,晴,12,アジア・アジアパラ応(B),11,8,10,51.0,10.0,11,大原浩司,55.0,ダ,1500.0,良,99.7,2.6,8-8-8,40.8,421.0,3.0,イストロス,
2021106168,イナズマライン,2025/03/27,名古屋,曇,9,B5組,11,6,7,4.3,2.0,2,望月洵輝,54.0,ダ,1700.0,稍,112.1,0.1,5-4-3,39.5,418.0,-2.0,バルドエース,21.0
2021106168,イナズマライン,2025/03/13,名古屋,曇,7,B4組,11,3,3,6.8,4.0,3,望月洵輝,54.0,ダ,1500.0,重,98.0,0.6,4-3-3,40.3,420.0,-2.0,エイシンゼータ,12.0
2021106168,イナズマライン,2025/02/12,名古屋,小雪,7,B5組,10,1,1,10.6,4.0,5,深澤杏花,52.0,ダ,920.0,良,57.2,0.5,8,37.0,422.0,-3.0,イイクニアシェル,6.0
2021106168,イナズマライン,2025/01/29,名古屋,晴,8,B5組,11,4,4,3.7,2.0,5,望月洵輝,54.0,ダ,1500.0,良,97.7,1.1,6-6-6,39.7,425.0,-3.0,レクランスリール,6.0
2021106168,イナズマライン,2025/01/15,名古屋,晴,7,B4組,10,2,2,1.3,1.0,3,望月洵輝,54.0,ダ,1500.0,良,98.3,0.2,1-3-1,39.6,428.0,5.0,ブルーテネーシャス,12.0
2021106168,イナズマライン,2025/01/04,名古屋,晴,8,凧あげ賞(B),9,3,3,6.0,2.0,2,望月洵輝,53.0,ダ,1500.0,良,96.2,0.0,4-4-1,37.8,423.0,1.0,ユズノキ,21.0
2021106168,イナズマライン,2024/12/24,名古屋,晴,8,C2組,10,7,8,3.2,2.0,1,望月洵輝,53.0,ダ,1500.0,良,97.9,-0.1,4-3-4,37.7,422.0,-1.0,(サイレントヴォイス),54.0
2021106168,イナズマライン,2024/11/15,川崎,曇,12,ファイナルアンサー賞(C2),9,8,9,2.5,1.0,2,矢野貴之,54.0,ダ,1400.0,稍,93.1,0.8,3-4-3-3,39.3,423.0,-10.0,アリダンジェロ,40.0
2021106168,イナズマライン,2024/10/15,大井,晴,12,つる座特別競走(C2),13,6,8,92.2,10.0,9,新原周馬,54.0,ダ,1400.0,良,91.9,1.8,1-1-1,41.1,433.0,0.0,クイーンカナロア,
2021106168,イナズマライン,2024/10/04,大井,晴,2,3歳二三,13,2,2,90.2,13.0,8,新原周馬,54.0,ダ,1200.0,稍,74.7,1.2,5-5,38.3,433.0,10.0,アトラスライズ,
2021106168,イナズマライン,2024/09/13,大井,晴,3,3歳二三四(3歳三),15,8,15,178.0,11.0,11,新原周馬,54.0,ダ,1200.0,良,75.7,0.9,4-3,39.5,423.0,-1.0,サンスイシサン,
2021106168,イナズマライン,2024/08/17,大井,晴,7,3歳一二三(3歳二),15,5,9,160.3,14.0,15,本橋孝太,54.0,ダ,1200.0,重,76.7,2.9,10-12,38.9,424.0,-1.0,アフロキング,
2021106168,イナズマライン,2024/08/16,大井,,7,3歳一二三(3歳二),0,5,9,,,,本橋孝太,54.0,ダ,1200.0,,,,,,,,,
2021106168,イナズマライン,2024/08/02,大井,晴,8,マイ・タイ賞(3歳二),14,5,7,20.5,9.0,10,達城龍次,54.0,ダ,1200.0,良,76.5,2.0,6-6,39.8,425.0,3.0,コタツデミカン,
2021106168,イナズマライン,2024/07/12,大井,雨,3,3歳一二三(3歳二),14,8,13,100.5,12.0,5,本橋孝太,54.0,ダ,1200.0,稍,75.8,1.4,3-3,39.6,422.0,-2.0,タルマファイト,15.0
2021106168,イナズマライン,2024/06/26,大井,曇,4,3歳七八,14,4,5,6.8,3.0,1,達城龍次,54.0,ダ,1200.0,稍,76.3,-0.2,3-3,39.9,424.0,3.0,(ヤマショウカリズマ),150.0
2021106168,イナズマライン,2024/06/04,大井,晴,6,3歳九十,16,1,2,40.6,10.0,2,達城龍次,54.0,ダ,1200.0,不,76.6,0.0,1-1,40.6,421.0,3.0,ヴェントフレイバー,60.0
2021106168,イナズマライン,2024/05/14,大井,晴,7,3歳九十,14,1,1,12.4,5.0,7,野畑凌,54.0,ダ,1200.0,重,78.0,1.3,12-10,39.3,418.0,1.0,サウンドルークス,
2021106168,イナズマライン,2024/01/24,大井,晴,5,3歳六七,12,5,6,57.8,9.0,8,藤本現暉,54.0,ダ,1600.0,重,109.3,4.4,10-10-6-7,44.1,417.0,0.0,ピコニ,
2021106168,イナズマライン,2023/12/29,大井,晴,1,2歳四五,10,6,6,20.3,5.0,8,藤本現暉,54.0,ダ,1600.0,良,109.9,1.8,2-2-2-2,44.6,417.0,0.0,ヤザン,
2021106168,イナズマライン,2023/12/06,大井,晴,2,2歳六七,12,1,1,57.5,10.0,5,藤本現暉,54.0,ダ,1400.0,良,91.9,1.2,10-10-9,40.0,417.0,-5.0,ジェイケイクロード,30.0
2021106168,イナズマライン,2023/11/13,大井,晴,3,2歳七八,10,7,8,24.8,7.0,5,藤本現暉,54.0,ダ,1400.0,良,93.4,1.1,7-7-7,41.6,422.0,-2.0,スービーズ,30.0
2021106168,イナズマライン,2023/10/30,大井,晴,1,2歳選抜牝馬,12,6,7,5.6,2.0,4,藤本現暉,54.0,ダ,1400.0,良,93.7,2.1,12-10-8,41.7,424.0,16.0,ペルルセレスト,45.0
2021106168,イナズマライン,2023/08/29,門別,曇,3,2歳牝馬未勝利(未勝利),12,1,1,24.8,6.0,7,阿部龍,54.0,ダ,1100.0,良,70.5,1.8,10-9,39.1,408.0,-12.0,パペッティア,
2021106168,イナズマライン,2023/08/17,門別,晴,1,2歳未勝利(未勝利),12,1,1,30.3,7.0,8,阿部龍,54.0,ダ,1200.0,稍,77.5,1.3,12-12,38.3,420.0,4.0,トワイライトウェイ,
2021106168,イナズマライン,2023/08/02,門別,晴,1,平取中応援ファンファ(未勝利)(2歳),11,5,5,15.8,4.0,5,阿部龍,54.0,ダ,1000.0,良,63.4,1.2,11-11,36.9,416.0,-6.0,ウインパ,3.5
2021106168,イナズマライン,2023/07/19,門別,曇,3,2歳未勝利(未勝利),12,5,5,3.2,1.0,6,阿部龍,54.0,ダ,1000.0,稍,63.9,1.1,6-7,39.1,422.0,4.0,ユウノワンワン,
2021106168,イナズマライン,2023/06/14,門別,曇,3,JRA認定フレッシュ(新馬)(2歳),12,8,11,14.0,6.0,3,阿部龍,54.0,ダ,1000.0,稍,63.4,0.4,4-4,39.3,418.0,0.0,アニマルフルーツ,52.5
2021103470,ホウオウシーザー,2026/07/17,名古屋,晴,8,来週から開催!第2回(B),12,5,5,6.7,4.0,6,細川智史,57.0,ダ,1500.0,良,97.7,0.6,5-7-6,39.3,476.0,-1.0,サトノスフィア,
2021103470,ホウオウシーザー,2026/07/03,名古屋,晴,1,名古屋モーニングフィ(C),12,3,3,11.8,6.0,1,細川智史,57.0,ダ,1500.0,重,95.7,-1.0,7-5-4,39.6,477.0,9.0,(テルケンユミカグラ),57.0
2021103470,ホウオウシーザー,2026/06/22,名古屋,曇,1,アジア・アジアパラ応(C),11,5,5,10.8,5.0,4,渡辺竜也,57.0,ダ,1400.0,重,90.6,0.7,4-4-5,40.1,468.0,-5.0,プレイアブルゲーム,8.6
2021103470,ホウオウシーザー,2026/06/03,名古屋,晴,12,金シャチ最終戦(C),12,2,2,3.2,2.0,1,渡辺竜也,57.0,ダ,1500.0,重,97.1,-1.5,4-4-1,39.2,473.0,-1.0,(モンサンケイティ),57.0
2021103470,ホウオウシーザー,2026/05/21,名古屋,雨,2,C13組,10,8,10,27.5,6.0,5,細川智史,57.0,ダ,1500.0,重,98.1,1.0,3-4-3,40.1,474.0,-2.0,サーフギャラクシー,5.7
2021103470,ホウオウシーザー,2026/05/06,名古屋,曇,1,C15組,11,3,3,8.0,4.0,7,渡辺竜也,57.0,ダ,1500.0,稍,98.4,0.3,8-9-7,39.3,476.0,4.0,ブルロッソ,
2021103470,ホウオウシーザー,2026/04/22,名古屋,曇,8,C12組,12,6,7,36.3,9.0,6,加藤誓二,57.0,ダ,1500.0,良,98.2,1.0,10-10-8,40.0,472.0,-1.0,ルナフェイズ,
2021103470,ホウオウシーザー,2026/04/09,名古屋,晴,3,C16組,11,3,3,38.8,9.0,5,加藤誓二,57.0,ダ,1400.0,稍,92.0,0.8,8-7-5,39.3,473.0,-4.0,ミスティブルー,5.7
2021103470,ホウオウシーザー,2026/03/26,名古屋,曇,2,C11組,11,1,1,275.2,11.0,4,加藤誓二,57.0,ダ,1500.0,不,98.2,0.7,1-1-3,39.7,477.0,-6.0,アットザホップ,8.3
2021103470,ホウオウシーザー,2026/03/11,名古屋,晴,7,"1,700m戦中川運(C)",11,5,5,95.2,11.0,9,加藤誓二,57.0,ダ,1700.0,良,114.4,2.4,11-11-10,40.4,483.0,1.0,ノリサンブラック,
2021103470,ホウオウシーザー,2026/02/27,名古屋,曇,2,C11組,10,7,8,272.8,8.0,6,加藤誓二,57.0,ダ,1500.0,重,98.8,1.1,6-6-7,40.0,482.0,-8.0,ジュンベルベット,
2021103470,ホウオウシーザー,2026/02/12,名古屋,晴,1,C11組,12,3,3,261.4,8.0,11,加藤誓二,57.0,ダ,1400.0,重,93.5,2.3,12-12-11,40.8,490.0,3.0,ヴィルナタール,
2021103470,ホウオウシーザー,2026/01/29,名古屋,曇,3,C11組,12,5,6,170.1,8.0,8,小笠原羚,53.0,ダ,1400.0,良,92.8,1.1,10-9-8,39.1,487.0,1.0,リヴァスピナー,
2021103470,ホウオウシーザー,2026/01/16,名古屋,晴,6,久保田大登1歳の誕生(C),10,4,4,128.4,7.0,7,小笠原羚,53.0,ダ,1400.0,良,92.6,1.8,10-10-9,39.3,486.0,0.0,エリタージュソング,
2021103470,ホウオウシーザー,2026/01/05,名古屋,晴,5,千両賞(C),12,5,5,131.2,11.0,6,小笠原羚,53.0,ダ,1500.0,良,98.5,1.8,8-9-9,40.9,486.0,2.0,エンジェルナンバー,
2021103470,ホウオウシーザー,2025/12/24,名古屋,小雨,4,C4組,11,6,7,55.6,7.0,8,木之前葵,55.0,ダ,1500.0,不,98.1,1.9,10-11-9,40.0,484.0,-7.0,エイシンガウディ,
2021103470,ホウオウシーザー,2025/11/26,名古屋,晴,7,C2組,12,6,7,91.9,6.0,11,木之前葵,55.0,ダ,1700.0,良,115.1,3.3,3-5-9,41.2,491.0,-4.0,ウィットビーアビー,
2021103470,ホウオウシーザー,2025/11/13,名古屋,曇,4,C4組,11,2,2,42.5,8.0,7,宮下瞳,55.0,ダ,1400.0,稍,92.5,2.3,3-7-5,40.4,495.0,6.0,ボッシュ,
2021103470,ホウオウシーザー,2025/10/25,金沢,雨,7,石川県畜産協会長賞(B2),10,7,8,29.5,6.0,7,栗原大河,57.0,ダ,1500.0,良,98.9,1.3,10-10-9-9,39.4,489.0,-7.0,コスモアイビー,
2021103470,ホウオウシーザー,2025/10/11,金沢,曇,5,葉子さん生誕祭★ちゃ(C1特別),7,7,7,8.7,3.0,1,中島龍也,57.0,ダ,1500.0,良,97.9,-0.1,2-1-1-1,41.2,496.0,8.0,(アクシノス),45.0
2021103470,ホウオウシーザー,2025/09/29,金沢,曇,4,C18,9,6,6,22.2,8.0,6,栗原大河,57.0,ダ,1400.0,稍,92.9,1.1,6-7-8-7,40.1,488.0,-3.0,サンヴェローチェ,
2021103470,ホウオウシーザー,2025/09/14,金沢,曇,5,楽天ポイントで馬券が(C2),10,2,2,14.6,6.0,9,栗原大河,57.0,ダ,1500.0,重,100.3,3.7,6-6-10-10,41.8,491.0,0.0,キックアーサー,
2021103470,ホウオウシーザー,2025/08/05,金沢,曇,8,楽天ポイントで馬券が(C2),8,3,3,8.5,4.0,6,栗原大河,57.0,ダ,1500.0,良,99.8,1.8,4-4-4-3,40.6,491.0,-2.0,カワカミアンフィニ,
2021103470,ホウオウシーザー,2025/07/13,金沢,晴,4,たまひめちゃん生誕記(C1特別),10,5,5,10.5,2.0,6,栗原大河,57.0,ダ,1400.0,良,92.4,2.0,9-10-9-7,39.9,493.0,-6.0,ゼローソ,
2021103470,ホウオウシーザー,2025/06/29,金沢,晴,1,とし&さく一生愛を誓(C1),10,8,10,7.0,3.0,4,栗原大河,57.0,ダ,1500.0,良,97.6,1.5,6-6-7-5,40.1,499.0,3.0,ナンヨーノサラ,5.4
2021103470,ホウオウシーザー,2025/06/17,金沢,晴,8,祝酒井一圭生誕50年(C1),10,7,8,3.2,2.0,5,栗原大河,57.0,ダ,1400.0,良,91.6,1.3,3-3-3-3,40.5,496.0,-1.0,ナイトアウェイ,4.5
2021103470,ホウオウシーザー,2025/06/08,金沢,曇,6,楽天競馬ならポイント(C2),9,5,5,4.4,2.0,2,中島龍也,57.0,ダ,1400.0,良,90.7,0.9,3-3-3-3,39.9,497.0,-4.0,フェスティヴカレン,14.4
2021103470,ホウオウシーザー,2025/05/26,金沢,曇,5,C23,9,6,6,2.1,1.0,2,栗原大河,57.0,ダ,1400.0,重,90.6,0.4,2-2-3-4,39.9,501.0,8.0,カイザーレオン,13.7
2021103470,ホウオウシーザー,2025/05/13,金沢,晴,8,金沢競馬C2プレミア,9,3,3,3.9,2.0,2,中島龍也,57.0,ダ,1400.0,良,90.3,0.6,3-3-2-2,39.3,493.0,5.0,シントーツバキ,15.0
2021103470,ホウオウシーザー,2025/04/27,金沢,晴,1,好き好きクラブ協賛石(C2),10,4,4,2.6,2.0,2,栗原大河,57.0,ダ,1400.0,良,90.9,1.0,3-3-2-2,39.5,488.0,8.0,レオテソーロ,13.7
2021103470,ホウオウシーザー,2025/04/15,金沢,雨,8,C28,10,2,2,11.3,4.0,2,栗原大河,57.0,ダ,1500.0,不,97.0,0.2,9-8-6-3,39.7,480.0,-5.0,ジュネスヒマリ,13.7
2021103470,ホウオウシーザー,2025/03/30,金沢,曇,7,郡元ゆう誕生日記念(C2),8,5,5,1.3,1.0,2,栗原大河,56.0,ダ,1500.0,重,99.5,0.4,3-3-5-5,39.7,485.0,-5.0,カミチャ,13.7
2021103470,ホウオウシーザー,2025/03/18,金沢,晴,4,C211,12,6,8,27.9,5.0,2,中島龍也,56.0,ダ,1500.0,重,98.4,0.7,1-2-1-2,39.7,490.0,5.0,ベルウッドリアン,13.7
2021103470,ホウオウシーザー,2025/02/19,笠松,晴,2,C19組,7,5,5,3.1,2.0,4,渡辺竜也,56.0,ダ,1400.0,良,96.1,3.2,3-4-4,43.3,485.0,1.0,ミヤビエクセレント,4.0
2021103470,ホウオウシーザー,2025/02/05,笠松,曇,1,C19組,7,6,6,5.4,4.0,5,渡辺竜也,56.0,ダ,800.0,稍,52.1,1.9,5,38.1,484.0,-12.0,フェルマーポイント,2.0
2021103470,ホウオウシーザー,2025/01/07,笠松,晴,2,C22組,7,4,4,4.1,2.0,2,渡辺竜也,56.0,ダ,1400.0,重,93.9,1.9,3-3-2,42.6,496.0,-5.0,リオサラ,14.0
2021103470,ホウオウシーザー,2024/12/27,笠松,曇,1,C21組,8,3,3,6.3,3.0,5,渡辺竜也,56.0,ダ,800.0,良,51.9,1.7,8,37.4,501.0,23.0,タイセイディオス,2.0
2021103470,ホウオウシーザー,2024/08/31,3新潟7,小雨,7,3歳未勝利,18,7,13,595.9,18.0,16,荻野極,57.0,芝,1800.0,良,112.9,6.1,9-14,37.6,478.0,-6.0,フォティーゾ,
2021103470,ホウオウシーザー,2023/12/03,5中山2,晴,5,2歳新馬,16,3,5,24.8,10.0,13,戸崎圭太,56.0,芝,2000.0,良,124.7,4.0,10-10-12-14,38.5,484.0,0.0,クリスマスパレード,
2022105928,エンジェルナンバー,2026/03/11,名古屋,晴,12,B5組,11,5,5,2.6,2.0,3,大畑雅章,55.0,ダ,1500.0,良,96.4,0.4,6-6-4,38.3,447.0,6.0,シモグリ,13.0
2022105928,エンジェルナンバー,2026/02/13,名古屋,晴,12,アジア・アジアパラ応(B),11,8,10,2.5,1.0,1,大畑雅章,55.0,ダ,1700.0,稍,113.0,-0.1,7-8-2,38.0,441.0,-6.0,(アンセムバローズ),65.0
2022105928,エンジェルナンバー,2026/01/30,名古屋,曇,5,蘇芳梅賞(C),12,3,3,1.8,1.0,1,大畑雅章,55.0,ダ,1500.0,良,97.0,0.0,5-5-3,38.6,447.0,0.0,(コスモベルツリー),55.0
2022105928,エンジェルナンバー,2026/01/05,名古屋,晴,5,千両賞(C),12,8,11,2.6,1.0,1,大畑雅章,55.0,ダ,1500.0,良,96.7,-1.0,4-4-1,39.4,447.0,-2.0,(タランチュラ),55.0
2022105928,エンジェルナンバー,2025/12/24,名古屋,小雨,8,愛知県畜産特別(C),11,2,2,42.4,9.0,4,大畑雅章,55.0,ダ,1500.0,不,95.7,1.2,11-9-8,38.8,449.0,-5.0,サラサラヘアー,12.8
2022105928,エンジェルナンバー,2025/11/25,名古屋,曇,7,秋麗駒(C),12,8,11,3.4,2.0,1,大畑雅章,55.0,ダ,1500.0,稍,97.8,-0.3,11-8-3,39.4,454.0,-13.0,(ヴァルドグラース),70.0
2022105928,エンジェルナンバー,2025/11/10,名古屋,晴,6,C25組,11,1,1,8.1,4.0,5,大畑雅章,55.0,ダ,1500.0,稍,98.8,1.7,6-7-4,39.9,467.0,4.0,ハンクスター,5.5
2022105928,エンジェルナンバー,2025/10/15,名古屋,晴,2,C20組,12,2,2,4.6,2.0,4,大畑雅章,55.0,ダ,1500.0,重,97.2,0.7,11-9-6,39.6,463.0,-1.0,フジュム,8.3
2022105928,エンジェルナンバー,2025/10/01,名古屋,晴,5,3歳4組,12,3,3,28.4,6.0,5,大畑雅章,55.0,ダ,1400.0,良,91.8,1.6,12-12-8,39.2,464.0,30.0,マンノミューズ,5.5
2022105928,エンジェルナンバー,2025/05/06,名古屋,雨,3,3歳3組,10,7,8,3.8,3.0,2,大畑雅章,55.0,ダ,1500.0,不,97.6,0.5,5-6-4,39.0,434.0,0.0,コパノデーヴィド,20.3
2022105928,エンジェルナンバー,2025/04/21,名古屋,晴,9,3歳4組,10,5,5,15.9,5.0,3,大畑雅章,55.0,ダ,1500.0,良,98.7,0.5,9-10-8,39.1,434.0,-4.0,フローラビーナス,11.6
2022105928,エンジェルナンバー,2025/03/27,名古屋,曇,1,3歳6組,11,4,4,11.7,4.0,1,大畑雅章,54.0,ダ,1500.0,稍,97.9,-0.4,11-11-8,38.2,438.0,-22.0,(ベアショット),54.0
2022105928,エンジェルナンバー,2025/02/26,名古屋,晴,2,3歳5組,12,5,6,8.4,3.0,8,大畑雅章,54.0,ダ,1500.0,良,99.6,0.8,2-2-1,40.4,460.0,7.0,エーオ,
2022105928,エンジェルナンバー,2025/01/29,名古屋,晴,2,3歳5組,10,1,1,11.5,4.0,4,大畑雅章,54.0,ダ,1500.0,良,99.6,0.6,5-6-2,39.4,453.0,-2.0,パープルルージュ,8.1
2022105928,エンジェルナンバー,2025/01/20,名古屋,晴,2,3歳7組,12,3,3,2.4,1.0,2,大畑雅章,54.0,ダ,1500.0,稍,99.7,0.2,2-2-1,41.7,455.0,0.0,ツキカゲ,18.9
2022105928,エンジェルナンバー,2025/01/06,名古屋,雨,2,3歳6組,11,6,7,4.1,2.0,6,大畑雅章,54.0,ダ,1500.0,稍,100.2,0.7,3-2-2,41.7,455.0,22.0,ユメウラナイ,
2022105928,エンジェルナンバー,2024/06/27,名古屋,曇,6,2歳特別,7,5,5,41.2,5.0,5,大畑慧悟,53.0,ダ,920.0,良,57.5,1.2,3,37.7,433.0,2.0,ビックコック,9.0
2022105928,エンジェルナンバー,2024/06/14,名古屋,晴,5,2歳,9,1,1,6.5,4.0,4,大畑雅章,54.0,ダ,920.0,良,57.9,1.3,5,36.8,431.0,7.0,ヴィリケン,9.8
2022105928,エンジェルナンバー,2024/05/31,名古屋,曇,6,2歳新馬,5,3,3,16.8,4.0,3,大畑雅章,54.0,ダ,900.0,不,56.1,0.8,3,36.8,424.0,0.0,ナンゴクジャックス,34.0
2021104749,エグザルテーション,2026/07/17,名古屋,晴,8,来週から開催!第2回(B),12,2,2,129.7,10.0,12,丹羽克輝,55.0,ダ,1500.0,良,100.5,3.4,1-4-9,42.2,429.0,-5.0,サトノスフィア,
2021104749,エグザルテーション,2026/06/30,名古屋,曇,8,B5組,12,7,10,92.7,9.0,7,塚本征吾,55.0,ダ,1700.0,稍,112.9,1.7,5-7-7,40.8,434.0,-2.0,リヴァスピナー,
2021104749,エグザルテーション,2026/06/17,名古屋,晴,6,B5組,11,8,10,138.3,11.0,11,大原浩司,55.0,ダ,1700.0,良,113.5,4.1,11-11-11,40.8,436.0,-5.0,サラサラヘアー,
2021104749,エグザルテーション,2026/05/21,名古屋,曇,10,B5組,9,1,1,,,除,塚本征吾,55.0,ダ,1500.0,不,,,,,428.0,-13.0,マッティーナ,
2021104749,エグザルテーション,2026/01/27,名古屋,晴,10,鶯宿梅特別(A),11,5,6,,,取,塚本征吾,55.0,ダ,1400.0,良,,,,,,,ミスティライラック,
2021104749,エグザルテーション,2026/01/01,名古屋,晴,11,午年初駆特別(A),12,8,11,195.2,11.0,12,丹羽克輝,55.0,ダ,920.0,良,58.6,2.8,12,37.1,441.0,6.0,ハッピーミーク,
2021104749,エグザルテーション,2025/12/22,名古屋,晴,11,年取り鰤特別(A),9,8,9,76.0,7.0,7,大原浩司,55.0,ダ,1700.0,重,112.3,2.7,8-9-9,39.7,435.0,0.0,アルファヒディ,
2021104749,エグザルテーション,2025/12/09,名古屋,晴,11,トラフグ特別(A),12,6,8,412.6,11.0,10,大原浩司,55.0,ダ,1700.0,良,112.1,2.0,12-12-11,39.8,435.0,-2.0,マイネルラカイユ,
2021104749,エグザルテーション,2025/11/26,名古屋,晴,10,JRA交流競走名古屋,12,3,3,113.2,9.0,10,大原浩司,55.0,ダ,1500.0,良,98.0,2.5,10-11-12,40.0,437.0,0.0,ジョウゲンノツキ,
2021104749,エグザルテーション,2025/11/11,名古屋,晴,11,鱸特別(A),11,2,2,3.5,2.0,6,塚本征吾,55.0,ダ,1500.0,稍,97.4,1.0,5-5-8,40.3,437.0,4.0,ナムラマイケル,
2021104749,エグザルテーション,2025/10/17,名古屋,晴,10,戻り鰹特別(A),12,7,10,4.7,3.0,2,塚本征吾,55.0,ダ,1400.0,稍,89.9,0.2,9-9-5,38.8,433.0,0.0,カサデガ,49.0
2021104749,エグザルテーション,2025/09/30,名古屋,晴,12,しし座特別(B),12,8,11,45.1,10.0,1,大原浩司,55.0,ダ,2000.0,良,134.3,-0.1,11-9-6,38.9,433.0,2.0,(ユアグローリー),100.0
2021104749,エグザルテーション,2025/09/03,名古屋,晴,8,B4組,12,8,12,30.2,7.0,1,望月洵輝,55.0,ダ,1400.0,良,90.5,0.0,7-6-5,38.6,431.0,1.0,(クリノヴィーナス),65.0
2021104749,エグザルテーション,2025/08/19,名古屋,晴,8,B4組,10,4,4,11.0,6.0,7,塚本征吾,55.0,ダ,1400.0,良,91.2,1.8,5-5-5,39.5,430.0,2.0,ミクロフィラム,
2021104749,エグザルテーション,2025/07/21,名古屋,晴,10,B4組,12,5,6,132.4,10.0,7,大原浩司,55.0,ダ,1500.0,良,97.0,1.4,8-9-6,38.4,428.0,-2.0,シークレットマター,
2021104749,エグザルテーション,2025/07/07,名古屋,晴,12,B4組,12,4,4,192.5,12.0,7,丹羽克輝,55.0,ダ,1500.0,良,97.0,1.4,10-11-11,39.8,430.0,-7.0,キョウエイパラスト,
2021104749,エグザルテーション,2025/06/24,名古屋,小雨,9,アクベンス特別(B),11,6,8,24.3,5.0,8,丹羽克輝,55.0,ダ,1700.0,不,112.2,2.3,7-7-7,40.3,437.0,6.0,アンセムバローズ,
2021104749,エグザルテーション,2025/06/13,名古屋,晴,11,ベガ特別(B),11,8,12,13.6,4.0,5,大原浩司,55.0,ダ,1500.0,稍,98.2,2.3,8-7-8,39.4,431.0,0.0,ジャコムスビ,8.5
2021104749,エグザルテーション,2025/06/03,名古屋,曇,12,ポルックス特別(B),12,5,5,14.0,4.0,7,丹羽克輝,55.0,ダ,1700.0,不,111.8,1.4,3-3-2,40.1,431.0,-3.0,レアリーゼ,
2021104749,エグザルテーション,2025/05/20,名古屋,晴,12,アルデバラン特別(B),12,2,2,9.6,3.0,9,丹羽克輝,55.0,ダ,1400.0,稍,92.0,1.6,5-6-6,39.9,434.0,-12.0,トーホウランボ,
2021104749,エグザルテーション,2025/05/06,名古屋,曇,9,B4組,10,5,6,5.2,2.0,3,塚本征吾,55.0,ダ,1500.0,不,97.4,0.8,2-2-3,39.1,446.0,13.0,コーラルムーン,13.0
2021104749,エグザルテーション,2025/04/22,名古屋,小雨,9,B4組,9,7,9,8.3,3.0,5,東川慎,55.0,ダ,1400.0,良,92.1,1.4,7-6-6,39.9,433.0,-6.0,ルクスシュナイダー,6.5
2021104749,エグザルテーション,2025/04/09,名古屋,晴,11,土筆賞(B),12,7,9,4.5,3.0,2,塚本征吾,55.0,ダ,1700.0,良,112.6,0.3,4-5-3,39.2,439.0,-1.0,クインタレッリ,22.8
2021104749,エグザルテーション,2025/03/27,名古屋,曇,7,B7組,10,5,5,2.6,1.0,1,塚本征吾,54.0,ダ,1500.0,稍,97.2,-0.6,4-4-4,38.4,440.0,0.0,(ウワサノルイ),60.0
2021104749,エグザルテーション,2025/03/12,名古屋,曇,9,ペガサス座特別(B),12,8,12,43.2,7.0,6,大原浩司,54.0,ダ,1500.0,重,97.5,1.8,6-4-7,40.4,440.0,1.0,ユウトザアシゲ,
2021104749,エグザルテーション,2025/02/14,名古屋,晴,8,B12組,9,1,1,1.9,1.0,1,塚本征吾,54.0,ダ,1700.0,良,113.6,-0.7,3-3-1,38.8,439.0,1.0,(ハスノミ),60.0
2021104749,エグザルテーション,2025/01/30,名古屋,晴,8,C7組,10,2,2,8.5,3.0,1,塚本征吾,54.0,ダ,1500.0,良,98.2,0.0,9-9-3,37.9,438.0,-14.0,(サクリファイス),50.0
2021104749,エグザルテーション,2025/01/20,名古屋,晴,3,C7組,9,8,8,8.0,4.0,3,塚本征吾,54.0,ダ,1400.0,稍,91.0,0.5,2-2-3,38.8,452.0,6.0,ロイヤルストレート,10.0
2021104749,エグザルテーション,2025/01/06,名古屋,雨,6,C9組,11,4,4,7.3,4.0,2,塚本征吾,54.0,ダ,1500.0,重,98.3,0.7,7-6-4,38.1,446.0,2.0,シトロンヴェール,17.5
2021104749,エグザルテーション,2024/12/24,名古屋,晴,8,C2組,10,4,4,7.9,3.0,3,塚本征吾,54.0,ダ,1500.0,良,98.4,0.5,6-7-5,37.9,444.0,-1.0,イナズマライン,10.8
2021104749,エグザルテーション,2024/12/04,名古屋,晴,2,C17組,12,6,8,23.8,5.0,1,塚本征吾,54.0,ダ,1500.0,良,98.0,0.0,11-10-7,40.1,445.0,-5.0,(レッグスルー),50.0
2021104749,エグザルテーション,2024/11/06,門別,晴,5,3歳以上C4ー2,11,1,1,62.6,9.0,10,松井伸也,55.0,ダ,1200.0,良,77.0,1.3,6-6,39.6,450.0,0.0,テンケイ,
2021104749,エグザルテーション,2024/10/22,門別,曇,6,3歳以上C4ー2,12,5,5,52.0,8.0,9,松井伸也,55.0,ダ,1200.0,稍,77.0,1.1,11-10,39.3,450.0,-6.0,アンクルサンダー,
2021104749,エグザルテーション,2024/10/08,門別,晴,7,3歳以上C4ー2,11,6,8,6.6,3.0,10,松井伸也,55.0,ダ,1700.0,稍,114.6,2.3,4-4-4-5,42.3,456.0,6.0,オウケンライト,
2021104749,エグザルテーション,2024/08/24,2札幌5,晴,9,ルスツ特別(1勝クラス),14,4,5,229.9,11.0,12,松山弘平,53.0,芝,2600.0,良,163.4,1.4,7-7-8-9,37.2,450.0,4.0,ヴェローチェエラ,
2021104749,エグザルテーション,2024/07/28,1札幌4,曇,4,3歳未勝利,15,7,13,99.7,14.0,7,菱田裕二,55.0,芝,2000.0,重,123.2,1.2,4-3-3-4,36.6,446.0,4.0,フォルテフィオーレ,
2021104749,エグザルテーション,2024/06/15,1函館3,晴,7,3歳未勝利,16,7,13,74.9,11.0,9,高杉吏麒,52.0,芝,1800.0,良,108.9,1.0,7-8-9-9,35.7,442.0,0.0,カテリーナ,
2021104749,エグザルテーション,2024/04/13,1福島3,晴,4,3歳未勝利,16,1,1,96.5,9.0,3,河原田菜,51.0,芝,2000.0,良,122.2,0.8,7-6-6-4,36.9,442.0,10.0,キットハナガサク,140.0
2021104749,エグザルテーション,2024/01/27,1小倉5,晴,2,3歳未勝利,14,3,3,66.1,10.0,9,角田大和,54.0,芝,2000.0,良,124.4,2.0,3-3-4-5,38.9,432.0,-12.0,サイレントグルーヴ,
2021104749,エグザルテーション,2024/01/14,1小倉2,晴,5,3歳新馬,14,4,6,44.8,11.0,6,角田大和,54.0,芝,2000.0,良,122.9,1.3,9-10-11-9,35.9,444.0,0.0,インテグレイト,
2021100172,パルティーダ,2026/07/17,名古屋,晴,8,来週から開催!第2回(B),12,6,8,161.9,12.0,9,大畑雅章,57.0,ダ,1500.0,良,98.7,1.6,12-11-11,39.7,490.0,3.0,サトノスフィア,
2021100172,パルティーダ,2026/06/30,名古屋,曇,7,B6組,12,5,6,225.1,11.0,10,大畑雅章,57.0,ダ,1500.0,稍,97.7,1.7,11-11-10,39.8,487.0,-6.0,カンタカナリート,
2021100172,パルティーダ,2026/06/18,名古屋,晴,8,B7組,10,8,9,272.7,10.0,10,大畑雅章,57.0,ダ,1500.0,良,97.4,2.4,9-9-8,39.8,493.0,2.0,グラスビジョン,
2021100172,パルティーダ,2026/06/04,名古屋,晴,8,B6組,11,2,2,54.7,7.0,7,大畑雅章,57.0,ダ,1700.0,稍,112.9,1.9,10-9-8,39.9,491.0,-1.0,エイシンマクルーベ,
2021100172,パルティーダ,2026/05/21,名古屋,雨,7,B7組,10,6,6,26.6,6.0,6,丹羽克輝,57.0,ダ,1500.0,不,97.9,2.1,6-8-7,40.0,492.0,0.0,ミニマルデザイン,
2021100172,パルティーダ,2026/05/06,名古屋,曇,5,B8組,11,5,5,23.3,6.0,4,丹羽克輝,57.0,ダ,1700.0,稍,113.1,2.0,10-8-9,41.7,492.0,1.0,ステラビアンカ,10.5
2021100172,パルティーダ,2026/04/23,名古屋,雨,12,B6組,12,1,1,16.7,7.0,11,丹羽克輝,57.0,ダ,1500.0,不,98.3,2.2,3-5-7,41.1,491.0,1.0,イノセンス,
2021100172,パルティーダ,2026/04/09,名古屋,曇,5,B8組,11,6,6,67.8,8.0,4,村上弘樹,57.0,ダ,1400.0,稍,90.5,0.3,8-8-5,38.8,490.0,-1.0,アルカラス,10.5
2021100172,パルティーダ,2026/03/26,名古屋,晴,12,メディアセレクション(B),11,8,11,2.5,1.0,8,大畑慧悟,57.0,ダ,1500.0,重,98.2,0.7,7-7-8,40.3,491.0,0.0,サンマイメ,
2021100172,パルティーダ,2026/03/12,名古屋,晴,12,土古公園賞(B),10,2,2,11.0,4.0,2,大畑慧悟,57.0,ダ,1700.0,良,111.5,0.2,6-7-7,38.9,491.0,0.0,エイシンゴーオン,22.8
2021100172,パルティーダ,2026/03/02,名古屋,曇,12,いがまんじゅう賞(B),11,8,10,14.0,4.0,3,大畑雅章,57.0,ダ,1500.0,良,97.4,0.3,9-8-7,38.8,491.0,-1.0,テレヴァカ,13.0
2021100172,パルティーダ,2026/02/13,名古屋,晴,12,アジア・アジアパラ応(B),11,7,8,14.6,5.0,4,大畑慧悟,57.0,ダ,1700.0,稍,114.1,1.1,10-11-7,38.5,492.0,-2.0,エンジェルナンバー,9.8
2021100172,パルティーダ,2026/01/30,名古屋,曇,12,アジア・アジアパラ応(B),12,4,4,12.2,5.0,7,大畑雅章,57.0,ダ,1700.0,良,113.6,1.0,10-9-8,38.6,494.0,2.0,ダイゴセイリュウ,
2021100172,パルティーダ,2026/01/19,名古屋,晴,7,B11組,11,6,7,23.9,6.0,2,今井貴大,57.0,ダ,1500.0,良,97.7,0.2,5-5-3,38.8,492.0,1.0,ゼットサンダー,22.8
2021100172,パルティーダ,2026/01/05,名古屋,晴,9,譲葉賞(B),11,7,9,37.9,6.0,5,村上弘樹,57.0,ダ,1700.0,良,113.1,2.0,11-11-11,37.9,491.0,-5.0,タイキフィアリーベ,6.5
2021100172,パルティーダ,2025/12/24,名古屋,小雨,12,2025金シャチゴー(B),11,6,6,20.1,4.0,9,大畑雅章,57.0,ダ,1700.0,不,112.6,4.8,9-11-7,41.5,496.0,4.0,ウィットビーアビー,
2021100172,パルティーダ,2025/12/10,名古屋,晴,7,がんばれ!三重の畜産(B),12,7,9,13.0,5.0,3,阪野学,57.0,ダ,1400.0,良,91.3,0.8,8-6-5,38.7,492.0,-2.0,ノーブルカクテル,13.0
2021100172,パルティーダ,2025/11/26,名古屋,晴,9,B10組,11,8,11,8.6,5.0,4,大畑雅章,57.0,ダ,1500.0,良,98.3,0.4,5-5-5,40.1,494.0,2.0,スターロード,9.8
2021100172,パルティーダ,2025/11/13,名古屋,曇,6,C2組,11,3,3,5.4,3.0,4,大畑雅章,57.0,ダ,1500.0,稍,98.5,0.3,5-5-1,40.1,492.0,2.0,ターミバレンシア,9.0
2021100172,パルティーダ,2025/10/31,名古屋,雨,9,C2組,12,7,10,9.4,5.0,4,大畑雅章,57.0,ダ,1500.0,重,98.1,0.3,5-5-5,39.3,490.0,2.0,オニジオオタニ,9.0
2021100172,パルティーダ,2025/10/02,名古屋,晴,12,B5組,12,7,10,19.3,6.0,9,今井貴大,57.0,ダ,920.0,良,58.8,2.3,12,37.0,488.0,4.0,ライトスピード,
2021100172,パルティーダ,2025/09/18,名古屋,晴,6,早川康夫爆誕記念(B),12,3,3,5.3,3.0,6,今井貴大,57.0,ダ,1500.0,良,100.7,1.5,7-4-5,41.2,484.0,-8.0,マライアガーネット,
2021100172,パルティーダ,2025/09/04,名古屋,小雨,7,B6組,12,8,12,6.2,4.0,5,今井貴大,57.0,ダ,1400.0,良,93.2,2.3,12-11-10,39.6,492.0,6.0,ギースバッハ,6.5
2021100172,パルティーダ,2025/06/05,名古屋,晴,8,B8組,12,8,11,3.4,3.0,5,宮下瞳,55.0,ダ,1700.0,稍,112.0,1.0,7-7-7,40.2,486.0,-4.0,フィフティズ,6.5
2021100172,パルティーダ,2025/05/23,名古屋,曇,12,アジア・アジアパラ応(B),12,3,3,3.4,2.0,5,今井貴大,57.0,ダ,1500.0,良,98.0,0.7,6-5-3,40.6,490.0,-1.0,コーラルトレジャー,6.5
2021100172,パルティーダ,2025/05/09,名古屋,雨,9,B11組,11,7,9,3.4,2.0,3,今井貴大,57.0,ダ,1700.0,重,112.3,0.1,3-2-2,39.0,491.0,4.0,クールクラバート,13.0
2021100172,パルティーダ,2025/04/25,名古屋,曇,4,C5組,11,7,9,1.4,1.0,1,今井貴大,57.0,ダ,1500.0,稍,99.1,-0.3,4-2-2,41.1,487.0,-5.0,(ヴァンダルジャン),55.0
2021100172,パルティーダ,2025/04/11,名古屋,晴,4,C5組,12,8,12,1.9,1.0,2,今井貴大,57.0,ダ,1400.0,稍,90.9,0.3,2-2-2,38.9,492.0,-4.0,オリオンハート,19.3
2021100172,パルティーダ,2025/03/27,名古屋,曇,5,C13組,11,4,4,1.7,1.0,1,今井貴大,56.0,ダ,1500.0,稍,97.3,-0.2,3-2-1,39.6,496.0,-2.0,(ディアマンドロップ),50.0
2021100172,パルティーダ,2025/03/02,2中山2,晴,8,4歳以上1勝クラス,16,2,3,323.8,13.0,9,大野拓弥,58.0,ダ,1800.0,良,116.7,2.4,14-14-15-14,40.1,498.0,6.0,アースイオス,
2021100172,パルティーダ,2025/01/26,1中山9,晴,6,4歳以上1勝クラス,16,6,12,67.1,12.0,13,大野拓弥,57.0,ダ,1800.0,良,117.2,1.9,6-6-7-10,40.8,492.0,0.0,ライジンマル,
2021100172,パルティーダ,2024/11/04,門別,雨,9,JBCデーはSPAT(C3),10,8,10,1.3,1.0,4,落合玄太,57.0,ダ,1800.0,良,119.0,0.9,3-3-4-3,40.4,492.0,-8.0,アンクルサンダー,7.7
2021100172,パルティーダ,2024/10/23,門別,雨,10,パンジー特別(C3),12,3,3,2.8,2.0,3,落合玄太,57.0,ダ,1700.0,不,112.5,1.4,4-4-6-8,41.2,500.0,2.0,デイジーロック,11.6
2021100172,パルティーダ,2024/10/08,門別,晴,1,3歳以上C4ー3,11,7,9,2.9,2.0,1,落合玄太,57.0,ダ,1800.0,稍,119.0,-0.9,3-3-3-3,39.8,498.0,0.0,(ツマヤ),40.0
2021100172,パルティーダ,2024/09/17,門別,晴,6,3歳以上C4ー3,10,6,6,1.5,1.0,2,落合玄太,57.0,ダ,1200.0,稍,75.7,0.4,3-3,38.7,498.0,0.0,ノルディア,11.2
2021100172,パルティーダ,2024/09/05,門別,曇,1,3歳以上C4ー4,9,5,5,1.0,1.0,1,落合玄太,57.0,ダ,1200.0,良,75.7,-1.0,2-1,38.6,498.0,-4.0,(シャンアリーズ),40.0
2021100172,パルティーダ,2024/08/21,門別,晴,4,3歳以上C4ー4,12,7,9,2.1,2.0,2,落合玄太,57.0,ダ,1000.0,稍,62.1,0.3,2-2,37.3,502.0,0.0,ヤマニンアリーズ,11.2
2022104173,ケイズエルミー,2026/05/25,名古屋,晴,10,高浜特別(C),10,6,6,36.9,8.0,3,細川智史,55.0,ダ,1500.0,良,97.7,0.3,9-8-6,37.7,418.0,-4.0,アイスノート,15.0
2022104173,ケイズエルミー,2026/05/08,名古屋,曇,3,祝45歳!キミとの未(C),10,7,8,22.2,7.0,3,細川智史,55.0,ダ,1400.0,稍,91.3,0.1,6-6-6,38.5,422.0,-3.0,ウォーオブサウンド,11.4
2022104173,ケイズエルミー,2026/04/17,笠松,曇,9,C4組,9,2,2,2.2,1.0,3,加藤聡一,55.0,ダ,1580.0,良,107.5,0.4,4-3-3,40.6,425.0,-7.0,ラヴアンドホープ,10.0
2022104173,ケイズエルミー,2026/03/27,名古屋,晴,4,晃暉君珠奈さんご結婚(C),12,8,11,25.3,6.0,4,望月洵輝,55.0,ダ,1500.0,重,98.3,2.0,6-5-8,40.4,432.0,0.0,カンタカナリート,8.3
2022104173,ケイズエルミー,2026/03/05,笠松,晴,1,C5組,8,4,4,1.5,1.0,4,木之前葵,53.0,ダ,1400.0,良,93.4,0.1,6-4-4,39.8,432.0,-2.0,ショウブウン,6.0
2022104173,ケイズエルミー,2026/02/20,笠松,晴,5,剣戟30年・歴史に刻(C),10,5,5,4.0,3.0,3,木之前葵,53.0,ダ,1400.0,良,90.5,0.6,5-5-5,38.5,434.0,-10.0,バックパック,10.0
2022104173,ケイズエルミー,2026/01/30,名古屋,曇,8,残月梅特別(C),10,7,8,39.8,7.0,6,木之前葵,53.0,ダ,1700.0,良,113.1,1.2,7-7-7,39.5,444.0,9.0,トーマステソーロ,
2022104173,ケイズエルミー,2026/01/05,名古屋,晴,8,裏白賞(C),12,4,4,13.4,6.0,2,木之前葵,53.0,ダ,1700.0,良,112.6,0.5,9-7-4,41.0,435.0,-2.0,ビーガール,19.3
2022104173,ケイズエルミー,2025/12/23,名古屋,晴,5,ハッピーウエディング(C),12,2,2,12.8,4.0,4,木之前葵,53.0,ダ,1400.0,稍,91.5,1.1,11-10-8,39.0,437.0,0.0,カフジジャワ,8.3
2022104173,ケイズエルミー,2025/12/10,名古屋,晴,1,C7組,12,6,8,20.7,4.0,4,木之前葵,53.0,ダ,1400.0,良,91.6,1.0,6-4-5,40.3,437.0,7.0,コスモナッシュビル,8.3
2022104173,ケイズエルミー,2025/11/25,名古屋,曇,7,秋麗駒(C),12,6,7,7.1,4.0,4,丸野勝虎,55.0,ダ,1500.0,稍,98.5,0.7,12-8-4,40.1,430.0,5.0,エンジェルナンバー,10.5
2022104173,ケイズエルミー,2025/11/12,名古屋,曇,4,C12組,11,4,4,5.5,3.0,4,木之前葵,53.0,ダ,1400.0,稍,93.1,0.4,9-6-6,39.8,425.0,9.0,ノボリディアマン,8.3
2022104173,ケイズエルミー,2025/10/16,名古屋,曇,9,C8組,12,8,12,28.5,5.0,5,木之前葵,53.0,ダ,1500.0,不,97.3,0.9,10-8-8,39.0,416.0,6.0,オルペラー,5.5
2022104173,ケイズエルミー,2025/10/01,名古屋,晴,7,3歳2組,12,7,9,237.7,10.0,4,木之前葵,53.0,ダ,1500.0,良,98.0,1.3,9-9-6,39.8,410.0,7.0,アースノイド,8.3
2022104173,ケイズエルミー,2025/08/29,船橋,晴,6,稲毛賞(3歳),11,7,9,132.0,10.0,8,椿聡太,51.0,ダ,1500.0,良,98.2,1.0,11-11-11-10,39.2,403.0,3.0,プレストエマ,
2022104173,ケイズエルミー,2025/07/29,船橋,晴,6,西瓜特別(3歳),7,7,7,70.7,7.0,6,椿聡太,51.0,ダ,1500.0,良,99.8,2.4,7-7-7-7,41.6,400.0,-4.0,グランピクニック,
2022104173,ケイズエルミー,2025/06/30,船橋,晴,6,3歳450P,10,3,3,106.0,10.0,7,椿聡太,51.0,ダ,1500.0,良,99.4,1.5,9-9-9-9,40.5,404.0,10.0,エーオ,
2022104173,ケイズエルミー,2025/06/17,川崎,晴,4,三光鳥賞(3歳),14,3,3,187.2,12.0,10,椿聡太,51.0,ダ,1500.0,稍,99.9,1.4,11-11-11-11,41.2,394.0,-3.0,ミヤギエンペラー,
2022104173,ケイズエルミー,2025/06/03,船橋,雨,3,3歳390P,13,2,2,163.2,12.0,6,所蛍,52.0,ダ,1500.0,不,99.1,2.4,9-10-9-7,41.0,397.0,0.0,ホープエトワール,
2022104173,ケイズエルミー,2025/05/05,船橋,晴,3,3歳370P,12,5,6,55.8,9.0,9,椿聡太,51.0,ダ,1500.0,良,100.2,1.8,12-12-12-10,39.1,397.0,-16.0,カムバック,
2022104173,ケイズエルミー,2025/02/12,船橋,曇,8,馬い!江戸前オイスタ(3歳),12,5,5,367.9,12.0,10,篠谷葵,54.0,ダ,1500.0,良,99.2,3.7,11-11-12-12,39.1,413.0,-1.0,ジュンハーベスト,
2022104173,ケイズエルミー,2025/01/21,船橋,晴,6,メアリー賞(3歳),8,7,7,122.9,8.0,7,篠谷葵,54.0,ダ,1500.0,良,98.7,1.4,7-7-7-7,39.6,414.0,-3.0,サティスファイア,
2022104173,ケイズエルミー,2024/12/17,船橋,晴,10,クラーベセクレタ・メ(2歳),12,6,8,58.5,8.0,8,篠谷葵,54.0,ダ,1500.0,良,100.6,2.8,12-12-10-10,40.9,417.0,1.0,リヴェルベロ,
2022104173,ケイズエルミー,2024/11/25,船橋,晴,5,2歳一,9,5,5,109.3,8.0,4,篠谷葵,54.0,ダ,1500.0,良,98.9,1.3,9-9-7-6,39.9,416.0,-5.0,モルジブフレイバー,43.5
2022104173,ケイズエルミー,2024/10/28,船橋,曇,3,2歳110P,5,2,2,11.6,4.0,1,篠谷葵,54.0,ダ,1500.0,重,102.0,-0.1,5-5-5-5,41.4,421.0,-7.0,(キャプテンブルー),240.0
2022104173,ケイズエルミー,2024/09/25,船橋,曇,2,2歳五,8,3,3,21.0,6.0,4,篠谷葵,54.0,ダ,1200.0,良,79.4,1.4,6-6-5,41.3,428.0,1.0,ジーグフェルド,36.0
2022104173,ケイズエルミー,2024/08/30,船橋,曇,4,ハイビスカスデビュー(2歳),5,4,4,18.7,4.0,4,篠谷葵,54.0,ダ,1000.0,不,64.9,1.5,2-2,39.0,427.0,0.0,ウィルシャイン,61.5
2022103895,ミートザターゲット,2026/07/17,名古屋,晴,6,C2組,12,3,3,7.7,4.0,4,丸野勝虎,55.0,ダ,1400.0,良,91.4,1.4,8-8-6,39.3,448.0,8.0,イザベルソレイユ,8.6
2022103895,ミートザターゲット,2026/06/19,名古屋,晴,5,B11組,9,5,5,22.0,5.0,3,近藤颯羽,52.0,ダ,1500.0,良,96.1,1.5,4-3-3,40.0,440.0,-9.0,タマモサイジョ,14.0
2022103895,ミートザターゲット,2026/05/04,園田,晴,1,C2三,7,7,7,3.4,2.0,4,南部楓馬,52.0,ダ,1400.0,重,96.4,1.2,5-4-3-1,42.5,449.0,-1.0,ラベンサラ,10.5
2022103895,ミートザターゲット,2026/04/21,園田,曇,2,C2二,9,8,9,3.4,2.0,5,小牧太,55.0,ダ,1400.0,良,94.6,1.2,4-4-1-1,40.3,450.0,1.0,クリノクーチャン,7.0
2022103895,ミートザターゲット,2026/03/26,園田,曇,6,C3,10,5,5,2.6,2.0,1,小牧太,55.0,ダ,1230.0,重,83.3,-0.2,5-5-4-1,40.3,449.0,-1.0,(ワキノアリエス),60.0
2022103895,ミートザターゲット,2026/03/12,姫路,晴,6,C3一,9,8,10,,,取,小牧太,55.0,ダ,1400.0,良,,,,,,,テキサスツイスター,
2022103895,ミートザターゲット,2026/02/17,姫路,晴,3,C3一,10,8,9,2.7,2.0,8,小牧太,55.0,ダ,1400.0,良,96.5,1.6,3-3-3-2,42.2,450.0,3.0,カットバック,
2022103895,ミートザターゲット,2026/02/04,姫路,晴,5,汐咲7.5ハロンC3,11,5,5,2.4,2.0,3,永井孝典,55.0,ダ,1500.0,良,102.9,0.3,1-1-1-1,42.6,447.0,9.0,デルマヴェーダ,15.0
2022103895,ミートザターゲット,2025/09/25,園田,曇,7,C2二,10,7,7,1.8,1.0,2,永井孝典,55.0,ダ,1400.0,良,92.0,0.3,5-5-2-1,40.2,438.0,7.0,インティパイロ,28.0
2022103895,ミートザターゲット,2025/09/03,園田,晴,7,C2二,10,4,4,5.0,3.0,2,永井孝典,55.0,ダ,1400.0,良,92.2,0.1,9-9-2-2,38.8,431.0,1.0,ビッグリヴァーサル,28.0
2022103895,ミートザターゲット,2025/08/09,1札幌5,晴,2,3歳未勝利,14,7,11,90.2,11.0,13,黛弘人,55.0,ダ,1700.0,重,109.8,4.6,12-11-14-14,40.8,430.0,-8.0,ミサビスケッツ,
2022103895,ミートザターゲット,2025/07/06,2福島4,曇,6,3歳未勝利,16,3,5,10.3,4.0,13,石神深道,52.0,ダ,1150.0,良,70.9,2.3,8-10,38.0,438.0,0.0,エスシーレベッカ,
2022103895,ミートザターゲット,2025/06/15,3東京4,小雨,1,3歳未勝利,16,2,4,32.5,8.0,3,石神深道,52.0,ダ,1400.0,重,84.4,0.1,4-3,37.1,438.0,10.0,キカオクベシ,140.0
2022103895,ミートザターゲット,2025/03/22,2中山7,晴,1,3歳未勝利,16,8,16,12.6,4.0,10,小林凌大,55.0,ダ,1200.0,重,74.9,3.5,7-7,38.9,428.0,-4.0,パラサイコロジー,
2022103895,ミートザターゲット,2025/03/02,2中山2,晴,1,3歳未勝利,16,8,16,25.7,7.0,3,小林凌大,55.0,ダ,1200.0,良,73.3,0.5,8-7,38.3,432.0,-8.0,サブアトミック,140.0
2022103895,ミートザターゲット,2024/12/21,5中山7,晴,2,2歳未勝利,16,1,2,69.5,9.0,8,石神深道,52.0,ダ,1800.0,良,117.4,1.6,4-4-4-3,40.0,440.0,0.0,コンアフェット,
2022103895,ミートザターゲット,2024/10/20,4東京6,晴,5,2歳新馬,18,8,18,43.4,11.0,9,三浦皇成,55.0,芝,1800.0,良,109.8,1.3,6-2-2,35.5,440.0,0.0,エネルジコ,
2022106369,オレイニウタイマス,2026/07/02,名古屋,曇,7,恋路ヶ浜賞(C),11,8,11,5.4,4.0,1,望月洵輝,55.0,ダ,1400.0,不,89.3,-0.3,1-1-1,39.4,449.0,1.0,(メイショウオハコ),57.0
2022106369,オレイニウタイマス,2026/06/19,名古屋,曇,1,C6組,10,4,4,9.7,2.0,2,望月洵輝,55.0,ダ,1500.0,良,96.9,1.3,1-1-1,39.9,448.0,-3.0,ブルースバローズ,20.0
2022106369,オレイニウタイマス,2026/06/04,名古屋,晴,2,C7組,11,4,4,2.5,1.0,3,望月洵輝,55.0,ダ,1500.0,重,97.5,0.1,3-4-4,39.6,451.0,7.0,ジオパークコハク,11.4
2022106369,オレイニウタイマス,2026/05/06,名古屋,曇,3,せいなちゃんハーフ成(C),11,5,5,2.3,1.0,8,望月洵輝,55.0,ダ,1500.0,稍,99.5,0.9,4-5-5,41.0,444.0,-6.0,バウアピアーズ,
2022106369,オレイニウタイマス,2026/04/23,名古屋,雨,1,C11組,11,2,2,3.7,2.0,5,望月洵輝,55.0,ダ,1500.0,重,96.6,0.9,1-1-1,40.4,450.0,0.0,ファルコナーラ,5.7
2022106369,オレイニウタイマス,2026/04/09,名古屋,晴,3,C16組,11,8,11,3.6,1.0,2,望月洵輝,55.0,ダ,1400.0,稍,91.6,0.4,1-3-1,39.2,450.0,-3.0,ミスティブルー,20.0
2022106369,オレイニウタイマス,2026/03/25,名古屋,小雨,2,C15組,11,1,1,97.9,10.0,3,加藤誓二,55.0,ダ,1400.0,稍,92.6,0.6,3-3-3,41.7,453.0,-2.0,エファセデリエール,11.0
2022106369,オレイニウタイマス,2026/03/10,名古屋,晴,10,C17組,12,6,8,111.6,11.0,4,加藤誓二,55.0,ダ,1500.0,良,99.0,1.3,3-3-4,41.9,455.0,1.0,テルケンユミガール,8.3
2022106369,オレイニウタイマス,2026/02/26,名古屋,晴,3,C17組,11,7,9,206.7,9.0,9,加藤誓二,55.0,ダ,1400.0,重,92.5,1.7,10-11-9,40.5,454.0,-2.0,パルジファル,
2022106369,オレイニウタイマス,2026/02/10,名古屋,曇,9,C18組,11,6,8,192.4,8.0,11,加藤誓二,55.0,ダ,1500.0,良,102.1,3.1,9-8-10,40.9,456.0,2.0,バイバイダーリン,
2022106369,オレイニウタイマス,2026/01/28,名古屋,晴,5,C16組,12,1,1,181.6,11.0,12,加藤誓二,55.0,ダ,1500.0,良,101.0,3.6,12-12-12,41.0,454.0,0.0,カリビアンブルー,
2022106369,オレイニウタイマス,2026/01/15,名古屋,晴,3,C17組,11,6,6,43.7,6.0,5,加藤誓二,55.0,ダ,1400.0,良,92.3,1.1,6-5-5,40.1,454.0,1.0,ウォーオブサウンド,5.5
2022106369,オレイニウタイマス,2026/01/04,名古屋,晴,3,2026年ぽんまつり(C),11,5,5,13.1,5.0,9,加藤誓二,55.0,ダ,1500.0,良,99.1,1.3,8-10-8,40.0,453.0,-2.0,アーキハッカー,
2022106369,オレイニウタイマス,2025/12/22,名古屋,晴,3,昨日はカナの誕生日!(C),12,1,1,27.1,6.0,4,加藤誓二,55.0,ダ,1400.0,重,91.3,1.7,4-4-3,39.8,455.0,-3.0,タマモサイジョ,8.3
2022106369,オレイニウタイマス,2025/12/05,名古屋,晴,12,大入川特別(C),12,8,12,55.9,7.0,7,加藤誓二,55.0,ダ,1500.0,良,98.4,1.6,9-11-11,39.9,458.0,-1.0,オッシレイション,
2022106369,オレイニウタイマス,2025/11/25,名古屋,曇,6,LJS名古屋ラウンド(C),8,2,2,25.0,7.0,3,中島良美,53.0,ダ,1400.0,稍,92.1,0.1,1-1-1,39.2,459.0,-2.0,ベアショット,20.0
2022106369,オレイニウタイマス,2025/11/10,名古屋,晴,7,C24組,11,8,10,16.9,5.0,3,加藤誓二,55.0,ダ,1400.0,稍,92.2,0.9,9-9-9,39.4,461.0,-6.0,モアサナイト,11.0
2022106369,オレイニウタイマス,2025/10/29,名古屋,晴,3,C20組,12,8,11,218.5,10.0,5,加藤誓二,55.0,ダ,1400.0,良,91.6,0.6,3-3-3,39.2,467.0,12.0,セイスカーレット,5.5
2022106369,オレイニウタイマス,2025/09/30,名古屋,晴,7,3歳8組,12,4,4,87.5,10.0,10,村上弘樹,55.0,ダ,1500.0,良,100.1,2.3,6-9-4,41.3,455.0,-2.0,コスモナッシュビル,
2022106369,オレイニウタイマス,2025/09/17,名古屋,曇,3,3歳6組,12,5,5,90.4,7.0,7,村上弘樹,55.0,ダ,1500.0,良,99.4,2.2,9-10-8,40.4,457.0,2.0,バトンロード,
2022106369,オレイニウタイマス,2025/08/19,浦和,晴,5,3歳三,11,8,10,24.5,6.0,11,室陽一朗,54.0,ダ,1400.0,稍,93.8,4.7,4-5-7-9,43.6,455.0,5.0,ハクシンドラゴン,
2022106369,オレイニウタイマス,2025/07/23,浦和,晴,1,ランチタイムチャレン(3歳),9,8,9,26.9,7.0,3,室陽一朗,54.0,ダ,1400.0,良,91.5,1.3,3-3-3-3,41.3,450.0,-1.0,ハヤブサナンデヒメ,40.0
2022106369,オレイニウタイマス,2025/06/27,浦和,曇,4,浦和800ラウンド(3歳),10,8,9,45.1,8.0,4,室陽一朗,53.0,ダ,800.0,稍,48.0,0.4,3-3,35.6,451.0,-1.0,オレイア,27.0
2022106369,オレイニウタイマス,2025/05/29,浦和,曇,4,3歳八,9,7,9,119.5,8.0,8,中島良美,52.0,ダ,1400.0,良,92.5,2.1,8-8-9-8,39.1,452.0,5.0,コウユーミューミュ,
2022106369,オレイニウタイマス,2025/04/25,浦和,曇,4,浦和800ラウンド(3歳),11,5,5,30.1,7.0,8,中島良美,51.0,ダ,800.0,良,50.4,1.7,9-8,36.6,447.0,1.0,ビナベンチェ,
2022106369,オレイニウタイマス,2025/03/18,浦和,晴,3,浦和800ラウンド(3歳),11,5,5,62.4,9.0,9,室陽一朗,53.0,ダ,800.0,稍,51.1,2.5,9-9,37.6,446.0,-2.0,シェナウエーブ,
2022106369,オレイニウタイマス,2024/11/19,浦和,晴,4,浦和800ラウンド(2歳),8,6,6,33.4,5.0,4,橋本直哉,54.0,ダ,800.0,良,49.7,1.5,4-4,37.2,448.0,0.0,アサガオ,39.0
2022106369,オレイニウタイマス,2024/10/23,浦和,曇,3,2歳四,10,4,4,8.6,5.0,10,橋本直哉,54.0,ダ,1400.0,良,97.2,4.7,5-7-9-9,43.5,448.0,4.0,カミノワ,
2022106369,オレイニウタイマス,2024/09/18,浦和,曇,5,ドリームチャレンジ(2歳),6,6,6,5.9,3.0,3,橋本直哉,54.0,ダ,800.0,良,49.8,1.7,3-3,37.1,444.0,0.0,シナノクーパー,105.0
2022105150,ラミントン,2026/07/03,名古屋,晴,1,名古屋モーニングフィ(C),12,6,7,2.5,1.0,7,加藤聡一,55.0,ダ,1500.0,重,97.5,1.8,1-1-1,41.9,510.0,8.0,ホウオウシーザー,
2022105150,ラミントン,2026/06/18,名古屋,晴,7,初蛍賞(C),11,6,7,5.3,3.0,1,加藤聡一,55.0,ダ,1700.0,良,110.2,-1.8,2-1-1,39.7,502.0,-4.0,(マルクドクール),57.0
2022105150,ラミントン,2026/06/03,名古屋,晴,6,父の日のプレゼントな(C),12,8,12,5.0,3.0,3,加藤聡一,55.0,ダ,1500.0,重,97.6,0.2,2-2-2,39.8,506.0,-2.0,ロジアンドモルタル,11.4
2022105150,ラミントン,2026/05/21,名古屋,雨,2,C13組,10,5,5,3.4,2.0,10,加藤聡一,55.0,ダ,1500.0,重,99.5,2.4,6-7-10,41.0,508.0,-7.0,サーフギャラクシー,
2022105150,ラミントン,2026/05/06,名古屋,小雨,12,八曽山特別(C),12,8,12,2.2,2.0,7,加藤聡一,55.0,ダ,1700.0,稍,114.3,2.2,2-3-3,43.5,515.0,5.0,タマモルピナス,
2022105150,ラミントン,2026/04/24,名古屋,曇,10,港特別(C),11,7,9,,,取,加藤聡一,55.0,ダ,1700.0,重,,,,,,,ベレーザフィン,
2022105150,ラミントン,2026/03/24,名古屋,晴,3,C21組,10,5,5,1.1,1.0,1,今井貴大,55.0,ダ,1500.0,良,98.7,-0.6,2-1-1,40.1,510.0,6.0,(メムエクラ),55.0
2022105150,ラミントン,2026/02/15,1小倉8,晴,6,4歳以上1勝クラス,16,1,1,14.8,6.0,15,亀田温心,55.0,芝,2000.0,稍,123.7,2.6,8-7-15-14,37.5,504.0,-2.0,ダノンジャイアン,
2022105150,ラミントン,2025/11/08,4京都1,晴,12,3歳以上1勝クラス,14,7,11,17.5,6.0,8,西村淳也,54.0,芝,2000.0,良,121.8,0.9,1-1-1-1,35.3,506.0,4.0,ノーランサンライズ,
2022105150,ラミントン,2025/09/13,4阪神3,曇,7,3歳未勝利,18,8,17,103.9,13.0,5,吉村誠之,54.0,芝,1800.0,良,105.7,0.3,14-13,34.1,502.0,10.0,エンベッカ,56.0
2022105150,ラミントン,2025/07/05,2小倉3,晴,2,3歳未勝利,16,7,13,14.7,6.0,11,亀田温心,55.0,ダ,1700.0,良,109.2,1.8,13-13-4-6,39.3,492.0,8.0,ヴォルクメア,
2022105150,ラミントン,2024/10/06,4新潟2,晴,2,2歳未勝利,15,3,5,33.2,9.0,15,亀田温心,55.0,芝,1800.0,良,110.9,2.7,5-5,37.9,484.0,0.0,ブルバンビーナ,
2022105150,ラミントン,2024/09/14,3中京3,晴,5,2歳新馬,11,7,9,12.1,6.0,10,北村友一,55.0,芝,1400.0,良,83.3,1.1,11-11,34.5,484.0,0.0,ナムラクララ,
2021102208,フークベルエ,2026/07/17,名古屋,晴,12,金シャチ最終戦777(C),12,7,10,12.4,6.0,9,丸山真一,55.0,ダ,1500.0,良,99.3,2.0,10-10-12,40.5,476.0,6.0,メタルクラフト,
2021102208,フークベルエ,2026/06/22,名古屋,曇,9,B13組,10,5,5,17.5,5.0,8,丸山真一,55.0,ダ,1500.0,稍,97.9,1.8,9-9-9,38.5,470.0,-1.0,ルナフェイズ,
2021102208,フークベルエ,2026/06/05,名古屋,曇,8,B10組,12,7,9,43.9,8.0,7,丸山真一,55.0,ダ,1700.0,稍,111.8,1.7,9-9-9,39.8,471.0,-1.0,テルケンレンスター,
2021102208,フークベルエ,2026/05/25,名古屋,晴,7,B13組,10,1,1,8.5,5.0,5,近藤颯羽,52.0,ダ,1500.0,良,97.5,0.7,7-7-9,39.3,472.0,3.0,アスタリウス,7.0
2021102208,フークベルエ,2026/05/08,名古屋,曇,2,B14組,11,8,11,36.1,7.0,3,友森翔太,55.0,ダ,1500.0,稍,97.7,0.0,6-6-5,39.9,469.0,-2.0,バイマイセルフ,14.0
2021102208,フークベルエ,2026/04/24,名古屋,曇,8,金城ふ頭特別(C),11,5,5,245.1,11.0,3,村上弘樹,55.0,ダ,1400.0,重,90.6,1.7,8-9-7,38.8,471.0,5.0,ノブエイト,15.0
2021102208,フークベルエ,2026/03/26,名古屋,晴,12,メディアセレクション(B),11,6,6,171.7,11.0,11,村上弘樹,55.0,ダ,1500.0,重,99.4,1.9,9-11-11,41.2,466.0,3.0,サンマイメ,
2021102208,フークベルエ,2026/03/12,名古屋,晴,7,荒子運河橋賞(B),10,5,5,34.6,6.0,9,村上弘樹,55.0,ダ,1500.0,良,98.6,2.7,9-9-9,39.1,463.0,2.0,アンセムバローズ,
2021102208,フークベルエ,2026/03/02,名古屋,曇,12,いがまんじゅう賞(B),11,4,4,33.7,7.0,5,村上弘樹,55.0,ダ,1500.0,良,98.2,1.1,10-10-10,39.0,461.0,0.0,テレヴァカ,6.5
2021102208,フークベルエ,2026/02/12,名古屋,晴,5,B9組,11,5,5,39.3,7.0,6,村上弘樹,55.0,ダ,1500.0,稍,98.7,1.3,9-6-8,39.6,461.0,-5.0,ワウワウワウ,
2021102208,フークベルエ,2026/01/30,名古屋,曇,12,アジア・アジアパラ応(B),12,2,2,17.0,6.0,3,村上弘樹,55.0,ダ,1700.0,良,113.2,0.6,2-3-1,38.7,466.0,2.0,ダイゴセイリュウ,13.0
2021102208,フークベルエ,2026/01/05,名古屋,晴,12,仕事始め賞(B),11,8,10,10.4,5.0,8,村上弘樹,55.0,ダ,1700.0,良,112.6,2.3,10-10-10,39.6,464.0,-2.0,エイシンガウディ,
2021102208,フークベルエ,2025/12/23,名古屋,小雨,10,B9組,11,8,10,8.9,5.0,2,村上弘樹,55.0,ダ,1700.0,稍,112.8,0.0,8-6-6,39.5,466.0,0.0,ヘーメル,22.8
2021102208,フークベルエ,2025/11/25,名古屋,曇,5,B8組,12,7,10,71.1,10.0,3,関本玲花,53.0,ダ,1500.0,稍,98.0,0.4,11-11-7,38.0,466.0,-5.0,フジファンタジスタ,13.0
2021102208,フークベルエ,2025/11/13,名古屋,曇,12,グリーンチャンネル開(B),11,1,1,64.1,10.0,9,村上弘樹,55.0,ダ,1500.0,稍,98.6,1.7,11-11-11,39.9,471.0,-7.0,スパルタンワールド,
2021102208,フークベルエ,2025/10/31,名古屋,雨,12,アジア・アジアパラ応(B),11,1,1,25.4,6.0,5,村上弘樹,55.0,ダ,1500.0,重,98.4,1.2,9-10-9,39.7,478.0,14.0,コパノデーヴィド,6.5
2021102208,フークベルエ,2025/09/19,名古屋,曇,12,アジア・アジアパラ応(B),10,3,3,,,取,友森翔太,55.0,ダ,1700.0,良,,,,,,,レイグレース,
2021102208,フークベルエ,2025/09/05,名古屋,曇,6,雄介&未夏結婚10周(C),12,1,1,12.8,7.0,1,友森翔太,55.0,ダ,1500.0,不,98.7,-0.2,7-8-7,41.1,464.0,1.0,(ナイトフォールサン),55.0
2021102208,フークベルエ,2025/08/22,名古屋,晴,6,C4組,11,2,2,14.4,5.0,5,友森翔太,55.0,ダ,1400.0,良,91.0,0.6,10-10-9,38.9,463.0,-3.0,ロイヤルストレート,5.5
2021102208,フークベルエ,2025/07/24,名古屋,晴,5,ぽんず初誕生日記念(C),12,6,7,17.6,9.0,2,村上弘樹,55.0,ダ,1400.0,良,90.4,0.1,10-10-8,38.3,466.0,0.0,ゼンダンサクラ,19.3
2021102208,フークベルエ,2025/07/10,名古屋,晴,4,C6組,12,4,4,11.1,6.0,6,村上弘樹,55.0,ダ,1500.0,良,98.2,1.0,11-10-10,39.1,466.0,7.0,バビロン,
2021102208,フークベルエ,2025/06/17,名古屋,晴,6,C6組,12,8,12,4.0,2.0,8,村上弘樹,55.0,ダ,1400.0,稍,90.9,1.4,7-5-8,39.0,459.0,2.0,カゲンノツキ,
2021102208,フークベルエ,2025/06/05,名古屋,晴,4,C9組,12,8,12,9.3,2.0,2,村上弘樹,55.0,ダ,1500.0,稍,97.9,0.1,11-9-6,39.9,457.0,-2.0,ヤモリアツマレ,19.3
2021102208,フークベルエ,2025/05/22,名古屋,曇,1,C9組,12,1,1,33.8,9.0,7,村上弘樹,55.0,ダ,920.0,重,57.6,1.5,10,36.4,459.0,0.0,ティタン,
2021102208,フークベルエ,2025/05/07,名古屋,晴,4,C14組,10,7,8,6.1,3.0,2,小笠原羚,51.0,ダ,1400.0,重,92.6,0.0,10-8-8,39.6,459.0,3.0,ロジスクリーン,19.3
2021102208,フークベルエ,2025/04/23,名古屋,曇,4,C16組,10,8,10,17.2,6.0,3,村上弘樹,55.0,ダ,920.0,不,57.6,1.2,9,36.3,456.0,-2.0,ニシノマツリ,11.0
2021102208,フークベルエ,2025/04/09,名古屋,晴,9,C13組,12,5,6,59.2,7.0,6,村上弘樹,55.0,ダ,1400.0,良,93.8,2.0,10-8-11,39.6,458.0,2.0,コーラルトレジャー,
2021102208,フークベルエ,2025/03/27,名古屋,曇,6,C12組,11,7,8,25.0,7.0,7,村上弘樹,54.0,ダ,1500.0,稍,99.7,1.0,9-9-9,39.9,456.0,1.0,キタサンバンビーナ,
2021102208,フークベルエ,2025/03/14,名古屋,晴,1,C9組,12,8,11,9.4,5.0,11,村上弘樹,54.0,ダ,1400.0,稍,92.6,1.5,12-11-11,40.1,455.0,-3.0,バビロン,
2021102208,フークベルエ,2025/02/26,名古屋,晴,7,C13組,11,8,10,41.7,8.0,3,村上弘樹,54.0,ダ,1500.0,良,98.5,0.5,10-10-8,39.9,458.0,5.0,テンケイ,10.0
2021102208,フークベルエ,2025/02/12,名古屋,小雪,4,C14組,11,6,7,79.7,9.0,5,村上弘樹,54.0,ダ,1500.0,良,98.6,0.6,10-10-10,39.7,453.0,7.0,レオプルミエール,5.0
2021102208,フークベルエ,2025/01/30,名古屋,晴,1,C14組,10,5,5,68.7,7.0,7,大畑慧悟,54.0,ダ,920.0,良,58.3,1.5,8,37.1,446.0,-1.0,コヴィーニャ,
2021102208,フークベルエ,2025/01/17,名古屋,晴,3,C14組,10,8,10,24.0,4.0,3,今井貴大,54.0,ダ,1400.0,良,92.4,1.5,9-8-4,39.9,447.0,2.0,ウォーターアレ,10.0
2021102208,フークベルエ,2025/01/04,名古屋,晴,10,C14組,11,5,5,10.7,5.0,7,宮下瞳,52.0,ダ,1500.0,良,98.3,1.3,8-6-6,39.4,445.0,-2.0,キタノダロマ,
2021102208,フークベルエ,2024/12/23,名古屋,晴,4,C12組,8,8,9,2.9,1.0,6,宮下瞳,52.0,ダ,1500.0,良,99.9,1.5,3-3-6,40.0,447.0,-6.0,リンクビーナス,
2021102208,フークベルエ,2024/12/05,名古屋,晴,6,C9組,12,3,3,119.0,9.0,6,宮下瞳,52.0,ダ,1500.0,良,98.4,1.6,5-7-8,40.1,453.0,0.0,カラヲヤブレ,
2021102208,フークベルエ,2024/11/22,名古屋,小雨,6,C10組,12,2,2,133.0,9.0,4,友森翔太,54.0,ダ,1500.0,良,98.5,0.8,7-7-5,40.1,453.0,-5.0,シラカワノセキ,6.3
2021102208,フークベルエ,2024/11/13,名古屋,晴,5,C11組,12,5,6,42.4,7.0,4,宮下瞳,52.0,ダ,1400.0,良,91.1,1.8,9-9-7,39.3,458.0,6.0,ガーニュ,7.5
2021102208,フークベルエ,2024/10/31,名古屋,曇,6,C12組,12,7,9,20.7,3.0,6,宮下瞳,52.0,ダ,1500.0,稍,98.4,1.9,8-8-7,40.0,452.0,-2.0,ガンバリキ,
2021102208,フークベルエ,2024/10/18,名古屋,曇,4,C12組,12,4,4,72.9,7.0,7,大畑慧悟,54.0,ダ,1500.0,良,98.2,2.6,10-10-9,39.5,454.0,2.0,ホウオウバローロ,
2021102208,フークベルエ,2024/10/03,名古屋,雨,4,C12組,12,7,9,24.6,5.0,5,宮下瞳,52.0,ダ,1400.0,重,89.9,0.8,7-5-5,39.3,452.0,2.0,オウケンボス,5.0
2021102208,フークベルエ,2024/09/19,名古屋,曇,7,3歳3組,12,6,7,11.7,3.0,7,宮下瞳,52.0,ダ,1500.0,良,97.9,0.9,11-10-10,40.0,450.0,-4.0,ザハーフェル,
2021102208,フークベルエ,2024/09/03,名古屋,曇,7,3歳4組,10,6,7,34.3,7.0,3,大畑慧悟,54.0,ダ,1500.0,稍,96.8,0.2,10-10-8,38.7,454.0,0.0,ムメ,10.0
2021102208,フークベルエ,2024/08/07,名古屋,晴,7,3歳3組,11,8,11,,,取,宮下瞳,52.0,ダ,1500.0,良,,,,,,,ハクサンソヌス,
2021102208,フークベルエ,2024/07/24,名古屋,曇,5,3歳4組,12,6,7,177.1,11.0,5,宮下瞳,52.0,ダ,1500.0,良,96.9,0.6,10-8-8,39.7,454.0,4.0,ノクターナル,5.0
2021102208,フークベルエ,2024/07/10,名古屋,曇,8,3歳3組,12,7,9,121.3,9.0,7,宮下瞳,52.0,ダ,1500.0,稍,97.7,2.0,9-9-10,40.5,450.0,0.0,エスタボニート,
2021102208,フークベルエ,2024/06/26,名古屋,曇,6,3歳3組,12,7,9,25.5,7.0,7,宮下瞳,52.0,ダ,1500.0,良,97.9,0.8,8-8-8,39.6,450.0,0.0,スキルハンター,
2021102208,フークベルエ,2024/06/12,名古屋,晴,8,3歳3組,11,8,12,28.0,8.0,7,宮下瞳,52.0,ダ,1500.0,良,98.1,1.6,6-5-9,40.5,450.0,0.0,ウンザーシャイネン,
2021102208,フークベルエ,2024/05/28,名古屋,雨,9,3歳3組,12,8,12,16.3,6.0,2,宮下瞳,52.0,ダ,1500.0,不,97.7,0.1,7-7-6,39.3,450.0,-2.0,フォーザウィン,18.9
2021102208,フークベルエ,2024/05/16,名古屋,曇,5,3歳4組,12,8,11,23.4,5.0,4,望月洵輝,51.0,ダ,1500.0,重,99.4,1.1,8-5-7,40.4,452.0,2.0,アフリカンビート,8.1
2021102208,フークベルエ,2024/05/01,名古屋,雨,3,3歳3組,11,7,9,27.3,5.0,7,望月洵輝,51.0,ダ,1500.0,稍,100.1,2.0,10-10-10,38.8,450.0,3.0,ハチャトリアン,
2021102208,フークベルエ,2024/04/23,名古屋,曇,6,3歳4組,10,3,3,29.9,7.0,3,望月洵輝,51.0,ダ,1500.0,重,99.1,1.1,8-7-8,40.3,447.0,0.0,ゼンダンヤマト,10.8
2021102208,フークベルエ,2024/04/09,名古屋,晴,7,3歳2組,11,2,2,24.2,7.0,6,宮下瞳,52.0,ダ,1500.0,不,100.2,1.0,8-8-8,41.4,447.0,-4.0,ビックピカンテ,
2021102208,フークベルエ,2024/03/13,名古屋,晴,5,3歳3組,12,5,6,75.6,7.0,6,大畑慧悟,52.0,ダ,1500.0,重,98.9,2.8,12-12-11,39.5,451.0,2.0,ルタンアリュール,
2021102208,フークベルエ,2024/02/12,名古屋,晴,2,3歳2組,12,6,8,117.9,8.0,11,宮下瞳,52.0,ダ,1500.0,良,101.1,2.9,12-12-12,41.6,449.0,0.0,ウワサノルイ,
2021102208,フークベルエ,2024/01/29,名古屋,晴,1,アズーリファミリー仲(3歳),11,5,5,29.4,5.0,4,宮下瞳,52.0,ダ,1500.0,稍,99.1,0.7,7-7-7,40.3,449.0,4.0,フォーザウィン,7.5
2021102208,フークベルエ,2024/01/17,名古屋,晴,10,名古屋CCアップル賞(3歳),12,6,7,118.9,8.0,8,宮下瞳,52.0,ダ,1500.0,良,98.3,1.7,9-10-9,39.3,445.0,-1.0,リードアクトレス,
2021102208,フークベルエ,2024/01/02,名古屋,晴,4,3歳2組,10,5,5,30.9,6.0,5,宮下瞳,52.0,ダ,1500.0,良,99.1,1.3,8-8-8,40.6,446.0,-3.0,プリンセスベル,5.0
2021102208,フークベルエ,2023/12/20,名古屋,晴,4,2歳2組,9,8,8,2.9,1.0,9,宮下瞳,52.0,ダ,1500.0,良,100.7,2.5,6-5-9,41.3,449.0,-4.0,コールミーメイビー,
2021102208,フークベルエ,2023/12/13,名古屋,晴,3,2歳3組,12,7,10,3.0,1.0,3,宮下瞳,52.0,ダ,1500.0,重,99.8,2.3,6-3-3,42.1,453.0,-1.0,サマリンダ,12.0
2021102208,フークベルエ,2023/11/28,名古屋,晴,1,2歳2組,9,2,2,1.6,1.0,2,宮下瞳,52.0,ダ,1500.0,良,99.3,0.9,4-4-3,41.9,454.0,-5.0,ドリームエンドレス,21.0
2021102208,フークベルエ,2023/11/17,名古屋,曇,1,2歳牝馬,12,5,6,6.7,3.0,1,宮下瞳,52.0,ダ,1500.0,不,97.5,-0.2,4-3-2,39.8,459.0,1.0,(パラダイスライン),60.0
2021102208,フークベルエ,2023/10/17,門別,晴,3,2歳牝馬未勝利(未勝利),12,5,6,154.7,10.0,4,阿部龍,54.0,ダ,1000.0,稍,64.4,0.8,11-11,38.1,458.0,-10.0,ジャストチャックル,7.0
2021102208,フークベルエ,2023/10/05,門別,雨,1,2歳未勝利(未勝利),11,8,11,142.0,9.0,9,阿部龍,54.0,ダ,1200.0,稍,79.5,3.1,11-11,41.0,468.0,14.0,ベストカリフ,
2021102208,フークベルエ,2023/09/06,門別,曇,7,2歳未勝利(未勝利),9,3,3,59.4,7.0,6,桑村真明,54.0,ダ,1600.0,重,110.7,3.0,8-8-7-8,43.9,454.0,-4.0,バラライカ,
2021102208,フークベルエ,2023/08/24,門別,晴,2,2歳未勝利(未勝利),8,1,1,141.4,6.0,6,桑村真明,54.0,ダ,1600.0,良,109.4,1.5,7-6-4-5,43.0,458.0,-6.0,ウルラニ,
2021102208,フークベルエ,2023/08/10,門別,曇,2,2歳未勝利(未勝利),9,4,4,38.3,7.0,5,桑村真明,54.0,ダ,1600.0,稍,111.5,2.6,7-7-5-6,44.6,464.0,6.0,ムットクルフェ,3.5
2021102208,フークベルエ,2023/07/06,門別,曇,6,JRA認定フレッシュ(新馬)(2歳),9,4,4,12.6,5.0,8,桑村真明,54.0,ダ,1100.0,稍,73.2,4.4,8-9,41.6,458.0,0.0,イイデスカイハイ,
2019103085,ビップレジアス,2026/07/17,名古屋,晴,10,南知多特別(C),12,8,12,39.8,10.0,10,東川慎,55.0,ダ,1500.0,良,100.3,2.5,1-1-1,43.0,461.0,-4.0,ハクサンフラッシュ,
2019103085,ビップレジアス,2026/07/01,名古屋,小雨,7,天の川疾風戦(B),11,7,10,63.9,9.0,9,東川慎,55.0,ダ,920.0,稍,57.0,2.4,6,37.6,465.0,3.0,ゴールデンリング,
2019103085,ビップレジアス,2026/06/17,名古屋,晴,8,レサト賞(B),11,6,7,321.2,9.0,9,近藤颯羽,52.0,ダ,1400.0,良,92.0,1.2,2-1-5,39.0,462.0,0.0,エブライト,
2019103085,ビップレジアス,2026/06/04,名古屋,晴,8,B6組,11,7,10,310.6,10.0,9,東川慎,55.0,ダ,1700.0,稍,113.3,2.3,3-3-7,41.2,462.0,-4.0,エイシンマクルーベ,
2019103085,ビップレジアス,2026/05/21,名古屋,雨,7,B7組,10,4,4,43.0,7.0,9,近藤颯羽,52.0,ダ,1500.0,不,99.7,3.9,2-3-5,42.3,466.0,2.0,ミニマルデザイン,
2019103085,ビップレジアス,2026/05/05,名古屋,晴,1,デネボラ疾風戦(B),11,3,3,84.3,8.0,8,近藤颯羽,52.0,ダ,920.0,重,57.2,1.2,3,37.6,464.0,1.0,タイセイフォルテ,
2019103085,ビップレジアス,2026/04/22,名古屋,曇,12,シェリアク賞(B),12,2,2,187.2,11.0,11,近藤颯羽,52.0,ダ,1400.0,良,92.1,3.7,3-4-9,41.8,463.0,-4.0,マンノデュエット,
2019103085,ビップレジアス,2026/03/25,名古屋,雨,10,ナガバノイシモチソウ(A),12,1,1,399.8,9.0,12,明星晴大,54.0,ダ,920.0,不,59.0,4.1,11,39.1,467.0,1.0,スティールアクター,
2019103085,ビップレジアス,2026/03/12,名古屋,晴,8,弥生昇竜戦(A),12,5,6,188.4,11.0,12,東川慎,55.0,ダ,1400.0,良,91.9,4.0,9-10-11,39.2,466.0,1.0,エレインアスティ,
2019103085,ビップレジアス,2026/01/21,姫路,曇,9,C1,12,5,6,99.8,11.0,12,廣瀬航,55.0,ダ,800.0,良,52.4,1.8,3-5,39.1,465.0,1.0,サウンドアンフィニ,
2019103085,ビップレジアス,2025/12/16,園田,晴,12,B2,12,3,3,118.7,10.0,10,小谷哲平,53.0,ダ,820.0,良,51.7,0.9,6-5,37.5,464.0,-17.0,アポストロフィー,
2019103085,ビップレジアス,2025/11/03,園田,晴,7,B2,12,2,2,60.4,8.0,12,田野豊三,55.0,ダ,820.0,稍,53.5,3.4,9-8,38.9,481.0,-5.0,アグネスシュウ,
2019103085,ビップレジアス,2025/10/17,園田,晴,9,B2,11,1,1,13.6,7.0,7,廣瀬航,55.0,ダ,820.0,良,51.8,1.0,8-6,37.2,486.0,8.0,ジューンコメット,
2019103085,ビップレジアス,2025/09/08,川崎,晴,7,剛勇賞(C1),12,3,3,16.7,5.0,6,笹川翼,54.0,ダ,900.0,稍,56.4,1.6,4-3,39.0,478.0,-1.0,ルックアトミー,
2019103085,ビップレジアス,2025/08/21,川崎,晴,9,紅蓮賞(C1),12,3,3,3.8,2.0,6,野畑凌,54.0,ダ,900.0,良,56.0,1.0,1-2,38.6,479.0,13.0,モーモーブラック,
2019103085,ビップレジアス,2025/07/07,川崎,晴,12,閃光賞(C1),12,6,7,3.6,2.0,7,矢野貴之,54.0,ダ,900.0,良,56.3,1.2,12-12,37.2,466.0,1.0,バッファローライズ,
2019103085,ビップレジアス,2025/06/18,川崎,晴,7,颯爽賞(C1),12,4,4,2.5,1.0,1,矢野貴之,54.0,ダ,900.0,良,55.0,-0.2,1-1,37.7,465.0,-7.0,(セキテイレア),120.0
2019103085,ビップレジアス,2024/09/04,川崎,晴,10,山紫水明賞(B2B3),12,5,6,4.4,1.0,8,森泰斗,53.0,ダ,900.0,重,56.6,1.2,4-5,39.3,472.0,3.0,クロッチ,
2019103085,ビップレジアス,2024/08/08,川崎,曇,8,快刀乱麻賞(B3),9,4,4,2.6,2.0,8,矢野貴之,54.0,ダ,900.0,良,56.2,1.3,2-3,39.1,469.0,-1.0,サンエイジロー,
2019103085,ビップレジアス,2024/07/25,川崎,雨,8,迅速賞(C1),11,7,9,2.4,1.0,1,矢野貴之,54.0,ダ,900.0,良,54.4,-0.5,1-1,37.3,470.0,-2.0,(ダイメイタマナ),120.0
2019103085,ビップレジアス,2024/07/01,川崎,雨,9,閃光賞(C1),9,1,1,4.4,2.0,1,矢野貴之,54.0,ダ,900.0,重,55.2,-0.3,1-1,37.9,472.0,2.0,(イソエヴィクラント),120.0
2019103085,ビップレジアス,2024/06/11,川崎,晴,6,駿逸賞(C1),12,1,1,2.5,1.0,2,矢野貴之,54.0,ダ,900.0,稍,55.0,0.5,1-1,37.7,470.0,9.0,トニープリンス,48.0
2019103085,ビップレジアス,2024/01/29,川崎,晴,8,久遠賞(C1),12,1,1,5.6,2.0,2,笹川翼,54.0,ダ,900.0,良,56.1,0.3,5-3,38.3,461.0,2.0,ガーレ,48.0
2019103085,ビップレジアス,2024/01/02,川崎,曇,9,双六賞(C1),11,8,10,3.0,2.0,7,矢野貴之,54.0,ダ,900.0,良,56.5,1.8,2-5,39.0,459.0,3.0,ガーレ,
2019103085,ビップレジアス,2023/12/11,川崎,曇,10,闘魂賞(C1),12,6,8,1.8,1.0,1,矢野貴之,54.0,ダ,900.0,良,55.8,-0.3,1-1,38.2,456.0,-8.0,(ロジスティクス),120.0
2019103085,ビップレジアス,2023/11/07,川崎,曇,8,金剛賞(C1),12,7,9,2.3,1.0,1,矢野貴之,54.0,ダ,900.0,良,55.5,-0.4,1-1,38.2,464.0,-1.0,(ヒガシブレーヴ),120.0
2019103085,ビップレジアス,2023/07/26,川崎,晴,9,烈火賞(C1),10,8,11,,,取,矢野貴之,54.0,ダ,900.0,良,,,,,,,ブレイブゼウス,
2019103085,ビップレジアス,2023/07/07,川崎,晴,9,ばらで輝くまちあやせ(C2),11,8,11,2.3,1.0,1,矢野貴之,54.0,ダ,900.0,良,54.1,-0.8,1-1,37.1,465.0,-5.0,(パンディーロ),100.0
2019103085,ビップレジアス,2023/06/12,川崎,雨,7,風神賞(C2),12,4,4,1.9,1.0,3,矢野貴之,54.0,ダ,900.0,不,55.6,0.7,2-1,38.5,470.0,-4.0,ノボインパクト,25.0
2019103085,ビップレジアス,2023/05/18,川崎,晴,6,雷響賞(C2),12,5,5,9.3,5.0,1,矢野貴之,54.0,ダ,900.0,良,54.4,-0.8,1-1,37.1,474.0,11.0,(シェリーアモール),100.0
2019103085,ビップレジアス,2023/04/03,川崎,晴,5,界雷賞(C2),11,1,1,2.9,2.0,5,矢野貴之,54.0,ダ,900.0,良,56.8,0.5,8-8,38.4,463.0,5.0,アウタースペース,10.0
2019103085,ビップレジアス,2023/03/02,川崎,曇,3,天雷賞(C2),12,6,7,1.8,1.0,4,矢野貴之,54.0,ダ,900.0,良,56.2,0.6,5-6,38.8,458.0,-7.0,スノープリンセス,15.0
2019103085,ビップレジアス,2023/02/02,川崎,曇,12,渦雷賞(C2),12,6,8,5.0,2.0,4,矢野貴之,54.0,ダ,900.0,良,55.7,0.2,1-2,38.3,465.0,1.0,ガーレ,15.0
2019103085,ビップレジアス,2022/11/10,川崎,晴,3,プファイル賞(3歳),12,7,9,3.4,2.0,1,矢野貴之,54.0,ダ,900.0,良,55.4,-1.4,1-1,37.8,464.0,7.0,(ホワイトマルタン),140.0
2019103085,ビップレジアス,2022/10/10,川崎,晴,4,ランチャ特別(3歳),11,8,10,4.7,3.0,9,矢野貴之,54.0,ダ,1400.0,重,96.3,4.5,1-1-2-4,46.6,457.0,5.0,エレウテリア,
2019103085,ビップレジアス,2022/08/28,金沢,晴,8,3歳A2,7,6,6,3.0,2.0,3,松戸政也,54.0,ダ,1500.0,稍,98.3,0.3,2-2-1-2,41.0,452.0,-2.0,エンバース,6.5
2019103085,ビップレジアス,2022/08/14,金沢,雨,6,Setsuさん全国競(3歳),8,6,6,3.7,2.0,2,松戸政也,54.0,ダ,1400.0,稍,90.4,0.3,1-1-1-1,38.5,454.0,-4.0,アロマフォルテ,11.8
2019103085,ビップレジアス,2022/08/02,金沢,晴,6,わたあめさんしろーは(3歳),9,6,6,1.6,1.0,3,松戸政也,54.0,ダ,1500.0,良,97.9,0.8,1-1-1-1,40.9,458.0,2.0,パーシスト,5.9
2019103085,ビップレジアス,2022/07/19,金沢,雨,4,3歳B2,10,2,2,1.7,1.0,1,松戸政也,54.0,ダ,1400.0,不,88.7,-0.2,1-1-1-1,38.1,456.0,-5.0,(アロマフォルテ),35.0
2019103085,ビップレジアス,2022/07/05,金沢,曇,1,未勝利(3歳),7,4,4,1.6,1.0,1,松戸政也,54.0,ダ,1400.0,稍,90.4,-0.4,2-2-1-1,40.0,461.0,3.0,(ハジメテノチュウ),35.0
2019103085,ビップレジアス,2022/05/29,1新潟8,晴,5,3歳未勝利,15,3,5,98.0,12.0,11,松本大輝,52.0,ダ,1200.0,良,74.2,1.8,8-8,39.6,458.0,2.0,ソールズベリー,
2019103085,ビップレジアス,2022/05/14,1新潟3,曇,1,3歳未勝利,15,7,12,103.2,10.0,9,菊沢一樹,54.0,ダ,1200.0,稍,73.3,1.3,4-4,39.9,456.0,0.0,アタカンテ,
2019103085,ビップレジアス,2022/03/12,2中山5,晴,4,3歳未勝利,16,7,13,101.8,14.0,16,津村明秀,54.0,ダ,1200.0,良,74.4,1.8,2-4,40.4,456.0,0.0,ロジヴィクトリア,
2021105847,ボスコヴェローチェ,2026/07/17,名古屋,晴,6,C2組,12,6,8,104.1,11.0,8,丹羽克輝,57.0,ダ,1400.0,良,91.9,1.9,10-12-9,39.1,517.0,-7.0,イザベルソレイユ,
2021105847,ボスコヴェローチェ,2026/06/18,名古屋,晴,5,B8組,9,2,2,141.7,9.0,6,丹羽克輝,57.0,ダ,1500.0,良,97.1,1.7,5-7-3,38.9,524.0,0.0,ラブリーセナ,
2021105847,ボスコヴェローチェ,2026/06/04,名古屋,晴,7,B7組,11,7,10,292.1,11.0,9,丹羽克輝,57.0,ダ,1500.0,稍,97.8,2.0,9-9-8,40.7,524.0,-5.0,ワカギミ,
2021105847,ボスコヴェローチェ,2026/05/21,名古屋,雨,6,B8組,10,8,9,179.5,10.0,7,丹羽克輝,57.0,ダ,1500.0,重,99.0,2.2,10-10-9,41.2,529.0,-1.0,スターインパクト,
2021105847,ボスコヴェローチェ,2026/05/06,名古屋,曇,5,B8組,11,1,1,106.6,10.0,9,大原浩司,57.0,ダ,1700.0,稍,115.4,4.3,11-11-11,42.8,530.0,-2.0,ステラビアンカ,
2021105847,ボスコヴェローチェ,2026/04/23,名古屋,雨,12,B6組,12,7,9,76.1,9.0,9,塚本征吾,57.0,ダ,1500.0,不,97.4,1.3,11-10-10,39.3,532.0,9.0,イノセンス,
2021105847,ボスコヴェローチェ,2026/04/09,名古屋,曇,8,B7組,12,8,12,64.2,8.0,11,丹羽克輝,57.0,ダ,1500.0,稍,99.3,3.5,12-12-12,39.2,523.0,-5.0,ミダスリスト,
2021105847,ボスコヴェローチェ,2026/03/27,名古屋,晴,9,敦盛特別(C),10,8,10,37.1,8.0,1,丹羽克輝,57.0,ダ,2000.0,稍,135.0,-0.2,3-3-1,39.3,528.0,2.0,(リヴァスピナー),85.0
2021105847,ボスコヴェローチェ,2026/03/13,名古屋,曇,9,泰明町特別(C),10,8,9,23.4,7.0,8,丹羽克輝,57.0,ダ,1700.0,良,113.5,2.1,10-10-10,39.8,526.0,-4.0,イノセンス,
2021105847,ボスコヴェローチェ,2026/03/02,名古屋,曇,9,東風特別(C),12,8,12,52.3,9.0,9,丹羽克輝,57.0,ダ,2000.0,良,136.1,1.7,6-8-10,40.0,530.0,5.0,テルケンレンジョイ,
2021105847,ボスコヴェローチェ,2026/02/13,名古屋,晴,9,カップケーキ特別(C),11,1,1,65.1,8.0,7,丹羽克輝,57.0,ダ,1700.0,稍,113.8,3.3,8-8-7,41.8,525.0,1.0,サンダーフレア,
2021105847,ボスコヴェローチェ,2026/01/30,名古屋,曇,9,香散見草特別(C),10,6,6,41.0,8.0,7,丹羽克輝,57.0,ダ,2000.0,良,134.6,1.5,8-9-8,41.5,524.0,-2.0,ドラゴンラック,
2021105847,ボスコヴェローチェ,2026/01/19,名古屋,晴,11,すずしろ特別(C),11,6,7,117.5,8.0,8,丹羽克輝,57.0,ダ,1700.0,良,113.6,2.0,10-10-8,40.3,526.0,-2.0,アイガー,
2021105847,ボスコヴェローチェ,2026/01/03,名古屋,曇,11,尾張名古屋杯(C),12,1,1,160.1,11.0,12,丹羽克輝,57.0,ダ,1500.0,稍,99.0,3.9,11-12-12,41.5,528.0,24.0,カシマスウィープ,
2021105847,ボスコヴェローチェ,2025/12/05,名古屋,晴,7,B5組,12,6,7,117.8,8.0,12,丹羽克輝,57.0,ダ,1500.0,良,103.3,5.9,12-12-12,43.4,504.0,-17.0,アキヨシパワー,
2021105847,ボスコヴェローチェ,2025/09/17,名古屋,曇,8,YJSトライアルラウ(B),12,5,6,32.8,11.0,9,大久保友,57.0,ダ,1500.0,良,99.3,0.9,11-12-12,39.7,521.0,4.0,ステラデルシエロ,
2021105847,ボスコヴェローチェ,2025/09/02,名古屋,晴,10,シェダル特別(B),12,7,10,40.5,6.0,8,丹羽克輝,57.0,ダ,1500.0,良,98.7,1.6,10-8-9,39.1,517.0,1.0,オリオンハート,
2021105847,ボスコヴェローチェ,2025/08/18,名古屋,晴,9,デネブ特別(B),12,8,11,18.9,5.0,6,丹羽克輝,57.0,ダ,1400.0,良,90.9,2.8,5-5-5,39.7,516.0,-10.0,タナバタ,
2021105847,ボスコヴェローチェ,2025/07/18,名古屋,曇,10,アルフェッカ特別(B),12,3,3,49.6,8.0,9,丹羽克輝,57.0,ダ,920.0,不,56.6,1.0,12,35.9,526.0,6.0,ケイカ,
2021105847,ボスコヴェローチェ,2025/07/08,名古屋,晴,10,B3組,11,7,9,6.2,3.0,3,丹羽克輝,57.0,ダ,1700.0,良,111.3,0.4,10-10-6,39.9,520.0,-5.0,ランペイジシチー,13.0
2021105847,ボスコヴェローチェ,2025/06/25,名古屋,晴,7,B5組,12,5,6,7.8,5.0,1,丹羽克輝,57.0,ダ,1700.0,重,110.6,-0.2,6-6-1,39.1,525.0,-1.0,(ミクロフィラム),65.0
2021105847,ボスコヴェローチェ,2025/06/16,名古屋,晴,7,B5組,11,7,8,8.0,4.0,4,丹羽克輝,57.0,ダ,1500.0,重,97.2,1.7,7-8-6,38.3,526.0,-3.0,オリオンハート,9.8
2021105847,ボスコヴェローチェ,2025/06/05,名古屋,晴,12,B6組,12,5,5,3.0,2.0,6,丹羽克輝,57.0,ダ,1400.0,稍,90.7,0.8,5-6-5,38.8,529.0,1.0,アスキステソーロ,
2021105847,ボスコヴェローチェ,2025/05/08,名古屋,晴,12,B8組,10,1,1,8.8,3.0,2,丹羽克輝,57.0,ダ,1400.0,重,91.2,0.0,4-6-2,38.9,528.0,2.0,クロダブシ,22.8
2021105847,ボスコヴェローチェ,2025/04/25,名古屋,曇,7,C2組,12,6,7,7.5,3.0,1,丹羽克輝,57.0,ダ,1400.0,稍,90.8,-0.4,8-7-4,39.8,526.0,3.0,(ウィービースティ),60.0
2021105847,ボスコヴェローチェ,2025/04/11,名古屋,晴,12,阿寺の七滝特別(C),12,6,8,13.1,7.0,7,丹羽克輝,57.0,ダ,920.0,稍,58.1,0.9,9,37.2,523.0,2.0,ハクサンフラッシュ,
2021105847,ボスコヴェローチェ,2025/03/31,名古屋,曇,9,伊良湖岬特別(C),10,7,7,6.2,4.0,2,丹羽克輝,56.0,ダ,1700.0,稍,113.3,0.6,4-5-3,38.4,521.0,-9.0,キタノダロマ,26.3
2021105847,ボスコヴェローチェ,2025/03/14,名古屋,晴,5,C8組,12,6,8,5.2,2.0,1,丹羽克輝,56.0,ダ,1500.0,稍,98.1,-0.2,5-6-5,39.7,530.0,-3.0,(フォートポータル),50.0
2021105847,ボスコヴェローチェ,2025/02/27,名古屋,晴,4,C9組,10,8,11,,,取,丹羽克輝,56.0,ダ,1400.0,良,,,,,,,リタリエイション,
2021105847,ボスコヴェローチェ,2025/02/14,名古屋,晴,7,C2組,11,1,1,43.3,8.0,3,丹羽克輝,56.0,ダ,1500.0,良,98.5,0.2,5-6-6,40.3,533.0,2.0,ロイヤルストレート,10.8
2021105847,ボスコヴェローチェ,2025/01/28,名古屋,晴,5,C22組,11,8,11,8.2,3.0,1,丹羽克輝,56.0,ダ,1500.0,良,98.2,-0.4,3-2-1,38.7,531.0,2.0,(ホワイトリバー),50.0
2021105847,ボスコヴェローチェ,2025/01/15,名古屋,晴,4,C20組,12,5,5,2.8,2.0,6,塚本征吾,56.0,ダ,1400.0,良,93.5,0.5,7-8-8,40.7,529.0,-4.0,キングリッキー,
2021105847,ボスコヴェローチェ,2025/01/02,名古屋,晴,7,C20組,12,5,5,8.7,4.0,6,丹羽克輝,56.0,ダ,1500.0,良,98.4,1.3,9-9-7,39.7,533.0,1.0,ロジペルレスト,
2021105847,ボスコヴェローチェ,2024/12/19,名古屋,晴,3,C24組,9,3,3,3.2,2.0,3,丹羽克輝,56.0,ダ,1400.0,良,93.4,0.1,4-5-2,38.9,532.0,5.0,アースヒロイン,10.0
2021105847,ボスコヴェローチェ,2024/12/03,名古屋,晴,7,C20組,11,5,6,11.0,4.0,2,丹羽克輝,56.0,ダ,1500.0,良,99.2,0.6,5-5-5,40.1,527.0,-3.0,コープスリバイバー,17.5
2021105847,ボスコヴェローチェ,2024/11/21,名古屋,晴,1,C21組,12,7,10,58.5,9.0,8,丹羽克輝,56.0,ダ,920.0,良,58.6,1.3,11,37.5,530.0,-1.0,アールアンドビー,
2021105847,ボスコヴェローチェ,2024/11/11,名古屋,晴,8,C23組,12,4,4,70.9,9.0,3,丹羽克輝,56.0,ダ,1400.0,良,92.2,0.6,11-7-4,39.2,531.0,5.0,シスコスター,10.0
2021105847,ボスコヴェローチェ,2024/10/29,名古屋,雨,8,C24組,12,5,6,30.6,6.0,5,塚本征吾,56.0,ダ,1500.0,不,99.2,2.1,12-12-10,39.3,526.0,-3.0,アイアムイブシギン,5.0
2021105847,ボスコヴェローチェ,2024/10/16,名古屋,曇,8,C23組,12,2,2,41.4,9.0,7,塚本征吾,56.0,ダ,1400.0,良,92.9,1.4,12-12-11,38.5,529.0,9.0,サイレントヴォイス,
2021105847,ボスコヴェローチェ,2024/10/01,名古屋,晴,9,C23組,11,2,2,49.1,5.0,5,塚本征吾,56.0,ダ,1400.0,稍,91.2,2.3,8-8-8,39.0,520.0,-5.0,リアリータイト,5.0
2021105847,ボスコヴェローチェ,2024/09/18,名古屋,晴,1,3歳13組,12,5,5,88.5,10.0,6,大原浩司,56.0,ダ,1500.0,良,98.2,1.6,11-10-9,39.4,525.0,-2.0,レイヌドサーブル,
2021105847,ボスコヴェローチェ,2024/09/05,名古屋,晴,2,名古屋モーニングフィ(3歳),11,2,2,16.5,5.0,6,塚本征吾,56.0,ダ,1500.0,良,98.8,2.0,8-7-10,39.7,527.0,-3.0,ウォーターリッシュ,
2021105847,ボスコヴェローチェ,2024/08/22,名古屋,晴,2,3歳11組,12,4,4,13.3,6.0,8,大原浩司,56.0,ダ,1500.0,良,99.2,4.0,10-10-10,40.9,530.0,0.0,エイジランナー,
2021105847,ボスコヴェローチェ,2024/08/08,名古屋,晴,1,名古屋モーニングフィ(3歳),11,7,8,5.7,3.0,3,塚本征吾,56.0,ダ,1400.0,良,90.8,1.0,6-6-6,39.7,530.0,2.0,エラトステネス,10.0
2021105847,ボスコヴェローチェ,2024/07/26,名古屋,晴,2,名古屋モーニングフィ(3歳),12,8,12,6.8,4.0,4,丸野勝虎,56.0,ダ,1500.0,良,97.9,0.6,5-5-3,39.8,528.0,-1.0,オウケンボス,7.5
2021105847,ボスコヴェローチェ,2024/07/15,名古屋,晴,2,名古屋モーニングフィ(3歳),12,4,4,34.9,8.0,10,東川慎,56.0,ダ,1500.0,重,98.0,2.0,11-12-11,40.3,529.0,4.0,アヴィエーター,
2021105847,ボスコヴェローチェ,2024/06/28,名古屋,雨,3,3歳12組,12,2,2,29.2,8.0,9,東川慎,56.0,ダ,1500.0,不,98.7,2.9,12-12-11,40.1,525.0,-7.0,マンダレー,
2021105847,ボスコヴェローチェ,2024/05/19,3京都10,小雨,4,3歳未勝利,15,8,14,319.5,15.0,15,西塚洸二,55.0,芝,2400.0,良,150.4,2.5,11-11-14-15,36.1,532.0,-8.0,ジャスティンライズ,
2021105847,ボスコヴェローチェ,2024/05/05,1新潟4,晴,3,3歳未勝利,15,6,10,77.8,13.0,12,永島まな,55.0,ダ,1800.0,良,117.6,3.1,13-13-12-12,39.7,540.0,0.0,マーブルマウンテン,
2021105847,ボスコヴェローチェ,2024/03/23,1中京5,雨,5,3歳未勝利,14,8,14,96.6,12.0,14,吉田隼人,57.0,芝,2200.0,重,141.1,3.9,7-7-8-10,39.4,540.0,-12.0,ブロッケンボウ,
2021105847,ボスコヴェローチェ,2024/03/10,1中京2,晴,5,3歳未勝利,11,7,8,42.3,6.0,10,吉田隼人,57.0,芝,2200.0,良,139.2,2.1,9-9-10-10,35.9,552.0,0.0,オールセインツ,
2021100925,ヤモリアツマレ,2026/07/17,名古屋,晴,12,金シャチ最終戦777(C),12,5,6,29.3,9.0,8,木之前葵,55.0,ダ,1500.0,良,99.2,1.9,1-1-4,41.3,445.0,12.0,メタルクラフト,
2021100925,ヤモリアツマレ,2026/07/03,名古屋,晴,6,邨松名古屋でも頑張れ(B),12,5,5,68.2,11.0,9,丹羽克輝,57.0,ダ,1500.0,稍,98.1,1.9,4-6-8,40.7,433.0,-7.0,ウィッティングハム,
2021100925,ヤモリアツマレ,2026/06/22,名古屋,曇,6,ちひろとはると付き合(B),10,2,2,10.8,7.0,8,丹羽克輝,57.0,ダ,1500.0,稍,98.7,1.8,4-4-6,40.7,440.0,4.0,タマモルピナス,
2021100925,ヤモリアツマレ,2026/06/05,名古屋,曇,6,君枝&翔結婚12周年(B),12,6,8,49.3,6.0,8,丹羽克輝,57.0,ダ,1400.0,稍,91.1,0.8,4-4-4,39.2,436.0,-7.0,テーオーリップマン,
2021100925,ヤモリアツマレ,2026/05/25,名古屋,晴,12,碧南特別(C),11,3,3,7.3,5.0,4,丹羽克輝,57.0,ダ,1700.0,良,112.7,0.9,1-1-1,40.3,443.0,3.0,ワカギミ,12.8
2021100925,ヤモリアツマレ,2026/05/08,名古屋,曇,3,祝45歳!キミとの未(C),10,3,3,6.2,4.0,2,丹羽克輝,57.0,ダ,1400.0,稍,91.2,0.0,1-1-1,39.0,440.0,-1.0,ウォーオブサウンド,20.0
2021100925,ヤモリアツマレ,2026/04/24,名古屋,曇,6,C3組,12,1,1,11.4,4.0,9,丹羽克輝,57.0,ダ,1500.0,重,98.4,2.6,1-1-4,42.1,441.0,-6.0,パトジュニア,
2021100925,ヤモリアツマレ,2026/04/13,名古屋,曇,4,C6組,10,4,4,7.3,3.0,2,丹羽克輝,57.0,ダ,1500.0,良,97.5,0.3,1-1-1,39.0,447.0,9.0,サンライズプロミス,20.0
2021100925,ヤモリアツマレ,2026/03/27,名古屋,晴,2,C6組,12,6,8,28.9,5.0,8,丹羽克輝,57.0,ダ,1500.0,重,99.3,1.6,5-6-6,41.5,438.0,1.0,ハッピードリーム,
2021100925,ヤモリアツマレ,2026/03/12,名古屋,晴,3,れなちゃん生誕記念(C),11,6,6,16.7,6.0,2,丹羽克輝,57.0,ダ,1500.0,良,97.4,0.0,1-1-2,38.8,437.0,-5.0,オイナリサン,19.3
2021100925,ヤモリアツマレ,2026/02/27,名古屋,曇,3,絃葉ちゃん3歳誕生日(C),11,2,2,26.6,7.0,3,丹羽克輝,57.0,ダ,1400.0,重,91.2,0.4,1-1-2,39.7,442.0,6.0,オーバードライブ,11.0
2021100925,ヤモリアツマレ,2026/02/11,名古屋,曇,6,C12組,12,7,10,35.3,6.0,3,丹羽克輝,57.0,ダ,1400.0,重,91.9,1.2,2-2-3,39.3,436.0,-4.0,ドリームトリップ,11.0
2021100925,ヤモリアツマレ,2026/01/29,名古屋,曇,3,C11組,12,6,8,107.5,7.0,5,丹羽克輝,57.0,ダ,1400.0,良,92.2,0.5,2-2-2,39.1,440.0,-3.0,リヴァスピナー,5.5
2021100925,ヤモリアツマレ,2026/01/15,名古屋,晴,10,"1,700m戦ごぎょ(C)",10,4,4,17.1,5.0,3,大畑慧悟,57.0,ダ,1700.0,良,114.7,0.8,1-2-2,39.4,443.0,0.0,ラブリーセナ,11.0
2021100925,ヤモリアツマレ,2026/01/04,名古屋,晴,6,松の内賞(C),12,4,4,39.3,7.0,7,東川慎,57.0,ダ,1700.0,良,114.1,2.2,3-5-7,41.7,443.0,0.0,ロックマジェスティ,
2021100925,ヤモリアツマレ,2025/12/23,名古屋,小雨,8,C8組,12,5,5,125.4,9.0,8,丹羽克輝,57.0,ダ,920.0,稍,58.1,1.8,10,38.1,443.0,3.0,オーセンティアン,
2021100925,ヤモリアツマレ,2025/12/10,名古屋,晴,2,C6組,12,6,8,363.0,9.0,8,丹羽克輝,57.0,ダ,1500.0,良,99.2,2.1,3-5-6,42.0,440.0,-2.0,マンノデュエット,
2021100925,ヤモリアツマレ,2025/11/26,名古屋,晴,3,C6組,12,6,7,427.0,10.0,3,丹羽克輝,57.0,ダ,1500.0,良,100.1,2.6,3-6-3,41.1,442.0,10.0,フジュム,11.0
2021100925,ヤモリアツマレ,2025/11/12,名古屋,曇,8,C9組,12,2,2,186.0,11.0,7,丹羽克輝,57.0,ダ,1500.0,稍,99.6,2.6,2-2-5,41.5,432.0,-2.0,セレッソレイナ,
2021100925,ヤモリアツマレ,2025/10/17,名古屋,晴,2,C6組,12,6,7,133.4,10.0,8,丹羽克輝,57.0,ダ,1500.0,重,99.6,2.4,3-2-5,41.7,434.0,4.0,ピラニアキッス,
2021100925,ヤモリアツマレ,2025/10/03,名古屋,曇,2,C2組,12,7,9,78.6,8.0,9,丹羽克輝,57.0,ダ,1500.0,良,100.2,2.8,5-4-6,41.6,430.0,1.0,ガンバリキ,
2021100925,ヤモリアツマレ,2025/09/19,名古屋,晴,3,C2組,12,5,6,130.0,12.0,12,大畑雅章,57.0,ダ,1500.0,良,100.9,2.5,11-11-11,41.5,429.0,-1.0,ハイグッドエース,
2021100925,ヤモリアツマレ,2025/09/05,名古屋,曇,6,雄介&未夏結婚10周(C),12,5,5,202.2,12.0,10,大原浩司,57.0,ダ,1500.0,不,100.8,2.1,11-11-12,42.4,430.0,2.0,フークベルエ,
2021100925,ヤモリアツマレ,2025/08/22,名古屋,晴,7,C3組,10,8,11,51.9,10.0,9,大原浩司,57.0,ダ,1500.0,良,99.4,1.7,9-10-9,39.9,428.0,5.0,ヘキレキイッセン,
2021100925,ヤモリアツマレ,2025/07/25,名古屋,晴,2,名古屋モーニングフィ(C),10,7,7,10.4,6.0,7,大畑慧悟,57.0,ダ,1500.0,良,97.6,1.7,5-7-7,40.2,423.0,-1.0,ヴァークスティ,
2021100925,ヤモリアツマレ,2025/07/11,名古屋,晴,5,昴もうすぐお兄ちゃん(C),12,4,4,44.9,8.0,11,丹羽克輝,57.0,ダ,1500.0,良,99.1,1.6,7-11-11,41.1,424.0,-2.0,シャイニングウェイ,
2021100925,ヤモリアツマレ,2025/06/27,名古屋,晴,6,C3組,12,6,7,23.8,8.0,12,丹羽克輝,57.0,ダ,1500.0,稍,99.4,2.1,6-6-9,42.1,426.0,-4.0,ゲンブ,
2021100925,ヤモリアツマレ,2025/06/18,名古屋,晴,9,四谷の千枚田特別(C),12,8,11,9.8,4.0,11,丹羽克輝,57.0,ダ,1400.0,良,92.6,2.4,6-7-9,41.4,430.0,-5.0,アーコレード,
2021100925,ヤモリアツマレ,2025/06/05,名古屋,晴,4,C9組,12,6,7,13.6,5.0,1,丹羽克輝,57.0,ダ,1500.0,稍,97.8,-0.1,1-1-1,40.8,435.0,-2.0,(フークベルエ),55.0
2021100925,ヤモリアツマレ,2025/05/22,名古屋,曇,1,C9組,12,7,9,20.8,7.0,6,丹羽克輝,57.0,ダ,920.0,重,57.6,1.5,6,37.7,437.0,1.0,ティタン,
2021100925,ヤモリアツマレ,2025/05/07,名古屋,晴,5,C13組,10,2,2,19.6,7.0,4,丹羽克輝,57.0,ダ,1500.0,重,99.0,0.5,1-1-2,41.4,436.0,2.0,ウインシャルマン,8.3
2021100925,ヤモリアツマレ,2025/04/23,名古屋,曇,6,C14組,11,2,2,14.0,6.0,5,丹羽克輝,57.0,ダ,1500.0,不,99.2,1.1,6-6-3,41.7,434.0,-5.0,メビウス,5.5
2021100925,ヤモリアツマレ,2025/04/10,名古屋,曇,2,C11組,12,7,10,76.9,8.0,5,丹羽克輝,57.0,ダ,1400.0,良,92.5,0.7,5-3-3,40.4,439.0,2.0,ドラゴンキッド,5.5
2021100925,ヤモリアツマレ,2025/03/27,名古屋,曇,10,五条川特別(C),11,4,4,48.3,6.0,8,丹羽克輝,56.0,ダ,1400.0,稍,93.0,2.0,2-3-3,41.5,437.0,-4.0,スカイレイ,
2021100925,ヤモリアツマレ,2025/03/14,名古屋,晴,1,C9組,12,6,8,7.4,3.0,7,丹羽克輝,56.0,ダ,1400.0,稍,91.6,0.5,3-3-4,39.9,441.0,1.0,バビロン,
2021100925,ヤモリアツマレ,2025/02/26,名古屋,晴,12,矢作古川特別(C),11,6,6,31.4,7.0,4,丹羽克輝,56.0,ダ,1700.0,良,113.3,0.5,3-3-2,40.9,440.0,-2.0,リーゼントキャロル,9.8
2021100925,ヤモリアツマレ,2025/02/13,名古屋,晴,1,C12組,10,6,6,3.7,2.0,6,大畑慧悟,56.0,ダ,1400.0,稍,92.7,1.1,1-1-2,41.0,442.0,-1.0,トウシンイマジ,
2021100925,ヤモリアツマレ,2025/01/30,名古屋,晴,2,C13組,10,8,10,23.3,7.0,4,丹羽克輝,56.0,ダ,1500.0,良,98.6,1.8,2-2-3,40.9,443.0,0.0,オオタニズスマイル,7.5
2021100925,ヤモリアツマレ,2025/01/17,名古屋,晴,4,C13組,10,4,4,14.3,6.0,5,丹羽克輝,56.0,ダ,1500.0,良,99.5,1.0,5-5-5,40.9,443.0,-4.0,アークプルミエ,5.0
2021100925,ヤモリアツマレ,2025/01/04,名古屋,晴,10,C14組,11,7,8,6.5,2.0,3,丹羽克輝,56.0,ダ,1500.0,良,97.9,0.9,4-3-3,39.5,447.0,5.0,キタノダロマ,10.0
2021100925,ヤモリアツマレ,2024/12/20,名古屋,晴,6,C16組,11,1,1,15.6,5.0,7,丹羽克輝,56.0,ダ,1500.0,良,99.5,1.7,6-5-7,39.7,442.0,2.0,ユウトザアシゲ,
2021100925,ヤモリアツマレ,2024/12/04,名古屋,晴,10,宇連川特別(C),12,5,6,158.3,9.0,4,丹羽克輝,56.0,ダ,1500.0,良,98.1,1.8,5-4-5,40.8,440.0,0.0,ハクシュ,9.8
2021100925,ヤモリアツマレ,2024/11/21,名古屋,晴,5,C17組,12,6,7,62.9,8.0,2,丹羽克輝,56.0,ダ,1500.0,良,99.4,0.9,2-1-2,39.8,440.0,0.0,アルディオール,17.5
2021100925,ヤモリアツマレ,2024/11/12,名古屋,晴,7,C17組,12,4,4,284.9,10.0,9,丹羽克輝,56.0,ダ,1500.0,良,99.3,2.2,5-7-6,40.9,440.0,0.0,モヴレクス,
2021100925,ヤモリアツマレ,2024/10/30,名古屋,晴,5,C18組,12,7,10,375.6,11.0,6,丹羽克輝,56.0,ダ,1500.0,重,98.7,2.8,3-1-3,41.3,440.0,7.0,サイドキック,
2021100925,ヤモリアツマレ,2024/10/02,名古屋,晴,7,C16組,12,2,2,163.1,9.0,9,木之前葵,54.0,ダ,1500.0,良,99.7,4.1,11-11-11,41.4,433.0,0.0,レイヌドサーブル,
2021100925,ヤモリアツマレ,2024/09/19,名古屋,曇,9,セプテンバードリーム(3歳),12,5,6,186.4,12.0,11,木之前葵,54.0,ダ,1700.0,良,113.7,3.8,11-12-11,41.6,433.0,0.0,オリオンハート,
2021100925,ヤモリアツマレ,2024/09/04,名古屋,晴,9,ライチョウ特別(3歳),8,4,4,49.5,7.0,7,望月洵輝,54.0,ダ,2000.0,良,134.3,3.0,5-7-6,41.0,433.0,-2.0,ラジカルバローズ,
2021100925,ヤモリアツマレ,2024/08/20,名古屋,曇,9,ホトトギス特別(3歳),12,6,7,317.3,12.0,8,加藤利征,56.0,ダ,1500.0,不,97.6,2.4,10-9-6,40.0,435.0,4.0,テイエムビッグサー,
2021100925,ヤモリアツマレ,2024/08/06,名古屋,晴,10,カッコウ特別(3歳),11,7,8,88.3,9.0,9,望月洵輝,53.0,ダ,1500.0,良,99.8,3.9,10-11-9,41.3,431.0,2.0,ソーラレイ,
2021100925,ヤモリアツマレ,2024/07/24,名古屋,曇,10,名古屋CCマスカット(3歳),12,5,6,218.2,11.0,11,丹羽克輝,56.0,ダ,1500.0,良,97.8,2.7,5-8-9,40.9,429.0,0.0,クロームノワール,
2021100925,ヤモリアツマレ,2024/07/10,名古屋,曇,10,ヒバリ特別(3歳),12,7,9,110.6,11.0,5,丹羽克輝,56.0,ダ,1700.0,稍,111.5,1.8,5-7-7,40.0,429.0,0.0,カルテメトレス,8.0
2021100925,ヤモリアツマレ,2024/06/25,名古屋,曇,9,クジャク特別(3歳),11,5,6,44.3,9.0,8,丹羽克輝,56.0,ダ,1700.0,稍,111.2,1.7,5-5-7,39.9,429.0,-2.0,カルテメトレス,
2021100925,ヤモリアツマレ,2024/06/12,名古屋,晴,10,カモメ特別(3歳),12,7,10,22.9,7.0,4,丹羽克輝,56.0,ダ,1500.0,良,97.6,0.4,3-2-5,39.1,431.0,-2.0,エンパス,12.0
2021100925,ヤモリアツマレ,2024/05/29,名古屋,晴,8,メイドリーム戦(3歳),11,8,11,15.1,7.0,5,丹羽克輝,56.0,ダ,1700.0,稍,112.4,2.3,7-7-6,41.7,433.0,-1.0,コールミーメイビー,8.0
2021100925,ヤモリアツマレ,2024/05/03,名古屋,晴,10,ゴールデンウイークド(3歳),10,8,10,5.8,3.0,3,丹羽克輝,56.0,ダ,1700.0,良,112.2,2.3,4-3-3,40.5,434.0,-2.0,ジャズボーカル,16.0
2021100925,ヤモリアツマレ,2024/04/22,名古屋,曇,9,ツバメ特別(3歳),10,8,10,30.8,6.0,7,丹羽克輝,56.0,ダ,1500.0,不,99.8,2.2,2-4-8,40.1,436.0,1.0,オリオンハート,
2021100925,ヤモリアツマレ,2024/04/09,名古屋,晴,8,ウグイス特別(3歳),12,7,9,6.1,4.0,5,丹羽克輝,56.0,ダ,1700.0,不,115.1,1.9,1-4-3,42.4,435.0,-7.0,ベアサクシード,8.0
2021100925,ヤモリアツマレ,2024/03/28,名古屋,雨,9,マーチドリーム戦(3歳),11,6,6,12.6,5.0,2,丹羽克輝,56.0,ダ,1700.0,重,110.8,0.2,2-2-2,39.6,442.0,3.0,エナジーロマネスク,26.3
2021100925,ヤモリアツマレ,2024/03/13,名古屋,晴,9,名古屋CCオレンジ賞(3歳),12,7,9,34.9,7.0,4,丹羽克輝,56.0,ダ,1500.0,重,97.6,1.3,2-3-4,39.9,439.0,-2.0,ウフフトルンナ,16.5
2021100925,ヤモリアツマレ,2024/02/15,名古屋,雨,10,フェブラリードリーム(3歳),8,4,4,10.1,4.0,4,丹羽克輝,56.0,ダ,1500.0,良,99.8,1.4,4-4-4,40.2,441.0,2.0,オリオンハート,11.3
2021100925,ヤモリアツマレ,2024/01/29,名古屋,晴,8,コハクチョウ特別(3歳),11,6,6,75.8,9.0,2,丹羽克輝,56.0,ダ,1700.0,稍,112.8,0.2,5-5-5,39.9,439.0,1.0,ベアサクシード,26.3
2021100925,ヤモリアツマレ,2024/01/17,名古屋,晴,10,名古屋CCアップル賞(3歳),12,3,3,123.0,9.0,6,丹羽克輝,56.0,ダ,1500.0,良,97.5,0.9,6-7-7,39.9,438.0,-2.0,リードアクトレス,
2021100925,ヤモリアツマレ,2024/01/01,名古屋,晴,11,弥富記念(OP)(3歳),10,8,10,72.3,8.0,7,丹羽克輝,56.0,ダ,1500.0,稍,98.8,1.1,7-3-3,38.9,440.0,5.0,ミトノウォリアー,
2021100925,ヤモリアツマレ,2023/12/21,名古屋,晴,4,2歳3組,11,8,10,8.6,4.0,1,丹羽克輝,55.0,ダ,1500.0,良,98.8,-0.4,3-1-1,39.8,435.0,-6.0,(ダグウッド),60.0
2021100925,ヤモリアツマレ,2023/12/13,名古屋,晴,3,2歳3組,12,6,7,47.7,9.0,6,加藤利征,55.0,ダ,1500.0,重,100.7,3.2,3-5-6,42.8,441.0,2.0,サマリンダ,
2021100925,ヤモリアツマレ,2023/11/28,名古屋,晴,1,2歳2組,9,3,3,14.1,6.0,6,木之前葵,53.0,ダ,1500.0,良,101.1,2.7,6-6-6,43.2,439.0,8.0,ドリームエンドレス,
2021100925,ヤモリアツマレ,2023/11/15,名古屋,晴,2,2歳3組,12,8,11,4.6,2.0,6,木之前葵,53.0,ダ,1500.0,稍,99.5,1.9,4-5-7,40.4,431.0,1.0,ロイヤルストレート,
2021100925,ヤモリアツマレ,2023/11/02,名古屋,晴,3,祝!!大蜘蛛さん定年(2歳),12,8,12,28.1,5.0,4,丹羽克輝,55.0,ダ,1500.0,良,99.0,1.7,1-1-2,41.0,430.0,0.0,フークピグマリオン,9.0
2021100925,ヤモリアツマレ,2023/10/19,名古屋,晴,2,ちとせよしのデビュー(2歳),10,6,6,11.4,4.0,3,丹羽克輝,55.0,ダ,1500.0,良,98.8,0.1,1-1-1,40.4,430.0,2.0,マサミセラス,12.0
2021100925,ヤモリアツマレ,2023/10/05,名古屋,曇,1,2歳3組,11,5,5,2.2,1.0,4,丹羽克輝,55.0,ダ,1500.0,重,98.7,1.3,1-1-1,41.4,428.0,2.0,プリンセスベル,9.0
2021100925,ヤモリアツマレ,2023/09/22,名古屋,晴,5,憧子乗馬始めるってよ(2歳),11,4,4,177.1,10.0,4,加藤利征,55.0,ダ,1500.0,重,100.7,1.9,9-10-5,41.0,426.0,-8.0,サンデーロウリュウ,9.0
2021100925,ヤモリアツマレ,2023/09/07,名古屋,晴,2,名古屋モーニングフィ(2歳),9,6,6,54.4,8.0,7,浅野皓大,55.0,ダ,1500.0,重,100.7,3.3,7-7-7,41.7,434.0,4.0,サンヨウアカヘル,
2021100925,ヤモリアツマレ,2023/07/28,名古屋,晴,1,名古屋モーニングフィ(2歳),9,2,2,44.6,7.0,5,丹羽克輝,55.0,ダ,920.0,良,58.7,1.7,6,38.1,430.0,4.0,エイシンポロス,6.0
2021100925,ヤモリアツマレ,2023/07/14,名古屋,曇,1,名古屋モーニングフィ(2歳),9,8,8,15.2,6.0,6,加藤利征,55.0,ダ,920.0,重,59.7,2.8,7,38.9,426.0,-6.0,エイシンポロシリ,
2021100925,ヤモリアツマレ,2023/06/30,名古屋,曇,2,2歳新馬,5,3,3,24.8,4.0,4,浅野皓大,55.0,ダ,900.0,重,58.9,2.1,5,38.3,432.0,0.0,シンコウサクラサク,24.0
2021103237,ジャスティンライズ,2026/06/28,2福島2,晴,8,3歳以上1勝クラス,13,8,12,301.6,12.0,12,石神深道,55.0,芝,2600.0,良,160.1,1.5,11-11-6-7,35.5,524.0,4.0,ゲンジ,
2021103237,ジャスティンライズ,2026/05/10,1新潟4,晴,9,荒川峡特別(1勝クラス),14,2,2,123.9,13.0,12,石川裕紀,58.0,芝,2400.0,良,149.6,3.1,12-11-13-12,37.0,520.0,-8.0,キングズトゥルー,
2021103237,ジャスティンライズ,2026/03/14,2中山5,晴,7,4歳以上1勝クラス,10,3,3,112.3,9.0,8,菊沢一樹,58.0,芝,2500.0,良,155.8,2.0,10-10-10-10,36.0,528.0,0.0,ダノンピクチャー,
2021103237,ジャスティンライズ,2025/11/15,3福島3,晴,6,3歳以上1勝クラス,16,8,15,38.6,13.0,14,菊沢一樹,58.0,ダ,2400.0,良,158.1,3.5,15-15-16-16,41.2,528.0,-2.0,オオタチ,
2021103237,ジャスティンライズ,2025/10/12,3京都4,小雨,7,3歳以上1勝クラス,13,3,3,92.0,13.0,12,菱田裕二,58.0,芝,2400.0,良,147.3,0.9,10-10-10-10,33.9,530.0,2.0,ランツフート,
2021103237,ジャスティンライズ,2025/09/27,4阪神8,晴,7,3歳以上1勝クラス,16,1,2,270.7,13.0,15,田口貫太,58.0,芝,2200.0,良,134.7,1.1,14-13-15-13,35.1,528.0,16.0,アロンディ,
2021103237,ジャスティンライズ,2025/03/30,2中京6,晴,6,4歳以上1勝クラス,11,2,2,49.7,7.0,10,北村友一,57.0,芝,2200.0,良,137.2,1.9,11-11-11-11,35.6,512.0,-4.0,インビジブルセルフ,
2021103237,ジャスティンライズ,2025/03/15,2中京1,曇,8,4歳以上1勝クラス,18,7,15,23.9,5.0,14,斎藤新,57.0,芝,2200.0,良,136.4,1.3,16-16-15-15,35.3,516.0,-12.0,ファミリータイム,
2021103237,ジャスティンライズ,2024/12/01,4中京2,晴,12,栄特別(1勝クラス),16,3,5,37.1,10.0,7,北村宏司,56.0,芝,2200.0,良,133.6,1.0,9-10-10-10,35.2,528.0,-2.0,オルトパラティウム,
2021103237,ジャスティンライズ,2024/11/10,6京都4,晴,6,3歳以上1勝クラス,15,3,4,29.5,10.0,10,北村友一,56.0,芝,2200.0,良,133.6,1.2,11-11-13-13,34.5,530.0,12.0,ジンセイ,
2021103237,ジャスティンライズ,2024/08/24,2中京5,晴,9,揖斐川特別(1勝クラス),12,3,3,14.5,6.0,中,西村淳也,55.0,芝,2200.0,良,,,12-12-12,,518.0,4.0,ヤマニンステラータ,
2021103237,ジャスティンライズ,2024/05/19,3京都10,小雨,4,3歳未勝利,15,4,6,3.5,2.0,1,北村友一,57.0,芝,2400.0,良,147.9,0.0,7-7-6-5,34.9,514.0,-4.0,(パフュームセント),550.0
2021103237,ジャスティンライズ,2024/04/28,1新潟2,晴,5,3歳未勝利,15,5,8,9.9,4.0,3,北村友一,57.0,芝,2400.0,良,150.3,0.1,9-9-6-5,35.5,518.0,4.0,ハイラント,140.0
2021103237,ジャスティンライズ,2024/01/06,1京都1,晴,4,3歳新馬,16,1,2,6.2,3.0,11,松山弘平,57.0,ダ,1800.0,良,119.2,2.1,13-14-15-14,38.4,514.0,0.0,テーオーパスワード,
2022109033,ミツカネリブラ,2026/07/17,名古屋,晴,10,南知多特別(C),12,6,8,131.8,12.0,11,丸山真一,57.0,ダ,1500.0,良,101.1,3.3,11-11-11,41.8,475.0,5.0,ハクサンフラッシュ,
2022109033,ミツカネリブラ,2026/07/02,名古屋,曇,8,カササギ賞(B),12,6,8,183.3,12.0,11,細川智史,57.0,ダ,1400.0,不,91.1,2.7,11-12-12,39.6,470.0,-9.0,オッシレイション,
2022109033,ミツカネリブラ,2026/06/18,名古屋,晴,5,B8組,9,1,1,31.8,8.0,9,丸山真一,57.0,ダ,1500.0,良,100.2,4.8,7-8-9,41.9,479.0,-4.0,ラブリーセナ,
2022109033,ミツカネリブラ,2026/05/21,名古屋,雨,6,B8組,10,3,3,7.3,3.0,10,村上弘樹,57.0,ダ,1500.0,重,100.5,3.7,6-9-10,43.1,483.0,1.0,スターインパクト,
2022109033,ミツカネリブラ,2026/04/19,1福島4,晴,9,須賀川特別(1勝クラス),16,7,14,314.4,16.0,15,西塚洸二,58.0,芝,1200.0,良,68.8,1.1,13-13,34.0,482.0,2.0,シャイフ,
2022109033,ミツカネリブラ,2026/03/14,2中山5,晴,8,4歳以上1勝クラス,16,8,16,128.9,14.0,13,木幡巧也,58.0,ダ,1200.0,良,72.4,1.1,13-12,37.1,480.0,-20.0,アイアムイチバン,
2022109033,ミツカネリブラ,2026/01/05,1中山2,晴,12,4歳以上1勝クラス,16,2,3,178.6,14.0,14,上里直汰,55.0,ダ,1200.0,稍,73.4,1.7,8-8,38.1,500.0,10.0,ビーコング,
2022109033,ミツカネリブラ,2025/11/24,3福島6,曇,7,3歳以上1勝クラス,16,5,10,175.9,14.0,15,菊沢一樹,57.0,ダ,1150.0,良,70.9,2.2,10-12,37.9,490.0,4.0,レグザゴン,
2022109033,ミツカネリブラ,2025/10/25,4東京8,雨,7,3歳以上1勝クラス,16,8,15,222.5,16.0,15,木幡巧也,56.0,ダ,1400.0,稍,86.3,3.6,9-9,38.2,486.0,6.0,メリディアンスター,
2022109033,ミツカネリブラ,2025/05/04,2東京4,晴,6,3歳1勝クラス,16,3,5,41.2,8.0,7,杉原誠人,57.0,ダ,1400.0,稍,85.2,1.2,13-12,36.5,480.0,6.0,ハリーケーン,
2022109033,ミツカネリブラ,2025/03/23,2中山8,晴,8,3歳1勝クラス,15,7,13,197.8,13.0,14,菊沢一樹,57.0,ダ,1200.0,良,73.5,2.3,12-12,38.5,474.0,2.0,アスタールフナ,
2022109033,ミツカネリブラ,2025/03/09,2中山4,晴,6,3歳1勝クラス,15,6,12,247.1,14.0,10,菊沢一樹,57.0,ダ,1200.0,重,71.8,1.3,7-7,37.8,472.0,-8.0,マサノユニコーン,
2022109033,ミツカネリブラ,2025/02/22,1東京7,晴,2,3歳1勝クラス,16,2,4,243.7,14.0,14,柴田大知,57.0,ダ,1400.0,良,88.0,2.5,11-10,38.7,480.0,6.0,ベルジュロネット,
2022109033,ミツカネリブラ,2024/12/08,5中山4,晴,6,2歳新馬,13,8,12,14.8,7.0,1,菊沢一樹,56.0,ダ,1800.0,良,118.3,-0.1,7-8-4-3,41.2,474.0,0.0,(ルージュキャルト),720.0
2020104905,ハクサンミニョン,2026/07/01,名古屋,小雨,7,天の川疾風戦(B),11,1,1,15.3,5.0,11,近藤颯羽,52.0,ダ,920.0,稍,57.4,2.8,3,38.1,474.0,-2.0,ゴールデンリング,
2020104905,ハクサンミニョン,2026/06/16,名古屋,曇,9,アンタレス特別(B),10,3,3,43.5,8.0,9,近藤颯羽,52.0,ダ,1500.0,良,97.5,1.7,2-2-4,39.5,476.0,-3.0,ミニマルデザイン,
2020104905,ハクサンミニョン,2026/06/04,名古屋,晴,8,B6組,11,5,6,15.5,6.0,10,大畑慧悟,55.0,ダ,1700.0,稍,113.4,2.4,4-6-6,40.9,479.0,9.0,エイシンマクルーベ,
2020104905,ハクサンミニョン,2026/01/02,名古屋,曇,12,慶春特別(B),9,6,6,14.4,5.0,4,加藤聡一,55.0,ダ,1700.0,良,112.3,1.5,3-2-3,41.6,470.0,-6.0,スカーズ,12.8
2020104905,ハクサンミニョン,2025/11/26,名古屋,晴,10,JRA交流競走名古屋,12,5,6,119.2,10.0,8,村上弘樹,55.0,ダ,1500.0,良,97.4,1.9,3-4-3,40.4,476.0,-8.0,ジョウゲンノツキ,
2020104905,ハクサンミニョン,2025/11/11,名古屋,晴,11,鱸特別(A),11,5,5,25.1,9.0,8,加藤聡一,55.0,ダ,1500.0,稍,97.7,1.3,2-2-3,40.8,484.0,0.0,ナムラマイケル,
2020104905,ハクサンミニョン,2025/10/29,名古屋,晴,11,カマス特別(A),11,5,5,14.4,5.0,8,村上弘樹,55.0,ダ,1700.0,良,113.6,2.0,3-3-5,41.9,484.0,14.0,サノプリ,
2020104905,ハクサンミニョン,2025/08/21,名古屋,晴,10,葉月昇竜戦(A),10,6,6,17.6,5.0,7,加藤聡一,55.0,ダ,1400.0,良,90.1,2.8,4-4-6,40.1,470.0,4.0,マンノライトニング,
2020104905,ハクサンミニョン,2025/07/25,名古屋,晴,11,鰻特別(A),12,6,7,10.3,5.0,10,加藤聡一,55.0,ダ,1700.0,良,110.6,1.7,1-2-4,40.5,466.0,3.0,ツキシロ,
2020104905,ハクサンミニョン,2025/07/10,名古屋,晴,11,琉金特別(A),12,6,7,9.8,4.0,7,大畑慧悟,54.0,ダ,920.0,良,55.4,1.1,4,36.1,463.0,-1.0,ブライトファントム,
2020104905,ハクサンミニョン,2025/06/17,名古屋,晴,11,紅バラ特別(A),9,2,2,6.0,4.0,5,加藤聡一,55.0,ダ,1500.0,稍,95.4,1.0,1-1-2,39.3,464.0,-3.0,ダンネワード,18.0
2020104905,ハクサンミニョン,2025/06/06,名古屋,晴,10,アヤメ特別(A),12,6,8,28.7,6.0,6,加藤聡一,54.0,ダ,1400.0,良,89.2,1.4,3-3-4,39.2,467.0,2.0,メイショウタイセツ,
2020104905,ハクサンミニョン,2025/05/22,名古屋,晴,11,田原特別(A),12,6,8,5.9,4.0,1,加藤聡一,55.0,ダ,1500.0,稍,96.2,-0.3,2-2-2,39.2,465.0,2.0,(ツキシロ),120.0
2020104905,ハクサンミニョン,2025/05/08,名古屋,晴,11,尾張旭特別(A),11,2,2,8.8,3.0,5,加藤聡一,55.0,ダ,1700.0,重,112.0,1.1,8-8-2,38.4,463.0,-7.0,プリメイラ,12.0
2020104905,ハクサンミニョン,2025/04/25,名古屋,曇,11,鰆特別(A),10,5,5,3.0,2.0,8,加藤聡一,55.0,ダ,1700.0,稍,113.0,1.3,1-1-3,41.5,470.0,11.0,サンマルレジェンド,
2020104905,ハクサンミニョン,2025/03/27,名古屋,曇,11,春疾風特別(A),12,6,8,3.9,3.0,1,加藤聡一,54.0,ダ,1400.0,稍,89.0,-0.3,3-2-2,37.1,459.0,1.0,(イージスバローズ),90.0
2020104905,ハクサンミニョン,2025/03/14,名古屋,晴,10,ホワイトチョコレート(A),12,2,2,3.2,2.0,6,加藤聡一,54.0,ダ,1700.0,稍,111.1,0.5,7-6-1,40.2,458.0,2.0,シトロンヴェール,
2020104905,ハクサンミニョン,2025/02/11,名古屋,晴,11,仲春特別(A),11,2,2,1.2,1.0,3,加藤聡一,54.0,ダ,1500.0,稍,96.6,0.7,1-1-1,40.4,456.0,-1.0,リアルミー,18.0
2020104905,ハクサンミニョン,2025/01/14,名古屋,晴,9,寒中特別(A),10,4,4,1.2,1.0,1,加藤聡一,54.0,ダ,1700.0,良,111.0,-0.6,1-1-1,38.4,457.0,-4.0,(ウインライズ),90.0
2020104905,ハクサンミニョン,2025/01/01,名古屋,晴,9,B4組,11,8,10,1.9,1.0,1,加藤聡一,54.0,ダ,1700.0,良,110.7,-0.4,2-2-1,37.4,461.0,6.0,(ディアモミノル),60.0
2020104905,ハクサンミニョン,2024/12/20,名古屋,晴,8,B7組,10,8,10,1.1,1.0,1,加藤聡一,54.0,ダ,1500.0,良,95.6,-0.5,2-2-1,38.0,455.0,-9.0,(オニジオオタニ),60.0
2020104905,ハクサンミニョン,2024/12/06,名古屋,晴,6,C2組,12,1,1,1.1,1.0,1,加藤聡一,54.0,ダ,1500.0,良,96.1,-1.7,1-1-1,37.9,464.0,5.0,(ピボット),54.0
2020104905,ハクサンミニョン,2024/11/07,笠松,晴,10,馬籠宿特別(A),7,4,4,8.1,4.0,3,永島まな,53.0,ダ,1400.0,良,88.6,0.6,4-3-3,39.0,459.0,9.0,ウエスタンシーズン,18.0
2020104905,ハクサンミニョン,2024/09/16,3中京5,曇,8,3歳以上1勝クラス,18,6,12,85.7,12.0,14,小沢大仁,55.0,芝,1400.0,良,82.0,0.9,10-11,34.9,450.0,16.0,コト,
2020104905,ハクサンミニョン,2024/04/28,1新潟2,晴,7,4歳以上1勝クラス,11,1,1,5.2,4.0,8,西塚洸二,54.0,ダ,1200.0,良,73.1,1.5,3-3,38.5,434.0,2.0,ヒルノピレネー,
2020104905,ハクサンミニョン,2024/04/07,1福島2,晴,7,4歳以上1勝クラス,16,1,2,9.0,4.0,6,永島まな,54.0,芝,1200.0,良,68.8,0.6,4-3,34.8,432.0,2.0,ゴルトリッチ,
2020104905,ハクサンミニョン,2024/02/24,2小倉5,晴,12,4歳以上1勝クラス,18,8,18,10.5,4.0,10,永島まな,53.0,芝,1200.0,稍,69.9,0.6,8-9,35.3,430.0,-4.0,マテンロウボンド,
2020104905,ハクサンミニョン,2024/02/04,1小倉8,晴,12,4歳以上1勝クラス,14,6,10,7.5,3.0,11,永島まな,53.0,芝,1200.0,重,70.5,1.0,3-4,36.8,434.0,-6.0,バラードインミラノ,
2020104905,ハクサンミニョン,2023/12/09,4中京3,晴,12,3歳以上1勝クラス,15,7,13,39.5,11.0,10,幸英明,55.0,芝,1200.0,良,68.7,0.7,3-3,34.9,440.0,-4.0,ラヴォルタ,
2020104905,ハクサンミニョン,2023/12/03,4中京2,晴,9,3歳以上1勝クラス,15,7,12,133.9,13.0,8,幸英明,55.0,芝,1400.0,良,81.8,0.6,2-2,36.2,444.0,0.0,ショウナンナダル,
2020104905,ハクサンミニョン,2023/07/05,川崎,曇,8,ジュライフラワー賞(3歳C1),11,7,9,2.4,1.0,1,永島まな,51.0,ダ,1400.0,良,91.5,0.0,2-2-1-1,40.5,444.0,8.0,(デイアンドナイト),250.0
2020104905,ハクサンミニョン,2023/05/14,1京都8,小雨,3,3歳未勝利,18,3,5,20.4,6.0,9,酒井学,54.0,芝,1400.0,稍,82.6,0.7,4-3,35.9,436.0,4.0,ヴィヴィッシモ,
2020104905,ハクサンミニョン,2023/02/12,2小倉2,晴,2,3歳未勝利,18,5,9,43.6,12.0,4,酒井学,54.0,芝,1200.0,稍,69.6,0.4,2-2,35.4,432.0,-8.0,リサリサ,83.0
2020104905,ハクサンミニョン,2023/01/15,1小倉2,曇,5,3歳新馬,18,5,9,8.1,5.0,6,酒井学,54.0,芝,1200.0,稍,71.2,1.3,8-8,35.4,440.0,0.0,テーオーヴァイナー,
2021103295,アショカ,2026/07/17,名古屋,晴,5,C3組,12,7,9,8.8,2.0,4,小笠原羚,54.0,ダ,1500.0,良,98.0,1.1,10-10-9,39.5,511.0,2.0,ジェニー,8.6
2021103295,アショカ,2026/06/22,名古屋,曇,8,西尾大空特別(C),12,1,1,20.8,7.0,3,小笠原羚,54.0,ダ,2000.0,稍,133.1,0.6,12-11-5,40.6,509.0,-1.0,セレッソレイナ,17.0
2021103295,アショカ,2026/06/05,名古屋,曇,10,新城特別(C),12,8,11,11.2,4.0,7,丸野勝虎,54.0,ダ,1700.0,稍,112.2,1.8,10-9-10,40.3,510.0,-4.0,グラスビジョン,
2021103295,アショカ,2026/05/08,名古屋,曇,10,城下町賞(C),10,7,8,7.8,2.0,6,小笠原羚,53.0,ダ,1500.0,稍,98.1,1.4,8-7-7,40.8,514.0,4.0,スターウッドテール,
2021103295,アショカ,2026/04/24,名古屋,曇,6,C3組,12,6,7,9.6,3.0,3,小笠原羚,53.0,ダ,1500.0,重,96.1,0.3,8-8-3,38.9,510.0,-9.0,パトジュニア,11.4
2021103295,アショカ,2026/03/27,名古屋,晴,11,アジア・アジアパラ応(B),9,3,3,10.6,4.0,4,小笠原羚,53.0,ダ,1500.0,稍,98.8,1.4,7-7-6,38.7,519.0,9.0,コスモベルツリー,9.8
2021103295,アショカ,2025/11/12,盛岡,晴,11,B2三組,11,6,6,8.3,4.0,7,佐々木志,56.0,ダ,1600.0,良,102.3,1.3,8-8,38.7,510.0,-6.0,シントーユタカ,
2021103295,アショカ,2025/10/28,盛岡,曇,8,B2三組,9,3,3,8.5,3.0,2,佐々木志,56.0,ダ,1600.0,稍,100.0,0.2,9-7,36.8,516.0,2.0,ゴールドオリス,21.0
2021103295,アショカ,2025/10/14,盛岡,曇,8,B2,9,3,3,14.8,5.0,3,佐々木志,56.0,ダ,1400.0,良,86.8,0.8,8-8,37.0,514.0,8.0,サンマルクレイジー,12.0
2021103295,アショカ,2025/09/30,水沢,晴,7,B2四組,8,8,9,48.7,6.0,3,佐々木志,56.0,ダ,1600.0,重,104.6,1.5,6-7-6-5,39.0,506.0,0.0,タイセイアダマス,12.0
2021103295,アショカ,2025/09/14,水沢,晴,10,リギル賞(B2),8,5,5,32.5,6.0,6,佐々木志,56.0,ダ,1600.0,稍,104.6,1.5,5-5-6-6,38.5,506.0,20.0,ファルヴォーレ,
2021103295,アショカ,2025/07/25,浦和,晴,9,獅子座特別(C2),8,5,5,73.8,5.0,7,室陽一朗,56.0,ダ,1500.0,良,99.7,2.3,8-8-7-7,41.5,486.0,-8.0,ツェルニー,
2021103295,アショカ,2025/05/05,船橋,晴,8,こどもの日特別(C2),14,7,12,23.3,5.0,6,町田直希,56.0,ダ,1600.0,良,105.8,2.9,9-9-11-9,39.8,494.0,-2.0,ターコイズデュー,
2021103295,アショカ,2025/04/24,浦和,曇,8,牡牛座特別(C2),11,4,4,9.3,3.0,3,本田正重,56.0,ダ,1500.0,良,98.6,2.3,10-11-8-7,38.2,496.0,4.0,スマイルスライヴ,37.5
2021103295,アショカ,2025/04/07,川崎,晴,12,ドリーミー賞(C2),14,4,6,6.6,3.0,9,本田正重,56.0,ダ,1500.0,稍,102.3,2.9,9-10-10-10,44.3,492.0,-4.0,カガヤキファイター,
2021103295,アショカ,2024/12/24,浦和,晴,2,ランチタイムチャレン(C2),12,5,6,2.0,1.0,1,笹川翼,56.0,ダ,1400.0,良,91.2,0.0,7-7-4-3,39.6,496.0,2.0,(マチルダ),100.0
2021103295,アショカ,2024/11/21,浦和,曇,2,ランチタイムチャレン(C2),11,1,1,1.9,1.0,1,藤本現暉,56.0,ダ,1400.0,稍,91.4,-0.5,4-4-4-3,38.5,494.0,-12.0,(エコロアジェンダ),100.0
2021103295,アショカ,2024/10/21,浦和,晴,3,特選(3歳),8,6,6,1.6,1.0,3,笹川翼,56.0,ダ,1500.0,良,99.3,0.4,5-5-3-3,40.0,506.0,25.0,ウロボロス,50.0
2021103295,アショカ,2024/07/18,船橋,晴,7,ナティレイン特別(3歳C1),9,5,5,2.7,1.0,4,菅原明良,56.0,ダ,1600.0,重,104.9,1.1,6-6-6-6,41.5,481.0,1.0,タイセイブロウ,37.5
2021103295,アショカ,2024/06/15,3東京5,晴,2,3歳未勝利,16,7,14,8.6,5.0,11,オシェア,57.0,ダ,2100.0,良,135.9,2.2,2-2-2-2,40.3,480.0,4.0,シグムンド,
2021103295,アショカ,2024/05/19,2東京10,曇,2,3歳未勝利,16,2,3,7.9,5.0,3,オシェア,57.0,ダ,1600.0,良,98.9,1.5,7-5,38.8,476.0,-6.0,レオスパーク,140.0
2021103295,アショカ,2024/04/28,2東京4,晴,2,3歳未勝利,16,3,6,6.0,2.0,6,吉田豊,57.0,ダ,1400.0,良,86.4,1.0,13-12,36.7,482.0,6.0,クレイジーディス,
2021103295,アショカ,2024/02/18,1東京8,晴,4,3歳未勝利,16,2,4,41.4,6.0,11,岩田望来,57.0,芝,1800.0,良,109.6,1.2,5-4-4,34.8,476.0,0.0,ベストミーエヴァー,
2021103295,アショカ,2023/10/22,4東京7,晴,5,2歳新馬,16,3,5,11.9,5.0,11,横山和生,56.0,芝,1800.0,良,110.1,0.8,1-1-1,35.3,476.0,0.0,トロピカルティー,
2019100715,ルテリブル,2026/07/24,笠松,晴,12,風鈴特別(A),10,7,8,2.6,2.0,5,塚本征吾,57.0,ダ,1580.0,良,105.1,1.2,5-3-3,41.3,468.0,0.0,センゴクブショウ,8.0
2019100715,ルテリブル,2026/06/19,名古屋,晴,8,七変化雨彩特別(A),12,1,1,6.8,5.0,2,塚本征吾,57.0,ダ,1700.0,良,108.8,0.3,10-9-1,38.4,468.0,-5.0,ボックスオフィス,42.0
2019100715,ルテリブル,2026/06/03,名古屋,晴,10,名古屋CCネプチュー(A),12,5,6,102.1,8.0,4,加藤聡一,57.0,ダ,1500.0,重,95.0,1.9,10-10-9,39.0,473.0,-1.0,トモジャザーン,39.0
2019100715,ルテリブル,2026/05/06,名古屋,小雨,11,牡丹特別(A),10,5,5,13.9,6.0,3,塚本征吾,57.0,ダ,1700.0,稍,110.3,0.5,6-5-3,40.3,474.0,-2.0,リュクスドレフォン,24.0
2019100715,ルテリブル,2026/04/22,名古屋,曇,11,穀雨特別(A),12,6,8,7.9,2.0,5,塚本征吾,57.0,ダ,1500.0,良,95.9,1.0,8-8-4,39.2,476.0,8.0,エイシンガウディ,12.0
2019100715,ルテリブル,2026/02/27,名古屋,曇,11,アネモネ特別(A),12,8,12,10.4,4.0,5,塚本征吾,57.0,ダ,1700.0,重,111.2,1.1,6-6-5,38.9,468.0,-18.0,フレスコバルディ,18.0
2019100715,ルテリブル,2026/01/30,名古屋,曇,11,風待草特別(A),11,6,7,7.8,3.0,6,塚本征吾,57.0,ダ,1700.0,良,110.7,0.8,4-5-6,39.3,486.0,3.0,ベント,
2019100715,ルテリブル,2026/01/15,名古屋,晴,12,岡崎特別(A),7,7,7,4.7,2.0,2,塚本征吾,57.0,ダ,1700.0,良,111.1,0.9,2-2-2,39.6,483.0,10.0,ベント,42.0
2019100715,ルテリブル,2025/10/17,名古屋,晴,11,キンモクセイ特別(A),12,7,10,15.3,3.0,5,塚本征吾,57.0,ダ,1500.0,稍,95.9,0.6,6-6-4,39.1,473.0,0.0,ジュンフィレンツェ,18.0
2019100715,ルテリブル,2025/09/23,笠松,晴,11,オータムC(重賞),9,3,3,22.3,7.0,8,塚本征吾,57.0,ダ,1900.0,良,129.4,2.3,8-5-6-8,40.3,473.0,-1.0,サンライズホープ,
2019100715,ルテリブル,2025/08/20,名古屋,晴,11,美浜特別(A),11,1,1,5.6,2.0,1,塚本征吾,57.0,ダ,1700.0,良,109.3,-0.4,5-5-4,38.7,474.0,4.0,(ジュンフィレンツェ),120.0
2019100715,ルテリブル,2025/07/24,名古屋,晴,11,南知多特別(A),12,7,10,28.3,7.0,2,木之前葵,55.0,ダ,1500.0,良,95.3,0.4,11-8-5,38.7,470.0,-4.0,ジャコムスビ,42.0
2019100715,ルテリブル,2025/06/27,名古屋,晴,11,鱚特別(A),12,4,4,15.4,4.0,4,塚本征吾,57.0,ダ,1400.0,稍,89.9,1.9,4-5-2,39.4,474.0,-6.0,マンノライトニング,21.0
2019100715,ルテリブル,2025/06/02,船橋,曇,11,船橋酒場青空12周年(B3),14,8,14,36.4,7.0,11,篠谷葵,56.0,ダ,1600.0,稍,106.6,3.1,13-13-12-11,39.8,480.0,-3.0,ホシノスナ,
2019100715,ルテリブル,2025/05/08,船橋,晴,9,馬い!淡路イザナミ記(B3),12,5,5,39.6,10.0,7,篠谷葵,56.0,ダ,1600.0,稍,105.3,1.7,12-12-12-10,39.0,483.0,9.0,リゼルージュセリエ,
2019100715,ルテリブル,2025/04/01,船橋,雨,11,ソメイヨシノ特別(B3),11,2,2,32.3,7.0,4,篠谷葵,56.0,ダ,1600.0,不,104.6,2.4,11-11-8-8,40.5,474.0,3.0,ラティサワー,40.5
2019100715,ルテリブル,2025/03/11,船橋,曇,10,桜月特別(B3),11,6,6,82.2,7.0,5,篠谷葵,56.0,ダ,1600.0,良,104.8,0.5,9-8-8-7,39.6,471.0,6.0,バウンスライト,27.0
2019100715,ルテリブル,2025/02/12,船橋,曇,10,野島崎特別(B3),12,8,13,19.8,6.0,11,和田譲治,56.0,ダ,1600.0,良,104.9,2.1,5-6-7-8,42.2,465.0,-3.0,ブレイヴアウト,
2019100715,ルテリブル,2025/01/22,船橋,晴,10,カーバンクル賞(B3),12,7,9,23.8,7.0,6,和田譲治,56.0,ダ,1600.0,良,103.5,0.9,7-6-7-6,38.7,468.0,-5.0,ヒーローショー,
2019100715,ルテリブル,2024/09/24,船橋,晴,12,キンモクセイ特別(B3),9,8,8,2.2,1.0,4,本田正重,56.0,ダ,1600.0,良,105.3,0.8,3-3-3-3,39.6,473.0,2.0,ガーベランクイーン,40.5
2019100715,ルテリブル,2024/08/27,船橋,晴,12,勇魚特別(B3),8,8,8,1.9,1.0,1,本田正重,56.0,ダ,1600.0,良,102.6,-0.1,4-4-4-3,39.1,471.0,2.0,(クラジャンク),270.0
2019100715,ルテリブル,2024/07/22,船橋,晴,10,津田沼賞(C1),9,7,7,1.5,1.0,1,本田正重,56.0,ダ,1600.0,良,103.5,-0.7,1-1-1-1,39.7,469.0,5.0,(ホシノスナ),180.0
2019100715,ルテリブル,2024/06/28,船橋,雨,9,鹿野山特別(C1),9,7,7,5.4,4.0,1,和田譲治,56.0,ダ,1600.0,不,102.8,-0.1,3-3-3-2,39.9,464.0,-7.0,(アルファゼウス),180.0
2019100715,ルテリブル,2024/05/27,船橋,曇,10,馬い!甘いトマトはア(C1五),12,7,10,5.9,3.0,5,森泰斗,56.0,ダ,1500.0,稍,97.3,0.3,5-5-5-4,39.8,471.0,-8.0,グリーンダイヤル,12.0
2019100715,ルテリブル,2024/04/11,名古屋,晴,10,浅蜊特別(A),9,7,7,10.2,5.0,1,木之前葵,54.0,ダ,1700.0,良,110.6,-0.1,4-3-3,39.8,479.0,-7.0,(ダイセンストーム),120.0
2019100715,ルテリブル,2024/03/13,名古屋,晴,11,蛤特別(A),11,7,9,14.0,5.0,2,木之前葵,54.0,ダ,1700.0,重,110.6,0.2,5-5-5,39.2,486.0,9.0,タマモモンレーブ,35.0
2019100715,ルテリブル,2024/02/22,笠松,曇,10,薄氷特別(A),8,7,7,5.4,2.0,5,木之前葵,54.0,ダ,1600.0,重,103.2,0.9,6-3-3,38.4,477.0,-12.0,タイセイドリーマー,4.0
2019100715,ルテリブル,2024/01/31,名古屋,小雨,11,白魚特別(A),10,2,2,10.3,4.0,6,木之前葵,54.0,ダ,1500.0,良,97.2,0.6,3-5-2,39.3,489.0,4.0,ゴールドスノー,
2019100715,ルテリブル,2023/12/31,笠松,曇,10,東海ゴールドC(重賞),11,2,2,40.7,7.0,7,木之前葵,57.0,ダ,1900.0,稍,124.7,1.7,5-4-8-7,37.2,485.0,5.0,ストームドッグ,
2019100715,ルテリブル,2023/11/30,名古屋,晴,10,真鯛特別(A),12,5,6,3.1,2.0,2,木之前葵,54.0,ダ,1700.0,良,110.0,0.0,8-4-3,39.5,480.0,5.0,ナリノヴィエンヌ,35.0
2019100715,ルテリブル,2023/11/08,笠松,晴,10,アレグロOP(A),9,1,1,7.8,4.0,3,木之前葵,53.0,ダ,1900.0,良,126.7,0.7,6-4-7-6,40.6,475.0,5.0,ウインハピネス,40.0
2019100715,ルテリブル,2023/08/16,笠松,曇,9,岐阜美少女図鑑しろゆ(A),6,5,5,1.7,1.0,1,木之前葵,54.0,ダ,1600.0,稍,103.0,-2.7,3-2-1,37.2,470.0,-2.0,(メイショウトワニ),80.0
2019100715,ルテリブル,2023/07/27,名古屋,晴,11,南知多特別(A),11,4,4,4.4,2.0,2,木之前葵,54.0,ダ,1700.0,良,109.9,0.1,1-1-1,39.6,472.0,4.0,メイショウクラーク,29.8
2019100715,ルテリブル,2023/07/13,名古屋,曇,10,半田特別(A),12,4,4,7.9,4.0,6,木之前葵,54.0,ダ,1700.0,不,111.1,1.5,6-6-6,40.4,468.0,2.0,ハクサンスプリング,
2019100715,ルテリブル,2023/06/21,笠松,曇,10,カンナOP(A),10,1,1,19.2,6.0,4,木之前葵,53.0,ダ,1800.0,良,116.9,1.8,4-3-4-4,40.1,466.0,-5.0,ストームドッグ,20.0
2019100715,ルテリブル,2023/05/02,名古屋,晴,9,アルデバラン特別(B),10,6,6,2.1,1.0,1,木之前葵,54.0,ダ,1700.0,稍,110.5,-0.2,2-1-1,39.1,471.0,5.0,(シャイニングデイズ),65.0
2019100715,ルテリブル,2023/04/10,名古屋,晴,11,ハマル特別(B),10,6,6,1.7,1.0,4,木之前葵,54.0,ダ,1700.0,稍,111.3,1.2,6-6-3,40.3,466.0,-5.0,デンプシーロール,9.8
2019100715,ルテリブル,2023/03/15,名古屋,晴,8,B4組,12,7,10,1.1,1.0,1,木之前葵,54.0,ダ,1700.0,良,111.2,-0.8,2-2-1,40.0,471.0,-1.0,(コーリンバニラ),40.0
2019100715,ルテリブル,2023/02/27,名古屋,晴,11,こいぬ座特別(B),11,6,7,4.9,2.0,2,木之前葵,54.0,ダ,1700.0,良,111.9,1.2,4-3-2,41.1,472.0,-4.0,クールシェルタ,19.8
2019100715,ルテリブル,2023/02/03,名古屋,晴,10,B8組,10,7,8,1.4,1.0,1,木之前葵,54.0,ダ,1700.0,良,110.4,-0.6,3-1-1,38.2,476.0,1.0,(ミトノラッキー),40.0
2019100715,ルテリブル,2023/01/16,名古屋,曇,9,アルゲティ特別(B),10,6,6,5.8,2.0,3,阪野学,56.0,ダ,1700.0,重,111.2,0.4,4-4-2,40.3,475.0,5.0,メイショウセロジネ,10.0
2019100715,ルテリブル,2023/01/03,名古屋,晴,6,C5組,11,8,10,2.9,2.0,1,阪野学,56.0,ダ,1500.0,良,96.0,-1.3,2-2-1,40.0,470.0,2.0,(カガヤキファイター),35.0
2019100715,ルテリブル,2022/12/08,名古屋,晴,6,C2組,11,8,12,3.3,3.0,1,阪野学,56.0,ダ,1500.0,良,97.4,-0.3,3-3-1,40.0,468.0,-5.0,(ウォークル),38.0
2019100715,ルテリブル,2022/11/23,名古屋,雨,7,2022?宮腰彩☆誕(C),12,6,8,3.2,2.0,1,阪野学,56.0,ダ,1500.0,不,96.4,-0.2,4-4-2,39.9,473.0,0.0,(ブラザリーラヴ),35.0
2019100715,ルテリブル,2022/11/09,名古屋,晴,12,乳岩川特別(C),12,7,10,7.7,4.0,5,宮下瞳,54.0,ダ,1500.0,良,97.3,0.5,7-4-8,40.4,473.0,6.0,ビュートラン,4.1
2019100715,ルテリブル,2022/10/24,名古屋,晴,8,C24組,12,4,4,4.9,2.0,1,木之前葵,54.0,ダ,1500.0,良,97.0,-0.6,4-4-3,40.6,467.0,2.0,(ブエナディオサ),35.0
2019100715,ルテリブル,2022/10/11,名古屋,晴,8,C26組,12,8,11,14.9,6.0,2,木之前葵,54.0,ダ,1500.0,重,97.6,1.6,2-1-1,41.2,465.0,4.0,ブリーザフレスカ,11.6
2019100715,ルテリブル,2022/09/29,名古屋,晴,2,名古屋モーニングフィ(3歳),12,4,4,5.8,3.0,5,木之前葵,54.0,ダ,1500.0,良,100.2,2.1,1-1-3,43.1,461.0,-6.0,シュガービート,3.2
2019100715,ルテリブル,2022/09/16,名古屋,晴,5,富園力也生誕24周年(3歳),11,1,1,1.2,1.0,3,木之前葵,54.0,ダ,1500.0,良,99.8,0.5,5-5-3,41.5,467.0,-4.0,ツーボンド,7.2
2019100715,ルテリブル,2022/09/05,名古屋,晴,2,名古屋モーニングフィ(3歳),11,5,5,5.6,3.0,2,木之前葵,54.0,ダ,1500.0,重,98.0,0.5,1-1-2,41.7,471.0,9.0,トーホウパラダイス,11.9
2019100715,ルテリブル,2022/07/23,1札幌1,曇,6,3歳未勝利,14,5,7,114.7,12.0,10,秋山稔樹,55.0,芝,1800.0,稍,112.2,2.0,6-6-9-7,39.1,462.0,-4.0,サルサロッサ,
2019100715,ルテリブル,2022/06/16,園田,曇,10,JRA交流三熊山特別,11,3,3,7.7,4.0,6,今村聖奈,52.0,ダ,1400.0,稍,92.1,1.6,7-6-6-7,40.2,466.0,8.0,ワールドハート,
2019100715,ルテリブル,2022/05/07,2東京5,曇,3,3歳未勝利,16,5,10,197.1,15.0,9,野中悠太,56.0,ダ,1400.0,良,87.9,1.9,5-5,37.7,458.0,-10.0,シャインフォール,
2019100715,ルテリブル,2022/04/17,1福島2,晴,6,3歳未勝利,14,4,6,50.6,9.0,11,武藤雅,56.0,ダ,1700.0,稍,109.4,3.0,4-5-4-6,41.7,468.0,-4.0,ケイティマジック,
2019100715,ルテリブル,2022/01/08,1中山2,晴,3,3歳新馬,15,7,12,6.5,5.0,13,横山琉人,53.0,ダ,1200.0,稍,74.6,2.4,12-12,37.0,472.0,0.0,サザンエルフ,
2018105908,カサデガ,2026/06/30,名古屋,曇,11,夏越大空特別(A),11,4,4,52.2,10.0,2,大畑雅章,57.0,ダ,2000.0,稍,133.5,1.2,11-6-2,38.0,467.0,3.0,セイウンアーテル,42.0
2018105908,カサデガ,2026/06/19,名古屋,晴,8,七変化雨彩特別(A),12,3,3,38.0,8.0,5,丸野勝虎,57.0,ダ,1700.0,良,110.3,1.8,12-12-9,39.5,464.0,-4.0,ボックスオフィス,12.0
2018105908,カサデガ,2026/06/03,名古屋,晴,10,名古屋CCネプチュー(A),12,6,8,247.3,11.0,6,近藤颯羽,54.0,ダ,1500.0,重,95.3,2.2,10-11-12,39.1,468.0,2.0,トモジャザーン,
2018105908,カサデガ,2026/05/07,名古屋,晴,11,バック・トゥ・ザ・デ(A),10,7,8,17.6,8.0,7,塚本征吾,57.0,ダ,1400.0,良,89.9,0.6,5-5-5,38.8,466.0,-4.0,リュウノドラゴン,
2018105908,カサデガ,2026/04/24,名古屋,曇,11,スイートピー特別(A),11,3,3,101.6,9.0,9,筒井勇介,57.0,ダ,2000.0,重,131.2,1.8,11-10-9,39.1,470.0,-7.0,ララエフォール,
2018105908,カサデガ,2026/04/10,名古屋,小雨,10,八重桜特別(A),9,8,9,21.0,7.0,3,塚本征吾,57.0,ダ,1700.0,不,110.2,0.9,9-8-7,38.4,477.0,7.0,フリッパー,30.0
2018105908,カサデガ,2026/03/13,名古屋,曇,11,夢見月OP(A),8,5,5,76.3,6.0,6,塚本征吾,55.0,ダ,1700.0,良,111.5,0.8,8-6-4,38.0,470.0,-2.0,エイトワン,
2018105908,カサデガ,2026/02/27,名古屋,曇,11,アネモネ特別(A),12,3,3,50.9,8.0,8,丸野勝虎,57.0,ダ,1700.0,重,111.5,1.4,9-9-8,38.8,472.0,-4.0,フレスコバルディ,
2018105908,カサデガ,2026/02/12,名古屋,晴,11,サンドクッキー特別(A),12,7,9,60.5,8.0,6,塚本征吾,55.0,ダ,1700.0,稍,111.2,1.5,7-6-6,40.1,476.0,2.0,タナバタ,
2018105908,カサデガ,2026/01/30,名古屋,曇,11,風待草特別(A),11,2,2,17.4,5.0,5,渡辺竜也,57.0,ダ,1700.0,良,110.7,0.8,3-4-5,39.4,474.0,-2.0,ベント,18.0
2018105908,カサデガ,2026/01/05,名古屋,晴,11,南天特別(A),7,2,2,13.5,5.0,5,塚本征吾,57.0,ダ,1500.0,良,96.8,1.7,3-3-5,39.7,476.0,-4.0,ノリノリブリランテ,18.0
2018105908,カサデガ,2025/12/23,名古屋,小雨,11,冬至梅特別(A),12,5,6,3.9,2.0,5,望月洵輝,57.0,ダ,1500.0,稍,95.8,1.0,3-3-2,39.4,480.0,5.0,パピタ,18.0
2018105908,カサデガ,2025/11/25,名古屋,曇,10,ウインターコスモス特(A),12,6,7,46.0,9.0,4,村上弘樹,57.0,ダ,1700.0,稍,110.8,0.4,11-10-9,37.9,475.0,2.0,エルナーニ,27.0
2018105908,カサデガ,2025/11/12,名古屋,曇,11,ダイヤモンドリリー特(A),9,8,8,24.1,7.0,6,村上弘樹,57.0,ダ,1400.0,稍,89.5,0.8,8-7-8,38.8,473.0,-7.0,タナバタ,
2018105908,カサデガ,2025/10/31,名古屋,雨,11,ホークスアイOP(A),12,4,4,91.7,10.0,7,村上弘樹,55.0,ダ,1700.0,重,110.5,0.7,11-12-10,39.0,480.0,10.0,コヴィーニャ,
2018105908,カサデガ,2025/10/17,名古屋,晴,10,戻り鰹特別(A),12,7,9,32.6,9.0,1,村上弘樹,57.0,ダ,1400.0,稍,89.7,-0.2,4-4-3,39.1,470.0,-2.0,(エグザルテーション),140.0
2018105908,カサデガ,2025/10/02,名古屋,晴,11,朱文金特別(A),12,8,11,283.0,12.0,8,村上弘樹,55.0,ダ,1500.0,良,96.3,1.7,9-8-10,39.0,472.0,-3.0,ベストリーガード,
2018105908,カサデガ,2025/09/18,名古屋,晴,10,真鰺特別(A),12,6,8,73.4,9.0,10,村上弘樹,57.0,ダ,1500.0,良,98.0,1.0,11-11-10,39.0,475.0,5.0,ジュンフィレンツェ,
2018105908,カサデガ,2025/08/22,名古屋,晴,11,太刀魚特別(A),10,2,2,110.8,10.0,5,村上弘樹,57.0,ダ,1500.0,良,96.2,1.2,9-10-8,38.6,470.0,3.0,コヴィーニャ,14.0
2018105908,カサデガ,2025/07/15,金沢,曇,11,能登島向田の火祭特別(B1),8,7,7,12.3,4.0,5,甲賀弘隆,57.0,ダ,1700.0,良,113.0,1.3,7-7-7-7,38.5,467.0,6.0,アルサトワ,7.0
2018105908,カサデガ,2025/07/01,金沢,曇,11,半夏生特別(B1),10,5,5,135.9,7.0,5,甲賀弘隆,57.0,ダ,1400.0,良,88.9,0.9,5-6-7-6,38.4,461.0,-9.0,メイショウゴルシ,7.0
2018105908,カサデガ,2025/06/15,金沢,曇,9,ポイントでネット投票(A2),12,3,3,63.0,9.0,8,吉原寛人,57.0,ダ,1700.0,不,110.3,2.0,12-11-11-9,38.8,470.0,1.0,ホウオウジュレップ,
2018105908,カサデガ,2025/06/03,金沢,曇,12,ポイントで馬券を買お(A2),8,2,2,37.2,6.0,6,青柳正義,57.0,ダ,1700.0,不,110.3,2.7,8-8-8-8,40.0,469.0,0.0,ハクサンツキミテイ,
2018105908,カサデガ,2025/05/18,金沢,曇,10,ポイントでネット投票(A2),10,5,5,17.7,6.0,2,中島龍也,57.0,ダ,1700.0,良,110.5,0.0,6-6-3-3,39.1,469.0,6.0,ゴールドブラボー,24.0
2018105908,カサデガ,2025/05/06,金沢,曇,12,利長特別(A2),8,4,4,45.8,6.0,7,中島龍也,57.0,ダ,1900.0,稍,125.4,2.3,8-8-7-7,39.1,463.0,-6.0,リュウノブレイク,
2018105908,カサデガ,2025/04/22,金沢,晴,12,ポイントで馬券を買お(A2),9,7,7,76.7,7.0,7,青柳正義,57.0,ダ,1700.0,良,110.8,3.0,4-5-6-7,40.0,469.0,-1.0,ウェザーコック,
2018105908,カサデガ,2025/04/06,金沢,曇,10,世界をつなぐハーモニ(A2),11,7,9,21.5,6.0,4,青柳正義,57.0,ダ,1700.0,重,112.1,2.8,10-10-7-7,39.0,470.0,2.0,ハクサンツキミテイ,9.0
2018105908,カサデガ,2025/03/25,金沢,晴,12,加賀梅鉢特別(A2),5,6,6,7.6,3.0,3,中島龍也,56.0,ダ,1700.0,良,112.0,1.6,4-4-4-3,39.1,468.0,0.0,イサムサンカ,14.4
2018105908,カサデガ,2024/12/27,金沢,雨,12,原木しいたけの最高級(A1),9,5,5,10.7,6.0,6,吉田晃浩,56.0,ダ,1400.0,不,89.6,1.4,9-9-8-8,37.4,468.0,2.0,ハクサンアルタイル,
2018105908,カサデガ,2024/12/17,金沢,雨,12,楽天ポイントでネット(A1),9,3,3,21.4,5.0,7,米倉知,56.0,ダ,1700.0,不,109.6,1.2,6-6-6-7,39.7,466.0,-2.0,テトラルキア,
2018105908,カサデガ,2024/12/01,金沢,雨,11,中日杯(重賞),12,5,6,165.6,8.0,5,米倉知,56.0,ダ,2000.0,不,128.1,1.8,10-10-8-7,38.6,468.0,-3.0,マリンデュンデュン,100.0
2018105908,カサデガ,2024/11/18,金沢,雨,12,楽天ポイントでネット(A1),10,5,5,73.4,7.0,4,甲賀弘隆,56.0,ダ,1700.0,不,109.1,0.4,7-7-5-3,38.6,471.0,7.0,マイネルシスネロス,24.0
2018105908,カサデガ,2024/11/03,金沢,晴,12,北国王冠(重賞),11,8,10,98.6,9.0,10,米倉知,57.0,ダ,2600.0,重,173.2,3.7,6-5-6-8,40.1,464.0,-7.0,アンタンスルフレ,
2018105908,カサデガ,2024/10/22,金沢,曇,11,楽天競馬でポイント投(A1),7,6,6,13.1,5.0,2,米倉知,56.0,ダ,1700.0,稍,108.6,0.6,4-4-4-3,37.4,471.0,1.0,テトラルキア,64.0
2018105908,カサデガ,2024/09/10,金沢,晴,11,金沢ジャズストリート(A1),7,1,1,7.0,4.0,4,米倉知,56.0,ダ,1500.0,良,95.3,0.7,5-5-5-4,37.3,470.0,5.0,フィードバック,13.2
2018105908,カサデガ,2024/08/06,金沢,晴,11,粘りが強い加賀れんこ(A2),7,1,1,6.7,4.0,1,栗原大河,56.0,ダ,1700.0,良,109.4,-0.8,3-4-4-2,37.8,465.0,3.0,(ラスティネイル),90.0
2018105908,カサデガ,2024/07/23,金沢,晴,11,楽天ポイントで投票し(A2),10,4,4,7.4,4.0,6,中島龍也,56.0,ダ,1500.0,良,97.4,1.9,1-1-1-1,42.2,462.0,2.0,フミタツティンクル,
2018105908,カサデガ,2024/06/29,2福島1,晴,1,障害3歳以上OP,14,1,1,200.0,13.0,12,江田勇亮,60.0,障,2750.0,良,184.7,6.4,3-4-6-10,13.4,460.0,-4.0,ヴィジュネル,
2018105908,カサデガ,2024/03/17,2中山8,晴,12,4歳以上2勝クラス,16,1,2,413.2,16.0,15,永野猛蔵,57.0,ダ,2400.0,良,161.8,5.8,9-9-15-15,41.7,464.0,-2.0,ヨリノサファイヤ,
2018105908,カサデガ,2024/02/18,1東京8,晴,7,4歳以上2勝クラス,16,1,2,451.4,16.0,15,木幡巧也,58.0,ダ,2100.0,良,136.1,3.6,8-8-8-8,41.7,466.0,0.0,カレンアルカンタラ,
2018105908,カサデガ,2024/01/14,1中山5,晴,8,4歳以上2勝クラス,16,8,16,255.8,13.0,7,原優介,57.0,ダ,1800.0,良,114.3,1.7,9-10-10-9,38.5,466.0,6.0,ペンティメント,
2018105908,カサデガ,2023/12/16,5中山5,晴,9,ヤングJSFR中山2(2勝クラス),16,7,14,90.1,13.0,8,浜尚美,58.0,ダ,1800.0,稍,115.4,2.2,11-11-7-6,39.2,460.0,0.0,アスクビックスター,
2018105908,カサデガ,2023/12/03,5中山2,晴,8,3歳以上2勝クラス,12,7,9,255.8,11.0,12,水沼元輝,55.0,芝,2500.0,良,156.4,4.1,1-1-1-4,38.7,460.0,4.0,エリカヴァレリア,
2018105908,カサデガ,2023/08/12,3小倉1,晴,10,西部日刊スポーツ杯(2勝クラス),10,8,11,167.7,10.0,10,今村聖奈,58.0,芝,2000.0,良,121.8,1.9,10-10-10-10,34.8,456.0,-6.0,ウィズユアドリーム,
2018105908,カサデガ,2023/07/29,2新潟1,晴,4,新潟ジャンプS(JGIII),11,1,1,92.6,9.0,10,小牧加矢,60.0,障,3250.0,良,214.7,6.4,11-11-10-10,13.2,462.0,2.0,サクセッション,
2018105908,カサデガ,2023/07/08,3中京3,曇,4,障害3歳以上OP,8,7,7,14.3,6.0,5,小牧加矢,59.0,障,3300.0,良,220.0,3.9,6-6-5-6,13.3,460.0,-4.0,シャンボールナイト,135.0
2018105908,カサデガ,2023/04/30,1新潟2,曇,4,障害4歳以上未勝利,9,8,8,7.3,4.0,1,小牧加矢,58.0,障,2890.0,重,194.2,-0.3,3-2-2-2,13.4,464.0,4.0,(アイスジャイアント),790.0
2018105908,カサデガ,2023/04/16,1福島4,晴,4,障害4歳以上未勝利,10,6,6,4.8,2.0,5,小牧加矢,58.0,障,2750.0,稍,185.9,1.2,3-3-3-3,13.5,460.0,0.0,アランデル,79.0
2018105908,カサデガ,2023/03/05,1阪神8,晴,4,障害4歳以上未勝利,10,8,9,2.7,2.0,中,小牧加矢,58.0,障,2970.0,良,,,5-5,,460.0,2.0,セルリアンルネッタ,
2018105908,カサデガ,2023/01/15,1小倉2,小雨,4,障害4歳以上未勝利,12,4,4,6.3,4.0,4,小牧加矢,57.0,障,2860.0,稍,194.1,0.8,2-2-2-1,13.6,458.0,6.0,スリーケイエヌ,120.0
2018105908,カサデガ,2022/09/18,5中京4,曇,9,木曽川特別(2勝クラス),11,7,8,181.2,11.0,11,岩田康誠,57.0,芝,2200.0,良,136.2,4.1,9-9-10-11,37.1,452.0,2.0,アーティット,
2018105908,カサデガ,2022/09/10,5中京1,晴,9,日進特別(2勝クラス),13,5,7,32.9,9.0,13,今村聖奈,57.0,ダ,1800.0,重,113.5,3.9,12-9-10-10,39.3,450.0,-12.0,メイショウユズルハ,
2018105908,カサデガ,2022/06/19,1函館4,曇,10,檜山特別(2勝クラス),14,1,1,48.4,12.0,11,川又賢治,54.0,ダ,1700.0,良,106.0,0.9,9-9-7-7,38.0,462.0,2.0,タイセイシェダル,
2018105908,カサデガ,2022/06/12,1函館2,晴,10,津軽海峡特別(2勝クラス),10,1,1,36.7,9.0,5,川又賢治,57.0,ダ,1700.0,良,105.9,0.8,5-4-5-5,38.3,460.0,4.0,オセアダイナスティ,151.0
2018105908,カサデガ,2022/05/08,3中京2,晴,12,4歳以上2勝クラス,9,8,8,20.5,7.0,7,小崎綾也,57.0,ダ,1900.0,良,122.3,1.2,1-1-1-1,40.5,456.0,-4.0,サステナブル,
2018105908,カサデガ,2022/04/24,2阪神10,曇,9,千里山特別(2勝クラス),7,2,2,44.4,6.0,6,今村聖奈,57.0,芝,2200.0,稍,136.7,1.0,5-5-5-5,34.7,460.0,-4.0,スタッドリー,
2018105908,カサデガ,2022/04/10,2阪神6,晴,8,吹田特別(2勝クラス),13,3,3,44.1,11.0,12,岩田望来,57.0,ダ,1800.0,良,114.5,1.2,10-10-11-9,38.5,464.0,2.0,メイショウミカワ,
2018105908,カサデガ,2022/03/05,1阪神7,晴,12,4歳以上2勝クラス,9,8,8,6.6,4.0,6,今村聖奈,53.0,ダ,1800.0,良,114.7,1.4,2-2-1-1,39.8,462.0,-2.0,アズユーフィール,
2018105908,カサデガ,2022/02/13,1阪神2,小雨,7,4歳以上1勝クラス,9,7,7,2.9,1.0,1,岩田望来,56.0,ダ,1800.0,良,115.6,-0.2,2-2-2-2,37.2,464.0,8.0,(ニホンピロクリフ),770.0
2018105908,カサデガ,2021/12/04,6中京1,曇,6,3歳以上1勝クラス,14,4,5,3.2,2.0,2,小沢大仁,53.0,ダ,1900.0,良,121.6,1.1,5-5-7-8,38.4,456.0,2.0,ヒミノフラッシュ,300.0
2018105908,カサデガ,2021/11/21,5阪神6,晴,6,3歳以上1勝クラス,13,6,8,29.5,9.0,2,小沢大仁,52.0,ダ,1800.0,良,113.6,0.2,4-4-3-2,37.4,454.0,4.0,ダノンマデイラ,300.0
2018105908,カサデガ,2021/10/03,5中京9,晴,6,3歳以上1勝クラス,12,5,6,6.9,5.0,7,小沢大仁,52.0,ダ,1900.0,良,120.7,1.6,8-8-9-10,38.8,450.0,2.0,サハラヴァンクール,
2018105908,カサデガ,2021/09/26,5中京7,雨,7,3歳以上1勝クラス,10,7,8,3.1,2.0,8,川又賢治,54.0,ダ,1900.0,不,119.7,1.8,9-7-7-8,38.4,448.0,-4.0,ミッションレール,
2018105908,カサデガ,2021/09/11,5中京1,晴,6,3歳以上1勝クラス,12,5,6,36.0,7.0,1,川又賢治,54.0,ダ,1900.0,稍,118.0,-0.1,2-3-3-3,36.8,452.0,-10.0,(エルモドーロ),760.0
2018105908,カサデガ,2021/08/07,1函館11,晴,6,3歳未勝利,16,4,8,23.1,8.0,13,川又賢治,56.0,芝,2000.0,良,123.6,2.1,14-13-8-8,38.2,462.0,8.0,ホウオウリアリティ,
2018105908,カサデガ,2021/06/26,1札幌5,晴,6,3歳未勝利,13,1,1,13.2,6.0,8,川又賢治,56.0,芝,2000.0,良,121.7,1.0,13-13-12-12,36.2,454.0,6.0,ステイブルアスク,
2018105908,カサデガ,2021/05/22,2新潟5,晴,7,3歳未勝利,16,4,7,10.7,6.0,12,坂井瑠星,56.0,芝,1800.0,稍,111.3,1.2,10-10,36.7,448.0,2.0,ドンナセレーノ,
2018105908,カサデガ,2021/05/08,2新潟1,晴,6,3歳未勝利,16,5,10,3.3,1.0,5,川又賢治,56.0,芝,1800.0,良,110.0,0.7,11-13,34.6,446.0,0.0,キトゥンズマーチ,51.0
2018105908,カサデガ,2021/04/11,1新潟2,晴,6,3歳未勝利,16,4,7,3.6,2.0,2,川又賢治,56.0,芝,1800.0,良,108.2,0.9,13-11,34.6,446.0,-2.0,ミツルハピネス,200.0
2018105908,カサデガ,2021/03/21,1阪神12,雨,5,3歳未勝利,10,8,10,7.5,3.0,5,和田竜二,56.0,芝,2400.0,重,153.2,0.9,4-3-3-3,36.0,448.0,0.0,ゲヴィナー,51.0
2018105908,カサデガ,2021/02/28,2小倉6,曇,2,3歳未勝利,17,4,8,6.1,3.0,7,川又賢治,56.0,芝,2000.0,稍,123.2,0.7,15-16-16-13,35.9,448.0,0.0,ジオフロント,
2018105908,カサデガ,2021/01/11,1中京4,曇,5,3歳未勝利,16,8,15,10.4,7.0,4,川又賢治,56.0,芝,2200.0,良,135.8,1.1,12-11-9-11,35.9,448.0,-4.0,マイプレシャス,77.0
2018105908,カサデガ,2020/12/19,3中京5,晴,7,2歳未勝利,18,4,8,7.4,3.0,5,中井裕二,55.0,芝,2000.0,良,123.1,1.7,8-7-7-6,37.0,452.0,-2.0,マテンロウエール,51.0
2018105908,カサデガ,2020/11/28,5阪神8,晴,5,2歳新馬,9,6,6,15.5,4.0,2,川又賢治,55.0,芝,1800.0,良,109.4,0.1,9-9,34.1,454.0,0.0,ヴィクティファルス,280.0
2020100056,クールムーア,2026/07/03,園田,晴,11,オッズパーク杯A1,9,2,2,242.5,9.0,9,山本屋太,57.0,ダ,1400.0,稍,95.8,6.2,8-8-9-9,43.2,483.0,0.0,マルカイグアス,
2020100056,クールムーア,2025/08/14,園田,曇,11,夜さ恋サマースプリン,12,5,5,29.2,10.0,12,下原理,57.0,ダ,1230.0,良,81.7,3.0,10-10-9-10,40.0,483.0,-9.0,ルコルセール,
2020100056,クールムーア,2025/07/25,園田,晴,11,サンケイスポーツZB(A1A2),8,6,6,5.0,3.0,5,下原理,57.0,ダ,1230.0,良,79.9,0.9,8-8-8-8,38.0,492.0,8.0,ハナブサ,30.0
2020100056,クールムーア,2025/06/15,3阪神4,晴,12,リボン賞(3勝クラス),16,2,4,71.3,12.0,14,吉村誠之,54.0,ダ,1200.0,重,72.3,1.9,7-6,37.6,484.0,-2.0,ムーヴ,
2020100056,クールムーア,2024/09/14,4中山3,晴,11,初風S(3勝クラス),16,6,12,155.6,15.0,4,菊沢一樹,54.0,ダ,1200.0,良,71.9,0.6,4-3,37.3,486.0,0.0,エティエンヌ,280.0
2020100056,クールムーア,2024/01/14,1中山5,晴,9,サンライズS(3勝クラス),14,4,5,63.0,13.0,12,松岡正海,54.0,芝,1200.0,良,69.7,1.0,4-4,35.2,486.0,0.0,アネゴハダ,
2020100056,クールムーア,2023/12/03,5中山2,晴,9,南総S(3勝クラス),15,4,6,48.9,12.0,15,丹内祐次,55.0,芝,1200.0,良,68.1,0.9,4-7,34.9,486.0,4.0,バースクライ,
2020100056,クールムーア,2023/11/18,3福島5,晴,11,キビタキS(3勝クラス),16,4,7,11.2,6.0,13,丹内祐次,55.0,芝,1200.0,稍,71.4,1.3,1-1,37.8,482.0,8.0,ファイアダンサー,
2020100056,クールムーア,2023/09/02,2札幌7,曇,9,知床特別(2勝クラス),16,4,8,7.5,3.0,1,丹内祐次,56.0,芝,1200.0,稍,70.1,-0.1,2-2,35.9,474.0,0.0,(ラウラーナ),1585.0
2020100056,クールムーア,2023/08/06,1札幌6,曇,10,札幌スポニチ賞(2勝クラス),11,8,11,6.3,5.0,4,丹内祐次,56.0,芝,1200.0,重,70.9,0.2,2-2,36.7,474.0,0.0,シャークスポット,230.0
2020100056,クールムーア,2023/07/16,2函館6,曇,8,3歳以上1勝クラス,13,5,7,12.2,6.0,1,丹内祐次,55.0,芝,1200.0,稍,70.2,-0.5,1-1,35.7,474.0,2.0,(デルマヤクシ),800.0
2020100056,クールムーア,2023/05/13,1新潟5,晴,9,はやぶさ賞(1勝クラス),16,2,4,65.0,11.0,5,原優介,56.0,芝,1000.0,良,55.8,0.5,5,33.6,472.0,0.0,トレンディスター,107.0
2020100056,クールムーア,2023/04/29,1新潟1,晴,9,ゆきつばき賞(1勝クラス),16,3,6,38.6,11.0,9,丹内祐次,56.0,芝,1200.0,良,70.1,0.8,11-10,35.3,472.0,4.0,タツダイヤモンド,
2020100056,クールムーア,2023/02/11,1東京5,晴,7,3歳1勝クラス,14,4,6,68.9,10.0,6,原優介,54.0,芝,1400.0,稍,82.5,0.9,3-3,34.8,468.0,2.0,ポリーフォリア,
2020100056,クールムーア,2023/01/28,1東京1,晴,10,クロッカスS(L),10,3,3,29.3,7.0,8,Ｍ．デム,56.0,芝,1400.0,良,82.0,0.9,6-5,34.1,466.0,0.0,ヤクシマ,
2020100056,クールムーア,2023/01/08,1中山3,晴,9,朱竹賞(1勝クラス),12,8,11,5.3,3.0,8,Ｍ．デム,56.0,芝,1200.0,良,69.9,1.1,10-12,34.9,466.0,4.0,ニジュウダンサー,
2020100056,クールムーア,2022/11/13,3福島4,曇,9,福島2歳S(OP),16,6,11,17.6,6.0,9,丸山元気,55.0,芝,1200.0,良,71.1,1.1,15-13,34.7,462.0,-4.0,ビッグシーザー,
2020100056,クールムーア,2022/10/23,4東京7,晴,6,2歳1勝クラス,7,7,7,5.6,3.0,3,Ｍ．デム,55.0,芝,1400.0,良,83.3,0.5,2-2,34.0,466.0,0.0,メイクアスナッチ,190.0
2020100056,クールムーア,2022/10/01,4中山8,晴,2,2歳未勝利,16,1,2,3.5,2.0,1,Ｍ．デム,55.0,芝,1200.0,良,69.4,0.0,3-3,35.1,466.0,8.0,(パルフュメ),520.0
2020100056,クールムーア,2022/08/14,3新潟2,曇,3,2歳未勝利,17,5,9,4.3,2.0,3,Ｍ．デム,54.0,芝,1200.0,稍,69.3,0.2,6-4,35.0,458.0,-2.0,リバーラ,130.0
2020100056,クールムーア,2022/07/23,2福島7,曇,1,2歳未勝利,15,5,9,4.6,3.0,3,Ｍ．デム,54.0,芝,1200.0,稍,71.0,0.3,4-5,36.2,460.0,-2.0,ブーケファロス,130.0
2020100056,クールムーア,2022/07/03,2福島2,晴,1,2歳未勝利,8,8,8,28.7,6.0,4,津村明秀,54.0,芝,1800.0,良,111.1,0.6,2-2-2-2,36.1,462.0,-4.0,グラニット,78.0
2020100056,クールムーア,2022/06/19,3阪神2,晴,5,2歳新馬,14,8,14,17.6,7.0,11,亀田温心,53.0,ダ,1200.0,良,76.4,2.5,10-10,39.1,466.0,0.0,ナイトキャッスル,
2020106571,ワイルドハンター,2026/07/14,名古屋,晴,11,ひまわりの日特別(A),7,6,6,71.0,7.0,5,大畑慧悟,57.0,ダ,1400.0,良,90.4,1.2,6-6-6,37.9,479.0,-6.0,セットクルール,15.0
2020106571,ワイルドハンター,2026/06/30,名古屋,曇,11,夏越大空特別(A),11,1,1,17.5,6.0,10,大畑慧悟,57.0,ダ,2000.0,稍,135.6,3.3,9-9-11,39.9,485.0,-1.0,セイウンアーテル,
2020106571,ワイルドハンター,2026/06/17,名古屋,晴,11,麦秋特別(A),12,6,7,24.5,7.0,9,大畑慧悟,57.0,ダ,1400.0,良,89.0,0.9,12-12-10,37.0,486.0,2.0,ヴェッターホルン,
2020106571,ワイルドハンター,2026/05/19,名古屋,晴,11,小満特別(A),11,6,6,35.9,7.0,3,今井貴大,57.0,ダ,1700.0,良,111.1,0.2,1-1-1,38.2,484.0,7.0,レイジングスラスト,20.0
2020106571,ワイルドハンター,2026/05/06,名古屋,小雨,11,牡丹特別(A),10,3,3,15.2,7.0,7,加藤聡一,57.0,ダ,1700.0,稍,111.0,1.2,9-9-9,38.7,477.0,-3.0,リュクスドレフォン,
2020106571,ワイルドハンター,2026/04/22,名古屋,曇,11,穀雨特別(A),12,8,11,37.7,8.0,4,加藤聡一,57.0,ダ,1500.0,良,95.4,0.5,11-10-9,37.8,480.0,3.0,エイシンガウディ,18.0
2020106571,ワイルドハンター,2026/04/07,名古屋,晴,9,桜月夜特別(B),12,7,10,6.7,4.0,1,丸野勝虎,57.0,ダ,2000.0,重,133.4,0.0,8-5-2,40.5,477.0,0.0,(マルカブリッツ),100.0
2020106571,ワイルドハンター,2026/03/25,名古屋,雨,7,豊明特別(A),10,6,6,118.9,9.0,4,大畑慧悟,57.0,ダ,1400.0,重,89.3,1.0,6-6-5,38.9,477.0,3.0,アップショウグン,18.0
2020106571,ワイルドハンター,2026/03/10,名古屋,晴,11,初雲雀特別(A),12,8,11,30.0,8.0,5,丸野勝虎,57.0,ダ,1400.0,良,90.5,1.2,11-10-7,38.6,474.0,-5.0,オウケンボス,12.0
2020106571,ワイルドハンター,2026/02/25,名古屋,曇,9,麗月特別(A),12,6,8,12.1,5.0,6,丸野勝虎,57.0,ダ,2100.0,不,140.5,1.2,10-11-10,39.3,479.0,-1.0,オオタニズスマイル,
2020106571,ワイルドハンター,2026/02/10,名古屋,曇,11,スコーン特別(A),10,3,3,53.1,8.0,4,塚本征吾,57.0,ダ,1700.0,良,111.1,1.0,4-5-6,38.7,480.0,6.0,フリッパー,15.0
2020106571,ワイルドハンター,2026/01/27,名古屋,晴,10,鶯宿梅特別(A),11,8,12,115.7,10.0,11,加藤誓二,57.0,ダ,1400.0,良,92.1,2.5,11-11-11,39.3,474.0,3.0,ミスティライラック,
2020106571,ワイルドハンター,2026/01/13,名古屋,曇,11,七草特別(A),12,6,8,120.6,12.0,7,加藤誓二,57.0,ダ,1500.0,良,97.8,0.8,12-12-11,38.9,471.0,4.0,コスモルージュ,
2020106571,ワイルドハンター,2026/01/01,名古屋,晴,11,午年初駆特別(A),12,7,9,173.0,9.0,8,加藤誓二,57.0,ダ,920.0,良,57.8,2.0,11,36.1,467.0,-6.0,ハッピーミーク,
2020106571,ワイルドハンター,2025/12/19,名古屋,晴,11,尾張国特別(A),12,7,10,51.5,8.0,11,加藤誓二,57.0,ダ,1400.0,稍,91.7,3.0,12-12-12,39.2,473.0,0.0,スキピオ,
2020106571,ワイルドハンター,2025/12/09,名古屋,晴,10,豊根特別(A),12,4,4,133.9,11.0,7,加藤誓二,57.0,ダ,1500.0,良,96.0,0.8,10-10-8,38.1,473.0,-12.0,サンヨウスフィーダ,
2020106571,ワイルドハンター,2025/11/26,名古屋,晴,11,アポロ特別(A),12,2,2,13.0,3.0,11,今井貴大,57.0,ダ,1500.0,良,98.4,2.3,12-12-12,38.3,485.0,0.0,マイネルラカイユ,
2020106571,ワイルドハンター,2025/11/07,名古屋,晴,11,豊田特別(A),8,6,6,8.8,5.0,2,今井貴大,57.0,ダ,1700.0,良,113.1,0.1,2-2-2,38.4,485.0,-5.0,オリオンハート,42.0
2020106571,ワイルドハンター,2025/10/28,名古屋,晴,11,夜長特別(A),12,5,6,15.6,5.0,3,今井貴大,57.0,ダ,1500.0,稍,97.8,0.5,7-9-4,39.5,490.0,0.0,ニホンピロタイズ,24.0
2020106571,ワイルドハンター,2025/10/14,名古屋,小雨,11,みなみのうお座特別(B),12,5,5,34.0,9.0,3,今井貴大,57.0,ダ,1500.0,良,97.5,0.4,8-8-7,38.9,490.0,6.0,ユアグローリー,20.0
2020106571,ワイルドハンター,2025/10/01,名古屋,晴,11,津島特別(A),11,2,2,48.7,8.0,9,村上弘樹,57.0,ダ,1400.0,良,91.5,1.3,11-11-10,38.4,484.0,2.0,ミクロフィラム,
2020106571,ワイルドハンター,2025/09/18,名古屋,晴,12,高浜特別(A),12,5,6,44.8,8.0,3,今井貴大,57.0,ダ,1700.0,良,112.8,0.8,10-7-6,39.8,482.0,3.0,マイネルナラティヴ,24.0
2020106571,ワイルドハンター,2025/09/03,名古屋,晴,11,安城特別(A),12,6,7,22.0,7.0,10,今井貴大,57.0,ダ,1700.0,良,113.8,2.5,12-12-12,38.9,479.0,-4.0,サンマルエンパイア,
2020106571,ワイルドハンター,2025/08/19,名古屋,晴,11,風鈴特別(A),12,3,3,32.6,7.0,4,丸野勝虎,57.0,ダ,1500.0,良,96.9,1.5,9-9-7,37.8,483.0,13.0,プロミシングギャル,15.0
2020106571,ワイルドハンター,2025/07/23,名古屋,晴,12,大暑特別(A),12,5,5,9.8,4.0,10,大畑慧悟,57.0,ダ,1700.0,良,111.2,1.4,7-7-11,39.4,470.0,5.0,ハットリ,
2020106571,ワイルドハンター,2025/07/07,名古屋,晴,11,天の川特別(A),12,8,11,4.4,2.0,8,今井貴大,57.0,ダ,1700.0,良,111.3,1.7,9-10-11,39.7,465.0,-11.0,ジャコムスビ,
2020106571,ワイルドハンター,2025/06/25,名古屋,晴,11,植田特別(A),12,3,3,6.3,3.0,4,今井貴大,57.0,ダ,1700.0,重,110.5,1.6,10-5-5,40.0,476.0,4.0,カナラクリーク,15.0
2020106571,ワイルドハンター,2025/06/03,名古屋,曇,11,ふたご座特別(B),11,8,12,4.6,2.0,3,村上弘樹,57.0,ダ,1500.0,不,96.4,0.7,7-6-6,39.6,472.0,1.0,パピタ,20.0
2020106571,ワイルドハンター,2025/05/20,名古屋,晴,12,アルデバラン特別(B),12,6,7,2.2,1.0,2,岡部誠,57.0,ダ,1400.0,稍,90.5,0.1,6-5-2,38.5,471.0,-3.0,トーホウランボ,29.8
2020106571,ワイルドハンター,2025/05/08,名古屋,晴,11,尾張旭特別(A),11,6,6,5.4,2.0,9,岡部誠,57.0,ダ,1700.0,重,113.2,2.3,3-3-7,40.1,474.0,-4.0,プリメイラ,
2020106571,ワイルドハンター,2025/04/23,名古屋,曇,9,B6組,10,4,4,2.0,1.0,1,岡部誠,57.0,ダ,1500.0,不,96.2,-0.3,4-3-3,38.8,478.0,0.0,(イノセンス),65.0
2020106571,ワイルドハンター,2025/03/25,名古屋,晴,10,新生活応援特別(A),9,5,5,8.2,4.0,2,岡部誠,56.0,ダ,1500.0,重,97.2,0.1,7-6-5,37.6,478.0,-1.0,イッツナッシング,31.5
2020106571,ワイルドハンター,2025/03/12,大井,雨,7,B3四,11,2,2,49.4,10.0,10,江里口裕,56.0,ダ,1800.0,重,118.9,3.5,2-2-5-10,41.6,479.0,-1.0,ブルマリンシェール,
2020106571,ワイルドハンター,2025/02/20,大井,晴,10,ゴールデンステッキ賞(B3),15,5,9,44.6,12.0,14,福原杏,56.0,ダ,1800.0,良,117.9,3.8,10-9-12-12,39.9,480.0,3.0,キトン,
2020106571,ワイルドハンター,2025/01/29,大井,晴,12,百反坂賞競走(B3),12,3,3,201.8,11.0,4,江里口裕,56.0,ダ,1800.0,良,117.3,0.8,4-4-4-4,38.4,477.0,-3.0,ポンドボーイ,57.0
2020106571,ワイルドハンター,2025/01/16,大井,曇,10,初夢賞競走(B2B3),15,4,7,179.2,11.0,9,江里口裕,55.0,ダ,2000.0,良,130.2,1.1,14-14-14-14,38.7,480.0,4.0,タンゴノアール,
2020106571,ワイルドハンター,2024/12/29,大井,晴,7,乃木坂賞競走(B3),14,5,8,166.3,13.0,8,藤本現暉,56.0,ダ,2000.0,良,131.4,2.3,10-10-13-13,38.7,476.0,-2.0,タンゴノアール,
2020106571,ワイルドハンター,2024/12/02,大井,晴,10,ヘルマン坂賞競走(B3),14,2,2,123.0,11.0,11,阿部龍,56.0,ダ,1800.0,良,117.8,2.1,9-8-13-14,39.1,478.0,0.0,タンゴノアール,
2020106571,ワイルドハンター,2024/11/04,大井,晴,12,ポルックス賞競走(B2B3),12,1,1,75.0,10.0,11,藤本現暉,55.0,ダ,1650.0,稍,109.2,2.6,9-10-12-12,41.4,478.0,4.0,マルカンラニ,
2020106571,ワイルドハンター,2024/10/15,大井,晴,11,アンドロメダ賞競走(B2B3),16,2,4,94.5,13.0,11,藤本現暉,55.0,ダ,1800.0,良,118.2,2.5,11-11-16-16,39.6,474.0,4.0,ロデオ,
2020106571,ワイルドハンター,2024/06/06,大井,曇,10,鼠坂賞競走(B3),15,8,15,54.8,11.0,8,藤本現暉,56.0,ダ,1800.0,稍,117.8,1.8,10-11-15-15,39.4,470.0,-2.0,ミエノサンダー,
2020106571,ワイルドハンター,2024/05/13,大井,雨,11,立夏賞競走(B2B3),14,7,12,40.7,9.0,8,藤本現暉,55.0,ダ,1800.0,不,118.3,2.7,3-3-4-7,41.5,472.0,1.0,ドラケン,
2020106571,ワイルドハンター,2024/04/24,大井,雨,10,行人坂賞競走(B3),12,1,1,29.0,8.0,5,藤本現暉,56.0,ダ,1600.0,不,104.6,1.5,5-5-8-7,40.9,471.0,-1.0,ヤクモ,38.0
2020106571,ワイルドハンター,2024/04/11,大井,晴,10,アーバンステージさつ(B2B3),11,6,7,33.4,6.0,5,藤本現暉,55.0,ダ,2000.0,稍,132.9,0.9,2-2-2-3,40.7,472.0,5.0,キガサ,50.0
2020106571,ワイルドハンター,2024/03/21,大井,晴,7,オフト京王閣賞競走(B3),8,1,1,29.4,7.0,5,藤本現暉,56.0,ダ,1800.0,良,119.3,1.5,6-6-8-7,40.7,467.0,-1.0,アトランティス,24.0
2020106571,ワイルドハンター,2024/02/27,大井,晴,12,円通寺坂賞競走(B2B3),10,5,5,30.2,7.0,2,藤本現暉,55.0,ダ,1800.0,重,120.2,0.1,3-4-3-4,40.4,468.0,-3.0,ラストストーリー,104.0
2020106571,ワイルドハンター,2024/02/15,大井,曇,12,日向坂賞競走(B3),14,4,5,38.5,8.0,5,藤本現暉,56.0,ダ,1800.0,良,119.7,1.5,2-2-2-1,41.4,471.0,1.0,スイングステート,24.0
2020106571,ワイルドハンター,2024/01/21,大井,晴,7,ウェルカム2024賞(B2B3),15,8,15,301.6,15.0,10,岩橋勇二,55.0,ダ,2000.0,不,133.7,2.4,10-11-15-14,41.2,470.0,-1.0,マイネルサブマリン,
2020106571,ワイルドハンター,2023/12/29,大井,晴,5,B3四,10,1,1,34.3,8.0,7,岩橋勇二,56.0,ダ,1800.0,良,119.7,2.4,4-4-8-8,40.9,471.0,1.0,アトランティス,
2020106571,ワイルドハンター,2023/12/06,大井,晴,10,やまねこ座特別競走(C1),15,7,12,41.4,10.0,1,笹川翼,56.0,ダ,1800.0,良,118.6,-0.1,4-4-3-5,39.7,470.0,-3.0,(ウィズフィリップ),200.0
2020106571,ワイルドハンター,2023/11/16,大井,晴,7,C1二三四(C1三),12,2,2,15.4,6.0,9,森泰斗,56.0,ダ,1600.0,良,106.4,2.3,7-8-10-10,40.8,473.0,0.0,チャンピオンフジ,
2020106571,ワイルドハンター,2023/11/02,大井,晴,5,C1三四五(C1四),14,1,1,5.3,3.0,3,笹川翼,56.0,ダ,1600.0,良,105.0,1.7,5-5-6-6,41.5,473.0,27.0,ヤクモ,30.0
2020106571,ワイルドハンター,2023/09/23,4中山6,曇,7,3歳以上1勝クラス,11,8,10,11.7,7.0,11,木幡巧也,55.0,ダ,1800.0,不,115.5,1.4,3-3-3-7,39.0,446.0,2.0,クリニクラウン,
2020106571,ワイルドハンター,2023/09/09,4中山1,曇,8,3歳以上1勝クラス,10,3,3,28.7,6.0,7,菊沢一樹,55.0,ダ,1800.0,重,113.6,2.5,6-8-9-9,39.0,444.0,-4.0,ペンティメント,
2020106571,ワイルドハンター,2023/08/31,浦和,晴,12,マルチヒーロー特別(B2B3),11,7,9,14.1,7.0,6,木幡巧也,56.0,ダ,2000.0,良,132.7,3.1,8-11-9-9,40.5,448.0,-6.0,フミヤングフェイス,
2020106571,ワイルドハンター,2023/06/10,3東京3,曇,7,3歳以上1勝クラス,16,4,7,36.1,9.0,15,木幡巧也,55.0,ダ,2100.0,稍,133.6,3.5,3-3-5-7,40.0,454.0,2.0,ソムリエ,
2020106571,ワイルドハンター,2023/05/20,2東京9,曇,3,3歳未勝利,16,1,2,229.1,12.0,1,木幡巧也,56.0,ダ,2100.0,稍,131.4,-0.1,2-2-2-1,37.1,452.0,-2.0,(バルフォアテソーロ),550.0
2020106571,ワイルドハンター,2023/05/06,2東京5,晴,5,3歳未勝利,12,8,12,66.3,8.0,6,木幡巧也,56.0,ダ,2100.0,良,137.6,2.1,7-7-8-8,40.3,454.0,-2.0,ビップスコーピオン,
2020106571,ワイルドハンター,2023/04/18,大井,曇,10,フォーチュネイトひな(3歳),14,4,6,129.4,14.0,2,岡村健司,56.0,ダ,1800.0,重,116.0,1.2,12-12-14-14,37.4,456.0,0.0,ナンセイホワイト,112.0
2020106571,ワイルドハンター,2023/01/28,1中京9,晴,3,3歳未勝利,15,5,8,56.3,9.0,13,岩田康誠,56.0,ダ,1900.0,良,126.7,5.4,14-14-15-15,41.6,456.0,0.0,バンドマスター,
2020106571,ワイルドハンター,2023/01/15,1中山6,曇,3,3歳未勝利,16,5,10,226.6,13.0,8,武藤雅,56.0,ダ,1800.0,良,117.5,1.3,13-13-14-14,39.3,456.0,2.0,リーゼノアール,
2020106571,ワイルドハンター,2022/10/16,4東京5,曇,4,2歳新馬,15,6,11,63.1,12.0,10,柴田大知,55.0,ダ,1600.0,良,101.4,3.2,10-12,38.0,454.0,0.0,ビターゼノビア,
2022101910,ポジティビティ,2026/07/01,名古屋,小雨,10,半夏生特別(A),12,8,12,4.2,3.0,1,塚本征吾,57.0,ダ,1500.0,稍,94.9,-0.6,2-2-1,38.4,485.0,5.0,(デスティニーホープ),100.0
2022101910,ポジティビティ,2026/06/16,名古屋,曇,9,アンタレス特別(B),10,1,1,15.4,5.0,3,細川智史,57.0,ダ,1500.0,良,96.1,0.3,4-4-3,37.9,480.0,-5.0,ミニマルデザイン,17.0
2022101910,ポジティビティ,2026/06/02,名古屋,雨,8,アルフェッカ特別(B),11,3,3,24.9,5.0,3,今井貴大,57.0,ダ,1700.0,不,110.4,0.4,3-4-3,38.1,485.0,-3.0,シルクニードル,17.0
2022101910,ポジティビティ,2026/05/19,名古屋,晴,10,ポリマ特別(B),12,6,8,37.9,7.0,10,細川智史,57.0,ダ,1700.0,良,112.4,1.3,3-3-8,39.6,488.0,8.0,アスキステソーロ,
2022101910,ポジティビティ,2026/05/06,名古屋,小雨,7,B6組,12,7,9,17.6,6.0,1,細川智史,57.0,ダ,1500.0,稍,96.8,-0.2,5-5-4,40.0,480.0,2.0,(コスモベルツリー),70.0
2022101910,ポジティビティ,2026/04/05,高知,晴,2,C2ー7,11,4,4,59.3,9.0,7,佐原秀泰,57.0,ダ,1400.0,不,92.2,2.3,8-8-8-8,39.5,478.0,0.0,ダオラダオラ,
2022101910,ポジティビティ,2026/03/22,高知,雨,8,春陽特別(C2),11,6,7,7.2,2.0,11,多田羅誠,57.0,ダ,1400.0,重,94.5,2.2,9-9-9-10,41.0,478.0,1.0,ダイチヴィヴァン,
2022101910,ポジティビティ,2026/03/15,高知,晴,3,仲春特別(C2),10,8,10,,,取,多田羅誠,57.0,ダ,1400.0,良,,,,,,,キンセンオー,
2022101910,ポジティビティ,2026/03/08,高知,晴,6,C2ー4,10,7,8,2.6,1.0,3,吉原寛人,57.0,ダ,1400.0,重,92.5,0.7,4-4-4-4,39.8,477.0,1.0,ラリタス,17.5
2022101910,ポジティビティ,2026/02/23,高知,晴,7,C3ー2,11,6,6,2.6,1.0,3,多田羅誠,57.0,ダ,1300.0,良,86.1,1.1,2-2-2-2,40.1,476.0,-2.0,オセアハートマン,15.0
2022101910,ポジティビティ,2026/02/17,高知,晴,4,C3ー2,12,6,8,6.7,3.0,4,多田羅誠,57.0,ダ,1400.0,稍,93.6,0.7,2-2-2-2,40.1,478.0,-4.0,カルリーノ,9.0
2022101910,ポジティビティ,2026/02/10,高知,曇,5,ユキワリイチゲ特別(C3),11,8,11,48.7,8.0,6,岡村卓弥,57.0,ダ,1300.0,良,85.3,1.5,11-11-11-11,38.7,482.0,4.0,アメリカンクール,
2022101910,ポジティビティ,2026/01/26,高知,晴,6,フクジュソウ特別(C3),6,4,4,8.1,3.0,3,多田羅誠,57.0,ダ,1300.0,良,84.6,1.4,6-6-6-5,38.5,478.0,-4.0,スピードソルジャー,27.5
2022101910,ポジティビティ,2026/01/20,高知,晴,3,C3ー4,9,8,10,21.7,3.0,2,吉原寛人,57.0,ダ,1400.0,良,92.1,0.6,5-6-4-3,39.4,482.0,-1.0,アルトシュタット,24.0
2022101910,ポジティビティ,2026/01/11,高知,晴,7,C3ー8,10,7,8,6.0,3.0,1,吉原寛人,57.0,ダ,1400.0,良,93.0,-0.1,2-2-2-2,39.9,483.0,0.0,(サツマノカゼ),60.0
2022101910,ポジティビティ,2025/12/31,高知,晴,2,C3ー7,8,1,1,7.2,3.0,3,吉村智洋,57.0,ダ,1300.0,良,87.0,1.0,5-5-5-4,40.6,483.0,2.0,アメリカンクール,15.0
2022101910,ポジティビティ,2025/12/20,高知,曇,7,C3ー9,9,5,5,1.9,1.0,5,岡村卓弥,57.0,ダ,1400.0,稍,95.3,2.0,6-4-3-4,41.7,481.0,-4.0,ワイドレッド,6.0
2022101910,ポジティビティ,2025/12/07,高知,晴,7,C3ー13,12,3,3,3.2,1.0,1,岡村卓弥,57.0,ダ,1300.0,良,86.4,0.0,4-4-3-1,39.7,485.0,1.0,(ジーティーハッピー),60.0
2022101910,ポジティビティ,2025/11/24,高知,曇,6,C3ー16,9,5,5,2.9,2.0,2,岡村卓弥,57.0,ダ,1600.0,良,108.3,0.1,6-6-3-2,41.3,484.0,4.0,ケルピー,24.0
2022101910,ポジティビティ,2025/11/08,高知,晴,2,C3ー12,10,3,3,3.9,2.0,7,永森大智,57.0,ダ,1600.0,稍,110.2,1.3,10-10-9-8,39.7,480.0,5.0,エイブリー,
2022101910,ポジティビティ,2025/10/26,高知,晴,1,C3ー19,10,6,6,4.8,3.0,2,岡村卓弥,57.0,ダ,1600.0,不,105.5,0.0,1-1-1-1,40.0,475.0,2.0,アーベントゾンネ,24.0
2022101910,ポジティビティ,2025/10/12,高知,曇,6,C3ー19,11,8,10,26.1,7.0,2,岡村卓弥,57.0,ダ,1600.0,稍,107.9,0.4,3-4-3-3,39.7,473.0,-4.0,フーイナム,24.0
2022101910,ポジティビティ,2025/09/28,高知,曇,5,3歳ー5,10,7,9,11.6,5.0,6,妹尾浩一,57.0,ダ,1300.0,不,86.4,1.5,7-8-7-7,39.9,477.0,5.0,エターナルライズ,
2022101910,ポジティビティ,2025/09/14,高知,晴,11,ファイナルレース(3歳),12,5,6,7.9,6.0,3,妹尾浩一,57.0,ダ,1400.0,重,92.9,1.4,10-10-10-10,39.9,472.0,10.0,アルデヤーノ,15.0
2022101910,ポジティビティ,2025/08/09,3中京5,曇,2,3歳未勝利,15,3,4,222.2,12.0,9,泉谷楓真,57.0,ダ,1800.0,良,115.8,1.7,12-12-12-10,38.0,462.0,-4.0,ヒサエノオモカゲ,
2022101910,ポジティビティ,2025/07/27,3中京2,晴,2,3歳未勝利,16,4,8,67.4,13.0,13,酒井学,57.0,ダ,1800.0,良,116.8,2.7,14-14-14-14,39.7,466.0,-2.0,テーオーシュタイン,
2022101910,ポジティビティ,2025/05/10,2京都5,曇,2,3歳未勝利,16,1,2,54.6,12.0,10,泉谷楓真,57.0,ダ,1900.0,重,121.4,1.7,9-9-9-10,39.5,468.0,-4.0,メリトーリアス,
2022101910,ポジティビティ,2025/04/27,1福島6,晴,3,3歳未勝利,15,5,9,15.5,8.0,8,泉谷楓真,57.0,ダ,1700.0,良,109.5,0.7,7-7-7-7,38.9,472.0,0.0,ティアップドライブ,
2022101910,ポジティビティ,2025/03/29,2中京5,曇,4,3歳未勝利,13,8,12,5.4,3.0,5,泉谷楓真,57.0,ダ,1800.0,稍,115.6,1.9,10-10-11-11,38.8,472.0,-2.0,メイショウソウセキ,56.0
2022101910,ポジティビティ,2025/03/15,2中京1,曇,4,3歳未勝利,15,2,3,179.3,14.0,6,泉谷楓真,57.0,ダ,1800.0,良,115.9,0.6,11-10-10-9,38.4,474.0,-4.0,カミノレアル,
2022101910,ポジティビティ,2024/10/05,5京都1,晴,4,2歳新馬,16,6,12,157.1,15.0,14,酒井学,56.0,ダ,1400.0,稍,91.8,7.1,15-15,42.3,478.0,0.0,ドラゴンウェルズ,
2022102958,エーオ,2026/07/13,名古屋,曇,11,宵波特別(A),11,6,6,5.3,3.0,4,望月洵輝,57.0,ダ,1700.0,良,111.6,0.5,3-3-6,39.0,451.0,-2.0,トーマステソーロ,18.0
2022102958,エーオ,2026/06/30,名古屋,曇,11,夏越大空特別(A),11,3,3,4.0,2.0,4,加藤聡一,57.0,ダ,2000.0,稍,133.8,1.5,2-2-3,38.5,453.0,-2.0,セイウンアーテル,18.0
2022102958,エーオ,2026/06/19,名古屋,晴,8,七変化雨彩特別(A),12,6,8,10.5,6.0,3,近藤颯羽,54.0,ダ,1700.0,良,109.6,1.1,4-3-4,39.7,455.0,2.0,ボックスオフィス,24.0
2022102958,エーオ,2026/05/19,名古屋,晴,9,薄暑大空特別(A),11,2,2,13.9,6.0,2,加藤聡一,57.0,ダ,2000.0,良,133.3,0.8,2-4-1,39.0,453.0,3.0,ガジュノリホワイト,35.0
2022102958,エーオ,2026/05/06,名古屋,小雨,9,ネモフィラ特別(A),9,6,6,11.6,5.0,6,渡辺竜也,57.0,ダ,1500.0,稍,97.0,1.1,6-5-7,39.4,450.0,-2.0,アイガー,
2022102958,エーオ,2026/04/22,名古屋,曇,10,アースデイ特別(A),12,6,7,22.1,7.0,5,望月洵輝,57.0,ダ,1700.0,良,110.1,0.7,7-7-7,38.6,452.0,1.0,ミアステラ,10.0
2022102958,エーオ,2026/04/09,名古屋,雨,9,徒桜特別(A),11,5,5,45.2,9.0,7,望月洵輝,57.0,ダ,1400.0,稍,89.6,1.2,9-9-10,38.2,451.0,1.0,ララエフォール,
2022102958,エーオ,2026/03/24,名古屋,晴,9,"2,100m戦勅使池(B)",10,8,9,4.7,2.0,1,望月洵輝,57.0,ダ,2100.0,良,140.5,-0.1,3-2-2,38.8,450.0,3.0,(シンコーマーチャン),65.0
2022102958,エーオ,2026/03/10,名古屋,晴,8,青波特別(B),12,1,1,15.9,6.0,6,加藤聡一,57.0,ダ,2000.0,良,134.5,0.8,3-5-4,41.1,447.0,-1.0,レアリーゼ,
2022102958,エーオ,2026/02/12,船橋,晴,9,C1二三,14,8,13,28.2,8.0,6,臼井健太,56.0,ダ,1600.0,良,106.7,1.3,8-7-7-6,39.6,448.0,6.0,クラリティー,
2022102958,エーオ,2026/02/02,川崎,晴,10,富士山賞(C1),14,6,9,49.0,7.0,7,臼井健太,56.0,ダ,1600.0,良,106.7,2.0,12-12-12-11,40.5,442.0,-2.0,ファリードゥーン,
2022102958,エーオ,2026/01/21,船橋,晴,7,馬い!馬い!唐津小松(C1),14,7,11,60.9,8.0,4,笠野雄大,56.0,ダ,1600.0,良,105.6,0.9,13-10-8-8,39.5,444.0,-1.0,バーリフレイバー,18.0
2022102958,エーオ,2026/01/07,浦和,曇,6,C1四,11,3,3,56.3,6.0,6,川島正太,56.0,ダ,1500.0,稍,98.6,1.6,9-10-11-9,37.9,445.0,0.0,サンズ,
2022102958,エーオ,2025/12/30,大井,晴,9,ベルモントノーヴァ賞(C1八),12,7,9,43.8,8.0,9,川島正太,56.0,ダ,1200.0,稍,76.2,1.8,11-10,38.3,445.0,-3.0,ジーティーゴッド,
2022102958,エーオ,2025/12/11,船橋,晴,7,馬い!むらっち玉ねぎ(C1),14,3,3,135.7,10.0,5,中山遥人,54.0,ダ,1600.0,良,104.7,1.4,9-10-11-7,39.4,448.0,-5.0,ウェルウィッチア,12.0
2022102958,エーオ,2025/08/27,船橋,晴,10,灯籠賞(C1七),13,8,12,17.4,7.0,11,笠野雄大,55.0,ダ,1600.0,良,105.0,2.6,10-10-10-10,39.2,453.0,8.0,シーニックビュー,
2022102958,エーオ,2025/07/28,船橋,晴,9,C1四五六ア(C1五),11,7,8,22.2,6.0,5,笠野雄大,55.0,ダ,1500.0,良,97.9,1.6,8-8-9-7,38.8,445.0,2.0,マジックモーメント,12.0
2022102958,エーオ,2025/06/30,船橋,晴,6,3歳450P,10,6,6,7.3,3.0,1,笠野雄大,56.0,ダ,1500.0,良,97.9,-0.1,8-8-8-8,39.4,443.0,2.0,(グランピクニック),200.0
2022102958,エーオ,2025/06/16,川崎,晴,4,郭公賞(3歳),11,5,6,3.6,3.0,3,笠野雄大,56.0,ダ,1400.0,重,93.6,0.8,10-10-8-8,40.1,441.0,-5.0,クリスタルアロー,50.0
2022102958,エーオ,2025/06/03,船橋,雨,3,3歳390P,13,8,12,4.0,2.0,3,笠野雄大,56.0,ダ,1500.0,不,98.9,2.2,13-12-12-11,40.2,446.0,4.0,ホープエトワール,50.0
2022102958,エーオ,2025/05/06,船橋,雨,2,3歳五,12,2,2,1.7,1.0,3,笠野雄大,56.0,ダ,1200.0,不,76.7,0.2,9-8-7,38.9,442.0,-12.0,テルケンユミカザリ,40.0
2022102958,エーオ,2025/03/25,名古屋,晴,6,3歳2組,9,4,4,1.5,1.0,1,岡部誠,56.0,ダ,1500.0,重,97.6,-0.1,3-3-2,39.2,454.0,-1.0,(シュガープリンセス),54.0
2022102958,エーオ,2025/03/12,名古屋,小雨,7,3歳3組,12,8,12,5.3,2.0,2,岡部誠,56.0,ダ,1500.0,重,96.3,0.0,6-6-5,39.2,455.0,3.0,マコトアムレト,18.9
2022102958,エーオ,2025/02/26,名古屋,晴,2,3歳5組,12,6,7,1.5,1.0,1,岡部誠,56.0,ダ,1500.0,良,98.8,-0.3,8-8-6,39.2,452.0,1.0,(キタノボンボヤージ),54.0
2022102958,エーオ,2025/02/10,名古屋,晴,1,3歳5組,11,2,2,2.5,2.0,2,岡部誠,56.0,ダ,1500.0,稍,98.7,0.6,4-3-4,40.0,451.0,-1.0,オッフェンバック,18.9
2022102958,エーオ,2025/01/29,名古屋,晴,1,3歳6組,10,4,4,3.0,1.0,2,岡部誠,56.0,ダ,1500.0,良,99.2,0.2,5-6-4,39.5,452.0,14.0,シュガープリンセス,18.9
2022102958,エーオ,2024/12/15,4中京6,晴,4,2歳未勝利,16,6,11,357.2,14.0,13,酒井学,56.0,芝,1600.0,良,96.6,2.0,15-15-15,36.5,438.0,2.0,オンザムーブ,
2022102958,エーオ,2024/10/12,5京都3,晴,3,2歳未勝利,16,7,14,256.4,16.0,11,酒井学,56.0,芝,1600.0,良,95.4,1.0,13-11,35.8,436.0,-4.0,ドラゴンブースト,
2022102958,エーオ,2024/10/06,4新潟2,晴,2,2歳未勝利,15,7,12,191.9,12.0,10,菊沢一樹,56.0,芝,1800.0,良,109.4,1.2,13-13,35.6,440.0,22.0,ブルバンビーナ,
2022102958,エーオ,2024/07/21,3小倉8,晴,1,2歳未勝利,9,2,2,151.6,8.0,7,酒井学,55.0,芝,1800.0,良,112.5,2.3,5-5-8-7,37.7,418.0,-2.0,ワンモアスマイル,
2022102958,エーオ,2024/07/06,3小倉3,晴,2,2歳未勝利,9,6,6,48.8,8.0,7,酒井学,55.0,芝,1800.0,良,109.9,1.3,6-5-6-7,37.9,420.0,4.0,ジャルディニエ,
2022102958,エーオ,2024/06/02,4京都2,曇,5,2歳新馬,13,5,7,118.7,12.0,8,酒井学,55.0,芝,1400.0,良,84.4,1.2,12-12,35.1,416.0,0.0,キトンインザスカイ,
2022101739,ピコブルー,2026/06/30,名古屋,曇,10,風待月特別(A),9,5,5,6.0,2.0,1,今井貴大,57.0,ダ,1700.0,稍,108.6,-0.5,1-1-1,38.3,496.0,-14.0,(プロミシングギャル),100.0
2022101739,ピコブルー,2026/06/17,名古屋,晴,9,黄金穹特別(A),11,2,2,16.5,4.0,6,丸野勝虎,57.0,ダ,1400.0,良,89.7,1.2,8-9-9,38.7,510.0,18.0,セットクルール,
2022101739,ピコブルー,2026/05/04,名古屋,雨,10,春の大三角特別(B),8,8,8,2.2,1.0,1,望月洵輝,57.0,ダ,1500.0,重,96.9,-0.6,4-1-1,38.6,492.0,-11.0,(ミダスリスト),100.0
2022101739,ピコブルー,2026/04/10,名古屋,小雨,8,B9組,11,4,4,2.8,2.0,1,望月洵輝,57.0,ダ,1400.0,不,89.7,-0.1,2-2-1,40.0,503.0,15.0,(オンワードセルフ),70.0
2022101739,ピコブルー,2026/03/09,名古屋,晴,10,"1,500m戦新川賞(B)",9,8,9,1.0,1.0,4,今井貴大,57.0,ダ,1500.0,良,96.5,0.9,5-2-4,39.7,488.0,-4.0,ゴラッソゴール,9.8
2022101739,ピコブルー,2026/02/26,名古屋,晴,8,B6組,11,2,2,5.5,3.0,2,加藤聡一,57.0,ダ,1500.0,重,95.8,0.9,7-6-2,38.4,492.0,14.0,ヴァーナリー,22.8
2022101739,ピコブルー,2026/01/04,1中山1,晴,7,4歳以上1勝クラス,16,6,11,207.0,16.0,16,原優介,57.0,ダ,1800.0,稍,116.7,2.9,15-15-15-15,40.7,478.0,0.0,バタール,
2022101739,ピコブルー,2025/10/12,4東京4,曇,7,3歳以上1勝クラス,16,8,15,152.3,14.0,14,原優介,56.0,ダ,1600.0,良,100.2,1.9,13-13,37.2,478.0,4.0,アデランテ,
2022101739,ピコブルー,2025/08/10,2新潟6,雨,11,3歳以上1勝クラス,14,8,13,42.8,10.0,14,木幡巧也,55.0,芝,2000.0,重,125.4,2.3,6-6,36.4,474.0,-2.0,ズイウンゴサイ,
2022101739,ピコブルー,2025/07/26,2新潟1,晴,11,3歳以上1勝クラス,14,6,9,79.8,10.0,7,木幡巧也,55.0,芝,1800.0,良,106.9,0.9,8-7,33.6,476.0,5.0,ドリームクルーズ,
2022101739,ピコブルー,2025/05/08,園田,晴,11,西日本クラシック(重賞),12,2,2,19.3,8.0,5,吉村智洋,57.0,ダ,1870.0,良,126.8,0.6,6-5-6-4,40.6,471.0,-2.0,キミノハート,80.0
2022101739,ピコブルー,2025/04/30,園田,晴,10,3歳BC1,11,7,9,3.9,2.0,1,吉村智洋,57.0,ダ,1700.0,良,114.6,-0.1,3-3-2-2,38.9,473.0,8.0,(ダックワーズ),100.0
2022101739,ピコブルー,2025/02/19,姫路,晴,8,3歳B,8,7,7,2.1,1.0,2,廣瀬航,55.0,ダ,1400.0,良,94.0,0.1,5-5-4-3,40.4,465.0,0.0,レイヤー,35.0
2022101739,ピコブルー,2025/02/07,姫路,曇,7,3歳C1,7,4,4,1.7,1.0,1,廣瀬航,55.0,ダ,1400.0,良,94.8,-0.4,5-5-3-1,40.7,465.0,-2.0,(エートルドゥエ),80.0
2022101739,ピコブルー,2025/01/14,園田,曇,7,3歳C1,7,6,6,4.6,4.0,2,廣瀬航,55.0,ダ,1400.0,良,95.2,0.3,3-3-2-1,40.1,467.0,1.0,コスモヴェントゥス,28.0
2022101739,ピコブルー,2025/01/02,園田,晴,2,3歳未勝利二,10,6,7,,,取,吉村智洋,55.0,ダ,1400.0,良,,,,,,,チャンピオンセーラ,
2022101739,ピコブルー,2024/09/28,4中山8,曇,3,2歳未勝利,16,2,4,31.1,9.0,16,田辺裕信,55.0,ダ,1800.0,良,121.8,7.2,16-16-16-16,41.3,466.0,18.0,トルショー,
2022101739,ピコブルー,2024/07/07,2福島4,晴,5,2歳新馬,11,6,7,13.0,7.0,8,松岡正海,55.0,芝,2000.0,良,124.3,3.1,6-6-7-7,37.0,448.0,0.0,ジェットマグナム,
2021101148,セイウンアーテル,2026/06/30,名古屋,曇,11,夏越大空特別(A),11,6,6,2.9,1.0,1,今井貴大,57.0,ダ,2000.0,稍,132.3,-1.2,1-1-1,37.4,480.0,-4.0,(カサデガ),120.0
2021101148,セイウンアーテル,2026/06/16,名古屋,曇,11,嘉祥特別(A),12,1,1,2.5,1.0,2,今井貴大,57.0,ダ,1500.0,良,95.2,0.2,1-1-1,38.5,484.0,-3.0,パーフェクト,35.0
2021101148,セイウンアーテル,2026/06/02,名古屋,雨,9,かんむり座特別(B),12,8,11,3.6,2.0,2,今井貴大,57.0,ダ,1500.0,不,94.8,0.1,2-2-2,38.0,487.0,6.0,スターウッドテール,35.0
2021101148,セイウンアーテル,2026/05/19,名古屋,晴,10,ポリマ特別(B),12,2,2,6.1,2.0,2,望月洵輝,57.0,ダ,1700.0,良,111.3,0.2,3-4-4,38.4,481.0,2.0,アスキステソーロ,29.8
2021101148,セイウンアーテル,2026/05/06,名古屋,曇,6,B7組,11,6,6,1.8,1.0,1,渡辺竜也,57.0,ダ,1500.0,稍,96.4,-0.3,3-3-4,37.8,479.0,-2.0,(サトノアルタイル),70.0
2021101148,セイウンアーテル,2026/04/23,名古屋,雨,8,B7組,12,3,3,2.7,1.0,2,小笠原羚,53.0,ダ,1500.0,不,94.5,0.6,4-4-2,38.5,481.0,0.0,デスティニーホープ,24.5
2021101148,セイウンアーテル,2026/04/10,名古屋,小雨,7,B10組,11,4,4,8.4,2.0,2,小笠原羚,53.0,ダ,1500.0,不,95.9,0.7,3-3-2,39.7,481.0,4.0,ラウニウ,24.5
2021101148,セイウンアーテル,2026/03/12,名古屋,晴,7,荒子運河橋賞(B),10,2,2,7.0,4.0,2,小笠原羚,53.0,ダ,1500.0,良,96.5,0.6,4-4-2,38.3,477.0,-4.0,アンセムバローズ,22.8
2021101148,セイウンアーテル,2026/03/02,名古屋,曇,8,B10組,11,3,3,100.0,10.0,2,小笠原羚,53.0,ダ,1500.0,良,95.9,0.1,5-5-2,38.4,481.0,3.0,ライデンシャフト,22.8
2021101148,セイウンアーテル,2026/02/13,名古屋,晴,7,本命チョコは甘くて苦(B),11,7,8,137.9,8.0,7,小笠原羚,53.0,ダ,1500.0,稍,98.2,1.4,6-7-8,40.3,478.0,3.0,ヴァーナリー,
2021101148,セイウンアーテル,2026/01/30,名古屋,曇,7,紅鶴梅賞(B),12,6,7,18.0,5.0,11,丹羽克輝,57.0,ダ,1700.0,良,113.7,3.0,2-6-7,41.8,475.0,8.0,オッフェンバック,
2021101148,セイウンアーテル,2026/01/05,名古屋,晴,9,譲葉賞(B),11,5,5,12.5,2.0,3,今井貴大,57.0,ダ,1700.0,良,112.4,1.3,1-1-1,39.1,467.0,-1.0,タイキフィアリーベ,13.0
2021101148,セイウンアーテル,2025/12/22,名古屋,晴,9,B6組,12,4,4,27.1,7.0,8,村上弘樹,57.0,ダ,1500.0,重,98.3,1.6,11-12-12,39.5,468.0,6.0,マカーリオ,
2021101148,セイウンアーテル,2025/11/24,水沢,曇,8,B2一組,11,7,9,69.0,9.0,4,鈴木祐,56.0,ダ,1600.0,良,104.8,0.5,2-2-2-2,40.2,462.0,-7.0,フリューゲルノア,7.8
2021101148,セイウンアーテル,2025/11/11,盛岡,曇,9,B2,12,5,5,57.1,8.0,1,鈴木祐,56.0,ダ,1400.0,良,87.4,-0.1,1-1,38.4,469.0,2.0,(キタノブリッジ),60.0
2021101148,セイウンアーテル,2025/10/28,盛岡,曇,8,B2三組,9,4,4,36.6,6.0,3,鈴木祐,56.0,ダ,1600.0,稍,100.2,0.4,5-5,37.5,467.0,0.0,ゴールドオリス,12.0
2021101148,セイウンアーテル,2025/10/14,盛岡,曇,5,B2,12,7,9,106.5,11.0,12,鈴木祐,56.0,芝,1700.0,良,108.3,2.9,3-4-5-8,39.8,467.0,-4.0,ラングロワ,
2021101148,セイウンアーテル,2025/09/01,盛岡,曇,12,夢・希望未来へ前進(B2),7,5,5,17.4,5.0,6,大坪慎,56.0,ダ,1600.0,良,101.3,2.2,2-3,39.4,471.0,9.0,アナザークイーン,
2021101148,セイウンアーテル,2025/08/26,盛岡,曇,4,C2二組,9,4,4,2.8,1.0,1,山本聡哉,56.0,ダ,1400.0,良,88.1,-0.1,2-2,38.2,462.0,1.0,(オメガジャスミン),40.0
2021101148,セイウンアーテル,2025/08/12,盛岡,曇,5,C2一組,11,8,10,27.3,4.0,7,山本聡哉,56.0,ダ,1400.0,稍,88.6,1.4,10-11,37.5,461.0,-2.0,チアフルヴォイス,
2021101148,セイウンアーテル,2025/07/28,盛岡,晴,4,C2五組,9,7,7,2.0,1.0,1,山本聡哉,56.0,ダ,1400.0,良,88.4,-0.4,2-2,38.7,463.0,1.0,(ギャングスター),40.0
2021101148,セイウンアーテル,2025/07/21,盛岡,小雨,4,C2五組,10,1,1,5.7,3.0,4,大坪慎,56.0,ダ,1200.0,稍,75.7,0.9,5-4,38.1,462.0,-8.0,スターチャーム,5.2
2021101148,セイウンアーテル,2025/06/17,水沢,晴,2,C2二組,9,1,1,,,除,山本聡哉,56.0,ダ,1400.0,良,,,,,468.0,-2.0,セザンディーヴァ,
2021101148,セイウンアーテル,2025/06/03,盛岡,曇,1,C2三組,8,1,1,4.0,2.0,2,山本聡哉,56.0,ダ,1400.0,良,88.4,0.1,3-3,37.7,470.0,4.0,シャンハイマゴコロ,14.0
2021101148,セイウンアーテル,2025/05/19,盛岡,晴,5,C2五組,10,6,6,1.6,1.0,2,山本聡哉,56.0,ダ,1400.0,稍,89.0,0.4,2-2,39.3,466.0,-5.0,スリーブリランテ,14.0
2021101148,セイウンアーテル,2025/05/04,盛岡,曇,4,C2六組,12,8,12,4.1,2.0,2,山本聡哉,56.0,ダ,1200.0,不,74.1,0.0,4-4,35.6,471.0,6.0,スマイルウェーブ,14.0
2021101148,セイウンアーテル,2025/04/21,水沢,晴,2,C2七組,10,8,9,2.5,1.0,2,山本聡哉,56.0,ダ,1300.0,稍,85.2,0.3,5-6-7-6,40.1,465.0,-7.0,グレイスショコラ,14.0
2021101148,セイウンアーテル,2025/04/14,水沢,小雨,2,C2六組,11,4,4,18.7,8.0,3,山本聡哉,56.0,ダ,1400.0,稍,90.6,0.2,4-5-5-5,39.7,472.0,4.0,ベストコレクトパリ,8.0
2021101148,セイウンアーテル,2025/03/30,水沢,曇,3,C2五組,8,7,7,44.8,6.0,5,大坪慎,56.0,ダ,1400.0,良,93.0,2.7,3-3-5-4,40.4,468.0,1.0,パリッドキャリア,2.8
2021101148,セイウンアーテル,2025/03/24,水沢,晴,3,C2五組,9,5,5,52.4,7.0,6,大坪慎,56.0,ダ,1300.0,良,86.2,1.2,9-9-8-7,39.9,467.0,-10.0,スカイウィンザー,
2021101148,セイウンアーテル,2025/03/11,水沢,晴,1,C2四組,11,7,9,16.9,6.0,9,大坪慎,56.0,ダ,1400.0,良,93.2,1.7,5-5-5-6,41.7,477.0,16.0,マイネルヒッツェ,
2021101148,セイウンアーテル,2024/12/17,水沢,晴,3,C2六組,11,7,8,9.9,5.0,6,岩本怜,56.0,ダ,1300.0,不,85.5,1.5,9-8-8-7,40.3,461.0,-7.0,マーメイド,
2021101148,セイウンアーテル,2024/12/09,水沢,曇,5,C2七組,10,8,9,7.9,4.0,2,岩本怜,56.0,ダ,1300.0,不,84.5,0.1,3-3-3-1,39.6,468.0,1.0,リュウノアラー,14.0
2021101148,セイウンアーテル,2024/12/02,水沢,晴,5,オッズパークマキバオ(C2),11,1,1,7.3,4.0,9,村上忍,56.0,ダ,1300.0,重,85.7,1.6,9-9-7-7,39.7,467.0,6.0,タイムレスブルーム,
2021101148,セイウンアーテル,2024/11/18,水沢,曇,3,C2六組,10,3,3,5.6,3.0,7,大坪慎,56.0,ダ,1300.0,稍,85.5,1.3,5-5-5-4,40.3,461.0,-7.0,ハセノビーバー,
2021101148,セイウンアーテル,2024/11/05,盛岡,晴,1,C2,10,7,7,9.0,3.0,5,大坪慎,56.0,ダ,1000.0,稍,63.2,1.0,3-4,38.2,468.0,0.0,アベルバローズ,2.8
2021101148,セイウンアーテル,2024/10/28,盛岡,曇,3,C2七組,11,7,8,11.1,3.0,4,鈴木祐,56.0,ダ,1400.0,稍,90.2,1.7,2-3,40.3,468.0,1.0,ダンガリー,5.2
2021101148,セイウンアーテル,2024/10/13,盛岡,晴,6,C2八組,11,4,4,47.8,4.0,3,鈴木祐,56.0,ダ,1200.0,良,75.5,1.3,3-3,38.1,467.0,6.0,オランジェロ,8.0
2021101148,セイウンアーテル,2024/09/29,水沢,晴,6,3歳C2一組,9,8,8,4.3,3.0,6,大坪慎,56.0,ダ,1300.0,良,85.8,2.8,4-4-5-5,41.5,461.0,4.0,リュウノタブーク,
2021101148,セイウンアーテル,2024/09/16,水沢,曇,6,3歳C2四組,11,4,4,4.0,1.0,3,大坪慎,56.0,ダ,1300.0,良,85.3,0.2,5-5-3-3,40.7,457.0,-7.0,ウエストリーダー,9.0
2021101148,セイウンアーテル,2024/08/11,3新潟2,晴,6,3歳未勝利,18,1,1,101.8,11.0,16,内田博幸,57.0,芝,1800.0,良,109.0,2.1,9-8,36.3,464.0,8.0,エイシンポリシー,
2021101148,セイウンアーテル,2024/07/13,2福島5,晴,8,3歳未勝利,16,6,12,66.6,11.0,5,内田博幸,57.0,芝,1800.0,良,109.9,0.8,6-6-4-6,36.2,456.0,-4.0,シークレットイスラ,55.0
2021101148,セイウンアーテル,2024/04/21,2東京2,晴,3,3歳未勝利,17,1,2,149.3,15.0,9,内田博幸,57.0,芝,1400.0,良,82.5,1.3,14-14,33.8,460.0,-2.0,パストラーレ,
2021101148,セイウンアーテル,2024/02/10,1東京5,晴,5,3歳未勝利,16,1,2,126.3,12.0,9,内田博幸,57.0,芝,1400.0,良,82.6,1.0,13-12,34.1,462.0,0.0,ハクサンイーグル,
2021101148,セイウンアーテル,2023/11/19,5東京6,晴,5,2歳新馬,16,7,14,78.3,12.0,13,内田博幸,56.0,芝,1400.0,良,83.3,1.3,5-5,35.4,462.0,0.0,チャンネルトンネル,
2022105728,メモリードライブ,2026/07/13,名古屋,曇,11,宵波特別(A),11,6,7,23.7,7.0,2,丹羽克輝,57.0,ダ,1700.0,良,111.4,0.3,5-5-1,38.7,530.0,-3.0,トーマステソーロ,42.0
2022105728,メモリードライブ,2026/07/01,名古屋,雨,11,あすなろ杯(BC),11,8,12,28.5,5.0,2,丹羽克輝,57.0,ダ,1700.0,稍,109.6,1.2,7-4-3,39.2,533.0,-4.0,タマモサイジョ,70.0
2022105728,メモリードライブ,2026/05/19,名古屋,晴,8,おとめ座大空特別(B),12,5,5,16.9,7.0,6,丹羽克輝,57.0,ダ,2000.0,良,133.1,1.3,7-7-6,40.5,537.0,3.0,マンノステータス,
2022105728,メモリードライブ,2026/05/04,名古屋,雨,9,アークトゥルス特別(B),7,3,3,9.6,4.0,4,丹羽克輝,57.0,ダ,1700.0,重,112.8,1.0,4-4-4,39.9,534.0,1.0,ロングトーン,12.8
2022105728,メモリードライブ,2026/04/20,名古屋,晴,10,ベガ特別(B),12,3,3,6.8,3.0,5,丹羽克輝,57.0,ダ,1500.0,良,96.2,0.8,4-4-5,39.1,533.0,2.0,ミーハ,8.5
2022105728,メモリードライブ,2026/04/07,名古屋,晴,8,零れ桜特別(B),11,3,3,18.3,5.0,3,丹羽克輝,57.0,ダ,1700.0,重,112.0,0.4,3-4-4,39.2,531.0,-2.0,サンダーフレア,17.0
2022105728,メモリードライブ,2026/03/23,名古屋,晴,10,桜双華(B),8,1,1,16.7,4.0,4,丹羽克輝,57.0,ダ,1700.0,良,112.2,0.4,4-4-4,39.8,533.0,6.0,ライデンシャフト,15.0
2022105728,メモリードライブ,2026/03/10,名古屋,晴,12,前ケ須街道特別(B),11,3,3,28.3,6.0,3,丹羽克輝,57.0,ダ,1700.0,良,111.6,0.2,5-6-4,39.6,527.0,-5.0,エイシンガウディ,17.0
2022105728,メモリードライブ,2026/02/23,名古屋,晴,9,"2,000m戦在原業(B)",11,8,10,5.2,3.0,6,丹羽克輝,57.0,ダ,2000.0,良,134.0,1.1,7-5-6,40.0,532.0,3.0,ボルドーリスクレス,
2022105728,メモリードライブ,2026/02/12,名古屋,晴,7,B7組,12,1,1,4.0,2.0,1,丹羽克輝,57.0,ダ,1700.0,稍,113.3,-0.2,7-6-4,40.1,529.0,0.0,(イナズマライン),65.0
2022105728,メモリードライブ,2026/01/29,名古屋,曇,8,920m戦小梅賞(B),12,6,7,2.7,2.0,2,丹羽克輝,57.0,ダ,920.0,良,56.6,0.5,5,36.5,529.0,-7.0,センビトウリョウ,22.8
2022105728,メモリードライブ,2026/01/16,名古屋,晴,12,ほとけのざ特別(C),12,7,9,8.0,4.0,1,丹羽克輝,57.0,ダ,920.0,良,56.0,-0.1,4,36.5,536.0,13.0,(センビトウリョウ),70.0
2022105728,メモリードライブ,2026/01/03,名古屋,小雨,5,歓喜を願う昆布巻き賞(C),12,5,6,7.3,6.0,4,丹羽克輝,57.0,ダ,1500.0,稍,96.8,0.9,1-1-2,39.9,523.0,-4.0,ワウワウワウ,8.3
2022105728,メモリードライブ,2025/12/24,名古屋,小雨,8,愛知県畜産特別(C),11,5,5,6.5,3.0,5,丹羽克輝,57.0,ダ,1500.0,不,96.3,1.8,7-7-5,40.3,527.0,5.0,サラサラヘアー,8.5
2022105728,メモリードライブ,2025/11/25,名古屋,曇,3,未来&笙伍挙式記念(C),12,6,7,2.5,2.0,1,望月洵輝,57.0,ダ,1500.0,稍,98.3,-0.1,5-5-4,38.3,522.0,-2.0,(ヌンルチル),55.0
2022105728,メモリードライブ,2025/11/04,金沢,晴,2,眞田皓太帯獲得記念(C2特別),9,8,9,1.1,1.0,1,中島龍也,57.0,ダ,1500.0,不,97.0,-0.8,5-6-3-2,39.9,524.0,6.0,(スマートピリカ),43.0
2022105728,メモリードライブ,2025/10/21,門別,曇,5,3歳以上C4ー2,10,3,3,4.5,2.0,1,落合玄太,57.0,ダ,1700.0,稍,112.4,-0.5,5-5-4-2,40.3,518.0,-16.0,(マーゴットビースト),40.0
2022105728,メモリードライブ,2025/10/07,門別,曇,10,グランシャリオドリー(C4),12,5,6,5.4,2.0,7,落合玄太,57.0,ダ,1700.0,良,114.0,0.9,9-9-8-8,41.2,534.0,-6.0,ジンガブリッツ,
2022105728,メモリードライブ,2025/09/24,門別,曇,5,3歳以上C4ー2,10,8,11,5.1,3.0,7,小野楓馬,57.0,ダ,1800.0,良,122.6,3.6,3-3-2-3,44.4,540.0,20.0,ソリッドベーシス,
2022105728,メモリードライブ,2025/08/24,3新潟2,晴,2,3歳未勝利,15,7,13,45.3,9.0,11,原優介,57.0,ダ,1800.0,良,116.9,2.7,12-12-12-13,40.1,520.0,8.0,メイショウコウベ,
2022105728,メモリードライブ,2025/07/09,門別,晴,7,フェルカド特別(C1),9,8,9,4.3,2.0,3,落合玄太,57.0,ダ,1700.0,良,111.7,1.0,7-6-5-3,40.2,512.0,-16.0,プリマドンナアスク,21.0
2022105728,メモリードライブ,2025/05/17,2東京7,雨,2,3歳未勝利,16,5,10,5.5,4.0,13,石川裕紀,57.0,ダ,1600.0,稍,100.9,2.2,8-9,38.8,528.0,4.0,クリオシダード,
2022105728,メモリードライブ,2025/02/02,1東京2,雨,3,3歳未勝利,16,2,3,240.7,13.0,7,大野拓弥,57.0,ダ,1600.0,稍,99.5,1.9,8-10,37.7,524.0,-4.0,ルヴァレドクール,
2022105728,メモリードライブ,2024/11/03,5東京2,晴,2,2歳未勝利,15,3,6,105.1,13.0,7,内田博幸,56.0,ダ,1600.0,重,98.5,1.5,9-9,38.5,528.0,4.0,カンレイスキー,
2022105728,メモリードライブ,2024/10/14,4新潟4,晴,5,2歳新馬,15,4,6,13.5,7.0,14,佐々木大,56.0,ダ,1800.0,良,118.9,2.9,7-7-8-8,40.0,524.0,0.0,スワッガー,
2021102283,トーマステソーロ,2026/07/13,名古屋,曇,11,宵波特別(A),11,3,3,3.9,2.0,1.0,渡辺竜也,57.0,ダ,1700.0,良,111.1,-0.3,7-7-3,38.2,456.0,-8.0,(メモリードライブ),120.0
2021102283,トーマステソーロ,2026/06/30,名古屋,曇,10,風待月特別(A),9,8,10,8.5,3.0,3.0,東川慎,57.0,ダ,1700.0,稍,109.3,0.7,4-4-3,38.7,464.0,-3.0,ピコブルー,20.0
2021102283,トーマステソーロ,2026/06/16,名古屋,曇,9,アンタレス特別(B),10,4,4,3.6,2.0,2.0,渡辺竜也,57.0,ダ,1500.0,良,96.0,0.2,8-7-5,37.6,467.0,-2.0,ミニマルデザイン,29.8
2021102283,トーマステソーロ,2026/06/02,名古屋,雨,8,アルフェッカ特別(B),11,6,8,7.0,3.0,5.0,丸野勝虎,57.0,ダ,1700.0,不,110.5,0.5,8-8-6,37.7,469.0,2.0,シルクニードル,8.5
2021102283,トーマステソーロ,2026/05/19,名古屋,晴,10,ポリマ特別(B),12,5,5,19.7,3.0,4.0,東川慎,57.0,ダ,1700.0,良,111.5,0.4,11-11-12,37.9,467.0,-7.0,アスキステソーロ,12.8
2021102283,トーマステソーロ,2026/05/05,名古屋,晴,7,B5組,11,8,11,2.9,2.0,2.0,渡辺竜也,57.0,ダ,1500.0,稍,96.9,0.4,3-4-4,38.5,474.0,7.0,ケイアイカラキア,24.5
2021102283,トーマステソーロ,2026/04/07,名古屋,晴,8,零れ桜特別(B),11,7,8,5.8,3.0,7.0,丸野勝虎,57.0,ダ,1700.0,重,113.2,1.6,8-9-9,40.0,467.0,-2.0,サンダーフレア,
2021102283,トーマステソーロ,2026/02/25,名古屋,曇,8,B4組,10,2,2,2.1,2.0,2.0,渡辺竜也,57.0,ダ,1500.0,不,95.7,0.2,6-6-5,38.5,469.0,1.0,アースノイド,22.8
2021102283,トーマステソーロ,2026/02/12,名古屋,晴,6,B8組,12,6,8,2.4,1.0,1.0,渡辺竜也,57.0,ダ,1500.0,稍,97.7,-0.2,3-3-2,39.0,468.0,-8.0,(シモグリ),65.0
2021102283,トーマステソーロ,2026/01/30,名古屋,曇,8,残月梅特別(C),10,6,6,4.5,3.0,1.0,渡辺竜也,57.0,ダ,1700.0,良,111.9,0.0,2-2-3,38.8,476.0,8.0,(コーラルトレジャー),70.0
2021102283,トーマステソーロ,2025/12/20,5中京5,小雨,12,3歳以上1勝クラス,18,8,16,126.5,16.0,15.0,長岡禎仁,58.0,芝,1400.0,稍,81.9,1.1,13-14,35.1,468.0,8.0,ガンマジーティーピ,
2021102283,トーマステソーロ,2025/10/26,4新潟4,雨,7,3歳以上1勝クラス,15,7,13,88.5,13.0,13.0,古川吉洋,58.0,芝,2000.0,稍,123.0,1.5,12-14,35.1,460.0,-8.0,ディヴァインスター,
2021102283,トーマステソーロ,2025/08/16,1札幌7,晴,12,石狩特別(1勝クラス),12,8,11,41.0,8.0,8.0,横山典弘,58.0,芝,1800.0,良,109.7,0.9,4-4-4-7,36.1,468.0,12.0,ショウナンバルドル,
2021102283,トーマステソーロ,2025/03/24,笠松,曇,3,第3回ST競馬サーク(C),7,4,4,1.6,1.0,1.0,渡辺竜也,56.0,ダ,1400.0,良,90.1,-1.4,1-1-1,39.3,456.0,-2.0,(ヴンダー),40.0
2021102283,トーマステソーロ,2025/03/07,笠松,晴,8,ビオラ賞(C),8,7,7,1.9,1.0,2.0,渡辺竜也,56.0,ダ,1400.0,良,93.1,0.0,6-4-3,41.4,458.0,4.0,シントーローズ,15.8
2021102283,トーマステソーロ,2025/02/18,笠松,曇,10,ベテルギウス特別(C),8,8,8,4.4,3.0,1.0,筒井勇介,56.0,ダ,1600.0,良,107.1,-0.6,3-1-1,41.5,454.0,-2.0,(キョウエイブラーボ),50.0
2021102283,トーマステソーロ,2025/02/05,笠松,曇,3,C17組,9,7,7,2.6,2.0,1.0,渡辺竜也,56.0,ダ,1400.0,稍,92.7,-0.6,3-3-1,40.1,456.0,-6.0,(チュウワギフト),40.0
2021102283,トーマステソーロ,2024/11/02,佐賀,曇,6,乗馬倶楽部KOKUR(C2),10,2,2,10.9,4.0,9.0,山口勲,56.0,ダ,1300.0,不,88.4,3.6,4-4-6-6,42.1,462.0,5.0,ナツリュウオー,
2021102283,トーマステソーロ,2024/10/12,佐賀,晴,5,C2ー18組,11,7,8,3.1,2.0,5.0,山口勲,56.0,ダ,1400.0,良,95.5,1.3,2-2-1-2,41.8,457.0,7.0,テイエムスマック,3.2
2021102283,トーマステソーロ,2024/09/26,佐賀,晴,12,SAGAリベンジャー(3歳),12,1,1,11.5,3.0,2.0,山口勲,56.0,ダ,1400.0,良,91.2,0.4,6-6-5-3,39.7,450.0,-7.0,スワルナパクシャ,13.8
2021102283,トーマステソーロ,2024/09/14,佐賀,曇,7,3歳ー9組,11,6,7,3.0,2.0,5.0,山口勲,56.0,ダ,1300.0,良,85.3,2.4,9-8-8-7,39.6,457.0,27.0,コワン,3.4
2021102283,トーマステソーロ,2024/08/29,佐賀,,6,UMATENAデビュ(3歳),0,3,3,,,,竹吉徹,56.0,ダ,1300.0,,,,,,,,,
2021102283,トーマステソーロ,2024/07/20,2福島7,曇,7,3歳未勝利,15,8,16,46.4,10.0,9.0,木幡巧也,57.0,芝,1200.0,良,70.9,0.8,7-7,35.2,430.0,-6.0,ムチャスグラシアス,
2021102283,トーマステソーロ,2024/06/15,3東京5,晴,4,3歳未勝利,16,2,3,114.5,11.0,8.0,江田照男,57.0,芝,1400.0,良,82.9,0.7,13-11,33.7,436.0,-6.0,マーゴットメネス,
2021102283,トーマステソーロ,2024/02/17,1東京7,曇,6,3歳未勝利,16,7,13,132.7,12.0,7.0,丸田恭介,57.0,芝,1600.0,良,95.5,1.1,14-14,34.2,442.0,8.0,シュネルラウフェン,
2021102283,トーマステソーロ,2023/11/04,5東京1,晴,2,2歳未勝利,15,6,11,57.6,9.0,14.0,横山和生,56.0,芝,1400.0,良,84.0,2.4,15-15,33.7,434.0,4.0,ニコラウス,
2021102283,トーマステソーロ,2023/10/22,4東京7,晴,2,2歳未勝利,11,1,1,9.4,4.0,9.0,佐々木大,55.0,芝,1600.0,良,96.6,1.2,8-8,34.6,430.0,10.0,ドリーミングアップ,
2021102283,トーマステソーロ,2023/08/19,3新潟3,晴,5,2歳新馬,18,4,7,19.6,7.0,5.0,原優介,54.0,芝,1200.0,良,70.9,0.6,18-18,35.0,420.0,0.0,レディーエンジェル,72.0
2022105358,バレアリックシー,2026/07/13,名古屋,曇,11,宵波特別(A),11,8,11,6.6,5.0,3,筒井勇介,57.0,ダ,1700.0,良,111.6,0.5,1-2-4,39.1,484.0,-2.0,トーマステソーロ,24.0
2022105358,バレアリックシー,2026/07/01,名古屋,小雨,9,桧扇特別(A),12,7,10,20.8,7.0,2,今井貴大,57.0,ダ,1400.0,稍,88.8,0.9,4-3-3,39.0,486.0,-2.0,キャルベイクルーズ,52.5
2022105358,バレアリックシー,2026/06/17,名古屋,晴,11,麦秋特別(A),12,4,4,47.3,9.0,4,今井貴大,57.0,ダ,1400.0,良,88.8,0.7,7-7-3,37.5,488.0,-1.0,ヴェッターホルン,15.0
2022105358,バレアリックシー,2026/05/20,名古屋,曇,11,立夏特別(A),11,5,5,30.5,9.0,5,加藤聡一,57.0,ダ,1500.0,良,96.7,1.1,10-9-4,38.2,489.0,0.0,エリタージュソング,12.0
2022105358,バレアリックシー,2026/05/05,名古屋,晴,9,こどもの日特別(A),11,7,8,5.1,2.0,3,塚本征吾,57.0,ダ,1400.0,稍,90.8,0.4,4-4-5,38.9,489.0,0.0,オテンバムスメ,20.0
2022105358,バレアリックシー,2026/04/22,名古屋,曇,10,アースデイ特別(A),12,5,5,8.5,4.0,7,塚本征吾,57.0,ダ,1700.0,良,110.3,0.9,6-5-5,39.4,489.0,-1.0,ミアステラ,
2022105358,バレアリックシー,2026/04/08,名古屋,晴,11,桜吹雪特別(A),10,7,8,11.2,5.0,7,塚本征吾,57.0,ダ,920.0,稍,56.5,1.3,9,36.3,490.0,-3.0,アフロプリンス,
2022105358,バレアリックシー,2026/03/24,名古屋,晴,7,"1,700m戦三崎池(B)",12,3,3,3.2,1.0,1,今井貴大,57.0,ダ,1700.0,良,111.7,-0.6,3-2-1,39.0,493.0,5.0,(オッフェンバック),65.0
2022105358,バレアリックシー,2026/03/10,名古屋,晴,12,前ケ須街道特別(B),11,6,7,6.6,3.0,2,今井貴大,57.0,ダ,1700.0,良,111.6,0.2,3-1-1,40.0,488.0,1.0,エイシンガウディ,29.8
2022105358,バレアリックシー,2026/02/25,名古屋,曇,10,ぎょしゃ座特別(B),12,7,9,4.9,2.0,8,今井貴大,57.0,ダ,1700.0,不,112.0,2.7,7-7-9,41.1,487.0,-1.0,アップショウグン,
2022105358,バレアリックシー,2026/01/14,名古屋,曇,9,アルゲティ特別(B),10,5,5,1.6,1.0,3,今井貴大,57.0,ダ,1700.0,良,111.7,0.2,6-6-5,38.7,488.0,1.0,マカーリオ,17.0
2022105358,バレアリックシー,2026/01/04,名古屋,晴,9,祝い亀賞(B),11,6,7,4.3,2.0,1,今井貴大,57.0,ダ,1700.0,良,109.4,0.0,8-4-2,38.1,487.0,-4.0,(アップショウグン),65.0
2022105358,バレアリックシー,2025/12/24,名古屋,小雨,12,2025金シャチゴー(B),11,1,1,3.0,2.0,2,望月洵輝,57.0,ダ,1700.0,不,110.3,2.5,5-3-2,40.0,491.0,-1.0,ウィットビーアビー,22.8
2022105358,バレアリックシー,2025/11/26,名古屋,晴,8,三河湖特別(C),11,6,7,2.2,1.0,2,今井貴大,57.0,ダ,2000.0,良,133.4,0.4,4-3-3,38.6,492.0,1.0,スイッチブレード,29.8
2022105358,バレアリックシー,2025/11/13,名古屋,曇,9,王滝渓谷特別(C),10,8,10,2.7,1.0,3,今井貴大,57.0,ダ,1500.0,稍,96.3,0.6,2-2-2,40.2,491.0,4.0,プリティパール,17.0
2022105358,バレアリックシー,2025/10/31,名古屋,雨,4,C6組,12,7,10,6.8,3.0,1,今井貴大,57.0,ダ,1500.0,稍,96.0,0.0,2-2-1,39.3,487.0,-1.0,(コンヴァージョン),37.2
2022105358,バレアリックシー,2025/10/17,名古屋,晴,2,C6組,12,4,4,3.8,3.0,2,今井貴大,57.0,ダ,1500.0,重,97.7,0.5,8-4-2,39.8,488.0,2.0,ピラニアキッス,19.3
2022105358,バレアリックシー,2025/10/01,名古屋,晴,6,3歳3組,12,4,4,2.6,1.0,2,今井貴大,57.0,ダ,1500.0,良,97.2,0.5,6-5-2,39.7,486.0,-1.0,アールオブケント,19.3
2022105358,バレアリックシー,2025/09/02,名古屋,晴,6,3歳4組,12,6,8,2.3,2.0,1,今井貴大,57.0,ダ,1500.0,良,97.9,-0.2,5-3-2,39.6,487.0,8.0,(スマートシエラ),55.0
2022105358,バレアリックシー,2025/08/18,名古屋,晴,5,3歳10組,12,5,5,3.8,2.0,1,今井貴大,57.0,ダ,1700.0,良,112.3,-0.4,6-3-3,38.3,479.0,15.0,(ニーケアイリス),55.0
2022105358,バレアリックシー,2025/07/06,2福島4,曇,7,3歳未勝利,16,3,6,171.9,15.0,15,石田拓郎,54.0,芝,2000.0,良,126.0,4.2,15-16-16-16,38.7,464.0,2.0,ウアーシュプルング,
2022105358,バレアリックシー,2025/06/22,3東京6,晴,2,3歳未勝利,16,3,6,165.3,13.0,12,石田拓郎,54.0,ダ,1600.0,良,99.7,2.8,16-16,37.6,462.0,-18.0,ワスカル,
2022105358,バレアリックシー,2025/03/22,2中京3,晴,6,3歳未勝利,12,1,1,55.3,9.0,10,石神深道,54.0,ダ,1800.0,良,116.8,1.8,10-10-10-10,39.7,480.0,-4.0,ポッドフォルク,
2022105358,バレアリックシー,2025/03/08,2中山3,曇,6,3歳未勝利,16,7,14,57.4,10.0,13,菊沢一樹,57.0,ダ,1800.0,稍,118.6,3.1,8-10-13-13,39.8,484.0,4.0,プロスペクトパーク,
2022105358,バレアリックシー,2025/01/05,1中山1,晴,2,3歳未勝利,16,8,16,121.2,10.0,8,菊沢一樹,57.0,ダ,1800.0,良,117.7,1.6,9-9-10-10,39.6,480.0,6.0,フィーリウス,
2022105358,バレアリックシー,2024/12/08,4中京4,晴,2,2歳未勝利,16,5,9,14.5,6.0,6,亀田温心,56.0,ダ,1800.0,良,118.0,2.1,7-7-6-6,41.4,474.0,8.0,タイセイレグノ,
2022105358,バレアリックシー,2024/09/14,4中山3,晴,2,2歳未勝利,12,5,5,9.1,4.0,6,菅原明良,55.0,ダ,1800.0,良,118.1,2.7,8-8-6-6,40.9,466.0,6.0,シャイニーシップ,
2022105358,バレアリックシー,2024/09/01,3新潟8,晴,5,2歳新馬,6,4,4,16.2,4.0,5,菅原明良,55.0,芝,1800.0,良,114.8,1.9,6-6,34.8,460.0,0.0,エンジェルマーク,72.0
2021100755,ダックリン,2026/07/17,名古屋,晴,6,C2組,12,2,2,89.2,10.0,10,筒井勇介,55.0,ダ,1400.0,良,92.2,2.2,10-10-12,39.4,458.0,-4.0,イザベルソレイユ,
2021100755,ダックリン,2026/07/02,名古屋,曇,5,C5組,11,5,5,5.4,3.0,1,筒井勇介,55.0,ダ,1500.0,不,97.0,-0.4,6-4-4,39.6,462.0,0.0,(ノーブルカグラ),57.0
2021100755,ダックリン,2026/06/19,名古屋,曇,1,C6組,10,3,3,38.0,6.0,3,筒井勇介,55.0,ダ,1500.0,良,97.3,1.7,8-7-7,39.2,462.0,-2.0,ブルースバローズ,11.4
2021100755,ダックリン,2026/06/04,名古屋,曇,12,金シャチ最終戦(C),12,7,9,17.7,8.0,9,筒井勇介,55.0,ダ,1500.0,稍,98.2,1.6,11-12-10,39.3,464.0,1.0,パーソナルレコード,
2021100755,ダックリン,2026/05/22,名古屋,曇,4,C9組,10,6,6,2.7,1.0,7,筒井勇介,55.0,ダ,1500.0,重,99.8,1.9,7-8-8,40.0,463.0,-3.0,サスペンスクィーン,
2021100755,ダックリン,2026/04/23,名古屋,雨,1,C11組,11,7,9,17.3,6.0,2,筒井勇介,55.0,ダ,1500.0,重,96.2,0.5,7-6-6,39.5,466.0,5.0,ファルコナーラ,20.0
2021100755,ダックリン,2026/04/09,名古屋,晴,2,C17組,11,4,4,44.8,9.0,2,筒井勇介,55.0,ダ,1500.0,稍,97.9,1.0,7-7-2,39.6,461.0,-2.0,アインホルン,20.0
2021100755,ダックリン,2026/03/26,名古屋,曇,4,C9組,12,4,4,193.0,10.0,7,筒井勇介,55.0,ダ,1400.0,重,92.5,1.4,10-11-11,40.1,463.0,0.0,ハルノウミ,
2021100755,ダックリン,2026/03/12,名古屋,晴,2,筏川橋賞(C),11,8,11,150.5,11.0,8,筒井勇介,55.0,ダ,1500.0,良,98.2,2.0,8-9-11,39.3,463.0,2.0,バイバイダーリン,
2021100755,ダックリン,2026/02/27,名古屋,曇,4,C9組,11,3,3,315.2,9.0,8,細川智史,55.0,ダ,1500.0,重,99.7,1.1,9-10-10,39.1,461.0,-1.0,ディプタルアスール,
2021100755,ダックリン,2026/02/12,名古屋,晴,3,C9組,12,5,5,223.4,12.0,8,細川智史,55.0,ダ,1500.0,重,100.1,0.9,11-11-12,39.7,462.0,-6.0,サノノスウィフト,
2021100755,ダックリン,2026/01/19,名古屋,晴,1,C8組,11,5,5,169.8,8.0,10,木之前葵,53.0,ダ,1500.0,良,99.8,2.9,9-9-11,40.4,468.0,5.0,アルカラス,
2021100755,ダックリン,2026/01/05,名古屋,晴,6,松に鶴賞(C),12,4,4,79.7,8.0,8,木之前葵,53.0,ダ,1500.0,良,98.0,3.1,10-11-11,40.5,463.0,-7.0,ヴァーナリー,
2021100755,ダックリン,2025/12/24,名古屋,小雨,5,C3組,11,6,6,42.1,6.0,6,塚本征吾,55.0,ダ,1500.0,不,96.8,1.5,7-5-6,39.8,470.0,0.0,ロコモーション,
2021100755,ダックリン,2025/12/10,名古屋,晴,5,C3組,12,3,3,89.0,9.0,5,木之前葵,53.0,ダ,1500.0,良,98.3,1.5,10-9-10,39.9,470.0,-1.0,サウンドジャッカル,5.5
2021100755,ダックリン,2025/11/26,名古屋,晴,7,C2組,12,7,9,256.8,9.0,8,村上弘樹,55.0,ダ,1700.0,良,114.6,2.8,10-11-11,39.9,471.0,4.0,ウィットビーアビー,
2021100755,ダックリン,2025/11/13,名古屋,曇,5,祝!もずくちゃん爆誕(C),11,8,10,16.0,7.0,9,村上弘樹,55.0,ダ,1400.0,稍,93.1,1.3,9-8-11,39.6,467.0,-5.0,ヘーメル,
2021100755,ダックリン,2025/10/31,名古屋,雨,7,C3組,12,6,7,5.6,4.0,6,村上弘樹,55.0,ダ,1500.0,重,99.3,1.4,11-9-9,40.7,472.0,10.0,ヴァスキアン,
2021100755,ダックリン,2025/10/17,名古屋,晴,9,乳岩峡特別(C),12,5,6,64.9,8.0,7,村上弘樹,55.0,ダ,1400.0,稍,92.3,2.5,8-9-7,40.0,462.0,-11.0,アースノイド,
2021100755,ダックリン,2025/09/19,名古屋,晴,1,名古屋モーニングフィ(C),12,7,10,2.7,1.0,2,塚本征吾,55.0,ダ,1500.0,良,98.6,0.7,8-7-7,39.1,473.0,3.0,ワイドステラ,19.3
2021100755,ダックリン,2025/09/04,名古屋,小雨,6,じゅんのす・いずみ結(C),12,6,7,8.8,4.0,3,村上弘樹,55.0,ダ,1400.0,良,91.7,0.0,7-8-8,38.6,470.0,-6.0,オールオンフリーク,11.0
2021100755,ダックリン,2025/08/21,名古屋,晴,8,C6組,11,8,11,17.7,6.0,5,村上弘樹,55.0,ダ,1500.0,良,99.3,1.0,3-3-5,41.2,476.0,14.0,カムイパパイヤ,5.5
2021100755,ダックリン,2025/07/24,名古屋,晴,5,ぽんず初誕生日記念(C),12,8,12,5.8,3.0,9,木之前葵,53.0,ダ,1400.0,良,90.9,0.6,4-6-11,39.3,462.0,-6.0,ゼンダンサクラ,
2021100755,ダックリン,2025/07/09,名古屋,晴,8,C9組,11,4,4,37.9,7.0,2,木之前葵,53.0,ダ,1400.0,良,91.1,0.3,9-8-10,39.8,468.0,-5.0,カルデア,19.3
2021100755,ダックリン,2025/06/18,名古屋,晴,4,C5組,11,8,11,17.5,6.0,5,木之前葵,53.0,ダ,1500.0,良,98.6,1.7,9-10-8,39.0,473.0,1.0,ホウオウダイアン,5.5
2021100755,ダックリン,2025/06/05,名古屋,晴,6,C7組,11,8,11,11.6,5.0,3,木之前葵,53.0,ダ,1400.0,稍,91.8,0.5,5-5-6,40.3,472.0,0.0,カラーオブワンダー,11.0
2021100755,ダックリン,2025/05/22,名古屋,晴,4,C7組,12,8,11,22.2,9.0,8,木之前葵,53.0,ダ,1400.0,稍,93.1,1.9,7-5-12,40.9,472.0,-5.0,ビクトリーキャッチ,
2021100755,ダックリン,2025/05/08,名古屋,晴,5,C8組,11,4,4,28.3,7.0,9,木之前葵,53.0,ダ,1500.0,重,99.5,1.1,9-6-9,39.9,477.0,2.0,ヤマカツラナウェイ,
2021100755,ダックリン,2025/04/24,名古屋,晴,5,C7組,12,3,3,97.6,10.0,10,木之前葵,53.0,ダ,1500.0,稍,99.9,3.3,8-9-10,41.8,475.0,-1.0,クリノオデッセイ,
2021100755,ダックリン,2025/04/11,名古屋,晴,4,C5組,12,5,6,97.9,8.0,8,丸野勝虎,55.0,ダ,1400.0,稍,92.5,1.9,5-5-8,40.2,476.0,11.0,オリオンハート,
2021100755,ダックリン,2025/03/31,名古屋,曇,9,伊良湖岬特別(C),10,8,9,86.5,8.0,5,木之前葵,52.0,ダ,1700.0,稍,114.1,1.4,2-2-6,39.3,465.0,3.0,キタノダロマ,7.5
2021100755,ダックリン,2025/02/26,名古屋,晴,4,C16組,10,8,10,5.0,3.0,1,木之前葵,52.0,ダ,1500.0,良,98.5,-0.4,2-2-1,40.0,462.0,-2.0,(ホームアンドドライ),50.0
2021100755,ダックリン,2025/02/12,名古屋,曇,3,C15組,11,1,1,54.8,7.0,6,木之前葵,52.0,ダ,1400.0,良,92.6,0.9,3-4-6,39.0,464.0,-1.0,ヴァスキアン,
2021100755,ダックリン,2025/01/20,名古屋,晴,8,C2組,10,8,9,6.1,4.0,9,望月洵輝,54.0,ダ,1500.0,稍,99.1,1.9,9-10-10,40.8,465.0,2.0,シテイタイケツ,
2021100755,ダックリン,2025/01/02,名古屋,晴,1,C25組,11,2,2,9.0,4.0,1,望月洵輝,53.0,ダ,1500.0,良,97.3,-0.6,5-3-3,40.0,463.0,-5.0,(サブリエ),50.0
2021100755,ダックリン,2024/12/19,名古屋,晴,1,C26組,10,8,9,80.6,9.0,6,木之前葵,52.0,ダ,920.0,良,58.5,1.0,7,37.6,468.0,4.0,アルヒルム,
2021100755,ダックリン,2024/12/03,名古屋,晴,8,C19組,12,3,3,41.4,8.0,8,丸野勝虎,54.0,ダ,1500.0,良,99.7,1.8,11-10-10,39.9,464.0,4.0,ダイユウグラフ,
2021100755,ダックリン,2024/11/21,名古屋,晴,1,C21組,12,7,9,51.8,7.0,7,望月洵輝,53.0,ダ,920.0,良,58.6,1.3,12,37.3,460.0,-3.0,アールアンドビー,
2021100755,ダックリン,2024/11/12,名古屋,晴,3,C20組,12,8,12,5.2,4.0,6,望月洵輝,53.0,ダ,1500.0,良,98.5,1.8,6-4-6,40.7,463.0,3.0,ユーキャンドゥイッ,
2021100755,ダックリン,2024/10/29,名古屋,雨,9,C23組,12,5,6,40.2,7.0,2,丸野勝虎,54.0,ダ,1400.0,不,91.3,0.2,8-8-10,40.1,460.0,-3.0,ローズエクスプレス,17.5
2021100755,ダックリン,2024/10/16,名古屋,曇,8,C23組,12,5,6,17.6,4.0,8,望月洵輝,53.0,ダ,1400.0,良,93.1,1.6,11-5-7,39.4,463.0,0.0,サイレントヴォイス,
2021100755,ダックリン,2024/10/01,名古屋,晴,8,C24組,11,2,2,19.8,6.0,3,望月洵輝,53.0,ダ,1500.0,稍,97.9,1.4,6-5-4,39.2,463.0,14.0,ガーニュ,10.0
2021100755,ダックリン,2024/09/05,名古屋,晴,1,名古屋モーニングフィ(3歳),11,7,8,27.2,7.0,7,丸山真一,54.0,ダ,1400.0,良,91.1,1.1,9-9-7,39.6,449.0,2.0,ケルンピュール,
2021100755,ダックリン,2024/08/23,名古屋,晴,4,3歳13組,12,8,11,16.8,6.0,3,木之前葵,52.0,ダ,1500.0,良,98.4,0.6,3-2-4,40.4,447.0,2.0,テザリング,10.0
2021100755,ダックリン,2024/08/09,名古屋,晴,3,3歳13組,12,1,1,32.8,9.0,8,木之前葵,52.0,ダ,1500.0,良,99.5,1.7,10-9-10,41.3,445.0,14.0,ハルボタン,
2021100755,ダックリン,2024/07/09,盛岡,雨,1,3歳C2五組,11,7,9,68.3,8.0,7,関本玲花,52.0,ダ,1200.0,不,75.5,1.8,11-10,37.8,431.0,-3.0,ペイシャラブリー,
2021100755,ダックリン,2024/06/25,水沢,雨,1,3歳C2六組,8,4,4,25.2,5.0,5,関本玲花,52.0,ダ,1300.0,重,83.3,2.7,8-7-7-6,37.9,434.0,-8.0,メタシアター,3.2
2021100755,ダックリン,2024/06/11,水沢,晴,2,3歳C2四組,9,8,9,29.0,6.0,6,関本玲花,52.0,ダ,1300.0,良,85.5,2.3,9-9-7-7,39.4,442.0,6.0,タイセイファルクス,
2021100755,ダックリン,2024/04/27,2東京3,曇,3,3歳未勝利,12,4,4,684.5,12.0,11,黛弘人,55.0,ダ,2100.0,稍,138.5,5.2,9-9-10-11,41.1,436.0,0.0,キャネル,
2021100755,ダックリン,2024/04/07,3中山6,曇,2,3歳未勝利,14,5,8,404.9,13.0,13,横山琉人,54.0,ダ,1800.0,重,117.5,3.4,13-13-13-13,40.7,436.0,-14.0,オウケンシルヴァー,
2021100755,ダックリン,2023/12/10,5中山4,晴,6,2歳未勝利,18,4,7,441.2,16.0,16,横山琉人,54.0,芝,2000.0,良,123.7,3.0,17-17-18-18,36.7,450.0,-4.0,エコロレイズ,
2021100755,ダックリン,2023/11/11,3福島3,曇,2,2歳未勝利,15,8,14,113.2,9.0,15,横山琉人,54.0,ダ,1700.0,稍,112.5,4.5,13-13-11-12,41.3,454.0,2.0,タケノシンセイ,
2021100755,ダックリン,2023/10/22,4新潟4,曇,5,2歳新馬,15,6,11,22.6,7.0,9,丸田恭介,55.0,ダ,1800.0,重,118.9,2.0,9-9-8-8,40.5,452.0,0.0,カーマンライン,
2022105881,カフジアッサム,2026/07/17,名古屋,晴,5,C3組,12,5,5,58.3,10.0,8,加藤聡一,57.0,ダ,1500.0,良,98.3,1.4,11-10-11,39.8,478.0,-8.0,ジェニー,
2022105881,カフジアッサム,2026/07/03,名古屋,晴,12,金シャチ最終戦777(C),12,6,8,6.3,3.0,9,加藤聡一,57.0,ダ,1500.0,稍,97.9,1.8,11-11-9,39.1,486.0,6.0,サーフギャラクシー,
2022105881,カフジアッサム,2026/06/22,名古屋,曇,1,アジア・アジアパラ応(C),11,7,8,11.7,6.0,9,加藤聡一,57.0,ダ,1400.0,重,92.4,2.5,11-11-10,39.9,480.0,0.0,プレイアブルゲーム,
2022105881,カフジアッサム,2026/06/04,名古屋,晴,4,C5組,12,1,1,15.8,5.0,2,今井貴大,57.0,ダ,1500.0,稍,96.9,0.6,3-3-2,38.9,480.0,-9.0,ヴォルヴァ,20.0
2022105881,カフジアッサム,2026/05/22,名古屋,曇,6,送迎バスの運転手さん(C),10,7,7,7.0,2.0,4,加藤聡一,57.0,ダ,1500.0,重,99.0,0.9,10-7-6,39.7,489.0,-4.0,セレッソレイナ,8.6
2022105881,カフジアッサム,2026/05/07,名古屋,晴,4,C10組,9,8,10,7.4,2.0,3,加藤聡一,57.0,ダ,1500.0,稍,97.9,0.7,9-8-7,39.3,493.0,10.0,ブルスケッタ,11.4
2022105881,カフジアッサム,2026/04/23,名古屋,雨,3,C9組,12,6,8,22.4,8.0,5,加藤聡一,57.0,ダ,1500.0,不,97.1,0.5,12-12-12,37.9,483.0,1.0,フルオブエナジー,5.7
2022105881,カフジアッサム,2026/04/09,名古屋,雨,12,染井吉野賞(C),12,1,1,8.9,5.0,3,加藤聡一,57.0,ダ,1500.0,稍,98.7,1.4,6-6-4,39.3,482.0,4.0,ニホンピロケイ,11.4
2022105881,カフジアッサム,2026/03/26,名古屋,曇,2,C11組,11,3,3,4.2,3.0,6,加藤聡一,57.0,ダ,1500.0,不,98.7,1.2,6-5-4,40.0,478.0,-7.0,アットザホップ,
2022105881,カフジアッサム,2026/03/11,名古屋,晴,7,"1,700m戦中川運(C)",11,8,11,6.0,3.0,6,加藤聡一,57.0,ダ,1700.0,良,113.3,1.3,10-10-6,39.3,485.0,-1.0,ノリサンブラック,
2022105881,カフジアッサム,2026/02/26,名古屋,晴,7,C13組,11,7,8,5.4,2.0,3,加藤聡一,57.0,ダ,1500.0,重,97.8,0.4,8-8-5,39.6,486.0,3.0,ベレーザフィン,11.0
2022105881,カフジアッサム,2026/01/28,名古屋,晴,7,C14組,12,6,8,31.4,7.0,5,大原浩司,57.0,ダ,1400.0,良,91.3,0.3,5-5-5,38.8,483.0,-3.0,ノブノリオウ,5.5
2022105881,カフジアッサム,2026/01/15,名古屋,晴,6,C14組,12,7,9,4.3,3.0,4,加藤聡一,57.0,ダ,1500.0,良,98.4,0.5,7-4-5,39.7,486.0,2.0,ウィッティングハム,8.3
2022105881,カフジアッサム,2026/01/04,名古屋,晴,3,2026年ぽんまつり(C),11,7,9,2.1,1.0,3,加藤聡一,57.0,ダ,1500.0,良,98.4,0.6,7-6-7,39.6,484.0,-1.0,アーキハッカー,11.0
2022105881,カフジアッサム,2025/12/19,名古屋,晴,8,年の瀬の運試し!第5(C),12,6,8,10.0,5.0,2,加藤聡一,57.0,ダ,1500.0,稍,97.8,0.1,6-4-2,39.7,485.0,0.0,ローズドゥレッシュ,19.3
2022105881,カフジアッサム,2025/12/05,名古屋,晴,4,C17組,12,4,4,12.0,5.0,4,加藤聡一,57.0,ダ,1500.0,良,98.8,0.4,4-4-2,40.0,485.0,-3.0,キングズロア,8.3
2022105881,カフジアッサム,2025/11/10,名古屋,晴,10,石蕗賞(C),12,3,3,5.9,3.0,10,今井貴大,57.0,ダ,1500.0,稍,101.6,3.4,4-5-7,42.5,488.0,-4.0,グランダイト,
2022105881,カフジアッサム,2025/10/29,名古屋,晴,6,C17組,12,8,11,2.0,1.0,5,加藤聡一,57.0,ダ,1400.0,良,92.4,1.1,5-4-2,39.8,492.0,0.0,メイショウスエヒロ,5.5
2022105881,カフジアッサム,2025/10/02,名古屋,晴,2,3歳15組,12,7,9,2.5,2.0,1,加藤聡一,57.0,ダ,1500.0,良,98.2,-0.2,2-2-2,39.8,492.0,0.0,(ベルフォン),55.0
2022105881,カフジアッサム,2025/09/19,名古屋,晴,7,3歳15組,12,7,10,3.2,2.0,3,加藤聡一,57.0,ダ,1500.0,良,98.5,1.2,2-2-2,40.6,492.0,6.0,ポムドール,11.0
2022105881,カフジアッサム,2025/08/17,3中京8,晴,4,3歳未勝利,13,2,2,21.0,6.0,11,鮫島良太,57.0,芝,2000.0,良,122.1,1.5,6-7-8-8,35.4,486.0,-2.0,アンビアンス,
2022105881,カフジアッサム,2025/08/03,3中京4,晴,5,3歳未勝利,16,4,8,121.8,13.0,7,鮫島良太,57.0,芝,1600.0,良,93.8,0.5,8-10-10,34.5,488.0,0.0,ビップディラン,
2022105881,カフジアッサム,2025/06/07,3阪神1,晴,2,3歳未勝利,16,4,8,63.3,9.0,14,鮫島良太,57.0,ダ,1800.0,良,119.0,4.7,4-4-9-12,41.8,488.0,-2.0,ハナウマビーチ,
2022105881,カフジアッサム,2025/05/25,2京都10,曇,1,3歳未勝利,16,5,9,95.1,12.0,10,鮫島良太,57.0,ダ,1400.0,不,85.0,1.6,4-4,37.7,490.0,6.0,テーオーライマン,
2022105881,カフジアッサム,2025/03/22,1阪神7,晴,3,3歳未勝利,16,7,14,134.7,11.0,7,酒井学,57.0,ダ,1400.0,良,87.0,2.2,3-3,40.0,484.0,2.0,ガビーズブラザー,
2022105881,カフジアッサム,2025/03/02,1阪神2,小雨,2,3歳未勝利,16,6,12,301.1,12.0,9,酒井学,57.0,ダ,1400.0,良,88.1,1.6,10-9,39.7,482.0,0.0,ライツユーアップ,
2022105881,カフジアッサム,2025/02/15,1小倉7,晴,1,3歳未勝利,14,7,12,60.0,9.0,12,小沢大仁,57.0,ダ,1700.0,良,110.1,2.5,5-6-8-7,40.3,482.0,-6.0,ダイチラポール,
2022105881,カフジアッサム,2025/02/01,1京都1,晴,3,3歳未勝利,15,7,12,166.1,11.0,7,田口貫太,56.0,ダ,1400.0,良,87.7,2.2,8-8,38.4,488.0,18.0,ハクサンアイリス,
2022105881,カフジアッサム,2024/11/16,6京都5,曇,3,2歳未勝利,13,4,4,288.4,12.0,8,国分優作,56.0,ダ,1400.0,良,87.6,2.1,10-11,39.7,470.0,4.0,ピエマンソン,
2022105881,カフジアッサム,2024/10/19,5京都5,小雨,3,2歳未勝利,10,3,3,97.0,7.0,10,富田暁,56.0,芝,1800.0,良,112.5,3.6,2-2,38.4,466.0,-4.0,タイセイリコルド,
2022105881,カフジアッサム,2024/10/06,5京都2,晴,3,2歳新馬,16,6,11,34.8,11.0,7,富田暁,56.0,ダ,1800.0,良,118.7,2.2,2-2-2-2,39.7,470.0,0.0,ステイクオール,
2022101496,トラストユー,2026/07/15,名古屋,晴,7,C4組,12,3,3,73.2,9.0,3,筒井勇介,55.0,ダ,1500.0,良,98.1,0.5,5-3-4,39.2,444.0,0.0,ルークピオーネ,11.4
2022101496,トラストユー,2026/07/02,名古屋,曇,12,金シャチ最終戦777(C),12,3,3,4.1,3.0,4,塚本征吾,55.0,ダ,1500.0,重,98.2,0.8,9-10-9,39.8,444.0,-4.0,ピークブルーム,8.6
2022101496,トラストユー,2026/06/22,名古屋,曇,1,アジア・アジアパラ応(C),11,6,6,40.3,9.0,6,小笠原羚,52.0,ダ,1400.0,重,91.3,1.4,9-9-8,39.9,448.0,-1.0,プレイアブルゲーム,
2022101496,トラストユー,2026/06/05,名古屋,曇,1,アジア・アジアパラ応(C),11,6,6,32.9,6.0,5,望月洵輝,52.0,ダ,1500.0,稍,97.9,1.5,5-4-5,40.2,449.0,3.0,ミスティブルー,5.7
2022101496,トラストユー,2026/05/22,名古屋,曇,7,C6組,11,4,4,27.7,8.0,10,筒井勇介,55.0,ダ,1500.0,重,100.0,2.0,10-11-11,40.4,446.0,1.0,テーオーリップマン,
2022101496,トラストユー,2026/05/07,名古屋,晴,6,C8組,11,4,4,27.7,6.0,3,小笠原羚,51.0,ダ,1500.0,良,98.6,0.5,4-4-5,39.5,445.0,1.0,カゼノヨウニ,11.4
2022101496,トラストユー,2026/04/23,名古屋,雨,6,おうすけ高校入学おめ(C),12,6,7,21.2,7.0,7,筒井勇介,55.0,ダ,1500.0,不,97.8,2.2,10-10-10,39.6,444.0,4.0,アインホルン,
2022101496,トラストユー,2026/04/10,名古屋,曇,4,C9組,11,2,2,66.9,10.0,4,友森翔太,55.0,ダ,1500.0,不,97.1,1.2,7-6-6,39.7,440.0,1.0,ミヤイグアス,8.6
2022101496,トラストユー,2026/03/26,名古屋,晴,5,C8組,12,7,10,27.6,9.0,7,筒井勇介,55.0,ダ,1400.0,重,93.5,1.8,5-5-7,41.6,439.0,0.0,フレッシュノワール,
2022101496,トラストユー,2026/03/12,名古屋,晴,3,れなちゃん生誕記念(C),11,8,10,12.2,4.0,8,小笠原羚,51.0,ダ,1500.0,良,98.7,1.3,9-9-11,39.2,439.0,0.0,オイナリサン,
2022101496,トラストユー,2026/02/27,名古屋,曇,4,C9組,11,1,1,5.3,2.0,3,小笠原羚,51.0,ダ,1500.0,重,99.1,0.5,3-5-5,39.0,439.0,1.0,ディプタルアスール,11.0
2022101496,トラストユー,2026/02/12,名古屋,晴,1,C11組,12,1,1,48.5,5.0,3,小笠原羚,51.0,ダ,1400.0,重,91.5,0.3,7-8-5,39.7,438.0,3.0,ヴィルナタール,11.0
2022101496,トラストユー,2026/01/29,名古屋,曇,2,C12組,12,5,6,9.8,5.0,3,小笠原羚,51.0,ダ,1500.0,良,98.0,0.2,9-8-8,39.7,435.0,-1.0,プルメリアリング,11.0
2022101496,トラストユー,2026/01/16,名古屋,晴,4,雉始賞(C),9,6,6,139.1,8.0,5,塚本征吾,55.0,ダ,1500.0,良,98.7,1.7,5-6-5,39.0,436.0,4.0,ケイアイカラキア,5.5
2022101496,トラストユー,2026/01/05,名古屋,晴,3,菊の花賞(C),11,7,9,25.3,5.0,7,大畑慧悟,55.0,ダ,920.0,良,57.9,1.2,7,37.1,432.0,-2.0,フェリアフローレス,
2022101496,トラストユー,2025/12/22,名古屋,晴,10,歳流特別(C),12,7,10,33.7,6.0,4,大畑慧悟,55.0,ダ,1700.0,重,112.9,1.0,9-8-8,41.5,434.0,-5.0,ジーティースワット,10.5
2022101496,トラストユー,2025/12/09,名古屋,晴,5,C11組,12,6,8,34.4,5.0,4,大畑慧悟,55.0,ダ,1400.0,良,91.3,1.6,6-5-6,39.4,439.0,-1.0,サラサラヘアー,8.3
2022101496,トラストユー,2025/11/21,名古屋,晴,5,C12組,12,6,7,14.2,5.0,4,大畑慧悟,55.0,ダ,1500.0,良,98.3,1.0,10-8-7,39.4,440.0,-4.0,スムースオペレター,8.3
2022101496,トラストユー,2025/11/11,名古屋,晴,5,C18組,11,8,10,2.1,2.0,4,大畑慧悟,55.0,ダ,1500.0,稍,99.4,1.1,6-6-8,40.9,444.0,-2.0,クロメヒョウ,8.3
2022101496,トラストユー,2025/10/29,名古屋,晴,7,C16組,12,8,12,3.9,3.0,3,大畑慧悟,55.0,ダ,1500.0,良,98.5,1.2,9-8-8,40.1,446.0,-1.0,ノボリユーミン,11.0
2022101496,トラストユー,2025/10/15,名古屋,曇,5,C17組,12,7,9,28.5,6.0,2,友森翔太,55.0,ダ,1500.0,重,97.2,0.1,9-9-6,39.3,447.0,-3.0,ポムドール,19.3
2022101496,トラストユー,2025/09/30,名古屋,晴,6,いっき・えりか結婚1(3歳),12,2,2,18.3,3.0,8,大畑慧悟,55.0,ダ,1500.0,良,100.2,3.8,4-7-7,42.7,450.0,3.0,ベルピルエット,
2022101496,トラストユー,2025/09/16,名古屋,晴,8,3歳8組,12,5,6,5.1,2.0,7,大畑慧悟,55.0,ダ,1500.0,良,99.5,3.0,11-10-7,41.4,447.0,9.0,チェリスト,
2022101496,トラストユー,2025/08/21,名古屋,晴,2,名古屋モーニングフィ(3歳),10,2,2,2.6,1.0,1,大畑慧悟,55.0,ダ,1500.0,良,96.5,-1.7,1-1-1,38.7,438.0,2.0,(レインチェック),55.0
2022101496,トラストユー,2025/07/19,2福島7,晴,2,3歳未勝利,15,7,12,61.3,9.0,9,横山琉人,55.0,ダ,1700.0,良,109.1,2.0,5-6-6-8,40.2,436.0,3.0,ヴァイオパイシーズ,
2022101496,トラストユー,2025/06/05,船橋,晴,7,ナイスブーツ特別(3歳未格),9,8,8,21.8,7.0,6,本田正重,54.0,ダ,1600.0,稍,107.3,2.9,7-6-3-4,42.8,433.0,5.0,スノークルーズ,
2022101496,トラストユー,2025/04/19,1福島3,晴,5,3歳未勝利,15,8,15,224.7,14.0,10,斎藤新,55.0,芝,1800.0,良,110.0,1.5,5-7-8-9,36.2,428.0,10.0,レッドシュテルン,
2022101496,トラストユー,2025/02/02,1東京2,小雨,5,3歳新馬,15,3,5,30.6,8.0,11,西村淳也,55.0,芝,1800.0,良,113.0,2.5,9-10-6,35.6,418.0,0.0,ダノンセンチュリー,
2022101770,バウアピアーズ,2026/07/17,名古屋,晴,6,C2組,12,1,1,17.4,5.0,7,小笠原羚,54.0,ダ,1400.0,良,91.7,1.7,2-3-2,40.0,520.0,4.0,イザベルソレイユ,
2022101770,バウアピアーズ,2026/06/22,名古屋,曇,8,西尾大空特別(C),12,6,8,28.0,8.0,11,友森翔太,57.0,ダ,2000.0,稍,139.3,6.8,11-12-11,46.7,516.0,-12.0,セレッソレイナ,
2022101770,バウアピアーズ,2026/06/05,名古屋,曇,5,C3組,12,8,12,4.7,2.0,2,近藤颯羽,54.0,ダ,1500.0,稍,97.5,0.3,1-1-1,39.5,528.0,16.0,セロリ,20.0
2022101770,バウアピアーズ,2026/05/06,名古屋,曇,3,せいなちゃんハーフ成(C),11,1,1,26.8,7.0,1,友森翔太,57.0,ダ,1500.0,稍,98.6,-0.3,5-4-2,40.3,512.0,32.0,(トークダウン),57.0
2022101770,バウアピアーズ,2025/06/13,名古屋,晴,10,カモメ特別(3歳),10,1,1,286.4,10.0,6,丹羽克輝,57.0,ダ,1700.0,稍,113.0,2.1,7-7-5,40.1,480.0,-14.0,トゥーナフォーティ,
2022101770,バウアピアーズ,2025/06/04,名古屋,晴,7,ジューンドリーム戦(3歳),12,5,6,92.5,11.0,7,丹羽克輝,57.0,ダ,1700.0,重,114.4,2.6,8-9-7,42.7,494.0,-7.0,トゥーナフォーティ,
2022101770,バウアピアーズ,2025/05/20,名古屋,晴,10,ツバメ特別(3歳),11,5,5,138.6,10.0,10,丹羽克輝,57.0,ダ,1500.0,稍,99.9,3.1,8-8-9,42.2,501.0,3.0,テレヴァカ,
2022101770,バウアピアーズ,2025/05/05,名古屋,晴,11,駿蹄賞(重賞),12,4,4,437.9,12.0,10,丹羽克輝,57.0,ダ,2000.0,良,137.8,3.9,9-10-9,41.5,498.0,-10.0,カワテンマックス,
2022101770,バウアピアーズ,2025/04/22,名古屋,小雨,10,カルガモ特別(3歳),11,5,5,185.1,10.0,7,丹羽克輝,57.0,ダ,1400.0,良,91.7,1.7,3-3-3,40.2,508.0,14.0,ラガマフィンガール,
2022101770,バウアピアーズ,2025/04/08,名古屋,曇,8,ウグイス特別(3歳),12,2,2,361.7,11.0,12,阪野学,57.0,ダ,1700.0,良,116.8,4.4,11-10-9,42.7,494.0,-1.0,アキヨシパワー,
2022101770,バウアピアーズ,2025/03/25,名古屋,晴,7,ユリカモメ特別(3歳),10,6,6,249.9,10.0,9,大畑雅章,56.0,ダ,1700.0,重,114.3,4.4,10-9-9,41.7,495.0,-4.0,サンヨウテイオウ,
2022101770,バウアピアーズ,2025/02/25,名古屋,晴,9,メジロ特別(3歳),12,4,4,101.9,11.0,12,丸野勝虎,56.0,ダ,1700.0,良,114.0,3.0,12-12-8,40.3,499.0,0.0,サンヨウテイオウ,
2022101770,バウアピアーズ,2025/02/12,名古屋,雨,11,スプリングC(重賞),12,8,11,236.5,11.0,11,望月洵輝,56.0,ダ,1700.0,稍,113.5,4.3,5-5-9,42.4,499.0,2.0,ページェント,
2022101770,バウアピアーズ,2025/01/28,名古屋,晴,10,コハクチョウ特別(3歳),11,8,10,33.7,7.0,10,阪野学,56.0,ダ,1700.0,良,114.1,2.6,11-11-11,39.3,497.0,-1.0,アキヨシパワー,
2022101770,バウアピアーズ,2025/01/16,名古屋,晴,11,新春ペガサスC(重賞),12,8,11,252.3,12.0,12,阪野学,56.0,ダ,1700.0,良,113.6,3.2,6-5-8,40.6,498.0,-1.0,カワテンマックス,
2022101770,バウアピアーズ,2025/01/02,名古屋,晴,9,七福神特別(3歳),11,4,4,12.7,4.0,4,阪野学,56.0,ダ,1500.0,良,97.1,0.3,5-8-1,38.2,499.0,-1.0,フークタオユエン,12.0
2022101770,バウアピアーズ,2024/12/18,名古屋,晴,8,2歳特別,12,5,5,17.9,7.0,7,細川智史,55.0,ダ,1700.0,良,112.0,1.5,7-7-6,40.3,500.0,-5.0,サンヨウテイオウ,
2022101770,バウアピアーズ,2024/12/03,名古屋,晴,11,ゴールドウィング賞(重賞),12,1,1,85.7,11.0,12,大畑慧悟,55.0,ダ,1700.0,良,114.6,5.7,7-10-12,43.9,505.0,0.0,カワテンマックス,
2022101770,バウアピアーズ,2024/11/20,名古屋,曇,9,2歳特別,11,7,9,7.7,3.0,1,今井貴大,55.0,ダ,1500.0,良,96.4,0.0,2-2-2,39.3,505.0,1.0,(ノリノリブリランテ),90.0
2022101770,バウアピアーズ,2024/11/11,名古屋,晴,9,2歳特別,12,7,10,5.0,2.0,3,今井貴大,55.0,ダ,1500.0,良,98.1,1.3,3-1-2,40.6,504.0,-12.0,エバーシンス,18.0
2022101770,バウアピアーズ,2024/10/10,門別,晴,10,アンバー特別(OP)(2歳),12,5,6,72.8,7.0,8,金山昇馬,56.0,ダ,1200.0,良,76.2,2.4,5-5,39.4,516.0,0.0,ハーフブルー,
2022101770,バウアピアーズ,2024/09/26,門別,曇,7,アイオライト特別(OP)(2歳),6,1,1,10.9,4.0,4,阿部龍,56.0,ダ,1000.0,良,62.4,0.8,5-4,37.6,516.0,2.0,ボディコンシャス,14.0
2022101770,バウアピアーズ,2024/09/05,門別,曇,8,クンツァイト特別(OP)(2歳),9,3,3,7.2,4.0,8,阿部龍,55.0,ダ,1000.0,良,63.9,2.9,9-9,38.2,514.0,4.0,ヴィグラスデイズ,
2022101770,バウアピアーズ,2024/07/30,門別,晴,8,クリスタル特別(OP)(2歳),8,5,5,57.2,8.0,2,阿部龍,55.0,ダ,1000.0,重,61.5,0.3,7-7,36.4,510.0,-4.0,エターナルウインド,28.0
2022101770,バウアピアーズ,2024/07/03,門別,曇,6,ルビー特別(OP)(2歳),5,1,1,7.8,3.0,5,阿部龍,55.0,ダ,1200.0,稍,80.1,5.6,2-4,43.0,514.0,6.0,ジュゲムーン,7.0
2022101770,バウアピアーズ,2024/05/29,門別,曇,3,JRA認定競走アタッ(未勝利)(2歳),8,7,7,2.6,2.0,1,阿部龍,55.0,ダ,1000.0,良,62.2,-0.1,2-1,37.4,508.0,16.0,(ツバクロ),120.0
2022101770,バウアピアーズ,2024/04/25,門別,曇,5,JRA認定競走フレッ(新馬)(2歳),8,6,6,18.8,4.0,5,阿部龍,55.0,ダ,1000.0,不,62.0,1.2,4-3,37.9,492.0,0.0,クインタ,17.5
2021101810,リックトメンマ,2026/07/17,名古屋,晴,5,C3組,12,1,1,8.9,3.0,10,大原浩司,55.0,ダ,1500.0,良,98.4,1.5,3-7-7,40.8,478.0,-4.0,ジェニー,
2021101810,リックトメンマ,2026/07/03,名古屋,晴,1,名古屋モーニングフィ(C),12,6,8,11.2,5.0,3,大原浩司,55.0,ダ,1500.0,重,96.8,1.1,8-8-7,40.0,482.0,3.0,ホウオウシーザー,11.4
2021101810,リックトメンマ,2026/06/19,名古屋,晴,3,C4組,11,3,3,44.5,7.0,3,大原浩司,55.0,ダ,1500.0,良,96.2,0.2,3-4-4,39.0,479.0,-3.0,ロジアンドモルタル,11.4
2021101810,リックトメンマ,2026/06/04,名古屋,晴,4,C5組,12,5,5,17.2,6.0,4,塚本征吾,55.0,ダ,1500.0,稍,97.4,1.1,4-4-4,39.2,482.0,-2.0,ヴォルヴァ,8.6
2021101810,リックトメンマ,2026/05/22,名古屋,曇,5,C8組,10,6,6,50.3,6.0,5,塚本征吾,55.0,ダ,1500.0,重,98.6,2.0,5-5-4,40.2,484.0,4.0,ヤマカツライコウ,5.7
2021101810,リックトメンマ,2026/05/07,名古屋,晴,4,C10組,9,4,4,32.7,8.0,5,塚本征吾,55.0,ダ,1500.0,稍,98.1,0.9,5-5-4,40.0,480.0,0.0,ブルスケッタ,5.7
2021101810,リックトメンマ,2026/04/23,名古屋,雨,3,C9組,12,3,3,12.0,6.0,10,塚本征吾,55.0,ダ,1500.0,不,98.3,1.7,4-6-5,41.0,480.0,-5.0,フルオブエナジー,
2021101810,リックトメンマ,2026/04/10,名古屋,雨,2,C11組,10,6,7,17.8,7.0,5,塚本征吾,55.0,ダ,1400.0,不,91.1,1.2,4-3-4,39.8,485.0,-2.0,ナンゴクジャックス,5.7
2021101810,リックトメンマ,2026/03/27,名古屋,晴,2,C6組,12,4,4,184.2,10.0,7,大原浩司,55.0,ダ,1500.0,重,98.5,0.8,10-10-8,40.2,487.0,-6.0,ハッピードリーム,
2021101810,リックトメンマ,2026/03/12,名古屋,晴,5,日光川大橋賞(C),11,1,1,57.4,7.0,9,塚本征吾,55.0,ダ,1500.0,良,98.7,1.7,6-7-8,40.1,493.0,4.0,アイファージェット,
2021101810,リックトメンマ,2026/02/27,名古屋,曇,6,C7組,11,8,10,17.3,6.0,3,塚本征吾,55.0,ダ,1500.0,重,98.6,0.2,3-4-3,39.1,489.0,-3.0,アーキハッカー,11.0
2021101810,リックトメンマ,2026/02/12,名古屋,晴,3,C9組,12,6,7,180.3,10.0,4,大原浩司,55.0,ダ,1500.0,重,99.8,0.6,7-5-8,40.3,492.0,9.0,サノノスウィフト,8.3
2021101810,リックトメンマ,2026/01/19,名古屋,晴,1,C8組,11,7,9,63.3,7.0,7,塚本涼人,55.0,ダ,1500.0,良,99.0,2.1,6-7-8,39.9,483.0,-9.0,アルカラス,
2021101810,リックトメンマ,2026/01/05,名古屋,晴,8,裏白賞(C),12,7,9,55.2,9.0,7,大原浩司,55.0,ダ,1700.0,良,113.7,1.6,5-6-9,42.1,492.0,7.0,ビーガール,
2021101810,リックトメンマ,2025/12/24,名古屋,小雨,6,C2組,11,6,7,8.0,3.0,9,塚本征吾,55.0,ダ,1500.0,不,98.4,1.9,2-3-8,40.7,485.0,-9.0,スキルハンター,
2021101810,リックトメンマ,2025/11/13,門別,晴,7,ビアパーティーAib(C3),14,3,4,45.8,8.0,2,黒澤愛斗,55.0,ダ,1200.0,稍,75.6,0.0,6-6,38.2,494.0,6.0,リリーパーク,11.2
2021101810,リックトメンマ,2025/11/03,門別,晴,9,JBCデーはSPAT(C3),9,5,5,17.0,4.0,4,黒澤愛斗,55.0,ダ,1200.0,重,76.4,1.8,4-5,38.8,488.0,-2.0,ブリックスラテ,7.7
2021101810,リックトメンマ,2025/10/21,門別,曇,9,3歳以上C4ー2,10,6,7,8.3,4.0,1,黒澤愛斗,55.0,ダ,1200.0,稍,75.7,-0.2,3-3,38.6,490.0,4.0,(ロンギングドルチェ),40.0
2021101810,リックトメンマ,2025/10/07,門別,曇,6,3歳以上C4ー2,12,3,3,132.6,11.0,5,若杉朝飛,52.0,ダ,1200.0,良,76.8,0.2,3-4,39.7,486.0,-10.0,ヤルキゲンキユウキ,2.8
2021101810,リックトメンマ,2025/09/23,門別,晴,10,グランシャリオドリー(C4),12,5,5,93.5,9.0,9,若杉朝飛,52.0,ダ,1200.0,稍,76.9,1.0,10-8,39.2,496.0,4.0,ヴィトーリアヘーザ,
2021101810,リックトメンマ,2025/09/09,門別,曇,10,グランシャリオドリー(C4),12,2,2,274.0,12.0,5,若杉朝飛,52.0,ダ,1200.0,稍,75.7,1.1,9-8,38.6,492.0,23.0,エクストラチャージ,3.8
2021101810,リックトメンマ,2025/08/03,盛岡,晴,5,C2六組,12,5,5,19.3,9.0,12,関本玲花,52.0,ダ,1200.0,良,77.1,2.1,11-12,38.8,469.0,-3.0,ベルゲンハート,
2021101810,リックトメンマ,2025/07/20,盛岡,晴,4,C2九組,8,1,1,3.3,2.0,1,岩本怜,54.0,ダ,1200.0,良,77.1,0.0,1-1,40.1,472.0,-2.0,(マエガミイノチケイ),40.0
2021101810,リックトメンマ,2025/07/13,盛岡,晴,2,C2十組,9,2,2,26.9,6.0,2,岩本怜,54.0,ダ,1200.0,良,75.4,0.9,2-2,38.4,474.0,-6.0,ファルコンベガ,14.0
2021101810,リックトメンマ,2025/06/29,水沢,晴,2,C2十組,9,4,4,11.0,5.0,4,岩本怜,54.0,ダ,1300.0,良,85.7,1.4,2-2-3-4,40.7,480.0,4.0,ジュレヴァー,5.2
2021101810,リックトメンマ,2025/06/15,水沢,曇,2,C2九組,10,7,8,7.8,4.0,5,大坪慎,54.0,ダ,1300.0,良,86.1,0.7,1-2-3-3,40.6,476.0,13.0,ホウショウエポック,2.8
2021101810,リックトメンマ,2025/06/01,盛岡,曇,2,C2九組,7,5,5,7.2,4.0,3,大坪慎,54.0,ダ,1200.0,良,76.4,0.4,1-1,39.2,463.0,-1.0,ルレット,8.0
2021101810,リックトメンマ,2025/05/25,盛岡,小雨,3,C2九組,10,8,10,2.9,1.0,2,塚本涼人,54.0,ダ,1200.0,不,75.6,0.4,2-2,37.8,464.0,6.0,モカ,14.0
2021101810,リックトメンマ,2025/05/11,盛岡,曇,3,C2十組,9,2,2,62.5,6.0,4,大坪慎,54.0,ダ,1200.0,重,76.6,1.6,2-2,39.5,458.0,-3.0,ワープエンジン,5.2
2021101810,リックトメンマ,2025/04/26,水沢,晴,3,C2九組,8,4,4,8.4,4.0,6,大坪慎,54.0,ダ,1300.0,良,88.4,1.5,2-2-3-5,42.6,461.0,6.0,エムティヒビキ,
2021101810,リックトメンマ,2025/04/13,水沢,曇,1,C2,10,7,7,5.2,3.0,7,大坪慎,54.0,ダ,850.0,良,55.2,0.7,2-4,39.1,455.0,2.0,アルスヴィズ,
2021101810,リックトメンマ,2025/03/29,水沢,曇,3,C2九組,7,5,5,4.2,2.0,4,関本玲花,52.0,ダ,1300.0,稍,88.2,2.1,3-4-3-4,41.6,453.0,1.0,レイズルノワール,5.2
2021101810,リックトメンマ,2025/03/16,水沢,雨,4,がんばれ!福島県の酪(C2),9,8,9,48.2,8.0,6,大坪慎,54.0,ダ,1300.0,稍,87.4,2.1,3-3-5-7,41.2,452.0,-7.0,マイネルダンク,
2021101810,リックトメンマ,2025/03/09,水沢,晴,4,C2九組,11,4,4,44.1,8.0,10,大坪慎,54.0,ダ,1300.0,稍,89.3,3.5,2-2-5-8,42.8,459.0,-11.0,スングリダンダン,
2021101810,リックトメンマ,2024/12/22,水沢,晴,5,C2九組,10,7,9,20.9,6.0,6,南郷家全,54.0,ダ,1300.0,不,85.4,0.6,4-6-6-7,40.4,470.0,4.0,ケンヴェンツェル,
2021101810,リックトメンマ,2024/12/09,水沢,曇,3,C2九組,10,7,7,7.2,4.0,6,大坪慎,54.0,ダ,1300.0,不,85.1,0.8,2-2-3-5,40.6,466.0,2.0,グレースアイリス,
2021101810,リックトメンマ,2024/12/02,水沢,晴,3,オッズパークAI予想(C2),11,4,4,53.2,9.0,8,塚本涼人,54.0,ダ,1300.0,重,86.6,1.6,7-8-7-8,40.7,464.0,6.0,ラヴリーディスク,
2021101810,リックトメンマ,2024/11/24,水沢,曇,3,C2九組,11,6,7,8.0,3.0,4,鈴木祐,54.0,ダ,1300.0,稍,87.1,0.3,2-2-2-3,41.3,458.0,5.0,ダイナミックス,5.2
2021101810,リックトメンマ,2024/11/10,盛岡,晴,4,C2十組,11,6,7,33.4,5.0,4,大坪慎,54.0,ダ,1200.0,良,76.8,1.3,4-5,39.0,453.0,2.0,ドリーミンマン,5.2
2021101810,リックトメンマ,2024/10/27,盛岡,曇,2,C2十一組,10,5,5,59.5,6.0,5,大坪慎,54.0,ダ,1200.0,稍,76.9,2.6,2-3,39.8,451.0,1.0,アージェント,2.8
2021101810,リックトメンマ,2024/10/13,盛岡,晴,3,C2十一組,12,5,5,54.0,6.0,9,大坪慎,54.0,ダ,1200.0,良,78.6,3.6,5-7,39.6,450.0,-2.0,ラスダシャン,
2021101810,リックトメンマ,2024/07/21,盛岡,晴,6,3歳C2一組,10,1,1,98.9,9.0,8,大坪慎,54.0,ダ,1200.0,良,75.7,1.0,3-5,38.8,452.0,-1.0,ルージュルージュ,
2021101810,リックトメンマ,2024/07/07,盛岡,雨,6,3歳C2一組,11,7,9,228.9,11.0,10,鈴木祐,54.0,ダ,1200.0,不,76.2,4.0,7-7,39.0,453.0,-2.0,レフトフィールダー,
2021101810,リックトメンマ,2024/06/23,水沢,小雨,6,3歳C2一組,11,5,5,172.8,11.0,10,大坪慎,54.0,ダ,1300.0,稍,85.9,2.6,5-7-9-9,40.6,455.0,3.0,タイセイファルクス,
2021101810,リックトメンマ,2024/06/04,水沢,曇,4,3歳C1二組,9,5,5,90.6,8.0,8,大坪慎,54.0,ダ,1400.0,不,92.5,3.6,3-5-7-7,41.5,452.0,-2.0,キタノコンドル,
2021101810,リックトメンマ,2024/05/26,盛岡,晴,6,3歳C1一組,11,5,6,177.5,10.0,6,大坪慎,54.0,ダ,1400.0,良,90.5,3.2,3-4,41.0,454.0,-5.0,ノイバラ,
2021101810,リックトメンマ,2024/05/12,盛岡,曇,7,3歳C1一組,12,3,3,192.5,11.0,7,大坪慎,54.0,ダ,1400.0,良,91.6,2.9,5-6,40.9,459.0,9.0,ラブショック,
2021101810,リックトメンマ,2024/04/28,水沢,晴,4,3歳C1一組,11,6,7,83.3,7.0,10,服部大地,54.0,ダ,1400.0,良,96.1,3.9,7-8-9-10,43.8,450.0,4.0,バウンスライト,
2021101810,リックトメンマ,2024/04/09,水沢,雨,7,3歳B2二組,12,4,4,368.4,12.0,7,大坪慎,54.0,ダ,1400.0,不,92.3,1.8,6-6-7-6,40.7,446.0,1.0,クイーンカード,
2021101810,リックトメンマ,2024/03/25,水沢,曇,7,3歳B2,11,6,7,508.5,10.0,8,大坪慎,54.0,ダ,1400.0,稍,96.2,3.6,7-7-9-9,43.7,445.0,3.0,ティーエスフェアリ,
2021101810,リックトメンマ,2024/03/12,水沢,小雨,8,3歳B1,12,6,7,395.5,12.0,9,大坪慎,54.0,ダ,1400.0,重,94.6,4.6,10-11-11-12,41.7,442.0,-15.0,マラカイト,
2021101810,リックトメンマ,2023/12/31,水沢,曇,3,2歳C1一組,11,6,6,130.5,11.0,11,大坪慎,54.0,ダ,1400.0,重,96.1,3.4,3-5-8-11,44.4,457.0,7.0,コンバットアリーズ,
2021101810,リックトメンマ,2023/12/17,水沢,雪,3,2歳C1一組,10,8,9,46.2,6.0,10,大坪慎,54.0,ダ,1300.0,不,88.2,4.1,5-8-10-10,42.2,450.0,-2.0,リュウノバデン,
2021101810,リックトメンマ,2023/12/03,水沢,曇,2,2歳C1一組,10,3,3,4.5,2.0,10,大坪慎,54.0,ダ,1300.0,重,89.0,3.7,2-9-10-10,42.1,452.0,-2.0,オイデメセ,
2021101810,リックトメンマ,2023/11/19,盛岡,曇,1,2歳C1二組,10,7,7,44.0,7.0,4,大坪慎,54.0,ダ,1200.0,不,75.5,0.3,2-2,38.7,454.0,3.0,リュウノリヤド,8.5
2021101810,リックトメンマ,2023/11/05,盛岡,曇,1,2歳C1二組,11,5,5,8.4,3.0,4,大坪慎,54.0,ダ,1200.0,稍,77.7,0.4,2-2,40.9,451.0,-5.0,ビジョイチゴウ,8.5
2021101810,リックトメンマ,2023/10/22,盛岡,曇,2,2歳C1一組,12,5,6,46.5,8.0,9,大坪慎,54.0,ダ,1200.0,重,76.9,2.5,4-9,40.0,456.0,2.0,カマリイワヒネ,
2021101810,リックトメンマ,2023/10/08,盛岡,晴,1,2歳,9,4,4,17.7,5.0,4,大坪慎,54.0,ダ,1200.0,稍,76.8,1.0,1-1,39.4,454.0,-4.0,モズヤッパリネ,8.5
2021101810,リックトメンマ,2023/09/26,盛岡,小雨,4,2歳,10,5,5,13.2,5.0,6,大坪慎,54.0,ダ,1200.0,良,77.9,2.9,4-5,41.1,458.0,8.0,リノグロワール,
2021101810,リックトメンマ,2023/08/28,水沢,晴,3,2歳,8,3,3,26.9,6.0,3,大坪慎,54.0,ダ,1400.0,良,92.9,1.1,2-2-2-3,40.4,450.0,-4.0,エイシンノクターン,13.0
2021101810,リックトメンマ,2023/08/14,盛岡,雨,3,2歳,11,8,10,18.3,6.0,4,大坪慎,54.0,ダ,1200.0,重,76.7,1.7,2-2,40.5,454.0,-4.0,ビッグサララルーフ,7.2
2021101810,リックトメンマ,2023/07/31,盛岡,晴,2,2歳,7,1,1,21.1,5.0,5,大坪慎,54.0,ダ,1200.0,良,79.5,2.9,4-4,41.1,458.0,0.0,デルマスーリア,4.6
2021101810,リックトメンマ,2023/07/16,盛岡,雨,3,ファーストステップ2(新馬)(2歳),5,1,1,10.0,4.0,5,大坪慎,54.0,ダ,1000.0,不,62.4,2.4,5-5,37.1,458.0,0.0,リュウノダンマーム,11.9
2020103157,イブシギン,2026/07/17,名古屋,晴,10,南知多特別(C),12,3,3,11.4,5.0,6,柿原翔,57.0,ダ,1500.0,良,98.6,0.8,9-9-7,40.0,444.0,2.0,ハクサンフラッシュ,
2020103157,イブシギン,2026/07/03,名古屋,晴,6,邨松名古屋でも頑張れ(B),12,6,7,15.0,6.0,7,柿原翔,57.0,ダ,1500.0,稍,97.2,1.0,11-11-9,39.1,442.0,-2.0,ウィッティングハム,
2020103157,イブシギン,2026/06/22,名古屋,曇,10,三ヶ根山特別(C),10,8,10,14.6,4.0,2,大畑慧悟,57.0,ダ,1500.0,稍,96.8,0.1,7-7-3,38.9,444.0,3.0,コスモナッシュビル,26.3
2020103157,イブシギン,2026/06/05,名古屋,曇,9,四谷の千枚田特別(C),12,3,3,55.5,7.0,5,柿原翔,57.0,ダ,1500.0,稍,97.5,0.9,8-7-8,39.0,441.0,-1.0,ヤマカツライコウ,7.5
2020103157,イブシギン,2026/05/25,名古屋,晴,5,C3組,11,6,6,13.6,6.0,6,柿原翔,57.0,ダ,1500.0,良,98.2,0.7,6-7-8,39.5,442.0,1.0,エクメノポリス,
2020103157,イブシギン,2026/05/08,名古屋,曇,1,アジア・アジアパラ応(C),10,8,10,8.9,5.0,3,村上弘樹,57.0,ダ,1500.0,稍,98.2,0.6,6-6-5,39.3,441.0,0.0,ハクサンシャトル,11.4
2020103157,イブシギン,2026/04/13,名古屋,曇,3,C7組,10,3,3,35.7,7.0,3,柿原翔,57.0,ダ,1400.0,良,91.1,0.4,9-8-8,38.6,441.0,-1.0,フクノジョヴァンニ,11.4
2020103157,イブシギン,2026/03/27,名古屋,晴,5,B11組,9,6,6,155.8,9.0,7,柿原翔,57.0,ダ,1400.0,重,92.0,2.0,9-9-9,39.0,442.0,1.0,アドゥールグロー,
2020103157,イブシギン,2026/03/13,名古屋,曇,8,明日から開催!第1回(B),10,5,5,96.9,10.0,9,柿原翔,57.0,ダ,1500.0,良,97.7,1.9,9-8-9,38.5,441.0,-1.0,コーラルトレジャー,
2020103157,イブシギン,2026/02/23,名古屋,晴,6,駆け上がれ!しゃちほ(B),11,4,4,13.9,5.0,7,柿原翔,57.0,ダ,1500.0,良,99.6,0.6,6-8-5,39.3,442.0,-4.0,ココナツキュート,
2020103157,イブシギン,2026/02/13,名古屋,晴,6,ご褒美のマイチョコ賞(B),11,7,8,115.5,10.0,5,柿原翔,57.0,ダ,1400.0,稍,92.0,1.3,7-7-8,39.1,446.0,2.0,フローラビーナス,6.5
2020103157,イブシギン,2026/01/30,名古屋,曇,6,多度大社神馬会錦山号(B),12,8,12,65.8,9.0,9,柿原翔,57.0,ダ,1500.0,良,99.3,1.9,3-4-9,40.8,444.0,-1.0,ニーケススマイル,
2020103157,イブシギン,2026/01/19,名古屋,晴,7,B11組,11,4,4,95.1,9.0,7,村上弘樹,57.0,ダ,1500.0,良,98.3,0.8,9-9-9,38.4,445.0,1.0,ゼットサンダー,
2020103157,イブシギン,2026/01/05,名古屋,晴,9,譲葉賞(B),11,6,7,13.5,3.0,6,柿原翔,57.0,ダ,1700.0,良,113.2,2.1,3-3-6,39.7,444.0,0.0,タイキフィアリーベ,
2020103157,イブシギン,2025/12/24,名古屋,小雨,12,2025金シャチゴー(B),11,8,10,77.4,6.0,3,柿原翔,57.0,ダ,1700.0,不,110.4,2.6,5-6-3,39.7,444.0,-1.0,ウィットビーアビー,13.0
2020103157,イブシギン,2025/12/10,名古屋,晴,12,梅初月賞(B),12,1,1,95.4,10.0,11,村上弘樹,57.0,ダ,920.0,良,58.2,1.9,11,36.8,445.0,1.0,ミカノヴェニュス,
2020103157,イブシギン,2025/11/25,名古屋,曇,5,B8組,12,8,11,38.4,7.0,7,村上弘樹,57.0,ダ,1500.0,稍,98.4,0.8,7-8-8,39.1,444.0,1.0,フジファンタジスタ,
2020103157,イブシギン,2025/11/13,名古屋,曇,12,グリーンチャンネル開(B),11,5,5,34.7,8.0,6,今井貴大,57.0,ダ,1500.0,稍,97.9,1.0,10-10-8,39.4,443.0,-5.0,スパルタンワールド,
2020103157,イブシギン,2025/10/31,名古屋,雨,8,JBC2025船橋・,12,4,4,165.7,12.0,2,柿原翔,57.0,ダ,1400.0,重,91.3,0.4,12-11-8,38.9,448.0,-1.0,アルディオール,22.8
2020103157,イブシギン,2025/10/17,名古屋,晴,7,B8組,12,3,3,116.9,11.0,9,柿原翔,57.0,ダ,1500.0,稍,98.9,1.5,11-12-12,40.0,449.0,5.0,サンフローリス,
2020103157,イブシギン,2025/10/02,名古屋,晴,12,B5組,12,6,8,117.2,11.0,8,柿原翔,57.0,ダ,920.0,良,58.8,2.3,7,37.9,444.0,-4.0,ライトスピード,
2020103157,イブシギン,2025/09/18,名古屋,晴,6,早川康夫爆誕記念(B),12,1,1,65.7,8.0,7,柿原翔,57.0,ダ,1500.0,良,100.9,1.7,5-7-7,41.0,448.0,4.0,マライアガーネット,
2020103157,イブシギン,2025/09/04,名古屋,小雨,7,B6組,12,5,6,54.4,10.0,6,柿原翔,57.0,ダ,1400.0,良,93.2,2.3,9-9-8,39.9,444.0,-2.0,ギースバッハ,
2020103157,イブシギン,2025/08/20,名古屋,晴,8,B6組,10,7,8,14.7,6.0,9,柿原翔,57.0,ダ,1500.0,良,99.1,2.8,7-7-8,40.3,446.0,2.0,ホウオウエニシ,
2020103157,イブシギン,2025/07/24,名古屋,晴,12,青海原賞(B),11,7,10,10.0,5.0,4,柿原翔,57.0,ダ,1700.0,良,110.8,1.4,3-2-5,39.3,444.0,2.0,ペルソナ,9.8
2020103157,イブシギン,2025/07/10,名古屋,晴,7,B10組,10,5,5,5.0,3.0,3,柿原翔,57.0,ダ,1700.0,良,111.9,0.6,7-5-3,38.7,442.0,0.0,ブルーチース,13.0
2020103157,イブシギン,2025/06/26,名古屋,雨,10,B6組,12,1,1,39.4,7.0,5,柿原翔,57.0,ダ,1500.0,不,96.9,1.7,10-10-8,39.3,442.0,0.0,オキハル,6.5
2020103157,イブシギン,2025/06/17,名古屋,晴,8,B6組,12,4,4,52.7,8.0,4,柿原翔,57.0,ダ,1700.0,稍,110.8,0.1,10-11-6,39.5,442.0,-3.0,キタカラキタパンチ,9.8
2020103157,イブシギン,2025/06/05,名古屋,晴,12,B6組,12,5,6,24.2,8.0,8,柿原翔,57.0,ダ,1400.0,稍,91.6,1.7,11-11-10,39.1,445.0,2.0,アスキステソーロ,
2020103157,イブシギン,2025/05/08,名古屋,晴,12,B8組,10,4,4,32.5,8.0,5,村上弘樹,57.0,ダ,1400.0,重,91.6,0.4,7-8-6,38.9,443.0,2.0,クロダブシ,6.5
2020103157,イブシギン,2025/04/24,名古屋,晴,8,B9組,8,8,9,19.4,5.0,5,柿原翔,57.0,ダ,1400.0,稍,91.8,0.9,4-5-6,39.7,441.0,0.0,キタノダロマ,6.5
2020103157,イブシギン,2025/04/10,名古屋,曇,8,B6組,10,4,4,,,取,柿原翔,57.0,ダ,1500.0,良,,,,,,,ボディブロー,
2020103157,イブシギン,2025/03/27,名古屋,曇,8,B6組,10,8,10,2.4,1.0,3,今井貴大,56.0,ダ,1500.0,稍,98.6,0.6,2-2-2,39.8,441.0,-1.0,トーホウランボ,12.0
2020103157,イブシギン,2025/03/13,名古屋,曇,6,B5組,12,8,11,19.5,5.0,4,柿原翔,56.0,ダ,1500.0,重,99.0,2.1,6-7-6,39.7,442.0,-2.0,クインタレッリ,9.0
2020103157,イブシギン,2025/02/26,名古屋,晴,9,B5組,12,7,9,39.6,6.0,6,阪野学,56.0,ダ,1700.0,良,113.2,1.2,6-5-6,40.0,444.0,-3.0,フランコルシャン,
2020103157,イブシギン,2025/02/12,名古屋,小雪,5,B7組,10,7,7,33.5,6.0,3,柿原翔,56.0,ダ,1700.0,良,113.5,0.4,2-2-2,39.0,447.0,3.0,ルクスシュナイダー,12.0
2020103157,イブシギン,2025/01/29,名古屋,晴,7,B6組,10,8,10,18.0,4.0,3,柿原翔,56.0,ダ,1700.0,良,112.4,0.8,3-3-4,40.0,444.0,-1.0,ペルセイズ,12.0
2020103157,イブシギン,2025/01/16,名古屋,晴,6,B6組,9,5,5,19.4,6.0,4,村上弘樹,56.0,ダ,1500.0,良,98.9,0.7,5-7-4,39.0,445.0,-2.0,ファルギュラント,9.0
2020103157,イブシギン,2025/01/03,名古屋,晴,8,B7組,11,8,10,24.1,6.0,7,柿原翔,56.0,ダ,1500.0,良,98.8,1.9,8-8-7,39.7,447.0,-1.0,リルフロスト,
2020103157,イブシギン,2024/12/19,名古屋,晴,10,さといも賞(B),11,8,11,100.6,9.0,4,柿原翔,56.0,ダ,1500.0,良,97.5,0.4,9-9-8,39.2,448.0,2.0,オンワードセルフ,9.0
2020103157,イブシギン,2024/12/03,名古屋,晴,9,ラサルハグェ特別(B),12,2,2,101.2,10.0,9,柿原翔,56.0,ダ,1400.0,良,91.5,2.0,9-10-12,39.5,446.0,-2.0,アベニンティアラ,
2020103157,イブシギン,2024/11/20,名古屋,曇,10,ピーコック特別(B),12,6,8,62.5,11.0,7,村上弘樹,56.0,ダ,1500.0,良,97.6,1.0,11-11-10,38.2,448.0,6.0,プロミシングギャル,
2020103157,イブシギン,2024/11/11,名古屋,晴,11,さそり座特別(B),12,5,5,537.9,12.0,8,柿原翔,56.0,ダ,1500.0,良,97.9,2.0,11-11-10,39.5,442.0,-1.0,ファセット,
2020103157,イブシギン,2024/10/29,名古屋,雨,10,ベテルギウス特別(B),10,8,12,38.1,9.0,8,柿原翔,56.0,ダ,1500.0,不,97.2,2.5,7-7-9,41.2,443.0,1.0,バトルレジェンダ,
2020103157,イブシギン,2024/10/16,名古屋,曇,11,アルネブ特別(B),10,3,3,41.5,9.0,8,柿原翔,56.0,ダ,1700.0,良,113.0,1.3,5-7-7,40.3,442.0,-3.0,ジュレップスター,
2020103157,イブシギン,2024/10/01,名古屋,晴,12,カシオペア座特別(B),12,6,7,166.9,12.0,7,柿原翔,56.0,ダ,1700.0,稍,111.5,1.2,8-7-8,40.6,445.0,0.0,エナジーロマネスク,
2020103157,イブシギン,2024/09/18,名古屋,晴,7,うろこ雲特別(B),10,5,5,20.7,9.0,8,柿原翔,56.0,ダ,1700.0,良,112.6,1.6,9-9-9,40.4,445.0,2.0,カフジリブラ,
2020103157,イブシギン,2024/09/03,名古屋,曇,9,おとめ座特別(B),11,4,4,68.3,9.0,10,柿原翔,56.0,ダ,1500.0,稍,96.5,1.6,8-9-8,38.8,443.0,4.0,ブライトファントム,
2020103157,イブシギン,2024/08/21,名古屋,晴,8,B4組,12,7,10,15.7,7.0,1,今井貴大,56.0,ダ,1700.0,稍,111.7,-0.2,3-3-3,40.9,439.0,0.0,(ネオアリシア),60.0
2020103157,イブシギン,2024/08/08,名古屋,晴,9,B5組,11,3,3,21.3,6.0,9,柿原翔,56.0,ダ,1500.0,良,99.1,1.7,9-9-9,39.5,439.0,0.0,エストレリータ,
2020103157,イブシギン,2024/07/11,名古屋,曇,10,B4組,12,4,4,33.9,8.0,7,柿原翔,56.0,ダ,1700.0,重,111.8,2.0,5-6-5,40.3,439.0,-3.0,イストロス,
2020103157,イブシギン,2024/06/26,名古屋,曇,8,B3組,12,1,1,16.9,5.0,5,柿原翔,56.0,ダ,1700.0,良,111.8,1.4,9-9-9,39.7,442.0,1.0,ゴラッソゴール,6.0
2020103157,イブシギン,2024/06/13,名古屋,晴,9,B3組,12,7,9,8.7,3.0,8,柿原翔,56.0,ダ,1500.0,良,96.8,1.5,7-8-7,39.5,441.0,-1.0,リンクスターツ,
2020103157,イブシギン,2024/05/28,名古屋,雨,11,ポルックス特別(B),12,2,2,40.0,8.0,5,柿原翔,56.0,ダ,1500.0,不,96.2,1.4,10-9-7,38.3,442.0,-2.0,ローズパレード,7.5
2020103157,イブシギン,2024/05/16,名古屋,晴,8,B3組,12,5,6,7.5,5.0,3,村上弘樹,56.0,ダ,1700.0,重,111.5,0.3,7-7-8,39.6,444.0,0.0,イントゥザファイア,12.0
2020103157,イブシギン,2024/05/02,名古屋,晴,8,B4組,9,6,6,65.1,9.0,3,村上弘樹,56.0,ダ,1700.0,良,110.7,1.9,6-7-7,39.1,444.0,1.0,ダンネワード,12.0
2020103157,イブシギン,2024/04/23,名古屋,曇,8,B4組,12,3,3,40.5,10.0,9,柿原翔,56.0,ダ,1700.0,重,112.6,1.8,9-10-10,40.7,443.0,-5.0,ビッグボスマサムネ,
2020103157,イブシギン,2024/04/10,名古屋,晴,9,B3組,12,1,1,27.2,8.0,11,加藤聡一,56.0,ダ,1700.0,稍,113.3,1.9,8-7-9,40.0,448.0,3.0,リョウライライ,
2020103157,イブシギン,2024/03/27,名古屋,晴,8,B4組,12,7,10,7.2,4.0,3,木之前葵,54.0,ダ,1700.0,重,111.3,0.3,8-4-4,39.7,445.0,0.0,カガヤキファイター,10.0
2020103157,イブシギン,2024/03/13,名古屋,晴,6,B5組,12,8,11,12.5,5.0,3,木之前葵,54.0,ダ,1500.0,重,95.8,0.3,8-8-3,38.7,445.0,0.0,リョウライライ,10.0
2020103157,イブシギン,2024/02/26,名古屋,晴,11,こいぬ座特別(B),10,8,10,54.3,7.0,6,山田祥雄,56.0,ダ,1500.0,重,97.3,1.1,8-8-7,39.0,445.0,2.0,ダイセンストーム,
2020103157,イブシギン,2024/02/16,名古屋,晴,10,寒天賞(B),12,6,7,11.5,5.0,1,今井貴大,56.0,ダ,1700.0,良,114.1,-0.3,4-4-2,39.2,443.0,-3.0,(ロジディープ),50.0
2020103157,イブシギン,2024/02/02,名古屋,晴,9,B10組,9,1,1,29.9,5.0,4,柿原翔,56.0,ダ,1500.0,良,98.6,0.3,5-5-5,39.6,446.0,6.0,カガヤキファイター,7.5
2020103157,イブシギン,2024/01/18,名古屋,小雨,11,おぼろ雲特別(B),10,1,1,45.9,9.0,8,柿原翔,56.0,ダ,1500.0,良,97.2,1.3,7-9-8,38.3,440.0,-4.0,フェルクアーサー,
2020103157,イブシギン,2024/01/03,名古屋,曇,10,尾張名古屋杯(C),12,2,2,69.6,6.0,5,柿原翔,56.0,ダ,1500.0,良,97.2,1.3,6-6-6,38.7,444.0,-2.0,ナンヨークリスタル,12.0
2020103157,イブシギン,2023/12/25,名古屋,晴,6,吉原舞三十路生誕記念(C),10,7,8,2.2,1.0,2,柿原翔,56.0,ダ,1500.0,良,98.6,0.8,6-5-4,39.5,446.0,4.0,トモノコリ,15.8
2020103157,イブシギン,2023/12/15,名古屋,曇,8,年の瀬の運試し!第4(C),12,5,6,15.1,6.0,3,柿原翔,56.0,ダ,1500.0,不,96.5,0.4,11-10-7,39.4,442.0,2.0,ヘアピンシュプール,9.0
2020103157,イブシギン,2023/12/01,名古屋,晴,5,C5組,12,1,1,3.1,2.0,4,柿原翔,56.0,ダ,1500.0,良,97.7,0.3,1-1-1,39.5,440.0,2.0,ハイエストプレイズ,6.8
2020103157,イブシギン,2023/11/17,名古屋,曇,4,星羽こはく3周年&生(C),11,7,8,2.4,1.0,2,村上弘樹,56.0,ダ,1500.0,不,95.8,0.0,3-2-2,38.7,438.0,-5.0,リョウライライ,15.8
2020103157,イブシギン,2023/11/06,名古屋,雨,12,入鹿池特別(C),12,1,1,108.0,9.0,7,柿原翔,56.0,ダ,1700.0,稍,112.8,3.0,9-12-11,40.1,443.0,3.0,ハクサンアルタイル,
2020103157,イブシギン,2023/10/19,名古屋,晴,8,C12組,12,7,10,2.9,2.0,1,村上弘樹,56.0,ダ,1500.0,良,97.1,-0.1,5-5-3,39.9,440.0,-2.0,(エンジェルワン),45.0
2020103157,イブシギン,2023/10/05,名古屋,曇,5,C13組,12,7,10,50.6,6.0,3,村上弘樹,56.0,ダ,1500.0,重,97.1,2.8,5-5-4,39.2,442.0,1.0,ナゲットモンスター,9.0
2020103157,イブシギン,2023/09/20,名古屋,曇,6,靖志さん第2の人生へ(3歳),12,7,9,79.6,8.0,5,村上弘樹,56.0,ダ,1500.0,良,98.4,1.4,9-9-9,39.6,441.0,1.0,ジュエルプリンス,4.6
2020103157,イブシギン,2023/09/06,名古屋,雨,5,智之&菜那結婚記念(3歳),11,7,8,26.6,6.0,4,山田祥雄,56.0,ダ,1500.0,重,97.6,2.2,8-8-7,38.9,440.0,1.0,パミーラ,6.9
2020103157,イブシギン,2023/08/23,名古屋,曇,5,3歳5組,8,5,5,26.0,5.0,3,山田祥雄,56.0,ダ,1500.0,良,98.2,1.3,6-6-5,39.7,439.0,-2.0,ハクサンアルタイル,9.2
2020103157,イブシギン,2023/08/08,名古屋,晴,9,3歳6組,12,8,11,70.3,6.0,6,山田祥雄,56.0,ダ,1500.0,良,98.6,1.5,5-2-5,40.6,441.0,3.0,ルミノルシファー,
2020103157,イブシギン,2023/07/27,名古屋,晴,4,イチナナtamtam(3歳),10,7,8,3.7,3.0,8,柿原翔,56.0,ダ,1500.0,良,99.0,1.3,8-7-8,40.0,438.0,0.0,スイートレーヴ,
2020103157,イブシギン,2023/06/28,名古屋,晴,5,白衣の堕天使すみれ(3歳),11,6,7,31.3,7.0,5,柿原翔,56.0,ダ,1500.0,良,97.8,1.0,9-9-8,39.7,438.0,-1.0,エムズシップ,5.0
2020103157,イブシギン,2023/06/13,名古屋,晴,8,3歳5組,12,6,7,23.8,5.0,5,柿原翔,56.0,ダ,1500.0,重,99.3,2.0,5-7-6,41.1,439.0,0.0,ヤーゴ,5.0
2020103157,イブシギン,2023/05/30,名古屋,曇,2,3歳4組,12,1,1,25.9,6.0,3,柿原翔,56.0,ダ,1500.0,重,98.0,0.6,7-7-6,39.4,439.0,1.0,パワポケプレミア,10.0
2020103157,イブシギン,2023/05/16,名古屋,晴,1,3歳6組,11,3,3,26.9,4.0,2,柿原翔,56.0,ダ,1500.0,稍,97.1,1.0,8-9-5,39.2,438.0,3.0,ヴィアスパークル,17.5
2020103157,イブシギン,2023/05/04,名古屋,晴,2,3歳5組,11,7,10,59.9,7.0,3,柿原翔,56.0,ダ,1500.0,良,97.9,0.6,8-6-7,39.6,435.0,-2.0,ミヤビデロス,10.0
2020103157,イブシギン,2023/04/21,名古屋,晴,2,3歳5組,12,1,1,67.7,8.0,10,柿原翔,56.0,ダ,1500.0,稍,101.7,3.1,11-11-11,42.4,437.0,0.0,フウジンノマイ,
2020103157,イブシギン,2023/04/12,名古屋,小雨,2,3歳5組,12,1,1,40.9,9.0,6,柿原翔,56.0,ダ,1500.0,良,99.7,0.9,9-9-9,41.2,437.0,5.0,アンズ,
2020103157,イブシギン,2023/03/29,名古屋,晴,1,近藤咲音生誕1周年記(3歳),10,4,4,128.3,10.0,5,柿原翔,56.0,ダ,1500.0,稍,99.3,1.6,6-7-8,40.5,432.0,1.0,インナーサンクタム,3.6
2020103157,イブシギン,2023/03/16,名古屋,晴,2,3歳4組,12,1,1,26.7,7.0,12,柿原翔,56.0,ダ,1500.0,良,100.9,2.8,11-11-12,42.1,431.0,-1.0,キャビネットバトル,
2020103157,イブシギン,2023/03/02,名古屋,晴,3,3歳4組,10,5,5,22.8,5.0,7,柿原翔,56.0,ダ,1500.0,良,102.3,3.0,9-8-7,42.4,432.0,-2.0,スリーディプテー,
2020103157,イブシギン,2023/02/16,名古屋,晴,2,3歳5組,12,1,1,6.5,4.0,6,山田祥雄,56.0,ダ,1500.0,稍,99.6,2.2,7-6-5,41.1,434.0,-3.0,リュウノフラワー,
2020103157,イブシギン,2023/02/02,名古屋,晴,1,3歳6組,8,3,3,1.9,1.0,3,陶文峰,56.0,ダ,1500.0,良,99.8,0.6,5-4-3,42.0,437.0,2.0,コリュウカゲミツ,8.0
2020103157,イブシギン,2023/01/19,名古屋,晴,1,3歳4組,11,3,3,7.6,3.0,3,陶文峰,56.0,ダ,1500.0,稍,98.4,0.5,7-7-5,40.0,435.0,-6.0,アイノビート,8.0
2020103157,イブシギン,2023/01/04,名古屋,晴,1,3歳5組,9,6,6,12.3,5.0,3,柿原翔,56.0,ダ,1500.0,良,99.3,1.3,1-1-3,41.4,441.0,-3.0,ダンネワード,8.0
2020103157,イブシギン,2022/12/23,名古屋,晴,2,マオ・ユカ結婚お祝い(2歳),12,3,3,5.5,3.0,7,村上弘樹,55.0,ダ,920.0,良,60.1,2.7,9,38.5,444.0,26.0,ビットコイン,
2020103157,イブシギン,2022/11/12,5東京3,晴,2,2歳未勝利,12,3,3,315.4,10.0,10,水口優也,55.0,芝,1600.0,良,95.5,1.9,9-8,35.4,418.0,-4.0,ニシノライコウ,
2020103157,イブシギン,2022/11/05,3福島1,晴,1,2歳未勝利,16,8,16,165.4,14.0,15,黛弘人,55.0,ダ,1150.0,良,72.0,2.5,12-15,38.8,422.0,0.0,ビルカール,
2020103157,イブシギン,2022/08/07,2新潟4,晴,1,2歳未勝利,15,2,2,480.9,15.0,9,原優介,51.0,芝,1400.0,良,83.2,1.1,11-11,35.4,422.0,-2.0,サイモンオリーブ,
2020103157,イブシギン,2022/07/17,2福島6,曇,2,2歳未勝利,11,8,10,99.0,9.0,10,原優介,51.0,芝,1200.0,稍,72.6,2.0,10-10,36.2,424.0,-2.0,スムースベルベット,
2020103157,イブシギン,2022/07/10,2福島4,晴,6,2歳新馬,9,8,8,35.1,7.0,9,杉原誠人,54.0,芝,1200.0,良,73.7,2.7,8-8,36.1,426.0,0.0,モンサンスヴニール,
2022103257,メイショウオハコ,2026/07/02,名古屋,曇,7,恋路ヶ浜賞(C),11,6,7,16.5,5.0,2,近藤颯羽,52.0,ダ,1400.0,不,89.6,0.3,8-7-2,39.0,427.0,4.0,オレイニウタイマス,20.0
2022103257,メイショウオハコ,2026/06/19,名古屋,晴,3,C4組,11,8,11,18.1,6.0,7,近藤颯羽,52.0,ダ,1500.0,良,97.3,1.3,7-5-6,40.0,423.0,0.0,ロジアンドモルタル,
2022103257,メイショウオハコ,2026/06/04,名古屋,晴,4,C5組,12,5,6,5.9,3.0,5,近藤颯羽,52.0,ダ,1500.0,稍,97.8,1.5,6-6-6,39.4,423.0,-2.0,ヴォルヴァ,5.7
2022103257,メイショウオハコ,2026/05/22,名古屋,曇,4,C9組,10,1,1,16.0,7.0,3,近藤颯羽,52.0,ダ,1500.0,重,98.1,0.2,6-5-4,38.7,425.0,1.0,サスペンスクィーン,11.4
2022103257,メイショウオハコ,2026/05/07,名古屋,晴,4,C10組,9,3,3,12.5,5.0,6,望月洵輝,55.0,ダ,1500.0,稍,98.4,1.2,6-6-4,40.1,424.0,4.0,ブルスケッタ,
2022103257,メイショウオハコ,2026/04/23,名古屋,雨,2,C10組,12,7,9,21.4,6.0,3,望月洵輝,55.0,ダ,1500.0,重,96.4,0.7,9-7-2,38.8,420.0,3.0,カワテンティアラ,11.4
2022103257,メイショウオハコ,2026/04/10,名古屋,雨,1,C12組,11,6,7,65.9,10.0,8,塚本征吾,55.0,ダ,1500.0,不,99.3,2.2,3-2-4,42.9,417.0,5.0,エクメノポリス,
2022103257,メイショウオハコ,2026/03/26,名古屋,曇,2,C11組,11,7,9,18.4,5.0,9,塚本征吾,55.0,ダ,1500.0,不,99.2,1.7,4-4-5,40.5,412.0,-2.0,アットザホップ,
2022103257,メイショウオハコ,2026/03/10,名古屋,晴,6,C19組,10,8,10,2.8,1.0,1,塚本征吾,55.0,ダ,1500.0,良,99.6,-0.1,6-5-2,41.0,414.0,1.0,(スペースリーガ),55.0
2022103257,メイショウオハコ,2026/02/25,名古屋,雨,5,C22組,11,8,11,7.0,3.0,4,望月洵輝,55.0,ダ,1500.0,不,98.5,0.6,4-3-2,40.8,413.0,-3.0,キタノタラーシュ,8.3
2022103257,メイショウオハコ,2026/02/10,名古屋,曇,4,C23組,12,1,1,31.8,5.0,4,望月洵輝,55.0,ダ,1500.0,良,99.7,0.5,5-8-6,39.1,416.0,-2.0,エルオンセ,8.3
2022103257,メイショウオハコ,2026/01/27,名古屋,晴,6,C23組,12,2,2,7.5,3.0,6,塚本征吾,55.0,ダ,1400.0,良,93.4,1.3,7-8-5,39.8,418.0,6.0,グロリアスグレイス,
2022103257,メイショウオハコ,2026/01/14,名古屋,曇,3,C23組,11,2,2,9.2,3.0,7,塚本征吾,55.0,ダ,1500.0,良,99.7,1.4,3-3-4,41.4,412.0,0.0,ジュンベルベット,
2022103257,メイショウオハコ,2026/01/02,名古屋,晴,3,初夢賞(C),11,6,6,18.9,4.0,2,塚本征吾,55.0,ダ,1400.0,良,91.5,0.2,6-6-4,39.6,412.0,-2.0,プレイアブルゲーム,19.3
2022103257,メイショウオハコ,2025/12/18,名古屋,晴,7,BAOOへGO!賞(C),12,7,10,10.2,5.0,7,加藤聡一,55.0,ダ,1500.0,稍,99.8,1.6,3-3-4,41.3,414.0,1.0,ターミネーター,
2022103257,メイショウオハコ,2025/12/04,名古屋,晴,8,C21組,12,3,3,6.8,4.0,6,塚本征吾,55.0,ダ,1500.0,稍,99.6,1.3,1-1-2,41.4,413.0,1.0,ムンディ,
2022103257,メイショウオハコ,2025/11/20,名古屋,晴,8,C18組,12,1,1,71.0,9.0,9,塚本征吾,55.0,ダ,1400.0,良,93.0,1.3,11-10-9,39.5,412.0,-4.0,サトノパトス,
2022103257,メイショウオハコ,2025/11/10,名古屋,晴,6,C25組,11,6,7,47.5,8.0,8,塚本征吾,55.0,ダ,1500.0,稍,99.8,2.7,7-6-7,41.2,416.0,0.0,ハンクスター,
2022103257,メイショウオハコ,2025/10/29,名古屋,晴,2,C21組,12,8,12,15.0,5.0,4,望月洵輝,55.0,ダ,1500.0,良,99.5,0.5,6-5-5,40.3,416.0,-9.0,ユイットムーラン,8.3
2022103257,メイショウオハコ,2025/10/14,名古屋,小雨,10,JBC2025船橋・,12,6,8,7.3,3.0,4,加藤聡一,55.0,ダ,1500.0,良,99.7,1.1,9-9-5,40.1,425.0,-6.0,アンファング,8.3
2022103257,メイショウオハコ,2025/10/02,名古屋,晴,3,りょう・かなこ結婚記(3歳),11,3,3,37.4,8.0,5,大畑慧悟,55.0,ダ,1500.0,良,99.0,1.2,10-10-8,40.0,431.0,-3.0,ロコモーション,5.5
2022103257,メイショウオハコ,2025/09/16,名古屋,晴,4,3歳12組,12,7,9,11.2,3.0,9,塚本征吾,55.0,ダ,1500.0,良,101.7,4.2,3-2-8,43.8,434.0,12.0,チャットケリー,
2022103257,メイショウオハコ,2025/08/18,名古屋,晴,3,美術科新海先生、今年(3歳),12,7,9,2.9,2.0,6,望月洵輝,55.0,ダ,1500.0,良,99.8,3.3,5-4-4,41.4,422.0,-3.0,バトンロード,
2022103257,メイショウオハコ,2025/07/25,名古屋,晴,6,なおみく明日はハレの(3歳),11,5,5,8.6,5.0,2,望月洵輝,55.0,ダ,1500.0,良,96.8,0.4,5-5-2,39.6,425.0,21.0,ロジアンドモルタル,19.3
2022103257,メイショウオハコ,2025/06/14,3阪神3,曇,1,3歳未勝利,16,2,3,248.0,13.0,12,永島まな,53.0,ダ,1800.0,稍,120.6,4.8,10-11-9-10,43.3,404.0,-2.0,フクキタテーラー,
2022103257,メイショウオハコ,2025/04/12,2阪神5,晴,1,3歳未勝利,16,3,6,356.1,15.0,9,柴田裕一,52.0,ダ,1800.0,良,117.7,1.8,16-16-16-16,39.3,406.0,-12.0,メイショウウメゴチ,
2022103257,メイショウオハコ,2025/02/09,1京都4,晴,2,3歳未勝利,14,4,6,44.4,11.0,11,鮫島克駿,55.0,ダ,1800.0,稍,119.0,2.4,14-14-11-11,40.7,418.0,-14.0,メリッササンライズ,
2022103257,メイショウオハコ,2025/01/25,1中山8,曇,4,3歳新馬,16,6,12,19.5,8.0,8,江田照男,55.0,ダ,1800.0,良,120.7,2.0,14-14-13-13,40.3,432.0,0.0,パーソナルアフェア,
2022102398,マルクドクール,2026/07/15,名古屋,晴,7,C4組,12,8,11,7.3,3.0,4,細川智史,55.0,ダ,1500.0,良,98.1,0.5,1-1-2,39.5,453.0,-4.0,ルークピオーネ,8.6
2022102398,マルクドクール,2026/07/02,名古屋,曇,5,C5組,11,8,11,3.0,1.0,3,細川智史,55.0,ダ,1500.0,不,97.5,0.5,2-3-1,40.3,457.0,3.0,ダックリン,11.4
2022102398,マルクドクール,2026/06/18,名古屋,晴,7,初蛍賞(C),11,6,6,23.0,7.0,2,細川智史,55.0,ダ,1700.0,良,112.0,1.8,1-1-3,41.5,454.0,-13.0,ラミントン,20.0
2022102398,マルクドクール,2026/05/21,名古屋,雨,5,C10組,10,6,6,3.2,2.0,10,細川智史,55.0,ダ,1500.0,重,100.8,2.9,2-1-3,42.5,467.0,8.0,オイチノカタ,
2022102398,マルクドクール,2026/04/22,名古屋,曇,1,C16組,12,4,4,52.5,8.0,1,細川智史,55.0,ダ,1500.0,良,97.2,-0.5,1-1-1,39.4,459.0,6.0,(エストソール),57.0
2022102398,マルクドクール,2026/04/08,名古屋,晴,7,C20組,11,4,4,33.3,6.0,8,丸山真一,55.0,ダ,1500.0,稍,100.5,2.6,5-4-6,41.5,453.0,-5.0,カワテンティアラ,
2022102398,マルクドクール,2026/03/25,名古屋,小雨,2,C15組,11,8,11,19.4,8.0,6,丸山真一,55.0,ダ,1400.0,稍,92.7,0.7,6-6-4,41.7,458.0,0.0,エファセデリエール,
2022102398,マルクドクール,2026/03/11,名古屋,晴,2,C15組,11,5,5,85.5,8.0,9,丸山真一,55.0,ダ,1500.0,良,98.7,1.7,5-5-6,40.8,458.0,-3.0,アイスヴィレッジ,
2022102398,マルクドクール,2026/02/26,名古屋,晴,3,C17組,11,2,2,230.9,10.0,4,丸山真一,55.0,ダ,1400.0,重,91.6,0.8,5-5-1,40.6,461.0,-6.0,パルジファル,8.3
2022102398,マルクドクール,2026/02/11,名古屋,曇,1,茂樹・愛弓結婚記念日(C),12,7,9,176.4,10.0,10,丸山真一,55.0,ダ,1500.0,重,99.0,2.9,10-11-10,41.2,467.0,7.0,アイファージェット,
2022102398,マルクドクール,2026/01/15,名古屋,晴,4,C16組,11,1,1,209.1,10.0,8,友森翔太,55.0,ダ,1400.0,良,93.1,1.7,7-9-9,40.5,460.0,1.0,ライデンシャフト,
2022102398,マルクドクール,2026/01/04,名古屋,晴,4,飾り松賞(C),12,6,7,28.6,8.0,8,加藤聡一,55.0,ダ,1500.0,良,99.1,1.7,12-12-9,39.8,459.0,-9.0,グラスチアー,
2022102398,マルクドクール,2025/12/23,名古屋,晴,4,C10組,11,7,8,52.9,6.0,10,友森翔太,55.0,ダ,1500.0,稍,99.9,2.7,3-2-6,41.3,468.0,12.0,ゴールドパン,
2022102398,マルクドクール,2025/11/25,名古屋,曇,6,LJS名古屋ラウンド(C),8,5,5,4.8,4.0,8,宮下瞳,53.0,ダ,1400.0,稍,93.2,1.2,2-2-4,40.2,456.0,-1.0,ベアショット,
2022102398,マルクドクール,2025/11/12,名古屋,曇,5,C11組,11,7,8,28.4,6.0,5,加藤聡一,55.0,ダ,1400.0,稍,91.9,2.2,4-4-5,40.3,457.0,11.0,パッションディーバ,5.5
2022102398,マルクドクール,2025/07/29,船橋,晴,4,3歳三,9,5,5,112.0,9.0,9,保園翔也,54.0,ダ,1200.0,良,76.9,2.2,2-2-2,40.4,446.0,1.0,ザーシッダレイ,
2022102398,マルクドクール,2025/06/30,船橋,晴,5,3歳三,9,2,2,33.7,7.0,7,山中悠希,54.0,ダ,1200.0,良,77.8,2.0,9-9-9,39.4,445.0,-6.0,マサノタイヨウ,
2022102398,マルクドクール,2025/06/02,船橋,曇,4,3歳三,11,5,5,10.8,3.0,11,山中悠希,54.0,ダ,1200.0,稍,80.4,4.1,3-4-9,44.0,451.0,14.0,ベルスバラード,
2022102398,マルクドクール,2025/01/01,川崎,晴,3,初詣賞(3歳),14,3,3,78.0,8.0,14,山中悠希,54.0,ダ,1500.0,良,102.2,3.6,1-1-4-8,44.4,437.0,6.0,ミステリオ,
2022102398,マルクドクール,2024/12/09,川崎,晴,4,スパイダー賞(2歳),11,6,7,8.8,3.0,9,澤田龍哉,54.0,ダ,1500.0,良,102.3,2.6,4-3-3-6,44.4,431.0,-2.0,アーサ,
2022102398,マルクドクール,2024/11/19,浦和,晴,3,2歳二,10,4,4,9.6,5.0,10,澤田龍哉,54.0,ダ,1400.0,良,94.8,4.1,8-9-10-10,42.9,433.0,-10.0,イナダヒメ,
2022102398,マルクドクール,2024/10/28,船橋,曇,1,2歳二,7,7,7,1.5,1.0,2,山中悠希,54.0,ダ,1200.0,重,77.9,0.7,3-3-3,40.2,443.0,0.0,ブレッザドリーム,104.0
2022102398,マルクドクール,2024/08/27,船橋,晴,2,2歳四,8,6,6,2.6,2.0,2,山中悠希,54.0,ダ,1200.0,良,76.9,0.5,6-4-4,39.6,443.0,4.0,マーシャルブルース,104.0
2022102398,マルクドクール,2024/07/22,船橋,晴,4,リアトリスデビュー(2歳),5,4,4,4.0,3.0,3,山中悠希,54.0,ダ,1000.0,良,62.9,1.4,2-2,39.1,439.0,0.0,ヒーサマウィン,102.5
2022106978,パルジファル,2026/07/17,名古屋,晴,10,南知多特別(C),12,5,6,16.5,8.0,8,尾崎章生,57.0,ダ,1500.0,良,100.1,2.3,6-6-8,41.9,460.0,3.0,ハクサンフラッシュ,
2022106978,パルジファル,2026/04/10,名古屋,小雨,5,C8組,11,2,2,11.6,6.0,1,木之前葵,55.0,ダ,1500.0,不,96.5,0.0,2-2-1,39.8,457.0,0.0,(アイタロオ),57.0
2022106978,パルジファル,2026/03/26,名古屋,晴,5,C8組,12,3,3,19.5,6.0,3,木之前葵,55.0,ダ,1400.0,重,92.2,0.5,2-1-3,40.6,457.0,4.0,フレッシュノワール,11.0
2022106978,パルジファル,2026/03/12,名古屋,晴,3,れなちゃん生誕記念(C),11,7,9,10.5,3.0,7,大畑雅章,57.0,ダ,1500.0,良,98.6,1.2,6-7-9,39.2,453.0,-2.0,オイナリサン,
2022106978,パルジファル,2026/02/26,名古屋,晴,3,C17組,11,8,11,5.2,3.0,1,大畑慧悟,57.0,ダ,1400.0,重,90.8,-0.2,8-8-6,39.1,455.0,-3.0,(メイショウトサンコ),55.0
2022106978,パルジファル,2026/02/11,名古屋,曇,1,茂樹・愛弓結婚記念日(C),12,6,8,15.9,6.0,6,大畑雅章,57.0,ダ,1500.0,重,98.2,2.1,3-3-5,41.1,458.0,1.0,アイファージェット,
2022106978,パルジファル,2026/01/28,名古屋,晴,2,C19組,12,4,4,84.2,8.0,2,大畑雅章,57.0,ダ,1400.0,良,91.2,0.4,1-1-2,39.4,457.0,-3.0,ディヒターリーベ,19.3
2022106978,パルジファル,2026/01/15,名古屋,晴,1,C19組,11,6,7,42.0,8.0,6,塚本征吾,57.0,ダ,1500.0,良,99.0,1.2,4-4-8,40.1,460.0,2.0,ゴンクール,
2022106978,パルジファル,2026/01/02,名古屋,曇,9,初春賞(C),12,4,4,135.3,9.0,5,大畑雅章,57.0,ダ,1500.0,良,98.6,1.1,10-10-9,40.0,458.0,-12.0,ウインアレース,5.5
2022106978,パルジファル,2025/12/11,笠松,曇,5,こうたもう夜遊びでき(C),10,8,10,14.1,4.0,6,藤原幹生,57.0,ダ,1400.0,良,92.5,1.3,6-6-7,40.1,470.0,-4.0,ネバーランドリーム,
2022106978,パルジファル,2025/11/27,笠松,晴,4,鷹まる時代に乾杯活動(C),8,5,5,2.6,2.0,3,藤原幹生,57.0,ダ,1400.0,良,92.0,0.3,3-3-3,40.1,474.0,1.0,ビートウマザンマイ,10.0
2022106978,パルジファル,2025/11/05,笠松,曇,4,C19組,12,6,7,16.8,5.0,6,藤原幹生,57.0,ダ,1400.0,良,92.5,2.0,2-2-4,40.5,473.0,2.0,シックスパック,
2022106978,パルジファル,2025/10/21,笠松,曇,6,第4回相羽あいな生誕(C),9,7,7,1.9,1.0,5,藤原幹生,57.0,ダ,1400.0,良,94.0,3.0,6-6-7,41.3,471.0,11.0,トモエジョウ,4.0
2022106978,パルジファル,2025/09/10,笠松,曇,8,細久手宿特別(3歳),9,5,5,52.7,7.0,3,渡辺竜也,57.0,ダ,1400.0,良,89.5,1.2,3-4-3,38.5,460.0,8.0,ワイドデコラシオン,17.5
2022106978,パルジファル,2025/07/26,3中京1,晴,11,3歳未勝利,14,4,6,66.9,11.0,12,小沢大仁,57.0,芝,2000.0,良,123.7,2.3,3-4-4-3,37.3,452.0,-8.0,オーバースタンド,
2022106978,パルジファル,2025/05/11,2京都6,晴,2,3歳未勝利,16,8,16,144.7,11.0,12,シュタル,57.0,ダ,1800.0,稍,116.9,4.5,11-13-15-13,40.7,460.0,-4.0,ゼロスネーク,
2022106978,パルジファル,2025/04/27,2京都2,晴,2,3歳未勝利,15,5,10,58.3,7.0,11,岩田望来,57.0,ダ,1800.0,良,117.3,3.3,10-9-11-12,40.2,464.0,0.0,シュネーグロッケン,
2022106022,フォギーレーン,2026/07/17,名古屋,晴,6,C2組,12,7,9,77.4,9.0,3.0,大畑慧悟,55.0,ダ,1400.0,良,91.1,1.1,6-7-5,39.0,393.0,-7.0,イザベルソレイユ,11.4
2022106022,フォギーレーン,2026/07/03,名古屋,晴,12,金シャチ最終戦777(C),12,3,3,14.5,9.0,5.0,近藤颯羽,52.0,ダ,1500.0,稍,97.5,1.4,8-7-7,39.3,400.0,0.0,サーフギャラクシー,5.7
2022106022,フォギーレーン,2026/06/22,名古屋,曇,11,平原灯姫特別(C),12,1,1,90.6,11.0,5.0,大畑慧悟,55.0,ダ,1400.0,稍,91.5,1.4,8-9-6,38.9,400.0,3.0,オッシレイション,8.5
2022106022,フォギーレーン,2026/06/05,名古屋,曇,5,C3組,12,5,5,26.8,4.0,3.0,大畑慧悟,55.0,ダ,1500.0,稍,97.9,0.7,12-12-10,38.5,397.0,-5.0,セロリ,11.4
2022106022,フォギーレーン,2026/05/25,名古屋,晴,2,C4組,10,4,4,35.4,7.0,5.0,近藤颯羽,52.0,ダ,1400.0,良,91.3,1.1,7-8-8,39.5,402.0,1.0,アヤチャンス,5.7
2022106022,フォギーレーン,2026/05/06,名古屋,曇,2,C14組,10,3,3,81.9,8.0,1.0,近藤颯羽,52.0,ダ,1500.0,稍,98.7,-0.4,5-5-3,40.5,401.0,15.0,(マチウマフローラ),57.0
2022106022,フォギーレーン,2026/04/09,名古屋,曇,6,ゆうき・なつみ結婚記(C),11,2,2,81.6,10.0,7.0,小笠原羚,51.0,ダ,1500.0,稍,98.7,1.1,6-6-5,40.1,386.0,9.0,ウインティターニア,
2022106022,フォギーレーン,2026/03/27,名古屋,晴,2,C6組,12,2,2,239.7,12.0,11.0,大畑慧悟,55.0,ダ,1500.0,重,100.7,3.0,12-12-12,40.9,377.0,-2.0,ハッピードリーム,
2022106022,フォギーレーン,2026/03/02,川崎,曇,4,C2一二,10,4,4,314.3,10.0,10.0,神尾香澄,51.0,ダ,1400.0,稍,94.9,3.0,6-6-6-7,41.5,379.0,-5.0,アムリタ,
2022106022,フォギーレーン,2026/02/03,川崎,晴,3,C2二三,13,6,8,287.6,10.0,12.0,木間塚龍,54.0,ダ,1400.0,良,95.3,3.7,12-12-10-11,41.9,384.0,-5.0,ミヤビクライ,
2022106022,フォギーレーン,2026/01/04,川崎,晴,8,熊手賞(C2),14,8,13,131.0,12.0,12.0,木間塚龍,54.0,ダ,1400.0,稍,95.6,3.2,12-12-9-11,43.2,389.0,-18.0,オルペラー,
2022106022,フォギーレーン,2025/12/08,船橋,晴,4,C2二三,12,7,10,77.3,9.0,8.0,庄司大輔,54.0,ダ,1200.0,良,77.6,1.6,12-12-11,39.3,407.0,0.0,マオノアロア,
2022106022,フォギーレーン,2025/11/03,船橋,晴,4,ハートビートナイター(C2),12,7,9,52.7,7.0,10.0,庄司大輔,54.0,ダ,1200.0,稍,78.4,2.9,11-12-12,40.4,407.0,2.0,ヨタロー,
2022106022,フォギーレーン,2025/09/29,船橋,晴,5,成田空港南側!スカイ(3歳),12,4,4,66.8,11.0,2.0,庄司大輔,54.0,ダ,1200.0,良,75.3,0.0,6-5-4,38.9,405.0,10.0,リュウノヒルド,56.0
2022106022,フォギーレーン,2025/09/11,川崎,雨,3,梟賞(3歳),0,1,1,,,,岡村裕基,54.0,ダ,1500.0,不,,,,,399.0,4.0,,
2022106022,フォギーレーン,2025/08/22,川崎,晴,2,鶫賞(3歳),12,5,5,130.4,11.0,5.0,岡村裕基,54.0,ダ,1500.0,良,99.5,1.3,5-6-5-6,41.9,395.0,2.0,ポッドソル,14.0
2022106022,フォギーレーン,2025/08/06,川崎,晴,6,ペリドットフラワー賞(3歳C1),11,6,6,296.2,10.0,10.0,岡村裕基,54.0,ダ,1400.0,良,92.8,2.3,8-8-8-9,40.7,393.0,1.0,サントレッダー,
2022106022,フォギーレーン,2025/07/10,川崎,晴,1,燕賞(3歳),12,3,3,51.3,7.0,4.0,岡村裕基,54.0,ダ,1400.0,良,94.6,2.8,4-4-6-4,42.3,392.0,2.0,タイセイフランク,21.0
2022106022,フォギーレーン,2025/06/16,川崎,晴,6,小千鳥賞(3歳),11,7,9,51.3,9.0,8.0,岡村裕基,54.0,ダ,1500.0,重,100.7,2.9,4-4-4-4,43.6,390.0,-4.0,キャプテンブルー,
2022106022,フォギーレーン,2025/05/12,川崎,曇,4,ブリーズ賞(3歳),9,4,4,38.4,6.0,5.0,岡村裕基,54.0,ダ,1400.0,重,94.3,1.2,3-3-3-5,41.0,394.0,-10.0,エクセルボビー,20.0
2022106022,フォギーレーン,2025/04/21,浦和,晴,2,ランチタイムチャレン(3歳),13,8,12,24.4,7.0,7.0,張田昂,54.0,ダ,1400.0,良,91.9,2.8,7-8-8-7,40.9,404.0,-8.0,ヤバネ,
2022106022,フォギーレーン,2025/03/07,川崎,晴,4,3歳4,10,7,7,9.6,4.0,3.0,新原周馬,54.0,ダ,1400.0,重,94.2,0.7,3-5-4-3,41.6,412.0,3.0,アドルナティック,50.0
2022106022,フォギーレーン,2025/02/08,川崎,晴,3,シュトゥルム賞(3歳),12,6,7,7.5,5.0,6.0,新原周馬,54.0,ダ,1400.0,良,93.6,0.9,12-12-12-11,40.0,409.0,20.0,ジュウニントイロ,
2022106022,フォギーレーン,2024/10/08,川崎,雨,8,小町(2歳),14,3,3,138.4,11.0,7.0,佐野遥久,51.0,ダ,1500.0,重,101.3,1.7,1-1-1-1,42.8,389.0,-3.0,モンゲーキララ,
2022106022,フォギーレーン,2024/09/04,川崎,晴,1,2歳4,9,3,3,13.5,5.0,2.0,佐野遥久,51.0,ダ,1400.0,重,94.4,0.2,2-1-1-1,42.2,392.0,-1.0,ヴァッツマン,80.0
2022106022,フォギーレーン,2024/08/06,川崎,曇,5,ギンヤンマ賞(2歳),8,3,3,7.1,4.0,8.0,佐野遥久,51.0,ダ,1400.0,良,95.0,1.2,6-6-8-6,41.0,393.0,3.0,モジモジ,
2022106022,フォギーレーン,2024/07/23,川崎,晴,2,2歳3,9,1,1,3.5,2.0,2.0,佐野遥久,51.0,ダ,1400.0,稍,94.5,0.5,4-4-6-4,42.4,390.0,-9.0,アルメールヴェント,88.0
2022106022,フォギーレーン,2024/07/05,川崎,晴,3,スパーキングデビュー(2歳),7,4,4,92.4,7.0,4.0,伊藤裕人,54.0,ダ,900.0,良,56.4,1.8,5-4,38.4,399.0,0.0,ササキンチャーマー,63.0
2022103198,ゴッドテソロ,2026/07/17,名古屋,晴,6,C2組,12,4,4,7.2,3.0,5,塚本征吾,57.0,ダ,1400.0,良,91.5,1.5,3-2-3,39.8,459.0,0.0,イザベルソレイユ,5.7
2022103198,ゴッドテソロ,2026/07/03,名古屋,晴,6,邨松名古屋でも頑張れ(B),12,8,12,10.4,5.0,4,望月洵輝,57.0,ダ,1500.0,稍,96.8,0.6,2-2-3,40.1,459.0,3.0,ウィッティングハム,10.5
2022103198,ゴッドテソロ,2026/06/22,名古屋,曇,12,金シャチ最終戦(C),11,6,7,3.3,1.0,2,塚本征吾,57.0,ダ,1500.0,稍,97.2,0.2,1-1-1,39.7,456.0,0.0,ホウオウエニシ,20.0
2022103198,ゴッドテソロ,2026/06/05,名古屋,曇,10,新城特別(C),12,2,2,176.0,10.0,10,深澤杏花,55.0,ダ,1700.0,稍,113.4,3.0,2-2-5,42.9,456.0,3.0,グラスビジョン,
2022103198,ゴッドテソロ,2026/05/08,名古屋,曇,10,城下町賞(C),10,3,3,57.5,7.0,7,近藤颯羽,54.0,ダ,1500.0,稍,99.3,2.6,2-4-5,42.3,453.0,-2.0,スターウッドテール,
2022103198,ゴッドテソロ,2026/04/24,名古屋,曇,10,港特別(C),11,5,6,8.3,4.0,9,望月洵輝,57.0,ダ,1700.0,重,113.1,2.6,3-4-3,41.3,455.0,-2.0,ベレーザフィン,
2022103198,ゴッドテソロ,2026/03/27,名古屋,晴,5,B11組,9,1,1,15.1,4.0,9,塚本征吾,57.0,ダ,1400.0,重,92.9,2.9,6-5-5,40.6,457.0,-4.0,アドゥールグロー,
2022103198,ゴッドテソロ,2026/03/13,名古屋,曇,9,泰明町特別(C),10,6,6,4.8,3.0,5,塚本征吾,57.0,ダ,1700.0,良,112.7,1.3,4-4-3,39.9,461.0,0.0,イノセンス,8.5
2022103198,ゴッドテソロ,2026/03/02,名古屋,曇,10,春隣特別(C),11,7,8,3.1,2.0,3,塚本征吾,57.0,ダ,1700.0,良,113.0,0.5,2-2-2,38.7,461.0,-3.0,アーニャアザザマス,14.0
2022103198,ゴッドテソロ,2026/02/13,名古屋,晴,4,サプライズ逆チョコ賞(C),11,3,3,2.1,1.0,3,塚本征吾,57.0,ダ,1400.0,稍,91.3,0.3,6-6-4,38.9,464.0,6.0,モアサナイト,11.0
2022103198,ゴッドテソロ,2026/01/30,名古屋,曇,3,美人梅賞(C),11,7,8,10.3,2.0,4,塚本征吾,57.0,ダ,1400.0,良,91.1,0.5,5-3-3,38.8,458.0,-1.0,クロメヒョウ,8.3
2022103198,ゴッドテソロ,2026/01/19,名古屋,晴,2,C7組,11,6,7,1.7,1.0,2,塚本征吾,57.0,ダ,1500.0,良,97.8,0.3,6-8-4,37.8,459.0,2.0,サンダーフレア,19.3
2022103198,ゴッドテソロ,2025/12/23,名古屋,晴,4,C10組,11,1,1,4.8,2.0,2,塚本征吾,57.0,ダ,1500.0,稍,97.2,0.0,9-10-4,38.0,457.0,1.0,ゴールドパン,19.3
2022103198,ゴッドテソロ,2025/12/09,名古屋,晴,7,C9組,12,1,1,6.0,4.0,2,村上弘樹,57.0,ダ,1500.0,良,97.3,0.1,5-5-3,38.5,456.0,1.0,ジーティーラピッド,19.3
2022103198,ゴッドテソロ,2025/11/21,名古屋,晴,6,C11組,12,2,2,63.2,5.0,4,村上弘樹,57.0,ダ,1500.0,良,97.2,1.6,7-9-7,38.8,455.0,-6.0,ハンクスター,8.3
2022103198,ゴッドテソロ,2025/11/13,名古屋,曇,1,C7組,10,4,4,7.5,3.0,6,今井貴大,57.0,ダ,920.0,稍,58.0,1.8,2,38.4,461.0,5.0,ミカノヴェニュス,
2022103198,ゴッドテソロ,2025/10/16,名古屋,曇,7,C9組,12,5,5,6.2,3.0,7,塚本征吾,57.0,ダ,1500.0,不,99.5,3.8,1-1-3,43.1,456.0,-8.0,スマートシエラ,
2022103198,ゴッドテソロ,2025/09/07,2札幌6,晴,12,3歳以上1勝クラス,14,1,1,115.9,11.0,14,泉谷楓真,55.0,ダ,1700.0,稍,117.0,11.3,2-2-13-14,49.0,464.0,-2.0,ジュンラトゥール,
2022103198,ゴッドテソロ,2025/08/10,1札幌6,晴,2,3歳未勝利,12,7,10,19.4,8.0,8,菱田裕二,57.0,ダ,1000.0,稍,60.3,0.5,2-2,36.4,466.0,-2.0,メイショウハボマイ,
2022103198,ゴッドテソロ,2025/06/22,1函館4,曇,3,3歳未勝利,12,5,6,29.0,6.0,8,古川吉洋,57.0,ダ,1000.0,重,59.8,1.3,9-9,36.2,468.0,-4.0,アスゴッド,
2022103198,ゴッドテソロ,2025/06/14,1函館1,晴,3,3歳未勝利,12,5,5,7.8,5.0,5,古川吉洋,57.0,ダ,1000.0,良,60.2,0.5,8-6,36.4,472.0,14.0,イチトゼロノアイダ,56.0
2022103198,ゴッドテソロ,2025/02/15,1京都5,晴,1,3歳未勝利,16,3,6,13.9,6.0,15,松山弘平,57.0,ダ,1200.0,良,75.3,2.5,2-2,39.3,458.0,0.0,ハヤテノツバサ,
2022103198,ゴッドテソロ,2025/01/25,1小倉1,晴,3,3歳未勝利,12,7,10,7.2,4.0,5,国分恭介,57.0,ダ,1000.0,良,59.7,1.0,6-6,36.2,458.0,-4.0,クーデール,56.0
2022103198,ゴッドテソロ,2025/01/13,1中京5,晴,4,3歳新馬,15,5,9,100.4,14.0,3,国分恭介,57.0,ダ,1200.0,良,73.9,0.3,4-4,37.3,462.0,0.0,ヨリノレジェンド,160.0
2020100456,メディアプンタ,2026/07/17,名古屋,晴,5,C3組,12,8,11,38.4,8.0,5,丸野勝虎,57.0,ダ,1500.0,良,98.0,1.1,3-4-5,40.7,466.0,-1.0,ジェニー,5.7
2020100456,メディアプンタ,2026/07/03,名古屋,晴,9,田原特別(C),12,7,10,10.5,4.0,5,丸野勝虎,57.0,ダ,1700.0,稍,112.5,0.8,4-4-6,39.8,467.0,5.0,トップパワー,7.5
2020100456,メディアプンタ,2026/06/18,名古屋,晴,12,金シャチ最終戦(C),12,7,9,5.3,3.0,1,丸野勝虎,57.0,ダ,1500.0,良,97.3,-0.1,5-3-4,39.0,462.0,-5.0,(デルマガニメデ),57.0
2020100456,メディアプンタ,2026/06/04,名古屋,晴,2,C7組,11,7,9,4.8,3.0,5,丸野勝虎,57.0,ダ,1500.0,重,98.0,0.6,9-8-8,39.4,467.0,6.0,ジオパークコハク,5.7
2020100456,メディアプンタ,2026/05/21,名古屋,雨,4,C11組,10,8,10,6.2,4.0,7,丸山真一,57.0,ダ,1500.0,重,99.7,1.0,8-9-9,40.6,461.0,-5.0,クィーンミツコ,
2020100456,メディアプンタ,2026/05/06,名古屋,曇,3,せいなちゃんハーフ成(C),11,7,9,4.8,2.0,7,丸山真一,57.0,ダ,1500.0,稍,99.5,0.9,8-8-8,40.1,466.0,4.0,バウアピアーズ,
2020100456,メディアプンタ,2026/04/22,名古屋,曇,8,C12組,12,3,3,12.7,7.0,3,丸山真一,57.0,ダ,1500.0,良,97.6,0.4,10-10-6,39.4,462.0,-5.0,ルナフェイズ,11.4
2020100456,メディアプンタ,2026/04/09,名古屋,曇,6,ゆうき・なつみ結婚記(C),11,4,4,15.2,6.0,6,丸山真一,57.0,ダ,1500.0,稍,98.7,1.1,11-11-11,39.4,467.0,3.0,ウインティターニア,
2020100456,メディアプンタ,2026/03/26,名古屋,曇,4,C9組,12,8,11,63.9,8.0,5,丸山真一,57.0,ダ,1400.0,重,92.1,1.0,7-7-5,40.1,464.0,-1.0,ハルノウミ,5.5
2020100456,メディアプンタ,2026/03/12,名古屋,晴,2,筏川橋賞(C),11,4,4,142.9,10.0,6,丸山真一,57.0,ダ,1500.0,良,98.0,1.8,10-11-10,38.8,465.0,-5.0,バイバイダーリン,
2020100456,メディアプンタ,2026/02/27,名古屋,曇,5,C8組,11,5,5,110.3,7.0,6,丸山真一,57.0,ダ,1500.0,重,99.2,1.9,7-7-9,39.8,470.0,-1.0,ベイストラトラ,
2020100456,メディアプンタ,2026/02/12,名古屋,晴,4,"1,700m戦ティラ(C)",12,8,12,33.9,7.0,9,大畑慧悟,57.0,ダ,1700.0,重,116.4,3.0,4-6-9,43.1,471.0,-7.0,カリビアンブルー,
2020100456,メディアプンタ,2026/01/19,名古屋,晴,2,C7組,11,2,2,42.7,8.0,7,大畑慧悟,57.0,ダ,1500.0,良,99.4,1.9,8-10-9,39.1,478.0,2.0,サンダーフレア,
2020100456,メディアプンタ,2026/01/05,名古屋,晴,6,松に鶴賞(C),12,6,7,67.7,7.0,5,大畑慧悟,57.0,ダ,1500.0,良,97.2,2.3,8-8-7,39.9,476.0,-3.0,ヴァーナリー,5.5
2020100456,メディアプンタ,2025/12/24,名古屋,小雨,6,C2組,11,1,1,21.4,5.0,10,大畑慧悟,57.0,ダ,1500.0,不,98.8,2.3,8-8-10,40.7,479.0,18.0,スキルハンター,
2020100456,メディアプンタ,2025/09/05,名古屋,晴,9,B8組,12,6,7,26.0,10.0,4,阪野学,57.0,ダ,1500.0,重,99.5,0.9,10-10-9,40.7,461.0,-3.0,マサハヤヴァンス,9.8
2020100456,メディアプンタ,2025/08/22,名古屋,晴,12,アジア・アジアパラ応(B),11,1,1,14.1,4.0,7,大畑慧悟,57.0,ダ,1500.0,良,98.6,1.5,7-7-7,39.8,464.0,-3.0,イストロス,
2020100456,メディアプンタ,2025/07/25,名古屋,晴,12,アジア・アジアパラ応(B),12,4,4,19.3,7.0,3,大畑慧悟,57.0,ダ,1500.0,良,96.0,0.9,4-5-3,39.2,467.0,6.0,ココナツキュート,13.0
2020100456,メディアプンタ,2025/07/11,名古屋,晴,9,B12組,12,8,12,10.1,2.0,7,大畑慧悟,57.0,ダ,1500.0,良,97.7,1.5,9-9-9,39.4,461.0,4.0,グローブフェイム,
2020100456,メディアプンタ,2025/06/27,名古屋,晴,8,B10組,11,3,3,6.9,3.0,4,大畑慧悟,57.0,ダ,1700.0,稍,112.6,0.5,9-10-5,39.8,457.0,-3.0,シャイニングローズ,9.8
2020100456,メディアプンタ,2025/06/18,名古屋,晴,9,四谷の千枚田特別(C),12,7,10,28.9,8.0,2,大畑慧悟,57.0,ダ,1400.0,良,90.5,0.3,9-8-5,39.1,460.0,1.0,アーコレード,29.8
2020100456,メディアプンタ,2025/05/21,名古屋,曇,7,C11組,12,5,6,6.1,3.0,1,大畑慧悟,57.0,ダ,1500.0,良,98.9,-0.3,4-5-4,39.7,459.0,1.0,(シンゼンワカミヤ),55.0
2020100456,メディアプンタ,2025/05/07,名古屋,晴,6,C12組,10,6,6,6.2,2.0,6,大畑慧悟,57.0,ダ,1500.0,重,99.8,0.9,7-7-9,40.0,458.0,-6.0,パワーマックィーン,
2020100456,メディアプンタ,2025/04/23,名古屋,曇,6,C14組,11,4,4,3.7,2.0,3,大畑慧悟,57.0,ダ,1500.0,不,98.3,0.2,8-8-8,40.2,464.0,0.0,メビウス,11.0
2020100456,メディアプンタ,2025/04/10,名古屋,曇,1,C12組,11,5,6,30.0,4.0,3,大畑慧悟,57.0,ダ,1400.0,良,91.9,0.3,7-7-4,39.0,464.0,1.0,ディアマンドロップ,11.0
2020100456,メディアプンタ,2025/03/28,名古屋,曇,6,C7組,10,4,4,4.1,2.0,6,大畑慧悟,56.0,ダ,1400.0,不,92.7,0.8,7-6-6,40.0,463.0,-2.0,サブリエ,
2020100456,メディアプンタ,2025/03/14,名古屋,晴,5,C8組,12,3,3,45.6,7.0,3,大畑慧悟,56.0,ダ,1500.0,稍,98.4,0.3,8-9-4,39.8,465.0,-2.0,ボスコヴェローチェ,10.0
2020100456,メディアプンタ,2025/02/27,名古屋,晴,4,C9組,10,7,9,39.9,8.0,6,丸野勝虎,56.0,ダ,1400.0,良,92.2,1.4,7-9-7,38.9,467.0,-3.0,リタリエイション,
2020100456,メディアプンタ,2025/02/13,名古屋,晴,3,C10組,11,8,11,77.3,10.0,8,大畑雅章,56.0,ダ,1500.0,稍,99.1,2.0,9-9-10,40.2,470.0,-2.0,シャイニングローズ,
2020100456,メディアプンタ,2025/01/06,名古屋,雨,7,C8組,11,7,9,178.8,11.0,7,大畑慧悟,56.0,ダ,1400.0,重,92.0,1.5,10-10-10,39.0,472.0,5.0,シナモンデイジー,
2020100456,メディアプンタ,2024/12/24,名古屋,晴,6,C4組,9,4,4,43.7,7.0,5,大畑慧悟,56.0,ダ,1400.0,良,91.6,1.1,8-8-7,38.4,467.0,3.0,カルデア,5.0
2020100456,メディアプンタ,2024/12/06,名古屋,晴,4,C4組,12,8,11,79.7,9.0,6,丸野勝虎,56.0,ダ,1500.0,良,98.5,0.5,3-3-5,39.9,464.0,3.0,キタカラキタパンチ,
2020100456,メディアプンタ,2024/11/14,名古屋,曇,7,C3組,12,4,4,50.3,7.0,7,大畑慧悟,56.0,ダ,1500.0,良,98.2,1.9,9-9-9,39.0,461.0,-1.0,ガーデンプランナー,
2020100456,メディアプンタ,2024/11/01,名古屋,小雨,4,C5組,11,4,4,67.2,6.0,5,大畑慧悟,56.0,ダ,1500.0,稍,98.4,2.4,4-5-5,40.1,462.0,2.0,セングンバンバ,5.0
2020100456,メディアプンタ,2024/10/21,名古屋,晴,8,岩屋堂特別(C),12,4,4,103.7,8.0,9,丸野勝虎,56.0,ダ,1400.0,良,92.2,3.2,10-11-11,39.6,460.0,8.0,ミヤジテン,
2020100456,メディアプンタ,2024/09/18,名古屋,晴,6,C8組,12,3,3,3.0,1.0,1,大畑慧悟,56.0,ダ,1500.0,良,98.7,0.0,9-9-7,40.1,452.0,-2.0,(アイファーグラッド),50.0
2020100456,メディアプンタ,2024/08/21,名古屋,晴,2,C10組,12,6,8,3.7,2.0,2,大畑慧悟,56.0,ダ,1500.0,重,97.7,1.3,6-6-4,39.7,454.0,2.0,マライアガーネット,17.5
2020100456,メディアプンタ,2024/08/07,名古屋,晴,1,名古屋モーニングフィ(C),12,7,9,15.6,4.0,5,大畑慧悟,56.0,ダ,920.0,良,57.8,2.5,5,37.3,452.0,-2.0,ミカノヴェニュス,5.0
2020100456,メディアプンタ,2024/07/23,名古屋,晴,4,C14組,12,5,6,6.8,4.0,2,丸野勝虎,56.0,ダ,1500.0,良,97.5,0.6,8-6-6,39.8,454.0,-2.0,ローマンシアター,17.5
2020100456,メディアプンタ,2024/07/10,名古屋,小雨,5,C14組,12,4,4,3.2,2.0,10,大畑慧悟,55.0,ダ,1500.0,良,100.1,2.4,5-7-7,41.6,456.0,6.0,マイトシップ,
2020100456,メディアプンタ,2024/02/01,名古屋,晴,3,でん同士協賛儒烏風亭(C),9,8,9,1.8,1.0,3,丸野勝虎,56.0,ダ,1500.0,稍,98.3,0.4,6-5-6,40.0,450.0,-2.0,カラードレス,9.0
2020100456,メディアプンタ,2024/01/05,名古屋,晴,3,C14組,10,2,2,2.6,2.0,2,大畑慧悟,54.0,ダ,1500.0,良,98.0,0.2,7-6-4,38.4,452.0,2.0,バトルレジェンダ,15.8
2020100456,メディアプンタ,2023/12/13,名古屋,晴,6,C18組,12,6,7,6.7,4.0,1,大畑慧悟,54.0,ダ,1500.0,重,97.8,-0.3,4-3-1,40.7,450.0,-3.0,(シュタイナー),45.0
2020100456,メディアプンタ,2023/11/15,名古屋,晴,4,C21組,12,6,8,8.8,3.0,3,大畑慧悟,54.0,ダ,1500.0,稍,98.2,0.9,4-3-4,38.9,453.0,1.0,ゲイナー,9.0
2020100456,メディアプンタ,2023/11/01,名古屋,晴,2,C22組,12,5,6,4.6,2.0,3,大畑慧悟,54.0,ダ,1500.0,良,97.8,0.4,9-7-5,40.2,452.0,7.0,レオニーノ,9.0
2020100456,メディアプンタ,2023/10/16,名古屋,晴,8,C24組,12,7,9,25.9,7.0,2,大畑慧悟,54.0,ダ,1500.0,稍,98.1,2.3,7-6-3,40.9,445.0,2.0,ナンヨーノサラ,15.8
2020100456,メディアプンタ,2023/09/22,名古屋,晴,6,3歳4組,9,6,6,45.4,7.0,5,大畑慧悟,53.0,ダ,1500.0,重,98.7,1.2,9-9-9,40.1,443.0,0.0,プロミシングギャル,4.6
2020100456,メディアプンタ,2023/08/23,名古屋,曇,8,3歳2組,9,7,7,95.6,9.0,9,丸野勝虎,56.0,ダ,1500.0,良,98.4,2.0,8-9-9,40.1,443.0,-9.0,ブロードアクト,
2020100456,メディアプンタ,2023/08/09,名古屋,曇,7,祝!友森翔太郎500(3歳),10,7,8,19.4,6.0,9,丸野勝虎,56.0,ダ,1500.0,良,99.8,2.6,8-9-9,40.9,452.0,7.0,エムズシップ,
2020100456,メディアプンタ,2023/07/27,名古屋,晴,6,3歳3組,12,7,10,42.0,9.0,6,大畑慧悟,53.0,ダ,1500.0,良,97.8,1.3,6-7-7,39.5,445.0,-1.0,ライトボヌール,
2020100456,メディアプンタ,2023/07/12,名古屋,晴,9,3歳2組,11,6,7,269.2,11.0,8,加藤誓二,56.0,ダ,1500.0,不,97.0,1.2,9-9-9,39.3,446.0,3.0,トーホウランボ,
2020100456,メディアプンタ,2023/06/14,名古屋,曇,8,3歳3組,12,7,9,99.3,10.0,5,丸野勝虎,56.0,ダ,1500.0,重,98.6,2.3,5-4-5,40.4,443.0,1.0,ヴィアスパークル,5.0
2020100456,メディアプンタ,2023/05/31,名古屋,晴,8,3歳2組,11,8,11,87.6,9.0,10,大畑慧悟,53.0,ダ,1500.0,稍,98.9,2.7,11-11-10,39.9,442.0,-5.0,ダンシングラブリー,
2020100456,メディアプンタ,2023/05/17,名古屋,晴,7,高野義也生誕28周年(3歳),12,3,3,221.4,11.0,7,大畑慧悟,53.0,ダ,1500.0,良,97.6,2.0,12-12-8,39.9,447.0,-1.0,ダンネワード,
2020100456,メディアプンタ,2022/11/09,名古屋,晴,8,2歳特別,11,2,2,75.1,9.0,8,塚本征吾,55.0,ダ,1500.0,良,99.1,1.8,9-10-7,41.2,448.0,0.0,ミトノシャルマン,
2020100456,メディアプンタ,2022/10/26,名古屋,晴,11,弥富記念(OP),12,8,12,51.8,8.0,7,塚本征吾,55.0,ダ,1500.0,良,98.4,2.8,9-8-9,40.7,448.0,2.0,セブンカラーズ,
2020100456,メディアプンタ,2022/10/12,名古屋,晴,11,セレクトゴールド第4(2歳),11,4,4,5.7,3.0,3,丸野勝虎,55.0,ダ,1500.0,稍,99.3,0.4,4-4-4,41.7,446.0,-1.0,ダイユウファルクス,50.0
2020100456,メディアプンタ,2022/09/28,名古屋,曇,11,セレクトゴールド第3(2歳),12,6,7,117.1,11.0,5,塚本征吾,54.0,ダ,1500.0,良,99.4,1.2,9-9-7,41.3,447.0,0.0,トリマゴクイーン,22.5
2020100456,メディアプンタ,2022/09/01,名古屋,曇,7,セレクトゴールド第1(2歳),11,8,11,15.6,4.0,4,村上弘樹,55.0,ダ,1500.0,稍,101.0,2.1,8-7-4,42.3,447.0,-1.0,エムエスドン,32.5
2020100456,メディアプンタ,2022/08/18,名古屋,晴,9,2歳特別,7,4,4,10.4,4.0,1,丸野勝虎,55.0,ダ,1500.0,重,99.7,-0.8,4-4-2,41.2,448.0,1.0,(ビースプリング),74.0
2020100456,メディアプンタ,2022/08/04,名古屋,曇,5,2歳2組,10,8,9,19.1,6.0,3,宮下瞳,53.0,ダ,920.0,良,59.4,0.4,3,39.1,447.0,1.0,スプリングルージュ,10.8
2020100456,メディアプンタ,2022/07/22,名古屋,晴,6,2歳新馬,8,7,7,14.8,5.0,5,丸野勝虎,55.0,ダ,900.0,重,57.7,3.2,7,37.7,446.0,0.0,セブンカラーズ,14.4
2020106977,モイスチャー,2026/07/10,園田,晴,1,C3,11,7,9,2.2,1.0,4,大山真吾,57.0,ダ,1230.0,良,81.8,1.4,2-3-3-4,40.3,493.0,-5.0,アッケシ,9.0
2020106977,モイスチャー,2026/06/19,園田,曇,8,C2一,11,8,11,35.6,7.0,3,大山真吾,57.0,ダ,1230.0,良,80.5,0.5,1-1-1-1,39.3,498.0,4.0,アドーネ,17.5
2020106977,モイスチャー,2026/05/28,園田,曇,5,淡河スプリントC2,12,4,4,79.5,9.0,12,塩津璃菜,53.0,ダ,1230.0,稍,82.8,1.9,6-7-9-9,41.0,494.0,-10.0,アングラー,
2020106977,モイスチャー,2026/05/06,園田,曇,12,ガーベラ賞C2,12,7,10,23.7,7.0,7,廣瀬航,57.0,ダ,1230.0,稍,82.5,1.3,4-3-3-3,40.8,504.0,22.0,ノックシュライン,
2020106977,モイスチャー,2026/04/23,園田,雨,9,C2,11,3,3,,,除,竹村達也,57.0,ダ,1230.0,不,,,,,494.0,12.0,レイチェルペガサス,
2020106977,モイスチャー,2026/03/31,園田,曇,5,SKNフラッシュ8&(C2),12,3,3,7.8,4.0,4,廣瀬航,57.0,ダ,1230.0,稍,82.5,0.9,9-9-9-8,40.2,482.0,-3.0,キラキラリ,10.5
2020106977,モイスチャー,2026/03/17,園田,晴,5,ぎゅーっと愛のつまっ(C2),12,4,4,136.3,9.0,3,下原理,57.0,ダ,1230.0,良,81.9,1.4,3-3-4-3,40.0,485.0,1.0,ビクトリーブリッジ,17.5
2020106977,モイスチャー,2026/03/04,姫路,晴,8,C2一,10,3,3,52.1,7.0,7,佐々木世,55.0,ダ,1400.0,重,98.0,1.9,6-6-7-7,41.5,484.0,-5.0,アイトワ,
2020106977,モイスチャー,2026/02/12,姫路,晴,8,C2一,10,8,9,6.0,2.0,7,吉村智洋,58.0,ダ,1400.0,稍,96.9,2.7,2-2-2-2,43.5,489.0,6.0,モズオラージュ,
2020106977,モイスチャー,2026/01/20,姫路,晴,6,C2三,10,8,9,11.4,3.0,1,吉村智洋,57.0,ダ,1400.0,良,96.5,-0.1,2-2-2-2,42.0,483.0,0.0,(ミコカスターニャ),70.0
2020106977,モイスチャー,2025/12/29,園田,晴,4,広渡町スプリントC3,12,7,10,3.7,3.0,1,吉村智洋,57.0,ダ,1230.0,稍,82.9,-0.1,4-4-3-2,41.4,483.0,-5.0,(エールクイーン),60.0
2020106977,モイスチャー,2025/12/10,園田,晴,2,C3二,9,4,4,7.0,3.0,4,吉村智洋,57.0,ダ,1400.0,良,94.3,2.2,6-6-6-6,41.3,488.0,8.0,クレスコユウシャ,9.0
2020106977,モイスチャー,2025/11/20,園田,晴,5,柏原町母坪スプリ(C3),12,7,9,15.2,5.0,6,吉村智洋,57.0,ダ,1230.0,良,82.3,1.3,9-9-7-6,40.1,480.0,-3.0,ラピダニーニャ,
2020106977,モイスチャー,2025/11/04,園田,晴,5,パカやろう!霜月の蹄(C2),12,7,10,56.0,8.0,11,竹村達也,57.0,ダ,820.0,稍,52.8,1.9,12-12,37.6,483.0,-1.0,イッツマイビジネス,
2020106977,モイスチャー,2025/10/17,園田,晴,5,狩野恵輔☆来場記念C(C2),12,3,3,105.9,7.0,6,廣瀬航,57.0,ダ,1230.0,良,81.9,1.1,8-8-6-8,40.4,484.0,0.0,ギャラン,
2020106977,モイスチャー,2025/10/01,園田,晴,6,C2三,10,2,2,8.8,4.0,7,吉村智洋,57.0,ダ,1400.0,稍,96.3,2.5,4-3-5-6,42.2,484.0,3.0,チョウウマクイク,
2020106977,モイスチャー,2025/09/10,園田,曇,4,神代国衙7ハロンC2,10,4,4,6.8,4.0,4,廣瀬航,57.0,ダ,1400.0,良,94.6,1.2,2-2-2-2,41.0,481.0,-1.0,ランスオブビーナス,10.5
2020106977,モイスチャー,2025/08/27,園田,晴,7,C2三,9,7,7,,,除,廣瀬航,57.0,ダ,1400.0,良,,,,,,,グランディーヴァ,
2020106977,モイスチャー,2025/08/08,園田,曇,4,C3,10,7,8,3.8,2.0,1,廣瀬航,57.0,ダ,1230.0,稍,80.5,-0.3,4-4-3-3,39.3,482.0,4.0,(カイラシ),60.0
2020106977,モイスチャー,2025/07/24,園田,晴,1,生穂スプリントC3,12,5,5,6.1,3.0,2,廣瀬航,57.0,ダ,1230.0,良,80.8,0.0,6-5-3-3,39.6,478.0,-8.0,ニシノダンテ,24.0
2020106977,モイスチャー,2025/07/02,園田,曇,12,C2,12,2,2,10.9,5.0,8,小谷周平,57.0,ダ,1230.0,良,82.5,1.1,5-5-7-7,40.0,486.0,-3.0,クレスコウェイ,
2020106977,モイスチャー,2025/06/20,園田,晴,7,脳みそ夫☆来場記念C(C2),12,3,3,8.0,5.0,6,廣瀬航,57.0,ダ,1230.0,良,81.8,0.6,6-5-6-4,40.3,489.0,-2.0,エイシンオキクルミ,
2020106977,モイスチャー,2025/05/28,園田,晴,7,C2一,12,5,5,12.4,5.0,7,廣瀬航,57.0,ダ,1400.0,良,95.2,2.3,1-1-1-2,42.8,491.0,-7.0,タガノハスビナー,
2020106977,モイスチャー,2025/05/07,園田,晴,9,C2一,9,8,9,5.8,3.0,3,廣瀬航,57.0,ダ,1400.0,重,93.0,1.3,3-3-3-3,40.8,498.0,3.0,エイシンエラン,17.5
2020106977,モイスチャー,2025/04/22,園田,晴,6,C2一,9,3,3,5.5,3.0,2,松木大地,57.0,ダ,1400.0,良,93.6,0.4,1-1-1-1,41.4,495.0,6.0,ダイシンサンディー,28.0
2020106977,モイスチャー,2025/04/02,園田,曇,6,C2一,10,7,7,29.1,8.0,2,松木大地,57.0,ダ,1400.0,良,93.1,0.3,8-8-6-7,41.3,489.0,-5.0,エアグリフォン,28.0
2020106977,モイスチャー,2025/03/13,園田,曇,7,C2一,12,3,3,10.0,4.0,9,松木大地,57.0,ダ,1400.0,稍,95.4,1.9,10-10-11-9,41.4,494.0,5.0,キクノルタ,
2020106977,モイスチャー,2024/07/19,園田,晴,7,C2一,8,4,4,17.3,7.0,1,松木大地,56.0,ダ,1400.0,良,93.3,-0.2,6-6-2-2,39.7,489.0,-12.0,(アグネスリュウ),70.0
2020106977,モイスチャー,2024/06/26,園田,曇,9,マーちゃんのこと覚え(C2),11,1,1,3.0,1.0,8,吉村智洋,56.0,ダ,1870.0,稍,132.9,3.8,1-1-2-2,45.0,501.0,12.0,レッドマジック,
2020106977,モイスチャー,2024/05/30,園田,曇,8,C2,9,8,9,5.6,3.0,2,吉村智洋,56.0,ダ,1870.0,稍,127.5,0.3,1-1-1-1,43.5,489.0,-14.0,エルナンデス,28.0
2020106977,モイスチャー,2024/05/10,園田,晴,7,C2一,9,1,1,16.3,5.0,4,川原正一,56.0,ダ,1400.0,良,92.9,0.7,4-4-6-5,40.2,503.0,9.0,ダノンワンナップ,10.5
2020106977,モイスチャー,2024/04/17,園田,晴,8,C1一,10,6,6,5.4,3.0,10,川原正一,56.0,ダ,1700.0,稍,118.6,2.7,5-6-5-7,42.4,494.0,-2.0,ミラモンテ,
2020106977,モイスチャー,2024/03/26,園田,曇,9,C1一,10,7,8,34.0,6.0,6,鴨宮祥行,56.0,ダ,1400.0,不,93.1,1.0,4-5-6-6,40.6,496.0,8.0,メイショウヨウホウ,
2020106977,モイスチャー,2024/03/07,姫路,晴,12,アーモンド賞C1,12,4,4,6.4,4.0,12,下原理,56.0,ダ,1500.0,稍,102.2,1.7,10-10-8-7,40.9,488.0,3.0,マイネルアラウダ,
2020106977,モイスチャー,2024/02/13,姫路,晴,12,スノーフレーク賞C1,12,3,3,2.1,1.0,12,川原正一,57.0,ダ,1500.0,良,101.5,2.2,4-4-3-6,42.1,485.0,-3.0,ウインブリオーソ,
2020106977,モイスチャー,2024/01/26,姫路,曇,12,C1,11,7,9,12.4,5.0,1,川原正一,56.0,ダ,1500.0,良,99.5,-0.5,3-3-1-1,40.3,488.0,3.0,(コスモタイシ),110.0
2020106977,モイスチャー,2024/01/03,園田,曇,9,C1二,12,8,12,8.6,5.0,3,川原正一,56.0,ダ,1400.0,良,92.0,0.2,3-4-3-4,39.9,485.0,-4.0,エールソングス,30.0
2020106977,モイスチャー,2023/12/14,園田,曇,8,C1二,10,1,1,26.2,7.0,6,川原正一,56.0,ダ,1400.0,稍,93.3,1.1,8-8-5-4,40.7,489.0,6.0,グッドハビッツ,
2020106977,モイスチャー,2023/11/22,園田,晴,7,C1二,12,4,4,41.5,5.0,12,川原正一,56.0,ダ,1870.0,良,130.0,4.9,1-1-2-6,45.1,483.0,-6.0,オーヴァルブルーム,
2020106977,モイスチャー,2023/11/09,園田,晴,7,C1二,8,2,2,1.8,1.0,5,川原正一,56.0,ダ,1400.0,稍,93.5,0.6,4-4-3-4,40.7,489.0,-6.0,キークラシック,10.0
2020106977,モイスチャー,2023/10/20,園田,曇,9,マコーリーを超えたよ(C2),10,1,1,12.3,6.0,1,川原正一,56.0,ダ,1400.0,稍,92.3,-0.4,1-1-1-1,39.6,495.0,9.0,(エクスプロラベスト),70.0
2020106977,モイスチャー,2023/09/28,園田,曇,7,C2一,11,8,11,3.1,2.0,5,川原正一,55.0,ダ,1400.0,良,93.2,1.5,3-3-3-5,41.1,486.0,2.0,グロズニーグラード,7.0
2020106977,モイスチャー,2023/08/13,3新潟2,晴,2,3歳未勝利,15,7,13,23.8,8.0,12,杉原誠人,56.0,ダ,1800.0,良,116.2,2.8,2-2-2-4,40.9,484.0,0.0,オールマキシマム,
2020106977,モイスチャー,2023/07/23,2福島8,晴,7,3歳未勝利,15,8,15,11.7,5.0,5,杉原誠人,56.0,ダ,1700.0,良,108.2,1.0,1-1-1-1,39.3,484.0,4.0,トウロウノオノ,55.0
2020106977,モイスチャー,2023/07/09,2福島4,晴,4,3歳未勝利,15,6,10,9.4,5.0,4,杉原誠人,56.0,ダ,1700.0,良,107.9,0.6,3-3-3-3,39.0,480.0,2.0,ボールドトップ,83.0
2020106977,モイスチャー,2023/06/18,3東京6,晴,6,3歳未勝利,16,4,8,13.0,6.0,4,杉原誠人,56.0,ダ,1400.0,良,85.8,0.7,2-2,37.8,478.0,-4.0,クリノアルバトロス,83.0
2020106977,モイスチャー,2023/05/21,2東京10,曇,3,3歳未勝利,16,8,15,25.5,9.0,12,杉原誠人,56.0,ダ,1300.0,稍,79.9,1.3,14-15,37.2,482.0,6.0,キングダラス,
2020106977,モイスチャー,2023/04/29,1新潟1,晴,3,3歳未勝利,15,7,12,40.1,7.0,8,水沼元輝,53.0,ダ,1200.0,良,73.5,0.9,6-6,38.1,476.0,0.0,サルトルーヴィル,
2020106977,モイスチャー,2023/04/09,3中山6,晴,3,3歳未勝利,16,8,16,94.5,11.0,3,水沼元輝,53.0,ダ,1200.0,稍,72.4,0.9,7-5,38.3,476.0,-14.0,リラックス,140.0
2020106977,モイスチャー,2023/03/11,2中山5,晴,2,3歳未勝利,16,6,11,56.0,7.0,8,杉原誠人,56.0,ダ,1200.0,良,73.4,2.1,12-13,37.6,490.0,-2.0,エコロドゥネス,
2020106977,モイスチャー,2023/02/18,1阪神3,曇,2,3歳未勝利,15,6,11,80.5,11.0,5,杉原誠人,56.0,ダ,1200.0,良,74.8,2.9,12-12,37.5,492.0,-12.0,リュウ,55.0
2020106977,モイスチャー,2023/01/07,1中山2,晴,3,3歳新馬,16,7,14,236.3,15.0,11,水沼元輝,53.0,ダ,1200.0,良,75.2,2.4,14-14,38.7,504.0,0.0,ハードワイヤード,
2021107073,セイウンダキシメテ,2026/07/15,園田,晴,2,C3二,10,8,10,99.4,8.0,10,塩津璃菜,51.0,ダ,1400.0,良,94.6,2.0,6-7-8-9,41.3,446.0,-1.0,エイシンキリバス,
2021107073,セイウンダキシメテ,2026/07/02,園田,曇,4,粟生スプリントC3,12,1,1,176.7,9.0,10,福原杏,55.0,ダ,1230.0,不,83.8,2.1,9-9-9-8,41.6,447.0,4.0,クイーンオブリリー,
2021107073,セイウンダキシメテ,2026/06/19,園田,曇,1,C3,11,5,5,214.6,9.0,7,杉浦健太,55.0,ダ,820.0,良,51.7,1.5,9-9,36.5,443.0,-4.0,アレナトーレ,
2021107073,セイウンダキシメテ,2026/06/05,園田,曇,1,C3,11,5,6,272.4,10.0,9,塩津璃菜,51.0,ダ,1230.0,稍,83.7,2.4,8-8-9-10,40.6,447.0,1.0,アコーダンス,
2021107073,セイウンダキシメテ,2026/05/22,園田,晴,2,C3一,10,3,3,47.9,7.0,6,南部楓馬,52.0,ダ,1400.0,重,96.2,1.8,8-8-8-6,41.4,446.0,-4.0,ピエナフェリーチェ,
2021107073,セイウンダキシメテ,2026/05/04,園田,晴,3,C2一,8,5,5,84.5,8.0,8,塩津璃菜,51.0,ダ,1400.0,重,96.8,3.2,5-6-7-7,41.8,450.0,8.0,リックメイン,
2021107073,セイウンダキシメテ,2026/04/28,園田,曇,7,C2一,10,4,4,454.5,10.0,8,長尾翼玖,55.0,ダ,1400.0,稍,96.3,3.4,8-9-8-8,43.1,442.0,-2.0,エマージェンス,
2021107073,セイウンダキシメテ,2026/04/15,園田,雨,8,C2一,10,6,6,134.9,8.0,8,長尾翼玖,55.0,ダ,1400.0,稍,94.4,2.6,3-3-6-7,40.5,444.0,-2.0,ディナン,
2021107073,セイウンダキシメテ,2026/03/31,園田,曇,9,C2一,10,7,7,238.1,10.0,7,塩津璃菜,51.0,ダ,1400.0,稍,95.3,1.5,7-7-8-8,42.6,446.0,-3.0,ムーンガーデン,
2021107073,セイウンダキシメテ,2026/03/19,園田,曇,9,飲んで応援!京都の酪(C2),9,8,8,134.8,8.0,8,塩津璃菜,51.0,ダ,1400.0,重,95.2,2.2,4-5-8-8,42.8,449.0,-9.0,ヴィータレヴィス,
2021107073,セイウンダキシメテ,2026/03/03,姫路,雨,10,C1一,11,3,3,241.1,10.0,11,長尾翼玖,55.0,ダ,1400.0,不,97.6,4.3,11-10-11-11,43.0,458.0,0.0,ベラジオハルカ,
2021107073,セイウンダキシメテ,2026/02/25,姫路,曇,12,ストロベリーキャンド(C1),12,8,11,211.5,9.0,8,長尾翼玖,55.0,ダ,1400.0,不,97.6,4.1,10-10-10-11,42.9,458.0,1.0,ガンバレベアー,
2021107073,セイウンダキシメテ,2026/02/12,姫路,晴,9,C1,12,5,6,449.6,10.0,7,竹村達也,55.0,ダ,1400.0,稍,96.5,2.6,5-5-6-7,41.5,457.0,13.0,ナナン,
2021107073,セイウンダキシメテ,2026/01/02,園田,晴,11,2026初夢賞,12,2,2,524.0,12.0,12,石堂響,50.0,ダ,820.0,良,51.2,1.5,10-10,36.4,444.0,-8.0,ルクスランページ,
2021107073,セイウンダキシメテ,2025/12/23,園田,晴,11,太子ひまわり特別B2,12,7,9,360.3,11.0,11,大柿一真,55.0,ダ,1400.0,稍,94.6,4.3,12-12-12-11,40.3,452.0,9.0,ベラジオガルフ,
2021107073,セイウンダキシメテ,2025/12/04,園田,晴,9,B2二,9,5,5,290.3,8.0,6,塩津璃菜,51.0,ダ,1400.0,良,94.7,3.1,5-5-5-7,40.9,443.0,4.0,ジーニアスレノン,
2021107073,セイウンダキシメテ,2025/11/18,園田,曇,10,B1B2,11,8,10,536.7,10.0,10,大柿一真,54.0,ダ,1700.0,良,118.1,2.0,9-9-9-9,40.5,439.0,-1.0,ホウオウトランプ,
2021107073,セイウンダキシメテ,2025/11/03,園田,晴,7,B2,12,1,1,258.5,11.0,9,高橋愛叶,54.0,ダ,820.0,稍,52.1,2.0,12-12,36.7,440.0,1.0,アグネスシュウ,
2021107073,セイウンダキシメテ,2025/10/23,園田,晴,10,B2,8,3,3,158.3,7.0,6,大柿一真,55.0,ダ,1400.0,稍,94.5,1.6,8-8-7-7,40.3,439.0,-6.0,サトノルクソン,
2021107073,セイウンダキシメテ,2025/10/09,園田,晴,9,B2二,9,5,5,119.0,6.0,7,大柿一真,55.0,ダ,1400.0,良,93.9,1.7,7-6-7-6,41.8,445.0,1.0,フセノオーロラ,
2021107073,セイウンダキシメテ,2025/09/26,園田,曇,10,勝浦正樹☆来場記念B(B2),12,8,11,49.4,7.0,6,高橋愛叶,54.0,ダ,820.0,稍,51.2,0.8,6-6,36.5,444.0,5.0,リュヌダムール,
2021107073,セイウンダキシメテ,2025/09/11,園田,曇,12,B2,12,3,3,126.4,11.0,11,中田貴士,55.0,ダ,1230.0,重,82.6,2.0,12-12-12-12,38.9,439.0,-10.0,アップップ,
2021107073,セイウンダキシメテ,2025/08/27,園田,曇,12,B2,12,1,1,131.8,10.0,9,大柿一真,55.0,ダ,1400.0,稍,92.3,2.1,12-12-12-10,39.5,449.0,8.0,ウィルダスク,
2021107073,セイウンダキシメテ,2025/08/08,川崎,晴,12,納涼賞(C1),10,6,6,27.8,9.0,9,山林堂信,54.0,ダ,1400.0,良,93.3,1.6,3-3-3-4,41.7,441.0,-2.0,ノッテストラータ,
2021107073,セイウンダキシメテ,2025/07/11,川崎,曇,9,技と心で駆け抜けろ!(C1),11,1,1,39.1,8.0,9,山林堂信,54.0,ダ,1400.0,重,94.1,1.9,9-8-8-7,42.4,443.0,3.0,ミステリオ,
2021107073,セイウンダキシメテ,2025/06/19,川崎,晴,8,スペリオーレ賞(C1二),12,4,4,7.2,3.0,10,山林堂信,54.0,ダ,1400.0,良,94.1,2.9,6-8-8-11,42.8,440.0,-4.0,オリコウキング,
2021107073,セイウンダキシメテ,2025/05/14,川崎,晴,7,C1四五,7,4,4,4.0,2.0,4,山林堂信,54.0,ダ,1400.0,稍,92.5,1.6,3-3-3-3,40.2,444.0,2.0,ナチュラルターン,18.0
2021107073,セイウンダキシメテ,2025/04/08,川崎,晴,12,海棠賞(C1五),12,3,3,3.0,2.0,3,山林堂信,54.0,ダ,1400.0,稍,92.7,0.4,4-4-1-2,41.1,442.0,4.0,パイロデキセキ,30.0
2021107073,セイウンダキシメテ,2025/03/04,川崎,雨,12,紫華鬘賞(C1五),11,8,11,5.3,4.0,2,山林堂信,54.0,ダ,1400.0,不,92.6,1.1,1-2-1-1,41.8,438.0,5.0,ハーモニーレグルス,48.0
2021107073,セイウンダキシメテ,2024/12/09,川崎,晴,6,ベルリン賞(C2),12,6,8,7.2,3.0,2,Ｍ．ミシ,52.0,ダ,1400.0,良,92.1,1.3,3-3-3-3,41.1,433.0,-1.0,レグノ,60.0
2021107073,セイウンダキシメテ,2024/11/11,川崎,曇,12,アッサム賞(C2),12,8,11,2.2,1.0,4,山林堂信,54.0,ダ,1400.0,稍,92.3,1.0,7-7-5-6,41.4,434.0,-4.0,フィラメント,22.5
2021107073,セイウンダキシメテ,2024/10/11,川崎,晴,12,笹目賞(C2七),11,6,8,1.8,1.0,1,山林堂信,54.0,ダ,1400.0,重,92.3,-0.1,2-2-1-1,40.7,438.0,4.0,(ラムテリオス),100.0
2021107073,セイウンダキシメテ,2024/09/03,川崎,雨,1,3歳7,10,8,9,1.4,1.0,1,山林堂信,54.0,ダ,1400.0,重,93.0,-1.8,1-1-1-1,40.2,434.0,-6.0,(フクロクジュ),120.0
2021107073,セイウンダキシメテ,2024/06/09,3東京4,曇,2,3歳未勝利,16,1,1,55.7,7.0,11,野中悠太,55.0,ダ,1400.0,良,88.2,2.7,10-9,39.3,440.0,-2.0,ラッキーヤース,
2021107073,セイウンダキシメテ,2024/04/20,2東京1,晴,1,3歳未勝利,16,7,13,25.8,9.0,9,永野猛蔵,54.0,ダ,1600.0,良,100.7,1.5,12-9,38.5,442.0,-4.0,フイノマジワリ,
2021107073,セイウンダキシメテ,2024/03/17,2中山8,晴,3,3歳未勝利,15,8,15,33.6,6.0,12,永野猛蔵,54.0,ダ,1800.0,良,119.4,4.4,8-9-8-11,42.2,446.0,-4.0,アスクハッピーモア,
2021107073,セイウンダキシメテ,2024/02/18,1東京8,晴,1,3歳未勝利,16,5,10,97.9,12.0,6,永野猛蔵,54.0,ダ,1400.0,良,87.5,1.4,3-3,38.9,450.0,0.0,ローリーグローリー,
2021107073,セイウンダキシメテ,2023/11/26,5東京8,曇,1,2歳未勝利,16,7,14,21.0,7.0,8,永野猛蔵,54.0,ダ,1400.0,良,88.1,0.8,7-8,38.3,450.0,2.0,キミハスコール,
2021107073,セイウンダキシメテ,2023/10/29,4東京9,曇,1,2歳未勝利,13,4,5,42.0,7.0,3,永野猛蔵,54.0,ダ,1400.0,良,87.6,0.7,3-3,37.6,448.0,-2.0,ポンピエ,140.0
2021107073,セイウンダキシメテ,2023/10/08,4東京2,曇,1,2歳未勝利,16,3,6,9.1,4.0,5,永野猛蔵,54.0,ダ,1400.0,良,88.1,0.6,10-10,37.2,450.0,2.0,アイウィルビー,55.0
2021107073,セイウンダキシメテ,2023/09/24,4中山7,晴,4,2歳新馬,16,8,15,16.6,6.0,6,永野猛蔵,54.0,ダ,1200.0,重,72.7,1.1,6-7,37.6,448.0,0.0,ヒストリアイ,
2023100154,チョウモーレツ,2026/07/16,園田,晴,5,海内スプリントC3,12,6,8,389.6,11.0,9,塩津璃菜,51.0,ダ,1230.0,良,82.6,2.8,9-10-9-10,40.2,414.0,1.0,ゴールデンスキーム,
2023100154,チョウモーレツ,2026/06/25,園田,雨,4,熊内町スプリント3歳(C2),11,2,2,231.0,10.0,7,南部楓馬,52.0,ダ,1230.0,不,83.2,3.0,8-8-8-7,40.8,413.0,-8.0,ララヴァニーユ,
2023100154,チョウモーレツ,2026/06/12,園田,晴,1,3歳C2,12,6,7,452.6,11.0,11,新庄海誠,55.0,ダ,1400.0,良,96.3,4.3,11-11-11-11,42.5,421.0,-1.0,タイシン,
2023100154,チョウモーレツ,2026/05/29,園田,晴,5,3歳C2一,10,7,7,259.5,10.0,8,新庄海誠,55.0,ダ,1400.0,稍,96.7,2.7,9-9-9-8,41.8,422.0,-10.0,グラフォス,
2023100154,チョウモーレツ,2026/05/15,園田,晴,1,阪神アーバンナイター(C2),11,4,4,162.9,10.0,11,新庄海誠,55.0,ダ,1400.0,良,95.4,2.9,11-11-10-11,41.4,432.0,3.0,サンミゲル,
2023100154,チョウモーレツ,2026/04/28,園田,曇,3,3歳C2,9,8,8,176.6,9.0,8,新庄海誠,55.0,ダ,1400.0,稍,99.2,3.1,7-7-7-8,41.7,429.0,9.0,シアワセノクツ,
2023100154,チョウモーレツ,2026/04/07,園田,曇,4,槻並スプリント3歳C(C2),11,2,2,269.0,11.0,10,永井孝典,55.0,ダ,1230.0,稍,85.6,2.8,10-10-10-10,40.8,420.0,1.0,フューチャーライト,
2023100154,チョウモーレツ,2026/03/24,園田,晴,2,3歳C1C2,11,2,2,257.4,11.0,9,新庄海誠,54.0,ダ,1230.0,稍,86.6,3.0,10-10-10-10,42.2,419.0,7.0,モンサンヴェロニカ,
2023100154,チョウモーレツ,2026/03/10,姫路,晴,4,周世7ハロン3歳C2,10,4,4,376.3,9.0,8,新庄海誠,54.0,ダ,1400.0,良,99.5,3.4,10-10-9-9,42.9,412.0,-3.0,ベラジオカムイ,
2023100154,チョウモーレツ,2026/02/26,姫路,曇,3,3歳C1,10,2,2,346.9,10.0,9,新庄海誠,54.0,ダ,1400.0,重,101.3,5.5,10-10-10-10,45.0,415.0,5.0,モンザセカンド,
2023100154,チョウモーレツ,2026/02/10,姫路,晴,2,3歳C1,7,7,7,122.0,7.0,7,新庄海誠,54.0,ダ,1400.0,良,99.6,3.2,7-7-7-7,43.8,410.0,-2.0,ホクザンジーク,
2023100154,チョウモーレツ,2026/01/27,姫路,曇,5,養久7ハロン3歳C1,12,8,11,307.4,12.0,11,新庄海誠,54.0,ダ,1400.0,良,98.8,3.9,11-12-12-12,42.1,412.0,3.0,アスピラシオン,
2023100154,チョウモーレツ,2026/01/13,園田,曇,2,3歳C1,6,3,3,97.5,6.0,6,新庄海誠,54.0,ダ,1400.0,良,97.7,3.2,6-6-6-6,41.2,409.0,0.0,ライクシュガー,
2023100154,チョウモーレツ,2025/12/29,園田,晴,6,2歳未勝利一,12,5,6,37.1,6.0,10,新庄海誠,53.0,ダ,1400.0,稍,98.6,5.2,12-12-12-12,43.2,409.0,25.0,イデアールマッチ,
2023100154,チョウモーレツ,2025/09/13,4阪神3,曇,1,2歳未勝利,8,4,4,211.1,8.0,8,和田陽希,52.0,ダ,1800.0,良,119.9,5.2,8-8-8-8,41.5,384.0,2.0,ノースミソロジー,
2023100154,チョウモーレツ,2025/08/30,4中京3,晴,1,2歳未勝利,12,4,4,514.2,12.0,12,川端海翼,52.0,芝,2000.0,良,123.9,3.4,12-11-12-12,35.7,382.0,2.0,カラペルソナ,
2023100154,チョウモーレツ,2025/08/10,3中京6,曇,4,2歳新馬,13,6,9,272.2,13.0,13,川端海翼,52.0,芝,2000.0,良,127.8,5.1,13-13-13-13,37.0,380.0,0.0,アストロレガシー,
2022105562,ジーティーパール,2026/07/16,園田,晴,5,海内スプリントC3,12,5,5,20.2,5.0,8,高畑皓一,55.0,ダ,1230.0,良,82.4,2.6,11-11-11-11,39.4,444.0,-3.0,ゴールデンスキーム,
2022105562,ジーティーパール,2026/07/03,園田,晴,6,C2,12,5,5,191.3,11.0,7,高畑皓一,55.0,ダ,1230.0,稍,82.2,1.4,12-12-11-11,39.7,447.0,-5.0,テーオーテバルディ,
2022105562,ジーティーパール,2026/06/19,園田,曇,7,C2二,10,3,3,110.4,9.0,8,高畑皓一,55.0,ダ,1230.0,良,81.5,0.9,8-8-8-8,38.1,452.0,10.0,サファリ,
2022105562,ジーティーパール,2026/06/03,園田,晴,5,丹生地スプリントC2,12,7,9,58.1,7.0,3,高畑皓一,55.0,ダ,1230.0,重,83.3,0.6,7-8-7-7,40.4,442.0,-10.0,ナチュラル,17.5
2022105562,ジーティーパール,2026/05/20,園田,曇,5,貸潮7ハロンC2二,12,4,4,81.7,10.0,10,高畑皓一,55.0,ダ,1400.0,良,95.2,2.2,11-10-9-9,41.4,452.0,5.0,テイケイヴィーノ,
2022105562,ジーティーパール,2026/05/04,園田,晴,2,C2二,7,7,7,9.0,3.0,3,高畑皓一,55.0,ダ,1400.0,重,96.4,1.4,6-6-4-4,41.1,447.0,5.0,ジェットエアー,17.5
2022105562,ジーティーパール,2026/04/22,園田,曇,5,大名草7ハロンC2二,11,6,8,64.1,10.0,7,高畑皓一,55.0,ダ,1400.0,良,93.1,1.2,11-11-9-10,40.3,442.0,-3.0,バルデラマ,
2022105562,ジーティーパール,2026/04/09,園田,曇,4,来住町7ハロンC2二,10,1,1,33.4,7.0,6,高畑皓一,55.0,ダ,1400.0,良,94.5,1.4,9-9-8-7,39.8,445.0,-3.0,ハイレジリエンス,
2022105562,ジーティーパール,2026/03/25,園田,雨,8,C2一,10,8,9,132.7,9.0,6,高畑皓一,55.0,ダ,1400.0,稍,94.1,0.7,8-8-7-6,40.7,448.0,8.0,カットバック,
2022105562,ジーティーパール,2026/03/03,姫路,雨,12,C2,12,8,12,246.8,11.0,7,高畑皓一,55.0,ダ,1500.0,不,103.5,2.0,12-12-11-11,39.7,440.0,-5.0,メイショウガッツ,
2022105562,ジーティーパール,2026/02/11,姫路,曇,6,C2二,10,2,2,78.6,9.0,5,高畑皓一,55.0,ダ,1400.0,稍,97.2,2.9,10-9-10-9,41.2,445.0,4.0,エルフェニックス,7.0
2022105562,ジーティーパール,2026/01/22,姫路,晴,6,C2一,10,4,4,42.5,9.0,8,高畑皓一,55.0,ダ,1400.0,良,97.5,1.4,10-10-10-10,40.9,441.0,-10.0,ノーブルライナー,
2022105562,ジーティーパール,2025/12/31,水沢,曇,3,C2二組,12,7,10,23.0,10.0,7,小林凌,54.0,ダ,1400.0,重,90.4,0.5,10-10-11-11,39.2,451.0,2.0,フォルトリアン,
2022105562,ジーティーパール,2025/12/23,水沢,晴,3,C2二組,12,4,4,43.8,8.0,5,塚本涼人,54.0,ダ,1400.0,重,90.9,1.2,12-12-12-12,39.2,449.0,-1.0,エミネントキャリア,2.8
2022105562,ジーティーパール,2025/12/16,水沢,曇,2,C2三組,12,8,12,12.8,4.0,3,小林凌,54.0,ダ,1400.0,重,89.0,0.1,9-9-9-9,38.5,450.0,0.0,ジェイエルライナー,8.0
2022105562,ジーティーパール,2025/12/10,水沢,曇,2,C2三組,9,2,2,44.8,6.0,5,小林凌,54.0,ダ,1400.0,不,89.3,1.8,4-5-8-6,38.5,450.0,4.0,アクアリッズ,2.8
2022105562,ジーティーパール,2025/11/26,水沢,曇,3,C2二組,11,5,5,56.4,8.0,8,小林凌,54.0,ダ,1400.0,稍,92.1,2.9,10-10-11-10,39.9,446.0,-8.0,シゲルヒカルダイヤ,
2022105562,ジーティーパール,2025/11/18,盛岡,曇,11,ペラルゴニウム賞(C1),11,4,4,177.4,9.0,9,小林凌,54.0,ダ,1600.0,良,103.6,2.5,8-9,39.8,454.0,-11.0,ハクシンダンス,
2022105562,ジーティーパール,2025/11/04,盛岡,晴,10,ボトルゴード賞(C1),9,1,1,14.1,3.0,8,小林凌,54.0,ダ,1600.0,稍,103.2,2.4,6-7,39.8,465.0,5.0,トンヤイビーン,
2022105562,ジーティーパール,2025/10/20,盛岡,曇,4,C2五組,10,8,10,7.7,4.0,1,小林凌,54.0,ダ,1400.0,稍,87.6,-0.1,5-4,38.0,460.0,12.0,(ボンジュルネ),40.0
2022105562,ジーティーパール,2025/10/06,水沢,曇,4,C2六組,10,8,9,44.2,6.0,4,小林凌,54.0,ダ,1400.0,稍,91.2,0.6,6-8-5-5,39.2,448.0,-2.0,トウカイディアマン,5.2
2022105562,ジーティーパール,2025/09/21,水沢,晴,9,3歳C2一組,11,8,10,98.4,7.0,5,小林凌,54.0,ダ,1300.0,重,83.7,2.2,9-9-9-9,39.0,450.0,-1.0,タナハシ,3.5
2022105562,ジーティーパール,2025/09/07,盛岡,雨,5,3歳C2二組,12,5,6,9.4,3.0,3,野畑凌,54.0,ダ,1200.0,稍,74.1,1.0,11-8,36.3,451.0,4.0,ドリームパンジャ,10.0
2022105562,ジーティーパール,2025/08/25,盛岡,曇,6,3歳C2四組,12,5,5,4.8,2.0,3,小林凌,54.0,ダ,1200.0,良,75.0,1.7,8-8,37.3,447.0,-4.0,ドリームアンコール,10.0
2022105562,ジーティーパール,2025/08/11,盛岡,雨,6,いわて北緯40度八幡(3歳C2),11,5,5,6.4,3.0,5,小林凌,54.0,ダ,1200.0,稍,74.5,0.9,7-6,37.5,451.0,5.0,ノワスティエ,3.5
2022105562,ジーティーパール,2025/07/28,盛岡,晴,6,3歳C2四組,10,3,3,4.5,2.0,2,小林凌,54.0,ダ,1200.0,良,74.6,0.3,3-3,38.1,446.0,-4.0,ケンブリッジラブ,17.5
2022105562,ジーティーパール,2025/07/15,盛岡,小雨,1,3歳C2五組,12,6,7,28.6,6.0,4,佐々木志,54.0,ダ,1200.0,良,75.7,1.5,7-7,38.7,450.0,16.0,マッセダムール,6.5
2022105562,ジーティーパール,2025/05/11,2京都6,曇,5,3歳未勝利,12,7,9,188.2,11.0,10,森田誠也,52.0,芝,2200.0,良,137.8,2.1,9-10-11-12,35.4,434.0,-2.0,サンライズバブル,
2022105562,ジーティーパール,2025/04/26,2京都1,晴,5,3歳未勝利,18,1,2,294.1,16.0,14,森田誠也,52.0,芝,1800.0,良,110.2,2.2,18-18,35.3,436.0,2.0,エイカイカッシーナ,
2022105562,ジーティーパール,2025/02/02,1小倉4,曇,2,3歳未勝利,16,3,6,114.5,14.0,14,秋山稔樹,55.0,芝,1200.0,重,72.1,2.1,16-16,35.5,434.0,-2.0,ベイビーキッス,
2022105562,ジーティーパール,2024/12/01,7京都2,晴,2,2歳未勝利,10,3,3,32.7,7.0,9,高杉吏麒,53.0,芝,1600.0,良,97.4,1.4,9-10,34.8,436.0,4.0,ブーディガ,
2022105562,ジーティーパール,2024/11/02,6京都1,雨,6,2歳新馬,14,7,11,19.7,10.0,7,シュタル,55.0,芝,1600.0,重,97.4,0.5,5-6,36.4,432.0,0.0,サウンドサンライズ,
2020102604,スカイピース,2026/07/17,園田,晴,12,C3一,11,3,3,216.5,10.0,5,小谷哲平,54.0,ダ,820.0,良,51.3,0.8,8-5,36.5,457.0,-1.0,ブルーブレイブ,6.0
2020102604,スカイピース,2026/07/03,園田,晴,6,C2,12,7,10,535.3,12.0,12,小谷哲平,54.0,ダ,1230.0,稍,83.0,2.2,5-7-6-7,41.6,458.0,-10.0,テーオーテバルディ,
2020102604,スカイピース,2026/06/19,園田,曇,8,C2一,11,4,4,486.3,10.0,8,小谷哲平,54.0,ダ,1230.0,良,81.4,1.4,3-3-3-3,40.1,468.0,-10.0,アドーネ,
2020102604,スカイピース,2026/06/03,園田,晴,12,ナデシコ賞C2一,12,7,9,420.8,11.0,11,小谷哲平,54.0,ダ,1230.0,重,83.9,3.5,6-8-7-8,41.6,478.0,-5.0,パッションプリマ,
2020102604,スカイピース,2026/05/22,園田,晴,6,C2二,8,1,1,173.0,8.0,8,小谷哲平,54.0,ダ,1230.0,重,85.2,3.7,4-5-6-8,42.3,483.0,-2.0,モノノフノミチ,
2020102604,スカイピース,2026/05/04,園田,晴,2,C2二,7,6,6,34.6,7.0,7,小谷周平,55.0,ダ,1400.0,重,97.6,2.6,2-2-2-2,42.9,485.0,0.0,ジェットエアー,
2020102604,スカイピース,2026/04/21,園田,曇,3,C2一,9,8,9,289.6,8.0,7,小谷哲平,54.0,ダ,1400.0,良,96.0,1.8,1-1-1-1,40.7,485.0,-2.0,ジョーブラック,
2020102604,スカイピース,2026/04/08,園田,晴,8,C2一,10,6,6,140.1,8.0,8,小谷周平,55.0,ダ,1230.0,良,83.4,1.8,6-5-8-7,40.6,487.0,0.0,ナリタヴィクトリー,
2020102604,スカイピース,2026/03/25,園田,雨,6,C2一,12,8,11,213.6,11.0,11,小谷周平,55.0,ダ,1230.0,稍,83.0,1.5,12-12-11-11,39.8,487.0,3.0,ユアマイドリーム,
2020102604,スカイピース,2026/03/12,姫路,晴,12,2026ひめじけいば(C2),12,5,5,333.8,12.0,11,小谷周平,55.0,ダ,800.0,良,52.7,2.5,12-12,37.6,484.0,-3.0,チュッチュポッポ,
2020102604,スカイピース,2026/02/25,姫路,曇,12,ストロベリーキャンド(C1),12,7,10,338.6,12.0,12,小谷周平,55.0,ダ,1400.0,不,99.2,5.7,11-11-11-9,44.5,487.0,-10.0,ガンバレベアー,
2020102604,スカイピース,2026/02/11,姫路,曇,9,ひめじ広峰特別C1一,8,1,1,144.2,8.0,8,小谷周平,55.0,ダ,1400.0,稍,101.0,6.2,7-7-8-8,44.4,497.0,32.0,ゼンダンスバシリ,
2020102604,スカイピース,2026/01/21,姫路,曇,9,C1,12,6,7,340.7,12.0,9,小谷周平,55.0,ダ,800.0,良,51.8,1.2,11-11,37.7,465.0,-16.0,サウンドアンフィニ,
2020102604,スカイピース,2025/12/30,園田,曇,12,プリンセチア賞B2,12,7,9,95.6,12.0,12,小谷周平,55.0,ダ,820.0,稍,52.2,1.7,10-10,37.6,481.0,-3.0,プッシュユアセルフ,
2020102604,スカイピース,2025/12/16,園田,晴,12,B2,12,7,10,389.4,12.0,5,松木大地,55.0,ダ,820.0,良,51.2,0.4,10-11,36.4,484.0,5.0,アポストロフィー,14.0
2020102604,スカイピース,2025/12/04,園田,晴,9,B2二,9,8,8,408.9,9.0,9,小谷周平,55.0,ダ,1400.0,良,95.9,4.3,5-7-6-8,42.1,479.0,-7.0,ジーニアスレノン,
2020102604,スカイピース,2025/11/19,園田,曇,10,B2,12,8,11,168.0,11.0,12,小谷周平,55.0,ダ,1400.0,良,96.2,3.2,11-11-11-12,42.6,486.0,0.0,イザグリーンライト,
2020102604,スカイピース,2025/10/30,浦和,晴,8,浦和エイトチャレンジ(C1),12,3,3,96.9,12.0,12,高橋哲也,54.0,ダ,1500.0,稍,100.9,4.4,3-4-7-11,43.3,486.0,7.0,トーセンペネロペ,
2020102604,スカイピース,2025/10/14,川崎,曇,12,西御門賞(C1),14,5,8,47.4,7.0,14,福原杏,54.0,ダ,1500.0,良,101.9,4.6,1-1-1-1,46.2,479.0,-3.0,アオイラン,
2020102604,スカイピース,2025/09/25,浦和,曇,8,浦和エイトチャレンジ(C1),12,7,10,13.3,5.0,8,鷹見陸,53.0,ダ,1500.0,良,97.8,1.2,2-2-2-2,40.1,482.0,-3.0,パーチル,
2020102604,スカイピース,2025/08/31,盛岡,晴,10,ハダル賞(B1),11,3,3,63.5,11.0,11,関本玲花,52.0,ダ,1400.0,良,87.8,1.9,4-5,39.7,485.0,2.0,ビッグタマテルーフ,
2020102604,スカイピース,2025/08/19,盛岡,晴,9,B2,9,7,8,3.0,2.0,6,山本聡哉,55.0,ダ,1400.0,良,87.9,1.8,2-2,39.8,483.0,-2.0,ケンジャ,
2020102604,スカイピース,2025/07/29,盛岡,晴,10,M&Kジョッキーズカ(C1),12,3,3,2.0,1.0,1,山本聡哉,54.0,ダ,1400.0,良,87.1,0.0,1-1,39.2,485.0,3.0,(ケンジャ),60.0
2020102604,スカイピース,2025/07/14,盛岡,曇,12,夢・希望未来へ前進(C1),12,4,4,3.4,1.0,1,高松亮,54.0,ダ,1400.0,良,87.4,-0.3,2-1,40.0,482.0,-2.0,(エールヴァーゲ),50.0
2020102604,スカイピース,2025/06/29,水沢,晴,11,レモンポップ特別(C1),11,8,11,2.2,1.0,5,高松亮,54.0,ダ,1600.0,良,104.8,0.5,1-1-1-1,41.0,484.0,-3.0,ヤマニンビロー,3.5
2020102604,スカイピース,2025/06/15,水沢,曇,9,七折の滝賞(C1),11,2,2,3.5,2.0,1,高松亮,54.0,ダ,1600.0,良,105.6,-0.1,1-1-1-1,41.1,487.0,3.0,(リリーピンシャー),50.0
2020102604,スカイピース,2025/06/03,盛岡,曇,10,ダービーインパクト1(C1),10,2,2,1.7,1.0,2,高松亮,54.0,ダ,1400.0,良,87.5,0.1,1-1,39.4,484.0,3.0,サムズアップ,17.5
2020102604,スカイピース,2025/05/20,盛岡,晴,4,C2一組,7,7,7,,,取,高松亮,54.0,ダ,1400.0,不,,,,,,,オウケンアマゾネス,
2020102604,スカイピース,2025/05/06,盛岡,曇,1,C2二組,11,5,5,1.2,1.0,1,高松亮,54.0,ダ,1400.0,稍,89.0,-0.7,1-1,39.0,481.0,3.0,(リリーピンシャー),40.0
2020102604,スカイピース,2025/04/21,水沢,晴,3,C2六組,10,1,1,1.3,1.0,1,高松亮,54.0,ダ,1300.0,稍,83.9,-0.9,1-1-1-1,39.4,478.0,-4.0,(シアワセノランプ),40.0
2020102604,スカイピース,2025/03/27,大井,曇,6,C2六七,14,3,4,14.5,5.0,5,鷹見陸,53.0,ダ,1200.0,良,75.6,1.2,14-12,38.1,482.0,1.0,レジェンドウェイ,10.0
2020102604,スカイピース,2025/02/20,大井,晴,9,C2七八,16,6,11,17.2,8.0,2,吉原寛人,54.0,ダ,1200.0,良,74.8,0.6,9-9,37.9,481.0,1.0,マスターキー,40.0
2020102604,スカイピース,2025/01/30,大井,晴,8,C2五六七(C2六),14,6,10,23.1,7.0,7,鷹見陸,53.0,ダ,1200.0,良,75.6,1.0,3-4,39.7,480.0,-1.0,トライコーン,
2020102604,スカイピース,2025/01/15,大井,晴,9,C2八九十(C2九),12,4,4,5.2,3.0,5,佐野遥久,53.0,ダ,1200.0,良,75.6,0.8,9-8,38.2,481.0,0.0,ブルーリベリュール,10.0
2020102604,スカイピース,2024/12/31,大井,晴,6,C2三四五(C2四),15,8,14,74.4,7.0,4,鷹見陸,53.0,ダ,1200.0,良,74.4,1.0,7-7,37.7,481.0,0.0,タイセイガスト,15.0
2020102604,スカイピース,2024/12/06,大井,晴,8,「平和の誓い」賞(C2四),14,8,13,222.1,13.0,4,鷹見陸,53.0,ダ,1200.0,良,74.6,1.0,10-8,38.4,481.0,-1.0,ジャズブレイキー,15.0
2020102604,スカイピース,2024/11/08,大井,晴,9,C2二三四(C2三),14,5,8,79.8,10.0,12,Ｍ．ミシ,54.0,ダ,1400.0,良,91.5,3.2,12-10-8,40.6,482.0,0.0,サウンドクラージュ,
2020102604,スカイピース,2024/10/17,大井,曇,8,YJSトライアルラウ(C2),13,7,11,15.2,7.0,3,秋山稔樹,54.0,ダ,1200.0,良,76.0,0.2,7-7,38.9,482.0,-2.0,トーセンアマンダ,45.0
2020102604,スカイピース,2024/10/02,大井,晴,7,C2五六,14,3,3,105.6,12.0,12,松崎正泰,54.0,ダ,1200.0,良,76.1,2.0,13-12,38.4,484.0,7.0,ティーズブライト,
2020102604,スカイピース,2024/09/11,大井,晴,9,C2六七,15,4,8,,,除,吉原寛人,54.0,ダ,1200.0,良,,,,,,,ジーガーオーシャン,
2020102604,スカイピース,2024/08/15,大井,晴,8,テキーラ・サンセット(C2六),14,2,2,10.8,4.0,4,佐野遥久,51.0,ダ,1200.0,良,75.4,1.2,8-8,38.8,477.0,-1.0,ファサード,15.0
2020102604,スカイピース,2024/08/01,大井,晴,7,C2五六七(C2六),14,6,11,32.8,10.0,4,佐野遥久,51.0,ダ,1200.0,良,75.5,0.3,8-8,38.1,478.0,1.0,マスターキー,15.0
2020102604,スカイピース,2024/07/09,大井,曇,10,C2五六七(C2六),16,4,7,40.4,9.0,7,佐野遥久,51.0,ダ,1200.0,稍,75.5,1.3,12-11,37.9,477.0,-4.0,モリデンステルス,
2020102604,スカイピース,2024/06/28,大井,雨,5,C2二三四(C2三),14,1,1,66.5,11.0,4,佐野遥久,51.0,ダ,1200.0,不,76.5,1.0,13-12,38.4,481.0,5.0,ダンシングラスカル,15.0
2020102604,スカイピース,2024/06/07,大井,晴,6,C2三四五(C2四),15,2,3,126.0,14.0,13,本田正重,54.0,ダ,1200.0,良,76.2,2.0,14-14,38.8,476.0,-4.0,クチャモザクワジャ,
2020102604,スカイピース,2024/05/16,大井,晴,9,C2六七八(C2七),13,5,6,54.9,9.0,5,本田正重,54.0,ダ,1200.0,不,76.3,0.6,6-4,38.7,480.0,-9.0,マーチャンフェイス,10.0
2020102604,スカイピース,2024/04/25,大井,晴,5,C2五六,15,1,1,13.8,7.0,13,和田譲治,54.0,ダ,1200.0,重,77.3,1.8,8-8,40.8,489.0,1.0,ベネチアフレイバー,
2020102604,スカイピース,2024/04/12,大井,晴,8,ソルティー・ドッグ賞(C2四),11,4,4,22.6,7.0,7,和田譲治,54.0,ダ,1400.0,重,91.4,1.2,3-3-3,42.1,488.0,6.0,ジョリーハーモニー,
2020102604,スカイピース,2024/03/21,大井,晴,10,C2六七八(C2七),14,3,4,17.3,7.0,7,和田譲治,54.0,ダ,1200.0,良,76.8,1.2,6-6,40.4,482.0,3.0,サブノユウゼン,
2020102604,スカイピース,2024/02/29,大井,曇,10,C2六七,14,6,10,6.6,4.0,5,和田譲治,54.0,ダ,1200.0,稍,76.6,0.9,8-8,39.5,479.0,-1.0,グランモール,10.0
2020102604,スカイピース,2024/02/15,大井,曇,9,C2六七,13,3,4,40.5,5.0,4,和田譲治,54.0,ダ,1200.0,良,75.7,1.1,6-6,38.6,480.0,2.0,ジェットスピード,15.0
2020102604,スカイピース,2024/01/25,大井,晴,5,C2五六七(C2六),14,2,2,27.6,7.0,7,和田譲治,54.0,ダ,1400.0,稍,91.2,1.3,1-1-1,41.4,478.0,5.0,グレッチャー,
2020102604,スカイピース,2023/12/31,大井,晴,5,C2二三四(C2三),14,7,12,18.7,5.0,5,和田譲治,54.0,ダ,1400.0,良,91.6,0.8,3-3-3,40.6,473.0,0.0,グレッチャー,10.0
2020102604,スカイピース,2023/12/08,大井,晴,4,ゼロカーボンシティし(C2四),14,3,4,23.5,4.0,11,桑村真明,54.0,ダ,1400.0,良,92.2,2.8,2-3-3,42.8,473.0,-1.0,ネクストブレイク,
2020102604,スカイピース,2023/11/17,大井,曇,7,C2二三四(C2三),14,7,11,42.4,9.0,3,桑村真明,54.0,ダ,1400.0,不,90.9,0.7,2-3-2,41.1,474.0,2.0,ラバテラリュージュ,25.0
2020102604,スカイピース,2023/08/08,金沢,晴,8,百万石の極みルビーロ(3歳),7,5,5,1.8,1.0,3,吉原寛人,54.0,ダ,1500.0,稍,96.6,0.8,1-1-1-1,39.0,472.0,-4.0,アリアージュ,8.4
2020102604,スカイピース,2023/07/25,金沢,晴,10,ラピスラズリ特別(3歳),11,5,5,2.6,2.0,2,田口貫太,51.0,ダ,1500.0,良,97.3,0.0,4-4-4-2,40.6,476.0,0.0,トゥーナミラクル,16.9
2020102604,スカイピース,2023/07/09,金沢,曇,12,加賀友禅賞(重賞),12,1,1,8.7,3.0,5,吉原寛人,54.0,ダ,1400.0,不,88.9,1.3,4-4-4-4,37.6,476.0,-4.0,ショウガタップリ,24.0
2020102604,スカイピース,2023/06/27,金沢,曇,12,石川ダービー(重賞),12,6,7,17.3,4.0,11,吉村智洋,55.0,ダ,2000.0,稍,136.0,4.9,1-1-1-4,42.6,480.0,8.0,ショウガタップリ,
2020102604,スカイピース,2023/05/14,金沢,曇,11,北日本新聞杯【石川ダ(重賞),12,5,6,5.0,3.0,3,吉原寛人,54.0,ダ,1700.0,良,110.2,1.3,3-3-2-2,40.7,472.0,11.0,ノブノビスケッツ,42.0
2020102604,スカイピース,2023/05/02,金沢,晴,11,ノトキリシマ賞(重賞),11,3,3,8.4,3.0,2,吉原寛人,54.0,ダ,1500.0,良,96.4,0.3,1-1-1-2,38.0,461.0,3.0,ショウガタップリ,84.0
2020102604,スカイピース,2023/04/18,金沢,雨,9,クリスタル特別(3歳),9,8,8,4.1,3.0,2,吉原寛人,54.0,ダ,1700.0,重,110.9,0.3,8-8-2-2,39.0,458.0,-10.0,ノブノビスケッツ,16.9
2020102604,スカイピース,2023/03/19,高知,晴,2,3歳ー2,7,3,3,16.0,4.0,3,多田羅誠,54.0,ダ,1400.0,不,91.9,0.3,7-7-5-3,40.2,468.0,1.0,トライコーン,12.0
2020102604,スカイピース,2023/03/05,高知,晴,2,大好き!高知競馬!特(3歳),8,7,7,6.9,3.0,5,吉原寛人,54.0,ダ,1400.0,稍,96.0,1.7,7-7-7-6,41.0,467.0,1.0,リワードジョン,6.0
2020102604,スカイピース,2023/02/19,高知,曇,2,3歳ー2,10,5,5,1.4,1.0,1,吉原寛人,54.0,ダ,1400.0,重,94.5,-0.1,7-5-5-2,40.6,466.0,-3.0,(ビッグリュウオー),60.0
2020102604,スカイピース,2023/02/05,高知,晴,1,3歳ー3,8,6,6,3.2,2.0,2,吉原寛人,54.0,ダ,1400.0,稍,96.1,0.6,6-7-5-4,41.2,469.0,-1.0,キタノソロモン,21.0
2020102604,スカイピース,2023/01/22,高知,曇,2,佐々原藍子誕生日特別(3歳),8,4,4,3.3,2.0,3,多田羅誠,54.0,ダ,1400.0,重,94.2,0.1,4-4-5-3,40.1,470.0,-4.0,ハンマ,12.0
2020102604,スカイピース,2023/01/10,高知,晴,1,3歳ー4,11,5,5,2.0,1.0,1,多田羅誠,54.0,ダ,1300.0,稍,88.8,-0.1,4-4-3-1,42.2,474.0,2.0,(サンマルーン),60.0
2020102604,スカイピース,2022/12/10,6阪神3,晴,1,2歳未勝利,13,6,9,130.6,6.0,11,大久保友,51.0,ダ,1800.0,良,119.1,2.8,1-1-1-2,42.1,472.0,2.0,ヨリノサファイヤ,
2020102604,スカイピース,2022/11/27,5阪神8,晴,2,2歳未勝利,16,8,15,39.8,9.0,12,和田竜二,54.0,芝,1200.0,良,71.1,2.3,15-15,35.1,470.0,22.0,ソフィアエール,
2020102604,スカイピース,2022/08/13,4小倉1,晴,2,2歳未勝利,12,5,5,30.7,5.0,8,和田竜二,54.0,芝,1200.0,良,69.2,1.3,10-10,34.9,448.0,-14.0,トールキン,
2020102604,スカイピース,2022/07/10,3小倉4,晴,6,2歳新馬,14,5,7,20.6,6.0,10,和田竜二,54.0,芝,1200.0,良,70.6,1.1,13-10,34.2,462.0,0.0,アロマデローサ,
2021103181,エイシンオキクルミ,2026/07/10,園田,晴,1,C3,11,1,1,17.3,7.0,6,福原杏,57.0,ダ,1230.0,良,82.4,2.0,4-3-3-2,40.8,486.0,1.0,アッケシ,
2021103181,エイシンオキクルミ,2026/06/19,園田,曇,7,C2二,10,8,10,13.8,3.0,中,下原理,57.0,ダ,1230.0,良,,,,,485.0,4.0,サファリ,
2021103181,エイシンオキクルミ,2026/05/28,園田,曇,5,淡河スプリントC2,12,7,9,184.2,11.0,6,永井孝典,57.0,ダ,1230.0,稍,81.6,0.7,12-12-11-9,39.3,481.0,4.0,アングラー,
2021103181,エイシンオキクルミ,2026/05/04,園田,晴,9,芦毛集結!enjoy(C2C3),7,1,1,12.6,4.0,5,永井孝典,57.0,ダ,1400.0,重,96.1,1.2,3-3-3-3,41.8,477.0,-6.0,ミキヨウッドテール,8.0
2021103181,エイシンオキクルミ,2026/04/15,園田,雨,7,C2二,10,7,7,29.1,6.0,7,永井孝典,57.0,ダ,1400.0,稍,94.3,2.0,7-7-6-7,39.7,483.0,-1.0,ヴァラドン,
2021103181,エイシンオキクルミ,2026/03/26,園田,曇,7,C2二,10,6,6,12.8,7.0,7,永井孝典,57.0,ダ,1400.0,重,94.9,1.1,6-7-6-6,41.4,484.0,-6.0,ベストオブキング,
2021103181,エイシンオキクルミ,2026/03/05,姫路,晴,4,上仮屋北7ハロンC2,10,7,7,6.5,2.0,5,井上幹太,57.0,ダ,1400.0,稍,97.3,1.6,8-8-6-6,41.4,490.0,-5.0,ダイボウケン,7.0
2021103181,エイシンオキクルミ,2026/02/03,姫路,晴,4,節分賞C3一,10,3,3,5.4,2.0,2,永井孝典,57.0,ダ,1400.0,良,95.6,0.0,5-5-3-3,41.0,495.0,-2.0,スマートサターン,24.0
2021103181,エイシンオキクルミ,2026/01/15,園田,晴,5,ネコニスズ☆来場記念(C3),12,5,6,8.5,4.0,5,永井孝典,57.0,ダ,1230.0,良,81.0,0.4,8-8-8-7,38.9,497.0,4.0,タプチャン,6.0
2021103181,エイシンオキクルミ,2025/12/23,園田,晴,12,モミノキ賞C2,12,5,5,23.8,7.0,9,廣瀬航,57.0,ダ,1230.0,稍,82.8,2.0,10-11-9-9,40.8,493.0,-3.0,エルピーゾ,
2021103181,エイシンオキクルミ,2025/12/09,園田,晴,12,C2,11,2,2,18.4,6.0,6,永井孝典,57.0,ダ,1230.0,良,82.1,1.4,8-8-8-5,39.8,496.0,0.0,モズシューター,
2021103181,エイシンオキクルミ,2025/11/20,園田,晴,12,紅葉の駆け抜け賞C2,12,7,10,8.1,3.0,9,下原理,57.0,ダ,1230.0,良,82.8,1.5,9-9-8-7,40.6,496.0,15.0,エイシンホユプ,
2021103181,エイシンオキクルミ,2025/07/31,園田,晴,9,C1二,9,5,5,4.2,4.0,3,永井孝典,57.0,ダ,1230.0,良,81.1,0.5,9-9-8-4,38.3,481.0,-3.0,デビルシズカチャン,27.5
2021103181,エイシンオキクルミ,2025/07/17,園田,曇,12,C1二,10,8,10,4.8,3.0,6,永井孝典,57.0,ダ,1230.0,不,81.3,1.1,6-5-4-4,40.2,484.0,2.0,フルリール,
2021103181,エイシンオキクルミ,2025/06/20,園田,晴,7,脳みそ夫☆来場記念C(C2),12,7,9,6.9,2.0,1,永井孝典,57.0,ダ,1230.0,良,81.2,-0.1,5-6-3-3,39.7,482.0,-8.0,(ソリスルクス),70.0
2021103181,エイシンオキクルミ,2025/01/16,園田,晴,12,スイセン賞C1,12,2,2,19.8,5.0,9,永井孝典,56.0,ダ,1230.0,良,81.9,1.6,11-12-12-11,39.6,490.0,0.0,モズマサニャン,
2021103181,エイシンオキクルミ,2024/12/25,園田,晴,12,プリンセチア賞C1,12,8,12,7.9,3.0,4,永井孝典,56.0,ダ,1230.0,良,81.3,0.5,8-9-6-6,38.8,490.0,0.0,モズマサニャン,16.5
2021103181,エイシンオキクルミ,2024/11/14,園田,晴,12,C1一,10,4,4,3.6,3.0,4,永井孝典,56.0,ダ,1230.0,良,80.7,0.4,7-7-8-8,39.3,490.0,8.0,アスセナ,16.5
2021103181,エイシンオキクルミ,2024/07/19,園田,晴,11,報知澪標特別B2,12,6,7,6.9,4.0,8,永井孝典,55.0,ダ,1400.0,良,93.3,1.7,11-11-10-10,40.7,482.0,1.0,ランボーリープ,
2021103181,エイシンオキクルミ,2024/06/28,園田,曇,7,ビシッと一脚入魂!バ(A),6,5,5,2.5,2.0,3,永井孝典,55.0,ダ,1230.0,不,81.6,0.3,6-6-5-4,40.1,481.0,-6.0,エイシンチョンパ,26.0
2021103181,エイシンオキクルミ,2024/06/07,園田,晴,12,カサブランカ賞3歳A(AB),12,1,1,7.6,4.0,1,永井孝典,55.0,ダ,1230.0,良,80.1,-0.5,12-11-8-5,38.6,487.0,3.0,(ラブミーテキーラ),130.0
2021103181,エイシンオキクルミ,2024/05/02,園田,晴,8,3歳AB,11,6,6,17.3,6.0,3,永井孝典,55.0,ダ,1230.0,稍,81.3,0.6,10-10-7-5,39.6,484.0,1.0,ラブミーテキーラ,26.0
2021103181,エイシンオキクルミ,2024/04/10,園田,晴,10,3歳B,12,5,6,6.3,3.0,1,永井孝典,55.0,ダ,1230.0,重,81.6,-0.2,11-10-7-6,39.9,483.0,-7.0,(ラクスガウディ),100.0
2021103181,エイシンオキクルミ,2024/03/20,園田,曇,9,飲んで応援!ひょうご(BC1),11,7,8,38.2,8.0,7,永井孝典,56.0,ダ,1700.0,稍,119.8,3.2,6-4-2-4,43.4,490.0,8.0,グランレザンドール,
2021103181,エイシンオキクルミ,2024/02/23,姫路,曇,12,スミレ賞3歳B,10,3,3,12.1,5.0,3,永井孝典,55.0,ダ,1400.0,重,95.4,0.8,10-10-2-3,41.9,482.0,-7.0,エズヴィラージュ,25.0
2021103181,エイシンオキクルミ,2024/01/24,姫路,晴,10,3歳B,12,1,1,4.3,2.0,11,下原理,55.0,ダ,1400.0,良,97.1,3.4,11-11-12-12,42.4,489.0,-3.0,モンゲーギフト,
2021103181,エイシンオキクルミ,2023/10/25,門別,晴,2,2歳未勝利(未勝利),12,7,10,4.1,4.0,1,阿部龍,55.0,ダ,1100.0,稍,68.8,-0.4,3-3,38.4,492.0,6.0,(デュバルストリート),50.0
2021103181,エイシンオキクルミ,2023/10/05,門別,雨,1,2歳未勝利(未勝利),11,7,9,4.3,2.0,3,黒澤愛斗,55.0,ダ,1200.0,稍,76.8,0.4,2-1,40.6,486.0,2.0,ベストカリフ,10.5
2021103181,エイシンオキクルミ,2023/09/20,門別,曇,3,2歳未勝利(未勝利),8,8,8,4.1,2.0,3,黒澤愛斗,55.0,ダ,1200.0,良,77.5,0.1,3-2,40.9,484.0,0.0,スウィートシーズン,10.5
2021103181,エイシンオキクルミ,2023/09/07,門別,晴,2,2歳未勝利(未勝利),8,1,1,14.7,4.0,2,黒澤愛斗,54.0,ダ,1200.0,稍,77.6,0.2,3-1,39.3,484.0,2.0,ヤマショウルルサン,14.0
2021103181,エイシンオキクルミ,2023/08/23,門別,晴,3,2歳未勝利(未勝利),8,6,6,12.3,3.0,2,黒澤愛斗,54.0,ダ,1200.0,稍,77.2,0.3,2-2,40.8,482.0,0.0,バレンタインガール,14.0
2021103181,エイシンオキクルミ,2023/08/09,門別,晴,2,みついし産米トキノミ(未勝利)(2歳),11,8,10,10.5,3.0,7,桑村真明,54.0,ダ,1100.0,稍,70.7,1.8,5-4,40.2,482.0,-2.0,コモリリーガル,
2021103181,エイシンオキクルミ,2023/07/27,門別,晴,3,JRA認定アタックチ(未勝利)(2歳),8,1,1,11.6,6.0,7,落合玄太,54.0,ダ,1000.0,良,64.0,2.0,6-5,38.7,484.0,-4.0,キスリング,
2021103181,エイシンオキクルミ,2023/07/12,門別,雨,3,JRA認定フレッシュ(新馬)(2歳),8,7,7,2.3,1.0,4,井上俊彦,54.0,ダ,1000.0,重,63.8,0.5,3-3,39.6,488.0,0.0,マイドオオキニ,35.0
2020105473,ニシノオールマイト,2026/07/16,園田,晴,5,海内スプリントC3,12,1,1,65.9,8.0,2.0,山本屋太,57.0,ダ,1230.0,良,80.7,0.9,8-8-6-3,39.3,503.0,-3.0,ゴールデンスキーム,24.0
2020105473,ニシノオールマイト,2026/07/02,園田,曇,5,福甸7ハロンC2一,12,7,10,348.3,11.0,12.0,山本屋太,57.0,ダ,1400.0,不,95.7,5.3,7-9-10-11,43.7,506.0,2.0,スプリガン,
2020105473,ニシノオールマイト,2026/06/26,園田,雨,10,バラ賞C2一,0,8,11,,,,山本屋太,57.0,ダ,1400.0,不,,,,,,,,
2020105473,ニシノオールマイト,2026/06/10,園田,晴,5,敏馬7ハロンC2一,12,8,11,190.4,11.0,11.0,山本屋太,57.0,ダ,1400.0,稍,95.3,2.8,3-3-3-5,43.6,504.0,-3.0,トモジャイブ,
2020105473,ニシノオールマイト,2026/04/07,園田,曇,9,C1,9,7,7,208.9,9.0,9.0,竹村達也,57.0,ダ,1870.0,稍,131.0,3.2,8-8-9-9,43.0,507.0,4.0,ムーンレイデオ,
2020105473,ニシノオールマイト,2026/03/26,園田,曇,12,菜の花賞C1一,12,6,7,393.4,11.0,12.0,山本屋太,57.0,ダ,1400.0,重,95.2,3.0,12-12-12-12,41.2,503.0,6.0,エイシンジャスパー,
2020105473,ニシノオールマイト,2026/03/12,姫路,晴,9,飲んで応援!ひょうご(C1),10,2,2,136.9,9.0,9.0,山本屋太,57.0,ダ,1800.0,良,126.5,2.6,5-4-6-5,41.8,497.0,-1.0,ギャランドゥ,
2020105473,ニシノオールマイト,2026/02/26,姫路,曇,12,初コラボも全部まとめ(B2C1),12,6,8,84.8,9.0,3.0,山本屋太,56.0,ダ,1500.0,重,102.6,1.3,6-6-4-3,42.4,498.0,-2.0,ラストデュエル,32.5
2020105473,ニシノオールマイト,2026/02/10,姫路,曇,9,C1,8,3,3,85.1,8.0,4.0,山本屋太,57.0,ダ,1800.0,良,127.3,1.4,4-5-7-7,41.4,500.0,-1.0,シャオシンユン,16.5
2020105473,ニシノオールマイト,2026/01/29,姫路,晴,8,C1二,9,5,5,192.2,9.0,8.0,山本屋太,57.0,ダ,1400.0,良,96.1,2.1,5-5-4-7,41.7,501.0,5.0,ゼンダンスバシリ,
2020105473,ニシノオールマイト,2026/01/13,園田,曇,7,C1二,10,1,1,272.0,9.0,9.0,山本屋太,57.0,ダ,1230.0,良,82.8,2.8,8-9-9-9,40.0,496.0,-1.0,エルピーゾ,
2020105473,ニシノオールマイト,2025/12/30,園田,曇,9,B2C1,12,6,8,138.2,9.0,9.0,山本屋太,56.0,ダ,820.0,稍,52.3,1.3,10-10,37.1,497.0,-1.0,デビルシズカチャン,
2020105473,ニシノオールマイト,2025/12/23,園田,晴,9,C1二,9,8,8,108.4,7.0,6.0,山本屋太,57.0,ダ,1400.0,稍,93.3,1.0,2-2-2-2,41.0,498.0,6.0,ジーティートゥルー,
2020105473,ニシノオールマイト,2025/12/02,園田,晴,7,C1二,8,1,1,90.2,8.0,8.0,山本屋太,57.0,ダ,1230.0,良,82.2,2.1,8-8-5-4,40.4,492.0,-5.0,コヒロ,
2020105473,ニシノオールマイト,2025/11/18,園田,曇,5,山南町草部スプ(C1),12,3,3,150.0,12.0,11.0,山本屋太,57.0,ダ,1230.0,良,82.7,1.7,11-11-11-10,39.7,497.0,1.0,タッカーバレット,
2020105473,ニシノオールマイト,2025/11/04,園田,晴,8,C1二,11,6,7,98.9,9.0,4.0,山本屋太,57.0,ダ,1230.0,稍,81.5,1.6,10-10-10-10,39.4,496.0,2.0,エイシンジャスパー,16.5
2020105473,ニシノオールマイト,2025/10/24,園田,晴,9,C2一,9,6,6,109.6,9.0,1.0,山本屋太,57.0,ダ,1400.0,良,92.9,0.0,8-9-8-7,40.9,494.0,-7.0,(ワーキングアセット),70.0
2020105473,ニシノオールマイト,2025/10/08,園田,晴,11,JRA交流猪名川特別,12,2,2,375.1,11.0,12.0,山本屋太,57.0,ダ,1400.0,稍,94.6,4.6,10-10-10-11,41.8,501.0,0.0,カネトシフラム,
2020105473,ニシノオールマイト,2025/09/24,園田,曇,8,ファイティングジョッ(C2),12,3,3,251.5,12.0,9.0,永森大智,57.0,ダ,1700.0,良,116.0,1.2,10-9-9-8,40.2,501.0,2.0,ディザーヴユー,
2020105473,ニシノオールマイト,2025/09/10,園田,曇,7,C2一,9,1,1,146.3,9.0,9.0,山本屋太,56.0,ダ,1400.0,良,94.4,1.4,7-7-7-8,40.5,499.0,1.0,シャトーエズ,
2020105473,ニシノオールマイト,2025/08/28,園田,晴,12,C1二,11,7,8,120.2,10.0,9.0,山本屋太,56.0,ダ,1400.0,良,93.0,1.4,9-9-8-10,39.7,498.0,2.0,ウィリデシルバ,
2020105473,ニシノオールマイト,2025/08/14,園田,晴,9,C1二,9,8,10,31.0,7.0,7.0,大柿一真,57.0,ダ,1230.0,良,82.5,1.5,7-7-6-7,40.1,496.0,0.0,ヒロノラファール,
2020105473,ニシノオールマイト,2025/07/31,園田,晴,9,C1二,9,6,6,29.1,6.0,7.0,高橋愛叶,55.0,ダ,1230.0,良,81.5,0.9,6-7-9-7,38.7,496.0,-2.0,デビルシズカチャン,
2020105473,ニシノオールマイト,2025/07/10,園田,晴,9,C1二,9,7,7,121.1,9.0,7.0,山本屋太,56.0,ダ,1400.0,良,93.1,2.0,8-9-7-7,40.3,498.0,0.0,ファーストリッキー,
2020105473,ニシノオールマイト,2025/06/19,園田,晴,8,C1,11,2,2,58.1,10.0,8.0,大柿一真,57.0,ダ,1230.0,良,81.6,1.5,7-6-5-6,40.2,498.0,-1.0,ホウオウライジン,
2020105473,ニシノオールマイト,2025/05/28,園田,晴,9,C2一,12,8,12,49.9,8.0,1.0,山本屋太,56.0,ダ,1230.0,良,81.5,0.0,5-3-3-3,39.9,499.0,-5.0,(ヴェニスクィーン),80.0
2020105473,ニシノオールマイト,2025/05/08,園田,晴,10,JRA交流由良川特別,12,7,9,213.5,12.0,12.0,山本屋太,56.0,ダ,1400.0,良,93.8,3.8,10-11-12-11,42.3,504.0,4.0,グレイスオブゴッド,
2020105473,ニシノオールマイト,2025/04/29,園田,晴,6,C2一,9,1,1,44.4,7.0,5.0,山本屋太,56.0,ダ,1400.0,稍,94.3,1.9,8-7-8-9,41.0,500.0,3.0,カーロアヴァンティ,7.0
2020105473,ニシノオールマイト,2025/04/17,園田,晴,6,C2一,12,4,4,47.6,8.0,4.0,山本屋太,56.0,ダ,820.0,良,51.6,0.8,10-8,36.8,497.0,4.0,フィオリーノ,10.5
2020105473,ニシノオールマイト,2025/04/01,園田,曇,8,C2一,10,8,9,81.7,8.0,8.0,山本屋太,56.0,ダ,1400.0,稍,93.6,1.6,6-6-5-6,41.3,493.0,1.0,アグネスシュウ,
2020105473,ニシノオールマイト,2025/03/20,園田,晴,12,C2,12,6,8,18.3,6.0,4.0,山本屋太,55.0,ダ,1230.0,稍,82.4,1.2,11-11-11-3,40.4,492.0,-4.0,スツーカ,12.0
2020105473,ニシノオールマイト,2025/03/04,姫路,雨,9,C2一,8,5,5,22.1,5.0,2.0,山本屋太,55.0,ダ,800.0,不,51.1,0.0,6-4,36.3,496.0,-3.0,インターセプト,24.5
2020105473,ニシノオールマイト,2025/02/24,姫路,晴,8,C2一,6,4,4,21.8,4.0,3.0,山本屋太,55.0,ダ,1400.0,良,94.8,2.8,6-6-4-4,39.3,499.0,-1.0,ヴィーリヤ,14.0
2020105473,ニシノオールマイト,2025/02/11,姫路,晴,8,C2一,10,7,7,63.0,9.0,5.0,山本屋太,55.0,ダ,1400.0,良,94.5,1.2,10-10-8-7,40.3,500.0,1.0,ステイチューンド,7.0
2020105473,ニシノオールマイト,2025/01/29,姫路,晴,7,C2一,10,4,4,39.6,7.0,4.0,山本屋太,55.0,ダ,1400.0,良,95.4,1.3,6-6-4-5,40.2,499.0,2.0,アエディフィカータ,10.5
2020105473,ニシノオールマイト,2025/01/14,園田,曇,8,C2一,12,3,3,10.3,5.0,8.0,山本屋太,56.0,ダ,1400.0,良,94.7,0.9,9-9-8-6,40.5,497.0,-3.0,スーパーアスラーダ,
2020105473,ニシノオールマイト,2024/12/26,園田,晴,7,C2二,12,7,9,2.3,1.0,1.0,吉村智洋,56.0,ダ,1400.0,良,93.8,-0.9,2-2-2-1,39.6,500.0,6.0,(テーオーロバート),70.0
2020105473,ニシノオールマイト,2024/12/12,園田,晴,6,2024YJSファイ(C2),11,8,10,17.7,6.0,3.0,長江慶悟,56.0,ダ,1400.0,良,93.7,0.9,6-6-4-3,39.9,494.0,-4.0,ラディアントホース,20.0
2020105473,ニシノオールマイト,2024/11/28,園田,晴,5,猪篠スプリントC2二,10,2,2,15.6,6.0,4.0,塩津璃菜,52.0,ダ,1230.0,重,83.0,0.9,7-7-6-6,40.0,498.0,-4.0,サイコウダネ,12.0
2020105473,ニシノオールマイト,2024/11/12,園田,晴,4,津門7ハロンC3一,10,7,8,3.3,2.0,2.0,山本屋太,55.0,ダ,1400.0,良,94.6,0.3,4-4-2-1,41.1,502.0,-7.0,ワキノフラッシュ,19.6
2020105473,ニシノオールマイト,2024/10/30,園田,晴,3,C3一,10,8,10,22.0,5.0,4.0,山本屋太,55.0,ダ,1400.0,不,94.5,1.8,3-4-2-2,41.4,509.0,6.0,サンウイキョウ,8.4
2020105473,ニシノオールマイト,2024/10/18,園田,曇,5,C3一,10,8,9,34.9,5.0,4.0,山本屋太,55.0,ダ,1400.0,良,94.1,1.8,3-3-3-2,40.2,503.0,-2.0,ドンアポロン,8.4
2020105473,ニシノオールマイト,2024/10/04,園田,曇,4,C3,10,7,7,16.8,7.0,5.0,山本屋太,55.0,ダ,1230.0,不,83.7,1.0,9-10-6-5,40.8,505.0,-2.0,エルマニート,5.6
2020105473,ニシノオールマイト,2024/09/18,園田,晴,4,高崎7ハロンC3二,10,5,5,2.6,1.0,7.0,山本屋太,55.0,ダ,1400.0,良,95.9,1.6,7-7-3-2,42.1,507.0,12.0,リゾルート,
2020105473,ニシノオールマイト,2024/09/06,園田,晴,8,そのだ愛ランドよしも(C2),11,8,12,82.0,8.0,6.0,山本屋太,55.0,ダ,1400.0,良,93.7,1.1,3-3-3-3,41.7,495.0,-5.0,ヴィヴラガレット,
2020105473,ニシノオールマイト,2024/08/23,園田,晴,8,C2二,8,6,6,15.0,6.0,5.0,山本屋太,55.0,ダ,1400.0,良,94.3,1.2,6-5-3-3,41.4,500.0,0.0,スマートカナートス,7.0
2020105473,ニシノオールマイト,2024/08/08,園田,晴,8,JRA交流逆瀬川特別,8,4,4,72.8,7.0,7.0,石堂響,56.0,ダ,1400.0,稍,92.6,2.7,7-7-7-6,40.0,500.0,-1.0,コパノマイアミ,
2020105473,ニシノオールマイト,2024/07/19,園田,晴,6,C2二,8,6,6,4.1,1.0,2.0,新庄海誠,53.0,ダ,1400.0,良,94.4,0.0,4-4-1-1,40.3,501.0,1.0,ジーズデイズ,24.5
2020105473,ニシノオールマイト,2024/07/05,園田,晴,12,C2一,12,3,3,28.5,8.0,5.0,大山龍太,56.0,ダ,820.0,良,51.9,0.7,9-10,36.7,500.0,-7.0,ラストチケット,8.0
2020105473,ニシノオールマイト,2024/06/19,園田,晴,7,C2二,8,2,2,27.1,7.0,3.0,高畑皓一,56.0,ダ,1230.0,重,82.6,0.5,8-8-7-6,39.5,507.0,1.0,サティンボディス,16.0
2020105473,ニシノオールマイト,2024/06/06,園田,曇,7,C2一,10,8,10,11.9,5.0,6.0,新庄海誠,53.0,ダ,1400.0,良,93.3,0.5,3-3-3-3,42.0,506.0,-2.0,メイショウガッツ,
2020105473,ニシノオールマイト,2024/05/17,園田,晴,5,C2一,9,8,9,23.1,5.0,2.0,山本屋太,55.0,ダ,1400.0,良,93.2,0.5,3-3-2-2,40.5,508.0,2.0,コンフィズリー,24.5
2020105473,ニシノオールマイト,2024/05/01,園田,雨,7,C2,8,8,8,68.4,7.0,4.0,山本屋太,55.0,ダ,1870.0,重,128.2,0.6,2-2-2-1,41.1,506.0,-1.0,タガノフリューゲル,12.0
2020105473,ニシノオールマイト,2024/04/18,園田,曇,9,C2,10,4,4,238.6,10.0,10.0,山本屋太,55.0,ダ,1700.0,良,117.9,4.2,6-8-8-10,42.0,507.0,1.0,ユイアングレイス,
2020105473,ニシノオールマイト,2024/04/03,園田,雨,7,C2,6,1,1,45.8,5.0,4.0,山本屋太,55.0,ダ,1870.0,重,133.2,6.3,6-6-4-4,46.1,506.0,9.0,オボッチャマ,12.0
2020105473,ニシノオールマイト,2024/03/19,園田,曇,9,C2,12,5,6,163.7,9.0,9.0,山本屋太,55.0,ダ,1700.0,良,118.7,2.3,8-8-9-9,40.8,497.0,-4.0,オボッチャマ,
2020105473,ニシノオールマイト,2024/03/06,姫路,曇,12,C2,12,2,2,36.9,7.0,10.0,山本屋太,55.0,ダ,1500.0,重,102.9,2.6,11-12-11-11,42.4,501.0,-2.0,テイケイヴォーグ,
2020105473,ニシノオールマイト,2024/02/21,姫路,雨,8,C2二,10,5,5,17.5,6.0,5.0,山本屋太,55.0,ダ,1400.0,重,94.8,1.6,7-7-7-5,40.9,503.0,2.0,エイシンエラン,7.0
2020105473,ニシノオールマイト,2024/02/01,姫路,曇,5,C2二,10,8,9,6.0,4.0,2.0,山本屋太,55.0,ダ,1400.0,稍,94.5,0.6,3-3-2-2,40.4,501.0,-2.0,クレスコロッキー,28.0
2020105473,ニシノオールマイト,2024/01/16,姫路,晴,12,C2,12,8,12,42.8,8.0,4.0,田野豊三,56.0,ダ,1800.0,良,124.8,0.9,3-3-3-4,40.6,503.0,5.0,パフオブウインド,12.0
2020105473,ニシノオールマイト,2024/01/03,園田,曇,6,C2三,11,2,2,15.3,5.0,3.0,杉浦健太,56.0,ダ,1400.0,良,93.6,0.4,9-8-5-4,40.0,498.0,-1.0,イザワン,17.5
2020105473,ニシノオールマイト,2023/12/21,園田,晴,1,C3四,10,4,4,2.1,1.0,1.0,山本屋太,54.0,ダ,1400.0,良,94.5,-1.9,1-1-1-1,41.2,499.0,-2.0,(スエヒロイナズマ),56.0
2020105473,ニシノオールマイト,2023/12/07,園田,晴,1,C3三,8,1,1,1.5,1.0,3.0,山本屋太,54.0,ダ,1400.0,良,96.1,1.1,7-7-5-4,40.7,501.0,1.0,イスズスカーレット,14.0
2020105473,ニシノオールマイト,2023/11/21,園田,晴,3,C3二,10,2,2,10.2,4.0,3.0,山本屋太,54.0,ダ,1400.0,稍,96.8,1.0,8-8-6-6,40.1,500.0,16.0,アラモードジェンヌ,14.0
2020105473,ニシノオールマイト,2023/08/02,園田,晴,3,C3一,10,7,8,19.4,8.0,8.0,大柿一真,55.0,ダ,1400.0,良,95.3,2.0,8-8-9-9,40.8,484.0,-2.0,アオイゴールドワン,
2020105473,ニシノオールマイト,2023/07/21,園田,晴,3,C3三,10,6,6,4.8,3.0,4.0,大柿一真,55.0,ダ,1400.0,良,93.8,0.7,8-8-8-6,40.5,486.0,-4.0,ミヤビルーナ,8.4
2020105473,ニシノオールマイト,2023/07/05,園田,雨,2,3歳C2,12,8,11,17.3,3.0,3.0,大柿一真,55.0,ダ,1400.0,良,94.3,0.6,6-5-3-3,40.5,490.0,-1.0,エイシンチェンバー,15.0
2020105473,ニシノオールマイト,2023/06/21,園田,曇,2,3歳C2,12,6,8,35.2,5.0,4.0,大柿一真,55.0,ダ,1400.0,良,94.3,1.2,9-8-8-5,41.5,491.0,-2.0,パリパリ,9.0
2020105473,ニシノオールマイト,2023/03/02,姫路,曇,7,3歳C1,9,8,9,13.2,5.0,6.0,大柿一真,55.0,ダ,1500.0,稍,102.2,1.6,7-7-7-7,40.8,493.0,1.0,ニシノウール,
2020105473,ニシノオールマイト,2023/02/16,姫路,曇,8,3歳C1,11,1,1,7.3,4.0,4.0,大柿一真,55.0,ダ,1500.0,良,101.7,0.6,8-8-8-6,40.0,492.0,-5.0,スエヒロイナズマ,12.0
2020105473,ニシノオールマイト,2023/02/08,姫路,晴,6,3歳C1,12,8,12,4.7,3.0,5.0,大柿一真,55.0,ダ,1400.0,稍,94.7,1.5,7-7-6-5,39.8,497.0,2.0,サトシライズ,8.0
2020105473,ニシノオールマイト,2023/01/27,姫路,曇,8,3歳C1,10,4,4,6.2,3.0,3.0,永井孝典,55.0,ダ,1400.0,稍,95.4,0.6,9-10-9-8,39.4,495.0,7.0,ヴェローチェ,20.0
2020105473,ニシノオールマイト,2023/01/25,姫路,,8,3歳C1,0,4,4,,,,永井孝典,55.0,ダ,1400.0,,,,,,,,,
2020105473,ニシノオールマイト,2022/12/25,5中山8,晴,4,2歳未勝利,18,3,5,312.5,13.0,18.0,野中悠太,55.0,芝,2000.0,良,128.1,5.5,10-9-15-18,40.1,488.0,10.0,ダニーデン,
2020105473,ニシノオールマイト,2022/10/30,4東京9,晴,3,2歳未勝利,10,7,8,59.3,7.0,9.0,ドイル,55.0,芝,2000.0,良,123.4,3.2,6-6-6,36.5,478.0,2.0,ニシノプロポーズ,
2020105473,ニシノオールマイト,2022/10/08,4東京1,曇,2,2歳未勝利,15,6,11,49.5,10.0,10.0,内田博幸,55.0,ダ,1600.0,重,99.1,2.4,11-12,38.0,476.0,2.0,スペンサーバローズ,
2020105473,ニシノオールマイト,2022/09/10,4中山1,晴,3,2歳未勝利,12,2,2,21.5,7.0,7.0,内田博幸,54.0,ダ,1800.0,稍,118.6,2.7,11-11-11-10,40.4,474.0,8.0,ゴッドインパルス,
2020105473,ニシノオールマイト,2022/07/09,2福島3,小雨,2,2歳未勝利,8,6,6,62.7,5.0,7.0,内田博幸,54.0,芝,1800.0,良,111.9,2.8,8-8-8-7,36.8,466.0,0.0,ゴッドファーザー,
2020105473,ニシノオールマイト,2022/06/25,3東京7,晴,5,2歳新馬,16,6,11,129.7,14.0,13.0,内田博幸,54.0,芝,1800.0,良,112.9,2.9,3-3-3,37.1,466.0,0.0,シャンドゥレール,
2021101775,インタールード,2026/07/10,園田,晴,1,C3,11,3,3,8.8,4.0,7,田野豊三,55.0,ダ,1230.0,良,82.6,2.2,6-6-5-4,40.5,418.0,4.0,アッケシ,
2021101775,インタールード,2026/06/12,園田,晴,5,C3一,9,1,1,9.9,4.0,9,松木大地,55.0,ダ,1400.0,良,95.2,2.2,3-3-4-5,41.9,414.0,6.0,コスモタイシ,
2021101775,インタールード,2025/10/15,園田,曇,12,C2一,12,5,5,32.7,5.0,3,下原理,56.0,ダ,820.0,良,51.5,0.9,6-4,36.8,408.0,1.0,レオナルドスター,20.0
2021101775,インタールード,2025/08/29,園田,晴,6,C2二,10,5,5,4.1,3.0,1,下原理,55.0,ダ,1400.0,良,93.1,0.0,3-3-3-2,41.0,407.0,1.0,(アウローラルミエル),70.0
2021101775,インタールード,2025/08/08,園田,曇,5,C2三,9,6,6,12.4,5.0,4,下原理,55.0,ダ,1400.0,稍,93.4,0.8,2-2-2-3,39.7,406.0,2.0,ジャクソンルーツ,10.5
2021101775,インタールード,2025/07/18,園田,曇,1,C3,12,8,12,13.2,4.0,1,下原理,55.0,ダ,1230.0,重,82.7,0.0,3-3-2-2,40.8,404.0,14.0,(トモノボーイ),60.0
2021101775,インタールード,2025/07/03,園田,曇,2,柞田スプリントC3,10,3,3,,,取,田野豊三,55.0,ダ,1230.0,良,,,,,,,スマルト,
2021101775,インタールード,2025/06/06,園田,曇,5,C3,12,6,8,86.0,7.0,6,佐々木世,53.0,ダ,1230.0,良,82.8,0.9,3-4-5-5,41.9,390.0,0.0,ラピダニーニャ,
2021101775,インタールード,2025/05/15,園田,晴,2,C3,7,1,1,35.9,5.0,4,佐々木世,53.0,ダ,1230.0,良,82.3,1.0,2-2-3-2,40.8,390.0,3.0,ベントディパーチェ,9.0
2021101775,インタールード,2025/04/23,園田,曇,5,仁頂寺スプリントC3,12,6,7,166.4,11.0,6,佐々木世,53.0,ダ,1230.0,重,82.1,2.5,5-5-5-5,41.2,387.0,-10.0,エズヴィラージュ,
2021101775,インタールード,2025/04/02,園田,曇,2,C3二,12,3,3,77.9,7.0,10,佐々木世,53.0,ダ,1400.0,良,97.2,3.4,5-3-5-8,43.6,397.0,4.0,ドゥザキャッチ,
2021101775,インタールード,2025/03/12,園田,曇,4,LJSイベントin園(C3),10,8,10,30.1,8.0,7,佐々木世,52.0,ダ,1230.0,重,83.8,0.6,3-3-2-2,41.2,393.0,5.0,ネヴァタップアウト,
2021101775,インタールード,2025/02/13,姫路,晴,3,C3一,12,7,9,88.1,7.0,12,土方颯太,52.0,ダ,1400.0,稍,96.7,2.4,9-9-7-8,42.5,388.0,-1.0,グアラニア,
2021101775,インタールード,2025/01/22,姫路,晴,6,C2一,10,3,3,112.3,10.0,8,松木大地,54.0,ダ,1400.0,良,96.5,1.9,9-9-8-7,42.0,389.0,-4.0,バスターウルフ,
2021101775,インタールード,2024/12/31,園田,曇,8,C2,12,5,6,123.0,11.0,10,松木大地,54.0,ダ,1230.0,良,83.2,1.5,12-12-11-10,39.6,393.0,7.0,サンピアノソナタ,
2021101775,インタールード,2024/12/04,園田,晴,8,C2一,12,7,9,34.4,6.0,10,下原理,54.0,ダ,1400.0,稍,95.5,3.0,3-4-5-5,42.5,386.0,-4.0,アグネスリュウ,
2021101775,インタールード,2024/11/13,園田,晴,10,C1一,12,1,1,146.1,11.0,10,松木大地,54.0,ダ,1400.0,良,93.9,2.1,12-12-12-11,40.9,390.0,-3.0,ヨドノルミナス,
2021101775,インタールード,2024/10/16,園田,曇,10,DASH和歌山10周(C1),8,6,6,37.6,6.0,6,笹田知宏,54.0,ダ,1400.0,良,92.5,1.5,5-5-4-4,41.3,393.0,0.0,キクノルメイユール,
2021101775,インタールード,2024/09/27,園田,晴,12,デスマッチ・ドラゴン(C1),12,4,4,50.9,7.0,7,笹田知宏,54.0,ダ,1400.0,良,93.0,1.7,3-3-3-3,41.0,393.0,-6.0,キクノルメイユール,
2021101775,インタールード,2024/08/28,園田,曇,9,C1一,8,6,6,2.7,2.0,2,笹田知宏,54.0,ダ,1400.0,稍,93.4,0.4,2-2-2-2,41.1,399.0,1.0,ホウショウマーニ,38.5
2021101775,インタールード,2024/08/07,園田,晴,12,C1一,11,8,11,9.4,4.0,2,笹田知宏,54.0,ダ,1400.0,稍,94.1,0.1,7-5-3-1,41.1,398.0,-4.0,ハヌマーン,38.5
2021101775,インタールード,2024/07/17,園田,晴,10,C1二,10,4,4,33.4,6.0,5,笹田知宏,54.0,ダ,1400.0,稍,93.9,1.8,6-6-5-4,41.5,402.0,2.0,エイシンレオ,11.0
2021101775,インタールード,2024/06/19,園田,晴,8,3歳A,8,6,6,39.0,6.0,3,笹田知宏,54.0,ダ,1400.0,重,93.8,0.9,6-6-3-3,41.1,400.0,0.0,ホクザンバーリイ,26.0
2021101775,インタールード,2024/05/09,園田,晴,11,のじぎく賞(重賞),12,3,3,259.0,12.0,11,笹田知宏,54.0,ダ,1700.0,良,116.8,2.5,6-7-7-8,42.3,400.0,-3.0,ニジイロハーピー,
2021101775,インタールード,2024/04/02,園田,晴,9,3歳AB,7,5,5,27.4,4.0,4,笹田知宏,54.0,ダ,1400.0,良,93.9,1.7,5-5-4-4,39.8,403.0,-4.0,ウインディーパレス,19.5
2021101775,インタールード,2024/02/28,姫路,晴,11,兵庫3歳牝馬特別,9,7,7,61.5,7.0,4,松木大地,55.0,ダ,1500.0,良,101.2,1.9,5-5-2-3,41.5,407.0,1.0,プリムロゼ,30.0
2021101775,インタールード,2024/01/25,姫路,晴,11,兵庫クイーンセレクシ(重賞),12,6,8,81.0,7.0,3,笹田知宏,54.0,ダ,1400.0,良,94.3,1.2,8-8-7-5,40.9,406.0,-9.0,ニジイロハーピー,175.0
2021101775,インタールード,2023/11/29,園田,曇,7,JRA認定アッパート,8,5,5,33.1,5.0,5,笹田知宏,54.0,ダ,1700.0,良,116.4,1.7,6-6-7-6,41.0,415.0,3.0,ウェラーマン,30.0
2021101775,インタールード,2023/10/25,園田,晴,5,JRA認定アッパート,11,2,2,173.7,10.0,4,松木大地,54.0,ダ,1400.0,良,93.9,3.5,9-9-10-9,40.3,412.0,-3.0,クラウドノイズ,45.0
2021101775,インタールード,2023/09/21,園田,曇,11,園田プリンセスC(重賞),9,8,8,34.4,6.0,8,笹田知宏,54.0,ダ,1400.0,良,94.3,3.3,3-3-3-4,42.4,415.0,-7.0,コモリリーガル,
2021101775,インタールード,2023/08/23,園田,晴,2,2歳初出走,5,4,4,1.3,1.0,1,笹田知宏,54.0,ダ,820.0,良,51.8,-0.2,2-2,37.1,422.0,0.0,(アヴァンザ),250.0
2019101919,ビーザラキエスト,2026/07/10,園田,晴,1,C3,11,4,4,196.3,11.0,10,高畑皓一,57.0,ダ,1230.0,良,82.9,2.5,7-6-7-6,40.8,519.0,1.0,アッケシ,
2019101919,ビーザラキエスト,2026/06/24,園田,雨,8,C2一,10,7,8,140.0,10.0,10,高畑皓一,57.0,ダ,1230.0,稍,82.4,1.3,6-6-8-9,39.7,518.0,7.0,ヴァイスクレー,
2019101919,ビーザラキエスト,2026/06/03,園田,晴,12,ナデシコ賞C2一,12,1,1,237.2,10.0,6,高畑皓一,57.0,ダ,1230.0,重,82.7,2.3,11-10-7-6,40.3,511.0,0.0,パッションプリマ,
2019101919,ビーザラキエスト,2026/05/22,園田,晴,12,スミレ賞C2一,12,6,7,217.8,12.0,10,高畑皓一,57.0,ダ,1400.0,重,94.5,1.0,11-11-11-11,40.4,511.0,-10.0,ニシノベニトアイト,
2019101919,ビーザラキエスト,2026/05/07,園田,晴,8,C1二,9,3,3,188.7,9.0,9,高畑皓一,57.0,ダ,1400.0,良,95.1,4.3,9-8-9-9,42.2,521.0,1.0,ジーティーエイト,
2019101919,ビーザラキエスト,2026/04/15,園田,雨,9,C1二,10,1,1,95.8,6.0,8,高畑皓一,57.0,ダ,1400.0,稍,93.3,1.6,8-6-6-6,40.7,520.0,4.0,カットバック,
2019101919,ビーザラキエスト,2026/03/31,園田,曇,12,チューリップ賞C1,12,6,7,128.9,11.0,9,高畑皓一,57.0,ダ,1400.0,稍,94.6,2.8,11-9-10-9,39.9,516.0,-3.0,マダムイグレイン,
2019101919,ビーザラキエスト,2026/03/03,姫路,雨,9,C1二,10,7,7,74.1,7.0,4,高畑皓一,57.0,ダ,1400.0,不,95.6,1.5,9-8-9-8,40.8,519.0,-2.0,エロイムエッサイム,16.5
2019101919,ビーザラキエスト,2026/02/17,姫路,晴,7,C1二,12,1,1,166.9,10.0,8,高畑皓一,57.0,ダ,800.0,良,52.0,1.5,11-9,37.5,521.0,0.0,アーニャワクワク,
2019101919,ビーザラキエスト,2026/01/27,高知,晴,5,C1ー5,10,6,6,35.4,6.0,8,林謙佑,57.0,ダ,1400.0,良,92.6,1.4,5-6-6-7,40.6,521.0,0.0,ナムライリス,
2019101919,ビーザラキエスト,2026/01/21,高知,晴,9,ファイナルレース(C1),12,5,5,31.8,10.0,8,林謙佑,57.0,ダ,1300.0,良,86.6,1.8,5-5-5-5,40.9,521.0,-3.0,グレイストーム,
2019101919,ビーザラキエスト,2026/01/13,高知,晴,10,ファイナルレース(C1),11,1,1,20.0,8.0,8,林謙佑,57.0,ダ,1600.0,良,109.1,2.5,4-4-4-7,41.6,524.0,-1.0,ビックス,
2019101919,ビーザラキエスト,2025/12/29,高知,晴,5,C1ー6,11,6,7,19.5,7.0,7,林謙佑,57.0,ダ,1400.0,良,93.8,1.3,5-5-5-7,40.6,525.0,1.0,クラックオブドーン,
2019101919,ビーザラキエスト,2025/12/14,高知,晴,12,ファイナルレース(C1),11,8,11,11.4,7.0,4,林謙佑,57.0,ダ,1400.0,稍,91.3,0.2,6-6-6-3,39.0,524.0,-5.0,アイアムレジェンド,13.5
2019101919,ビーザラキエスト,2025/11/30,高知,晴,3,C1ー7,10,7,7,19.4,8.0,6,林謙佑,57.0,ダ,1600.0,良,109.8,2.2,6-6-6-4,41.8,529.0,-3.0,ヴィアダクト,
2019101919,ビーザラキエスト,2025/11/16,高知,晴,4,C1ー5,11,8,10,262.8,9.0,8,林謙佑,57.0,ダ,1300.0,稍,84.8,1.6,10-10-10-10,39.4,532.0,-2.0,ゴーマックス,
2019101919,ビーザラキエスト,2025/11/01,高知,晴,12,ファイナルレース(C2),12,7,9,3.8,2.0,3,林謙佑,57.0,ダ,1300.0,不,85.2,1.2,5-5-4-4,39.8,534.0,3.0,ヴィアダクト,17.5
2019101919,ビーザラキエスト,2025/10/18,高知,曇,10,C2ー2,12,7,9,128.3,11.0,7,林謙佑,57.0,ダ,1400.0,稍,93.2,1.5,8-8-7-7,40.8,531.0,-1.0,フユソウビ,
2019101919,ビーザラキエスト,2025/10/04,高知,曇,3,高知競馬視察研修特別(C2),12,7,10,119.9,10.0,7,林謙佑,57.0,ダ,1400.0,重,93.2,1.9,8-9-7-7,40.2,532.0,-2.0,サンライズラポール,
2019101919,ビーザラキエスト,2025/09/21,高知,晴,10,C2ー2,11,6,7,67.0,9.0,9,林謙佑,57.0,ダ,1300.0,稍,86.5,1.9,11-11-11-11,40.3,534.0,1.0,ピストンボーイ,
2019101919,ビーザラキエスト,2025/09/06,高知,晴,11,白露特別(C2),9,5,5,184.9,9.0,6,林謙佑,57.0,ダ,1400.0,重,92.1,1.2,8-8-7-5,39.7,533.0,9.0,コスモメイゲツ,
2019101919,ビーザラキエスト,2025/07/26,高知,曇,12,ファイナルレース(C2),11,4,4,5.8,2.0,7,妹尾浩一,57.0,ダ,1600.0,重,109.6,1.4,11-9-9-5,39.8,524.0,-3.0,ゴールドイーグル,
2019101919,ビーザラキエスト,2025/07/12,高知,晴,10,C2ー2,11,4,4,60.2,8.0,5,妹尾浩一,57.0,ダ,1300.0,重,84.5,0.8,7-6-6-5,39.0,527.0,6.0,タマモイットウセイ,7.0
2019101919,ビーザラキエスト,2025/06/28,高知,晴,10,C2ー2,12,5,5,103.2,9.0,7,妹尾浩一,57.0,ダ,1400.0,重,91.4,1.4,9-7-7-7,39.5,521.0,-6.0,ラグラスドシエル,
2019101919,ビーザラキエスト,2025/06/14,高知,雨,10,C2ー2,11,1,1,53.2,8.0,10,妹尾浩一,57.0,ダ,1600.0,不,106.0,3.8,3-4-4-4,41.4,527.0,1.0,メイショウロージー,
2019101919,ビーザラキエスト,2025/05/31,高知,晴,3,可杯特別(C1C2),11,8,10,38.9,6.0,9,妹尾浩一,56.0,ダ,1400.0,稍,93.9,3.4,9-8-9-10,41.5,526.0,4.0,デルマアズラエル,
2019101919,ビーザラキエスト,2025/02/02,高知,曇,7,C2ー2,8,2,2,8.1,2.0,2,林謙佑,56.0,ダ,1300.0,重,84.9,0.2,4-4-4-3,40.0,522.0,-2.0,ベアエンジェル,24.5
2019101919,ビーザラキエスト,2025/01/19,高知,雨,7,大寒特別(C2),8,3,3,42.3,8.0,6,林謙佑,56.0,ダ,1600.0,稍,110.6,1.5,3-3-3-4,42.7,524.0,2.0,サノノゴールド,
2019101919,ビーザラキエスト,2025/01/05,高知,晴,6,C2ー3,8,1,1,6.6,4.0,3,林謙佑,56.0,ダ,1300.0,良,87.9,1.1,5-4-5-6,41.7,522.0,0.0,ハイレリーフ,14.0
2019101919,ビーザラキエスト,2024/12/14,高知,晴,11,年の瀬特別(C2),12,8,12,113.4,9.0,12,佐原秀泰,56.0,ダ,1400.0,良,95.5,2.9,3-3-3-4,43.3,522.0,-4.0,キャッスルトップ,
2019101919,ビーザラキエスト,2024/11/30,高知,晴,9,嬉さんお疲れ様特別(C2),11,4,4,2.8,1.0,2,林謙佑,56.0,ダ,1400.0,稍,93.1,1.2,2-2-2-2,41.4,526.0,-9.0,ナニーピオニー,24.5
2019101919,ビーザラキエスト,2024/11/16,高知,曇,9,C2ー3,11,7,9,6.2,3.0,4,林謙佑,56.0,ダ,1600.0,重,108.0,0.3,3-3-3-2,41.6,535.0,3.0,モズライフセーバー,10.5
2019101919,ビーザラキエスト,2024/11/02,高知,曇,9,C2ー3,11,1,1,22.3,4.0,4,林謙佑,56.0,ダ,1300.0,不,83.2,1.0,5-5-6-4,39.2,532.0,-1.0,モズパシュート,10.5
2019101919,ビーザラキエスト,2024/10/05,高知,曇,7,C2ー5,10,1,1,3.8,3.0,5,林謙佑,56.0,ダ,1400.0,不,91.2,2.3,6-6-6-3,40.7,533.0,-3.0,イッセーノーデ,7.0
2019101919,ビーザラキエスト,2024/09/22,高知,曇,11,秋分特別(C2),10,8,9,85.3,10.0,7,林謙佑,56.0,ダ,1300.0,不,84.5,1.7,9-9-9-7,39.8,536.0,8.0,ローズプリンスダム,
2019101919,ビーザラキエスト,2024/09/07,高知,晴,5,C2ー7,11,7,8,10.3,4.0,2,林謙佑,56.0,ダ,1300.0,良,86.2,0.4,5-5-5-6,40.7,528.0,1.0,キングレガリア,24.5
2019101919,ビーザラキエスト,2024/07/27,高知,晴,1,C3ー4,10,3,3,3.3,2.0,1,林謙佑,56.0,ダ,1300.0,稍,85.7,-0.9,7-7-7-2,40.4,527.0,8.0,(マイネルキング),60.0
2019101919,ビーザラキエスト,2024/07/15,高知,曇,3,第64回洋子記念特別(C3),11,7,8,5.1,2.0,2,林謙佑,56.0,ダ,1300.0,不,83.4,2.2,8-8-8-4,38.8,519.0,-2.0,アイソウザスター,21.0
2019101919,ビーザラキエスト,2024/06/30,高知,曇,9,カンナ特別(C3),11,1,1,90.0,10.0,5,林謙佑,56.0,ダ,1300.0,不,83.7,0.4,6-5-5-6,39.1,521.0,3.0,マイネルイリャルギ,11.0
2019101919,ビーザラキエスト,2024/06/22,高知,雨,7,C3ー10,10,7,7,4.2,2.0,1,林謙佑,56.0,ダ,1400.0,不,90.9,0.0,4-4-3-2,39.9,518.0,-8.0,(ゼニット),60.0
2019101919,ビーザラキエスト,2024/06/08,高知,曇,5,C3ー11,10,6,6,2.9,2.0,3,林謙佑,56.0,ダ,1300.0,良,86.8,0.6,3-3-3-3,41.3,526.0,2.0,ヴィヴァムーン,12.0
2019101919,ビーザラキエスト,2024/05/25,高知,晴,5,C3ー12,10,3,3,2.6,2.0,3,林謙佑,56.0,ダ,1400.0,稍,93.8,1.6,3-3-3-3,41.5,524.0,1.0,ゲンパチリベロ,12.0
2019101919,ビーザラキエスト,2024/05/11,高知,晴,5,C3ー13,9,1,1,2.3,1.0,2,林謙佑,56.0,ダ,1300.0,稍,85.6,0.1,5-3-4-3,40.4,523.0,-2.0,ダノンジェネラル,21.0
2019101919,ビーザラキエスト,2024/04/29,高知,雨,7,C3ー14,12,4,4,3.0,1.0,2,林謙佑,56.0,ダ,1400.0,不,90.2,1.4,6-6-6-3,39.7,525.0,2.0,タイキマクスウェル,21.0
2019101919,ビーザラキエスト,2024/04/14,高知,晴,5,C3ー18,9,2,2,2.3,2.0,3,林謙佑,56.0,ダ,1300.0,稍,85.0,0.8,5-4-4-4,39.6,523.0,-5.0,ナムラヘラクレス,12.0
2019101919,ビーザラキエスト,2024/03/24,高知,雨,10,春暖特別(C2),8,3,3,56.5,7.0,3,林謙佑,56.0,ダ,1400.0,不,89.5,0.6,3-3-3-2,39.6,528.0,3.0,ナムラスワガー,26.0
2019101919,ビーザラキエスト,2024/03/10,高知,晴,7,C2ー2,12,6,7,6.9,3.0,3,林謙佑,56.0,ダ,1400.0,稍,93.4,0.6,5-4-4-2,41.3,525.0,-3.0,モノノフブルー,14.0
2019101919,ビーザラキエスト,2024/02/25,高知,曇,8,雨水特別(C2),11,2,2,115.1,8.0,5,井上瑛太,56.0,ダ,1300.0,不,83.5,2.1,7-7-6-5,39.4,528.0,2.0,フリーウィーリング,13.0
2019101919,ビーザラキエスト,2024/02/11,高知,晴,10,バレンタイン特別(C2),8,7,7,49.3,5.0,5,岡遼太郎,56.0,ダ,1600.0,重,108.4,2.7,7-7-7-7,42.2,526.0,-5.0,ワイドカント,13.0
2019101919,ビーザラキエスト,2024/01/28,高知,晴,8,C2ー2,8,2,2,7.3,2.0,3,林謙佑,56.0,ダ,1300.0,良,87.5,1.0,7-6-8-3,40.9,531.0,7.0,ネオブレイブ,14.0
2019101919,ビーザラキエスト,2024/01/14,高知,晴,8,C2ー2,9,8,9,2.3,2.0,6,林謙佑,56.0,ダ,1400.0,良,96.2,1.3,5-5-6-4,43.9,524.0,-8.0,エピックアン,
2019101919,ビーザラキエスト,2023/12/02,4中京1,晴,7,3歳以上1勝クラス,14,2,2,62.7,12.0,14,小林勝太,55.0,ダ,1900.0,良,126.7,5.8,3-3-10-12,43.5,532.0,8.0,フミヤングフェイス,
2019101919,ビーザラキエスト,2023/06/10,3東京3,曇,7,3歳以上1勝クラス,16,2,3,178.3,14.0,9,永野猛蔵,57.0,ダ,2100.0,稍,131.5,1.4,13-11-8-7,37.8,524.0,-10.0,ソムリエ,
2019101919,ビーザラキエスト,2023/05/21,1新潟8,晴,12,4歳以上1勝クラス,15,1,1,18.7,7.0,9,大久保友,55.0,ダ,1800.0,良,115.8,1.8,3-3-7-8,39.1,534.0,14.0,ヴィブラツィオーネ,
2019101919,ビーザラキエスト,2022/05/29,2東京12,晴,5,3歳1勝クラス,16,8,16,14.4,6.0,12,菅原明良,56.0,ダ,1600.0,良,97.9,1.5,13-13,36.9,520.0,-2.0,ロードジャスティス,
2019101919,ビーザラキエスト,2022/03/21,2中山8,曇,2,3歳未勝利,16,8,16,2.8,1.0,1,川田将雅,56.0,ダ,1800.0,重,114.5,-0.3,2-3-2-3,38.4,522.0,-6.0,(ララエフォール),520.0
2019101919,ビーザラキエスト,2022/02/19,1東京7,曇,3,3歳未勝利,16,8,15,2.7,2.0,3,三浦皇成,56.0,ダ,1600.0,稍,99.3,1.2,10-10,37.8,528.0,-2.0,オクトニオン,130.0
2019101919,ビーザラキエスト,2022/02/12,1東京5,晴,3,3歳未勝利,15,3,5,1.7,1.0,3,ルメール,56.0,ダ,1600.0,重,97.8,0.1,8-8,35.7,530.0,0.0,ベネロングポイント,130.0
2019101919,ビーザラキエスト,2021/12/05,5中山2,晴,2,2歳未勝利,16,8,15,2.2,1.0,3,三浦皇成,55.0,ダ,1800.0,良,116.0,0.6,7-7-2-2,40.6,530.0,-2.0,トリグラフ,130.0
2019101919,ビーザラキエスト,2021/11/13,5東京3,晴,5,2歳新馬,13,3,3,7.4,4.0,2,三浦皇成,55.0,ダ,1600.0,稍,99.3,0.0,6-6,36.1,532.0,0.0,リッキーマジック,280.0
2023101780,ハイラブエナン,2026/07/17,園田,晴,5,C3二,10,2,2,39.2,8.0,8,杉浦健太,55.0,ダ,1400.0,良,94.0,2.2,1-1-1-2,41.7,483.0,-8.0,メイショウサトユキ,
2023101780,ハイラブエナン,2026/07/03,園田,晴,5,3歳C1C2,12,8,11,255.1,11.0,12,井上幹太,56.0,ダ,820.0,稍,53.4,2.8,12-12,37.8,491.0,2.0,ベラジオアブロード,
2023101780,ハイラブエナン,2026/06/11,園田,晴,7,3歳C1二,9,6,6,106.7,6.0,8,杉浦健太,55.0,ダ,1400.0,良,95.5,3.4,3-5-7-6,42.9,489.0,-1.0,メイショウハチマキ,
2023101780,ハイラブエナン,2026/05/28,園田,曇,9,3歳C1二,9,5,5,58.0,8.0,6,杉浦健太,55.0,ダ,1230.0,稍,83.8,1.8,5-5-6-7,42.2,490.0,6.0,グリッタードール,
2023101780,ハイラブエナン,2026/05/02,3京都3,晴,4,3歳未勝利,18,5,10,369.7,18.0,16,川端海翼,52.0,芝,1400.0,稍,82.7,2.3,14-15,35.1,484.0,14.0,リアンマヒナ,
2023101780,ハイラブエナン,2026/02/08,1小倉6,曇,6,3歳未勝利,16,8,15,213.1,15.0,16,柴田裕一,53.0,芝,1800.0,良,114.4,4.6,3-2-8-16,39.8,470.0,-4.0,ムスクレスト,
2023101780,ハイラブエナン,2026/01/11,1京都4,晴,2,3歳新馬,16,3,5,197.6,15.0,15,和田陽希,52.0,ダ,1800.0,良,118.8,3.6,11-11-15-15,41.5,474.0,0.0,ハッピーラブソング,
2018103937,クリスバーグ,2026/07/16,園田,晴,1,C3二,10,8,10,129.9,9.0,10,高畑皓一,55.0,ダ,1400.0,良,96.8,3.9,8-8-10-10,43.0,481.0,0.0,メイショウロンド,
2018103937,クリスバーグ,2026/06/26,園田,曇,1,C3二,9,3,3,3.1,1.0,3,高畑皓一,55.0,ダ,1400.0,不,96.9,1.6,1-1-3-3,42.9,481.0,-4.0,カリグラフィー,15.0
2018103937,クリスバーグ,2026/06/11,園田,晴,1,C3二,9,4,4,14.2,3.0,5,高畑皓一,55.0,ダ,1400.0,稍,96.6,1.7,4-3-4-6,42.2,485.0,10.0,ヴァリラプトル,6.0
2018103937,クリスバーグ,2026/05/27,園田,曇,1,C3三,10,7,8,3.7,2.0,3,高畑皓一,55.0,ダ,1400.0,良,95.4,0.2,1-1-2-2,41.6,475.0,-4.0,インノータイム,15.0
2018103937,クリスバーグ,2026/03/24,園田,晴,3,C3三,10,3,3,11.3,3.0,6,佐々木世,53.0,ダ,1400.0,稍,96.4,1.6,6-6-5-4,42.3,479.0,1.0,サクラグラシュー,
2018103937,クリスバーグ,2026/03/05,姫路,晴,2,C3二,10,4,4,13.3,3.0,3,田野豊三,55.0,ダ,1400.0,稍,97.9,1.0,5-5-7-5,41.6,478.0,0.0,グランサントル,15.0
2018103937,クリスバーグ,2026/02/11,姫路,雨,1,C3二,10,2,2,4.8,2.0,5,田野豊三,55.0,ダ,1400.0,稍,98.4,1.0,5-5-5-5,41.9,478.0,-2.0,ハッピーイエロー,6.0
2018103937,クリスバーグ,2026/01/13,園田,曇,4,おかげ踊燈籠7ハロン(C3),12,5,5,20.8,5.0,6,田野豊三,55.0,ダ,1400.0,良,94.5,0.9,10-10-11-10,40.9,480.0,0.0,ハギノヴェルドン,
2018103937,クリスバーグ,2025/12/31,園田,晴,2,C3一,10,3,3,9.2,5.0,3,田野豊三,55.0,ダ,1400.0,良,94.8,0.2,5-6-6-6,41.8,480.0,2.0,ゲンタツ,15.0
2018103937,クリスバーグ,2025/12/11,園田,晴,6,C3二,9,8,9,13.0,4.0,8,田野豊三,55.0,ダ,1400.0,良,94.3,1.5,9-9-7-8,40.3,478.0,1.0,カーロアヴァンティ,
2018103937,クリスバーグ,2025/11/25,園田,雨,1,C3二,12,6,7,18.2,5.0,2,田野豊三,55.0,ダ,1400.0,稍,94.6,0.1,7-7-7-5,40.6,477.0,-5.0,メイショウマサカリ,24.0
2018103937,クリスバーグ,2025/11/11,園田,晴,2,C3四,10,8,10,2.1,1.0,5,田野豊三,55.0,ダ,1400.0,稍,97.1,0.5,7-7-7-7,41.5,482.0,2.0,シェナクィーン,6.0
2018103937,クリスバーグ,2025/10/30,園田,晴,5,下来住町7ハロンC3,10,6,6,37.2,5.0,9,田野豊三,55.0,ダ,1400.0,良,94.5,1.2,7-7-8-7,40.8,480.0,2.0,グローリーワン,
2018103937,クリスバーグ,2025/10/09,園田,晴,2,C3一,10,7,7,14.2,5.0,6,田野豊三,55.0,ダ,1400.0,良,95.1,1.5,8-8-8-6,40.6,478.0,4.0,ロッカバラード,
2018103937,クリスバーグ,2025/09/19,園田,晴,2,C3三,10,8,9,3.1,2.0,2,田野豊三,55.0,ダ,1400.0,良,94.6,0.1,2-2-3-2,39.5,474.0,1.0,ナムラアニカ,24.0
2018103937,クリスバーグ,2025/08/28,園田,晴,5,C3一,9,2,2,19.2,5.0,7,吉村智洋,55.0,ダ,1400.0,良,93.1,0.9,6-6-6-5,40.2,473.0,2.0,ヒイラギ,
2018103937,クリスバーグ,2025/07/31,園田,晴,2,古森7ハロンC3一,10,6,6,10.5,4.0,4,田野豊三,55.0,ダ,1400.0,良,93.9,0.5,7-7-7-7,40.6,471.0,-2.0,ベストオブキング,9.0
2018103937,クリスバーグ,2025/07/11,園田,晴,5,C3一,10,8,9,10.2,4.0,6,田野豊三,55.0,ダ,1400.0,良,93.7,0.7,6-6-6-6,39.6,473.0,-4.0,エルアルコン,
2018103937,クリスバーグ,2025/06/20,園田,晴,2,C3二,10,7,8,7.9,4.0,2,田野豊三,55.0,ダ,1400.0,良,94.2,1.3,7-7-6-4,40.3,477.0,1.0,ココリカレドニアン,24.0
2018103937,クリスバーグ,2025/06/05,園田,晴,1,C3二,12,2,2,10.4,5.0,2,田野豊三,55.0,ダ,1400.0,稍,95.2,0.8,5-5-6-5,42.0,476.0,-4.0,フロストシティ,24.0
2018103937,クリスバーグ,2025/05/07,園田,曇,2,C3二,10,8,10,15.4,6.0,8,田野豊三,55.0,ダ,1400.0,重,96.4,2.8,9-9-9-8,40.9,480.0,-2.0,ナリタウルフ,
2018103937,クリスバーグ,2025/04/24,園田,晴,2,C3二,12,1,1,65.7,10.0,5,田野豊三,55.0,ダ,1400.0,稍,95.1,0.8,8-7-7-5,41.0,482.0,-6.0,オノマトペ,6.0
2018103937,クリスバーグ,2025/04/10,園田,曇,2,C3一,11,4,4,160.1,10.0,8,田野豊三,55.0,ダ,1400.0,良,94.6,3.5,9-9-10-10,41.2,488.0,2.0,コーリンラズベリー,
2018103937,クリスバーグ,2025/03/20,園田,晴,1,C3三,12,5,6,10.4,3.0,3,田野豊三,54.0,ダ,1400.0,重,96.3,0.8,6-6-6-4,42.6,486.0,-13.0,モズクルードラゴン,11.2
2018103937,クリスバーグ,2025/03/05,姫路,雨,3,C3三,8,3,3,9.4,3.0,4,杉浦健太,54.0,ダ,1400.0,不,96.9,1.5,6-6-5-5,42.1,499.0,-4.0,スティーブボス,8.4
2018103937,クリスバーグ,2025/02/11,姫路,晴,1,C3三,12,5,6,30.5,6.0,2,田野豊三,54.0,ダ,1400.0,良,96.2,0.9,7-7-7-6,41.1,503.0,30.0,ユナブライト,19.6
2018103937,クリスバーグ,2024/10/09,園田,晴,5,ほほえみいっぱいスプ(C3),10,5,5,106.5,8.0,5,田野豊三,54.0,ダ,1230.0,重,84.3,1.4,10-10-10-9,41.0,473.0,-2.0,チャウチャウチャウ,5.6
2018103937,クリスバーグ,2024/09/25,園田,晴,2,C3二,9,7,7,55.5,8.0,9,田野豊三,54.0,ダ,1400.0,良,97.3,1.5,2-2-5-8,41.2,475.0,-1.0,ココリヴァルキリー,
2018103937,クリスバーグ,2024/09/12,園田,晴,2,C3三,9,8,8,7.5,4.0,7,田野豊三,54.0,ダ,1400.0,良,95.6,1.0,5-5-7-6,41.4,476.0,-1.0,フミフローレンス,
2018103937,クリスバーグ,2024/08/29,園田,雨,1,C3二,9,5,5,61.2,9.0,2,田野豊三,54.0,ダ,1400.0,重,96.7,0.8,7-7-9-8,43.1,477.0,11.0,ジャスティンマリブ,19.6
2018103937,クリスバーグ,2024/08/14,園田,晴,1,必死のパッチ7ハロン(C3),9,8,9,48.4,6.0,7,田野豊三,54.0,ダ,1400.0,重,97.1,3.0,7-7-7-7,42.7,466.0,-9.0,バックシュート,
2018103937,クリスバーグ,2024/08/01,園田,晴,3,C3二,10,2,2,253.2,9.0,6,田野豊三,54.0,ダ,1400.0,良,95.4,2.7,6-6-7-7,41.6,475.0,-2.0,ヴィヴラガレット,
2018103937,クリスバーグ,2024/07/11,園田,曇,2,門柳7ハロンC3三,12,4,4,75.6,10.0,12,田野豊三,54.0,ダ,1400.0,重,97.5,3.5,5-5-10-12,43.8,477.0,6.0,ラブリーテン,
2018103937,クリスバーグ,2024/06/26,園田,曇,3,崇徳院7ハロンC3一,10,4,4,175.7,10.0,9,田野豊三,54.0,ダ,1400.0,稍,97.1,1.4,6-6-9-10,42.2,471.0,-3.0,ジオパークボス,
2018103937,クリスバーグ,2024/06/12,園田,晴,3,C3一,10,5,5,90.0,8.0,6,永井孝典,54.0,ダ,1400.0,良,95.2,1.5,5-5-6-6,40.6,474.0,2.0,シズカノウミ,
2018103937,クリスバーグ,2024/05/29,園田,晴,4,奥海7ハロンC3一,9,2,2,148.7,8.0,3,田野豊三,54.0,ダ,1400.0,重,95.8,1.5,4-3-4-4,42.2,472.0,-6.0,サトノドゥーチェ,11.2
2018103937,クリスバーグ,2024/05/15,園田,曇,5,C3一,12,7,9,329.6,12.0,10,田野豊三,54.0,ダ,1400.0,稍,95.9,1.2,9-10-10-9,41.6,478.0,3.0,サウンドヒーロー,
2018103937,クリスバーグ,2024/05/01,園田,雨,3,C2二,12,5,6,306.2,12.0,11,田野豊三,54.0,ダ,1400.0,重,96.0,2.8,12-12-12-12,41.8,475.0,6.0,ラント,
2018103937,クリスバーグ,2024/04/17,園田,晴,4,SPRING7ハロン(C2),12,1,1,332.7,12.0,11,田野豊三,54.0,ダ,1400.0,稍,96.4,4.2,11-11-12-12,41.3,469.0,-5.0,ワンダージュノ,
2018103937,クリスバーグ,2024/04/03,園田,雨,8,C2二,10,4,4,48.8,7.0,5,田野豊三,54.0,ダ,1400.0,重,96.2,1.9,9-9-10-10,41.0,474.0,-3.0,チャーミーアイズ,7.0
2018103937,クリスバーグ,2024/03/22,園田,晴,6,C2二,12,8,11,155.4,10.0,8,田野豊三,54.0,ダ,1400.0,良,95.2,1.7,11-11-12-12,41.0,477.0,0.0,メイショウウナバラ,
2018103937,クリスバーグ,2024/02/23,姫路,曇,3,C2三,7,1,1,34.8,5.0,5,佐々木世,52.0,ダ,1400.0,重,97.7,2.5,6-6-7-7,41.5,477.0,-6.0,マジーク,7.0
2018103937,クリスバーグ,2023/11/30,園田,晴,6,C2三,7,5,5,154.9,7.0,7,松本幸祐,54.0,ダ,1400.0,良,96.6,3.3,6-6-7-7,41.6,483.0,0.0,ヨシイチ,
2018103937,クリスバーグ,2023/11/15,園田,曇,1,C3三,10,8,9,42.1,7.0,1,佐々木世,52.0,ダ,1400.0,稍,95.6,-0.1,1-1-1-1,40.3,483.0,0.0,(ヒマラヤキャット),56.0
2018103937,クリスバーグ,2023/10/31,園田,晴,2,C3二,8,4,4,50.4,6.0,7,佐々木世,52.0,ダ,1400.0,良,94.9,1.5,4-5-8-8,40.9,483.0,-1.0,シェナクィーン,
2018103937,クリスバーグ,2023/10/18,園田,晴,2,C3二,9,8,8,51.1,6.0,6,佐々木世,52.0,ダ,1400.0,良,96.4,2.3,7-7-6-5,42.2,484.0,2.0,リッキーズレター,
2018103937,クリスバーグ,2023/10/04,園田,晴,1,C3三,10,4,4,20.3,5.0,8,松本幸祐,54.0,ダ,1400.0,重,97.7,2.8,6-5-6-7,44.4,482.0,5.0,シュバルツベルガー,
2018103937,クリスバーグ,2023/09/20,園田,曇,5,C3一,10,3,3,38.6,8.0,5,佐々木世,52.0,ダ,1400.0,稍,95.2,1.0,5-5-6-6,41.0,477.0,-3.0,ココリヴァルキリー,5.6
2018103937,クリスバーグ,2023/09/08,園田,曇,4,C3一,12,7,10,76.8,8.0,10,佐々木世,52.0,ダ,1400.0,稍,95.7,1.3,4-5-6-6,41.7,480.0,2.0,クラウンローゼン,
2018103937,クリスバーグ,2023/08/23,園田,晴,1,C3二,10,6,6,4.7,3.0,5,佐々木世,52.0,ダ,1400.0,良,95.6,1.3,10-10-8-7,41.2,478.0,-5.0,マルクドヌーヴ,5.6
2018103937,クリスバーグ,2023/08/11,園田,晴,3,C3二,9,3,3,4.8,2.0,5,吉村智洋,54.0,ダ,1400.0,良,93.1,1.4,3-3-3-2,41.6,483.0,8.0,ベラジオミキ,5.6
2018103937,クリスバーグ,2023/07/26,園田,晴,2,C3二,10,1,1,15.4,6.0,4,佐々木世,52.0,ダ,1400.0,良,94.0,0.6,6-6-7-4,40.9,475.0,-1.0,ワンダースピアー,8.4
2018103937,クリスバーグ,2023/07/12,園田,晴,1,C3四,10,6,6,3.3,2.0,4,佐々木世,52.0,ダ,1400.0,良,95.3,0.7,4-3-5-4,41.6,476.0,2.0,ユウストレート,8.4
2018103937,クリスバーグ,2023/06/29,園田,晴,1,C3二,10,8,10,6.3,3.0,5,佐々木世,52.0,ダ,1400.0,良,94.3,1.8,3-4-4-4,41.7,474.0,-2.0,プロボノ,5.6
2018103937,クリスバーグ,2023/06/07,園田,晴,1,C3二,12,4,4,2.8,1.0,5,佐々木世,52.0,ダ,1400.0,稍,95.9,0.8,8-8-7-7,40.8,476.0,2.0,ジューンフラワー,5.6
2018103937,クリスバーグ,2023/06/02,園田,雨,4,C3一,0,7,7,,,,下原理,54.0,ダ,1400.0,不,,,,,,,,
2018103937,クリスバーグ,2023/05/17,園田,晴,2,C3三,10,3,3,5.6,4.0,3,松本幸祐,54.0,ダ,1400.0,良,95.6,0.3,3-3-3-4,41.3,474.0,-5.0,フミタツアーロン,14.0
2018103937,クリスバーグ,2023/05/04,園田,晴,1,C3二,10,8,9,10.1,4.0,4,松本幸祐,54.0,ダ,1400.0,良,96.1,1.0,7-7-8-7,41.4,479.0,-5.0,レディコートアスク,8.4
2018103937,クリスバーグ,2023/04/13,園田,晴,1,C3三,10,7,8,4.1,2.0,3,松本幸祐,54.0,ダ,1400.0,稍,94.4,0.7,6-6-7-6,41.6,484.0,-13.0,マルテラート,14.0
2018103937,クリスバーグ,2023/03/31,園田,曇,1,C3五,8,4,4,2.7,2.0,2,松本幸祐,54.0,ダ,1400.0,良,96.6,0.6,5-5-4-4,40.9,497.0,27.0,マルノミズキ,20.0
2018103937,クリスバーグ,2022/09/08,園田,曇,1,C3二,10,7,7,4.0,3.0,中,佐々木世,52.0,ダ,1400.0,良,,,4-5-5,,470.0,9.0,シルヴェラード,
2018103937,クリスバーグ,2022/08/26,園田,曇,4,C3二,10,6,6,9.6,4.0,6,佐々木世,52.0,ダ,1400.0,良,93.6,0.8,3-3-4-4,39.9,461.0,-7.0,タガノポルトロン,
2018103937,クリスバーグ,2022/08/03,園田,晴,1,C3三,10,6,6,6.8,4.0,2,佐々木世,52.0,ダ,1400.0,良,93.6,0.1,2-2-2-1,41.0,468.0,0.0,ダイチョウセブン,20.0
2018103937,クリスバーグ,2022/07/15,園田,曇,2,C3三,10,4,4,11.8,4.0,8,山田雄大,54.0,ダ,1400.0,稍,96.7,3.4,7-7-8-9,43.7,468.0,-6.0,カオリナイト,
2018103937,クリスバーグ,2022/06/23,園田,晴,1,C3三,10,3,3,6.8,3.0,5,山田雄大,54.0,ダ,1400.0,重,95.5,1.0,1-1-2-2,42.2,474.0,5.0,ラントレ,5.0
2018103937,クリスバーグ,2022/06/02,園田,晴,4,C3,12,3,3,63.7,8.0,6,山田雄大,54.0,ダ,820.0,良,51.7,1.2,6-6,37.2,469.0,-5.0,サイウン,
2018103937,クリスバーグ,2022/05/20,園田,曇,3,C3三,10,5,5,19.1,8.0,8,佐々木世,51.0,ダ,1400.0,良,94.6,1.2,6-6-9-9,40.4,474.0,-3.0,アポロファルコン,
2018103937,クリスバーグ,2022/05/05,園田,晴,1,C3二,9,6,6,85.7,8.0,5,田野豊三,54.0,ダ,1400.0,良,94.3,0.9,4-4-3-3,40.6,477.0,7.0,ヴァンデスプワール,5.0
2018103937,クリスバーグ,2022/04/15,園田,曇,3,C3一,10,8,9,79.6,7.0,10,佐々木世,51.0,ダ,1400.0,重,95.5,2.7,2-2-5-8,43.4,470.0,7.0,アルドゥマン,
2018103937,クリスバーグ,2021/12/21,園田,晴,5,C2三,10,3,3,68.4,9.0,9,田野豊三,54.0,ダ,1400.0,稍,96.3,2.6,8-8-6-7,41.9,463.0,-5.0,ナムラハカ,
2018103937,クリスバーグ,2021/12/08,園田,曇,5,C2三,10,5,5,120.0,10.0,9,田野豊三,54.0,ダ,1400.0,重,96.9,1.7,10-9-8-7,42.2,468.0,12.0,キフジンノドレス,
2018103937,クリスバーグ,2021/11/23,園田,曇,12,C2,12,7,9,88.4,10.0,8,田野豊三,54.0,ダ,1230.0,重,84.1,1.8,10-10-11-10,41.1,456.0,-10.0,ベラジオマナミ,
2018103937,クリスバーグ,2021/11/10,園田,曇,9,C2C3,12,8,12,31.8,5.0,7,田野豊三,55.0,ダ,820.0,重,52.7,1.2,4-6,38.2,466.0,5.0,メイショウマサカツ,
2018103937,クリスバーグ,2021/10/21,園田,曇,9,地鶏日本一の徳島阿波(C2),12,1,1,18.1,8.0,5,田野豊三,54.0,ダ,820.0,良,52.2,0.4,11-8,37.0,461.0,3.0,プロフーモ,7.0
2018103937,クリスバーグ,2021/10/07,園田,晴,12,C2二,12,8,12,14.0,5.0,4,田野豊三,54.0,ダ,820.0,良,51.7,0.4,3-4,37.1,458.0,0.0,ホウオウエンジェル,10.5
2018103937,クリスバーグ,2021/09/24,園田,晴,5,C2四,10,8,10,5.5,3.0,6,田野豊三,54.0,ダ,1400.0,良,94.4,0.8,4-4-2-3,42.3,458.0,-5.0,イエローキャブ,
2018103937,クリスバーグ,2021/09/09,園田,曇,1,C3三,10,8,9,2.2,1.0,1,大山真吾,54.0,ダ,1400.0,不,93.7,-0.5,2-2-2-1,39.9,463.0,11.0,(ジューンメモリー),50.0
2018103937,クリスバーグ,2021/08/20,園田,雨,3,C3二,10,3,3,6.1,4.0,3,大山真吾,54.0,ダ,1400.0,不,95.1,0.8,6-6-5-4,41.2,452.0,-9.0,オースミマルス,12.5
2018103937,クリスバーグ,2021/07/30,園田,晴,3,C3二,10,7,8,57.0,9.0,4,大山真吾,54.0,ダ,1400.0,良,93.3,0.7,10-9-8-7,39.8,461.0,3.0,オオエファイト,7.5
2018103937,クリスバーグ,2021/07/08,園田,雨,4,C3二,10,3,3,39.9,7.0,6,川原正一,54.0,ダ,1400.0,不,95.4,3.0,8-8-7-7,41.2,458.0,1.0,ロイヤルホジャリ,
2018103937,クリスバーグ,2021/06/16,園田,雨,6,3歳C1二,12,6,7,37.1,10.0,10,大山龍太,51.0,ダ,1400.0,重,95.6,3.0,7-7-7-7,43.7,457.0,-3.0,アイアンフラワー,
2018103937,クリスバーグ,2021/05/28,園田,曇,7,3歳C1二,11,4,4,6.1,4.0,10,下原理,54.0,ダ,1230.0,重,85.7,3.4,9-8-10-10,42.8,460.0,24.0,メイショウホガラカ,
2018103937,クリスバーグ,2021/04/24,1新潟5,晴,4,3歳未勝利,15,7,12,166.9,13.0,12,藤井勘一,54.0,ダ,1800.0,良,117.9,2.5,1-1-1-2,41.4,436.0,-12.0,ハイボールコパ,
2018103937,クリスバーグ,2021/04/04,2阪神4,曇,1,3歳未勝利,14,5,7,47.0,6.0,10,藤井勘一,54.0,ダ,1800.0,良,117.8,3.8,5-5-5-4,40.9,448.0,-8.0,ヴェールアップ,
2018103937,クリスバーグ,2021/03/13,2中京1,雨,3,3歳未勝利,18,2,4,62.4,12.0,8,森裕太朗,54.0,芝,1400.0,不,87.0,1.5,14-13,38.4,456.0,-4.0,エレボアブランシュ,
2018103937,クリスバーグ,2020/11/21,5阪神5,晴,3,2歳未勝利,13,4,4,151.8,11.0,12,森裕太朗,53.0,芝,1400.0,良,83.6,2.4,11-11,36.8,460.0,0.0,ロードリスペクト,
2018103937,クリスバーグ,2020/11/08,3福島4,晴,2,2歳未勝利,16,5,10,20.0,7.0,10,斎藤新,53.0,芝,1200.0,良,71.4,1.2,10-8,36.5,460.0,8.0,ジャストザビアンカ,
2018103937,クリスバーグ,2020/09/19,2中京3,晴,5,2歳新馬,12,3,3,50.0,7.0,4,森裕太朗,53.0,芝,1200.0,良,70.3,0.4,1-1,34.9,452.0,0.0,ヒトヨギリ,110.0
2020103320,アイサマン,2026/04/29,園田,曇,4,榊町7ハロンC3二,10,7,7,61.5,6.0,7,下原理,55.0,ダ,1400.0,稍,95.9,1.0,7-7-6-6,40.9,448.0,0.0,テイケイアンジェ,
2020103320,アイサマン,2026/04/14,園田,曇,2,C3一,10,7,7,343.2,10.0,8,永井孝典,55.0,ダ,1400.0,良,94.9,2.1,8-8-10-9,41.3,448.0,3.0,コスモカピタン,
2020103320,アイサマン,2026/03/31,園田,曇,2,C3一,10,1,1,207.9,9.0,8,永井孝典,55.0,ダ,1400.0,稍,95.6,1.7,9-9-10-9,40.8,445.0,6.0,リリエンフェルト,
2020103320,アイサマン,2026/03/12,姫路,晴,6,C3一,9,4,4,56.6,7.0,7,永井孝典,55.0,ダ,1400.0,良,96.4,2.2,9-9-9-9,40.4,439.0,-3.0,テキサスツイスター,
2020103320,アイサマン,2026/02/27,姫路,曇,3,C2三,10,3,3,29.5,9.0,7,下原理,55.0,ダ,1400.0,稍,97.3,1.9,7-7-8-8,42.5,442.0,1.0,クリノアチーバー,
2020103320,アイサマン,2026/01/07,園田,晴,6,C2三,10,4,4,11.4,6.0,8,永井孝典,55.0,ダ,1400.0,良,95.3,1.5,9-9-10-9,40.8,441.0,-2.0,ナイスシュート,
2020103320,アイサマン,2025/12/30,園田,曇,7,C2,8,6,6,169.5,8.0,6,永井孝典,55.0,ダ,1870.0,稍,130.7,2.8,7-8-8-7,43.3,443.0,0.0,エルナンデス,
2020103320,アイサマン,2025/12/18,園田,晴,6,2025YJSファイ(C2),10,4,4,3.3,2.0,4,横山琉人,55.0,ダ,1400.0,良,94.6,0.9,9-9-7-5,41.5,443.0,-5.0,クラウンオーシャン,15.0
2020103320,アイサマン,2025/10/15,園田,曇,1,C3二,10,7,8,1.4,1.0,1,永井孝典,55.0,ダ,1400.0,良,94.1,-0.6,6-7-2-1,41.0,448.0,4.0,(テーオーカルドア),60.0
2020103320,アイサマン,2025/09/24,園田,曇,2,C3二,9,5,5,3.0,2.0,6,永井孝典,55.0,ダ,1400.0,良,93.5,0.4,9-9-7-6,39.0,444.0,3.0,コワモテハマー,
2020103320,アイサマン,2025/09/10,園田,曇,1,C3二,10,7,7,19.4,5.0,6,永井孝典,55.0,ダ,1400.0,良,94.6,1.0,6-6-3-5,40.4,441.0,-7.0,チョウウマクイク,
2020103320,アイサマン,2025/07/09,園田,晴,5,C3一,10,4,4,5.7,4.0,3,永井孝典,55.0,ダ,1400.0,良,93.6,1.0,7-7-8-7,41.3,448.0,1.0,サトノアヴァロン,12.0
2020103320,アイサマン,2025/06/19,園田,晴,9,C2,10,7,7,57.1,10.0,6,永井孝典,55.0,ダ,1870.0,良,128.8,2.1,5-5-6-6,41.6,447.0,7.0,オモカゲジョー,
2020103320,アイサマン,2025/03/25,園田,晴,8,C2,8,1,1,48.3,6.0,8,山本咲希,54.0,ダ,1870.0,良,131.0,4.8,4-3-6-6,44.7,440.0,-3.0,タガノディオーサ,
2020103320,アイサマン,2025/03/11,園田,雨,7,C2,6,5,5,33.0,5.0,5,永井孝典,54.0,ダ,1700.0,重,119.1,3.3,1-1-4-4,43.0,443.0,0.0,ジグラート,8.0
2020103320,アイサマン,2025/02/20,姫路,晴,5,がんばれ!イグナイタ(C2),9,2,2,10.4,3.0,6,永井孝典,54.0,ダ,1400.0,良,95.6,1.1,4-3-4-4,41.4,443.0,9.0,グリューンヴァルト,
2020103320,アイサマン,2024/12/12,園田,晴,8,2024YJSファイ(C2),10,6,6,27.2,6.0,3,谷内貫太,54.0,ダ,1870.0,良,130.4,1.0,2-2-2-2,39.6,434.0,-5.0,ハテナビト,20.0
2020103320,アイサマン,2024/11/14,園田,晴,9,C2,8,8,8,6.0,3.0,5,永井孝典,54.0,ダ,1870.0,良,128.5,0.9,3-3-3-4,40.8,439.0,3.0,ロードレガシー,8.0
2020103320,アイサマン,2024/10/30,園田,晴,12,トルマリン賞C2,12,5,5,14.1,6.0,5,永井孝典,54.0,ダ,1700.0,重,116.9,1.2,11-11-10-7,40.9,436.0,-4.0,メイショウヤスマサ,8.0
2020103320,アイサマン,2024/09/20,園田,晴,10,♪エグスプロージョン(C2),10,8,10,17.3,5.0,2,永井孝典,54.0,ダ,1870.0,良,127.2,0.8,4-6-5-4,41.2,440.0,1.0,ナリタセレーノ,28.0
2020103320,アイサマン,2024/08/23,園田,晴,2,C3,5,3,3,3.3,2.0,1,永井孝典,54.0,ダ,1700.0,良,116.1,-1.5,1-1-1-1,40.9,439.0,11.0,(エイシンゴーオン),56.0
2020103320,アイサマン,2024/07/25,園田,曇,6,C3,7,2,2,5.5,4.0,2,永井孝典,54.0,ダ,1700.0,良,116.8,0.1,4-4-4-2,39.8,428.0,-2.0,ヴルカヌス,19.6
2020103320,アイサマン,2024/06/26,園田,曇,9,マーちゃんのこと覚え(C2),11,6,6,54.0,9.0,7,永井孝典,54.0,ダ,1870.0,稍,132.6,3.5,9-10-9-8,43.2,430.0,-9.0,レッドマジック,
2020103320,アイサマン,2024/05/15,園田,曇,8,C2,11,6,7,40.2,11.0,10,永井孝典,54.0,ダ,1700.0,稍,117.1,1.7,6-6-7-9,42.6,439.0,3.0,ロードレガシー,
2020103320,アイサマン,2024/05/01,園田,雨,7,C2,8,2,2,21.0,5.0,3,永井孝典,54.0,ダ,1870.0,重,128.2,0.6,3-3-4-4,40.6,436.0,3.0,タガノフリューゲル,16.0
2020103320,アイサマン,2024/04/18,園田,曇,9,C2,10,1,1,193.7,9.0,4,永井孝典,54.0,ダ,1700.0,良,116.7,3.0,6-6-8-8,40.7,433.0,4.0,ユイアングレイス,12.0
2020103320,アイサマン,2024/03/26,園田,曇,6,C2一,10,4,4,13.7,6.0,9,長谷部駿,54.0,ダ,1400.0,不,95.0,2.1,5-5-6-7,41.4,429.0,-5.0,エイシンスキッピオ,
2020103320,アイサマン,2024/03/06,姫路,曇,7,C2二,12,6,7,20.9,5.0,4,長谷部駿,54.0,ダ,1400.0,重,94.8,0.6,3-3-1-1,41.1,434.0,11.0,レオフューチャー,10.5
2020103320,アイサマン,2024/02/13,姫路,晴,4,C2二,10,4,4,29.4,5.0,4,下原理,54.0,ダ,1400.0,良,94.5,0.9,7-7-5-4,40.0,423.0,-6.0,リアライズ,10.5
2020103320,アイサマン,2024/01/24,姫路,晴,6,C2二,10,1,1,20.8,6.0,5,下原理,54.0,ダ,1400.0,良,95.8,1.1,4-3-4-5,42.2,429.0,4.0,エクソソーム,7.0
2020103320,アイサマン,2024/01/04,園田,曇,7,C2一,12,7,10,17.8,4.0,7,下原理,54.0,ダ,1400.0,良,93.1,0.6,7-7-5-6,39.9,425.0,0.0,ピックプリンサ,
2020103320,アイサマン,2023/12/12,園田,曇,7,C2二,10,3,3,17.2,5.0,4,長谷部駿,54.0,ダ,1400.0,重,94.2,0.8,8-7-6-3,40.6,425.0,3.0,ゴルド,10.5
2020103320,アイサマン,2023/08/13,2札幌2,曇,4,3歳未勝利,14,8,14,14.5,8.0,13,武豊,54.0,芝,1500.0,良,91.1,2.7,13-13-13,35.7,422.0,2.0,ルカン,
2020103320,アイサマン,2023/06/11,3阪神4,曇,6,3歳未勝利,18,7,15,13.5,6.0,6,藤岡康太,54.0,芝,1600.0,稍,96.0,1.1,12-13,35.8,420.0,-6.0,ハレアカラフラ,
2020103320,アイサマン,2023/05/28,1京都12,曇,3,3歳未勝利,18,1,1,11.2,6.0,4,藤岡佑介,54.0,芝,1600.0,良,94.1,0.5,1-1,35.7,426.0,10.0,ピピオラ,83.0
2020103320,アイサマン,2023/03/12,2中京2,晴,4,3歳未勝利,16,4,8,18.2,7.0,7,小沢大仁,53.0,芝,1600.0,良,96.1,0.4,10-11-10,34.6,416.0,0.0,トーセンサマンサ,
2020103320,アイサマン,2023/02/25,2小倉5,曇,5,3歳未勝利,16,5,9,9.7,5.0,4,藤岡康太,54.0,芝,1800.0,稍,110.3,0.7,4-3-4-2,36.9,416.0,-4.0,コイニョウボウ,83.0
2020103320,アイサマン,2023/02/05,1小倉8,晴,2,3歳未勝利,14,4,6,8.1,5.0,5,藤岡佑介,54.0,芝,1800.0,良,109.3,0.3,8-7-9-7,35.6,420.0,0.0,アグラシアド,55.0
2020103320,アイサマン,2022/11/05,5阪神1,晴,3,2歳未勝利,11,7,8,15.0,4.0,5,藤岡佑介,54.0,芝,1600.0,良,96.6,0.6,7-8,33.9,420.0,2.0,ダルエスサラーム,52.0
2020103320,アイサマン,2022/10/10,4阪神3,曇,3,2歳未勝利,12,1,1,7.2,5.0,3,藤岡佑介,54.0,芝,1600.0,重,95.9,0.2,3-3,34.7,418.0,2.0,ブライトサイン,130.0
2020103320,アイサマン,2022/09/11,5中京2,晴,2,2歳未勝利,11,4,4,20.8,7.0,2,藤岡佑介,54.0,芝,1600.0,良,95.3,0.1,3-3-3,34.4,416.0,-10.0,トゥーテイルズ,210.0
2020103320,アイサマン,2022/07/31,2新潟2,晴,6,2歳新馬,14,7,13,7.6,4.0,7,藤岡康太,54.0,芝,1400.0,良,82.9,0.4,7-8,34.9,426.0,0.0,フルメタルボディー,
2016100194,ハシノオージャ,2026/07/08,園田,晴,2,C3三,9,8,9,172.3,9.0,9,渡瀬和幸,57.0,ダ,1400.0,稍,98.3,4.3,7-7-8-9,42.0,435.0,-1.0,デルマヴェーダ,
2016100194,ハシノオージャ,2026/06/18,園田,晴,1,C3三,10,8,9,24.7,5.0,5,佐々木世,55.0,ダ,1400.0,良,95.1,1.6,9-8-7-7,40.0,436.0,2.0,アストリット,6.0
2016100194,ハシノオージャ,2026/06/03,園田,曇,1,C3二,10,7,8,39.6,7.0,8,杉浦健太,57.0,ダ,1400.0,重,97.2,3.3,10-10-10-10,42.2,434.0,-2.0,サニイアール,
2016100194,ハシノオージャ,2026/05/15,園田,晴,4,C3二,9,7,7,235.7,9.0,8,高畑皓一,57.0,ダ,1400.0,良,95.4,1.9,9-8-8-8,40.8,436.0,-9.0,ウクライナアイズ,
2016100194,ハシノオージャ,2026/04/30,園田,雨,1,C3三,9,2,2,20.7,4.0,3,高畑皓一,57.0,ダ,1400.0,稍,96.7,2.6,9-9-8-8,41.0,445.0,-2.0,テイケイヴィーノ,15.0
2016100194,ハシノオージャ,2026/04/16,園田,晴,1,C3三,10,8,9,19.3,4.0,4,杉浦健太,57.0,ダ,1400.0,稍,97.0,0.9,5-5-6-6,41.3,447.0,3.0,ビガーサンライズ,9.0
2016100194,ハシノオージャ,2026/03/26,園田,曇,2,C3三,10,6,6,223.5,10.0,6,杉浦健太,57.0,ダ,1400.0,重,96.5,2.4,9-9-9-9,42.0,444.0,-2.0,シンゼンハチマン,
2016100194,ハシノオージャ,2026/03/12,姫路,晴,3,C3三,9,2,2,59.7,8.0,8,高畑皓一,57.0,ダ,1400.0,良,99.3,1.6,9-9-9-9,40.7,446.0,2.0,ディヴァンカドー,
2016100194,ハシノオージャ,2026/02/27,姫路,雨,12,スノーフレーク賞C3,11,7,10,,,取,高畑皓一,57.0,ダ,1500.0,稍,,,,,,,オキョンピー,
2016100194,ハシノオージャ,2026/02/12,姫路,晴,1,C3三,9,8,9,39.9,7.0,3,高畑皓一,57.0,ダ,1400.0,稍,99.0,0.9,8-8-7-7,42.3,444.0,4.0,アークリオーソ,15.0
2016100194,ハシノオージャ,2026/01/27,姫路,曇,2,C3三,10,7,7,83.2,8.0,7,高畑皓一,57.0,ダ,1400.0,良,98.5,1.1,10-10-9-8,41.5,440.0,0.0,マジカルフェイス,
2016100194,ハシノオージャ,2026/01/07,園田,晴,1,C3二,10,8,9,63.6,6.0,5,高畑皓一,57.0,ダ,1400.0,良,96.1,2.0,9-9-8-8,41.2,440.0,2.0,ラスクミソ,6.0
2016100194,ハシノオージャ,2025/12/23,園田,晴,3,C3二,10,8,10,137.1,9.0,9,竹村達也,57.0,ダ,1400.0,稍,96.2,2.8,9-9-9-9,41.2,438.0,1.0,イマジンレノン,
2016100194,ハシノオージャ,2025/12/09,園田,晴,2,C3二,10,4,4,82.2,6.0,8,高畑皓一,57.0,ダ,1400.0,良,95.5,2.3,10-10-10-10,41.1,437.0,-6.0,グリューンヴァルト,
2016100194,ハシノオージャ,2025/11/25,園田,雨,1,C3二,12,6,8,47.1,7.0,4,高畑皓一,57.0,ダ,1400.0,稍,95.2,0.7,9-8-8-7,41.1,443.0,4.0,メイショウマサカリ,9.0
2016100194,ハシノオージャ,2025/11/13,園田,曇,1,C3四,9,2,2,21.7,3.0,2,杉浦健太,57.0,ダ,1400.0,稍,98.3,0.6,7-7-7-5,41.0,439.0,-1.0,ナイスシュート,24.0
2016100194,ハシノオージャ,2025/10/30,園田,晴,1,C3二,10,3,3,52.7,6.0,5,高畑皓一,57.0,ダ,1400.0,良,96.1,0.6,7-7-7-5,40.4,440.0,8.0,ジョーノベリスタ,6.0
2016100194,ハシノオージャ,2025/10/17,園田,晴,1,C3三,10,4,4,160.7,9.0,4,杉浦健太,57.0,ダ,1400.0,良,95.2,1.4,8-7-8-6,41.0,432.0,4.0,オウケンファイター,9.0
2016100194,ハシノオージャ,2025/09/25,園田,曇,1,C3三,9,5,5,143.6,9.0,5,高畑皓一,57.0,ダ,1400.0,良,96.0,0.8,8-7-8-6,40.8,428.0,-1.0,ミヤビルーナ,6.0
2016100194,ハシノオージャ,2025/09/11,園田,曇,1,C3四,10,1,1,122.5,10.0,6,高畑皓一,57.0,ダ,1400.0,不,97.0,1.4,8-8-8-7,41.8,429.0,2.0,オーシンキャンディ,
2016100194,ハシノオージャ,2025/08/27,園田,晴,2,竜山石7ハロンC3三,9,6,6,146.0,9.0,8,米玉利燕,54.0,ダ,1400.0,良,96.2,2.3,5-5-6-8,42.3,427.0,-8.0,タンバッフェ,
2016100194,ハシノオージャ,2025/07/18,園田,曇,4,C3二,10,5,5,69.8,10.0,10,米玉利燕,54.0,ダ,1400.0,重,98.7,3.7,10-10-10-10,43.4,435.0,8.0,テイケイヴォーグ,
2016100194,ハシノオージャ,2025/07/04,園田,晴,4,C3二,9,8,8,46.8,8.0,8,杉浦健太,57.0,ダ,1400.0,良,96.6,1.9,8-9-8-8,40.4,427.0,-4.0,ミッテルライン,
2016100194,ハシノオージャ,2025/06/20,園田,晴,3,C3一,10,2,2,144.8,8.0,10,米玉利燕,54.0,ダ,1400.0,良,97.7,4.0,10-10-10-10,42.7,431.0,1.0,ウィステリアダディ,
2016100194,ハシノオージャ,2025/06/06,園田,曇,4,C3一,12,5,5,261.8,11.0,12,杉浦健太,57.0,ダ,1400.0,良,97.2,3.9,12-12-12-12,41.6,430.0,-6.0,ビナカマウ,
2016100194,ハシノオージャ,2025/03/04,姫路,雨,3,C2三,8,1,1,122.4,8.0,7,板野央,56.0,ダ,1400.0,不,98.8,4.5,8-8-8-8,42.4,436.0,-6.0,イッツマイビジネス,
2016100194,ハシノオージャ,2025/01/16,園田,晴,5,ありがとう西宮ホルモ(C2),11,7,9,164.3,8.0,9,板野央,56.0,ダ,1400.0,良,95.4,1.8,10-10-10-10,41.3,442.0,3.0,ロードシャマール,
2016100194,ハシノオージャ,2024/12/31,園田,晴,5,年忘れ7ハロンC2三,10,4,4,125.8,8.0,9,板野央,56.0,ダ,1400.0,良,96.2,2.4,10-10-10-10,41.0,439.0,-2.0,アエディフィカータ,
2016100194,ハシノオージャ,2024/12/10,園田,晴,2,C3三,12,8,11,23.2,7.0,1,板野央,56.0,ダ,1400.0,良,95.0,-0.1,8-8-7-5,40.7,441.0,4.0,(ヒエンディー),56.0
2016100194,ハシノオージャ,2024/11/27,園田,曇,3,C3三,9,4,4,29.3,5.0,4,板野央,56.0,ダ,1400.0,重,97.1,0.9,7-7-7-7,41.4,437.0,5.0,セイウンエンプレス,8.4
2016100194,ハシノオージャ,2024/11/06,園田,晴,4,東経135度7ハロン(C3),9,1,1,114.4,9.0,6,板野央,56.0,ダ,1400.0,稍,95.6,2.3,9-9-9-9,41.4,432.0,-1.0,ラブカヒルー,
2016100194,ハシノオージャ,2024/10/24,園田,晴,3,C3一,10,7,8,179.0,7.0,7,板野央,56.0,ダ,1400.0,稍,95.9,2.0,9-8-10-10,40.9,433.0,0.0,スエヒロイナズマ,
2016100194,ハシノオージャ,2024/10/09,園田,曇,1,C3二,10,4,4,17.5,5.0,5,板野央,56.0,ダ,1400.0,重,96.8,1.4,7-7-8-7,41.9,433.0,2.0,ラブユーサクラ,5.6
2016100194,ハシノオージャ,2024/09/26,園田,晴,3,C3一,10,3,3,206.6,8.0,8,板野央,56.0,ダ,1400.0,良,94.5,2.3,9-9-9-9,40.4,431.0,-4.0,ナディスター,
2016100194,ハシノオージャ,2024/09/11,園田,晴,1,C3三,10,3,3,38.5,6.0,2,板野央,56.0,ダ,1400.0,良,96.1,0.1,8-8-5-4,40.2,435.0,-1.0,ナリタダイアリー,19.6
2016100194,ハシノオージャ,2024/08/29,園田,雨,2,C3一,10,7,8,289.9,10.0,8,板野央,56.0,ダ,1400.0,重,96.6,2.7,10-10-10-9,41.5,436.0,8.0,デルマフゲン,
2016100194,ハシノオージャ,2024/08/08,園田,晴,3,C3一,10,1,1,277.7,10.0,10,板野央,56.0,ダ,1400.0,稍,96.2,2.1,10-10-10-10,41.2,428.0,-5.0,サトノアヴァロン,
2016100194,ハシノオージャ,2024/07/25,園田,晴,3,C3一,12,5,6,419.0,12.0,10,板野央,56.0,ダ,1400.0,良,95.7,2.4,12-12-12-11,40.8,433.0,2.0,ココラフィネ,
2016100194,ハシノオージャ,2024/07/10,園田,曇,4,C3一,12,5,6,174.1,11.0,8,板野央,56.0,ダ,1400.0,良,95.7,2.3,12-12-12-10,39.7,431.0,-3.0,ファイアボルト,
2016100194,ハシノオージャ,2024/06/26,園田,曇,5,そのたんルームに等身(C2),9,8,8,66.1,7.0,8,板野央,56.0,ダ,1400.0,稍,96.4,1.8,8-8-9-9,41.7,434.0,-1.0,ラブミーパラダイス,
2016100194,ハシノオージャ,2024/06/12,園田,晴,4,昆陽7ハロンC2二,10,8,10,105.0,8.0,6,板野央,56.0,ダ,1400.0,良,94.9,0.8,7-7-7-7,41.6,435.0,-2.0,スマートキャノン,
2016100194,ハシノオージャ,2024/05/29,園田,晴,5,真盛7ハロンC2三,10,2,2,113.4,10.0,5,板野央,56.0,ダ,1400.0,重,96.1,3.1,7-7-6-5,41.6,437.0,1.0,エクソソーム,7.0
2016100194,ハシノオージャ,2024/05/16,園田,晴,6,C2二,10,7,7,38.6,9.0,6,山田雄大,56.0,ダ,1400.0,稍,96.5,1.3,9-9-10-9,40.7,436.0,4.0,フーレイ,
2016100194,ハシノオージャ,2024/04/25,園田,晴,7,C2二,7,4,4,109.5,7.0,4,板野央,56.0,ダ,1400.0,重,95.0,1.9,7-7-7-7,40.7,432.0,-1.0,アスクヴレーヴモア,10.5
2016100194,ハシノオージャ,2024/04/10,園田,晴,8,C2二,9,8,9,47.1,7.0,7,板野央,56.0,ダ,1400.0,重,95.7,2.0,8-7-7-7,42.1,433.0,1.0,スケサンカクサン,
2016100194,ハシノオージャ,2024/03/28,園田,曇,1,C3三,11,6,6,6.6,3.0,1,板野央,56.0,ダ,1400.0,稍,94.7,-0.1,7-7-7-5,41.4,432.0,-3.0,(クールビッグスター),56.0
2016100194,ハシノオージャ,2024/03/07,姫路,晴,2,C3二,11,2,2,45.9,7.0,6,板野央,56.0,ダ,1400.0,稍,96.6,1.0,9-9-10-10,41.3,435.0,3.0,ブラックアウト,
2016100194,ハシノオージャ,2024/02/20,姫路,曇,5,C3,10,5,5,286.2,10.0,10,板野央,56.0,ダ,1800.0,重,127.5,2.4,8-8-9-9,42.3,432.0,-3.0,ジャクソンルーツ,
2016100194,ハシノオージャ,2024/01/30,姫路,晴,1,C3,8,1,1,69.5,7.0,6,板野央,56.0,ダ,1500.0,良,102.4,1.6,7-7-7-7,40.3,435.0,1.0,グランヴェルソー,
2016100194,ハシノオージャ,2024/01/17,姫路,晴,3,C3,10,3,3,18.8,7.0,5,板野央,56.0,ダ,1500.0,良,102.6,1.1,7-7-7-7,40.5,434.0,-5.0,ラガートゥインクル,5.6
2016100194,ハシノオージャ,2023/12/29,園田,曇,5,C3一,12,5,5,45.4,6.0,5,板野央,56.0,ダ,1400.0,良,94.1,1.0,9-9-10-9,40.4,439.0,0.0,カワキタオルゴ,5.6
2016100194,ハシノオージャ,2023/12/12,園田,曇,5,C3一,12,5,6,19.6,7.0,5,板野央,56.0,ダ,1400.0,重,95.8,1.8,11-11-11-8,40.9,439.0,-3.0,ララノスタルジック,5.6
2016100194,ハシノオージャ,2023/11/29,園田,晴,5,C3二,10,7,7,31.2,6.0,4,板野央,56.0,ダ,1400.0,良,94.3,1.4,10-10-9-6,40.2,442.0,3.0,タマノシュシュ,8.4
2016100194,ハシノオージャ,2023/11/07,園田,晴,8,C2二,10,6,6,283.9,10.0,6,板野央,56.0,ダ,1400.0,重,94.3,2.0,10-10-9-9,41.0,439.0,1.0,ナムラエヴァ,
2016100194,ハシノオージャ,2023/10/25,園田,晴,9,C2二,10,2,2,130.6,10.0,7,板野央,56.0,ダ,1400.0,良,93.8,1.8,10-10-10-9,40.2,438.0,-3.0,メイショウタクボク,
2016100194,ハシノオージャ,2023/10/13,園田,晴,7,C2三,8,5,5,17.5,5.0,5,板野央,56.0,ダ,1400.0,良,95.0,0.5,8-8-8-7,39.7,441.0,5.0,シルバーブリス,7.0
2016100194,ハシノオージャ,2023/09/27,園田,晴,9,C2二,10,1,1,82.6,9.0,5,板野央,56.0,ダ,1400.0,良,93.4,0.4,9-9-9-9,39.8,436.0,1.0,ミスティックパワー,7.0
2016100194,ハシノオージャ,2023/09/06,園田,曇,6,C2二,10,6,6,52.4,9.0,4,板野央,56.0,ダ,1400.0,良,93.5,0.7,8-8-8-7,39.9,435.0,6.0,グレートキングベア,10.5
2016100194,ハシノオージャ,2023/08/17,園田,曇,5,C2三,9,8,8,38.6,7.0,2,板野央,56.0,ダ,1400.0,重,95.1,0.7,9-9-9-7,40.9,429.0,-4.0,サハラ,28.0
2016100194,ハシノオージャ,2023/08/03,園田,晴,4,C2三,10,3,3,17.0,4.0,5,板野央,56.0,ダ,1400.0,良,94.0,2.2,8-8-7-7,40.2,433.0,2.0,エキゾチックルナ,7.0
2016100194,ハシノオージャ,2023/07/14,園田,曇,7,C2二,10,2,2,26.2,5.0,7,大柿一真,56.0,ダ,1400.0,稍,94.9,1.3,7-8-9-8,40.0,431.0,0.0,クレスコロッキー,
2016100194,ハシノオージャ,2023/06/29,園田,晴,3,C3一,10,8,10,9.3,5.0,2,大柿一真,56.0,ダ,1400.0,良,93.1,0.3,4-4-4-4,39.7,431.0,0.0,マルマルマル,22.4
2016100194,ハシノオージャ,2023/06/14,園田,曇,3,C3一,12,6,7,18.7,6.0,3,大柿一真,56.0,ダ,1400.0,稍,94.7,0.5,8-8-7-7,40.6,431.0,-3.0,ジュンスピード,14.0
2016100194,ハシノオージャ,2023/06/01,園田,曇,3,C3一,10,1,1,21.0,5.0,5,大柿一真,56.0,ダ,1400.0,稍,96.0,1.3,5-5-8-7,42.7,434.0,1.0,ヨウウッドテール,5.6
2016100194,ハシノオージャ,2023/05/18,園田,晴,3,C3一,10,5,5,17.5,8.0,3,大柿一真,56.0,ダ,1400.0,良,94.5,0.4,9-9-8-6,40.5,433.0,-6.0,メイショウカークス,14.0
2016100194,ハシノオージャ,2023/05/05,園田,晴,3,C3一,10,1,1,18.0,7.0,3,大柿一真,56.0,ダ,1400.0,良,94.2,0.7,8-8-8-7,40.9,439.0,-1.0,スプレッドイーグル,14.0
2016100194,ハシノオージャ,2023/04/26,園田,雨,4,C3一,10,7,7,30.4,8.0,7,田村直也,56.0,ダ,1400.0,不,93.7,1.6,10-10-8-9,39.9,440.0,-4.0,ラブリーテン,
2016100194,ハシノオージャ,2023/04/12,園田,曇,3,C3二,10,7,8,23.2,8.0,2,大柿一真,56.0,ダ,1400.0,稍,94.6,0.2,10-10-10-8,40.0,444.0,0.0,ヒーローオブチグサ,22.4
2016100194,ハシノオージャ,2023/03/30,園田,晴,4,C3二,9,3,3,11.4,6.0,4,大柿一真,56.0,ダ,1400.0,良,94.6,1.1,8-8-9-9,40.5,444.0,0.0,サンアーバイン,7.5
2016100194,ハシノオージャ,2023/03/15,姫路,晴,4,C3二,10,6,6,65.2,8.0,7,大柿一真,56.0,ダ,1400.0,良,94.8,0.6,7-7-6-5,39.6,444.0,-3.0,ブラックアウト,
2016100194,ハシノオージャ,2023/03/01,姫路,晴,2,C3一,12,5,6,177.8,12.0,6,大柿一真,56.0,ダ,1400.0,良,95.0,0.6,10-9-11-10,38.9,447.0,0.0,デルマジン,
2016100194,ハシノオージャ,2023/02/14,姫路,曇,3,C3二,10,8,9,7.9,4.0,2,大柿一真,56.0,ダ,1400.0,稍,95.7,0.2,5-5-5-5,41.2,447.0,-2.0,トライバルキング,20.0
2016100194,ハシノオージャ,2023/01/27,姫路,雪,2,C3二,12,2,2,55.2,12.0,9,山田雄大,56.0,ダ,1400.0,稍,95.5,0.8,6-4-8-7,40.1,449.0,3.0,テーオーモンブラン,
2016100194,ハシノオージャ,2023/01/25,姫路,,2,C3二,0,2,2,,,,山田雄大,56.0,ダ,1400.0,,,,,,,,,
2016100194,ハシノオージャ,2023/01/02,園田,曇,4,C3一,10,3,3,8.9,6.0,5,吉村智洋,56.0,ダ,1400.0,良,94.1,1.6,6-6-6-7,40.2,446.0,-2.0,ヨドノウイング,5.0
2016100194,ハシノオージャ,2022/12/20,園田,晴,2,C3一,10,2,2,21.4,6.0,7,大柿一真,56.0,ダ,1400.0,良,94.7,1.4,9-9-9-8,39.6,448.0,0.0,レッツゴーアスク,
2016100194,ハシノオージャ,2022/12/07,園田,晴,4,C3一,10,7,8,10.6,5.0,2,大柿一真,56.0,ダ,1400.0,稍,95.4,0.2,3-3-4-2,39.7,448.0,3.0,トキノヒト,20.0
2016100194,ハシノオージャ,2022/11/24,園田,晴,4,C3二,10,5,5,7.9,4.0,5,大柿一真,56.0,ダ,1400.0,重,94.9,1.2,9-9-7-6,41.9,445.0,-2.0,クールブルーズ,5.0
2016100194,ハシノオージャ,2022/11/09,園田,晴,6,C2三,10,8,10,80.4,9.0,7,佐々木世,54.0,ダ,1400.0,良,92.9,2.2,10-10-10-10,39.2,447.0,1.0,サトノキリンジ,
2016100194,ハシノオージャ,2022/10/25,園田,晴,6,C2二,10,8,9,28.9,5.0,7,佐々木世,54.0,ダ,1400.0,良,94.0,2.6,9-9-9-9,39.2,446.0,-4.0,クリオミニーズ,
2016100194,ハシノオージャ,2022/10/14,園田,晴,7,C2三,9,6,6,3.6,2.0,3,佐々木世,54.0,ダ,1400.0,良,94.3,0.3,9-9-9-6,39.4,450.0,5.0,バケル,15.0
2016100194,ハシノオージャ,2022/09/29,園田,曇,5,C2四,10,7,7,8.6,3.0,4,田野豊三,56.0,ダ,1400.0,稍,93.7,1.3,6-6-7-7,40.4,445.0,7.0,ミヤビプレシャス,9.0
2016100194,ハシノオージャ,2022/09/08,園田,曇,8,ヤングジョッキーズT(C3),12,5,5,3.2,1.0,1,泉谷楓真,56.0,ダ,1400.0,良,92.4,-0.1,9-8-7-4,40.3,438.0,-8.0,(トキノケリー),60.0
2016100194,ハシノオージャ,2022/08/18,園田,曇,3,C3一,10,4,4,1.8,1.0,4,吉村智洋,56.0,ダ,1400.0,不,94.5,0.2,7-6-5-4,41.2,446.0,9.0,ゴドルアーム,7.5
2016100194,ハシノオージャ,2022/08/04,園田,曇,4,C3二,10,6,6,3.6,3.0,2,吉村智洋,56.0,ダ,1400.0,良,93.4,0.7,5-5-4-3,40.1,437.0,1.0,マリノジェノヴァ,20.0
2016100194,ハシノオージャ,2022/07/21,園田,晴,1,C3三,10,5,5,16.0,4.0,3,廣瀬航,56.0,ダ,1400.0,稍,93.9,0.9,6-6-6-5,41.0,436.0,8.0,ボニンブルー,12.5
2016100194,ハシノオージャ,2022/07/01,園田,晴,3,C3二,9,1,1,3.0,2.0,5,廣瀬航,56.0,ダ,1400.0,良,93.3,0.4,7-6-7-6,40.3,428.0,-8.0,イヴリーヌ,5.0
2016100194,ハシノオージャ,2022/02/22,姫路,晴,5,C2二,10,4,4,26.7,5.0,6,下原理,56.0,ダ,1400.0,良,94.8,0.5,10-8-7-6,39.4,436.0,-1.0,エリカステラ,
2016100194,ハシノオージャ,2022/02/03,姫路,曇,6,C3一,9,3,3,9.3,6.0,1,下原理,56.0,ダ,1400.0,良,95.2,0.0,5-1-4-2,39.1,437.0,2.0,(インノータイム),50.0
2016100194,ハシノオージャ,2022/01/20,姫路,晴,5,C2一,10,8,9,24.4,5.0,8,下原理,56.0,ダ,1400.0,良,94.9,1.0,9-9-7-7,38.9,435.0,5.0,ラルワースコーヴ,
2016100194,ハシノオージャ,2022/01/02,園田,晴,8,C2一,10,5,5,22.2,6.0,10,大山真吾,56.0,ダ,1400.0,良,93.4,1.2,10-10-10-10,39.0,430.0,1.0,メイショウフウカ,
2016100194,ハシノオージャ,2021/12/23,園田,晴,12,C2一,10,5,5,13.3,5.0,5,杉浦健太,56.0,ダ,1400.0,稍,92.9,0.6,9-9-9-8,39.0,429.0,-6.0,キフジンノドレス,6.0
2016100194,ハシノオージャ,2021/12/17,園田,曇,8,C2一,9,7,7,20.8,7.0,4,下原理,56.0,ダ,1400.0,不,92.7,0.6,9-9-9-8,39.4,435.0,5.0,プレミアムレイ,9.0
2016100194,ハシノオージャ,2021/12/02,園田,晴,12,君も進もう!騎手への(C2),10,4,4,12.6,6.0,7,廣瀬航,56.0,ダ,1400.0,稍,94.6,1.4,8-7-9-9,40.0,430.0,2.0,ラヴアンドグレース,
2016100194,ハシノオージャ,2021/11/17,園田,晴,7,C2一,10,1,1,16.5,5.0,2,下原理,56.0,ダ,1400.0,良,92.6,0.1,5-6-6-5,39.2,428.0,-1.0,ダージリンクーラー,24.0
2016100194,ハシノオージャ,2021/11/04,園田,晴,9,C2一,11,8,12,58.9,9.0,7,杉浦健太,57.0,ダ,1400.0,良,93.1,1.2,11-11-10-8,37.7,429.0,-2.0,ロックオブエイジズ,
2016100194,ハシノオージャ,2021/10/22,園田,曇,5,C2四,12,7,9,6.6,4.0,1,下原理,56.0,ダ,1400.0,良,93.5,-0.3,9-9-7-4,38.7,431.0,-2.0,(アーバンスター),60.0
2016100194,ハシノオージャ,2021/10/07,園田,晴,4,C3一,10,3,3,11.9,4.0,4,松本幸祐,56.0,ダ,1400.0,良,94.7,0.6,9-8-7-6,38.8,433.0,2.0,デルマアツヒメ,7.5
2016100194,ハシノオージャ,2021/09/22,園田,曇,8,ヤングジョッキーズT(C3),12,6,8,8.0,5.0,2,魚住謙心,56.0,ダ,1400.0,良,93.9,0.0,9-9-8-5,39.6,431.0,4.0,ピエナシニスター,24.0
2016100194,ハシノオージャ,2021/09/10,園田,晴,2,C3二,10,7,7,34.3,7.0,2,松本幸祐,56.0,ダ,1400.0,稍,94.2,0.1,7-7-8-9,41.5,427.0,-1.0,メイショウナガヨリ,20.0
2016100194,ハシノオージャ,2021/08/27,園田,晴,2,C3一,10,8,10,26.8,9.0,5,松本幸祐,56.0,ダ,1400.0,良,93.1,0.7,10-10-10-10,40.4,428.0,-3.0,ゲンパチシャドウ,5.0
2016100194,ハシノオージャ,2021/08/13,園田,雨,5,C3一,10,5,5,9.2,4.0,4,長尾翼玖,53.0,ダ,1400.0,不,94.7,1.7,8-8-6-5,40.7,431.0,10.0,メイショウコハギ,7.5
2016100194,ハシノオージャ,2021/07/30,園田,晴,4,C3一,10,1,1,77.3,8.0,7,松本幸祐,56.0,ダ,1400.0,良,93.2,1.0,9-9-10-9,39.2,421.0,-6.0,シュルシャガナ,
2016100194,ハシノオージャ,2021/07/16,園田,曇,5,C3一,10,3,3,25.7,5.0,3,松本幸祐,56.0,ダ,1400.0,重,93.9,2.5,9-9-7-4,40.8,427.0,2.0,クリノヴィンセント,12.5
2016100194,ハシノオージャ,2021/07/02,園田,曇,7,C2三,10,8,9,17.8,6.0,3,杉浦健太,56.0,ダ,1400.0,不,93.4,0.6,6-6-6-5,40.2,425.0,-1.0,メンフィス,15.0
2016100194,ハシノオージャ,2021/06/17,園田,晴,5,C2二,10,8,10,31.6,8.0,6,松本幸祐,56.0,ダ,1400.0,重,95.5,1.1,5-5-5-7,40.3,426.0,3.0,レッドホーク,
2016100194,ハシノオージャ,2021/06/03,園田,曇,7,C2二,10,7,7,53.1,7.0,8,松本幸祐,56.0,ダ,1400.0,良,93.7,1.9,10-10-10-10,39.6,423.0,-1.0,レイザーズエッジ,
2016100194,ハシノオージャ,2021/05/19,園田,雨,5,C2三,9,6,6,4.7,3.0,5,大柿一真,56.0,ダ,1400.0,重,96.5,1.2,5-5-5-6,41.8,424.0,-4.0,メロス,6.0
2016100194,ハシノオージャ,2021/05/06,園田,晴,3,C3一,10,8,9,1.6,1.0,3,大柿一真,56.0,ダ,1400.0,重,94.8,0.4,8-8-3-3,41.2,428.0,3.0,ミツルグロウ,12.5
2016100194,ハシノオージャ,2021/04/16,園田,曇,4,C3一,10,8,10,10.9,5.0,3,松本幸祐,56.0,ダ,1400.0,良,93.8,0.2,8-9-8-8,40.9,425.0,2.0,ピエナペリー,12.5
2016100194,ハシノオージャ,2021/04/01,姫路,晴,3,C3二,10,4,4,9.0,6.0,2,松本幸祐,56.0,ダ,1400.0,良,94.1,0.1,5-5-6-5,40.4,423.0,-3.0,キュールエモモ,20.0
2016100194,ハシノオージャ,2021/03/16,姫路,曇,4,C3二,10,6,6,3.9,3.0,5,松本幸祐,56.0,ダ,1400.0,稍,95.6,0.4,6-6-5-5,40.1,426.0,-3.0,アドラブルリリー,2.8
2016100194,ハシノオージャ,2021/02/25,姫路,晴,4,C3一,10,2,2,4.0,3.0,5,吉村智洋,56.0,ダ,1400.0,良,93.7,0.6,6-6-4-4,38.9,429.0,0.0,コスモソレイユ,2.8
2016100194,ハシノオージャ,2021/02/03,姫路,晴,4,C3一,10,8,9,1.7,1.0,4,吉村智洋,56.0,ダ,1400.0,良,95.6,0.6,5-5-5-5,39.9,429.0,2.0,カサマツブライト,3.5
2016100194,ハシノオージャ,2021/01/21,姫路,晴,3,C3一,10,5,5,2.1,1.0,4,吉村智洋,56.0,ダ,1400.0,良,93.6,0.9,8-9-6-6,39.0,427.0,2.0,マコトカンゼミズ,3.5
2016100194,ハシノオージャ,2021/01/02,園田,晴,8,C2一,10,5,5,11.8,6.0,7,松本幸祐,56.0,ダ,1400.0,稍,94.4,0.8,8-8-8-7,39.7,425.0,-7.0,シャープレシオ,
2016100194,ハシノオージャ,2020/12/24,園田,曇,5,2020YJSファイ(C2),11,7,8,4.4,2.0,3,仲原大生,56.0,ダ,1400.0,良,93.3,0.2,10-9-9-8,39.1,432.0,5.0,エンドオブジアース,9.8
2016100194,ハシノオージャ,2020/12/03,園田,曇,8,C2一,10,5,5,10.3,5.0,3,松本幸祐,56.0,ダ,1400.0,良,92.5,0.4,8-8-6-5,38.9,427.0,-2.0,キンショーゴスペル,7.0
2016100194,ハシノオージャ,2020/11/19,園田,晴,12,C2,12,2,2,19.9,4.0,3,松本幸祐,56.0,ダ,1700.0,良,115.4,1.6,6-6-5-4,40.2,429.0,1.0,リュヌドミエル,7.7
2016100194,ハシノオージャ,2020/11/05,園田,晴,7,C2二,10,8,10,48.1,8.0,4,松本幸祐,56.0,ダ,1400.0,良,91.6,1.1,10-10-9-7,39.8,428.0,1.0,ボーイッシュガール,5.0
2016100194,ハシノオージャ,2020/10/23,園田,曇,8,C2一,10,6,6,36.1,7.0,3,松本幸祐,56.0,ダ,1400.0,不,90.5,1.0,7-7-6-6,38.5,427.0,-3.0,メイプルシャイン,7.0
2016100194,ハシノオージャ,2020/10/09,園田,雨,5,C2三,10,2,2,8.5,5.0,3,松本幸祐,56.0,ダ,1400.0,不,90.8,0.7,4-4-5-4,39.4,430.0,-1.0,デアデビル,7.0
2016100194,ハシノオージャ,2020/09/25,園田,雨,6,C2三,9,8,9,7.5,4.0,5,松本幸祐,56.0,ダ,1400.0,不,90.3,1.1,5-6-7-6,38.4,431.0,2.0,ギャラクシーエクス,4.0
2016100194,ハシノオージャ,2020/09/11,園田,曇,6,C2三,10,7,7,11.8,4.0,3,大柿一真,56.0,ダ,1400.0,稍,93.1,0.2,6-6-7-6,40.2,429.0,2.0,ブラックタートル,7.0
2016100194,ハシノオージャ,2020/08/27,園田,晴,5,C2三,10,8,9,12.4,5.0,6,松本幸祐,56.0,ダ,1400.0,良,93.4,1.2,6-6-6-6,40.1,427.0,-3.0,ゴウノモノ,
2016100194,ハシノオージャ,2020/08/13,園田,晴,5,ヤングジョッキーズT(C3),12,5,5,5.0,2.0,1,川又賢治,56.0,ダ,1400.0,良,93.3,-0.1,8-8-7-5,40.6,430.0,-4.0,(ウインカートゥーン),45.0
2016100194,ハシノオージャ,2020/07/31,園田,晴,4,C3一,9,4,4,15.8,5.0,5,松本幸祐,56.0,ダ,1400.0,稍,92.7,0.9,5-5-6-6,40.3,434.0,8.0,ジェミーウェイ,2.8
2016100194,ハシノオージャ,2020/07/17,園田,曇,6,C3一,10,1,1,4.1,2.0,3,松本幸祐,56.0,ダ,1400.0,稍,93.5,0.3,7-6-9-8,39.7,426.0,-1.0,カシノワンパンチ,4.9
2016100194,ハシノオージャ,2020/07/02,園田,曇,5,C3一,10,8,10,15.4,6.0,5,松本幸祐,56.0,ダ,1400.0,稍,93.4,0.5,9-9-9-8,39.9,427.0,6.0,ハロービギン,2.8
2016100194,ハシノオージャ,2020/06/19,園田,曇,7,C2,7,6,6,11.0,6.0,6,井上幹太,56.0,ダ,1870.0,不,126.8,1.1,7-7-7-7,38.6,421.0,-1.0,チェリーアトラス,
2016100194,ハシノオージャ,2020/06/04,園田,晴,6,C2一,10,5,5,48.2,10.0,3,井上幹太,56.0,ダ,1400.0,良,92.2,0.2,9-9-10-9,39.2,422.0,-8.0,アーバンスター,7.0
2016100194,ハシノオージャ,2020/05/06,園田,曇,6,あやめ賞C2一,10,4,4,53.1,9.0,2,木本直,54.0,ダ,1400.0,良,92.5,0.6,6-6-7-5,40.3,430.0,4.0,ムルガン,14.0
2016100194,ハシノオージャ,2020/04/23,園田,晴,5,C2一,10,1,1,16.6,8.0,4,木本直,54.0,ダ,1400.0,良,93.1,1.2,8-8-8-8,40.0,426.0,2.0,トーセンアンタレス,5.0
2016100194,ハシノオージャ,2020/04/07,園田,晴,9,C2,12,7,9,57.0,7.0,8,大柿一真,56.0,ダ,1870.0,良,125.8,2.3,4-4-5-5,40.6,424.0,0.0,マイネルイヴィンス,
2016100194,ハシノオージャ,2020/03/24,園田,晴,8,C2一,10,8,9,3.9,2.0,7,大柿一真,56.0,ダ,1400.0,良,92.2,1.3,3-3-5-6,40.3,424.0,1.0,メイショウコハギ,
2016100194,ハシノオージャ,2020/03/10,園田,曇,7,C2一,10,8,9,13.0,4.0,3,大柿一真,56.0,ダ,1400.0,不,88.5,0.3,6-6-4-4,39.1,423.0,-2.0,ララコンフィアン,4.9
2016100194,ハシノオージャ,2020/02/14,園田,曇,6,C2一,10,3,3,26.5,6.0,4,大柿一真,56.0,ダ,1400.0,重,90.8,0.2,7-7-6-4,38.2,425.0,4.0,トウケイクレナイ,3.5
2016100194,ハシノオージャ,2020/01/28,姫路,曇,6,C2一,10,8,10,11.3,4.0,4,大柿一真,57.0,ダ,1400.0,重,92.5,1.0,5-8-8-9,39.3,421.0,-1.0,デスティニープラン,3.5
2016100194,ハシノオージャ,2020/01/15,姫路,晴,7,C2二,10,8,9,12.4,6.0,1,大柿一真,56.0,ダ,1400.0,良,93.6,0.0,8-8-9-8,39.3,422.0,-5.0,(ハニューハント),35.0
2016100194,ハシノオージャ,2019/12/31,園田,曇,5,C2二,7,3,3,5.3,3.0,4,大柿一真,56.0,ダ,1400.0,不,88.9,1.1,7-7-4-4,37.4,427.0,-4.0,ノンストップ,3.5
2016100194,ハシノオージャ,2019/12/18,園田,曇,5,C2二,10,3,3,16.4,4.0,5,大柿一真,56.0,ダ,1400.0,重,92.0,0.6,4-4-5-4,39.4,431.0,2.0,スキンズマッチ,2.8
2016100194,ハシノオージャ,2019/12/03,園田,曇,7,C2三,10,8,9,2.0,1.0,3,大柿一真,56.0,ダ,1400.0,稍,92.7,0.6,6-6-6-4,39.9,429.0,0.0,セツゲツカ,4.9
2016100194,ハシノオージャ,2019/11/20,園田,晴,4,C3一,10,1,1,5.4,4.0,1,大柿一真,56.0,ダ,1400.0,良,91.7,-0.2,3-3-3-2,39.4,429.0,1.0,(マックスブロケイド),30.0
2016100194,ハシノオージャ,2019/11/06,園田,晴,9,ヤングジョッキーズT(C2),12,6,8,9.4,6.0,6,永井孝典,56.0,ダ,1400.0,良,92.6,1.2,11-11-10-7,39.1,428.0,2.0,フロムミートゥユー,
2016100194,ハシノオージャ,2019/10/16,園田,晴,6,C2二,10,8,10,95.9,9.0,5,大柿一真,56.0,ダ,1400.0,良,92.0,1.3,6-6-6-6,39.3,426.0,2.0,ラー,2.8
2016100194,ハシノオージャ,2019/10/03,園田,曇,6,C2二,10,1,1,20.5,7.0,4,大柿一真,56.0,ダ,1400.0,良,91.3,1.1,7-6-6-6,40.3,424.0,-1.0,テンナイトパール,3.5
2016100194,ハシノオージャ,2019/09/18,園田,晴,7,C2三,9,3,3,4.5,3.0,2,杉浦健太,55.0,ダ,1400.0,良,92.8,0.1,6-7-6-4,39.3,425.0,-8.0,ライクエグザイル,9.8
2016100194,ハシノオージャ,2019/09/06,園田,晴,12,C2,12,7,9,23.9,5.0,7,松木大地,55.0,ダ,1700.0,稍,117.3,1.7,4-5-6-7,41.5,433.0,5.0,トウケイライデン,
2016100194,ハシノオージャ,2019/08/21,園田,晴,5,C2三,12,5,5,6.6,3.0,5,大柿一真,55.0,ダ,1400.0,稍,92.4,1.1,7-7-6-7,40.6,428.0,6.0,フミタツアーロン,2.8
2016100194,ハシノオージャ,2019/08/15,園田,,6,C2三,0,1,1,,,,大柿一真,55.0,ダ,1400.0,,,,,,,,,
2016100194,ハシノオージャ,2019/07/24,園田,晴,4,C3一,10,7,7,4.2,3.0,1,大柿一真,55.0,ダ,1400.0,重,89.2,-0.3,5-5-7-5,37.9,422.0,1.0,(ラングドック),30.0
2016100194,ハシノオージャ,2019/07/04,園田,曇,3,C3三,8,5,5,2.1,1.0,2,大柿一真,55.0,ダ,1400.0,不,89.1,0.0,3-3-3-2,39.1,421.0,1.0,ゴリョウサン,8.4
2016100194,ハシノオージャ,2019/06/19,園田,晴,7,3歳C1,11,1,1,19.2,5.0,3,大柿一真,55.0,ダ,1700.0,良,114.4,0.4,6-6-5-4,40.9,420.0,9.0,メイクアノイズ,8.4
2016100194,ハシノオージャ,2019/06/05,園田,晴,7,3歳C1一,12,5,6,88.0,11.0,6,大柿一真,55.0,ダ,1400.0,良,90.9,0.6,8-8-8-7,39.5,411.0,-2.0,マッシロ,
2016100194,ハシノオージャ,2019/05/15,園田,晴,9,3歳C1,12,4,4,17.9,5.0,9,大柿一真,55.0,ダ,1700.0,良,116.7,1.6,9-9-10-9,41.5,413.0,7.0,ゲンパチファインド,
2016100194,ハシノオージャ,2019/05/01,園田,曇,12,3歳BC1,12,6,7,27.9,7.0,8,大柿一真,56.0,ダ,1230.0,不,78.7,1.3,11-11-8-8,37.8,406.0,0.0,エムティーマリー,
2016100194,ハシノオージャ,2019/04/18,園田,晴,9,JRA交流広峰山特別,12,1,1,57.5,10.0,5,大柿一真,56.0,ダ,1400.0,良,93.6,1.2,10-10-10-10,41.0,406.0,-16.0,チャービル,10.4
2016100194,ハシノオージャ,2019/02/27,園田,晴,7,3歳B,10,8,9,2.6,1.0,4,吉村智洋,55.0,ダ,1700.0,良,114.9,0.7,4-4-4-4,40.2,422.0,11.0,タケマルビクトリー,7.5
2016100194,ハシノオージャ,2019/02/12,園田,晴,9,デイジー賞3歳B,9,5,5,4.7,2.0,3,池田敦,55.0,ダ,1400.0,稍,93.9,1.1,4-5-5-5,39.8,411.0,-3.0,タイセイスマーティ,10.5
2016100194,ハシノオージャ,2019/01/29,園田,曇,8,3歳BC1,12,8,11,8.0,4.0,2,池田敦,56.0,ダ,1700.0,良,119.0,0.1,6-5-5-3,40.7,414.0,4.0,エイシントカチ,21.0
2016100194,ハシノオージャ,2019/01/15,園田,雨,8,3歳B,10,1,1,22.7,6.0,5,池田敦,55.0,ダ,1400.0,稍,94.1,1.3,4-4-7-5,42.1,410.0,-1.0,ハリマドライブ,6.0
2016100194,ハシノオージャ,2019/01/03,園田,晴,2,3歳二組,9,5,5,68.3,6.0,4,杉浦健太,55.0,ダ,1400.0,稍,93.4,0.5,6-6-7-7,40.8,411.0,3.0,バンローズキングス,6.5
2016100194,ハシノオージャ,2018/12/20,園田,曇,2,2歳一組,11,3,3,13.8,4.0,9,杉浦健太,55.0,ダ,1400.0,重,92.7,2.3,10-9-9-9,40.3,408.0,-2.0,サンシキヒエン,
2016100194,ハシノオージャ,2018/12/12,園田,晴,2,2歳二組二,10,2,2,2.1,1.0,1,杉浦健太,55.0,ダ,1400.0,重,92.3,-0.2,3-3-4-3,40.4,410.0,-10.0,(タケマルビクトリー),65.0
2016100194,ハシノオージャ,2018/11/15,門別,曇,1,2歳未勝利(未勝利),12,5,6,45.0,9.0,2,松井伸也,55.0,ダ,1200.0,稍,75.9,0.1,2-2,38.8,420.0,2.0,ハヤマデイズ,10.0
2016100194,ハシノオージャ,2018/10/30,門別,曇,2,2歳未勝利(未勝利),10,2,2,25.6,8.0,5,松井伸也,55.0,ダ,1200.0,重,76.0,0.6,6-6,39.0,418.0,2.0,エスアンドアール,2.5
2016100194,ハシノオージャ,2018/10/17,門別,曇,2,2歳未勝利(未勝利),12,4,4,13.0,5.0,8,松井伸也,55.0,ダ,1000.0,稍,63.9,1.4,10-6,38.4,416.0,-2.0,ファーストステップ,
2016100194,ハシノオージャ,2018/09/25,門別,曇,1,2歳未勝利(未勝利),12,8,12,8.1,4.0,6,松井伸也,55.0,ダ,1000.0,良,63.5,1.0,11-9,37.5,418.0,8.0,カフェジュリア,
2016100194,ハシノオージャ,2018/08/29,門別,曇,1,2歳未勝利(未勝利),11,3,3,31.9,6.0,2,松井伸也,54.0,ダ,1000.0,良,63.2,0.1,5-4,38.1,410.0,-4.0,ドナアンブロージア,10.0
2016100194,ハシノオージャ,2018/08/15,門別,雨,1,2歳未勝利(未勝利),9,7,7,3.9,3.0,6,松井伸也,54.0,ダ,1000.0,不,63.3,0.7,4-3,39.1,414.0,2.0,パッサカリア,
2016100194,ハシノオージャ,2018/08/02,門別,晴,2,バブリー松島賞(未勝利)(2歳),12,1,1,3.1,1.0,3,伊藤千尋,54.0,ダ,1000.0,良,63.6,0.7,6-6,38.1,412.0,0.0,ドボジョ,7.5
2016100194,ハシノオージャ,2018/07/18,門別,曇,1,2歳未勝利(未勝利),10,7,7,42.6,6.0,3,松井伸也,54.0,ダ,1000.0,良,63.0,0.9,2-2,38.6,412.0,4.0,ウインドブロウン,7.5
2016100194,ハシノオージャ,2018/07/05,門別,雨,2,2歳未勝利(未勝利),12,8,11,331.1,10.0,8,松井伸也,54.0,ダ,1000.0,不,63.9,1.2,10-10,38.1,408.0,-6.0,ボルドーシエル,
2016100194,ハシノオージャ,2018/06/21,門別,雨,1,「AIRDOメルマガ(未勝利)(2歳),8,4,4,74.2,6.0,4,松井伸也,54.0,ダ,1000.0,重,64.8,2.0,6-5,39.5,414.0,2.0,クルーズラミレス,5.0
2016100194,ハシノオージャ,2018/06/06,門別,晴,6,JRA認定アタックチ(未勝利)(2歳),12,8,11,75.9,10.0,8,伊藤千尋,54.0,ダ,1000.0,良,64.9,2.4,12-12,38.2,412.0,-4.0,ピュアセレニティー,
2016100194,ハシノオージャ,2018/05/23,門別,曇,2,JRA認定フレッシュ(新馬)(2歳),7,6,6,50.5,7.0,6,松井伸也,54.0,ダ,1000.0,良,64.9,2.3,7-6,39.2,416.0,0.0,エアースピーダー,
2023106530,オーシンボンバー,2026/07/08,園田,晴,1,C3四,9,8,8,1.6,1.0,3,山本咲希,56.0,ダ,1400.0,稍,94.5,1.0,1-1-2-2,41.5,466.0,-1.0,アンセム,15.0
2023106530,オーシンボンバー,2026/06/17,園田,晴,4,蒲江7ハロン3歳C2,11,8,11,12.7,7.0,4,山本咲希,56.0,ダ,1400.0,良,93.3,0.5,1-1-1-1,41.7,467.0,-8.0,マーブルティスワ,9.0
2023106530,オーシンボンバー,2026/05/29,園田,晴,4,3歳C2二,9,5,5,14.5,6.0,5,山本咲希,56.0,ダ,1400.0,稍,95.6,1.1,1-1-1-1,42.1,475.0,0.0,パハロアスール,6.0
2017106324,メイショウバイラン,2026/07/17,園田,晴,4,C3三,10,8,10,175.4,8.0,8,杉浦健太,52.0,ダ,1400.0,良,94.5,2.8,5-5-6-6,40.7,425.0,-4.0,メイショウシュート,
2017106324,メイショウバイラン,2026/07/10,園田,晴,2,C3四,10,8,10,47.9,6.0,5,大山真吾,55.0,ダ,1400.0,良,95.8,1.8,7-8-8-8,41.8,429.0,-4.0,ノブアンドホワイト,6.0
2017106324,メイショウバイラン,2026/06/26,園田,曇,1,C3二,9,6,6,11.1,5.0,4,大山真吾,55.0,ダ,1400.0,不,97.2,1.9,8-8-3-3,42.9,433.0,-1.0,カリグラフィー,9.0
2017106324,メイショウバイラン,2026/06/12,園田,晴,3,C3三,8,5,5,24.1,6.0,5,高橋洸佑,52.0,ダ,1400.0,良,95.8,1.0,3-3-3-2,42.5,434.0,6.0,デュランヴェリテ,6.0
2017106324,メイショウバイラン,2026/05/27,園田,雨,4,木見スプリントC3,10,7,9,120.6,8.0,9,大山真吾,55.0,ダ,1230.0,良,84.7,2.8,9-9-9-9,40.8,428.0,-1.0,マローソ,
2017106324,メイショウバイラン,2026/05/15,園田,晴,3,C3三,8,4,4,143.8,8.0,6,大山真吾,55.0,ダ,1400.0,良,96.1,1.7,6-6-7-7,42.2,429.0,-2.0,ロサバンクシア,
2017106324,メイショウバイラン,2026/05/05,園田,晴,1,C3三,10,3,3,105.5,9.0,8,杉浦健太,55.0,ダ,1400.0,稍,97.8,3.5,6-5-6-6,42.9,431.0,-1.0,ワキノグラス,
2017106324,メイショウバイラン,2026/04/22,園田,曇,2,C3四,8,5,5,42.1,5.0,8,大山真吾,55.0,ダ,1400.0,良,98.4,2.6,3-3-5-5,41.5,432.0,3.0,ブエイ,
2017106324,メイショウバイラン,2026/04/09,園田,晴,1,C3四,8,3,3,131.0,8.0,5,大山真吾,55.0,ダ,1400.0,良,96.8,2.3,5-5-5-5,41.1,429.0,-2.0,ピロコギガマックス,6.0
2017106324,メイショウバイラン,2026/03/26,園田,曇,1,C3四,10,7,7,77.8,10.0,6,杉浦健太,55.0,ダ,1400.0,重,97.6,4.1,9-10-9-6,42.1,431.0,3.0,メイショウライズ,
2017106324,メイショウバイラン,2026/03/12,姫路,晴,3,C3三,9,8,8,126.1,9.0,9,杉浦健太,55.0,ダ,1400.0,良,99.4,1.7,8-8-7-7,41.2,428.0,-5.0,ディヴァンカドー,
2017106324,メイショウバイラン,2026/03/04,姫路,晴,1,C3二,10,8,9,254.9,10.0,9,高畑皓一,55.0,ダ,1400.0,重,101.2,3.3,4-3-7-8,44.0,433.0,-1.0,ペレストリーナ,
2017106324,メイショウバイラン,2026/02/12,姫路,晴,1,C3三,9,3,3,79.1,8.0,8,松木大地,55.0,ダ,1400.0,稍,100.2,2.1,7-6-8-9,43.9,434.0,-1.0,アークリオーソ,
2017106324,メイショウバイラン,2026/01/29,姫路,晴,4,久茂町ダッシュC3,9,1,1,59.3,7.0,8,大山真吾,55.0,ダ,800.0,良,53.3,1.6,8-8,38.7,435.0,2.0,ウエルカムキリシマ,
2017106324,メイショウバイラン,2026/01/08,園田,晴,2,C3一,10,3,3,183.7,10.0,10,大山真吾,55.0,ダ,1400.0,良,96.2,2.4,8-7-9-10,42.2,433.0,2.0,グランドフォレスト,
2017106324,メイショウバイラン,2025/12/31,園田,晴,2,C3一,10,6,6,173.1,8.0,7,大山真吾,55.0,ダ,1400.0,良,96.4,1.8,7-7-7-7,42.8,431.0,-4.0,ゲンタツ,
2017106324,メイショウバイラン,2025/12/17,園田,曇,6,C3一,10,2,2,260.2,10.0,10,大山真吾,55.0,ダ,1400.0,良,95.9,2.0,8-9-10-10,41.9,435.0,1.0,オーシンエンジェル,
2017106324,メイショウバイラン,2025/12/04,園田,晴,6,C3一,10,4,4,446.0,10.0,10,大山真吾,55.0,ダ,1400.0,良,96.2,3.1,9-9-10-9,41.2,434.0,0.0,チェリータイム,
2017106324,メイショウバイラン,2025/11/20,園田,晴,4,春日町鹿場7ハロン(C3),9,5,5,452.9,9.0,8,大山真吾,55.0,ダ,1400.0,良,96.3,3.1,6-6-7-8,42.7,434.0,-1.0,ラキアレクサンダー,
2017106324,メイショウバイラン,2025/11/06,園田,晴,6,C2三,10,2,2,277.8,10.0,10,大山真吾,55.0,ダ,1400.0,良,96.8,3.1,7-6-9-9,42.3,435.0,4.0,リリエンフェルト,
2017106324,メイショウバイラン,2025/10/24,園田,晴,6,森脇健児☆来場記念3(C2),10,8,9,393.9,10.0,8,大山真吾,55.0,ダ,1400.0,良,95.8,2.9,9-9-9-10,41.8,431.0,-5.0,ララアンセストラル,
2017106324,メイショウバイラン,2025/10/10,園田,晴,8,C2二,9,6,6,142.0,7.0,8,大山真吾,55.0,ダ,1400.0,良,95.3,2.5,6-6-6-7,41.4,436.0,-8.0,カジカライズ,
2017106324,メイショウバイラン,2025/10/01,園田,晴,5,兵庫県競馬組合45周(C2),12,1,1,159.2,11.0,12,大山真吾,55.0,ダ,820.0,稍,53.2,2.2,12-12,37.6,444.0,1.0,カワキタボーダレス,
2017106324,メイショウバイラン,2025/09/10,園田,曇,8,C1二,9,7,8,66.7,8.0,9,大山真吾,55.0,ダ,1230.0,良,83.6,2.0,9-9-9-9,40.7,443.0,1.0,ヘシキリ,
2017106324,メイショウバイラン,2025/08/29,園田,晴,12,不撓不屈ダッシュC3,12,6,7,14.4,6.0,1,大山真吾,54.0,ダ,820.0,良,51.2,-0.4,1-1,36.7,442.0,-3.0,(ミントジュレップ),60.0
2017106324,メイショウバイラン,2025/08/22,園田,晴,2,C3二,8,5,5,194.1,8.0,6,大山真吾,55.0,ダ,1400.0,良,95.3,2.2,6-6-7-7,41.9,445.0,4.0,ディスクリーキング,
2017106324,メイショウバイラン,2025/08/07,園田,曇,2,播州加東市産山田錦と(C3),10,2,2,13.5,5.0,5,大山真吾,55.0,ダ,1400.0,良,96.4,0.8,6-5-6-6,42.8,441.0,1.0,レンガノコブタサン,6.0
2017106324,メイショウバイラン,2025/07/25,園田,晴,2,C3四,8,1,1,35.4,5.0,6,大山真吾,55.0,ダ,1400.0,良,95.4,0.5,4-4-6-3,40.7,440.0,2.0,リモート,
2017106324,メイショウバイラン,2025/07/11,園田,晴,3,C3三,10,7,7,40.6,7.0,6,大山真吾,55.0,ダ,1400.0,良,96.0,0.6,5-5-5-3,40.0,438.0,-1.0,アネモスエルピーダ,
2017106324,メイショウバイラン,2025/06/27,園田,晴,4,C3二,10,2,2,20.6,6.0,4,大山真吾,55.0,ダ,820.0,稍,52.6,0.8,5-5,37.9,439.0,-1.0,パルマノーヴァ,9.0
2017106324,メイショウバイラン,2025/06/06,園田,晴,3,C3二,11,8,11,105.7,11.0,9,大山真吾,55.0,ダ,1400.0,良,96.1,1.2,2-2-2-3,42.0,440.0,-3.0,クールブリエ,
2017106324,メイショウバイラン,2025/05/21,園田,曇,3,C3二,11,6,6,160.9,11.0,10,大山真吾,55.0,ダ,1400.0,良,96.3,1.5,6-6-7-7,42.5,443.0,0.0,ベアナオセン,
2017106324,メイショウバイラン,2025/05/05,園田,晴,3,C3二,10,2,2,111.1,10.0,9,大山真吾,55.0,ダ,1400.0,良,96.7,2.3,8-9-10-10,42.0,443.0,-1.0,フェザースカイ,
2017106324,メイショウバイラン,2025/04/24,園田,晴,2,C3二,12,4,4,40.2,9.0,8,大山真吾,55.0,ダ,1400.0,稍,95.5,1.2,10-10-9-9,41.0,444.0,7.0,オノマトペ,
2017106324,メイショウバイラン,2025/04/09,園田,晴,1,C3三,12,1,1,28.5,7.0,3,大山真吾,55.0,ダ,1400.0,良,95.0,0.8,3-3-3-3,41.6,437.0,-6.0,モンシュヴァル,15.0
2017106324,メイショウバイラン,2025/04/03,園田,晴,6,稲富菜穂☆毎度おおき(C2),10,3,3,224.4,10.0,9,大山真吾,55.0,ダ,820.0,良,52.4,1.6,10-10,37.1,443.0,-2.0,ラプンツェルムーン,
2017106324,メイショウバイラン,2025/03/20,園田,晴,2,C3二,12,5,5,46.7,8.0,11,大山真吾,54.0,ダ,1400.0,重,98.3,4.1,5-4-6-9,45.3,445.0,4.0,ブルヴェール,
2017106324,メイショウバイラン,2025/03/06,姫路,曇,1,C3二,8,8,8,17.3,4.0,5,大山真吾,54.0,ダ,1400.0,重,98.4,2.3,7-7-6-6,42.8,441.0,-1.0,サンライズアクター,5.6
2017106324,メイショウバイラン,2025/02/24,姫路,晴,1,C3三,10,4,4,30.3,6.0,3,大山真吾,54.0,ダ,1400.0,良,96.5,0.1,9-9-3-2,40.8,442.0,1.0,ブレッシングアイル,11.2
2017106324,メイショウバイラン,2025/02/07,姫路,晴,2,C3二,11,2,2,310.3,11.0,10,大山真吾,54.0,ダ,1400.0,良,97.4,3.4,7-8-11-11,42.9,441.0,5.0,メイショウマサカツ,
2017106324,メイショウバイラン,2025/01/23,姫路,晴,3,C3一,9,8,9,107.7,8.0,8,大山真吾,54.0,ダ,1400.0,良,99.0,2.6,3-3-5-8,43.3,436.0,-4.0,ロングセラーアスク,
2017106324,メイショウバイラン,2025/01/09,園田,曇,5,木間生7ハロンC3一,11,8,12,115.2,9.0,9,大山真吾,54.0,ダ,1400.0,稍,98.6,3.1,9-8-8-7,43.9,440.0,5.0,アスクサステナブル,
2017106324,メイショウバイラン,2024/12/31,園田,曇,2,C3一,10,1,1,132.5,9.0,10,大山真吾,54.0,ダ,1400.0,良,96.0,2.8,9-9-10-10,42.2,435.0,0.0,クリノヒーロー,
2017106324,メイショウバイラン,2024/12/18,園田,晴,1,C3三,10,6,6,26.5,7.0,2,大山真吾,54.0,ダ,1400.0,良,94.7,0.3,7-6-8-5,41.1,435.0,1.0,ディアマキニスタ,19.6
2017106324,メイショウバイラン,2024/12/03,園田,晴,1,C3二,12,5,5,58.0,8.0,6,大山真吾,54.0,ダ,1400.0,稍,96.0,1.1,8-8-8-8,42.0,434.0,1.0,ハシルショウグン,
2017106324,メイショウバイラン,2024/11/20,園田,晴,1,C3四,12,4,4,67.0,8.0,4,山田雄大,54.0,ダ,1400.0,良,94.8,1.5,6-6-4-4,41.0,433.0,0.0,コスモプルエバ,8.4
2017106324,メイショウバイラン,2024/11/07,園田,晴,1,C3二,9,8,8,39.7,6.0,4,山田雄大,54.0,ダ,1400.0,良,96.5,1.2,5-5-5-4,41.1,433.0,-4.0,ララアンセストラル,8.4
2017106324,メイショウバイラン,2024/10/31,園田,曇,3,C3二,10,1,1,28.5,7.0,8,大山真吾,54.0,ダ,1400.0,重,97.9,1.4,9-9-9-9,43.2,437.0,3.0,ベアメイフェザー,
2017106324,メイショウバイラン,2024/10/18,園田,曇,1,C3三,10,8,10,12.3,6.0,3,大山真吾,54.0,ダ,1400.0,良,95.1,1.1,4-4-2-3,41.8,434.0,-4.0,スローテキーラ,11.2
2017106324,メイショウバイラン,2024/10/04,園田,曇,1,C3三,10,7,7,15.4,5.0,9,大山真吾,54.0,ダ,1400.0,不,98.9,2.4,4-4-4-5,43.9,438.0,-1.0,ムーンブリッジ,
2017106324,メイショウバイラン,2024/09/20,園田,晴,1,C3三,10,1,1,19.0,7.0,5,大山真吾,54.0,ダ,1400.0,良,96.0,1.3,3-3-4-4,43.1,439.0,0.0,マローネパンナ,5.6
2017106324,メイショウバイラン,2024/09/06,園田,晴,1,C3二,10,4,4,113.1,7.0,7,大山真吾,54.0,ダ,1400.0,良,96.3,3.3,3-3-5-7,42.9,439.0,-2.0,アスクヴレーヴモア,
2017106324,メイショウバイラン,2024/08/23,園田,晴,4,C3二,8,5,5,95.6,8.0,7,山田雄大,54.0,ダ,1400.0,良,97.0,1.2,2-2-2-3,43.6,441.0,6.0,フューチャーアイ,
2017106324,メイショウバイラン,2024/08/09,園田,晴,2,C3二,9,7,7,42.3,9.0,7,大山真吾,54.0,ダ,1400.0,良,95.9,1.7,7-7-8-8,41.2,435.0,0.0,センコーファースト,
2017106324,メイショウバイラン,2024/07/26,園田,晴,2,C3三,12,4,4,22.7,5.0,5,大山真吾,54.0,ダ,1400.0,良,94.6,0.8,6-6-5-5,42.0,435.0,2.0,カンパナーダス,5.6
2017106324,メイショウバイラン,2024/07/12,園田,曇,4,C3三,12,6,7,57.9,9.0,5,大山真吾,54.0,ダ,1400.0,不,96.3,2.9,3-3-3-5,42.9,433.0,-3.0,エーティータキオン,5.6
2017106324,メイショウバイラン,2024/06/26,園田,曇,2,場内装飾もウマ娘コラ(C3),10,5,5,4.8,3.0,7,大山真吾,54.0,ダ,1400.0,稍,97.9,1.7,8-8-8-9,43.2,436.0,6.0,エムオーベリー,
2017106324,メイショウバイラン,2024/06/14,園田,晴,3,C3二,8,3,3,28.4,6.0,6,大山真吾,54.0,ダ,1400.0,良,94.3,2.1,4-3-4-3,42.3,430.0,-8.0,オッドナンバー,
2017106324,メイショウバイラン,2024/05/31,園田,雨,1,C3三,9,4,4,4.3,3.0,2,大山真吾,54.0,ダ,1400.0,稍,95.7,0.1,4-3-3-3,41.2,438.0,2.0,ロードライトニング,19.6
2017106324,メイショウバイラン,2024/05/17,園田,晴,2,C3二,12,1,1,21.3,9.0,7,大山真吾,54.0,ダ,1400.0,良,95.6,2.0,6-6-7-7,41.7,436.0,1.0,アスタウンデッド,
2017106324,メイショウバイラン,2024/05/02,園田,晴,3,C3二,12,6,7,64.8,10.0,3,大山真吾,54.0,ダ,1400.0,稍,95.8,1.5,4-4-4-4,42.0,435.0,-4.0,レディーディーバ,11.2
2017106324,メイショウバイラン,2024/04/25,園田,晴,3,C3二,8,5,5,8.2,4.0,6,大山真吾,54.0,ダ,1400.0,重,97.2,2.4,3-3-4-5,44.2,439.0,1.0,フーレイ,
2017106324,メイショウバイラン,2024/04/11,園田,晴,1,C3三,12,8,11,13.1,5.0,4,吉村智洋,54.0,ダ,1400.0,稍,95.2,2.3,7-7-5-3,41.5,438.0,2.0,ミッドホエール,8.4
2017106324,メイショウバイラン,2024/03/28,園田,曇,1,C3三,11,5,5,47.7,6.0,5,大山真吾,54.0,ダ,1400.0,稍,95.7,1.0,6-6-4-4,42.9,436.0,-6.0,ハシノオージャ,5.6
2017106324,メイショウバイラン,2024/03/19,園田,曇,2,C3三,12,3,3,281.4,11.0,8,大山真吾,54.0,ダ,1400.0,良,96.5,1.8,9-9-10-9,42.9,442.0,2.0,カゼノオト,
2017106324,メイショウバイラン,2024/02/29,姫路,曇,2,C3二,8,4,4,215.4,8.0,5,大山真吾,54.0,ダ,1400.0,良,97.7,1.1,8-8-7-7,39.9,440.0,3.0,カヤコ,5.6
2017106324,メイショウバイラン,2024/02/21,姫路,雨,1,C3四,10,5,5,109.0,6.0,4,大山真吾,54.0,ダ,1400.0,重,97.7,3.4,6-6-5-5,42.0,437.0,2.0,ユキマル,8.4
2017106324,メイショウバイラン,2024/02/08,姫路,晴,1,C3三,11,2,2,25.9,7.0,6,大山真吾,54.0,ダ,1400.0,稍,98.7,1.7,9-9-6-6,42.0,435.0,3.0,ノースサイド,
2017106324,メイショウバイラン,2024/01/26,姫路,曇,2,C3三,8,7,7,10.5,5.0,5,大山真吾,54.0,ダ,1400.0,良,98.2,0.4,4-5-4-6,41.0,432.0,-2.0,ワンダーハルム,5.6
2017106324,メイショウバイラン,2024/01/16,姫路,晴,2,C3二,10,6,6,24.5,6.0,6,大山真吾,54.0,ダ,1400.0,良,97.6,1.3,6-4-4-5,41.6,434.0,4.0,ロングセラーアスク,
2017106324,メイショウバイラン,2024/01/02,園田,晴,1,C3二,12,8,11,17.9,7.0,7,大山真吾,54.0,ダ,1400.0,良,95.2,0.8,5-5-4-5,42.2,430.0,-1.0,ロイヤルホジャリ,
2017106324,メイショウバイラン,2023/12/14,園田,晴,1,C3三,12,5,5,8.6,3.0,4,大山真吾,54.0,ダ,1400.0,稍,95.9,1.3,7-6-3-4,41.8,431.0,2.0,ホクサイ,8.4
2017106324,メイショウバイラン,2023/11/30,園田,晴,1,C3三,8,6,6,58.4,7.0,5,大山真吾,54.0,ダ,1400.0,良,95.4,0.9,6-6-6-5,40.6,429.0,-2.0,ジュウワンエース,5.6
2017106324,メイショウバイラン,2023/11/15,園田,曇,1,C3三,10,5,5,45.7,8.0,6,大山真吾,54.0,ダ,1400.0,稍,97.5,1.9,10-10-10-9,41.0,431.0,5.0,クリスバーグ,
2017106324,メイショウバイラン,2023/11/03,園田,晴,1,C3二,9,8,8,22.1,5.0,5,大山真吾,54.0,ダ,1400.0,良,94.7,1.3,5-3-3-3,40.1,426.0,-2.0,フルゴル,5.6
2017106324,メイショウバイラン,2023/10/20,園田,雨,3,C3二,9,8,8,92.2,9.0,6,大山真吾,54.0,ダ,1400.0,稍,96.2,2.9,9-9-8-8,41.4,428.0,-5.0,メイショウシブキ,
2017106324,メイショウバイラン,2023/10/06,園田,晴,3,C3二,10,6,6,64.1,9.0,10,大山真吾,54.0,ダ,1400.0,稍,97.3,3.0,10-10-10-10,42.2,433.0,-2.0,アービルビエント,
2017106324,メイショウバイラン,2023/09/21,園田,曇,2,C3一,10,1,1,77.7,9.0,10,大山真吾,54.0,ダ,1400.0,稍,95.6,2.6,9-8-8-9,41.3,435.0,3.0,ジージーファン,
2017106324,メイショウバイラン,2023/09/07,園田,曇,8,YJSトライアルラウ(C3),12,8,11,34.3,11.0,10,阿部基嗣,54.0,ダ,1400.0,良,95.9,3.2,8-8-9-10,42.3,432.0,1.0,トーアセレーネ,
2017106324,メイショウバイラン,2023/08/25,園田,晴,4,C3一,9,6,6,95.9,8.0,8,大山真吾,54.0,ダ,1400.0,良,96.2,2.2,5-5-7-9,42.4,431.0,3.0,コルタード,
2017106324,メイショウバイラン,2023/08/10,園田,晴,4,C3一,9,1,1,146.3,9.0,8,長尾翼玖,53.0,ダ,1400.0,良,93.4,0.9,8-8-8-8,39.4,428.0,-1.0,マルテラート,
2017106324,メイショウバイラン,2023/07/26,園田,晴,3,C3一,10,7,8,176.6,10.0,6,大山真吾,54.0,ダ,1400.0,良,93.9,1.1,8-8-7-6,40.1,429.0,1.0,ヨウコウザクラ,
2017106324,メイショウバイラン,2023/07/12,園田,晴,6,C3一,10,2,2,124.5,10.0,10,大山真吾,54.0,ダ,1400.0,良,97.1,2.9,6-6-9-10,41.9,428.0,-3.0,エイシンスマック,
2017106324,メイショウバイラン,2023/06/29,園田,晴,7,C2一,10,6,6,399.3,10.0,10,長尾翼玖,53.0,ダ,1400.0,良,94.5,3.0,8-8-10-10,41.0,431.0,-1.0,バイファーザベスト,
2017106324,メイショウバイラン,2023/06/14,園田,曇,7,C2一,12,2,2,747.5,12.0,11,長尾翼玖,53.0,ダ,1400.0,稍,93.6,2.2,9-9-12-11,40.7,432.0,-9.0,スターザサンライズ,
2017106324,メイショウバイラン,2023/06/01,園田,曇,7,C2一,10,7,8,422.5,10.0,8,長尾翼玖,53.0,ダ,1400.0,稍,95.1,2.6,10-10-10-9,41.8,441.0,0.0,ミルトイグニス,
2017106324,メイショウバイラン,2023/05/18,園田,曇,7,C2一,10,7,7,568.8,10.0,8,大山真吾,54.0,ダ,1400.0,良,94.2,1.9,10-9-10-9,40.6,441.0,-3.0,ゴールデンバレット,
2017106324,メイショウバイラン,2023/05/03,園田,晴,8,C1二,10,1,1,371.0,10.0,10,大山真吾,54.0,ダ,1400.0,良,96.2,4.6,7-7-10-10,42.8,444.0,1.0,アロハブリーズ,
2017106324,メイショウバイラン,2023/04/14,園田,曇,9,C1二,10,5,5,175.0,9.0,10,大山真吾,54.0,ダ,1400.0,良,94.4,3.6,6-6-9-10,41.7,443.0,9.0,エイシングリュック,
2017106324,メイショウバイラン,2023/03/29,園田,晴,7,C1二,12,1,1,392.4,12.0,11,大山真吾,54.0,ダ,1400.0,稍,95.1,2.5,11-11-11-11,41.8,434.0,1.0,イエローキャブ,
2017106324,メイショウバイラン,2023/03/14,姫路,晴,9,C1二,12,7,10,752.4,12.0,12,大山真吾,54.0,ダ,1400.0,良,94.7,1.6,9-9-11-12,40.1,433.0,3.0,ボーダーオブライフ,
2017106324,メイショウバイラン,2023/03/01,姫路,晴,8,C1二,12,7,9,639.8,11.0,9,大山真吾,54.0,ダ,1400.0,良,93.6,1.7,10-10-9-9,40.6,430.0,-3.0,エピックデイ,
2017106324,メイショウバイラン,2023/02/23,姫路,曇,9,C1,11,1,1,380.2,11.0,10,井上幹太,54.0,ダ,1500.0,稍,101.1,2.0,9-9-11-11,41.3,433.0,4.0,ハングタイム,
2017106324,メイショウバイラン,2023/02/09,姫路,晴,8,C1二,10,8,9,192.9,10.0,7,大山真吾,54.0,ダ,1400.0,良,93.7,1.5,9-9-9-8,39.1,429.0,6.0,ウインドケーヴ,
2017106324,メイショウバイラン,2023/01/19,姫路,晴,12,モクレン賞C1二,10,3,3,122.0,7.0,9,井上幹太,54.0,ダ,1500.0,良,103.1,4.1,10-10-10-9,41.6,423.0,-7.0,キーワード,
2017106324,メイショウバイラン,2023/01/03,園田,晴,9,C1二,12,4,4,243.3,11.0,10,大山真吾,54.0,ダ,1400.0,良,92.6,1.2,11-11-11-11,39.8,430.0,3.0,スタローン,
2017106324,メイショウバイラン,2022/12/20,園田,晴,9,C1二,8,5,5,125.5,8.0,7,大山真吾,54.0,ダ,1400.0,良,93.7,1.8,8-8-8-8,39.2,427.0,-1.0,アンブロジアーナ,
2017106324,メイショウバイラン,2022/11/29,園田,雨,12,C1,11,8,11,97.0,8.0,8,長尾翼玖,53.0,ダ,1400.0,重,93.7,2.9,5-6-8-9,42.4,428.0,-16.0,サトノキリンジ,
2017106324,メイショウバイラン,2022/09/01,園田,曇,12,C1,12,5,6,94.8,10.0,10,長尾翼玖,53.0,ダ,1400.0,不,94.1,3.3,12-12-12-11,41.5,444.0,0.0,エスピリバイオ,
2017106324,メイショウバイラン,2022/08/05,園田,曇,9,C1,10,8,10,18.0,6.0,7,鴨宮祥行,54.0,ダ,1400.0,重,93.1,1.2,3-3-4-4,40.2,444.0,3.0,キャラクターピース,
2017106324,メイショウバイラン,2022/07/21,園田,雨,7,C2一,10,5,5,9.4,4.0,1,鴨宮祥行,54.0,ダ,1400.0,稍,92.9,-0.1,1-1-1-1,40.4,441.0,5.0,(ヴァリアントジョイ),60.0
2017106324,メイショウバイラン,2022/07/07,園田,晴,8,C2一,10,1,1,4.3,2.0,6,長尾翼玖,54.0,ダ,1400.0,良,93.5,1.6,4-4-4-6,41.6,436.0,-11.0,ウィステリアダディ,
2017106324,メイショウバイラン,2022/06/16,園田,曇,7,C2二,10,3,3,3.0,1.0,1,長尾翼玖,52.0,ダ,1400.0,稍,92.3,-1.2,2-2-2-1,40.0,447.0,3.0,(メイプルエルガー),60.0
2017106324,メイショウバイラン,2022/05/25,園田,晴,6,C2二,12,6,7,24.5,6.0,6,長尾翼玖,52.0,ダ,1400.0,良,93.1,0.5,5-5-5-6,40.6,444.0,15.0,ヴィクトリアグラス,
2017106324,メイショウバイラン,2022/04/07,園田,晴,8,C2,12,8,12,6.5,3.0,3,下原理,54.0,ダ,820.0,良,51.4,0.2,2-2,36.8,429.0,-6.0,ララケリア,17.5
2017106324,メイショウバイラン,2022/03/24,園田,晴,8,C2,11,2,2,19.1,5.0,4,中田貴士,54.0,ダ,820.0,重,51.6,1.3,6-5,37.1,435.0,3.0,リュウノクララ,10.5
2017106324,メイショウバイラン,2022/03/08,園田,晴,2,C3三,10,4,4,8.8,5.0,1,中田貴士,54.0,ダ,1400.0,良,93.0,-0.2,5-5-2-1,41.1,432.0,2.0,(クリノターハイ),50.0
2017106324,メイショウバイラン,2022/02/15,姫路,曇,5,C3二,12,4,4,8.1,3.0,6,下原理,54.0,ダ,1400.0,良,94.6,1.3,1-1-1-2,40.0,430.0,-21.0,ゼンダンリュウ,
2017106324,メイショウバイラン,2021/09/03,園田,曇,12,ジャスミン賞C2,12,2,2,5.6,4.0,4,長尾翼玖,51.0,ダ,1230.0,不,82.7,0.9,6-5-5-5,41.1,451.0,0.0,ロマングレース,10.5
2017106324,メイショウバイラン,2021/08/20,園田,曇,12,ゼラニウム賞C2,12,2,2,3.0,1.0,3,田中学,54.0,ダ,1230.0,重,81.3,0.5,4-3-3-3,40.0,451.0,2.0,クリー,17.5
2017106324,メイショウバイラン,2021/08/06,園田,晴,12,キョウチクトウ賞C2,11,6,7,4.1,2.0,2,田中学,54.0,ダ,1230.0,良,79.7,0.1,7-8-4-3,38.7,449.0,3.0,ユキネエ,28.0
2017106324,メイショウバイラン,2021/07/21,園田,晴,9,C2一,10,1,1,11.1,6.0,4,長尾翼玖,51.0,ダ,1400.0,良,91.9,0.6,4-3-4-5,39.7,446.0,8.0,マーティンヒル,9.0
2017106324,メイショウバイラン,2021/06/30,園田,晴,12,C2,12,2,2,4.5,2.0,5,大山真吾,54.0,ダ,1230.0,良,81.7,0.9,5-5-5-6,39.9,438.0,-9.0,ユメタイザン,7.0
2017106324,メイショウバイラン,2021/06/18,園田,曇,8,C2,10,8,11,2.2,1.0,3,長尾翼玖,51.0,ダ,1230.0,稍,80.8,0.0,3-3-2-2,40.1,447.0,1.0,ピエナペリー,17.5
2017106324,メイショウバイラン,2021/06/04,園田,雨,12,C2,10,6,6,5.0,2.0,6,長尾翼玖,52.0,ダ,1230.0,不,82.0,1.6,3-4-5-4,40.6,446.0,-1.0,リードメロディー,
2017106324,メイショウバイラン,2021/05/21,園田,雨,4,C2二,7,7,7,1.7,1.0,1,長尾翼玖,51.0,ダ,1400.0,不,95.3,-0.7,1-1-1-1,42.7,447.0,7.0,(ウラニア),60.0
2017106324,メイショウバイラン,2021/05/04,園田,晴,3,C3,9,6,6,2.0,1.0,1,長尾翼玖,51.0,ダ,1230.0,良,81.6,-1.1,2-2-1-1,40.1,440.0,3.0,(デンコウハシャ),50.0
2017106324,メイショウバイラン,2021/04/20,園田,晴,4,C3一,10,1,1,2.9,2.0,3,長尾翼玖,51.0,ダ,1400.0,良,94.5,0.2,1-1-1-1,41.7,437.0,2.0,フローラルオーク,12.5
2017106324,メイショウバイラン,2021/04/06,姫路,晴,5,C3一,9,7,7,2.3,1.0,3,下原理,54.0,ダ,1400.0,稍,95.0,0.1,1-1-1-1,39.3,435.0,2.0,テイケイラフイン,12.5
2017106324,メイショウバイラン,2021/03/16,姫路,曇,5,C3一,10,5,5,1.9,1.0,3,下原理,54.0,ダ,1400.0,稍,95.1,0.7,1-1-1-1,40.0,433.0,10.0,マックスブロケイド,4.9
2017106324,メイショウバイラン,2020/12/09,園田,晴,8,C2一,10,5,5,5.0,3.0,5,山本咲希,54.0,ダ,1400.0,良,93.4,0.9,5-5-6-6,39.3,423.0,-12.0,ヴァランセカズマ,4.0
2017106324,メイショウバイラン,2020/11/19,園田,晴,8,C2一,10,2,2,14.3,3.0,2,鴨宮祥行,54.0,ダ,1400.0,良,91.5,0.0,4-3-4-2,39.6,435.0,0.0,ヘヴンリージェガー,14.0
2017106324,メイショウバイラン,2020/11/03,園田,晴,7,C2一,10,6,6,4.2,2.0,6,鴨宮祥行,54.0,ダ,1400.0,重,90.9,1.0,2-2-2-3,39.1,435.0,3.0,ロッシュローブ,
2017106324,メイショウバイラン,2020/08/22,2小倉3,晴,7,3歳未勝利,18,8,18,43.5,9.0,8,幸英明,54.0,芝,1200.0,良,69.4,1.1,3-2,36.2,432.0,-4.0,スノーテーラー,
2017106324,メイショウバイラン,2020/08/02,2新潟4,晴,3,3歳未勝利,18,6,11,25.2,6.0,8,幸英明,54.0,芝,1000.0,良,56.2,1.0,14,33.4,436.0,14.0,セルレア,
2017106324,メイショウバイラン,2020/07/05,4阪神2,晴,6,3歳未勝利,13,4,5,151.7,11.0,5,幸英明,54.0,芝,1200.0,稍,70.7,0.4,7-7,35.7,422.0,18.0,ピエーナテーラー,51.0
2017106324,メイショウバイラン,2020/04/26,3京都2,晴,5,3歳未勝利,14,4,5,132.4,10.0,14,幸英明,54.0,芝,1800.0,良,110.8,2.6,8-7,36.6,404.0,-18.0,エアロロノア,
2017106324,メイショウバイラン,2020/04/11,2阪神5,晴,4,3歳未勝利,18,1,2,181.4,14.0,11,幸英明,54.0,芝,1400.0,良,83.3,1.3,11-9,35.6,422.0,0.0,マイネルホイッスル,
2022104889,インザスカイ,2026/07/09,園田,晴,2,C3三,9,2,2,141.8,8.0,8,塩津璃菜,53.0,ダ,1400.0,良,97.2,3.1,6-5-6-8,42.0,481.0,-8.0,ビロウィダダ,
2022104889,インザスカイ,2026/06/19,園田,曇,3,C3二,10,6,6,58.4,10.0,9,南部楓馬,54.0,ダ,1400.0,良,95.8,2.1,6-6-8-8,42.0,489.0,2.0,チョウハクタカ,
2022104889,インザスカイ,2026/06/05,園田,曇,2,C3二,10,5,5,12.2,5.0,8,永井孝典,57.0,ダ,1400.0,稍,97.5,2.7,8-7-6-7,42.7,487.0,-2.0,メイショウヨウホウ,
2022104889,インザスカイ,2026/05/21,園田,雨,2,C3二,9,3,3,67.1,9.0,9,永井孝典,57.0,ダ,1400.0,稍,96.7,2.4,7-7-8-8,41.9,489.0,2.0,フェイスナイン,
2022104889,インザスカイ,2026/04/28,園田,曇,2,C3一,10,2,2,200.4,10.0,9,永井孝典,57.0,ダ,1400.0,稍,97.9,2.5,10-10-10-10,42.8,487.0,-4.0,フレイムフォース,
2022104889,インザスカイ,2026/04/08,園田,晴,3,C3一,10,3,3,86.5,8.0,9,永井孝典,57.0,ダ,1400.0,良,96.6,3.9,6-6-8-8,41.9,491.0,1.0,デイムサンライズ,
2022104889,インザスカイ,2026/03/19,園田,曇,6,C3一,10,7,8,34.6,6.0,10,永井孝典,57.0,ダ,1400.0,重,96.1,3.1,3-3-4-5,43.8,490.0,-12.0,メイショウマゴイチ,
2022104889,インザスカイ,2026/03/04,姫路,晴,3,C2三,9,6,6,45.7,7.0,7,永井孝典,57.0,ダ,1400.0,重,98.5,2.0,5-5-7-7,43.6,502.0,3.0,アスクサステナブル,
2022104889,インザスカイ,2026/02/18,姫路,晴,6,C2三,10,7,8,66.5,8.0,10,下原理,57.0,ダ,1400.0,良,97.1,1.4,6-6-3-4,41.7,499.0,6.0,サンライズプライド,
2022104889,インザスカイ,2026/01/28,姫路,晴,7,C2二,9,8,10,74.2,9.0,9,下原理,57.0,ダ,1400.0,良,98.1,2.3,9-9-9-9,40.6,493.0,1.0,オールザレイジ,
2022104889,インザスカイ,2026/01/08,園田,晴,1,C3二,10,7,7,1.1,1.0,1,鴨宮祥行,57.0,ダ,1400.0,良,95.7,-0.7,2-2-2-1,40.3,492.0,-5.0,(アイヅワカマツ),60.0
2022104889,インザスカイ,2025/10/15,園田,曇,7,C2二,10,4,4,125.0,8.0,8,高橋愛叶,56.0,ダ,1400.0,良,94.1,2.1,2-2-4-5,41.5,497.0,-1.0,ジョーブラック,
2022104889,インザスカイ,2025/10/01,園田,晴,8,C2二,10,8,9,159.4,10.0,3,高橋愛叶,56.0,ダ,1400.0,稍,94.6,1.2,6-6-3-3,40.7,498.0,5.0,チョウリニア,17.5
2022104889,インザスカイ,2025/09/11,園田,曇,8,C2一,10,4,4,36.7,9.0,8,鴨宮祥行,56.0,ダ,1400.0,重,96.0,2.8,8-8-9-6,41.9,493.0,-11.0,キクノルタ,
2022104889,インザスカイ,2025/07/19,2小倉7,晴,6,3歳未勝利,16,2,3,49.7,10.0,15,岩田康誠,57.0,ダ,1700.0,重,109.5,4.5,15-15-15-15,38.9,504.0,-2.0,カルミアクラウン,
2022104889,インザスカイ,2025/05/25,2京都10,曇,5,3歳未勝利,14,7,11,41.5,7.0,14,和田竜二,57.0,芝,2200.0,重,146.5,11.0,4-4-9-14,45.7,506.0,14.0,レーヌマロン,
2022104889,インザスカイ,2024/11/17,6京都6,曇,5,2歳新馬,9,7,7,5.3,3.0,8,川田将雅,56.0,芝,1800.0,良,113.1,4.0,3-4,37.7,492.0,0.0,キングメーカー,
2023109052,フィフスドア,2026/07/08,園田,晴,1,C3四,9,7,7,7.4,3.0,2,杉浦健太,56.0,ダ,1400.0,稍,94.2,0.7,4-4-3-2,40.8,468.0,-1.0,アンセム,24.0
2023109052,フィフスドア,2026/06/17,園田,晴,4,蒲江7ハロン3歳C2,11,1,1,43.2,8.0,8,杉浦健太,56.0,ダ,1400.0,良,94.2,1.4,7-7-8-8,41.5,469.0,0.0,マーブルティスワ,
2023100679,コンバットモモヒメ,2026/05/29,園田,晴,4,3歳C2二,9,2,2,5.7,2.0,6,佐々木世,53.0,ダ,1400.0,稍,95.9,1.4,3-3-5-4,42.0,439.0,0.0,パハロアスール,
2023100679,コンバットモモヒメ,2026/05/15,園田,晴,1,阪神アーバンナイター(C2),11,1,1,3.2,2.0,5,佐々木世,53.0,ダ,1400.0,良,93.8,1.3,4-4-4-2,40.9,439.0,1.0,サンミゲル,6.0
2023100679,コンバットモモヒメ,2026/04/23,園田,雨,5,清荒神7ハロン3歳C(C2),12,8,12,13.8,3.0,5,下原理,55.0,ダ,1400.0,重,93.6,1.9,3-3-2-3,42.2,438.0,-2.0,トシクン,6.0
2023100679,コンバットモモヒメ,2026/04/01,園田,雨,2,3歳C2二,10,4,4,8.4,3.0,3,下原理,55.0,ダ,1400.0,稍,94.2,0.7,3-4-3-3,40.7,440.0,0.0,レイディアントアイ,15.0
2024101539,ウチュウカイゾク,2026/07/01,園田,曇,3,NewBeginni(初出),5,2,2,70.0,5.0,5,松木大地,56.0,ダ,1400.0,稍,101.0,6.8,4-4-5-5,44.7,421.0,0.0,タンバレイリー,35.0
2024101631,ロイヤルシェリー,2026/07/09,園田,晴,3,NewBeginni(初出),6,6,6,49.6,5.0,4,大山真吾,55.0,ダ,820.0,良,53.5,1.8,4-4,38.7,406.0,0.0,ゴッズフェイヴリト,52.5
2024100114,アカネノソラ,2026/07/09,園田,晴,3,NewBeginni(初出),6,5,5,6.3,3.0,2,小谷哲平,54.0,ダ,820.0,良,51.7,0.0,1-1,37.4,428.0,0.0,ゴッズフェイヴリト,140.0
2024102501,マソラ,2026/07/08,園田,晴,4,雲母坂7ハロン2歳未,11,6,7,228.9,9.0,9,山本屋太,56.0,ダ,1400.0,稍,97.9,4.7,3-3-6-7,44.5,393.0,-1.0,スナップコール,
2024102501,マソラ,2026/06/25,園田,雨,3,2歳,10,8,10,514.7,10.0,7,山本屋太,56.0,ダ,1400.0,不,95.6,4.1,8-9-8-7,42.4,394.0,-4.0,ヤクモヴィーナス,
2024102501,マソラ,2026/06/03,園田,晴,3,NewBeginni(初出),5,1,1,29.4,4.0,5,南部楓馬,52.0,ダ,1400.0,重,101.2,8.5,5-5-5-5,45.4,398.0,0.0,ヤクモヴィーナス,35.0
2024104518,スマートクラッセ,2026/07/09,園田,晴,3,NewBeginni(初出),6,3,3,7.1,4.0,3,下原理,55.0,ダ,820.0,良,52.1,0.4,1-1,37.8,465.0,0.0,ゴッズフェイヴリト,87.5
2024107286,イーグルロゴ,2026/07/17,園田,晴,3,2歳未勝利,5,3,3,3.4,2.0,4,松木大地,55.0,ダ,1230.0,良,83.4,1.7,1-1-1-1,40.8,426.0,4.0,タノムデツヨシ,18.0
2024107286,イーグルロゴ,2026/06/24,園田,曇,3,NewBeginni(初出),5,3,3,8.3,4.0,2,松木大地,55.0,ダ,820.0,稍,51.6,0.4,1-2,37.4,422.0,0.0,ジューンスピーク,140.0
2018102709,ウォニー,2026/07/15,園田,晴,3,C3,7,6,6,12.8,2.0,6,川原正一,57.0,ダ,1700.0,良,119.2,2.3,7-7-7-6,41.6,527.0,3.0,ワンダーグァルネリ,
2018102709,ウォニー,2026/07/01,園田,雨,7,C3一,7,5,5,92.6,6.0,3,川原正一,57.0,ダ,1400.0,稍,94.1,1.9,7-7-7-5,39.6,524.0,-1.0,ネバーセイグッバイ,15.0
2018102709,ウォニー,2026/06/17,園田,晴,2,C3一,10,5,5,213.5,8.0,8,川原正一,57.0,ダ,1400.0,良,93.7,1.9,7-7-7-8,39.8,525.0,6.0,フィールハピネス,
2018102709,ウォニー,2026/05/27,園田,雨,3,C3一,10,3,3,185.0,10.0,7,川原正一,57.0,ダ,1400.0,良,94.8,2.0,10-10-8-7,39.3,519.0,1.0,チョッパスニー,
2018102709,ウォニー,2026/05/14,園田,晴,8,C3一,9,3,3,137.4,8.0,7,川原正一,57.0,ダ,1400.0,良,95.3,1.5,7-5-7-6,41.9,518.0,-6.0,ワーキングアセット,
2018102709,ウォニー,2026/04/29,園田,曇,3,C2一,8,1,1,84.4,7.0,8,川原正一,57.0,ダ,1400.0,稍,98.0,2.8,8-8-8-8,41.1,524.0,2.0,ゲンタツ,
2018102709,ウォニー,2026/04/09,園田,曇,4,来住町7ハロンC2二,10,7,7,61.6,10.0,8,川原正一,57.0,ダ,1400.0,良,95.2,2.1,9-10-8-8,40.3,522.0,5.0,ハイレジリエンス,
2018102709,ウォニー,2026/03/24,園田,晴,8,C2一,10,3,3,149.0,10.0,8,川原正一,57.0,ダ,1400.0,稍,95.9,1.6,6-7-7-8,40.3,517.0,-6.0,ラナイ,
2018102709,ウォニー,2026/03/03,姫路,雨,7,C2二,9,3,3,42.6,7.0,8,川原正一,57.0,ダ,1400.0,不,97.6,3.2,9-9-9-8,41.5,523.0,1.0,プレデスティナーレ,
2018102709,ウォニー,2026/02/18,姫路,晴,7,C2二,10,4,4,11.1,5.0,5,川原正一,57.0,ダ,1400.0,良,96.7,1.4,10-10-9-8,40.3,522.0,-1.0,テクノグルーヴ,7.0
2018102709,ウォニー,2026/02/03,姫路,晴,8,C2二,10,8,10,47.7,7.0,3,川原正一,57.0,ダ,1400.0,良,95.9,0.1,10-9-6-3,40.3,523.0,1.0,セキセイ,17.5
2018102709,ウォニー,2026/01/13,園田,曇,5,いなぼう☆来場記念C(C2),10,1,1,84.6,8.0,3,川原正一,57.0,ダ,1400.0,良,93.7,1.1,10-10-8-4,40.4,522.0,-5.0,メテオレーナ,17.5
2018102709,ウォニー,2025/12/29,園田,晴,7,C2三,7,7,7,24.7,4.0,4,川原正一,57.0,ダ,1400.0,稍,94.8,0.3,7-7-6-6,40.0,527.0,2.0,シュトローム,10.5
2018102709,ウォニー,2025/12/17,園田,曇,7,C2二,10,5,5,32.7,7.0,6,川原正一,57.0,ダ,1400.0,良,94.1,1.8,10-10-9-7,40.0,525.0,-4.0,キーブリーゼ,
2018102709,ウォニー,2025/11/27,園田,晴,2,C3二,12,8,12,30.4,5.0,1,川原正一,57.0,ダ,1400.0,稍,94.2,-0.1,12-12-12-6,39.8,529.0,6.0,(オーシンエンジェル),60.0
2018102709,ウォニー,2025/11/13,園田,曇,6,C3二,10,7,8,31.3,6.0,7,川原正一,57.0,ダ,1400.0,稍,95.2,0.9,9-9-6-6,41.3,523.0,2.0,ステイチューンド,
2018102709,ウォニー,2025/10/22,園田,雨,6,C3一,12,5,6,60.2,9.0,12,川原正一,57.0,ダ,820.0,稍,53.5,1.5,12-12,37.6,521.0,0.0,スマイルアマゾネス,
2018102709,ウォニー,2025/10/08,園田,晴,6,C3一,12,8,12,100.3,10.0,9,川原正一,57.0,ダ,820.0,稍,52.4,1.8,12-12,37.1,521.0,-1.0,メイショウオニテ,
2018102709,ウォニー,2025/09/25,園田,曇,2,C3,5,5,5,11.0,3.0,2,川原正一,57.0,ダ,1700.0,良,115.9,0.7,5-5-3-2,41.3,522.0,1.0,ガラデレオン,24.0
2018102709,ウォニー,2025/09/04,園田,曇,6,C2一,12,6,7,205.0,11.0,11,川原正一,57.0,ダ,820.0,良,53.3,2.3,11-12,37.2,521.0,-2.0,ヴァンセゾニエ,
2018102709,ウォニー,2025/08/22,園田,晴,12,亜咲花☆来場記念2n(C2),12,1,1,53.5,11.0,11,川原正一,57.0,ダ,820.0,良,53.4,3.2,11-11,37.2,523.0,4.0,フェアリータイザン,
2018102709,ウォニー,2025/08/08,園田,雨,7,C2一,10,4,4,123.2,10.0,5,川原正一,57.0,ダ,1400.0,重,92.7,2.1,10-10-10-10,39.6,519.0,9.0,モズフラッシュ,7.0
2018102709,ウォニー,2025/07/25,園田,晴,12,C2一,10,6,6,221.5,10.0,8,川原正一,57.0,ダ,1400.0,良,92.9,1.3,9-9-10-10,40.0,510.0,-8.0,ハローチュース,
2018102709,ウォニー,2025/07/10,園田,晴,7,C2一,10,1,1,237.4,9.0,10,川原正一,57.0,ダ,1400.0,良,93.3,2.6,9-9-9-10,40.0,518.0,-1.0,グローリアミノル,
2018102709,ウォニー,2025/06/18,園田,晴,8,C1,12,8,11,271.6,11.0,12,川原正一,57.0,ダ,1400.0,良,94.9,3.4,12-12-12-12,40.6,519.0,1.0,メリーセンス,
2018102709,ウォニー,2025/06/06,園田,曇,9,C1一,9,8,9,124.5,9.0,9,川原正一,57.0,ダ,1400.0,良,93.8,2.1,9-9-9-9,40.0,518.0,-1.0,アグネスシュウ,
2018102709,ウォニー,2025/05/22,園田,曇,9,B2C1,10,1,1,306.5,10.0,10,川原正一,56.0,ダ,820.0,稍,52.7,2.2,10-10,36.7,519.0,1.0,メイストーム,
2018102709,ウォニー,2025/05/07,園田,晴,10,B2,12,8,11,228.3,10.0,10,川原正一,57.0,ダ,1230.0,重,83.6,3.3,12-12-12-12,39.0,518.0,2.0,クラウドノイズ,
2018102709,ウォニー,2025/04/16,園田,晴,9,B2二,9,4,4,92.7,9.0,9,川原正一,57.0,ダ,1400.0,稍,94.3,4.0,9-9-9-9,39.4,516.0,-3.0,ヴィーリヤ,
2018102709,ウォニー,2025/04/01,園田,曇,9,B2,7,7,7,135.8,7.0,6,川原正一,57.0,ダ,1870.0,稍,128.3,1.8,7-7-7-7,40.9,519.0,3.0,フェヴリエ,
2018102709,ウォニー,2025/03/12,園田,曇,11,水曜競馬ランドBAO(B2),9,2,2,118.9,7.0,5,小谷周平,56.0,ダ,1700.0,重,117.1,3.2,8-8-8-8,39.8,516.0,1.0,レイアンドダンス,13.0
2018102709,ウォニー,2025/02/20,姫路,晴,10,B2,9,8,8,232.6,8.0,8,小谷周平,56.0,ダ,1800.0,良,124.4,2.6,9-9-8-8,40.1,515.0,-4.0,エイシンレオ,
2018102709,ウォニー,2025/01/28,姫路,晴,12,キルタンサス賞B2,12,7,9,95.5,9.0,6,川原正一,56.0,ダ,1400.0,良,94.5,0.6,12-12-10-11,39.8,519.0,0.0,タオロマイ,
2018102709,ウォニー,2025/01/15,園田,晴,12,オウバイ賞B2,12,6,8,139.9,9.0,7,小谷周平,56.0,ダ,1400.0,良,94.6,2.6,11-12-10-10,38.6,519.0,-1.0,プリムロゼ,
2018102709,ウォニー,2024/12/29,園田,曇,12,B2,12,8,12,121.7,9.0,8,川原正一,56.0,ダ,1400.0,良,93.8,2.2,11-11-11-10,39.6,520.0,0.0,ダノンワンナップ,
2018102709,ウォニー,2024/12/04,園田,晴,12,B2,12,6,7,107.5,8.0,5,川原正一,56.0,ダ,1400.0,稍,93.1,1.5,10-10-10-8,40.3,520.0,0.0,モンゲーギフト,13.0
2018102709,ウォニー,2024/11/20,園田,晴,9,B2二,9,3,3,106.0,9.0,6,川原正一,56.0,ダ,1400.0,良,92.4,1.6,8-9-9-8,38.6,520.0,0.0,エナノキセキ,
2018102709,ウォニー,2024/11/07,園田,晴,10,B1B2,8,7,7,210.6,7.0,8,川原正一,55.0,ダ,1870.0,良,128.2,3.4,5-5-5-6,42.5,520.0,2.0,キングレジェンド,
2018102709,ウォニー,2024/10/16,園田,曇,11,京都畜産特別B2,8,1,1,91.7,6.0,7,小谷周平,56.0,ダ,1700.0,良,116.2,1.8,7-7-7-7,39.4,518.0,4.0,ラヴィアン,
2018102709,ウォニー,2024/10/02,園田,曇,11,棋士のまち加古川特別(B2),12,5,5,119.8,11.0,6,小谷周平,56.0,ダ,1400.0,良,93.9,1.1,12-11-12-11,38.7,514.0,0.0,ピコイチ,
2018102709,ウォニー,2024/09/12,園田,雨,12,B2,11,6,7,172.4,10.0,6,小谷周平,56.0,ダ,1400.0,良,93.4,1.8,8-8-10-10,40.9,514.0,-3.0,チェリーロシアン,
2018102709,ウォニー,2024/08/28,園田,雨,11,B2,12,4,4,143.2,10.0,7,川原正一,56.0,ダ,1400.0,稍,93.9,2.5,9-9-8-7,40.9,517.0,3.0,シフノス,
2018102709,ウォニー,2024/08/08,園田,晴,11,葉月特別B2一,10,8,10,114.5,8.0,10,田野豊三,56.0,ダ,1400.0,良,93.7,2.0,8-9-10-10,40.8,514.0,-5.0,シュネルクィーン,
2018102709,ウォニー,2024/07/19,園田,晴,11,報知澪標特別B2,12,6,8,36.9,7.0,3,田野豊三,56.0,ダ,1400.0,良,92.5,0.9,8-8-9-8,40.2,519.0,-1.0,ランボーリープ,26.0
2018102709,ウォニー,2024/06/28,園田,曇,11,ウマ娘×その金ナイタ(B2),10,2,2,92.4,8.0,9,田野豊三,56.0,ダ,1400.0,不,93.5,2.2,7-7-6-6,42.0,520.0,0.0,オーケン,
2018102709,ウォニー,2024/06/13,園田,晴,10,B2一,10,7,8,50.4,7.0,4,田野豊三,56.0,ダ,1400.0,良,92.1,1.2,10-10-10-7,39.8,520.0,6.0,フクノユリディズ,19.5
2018102709,ウォニー,2024/05/24,園田,曇,10,B1B2,9,3,3,152.8,7.0,6,田野豊三,55.0,ダ,1870.0,良,127.3,1.6,4-4-8-8,41.0,514.0,-1.0,マイネルイヴィンス,
2018102709,ウォニー,2024/05/08,園田,晴,9,B2,7,4,4,36.2,5.0,6,田野豊三,56.0,ダ,1870.0,稍,130.4,1.6,5-5-7-7,40.2,515.0,-6.0,ステラデルシエロ,
2018102709,ウォニー,2024/04/24,園田,曇,12,B2,12,3,3,49.4,7.0,10,田野豊三,56.0,ダ,1400.0,重,93.7,2.5,10-10-10-10,40.1,521.0,6.0,オーケン,
2018102709,ウォニー,2024/04/10,園田,晴,12,B1B2,12,2,2,26.3,7.0,6,田野豊三,56.0,ダ,1870.0,重,128.1,1.0,10-10-7-7,41.6,515.0,-5.0,マルグリッド,
2018102709,ウォニー,2024/03/06,姫路,曇,11,紀の国みかんどり特別(B1B2),11,3,3,,,除,田野豊三,56.0,ダ,1500.0,重,,,,,,,オースミミライ,
2018102709,ウォニー,2024/02/15,姫路,曇,7,B1B2,7,6,6,13.4,5.0,1,田野豊三,55.0,ダ,1500.0,良,99.2,0.0,7-7-6-6,38.9,520.0,-3.0,(グディカンワル),150.0
2018102709,ウォニー,2024/01/26,姫路,曇,10,B2一,9,3,3,35.3,5.0,7,田野豊三,56.0,ダ,1400.0,良,94.6,1.0,7-7-9-9,39.1,523.0,-3.0,ミスカイウラニ,
2018102709,ウォニー,2024/01/02,園田,晴,10,B2,11,8,10,30.5,7.0,5,田野豊三,56.0,ダ,1870.0,良,126.5,1.2,10-11-11-9,39.8,526.0,3.0,グロリアドーロ,14.0
2018102709,ウォニー,2023/12/13,園田,晴,9,B2一,10,5,5,61.0,8.0,2,川原正一,56.0,ダ,1700.0,稍,115.5,1.6,7-7-7-5,40.8,523.0,-6.0,キングレジェンド,52.0
2018102709,ウォニー,2023/11/28,園田,曇,11,朝来市岩津ねぎ特別B(B2),11,6,6,98.5,10.0,6,川原正一,56.0,ダ,1870.0,良,127.3,1.7,11-10-11-10,39.4,529.0,0.0,キングレジェンド,
2018102709,ウォニー,2023/11/09,園田,晴,10,香美町松葉ガニ特別B(B2),8,1,1,21.7,5.0,6,田野豊三,56.0,ダ,1700.0,稍,116.3,2.0,5-6-7-6,39.5,529.0,2.0,マウンテンエース,
2018102709,ウォニー,2023/10/26,園田,晴,10,棋士のまち加古川特別(B2),11,7,8,17.5,5.0,7,小谷周平,56.0,ダ,1400.0,良,91.9,1.2,10-10-10-11,39.0,527.0,0.0,ピースファイン,
2018102709,ウォニー,2023/10/13,園田,晴,10,ローズマリー賞B2,12,8,12,40.5,6.0,4,田野豊三,56.0,ダ,1400.0,良,91.7,0.9,9-10-8-7,39.8,527.0,2.0,フクノユリディズ,19.5
2018102709,ウォニー,2023/09/22,園田,雨,10,はないち三田・宝塚カ(B2),10,8,9,11.1,3.0,3,田野豊三,56.0,ダ,1400.0,良,91.7,1.2,9-9-8-5,38.9,525.0,-6.0,ガミラスジャクソン,32.5
2018102709,ウォニー,2023/08/30,園田,曇,10,B2一,9,2,2,7.7,3.0,4,田野豊三,56.0,ダ,1400.0,良,92.6,1.7,7-7-7-7,39.9,531.0,-1.0,クリノカイザー,19.5
2018102709,ウォニー,2023/08/10,園田,晴,10,地方競馬教養センター(B2),9,5,5,12.5,4.0,4,田野豊三,56.0,ダ,1400.0,良,91.3,0.6,8-8-7-7,39.2,532.0,13.0,アントラシート,19.5
2018102709,ウォニー,2023/07/21,園田,晴,11,報知澪標特別B2,9,2,2,28.7,6.0,3,田野豊三,56.0,ダ,1400.0,良,91.4,0.7,6-6-6-5,38.5,519.0,-2.0,レスプレンドール,32.5
2018102709,ウォニー,2023/07/06,園田,晴,11,JCSファイナルステ(B2),12,8,12,38.4,8.0,9,福原杏,56.0,ダ,1700.0,稍,115.2,1.5,12-12-8-10,40.4,521.0,-6.0,アヴニールレーヴ,
2018102709,ウォニー,2023/06/23,園田,晴,5,B2,7,2,2,26.5,5.0,5,田野豊三,56.0,ダ,1700.0,重,117.3,1.6,5-5-5-4,40.4,527.0,0.0,ホクザンゴールド,14.0
2018102709,ウォニー,2023/06/09,園田,曇,10,ハマナス賞B2,12,5,6,53.9,8.0,6,田野豊三,56.0,ダ,1870.0,重,131.0,1.3,12-12-10-9,38.7,527.0,0.0,ロイヤルザップ,
2018102709,ウォニー,2023/06/02,園田,雨,11,B2,0,8,10,,,,田野豊三,56.0,ダ,1870.0,不,,,,,,,,
2018102709,ウォニー,2023/05/10,園田,晴,12,B2,12,5,5,37.3,7.0,中,川原正一,56.0,ダ,1700.0,稍,,,11-11-11,,527.0,-2.0,グランドルチル,
2018102709,ウォニー,2023/04/05,園田,曇,9,B2,5,1,1,4.3,2.0,2,田野豊三,56.0,ダ,1400.0,良,92.2,1.1,5-4-4-4,39.3,529.0,0.0,プラチナステージ,52.0
2018102709,ウォニー,2023/03/21,姫路,雨,10,B1B2,8,7,7,14.0,6.0,5,廣瀬航,55.0,ダ,1800.0,重,123.3,1.6,5-5-5-5,38.6,529.0,2.0,サヨノハッピー,15.0
2018102709,ウォニー,2023/03/02,姫路,晴,8,B1B2,9,4,4,21.1,6.0,4,田野豊三,55.0,ダ,2000.0,稍,137.2,0.3,7-7-7-6,38.9,527.0,0.0,ブルーアロー,22.5
2018102709,ウォニー,2023/02/16,姫路,曇,10,カンザクラ賞B1B2,9,2,2,5.4,4.0,4,田野豊三,55.0,ダ,1800.0,良,122.4,1.0,7-7-5-5,39.2,527.0,2.0,ネクサスハート,22.5
2018102709,ウォニー,2023/01/26,姫路,曇,9,B2,11,6,7,5.2,4.0,2,田野豊三,56.0,ダ,1800.0,稍,122.0,0.1,7-7-5-6,39.2,525.0,-3.0,ラリック,52.0
2018102709,ウォニー,2023/01/02,園田,曇,12,B2,11,8,10,3.9,2.0,2,田野豊三,56.0,ダ,1700.0,良,114.5,0.0,6-7-4-5,39.5,528.0,0.0,グリーナリー,56.0
2018102709,ウォニー,2022/12/21,園田,曇,9,B2,11,5,5,5.9,3.0,3,田野豊三,56.0,ダ,1870.0,良,125.3,0.2,4-5-2-2,40.5,528.0,0.0,マブイーグル,32.5
2018102709,ウォニー,2022/11/30,園田,曇,12,B2,12,6,7,9.9,5.0,9,田野豊三,56.0,ダ,1700.0,重,113.8,1.0,12-12-11-11,40.0,528.0,2.0,ヴァイスリヒト,
2018102709,ウォニー,2022/11/09,園田,晴,10,C1,12,7,9,36.1,8.0,3,田野豊三,56.0,ダ,1870.0,良,126.0,0.1,8-8-6-7,38.5,526.0,2.0,トリプルスリル,27.5
2018102709,ウォニー,2022/10/27,園田,曇,12,サファイア賞C1,12,6,8,20.1,6.0,4,川原正一,56.0,ダ,1400.0,良,90.6,1.6,10-10-10-11,37.8,524.0,-1.0,カズプレスト,15.0
2018102709,ウォニー,2022/10/13,園田,晴,10,C1一,8,8,8,14.3,6.0,4,川原正一,56.0,ダ,1870.0,良,127.1,0.8,8-8-3-2,40.9,525.0,5.0,メイプルプリン,16.5
2018102709,ウォニー,2022/09/29,園田,曇,10,C1,12,7,10,17.7,6.0,8,小谷周平,57.0,ダ,1700.0,稍,114.8,1.0,11-11-7-7,40.5,520.0,-1.0,ゼットピアレス,
2018102709,ウォニー,2022/09/16,園田,晴,12,C1,12,1,1,36.6,7.0,1,廣瀬航,56.0,ダ,1400.0,良,90.6,-0.2,9-9-10-8,39.4,521.0,1.0,(マッタナシ),100.0
2018102709,ウォニー,2022/09/02,園田,曇,9,C1,9,3,3,19.3,5.0,5,田野豊三,56.0,ダ,1700.0,稍,117.2,1.7,8-8-6-4,40.3,520.0,1.0,マッチョサスポ,10.0
2018102709,ウォニー,2022/08/18,園田,曇,9,C2,9,2,2,8.2,5.0,5,田野豊三,57.0,ダ,1870.0,重,130.4,2.1,6-6-5-4,43.9,519.0,-3.0,カウンターテナー,7.0
2018102709,ウォニー,2022/08/03,園田,晴,12,C2,12,5,6,39.4,10.0,1,田野豊三,56.0,ダ,1700.0,良,116.2,-0.1,9-11-8-10,38.6,522.0,7.0,(バラードインミラノ),70.0
2018102709,ウォニー,2022/07/14,園田,雨,6,C2三,10,1,1,3.8,3.0,2,田野豊三,56.0,ダ,1400.0,重,93.3,0.8,8-8-8-5,40.3,515.0,1.0,ホウオウシーダー,24.0
2018102709,ウォニー,2022/06/30,園田,晴,3,C3一,10,2,2,12.6,4.0,1,田野豊三,56.0,ダ,1400.0,良,92.4,-0.1,6-6-6-3,38.9,514.0,-3.0,(ラブリーテン),50.0
2018102709,ウォニー,2022/06/15,園田,曇,4,C3,10,7,7,7.4,4.0,4,田野豊三,56.0,ダ,1870.0,重,130.3,2.1,7-7-5-4,42.8,517.0,4.0,メイショウケンコン,7.5
2018102709,ウォニー,2022/06/01,園田,晴,4,C3,8,1,1,4.1,2.0,4,小谷周平,56.0,ダ,1700.0,稍,120.7,1.4,5-5-5-5,39.7,513.0,0.0,シェーンクラート,7.5
2018102709,ウォニー,2022/05/11,園田,曇,4,C3一,10,4,4,6.4,5.0,3,小谷周平,56.0,ダ,1400.0,稍,92.5,0.2,8-8-8-5,39.2,513.0,0.0,メイショウゴテツ,12.5
2018102709,ウォニー,2022/04/21,園田,雨,7,C2一,10,6,6,78.1,10.0,9,小谷周平,56.0,ダ,1400.0,良,93.1,1.3,10-10-6-8,39.0,513.0,2.0,カドカラハジマル,
2018102709,ウォニー,2022/04/06,園田,晴,12,C2,11,3,3,30.6,9.0,4,小谷周平,56.0,ダ,1700.0,良,115.2,0.8,8-8-8-8,40.2,511.0,3.0,ガールズヒロイン,10.5
2018102709,ウォニー,2022/03/22,園田,晴,12,C2,12,4,4,12.7,5.0,10,小谷周平,56.0,ダ,1870.0,不,128.5,2.6,9-9-11-11,42.2,508.0,-2.0,インノータイム,
2018102709,ウォニー,2022/03/08,園田,晴,12,C2,10,7,8,35.2,10.0,2,小谷周平,56.0,ダ,1700.0,良,117.4,0.5,5-5-5-7,39.0,510.0,1.0,スウィングアロング,28.0
2018102709,ウォニー,2022/02/15,姫路,曇,8,C2二,12,2,2,22.8,7.0,5,小谷周平,56.0,ダ,1400.0,良,93.5,0.4,8-8-6-6,39.6,509.0,7.0,オウムアムア,6.0
2018102709,ウォニー,2022/01/25,姫路,曇,6,C2二,10,1,1,53.2,7.0,3,田野豊三,56.0,ダ,1400.0,良,94.5,1.0,7-6-5-5,39.3,502.0,1.0,マイネルダグラス,15.0
2018102709,ウォニー,2022/01/04,園田,晴,4,C3,10,3,3,10.4,4.0,1,田野豊三,56.0,ダ,1870.0,良,129.5,-0.1,5-5-6-3,39.4,501.0,8.0,(デンコウグロリアス),50.0
2018102709,ウォニー,2021/12/15,園田,晴,3,C3一,10,2,2,12.1,5.0,5,下原理,56.0,ダ,1400.0,良,93.6,1.1,5-5-5-4,41.2,493.0,-4.0,リナルド,5.0
2018102709,ウォニー,2021/12/02,園田,晴,4,C3一,10,7,7,3.8,3.0,9,下原理,56.0,ダ,1400.0,重,96.5,2.5,5-5-7-9,42.3,497.0,4.0,タマモプリズム,
2018102709,ウォニー,2021/11/17,園田,晴,3,C3二,10,8,10,5.9,2.0,2,下原理,56.0,ダ,1400.0,良,93.7,0.1,7-7-6-4,39.6,493.0,-1.0,ピットゥーラ,20.0
2018102709,ウォニー,2021/11/02,園田,晴,7,C2一,12,5,6,303.0,12.0,11,大山龍太,54.0,ダ,1400.0,良,94.2,1.7,9-9-9-11,39.9,494.0,-4.0,ハニーロコスキップ,
2018102709,ウォニー,2021/10/21,園田,曇,12,C2一,12,8,12,275.4,12.0,9,中田貴士,56.0,ダ,1400.0,良,94.0,1.4,9-9-11-12,41.5,498.0,17.0,ノーマロエア,
2018102709,ウォニー,2021/10/06,園田,曇,9,C2一,10,8,10,172.6,9.0,10,大山龍太,54.0,ダ,1400.0,良,94.9,1.9,5-5-6-9,41.7,481.0,4.0,ミッキーウィン,
2018102709,ウォニー,2021/06/17,園田,晴,10,JRA交流金剛山特別,12,5,5,91.5,10.0,9,竹村達也,56.0,ダ,1400.0,重,95.2,3.8,6-6-7-7,41.9,477.0,-5.0,アルコーン,
2018102709,ウォニー,2021/06/10,園田,晴,11,兵庫ダービー(重賞),12,7,10,492.4,12.0,12,板野央,56.0,ダ,1870.0,良,129.9,6.0,11-10-12-12,43.6,482.0,0.0,スマイルサルファー,
2018102709,ウォニー,2021/05/26,園田,曇,9,3歳AB,8,4,4,40.5,6.0,7,大山龍太,52.0,ダ,1700.0,良,118.1,4.1,7-7-7-8,43.5,482.0,-1.0,エイシンピストン,
2018102709,ウォニー,2021/05/13,園田,晴,8,JRA交流水晶山特別,11,1,1,57.6,7.0,8,大山龍太,53.0,ダ,1400.0,稍,94.1,2.2,10-10-10-10,40.6,483.0,-1.0,モンキャドー,
2018102709,ウォニー,2021/05/04,園田,晴,11,兵庫チャンピオンシッ(JpnII),12,3,3,663.0,12.0,11,板野央,56.0,ダ,1870.0,良,129.4,6.9,9-9-10-10,42.8,484.0,-3.0,リプレーザ,
2018102709,ウォニー,2021/04/20,園田,晴,9,3歳AB,8,4,4,136.1,8.0,6,大山龍太,52.0,ダ,1870.0,良,130.9,2.3,8-8-6-5,44.5,487.0,1.0,マンテーニャ,
2018102709,ウォニー,2021/04/06,姫路,曇,7,3歳A,5,1,1,36.9,5.0,5,板野央,55.0,ダ,1500.0,稍,99.7,1.5,5-5-5-5,39.3,486.0,-5.0,エイシンウィンク,13.0
2018102709,ウォニー,2021/03/30,姫路,晴,7,3歳A,7,5,5,47.0,6.0,5,下原理,55.0,ダ,1400.0,稍,93.6,1.6,6-6-5-4,39.6,491.0,-2.0,エールソングス,9.6
2018102709,ウォニー,2021/03/16,姫路,曇,6,3歳B,6,3,3,4.1,2.0,1,吉村智洋,55.0,ダ,1400.0,稍,94.3,0.0,2-2-2-2,38.0,493.0,-4.0,(リリメリア),90.0
2018102709,ウォニー,2021/03/04,姫路,曇,11,兵庫ユースC(重賞),11,1,1,86.0,10.0,8,吉村智洋,55.0,ダ,1400.0,稍,94.0,3.5,9-9-9-8,40.9,497.0,-2.0,サラコナン,
2018102709,ウォニー,2021/02/18,姫路,晴,7,3歳C1,12,7,9,2.0,1.0,1,吉村智洋,55.0,ダ,1500.0,良,100.0,0.0,5-5-3-3,39.9,499.0,3.0,(ミラクルキャッチ),60.0
2018102709,ウォニー,2021/02/04,姫路,晴,7,3歳C1,12,5,6,1.6,1.0,4,吉村智洋,55.0,ダ,1400.0,良,94.9,0.4,5-5-2-2,40.6,496.0,-4.0,スノウリリー,6.0
2018102709,ウォニー,2021/01/20,姫路,晴,6,3歳C1,12,2,2,3.3,2.0,3,竹村達也,55.0,ダ,1400.0,良,93.1,0.7,7-6-3-3,39.5,500.0,0.0,ブラックアピス,8.4
2018102709,ウォニー,2021/01/03,園田,晴,9,3歳,10,8,10,13.5,6.0,6,竹村達也,55.0,ダ,1700.0,良,118.8,0.9,4-4-3-4,39.9,500.0,0.0,スマイルジャスパー,
2018102709,ウォニー,2020/12/16,園田,晴,2,2歳200万円以下,12,6,8,25.3,7.0,4,板野央,55.0,ダ,1230.0,良,82.5,0.2,10-10-11-9,39.5,500.0,5.0,サンゼント,8.0
2018102709,ウォニー,2020/12/02,園田,晴,2,2歳未勝利二,12,5,6,2.7,2.0,1,吉村智洋,55.0,ダ,1400.0,良,94.5,-0.5,3-3-1-1,39.3,495.0,2.0,(ダンスウィズロンド),60.0
2018102709,ウォニー,2020/11/10,園田,晴,2,2歳初出走,5,5,5,3.4,2.0,3,吉村智洋,55.0,ダ,1400.0,良,94.3,0.5,3-3-3-3,40.4,493.0,0.0,リュウノヒミコ,28.0
2021103671,カシスオレンジ,2026/07/17,園田,晴,6,C3一,10,2,2,141.0,9.0,8,川原正一,57.0,ダ,1400.0,良,93.0,2.0,10-10-10-9,39.2,506.0,-4.0,モモロイヤル,
2021103671,カシスオレンジ,2026/07/02,園田,曇,2,C3一,10,7,7,131.1,9.0,4,川原正一,57.0,ダ,1400.0,不,94.4,1.1,8-8-7-6,40.7,510.0,-1.0,ゴートゥーミジョカ,9.0
2021103671,カシスオレンジ,2026/06/18,園田,晴,3,C3一,10,7,8,198.6,10.0,8,川原正一,57.0,ダ,1400.0,良,93.8,2.1,10-10-10-10,39.5,511.0,4.0,クインズノヴァ,
2021103671,カシスオレンジ,2026/06/05,園田,曇,3,C3一,10,2,2,264.2,10.0,7,川原正一,57.0,ダ,1400.0,稍,95.3,1.2,10-10-8-8,40.1,507.0,-4.0,パイラタナー,
2021103671,カシスオレンジ,2026/05/21,園田,雨,7,C3一,10,6,6,109.9,9.0,8,川原正一,57.0,ダ,1400.0,稍,96.4,3.2,8-8-9-8,42.4,511.0,7.0,ノーブルライナー,
2021103671,カシスオレンジ,2026/05/06,園田,曇,8,オッズパーク杯C2一,10,3,3,322.0,10.0,10,川原正一,57.0,ダ,1400.0,稍,96.2,3.1,10-10-10-10,41.0,504.0,-2.0,タガノヒモロギ,
2021103671,カシスオレンジ,2026/04/23,園田,雨,7,C2一,12,8,11,239.9,12.0,12,小谷周平,57.0,ダ,1400.0,不,94.1,3.0,11-12-11-12,40.4,506.0,5.0,コスモサンビタリア,
2021103671,カシスオレンジ,2026/04/08,園田,晴,6,C2一,10,1,1,180.8,10.0,9,川原正一,57.0,ダ,1400.0,良,95.4,3.0,10-10-10-10,40.6,501.0,-4.0,ハギノインスパイア,
2021103671,カシスオレンジ,2026/03/25,園田,雨,8,C2一,10,8,10,99.5,8.0,9,川原正一,57.0,ダ,1400.0,稍,95.2,1.8,10-10-10-10,40.7,505.0,8.0,カットバック,
2021103671,カシスオレンジ,2026/03/10,姫路,晴,8,C2一,10,8,10,90.2,9.0,8,川原正一,57.0,ダ,1400.0,良,96.5,1.9,7-9-8-8,42.3,497.0,-5.0,グリューンヴァルト,
2021103671,カシスオレンジ,2026/02/17,姫路,晴,8,C1一,12,3,3,397.7,12.0,12,川原正一,57.0,ダ,800.0,良,52.9,2.8,12-12,37.5,502.0,9.0,スマートビビット,
2021103671,カシスオレンジ,2026/01/28,姫路,晴,12,マーガレット賞C1,12,5,5,183.7,9.0,10,川原正一,57.0,ダ,1400.0,良,96.9,2.1,9-9-7-8,40.9,493.0,0.0,メイショウカイコン,
2021103671,カシスオレンジ,2026/01/14,園田,晴,12,ヒナギク賞C1,12,7,9,152.7,11.0,11,小谷周平,57.0,ダ,1400.0,良,92.2,1.5,12-12-12-11,39.1,493.0,1.0,ボンズドゥッカ,
2021103671,カシスオレンジ,2025/12/30,園田,曇,9,B2C1,12,1,1,260.9,11.0,11,川原正一,58.0,ダ,820.0,稍,53.7,2.7,12-12,37.8,492.0,2.0,デビルシズカチャン,
2021103671,カシスオレンジ,2025/12/23,園田,晴,11,太子ひまわり特別B2,12,4,4,183.4,9.0,12,川原正一,57.0,ダ,1400.0,稍,94.8,4.5,11-11-11-12,40.5,490.0,4.0,ベラジオガルフ,
2021103671,カシスオレンジ,2025/12/03,園田,曇,10,B2,12,8,12,460.8,11.0,11,川原正一,57.0,ダ,1230.0,良,84.1,3.4,12-12-12-12,39.9,486.0,-3.0,アイファーモービル,
2021103671,カシスオレンジ,2025/11/05,園田,曇,10,京都畜産特別B1,10,1,1,,,取,松木大地,57.0,ダ,820.0,良,,,,,,,メイショウサトワ,
2021103671,カシスオレンジ,2025/10/28,園田,曇,11,大和牛特別B2,12,4,4,220.8,9.0,10,小谷周平,57.0,ダ,1400.0,稍,95.4,2.8,11-11-11-10,40.3,489.0,3.0,キーワード,
2021103671,カシスオレンジ,2025/10/17,園田,晴,9,B2,11,7,9,140.1,10.0,10,松木大地,57.0,ダ,820.0,良,52.5,1.7,10-10,37.0,486.0,10.0,ジューンコメット,
2021103671,カシスオレンジ,2025/09/29,船橋,晴,9,オリオンビール×新潟(C1),12,6,7,117.9,9.0,11,野畑凌,56.0,ダ,1500.0,良,99.8,3.8,11-12-12-12,39.7,476.0,-7.0,キープカミング,
2021103671,カシスオレンジ,2025/09/10,川崎,晴,12,2025川崎ジョッキ(C1),14,7,12,107.9,14.0,9,町田直希,56.0,ダ,1600.0,良,108.1,2.1,14-14-14-13,40.4,483.0,-5.0,エスプリゴンザレス,
2021103671,カシスオレンジ,2025/08/22,川崎,晴,12,百日草賞(C1),11,7,9,88.1,11.0,10,新原周馬,56.0,ダ,1500.0,良,101.1,3.5,11-11-11-11,42.9,488.0,16.0,ジュウニントイロ,
2021103671,カシスオレンジ,2025/08/07,川崎,曇,12,クロート賞(C1C2),14,8,14,67.3,10.0,10,新原周馬,57.0,ダ,2000.0,良,137.6,2.9,13-13-14-13,41.6,472.0,-5.0,ケイツーバルボア,
2021103671,カシスオレンジ,2025/07/11,川崎,曇,10,個性豊かな11の庭あ(C1),13,3,4,81.5,12.0,9,野畑凌,56.0,ダ,1500.0,重,99.6,1.1,9-10-11-10,41.0,477.0,-1.0,プルーフリーダー,
2021103671,カシスオレンジ,2025/06/18,川崎,晴,5,C1四五,11,8,11,17.4,5.0,6,野畑凌,56.0,ダ,1400.0,良,94.0,2.8,9-9-9-10,42.7,478.0,-3.0,ラムテリオス,
2021103671,カシスオレンジ,2025/05/13,川崎,晴,5,C1六七,12,7,10,16.9,7.0,3,野畑凌,56.0,ダ,1400.0,重,94.0,1.3,7-7-8-8,40.9,481.0,-4.0,ブレーヴジャーニー,30.0
2021103671,カシスオレンジ,2025/04/08,川崎,晴,12,海棠賞(C1五),12,8,12,27.2,8.0,8,佐野遥久,55.0,ダ,1400.0,稍,94.1,1.8,5-6-5-6,42.0,485.0,13.0,パイロデキセキ,
2021103671,カシスオレンジ,2024/06/14,川崎,晴,5,青葉木菟特別(3歳),14,6,10,66.8,12.0,4,古岡勇樹,56.0,ダ,1500.0,良,97.8,0.6,5-5-6-5,40.7,472.0,4.0,ワンターゲット,45.0
2021103671,カシスオレンジ,2024/05/22,浦和,晴,8,ポピー特別(3歳),12,2,2,29.3,7.0,7,矢野貴之,56.0,ダ,1400.0,重,92.0,1.6,11-11-11-10,39.5,468.0,-4.0,ケンアトラス,
2021103671,カシスオレンジ,2024/05/07,川崎,雨,3,大瑠璃特別(3歳),13,6,9,9.8,5.0,4,矢野貴之,56.0,ダ,1500.0,稍,99.5,0.7,5-5-6-4,41.9,472.0,3.0,ミスティライラック,37.5
2021103671,カシスオレンジ,2024/04/16,浦和,晴,7,ツインゴールド特別(3歳),12,7,9,134.7,12.0,6,新原周馬,56.0,ダ,1400.0,良,92.2,2.1,8-8-8-7,40.2,469.0,-3.0,スモークフレイバー,
2021103671,カシスオレンジ,2024/04/03,川崎,雨,7,エイプリルフラワー賞(3歳),10,8,10,14.5,6.0,3,新原周馬,56.0,ダ,1400.0,重,94.0,0.7,2-3-1-2,42.4,472.0,-7.0,ベアヌカサナイデ,62.5
2021103671,カシスオレンジ,2024/03/13,川崎,晴,7,マーチフラワー賞(3歳),11,5,5,26.9,6.0,7,本田正重,56.0,ダ,1600.0,重,109.5,2.7,8-8-7-7,44.0,479.0,3.0,アルマーレシチー,
2021103671,カシスオレンジ,2024/02/20,浦和,晴,7,ツインホープ特別(3歳),12,7,9,23.0,9.0,8,本田正重,56.0,ダ,1400.0,良,91.9,1.0,11-9-9-9,40.1,476.0,-6.0,ゴールドソニック,
2021103671,カシスオレンジ,2024/01/31,川崎,晴,4,青鵐特別(3歳),14,6,10,103.2,11.0,11,野畑凌,56.0,ダ,1600.0,良,108.9,2.2,14-12-7-13,42.2,482.0,-5.0,トーセンヴィオラ,
2021103671,カシスオレンジ,2024/01/01,川崎,晴,11,初夢賞(3歳),9,5,5,17.4,5.0,7,野畑凌,56.0,ダ,1600.0,良,109.1,2.4,5-6-6-7,40.9,487.0,25.0,ツキシロ,
2021103671,カシスオレンジ,2023/10/10,川崎,曇,3,松虫賞(2歳),12,3,3,2.3,1.0,1,笹川翼,55.0,ダ,1400.0,重,94.5,-0.1,4-4-3-3,41.5,462.0,-3.0,(ティアジャーカー),220.0
2021103671,カシスオレンジ,2023/09/14,川崎,晴,1,2歳4,7,2,2,8.2,3.0,2,笹川翼,54.0,ダ,1400.0,良,93.0,0.3,4-4-5-4,40.8,465.0,3.0,ソレナ,80.0
2021103671,カシスオレンジ,2023/08/25,川崎,晴,5,スパーキングデビュー(2歳),5,5,5,2.9,2.0,2,森泰斗,54.0,ダ,1400.0,良,94.6,1.4,2-2-1-2,41.7,462.0,0.0,クリコマ,168.0
2022101650,アーバンキング,2026/07/08,園田,晴,2,C3三,9,1,1,7.8,3.0,4,小谷哲平,56.0,ダ,1400.0,稍,94.9,0.9,3-3-3-3,40.3,480.0,-2.0,デルマヴェーダ,9.0
2022101650,アーバンキング,2026/06/17,園田,晴,1,C3二,10,8,9,7.1,5.0,4,山本咲希,57.0,ダ,1400.0,良,94.1,0.7,3-3-1-3,40.4,482.0,6.0,テクノエクスプレス,9.0
2022101650,アーバンキング,2026/05/20,園田,曇,2,C3二,10,4,4,11.6,5.0,5,山本咲希,57.0,ダ,1400.0,良,94.1,0.7,2-1-1-1,41.0,476.0,-7.0,ヤマニンラベーラ,6.0
2022101650,アーバンキング,2026/04/30,園田,雨,3,C3一,9,1,1,82.1,7.0,8,山本咲希,57.0,ダ,1400.0,稍,96.3,3.5,3-5-4-5,43.2,483.0,-1.0,シュトローム,
2022101650,アーバンキング,2026/04/14,園田,曇,2,C3一,10,6,6,48.4,7.0,7,田野豊三,57.0,ダ,1400.0,良,94.9,2.1,4-4-6-6,42.5,484.0,2.0,コスモカピタン,
2022101650,アーバンキング,2026/04/01,園田,雨,6,C3一,10,8,9,44.4,7.0,5,田野豊三,57.0,ダ,1400.0,稍,94.5,1.0,3-3-4-4,40.4,482.0,-3.0,ノリウッドテール,6.0
2022101650,アーバンキング,2026/03/19,園田,曇,6,C3一,10,8,9,64.2,8.0,9,長尾翼玖,57.0,ダ,1400.0,重,96.0,3.0,1-2-2-4,44.0,485.0,-8.0,メイショウマゴイチ,
2022101650,アーバンキング,2026/02/26,姫路,曇,4,有年楢原7ハロンC2,10,1,1,79.5,9.0,10,長尾翼玖,57.0,ダ,1400.0,重,100.3,3.6,3-3-5-8,46.2,493.0,8.0,スパークロス,
2022101650,アーバンキング,2026/01/27,姫路,曇,6,C2三,10,8,10,19.8,6.0,10,永井孝典,57.0,ダ,1400.0,良,98.1,1.6,5-4-3-3,42.2,485.0,0.0,ウィスピースノー,
2022101650,アーバンキング,2026/01/07,園田,晴,6,C2三,10,5,5,4.8,3.0,6,山本咲希,57.0,ダ,1400.0,良,94.2,0.4,2-2-2-2,41.3,485.0,1.0,ナイスシュート,
2022101650,アーバンキング,2025/12/23,園田,晴,6,C3一,10,7,7,2.8,1.0,2,山本咲希,57.0,ダ,1400.0,稍,94.5,0.2,1-1-1-1,40.9,484.0,-3.0,フクノエヴリー,24.0
2022101650,アーバンキング,2025/12/03,園田,曇,3,C3一,10,2,2,5.5,3.0,3,山本咲希,57.0,ダ,1400.0,良,94.2,0.2,1-1-1-1,40.4,487.0,3.0,ハイグッドシャイン,15.0
2022101650,アーバンキング,2025/11/13,園田,曇,7,C3一,10,8,10,2.7,1.0,2,山本咲希,57.0,ダ,1400.0,稍,95.1,0.1,3-3-1-1,41.4,484.0,-3.0,ミストレビノ,24.0
2022101650,アーバンキング,2025/08/08,園田,雨,6,C2二,8,1,1,,,取,山本咲希,56.0,ダ,1400.0,稍,,,,,,,クールロジック,
2022101650,アーバンキング,2025/07/16,園田,晴,6,C2二,8,6,6,7.6,4.0,3,大柿一真,56.0,ダ,1400.0,稍,95.0,0.6,2-2-2-3,41.5,487.0,7.0,カリスパール,17.5
2022101650,アーバンキング,2025/07/02,園田,曇,3,3歳C1一,11,8,10,63.8,8.0,5,大柿一真,56.0,ダ,1400.0,良,93.4,1.0,7-6-5-5,41.3,480.0,-16.0,ビッグリヴァーサル,8.0
2022101650,アーバンキング,2025/06/11,園田,曇,8,3歳C1二,10,2,2,15.4,7.0,5,大柿一真,56.0,ダ,1400.0,不,93.9,1.8,3-3-4-4,42.1,496.0,1.0,ホシクズロンリネス,8.0
2022101650,アーバンキング,2025/05/30,園田,晴,10,亜咲花、ゴール前絶叫(BC1),12,6,8,14.6,6.0,7,大柿一真,56.0,ダ,1700.0,良,116.6,1.9,10-10-10-10,40.6,495.0,-7.0,ダックワーズ,
2022101650,アーバンキング,2025/04/12,2阪神5,晴,4,3歳未勝利,18,4,8,95.7,14.0,9,浜中俊,57.0,芝,1600.0,良,95.8,1.1,10-8,35.0,502.0,-6.0,ニシノイツキムスメ,
2022101650,アーバンキング,2024/12/08,7京都4,晴,2,2歳未勝利,12,7,9,26.4,7.0,11,戸崎圭太,56.0,ダ,1800.0,良,120.6,4.8,10-10-9-12,42.6,508.0,-2.0,ラマンシュ,
2022101650,アーバンキング,2024/11/23,6京都7,曇,5,2歳新馬,11,2,2,28.8,7.0,10,団野大成,56.0,芝,1600.0,良,96.8,1.2,11-11,35.3,510.0,0.0,ワイルデンウーリー,
2022103833,エコノミカ,2026/07/02,園田,曇,3,C2二,12,5,5,54.6,7.0,9,渡瀬和幸,55.0,ダ,1400.0,不,96.2,3.5,4-4-8-8,43.8,418.0,3.0,アーウイン,
2022103833,エコノミカ,2026/06/11,園田,晴,5,仁位7ハロンC2二,12,7,9,426.3,11.0,4,渡瀬和幸,55.0,ダ,1400.0,稍,93.5,1.1,3-3-3-2,40.9,415.0,6.0,スマートビーナス,10.5
2022103833,エコノミカ,2026/05/21,園田,雨,10,C2二,12,8,12,14.2,8.0,9,渡瀬和幸,55.0,ダ,1400.0,重,95.3,2.5,7-7-6-8,40.7,409.0,1.0,ボムポット,
2022103833,エコノミカ,2026/04/30,園田,雨,7,C2二,10,1,1,88.4,9.0,8,渡瀬和幸,55.0,ダ,1400.0,稍,95.6,2.2,3-3-4-6,42.4,408.0,-6.0,メイショウマゴイチ,
2022103833,エコノミカ,2026/04/08,園田,晴,4,紫合7ハロンC2二,10,8,9,48.1,9.0,6,渡瀬和幸,55.0,ダ,1400.0,良,94.6,1.4,2-2-2-2,40.0,414.0,5.0,グランサントル,
2022103833,エコノミカ,2026/03/17,園田,晴,6,C2二,10,7,8,17.1,5.0,6,渡瀬和幸,55.0,ダ,1400.0,良,96.0,3.2,3-3-3-5,43.7,409.0,-1.0,シャインシュシュ,
2022103833,エコノミカ,2026/02/25,姫路,雨,5,汐見台7ハロンC2三,10,7,7,17.4,5.0,5,渡瀬和幸,55.0,ダ,1400.0,不,96.6,1.0,2-2-2-2,42.0,410.0,-4.0,タプチャン,7.0
2022103833,エコノミカ,2026/02/03,姫路,晴,3,C3二,10,4,4,4.0,2.0,1,渡瀬和幸,55.0,ダ,1400.0,良,97.0,-0.1,1-1-1-1,41.5,414.0,1.0,(キャバリエクエスト),60.0
2022103833,エコノミカ,2026/01/15,園田,晴,5,ネコニスズ☆来場記念(C3),12,6,7,16.8,6.0,8,渡瀬和幸,55.0,ダ,1230.0,良,81.7,1.1,5-6-4-5,40.0,413.0,-1.0,タプチャン,
2022103833,エコノミカ,2025/12/24,園田,曇,2,C3一,10,8,9,11.1,5.0,4,渡瀬和幸,55.0,ダ,1400.0,不,93.0,0.7,3-3-3-2,40.6,414.0,3.0,インジェクション,9.0
2022103833,エコノミカ,2025/12/02,園田,晴,2,C3一,10,4,4,13.4,4.0,5,渡瀬和幸,55.0,ダ,1400.0,良,94.2,1.0,2-2-2-3,40.9,411.0,-2.0,ランボーリープ,6.0
2022103833,エコノミカ,2025/11/12,園田,曇,1,C3二,10,2,2,4.6,3.0,5,渡瀬和幸,55.0,ダ,1400.0,稍,95.6,2.2,4-4-3-3,42.9,413.0,-3.0,アンデルマット,6.0
2022103833,エコノミカ,2025/10/17,園田,晴,6,C3一,10,7,8,14.8,4.0,2,渡瀬和幸,55.0,ダ,1400.0,良,93.7,0.1,4-3-1-1,39.7,416.0,-1.0,ギルトエッジ,24.0
2022103833,エコノミカ,2025/09/24,園田,曇,4,竜山7ハロンC3一,10,6,6,5.4,3.0,4,渡瀬和幸,55.0,ダ,1400.0,良,93.7,1.7,3-3-4-4,41.6,417.0,2.0,スマートカナートス,9.0
2022103833,エコノミカ,2025/09/04,園田,曇,8,C2一,10,2,2,134.2,10.0,8,渡瀬和幸,55.0,ダ,1400.0,良,93.5,1.8,6-6-7-5,41.9,415.0,-2.0,ミスターボビー,
2022103833,エコノミカ,2025/08/14,園田,晴,8,C2一,12,5,5,36.2,8.0,10,渡瀬和幸,55.0,ダ,1400.0,良,94.1,1.8,5-6-5-3,41.7,417.0,1.0,キュールエスグリ,
2022103833,エコノミカ,2025/07/24,園田,晴,6,C2一,10,1,1,28.4,7.0,5,渡瀬和幸,55.0,ダ,1400.0,良,92.9,1.0,7-7-5-4,41.1,416.0,0.0,ヤクジンミョウオウ,7.0
2022103833,エコノミカ,2025/07/09,園田,晴,7,C2二,10,8,10,7.5,5.0,5,渡瀬和幸,55.0,ダ,1400.0,良,92.8,1.0,4-5-3-4,41.0,416.0,7.0,ヴォーパルソード,7.0
2022103833,エコノミカ,2025/06/18,園田,晴,9,3歳AB,8,4,4,19.2,7.0,6,渡瀬和幸,54.0,ダ,1230.0,良,81.7,0.9,4-4-4-5,40.4,409.0,-4.0,ミニフィーユ,
2022103833,エコノミカ,2025/05/30,園田,晴,10,亜咲花、ゴール前絶叫(BC1),12,8,11,80.3,11.0,8,渡瀬和幸,56.0,ダ,1700.0,良,117.0,2.3,4-3-3-4,42.3,413.0,5.0,ダックワーズ,
2022103833,エコノミカ,2025/05/05,園田,晴,9,3歳B,12,6,7,12.2,7.0,7,井上幹太,55.0,ダ,1230.0,良,83.0,1.8,10-11-10-9,41.4,408.0,8.0,ビギニングショウマ,
2022103833,エコノミカ,2025/04/03,園田,晴,8,3歳AB,8,1,1,31.5,5.0,5,渡瀬和幸,54.0,ダ,1400.0,良,93.1,0.6,3-5-3-4,40.8,400.0,-1.0,ツキムスビ,13.0
2022103833,エコノミカ,2025/03/12,園田,曇,7,3歳B,12,6,7,36.2,9.0,2,松木大地,54.0,ダ,1400.0,重,94.5,0.8,11-11-6-5,41.6,401.0,-6.0,キーチグリフォン,35.0
2022103833,エコノミカ,2025/02/24,姫路,晴,10,3歳BC1,12,7,9,28.4,7.0,9,松木大地,55.0,ダ,800.0,良,51.7,1.4,8-9,37.6,407.0,8.0,セファイドループ,
2022103833,エコノミカ,2025/01/29,姫路,晴,8,3歳B,12,8,11,10.3,4.0,9,松木大地,54.0,ダ,1400.0,良,96.9,2.4,7-7-10-11,43.1,399.0,-4.0,タンバブショウ,
2022103833,エコノミカ,2025/01/03,園田,晴,7,3歳,12,3,3,15.8,4.0,3,松木大地,54.0,ダ,1230.0,良,81.8,0.6,4-4-5-4,40.1,403.0,1.0,エイシンハリアー,22.0
2022103833,エコノミカ,2024/12/05,園田,晴,7,2歳150万円以下,12,7,10,5.6,4.0,2,杉浦健太,54.0,ダ,1230.0,良,82.2,0.0,3-4-3-3,40.8,402.0,-14.0,ミキヨウッドテール,31.5
2022103833,エコノミカ,2024/10/22,門別,曇,1,2歳未勝利(未勝利),10,8,9,1.7,1.0,1,松井伸也,55.0,ダ,1000.0,稍,61.9,-0.1,3-2,37.5,416.0,-2.0,(シャンパンイン),50.0
2022103833,エコノミカ,2024/10/02,門別,曇,5,日高山脈の麓日高町へ(未勝利)(2歳),11,8,11,12.6,4.0,2,松井伸也,55.0,ダ,1000.0,良,62.7,0.1,3-3,37.7,418.0,10.0,エイシンカトレア,14.0
2022103833,エコノミカ,2024/09/11,門別,晴,2,2歳牝馬未勝利(未勝利),12,7,9,8.3,4.0,3,松井伸也,55.0,ダ,1000.0,良,63.3,1.5,3-3,38.7,408.0,-6.0,ディープレゼント,10.5
2022103833,エコノミカ,2024/08/27,門別,雨,6,JRA認定競走アタッ(未勝利)(2歳),12,8,12,102.6,10.0,12,松井伸也,55.0,ダ,1000.0,不,64.6,3.7,9-11,39.9,414.0,0.0,ノブハッピーホース,
2022103833,エコノミカ,2024/07/31,門別,曇,5,JRA認定競走フレッ(新馬)(2歳),8,3,3,18.1,5.0,2,松井伸也,55.0,ダ,1000.0,稍,62.7,0.9,1-1,38.0,414.0,0.0,クリスタルケイブ,70.0
2023101193,リクノインパクト,2026/07/08,園田,晴,2,C3三,9,7,7,114.0,8.0,8,板野央,55.0,ダ,1400.0,稍,98.0,4.0,9-9-8-8,41.2,473.0,8.0,デルマヴェーダ,
2023101193,リクノインパクト,2026/06/26,園田,雨,3,3歳C2,9,2,2,249.5,9.0,6,板野央,55.0,ダ,1400.0,不,96.3,1.9,1-1-1-1,43.6,465.0,-9.0,アルカイック,
2023101193,リクノインパクト,2026/06/12,園田,晴,1,3歳C2,12,1,1,413.5,10.0,12,板野央,55.0,ダ,1400.0,良,96.3,4.3,12-12-12-12,41.4,474.0,12.0,タイシン,
2023101193,リクノインパクト,2026/05/29,園田,晴,5,3歳C2一,10,5,5,122.2,9.0,7,板野央,55.0,ダ,1400.0,稍,96.6,2.6,8-8-7-7,41.8,462.0,9.0,グラフォス,
2023101193,リクノインパクト,2026/05/04,園田,晴,4,スマイル☆来場記念3(C1),10,3,3,106.7,10.0,9,板野央,55.0,ダ,1400.0,重,97.5,2.4,8-8-10-10,43.4,453.0,2.0,ヨウタウッドテール,
2023101193,リクノインパクト,2026/04/21,園田,晴,8,3歳C1一,7,8,8,231.1,7.0,7,板野央,55.0,ダ,1400.0,良,96.5,2.3,7-7-7-7,40.9,451.0,4.0,テッシン,
2023101193,リクノインパクト,2026/03/31,園田,曇,4,SKNフラッシュ8メ(C1),12,6,7,268.5,12.0,9,板野央,55.0,ダ,1400.0,稍,96.5,3.2,10-10-11-11,42.1,447.0,-3.0,ベラジオカムイ,
2023101193,リクノインパクト,2026/03/17,園田,晴,9,3歳C1,11,8,10,177.5,11.0,9,板野央,55.0,ダ,1400.0,良,96.7,2.9,11-11-11-11,41.5,450.0,0.0,スカイノハル,
2023101193,リクノインパクト,2026/02/26,姫路,曇,11,兵庫若駒賞(重賞),12,6,7,502.3,12.0,12,板野央,55.0,ダ,1800.0,重,130.4,5.7,11-11-12-12,44.2,450.0,-4.0,ゴッドフェンサー,
2023101193,リクノインパクト,2026/02/12,姫路,晴,10,3歳BC1,9,1,1,120.4,9.0,6,板野央,56.0,ダ,1800.0,稍,129.6,1.8,7-7-8-8,41.5,454.0,-1.0,コマンタレヴー,
2023101193,リクノインパクト,2026/01/27,姫路,曇,9,3歳AB,7,3,3,260.9,7.0,7,板野央,54.0,ダ,1800.0,良,130.0,4.5,7-7-7-7,42.7,455.0,-8.0,シェナマックス,
2023101193,リクノインパクト,2026/01/14,園田,晴,10,JRA交流多紀連山特,11,7,9,254.0,11.0,9,板野央,55.0,ダ,1870.0,良,128.1,4.5,7-7-9-9,43.2,463.0,-5.0,キタノファーンヒル,
2023101193,リクノインパクト,2026/01/03,園田,晴,2,3歳二,10,4,4,64.1,9.0,6,板野央,55.0,ダ,1400.0,良,95.9,2.4,9-9-8-7,42.5,468.0,-2.0,ガミラスラバウル,
2023101193,リクノインパクト,2025/12/16,園田,晴,9,ステップアップ202(2歳),11,6,7,325.7,10.0,8,廣瀬航,54.0,ダ,1400.0,良,94.9,3.2,11-11-10-9,41.6,470.0,5.0,バウヴォーグ,
2023101193,リクノインパクト,2025/12/02,園田,晴,4,初冬のパカパカエキサ(2歳),12,1,1,142.5,10.0,10,小谷周平,54.0,ダ,1400.0,良,94.7,3.0,8-8-8-9,42.1,465.0,-2.0,ミルトイブニング,
2023101193,リクノインパクト,2025/11/11,園田,晴,8,JRA認定アッパート,10,8,9,215.2,10.0,7,小谷周平,54.0,ダ,1400.0,稍,94.5,2.4,9-9-9-9,40.7,467.0,0.0,サザンウォリアー,
2023101193,リクノインパクト,2025/10/24,園田,晴,4,2歳未勝利二,11,6,6,24.7,5.0,1,小谷周平,54.0,ダ,820.0,良,52.6,-0.2,5-2,38.0,467.0,-6.0,(オニギリ),120.0
2023101193,リクノインパクト,2025/10/03,園田,曇,4,2歳未勝利,11,1,1,137.2,8.0,3,下原理,54.0,ダ,1400.0,良,95.6,0.9,11-11-10-7,41.8,473.0,-4.0,イービジョンエイト,30.0
2023101193,リクノインパクト,2025/09/12,園田,曇,3,2歳未勝利二,10,7,8,7.4,4.0,6,下原理,54.0,ダ,1400.0,稍,96.7,1.4,7-7-5-5,41.7,477.0,13.0,ワローテル,
2023101193,リクノインパクト,2025/08/22,園田,晴,4,2歳未勝利,11,5,6,11.2,5.0,8,下原理,54.0,ダ,1400.0,良,95.3,1.7,7-7-8-6,42.3,464.0,0.0,クリスタルピット,
2023101193,リクノインパクト,2025/07/15,門別,曇,4,2歳牝馬未勝利(未勝利),10,5,5,61.1,6.0,9,阿部龍,55.0,ダ,1000.0,稍,66.0,1.8,3-4,41.2,464.0,4.0,ヴィルユキヒメ,
2023101193,リクノインパクト,2025/07/03,門別,曇,1,2歳未勝利(未勝利),9,7,7,106.5,9.0,9,桑村真明,55.0,ダ,1700.0,稍,121.5,7.6,4-4-9-9,48.8,460.0,6.0,ミノベル,
2023101193,リクノインパクト,2025/06/10,門別,晴,1,2歳未勝利(未勝利),8,8,8,127.4,8.0,7,桑村真明,55.0,ダ,1200.0,良,79.1,2.5,5-5,42.6,454.0,6.0,ロジータサンライズ,
2023101193,リクノインパクト,2025/05/28,門別,曇,5,JRA認定競走フレッ(新馬)(2歳),11,6,7,13.7,5.0,7,桑村真明,55.0,ダ,1000.0,良,65.7,2.7,8-8,40.6,448.0,0.0,フローラルツッキー,
2023100474,ブチエードリーム,2026/07/17,園田,晴,12,C3一,11,8,12,97.9,9.0,11,塩津璃菜,51.0,ダ,820.0,良,53.3,2.8,8-11,38.5,438.0,5.0,ブルーブレイブ,
2023100474,ブチエードリーム,2026/06/25,園田,雨,4,熊内町スプリント3歳(C2),11,6,6,23.8,4.0,8,塩津璃菜,51.0,ダ,1230.0,不,83.3,3.1,1-1-1-5,42.0,433.0,-9.0,ララヴァニーユ,
2023100474,ブチエードリーム,2026/02/19,姫路,晴,3,3歳C1,8,3,3,96.8,8.0,7,新庄海誠,54.0,ダ,1400.0,良,98.7,1.9,7-7-7-7,40.8,442.0,4.0,ブチエーコウネ,
2023100474,ブチエードリーム,2026/02/05,姫路,曇,4,パカっと駆けろ!フェ(C1),11,6,7,281.7,11.0,7,新庄海誠,54.0,ダ,1400.0,良,97.7,0.9,5-5-7-6,43.2,438.0,2.0,ワイルドタイタン,
2023100474,ブチエードリーム,2026/01/21,姫路,晴,3,3歳C1,5,5,5,59.2,5.0,4,土方颯太,55.0,ダ,1400.0,良,99.4,1.2,2-2-4-4,43.1,436.0,-5.0,オーロヴェント,12.0
2023100474,ブチエードリーム,2026/01/02,園田,晴,3,3歳未勝利一,12,2,2,111.4,10.0,12,鴨宮祥行,55.0,ダ,820.0,良,53.6,1.7,5-8,39.0,441.0,1.0,ステップアイ,
2023100474,ブチエードリーム,2025/12/17,園田,曇,4,奥塩久ダッシュ2歳未,11,8,12,18.8,7.0,6,鴨宮祥行,54.0,ダ,820.0,良,53.1,1.9,6-6,38.3,440.0,0.0,ククナジンク,
2023100474,ブチエードリーム,2025/12/04,園田,晴,3,2歳未勝利二,12,7,10,11.5,4.0,3,鴨宮祥行,54.0,ダ,820.0,良,51.8,0.2,3-4,37.3,440.0,-2.0,ユナモンスター,30.0
2023100474,ブチエードリーム,2025/11/18,園田,曇,3,2歳未勝利二,11,1,1,85.9,10.0,10,鴨宮祥行,54.0,ダ,1400.0,良,97.7,2.3,3-3-6-6,43.3,442.0,1.0,チェリーブライアン,
2023100474,ブチエードリーム,2025/10/30,園田,晴,3,2歳未勝利二,9,6,6,10.5,5.0,6,鴨宮祥行,54.0,ダ,1400.0,良,96.6,1.7,1-1-2-4,42.3,441.0,-2.0,ベルマ,
2023100474,ブチエードリーム,2025/10/10,園田,晴,3,2歳未勝利二,9,2,2,4.4,2.0,5,鴨宮祥行,54.0,ダ,820.0,良,53.5,1.4,2-3,38.9,443.0,4.0,サフラナール,12.0
2023100474,ブチエードリーム,2025/08/22,園田,晴,4,2歳未勝利,11,4,4,7.9,4.0,11,小牧太,54.0,ダ,1400.0,良,99.4,5.8,2-2-4-11,47.5,439.0,-7.0,クリスタルピット,
2023100474,ブチエードリーム,2025/08/06,園田,晴,6,NewBeginni(初出),9,5,5,19.0,7.0,5,高橋愛叶,52.0,ダ,820.0,良,51.8,1.0,5-5,37.3,446.0,0.0,ソシジ,25.0
2018100004,ユウバエ,2026/07/17,園田,晴,2,C3四,10,1,1,4.4,3.0,2,吉村智洋,55.0,ダ,1400.0,良,92.9,0.2,1-1-1-1,40.7,417.0,-3.0,エイシンヴィエント,24.0
2018100004,ユウバエ,2026/07/03,園田,晴,2,C3,12,7,9,43.1,8.0,8,佐々木世,53.0,ダ,820.0,稍,52.2,0.7,8-8,37.5,420.0,-2.0,スカーレットハニー,
2018100004,ユウバエ,2026/06/19,園田,曇,1,C3,11,6,8,49.2,7.0,6,塩津璃菜,51.0,ダ,820.0,良,51.7,1.5,5-7,37.2,422.0,-1.0,アレナトーレ,
2018100004,ユウバエ,2026/06/03,園田,晴,4,米地ダッシュC3,12,8,11,26.6,5.0,8,佐々木世,53.0,ダ,820.0,重,52.4,0.7,6-8,37.7,423.0,-2.0,エイラク,
2018100004,ユウバエ,2026/05/15,園田,晴,5,C3二,10,3,3,15.9,7.0,6,佐々木世,53.0,ダ,820.0,良,51.9,0.3,8-8,37.6,425.0,-3.0,パープルパライソ,
2018100004,ユウバエ,2026/04/29,園田,曇,5,かつみさゆり☆来場記(C3),10,7,7,38.1,7.0,8,佐々木世,53.0,ダ,1400.0,稍,96.3,3.0,1-1-1-6,43.2,428.0,1.0,エポエポサン,
2018100004,ユウバエ,2026/04/14,園田,曇,6,C3一,12,5,6,13.5,6.0,7,佐々木世,53.0,ダ,820.0,良,51.9,0.7,4-3,37.5,427.0,-1.0,バイカル,
2018100004,ユウバエ,2026/03/25,園田,曇,3,C3二,12,7,10,2.2,1.0,2,佐々木世,53.0,ダ,820.0,稍,52.5,0.3,2-2,37.6,428.0,3.0,パーソナルレコード,24.0
2018100004,ユウバエ,2026/03/03,姫路,雨,3,C3一,10,8,10,13.5,6.0,7,佐々木世,53.0,ダ,1400.0,重,98.0,1.3,1-1-1-1,44.0,425.0,-4.0,トモジャイブ,
2018100004,ユウバエ,2026/02/18,姫路,晴,3,C3二,11,4,4,1.3,1.0,2,吉村智洋,55.0,ダ,800.0,良,52.2,0.3,3-2,38.3,429.0,0.0,ソッフィオーネ,24.0
2018100004,ユウバエ,2026/01/28,姫路,晴,1,C3三,10,8,9,15.8,5.0,4,杉浦健太,55.0,ダ,1400.0,良,97.3,0.5,1-1-1-1,42.4,429.0,-4.0,ガルバナム,9.0
2018100004,ユウバエ,2026/01/07,園田,晴,1,C3二,10,1,1,16.6,2.0,4,吉村智洋,55.0,ダ,1400.0,良,94.8,0.7,1-1-1-1,42.7,433.0,4.0,ラスクミソ,9.0
2018100004,ユウバエ,2025/12/23,園田,晴,2,C3三,10,8,10,3.4,2.0,5,吉村智洋,55.0,ダ,1400.0,稍,95.7,0.9,1-1-2-2,42.4,429.0,-3.0,ヘノヘノカッパ,6.0
2018100004,ユウバエ,2025/12/11,園田,晴,4,寒霧パカ・ルミナーレ(C3),9,1,1,13.7,3.0,9,吉村智洋,55.0,ダ,1400.0,良,95.1,1.8,1-1-1-2,43.9,432.0,1.0,スターリーソング,
2018100004,ユウバエ,2025/11/26,園田,曇,2,C3二,12,5,6,66.4,9.0,8,田野豊三,55.0,ダ,1400.0,稍,95.1,0.9,2-2-2-2,43.2,431.0,7.0,チャンピオンセーラ,
2018100004,ユウバエ,2025/11/13,園田,曇,5,日岡山公園スプリント(C3),12,7,9,83.3,10.0,8,吉村智洋,55.0,ダ,1230.0,稍,83.6,1.3,2-2-3-3,42.6,424.0,-2.0,ガンバルフトシ,
2018100004,ユウバエ,2025/10/30,園田,晴,2,C3,8,3,3,36.3,4.0,5,吉村智洋,55.0,ダ,1230.0,良,83.0,3.3,6-5-5-6,41.0,426.0,8.0,ビクトリーブリッジ,6.0
2018100004,ユウバエ,2025/10/15,園田,曇,4,さいれん坊主スプリン(C3),12,2,2,206.8,8.0,7,田野豊三,55.0,ダ,1230.0,良,83.0,1.1,7-7-6-6,41.0,418.0,-4.0,フリューゲルノア,
2018100004,ユウバエ,2025/10/01,園田,晴,4,文保寺楼門スプリント(C3),12,1,1,17.4,5.0,10,吉村智洋,55.0,ダ,1230.0,稍,85.1,2.5,8-7-7-7,42.8,422.0,7.0,テーオーパーソナル,
2018100004,ユウバエ,2025/09/17,園田,曇,5,阿弥陀町生石スプ(C3),12,8,12,28.6,7.0,4,吉村智洋,55.0,ダ,1230.0,良,82.1,2.1,5-5-5-4,40.4,415.0,-3.0,シャドフ,9.0
2018100004,ユウバエ,2025/09/04,園田,曇,1,C3,10,4,4,45.0,6.0,4,吉村智洋,55.0,ダ,1230.0,良,82.3,2.2,5-5-5-5,40.3,418.0,10.0,コーリンラズベリー,9.0
2018100004,ユウバエ,2025/08/14,園田,晴,5,C3一,10,7,7,36.7,8.0,9,吉村智洋,55.0,ダ,1400.0,良,94.6,0.9,2-2-1-1,42.4,408.0,-8.0,ストロングジェット,
2018100004,ユウバエ,2025/07/24,園田,晴,4,C3一,10,7,8,111.9,8.0,3,田野豊三,55.0,ダ,1400.0,良,93.6,1.2,2-2-2-2,41.0,416.0,-2.0,シビックシャルル,15.0
2018100004,ユウバエ,2025/07/04,園田,晴,6,シティホテル3号室☆(C2),6,4,4,64.7,6.0,6,田野豊三,55.0,ダ,1400.0,良,94.3,3.2,3-3-4-5,42.4,418.0,-2.0,サイファーシチー,
2018100004,ユウバエ,2025/06/18,園田,晴,5,C2三,10,3,3,52.1,7.0,9,田野豊三,55.0,ダ,1400.0,良,97.2,5.3,1-1-2-4,46.0,420.0,-3.0,モズオラージュ,
2018100004,ユウバエ,2025/05/30,園田,晴,5,C2二,12,5,5,33.4,6.0,10,田野豊三,55.0,ダ,1400.0,良,96.5,3.9,4-4-6-8,43.5,423.0,1.0,ノイヤーヘルト,
2018100004,ユウバエ,2025/05/16,園田,曇,11,C2一,10,6,6,48.1,7.0,9,田野豊三,55.0,ダ,1400.0,良,94.2,0.9,1-1-2-2,43.0,422.0,-1.0,デルマヴェーダ,
2018100004,ユウバエ,2025/05/01,園田,晴,8,C2一,8,1,1,22.9,5.0,5,田野豊三,55.0,ダ,820.0,良,51.4,0.6,5-5,36.9,423.0,6.0,オメガプランタン,7.0
2018100004,ユウバエ,2025/04/17,園田,晴,5,田路ダッシュC2二,12,2,2,43.7,7.0,4,田野豊三,55.0,ダ,820.0,良,51.0,0.7,6-5,36.7,417.0,-3.0,ヤングブラッド,10.5
2018100004,ユウバエ,2025/03/26,園田,晴,7,C2,12,7,9,27.2,9.0,7,田野豊三,54.0,ダ,1230.0,良,82.2,1.7,4-4-4-5,41.6,420.0,1.0,ポッドヘイロー,
2018100004,ユウバエ,2025/03/06,姫路,曇,5,MarchダッシュC(C2),10,6,6,6.2,4.0,3,下原理,54.0,ダ,800.0,重,51.5,1.0,4-4,37.6,419.0,0.0,ヤシロボーイ,14.0
2018100004,ユウバエ,2025/02/20,姫路,晴,7,C2,7,4,4,21.7,5.0,3,田野豊三,54.0,ダ,800.0,良,51.0,0.4,5-6,37.2,419.0,-1.0,ニネンイーグミ,14.0
2018100004,ユウバエ,2025/02/05,姫路,曇,5,岩端町ダッシュC2二,12,8,11,11.5,5.0,2,田野豊三,54.0,ダ,800.0,良,51.4,0.3,4-3,37.5,420.0,0.0,ニネンイーグミ,28.0
2018100004,ユウバエ,2025/01/14,園田,晴,4,榎列小榎列ダッシュC(C3),10,5,5,4.1,2.0,2,田野豊三,54.0,ダ,820.0,良,52.6,0.2,5-5,38.0,420.0,-3.0,メイショウルチル,19.6
2018100004,ユウバエ,2024/12/31,園田,晴,4,総決算ダッシュC3一,10,2,2,3.1,2.0,7,田野豊三,54.0,ダ,820.0,良,52.7,0.7,5-6,38.2,423.0,6.0,アトムヴェローチェ,
2018100004,ユウバエ,2024/12/10,園田,晴,6,C3一,12,6,7,7.3,4.0,2,田野豊三,54.0,ダ,820.0,良,51.7,0.3,3-2,37.0,417.0,-4.0,メイショウチュラカ,19.6
2018100004,ユウバエ,2024/11/19,園田,曇,5,田路スプリントC3,12,7,9,10.2,5.0,10,田野豊三,54.0,ダ,1230.0,稍,83.4,1.5,4-6-5-6,41.5,421.0,1.0,ナチュラル,
2018100004,ユウバエ,2024/10/23,園田,曇,12,C2一,11,7,8,35.1,6.0,5,田野豊三,54.0,ダ,820.0,稍,51.6,1.3,7-6,36.8,420.0,0.0,スマッシュヒット,8.0
2018100004,ユウバエ,2024/10/09,園田,晴,12,C2一,12,7,10,9.0,3.0,5,下原理,54.0,ダ,820.0,稍,52.0,1.0,7-6,37.4,420.0,2.0,マジカルフェイス,8.0
2018100004,ユウバエ,2024/09/19,園田,曇,9,C2一,10,4,4,32.9,9.0,10,松木大地,54.0,ダ,1400.0,良,96.8,3.7,1-2-7-10,45.4,418.0,3.0,エイシンマシーン,
2018100004,ユウバエ,2024/08/30,園田,雨,10,アメジスト賞C1,12,3,3,267.5,11.0,12,田野豊三,54.0,ダ,1400.0,稍,98.8,7.2,4-4-9-12,47.5,415.0,-4.0,ワンダーデュエル,
2018100004,ユウバエ,2024/08/07,園田,晴,10,C1二,12,7,10,67.7,8.0,7,田野豊三,54.0,ダ,1400.0,稍,95.8,2.8,7-6-5-4,44.3,419.0,-4.0,ワンダーデュエル,
2018100004,ユウバエ,2024/07/26,園田,晴,8,C1,8,8,8,44.0,6.0,8,田野豊三,54.0,ダ,1230.0,良,81.6,1.4,5-5-5-5,40.5,423.0,-3.0,エイシンニーダー,
2018100004,ユウバエ,2024/07/04,園田,晴,12,プルメリア賞C1二,10,6,7,34.4,6.0,6,田野豊三,54.0,ダ,1400.0,良,94.9,2.5,3-3-3-3,42.8,426.0,1.0,エリカドリーム,
2018100004,ユウバエ,2024/06/21,園田,晴,10,C1,12,6,8,7.4,5.0,6,田野豊三,54.0,ダ,1400.0,不,95.4,3.0,5-5-6-6,42.7,425.0,-1.0,キクノアーデント,
2018100004,ユウバエ,2024/05/29,園田,晴,8,C2一,10,8,9,38.2,7.0,1,田野豊三,54.0,ダ,1400.0,重,93.3,-0.7,1-1-1-1,42.3,426.0,6.0,(ウィステリアダディ),70.0
2018100004,ユウバエ,2024/05/09,園田,晴,6,C2二,8,4,4,5.5,3.0,2,田野豊三,54.0,ダ,1400.0,良,94.3,0.2,3-3-3-3,39.7,420.0,-5.0,シェナクィーン,24.5
2018100004,ユウバエ,2024/04/25,園田,晴,12,C2,9,4,4,31.5,7.0,7,鴨宮祥行,54.0,ダ,1230.0,稍,82.8,1.9,5-7-7-7,41.3,425.0,-1.0,リコーグロック,
2018100004,ユウバエ,2024/04/10,園田,晴,5,SAKURAスプリン(C2),12,2,2,33.7,9.0,5,鴨宮祥行,54.0,ダ,1230.0,重,82.2,0.5,4-4-4-4,40.4,426.0,5.0,エイユーマックス,8.0
2018100004,ユウバエ,2024/03/27,園田,晴,12,つくし賞C2,12,7,9,37.5,6.0,7,田野豊三,54.0,ダ,1230.0,稍,82.1,0.6,6-5-5-5,41.3,421.0,7.0,レアジーニアス,
2018100004,ユウバエ,2024/03/07,姫路,晴,7,C2一,12,4,4,60.9,8.0,5,下原理,54.0,ダ,1400.0,稍,94.6,0.5,1-1-1-1,41.6,414.0,0.0,ブラックヒル,7.0
2018100004,ユウバエ,2024/02/20,姫路,曇,12,C2一,10,5,5,37.4,8.0,5,田野豊三,54.0,ダ,1400.0,重,94.5,1.0,1-1-2-2,41.0,414.0,5.0,サニーウェザー,7.0
2018100004,ユウバエ,2024/01/17,姫路,晴,12,エリカ賞C1,12,5,6,391.7,12.0,9,杉浦健太,54.0,ダ,800.0,良,51.4,1.3,10-11,37.3,409.0,-7.0,ルールメイプル,
2018100004,ユウバエ,2023/12/31,園田,曇,8,C1二,12,7,10,400.5,11.0,11,佐々木世,52.0,ダ,1400.0,良,94.2,2.7,7-6-6-10,42.1,416.0,6.0,セブンスストリート,
2018100004,ユウバエ,2023/12/13,園田,晴,12,C1,12,3,3,319.2,11.0,11,杉浦健太,54.0,ダ,1230.0,稍,82.3,2.2,7-7-7-7,40.5,410.0,-7.0,オーケン,
2018100004,ユウバエ,2023/11/28,園田,曇,12,C1,12,5,5,55.1,8.0,12,吉村智洋,54.0,ダ,1230.0,良,83.5,2.7,2-2-5-7,42.8,417.0,-3.0,ボクラノユメ,
2018100004,ユウバエ,2023/11/08,園田,晴,10,C1,10,8,9,18.8,5.0,6,田野豊三,54.0,ダ,820.0,稍,51.8,0.6,3-4,37.4,420.0,4.0,シミーシェイク,
2018100004,ユウバエ,2023/10/19,園田,晴,9,C1二,11,5,5,7.9,3.0,7,吉村智洋,54.0,ダ,1230.0,良,82.4,1.2,4-4-4-4,40.7,416.0,-2.0,ホウオウジュビリー,
2018100004,ユウバエ,2023/10/05,園田,晴,9,C1二,11,7,8,43.4,8.0,4,杉浦健太,54.0,ダ,1230.0,稍,82.8,1.2,3-3-3-3,41.4,418.0,-2.0,グランレイハート,16.5
2018100004,ユウバエ,2023/09/15,園田,晴,10,オッズパーク杯C1,9,4,4,26.4,7.0,6,田野豊三,54.0,ダ,820.0,良,51.1,0.6,7-7,36.7,420.0,1.0,テクノエクスプレス,
2018100004,ユウバエ,2023/08/24,園田,雨,11,ひまわりの里佐用町お(C1),12,4,4,37.2,8.0,8,田野豊三,54.0,ダ,1230.0,重,81.4,1.4,9-9-8-6,40.3,419.0,0.0,トモジャスティス,
2018100004,ユウバエ,2023/08/10,園田,晴,9,C1,12,7,10,35.2,8.0,9,杉浦健太,54.0,ダ,1230.0,良,80.5,0.7,2-2-2-2,39.9,419.0,-1.0,オリエンタルメラク,
2018100004,ユウバエ,2023/07/20,園田,晴,12,C1一,11,2,2,26.4,7.0,10,濱尚美,51.0,ダ,1400.0,良,93.3,2.2,5-5-6-6,41.7,420.0,0.0,ピンクマルガリータ,
2018100004,ユウバエ,2023/06/29,園田,曇,12,C1,10,7,9,5.4,3.0,6,濱尚美,51.0,ダ,1230.0,良,80.7,1.3,3-4-3-4,39.8,420.0,3.0,ルルネージュ,
2018100004,ユウバエ,2023/06/01,園田,曇,9,ガーベラ賞C1,10,2,2,27.2,4.0,4,笹田知宏,54.0,ダ,1400.0,稍,94.0,1.4,1-1-2-2,41.5,417.0,-4.0,スターファイター,15.0
2018100004,ユウバエ,2023/05/04,園田,晴,12,ポピー賞C1,12,7,9,5.8,2.0,3,濱尚美,51.0,ダ,1230.0,良,80.9,0.8,3-3-3-3,38.8,421.0,6.0,トモジャスティス,27.5
2018100004,ユウバエ,2023/03/02,姫路,晴,12,ムスカリ賞C1,12,4,4,14.0,4.0,9,笹田知宏,54.0,ダ,800.0,稍,50.3,0.6,6-7,36.7,415.0,1.0,モズベイパーコーン,
2018100004,ユウバエ,2023/02/16,姫路,曇,12,スノーフレーク賞C1,12,2,2,5.6,2.0,4,笹田知宏,54.0,ダ,800.0,良,50.2,0.7,6-4,36.5,414.0,-2.0,ナリタブルホーク,16.5
2018100004,ユウバエ,2023/01/31,姫路,晴,12,ロウバイ賞C1,12,5,5,4.6,2.0,3,笹田知宏,54.0,ダ,800.0,稍,50.2,0.0,5-4,36.5,416.0,1.0,スパークリングアイ,27.5
2018100004,ユウバエ,2023/01/03,園田,晴,10,園田迎春スプリント,12,2,2,29.1,7.0,2,大山龍太,51.0,ダ,1230.0,良,80.0,0.1,6-6-4-3,39.1,415.0,-6.0,ペルチャン,72.0
2018100004,ユウバエ,2022/09/14,園田,晴,10,B2,12,2,2,16.4,7.0,4,笹田知宏,54.0,ダ,1230.0,良,79.9,0.5,5-5-5-4,39.2,421.0,1.0,ムーンコムレード,19.5
2018100004,ユウバエ,2022/08/24,園田,曇,10,たかさご万灯祭特別B(B2),12,7,10,6.4,3.0,6,笹田知宏,54.0,ダ,1230.0,稍,81.8,2.0,3-4-3-4,41.7,420.0,-1.0,オリエンタルメラク,
2018100004,ユウバエ,2022/08/04,園田,曇,10,B2,12,5,5,11.8,4.0,4,笹田知宏,54.0,ダ,1230.0,良,79.8,0.5,4-4-3-3,39.8,421.0,3.0,アヴニールレーヴ,19.5
2018100004,ユウバエ,2022/06/30,園田,晴,10,C1,11,8,10,2.5,1.0,2,笹田知宏,55.0,ダ,1230.0,良,79.5,0.9,2-2-2-2,38.9,418.0,-2.0,アヴニールレーヴ,44.0
2018100004,ユウバエ,2022/06/17,園田,晴,12,C1,11,6,7,4.1,1.0,1,笹田知宏,54.0,ダ,1230.0,良,80.0,-0.3,1-1-1-1,40.5,420.0,0.0,(ダイワミラクル),110.0
2018100004,ユウバエ,2022/06/03,園田,晴,10,C2,10,3,3,2.0,1.0,1,笹田知宏,54.0,ダ,1230.0,良,80.3,0.0,1-1-1-1,40.4,420.0,-1.0,(アブラアルバム),70.0
2018100004,ユウバエ,2022/05/12,園田,雨,12,C1C2,12,5,6,19.7,6.0,4,笹田知宏,53.0,ダ,820.0,重,50.9,0.6,4-5,36.5,421.0,7.0,スパークリングアイ,16.5
2018100004,ユウバエ,2022/04/14,園田,曇,12,C2,10,8,9,9.9,5.0,2,笹田知宏,54.0,ダ,1230.0,良,79.7,0.3,2-2-2-2,39.0,414.0,0.0,スイートチョコ,28.0
2018100004,ユウバエ,2022/03/15,園田,晴,7,C2一,10,4,4,18.5,8.0,7,下原理,54.0,ダ,1400.0,良,93.8,1.2,1-2-2-2,41.7,414.0,0.0,イヤーズストレイト,
2018100004,ユウバエ,2021/08/25,園田,晴,10,C1,12,5,5,109.8,12.0,4,笹田知宏,54.0,ダ,1230.0,良,80.7,0.2,6-6-8-9,39.6,414.0,7.0,ブレーヴブラッド,13.5
2018100004,ユウバエ,2021/07/15,園田,曇,10,小野ひまわり特別C1,12,5,5,19.3,8.0,9,廣瀬航,54.0,ダ,1230.0,重,82.1,0.9,5-5-7-8,41.0,407.0,4.0,ニコシーナ,
2018100004,ユウバエ,2021/06/03,園田,曇,5,3歳AB,6,3,3,16.5,3.0,6,廣瀬航,54.0,ダ,1230.0,良,81.3,2.0,4-4-4-6,40.4,403.0,3.0,ペルチャン,
2018100004,ユウバエ,2021/04/27,園田,晴,10,3歳AB,8,3,3,25.6,6.0,3,廣瀬航,54.0,ダ,1230.0,良,80.7,1.0,5-5-3-3,39.8,400.0,2.0,ペルチャン,32.5
2018100004,ユウバエ,2021/03/30,姫路,晴,7,3歳A,7,1,1,23.7,5.0,6,廣瀬航,54.0,ダ,1400.0,稍,93.7,1.7,7-7-7-7,39.5,398.0,2.0,エールソングス,
2018100004,ユウバエ,2021/02/17,姫路,晴,9,3歳B,10,5,5,14.7,6.0,1,廣瀬航,54.0,ダ,1400.0,稍,93.9,0.0,2-2-2-1,40.7,396.0,4.0,(トーセンカクジツ),90.0
2018100004,ユウバエ,2021/01/19,姫路,晴,8,3歳B,12,6,8,6.6,4.0,9,杉浦健太,54.0,ダ,1400.0,良,93.4,0.8,1-1-1-2,40.5,392.0,-3.0,シェーンフォレスト,
2018100004,ユウバエ,2020/12/22,園田,晴,5,2歳未勝利一,11,1,1,2.2,1.0,1,廣瀬航,54.0,ダ,1230.0,良,82.4,0.0,3-3-3-2,41.1,395.0,-1.0,(ハングタイム),80.0
2018100004,ユウバエ,2020/12/08,園田,晴,3,2歳未勝利一,10,2,2,2.1,1.0,2,廣瀬航,54.0,ダ,1230.0,良,82.1,0.1,4-4-4-3,40.5,396.0,-4.0,ノルトクリーガー,22.4
2018100004,ユウバエ,2020/10/29,門別,晴,1,2歳牝馬未勝利(未勝利),7,6,6,4.1,3.0,2,石川倭,54.0,ダ,1000.0,不,60.0,0.3,3-3,35.8,400.0,2.0,ドンピシャ,10.0
2018100004,ユウバエ,2020/10/13,門別,曇,3,オータムライト級カッ(未勝利)(2歳),11,2,2,2.2,2.0,3,石川倭,54.0,ダ,1000.0,重,62.4,0.4,6-6,37.4,398.0,0.0,グリンヴァ,7.5
2018100004,ユウバエ,2020/09/29,門別,晴,1,2歳牝馬未勝利(未勝利),11,6,6,9.2,4.0,5,松井伸也,54.0,ダ,1000.0,良,62.1,0.7,4-4,37.6,398.0,-2.0,イヤサカ,2.5
2018100004,ユウバエ,2020/09/10,門別,曇,3,ホクレン「くるるの杜(未勝利)(2歳),10,1,1,8.6,4.0,3,落合玄太,54.0,ダ,1000.0,重,62.0,0.3,5-6,37.6,400.0,4.0,サウスジェラート,7.5
2018100004,ユウバエ,2020/08/27,門別,曇,3,2歳牝馬未勝利(未勝利),11,8,10,7.6,3.0,6,松井伸也,54.0,ダ,1000.0,良,64.9,1.8,5-4,40.3,396.0,-4.0,アウィウィリオ,
2018100004,ユウバエ,2020/08/13,門別,晴,2,2歳牝馬未勝利(未勝利),9,3,3,5.6,4.0,3,松井伸也,54.0,ダ,1000.0,良,62.6,0.6,4-4,37.8,400.0,6.0,クラフェニックス,7.5
2018100004,ユウバエ,2020/07/16,門別,曇,6,JRA認定アタックチ(未勝利)(2歳),9,8,8,16.2,7.0,6,落合玄太,54.0,ダ,1000.0,稍,63.3,1.0,3-2,39.7,394.0,-2.0,ウエディングパーク,
2018100004,ユウバエ,2020/06/17,門別,晴,5,JRA認定アタックチ(未勝利)(2歳),8,4,4,4.3,3.0,4,落合玄太,54.0,ダ,1000.0,良,64.1,2.0,6-4,38.7,396.0,0.0,スマイルキューティ,10.0
2018100004,ユウバエ,2020/05/20,門別,曇,4,JRA認定フレッシュ(新馬)(2歳),12,6,7,35.2,7.0,3,落合玄太,54.0,ダ,1000.0,良,63.0,1.7,4-3,38.7,396.0,0.0,マーサマイディア,30.0
2021104853,サクセスカノン,2026/07/10,園田,晴,3,C3三,10,5,5,103.3,8.0,10,大山真吾,55.0,ダ,1400.0,良,96.0,2.4,7-7-8-10,42.2,441.0,-3.0,アカキチノイレブン,
2021104853,サクセスカノン,2026/06/19,園田,曇,4,C3一,10,8,9,95.1,6.0,10,大山真吾,55.0,ダ,1400.0,良,94.4,2.9,9-9-8-8,41.2,444.0,4.0,レベッカレインボー,
2021104853,サクセスカノン,2026/06/05,園田,曇,3,C3一,10,7,8,45.0,8.0,10,大山真吾,55.0,ダ,1400.0,稍,95.7,1.6,9-9-10-6,40.8,440.0,-11.0,パイラタナー,
2021104853,サクセスカノン,2026/02/03,姫路,晴,7,C2三,10,5,5,53.3,7.0,7,大山真吾,55.0,ダ,1400.0,良,97.6,1.9,7-6-6-6,42.5,451.0,1.0,レイチェルペガサス,
2021104853,サクセスカノン,2026/01/15,園田,晴,6,C2二,10,7,7,70.9,9.0,6,大山真吾,55.0,ダ,1400.0,良,93.8,0.9,9-9-8-7,40.8,450.0,2.0,エアザキントス,
2021104853,サクセスカノン,2025/12/24,園田,曇,3,C2三,10,1,1,75.2,10.0,7,大山真吾,55.0,ダ,1400.0,不,94.5,1.6,9-10-9-7,39.9,448.0,-4.0,ヴラマンク,
2021104853,サクセスカノン,2025/12/09,園田,晴,4,寒月パカ・ズィーク7(C2),10,6,6,82.1,7.0,7,大山真吾,55.0,ダ,1400.0,良,95.0,2.5,8-8-6-6,41.5,452.0,2.0,メイショウコトダマ,
2021104853,サクセスカノン,2025/11/19,園田,曇,2,C3三,10,7,8,2.5,2.0,1,大山真吾,55.0,ダ,1400.0,良,95.5,-0.3,7-7-5-5,41.4,450.0,0.0,(シシ),60.0
2021104853,サクセスカノン,2025/10/30,園田,晴,5,下来住町7ハロンC3,10,4,4,52.2,6.0,7,大山真吾,55.0,ダ,1400.0,良,94.2,0.9,5-5-6-3,41.0,450.0,-11.0,グローリーワン,
2021104853,サクセスカノン,2025/10/17,園田,晴,6,C3一,10,2,2,45.7,6.0,6,大山真吾,55.0,ダ,1400.0,良,94.7,1.1,8-7-8-6,40.3,461.0,18.0,ギルトエッジ,
2021104853,サクセスカノン,2025/06/27,園田,晴,8,ダリア賞C2二,7,7,7,2.8,1.0,6,田野豊三,55.0,ダ,1400.0,稍,95.2,1.1,4-5-5-5,42.5,443.0,2.0,オノマトペ,
2021104853,サクセスカノン,2025/06/12,園田,曇,7,C2三,10,1,1,9.1,3.0,5,米玉利燕,52.0,ダ,1400.0,重,95.1,1.2,10-10-3-3,41.6,441.0,0.0,ワンダービジブル,7.0
2021104853,サクセスカノン,2025/05/22,園田,曇,1,C3二,12,5,6,2.3,1.0,1,田野豊三,55.0,ダ,1400.0,稍,94.8,-0.1,7-7-5-2,40.1,441.0,7.0,(メイショウマタベエ),60.0
2021104853,サクセスカノン,2025/04/29,園田,晴,2,C3一,10,4,4,40.0,5.0,3,田野豊三,55.0,ダ,1400.0,稍,94.6,0.3,7-7-7-5,40.8,434.0,-10.0,シンゼンハチマン,15.0
2021104853,サクセスカノン,2025/01/08,園田,曇,9,C2二,9,3,3,14.0,4.0,7,廣瀬航,54.0,ダ,1230.0,稍,86.5,2.7,7-6-5-5,42.2,444.0,7.0,ベントディパーチェ,
2021104853,サクセスカノン,2024/12/25,園田,晴,9,C2,12,8,11,12.6,5.0,7,吉村智洋,54.0,ダ,1230.0,良,82.5,2.6,11-11-10-8,40.6,437.0,-7.0,ミニマルデザイン,
2021104853,サクセスカノン,2024/12/05,園田,晴,5,有年7ハロンC2二,12,2,2,18.7,4.0,4,吉村智洋,54.0,ダ,1400.0,良,94.6,1.1,7-6-4-3,41.8,444.0,6.0,シャドフ,10.5
2021104853,サクセスカノン,2024/11/13,園田,晴,4,八社宮7ハロンC2二,10,4,4,117.6,7.0,5,田野豊三,54.0,ダ,1400.0,良,94.3,0.7,6-6-6-5,40.1,438.0,-2.0,カーロアヴァンティ,7.0
2021104853,サクセスカノン,2024/10/25,園田,晴,9,C2二,9,8,9,10.2,4.0,8,田野豊三,54.0,ダ,1230.0,良,83.2,1.2,5-4-4-5,42.2,440.0,20.0,ヒマリン,
2021104853,サクセスカノン,2024/09/01,2中京8,曇,8,3歳以上1勝クラス,18,7,15,188.0,15.0,8,亀田温心,53.0,芝,1400.0,重,81.9,0.7,18-17,34.3,420.0,-4.0,ジュンヴァンケット,
2021104853,サクセスカノン,2024/07/21,3小倉8,晴,2,3歳未勝利,18,6,11,13.9,6.0,9,和田竜二,55.0,芝,1200.0,良,69.9,1.2,6-6,35.8,424.0,0.0,ソングオブライフ,
2021104853,サクセスカノン,2024/07/13,3小倉5,曇,3,3歳未勝利,18,7,14,5.7,3.0,3,松若風馬,55.0,芝,1200.0,良,69.4,0.5,13-9,35.2,424.0,0.0,エイシンオニキス,140.0
2021104853,サクセスカノン,2024/06/29,3小倉1,曇,3,3歳未勝利,18,7,15,57.5,10.0,3,松若風馬,55.0,芝,1200.0,良,68.5,0.0,14-13,34.4,424.0,0.0,ブルボンクイーン,140.0
2021104853,サクセスカノン,2024/03/23,2阪神1,雨,3,3歳未勝利,16,7,13,97.7,10.0,16,池添謙一,55.0,ダ,1400.0,不,87.3,4.2,15-15,38.6,424.0,-6.0,ルディック,
2021104853,サクセスカノン,2023/12/02,5阪神1,晴,3,2歳未勝利,10,6,6,86.8,8.0,8,池添謙一,55.0,芝,1600.0,良,95.2,1.0,7-7,34.7,430.0,2.0,ルミッキ,
2021104853,サクセスカノン,2023/11/19,3京都6,晴,3,2歳未勝利,12,1,1,7.4,4.0,10,池添謙一,55.0,芝,1800.0,稍,110.6,1.6,3-4,37.0,428.0,8.0,サンセットビュー,
2021104853,サクセスカノン,2023/09/18,4阪神5,晴,2,2歳未勝利,10,1,1,18.3,5.0,3,亀田温心,55.0,芝,1600.0,良,93.8,0.5,5-5,34.7,420.0,-6.0,フルレゾン,140.0
2021104853,サクセスカノン,2023/09/03,2札幌8,晴,1,2歳未勝利,11,7,9,4.4,3.0,4,亀田温心,55.0,芝,1500.0,良,91.5,0.7,4-3-4,36.6,426.0,4.0,ラーンザロープス,83.0
2021104853,サクセスカノン,2023/08/27,2札幌6,曇,1,2歳未勝利,9,7,7,4.4,2.0,2,池添謙一,55.0,芝,1500.0,良,90.3,0.4,6-2-2,35.8,422.0,-4.0,クイックバイオ,220.0
2021104853,サクセスカノン,2023/07/16,2函館6,曇,1,2歳未勝利,16,4,7,9.1,4.0,6,池添謙一,55.0,芝,1200.0,稍,72.9,0.7,10-10,36.2,426.0,2.0,ピコサン,
2021104853,サクセスカノン,2023/07/01,2函館1,晴,5,2歳新馬,6,1,1,5.7,3.0,2,亀田温心,55.0,芝,1200.0,稍,72.3,0.1,3-2,35.9,424.0,0.0,ルージュレベッカ,290.0
2021104608,スマートクイーン,2026/07/02,園田,曇,1,C3二,10,2,2,6.6,3.0,2,山本屋太,55.0,ダ,1400.0,不,94.0,0.5,1-1-1-1,41.5,442.0,-2.0,グランテミス,24.0
2021104608,スマートクイーン,2026/06/17,園田,晴,1,C3二,10,3,3,130.4,8.0,6,山本屋太,55.0,ダ,1400.0,良,94.4,1.0,3-3-5-5,40.7,444.0,0.0,テクノエクスプレス,
2021104608,スマートクイーン,2026/06/04,園田,曇,2,C3二,10,4,4,211.6,10.0,5,山本屋太,55.0,ダ,1400.0,稍,95.4,2.0,4-4-4-4,42.8,444.0,-8.0,アグネスサンキ,6.0
2021104608,スマートクイーン,2026/05/20,園田,曇,2,C3二,10,7,8,139.3,10.0,7,山本屋太,55.0,ダ,1400.0,良,95.5,2.1,3-3-6-8,42.1,452.0,-6.0,ヤマニンラベーラ,
2021104608,スマートクイーン,2026/05/04,園田,晴,6,C3一,6,1,1,54.5,6.0,5,山本屋太,55.0,ダ,1400.0,重,97.6,2.6,3-3-3-4,43.2,458.0,-1.0,カレンパンピナップ,6.0
2021104608,スマートクイーン,2026/04/07,園田,曇,2,C3一,10,8,9,193.8,10.0,10,山本屋太,55.0,ダ,1400.0,稍,96.9,3.3,4-6-9-9,42.8,459.0,2.0,メイショウフィガロ,
2021104608,スマートクイーン,2026/03/24,園田,晴,6,C3一,10,8,10,452.8,10.0,9,山本屋太,55.0,ダ,1400.0,稍,96.2,2.5,9-10-9-10,41.5,457.0,-1.0,メイショウコトダマ,
2021104608,スマートクイーン,2026/03/10,姫路,晴,2,C3一,10,3,3,237.0,10.0,10,山本屋太,55.0,ダ,1400.0,良,98.9,2.6,4-5-10-10,42.1,458.0,3.0,アメリカンタロー,
2021104608,スマートクイーン,2026/02/18,姫路,晴,5,加古川市のウェルピー(C2),10,1,1,184.9,6.0,8,山本屋太,55.0,ダ,1400.0,良,99.1,3.8,4-4-9-9,43.5,455.0,-2.0,メイショウテンテン,
2021104608,スマートクイーン,2026/02/03,姫路,晴,7,C2三,10,2,2,118.7,9.0,9,石堂響,55.0,ダ,1400.0,良,97.9,2.2,4-4-5-5,43.4,457.0,2.0,レイチェルペガサス,
2021104608,スマートクイーン,2026/01/13,園田,曇,5,いなぼう☆来場記念C(C2),10,6,6,124.8,10.0,7,山本屋太,55.0,ダ,1400.0,良,94.0,1.4,9-9-10-9,40.7,455.0,-1.0,メテオレーナ,
2021104608,スマートクイーン,2025/12/29,園田,晴,12,C2,12,8,12,67.5,9.0,7,大柿一真,55.0,ダ,820.0,稍,52.2,1.0,5-6,37.7,456.0,2.0,デュアルタスク,
2021104608,スマートクイーン,2025/12/10,園田,晴,6,C2三,10,4,4,20.5,6.0,8,山本屋太,55.0,ダ,1400.0,良,95.5,2.1,5-5-8-8,42.0,454.0,-7.0,ビロウィダダ,
2021104608,スマートクイーン,2025/11/18,園田,曇,1,C3三,10,8,9,8.3,3.0,1,山本屋太,55.0,ダ,1400.0,良,95.2,-0.6,2-2-1-1,40.9,461.0,-5.0,(カムフラージュ),60.0
2021104608,スマートクイーン,2025/11/04,園田,晴,3,C3二,10,7,8,87.5,8.0,3,山本屋太,55.0,ダ,1400.0,稍,95.3,0.3,2-2-2-2,41.4,466.0,2.0,グランロゼ,15.0
2021104608,スマートクイーン,2025/10/15,園田,曇,1,C3二,10,2,2,56.6,7.0,3,山本屋太,55.0,ダ,1400.0,良,95.3,1.2,2-2-1-2,42.4,464.0,-5.0,アイサマン,15.0
2021104608,スマートクイーン,2025/09/26,園田,曇,2,C3三,9,8,9,12.4,4.0,8,山本屋太,54.0,ダ,1400.0,稍,95.5,1.3,7-7-8-8,40.9,469.0,6.0,ベアメイフェザー,
2021104608,スマートクイーン,2025/09/10,園田,曇,5,パカやろう!白露に駆(C3),12,6,8,200.0,10.0,8,山本屋太,54.0,ダ,820.0,良,52.7,1.2,9-9,37.8,463.0,-6.0,キラキラリ,
2021104608,スマートクイーン,2025/08/28,園田,晴,1,来年もそのだサマー競(C3),11,6,6,21.4,6.0,6,佐々木世,53.0,ダ,820.0,良,52.9,1.6,6-7,38.3,469.0,6.0,クリノニーナ,
2021104608,スマートクイーン,2025/08/07,園田,曇,1,廻渕ダッシュC3二,9,7,8,15.6,6.0,4,土方颯太,54.0,ダ,820.0,良,53.0,0.6,1-2,38.5,463.0,12.0,スマートエミネンス,9.0
2021104608,スマートクイーン,2025/07/17,園田,雨,1,春哉ダッシュC3二,12,6,7,35.7,6.0,10,米玉利燕,52.0,ダ,820.0,不,52.7,1.2,10-10,37.4,451.0,2.0,アスクサステナブル,
2021104608,スマートクイーン,2025/06/18,園田,晴,3,C3一,10,5,5,106.6,10.0,9,新庄海誠,54.0,ダ,1400.0,良,98.4,4.8,5-5-8-9,45.6,449.0,-7.0,コレギウム,
2021104608,スマートクイーン,2024/12/26,園田,晴,6,C2三,12,7,9,231.4,11.0,9,永井孝典,54.0,ダ,1400.0,良,96.3,3.6,7-7-8-8,43.4,456.0,-4.0,ステイチューンド,
2021104608,スマートクイーン,2024/12/12,園田,晴,6,2024YJSファイ(C2),11,4,4,48.5,8.0,10,石田拓郎,54.0,ダ,1400.0,良,95.8,3.0,4-4-8-8,42.1,460.0,3.0,ラディアントホース,
2021104608,スマートクイーン,2024/11/28,園田,晴,6,C2二,10,8,9,68.6,8.0,9,永井孝典,54.0,ダ,1400.0,重,97.1,3.8,6-8-9-9,43.4,457.0,-1.0,フセノスイショウ,
2021104608,スマートクイーン,2024/11/13,園田,晴,1,C3二,10,1,1,3.8,2.0,1,永井孝典,54.0,ダ,1400.0,良,95.1,-0.3,1-1-1-1,41.4,458.0,-3.0,(ブレッシングアイル),56.0
2021104608,スマートクイーン,2024/10/30,園田,晴,1,C3二,10,2,2,6.8,3.0,6,永井孝典,54.0,ダ,1400.0,不,96.6,2.2,4-4-5-5,42.9,461.0,-4.0,アポロファントム,
2021104608,スマートクイーン,2024/10/17,園田,晴,1,C3二,10,7,8,7.3,2.0,3,永井孝典,54.0,ダ,1400.0,良,94.5,3.2,3-3-2-2,42.1,465.0,2.0,サンピアノソナタ,11.2
2021104608,スマートクイーン,2024/09/26,園田,晴,1,C3三,10,8,9,5.2,2.0,4,永井孝典,54.0,ダ,1400.0,良,95.1,0.7,2-2-2-2,42.3,463.0,2.0,ヒーローオブチグサ,8.4
2021104608,スマートクイーン,2024/09/06,園田,晴,1,C3二,10,2,2,21.8,4.0,3,永井孝典,54.0,ダ,1400.0,良,94.3,1.3,4-3-4-3,40.9,461.0,0.0,アスクヴレーヴモア,11.2
2021104608,スマートクイーン,2024/08/23,園田,晴,1,C3四,8,7,7,4.2,2.0,2,永井孝典,54.0,ダ,1400.0,良,96.5,1.9,2-2-2-2,43.2,461.0,5.0,ラブコ,19.6
2021104608,スマートクイーン,2024/08/09,園田,晴,1,C3三,9,6,6,8.6,4.0,3,永井孝典,54.0,ダ,1400.0,良,96.8,1.5,2-2-2-2,41.5,456.0,6.0,アタカマリン,11.2
2021104608,スマートクイーン,2024/07/24,園田,曇,2,JULYダッシュC3,12,8,12,3.0,1.0,5,永井孝典,54.0,ダ,820.0,良,53.1,0.9,3-3,38.3,450.0,-4.0,ガミラスソロモン,5.6
2021104608,スマートクイーン,2024/07/05,園田,晴,7,3歳C1C2リミテッ,12,6,8,43.3,6.0,10,永井孝典,54.0,ダ,820.0,良,53.8,1.7,10-11,38.6,454.0,0.0,テイルヴィーナス,
2021104608,スマートクイーン,2024/06/14,園田,晴,8,3歳C1C2,12,8,12,52.8,7.0,7,永井孝典,54.0,ダ,820.0,良,52.3,1.0,6-6,37.7,454.0,2.0,バタフライロック,
2021104608,スマートクイーン,2023/12/12,園田,雨,2,2歳初出走,7,7,7,32.4,5.0,6,永井孝典,54.0,ダ,1400.0,重,97.4,4.2,3-3-4-5,43.1,452.0,0.0,クライムエンジェル,
2021104396,ムーンセット,2026/06/18,園田,晴,5,神影7ハロンC2二,12,5,6,225.6,10.0,10,杉浦健太,55.0,ダ,1400.0,良,94.6,2.2,4-3-6-5,40.7,446.0,0.0,コスモカピタン,
2021104396,ムーンセット,2026/06/03,園田,晴,7,C2二,10,7,8,56.9,7.0,5,渡瀬和幸,55.0,ダ,1400.0,重,95.8,1.2,1-1-2-3,42.7,446.0,-1.0,スマートイザナミ,7.0
2021104396,ムーンセット,2026/05/13,園田,曇,4,県守7ハロンC2二,10,8,10,93.0,10.0,7,杉浦健太,55.0,ダ,1400.0,良,94.6,1.9,1-1-1-2,42.2,447.0,-2.0,クリムゾンレッド,
2021104396,ムーンセット,2026/04/22,園田,晴,1,C2三,12,3,3,42.6,10.0,6,杉浦健太,55.0,ダ,1400.0,良,94.0,0.8,1-1-1-2,41.0,449.0,-1.0,マインドユアリズム,
2021104396,ムーンセット,2026/03/31,園田,曇,1,C3二,10,8,10,5.6,2.0,1,杉浦健太,55.0,ダ,1400.0,稍,95.9,-0.2,3-3-2-1,40.8,450.0,-1.0,(トキノケリー),60.0
2021104396,ムーンセット,2026/03/10,姫路,晴,5,惣門町ダッシュC3二,12,8,11,40.5,8.0,7,杉浦健太,53.0,ダ,800.0,良,53.3,1.3,9-11,38.8,451.0,0.0,オーシンキャンディ,
2021104396,ムーンセット,2026/02/18,姫路,晴,3,C3二,11,6,8,62.2,7.0,7,渡瀬和幸,55.0,ダ,800.0,良,52.9,1.0,4-5,38.8,451.0,-2.0,ソッフィオーネ,
2021104396,ムーンセット,2026/01/28,姫路,晴,5,逸話に残る一戦賞C3,10,6,6,71.3,9.0,8,杉浦健太,55.0,ダ,800.0,良,53.4,1.0,5-5,39.1,453.0,6.0,センテッドジュエル,
2021104396,ムーンセット,2026/01/02,園田,晴,1,C3三,12,3,3,63.3,5.0,12,渡瀬和幸,55.0,ダ,1400.0,良,98.7,4.3,4-4-9-11,45.2,447.0,-1.0,トゥルーナイト,
2021104396,ムーンセット,2025/12/18,園田,晴,1,C3三,10,8,9,29.8,5.0,10,渡瀬和幸,55.0,ダ,1400.0,良,97.3,2.0,2-2-3-5,43.7,448.0,8.0,エナモーニン,
2021104396,ムーンセット,2025/12/02,園田,晴,5,パカっと駆けろ!ディ(C3),12,1,1,71.1,8.0,8,渡瀬和幸,55.0,ダ,820.0,良,53.0,0.8,4-3,38.4,440.0,-5.0,ホクザンシュシュ,
2021104396,ムーンセット,2025/09/03,園田,晴,5,パカっと駆けろ!セプ(C3),12,7,10,145.6,9.0,7,米玉利燕,52.0,ダ,820.0,良,52.3,1.3,9-9,37.5,445.0,-4.0,テクノエクスプレス,
2021104396,ムーンセット,2025/08/07,園田,曇,1,廻渕ダッシュC3二,9,4,4,5.6,4.0,5,米玉利燕,52.0,ダ,820.0,良,53.1,0.7,5-5,38.6,449.0,3.0,スマートエミネンス,6.0
2021104396,ムーンセット,2025/07/16,園田,曇,2,乃井野7ハロンC3三,10,7,8,4.6,3.0,7,米玉利燕,52.0,ダ,1400.0,重,96.2,0.9,3-2-2-3,43.1,446.0,2.0,マジェンカ,
2021104396,ムーンセット,2025/06/26,園田,曇,1,真宗7ハロンC3二,12,1,1,5.8,2.0,5,高橋愛叶,53.0,ダ,1400.0,重,96.3,0.8,4-4-4-4,42.8,444.0,-3.0,ワンダーアウメント,6.0
2021104396,ムーンセット,2025/06/06,園田,晴,1,C3三,11,8,10,11.0,5.0,3,高橋愛叶,53.0,ダ,1400.0,良,95.7,0.7,6-6-6-5,42.3,447.0,-3.0,メイショウイッシン,15.0
2021104396,ムーンセット,2025/05/08,園田,晴,1,C3三,10,6,6,6.7,5.0,4,高橋愛叶,52.0,ダ,1400.0,稍,96.6,2.0,1-2-3-3,43.8,450.0,0.0,グランテミス,9.0
2021104396,ムーンセット,2025/04/15,園田,曇,3,C3三,11,3,3,41.1,7.0,7,高橋愛叶,52.0,ダ,1400.0,稍,98.1,2.5,3-3-6-5,44.2,450.0,2.0,ヴィクトリーナイト,
2021104396,ムーンセット,2025/03/27,園田,晴,3,C3二,9,1,1,58.8,7.0,8,高橋愛叶,51.0,ダ,1400.0,良,96.7,3.0,1-1-3-4,43.0,448.0,2.0,グリーナリー,
2021104396,ムーンセット,2025/03/05,姫路,雨,1,C3四,8,8,8,2.4,1.0,2,高橋愛叶,51.0,ダ,1400.0,不,97.0,0.6,1-1-1-1,42.7,446.0,-5.0,セブリンブリーズ,19.6
2021104396,ムーンセット,2025/02/11,姫路,晴,1,C3三,12,7,9,50.0,8.0,7,松木大地,54.0,ダ,1400.0,良,96.8,1.5,12-11-8-6,41.4,451.0,-2.0,ユナブライト,
2021104396,ムーンセット,2025/01/21,姫路,晴,4,姫路競馬でドキドキ!(C3),10,1,1,167.1,10.0,10,松木大地,54.0,ダ,800.0,良,53.3,2.1,9-9,38.5,453.0,3.0,ワールドペコ,
2021104396,ムーンセット,2024/12/29,園田,晴,5,SKE48太田彩夏☆(C3),10,8,10,187.5,9.0,10,渡瀬和幸,54.0,ダ,1400.0,良,99.3,4.8,2-2-7-9,45.6,450.0,-4.0,ヨシノリッキー,
2021104396,ムーンセット,2024/12/12,園田,晴,4,杭全7ハロンC3一,12,3,3,383.9,11.0,11,渡瀬和幸,54.0,ダ,1400.0,良,95.3,2.3,7-7-10-11,42.7,454.0,4.0,スターダストレイン,
2021104396,ムーンセット,2024/11/19,園田,曇,1,C3三,12,6,7,115.2,7.0,2,渡瀬和幸,54.0,ダ,1400.0,稍,95.9,1.7,5-5-7-4,40.5,450.0,8.0,メイショウコウシ,19.6
2021104396,ムーンセット,2024/10/30,園田,晴,5,不撓不屈ダッシュC3,12,5,5,26.5,6.0,10,渡瀬和幸,55.0,ダ,820.0,不,54.1,1.9,11-10,38.5,442.0,-2.0,ヘルミオーネ,
2021104396,ムーンセット,2024/10/09,園田,晴,5,ほほえみいっぱいスプ(C3),10,1,1,71.6,7.0,8,渡瀬和幸,54.0,ダ,1230.0,重,85.4,2.5,7-6-9-7,42.4,444.0,-2.0,チャウチャウチャウ,
2021104396,ムーンセット,2024/09/20,園田,晴,6,C3一,12,8,12,48.5,8.0,10,大山真吾,54.0,ダ,820.0,良,52.8,1.5,11-11,37.7,446.0,6.0,ミヤビアーク,
2021104396,ムーンセット,2024/09/04,園田,晴,6,C2二,12,5,5,252.6,12.0,11,渡瀬和幸,54.0,ダ,1400.0,良,97.2,4.6,3-3-8-11,45.1,440.0,-3.0,グランドフォレスト,
2021104396,ムーンセット,2024/08/23,園田,晴,8,C2二,8,2,2,26.6,7.0,6,渡瀬和幸,54.0,ダ,1400.0,良,95.1,2.0,3-3-6-7,42.3,443.0,11.0,スマートカナートス,
2021104396,ムーンセット,2024/07/20,3小倉7,曇,2,3歳未勝利,16,4,8,274.3,15.0,12,角田大和,54.0,芝,1800.0,稍,110.6,1.7,15-15-15-14,38.0,432.0,-10.0,ナムライリス,
2021104396,ムーンセット,2024/06/08,4京都3,晴,4,3歳未勝利,18,7,13,224.4,16.0,16,西塚洸二,53.0,芝,1200.0,良,70.2,1.5,13-14,35.2,442.0,8.0,ドランクマン,
2021104396,ムーンセット,2024/03/10,1阪神6,晴,2,3歳未勝利,16,2,3,64.0,11.0,16,吉村誠之,52.0,ダ,1200.0,良,77.7,3.5,9-13,41.0,434.0,-4.0,ジェニファー,
2021104396,ムーンセット,2024/03/02,2小倉7,晴,2,3歳未勝利,18,5,10,70.4,10.0,9,吉村誠之,52.0,芝,1200.0,稍,71.6,1.3,5-6,36.6,438.0,-4.0,ゴーインマイウェイ,
2021104396,ムーンセット,2024/02/11,2小倉2,晴,6,3歳未勝利,18,2,3,29.6,11.0,5,永島まな,52.0,芝,1200.0,良,69.7,0.8,9-7,34.6,442.0,-2.0,セイウンティーダ,55.0
2021104396,ムーンセット,2023/12/28,5阪神9,晴,2,2歳未勝利,14,4,5,79.0,9.0,6,松若風馬,55.0,芝,1200.0,良,70.6,0.7,8-8,34.9,444.0,8.0,イリスアスール,
2021104396,ムーンセット,2023/11/04,3京都1,晴,3,2歳未勝利,13,5,6,127.3,10.0,10,和田竜二,55.0,芝,1600.0,良,95.0,1.7,5-5,36.1,436.0,-6.0,イフェイオン,
2021104396,ムーンセット,2023/10/21,2京都6,曇,4,2歳新馬,18,3,6,161.2,17.0,9,和田竜二,55.0,芝,1400.0,良,83.7,1.4,17-14,34.9,442.0,0.0,ケーブパール,
2019109145,ジュンオーズ,2026/07/17,園田,晴,6,C3一,10,8,10,8.6,3.0,3,大山真吾,57.0,ダ,1400.0,良,91.8,0.8,3-3-2-3,39.4,451.0,5.0,モモロイヤル,15.0
2019109145,ジュンオーズ,2026/06/25,佐賀,雨,5,JRA交流大隅特別,10,6,6,11.3,4.0,4,大山真吾,56.0,ダ,1400.0,不,90.2,1.5,8-8-9-6,40.3,446.0,-8.0,ヒマワリクン,75.0
2019109145,ジュンオーズ,2026/05/27,園田,雨,3,C3一,10,2,2,2.7,2.0,3,田野豊三,57.0,ダ,1400.0,良,93.6,0.8,3-3-4-4,39.7,454.0,-3.0,チョッパスニー,15.0
2019109145,ジュンオーズ,2026/05/14,園田,晴,8,C3一,9,7,7,2.9,2.0,2,田野豊三,57.0,ダ,1400.0,良,93.8,0.0,6-5-4-3,40.5,457.0,-4.0,ワーキングアセット,24.0
2019109145,ジュンオーズ,2026/04/21,園田,晴,9,C2,7,7,7,83.8,6.0,7,田野豊三,57.0,ダ,1870.0,良,130.3,4.9,6-6-6-7,45.4,461.0,4.0,リポジノ,
2019109145,ジュンオーズ,2026/04/08,園田,晴,5,黍田町8.5ハロンC(C3),12,7,9,3.6,2.0,3,田野豊三,57.0,ダ,1700.0,良,116.8,0.5,1-1-1-1,40.8,457.0,0.0,ザタイムズ,15.0
2019109145,ジュンオーズ,2026/03/18,園田,曇,2,C3一,10,2,2,1.2,1.0,5,田野豊三,57.0,ダ,1400.0,良,95.0,0.8,4-3-6-5,40.5,457.0,3.0,スーパークール,6.0
2019109145,ジュンオーズ,2025/12/07,佐賀,曇,5,九州産グランプリ(重賞),12,2,2,10.0,5.0,4,大山真吾,56.0,ダ,1800.0,良,120.1,1.6,7-6-6-5,39.1,454.0,0.0,ベルウッドウズメ,75.0
2019109145,ジュンオーズ,2025/11/11,園田,晴,9,第1回エクスペリエン(C2),10,7,7,3.4,1.0,1,大山龍太,57.0,ダ,1400.0,稍,93.8,0.0,5-5-5-5,40.5,454.0,2.0,(ワイドオルデン),70.0
2019109145,ジュンオーズ,2025/10/16,園田,曇,10,YJSトライアルラウ(C2),12,4,4,8.9,4.0,3,鷲頭虎太,57.0,ダ,1400.0,良,92.8,0.7,7-7-6-4,39.0,452.0,1.0,ベラジオガルフ,25.0
2019109145,ジュンオーズ,2025/09/18,園田,曇,9,C2一,8,6,6,26.0,5.0,3,大山龍太,57.0,ダ,1400.0,良,92.6,0.3,7-7-5-3,39.4,451.0,2.0,ノリウッドテール,17.5
2019109145,ジュンオーズ,2025/08/21,園田,晴,9,C2二,10,8,10,3.3,1.0,3,下原理,57.0,ダ,1400.0,良,93.1,0.8,6-6-6-5,40.9,449.0,-2.0,クツワノセキトリ,17.5
2019109145,ジュンオーズ,2025/07/24,園田,晴,5,C2二,10,3,3,13.3,5.0,2,大山龍太,57.0,ダ,1400.0,良,92.8,0.0,5-5-4-4,39.7,451.0,-2.0,アンフィニレイス,28.0
2019109145,ジュンオーズ,2025/06/25,園田,曇,5,C3,6,1,1,2.2,1.0,1,大山龍太,57.0,ダ,1700.0,稍,119.5,-0.1,3-3-3-1,41.3,453.0,-3.0,(メイショウガイフウ),60.0
2019109145,ジュンオーズ,2025/05/29,園田,曇,3,C3,9,8,8,8.6,4.0,4,大山龍太,57.0,ダ,1700.0,良,118.4,0.3,6-6-4-4,40.0,456.0,0.0,オレノスゴワザ,9.0
2019109145,ジュンオーズ,2025/05/14,園田,晴,6,C3一,9,1,1,5.3,3.0,7,大山龍太,57.0,ダ,1400.0,良,95.3,0.9,7-7-8-9,40.7,456.0,-2.0,バックシュート,
2019109145,ジュンオーズ,2025/04/23,園田,曇,4,槻並7ハロンC3一,12,6,8,6.1,4.0,3,大山龍太,57.0,ダ,1400.0,重,93.9,1.2,7-7-6-7,40.9,458.0,0.0,テーオースミス,15.0
2019109145,ジュンオーズ,2025/04/03,園田,晴,2,C3一,12,2,2,21.9,6.0,3,大山龍太,57.0,ダ,1400.0,良,93.1,0.0,11-11-9-8,39.6,458.0,10.0,インジェクション,15.0
2019109145,ジュンオーズ,2025/03/13,園田,曇,7,C2一,12,5,6,77.0,11.0,4,長谷部駿,56.0,ダ,1400.0,稍,94.3,0.8,8-7-8-6,40.5,448.0,-5.0,キクノルタ,10.5
2019109145,ジュンオーズ,2025/02/26,姫路,晴,8,C2一,8,4,4,179.0,8.0,7,永井孝典,56.0,ダ,1400.0,良,95.1,1.4,5-5-7-7,40.4,453.0,-6.0,ダイゴリュウジン,
2019109145,ジュンオーズ,2025/01/29,姫路,晴,5,蓼野町9ハロンC2,12,8,11,120.3,10.0,11,竹村達也,56.0,ダ,1800.0,良,126.9,1.4,5-6-9-11,41.0,459.0,2.0,チェリーロマンス,
2019109145,ジュンオーズ,2025/01/16,園田,晴,12,スイセン賞C1,12,5,6,368.6,12.0,11,竹村達也,56.0,ダ,1230.0,良,82.6,2.3,5-4-5-4,42.0,457.0,-3.0,モズマサニャン,
2019109145,ジュンオーズ,2024/12/25,園田,晴,12,プリンセチア賞C1,12,7,9,76.4,9.0,12,鴨宮祥行,56.0,ダ,1230.0,良,82.8,2.0,2-2-4-5,40.9,460.0,-2.0,モズマサニャン,
2019109145,ジュンオーズ,2024/12/03,園田,晴,8,C1二,9,8,8,86.2,6.0,8,廣瀬航,56.0,ダ,1400.0,稍,94.6,2.0,1-1-1-2,42.1,462.0,-3.0,ダイシンバースディ,
2019109145,ジュンオーズ,2023/11/18,佐賀,曇,10,ノベンバー特選(C1),11,1,1,35.2,8.0,2,竹吉徹,56.0,ダ,1750.0,不,115.8,0.5,5-5-5-3,39.0,465.0,6.0,ビービーモノローグ,17.6
2019109145,ジュンオーズ,2023/10/29,佐賀,晴,6,玄冬賞(C1),10,7,8,3.8,2.0,3,山口勲,56.0,ダ,1400.0,良,91.6,0.7,4-3-3-3,39.5,459.0,-1.0,キタカラキタオペラ,6.7
2019109145,ジュンオーズ,2023/10/14,佐賀,曇,9,はくちょう座特選(C2),12,5,6,12.2,4.0,2,山口勲,56.0,ダ,1400.0,良,91.6,0.4,8-7-4-2,39.8,460.0,3.0,ストロングカレント,14.4
2019109145,ジュンオーズ,2023/09/23,佐賀,曇,6,C1ー9組,9,5,5,4.7,3.0,2,出水拓人,56.0,ダ,1400.0,不,91.8,0.1,8-8-5-4,39.7,457.0,6.0,コンフィテオール,11.8
2019109145,ジュンオーズ,2023/09/03,佐賀,晴,3,C1ー9組,8,5,5,4.1,3.0,4,出水拓人,56.0,ダ,1400.0,良,92.8,1.1,4-5-3-2,42.0,451.0,-5.0,ソルパシオン,4.4
2019109145,ジュンオーズ,2023/08/20,佐賀,晴,9,シガリズムで旅しよう(C1),11,8,11,2.4,1.0,6,出水拓人,56.0,ダ,1400.0,良,93.7,2.1,3-3-3-5,42.5,456.0,14.0,リアンスカイ,
2019109145,ジュンオーズ,2022/12/22,浦和,曇,5,特選(3歳),10,7,8,1.3,1.0,1,秋元耕成,56.0,ダ,1500.0,不,96.7,-0.2,4-4-3-1,38.6,442.0,7.0,(ミミコチャン),140.0
2019109145,ジュンオーズ,2022/11/22,浦和,晴,3,3歳三,11,8,12,18.1,6.0,2,秋元耕成,56.0,ダ,1400.0,稍,90.5,0.1,3-3-4-3,39.9,435.0,-6.0,インゲニウム,45.5
2019109145,ジュンオーズ,2022/09/10,佐賀,晴,3,佐賀競馬移転開設50(3歳),9,4,4,1.2,1.0,3,山口勲,56.0,ダ,1300.0,良,85.2,1.3,6-4-4-3,38.8,441.0,2.0,フラスティー,6.7
2019109145,ジュンオーズ,2022/08/07,佐賀,晴,3,G1ダイヤモンドレー(3歳),10,1,1,7.8,3.0,1,山口勲,56.0,ダ,1400.0,重,92.0,-0.6,9-8-6-4,39.2,439.0,3.0,(クラウンアポロン),37.0
2019109145,ジュンオーズ,2022/07/15,佐賀,曇,5,佐賀競馬移転開設50(3歳),10,7,8,1.6,1.0,1,山口勲,56.0,ダ,1300.0,稍,85.8,0.0,8-8-2-1,39.0,436.0,-2.0,(キタノダロマ),37.0
2019109145,ジュンオーズ,2022/06/04,3東京1,晴,6,3歳未勝利,16,7,14,139.1,11.0,11,大庭和弥,56.0,ダ,1300.0,良,80.8,1.8,11-7,37.2,438.0,2.0,オーロラアーク,
2019109145,ジュンオーズ,2022/05/07,2東京5,曇,2,3歳未勝利,16,3,6,144.0,11.0,8,大庭和弥,56.0,ダ,1300.0,良,80.5,0.7,9-10,37.3,436.0,0.0,クラウンシューター,
2019109145,ジュンオーズ,2022/04/09,3中山5,晴,6,3歳未勝利,16,8,16,138.9,13.0,7,大庭和弥,56.0,ダ,1200.0,良,74.4,1.2,11-10,37.9,436.0,2.0,シルバーキングダム,
2019109145,ジュンオーズ,2022/02/05,1東京3,晴,3,3歳未勝利,16,4,7,239.3,13.0,13,大庭和弥,56.0,ダ,1600.0,良,101.6,2.3,4-5,39.4,434.0,0.0,ドンレパルス,
2019109145,ジュンオーズ,2021/12/26,5中山8,晴,1,2歳未勝利,16,4,8,101.1,9.0,8,大庭和弥,55.0,ダ,1200.0,良,73.8,2.1,11-9,38.9,434.0,0.0,セイウンシデン,
2019109145,ジュンオーズ,2021/12/04,5中山1,晴,1,2歳未勝利,16,7,14,365.0,15.0,5,大庭和弥,55.0,ダ,1200.0,稍,73.7,1.3,13-12,38.2,434.0,0.0,カリュウ,51.0
2019109145,ジュンオーズ,2021/11/06,5東京1,晴,1,2歳未勝利,15,6,11,316.6,14.0,12,大庭和弥,55.0,ダ,1300.0,良,81.7,2.6,13-13,37.8,434.0,16.0,ウィンダミア,
2019109145,ジュンオーズ,2021/08/14,4新潟1,小雨,1,2歳未勝利,15,6,11,208.9,13.0,10,大庭和弥,54.0,ダ,1200.0,稍,74.3,2.7,15-14,36.7,418.0,-6.0,ベストリーガード,
2019109145,ジュンオーズ,2021/07/04,1福島2,小雨,6,2歳新馬,14,4,5,71.5,9.0,13,吉田隼人,54.0,芝,1200.0,良,74.6,4.1,13-13,36.4,424.0,0.0,ニシノレバンテ,
2022101568,テキサスツイスター,2026/04/16,園田,晴,9,C2一,8,2,2,2.7,2.0,5,佐々木世,56.0,ダ,1400.0,稍,93.5,1.2,1-1-1-1,42.7,512.0,-3.0,アンデルマット,7.0
2022101568,テキサスツイスター,2026/03/25,園田,雨,5,鶉野町スプリントC2,11,7,9,1.0,1.0,1,土方颯太,57.0,ダ,1230.0,稍,81.6,-0.5,1-1-1-1,40.1,515.0,-1.0,(モデルチャン),70.0
2022101568,テキサスツイスター,2026/03/12,姫路,晴,6,C3一,9,1,1,2.1,1.0,1,土方颯太,57.0,ダ,1400.0,良,94.2,-0.8,1-1-1-1,40.3,516.0,10.0,(カリスパール),60.0
2022101568,テキサスツイスター,2025/11/20,園田,晴,6,C2二,11,4,4,3.1,2.0,2,大山龍太,57.0,ダ,1230.0,良,81.3,0.1,3-3-5-3,40.3,506.0,1.0,アフリカンリリー,32.0
2022101568,テキサスツイスター,2025/11/03,園田,晴,6,C2,12,6,7,4.9,2.0,2,大山龍太,57.0,ダ,1230.0,稍,82.2,1.3,7-8-2-2,40.6,505.0,9.0,エクスペリオン,28.0
2022101568,テキサスツイスター,2025/07/13,1函館10,晴,3,3歳未勝利,16,6,12,16.9,8.0,3,武豊,57.0,芝,1200.0,良,69.1,0.1,2-2,33.9,496.0,-8.0,ルブリアン,140.0
2022101568,テキサスツイスター,2025/05/31,2京都11,曇,4,3歳未勝利,17,8,16,9.5,5.0,12,武豊,57.0,芝,1400.0,良,82.6,1.3,4-3,36.6,504.0,-2.0,ダンツアトム,
2022101568,テキサスツイスター,2025/05/04,2京都4,晴,3,3歳未勝利,18,8,18,10.0,5.0,7,武豊,57.0,芝,1400.0,良,82.4,1.0,8-8,34.9,506.0,-6.0,サンタンカ,
2022101568,テキサスツイスター,2024/10/27,5京都8,曇,5,2歳新馬,10,1,1,3.9,2.0,9,団野大成,56.0,芝,1600.0,良,97.2,3.0,6-6,37.2,512.0,0.0,リラエンブレム,
2020106806,ヒーローエフエー,2026/07/09,園田,晴,7,C3一,9,7,7,44.5,7.0,6,高橋洸佑,54.0,ダ,1400.0,良,94.2,1.4,5-4-4-5,40.3,447.0,-2.0,キュールエカシス,
2020106806,ヒーローエフエー,2026/06/24,園田,曇,4,小部7ハロンC2二,12,6,8,181.5,12.0,11,井上幹太,57.0,ダ,1400.0,稍,95.3,1.9,11-11-11-12,40.7,449.0,3.0,ノーブルライナー,
2020106806,ヒーローエフエー,2026/06/10,園田,晴,4,青木7ハロンC2二,12,2,2,283.0,12.0,9,松木大地,57.0,ダ,1400.0,稍,95.7,1.7,11-11-11-11,40.3,446.0,1.0,チャンピオンセーラ,
2020106806,ヒーローエフエー,2026/05/29,園田,晴,7,C2二,10,2,2,141.0,9.0,7,佐々木世,55.0,ダ,1400.0,稍,94.5,1.0,3-3-6-5,40.9,445.0,1.0,ヴァイスクレー,
2020106806,ヒーローエフエー,2026/05/14,園田,晴,4,今田町間新田(C2),10,1,1,82.9,8.0,7,佐々木世,55.0,ダ,1400.0,良,94.2,2.0,3-3-5-5,40.5,444.0,-5.0,パフオブウインド,
2020106806,ヒーローエフエー,2026/04/29,園田,曇,2,C2二,7,7,7,27.8,5.0,4,松木大地,57.0,ダ,1400.0,稍,95.8,3.3,3-3-3-3,41.8,449.0,7.0,デイムサンライズ,10.5
2020106806,ヒーローエフエー,2026/04/15,園田,雨,7,C2二,10,7,8,430.3,10.0,6,松木大地,57.0,ダ,1400.0,稍,94.1,1.8,3-4-4-5,39.9,442.0,-4.0,ヴァラドン,
2020106806,ヒーローエフエー,2026/03/31,園田,曇,7,C2三,9,7,7,48.8,5.0,6,佐々木世,55.0,ダ,1400.0,稍,95.8,2.1,6-6-7-6,41.7,446.0,-5.0,シビックシャルル,
2020106806,ヒーローエフエー,2026/03/10,姫路,晴,7,C2二,10,8,10,46.9,7.0,7,小谷哲平,55.0,ダ,1400.0,良,96.2,1.4,7-8-8-9,41.4,451.0,1.0,スカイアクセル,
2020106806,ヒーローエフエー,2026/02/25,姫路,雨,5,汐見台7ハロンC2三,10,7,8,28.6,7.0,3,佐々木世,55.0,ダ,1400.0,不,96.1,0.5,3-3-2-4,41.4,450.0,-8.0,タプチャン,17.5
2020106806,ヒーローエフエー,2026/02/10,姫路,晴,3,C3二,10,8,9,21.9,4.0,1,佐々木世,55.0,ダ,1400.0,良,96.8,-0.2,3-3-3-1,42.3,458.0,2.0,(シャインシュシュ),60.0
2020106806,ヒーローエフエー,2026/01/27,姫路,曇,3,C3二,10,1,1,55.5,8.0,6,佐々木世,55.0,ダ,1400.0,良,97.1,0.6,2-2-3-3,41.6,456.0,-1.0,アカノストロング,
2020106806,ヒーローエフエー,2026/01/13,園田,曇,4,おかげ踊燈籠7ハロン(C3),12,3,3,59.3,9.0,3,佐々木世,55.0,ダ,1400.0,良,94.3,0.7,4-5-6-6,41.3,457.0,5.0,ハギノヴェルドン,15.0
2020106806,ヒーローエフエー,2026/01/03,園田,晴,4,まんじゅう大帝国☆来(C3),11,7,10,98.5,9.0,5,佐々木世,55.0,ダ,1400.0,良,95.0,0.9,7-7-8-9,40.7,452.0,-6.0,パトロールラン,6.0
2020106806,ヒーローエフエー,2025/12/16,園田,晴,2,C3一,10,1,1,132.4,9.0,6,松木大地,57.0,ダ,1400.0,良,95.3,1.3,9-9-10-9,40.8,458.0,3.0,エアザキントス,
2020106806,ヒーローエフエー,2025/12/03,園田,曇,2,C3二,10,3,3,114.6,8.0,3,佐々木世,55.0,ダ,1400.0,良,95.0,0.2,3-3-3-2,40.1,455.0,-3.0,コンスピリート,15.0
2020106806,ヒーローエフエー,2025/11/18,園田,曇,2,C3二,10,7,7,132.6,10.0,8,松木大地,57.0,ダ,1400.0,良,96.2,2.1,1-2-5-6,42.0,458.0,2.0,メイショウコトダマ,
2020106806,ヒーローエフエー,2025/11/05,園田,曇,2,C3一,10,8,10,28.1,8.0,4,佐々木世,55.0,ダ,1400.0,良,95.0,0.6,4-4-5-7,41.0,456.0,1.0,ラスアルハイマ,9.0
2020106806,ヒーローエフエー,2025/10/22,園田,曇,2,C3一,10,2,2,163.5,9.0,9,松木大地,57.0,ダ,1400.0,稍,96.0,1.4,6-6-9-10,41.5,455.0,-2.0,フロストシティ,
2020106806,ヒーローエフエー,2025/10/08,園田,晴,2,C3一,10,1,1,128.1,7.0,10,松木大地,57.0,ダ,1400.0,稍,97.0,3.5,8-8-10-10,42.3,457.0,2.0,スーパーアスラーダ,
2020106806,ヒーローエフエー,2025/09/24,園田,曇,4,竜山7ハロンC3一,10,7,7,103.2,6.0,5,松木大地,57.0,ダ,1400.0,良,93.8,1.8,7-7-7-7,41.2,455.0,-2.0,スマートカナートス,6.0
2020106806,ヒーローエフエー,2025/09/10,園田,曇,2,C3一,10,7,8,131.6,7.0,5,松木大地,57.0,ダ,1400.0,良,95.1,1.2,7-6-6-6,41.1,457.0,10.0,ナムラオリビア,6.0
2020106806,ヒーローエフエー,2025/08/27,園田,曇,8,C2二,10,6,6,69.3,8.0,6,佐々木世,55.0,ダ,1400.0,良,94.1,0.9,2-2-3-4,41.4,447.0,-6.0,オフショアガール,
2020106806,ヒーローエフエー,2025/08/13,園田,曇,1,夏休みそのだけいばで(C2),12,1,1,171.1,9.0,12,佐々木世,55.0,ダ,1400.0,稍,98.0,5.0,7-6-11-12,45.1,453.0,10.0,シュトローム,
2020106806,ヒーローエフエー,2025/07/18,園田,曇,7,C2二,9,5,5,22.6,5.0,7,佐々木世,55.0,ダ,1400.0,重,96.3,2.6,5-5-5-5,43.0,443.0,4.0,エイシンサイネリア,
2020106806,ヒーローエフエー,2025/07/03,園田,曇,5,C2三,7,2,2,24.9,5.0,4,佐々木世,55.0,ダ,1400.0,良,94.2,1.3,5-5-4-4,40.9,439.0,-3.0,キモンキャリントン,10.5
2020106806,ヒーローエフエー,2025/06/13,園田,晴,3,C3一,9,8,9,62.5,7.0,1,佐々木世,55.0,ダ,1400.0,稍,94.0,-0.2,3-3-2-2,41.0,442.0,3.0,(プライムテーラー),60.0
2020106806,ヒーローエフエー,2025/05/30,園田,晴,4,C3一,10,7,7,153.6,9.0,4,佐々木世,55.0,ダ,1400.0,良,94.5,0.8,3-2-3-4,41.2,439.0,-3.0,メイショウマツリ,9.0
2020106806,ヒーローエフエー,2025/05/14,園田,晴,4,興治7ハロンC3二,9,1,1,94.3,8.0,4,佐々木世,55.0,ダ,1400.0,良,95.1,2.1,3-3-4-4,41.5,442.0,-2.0,リッチハンター,9.0
2020106806,ヒーローエフエー,2025/04/29,園田,晴,2,C3一,10,8,9,175.8,9.0,6,佐々木世,55.0,ダ,1400.0,稍,95.0,0.7,3-3-4-7,41.5,444.0,-6.0,シンゼンハチマン,
2020106806,ヒーローエフエー,2025/04/17,園田,晴,2,C3一,12,7,10,317.0,12.0,8,松木大地,57.0,ダ,1400.0,良,95.5,1.2,2-2-5-3,42.6,450.0,-3.0,ラッキープルーフ,
2020106806,ヒーローエフエー,2025/04/02,園田,曇,3,C3一,11,4,4,206.6,11.0,8,松木大地,57.0,ダ,1400.0,良,96.0,2.8,8-8-9-9,42.1,453.0,-5.0,シャッフルガール,
2020106806,ヒーローエフエー,2025/03/18,園田,晴,5,ぎゅーっと愛のつまっ(C3),12,8,12,93.1,11.0,7,杉浦健太,56.0,ダ,1400.0,重,95.6,1.5,10-9-9-9,41.7,458.0,4.0,シビックシャルル,
2020106806,ヒーローエフエー,2025/03/04,姫路,雨,7,C2一,8,2,2,120.3,8.0,7,板野央,56.0,ダ,1400.0,不,95.6,2.6,7-7-7-7,40.8,454.0,0.0,タッチーフェイス,
2020106806,ヒーローエフエー,2025/02/19,姫路,晴,7,C2一,10,3,3,392.6,9.0,8,板野央,56.0,ダ,1400.0,良,95.6,1.0,7-7-8-8,40.7,454.0,-3.0,リゴートゥー,
2020106806,ヒーローエフエー,2025/02/06,姫路,晴,7,C2一,10,8,9,491.5,10.0,9,板野央,56.0,ダ,1400.0,良,98.9,4.2,10-10-10-9,43.6,457.0,5.0,ポッドジャスパー,
2020106806,ヒーローエフエー,2025/01/22,姫路,晴,8,C1二,12,5,5,136.6,9.0,7,板野央,56.0,ダ,1400.0,良,96.2,2.0,9-11-11-11,41.5,452.0,-2.0,ルージュベルベット,
2020106806,ヒーローエフエー,2025/01/04,園田,晴,9,C1二,10,1,1,286.8,10.0,9,松本幸祐,56.0,ダ,1230.0,良,82.8,1.9,10-10-9-9,39.6,454.0,0.0,アグネスリュウ,
2020106806,ヒーローエフエー,2024/12/26,園田,曇,12,C1二,12,8,12,115.4,8.0,12,廣瀬航,56.0,ダ,1400.0,良,95.4,2.7,8-8-9-12,41.4,454.0,4.0,タガノフルチャンス,
2020106806,ヒーローエフエー,2024/11/29,笠松,曇,7,笠松けいば金曜日ライ(B),9,8,10,3.7,2.0,1,塚本征吾,56.0,ダ,1600.0,稍,105.6,-0.2,9-5-5,39.4,450.0,1.0,(ソヨギ),45.0
2020106806,ヒーローエフエー,2024/11/18,笠松,晴,12,B級サバイバル,11,8,11,143.8,11.0,5,柿本量平,56.0,ダ,1400.0,良,91.9,1.2,7-7-8,40.1,449.0,1.0,サクラトップグッド,2.5
2020106806,ヒーローエフエー,2024/11/07,笠松,晴,5,喜っせ今日で14周年(B),10,3,3,81.7,8.0,9,柿本量平,56.0,ダ,1400.0,良,93.8,1.8,9-9-9,41.3,448.0,0.0,フクサンモード,
2020106806,ヒーローエフエー,2024/10/25,笠松,晴,5,祝!すぐるさん!中村(B),10,7,8,163.9,10.0,7,宮下瞳,54.0,ダ,1400.0,良,91.2,1.9,10-9-9,39.4,448.0,2.0,ゼンダンキズナ,
2020106806,ヒーローエフエー,2024/10/10,笠松,晴,6,みんなに感謝!河田一(B),9,8,9,73.1,8.0,7,細川智史,56.0,ダ,1400.0,良,93.0,2.5,9-9-9,39.1,446.0,2.0,ナムラダリル,
2020106806,ヒーローエフエー,2024/09/23,笠松,晴,6,B5組,10,7,8,68.5,10.0,9,筒井勇介,56.0,ダ,1400.0,良,90.7,2.1,8-8-9,38.9,444.0,3.0,チュウワジョーダン,
2020106806,ヒーローエフエー,2024/09/13,笠松,曇,7,地方競馬を元気に!リ(B),8,3,3,40.1,8.0,2,望月洵輝,54.0,ダ,1600.0,良,103.3,1.2,6-6-4,39.4,441.0,4.0,ヒルノグラスゴー,15.8
2020106806,ヒーローエフエー,2024/08/29,笠松,雨,6,B6組,9,7,7,199.1,8.0,4,望月洵輝,54.0,ダ,1400.0,不,90.7,1.7,9-9-9,38.9,437.0,-3.0,キスリング,4.5
2020106806,ヒーローエフエー,2024/08/14,笠松,晴,4,第2回ニャンとまあQ(B),7,5,5,105.7,6.0,5,望月洵輝,54.0,ダ,1400.0,良,91.0,0.9,6-6-6,38.7,440.0,7.0,ユリシーズ,2.2
2020106806,ヒーローエフエー,2024/07/31,笠松,晴,8,B6組,10,8,10,22.7,8.0,8,細川智史,56.0,ダ,1400.0,良,92.4,2.2,8-8-8,40.4,433.0,-1.0,エコログラッツェ,
2020106806,ヒーローエフエー,2024/07/18,笠松,晴,7,B6組,10,6,6,14.6,7.0,7,塚本征吾,56.0,ダ,1600.0,良,106.0,1.9,9-10-10,39.4,434.0,-3.0,ケンヴァイザッハ,
2020106806,ヒーローエフエー,2024/07/03,笠松,晴,6,第二回錦織憲誕生記念(B),8,4,4,25.4,6.0,4,塚本征吾,56.0,ダ,1600.0,良,106.7,1.1,5-6-7,41.2,437.0,3.0,アコー,4.5
2020106806,ヒーローエフエー,2024/06/18,笠松,曇,7,B7組,9,7,7,21.2,6.0,3,塚本征吾,56.0,ダ,1400.0,重,91.4,1.9,2-2-3,40.6,434.0,-2.0,カツノナインズ,9.0
2020106806,ヒーローエフエー,2024/06/06,笠松,曇,5,れいじ・かおり結婚式(B),8,6,6,82.7,7.0,5,宮下瞳,54.0,ダ,1400.0,良,89.7,1.2,4-5-5,39.3,436.0,4.0,ニホンピロヘンソン,2.2
2020106806,ヒーローエフエー,2024/05/23,笠松,曇,8,安藤勝己さん来場記念(B),10,7,7,45.6,9.0,7,塚本征吾,56.0,ダ,1400.0,良,89.8,1.5,6-7-8,39.3,432.0,-3.0,サカジロレインボー,
2020106806,ヒーローエフエー,2024/05/08,笠松,晴,10,鵜匠特別(B),8,8,8,58.2,7.0,7,岡部誠,56.0,ダ,1400.0,良,92.2,2.5,6-7-7,40.3,435.0,3.0,コパノモナルカ,
2020106806,ヒーローエフエー,2024/04/30,笠松,曇,9,山査子賞(C),8,2,2,6.8,4.0,1,塚本征吾,56.0,ダ,1600.0,重,104.8,-0.7,5-4-3,40.0,432.0,-1.0,(レッツシンク),45.0
2020106806,ヒーローエフエー,2024/04/19,笠松,晴,6,C3組,10,2,2,160.6,10.0,7,宮下瞳,54.0,ダ,1400.0,良,89.7,1.1,10-9-7,37.8,433.0,-7.0,ミスメイジョウ,
2020106806,ヒーローエフエー,2024/02/20,笠松,曇,4,田中亜紀の誕生日記念(B),10,7,8,41.4,5.0,10,宮下瞳,54.0,ダ,1400.0,重,92.5,3.5,6-9-10,40.0,440.0,-6.0,アスマスティーブ,
2020106806,ヒーローエフエー,2024/02/06,笠松,晴,5,B5組,9,5,5,9.3,5.0,8,塚本征吾,56.0,ダ,1400.0,重,91.0,2.2,6-8-8,38.6,446.0,-2.0,リンクスターツ,
2020106806,ヒーローエフエー,2024/01/24,笠松,,5,中川公紀さん還暦記念(B),0,6,6,,,,塚本征吾,56.0,ダ,1400.0,,,,,,,,,
2020106806,ヒーローエフエー,2024/01/10,笠松,曇,11,馬騎初特別(B),8,2,2,37.9,6.0,7,塚本征吾,56.0,ダ,1800.0,良,118.6,2.3,7-7-8-8,39.7,448.0,-2.0,コスモオピニオン,
2020106806,ヒーローエフエー,2023/12/30,笠松,晴,7,B7組,8,1,1,1.6,1.0,1,塚本征吾,56.0,ダ,1600.0,良,104.7,-0.1,4-4-3,38.1,450.0,3.0,(アダムスマイリー),45.0
2020106806,ヒーローエフエー,2023/12/11,笠松,晴,4,B9組,8,4,4,3.0,2.0,2,塚本征吾,56.0,ダ,1400.0,良,91.0,0.0,3-3-2,38.4,447.0,8.0,グレヴィスタ,15.8
2020106806,ヒーローエフエー,2023/11/24,笠松,曇,8,雪見月賞(C),9,7,7,2.9,2.0,2,岡部誠,56.0,ダ,1400.0,良,90.8,0.6,6-6-6,40.1,439.0,-5.0,トリマゴクイーン,15.8
2020106806,ヒーローエフエー,2023/11/10,笠松,雨,12,アルチスタ特別(C),10,4,4,27.3,7.0,5,塚本征吾,56.0,ダ,1400.0,不,89.9,1.2,6-5-5,38.8,444.0,2.0,ブーバー,3.0
2020106806,ヒーローエフエー,2023/10/27,笠松,晴,4,エリィトぽんこつ守護(C),9,6,6,5.8,4.0,1,塚本征吾,56.0,ダ,1400.0,良,90.2,-0.8,5-5-4,39.1,442.0,-6.0,(ライチトゥーム),40.0
2020106806,ヒーローエフエー,2023/10/13,笠松,晴,4,明日は笠松けいば秋ま(C),8,7,7,22.9,5.0,6,浅野皓大,56.0,ダ,1400.0,良,92.6,2.0,4-5-6,40.7,448.0,7.0,メイショウボンゴチ,
2020106806,ヒーローエフエー,2023/09/28,笠松,曇,3,3歳未勝利戦,6,6,6,1.1,1.0,1,塚本征吾,56.0,ダ,1400.0,良,90.7,-0.7,3-2-1,39.5,441.0,3.0,(フェスティヴチャン),45.0
2020106806,ヒーローエフエー,2023/09/15,笠松,曇,1,3歳未勝利戦,9,1,1,10.5,6.0,5,藤原幹生,56.0,ダ,800.0,良,50.4,0.7,9,36.1,438.0,2.0,ナムラダニー,2.2
2020106806,ヒーローエフエー,2023/08/30,笠松,曇,9,鈴蘭高原特別(3歳),8,6,6,111.4,7.0,6,浅野皓大,56.0,ダ,1400.0,良,91.7,1.7,8-8-6,38.8,436.0,3.0,バスケットカウント,
2020106806,ヒーローエフエー,2023/08/18,笠松,曇,1,3歳未勝利戦,7,6,6,1.8,1.0,5,塚本征吾,56.0,ダ,800.0,良,50.9,1.0,5,37.2,433.0,-2.0,コールマン,2.2
2020106806,ヒーローエフエー,2023/08/02,笠松,晴,10,蝉時雨特別(3歳),8,7,7,25.4,6.0,5,塚本征吾,56.0,ダ,1400.0,良,91.7,4.2,7-7-7,40.0,435.0,0.0,スターペスカオリ,3.5
2020106806,ヒーローエフエー,2023/07/20,笠松,晴,8,ナスタチウム賞(3歳),8,3,3,57.2,6.0,3,塚本征吾,56.0,ダ,1400.0,良,91.4,0.8,6-5-5,39.6,435.0,0.0,ダイチノメグミ,11.0
2020106806,ヒーローエフエー,2023/07/07,笠松,晴,2,3歳未勝利戦,7,7,7,7.2,4.0,2,塚本征吾,56.0,ダ,1400.0,良,91.5,0.1,1-1-2,40.2,435.0,-2.0,インセイン,15.8
2020106806,ヒーローエフエー,2023/06/22,笠松,雨,1,3歳未勝利戦,7,3,3,17.5,6.0,3,塚本征吾,56.0,ダ,800.0,不,50.4,1.0,3,36.7,437.0,4.0,カナ,9.0
2020106806,ヒーローエフエー,2023/06/08,笠松,曇,4,飛水峡賞(3歳),8,2,2,49.2,6.0,2,塚本征吾,56.0,ダ,1600.0,良,106.8,0.7,5-6-4,40.7,433.0,-5.0,フリースタイル,19.3
2020106806,ヒーローエフエー,2023/05/24,笠松,晴,2,3歳3組,10,2,2,33.6,6.0,8,塚本征吾,56.0,ダ,1400.0,良,93.0,2.3,7-7-9,40.7,438.0,2.0,マナマハロ,
2020106806,ヒーローエフエー,2023/05/10,笠松,晴,4,ブレイクスルー伊藤純(3歳),9,6,6,130.9,9.0,3,塚本征吾,56.0,ダ,1400.0,良,92.0,1.3,4-5-5,40.7,436.0,-6.0,エンジョイリッキー,9.0
2020106806,ヒーローエフエー,2023/04/26,笠松,曇,9,春和特別(3歳),9,8,9,129.8,8.0,7,塚本征吾,56.0,ダ,1400.0,不,92.5,3.5,5-5-5,41.1,442.0,5.0,アイヤナ,
2020106806,ヒーローエフエー,2023/04/14,笠松,曇,9,3歳3組,5,5,5,13.4,4.0,2,塚本征吾,56.0,ダ,1400.0,良,93.1,1.2,3-2-2,41.5,437.0,-1.0,オレンタノ,15.8
2020106806,ヒーローエフエー,2023/04/05,笠松,曇,3,奈良津桜賞(3歳),9,8,8,25.8,7.0,4,塚本征吾,56.0,ダ,1600.0,良,109.9,0.9,6-5-5,39.9,438.0,-5.0,リックトラチャン,5.5
2020106806,ヒーローエフエー,2023/03/23,笠松,曇,2,ずみ。初年度産駒生誕(3歳),6,6,6,45.2,6.0,5,塚本征吾,56.0,ダ,1400.0,稍,93.3,1.4,3-5-4,41.5,443.0,4.0,ノーザンクロス,1.8
2020106806,ヒーローエフエー,2023/02/22,笠松,晴,7,春告草賞(3歳),6,5,5,,,取,塚本征吾,56.0,ダ,1600.0,良,,,,,,,フレンドキング,
2020106806,ヒーローエフエー,2023/02/02,姫路,曇,8,3歳C1,9,8,9,80.5,5.0,7,長尾翼玖,54.0,ダ,1500.0,良,102.7,1.3,2-2-4-5,42.3,439.0,-7.0,ピンクヒップガール,
2020106806,ヒーローエフエー,2023/01/19,姫路,晴,6,3歳C1,12,1,1,117.4,11.0,11,長尾翼玖,54.0,ダ,1400.0,良,97.1,1.8,7-6-11-11,42.4,446.0,-2.0,フォレステーション,
2020106806,ヒーローエフエー,2023/01/02,園田,曇,2,3歳未勝利,10,6,8,53.0,8.0,6,永井孝典,55.0,ダ,1230.0,良,83.1,1.4,4-4-5-5,40.5,448.0,1.0,ラガーワンチーム,
2020106806,ヒーローエフエー,2022/12/20,園田,晴,4,2歳未勝利一,12,4,4,120.2,9.0,6,長尾翼玖,54.0,ダ,1230.0,良,84.2,2.0,5-5-5-5,41.1,447.0,1.0,ジャストビリーヴ,
2020106806,ヒーローエフエー,2022/12/08,園田,晴,2,2歳未勝利,5,2,2,8.7,3.0,3,大山龍太,55.0,ダ,1700.0,稍,120.3,1.1,2-2-3-3,42.0,446.0,-2.0,アイアンストーン,20.0
2020106806,ヒーローエフエー,2022/11/24,園田,晴,2,2歳未勝利,12,1,1,53.9,7.0,6,大山龍太,55.0,ダ,1230.0,重,85.5,2.1,8-8-8-7,41.9,448.0,-3.0,テンクウワールド,
2020106806,ヒーローエフエー,2022/11/10,園田,晴,3,2歳未勝利一,9,2,2,77.5,7.0,6,長尾翼玖,54.0,ダ,1230.0,良,82.9,0.7,5-5-5-4,40.1,451.0,-4.0,チェリースクワート,
2020106806,ヒーローエフエー,2022/10/25,園田,晴,2,2歳未勝利,12,8,12,63.1,7.0,9,永井孝典,55.0,ダ,1230.0,良,83.5,2.5,6-5-6-8,41.3,455.0,1.0,ブエラフェルテ,
2020106806,ヒーローエフエー,2022/10/12,園田,曇,2,2歳未勝利,9,4,4,13.5,4.0,4,長尾翼玖,54.0,ダ,1230.0,稍,84.5,1.4,7-7-6-4,40.8,454.0,5.0,ファイアボルト,12.0
2020106806,ヒーローエフエー,2022/09/28,園田,曇,2,2歳未勝利,7,1,1,29.0,6.0,7,永井孝典,55.0,ダ,1400.0,重,95.7,1.5,5-5-6-6,40.2,449.0,-1.0,ジョウショートニー,
2020106806,ヒーローエフエー,2022/09/14,園田,晴,3,2歳未勝利一,10,7,8,17.5,4.0,6,永井孝典,55.0,ダ,1230.0,良,83.4,0.9,7-7-10-8,40.7,450.0,6.0,クールフレア,
2020106806,ヒーローエフエー,2022/09/01,園田,曇,2,2歳未勝利二,9,8,8,15.2,5.0,2,永井孝典,55.0,ダ,1230.0,不,83.9,0.0,2-2-2-2,41.0,444.0,-3.0,ココアン,28.0
2020106806,ヒーローエフエー,2022/08/17,園田,雨,2,2歳未勝利,12,6,7,171.1,11.0,9,永井孝典,55.0,ダ,820.0,不,53.2,2.7,11-11,38.0,447.0,4.0,ヨシノタルマエ,
2020106806,ヒーローエフエー,2022/08/03,園田,晴,2,2歳未勝利二,8,7,7,47.1,6.0,5,永井孝典,55.0,ダ,820.0,良,52.9,1.6,6-6,38.0,443.0,-7.0,オキザリスレディー,7.0
2020106806,ヒーローエフエー,2022/07/20,園田,晴,2,2歳未勝利二,9,5,5,29.1,8.0,5,永井孝典,55.0,ダ,1400.0,重,98.5,1.7,7-7-8-8,43.4,450.0,4.0,タライロン,7.0
2020106806,ヒーローエフエー,2022/07/06,園田,曇,2,2歳,11,8,10,68.4,9.0,7,永井孝典,55.0,ダ,1400.0,稍,97.0,1.4,7-7-7-7,43.0,446.0,0.0,サインポール,
2020106806,ヒーローエフエー,2022/06/23,園田,晴,2,2歳,8,2,2,129.1,7.0,5,永井孝典,55.0,ダ,1400.0,重,97.6,3.1,8-8-7-8,42.7,446.0,-3.0,カタラ,11.0
2020106806,ヒーローエフエー,2022/05/26,園田,曇,2,2歳初出走,8,8,8,41.2,7.0,7,永井孝典,55.0,ダ,820.0,良,53.7,2.3,6-7,38.7,449.0,0.0,クールビッグスター,
2020104731,サインポール,2026/07/15,園田,晴,4,出雲7ハロンC3一,10,4,4,115.8,8.0,8.0,塩津璃菜,53.0,ダ,1400.0,良,94.3,2.0,10-10-9-9,40.7,492.0,4.0,アルムチャーチル,
2020104731,サインポール,2026/07/03,園田,晴,1,C2三,12,3,3,174.7,9.0,9.0,佐々木世,55.0,ダ,1400.0,稍,95.2,1.8,12-12-11-11,41.0,488.0,-1.0,エールデスポワール,
2020104731,サインポール,2026/06/17,園田,晴,5,郷瀬町7ハロンC2二,12,6,7,263.1,11.0,11.0,大山真吾,57.0,ダ,1400.0,良,94.7,2.7,9-9-11-11,41.0,489.0,0.0,マローソ,
2020104731,サインポール,2026/06/03,園田,晴,7,C2二,10,6,6,33.3,5.0,8.0,大山真吾,57.0,ダ,1400.0,重,96.0,1.4,7-7-7-7,41.6,489.0,1.0,スマートイザナミ,
2020104731,サインポール,2026/05/14,園田,晴,4,今田町間新田(C2),10,5,5,35.0,6.0,5.0,杉浦健太,57.0,ダ,1400.0,良,94.0,1.8,8-7-5-5,40.0,488.0,0.0,パフオブウインド,7.0
2020104731,サインポール,2026/04/28,園田,曇,6,C2二,10,7,8,41.8,7.0,5.0,杉浦健太,57.0,ダ,1400.0,稍,95.7,1.1,8-7-4-4,40.4,488.0,5.0,ハローエンジェル,7.0
2020104731,サインポール,2026/04/14,園田,曇,3,C2二,9,8,9,53.3,6.0,4.0,杉浦健太,57.0,ダ,1400.0,良,94.8,1.9,6-7-6-4,40.1,483.0,-6.0,メイショウライズ,10.5
2020104731,サインポール,2026/04/02,園田,晴,5,田路7ハロンC2二,10,6,6,51.2,8.0,9.0,杉浦健太,57.0,ダ,1400.0,重,95.1,2.7,10-10-10-9,41.0,489.0,-7.0,ディナン,
2020104731,サインポール,2026/03/10,高知,晴,3,C3ー4,11,2,2,123.6,10.0,6.0,木村直輝,57.0,ダ,1300.0,稍,87.6,2.3,8-8-8-8,40.4,496.0,-4.0,ダニエルバローズ,
2020104731,サインポール,2026/02/23,高知,晴,4,C3ー4,9,8,9,36.8,6.0,9.0,近藤翔月,56.0,ダ,1300.0,良,89.2,2.6,2-4-5-8,41.7,500.0,4.0,ディープカインズ,
2020104731,サインポール,2026/02/10,高知,曇,4,C3ー4,10,7,7,95.2,9.0,8.0,近藤翔月,55.0,ダ,1300.0,良,87.7,2.0,5-5-7-9,41.1,496.0,2.0,ブラックサウザー,
2020104731,サインポール,2026/01/26,高知,晴,7,C3ー3,9,8,9,163.2,7.0,6.0,阿部基嗣,55.0,ダ,1300.0,良,85.9,1.7,4-4-6-6,40.0,494.0,1.0,オセアハートマン,
2020104731,サインポール,2026/01/11,高知,晴,11,ファイナルレース(C3),11,6,7,12.0,7.0,7.0,近藤翔月,55.0,ダ,1600.0,良,111.3,2.8,10-10-9-8,43.0,493.0,1.0,オクトニオン,
2020104731,サインポール,2025/12/31,高知,晴,8,竜虎相搏特別(C3),12,6,7,18.3,8.0,8.0,近藤翔月,55.0,ダ,1400.0,良,95.2,1.3,9-9-9-10,41.0,492.0,2.0,テリオスソラ,
2020104731,サインポール,2025/12/14,高知,晴,7,C3ー5,8,2,2,19.6,6.0,6.0,近藤翔月,55.0,ダ,1300.0,稍,86.5,2.1,6-6-5-6,40.4,490.0,2.0,エリオット,
2020104731,サインポール,2025/11/23,高知,晴,8,C3ー7,8,7,7,13.9,4.0,3.0,阿部基嗣,55.0,ダ,1600.0,良,110.4,0.7,3-4-3-4,40.6,488.0,0.0,リグレイアー,15.0
2020104731,サインポール,2025/11/08,高知,晴,9,C3ー6,10,2,2,35.2,5.0,7.0,阿部基嗣,55.0,ダ,1400.0,稍,93.2,2.0,8-8-8-9,39.5,488.0,9.0,メイショウオーギシ,
2020104731,サインポール,2025/08/27,園田,曇,9,C2一,10,8,9,42.9,7.0,6.0,竹村達也,57.0,ダ,1400.0,良,93.4,1.5,4-4-4-5,40.4,479.0,-1.0,モーニングコート,
2020104731,サインポール,2025/08/13,園田,曇,12,C2一,12,7,10,19.0,7.0,10.0,竹村達也,57.0,ダ,1400.0,稍,94.0,2.7,7-7-9-9,41.6,480.0,5.0,タガノフルチャンス,
2020104731,サインポール,2025/08/01,園田,晴,7,ミルクボーイ内海☆来(C2),10,4,4,104.3,10.0,3.0,竹村達也,57.0,ダ,1400.0,良,91.9,0.2,7-6-5-5,39.5,475.0,2.0,アスクヴレーヴモア,17.5
2020104731,サインポール,2025/07/16,園田,晴,5,C2三,7,6,6,11.5,3.0,2.0,竹村達也,57.0,ダ,1400.0,稍,94.5,0.4,5-4-4-3,40.1,473.0,-3.0,マエマエ,28.0
2020104731,サインポール,2025/07/02,園田,曇,8,C2二,10,2,2,17.9,4.0,6.0,竹村達也,57.0,ダ,1400.0,良,94.3,0.6,7-7-5-6,40.4,476.0,0.0,メイショウガッツ,
2020104731,サインポール,2025/06/18,園田,晴,1,そのだサマー競馬開幕(C3),10,2,2,13.1,3.0,1.0,竹村達也,57.0,ダ,1400.0,良,94.0,-0.2,3-3-4-3,40.5,476.0,0.0,(ララアンセストラル),60.0
2020104731,サインポール,2025/04/02,園田,曇,3,C3一,11,6,8,63.4,7.0,6.0,竹村達也,57.0,ダ,1400.0,良,95.3,2.1,6-6-7-7,41.6,476.0,-2.0,シャッフルガール,
2020104731,サインポール,2025/03/20,園田,晴,5,おいしいネ!兵庫の牛(C3),12,5,6,38.8,6.0,10.0,竹村達也,56.0,ダ,1400.0,重,95.8,1.1,9-9-10-7,41.9,478.0,-2.0,エルミラージュ,
2020104731,サインポール,2025/03/04,姫路,雨,8,C2二,8,5,5,57.0,6.0,8.0,竹村達也,56.0,ダ,800.0,不,52.6,2.7,8-8,37.5,480.0,1.0,イントゥザフロー,
2020104731,サインポール,2025/02/19,姫路,晴,6,C2二,10,8,10,142.8,9.0,4.0,竹村達也,56.0,ダ,1400.0,良,95.2,0.9,5-5-4-4,40.2,479.0,-1.0,テイケイモハラ,10.5
2020104731,サインポール,2025/02/06,姫路,晴,6,C2二,10,1,1,279.2,10.0,8.0,竹村達也,56.0,ダ,1400.0,良,96.1,1.6,3-2-5-5,42.1,480.0,6.0,コレギウム,
2020104731,サインポール,2025/01/21,姫路,晴,5,オッズパークでドキド(C2),10,7,7,44.1,7.0,7.0,竹村達也,56.0,ダ,1400.0,良,96.0,1.5,7-7-7-7,41.2,474.0,-9.0,クリノヒーロー,
2020104731,サインポール,2025/01/08,園田,晴,6,C2二,10,2,2,75.4,9.0,7.0,竹村達也,56.0,ダ,1400.0,稍,98.2,1.5,6-7-8-8,42.6,483.0,5.0,プレシャスストーン,
2020104731,サインポール,2024/12/31,園田,晴,5,年忘れ7ハロンC2三,10,3,3,97.9,7.0,8.0,竹村達也,56.0,ダ,1400.0,良,95.4,1.6,5-5-8-8,41.1,478.0,-3.0,アエディフィカータ,
2020104731,サインポール,2024/12/19,園田,曇,6,C2三,9,5,5,3.4,2.0,7.0,吉村智洋,56.0,ダ,1400.0,良,95.0,2.2,8-8-7-7,41.5,481.0,9.0,チャウチャウチャウ,
2020104731,サインポール,2024/11/28,園田,晴,1,C3三,9,7,7,1.4,1.0,1.0,吉村智洋,56.0,ダ,1400.0,重,97.7,-0.3,2-2-2-1,41.3,472.0,-2.0,(カトゥール),56.0
2020104731,サインポール,2024/05/29,園田,晴,7,C3,6,1,1,5.0,4.0,5.0,竹村達也,56.0,ダ,1700.0,重,121.2,0.9,6-6-6-6,40.1,474.0,-2.0,ピロコギガマックス,5.6
2020104731,サインポール,2024/05/17,園田,晴,3,C3一,12,5,6,11.8,4.0,4.0,竹村達也,56.0,ダ,1400.0,良,93.5,1.0,9-9-8-8,40.5,476.0,1.0,マエマエ,8.4
2020104731,サインポール,2024/04/29,園田,曇,2,C3一,10,3,3,10.7,6.0,2.0,竹村達也,56.0,ダ,1400.0,良,94.4,0.0,6-6-3-3,39.4,475.0,-1.0,クラウンオーシャン,19.6
2020104731,サインポール,2024/04/17,園田,晴,2,C3一,12,5,6,6.5,4.0,10.0,竹村達也,56.0,ダ,1400.0,稍,96.0,2.8,6-6-7-9,44.3,476.0,-2.0,ベベ,
2020104731,サインポール,2024/04/02,園田,晴,5,スプリントチャレンジ(C3),10,6,6,5.6,2.0,4.0,竹村達也,56.0,ダ,1400.0,良,95.0,0.8,6-6-4-4,41.9,478.0,-4.0,ナムラデュラン,8.4
2020104731,サインポール,2024/03/22,園田,晴,5,C3,12,1,1,7.6,4.0,5.0,竹村達也,56.0,ダ,1700.0,稍,118.4,1.1,7-6-8-8,41.6,482.0,0.0,スケサンカクサン,5.6
2020104731,サインポール,2024/03/05,姫路,雨,7,C2,12,5,5,143.6,10.0,11.0,竹村達也,56.0,ダ,800.0,重,52.4,2.1,12-12,37.3,482.0,8.0,ワンダーカラフル,
2020104731,サインポール,2024/02/15,姫路,雨,9,C2,12,7,9,7.1,5.0,7.0,杉浦健太,56.0,ダ,1800.0,良,125.0,1.4,10-10-8-7,41.9,474.0,-4.0,アエディフィカータ,
2020104731,サインポール,2024/01/31,姫路,雨,9,C2,8,1,1,32.7,5.0,3.0,杉浦健太,56.0,ダ,1800.0,良,127.4,0.3,3-3-4-4,39.2,478.0,1.0,パフオブウインド,20.0
2020104731,サインポール,2024/01/16,姫路,晴,12,C2,12,6,8,20.9,4.0,3.0,杉浦健太,56.0,ダ,1800.0,良,124.7,0.8,11-11-9-7,39.9,477.0,-2.0,パフオブウインド,20.0
2020104731,サインポール,2024/01/04,園田,曇,8,C2,12,1,1,54.3,7.0,4.0,杉浦健太,56.0,ダ,1700.0,良,116.5,0.9,10-10-8-5,39.1,479.0,23.0,マイネルアラウダ,12.0
2020104731,サインポール,2023/09/13,園田,晴,12,C1,12,8,12,81.7,10.0,7.0,竹村達也,55.0,ダ,1700.0,良,116.2,2.2,5-5-5-6,42.5,456.0,-4.0,マウンテンエース,
2020104731,サインポール,2023/08/17,園田,曇,10,C1,12,1,1,41.3,9.0,5.0,竹村達也,55.0,ダ,1700.0,重,116.4,1.4,8-8-8-7,40.7,460.0,-2.0,グディカンワル,11.0
2020104731,サインポール,2023/08/04,園田,晴,6,C1,7,6,6,25.8,6.0,3.0,竹村達也,55.0,ダ,1870.0,良,126.4,1.3,6-6-5-6,40.9,462.0,5.0,デザートスター,27.5
2020104731,サインポール,2023/07/20,園田,晴,7,C1二,8,8,8,43.9,7.0,4.0,小谷周平,55.0,ダ,1700.0,良,115.6,1.5,6-7-7-7,40.8,457.0,-1.0,エイシンペペロミア,16.5
2020104731,サインポール,2023/06/29,園田,曇,10,3歳AB,10,3,3,63.2,8.0,7.0,小谷周平,55.0,ダ,1700.0,良,114.5,1.5,9-9-8-6,40.4,458.0,-2.0,レスプレンドール,
2020104731,サインポール,2023/06/14,園田,曇,11,兵庫ダービー(重賞),12,6,7,481.1,11.0,9.0,小谷周平,56.0,ダ,1870.0,稍,127.3,3.2,10-10-11-10,41.0,460.0,-11.0,スマイルミーシャ,
2020104731,サインポール,2023/05/26,園田,曇,9,3歳AB,9,7,8,70.6,9.0,4.0,小谷周平,55.0,ダ,1870.0,良,126.8,2.1,8-8-6-5,41.2,471.0,5.0,ビキニボーイ,19.5
2020104731,サインポール,2023/05/03,園田,晴,11,兵庫チャンピオンシッ(JpnII),12,8,12,884.3,11.0,9.0,小谷周平,57.0,ダ,1870.0,良,126.4,5.7,11-11-9-9,42.0,466.0,0.0,ミトノオー,
2020104731,サインポール,2023/04/19,園田,曇,9,3歳A,12,6,7,58.7,9.0,10.0,下原理,55.0,ダ,1400.0,重,94.7,2.8,11-11-11-11,42.3,466.0,-2.0,スマイルジョナス,
2020104731,サインポール,2023/04/06,園田,曇,10,菊水賞(重賞),10,2,2,253.5,8.0,9.0,杉浦健太,56.0,ダ,1700.0,稍,115.6,2.6,9-9-10-10,39.9,468.0,8.0,ベラジオソノダラブ,
2020104731,サインポール,2023/03/11,1阪神9,晴,9,ゆきやなぎ賞(1勝クラス),12,4,4,448.5,12.0,12.0,吉村智洋,56.0,芝,2400.0,良,151.6,5.7,12-12-12-12,38.4,460.0,0.0,サトノグランツ,
2020104731,サインポール,2023/02/23,姫路,曇,7,3歳AB,7,4,4,2.5,1.0,3.0,吉村智洋,55.0,ダ,1400.0,稍,94.0,0.1,5-5-4-4,39.2,460.0,-5.0,チェリースクワート,32.5
2020104731,サインポール,2023/02/09,姫路,晴,7,3歳A,5,3,3,9.8,4.0,3.0,杉浦健太,55.0,ダ,2000.0,良,138.0,1.1,5-5-3-3,40.4,465.0,-1.0,グロリアドーロ,32.5
2020104731,サインポール,2023/01/27,姫路,曇,9,3歳AB,8,8,8,34.2,6.0,3.0,杉浦健太,55.0,ダ,1800.0,稍,123.9,0.6,7-7-5-4,39.4,466.0,-1.0,グロリアドーロ,32.5
2020104731,サインポール,2023/01/25,姫路,,9,3歳AB,0,8,8,,,,杉浦健太,55.0,ダ,1800.0,,,,,,,,,
2020104731,サインポール,2022/12/31,園田,晴,11,園田ジュニアC(重賞),12,3,3,173.6,10.0,11.0,鴨宮祥行,55.0,ダ,1700.0,良,118.3,2.8,8-7-9-9,40.0,467.0,6.0,スマイルミーシャ,
2020104731,サインポール,2022/11/16,園田,晴,7,JRA認定アッパート,10,1,1,4.7,2.0,7.0,吉村智洋,55.0,ダ,1400.0,稍,94.9,2.6,8-9-8-6,39.4,461.0,8.0,スマイルミーシャ,
2020104731,サインポール,2022/11/02,園田,晴,7,JRA認定アッパート,10,5,5,4.7,3.0,3.0,吉村智洋,55.0,ダ,1400.0,良,93.7,0.5,5-5-5-5,40.0,453.0,-15.0,ジョイブラック,62.5
2020104731,サインポール,2022/10/13,園田,晴,11,兵庫若駒賞(重賞),12,8,12,24.6,4.0,4.0,下原理,55.0,ダ,1400.0,良,93.0,0.6,9-8-9-8,41.3,468.0,4.0,ベラジオソノダラブ,90.0
2020104731,サインポール,2022/09/29,園田,曇,7,JRA認定アッパート,8,4,4,6.3,2.0,2.0,吉村智洋,55.0,ダ,1400.0,稍,93.2,1.8,5-5-3-2,39.5,464.0,7.0,ベラジオソノダラブ,100.0
2020104731,サインポール,2022/08/25,園田,曇,6,JRA認定アッパート,8,7,7,6.9,3.0,2.0,吉村智洋,55.0,ダ,1400.0,稍,93.2,0.0,6-6-7-5,39.6,457.0,-5.0,アドワン,100.0
2020104731,サインポール,2022/08/11,園田,晴,11,兵庫ジュベナイルカッ(2歳),12,7,9,6.6,3.0,5.0,吉村智洋,55.0,ダ,1400.0,良,93.1,0.5,6-7-7-6,39.8,462.0,0.0,アルザード,40.0
2020104731,サインポール,2022/07/28,園田,晴,8,JRA認定アッパート,6,1,1,4.9,2.0,3.0,田中学,55.0,ダ,1400.0,良,93.9,0.7,3-3-3-3,38.8,462.0,4.0,アイガットユー,62.5
2020104731,サインポール,2022/07/06,園田,曇,2,2歳,11,8,11,3.7,1.0,1.0,杉浦健太,55.0,ダ,1400.0,稍,95.6,-0.2,5-6-5-5,41.7,458.0,0.0,(ライトヴィクトリー),110.0
2020104731,サインポール,2022/06/22,園田,曇,2,2歳初出走,6,4,4,5.1,2.0,4.0,田中学,55.0,ダ,820.0,不,51.9,1.7,3-4,37.3,458.0,0.0,アイガットユー,45.0
2021101274,ブエイ,2026/07/09,園田,晴,7,C3一,9,1,1,40.7,6.0,7,塩津璃菜,53.0,ダ,1400.0,良,94.3,1.5,8-7-7-5,40.2,538.0,-6.0,キュールエカシス,
2021101274,ブエイ,2026/06/25,園田,雨,5,五百蔵7ハロンC2二,12,6,8,390.2,11.0,11,松木大地,57.0,ダ,1400.0,不,94.8,3.2,12-12-12-12,40.5,544.0,2.0,ヴィクトリーアイ,
2021101274,ブエイ,2026/06/11,園田,晴,5,仁位7ハロンC2二,12,8,12,336.0,10.0,11,松木大地,57.0,ダ,1400.0,稍,96.2,3.8,11-11-11-11,41.7,542.0,2.0,スマートビーナス,
2021101274,ブエイ,2026/05/28,園田,曇,6,C2二,10,7,8,252.5,9.0,8,井上幹太,57.0,ダ,1400.0,稍,96.8,3.7,8-9-9-9,42.1,540.0,-6.0,ワンダーブレス,
2021101274,ブエイ,2026/05/14,園田,晴,4,今田町間新田(C2),10,7,8,101.7,9.0,10,松木大地,57.0,ダ,1400.0,良,94.9,2.7,9-9-10-9,40.5,546.0,2.0,パフオブウインド,
2021101274,ブエイ,2026/04/22,園田,曇,2,C3四,8,2,2,61.7,6.0,1,松木大地,57.0,ダ,1400.0,良,95.8,0.0,6-6-2-1,39.0,544.0,-9.0,(クレスコウェイ),60.0
2021101274,ブエイ,2026/04/08,園田,晴,1,C3三,9,1,1,67.1,8.0,9,松木大地,57.0,ダ,1400.0,良,97.0,1.6,6-6-7-7,40.6,553.0,-5.0,ナットビーワン,
2021101274,ブエイ,2026/03/26,園田,曇,1,C3四,10,4,4,39.7,6.0,8,松木大地,57.0,ダ,1400.0,重,98.0,4.5,7-6-8-9,42.7,558.0,2.0,メイショウライズ,
2021101274,ブエイ,2026/02/27,姫路,曇,1,C3二,10,6,6,147.4,10.0,9,松木大地,57.0,ダ,1400.0,稍,99.0,1.9,7-7-6-8,42.3,556.0,-3.0,ユナピンクゴールド,
2021101274,ブエイ,2026/02/10,姫路,晴,1,C3三,10,2,2,69.4,9.0,8,松木大地,57.0,ダ,1400.0,良,99.2,1.4,6-6-7-7,42.8,559.0,-6.0,ワンダーヒナタ,
2021101274,ブエイ,2026/01/27,姫路,曇,1,C3四,10,3,3,21.6,5.0,7,松木大地,57.0,ダ,1400.0,良,99.2,2.0,6-6-7-8,42.6,565.0,-14.0,ガミラスジャクソン,
2021101274,ブエイ,2026/01/14,園田,晴,1,C3二,12,8,12,100.2,9.0,11,松木大地,57.0,ダ,1400.0,良,96.2,2.2,10-9-10-10,41.4,579.0,6.0,ワイワイウォリアー,
2021101274,ブエイ,2025/12/30,園田,晴,1,C3二,10,8,9,17.0,6.0,8,松木大地,57.0,ダ,1400.0,稍,98.3,2.5,9-9-8-8,41.7,573.0,48.0,メイショウマンゲツ,
2021101274,ブエイ,2025/06/20,園田,晴,2,C3二,10,2,2,15.6,6.0,9,竹村達也,57.0,ダ,1400.0,良,96.3,3.4,6-6-6-8,42.7,525.0,-6.0,ココリカレドニアン,
2021101274,ブエイ,2025/06/06,園田,晴,3,C3二,11,3,3,6.1,4.0,11,竹村達也,57.0,ダ,1400.0,良,96.4,1.5,5-5-6-7,41.3,531.0,5.0,クールブリエ,
2021101274,ブエイ,2025/05/23,園田,曇,4,C3二,10,2,2,4.1,3.0,8,竹村達也,57.0,ダ,1400.0,良,96.0,2.0,10-9-10-10,42.2,526.0,-1.0,スエヒロヴァン,
2021101274,ブエイ,2025/05/06,園田,雨,1,C3二,10,6,6,6.3,3.0,3,竹村達也,57.0,ダ,1400.0,重,94.1,0.5,4-4-5-5,40.0,527.0,-8.0,ミストレビノ,15.0
2021101274,ブエイ,2025/04/24,園田,晴,2,C3二,12,5,5,3.8,2.0,12,竹村達也,57.0,ダ,1400.0,稍,96.1,1.8,3-3-4-7,42.3,535.0,12.0,オノマトペ,
2021101274,ブエイ,2025/04/09,園田,晴,3,C3二,12,6,8,4.9,3.0,3,竹村達也,57.0,ダ,1400.0,良,95.0,0.5,5-6-5-5,41.3,523.0,1.0,ヴィンチトーレ,15.0
2021101274,ブエイ,2025/03/27,園田,晴,3,C3二,9,2,2,6.2,3.0,7,竹村達也,56.0,ダ,1400.0,良,95.4,1.7,8-8-9-7,40.6,522.0,-10.0,グリーナリー,
2021101274,ブエイ,2025/03/12,園田,曇,2,C3一,12,5,5,107.5,12.0,3,竹村達也,56.0,ダ,1400.0,重,93.7,0.8,7-7-6-4,40.6,532.0,-2.0,エルアルコン,11.2
2021101274,ブエイ,2025/02/27,姫路,晴,5,柞磨9ハロンC3,12,8,11,64.2,9.0,8,竹村達也,56.0,ダ,1800.0,良,126.7,1.7,10-10-7-8,41.4,534.0,-1.0,ニシノフォーリーフ,
2021101274,ブエイ,2025/02/12,姫路,雨,5,古郡家7ハロンC3一,11,6,8,134.4,10.0,7,竹村達也,56.0,ダ,1400.0,良,96.3,1.2,7-7-8-7,41.3,535.0,9.0,マイネルポインター,
2021101274,ブエイ,2025/01/30,姫路,晴,3,C3一,12,4,4,328.1,11.0,12,竹村達也,56.0,ダ,1400.0,良,96.6,1.9,7-9-11-10,41.6,526.0,-9.0,モウショウ,
2021101274,ブエイ,2025/01/14,園田,晴,6,C2二,12,7,10,106.6,9.0,9,竹村達也,56.0,ダ,1400.0,良,96.0,2.0,9-11-11-11,41.6,535.0,0.0,アカリリッキー,
2021101274,ブエイ,2025/01/02,園田,晴,6,ザ・ぼんち☆来場記念(C2),12,1,1,87.1,11.0,6,竹村達也,56.0,ダ,1400.0,良,94.7,1.2,10-10-10-8,40.4,535.0,-2.0,コンスピリート,
2021101274,ブエイ,2024/12/26,園田,晴,7,C2二,12,6,7,60.7,7.0,10,竹村達也,56.0,ダ,1400.0,良,95.9,2.1,10-9-11-12,40.9,537.0,4.0,ニシノオールマイト,
2021101274,ブエイ,2024/12/10,園田,晴,8,C2二,12,7,10,266.1,12.0,11,竹村達也,56.0,ダ,1400.0,良,95.7,3.6,11-11-11-12,42.2,533.0,2.0,ルージュベルベット,
2021101274,ブエイ,2024/11/26,園田,雨,8,C2二,10,3,3,222.5,10.0,8,竹村達也,56.0,ダ,1400.0,良,94.5,2.3,10-10-10-9,40.7,531.0,7.0,ビーナスライズ,
2021101274,ブエイ,2024/11/12,園田,晴,6,C2三,10,5,5,7.3,4.0,3,竹村達也,56.0,ダ,1400.0,良,95.0,1.6,6-6-5-5,41.6,524.0,4.0,チェリータイム,14.0
2021101274,ブエイ,2024/10/31,園田,曇,6,C2四,10,1,1,118.8,7.0,3,竹村達也,56.0,ダ,1400.0,重,94.6,1.4,6-6-6-5,41.1,520.0,6.0,サンピアノソナタ,14.0
2021101274,ブエイ,2024/10/11,園田,晴,4,C3二,10,8,10,65.9,9.0,1,竹村達也,56.0,ダ,1400.0,良,94.4,-0.3,4-4-2-1,40.7,514.0,-2.0,(プロパルジョン),56.0
2021101274,ブエイ,2024/09/27,園田,曇,4,大日本最年長レスラー(C3),10,7,8,302.5,10.0,8,竹村達也,55.0,ダ,1400.0,良,95.2,2.4,10-10-10-10,40.5,516.0,5.0,リボンピーチ,
2021101274,ブエイ,2024/09/13,園田,晴,4,C3一,9,8,9,70.4,9.0,9,竹村達也,55.0,ダ,1400.0,重,98.5,3.5,8-8-9-9,43.5,511.0,-17.0,ケイアイマヌカ,
2021101274,ブエイ,2024/08/16,園田,曇,9,♪木尾モデル♪来場記(C2),10,2,2,216.3,9.0,10,竹村達也,55.0,ダ,1400.0,稍,97.8,4.3,7-7-7-9,44.0,528.0,7.0,アーティスティック,
2021101274,ブエイ,2024/08/02,園田,晴,8,C2一,8,3,3,137.1,8.0,8,小谷周平,55.0,ダ,1400.0,良,95.5,3.2,6-7-7-8,42.4,521.0,1.0,ワグナーコーヴ,
2021101274,ブエイ,2024/07/19,園田,晴,6,C2二,8,5,5,28.8,8.0,8,小谷周平,55.0,ダ,1400.0,良,98.9,4.5,5-6-7-8,44.5,520.0,-9.0,ジーズデイズ,
2021101274,ブエイ,2024/03/20,園田,曇,9,飲んで応援!ひょうご(BC1),11,6,6,131.0,11.0,6,笹田知宏,56.0,ダ,1700.0,稍,119.7,3.1,7-9-8-8,42.7,529.0,4.0,グランレザンドール,
2021101274,ブエイ,2024/02/27,姫路,晴,9,神姫バス杯3歳AB,8,1,1,94.9,8.0,7,笹田知宏,55.0,ダ,1400.0,稍,95.3,1.5,7-7-7-7,40.8,525.0,0.0,ホクザンバーリイ,
2021101274,ブエイ,2024/02/07,姫路,曇,8,3歳A,5,4,4,23.2,4.0,5,笹田知宏,55.0,ダ,1500.0,重,102.2,0.6,4-4-5-5,39.3,525.0,-1.0,グランゲレーロ,13.0
2021101274,ブエイ,2024/01/24,姫路,晴,2,3歳未勝利リミテッド,10,7,8,15.7,5.0,1,笹田知宏,55.0,ダ,1400.0,良,96.1,-0.2,8-9-4-4,40.2,526.0,-7.0,(ヴァイスドラグナー),80.0
2021101274,ブエイ,2024/01/10,園田,雨,7,3歳B,5,1,1,3.1,2.0,4,笹田知宏,55.0,ダ,1400.0,良,95.2,1.1,5-5-5-5,40.4,533.0,-4.0,スマートアライヴ,15.0
2021101274,ブエイ,2023/12/29,園田,晴,3,2歳未勝利,12,3,3,76.5,9.0,3,笹田知宏,55.0,ダ,1400.0,良,93.7,0.1,5-5-5-4,40.5,537.0,5.0,アコーダンス,22.5
2021101274,ブエイ,2023/12/12,園田,曇,4,2歳未勝利リミテッド,10,6,6,7.6,3.0,5,廣瀬航,55.0,ダ,1230.0,重,84.0,0.9,10-10-9-7,40.5,532.0,5.0,ダズリングアイス,10.0
2021101274,ブエイ,2023/11/29,園田,曇,7,JRA認定アッパート,8,8,9,132.2,8.0,6,小谷周平,55.0,ダ,1700.0,良,117.1,2.4,7-7-5-5,41.8,527.0,3.0,ウェラーマン,
2021101274,ブエイ,2023/11/08,園田,晴,2,2歳,10,7,7,50.5,9.0,3,竹村達也,55.0,ダ,1400.0,重,94.3,0.6,8-8-3-3,40.6,524.0,-3.0,イルローザ,27.5
2021101274,ブエイ,2023/10/27,園田,曇,3,2歳未勝利一,11,1,1,296.1,10.0,7,竹村達也,55.0,ダ,1400.0,良,94.5,2.2,8-8-9-10,39.9,527.0,6.0,ミスターダーリン,
2021101274,ブエイ,2023/10/13,園田,晴,2,2歳150万円以下,12,8,12,49.1,7.0,7,竹村達也,55.0,ダ,1400.0,良,97.2,3.0,4-4-4-5,44.6,521.0,3.0,スマートカプリス,
2021101274,ブエイ,2023/09/27,園田,晴,3,2歳未勝利,12,4,4,114.2,9.0,6,竹村達也,55.0,ダ,1400.0,良,95.9,3.5,11-11-9-8,41.3,518.0,-11.0,ゼンダンノハゲミ,
2021101274,ブエイ,2023/09/15,園田,晴,4,2歳未勝利一,10,1,1,59.6,8.0,9,竹村達也,55.0,ダ,1400.0,良,96.1,2.2,4-4-4-4,42.4,529.0,-1.0,スターマンモス,
2021101274,ブエイ,2023/09/01,園田,晴,3,2歳未勝利一,10,4,4,6.6,5.0,10,竹村達也,55.0,ダ,1230.0,良,85.9,3.0,9-9-9-9,43.6,530.0,6.0,タルナカンワル,
2021101274,ブエイ,2023/08/16,園田,晴,6,2歳未勝利一,9,5,5,,,取,竹村達也,55.0,ダ,1400.0,重,,,,,,,ラッキープルーフ,
2021101274,ブエイ,2023/07/27,園田,晴,6,JRA認定アッパート,5,4,4,11.4,4.0,2,竹村達也,55.0,ダ,1400.0,良,95.0,1.2,2-2-2-2,41.8,524.0,-2.0,ゴールデンロンドン,120.0
2021101274,ブエイ,2023/07/12,園田,晴,4,2歳初出走,8,2,2,42.6,7.0,6,竹村達也,55.0,ダ,1400.0,良,97.6,3.6,7-7-6-6,43.7,526.0,0.0,マミエミモモタロー,
2017105077,ヴァイスリヒト,2026/07/17,園田,晴,5,C3二,10,3,3,5.2,3.0,2,田野豊三,57.0,ダ,1400.0,良,92.3,0.5,8-8-4-4,39.2,468.0,0.0,メイショウサトユキ,24.0
2017105077,ヴァイスリヒト,2026/07/03,園田,晴,4,C3一,10,5,5,8.1,5.0,4,下原理,57.0,ダ,1400.0,稍,94.4,2.1,10-10-9-7,39.6,468.0,-3.0,カーロアヴァンティ,9.0
2017105077,ヴァイスリヒト,2026/06/05,園田,曇,3,C3一,10,3,3,11.8,5.0,5,笹田知宏,57.0,ダ,1400.0,稍,95.1,1.0,7-7-8-8,40.5,471.0,-4.0,パイラタナー,6.0
2017105077,ヴァイスリヒト,2026/05/20,園田,曇,2,C3二,10,6,6,38.4,7.0,2,笹田知宏,57.0,ダ,1400.0,良,94.0,0.6,7-7-9-4,40.3,475.0,-4.0,ヤマニンラベーラ,24.0
2017105077,ヴァイスリヒト,2026/05/04,園田,晴,6,C3一,6,6,6,15.4,4.0,4,笹田知宏,57.0,ダ,1400.0,重,96.8,1.8,4-4-3-3,42.0,479.0,4.0,カレンパンピナップ,9.0
2017105077,ヴァイスリヒト,2026/01/22,姫路,晴,6,C2一,10,1,1,104.7,10.0,7,長尾翼玖,57.0,ダ,1400.0,良,97.4,1.3,8-8-9-9,41.0,475.0,3.0,ノーブルライナー,
2017105077,ヴァイスリヒト,2026/01/07,園田,晴,12,ハボタン賞C1二,10,6,6,320.6,10.0,9,長谷部駿,57.0,ダ,1400.0,良,93.3,1.3,10-10-10-9,39.8,472.0,1.0,ガンバレベアー,
2017105077,ヴァイスリヒト,2025/12/23,園田,晴,9,C1二,9,7,7,195.0,9.0,8,長谷部駿,57.0,ダ,1400.0,稍,94.8,2.5,9-9-8-8,41.5,471.0,0.0,ジーティートゥルー,
2017105077,ヴァイスリヒト,2025/12/03,園田,曇,9,C1二,12,7,10,533.2,12.0,12,長谷部駿,57.0,ダ,1400.0,良,94.1,1.6,12-12-12-12,39.3,471.0,-5.0,スプリガン,
2017105077,ヴァイスリヒト,2025/11/20,園田,晴,9,C1二,9,1,1,297.4,9.0,8,長谷部駿,57.0,ダ,1400.0,良,94.6,2.4,8-8-8-8,40.5,476.0,4.0,スナークサンダー,
2017105077,ヴァイスリヒト,2025/10/30,園田,晴,10,C1一,10,8,10,108.8,8.0,9,長谷部駿,57.0,ダ,1400.0,良,94.3,1.9,10-10-9-10,39.6,472.0,5.0,シャトーエズ,
2017105077,ヴァイスリヒト,2025/10/10,園田,晴,10,尼崎そのだライオンズ(C1),9,8,8,79.1,7.0,8,長谷部駿,57.0,ダ,1400.0,良,93.8,2.5,8-8-8-8,40.3,467.0,-2.0,ベラジオドリーム,
2017105077,ヴァイスリヒト,2025/09/17,園田,曇,9,C1二,8,6,6,47.9,7.0,5,長谷部駿,57.0,ダ,1400.0,良,93.2,2.3,7-7-6-6,40.0,469.0,0.0,ケイアイマウンガ,11.0
2017105077,ヴァイスリヒト,2025/09/03,園田,晴,9,C1二,10,2,2,95.2,9.0,8,長谷部駿,57.0,ダ,1400.0,良,93.2,2.0,10-10-10-9,39.6,469.0,4.0,タガノフルチャンス,
2017105077,ヴァイスリヒト,2025/08/21,園田,晴,12,C1,11,1,1,184.4,11.0,7,長谷部駿,57.0,ダ,1400.0,良,92.6,1.3,11-11-11-9,38.8,465.0,-2.0,チェリカ,
2017105077,ヴァイスリヒト,2025/08/06,園田,晴,10,C1二,9,6,6,183.9,9.0,4,長谷部駿,57.0,ダ,1400.0,良,93.0,0.8,8-8-7-5,39.2,467.0,4.0,シュタールペスカ,16.5
2017105077,ヴァイスリヒト,2025/07/16,園田,晴,12,C1,11,6,7,256.0,11.0,8,長谷部駿,57.0,ダ,1870.0,稍,129.7,2.4,10-10-10-10,41.6,463.0,3.0,キイチオータム,
2017105077,ヴァイスリヒト,2025/06/25,園田,曇,12,C1,12,2,2,205.7,12.0,8,長谷部駿,57.0,ダ,1400.0,稍,94.2,1.4,11-11-10-10,41.2,460.0,-9.0,ノイヤー,
2017105077,ヴァイスリヒト,2025/06/05,園田,晴,12,C1,11,7,9,373.2,11.0,8,中田貴士,57.0,ダ,1700.0,稍,115.9,1.7,11-11-11-11,39.8,469.0,-2.0,メイショウカイコン,
2017105077,ヴァイスリヒト,2025/05/21,園田,曇,8,C1,6,1,1,67.6,6.0,5,中田貴士,57.0,ダ,1870.0,良,128.6,1.8,6-6-6-6,40.3,471.0,-2.0,ライトピラー,11.0
2017105077,ヴァイスリヒト,2025/04/24,園田,晴,10,C1,10,4,4,67.8,8.0,5,中田貴士,57.0,ダ,1870.0,稍,127.2,2.3,7-7-6-6,41.6,473.0,3.0,ジグラート,11.0
2017105077,ヴァイスリヒト,2025/04/09,園田,晴,12,C1,12,5,5,175.5,10.0,8,中田貴士,57.0,ダ,1700.0,良,115.2,1.6,7-7-9-9,40.9,470.0,-1.0,エナアニマル,
2017105077,ヴァイスリヒト,2025/03/13,園田,曇,9,C1,10,2,2,83.4,9.0,5,中田貴士,56.0,ダ,1700.0,稍,117.0,1.3,8-8-9-8,38.7,471.0,3.0,メイショウギシオー,11.0
2017105077,ヴァイスリヒト,2025/02/25,姫路,晴,12,ナノハナ賞C1,10,4,4,217.8,8.0,6,中田貴士,56.0,ダ,1800.0,良,125.1,0.5,7-8-8-7,39.5,468.0,-2.0,ヤマトフェイス,
2017105077,ヴァイスリヒト,2025/02/11,姫路,晴,9,C1,9,3,3,61.2,6.0,8,長谷部駿,56.0,ダ,1800.0,良,125.9,1.1,8-8-8-7,40.6,470.0,0.0,ベラジオラオウ,
2017105077,ヴァイスリヒト,2025/01/28,姫路,晴,9,C1,10,8,9,173.4,9.0,7,長谷部駿,56.0,ダ,1800.0,良,125.2,0.6,10-10-9-9,39.1,470.0,-1.0,ロードレガシー,
2017105077,ヴァイスリヒト,2025/01/14,園田,曇,9,C1,12,5,5,349.6,11.0,7,長谷部駿,56.0,ダ,1870.0,良,129.0,1.6,9-9-9-8,41.1,471.0,4.0,メイショウカイコン,
2017105077,ヴァイスリヒト,2024/12/30,園田,曇,12,C1,11,2,2,183.3,11.0,9,長谷部駿,56.0,ダ,1700.0,良,116.9,2.0,7-7-9-9,39.8,467.0,2.0,ファッシネイトパイ,
2017105077,ヴァイスリヒト,2024/12/10,園田,晴,10,C1,12,8,12,488.0,12.0,8,長谷部駿,56.0,ダ,1870.0,良,128.0,2.4,8-8-11-11,41.1,465.0,-2.0,ケーヴァラ,
2017105077,ヴァイスリヒト,2024/11/19,園田,曇,9,C1一,11,7,9,152.0,8.0,6,長谷部駿,56.0,ダ,1400.0,稍,92.9,1.0,10-9-7-7,39.9,467.0,-1.0,スズヴァレット,
2017105077,ヴァイスリヒト,2024/10/30,園田,晴,10,B2一,9,7,7,216.5,8.0,6,長谷部駿,56.0,ダ,1400.0,重,95.0,1.8,8-8-6-6,39.9,468.0,7.0,メロディメーカー,
2017105077,ヴァイスリヒト,2024/10/16,園田,曇,11,京都畜産特別B2,8,4,4,99.1,7.0,8,長谷部駿,56.0,ダ,1700.0,良,116.3,1.9,5-5-6-6,40.3,461.0,5.0,ラヴィアン,
2017105077,ヴァイスリヒト,2024/09/19,園田,曇,10,チャンピオンジョッキ(B1B2),12,8,11,57.0,9.0,11,戸崎圭太,56.0,ダ,1700.0,良,115.1,2.4,11-11-8-8,40.4,456.0,0.0,コンドリュール,
2017105077,ヴァイスリヒト,2024/09/06,園田,晴,9,パーティーパーティー(B2),8,6,6,9.8,4.0,6,長谷部駿,56.0,ダ,1700.0,良,115.0,1.2,5-5-5-5,40.6,456.0,1.0,エイシンリヒト,
2017105077,ヴァイスリヒト,2024/08/14,園田,雨,11,第2回どこやねん!加(B1B2),11,3,3,136.1,11.0,6,長谷部駿,55.0,ダ,1870.0,稍,128.3,1.7,11-11-11-9,42.1,455.0,-3.0,ホクザンゴールド,
2017105077,ヴァイスリヒト,2024/07/24,園田,曇,10,B2,8,7,7,42.2,6.0,5,長谷部駿,56.0,ダ,1700.0,良,116.5,0.2,7-7-6-6,39.0,458.0,-6.0,サヨノハッピー,13.0
2017105077,ヴァイスリヒト,2024/07/05,園田,晴,11,OBCラジオ大阪もう(B1B2),12,1,1,288.2,11.0,6,長谷部駿,55.0,ダ,1870.0,良,127.9,0.8,10-10-9-8,39.7,464.0,0.0,キングレジェンド,
2017105077,ヴァイスリヒト,2024/06/14,園田,晴,10,B2,10,7,8,57.8,8.0,10,長谷部駿,56.0,ダ,1700.0,良,115.6,2.3,8-8-9-8,41.2,464.0,-4.0,カレーパン,
2017105077,ヴァイスリヒト,2024/05/24,園田,曇,10,B1B2,9,5,5,161.9,8.0,5,長谷部駿,55.0,ダ,1870.0,良,126.8,1.1,7-7-5-5,40.4,468.0,-4.0,マイネルイヴィンス,15.0
2017105077,ヴァイスリヒト,2024/05/02,園田,晴,10,B1B2,11,4,4,155.8,8.0,7,長谷部駿,57.0,ダ,1700.0,稍,116.4,1.6,10-10-8-7,39.8,472.0,5.0,ビナハロン,
2017105077,ヴァイスリヒト,2024/04/10,園田,晴,12,B1B2,12,7,9,245.2,11.0,8,長谷部駿,57.0,ダ,1870.0,重,128.6,1.5,12-12-10-8,42.0,467.0,4.0,マルグリッド,
2017105077,ヴァイスリヒト,2024/03/26,園田,曇,11,日本トーター杯A2B(A2B1),10,8,9,292.6,9.0,7,長谷部駿,55.0,ダ,1700.0,不,115.8,3.2,9-10-9-8,40.4,463.0,-3.0,クフィール,
2017105077,ヴァイスリヒト,2024/03/06,姫路,曇,11,紀の国みかんどり特別(B1B2),11,6,8,20.9,7.0,10,長谷部駿,57.0,ダ,1500.0,重,101.4,2.6,8-8-9-9,41.4,466.0,-2.0,オースミミライ,
2017105077,ヴァイスリヒト,2024/02/22,姫路,曇,9,ルピナス賞B1B2,10,3,3,29.6,6.0,6,長谷部駿,57.0,ダ,1800.0,重,125.8,2.2,9-9-8-8,41.8,468.0,-6.0,スマートウィザード,
2017105077,ヴァイスリヒト,2023/10/26,園田,晴,11,DASHよかわ開設1(A1A2),12,5,6,136.1,10.0,6,長谷部駿,54.0,ダ,1700.0,良,112.6,0.9,9-9-10-9,38.7,474.0,6.0,タガノオボロ,
2017105077,ヴァイスリヒト,2023/09/29,園田,晴,11,スポニチなにわ賞A1(A1A2),10,8,10,64.2,9.0,7,長谷部駿,54.0,ダ,1870.0,良,124.8,0.9,10-10-9-9,38.6,468.0,5.0,トリプルスリル,
2017105077,ヴァイスリヒト,2023/09/06,園田,曇,9,A2B1,7,1,1,14.2,5.0,3,長谷部駿,57.0,ダ,1870.0,稍,127.9,0.8,5-5-5-5,40.0,463.0,-3.0,ホクザンゴールド,50.0
2017105077,ヴァイスリヒト,2023/08/11,園田,晴,11,摂津盃(重賞),12,5,5,109.8,10.0,6,長谷部駿,52.0,ダ,1700.0,良,111.7,1.5,9-9-9-9,39.8,466.0,1.0,ツムタイザン,
2017105077,ヴァイスリヒト,2023/07/21,園田,晴,10,キキョウ賞A2B1,7,1,1,223.6,7.0,2,長谷部駿,57.0,ダ,1870.0,良,127.2,0.4,7-7-6-6,38.1,465.0,-5.0,メイプルプリン,80.0
2017105077,ヴァイスリヒト,2023/06/14,園田,曇,10,A2,10,7,7,435.3,9.0,7,長谷部駿,56.0,ダ,1700.0,稍,116.4,2.0,8-8-6-7,38.9,470.0,-4.0,エコロクラージュ,
2017105077,ヴァイスリヒト,2023/05/11,園田,晴,9,A2,7,3,3,29.7,7.0,5,長谷部駿,56.0,ダ,1870.0,良,127.8,2.0,5-5-5-5,41.7,474.0,-1.0,トップリーチ,20.0
2017105077,ヴァイスリヒト,2023/04/19,園田,曇,11,卯月特別A2B1,12,6,8,151.2,12.0,11,長谷部駿,57.0,ダ,1700.0,重,116.3,1.9,10-9-10-12,39.7,475.0,2.0,ナムラタタ,
2017105077,ヴァイスリヒト,2023/03/31,園田,晴,11,日本トーター杯A2B(A2B1),12,4,4,61.7,11.0,6,長谷部駿,57.0,ダ,1700.0,良,115.1,1.5,8-8-8-7,39.8,473.0,4.0,タガノキングロード,
2017105077,ヴァイスリヒト,2023/03/08,姫路,晴,7,A2B1,6,6,6,7.9,3.0,5,長谷部駿,55.0,ダ,1800.0,良,125.8,0.5,4-4-4-5,37.8,469.0,-4.0,シゲルヒカルダイヤ,18.0
2017105077,ヴァイスリヒト,2023/02/22,姫路,晴,12,B1,12,7,10,26.0,5.0,6,長谷部駿,57.0,ダ,1400.0,稍,92.9,1.2,11-10-9-8,38.2,473.0,-4.0,クリノメガミエース,
2017105077,ヴァイスリヒト,2023/02/01,姫路,曇,10,B1,9,5,5,7.0,4.0,1,長谷部駿,56.0,ダ,1800.0,良,122.5,-0.1,7-6-7-5,38.5,477.0,6.0,(ベルレフォーン),150.0
2017105077,ヴァイスリヒト,2023/01/17,姫路,晴,11,寒風特別B1,10,3,3,19.1,6.0,2,長谷部駿,56.0,ダ,1400.0,稍,93.3,0.2,9-8-9-8,38.1,471.0,-2.0,ヒロシゲサンライズ,60.0
2017105077,ヴァイスリヒト,2022/12/30,園田,晴,10,B1,9,8,8,18.6,4.0,2,長谷部駿,56.0,ダ,1870.0,良,128.5,0.2,6-5-6-6,38.1,473.0,4.0,ディーグランデ,60.0
2017105077,ヴァイスリヒト,2022/12/14,園田,晴,10,近畿畜産特別B1,12,6,8,31.9,8.0,6,長谷部駿,56.0,ダ,1700.0,良,114.9,0.5,11-11-10-7,38.2,469.0,-1.0,タガノキングロード,
2017105077,ヴァイスリヒト,2022/11/30,園田,曇,12,B2,12,7,9,15.6,6.0,1,中田貴士,56.0,ダ,1700.0,重,112.8,-0.2,9-9-8-6,39.4,470.0,1.0,(マブイーグル),130.0
2017105077,ヴァイスリヒト,2022/11/16,園田,晴,10,吉川温泉よかたん特別(B1B2),9,7,8,23.5,5.0,2,長谷部駿,55.0,ダ,1870.0,稍,127.1,0.2,7-7-6-4,40.1,469.0,-5.0,シークレットローザ,60.0
2017105077,ヴァイスリヒト,2022/11/03,園田,晴,8,おゝ浜のポン酢特別B(B1B2),9,8,9,14.3,5.0,6,長谷部駿,55.0,ダ,1700.0,良,116.2,1.2,8-8-8-7,38.7,474.0,5.0,マッチョサスポ,
2017105077,ヴァイスリヒト,2022/10/19,園田,晴,11,京都畜産特別B2,11,6,7,44.0,9.0,4,長谷部駿,56.0,ダ,1700.0,良,118.0,0.4,3-3-3-3,37.7,469.0,2.0,シバノレイワ,19.5
2017105077,ヴァイスリヒト,2022/09/28,園田,曇,10,B2,11,3,3,25.9,9.0,4,長谷部駿,56.0,ダ,1700.0,稍,114.0,1.3,11-10-7-6,38.7,467.0,1.0,マッチョサスポ,19.5
2017105077,ヴァイスリヒト,2022/09/07,園田,曇,11,第29回チャンピオン(B1B2),12,5,6,21.2,6.0,2,山本聡哉,56.0,ダ,1700.0,良,113.5,0.3,7-7-4-3,40.6,466.0,5.0,メイショウフウカ,64.0
2017105077,ヴァイスリヒト,2022/08/19,園田,晴,6,B2,6,5,5,12.1,5.0,4,長谷部駿,56.0,ダ,1870.0,稍,131.5,0.6,5-6-3-3,39.4,461.0,-2.0,エイシンスコビル,19.5
2017105077,ヴァイスリヒト,2022/08/05,園田,曇,10,B2,8,8,8,9.7,3.0,6,長谷部駿,56.0,ダ,1400.0,重,93.0,2.5,8-8-7-7,39.8,463.0,1.0,ピンクマルガリータ,
2017105077,ヴァイスリヒト,2022/07/14,園田,雨,11,夕凪特別B2,12,3,3,26.9,5.0,4,長谷部駿,56.0,ダ,1400.0,重,92.7,1.2,11-11-10-8,39.7,462.0,0.0,デスティニープラン,19.5
2017105077,ヴァイスリヒト,2022/06/24,園田,晴,10,B2,12,4,4,22.0,6.0,4,長谷部駿,56.0,ダ,1400.0,良,91.8,0.4,12-12-11-10,38.9,462.0,-8.0,ワーイズオーバー,19.5
2017105077,ヴァイスリヒト,2022/06/10,園田,晴,10,キキョウ賞B2一,9,2,2,46.7,5.0,5,長谷部駿,56.0,ダ,1400.0,良,91.7,1.2,9-9-9-8,39.0,470.0,3.0,ケンジーフェイス,13.0
2017105077,ヴァイスリヒト,2022/05/19,園田,晴,10,B2,11,6,6,12.1,4.0,4,長谷部駿,56.0,ダ,1400.0,良,92.0,0.8,11-11-11-9,38.5,467.0,-4.0,ジューンマウス,19.5
2017105077,ヴァイスリヒト,2022/05/04,園田,晴,10,オリーブ賞B2C1,10,8,10,11.1,4.0,2,長谷部駿,57.0,ダ,1700.0,良,115.0,0.0,8-8-6-5,39.7,471.0,0.0,ボルカンバル,52.0
2017105077,ヴァイスリヒト,2022/04/21,園田,雨,10,B2一,8,2,2,22.5,5.0,6,長谷部駿,56.0,ダ,1400.0,稍,93.0,1.4,8-7-7-6,37.9,471.0,-3.0,ヒロシゲサンライズ,
2017105077,ヴァイスリヒト,2022/03/30,園田,晴,10,つくし賞B2,12,5,6,16.2,5.0,3,長谷部駿,56.0,ダ,1400.0,良,92.1,1.0,10-9-8-8,38.7,474.0,4.0,ピスハンド,27.5
2017105077,ヴァイスリヒト,2022/03/16,園田,晴,10,B2,8,6,6,10.0,3.0,3,長谷部駿,56.0,ダ,1400.0,良,92.4,1.1,8-8-8-8,37.9,470.0,-1.0,ブラッティーキッド,27.5
2017105077,ヴァイスリヒト,2022/03/03,園田,曇,10,ミモザ賞B2一,9,8,10,10.1,3.0,3,中田貴士,56.0,ダ,1400.0,稍,91.7,1.4,7-7-6-4,39.0,471.0,0.0,ターニングアップ,27.5
2017105077,ヴァイスリヒト,2022/02/17,姫路,晴,10,アネモネ賞B2,12,1,1,34.8,8.0,3,長谷部駿,56.0,ダ,1400.0,良,92.2,0.7,12-12-11-10,38.1,471.0,0.0,パールプレミア,27.5
2017105077,ヴァイスリヒト,2022/01/27,姫路,曇,11,ひょうごの穂々笑実特(B2),12,6,8,8.6,5.0,7,長谷部駿,56.0,ダ,1400.0,良,93.4,1.1,9-9-6-7,38.8,471.0,-1.0,トリニティノット,
2017105077,ヴァイスリヒト,2022/01/12,姫路,曇,10,B2,12,8,12,27.3,8.0,2,長谷部駿,56.0,ダ,1500.0,良,98.5,0.4,9-9-9-5,38.6,472.0,3.0,トウケイメニモミヨ,44.0
2017105077,ヴァイスリヒト,2021/12/23,園田,晴,11,猪名川町いなぼう特別(B2),11,5,5,107.8,9.0,3,長谷部駿,56.0,ダ,1400.0,稍,91.5,1.7,11-11-9-8,40.0,469.0,-2.0,ベストオブラック,27.5
2017105077,ヴァイスリヒト,2021/12/09,園田,晴,11,DASH心斉橋特別C(C1),11,4,4,72.6,6.0,4,長谷部駿,56.0,ダ,1400.0,稍,93.4,1.2,10-9-6-6,39.2,471.0,2.0,メイショウイジゲン,13.5
2017105077,ヴァイスリヒト,2021/11/23,園田,曇,10,C1一,12,2,2,33.1,7.0,7,長谷部駿,56.0,ダ,1400.0,重,94.5,1.7,11-11-11-8,39.7,469.0,1.0,フィールマイソウル,
2017105077,ヴァイスリヒト,2021/11/10,園田,曇,12,C1,12,5,6,44.6,8.0,7,大柿一真,57.0,ダ,1400.0,重,94.2,1.2,10-9-11-10,40.0,468.0,4.0,ウィズザワールド,
2017105077,ヴァイスリヒト,2021/10/20,園田,晴,9,C1二,11,8,10,18.0,6.0,1,長谷部駿,56.0,ダ,1400.0,良,92.3,0.0,7-7-6-5,39.7,464.0,-1.0,(クツワノセキトリ),80.0
2017105077,ヴァイスリヒト,2021/10/08,園田,晴,10,ホトトギス賞C1,11,3,3,31.4,8.0,5,長谷部駿,56.0,ダ,1400.0,良,91.8,0.8,10-10-7-7,38.9,465.0,0.0,サンライズシップ,9.0
2017105077,ヴァイスリヒト,2021/09/15,園田,曇,7,C1,6,6,6,29.6,6.0,4,長谷部駿,56.0,ダ,1700.0,重,116.4,1.2,5-5-3-4,39.7,465.0,6.0,フィールマイソウル,13.5
2017105077,ヴァイスリヒト,2021/08/26,園田,曇,9,C1二,12,2,2,29.2,5.0,5,長谷部駿,56.0,ダ,1400.0,良,92.1,1.1,11-12-11-7,39.6,459.0,-6.0,サキガケバイオ,8.0
2017105077,ヴァイスリヒト,2021/08/12,園田,雨,7,C2一,10,8,9,18.9,7.0,1,長谷部駿,56.0,ダ,1400.0,不,92.2,-0.4,8-8-6-3,39.7,465.0,7.0,(トーセンアレックス),60.0
2017105077,ヴァイスリヒト,2021/07/30,園田,晴,8,C2一,10,3,3,24.3,6.0,4,長谷部駿,56.0,ダ,1400.0,良,91.7,0.7,8-8-8-8,38.8,458.0,-2.0,エコロブラスト,9.0
2017105077,ヴァイスリヒト,2021/07/16,園田,曇,12,グラジオラス賞C2,12,1,1,35.9,8.0,10,田中学,56.0,ダ,1700.0,重,118.5,4.4,6-6-6-6,40.4,460.0,0.0,ビーザベスト,
2017105077,ヴァイスリヒト,2021/07/02,園田,曇,12,C1,12,6,8,29.2,7.0,5,大柿一真,56.0,ダ,1400.0,不,93.3,2.8,9-8-9-7,40.9,460.0,-6.0,アカリン,8.0
2017105077,ヴァイスリヒト,2021/06/16,園田,曇,8,C1,12,6,8,44.4,8.0,5,大柿一真,56.0,ダ,1400.0,重,92.0,0.9,8-8-7-5,40.0,466.0,1.0,タガノオボロ,8.0
2017105077,ヴァイスリヒト,2021/06/04,園田,雨,8,C1,9,8,8,3.8,2.0,7,田中学,56.0,ダ,1400.0,不,93.1,0.9,5-6-4-6,40.7,465.0,1.0,デルマジン,
2017105077,ヴァイスリヒト,2021/05/20,園田,雨,9,C1,12,8,11,21.8,6.0,2,長谷部駿,56.0,ダ,1400.0,不,92.3,0.1,12-12-5-5,40.2,464.0,-5.0,ロマングレース,32.0
2017105077,ヴァイスリヒト,2021/05/04,園田,晴,9,C1一,12,6,8,72.5,8.0,4,長谷部駿,56.0,ダ,1400.0,良,92.7,1.1,9-9-9-9,39.8,469.0,-1.0,ピスハンド,12.0
2017105077,ヴァイスリヒト,2021/04/16,園田,曇,8,C1二,10,2,2,5.8,4.0,3,田中学,56.0,ダ,1400.0,良,92.5,0.3,7-6-5-3,40.1,470.0,0.0,パリスデージー,20.0
2017105077,ヴァイスリヒト,2021/03/30,姫路,曇,10,C1,11,8,11,31.8,9.0,5,長谷部駿,56.0,ダ,1800.0,稍,123.5,1.1,3-3-4-4,40.9,470.0,0.0,サンライズアカシア,5.6
2017105077,ヴァイスリヒト,2021/03/18,姫路,晴,7,C1二,9,5,5,75.2,8.0,4,長谷部駿,56.0,ダ,1400.0,良,91.7,1.1,9-9-8-7,38.8,470.0,0.0,メイショウコホク,7.0
2017105077,ヴァイスリヒト,2021/03/04,姫路,曇,8,C1二,12,8,12,13.4,5.0,4,長谷部駿,56.0,ダ,1400.0,稍,94.1,0.4,2-2-2-2,38.7,470.0,-1.0,スズベルベット,6.5
2017105077,ヴァイスリヒト,2021/02/18,姫路,晴,8,C1二,12,6,7,38.7,8.0,4,長谷部駿,56.0,ダ,1400.0,良,93.1,0.5,4-4-4-4,40.2,471.0,7.0,オメガドラゴン,6.5
2017105077,ヴァイスリヒト,2021/01/15,姫路,晴,12,ロウバイ賞C1,12,3,3,157.0,12.0,6,大柿一真,56.0,ダ,1500.0,良,98.6,0.5,9-10-9-10,38.0,464.0,3.0,ロワシャンパーニュ,
2017105077,ヴァイスリヒト,2020/12/24,園田,雨,11,C2,11,3,3,31.3,7.0,3,大柿一真,56.0,ダ,1400.0,稍,92.9,0.5,7-6-6-5,40.9,461.0,0.0,アービルビエント,7.7
2017105077,ヴァイスリヒト,2020/12/08,園田,晴,5,C2一,10,3,3,34.9,7.0,7,山本咲希,57.0,ダ,1400.0,良,94.1,1.5,6-8-6-6,40.5,461.0,0.0,ダノンローチェ,
2017105077,ヴァイスリヒト,2020/11/25,園田,曇,5,C2三,10,2,2,4.4,3.0,1,田中学,56.0,ダ,1400.0,良,93.3,-0.7,2-2-2-2,39.8,461.0,1.0,(ゴーンホーム),50.0
2017105077,ヴァイスリヒト,2020/11/10,園田,晴,9,C2,9,2,2,54.0,6.0,6,大柿一真,56.0,ダ,1870.0,良,129.6,1.8,9-9-7-7,40.8,460.0,-2.0,ゼットピアレス,
2017105077,ヴァイスリヒト,2020/10/29,園田,晴,5,C2二,10,7,8,61.2,8.0,7,大山真吾,56.0,ダ,1400.0,良,92.8,2.7,7-7-5-6,40.8,462.0,1.0,サンデーパームス,
2017105077,ヴァイスリヒト,2020/10/14,園田,晴,6,C2三,10,7,8,5.6,2.0,3,田中学,56.0,ダ,1400.0,良,93.5,1.0,2-2-2-2,41.5,461.0,-1.0,キョウトブッサ,7.0
2017105077,ヴァイスリヒト,2020/08/30,2札幌6,雨,4,3歳未勝利,16,5,9,22.3,9.0,8,古川吉洋,56.0,芝,2000.0,重,128.0,2.2,13-13-13-4,38.2,462.0,2.0,ララロトリー,
2017105077,ヴァイスリヒト,2020/08/09,1札幌6,晴,6,3歳未勝利,14,5,8,43.2,8.0,11,古川吉洋,56.0,芝,2600.0,良,164.1,2.0,13-13-11-10,36.4,460.0,6.0,サトノエスペランサ,
2017105077,ヴァイスリヒト,2020/07/25,1札幌1,晴,6,3歳未勝利,15,6,11,13.8,4.0,11,古川吉洋,56.0,芝,2000.0,良,122.8,1.5,8-7-5-4,37.0,454.0,-6.0,ユークレース,
2017105077,ヴァイスリヒト,2020/07/12,2函館4,曇,6,3歳未勝利,15,4,7,9.7,3.0,5,古川吉洋,56.0,芝,2000.0,良,123.1,1.0,3-3-4-2,37.5,460.0,4.0,マッチレスノヴェル,51.0
2017105077,ヴァイスリヒト,2020/06/20,1函館3,晴,3,3歳未勝利,13,1,1,17.0,7.0,3,古川吉洋,56.0,芝,2000.0,良,120.5,0.8,9-9-6-4,36.5,456.0,2.0,ピースディオン,130.0
2017105077,ヴァイスリヒト,2020/05/31,3京都12,雨,3,3歳未勝利,18,5,9,20.8,7.0,8,幸英明,56.0,芝,2400.0,良,148.8,0.7,16-16-13-8,36.4,454.0,-8.0,ナムラドン,
2017105077,ヴァイスリヒト,2020/02/29,1阪神1,曇,5,3歳未勝利,13,3,3,48.7,9.0,5,幸英明,56.0,芝,2400.0,良,148.7,1.4,8-7-10-9,34.6,462.0,0.0,フライライクバード,51.0
2017105077,ヴァイスリヒト,2020/02/02,1小倉6,晴,1,3歳未勝利,16,8,16,36.5,8.0,13,横山武史,56.0,ダ,1700.0,重,108.3,2.5,10-7-7-9,39.9,462.0,-6.0,ジェットマックス,
2017105077,ヴァイスリヒト,2020/01/13,1京都5,晴,5,3歳未勝利,16,2,3,59.7,10.0,13,松山弘平,56.0,芝,1800.0,良,111.8,1.4,4-4,37.4,468.0,4.0,ファルコニア,
2017105077,ヴァイスリヒト,2019/12/15,5阪神6,晴,4,2歳未勝利,18,6,11,12.9,5.0,11,スミヨン,55.0,芝,1800.0,良,109.3,1.7,12-11,36.1,464.0,6.0,ヴァルコス,
2017105077,ヴァイスリヒト,2019/09/21,4阪神6,曇,3,2歳未勝利,9,4,4,7.5,4.0,3,北村友一,54.0,芝,1800.0,良,108.8,0.8,5-5,33.8,458.0,2.0,ソウルトレイン,130.0
2017105077,ヴァイスリヒト,2019/08/24,2小倉9,曇,2,2歳未勝利,9,2,2,6.5,3.0,3,北村友一,54.0,芝,1800.0,良,110.0,0.5,8-8-8-7,34.6,456.0,-4.0,クリスティ,130.0
2017105077,ヴァイスリヒト,2019/08/04,2小倉4,晴,5,2歳新馬,16,7,13,23.3,8.0,4,北村友一,54.0,芝,1800.0,良,110.9,0.6,12-12-12-8,34.9,460.0,0.0,シリアスフール,110.0
2021106253,セキセイ,2026/02/25,姫路,雨,7,C2一,9,4,4,32.9,7.0,9,石堂響,58.0,ダ,1400.0,不,96.8,2.3,4-5-7-8,42.5,493.0,0.0,クライムエンジェル,
2021106253,セキセイ,2026/02/03,姫路,晴,8,C2二,10,4,4,9.7,3.0,1,石堂響,57.0,ダ,1400.0,良,95.8,-0.1,4-5-3-3,40.5,493.0,-3.0,(ナムラデュラン),70.0
2021106253,セキセイ,2026/01/08,園田,晴,9,C2一,10,8,10,33.1,6.0,9,石堂響,57.0,ダ,1400.0,良,92.9,0.5,7-7-8-9,40.1,496.0,-3.0,スマートキングダム,
2021106253,セキセイ,2025/12/23,園田,晴,8,C2一,10,7,8,74.9,7.0,3,石堂響,57.0,ダ,1400.0,稍,93.0,1.2,8-8-8-7,41.1,499.0,9.0,ベラジオハルカ,17.5
2021106253,セキセイ,2025/12/03,園田,曇,7,C2二,10,3,3,9.2,5.0,3,石堂響,57.0,ダ,1400.0,良,94.0,1.5,10-10-9-7,40.4,490.0,-13.0,クラシカルカイザー,17.5
2021106253,セキセイ,2025/11/13,園田,曇,8,C2二,10,7,8,27.0,6.0,3,石堂響,57.0,ダ,1400.0,稍,94.1,0.8,9-9-6-6,40.5,503.0,9.0,ビーム,17.5
2021106253,セキセイ,2025/10/28,園田,曇,9,C2一,9,5,5,12.3,4.0,4,石堂響,57.0,ダ,1400.0,稍,93.7,1.0,5-5-2-4,41.3,494.0,4.0,スナークサンダー,10.5
2021106253,セキセイ,2025/10/15,園田,曇,7,C2二,10,7,7,20.2,4.0,6,石堂響,57.0,ダ,1400.0,良,93.8,1.8,3-3-5-4,41.2,490.0,-2.0,ジョーブラック,
2021106253,セキセイ,2025/09/24,園田,曇,10,丹波篠山黒豆特別C2,10,7,7,24.6,5.0,3,石堂響,57.0,ダ,1400.0,良,92.9,0.6,3-3-3-3,39.7,492.0,16.0,キクノクライフ,17.5
2021106253,セキセイ,2025/02/16,1京都6,曇,7,4歳以上1勝クラス,13,6,8,114.0,12.0,13,吉村誠之,55.0,ダ,1800.0,稍,118.3,4.1,3-4-6-11,41.4,476.0,0.0,アリエスキング,
2021106253,セキセイ,2024/10/14,4東京4,晴,8,3歳以上1勝クラス,17,4,8,360.2,16.0,14,柴田大知,56.0,芝,1600.0,良,95.0,2.3,11-11,35.9,476.0,6.0,コンテネレッツア,
2021106253,セキセイ,2024/08/18,3新潟4,晴,7,3歳未勝利,18,3,5,134.3,10.0,18,松岡正海,57.0,芝,2000.0,良,126.7,5.9,1-1-1-4,41.0,470.0,-4.0,クロシェットノエル,
2021106253,セキセイ,2024/07/14,2福島6,晴,4,3歳未勝利,16,8,16,109.2,11.0,14,柴田大知,57.0,ダ,1150.0,稍,72.4,3.5,13-13,38.9,474.0,0.0,ペイシャスウィフト,
2022104236,キモンニコラス,2026/07/17,園田,晴,6,C3一,10,5,5,165.4,10.0,6,永井孝典,57.0,ダ,1400.0,良,92.6,1.6,2-2-2-5,40.2,458.0,-2.0,モモロイヤル,
2022104236,キモンニコラス,2026/06/24,園田,曇,4,小部7ハロンC2二,12,5,5,82.4,11.0,9,永井孝典,57.0,ダ,1400.0,稍,95.0,1.6,7-7-5-7,41.8,460.0,-2.0,ノーブルライナー,
2022104236,キモンニコラス,2026/06/10,園田,晴,4,青木7ハロンC2二,12,4,4,96.3,9.0,12,永井孝典,57.0,ダ,1400.0,稍,96.0,2.0,5-5-7-9,41.7,462.0,2.0,チャンピオンセーラ,
2022104236,キモンニコラス,2026/05/22,園田,晴,9,C2二,11,6,7,52.3,6.0,5,永井孝典,57.0,ダ,1400.0,重,95.2,1.2,2-2-3-3,41.3,460.0,-8.0,ミキヨウッドテール,7.0
2022104236,キモンニコラス,2026/05/06,園田,曇,5,2026GWシリーズ(C2),10,1,1,5.5,3.0,9,吉村智洋,57.0,ダ,1400.0,稍,96.4,2.4,8-8-8-9,40.7,468.0,4.0,メイショウヤスマサ,
2022104236,キモンニコラス,2026/04/04,高知,雨,3,C3ー4,8,7,7,29.3,7.0,4,郷間勇太,57.0,ダ,1300.0,不,83.7,0.7,5-6-6-5,39.5,464.0,11.0,レモンシフォン,12.0
2022104236,キモンニコラス,2026/03/23,高知,晴,4,C3ー5,8,4,4,44.4,6.0,3,郷間勇太,57.0,ダ,1600.0,重,107.4,1.2,6-6-5-5,39.8,453.0,0.0,セリオヴェローチェ,15.0
2022104236,キモンニコラス,2026/03/17,高知,晴,8,ファイナルレース(C3),12,1,1,8.8,4.0,3,郷間勇太,57.0,ダ,1400.0,良,95.2,1.9,6-6-6-5,41.4,453.0,1.0,テソリーノ,15.0
2022104236,キモンニコラス,2026/03/11,高知,晴,5,C3ー6,8,5,5,13.2,3.0,2,郷間勇太,57.0,ダ,1600.0,稍,109.0,0.3,3-3-3-2,40.3,452.0,-2.0,スーパーキティ,24.0
2022104236,キモンニコラス,2026/03/03,高知,曇,4,C3ー6,10,4,4,19.1,6.0,8,郷間勇太,57.0,ダ,1300.0,不,85.6,2.4,7-7-7-7,41.1,454.0,2.0,ギンガエクスプレス,
2022104236,キモンニコラス,2026/02/23,高知,晴,2,C3ー5,9,5,5,25.4,7.0,5,郷間勇太,57.0,ダ,1400.0,良,94.5,1.5,6-6-6-5,40.3,452.0,1.0,メイショウイヌワシ,6.0
2022104236,キモンニコラス,2026/02/17,高知,晴,9,ファイナルレース(C3),11,4,4,5.2,3.0,3,郷間勇太,57.0,ダ,1600.0,稍,109.9,0.0,5-5-5-3,40.9,451.0,-4.0,エースオーディン,15.0
2022104236,キモンニコラス,2026/02/11,高知,曇,3,C3ー8,12,4,4,43.7,5.0,2,郷間勇太,57.0,ダ,1300.0,重,85.3,1.6,6-6-5-3,39.5,455.0,3.0,スリーローズ,24.0
2022104236,キモンニコラス,2026/02/02,高知,晴,9,ファイナルレース(C3),12,1,1,17.8,9.0,4,郷間勇太,57.0,ダ,1400.0,良,93.0,0.6,6-6-5-4,40.1,452.0,-3.0,リライトヒストリー,9.0
2022104236,キモンニコラス,2026/01/27,高知,晴,10,ファイナルレース(C3),10,8,11,22.7,10.0,4,郷間勇太,57.0,ダ,1600.0,良,108.1,1.0,7-7-7-6,40.5,455.0,-1.0,エッグハント,9.0
2022104236,キモンニコラス,2026/01/20,高知,晴,11,ファイナルレース(C3),12,2,2,17.3,7.0,5,郷間勇太,57.0,ダ,1300.0,良,88.2,0.4,6-6-6-3,40.5,456.0,-6.0,カズラポニアン,6.0
2022104236,キモンニコラス,2026/01/12,高知,晴,4,ポンカン特別(C3),9,1,1,15.2,4.0,7,郷間勇太,57.0,ダ,1400.0,良,94.4,0.9,5-5-5-6,41.7,462.0,2.0,チャンピオンリボン,
2022104236,キモンニコラス,2026/01/01,高知,晴,11,ファイナルレース(C3),12,2,2,8.7,7.0,8,郷間勇太,57.0,ダ,1300.0,良,87.4,1.7,4-5-5-7,41.1,460.0,-3.0,ポジティブガール,
2022104236,キモンニコラス,2025/12/21,高知,曇,8,C3ー12,11,3,3,221.3,10.0,8,郷間勇太,57.0,ダ,1400.0,重,92.7,1.4,6-6-6-8,40.2,463.0,3.0,ニットウライジン,
2022104236,キモンニコラス,2025/12/06,高知,晴,11,ファイナルレース(C3),12,6,8,33.3,9.0,4,郷間勇太,57.0,ダ,1300.0,良,87.8,1.8,4-4-5-4,40.8,460.0,-5.0,ジョーエルピーゾ,9.0
2022104236,キモンニコラス,2025/11/24,高知,曇,9,C3ー14,9,6,6,78.3,6.0,4,郷間勇太,57.0,ダ,1600.0,良,109.1,1.5,4-4-5-5,41.8,465.0,1.0,モーニングヘイズ,9.0
2022104236,キモンニコラス,2025/11/08,高知,晴,1,徳島県うずしお特別(C3),10,1,1,98.2,8.0,8,山崎雅由,57.0,ダ,1400.0,稍,95.6,3.2,7-8-8-8,42.2,464.0,0.0,ワイドレッド,
2022104236,キモンニコラス,2025/10/26,高知,晴,11,ファイナルレース(C3),12,8,11,10.3,6.0,8,郷間勇太,57.0,ダ,1300.0,不,87.1,1.8,7-8-8-9,41.1,464.0,5.0,シティオブロンドン,
2022104236,キモンニコラス,2025/10/11,高知,曇,2,C3ー13,9,4,4,23.1,5.0,5,郷間勇太,57.0,ダ,1600.0,稍,112.4,2.6,3-4-4-4,41.0,459.0,-3.0,ビバジョー,6.0
2022104236,キモンニコラス,2025/09/28,高知,曇,12,ファイナルレース(3歳),11,8,12,18.0,8.0,3,郷間勇太,57.0,ダ,1300.0,不,85.6,0.9,4-6-6-5,39.8,462.0,4.0,ジョウショーメイク,15.0
2022104236,キモンニコラス,2025/09/14,高知,晴,9,3歳ー2,12,8,12,92.7,11.0,10,郷間勇太,57.0,ダ,1400.0,重,95.0,2.9,8-8-7-9,41.4,458.0,2.0,コパノジェームス,
2022104236,キモンニコラス,2025/08/02,高知,晴,8,鳴子特別(3歳),11,7,9,163.8,9.0,9,郷間勇太,57.0,ダ,1300.0,良,86.4,1.7,9-8-9-8,40.5,456.0,-1.0,イットウショウグウ,
2022104236,キモンニコラス,2025/07/20,高知,晴,10,ファイナルレース(3歳),12,6,7,28.5,9.0,11,郷間勇太,57.0,ダ,800.0,不,50.8,2.6,12-12,36.7,457.0,7.0,リワードエレイン,
2022104236,キモンニコラス,2025/07/05,高知,晴,11,ファイナルレース(3歳),11,8,12,22.9,9.0,3,郷間勇太,57.0,ダ,1400.0,良,93.1,0.7,5-4-4-3,41.2,450.0,-9.0,ワグナーチューバ,15.0
2022104236,キモンニコラス,2025/06/22,高知,曇,7,3歳ー2,9,4,4,95.4,9.0,8,郷間勇太,57.0,ダ,1300.0,重,86.0,1.8,6-6-7-8,39.1,459.0,0.0,クエンカ,
2022104236,キモンニコラス,2025/06/08,高知,曇,5,3歳ー1,10,2,2,60.0,7.0,5,上田将司,57.0,ダ,1400.0,稍,92.7,1.1,8-7-8-7,39.8,459.0,-4.0,イットウショウグウ,6.0
2022104236,キモンニコラス,2025/05/10,高知,曇,2,ぼうしパン特別(3歳),10,8,9,33.1,7.0,7,山崎雅由,57.0,ダ,1600.0,不,108.1,1.3,5-6-5-7,40.0,463.0,0.0,チョットヤバイヨネ,
2022104236,キモンニコラス,2025/04/26,高知,晴,10,ファイナルレース(3歳),12,5,5,7.6,4.0,5,赤岡修次,57.0,ダ,1300.0,重,87.0,1.0,6-6-7-7,41.4,463.0,6.0,ペタルビジュー,6.0
2022104236,キモンニコラス,2025/04/12,高知,晴,3,3歳ー2,10,4,4,54.5,7.0,5,郷間勇太,57.0,ダ,1400.0,稍,96.6,1.2,9-9-9-9,41.2,457.0,3.0,フルメタルレディ,6.0
2022104236,キモンニコラス,2025/03/23,高知,晴,3,3歳ー1,9,7,7,28.7,7.0,4,郷間勇太,56.0,ダ,1300.0,稍,87.1,1.4,4-6-4-4,40.3,454.0,-2.0,ユアマイドリーム,9.0
2022104236,キモンニコラス,2025/03/18,高知,晴,1,竜王盃(3歳),11,6,7,81.9,10.0,8,郷間勇太,56.0,ダ,1400.0,重,94.0,2.3,7-5-6-7,42.1,456.0,3.0,サンライズアレス,
2022104236,キモンニコラス,2025/03/09,高知,晴,3,3歳ー2,10,7,8,19.3,6.0,4,加藤翔馬,56.0,ダ,1300.0,重,86.0,0.4,5-6-5-6,40.4,453.0,-6.0,コパノキュラソー,9.0
2022104236,キモンニコラス,2025/03/02,高知,曇,2,大好き高知競馬特別(3歳),10,7,7,23.3,4.0,4,郷間勇太,56.0,ダ,1300.0,重,86.4,0.5,5-5-5-5,39.8,459.0,0.0,クリノチャールズ,9.0
2022104236,キモンニコラス,2025/02/25,高知,晴,2,横浪盃(3歳),12,3,3,66.1,9.0,10,郷間勇太,56.0,ダ,1400.0,良,95.8,2.3,6-6-6-6,43.6,459.0,-2.0,リバイブローズ,
2022104236,キモンニコラス,2025/02/12,高知,小雨,2,足摺盃(3歳),9,7,7,22.5,5.0,3,郷間勇太,56.0,ダ,1400.0,重,94.0,0.4,6-7-7-4,41.7,461.0,1.0,バーニングフレーム,35.0
2022104236,キモンニコラス,2025/02/02,高知,曇,2,3歳ー1,7,5,5,22.6,6.0,3,郷間勇太,56.0,ダ,1300.0,重,86.7,0.7,5-5-5-4,40.5,460.0,1.0,コパノキュラソー,12.0
2022104236,キモンニコラス,2025/01/26,高知,晴,6,土佐水木特別(3歳),11,7,8,112.7,7.0,4,郷間勇太,56.0,ダ,1600.0,良,114.2,4.3,5-5-5-5,44.1,459.0,0.0,リケアカプチーノ,60.0
2022104236,キモンニコラス,2025/01/21,高知,晴,2,竜頭盃(3歳),11,6,7,174.6,11.0,6,林謙佑,56.0,ダ,1900.0,稍,135.2,1.2,2-2-4-5,42.3,459.0,-1.0,リューノス,
2022104236,キモンニコラス,2025/01/12,高知,晴,3,台風くん布教感謝特別(3歳),9,6,6,6.8,4.0,5,郷間勇太,56.0,ダ,1300.0,稍,89.0,0.5,6-6-6-6,41.8,460.0,-6.0,ワグナーチューバ,6.0
2022104236,キモンニコラス,2025/01/05,高知,晴,4,陽向2才おめでと特別(3歳),9,3,3,93.6,8.0,4,郷間勇太,56.0,ダ,1400.0,良,95.2,0.8,5-5-5-6,41.2,466.0,-1.0,ピクチャーカード,9.0
2022104236,キモンニコラス,2024/12/28,高知,晴,2,2歳ー4,9,3,3,11.1,4.0,4,郷間勇太,55.0,ダ,1300.0,良,90.5,1.1,7-6-5-4,43.6,467.0,4.0,ブランカアンヘル,13.5
2022104236,キモンニコラス,2024/12/14,高知,晴,3,2歳ー3,11,4,4,56.1,7.0,3,郷間勇太,55.0,ダ,1300.0,良,89.1,1.4,7-7-7-4,41.9,463.0,0.0,リケアマキアート,22.5
2022104236,キモンニコラス,2024/11/30,高知,晴,2,将充騎手お疲れ様特別(2歳),12,7,9,42.8,5.0,2,郷間勇太,55.0,ダ,1300.0,稍,88.1,1.3,8-6-5-4,41.7,463.0,-1.0,リケアマキアート,36.0
2022104236,キモンニコラス,2024/11/17,高知,晴,2,2歳ー4,11,1,1,28.0,6.0,9,郷間勇太,55.0,ダ,1300.0,重,87.2,1.6,8-9-9-7,41.2,464.0,3.0,コパノキュラソー,
2022104236,キモンニコラス,2024/10/19,高知,曇,2,2歳ー4,8,6,6,21.7,4.0,2,郷間勇太,55.0,ダ,1300.0,稍,88.7,1.0,8-8-6-5,41.5,461.0,-1.0,ジョウショータイガ,36.0
2022104236,キモンニコラス,2024/10/06,高知,晴,2,第3回Q太郎爆誕特別(2歳),8,7,7,38.1,5.0,5,郷間勇太,55.0,ダ,1300.0,重,87.0,1.6,3-5-5-6,40.9,462.0,1.0,エースオーディン,9.0
2022104236,キモンニコラス,2024/09/22,高知,雨,2,ペガスス特別(2歳),8,5,5,12.6,5.0,7,郷間勇太,55.0,ダ,1300.0,不,89.7,2.6,4-3-6-7,42.9,461.0,-5.0,アイベット,
2022104236,キモンニコラス,2024/09/08,高知,晴,2,グルス特別(2歳),7,2,2,20.9,5.0,3,郷間勇太,55.0,ダ,1300.0,良,89.9,1.6,5-4-5-4,43.9,466.0,3.0,トサノマイヒメ,30.0
2022104236,キモンニコラス,2024/08/03,高知,晴,1,ドラコ特別(2歳),9,4,4,33.2,7.0,5,郷間勇太,55.0,ダ,1300.0,良,91.9,1.1,5-4-3-4,43.9,463.0,5.0,イツワリノユビワ,12.0
2022104236,キモンニコラス,2024/07/21,高知,晴,1,2歳新馬参(新馬),5,3,3,7.8,3.0,4,郷間勇太,55.0,ダ,800.0,稍,52.3,2.7,4-4,38.5,458.0,0.0,ユアマイドリーム,36.0
2021104644,アカキチノイレブン,2026/07/10,園田,晴,3,C3三,10,8,9,2.2,2.0,1,吉村智洋,57.0,ダ,1400.0,良,93.6,-0.2,3-3-1-1,40.4,478.0,1.0,(ウルティマン),60.0
2021104644,アカキチノイレブン,2026/06/25,園田,雨,7,C3一,10,2,2,37.4,6.0,4,廣瀬航,57.0,ダ,1400.0,不,92.3,0.7,4-4-4-3,40.4,477.0,-3.0,ラスアルハイマ,9.0
2021104644,アカキチノイレブン,2026/06/11,園田,晴,2,C3一,10,6,6,10.7,4.0,6,廣瀬航,57.0,ダ,1400.0,稍,94.9,1.1,6-6-6-6,40.7,480.0,2.0,イエローキャブ,
2021104644,アカキチノイレブン,2026/05/21,園田,雨,7,C3一,10,1,1,15.1,5.0,4,廣瀬航,57.0,ダ,1400.0,稍,94.3,1.1,1-1-3-3,41.4,478.0,-3.0,ノーブルライナー,9.0
2021104644,アカキチノイレブン,2026/05/07,園田,晴,3,C2三,10,5,5,39.3,5.0,8,廣瀬航,57.0,ダ,1400.0,良,94.9,3.8,8-8-9-9,41.6,481.0,-1.0,メイショウアラジン,
2021104644,アカキチノイレブン,2026/04/22,園田,晴,1,C2三,12,5,5,8.0,5.0,7,廣瀬航,57.0,ダ,1400.0,良,94.1,0.9,6-6-6-4,40.3,482.0,1.0,マインドユアリズム,
2021104644,アカキチノイレブン,2026/04/02,園田,晴,5,田路7ハロンC2二,10,7,8,28.8,5.0,10,廣瀬航,57.0,ダ,1400.0,重,95.4,3.0,6-6-8-9,42.0,481.0,-3.0,ディナン,
2021104644,アカキチノイレブン,2026/03/10,姫路,晴,7,C2二,10,3,3,8.8,6.0,6,渡瀬和幸,57.0,ダ,1400.0,良,96.1,1.3,9-9-9-8,41.0,484.0,-3.0,スカイアクセル,
2021104644,アカキチノイレブン,2026/02/19,姫路,晴,7,C3一,10,7,8,6.8,5.0,1,吉村智洋,57.0,ダ,1400.0,良,94.9,-0.4,2-2-1-2,40.4,487.0,-3.0,(マグネター),60.0
2021104644,アカキチノイレブン,2026/02/03,姫路,晴,4,節分賞C3一,10,5,5,17.5,6.0,5,吉村智洋,57.0,ダ,1400.0,良,96.3,0.7,4-3-3-4,41.9,490.0,1.0,スマートサターン,6.0
2021104644,アカキチノイレブン,2026/01/21,姫路,曇,6,C3一,10,7,7,3.9,2.0,8,廣瀬航,57.0,ダ,1400.0,良,97.9,1.6,6-6-7-8,43.9,489.0,6.0,スマートエミネンス,
2021104644,アカキチノイレブン,2026/01/02,園田,晴,9,LOSTRANQUI(C2),12,5,6,132.0,9.0,7,廣瀬航,57.0,ダ,1400.0,良,94.1,1.3,9-9-8-10,40.8,483.0,-2.0,ギャランドゥ,
2021104644,アカキチノイレブン,2025/12/17,園田,雨,12,C2,12,1,1,87.2,9.0,10,廣瀬航,57.0,ダ,1700.0,稍,117.6,3.8,8-8-10-10,42.5,485.0,-9.0,イプシロンナンバー,
2021104644,アカキチノイレブン,2025/12/03,園田,曇,7,C2二,10,8,9,6.5,2.0,9,吉村智洋,57.0,ダ,1400.0,良,95.3,2.8,6-7-7-9,42.1,494.0,10.0,クラシカルカイザー,
2021104644,アカキチノイレブン,2025/11/20,園田,晴,7,C2二,7,7,7,4.0,2.0,2,吉村智洋,57.0,ダ,1400.0,良,93.1,0.5,2-2-1-2,40.7,484.0,-2.0,ジーヴル,28.0
2021104644,アカキチノイレブン,2025/11/05,園田,曇,7,C2三,10,5,5,11.0,3.0,3,吉村智洋,57.0,ダ,1400.0,良,94.7,0.2,8-8-4-5,40.0,486.0,6.0,スエヒロヴァン,17.5
2021104644,アカキチノイレブン,2025/10/23,園田,晴,4,新宮町馬立7ハ(C2),10,5,5,31.3,6.0,6,松木大地,57.0,ダ,1400.0,稍,95.0,2.5,9-9-7-7,40.6,480.0,-3.0,ピエナフェリーチェ,
2021104644,アカキチノイレブン,2025/10/09,園田,晴,3,C2二,10,8,9,8.4,3.0,5,吉村智洋,57.0,ダ,1400.0,良,94.2,2.2,5-5-5-5,41.6,483.0,3.0,クラウンハート,7.0
2021104644,アカキチノイレブン,2025/09/18,園田,曇,4,神爪7ハロンC3一,10,7,7,2.4,1.0,1,吉村智洋,57.0,ダ,1400.0,良,93.5,0.0,2-2-2-2,40.8,480.0,-3.0,(ランボシ),60.0
2021104644,アカキチノイレブン,2025/09/04,園田,曇,6,C2一,12,2,2,43.1,7.0,6,松木大地,57.0,ダ,820.0,良,52.2,1.2,7-6,36.7,483.0,1.0,ヴァンセゾニエ,
2021104644,アカキチノイレブン,2025/08/22,園田,晴,8,女と男市川☆来場記念(C2),10,3,3,10.7,5.0,10,吉村智洋,57.0,ダ,1400.0,良,94.5,3.2,7-6-8-9,42.2,482.0,1.0,ダイシンサンディー,
2021104644,アカキチノイレブン,2025/07/31,園田,晴,8,C2一,10,7,8,12.8,5.0,3,吉村智洋,57.0,ダ,1400.0,良,92.6,1.3,3-3-3-5,41.4,481.0,1.0,チェリカ,17.5
2021104644,アカキチノイレブン,2025/07/11,園田,雨,8,C2一,10,8,10,23.8,5.0,5,土方颯太,56.0,ダ,1400.0,良,93.2,1.8,6-6-7-7,41.6,480.0,1.0,エートルドゥエ,7.0
2021104644,アカキチノイレブン,2025/06/27,園田,晴,9,プルメリア賞C2一,8,6,6,5.6,3.0,3,吉村智洋,57.0,ダ,1400.0,稍,93.7,1.0,2-2-4-4,41.1,479.0,-6.0,モーニングパス,17.5
2021104644,アカキチノイレブン,2025/06/12,園田,曇,9,C2一,10,7,7,4.9,2.0,2,吉村智洋,57.0,ダ,1400.0,重,93.9,0.5,4-5-1-2,41.5,485.0,7.0,デリカテッセン,28.0
2021104644,アカキチノイレブン,2025/05/22,園田,曇,12,C2一,12,5,6,13.2,5.0,7,吉村智洋,57.0,ダ,1400.0,稍,94.7,2.0,7-7-6-6,42.5,478.0,-8.0,エイユーマックス,
2021104644,アカキチノイレブン,2025/05/06,園田,曇,7,C2一,9,8,9,7.0,4.0,4,廣瀬航,57.0,ダ,1400.0,重,92.5,1.3,4-4-4-3,40.9,486.0,6.0,サトノドルチェ,10.5
2021104644,アカキチノイレブン,2025/04/23,園田,曇,8,C2一,10,7,8,2.5,2.0,7,吉村智洋,58.0,ダ,1400.0,重,95.3,3.8,6-6-5-5,43.6,480.0,0.0,ピックプリンサ,
2021104644,アカキチノイレブン,2025/04/01,園田,曇,7,C2二,10,8,10,8.8,5.0,1,吉村智洋,57.0,ダ,1400.0,稍,92.7,-0.7,1-1-1-1,40.2,480.0,3.0,(ダイボウケン),70.0
2021104644,アカキチノイレブン,2025/03/13,園田,曇,6,C2二,11,4,4,13.2,6.0,5,塩津璃菜,52.0,ダ,1400.0,重,95.5,0.6,11-11-9-9,42.2,477.0,-10.0,アウローラルミエル,7.0
2021104644,アカキチノイレブン,2025/02/26,姫路,晴,6,C2二,8,6,6,12.2,4.0,3,廣瀬航,56.0,ダ,1400.0,良,96.0,1.0,7-6-5-5,39.5,487.0,8.0,エリカヴェローナ,14.0
2021104644,アカキチノイレブン,2025/02/07,姫路,雪,9,C2二,10,7,8,16.8,3.0,6,廣瀬航,56.0,ダ,1400.0,良,94.8,2.8,4-4-4-5,42.2,479.0,0.0,マテンロウタイム,
2021104644,アカキチノイレブン,2025/01/22,姫路,晴,5,工地7ハロンC2二,10,2,2,13.4,6.0,3,廣瀬航,56.0,ダ,1400.0,良,96.1,0.4,8-8-7-3,40.9,479.0,-3.0,ピロコギガマックス,14.0
2021104644,アカキチノイレブン,2025/01/03,園田,晴,4,ラビットラ☆来場記念(C2),12,3,3,3.8,2.0,5,下原理,56.0,ダ,1400.0,良,94.6,0.8,6-5-4-2,41.4,482.0,0.0,ペレストリーナ,7.0
2021104644,アカキチノイレブン,2024/12/18,園田,晴,3,C3二,10,7,8,3.8,2.0,1,吉村智洋,56.0,ダ,1400.0,良,93.0,-0.4,4-4-3-3,39.9,482.0,-6.0,(タイコウフェイス),56.0
2021104644,アカキチノイレブン,2024/12/04,園田,晴,2,C3二,12,7,10,12.5,4.0,6,吉村智洋,56.0,ダ,1400.0,稍,94.5,1.0,4-4-4-4,41.8,488.0,7.0,グランプリシップ,
2021104644,アカキチノイレブン,2024/11/20,園田,晴,5,金会7ハロンC3二,11,2,2,4.8,3.0,7,小牧太,56.0,ダ,1400.0,良,93.9,1.2,7-7-5-7,40.9,481.0,-1.0,フレイムフォース,
2021104644,アカキチノイレブン,2024/10/30,園田,晴,4,夏梅7ハロンC2二,10,7,7,6.4,3.0,5,廣瀬航,56.0,ダ,1400.0,不,95.4,2.2,6-6-7-7,41.8,482.0,1.0,ディアフリーゼ,7.0
2021104644,アカキチノイレブン,2024/10/10,園田,晴,7,C2二,10,1,1,40.8,9.0,3,廣瀬航,56.0,ダ,1400.0,稍,94.7,0.7,6-6-5-4,42.0,481.0,-5.0,ラブカレン,14.0
2021104644,アカキチノイレブン,2024/09/20,園田,晴,10,♪エグスプロージョン(C2),10,3,3,23.9,6.0,8,下原理,55.0,ダ,1870.0,良,129.2,2.8,4-4-8-7,43.1,486.0,-9.0,ナリタセレーノ,
2021104644,アカキチノイレブン,2024/09/04,園田,晴,12,C2,12,6,7,12.7,4.0,3,小牧太,55.0,ダ,1700.0,良,117.1,0.9,4-4-5-5,42.6,495.0,-3.0,マリヨンヌ,16.0
2021104644,アカキチノイレブン,2024/07/31,大井,雨,10,フォーチュネイトひま(C13歳),16,7,14,11.1,6.0,15,御神本訓,56.0,ダ,1800.0,良,123.8,5.8,8-10-12-13,45.5,498.0,8.0,ミライヘノシンゲキ,
2021104644,アカキチノイレブン,2024/06/30,2福島2,曇,4,3歳未勝利,15,4,6,125.7,10.0,6,小林脩斗,55.0,ダ,1700.0,良,110.3,1.6,5-5-4-5,38.9,490.0,2.0,コッレヴェッキオ,
2021104644,アカキチノイレブン,2024/06/08,3東京3,晴,6,3歳未勝利,16,5,10,178.9,13.0,11,内田博幸,57.0,ダ,1600.0,良,100.1,3.2,7-7,39.3,488.0,-2.0,サクラトップリアル,
2021104644,アカキチノイレブン,2024/05/12,2東京8,曇,2,3歳未勝利,16,5,10,234.1,10.0,8,永野猛蔵,56.0,ダ,1600.0,良,100.0,2.2,10-12,37.6,490.0,2.0,ウェットシーズン,
2021104644,アカキチノイレブン,2024/04/20,2東京1,晴,2,3歳未勝利,16,5,10,35.7,10.0,10,永野猛蔵,56.0,ダ,1300.0,良,81.7,1.8,13-11,37.8,488.0,0.0,ジェットブレイク,
2021104644,アカキチノイレブン,2024/03/31,3中山4,晴,2,3歳未勝利,16,2,4,151.9,9.0,5,永野猛蔵,56.0,ダ,1200.0,稍,73.2,1.4,8-7,37.7,488.0,-2.0,ノーブルゲイル,55.0
2021104644,アカキチノイレブン,2024/03/03,2中山4,晴,2,3歳未勝利,16,5,9,342.2,13.0,7,永野猛蔵,56.0,ダ,1200.0,稍,73.7,1.9,13-11,37.6,490.0,-6.0,イーサンハンター,
2021104644,アカキチノイレブン,2024/01/21,1中山7,雨,1,3歳未勝利,16,8,16,309.0,16.0,12,吉田豊,57.0,ダ,1200.0,不,73.9,3.6,10-10,39.0,496.0,4.0,ガビーズシスター,
2021104644,アカキチノイレブン,2023/12/02,5中山1,晴,1,2歳未勝利,16,7,13,499.3,14.0,10,小林脩斗,54.0,ダ,1200.0,良,74.6,1.8,9-10,39.3,492.0,12.0,オセアエクスプレス,
2021104644,アカキチノイレブン,2023/10/08,4東京2,曇,1,2歳未勝利,16,7,14,73.9,12.0,12,内田博幸,56.0,ダ,1400.0,良,89.7,2.2,16-16,38.0,480.0,0.0,アイウィルビー,
2021104644,アカキチノイレブン,2023/09/09,4中山1,曇,3,2歳未勝利,15,8,14,20.1,7.0,14,永野猛蔵,54.0,ダ,1800.0,重,118.4,3.9,6-6-5-13,43.1,480.0,-6.0,オーケーソニック,
2021104644,アカキチノイレブン,2023/08/19,3新潟3,晴,3,2歳新馬,14,3,4,40.8,10.0,8,永野猛蔵,54.0,ダ,1800.0,良,119.4,1.9,4-4-5-4,40.6,486.0,0.0,ブループリマドンナ,
2021103785,ノブアンドホワイト,2026/07/10,園田,晴,2,C3四,10,4,4,2.8,2.0,1,笹川翼,55.0,ダ,1400.0,良,94.0,-0.6,1-1-1-1,41.1,443.0,0.0,(ミラクルサーダ),60.0
2021103785,ノブアンドホワイト,2026/06/03,園田,曇,1,C3二,10,7,7,5.4,3.0,5,塩津璃菜,51.0,ダ,1400.0,重,96.4,2.5,3-3-3-3,43.1,443.0,-5.0,サニイアール,6.0
2021103785,ノブアンドホワイト,2026/05/13,園田,曇,1,C3三,9,8,8,2.2,1.0,3,吉村智洋,55.0,ダ,1400.0,良,95.5,0.4,1-1-1-1,42.1,448.0,3.0,エコロアモーレ,15.0
2021103785,ノブアンドホワイト,2026/04/02,園田,晴,1,C3五,8,2,2,1.5,1.0,2,吉村智洋,55.0,ダ,1400.0,重,96.8,0.0,1-1-1-1,41.5,445.0,-1.0,タスマンハイウェイ,24.0
2021103785,ノブアンドホワイト,2026/03/11,姫路,晴,1,C3四,10,4,4,8.8,4.0,6,笹田知宏,55.0,ダ,1400.0,良,98.0,1.7,3-3-4-4,41.3,446.0,-10.0,ミラクルエース,
2021103785,ノブアンドホワイト,2026/01/20,姫路,晴,3,C3二,10,8,9,121.2,9.0,9,山本咲希,55.0,ダ,1400.0,良,97.8,2.1,2-2-2-3,43.5,456.0,13.0,ブルームザドリーム,
2021103785,ノブアンドホワイト,2026/01/02,園田,晴,5,ファンファーレと熱狂(C3),12,1,1,86.0,12.0,11,山本咲希,55.0,ダ,820.0,良,53.0,1.0,10-10,38.3,443.0,2.0,ヤマイチラブリー,
2021103785,ノブアンドホワイト,2025/12/16,園田,晴,2,C3一,10,2,2,48.9,6.0,9,塩津璃菜,51.0,ダ,1400.0,良,96.4,2.4,4-4-5-8,42.4,441.0,-3.0,エアザキントス,
2021103785,ノブアンドホワイト,2025/11/25,園田,雨,2,C3一,12,7,10,201.4,10.0,10,土方颯太,54.0,ダ,1400.0,重,94.6,2.7,4-5-6-7,41.5,444.0,-2.0,メイショウアラジン,
2021103785,ノブアンドホワイト,2025/10/29,園田,晴,2,C2三,8,1,1,49.9,6.0,6,小谷哲平,52.0,ダ,1400.0,良,95.2,2.2,7-7-6-6,41.8,446.0,-5.0,キャンベル,
2021103785,ノブアンドホワイト,2025/10/17,園田,晴,7,C2二,10,3,3,55.2,8.0,9,落合玄太,55.0,ダ,1400.0,良,94.9,1.8,2-2-2-5,42.5,451.0,8.0,ゼンダンスバシリ,
2021103785,ノブアンドホワイト,2025/09/25,園田,曇,6,C2三,10,8,10,11.8,4.0,4,土方颯太,54.0,ダ,1400.0,良,93.6,1.5,4-4-5-5,41.0,443.0,0.0,タンバアズキ,10.5
2021103785,ノブアンドホワイト,2025/09/04,園田,曇,2,C3二,8,8,8,1.0,1.0,1,米玉利燕,52.0,ダ,1400.0,良,94.1,-0.8,2-2-1-1,41.6,443.0,0.0,(アモールファティ),60.0
2021103785,ノブアンドホワイト,2025/08/15,園田,曇,3,C3一,8,1,1,62.8,7.0,5,米玉利燕,52.0,ダ,1400.0,稍,94.3,0.8,2-2-3-1,41.3,443.0,11.0,リーデレ,6.0
2021103785,ノブアンドホワイト,2025/07/24,園田,晴,1,生穂スプリントC3,12,7,9,26.6,7.0,8,高橋愛叶,53.0,ダ,1230.0,良,81.9,1.1,4-4-4-4,40.7,432.0,5.0,ニシノダンテ,
2021103785,ノブアンドホワイト,2025/07/04,園田,晴,5,C3一,10,6,6,17.9,5.0,6,高橋愛叶,53.0,ダ,1400.0,良,94.3,1.6,4-5-3-4,41.3,427.0,-8.0,ララテロワール,
2021103785,ノブアンドホワイト,2025/06/05,園田,晴,2,C3一,12,7,10,4.4,3.0,3,高橋愛叶,53.0,ダ,1400.0,稍,94.5,0.2,2-2-2-2,41.5,435.0,-4.0,フレイムフォース,15.0
2021103785,ノブアンドホワイト,2025/05/15,園田,晴,6,C3一,9,8,8,12.3,4.0,5,山本咲希,55.0,ダ,1400.0,良,94.1,0.7,6-6-5-4,40.9,439.0,2.0,エイシンスキッピオ,6.0
2021103785,ノブアンドホワイト,2025/04/16,園田,晴,5,社町7ハロンC3一,12,8,11,4.1,3.0,4,山本咲希,55.0,ダ,1400.0,稍,95.6,1.2,2-2-2-3,43.2,437.0,0.0,アルディートクライ,9.0
2021103785,ノブアンドホワイト,2025/03/25,園田,晴,5,FM91.17ハロン(C3),12,5,6,4.9,3.0,2,山本咲希,54.0,ダ,1400.0,良,94.4,0.0,3-3-1-2,40.7,437.0,-6.0,ドゥワー,19.6
2021103785,ノブアンドホワイト,2025/02/27,姫路,晴,2,C3一,10,3,3,5.3,3.0,2,山本咲希,54.0,ダ,1400.0,良,95.7,0.5,2-2-2-1,40.3,443.0,4.0,クレスコロッキー,19.6
2021103785,ノブアンドホワイト,2025/02/11,姫路,晴,4,SKE48太田彩夏☆(C3),12,6,7,7.6,4.0,4,新庄海誠,52.0,ダ,1400.0,良,95.6,0.9,11-11-8-10,40.7,439.0,-2.0,イッツマイビジネス,8.4
2021103785,ノブアンドホワイト,2025/01/21,姫路,晴,6,C2二,10,8,9,10.8,3.0,5,山本咲希,54.0,ダ,1400.0,良,96.7,1.5,2-2-2-2,41.6,441.0,-1.0,タッカーバレット,7.0
2021103785,ノブアンドホワイト,2024/12/05,園田,晴,5,有年7ハロンC2二,12,5,6,20.5,5.0,11,山本咲希,54.0,ダ,1400.0,良,97.0,3.5,1-1-6-11,44.5,442.0,-7.0,シャドフ,
2021103785,ノブアンドホワイト,2024/11/13,園田,晴,4,八社宮7ハロンC2二,10,7,8,58.4,5.0,2,山本咲希,54.0,ダ,1400.0,良,93.9,0.3,1-1-1-1,40.4,449.0,11.0,カーロアヴァンティ,24.5
2021103785,ノブアンドホワイト,2024/08/18,3新潟4,晴,4,3歳未勝利,18,6,11,274.6,16.0,15,松岡正海,55.0,芝,1400.0,良,83.1,1.6,11-11,36.2,438.0,0.0,ベランジェール,
2021103785,ノブアンドホワイト,2024/06/16,1函館4,小雨,2,3歳未勝利,16,5,10,125.2,13.0,9,小林勝太,52.0,芝,1200.0,良,70.1,0.7,14-13,34.9,438.0,0.0,ヘキルリ,
2021103785,ノブアンドホワイト,2024/04/28,1新潟2,晴,2,3歳未勝利,16,1,2,263.9,15.0,9,鷲頭虎太,52.0,芝,1400.0,良,84.0,0.9,15-14,35.3,438.0,14.0,メティエダール,
2021103785,ノブアンドホワイト,2023/12/09,4中京3,晴,5,2歳未勝利,16,4,8,335.3,15.0,11,小林勝太,52.0,芝,1600.0,良,95.7,1.2,14-16-16,34.8,424.0,-4.0,ナムラエデン,
2021103785,ノブアンドホワイト,2023/11/11,5東京3,曇,6,2歳新馬,14,7,11,204.2,11.0,7,松岡正海,55.0,芝,1600.0,良,97.1,1.0,9-7,34.9,428.0,0.0,アルセナール,
2022105793,マゴイチタ,2026/07/08,園田,晴,3,C3二,9,7,7,2.9,2.0,1,吉村智洋,57.0,ダ,1400.0,稍,93.9,-0.4,6-6-4-3,39.8,461.0,2.0,(スマートレイヴ),60.0
2022105793,マゴイチタ,2026/06/18,園田,晴,3,C3一,10,8,10,6.2,5.0,4,吉村智洋,57.0,ダ,1400.0,良,92.7,1.0,9-8-5-5,39.3,459.0,3.0,クインズノヴァ,9.0
2022105793,マゴイチタ,2026/05/28,園田,曇,2,C3一,10,4,4,3.0,2.0,2,吉村智洋,57.0,ダ,1400.0,稍,94.9,0.7,7-6-5-2,39.6,456.0,0.0,エールデスポワール,24.0
2022105793,マゴイチタ,2026/05/15,園田,晴,6,C3一,9,8,8,2.4,1.0,5,吉村智洋,57.0,ダ,1400.0,良,93.7,1.1,3-3-3-3,40.3,456.0,1.0,ワンダーキュイラス,6.0
2022105793,マゴイチタ,2026/04/21,園田,曇,4,来川7ハロンC3一,10,4,4,4.4,3.0,2,吉村智洋,57.0,ダ,1400.0,良,94.1,0.5,6-6-5-5,40.3,455.0,3.0,テーオーパーソナル,24.0
2022105793,マゴイチタ,2026/04/02,園田,晴,7,C3一,9,4,4,16.6,5.0,4,吉村智洋,57.0,ダ,1400.0,重,94.2,0.5,3-3-1-3,40.6,452.0,8.0,マライカ,9.0
2022105793,マゴイチタ,2026/03/12,姫路,晴,6,C3一,9,3,3,5.1,3.0,6,吉村智洋,57.0,ダ,1400.0,良,95.8,1.6,4-4-4-3,41.5,444.0,-19.0,テキサスツイスター,
2022105793,マゴイチタ,2025/11/25,園田,曇,8,C2一,12,6,7,8.4,4.0,12,川原正一,57.0,ダ,1400.0,重,97.1,5.0,6-6-11-11,45.2,463.0,-2.0,ジーティートゥルー,
2022105793,マゴイチタ,2025/11/03,園田,晴,6,C2,12,8,12,1.7,1.0,6,小牧太,57.0,ダ,1230.0,稍,82.7,1.8,4-3-3-3,41.4,465.0,13.0,エクスペリオン,
2022105793,マゴイチタ,2025/10/05,3京都2,曇,12,3歳以上2勝クラス,16,6,12,57.7,13.0,9,高倉稜,57.0,芝,1200.0,稍,68.6,0.7,9-9,34.2,452.0,4.0,ブラックケリー,
2022105793,マゴイチタ,2025/09/15,4阪神5,晴,10,Mモーリス(2勝クラス),9,4,4,42.4,7.0,3,高倉稜,56.0,芝,1400.0,良,81.2,0.5,4-4,34.6,448.0,-20.0,ケーブパール,393.2
2022105793,マゴイチタ,2025/08/09,1札幌5,晴,3,3歳未勝利,15,6,12,8.5,5.0,9,丹内祐次,57.0,芝,1200.0,稍,70.2,0.8,3-3,35.7,468.0,6.0,ハーフェン,
2022105793,マゴイチタ,2025/07/19,1函館11,晴,4,3歳未勝利,15,2,3,4.3,2.0,2,丹内祐次,57.0,芝,1200.0,良,68.6,0.3,3-2,34.4,462.0,8.0,キントラダンサー,220.0
2022105793,マゴイチタ,2025/05/24,2京都9,小雨,3,3歳未勝利,17,8,16,27.5,9.0,6,高倉稜,57.0,芝,1400.0,良,81.3,0.3,7-8,35.0,454.0,-2.0,セクシーマージュ,
2022105793,マゴイチタ,2025/05/04,2京都4,晴,3,3歳未勝利,18,5,9,12.6,7.0,3,菱田裕二,57.0,芝,1400.0,良,81.9,0.5,4-2,35.0,456.0,2.0,サンタンカ,140.0
2022105793,マゴイチタ,2025/04/20,2阪神8,曇,7,3歳1勝クラス,11,1,1,197.4,10.0,8,高倉稜,57.0,芝,1600.0,良,94.9,0.6,3-4,33.7,454.0,-6.0,マテンロウサン,
2022105793,マゴイチタ,2025/04/05,2阪神3,晴,5,3歳未勝利,17,8,15,350.9,13.0,9,高倉稜,57.0,芝,1800.0,良,107.4,1.1,10-13,34.8,460.0,0.0,レッドイステル,
2022105793,マゴイチタ,2025/01/19,1中京7,曇,3,3歳未勝利,16,3,6,46.8,10.0,16,高倉稜,57.0,ダ,1400.0,良,91.7,6.3,3-9,44.3,460.0,2.0,サンライズブレイク,
2022105793,マゴイチタ,2025/01/06,1中京2,曇,6,3歳未勝利,18,8,17,140.6,15.0,13,高倉稜,57.0,芝,1400.0,良,83.9,1.7,14-14,36.5,458.0,-16.0,ザカリナン,
2022105793,マゴイチタ,2024/10/05,5京都1,晴,2,2歳未勝利,10,2,2,8.6,5.0,中,西村淳也,56.0,ダ,1800.0,稍,,,1-1-7-10,,474.0,6.0,シュラザック,
2022105793,マゴイチタ,2024/09/29,3中京9,曇,3,2歳新馬,15,4,6,5.4,2.0,14,藤岡佑介,55.0,ダ,1400.0,重,90.2,4.9,3-5,41.7,468.0,0.0,アートコレクション,
2023100264,ジョーヌミモザ,2026/07/10,園田,晴,6,C2二,9,8,9,113.0,9.0,8,土方颯太,55.0,ダ,820.0,良,53.0,2.6,8-9,38.4,426.0,-6.0,アレナトーレ,
2023100264,ジョーヌミモザ,2026/06/18,園田,晴,7,3歳C1,12,4,4,177.4,10.0,10,土方颯太,55.0,ダ,1230.0,良,84.4,3.2,8-9-8-8,42.5,432.0,12.0,クールフィールド,
2023100264,ジョーヌミモザ,2026/05/09,2東京5,晴,1,3歳未勝利,16,5,9,302.5,16.0,16,江田照男,55.0,ダ,1300.0,良,85.3,5.6,8-10,42.3,420.0,-2.0,ショコラキュイ,
2023100264,ジョーヌミモザ,2026/04/25,1福島5,晴,2,3歳未勝利,16,2,3,135.9,12.0,13,大久保友,52.0,芝,1200.0,良,70.9,2.2,13-12,35.7,422.0,2.0,フィラーエ,
2023100264,ジョーヌミモザ,2026/01/25,1中山9,晴,12,3歳未勝利,16,3,6,132.8,11.0,8,吉田豊,55.0,芝,1600.0,良,95.3,2.0,11-7-8,36.7,420.0,0.0,ナイスプレーアスク,
2022106979,アスクサヴァイバル,2026/07/14,名古屋,晴,5,C9組,12,3,3,55.1,8.0,10,丹羽克輝,57.0,ダ,1500.0,良,101.4,2.8,8-7-10,43.0,438.0,1.0,ナムラフィクサー,
2022106979,アスクサヴァイバル,2026/07/01,名古屋,雨,12,金シャチ最終戦777(C),12,6,8,28.7,9.0,5,丹羽克輝,57.0,ダ,1500.0,稍,98.6,0.4,6-5-5,40.9,437.0,-4.0,ウィルマッチ,5.7
2022106979,アスクサヴァイバル,2026/06/17,名古屋,晴,1,C11組,11,1,1,14.1,6.0,3,丹羽克輝,57.0,ダ,1500.0,良,98.9,0.6,4-4-3,39.8,441.0,5.0,クールシェリー,11.4
2022106979,アスクサヴァイバル,2026/06/03,名古屋,曇,1,C11組,12,8,12,31.4,4.0,7,丹羽克輝,57.0,ダ,1500.0,不,99.0,3.0,8-10-8,41.3,436.0,-5.0,ブルースバローズ,
2022106979,アスクサヴァイバル,2026/05/20,名古屋,曇,5,C17組,11,3,3,38.4,9.0,8,丹羽克輝,57.0,ダ,1500.0,良,99.5,1.1,11-10-9,40.3,441.0,2.0,ボンドストリート,
2022106979,アスクサヴァイバル,2026/05/05,名古屋,晴,6,C18組,12,6,7,35.4,8.0,8,丹羽克輝,57.0,ダ,1500.0,稍,101.0,2.9,9-9-9,41.5,439.0,-1.0,ヤマカツライコウ,
2022106979,アスクサヴァイバル,2026/04/20,名古屋,晴,12,C17組,12,6,8,22.7,7.0,3,丹羽克輝,57.0,ダ,1500.0,良,99.0,0.0,7-5-6,39.4,440.0,2.0,ジオパークコハク,11.4
2022106979,アスクサヴァイバル,2026/04/08,名古屋,晴,6,壮太郎進級おめでとう(C),11,5,5,18.6,4.0,6,丹羽克輝,57.0,ダ,1400.0,稍,93.2,0.9,3-4-6,40.7,438.0,3.0,メムエクラ,
2022106979,アスクサヴァイバル,2026/03/24,名古屋,晴,5,C19組,12,5,6,24.6,5.0,5,丹羽克輝,57.0,ダ,1400.0,良,93.1,1.1,2-2-3,40.9,435.0,-1.0,パキラスイート,5.5
2022106979,アスクサヴァイバル,2026/03/09,名古屋,晴,7,C24組,12,7,10,12.5,2.0,2,丹羽克輝,57.0,ダ,1500.0,良,99.1,0.3,3-2-3,40.0,436.0,1.0,モンサンケイティ,19.3
2022106979,アスクサヴァイバル,2026/02/23,名古屋,晴,5,C26組,12,7,10,13.2,6.0,4,丹羽克輝,57.0,ダ,1500.0,良,99.6,0.4,4-4-4,40.6,435.0,-4.0,ハルノート,8.3
2022106979,アスクサヴァイバル,2026/02/09,名古屋,晴,6,C28組,12,4,4,8.6,5.0,4,丹羽克輝,57.0,ダ,1500.0,良,100.4,0.6,9-8-8,41.0,439.0,0.0,フタリセゾン,8.3
2022106979,アスクサヴァイバル,2026/01/26,名古屋,晴,6,C29組,12,7,9,18.2,4.0,5,丹羽克輝,57.0,ダ,1400.0,良,93.5,1.1,5-6-6,40.2,439.0,0.0,ベニハンマード,5.5
2022106979,アスクサヴァイバル,2026/01/13,名古屋,曇,3,葵ちゃん今年も重賞勝(C),11,5,5,4.9,3.0,4,丹羽克輝,57.0,ダ,1400.0,良,93.9,0.8,7-7-5,40.9,439.0,4.0,スペースリーガ,8.3
2022106979,アスクサヴァイバル,2026/01/01,名古屋,晴,5,びっくり!シャチウマ(C),12,2,2,52.1,5.0,6,丹羽克輝,57.0,ダ,1500.0,良,100.0,2.1,6-6-8,40.2,435.0,-2.0,ベストセラー,
2022106979,アスクサヴァイバル,2025/12/18,名古屋,晴,3,美佐子ちゃんお誕生日(C),12,6,8,111.5,8.0,6,丹羽克輝,57.0,ダ,1500.0,稍,100.1,2.0,12-11-9,40.4,437.0,1.0,アイファージェット,
2022106979,アスクサヴァイバル,2025/12/04,名古屋,曇,4,C25組,12,5,6,183.0,10.0,10,丹羽克輝,57.0,ダ,1500.0,稍,99.8,1.9,7-8-9,41.1,436.0,0.0,ジーティースワット,
2022106979,アスクサヴァイバル,2025/11/20,名古屋,晴,2,C24組,11,6,8,207.9,10.0,3,大畑慧悟,57.0,ダ,1400.0,良,92.7,0.9,11-11-10,39.2,436.0,4.0,アルバパテラ,11.0
2022106979,アスクサヴァイバル,2025/11/07,名古屋,晴,4,C35組,11,3,3,80.2,8.0,8,丹羽克輝,57.0,ダ,1400.0,良,93.8,3.5,8-8-10,41.4,432.0,2.0,タマモサイジョ,
2022106979,アスクサヴァイバル,2025/10/14,名古屋,曇,6,ゆうきみきお誕生日お(C),11,4,4,140.7,11.0,9,丹羽克輝,57.0,ダ,1500.0,良,101.6,2.0,4-10-11,41.4,430.0,0.0,エピックサイクル,
2022106979,アスクサヴァイバル,2025/10/02,名古屋,晴,1,3歳16組,12,5,6,133.0,11.0,10,丹羽克輝,57.0,ダ,1500.0,良,100.1,2.6,3-6-10,42.0,430.0,-4.0,ジーティーラピッド,
2022106979,アスクサヴァイバル,2025/09/18,名古屋,晴,3,3歳14組,12,1,1,164.4,10.0,8,丹羽克輝,57.0,ダ,1500.0,良,102.0,4.2,5-9-10,43.0,434.0,0.0,ダズラー,
2022106979,アスクサヴァイバル,2025/09/04,名古屋,曇,3,3歳11組,12,7,10,128.7,10.0,8,丹羽克輝,57.0,ダ,1500.0,良,100.9,3.9,5-9-12,42.0,434.0,-2.0,アールオブケント,
2022106979,アスクサヴァイバル,2025/08/22,名古屋,晴,2,名古屋モーニングフィ(3歳),11,1,1,12.4,4.0,4,丹羽克輝,57.0,ダ,1500.0,良,99.1,1.0,5-4-4,40.5,436.0,5.0,アルクドラ,8.3
2022106979,アスクサヴァイバル,2025/07/25,名古屋,晴,6,なおみく明日はハレの(3歳),11,3,3,31.2,9.0,7,丹羽克輝,57.0,ダ,1500.0,良,98.9,2.5,8-8-8,41.2,431.0,-1.0,ロジアンドモルタル,
2022106979,アスクサヴァイバル,2025/06/08,3東京2,曇,4,3歳未勝利,16,7,13,394.7,16.0,14,木幡巧也,57.0,ダ,1400.0,良,87.5,3.1,13-11,38.1,432.0,6.0,マックスキュー,
2022106979,アスクサヴァイバル,2025/04/26,1福島5,晴,2,3歳未勝利,16,7,13,196.3,12.0,12,古川奈穂,54.0,ダ,1150.0,良,72.1,2.9,13-13,38.1,426.0,0.0,スノーサイレンス,
2022106979,アスクサヴァイバル,2025/01/06,1中山2,曇,1,3歳未勝利,16,3,6,227.9,12.0,14,佐々木大,57.0,ダ,1200.0,良,75.5,3.0,15-15,38.5,426.0,2.0,パシーヴ,
2022106979,アスクサヴァイバル,2024/08/31,2札幌7,曇,1,2歳未勝利,13,3,3,92.8,10.0,13,佐々木大,55.0,芝,1200.0,重,73.7,2.3,10-10,37.3,424.0,-4.0,オイランブチ,
2022106979,アスクサヴァイバル,2024/08/17,2札幌3,曇,5,2歳新馬,8,3,3,25.6,7.0,7,佐々木大,55.0,芝,1500.0,良,91.7,2.9,3-8-8,36.4,428.0,0.0,メリディアンスター,
