horse_id,horse_name,date,course,weather,race_number,race_name,num_horses,bracket_number,horse_number,odds,popularity,rank,jockey,weight_carried,surface,distance,track_condition,time,margin,passing_order,last_3f,horse_weight,weight_diff,winner_name,prize
2024101453,ベストメッセージ,2026/07/16,門別,晴,3,JRA認定競走アタッ(未勝利)(2歳),9,8,8,148.2,9.0,9,宮内勇樹,55.0,ダ,1700.0,重,118.2,5.9,2-3-5-8,46.4,484,2,シャディアラ,
2024101453,ベストメッセージ,2026/07/02,門別,曇,2,2歳未勝利(未勝利),7,7,7,9.8,3.0,5,桑村真明,55.0,ダ,1700.0,良,117.5,2.4,1-1-1-1,43.8,482,0,イケメンモンスター,3.5
2024101453,ベストメッセージ,2026/06/10,門別,晴,6,JRA認定競走フレッ(新馬)(2歳),12,6,7,9.1,5.0,3,桑村真明,55.0,ダ,1000.0,稍,63.5,1.3,7-7,38.2,482,0,ベラジオハピネス,52.5
2024102882,トーケンオーパス,2026/07/01,門別,晴,5,JRA認定競走フレッ(新馬)(2歳),11,8,10,21.8,6.0,3,小川悠汰,52.0,ダ,1000.0,良,63.6,1.4,3-6,39.0,472,0,アーキフェザー,52.5
2024100545,リヴァモアザン,2026/07/09,門別,曇,6,JRA認定競走フレッ(新馬)(2歳),8,8,8,61.5,7.0,3,阿岸潤一,54.0,ダ,1100.0,良,71.1,2.2,6-6,40.1,426,0,マナマヒナ,52.5
2024100857,ユーデンブルク,2026/07/15,門別,曇,6,JRA認定競走フレッ(新馬)(2歳),8,5,5,70.9,7.0,4,井上瑛太,55.0,ダ,1100.0,稍,70.1,1.9,4-4,39.9,456,0,ミラクルヴェリテ,35.0
2024106000,フォアサイトゲイズ,2026/07/08,門別,曇,3,2歳未勝利(未勝利),10,8,9,2.6,2.0,2,落合玄太,55.0,ダ,1100.0,良,69.2,0.0,2-1,38.6,472,-2,マインドエンジェル,14.0
2024106000,フォアサイトゲイズ,2026/06/25,門別,曇,5,JRA認定競走フレッ(新馬)(2歳),5,2,2,2.4,1.0,5,落合玄太,55.0,ダ,1700.0,良,118.3,3.7,3-3-3-3,45.1,474,0,ゴーゴーミツヒコ,17.5
2024105527,レラノア,2026/07/16,門別,晴,2,2歳未勝利(未勝利),11,1,1,190.0,9.0,11,服部茂史,55.0,ダ,1700.0,重,116.0,2.6,10-10-10-10,41.7,462,-6,リヴァールミナス,
2024105527,レラノア,2026/07/02,門別,曇,3,JRA認定競走アタッ(未勝利)(2歳),8,8,8,371.2,8.0,7,宮内勇樹,55.0,ダ,1700.0,良,116.3,2.2,6-7-8-8,41.0,468,10,ミッションフェロー,
2024105527,レラノア,2026/06/11,門別,晴,5,JRA認定競走フレッ(新馬)(2歳),12,3,3,69.9,9.0,12,黒澤愛斗,55.0,ダ,1100.0,良,72.0,3.9,11-10,39.5,458,0,ファイトレーヴ,
2024101495,ハッピーアフリート,2026/07/16,門別,晴,1,2歳未勝利(未勝利),12,2,2,157.0,9.0,4,宮内勇樹,55.0,ダ,1100.0,重,69.4,2.0,8-9,38.8,382,2,ドリームパッション,7.0
2024101495,ハッピーアフリート,2026/07/02,門別,曇,1,2歳未勝利(未勝利),9,7,9,145.5,6.0,6,藤田凌駕,53.0,ダ,1100.0,良,71.5,1.7,6-5,39.7,380,2,ミリオンジュピター,
2024101495,ハッピーアフリート,2026/06/10,門別,晴,5,JRA認定競走フレッ(新馬)(2歳),10,2,2,141.2,10.0,7,藤田凌駕,53.0,ダ,1000.0,稍,64.9,2.3,10-9,37.8,378,0,エンジェルボヌール,
2024101042,フェリンヴァラー,2026/07/16,門別,晴,1,2歳未勝利(未勝利),12,3,3,5.6,3.0,6,小野楓馬,55.0,ダ,1100.0,重,69.6,2.2,1-1,39.9,474,0,ドリームパッション,
2024101042,フェリンヴァラー,2026/07/01,門別,晴,6,JRA認定競走フレッ(新馬)(2歳),9,8,9,123.5,9.0,5,小野楓馬,55.0,ダ,1100.0,良,70.4,2.4,1-1,40.3,474,0,ヒノエゴールド,17.5
2024107280,ルナベレッツァ,2026/07/16,門別,晴,1,2歳未勝利(未勝利),12,8,12,6.6,5.0,5,落合玄太,55.0,ダ,1100.0,重,69.4,2.0,7-4,39.1,450,2,ドリームパッション,3.5
2024107280,ルナベレッツァ,2026/05/26,門別,晴,1,2歳未勝利(未勝利),12,6,8,3.2,1.0,6,近藤翔月,54.0,ダ,1100.0,稍,70.4,1.8,6-6,39.9,448,-6,レディーダイヤ,
2024107280,ルナベレッツァ,2026/05/13,門別,曇,1,2歳未勝利(未勝利),9,3,3,62.1,6.0,2,岩橋勇二,55.0,ダ,1100.0,良,70.1,1.0,3-3,38.7,454,10,フォールドイン,14.0
2024107280,ルナベレッツァ,2026/04/23,門別,曇,6,JRA認定競走フレッ(新馬)(2歳),7,2,2,20.8,6.0,5,岩橋勇二,55.0,ダ,1100.0,稍,70.7,2.1,6-5,38.7,444,0,アクチュエル,21.0
2024109058,コンチワッチ,2026/07/16,門別,晴,1,2歳未勝利(未勝利),12,6,7,4.4,2.0,2,井上瑛太,55.0,ダ,1100.0,重,68.6,1.2,3-3,38.6,472,-2,ドリームパッション,14.0
2024109058,コンチワッチ,2026/06/17,門別,晴,5,JRA認定競走アタッ(未勝利)(2歳),12,5,5,39.7,7.0,7,井上瑛太,55.0,ダ,1100.0,良,70.0,2.2,6-7,39.2,474,-4,エイシンウルトラン,
2024109058,コンチワッチ,2026/06/03,門別,曇,6,JRA認定競走フレッ(新馬)(2歳),12,7,10,110.0,10.0,4,井上瑛太,55.0,ダ,1000.0,良,62.9,1.0,3-3,38.6,478,0,スハッチェ,35.0
2024100312,ディアローラ,2026/07/15,門別,曇,2,2歳牝馬未勝利(未勝利),12,4,4,113.7,9.0,6,松井伸也,55.0,ダ,1000.0,稍,63.4,1.0,11-11,37.5,446,2,クリームパン,
2024100312,ディアローラ,2026/06/17,門別,晴,6,JRA認定競走フレッ(新馬)(2歳),8,1,1,62.0,8.0,5,阿部龍,55.0,ダ,1100.0,良,70.6,0.9,3-3,40.2,444,0,ヒマラヤノエティ,17.5
2024100146,トシデンセツ,2026/07/16,門別,晴,2,2歳未勝利(未勝利),11,8,10,11.2,4.0,5,小野楓馬,55.0,ダ,1700.0,重,114.7,1.3,2-1-3-3,42.3,462,0,リヴァールミナス,3.5
2024100146,トシデンセツ,2026/06/24,門別,晴,2,2歳未勝利(未勝利),9,5,5,6.7,4.0,2,小野楓馬,55.0,ダ,1500.0,良,102.0,0.4,2-1-1-1,41.4,462,-6,カストール,14.0
2024100146,トシデンセツ,2026/06/11,門別,晴,6,JRA認定競走フレッ(新馬)(2歳),9,3,3,26.8,5.0,4,小野楓馬,55.0,ダ,1200.0,良,77.1,2.9,4-4,39.6,468,0,ソルデイスター,35.0
2024109005,リュウノゴウワン,2026/07/16,門別,晴,2,2歳未勝利(未勝利),11,7,8,35.0,5.0,7,近藤翔月,54.0,ダ,1700.0,重,115.8,2.4,2-4-6-7,42.5,494,-2,リヴァールミナス,
2024109005,リュウノゴウワン,2026/07/02,門別,曇,2,2歳未勝利(未勝利),7,3,3,27.1,4.0,3,近藤翔月,54.0,ダ,1700.0,良,116.8,1.7,4-4-4-4,42.6,496,-6,イケメンモンスター,10.5
2024109005,リュウノゴウワン,2026/06/17,門別,晴,5,JRA認定競走アタッ(未勝利)(2歳),12,6,7,89.0,10.0,8,近藤翔月,54.0,ダ,1100.0,良,70.0,2.2,11-12,38.0,502,2,エイシンウルトラン,
2024109005,リュウノゴウワン,2026/05/27,門別,曇,6,JRA認定競走フレッ(新馬)(2歳),9,8,8,56.4,7.0,5,近藤翔月,54.0,ダ,1000.0,良,63.7,1.2,7-6,38.1,500,0,スカイビュー,17.5
2024104906,アクタール,2026/07/16,門別,晴,6,JRA認定競走フレッ(新馬)(2歳),8,4,4,5.1,3.0,2,西啓太,55.0,ダ,1200.0,重,77.1,2.5,4-4,38.9,490,0,リコーリベレーター,70.0
2024101061,ヤングゼネラル,2026/07/08,門別,晴,1,2歳未勝利(未勝利),8,5,5,4.9,3.0,8,藤田凌駕,53.0,ダ,1600.0,良,113.0,4.7,1-1-3-6,47.9,460,-4,レモンサワー,
2024101061,ヤングゼネラル,2026/06/24,門別,晴,2,2歳未勝利(未勝利),9,3,3,9.6,5.0,4,井上瑛太,55.0,ダ,1500.0,良,102.7,1.1,4-3-3-1,41.8,464,2,カストール,7.0
2024101061,ヤングゼネラル,2026/06/09,門別,曇,2,2歳未勝利(未勝利),11,2,2,95.0,7.0,5,井上瑛太,52.0,ダ,1000.0,重,62.1,0.4,4-4,37.8,462,8,リュウノマッスル,3.5
2024101061,ヤングゼネラル,2026/05/26,門別,晴,1,2歳未勝利(未勝利),12,6,7,143.7,10.0,10,宮内勇樹,55.0,ダ,1100.0,稍,71.3,2.7,3-3,41.2,454,4,レディーダイヤ,
2024101061,ヤングゼネラル,2026/05/13,門別,曇,6,JRA認定競走フレッ(新馬)(2歳),12,3,3,68.3,11.0,7,宮内勇樹,55.0,ダ,1100.0,良,71.5,2.8,6-5,40.0,450,0,ドッカンキャベツ,
2024105717,マダムアイ,2026/07/08,門別,晴,1,2歳未勝利(未勝利),8,6,6,52.3,8.0,6,阿岸潤一,54.0,ダ,1600.0,良,110.6,2.3,7-7-8-8,43.1,490,-4,レモンサワー,
2024105717,マダムアイ,2026/06/24,門別,晴,2,2歳未勝利(未勝利),9,8,9,200.4,8.0,7,阿岸潤一,54.0,ダ,1500.0,良,104.1,2.5,6-6-5-6,43.0,494,-2,カストール,
2024105717,マダムアイ,2026/06/11,門別,晴,6,JRA認定競走フレッ(新馬)(2歳),9,2,2,182.9,9.0,9,阿岸潤一,54.0,ダ,1200.0,良,80.0,5.8,8-8,41.8,496,0,ソルデイスター,
2024101536,カルリトス,2026/07/16,門別,晴,2,2歳未勝利(未勝利),11,4,4,159.7,8.0,3,黒澤愛斗,55.0,ダ,1700.0,重,113.9,0.5,1-1-1-1,41.8,460,-6,リヴァールミナス,10.5
2024101536,カルリトス,2026/07/02,門別,曇,6,JRA認定競走フレッ(新馬)(2歳),8,4,4,26.5,6.0,5,石川倭,55.0,ダ,1200.0,良,78.6,3.1,7-7,39.7,466,0,ロッキンチェアー,17.5
2024103945,バラデロ,2026/06/18,門別,曇,4,JRA認定競走アタッ(未勝利)(2歳),8,5,5,86.8,7.0,6,小野楓馬,55.0,ダ,1700.0,良,116.3,2.1,7-7-8-8,40.0,438,-2,リュウノジェット,
2024103945,バラデロ,2026/06/04,門別,曇,5,JRA認定競走アタッ(未勝利)(2歳),8,8,8,11.8,3.0,6,岩橋勇二,55.0,ダ,1700.0,良,117.1,2.7,8-8-8-7,42.4,440,-2,ニュースタンダード,
2024103945,バラデロ,2026/05/21,門別,曇,5,JRA認定競走フレッ(新馬)(2歳),9,3,3,71.0,8.0,5,阿部龍,55.0,ダ,1100.0,良,69.8,1.8,9-9,37.6,442,0,プライベートセクタ,21.0
2024100377,リヴェンドラ,2026/07/14,門別,雨,3,2歳未勝利(未勝利),12,6,7,8.6,4.0,7,小野楓馬,55.0,ダ,1200.0,稍,77.4,2.9,8-9,40.1,486,-2,ウィンターキャビン,
2024100377,リヴェンドラ,2026/06/30,門別,晴,4,JRA認定競走アタッ(未勝利)(2歳),8,2,2,20.9,5.0,7,小野楓馬,55.0,ダ,1200.0,良,77.2,2.0,5-6,39.3,488,-4,スターオブヴェイズ,
2024100377,リヴェンドラ,2026/06/18,門別,曇,3,JRA認定競走アタッ(未勝利)(2歳),9,3,3,102.2,7.0,3,岩橋勇二,55.0,ダ,1200.0,良,76.1,1.1,4-4,39.2,492,-4,ラビリンスティアラ,25.2
2024100377,リヴェンドラ,2026/05/28,門別,雨,5,JRA認定競走フレッ(新馬)(2歳),8,6,6,77.1,8.0,6,小野楓馬,55.0,ダ,1200.0,稍,78.1,2.2,3-3,41.2,496,0,シアンディオ,
2024105176,ライヴユアドリーム,2026/07/16,門別,晴,3,JRA認定競走アタッ(未勝利)(2歳),9,5,5,9.4,4.0,2,阿部龍,55.0,ダ,1700.0,重,112.9,0.6,7-7-6-5,41.2,440,-2,シャディアラ,33.6
2024105176,ライヴユアドリーム,2026/07/02,門別,曇,3,JRA認定競走アタッ(未勝利)(2歳),8,4,4,36.4,6.0,3,阿部龍,55.0,ダ,1700.0,良,114.9,0.8,5-5-6-5,40.8,442,8,ミッションフェロー,25.2
2024105176,ライヴユアドリーム,2026/06/17,門別,晴,5,JRA認定競走アタッ(未勝利)(2歳),12,2,2,28.4,5.0,6,桑村真明,55.0,ダ,1100.0,良,69.9,2.1,6-6,39.3,434,2,エイシンウルトラン,
2024105176,ライヴユアドリーム,2026/05/28,門別,雨,4,JRA認定競走フレッ(新馬)(2歳),8,7,7,18.3,4.0,2,阿部龍,55.0,ダ,1000.0,稍,63.2,2.3,6-5,37.7,432,0,セルアウトクラウド,70.0
2024104869,キングオブミラクル,2026/07/02,門別,曇,6,JRA認定競走フレッ(新馬)(2歳),8,6,6,2.4,1.0,3,服部茂史,55.0,ダ,1200.0,良,77.5,2.0,2-3,40.4,494,0,ロッキンチェアー,52.5
2024101158,オリザレコルト,2026/07/08,門別,晴,1,2歳未勝利(未勝利),8,3,3,9.6,5.0,4,小野楓馬,55.0,ダ,1600.0,良,110.2,1.9,1-1-1-1,45.6,472,-12,レモンサワー,7.0
2024101158,オリザレコルト,2026/06/25,門別,曇,5,JRA認定競走フレッ(新馬)(2歳),5,3,3,47.9,5.0,4,小野楓馬,55.0,ダ,1700.0,良,116.7,2.1,1-1-3-3,43.4,484,0,ゴーゴーミツヒコ,35.0
2024106730,リュウノパイレーツ,2026/07/02,門別,曇,3,JRA認定競走アタッ(未勝利)(2歳),8,1,1,10.4,5.0,4,井上瑛太,55.0,ダ,1700.0,良,115.1,1.0,4-4-4-5,41.4,486.0,-12.0,ミッションフェロー,16.8
2024106730,リュウノパイレーツ,2026/05/26,門別,曇,5,JRA認定競走フレッ(新馬)(2歳),9,5,5,2.7,2.0,4,小野楓馬,55.0,ダ,1100.0,稍,69.8,2.0,5-4,39.9,498.0,0.0,ダブルゲーム,35.0
2024106730,リュウノパイレーツ,2026/05/05,門別,晴,6,JRA認定競走フレッ(新馬)(2歳),6,2,2,,,取,阿部龍,55.0,ダ,1100.0,稍,,,,,,,アペリティーヴォ,
2023105167,ラカーリア,2026/07/15,門別,晴,4,3歳以上C4ー2,10,7,7,123.0,9.0,8,岩橋勇二,55.0,ダ,1200.0,稍,76.3,0.8,9-9,38.5,492,6,ウォーキャット,
2023105167,ラカーリア,2026/07/01,門別,晴,3,道産子ポイントガード(C4),11,6,6,269.8,10.0,3,岩橋勇二,55.0,ダ,1200.0,良,77.0,1.2,5-5,38.8,486,-4,ジューンランド,8.4
2023105167,ラカーリア,2026/06/18,門別,晴,2,とみくるマルシェ賞(C4),13,7,11,513.6,12.0,9,服部茂史,55.0,ダ,1200.0,良,77.3,2.0,9-6,40.5,490,8,サンゼントカガヤク,
2023105167,ラカーリア,2026/06/03,門別,曇,10,グランシャリオドリー(C4),12,3,3,278.0,8.0,11,服部茂史,55.0,ダ,1700.0,良,114.6,2.5,7-8-6-5,40.9,482,2,ブレイキンアウェイ,
2023105167,ラカーリア,2026/05/20,門別,曇,10,グランシャリオドリー(C4),14,6,9,246.2,12.0,10,岩橋勇二,55.0,ダ,1200.0,良,77.1,2.1,10-11,39.2,480,-2,ガイストゼーゲン,
2023105167,ラカーリア,2026/05/05,門別,晴,11,たきかわ菜の花まつり(C4),14,3,3,93.6,9.0,6,岩橋勇二,55.0,ダ,1200.0,稍,77.0,1.5,8-7,40.5,482,-8,シーザーキック,
2023105167,ラカーリア,2026/04/22,門別,晴,11,チューリップ特別(C4),11,6,7,21.4,6.0,10,岩橋勇二,55.0,ダ,1200.0,稍,77.2,1.5,9-6,38.9,490,46,スティルアローン,
2023105167,ラカーリア,2026/01/18,1京都7,晴,3,3歳未勝利,16,3,5,60.4,9.0,14,古川吉洋,55.0,ダ,1400.0,良,89.1,2.8,13-12,39.9,444,-4,カフジクロミエ,
2023105167,ラカーリア,2025/12/07,5阪神2,晴,6,2歳新馬,9,1,1,12.1,6.0,9,菱田裕二,55.0,ダ,1800.0,良,121.0,7.0,6-6-5-8,43.6,448,0,クイノールト,
2020104218,キョウエイフレアー,2026/07/16,門別,晴,7,3歳以上C4ー2,7,4,4,82.9,6.0,6,松井伸也,55.0,ダ,1200.0,重,75.9,0.9,6-6,38.9,426,-4,カセノフォルス,
2020104218,キョウエイフレアー,2026/07/02,門別,曇,4,3歳以上C4ー2,9,5,5,178.9,8.0,5,松井伸也,55.0,ダ,1200.0,良,76.8,0.6,7-5,38.8,430,2,グレイトエイト,2.8
2020104218,キョウエイフレアー,2026/06/18,門別,晴,2,とみくるマルシェ賞(C4),13,6,8,239.9,10.0,6,阿岸潤一,54.0,ダ,1200.0,良,76.7,1.4,8-6,40.2,428,-4,サンゼントカガヤク,
2020104218,キョウエイフレアー,2026/06/04,門別,晴,3,えんどう豆生まれドリ(C4),13,1,1,481.5,13.0,7,阿岸潤一,54.0,ダ,1200.0,良,76.8,2.5,5-6,39.9,432,6,スターオブムーラン,
2020104218,キョウエイフレアー,2026/05/21,門別,曇,7,3歳以上C4ー2,14,8,13,473.7,14.0,10,小川悠汰,52.0,ダ,1200.0,良,77.1,2.2,12-11,39.7,426,4,スキャボロフェアー,
2020104218,キョウエイフレアー,2026/05/06,門別,晴,4,3歳以上C4ー2,14,3,3,248.8,14.0,10,阿岸潤一,54.0,ダ,1200.0,良,77.7,2.2,8-9,40.5,422,-4,アサガオ,
2020104218,キョウエイフレアー,2026/04/23,門別,曇,4,3歳以上C4ー2,10,7,8,66.3,6.0,8,井上瑛太,55.0,ダ,1200.0,稍,77.9,2.0,2-2,41.6,426,-2,アンヘル,
2020104218,キョウエイフレアー,2025/11/06,門別,曇,6,3歳以上C3ー2C4,10,8,10,65.4,9.0,6,松井伸也,55.0,ダ,1200.0,稍,76.5,1.0,8-8,38.5,428,0,リュウノマジシャン,
2020104218,キョウエイフレアー,2025/10/23,門別,晴,5,3歳以上C3ー2C4,11,4,4,39.9,7.0,7,松井伸也,55.0,ダ,1200.0,稍,77.3,1.2,10-10,39.0,428,0,ラストカノン,
2020104218,キョウエイフレアー,2025/10/09,門別,晴,4,SDGs推進の町うら(C3),11,8,11,133.5,9.0,3,松井伸也,55.0,ダ,1200.0,良,76.6,0.3,5-6,39.1,428,2,ユウグレ,8.4
2020104218,キョウエイフレアー,2025/09/25,門別,晴,6,3歳以上C3ー2C4,12,6,7,97.5,11.0,9,松井伸也,55.0,ダ,1200.0,不,75.4,2.1,7-6,38.7,426,8,ウインドファルクス,
2020104218,キョウエイフレアー,2025/08/28,門別,曇,7,北海道だけ!がうまい(C3),10,4,4,77.9,7.0,4,松井伸也,55.0,ダ,1200.0,良,76.4,1.0,8-7,38.4,418,-4,ビリーヴアンドラン,5.6
2020104218,キョウエイフレアー,2025/08/14,門別,曇,10,グランシャリオドリー(C3),12,2,2,85.4,9.0,7,松井伸也,55.0,ダ,1200.0,良,76.3,1.4,9-7,38.6,422,6,ブラストバローズ,
2020104218,キョウエイフレアー,2025/07/31,門別,晴,6,優駿の里安平町早来か(C4),9,3,3,29.8,6.0,1,石川倭,55.0,ダ,1200.0,稍,76.0,-0.3,7-6,38.6,416,-4,(リュウノマジシャン),40.0
2020104218,キョウエイフレアー,2025/07/17,門別,晴,7,3歳以上C4ー3,11,7,9,23.8,5.0,7,亀井洋司,55.0,ダ,1200.0,稍,76.8,1.7,9-8,38.9,420,8,トゥスイート,
2020104218,キョウエイフレアー,2025/07/02,門別,曇,6,3歳以上C4ー3,10,2,2,22.3,5.0,5,阿部龍,55.0,ダ,1200.0,良,76.2,1.0,7-5,38.6,412,-4,キスメット,2.8
2020104218,キョウエイフレアー,2025/06/19,門別,晴,6,3歳以上C4ー3,14,1,1,28.7,6.0,4,亀井洋司,55.0,ダ,1200.0,良,76.0,1.1,10-9,38.5,416,0,ロワン,5.6
2020104218,キョウエイフレアー,2025/06/04,門別,曇,10,グランシャリオドリー(C4),12,7,10,9.1,6.0,3,石川倭,55.0,ダ,1200.0,重,75.0,0.6,10-7,38.1,416,2,アルファインディ,11.6
2020104218,キョウエイフレアー,2025/05/21,門別,晴,2,3歳以上C4ー2,14,5,8,150.3,9.0,8,金山昇馬,55.0,ダ,1200.0,良,76.5,1.6,13-11,38.7,414,-4,ニシケンカバル,
2020104218,キョウエイフレアー,2025/05/08,門別,曇,9,3歳以上C4ー2,14,6,9,506.9,12.0,4,亀井洋司,55.0,ダ,1200.0,良,75.8,1.2,11-10,37.7,418,0,パッションプリマ,5.6
2020104218,キョウエイフレアー,2025/04/23,門別,曇,8,レンゲソウ特別(C4),11,8,11,62.7,9.0,6,藤田凌駕,52.0,ダ,1200.0,重,76.3,3.0,6-5,39.4,418,-4,グラストップロード,
2020104218,キョウエイフレアー,2024/11/06,門別,晴,5,3歳以上C4ー2,11,3,3,43.5,8.0,4,藤田凌駕,52.0,ダ,1200.0,良,76.0,0.3,9-9,37.7,422,-6,テンケイ,5.6
2020104218,キョウエイフレアー,2024/10/22,門別,曇,6,3歳以上C4ー2,12,1,1,148.6,11.0,11,阪野学,55.0,ダ,1200.0,稍,77.5,1.6,10-11,39.8,428,6,アンクルサンダー,
2020104218,キョウエイフレアー,2024/09/25,門別,晴,8,3歳以上C4ー2,8,7,7,7.9,4.0,4,小野楓馬,55.0,ダ,1200.0,良,76.3,0.8,5-4,38.9,422,4,スズオリーブ,5.6
2020104218,キョウエイフレアー,2024/09/11,門別,晴,6,3歳以上C4ー2,9,7,7,71.6,7.0,6,阿部龍,55.0,ダ,1200.0,良,76.8,1.1,8-8,37.9,418,0,ウィンストラテジー,
2020104218,キョウエイフレアー,2024/08/22,門別,雨,8,3歳以上C4ー2,10,7,7,27.0,6.0,10,小野楓馬,55.0,ダ,1200.0,稍,78.1,2.4,5-7,41.6,418,6,エピタキシー,
2020104218,キョウエイフレアー,2024/08/07,門別,晴,7,新ひだか・新冠2デイ(C4),8,5,5,103.3,8.0,2,阿部龍,55.0,ダ,1200.0,稍,75.8,1.4,6-5,38.6,412,-4,プライムブルー,11.2
2020104218,キョウエイフレアー,2024/07/25,門別,曇,9,3歳以上C4ー3,12,7,9,50.4,9.0,5,阿部龍,55.0,ダ,1200.0,良,76.6,0.5,3-2,40.0,416,2,ササキンポピー,2.8
2020104218,キョウエイフレアー,2024/07/03,門別,曇,8,3歳以上C4ー3,8,3,3,38.1,6.0,4,阿部龍,55.0,ダ,1200.0,稍,76.5,2.2,5-4,39.0,414,4,クインズアルテミス,5.6
2020104218,キョウエイフレアー,2024/06/18,門別,曇,7,北日高岳賞(C4),10,7,7,8.7,5.0,4,阿部龍,55.0,ダ,1200.0,良,77.5,0.9,7-5,39.7,410,-2,イカロスカフェ,5.6
2020104218,キョウエイフレアー,2024/06/05,門別,曇,8,3歳以上C3C4ー1,12,5,6,326.9,12.0,12,阪野学,55.0,ダ,1200.0,良,77.2,3.2,11-10,39.6,412,-2,アイゼンヴァンド,
2020104218,キョウエイフレアー,2024/05/23,門別,晴,6,北海道の翼「AIRD(C4),6,4,4,5.0,3.0,3,阿部龍,55.0,ダ,1200.0,良,76.8,0.4,2-3,39.4,414,6,ヴィユノーク,8.4
2020104218,キョウエイフレアー,2024/05/08,門別,曇,10,キショウブ賞(C4),9,3,3,53.6,8.0,5,阿部龍,55.0,ダ,1200.0,稍,77.5,2.6,6-6,39.9,408,-4,イエスゴーオン,2.8
2020104218,キョウエイフレアー,2024/04/24,門別,曇,7,3歳以上C4ー2,8,5,5,86.8,8.0,4,阿部龍,55.0,ダ,1000.0,良,63.9,1.2,6-5,39.0,412,-4,ストーリータイム,5.6
2020104218,キョウエイフレアー,2023/10/26,門別,晴,8,3歳以上C3ー2C4,12,6,7,299.9,10.0,6,阿部龍,54.0,ダ,1200.0,稍,76.4,2.2,10-10,39.8,416,2,ゼラスエフォーツ,
2020104218,キョウエイフレアー,2023/10/05,門別,曇,7,3歳以上C3ー2C4,8,1,1,10.6,5.0,7,宮内勇樹,51.0,ダ,1000.0,稍,63.1,1.2,7-8,37.6,414,-4,ドーバーファルコン,
2020104218,キョウエイフレアー,2023/09/21,門別,雨,4,3歳以上C4ー3,12,6,8,7.4,4.0,1,亀井洋司,54.0,ダ,1000.0,稍,62.9,-0.3,8-5,37.9,418,0,(ヴィルブラックヒル),40.0
2020104218,キョウエイフレアー,2023/09/07,門別,晴,4,3歳以上C4ー3,12,1,1,26.9,5.0,4,亀井洋司,54.0,ダ,1000.0,稍,63.8,0.9,4-5,38.3,418,4,リトルアーサー,5.6
2020104218,キョウエイフレアー,2023/08/22,門別,晴,4,寺園脩斗賞(C4),12,2,2,13.9,5.0,1,亀井洋司,54.0,ダ,1000.0,稍,62.8,-0.3,4-4,38.5,414,4,(タイセツオー),40.0
2020104218,キョウエイフレアー,2023/08/08,門別,晴,5,新冠産米「判官伝説」(C4),10,7,8,8.4,4.0,4,宮内勇樹,51.0,ダ,1000.0,重,62.9,0.9,5-3,38.1,410,-6,ナギサノチャコ,5.6
2020104218,キョウエイフレアー,2023/07/25,門別,曇,7,3歳以上C4ー4,11,4,4,5.1,2.0,4,宮内勇樹,51.0,ダ,1000.0,良,63.1,1.1,10-6,37.4,416,4,プリンセスキアラ,5.6
2020104218,キョウエイフレアー,2023/07/11,門別,曇,6,3歳以上C4ー3,10,7,7,5.3,2.0,3,宮内勇樹,51.0,ダ,1000.0,稍,62.9,0.7,4-3,37.6,412,6,ワンビ,8.4
2020104218,キョウエイフレアー,2023/06/28,門別,晴,5,3歳以上C4ー3,11,8,11,3.0,2.0,3,小野楓馬,54.0,ダ,1000.0,稍,63.0,1.1,5-3,37.8,406,-4,エイシンレプニ,8.4
2020104218,キョウエイフレアー,2023/06/07,門別,雨,1,3歳条件未勝利(未勝利),12,3,3,5.6,3.0,2,小野楓馬,54.0,ダ,1000.0,稍,62.7,0.2,6-6,37.8,410,2,ゲンサイ,14.0
2020104218,キョウエイフレアー,2023/05/24,門別,晴,2,3歳条件未勝利(未勝利),11,6,7,35.1,8.0,2,小野楓馬,54.0,ダ,1000.0,稍,63.0,1.2,5-4,37.9,408,0,アグラバー,14.0
2020104218,キョウエイフレアー,2023/05/10,門別,曇,1,3歳条件未勝利(未勝利),12,8,11,164.6,11.0,7,宮内勇樹,51.0,ダ,1200.0,良,77.9,1.9,7-5,40.4,408,0,スカイオージ,
2020104218,キョウエイフレアー,2023/04/27,門別,晴,1,3歳条件未勝利(未勝利),12,4,4,11.8,4.0,10,小野楓馬,54.0,ダ,1000.0,重,66.5,2.5,6-8,40.9,408,-4,ヴィルブラックヒル,
2020104218,キョウエイフレアー,2022/11/08,門別,曇,4,2歳牝馬未勝利(未勝利),11,6,7,4.3,2.0,8,小野楓馬,54.0,ダ,1100.0,稍,70.3,1.5,8-8,40.2,412,0,リコーカービン,
2020104218,キョウエイフレアー,2022/10/18,門別,晴,7,2歳牝馬未勝利(未勝利),10,2,2,29.4,9.0,3,中越琉世,54.0,ダ,1000.0,良,63.3,0.8,8-8,38.0,412,4,ワンビ,10.5
2020104218,キョウエイフレアー,2022/09/14,門別,晴,3,2歳未勝利(未勝利),12,6,8,94.3,9.0,3,小野楓馬,54.0,ダ,1000.0,良,64.2,0.4,6-5,39.0,408,-2,アニモミホ,10.5
2020104218,キョウエイフレアー,2022/08/10,門別,曇,2,2歳牝馬未勝利(未勝利),11,1,1,224.2,11.0,11,亀井洋司,54.0,ダ,1000.0,不,64.0,2.9,8-8,38.9,410,0,ラファルジュノー,
2020104218,キョウエイフレアー,2022/07/27,門別,晴,2,2歳牝馬未勝利(未勝利),8,6,6,155.5,8.0,5,亀井洋司,54.0,ダ,1000.0,良,63.0,2.7,7-7,37.7,410,2,インプローヴィング,3.5
2020104218,キョウエイフレアー,2022/06/23,門別,雨,7,JRA認定フレッシュ(新馬)(2歳),9,8,9,77.1,7.0,7,小野楓馬,54.0,ダ,1000.0,稍,65.3,2.7,5-5,40.3,408,0,メイドイットマム,
2023106591,ブールドネージュ,2026/07/15,門別,晴,4,3歳以上C4ー2,10,8,9,6.9,2.0,4,石川倭,55.0,ダ,1200.0,稍,75.7,0.2,6-7,38.3,458,-4,ウォーキャット,5.6
2023106591,ブールドネージュ,2026/07/01,門別,晴,3,道産子ポイントガード(C4),11,7,9,6.2,2.0,2,石川倭,55.0,ダ,1200.0,良,76.8,1.0,1-1,39.3,462,16,ジューンランド,11.2
2023106591,ブールドネージュ,2026/05/24,1新潟8,曇,2,3歳未勝利,14,8,14,621.8,13.0,12,遠藤汰月,52.0,ダ,1200.0,稍,74.6,2.1,11-11,39.1,446,-8,アーガイルショア,
2023106591,ブールドネージュ,2025/11/15,5東京3,晴,3,2歳未勝利,14,5,9,300.5,13.0,14,小林脩斗,55.0,ダ,1600.0,良,104.4,4.7,13-13,41.3,454,0,ムーランオランジュ,
2023106591,ブールドネージュ,2025/11/08,5東京1,曇,1,2歳未勝利,15,8,16,609.6,15.0,13,黛弘人,55.0,ダ,1300.0,良,82.7,3.4,12-12,38.8,454,6,プルメリアリノ,
2023106591,ブールドネージュ,2025/09/06,4中山1,晴,3,2歳未勝利,9,2,2,86.5,8.0,8,杉原誠人,55.0,ダ,1800.0,重,119.9,4.8,3-3-4-6,43.1,448,8,ニャンタロウ,
2023106591,ブールドネージュ,2025/08/23,3新潟1,晴,5,2歳新馬,13,8,12,133.1,12.0,12,杉原誠人,55.0,芝,1600.0,良,100.2,1.6,12-13,34.0,440,0,ローザレイア,
2023100836,スティールアンバー,2026/07/16,門別,晴,4,3歳以上C4ー2,12,7,9,1.4,1.0,3,桑村真明,57.0,ダ,1000.0,重,61.9,0.3,3-3,37.3,504,6,ポートエレン,8.4
2023100836,スティールアンバー,2026/05/27,門別,曇,7,3歳以上C4ー2,12,7,9,2.3,1.0,2,桑村真明,57.0,ダ,1000.0,良,62.2,0.0,1-1,38.4,498,-2,ライトニングジャブ,11.2
2023100836,スティールアンバー,2026/05/05,門別,晴,1,3歳条件未勝利(未勝利),12,2,2,1.6,1.0,1,桑村真明,57.0,ダ,1000.0,稍,62.9,-0.3,1-1,38.3,500,20,(クロームボーイ),50.0
2023100836,スティールアンバー,2025/04/24,門別,晴,6,JRA認定競走フレッ(新馬)(2歳),9,5,5,1.4,1.0,3,桑村真明,55.0,ダ,1000.0,重,62.1,1.5,2-2,38.8,480,0,エイシンリガーズ,63.0
2023106302,スーパーブラザー,2026/05/30,3京都11,晴,2,3歳未勝利,16,7,13,225.0,15.0,16,河原田菜,53.0,ダ,1800.0,良,120.0,6.5,8-9-14-15,42.0,594,0,アメリカンイズム,
2023107488,ピンクサウスポー,2026/07/14,門別,曇,10,グランシャリオドリー(C4),9,4,4,17.4,6.0,8,桑村真明,55.0,ダ,1600.0,重,109.2,3.5,6-7-9-8,43.6,470,-8,ベイストラトラ,
2023107488,ピンクサウスポー,2026/05/30,佐賀,晴,2,3歳ー4組,11,8,10,23.9,3.0,11,山下裕貴,54.0,ダ,1400.0,良,94.4,3.1,4-5-10-10,41.4,478,5,シルバークラフト,
2023107488,ピンクサウスポー,2026/05/16,佐賀,晴,1,パッカルくんのおとし(3歳),12,7,9,5.7,3.0,5,山下裕貴,54.0,ダ,1400.0,良,93.2,0.8,4-4-4-5,40.9,473,-4,ミコニス,5.0
2023107488,ピンクサウスポー,2026/05/02,佐賀,曇,1,パドックリニューアル(3歳),11,3,3,9.6,3.0,7,竹吉徹,54.0,ダ,1400.0,重,93.1,1.6,3-3-5-6,42.1,477,-1,テイエムテンジン,
2023107488,ピンクサウスポー,2026/04/18,佐賀,曇,1,パッカルくんのおとし(3歳),11,4,4,3.0,2.0,1,山下裕貴,54.0,ダ,1400.0,重,92.8,-0.1,1-1-2-1,39.8,478,0,(ヘラクレステソーロ),50.0
2023107488,ピンクサウスポー,2026/04/04,佐賀,曇,1,パッカルくんのおとし(3歳),11,6,7,2.8,2.0,4,山下裕貴,54.0,ダ,1400.0,不,92.8,1.2,1-1-1-2,41.1,478,6,イッテルビウム,7.5
2023107488,ピンクサウスポー,2026/03/21,佐賀,晴,1,パッカルくんのおとし(3歳),8,2,2,1.5,1.0,1,山下裕貴,54.0,ダ,1400.0,稍,92.5,-0.1,2-2-2-1,40.3,472,-1,(ボンスヴニール),45.0
2023107488,ピンクサウスポー,2026/03/15,佐賀,曇,11,SAGAリベンジャー(3歳),8,8,8,2.6,2.0,1,山下裕貴,54.0,ダ,1300.0,良,85.5,-0.9,1-1-1-1,39.6,473,5,(ベラジオマーカス),45.0
2023107488,ピンクサウスポー,2026/02/28,佐賀,晴,11,SAGAリベンジャー(3歳),12,2,2,27.7,6.0,5,山下裕貴,54.0,ダ,1400.0,不,92.9,0.9,3-3-4-5,40.6,468,8,ユイアヴェニール,3.6
2023107488,ピンクサウスポー,2026/01/11,1中山4,曇,2,3歳未勝利,16,5,9,373.8,16.0,13,石橋脩,55.0,ダ,1800.0,良,121.0,4.1,15-15-12-12,42.3,460,-6,ノーブルクラウド,
2023107488,ピンクサウスポー,2025/12/21,5中山6,曇,2,2歳未勝利,16,1,2,285.1,16.0,13,北村宏司,55.0,ダ,1800.0,不,116.5,2.6,11-12-12-11,40.2,466,-8,ヘルメスギャング,
2023107488,ピンクサウスポー,2025/11/29,5東京7,晴,5,2歳新馬,13,6,9,124.4,12.0,12,北村宏司,55.0,芝,1600.0,良,97.1,1.8,12-12,34.5,474,0,ヴァロアーク,
2022100832,ハッピーピンク,2026/07/14,門別,雨,7,3歳以上C4ー2,11,5,5,117.0,9.0,7,藤田凌駕,53.0,ダ,1000.0,重,62.9,0.9,10-10,37.5,462,10,ベルテオドーラ,
2022100832,ハッピーピンク,2026/06/30,門別,晴,7,3歳以上C4ー2,9,3,3,71.6,7.0,7,藤田凌駕,53.0,ダ,1000.0,良,63.6,1.3,9-8,37.4,452,0,サラメーガン,
2022100832,ハッピーピンク,2026/06/17,門別,晴,7,沙流川温泉ひだか高原(C4),11,3,3,22.5,7.0,10,藤田凌駕,53.0,ダ,1000.0,良,63.2,1.1,10-10,36.9,452,-4,ロスカキック,
2022100832,ハッピーピンク,2026/06/03,門別,晴,4,3歳以上C4ー2,9,7,7,52.5,7.0,3,渡辺準己,52.0,ダ,1000.0,良,62.7,0.6,8-7,37.5,456,8,スティールスピネル,8.4
2022100832,ハッピーピンク,2026/05/20,門別,曇,9,ウツギ特別(C4),12,5,6,15.2,6.0,9,井上瑛太,55.0,ダ,1000.0,良,63.0,1.5,11-11,37.0,448,4,サクラカレント,
2022100832,ハッピーピンク,2026/05/06,門別,晴,3,3歳以上C4ー2,12,7,10,55.2,10.0,5,井上俊彦,55.0,ダ,1000.0,稍,62.7,1.0,6-5,38.0,444,-4,ワイルドタイタン,2.8
2022100832,ハッピーピンク,2026/04/22,門別,晴,11,チューリップ特別(C4),11,4,4,46.3,8.0,8,小川悠汰,52.0,ダ,1200.0,稍,77.2,1.5,9-11,38.8,448,0,スティルアローン,
2022100832,ハッピーピンク,2026/04/16,門別,晴,4,3歳以上C4ー2,12,1,1,143.5,10.0,5,桑村真明,55.0,ダ,1000.0,良,63.1,0.8,10-8,37.2,448,4,ヤマノプリティー,2.8
2022100832,ハッピーピンク,2025/11/11,門別,曇,11,しべつ牛乳特別(C3),15,6,11,44.1,7.0,8,塩津璃菜,51.0,ダ,1200.0,稍,77.1,1.2,11-11,38.9,444,6,リオンセーラス,
2022100832,ハッピーピンク,2025/11/05,門別,晴,8,3歳以上C3ー2C4,11,3,3,200.6,11.0,8,宮内勇樹,55.0,ダ,1000.0,稍,63.5,0.8,11-11,37.4,438,-6,シュヴィル,
2022100832,ハッピーピンク,2025/10/23,門別,晴,4,3歳以上C3ー2C4,11,1,1,48.2,8.0,11,黒澤愛斗,55.0,ダ,1000.0,稍,64.7,2.8,11-11,38.0,444,-6,モズアンドモズ,
2022100832,ハッピーピンク,2025/10/09,門別,晴,5,うらかわ優駿ビレッジ(C3),12,8,11,65.2,10.0,10,藤田凌駕,53.0,ダ,1000.0,良,64.0,2.0,12-12,38.0,450,-8,インユアアイズ,
2022100832,ハッピーピンク,2025/09/24,門別,曇,9,ニチニチソウ特別(C4),12,5,5,4.8,3.0,1,石川倭,55.0,ダ,1000.0,良,63.2,-0.1,9-10,37.7,458,20,(オセロ),55.0
2022100832,ハッピーピンク,2025/08/13,門別,晴,7,3歳以上C4ー3,11,7,10,4.3,3.0,6,小野楓馬,55.0,ダ,1000.0,良,63.6,1.0,8-8,38.0,438,-2,テンペスタリー,
2022100832,ハッピーピンク,2025/07/23,門別,晴,8,ハロー!Lexing(C4),11,8,11,19.3,5.0,2,宮内勇樹,55.0,ダ,1000.0,良,62.7,0.0,5-3,37.7,440,6,キタノプレンティ,11.2
2022100832,ハッピーピンク,2025/07/09,門別,晴,5,3歳以上C4ー3,10,1,1,48.9,7.0,7,桑村真明,55.0,ダ,1000.0,良,63.2,1.3,7-5,37.5,434,-4,アサガオ,
2022100832,ハッピーピンク,2025/06/26,門別,雨,1,日高町DAY賞(C4),9,6,6,2.4,2.0,1,宮内勇樹,55.0,ダ,1000.0,稍,63.4,-0.2,4-2,38.7,438,-6,(プチビーンズ),40.0
2022100832,ハッピーピンク,2025/06/12,門別,曇,1,3歳以上C4ー4,10,6,6,7.2,3.0,2,落合玄太,55.0,ダ,1000.0,稍,63.7,0.1,1-1,38.4,444,-12,フランキンローズ,11.2
2022100832,ハッピーピンク,2025/05/29,門別,晴,3,3歳以上C4ー4,8,8,8,3.3,2.0,2,岩橋勇二,55.0,ダ,1000.0,良,63.4,0.0,1-1,38.2,456,6,カナリコッタゲーム,11.2
2022100832,ハッピーピンク,2025/05/14,門別,曇,7,3歳以上C4ー4,10,1,1,5.0,2.0,7,宮内勇樹,55.0,ダ,1000.0,良,65.1,1.3,4-4,39.8,450,-10,カネトシセレスト,
2022100832,ハッピーピンク,2024/11/06,門別,晴,2,2歳未勝利(未勝利),12,1,1,160.6,9.0,11,阿部龍,55.0,ダ,1700.0,良,114.7,2.2,11-11-11-11,40.7,460,2,ジーニーキック,
2022100832,ハッピーピンク,2024/10/29,門別,晴,4,2歳牝馬未勝利(未勝利),10,8,9,18.6,4.0,5,松井伸也,55.0,ダ,1000.0,良,63.7,0.9,5-5,38.4,458,-6,オールスパイス,3.5
2022100832,ハッピーピンク,2024/10/15,門別,曇,1,浦河産黒毛和牛を食べ(未勝利)(2歳),12,8,12,2.9,1.0,4,石川倭,55.0,ダ,1000.0,良,64.0,0.2,5-3,38.3,464,-4,マキマキパフェ,7.0
2022100832,ハッピーピンク,2024/10/10,門別,晴,3,2歳未勝利(未勝利),10,6,6,53.5,8.0,6,松井伸也,55.0,ダ,1100.0,良,70.7,1.4,10-8,38.4,468,-2,キュータロー,
2022100832,ハッピーピンク,2024/09/24,門別,晴,4,2歳牝馬未勝利(未勝利),12,2,2,55.4,6.0,7,松井伸也,55.0,ダ,1000.0,良,64.9,2.0,10-9,38.2,470,-2,マサノタイヨウ,
2022100832,ハッピーピンク,2024/09/12,門別,晴,3,2歳未勝利(未勝利),12,3,3,48.8,6.0,7,岩橋勇二,55.0,ダ,1200.0,良,77.6,1.7,11-11,38.7,472,8,パッションプリマ,
2022100832,ハッピーピンク,2024/08/14,門別,曇,1,2歳未勝利(未勝利),12,5,5,35.7,6.0,9,石川倭,55.0,ダ,1000.0,重,64.3,2.9,11-11,36.5,464,-8,ナイスデスネ,
2022100832,ハッピーピンク,2024/07/31,門別,曇,5,JRA認定競走フレッ(新馬)(2歳),8,2,2,51.7,7.0,6,小野楓馬,55.0,ダ,1000.0,稍,63.3,1.5,4-4,37.7,472,0,クリスタルケイブ,
2023100601,ケイトバローズ,2026/07/14,門別,雨,8,ラベンダー特別(C4),8,7,7,51.6,7.0,8,小野楓馬,55.0,ダ,1800.0,重,125.5,5.9,2-2-3-6,46.3,472,-2,ゴールドアイリーン,
2023100601,ケイトバローズ,2026/06/30,門別,晴,11,北海道野菜王国にった(C4),9,8,9,48.0,7.0,8,藤田凌駕,53.0,ダ,1700.0,良,115.2,2.7,8-7-8-8,41.9,474,0,アヴェルス,
2023100601,ケイトバローズ,2026/06/17,門別,曇,10,グランシャリオドリー(C4),14,4,5,19.9,6.0,7,小野楓馬,55.0,ダ,1800.0,良,120.8,2.5,8-8-9-8,41.8,474,-8,ビービーエリス,
2023100601,ケイトバローズ,2026/06/03,門別,曇,10,グランシャリオドリー(C4),12,5,5,3.4,1.0,12,小野楓馬,55.0,ダ,1700.0,良,114.7,2.6,7-5-5-6,41.0,482,20,ブレイキンアウェイ,
2023100601,ケイトバローズ,2026/04/18,2阪神7,晴,1,3歳未勝利,15,2,2,72.2,9.0,10,菱田裕二,55.0,ダ,1800.0,良,116.9,2.2,9-9-8-7,39.1,462,-2,アグレイビューティ,
2023100601,ケイトバローズ,2026/03/29,2阪神2,晴,1,3歳未勝利,14,3,4,88.7,11.0,7,松若風馬,55.0,ダ,1800.0,良,116.2,0.5,11-11-10-9,38.6,464,-4,ロイスター,
2023100601,ケイトバローズ,2025/10/26,3京都9,曇,1,2歳未勝利,9,3,3,103.8,8.0,6,松若風馬,55.0,ダ,1800.0,重,114.6,1.6,7-7-6-6,39.4,468,0,サリカリーフォリア,
2023100601,ケイトバローズ,2025/10/05,3京都2,曇,3,2歳新馬,16,2,3,34.0,9.0,10,松若風馬,55.0,ダ,1800.0,重,116.1,4.3,16-16-14-11,39.3,468,0,パイロマンサー,
2021104476,ツムグ,2026/07/14,門別,曇,9,リョウブ特別(C4),8,5,5,135.0,6.0,7,小野楓馬,57.0,ダ,1700.0,重,117.8,7.7,5-5-6-6,45.9,496.0,2.0,ベルバロン,
2021104476,ツムグ,2026/06/30,門別,晴,10,グランシャリオドリー(C4),12,7,9,79.2,8.0,9,小川悠汰,54.0,ダ,1500.0,良,101.4,2.5,9-9-7-7,43.3,494.0,0.0,ロンギングドルチェ,
2021104476,ツムグ,2026/06/17,門別,曇,8,日高山脈襟裳十勝国立(C4),11,7,9,158.7,10.0,6,小川悠汰,54.0,ダ,1000.0,良,63.7,1.6,11-11,37.5,494.0,0.0,サクセスビービー,
2021104476,ツムグ,2026/06/04,門別,晴,3,えんどう豆生まれドリ(C4),13,5,6,229.6,11.0,13,渡辺準己,54.0,ダ,1200.0,良,78.0,3.7,10-11,40.6,494.0,-2.0,スターオブムーラン,
2021104476,ツムグ,2026/05/21,門別,曇,7,3歳以上C4ー2,14,5,8,379.0,12.0,7,服部茂史,57.0,ダ,1200.0,良,76.9,2.0,9-9,40.0,496.0,6.0,スキャボロフェアー,
2021104476,ツムグ,2026/05/06,門別,晴,4,3歳以上C4ー2,14,6,9,153.7,12.0,9,小野俊斗,54.0,ダ,1200.0,良,77.6,2.1,10-10,40.2,490.0,2.0,アサガオ,
2021104476,ツムグ,2026/04/23,門別,曇,3,3歳以上C4ー2,12,1,1,45.5,8.0,9,小野楓馬,57.0,ダ,1000.0,稍,63.5,1.6,8-7,38.0,488.0,-12.0,クアトロソバージュ,
2021104476,ツムグ,2026/03/06,佐賀,曇,6,C2ー17組,12,5,5,4.2,2.0,1,石川慎将,56.0,ダ,1300.0,不,84.6,-0.7,3-3-2-1,39.8,500.0,0.0,(イサチルオアシス),40.0
2021104476,ツムグ,2026/02/25,佐賀,曇,12,SAGAリベンジャー(C2),12,7,9,22.8,5.0,3,石川慎将,56.0,ダ,900.0,不,55.3,0.5,5-6,36.7,,,クラウンキュー,7.2
2021104476,ツムグ,2026/02/07,佐賀,曇,7,C2ー20組,12,6,7,14.1,3.0,3,石川慎将,56.0,ダ,1400.0,良,93.4,1.5,5-4-4-4,40.4,497.0,-7.0,マイネルダンク,7.2
2021104476,ツムグ,2026/01/24,佐賀,晴,6,C2ー22組,12,6,8,9.8,5.0,5,石川慎将,56.0,ダ,1400.0,良,93.1,1.7,5-5-5-5,41.3,504.0,1.0,ダイハッシュウ,3.2
2021104476,ツムグ,2026/01/04,佐賀,曇,5,新春万福賞(C2),11,6,7,6.2,3.0,6,飛田愛斗,56.0,ダ,1400.0,良,93.9,1.8,3-3-4-7,41.4,503.0,-11.0,ルーメン,
2021104476,ツムグ,2025/11/12,門別,晴,6,3歳以上C4ー2,11,6,6,27.7,5.0,8,小野楓馬,57.0,ダ,1000.0,稍,64.2,2.2,9-9,38.9,514.0,2.0,ニッシンゲッポ,
2021104476,ツムグ,2025/10/29,門別,晴,5,3歳以上C4ー2,11,6,6,107.0,7.0,3,阿部龍,57.0,ダ,1000.0,稍,63.4,0.7,4-3,38.7,512.0,8.0,アルデスト,8.4
2021104476,ツムグ,2025/10/15,門別,晴,6,3歳以上C4ー2,12,8,11,56.9,7.0,10,桑村真明,57.0,ダ,1000.0,稍,65.4,2.9,11-10,38.2,504.0,4.0,カツノトゥウェルヴ,
2021104476,ツムグ,2025/10/01,門別,雨,6,3歳以上C4ー3,11,5,5,9.3,3.0,2,石川慎将,57.0,ダ,1000.0,重,64.5,0.2,1-1,40.0,500.0,6.0,ボヤージュアウト,11.2
2021104476,ツムグ,2025/09/17,門別,曇,6,3歳以上C4ー3,12,4,4,34.0,10.0,4,落合玄太,57.0,ダ,1000.0,良,63.9,0.2,8-6,37.6,494.0,6.0,ウワサノハルカ,5.6
2021104476,ツムグ,2025/09/04,門別,晴,5,3歳以上C4ー4,8,6,6,1.7,1.0,1,小野楓馬,57.0,ダ,1000.0,稍,64.4,-0.6,1-1,39.6,488.0,6.0,(カレンヒロ),40.0
2021104476,ツムグ,2025/07/23,門別,晴,5,3歳以上C4ー4,8,8,8,16.2,6.0,7,小野楓馬,57.0,ダ,1600.0,良,110.2,1.8,2-2-3-5,44.6,482.0,2.0,フラワーレジェンド,
2021104476,ツムグ,2025/07/16,門別,晴,6,3歳以上C4ー4,10,4,4,94.6,8.0,8,松井伸也,57.0,ダ,1200.0,稍,78.7,1.7,8-8,40.4,480.0,-2.0,ツキカゲ,
2021104476,ツムグ,2025/07/03,門別,晴,7,3歳以上C4ー4,9,1,1,9.1,3.0,4,松井伸也,57.0,ダ,1000.0,稍,63.9,0.9,4-5,38.5,482.0,-3.0,テナチュール,5.6
2021104476,ツムグ,2025/05/14,川崎,晴,12,2025川崎ジョッキ(C3),14,8,13,32.9,9.0,13,今野忠成,56.0,ダ,1400.0,稍,96.5,2.5,8-7-4-8,43.9,485.0,-7.0,メイワノワ,
2021104476,ツムグ,2025/04/07,川崎,曇,5,ツバメ賞(C3),11,2,2,77.1,8.0,8,藤江渉,56.0,ダ,900.0,稍,58.3,1.8,8-8,39.6,492.0,7.0,アンジュラプソディ,
2021104476,ツムグ,2025/03/05,川崎,雨,3,フェネック賞(C3),12,6,8,160.4,11.0,11,加藤雄真,53.0,ダ,900.0,不,58.7,2.4,10-11,39.7,485.0,4.0,ミツカネエリーズ,
2021104476,ツムグ,2024/12/26,大井,晴,2,3歳五六,12,6,7,20.1,5.0,8,谷内貫太,54.0,ダ,1200.0,良,78.3,1.9,5-6,40.6,481.0,5.0,サンライズジェイド,
2021104476,ツムグ,2024/12/05,大井,晴,3,3歳四五,14,1,1,45.4,8.0,12,Ｒ．クア,56.0,ダ,1200.0,良,77.2,2.6,1-1,41.1,476.0,-5.0,イロンデル,
2021104476,ツムグ,2024/11/04,大井,晴,1,3歳五六,11,8,11,7.1,3.0,8,Ｒ．クア,56.0,ダ,1400.0,稍,92.9,3.5,3-1-3,42.9,481.0,0.0,テンシノトリブン,
2021104476,ツムグ,2024/10/17,大井,曇,1,3歳三四五(3歳四),11,4,4,7.4,2.0,6,Ｒ．クア,56.0,ダ,1600.0,良,108.5,1.5,1-1-2-2,43.2,481.0,2.0,モッドフレイム,
2021104476,ツムグ,2024/09/30,大井,曇,6,ベリーニ賞(3歳),14,7,11,12.6,4.0,4,矢野貴之,56.0,ダ,1400.0,良,92.0,1.8,5-4-4,40.6,479.0,-1.0,ポッドワイルド,22.5
2021104476,ツムグ,2024/09/08,大井,晴,4,パパゲーナ賞(3歳),14,3,3,12.9,5.0,6,矢野貴之,56.0,ダ,1400.0,良,92.3,1.1,4-8-7,40.9,480.0,-1.0,ライシアム,
2021104476,ツムグ,2024/08/12,大井,晴,4,3歳1314,13,7,12,10.1,4.0,4,矢野貴之,56.0,ダ,1200.0,良,77.7,3.3,2-2,40.5,481.0,0.0,キラナ,22.5
2021104476,ツムグ,2024/07/29,大井,晴,7,3歳1112,16,2,4,13.9,4.0,6,矢野貴之,56.0,ダ,1200.0,良,77.8,3.0,7-6,40.6,481.0,-1.0,サンスイシサン,
2021104476,ツムグ,2024/02/11,大井,晴,3,3歳1314,11,4,4,2.2,2.0,4,矢野貴之,56.0,ダ,1200.0,稍,79.6,1.1,1-1,41.0,482.0,6.0,コンチスター,39.0
2021104476,ツムグ,2024/01/21,大井,曇,2,3歳新馬(新馬),10,6,6,4.0,2.0,6,矢野貴之,56.0,ダ,1200.0,不,79.4,2.7,6-6,40.5,476.0,0.0,アタゴテンジン,
2023105393,ブラストブラック,2026/07/14,門別,雨,6,3歳以上C4ー3,8,6,6,1.6,1.0,1,落合玄太,57.0,ダ,1200.0,重,75.5,-0.7,2-2,37.6,472,2,(フルボーグ),40.0
2023105393,ブラストブラック,2026/07/01,門別,晴,9,湧別サロマ湖関野剛平(C4),12,4,4,1.6,1.0,2,落合玄太,57.0,ダ,1000.0,良,63.3,1.4,7-4,37.7,470,0,リコータイフォン,11.2
2022103273,ミラコレジェンヌ,2026/06/30,門別,晴,11,北海道野菜王国にった(C4),9,4,4,10.4,2.0,6,阿部龍,55.0,ダ,1700.0,良,114.7,2.2,3-4-3-2,42.7,472,15,アヴェルス,
2022103273,ミラコレジェンヌ,2026/05/20,大井,晴,3,C3一二三(C3二),14,7,12,36.4,9.0,4,高橋優,51.0,ダ,1200.0,良,75.0,0.4,5-6,38.5,457,-3,イントゥユー,12.0
2022103273,ミラコレジェンヌ,2026/04/30,大井,曇,1,C3一,14,6,9,8.2,3.0,7,吉原寛人,54.0,ダ,1800.0,稍,121.3,2.2,4-5-5-5,40.5,460,5,グレーターホープ,
2022103273,ミラコレジェンヌ,2026/04/17,大井,晴,1,C3選抜牝馬,13,6,9,8.1,2.0,10,矢野貴之,54.0,ダ,1400.0,重,90.2,2.0,3-3-3,40.8,455,22,ステーション,
2022103273,ミラコレジェンヌ,2025/12/05,大井,晴,1,しながわデー開催賞(3歳二),13,4,5,14.4,5.0,5,笹川翼,54.0,ダ,1600.0,良,104.0,1.5,6-6-5-4,40.8,433,-19,ビリーヴアンドラン,14.0
2022103273,ミラコレジェンヌ,2025/11/03,門別,晴,4,調教の朝に喝采を特別(C4),10,8,10,2.2,1.0,1,亀井洋司,55.0,ダ,1800.0,重,120.7,-0.5,3-3-3-1,40.5,452,-2,(クールカグラ),55.0
2022103273,ミラコレジェンヌ,2025/10/21,門別,曇,5,3歳以上C4ー2,10,7,7,11.2,3.0,4,亀井洋司,55.0,ダ,1700.0,稍,113.0,0.6,3-3-3-2,40.9,454,6,メモリードライブ,5.6
2022103273,ミラコレジェンヌ,2025/10/07,門別,曇,10,グランシャリオドリー(C4),12,4,4,33.2,6.0,6,亀井洋司,55.0,ダ,1700.0,良,113.7,0.6,5-6-5-6,41.2,448,-6,ジンガブリッツ,
2022103273,ミラコレジェンヌ,2025/09/18,門別,晴,4,門別競馬場来賓室観戦(C4),7,4,4,6.0,3.0,5,阿部龍,55.0,ダ,1200.0,良,78.9,3.0,1-5,41.5,454,12,ブギウギウギ,2.8
2022103273,ミラコレジェンヌ,2025/08/24,3新潟2,晴,4,3歳未勝利,15,3,4,76.5,8.0,8,遠藤汰月,52.0,ダ,1200.0,良,73.2,1.9,9-9,37.6,442,4,マオノクラッシュ,
2022103273,ミラコレジェンヌ,2025/07/03,船橋,晴,8,ナティレイン特別(3歳未格),11,4,4,3.9,2.0,6,野畑凌,54.0,ダ,1600.0,良,105.1,1.6,2-2-5-4,41.1,438,-2,ラブリーウィザード,
2022103273,ミラコレジェンヌ,2025/04/20,3中山8,曇,1,3歳未勝利,14,5,8,38.3,7.0,8,丹内祐次,55.0,ダ,1800.0,良,118.0,2.2,4-4-3-4,40.5,440,0,ゲンパチルーナ,
2022103273,ミラコレジェンヌ,2025/02/22,1小倉9,晴,1,3歳未勝利,16,2,3,24.7,9.0,4,小林美駒,51.0,ダ,1700.0,良,108.5,1.9,3-3-5-5,39.1,440,-12,ネティフラウ,84.0
2022103273,ミラコレジェンヌ,2025/02/02,1東京2,小雨,4,3歳新馬,16,5,10,78.9,13.0,8,木幡育也,55.0,ダ,1600.0,稍,102.1,1.0,3-3,39.2,452,0,ウィテカービート,
2022101519,オールスパイス,2026/07/23,門別,曇,4,3歳以上C3ー2C4,8,4,4,159.4,8.0,7,黒澤愛斗,55.0,ダ,1000.0,稍,62.7,1.5,6-6,37.4,488.0,4.0,サクセスビービー,
2022101519,オールスパイス,2026/07/16,門別,晴,8,3歳以上C3ー2C4,7,7,7,93.6,7.0,6,黒澤愛斗,55.0,ダ,1200.0,重,76.3,2.3,7-6,39.2,484.0,-4.0,サンゼントカガヤク,
2022101519,オールスパイス,2026/07/02,門別,曇,10,グランシャリオドリー(C3),9,5,5,121.7,6.0,7,黒澤愛斗,55.0,ダ,1200.0,良,77.0,1.8,3-5,39.9,488.0,4.0,トゥレアレンシス,
2022101519,オールスパイス,2026/06/24,門別,晴,11,ヤマボウシ特別(C3),8,7,7,182.7,8.0,6,黒澤愛斗,55.0,ダ,1200.0,良,76.0,1.5,3-3,39.1,484.0,-10.0,スターオブムーラン,
2022101519,オールスパイス,2026/06/10,門別,晴,8,3歳以上C3ー2C4,9,1,1,432.6,9.0,9,黒澤愛斗,55.0,ダ,1200.0,稍,77.6,2.6,9-8,39.8,494.0,8.0,フークシャイニー,
2022101519,オールスパイス,2026/05/27,門別,曇,9,ビアパーティーAib(C3),9,2,2,215.6,8.0,7,黒澤愛斗,55.0,ダ,1000.0,良,63.2,1.4,4-7,38.6,486.0,6.0,クアトロソバージュ,
2022101519,オールスパイス,2026/05/21,門別,曇,10,グランシャリオドリー(C3),0,8,12,,,,黒澤愛斗,55.0,ダ,1000.0,良,,,,,482.0,2.0,,
2022101519,オールスパイス,2026/05/06,門別,晴,10,グランシャリオドリー(C3),14,7,11,254.2,10.0,14,黒澤愛斗,55.0,ダ,1200.0,良,77.8,3.8,7-9,40.8,480.0,-23.0,ヴァーチェ,
2022101519,オールスパイス,2026/02/16,大井,晴,7,C21516,14,5,8,9.7,4.0,14,鷹見陸,54.0,ダ,1200.0,良,80.5,5.2,5-7,43.0,503.0,2.0,プラウドメアリー,
2022101519,オールスパイス,2026/01/13,大井,晴,12,C2121314(C213),16,4,8,26.9,7.0,10,鷹見陸,54.0,ダ,1200.0,良,76.4,1.3,6-6,39.5,501.0,-4.0,キタノマティーニ,
2022101519,オールスパイス,2025/12/31,大井,晴,2,3歳一二,14,1,1,10.1,4.0,3,鷹見陸,53.0,ダ,1200.0,稍,75.5,0.7,1-1,39.5,505.0,1.0,ニジノカナタニ,35.0
2022101519,オールスパイス,2025/12/05,大井,晴,3,被爆ピアノが奏でる平(3歳二),13,3,3,15.3,5.0,3,鷹見陸,53.0,ダ,1200.0,良,75.6,0.2,4-4,38.8,504.0,-2.0,ビップクララ,35.0
2022101519,オールスパイス,2025/10/25,高知,曇,11,ファイナルレース(C3),12,7,10,8.3,4.0,6,永森大智,55.0,ダ,1300.0,不,86.0,1.1,2-2-2-3,39.8,506.0,1.0,ニューウォーク,
2022101519,オールスパイス,2025/10/12,高知,曇,9,C3ー16,10,6,6,25.5,6.0,10,郷間勇太,55.0,ダ,1600.0,稍,111.7,5.0,5-5-5-5,44.1,505.0,-3.0,リケアブラック,
2022101519,オールスパイス,2025/09/28,高知,曇,12,ファイナルレース(3歳),11,2,2,,,取,吉原寛人,55.0,ダ,1300.0,不,,,,,,,ジョウショーメイク,
2022101519,オールスパイス,2025/09/14,高知,晴,6,3歳ー5,12,7,9,23.9,5.0,4,塚本征吾,55.0,ダ,1400.0,重,93.3,0.9,2-2-2-2,41.9,508.0,-3.0,ベルヴィオレット,9.0
2022101519,オールスパイス,2025/08/02,高知,晴,12,ファイナルレース(3歳),12,7,9,4.1,1.0,3,塚本征吾,55.0,ダ,1300.0,良,86.2,0.1,4-5-4-4,40.1,511.0,2.0,ミコノオンガエシ,15.0
2022101519,オールスパイス,2025/07/20,高知,晴,10,ファイナルレース(3歳),12,6,8,46.3,11.0,4,岡遼太郎,55.0,ダ,800.0,不,49.0,0.8,9-5,35.5,509.0,3.0,リワードエレイン,9.0
2022101519,オールスパイス,2025/07/06,高知,晴,9,3歳ー3,8,3,3,40.7,5.0,5,吉原寛人,55.0,ダ,1400.0,良,93.9,3.1,4-5-4-4,42.2,506.0,-4.0,コパノディラン,6.0
2022101519,オールスパイス,2025/06/22,高知,曇,3,3歳ー4,10,2,2,,,取,近藤翔月,52.0,ダ,1300.0,重,,,,,,,ボンジュールゼン,
2022101519,オールスパイス,2025/06/07,高知,曇,10,ファイナルレース(3歳),12,7,10,7.1,4.0,6,近藤翔月,52.0,ダ,1400.0,稍,95.1,1.8,12-12-12-10,39.7,510.0,11.0,ナインパワー,
2022101519,オールスパイス,2025/05/24,高知,雨,10,ファイナルレース(3歳),0,8,12,,,,近藤翔月,52.0,ダ,1300.0,不,,,,,,,,
2022101519,オールスパイス,2025/04/26,高知,晴,10,ファイナルレース(3歳),12,5,6,18.1,9.0,12,吉原寛人,55.0,ダ,1300.0,重,88.7,2.7,11-11-10-12,42.5,499.0,-3.0,ペタルビジュー,
2022101519,オールスパイス,2025/04/12,高知,晴,2,3歳ー3,10,8,9,17.5,6.0,6,井上瑛太,55.0,ダ,1400.0,稍,96.9,1.5,10-10-10-10,41.0,502.0,10.0,チョットヤバイヨネ,
2022101519,オールスパイス,2025/03/23,高知,晴,12,ファイナルレース(3歳),12,3,3,7.1,3.0,5,井上瑛太,54.0,ダ,1300.0,稍,87.5,0.3,3-2-3-3,41.1,492.0,-5.0,カンビフレサン,6.0
2022101519,オールスパイス,2025/03/09,高知,晴,2,3歳ー3,11,1,1,24.7,8.0,4,井上瑛太,54.0,ダ,1300.0,重,87.6,0.8,3-3-4-3,40.7,497.0,-1.0,クエンカ,9.0
2022101519,オールスパイス,2025/02/23,高知,晴,1,3歳ー2,10,8,9,129.8,9.0,10,井上瑛太,54.0,ダ,1300.0,良,88.8,2.6,1-2-2-4,42.3,498.0,-1.0,ミラクルドリーム,
2022101519,オールスパイス,2025/02/12,高知,小雨,2,足摺盃(3歳),9,4,4,71.9,7.0,8,岡遼太郎,54.0,ダ,1400.0,重,96.5,2.9,1-1-3-7,44.7,499.0,4.0,バーニングフレーム,
2022101519,オールスパイス,2025/01/26,高知,晴,3,3歳ー3,9,3,3,51.8,7.0,3,吉原寛人,54.0,ダ,1300.0,良,88.8,1.5,3-3-3-2,42.6,495.0,3.0,ユアマイドリーム,12.0
2022101519,オールスパイス,2025/01/12,高知,晴,4,3歳ー1,10,3,3,179.7,9.0,9,郷間勇太,54.0,ダ,1300.0,稍,90.0,3.2,9-9-9-8,42.0,492.0,2.0,ユラリユラメイテ,
2022101519,オールスパイス,2024/12/28,高知,晴,3,2歳ー3,8,4,4,43.2,6.0,8,郷間勇太,54.0,ダ,1300.0,良,93.5,4.8,4-3-3-5,46.3,490.0,-4.0,ユアマイドリーム,
2022101519,オールスパイス,2024/12/14,高知,晴,4,仕事の後のビール特別(2歳),12,6,8,6.4,4.0,12,郷間勇太,54.0,ダ,1300.0,良,94.1,6.5,4-5-5-12,47.6,494.0,-4.0,コパノキュラソー,
2022101519,オールスパイス,2024/10/29,門別,晴,4,2歳牝馬未勝利(未勝利),10,8,10,2.0,1.0,1,桑村真明,55.0,ダ,1000.0,良,62.8,-0.3,2-1,37.9,498.0,-4.0,(プレミアリッチ),50.0
2022101519,オールスパイス,2024/10/15,門別,曇,3,特上浜のある浦河町日(未勝利)(2歳),10,6,6,3.7,2.0,5,桑村真明,55.0,ダ,1100.0,良,69.9,0.5,3-3,39.4,502.0,0.0,アドルナティック,3.5
2022101519,オールスパイス,2024/10/02,門別,曇,4,オールひだかスタンプ(未勝利)(2歳),12,1,1,1.6,1.0,2,桑村真明,55.0,ダ,1000.0,良,63.2,0.0,1-1,38.6,502.0,0.0,エイシンラージヒル,14.0
2022101519,オールスパイス,2024/09/17,門別,晴,4,2歳牝馬未勝利(未勝利),12,7,10,40.6,7.0,4,桑村真明,55.0,ダ,1100.0,稍,69.9,0.7,1-1,39.0,502.0,-4.0,アダムスアップル,7.0
2022101519,オールスパイス,2024/08/06,門別,晴,3,みついし産米トキノミ(未勝利)(2歳),9,1,1,11.2,5.0,3,桑村真明,55.0,ダ,1000.0,稍,63.5,0.8,3-3,39.2,506.0,6.0,プリムローズダズル,10.5
2022101519,オールスパイス,2024/07/25,門別,晴,4,JRA認定競走フレッ(新馬)(2歳),8,5,5,26.7,6.0,7,桑村真明,55.0,ダ,1100.0,良,72.1,3.3,6-6,40.6,500.0,0.0,スマイルマンボ,
2022107206,ロピア,2026/07/02,門別,曇,9,3歳以上C3ー2C4,8,4,4,25.5,5.0,6,黒澤愛斗,55.0,ダ,1200.0,良,76.2,0.5,4-4,39.2,466,-6,サラサソフトタッチ,
2022107206,ロピア,2026/06/18,門別,曇,10,グランシャリオドリー(C3),13,5,6,152.4,9.0,4,黒澤愛斗,55.0,ダ,1200.0,良,75.3,0.9,8-8,38.4,472,-4,コココーハク,7.7
2022107206,ロピア,2026/06/04,門別,曇,9,骨密度ならMBP賞(C3),12,6,8,29.8,5.0,10,近藤翔月,54.0,ダ,1200.0,良,76.9,2.2,7-7,39.1,476,6,スティルアローン,
2022107206,ロピア,2026/05/14,門別,曇,10,グランシャリオドリー(C3),12,1,1,22.4,6.0,8,近藤翔月,54.0,ダ,1200.0,良,76.1,1.3,6-5,38.8,470,0,タイセイルーマー,
2022107206,ロピア,2026/04/23,門別,晴,10,グランシャリオドリー(C3),12,7,10,5.8,3.0,6,落合玄太,55.0,ダ,1200.0,稍,76.6,0.5,5-6,39.1,470,-12,トゥスイート,
2022107206,ロピア,2025/11/12,門別,晴,11,門別軽種馬生産振興会(C2),11,6,6,24.0,5.0,5,岩橋勇二,55.0,ダ,1200.0,稍,75.4,0.5,10-8,37.7,482,-10,デュジャック,3.8
2022107206,ロピア,2025/10/28,門別,晴,10,グランシャリオドリー(C2),12,5,5,26.3,6.0,7,阿部龍,55.0,ダ,1200.0,稍,76.2,1.8,11-9,37.9,492,12,ウインドファルクス,
2022107206,ロピア,2025/10/14,門別,晴,8,サステナブルキッチン(C2),11,6,6,19.2,5.0,2,岩橋勇二,55.0,ダ,1200.0,稍,75.9,0.9,3-3,38.9,480,0,ディクシーヴォーグ,15.4
2022107206,ロピア,2025/09/30,門別,曇,10,グランシャリオドリー(C2),12,5,6,33.8,7.0,4,岩橋勇二,55.0,ダ,1200.0,良,75.9,1.9,9-7,39.5,480,6,ファリードゥーン,7.7
2022107206,ロピア,2025/09/16,門別,晴,9,ケイトウ特別(C2),9,3,3,27.0,5.0,3,岩橋勇二,55.0,ダ,1200.0,良,75.5,0.3,6-4,38.8,474,-2,ヤマニンリーリオ,11.6
2022107206,ロピア,2025/09/03,門別,晴,9,ふるさと日高応援賞(C3),12,7,10,4.9,2.0,4,落合玄太,55.0,ダ,1000.0,稍,62.5,0.4,9-9,37.2,476,4,ベルオーブ,5.6
2022107206,ロピア,2025/08/21,門別,晴,10,グランシャリオドリー(C3),11,7,8,1.9,1.0,3,石川倭,55.0,ダ,1200.0,稍,76.0,0.2,2-2,39.1,472,4,サクラソーレ,11.6
2022107206,ロピア,2025/08/07,門別,曇,10,グランシャリオドリー(C3),12,5,6,3.1,1.0,2,渡辺竜也,55.0,ダ,1200.0,稍,75.2,0.4,4-4,38.3,468,-4,キタノプレンティ,15.4
2022107206,ロピア,2025/07/24,門別,晴,7,3歳以上C3ー2C4,12,7,9,24.9,4.0,3,渡辺竜也,55.0,ダ,1200.0,良,75.3,0.3,7-5,38.0,472,0,ゴールデンスキーム,8.4
2022107206,ロピア,2025/07/09,門別,晴,4,3歳以上C4ー3,8,3,3,1.3,1.0,1,石川倭,55.0,ダ,1200.0,良,76.1,0.0,3-2,38.6,472,2,(シュタイフブリーゼ),40.0
2022107206,ロピア,2025/06/12,門別,曇,9,とままえメロン特別(C4),8,7,7,5.0,2.0,3,石川倭,55.0,ダ,1200.0,稍,75.9,0.5,3-3,38.3,470,6,ゴールデンスキーム,11.6
2022107206,ロピア,2025/05/22,門別,晴,9,ONーAIRDO特別(C4),11,6,6,1.5,1.0,1,石川倭,55.0,ダ,1200.0,良,76.4,-0.1,2-2,39.3,464,0,(サクラストリーム),55.0
2022107206,ロピア,2025/04/30,門別,晴,8,サクラ特別(C4),11,5,5,2.2,1.0,1,石川倭,55.0,ダ,1000.0,重,63.1,-0.3,6-3,37.2,464,8,(ユニコーンホエール),55.0
2022107206,ロピア,2025/04/17,門別,晴,3,3歳条件4ー2,12,1,1,7.6,5.0,7,落合玄太,55.0,ダ,1200.0,重,75.4,2.1,10-8,38.3,456,-12,パッションプリマ,
2022107206,ロピア,2024/11/07,門別,雨,2,2歳3組,12,2,2,6.8,4.0,2,石川倭,55.0,ダ,1200.0,稍,75.7,0.4,10-7,38.1,468,4,リューノス,16.8
2022107206,ロピア,2024/10/17,門別,晴,2,2歳未勝利(未勝利),12,6,8,1.6,1.0,1,落合玄太,55.0,ダ,1000.0,稍,62.5,-0.8,6-5,37.4,464,8,(リッククッキー),50.0
2022107206,ロピア,2024/10/02,門別,曇,5,日高山脈の麓日高町へ(未勝利)(2歳),11,7,9,3.1,2.0,3,石川倭,55.0,ダ,1000.0,良,62.8,0.2,9-7,37.3,456,0,エイシンカトレア,10.5
2022107206,ロピア,2024/09/17,門別,晴,4,2歳牝馬未勝利(未勝利),12,6,8,1.5,1.0,3,石川倭,55.0,ダ,1100.0,稍,69.6,0.4,9-7,38.1,456,2,アダムスアップル,10.5
2022107206,ロピア,2024/08/27,門別,雨,3,2歳未勝利(未勝利),9,6,6,1.2,1.0,2,石川倭,55.0,ダ,1000.0,不,62.4,0.8,6-6,37.5,454,6,ダンシングファイト,14.0
2022107206,ロピア,2024/08/13,門別,曇,1,ミシャ賞(未勝利)(2歳),12,3,3,2.4,2.0,2,石川倭,55.0,ダ,1000.0,稍,63.0,0.3,7-5,38.0,448,-8,オーイクモヨ,14.0
2022107206,ロピア,2024/08/01,門別,曇,1,2歳未勝利(未勝利),12,7,10,2.5,1.0,2,石川倭,55.0,ダ,1000.0,稍,62.3,0.7,6-4,37.2,456,2,エムティパル,14.0
2022107206,ロピア,2024/07/11,門別,晴,6,JRA認定競走アタッ(未勝利)(2歳),7,1,1,46.1,5.0,2,石川倭,55.0,ダ,1000.0,稍,62.7,0.7,6-6,37.4,454,-6,ミスフォルテ,33.6
2022107206,ロピア,2024/06/27,門別,晴,1,2歳未勝利(未勝利),7,1,1,12.8,4.0,4,阿部龍,55.0,ダ,1200.0,良,77.8,1.7,4-5,39.7,460,12,レーザースペックル,7.0
2022107206,ロピア,2024/05/22,門別,晴,1,JRA認定競走アタッ(未勝利)(2歳),12,5,6,71.5,9.0,7,亀井洋司,55.0,ダ,1200.0,稍,77.2,1.8,6-8,40.2,448,0,エイシンナデシコ,
2022107206,ロピア,2024/05/09,門別,晴,5,JRA認定競走フレッ(新馬)(2歳),7,8,8,14.1,6.0,6,服部茂史,55.0,ダ,1100.0,稍,70.1,1.5,7-7,38.6,448,0,エイシンアザレア,
2023101646,カセノフォルス,2026/07/16,門別,晴,7,3歳以上C4ー2,7,6,6,1.9,1.0,1,阿部龍,57.0,ダ,1200.0,重,75.0,-0.2,3-1,38.5,474,2,(マルティネーテ),40.0
2023101646,カセノフォルス,2026/06/11,門別,晴,3,3歳以上C4ー2,9,2,2,21.2,5.0,2,桑村真明,57.0,ダ,1200.0,良,76.0,0.6,1-1,40.4,472,2,ジェイソンバローズ,11.2
2023101646,カセノフォルス,2026/05/20,門別,曇,10,グランシャリオドリー(C4),14,5,8,9.1,4.0,11,阿部龍,57.0,ダ,1200.0,良,77.1,2.1,10-13,39.2,470,8,ガイストゼーゲン,
2023101646,カセノフォルス,2026/04/29,門別,晴,1,3歳条件未勝利(未勝利),9,5,5,1.8,1.0,1,阿部龍,57.0,ダ,1000.0,良,62.3,-0.3,1-1,37.6,462,-12,(スーパーパーリー),50.0
2023101646,カセノフォルス,2026/04/16,門別,晴,1,3歳条件未勝利(未勝利),7,5,5,3.5,2.0,2,桑村真明,57.0,ダ,1000.0,良,62.9,0.6,2-1,38.2,474,4,サラサゴーサイン,14.0
2023101646,カセノフォルス,2025/08/13,門別,晴,1,2歳未勝利(未勝利),12,7,9,5.3,3.0,7,桑村真明,55.0,ダ,1200.0,良,78.4,1.7,9-4,40.0,470,14,オスマンサス,
2023101646,カセノフォルス,2025/07/09,門別,晴,2,2歳未勝利(未勝利),8,6,6,53.9,6.0,4,桑村真明,55.0,ダ,1200.0,良,76.3,1.0,5-5,38.7,456,2,サスケベラ,7.0
2023101646,カセノフォルス,2025/06/24,門別,晴,3,未来を守ろう自衛官募(未勝利)(2歳),12,3,3,28.5,6.0,6,桑村真明,55.0,ダ,1200.0,良,77.8,2.4,5-5,40.5,454,4,ドライブミーホーム,
2023101646,カセノフォルス,2025/06/04,門別,晴,4,JRA認定競走フレッ(新馬)(2歳),8,2,2,12.1,3.0,5,桑村真明,55.0,ダ,1200.0,重,76.1,2.0,6-7,39.2,450,0,カミハマッテイル,17.5
2023100759,コウユーダイダイ,2026/07/16,門別,晴,9,3歳以上C3ー2C4,7,1,1,1.3,1.0,4,石川倭,55.0,ダ,1200.0,重,76.2,1.2,1-1,40.8,518,-6,ピエールテネシー,5.6
2023100759,コウユーダイダイ,2026/07/01,門別,晴,2,ゴールデンルーキー市(C4),8,4,4,3.4,3.0,1,石川倭,55.0,ダ,1200.0,良,75.0,-0.9,1-1,38.2,524,0,(リコーニック),40.0
2023100759,コウユーダイダイ,2026/06/03,門別,曇,7,3歳以上C4ー2,10,7,7,1.7,1.0,4,藤田凌駕,53.0,ダ,1200.0,良,76.3,0.5,5-6,39.1,524,2,マーロウ,5.6
2023100759,コウユーダイダイ,2026/05/21,門別,曇,7,3歳以上C4ー2,14,5,7,4.7,3.0,4,藤田凌駕,53.0,ダ,1200.0,良,75.4,0.5,1-1,39.8,522,14,スキャボロフェアー,5.6
2023100759,コウユーダイダイ,2026/04/11,3中山5,晴,5,3歳未勝利,15,7,13,147.2,11.0,13,ディー,55.0,芝,1600.0,良,95.9,1.3,5-5-6,35.9,508,-2,シヴィータス,
2023100759,コウユーダイダイ,2026/02/15,1東京6,晴,3,3歳新馬,16,3,5,100.2,13.0,9,大野拓弥,55.0,ダ,1600.0,良,101.3,1.5,6-6,38.8,510,0,タイセイジェイド,
2023101658,ガイストゼーゲン,2026/07/16,門別,晴,8,3歳以上C3ー2C4,7,2,2,1.8,1.0,2,落合玄太,57.0,ダ,1200.0,重,74.4,0.4,5-3,37.8,522,8,サンゼントカガヤク,11.2
2023101658,ガイストゼーゲン,2026/07/02,門別,曇,10,グランシャリオドリー(C3),9,4,4,1.2,1.0,2,落合玄太,57.0,ダ,1200.0,良,75.3,0.1,1-1,39.7,514,-4,トゥレアレンシス,15.4
2023101658,ガイストゼーゲン,2026/06/18,門別,曇,10,グランシャリオドリー(C3),13,6,8,4.6,2.0,2,落合玄太,57.0,ダ,1200.0,良,74.4,0.0,7-6,37.7,518,2,コココーハク,15.4
2023101658,ガイストゼーゲン,2026/05/20,門別,曇,10,グランシャリオドリー(C4),14,2,2,5.0,2.0,1,服部茂史,57.0,ダ,1200.0,良,75.0,-0.1,3-3,38.1,516,2,(リコーニック),55.0
2023101658,ガイストゼーゲン,2026/05/05,門別,晴,11,たきかわ菜の花まつり(C4),14,3,4,4.1,2.0,3,服部茂史,57.0,ダ,1200.0,稍,76.0,0.5,4-4,39.9,514,-8,シーザーキック,11.6
2023101658,ガイストゼーゲン,2026/04/22,門別,晴,7,3歳以上C4ー2,12,6,8,2.5,1.0,8,宮内勇樹,57.0,ダ,1700.0,稍,115.7,4.0,1-1-2-2,46.0,522,10,サラサハウナイス,
2023101658,ガイストゼーゲン,2026/03/14,2中山5,晴,4,3歳未勝利,16,5,10,114.6,9.0,5,江田照男,57.0,ダ,1800.0,良,116.3,2.6,2-2-2-2,41.3,512,0,イナズマダイモン,59.0
2023101658,ガイストゼーゲン,2026/02/21,1東京7,晴,3,3歳未勝利,16,6,11,47.8,9.0,11,江田照男,57.0,ダ,1600.0,良,101.8,3.0,5-5,40.8,512,-8,エムノビアンカ,
2023101658,ガイストゼーゲン,2026/02/10,1東京4,晴,4,3歳新馬,16,7,13,48.7,10.0,4,江田照男,57.0,ダ,1600.0,稍,101.2,1.5,2-1,40.1,520,0,ステラデルークス,98.0
2022104571,アンエクスプロード,2026/07/16,門別,晴,9,3歳以上C3ー2C4,7,7,7,22.8,5.0,2,井上俊彦,57.0,ダ,1200.0,重,75.9,0.9,3-3,39.5,522,-6,ピエールテネシー,11.2
2022104571,アンエクスプロード,2026/07/02,門別,曇,10,グランシャリオドリー(C3),9,8,9,377.6,8.0,4,井上俊彦,57.0,ダ,1200.0,良,76.0,0.8,5-4,38.6,528,4,トゥレアレンシス,7.7
2022104571,アンエクスプロード,2026/06/18,門別,曇,10,グランシャリオドリー(C3),13,2,2,280.0,12.0,12,井上俊彦,57.0,ダ,1200.0,良,76.6,2.2,8-8,39.7,524,-2,コココーハク,
2022104571,アンエクスプロード,2026/06/04,門別,曇,9,骨密度ならMBP賞(C3),12,5,5,330.5,12.0,9,井上俊彦,57.0,ダ,1200.0,良,76.7,2.0,4-5,39.2,526,-7,スティルアローン,
2022104571,アンエクスプロード,2026/05/04,船橋,曇,5,C1四五,12,6,8,83.0,11.0,12,野畑凌,56.0,ダ,1200.0,稍,82.1,7.0,1-1-4,45.7,533,9,ピーターライズ,
2022104571,アンエクスプロード,2026/04/10,川崎,雨,10,神速賞(C1),12,1,1,102.2,12.0,12,澤田龍哉,56.0,ダ,900.0,不,56.9,2.1,11-11,38.1,524,-4,モズアンドモズ,
2022104571,アンエクスプロード,2026/04/02,船橋,晴,7,マックホルツダッシュ(C1),10,2,2,10.9,6.0,10,澤田龍哉,56.0,ダ,1000.0,不,65.7,2.9,5-4,41.4,528,2,ハクサンセレーネ,
2022104571,アンエクスプロード,2026/03/09,船橋,晴,6,C1五六,11,1,1,60.9,8.0,9,澤田龍哉,56.0,ダ,1200.0,良,78.6,1.7,2-1-1,41.2,526,16,ホースマンシップ,
2022104571,アンエクスプロード,2025/12/01,大井,晴,10,C1七八,13,6,8,22.4,8.0,12,藤田凌,56.0,ダ,1200.0,良,78.0,3.6,6-6,41.9,510,-6,グラスコメット,
2022104571,アンエクスプロード,2025/11/10,大井,晴,9,C1八九,10,8,10,5.6,3.0,9,藤田凌,56.0,ダ,1200.0,稍,77.2,3.1,6-6,41.3,516,10,ジャティルウィ,
2022104571,アンエクスプロード,2025/08/03,2新潟4,晴,5,3歳未勝利,15,3,5,6.8,5.0,14,三浦皇成,57.0,ダ,1200.0,良,77.1,3.9,1-1,42.3,506,0,ウインレアリゼ,
2022104571,アンエクスプロード,2025/06/21,3東京5,晴,2,3歳未勝利,16,2,3,9.4,7.0,8,三浦皇成,57.0,ダ,1400.0,良,86.5,0.9,14-14,35.6,506,4,サクラパステル,
2022104571,アンエクスプロード,2025/05/25,2東京10,曇,3,3歳未勝利,16,1,1,7.4,5.0,9,戸崎圭太,57.0,ダ,1300.0,不,79.0,2.2,7-7,36.9,502,6,アメリカンビヨンド,
2022104571,アンエクスプロード,2025/04/12,3中山5,晴,2,3歳未勝利,16,5,10,1.9,1.0,3,三浦皇成,57.0,ダ,1200.0,稍,72.5,0.6,3-3,37.7,496,-16,ビーアイフォルテ,140.0
2022104571,アンエクスプロード,2025/03/23,2中山8,晴,2,3歳未勝利,16,6,12,5.5,5.0,3,横山武史,57.0,ダ,1200.0,稍,72.7,0.7,3-1,38.7,512,4,サマースイートピー,140.0
2022104571,アンエクスプロード,2025/01/11,1中山3,晴,3,3歳未勝利,16,2,4,14.9,7.0,11,大野拓弥,57.0,ダ,1800.0,稍,118.8,2.0,5-5-6-4,41.7,508,8,カゼノタカトシ,
2022104571,アンエクスプロード,2024/11/09,5東京3,晴,4,2歳未勝利,16,6,12,6.6,3.0,15,ムーア,56.0,ダ,1600.0,良,103.5,4.7,4-5,42.4,500,-8,ゴールデンカイト,
2022104571,アンエクスプロード,2024/10/19,4東京5,晴,4,2歳新馬,16,6,12,20.1,7.0,2,団野大成,56.0,ダ,1600.0,良,99.9,0.3,12-12,37.3,508,0,レッドルイナール,290.0
2023101890,オギフシノチカイ,2026/06/09,門別,曇,10,グランシャリオドリー(C4),10,1,1,4.3,3.0,1,小野楓馬,55.0,ダ,1000.0,重,61.3,-0.2,2-2,36.9,442,2,(カツノトゥウェルヴ),55.0
2023101890,オギフシノチカイ,2026/05/13,門別,曇,2,3歳条件未勝利(未勝利),12,6,8,1.5,1.0,1,小野楓馬,55.0,ダ,1000.0,良,62.9,-0.3,2-1,37.7,440,0,(スーパーパーリー),50.0
2023101890,オギフシノチカイ,2026/04/15,門別,曇,1,3歳条件未勝利(未勝利),9,5,5,5.5,2.0,2,亀井洋司,55.0,ダ,1000.0,良,62.2,0.4,1-1,37.9,440,8,オガル,14.0
2023101890,オギフシノチカイ,2025/08/12,門別,晴,4,2歳牝馬未勝利(未勝利),11,4,4,5.6,5.0,3,亀井洋司,55.0,ダ,1000.0,良,63.1,1.2,2-3,38.6,432,-2,サラメーガン,10.5
2023101890,オギフシノチカイ,2025/07/22,門別,晴,2,2歳牝馬未勝利(未勝利),10,3,3,13.2,5.0,3,亀井洋司,55.0,ダ,1000.0,良,63.2,0.5,1-2,39.2,434,0,スティールファイン,10.5
2023101890,オギフシノチカイ,2025/07/01,門別,晴,5,JRA認定競走アタッ(未勝利)(2歳),8,5,5,9.1,4.0,7,亀井洋司,55.0,ダ,1000.0,良,63.8,1.7,2-3,39.7,434,18,エイシンビアビア,
2023101890,オギフシノチカイ,2025/05/15,門別,曇,3,JRA認定競走アタッ(未勝利)(2歳),9,4,4,34.5,6.0,3,亀井洋司,55.0,ダ,1000.0,良,63.0,0.5,2-2,38.7,416,4,スプリンガフォート,31.5
2023101890,オギフシノチカイ,2025/04/24,門別,晴,6,JRA認定競走フレッ(新馬)(2歳),9,8,9,132.3,9.0,4,亀井洋司,55.0,ダ,1000.0,重,62.2,1.6,4-4,37.6,412,0,エイシンリガーズ,42.0
2021101673,エスカルチャ,2026/07/16,門別,晴,9,3歳以上C3ー2C4,7,3,3,432.4,7.0,6,藤田凌駕,55.0,ダ,1200.0,重,76.8,1.8,4-4,40.2,544.0,2.0,ピエールテネシー,
2021101673,エスカルチャ,2026/07/02,門別,曇,10,グランシャリオドリー(C3),9,3,3,139.3,7.0,6,藤田凌駕,55.0,ダ,1200.0,良,76.4,1.2,5-6,39.0,542.0,2.0,トゥレアレンシス,
2021101673,エスカルチャ,2026/06/18,門別,曇,10,グランシャリオドリー(C3),13,5,7,113.7,8.0,11,近藤翔月,56.0,ダ,1200.0,良,75.9,1.5,10-10,38.4,540.0,-4.0,コココーハク,
2021101673,エスカルチャ,2026/06/04,門別,曇,9,骨密度ならMBP賞(C3),12,1,1,259.1,11.0,8,落合玄太,57.0,ダ,1200.0,良,76.6,1.9,12-11,38.0,544.0,4.0,スティルアローン,
2021101673,エスカルチャ,2026/05/21,門別,曇,9,ヒナゲシ特別(C3),9,8,9,104.6,7.0,6,落合玄太,57.0,ダ,1200.0,良,76.4,1.9,4-4,38.8,540.0,2.0,クレーバーベン,
2021101673,エスカルチャ,2026/05/06,門別,晴,7,3歳以上C3ー2C4,11,7,9,108.6,10.0,11,小野楓馬,57.0,ダ,1800.0,良,122.5,2.7,9-10-11-11,40.7,538.0,-10.0,シルバーミラージュ,
2021101673,エスカルチャ,2026/04/23,門別,晴,7,3歳以上C3ー2C4,11,6,7,45.0,8.0,11,小野楓馬,57.0,ダ,1700.0,稍,115.5,3.4,6-5-6-9,42.8,548.0,8.0,ゲームアップロード,
2021101673,エスカルチャ,2026/03/23,水沢,晴,7,B2,12,5,6,5.3,4.0,8,高橋悠里,56.0,ダ,1400.0,良,95.1,2.4,10-11-11-10,42.5,540.0,-4.0,ディフューズ,
2021101673,エスカルチャ,2026/03/10,水沢,晴,7,B2,12,7,9,30.5,7.0,3,高橋悠里,56.0,ダ,1400.0,稍,92.6,1.2,12-12-12-9,40.7,544.0,-2.0,カリータフェリス,12.0
2021101673,エスカルチャ,2025/12/29,水沢,曇,11,C1,12,5,5,29.0,5.0,5,山本聡紀,56.0,ダ,1400.0,重,89.0,1.4,7-8-9-8,38.6,546.0,-1.0,ヴァサヴォワール,3.5
2021101673,エスカルチャ,2025/12/14,水沢,曇,11,ビッグレッドファーム(C1),0,7,10,,,,塚本涼人,56.0,ダ,1400.0,不,,,,,,,,
2021101673,エスカルチャ,2025/12/01,水沢,曇,6,C1,11,3,3,23.1,5.0,5,山本聡紀,56.0,ダ,1400.0,稍,91.6,0.4,6-6-5-4,41.1,547.0,10.0,エンピリカルルール,3.5
2021101673,エスカルチャ,2025/11/16,盛岡,晴,10,イギリス海岸賞(C1),11,5,5,124.3,9.0,10,山本聡紀,56.0,ダ,1600.0,良,103.4,3.6,4-6,41.8,537.0,9.0,スカーレットクロス,
2021101673,エスカルチャ,2025/10/27,盛岡,小雨,9,B2,12,1,1,32.0,9.0,9,山本聡紀,56.0,ダ,1400.0,稍,88.4,1.7,9-6,38.9,528.0,-5.0,リベルテ,
2021101673,エスカルチャ,2025/06/30,水沢,曇,8,C1三組,10,5,5,13.9,3.0,4,山本聡紀,56.0,ダ,1400.0,良,90.0,1.0,5-4-3-3,40.0,533.0,-6.0,ローゼンモンターク,6.5
2021101673,エスカルチャ,2025/06/15,水沢,曇,7,C1,12,8,12,11.8,5.0,3,山本聡紀,56.0,ダ,1400.0,良,91.6,0.1,7-7-4-4,40.0,539.0,3.0,ビービーアクティブ,10.0
2021101673,エスカルチャ,2025/06/01,盛岡,晴,9,C1二組,11,8,11,17.3,6.0,5,山本聡紀,56.0,ダ,1600.0,良,101.9,0.9,5-5,39.1,536.0,-6.0,ノブ,3.5
2021101673,エスカルチャ,2025/05/19,盛岡,晴,9,C1一組,12,8,12,14.3,4.0,8,山本聡紀,56.0,ダ,1600.0,稍,103.7,3.2,2-3,42.3,542.0,1.0,ラストマン,
2021101673,エスカルチャ,2025/05/07,盛岡,小雨,8,C1一組,10,4,4,10.1,4.0,7,山本聡紀,56.0,ダ,1600.0,不,101.0,1.4,9-7,38.2,541.0,-9.0,マウリノ,
2021101673,エスカルチャ,2025/04/28,水沢,曇,10,C1一組,12,7,10,5.1,2.0,4,高松亮,56.0,ダ,1600.0,良,105.7,0.4,2-2-2-2,41.3,550.0,-1.0,アメイジングスター,6.5
2021101673,エスカルチャ,2025/04/13,水沢,小雨,11,C1一組,11,7,9,4.2,2.0,5,高松亮,56.0,ダ,1600.0,良,106.3,0.8,3-3-3-3,40.9,551.0,5.0,トミケンプラセール,3.5
2021101673,エスカルチャ,2025/03/31,水沢,晴,11,ありがとう的場文男騎(C1),11,1,1,1.8,1.0,1,高松亮,56.0,ダ,1400.0,良,91.0,-0.7,1-1-1-1,39.3,546.0,-5.0,(キッカケ),50.0
2021101673,エスカルチャ,2025/03/11,水沢,晴,2,C2三組,11,7,9,1.8,1.0,1,高松亮,56.0,ダ,1400.0,良,90.9,-0.2,3-3-3-2,40.3,551.0,-2.0,(フリムカナイデヨ),40.0
2021101673,エスカルチャ,2025/01/27,大井,曇,7,C21617,10,6,6,31.4,5.0,4,安藤洋一,56.0,ダ,1600.0,良,106.8,2.5,3-3-2-2,41.4,553.0,-2.0,スカイイズユアーズ,15.0
2021101673,エスカルチャ,2025/01/13,大井,晴,6,C21617,11,8,11,19.2,5.0,7,本田正重,56.0,ダ,1600.0,稍,107.0,3.1,3-3-3-3,42.9,555.0,8.0,ダノンアルプス,
2021101673,エスカルチャ,2024/12/25,大井,晴,7,C2151617(C216),12,5,7,,,取,安藤洋一,56.0,ダ,1600.0,良,,,,,,,ジコン,
2021101673,エスカルチャ,2024/12/01,大井,晴,7,C21617,16,7,14,10.3,4.0,9,藤田凌,56.0,ダ,1200.0,良,76.0,1.0,7-9,38.8,547.0,7.0,エムオーアプローズ,
2021101673,エスカルチャ,2024/11/04,大井,晴,8,野馬追賞(C216),16,4,7,4.3,3.0,5,安藤洋一,56.0,ダ,1200.0,稍,77.1,0.7,7-6,39.8,540.0,-5.0,エコロシャイン,10.0
2021101673,エスカルチャ,2024/10/18,大井,曇,2,夢と誇りあるふるさと(3歳),14,4,5,17.8,4.0,3,藤田凌,56.0,ダ,1200.0,良,76.1,0.8,7-6,38.8,545.0,17.0,サユリバナ,35.0
2021101673,エスカルチャ,2024/06/25,大井,曇,6,3歳1112,13,4,4,2.6,1.0,3,鷹見陸,54.0,ダ,1600.0,重,108.3,2.1,10-8-7-5,43.3,528.0,8.0,ミランカ,37.5
2021101673,エスカルチャ,2024/05/05,3京都6,晴,5,3歳未勝利,15,8,15,57.5,8.0,10,浜中俊,57.0,芝,1800.0,良,107.4,1.2,14-14,35.8,520.0,4.0,ミナデオロ,
2021101673,エスカルチャ,2024/04/06,1福島1,曇,7,3歳未勝利,16,6,11,15.0,7.0,9,菱田裕二,57.0,芝,2600.0,良,162.3,1.8,14-15-14-11,36.8,516.0,0.0,ニシノザイホウ,
2021101673,エスカルチャ,2024/03/10,1阪神6,晴,4,3歳未勝利,10,2,2,101.5,8.0,5,菱田裕二,57.0,芝,2000.0,良,122.9,0.4,3-3-3-4,34.9,516.0,-6.0,スカイサーベイ,55.0
2021101673,エスカルチャ,2024/02/24,1阪神1,曇,4,3歳未勝利,12,7,10,95.5,8.0,8,幸英明,57.0,ダ,1800.0,稍,116.4,2.0,10-10-10-9,39.1,522.0,0.0,フラッシング,
2021101673,エスカルチャ,2024/02/11,2京都6,晴,1,3歳未勝利,12,4,4,13.4,4.0,12,西村淳也,57.0,ダ,1800.0,良,121.2,6.1,4-2-7-10,44.8,522.0,16.0,レグロスヴァーグ,
2021101673,エスカルチャ,2023/11/26,3京都8,曇,3,2歳未勝利,15,8,14,131.2,13.0,11,幸英明,56.0,芝,2000.0,良,124.4,1.8,6-5-4-5,36.7,506.0,-8.0,ショウナンハウル,
2021101673,エスカルチャ,2023/11/04,3福島1,晴,2,2歳未勝利,13,8,13,29.7,7.0,6,石橋脩,56.0,芝,1800.0,良,110.7,0.9,8-8-6-4,36.0,514.0,-2.0,マイネルヴォルムス,
2021101673,エスカルチャ,2023/10/21,2京都6,曇,2,2歳未勝利,9,8,9,133.4,7.0,5,幸英明,56.0,芝,1800.0,良,109.5,1.1,9-8,35.9,516.0,10.0,インザモーメント,55.0
2021101673,エスカルチャ,2023/06/10,3阪神3,曇,5,2歳新馬,10,5,5,66.0,9.0,8,坂井瑠星,55.0,芝,1600.0,良,98.8,2.2,7-6,35.7,506.0,0.0,ヒヒーン,
2024102801,アヴェンタ,2026/07/02,門別,曇,6,JRA認定競走フレッ(新馬)(2歳),8,7,7,62.3,7.0,7,阿部龍,55.0,ダ,1200.0,良,79.0,3.5,8-8,39.3,460,0,ロッキンチェアー,
2024107126,カストール,2026/07/16,門別,晴,3,JRA認定競走アタッ(未勝利)(2歳),9,6,6,4.8,2.0,5,服部茂史,55.0,ダ,1700.0,重,113.8,1.5,6-6-6-5,42.1,474,2,シャディアラ,8.4
2024107126,カストール,2026/06/24,門別,晴,2,2歳未勝利(未勝利),9,7,7,2.2,1.0,1,服部茂史,55.0,ダ,1500.0,良,101.6,-0.4,9-9-6-5,40.1,472,10,(トシデンセツ),50.0
2024107126,カストール,2026/05/14,門別,曇,5,JRA認定競走フレッ(新馬)(2歳),11,6,7,9.9,6.0,6,服部茂史,55.0,ダ,1000.0,良,63.3,1.1,8-7,37.8,462,0,ピンクゴールド,
2024106011,フルオブポップス,2026/07/02,門別,曇,2,2歳未勝利(未勝利),7,2,2,40.7,5.0,2,宮内勇樹,55.0,ダ,1700.0,良,116.2,1.1,7-5-6-6,41.6,410,2,イケメンモンスター,14.0
2024106011,フルオブポップス,2026/06/11,門別,晴,6,JRA認定競走フレッ(新馬)(2歳),9,8,9,54.7,7.0,6,山本聡哉,55.0,ダ,1200.0,良,77.6,3.4,9-8,39.1,408,0,ソルデイスター,
2024105535,ブラックタイクーン,2026/06/18,門別,曇,4,JRA認定競走アタッ(未勝利)(2歳),8,3,3,7.2,4.0,4,井上瑛太,55.0,ダ,1700.0,良,115.1,0.9,7-7-7-5,39.6,440,6,リュウノジェット,16.8
2024105535,ブラックタイクーン,2026/06/03,門別,曇,5,JRA認定競走アタッ(未勝利)(2歳),12,4,4,54.4,6.0,6,藤田凌駕,53.0,ダ,1200.0,良,76.3,1.8,11-11,37.2,434,-2,アンサラー,
2024105535,ブラックタイクーン,2026/05/20,門別,曇,4,JRA認定競走アタッ(未勝利)(2歳),9,6,6,32.4,6.0,4,藤田凌駕,53.0,ダ,1200.0,良,76.6,1.5,6-7,38.0,436,-4,ソルフィオラ,21.0
2024105535,ブラックタイクーン,2026/05/05,門別,晴,6,JRA認定競走フレッ(新馬)(2歳),6,1,1,5.5,2.0,4,小野楓馬,55.0,ダ,1100.0,稍,70.1,1.6,3-3,39.5,440,0,アペリティーヴォ,42.0
2024100550,ウィンターキャビン,2026/07/14,門別,雨,3,2歳未勝利(未勝利),12,5,6,22.9,7.0,1,桑村真明,55.0,ダ,1200.0,稍,74.5,-1.5,1-1,38.5,472,-6,(エイシンスーリヤ),50.0
2024100550,ウィンターキャビン,2026/07/01,門別,晴,1,北のハードワーカー菊(未勝利)(2歳),10,6,8,11.2,4.0,9,桑村真明,55.0,ダ,1000.0,良,66.1,3.7,5-8,40.1,478,-18,リュウノアキレス,
2024100550,ウィンターキャビン,2026/06/18,門別,曇,5,JRA認定競走フレッ(新馬)(2歳),8,4,4,16.8,4.0,4,桑村真明,55.0,ダ,1100.0,良,70.3,1.6,1-1,40.0,496,0,カリムパッション,35.0
2024100373,リガンド,2026/07/16,門別,晴,2,2歳未勝利(未勝利),11,3,3,1.4,1.0,2,石川倭,55.0,ダ,1700.0,重,113.4,0.0,2-4-4-3,40.7,482,0,リヴァールミナス,14.0
2024100373,リガンド,2026/07/02,門別,曇,3,JRA認定競走アタッ(未勝利)(2歳),8,2,2,2.5,2.0,5,石川倭,55.0,ダ,1700.0,良,115.2,1.1,8-7-1-2,42.2,482,6,ミッションフェロー,8.4
2024100373,リガンド,2026/06/04,門別,曇,5,JRA認定競走アタッ(未勝利)(2歳),8,3,3,1.2,1.0,2,石川倭,55.0,ダ,1700.0,良,114.6,0.2,5-5-3-1,40.8,476,-2,ニュースタンダード,42.0
2024100373,リガンド,2026/05/21,門別,曇,6,JRA認定競走フレッ(新馬)(2歳),9,7,7,14.2,4.0,2,石川倭,55.0,ダ,1700.0,良,113.7,1.8,7-9-6-4,40.9,478,0,シフトチェンジ,84.0
2024102136,リュウノソイジャー,2026/07/16,門別,晴,1,2歳未勝利(未勝利),12,4,4,168.1,10.0,8,服部茂史,55.0,ダ,1100.0,重,71.8,4.4,10-10,40.7,448,-2,ドリームパッション,
2024102136,リュウノソイジャー,2026/07/02,門別,曇,1,2歳未勝利(未勝利),9,8,11,,,除,阿部龍,55.0,ダ,1100.0,良,,,,,444,-6,ミリオンジュピター,
2024102136,リュウノソイジャー,2026/06/11,門別,晴,6,JRA認定競走フレッ(新馬)(2歳),9,1,1,53.9,6.0,7,落合玄太,55.0,ダ,1200.0,良,77.8,3.6,6-6,40.1,450,0,ソルデイスター,
2024102711,レモンサワー,2026/07/08,門別,晴,1,2歳未勝利(未勝利),8,1,1,3.2,1.0,1,石川倭,55.0,ダ,1600.0,良,108.3,-0.2,6-6-6-4,41.9,470,-2,(マーラータン),50.0
2024102711,レモンサワー,2026/06/24,門別,晴,2,2歳未勝利(未勝利),9,6,6,3.4,2.0,5,岩橋勇二,55.0,ダ,1500.0,良,103.2,1.6,1-3-6-6,41.8,472,6,カストール,3.5
2024102711,レモンサワー,2026/06/11,門別,晴,4,JRA認定競走アタッ(未勝利)(2歳),11,5,5,41.2,7.0,6,小牧太,55.0,ダ,1100.0,良,69.8,0.9,8-9,38.7,466,0,アヴナント,
2024102711,レモンサワー,2026/05/20,門別,曇,4,JRA認定競走アタッ(未勝利)(2歳),9,7,7,21.7,4.0,6,井上瑛太,55.0,ダ,1200.0,良,77.0,1.9,6-5,38.4,466,10,ソルフィオラ,
2024102711,レモンサワー,2026/04/30,門別,晴,5,JRA認定競走フレッ(新馬)(2歳),8,6,6,22.8,5.0,3,井上瑛太,55.0,ダ,1000.0,良,63.3,0.5,4-5,38.2,456,0,プレストジュピター,63.0
2024102022,アオフガーベ,2026/06/03,門別,曇,6,JRA認定競走フレッ(新馬)(2歳),12,8,11,15.0,5.0,7,阿部龍,55.0,ダ,1000.0,良,63.2,1.3,7-7,37.6,464,0,スハッチェ,
2024103325,スターリーローラー,2026/07/16,門別,晴,3,JRA認定競走アタッ(未勝利)(2歳),9,3,3,17.3,5.0,7,黒澤愛斗,55.0,ダ,1700.0,重,114.4,2.1,8-8-8-7,42.0,466,-8,シャディアラ,
2024103325,スターリーローラー,2026/06/30,門別,晴,4,JRA認定競走アタッ(未勝利)(2歳),8,6,6,6.5,3.0,6,宮内勇樹,55.0,ダ,1200.0,良,76.6,1.4,3-4,38.9,474,8,スターオブヴェイズ,
2024103325,スターリーローラー,2026/06/11,門別,晴,4,JRA認定競走アタッ(未勝利)(2歳),11,7,8,14.6,4.0,4,黒澤愛斗,55.0,ダ,1100.0,良,69.4,0.5,8-7,38.6,466,0,アヴナント,16.8
2024103325,スターリーローラー,2026/05/28,門別,雨,5,JRA認定競走フレッ(新馬)(2歳),8,1,1,48.6,7.0,3,黒澤愛斗,55.0,ダ,1200.0,稍,76.3,0.4,6-3,39.1,466,0,シアンディオ,52.5
2023102627,ウォーキャット,2026/07/15,門別,晴,4,3歳以上C4ー2,10,7,8,10.0,3.0,1,阿部龍,55.0,ダ,1200.0,稍,75.5,-0.2,7-7,37.9,462.0,4.0,(ユーキャンフライ),40.0
2023102627,ウォーキャット,2026/07/01,門別,晴,2,ゴールデンルーキー市(C4),8,6,6,5.2,4.0,3,阿部龍,55.0,ダ,1200.0,良,77.1,2.1,2-2,40.1,458.0,8.0,コウユーダイダイ,8.4
2023102627,ウォーキャット,2026/06/03,門別,曇,7,3歳以上C4ー2,10,1,1,5.3,3.0,3,阿部龍,55.0,ダ,1200.0,良,76.0,0.2,3-3,39.0,450.0,-2.0,マーロウ,8.4
2023102627,ウォーキャット,2026/05/21,門別,曇,1,3歳条件未勝利(未勝利),8,8,8,1.6,1.0,1,阿部龍,55.0,ダ,1200.0,良,75.9,-0.8,1-1,38.3,452.0,0.0,(ビリーヴザウエスト),50.0
2023102627,ウォーキャット,2026/05/05,門別,晴,2,3歳条件未勝利(未勝利),10,5,5,1.5,1.0,2,桑村真明,55.0,ダ,1200.0,稍,76.9,1.2,1-1,39.4,452.0,-10.0,スキャボロフェアー,14.0
2023102627,ウォーキャット,2026/04/22,門別,晴,1,3歳条件未勝利(未勝利),8,3,3,4.1,2.0,2,落合玄太,55.0,ダ,1000.0,稍,62.5,0.1,1-1,37.2,462.0,6.0,ポートエレン,14.0
2023102627,ウォーキャット,2025/10/28,門別,晴,2,2歳牝馬未勝利(未勝利),10,3,3,36.9,5.0,2,阿部龍,55.0,ダ,1000.0,稍,63.5,0.3,2-3,38.0,456.0,-6.0,アークオブライフ,14.0
2023102627,ウォーキャット,2025/09/30,門別,晴,3,2歳未勝利(未勝利),11,5,6,,,取,阿部龍,55.0,ダ,1000.0,良,,,,,,,ガミラスラバウル,
2023102627,ウォーキャット,2025/09/17,門別,晴,1,2歳未勝利(未勝利),12,6,8,3.3,1.0,3,阿部龍,55.0,ダ,1000.0,良,64.7,0.2,4-3,39.5,462.0,10.0,クロノライデン,10.5
2023102627,ウォーキャット,2025/08/07,門別,曇,4,JRA認定競走フレッ(新馬)(2歳),9,1,1,5.9,3.0,7,桑村真明,55.0,ダ,1000.0,稍,64.9,1.5,3-2,39.6,452.0,0.0,ワカチーコ,
2023100934,サイアミーズ,2026/07/08,門別,曇,4,3歳以上C4ー2,7,3,3,1.3,1.0,1,小野楓馬,57.0,ダ,1000.0,良,62.5,-0.5,4-4,37.5,480,-6,(ハーティーアイズ),40.0
2023100934,サイアミーズ,2026/06/17,門別,晴,3,推しウマ探せ!おひさ(C4),12,8,11,3.2,2.0,1,小野楓馬,57.0,ダ,1000.0,良,62.0,-0.7,3-3,37.5,486,0,(グッドミミック),40.0
2021102678,レッドコート,2026/07/16,門別,晴,10,グランシャリオドリー(C3),12,5,6,359.0,12.0,12.0,阿岸潤一,56.0,ダ,1700.0,重,115.1,4.4,4-4-4-7,43.9,478,-6,カネトシエテルノ,
2021102678,レッドコート,2026/06/18,門別,曇,7,日高町商工会賞(C3),12,1,1,64.9,6.0,9.0,石川倭,57.0,ダ,1700.0,良,114.2,2.6,10-10-10-10,39.5,484,4,スキャボロフェアー,
2021102678,レッドコート,2026/06/04,門別,曇,10,グランシャリオドリー(C3),12,8,12,130.5,11.0,7.0,桑村真明,57.0,ダ,1800.0,良,120.1,2.2,8-7-8-8,39.8,480,-8,メイショウハリソン,
2021102678,レッドコート,2026/05/21,門別,曇,12,ステラヴェローチェ賞(C3),0,6,8,,,,阿岸潤一,57.0,ダ,1700.0,良,,,,,482,-6,,
2021102678,レッドコート,2026/05/06,門別,晴,7,3歳以上C3ー2C4,11,2,2,43.4,6.0,10.0,桑村真明,57.0,ダ,1800.0,良,121.5,1.7,11-11-8-7,40.2,488,2,シルバーミラージュ,
2021102678,レッドコート,2026/04/23,門別,晴,7,3歳以上C3ー2C4,11,8,10,35.1,6.0,4.0,阿岸潤一,56.0,ダ,1700.0,稍,113.0,0.9,2-2-2-2,42.2,486,-18,ゲームアップロード,5.6
2021102678,レッドコート,2025/11/12,門別,晴,7,ゼラニウム特別(C2),10,5,5,27.2,7.0,8.0,桑村真明,57.0,ダ,1800.0,稍,120.6,2.0,8-9-8-8,40.5,504,6,バルドリア,
2021102678,レッドコート,2025/10/29,門別,晴,12,ネリネ特別(C2),11,6,8,175.7,11.0,5.0,松井伸也,57.0,ダ,1700.0,稍,112.2,1.0,10-9-10-10,40.6,498,0,クラウンアールシー,3.8
2021102678,レッドコート,2025/10/14,門別,晴,9,ホクレンSS特別(C2),11,1,1,82.7,8.0,8.0,松井伸也,57.0,ダ,1200.0,稍,76.4,2.1,6-6,40.0,498,-2,アーロッタレット,
2021102678,レッドコート,2025/10/01,門別,雨,8,ジャノメギク特別(C2),12,7,9,18.6,6.0,8.0,桑村真明,57.0,ダ,1700.0,重,113.1,1.9,9-9-9-9,40.0,500,4,リュウジンオー,
2021102678,レッドコート,2025/09/11,門別,曇,10,グランシャリオドリー(C3),12,6,8,3.1,1.0,3.0,桑村真明,57.0,ダ,1700.0,良,112.0,0.1,10-10-9-8,39.7,496,4,タカオスマイル,11.6
2021102678,レッドコート,2025/08/26,門別,曇,9,新冠・新ひだか2デイ(C3),11,7,9,3.3,2.0,3.0,石川倭,57.0,ダ,1600.0,良,106.6,0.8,2-2-1-1,41.9,492,2,ホウヨウムーン,8.4
2021102678,レッドコート,2025/08/12,門別,晴,10,グランシャリオドリー(C3),11,7,9,30.2,5.0,4.0,及川烈,56.0,ダ,1700.0,良,112.3,0.3,4-4-6-6,40.1,490,-2,エアプレイ,7.7
2021102678,レッドコート,2025/07/29,門別,晴,11,カルーナ特別(C3),9,2,2,2.5,1.0,2.0,桑村真明,57.0,ダ,1700.0,重,114.6,0.9,7-8-7-7,39.7,492,-2,シルバーミラージュ,15.4
2021102678,レッドコート,2025/07/15,門別,曇,11,星の降る里・芦別健夏(C3),9,5,5,8.3,5.0,2.0,桑村真明,57.0,ダ,1800.0,稍,121.4,0.1,7-7-7-5,41.3,494,0,ゲームアップロード,15.4
2021102678,レッドコート,2025/06/18,門別,晴,10,グランシャリオドリー(C4),11,2,2,15.1,5.0,2.0,桑村真明,57.0,ダ,1700.0,良,112.5,0.1,6-6-7-2,39.8,494,0,ゲームアップロード,15.4
2021102678,レッドコート,2025/06/05,門別,曇,1,3歳以上C4ー2,12,4,4,6.3,3.0,5.0,桑村真明,57.0,ダ,1600.0,重,106.3,0.7,3-4-4-4,41.1,494,-2,ゲームアップロード,2.8
2021102678,レッドコート,2025/05/21,門別,晴,2,3歳以上C4ー2,14,8,14,12.2,5.0,6.0,桑村真明,57.0,ダ,1200.0,良,76.2,1.3,6-6,40.1,496,-2,ニシケンカバル,
2021102678,レッドコート,2025/05/07,門別,晴,10,グランシャリオドリー(C4),12,6,7,3.0,2.0,5.0,阿岸潤一,56.0,ダ,1000.0,稍,63.2,0.6,6-7,37.9,498,2,ヤマニンリーリオ,3.8
2021102678,レッドコート,2025/04/23,門別,曇,9,アネモネ特別(C4),9,4,4,5.9,3.0,3.0,松井伸也,57.0,ダ,1000.0,重,61.9,0.6,5-5,36.9,496,14,アライグマパンチ,11.6
2021102678,レッドコート,2024/07/28,2新潟2,曇,9,3歳未勝利,15,3,4,82.3,13.0,9.0,田中健,57.0,ダ,1800.0,稍,119.1,3.2,4-4-9-10,41.8,482,8,ゲインサポート,
2021102678,レッドコート,2024/06/09,4京都4,曇,2,3歳未勝利,16,3,5,173.6,13.0,9.0,田中健,57.0,ダ,1400.0,稍,88.0,2.3,10-10,39.4,474,2,サリュエ,
2021102678,レッドコート,2023/12/09,5阪神3,晴,3,2歳未勝利,13,6,9,48.0,7.0,5.0,酒井学,56.0,ダ,1200.0,良,74.8,1.5,6-4,38.6,472,6,ペプチドシュチク,55.0
2021102678,レッドコート,2023/11/12,3京都4,曇,1,2歳未勝利,13,7,10,24.3,6.0,6.0,鮫島克駿,56.0,ダ,1200.0,稍,75.1,2.4,11-8,37.9,466,-4,ラヴオントップ,
2021102678,レッドコート,2023/10/28,2京都8,晴,2,2歳未勝利,12,8,11,34.8,8.0,5.0,鮫島克駿,56.0,ダ,1200.0,良,74.0,0.9,7-5,37.4,470,2,トッピゴー,55.0
2021102678,レッドコート,2023/07/01,3中京1,曇,5,2歳新馬,7,5,5,15.7,4.0,7.0,松山弘平,55.0,芝,1200.0,重,73.0,2.5,6-7,36.0,468,0,クリノハレルヤ,
2021102248,エリオットゲーム,2026/07/16,門別,晴,9,3歳以上C3ー2C4,7,6,6,11.6,4.0,5,小野楓馬,57.0,ダ,1200.0,重,76.3,1.3,7-7,39.5,492,-6,ピエールテネシー,2.8
2021102248,エリオットゲーム,2026/07/02,門別,曇,9,3歳以上C3ー2C4,8,1,1,48.1,7.0,3,桑村真明,57.0,ダ,1200.0,良,75.9,0.2,8-7,37.8,498,0,サラサソフトタッチ,8.4
2021102248,エリオットゲーム,2026/06/18,門別,曇,10,グランシャリオドリー(C3),13,4,5,25.2,5.0,10,岩橋勇二,57.0,ダ,1200.0,良,75.9,1.5,12-12,38.0,498,-12,コココーハク,
2021102248,エリオットゲーム,2026/06/04,門別,曇,9,骨密度ならMBP賞(C3),12,7,10,7.4,4.0,6,山本聡哉,57.0,ダ,1200.0,良,76.3,1.6,10-9,38.2,510,10,スティルアローン,
2021102248,エリオットゲーム,2026/05/14,門別,曇,10,グランシャリオドリー(C3),12,8,12,6.9,3.0,2,山本聡哉,57.0,ダ,1200.0,良,75.4,0.6,5-5,38.2,500,-2,タイセイルーマー,15.4
2021102248,エリオットゲーム,2026/04/30,門別,晴,9,グランシャリオドリー(C3),13,7,11,5.9,3.0,5,石川慎将,57.0,ダ,1200.0,良,76.2,0.5,10-7,38.5,502,4,タイセイシャルト,3.8
2021102248,エリオットゲーム,2026/04/16,門別,晴,10,グランシャリオドリー(C3),14,7,12,23.1,6.0,4,服部茂史,57.0,ダ,1200.0,良,75.3,0.3,11-6,38.5,498,-12,リオンセーラス,7.7
2021102248,エリオットゲーム,2025/11/13,門別,晴,7,ビアパーティーAib(C3),14,6,10,5.4,2.0,6,渡辺準己,57.0,ダ,1200.0,稍,76.4,0.8,14-11,37.8,510,-4,リリーパーク,
2021102248,エリオットゲーム,2025/11/03,門別,晴,9,JBCデーはSPAT(C3),9,3,3,4.9,2.0,3,岩橋勇二,57.0,ダ,1200.0,重,76.0,1.4,5-3,38.2,514,8,ブリックスラテ,11.6
2021102248,エリオットゲーム,2025/10/16,門別,曇,7,3歳以上C3ー2C4,9,8,9,7.4,4.0,3,岩橋勇二,57.0,ダ,1200.0,稍,75.6,0.9,8-8,37.8,506,0,エクストラチャージ,8.4
2021102248,エリオットゲーム,2025/10/02,門別,晴,9,サイアーライン賞(C3),12,3,3,17.4,4.0,8,桑村真明,57.0,ダ,1200.0,稍,76.3,1.5,11-10,37.9,506,4,ディクシーヴォーグ,
2021102248,エリオットゲーム,2025/09/18,門別,晴,10,グランシャリオドリー(C3),11,6,7,3.8,2.0,3,岩橋勇二,57.0,ダ,1200.0,良,76.4,0.9,9-4,38.3,502,10,ファリードゥーン,11.6
2021102248,エリオットゲーム,2025/09/04,門別,曇,9,北海道厩務員会賞(C3),12,8,11,9.6,4.0,2,岩橋勇二,57.0,ダ,1200.0,稍,75.1,0.0,9-8,38.1,492,-4,アームズクイーン,11.2
2021102248,エリオットゲーム,2025/08/21,門別,晴,7,3歳以上C4ー2,8,5,5,1.7,1.0,2,岩橋勇二,57.0,ダ,1000.0,稍,62.4,0.1,6-6,36.8,496,-2,リュウワンメリー,11.2
2021102248,エリオットゲーム,2025/08/07,門別,曇,7,3歳以上C4ー2,9,3,3,6.2,4.0,2,岩橋勇二,57.0,ダ,1000.0,稍,61.9,0.5,8-7,36.4,498,-2,キッスミーアイ,11.2
2021102248,エリオットゲーム,2025/07/15,門別,曇,9,夏いちごすずあかね賞(C4),10,7,7,3.7,2.0,6,小野楓馬,57.0,ダ,1200.0,稍,76.6,0.7,6-6,39.3,500,0,ホウヨウムーン,
2021102248,エリオットゲーム,2025/07/01,門別,晴,9,桜井GM本格稼働特別(C4),8,5,5,2.1,1.0,4,小野楓馬,57.0,ダ,1000.0,良,62.2,0.5,7-7,36.5,500,6,ニシノレヴィガータ,7.7
2021102248,エリオットゲーム,2025/06/12,門別,曇,10,グランシャリオドリー(C4),9,7,7,4.8,2.0,2,小野楓馬,57.0,ダ,1200.0,稍,75.5,0.2,7-6,37.6,494,0,エイイチ,15.4
2021102248,エリオットゲーム,2025/05/21,門別,晴,6,3歳以上C3ー2C4,9,8,8,1.6,1.0,5,岩橋勇二,57.0,ダ,1000.0,良,62.3,0.4,7-7,36.8,494,-6,アイガイッパイ,2.8
2021102248,エリオットゲーム,2025/05/07,門別,曇,4,3歳以上C4ー3,12,7,10,3.4,3.0,1,岩橋勇二,57.0,ダ,1000.0,稍,61.6,0.0,9-8,36.4,500,-10,(ケイアイワカポノ),40.0
2021102248,エリオットゲーム,2025/04/24,門別,晴,2,3歳以上C4ー4,12,5,5,2.7,2.0,1,桑村真明,57.0,ダ,1000.0,重,61.7,0.0,5-4,36.7,510,8,(チャモ),40.0
2021102248,エリオットゲーム,2024/10/29,門別,晴,5,3歳以上C4ー4,12,8,11,3.7,2.0,1,金山昇馬,57.0,ダ,1200.0,良,76.6,-0.4,2-2,39.0,502,-4,(アグリオ),40.0
2021102248,エリオットゲーム,2024/10/16,門別,晴,1,3歳以上C4ー4,12,6,7,7.2,3.0,2,金山昇馬,57.0,ダ,1200.0,重,77.2,1.0,4-3,38.8,506,10,マテンロウディアナ,11.2
2021102248,エリオットゲーム,2024/09/19,門別,晴,1,3歳以上C4ー4,8,8,8,2.1,2.0,5,桑村真明,57.0,ダ,1600.0,良,108.5,1.2,6-4-3-3,42.5,496,8,エムオーマスク,2.8
2021102248,エリオットゲーム,2024/09/04,門別,晴,1,3歳以上C4ー4,12,5,5,3.0,2.0,3,桑村真明,57.0,ダ,1000.0,良,64.0,0.8,10-5,37.8,488,-2,ザリナイラン,8.4
2021102248,エリオットゲーム,2024/08/21,門別,晴,4,3歳以上C4ー4,12,4,4,7.4,3.0,5,桑村真明,57.0,ダ,1000.0,稍,63.3,1.5,4-4,38.1,490,6,ヤマニンアリーズ,2.8
2021102248,エリオットゲーム,2024/08/06,門別,晴,6,みついし花だより賞(C4),8,8,8,2.3,2.0,2,桑村真明,57.0,ダ,1000.0,稍,63.2,0.4,2-2,37.9,484,-16,マジカルウィーク,11.2
2021102248,エリオットゲーム,2024/07/23,門別,曇,1,3歳以上C4ー4,9,7,7,1.5,1.0,3,桑村真明,57.0,ダ,1000.0,良,64.0,0.8,5-5,38.4,500,0,クライオブジアース,8.4
2021107000,ユーライナー,2026/07/16,門別,晴,8,3歳以上C3ー2C4,7,3,3,89.9,6.0,7,井上俊彦,55.0,ダ,1200.0,重,76.5,2.5,6-7,39.4,446,-4,サンゼントカガヤク,
2021107000,ユーライナー,2026/07/01,門別,晴,7,大人になった内藤耀悠(C3),8,1,1,186.8,8.0,8,井上俊彦,55.0,ダ,1600.0,良,107.8,3.6,6-6-5-7,42.4,450,-4,アルバソーレ,
2021107000,ユーライナー,2026/06/18,門別,曇,7,日高町商工会賞(C3),12,6,8,208.9,12.0,12,井上俊彦,55.0,ダ,1700.0,良,115.2,3.6,5-5-6-7,41.3,454,6,スキャボロフェアー,
2021107000,ユーライナー,2026/05/28,門別,雨,8,rapora賞(C3),10,3,3,201.6,10.0,9,井上俊彦,55.0,ダ,1200.0,稍,77.1,3.7,7-7,40.7,448,10,アンヘル,
2021107000,ユーライナー,2026/05/06,門別,晴,10,グランシャリオドリー(C3),14,3,3,420.1,14.0,12,井上俊彦,55.0,ダ,1200.0,良,77.1,3.1,10-11,39.7,438,-2,ヴァーチェ,
2021107000,ユーライナー,2026/04/23,門別,晴,10,グランシャリオドリー(C3),12,4,4,334.6,12.0,11,井上俊彦,55.0,ダ,1200.0,稍,78.2,2.1,8-11,40.3,440,-14,トゥスイート,
2021107000,ユーライナー,2025/11/11,門別,曇,11,しべつ牛乳特別(C3),15,3,4,130.5,11.0,5,井上俊彦,55.0,ダ,1200.0,稍,76.8,0.9,9-10,39.1,454,-6,リオンセーラス,3.8
2021107000,ユーライナー,2025/10/30,門別,晴,5,3歳以上C3ー2C4,9,3,3,131.2,9.0,8,井上俊彦,55.0,ダ,1200.0,稍,76.8,1.7,5-7,40.0,460,6,マリノロマンス,
2021107000,ユーライナー,2025/10/15,門別,晴,8,3歳以上C3ー2C4,8,5,5,31.5,6.0,4,井上俊彦,55.0,ダ,1200.0,稍,76.8,1.7,5-5,39.3,454,-2,リコーミカ,5.6
2021107000,ユーライナー,2025/09/24,門別,曇,10,グランシャリオドリー(C4),12,8,11,89.7,9.0,1,井上俊彦,55.0,ダ,1200.0,良,76.3,-0.4,4-4,39.2,456,4,(マークオブゾロ),55.0
2021107000,ユーライナー,2025/09/09,門別,曇,8,ダリア特別(C4),12,7,9,23.6,8.0,10,井上俊彦,55.0,ダ,1000.0,稍,64.0,1.2,8-8,38.9,452,6,マリノロマンス,
2021107000,ユーライナー,2025/08/27,門別,曇,8,静内ロータリークラブ(C3),9,7,7,191.5,9.0,7,井上俊彦,55.0,ダ,1200.0,良,77.4,1.5,2-2,39.8,446,-4,リトムテール,
2021107000,ユーライナー,2025/08/12,門別,晴,9,3歳以上C4ー2,12,7,9,85.7,10.0,8,井上俊彦,55.0,ダ,1200.0,良,76.4,1.1,7-7,38.6,450,16,メフィスト,
2021107000,ユーライナー,2025/07/29,門別,晴,6,3歳以上C4ー3,8,6,6,31.3,6.0,3,井上俊彦,55.0,ダ,1200.0,重,76.8,0.8,4-4,38.6,434,-4,シーザーキック,8.4
2021107000,ユーライナー,2025/07/17,門別,晴,10,グランシャリオドリー(C4),11,4,4,67.1,8.0,9,宮内勇樹,55.0,ダ,1700.0,稍,114.8,1.5,4-4-4-8,42.2,438,-10,ビリーヴアンドラン,
2021107000,ユーライナー,2025/07/03,門別,晴,10,グランシャリオドリー(C4),12,7,10,130.6,9.0,6,宮内勇樹,55.0,ダ,1700.0,稍,113.8,1.6,3-2-3-4,41.2,448,6,ファーマシャイン,
2021107000,ユーライナー,2025/06/18,門別,晴,10,グランシャリオドリー(C4),11,6,6,36.5,7.0,9,宮内勇樹,55.0,ダ,1700.0,良,114.8,2.4,4-5-6-8,42.1,442,4,ゲームアップロード,
2021107000,ユーライナー,2025/05/28,門別,曇,10,ブルースター賞(C4),11,7,8,253.4,10.0,4,井上俊彦,55.0,ダ,1200.0,良,76.5,1.5,5-5,39.5,438,2,ハイカラサン,5.6
2021107000,ユーライナー,2025/05/15,門別,曇,2,3歳以上C4ー3,12,5,5,20.4,4.0,10,井上俊彦,55.0,ダ,1200.0,良,78.1,1.4,7-8,40.0,436,8,メフィスト,
2021107000,ユーライナー,2025/05/01,門別,晴,4,3歳以上C4ー3,9,8,9,60.7,6.0,4,井上俊彦,55.0,ダ,1200.0,稍,76.8,1.6,3-4,40.6,428,-8,マナコア,5.6
2021107000,ユーライナー,2025/04/17,門別,晴,6,3歳以上C4ー3,12,1,1,17.8,6.0,8,井上俊彦,55.0,ダ,1200.0,重,77.2,2.3,5-7,40.0,436,10,スリーレジェンド,
2021107000,ユーライナー,2024/08/31,2札幌7,曇,3,3歳未勝利,16,5,9,298.7,15.0,15,川端海翼,52.0,芝,2000.0,重,125.5,2.9,3-3-3-11,39.6,426,6,アラタマフェーヴル,
2021107000,ユーライナー,2024/07/14,1函館12,晴,4,3歳未勝利,12,6,7,212.0,12.0,9,菱田裕二,55.0,ダ,1000.0,良,61.0,1.7,11-11,36.4,420,-4,ペレグリン,
2021107000,ユーライナー,2024/05/11,2東京7,晴,5,3歳未勝利,18,6,12,163.2,12.0,9,吉田豊,55.0,芝,1400.0,良,82.5,1.4,15-14,34.3,424,-2,ミッドナイトラスタ,
2021107000,ユーライナー,2024/03/16,2中山7,晴,3,3歳未勝利,16,2,3,159.5,12.0,8,吉田豊,55.0,ダ,1200.0,稍,73.5,3.0,7-7,38.2,426,0,インビンシブルパパ,
2022104290,アサガオ,2026/07/16,門別,晴,9,3歳以上C3ー2C4,7,4,4,5.2,2.0,3,宮内勇樹,57.0,ダ,1200.0,重,76.1,1.1,2-2,40.3,482.0,-2.0,ピエールテネシー,8.4
2022104290,アサガオ,2026/07/02,門別,曇,9,3歳以上C3ー2C4,8,8,8,6.0,3.0,5,落合玄太,57.0,ダ,1200.0,良,76.1,0.4,3-3,39.7,484.0,0.0,サラサソフトタッチ,2.8
2022104290,アサガオ,2026/06/18,門別,曇,10,グランシャリオドリー(C3),13,1,1,8.8,3.0,7,宮内勇樹,57.0,ダ,1200.0,良,75.6,1.2,1-1,40.4,484.0,-4.0,コココーハク,
2022104290,アサガオ,2026/06/04,門別,曇,9,骨密度ならMBP賞(C3),12,6,7,4.3,3.0,3,宮内勇樹,57.0,ダ,1200.0,良,75.2,0.5,1-1,38.4,488.0,0.0,スティルアローン,8.4
2022104290,アサガオ,2026/05/21,門別,曇,9,ヒナゲシ特別(C3),9,7,7,1.7,1.0,2,宮内勇樹,57.0,ダ,1200.0,良,75.2,0.7,1-1,38.5,488.0,0.0,クレーバーベン,15.4
2022104290,アサガオ,2026/05/06,門別,晴,4,3歳以上C4ー2,14,7,11,3.7,2.0,1,宮内勇樹,57.0,ダ,1200.0,良,75.5,-0.2,1-1,40.0,488.0,-6.0,(キングズロア),40.0
2022104290,アサガオ,2026/04/23,門別,曇,4,3歳以上C4ー2,10,2,2,4.0,2.0,2,宮内勇樹,57.0,ダ,1200.0,稍,76.4,0.5,1-1,40.3,494.0,11.0,アンヘル,11.2
2022104290,アサガオ,2026/03/30,船橋,晴,9,ヒメジョオンスプリン(B3),10,2,2,56.9,8.0,4,中山遥人,55.0,ダ,1200.0,稍,76.5,1.3,4-5-4,39.3,483.0,-2.0,デザーヴ,40.5
2022104290,アサガオ,2026/03/20,浦和,曇,10,浦和競馬×netke(B3),9,7,8,,,除,保園翔也,56.0,ダ,1400.0,稍,,,,,478.0,-7.0,ベストフィールド,
2022104290,アサガオ,2026/02/25,浦和,雨,9,梅見月特別(B3),13,5,6,106.3,12.0,8,服部茂史,56.0,ダ,1400.0,重,90.8,1.1,1-1-1-2,38.4,485.0,-3.0,ウェルウィッチア,
2022104290,アサガオ,2026/01/19,船橋,晴,10,初鷹スプリント(B3),12,8,12,83.5,11.0,12,石川倭,56.0,ダ,1200.0,良,77.0,2.1,4-3-5,40.8,488.0,-2.0,トールハンマー,
2022104290,アサガオ,2026/01/07,浦和,曇,9,迎春スプリント特(B3C1),12,5,6,20.6,7.0,12,佐野遥久,56.0,ダ,800.0,稍,49.7,2.0,10-12,36.5,490.0,6.0,ユウノワンワン,
2022104290,アサガオ,2025/12/23,浦和,晴,8,カトレア特別(B3C1),12,7,10,4.9,2.0,6,佐野遥久,56.0,ダ,800.0,良,48.3,0.5,3-3,36.4,484.0,-2.0,パラソーレ,
2022104290,アサガオ,2025/12/16,川崎,晴,10,祝松田町・寄村合併7(B3),10,2,2,26.7,6.0,9,桑村真明,56.0,ダ,900.0,重,56.6,1.2,4-4,38.7,486.0,-5.0,バッファローライズ,
2022104290,アサガオ,2025/11/25,浦和,雨,10,東毛酪農63℃賞特別(B2B3),11,8,10,7.8,5.0,7,小野楓馬,55.0,ダ,800.0,良,48.4,1.1,5-4,36.3,491.0,9.0,サノノレインボー,
2022104290,アサガオ,2025/10/22,門別,晴,6,3歳以上C3ー2C4,12,7,9,5.6,3.0,6,渡辺準己,54.0,ダ,1000.0,稍,63.6,1.8,2-2,39.9,482.0,2.0,スカイダイバー,
2022104290,アサガオ,2025/10/09,門別,晴,5,うらかわ優駿ビレッジ(C3),12,6,8,6.8,2.0,5,宮内勇樹,57.0,ダ,1000.0,良,63.1,1.1,1-1,38.7,480.0,6.0,インユアアイズ,2.8
2022104290,アサガオ,2025/08/21,門別,晴,8,じゃがいも焼酎清里5(C3),10,5,5,2.3,2.0,8,落合玄太,57.0,ダ,1000.0,稍,63.5,1.5,1-1,39.6,474.0,-6.0,ドクターストップ,
2022104290,アサガオ,2025/08/07,門別,曇,8,カセンソウ特別(C3),12,3,3,2.2,1.0,3,渡辺竜也,57.0,ダ,1000.0,稍,62.2,0.5,1-1,38.6,480.0,4.0,トドイワウィンド,11.6
2022104290,アサガオ,2025/07/30,門別,,9,ホクレンパールライス(C3),0,6,8,,,,落合玄太,57.0,ダ,1000.0,,,,,,,,,
2022104290,アサガオ,2025/07/09,門別,晴,5,3歳以上C4ー3,10,7,7,2.3,2.0,1,秋元耕成,57.0,ダ,1000.0,良,61.9,-0.2,1-1,37.3,476.0,-4.0,(キッスミーアイ),40.0
2022104290,アサガオ,2025/06/25,門別,晴,10,グランシャリオドリー(C4),12,5,6,2.3,1.0,3,落合玄太,57.0,ダ,1000.0,良,62.6,0.4,1-1,38.8,480.0,4.0,ユニコーンホエール,11.6
2022104290,アサガオ,2025/06/05,門別,曇,10,グランシャリオドリー(C4),9,5,5,2.3,1.0,4,宮内勇樹,57.0,ダ,1000.0,重,62.4,1.3,2-2,38.6,476.0,0.0,デュジャック,7.7
2022104290,アサガオ,2025/05/22,門別,晴,10,グランシャリオドリー(C4),11,2,2,2.2,2.0,2,宮内勇樹,57.0,ダ,1000.0,良,62.5,0.3,1-1,38.5,476.0,-14.0,ケイアイワカポノ,15.4
2022104290,アサガオ,2025/05/07,門別,曇,4,3歳以上C4ー3,12,1,1,2.3,1.0,4,宮内勇樹,57.0,ダ,1000.0,稍,62.4,0.8,1-1,38.9,490.0,6.0,エリオットゲーム,5.6
2022104290,アサガオ,2025/04/16,門別,雨,3,3歳以上C4ー4,11,4,4,1.1,1.0,1,宮内勇樹,56.0,ダ,1000.0,不,61.1,-0.3,1-1,36.9,484.0,7.0,(テナチュール),40.0
2022104290,アサガオ,2025/03/19,浦和,雨,11,ネクストスター東日本(重賞),0,5,6,,,,吉原寛人,56.0,ダ,1400.0,不,,,,,,,,
2022104290,アサガオ,2025/02/26,浦和,晴,3,浦和800ラウンド(3歳),8,5,5,1.3,1.0,1,吉原寛人,57.0,ダ,800.0,良,47.7,-0.5,1-1,35.9,477.0,-2.0,(シェナウエーブ),180.0
2022104290,アサガオ,2025/01/07,浦和,晴,4,浦和800ラウンド(3歳),8,6,6,1.5,1.0,1,落合玄太,56.0,ダ,800.0,重,47.6,-0.3,1-1,35.6,479.0,9.0,(シェナウエーブ),180.0
2022104290,アサガオ,2024/11/19,浦和,晴,4,浦和800ラウンド(2歳),8,8,8,1.3,1.0,1,福原杏,55.0,ダ,800.0,良,48.2,-0.6,1-1,36.1,470.0,-14.0,(リバーフロント),260.0
2022104290,アサガオ,2024/10/23,門別,雨,4,2歳3組,11,4,4,3.5,1.0,4,落合玄太,56.0,ダ,1000.0,不,62.0,0.6,1-1,38.6,484.0,8.0,リコーファルコン,8.4
2022104290,アサガオ,2024/10/08,門別,晴,2,2歳未勝利(未勝利),11,6,7,1.2,1.0,1,落合玄太,56.0,ダ,1000.0,稍,62.5,-0.3,1-1,38.0,476.0,-2.0,(サウスヴィルステラ),50.0
2022104290,アサガオ,2024/09/24,門別,晴,2,2歳未勝利(未勝利),11,5,5,2.9,2.0,2,石川倭,56.0,ダ,1000.0,良,62.7,0.5,1-1,38.9,478.0,4.0,コンゴウ,14.0
2022104290,アサガオ,2024/09/03,門別,晴,4,安平町「鹿公園」賞(未勝利)(2歳),9,5,5,12.7,4.0,4,岩橋勇二,55.0,ダ,1100.0,良,69.6,1.0,1-1,39.9,474.0,2.0,ロイヤルカラット,7.0
2022104290,アサガオ,2024/08/20,門別,曇,2,2歳未勝利(未勝利),9,3,3,5.3,4.0,6,宮内勇樹,54.0,ダ,1100.0,重,70.4,2.0,2-1,40.1,472.0,-2.0,ウォーアンセム,
2022104290,アサガオ,2024/08/06,門別,晴,4,静内産馬カーニバル賞(未勝利)(2歳),11,2,2,6.2,4.0,4,岩橋勇二,55.0,ダ,1100.0,稍,70.2,0.7,1-1,39.6,474.0,-6.0,リューノス,7.0
2022104290,アサガオ,2024/07/25,門別,晴,4,JRA認定競走フレッ(新馬)(2歳),8,6,6,10.7,3.0,6,宮内勇樹,54.0,ダ,1100.0,良,71.4,2.6,1-1,40.7,480.0,0.0,スマイルマンボ,
2022103672,キタサンモンドー,2026/07/16,門別,晴,8,3歳以上C3ー2C4,7,5,5,4.1,3.0,4,石川倭,57.0,ダ,1200.0,重,75.6,1.6,2-2,39.8,500,4,サンゼントカガヤク,5.6
2022103672,キタサンモンドー,2026/06/09,門別,曇,8,ライラック特別(C4),8,1,1,1.2,1.0,1,石川倭,57.0,ダ,1200.0,重,75.1,-0.1,3-3,38.4,496,-6,(サクラキングリー),55.0
2022103672,キタサンモンドー,2026/05/21,門別,曇,7,3歳以上C4ー2,14,6,10,3.0,2.0,3,石川倭,57.0,ダ,1200.0,良,75.3,0.4,4-2,39.5,502,0,スキャボロフェアー,8.4
2022103672,キタサンモンドー,2026/05/05,門別,晴,10,グランシャリオドリー(C4),14,7,12,4.8,3.0,1,宮内勇樹,57.0,ダ,1200.0,稍,75.4,-1.0,1-1,39.3,502,24,(エイキチ),55.0
2022103672,キタサンモンドー,2025/09/25,門別,曇,5,3歳以上C4ー3,12,8,12,2.0,1.0,6,石川倭,57.0,ダ,1200.0,不,75.7,1.3,4-3,40.0,478,-10,ガルガファルム,
2022103672,キタサンモンドー,2025/09/10,門別,曇,10,グランシャリオドリー(C4),10,7,7,5.8,3.0,3,石川倭,57.0,ダ,1200.0,良,76.7,0.3,5-2,39.5,488,30,マンダレーヒル,11.6
2022103672,キタサンモンドー,2025/05/31,2京都11,曇,5,3歳未勝利,18,3,6,111.4,15.0,16,菱田裕二,57.0,芝,1800.0,良,109.2,2.5,13-13,36.0,458,-6,オリバナム,
2022103672,キタサンモンドー,2025/05/24,1新潟7,曇,5,3歳未勝利,16,7,13,32.5,10.0,14,荻野極,57.0,芝,1800.0,良,111.4,2.4,5-6,36.0,464,-16,ウィズマスタング,
2022103672,キタサンモンドー,2025/02/10,1京都3,晴,2,3歳未勝利,11,1,1,11.1,5.0,10,松山弘平,57.0,ダ,1900.0,良,127.1,4.0,1-1-1-1,43.3,480,-4,オーレアミスト,
2022103672,キタサンモンドー,2025/01/25,1小倉1,晴,6,3歳新馬,18,1,1,7.0,3.0,9,松山弘平,57.0,芝,2000.0,良,122.3,1.4,6-5-7-7,37.6,484,0,ドーギッド,
2022104955,ラジャアンパット,2026/07/07,門別,曇,6,3歳以上C4ー2,9,7,7,11.0,4.0,1,阿岸潤一,54.0,ダ,1200.0,良,76.2,0.0,1-1,39.9,532,-2,(グロリアスアスペン),40.0
2022104955,ラジャアンパット,2026/06/24,門別,晴,8,3歳以上C4ー2,9,3,3,3.8,2.0,6,阿岸潤一,54.0,ダ,1000.0,良,63.3,1.4,5-6,38.5,534,22,カツノトゥウェルヴ,
2022104955,ラジャアンパット,2026/01/12,1中山5,晴,7,4歳以上1勝クラス,15,4,6,28.6,9.0,中,丸山元気,55.0,ダ,1800.0,良,,,6-5-5-10,,512,-2,フィールオーサム,
2022104955,ラジャアンパット,2025/03/02,2中山2,晴,4,3歳未勝利,16,8,16,5.5,2.0,3,杉原誠人,55.0,ダ,1800.0,良,117.0,1.1,15-15-5-5,39.8,514,0,シャンハイナイト,140.0
2022100369,ジューンランド,2026/07/01,門別,晴,3,道産子ポイントガード(C4),11,8,11,1.5,1.0,1,藤田凌駕,53.0,ダ,1200.0,良,75.8,-1.0,1-1,38.3,470,4,(ブールドネージュ),40.0
2022100369,ジューンランド,2026/06/18,門別,晴,2,とみくるマルシェ賞(C4),13,8,13,3.0,1.0,2,落合玄太,55.0,ダ,1200.0,良,75.6,0.3,2-1,39.9,466,-4,サンゼントカガヤク,11.2
2022100369,ジューンランド,2026/06/04,門別,晴,2,3歳以上C4ー2,12,6,7,3.2,2.0,5,落合玄太,55.0,ダ,1000.0,良,63.2,1.4,7-11,37.5,470,8,フロルドラーダ,2.8
2022100369,ジューンランド,2026/05/20,門別,曇,9,ウツギ特別(C4),12,4,4,2.3,1.0,2,落合玄太,55.0,ダ,1000.0,良,61.8,0.3,6-6,36.8,462,-6,サクラカレント,15.4
2022100369,ジューンランド,2026/05/06,門別,晴,4,3歳以上C4ー2,14,1,1,14.0,4.0,6,小川悠汰,52.0,ダ,1200.0,良,76.2,0.7,6-6,39.3,468,2,アサガオ,
2022100369,ジューンランド,2026/04/23,門別,曇,3,3歳以上C4ー2,12,5,6,2.0,1.0,4,服部茂史,55.0,ダ,1000.0,稍,62.3,0.4,4-4,37.5,466,8,クアトロソバージュ,5.6
2022100369,ジューンランド,2025/11/06,門別,曇,6,3歳以上C3ー2C4,10,8,9,1.7,1.0,3,落合玄太,55.0,ダ,1200.0,稍,76.0,0.5,3-3,39.3,458,-8,リュウノマジシャン,8.4
2022100369,ジューンランド,2025/10/22,門別,晴,8,3歳以上C3ー2C4,11,6,7,1.8,1.0,3,落合玄太,55.0,ダ,1200.0,稍,76.0,0.2,1-1,39.4,466,-2,スズロビンソン,8.4
2022100369,ジューンランド,2025/10/09,門別,晴,5,うらかわ優駿ビレッジ(C3),12,1,1,12.7,4.0,2,落合玄太,55.0,ダ,1000.0,良,62.6,0.6,11-8,37.2,468,6,インユアアイズ,11.2
2022100369,ジューンランド,2025/09/09,門別,曇,7,3歳以上C4ー3,12,6,8,3.0,2.0,1,落合玄太,55.0,ダ,1200.0,稍,75.5,-0.4,1-1,39.3,462,-8,(クインズモナカ),40.0
2022100369,ジューンランド,2025/08/26,門別,曇,6,新冠産米「判官伝説」(C4),12,8,12,2.0,1.0,3,阿部龍,55.0,ダ,1200.0,良,76.3,0.7,5-4,39.5,470,6,ウインドファルクス,8.4
2022100369,ジューンランド,2025/07/13,2小倉6,曇,3,3歳未勝利,16,5,9,182.9,13.0,10,高倉稜,55.0,ダ,1700.0,良,109.6,1.8,12-12-12-11,39.6,464,26,ハッコウイチウ,
2022100369,ジューンランド,2025/02/23,1京都8,晴,3,3歳未勝利,16,1,1,309.0,15.0,15,荻野極,55.0,ダ,1400.0,良,89.3,3.4,9-11,40.9,438,-4,ユウトザレン,
2022100369,ジューンランド,2025/02/09,1京都4,晴,5,3歳新馬,18,7,15,105.3,15.0,12,丹内祐次,55.0,芝,1600.0,稍,98.9,1.8,15-16,36.5,442,0,ルージュソリテール,
2024100058,ファイトレーヴ,2026/07/14,門別,曇,11,スフェーン特別(OP)(2歳),8,3,3,1.4,1.0,6,落合玄太,55.0,ダ,1200.0,重,76.3,1.3,5-5,39.4,438.0,-2.0,ラビリンスティアラ,
2024100058,ファイトレーヴ,2026/06/11,門別,晴,5,JRA認定競走フレッ(新馬)(2歳),12,2,2,2.3,1.0,1,落合玄太,55.0,ダ,1100.0,良,68.1,-0.9,1-1,37.9,440.0,0.0,(デルピエロ),250.0
2024100058,ファイトレーヴ,2026/05/05,門別,晴,6,JRA認定競走フレッ(新馬)(2歳),6,7,7,,,取,服部茂史,55.0,ダ,1100.0,稍,,,,,,,アペリティーヴォ,
2024105133,プライベートセクタ,2026/07/07,門別,曇,7,JRA認定競走ターフ(OP)(2歳),8,4,4,8.4,3.0,4,宮内勇樹,55.0,ダ,1700.0,良,114.0,0.8,3-3-2-1,40.3,494,0,ニュースタンダード,42.0
2024105133,プライベートセクタ,2026/05/21,門別,曇,5,JRA認定競走フレッ(新馬)(2歳),9,8,8,1.5,1.0,1,宮内勇樹,55.0,ダ,1100.0,良,68.0,-0.4,2-1,38.0,494,0,(タルマエドン),300.0
2024107081,ミッションフェロー,2026/07/02,門別,曇,3,JRA認定競走アタッ(未勝利)(2歳),8,7,7,9.7,4.0,1,藤田凌駕,53.0,ダ,1700.0,良,114.1,-0.6,3-3-4-4,40.6,484,0,(ティンバリートス),120.0
2024107081,ミッションフェロー,2026/06/18,門別,曇,4,JRA認定競走アタッ(未勝利)(2歳),8,7,7,10.2,5.0,2,藤田凌駕,53.0,ダ,1700.0,良,114.8,0.6,2-1-2-2,41.2,484,4,リュウノジェット,33.6
2024107081,ミッションフェロー,2026/06/04,門別,曇,5,JRA認定競走アタッ(未勝利)(2歳),8,1,1,202.2,8.0,3,藤田凌駕,53.0,ダ,1700.0,良,114.6,0.2,3-3-6-6,40.1,480,4,ニュースタンダード,31.5
2024107081,ミッションフェロー,2026/05/20,門別,曇,4,JRA認定競走アタッ(未勝利)(2歳),9,3,3,164.2,7.0,7,阿部龍,55.0,ダ,1200.0,良,77.8,2.7,6-7,39.2,476,6,ソルフィオラ,
2024107081,ミッションフェロー,2026/05/05,門別,晴,6,JRA認定競走フレッ(新馬)(2歳),6,4,4,12.7,4.0,6,桑村真明,55.0,ダ,1100.0,稍,72.7,4.2,5-6,41.9,470,0,アペリティーヴォ,
2024100346,アンサラー,2026/07/07,門別,曇,7,JRA認定競走ターフ(OP)(2歳),8,1,1,17.5,4.0,2,桑村真明,55.0,ダ,1700.0,良,113.2,0.0,5-4-4-3,38.9,496,8,ニュースタンダード,84.0
2024100346,アンサラー,2026/06/03,門別,曇,5,JRA認定競走アタッ(未勝利)(2歳),12,6,7,2.4,2.0,1,桑村真明,55.0,ダ,1200.0,良,74.5,-1.2,1-1,38.9,488,-6,(リヴァールミナス),150.0
2024100346,アンサラー,2026/05/20,門別,曇,4,JRA認定競走アタッ(未勝利)(2歳),9,4,4,1.1,1.0,3,落合玄太,55.0,ダ,1200.0,良,75.8,0.7,4-3,37.8,494,2,ソルフィオラ,31.5
2024100346,アンサラー,2026/04/23,門別,曇,6,JRA認定競走フレッ(新馬)(2歳),7,3,3,3.8,3.0,2,桑村真明,55.0,ダ,1100.0,稍,68.6,0.0,1-1,37.6,492,0,アクチュエル,84.0
2024100780,ゴーゴーミツヒコ,2026/06/25,門別,曇,5,JRA認定競走フレッ(新馬)(2歳),5,7,7,3.3,3.0,1,岩橋勇二,55.0,ダ,1700.0,良,114.6,-1.0,1-1-1-1,41.9,488,0,(クラウンアウォーズ),250.0
2024102498,リュウノジェット,2026/07/07,門別,曇,7,JRA認定競走ターフ(OP)(2歳),8,5,5,65.8,8.0,8,岩橋勇二,55.0,ダ,1700.0,良,116.7,3.5,4-5-6-7,41.4,440,-2,ニュースタンダード,
2024102498,リュウノジェット,2026/06/18,門別,曇,4,JRA認定競走アタッ(未勝利)(2歳),8,8,8,5.0,2.0,1,岩橋勇二,55.0,ダ,1700.0,良,114.2,-0.6,1-1-1-1,40.7,442,-6,(ミッションフェロー),120.0
2024102498,リュウノジェット,2026/05/28,門別,雨,5,JRA認定競走フレッ(新馬)(2歳),8,2,2,13.3,5.0,4,岩橋勇二,55.0,ダ,1200.0,稍,76.8,0.9,8-8,39.2,448,0,シアンディオ,35.0
2024106957,ソルデイスター,2026/06/11,門別,晴,6,JRA認定競走フレッ(新馬)(2歳),9,6,6,2.6,2.0,1,阿部龍,55.0,ダ,1200.0,良,74.2,-1.2,1-1,37.9,518,0,(エイシンフロイデ),250.0
2024101931,タルマエドン,2026/07/02,門別,曇,7,ルビー特別(OP)(2歳),5,4,4,1.8,1.0,4,岩橋勇二,55.0,ダ,1200.0,良,75.6,0.8,3-3,39.4,472,-8,クラプロスパー,14.0
2024101931,タルマエドン,2026/06/04,門別,曇,4,JRA認定競走アタッ(未勝利)(2歳),9,1,1,1.2,1.0,1,岩橋勇二,55.0,ダ,1100.0,良,68.5,-1.3,1-1,38.5,480,6,(スマートウェイン),150.0
2024101931,タルマエドン,2026/05/21,門別,曇,5,JRA認定競走フレッ(新馬)(2歳),9,2,2,4.0,2.0,2,岩橋勇二,55.0,ダ,1100.0,良,68.4,0.4,1-1,38.6,474,0,プライベートセクタ,84.0
2024105536,シャディアラ,2026/07/16,門別,晴,3,JRA認定競走アタッ(未勝利)(2歳),9,2,2,18.5,6.0,1,岩橋勇二,55.0,ダ,1700.0,重,112.3,-0.6,4-4-3-2,41.0,512,-4,(ライヴユアドリーム),120.0
2024105536,シャディアラ,2026/06/25,門別,曇,6,JRA認定競走フレッ(新馬)(2歳),12,5,5,67.8,8.0,3,藤田凌駕,53.0,ダ,1100.0,良,69.6,0.9,7-6,39.1,516,0,カンベイ,52.5
2024101166,カリムパッション,2026/06/18,門別,曇,5,JRA認定競走フレッ(新馬)(2歳),8,2,2,1.1,1.0,1,落合玄太,55.0,ダ,1100.0,良,68.7,-1.2,1-1,38.4,494,0,(トラデスカンティア),250.0
2020101416,マリノシュライエン,2026/07/16,門別,晴,8,3歳以上C3ー2C4,7,6,6,70.7,5.0,5,井上瑛太,55.0,ダ,1200.0,重,76.3,2.3,4-5,39.7,444,-4,サンゼントカガヤク,2.8
2020101416,マリノシュライエン,2026/06/18,門別,曇,9,日高町水道協会特別(C3),12,8,12,325.2,11.0,11,阿岸潤一,54.0,ダ,1000.0,良,63.9,2.0,11-12,38.3,448,6,スティールファイン,
2020101416,マリノシュライエン,2026/05/14,門別,曇,9,オオデマリ特別(C3),10,7,7,157.4,9.0,10,阿岸潤一,54.0,ダ,1000.0,良,64.4,2.1,9-10,38.4,442,-2,トーケンマコット,
2020101416,マリノシュライエン,2026/04/30,門別,晴,8,アマリリス特別(C3),8,3,3,128.6,6.0,6,藤田凌駕,53.0,ダ,1000.0,良,63.1,1.3,8-8,37.5,444,2,ササキンメロディ,
2020101416,マリノシュライエン,2026/04/16,門別,晴,9,ナデシコ特別(C3),11,3,3,433.7,11.0,8,阿岸潤一,54.0,ダ,1000.0,良,63.4,1.8,10-10,37.8,442,2,マイネルジーニアス,
2020101416,マリノシュライエン,2025/11/11,門別,曇,10,グランシャリオドリー(C2),15,4,7,275.2,15.0,12,亀井洋司,55.0,ダ,1200.0,稍,76.8,1.9,11-11,38.4,440,2,レイホープ,
2020101416,マリノシュライエン,2025/10/28,門別,晴,10,グランシャリオドリー(C2),12,5,6,454.0,12.0,12,松井伸也,55.0,ダ,1200.0,稍,77.9,3.5,12-12,38.8,438,10,ウインドファルクス,
2020101416,マリノシュライエン,2025/10/15,門別,晴,8,3歳以上C3ー2C4,8,7,7,185.7,8.0,3,松井伸也,55.0,ダ,1200.0,稍,76.7,1.6,7-6,38.7,428,2,リコーミカ,8.4
2020101416,マリノシュライエン,2025/10/02,門別,晴,7,3歳以上C3ー2C4,12,5,6,295.2,11.0,9,藤田凌駕,52.0,ダ,1000.0,稍,63.3,2.3,9-11,37.4,426,-4,セイルロケット,
2020101416,マリノシュライエン,2025/09/17,門別,曇,11,キンモクセイ特別(C3),12,5,5,27.4,5.0,9,石川倭,55.0,ダ,1000.0,良,64.0,2.0,12-12,37.6,430,-14,デュジャック,
2020101416,マリノシュライエン,2025/07/13,佐賀,曇,8,ヘルクレス座特選(C2),12,6,8,11.4,6.0,10,長谷川蓮,51.0,ダ,900.0,稍,56.0,1.7,8-9,36.7,444,0,マインドマイワーズ,
2020101416,マリノシュライエン,2025/06/21,佐賀,曇,5,C2ー3組,11,2,2,3.8,2.0,3,長谷川蓮,51.0,ダ,1400.0,良,93.2,1.0,3-4-2-3,42.4,444,5,コワン,7.2
2020101416,マリノシュライエン,2025/06/09,佐賀,雨,10,こぐま座特選(C2),12,5,5,15.9,5.0,7,長谷川蓮,51.0,ダ,1400.0,重,92.9,1.6,11-11-11-11,39.9,439,1,ペイシャアゲイン,
2020101416,マリノシュライエン,2025/05/24,佐賀,小雨,2,C2ー5組,9,8,8,10.3,2.0,2,長谷川蓮,51.0,ダ,1400.0,不,93.2,1.4,4-5-3-3,39.9,438,7,プリンスリターン,12.8
2020101416,マリノシュライエン,2025/05/11,佐賀,小雨,3,C2ー8組,11,8,10,6.7,2.0,2,長谷川蓮,51.0,ダ,1400.0,重,93.0,0.5,3-3-3-3,40.3,431,-2,バーミリオンクリフ,12.8
2020101416,マリノシュライエン,2025/03/22,佐賀,晴,2,C2ー9組,12,1,1,5.7,3.0,4,青海大樹,53.0,ダ,1300.0,稍,85.9,0.6,2-1-1-2,40.6,433,2,ヴィライザベル,4.8
2020101416,マリノシュライエン,2025/03/08,佐賀,晴,11,SAGAリベンジャー(C2),12,4,4,13.0,5.0,4,青海大樹,53.0,ダ,1400.0,稍,92.4,1.0,1-1-1-4,40.8,431,2,グランディス,4.8
2020101416,マリノシュライエン,2025/02/20,佐賀,晴,6,C2ー12組,12,6,7,34.8,7.0,2,青海大樹,53.0,ダ,1400.0,良,92.9,0.4,2-2-2-3,40.1,429,2,ルーンサフィール,12.8
2020101416,マリノシュライエン,2025/02/06,佐賀,雪,3,AKIさん来場記念(C2),12,3,3,21.1,10.0,2,田中直人,54.0,ダ,1400.0,重,94.2,0.1,4-3-2-2,40.9,427,-7,カシノテンダー,12.8
2020101416,マリノシュライエン,2025/01/23,佐賀,晴,6,C2ー14組,12,6,8,30.3,8.0,8,青海大樹,53.0,ダ,1400.0,良,93.9,2.1,4-5-4-10,41.9,434,-1,ルヴォンサンライズ,
2020101416,マリノシュライエン,2025/01/06,佐賀,曇,6,KYUSHUDREA(C2),12,2,2,12.1,5.0,8,青海大樹,53.0,ダ,1300.0,稍,86.5,1.1,3-3-5-9,40.5,435,-19,キセキノセンシ,
2020101416,マリノシュライエン,2024/11/07,門別,曇,5,3歳以上C2ー2?C,12,1,1,48.4,8.0,6,金山昇馬,55.0,ダ,1000.0,稍,63.2,1.3,3-5,38.7,454,0,プルミエールパス,
2020101416,マリノシュライエン,2024/10/23,門別,雨,7,3歳以上C4ー2,11,6,6,5.2,3.0,1,金山昇馬,55.0,ダ,1000.0,不,62.2,-0.1,5-6,37.9,454,2,(キタノヒコボシ),40.0
2020101416,マリノシュライエン,2024/10/09,門別,晴,5,3歳以上C4ー2,11,8,10,23.1,7.0,3,金山昇馬,55.0,ダ,1000.0,稍,62.1,0.2,2-2,37.7,452,-4,ウィリディタス,8.4
2020101416,マリノシュライエン,2024/09/24,門別,晴,9,3歳以上C4ー2,12,7,10,17.7,7.0,11,金山昇馬,55.0,ダ,1000.0,良,64.1,1.9,8-9,38.7,456,8,ルクスミッシェル,
2020101416,マリノシュライエン,2024/08/29,門別,曇,7,3歳以上C4ー2,10,2,2,5.5,3.0,7,石川倭,55.0,ダ,1200.0,稍,76.2,1.5,4-4,39.3,448,0,フィールマイウェイ,
2020101416,マリノシュライエン,2024/07/30,門別,晴,10,ムクゲ特別(C4),12,6,8,7.5,4.0,10,若杉朝飛,52.0,ダ,1000.0,重,63.7,1.6,4-9,39.0,448,2,ライメイウィザード,
2020101416,マリノシュライエン,2024/07/16,門別,晴,10,星の降る里・芦別健夏(C4),9,7,7,1.9,1.0,7,石川倭,55.0,ダ,1000.0,良,63.3,1.0,5-6,38.5,446,8,ユウノワンワン,
2020101416,マリノシュライエン,2024/06/18,門別,曇,10,秋の味覚本ししゃも特(C4),9,8,8,19.5,5.0,2,佐原秀泰,55.0,ダ,1000.0,良,62.0,0.8,2-2,38.0,438,-6,ピエールオレゴン,15.4
2020101416,マリノシュライエン,2024/05/28,門別,曇,8,ブルースター特別(C3),12,6,8,12.1,6.0,10,落合玄太,55.0,ダ,1200.0,良,78.2,2.4,4-9,41.4,444,10,フルオブプレイズ,
2020101416,マリノシュライエン,2024/05/09,門別,晴,9,3歳以上C3C4ー1,12,6,7,48.5,7.0,5,松井伸也,55.0,ダ,1000.0,稍,62.3,0.2,9-8,37.2,434,-10,コリュウカゲミツ,2.8
2020101416,マリノシュライエン,2024/04/25,門別,曇,4,3歳以上C4ー3,12,8,11,6.3,3.0,1,石川倭,55.0,ダ,1000.0,不,61.6,-0.3,6-5,37.1,444,-4,(ミスナンナ),40.0
2020101416,マリノシュライエン,2023/11/07,門別,曇,5,3歳以上C4ー2,12,5,5,12.5,5.0,4,松井伸也,54.0,ダ,1000.0,不,62.2,0.3,4-5,37.1,448,-6,チャクラバーディ,5.6
2020101416,マリノシュライエン,2023/10/26,門別,晴,7,3歳以上C4ー2,12,6,8,12.5,7.0,10,若杉朝飛,51.0,ダ,1000.0,稍,63.5,0.9,6-8,38.5,454,2,マルティネーテ,
2020101416,マリノシュライエン,2023/10/05,門別,曇,4,3歳以上C4ー3,10,6,6,19.4,5.0,3,松井伸也,54.0,ダ,1000.0,稍,62.8,1.1,3-3,38.0,452,0,ハワイアンタイム,8.4
2020101416,マリノシュライエン,2023/09/21,門別,雨,7,3歳以上C4ー3,10,7,8,11.5,4.0,9,木澤奨,51.0,ダ,1200.0,稍,77.7,2.2,7-7,39.2,452,-2,ブラックヒル,
2020101416,マリノシュライエン,2023/09/07,門別,晴,5,3歳以上C4ー3,9,1,1,5.0,3.0,6,宮内勇樹,51.0,ダ,1200.0,稍,78.7,1.7,3-2,40.7,454,6,リュミヌーフィーユ,
2020101416,マリノシュライエン,2023/08/24,門別,晴,7,3歳以上C4ー3,9,4,4,6.9,4.0,3,宮内勇樹,51.0,ダ,1200.0,良,76.2,0.5,1-1,38.4,448,12,パタパタママ,8.4
2020101416,マリノシュライエン,2023/07/10,盛岡,曇,7,3歳B2,10,7,8,2.3,1.0,3,坂口裕一,54.0,ダ,1400.0,稍,89.3,1.4,3-6,39.9,436,2,サンエントジアスタ,12.0
2020101416,マリノシュライエン,2023/06/27,盛岡,曇,11,はまなす賞(3歳),11,6,7,25.6,7.0,3,坂口裕一,54.0,芝,1600.0,良,98.3,0.2,4-4-4-2,36.0,434,-1,スノーパトロール,30.0
2020101416,マリノシュライエン,2023/06/06,水沢,晴,2,3歳60万円以下,7,5,5,1.2,1.0,2,坂口裕一,54.0,ダ,850.0,良,52.1,0.0,2-2,36.8,435,6,ニックジャガー,14.0
2020101416,マリノシュライエン,2023/05/22,盛岡,曇,4,3歳C2一組,10,8,9,2.0,1.0,1,坂口裕一,54.0,ダ,1200.0,良,74.9,-0.2,2-1,39.2,429,5,(カリーナアンジェロ),40.0
2020101416,マリノシュライエン,2023/05/08,盛岡,小雨,3,3歳C2二組,10,7,7,5.9,4.0,2,佐々木志,51.0,ダ,1200.0,不,74.0,0.5,1-1,38.1,424,8,タマモコンペイトウ,14.0
2020101416,マリノシュライエン,2023/04/08,3中山5,曇,4,3歳未勝利,16,7,14,622.1,16.0,12,小林勝太,51.0,ダ,1200.0,稍,73.9,2.1,13-13,38.3,416,-6,ワールズコライド,
2020101416,マリノシュライエン,2023/03/12,2中山6,晴,2,3歳未勝利,16,6,12,184.5,11.0,14,小林勝太,51.0,ダ,1200.0,良,74.4,2.5,11-12,38.6,422,0,ニットウバジル,
2023101746,レーザーベルン,2026/07/16,門別,晴,10,グランシャリオドリー(C3),12,5,5,9.8,4.0,9,落合玄太,57.0,ダ,1700.0,重,113.8,3.1,1-1-1-3,43.2,522.0,-4.0,カネトシエテルノ,
2023101746,レーザーベルン,2026/07/02,門別,曇,11,道産子企業北海道競馬(C3),10,4,4,3.3,3.0,6,落合玄太,57.0,ダ,1800.0,良,120.1,0.9,1-1-2-1,40.3,526.0,10.0,ブレイキンアウェイ,
2023101746,レーザーベルン,2026/06/11,門別,晴,12,北海優駿〔H1〕(重賞),11,5,5,,,取,宮内勇樹,57.0,ダ,2000.0,良,,,,,,,ゴッドバロック,
2023101746,レーザーベルン,2026/05/05,門別,曇,3,3歳以上C4ー2,9,5,5,2.9,2.0,1,石川倭,57.0,ダ,1800.0,稍,120.5,0.0,1-1-1-1,38.8,516.0,4.0,(アルバソーレ),40.0
2023101746,レーザーベルン,2026/04/22,門別,晴,7,3歳以上C4ー2,12,5,5,2.8,2.0,5,石川倭,57.0,ダ,1700.0,稍,112.8,1.1,1-1-1-1,43.2,512.0,-4.0,サラサハウナイス,2.8
2023101746,レーザーベルン,2025/11/13,門別,晴,6,JRA認定競走ウィナ(2歳),12,2,2,5.0,3.0,3,岩橋勇二,56.0,ダ,1700.0,稍,112.1,0.4,5-6-6-5,40.6,516.0,12.0,スターオブフェザー,63.0
2023101746,レーザーベルン,2025/11/03,門別,晴,11,JBC2歳優駿(JpnIII),11,6,6,630.1,11.0,10,宮内勇樹,56.0,ダ,1800.0,重,118.7,3.2,4-5-6-9,42.1,504.0,6.0,タマモフリージア,
2023101746,レーザーベルン,2025/10/07,門別,曇,4,2歳3組,9,6,6,3.6,2.0,1,石川倭,56.0,ダ,1700.0,良,113.1,0.0,1-1-1-1,41.2,498.0,-2.0,(アルバソーレ),60.0
2023101746,レーザーベルン,2025/08/28,門別,曇,3,JRA認定競走アタッ(未勝利)(2歳),8,5,5,10.9,5.0,6,石川倭,55.0,ダ,1700.0,良,113.9,1.3,2-2-2-2,41.5,500.0,0.0,タイセイスライブ,
2023101746,レーザーベルン,2025/08/13,門別,晴,4,JRA認定競走アタッ(未勝利)(2歳),9,7,7,3.0,1.0,6,落合玄太,55.0,ダ,1600.0,良,106.1,1.5,3-3-2-3,41.6,500.0,2.0,スターシップ,
2023101746,レーザーベルン,2025/07/30,門別,,3,JRA認定競走アタッ(未勝利)(2歳),0,8,9,,,,落合玄太,55.0,ダ,1700.0,,,,,,,,,
2023101746,レーザーベルン,2025/07/16,門別,曇,3,JRA認定競走アタッ(未勝利)(2歳),8,6,6,3.8,3.0,2,落合玄太,55.0,ダ,1600.0,稍,106.8,1.4,1-1-1-2,42.1,498.0,2.0,ミリオンクラウン,33.6
2023101746,レーザーベルン,2025/06/25,門別,晴,1,門別温泉とねっこの湯(未勝利)(2歳),10,5,5,5.2,4.0,1,落合玄太,55.0,ダ,1500.0,良,98.5,-1.5,2-1-1-1,40.3,496.0,2.0,(マーロウ),50.0
2023101746,レーザーベルン,2025/05/21,門別,晴,3,JRA認定競走アタッ(未勝利)(2歳),10,8,10,16.5,5.0,4,石川倭,55.0,ダ,1200.0,良,76.0,0.5,7-5,38.5,494.0,6.0,テンエックス,21.0
2023101746,レーザーベルン,2025/04/24,門別,晴,5,JRA認定競走フレッ(新馬)(2歳),5,6,6,3.7,2.0,5,落合玄太,55.0,ダ,1100.0,重,70.0,2.7,5-5,39.3,488.0,0.0,ゴッドバロック,21.0
2023104367,ヤマニンエラマ,2026/07/16,門別,晴,10,グランシャリオドリー(C3),12,8,11,4.9,3.0,6,宮内勇樹,57.0,ダ,1700.0,重,112.1,1.4,4-4-4-3,41.1,494,0,カネトシエテルノ,
2023104367,ヤマニンエラマ,2026/06/24,門別,晴,11,ヤマボウシ特別(C3),8,5,5,3.6,2.0,3,宮内勇樹,57.0,ダ,1200.0,良,75.5,1.0,3-3,38.6,494,-2,スターオブムーラン,11.6
2023104367,ヤマニンエラマ,2026/06/11,門別,晴,8,3歳以上C4ー2,8,4,4,1.6,1.0,1,宮内勇樹,57.0,ダ,1200.0,良,74.8,-0.4,3-3,38.3,496,2,(ベリープラウド),40.0
2023104367,ヤマニンエラマ,2026/05/28,門別,雨,7,ONーAIRDO賞(C4),11,5,5,3.7,2.0,2,宮内勇樹,57.0,ダ,1200.0,稍,75.4,0.4,7-3,38.6,494,4,アオノセカイ,11.2
2023104367,ヤマニンエラマ,2026/04/26,3京都2,晴,2,3歳未勝利,15,6,11,120.2,9.0,10,川端海翼,54.0,ダ,1800.0,良,116.8,2.3,13-13-9-8,40.1,490,12,テイエムスターラン,
2023104367,ヤマニンエラマ,2026/02/28,1阪神3,晴,4,3歳未勝利,14,4,6,338.6,13.0,6,酒井学,57.0,ダ,1800.0,良,117.0,1.3,12-11-9-9,39.3,478,-4,テーオーカイザー,
2023104367,ヤマニンエラマ,2026/02/14,2京都5,晴,5,3歳新馬,14,7,14,43.1,9.0,9,酒井学,57.0,ダ,1800.0,稍,120.2,4.9,12-12-13-11,41.6,482,0,リアンドゥクール,
2022100118,スイートキャンディ,2026/07/15,門別,曇,8,水揚日本一苫小牧産ホ(C3),9,8,8,43.3,8.0,6.0,宮内勇樹,55.0,ダ,1500.0,稍,99.0,0.8,6-8-8-7,39.5,484.0,-4.0,ヤマニントゥルシー,
2022100118,スイートキャンディ,2026/07/01,門別,晴,7,大人になった内藤耀悠(C3),8,4,4,22.6,5.0,4.0,落合玄太,55.0,ダ,1600.0,良,105.6,1.4,6-7-7-4,40.2,488.0,8.0,アルバソーレ,5.6
2022100118,スイートキャンディ,2026/06/18,門別,曇,7,日高町商工会賞(C3),12,8,12,39.7,5.0,6.0,落合玄太,55.0,ダ,1700.0,良,113.4,1.8,7-7-7-6,39.3,480.0,0.0,スキャボロフェアー,
2022100118,スイートキャンディ,2026/05/21,門別,曇,12,ステラヴェローチェ賞(C3),0,6,7,,,,落合玄太,55.0,ダ,1700.0,良,,,,,476.0,-4.0,,
2022100118,スイートキャンディ,2026/05/06,門別,晴,7,3歳以上C3ー2C4,11,1,1,73.0,9.0,3.0,阿部龍,55.0,ダ,1800.0,良,120.0,0.2,5-6-4-4,38.9,480.0,-2.0,シルバーミラージュ,8.4
2022100118,スイートキャンディ,2026/04/23,門別,晴,10,グランシャリオドリー(C3),12,5,6,28.7,6.0,5.0,桑村真明,55.0,ダ,1200.0,稍,76.5,0.4,8-7,38.7,482.0,-6.0,トゥスイート,3.8
2022100118,スイートキャンディ,2025/10/29,門別,晴,12,ネリネ特別(C2),11,6,7,53.3,9.0,8.0,宮内勇樹,55.0,ダ,1700.0,稍,112.9,1.7,9-9-7-7,41.9,488.0,2.0,クラウンアールシー,
2022100118,スイートキャンディ,2025/10/15,門別,晴,11,ブッドレア特別(C2),10,4,4,96.5,9.0,6.0,松井伸也,55.0,ダ,1800.0,稍,120.7,1.7,8-8-7-5,39.2,486.0,-6.0,ブレスドナイル,
2022100118,スイートキャンディ,2025/10/09,門別,晴,12,グランシャリオクイー(重賞),9,8,9,53.1,6.0,7.0,藤田凌駕,51.0,ダ,1700.0,良,112.9,3.3,9-9-9-9,38.7,492.0,6.0,ゼロアワー,
2022100118,スイートキャンディ,2025/09/11,門別,曇,7,ランタナ特別(C3),9,4,4,1.8,1.0,1.0,落合玄太,55.0,ダ,1600.0,良,105.7,-0.5,8-8-4-2,40.7,486.0,8.0,(ダバイカンティーク),55.0
2022100118,スイートキャンディ,2025/08/13,門別,晴,8,3歳以上C4ー3,12,7,9,6.3,3.0,1.0,小野楓馬,55.0,ダ,1600.0,良,106.3,0.0,9-9-7-1,40.3,478.0,0.0,(アンノウンヒーロー),40.0
2022100118,スイートキャンディ,2025/07/30,門別,,8,ホクレンSS賞(C4),0,8,11,,,,落合玄太,55.0,ダ,1700.0,,,,,,,,,
2022100118,スイートキャンディ,2025/07/03,門別,晴,8,3歳以上C4ー3,12,1,1,25.8,5.0,6.0,落合玄太,55.0,ダ,1200.0,稍,76.1,1.7,12-10,39.0,478.0,-4.0,ナユタ,
2022100118,スイートキャンディ,2025/06/19,門別,晴,2,3歳以上C4ー3,13,6,9,48.4,11.0,7.0,黒澤愛斗,55.0,ダ,1200.0,良,76.0,0.7,12-9,38.2,482.0,12.0,ラストカノン,
2022100118,スイートキャンディ,2025/05/27,門別,晴,3,3歳条件未勝利(未勝利),11,6,6,5.4,3.0,1.0,落合玄太,55.0,ダ,1200.0,稍,76.3,-0.2,7-7,38.4,470.0,0.0,(ミライヘホウショウ),50.0
2022100118,スイートキャンディ,2025/05/21,門別,晴,1,3歳条件未勝利(未勝利),12,6,8,6.8,3.0,4.0,宮内勇樹,55.0,ダ,1200.0,良,77.3,1.4,3-2,41.2,470.0,0.0,ニンリル,7.0
2022100118,スイートキャンディ,2025/05/08,門別,晴,1,3歳条件未勝利(未勝利),14,7,11,25.7,5.0,3.0,宮内勇樹,55.0,ダ,1200.0,良,76.6,0.2,12-7,38.8,470.0,10.0,リュウワンメリー,10.5
2022100118,スイートキャンディ,2025/04/23,門別,曇,1,3歳条件未勝利(未勝利),12,3,3,49.4,8.0,4.0,宮内勇樹,55.0,ダ,1000.0,重,62.7,0.9,8-6,37.3,460.0,-10.0,ササキントモジロウ,7.0
2022100118,スイートキャンディ,2024/10/31,門別,晴,1,2歳未勝利(未勝利),11,3,3,2.6,1.0,5.0,宮内勇樹,54.0,ダ,1000.0,良,64.1,0.6,8-8,37.7,470.0,-6.0,マジェスティカル,3.5
2022100118,スイートキャンディ,2024/10/22,門別,曇,3,2歳牝馬未勝利(未勝利),8,8,8,10.2,4.0,7.0,落合玄太,55.0,ダ,1100.0,稍,70.4,1.5,5-2,40.1,476.0,-6.0,エイシンラセーヌ,
2022100118,スイートキャンディ,2024/10/02,門別,曇,3,懐かしの鉄道空間日高(未勝利)(2歳),12,7,10,15.6,5.0,9.0,落合玄太,55.0,ダ,1200.0,良,76.9,1.9,9-11,38.9,482.0,8.0,ツィードリヴァ,
2022100118,スイートキャンディ,2024/09/25,門別,晴,2,2歳未勝利(未勝利),11,6,7,12.3,4.0,3.0,落合玄太,55.0,ダ,1000.0,良,63.7,0.7,9-6,38.3,474.0,6.0,エイリーク,10.5
2022100118,スイートキャンディ,2024/09/03,門別,晴,3,安平町道の駅賞(未勝利)(2歳),11,6,7,12.0,2.0,4.0,服部茂史,55.0,ダ,1000.0,良,63.2,1.2,7-6,37.4,468.0,0.0,スイレンチャン,7.0
2022100118,スイートキャンディ,2024/08/20,門別,曇,1,2歳未勝利(未勝利),11,3,3,58.8,6.0,4.0,落合玄太,55.0,ダ,1000.0,重,62.7,1.2,8-8,36.7,468.0,4.0,タイセイアキュート,7.0
2022100118,スイートキャンディ,2024/07/31,門別,曇,5,JRA認定競走フレッ(新馬)(2歳),8,8,8,128.0,8.0,8.0,宮内勇樹,54.0,ダ,1000.0,稍,64.2,2.4,7-7,37.6,464.0,0.0,クリスタルケイブ,
2021101193,ウフフトルンナ,2026/07/16,門別,晴,8,3歳以上C3ー2C4,7,4,4,2.8,2.0,3,小野楓馬,55.0,ダ,1200.0,重,75.2,1.2,3-3,39.2,538.0,-14.0,サンゼントカガヤク,8.4
2021101193,ウフフトルンナ,2026/07/02,門別,曇,9,3歳以上C3ー2C4,8,3,3,1.4,1.0,7,小野楓馬,55.0,ダ,1200.0,良,76.2,0.5,4-4,39.3,552.0,5.0,サラサソフトタッチ,
2021101193,ウフフトルンナ,2026/05/24,佐賀,曇,10,KYUSHUDREA(C1),11,6,7,1.0,1.0,1,山口勲,54.0,ダ,1400.0,良,90.2,-0.9,2-2-1-1,38.7,547.0,13.0,(カズヴィトシャ),50.0
2021101193,ウフフトルンナ,2025/11/01,佐賀,晴,6,C2ー4組,9,8,8,1.1,1.0,1,山口勲,54.0,ダ,1300.0,良,83.8,-1.0,1-1-1-1,37.5,534.0,1.0,(アウストラリス),40.0
2021101193,ウフフトルンナ,2025/10/05,佐賀,曇,7,UMATENA賞(C2),11,8,10,1.1,1.0,1,山口勲,54.0,ダ,1400.0,重,89.5,-1.2,2-2-1-1,38.7,533.0,-10.0,(エイシンダズル),40.0
2021101193,ウフフトルンナ,2025/09/14,佐賀,曇,5,C2ー17組,12,7,10,1.3,1.0,1,山口勲,54.0,ダ,1300.0,不,82.6,-0.7,3-2-1-1,38.7,543.0,2.0,(マニーシーン),40.0
2021101193,ウフフトルンナ,2025/09/04,佐賀,曇,2,UMATENA賞(C2),9,3,3,,,取,山口勲,54.0,ダ,1300.0,良,,,,,,,エンジェルスター,
2021101193,ウフフトルンナ,2025/08/09,佐賀,雨,3,C2ー25組,11,1,1,1.4,1.0,1,山口勲,54.0,ダ,1400.0,不,89.0,-3.3,1-1-1-1,38.1,541.0,17.0,(ジュエリーオブラヴ),40.0
2021101193,ウフフトルンナ,2025/06/29,2小倉2,晴,9,青島特別(1勝クラス),8,7,7,184.3,8.0,8,国分優作,56.0,芝,1800.0,良,109.1,1.6,7-7-8-7,36.1,524.0,2.0,レディーミコノス,
2021101193,ウフフトルンナ,2025/06/22,3阪神6,晴,7,3歳以上1勝クラス,9,7,7,134.3,7.0,8,国分優作,56.0,芝,2000.0,良,123.7,2.6,5-5-5-5,38.0,522.0,-9.0,オデット,
2021101193,ウフフトルンナ,2025/06/05,名古屋,晴,10,名古屋CCネプチュー(A),12,7,9,21.3,8.0,11,今井貴大,55.0,ダ,1500.0,稍,100.3,6.0,5-6-11,45.0,531.0,-1.0,インジケーター,
2021101193,ウフフトルンナ,2025/02/02,1京都2,曇,12,4歳以上1勝クラス,17,3,6,278.2,17.0,15,国分優作,56.0,芝,1400.0,稍,85.1,2.1,16-15,35.4,532.0,-2.0,フライングブレード,
2021101193,ウフフトルンナ,2025/01/19,1中京7,晴,8,4歳以上1勝クラス,16,2,3,273.2,15.0,15,国分優作,55.0,ダ,1400.0,良,86.8,2.0,7-6,39.0,534.0,22.0,テーオードラッカー,
2021101193,ウフフトルンナ,2024/05/05,3京都6,晴,6,3歳1勝クラス,16,7,13,490.7,16.0,14,古川吉洋,55.0,ダ,1800.0,良,116.3,3.4,13-13-13-13,39.6,512.0,0.0,アンデスビエント,
2021101193,ウフフトルンナ,2024/04/14,2阪神8,晴,5,3歳1勝クラス,15,8,14,320.9,15.0,13,国分優作,55.0,ダ,1800.0,良,116.5,3.2,9-10-8-8,41.2,512.0,-1.0,テーオールビー,
2021101193,ウフフトルンナ,2024/03/13,名古屋,晴,9,名古屋CCオレンジ賞(3歳),12,3,3,10.6,5.0,1,西塚洸二,52.0,ダ,1500.0,重,96.3,-0.8,1-1-1,38.7,513.0,-1.0,(ダンジュカリユシ),110.0
2021101193,ウフフトルンナ,2023/12/16,5阪神5,曇,2,2歳未勝利,13,6,8,387.0,12.0,6,国分優作,55.0,ダ,1800.0,稍,117.4,2.0,8-8-7-7,39.9,514.0,2.0,ヴィアダクト,
2021101193,ウフフトルンナ,2023/11/26,3京都8,晴,4,2歳新馬,15,7,12,209.4,15.0,8,国分優作,55.0,ダ,1800.0,良,117.5,2.6,11-11-9-9,40.0,512.0,0.0,マッシャーブルム,
2022105980,シンデレラダッシュ,2025/05/04,1新潟2,曇,1,3歳未勝利,16,4,8,7.4,5.0,3,小沢大仁,55.0,芝,1800.0,稍,108.6,0.3,10-10,35.9,438,-4,ミッドタウンナイト,140.0
2022105980,シンデレラダッシュ,2025/02/22,1東京7,曇,5,3歳未勝利,18,3,6,29.0,6.0,8,大野拓弥,55.0,芝,2400.0,良,149.6,1.1,13-14-12-8,35.5,442,0,ダノンピクチャー,
2022105980,シンデレラダッシュ,2025/02/01,1東京1,晴,6,3歳未勝利,16,4,8,47.2,9.0,10,原優介,54.0,芝,1800.0,良,109.8,0.6,10-11-10,33.7,442,6,タイセイプランセス,
2022105980,シンデレラダッシュ,2024/11/09,5東京3,晴,3,2歳未勝利,12,4,4,10.6,5.0,8,マーカン,55.0,芝,2000.0,良,123.5,1.0,8-7-7,34.6,436,-2,リアンベーレ,
2022105980,シンデレラダッシュ,2024/10/13,4東京3,晴,3,2歳未勝利,9,8,9,42.8,7.0,4,原優介,54.0,芝,1800.0,良,108.3,0.3,6-7-7,34.1,438,10,カラマティアノス,83.0
2022105980,シンデレラダッシュ,2024/09/15,4中山4,晴,5,2歳新馬,16,5,9,14.2,5.0,8,津村明秀,55.0,芝,1600.0,良,96.7,1.5,16-13-13,35.0,428,0,レイユール,
2023100827,ブルーコスモス,2026/06/25,門別,曇,12,フロイラインカップ〔(重賞),12,8,11,13.9,4.0,12.0,望月洵輝,55.0,ダ,1700.0,良,116.9,5.3,1-1-1-1,48.7,456,8,ウィルラウス,
2023100827,ブルーコスモス,2026/06/04,門別,曇,10,グランシャリオドリー(C3),12,1,1,15.8,5.0,3.0,阿部龍,55.0,ダ,1800.0,良,119.2,1.3,1-1-1-1,40.7,448,4,メイショウハリソン,11.6
2023100827,ブルーコスモス,2026/05/21,門別,曇,12,ステラヴェローチェ賞(C3),0,4,4,,,,阿部龍,55.0,ダ,1700.0,良,,,,,454,10,,
2023100827,ブルーコスモス,2026/04/23,門別,晴,7,3歳以上C3ー2C4,11,7,9,4.0,2.0,9.0,阿部龍,55.0,ダ,1700.0,稍,114.5,2.4,1-1-1-1,44.3,444,-17,ゲームアップロード,
2023100827,ブルーコスモス,2026/03/25,名古屋,雨,8,沓掛特別(3歳),10,4,4,1.8,1.0,4.0,望月洵輝,55.0,ダ,1500.0,重,98.0,1.4,1-1-1,42.5,461,3,エイシンイーピン,13.5
2023100827,ブルーコスモス,2026/01/28,名古屋,晴,11,梅桜賞(OP)(3歳),11,4,4,17.5,6.0,1.0,望月洵輝,55.0,ダ,1700.0,良,110.9,-0.1,1-1-1,39.9,458,-2,(カトレアノクターン),220.0
2023100827,ブルーコスモス,2026/01/21,笠松,晴,9,綿帽子特別(3歳),10,7,7,3.6,3.0,2.0,望月洵輝,55.0,ダ,1400.0,良,91.9,0.2,1-1-1,41.4,460,1,ゴーゴークロア,28.0
2023100827,ブルーコスモス,2026/01/04,名古屋,晴,10,梅花特別(3歳),11,6,7,13.0,6.0,11.0,村上弘樹,55.0,ダ,1400.0,良,93.4,3.9,2-1-4,42.8,459,5,リトルリリイ,
2023100827,ブルーコスモス,2025/12/10,名古屋,晴,11,ゴールドウィング賞(重賞),11,3,3,54.5,7.0,11.0,阿部龍,55.0,ダ,1700.0,良,116.0,6.7,1-2-8,46.5,454,-2,アストラビアンコ,
2023100827,ブルーコスモス,2025/11/21,名古屋,晴,9,2歳特別,10,4,4,4.3,2.0,3.0,望月洵輝,55.0,ダ,1500.0,良,97.2,1.4,1-2-2,40.3,456,-6,アストラビアンコ,20.0
2023100827,ブルーコスモス,2025/11/05,門別,晴,10,グランシャリオドリー(OP)(2歳),12,3,3,6.4,3.0,8.0,阿部龍,55.0,ダ,1000.0,稍,62.8,1.4,1-1,39.2,462,-4,エイシンミラーミ,
2023100827,ブルーコスモス,2025/10/16,門別,曇,8,JRA認定競走ウィナ(OP)(2歳),12,4,4,20.3,7.0,8.0,阿部龍,55.0,ダ,1200.0,稍,76.2,0.9,1-1,40.8,466,0,アラモ,
2023100827,ブルーコスモス,2025/09/23,門別,晴,7,クラブコンサドーレ特(OP)(2歳),7,7,7,5.9,3.0,5.0,阿部龍,55.0,ダ,1600.0,稍,106.1,0.7,1-1-1-2,40.9,466,6,ティーズアライト,7.0
2023100827,ブルーコスモス,2025/08/20,門別,曇,12,フルールカップ〔H3(重賞),12,3,3,22.3,5.0,12.0,吉村智洋,55.0,ダ,1200.0,重,78.1,5.0,1-4,43.4,460,2,リュウノフライト,
2023100827,ブルーコスモス,2025/07/01,門別,晴,8,レバンガ北海道新シー(OP)(2歳),9,8,9,2.1,1.0,5.0,阿部龍,55.0,ダ,1200.0,良,75.7,0.8,7-8,39.3,458,-2,ベラジオエンペラー,7.0
2023100827,ブルーコスモス,2025/05/22,門別,曇,4,JRA認定競走フレッ(新馬)(2歳),12,3,3,2.6,2.0,1.0,阿部龍,55.0,ダ,1000.0,良,61.2,-1.5,1-1,37.2,460,0,(プレスリー),300.0
2021104890,ロンギングドルチェ,2026/07/15,門別,曇,8,水揚日本一苫小牧産ホ(C3),9,4,4,20.4,6.0,5,阿部龍,55.0,ダ,1500.0,稍,98.9,0.7,2-2-2-3,40.5,496,2,ヤマニントゥルシー,2.8
2021104890,ロンギングドルチェ,2026/06/30,門別,晴,10,グランシャリオドリー(C4),12,1,1,3.2,1.0,1,阿部龍,55.0,ダ,1500.0,良,98.9,-0.1,5-5-2-3,41.7,494,-10,(キングズロア),55.0
2021104890,ロンギングドルチェ,2026/06/17,門別,曇,9,日高サラブレッドサブ(C4),12,4,4,12.3,5.0,2,阿部龍,55.0,ダ,1600.0,良,106.2,1.0,6-6-1-2,41.2,504,0,ウィルミスチヴァス,15.4
2021104890,ロンギングドルチェ,2026/06/03,門別,曇,9,ゲラニウム特別(C4),12,7,10,19.1,5.0,4,阿部龍,55.0,ダ,1500.0,良,99.2,1.7,3-3-3-3,42.1,504,2,アルバソーレ,7.7
2021104890,ロンギングドルチェ,2026/05/14,門別,曇,7,3歳以上C4ー2,13,8,13,16.1,5.0,5,阿部龍,55.0,ダ,1200.0,良,75.6,0.8,3-4,39.4,502,-14,コココーハク,2.8
2021104890,ロンギングドルチェ,2026/04/30,門別,晴,6,3歳以上C4ー2,13,5,6,20.6,6.0,4,阿部龍,55.0,ダ,1200.0,良,75.9,0.4,4-2,38.9,516,-4,トニーオーシャンズ,5.6
2021104890,ロンギングドルチェ,2026/04/16,門別,晴,5,3歳以上C4ー2,14,5,7,12.5,5.0,5,亀井洋司,55.0,ダ,1200.0,良,76.1,1.4,6-4,39.2,520,16,ヴァーチェ,2.8
2021104890,ロンギングドルチェ,2025/11/06,門別,曇,6,3歳以上C3ー2C4,10,4,4,4.4,2.0,2,亀井洋司,55.0,ダ,1200.0,稍,75.9,0.4,1-1,39.5,504,2,リュウノマジシャン,11.2
2021104890,ロンギングドルチェ,2025/10/21,門別,曇,9,3歳以上C4ー2,10,6,6,3.7,2.0,2,亀井洋司,55.0,ダ,1200.0,稍,75.9,0.2,2-1,39.2,502,-10,リックトメンマ,11.2
2021104890,ロンギングドルチェ,2025/09/23,門別,晴,8,松山光プロジェクト特(C4),8,8,9,11.6,4.0,4,亀井洋司,55.0,ダ,1000.0,稍,63.1,1.2,7-5,37.6,512,-4,カーヌスティ,7.7
2021104890,ロンギングドルチェ,2025/08/26,門別,曇,7,JAにいかっぷピーマ(C4),12,4,4,8.5,5.0,4,亀井洋司,55.0,ダ,1000.0,良,63.4,0.3,9-8,38.2,516,28,カナデルエア,5.6
2021104890,ロンギングドルチェ,2025/02/15,1東京5,晴,9,箱根特別(2勝クラス),11,6,6,84.6,9.0,11,木幡初也,50.0,芝,2400.0,良,149.1,4.1,1-1-2-4,38.1,488,4,シャイニングソード,
2021104890,ロンギングドルチェ,2024/10/20,4新潟6,晴,7,3歳以上1勝クラス,15,2,2,40.6,10.0,6,木幡初也,54.0,芝,2000.0,良,121.2,0.9,14-13,34.2,484,0,ピクシレーション,
2021104890,ロンギングドルチェ,2024/07/06,2福島3,曇,4,3歳未勝利,16,7,14,3.0,1.0,10,石橋脩,55.0,芝,2000.0,良,122.6,1.3,9-9-9-10,35.8,484,14,シンハナーダ,
2021104890,ロンギングドルチェ,2023/12/16,5中山5,晴,5,2歳新馬,18,4,8,25.1,6.0,3,横山和生,55.0,芝,2000.0,良,121.3,0.2,5-5-4-4,35.3,470,0,ターコイズフリンジ,180.0
2022102990,ベイストラトラ,2026/07/14,門別,曇,10,グランシャリオドリー(C4),9,6,6,10.8,5.0,1,小野楓馬,57.0,ダ,1600.0,重,105.7,-0.2,1-1-1-1,41.6,510,6,(キングズロア),55.0
2022102990,ベイストラトラ,2026/06/30,門別,晴,9,アヤメ特別(C4),9,1,1,9.9,4.0,7,小野楓馬,57.0,ダ,1700.0,良,114.7,2.3,2-2-1-1,43.4,504,0,バッハ,
2022102990,ベイストラトラ,2026/06/17,門別,曇,9,日高サラブレッドサブ(C4),12,6,7,5.9,2.0,7,近藤翔月,56.0,ダ,1600.0,良,107.0,1.8,2-2-4-5,41.6,504,-2,ウィルミスチヴァス,
2022102990,ベイストラトラ,2026/06/03,門別,曇,10,グランシャリオドリー(C4),12,7,9,3.7,2.0,4,近藤翔月,56.0,ダ,1700.0,良,112.8,0.7,1-1-1-1,39.6,506,0,ブレイキンアウェイ,7.7
2022102990,ベイストラトラ,2026/05/14,門別,曇,7,3歳以上C4ー2,13,4,5,16.8,6.0,8,近藤翔月,56.0,ダ,1200.0,良,76.6,1.8,3-7,40.3,506,-4,コココーハク,
2022102990,ベイストラトラ,2026/04/24,名古屋,曇,9,B10組,12,6,7,9.2,2.0,10,柿原翔,57.0,ダ,1500.0,重,97.8,2.9,3-3-4,41.4,510,-2,トゥーナフォーティ,
2022102990,ベイストラトラ,2026/04/13,名古屋,曇,12,B12組,11,5,5,2.7,1.0,5,柿原翔,57.0,ダ,1700.0,良,112.3,0.6,1-1-1,39.7,512,10,リヴァスピナー,7.0
2022102990,ベイストラトラ,2026/03/13,名古屋,曇,9,泰明町特別(C),10,2,2,2.8,1.0,3,柿原翔,57.0,ダ,1700.0,良,112.0,0.6,1-1-1,39.6,502,1,イノセンス,17.0
2022102990,ベイストラトラ,2026/02/27,名古屋,曇,5,C8組,11,2,2,2.3,2.0,1,柿原翔,57.0,ダ,1500.0,重,97.3,-0.1,1-1-1,39.0,501,5,(アイファージェット),55.0
2022102990,ベイストラトラ,2026/02/12,名古屋,晴,1,C11組,12,2,2,7.5,3.0,2,柿原翔,57.0,ダ,1400.0,重,91.2,0.0,1-1-1,40.0,496,8,ヴィルナタール,19.3
2022102990,ベイストラトラ,2025/07/01,金沢,曇,8,アルマンディンガーネ(3歳),12,7,9,1.6,1.0,1,中島龍也,57.0,ダ,1500.0,良,97.2,-0.4,2-2-1-1,41.1,488,-3,(ライトニングラン),45.0
2022102990,ベイストラトラ,2025/06/17,金沢,晴,3,3歳B5,11,7,9,4.4,3.0,1,中島龍也,57.0,ダ,1400.0,良,88.8,-1.4,2-2-1-1,38.0,491,0,(グレイグアン),43.0
2022102990,ベイストラトラ,2025/06/03,金沢,雨,2,3歳B5,10,5,5,1.9,1.0,3,加藤翔馬,57.0,ダ,1400.0,不,90.3,0.2,7-7-6-5,38.4,491,3,ゴルティス,6.8
2022102990,ベイストラトラ,2025/04/27,2京都2,晴,3,3歳未勝利,18,6,12,15.9,5.0,17,Ｍ．デム,57.0,芝,1600.0,良,96.7,2.4,8-9,37.5,488,16,シャインベック,
2022102990,ベイストラトラ,2025/03/02,1阪神2,小雨,6,3歳未勝利,16,5,10,30.7,8.0,12,富田暁,57.0,芝,2000.0,良,122.9,1.8,2-2-2-2,37.1,472,-4,ジョイエッロ,
2022102990,ベイストラトラ,2025/02/10,1京都3,晴,1,3歳未勝利,12,1,1,20.3,5.0,6,高杉吏麒,56.0,ダ,1800.0,良,117.3,2.8,10-10-8-6,40.5,476,-2,スーパージョック,
2022102990,ベイストラトラ,2025/01/26,1中京9,晴,6,3歳未勝利,16,6,11,43.5,11.0,11,田口貫太,56.0,芝,2200.0,良,137.3,1.8,6-5-7-7,36.9,478,-6,ビゾー,
2022102990,ベイストラトラ,2024/12/28,7京都9,晴,5,2歳新馬,16,4,7,4.5,2.0,7,菱田裕二,56.0,芝,2000.0,良,124.5,1.3,4-2-1-1,36.9,484,0,ムーンライトラガー,
2022107219,ビッグバンドビート,2026/07/08,門別,曇,11,アポイ岳世界ジオパー(C3),9,1,1,32.9,8.0,5,岩橋勇二,57.0,ダ,1200.0,良,75.8,1.0,5-5,38.8,488,-13,タイセイサージ,3.8
2022107219,ビッグバンドビート,2026/05/30,高知,晴,2,C3ー4,8,4,4,30.5,4.0,6,山田義貴,57.0,ダ,1300.0,稍,86.5,2.8,5-6-6-5,40.6,501,-5,メイショウフジタカ,
2022107219,ビッグバンドビート,2026/05/16,高知,晴,2,C3ー5,10,7,7,15.2,4.0,4,阿部基嗣,55.0,ダ,1400.0,良,96.2,0.9,5-5-5-5,41.5,506,-3,メイショウホウセン,12.0
2022107219,ビッグバンドビート,2026/05/02,高知,晴,1,C3ー6,9,8,8,4.6,2.0,4,郷間勇太,57.0,ダ,1600.0,重,109.5,1.3,3-3-1-3,41.0,509,0,メイショウハマギク,12.0
2022107219,ビッグバンドビート,2026/04/11,高知,晴,8,C3ー7,11,7,9,3.0,2.0,4,近藤翔月,56.0,ダ,1300.0,不,84.4,1.0,4-4-4-4,39.5,509,3,コノヨルヲトメテヨ,12.0
2022107219,ビッグバンドビート,2026/03/25,高知,雨,10,ファイナルレース(C3),12,6,8,2.8,1.0,1,近藤翔月,56.0,ダ,1300.0,不,82.2,-0.6,1-1-1-1,38.4,506,0,(チークタイム),60.0
2022107219,ビッグバンドビート,2026/03/18,高知,雨,3,C3ー6,9,1,1,2.5,2.0,5,近藤翔月,56.0,ダ,1400.0,重,95.6,0.7,5-5-6-6,41.7,506,-3,ピンゾロ,6.0
2022107219,ビッグバンドビート,2026/03/03,高知,曇,2,C3ー8,9,8,9,12.6,4.0,3,近藤翔月,56.0,ダ,1300.0,不,83.5,2.0,2-2-3-3,38.6,509,-5,デバッグ,15.0
2022107219,ビッグバンドビート,2026/02/17,高知,晴,9,ファイナルレース(C3),11,6,7,6.4,4.0,2,近藤翔月,56.0,ダ,1600.0,稍,109.9,0.0,1-1-1-1,41.3,514,4,エースオーディン,24.0
2022107219,ビッグバンドビート,2026/02/03,高知,晴,2,C3ー8,10,2,2,4.8,3.0,6,近藤翔月,55.0,ダ,1400.0,良,93.2,1.7,5-5-5-5,39.8,510,-2,ギンガエクスプレス,
2022107219,ビッグバンドビート,2026/01/20,高知,晴,2,全日本新人王争覇戦第(C3),12,5,6,9.4,6.0,8,木間塚龍,57.0,ダ,1400.0,良,95.3,1.5,12-11-10-9,41.5,512,3,ムタビリス,
2022107219,ビッグバンドビート,2026/01/01,高知,晴,3,C3ー13,8,2,2,4.7,2.0,3,近藤翔月,55.0,ダ,1300.0,良,86.8,1.8,5-5-5-4,40.0,509,0,コスモルーテウス,15.0
2022107219,ビッグバンドビート,2025/12/21,高知,曇,4,宗石調教師お疲れ様特(C3),11,6,6,1.8,1.0,6,近藤翔月,55.0,ダ,1400.0,重,93.7,2.4,7-7-8-5,40.7,509,-2,スリーローズマリー,
2022107219,ビッグバンドビート,2025/12/07,高知,晴,1,C3ー18,10,7,8,1.4,1.0,1,近藤翔月,55.0,ダ,1300.0,良,85.9,-1.6,1-1-1-1,39.2,511,-1,(リライトヒストリー),60.0
2022107219,ビッグバンドビート,2025/11/24,高知,曇,2,C3ー20,8,4,4,12.9,4.0,3,近藤翔月,55.0,ダ,1600.0,良,109.1,1.0,3-3-3-3,42.2,512,14,テーオーシリウス,15.0
2022107219,ビッグバンドビート,2025/10/17,園田,晴,5,狩野恵輔☆来場記念C(C2),12,1,1,84.4,6.0,9,吉村智洋,57.0,ダ,1230.0,良,82.4,1.6,9-9-8-7,40.8,498,2,ギャラン,
2022107219,ビッグバンドビート,2025/09/26,園田,曇,9,C2一,10,4,4,9.0,4.0,8,吉村智洋,56.0,ダ,1400.0,稍,94.4,3.1,5-5-4-6,42.1,496,4,ホウオウヌーヴォー,
2022107219,ビッグバンドビート,2025/08/16,3中京7,晴,5,3歳未勝利,16,2,4,249.5,14.0,12,松若風馬,57.0,ダ,1400.0,良,86.8,1.8,14-14,37.8,492,-4,ワンウェイトゥヘル,
2022107219,ビッグバンドビート,2025/06/15,3阪神4,曇,2,3歳未勝利,14,3,4,176.8,12.0,9,幸英明,57.0,ダ,1800.0,不,115.8,4.2,10-10-10-9,39.6,496,-6,メイショウヤシマ,
2022107219,ビッグバンドビート,2025/05/31,2京都11,曇,3,3歳未勝利,15,6,11,116.9,10.0,13,吉村誠之,56.0,ダ,1800.0,良,117.0,3.5,13-13-12-12,40.0,502,0,カンピドリオ,
2022107304,エムピーフリップ,2026/07/15,門別,曇,11,夏秋どりいちごすずあ(C3),10,1,1,70.2,8.0,7,井上瑛太,57.0,ダ,1000.0,稍,63.6,1.4,9-8,38.2,462.0,2.0,ラグナキリア,
2022107304,エムピーフリップ,2026/07/01,門別,晴,11,レジェンド・折茂社長(C3),9,4,4,43.1,6.0,4,井上瑛太,57.0,ダ,1000.0,良,63.1,1.2,7-7,37.9,460.0,-4.0,ノアルパフェ,7.7
2022107304,エムピーフリップ,2026/06/04,門別,曇,9,骨密度ならMBP賞(C3),12,4,4,91.7,6.0,7,渡辺準己,54.0,ダ,1200.0,良,76.3,1.6,7-6,38.5,464.0,2.0,スティルアローン,
2022107304,エムピーフリップ,2026/05/21,門別,曇,9,ヒナゲシ特別(C3),9,5,5,168.0,9.0,4,渡辺準己,54.0,ダ,1200.0,良,76.1,1.6,7-6,38.1,462.0,10.0,クレーバーベン,7.7
2022107304,エムピーフリップ,2026/05/06,門別,晴,10,グランシャリオドリー(C3),14,4,5,303.8,11.0,11,渡辺準己,54.0,ダ,1200.0,良,77.0,3.0,7-8,40.0,452.0,6.0,ヴァーチェ,
2022107304,エムピーフリップ,2026/04/23,門別,晴,9,ミズバショウ特別(C3),11,6,7,36.7,8.0,9,小野楓馬,57.0,ダ,1000.0,稍,64.4,1.6,9-8,38.7,446.0,-1.0,マナラナキラ,
2022107304,エムピーフリップ,2026/03/25,高知,雨,10,ファイナルレース(C3),12,6,7,10.7,5.0,11,佐原秀泰,57.0,ダ,1300.0,不,84.9,2.7,11-12-12-12,39.4,447.0,-1.0,ビッグバンドビート,
2022107304,エムピーフリップ,2026/03/11,高知,晴,4,C3ー7,11,6,7,44.5,5.0,2,岡遼太郎,57.0,ダ,1600.0,稍,110.3,0.4,8-9-9-7,39.7,448.0,2.0,ティアップマッハ,24.0
2022107304,エムピーフリップ,2026/02/25,高知,曇,4,C3ー8,9,6,6,31.4,7.0,5,佐原秀泰,57.0,ダ,1400.0,不,92.3,1.9,2-2-2-5,40.2,446.0,-7.0,マイネルビジョン,6.0
2022107304,エムピーフリップ,2026/02/11,高知,曇,1,C3ー10,12,8,11,5.3,2.0,4,中島龍也,57.0,ダ,1300.0,重,86.6,1.1,4-4-3-3,40.9,453.0,-8.0,スタークルージング,9.0
2022107304,エムピーフリップ,2026/01/27,高知,晴,10,ファイナルレース(C3),10,8,10,,,取,中島龍也,57.0,ダ,1600.0,良,,,,,,,エッグハント,
2022107304,エムピーフリップ,2026/01/13,高知,晴,3,C3ー14,9,1,1,34.7,6.0,5,佐原秀泰,57.0,ダ,1400.0,良,94.0,1.5,3-3-3-4,41.3,461.0,3.0,スリーローズ,6.0
2022107304,エムピーフリップ,2026/01/01,高知,晴,3,C3ー13,8,1,1,49.0,7.0,5,佐原秀泰,57.0,ダ,1300.0,良,87.3,2.3,1-1-1-3,41.6,458.0,-2.0,コスモルーテウス,6.0
2022107304,エムピーフリップ,2025/12/21,高知,曇,4,宗石調教師お疲れ様特(C3),11,2,2,16.5,5.0,8,佐原秀泰,57.0,ダ,1400.0,重,95.0,3.7,5-5-6-8,42.2,460.0,0.0,スリーローズマリー,
2022107304,エムピーフリップ,2025/11/12,門別,晴,5,3歳以上C3ー2C4,16,3,5,38.1,11.0,8,松井伸也,57.0,ダ,1200.0,稍,76.4,1.0,1-1,40.3,460.0,8.0,タイセイサージ,
2022107304,エムピーフリップ,2025/11/06,門別,曇,7,3歳以上C3ー2C4,12,8,11,25.6,6.0,3,服部茂史,57.0,ダ,1000.0,稍,62.6,0.6,6-5,37.8,452.0,8.0,マイネルジーニアス,8.4
2022107304,エムピーフリップ,2025/10/22,門別,晴,6,3歳以上C3ー2C4,12,6,7,37.9,7.0,12,小野楓馬,57.0,ダ,1000.0,稍,64.9,3.1,11-10,38.1,444.0,-6.0,スカイダイバー,
2022107304,エムピーフリップ,2024/11/07,門別,曇,9,最後までおトクなSP(OP)(2歳),10,7,10,,,取,黒澤愛斗,56.0,ダ,1200.0,稍,,,,,,,ナイスデスネ,
2022107304,エムピーフリップ,2024/10/15,門別,曇,9,JRA認定競走ウィナ(OP)(2歳),10,7,7,65.9,9.0,10,金山昇馬,56.0,ダ,1000.0,良,63.0,1.5,10-10,37.4,450.0,2.0,ルクスディライト,
2022107304,エムピーフリップ,2024/10/03,門別,曇,12,ネクストスター門別〔(重賞),12,1,1,76.0,10.0,12,金山昇馬,56.0,ダ,1200.0,良,78.4,4.9,12-12,38.7,448.0,-2.0,ミラクルヴォイス,
2022107304,エムピーフリップ,2024/09/01,2札幌8,晴,9,シンガポールTC賞(OP),10,2,2,113.3,9.0,10,桑村真明,55.0,芝,1200.0,稍,72.7,2.6,8-9,37.7,450.0,0.0,カワキタマナレア,
2022107304,エムピーフリップ,2024/08/01,門別,雨,3,JRA認定競走アタッ(未勝利)(2歳),9,6,6,15.6,4.0,1,阿岸潤一,53.0,ダ,1200.0,稍,74.7,-0.1,1-1,38.7,450.0,4.0,(カセノタイガー),120.0
2022107304,エムピーフリップ,2024/07/18,門別,晴,3,スピードスター寺園賞(未勝利)(2歳),10,1,1,4.0,2.0,1,服部茂史,55.0,ダ,1000.0,良,62.9,-0.5,1-1,38.6,446.0,0.0,(アイオラナキラ),50.0
2022107304,エムピーフリップ,2024/06/26,門別,曇,2,JRA認定競走フレッ(新馬)(2歳),8,8,8,14.6,3.0,3,佐原秀泰,55.0,ダ,1000.0,稍,63.5,1.5,3-3,38.2,446.0,0.0,ミラクルヴォイス,52.5
2023100318,バッハ,2026/07/15,門別,曇,8,水揚日本一苫小牧産ホ(C3),9,8,9,21.7,7.0,4,阿岸潤一,56.0,ダ,1500.0,稍,98.9,0.7,2-2-2-3,40.5,486,2,ヤマニントゥルシー,5.6
2023100318,バッハ,2026/06/30,門別,晴,9,アヤメ特別(C4),9,2,2,41.3,5.0,1,阿岸潤一,56.0,ダ,1700.0,良,112.4,-0.2,5-5-3-2,40.5,484,4,(スーパーチャージ),55.0
2023100318,バッハ,2026/06/17,門別,曇,10,グランシャリオドリー(C4),14,7,11,185.3,12.0,5,阿岸潤一,56.0,ダ,1800.0,良,120.5,2.2,13-13-14-13,39.9,480,-16,ビービーエリス,3.8
2023100318,バッハ,2026/06/03,門別,曇,10,グランシャリオドリー(C4),12,6,8,278.0,8.0,9,阿岸潤一,56.0,ダ,1700.0,良,114.1,2.0,10-10-7-11,40.1,496,8,ブレイキンアウェイ,
2023100318,バッハ,2026/05/14,門別,曇,7,3歳以上C4ー2,13,4,4,195.4,10.0,12,黒澤愛斗,57.0,ダ,1200.0,良,79.0,4.2,11-12,39.8,488,-2,コココーハク,
2023100318,バッハ,2026/04/30,門別,晴,6,3歳以上C4ー2,13,7,10,40.2,8.0,12,黒澤愛斗,57.0,ダ,1200.0,良,78.4,2.9,13-13,39.5,490,26,トニーオーシャンズ,
2023100318,バッハ,2026/03/29,3中山2,晴,3,3歳未勝利,15,5,9,82.7,9.0,15,長浜鴻緒,55.0,ダ,1800.0,稍,121.6,6.9,14-14-15-14,43.3,464,-2,ジェネラスキング,
2023100318,バッハ,2026/02/10,1東京4,晴,2,3歳未勝利,13,2,2,13.4,5.0,11,佐々木大,57.0,ダ,2100.0,稍,142.0,7.8,9-9-11-12,43.8,466,0,ジーティーブラック,
2023100318,バッハ,2025/12/07,5中山2,晴,3,2歳新馬,13,6,8,8.8,5.0,9,横山武史,56.0,ダ,1800.0,良,119.0,3.3,11-12-13-13,39.5,466,0,ユアフェリシティ,
2021104675,トレビアンクリール,2026/07/01,門別,晴,7,大人になった内藤耀悠(C3),8,7,7,69.7,7.0,6.0,宮内勇樹,57.0,ダ,1600.0,良,106.0,1.8,2-2-1-4,41.6,438,2,アルバソーレ,
2021104675,トレビアンクリール,2026/06/04,門別,曇,10,グランシャリオドリー(C3),12,4,4,67.7,9.0,9.0,渡辺準己,54.0,ダ,1800.0,良,120.5,2.6,5-5-6-5,40.6,436,-2,メイショウハリソン,
2021104675,トレビアンクリール,2026/05/21,門別,曇,12,ステラヴェローチェ賞(C3),0,5,5,,,,渡辺準己,54.0,ダ,1700.0,良,,,,,442,4,,
2021104675,トレビアンクリール,2026/05/06,門別,晴,7,3歳以上C3ー2C4,11,4,4,58.7,7.0,5.0,渡辺準己,54.0,ダ,1800.0,良,120.5,0.7,1-1-1-1,39.8,438,-6,シルバーミラージュ,2.8
2021104675,トレビアンクリール,2026/04/23,門別,晴,7,3歳以上C3ー2C4,11,1,1,57.3,9.0,5.0,渡辺準己,54.0,ダ,1700.0,稍,113.5,1.4,7-7-6-5,41.1,444,8,ゲームアップロード,2.8
2021104675,トレビアンクリール,2025/11/06,門別,曇,8,3歳以上C3ー2C4,8,6,6,36.6,7.0,1.0,渡辺準己,54.0,ダ,1800.0,稍,119.4,-0.4,3-3-3-1,40.0,436,0,(ドバイミッション),40.0
2021104675,トレビアンクリール,2025/10/23,門別,晴,7,3歳以上C3ー2C4,12,7,10,50.6,8.0,7.0,渡辺準己,54.0,ダ,1700.0,稍,113.8,1.5,7-6-7-9,41.1,436,0,アンジュパラディ,
2021104675,トレビアンクリール,2025/10/09,門別,晴,9,がんばれ!Aiba浦(C3),11,3,3,216.7,10.0,7.0,岩橋勇二,57.0,ダ,1700.0,良,113.9,1.9,3-2-2-3,42.0,436,4,フクノジョヴァンニ,
2021104675,トレビアンクリール,2025/09/24,門別,曇,6,3歳以上C3ー2C4,7,4,4,6.1,4.0,5.0,落合玄太,57.0,ダ,1700.0,良,114.4,2.7,3-3-5-6,41.2,432,4,バルジール,2.8
2021104675,トレビアンクリール,2025/09/11,門別,曇,10,グランシャリオドリー(C3),12,6,7,8.5,5.0,10.0,阿岸潤一,56.0,ダ,1700.0,良,114.3,2.4,1-1-1-2,43.4,428,2,タカオスマイル,
2021104675,トレビアンクリール,2025/08/26,門別,曇,9,新冠・新ひだか2デイ(C3),11,7,8,4.2,3.0,6.0,阿岸潤一,56.0,ダ,1600.0,良,107.3,1.5,1-1-1-3,42.6,426,2,ホウヨウムーン,
2021104675,トレビアンクリール,2025/08/12,門別,晴,10,グランシャリオドリー(C3),11,1,1,40.4,6.0,3.0,阿岸潤一,56.0,ダ,1700.0,良,112.3,0.3,1-1-1-1,40.7,424,-4,エアプレイ,11.6
2021104675,トレビアンクリール,2025/07/31,門別,晴,8,優駿の里安平町谷川農(C4),11,6,7,20.9,6.0,1.0,山本咲希,57.0,ダ,1700.0,稍,112.6,-0.6,1-1-1-1,39.9,428,2,(リリーパーク),40.0
2021104675,トレビアンクリール,2025/07/03,門別,晴,10,グランシャリオドリー(C4),12,3,3,35.5,8.0,3.0,阿岸潤一,56.0,ダ,1700.0,稍,113.2,1.0,2-3-2-1,40.6,426,-2,ファーマシャイン,11.6
2021104675,トレビアンクリール,2025/06/18,門別,晴,8,室蘭ナイトクルーズ特(C4),11,4,4,13.9,3.0,7.0,阿岸潤一,56.0,ダ,1700.0,良,114.6,1.5,4-7-8-8,40.8,428,-2,セイウンピカイチ,
2021104675,トレビアンクリール,2025/06/04,門別,曇,7,3歳以上C3ー2C4,11,8,10,32.2,6.0,7.0,阿岸潤一,56.0,ダ,1700.0,重,112.8,1.3,6-6-6-5,39.8,430,2,リムショット,
2021104675,トレビアンクリール,2025/05/22,門別,曇,7,DOセール賞(C3),13,8,13,92.2,7.0,5.0,阿岸潤一,56.0,ダ,1200.0,良,76.6,1.7,7-4,39.2,428,-4,イモータルウインド,2.8
2021104675,トレビアンクリール,2025/05/08,門別,曇,10,グランシャリオドリー(C3),14,6,10,25.3,5.0,6.0,阿岸潤一,56.0,ダ,1200.0,良,75.9,2.2,12-10,38.4,432,0,グラストップロード,
2021104675,トレビアンクリール,2025/04/23,門別,曇,10,グランシャリオドリー(C4),12,6,8,73.0,11.0,2.0,阿岸潤一,56.0,ダ,1000.0,重,61.7,0.8,5-5,36.8,432,2,グシチャンノソラ,15.4
2021104675,トレビアンクリール,2024/11/06,門別,曇,6,3歳以上C2ー2?C,11,3,3,42.9,7.0,10.0,阿岸潤一,56.0,ダ,1200.0,良,76.6,1.6,6-6,39.1,430,0,シナモンデイジー,
2021104675,トレビアンクリール,2024/10/23,門別,雨,8,3歳以上C3ー2C4,12,5,5,13.0,5.0,9.0,宮崎光行,57.0,ダ,1200.0,不,75.9,2.3,10-11,38.8,430,8,ウィンストラテジー,
2021104675,トレビアンクリール,2024/10/08,門別,晴,9,3歳以上C3ー2C4,10,5,5,55.6,8.0,2.0,宮崎光行,57.0,ダ,1200.0,稍,75.5,0.1,7-6,38.3,422,2,サンネリネ,11.2
2021104675,トレビアンクリール,2024/09/17,門別,晴,9,日胆JA農業応援賞(C3),12,5,6,156.3,10.0,11.0,宮崎光行,57.0,ダ,1200.0,稍,77.2,3.1,11-11,39.4,420,8,ファーレンジョー,
2021104675,トレビアンクリール,2024/09/04,門別,晴,8,3歳以上C4ー2,8,5,5,9.1,6.0,3.0,宮崎光行,57.0,ダ,1200.0,良,76.3,0.3,6-6,39.1,412,2,ニシノヤングマン,8.4
2021104675,トレビアンクリール,2024/08/22,門別,雨,8,3歳以上C4ー2,10,3,3,7.3,4.0,2.0,宮崎光行,57.0,ダ,1200.0,稍,75.9,0.2,8-8,38.9,410,2,エピタキシー,11.2
2021104675,トレビアンクリール,2024/08/07,門別,晴,7,新ひだか・新冠2デイ(C4),8,3,3,7.4,4.0,4.0,宮崎光行,57.0,ダ,1200.0,稍,76.1,1.7,7-7,38.6,408,-4,プライムブルー,5.6
2021104675,トレビアンクリール,2024/07/25,門別,曇,9,3歳以上C4ー3,12,6,7,6.1,4.0,2.0,宮崎光行,57.0,ダ,1200.0,良,76.1,0.0,8-6,38.7,412,2,ササキンポピー,11.2
2021104675,トレビアンクリール,2024/07/11,門別,晴,2,3歳以上C4ー3,12,6,8,10.9,5.0,3.0,宮崎光行,57.0,ダ,1200.0,稍,75.8,0.4,9-8,38.8,410,-6,スレイプナー,8.4
2021104675,トレビアンクリール,2024/06/27,門別,曇,5,3歳以上C4ー4,11,1,1,6.7,3.0,1.0,宮崎光行,57.0,ダ,1000.0,良,63.2,-0.6,4-4,37.9,416,2,(クリーンブラボー),40.0
2021104675,トレビアンクリール,2024/06/11,門別,晴,2,3歳以上C4ー4,7,6,6,2.9,2.0,2.0,宮崎光行,57.0,ダ,1000.0,稍,63.5,0.4,4-2,37.6,414,-2,ハナカンザシ,11.2
2021104675,トレビアンクリール,2024/05/29,門別,曇,1,3歳条件未勝利(未勝利),10,8,9,23.7,6.0,6.0,宮崎光行,57.0,ダ,1000.0,良,63.6,1.4,6-6,38.2,416,2,サクラガーディアン,
2021104675,トレビアンクリール,2024/05/08,門別,曇,5,3歳条件未勝利(未勝利),11,1,1,2.8,1.0,4.0,宮崎光行,57.0,ダ,1000.0,稍,64.4,0.6,5-4,38.8,414,-2,オカノリリー,7.0
2021104675,トレビアンクリール,2024/04/24,門別,曇,2,3歳条件未勝利(未勝利),8,5,5,3.7,2.0,2.0,宮崎光行,57.0,ダ,1000.0,良,64.1,0.1,3-4,39.5,416,16,ネーヴェ,14.0
2021104675,トレビアンクリール,2023/11/02,門別,晴,1,2歳未勝利(未勝利),10,7,9,81.4,7.0,4.0,井上俊彦,55.0,ダ,1000.0,重,64.2,2.0,9-8,38.1,400,-4,ファットドラゴン,7.0
2021104675,トレビアンクリール,2023/10/18,門別,晴,2,オータムライト級カッ(未勝利)(2歳),10,2,2,16.4,7.0,7.0,岩橋勇二,55.0,ダ,1000.0,良,64.2,0.7,4-4,39.1,404,4,リュウノリエゾン,
2021104675,トレビアンクリール,2023/09/28,門別,雨,1,2歳未勝利(未勝利),12,3,3,79.5,10.0,5.0,阿岸潤一,52.0,ダ,1000.0,稍,63.9,0.6,12-10,37.6,400,2,リックトラジロオー,3.5
2021104675,トレビアンクリール,2023/09/13,門別,晴,1,2歳未勝利(未勝利),12,1,1,192.1,9.0,5.0,阿岸潤一,51.0,ダ,1000.0,重,63.8,2.0,11-11,37.5,398,-2,シャイナコムスメ,3.5
2021104675,トレビアンクリール,2023/08/30,門別,曇,2,2歳未勝利(未勝利),12,1,1,326.8,12.0,11.0,阿岸潤一,51.0,ダ,1200.0,稍,78.6,2.5,7-6,41.3,400,2,ミトノユニヴァース,
2021104675,トレビアンクリール,2023/08/15,門別,晴,1,2歳未勝利(未勝利),10,5,5,166.4,10.0,6.0,阿岸潤一,51.0,ダ,1100.0,良,71.2,1.3,7-5,40.5,398,-2,シーザーキック,
2021104675,トレビアンクリール,2023/08/01,門別,晴,3,2歳未勝利(未勝利),11,4,4,106.9,10.0,9.0,宮内勇樹,51.0,ダ,1100.0,良,70.7,1.4,8-9,39.4,400,2,ミッドナイトベルン,
2021104675,トレビアンクリール,2023/07/18,門別,晴,1,2歳未勝利(未勝利),12,6,7,87.3,10.0,11.0,落合玄太,54.0,ダ,1000.0,稍,65.0,2.3,7-9,39.9,398,-6,ガルフブリーズ,
2021104675,トレビアンクリール,2023/07/05,門別,晴,5,JRA認定フレッシュ(新馬)(2歳),9,8,9,37.2,8.0,8.0,岩橋勇二,54.0,ダ,1000.0,良,64.6,2.5,5-5,40.0,404,0,ノボコッチャン,
2022106492,カムイノウタゲ,2026/07/16,門別,晴,10,グランシャリオドリー(C3),12,4,4,343.3,11.0,5,黒澤愛斗,57.0,ダ,1700.0,重,112.0,1.3,10-10-10-10,39.6,470.0,-8.0,カネトシエテルノ,3.8
2022106492,カムイノウタゲ,2026/07/02,門別,曇,11,道産子企業北海道競馬(C3),10,1,1,91.0,8.0,7,黒澤愛斗,57.0,ダ,1800.0,良,120.2,1.0,10-10-10-8,39.3,478.0,0.0,ブレイキンアウェイ,
2022106492,カムイノウタゲ,2026/06/18,門別,曇,7,日高町商工会賞(C3),12,6,7,134.8,9.0,5,黒澤愛斗,57.0,ダ,1700.0,良,113.2,1.6,8-8-7-7,39.0,478.0,2.0,スキャボロフェアー,2.8
2022106492,カムイノウタゲ,2026/06/04,門別,曇,10,グランシャリオドリー(C3),12,2,2,63.7,8.0,8,黒澤愛斗,57.0,ダ,1800.0,良,120.3,2.4,11-12-8-9,40.0,476.0,-4.0,メイショウハリソン,
2022106492,カムイノウタゲ,2026/05/21,門別,曇,12,ステラヴェローチェ賞(C3),0,8,11,,,,黒澤愛斗,57.0,ダ,1700.0,良,,,,,478.0,-2.0,,
2022106492,カムイノウタゲ,2026/05/06,門別,晴,7,3歳以上C3ー2C4,11,6,6,58.9,8.0,7,黒澤愛斗,57.0,ダ,1800.0,良,120.7,0.9,9-9-8-9,39.2,480.0,-2.0,シルバーミラージュ,
2022106492,カムイノウタゲ,2026/04/23,門別,晴,7,3歳以上C3ー2C4,11,3,3,36.9,7.0,7,黒澤愛斗,57.0,ダ,1700.0,稍,113.7,1.6,11-11-11-11,40.0,482.0,8.0,ゲームアップロード,
2022106492,カムイノウタゲ,2025/11/13,門別,晴,10,グランシャリオドリー(C1),11,8,11,221.3,10.0,2,亀井洋司,54.0,ダ,1800.0,稍,118.8,0.1,10-10-9-9,39.8,474.0,-8.0,ルクスエクレール,15.4
2022106492,カムイノウタゲ,2025/10/30,門別,晴,8,ケナフ特別(C1),12,7,9,424.3,11.0,10,亀井洋司,57.0,ダ,1700.0,稍,113.5,2.1,10-10-9-9,41.0,482.0,16.0,ブレスドナイル,
2022106492,カムイノウタゲ,2025/10/01,門別,雨,8,ジャノメギク特別(C2),12,7,10,188.3,11.0,11,亀井洋司,57.0,ダ,1700.0,重,114.5,3.3,10-10-10-10,40.0,466.0,-2.0,リュウジンオー,
2022106492,カムイノウタゲ,2025/09/18,門別,晴,8,日高町建設協会2特別(B4),11,8,11,128.4,11.0,8,亀井洋司,57.0,ダ,1600.0,良,107.4,2.8,10-10-10-9,41.3,468.0,-10.0,ケイアイアンタレス,
2022106492,カムイノウタゲ,2025/09/03,門別,晴,11,日高地区連合会特別(C1),7,5,5,105.8,6.0,7,亀井洋司,57.0,ダ,1700.0,稍,116.1,3.6,6-6-6-7,40.3,478.0,13.0,ミスサラワク,
2022106492,カムイノウタゲ,2025/07/07,名古屋,晴,10,カワセミ特別(3歳),11,7,9,125.3,10.0,10,加藤誓二,57.0,ダ,1500.0,良,99.5,4.4,9-10-10,41.0,465.0,4.0,トゥーナフォーティ,
2022106492,カムイノウタゲ,2025/06/24,名古屋,小雨,10,クジャク特別(3歳),12,3,3,42.9,10.0,11,加藤誓二,57.0,ダ,1500.0,不,98.3,3.0,10-11-11,40.6,461.0,-9.0,サンヨウスフィーダ,
2022106492,カムイノウタゲ,2025/06/13,名古屋,晴,10,カモメ特別(3歳),10,8,11,,,取,加藤誓二,57.0,ダ,1700.0,稍,,,,,,,トゥーナフォーティ,
2022106492,カムイノウタゲ,2025/05/20,名古屋,晴,10,ツバメ特別(3歳),11,8,11,5.2,4.0,4,岡部誠,57.0,ダ,1500.0,稍,97.3,0.5,10-10-8,39.5,470.0,3.0,テレヴァカ,13.5
2022106492,カムイノウタゲ,2025/05/05,名古屋,晴,11,駿蹄賞(重賞),12,5,6,25.4,5.0,6,岡部誠,57.0,ダ,2000.0,良,135.1,1.2,8-7-8,39.1,467.0,-5.0,カワテンマックス,
2022106492,カムイノウタゲ,2025/04/22,名古屋,小雨,10,カルガモ特別(3歳),11,7,9,6.3,2.0,2,岡部誠,57.0,ダ,1400.0,良,90.6,0.6,6-6-4,38.7,472.0,4.0,ラガマフィンガール,31.5
2022106492,カムイノウタゲ,2025/04/08,名古屋,曇,8,ウグイス特別(3歳),12,4,4,1.4,1.0,3,岡部誠,57.0,ダ,1700.0,良,112.8,0.4,4-4-3,39.7,468.0,-6.0,アキヨシパワー,18.0
2022106492,カムイノウタゲ,2025/03/25,名古屋,晴,7,ユリカモメ特別(3歳),10,3,3,8.7,3.0,2,岡部誠,56.0,ダ,1700.0,重,110.2,0.3,5-5-4,38.7,474.0,-3.0,サンヨウテイオウ,28.0
2022106492,カムイノウタゲ,2025/03/13,名古屋,曇,9,ハヤブサ特別(3歳),10,4,4,18.1,5.0,3,大畑慧悟,56.0,ダ,1500.0,重,97.1,0.2,8-8-6,38.6,477.0,1.0,メイクン,16.0
2022106492,カムイノウタゲ,2025/02/25,名古屋,晴,9,メジロ特別(3歳),12,5,5,15.2,5.0,3,大畑慧悟,56.0,ダ,1700.0,良,111.8,0.8,10-10-5,38.7,476.0,4.0,サンヨウテイオウ,16.0
2022106492,カムイノウタゲ,2025/02/12,名古屋,雨,11,スプリングC(重賞),12,5,6,210.3,10.0,5,大畑慧悟,56.0,ダ,1700.0,稍,111.3,2.1,10-10-11,38.9,472.0,-7.0,ページェント,80.0
2022106492,カムイノウタゲ,2025/01/28,名古屋,晴,10,コハクチョウ特別(3歳),11,4,4,13.0,5.0,3,大畑慧悟,56.0,ダ,1700.0,良,111.8,0.3,10-10-10,38.3,479.0,2.0,アキヨシパワー,16.0
2022106492,カムイノウタゲ,2025/01/16,名古屋,晴,11,新春ペガサスC(重賞),12,7,10,231.5,11.0,7,大畑慧悟,56.0,ダ,1700.0,良,112.2,1.8,11-11-9,38.5,477.0,2.0,カワテンマックス,
2022106492,カムイノウタゲ,2025/01/02,名古屋,晴,9,七福神特別(3歳),11,1,1,40.3,6.0,5,大畑慧悟,56.0,ダ,1500.0,良,97.4,0.6,10-10-9,38.0,475.0,5.0,フークタオユエン,8.0
2022106492,カムイノウタゲ,2024/12/18,名古屋,晴,8,2歳特別,12,8,11,49.7,10.0,4,村上弘樹,55.0,ダ,1700.0,良,111.4,0.9,10-11-10,39.1,470.0,0.0,サンヨウテイオウ,13.5
2022106492,カムイノウタゲ,2024/12/04,名古屋,晴,3,2歳3組,11,8,12,1.6,1.0,1,大畑慧悟,55.0,ダ,1500.0,良,99.2,-0.4,7-5-4,39.3,470.0,-1.0,(ショウリュウマサル),65.0
2022106492,カムイノウタゲ,2024/11/20,名古屋,曇,5,2歳2組,10,6,6,24.0,6.0,3,大畑慧悟,55.0,ダ,1500.0,良,97.6,2.2,9-8-6,38.7,471.0,1.0,カワテンマックス,13.0
2022106492,カムイノウタゲ,2024/11/06,門別,晴,3,2歳未勝利(未勝利),12,3,3,11.4,5.0,7,岩橋勇二,56.0,ダ,1200.0,良,76.7,1.4,10-10,38.3,470.0,6.0,ハネガハエテマス,
2022106492,カムイノウタゲ,2024/10/23,門別,雨,1,2歳未勝利(未勝利),10,7,7,4.7,3.0,4,岩橋勇二,56.0,ダ,1200.0,不,75.8,0.4,7-6,38.6,464.0,4.0,レインボーサークル,7.0
2022106492,カムイノウタゲ,2024/10/10,門別,晴,2,2歳未勝利(未勝利),11,2,2,9.0,4.0,4,岩橋勇二,56.0,ダ,1200.0,良,77.0,1.0,7-6,38.7,460.0,0.0,リュウノマジシャン,7.0
2022106492,カムイノウタゲ,2024/09/26,門別,曇,3,2歳未勝利(未勝利),12,8,11,3.4,2.0,3,岩橋勇二,56.0,ダ,1200.0,良,76.1,0.8,6-5,38.8,460.0,6.0,ミスターキック,10.5
2022106492,カムイノウタゲ,2024/09/12,門別,晴,3,2歳未勝利(未勝利),12,8,12,1.7,1.0,3,亀井洋司,55.0,ダ,1200.0,良,76.8,0.9,6-5,39.2,454.0,-8.0,パッションプリマ,10.5
2022106492,カムイノウタゲ,2024/08/28,門別,晴,5,JRA認定競走アタッ(未勝利)(2歳),12,6,8,57.0,11.0,4,亀井洋司,55.0,ダ,1200.0,重,75.3,1.5,7-7,38.0,462.0,10.0,ワンダーウーマン,16.8
2022106492,カムイノウタゲ,2024/08/15,門別,晴,3,JRA認定競走アタッ(未勝利)(2歳),12,4,4,148.2,12.0,6,亀井洋司,55.0,ダ,1200.0,稍,76.7,1.5,8-10,39.2,452.0,-6.0,ヤマノファルコン,
2022106492,カムイノウタゲ,2024/08/01,門別,雨,3,JRA認定競走アタッ(未勝利)(2歳),9,1,1,120.8,8.0,7,岩橋勇二,55.0,ダ,1200.0,稍,75.8,1.1,7-8,38.8,458.0,-6.0,エムピーフリップ,
2022106492,カムイノウタゲ,2024/07/17,門別,晴,4,JRA認定競走アタッ(未勝利)(2歳),8,5,5,37.8,5.0,5,桑村真明,55.0,ダ,1100.0,良,69.7,2.2,5-4,37.7,464.0,6.0,スノーキャンドル,8.4
2022106492,カムイノウタゲ,2024/07/04,門別,曇,7,JRA認定競走アタッ(未勝利)(2歳),9,5,5,104.2,8.0,2,岩橋勇二,55.0,ダ,1200.0,稍,76.3,0.3,9-7,39.0,458.0,-4.0,コンフォートデイズ,33.6
2022106492,カムイノウタゲ,2024/06/20,門別,晴,2,JRA認定競走アタッ(未勝利)(2歳),11,7,9,196.3,9.0,5,岩橋勇二,55.0,ダ,1200.0,良,76.4,1.2,9-8,39.0,462.0,-2.0,ミランミラン,8.4
2022106492,カムイノウタゲ,2024/06/05,門別,曇,2,JRA認定競走アタッ(未勝利)(2歳),11,4,4,156.8,9.0,6,岩橋勇二,55.0,ダ,1200.0,良,76.8,2.2,8-9,39.1,464.0,-8.0,ソルジャーフィルド,
2022106492,カムイノウタゲ,2024/05/14,門別,晴,4,JRA認定競走フレッ(新馬)(2歳),8,6,6,34.9,7.0,7,岩橋勇二,55.0,ダ,1700.0,稍,116.6,2.3,6-4-6-7,43.8,472.0,0.0,シュネルカガ,
2022103548,ホウオウアーネスト,2026/07/02,門別,曇,11,道産子企業北海道競馬(C3),10,7,8,3.1,2.0,2,石川倭,57.0,ダ,1800.0,良,119.4,0.2,3-3-4-3,39.3,512,26,ブレイキンアウェイ,15.4
2022103548,ホウオウアーネスト,2025/08/02,1札幌3,晴,4,3歳未勝利,16,5,9,19.7,6.0,10,横山典弘,57.0,芝,2000.0,良,121.3,1.8,10-10-10-13,37.0,486,-2,ロパシック,
2022103548,ホウオウアーネスト,2025/07/19,1函館11,晴,5,3歳未勝利,16,7,14,14.4,6.0,3,横山和生,57.0,芝,2000.0,良,120.3,0.4,4-4-5-4,35.7,488,-2,ラブリーリディア,140.0
2022103548,ホウオウアーネスト,2025/06/07,3阪神1,曇,6,3歳未勝利,13,8,12,28.7,7.0,8,鮫島克駿,57.0,芝,2000.0,良,122.2,1.1,2-2-2-2,36.2,490,-4,サトノソティラス,
2022103548,ホウオウアーネスト,2025/05/17,2京都7,曇,4,3歳未勝利,16,7,14,4.7,2.0,8,岩田康誠,57.0,芝,2400.0,不,150.4,1.0,1-1-1-1,38.1,494,-4,マンオブノーブル,
2022103548,ホウオウアーネスト,2025/05/10,2東京5,小雨,4,3歳未勝利,8,4,4,13.2,4.0,3,横山和生,57.0,芝,2400.0,稍,148.7,0.4,1-1-1-1,34.9,498,-14,イリュストル,140.0
2022103548,ホウオウアーネスト,2025/01/11,1中京3,晴,5,3歳未勝利,18,3,6,92.1,14.0,10,松本大輝,56.0,芝,2200.0,良,137.4,0.9,9-9-12-11,35.8,512,0,マイユニバース,
2022103548,ホウオウアーネスト,2024/12/14,4中京5,晴,5,2歳未勝利,18,8,18,141.5,13.0,12,松本大輝,55.0,芝,2000.0,良,124.2,1.6,18-18-18-17,35.5,512,-2,ノラリクラリ,
2022103548,ホウオウアーネスト,2024/11/30,7京都1,晴,3,2歳未勝利,11,1,1,25.4,5.0,9,ムーア,56.0,ダ,1800.0,稍,117.0,1.7,6-6-10-10,39.7,514,10,メイケイレイン,
2022103548,ホウオウアーネスト,2024/09/22,3中京7,曇,2,2歳未勝利,11,2,2,5.1,2.0,6,岩田望来,55.0,ダ,1800.0,良,117.7,2.4,4-4-4-4,41.2,504,6,イサナ,
2022103548,ホウオウアーネスト,2024/08/31,2中京7,小雨,5,2歳新馬,8,2,2,7.6,5.0,4,岩田望来,55.0,芝,2000.0,重,129.4,0.7,1-1-1-1,35.7,498,0,カレンラップスター,110.0
2021101257,マリノロマンス,2026/07/16,門別,晴,10,グランシャリオドリー(C3),12,6,8,71.9,9.0,3,井上瑛太,55.0,ダ,1700.0,重,111.6,0.9,8-8-8-8,39.7,446,-6,カネトシエテルノ,11.6
2021101257,マリノロマンス,2026/07/02,門別,曇,11,道産子企業北海道競馬(C3),10,2,2,101.1,9.0,4,井上瑛太,55.0,ダ,1800.0,良,119.8,0.6,1-1-1-1,40.5,452,-6,ブレイキンアウェイ,7.7
2021101257,マリノロマンス,2026/06/18,門別,曇,10,グランシャリオドリー(C3),13,7,11,302.5,13.0,8,井上瑛太,55.0,ダ,1200.0,良,75.7,1.3,13-12,37.6,458,0,コココーハク,
2021101257,マリノロマンス,2026/06/04,門別,曇,9,骨密度ならMBP賞(C3),12,7,9,113.4,8.0,12,井上瑛太,55.0,ダ,1200.0,良,76.9,2.2,6-7,39.2,458,0,スティルアローン,
2021101257,マリノロマンス,2026/05/21,門別,曇,9,ヒナゲシ特別(C3),9,8,8,16.2,4.0,3,藤田凌駕,53.0,ダ,1200.0,良,75.9,1.4,3-3,38.7,458,-2,クレーバーベン,11.6
2021101257,マリノロマンス,2026/05/06,門別,晴,10,グランシャリオドリー(C3),14,1,1,89.0,7.0,9,藤田凌駕,53.0,ダ,1200.0,良,76.0,2.0,6-6,39.3,460,0,ヴァーチェ,
2021101257,マリノロマンス,2026/04/23,門別,晴,9,ミズバショウ特別(C3),11,8,11,61.2,10.0,3,藤田凌駕,53.0,ダ,1000.0,稍,63.5,0.7,4-6,38.5,460,6,マナラナキラ,11.6
2021101257,マリノロマンス,2025/11/11,門別,曇,10,グランシャリオドリー(C2),15,5,9,42.8,9.0,11,小杉亮,55.0,ダ,1200.0,稍,76.4,1.5,12-12,38.0,454,-2,レイホープ,
2021101257,マリノロマンス,2025/10/30,門別,晴,5,3歳以上C3ー2C4,9,8,9,10.1,3.0,1,石川倭,55.0,ダ,1200.0,稍,75.1,0.0,3-4,38.9,456,-2,(ユニコーンホエール),40.0
2021101257,マリノロマンス,2025/10/16,門別,曇,6,3歳以上C3ー2C4,10,6,7,194.4,10.0,8,阿岸潤一,54.0,ダ,1000.0,稍,63.5,0.9,10-10,37.2,458,4,サッポロキタコ,
2021101257,マリノロマンス,2025/10/02,門別,晴,7,3歳以上C3ー2C4,12,2,2,5.9,2.0,10,石川倭,55.0,ダ,1000.0,稍,63.4,2.4,12-12,36.9,454,2,セイルロケット,
2021101257,マリノロマンス,2025/09/09,門別,曇,8,ダリア特別(C4),12,6,8,25.0,9.0,1,石川倭,55.0,ダ,1000.0,稍,62.8,0.0,12-12,36.5,452,4,(スプリングレター),55.0
2021101257,マリノロマンス,2025/08/12,門別,晴,8,3歳以上C4ー2,12,5,5,163.1,11.0,10,秋元耕成,55.0,ダ,1000.0,良,63.8,1.3,10-10,37.8,448,-2,トーケンアーサー,
2021101257,マリノロマンス,2025/07/10,門別,晴,3,3歳以上C4ー2,9,6,6,175.8,8.0,5,黒澤愛斗,55.0,ダ,1000.0,良,63.2,0.9,9-8,36.7,450,0,マッターホルン,2.8
2021101257,マリノロマンス,2025/06/26,門別,雨,6,HidakaRock(C4),10,1,1,52.7,7.0,9,黒澤愛斗,55.0,ダ,1000.0,稍,64.6,2.1,10-10,38.2,450,4,サクラキングリー,
2021101257,マリノロマンス,2025/05/28,門別,曇,10,ブルースター賞(C4),11,6,7,26.9,5.0,7,黒澤愛斗,55.0,ダ,1200.0,良,77.0,2.0,10-10,38.2,446,-2,ハイカラサン,
2021101257,マリノロマンス,2025/05/08,門別,晴,2,3歳以上C4ー3,14,7,11,3.5,2.0,7,石川倭,55.0,ダ,1200.0,良,77.2,2.4,12-10,38.5,448,10,イモータルウインド,
2021101257,マリノロマンス,2025/04/17,門別,晴,6,3歳以上C4ー3,12,3,3,37.2,8.0,4,石川倭,55.0,ダ,1200.0,重,75.4,0.5,12-12,37.0,438,-8,スリーレジェンド,5.6
2021101257,マリノロマンス,2024/12/30,水沢,晴,7,C1三組,12,7,10,82.7,11.0,7,金山昇馬,54.0,ダ,1400.0,不,89.4,1.2,2-2-7-7,39.4,446,2,ヤマニンビロー,
2021101257,マリノロマンス,2024/12/09,水沢,曇,10,ブラッドストーン賞(C1),10,8,9,4.3,2.0,8,塚本涼人,54.0,ダ,1400.0,不,90.5,1.8,5-6-8-8,39.5,444,1,キリシマエール,
2021101257,マリノロマンス,2024/11/24,水沢,曇,11,レックススタッド特別(C1),12,2,2,4.3,3.0,8,村上忍,54.0,ダ,1600.0,稍,107.4,2.7,2-5-9-10,41.4,443,4,スノーパトロール,
2021101257,マリノロマンス,2024/11/11,盛岡,晴,10,C1五組,12,6,8,13.9,6.0,2,村上忍,54.0,ダ,1400.0,良,88.8,0.7,2-2,38.9,439,2,メイショウタニカゼ,15.8
2021101257,マリノロマンス,2024/10/28,盛岡,曇,5,C2五組,11,5,5,36.0,8.0,1,村上忍,54.0,ダ,1400.0,稍,89.0,-0.5,1-1,40.1,437,3,(シャイニーセンス),40.0
2021101257,マリノロマンス,2024/10/15,盛岡,曇,2,C2三組,8,2,2,44.8,7.0,7,塚本涼人,54.0,ダ,1400.0,良,90.7,2.7,8-8,38.1,434,8,スノーパトロール,
2021101257,マリノロマンス,2024/09/24,水沢,晴,7,3歳C1一組,10,1,1,68.6,9.0,9,塚本涼人,54.0,ダ,1400.0,稍,90.5,2.5,9-9-9-10,39.1,426,-6,ヤマニントゥルシー,
2021101257,マリノロマンス,2024/08/26,盛岡,晴,7,3歳C1二組,9,3,3,62.4,7.0,6,高橋悠里,54.0,ダ,1400.0,良,89.4,1.7,9-8,38.6,432,3,サクラサルーテ,
2021101257,マリノロマンス,2024/08/13,盛岡,小雨,7,3歳C1二組,9,8,9,35.9,7.0,5,高橋悠里,54.0,ダ,1400.0,不,87.4,1.9,5-7,38.3,429,-1,エムティリラ,3.9
2021101257,マリノロマンス,2024/07/21,盛岡,晴,6,3歳C2一組,10,2,2,11.8,5.0,9,村上忍,54.0,ダ,1200.0,良,76.2,1.5,9-9,37.5,430,3,ルージュルージュ,
2021101257,マリノロマンス,2024/07/07,盛岡,雨,6,3歳C2一組,11,8,11,3.6,2.0,6,村上忍,54.0,ダ,1200.0,不,74.3,2.1,6-6,37.5,427,-9,レフトフィールダー,
2021101257,マリノロマンス,2024/06/24,水沢,晴,7,3歳C2三組,9,8,9,1.3,1.0,1,村上忍,54.0,ダ,1300.0,稍,84.1,-0.1,3-3-3-4,39.7,436,-1,(ビューティビースト),45.0
2021101257,マリノロマンス,2024/06/11,水沢,晴,2,3歳C2四組,9,1,1,15.7,5.0,2,村上忍,54.0,ダ,1300.0,良,84.2,1.0,3-3-4-2,39.7,437,3,タイセイファルクス,15.8
2021101257,マリノロマンス,2024/05/28,盛岡,小雨,1,3歳C2二組,12,7,9,5.4,3.0,4,村上忍,54.0,ダ,1200.0,良,77.1,2.1,5-5,39.2,434,-1,サンスイシサン,5.9
2021101257,マリノロマンス,2024/05/14,盛岡,晴,1,3歳C2二組,12,8,12,8.0,3.0,5,村上忍,54.0,ダ,1200.0,稍,77.0,1.8,10-8,38.8,435,11,ノイバラ,3.2
2021101257,マリノロマンス,2024/04/06,1福島1,晴,1,3歳未勝利,15,1,1,262.4,15.0,12,秋山稔樹,54.0,ダ,1700.0,良,110.1,2.1,14-13-15-14,38.9,424,-8,ミレニアムヒロイン,
2021101257,マリノロマンス,2023/12/28,5中山9,曇,1,2歳未勝利,16,8,15,634.7,12.0,15,小林勝太,52.0,ダ,1200.0,良,75.4,2.9,12-14,39.1,432,6,スピードパンサー,
2021101257,マリノロマンス,2023/12/09,4中京3,晴,1,2歳未勝利,10,8,9,233.0,10.0,8,小林勝太,52.0,ダ,1800.0,良,118.0,2.1,8-8-6-8,40.2,426,-2,タイセイアディクト,
2021101257,マリノロマンス,2023/11/18,3福島5,晴,2,2歳未勝利,15,4,6,265.3,14.0,10,勝浦正樹,55.0,ダ,1700.0,不,108.7,2.7,14-14-14-12,39.9,428,0,ルルディルッカ,
2021101257,マリノロマンス,2023/08/27,3新潟6,晴,6,2歳新馬,14,4,5,114.8,12.0,14,小林美駒,51.0,ダ,1200.0,良,80.5,6.8,13-14,39.9,428,0,セイウンサニー,
2022102517,ユニコーンホエール,2026/07/16,門別,晴,10,グランシャリオドリー(C3),12,8,12,46.2,7.0,4.0,阿部龍,57.0,ダ,1700.0,重,111.9,1.2,7-7-7-6,40.4,460.0,-4.0,カネトシエテルノ,7.7
2022102517,ユニコーンホエール,2026/07/02,門別,曇,11,道産子企業北海道競馬(C3),10,3,3,41.4,6.0,8.0,阿部龍,57.0,ダ,1800.0,良,120.5,1.3,5-5-2-3,40.5,464.0,4.0,ブレイキンアウェイ,
2022102517,ユニコーンホエール,2026/06/10,門別,晴,8,3歳以上C3ー2C4,9,5,5,42.3,4.0,4.0,阿部龍,57.0,ダ,1200.0,稍,75.6,0.6,6-5,38.3,460.0,-6.0,フークシャイニー,5.6
2022102517,ユニコーンホエール,2026/05/27,門別,曇,10,グランシャリオドリー(C3),10,8,10,7.3,4.0,5.0,阿部龍,57.0,ダ,1000.0,良,62.6,1.3,6-5,38.3,466.0,-4.0,ロザシアニン,3.8
2022102517,ユニコーンホエール,2026/05/14,門別,曇,10,グランシャリオドリー(C3),12,8,11,2.9,2.0,6.0,阿部龍,57.0,ダ,1200.0,良,75.8,1.0,9-8,38.2,470.0,-2.0,タイセイルーマー,
2022102517,ユニコーンホエール,2026/04/30,門別,晴,9,グランシャリオドリー(C3),13,7,10,6.2,4.0,4.0,阿部龍,57.0,ダ,1200.0,良,76.2,0.5,13-10,38.2,472.0,2.0,タイセイシャルト,7.7
2022102517,ユニコーンホエール,2026/04/16,門別,晴,10,グランシャリオドリー(C3),14,4,5,25.8,7.0,3.0,阿部龍,57.0,ダ,1200.0,良,75.1,0.1,2-2,39.1,470.0,2.0,リオンセーラス,11.6
2022102517,ユニコーンホエール,2025/11/11,門別,曇,10,グランシャリオドリー(C2),15,8,14,9.4,6.0,5.0,松井伸也,57.0,ダ,1200.0,稍,75.6,0.7,8-7,38.2,468.0,0.0,レイホープ,3.8
2022102517,ユニコーンホエール,2025/10/30,門別,晴,5,3歳以上C3ー2C4,9,4,4,13.5,4.0,2.0,松井伸也,57.0,ダ,1200.0,稍,75.1,0.0,9-9,37.2,468.0,2.0,マリノロマンス,11.2
2022102517,ユニコーンホエール,2025/10/16,門別,曇,7,3歳以上C3ー2C4,9,6,6,20.3,5.0,4.0,松井伸也,57.0,ダ,1200.0,稍,75.8,1.1,7-7,38.3,466.0,0.0,エクストラチャージ,5.6
2022102517,ユニコーンホエール,2025/10/02,門別,晴,9,サイアーライン賞(C3),12,4,4,216.3,9.0,2.0,松井伸也,57.0,ダ,1200.0,稍,75.8,1.0,10-9,37.7,466.0,2.0,ディクシーヴォーグ,11.2
2022102517,ユニコーンホエール,2025/09/18,門別,晴,10,グランシャリオドリー(C3),11,7,8,95.2,7.0,4.0,松井伸也,57.0,ダ,1200.0,良,76.6,1.1,6-4,38.9,464.0,2.0,ファリードゥーン,7.7
2022102517,ユニコーンホエール,2025/09/04,門別,曇,9,北海道厩務員会賞(C3),12,6,8,66.7,8.0,7.0,松井伸也,57.0,ダ,1200.0,稍,76.9,1.8,3-4,40.7,462.0,6.0,アームズクイーン,
2022102517,ユニコーンホエール,2025/08/20,門別,曇,7,3歳以上C3ー2C4,9,3,3,3.2,1.0,4.0,松井伸也,57.0,ダ,1000.0,重,62.8,0.7,4-4,38.2,456.0,-6.0,ヨンプク,5.6
2022102517,ユニコーンホエール,2025/08/06,門別,曇,7,BTC特別(C3),12,8,11,2.9,2.0,4.0,松井伸也,57.0,ダ,1000.0,良,62.6,1.0,6-5,37.9,462.0,4.0,ニシケンカバル,7.7
2022102517,ユニコーンホエール,2025/07/30,門別,,9,ホクレンパールライス(C3),0,7,9,,,,松井伸也,57.0,ダ,1000.0,,,,,,,,,
2022102517,ユニコーンホエール,2025/06/25,門別,晴,10,グランシャリオドリー(C4),12,3,3,2.8,2.0,1.0,松井伸也,57.0,ダ,1000.0,良,62.2,-0.2,4-4,37.6,458.0,2.0,(バルトゥール),55.0
2022102517,ユニコーンホエール,2025/06/11,門別,曇,8,3歳以上C4ー3,11,3,3,2.6,2.0,3.0,松井伸也,57.0,ダ,1000.0,稍,62.6,0.5,8-6,37.4,456.0,-4.0,ベルオーブ,8.4
2022102517,ユニコーンホエール,2025/05/28,門別,曇,7,3歳以上C4ー3,10,3,3,11.7,4.0,1.0,松井伸也,57.0,ダ,1000.0,良,62.6,0.0,3-3,38.1,460.0,6.0,(ウィルトゥーウェル),40.0
2022102517,ユニコーンホエール,2025/05/14,門別,曇,8,3歳以上C4ー4,10,2,2,1.5,1.0,1.0,宮内勇樹,57.0,ダ,1000.0,良,63.1,-0.4,1-1,38.5,454.0,-6.0,(サクラキングリー),40.0
2022102517,ユニコーンホエール,2025/04/30,門別,晴,8,サクラ特別(C4),11,7,9,2.3,2.0,2.0,宮内勇樹,57.0,ダ,1000.0,重,63.4,0.3,1-1,38.5,460.0,-2.0,ロピア,15.4
2022102517,ユニコーンホエール,2025/04/17,門別,晴,4,3歳条件4ー2,8,1,1,30.6,6.0,5.0,宮内勇樹,56.0,ダ,1000.0,重,62.4,1.4,3-4,37.9,462.0,-4.0,ニシケンカバル,4.2
2022102517,ユニコーンホエール,2024/10/31,門別,晴,6,2歳3組,9,4,4,34.2,5.0,3.0,宮内勇樹,55.0,ダ,1000.0,良,62.7,0.1,5-4,38.0,466.0,0.0,シュルーズベリー,12.6
2022102517,ユニコーンホエール,2024/10/22,門別,曇,4,2歳3組,8,6,6,119.7,8.0,8.0,松井伸也,56.0,ダ,1600.0,稍,109.2,3.7,3-3-3-7,43.9,466.0,2.0,ツィードリヴァ,
2022102517,ユニコーンホエール,2024/10/03,門別,曇,6,2歳3組,10,7,8,115.9,9.0,8.0,松井伸也,56.0,ダ,1200.0,良,76.9,1.9,4-5,40.1,464.0,4.0,エアプレイ,
2022102517,ユニコーンホエール,2024/09/10,門別,曇,2,2歳未勝利(未勝利),12,5,6,16.0,6.0,1.0,松井伸也,55.0,ダ,1000.0,良,63.2,-0.3,2-1,39.0,460.0,-2.0,(リュウワンメリー),50.0
2022102517,ユニコーンホエール,2024/08/28,門別,晴,2,2歳未勝利(未勝利),12,4,4,54.8,8.0,8.0,松井伸也,55.0,ダ,1000.0,不,64.0,2.8,7-6,39.0,462.0,-6.0,シルバーミラージュ,
2022102517,ユニコーンホエール,2024/08/15,門別,晴,1,2歳未勝利(未勝利),12,6,8,53.8,9.0,10.0,松井伸也,55.0,ダ,1200.0,稍,79.7,3.8,4-5,42.5,468.0,12.0,テクノエンジェル,
2022102517,ユニコーンホエール,2024/07/10,門別,晴,4,JRA認定競走フレッ(新馬)(2歳),12,8,11,27.1,7.0,4.0,松井伸也,55.0,ダ,1000.0,稍,63.7,1.9,5-4,39.1,456.0,0.0,ガロス,35.0
2022105934,ヴィフアクター,2026/07/01,門別,晴,7,大人になった内藤耀悠(C3),8,8,8,27.2,6.0,7.0,服部茂史,55.0,ダ,1600.0,良,106.8,2.6,8-8-8-7,40.6,460.0,8.0,アルバソーレ,
2022105934,ヴィフアクター,2026/05/19,大井,晴,9,JAいちかわ賞(C2),11,7,10,31.4,9.0,10.0,高橋優,51.0,ダ,2400.0,良,162.6,3.8,10-10-10-10,40.1,452.0,3.0,ピースフィールド,
2022105934,ヴィフアクター,2026/04/27,大井,曇,10,こじし座特別競走(C2),15,8,15,70.9,11.0,7.0,高橋優,51.0,ダ,2000.0,不,133.0,1.8,12-12-13-13,39.5,449.0,-2.0,ストロガノフ,
2022105934,ヴィフアクター,2026/04/14,大井,晴,4,C2十1112(C211),12,1,1,37.7,9.0,6.0,高橋優,51.0,ダ,1600.0,良,104.7,1.0,12-12-12-11,40.2,451.0,0.0,ナンセイスコピオン,
2022105934,ヴィフアクター,2026/03/24,大井,晴,7,C2十1112(C211),11,5,5,125.0,8.0,4.0,高橋優,51.0,ダ,1600.0,良,103.8,1.1,11-11-10-9,39.0,451.0,-1.0,ダノンアルプス,15.0
2022105934,ヴィフアクター,2026/03/10,大井,晴,7,C2十1112(C211),12,4,4,153.9,11.0,5.0,高橋優,51.0,ダ,1600.0,稍,104.6,0.9,12-12-11-11,39.0,452.0,-1.0,アメージングビュー,10.0
2022105934,ヴィフアクター,2026/02/17,大井,曇,6,C2121314(C213),12,5,6,273.7,11.0,8.0,高橋優,51.0,ダ,1400.0,稍,90.6,1.5,12-12-12,39.6,453.0,2.0,ベンハー,
2022105934,ヴィフアクター,2026/01/27,大井,晴,7,C2111213(C212),12,6,7,147.6,10.0,12.0,桑村真明,54.0,ダ,1600.0,良,107.8,3.0,11-11-10-12,41.7,451.0,1.0,テンシノトリブン,
2022105934,ヴィフアクター,2026/01/13,大井,晴,7,C2121314(C213),13,8,13,129.4,10.0,8.0,桑村真明,54.0,ダ,1600.0,良,107.7,2.9,5-5-8-9,42.4,450.0,-1.0,フェアクラウド,
2022105934,ヴィフアクター,2025/12/25,大井,雨,7,C2151617(C216),14,7,12,86.0,6.0,12.0,笹川翼,54.0,ダ,1600.0,重,107.1,3.5,14-14-14-14,40.1,451.0,1.0,ジーニーキック,
2022105934,ヴィフアクター,2025/11/06,門別,曇,8,3歳以上C3ー2C4,8,8,9,29.1,5.0,4.0,石川倭,55.0,ダ,1800.0,稍,120.3,0.9,2-2-2-3,41.1,450.0,4.0,トレビアンクリール,5.6
2022105934,ヴィフアクター,2025/10/07,門別,曇,6,3歳以上C4ー2,12,7,10,24.7,8.0,9.0,阿部龍,55.0,ダ,1200.0,良,77.4,0.8,12-12,39.4,446.0,6.0,ヤルキゲンキユウキ,
2022105934,ヴィフアクター,2025/09/11,門別,曇,7,ランタナ特別(C3),9,5,5,13.2,4.0,4.0,石川倭,55.0,ダ,1600.0,良,106.7,1.0,2-2-2-2,42.3,440.0,-2.0,スイートキャンディ,7.7
2022105934,ヴィフアクター,2025/08/02,高知,晴,12,ファイナルレース(3歳),12,4,4,30.8,12.0,11.0,城野慈尚,54.0,ダ,1300.0,良,89.3,3.2,12-12-12-11,41.5,442.0,0.0,ミコノオンガエシ,
2022105934,ヴィフアクター,2025/07/20,高知,晴,3,3歳ー6,11,1,1,118.0,10.0,9.0,城野慈尚,54.0,ダ,1600.0,不,109.1,3.5,11-11-11-10,40.3,442.0,-1.0,アツィオーネ,
2022105934,ヴィフアクター,2025/07/06,高知,晴,9,3歳ー3,8,6,6,121.8,7.0,3.0,多田羅誠,55.0,ダ,1400.0,良,93.1,2.3,8-8-7-6,39.9,443.0,-4.0,コパノディラン,15.0
2022105934,ヴィフアクター,2025/06/22,高知,曇,3,3歳ー4,10,5,6,71.7,9.0,7.0,郷間勇太,55.0,ダ,1300.0,重,88.4,3.8,7-8-9-8,41.5,447.0,-1.0,ボンジュールゼン,
2022105934,ヴィフアクター,2025/06/07,高知,曇,10,ファイナルレース(3歳),12,1,1,20.4,8.0,5.0,多田羅誠,55.0,ダ,1400.0,稍,95.1,1.8,11-11-10-9,40.6,448.0,5.0,ナインパワー,6.0
2022105934,ヴィフアクター,2025/05/24,高知,雨,10,ファイナルレース(3歳),0,1,1,,,,多田羅誠,55.0,ダ,1300.0,不,,,,,,,,
2022105934,ヴィフアクター,2025/05/11,高知,小雨,2,3歳ー5,10,8,11,28.8,5.0,7.0,多田羅誠,55.0,ダ,1600.0,不,111.5,3.0,9-9-3-6,40.6,443.0,7.0,ケーニッヒブルート,
2022105934,ヴィフアクター,2025/02/09,高知,晴,2,3歳ー3,11,7,8,146.9,11.0,6.0,松井伸也,54.0,ダ,1400.0,稍,96.6,2.4,11-11-11-11,41.6,436.0,-7.0,イツワリノユビワ,
2022105934,ヴィフアクター,2025/01/29,高知,晴,2,室戸盃(3歳),12,5,5,84.8,11.0,8.0,多田羅誠,54.0,ダ,1400.0,稍,98.1,3.2,12-12-12-12,42.4,443.0,-9.0,ピクチャーカード,
2022105934,ヴィフアクター,2025/01/12,高知,晴,3,台風くん布教感謝特別(3歳),9,7,7,3.6,2.0,6.0,吉原寛人,54.0,ダ,1300.0,稍,89.3,0.8,8-8-8-8,40.8,452.0,5.0,ワグナーチューバ,
2022105934,ヴィフアクター,2024/12/28,高知,晴,3,2歳ー3,8,1,1,49.4,7.0,6.0,松井伸也,54.0,ダ,1300.0,良,89.6,0.9,7-7-7-7,41.4,447.0,1.0,ユアマイドリーム,
2022105934,ヴィフアクター,2024/12/14,高知,晴,4,仕事の後のビール特別(2歳),12,5,5,26.1,7.0,11.0,松井伸也,54.0,ダ,1300.0,良,92.4,4.8,7-7-8-11,45.3,446.0,4.0,コパノキュラソー,
2022105934,ヴィフアクター,2024/11/24,高知,晴,1,2歳新馬(新馬),4,4,4,11.0,4.0,1.0,多田羅誠,54.0,ダ,1300.0,良,87.5,-0.2,4-4-3-3,40.2,442.0,0.0,(リケアブラック),240.0
2023100550,ビービーエリス,2026/07/16,門別,晴,10,グランシャリオドリー(C3),12,7,10,4.6,2.0,2,桑村真明,57.0,ダ,1700.0,重,110.7,0.0,3-3-1-1,40.1,442.0,2.0,カネトシエテルノ,15.4
2023100550,ビービーエリス,2026/06/17,門別,曇,10,グランシャリオドリー(C4),14,3,4,3.4,2.0,1,桑村真明,57.0,ダ,1800.0,良,118.3,-0.1,1-1-1-1,41.0,440.0,4.0,(アヴェルス),55.0
2023100550,ビービーエリス,2026/05/27,門別,曇,3,3歳以上C4ー3,9,6,6,3.1,2.0,1,桑村真明,57.0,ダ,1700.0,良,112.2,-0.6,1-1-1-1,40.5,436.0,4.0,(アースジェイソンテ),40.0
2023100550,ビービーエリス,2026/05/14,門別,曇,1,3歳以上C4ー3,12,5,6,13.3,5.0,5,井上俊彦,57.0,ダ,1600.0,良,107.3,0.9,7-7-9-9,39.8,432.0,4.0,マナスカイ,2.8
2023100550,ビービーエリス,2026/04/30,門別,晴,1,3歳以上C4ー3,11,4,4,10.4,4.0,6,井上俊彦,57.0,ダ,1700.0,良,114.2,0.7,5-5-7-7,40.6,428.0,-10.0,ミノベル,
2023100550,ビービーエリス,2026/04/15,門別,曇,7,3歳C440万円以下,9,2,2,5.2,2.0,5,井上俊彦,57.0,ダ,1200.0,良,76.1,1.2,8-6,37.9,438.0,2.0,マッスルチャミー,4.2
2023100550,ビービーエリス,2026/03/04,川崎,曇,8,マーチフラワー賞(3歳),12,8,12,21.9,7.0,7,矢野貴之,56.0,ダ,1500.0,不,98.2,2.6,11-11-11-11,40.1,436.0,-3.0,ワンモメンタム,
2023100550,ビービーエリス,2026/02/03,川崎,晴,4,青鵐特別(3歳),14,7,12,21.9,5.0,4,桑村真明,56.0,ダ,1500.0,良,99.0,1.2,12-14-13-12,40.1,439.0,-1.0,オリコウエルドラド,52.5
2023100550,ビービーエリス,2026/01/04,川崎,晴,6,招福特別(3歳),10,6,6,4.4,3.0,6,桑村真明,56.0,ダ,1500.0,稍,99.3,1.6,3-3-3-5,40.7,440.0,1.0,オリコウエルドラド,
2023100550,ビービーエリス,2025/12/18,川崎,晴,9,シャイニングドリーム(OP)(2歳),10,7,9,,,取,桑村真明,56.0,ダ,1600.0,稍,,,,,,,アルプスマサ,
2023100550,ビービーエリス,2025/11/21,川崎,晴,4,トノサマバッタ賞(2歳),7,3,3,1.4,1.0,1,山崎誠士,55.0,ダ,1500.0,良,98.4,-0.4,4-5-3-3,39.8,439.0,3.0,(エンゲルリート),220.0
2023100550,ビービーエリス,2025/10/08,門別,晴,1,2歳未勝利(未勝利),12,6,8,1.1,1.0,1,桑村真明,56.0,ダ,1200.0,良,75.3,-1.7,1-1,38.3,436.0,2.0,(レジェンドマスター),50.0
2023100550,ビービーエリス,2025/09/24,門別,晴,1,2歳未勝利(未勝利),12,6,7,2.3,2.0,2,桑村真明,56.0,ダ,1200.0,良,75.2,0.0,2-1,38.7,434.0,2.0,ミッジーチャンプ,14.0
2023100550,ビービーエリス,2025/09/10,門別,曇,1,2歳未勝利(未勝利),12,7,9,3.3,2.0,3,阿部龍,55.0,ダ,1200.0,良,75.8,0.9,4-3,38.8,432.0,2.0,スターオブフェザー,10.5
2023100550,ビービーエリス,2025/08/27,門別,晴,1,新ひだか町に新規就農(未勝利)(2歳),12,1,1,2.9,2.0,2,阿部龍,55.0,ダ,1200.0,稍,76.5,0.6,4-4,38.5,430.0,4.0,ムーンレインボー,14.0
2023100550,ビービーエリス,2025/08/06,門別,曇,2,2歳未勝利(未勝利),12,7,10,1.7,1.0,3,阿部龍,55.0,ダ,1200.0,良,75.5,0.7,6-4,38.9,426.0,-4.0,ノースラノビア,10.5
2023100550,ビービーエリス,2025/07/23,門別,晴,2,2歳未勝利(未勝利),10,2,2,3.3,2.0,2,阿部龍,55.0,ダ,1200.0,良,76.4,0.2,4-4,39.1,430.0,4.0,キングテヤン,14.0
2023100550,ビービーエリス,2025/07/02,門別,曇,4,JRA認定競走フレッ(新馬)(2歳),9,8,10,6.9,3.0,3,阿部龍,55.0,ダ,1100.0,良,68.7,0.7,3-2,38.1,426.0,0.0,ワナハヴファン,52.5
2018105013,ブッシュドノエル,2026/07/16,門別,晴,10,グランシャリオドリー(C3),12,1,1,208.0,10.0,11.0,小川悠汰,52.0,ダ,1700.0,重,114.6,3.9,10-11-12-12,39.2,432,8,カネトシエテルノ,
2018105013,ブッシュドノエル,2026/07/02,門別,曇,11,道産子企業北海道競馬(C3),10,5,5,351.8,10.0,10.0,藤田凌駕,53.0,ダ,1800.0,良,120.7,1.5,8-8-8-8,39.8,424,0,ブレイキンアウェイ,
2018105013,ブッシュドノエル,2026/06/18,門別,曇,7,日高町商工会賞(C3),12,5,5,148.0,10.0,8.0,藤田凌駕,53.0,ダ,1700.0,良,114.1,2.5,8-8-7-9,39.9,424,-6,スキャボロフェアー,
2018105013,ブッシュドノエル,2026/05/28,門別,雨,11,ヒダカソウカップ〔H(重賞),8,4,4,164.2,8.0,7.0,藤田凌駕,54.0,ダ,1600.0,重,107.9,4.8,8-8-8-8,42.1,430,6,バレンタインケーキ,
2018105013,ブッシュドノエル,2026/05/21,門別,曇,12,ステラヴェローチェ賞(C3),0,2,2,,,,藤田凌駕,53.0,ダ,1700.0,良,,,,,428,4,,
2018105013,ブッシュドノエル,2026/05/06,門別,晴,7,3歳以上C3ー2C4,11,8,11,37.1,5.0,8.0,藤田凌駕,53.0,ダ,1800.0,良,120.8,1.0,8-8-6-9,39.5,424,4,シルバーミラージュ,
2018105013,ブッシュドノエル,2026/04/23,門別,晴,7,3歳以上C3ー2C4,11,7,8,224.5,11.0,3.0,藤田凌駕,53.0,ダ,1700.0,稍,113.0,0.9,8-8-9-9,39.8,420,-10,ゲームアップロード,8.4
2018105013,ブッシュドノエル,2025/11/03,門別,晴,8,闘いの日々に喝采を特(A4),12,8,11,610.8,11.0,10.0,亀井洋司,55.0,ダ,1700.0,重,113.7,3.6,12-12-12-12,40.4,430,6,ライルアケカイ,
2018105013,ブッシュドノエル,2025/10/22,門別,晴,11,スイートアリッサム特(A4),10,6,6,188.1,10.0,8.0,亀井洋司,55.0,ダ,1700.0,稍,113.7,3.0,10-10-10-10,40.2,424,0,ライルアケカイ,
2018105013,ブッシュドノエル,2025/09/23,門別,晴,11,ポッカサッポロ北海道(A3),12,5,6,206.0,10.0,12.0,亀井洋司,54.0,ダ,1600.0,稍,106.8,3.3,12-12-12-12,40.2,424,6,アジャイルブラック,
2018105013,ブッシュドノエル,2025/09/09,門別,曇,11,スースー和ハッカ王国(A4),9,1,1,299.7,9.0,7.0,亀井洋司,55.0,ダ,1700.0,稍,112.5,1.9,9-9-9-9,40.0,418,6,ダグフォース,
2018105013,ブッシュドノエル,2025/08/28,門別,曇,11,ブリーダーズゴールド(JpnIII),9,6,6,537.2,9.0,9.0,井上俊彦,55.0,ダ,2000.0,良,134.7,8.0,9-9-9-9,42.1,412,-4,ライオットガール,
2018105013,ブッシュドノエル,2025/08/13,門別,晴,11,千軍万馬OP(OP)(一般),7,2,2,276.9,6.0,6.0,亀井洋司,53.0,ダ,2600.0,良,179.7,5.9,6-6-6-6,42.6,416,-2,ケイアイパープル,
2018105013,ブッシュドノエル,2025/07/29,門別,晴,12,水揚日本一苫小牧産ホ(A4),9,7,7,132.2,9.0,4.0,亀井洋司,55.0,ダ,1800.0,重,120.0,2.6,9-9-9-9,40.1,418,2,ヨシイチ,11.2
2018105013,ブッシュドノエル,2025/07/17,門別,晴,12,ノースクイーンC(重賞),7,7,7,256.4,7.0,6.0,亀井洋司,56.0,ダ,1800.0,稍,121.0,4.3,7-7-7-7,39.9,416,-2,サンオークレア,
2018105013,ブッシュドノエル,2025/07/01,門別,晴,12,折茂社長特別(A3),8,1,1,200.8,8.0,7.0,亀井洋司,54.0,ダ,1600.0,良,106.7,4.3,8-8-8-8,40.6,418,-4,スティールドリーム,
2018105013,ブッシュドノエル,2025/06/18,門別,晴,11,キレートレモンWレモ(A1),9,4,4,393.4,9.0,9.0,亀井洋司,53.0,ダ,1700.0,良,113.2,3.9,9-9-9-9,39.8,422,0,ベルウッドグラス,
2018105013,ブッシュドノエル,2025/06/05,門別,曇,11,雪印種苗BFMP特別(A3),8,2,2,220.5,8.0,7.0,亀井洋司,54.0,ダ,1700.0,重,114.2,4.2,6-6-7-7,39.5,422,0,スティールドリーム,
2018105013,ブッシュドノエル,2025/05/22,門別,晴,12,ヒダカソウカップ〔H(重賞),7,2,2,280.2,7.0,5.0,金山昇馬,54.0,ダ,1600.0,良,107.0,4.2,7-7-7-7,41.0,422,4,ポルラノーチェ,35.0
2018105013,ブッシュドノエル,2025/05/07,門別,晴,11,鹿部うまいもの祭り3(A1),11,3,3,393.7,10.0,10.0,藤田凌駕,54.0,ダ,1700.0,稍,113.8,4.5,9-9-11-11,40.7,418,-2,ニシケンボブ,
2018105013,ブッシュドノエル,2025/04/24,門別,晴,8,白鳥大橋主塔登頂クル(A2),9,3,3,214.2,9.0,8.0,藤田凌駕,50.0,ダ,1700.0,重,112.5,3.5,6-7-8-9,40.3,420,8,ポルラノーチェ,
2018105013,ブッシュドノエル,2024/11/29,船橋,晴,12,ありがとう!森泰斗騎(C1),12,5,6,59.8,7.0,7.0,澤田龍哉,54.0,ダ,2200.0,良,153.0,2.0,11-11-12-12,40.4,412,1,グロリアンズタイム,
2018105013,ブッシュドノエル,2024/11/15,川崎,曇,9,タレイア賞(C1),13,3,3,22.6,7.0,8.0,澤田龍哉,54.0,ダ,2000.0,稍,138.9,1.9,13-13-12-11,39.5,411,-7,ジーソウルブラザー,
2018105013,ブッシュドノエル,2024/10/31,船橋,晴,12,トリックオアトリート(C1),12,3,3,40.8,8.0,4.0,澤田龍哉,54.0,ダ,2200.0,重,153.5,1.5,10-10-6-5,42.5,418,6,スリアンヴォス,27.0
2018105013,ブッシュドノエル,2024/09/25,船橋,曇,12,新進気鋭2200(C1),10,7,9,10.1,6.0,6.0,西啓太,54.0,ダ,2200.0,良,150.6,2.8,6-6-4-5,41.7,412,-12,アルアインオアシス,
2018105013,ブッシュドノエル,2024/08/30,船橋,曇,9,夏の大三角賞(C1),12,5,6,58.3,9.0,7.0,澤田龍哉,54.0,ダ,1800.0,不,120.3,3.4,10-10-11-10,40.4,424,19,フレスコバンクール,
2018105013,ブッシュドノエル,2024/05/01,船橋,雨,12,メーデー2200(C1),12,6,8,29.9,7.0,8.0,小杉亮,54.0,ダ,2200.0,不,151.9,3.3,11-10-12-12,42.9,405,-5,エミーズミツオー,
2018105013,ブッシュドノエル,2024/04/14,船橋,晴,10,馬い菊池水田ごぼー発(C1),10,7,7,32.9,8.0,7.0,所蛍,51.0,ダ,1600.0,稍,106.1,1.3,10-10-10-9,39.7,410,1,クィーンズヒル,
2018105013,ブッシュドノエル,2024/03/26,浦和,雨,12,季春特別(C1),12,6,7,19.6,6.0,3.0,小杉亮,54.0,ダ,2000.0,不,136.2,1.0,9-9-7-5,41.3,409,-2,エールプレジール,40.0
2018105013,ブッシュドノエル,2024/03/05,船橋,雨,8,馬い!完熟八丈島レモ(C1),12,4,4,34.9,9.0,11.0,澤田龍哉,54.0,ダ,1500.0,稍,99.4,2.4,12-12-12-12,39.8,411,2,グレートフリオーソ,
2018105013,ブッシュドノエル,2024/02/06,船橋,曇,9,アルデラミン特別(C1),13,2,2,14.4,7.0,5.0,和田譲治,54.0,ダ,1800.0,不,117.9,1.5,12-12-12-11,38.9,409,-4,リッキーザキング,18.0
2018105013,ブッシュドノエル,2023/12/17,船橋,晴,11,ノエル2200(B2B3),8,3,3,13.3,4.0,6.0,川島正太,53.0,ダ,2200.0,良,150.9,3.0,8-7-7-7,42.0,413,-1,ムエックス,
2018105013,ブッシュドノエル,2023/11/30,船橋,晴,12,アンスリウム2200(C1),12,7,10,6.1,3.0,2.0,和田譲治,54.0,ダ,2200.0,良,147.7,0.9,11-11-9-6,39.6,414,-3,スマイルフォーユウ,80.0
2018105013,ブッシュドノエル,2023/10/27,船橋,晴,7,ホオジロ賞(C1),12,7,9,20.5,5.0,2.0,小杉亮,54.0,ダ,1800.0,良,117.0,0.3,10-10-9-8,39.2,417,0,レッドヴァイス,80.0
2018105013,ブッシュドノエル,2023/09/27,船橋,曇,12,コスモス2200(C1),13,6,9,7.8,6.0,4.0,澤田龍哉,54.0,ダ,2200.0,良,149.4,2.0,13-13-13-11,39.0,417,2,ノーモアワーズ,34.5
2018105013,ブッシュドノエル,2023/08/29,浦和,晴,8,なまずの里よしかわ賞(C1),11,4,4,44.2,6.0,7.0,小杉亮,54.0,ダ,1400.0,良,90.6,3.0,11-11-10-10,38.0,415,-4,ジゼル,
2018105013,ブッシュドノエル,2023/08/07,船橋,晴,12,クルクマ賞(C1),13,6,9,16.7,6.0,7.0,和田譲治,54.0,ダ,1800.0,良,117.8,1.7,13-13-13-12,40.3,419,6,グリーンライズ,
2018105013,ブッシュドノエル,2023/06/20,船橋,晴,12,夏至2200(C1),10,7,8,12.7,5.0,1.0,澤田龍哉,54.0,ダ,2200.0,良,148.9,0.0,10-10-9-6,39.5,413,-1,(アスリエル),180.0
2018105013,ブッシュドノエル,2023/06/13,川崎,晴,12,ウルド賞(C1),13,3,3,30.1,8.0,6.0,張田昂,54.0,ダ,2000.0,重,137.1,1.2,7-8-10-10,41.1,414,2,エアセイラン,
2018105013,ブッシュドノエル,2023/05/17,川崎,晴,9,金魚草賞(C1五),14,4,5,77.8,10.0,7.0,所蛍,51.0,ダ,1500.0,稍,99.5,1.3,14-14-13-14,40.7,412,-5,ノアブラック,
2018105013,ブッシュドノエル,2023/05/02,船橋,晴,9,牡丹賞(C1),12,3,3,31.9,7.0,6.0,澤田龍哉,54.0,ダ,1500.0,良,100.0,1.4,12-12-12-12,37.6,417,-1,ポジティブガール,
2018105013,ブッシュドノエル,2023/04/10,船橋,晴,8,C1四五,11,7,9,23.0,6.0,7.0,澤田龍哉,54.0,ダ,1500.0,良,100.2,2.3,9-9-9-9,39.4,418,0,エティエンヌ,
2018105013,ブッシュドノエル,2023/03/13,船橋,曇,8,馬い!卵はサンサンエ(C1),12,3,3,17.2,6.0,5.0,澤田龍哉,54.0,ダ,1500.0,良,99.6,1.0,12-12-12-11,38.0,418,3,スクナ,12.0
2018105013,ブッシュドノエル,2023/02/09,船橋,晴,12,クリソプレーズ220(C2),12,8,11,7.0,3.0,3.0,澤田龍哉,54.0,ダ,2200.0,良,153.9,0.7,12-12-11-8,39.9,415,0,ミスターエイジュン,45.0
2018105013,ブッシュドノエル,2023/01/17,船橋,晴,5,C2一,12,7,11,10.6,4.0,7.0,張田昂,54.0,ダ,1600.0,良,108.6,2.1,9-9-8-7,39.9,415,0,タイムモーメント,
2018105013,ブッシュドノエル,2022/12/19,船橋,晴,8,C1四五,10,8,9,20.5,5.0,1.0,澤田龍哉,54.0,ダ,1500.0,良,99.0,-0.1,10-10-10-9,39.5,415,3,(モントカイザー),120.0
2018105013,ブッシュドノエル,2022/11/29,船橋,雨,8,馬い!男は善一ブラッ(C1),13,5,7,17.6,7.0,7.0,小杉亮,54.0,ダ,1500.0,良,99.3,1.6,9-11-11-10,40.6,412,0,グリーンライズ,
2018105013,ブッシュドノエル,2022/10/24,船橋,曇,8,馬い!田舎の野菜食べ(C1七),8,1,1,18.1,6.0,2.0,小杉亮,54.0,ダ,1500.0,良,100.4,0.2,4-3-5-6,40.3,412,0,ゴールドベレー,48.0
2018105013,ブッシュドノエル,2022/09/26,船橋,晴,7,C1四五六ウ(C1五),12,3,3,54.4,9.0,8.0,新原周馬,52.0,ダ,1200.0,稍,75.8,1.5,11-12-12,37.3,412,0,オーラソラーレ,
2018105013,ブッシュドノエル,2022/08/19,名古屋,晴,9,B7組,9,2,2,7.2,4.0,4.0,木之前葵,52.0,ダ,1500.0,稍,97.7,0.5,7-7-6,38.9,412,0,パッションクイン,5.2
2018105013,ブッシュドノエル,2022/07/22,名古屋,晴,9,C2組,12,7,10,12.5,5.0,2.0,木之前葵,52.0,ダ,1500.0,重,97.4,1.9,12-11-10,40.1,412,-1,ウーヴァラーラ,11.6
2018105013,ブッシュドノエル,2022/07/08,名古屋,晴,8,C2組,11,3,3,4.7,3.0,5.0,今井貴大,54.0,ダ,1500.0,良,96.7,1.7,8-8-10,39.6,413,1,クジラ,3.2
2018105013,ブッシュドノエル,2022/06/24,名古屋,晴,12,煮え渕ポットホール特(C),12,5,5,16.7,5.0,3.0,木之前葵,52.0,ダ,1500.0,稍,97.3,0.6,6-5-4,38.6,412,-3,ニューレイライン,10.0
2018105013,ブッシュドノエル,2022/05/19,名古屋,晴,7,C9組,11,2,2,3.8,2.0,1.0,今井貴大,54.0,ダ,1500.0,良,96.9,-0.1,5-5-2,39.8,415,2,(ニューレイライン),35.0
2018105013,ブッシュドノエル,2022/05/11,笠松,晴,6,C9組,10,7,8,2.3,1.0,2.0,今井貴大,54.0,ダ,1600.0,良,107.6,0.1,5-4-3,41.3,413,-4,ニホンピロラブリー,9.0
2018105013,ブッシュドノエル,2022/04/22,名古屋,晴,5,C10組,12,1,1,9.8,5.0,3.0,今井貴大,54.0,ダ,1500.0,重,99.2,1.3,10-10-5,40.3,417,0,マルヨポピー,7.0
2018105013,ブッシュドノエル,2022/04/12,名古屋,晴,4,C11組,12,4,4,13.7,5.0,6.0,今井貴大,54.0,ダ,1500.0,良,99.0,1.4,7-7-6,39.7,417,1,ラッセルリー,
2018105013,ブッシュドノエル,2022/03/31,笠松,曇,3,サラ系C12組,8,6,6,1.8,1.0,2.0,木之前葵,52.0,ダ,1400.0,良,93.6,0.9,7-8-5,38.8,416,9,ハッピーヘイロー,8.1
2018105013,ブッシュドノエル,2022/03/10,名古屋,晴,8,もうすぐ開催!第2回(C),12,3,3,4.0,2.0,6.0,木之前葵,52.0,ダ,1400.0,良,94.3,0.7,11-10-9,40.9,407,-10,スターオンステージ,
2018105013,ブッシュドノエル,2022/02/04,川崎,曇,8,C1七八,12,7,10,3.4,1.0,5.0,岡村健司,54.0,ダ,1400.0,良,92.3,0.7,10-10-8-8,40.5,417,-7,モダンライフ,12.0
2018105013,ブッシュドノエル,2022/01/12,船橋,晴,12,スキー2200(B3C1),11,8,10,14.4,5.0,8.0,岡村健司,53.5,ダ,2200.0,重,149.2,3.3,6-6-7-7,42.0,424,26,マスカテル,
2018105013,ブッシュドノエル,2021/08/28,4新潟5,曇,3,3歳未勝利,15,5,9,10.9,5.0,7.0,永野猛蔵,51.0,ダ,1800.0,良,116.2,1.9,10-9-7-6,39.8,398,2,キングスフィリア,
2018105013,ブッシュドノエル,2021/08/07,1函館11,晴,2,3歳未勝利,14,3,3,4.7,3.0,4.0,秋山稔樹,52.0,ダ,1700.0,良,108.0,0.5,12-13-10-10,38.6,396,-8,レープハフト,77.0
2018105013,ブッシュドノエル,2021/07/31,1函館9,曇,2,3歳未勝利,13,7,11,8.8,4.0,5.0,秋山稔樹,52.0,ダ,1700.0,良,108.5,1.0,4-5-6-7,38.8,404,-8,パルクールラン,51.0
2018105013,ブッシュドノエル,2021/06/26,3東京7,晴,2,3歳未勝利,16,3,5,9.4,5.0,6.0,小林脩斗,51.0,ダ,1600.0,稍,99.1,0.8,10-10,37.3,412,-2,スイートフィル,
2018105013,ブッシュドノエル,2021/06/06,3東京2,小雨,1,3歳未勝利,16,3,5,11.0,4.0,4.0,秋山稔樹,52.0,ダ,1400.0,重,85.8,0.4,13-12,36.9,414,8,ボレロ,77.0
2018105013,ブッシュドノエル,2021/05/15,2新潟3,晴,1,3歳未勝利,15,5,9,237.9,15.0,2.0,小林脩斗,51.0,ダ,1200.0,良,72.7,0.1,13-13,36.5,406,2,ゴールデンプルーフ,200.0
2018105013,ブッシュドノエル,2020/12/26,5中山7,晴,5,2歳新馬,16,1,2,25.1,9.0,15.0,嶋田純次,54.0,芝,1600.0,良,100.1,3.9,12-14-15,38.1,404,0,ジャズエチュード,
2021106966,マジックライン,2026/07/16,門別,晴,10,グランシャリオドリー(C3),12,2,2,55.6,8.0,7.0,岩橋勇二,57.0,ダ,1700.0,重,112.2,1.5,9-8-8-8,40.4,492,0,カネトシエテルノ,
2021106966,マジックライン,2026/07/02,門別,曇,11,道産子企業北海道競馬(C3),10,8,9,17.0,4.0,5.0,岩橋勇二,57.0,ダ,1800.0,良,119.9,0.7,7-7-6-6,39.3,492,-8,ブレイキンアウェイ,3.8
2021106966,マジックライン,2026/06/18,門別,曇,7,日高町商工会賞(C3),12,3,3,81.9,8.0,4.0,岩橋勇二,57.0,ダ,1700.0,良,112.5,0.9,6-5-5-5,39.4,500,-4,スキャボロフェアー,5.6
2021106966,マジックライン,2026/06/04,門別,曇,10,グランシャリオドリー(C3),12,6,7,38.4,7.0,5.0,岩橋勇二,57.0,ダ,1800.0,良,119.8,1.9,7-7-5-5,40.0,504,0,メイショウハリソン,3.8
2021106966,マジックライン,2026/05/21,門別,曇,12,ステラヴェローチェ賞(C3),0,1,1,,,,岩橋勇二,57.0,ダ,1700.0,良,,,,,502,-2,,
2021106966,マジックライン,2026/05/06,門別,晴,7,3歳以上C3ー2C4,11,5,5,157.7,11.0,4.0,井上俊彦,57.0,ダ,1800.0,良,120.2,0.4,5-4-4-4,39.1,504,4,シルバーミラージュ,5.6
2021106966,マジックライン,2026/04/23,門別,晴,7,3歳以上C3ー2C4,11,5,5,77.9,10.0,8.0,岩橋勇二,57.0,ダ,1700.0,稍,113.8,1.7,8-8-8-7,41.1,500,-6,ゲームアップロード,
2021106966,マジックライン,2025/11/12,門別,晴,7,ゼラニウム特別(C2),10,4,4,19.6,5.0,7.0,井上俊彦,57.0,ダ,1800.0,稍,120.4,1.8,6-6-6-5,40.7,506,0,バルドリア,
2021106966,マジックライン,2025/10/29,門別,晴,12,ネリネ特別(C2),11,2,2,49.7,8.0,9.0,井上俊彦,57.0,ダ,1700.0,稍,112.9,1.7,7-7-8-9,41.7,506,14,クラウンアールシー,
2021106966,マジックライン,2025/10/09,門別,晴,10,グランシャリオドリー(C3),8,3,3,15.3,5.0,5.0,金山昇馬,57.0,ダ,2000.0,良,134.3,0.1,6-4-5-5,39.6,492,0,ソリッドベーシス,3.8
2021106966,マジックライン,2025/09/25,門別,晴,9,パンジー特別(C3),7,7,7,9.1,3.0,1.0,小野楓馬,57.0,ダ,1800.0,不,117.4,-0.3,7-7-5-3,39.4,492,6,(アイルヴィータ),55.0
2021106966,マジックライン,2025/09/11,門別,曇,10,グランシャリオドリー(C3),12,1,1,30.2,8.0,7.0,井上俊彦,57.0,ダ,1700.0,良,112.5,0.6,12-12-12-12,39.2,486,-8,タカオスマイル,
2021106966,マジックライン,2025/08/28,門別,曇,10,グランシャリオドリー(C4),12,7,10,37.0,8.0,2.0,小野楓馬,57.0,ダ,1700.0,良,113.0,0.1,10-10-12-10,39.1,494,6,ラディアンテ,15.4
2021106966,マジックライン,2025/08/14,門別,曇,8,SORACHI198(C4),10,3,3,68.2,8.0,5.0,及川烈,56.0,ダ,1600.0,良,107.2,1.3,7-7-7-6,40.7,488,-2,タカオスマイル,2.8
2021106966,マジックライン,2025/07/31,門別,晴,8,優駿の里安平町谷川農(C4),11,7,8,64.9,8.0,6.0,井上俊彦,57.0,ダ,1700.0,稍,114.0,1.4,10-10-9-9,40.3,490,-2,トレビアンクリール,
2021106966,マジックライン,2025/07/17,門別,晴,10,グランシャリオドリー(C4),11,8,11,37.9,6.0,4.0,及川烈,56.0,ダ,1700.0,稍,113.8,0.5,8-7-7-2,41.1,492,-4,ビリーヴアンドラン,7.7
2021106966,マジックライン,2025/07/03,門別,晴,9,ツキミソウ特別(C4),11,7,9,284.0,10.0,9.0,岩橋勇二,57.0,ダ,1600.0,稍,107.0,1.8,7-6-8-11,42.0,496,0,パッションプリマ,
2021106966,マジックライン,2025/06/18,門別,晴,9,3歳以上C4ー2,12,6,7,136.6,8.0,12.0,及川烈,56.0,ダ,1200.0,良,76.9,2.1,12-12,38.8,496,-6,カツノトキメキ,
2021106966,マジックライン,2025/06/05,門別,曇,9,キンギョソウ特別(C4),8,8,8,25.2,5.0,4.0,及川烈,56.0,ダ,1200.0,重,75.8,2.1,5-6,39.0,502,-2,ヤマワケ,7.7
2021106966,マジックライン,2025/05/22,門別,晴,9,ONーAIRDO特別(C4),11,6,7,173.7,9.0,3.0,及川烈,56.0,ダ,1200.0,良,76.8,0.4,3-3,38.9,504,6,ロピア,11.6
2021106966,マジックライン,2024/10/23,門別,雨,5,3歳以上C3ー2C4,10,2,2,53.7,9.0,8.0,松井伸也,57.0,ダ,1800.0,不,121.2,4.4,9-9-8-8,42.5,498,6,アイビーサムライオ,
2021106966,マジックライン,2024/10/10,門別,晴,6,3歳以上C3ー2C4,11,1,1,122.0,9.0,6.0,藤田凌駕,54.0,ダ,1800.0,良,121.4,2.7,7-7-8-8,42.3,492,2,サトノフォルテ,
2021106966,マジックライン,2024/09/24,門別,晴,8,3歳以上C3C4ー1,12,3,3,129.7,9.0,11.0,黒澤愛斗,57.0,ダ,1700.0,良,114.5,3.3,8-11-8-9,41.5,490,2,ダバイカンティーク,
2021106966,マジックライン,2024/09/11,門別,晴,9,3歳以上C3C4ー1,11,4,4,340.7,11.0,10.0,吉本隆記,57.0,ダ,1600.0,良,109.0,4.0,10-11-11-11,43.4,488,0,オンドリータイザン,
2021106966,マジックライン,2024/08/28,門別,晴,8,3歳以上C3C4ー1,9,7,7,121.9,8.0,8.0,吉本隆記,57.0,ダ,1200.0,重,76.6,2.3,7-7,39.1,488,0,レジェンダリーデイ,
2021106966,マジックライン,2024/08/13,門別,曇,8,宮の沢白い恋人サッカ(C3),9,6,6,271.1,9.0,8.0,吉本隆記,57.0,ダ,1600.0,稍,108.0,2.3,7-6-6-7,41.6,488,2,ルリオウ,
2021106966,マジックライン,2024/07/30,門別,晴,7,3歳以上C3C4ー1,8,6,6,21.7,5.0,6.0,井上俊彦,57.0,ダ,1800.0,重,120.2,1.7,5-6-3-4,41.5,486,-4,メタルクラフト,
2021106966,マジックライン,2024/07/16,門別,晴,2,3歳以上C4ー3,12,6,8,98.1,11.0,1.0,吉本隆記,57.0,ダ,1700.0,良,113.7,0.0,3-1-3-3,41.4,490,4,(サクラストリーム),40.0
2021106966,マジックライン,2024/07/02,門別,晴,6,3歳以上C4ー3,12,4,4,36.9,7.0,7.0,吉本隆記,57.0,ダ,1700.0,稍,114.9,3.3,11-12-10-8,41.3,486,2,メタルクラフト,
2021106966,マジックライン,2024/05/29,門別,曇,4,3歳条件4組40万円,6,4,4,7.3,4.0,4.0,井上俊彦,57.0,ダ,1700.0,良,114.7,2.2,5-5-5-5,41.8,484,6,ハナアヤメ,8.4
2021106966,マジックライン,2024/05/04,1新潟3,晴,2,3歳未勝利,15,6,11,404.4,15.0,14.0,佐藤翔馬,54.0,ダ,1800.0,良,118.0,3.0,12-13-11-11,39.8,478,0,ピカレスクノベル,
2021106966,マジックライン,2024/04/14,3中山8,晴,3,3歳未勝利,15,4,6,301.9,15.0,8.0,原優介,56.0,ダ,1800.0,良,116.9,2.7,14-15-14-13,40.4,478,0,テリフィックプラン,
2021106966,マジックライン,2024/03/24,1中京6,小雨,3,3歳未勝利,14,1,1,475.2,13.0,8.0,秋山稔樹,56.0,ダ,1800.0,重,115.0,2.2,8-8-11-10,37.0,478,-8,シャンパンポップ,
2021106966,マジックライン,2024/03/03,2中山4,晴,3,3歳未勝利,15,2,4,663.6,15.0,12.0,石橋脩,57.0,ダ,1800.0,稍,118.1,2.8,14-14-12-14,40.6,486,0,メジャーレーベル,
2021106966,マジックライン,2023/12/24,5中山8,曇,2,2歳未勝利,16,6,11,539.4,15.0,13.0,菊沢一樹,56.0,ダ,1800.0,良,119.0,3.7,14-14-14-13,41.2,486,-2,インテルメディオ,
2021106966,マジックライン,2023/12/03,5中山2,晴,4,2歳新馬,16,4,8,50.8,11.0,12.0,松岡正海,56.0,ダ,1200.0,良,75.9,2.9,10-10,39.4,488,0,グラスブランシュ,
2022105608,ドクターストップ,2026/07/16,門別,晴,10,グランシャリオドリー(C3),12,3,3,35.5,5.0,8.0,服部茂史,55.0,ダ,1700.0,重,113.4,2.7,12-12-11-11,39.0,462.0,2.0,カネトシエテルノ,
2022105608,ドクターストップ,2026/07/02,門別,曇,11,道産子企業北海道競馬(C3),10,7,7,63.3,7.0,3.0,阿岸潤一,54.0,ダ,1800.0,良,119.6,0.4,9-9-8-8,38.9,460.0,-4.0,ブレイキンアウェイ,11.6
2022105608,ドクターストップ,2026/06/18,門別,曇,7,日高町商工会賞(C3),12,4,4,80.7,7.0,10.0,阿岸潤一,54.0,ダ,1700.0,良,114.2,2.6,12-12-12-11,38.3,464.0,0.0,スキャボロフェアー,
2022105608,ドクターストップ,2026/06/04,門別,曇,10,グランシャリオドリー(C3),12,7,10,100.6,10.0,4.0,阿岸潤一,54.0,ダ,1800.0,良,119.7,1.8,8-9-12-10,38.5,464.0,6.0,メイショウハリソン,7.7
2022105608,ドクターストップ,2026/05/14,門別,曇,10,グランシャリオドリー(C3),12,4,4,171.9,11.0,10.0,阿岸潤一,54.0,ダ,1200.0,良,76.5,1.7,12-10,37.9,458.0,0.0,タイセイルーマー,
2022105608,ドクターストップ,2026/04/30,門別,晴,9,グランシャリオドリー(C3),13,5,6,70.0,10.0,13.0,阿岸潤一,54.0,ダ,1200.0,良,77.2,1.5,10-10,39.4,458.0,-6.0,タイセイシャルト,
2022105608,ドクターストップ,2026/04/16,門別,晴,10,グランシャリオドリー(C3),14,6,9,92.0,11.0,9.0,阿岸潤一,54.0,ダ,1200.0,良,76.3,1.3,11-11,39.3,464.0,4.0,リオンセーラス,
2022105608,ドクターストップ,2025/11/12,門別,晴,7,ゼラニウム特別(C2),10,8,9,5.3,2.0,5.0,服部茂史,55.0,ダ,1800.0,稍,120.3,1.7,7-8-7-7,40.4,460.0,-4.0,バルドリア,3.8
2022105608,ドクターストップ,2025/10/29,門別,晴,12,ネリネ特別(C2),11,8,11,9.6,3.0,3.0,服部茂史,55.0,ダ,1700.0,稍,111.9,0.7,11-11-11-11,38.9,464.0,4.0,クラウンアールシー,11.6
2022105608,ドクターストップ,2025/10/15,門別,晴,11,ブッドレア特別(C2),10,2,2,29.2,7.0,5.0,桑村真明,55.0,ダ,1800.0,稍,120.5,1.5,9-9-9-8,38.2,460.0,0.0,ブレスドナイル,3.8
2022105608,ドクターストップ,2025/10/01,門別,雨,8,ジャノメギク特別(C2),12,4,4,83.0,9.0,4.0,岩橋勇二,55.0,ダ,1700.0,重,112.3,1.1,4-6-7-7,39.7,460.0,-4.0,リュウジンオー,7.7
2022105608,ドクターストップ,2025/09/17,門別,曇,7,バーベナ特別(C2),11,2,2,101.2,8.0,7.0,小杉亮,55.0,ダ,1800.0,良,120.8,1.8,8-8-11-10,39.3,464.0,4.0,ファーマシャイン,
2022105608,ドクターストップ,2025/09/02,門別,曇,9,コスモス特別(C2),10,8,10,6.6,3.0,9.0,服部茂史,55.0,ダ,1000.0,重,62.9,2.2,10-10,37.1,460.0,2.0,ロアリングフレイム,
2022105608,ドクターストップ,2025/08/21,門別,晴,8,じゃがいも焼酎清里5(C3),10,8,10,14.7,5.0,1.0,服部茂史,55.0,ダ,1000.0,稍,62.0,-0.3,7-6,36.7,458.0,4.0,(ベルオーブ),55.0
2022105608,ドクターストップ,2025/08/07,門別,曇,10,グランシャリオドリー(C3),12,4,4,12.4,5.0,8.0,服部茂史,55.0,ダ,1200.0,稍,76.5,1.7,12-12,37.5,454.0,4.0,キタノプレンティ,
2022105608,ドクターストップ,2025/07/30,門別,,10,グランシャリオドリー(C3),0,8,11,,,,服部茂史,55.0,ダ,1200.0,,,,,,,,,
2022105608,ドクターストップ,2025/07/15,門別,曇,7,キキョウ特別(C4),11,7,8,4.0,2.0,1.0,服部茂史,55.0,ダ,1200.0,稍,76.2,-0.1,9-8,37.8,450.0,8.0,(マロガレ),55.0
2022105608,ドクターストップ,2025/07/02,門別,曇,6,3歳以上C4ー3,10,7,8,2.1,1.0,4.0,服部茂史,55.0,ダ,1200.0,良,76.1,0.9,10-10,37.5,442.0,-10.0,キスメット,5.6
2022105608,ドクターストップ,2025/06/19,門別,晴,2,3歳以上C4ー3,13,1,1,24.1,10.0,4.0,服部茂史,55.0,ダ,1200.0,良,75.6,0.3,13-13,36.6,452.0,30.0,ラストカノン,5.6
2022105608,ドクターストップ,2025/03/23,1阪神8,晴,3,3歳未勝利,12,6,8,212.0,11.0,12.0,長岡禎仁,55.0,ダ,1800.0,良,122.8,6.4,12-12-12-12,40.7,422.0,-2.0,メイケイロゼッタ,
2022105608,ドクターストップ,2025/03/16,2中京2,曇,3,3歳未勝利,16,6,12,398.0,15.0,13.0,橋木太希,52.0,ダ,1400.0,重,87.0,3.5,15-15,37.7,424.0,-16.0,ハードセルツァー,
2022105608,ドクターストップ,2025/01/06,1中京2,曇,3,3歳新馬,16,7,13,176.4,13.0,9.0,長岡禎仁,55.0,ダ,1400.0,良,88.4,2.2,13-13,38.2,440.0,0.0,フィリップバローズ,
2018102281,キタノエクスプレス,2026/07/02,門別,曇,12,ツキミソウ特別(A1),9,6,6,2.8,1.0,8,落合玄太,57.0,ダ,1200.0,良,75.6,1.7,1-1,38.9,520,16,スティールペガサス,
2018102281,キタノエクスプレス,2025/07/06,2小倉4,晴,11,TV西日本北九州記念(GIII),18,8,17,7.4,3.0,5,国分優作,57.0,芝,1200.0,良,68.0,0.2,14-15,34.6,504,-6,ヤマニンアルリフラ,410.0
2018102281,キタノエクスプレス,2025/05/17,2京都7,晴,11,鞍馬S(OP),11,6,7,4.9,3.0,2,国分優作,58.0,芝,1200.0,重,68.8,0.1,7-5,33.8,510,0,オタルエバー,927.0
2018102281,キタノエクスプレス,2025/03/30,2中京6,晴,11,高松宮記念(GI),18,5,9,130.5,13.0,15,国分恭介,58.0,芝,1200.0,良,69.4,1.5,15-15,34.4,510,4,サトノレーヴ,
2018102281,キタノエクスプレス,2025/02/16,1小倉8,晴,11,北九州短距離S(OP),15,7,13,5.0,2.0,1,国分優作,57.0,芝,1200.0,良,68.5,0.0,5-4,34.1,506,-10,(ロードフォアエース),2332.2
2018102281,キタノエクスプレス,2024/10/05,5京都1,晴,11,夕刊フジ杯オパールS(L),18,6,12,5.9,2.0,7,国分優作,55.0,芝,1200.0,良,67.7,0.3,5-5,34.1,516,12,ビッグシーザー,
2018102281,キタノエクスプレス,2024/08/18,2中京4,晴,11,CBC賞(GIII),18,1,2,4.0,1.0,7,国分優作,55.0,芝,1200.0,良,68.0,0.5,8-8,33.7,504,-4,ドロップオブライト,
2018102281,キタノエクスプレス,2024/06/29,2福島1,晴,11,バーデンバーデンC(3勝クラス),14,3,3,3.9,2.0,1,国分優作,58.0,芝,1200.0,良,67.0,-0.1,5-3,34.0,508,-14,(エコロレジーナ),1870.8
2018102281,キタノエクスプレス,2024/05/11,3京都7,晴,7,4歳以上2勝クラス,14,3,3,2.0,1.0,1,国分優作,58.0,芝,1200.0,良,67.7,-0.2,8-6,33.3,522,10,(オックスリップ),1140.0
2018102281,キタノエクスプレス,2024/02/24,1阪神1,晴,12,4歳以上2勝クラス,10,6,6,2.2,1.0,2,国分優作,58.0,芝,1200.0,良,68.5,0.3,8-7,34.0,512,-10,ウォータールグラン,460.0
2018102281,キタノエクスプレス,2024/02/03,2京都3,晴,8,4歳以上2勝クラス,12,7,9,7.6,4.0,2,国分優作,58.0,芝,1200.0,良,68.8,0.1,11-9,33.9,522,4,グランテスト,460.0
2018102281,キタノエクスプレス,2024/01/07,1京都2,晴,12,4歳以上2勝クラス,12,8,11,55.3,10.0,2,国分優作,58.0,芝,1200.0,良,69.5,0.0,11-11,33.4,518,18,イラーレ,460.0
2018102281,キタノエクスプレス,2023/05/13,1京都7,雨,12,4歳以上2勝クラス,15,4,6,16.1,7.0,7,国分優作,58.0,ダ,1200.0,良,73.2,1.4,12-11,36.2,500,-4,スマートラプター,
2018102281,キタノエクスプレス,2023/02/12,1阪神2,晴,12,4歳以上2勝クラス,16,4,7,4.1,2.0,6,ムルザバ,58.0,ダ,1200.0,良,72.8,0.5,2-2,37.5,504,2,クレド,
2018102281,キタノエクスプレス,2022/11/13,5阪神4,曇,12,ドンカスターC(2勝クラス),13,4,4,3.4,1.0,9,川田将雅,57.0,ダ,1400.0,重,83.9,0.8,1-1,36.7,502,6,モズリッキー,
2018102281,キタノエクスプレス,2022/10/09,4東京2,小雨,12,3歳以上2勝クラス,16,7,14,5.6,3.0,12,川田将雅,57.0,ダ,1400.0,稍,84.2,1.2,2-2,38.4,496,-12,レッドゲイル,
2018102281,キタノエクスプレス,2022/09/18,5中京4,曇,12,3歳以上2勝クラス,16,5,9,4.3,2.0,2,坂井瑠星,57.0,ダ,1400.0,良,83.7,0.9,1-1,37.1,508,4,ドンフランキー,440.0
2018102281,キタノエクスプレス,2022/06/04,3東京1,晴,12,3歳以上2勝クラス,16,4,8,3.5,2.0,9,津村明秀,57.0,ダ,1400.0,良,84.9,0.7,1-1,38.6,504,0,プエルタデルソル,
2018102281,キタノエクスプレス,2022/05/14,2東京7,曇,9,日吉特別(2勝クラス),14,5,9,4.6,3.0,3,川田将雅,57.0,ダ,1400.0,重,82.9,0.4,2-2,35.3,504,2,ナンヨーアイボリー,385.9
2018102281,キタノエクスプレス,2022/02/13,1阪神2,小雨,12,4歳以上2勝クラス,16,1,1,4.4,1.0,14,和田竜二,57.0,ダ,1400.0,良,87.1,2.4,1-1,40.3,502,-10,ワンダーイチョウ,
2018102281,キタノエクスプレス,2022/01/22,1中京7,晴,12,4歳以上1勝クラス,13,5,6,3.1,2.0,1,松山弘平,56.0,ダ,1400.0,良,84.5,-0.2,1-1,36.8,512,10,(ドンカポノ),770.0
2018102281,キタノエクスプレス,2021/10/03,5中京9,晴,8,3歳以上1勝クラス,15,7,14,2.9,1.0,7,松山弘平,55.0,ダ,1400.0,良,85.3,1.0,4-4,37.8,502,-16,レディステディゴー,
2018102281,キタノエクスプレス,2021/06/20,3阪神2,晴,2,3歳未勝利,16,4,7,2.5,1.0,1,松山弘平,56.0,ダ,1400.0,重,83.5,0.0,1-1,36.9,518,-2,(テイエムグレイト),510.0
2018102281,キタノエクスプレス,2021/02/20,1阪神3,晴,4,3歳新馬,16,2,4,3.2,1.0,3,国分優作,56.0,ダ,1400.0,良,87.9,0.4,2-2,40.0,520,0,メイショウサトワ,150.0
2021100918,ジャイロ,2026/07/15,門別,曇,12,日高銀聖特別(A2),9,1,1,4.1,2.0,2,石川倭,57.0,ダ,1000.0,稍,60.9,0.3,3-2,37.1,484.0,2.0,ミッドナイトゲイル,28.0
2021100918,ジャイロ,2026/06/17,門別,曇,11,JA門別馬舞米特別(A3),8,6,6,2.8,2.0,1,石川倭,56.0,ダ,1000.0,良,61.0,-0.1,1-1,37.6,482.0,-2.0,(キャストロポポ),90.0
2021100918,ジャイロ,2026/06/03,門別,曇,11,ラナンキュラス特別(B1),7,5,5,1.8,1.0,4,桑村真明,57.0,ダ,1200.0,良,74.6,0.6,3-3,38.7,484.0,-2.0,イイデマイヒメ,9.8
2021100918,ジャイロ,2026/05/20,門別,曇,11,ホクレンえん麦特別(A4),7,5,5,2.5,2.0,4,井上瑛太,56.0,ダ,1000.0,良,61.5,1.3,4-4,36.9,486.0,0.0,ヤマニンパッセ,11.2
2021100918,ジャイロ,2026/05/06,門別,晴,8,ハルジオン特別(A3),12,4,4,3.7,2.0,5,藤田凌駕,54.0,ダ,1000.0,良,61.5,0.8,2-4,37.7,486.0,2.0,ワンダーウーマン,6.3
2021100918,ジャイロ,2026/04/23,門別,晴,11,シバザクラ特別(A1),10,5,5,2.3,1.0,4,藤田凌駕,55.0,ダ,1000.0,稍,61.3,0.2,6-6,36.5,484.0,6.0,イッツクール,28.0
2021100918,ジャイロ,2025/11/06,門別,曇,9,サイネリア特別(A4),10,6,8,4.6,3.0,1,桑村真明,56.0,ダ,1200.0,稍,73.5,-0.5,3-2,37.5,478.0,-2.0,(ラストボーン),80.0
2021100918,ジャイロ,2025/10/23,門別,晴,10,グランシャリオドリー(A4),12,4,4,35.8,7.0,3,桑村真明,56.0,ダ,1200.0,稍,74.6,0.4,9-7,37.3,480.0,6.0,ペプチドシュチク,16.8
2021100918,ジャイロ,2025/10/09,門別,晴,8,夢をのせて浦河産馬特(A4),9,8,8,6.1,4.0,中,藤田凌駕,54.0,ダ,1200.0,良,,,,,474.0,8.0,ペプチドシュチク,
2021100918,ジャイロ,2025/09/02,門別,曇,11,びらとり和牛・トマト(B3),9,5,5,5.0,3.0,1,藤田凌駕,55.0,ダ,1000.0,重,60.8,-0.2,7-4,36.3,466.0,0.0,(スティールブライト),65.0
2021100918,ジャイロ,2025/08/20,門別,曇,11,一般社団法人東京馬主(B3),9,5,5,5.5,3.0,1,藤田凌駕,53.0,ダ,1000.0,重,61.2,-0.1,3-2,37.0,466.0,-2.0,(アニマルフルーツ),65.0
2021100918,ジャイロ,2025/08/06,門別,曇,12,姥神大神宮渡御祭特別(B3),12,4,4,11.5,5.0,6,桑村真明,56.0,ダ,1000.0,良,62.1,1.1,7-6,37.5,468.0,-4.0,ギャルソンマンキ,
2021100918,ジャイロ,2025/07/22,門別,晴,10,グランシャリオドリー(C1),10,7,8,3.6,3.0,1,桑村真明,57.0,ダ,1000.0,良,61.4,-0.1,1-1,37.2,472.0,0.0,(アニマルフルーツ),55.0
2021100918,ジャイロ,2025/06/24,門別,晴,10,グランシャリオドリー(C1),10,7,8,,,取,桑村真明,57.0,ダ,1000.0,良,,,,,,,ギャルソンマンキ,
2021100918,ジャイロ,2025/06/10,門別,晴,8,アガパンサス特別(C1),12,5,6,8.4,4.0,3,小野楓馬,57.0,ダ,1000.0,良,61.7,0.4,9-8,36.9,472.0,0.0,マノレア,11.6
2021100918,ジャイロ,2025/05/27,門別,晴,10,グランシャリオドリー(C1),11,6,8,11.5,5.0,4,小野楓馬,57.0,ダ,1200.0,良,74.6,0.9,4-4,38.2,472.0,0.0,トネムスメ,7.7
2021100918,ジャイロ,2025/05/01,門別,晴,9,ヤマブキ特別(C2),9,1,1,3.8,3.0,1,藤田凌駕,54.0,ダ,1000.0,稍,61.8,0.0,2-1,37.6,472.0,-4.0,(コインポケット),55.0
2021100918,ジャイロ,2025/04/16,門別,雨,10,グランシャリオドリー(C1),10,8,9,5.3,3.0,3,藤田凌駕,54.0,ダ,1000.0,不,59.9,0.6,2-2,36.3,476.0,-7.0,マノレア,11.6
2021100918,ジャイロ,2025/03/13,大井,晴,3,C3一二三(C3二),16,2,3,4.1,2.0,16,吉原寛人,56.0,ダ,1200.0,不,76.4,1.8,11-12,39.4,483.0,-1.0,リンダポッケ,
2021100918,ジャイロ,2025/02/20,大井,晴,1,C3三四,13,1,1,13.2,3.0,3,山本聡哉,56.0,ダ,1200.0,良,75.1,0.2,5-5,37.4,484.0,11.0,リンダポッケ,20.0
2021100918,ジャイロ,2025/01/29,大井,晴,3,C3三四五(C3四),14,4,6,7.5,4.0,9,山本聡哉,56.0,ダ,1200.0,良,77.7,2.4,6-8,39.9,473.0,-3.0,フェスティヴルディ,
2021100918,ジャイロ,2024/10/29,門別,晴,9,サザンカ特別(B4),10,8,10,3.6,2.0,4,阿部龍,57.0,ダ,1200.0,良,75.2,0.2,5-3,38.9,476.0,0.0,インクルーデッド,9.1
2021100918,ジャイロ,2024/10/16,門別,晴,9,ミズヒキ特別(C2),12,5,5,10.6,5.0,1,藤田凌駕,54.0,ダ,1200.0,重,74.4,-0.2,1-1,38.7,476.0,2.0,(ビスマルク),55.0
2021100918,ジャイロ,2024/10/02,門別,曇,8,日高町建設協会特別2(C2),12,4,4,20.7,7.0,3,藤田凌駕,54.0,ダ,1200.0,良,74.9,0.5,4-4,38.2,474.0,0.0,フェレザ,11.6
2021100918,ジャイロ,2024/09/11,門別,晴,10,ベロニカ特別(C3),11,1,1,8.3,3.0,4,藤田凌駕,54.0,ダ,1200.0,良,75.5,1.5,7-7,37.9,474.0,6.0,サトノセレナーデ,7.7
2021100918,ジャイロ,2024/08/21,門別,晴,8,3歳以上C3C4ー1,8,7,7,3.6,2.0,1,藤田凌駕,54.0,ダ,1000.0,稍,62.0,-0.1,7-6,36.4,468.0,-10.0,(マリアハッピー),40.0
2021100918,ジャイロ,2024/08/01,門別,雨,5,3歳以上C4ー3,12,8,12,8.1,4.0,1,藤田凌駕,54.0,ダ,1000.0,稍,62.7,-0.4,10-8,37.0,478.0,14.0,(ハナカンザシ),40.0
2021100918,ジャイロ,2024/05/12,1新潟6,曇,3,3歳未勝利,15,8,14,39.4,7.0,15,亀田温心,57.0,ダ,1800.0,良,120.8,6.2,5-6-9-13,42.6,464.0,-4.0,ジェンマ,
2021100918,ジャイロ,2024/04/27,3京都3,曇,2,3歳未勝利,16,2,3,64.1,9.0,15,小沢大仁,56.0,ダ,1200.0,良,76.1,2.3,13-15,38.7,468.0,0.0,メイショウヨシノ,
2020106369,カッパギ,2026/07/15,門別,曇,7,アルビレオ特別(A2),9,7,7,14.7,5.0,4,桑村真明,57.0,ダ,1200.0,稍,74.5,0.8,4-2,38.2,468,4,カッタッパ,16.8
2020106369,カッパギ,2026/06/18,門別,曇,11,サラブレッドのまち日(A1),9,2,2,12.6,4.0,8,阿部龍,55.0,ダ,1200.0,良,74.5,1.0,8-8,37.5,464,2,デステージョ,
2020106369,カッパギ,2026/06/04,門別,曇,11,雪印種苗BFMP特別(A1),6,3,3,7.8,3.0,3,服部茂史,55.0,ダ,1200.0,良,73.9,0.5,6-5,36.0,462,0,ラッキーホープ,42.0
2020106369,カッパギ,2026/05/21,門別,曇,8,ツツジ特別(A3),9,8,8,3.9,3.0,2,服部茂史,57.0,ダ,1200.0,良,73.9,0.0,5-5,37.1,462,-2,モノノフブラック,25.2
2020106369,カッパギ,2026/04/23,門別,晴,12,エトワール賞〔H3〕(重賞),14,5,7,102.9,9.0,6,桑村真明,55.0,ダ,1200.0,稍,74.1,1.7,12-12,36.4,464,-12,スペシャルエックス,
2020106369,カッパギ,2025/11/06,門別,曇,11,ベロニカ特別(A1),11,5,5,7.1,3.0,8,桑村真明,57.0,ダ,1200.0,稍,74.4,1.3,11-11,36.5,476,0,ラッキーホープ,
2020106369,カッパギ,2025/10/23,門別,晴,12,モーリス・プレミアム(A1),7,7,7,9.2,4.0,1,桑村真明,55.0,ダ,1200.0,稍,74.2,0.0,4-4,37.3,476,6,(ジャスパーメジャー),200.0
2020106369,カッパギ,2025/10/07,門別,曇,12,赤井川オーガニックか(A2),12,2,2,21.9,6.0,6,桑村真明,58.0,ダ,1200.0,良,74.7,1.9,2-2,39.1,470,0,ベラジオゼロ,
2020106369,カッパギ,2025/09/23,門別,晴,12,北海道コンサドーレ札(A2),12,7,10,4.0,2.0,5,桑村真明,58.0,ダ,1200.0,稍,74.7,0.7,8-6,37.4,470,2,モーニングショー,7.0
2020106369,カッパギ,2025/09/09,門別,曇,12,日高生産連特別(A2),8,2,2,2.8,3.0,4,桑村真明,58.0,ダ,1200.0,稍,74.2,0.8,3-3,38.3,468,-4,ヴィヴィアンエイト,14.0
2020106369,カッパギ,2025/08/27,門別,曇,12,シスキン・プレミアム(A2),10,2,2,3.0,3.0,1,桑村真明,57.0,ダ,1200.0,良,75.0,0.0,1-1,38.4,472,2,(オンラインボス),200.0
2020106369,カッパギ,2025/07/31,門別,晴,10,グランシャリオドリー(A4),12,7,9,3.4,2.0,1,桑村真明,58.0,ダ,1200.0,稍,73.8,-0.7,9-4,36.8,470,4,(ジャスパードリーム),80.0
2020106369,カッパギ,2025/07/16,門別,曇,11,新冠町軽種馬生産振興(A2),8,1,1,6.0,3.0,5,桑村真明,56.0,ダ,1200.0,稍,74.6,1.0,4-4,37.3,466,-2,ピンクヴェノム,7.0
2020106369,カッパギ,2025/07/02,門別,曇,11,江差かもめ島まつり特(A4),7,8,8,2.0,2.0,1,桑村真明,57.0,ダ,1200.0,良,73.6,-0.6,3-2,37.1,468,4,(カプセル),80.0
2020106369,カッパギ,2025/06/05,門別,曇,8,ゲラニウム特別(A3),7,6,6,3.7,2.0,2,桑村真明,56.0,ダ,1200.0,重,73.4,1.3,3-2,37.7,464,4,ミラクルヴォイス,25.2
2020106369,カッパギ,2025/05/21,門別,晴,9,ニリンソウ特別(A4),13,5,6,5.4,3.0,3,桑村真明,57.0,ダ,1200.0,良,74.6,0.2,2-2,39.0,460,-6,トーセンジャック,16.8
2020106369,カッパギ,2025/05/07,門別,晴,12,コントレイル・プレミ(A3),9,8,8,2.8,2.0,5,桑村真明,56.0,ダ,1200.0,稍,75.1,1.2,6-4,38.3,466,2,オカンモシャチョウ,7.0
2020106369,カッパギ,2025/04/23,門別,曇,11,ゆうべつチューリップ(A4),12,4,4,4.4,2.0,4,桑村真明,57.0,ダ,1200.0,重,73.9,1.2,12-12,35.4,464,-1,オカンモシャチョウ,11.2
2020106369,カッパギ,2025/03/13,大井,晴,10,朧月賞競走(B1B2),9,3,3,64.2,9.0,9,新原周馬,55.0,ダ,1600.0,重,105.9,3.8,8-8-9-9,40.5,465,3,メーサンデュラント,
2020106369,カッパギ,2025/02/18,大井,晴,7,オープス中郷賞競走(B2),4,3,3,9.9,3.0,4,新原周馬,56.0,ダ,1600.0,良,104.6,1.6,3-3-4-4,39.1,462,-3,ヒロシゲジャック,63.0
2020106369,カッパギ,2025/01/27,大井,曇,12,白富士賞競走(B2B3),13,4,4,106.9,11.0,9,新原周馬,57.0,ダ,1650.0,良,107.6,1.2,2-2-2-2,41.3,465,-1,レイリ,
2020106369,カッパギ,2025/01/13,大井,晴,11,ウェルカム2025賞(B2),14,3,4,119.6,9.0,13,阿部龍,56.0,ダ,1400.0,稍,89.7,3.7,10-14-14,39.3,466,3,リコールガー,
2020106369,カッパギ,2024/12/30,大井,晴,11,カプリコーン賞競走(B2),16,1,1,34.5,6.0,16,阿部龍,56.0,ダ,1200.0,良,75.7,2.2,15-14,37.4,463,-2,ビーアイフェリペ,
2020106369,カッパギ,2024/12/06,大井,晴,9,スマイルシティ・品川(B1B2),16,8,16,15.8,6.0,12,阿部龍,55.0,ダ,1200.0,良,73.9,1.1,11-12,37.3,465,-5,ルイス,
2020106369,カッパギ,2024/11/04,門別,曇,12,来年のJBCは船橋と(A4),9,5,5,3.8,2.0,1,桑村真明,58.0,ダ,1200.0,良,73.7,-0.3,4-2,36.7,470,0,(オスカーブレイン),80.0
2020106369,カッパギ,2024/10/24,門別,晴,11,スイートアリッサム特(A3),11,6,7,3.1,1.0,6,桑村真明,56.0,ダ,1200.0,重,74.2,0.8,8-8,36.9,470,-2,ピンクヴェノム,
2020106369,カッパギ,2024/10/10,門別,晴,11,ゲッカビジン特別(A3),8,2,2,1.6,1.0,4,阿部龍,56.0,ダ,1200.0,良,74.7,0.2,3-3,37.6,472,10,ブローヴェイス,12.6
2020106369,カッパギ,2024/09/12,門別,晴,8,ランタナ特別(A3),9,3,3,4.1,2.0,5,桑村真明,56.0,ダ,1700.0,良,111.2,1.1,3-4-2-3,39.4,462,-2,センゲントップ,6.3
2020106369,カッパギ,2024/08/13,門別,曇,9,北海道とともに、世界(A4),7,2,2,1.1,1.0,1,桑村真明,56.0,ダ,1200.0,稍,75.1,-0.3,3-1,38.1,464,4,(バシュラマック),80.0
2020106369,カッパギ,2024/07/16,門別,晴,9,匠の味!ほべつメロン(A4),10,5,5,2.2,1.0,2,桑村真明,56.0,ダ,1200.0,良,73.8,0.5,4-1,36.9,460,2,ラッキーホープ,22.4
2020106369,カッパギ,2024/06/26,門別,晴,10,ザクロ特別(B2),12,7,9,2.1,2.0,1,桑村真明,58.0,ダ,1200.0,稍,74.4,-0.4,4-3,37.3,458,0,(ラッキーホープ),70.0
2020106369,カッパギ,2024/06/05,門別,曇,6,デルフィニウム特別(A4),7,2,2,2.1,1.0,3,桑村真明,56.0,ダ,1200.0,良,73.8,0.5,2-2,37.2,458,2,ジャスパーメジャー,16.8
2020106369,カッパギ,2024/05/15,門別,晴,10,ハクチョウゲ特別(B2),12,5,6,3.0,2.0,1,阿部龍,57.0,ダ,1200.0,良,73.7,0.0,3-1,36.8,456,0,(ラッキーホープ),70.0
2020106369,カッパギ,2024/05/01,門別,晴,11,北海道コーン茶特別(B3),12,7,9,5.8,2.0,1,桑村真明,56.0,ダ,1200.0,良,73.6,-0.6,3-2,37.2,456,-4,(ラッキーホープ),65.0
2020106369,カッパギ,2024/04/17,門別,雨,12,すぱっと!POG!開(B3),12,4,4,2.7,1.0,3,桑村真明,56.0,ダ,1200.0,重,73.4,1.6,6-4,37.2,460,-1,ジャスパーメジャー,13.7
2020106369,カッパギ,2024/03/04,船橋,晴,10,イカリソウスプリント(B3),12,4,4,1.5,1.0,4,張田昂,56.0,ダ,1200.0,良,75.5,0.5,5-4-3,39.0,461,-3,クアトロフォンテ,40.5
2020106369,カッパギ,2024/02/06,船橋,曇,12,海神スプリント(B3),12,3,3,1.6,1.0,2,張田昂,56.0,ダ,1200.0,不,74.5,0.3,5-5-6,38.0,464,0,ハクサンオリヒメ,108.0
2020106369,カッパギ,2024/01/16,船橋,晴,9,キャロッタ×ウマ娘記(C1),12,5,6,2.1,1.0,1,張田昂,56.0,ダ,1200.0,良,74.8,-0.6,5-6-4,38.2,464,5,(バルネージュ),180.0
2020106369,カッパギ,2023/12/19,船橋,曇,5,C1選抜馬,9,5,5,1.1,1.0,2,張田昂,56.0,ダ,1200.0,良,75.3,0.3,2-1-1,39.8,459,-2,バルネージュ,60.0
2020106369,カッパギ,2023/11/28,船橋,晴,6,C1五六,10,5,5,1.7,1.0,1,桑村真明,56.0,ダ,1200.0,良,73.8,-0.2,4-4-2,37.8,461,5,(リュウノアスラーム),120.0
2020106369,カッパギ,2023/11/03,門別,晴,12,来年のJBCは佐賀と(B3),8,3,3,1.6,1.0,2,桑村真明,57.0,ダ,1200.0,稍,73.4,0.2,3-3,36.6,456,2,ラッキーホープ,15.4
2020106369,カッパギ,2023/10/04,門別,晴,12,浦河町ふるさと納税大(B3),11,4,4,2.6,2.0,2,桑村真明,56.0,ダ,1200.0,良,73.6,0.0,6-4,37.0,454,-4,ジョルジュ,15.4
2020106369,カッパギ,2023/09/20,門別,晴,11,北海道えぞまつ特別1(B3),12,8,11,3.5,2.0,1,桑村真明,55.0,ダ,1200.0,良,73.7,-0.1,3-2,37.6,458,2,(ヤマノウォーリア),55.0
2020106369,カッパギ,2023/08/23,門別,晴,11,一般社団法人東京馬主(C1),8,1,1,1.5,1.0,1,桑村真明,56.0,ダ,1200.0,稍,74.1,-0.6,3-3,36.8,456,-6,(グリューナブリッツ),55.0
2020106369,カッパギ,2023/08/10,門別,曇,11,競馬ほのぼの観戦ツア(C1),11,3,3,2.7,2.0,2,桑村真明,56.0,ダ,1200.0,稍,74.3,0.1,3-3,37.4,462,10,ラッキーホープ,15.4
2020106369,カッパギ,2023/07/12,門別,曇,10,うらかわ馬フェスタ賞(C2),7,5,5,1.2,1.0,1,桑村真明,56.0,ダ,1200.0,重,74.9,-0.5,4-3,37.8,452,6,(アルマロベイラ),40.0
2020106369,カッパギ,2023/06/21,門別,晴,7,ひだか樹魂まつり賞(C4),10,4,4,1.8,1.0,1,桑村真明,56.0,ダ,1200.0,良,74.6,-0.3,2-1,38.3,446,-2,(レイシン),40.0
2020106369,カッパギ,2023/06/01,門別,晴,5,水無月賞(OP)(3歳),6,1,1,6.2,3.0,6,桑村真明,57.0,ダ,1200.0,良,76.2,2.3,1-2,41.3,448,8,シーサーペント,
2020106369,カッパギ,2023/05/03,門別,晴,8,稲苗月特別(3歳),9,1,1,8.4,3.0,2,桑村真明,55.0,ダ,1200.0,良,74.3,0.6,6-5,38.1,440,-6,ジョルジュ,42.0
2020106369,カッパギ,2023/04/20,門別,曇,7,鳥待月特別(3歳),10,7,8,21.5,6.0,4,桑村真明,55.0,ダ,1200.0,稍,74.7,0.8,9-8,38.7,446,2,サワヤカローズ,21.0
2020106369,カッパギ,2022/11/10,門別,晴,6,トパーズ特別(OP)(2歳),10,2,2,2.7,1.0,9,桑村真明,55.0,ダ,1200.0,稍,76.6,2.5,9-9,39.3,444,6,フクノユリディズ,
2020106369,カッパギ,2022/10/12,門別,晴,8,JRA認定ウィナーズ(2歳),10,6,6,2.3,1.0,4,桑村真明,55.0,ダ,1200.0,重,74.4,0.4,5-4,38.3,438,-8,スタードラマー,30.8
2020106369,カッパギ,2022/09/22,門別,晴,4,日高町の夏山登山賞(2歳),7,7,7,1.9,1.0,1,桑村真明,55.0,ダ,1200.0,稍,74.6,-0.4,3-3,38.8,446,-6,(ラヴァリエール),60.0
2020106369,カッパギ,2022/09/08,門別,晴,3,2歳未勝利(未勝利),11,6,6,3.5,2.0,1,桑村真明,54.0,ダ,1000.0,良,61.9,-1.0,2-1,37.4,452,12,(サザンフルーヴ),50.0
2020106369,カッパギ,2022/07/14,門別,曇,4,JRA認定フレッシュ(新馬)(2歳),9,1,1,15.6,6.0,3,桑村真明,54.0,ダ,1100.0,良,70.6,0.9,7-4,39.4,440,0,ユーアオンフリーク,46.2
2016100358,デアフルーグ,2026/07/01,門別,晴,12,アメリカンペイトリオ(A3),8,7,7,15.2,6.0,1,近藤翔月,56.0,ダ,1200.0,良,74.0,0.0,6-4,37.3,520.0,-2.0,(オンラインボス),90.0
2016100358,デアフルーグ,2026/06/17,門別,曇,11,JA門別馬舞米特別(A3),8,5,5,18.8,6.0,3,近藤翔月,56.0,ダ,1000.0,良,61.2,0.2,7-6,36.0,522.0,0.0,ジャイロ,18.9
2016100358,デアフルーグ,2026/06/03,門別,曇,12,登別地獄の谷の鬼花火(A3),8,3,3,19.7,5.0,5,服部茂史,57.0,ダ,1200.0,良,74.4,0.4,6-7,37.7,522.0,-2.0,オンラインボス,6.3
2016100358,デアフルーグ,2026/05/06,門別,晴,11,サッポロ生ビール黒ラ(A1),8,2,2,35.7,6.0,5,宮内勇樹,55.0,ダ,1200.0,良,75.1,1.7,2-2,39.8,524.0,-10.0,ボイラーハウス,14.0
2016100358,デアフルーグ,2026/04/23,門別,晴,11,シバザクラ特別(A1),10,2,2,23.6,7.0,7,宮内勇樹,55.0,ダ,1000.0,稍,61.9,0.8,3-5,37.4,534.0,22.0,イッツクール,
2016100358,デアフルーグ,2025/11/06,門別,曇,11,ベロニカ特別(A1),11,6,8,,,取,宮内勇樹,57.0,ダ,1200.0,稍,,,,,,,ラッキーホープ,
2016100358,デアフルーグ,2025/10/23,門別,晴,12,モーリス・プレミアム(A1),7,1,1,27.6,6.0,5,服部茂史,57.0,ダ,1200.0,稍,74.7,0.5,5-5,37.6,512.0,-2.0,カッパギ,14.0
2016100358,デアフルーグ,2025/10/09,門別,晴,11,銀聖・トラウトサーモ(A1),9,8,9,20.6,4.0,5,岩橋勇二,57.0,ダ,1200.0,良,74.6,0.5,8-6,37.1,514.0,0.0,スペシャルエックス,14.0
2016100358,デアフルーグ,2025/09/25,門別,晴,11,とままえななつぼし特(A1),10,5,5,10.3,4.0,3,服部茂史,57.0,ダ,1200.0,不,73.4,0.5,6-7,37.4,514.0,4.0,エメラルドビーチ,42.0
2016100358,デアフルーグ,2025/08/28,門別,曇,12,ビアパーティーAib(A1),9,7,7,40.9,6.0,3,小野楓馬,56.0,ダ,1200.0,良,74.4,0.2,6-5,37.2,510.0,-4.0,ドウドウキリシマ,42.0
2016100358,デアフルーグ,2025/08/14,門別,曇,12,GC開局30周年記念(A1),11,2,2,37.8,6.0,6,小野楓馬,57.0,ダ,1200.0,良,74.8,1.4,6-6,38.3,514.0,-6.0,ピンクヴェノム,
2016100358,デアフルーグ,2025/07/30,門別,,7,アルビレオ特別(A2),0,8,8,,,,小野楓馬,57.0,ダ,1200.0,,,,,,,,,
2016100358,デアフルーグ,2025/06/18,門別,晴,12,エピファネイア・プレ(A1),6,3,3,6.1,3.0,4,小野楓馬,57.0,ダ,1200.0,良,74.1,1.0,2-2,38.1,520.0,-4.0,デステージョ,28.0
2016100358,デアフルーグ,2025/06/04,門別,雨,11,デルフィニウム特別(A1),8,1,1,9.9,3.0,3,小野楓馬,57.0,ダ,1200.0,重,72.5,0.8,4-3,36.3,524.0,-4.0,ジャスパーメジャー,42.0
2016100358,デアフルーグ,2025/05/08,門別,曇,11,丸くなるな、星になれ(A1),8,4,4,5.7,2.0,4,小野楓馬,57.0,ダ,1200.0,良,73.7,0.9,6-5,37.0,528.0,8.0,ラッキーホープ,28.0
2016100358,デアフルーグ,2025/04/24,門別,晴,11,ダノングッド賞(A1),12,6,7,41.3,6.0,1,小野楓馬,56.0,ダ,1200.0,重,73.2,0.0,7-7,37.0,520.0,20.0,(ラッキーホープ),200.0
2016100358,デアフルーグ,2024/11/07,門別,曇,11,来年も応援ホッカイド(A1),11,4,4,8.1,3.0,2,宮内勇樹,57.0,ダ,1200.0,稍,74.2,0.2,5-4,37.5,500.0,-8.0,ジャスパーメジャー,56.0
2016100358,デアフルーグ,2024/10/22,門別,曇,12,ロードカナロア・プレ(A1),9,8,9,5.1,2.0,2,宮崎光行,57.0,ダ,1200.0,稍,73.6,0.1,4-4,37.6,508.0,4.0,ジャスパーメジャー,56.0
2016100358,デアフルーグ,2024/10/08,門別,晴,12,月形樺戸博物館特別(A1),8,1,1,4.6,3.0,4,宮崎光行,57.0,ダ,1200.0,稍,74.5,1.0,3-3,37.7,504.0,2.0,ダイリンウルフ,28.0
2016100358,デアフルーグ,2024/09/11,門別,晴,12,マインドユアビスケッ(A1),8,4,4,5.7,4.0,2,宮崎光行,57.0,ダ,1200.0,良,74.3,0.2,4-4,37.6,502.0,-8.0,ブリックロード,56.0
2016100358,デアフルーグ,2024/08/29,門別,曇,12,モーリス・プレミアム(A1),9,8,9,3.5,3.0,4,宮崎光行,57.0,ダ,1200.0,稍,74.3,1.2,4-4,38.5,510.0,2.0,デステージョ,28.0
2016100358,デアフルーグ,2024/08/01,門別,曇,11,胆振軽種馬農業協同組(A1),7,7,7,5.2,2.0,2,宮崎光行,58.0,ダ,1200.0,稍,73.8,0.9,3-3,37.9,508.0,-4.0,スティールペガサス,56.0
2016100358,デアフルーグ,2024/07/16,門別,晴,11,JAバンクよりぞう特(A1),10,8,10,2.8,2.0,1,宮崎光行,58.0,ダ,1200.0,良,73.9,-0.1,4-4,37.2,512.0,-2.0,(スティールストーム),160.0
2016100358,デアフルーグ,2024/06/20,門別,晴,11,日高町建設協会特別(A1),8,6,6,3.6,2.0,4,宮崎光行,57.0,ダ,1200.0,良,74.0,1.0,3-3,37.8,514.0,-2.0,ダイメイコリーダ,28.0
2016100358,デアフルーグ,2024/06/05,門別,曇,12,ルーラーシップ・プレ(A1),7,5,5,5.3,4.0,1,宮崎光行,56.0,ダ,1200.0,良,73.9,-0.3,4-3,37.1,516.0,-8.0,(スティールストーム),200.0
2016100358,デアフルーグ,2024/05/08,門別,曇,12,イクイノックス・プレ(A1),6,4,4,7.5,2.0,3,宮崎光行,56.0,ダ,1700.0,稍,110.4,0.6,4-4-4-4,37.9,524.0,-6.0,ニシケンボブ,42.0
2016100358,デアフルーグ,2024/04/24,門別,曇,10,レンゲソウ特別(A2),11,5,5,25.3,5.0,2,落合玄太,57.0,ダ,1700.0,良,110.3,0.5,8-9-8-3,39.5,530.0,26.0,ニシケンボブ,28.0
2016100358,デアフルーグ,2023/11/08,門別,晴,11,門別軽種馬生産振興会(A1),11,5,5,54.3,8.0,3,宮崎光行,56.0,ダ,1800.0,重,116.0,0.2,7-6-6-2,38.7,504.0,-4.0,テーオーフォース,42.0
2016100358,デアフルーグ,2023/10/26,門別,晴,12,コントレイル・プレミ(A1),7,6,6,70.4,6.0,3,宮崎光行,56.0,ダ,1700.0,稍,110.4,1.1,5-5-5-2,40.5,508.0,-14.0,エンリル,42.0
2016100358,デアフルーグ,2023/09/28,門別,曇,12,瑞穂賞〔H2〕(重賞),9,7,7,178.7,9.0,9,宮崎光行,57.0,ダ,1800.0,稍,119.2,3.1,9-9-8-6,41.4,522.0,6.0,サンビュート,
2016100358,デアフルーグ,2023/08/16,門別,曇,11,ホクレンパールライス(A1),8,2,2,5.2,3.0,4,宮崎光行,56.0,ダ,1800.0,稍,120.8,1.9,2-2-2-2,42.6,516.0,6.0,ヤークトボマー,28.0
2016100358,デアフルーグ,2023/07/20,門別,曇,10,ヒマワリ特別(A1),9,1,1,10.2,4.0,4,宮崎光行,56.0,ダ,1700.0,稍,110.7,1.4,9-9-6-5,40.8,510.0,-11.0,スコルピウス,28.0
2016100358,デアフルーグ,2023/05/04,船橋,晴,10,端午特別(A2),9,7,8,42.7,7.0,8,山口達弥,56.0,ダ,1600.0,良,106.0,2.8,8-8-8-9,39.8,521.0,-3.0,ショットメーカー,
2016100358,デアフルーグ,2023/04/12,船橋,曇,12,こぼれ桜特別(A2B1),9,6,6,43.5,9.0,9,山口達弥,57.0,ダ,1800.0,良,119.4,3.1,7-7-7-7,41.6,524.0,-6.0,デスティネ,
2016100358,デアフルーグ,2023/03/14,船橋,晴,11,早春賞(A2),9,6,6,21.0,6.0,9,山口達弥,56.0,ダ,1700.0,良,115.6,3.7,9-9-8-9,41.4,530.0,19.0,ユアヒストリー,
2016100358,デアフルーグ,2022/02/15,船橋,晴,11,ハートビートレイン(A2B1),14,7,12,7.4,3.0,2,山口達弥,57.0,ダ,1600.0,不,100.5,0.8,13-13-11-8,38.4,511.0,-4.0,スマイルウィ,260.0
2016100358,デアフルーグ,2022/01/14,船橋,晴,11,習志野特別(A2B1),11,7,9,3.8,2.0,4,左海誠二,57.5,ダ,1600.0,稍,102.8,1.2,7-7-7-6,38.8,515.0,11.0,スマイルウィ,60.0
2016100358,デアフルーグ,2021/12/08,大井,雨,11,勝島王冠競走(重賞),16,8,16,14.4,7.0,10,左海誠二,57.0,ダ,1800.0,不,114.3,1.2,14-14-13-13,38.9,504.0,-10.0,コズミックフォース,
2016100358,デアフルーグ,2021/08/28,4新潟5,曇,11,BSN賞(L),15,7,12,16.0,7.0,9,津村明秀,55.0,ダ,1800.0,良,111.5,1.2,7-8-3-3,38.2,514.0,4.0,ブルベアイリーデ,
2016100358,デアフルーグ,2021/07/17,1福島5,晴,11,ジュライS(L),15,3,5,5.6,1.0,3,津村明秀,56.0,ダ,1700.0,良,104.9,0.9,10-10-8-7,37.6,510.0,2.0,ケンシンコウ,584.7
2016100358,デアフルーグ,2021/06/05,3東京1,曇,11,アハルテケS(OP),16,4,8,20.8,8.0,3,横山武史,56.0,ダ,1600.0,重,95.1,0.1,14-14,35.2,508.0,0.0,オメガレインボー,555.2
2016100358,デアフルーグ,2021/04/24,2東京1,晴,11,オアシスS(L),15,8,15,12.5,6.0,11,横山武史,56.0,ダ,1600.0,良,96.2,1.0,5-5,37.2,508.0,-4.0,タガノビューティー,
2016100358,デアフルーグ,2021/03/07,2中山4,曇,10,総武S(OP),16,2,3,16.7,9.0,6,津村明秀,56.0,ダ,1800.0,良,114.1,0.6,10-11-10-10,38.0,512.0,-2.0,ナムラカメタロー,
2016100358,デアフルーグ,2020/12/12,5中山3,曇,11,師走S(L),16,3,6,6.2,3.0,3,横山武史,55.0,ダ,1800.0,良,112.8,0.4,14-14-10-8,37.8,514.0,0.0,タイキフェルヴール,584.8
2016100358,デアフルーグ,2020/10/17,4京都3,雨,11,太秦S(OP),13,6,8,18.3,6.0,7,秋山真一,56.0,ダ,1800.0,不,109.3,1.2,12-10-10-11,36.2,514.0,2.0,ベストタッチダウン,
2016100358,デアフルーグ,2020/06/27,3東京7,晴,11,アハルテケS(OP),13,7,10,14.2,7.0,4,石橋脩,56.0,ダ,1600.0,稍,96.2,0.1,13-10,35.2,512.0,-6.0,アシャカトブ,330.0
2016100358,デアフルーグ,2020/04/04,2阪神3,晴,11,コーラルS(L),16,3,6,6.2,2.0,8,武豊,55.0,ダ,1400.0,良,83.9,1.4,12-11,36.1,518.0,0.0,レッドルゼル,
2016100358,デアフルーグ,2020/03/08,2中山4,曇,10,総武S(OP),16,1,1,5.4,2.0,4,津村明秀,56.0,ダ,1800.0,重,113.7,0.8,12-12-13-14,36.9,518.0,2.0,メイショウワザシ,330.0
2016100358,デアフルーグ,2020/01/12,1中山4,曇,11,ポルックスS(OP),15,6,11,3.8,2.0,4,津村明秀,55.0,ダ,1800.0,良,113.8,1.1,6-6-5-5,37.7,516.0,16.0,スワーヴアラミス,330.0
2016100358,デアフルーグ,2019/07/10,大井,曇,11,ジャパンダートダービ(JpnI),14,6,10,6.6,2.0,8,津村明秀,56.0,ダ,2000.0,稍,127.8,1.7,10-10-7-7,38.9,500.0,4.0,クリソベリル,
2016100358,デアフルーグ,2019/06/16,3東京6,晴,11,ユニコーンS(GIII),13,4,6,2.6,1.0,7,津村明秀,56.0,ダ,1600.0,重,96.4,0.9,10-8,37.2,496.0,-4.0,ワイドファラオ,
2016100358,デアフルーグ,2019/05/12,2東京8,晴,9,青竜S(OP),12,1,1,2.3,1.0,2,津村明秀,57.0,ダ,1600.0,良,96.6,0.0,9-8,35.2,500.0,-4.0,デュープロセス,727.6
2016100358,デアフルーグ,2019/03/31,3中山4,晴,10,伏竜S(OP),8,8,8,1.6,1.0,1,津村明秀,56.0,ダ,1800.0,良,113.2,-0.2,7-7-6-6,37.3,504.0,-2.0,(マスターフェンサー),1818.2
2016100358,デアフルーグ,2019/01/13,1中山4,晴,9,黒竹賞(500万下),16,6,12,1.8,1.0,1,津村明秀,56.0,ダ,1800.0,良,114.3,-0.8,13-13-6-4,38.5,506.0,8.0,(ロダルキラー),1037.1
2016100358,デアフルーグ,2018/12/02,5中山2,曇,5,2歳新馬,16,5,9,3.7,1.0,1,津村明秀,55.0,ダ,1800.0,良,114.7,-1.5,6-6-5-4,38.1,498.0,0.0,(アラゴネーゼ),700.0
2021101189,ピンクヴェノム,2026/07/16,門別,晴,11,新冠町軽種馬生産振興(A1),7,4,4,5.9,3.0,3.0,桑村真明,54.0,ダ,1200.0,重,73.6,0.9,4-5,38.1,492.0,2.0,ラッキーホープ,42.0
2021101189,ピンクヴェノム,2026/07/02,門別,曇,12,ツキミソウ特別(A1),9,3,3,21.5,6.0,5.0,桑村真明,54.0,ダ,1200.0,良,74.6,0.7,8-7,37.0,490.0,4.0,スティールペガサス,14.0
2021101189,ピンクヴェノム,2026/06/18,門別,曇,11,サラブレッドのまち日(A1),9,3,3,19.6,6.0,2.0,桑村真明,54.0,ダ,1200.0,良,73.6,0.1,4-4,37.6,486.0,-6.0,デステージョ,56.0
2021101189,ピンクヴェノム,2026/06/04,門別,曇,11,雪印種苗BFMP特別(A1),6,2,2,8.8,4.0,4.0,桑村真明,54.0,ダ,1200.0,良,74.0,0.6,4-4,36.9,492.0,-6.0,ラッキーホープ,28.0
2021101189,ピンクヴェノム,2026/05/21,門別,曇,11,コデマリ特別(A1),8,5,5,12.1,3.0,2.0,黒澤愛斗,53.0,ダ,1200.0,良,74.3,2.0,1-2,39.1,498.0,8.0,ベストグリーン,56.0
2021101189,ピンクヴェノム,2026/05/06,門別,晴,11,サッポロ生ビール黒ラ(A1),8,1,1,4.6,3.0,4.0,桑村真明,53.0,ダ,1200.0,良,74.9,1.5,1-1,39.9,490.0,0.0,ボイラーハウス,28.0
2021101189,ピンクヴェノム,2026/04/23,門別,晴,12,エトワール賞〔H3〕(重賞),14,8,14,38.7,8.0,7.0,黒澤愛斗,53.0,ダ,1200.0,稍,74.4,2.0,8-7,38.5,490.0,-4.0,スペシャルエックス,
2021101189,ピンクヴェノム,2025/11/05,門別,晴,12,道営スプリント〔H1(重賞),10,2,2,209.5,9.0,8.0,桑村真明,55.0,ダ,1200.0,稍,73.6,0.9,6-7,37.7,494.0,-2.0,スペシャルエックス,
2021101189,ピンクヴェノム,2025/10/23,門別,晴,12,モーリス・プレミアム(A1),7,5,5,3.6,2.0,3.0,阿部龍,55.0,ダ,1200.0,稍,74.4,0.2,2-2,38.3,496.0,4.0,カッパギ,42.0
2021101189,ピンクヴェノム,2025/09/24,門別,曇,12,ウポポイオータムスプ(重賞),9,2,2,35.0,7.0,5.0,桑村真明,55.0,ダ,1200.0,良,73.6,1.1,5-5,37.0,492.0,-4.0,キャンディドライヴ,42.0
2021101189,ピンクヴェノム,2025/09/11,門別,曇,12,スワーヴリチャード・(A1),6,7,7,2.4,1.0,2.0,黒澤愛斗,55.0,ダ,1200.0,良,73.7,0.7,2-2,37.7,496.0,8.0,ジャスパーメジャー,56.0
2021101189,ピンクヴェノム,2025/08/28,門別,曇,12,ビアパーティーAib(A1),9,8,9,1.7,1.0,2.0,黒澤愛斗,55.0,ダ,1200.0,良,74.2,0.0,2-2,37.7,488.0,2.0,ドウドウキリシマ,56.0
2021101189,ピンクヴェノム,2025/08/14,門別,曇,12,GC開局30周年記念(A1),11,4,4,4.4,2.0,1.0,黒澤愛斗,53.0,ダ,1200.0,良,73.4,-0.5,4-4,37.4,486.0,4.0,(ラッキーホープ),200.0
2021101189,ピンクヴェノム,2025/07/30,門別,,11,ホクレン玉ねぎ「真白(A1),0,7,8,,,,黒澤愛斗,53.0,ダ,1200.0,,,,,,,,,
2021101189,ピンクヴェノム,2025/07/16,門別,曇,11,新冠町軽種馬生産振興(A2),8,5,5,2.1,1.0,1.0,阿部龍,56.0,ダ,1200.0,稍,73.6,-0.3,2-1,37.0,482.0,-2.0,(オンラインボス),100.0
2021101189,ピンクヴェノム,2025/07/03,門別,晴,11,道産子企業北海道競馬(A2),9,3,3,5.1,5.0,1.0,阿部龍,54.0,ダ,1200.0,稍,73.1,-0.1,3-3,36.5,484.0,4.0,(モノノフブラック),100.0
2021101189,ピンクヴェノム,2025/06/19,門別,晴,9,ホクレンBB肥料特別(A4),11,4,4,6.7,3.0,1.0,落合玄太,55.0,ダ,1200.0,良,73.7,-0.7,4-2,37.5,480.0,-4.0,(グッドボーイ),80.0
2021101189,ピンクヴェノム,2025/06/05,門別,曇,8,ゲラニウム特別(A3),7,1,1,3.8,3.0,4.0,阿部龍,54.0,ダ,1200.0,重,75.1,3.0,4-4,39.1,484.0,2.0,ミラクルヴォイス,12.6
2021101189,ピンクヴェノム,2025/05/21,門別,晴,9,ニリンソウ特別(A4),13,8,12,3.8,2.0,2.0,阿部龍,55.0,ダ,1200.0,良,74.5,0.1,3-3,38.7,482.0,0.0,トーセンジャック,22.4
2021101189,ピンクヴェノム,2025/05/07,門別,晴,12,コントレイル・プレミ(A3),9,7,7,7.7,3.0,2.0,黒澤愛斗,54.0,ダ,1200.0,稍,74.6,0.7,3-2,38.2,482.0,-8.0,オカンモシャチョウ,28.0
2021101189,ピンクヴェノム,2025/04/24,門別,晴,12,エトワール賞〔H3〕(重賞),11,2,2,61.7,9.0,11.0,黒澤愛斗,53.0,ダ,1200.0,重,74.9,2.2,2-6,39.5,490.0,21.0,デステージョ,
2021101189,ピンクヴェノム,2025/02/04,川崎,曇,10,唯我独尊賞(B2B3),12,1,1,6.7,3.0,11.0,笹川翼,55.0,ダ,900.0,稍,56.3,1.6,11-11,37.1,469.0,-12.0,デーレーラプター,
2021101189,ピンクヴェノム,2025/01/01,川崎,晴,10,クイック時計修理新春(B1B2),14,3,3,19.4,7.0,13.0,落合玄太,53.0,ダ,1600.0,良,107.9,2.6,3-3-4-8,42.7,481.0,0.0,メンタイマヨ,
2021101189,ピンクヴェノム,2024/12/09,川崎,晴,10,雪模様特別(B3),9,8,10,2.6,2.0,4.0,山崎誠士,54.0,ダ,1500.0,良,97.7,0.7,3-3-3-3,40.4,481.0,-11.0,コスモスミッチー,36.0
2021101189,ピンクヴェノム,2024/11/06,門別,雨,11,門別軽種馬生産振興会(A2),11,7,10,8.4,4.0,5.0,黒澤愛斗,53.0,ダ,1200.0,良,73.9,0.7,3-3,38.5,492.0,6.0,ラッキーホープ,7.0
2021101189,ピンクヴェノム,2024/10/24,門別,晴,11,スイートアリッサム特(A3),11,5,5,8.8,5.0,1.0,黒澤愛斗,53.0,ダ,1200.0,重,73.4,-0.2,2-2,37.5,486.0,2.0,(ライトヴェール),90.0
2021101189,ピンクヴェノム,2024/10/09,門別,晴,10,一刻千秋OP(OP)(一般),10,7,7,24.0,7.0,3.0,黒澤愛斗,53.0,ダ,1000.0,稍,60.9,0.7,6-7,36.0,484.0,-6.0,ドリームビリーバー,52.5
2021101189,ピンクヴェノム,2024/09/26,門別,曇,11,とままえななつぼし特(A4),12,2,2,3.4,2.0,6.0,阿部龍,54.0,ダ,1200.0,良,75.4,1.2,1-1,39.9,490.0,6.0,グッドボーイ,
2021101189,ピンクヴェノム,2024/09/10,門別,曇,11,新冠町軽種馬生産振興(A4),11,2,2,1.5,1.0,2.0,桑村真明,53.0,ダ,1200.0,良,74.4,0.7,5-4,37.4,484.0,4.0,オカンモシャチョウ,22.4
2021101189,ピンクヴェノム,2024/08/27,門別,雨,12,鶴居タンチョウメモリ(A3),7,6,6,3.6,2.0,3.0,服部茂史,52.0,ダ,1200.0,不,73.2,1.5,2-2,37.7,480.0,8.0,サラキャサリン,18.9
2021101189,ピンクヴェノム,2024/07/17,門別,曇,12,ポラリスサマースプリ(重賞),9,2,2,14.4,5.0,8.0,黒澤愛斗,52.0,ダ,1200.0,良,74.2,1.5,8-9,37.0,472.0,-6.0,スペシャルエックス,
2021101189,ピンクヴェノム,2024/06/18,門別,曇,12,フロイラインカップ〔(重賞),11,8,10,7.0,3.0,6.0,黒澤愛斗,55.0,ダ,1700.0,良,112.3,2.7,3-3-2-4,43.5,478.0,-2.0,ポルラノーチェ,
2021101189,ピンクヴェノム,2024/05/23,門別,晴,12,ヒダカソウカップ〔H(重賞),12,3,3,7.6,4.0,3.0,黒澤愛斗,51.0,ダ,1600.0,良,102.7,0.9,4-4-2-1,40.2,480.0,2.0,サンオークレア,105.0
2021101189,ピンクヴェノム,2024/04/25,門別,曇,11,エトワール賞〔H3〕(重賞),12,6,7,22.8,5.0,2.0,黒澤愛斗,50.0,ダ,1200.0,不,72.2,0.0,5-4,37.4,478.0,-2.0,シュロス,140.0
2021101189,ピンクヴェノム,2024/03/03,2中山4,晴,4,3歳1勝クラス,16,8,16,63.3,10.0,9.0,木幡巧也,55.0,ダ,1200.0,稍,72.8,1.3,4-6,38.5,480.0,-2.0,ガビーズシスター,
2021101189,ピンクヴェノム,2024/02/10,1東京5,晴,7,3歳1勝クラス,13,1,1,110.6,11.0,12.0,木幡巧也,55.0,芝,1400.0,良,82.6,1.7,3-3,35.2,482.0,8.0,ソンシ,
2021101189,ピンクヴェノム,2023/12/03,5中山2,晴,6,2歳1勝クラス,13,7,10,4.3,1.0,10.0,木幡巧也,55.0,ダ,1200.0,良,72.9,1.9,2-2,38.5,474.0,4.0,グランオルカ,
2021101189,ピンクヴェノム,2023/10/22,4東京7,晴,6,2歳1勝クラス,9,8,8,12.3,2.0,3.0,木幡巧也,55.0,芝,1400.0,良,84.9,0.8,6-7,33.6,470.0,10.0,ルージュスエルテ,200.0
2021101189,ピンクヴェノム,2023/09/03,2札幌8,晴,9,すずらん賞(OP),14,6,9,15.4,7.0,9.0,佐々木大,55.0,芝,1200.0,良,71.3,0.9,5-5,37.1,460.0,12.0,ドナベティ,
2021101189,ピンクヴェノム,2023/07/01,2福島1,曇,6,2歳新馬,12,7,10,4.4,1.0,1.0,木幡巧也,55.0,ダ,1150.0,重,68.2,-0.5,1-1,36.5,448.0,0.0,(オセアエクスプレス),720.0
2016105537,オメガレインボー,2026/07/16,門別,晴,11,新冠町軽種馬生産振興(A1),7,7,7,62.2,6.0,6,小野楓馬,57.0,ダ,1200.0,重,74.8,2.1,3-2,39.6,478,-2,ラッキーホープ,
2016105537,オメガレインボー,2026/07/02,門別,曇,12,ツキミソウ特別(A1),9,2,2,126.6,8.0,6,小野楓馬,57.0,ダ,1200.0,良,74.9,1.0,3-3,37.9,480,2,スティールペガサス,
2016105537,オメガレインボー,2026/06/18,門別,曇,11,サラブレッドのまち日(A1),9,4,4,144.9,9.0,6,小野楓馬,57.0,ダ,1200.0,良,74.2,0.7,1-1,38.9,478,-6,デステージョ,
2016105537,オメガレインボー,2026/06/04,門別,曇,11,雪印種苗BFMP特別(A1),6,5,5,43.4,6.0,5,小野楓馬,57.0,ダ,1200.0,良,74.7,1.3,1-1,38.8,484,-2,ラッキーホープ,14.0
2016105537,オメガレインボー,2026/05/05,門別,晴,8,シャクヤク特別(A1),7,2,2,33.2,4.0,7,小野楓馬,57.0,ダ,1700.0,稍,111.6,2.4,3-3-3-5,41.2,486,-4,シルトプレ,
2016105537,オメガレインボー,2026/04/23,門別,晴,12,エトワール賞〔H3〕(重賞),14,2,2,28.9,6.0,13,小野楓馬,57.0,ダ,1200.0,稍,75.6,3.2,10-10,38.5,490,24,スペシャルエックス,
2016105537,オメガレインボー,2026/02/11,姫路,曇,11,兵庫ウインターC(重賞),11,5,5,14.3,5.0,3,小牧太,57.0,ダ,1400.0,稍,93.5,1.1,8-7-10-7,41.2,466,-9,ペースセッティング,200.0
2016105537,オメガレインボー,2026/02/01,高知,晴,5,黒潮スプリンターズカ(重賞),11,8,12,17.7,5.0,6,多田羅誠,57.0,ダ,1300.0,良,82.9,0.2,6-6-6-8,38.1,475,1,ウインザナドゥ,
2016105537,オメガレインボー,2025/10/09,大井,曇,11,東京盃競走(JpnII),16,8,15,207.1,12.0,10,笹川翼,56.0,ダ,1200.0,良,72.8,2.1,13-13,36.6,474,3,ヤマニンチェルキ,
2016105537,オメガレインボー,2025/09/23,浦和,晴,11,テレ玉杯オーバルスプ(JpnIII),12,4,4,257.1,11.0,9,野畑凌,54.0,ダ,1400.0,良,86.5,1.7,12-12-11-11,36.0,471,2,サンライズフレイム,
2016105537,オメガレインボー,2025/09/03,大井,曇,11,アフター5スター賞競(重賞),16,8,15,18.9,5.0,5,本田正重,56.0,ダ,1200.0,良,72.3,1.4,11-12,36.9,469,4,ファーンヒル,75.0
2016105537,オメガレインボー,2025/08/26,川崎,晴,11,スパーキングサマーカ(重賞),7,1,1,22.4,7.0,4,野畑凌,58.0,ダ,1600.0,良,103.6,1.2,6-6-7-3,39.8,465,-7,リンゾウチャネル,210.0
2016105537,オメガレインボー,2025/06/25,浦和,曇,11,さきたま杯[指定交流(JpnI),12,6,7,379.4,11.0,8,野畑凌,57.0,ダ,1400.0,不,84.7,1.5,10-10-10-9,35.2,472,-2,シャマル,
2016105537,オメガレインボー,2025/06/10,大井,曇,11,ゆりかもめオープン競(OP)(4上),10,5,5,7.1,3.0,2,野畑凌,56.0,ダ,1200.0,稍,72.0,0.1,9-7,36.7,474,-5,ポリゴンウェイヴ,280.0
2016105537,オメガレインボー,2025/05/28,浦和,晴,11,プラチナC(重賞),12,7,9,83.7,9.0,7,町田直希,56.0,ダ,1400.0,良,86.4,1.3,10-11-11-10,37.3,479,5,ティントレット,
2016105537,オメガレインボー,2025/03/13,大井,晴,11,フジノウェーブ記念競(重賞),16,6,12,79.4,9.0,4,町田直希,56.0,ダ,1400.0,重,85.7,1.6,10-11-10,36.7,474,-6,イグザルト,150.0
2016105537,オメガレインボー,2025/01/30,名古屋,小雪,11,梅見月杯(重賞),12,8,11,11.7,5.0,5,野畑凌,57.0,ダ,1500.0,良,94.7,1.0,3-3-5,38.7,480,5,アウストロ,100.0
2016105537,オメガレインボー,2025/01/03,川崎,曇,11,川崎マイラーズ(重賞),12,5,6,40.4,8.0,5,野畑凌,57.0,ダ,1600.0,良,103.5,1.2,7-7-6-6,39.0,475,0,ムエックス,70.0
2016105537,オメガレインボー,2024/12/24,浦和,晴,11,ゴールドC(重賞),10,8,10,29.8,6.0,6,笹川翼,57.0,ダ,1400.0,良,87.6,0.6,7-8-8-7,37.2,475,4,アウストロ,
2016105537,オメガレインボー,2024/08/20,浦和,晴,11,浦和スプリントオープ(OP)(3上),8,8,8,1.6,1.0,7,笹川翼,56.0,ダ,1400.0,重,86.2,2.3,3-3-4-5,38.1,471,-1,シーサーペント,
2016105537,オメガレインボー,2024/07/31,大井,雨,11,サンタアニタトロフィ(重賞),14,6,10,3.3,1.0,3,吉原寛人,57.0,ダ,1600.0,良,101.3,0.6,2-2-2-2,40.6,472,-5,デュードヴァン,300.0
2016105537,オメガレインボー,2024/06/19,浦和,晴,11,さきたま杯[指定交流(JpnI),12,7,10,117.0,9.0,8,吉原寛人,57.0,ダ,1400.0,重,88.9,2.2,7-6-6-7,40.6,477,12,レモンポップ,
2016105537,オメガレインボー,2024/05/23,笠松,曇,12,オグリキャップ記念(重賞),11,5,5,4.0,3.0,3,笹川翼,57.0,ダ,1400.0,良,84.1,0.1,2-2-1,37.6,465,-6,タイガーインディ,500.0
2016105537,オメガレインボー,2024/05/01,船橋,雨,11,かしわ記念(JpnI),13,4,4,145.7,10.0,10,野畑凌,57.0,ダ,1600.0,不,102.5,3.5,5-5-7-8,41.4,471,3,シャマル,
2016105537,オメガレインボー,2024/04/04,川崎,曇,11,幸OP(OP)(4上),7,7,7,1.5,1.0,2,和田譲治,56.0,ダ,1600.0,重,102.4,0.4,2-2-2-2,39.8,468,-6,ブルベアイリーデ,240.0
2016105537,オメガレインボー,2024/02/28,大井,晴,11,フジノウェーブ記念競(重賞),16,2,3,3.4,2.0,2,和田譲治,57.0,ダ,1400.0,稍,87.4,0.0,2-1-1,39.4,474,-7,ギャルダル,455.0
2016105537,オメガレインボー,2024/02/20,浦和,晴,11,梅花賞(OP)(4上),10,7,7,2.1,1.0,1,笹川翼,57.0,ダ,1400.0,良,87.5,-0.2,3-3-2-2,36.9,481,15,(エンテレケイア),550.0
2016105537,オメガレインボー,2023/12/10,5中山4,晴,11,カペラS(GIII),16,7,14,13.7,7.0,9,横山和生,57.0,ダ,1200.0,良,70.5,1.2,10-13,35.5,466,-2,テイエムトッキュウ,
2016105537,オメガレインボー,2023/11/12,3京都4,曇,10,室町S(OP),16,5,9,6.6,3.0,12,川田将雅,58.5,ダ,1200.0,稍,72.9,0.4,12-12,36.6,468,2,アイスリアン,
2016105537,オメガレインボー,2023/10/29,4東京9,晴,10,ペルセウスS(OP),13,4,4,3.9,1.0,7,藤岡佑介,58.5,ダ,1400.0,良,84.1,0.5,3-2,36.7,466,-2,ヘリオス,
2016105537,オメガレインボー,2023/07/09,3中京4,曇,11,プロキオンS(GIII),15,8,16,13.6,5.0,3,藤岡佑介,57.0,ダ,1400.0,稍,84.1,1.1,8-8,37.5,468,0,ドンフランキー,958.0
2016105537,オメガレインボー,2023/04/01,2阪神3,晴,11,ポラリスS(OP),15,6,12,5.0,4.0,1,藤岡佑介,59.0,ダ,1400.0,良,84.4,0.0,7-7,36.0,468,0,(ケイアイロベージ),2235.7
2016105537,オメガレインボー,2023/03/11,1阪神9,晴,11,コーラルS(L),16,4,8,8.2,3.0,3,岩田康誠,57.5,ダ,1400.0,良,84.0,0.0,9-9,36.6,468,6,タガノビューティー,604.9
2016105537,オメガレインボー,2022/12/11,5中山4,曇,11,カペラS(GIII),16,7,13,8.6,5.0,5,岩田康誠,56.0,ダ,1200.0,良,69.7,0.8,10-10,36.3,462,-2,リメイク,380.0
2016105537,オメガレインボー,2022/11/13,5阪神4,曇,10,室町S(OP),16,6,12,5.2,3.0,2,ムーア,56.5,ダ,1200.0,重,69.5,0.4,6-6,35.3,464,-2,エアアルマス,891.6
2016105537,オメガレインボー,2022/08/07,1札幌6,晴,11,エルムS(GIII),14,3,3,5.5,2.0,3,横山和生,56.0,ダ,1700.0,良,104.4,0.2,3-4-4-3,36.5,466,2,フルデプスリーダー,957.0
2016105537,オメガレインボー,2022/07/09,1函館9,小雨,11,マリーンS(OP),14,7,12,3.3,1.0,4,横山和生,56.5,ダ,1700.0,良,104.3,0.3,8-7-7-5,36.7,464,-2,フルデプスリーダー,330.0
2016105537,オメガレインボー,2022/05/15,3中京4,曇,11,栗東S(L),16,2,4,4.0,1.0,3,横山和生,56.5,ダ,1400.0,稍,83.1,0.1,15-15,35.9,466,4,レディバグ,585.4
2016105537,オメガレインボー,2022/03/27,3中山2,曇,11,マーチS(GIII),16,7,14,6.6,4.0,7,横山和生,56.5,ダ,1800.0,重,111.3,1.1,8-8-8-8,37.7,462,-6,メイショウハリオ,
2016105537,オメガレインボー,2022/01/30,1東京2,曇,11,根岸S(GIII),16,3,5,5.3,3.0,5,横山和生,56.0,ダ,1400.0,良,83.5,0.4,11-11,35.9,468,6,テイエムサウスダン,400.0
2016105537,オメガレインボー,2021/12/12,5中山4,晴,11,カペラS(GIII),16,5,9,10.8,6.0,3,岩田康誠,56.0,ダ,1200.0,良,70.0,0.5,11-10,35.8,462,2,ダンシングプリンス,908.2
2016105537,オメガレインボー,2021/11/13,5東京3,晴,11,東京中日S杯武蔵野S(GIII),16,6,11,8.7,6.0,3,横山和生,56.0,ダ,1600.0,稍,95.3,0.3,15-13,35.7,460,0,ソリストサンダー,958.2
2016105537,オメガレインボー,2021/08/08,1函館12,曇,11,エルムS(GIII),14,8,13,16.6,7.0,2,横山和生,56.0,ダ,1700.0,良,104.6,0.1,8-8-8-4,37.4,460,2,スワーヴアラミス,1414.4
2016105537,オメガレインボー,2021/07/10,1函館3,小雨,11,マリーンS(OP),14,4,5,9.3,5.0,2,横山和生,56.0,ダ,1700.0,稍,103.7,0.0,8-8-4-3,37.7,458,0,スワーヴアラミス,888.8
2016105537,オメガレインボー,2021/06/05,3東京1,曇,11,アハルテケS(OP),16,5,10,6.0,3.0,1,横山和生,57.0,ダ,1600.0,重,95.0,0.0,11-10,35.4,458,-4,(テーオーターゲット),2236.4
2016105537,オメガレインボー,2021/03/28,3中山2,曇,11,マーチS(GIII),16,7,13,117.4,14.0,4,横山和生,54.0,ダ,1800.0,稍,111.7,0.7,16-16-16-16,36.7,462,2,レピアーウィット,540.0
2016105537,オメガレインボー,2021/03/13,1阪神9,晴,11,ポラリスS(OP),16,8,15,27.8,9.0,7,古川吉洋,56.0,ダ,1400.0,重,82.7,0.6,14-14,35.5,460,0,ラプタス,
2016105537,オメガレインボー,2021/01/17,1小倉2,晴,11,門司S(OP),16,4,8,18.6,4.0,7,横山和生,57.0,ダ,1700.0,良,105.8,1.3,2-3-4-3,39.3,460,8,ソリストサンダー,
2016105537,オメガレインボー,2020/11/14,5東京3,晴,11,東京中日S杯武蔵野S(GIII),16,8,16,40.8,10.0,13,大野拓弥,56.0,ダ,1600.0,良,97.2,2.2,2-2,38.4,452,-2,サンライズノヴァ,
2016105537,オメガレインボー,2020/10/10,4東京1,雨,10,神無月S(3勝クラス),16,3,5,20.1,8.0,1,大野拓弥,55.0,ダ,1600.0,不,94.9,-0.1,1-1,36.8,454,4,(ブランクチェック),1855.7
2016105537,オメガレインボー,2020/07/11,2函館3,曇,12,渡島特別(2勝クラス),14,6,10,5.1,3.0,1,藤岡佑介,57.0,ダ,1700.0,良,105.0,0.0,2-2-2-2,37.2,450,-2,(ヴォカツィオーネ),1532.2
2016105537,オメガレインボー,2020/06/27,1函館5,小雨,12,檜山特別(2勝クラス),14,2,2,19.1,7.0,2,藤岡佑介,57.0,ダ,1700.0,不,103.3,0.0,2-2-2-1,36.3,452,0,ダンツキャッスル,609.0
2016105537,オメガレインボー,2020/05/03,1福島8,晴,9,4歳以上1勝クラス,11,2,2,4.0,2.0,1,西村淳也,56.0,ダ,1700.0,良,108.5,-0.4,6-5-5-4,38.5,452,2,(タピゾー),760.0
2016105537,オメガレインボー,2020/04/18,1福島3,雨,9,4歳以上1勝クラス,15,2,2,10.3,4.0,3,西村淳也,56.0,ダ,1700.0,稍,107.4,0.3,10-11-9-8,39.0,450,8,グランデラムジー,190.0
2016105537,オメガレインボー,2020/02/15,1小倉9,晴,8,4歳以上1勝クラス,13,2,2,4.3,2.0,6,斎藤新,54.0,ダ,1700.0,重,106.3,1.9,1-1-2-2,40.0,442,-8,ロードキング,
2016105537,オメガレインボー,2020/02/08,1小倉7,晴,9,4歳以上1勝クラス,11,6,6,4.9,4.0,7,横山武史,56.0,ダ,1700.0,良,107.6,1.0,5-5-7-8,38.5,450,4,アシャカリブラ,
2016105537,オメガレインボー,2019/11/24,5京都8,曇,6,3歳以上1勝クラス,16,3,5,10.8,4.0,11,北村友一,56.0,ダ,1400.0,良,86.1,1.4,2-2,38.8,446,6,ヒラソール,
2016105537,オメガレインボー,2019/08/11,1札幌6,晴,7,3歳以上1勝クラス,14,2,2,5.2,4.0,5,岩田康誠,54.0,ダ,1700.0,稍,105.2,0.3,4-4-4-3,37.4,440,-8,アノ,75.0
2016105537,オメガレインボー,2019/07/27,1札幌1,晴,9,3歳以上1勝クラス,10,6,6,5.1,2.0,2,岩田康誠,54.0,ダ,1700.0,良,105.3,0.2,2-2-2-2,36.9,448,6,ヨハン,300.0
2016105537,オメガレインボー,2019/07/07,2函館2,曇,6,3歳以上1勝クラス,14,4,5,3.3,2.0,7,岩田康誠,54.0,ダ,1700.0,良,107.2,2.0,13-11-11-10,39.3,442,0,マイネルストラトス,
2016105537,オメガレインボー,2019/06/22,1函館3,雨,8,3歳以上1勝クラス,12,8,11,7.1,4.0,4,岩田康誠,54.0,ダ,1700.0,稍,105.6,0.2,1-1-1-1,38.3,442,-2,メイショウテンダン,110.0
2016105537,オメガレインボー,2019/04/06,2阪神5,晴,2,3歳未勝利,16,8,15,5.6,2.0,1,岩田康誠,56.0,ダ,1400.0,良,84.9,-0.2,2-2,38.0,444,2,(ヴァリアント),500.0
2016105537,オメガレインボー,2019/01/13,1京都4,晴,3,3歳未勝利,16,7,13,2.9,1.0,12,岩田康誠,56.0,ダ,1400.0,良,88.6,2.2,6-7,40.4,442,2,カルロスミノル,
2016105537,オメガレインボー,2018/12/22,5阪神7,曇,6,2歳新馬,16,6,12,7.2,3.0,2,岩田康誠,55.0,ダ,1400.0,稍,84.5,0.1,2-2,36.3,440,0,メイショウウズマサ,280.0
2016102089,イッツクール,2026/06/04,門別,曇,12,グランシャリオ門別ス(重賞),10,6,6,13.5,5.0,5,服部茂史,57.0,ダ,1000.0,良,61.3,1.0,3-3,36.2,502,0,ストリーム,35.0
2016102089,イッツクール,2026/04/23,門別,晴,11,シバザクラ特別(A1),10,3,3,6.5,4.0,1,服部茂史,55.0,ダ,1000.0,稍,61.1,-0.1,3-3,36.8,502,6,(ジャスパーイーグル),200.0
2016102089,イッツクール,2025/11/06,門別,曇,11,ベロニカ特別(A1),11,5,6,23.9,6.0,4,服部茂史,56.0,ダ,1200.0,稍,73.9,0.8,8-6,36.7,496,2,ラッキーホープ,28.0
2016102089,イッツクール,2025/10/08,門別,晴,7,一刻千秋OP(OP)(一般),6,4,4,1.5,1.0,4,服部茂史,56.0,ダ,1000.0,良,61.5,0.6,5-6,35.9,494,4,ジャスパーイーグル,35.0
2016102089,イッツクール,2025/08/27,門別,曇,11,風かおる優駿桜国しん(OP)(一般),8,2,2,45.7,7.0,1,服部茂史,56.0,ダ,1000.0,良,60.9,-0.2,8-6,35.4,490,-2,(ストリーム),250.0
2016102089,イッツクール,2025/07/31,門別,晴,12,ポラリスサマースプリ(重賞),9,6,6,100.3,9.0,6,落合玄太,57.0,ダ,1200.0,稍,74.3,1.7,7-8,37.9,492,-4,デステージョ,
2016102089,イッツクール,2025/07/03,門別,晴,11,道産子企業北海道競馬(A2),9,2,2,2.9,1.0,4,岩橋勇二,57.0,ダ,1200.0,稍,74.2,1.1,6-6,36.8,496,-4,ピンクヴェノム,14.0
2016102089,イッツクール,2025/06/05,門別,曇,12,グランシャリオ門別ス(重賞),7,4,4,9.3,4.0,4,阿部龍,57.0,ダ,1000.0,重,60.1,0.4,6-5,35.7,500,-10,ストリーム,70.0
2016102089,イッツクール,2025/05/08,門別,曇,11,丸くなるな、星になれ(A1),8,8,8,10.6,3.0,2,岩橋勇二,56.0,ダ,1200.0,良,73.5,0.7,1-1,37.9,510,-4,ラッキーホープ,56.0
2016102089,イッツクール,2025/04/24,門別,晴,12,エトワール賞〔H3〕(重賞),11,7,9,25.1,7.0,8,落合玄太,55.0,ダ,1200.0,重,74.2,1.5,1-1,39.1,514,16,デステージョ,
2016102089,イッツクール,2024/11/06,門別,雨,12,道営スプリント〔H1(重賞),11,1,1,72.9,9.0,5,宮内勇樹,57.0,ダ,1200.0,良,73.2,1.1,6-3,37.7,498,6,スペシャルエックス,70.0
2016102089,イッツクール,2024/10/09,門別,晴,10,一刻千秋OP(OP)(一般),10,8,10,4.5,3.0,2,岩橋勇二,57.0,ダ,1000.0,稍,60.5,0.3,5-5,36.1,492,2,ドリームビリーバー,70.0
2016102089,イッツクール,2024/09/12,門別,晴,12,ウポポイオータムスプ(重賞),10,7,8,33.5,8.0,5,落合玄太,57.0,ダ,1200.0,良,73.9,0.4,5-6,37.6,490,2,ストリーム,42.0
2016102089,イッツクール,2024/08/18,盛岡,晴,11,OROターフスプリン(重賞),14,8,13,3.0,2.0,3,山本聡哉,57.0,ダ,1000.0,良,58.9,0.2,5-5,35.5,488,-2,マッドシェリー,100.0
2016102089,イッツクール,2024/07/17,門別,曇,12,ポラリスサマースプリ(重賞),9,5,5,27.3,8.0,9,宮内勇樹,57.0,ダ,1200.0,良,74.7,2.0,1-1,38.9,490,-10,スペシャルエックス,
2016102089,イッツクール,2024/06/06,門別,晴,12,グランシャリオ門別ス(重賞),9,5,5,12.7,4.0,3,宮内勇樹,57.0,ダ,1000.0,良,60.7,0.5,5-5,36.8,500,-2,ストリーム,105.0
2016102089,イッツクール,2024/05/22,門別,晴,12,シュネルマイスター・(A1),11,7,10,8.7,5.0,2,小野楓馬,56.0,ダ,1200.0,稍,72.9,0.0,1-1,38.6,502,-6,ドウドウキリシマ,56.0
2016102089,イッツクール,2024/04/25,門別,曇,11,エトワール賞〔H3〕(重賞),12,5,6,30.5,8.0,10,宮内勇樹,56.0,ダ,1200.0,不,73.9,1.7,1-3,39.6,508,6,シュロス,
2016102089,イッツクール,2023/11/08,門別,晴,12,道営スプリント〔H1(重賞),13,7,11,22.3,7.0,4,宮内勇樹,57.0,ダ,1200.0,重,73.6,0.7,1-1,38.1,502,2,スティールペガサス,140.0
2016102089,イッツクール,2023/10/11,門別,晴,11,JA日胆青協60周年(A1),12,8,12,16.0,5.0,1,落合玄太,57.0,ダ,1200.0,稍,73.2,-0.4,1-1,37.8,500,4,(ドウドウキリシマ),200.0
2016102089,イッツクール,2023/08/16,門別,曇,12,旭岳賞〔H3〕(重賞),14,1,1,52.8,9.0,13,岩橋勇二,57.0,ダ,1600.0,稍,121.7,17.5,1-3-13-13,56.5,496,-6,イダペガサス,
2016102089,イッツクール,2023/07/20,門別,曇,11,南富良野かなやま湖水(A1),10,4,4,6.7,3.0,7,岩橋勇二,57.0,ダ,1200.0,稍,74.5,1.3,1-1,39.4,502,0,スティールストーム,
2016102089,イッツクール,2023/06/21,門別,晴,12,ミッキーアイル・プレ(A1),9,4,4,6.4,4.0,4,岩橋勇二,58.0,ダ,1200.0,良,74.4,1.0,1-1,40.1,502,0,スティールストーム,28.0
2016102089,イッツクール,2023/05/25,門別,晴,11,北海道の翼「AIRD(A1),8,8,8,1.8,1.0,6,岩橋勇二,57.0,ダ,1200.0,良,74.3,1.5,1-1,38.7,502,-6,スマートアルタイル,
2016102089,イッツクール,2023/05/11,門別,晴,11,丸くなるな、星になれ(A1),8,5,5,5.3,3.0,1,岩橋勇二,57.0,ダ,1200.0,良,73.8,0.0,1-1,38.9,508,20,(フジノパンサー),200.0
2016102089,イッツクール,2022/11/10,門別,晴,11,来年も門別でJBC2(A1),9,7,7,2.7,2.0,4,小野楓馬,57.0,ダ,1200.0,稍,73.9,0.7,2-1,38.9,488,-2,フジノパンサー,28.0
2016102089,イッツクール,2022/10/27,門別,晴,10,むかわ町長杯鵡川しし(A1),7,7,7,2.9,2.0,2,小野楓馬,57.0,ダ,1200.0,良,73.4,0.0,1-1,37.3,490,6,スティールストーム,56.0
2016102089,イッツクール,2022/09/29,門別,晴,12,ウポポイオータムスプ(重賞),12,2,2,7.8,2.0,7,小野楓馬,57.0,ダ,1200.0,良,73.4,1.5,3-5,38.6,484,2,スティールペガサス,
2016102089,イッツクール,2022/08/31,門別,雨,12,ロードカナロア・プレ(A1),11,1,1,5.1,3.0,1,小野楓馬,56.0,ダ,1200.0,不,71.4,-0.6,1-1,37.1,482,-2,(スマートアヴァロン),200.0
2016102089,イッツクール,2022/03/12,1阪神9,晴,11,ポラリスS(OP),16,6,12,105.7,15.0,14,富田暁,56.0,ダ,1400.0,良,85.5,1.7,7-14,38.0,484,0,バティスティーニ,
2016102089,イッツクール,2022/01/23,1中京8,小雨,11,東海テレビ杯東海S(GII),16,6,12,239.2,15.0,15,酒井学,56.0,ダ,1800.0,良,114.9,3.2,2-2-2-2,41.0,484,-12,スワーヴアラミス,
2016102089,イッツクール,2022/01/16,1小倉2,曇,11,門司S(OP),15,5,8,111.6,13.0,中,富田暁,56.0,ダ,1700.0,良,,,,,496,12,エクレアスパークル,
2016102089,イッツクール,2021/12/05,6阪神2,曇,11,ギャラクシーS(OP),16,3,6,49.8,11.0,14,池添謙一,56.0,ダ,1400.0,良,85.4,1.5,2-2,38.8,484,6,バティスティーニ,
2016102089,イッツクール,2021/06/26,1札幌5,晴,11,TVh賞(OP),14,8,14,29.0,11.0,12,武豊,56.0,芝,1200.0,良,68.6,0.8,3-5,34.9,478,-8,ロードアクア,
2016102089,イッツクール,2021/05/15,2東京7,晴,11,京王杯スプリングC(GII),17,8,15,318.2,15.0,14,北村宏司,56.0,芝,1400.0,良,80.9,1.1,8-8,34.0,486,0,ラウダシオン,
2016102089,イッツクール,2021/03/27,2中京5,晴,11,名鉄杯(OP),16,5,10,9.0,5.0,9,富田暁,56.0,ダ,1400.0,良,84.3,1.0,6-6,38.5,486,4,ペプチドバンブー,
2016102089,イッツクール,2021/03/13,2中京1,曇,11,中京スポーツ杯(3勝クラス),16,4,7,8.6,3.0,1,富田暁,57.0,ダ,1400.0,不,83.2,-0.2,1-1,38.1,482,-4,(アイムポッシブル),1855.7
2016102089,イッツクール,2020/12/20,3中京6,晴,11,三河S(3勝クラス),16,7,14,23.5,8.0,5,富田暁,55.0,ダ,1400.0,良,84.1,0.4,1-1,38.3,486,2,ベルダーイメル,182.0
2016102089,イッツクール,2020/12/05,6阪神1,晴,10,御影S(3勝クラス),16,5,10,14.3,6.0,15,武豊,57.0,ダ,1400.0,良,85.9,1.9,7-7,37.9,484,2,ニューモニュメント,
2016102089,イッツクール,2020/11/07,5阪神1,曇,10,播州S(3勝クラス),16,8,15,4.5,2.0,4,武豊,57.0,ダ,1200.0,良,71.4,0.4,5-5,36.5,482,6,フォーテ,270.0
2016102089,イッツクール,2020/10/25,4京都6,晴,12,貴船S(3勝クラス),16,1,1,9.1,5.0,3,武豊,57.0,ダ,1400.0,稍,83.5,0.2,2-1,37.3,476,-2,テーオーターゲット,465.4
2016102089,イッツクール,2020/04/26,1福島6,曇,11,やまびこS(3勝クラス),14,7,11,3.5,2.0,5,池添謙一,57.0,ダ,1150.0,良,69.4,0.6,4-5,37.9,478,0,ロードエース,182.0
2016102089,イッツクール,2020/04/05,3中山4,曇,11,春風S(3勝クラス),16,6,12,4.2,1.0,5,柴田善臣,57.0,ダ,1200.0,稍,70.8,0.3,4-4,36.9,478,0,ルッジェーロ,182.0
2016102089,イッツクール,2020/03/01,2中山2,晴,10,ブラッドストーンS(3勝クラス),16,8,15,25.5,10.0,2,柴田善臣,57.0,ダ,1200.0,良,70.6,0.0,5-6,36.6,478,-2,ノーフィアー,739.8
2016102089,イッツクール,2020/01/05,1京都1,曇,10,門松S(3勝クラス),16,1,2,159.5,14.0,6,古川吉洋,56.0,ダ,1200.0,稍,71.2,1.1,12-11,35.6,480,2,ジャスティン,
2016102089,イッツクール,2019/12/15,4中京6,晴,11,浜松S(3勝クラス),17,2,4,29.5,11.0,13,藤田菜七,53.0,芝,1200.0,良,69.2,1.0,1-1,34.8,478,2,ナランフレグ,
2016102089,イッツクール,2019/10/27,4東京9,晴,10,紅葉S(3勝クラス),9,6,6,95.9,9.0,9,北村友一,53.0,芝,1600.0,良,94.7,2.7,1-1,37.9,476,8,レッドヴェイロン,
2016102089,イッツクール,2019/09/28,4阪神8,晴,10,道頓堀S(3勝クラス),16,8,16,31.9,9.0,15,北村友一,55.0,芝,1200.0,良,69.4,1.0,13-13,33.9,468,-4,ラルムドランジュ,
2016102089,イッツクール,2019/05/05,3京都6,晴,10,橘S(L),16,8,16,29.1,10.0,15,古川吉洋,57.0,芝,1400.0,良,82.2,1.5,9-10,34.9,472,2,ディープダイバー,
2016102089,イッツクール,2019/03/16,2中京3,晴,11,中スポ賞ファルコンS(GIII),15,8,14,15.8,8.0,12,松田大作,56.0,芝,1400.0,良,82.4,1.5,12-12,35.5,470,-4,ハッピーアワー,
2016102089,イッツクール,2019/02/23,1阪神1,晴,10,マーガレットS(L),6,1,1,5.2,2.0,2,松田大作,57.0,芝,1200.0,良,69.4,0.3,3-3,34.5,474,4,ディアンドル,804.0
2016102089,イッツクール,2018/12/16,5阪神6,小雨,11,朝日フューチュリティ(GI),15,5,9,279.2,12.0,9,松田大作,55.0,芝,1600.0,良,95.6,1.7,1-1,36.1,470,0,アドマイヤマーズ,
2016102089,イッツクール,2018/11/28,園田,曇,10,兵庫ジュニアグランプ(JpnII),12,5,6,16.0,5.0,6,松田大作,55.0,ダ,1400.0,良,89.7,1.1,2-2-2-2,39.5,470,16,デルマルーヴル,
2016102089,イッツクール,2018/09/22,4阪神6,晴,9,ききょうS(OP),9,1,1,4.3,2.0,1,松田大作,54.0,芝,1400.0,稍,82.2,0.0,1-1,35.3,454,4,(ジョニーズララバイ),1618.9
2016102089,イッツクール,2018/09/02,2札幌6,晴,10,すずらん賞(OP),14,2,2,5.5,3.0,4,松田大作,54.0,芝,1200.0,良,71.1,0.5,5-7,36.5,450,10,ハッピーアワー,240.0
2016102089,イッツクール,2018/08/18,2札幌1,晴,1,2歳未勝利,7,3,3,2.2,1.0,1,松田大作,54.0,芝,1200.0,良,70.0,-0.7,1-1,34.9,440,-4,(ファンシャン),500.0
2016102089,イッツクール,2018/07/01,3中京2,晴,1,2歳未勝利,8,5,5,19.4,4.0,2,松田大作,54.0,芝,1400.0,良,81.8,0.1,1-1,35.0,444,-4,ハッピーアワー,200.0
2016102089,イッツクール,2018/06/16,3阪神5,晴,5,2歳新馬,15,8,15,16.2,5.0,9,松田大作,54.0,ダ,1200.0,良,74.9,1.1,10-9,38.6,448,0,チュウワフライヤー,
2021103556,レアグリフォン,2026/07/15,門別,曇,12,日高銀聖特別(A2),9,2,2,425.7,9.0,5,亀井洋司,57.0,ダ,1000.0,稍,61.6,1.0,4-4,37.3,512,0,ミッドナイトゲイル,7.0
2021103556,レアグリフォン,2026/07/01,門別,晴,12,アメリカンペイトリオ(A3),8,2,2,201.9,8.0,8,宮内勇樹,57.0,ダ,1200.0,良,76.1,2.1,3-4,39.6,512,-2,デアフルーグ,
2021103556,レアグリフォン,2026/06/17,門別,曇,11,JA門別馬舞米特別(A3),8,8,8,19.2,7.0,6,宮内勇樹,57.0,ダ,1000.0,良,62.4,1.4,4-4,38.3,514,-2,ジャイロ,
2021103556,レアグリフォン,2026/06/04,門別,曇,12,グランシャリオ門別ス(重賞),10,8,10,148.0,7.0,8,宮内勇樹,57.0,ダ,1000.0,良,61.9,1.6,8-8,36.2,516,-4,ストリーム,
2021103556,レアグリフォン,2026/05/21,門別,曇,8,ツツジ特別(A3),9,8,9,74.9,8.0,8,坂下秀樹,57.0,ダ,1200.0,良,75.7,1.8,1-2,39.5,520,8,モノノフブラック,
2021103556,レアグリフォン,2026/05/06,門別,晴,8,ハルジオン特別(A3),12,1,1,70.2,9.0,7,坂下秀樹,57.0,ダ,1000.0,良,61.7,1.0,2-2,37.9,512,-16,ワンダーウーマン,
2021103556,レアグリフォン,2026/04/23,門別,晴,12,エトワール賞〔H3〕(重賞),14,4,5,172.5,12.0,14,坂下秀樹,55.0,ダ,1200.0,稍,78.5,6.1,4-9,43.0,528,41,スペシャルエックス,
2021103556,レアグリフォン,2025/09/12,川崎,雨,11,明鏡止水賞(A2B1),11,3,3,11.2,6.0,6,野畑凌,55.0,ダ,900.0,重,55.6,0.7,10-9,37.3,487,21,プリモパイソン,
2021103556,レアグリフォン,2025/07/05,2福島3,晴,11,TUF杯(3勝クラス),16,7,14,172.0,15.0,15,杉原誠人,58.0,ダ,1150.0,良,69.7,2.0,10-11,37.1,466,2,オーブルクール,
2021103556,レアグリフォン,2025/04/13,1福島2,雨,10,やまびこS(3勝クラス),16,7,13,96.1,14.0,7,秋山稔樹,58.0,ダ,1150.0,良,69.1,0.4,10-7,37.5,464,-8,シークレットヴァウ,
2021103556,レアグリフォン,2025/01/26,1中山9,晴,10,江戸川S(3勝クラス),15,1,1,66.3,12.0,15,横山琉人,58.0,ダ,1200.0,良,73.1,2.0,9-11,38.9,472,6,タイセイブリリオ,
2021103556,レアグリフォン,2024/11/02,3福島1,雨,11,フルーツラインC(3勝クラス),16,2,4,9.8,5.0,5,横山琉人,57.0,ダ,1150.0,不,68.2,1.3,2-2,37.2,466,8,エランティス,184.0
2021103556,レアグリフォン,2024/08/11,3新潟2,晴,10,稲妻S(3勝クラス),17,2,4,26.7,9.0,15,永野猛蔵,56.0,芝,1000.0,良,55.5,1.1,5,33.4,458,-6,クムシラコ,
2021103556,レアグリフォン,2024/07/07,1函館10,曇,9,噴火湾特別(2勝クラス),11,8,12,4.0,2.0,1,小林勝太,55.0,ダ,1000.0,重,57.9,-0.2,1-1,35.5,464,0,(サイレンスゴールド),1575.2
2021103556,レアグリフォン,2024/06/09,1函館2,小雨,7,3歳以上1勝クラス,10,6,6,3.2,1.0,1,小林勝太,52.0,ダ,1000.0,良,58.8,-0.6,2-2,35.4,464,0,(ミッキースピナッチ),800.0
2021103556,レアグリフォン,2024/02/17,2小倉3,晴,3,3歳未勝利,14,5,7,7.6,5.0,1,秋山稔樹,56.0,ダ,1000.0,良,58.9,-0.5,2-2,36.2,464,4,(スパークルジョイ),550.0
2021103556,レアグリフォン,2024/01/27,1小倉5,晴,6,3歳未勝利,14,7,11,6.5,3.0,11,佐々木大,56.0,芝,1200.0,良,70.5,0.7,2-3,36.0,460,0,ワールドシリーズ,
2021103556,レアグリフォン,2023/12/24,5中山8,曇,2,2歳未勝利,16,1,1,29.2,6.0,14,佐々木大,55.0,ダ,1800.0,良,119.3,4.0,1-1-1-2,42.8,460,8,インテルメディオ,
2021103556,レアグリフォン,2023/10/15,4新潟2,小雨,2,2歳未勝利,11,8,11,3.0,1.0,4,佐々木大,55.0,ダ,1200.0,良,72.7,0.4,2-2,38.7,452,-2,ワイノナオミ,83.0
2021103556,レアグリフォン,2023/09/24,4中山7,晴,4,2歳新馬,16,1,2,9.5,5.0,4,戸崎圭太,55.0,ダ,1200.0,重,72.5,0.9,3-4,38.0,454,0,ヒストリアイ,110.0
2022106612,ヤマニンパッセ,2026/07/15,門別,曇,7,アルビレオ特別(A2),9,5,5,2.9,2.0,2.0,落合玄太,55.0,ダ,1200.0,稍,73.7,0.0,1-1,37.8,518.0,-8.0,カッタッパ,33.6
2022106612,ヤマニンパッセ,2026/06/18,門別,曇,8,日高町建設協会特別(A4),8,7,7,1.4,1.0,1.0,落合玄太,55.0,ダ,1200.0,良,74.1,-0.2,2-1,39.0,526.0,10.0,(イイデマイヒメ),80.0
2022106612,ヤマニンパッセ,2026/05/20,門別,曇,11,ホクレンえん麦特別(A4),7,3,3,1.7,1.0,1.0,落合玄太,54.0,ダ,1000.0,良,60.2,-1.3,1-1,36.3,516.0,2.0,(モーニングショー),80.0
2022106612,ヤマニンパッセ,2026/04/30,門別,晴,10,乾杯をもっとおいしく(B3),14,6,10,1.3,1.0,2.0,宮内勇樹,56.0,ダ,1200.0,良,74.5,0.1,2-1,38.5,514.0,-4.0,デュアルキャリアー,18.2
2022106612,ヤマニンパッセ,2026/04/16,門別,晴,12,道の駅石狩・あいろー(B3),12,8,12,1.4,1.0,1.0,宮内勇樹,54.0,ダ,1200.0,良,73.7,-0.4,2-1,38.4,518.0,8.0,(レディパイロ),65.0
2022106612,ヤマニンパッセ,2025/11/12,門別,晴,12,ロードカナロア・プレ(B3),14,8,13,1.4,1.0,1.0,宮内勇樹,55.0,ダ,1200.0,稍,73.5,-0.3,2-1,37.7,510.0,-6.0,(レディパイロ),100.0
2022106612,ヤマニンパッセ,2025/10/30,門別,晴,10,グランシャリオドリー(B4),11,5,5,8.2,3.0,1.0,宮内勇樹,55.0,ダ,1200.0,稍,73.6,-0.3,1-1,37.5,516.0,6.0,(ファリードゥーン),65.0
2022106612,ヤマニンパッセ,2025/10/02,門別,晴,10,グランシャリオドリー(B4),12,1,1,1.9,1.0,5.0,小野楓馬,55.0,ダ,1200.0,稍,75.0,0.6,1-1,39.3,510.0,-2.0,レディパイロ,4.5
2022106612,ヤマニンパッセ,2025/09/17,門別,曇,9,カタバミ特別(C1),7,7,7,1.2,1.0,1.0,小野楓馬,55.0,ダ,1200.0,良,74.6,-0.3,1-1,38.8,512.0,4.0,(エイイチ),55.0
2022106612,ヤマニンパッセ,2025/09/02,門別,曇,8,ニセコベジタブルピク(C2),11,8,10,1.7,1.0,1.0,岩橋勇二,55.0,ダ,1200.0,重,73.1,-0.7,1-1,37.3,508.0,-4.0,(キタノプレンティ),55.0
2022106612,ヤマニンパッセ,2025/08/13,門別,晴,9,3歳以上C3ー2C4,10,4,4,1.5,1.0,1.0,石川倭,55.0,ダ,1200.0,良,74.3,-0.6,1-1,38.2,512.0,6.0,(ヤマトオーザー),40.0
2022106612,ヤマニンパッセ,2025/07/30,門別,,10,グランシャリオドリー(C3),0,1,1,,,,石川倭,55.0,ダ,1200.0,,,,,,,,,
2022106612,ヤマニンパッセ,2025/07/15,門別,曇,11,星の降る里・芦別健夏(C3),9,6,6,5.4,4.0,4.0,石川倭,55.0,ダ,1800.0,稍,123.1,1.8,4-4-4-3,43.8,506.0,-20.0,ゲームアップロード,7.7
2022106612,ヤマニンパッセ,2025/06/26,門別,曇,12,フロイラインカップ〔(重賞),10,7,7,4.7,2.0,10.0,宮内勇樹,55.0,ダ,1700.0,稍,116.4,6.8,8-8-9-9,44.6,526.0,6.0,ゼロアワー,
2022106612,ヤマニンパッセ,2025/05/01,門別,晴,1,3歳条件4ー2,7,2,2,1.9,1.0,1.0,宮内勇樹,55.0,ダ,1200.0,稍,74.8,0.0,1-1,40.1,520.0,0.0,(ヤマワケ),60.0
2022106612,ヤマニンパッセ,2025/03/01,1小倉11,曇,7,3歳未勝利,16,4,8,6.4,3.0,7.0,泉谷楓真,55.0,ダ,1700.0,良,109.4,1.9,6-6-6-6,40.2,520.0,0.0,グレイスフルマーチ,
2018106183,ボイラーハウス,2026/07/02,門別,曇,12,ツキミソウ特別(A1),9,4,4,9.7,5.0,2,服部茂史,58.0,ダ,1200.0,良,74.2,0.3,5-6,37.0,534,2,スティールペガサス,56.0
2018106183,ボイラーハウス,2026/06/04,門別,曇,12,グランシャリオ門別ス(重賞),10,1,1,10.7,4.0,3,小野楓馬,57.0,ダ,1000.0,良,60.9,0.6,3-3,35.8,532,2,ストリーム,105.0
2018106183,ボイラーハウス,2026/05/06,門別,晴,11,サッポロ生ビール黒ラ(A1),8,3,3,9.1,4.0,1,服部茂史,57.0,ダ,1200.0,良,73.4,-0.3,4-5,37.6,530,-2,(ラッキーホープ),200.0
2018106183,ボイラーハウス,2026/04/23,門別,晴,12,エトワール賞〔H3〕(重賞),14,4,6,30.5,7.0,9,服部茂史,57.0,ダ,1200.0,稍,75.1,2.7,4-3,39.5,532,10,スペシャルエックス,
2018106183,ボイラーハウス,2025/05/02,大井,雨,11,DIRTISTCK.(OP)(4上),11,2,2,10.4,4.0,3,矢野貴之,56.0,ダ,1400.0,不,86.2,0.8,6-4-4,37.2,522,2,ワンダーランド,187.5
2018106183,ボイラーハウス,2025/04/16,大井,晴,11,東京スプリント競走(JpnIII),15,7,13,386.1,14.0,14,達城龍次,56.0,ダ,1200.0,稍,72.7,1.4,15-15,37.4,520,-2,エートラックス,
2018106183,ボイラーハウス,2025/03/27,大井,曇,11,隅田川オープン競走(OP)(4上),9,7,7,12.0,4.0,3,達城龍次,56.0,ダ,1200.0,良,73.2,0.7,4-3,37.0,522,1,ロードグラディオ,175.0
2018106183,ボイラーハウス,2025/03/13,大井,晴,11,フジノウェーブ記念競(重賞),16,5,10,573.3,15.0,2,達城龍次,56.0,ダ,1400.0,重,85.5,1.4,11-7-6,37.2,521,1,イグザルト,525.0
2018106183,ボイラーハウス,2024/12/03,大井,晴,11,ビオラ賞競走(OP)(3上),16,6,11,73.8,10.0,7,藤本現暉,56.0,ダ,1200.0,良,73.1,1.2,14-13,37.1,520,-1,イグザルト,
2018106183,ボイラーハウス,2024/11/07,大井,晴,11,トパーズ賞競走(OP)(3上),13,5,7,161.2,11.0,5,藤本現暉,56.0,ダ,1400.0,稍,88.0,1.4,11-11-11,38.5,521,3,イグザルト,70.0
2018106183,ボイラーハウス,2024/10/16,大井,曇,11,マイルグランプリ競走(重賞),16,5,10,295.6,12.0,13,本田正重,56.0,ダ,1600.0,良,103.3,2.4,7-6-7-7,40.8,518,1,スマイルウィ,
2018106183,ボイラーハウス,2024/10/03,大井,曇,11,東京盃競走(JpnII),14,2,2,464.6,12.0,10,吉井章,56.0,ダ,1200.0,良,73.2,1.9,11-10,38.2,517,-5,チカッパ,
2018106183,ボイラーハウス,2024/09/09,大井,曇,7,武蔵野オープン競走(OP)(3上),6,4,4,5.0,2.0,2,矢野貴之,56.0,ダ,1600.0,良,102.6,0.6,2-2-2-2,38.4,522,4,リコーシーウルフ,280.0
2018106183,ボイラーハウス,2024/07/31,大井,雨,11,サンタアニタトロフィ(重賞),14,8,14,55.7,9.0,9,達城龍次,57.0,ダ,1600.0,良,102.8,2.1,9-9-9-9,41.5,518,-4,デュードヴァン,
2018106183,ボイラーハウス,2024/07/11,大井,曇,9,ジュライ賞競走(OP)(3上),6,5,5,5.2,4.0,5,達城龍次,56.0,ダ,1200.0,良,74.6,1.1,5-5,39.0,522,2,ブラックストーム,70.0
2018106183,ボイラーハウス,2024/06/04,大井,晴,11,ゆりかもめオープン競(OP)(4上),13,2,2,13.1,6.0,3,達城龍次,56.0,ダ,1600.0,不,103.0,0.9,6-6-7-6,41.4,520,5,リコーシーウルフ,175.0
2018106183,ボイラーハウス,2024/04/25,大井,晴,12,日本橋賞競走(A2B1),10,4,4,3.2,2.0,2,矢野貴之,57.0,ダ,1200.0,重,73.7,0.5,4-5,37.6,515,-3,ストームゾーン,248.0
2018106183,ボイラーハウス,2024/04/10,大井,晴,11,東京スプリント競走(JpnIII),14,1,1,231.5,10.0,7,達城龍次,56.0,ダ,1200.0,重,73.8,1.5,9-8,38.5,518,22,ジャスティン,
2018106183,ボイラーハウス,2024/02/18,2京都8,曇,11,大和S(OP),13,6,8,91.0,13.0,10,国分優作,57.0,ダ,1200.0,良,71.5,0.8,12-10,36.0,496,4,スズカコテキタイ,
2018106183,ボイラーハウス,2024/02/04,2京都4,晴,10,令月S(OP),16,4,7,97.6,11.0,8,斎藤新,55.0,ダ,1200.0,良,71.5,0.5,12-11,35.7,492,-18,クロジシジョー,
2018106183,ボイラーハウス,2024/01/07,1中山2,曇,4,障害4歳以上未勝利,14,5,7,3.9,2.0,5,上野翔,60.0,障,2880.0,良,193.8,0.9,7-5-5-6,13.5,510,12,ビップランバン,79.0
2018106183,ボイラーハウス,2023/12/24,5阪神8,晴,5,障害3歳以上未勝利,14,3,4,9.1,5.0,2,上野翔,60.0,障,2970.0,良,201.2,0.3,3-3-3-4,13.5,498,-2,ゴールドパラディン,320.0
2018106183,ボイラーハウス,2023/12/03,5阪神2,晴,4,障害3歳以上未勝利,11,7,8,29.7,6.0,5,上野翔,60.0,障,2970.0,良,205.6,4.5,9-7-9-7,13.8,500,4,スワヤンブナート,79.0
2018106183,ボイラーハウス,2023/10/07,2京都1,晴,11,藤森S(OP),16,1,2,19.9,7.0,12,西村淳也,57.0,ダ,1200.0,良,72.1,1.2,12-13,36.6,496,-18,サンライズアムール,
2018106183,ボイラーハウス,2023/06/25,1函館6,晴,11,大沼S(L),13,6,8,29.5,9.0,9,秋山真一,57.0,ダ,1700.0,稍,104.9,1.8,5-5-3-10,38.1,514,16,ペプチドナイル,
2018106183,ボイラーハウス,2023/06/04,3阪神2,晴,11,松風月S(OP),16,3,6,51.9,13.0,5,江田照男,55.0,ダ,1200.0,良,71.1,0.3,11-9,35.6,498,-2,オーロラテソーロ,220.0
2018106183,ボイラーハウス,2023/04/09,3中山6,晴,11,京葉S(L),13,5,7,20.0,7.0,7,田辺裕信,57.0,ダ,1200.0,良,70.8,0.8,10-9,35.5,500,-4,テイエムトッキュウ,
2018106183,ボイラーハウス,2023/03/19,2中山8,晴,10,千葉S(OP),16,7,14,18.4,7.0,7,江田照男,56.0,ダ,1200.0,重,69.7,0.4,12-11,34.8,504,4,スズカコテキタイ,
2018106183,ボイラーハウス,2022/12/25,6阪神8,晴,11,りんくうS(OP),16,5,9,10.7,6.0,6,西村淳也,56.0,ダ,1200.0,良,71.5,0.9,6-6,36.2,500,-4,ケイアイドリー,
2018106183,ボイラーハウス,2022/12/04,6阪神2,曇,11,ギャラクシーS(OP),14,4,5,51.0,9.0,3,西村淳也,55.0,ダ,1400.0,稍,84.1,0.3,3-3,36.4,504,-2,デンコウリジエール,555.6
2018106183,ボイラーハウス,2022/11/13,5阪神4,曇,10,室町S(OP),16,2,3,14.9,7.0,14,レーン,55.0,ダ,1200.0,重,71.1,2.0,9-10,36.7,506,2,エアアルマス,
2018106183,ボイラーハウス,2022/10/22,4阪神6,晴,11,オータムリーフS(OP),16,6,12,12.2,7.0,9,江田照男,57.0,ダ,1400.0,良,84.1,0.5,11-8,37.2,504,0,オーヴァーネクサス,
2018106183,ボイラーハウス,2022/10/08,4阪神1,曇,11,大阪スポーツ杯(OP),16,1,1,11.7,7.0,7,江田照男,56.0,ダ,1200.0,稍,70.8,0.8,10-7,35.9,504,4,デュアリスト,
2018106183,ボイラーハウス,2022/06/05,4中京2,曇,11,松風月S(OP),16,8,15,4.1,1.0,5,江田照男,56.0,ダ,1200.0,良,70.7,0.5,9-9,35.5,500,0,オーロラテソーロ,220.0
2018106183,ボイラーハウス,2022/05/28,2東京11,晴,11,欅S(OP),16,6,12,13.2,4.0,4,田辺裕信,56.0,ダ,1400.0,稍,83.7,0.8,11-14,34.7,500,4,レモンポップ,330.0
2018106183,ボイラーハウス,2022/04/30,2阪神11,晴,11,天王山S(OP),16,7,13,6.2,3.0,4,江田照男,56.0,ダ,1200.0,稍,70.7,0.2,10-9,35.4,496,0,デュアリスト,330.0
2018106183,ボイラーハウス,2022/03/05,1阪神7,晴,10,橿原S(3勝クラス),16,6,11,6.8,4.0,1,三浦皇成,57.0,ダ,1200.0,良,71.2,-0.2,9-7,35.6,496,-6,(シャマル),1874.3
2018106183,ボイラーハウス,2022/01/29,1東京1,晴,9,白嶺S(3勝クラス),14,8,14,7.5,4.0,6,江田照男,54.0,ダ,1600.0,良,96.9,0.7,7-8,35.9,502,0,ロードエクレール,
2018106183,ボイラーハウス,2022/01/05,1中京1,晴,9,門松S(3勝クラス),16,1,1,4.4,3.0,5,江田照男,56.0,ダ,1400.0,良,84.5,0.5,11-10,37.2,502,6,ボンディマンシュ,184.0
2018106183,ボイラーハウス,2021/10/16,4東京3,曇,12,3歳以上2勝クラス,15,5,10,6.3,3.0,1,江田照男,55.0,ダ,1300.0,良,77.0,-0.5,10-10,35.0,496,-4,(オーマイガイ),1100.0
2018106183,ボイラーハウス,2021/09/26,4中山7,曇,6,3歳以上1勝クラス,16,1,2,4.8,2.0,1,江田照男,55.0,ダ,1200.0,良,71.4,-0.1,12-11,36.9,500,10,(マイステージ),760.0
2018106183,ボイラーハウス,2021/09/11,4中山1,晴,12,3歳以上1勝クラス,16,6,11,2.3,1.0,3,三浦皇成,55.0,ダ,1200.0,良,71.5,0.1,7-4,37.3,490,-6,シャドウヘリテイジ,190.0
2018106183,ボイラーハウス,2021/07/18,1福島6,晴,8,3歳以上1勝クラス,14,4,5,3.7,2.0,3,江田照男,54.0,ダ,1700.0,良,107.3,0.3,3-6-6-5,38.8,496,0,タマモヒップホップ,190.0
2018106183,ボイラーハウス,2021/07/04,1福島2,小雨,12,3歳以上1勝クラス,15,6,10,4.9,2.0,3,江田照男,54.0,ダ,1700.0,稍,107.4,0.8,6-7-11-9,37.9,496,2,マイネルレンカ,190.0
2018106183,ボイラーハウス,2021/05/09,3中京2,晴,6,3歳1勝クラス,16,8,16,11.7,5.0,4,川又賢治,56.0,ダ,1400.0,稍,85.8,0.1,6-7,38.6,494,6,スカーレットスカイ,110.0
2018106183,ボイラーハウス,2021/04/10,3中山5,晴,7,3歳1勝クラス,16,8,16,7.9,5.0,3,江田照男,56.0,ダ,1200.0,良,71.7,0.3,10-7,36.8,488,-6,サイファーシチー,180.0
2018106183,ボイラーハウス,2021/03/21,2中山8,雨,4,3歳1勝クラス,16,6,11,21.0,8.0,4,江田照男,56.0,ダ,1200.0,稍,72.6,0.3,9-9,36.8,494,-4,ジェセニア,110.0
2018106183,ボイラーハウス,2021/01/16,1中山5,晴,3,3歳未勝利,16,6,11,2.7,1.0,1,江田照男,56.0,ダ,1200.0,良,73.6,-0.2,5-5,37.7,498,-2,(ニシノカタパルト),510.0
2018106183,ボイラーハウス,2020/12/26,5中山7,晴,1,2歳未勝利,16,6,12,3.7,1.0,2,江田照男,55.0,ダ,1200.0,良,73.2,0.4,9-9,38.0,500,4,スイートクラウン,200.0
2018106183,ボイラーハウス,2020/12/12,5中山3,晴,6,2歳新馬,16,5,10,25.6,8.0,2,江田照男,55.0,ダ,1200.0,良,73.3,0.3,4-4,38.0,496,0,マイグレーション,280.0
2021106136,モノノフブラック,2026/07/16,門別,晴,11,新冠町軽種馬生産振興(A1),7,5,5,18.3,5.0,5,宮内勇樹,53.0,ダ,1200.0,重,74.4,1.7,1-2,39.3,462,2,ラッキーホープ,14.0
2021106136,モノノフブラック,2026/06/18,門別,曇,11,サラブレッドのまち日(A1),9,8,8,18.4,5.0,5,宮内勇樹,53.0,ダ,1200.0,良,74.1,0.6,3-3,38.6,460,0,デステージョ,14.0
2021106136,モノノフブラック,2026/05/21,門別,曇,8,ツツジ特別(A3),9,4,4,14.6,5.0,1,宮内勇樹,55.0,ダ,1200.0,良,73.9,0.0,1-1,37.9,460,-2,(カッパギ),90.0
2021106136,モノノフブラック,2026/05/06,門別,晴,8,ハルジオン特別(A3),12,8,12,49.8,7.0,10,宮内勇樹,55.0,ダ,1000.0,良,61.8,1.1,5-4,37.8,462,12,ワンダーウーマン,
2021106136,モノノフブラック,2025/10/21,門別,曇,12,大自然の恵み。らんこ(A2),12,6,8,19.1,6.0,7,井上俊彦,56.0,ダ,1200.0,稍,74.5,0.8,2-3,38.6,450,-2,パレスゴールド,
2021106136,モノノフブラック,2025/10/07,門別,曇,12,赤井川オーガニックか(A2),12,1,1,14.3,5.0,5,宮内勇樹,56.0,ダ,1200.0,良,74.6,1.8,5-4,38.4,452,4,ベラジオゼロ,7.0
2021106136,モノノフブラック,2025/08/27,門別,曇,12,シスキン・プレミアム(A2),10,6,7,2.2,1.0,3,服部茂史,56.0,ダ,1200.0,良,75.1,0.1,3-3,38.1,448,-2,カッパギ,42.0
2021106136,モノノフブラック,2025/08/13,門別,晴,10,グランシャリオドリー(A2),12,5,6,3.5,2.0,1,服部茂史,55.0,ダ,1200.0,良,73.5,0.0,2-2,37.0,450,4,(オンラインボス),100.0
2021106136,モノノフブラック,2025/07/16,門別,曇,11,新冠町軽種馬生産振興(A2),8,2,2,3.4,2.0,4,服部茂史,54.0,ダ,1200.0,稍,74.5,0.9,3-3,37.5,446,-2,ピンクヴェノム,14.0
2021106136,モノノフブラック,2025/07/03,門別,晴,11,道産子企業北海道競馬(A2),9,8,9,4.2,3.0,2,落合玄太,55.0,ダ,1200.0,稍,73.2,0.1,2-2,36.8,448,0,ピンクヴェノム,28.0
2021106136,モノノフブラック,2025/06/19,門別,晴,11,北海道野菜王国にった(A2),8,3,3,13.9,5.0,3,阿岸潤一,53.0,ダ,1200.0,良,74.4,0.9,4-4,38.4,448,8,トウカイエトワール,21.0
2021106136,モノノフブラック,2025/05/22,門別,晴,11,北海道の翼「AIRD(A2),9,6,6,6.9,4.0,3,阿岸潤一,53.0,ダ,1200.0,良,75.3,0.6,2-2,39.7,440,0,オンラインボス,21.0
2021106136,モノノフブラック,2025/05/07,門別,晴,8,シャクヤク特別(A4),11,1,1,7.6,3.0,1,阿岸潤一,54.0,ダ,1200.0,稍,74.7,0.0,3-2,38.0,440,-6,(カプセル),80.0
2021106136,モノノフブラック,2025/03/11,船橋,曇,9,マーチスプリント(B2B3),11,3,3,46.8,8.0,3,山中悠希,55.0,ダ,1200.0,良,75.4,0.8,7-7-6,38.7,446,-7,シゲルマッハ,75.0
2021106136,モノノフブラック,2025/02/24,浦和,晴,10,最強ウマドル☆ファル(B2B3),12,5,6,94.6,9.0,7,福原杏,55.0,ダ,1400.0,良,90.5,1.2,5-4-8-8,39.9,453,3,ツウカイノキズナ,
2021106136,モノノフブラック,2024/12/09,川崎,晴,11,風花特別(B2),14,8,14,15.6,7.0,10,御神本訓,54.0,ダ,1600.0,良,106.3,1.8,2-2-2-1,43.1,450,-2,エアセイラン,
2021106136,モノノフブラック,2024/11/22,浦和,晴,11,霜月特別(B2),10,5,5,11.3,6.0,10,澤田龍哉,54.0,ダ,1400.0,稍,90.3,1.6,5-5-6-10,38.7,452,-8,ボルドーネセバル,
2021106136,モノノフブラック,2024/10/24,浦和,曇,10,マルチフェア特別(B2B3),12,6,7,9.5,7.0,7,澤田龍哉,55.0,ダ,1400.0,良,90.5,0.9,10-9-9-10,39.5,460,24,タイセイアーメット,
2021106136,モノノフブラック,2024/05/29,船橋,晴,11,若潮スプリント(重賞),12,4,4,17.4,6.0,5,野畑凌,54.0,ダ,1200.0,重,75.3,1.2,5-6-6,38.9,436,1,ギガース,85.0
2021106136,モノノフブラック,2024/03/27,浦和,晴,11,桜花賞(重賞),12,5,6,30.8,5.0,11,澤田龍哉,54.0,ダ,1500.0,稍,100.2,3.3,3-2-2-6,43.5,435,1,プリンセスアリー,
2021106136,モノノフブラック,2024/02/21,浦和,雨,11,ユングフラウ賞(重賞),12,6,8,11.0,6.0,3,落合玄太,55.0,ダ,1400.0,良,90.1,0.9,3-3-3-3,38.3,434,5,ミチノアンジュ,240.0
2021106136,モノノフブラック,2023/12/31,大井,晴,10,東京2歳優駿牝馬競走(重賞),15,7,13,49.6,9.0,11,落合玄太,54.0,ダ,1600.0,良,107.4,2.8,5-7-5-6,42.5,429,-1,ローリエフレイバー,
2021106136,モノノフブラック,2023/11/01,門別,雨,11,エーデルワイス賞(JpnIII),14,6,10,10.6,4.0,3,服部茂史,54.0,ダ,1200.0,重,73.2,0.1,7-5,37.9,430,4,モズミギカタアガリ,420.0
2021106136,モノノフブラック,2023/10/05,門別,曇,12,ネクストスター門別〔(重賞),11,7,8,28.1,7.0,2,服部茂史,54.0,ダ,1200.0,稍,74.9,0.9,4-3,39.3,426,2,トラジロウ,280.0
2021106136,モノノフブラック,2023/09/07,門別,晴,12,イノセントカップ〔H(重賞),7,1,1,39.7,5.0,3,松井伸也,54.0,ダ,1200.0,稍,74.7,0.5,5-5,38.5,424,-4,トラジロウ,84.0
2021106136,モノノフブラック,2023/08/01,門別,晴,8,スピネル特別(OP)(2歳),8,6,6,7.9,5.0,2,松井伸也,54.0,ダ,1200.0,良,75.3,0.0,1-1,40.2,428,-6,ジュデシャンス,28.0
2021106136,モノノフブラック,2023/07/18,門別,晴,8,ルビー特別(OP)(2歳),6,1,1,3.5,2.0,3,松井伸也,54.0,ダ,1000.0,稍,62.5,1.9,2-2,38.3,434,8,トラジロウ,21.0
2021106136,モノノフブラック,2023/06/15,門別,曇,4,JRA認定フレッシュ(新馬)(2歳),8,5,5,1.8,1.0,1,落合玄太,54.0,ダ,1000.0,稍,62.4,-0.6,2-1,38.5,426,0,(マルーントリック),250.0
2017103511,スティールペガサス,2026/07/02,門別,曇,12,ツキミソウ特別(A1),9,8,8,3.8,3.0,1,阿部龍,57.0,ダ,1200.0,良,73.9,-0.3,3-3,37.0,512,-8,(ボイラーハウス),200.0
2017103511,スティールペガサス,2026/06/04,門別,曇,11,雪印種苗BFMP特別(A1),6,6,6,2.4,2.0,2,阿部龍,57.0,ダ,1200.0,良,73.5,0.1,2-2,36.8,520,-6,ラッキーホープ,56.0
2017103511,スティールペガサス,2026/05/06,門別,晴,11,サッポロ生ビール黒ラ(A1),8,6,6,2.7,2.0,3,阿部龍,57.0,ダ,1200.0,良,73.8,0.4,3-3,38.2,526,15,ボイラーハウス,42.0
2017103511,スティールペガサス,2025/01/15,大井,晴,11,’25ウインタースプ(OP)(4上),11,7,8,21.1,5.0,2,張田昂,57.0,ダ,1200.0,良,72.6,0.2,2-2,37.6,511,-7,デュアリスト,288.0
2017103511,スティールペガサス,2024/11/06,門別,雨,12,道営スプリント〔H1(重賞),11,5,5,3.8,2.0,3,吉村智洋,57.0,ダ,1200.0,良,72.5,0.4,4-3,37.2,518,4,スペシャルエックス,210.0
2017103511,スティールペガサス,2024/09/12,門別,晴,12,ウポポイオータムスプ(重賞),10,6,6,3.0,1.0,3,桑村真明,57.0,ダ,1200.0,良,73.7,0.2,3-3,38.2,514,2,ストリーム,126.0
2017103511,スティールペガサス,2024/08/01,門別,曇,11,胆振軽種馬農業協同組(A1),7,2,2,1.1,1.0,1,桑村真明,57.0,ダ,1200.0,稍,72.9,-0.9,2-1,37.2,512,-6,(デアフルーグ),200.0
2017103511,スティールペガサス,2024/07/17,門別,曇,12,ポラリスサマースプリ(重賞),9,3,3,2.9,1.0,4,桑村真明,57.0,ダ,1200.0,良,73.5,0.8,4-4,36.9,518,2,スペシャルエックス,70.0
2017103511,スティールペガサス,2024/06/06,門別,晴,12,グランシャリオ門別ス(重賞),9,7,7,1.5,1.0,2,桑村真明,57.0,ダ,1000.0,良,60.3,0.1,3-3,36.7,516,2,ストリーム,140.0
2017103511,スティールペガサス,2024/04/25,門別,曇,11,エトワール賞〔H3〕(重賞),12,6,8,2.7,2.0,3,桑村真明,57.0,ダ,1200.0,不,72.3,0.1,1-1,38.0,514,4,シュロス,105.0
2017103511,スティールペガサス,2023/12/20,園田,晴,11,兵庫ゴールドトロフィ(JpnIII),11,6,7,96.4,8.0,11,桑村真明,56.0,ダ,1400.0,稍,90.8,2.0,3-3-3-6,41.6,510,-2,サンライズホーク,
2017103511,スティールペガサス,2023/11/08,門別,晴,12,道営スプリント〔H1(重賞),13,3,3,1.9,1.0,1,桑村真明,57.0,ダ,1200.0,重,72.9,-0.2,3-2,37.2,512,4,(ドウドウキリシマ),1000.0
2017103511,スティールペガサス,2023/09/14,門別,曇,12,ウポポイオータムスプ(重賞),9,3,3,1.7,1.0,5,桑村真明,57.0,ダ,1200.0,不,74.3,0.6,3-3,38.3,508,4,ケイアイターコイズ,42.0
2017103511,スティールペガサス,2023/08/15,盛岡,曇,10,クラスターC(JpnIII),14,8,13,87.2,6.0,5,吉原寛人,54.0,ダ,1200.0,重,69.8,1.2,6-7,35.3,504,-4,リメイク,210.0
2017103511,スティールペガサス,2023/07/04,門別,晴,12,グランシャリオ門別ス(重賞),11,2,2,1.4,1.0,2,桑村真明,56.0,ダ,1000.0,良,60.3,0.0,3-2,35.9,508,-4,スペシャルエックス,140.0
2017103511,スティールペガサス,2023/06/01,門別,晴,11,北海道スプリントカッ(JpnIII),10,6,6,5.8,4.0,3,桑村真明,56.0,ダ,1200.0,良,72.2,0.5,6-5,37.7,512,0,ケイアイドリー,462.0
2017103511,スティールペガサス,2023/04/27,門別,晴,12,エトワール賞〔H3〕(重賞),11,2,2,1.4,1.0,1,桑村真明,58.0,ダ,1200.0,稍,71.7,-0.5,4-3,36.3,512,13,(スペシャルエックス),500.0
2017103511,スティールペガサス,2022/11/29,笠松,雨,9,笠松グランプリ(重賞),9,2,2,3.1,2.0,4,桑村真明,57.0,ダ,1400.0,不,86.8,0.2,5-3-3,37.7,499,-11,ルーチェドーロ,100.0
2017103511,スティールペガサス,2022/11/09,門別,晴,12,道営スプリント〔H1(重賞),10,3,3,1.3,1.0,1,桑村真明,57.0,ダ,1200.0,稍,72.3,-0.3,2-2,36.8,510,6,(アザワク),1000.0
2017103511,スティールペガサス,2022/09/29,門別,晴,12,ウポポイオータムスプ(重賞),12,7,10,1.7,1.0,1,桑村真明,57.0,ダ,1200.0,良,71.9,-0.4,4-3,37.0,504,0,(アザワク),500.0
2017103511,スティールペガサス,2022/08/17,門別,晴,12,愛別きのこフェス特別(A1),11,8,10,1.4,1.0,1,桑村真明,58.0,ダ,1200.0,重,71.1,-0.7,5-4,36.3,504,4,(ケイアイサクソニー),200.0
2017103511,スティールペガサス,2022/07/06,門別,曇,11,モーリス・プレミアム(A1),8,1,1,1.5,1.0,1,桑村真明,57.0,ダ,1200.0,稍,72.0,-0.8,3-3,36.3,500,0,(リーチ),200.0
2017103511,スティールペガサス,2022/06/02,門別,曇,11,北海道スプリントカッ(JpnIII),10,6,6,45.7,6.0,5,阿部龍,56.0,ダ,1200.0,重,71.4,0.8,7-6,35.8,500,-2,ダンシングプリンス,154.0
2017103511,スティールペガサス,2022/05/04,門別,晴,10,エトワール賞〔H3〕(重賞),11,7,8,1.9,1.0,2,阿部龍,57.0,ダ,1200.0,良,75.0,0.3,3-3,38.7,502,2,フジノパンサー,84.0
2017103511,スティールペガサス,2022/04/20,門別,晴,10,アドマイヤマーズ・プ(A1),11,5,5,2.1,1.0,1,桑村真明,57.0,ダ,1200.0,良,74.9,-0.6,4-3,39.2,500,-15,(ウワサノコウタロウ),200.0
2017103511,スティールペガサス,2021/12/31,大井,晴,11,カウントダウン202(A2B1),16,7,14,12.1,5.0,10,的場文男,57.0,ダ,1400.0,良,87.5,1.4,10-8-8,38.9,515,9,レッドフレイ,
2017103511,スティールペガサス,2021/11/04,門別,晴,11,道営スプリント〔H1(重賞),12,8,11,30.0,7.0,2,宮崎光行,57.0,ダ,1200.0,重,70.7,0.0,2-2,36.0,506,2,アザワク,280.0
2017103511,スティールペガサス,2021/10/06,門別,晴,12,レイデオロ・プレミア(A1),11,2,2,3.4,1.0,5,桑村真明,57.0,ダ,1200.0,不,73.0,0.7,5-3,37.8,504,8,スマートアヴァロン,14.0
2017103511,スティールペガサス,2021/08/12,門別,晴,12,エトワール賞〔H3〕(重賞),11,6,7,2.6,1.0,5,桑村真明,57.0,ダ,1200.0,稍,73.2,0.6,1-1,38.0,496,-4,イダペガサス,21.0
2017103511,スティールペガサス,2021/07/13,門別,晴,12,星雲賞〔H3〕(重賞),8,5,5,6.4,3.0,3,桑村真明,57.0,ダ,1600.0,稍,101.2,0.2,3-3-3-2,39.8,500,0,クラキングス,63.0
2017103511,スティールペガサス,2021/06/16,門別,曇,11,AIRDOインスタグ(A1),6,5,5,1.5,1.0,2,桑村真明,58.0,ダ,1200.0,良,73.8,0.1,2-2,37.6,500,-2,フジノパンサー,56.0
2017103511,スティールペガサス,2021/05/20,門別,晴,12,キズナ・プレミアム(A1),9,2,2,2.0,1.0,1,桑村真明,56.0,ダ,1200.0,稍,72.4,-0.4,1-1,38.2,502,-6,(フォルトゥーレ),200.0
2017103511,スティールペガサス,2021/04/22,門別,晴,9,クンシラン賞(A1),11,5,5,2.2,1.0,1,桑村真明,55.0,ダ,1200.0,良,74.0,-0.1,2-2,38.8,508,19,(フジノパンサー),70.0
2017103511,スティールペガサス,2020/06/23,大井,曇,11,優駿スプリント競走(重賞),16,1,2,16.9,6.0,4,的場文男,57.0,ダ,1200.0,不,73.0,0.5,8-7,37.9,489,-5,カプリフレイバー,200.0
2017103511,スティールペガサス,2020/06/05,大井,晴,11,東京スポーツ賞競走(B2),15,1,1,11.9,5.0,1,的場文男,54.0,ダ,1200.0,良,72.6,-0.2,7-6,36.8,494,-2,(セイジミニスター),340.0
2017103511,スティールペガサス,2020/05/19,大井,雨,11,優駿スプリントトライ(OP)(3歳),15,2,3,18.2,6.0,4,的場文男,56.0,ダ,1200.0,不,74.1,1.2,8-7,38.6,496,-1,カプリフレイバー,58.5
2017103511,スティールペガサス,2020/05/02,大井,晴,2,3歳365万,10,1,1,1.8,1.0,4,的場文男,57.0,ダ,1400.0,良,88.4,0.7,1-1-1,38.6,497,6,ロイヤルペガサス,33.0
2017103511,スティールペガサス,2020/03/19,大井,晴,10,つくし特別競走(3歳),16,4,8,1.2,1.0,4,的場文男,57.0,ダ,1400.0,良,90.0,0.6,11-7-8,39.5,491,1,サンエイウイング,45.0
2017103511,スティールペガサス,2020/02/28,大井,晴,1,3歳290万,12,4,4,2.6,2.0,1,的場文男,56.0,ダ,1400.0,良,88.0,-1.2,1-2-1,38.8,490,3,(サンエイウイング),170.0
2017103511,スティールペガサス,2020/02/06,大井,晴,11,雲取賞競走(重賞),15,5,9,11.7,5.0,11,矢野貴之,55.0,ダ,1800.0,良,119.7,3.6,2-2-2-3,42.1,487,9,ゴールドホイヤー,
2017103511,スティールペガサス,2019/11/27,園田,曇,10,兵庫ジュニアグランプ(JpnII),12,1,1,157.9,8.0,4,桑村真明,55.0,ダ,1400.0,良,88.6,0.6,1-1-1-2,38.8,478,4,テイエムサウスダン,250.0
2017103511,スティールペガサス,2019/11/10,盛岡,晴,12,南部駒賞(重賞),11,2,2,8.2,5.0,2,桑村真明,55.0,ダ,1600.0,良,98.8,0.4,4-4,38.9,474,-16,モリノブレイク,130.0
2017103511,スティールペガサス,2019/10/31,門別,晴,11,北海道2歳優駿(JpnIII),14,1,1,65.7,9.0,10,桑村真明,55.0,ダ,1800.0,良,118.9,2.7,9-10-9-11,41.5,490,2,キメラヴェリテ,
2017103511,スティールペガサス,2019/10/03,門別,曇,12,サンライズカップ〔H(重賞),11,2,2,14.0,4.0,6,桑村真明,55.0,ダ,1800.0,良,118.5,1.5,4-5-5-6,41.7,488,4,ティーズダンク,
2017103511,スティールペガサス,2019/08/21,門別,曇,8,ペリドット特別(OP)(2歳),7,4,4,2.8,2.0,1,服部茂史,54.0,ダ,1700.0,良,111.6,-0.3,3-4-4-5,38.5,484,-4,(ティーズダンク),100.0
2017103511,スティールペガサス,2019/07/25,門別,曇,12,ブリーダーズゴールド(重賞),10,7,8,4.0,2.0,6,桑村真明,54.0,ダ,1700.0,良,111.6,1.8,1-1-1-1,40.6,488,-8,ヨハネスボーイ,
2017103511,スティールペガサス,2019/07/11,門別,曇,10,JRA認定ターフチャ(OP)(2歳),11,6,7,2.1,1.0,2,桑村真明,54.0,ダ,1700.0,良,113.6,0.6,2-1-2-1,40.8,496,14,アジュバント,40.0
2017103511,スティールペガサス,2019/05/30,門別,晴,7,JRA認定アタックチ(未勝利)(2歳),9,8,8,1.2,1.0,1,桑村真明,54.0,ダ,1000.0,良,62.0,-1.1,1-1,37.8,482,0,(ジェネラルエリア),80.0
2017103511,スティールペガサス,2019/05/09,門別,晴,6,JRA認定フレッシュ(新馬)(2歳),10,4,4,1.4,1.0,2,桑村真明,54.0,ダ,1000.0,稍,61.8,0.9,2-2,38.2,482,0,コーラルツッキー,30.0
2021103276,ストリーム,2026/06/04,門別,曇,12,グランシャリオ門別ス(重賞),10,7,8,1.7,1.0,1,岩橋勇二,57.0,ダ,1000.0,良,60.3,-0.4,2-1,35.6,488,4,(スペシャルチャンス),500.0
2021103276,ストリーム,2026/04/23,門別,晴,12,エトワール賞〔H3〕(重賞),14,3,3,11.1,3.0,3,岩橋勇二,57.0,ダ,1200.0,稍,73.1,0.7,1-1,38.0,484,2,スペシャルエックス,105.0
2021103276,ストリーム,2026/02/23,名古屋,晴,7,かきつばた記念(JpnIII),12,6,7,356.3,10.0,9,加藤聡一,57.0,ダ,1500.0,良,94.1,1.9,4-3-6,39.1,482,4,ダノンフィーゴ,
2021103276,ストリーム,2025/11/27,笠松,曇,11,笠松グランプリ(重賞),12,5,6,19.7,6.0,1,加藤聡一,57.0,ダ,1400.0,良,86.2,-0.1,1-1-1,37.3,478,-2,(エコロクラージュ),1400.0
2021103276,ストリーム,2025/11/05,門別,晴,12,道営スプリント〔H1(重賞),10,3,3,28.0,6.0,5,岩橋勇二,57.0,ダ,1200.0,稍,73.1,0.4,4-5,37.5,480,-4,スペシャルエックス,70.0
2021103276,ストリーム,2025/09/24,門別,曇,12,ウポポイオータムスプ(重賞),9,8,9,8.3,3.0,3,岩橋勇二,57.0,ダ,1200.0,良,72.9,0.4,4-5,36.4,484,-8,キャンディドライヴ,126.0
2021103276,ストリーム,2025/08/27,門別,曇,11,風かおる優駿桜国しん(OP)(一般),8,5,5,1.3,1.0,2,岩橋勇二,58.0,ダ,1000.0,良,61.1,0.2,2-2,37.1,492,2,イッツクール,70.0
2021103276,ストリーム,2025/07/31,門別,晴,12,ポラリスサマースプリ(重賞),9,8,8,3.1,2.0,2,岩橋勇二,57.0,ダ,1200.0,稍,73.1,0.5,3-1,37.8,490,2,デステージョ,140.0
2021103276,ストリーム,2025/06/05,門別,曇,12,グランシャリオ門別ス(重賞),7,1,1,2.3,1.0,1,岩橋勇二,57.0,ダ,1000.0,重,59.7,-0.2,2-2,35.8,488,6,(ケイアイロベージ),500.0
2021103276,ストリーム,2025/05/15,笠松,曇,11,オグリキャップ記念(重賞),11,2,2,5.7,4.0,8,渡辺竜也,57.0,ダ,1400.0,良,87.2,1.4,6-10-9,37.3,482,-4,ムエックス,
2021103276,ストリーム,2025/04/24,門別,晴,12,エトワール賞〔H3〕(重賞),11,4,4,2.7,1.0,3,阿岸潤一,57.0,ダ,1200.0,重,73.0,0.3,4-2,37.5,486,4,デステージョ,105.0
2021103276,ストリーム,2024/12/12,笠松,晴,11,笠松グランプリ(重賞),10,8,10,3.4,2.0,1,渡辺竜也,55.0,ダ,1400.0,良,85.2,-0.1,4-3-3,37.5,482,-1,(イモータルスモーク),1200.0
2021103276,ストリーム,2024/11/07,園田,晴,11,楠賞(重賞),12,2,2,12.0,4.0,2,吉原寛人,56.0,ダ,1400.0,良,89.7,0.0,7-6-6-3,39.1,483,3,フジユージーン,700.0
2021103276,ストリーム,2024/09/12,門別,晴,12,ウポポイオータムスプ(重賞),10,8,10,4.9,4.0,1,岩橋勇二,55.0,ダ,1200.0,良,73.5,-0.2,2-1,38.5,480,-2,(ドリームビリーバー),600.0
2021103276,ストリーム,2024/08/15,門別,曇,11,北海道スプリントカッ(JpnIII),13,8,12,44.2,7.0,8,岩橋勇二,56.0,ダ,1200.0,稍,74.8,2.2,8-8,39.3,482,2,チカッパ,
2021103276,ストリーム,2024/07/11,門別,曇,12,星雲賞〔H3〕(重賞),9,3,3,1.8,1.0,4,岩橋勇二,57.0,ダ,1200.0,稍,74.3,1.0,4-6,37.9,480,4,トラジロウ,70.0
2021103276,ストリーム,2024/06/06,門別,晴,12,グランシャリオ門別ス(重賞),9,3,3,3.8,2.0,1,岩橋勇二,54.0,ダ,1000.0,良,60.2,-0.1,3-4,36.5,476,4,(スティールペガサス),500.0
2021103276,ストリーム,2024/04/18,門別,曇,11,ネクストスター北日本(重賞),15,4,6,5.8,3.0,1,岩橋勇二,57.0,ダ,1200.0,重,73.9,-0.3,3-1,38.7,472,-2,(ヴィヴィアンエイト),1200.0
2021103276,ストリーム,2023/11/22,園田,晴,11,兵庫ジュニアグランプ(JpnII),12,5,6,57.7,7.0,4,田中学,55.0,ダ,1400.0,良,90.3,0.9,8-8-5-6,39.6,474,6,イーグルノワール,450.0
2021103276,ストリーム,2023/10/05,門別,曇,12,ネクストスター門別〔(重賞),11,1,1,3.3,2.0,4,岩橋勇二,55.0,ダ,1200.0,稍,75.3,1.3,9-9,38.2,468,-4,トラジロウ,140.0
2021103276,ストリーム,2023/09/07,門別,晴,12,イノセントカップ〔H(重賞),7,6,6,1.6,1.0,2,岩橋勇二,54.0,ダ,1200.0,稍,74.7,0.5,3-4,39.3,472,6,トラジロウ,112.0
2021103276,ストリーム,2023/06/27,門別,曇,12,栄冠賞〔H2〕(重賞),8,2,2,2.1,1.0,1,岩橋勇二,54.0,ダ,1200.0,良,74.6,-0.3,3-3,39.3,466,-4,(スティールマジック),500.0
2021103276,ストリーム,2023/06/08,門別,晴,8,JRA認定ウィナーズ(OP)(2歳),8,2,2,4.4,3.0,1,岩橋勇二,54.0,ダ,1200.0,稍,74.1,-0.4,5-5,38.5,470,8,(キタサンヒコボシ),250.0
2021103276,ストリーム,2023/05/18,門別,晴,6,JRA認定フレッシュ(新馬)(2歳),9,2,2,1.9,1.0,1,岩橋勇二,54.0,ダ,1000.0,良,61.1,-0.3,3-2,37.1,462,0,(ジャティルウィ),250.0
2018110115,ジャスパーメジャー,2026/07/02,門別,曇,12,ツキミソウ特別(A1),9,1,1,57.1,7.0,7,松井伸也,55.0,ダ,1200.0,良,75.2,1.3,5-3,38.0,520.0,-4.0,スティールペガサス,
2018110115,ジャスパーメジャー,2026/05/21,門別,曇,11,コデマリ特別(A1),8,1,1,4.6,2.0,3,阿部龍,55.0,ダ,1200.0,良,74.3,2.0,5-6,37.7,524.0,-2.0,ベストグリーン,42.0
2018110115,ジャスパーメジャー,2026/04/23,門別,晴,12,エトワール賞〔H3〕(重賞),14,3,4,11.8,5.0,10,井上瑛太,55.0,ダ,1200.0,稍,75.2,2.8,2-3,39.9,526.0,-12.0,スペシャルエックス,
2018110115,ジャスパーメジャー,2025/11/06,門別,曇,11,ベロニカ特別(A1),11,7,10,2.4,2.0,2,阿部龍,57.0,ダ,1200.0,稍,73.2,0.1,3-3,36.8,538.0,-2.0,ラッキーホープ,56.0
2018110115,ジャスパーメジャー,2025/10/23,門別,晴,12,モーリス・プレミアム(A1),7,6,6,1.7,1.0,2,松井伸也,57.0,ダ,1200.0,稍,74.2,0.0,3-1,37.9,540.0,-2.0,カッパギ,56.0
2018110115,ジャスパーメジャー,2025/09/24,門別,曇,12,ウポポイオータムスプ(重賞),9,7,7,14.8,4.0,4,阿部龍,57.0,ダ,1200.0,良,73.3,0.8,3-3,37.4,542.0,0.0,キャンディドライヴ,84.0
2018110115,ジャスパーメジャー,2025/09/11,門別,曇,12,スワーヴリチャード・(A1),6,6,6,2.7,2.0,1,阿部龍,56.0,ダ,1200.0,良,73.0,-0.7,1-1,37.2,542.0,-10.0,(ピンクヴェノム),200.0
2018110115,ジャスパーメジャー,2025/07/31,門別,晴,12,ポラリスサマースプリ(重賞),9,1,1,5.3,3.0,7,阿部龍,57.0,ダ,1200.0,稍,74.5,1.9,4-6,38.8,552.0,4.0,デステージョ,
2018110115,ジャスパーメジャー,2025/06/04,門別,雨,11,デルフィニウム特別(A1),8,5,5,4.5,2.0,1,阿部龍,55.0,ダ,1200.0,重,71.7,-0.1,1-1,35.9,548.0,12.0,(ラッキーホープ),200.0
2018110115,ジャスパーメジャー,2024/11/07,門別,曇,11,来年も応援ホッカイド(A1),11,7,9,1.8,1.0,1,阿部龍,56.0,ダ,1200.0,稍,74.0,-0.2,4-1,37.9,536.0,0.0,(デアフルーグ),200.0
2018110115,ジャスパーメジャー,2024/10/22,門別,曇,12,ロードカナロア・プレ(A1),9,3,3,1.6,1.0,1,阿部龍,55.0,ダ,1200.0,稍,73.5,-0.1,2-1,38.1,536.0,-2.0,(デアフルーグ),200.0
2018110115,ジャスパーメジャー,2024/09/24,門別,晴,11,北海道馬主会日高馬主(A2),11,5,6,2.1,1.0,2,阿部龍,58.0,ダ,1200.0,良,74.1,0.1,3-3,38.7,538.0,2.0,クーファアチャラ,28.0
2018110115,ジャスパーメジャー,2024/09/12,門別,晴,12,ウポポイオータムスプ(重賞),10,3,3,4.5,3.0,7,阿部龍,57.0,ダ,1200.0,良,74.5,1.0,8-7,37.6,536.0,2.0,ストリーム,
2018110115,ジャスパーメジャー,2024/08/13,門別,曇,12,シスキン・プレミアム(A1),10,3,3,1.3,1.0,1,阿部龍,55.0,ダ,1200.0,稍,73.8,-0.2,5-3,38.1,534.0,4.0,(オンラインボス),200.0
2018110115,ジャスパーメジャー,2024/07/17,門別,曇,12,ポラリスサマースプリ(重賞),9,8,8,3.5,3.0,3,阿部龍,57.0,ダ,1200.0,良,73.4,0.7,3-3,37.0,530.0,-4.0,スペシャルエックス,105.0
2018110115,ジャスパーメジャー,2024/06/05,門別,曇,6,デルフィニウム特別(A4),7,1,1,2.2,2.0,1,阿部龍,58.0,ダ,1200.0,良,73.3,-0.4,1-1,36.8,534.0,-4.0,(キタサンヒコボシ),80.0
2018110115,ジャスパーメジャー,2024/05/08,門別,曇,11,シャクヤク特別(A4),7,1,1,1.3,1.0,1,阿部龍,56.0,ダ,1200.0,稍,74.7,-0.1,3-2,37.8,538.0,-6.0,(アイスボウル),80.0
2018110115,ジャスパーメジャー,2024/04/17,門別,雨,12,すぱっと!POG!開(B3),12,7,10,4.7,3.0,1,阿部龍,57.0,ダ,1200.0,重,71.8,0.0,5-1,35.8,544.0,10.0,(ラッキーホープ),65.0
2018110115,ジャスパーメジャー,2023/11/08,門別,晴,7,ユーチャリス特別(B1),12,7,9,4.1,2.0,1,桑村真明,56.0,ダ,1200.0,重,73.7,-0.2,4-1,38.2,534.0,4.0,(リュウノブレイク),60.0
2018110115,ジャスパーメジャー,2023/10/17,門別,晴,12,うまカルフェスin新(B3),12,5,6,13.3,4.0,1,阿部龍,57.0,ダ,1200.0,稍,74.5,0.0,4-4,37.9,530.0,2.0,(イイデチャンプ),55.0
2018110115,ジャスパーメジャー,2023/09/20,門別,晴,11,北海道えぞまつ特別1(B3),12,6,8,5.7,3.0,4,阿部龍,57.0,ダ,1200.0,良,74.4,0.7,8-8,36.9,528.0,4.0,カッパギ,7.7
2018110115,ジャスパーメジャー,2023/08/22,門別,晴,12,23ー24HARDW(B3),10,8,10,2.1,2.0,3,阿部龍,57.0,ダ,1200.0,稍,74.1,0.5,5-4,37.4,524.0,-2.0,ジークリンデ,11.6
2018110115,ジャスパーメジャー,2023/07/25,門別,曇,12,アニマルキングダム賞(B3),10,5,5,2.4,2.0,3,阿部龍,57.0,ダ,1200.0,良,74.4,0.8,9-3,37.9,526.0,4.0,ブリックロード,11.6
2018110115,ジャスパーメジャー,2023/06/28,門別,晴,12,江差かもめ島まつり特(B3),12,4,4,2.8,2.0,3,阿部龍,56.0,ダ,1200.0,稍,73.7,0.4,5-5,37.4,522.0,-18.0,ブリックロード,11.6
2018110115,ジャスパーメジャー,2023/06/22,門別,曇,9,北海道日高乳業ヨーグ(A4),11,8,12,,,取,阿部龍,55.0,ダ,1200.0,良,,,,,,,サウンドボス,
2018110115,ジャスパーメジャー,2023/05/30,門別,晴,10,冠レースでお得なSP(B2),12,8,12,1.5,1.0,1,阿部龍,56.0,ダ,1200.0,良,73.4,-0.9,4-2,37.0,540.0,6.0,(リッキオ),60.0
2018110115,ジャスパーメジャー,2023/05/03,門別,晴,11,ヱビスビール特別(B2),12,8,12,1.3,1.0,1,阿部龍,55.0,ダ,1200.0,良,74.2,-0.1,6-1,38.4,534.0,6.0,(ジークリンデ),60.0
2018110115,ジャスパーメジャー,2023/02/08,姫路,晴,11,JRA交流夢前川特別,12,8,12,2.5,2.0,4,吉村智洋,56.0,ダ,1500.0,稍,97.7,1.5,4-4-3-2,38.9,528.0,-8.0,ニホンピロクリフ,30.0
2018110115,ジャスパーメジャー,2022/12/28,6阪神9,晴,7,3歳以上1勝クラス,16,8,16,14.7,7.0,16,松本大輝,56.0,ダ,1400.0,良,88.1,2.7,2-2,41.1,536.0,6.0,セイクリッド,
2018110115,ジャスパーメジャー,2022/09/29,門別,晴,12,ウポポイオータムスプ(重賞),12,7,11,26.0,8.0,4,阿部龍,57.0,ダ,1200.0,良,72.7,0.8,6-4,37.5,530.0,-6.0,スティールペガサス,70.0
2018110115,ジャスパーメジャー,2022/08/23,門別,曇,11,JA日高胆振魂!農業(B4),9,7,7,1.4,1.0,2,阿部龍,56.0,ダ,1200.0,稍,72.8,0.2,4-2,36.7,536.0,-4.0,クインズソフィア,15.4
2018110115,ジャスパーメジャー,2022/08/10,門別,雨,10,木古内キーコのモゥダ(C2),11,7,9,1.1,1.0,1,阿部龍,56.0,ダ,1200.0,不,72.7,-1.4,5-1,37.4,540.0,-6.0,(コネイブル),45.0
2018110115,ジャスパーメジャー,2022/07/19,門別,晴,9,登別地獄谷?鬼の棲む(C3),8,6,6,1.0,1.0,1,阿部龍,56.0,ダ,1200.0,稍,73.7,-1.2,3-1,37.4,546.0,6.0,(スズオリーブ),45.0
2018110115,ジャスパーメジャー,2022/06/15,門別,曇,2,3歳以上C4ー3,11,6,7,1.0,1.0,1,阿部龍,56.0,ダ,1200.0,良,74.7,-1.9,1-1,38.5,540.0,-10.0,(トンデンカムオン),30.0
2018110115,ジャスパーメジャー,2022/05/25,門別,晴,5,3歳以上C4ー3,11,8,11,2.1,1.0,1,阿部龍,56.0,ダ,1200.0,良,75.0,-1.3,4-1,38.9,550.0,48.0,(ノボマジック),30.0
2018110115,ジャスパーメジャー,2021/05/22,3中京5,曇,3,3歳未勝利,16,1,2,215.7,15.0,14,岩田康誠,56.0,ダ,1900.0,不,122.8,3.6,1-1-2-3,42.1,502.0,0.0,グリンブルスティ,
2018110115,ジャスパーメジャー,2021/05/08,3中京1,晴,1,3歳未勝利,14,4,5,57.0,7.0,10,小沢大仁,53.0,ダ,1800.0,稍,116.5,4.3,4-4-6-8,41.5,502.0,0.0,キャリアリズム,
2018110115,ジャスパーメジャー,2020/10/18,4京都4,晴,9,もみじS(OP),8,8,8,151.7,8.0,8,坂井瑠星,55.0,芝,1400.0,稍,84.5,1.7,2-2,37.5,502.0,2.0,アスコルターレ,
2018110115,ジャスパーメジャー,2020/09/19,2中京3,晴,2,2歳未勝利,11,4,4,7.7,3.0,11,松若風馬,54.0,ダ,1800.0,良,119.6,2.9,2-2-3-6,42.6,500.0,-6.0,タガノチュール,
2018110115,ジャスパーメジャー,2020/09/06,2小倉8,曇,5,2歳新馬,16,1,1,7.4,5.0,15,松山弘平,54.0,芝,1800.0,良,114.8,3.4,7-5-7-8,38.3,506.0,0.0,アドマイヤザーゲ,
2021101746,カナサンドー,2026/07/08,川崎,晴,1,トウザヨリ賞(C3),11,7,8,45.1,7.0,8.0,藤江渉,54.0,ダ,900.0,稍,57.6,1.4,4-8,39.3,399.0,9.0,ハナサキポプラ,
2021101746,カナサンドー,2026/06/15,川崎,曇,4,ハヤブサ賞(C3),11,2,2,12.9,5.0,7.0,藤江渉,54.0,ダ,900.0,重,57.3,0.9,4-3,38.9,390.0,-6.0,モンテジュエル,
2021101746,カナサンドー,2026/05/14,川崎,晴,2,イヌワシ賞(C3),12,6,7,18.4,7.0,8.0,藤江渉,54.0,ダ,900.0,良,57.6,0.7,5-5,39.2,396.0,0.0,ロワン,
2021101746,カナサンドー,2026/04/09,川崎,晴,4,スズメ賞(C3),11,3,3,39.3,7.0,2.0,藤江渉,54.0,ダ,900.0,稍,56.2,0.4,1-1,38.9,396.0,9.0,ロジステート,32.0
2021101746,カナサンドー,2026/03/04,川崎,曇,2,フェネック賞(C3),11,6,6,30.1,8.0,5.0,藤江渉,54.0,ダ,900.0,不,56.2,0.8,4-4,38.3,387.0,5.0,カウニスミエリ,8.0
2021101746,カナサンドー,2026/02/03,川崎,晴,1,プレーリードッグ賞(C3),12,3,3,34.2,7.0,7.0,藤江渉,54.0,ダ,900.0,良,57.8,1.7,5-3,39.4,382.0,-2.0,ナキムシヒカル,
2021101746,カナサンドー,2026/01/04,川崎,晴,4,福袋賞(C3),12,6,8,47.0,10.0,5.0,藤江渉,54.0,ダ,900.0,稍,57.0,0.9,2-2,38.7,384.0,-6.0,ミヤジミニー,8.0
2021101746,カナサンドー,2025/12/15,川崎,晴,3,ヤマネ賞(C3),12,8,12,57.9,9.0,3.0,藤江渉,54.0,ダ,900.0,重,57.5,0.1,4-3,39.3,390.0,0.0,ダイナマイトブル,20.0
2021101746,カナサンドー,2025/11/18,川崎,晴,2,ウォンバット賞(C3),12,5,5,196.8,11.0,9.0,藤江渉,54.0,ダ,900.0,良,57.6,1.1,3-4,39.4,390.0,-7.0,リオシャンパーニュ,
2021101746,カナサンドー,2025/10/15,川崎,曇,1,笠懸賞(C3),12,6,8,27.6,5.0,7.0,藤江渉,54.0,ダ,900.0,稍,57.5,0.9,4-4,39.0,397.0,-5.0,シンキングセンティ,
2021101746,カナサンドー,2025/09/25,浦和,晴,4,浦和800ラウンド(C2C3),12,4,4,38.6,7.0,12.0,藤江渉,53.0,ダ,800.0,良,51.4,3.2,9-9,38.6,402.0,-1.0,メーネフロタント,
2021101746,カナサンドー,2025/09/11,川崎,雨,5,金沢競馬大雨災害復興(C3),0,1,1,,,,藤江渉,54.0,ダ,900.0,不,,,,,402.0,-1.0,,
2021101746,カナサンドー,2025/08/21,川崎,晴,2,クロカジキ賞(C3),11,7,8,35.8,9.0,4.0,藤江渉,54.0,ダ,900.0,良,56.6,0.9,7-5,38.6,403.0,2.0,タノシサ,12.0
2021101746,カナサンドー,2025/08/06,川崎,晴,3,カマスサワラ賞(C3),9,6,6,23.7,6.0,3.0,藤江渉,54.0,ダ,900.0,良,56.3,0.5,7-6,37.9,401.0,-2.0,ボイド,20.0
2021101746,カナサンドー,2025/07/08,川崎,晴,1,トビウオ賞(C3),12,2,2,8.3,3.0,4.0,藤江渉,54.0,ダ,900.0,良,56.1,0.4,1-1,38.4,403.0,4.0,グローリーシューズ,12.0
2021101746,カナサンドー,2025/06/16,川崎,晴,8,風神賞(C2),12,4,4,123.9,11.0,5.0,藤江渉,54.0,ダ,900.0,重,56.4,0.7,9-7,38.0,399.0,2.0,グレッソネイ,10.0
2021101746,カナサンドー,2025/05/12,川崎,曇,7,雷響賞(C2),11,4,4,111.9,9.0,4.0,藤江渉,54.0,ダ,900.0,重,56.7,1.4,5-4,38.9,397.0,-5.0,ワインワインレッド,15.0
2021101746,カナサンドー,2025/04/08,川崎,晴,1,初雷賞(C2),12,3,3,75.7,9.0,9.0,増田充宏,54.0,ダ,900.0,稍,57.5,2.1,7-5,39.5,402.0,-4.0,ダンシングクライ,
2021101746,カナサンドー,2025/03/03,川崎,雨,4,ミーアキャット賞(C3),11,7,9,17.1,3.0,3.0,藤江渉,54.0,ダ,900.0,重,57.5,0.7,2-2,39.3,406.0,-1.0,アンジュラプソディ,20.0
2021101746,カナサンドー,2025/02/04,川崎,晴,4,カピバラ賞(C3),12,8,11,40.0,7.0,2.0,藤江渉,54.0,ダ,900.0,稍,56.8,0.7,2-2,38.5,407.0,-1.0,ブラウオリゾン,32.0
2021101746,カナサンドー,2025/01/03,川崎,曇,4,弁才天賞(C3),12,8,11,38.0,8.0,8.0,藤江渉,54.0,ダ,900.0,良,58.3,1.4,2-2,40.1,408.0,-1.0,ナキムシヒカル,
2021101746,カナサンドー,2024/12/12,川崎,晴,3,クロシェット賞(3歳),10,4,4,76.8,5.0,10.0,藤江渉,54.0,ダ,1400.0,良,96.0,3.7,1-1-1-4,44.9,409.0,6.0,フクノスナノバラ,
2021101746,カナサンドー,2024/11/14,川崎,曇,4,プファイル賞(3歳),8,5,5,22.4,4.0,5.0,藤江渉,54.0,ダ,900.0,良,56.2,1.7,5-6,38.2,403.0,3.0,キラリメイラード,14.0
2021101746,カナサンドー,2024/10/10,川崎,曇,2,木菟特別(3歳),11,6,7,23.0,6.0,10.0,藤江渉,54.0,ダ,1500.0,重,104.9,5.2,2-1-1-5,46.9,400.0,-2.0,ハチャトリアン,
2021101746,カナサンドー,2024/09/16,佐賀,雨,10,シューティングスター(3歳),0,1,1,,,,加茂飛翔,54.0,ダ,1400.0,不,,,,,,,,
2021101746,カナサンドー,2024/08/31,佐賀,晴,4,スピードスター賞(3歳),10,5,5,25.1,7.0,9.0,加茂飛翔,54.0,ダ,1400.0,不,93.2,2.8,1-1-3-7,43.4,402.0,1.0,シーブレ,
2021101746,カナサンドー,2024/08/03,佐賀,晴,5,3歳ー4組,11,6,6,4.2,2.0,1.0,加茂飛翔,54.0,ダ,1300.0,良,84.5,-0.7,1-1-1-1,39.5,401.0,1.0,(リケアジョーヌ),43.0
2021101746,カナサンドー,2024/07/20,佐賀,晴,7,KYUSHUDREA(3歳),11,1,1,15.4,5.0,7.0,加茂飛翔,54.0,ダ,1300.0,良,85.8,1.6,3-5-6-7,40.2,400.0,-1.0,ダンツパルス,
2021101746,カナサンドー,2024/07/07,佐賀,晴,4,3歳ー6組,9,7,7,1.9,1.0,1.0,加茂飛翔,54.0,ダ,1300.0,良,86.3,-0.1,2-3-2-2,39.5,401.0,-7.0,(ペルドリ),43.0
2021101746,カナサンドー,2024/06/24,佐賀,曇,4,3歳ー7組,6,1,1,4.4,2.0,2.0,加茂飛翔,54.0,ダ,1400.0,不,91.6,0.8,1-1-1-2,40.9,408.0,2.0,ゼンカイワールド,13.8
2021101746,カナサンドー,2024/06/16,佐賀,晴,11,SAGAリベンジャー(3歳),11,6,7,1.6,1.0,1.0,加茂飛翔,54.0,ダ,900.0,良,56.5,-0.3,2-1,37.6,406.0,0.0,(タマモキサキ),43.0
2021101746,カナサンドー,2024/06/02,佐賀,曇,10,SAGAリベンジャー(3歳),12,7,10,7.1,4.0,3.0,加茂飛翔,54.0,ダ,1400.0,良,93.7,0.4,3-3-2-1,41.9,406.0,18.0,ダンツパルス,7.7
2021101746,カナサンドー,2024/04/21,3京都2,曇,2,3歳未勝利,16,3,5,591.1,16.0,15.0,高倉稜,55.0,ダ,1200.0,良,75.3,2.4,15-14,38.1,388.0,-4.0,フレイミングパイ,
2021101746,カナサンドー,2024/03/30,2阪神3,晴,4,3歳未勝利,18,4,7,492.2,17.0,14.0,川端海翼,52.0,芝,1400.0,良,83.7,1.8,14-13,35.6,392.0,-18.0,ガロンヌ,
2021101746,カナサンドー,2024/01/08,1京都3,晴,3,3歳新馬,16,2,3,42.8,9.0,12.0,川端海翼,52.0,ダ,1200.0,良,76.5,1.4,11-11,39.0,410.0,0.0,タイセイミニスター,
2022106895,スピークオブデビル,2026/07/13,浦和,曇,1,ランチタイム(C3),10,7,7,19.1,4.0,6,菅原涼太,54.0,ダ,1300.0,稍,85.0,1.5,3-3-4-4,40.2,509,7,ヒロシゲクリスタル,
2022106895,スピークオブデビル,2026/06/29,船橋,曇,1,入梅ダッシュ(C3),7,7,7,8.6,3.0,3,及川烈,54.0,ダ,1000.0,不,64.1,1.7,5-5,39.3,502,-2,オールトソリス,30.0
2022106895,スピークオブデビル,2026/06/22,浦和,曇,5,C3六七,8,8,8,10.3,4.0,6,菅原涼太,54.0,ダ,1500.0,重,99.3,1.7,2-2-2-5,41.4,504,-5,パラダイスビート,
2022106895,スピークオブデビル,2026/05/26,浦和,曇,2,浦和800ラウンド(C3),12,3,3,29.5,5.0,8,菅原涼太,54.0,ダ,800.0,稍,49.5,1.7,7-7,36.3,509,7,パイソン,
2022106895,スピークオブデビル,2026/04/21,浦和,曇,1,浦和800ラウンド(C3),9,8,10,10.8,6.0,4,菅原涼太,54.0,ダ,800.0,良,49.6,0.8,3-3,36.5,502,-13,ダイエービルベリー,12.0
2022106895,スピークオブデビル,2026/03/20,浦和,雨,1,浦和800ラウンド(C3),11,7,9,24.6,6.0,4,菅原涼太,54.0,ダ,800.0,稍,49.4,0.9,8-7,36.8,515,20,マダムファンタジア,12.0
2022106895,スピークオブデビル,2025/11/26,浦和,晴,3,浦和800ラウンド(3歳),9,4,4,52.1,7.0,5,菅原涼太,54.0,ダ,800.0,良,49.1,1.0,5-4,35.8,495,-13,エスシーボニー,16.0
2022106895,スピークオブデビル,2025/10/29,浦和,晴,1,浦和800ラウンド(3歳),11,6,8,104.1,9.0,5,菅原涼太,54.0,ダ,800.0,稍,49.1,1.7,6-6,36.1,508,-19,キャストライトオン,16.0
2022106895,スピークオブデビル,2025/09/26,浦和,晴,1,浦和800ラウンド(3歳),10,8,10,195.6,10.0,9,七夕裕次,53.0,ダ,800.0,良,50.5,2.8,8-9,37.1,527,17,ミラコロヴァーグ,
2022106895,スピークオブデビル,2025/04/25,浦和,曇,4,浦和800ラウンド(3歳),11,4,4,229.9,11.0,11,加藤和博,53.0,ダ,800.0,良,51.5,2.8,11-11,37.2,510,-4,ビナベンチェ,
2022106895,スピークオブデビル,2025/02/28,浦和,晴,3,3歳未出走(未出走),10,1,1,52.9,9.0,10,西啓太,54.0,ダ,1400.0,良,103.7,12.4,9-10-10-10,47.8,514,-12,ヴォーゲルワンド,
2022106895,スピークオブデビル,2025/01/10,浦和,晴,4,3歳六,8,5,5,61.6,8.0,8,加藤和博,54.0,ダ,1400.0,稍,99.0,4.9,8-7-8-8,44.5,526,0,タカイチフリオーソ,
2019106245,アカルイスモウブ,2026/07/09,川崎,晴,2,トビウオ賞(C3),12,5,6,123.0,12.0,12,岡村裕基,54.0,ダ,900.0,稍,58.2,3.0,5-10,40.0,438,1,ブリテン,
2019106245,アカルイスモウブ,2026/06/15,川崎,曇,4,ハヤブサ賞(C3),11,5,5,42.2,7.0,10,岡村裕基,54.0,ダ,900.0,重,57.7,1.3,1-2,39.7,437,8,モンテジュエル,
2019106245,アカルイスモウブ,2026/05/14,川崎,晴,2,イヌワシ賞(C3),12,5,6,125.4,11.0,6,加藤雄真,51.0,ダ,900.0,良,57.3,0.4,1-1,39.2,429,0,ロワン,
2019106245,アカルイスモウブ,2026/04/06,川崎,晴,1,ツバメ賞(C3),11,7,8,30.9,9.0,11,藤江渉,52.0,ダ,900.0,不,58.2,1.6,1-2,40.7,429,0,ナリノビスケッツ,
2019106245,アカルイスモウブ,2025/08/19,浦和,晴,1,浦和800ラウンド(C3),10,4,4,48.7,6.0,6,岡田大,54.0,ダ,800.0,稍,48.7,1.5,4-5,36.6,429,8,ロングビーチ,
2019106245,アカルイスモウブ,2025/07/24,浦和,晴,2,浦和800ラウンド(C3),11,5,5,68.2,8.0,9,岡田大,54.0,ダ,800.0,良,50.0,2.3,3-7,38.2,421,7,アースメロディ,
2019106245,アカルイスモウブ,2025/06/24,浦和,曇,4,浦和800ラウンド(C3),7,7,7,8.2,4.0,4,岡田大,54.0,ダ,800.0,良,48.7,0.9,2-2,36.5,414,-3,カラドボルグ,12.0
2019106245,アカルイスモウブ,2025/06/19,川崎,晴,1,トンビ賞(C3),9,4,4,27.8,5.0,5,岡田大,54.0,ダ,900.0,良,56.6,0.9,2-2,39.3,417,-6,シャイニングルキア,8.0
2019106245,アカルイスモウブ,2025/05/27,浦和,曇,1,浦和800ラウンド(C3),11,3,3,43.7,5.0,7,岡田大,54.0,ダ,800.0,稍,49.1,2.3,3-3,36.8,423,6,スーパーサイクル,
2019106245,アカルイスモウブ,2025/04/22,浦和,曇,2,浦和800ラウンド(C3),12,6,7,43.8,11.0,8,岡田大,54.0,ダ,800.0,良,49.4,1.3,3-4,37.0,417,-2,モンテジュエル,
2019106245,アカルイスモウブ,2025/03/20,浦和,晴,3,浦和800ラウンド(C3),12,6,7,18.9,7.0,6,福原杏,54.0,ダ,800.0,重,48.2,0.5,1-2,36.1,419,-1,ファンファン,
2019106245,アカルイスモウブ,2025/02/28,浦和,晴,2,浦和800ラウンド(C3),12,2,2,15.8,5.0,9,岡田大,54.0,ダ,800.0,良,50.5,1.4,1-2,38.1,420,-7,ファンファン,
2019106245,アカルイスモウブ,2025/01/20,船橋,晴,5,C3選抜馬,14,3,3,132.2,12.0,13,岡田大,54.0,ダ,1000.0,稍,64.6,2.6,1-2,41.1,427,-6,アンジュクレール,
2019106245,アカルイスモウブ,2025/01/09,浦和,晴,2,浦和800ラウンド(C3),12,3,3,58.2,9.0,10,岡田大,54.0,ダ,800.0,重,50.2,1.2,2-4,38.3,433,-3,スプリングローズ,
2019106245,アカルイスモウブ,2024/12/26,浦和,晴,7,クライマックスリレー(C2),12,2,2,46.8,10.0,9,岡田大,54.0,ダ,800.0,良,49.5,1.0,5-5,37.3,436,2,シェナエース,
2019106245,アカルイスモウブ,2024/12/10,川崎,晴,8,奔雷賞(C2),12,6,7,72.3,6.0,11,岡田大,54.0,ダ,900.0,良,58.1,2.6,3-7,40.8,434,-5,トゥーリナライト,
2019106245,アカルイスモウブ,2024/11/22,浦和,晴,4,浦和800ラウンド(C2C3),10,8,10,9.3,4.0,1,岡田大,53.0,ダ,800.0,稍,48.4,0.0,1-2,36.0,439,-1,(ロトカグラ),100.0
2019106245,アカルイスモウブ,2024/10/25,浦和,曇,4,浦和800ラウンド(C3),12,7,10,5.3,4.0,5,岡田大,54.0,ダ,800.0,良,49.4,1.6,2-4,37.3,440,2,スーパーサイクル,8.0
2019106245,アカルイスモウブ,2024/09/18,浦和,曇,4,浦和800ラウンド(C3),12,5,5,12.7,6.0,6,岡田大,54.0,ダ,800.0,良,49.6,1.0,1-2,37.3,438,8,メーネフロタント,
2019106245,アカルイスモウブ,2024/08/21,浦和,晴,7,浦和800ラウンド(C3),10,5,5,72.7,9.0,2,岡田大,54.0,ダ,800.0,良,48.4,0.1,1-1,36.4,430,2,マザーフェイヴァー,32.0
2019106245,アカルイスモウブ,2024/03/29,浦和,曇,4,浦和800ラウンド(C2),12,6,8,14.0,6.0,10,岡田大,54.0,ダ,800.0,不,50.1,1.6,2-6,38.1,428,-10,スプリングローズ,
2019106245,アカルイスモウブ,2024/02/22,浦和,雨,3,浦和800ラウンド(C2),12,1,1,57.3,9.0,11,岡田大,54.0,ダ,800.0,稍,50.9,3.0,3-8,39.0,438,3,リュミヌーフィーユ,
2019106245,アカルイスモウブ,2024/02/09,船橋,晴,3,C2七八九イ(C2八),12,8,11,66.1,10.0,10,岡田大,54.0,ダ,1200.0,稍,80.1,3.5,3-3-5,42.8,435,-3,レインボーポラリス,
2019106245,アカルイスモウブ,2024/01/09,浦和,晴,4,浦和800ラウンド(C2),11,8,11,47.1,8.0,9,岡田大,54.0,ダ,800.0,良,50.4,2.0,2-5,38.2,438,-1,ダイメイタマナ,
2019106245,アカルイスモウブ,2023/12/26,浦和,晴,5,浦和800ラウンド(C2),12,8,12,13.0,4.0,2,岡田大,54.0,ダ,800.0,良,49.9,0.4,4-2,37.5,439,0,スタードラゴン,40.0
2019106245,アカルイスモウブ,2023/11/22,浦和,晴,5,浦和800ラウンド(C2),12,2,2,18.2,5.0,4,岡田大,54.0,ダ,800.0,良,48.8,0.1,1-1,36.7,439,0,アナマリー,15.0
2019106245,アカルイスモウブ,2023/10/16,浦和,晴,2,浦和800ラウンド(C2),8,8,8,16.0,7.0,4,岡田大,54.0,ダ,800.0,重,48.3,0.9,2-2,36.0,439,5,エイシンエメラルド,15.0
2019106245,アカルイスモウブ,2023/09/20,浦和,晴,6,浦和800ラウンド(C2C3),8,4,4,14.3,4.0,3,岡田大,55.0,ダ,800.0,良,48.5,0.5,2-2,36.5,434,1,スプリングローズ,25.0
2019106245,アカルイスモウブ,2023/09/01,浦和,晴,4,浦和800ラウンド(C2),10,5,5,15.8,6.0,6,岡田大,54.0,ダ,800.0,良,49.5,0.9,1-3,37.3,433,0,フリブール,
2019106245,アカルイスモウブ,2023/08/10,浦和,晴,2,浦和800ラウンド(C3),12,1,1,9.1,5.0,1,岡田大,54.0,ダ,800.0,重,49.0,0.0,1-1,36.7,433,7,(エイシンキーゼル),80.0
2019106245,アカルイスモウブ,2023/07/29,川崎,晴,1,C3三四,11,6,7,26.0,8.0,10,岡田大,54.0,ダ,1400.0,良,97.3,5.1,2-2-2-6,45.3,426,-6,ティーストーク,
2019106245,アカルイスモウブ,2023/07/17,浦和,晴,3,浦和800ラウンド(C3),11,3,3,3.0,1.0,2,岡田大,54.0,ダ,800.0,良,48.3,0.2,1-1,36.4,432,-4,イノセントソレル,32.0
2019106245,アカルイスモウブ,2023/06/30,浦和,晴,7,浦和800ラウンド(C2C3),12,6,7,41.5,8.0,4,岡田大,55.0,ダ,800.0,良,49.1,0.7,1-2,37.0,436,6,スマートシエル,15.0
2019106245,アカルイスモウブ,2023/06/12,川崎,雨,4,ハヤブサ賞(C3),11,7,9,32.3,6.0,1,岡田大,54.0,ダ,900.0,不,56.6,-0.2,1-2,39.3,430,-3,(ウンジョウノメガミ),80.0
2019106245,アカルイスモウブ,2023/05/31,浦和,曇,4,浦和800ラウンド(C3),12,2,2,203.4,9.0,6,吉留孝司,54.0,ダ,800.0,不,48.6,1.1,4-4,36.2,433,0,ゲブレセラシエ,
2019106245,アカルイスモウブ,2023/05/01,船橋,晴,8,C3選抜馬,14,4,6,34.8,8.0,8,岡田大,54.0,ダ,1000.0,良,63.6,1.8,6-9,39.0,433,-5,スタードラゴン,
2019106245,アカルイスモウブ,2023/04/26,浦和,雨,1,浦和800ラウンド(C3),11,3,3,12.8,3.0,9,岡田大,54.0,ダ,800.0,重,49.4,2.1,6-8,37.1,438,-1,アイモンスター,
2019106245,アカルイスモウブ,2023/03/22,浦和,晴,3,浦和800ラウンド(C3),12,2,2,19.9,8.0,5,七夕裕次,53.0,ダ,800.0,良,48.9,0.6,1-2,36.9,439,9,ゲブレセラシエ,8.0
2019106245,アカルイスモウブ,2022/11/10,門別,晴,10,最後までおトク!楽天(C3),12,6,8,62.5,8.0,12,吉原寛人,54.0,ダ,1000.0,稍,64.5,2.7,2-6,40.6,430,2,スウィートナー,
2019106245,アカルイスモウブ,2022/10/27,門別,晴,9,ニセコ町とっておき米(C3),11,7,9,44.5,9.0,9,桑村真明,54.0,ダ,1000.0,良,64.3,2.1,1-1,40.5,428,-2,コインポケット,
2019106245,アカルイスモウブ,2022/10/13,門別,晴,10,なまらうまいべ!らん(C3),11,6,6,22.0,6.0,11,小野楓馬,54.0,ダ,1000.0,稍,64.3,3.1,1-2,40.2,430,0,ヌマ,
2019106245,アカルイスモウブ,2022/09/29,門別,晴,9,カタバミ特別(C3),9,8,9,44.5,5.0,7,小野楓馬,54.0,ダ,1000.0,良,62.9,2.7,2-3,39.2,430,-2,ニシノコチ,
2019106245,アカルイスモウブ,2022/09/15,門別,晴,7,ミルクランド北海道特(C3),8,3,3,1.7,1.0,6,小野楓馬,54.0,ダ,1000.0,良,64.6,1.2,1-1,40.1,432,-2,ルーラルーラ,
2019106245,アカルイスモウブ,2022/08/16,門別,曇,8,トウショウブ特別(C3),10,3,3,7.8,4.0,9,小野楓馬,54.0,ダ,1000.0,不,61.8,1.7,1-1,38.3,434,-2,マンハッタンロード,
2019106245,アカルイスモウブ,2022/08/04,門別,曇,7,ムクゲ特別(C4),8,7,7,2.0,1.0,3,小野楓馬,54.0,ダ,1000.0,重,61.4,0.3,1-1,37.3,436,6,フルーツパフェ,9.5
2019106245,アカルイスモウブ,2022/07/20,門別,曇,6,シベチャリのチャシ遺(C4),10,8,10,8.7,4.0,1,小野楓馬,54.0,ダ,1000.0,不,60.7,-0.3,1-1,36.7,430,-2,(フェイクプログラム),30.0
2019106245,アカルイスモウブ,2022/07/07,門別,曇,5,浦河町銀聖・いくら海(C4),12,1,1,15.7,5.0,2,小野楓馬,54.0,ダ,1000.0,良,62.1,0.1,1-1,37.5,432,2,ナッシングオンユー,8.4
2019106245,アカルイスモウブ,2022/06/16,門別,曇,3,3歳以上C4ー4,9,7,7,41.0,5.0,5,亀井洋司,54.0,ダ,1000.0,不,62.6,1.1,1-1,39.0,430,2,シャンブレー,2.1
2019106245,アカルイスモウブ,2022/06/01,門別,晴,10,3歳条件4ー2,9,2,2,32.9,6.0,6,山本咲希,54.0,ダ,1000.0,不,62.4,1.0,1-1,38.1,428,8,マーゴットリープ,
2019106245,アカルイスモウブ,2022/05/18,門別,晴,8,3歳条件4組40万円,7,7,7,13.3,3.0,4,小野楓馬,54.0,ダ,1000.0,良,64.5,1.9,2-2,40.2,420,4,マリアハッピー,8.4
2019106245,アカルイスモウブ,2022/05/04,門別,晴,3,3歳条件4ー2,8,1,1,27.0,6.0,7,小野楓馬,54.0,ダ,1000.0,良,66.7,2.5,4-7,40.2,416,-4,ノースショアガール,
2019106245,アカルイスモウブ,2022/04/21,門別,晴,1,3歳条件未勝利(未勝利),8,8,8,10.2,4.0,1,小野楓馬,54.0,ダ,1000.0,良,64.3,0.0,3-3,39.6,420,-2,(ステインタッチ),50.0
2019106245,アカルイスモウブ,2021/11/03,門別,曇,2,社台スタリオンステー(未勝利)(2歳),12,5,6,166.1,11.0,9,小野楓馬,54.0,ダ,1000.0,重,62.3,1.2,7-9,37.1,422,-4,テナチュール,
2019106245,アカルイスモウブ,2021/10/19,門別,曇,5,2歳未勝利(未勝利),12,2,2,77.6,9.0,11,小野楓馬,54.0,ダ,1000.0,不,62.5,1.6,1-1,38.6,426,4,ヘイシリン,
2019106245,アカルイスモウブ,2021/10/05,門別,雨,3,2歳牝馬未勝利(未勝利),11,8,11,19.5,5.0,9,小野楓馬,54.0,ダ,1000.0,重,63.3,2.0,2-2,39.5,422,-2,ガットゲンチタラ,
2019106245,アカルイスモウブ,2021/09/09,門別,曇,3,ホクレン「くるるの杜(未勝利)(2歳),12,3,3,25.9,5.0,11,岩橋勇二,54.0,ダ,1000.0,不,62.7,2.7,1-1,39.7,424,-2,ブレイブジャンヌ,
2019106245,アカルイスモウブ,2021/08/12,門別,晴,3,2歳牝馬未勝利(未勝利),12,2,2,72.9,8.0,3,小野楓馬,54.0,ダ,1000.0,稍,62.6,1.7,3-4,38.4,426,-2,シャローナ,10.5
2019106245,アカルイスモウブ,2021/07/20,門別,晴,4,2歳未勝利(未勝利),11,6,7,110.7,11.0,7,小野楓馬,54.0,ダ,1000.0,良,64.1,1.6,9-10,37.7,428,4,ガルボマンボ,
2019106245,アカルイスモウブ,2021/06/30,門別,曇,2,2歳未勝利(未勝利),10,7,8,32.2,7.0,6,小野楓馬,54.0,ダ,1000.0,良,64.6,1.8,3-4,40.0,424,-4,クラルージュ,
2019106245,アカルイスモウブ,2021/06/16,門別,曇,5,JRA認定フレッシュ(新馬)(2歳),10,6,6,24.9,6.0,8,小野楓馬,54.0,ダ,1000.0,良,65.4,1.8,2-2,41.5,428,0,キテヤエヒメ,
2022106367,カルストンオリビア,2026/07/10,川崎,晴,12,ファイナルアンサー賞(C3),10,7,9,6.5,4.0,6,増田充宏,54.0,ダ,1400.0,良,93.9,1.2,1-1-1-1,41.8,409,-3,クインズカヤノヒメ,
2022106367,カルストンオリビア,2026/06/19,川崎,曇,12,ファイナルアンサー賞(C2),13,7,11,24.1,8.0,7,野畑凌,54.0,ダ,1500.0,重,100.8,1.3,2-2-3-3,42.2,412,3,ユウユウスプレマン,
2022106367,カルストンオリビア,2026/05/15,川崎,晴,12,ファイナルアンサー賞(C2),14,2,2,33.4,8.0,13,本田紀忠,54.0,ダ,1500.0,良,102.2,4.1,3-3-10-9,43.2,409,3,ボルダーオパール,
2022106367,カルストンオリビア,2026/04/10,川崎,雨,7,界雷賞(C2),11,6,8,86.5,10.0,11,加藤雄真,51.0,ダ,900.0,重,57.6,2.3,9-11,38.9,406,-7,ダッシングマン,
2022106367,カルストンオリビア,2026/03/02,川崎,曇,9,天雷賞(C2),11,8,11,49.8,9.0,11,古岡勇樹,54.0,ダ,900.0,稍,58.3,2.0,1-6,39.9,413,5,ヒューマンライツ,
2022106367,カルストンオリビア,2026/02/02,川崎,晴,7,初雷賞(C2),11,6,8,24.7,6.0,10,加藤雄真,51.0,ダ,900.0,良,57.7,2.1,6-9,39.6,408,2,モズアンドモズ,
2022106367,カルストンオリビア,2026/01/01,川崎,晴,6,三茄子賞(C2),13,3,3,15.0,5.0,9,櫻井光輔,54.0,ダ,1400.0,稍,94.5,1.4,4-3-4-3,42.7,406,-2,トゥインクルジャズ,
2022106367,カルストンオリビア,2025/12/18,川崎,晴,8,C2五六七(C2六),12,4,4,23.8,6.0,3,櫻井光輔,54.0,ダ,1400.0,稍,93.5,0.5,1-1-1-1,40.7,408,6,ミセスリリー,25.0
2022106367,カルストンオリビア,2025/11/20,川崎,晴,3,プファイル賞(3歳),10,4,4,188.1,8.0,2,櫻井光輔,54.0,ダ,900.0,良,56.3,0.2,6-4,38.6,402,4,キラークラウン,48.0
2022106367,カルストンオリビア,2025/10/30,浦和,晴,2,ランチタイムチャレン(3歳),12,7,9,69.0,8.0,4,七夕裕次,54.0,ダ,1400.0,稍,92.0,2.6,3-3-4-4,41.0,398,1,ファイアーワルツ,24.0
2022106367,カルストンオリビア,2025/10/13,川崎,曇,3,朝夷奈賞(3歳),12,4,4,151.3,8.0,6,藤江渉,54.0,ダ,900.0,良,57.7,1.5,4-4,39.6,397,-8,ハーイバービー,
2022106367,カルストンオリビア,2025/09/26,浦和,晴,3,3歳七,11,3,3,46.7,7.0,4,谷内貫太,53.0,ダ,1300.0,良,84.9,0.8,1-4-5-3,40.3,405,-3,オーシンラッシュ,22.5
2022106367,カルストンオリビア,2025/08/20,浦和,晴,2,3歳五,11,5,5,91.3,8.0,9,赤津和希,54.0,ダ,1300.0,良,86.3,3.1,1-1-1-4,43.0,408,0,オーシンブーケ,
2022106367,カルストンオリビア,2025/07/25,浦和,晴,1,浦和800ラウンド(3歳),10,3,3,24.2,5.0,8,赤津和希,53.0,ダ,800.0,良,49.8,1.9,9-8,37.0,408,6,タイトルコール,
2022106367,カルストンオリビア,2025/06/26,門別,雨,6,HidakaRock(C4),10,7,8,156.2,10.0,8,岩橋勇二,55.0,ダ,1000.0,稍,64.1,1.6,8-7,39.1,402,0,サクラキングリー,
2022106367,カルストンオリビア,2025/06/11,門別,曇,8,3歳以上C4ー3,11,2,2,127.9,10.0,11,坂下秀樹,55.0,ダ,1000.0,稍,65.7,3.6,5-7,40.8,402,8,ベルオーブ,
2022106367,カルストンオリビア,2025/05/27,門別,晴,5,3歳条件4組40万円,9,8,8,211.1,9.0,8,松井伸也,55.0,ダ,1000.0,稍,64.0,2.0,6-6,39.3,394,2,アブラカタブラ,
2022106367,カルストンオリビア,2025/05/14,門別,晴,3,3歳条件4組40万円,9,3,3,210.2,9.0,8,亀井洋司,55.0,ダ,1200.0,良,78.1,2.6,3-5,41.3,392,-2,キュータロー,
2022106367,カルストンオリビア,2025/05/07,門別,晴,6,3歳条件4ー2,10,1,1,36.9,5.0,8,亀井洋司,55.0,ダ,1200.0,稍,79.8,4.7,2-4,42.5,394,0,ヤマトオーザー,
2022106367,カルストンオリビア,2025/05/01,門別,晴,2,3歳条件4ー2,7,5,5,59.0,7.0,4,服部茂史,55.0,ダ,1000.0,稍,63.3,0.6,2-2,38.2,394,4,スティールチャーム,8.4
2022106367,カルストンオリビア,2025/04/23,門別,曇,3,3歳以上C4ー4,12,2,2,56.8,8.0,1,落合玄太,55.0,ダ,1000.0,重,62.3,-0.3,1-1,37.2,390,-2,(サクラレイピア),40.0
2022106367,カルストンオリビア,2025/04/17,門別,晴,4,3歳条件4ー2,8,3,3,252.2,8.0,8,坂下秀樹,55.0,ダ,1000.0,重,64.0,3.0,8-8,37.9,392,1,ニシケンカバル,
2022106367,カルストンオリビア,2025/03/28,名古屋,曇,2,3歳7組,10,8,10,15.9,5.0,6,加藤聡一,54.0,ダ,1500.0,不,99.1,1.2,7-7-7,40.5,391,2,ソルトミラクル,
2022106367,カルストンオリビア,2025/02/27,名古屋,晴,1,3歳7組,9,8,9,8.4,3.0,5,宮下瞳,52.0,ダ,1500.0,良,100.4,2.3,2-2-3,42.5,389,-6,スウィープレジーナ,5.4
2022106367,カルストンオリビア,2025/02/14,名古屋,晴,2,3歳8組,11,7,9,34.2,10.0,3,宮下瞳,52.0,ダ,1500.0,良,101.1,0.7,2-2-2,42.6,395,-3,ウタカタ,10.8
2022106367,カルストンオリビア,2024/12/29,水沢,雪,8,2歳C2,11,5,6,5.3,3.0,5,小林凌,54.0,ダ,1400.0,不,93.0,1.3,9-10-7-5,40.3,398,0,ソルフェジオ,4.2
2022106367,カルストンオリビア,2024/12/22,水沢,晴,2,2歳C2一組,10,2,2,10.5,4.0,5,小林凌,54.0,ダ,1300.0,不,86.1,0.6,3-4-4-4,40.1,398,-3,エイシンファルコン,4.2
2022106367,カルストンオリビア,2024/12/09,水沢,曇,7,2歳C2一組,10,3,3,3.6,2.0,5,山中悠希,54.0,ダ,1300.0,不,86.8,0.5,1-1-1-3,41.1,401,-4,ユウユウプリズム,4.2
2022106367,カルストンオリビア,2024/11/24,水沢,曇,6,2歳C2二組,10,7,8,3.6,2.0,2,小林凌,54.0,ダ,1300.0,稍,88.8,0.1,3-3-2-1,43.0,405,-7,サクラトップマンボ,21.0
2022106367,カルストンオリビア,2024/10/24,門別,晴,2,2歳牝馬未勝利(未勝利),11,6,6,133.8,7.0,5,松井伸也,55.0,ダ,1000.0,重,63.1,1.6,5-4,37.9,412,-6,ダンシングティアラ,3.5
2022106367,カルストンオリビア,2024/10/10,門別,晴,1,2歳新馬(新馬),9,4,4,112.5,8.0,7,金山昇馬,55.0,ダ,1000.0,良,65.4,3.9,4-6,40.1,418,0,ソルジェンテポー,
2022106307,カウニスミエリ,2026/07/09,川崎,晴,2,トビウオ賞(C3),12,3,3,9.8,6.0,2.0,田中涼,54.0,ダ,900.0,稍,55.9,0.7,1-1,38.6,428.0,-1.0,ブリテン,32.0
2022106307,カウニスミエリ,2026/06/25,浦和,雨,7,作付面積日本一深谷ブ(C2),12,5,6,22.8,5.0,8.0,田中涼,54.0,ダ,800.0,不,48.0,0.9,3-6,35.7,429.0,-4.0,クインズハッピー,
2022106307,カウニスミエリ,2026/06/17,川崎,晴,3,雷神賞(C2),11,7,9,36.4,6.0,6.0,田中涼,54.0,ダ,900.0,稍,56.4,1.5,4-4,38.9,433.0,13.0,セッカチドラゴン,
2022106307,カウニスミエリ,2026/06/02,船橋,曇,8,ムササビダッシュ(C2C3),14,7,11,119.6,12.0,14.0,田中涼,55.0,ダ,1000.0,良,64.3,2.5,2-5,40.7,420.0,-5.0,キャストライトオン,
2022106307,カウニスミエリ,2026/05/12,川崎,晴,5,雷動賞(C2),12,8,12,88.3,11.0,11.0,田中涼,54.0,ダ,900.0,良,57.5,2.4,1-5,39.9,425.0,1.0,ビヴァアカプルコ,
2022106307,カウニスミエリ,2026/04/09,川崎,晴,6,春雷賞(C2),12,7,10,19.8,6.0,4.0,田中涼,54.0,ダ,900.0,稍,56.0,0.3,1-1,38.6,424.0,0.0,ハーイバービー,15.0
2022106307,カウニスミエリ,2026/03/04,川崎,曇,2,フェネック賞(C3),11,1,1,7.2,4.0,1.0,田中涼,54.0,ダ,900.0,不,55.4,-0.2,1-1,38.2,424.0,-2.0,(ササキンポピー),80.0
2022106307,カウニスミエリ,2026/02/03,川崎,晴,1,プレーリードッグ賞(C3),12,7,9,40.8,8.0,6.0,田中涼,54.0,ダ,900.0,良,57.7,1.6,2-2,39.5,426.0,4.0,ナキムシヒカル,
2022106307,カウニスミエリ,2025/12/26,金沢,雪,2,C27,0,7,8,,,,松戸政也,55.0,ダ,1500.0,不,,,,,,,,
2022106307,カウニスミエリ,2025/12/15,金沢,曇,2,C28,11,8,10,27.0,7.0,7.0,兼子千央,55.0,ダ,1400.0,不,93.9,3.1,2-1-3-5,43.3,422.0,-7.0,リケアダージリン,
2022106307,カウニスミエリ,2025/11/17,金沢,晴,1,C29,8,7,7,14.3,4.0,1.0,松戸政也,55.0,ダ,1400.0,良,92.8,-0.3,1-1-1-1,40.6,429.0,-7.0,(フィーユポワソン),43.0
2022106307,カウニスミエリ,2025/11/04,金沢,晴,1,C27特別編成(C2特別),8,7,7,13.7,4.0,7.0,松戸政也,55.0,ダ,1500.0,不,99.1,2.2,2-2-2-4,41.3,436.0,-2.0,ベンメリア,
2022106307,カウニスミエリ,2025/10/21,金沢,曇,3,C28,7,2,2,4.0,3.0,4.0,松戸政也,55.0,ダ,1500.0,良,98.9,0.6,1-1-1-1,40.3,438.0,-4.0,タッチザシーリング,5.1
2022106307,カウニスミエリ,2025/10/11,金沢,曇,1,ウマ娘×金沢競馬コラ(C2),10,6,6,2.0,1.0,3.0,松戸政也,55.0,ダ,900.0,良,56.2,0.1,2-2,37.1,442.0,-1.0,ユナイテッドハーツ,7.2
2022106307,カウニスミエリ,2025/09/20,金沢,曇,5,C213,9,2,2,9.4,5.0,4.0,松戸政也,55.0,ダ,1500.0,良,98.1,0.8,1-1-2-2,40.9,443.0,-6.0,スナドケイ,5.1
2022106307,カウニスミエリ,2025/09/08,金沢,曇,5,3歳B5,10,5,5,21.2,7.0,4.0,沖静男,55.0,ダ,1400.0,不,90.3,1.8,1-1-2-3,40.5,449.0,35.0,ユーウェイン,5.1
2022106307,カウニスミエリ,2025/01/26,1中山9,晴,1,3歳未勝利,16,1,1,59.6,10.0,13.0,原優介,54.0,ダ,1200.0,良,75.1,2.4,5-5,40.5,414.0,-2.0,イズルード,
2022106307,カウニスミエリ,2024/12/22,5中山8,晴,3,2歳未勝利,16,7,13,194.6,13.0,12.0,津村明秀,55.0,芝,1200.0,良,70.8,1.0,3-3,37.1,416.0,0.0,ミクストベリーズ,
2022106307,カウニスミエリ,2024/10/14,4新潟4,晴,3,2歳未勝利,15,7,12,62.0,10.0,14.0,永島まな,53.0,芝,1200.0,良,71.1,1.0,14-15,35.6,416.0,-8.0,トシッキー,
2022106307,カウニスミエリ,2024/09/29,4中山9,曇,3,2歳新馬,16,6,12,77.7,12.0,5.0,津村明秀,55.0,芝,1200.0,良,70.7,1.4,5-5,35.3,424.0,0.0,カンシン,72.0
2022100213,ドラマツルギー,2026/07/09,川崎,晴,2,トビウオ賞(C3),12,4,4,3.6,2.0,3,野畑凌,54.0,ダ,900.0,稍,56.0,0.8,4-4,38.2,423,2,ブリテン,20.0
2022100213,ドラマツルギー,2026/06/18,川崎,曇,6,C2五,12,8,11,10.9,3.0,9,佐野遥久,54.0,ダ,1400.0,重,94.3,2.7,1-1-1-1,42.8,421,0,パーティーキング,
2022100213,ドラマツルギー,2026/05/15,川崎,晴,6,C3一二,12,8,11,1.6,1.0,3,佐野遥久,54.0,ダ,1400.0,良,94.3,1.4,1-1-1-1,41.2,421,7,マサノプレジオーソ,20.0
2022100213,ドラマツルギー,2025/12/01,水沢,曇,10,シュラブローズ賞(C1),12,7,9,6.0,3.0,1,村上忍,54.0,ダ,1600.0,稍,104.1,-0.5,1-1-1-1,39.1,414,0,(グランシャット),50.0
2022100213,ドラマツルギー,2025/11/17,盛岡,小雨,10,C1四組,12,1,1,3.9,2.0,2,村上忍,54.0,ダ,1400.0,稍,87.5,0.2,1-1,39.8,414,0,キャピタルプレイン,17.5
2022100213,ドラマツルギー,2025/11/04,盛岡,晴,8,C1七組,9,7,8,3.2,2.0,2,阿部英俊,54.0,ダ,1400.0,稍,86.5,0.3,2-3,37.4,414,0,ジェイルブレイク,17.5
2022100213,ドラマツルギー,2025/10/21,盛岡,曇,3,C2一組,12,7,9,8.3,4.0,7,阿部英俊,54.0,ダ,1400.0,良,86.4,1.3,4-8,38.3,414,2,ルジュウェール,
2022100213,ドラマツルギー,2025/10/07,水沢,曇,1,C2四組,9,8,8,5.6,3.0,1,阿部英俊,54.0,ダ,1400.0,稍,89.6,-0.5,3-3-3-2,39.8,412,-4,(トンヤイビーン),40.0
2022100213,ドラマツルギー,2025/09/29,水沢,曇,5,C2五組,11,6,6,1.9,1.0,3,山本聡哉,54.0,ダ,1300.0,不,82.4,0.3,6-5-5-4,38.7,416,7,コヴェナント,8.0
2022100213,ドラマツルギー,2025/09/07,盛岡,雨,6,3歳C2一組,12,5,6,9.5,4.0,6,阿部英俊,54.0,ダ,1200.0,稍,73.5,1.3,9-7,36.4,409,-5,キタノブリッジ,
2022100213,ドラマツルギー,2025/08/26,盛岡,曇,2,3歳C2六組,8,8,8,1.4,1.0,1,高松亮,54.0,ダ,1200.0,良,74.5,-0.6,1-1,37.6,414,-6,(ノーブルシーズン),50.0
2022100213,ドラマツルギー,2025/07/12,1函館9,晴,1,3歳未勝利,14,5,8,423.7,14.0,13,柴田裕一,52.0,芝,1200.0,良,70.2,2.1,12-14,34.9,420,-2,セゾンデフィーユ,
2022100213,ドラマツルギー,2025/07/06,1函館8,曇,4,3歳未勝利,15,3,5,313.6,15.0,11,和田陽希,52.0,芝,1200.0,稍,71.0,1.4,14-15,35.5,422,-4,ララバニュルス,
2022100213,ドラマツルギー,2025/06/29,1函館6,曇,2,3歳未勝利,12,7,10,62.7,11.0,10,古川吉洋,55.0,ダ,1000.0,良,60.8,1.7,12-12,35.5,426,-2,ストラテージュ,
2022100213,ドラマツルギー,2025/03/30,2阪神2,晴,2,3歳未勝利,16,3,6,347.6,16.0,8,鷲頭虎太,52.0,ダ,1400.0,良,87.3,1.3,15-15,38.1,428,6,メイショウゴールド,
2022100213,ドラマツルギー,2025/03/01,1阪神1,晴,5,3歳未勝利,18,3,6,533.1,18.0,17,角田大和,55.0,芝,1600.0,良,96.0,2.1,16-17,34.4,422,4,ルクスジニア,
2022100213,ドラマツルギー,2025/02/01,1小倉3,雨,6,3歳未勝利,18,4,8,322.4,16.0,16,古川吉洋,55.0,芝,1200.0,稍,71.2,1.6,5-7,36.9,418,4,セサンパ,
2022100213,ドラマツルギー,2024/10/20,5京都6,晴,2,2歳未勝利,10,3,3,69.1,9.0,10,国分優作,55.0,芝,1200.0,稍,75.2,5.1,3-5,40.2,414,-4,イリフィ,
2022100213,ドラマツルギー,2024/10/05,5京都1,晴,1,2歳未勝利,12,4,4,33.3,8.0,8,国分優作,55.0,ダ,1200.0,稍,75.5,3.9,6-6,39.5,418,4,テーオーエルビス,
2022100213,ドラマツルギー,2024/09/08,3中京2,晴,4,2歳新馬,7,4,4,68.4,7.0,6,国分優作,55.0,芝,1200.0,良,70.5,0.8,1-1,35.2,414,0,パンジャタワー,
2021107300,コーリングヘニー,2026/05/19,大井,晴,3,C3四五六(C3五),12,6,7,2.4,1.0,7,野畑凌,56.0,ダ,1200.0,良,76.2,1.3,3-3,40.1,564,0,コトブキエース,
2021107300,コーリングヘニー,2026/04/27,大井,曇,2,C3六七,14,1,1,3.7,2.0,2,和田譲治,56.0,ダ,1200.0,不,75.7,0.5,1-1,39.7,564,0,イントゥユー,32.0
2021107300,コーリングヘニー,2026/04/13,大井,曇,2,C3六七,13,6,9,5.5,3.0,3,和田譲治,56.0,ダ,1200.0,良,76.1,0.9,4-4,39.4,564,-21,ルカリリ,20.0
2021107300,コーリングヘニー,2025/10/05,大井,晴,1,C3六,10,7,7,9.0,5.0,10,野畑凌,56.0,ダ,1200.0,良,80.5,5.4,2-3,44.1,585,-7,ルカリリ,
2021107300,コーリングヘニー,2025/09/15,大井,曇,1,C3六,12,1,1,4.2,2.0,11,安藤洋一,56.0,ダ,1200.0,稍,78.7,3.4,4-3,41.2,592,5,マーカンエミーオ,
2021107300,コーリングヘニー,2025/09/01,大井,晴,2,C3五六,14,2,2,7.8,3.0,14,安藤洋一,56.0,ダ,1200.0,良,77.4,2.9,4-3,40.6,587,9,フロリダフォンテン,
2021107300,コーリングヘニー,2025/03/10,大井,晴,1,C3八,16,6,12,3.5,2.0,1,安藤洋一,56.0,ダ,1200.0,重,74.2,-0.1,3-3,38.1,578,0,(ストロングフレイヤ),80.0
2021107300,コーリングヘニー,2025/01/27,大井,曇,1,C3十,12,8,11,1.0,1.0,5,吉井章,56.0,ダ,1200.0,良,77.5,0.4,1-1,40.2,578,1,ロイロ,8.0
2021107300,コーリングヘニー,2025/01/13,大井,晴,2,C3十11,12,6,7,3.5,3.0,3,吉井章,56.0,ダ,1200.0,稍,76.7,1.3,2-2,40.1,577,0,マーナーパス,20.0
2022101713,フロレシミエント,2026/07/09,川崎,晴,2,トビウオ賞(C3),12,5,5,61.6,8.0,10,加藤雄真,52.0,ダ,900.0,稍,57.1,1.9,8-10,38.7,437.0,-3.0,ブリテン,
2022101713,フロレシミエント,2026/06/18,川崎,曇,7,風神賞(C2),10,7,7,61.5,8.0,9,古岡勇樹,54.0,ダ,900.0,重,57.4,2.3,4-7,39.3,440.0,16.0,エースクイーン,
2022101713,フロレシミエント,2026/05/15,川崎,晴,12,ファイナルアンサー賞(C2),14,4,6,12.5,6.0,12,新原周馬,54.0,ダ,1500.0,良,101.9,3.8,1-1-1-3,43.6,424.0,1.0,ボルダーオパール,
2022101713,フロレシミエント,2026/04/08,川崎,晴,5,橘樹官衛賞(C2),12,7,9,193.0,12.0,11,加藤雄真,51.0,ダ,1400.0,稍,96.4,4.4,2-1-1-6,44.5,423.0,1.0,フレイム,
2022101713,フロレシミエント,2026/03/13,船橋,曇,2,C2七八九ウ(C2八),11,8,11,13.8,6.0,7,加藤雄真,51.0,ダ,1200.0,良,79.1,2.4,1-2-2,41.5,422.0,-2.0,アトラクトラン,
2022101713,フロレシミエント,2026/03/05,川崎,晴,7,C2五六,12,8,12,104.6,10.0,11,加藤雄真,51.0,ダ,1400.0,重,94.9,2.1,1-1-1-1,43.1,424.0,0.0,サンクリュウ,
2022101713,フロレシミエント,2026/02/04,川崎,晴,5,百雷賞(C2),12,2,2,104.0,8.0,8,佐野遥久,53.0,ダ,900.0,良,56.6,1.4,9-7,38.5,424.0,-5.0,アタゴテンジン,
2022101713,フロレシミエント,2026/01/01,川崎,晴,5,四扇賞(C2),12,1,1,97.5,10.0,9,伊藤裕人,54.0,ダ,900.0,稍,56.7,1.7,11-8,38.7,429.0,-6.0,アタゴテンジン,
2022101713,フロレシミエント,2025/12/15,川崎,晴,8,雪雷賞(C2),12,4,4,5.6,3.0,11,加藤雄真,51.0,ダ,900.0,重,57.6,1.4,4-7,39.6,435.0,-9.0,ネバーエンドマーチ,
2022101713,フロレシミエント,2025/10/29,門別,晴,5,3歳以上C4ー2,11,1,1,2.8,2.0,10,石川倭,55.0,ダ,1000.0,稍,64.6,1.9,1-2,40.4,444.0,8.0,アルデスト,
2022101713,フロレシミエント,2025/10/16,門別,曇,4,3歳以上C4ー3,10,6,6,2.5,1.0,1,石川倭,55.0,ダ,1000.0,稍,62.8,-0.8,1-1,38.0,436.0,-14.0,(シャンノヴァ),40.0
2022101713,フロレシミエント,2025/09/30,門別,曇,7,3歳以上C4ー4,12,5,6,1.7,1.0,2,石川倭,55.0,ダ,1000.0,良,64.2,0.4,3-4,39.3,450.0,-2.0,エムティステージ,11.2
2022101713,フロレシミエント,2025/09/16,門別,晴,7,3歳以上C4ー4,10,6,6,2.1,2.0,4,石川倭,55.0,ダ,1000.0,良,64.2,1.7,2-3,39.0,452.0,4.0,メイショウクツカケ,5.6
2022101713,フロレシミエント,2025/09/02,門別,曇,5,3歳以上C4ー4,11,6,6,2.5,2.0,2,石川倭,55.0,ダ,1000.0,重,62.3,0.1,2-2,37.4,448.0,26.0,カネトシテミス,11.2
2022101713,フロレシミエント,2025/08/19,門別,曇,6,JAアグリアクション(C4),9,7,8,,,取,石川倭,55.0,ダ,1000.0,不,,,,,,,タイセツオー,
2022101713,フロレシミエント,2025/08/07,門別,曇,6,3歳以上C4ー4,12,6,8,4.7,2.0,3,石川倭,55.0,ダ,1000.0,稍,63.3,0.6,1-1,38.5,422.0,-10.0,サウスヴィルステラ,8.4
2022101713,フロレシミエント,2025/07/22,門別,晴,4,3歳以上C4ー4,12,7,10,2.6,2.0,2,石川倭,55.0,ダ,1000.0,良,63.7,0.4,3-2,38.4,432.0,0.0,ランドチャーター,11.2
2022101713,フロレシミエント,2025/07/10,門別,曇,10,グランシャリオドリー(C4),9,8,8,3.0,2.0,2,石川倭,55.0,ダ,1000.0,良,62.4,0.0,3-3,37.4,432.0,-8.0,コンヴァラリア,15.4
2022101713,フロレシミエント,2025/06/26,門別,雨,2,日高国際スキー場賞(C4),10,4,4,4.5,3.0,2,石川倭,55.0,ダ,1000.0,稍,63.6,0.3,2-2,38.7,440.0,0.0,モーニングボタン,11.2
2022101713,フロレシミエント,2025/06/10,門別,晴,7,3歳以上C4ー4,12,4,4,18.4,6.0,3,石川倭,55.0,ダ,1000.0,良,63.5,0.9,4-4,38.3,440.0,8.0,トーケンシュン,8.4
2022101713,フロレシミエント,2025/05/27,門別,晴,3,3歳条件未勝利(未勝利),11,7,8,10.1,5.0,11,石川倭,55.0,ダ,1200.0,稍,77.6,1.3,8-9,39.5,432.0,2.0,スイートキャンディ,
2022101713,フロレシミエント,2025/05/14,門別,晴,1,3歳条件未勝利(未勝利),8,4,4,7.0,3.0,4,阿部龍,55.0,ダ,1000.0,良,64.0,1.5,3-3,39.0,430.0,-2.0,ビルヴェッカ,7.0
2022101713,フロレシミエント,2025/04/30,門別,晴,1,3歳条件未勝利(未勝利),10,8,10,5.2,3.0,2,石川倭,55.0,ダ,1200.0,重,77.2,0.7,8-7,38.3,432.0,-10.0,トゥスイート,14.0
2022101713,フロレシミエント,2025/04/17,門別,晴,1,3歳条件未勝利(未勝利),12,6,8,14.5,4.0,4,石川倭,55.0,ダ,1000.0,重,62.7,1.5,9-7,36.8,442.0,0.0,ヴォルフラム,7.0
2022101713,フロレシミエント,2025/03/18,園田,晴,9,3歳C1C2,8,8,8,21.2,6.0,6,渡瀬和幸,55.0,ダ,820.0,稍,53.6,2.1,3-3,38.8,442.0,12.0,フェアリータイザン,
2022101713,フロレシミエント,2025/02/27,姫路,晴,8,3歳C1C2,8,7,7,5.8,3.0,2,杉浦健太,55.0,ダ,800.0,良,51.7,0.4,2-2,37.7,430.0,-1.0,ロサバンクシア,28.0
2022101713,フロレシミエント,2025/02/13,姫路,曇,8,3歳C1,12,8,11,181.7,10.0,7,杉浦健太,54.0,ダ,1400.0,稍,95.9,1.7,10-9-8-7,40.8,431.0,-3.0,キーチグリフォン,
2022101713,フロレシミエント,2025/01/29,姫路,晴,2,3歳未勝利,12,6,8,296.6,12.0,10,山田雄大,54.0,ダ,1400.0,良,97.5,2.9,7-7-9-8,42.2,434.0,-7.0,スマートエクシード,
2022101713,フロレシミエント,2025/01/08,園田,晴,2,3歳未勝利二,7,2,2,7.3,3.0,3,渡瀬和幸,54.0,ダ,1400.0,稍,98.1,0.6,3-3-2-2,42.9,441.0,6.0,トップザスマイル,16.0
2022101713,フロレシミエント,2024/12/26,園田,曇,3,2歳未勝利,12,7,9,70.0,8.0,6,渡瀬和幸,54.0,ダ,820.0,良,52.7,1.1,4-5,37.9,435.0,-1.0,キャストライトオン,
2022101713,フロレシミエント,2024/12/12,園田,晴,2,2歳未勝利,12,8,12,28.7,7.0,8,渡瀬和幸,54.0,ダ,1230.0,良,83.9,2.2,6-7-6-7,41.6,436.0,-6.0,セファイドループ,
2022101713,フロレシミエント,2024/11/06,門別,晴,1,2歳未勝利(未勝利),12,8,11,33.5,8.0,7,石川倭,55.0,ダ,1100.0,良,70.4,2.0,5-4,39.5,442.0,-10.0,ボッシュ,
2022101713,フロレシミエント,2024/10/22,門別,曇,3,2歳牝馬未勝利(未勝利),8,7,7,16.5,5.0,5,石川倭,55.0,ダ,1100.0,稍,70.3,1.4,7-7,39.4,452.0,8.0,エイシンラセーヌ,3.5
2022101713,フロレシミエント,2024/10/10,門別,晴,3,2歳未勝利(未勝利),10,1,1,5.6,4.0,5,石川倭,55.0,ダ,1100.0,良,70.6,1.3,1-1,40.1,444.0,4.0,キュータロー,3.5
2022101713,フロレシミエント,2024/09/25,門別,晴,1,2歳牝馬未勝利(未勝利),12,6,8,3.3,2.0,5,石川倭,55.0,ダ,1000.0,良,63.8,1.3,5-6,38.9,440.0,4.0,ナユタ,3.5
2022101713,フロレシミエント,2024/09/11,門別,晴,3,2歳未勝利(未勝利),12,1,1,34.8,7.0,4,石川倭,55.0,ダ,1000.0,良,62.8,1.0,4-3,37.8,436.0,0.0,シュルーズベリー,7.0
2022101713,フロレシミエント,2024/08/28,門別,晴,2,2歳未勝利(未勝利),12,2,2,33.5,6.0,6,石川倭,55.0,ダ,1000.0,不,63.7,2.5,5-3,39.1,436.0,-12.0,シルバーミラージュ,
2022101713,フロレシミエント,2024/08/15,門別,晴,4,JRA認定競走フレッ(新馬)(2歳),11,2,2,84.0,8.0,5,阿部龍,55.0,ダ,1000.0,稍,64.3,0.8,7-8,38.3,448.0,0.0,ダンストンアンセム,17.5
2022101926,ラインフェルネ,2026/07/14,浦和,晴,2,C3選抜馬ア,12,6,7,316.0,11.0,11,及川烈,54.0,ダ,800.0,良,49.4,2.4,8-11,36.3,444,1,ポアゾンシーザー,
2022101926,ラインフェルネ,2026/06/25,浦和,雨,6,C2選抜馬イ,12,1,1,139.8,10.0,9,七夕裕次,54.0,ダ,800.0,不,48.9,1.4,11-11,35.4,443,1,メーネフロタント,
2022101926,ラインフェルネ,2026/05/28,浦和,曇,5,浦和800ラウンド(C2),12,8,11,244.2,11.0,8,木間塚龍,54.0,ダ,800.0,良,49.5,1.8,8-7,36.7,442,6,ロードサミット,
2022101926,ラインフェルネ,2026/04/23,浦和,雨,5,さいたまスイーツ賞(C2),12,7,9,129.2,9.0,11,及川烈,54.0,ダ,800.0,良,50.4,1.6,9-10,36.8,436,6,ユウユウロザリウム,
2022101926,ラインフェルネ,2026/04/08,川崎,晴,6,夢見ヶ崎賞(C2),12,5,6,90.3,8.0,12,七夕裕次,54.0,ダ,1400.0,稍,97.4,4.0,12-12-12-12,43.1,430,-1,サウスオブロンドン,
2022101926,ラインフェルネ,2026/03/17,浦和,晴,5,浦和800ラウンド(C2),12,8,11,77.5,11.0,8,七夕裕次,54.0,ダ,800.0,良,50.0,2.0,10-9,36.4,431,-6,ロードサミット,
2022101926,ラインフェルネ,2026/02/26,浦和,曇,6,浦和800ラウンド(C2),10,2,2,55.5,7.0,6,七夕裕次,54.0,ダ,800.0,不,48.9,0.8,8-6,35.3,437,2,ステラブローニュ,
2022101926,ラインフェルネ,2026/02/05,川崎,晴,5,渦雷賞(C2),12,4,4,224.4,11.0,6,七夕裕次,54.0,ダ,900.0,良,56.9,1.5,11-9,38.4,435,-5,パルクールチェコ,
2022101926,ラインフェルネ,2026/01/09,浦和,晴,6,浦和800ラウンド(C2),12,7,9,167.2,12.0,10,保園翔也,54.0,ダ,800.0,良,50.5,1.7,10-11,37.2,440,0,グラッツェ,
2022101926,ラインフェルネ,2025/12/25,浦和,曇,5,そうだ!東松山にいこ(C2C3),9,8,11,29.0,6.0,4,小野楓馬,55.0,ダ,800.0,重,50.0,0.9,6-4,36.9,440,-5,エスシーボニー,15.0
2022101926,ラインフェルネ,2025/11/26,浦和,晴,4,浦和800ラウンド(C2C3),12,5,6,8.1,4.0,8,七夕裕次,55.0,ダ,800.0,良,49.8,0.6,10-8,36.2,445,-1,シンキングセンティ,
2022101926,ラインフェルネ,2025/10/29,浦和,晴,1,浦和800ラウンド(3歳),11,6,7,16.3,6.0,2,七夕裕次,54.0,ダ,800.0,稍,48.6,1.2,5-4,35.6,446,-16,キャストライトオン,64.0
2022101926,ラインフェルネ,2025/09/18,園田,曇,5,金ケ田町ダッシュC2,12,5,6,63.8,11.0,10,土方颯太,54.0,ダ,820.0,良,51.9,0.7,9-9,37.1,462,4,テクノエクスプレス,
2022101926,ラインフェルネ,2025/09/03,園田,晴,12,C2,12,3,3,73.7,8.0,8,米玉利燕,52.0,ダ,820.0,良,51.5,0.7,10-9,36.8,458,2,スービーズ,
2022101926,ラインフェルネ,2025/08/15,園田,曇,1,不撓不屈ダッシュC3,12,4,4,3.3,1.0,1,米玉利燕,52.0,ダ,820.0,稍,51.9,-0.2,6-3,37.1,456,11,(コワモテハマー),60.0
2022101926,ラインフェルネ,2025/05/30,園田,晴,9,亜咲花と西村のラジパ(C1C2),12,6,8,30.9,6.0,5,井上幹太,56.0,ダ,820.0,良,52.5,0.8,6-5,37.3,445,5,シャイニングギフト,8.0
2022101926,ラインフェルネ,2025/05/07,園田,曇,6,3歳C1,12,1,1,81.1,10.0,12,井上幹太,55.0,ダ,1400.0,重,97.6,5.2,7-7-7-8,44.1,440,-6,タッセル,
2022101926,ラインフェルネ,2025/04/23,園田,曇,6,3歳C1C2,12,7,9,29.4,8.0,8,土方颯太,55.0,ダ,1230.0,重,84.8,3.9,8-8-7-8,43.2,446,-2,チェリーライズ,
2022101926,ラインフェルネ,2025/03/18,園田,晴,8,3歳C2,8,7,7,18.0,5.0,1,土方颯太,53.0,ダ,820.0,稍,52.8,-0.3,5-4,37.7,448,5,(キラキラリ),70.0
2022101926,ラインフェルネ,2024/12/11,園田,晴,3,NewBeginni(初出),7,5,5,30.2,6.0,5,小谷周平,54.0,ダ,1400.0,良,96.6,2.4,6-6-5-6,42.0,443,0,セッティングサン,25.0
2022104011,ポルタフェリーチェ,2026/07/09,川崎,晴,2,トビウオ賞(C3),12,8,11,97.4,11.0,7,藤江渉,54.0,ダ,900.0,稍,56.5,1.3,12-9,37.3,454,-5,ブリテン,
2022104011,ポルタフェリーチェ,2026/06/19,川崎,曇,6,雲神賞(C2),11,5,5,304.1,11.0,10,山林堂信,54.0,ダ,900.0,重,56.7,1.9,9-9,38.0,459,-2,リュウノシンクウハ,
2022104011,ポルタフェリーチェ,2026/05/13,川崎,晴,4,C2七,12,8,11,70.6,10.0,12,池谷匠翔,54.0,ダ,1400.0,良,95.0,2.4,6-5-4-7,42.4,461,-6,ザムト,
2022104011,ポルタフェリーチェ,2026/04/09,川崎,晴,5,C2七,12,4,4,170.9,11.0,7,伊藤裕人,54.0,ダ,1400.0,稍,94.2,1.6,10-10-11-7,40.7,467,4,トンヤイビーン,
2022104011,ポルタフェリーチェ,2026/03/04,川崎,曇,3,C2七,12,8,12,69.4,9.0,7,池谷匠翔,54.0,ダ,1400.0,不,94.0,2.4,12-12-12-10,40.6,463,3,ゼンダントモニ,
2022104011,ポルタフェリーチェ,2026/02/02,川崎,晴,1,クリフハンガー賞(C3),8,8,8,53.5,7.0,4,山林堂信,54.0,ダ,1400.0,良,94.5,0.8,8-8-5-6,41.4,460,12,フリューゲルルル,12.0
2022104011,ポルタフェリーチェ,2026/01/02,川崎,晴,2,めんこ賞(C3),14,8,14,227.6,12.0,14,山林堂信,54.0,ダ,1400.0,稍,97.0,3.8,4-5-6-10,44.0,448,-9,マニーシーン,
2022104011,ポルタフェリーチェ,2025/12/16,川崎,晴,3,雉鳩賞(3歳),11,7,8,50.7,9.0,10,櫻井光輔,54.0,ダ,1500.0,重,104.0,5.4,6-6-6-6,45.6,457,-2,イモルテル,
2022104011,ポルタフェリーチェ,2025/08/21,川崎,晴,1,3歳4,12,3,3,8.7,5.0,7,櫻井光輔,54.0,ダ,1400.0,良,95.0,1.6,5-5-4-4,41.8,459,3,ヘルオブアライド,
2022104011,ポルタフェリーチェ,2025/08/04,川崎,晴,2,オーブ賞(3歳),10,1,1,10.0,4.0,6,櫻井光輔,54.0,ダ,1500.0,良,101.1,2.3,7-7-8-7,42.6,456,3,エンタープライズ,
2022104011,ポルタフェリーチェ,2025/07/07,川崎,晴,2,ランポ賞(3歳),9,6,6,10.5,4.0,7,町田直希,54.0,ダ,1400.0,良,94.0,1.2,4-1-1-2,43.1,453,3,ゴールドシリカ,
2022104011,ポルタフェリーチェ,2025/06/17,川崎,晴,1,3歳6,10,8,11,14.0,4.0,3,町田直希,54.0,ダ,1400.0,稍,93.4,0.9,5-5-4-4,41.6,450,-8,ファーストルック,40.0
2022104011,ポルタフェリーチェ,2025/05/15,川崎,晴,1,ヴィチローク賞(3歳),12,6,7,3.9,3.0,6,加藤雄真,51.0,ダ,900.0,稍,56.9,0.9,5-5,38.7,458,8,スオーノ,
2022104011,ポルタフェリーチェ,2025/04/11,川崎,曇,3,アルコバレーノ賞(3歳),12,4,4,7.4,4.0,6,町田直希,54.0,ダ,900.0,稍,56.7,1.2,6-7,38.2,450,-2,インテンスドライヴ,
2022104011,ポルタフェリーチェ,2025/03/07,川崎,晴,1,3歳6,11,6,7,3.1,1.0,6,町田直希,54.0,ダ,1400.0,不,95.6,1.3,5-3-3-4,41.3,452,-4,ラブマニック,
2022104011,ポルタフェリーチェ,2025/01/06,1中京2,曇,1,3歳未勝利,16,8,16,9.5,5.0,15,菱田裕二,55.0,ダ,1800.0,良,119.2,2.9,13-12-2-3,42.4,456,2,コンテナライン,
2022104011,ポルタフェリーチェ,2024/12/14,7京都5,曇,7,2歳未勝利,18,8,18,103.4,11.0,17,幸英明,55.0,芝,1800.0,良,110.9,3.3,2-4,38.6,454,6,パラディレーヌ,
2022104011,ポルタフェリーチェ,2024/09/08,3中京2,晴,3,2歳未勝利,7,4,4,54.6,7.0,4,高杉吏麒,52.0,芝,1600.0,良,95.4,0.9,2-3-4,36.4,448,-6,マイネルチケット,83.0
2022104011,ポルタフェリーチェ,2024/08/18,2札幌4,曇,1,2歳未勝利,9,5,5,97.9,8.0,5,浜中俊,55.0,芝,1500.0,良,90.4,0.7,3-4-4,36.8,454,0,オーケースマイル,55.0
2022104011,ポルタフェリーチェ,2024/08/04,1札幌6,曇,1,2歳未勝利,14,8,13,40.3,7.0,7,浜中俊,55.0,ダ,1700.0,稍,110.6,3.1,10-10-8-6,41.1,454,12,ベルベルコンパス,
2022104011,ポルタフェリーチェ,2024/06/02,3東京2,曇,5,2歳新馬,12,8,12,24.2,7.0,10,坂井瑠星,55.0,芝,1600.0,稍,98.1,1.7,2-2,35.3,442,0,ミリオンローズ,
2021102858,アンジュラプソディ,2026/07/09,川崎,晴,2,トビウオ賞(C3),12,7,9,8.8,5.0,9,佐野遥久,54.0,ダ,900.0,稍,56.9,1.7,1-2,39.5,521,11,ブリテン,
2021102858,アンジュラプソディ,2026/01/04,川崎,晴,4,福袋賞(C3),12,6,7,2.7,1.0,4,佐野遥久,53.0,ダ,900.0,稍,56.9,0.8,1-1,38.8,510,-3,ミヤジミニー,12.0
2021102858,アンジュラプソディ,2025/12/15,川崎,晴,3,ヤマネ賞(C3),12,7,10,2.2,1.0,4,佐野遥久,53.0,ダ,900.0,重,57.6,0.2,1-1,39.7,513,10,ダイナマイトブル,12.0
2021102858,アンジュラプソディ,2025/06/17,川崎,晴,6,水神賞(C2),12,7,10,3.7,2.0,5,佐野遥久,53.0,ダ,900.0,良,56.4,0.6,2-2,38.8,503,1,ハナチャン,10.0
2021102858,アンジュラプソディ,2025/04/07,川崎,曇,5,ツバメ賞(C3),11,8,10,1.4,1.0,1,佐野遥久,53.0,ダ,900.0,稍,56.5,-0.4,1-1,38.6,502,0,(リュウノアーダーン),80.0
2021102858,アンジュラプソディ,2025/03/03,川崎,雨,4,ミーアキャット賞(C3),11,5,6,3.4,2.0,1,佐野遥久,52.0,ダ,900.0,重,56.8,-0.2,1-1,38.7,502,0,(ブラウオリゾン),80.0
2021102858,アンジュラプソディ,2025/02/06,川崎,晴,3,C3五六,12,7,9,2.2,1.0,10,野畑凌,54.0,ダ,1400.0,良,95.9,1.8,5-6-6-7,42.5,502,10,イッツマイトリート,
2021102858,アンジュラプソディ,2024/10/31,門別,晴,3,3歳以上C4ー3,9,2,2,1.9,1.0,1,小野楓馬,55.0,ダ,1000.0,良,63.2,0.0,1-1,38.2,492,-4,(キタサンヤマブキ),40.0
2021102858,アンジュラプソディ,2024/10/17,門別,晴,4,3歳以上C4ー3,11,4,4,2.2,1.0,2,小野楓馬,55.0,ダ,1000.0,稍,63.4,0.0,2-2,38.9,496,-4,サマードリーム,11.2
2021102858,アンジュラプソディ,2024/10/02,門別,曇,1,楽しもう!日高町DA(C4),10,8,10,1.3,1.0,1,藤田凌駕,52.0,ダ,1000.0,良,63.7,-0.2,1-1,38.6,500,-2,(フランキンローズ),40.0
2021102858,アンジュラプソディ,2024/09/18,門別,晴,1,3歳以上C4ー4,12,4,4,1.8,1.0,2,小野楓馬,55.0,ダ,1000.0,稍,63.9,0.2,1-1,39.0,502,0,アーモンドドラジェ,11.2
2021102858,アンジュラプソディ,2024/09/04,門別,晴,1,3歳以上C4ー4,12,2,2,8.3,4.0,2,小野楓馬,55.0,ダ,1000.0,良,63.2,0.0,2-1,38.5,502,0,ザリナイラン,11.2
2021106991,タノシサ,2026/07/08,川崎,晴,1,トウザヨリ賞(C3),11,1,1,4.8,2.0,7,池谷匠翔,54.0,ダ,900.0,稍,57.2,1.0,8-6,38.7,480,-8,ハナサキポプラ,
2021106991,タノシサ,2026/06/15,川崎,曇,4,ハヤブサ賞(C3),11,8,11,10.5,4.0,4,池谷匠翔,54.0,ダ,900.0,重,57.0,0.6,3-3,38.6,488,-1,モンテジュエル,12.0
2021106991,タノシサ,2026/05/14,川崎,晴,2,イヌワシ賞(C3),12,5,5,3.8,2.0,9,Ｅ．シャ,54.0,ダ,900.0,良,57.7,0.8,8-8,39.3,489,9,ロワン,
2021106991,タノシサ,2026/04/09,川崎,晴,4,スズメ賞(C3),11,7,10,,,除,岡村健司,54.0,ダ,900.0,稍,,,,,490,10,ロジステート,
2021106991,タノシサ,2026/02/02,川崎,晴,3,カピバラ賞(C3),12,1,1,2.7,1.0,2,桑村真明,54.0,ダ,900.0,良,56.2,0.5,5-3,38.1,480,-2,ボイド,32.0
2021106991,タノシサ,2026/01/04,川崎,晴,4,福袋賞(C3),12,5,5,3.1,2.0,3,桑村真明,54.0,ダ,900.0,稍,56.7,0.6,7-5,37.7,482,4,ミヤジミニー,20.0
2021106991,タノシサ,2025/11/18,川崎,晴,2,ウォンバット賞(C3),12,8,11,1.6,1.0,4,岡村健司,54.0,ダ,900.0,良,56.9,0.4,4-4,38.5,478,-13,リオシャンパーニュ,12.0
2021106991,タノシサ,2025/09/08,川崎,晴,4,ワラビー賞(C3),9,7,7,1.7,1.0,2,岡村健司,54.0,ダ,900.0,稍,56.6,0.5,4-3,38.5,491,1,アースメロディ,32.0
2021106991,タノシサ,2025/08/21,川崎,晴,2,クロカジキ賞(C3),11,2,2,4.9,3.0,1,岡村健司,54.0,ダ,900.0,良,55.7,-0.4,1-1,38.2,490,3,(ルリール),80.0
2021106991,タノシサ,2025/06/16,川崎,晴,5,ハヤブサ賞(C3),8,8,9,2.8,1.0,1,岡村健司,54.0,ダ,900.0,重,56.3,-0.5,2-1,38.2,487,9,(ミサイルビスケッツ),80.0
2021106991,タノシサ,2025/04/10,川崎,曇,2,スズメ賞(C3),11,8,10,20.2,4.0,3,岡村健司,54.0,ダ,900.0,稍,56.4,0.5,1-4,38.8,478,4,イッツアンドレア,20.0
2021106991,タノシサ,2025/01/03,川崎,曇,4,弁才天賞(C3),12,7,10,35.6,7.0,5,落合玄太,54.0,ダ,900.0,良,57.3,0.4,2-4,38.6,474,0,ナキムシヒカル,8.0
2021106991,タノシサ,2024/12/13,川崎,曇,3,ティング賞(3歳),7,3,3,50.5,7.0,4,落合玄太,54.0,ダ,900.0,良,56.9,0.9,6-4,38.2,474,4,エイカイゴールド,21.0
2021106991,タノシサ,2024/07/05,川崎,晴,1,3歳7,10,2,2,24.5,8.0,10,笹川翼,54.0,ダ,1400.0,良,99.7,6.3,10-10-10-10,43.7,470,3,ビタリス,
2021106991,タノシサ,2024/04/05,川崎,曇,1,未受賞未出走(3歳),9,4,4,6.3,3.0,6,笹川翼,54.0,ダ,1400.0,重,99.0,5.6,4-3-3-2,44.8,467,0,コルネットロッソ,
2021103839,オニノタマゴ,2026/07/09,川崎,晴,6,C2一二,6,2,2,19.2,5.0,6,古岡勇樹,56.0,ダ,1400.0,良,93.4,1.3,4-2-5-5,39.6,487,-1,ライヴバフィ,
2021103839,オニノタマゴ,2026/06/19,川崎,曇,7,C1一二,12,5,6,18.2,7.0,4,古岡勇樹,56.0,ダ,1400.0,重,92.4,1.2,3-3-3-3,40.9,488,5,ベルトネ,18.0
2021103839,オニノタマゴ,2026/05/13,川崎,晴,8,オプレンシア賞(C1),10,3,3,5.2,4.0,7,古岡勇樹,56.0,ダ,1500.0,良,98.2,1.7,3-5-5-5,41.6,483,5,アイノシャンティー,
2021103839,オニノタマゴ,2026/04/09,川崎,晴,7,C1三,11,2,2,20.5,6.0,5,古岡勇樹,56.0,ダ,1400.0,稍,93.1,0.9,5-4-4-2,40.7,478,15,アマモト,12.0
2021103839,オニノタマゴ,2024/10/10,川崎,曇,8,かわさきジャズ10t(C1二),11,1,1,7.7,4.0,5,今野忠成,56.0,ダ,1500.0,重,100.6,1.2,5-6-8-8,40.7,463,-4,ガストン,18.0
2021103839,オニノタマゴ,2024/05/07,川崎,曇,8,メイフラワー賞(3歳),12,1,1,5.9,5.0,2,今野忠成,56.0,ダ,1500.0,稍,97.8,1.9,4-3-3-3,41.8,467,-1,エスペラード,100.0
2021103839,オニノタマゴ,2024/04/02,川崎,晴,7,ダイヤモンドフラワー(3歳),10,8,10,4.0,2.0,4,今野忠成,56.0,ダ,1500.0,稍,99.4,0.5,4-4-4-3,41.4,468,-1,カミノカガヤキ,37.5
2021103839,オニノタマゴ,2024/03/13,川崎,晴,7,マーチフラワー賞(3歳),11,2,2,4.6,3.0,3,今野忠成,56.0,ダ,1600.0,重,108.7,1.9,7-7-6-4,43.7,469,7,アルマーレシチー,62.5
2021103839,オニノタマゴ,2024/02/02,川崎,曇,4,オラージュ賞(3歳),14,4,6,4.0,2.0,2,今野忠成,56.0,ダ,1500.0,良,99.6,0.3,6-6-2-3,40.9,462,1,エムティウノ,100.0
2021103839,オニノタマゴ,2024/01/02,川崎,晴,4,だるま落とし賞(3歳),9,3,3,15.1,5.0,2,今野忠成,56.0,ダ,1500.0,良,100.5,0.0,7-7-8-6,39.4,461,1,ライゴウ,100.0
2021103839,オニノタマゴ,2023/12/12,川崎,曇,1,2歳8,10,8,9,1.4,1.0,1,今野忠成,55.0,ダ,1400.0,稍,97.1,-0.2,5-5-4-3,41.7,460,-11,(エメリーナ),200.0
2021103839,オニノタマゴ,2023/11/10,川崎,曇,3,スパーキングデビュー(2歳),7,6,6,2.7,1.0,4,今野忠成,55.0,ダ,1400.0,良,94.8,0.5,3-3-3-3,41.3,471,0,イロハニホ,55.5
2022103369,ベルレオーネ,2026/07/08,川崎,晴,12,2026川崎ジョッキ(C2),14,6,9,5.2,2.0,5,古岡勇樹,56.0,ダ,1500.0,稍,98.0,0.3,1-1-1-1,42.4,472,10,ベラヴィットーリア,11.0
2022103369,ベルレオーネ,2026/04/06,川崎,晴,6,C2一二,12,5,6,11.9,6.0,3,矢野貴之,56.0,ダ,1400.0,重,92.2,0.8,3-4-4-3,39.4,462,-1,ヴィトーリアヘーザ,25.0
2022103369,ベルレオーネ,2026/03/12,船橋,晴,5,馬い!淡路むらっち玉(C2),12,8,12,5.2,3.0,8,野畑凌,56.0,ダ,1200.0,良,77.4,1.4,1-1-1,40.5,463,1,ザビッグマン,
2022103369,ベルレオーネ,2026/03/02,川崎,曇,5,C2一二,11,1,1,2.4,1.0,5,矢野貴之,56.0,ダ,1400.0,稍,93.0,1.5,3-3-3-2,41.5,462,-4,モコモコ,10.0
2022103369,ベルレオーネ,2026/02/04,川崎,晴,4,C2四五,12,8,11,1.8,1.0,1,矢野貴之,56.0,ダ,1400.0,良,93.0,0.0,4-4-3-4,40.0,466,6,(メタルハート),100.0
2022103369,ベルレオーネ,2026/01/01,川崎,晴,7,二鷹賞(C2),13,4,4,4.0,2.0,1,矢野貴之,56.0,ダ,1400.0,稍,93.0,0.0,2-2-2-2,41.0,460,-2,(タヴァネスタン),100.0
2022103369,ベルレオーネ,2025/12/18,川崎,晴,3,クロシェット賞(3歳),12,7,10,2.3,2.0,3,矢野貴之,56.0,ダ,900.0,稍,56.2,0.4,5-4,38.3,462,-7,ファイブエム,30.0
2022103369,ベルレオーネ,2025/11/17,川崎,晴,4,3歳3,10,7,7,2.2,1.0,2,矢野貴之,56.0,ダ,1400.0,良,93.3,0.2,2-2-1-1,41.5,469,11,ミセスリリー,40.0
2022103369,ベルレオーネ,2025/10/14,盛岡,曇,3,C2二組,9,1,1,1.9,1.0,4,山本聡紀,56.0,ダ,1400.0,良,88.2,0.8,4-4,38.5,458,-5,トンヤイビーン,5.2
2022103369,ベルレオーネ,2025/09/29,水沢,曇,3,C2七組,9,5,5,1.5,1.0,1,山本聡紀,56.0,ダ,1300.0,不,82.4,-0.9,1-1-1-1,38.6,463,3,(ワンザストーリー),40.0
2022103369,ベルレオーネ,2025/09/07,4中山2,晴,7,3歳未勝利,16,7,13,30.3,8.0,6,石川裕紀,57.0,ダ,1200.0,良,73.5,1.4,14-13,36.9,460,2,キタノライブリー,
2022103369,ベルレオーネ,2025/07/23,門別,晴,7,リゲル特別(C1),10,1,1,2.4,1.0,8,横山武史,57.0,ダ,1200.0,良,76.7,1.6,6-7,40.0,458,2,ホワイトマジック,
2022103369,ベルレオーネ,2025/06/08,3東京2,曇,4,3歳未勝利,16,6,12,28.5,8.0,6,石川裕紀,57.0,ダ,1400.0,良,85.6,1.2,7-7,36.8,456,-6,マックスキュー,
2022103369,ベルレオーネ,2025/05/10,2東京5,小雨,1,3歳未勝利,16,4,7,24.6,4.0,4,石川裕紀,57.0,ダ,1300.0,重,78.1,0.9,14-14,34.7,462,2,ハーモニーソング,84.0
2022103369,ベルレオーネ,2025/04/19,3中山7,晴,3,3歳未勝利,16,6,11,84.3,14.0,7,石川裕紀,57.0,ダ,1200.0,良,73.6,0.8,14-13,36.3,460,0,ショーモッシュ,
2022103369,ベルレオーネ,2025/04/06,3中山4,曇,2,3歳未勝利,16,3,5,231.4,15.0,9,石田拓郎,54.0,ダ,1200.0,稍,74.2,1.6,12-13,37.7,460,-18,クインズシフォン,
2022103369,ベルレオーネ,2024/12/15,7京都6,晴,6,2歳新馬,16,3,6,62.4,11.0,15,幸英明,56.0,ダ,1800.0,良,124.2,9.4,3-4-9-13,46.7,478,0,ショーダンサー,
2022101763,ピコグリーン,2026/04/06,川崎,晴,8,C2一二,12,7,10,5.6,3.0,9,本田正重,54.0,ダ,1400.0,重,94.1,1.8,4-3-2-3,42.1,451,-3,ミライヘノテンシ,
2022101763,ピコグリーン,2026/03/02,川崎,曇,4,C2一二,10,6,6,2.6,1.0,3,野畑凌,54.0,ダ,1400.0,稍,92.9,1.0,1-1-2-1,40.2,454,5,アムリタ,25.0
2022101763,ピコグリーン,2026/02/03,川崎,晴,5,C2二三,12,5,6,2.2,1.0,3,野畑凌,54.0,ダ,1400.0,良,93.9,0.4,5-6-4-3,39.7,449,5,メイショウマチルダ,25.0
2022101763,ピコグリーン,2025/09/13,4中山3,曇,3,3歳未勝利,16,8,15,28.6,9.0,11,木幡巧也,55.0,ダ,1200.0,不,72.6,2.0,10-10,37.9,444,-10,ダンケルド,
2022101763,ピコグリーン,2025/08/31,3新潟4,晴,7,3歳未勝利,15,4,6,26.4,8.0,4,木幡巧也,55.0,ダ,1200.0,良,72.3,0.3,2-2,37.3,454,2,デルマエアロール,84.0
2022101763,ピコグリーン,2025/05/04,2東京4,晴,2,3歳未勝利,16,7,14,29.3,8.0,12,木幡巧也,55.0,ダ,1400.0,稍,87.1,1.9,11-12,37.1,452,-2,ポッドベル,
2022101763,ピコグリーン,2025/04/19,3中山7,晴,1,3歳未勝利,14,5,8,102.0,12.0,3,木幡巧也,55.0,ダ,1200.0,良,72.7,0.8,4-4,37.6,454,2,ドナカルナバル,140.0
2022101763,ピコグリーン,2025/04/06,3中山4,曇,2,3歳未勝利,16,6,11,21.8,6.0,6,木幡巧也,55.0,ダ,1200.0,稍,73.9,1.3,4-4,38.3,452,0,クインズシフォン,
2022101763,ピコグリーン,2025/03/30,3中山2,曇,2,3歳未勝利,16,8,16,7.6,4.0,12,木幡巧也,55.0,ダ,1200.0,稍,74.0,1.5,4-4,39.4,452,-6,エコロカディス,
2022101763,ピコグリーン,2025/02/08,1東京3,晴,1,3歳未勝利,16,7,14,6.3,3.0,11,木幡巧也,55.0,ダ,1400.0,良,89.4,2.7,4-4,39.6,458,6,セギレエルビエント,
2022101763,ピコグリーン,2025/01/26,1中山9,晴,4,3歳新馬,16,2,4,3.7,1.0,3,木幡巧也,55.0,ダ,1200.0,良,73.4,0.5,2-2,37.9,452,0,ワンダラー,160.0
2022103600,フィードウィン,2026/07/09,川崎,晴,6,C2一二,6,6,6,19.3,6.0,3.0,加藤雄真,54.0,ダ,1400.0,良,92.6,0.5,6-6-6-6,38.5,459.0,4.0,ライヴバフィ,25.0
2022103600,フィードウィン,2026/06/17,川崎,晴,8,八幡平ウマッシュルー(C1),8,8,8,81.0,7.0,3.0,加藤雄真,54.0,ダ,1400.0,稍,91.7,0.6,5-5-5-5,39.7,455.0,3.0,アオイハナミチ,30.0
2022103600,フィードウィン,2026/06/01,船橋,晴,7,船橋酒場青空13周年(C1),12,2,2,114.7,11.0,6.0,加藤雄真,53.0,ダ,1200.0,良,76.0,0.6,4-4-4,39.0,452.0,-4.0,ミラクルミッキー,
2022103600,フィードウィン,2026/05/15,川崎,晴,12,ファイナルアンサー賞(C2),14,1,1,3.8,2.0,3.0,加藤雄真,53.0,ダ,1500.0,良,99.3,1.2,7-6-7-5,40.2,456.0,1.0,ボルダーオパール,25.0
2022103600,フィードウィン,2026/04/06,川崎,晴,6,C2一二,12,7,10,59.8,9.0,9.0,伊藤裕人,56.0,ダ,1400.0,重,93.6,2.2,11-11-11-8,39.8,455.0,-3.0,ヴィトーリアヘーザ,
2022103600,フィードウィン,2026/02/02,川崎,晴,6,C2一,13,4,5,13.3,6.0,6.0,石川倭,56.0,ダ,1400.0,良,93.3,0.9,9-10-11-7,40.4,458.0,5.0,ベルエアキング,
2022103600,フィードウィン,2026/01/21,船橋,晴,6,ジャニュアリースプリ(C2),12,7,10,146.3,7.0,6.0,加藤雄真,53.0,ダ,1200.0,良,76.3,1.2,5-7-8,38.9,453.0,-1.0,バーンズベリー,
2022103600,フィードウィン,2026/01/04,川崎,晴,8,熊手賞(C2),14,5,8,69.1,8.0,5.0,加藤雄真,53.0,ダ,1400.0,稍,93.3,0.9,13-13-14-10,40.5,454.0,-5.0,オルペラー,10.0
2022103600,フィードウィン,2025/12/15,川崎,晴,9,カンヌ賞(C2),12,6,7,44.9,7.0,8.0,加藤雄真,53.0,ダ,1400.0,重,94.4,0.9,11-12-12-9,41.4,459.0,7.0,ヴィヴィッドムーン,
2022103600,フィードウィン,2025/11/18,川崎,晴,6,ダージリン賞(C2),14,5,8,28.2,5.0,7.0,Ｍ．ミシ,54.0,ダ,1500.0,良,99.9,2.3,8-9-8-9,41.4,452.0,2.0,ノーブルクリード,
2022103600,フィードウィン,2025/10/28,浦和,晴,9,さそり座特別(C2),13,5,7,43.7,6.0,7.0,Ｍ．ミシ,54.0,ダ,1400.0,重,89.2,1.1,11-11-11-8,38.7,450.0,-2.0,ダイヤクリスタル,
2022103600,フィードウィン,2025/10/13,川崎,曇,7,亀ヶ谷坂賞(C2二),11,3,3,3.8,2.0,4.0,Ｍ．ミシ,54.0,ダ,1400.0,良,93.2,0.6,4-4-5-4,40.9,452.0,-1.0,パラトルーパー,22.5
2022103600,フィードウィン,2025/09/22,浦和,晴,4,3歳三,10,1,1,32.2,6.0,1.0,Ｍ．ミシ,54.0,ダ,1400.0,稍,90.1,-0.1,3-4-3-1,38.0,453.0,-1.0,(タカラハンター),180.0
2022103600,フィードウィン,2025/09/11,川崎,雨,3,梟賞(3歳),0,4,4,,,,山崎誠士,56.0,ダ,1500.0,不,,,,,448.0,-6.0,,
2022103600,フィードウィン,2025/08/22,川崎,晴,2,鶫賞(3歳),12,2,2,132.8,12.0,6.0,加藤雄真,53.0,ダ,1500.0,良,99.6,1.4,8-7-8-8,41.7,454.0,7.0,ポッドソル,
2022103600,フィードウィン,2025/06/16,川崎,晴,6,小千鳥賞(3歳),11,6,7,14.6,4.0,11.0,加藤雄真,53.0,ダ,1500.0,重,101.4,3.6,6-7-8-10,43.5,447.0,5.0,キャプテンブルー,
2022103600,フィードウィン,2025/05/28,浦和,晴,5,浦和ファイブチャレン(3歳),11,3,3,34.1,8.0,4.0,山崎誠士,56.0,ダ,1400.0,良,90.4,1.6,6-6-7-4,38.1,442.0,-4.0,ユーロジータビート,24.0
2022103600,フィードウィン,2025/05/12,川崎,曇,4,ブリーズ賞(3歳),9,1,1,23.3,5.0,7.0,加藤雄真,53.0,ダ,1400.0,重,95.0,1.9,6-7-8-7,41.3,446.0,-1.0,エクセルボビー,
2022103600,フィードウィン,2025/04/07,川崎,晴,7,鶴鷸賞(3歳),12,1,1,9.4,4.0,5.0,山崎誠士,56.0,ダ,1500.0,稍,101.1,0.6,7-7-7-7,42.0,447.0,-2.0,タカイチフリオーソ,20.0
2022103600,フィードウィン,2025/03/19,浦和,雨,4,3歳四,0,5,5,,,,山崎誠士,56.0,ダ,1400.0,不,,,,,,,,
2022103600,フィードウィン,2025/03/07,川崎,晴,4,3歳4,10,4,4,19.8,7.0,4.0,山崎誠士,56.0,ダ,1400.0,重,94.7,1.2,6-4-3-2,42.2,449.0,7.0,アドルナティック,30.0
2022103600,フィードウィン,2025/02/06,川崎,晴,1,テンペスタース賞(3歳),12,8,11,4.6,3.0,3.0,神尾香澄,53.0,ダ,1400.0,稍,94.0,0.4,7-7-6-6,40.8,442.0,-2.0,ユメドリーム,50.0
2022103600,フィードウィン,2025/01/01,川崎,晴,1,2025幕開け賞(3歳),13,2,2,9.7,2.0,3.0,加藤雄真,53.0,ダ,1400.0,良,95.1,0.9,5-4-5-4,41.8,444.0,1.0,ノーブルクリード,50.0
2022103600,フィードウィン,2024/12/12,川崎,晴,1,2歳10ロ,7,2,2,9.3,4.0,2.0,加藤雄真,52.0,ダ,1400.0,良,95.2,0.2,1-1-1-1,40.5,443.0,0.0,アヤメヅキ,80.0
2022103600,フィードウィン,2024/11/14,川崎,曇,1,スパーキングデビュー(2歳),8,1,1,89.6,8.0,6.0,加藤雄真,52.0,ダ,1400.0,良,95.8,2.1,8-8-7-7,41.9,443.0,0.0,アーサ,
2020102106,デルマツリダシ,2026/04/06,川崎,晴,8,C2一二,12,5,6,22.2,7.0,6.0,西啓太,56.0,ダ,1400.0,重,93.5,1.2,11-10-8-8,40.6,513.0,-2.0,ミライヘノテンシ,
2020102106,デルマツリダシ,2026/03/16,浦和,晴,8,浦和エイトチャレンジ(C2),12,8,11,5.1,3.0,5.0,西啓太,56.0,ダ,1400.0,稍,91.6,1.6,10-8-5-5,39.9,515.0,1.0,リコーミカ,10.0
2020102106,デルマツリダシ,2026/03/02,川崎,曇,4,C2一二,10,3,3,22.8,6.0,5.0,西啓太,56.0,ダ,1400.0,稍,92.9,1.0,5-5-5-4,39.7,514.0,0.0,アムリタ,10.0
2020102106,デルマツリダシ,2026/02/03,川崎,晴,5,C2二三,12,7,9,35.7,6.0,5.0,西啓太,56.0,ダ,1400.0,良,94.4,0.9,9-8-8-6,40.0,514.0,3.0,メイショウマチルダ,10.0
2020102106,デルマツリダシ,2026/01/03,川崎,晴,7,弁才天賞(C2),12,5,5,6.4,4.0,10.0,西啓太,56.0,ダ,1500.0,稍,100.3,3.3,6-6-6-10,42.4,511.0,0.0,マルモリアクティブ,
2020102106,デルマツリダシ,2025/12/16,川崎,晴,12,寄ロウバイまつり賞(C1),14,6,9,4.3,2.0,6.0,増田充宏,56.0,ダ,1500.0,重,100.4,2.1,7-5-7-6,43.4,511.0,-1.0,ベネディット,
2020102106,デルマツリダシ,2025/11/18,川崎,晴,12,グリーンチャンネル開(C1五),14,5,8,34.2,11.0,3.0,増田充宏,56.0,ダ,1500.0,良,97.4,0.2,6-6-6-4,40.6,512.0,1.0,ブーケドグレイス,30.0
2020102106,デルマツリダシ,2025/10/14,川崎,曇,12,西御門賞(C1),14,8,14,54.5,9.0,4.0,加藤雄真,53.0,ダ,1500.0,良,98.1,0.8,5-4-4-2,41.8,511.0,-4.0,アオイラン,18.0
2020102106,デルマツリダシ,2025/10/02,船橋,晴,12,グリーンチャンネル開(C1),13,6,10,101.9,11.0,11.0,加藤雄真,53.0,ダ,1800.0,稍,119.4,2.8,8-7-7-8,41.9,515.0,2.0,マキシマムパワー,
2020102106,デルマツリダシ,2025/09/10,川崎,晴,12,2025川崎ジョッキ(C1),14,4,5,11.6,8.0,8.0,加藤雄真,53.0,ダ,1600.0,良,107.5,1.5,12-10-13-10,40.6,513.0,0.0,エスプリゴンザレス,
2020102106,デルマツリダシ,2025/08/22,川崎,晴,9,やまなみ五湖「相模湖(C1),12,7,9,4.4,2.0,7.0,増田充宏,56.0,ダ,1400.0,良,92.7,1.7,10-9-7-7,40.0,513.0,2.0,ピオニエーレ,
2020102106,デルマツリダシ,2025/08/07,川崎,曇,8,フルコース賞(C2二),9,8,9,46.8,7.0,4.0,増田充宏,56.0,ダ,1500.0,良,97.6,0.3,2-2-1-1,41.8,511.0,-13.0,マジカルレイズ,22.5
2020102106,デルマツリダシ,2025/04/08,川崎,晴,6,C1四五六(C1五),14,8,14,112.6,9.0,5.0,増田充宏,56.0,ダ,1500.0,稍,99.7,1.7,10-10-8-8,41.3,524.0,-3.0,カセノラオー,12.0
2020102106,デルマツリダシ,2025/03/19,浦和,雨,7,C1四,0,8,11,,,,吉原寛人,56.0,ダ,1500.0,不,,,,,,,,
2020102106,デルマツリダシ,2025/03/07,川崎,晴,10,プリマヴェーラ賞(C1),12,2,2,23.2,8.0,8.0,山林堂信,56.0,ダ,2000.0,重,140.6,3.5,1-1-5-6,45.1,527.0,5.0,チャールストン,
2020102106,デルマツリダシ,2025/02/04,川崎,曇,8,桜草賞(C1),14,3,4,34.2,5.0,6.0,藤本現暉,56.0,ダ,1500.0,稍,99.4,2.8,12-12-13-10,39.7,522.0,2.0,カラリパヤット,
2020102106,デルマツリダシ,2025/01/03,川崎,曇,9,七福神賞(C1五),14,3,3,25.2,10.0,4.0,藤本現暉,56.0,ダ,1500.0,良,99.5,0.9,12-10-12-6,40.8,520.0,-6.0,サウスヴィル,18.0
2020102106,デルマツリダシ,2024/12/12,川崎,晴,8,ブルーマウンテン賞(C1二),10,7,7,40.2,6.0,6.0,藤本現暉,56.0,ダ,1600.0,良,107.5,1.2,7-7-2-4,40.1,526.0,7.0,アキノスマート,
2020102106,デルマツリダシ,2024/07/25,川崎,雨,10,クロート賞(C1),14,8,14,156.2,12.0,12.0,藤本現暉,56.0,ダ,2000.0,良,137.6,2.4,9-9-9-12,41.7,519.0,-2.0,サングラデーション,
2020102106,デルマツリダシ,2024/07/04,川崎,晴,6,フォーカード賞(C1二),10,7,7,10.3,5.0,4.0,藤本現暉,56.0,ダ,1600.0,稍,105.8,2.0,6-5-5-4,41.9,521.0,-8.0,リグレイアー,27.0
2020102106,デルマツリダシ,2024/06/11,川崎,晴,9,ウルド賞(C1),14,4,6,5.5,3.0,12.0,和田譲治,56.0,ダ,2000.0,稍,137.9,3.2,12-11-9-11,43.4,529.0,2.0,レッドヴァイス,
2020102106,デルマツリダシ,2024/05/20,浦和,晴,12,月見草特別(C1),12,3,3,3.8,2.0,2.0,和田譲治,56.0,ダ,2000.0,不,134.8,3.6,3-2-2-2,42.2,527.0,-1.0,トーセンサマンサ,72.0
2020102106,デルマツリダシ,2024/05/08,川崎,雨,8,C1四五,10,1,1,8.6,2.0,3.0,山崎誠士,56.0,ダ,1400.0,稍,91.4,2.1,7-6-4-4,40.1,528.0,-1.0,シゲルマッハ,30.0
2020102106,デルマツリダシ,2024/04/02,川崎,晴,8,C1四五六(C1五),9,2,2,2.9,2.0,4.0,山崎誠士,56.0,ダ,1400.0,稍,93.5,0.8,9-8-8-7,40.8,529.0,9.0,パーティーモード,18.0
2020102106,デルマツリダシ,2023/06/17,1函館3,曇,2,3歳未勝利,14,5,7,7.2,3.0,2.0,鮫島克駿,56.0,ダ,1700.0,良,108.1,1.7,3-3-4-4,38.2,520.0,8.0,ジュエルマイスター,220.0
2020102106,デルマツリダシ,2023/04/29,1京都3,曇,1,3歳未勝利,15,6,12,9.9,5.0,8.0,鮫島克駿,56.0,ダ,1400.0,良,86.9,2.3,8-6,39.1,512.0,0.0,ナイトアクアリウム,
2020102106,デルマツリダシ,2023/02/12,1阪神2,晴,2,3歳未勝利,11,6,6,3.2,2.0,7.0,鮫島克駿,56.0,ダ,1800.0,良,116.9,1.7,4-4-4-2,40.3,512.0,-2.0,キリンジ,
2020102106,デルマツリダシ,2022/10/22,4新潟3,晴,2,2歳未勝利,15,6,11,3.5,2.0,3.0,川須栄彦,55.0,ダ,1800.0,良,115.8,0.5,4-4-4-4,39.6,514.0,12.0,シゲルスナイパー,130.0
2020102106,デルマツリダシ,2022/09/24,4中山6,曇,3,2歳新馬,16,1,1,39.1,11.0,2.0,内田博幸,54.0,ダ,1800.0,不,112.9,1.0,4-6-4-3,37.2,502.0,0.0,トレド,280.0
2021102006,シェナベスト,2026/07/08,川崎,晴,3,C2三四,10,7,7,83.9,10.0,1,岡村裕基,56.0,ダ,1400.0,稍,91.6,-0.1,1-1-1-1,39.6,477.0,1.0,(トンヤイビーン),100.0
2021102006,シェナベスト,2026/06/16,川崎,晴,4,C2一二,12,7,9,139.7,10.0,8,岡村裕基,56.0,ダ,1400.0,稍,93.9,2.1,4-5-7-5,42.3,476.0,1.0,フィリグラン,
2021102006,シェナベスト,2026/05/12,川崎,晴,4,C2三四,12,2,2,12.7,5.0,5,岡村裕基,56.0,ダ,1400.0,良,92.9,0.6,1-1-1-1,41.4,475.0,-3.0,ロコモーション,10.0
2021102006,シェナベスト,2026/04/07,川崎,雨,3,初雷賞(C2),12,7,10,140.8,11.0,5,岡村裕基,56.0,ダ,900.0,重,56.5,0.9,4-5,38.2,478.0,5.0,プレストヴィーナス,10.0
2021102006,シェナベスト,2026/03/03,川崎,雨,6,C2三四,9,3,3,11.3,4.0,9,岡村裕基,56.0,ダ,1400.0,不,94.7,3.5,5-7-8-8,42.2,473.0,4.0,ヒソカ,
2021102006,シェナベスト,2026/01/02,川崎,晴,7,双六賞(C2),14,6,9,7.0,3.0,12,岡村裕基,56.0,ダ,1400.0,稍,94.7,2.3,3-3-8-10,41.8,469.0,-8.0,ニシノババンギタ,
2021102006,シェナベスト,2025/12/15,川崎,晴,7,ベルリン賞(C2),12,7,9,18.2,6.0,2,岡村裕基,56.0,ダ,1400.0,重,93.4,0.5,3-3-3-3,40.5,477.0,6.0,パーティーガール,60.0
2021102006,シェナベスト,2025/11/20,川崎,晴,7,C2六七八(C2七),11,5,5,23.9,6.0,1,岡村裕基,56.0,ダ,1400.0,良,91.7,-0.2,5-4-3-3,40.0,471.0,7.0,(ホースワン),100.0
2021102006,シェナベスト,2025/10/17,川崎,晴,12,秋雷賞(C2),12,8,11,103.2,10.0,7,岡村裕基,56.0,ダ,900.0,稍,56.9,0.8,10-10,38.3,464.0,17.0,ラックナシェード,
2021102006,シェナベスト,2025/09/24,浦和,晴,7,C2五六,12,1,1,41.0,11.0,8,岡村裕基,56.0,ダ,1400.0,良,92.7,1.1,9-7-6-7,40.1,447.0,-6.0,ビューティビースト,
2021102006,シェナベスト,2025/09/09,川崎,晴,7,激雷賞(C2),12,1,1,160.6,10.0,9,藤江渉,56.0,ダ,900.0,稍,56.4,1.0,12-11,37.4,453.0,-2.0,エースクイーン,
2021102006,シェナベスト,2025/08/26,川崎,晴,7,雷霆賞(C2),10,8,10,165.4,9.0,4,藤江渉,56.0,ダ,900.0,良,56.5,1.5,9-9,38.2,455.0,8.0,ムーランアルザン,15.0
2021102006,シェナベスト,2025/08/08,川崎,晴,3,雷鳴賞(C2),9,3,3,355.7,9.0,6,伊藤裕人,56.0,ダ,900.0,良,56.5,1.1,9-9,37.5,447.0,-9.0,ムーランアルザン,
2021102006,シェナベスト,2025/07/11,川崎,曇,2,稲妻賞(C2),12,8,11,424.5,12.0,11,藤江渉,56.0,ダ,900.0,重,58.0,2.2,12-12,39.1,456.0,5.0,ワインワインレッド,
2021102006,シェナベスト,2025/06/17,川崎,晴,6,水神賞(C2),12,5,6,423.4,12.0,11,中越琉世,56.0,ダ,900.0,良,57.6,1.8,12-9,39.0,451.0,1.0,ハナチャン,
2021102006,シェナベスト,2025/06/03,船橋,雨,2,C2二三,12,8,11,200.0,12.0,12,藤江渉,56.0,ダ,1200.0,不,79.3,4.0,11-12-12,40.6,450.0,1.0,プレストオメガ,
2021102006,シェナベスト,2025/05/12,川崎,曇,7,雷響賞(C2),11,8,11,272.9,11.0,8,中越琉世,56.0,ダ,900.0,重,57.4,2.1,11-9,38.4,449.0,-3.0,ワインワインレッド,
2021102006,シェナベスト,2025/04/08,川崎,晴,1,初雷賞(C2),12,1,1,596.0,12.0,8,中越琉世,56.0,ダ,900.0,稍,57.4,2.0,12-11,38.6,452.0,-3.0,ダンシングクライ,
2021102006,シェナベスト,2025/03/06,川崎,曇,1,雷魚賞(C2),9,8,8,240.8,9.0,9,藤江渉,56.0,ダ,900.0,不,57.3,1.5,9-9,38.6,455.0,1.0,エースクイーン,
2021102006,シェナベスト,2025/02/08,川崎,晴,4,雷獣賞(C2),12,7,10,329.7,12.0,10,伊藤裕人,56.0,ダ,900.0,良,57.2,1.7,10-11,38.2,454.0,2.0,イェルマーク,
2021102006,シェナベスト,2025/01/02,川崎,晴,6,凧揚げ賞(C2四),14,1,1,314.6,14.0,14,神尾香澄,53.0,ダ,1400.0,良,97.5,4.3,14-14-14-14,42.7,452.0,0.0,ブリリアントスピカ,
2021102006,シェナベスト,2024/12/11,川崎,晴,5,C2三四五(C2四),12,8,11,458.9,12.0,12,藤江渉,56.0,ダ,1400.0,良,95.8,4.1,12-12-12-12,41.9,452.0,12.0,シンボリノエル,
2021102006,シェナベスト,2024/04/01,川崎,晴,2,アルコンスィエル賞(3歳),11,1,1,123.7,8.0,10,山林堂信,55.0,ダ,900.0,重,59.4,4.2,11-11,39.4,440.0,-7.0,オーソレリカ,
2021102006,シェナベスト,2024/03/15,川崎,晴,5,雲雀賞(3歳),13,1,1,,,取,岡村裕基,56.0,ダ,1500.0,稍,,,,,,,ドウザンワン,
2021102006,シェナベスト,2024/02/20,浦和,晴,3,3歳三,11,4,4,,,取,岡村裕基,56.0,ダ,1400.0,良,,,,,,,スマートバローズ,
2021102006,シェナベスト,2024/02/02,川崎,曇,4,オラージュ賞(3歳),14,8,13,286.2,13.0,14,岡村裕基,56.0,ダ,1500.0,良,103.2,3.9,14-14-14-14,42.6,447.0,-11.0,エムティウノ,
2021102006,シェナベスト,2024/01/01,川崎,晴,1,2024幕開け賞(3歳),11,2,2,292.7,11.0,9,岡村裕基,56.0,ダ,1500.0,良,103.8,3.1,11-11-11-9,44.6,458.0,7.0,ゴールドオリス,
2021102006,シェナベスト,2023/12/15,川崎,曇,4,ジングルベル賞(2歳),11,6,7,225.0,11.0,9,岡村裕基,55.0,ダ,1500.0,稍,104.9,5.5,11-11-11-11,45.0,451.0,11.0,エドノバンザイ,
2021102006,シェナベスト,2023/11/08,川崎,晴,9,川崎若駒OP(2歳),14,7,11,730.4,14.0,13,岡村裕基,55.0,ダ,1600.0,良,108.7,2.4,14-14-14-14,40.9,440.0,-1.0,クリコマ,
2021102006,シェナベスト,2023/10/12,川崎,晴,4,影武者賞(2歳),9,6,6,206.2,9.0,8,岡村裕基,55.0,ダ,1500.0,稍,101.5,2.9,6-6-5-7,44.3,441.0,7.0,クリコマ,
2021102006,シェナベスト,2023/09/13,川崎,晴,4,シャイニングトレジャ(2歳),7,4,4,90.5,7.0,6,岡村裕基,54.0,ダ,1500.0,良,100.4,2.2,6-6-6-6,42.8,434.0,3.0,ドウザン,
2021102006,シェナベスト,2023/08/24,川崎,晴,11,初陣賞(OP)(2歳),9,1,1,108.3,8.0,7,岡村裕基,54.0,ダ,1400.0,良,94.6,2.4,4-4-5-5,42.1,431.0,7.0,アジアミッション,
2021102006,シェナベスト,2023/07/29,川崎,晴,4,シャイニングヒーロー(2歳),6,6,6,11.7,4.0,5,岡村裕基,54.0,ダ,1500.0,良,100.1,0.9,3-6-6-6,41.3,424.0,-1.0,クロスレイジング,35.0
2021102006,シェナベスト,2023/07/03,川崎,曇,5,カブトムシ賞(2歳),8,8,8,6.7,2.0,1,岡村裕基,54.0,ダ,1400.0,良,94.2,-0.3,1-1-1-1,40.8,425.0,3.0,(カタルシス),220.0
2021102006,シェナベスト,2023/06/16,川崎,晴,3,スパーキングデビュー(2歳),6,2,2,21.4,5.0,3,岡村裕基,54.0,ダ,900.0,重,57.4,2.2,2-3,39.2,422.0,0.0,シナノスマイル,105.0
2022102498,ライヴバフィ,2026/07/09,川崎,晴,6,C2一二,6,5,5,2.9,2.0,1,矢野貴之,56.0,ダ,1400.0,良,92.1,-0.2,4-5-4-3,38.3,474,-2,(マッセダムール),100.0
2022102498,ライヴバフィ,2026/06/16,川崎,晴,5,C2一二,12,5,6,3.3,2.0,1,矢野貴之,56.0,ダ,1400.0,稍,91.7,-0.1,1-2-2-2,40.3,476,1,(ウインプリームス),100.0
2022102498,ライヴバフィ,2026/06/02,船橋,曇,5,C2二三,12,4,4,2.7,2.0,3,和田譲治,56.0,ダ,1500.0,良,99.0,1.0,5-4-4-3,39.9,475,-3,ゴールドパートナー,25.0
2022102498,ライヴバフィ,2026/05/14,川崎,曇,6,パティオ賞(C2),11,5,5,1.5,1.0,2,矢野貴之,56.0,ダ,1500.0,良,97.6,0.5,1-3-3-2,41.2,478,1,エクセルブラック,44.0
2022102498,ライヴバフィ,2026/04/08,川崎,晴,6,夢見ヶ崎賞(C2),12,6,7,1.6,1.0,2,矢野貴之,56.0,ダ,1400.0,稍,93.4,0.0,10-10-8-7,39.5,477,7,サウスオブロンドン,40.0
2022102498,ライヴバフィ,2025/06/08,3東京2,曇,3,3歳未勝利,17,6,11,121.4,11.0,6,木幡巧也,57.0,芝,1800.0,良,108.3,0.6,6-5-5,35.0,470,-2,コスモグラニット,
2022102498,ライヴバフィ,2025/05/25,2東京10,曇,5,3歳未勝利,17,8,15,96.8,10.0,6,木幡巧也,57.0,芝,1800.0,稍,109.3,0.8,3-2-2,35.3,472,-4,コア,
2022102498,ライヴバフィ,2025/05/17,1新潟5,雨,4,3歳未勝利,12,8,12,10.2,5.0,8,石橋脩,57.0,ダ,1800.0,稍,116.4,2.0,4-3-2-3,39.9,476,6,ハミルトン,
2022102498,ライヴバフィ,2025/03/08,2中山3,曇,2,3歳未勝利,16,1,1,35.3,7.0,9,木幡巧也,57.0,ダ,1800.0,重,117.0,1.5,4-5-5-5,40.4,470,-2,ハルノアラシ,
2022102498,ライヴバフィ,2025/01/26,1中京9,晴,6,3歳未勝利,16,2,4,103.0,13.0,16,古川吉洋,57.0,芝,2200.0,良,138.7,3.2,3-3-4-4,38.6,472,0,ビゾー,
2022102498,ライヴバフィ,2025/01/12,1中山4,曇,5,3歳未勝利,18,3,5,33.7,8.0,11,木幡巧也,57.0,芝,2000.0,良,123.2,1.2,6-6-5-5,36.6,472,20,ニシノエピカリ,
2022102498,ライヴバフィ,2024/06/30,2福島2,曇,1,2歳未勝利,7,1,1,6.2,3.0,2,木幡巧也,55.0,芝,1800.0,良,108.4,0.2,3-3-4-4,36.0,452,0,ニシノタンギー,220.0
2022102498,ライヴバフィ,2024/06/09,3東京4,曇,5,2歳新馬,11,1,1,137.1,11.0,5,木幡巧也,55.0,芝,1800.0,良,108.4,1.7,3-3-3,35.2,452,0,クロワデュノール,72.0
2021101508,スウィートドリーム,2026/03/19,浦和,曇,6,C1五,12,6,7,14.5,5.0,11,佐野遥久,53.0,ダ,1500.0,良,99.6,2.3,11-8-9-11,40.9,452,-6,エステティーカ,
2021101508,スウィートドリーム,2026/03/03,川崎,雨,9,折鶴蘭賞(C1),9,5,5,110.2,9.0,4,増田充宏,54.0,ダ,1400.0,不,91.7,1.0,9-9-9-8,39.3,458,-1,ブラッドライン,18.0
2021101508,スウィートドリーム,2026/02/05,川崎,晴,9,菜の花賞(C1),13,2,2,117.7,10.0,10,佐野遥久,53.0,ダ,1400.0,良,93.2,1.7,7-8-8-9,40.2,459,-1,エクセルボビー,
2021101508,スウィートドリーム,2026/01/01,川崎,晴,10,23rdゴールデンホ(C1C2),14,3,3,143.9,11.0,13,新原周馬,55.0,ダ,1500.0,稍,99.6,2.9,14-14-13-13,40.6,460,3,ファイヤーウィップ,
2021101508,スウィートドリーム,2025/12/18,川崎,晴,12,キリマンジャロ賞(C1二),14,5,7,87.9,12.0,10,岡村健司,54.0,ダ,1500.0,稍,99.8,3.3,13-13-13-12,40.2,457,7,ファイヤーウィップ,
2021101508,スウィートドリーム,2025/08/25,川崎,晴,7,C1三四五(C1四),11,7,9,22.2,8.0,4,矢野貴之,54.0,ダ,1500.0,良,98.4,1.7,11-11-11-10,40.4,450,3,クロームウルフ,18.0
2021101508,スウィートドリーム,2025/08/08,川崎,晴,12,納涼賞(C1),10,7,8,2.4,1.0,8,矢野貴之,54.0,ダ,1400.0,良,93.2,1.5,10-10-9-8,40.1,447,1,ノッテストラータ,
2021101508,スウィートドリーム,2025/07/11,川崎,曇,10,個性豊かな11の庭あ(C1),13,4,5,10.2,4.0,5,矢野貴之,54.0,ダ,1500.0,重,99.1,0.6,11-12-12-13,40.2,446,-8,プルーフリーダー,12.0
2021101508,スウィートドリーム,2025/06/19,川崎,晴,8,スペリオーレ賞(C1二),12,6,8,12.9,9.0,4,矢野貴之,54.0,ダ,1400.0,良,91.9,0.7,11-11-12-10,39.8,454,5,オリコウキング,27.0
2021101508,スウィートドリーム,2025/05/15,川崎,晴,9,クラセアルタ賞(C1二),10,8,9,15.7,7.0,8,矢野貴之,54.0,ダ,1500.0,稍,99.6,1.4,9-9-9-9,39.5,449,1,カセノラオー,
2021101508,スウィートドリーム,2025/04/10,川崎,曇,9,リムジン賞(C1二),12,2,2,13.3,5.0,7,笹川翼,54.0,ダ,1500.0,稍,99.2,1.0,5-6-7-5,41.7,448,0,ガストン,
2021101508,スウィートドリーム,2024/10/10,川崎,曇,12,ちくさんフードフェア(C1二),11,6,8,3.4,1.0,5,矢野貴之,54.0,ダ,1400.0,重,94.4,0.7,8-8-7-6,40.8,448,8,スカイアクロス,18.0
2021101508,スウィートドリーム,2024/09/18,浦和,曇,7,上里こむぎっち賞(C1),12,8,12,1.6,1.0,1,森泰斗,53.0,ダ,1400.0,良,89.8,-1.0,3-4-2-1,39.7,440,-2,(スピードスター),120.0
2021101508,スウィートドリーム,2024/09/06,川崎,晴,3,啄木鳥特別(3歳),11,7,8,4.1,3.0,3,矢野貴之,54.0,ダ,1500.0,稍,99.1,0.8,3-3-3-2,41.3,442,-3,アスタラビスタ,50.0
2021101508,スウィートドリーム,2024/08/08,川崎,曇,12,鶺鴒特別(3歳),14,4,6,2.0,1.0,4,矢野貴之,54.0,ダ,1500.0,良,99.2,0.8,3-3-1-2,42.1,445,6,キャッスルレーヴ,30.0
2021101508,スウィートドリーム,2024/01/04,川崎,晴,1,花天月地賞(3歳),7,1,1,1.2,1.0,1,矢野貴之,54.0,ダ,1400.0,良,93.8,-1.1,1-1-1-1,41.9,439,-11,(トミサンエンジェル),200.0
2021101508,スウィートドリーム,2023/10/24,門別,晴,5,2歳3組,10,3,3,4.1,1.0,1,桑村真明,54.0,ダ,1600.0,稍,106.4,-0.2,8-6-3-1,41.1,450,-6,(ヤザン),60.0
2021101508,スウィートドリーム,2023/10/12,門別,晴,9,JRA認定ウィナーズ(2歳),11,7,9,11.2,5.0,7,桑村真明,54.0,ダ,1200.0,稍,76.4,1.9,5-5,40.3,456,8,ケンタッキースカイ,
2021101508,スウィートドリーム,2023/09/27,門別,曇,9,JRA認定ウィナーズ(2歳),10,5,5,3.9,2.0,7,桑村真明,54.0,ダ,1700.0,良,113.4,1.3,5-4-4-3,41.8,448,-8,キタノヒーロー,
2021101508,スウィートドリーム,2023/09/13,門別,曇,7,2歳3組,7,4,4,6.4,4.0,3,宮内勇樹,51.0,ダ,1700.0,稍,113.9,0.9,5-5-4-4,39.2,456,12,イケノツバメチャン,12.6
2021101508,スウィートドリーム,2023/08/15,門別,曇,2,2歳未勝利(未勝利),11,1,1,2.3,2.0,1,桑村真明,54.0,ダ,1000.0,良,62.5,-0.8,1-1,38.5,444,4,(ブリリアントゲート),50.0
2021101508,スウィートドリーム,2023/07/18,門別,晴,1,2歳未勝利(未勝利),12,7,10,1.3,1.0,2,阿部龍,54.0,ダ,1000.0,稍,63.0,0.3,3-1,38.6,440,-10,ガルフブリーズ,14.0
2021101508,スウィートドリーム,2023/06/21,門別,晴,5,JRA認定フレッシュ(新馬)(2歳),11,4,4,1.6,1.0,3,阿部龍,54.0,ダ,1200.0,良,77.1,1.0,2-2,40.5,450,0,スノークローバー,52.5
2022107121,ディルブランド,2026/07/14,浦和,晴,5,C2五,11,6,7,6.6,3.0,2,室陽一朗,56.0,ダ,1400.0,良,90.0,0.4,4-6-7-3,38.7,509,0,ファイアスター,40.0
2022107121,ディルブランド,2026/07/08,川崎,晴,4,C2三四,12,8,12,21.4,7.0,7,室陽一朗,56.0,ダ,1400.0,稍,93.2,1.4,6-6-6-8,40.4,509,-10,レモンアイカー,
2022107121,ディルブランド,2026/06/22,浦和,曇,7,C2三四,8,6,6,7.0,4.0,5,室陽一朗,56.0,ダ,1500.0,重,97.9,2.0,3-3-3-2,40.6,519,11,ラインアルテミス,10.0
2022107121,ディルブランド,2026/06/05,船橋,曇,6,C3一,12,4,4,7.6,3.0,2,室陽一朗,58.0,ダ,1500.0,稍,99.9,1.2,1-1-1-1,41.1,508,-4,ジェスコ,35.1
2022107121,ディルブランド,2026/05/25,浦和,晴,9,サツキツツジ特別(C3),11,6,7,3.2,2.0,1,櫻井光輔,56.0,ダ,1500.0,稍,98.9,-0.3,2-2-2-1,39.2,512,-16,(サンタアナウインド),140.0
2022107121,ディルブランド,2026/03/17,浦和,晴,4,C34歳イ,10,1,1,5.6,2.0,2,櫻井光輔,56.0,ダ,1400.0,良,91.4,0.1,3-4-3-2,39.2,528,3,コトリノウタウウタ,32.0
2022107121,ディルブランド,2026/02/28,浦和,晴,6,C34歳ウ,9,8,9,11.4,3.0,2,櫻井光輔,56.0,ダ,1400.0,重,92.9,2.9,4-6-3-3,40.6,525,3,ジーティースワット,32.0
2022107121,ディルブランド,2026/01/09,浦和,晴,2,ランチタイムチャレン(C3),10,4,4,7.9,4.0,3,櫻井光輔,56.0,ダ,1300.0,良,85.1,1.4,7-7-7-6,38.6,522,13,ジーティーアムール,20.0
2022107121,ディルブランド,2025/12/01,水沢,曇,9,C1四組,11,2,2,6.0,5.0,7,佐々木志,56.0,ダ,1600.0,稍,106.2,1.6,9-10-10-10,40.4,509,9,ビスケットマリー,
2022107121,ディルブランド,2025/11/12,盛岡,晴,3,C2二組,10,4,4,1.7,1.0,1,山本聡哉,56.0,ダ,1400.0,良,87.6,-0.4,5-4,38.4,500,-2,(グランクロワ),40.0
2022107121,ディルブランド,2025/11/04,盛岡,晴,4,C2一組,10,8,9,14.4,5.0,5,佐々木志,56.0,ダ,1400.0,稍,87.1,0.4,4-2,37.7,502,4,トウカイディアマン,2.8
2022107121,ディルブランド,2025/10/21,盛岡,曇,3,C2一組,12,8,11,8.1,3.0,6,佐々木志,56.0,ダ,1400.0,良,86.3,1.2,4-4,38.3,498,-2,ルジュウェール,
2022107121,ディルブランド,2025/10/14,盛岡,曇,4,C2一組,10,1,1,5.8,3.0,5,山本聡哉,56.0,ダ,1400.0,良,87.3,1.0,7-5,38.2,500,-4,ヒマラヤベロス,2.8
2022107121,ディルブランド,2025/09/30,水沢,晴,4,C2一組,12,7,10,3.4,2.0,2,山本聡哉,56.0,ダ,1400.0,重,89.5,0.3,4-5-4-2,39.9,504,-6,スカーレットクロス,14.0
2022107121,ディルブランド,2025/08/27,門別,曇,8,静内ロータリークラブ(C3),9,8,8,31.3,6.0,6,桑村真明,57.0,ダ,1200.0,良,76.9,1.0,3-2,39.2,510,2,リトムテール,
2022107121,ディルブランド,2025/08/12,門別,晴,5,3歳以上C4ー3,9,8,10,5.2,2.0,1,桑村真明,57.0,ダ,1200.0,良,76.2,-0.2,8-4,38.6,508,-6,(マイプレスティ),40.0
2022107121,ディルブランド,2025/07/29,門別,晴,10,グランシャリオドリー(C4),12,1,1,139.0,10.0,7,桑村真明,57.0,ダ,1200.0,重,76.6,0.8,12-7,37.8,514,2,エネルゲイア,
2022107121,ディルブランド,2025/07/15,門別,曇,9,夏いちごすずあかね賞(C4),10,4,4,26.2,9.0,10,松井伸也,57.0,ダ,1200.0,稍,78.2,2.3,4-6,40.9,512,-2,ホウヨウムーン,
2022107121,ディルブランド,2025/05/15,門別,曇,2,3歳以上C4ー3,12,8,11,5.4,2.0,2,松井伸也,57.0,ダ,1200.0,良,76.9,0.2,3-3,39.5,514,-4,メフィスト,11.2
2022107121,ディルブランド,2025/03/30,2阪神2,晴,2,3歳未勝利,16,2,3,152.4,13.0,16,藤懸貴志,57.0,ダ,1400.0,良,90.2,4.2,16-16,38.8,518,0,メイショウゴールド,
2022105662,トーセンアデレード,2026/07/13,浦和,曇,7,C2三四,12,3,3,2.3,1.0,7,室陽一朗,54.0,ダ,1500.0,良,97.7,2.0,4-4-4-3,39.6,434,-3,トウカイディアマン,
2022105662,トーセンアデレード,2026/06/23,浦和,曇,6,C2五六,9,6,6,5.3,2.0,1,室陽一朗,54.0,ダ,1400.0,重,89.0,-1.8,1-1-1-1,38.7,437,8,(ナムラミック),100.0
2022105662,トーセンアデレード,2026/05/26,浦和,曇,5,C2五六,12,7,9,22.8,7.0,3,見越彬央,54.0,ダ,1400.0,稍,90.9,0.9,11-10-7-4,39.3,429,3,リッキオ,25.0
2022105662,トーセンアデレード,2026/03/16,浦和,晴,7,C2三四,12,5,5,24.6,6.0,6,見越彬央,54.0,ダ,1500.0,稍,99.4,2.2,5-5-7-5,40.1,426,-4,パブリックスフィア,
2022105662,トーセンアデレード,2026/01/08,浦和,晴,5,ここが好き、やっぱり(C2八),12,5,5,18.6,6.0,1,見越彬央,54.0,ダ,1400.0,良,91.6,-0.1,3-3-4-2,39.8,430,-8,(シンキングモヒート),100.0
2022105662,トーセンアデレード,2025/11/21,川崎,晴,7,C2九,12,7,9,7.7,4.0,4,西啓太,54.0,ダ,1400.0,良,93.3,1.7,5-5-5-3,40.8,438,-2,マルモリアクティブ,15.0
2022105662,トーセンアデレード,2025/10/15,川崎,曇,5,山ノ内賞(C2八),14,3,4,17.8,6.0,6,笹川翼,54.0,ダ,1500.0,稍,99.1,1.7,5-5-6-3,42.4,440,11,リラゲイル,
2022105662,トーセンアデレード,2025/06/02,船橋,曇,1,3歳四,12,1,1,32.8,6.0,9,見越彬央,54.0,ダ,1200.0,稍,78.4,2.3,10-11-10,40.6,429,-7,タイムイズマネー,
2022105662,トーセンアデレード,2025/05/28,浦和,晴,1,3歳六,10,1,1,4.4,3.0,5,矢野貴之,54.0,ダ,1400.0,良,90.6,0.8,4-4-5-5,38.7,436,20,プレストワンダ,16.0
2022105662,トーセンアデレード,2025/03/21,浦和,晴,5,3歳七,12,8,12,3.3,2.0,2,笹川翼,54.0,ダ,1400.0,重,92.2,0.4,4-4-3-2,40.7,416,-15,ヤバネ,64.0
2022105662,トーセンアデレード,2025/02/28,浦和,晴,4,なまずの集いなまずサ(3歳),12,8,11,1.5,1.0,4,見越彬央,54.0,ダ,1400.0,良,93.2,0.5,2-2-2-1,41.9,431,4,サハラフレイバー,24.0
2022105662,トーセンアデレード,2024/12/23,浦和,晴,5,ドリームチャレンジ(2歳),7,7,7,4.3,2.0,3,落合玄太,54.0,ダ,1400.0,良,91.3,2.1,3-3-2-3,41.2,427,0,サヨノゴーステッド,100.0
2022106500,コックリサン,2026/07/08,川崎,晴,12,2026川崎ジョッキ(C2),14,4,6,106.3,13.0,14,野畑凌,54.0,ダ,1500.0,稍,101.4,3.7,14-14-14-14,41.7,413,-4,ベラヴィットーリア,
2022106500,コックリサン,2026/06/17,川崎,晴,8,八幡平ウマッシュルー(C1),8,1,1,162.0,8.0,8,藤江渉,54.0,ダ,1400.0,稍,93.6,2.5,6-6-6-8,41.0,417,6,アオイハナミチ,
2022106500,コックリサン,2026/05/28,浦和,曇,7,祝!吉川市市制施行3(C1),12,8,11,229.0,12.0,12,増田充宏,54.0,ダ,1400.0,良,92.7,2.4,5-7-12-12,41.2,411,-4,アレグリアシチー,
2022106500,コックリサン,2026/05/13,川崎,晴,7,紫丁香花賞(C1),12,5,6,264.7,11.0,12,増田充宏,54.0,ダ,1400.0,良,94.4,3.1,5-5-5-11,41.1,415,1,メイショウマヒロ,
2022106500,コックリサン,2026/04/09,川崎,晴,7,C1三,11,1,1,91.4,9.0,10,加藤雄真,51.0,ダ,1400.0,稍,94.0,1.8,8-8-9-11,40.8,414,-10,アマモト,
2022106500,コックリサン,2026/03/03,川崎,雨,9,折鶴蘭賞(C1),9,4,4,92.1,7.0,9,加藤雄真,51.0,ダ,1400.0,不,93.6,2.9,3-4-7-9,41.5,424,1,ブラッドライン,
2022106500,コックリサン,2025/09/28,水沢,曇,12,オータムティアラ(重賞),12,5,5,23.8,6.0,11,菅原辰徳,54.0,ダ,1900.0,良,131.6,3.3,10-11-11-11,42.5,423,-2,ミナトミナイト,
2022106500,コックリサン,2025/09/14,水沢,晴,7,3歳A,12,4,4,12.7,5.0,10,菅原辰徳,54.0,ダ,1600.0,重,103.6,1.5,5-6-3-5,40.5,425,6,リュウノナポレオン,
2022106500,コックリサン,2025/09/02,盛岡,曇,10,不来方賞(JpnII),12,4,4,627.3,10.0,11,菅原辰徳,54.0,ダ,2000.0,不,127.6,6.4,8-8-9-10,38.7,419,1,ナルカミ,
2022106500,コックリサン,2025/08/17,盛岡,曇,8,碁石海岸賞(3歳),9,7,8,12.0,4.0,5,菅原辰徳,54.0,ダ,1200.0,良,74.1,1.5,5-5,37.6,418,-1,マッセダムール,4.9
2022106500,コックリサン,2025/08/03,盛岡,晴,12,ひまわり賞(重賞),11,8,11,40.9,9.0,2,菅原辰徳,54.0,ダ,1800.0,良,117.6,0.6,4-3-3-2,39.3,419,1,ミナトミナイト,175.0
2022106500,コックリサン,2025/07/20,盛岡,晴,10,やまびこ賞(重賞),11,4,4,54.8,7.0,11,菅原辰徳,54.0,ダ,1800.0,良,118.6,3.2,11-11-11-11,39.0,418,2,サンロックンロール,
2022106500,コックリサン,2025/07/06,盛岡,曇,9,3歳B1,11,4,4,3.4,2.0,5,菅原辰徳,54.0,ダ,1600.0,良,100.1,0.7,6-7,37.7,416,-10,タカマキファイブ,5.6
2022106500,コックリサン,2025/06/22,水沢,曇,7,3歳B1,9,8,8,11.3,5.0,1,菅原辰徳,54.0,ダ,1600.0,良,103.9,-0.2,2-2-1-1,39.8,426,-4,(ピンクノバラ),80.0
2022106500,コックリサン,2025/06/08,水沢,曇,8,3歳B1,10,5,5,10.2,3.0,3,菅原辰徳,54.0,ダ,1600.0,良,104.7,0.3,2-2-1-1,39.2,430,6,タカマキファイブ,16.0
2022106500,コックリサン,2025/05/26,盛岡,曇,7,3歳B2,12,4,4,8.7,3.0,4,菅原辰徳,54.0,ダ,1400.0,稍,88.9,2.0,7-6,39.5,424,4,デザーヴ,9.1
2022106500,コックリサン,2025/05/12,盛岡,曇,7,3歳B1一組,7,1,1,9.8,5.0,6,阿部英俊,54.0,ダ,1400.0,重,88.0,1.9,4-7,37.9,420,-5,サンロックンロール,
2022106500,コックリサン,2025/05/05,盛岡,晴,7,3歳B2一組,10,2,2,1.3,1.0,1,菅原辰徳,54.0,ダ,1400.0,重,88.2,-0.3,5-3,39.3,425,-7,(コウソクマリ),70.0
2022106500,コックリサン,2025/04/22,水沢,晴,6,3歳B2一組,9,3,3,2.0,2.0,2,菅原辰徳,54.0,ダ,1400.0,良,90.6,0.2,3-4-4-2,38.8,432,4,ゲレル,24.5
2022106500,コックリサン,2025/04/08,水沢,曇,5,3歳B2二組,9,5,5,1.5,1.0,2,菅原辰徳,54.0,ダ,1400.0,良,90.8,0.3,3-3-3-2,38.4,428,9,リュウノナポレオン,24.5
2022106500,コックリサン,2025/03/29,水沢,曇,7,3歳C1一組,11,4,4,1.4,1.0,1,菅原辰徳,54.0,ダ,1400.0,稍,91.5,-0.6,2-2-1-1,39.9,419,-8,(ミヤギエクスプレス),60.0
2022106500,コックリサン,2025/03/17,水沢,雪,5,3歳C2二組,9,3,3,15.2,5.0,1,菅原辰徳,54.0,ダ,1300.0,不,82.3,-0.2,2-3-3-3,38.1,427,13,(インディーフィルム),50.0
2022106500,コックリサン,2025/01/19,1中山7,曇,6,3歳1勝クラス,16,3,5,373.3,11.0,16,小林美駒,51.0,ダ,1200.0,良,76.0,4.3,16-16,37.9,414,0,エコロアゼル,
2022106500,コックリサン,2024/12/21,5中山7,晴,7,2歳1勝クラス,16,4,7,216.1,14.0,11,小林美駒,51.0,ダ,1200.0,良,74.1,2.8,15-15,37.0,414,-4,カネショウレジェン,
2022106500,コックリサン,2024/12/15,5中山6,晴,2,2歳未勝利,16,3,6,270.3,13.0,11,木幡初也,55.0,ダ,1800.0,良,119.0,3.0,3-3-3-4,41.4,418,4,オーケーマヒナ,
2022106500,コックリサン,2024/10/05,4東京1,小雨,3,2歳未勝利,9,5,5,200.3,7.0,8,木幡初也,55.0,芝,1800.0,良,110.5,1.6,2-2-2,35.7,414,-10,コンフォルツァ,
2022106500,コックリサン,2024/09/16,3中京5,晴,2,2歳未勝利,10,5,5,55.0,8.0,8,木幡初也,55.0,ダ,1800.0,稍,117.6,1.9,3-2-5-5,40.6,424,0,パワーストーン,
2022106500,コックリサン,2024/08/31,3新潟7,曇,5,2歳新馬,7,1,1,33.6,5.0,6,大江原比,51.0,芝,2000.0,良,129.6,1.2,6-6-6-6,35.8,424,0,ヴィンセンシオ,
2024101832,ジョリージャイヴ,2026/07/10,川崎,晴,3,スパーキングデビュー(2歳),4,1,1,,,除,野畑凌,54.0,ダ,900.0,良,,,,,,,ガーキンバイパー,
2021101628,フリージングフォグ,2025/11/23,金沢,晴,9,B28特別編成(B2特別),11,7,9,3.8,2.0,1,吉原寛人,55.0,ダ,1500.0,稍,98.0,-0.6,1-1-1-1,40.8,475,6,(シェルターベルト),50.0
2021101628,フリージングフォグ,2025/10/28,金沢,曇,12,グリーンチャンネル開(B2),12,3,3,61.6,7.0,11,兼子千央,55.0,ダ,1400.0,稍,93.8,3.8,1-2-7-9,43.1,469,-4,レギウス,
2021101628,フリージングフォグ,2025/10/07,金沢,曇,10,B14,11,7,9,35.8,4.0,7,栗原大河,55.0,ダ,1500.0,良,99.0,2.5,1-2-3-4,43.2,473,0,メイショウヒメゴゼ,
2021101628,フリージングフォグ,2025/09/23,金沢,曇,10,B14,7,2,2,2.7,2.0,4,吉原寛人,55.0,ダ,1500.0,良,97.6,0.9,1-1-1-1,40.4,473,-1,ライズタイガ,6.6
2021101628,フリージングフォグ,2025/07/27,金沢,晴,11,石崎奉燈祭賞(B1),6,1,1,3.6,2.0,4,吉原寛人,55.0,ダ,1400.0,良,90.1,0.8,1-1-1-2,39.9,474,-2,スライスヘリテージ,6.6
2021101628,フリージングフォグ,2025/07/07,金沢,晴,10,しゃいに?石川☆彩夏(B2),7,3,3,1.1,1.0,1,吉原寛人,55.0,ダ,1500.0,良,96.3,-0.4,1-1-1-1,38.7,476,-2,(ウインエイムハイ),50.0
2021101628,フリージングフォグ,2025/06/23,金沢,曇,10,英之&光則、山形から(B2),9,2,2,2.7,2.0,2,吉原寛人,55.0,ダ,1500.0,不,95.5,0.6,1-1-1-2,40.5,478,-2,プルスウルトラ,16.0
2021101628,フリージングフォグ,2025/06/10,金沢,雨,12,金沢競馬B2プレミア,10,2,2,4.3,3.0,9,吉原寛人,55.0,ダ,1400.0,稍,89.5,2.2,1-1-3-5,40.7,480,-5,ハートロック,
2021101628,フリージングフォグ,2025/05/26,金沢,曇,8,能登が示す、ふるさと(B2),10,8,10,1.3,1.0,4,加藤翔馬,55.0,ダ,1500.0,重,96.8,0.6,1-1-1-1,40.3,485,2,イテザ,6.0
2021101628,フリージングフォグ,2025/05/06,金沢,曇,8,祝結婚!龍生と舞香の(C1),9,7,7,1.1,1.0,1,加藤翔馬,55.0,ダ,1500.0,稍,96.5,-1.8,1-1-1-1,40.4,483,4,(トップタルマエ),45.0
2021101628,フリージングフォグ,2025/04/13,金沢,曇,4,C24,10,3,3,1.1,1.0,1,吉原寛人,55.0,ダ,1400.0,稍,89.8,-1.6,1-1-1-1,38.3,479,1,(タニオブカンナ),43.0
2021101628,フリージングフォグ,2025/03/13,名古屋,曇,3,C13組,12,6,8,1.4,1.0,1,宮下瞳,52.0,ダ,1500.0,重,96.7,-1.2,1-1-1,39.1,478,-9,(アンガイガンバルド),50.0
2021101628,フリージングフォグ,2025/02/26,名古屋,晴,12,矢作古川特別(C),11,8,10,10.1,3.0,3,宮下瞳,52.0,ダ,1700.0,良,113.1,0.3,1-1-1,41.3,487,4,リーゼントキャロル,13.0
2021101628,フリージングフォグ,2025/02/10,名古屋,晴,5,C27組,11,5,5,1.1,1.0,1,宮下瞳,52.0,ダ,1400.0,稍,93.6,-0.7,1-1-1,39.4,483,10,(アノヒノアヤマチ),50.0
2021101628,フリージングフォグ,2024/12/29,園田,晴,8,C1,9,2,2,2.6,1.0,5,小牧太,54.0,ダ,820.0,良,51.6,0.4,3-1,37.6,473,-4,スマッシュヒット,10.0
2021101628,フリージングフォグ,2024/12/19,園田,晴,7,C2二,10,4,4,5.8,3.0,3,小牧太,54.0,ダ,1400.0,良,92.6,0.8,1-1-1-1,40.1,477,33,ドーンコーラス,14.0
2021101628,フリージングフォグ,2024/02/03,1東京3,晴,1,3歳未勝利,16,3,5,3.7,2.0,8,横山武史,55.0,ダ,1400.0,良,89.7,2.9,1-1,39.4,444,0,カピリナ,
2020105190,ウインプリームス,2026/07/08,川崎,晴,4,C2三四,12,5,6,5.1,3.0,6,佐野遥久,54.0,ダ,1400.0,稍,93.2,1.4,4-4-4-5,40.6,456,3,レモンアイカー,
2020105190,ウインプリームス,2026/06/16,川崎,晴,5,C2一二,12,3,3,21.9,6.0,2,新原周馬,54.0,ダ,1400.0,稍,91.8,0.1,1-1-1-1,40.6,453,11,ライヴバフィ,40.0
2020105190,ウインプリームス,2026/05/14,川崎,晴,4,C2五六,12,5,5,11.0,3.0,1,新原周馬,54.0,ダ,1400.0,良,92.6,0.0,4-4-4-2,39.4,442,6,(トンヤイビーン),100.0
2020105190,ウインプリームス,2026/04/08,川崎,晴,6,夢見ヶ崎賞(C2),12,8,12,5.8,3.0,4,佐野遥久,53.0,ダ,1400.0,稍,93.9,0.5,3-3-3-4,41.6,436,-4,サウスオブロンドン,15.0
2020105190,ウインプリームス,2026/03/19,浦和,曇,5,C2八九,12,2,2,45.0,8.0,5,佐野遥久,53.0,ダ,1500.0,良,98.6,1.4,8-8-7-5,38.2,440,6,ジーティースワット,10.0
2020105190,ウインプリームス,2026/03/04,川崎,曇,3,C2七,12,7,9,8.1,4.0,4,佐野遥久,53.0,ダ,1400.0,不,92.2,0.6,3-3-1-3,39.7,434,-8,ゼンダントモニ,15.0
2020105190,ウインプリームス,2026/02/05,川崎,晴,6,C2六七,12,2,2,15.3,3.0,7,佐野遥久,53.0,ダ,1400.0,良,93.5,1.2,2-1-5-6,41.4,442,-2,フジュム,
2020105190,ウインプリームス,2026/01/01,川崎,晴,7,二鷹賞(C2),13,7,11,6.9,3.0,6,佐野遥久,53.0,ダ,1400.0,稍,93.8,0.8,4-6-7-8,41.2,444,-1,ベルレオーネ,
2020105190,ウインプリームス,2025/12/19,川崎,晴,8,ありがとう今野忠成騎(C2),9,3,3,17.1,6.0,2,佐野遥久,53.0,ダ,1400.0,稍,91.8,0.1,4-3-5-4,40.9,445,-2,マッセダムール,40.0
2020105190,ウインプリームス,2025/11/17,川崎,晴,6,フルーツタルト賞(C2),12,3,3,61.6,10.0,5,佐野遥久,53.0,ダ,1400.0,良,92.3,0.3,6-6-6-6,41.0,447,-5,クウレイナニ,10.0
2020105190,ウインプリームス,2025/10/13,川崎,曇,8,極楽寺賞(C2二),11,6,8,3.7,2.0,7,山中悠希,54.0,ダ,1400.0,良,93.7,1.6,1-2-2-4,42.0,452,7,グローリアスゾスマ,
2020105190,ウインプリームス,2025/09/08,川崎,晴,6,チョコミント賞(C2),12,8,11,4.3,3.0,7,野畑凌,54.0,ダ,1400.0,稍,94.2,1.4,6-4-3-2,42.2,445,-9,ハナチルサト,
2020105190,ウインプリームス,2025/08/22,川崎,晴,4,C2三四五(C2四),11,1,1,1.2,1.0,2,野畑凌,54.0,ダ,1400.0,良,92.8,0.1,1-1-1-1,40.2,454,11,ヴァルトビューネ,40.0
2020105190,ウインプリームス,2025/08/05,川崎,晴,7,C2四五六(C2五),8,5,5,4.7,3.0,2,野畑凌,54.0,ダ,1400.0,良,90.9,0.1,2-2-1-2,38.5,443,3,ショウナンマンテン,40.0
2020105190,ウインプリームス,2025/07/09,川崎,晴,6,C2四五六(C2五),11,8,11,3.3,1.0,3,笹川翼,54.0,ダ,1400.0,良,92.7,0.3,2-3-3-3,40.7,440,-8,ユウキヒャクバイ,25.0
2020105190,ウインプリームス,2025/06/20,川崎,晴,8,C2六七八(C2七),10,7,8,2.5,1.0,1,笹川翼,54.0,ダ,1400.0,良,92.3,-0.1,1-2-1-1,41.1,448,2,(ベリーク),100.0
2020105190,ウインプリームス,2025/05/15,川崎,晴,3,C2六七,10,8,9,10.0,5.0,6,野畑凌,54.0,ダ,1400.0,稍,93.7,0.9,2-2-2-2,41.6,446,-8,オースター,
2020105190,ウインプリームス,2025/04/09,川崎,晴,7,夢見ヶ崎賞(C2七),12,5,6,20.3,7.0,6,野畑凌,54.0,ダ,1400.0,稍,94.3,1.8,5-7-7-6,41.1,454,8,エイシンゾディアク,
2020105190,ウインプリームス,2024/08/06,川崎,曇,6,チョコバナナ賞(C2),10,2,2,10.3,5.0,3,佐野遥久,51.0,ダ,1400.0,良,92.5,0.7,5-5-5-2,41.2,446,-3,リコールイーズ,25.0
2020105190,ウインプリームス,2024/07/25,川崎,曇,12,麦藁菊賞(C2四),14,6,10,19.9,7.0,3,佐野遥久,51.0,ダ,1500.0,良,98.5,0.9,1-1-1-1,40.2,449,6,ダートレイジング,25.0
2020105190,ウインプリームス,2024/07/05,川崎,晴,7,ガトーショコラ賞(C2),10,3,3,5.9,3.0,4,佐野遥久,51.0,ダ,1400.0,良,93.0,1.3,6-6-5-4,39.9,443,-2,ゴールデンレディー,15.0
2020105190,ウインプリームス,2024/06/10,川崎,曇,7,ミルフィーユ賞(C2),12,3,3,5.6,2.0,9,藤本現暉,54.0,ダ,1400.0,重,94.6,2.2,6-4-3-5,43.5,445,3,シンデレラサマー,
2020105190,ウインプリームス,2024/05/10,川崎,晴,7,C2六七,10,1,1,2.5,1.0,1,野畑凌,54.0,ダ,1400.0,良,91.8,-0.6,1-1-1-1,39.3,442,5,(ゲンパチノーブル),100.0
2020105190,ウインプリームス,2024/04/04,川崎,曇,6,C2六七,10,4,4,3.1,2.0,7,野畑凌,54.0,ダ,1400.0,重,95.1,2.3,2-3-4-4,43.0,437,-3,ブラウオリゾン,
2020105190,ウインプリームス,2024/03/14,川崎,晴,5,折鶴蘭賞(C2七),11,8,11,6.9,3.0,7,野畑凌,54.0,ダ,1500.0,稍,101.5,0.9,2-2-1-2,41.6,440,-8,サングラデーション,
2020105190,ウインプリームス,2024/01/31,川崎,晴,8,C2五六七(C2六),12,5,6,7.4,3.0,2,山崎誠士,54.0,ダ,1400.0,良,93.1,0.3,5-5-4-3,40.9,448,4,カネトシケッソク,40.0
2020105190,ウインプリームス,2024/01/05,川崎,晴,2,C2九十,10,6,6,8.7,3.0,2,野畑凌,54.0,ダ,1400.0,良,93.5,0.3,7-8-8-6,40.2,444,-6,エアアレクサンドラ,40.0
2020105190,ウインプリームス,2023/12/12,川崎,曇,5,雉鳩特別(3歳),13,5,6,4.9,4.0,4,野畑凌,54.0,ダ,1500.0,稍,102.1,0.4,3-3-1-2,42.5,450,-6,ロットゥーラ,27.0
2020105190,ウインプリームス,2023/10/20,名古屋,曇,4,のりつぐ君誕生80周(C),12,7,10,2.1,1.0,1,塚本征吾,54.0,ダ,1500.0,良,96.9,-0.9,3-3-1,39.5,456,7,(カムアウトロール),45.0
2020105190,ウインプリームス,2023/10/06,名古屋,晴,3,タケポソ杯不惑記念(C),12,3,3,2.7,2.0,4,塚本征吾,54.0,ダ,1500.0,稍,98.7,0.7,8-7-6,40.7,449,-4,トップマジェスティ,6.8
2020105190,ウインプリームス,2023/09/22,名古屋,晴,7,トイグループ記念(3歳),9,3,3,1.7,1.0,8,塚本征吾,54.0,ダ,1500.0,重,98.4,1.4,1-3-2,41.1,453,-4,ハングリーゴースト,
2020105190,ウインプリームス,2023/09/06,名古屋,雨,6,廻芽くる毎日プリティ(3歳),10,1,1,3.5,2.0,1,塚本征吾,54.0,ダ,1500.0,重,94.8,-2.1,4-1-1,38.4,457,3,(マインツァー),46.0
2020105190,ウインプリームス,2023/08/22,名古屋,晴,8,3歳6組,12,7,9,7.8,4.0,1,塚本征吾,54.0,ダ,1500.0,良,96.7,-0.1,3-3-2,39.0,454,1,(リンガススウィート),46.0
2020105190,ウインプリームス,2023/08/08,名古屋,晴,7,はちさん誕生日記念杯(3歳),11,2,2,6.1,2.0,3,塚本征吾,54.0,ダ,1500.0,良,99.2,0.7,4-4-2,40.6,453,-6,マインツァー,9.2
2020105190,ウインプリームス,2023/07/26,名古屋,晴,7,3歳8組,11,6,7,5.6,2.0,2,塚本征吾,54.0,ダ,1500.0,良,97.0,1.2,7-7-7,38.8,459,6,ファイナルソード,16.1
2020105190,ウインプリームス,2023/06/29,名古屋,晴,7,3歳10組,11,8,11,3.4,2.0,2,塚本征吾,54.0,ダ,1500.0,重,98.2,0.3,4-1-3,40.5,453,1,トゥインクルナイト,17.5
2020105190,ウインプリームス,2023/06/16,名古屋,晴,2,3歳11組,12,3,3,36.7,10.0,3,細川智史,54.0,ダ,1500.0,良,98.2,0.2,6-4-1,40.8,452,-11,ロッキープラネット,10.0
2020105190,ウインプリームス,2023/06/02,名古屋,雨,2,3歳9組,12,7,9,63.1,10.0,6,塚本征吾,54.0,ダ,1500.0,不,99.1,1.6,8-8-8,40.8,463,15,ブロードアクト,
2020105190,ウインプリームス,2023/04/16,1福島4,晴,3,3歳未勝利,15,5,9,273.3,13.0,13,黛弘人,54.0,ダ,1700.0,稍,112.6,5.6,15-14-15-15,40.4,448,-8,アナベルヒマワリ,
2020105190,ウインプリームス,2023/01/08,1中山3,晴,6,3歳新馬,17,5,10,113.8,13.0,17,永野猛蔵,53.0,芝,2000.0,良,137.9,14.8,17-17-17-17,45.0,456,0,オルソビアンコ,
2022105865,ボールドポリシー,2026/07/08,川崎,晴,4,C2三四,12,4,4,6.5,4.0,2,新原周馬,54.0,ダ,1400.0,稍,92.4,0.6,1-1-1-1,40.4,479,0,レモンアイカー,40.0
2022105865,ボールドポリシー,2026/06/17,川崎,晴,5,C2三四,12,2,2,29.6,7.0,2,望月洵輝,54.0,ダ,1400.0,稍,91.6,0.0,1-1-1-1,38.8,479,-1,フェアーメロディ,40.0
2022105865,ボールドポリシー,2026/05/12,川崎,晴,7,C2三四,12,5,6,23.5,6.0,8,佐藤翔馬,51.0,ダ,1400.0,良,93.5,1.9,12-12-11-10,40.3,480,9,オリコウパラダイス,
2022105865,ボールドポリシー,2026/02/04,川崎,晴,4,C2四五,12,8,12,10.3,4.0,11,町田直希,54.0,ダ,1400.0,良,94.3,1.3,12-12-12-12,40.1,471,1,ベルレオーネ,
2022105865,ボールドポリシー,2025/12/17,川崎,晴,6,C2三四,12,8,12,15.7,4.0,7,本橋孝太,54.0,ダ,1400.0,稍,93.7,1.4,11-10-10-9,39.6,470,-5,ソリスディエス,
2022105865,ボールドポリシー,2025/11/17,川崎,晴,6,フルーツタルト賞(C2),12,7,10,36.7,8.0,7,町田直希,54.0,ダ,1400.0,良,92.5,0.5,11-11-11-9,40.2,475,0,クウレイナニ,
2022105865,ボールドポリシー,2025/10/14,川崎,曇,5,金沢競馬大雨災害復興(C2五),12,5,5,7.6,4.0,3,山崎誠士,54.0,ダ,1400.0,良,92.4,0.4,8-8-9-6,40.4,475,-2,ニシノヤングマン,25.0
2022105865,ボールドポリシー,2025/08/22,川崎,晴,2,鶫賞(3歳),12,3,3,8.6,4.0,9,山崎誠士,54.0,ダ,1500.0,良,100.0,1.8,3-3-3-3,42.9,477,3,ポッドソル,
2022105865,ボールドポリシー,2025/08/08,川崎,晴,7,翡翠賞(3歳),10,8,10,1.7,1.0,10,笹川翼,54.0,ダ,1500.0,良,103.7,4.7,2-2-2-3,46.8,474,10,ノーブルクリード,
2022105865,ボールドポリシー,2025/03/05,川崎,雨,7,アクアマリンフラワー(3歳),11,1,1,7.5,4.0,4,山崎誠士,54.0,ダ,1400.0,不,92.8,0.9,10-9-7-5,40.0,464,10,ランニングホット,37.5
2022105865,ボールドポリシー,2024/11/14,川崎,曇,2,スパーキングデビュー(2歳),7,6,6,1.0,1.0,1,山崎誠士,54.0,ダ,1400.0,良,93.6,-0.1,5-5-3-3,40.1,454,0,(ブリテン),400.0
2022107009,マッセダムール,2026/07/09,川崎,晴,6,C2一二,6,3,3,4.3,3.0,2,笹川翼,54.0,ダ,1400.0,良,92.3,0.2,1-2-1-1,38.8,453,-3,ライヴバフィ,40.0
2022107009,マッセダムール,2026/06/18,川崎,曇,9,スフィーダ賞(C1),11,3,3,7.4,2.0,11,御神本訓,54.0,ダ,1500.0,重,99.8,3.2,3-3-7-8,42.7,456,10,メイショウマヒロ,
2022107009,マッセダムール,2026/05/11,川崎,晴,9,C2一二,10,3,3,2.8,1.0,2,御神本訓,54.0,ダ,1400.0,良,91.6,0.4,3-4-5-3,39.0,446,5,ゼンダントモニ,40.0
2022107009,マッセダムール,2026/02/02,川崎,晴,8,モナコ賞(C2),14,1,1,5.4,3.0,5,新原周馬,54.0,ダ,1500.0,良,100.2,1.3,4-4-4-4,41.7,441,-2,ホースワン,15.0
2022107009,マッセダムール,2026/01/04,川崎,晴,8,熊手賞(C2),14,3,3,2.2,1.0,2,新原周馬,54.0,ダ,1400.0,稍,92.6,0.2,4-3-3-3,41.3,443,-2,オルペラー,40.0
2022107009,マッセダムール,2025/12/19,川崎,晴,8,ありがとう今野忠成騎(C2),9,4,4,2.7,1.0,1,新原周馬,54.0,ダ,1400.0,稍,91.7,-0.1,2-2-2-2,41.0,445,-2,(ウインプリームス),100.0
2022107009,マッセダムール,2025/11/17,川崎,晴,6,フルーツタルト賞(C2),12,6,7,8.3,4.0,6,新原周馬,54.0,ダ,1400.0,良,92.4,0.4,3-4-1-4,41.4,447,4,クウレイナニ,
2022107009,マッセダムール,2025/09/14,水沢,晴,6,3歳B1,10,8,10,1.4,1.0,1,山本聡哉,54.0,ダ,1400.0,重,88.5,-0.5,1-2-1-1,38.7,443,4,(バイアメ),80.0
2022107009,マッセダムール,2025/09/02,盛岡,小雨,5,楽天競馬×楽天モバイ(3歳B2),11,6,6,1.1,1.0,1,山本聡哉,54.0,ダ,1400.0,稍,86.9,-0.7,1-1,37.1,439,1,(ドレイク),70.0
2022107009,マッセダムール,2025/08/17,盛岡,曇,8,碁石海岸賞(3歳),9,7,7,2.1,1.0,1,山本聡哉,54.0,ダ,1200.0,良,72.6,-0.2,1-1,36.7,438,3,(サンカリプソ),70.0
2022107009,マッセダムール,2025/07/27,盛岡,曇,6,3歳C2一組,12,7,9,1.6,1.0,1,山本聡哉,54.0,ダ,1200.0,良,73.4,-0.4,2-2,37.3,435,0,(ミツカネスコーピオ),50.0
2022107009,マッセダムール,2025/07/15,盛岡,小雨,1,3歳C2五組,12,2,2,6.2,4.0,1,山本聡哉,54.0,ダ,1200.0,良,74.2,-1.0,1-1,37.8,435,13,(ジェイルブレイク),50.0
2022107009,マッセダムール,2025/05/31,2京都11,曇,4,3歳未勝利,17,3,5,266.9,17.0,15,菱田裕二,55.0,芝,1400.0,良,82.8,1.5,12-12,36.1,422,-2,ダンツアトム,
2022107009,マッセダムール,2025/03/29,2中京5,曇,1,3歳未勝利,16,6,12,42.9,9.0,12,川端海翼,52.0,ダ,1400.0,稍,87.9,3.9,7-11,39.3,424,2,キョラムン,
2022107009,マッセダムール,2025/01/19,1中京7,曇,5,3歳新馬,18,8,17,176.3,18.0,17,菱田裕二,55.0,芝,2000.0,良,126.3,2.5,2-3-6-6,35.9,422,0,セナスタイル,
2021102440,カレンメラメーラ,2026/07/06,川崎,曇,6,稲光賞(C2),12,6,7,30.9,6.0,10,岡村裕基,54.0,ダ,900.0,重,56.9,1.4,6-9,38.8,473.0,3.0,セッカチドラゴン,
2021102440,カレンメラメーラ,2026/06/16,川崎,晴,4,C2一二,12,8,11,169.7,11.0,6,櫻井光輔,54.0,ダ,1400.0,稍,93.4,1.6,2-3-2-5,42.1,470.0,9.0,フィリグラン,
2021102440,カレンメラメーラ,2026/05/11,川崎,晴,8,C2一二,10,8,9,94.7,10.0,6,岡村裕基,54.0,ダ,1400.0,良,93.5,0.9,3-2-1-5,40.4,461.0,-7.0,ヒソカ,
2021102440,カレンメラメーラ,2026/04/06,川崎,晴,12,錨草賞(C2),13,5,6,77.1,9.0,5,櫻井光輔,54.0,ダ,1500.0,重,98.8,0.4,1-1-1-3,41.2,468.0,0.0,ジンガー,15.0
2021102440,カレンメラメーラ,2026/03/02,川崎,曇,5,C2一二,11,5,5,49.3,9.0,11,櫻井光輔,54.0,ダ,1400.0,稍,93.9,2.4,2-2-2-6,42.4,468.0,1.0,モコモコ,
2021102440,カレンメラメーラ,2026/02/03,川崎,晴,5,C2二三,12,3,3,50.0,8.0,4,櫻井光輔,54.0,ダ,1400.0,良,94.1,0.6,1-1-1-1,40.4,467.0,4.0,メイショウマチルダ,15.0
2021102440,カレンメラメーラ,2026/01/04,川崎,晴,7,南天賞(C2),14,5,8,91.9,9.0,4,櫻井光輔,54.0,ダ,1400.0,稍,93.4,0.7,1-1-1-3,41.6,463.0,1.0,ホースワン,15.0
2021102440,カレンメラメーラ,2025/12/16,川崎,晴,9,まつだ桜まつり賞(C1),12,7,10,81.3,10.0,8,櫻井光輔,54.0,ダ,1400.0,重,94.8,2.7,11-12-12-12,41.5,462.0,7.0,ロアリングフレイム,
2021102440,カレンメラメーラ,2025/11/18,川崎,晴,7,C1四五六(C1五),12,8,12,109.5,11.0,7,藤江渉,54.0,ダ,1400.0,良,93.7,1.5,2-2-2-2,42.1,455.0,-8.0,シャトルトウショウ,
2021102440,カレンメラメーラ,2025/10/12,佐賀,晴,10,長崎街道佐賀宿特選(C1),11,3,3,86.6,8.0,11,林悠翔,51.0,ダ,1300.0,良,86.3,2.8,3-3-7-10,41.3,463.0,4.0,アマルフィー,
2021102440,カレンメラメーラ,2025/09/30,佐賀,曇,11,セプテンバー特選(C1),11,6,6,48.4,8.0,9,城野慈尚,53.0,ダ,1800.0,稍,121.8,3.5,4-4-7-9,42.5,459.0,2.0,ベルノレイズ,
2021102440,カレンメラメーラ,2025/09/13,佐賀,曇,10,長崎街道神埼宿特選(C1),10,1,1,44.5,7.0,10,山下裕貴,54.0,ダ,1300.0,稍,85.0,1.6,3-3-3-3,39.9,457.0,-4.0,パワポケプリメーロ,
2021102440,カレンメラメーラ,2025/08/30,佐賀,曇,9,AIパッカル賞(C1),9,4,4,2.4,2.0,4,林悠翔,51.0,ダ,1400.0,良,93.8,1.3,3-3-3-3,41.0,461.0,1.0,カシノナイスガイ,5.0
2021102440,カレンメラメーラ,2025/08/09,佐賀,曇,7,C1ー4組,11,6,6,9.6,4.0,3,竹吉徹,54.0,ダ,1400.0,不,91.4,0.5,2-2-2-2,40.3,460.0,0.0,シュヴァルツナーガ,7.6
2021102440,カレンメラメーラ,2025/07/19,佐賀,雨,10,ジュライ特選(C1),12,7,10,4.7,3.0,12,林悠翔,51.0,ダ,1750.0,不,120.1,4.4,7-8-12-12,42.8,460.0,5.0,トップリーチ,
2021102440,カレンメラメーラ,2025/03/25,高知,晴,9,君がいないと寂しい特(C3),10,1,1,6.8,5.0,10,多田羅誠,54.0,ダ,1400.0,良,96.3,3.1,4-4-6-7,42.9,455.0,-4.0,ポピュラーソング,
2021102440,カレンメラメーラ,2025/03/11,高知,曇,7,ヒナギク特別(C3),8,7,7,4.9,2.0,6,多田羅誠,54.0,ダ,1400.0,重,92.3,1.5,1-1-1-2,40.6,459.0,4.0,ラプラス,
2021102440,カレンメラメーラ,2025/03/04,高知,雨,5,大浦悠理卒業記念特別(C3),12,7,10,2.2,1.0,2,多田羅誠,54.0,ダ,1300.0,不,83.0,0.4,2-2-2-2,39.3,455.0,-6.0,リワードマーリン,21.0
2021102440,カレンメラメーラ,2025/02/18,高知,晴,7,ジンチョウゲ特別(C3),11,1,1,6.1,2.0,6,多田羅誠,54.0,ダ,1600.0,稍,109.5,0.9,5-5-6-6,41.2,461.0,1.0,シュトローム,
2021102440,カレンメラメーラ,2025/02/04,高知,晴,4,C3ー5,8,2,2,1.8,1.0,1,多田羅誠,54.0,ダ,1400.0,重,93.2,-0.2,1-1-1-1,41.3,460.0,-1.0,(クリノヴァニラ),60.0
2021102440,カレンメラメーラ,2025/01/21,高知,晴,5,C3ー4,9,7,7,2.7,2.0,6,多田羅誠,54.0,ダ,1400.0,稍,96.7,1.5,1-1-1-1,43.4,461.0,3.0,ビックス,
2021102440,カレンメラメーラ,2025/01/06,高知,晴,2,C3ー5,10,8,9,3.2,2.0,2,多田羅誠,54.0,ダ,1300.0,重,84.2,0.2,1-1-1-1,39.0,458.0,-8.0,コスモメイゲツ,21.0
2021102440,カレンメラメーラ,2024/12/21,高知,晴,3,アカムツ特別(C3),10,6,7,2.1,1.0,2,多田羅誠,54.0,ダ,1300.0,良,86.9,0.3,2-2-2-2,41.5,466.0,11.0,ノーブルシェイド,21.0
2021102440,カレンメラメーラ,2024/12/07,高知,晴,4,シラス特別(C3),12,8,12,1.8,1.0,2,多田羅誠,54.0,ダ,1400.0,良,94.6,0.5,1-1-1-1,42.9,455.0,-4.0,トレイントレイン,21.0
2021102440,カレンメラメーラ,2024/11/03,高知,晴,6,土佐秋月賞(重賞),11,3,3,14.5,3.0,5,多田羅誠,54.0,ダ,1600.0,不,106.6,2.0,1-1-1-2,41.0,459.0,4.0,シンメデージー,80.0
2021102440,カレンメラメーラ,2024/08/03,高知,晴,5,岡山県ももたろう特別(3歳),11,8,10,1.8,1.0,1,多田羅誠,54.0,ダ,1600.0,良,108.2,-0.4,1-1-1-1,41.2,455.0,10.0,(ダンスハーツ),60.0
2021102440,カレンメラメーラ,2024/07/21,高知,晴,6,タチウオ特別(3歳),9,1,1,,,取,多田羅誠,54.0,ダ,1600.0,稍,,,,,,,フライツァイト,
2021102440,カレンメラメーラ,2024/07/06,高知,晴,8,3歳ー1,8,4,4,2.3,2.0,1,多田羅誠,54.0,ダ,1600.0,稍,107.5,-0.5,1-1-1-1,40.8,445.0,-13.0,(バレンタインガール),60.0
2021102440,カレンメラメーラ,2024/06/22,高知,雨,2,3歳ー3,10,8,11,1.0,1.0,1,多田羅誠,54.0,ダ,1300.0,不,84.2,-0.1,2-2-3-1,40.4,458.0,1.0,(ビックス),60.0
2021102440,カレンメラメーラ,2024/06/09,高知,雨,4,3歳ー4,11,7,8,1.3,1.0,1,多田羅誠,54.0,ダ,1400.0,不,91.4,-0.9,2-2-2-1,40.8,457.0,-3.0,(マフティ),60.0
2021102440,カレンメラメーラ,2024/05/26,高知,曇,2,3歳ー5,9,1,1,1.0,1.0,1,多田羅誠,54.0,ダ,1300.0,稍,85.3,-1.5,1-1-1-1,40.2,460.0,-3.0,(リオマカニ),60.0
2021102440,カレンメラメーラ,2024/05/12,高知,雨,1,健祝46歳記念特別(3歳),8,1,1,2.5,2.0,1,多田羅誠,54.0,ダ,1600.0,不,106.6,-1.7,1-1-1-1,40.0,463.0,27.0,(ゴールドプレイ),60.0
2021102440,カレンメラメーラ,2023/10/22,2京都7,晴,4,2歳新馬,12,6,7,7.0,4.0,9,松山弘平,55.0,ダ,1200.0,良,75.0,2.4,12-12,37.0,436.0,0.0,ミライテーラー,
2021105186,シンボルザサン,2025/12/16,川崎,晴,12,寄ロウバイまつり賞(C1),14,7,12,9.2,5.0,8,新原周馬,56.0,ダ,1500.0,重,100.9,2.6,8-9-8-9,43.6,442,-4,ベネディット,
2021105186,シンボルザサン,2025/11/18,川崎,晴,8,C1四五六(C1五),12,7,9,6.4,3.0,4,新原周馬,56.0,ダ,1400.0,良,93.4,1.1,5-5-3-4,40.7,446,7,モンド,18.0
2021105186,シンボルザサン,2025/10/13,川崎,曇,8,極楽寺賞(C2二),11,8,12,5.5,3.0,2,新原周馬,56.0,ダ,1400.0,良,92.6,0.5,5-6-4-3,40.4,439,-2,グローリアスゾスマ,60.0
2021105186,シンボルザサン,2025/09/22,浦和,晴,9,秋晴特別(C2),13,6,9,29.0,7.0,6,新原周馬,56.0,ダ,1400.0,稍,90.7,1.3,10-11-10-9,38.5,441,3,フブキ,
2021105186,シンボルザサン,2025/09/10,川崎,晴,6,C2三四,12,5,6,17.7,6.0,1,新原周馬,56.0,ダ,1400.0,良,93.2,-0.3,10-10-6-4,40.8,438,0,(エイカイゴールド),100.0
2021105186,シンボルザサン,2025/08/22,川崎,晴,4,C2三四五(C2四),11,2,2,25.4,5.0,9,増田充宏,56.0,ダ,1400.0,良,94.5,1.8,4-3-4-4,41.5,438,-2,ヴァルトビューネ,
2021105186,シンボルザサン,2025/08/05,川崎,晴,8,C2四五六(C2五),11,1,1,6.4,3.0,9,増田充宏,56.0,ダ,1400.0,良,94.3,1.7,7-7-9-8,41.2,440,4,タツノキセキ,
2021105186,シンボルザサン,2025/07/08,川崎,晴,6,キャビア賞(C2二),12,3,3,11.4,5.0,8,増田充宏,56.0,ダ,1400.0,良,93.8,1.7,5-5-7-5,41.1,436,-1,アレグリアシチー,
2021105186,シンボルザサン,2025/06/17,川崎,晴,8,インフィオラータ賞(C2),12,8,12,7.6,4.0,5,増田充宏,56.0,ダ,1400.0,良,92.3,1.2,8-4-3-4,40.6,437,1,ラスジャン,15.0
2021105186,シンボルザサン,2025/05/13,川崎,晴,2,C2三四五(C2四),10,3,3,4.0,2.0,2,増田充宏,56.0,ダ,1400.0,重,93.5,0.4,7-7-1-3,40.1,436,-1,クワイトポッシブル,40.0
2021105186,シンボルザサン,2025/04/09,川崎,晴,6,橘樹官衙賞(C2七),12,2,2,7.9,3.0,1,増田充宏,56.0,ダ,1400.0,稍,93.2,-0.1,7-6-6-4,41.5,437,0,(ペータース),100.0
2021105186,シンボルザサン,2025/03/06,川崎,曇,5,C2六七八(C2七),10,8,9,3.1,2.0,5,増田充宏,56.0,ダ,1400.0,不,94.8,1.4,5-6-4-5,41.3,437,-2,セイウンコチョウ,10.0
2021105186,シンボルザサン,2025/02/06,川崎,晴,7,C2六七八(C2七),12,7,10,3.4,2.0,2,増田充宏,56.0,ダ,1400.0,良,93.4,0.5,8-8-5-4,40.7,439,1,ニシノヤングマン,40.0
2021105186,シンボルザサン,2024/12/10,川崎,晴,5,雉鳩特別(3歳),12,1,1,17.3,6.0,4,増田充宏,56.0,ダ,1500.0,良,99.8,1.1,11-10-5-6,40.2,438,14,マオノボルケーノ,27.0
2021105186,シンボルザサン,2024/10/21,名古屋,晴,4,C5組,12,4,4,2.9,2.0,4,村上弘樹,56.0,ダ,1500.0,良,96.7,1.0,5-5-4,39.1,424,-5,ユメミゴコチ,7.5
2021105186,シンボルザサン,2024/10/04,名古屋,小雨,3,C5組,11,3,3,7.5,4.0,2,加藤聡一,56.0,ダ,1500.0,不,95.8,0.4,4-4-4,38.8,429,8,ストレンジャー,17.5
2021105186,シンボルザサン,2024/09/19,名古屋,曇,7,3歳3組,12,5,5,6.1,2.0,4,村上弘樹,56.0,ダ,1500.0,良,97.5,0.5,6-6-5,40.1,421,5,ザハーフェル,7.5
2021105186,シンボルザサン,2024/09/03,名古屋,曇,8,3歳3組,11,7,8,7.9,4.0,3,村上弘樹,56.0,ダ,1500.0,稍,96.6,1.1,10-9-8,38.2,416,-6,ラトレラ,10.0
2021105186,シンボルザサン,2024/08/20,名古屋,曇,8,3歳2組,11,3,3,15.0,5.0,3,村上弘樹,56.0,ダ,1500.0,不,98.0,1.1,4-6-4,39.2,422,4,ギースバッハ,10.0
2021105186,シンボルザサン,2024/08/07,名古屋,晴,7,3歳3組,11,2,2,27.0,6.0,2,村上弘樹,56.0,ダ,1500.0,良,97.5,0.6,4-5-2,40.0,418,3,ハクサンソヌス,17.5
2021105186,シンボルザサン,2024/07/10,名古屋,曇,8,3歳3組,12,6,7,9.5,4.0,11,村上弘樹,56.0,ダ,1500.0,稍,98.5,2.8,8-8-9,41.3,415,-9,エスタボニート,
2021105186,シンボルザサン,2024/06/26,名古屋,曇,5,3歳4組,12,8,11,5.3,3.0,3,村上弘樹,56.0,ダ,1500.0,良,96.4,0.3,6-4-6,39.1,424,-2,スマートビアンカ,10.8
2021105186,シンボルザサン,2024/06/13,名古屋,曇,2,3歳7組,12,3,3,5.5,2.0,1,村上弘樹,56.0,ダ,1500.0,良,97.2,-0.2,7-4-1,38.9,426,-5,(オッチョラゴ),54.0
2021105186,シンボルザサン,2024/05/30,名古屋,晴,2,3歳7組,12,8,11,4.4,2.0,2,村上弘樹,56.0,ダ,1500.0,稍,96.8,0.0,6-4-2,38.3,431,-6,カイトワザアリ,18.9
2021105186,シンボルザサン,2024/05/17,名古屋,晴,1,3歳9組,12,2,2,4.4,3.0,4,東川慎,56.0,ダ,1500.0,稍,100.0,0.7,10-10-6,39.6,437,-1,ラスジャン,8.1
2021105186,シンボルザサン,2024/05/02,名古屋,晴,1,3歳8組,11,4,4,3.2,2.0,3,村上弘樹,56.0,ダ,1500.0,稍,98.3,0.6,6-5-3,39.6,438,-6,サントロペ,10.8
2021105186,シンボルザサン,2024/04/25,名古屋,晴,3,3歳10組,12,1,1,27.2,8.0,4,丸山真一,56.0,ダ,1500.0,重,99.2,0.7,11-7-6,39.8,444,-2,ラトレラ,8.1
2021105186,シンボルザサン,2024/03/23,1中京5,雨,6,3歳未勝利,16,1,1,95.0,12.0,14,斎藤新,57.0,ダ,1900.0,重,123.5,4.1,15-15-14-14,39.8,446,0,コムルヴァン,
2021105186,シンボルザサン,2024/03/02,1阪神3,曇,3,3歳未勝利,14,6,9,726.1,14.0,12,石橋脩,57.0,ダ,1800.0,重,118.2,2.5,13-12-13-13,40.1,446,-6,エアサンサーラ,
2021105186,シンボルザサン,2024/02/18,2小倉4,晴,1,3歳未勝利,16,8,15,239.3,14.0,13,荻野極,57.0,ダ,1700.0,良,110.0,3.6,16-16-12-13,40.5,452,8,スナークラファエロ,
2021105186,シンボルザサン,2023/10/15,4東京5,雨,4,2歳新馬,16,6,11,79.6,12.0,11,内田博幸,56.0,ダ,1600.0,不,100.4,2.0,15-13,37.8,444,0,ミッキーファイト,
2022106838,オリコウパラダイス,2026/07/09,川崎,晴,7,C2一二,8,5,5,7.9,4.0,5,伊藤裕人,56.0,ダ,1400.0,良,92.4,1.4,4-4-4-3,40.8,479,2,アムリタ,10.0
2022106838,オリコウパラダイス,2026/06/16,川崎,晴,5,C2一二,12,1,1,2.0,1.0,3,伊藤裕人,56.0,ダ,1400.0,稍,92.2,0.5,5-4-5-3,40.6,477,8,ライヴバフィ,25.0
2022106838,オリコウパラダイス,2026/05/12,川崎,晴,7,C2三四,12,4,4,6.5,3.0,1,伊藤裕人,56.0,ダ,1400.0,良,91.6,-0.9,1-1-1-1,40.0,469,-6,(セクシーウィドー),100.0
2022106838,オリコウパラダイス,2026/04/07,川崎,曇,4,C2三四,12,8,12,14.0,5.0,2,伊藤裕人,56.0,ダ,1400.0,重,92.8,0.2,2-2-2-2,40.3,475,-11,サンクリュウ,40.0
2022106838,オリコウパラダイス,2026/03/03,川崎,雨,8,C2三四,11,8,10,54.3,6.0,9,伊藤裕人,56.0,ダ,1400.0,不,94.7,2.5,3-3-2-4,41.5,486,17,ヴィトーリアヘーザ,
2022106838,オリコウパラダイス,2025/09/10,川崎,晴,3,エトワール賞(3歳),12,6,8,1.7,1.0,5,佐野遥久,56.0,ダ,900.0,稍,56.2,0.4,3-2,38.4,469,-3,イクノガキタゾ,12.0
2022106838,オリコウパラダイス,2025/08/22,川崎,晴,1,コスモス賞(3歳),11,4,4,3.9,3.0,2,佐野遥久,56.0,ダ,900.0,良,56.0,0.6,4-4,38.0,472,0,シンシアビューティ,48.0
2022106838,オリコウパラダイス,2025/08/06,川崎,晴,1,アーベントロート賞(3歳),11,7,9,13.5,6.0,2,佐野遥久,55.0,ダ,900.0,良,56.0,0.3,2-2,38.4,472,9,ミラコロエクラ,48.0
2022106838,オリコウパラダイス,2025/07/09,川崎,晴,1,エクレール賞(3歳),12,6,7,10.3,4.0,8,今野忠成,56.0,ダ,900.0,良,57.3,2.4,7-8,39.2,463,-11,レモングラス,
2022106838,オリコウパラダイス,2025/01/02,川崎,晴,4,だるま落とし賞(3歳),14,3,3,12.6,6.0,9,新原周馬,56.0,ダ,1500.0,良,101.5,2.1,3-3-4-6,42.8,474,0,サヨノビッグホープ,
2022106838,オリコウパラダイス,2024/12/10,川崎,晴,1,2歳7,9,8,9,2.3,2.0,2,新原周馬,55.0,ダ,1400.0,良,94.3,1.0,1-1-1-1,41.6,474,3,サウスヴィルステラ,80.0
2022106838,オリコウパラダイス,2024/11/14,川崎,曇,1,スパーキングデビュー(2歳),8,8,8,2.2,1.0,3,新原周馬,55.0,ダ,1400.0,良,94.3,0.6,2-3-1-2,42.0,471,0,アーサ,100.0
2021104088,エルロロ,2026/02/09,船橋,晴,12,鶯賞(C1五),13,6,8,71.6,12.0,10,川島正太,54.0,ダ,1500.0,良,101.3,3.4,11-11-13-13,41.7,524,10,デザーヴ,
2021104088,エルロロ,2025/12/30,大井,晴,9,ベルモントノーヴァ賞(C1八),12,5,5,41.7,7.0,12,和田譲治,54.0,ダ,1200.0,稍,76.9,2.5,10-10,39.2,514,-5,ジーティーゴッド,
2021104088,エルロロ,2025/12/11,船橋,晴,7,馬い!むらっち玉ねぎ(C1),14,1,1,19.3,7.0,9,川島正太,54.0,ダ,1600.0,良,106.2,2.9,13-13-13-13,39.7,519,-4,ウェルウィッチア,
2021104088,エルロロ,2025/08/28,船橋,晴,7,馬い!イザナミ淡路の(C1),12,7,9,23.0,6.0,4,篠谷葵,54.0,ダ,1600.0,良,104.0,0.8,12-12-12-12,39.0,523,-7,ケイアイインダラ,18.0
2021104088,エルロロ,2025/07/28,船橋,晴,9,C1四五六ア(C1五),11,4,4,15.1,4.0,4,篠谷葵,54.0,ダ,1500.0,良,97.7,1.4,10-10-10-9,38.2,530,2,マジックモーメント,18.0
2021104088,エルロロ,2025/07/06,船橋,晴,9,千葉港特別(C1),9,2,2,10.4,3.0,5,篠谷葵,54.0,ダ,1600.0,良,104.5,2.4,7-7-9-7,38.5,528,2,カレンタクト,18.0
2021104088,エルロロ,2025/06/04,船橋,晴,10,馬い!淡路新玉ねぎ発(C1),11,5,5,24.8,5.0,4,本橋孝太,54.0,ダ,1600.0,重,105.4,1.0,7-7-5-5,40.9,526,1,ターコイズデュー,19.5
2021104088,エルロロ,2025/05/07,船橋,雨,7,C1二三,14,7,11,7.2,3.0,4,篠谷葵,54.0,ダ,1600.0,重,106.0,1.7,8-8-8-8,40.4,525,2,カイトキング,19.5
2021104088,エルロロ,2025/03/31,船橋,曇,10,崎の向こうに広がる未(C1五),14,8,13,24.0,6.0,2,篠谷葵,54.0,ダ,1500.0,良,97.5,0.1,11-11-11-11,38.5,523,5,バーリフレイバー,48.0
2021104088,エルロロ,2025/03/10,船橋,晴,12,うお座賞(C1),9,3,3,18.6,5.0,3,篠谷葵,54.0,ダ,1500.0,稍,98.3,0.5,6-7-8-6,38.9,518,-1,シーニックビュー,30.0
2021104088,エルロロ,2025/02/10,船橋,晴,12,久留里賞(C2),11,6,7,25.4,8.0,4,篠谷葵,54.0,ダ,1600.0,良,104.0,0.6,8-9-10-9,39.3,519,0,マッドネスカズ,22.5
2021104088,エルロロ,2025/01/21,船橋,晴,9,ジャニュアリースプリ(C2),12,7,9,21.3,7.0,6,岡村健司,54.0,ダ,1200.0,良,76.3,2.0,4-5-7,39.4,519,-1,ロケットホームラン,
2021104088,エルロロ,2024/12/19,船橋,晴,4,エリカスプリント(C2),9,8,8,2.2,1.0,2,岡村健司,54.0,ダ,1200.0,良,76.8,0.2,2-2-2,39.1,520,5,シャオイーシャオ,60.0
2021104088,エルロロ,2024/11/29,船橋,晴,7,森羅万象賞(C2),10,8,10,10.5,5.0,3,岡村健司,54.0,ダ,1200.0,良,76.8,1.2,2-2-2,39.7,515,0,ビレッジスティール,37.5
2021104088,エルロロ,2024/10/30,船橋,晴,2,C2四五,12,8,12,37.8,8.0,4,岡村健司,54.0,ダ,1200.0,不,77.3,0.6,9-7-8,39.6,515,3,フォクシー,15.0
2021104088,エルロロ,2024/09/24,船橋,晴,4,3歳二,11,7,10,5.0,4.0,6,岡村健司,54.0,ダ,1200.0,良,77.7,0.6,11-11-10,39.0,512,1,コムダビチュード,
2021104088,エルロロ,2024/05/27,船橋,曇,8,3歳553?,12,7,10,9.6,3.0,6,岡村健司,54.0,ダ,1500.0,稍,99.7,2.0,3-3-4-4,41.2,511,-11,マイベネラブル,
2021104088,エルロロ,2024/04/29,船橋,曇,3,3歳389?,11,6,7,6.0,4.0,3,岡村健司,54.0,ダ,1500.0,稍,99.6,0.9,4-5-6-6,41.4,522,8,プレストライズ,50.0
2021104088,エルロロ,2024/04/14,船橋,晴,4,3歳272P,10,4,4,4.7,3.0,3,岡村健司,54.0,ダ,1500.0,稍,100.1,0.4,4-4-3-3,40.1,514,-4,クラジャンク,40.0
2021104088,エルロロ,2024/03/04,船橋,晴,5,3歳四,11,5,5,72.5,8.0,6,岡村健司,54.0,ダ,1200.0,良,78.1,1.1,5-5-6,40.6,518,20,スマイルナウ,
2021104088,エルロロ,2023/12/18,船橋,晴,1,2歳十,6,6,6,1.2,1.0,1,岡村健司,54.0,ダ,1200.0,良,79.0,-0.8,2-2-2,40.7,498,-8,(スペクチャン),230.0
2021104088,エルロロ,2023/12/01,船橋,晴,4,カトレアデビュー(2歳),7,4,4,12.5,5.0,6,岡村健司,54.0,ダ,1200.0,良,79.0,2.6,5-6-6,41.2,506,0,ブライティアアンナ,
2022101327,ゼンダントモニ,2026/07/09,川崎,晴,6,C2一二,6,4,4,2.1,1.0,5,秋元耕成,56.0,ダ,1400.0,良,92.7,0.6,3-4-1-3,39.1,473,0,ライヴバフィ,10.0
2022101327,ゼンダントモニ,2026/06/17,川崎,晴,8,八幡平ウマッシュルー(C1),8,2,2,1.8,1.0,2,秋元耕成,56.0,ダ,1400.0,稍,91.5,0.4,1-1-1-1,40.7,473,3,アオイハナミチ,48.0
2022101327,ゼンダントモニ,2026/06/01,船橋,晴,10,馬い!卵はサンサンエ(C1),12,2,2,2.2,1.0,7,秋元耕成,56.0,ダ,1500.0,良,99.3,0.8,1-1-1-1,42.6,470,-5,シトロンヴェール,
2022101327,ゼンダントモニ,2026/05/11,川崎,晴,9,C2一二,10,8,9,3.3,2.0,1,秋元耕成,56.0,ダ,1400.0,良,91.2,-0.4,1-1-1-1,39.5,475,3,(マッセダムール),100.0
2022101327,ゼンダントモニ,2026/04/07,川崎,曇,5,C2三四,12,6,7,2.1,1.0,1,丹内祐次,56.0,ダ,1400.0,重,92.0,-0.8,1-1-1-1,41.9,472,-2,(エールラヴィクトワ),100.0
2022101327,ゼンダントモニ,2026/03/04,川崎,曇,3,C2七,12,6,8,4.9,3.0,1,丹内祐次,56.0,ダ,1400.0,不,91.6,-0.5,2-2-1-1,39.3,474,0,(ダイゴホマレリュウ),100.0
2022101327,ゼンダントモニ,2026/02/05,川崎,晴,6,C2六七,12,3,3,32.7,6.0,9,秋元耕成,56.0,ダ,1400.0,良,93.8,1.5,1-2-4-3,41.7,474,2,フジュム,
2022101327,ゼンダントモニ,2026/01/02,川崎,晴,3,いろはかるた賞(C3),14,7,11,42.5,6.0,3,秋元耕成,56.0,ダ,1400.0,稍,92.7,0.8,7-7-4-4,40.1,472,1,クウレイナニ,20.0
2022101327,ゼンダントモニ,2025/12/16,川崎,晴,3,雉鳩賞(3歳),11,6,7,28.8,5.0,4,秋元耕成,56.0,ダ,1500.0,重,100.7,2.1,3-3-3-3,42.7,471,2,イモルテル,21.0
2022101327,ゼンダントモニ,2025/11/17,川崎,晴,4,3歳3,10,7,8,50.9,7.0,4,秋元耕成,56.0,ダ,1400.0,良,94.7,1.6,2-3-3-2,42.7,469,5,ミセスリリー,15.0
2022101327,ゼンダントモニ,2025/07/18,名古屋,曇,3,3歳4組,11,7,9,44.2,9.0,9,小笠原羚,53.0,ダ,1500.0,不,97.6,3.0,2-5-9,40.8,464,-1,ロングトーン,
2022101327,ゼンダントモニ,2025/06/24,名古屋,小雨,7,3歳3組,12,6,8,50.0,9.0,12,深澤杏花,55.0,ダ,1500.0,不,99.7,3.5,7-8-11,42.1,465,-2,レイナティア,
2022101327,ゼンダントモニ,2025/06/17,名古屋,晴,3,3歳3組,12,2,2,4.2,2.0,12,丸野勝虎,57.0,ダ,1500.0,稍,99.6,3.6,6-7-12,41.9,467,-2,パキラスイート,
2022101327,ゼンダントモニ,2025/05/05,園田,晴,9,3歳B,12,8,11,1.9,1.0,2,吉村智洋,56.0,ダ,1230.0,良,81.4,0.2,3-4-2-3,40.7,469,-5,ビギニングショウマ,40.0
2022101327,ゼンダントモニ,2025/04/10,園田,曇,6,3歳C1,9,8,8,1.9,1.0,1,吉村智洋,56.0,ダ,1400.0,良,92.7,0.0,1-1-1-1,39.8,474,-1,(ファンシンレディー),80.0
2022101327,ゼンダントモニ,2025/03/19,園田,曇,7,3歳C1,12,3,3,15.2,6.0,3,川原正一,55.0,ダ,1400.0,重,94.8,0.2,5-7-8-8,40.8,475,8,セイノスケ,16.0
2022101327,ゼンダントモニ,2025/02/20,姫路,晴,8,3歳C1,10,8,9,5.4,4.0,4,小谷周平,55.0,ダ,1400.0,良,95.2,1.1,9-9-5-5,39.9,467,-5,アマノハバキリ,12.0
2022101327,ゼンダントモニ,2025/01/26,1小倉2,晴,2,3歳未勝利,17,6,12,62.5,9.0,13,柴田裕一,54.0,芝,1200.0,良,71.6,2.5,12-13,36.2,472,2,フウセツ,
2022101327,ゼンダントモニ,2024/10/06,5京都2,晴,1,2歳未勝利,11,4,4,320.6,11.0,11,角田大和,56.0,ダ,1400.0,良,89.9,4.4,1-2,42.3,470,-6,ダノンフィーゴ,
2022101327,ゼンダントモニ,2024/09/21,3中京6,晴,5,2歳新馬,14,3,3,151.9,14.0,12,角田大和,55.0,芝,1600.0,良,98.6,2.7,2-3-2,37.2,476,0,ザラタン,
2022106974,ハクシンダンス,2026/07/13,浦和,曇,7,C2三四,12,8,12,6.3,4.0,4,中島良美,52.0,ダ,1500.0,良,97.0,1.3,4-4-4-3,38.9,475.0,-1.0,トウカイディアマン,15.0
2022106974,ハクシンダンス,2026/06/23,浦和,曇,9,草加宿特別(C2),10,3,3,10.2,4.0,5,中島良美,52.0,ダ,1500.0,稍,97.6,0.9,3-2-2-5,39.7,476.0,3.0,ジーティーアムール,15.0
2022106974,ハクシンダンス,2026/06/01,船橋,晴,12,タマシギ特別(C2),14,5,7,12.2,5.0,13,中島良美,52.0,ダ,1600.0,良,107.5,3.3,1-3-4-3,44.1,473.0,-4.0,ゴールドブリーダー,
2022106974,ハクシンダンス,2026/05/25,浦和,晴,7,C2三四,11,6,6,3.7,2.0,4,中島良美,52.0,ダ,1400.0,稍,90.9,0.8,3-5-4-3,40.1,477.0,6.0,アズキチャン,15.0
2022106974,ハクシンダンス,2026/05/04,船橋,曇,4,C2二三四イ(C2三),11,6,8,,,取,中島良美,52.0,ダ,1200.0,稍,,,,,,,ベルヴィヴァン,
2022106974,ハクシンダンス,2026/04/22,浦和,曇,4,C2六,11,6,7,2.1,1.0,1,中島良美,52.0,ダ,1400.0,良,90.1,-0.1,1-1-1-1,38.5,471.0,-1.0,(ペプチドスパークル),100.0
2022106974,ハクシンダンス,2026/03/19,浦和,曇,5,C2八九,12,1,1,11.8,2.0,2,中島良美,52.0,ダ,1500.0,良,98.2,1.0,3-3-3-3,38.2,472.0,-1.0,ジーティースワット,40.0
2022106974,ハクシンダンス,2026/02/28,浦和,晴,7,C2九,13,8,13,2.1,1.0,2,中島良美,52.0,ダ,1400.0,重,90.7,0.0,2-1-1-1,39.7,473.0,-4.0,ホウオウハナビ,40.0
2022106974,ハクシンダンス,2026/01/06,浦和,晴,5,新座市制施行55周年(C3),11,8,11,6.0,3.0,3,中島良美,52.0,ダ,1500.0,稍,98.4,0.1,1-1-1-1,40.5,477.0,13.0,ランボー,22.5
2022106974,ハクシンダンス,2025/12/10,水沢,曇,9,B2三組,11,7,9,3.1,2.0,2,坂井瑛音,52.0,ダ,1600.0,不,102.0,0.2,2-2-2-1,38.9,464.0,-7.0,サラニキケン,21.0
2022106974,ハクシンダンス,2025/11/26,水沢,曇,7,B2四組,10,7,7,3.9,3.0,3,坂井瑛音,52.0,ダ,1600.0,稍,105.0,0.0,1-1-1-1,38.9,471.0,4.0,ボンディマンシュ,12.0
2022106974,ハクシンダンス,2025/11/18,盛岡,曇,11,ペラルゴニウム賞(C1),11,3,3,4.9,3.0,1,坂井瑛音,52.0,ダ,1600.0,良,101.1,-0.4,1-1,39.5,467.0,-4.0,(キタノセレナード),50.0
2022106974,ハクシンダンス,2025/11/04,盛岡,晴,9,C1六組,10,1,1,31.1,3.0,2,坂井瑛音,52.0,ダ,1400.0,稍,86.6,0.7,1-1,37.9,471.0,-4.0,ショウナンナスカ,17.5
2022106974,ハクシンダンス,2025/10/07,水沢,曇,2,C2三組,8,8,8,5.5,2.0,1,鈴木祐,54.0,ダ,1400.0,稍,91.0,0.0,2-2-2-1,40.6,475.0,2.0,(グランクロワ),40.0
2022106974,ハクシンダンス,2025/09/28,水沢,晴,5,C2十組,8,8,8,2.8,2.0,1,岩本怜,54.0,ダ,1300.0,良,85.0,-0.3,1-1-1-1,41.5,473.0,-8.0,(ロッツオブプランズ),40.0
2022106974,ハクシンダンス,2025/09/22,水沢,晴,1,3歳C2六組,11,7,9,21.6,5.0,4,坂井瑛音,52.0,ダ,1300.0,稍,83.5,1.8,11-8-5-4,39.3,481.0,17.0,トウカイディアマン,6.5
2022106974,ハクシンダンス,2025/08/06,川崎,晴,6,ペリドットフラワー賞(3歳C1),11,4,4,205.8,9.0,8,遠藤汰月,51.0,ダ,1400.0,良,92.3,1.8,11-11-11-11,39.5,464.0,-2.0,サントレッダー,
2022106974,ハクシンダンス,2025/06/21,3東京5,晴,7,3歳未勝利,16,3,5,406.0,16.0,11,遠藤汰月,52.0,ダ,1300.0,良,80.5,2.5,13-13,37.1,466.0,6.0,シルフレイ,
2022106974,ハクシンダンス,2025/03/16,2中山6,雨,1,3歳未勝利,16,2,4,256.9,15.0,14,遠藤汰月,52.0,ダ,1800.0,不,121.3,7.3,15-15-15-15,41.2,460.0,-8.0,バラダレイナ,
2022106974,ハクシンダンス,2025/02/09,1小倉6,晴,5,3歳新馬,12,8,12,98.7,12.0,11,石田拓郎,52.0,芝,2000.0,稍,130.4,6.3,10-10-11-11,39.8,468.0,0.0,コーチェラバレー,
2020105507,ヒメカグラ,2026/07/10,川崎,晴,7,稲妻賞(C2),10,4,4,151.0,9.0,7,伊藤裕人,54.0,ダ,900.0,良,56.2,1.3,7-7,37.6,481.0,-1.0,リュウノシンクウハ,
2020105507,ヒメカグラ,2026/06/18,川崎,曇,7,風神賞(C2),10,5,5,142.5,9.0,7,田中涼,54.0,ダ,900.0,重,56.5,1.4,9-7,37.8,482.0,3.0,エースクイーン,
2020105507,ヒメカグラ,2026/05/15,川崎,晴,7,雷電賞(C2),10,1,1,45.5,7.0,5,田中涼,54.0,ダ,900.0,良,57.2,1.4,10-9,38.0,479.0,4.0,ダッシングマン,10.0
2020105507,ヒメカグラ,2026/04/07,川崎,曇,5,C2三四,12,5,5,122.7,11.0,10,田中涼,54.0,ダ,1400.0,重,95.1,3.1,9-8-11-11,41.8,475.0,3.0,ゼンダントモニ,
2020105507,ヒメカグラ,2026/03/16,浦和,晴,5,C2五六,11,8,10,222.6,10.0,11,田中涼,54.0,ダ,1400.0,稍,92.4,2.4,7-9-11-11,39.9,472.0,-1.0,ジーヴル,
2020105507,ヒメカグラ,2026/03/03,川崎,雨,7,雷鶏賞(C2),12,8,11,185.0,9.0,12,伊藤裕人,54.0,ダ,900.0,不,57.0,2.4,9-11,38.3,473.0,6.0,ポッドデューク,
2020105507,ヒメカグラ,2026/02/02,川崎,晴,7,初雷賞(C2),11,4,4,30.9,7.0,7,伊藤裕人,54.0,ダ,900.0,良,56.8,1.2,11-10,38.0,467.0,1.0,モズアンドモズ,
2020105507,ヒメカグラ,2026/01/03,川崎,晴,6,大黒天賞(C2),12,3,3,34.9,6.0,6,佐野遥久,53.0,ダ,900.0,重,56.7,0.7,9-7,37.9,466.0,4.0,スマートアライヴ,
2020105507,ヒメカグラ,2025/12/15,川崎,晴,6,寒雷賞(C2),12,8,12,14.8,4.0,4,佐野遥久,53.0,ダ,900.0,重,57.3,1.3,3-5,39.3,462.0,5.0,モズアンドモズ,15.0
2020105507,ヒメカグラ,2025/11/17,川崎,晴,7,雷鼓賞(C2),12,2,2,42.0,6.0,4,佐野遥久,53.0,ダ,900.0,良,56.5,1.0,9-5,38.0,457.0,-7.0,ポッドデューク,15.0
2020105507,ヒメカグラ,2025/11/03,船橋,晴,5,船橋ホースパーク賞(C2C3),14,4,5,23.1,7.0,4,佐野遥久,54.0,ダ,1000.0,稍,62.6,0.9,4-3,38.3,464.0,-6.0,スズノライン,22.5
2020105507,ヒメカグラ,2025/10/17,川崎,晴,12,秋雷賞(C2),12,1,1,5.7,4.0,4,佐野遥久,53.0,ダ,900.0,稍,56.7,0.6,8-7,38.7,470.0,3.0,ラックナシェード,15.0
2020105507,ヒメカグラ,2025/08/04,川崎,晴,7,雷光賞(C2),11,5,5,22.3,5.0,5,田中涼,54.0,ダ,900.0,良,56.2,0.8,9-9,37.6,467.0,3.0,ピオニエーレ,10.0
2020105507,ヒメカグラ,2025/07/07,川崎,晴,9,稲光賞(C2),12,1,1,14.0,5.0,5,田中涼,54.0,ダ,900.0,良,56.0,1.0,9-8,37.6,464.0,-1.0,ピオニエーレ,10.0
2020105507,ヒメカグラ,2025/06/17,川崎,晴,6,水神賞(C2),12,7,9,11.6,5.0,2,田中涼,54.0,ダ,900.0,良,56.0,0.2,9-9,37.4,465.0,13.0,ハナチャン,40.0
2020105507,ヒメカグラ,2025/05/27,浦和,曇,8,ラベンダー特別(C2),13,6,8,65.8,10.0,7,田中涼,54.0,ダ,1400.0,稍,89.7,1.8,4-5-4-8,40.4,452.0,-2.0,バトルホッパー,
2020105507,ヒメカグラ,2025/05/14,川崎,晴,8,雷電賞(C2),11,6,7,60.2,7.0,5,田中涼,54.0,ダ,900.0,稍,56.3,1.1,10-8,37.9,454.0,6.0,イッツアンドレア,10.0
2020105507,ヒメカグラ,2025/04/23,浦和,雨,7,5月1日はさいたま市(C1C2),12,5,5,84.4,9.0,12,田中涼,53.0,ダ,800.0,稍,49.6,2.6,11-12,35.5,448.0,10.0,ダンシングクライ,
2020105507,ヒメカグラ,2025/01/02,川崎,晴,5,二人羽織賞(C2),12,8,12,29.1,4.0,10,佐野遥久,52.0,ダ,900.0,良,57.4,1.1,8-10,39.0,438.0,-5.0,イェルマーク,
2020105507,ヒメカグラ,2024/12/13,川崎,曇,12,46thホワイトクリ(C1C2),14,4,6,50.0,11.0,12,加藤雄真,52.0,ダ,1600.0,良,108.6,2.0,2-2-6-9,43.8,443.0,-1.0,グラスアラバニーユ,
2020105507,ヒメカグラ,2024/10/21,浦和,晴,8,新売店OPEN記念韓(C1),12,1,1,9.4,6.0,3,佐野遥久,52.0,ダ,1400.0,良,91.0,0.2,1-1-1-1,39.8,444.0,-10.0,グッモーニン,30.0
2020105507,ヒメカグラ,2024/10/09,川崎,曇,8,流鏑馬賞(C1),12,6,8,83.5,11.0,6,佐野遥久,51.0,ダ,900.0,不,56.7,1.0,3-4,39.0,454.0,5.0,ドロットニング,
2020105507,ヒメカグラ,2024/09/03,川崎,曇,12,剛勇賞(C1),12,4,4,9.3,6.0,10,佐野遥久,51.0,ダ,900.0,重,56.8,2.1,8-8,38.8,449.0,-12.0,シントーユタカ,
2020105507,ヒメカグラ,2024/08/07,川崎,曇,9,紅蓮賞(C1),12,6,7,5.4,3.0,10,佐野遥久,51.0,ダ,900.0,良,56.5,1.2,11-9,38.2,461.0,11.0,プリンセスロージー,
2020105507,ヒメカグラ,2024/07/05,川崎,晴,10,稲妻賞(C2),11,8,10,4.1,1.0,1,佐野遥久,51.0,ダ,900.0,良,55.9,-0.1,1-5,38.4,450.0,2.0,(ウィンザーロア),100.0
2020105507,ヒメカグラ,2024/06/12,川崎,晴,3,雷神賞(C2),12,5,5,21.0,6.0,1,佐野遥久,51.0,ダ,900.0,良,55.1,-0.1,6-4,37.1,448.0,10.0,(ノボインパクト),100.0
2020105507,ヒメカグラ,2024/05/08,川崎,晴,7,雷電賞(C2),11,6,8,48.2,10.0,5,新原周馬,54.0,ダ,900.0,稍,56.3,1.1,9-8,37.7,438.0,9.0,ディーズルージュ,10.0
2020105507,ヒメカグラ,2024/04/02,川崎,晴,5,春雷賞(C2),11,4,4,13.6,6.0,5,新原周馬,54.0,ダ,900.0,稍,57.4,0.9,8-9,38.9,429.0,3.0,マイカグラ,10.0
2020105507,ヒメカグラ,2024/03/15,川崎,晴,8,鳴雷賞(C2),11,8,12,58.9,8.0,6,新原周馬,54.0,ダ,900.0,稍,56.5,0.8,5-7,38.2,426.0,-11.0,コイニオチテ,
2020105507,ヒメカグラ,2023/12/15,川崎,曇,12,45thホワイトクリ(C1C2),14,7,11,168.2,13.0,7,谷内貫太,55.0,ダ,1600.0,稍,110.1,2.1,3-3-4-3,43.7,437.0,-2.0,インナースティール,
2020105507,ヒメカグラ,2023/11/21,浦和,晴,7,C1八九,11,6,7,46.6,9.0,9,増田充宏,54.0,ダ,1400.0,良,91.1,1.1,9-9-9-10,38.9,439.0,-2.0,モモドリーム,
2020105507,ヒメカグラ,2023/11/07,川崎,曇,6,あと9日!第107期(C1),12,2,2,297.7,12.0,9,増田充宏,54.0,ダ,1400.0,良,94.0,2.1,12-12-10-11,41.2,441.0,-2.0,ウインモリオン,
2020105507,ヒメカグラ,2023/10/23,船橋,晴,8,馬い!紅卵はサンサン(C1),12,1,1,170.2,12.0,10,櫻井光輔,54.0,ダ,1500.0,良,99.0,2.2,5-5-7-8,42.0,443.0,-17.0,カナラクリーク,
2020105507,ヒメカグラ,2023/10/09,川崎,雨,8,禊萩賞(C1),12,7,10,111.3,12.0,12,櫻井光輔,54.0,ダ,1400.0,不,97.8,4.7,12-12-12-12,43.3,460.0,34.0,ヤマニンバルトロ,
2020105507,ヒメカグラ,2023/05/29,浦和,曇,3,3歳三,12,8,11,23.4,7.0,3,櫻井光輔,54.0,ダ,1400.0,稍,90.3,0.5,3-3-2-3,39.1,426.0,-2.0,ギフテッドキング,40.0
2020105507,ヒメカグラ,2023/05/16,川崎,晴,3,大瑠璃特別(3歳),14,8,14,33.5,10.0,8,櫻井光輔,54.0,ダ,1500.0,重,102.0,2.3,4-6-3-3,44.2,428.0,1.0,ルンバルンバルンバ,
2020105507,ヒメカグラ,2023/04/04,川崎,晴,4,鳥語花香賞(3歳),12,1,1,27.5,9.0,10,池谷匠翔,53.0,ダ,1400.0,良,94.9,2.0,4-5-10-10,42.0,427.0,0.0,インプローヴィング,
2020105507,ヒメカグラ,2023/03/21,浦和,曇,4,3歳二,9,6,6,18.8,6.0,4,池谷匠翔,53.0,ダ,1500.0,稍,99.5,0.4,2-2-2-2,41.1,427.0,1.0,スマイルマハロ,27.0
2020105507,ヒメカグラ,2023/02/27,川崎,晴,1,桜花爛漫賞(3歳),12,3,3,3.9,2.0,10,池谷匠翔,53.0,ダ,1400.0,良,95.9,1.7,7-6-10-11,41.5,426.0,-1.0,フェルベンゲート,
2020105507,ヒメカグラ,2023/02/01,川崎,晴,1,迦陵頻伽賞(3歳),12,4,4,66.7,9.0,3,池谷匠翔,53.0,ダ,1400.0,良,93.8,0.8,1-1-1-1,41.2,427.0,1.0,キャッツライズ,45.0
2020105507,ヒメカグラ,2023/01/01,川崎,晴,1,2023幕開け特別(3歳),11,4,4,3.6,2.0,10,池谷匠翔,53.0,ダ,1500.0,良,103.4,3.4,6-6-6-9,44.6,426.0,-6.0,アンニンドウフ,
2020105507,ヒメカグラ,2022/12/13,川崎,曇,1,バッグワーム特別(2歳),10,7,7,3.1,1.0,1,池谷匠翔,53.0,ダ,1400.0,重,94.4,-0.3,2-2-2-2,41.8,432.0,-16.0,(ポッドゲイン),190.0
2020105507,ヒメカグラ,2022/11/03,門別,雨,3,軽種馬農協と共に走る(未勝利)(2歳),7,6,6,2.4,1.0,1,服部茂史,54.0,ダ,1100.0,重,68.2,-0.1,4-3,37.7,448.0,0.0,(レイズアオーソ),60.0
2020105507,ヒメカグラ,2022/10/20,門別,晴,6,2歳未勝利(未勝利),10,3,3,9.9,6.0,2,服部茂史,54.0,ダ,1000.0,良,62.8,0.2,2-2,37.9,448.0,14.0,ヒロチャン,14.0
2020105507,ヒメカグラ,2022/08/09,門別,曇,3,安平町「ときわ公園」(未勝利)(2歳),7,7,7,,,取,松井伸也,54.0,ダ,1100.0,不,,,,,,,マルグリッド,
2020105507,ヒメカグラ,2022/07/26,門別,晴,2,日高町キャラ・とねっ(未勝利)(2歳),7,6,6,8.3,4.0,4,松井伸也,54.0,ダ,1000.0,良,61.9,1.2,3-3,37.9,434.0,0.0,ニャー,7.0
2020105507,ヒメカグラ,2022/07/14,門別,曇,3,2歳未勝利(未勝利),8,3,3,5.0,3.0,3,岩橋勇二,54.0,ダ,1000.0,良,63.5,0.3,4-5,38.5,434.0,-6.0,サンテンシーサン,10.5
2020105507,ヒメカグラ,2022/06/29,門別,雨,4,2歳牝馬未勝利(未勝利),10,8,10,72.9,8.0,4,松井伸也,54.0,ダ,1100.0,不,68.0,1.7,5-5,38.3,440.0,12.0,ルンバルンバルンバ,7.0
2020105507,ヒメカグラ,2022/05/26,門別,曇,6,JRA認定フレッシュ(新馬)(2歳),11,5,5,219.6,11.0,9,松井伸也,54.0,ダ,1000.0,良,65.1,1.4,10-10,38.8,428.0,0.0,アンジュブースター,
2020101509,マイカグラ,2026/07/10,川崎,晴,7,稲妻賞(C2),10,7,7,100.6,8.0,4,田中涼,54.0,ダ,900.0,良,55.5,0.6,8-8,36.7,421,3,リュウノシンクウハ,15.0
2020101509,マイカグラ,2026/06/17,川崎,晴,5,C2三四,12,6,7,54.3,8.0,11,田中涼,54.0,ダ,1400.0,稍,93.4,1.8,11-11-12-11,38.7,418,0,フェアーメロディ,
2020101509,マイカグラ,2026/05/29,浦和,晴,7,C2十,10,5,5,158.0,10.0,1,田中涼,54.0,ダ,1400.0,良,91.4,-0.3,9-9-9-6,38.0,418,6,(ジェノバフレイバー),100.0
2020101509,マイカグラ,2026/05/13,川崎,晴,4,C2七,12,2,2,46.7,7.0,10,田中涼,54.0,ダ,1400.0,良,94.1,1.5,10-9-10-9,40.7,412,-2,ザムト,
2020101509,マイカグラ,2026/04/24,浦和,曇,2,ランチタイム(C2),12,6,7,68.0,9.0,8,藤江渉,54.0,ダ,1400.0,重,92.2,2.4,5-5-6-7,41.8,414,3,イノ,
2020101509,マイカグラ,2026/04/09,川崎,晴,5,C2七,12,6,7,79.8,7.0,12,藤江渉,54.0,ダ,1400.0,稍,95.1,2.5,8-8-8-7,41.8,411,-4,トンヤイビーン,
2020101509,マイカグラ,2026/03/17,浦和,晴,6,浦和800ラウンド(C2),11,5,5,46.2,7.0,4,藤江渉,54.0,ダ,800.0,良,49.2,1.1,9-6,35.8,415,1,マジュツシカエル,15.0
2020101509,マイカグラ,2026/03/03,川崎,雨,7,雷鶏賞(C2),12,7,9,267.1,11.0,8,増田充宏,54.0,ダ,900.0,不,55.9,1.3,7-8,37.6,414,0,ポッドデューク,
2020101509,マイカグラ,2026/02/13,船橋,晴,4,C3選抜馬,12,2,2,54.5,8.0,7,藤江渉,54.0,ダ,1200.0,良,78.0,2.5,1-1-1,41.6,414,-7,ラストショット,
2020101509,マイカグラ,2026/02/02,川崎,晴,3,カピバラ賞(C3),12,7,9,11.0,5.0,5,服部茂史,54.0,ダ,900.0,良,57.0,1.3,7-6,38.6,421,0,ボイド,8.0
2020101509,マイカグラ,2026/01/01,川崎,晴,2,お年玉賞(C3),11,8,11,19.8,6.0,4,服部茂史,54.0,ダ,900.0,稍,57.0,0.7,3-4,38.7,421,5,ナキムシヒカル,12.0
2020101509,マイカグラ,2025/12/15,川崎,晴,8,雪雷賞(C2),12,6,7,39.0,8.0,8,藤江渉,54.0,ダ,900.0,重,57.5,1.3,11-12,39.1,416,-3,ネバーエンドマーチ,
2020101509,マイカグラ,2025/11/21,川崎,晴,6,雷文賞(C2),11,3,3,85.2,9.0,4,藤江渉,54.0,ダ,900.0,良,56.2,1.1,8-5,37.4,419,7,ララロワデザニモー,15.0
2020101509,マイカグラ,2025/10/16,川崎,曇,4,迅雷賞(C2),12,4,4,66.5,8.0,10,藤江渉,54.0,ダ,900.0,重,57.1,2.7,3-4,39.2,412,-8,ララロワデザニモー,
2020101509,マイカグラ,2025/09/22,浦和,晴,7,浦和800ラウンド(C2),12,8,11,25.6,5.0,4,藤江渉,54.0,ダ,800.0,稍,48.3,1.0,4-5,35.8,420,-9,サンシスイメイ,15.0
2020101509,マイカグラ,2025/09/11,川崎,雨,6,雷閃賞(C2),0,7,10,,,,藤江渉,54.0,ダ,900.0,不,,,,,428,-1,,
2020101509,マイカグラ,2025/08/21,川崎,晴,6,雷帝賞(C2),9,6,6,9.7,5.0,6,藤江渉,54.0,ダ,900.0,良,56.1,0.7,7-5,38.3,429,2,スマートアライヴ,
2020101509,マイカグラ,2025/08/04,川崎,晴,7,雷光賞(C2),11,8,11,79.2,9.0,4,藤江渉,54.0,ダ,900.0,良,55.9,0.5,2-2,38.5,427,-3,ピオニエーレ,15.0
2020101509,マイカグラ,2025/07/07,川崎,晴,9,稲光賞(C2),12,6,7,59.2,9.0,9,藤江渉,54.0,ダ,900.0,良,56.7,1.7,5-5,38.7,430,3,ピオニエーレ,
2020101509,マイカグラ,2025/06/18,川崎,晴,1,雷神賞(C2),12,8,11,27.8,6.0,10,櫻井光輔,54.0,ダ,900.0,良,57.3,2.0,4-4,39.3,427,4,ピオニエーレ,
2020101509,マイカグラ,2025/05/12,川崎,曇,7,雷響賞(C2),11,7,10,11.6,7.0,11,櫻井光輔,54.0,ダ,900.0,重,58.1,2.8,9-10,39.8,423,0,ワインワインレッド,
2020101509,マイカグラ,2025/04/08,川崎,晴,1,初雷賞(C2),12,4,4,43.3,7.0,3,櫻井光輔,54.0,ダ,900.0,稍,56.8,1.4,2-4,39.1,423,-9,ダンシングクライ,25.0
2020101509,マイカグラ,2024/11/11,川崎,曇,9,2024かわさきフェ(C1),12,8,11,90.0,10.0,11,福原杏,54.0,ダ,900.0,稍,56.4,1.8,5-8,38.8,432,4,ディーズルージュ,
2020101509,マイカグラ,2024/10/08,川崎,雨,9,二階堂賞(C1),12,2,2,39.1,9.0,12,福原杏,54.0,ダ,900.0,重,57.0,1.5,7-9,38.8,428,1,ニシノタメチカ,
2020101509,マイカグラ,2024/09/05,川崎,晴,7,雷閃賞(C2),11,6,7,6.0,4.0,2,福原杏,54.0,ダ,900.0,稍,56.1,0.2,2-2,38.5,427,-5,サブエガ,40.0
2020101509,マイカグラ,2024/08/09,川崎,晴,8,雷霆賞(C2),12,4,4,6.2,4.0,6,町田直希,50.0,ダ,900.0,良,56.9,0.5,1-1,39.5,432,3,キタノブルーアレツ,
2020101509,マイカグラ,2024/07/23,川崎,晴,7,雷鳴賞(C2),12,5,5,6.2,4.0,5,小林捺花,50.0,ダ,900.0,稍,55.7,0.7,5-6,38.2,429,0,ニシノタメチカ,10.0
2020101509,マイカグラ,2024/07/05,川崎,晴,10,稲妻賞(C2),11,6,6,8.3,6.0,5,小林捺花,50.0,ダ,900.0,良,56.1,0.2,1-1,38.6,429,-3,ヒメカグラ,10.0
2020101509,マイカグラ,2024/06/12,川崎,晴,7,颯爽賞(C1),12,7,10,26.5,9.0,11,小林捺花,50.0,ダ,900.0,良,57.3,2.4,4-7,40.0,432,1,トリプルアクセル,
2020101509,マイカグラ,2024/05/10,川崎,晴,9,綾瀬市ローズガーデン(C1),8,6,6,13.1,4.0,5,小林捺花,50.0,ダ,900.0,良,55.8,0.2,4-3,38.3,431,3,マイネルリベラル,12.0
2020101509,マイカグラ,2024/04/02,川崎,晴,5,春雷賞(C2),11,5,5,10.2,5.0,1,小林捺花,50.0,ダ,900.0,稍,56.5,0.0,1-1,38.7,428,6,(オースター),100.0
2020101509,マイカグラ,2023/10/10,川崎,雨,8,大磯らしい潤いづくり(C1),11,7,8,32.9,8.0,11,古岡勇樹,54.0,ダ,900.0,不,57.7,2.7,9-11,39.4,422,-1,サンエイヴィクター,
2020101509,マイカグラ,2023/09/13,川崎,晴,7,剛勇賞(C1),10,8,9,10.1,5.0,4,古岡勇樹,53.0,ダ,900.0,良,55.1,1.0,3-5,37.7,423,3,シャウト,18.0
2020101509,マイカグラ,2023/08/25,川崎,晴,8,神威賞(C1),11,2,2,13.6,7.0,5,新原周馬,52.0,ダ,900.0,良,55.4,0.8,4-2,37.8,420,0,エイシントゥラン,12.0
2020101509,マイカグラ,2023/07/26,川崎,晴,6,紅蓮賞(C1),10,8,10,13.5,5.0,9,張田昂,49.0,ダ,900.0,良,57.2,2.3,3-7,39.3,420,-1,キモンアップル,
2020101509,マイカグラ,2023/07/03,川崎,曇,4,ライトニング賞(3歳),10,8,10,7.1,4.0,2,小林捺花,50.0,ダ,900.0,良,55.0,0.2,1-2,37.8,421,-4,レモンアイカー,64.0
2020101509,マイカグラ,2023/06/12,川崎,雨,5,三光鳥特別(3歳),14,6,10,17.4,8.0,14,小林捺花,50.0,ダ,1500.0,不,105.7,6.2,7-9-7-12,47.4,425,-3,ノンリミタシオン,
2020101509,マイカグラ,2023/05/16,川崎,晴,3,大瑠璃特別(3歳),14,2,2,8.0,4.0,13,笹川翼,54.0,ダ,1500.0,重,103.6,3.9,1-1-4-6,45.9,428,1,ルンバルンバルンバ,
2020101509,マイカグラ,2023/04/04,川崎,晴,4,鳥語花香賞(3歳),12,3,3,7.2,5.0,8,野畑凌,53.0,ダ,1400.0,良,94.7,1.8,1-2-5-6,42.2,427,3,インプローヴィング,
2020101509,マイカグラ,2023/02/27,川崎,晴,1,桜花爛漫賞(3歳),12,4,4,39.0,8.0,2,野畑凌,53.0,ダ,1400.0,良,94.3,0.1,1-1-1-1,40.5,424,-12,フェルベンゲート,72.0
2020101509,マイカグラ,2022/08/02,川崎,晴,4,こだま賞(2歳),9,7,7,,,除,笹川翼,55.0,ダ,900.0,良,,,,,429,-7,グリーリー,
2020101509,マイカグラ,2022/07/08,川崎,晴,5,スパーキングデビュー(2歳),6,5,5,10.0,3.0,1,笹川翼,54.0,ダ,900.0,良,56.8,0.0,2-2,38.3,436,0,(ロックオンファルコ),270.0
2018102301,パイナ,2026/07/15,浦和,晴,6,AIウラワール賞(C2),11,1,1,11.3,5.0,1.0,山本大翔,51.0,ダ,800.0,良,47.9,-0.1,8-6,34.9,457.0,-1.0,(メーネフロタント),100.0
2018102301,パイナ,2026/07/07,川崎,曇,7,稲魂賞(C2),12,8,12,20.5,5.0,5.0,山本大翔,51.0,ダ,900.0,重,55.9,0.4,4-4,38.3,458.0,-8.0,スレヒトゥヴアルク,10.0
2018102301,パイナ,2026/06/25,浦和,雨,7,作付面積日本一深谷ブ(C2),12,4,4,29.7,7.0,4.0,山本大翔,51.0,ダ,800.0,不,47.6,0.5,6-4,34.8,466.0,2.0,クインズハッピー,15.0
2018102301,パイナ,2026/04/23,浦和,雨,6,さいたまオーガニック(C2),12,8,12,25.4,6.0,6.0,山本大翔,51.0,ダ,800.0,良,49.1,1.3,5-3,36.3,464.0,-5.0,ビヴァアカプルコ,
2018102301,パイナ,2026/03/30,船橋,晴,5,夜桜ダッシュ(C2),14,1,1,40.5,8.0,9.0,新原周馬,54.0,ダ,1000.0,稍,63.8,1.0,9-7,39.8,469.0,-5.0,エスペラード,
2018102301,パイナ,2026/03/10,船橋,晴,8,馬い!熊本菊池水田ご(C2五),12,2,2,48.5,8.0,12.0,川島正太,54.0,ダ,1200.0,稍,79.2,3.1,1-1-1,42.1,474.0,7.0,ミライヘノテンシ,
2018102301,パイナ,2026/03/02,川崎,曇,9,天雷賞(C2),11,2,2,6.1,2.0,4.0,新原周馬,54.0,ダ,900.0,稍,56.6,0.3,6-3,38.2,467.0,0.0,ヒューマンライツ,15.0
2018102301,パイナ,2025/10/03,船橋,曇,5,十倉ダッシュ(C2),13,5,8,4.6,3.0,11.0,椿聡太,51.0,ダ,1000.0,良,63.1,1.3,6-5,39.0,467.0,0.0,ロトカグラ,
2018102301,パイナ,2025/09/22,浦和,晴,8,浦和800ラウンド(C2),10,5,5,12.5,4.0,4.0,椿聡太,51.0,ダ,800.0,稍,47.4,0.1,8-5,34.6,467.0,8.0,クインズハッピー,15.0
2018102301,パイナ,2025/06/03,船橋,雨,5,ムササビダッシュ(C2),14,5,8,21.7,8.0,5.0,山本大翔,51.0,ダ,1000.0,不,62.7,0.6,5-6,38.5,459.0,-18.0,スズノライン,15.0
2018102301,パイナ,2025/04/08,川崎,晴,1,初雷賞(C2),12,8,11,6.8,3.0,4.0,笹川翼,54.0,ダ,900.0,稍,56.9,1.5,3-2,39.0,477.0,0.0,ダンシングクライ,15.0
2018102301,パイナ,2025/03/19,浦和,雨,6,浦和800ラウンド(C2),0,3,3,,,,笹川翼,54.0,ダ,800.0,不,,,,,,,,
2018102301,パイナ,2025/03/06,川崎,曇,1,雷魚賞(C2),9,5,5,8.6,3.0,6.0,笹川翼,54.0,ダ,900.0,不,56.5,0.7,1-1,39.1,477.0,2.0,エースクイーン,
2018102301,パイナ,2025/01/02,川崎,晴,5,二人羽織賞(C2),12,1,1,13.6,3.0,4.0,岩橋勇二,54.0,ダ,900.0,良,56.6,0.3,8-7,38.5,475.0,1.0,イェルマーク,15.0
2018102301,パイナ,2024/10/30,船橋,晴,7,さそり座ダッシュ(C1),14,4,5,6.0,3.0,12.0,Ｒ．クア,54.0,ダ,1000.0,重,64.8,2.9,10-9,40.1,474.0,-5.0,ミホノキセキ,
2018102301,パイナ,2024/10/09,川崎,曇,8,流鏑馬賞(C1),12,5,5,7.2,2.0,2.0,笹川翼,54.0,ダ,900.0,不,56.0,0.3,5-3,38.1,479.0,6.0,ドロットニング,48.0
2018102301,パイナ,2024/08/09,川崎,晴,10,第77回秦野たばこ祭(C1),10,7,8,15.5,7.0,2.0,笹川翼,54.0,ダ,900.0,良,55.6,0.2,4-3,37.9,473.0,-1.0,デーレーラプター,48.0
2018102301,パイナ,2024/07/23,川崎,晴,7,雷鳴賞(C2),12,2,2,5.3,3.0,3.0,笹川翼,54.0,ダ,900.0,稍,55.5,0.5,7-3,38.0,474.0,15.0,ニシノタメチカ,25.0
2018102301,パイナ,2024/05/07,川崎,曇,9,小田原あんこうカレー(C1),10,5,5,8.3,3.0,8.0,笹川翼,54.0,ダ,900.0,稍,56.7,2.6,8-7,38.6,459.0,-2.0,サンエイジロー,
2018102301,パイナ,2024/03/11,川崎,晴,9,これからも「遊びを、(C1),12,5,6,3.3,2.0,3.0,笹川翼,54.0,ダ,900.0,良,56.8,0.4,9-6,39.0,461.0,-8.0,サツキスカイ,30.0
2018102301,パイナ,2024/01/29,川崎,晴,4,雷鼓賞(C2),12,1,1,2.8,2.0,1.0,岩橋勇二,54.0,ダ,900.0,良,56.9,-0.1,7-5,38.6,469.0,5.0,(マンジュ),100.0
2018102301,パイナ,2023/11/29,船橋,晴,8,馬い!淡路玉ねぎうし(C1),12,5,6,41.6,9.0,5.0,桑村真明,54.0,ダ,1200.0,良,75.4,0.6,2-2-2,38.8,464.0,-13.0,クールガジェット,12.0
2018102301,パイナ,2023/11/06,川崎,晴,12,剛塊賞(C1),12,8,12,6.5,2.0,4.0,岡村健司,54.0,ダ,900.0,良,55.7,1.1,3-3,38.1,477.0,4.0,ガーレ,18.0
2018102301,パイナ,2023/10/10,川崎,雨,8,大磯らしい潤いづくり(C1),11,8,10,4.0,2.0,2.0,笹川翼,54.0,ダ,900.0,不,55.9,0.9,3-3,38.2,473.0,-1.0,サンエイヴィクター,48.0
2018102301,パイナ,2023/08/22,川崎,曇,6,雷鳴賞(C2),10,1,1,4.8,2.0,1.0,Ｒ．クア,54.0,ダ,900.0,稍,54.6,-0.6,1-1,37.5,474.0,8.0,(フェデフルール),100.0
2018102301,パイナ,2023/07/07,川崎,晴,9,ばらで輝くまちあやせ(C2),11,2,2,4.9,3.0,5.0,森泰斗,54.0,ダ,900.0,良,55.2,1.1,8-7,37.3,466.0,-8.0,ビップレジアス,10.0
2018102301,パイナ,2023/06/13,川崎,晴,6,駿逸賞(C1),11,2,2,8.6,4.0,5.0,丸田恭介,54.0,ダ,900.0,重,56.0,0.5,8-7,38.1,474.0,21.0,プレストルーチェ,12.0
2018102301,パイナ,2023/03/13,船橋,曇,9,C1五六,12,4,4,7.9,4.0,4.0,木間塚龍,51.0,ダ,1200.0,良,77.5,0.5,6-6-5,39.5,453.0,-6.0,アチェロイス,18.0
2018102301,パイナ,2023/01/18,船橋,晴,9,睦月スプリント(C1),12,1,1,6.8,3.0,8.0,新原周馬,53.0,ダ,1200.0,良,78.5,1.2,2-1-1,40.6,459.0,-7.0,ペイシャムスビ,
2018102301,パイナ,2022/12/12,川崎,晴,7,闘魂賞(C1),12,8,11,6.0,3.0,3.0,新原周馬,52.0,ダ,900.0,稍,55.9,0.3,9-11,37.2,466.0,-8.0,モモサン,30.0
2018102301,パイナ,2022/10/13,川崎,雨,9,快翔賞(C1),10,7,8,2.2,1.0,5.0,新原周馬,52.0,ダ,900.0,重,55.6,0.5,2-2,38.2,474.0,-2.0,モンゲーアラシ,12.0
2018102301,パイナ,2022/09/29,船橋,曇,8,馬い!八幡平バイオレ(C1),11,5,5,17.6,7.0,2.0,新原周馬,52.0,ダ,1200.0,良,75.4,0.6,1-1-1,39.6,476.0,7.0,ヴィスコンティ,48.0
2018102301,パイナ,2022/08/22,船橋,曇,9,オーガストダッシュ(C1C2),11,1,1,3.4,2.0,7.0,新原周馬,52.0,ダ,1000.0,良,63.7,2.7,1-1,40.7,469.0,5.0,モーデン,
2018102301,パイナ,2022/07/23,船橋,晴,9,夏の陣ダッシュ(C1C2),14,4,6,3.4,1.0,1.0,新原周馬,50.0,ダ,1000.0,良,61.6,-0.1,4-4,38.4,464.0,-1.0,(ハクアイゴジロー),150.0
2018102301,パイナ,2022/06/13,川崎,曇,7,風神賞(C2),12,6,7,1.9,1.0,1.0,新原周馬,51.0,ダ,900.0,良,55.4,-0.2,4-3,37.6,465.0,5.0,(ミトノマジック),100.0
2018102301,パイナ,2022/04/15,船橋,雨,8,ハナミズキスプリント(C2),12,6,7,2.8,1.0,7.0,新原周馬,51.0,ダ,1200.0,重,79.0,2.3,2-3-3,42.8,460.0,-3.0,フォースウィズユー,
2018102301,パイナ,2022/02/16,船橋,晴,5,アメジストダッシュ(C2C3),14,2,2,4.2,2.0,2.0,池谷匠翔,54.5,ダ,1000.0,重,60.3,0.4,1-1,37.3,463.0,-4.0,レイジングリヴァー,52.0
2018102301,パイナ,2021/12/14,川崎,曇,6,雷雪賞(C2),12,1,1,3.0,2.0,1.0,笹川翼,54.0,ダ,900.0,重,53.7,-0.1,4-3,36.0,467.0,8.0,(シャウト),100.0
2018102301,パイナ,2021/10/13,川崎,曇,2,スピア賞(3歳),12,1,1,2.2,1.0,2.0,笹川翼,53.0,ダ,900.0,稍,54.6,1.0,1-2,37.4,459.0,5.0,シャウト,56.0
2018102301,パイナ,2021/08/22,2札幌4,晴,2,3歳未勝利,12,5,6,14.5,5.0,8.0,団野大成,54.0,ダ,1000.0,良,61.1,1.0,5-4,36.8,454.0,-4.0,アイヴォリーアイ,
2018102301,パイナ,2021/07/31,1函館9,曇,3,3歳未勝利,12,5,6,54.5,10.0,3.0,団野大成,54.0,ダ,1000.0,良,59.8,0.4,2-2,36.6,458.0,5.0,サンランシング,130.0
2018102301,パイナ,2021/06/16,川崎,雨,8,ムーンストーンフラワ(3歳),11,3,3,6.3,3.0,6.0,笹川翼,54.0,ダ,1400.0,不,91.7,1.7,7-6-4-4,41.2,453.0,-13.0,グローリアスゾスマ,
2018102301,パイナ,2021/05/16,2新潟4,曇,2,3歳未勝利,15,4,7,118.6,11.0,5.0,丸田恭介,54.0,ダ,1200.0,良,73.6,1.0,3-4,38.1,466.0,-12.0,ディベルティール,51.0
2018102301,パイナ,2021/03/14,2中山6,晴,2,3歳未勝利,15,3,5,288.4,14.0,15.0,井上敏樹,54.0,ダ,1200.0,不,80.6,8.8,15-15,38.9,478.0,0.0,レイハリア,
2022104165,インマイブラッド,2026/07/16,浦和,曇,5,特選(C2),11,8,10,82.7,9.0,4.0,伊藤裕人,54.5,ダ,1400.0,良,90.2,0.9,10-10-10-6,38.3,434.0,-12.0,サンタアナウインド,16.5
2022104165,インマイブラッド,2026/07/07,川崎,曇,7,稲魂賞(C2),12,4,4,125.5,11.0,8.0,伊藤裕人,54.0,ダ,900.0,重,56.5,1.0,12-12,37.6,446.0,4.0,スレヒトゥヴアルク,
2022104165,インマイブラッド,2026/06/16,川崎,晴,8,ソルスティツィオ賞(C2),10,8,10,206.3,10.0,10.0,伊藤裕人,54.0,ダ,1500.0,稍,101.3,3.2,4-4-4-9,43.5,442.0,3.0,ハヤブサアポチャン,
2022104165,インマイブラッド,2026/06/03,船橋,雨,4,アマガエルスプリント(C2),11,1,1,310.6,9.0,9.0,伊藤裕人,54.0,ダ,1200.0,不,78.1,2.4,3-5-5,41.9,439.0,-3.0,ベルヴィヴァン,
2022104165,インマイブラッド,2026/05/12,川崎,晴,4,C2三四,12,6,8,31.3,8.0,10.0,佐藤翔馬,51.0,ダ,1400.0,良,93.7,1.4,1-4-4-3,41.8,442.0,6.0,ロコモーション,
2022104165,インマイブラッド,2026/04/06,川崎,晴,8,C2一二,12,4,4,38.9,9.0,11.0,町田直希,52.0,ダ,1400.0,重,94.7,2.4,2-3-5-5,42.8,436.0,-7.0,ミライヘノテンシ,
2022104165,インマイブラッド,2025/12/26,金沢,雪,6,パカやろう!に感謝賞(C2),0,2,2,,,,鈴木太一,55.0,ダ,1500.0,不,,,,,,,,
2022104165,インマイブラッド,2025/12/08,金沢,雨,10,金沢競馬C1プレミア,9,7,7,108.2,8.0,7.0,平瀬城久,55.0,ダ,1500.0,重,97.6,1.9,8-8-8-7,40.3,443.0,2.0,ハクサンリバーブ,
2022104165,インマイブラッド,2025/11/17,金沢,曇,8,ハチコオブシュガー生(C2),8,7,7,1.1,1.0,1.0,吉田晃浩,55.0,ダ,1500.0,良,99.3,-0.5,2-2-2-1,40.4,441.0,-1.0,(クラッパーボード),43.0
2022104165,インマイブラッド,2025/11/04,金沢,晴,7,金沢競馬C2プレミア,8,8,8,8.0,4.0,5.0,吉田晃浩,55.0,ダ,1400.0,重,90.7,1.6,2-2-2-2,39.9,442.0,22.0,ルシャリオ,4.7
2022104165,インマイブラッド,2025/07/19,2小倉7,晴,6,3歳未勝利,16,1,1,122.2,11.0,7.0,川須栄彦,55.0,ダ,1700.0,重,105.5,0.5,7-7-7-7,37.9,420.0,2.0,カルミアクラウン,
2022104165,インマイブラッド,2025/05/25,2京都10,曇,2,3歳未勝利,16,7,14,173.7,12.0,8.0,古川吉洋,55.0,ダ,1800.0,不,112.6,2.0,6-7-5-3,38.6,418.0,-8.0,ジュルナール,
2022104165,インマイブラッド,2025/05/11,1新潟4,小雨,1,3歳未勝利,15,4,7,37.1,9.0,7.0,小沢大仁,55.0,ダ,1800.0,稍,118.8,2.7,9-9-10-8,39.9,426.0,12.0,レイバックスピン,
2022104165,インマイブラッド,2025/02/22,1小倉9,晴,1,3歳未勝利,16,5,10,9.4,5.0,14.0,小沢大仁,55.0,ダ,1700.0,良,111.6,5.0,10-8-8-9,41.9,414.0,-4.0,ネティフラウ,
2022104165,インマイブラッド,2025/01/26,1小倉2,晴,1,3歳未勝利,13,5,6,76.7,12.0,3.0,小沢大仁,54.0,ダ,1700.0,良,108.5,0.4,8-6-5-5,40.1,418.0,-4.0,サンコンクエスト,140.0
2022104165,インマイブラッド,2024/12/22,7京都8,曇,1,2歳未勝利,16,2,3,162.6,12.0,16.0,団野大成,55.0,ダ,1400.0,良,88.9,2.8,10-9,40.4,422.0,-6.0,オリージネアリア,
2022104165,インマイブラッド,2024/10/13,5京都4,晴,1,2歳未勝利,11,6,6,32.9,9.0,9.0,団野大成,55.0,ダ,1400.0,良,88.8,3.3,8-8,40.6,428.0,2.0,シャドウキャッスル,
2022104165,インマイブラッド,2024/09/16,3中京5,晴,1,2歳未勝利,10,8,9,18.8,8.0,2.0,団野大成,55.0,ダ,1400.0,稍,87.1,1.2,6-6,38.3,426.0,-2.0,ヴァカンツァ,220.0
2022104165,インマイブラッド,2024/08/17,2中京3,晴,5,2歳新馬,18,1,2,42.4,9.0,13.0,団野大成,55.0,芝,1400.0,良,83.7,1.7,17-17,34.9,428.0,0.0,ラヴェンデル,
2022101009,グァンバーレ,2026/07/06,川崎,曇,6,稲光賞(C2),12,5,6,47.0,9.0,9,古岡勇樹,54.0,ダ,900.0,重,56.9,1.4,11-9,37.9,433,-1,セッカチドラゴン,
2022101009,グァンバーレ,2026/06/15,川崎,曇,9,駿逸賞(C1),12,5,5,31.0,8.0,8,古岡勇樹,54.0,ダ,900.0,重,56.6,1.4,11-10,37.8,434,3,ミスフォルテ,
2022101009,グァンバーレ,2026/05/26,浦和,曇,6,うどんとこいのぼりの(C1),12,2,2,58.6,10.0,3,古岡勇樹,54.0,ダ,1400.0,稍,90.7,0.4,4-4-5-5,39.3,431,-1,サンスレッド,30.0
2022101009,グァンバーレ,2026/05/11,川崎,晴,12,青玉賞(C1),12,6,7,110.0,11.0,9,池谷匠翔,54.0,ダ,900.0,良,56.1,1.8,9-9,37.7,432,2,マナコア,
2022101009,グァンバーレ,2026/04/08,川崎,晴,7,丸子の渡し賞(C1),12,5,6,46.6,8.0,5,古岡勇樹,54.0,ダ,900.0,稍,55.9,1.0,5-5,38.2,430,-2,クリノウィリアム,12.0
2022101009,グァンバーレ,2026/03/18,浦和,曇,6,あれ幸せ暮らしイイじ(C1C2),12,5,6,44.9,9.0,6,池谷匠翔,55.0,ダ,800.0,良,49.4,1.0,10-11,36.3,432,-3,アライグマパンチ,
2022101009,グァンバーレ,2026/03/03,川崎,雨,12,進撃賞(C1),12,7,9,117.3,11.0,6,池谷匠翔,54.0,ダ,900.0,不,55.9,1.2,6-8,38.0,435,2,アタゴテンジン,
2022101009,グァンバーレ,2026/02/03,川崎,晴,8,久遠賞(C1),12,4,4,96.9,9.0,4,古岡勇樹,54.0,ダ,900.0,良,56.1,0.6,6-6,38.5,433,-2,ショコラブレッド,18.0
2022101009,グァンバーレ,2026/01/03,川崎,晴,12,恵比寿天賞(C1),12,7,10,108.9,11.0,10,木間塚龍,54.0,ダ,1400.0,稍,94.2,2.3,3-3-3-7,42.1,435,-12,サラサエンペラー,
2022101009,グァンバーレ,2025/12/16,川崎,晴,12,寄ロウバイまつり賞(C1),14,8,14,53.1,10.0,12,木間塚龍,54.0,ダ,1500.0,重,102.1,3.8,2-2-4-8,45.1,447,11,ベネディット,
2022101009,グァンバーレ,2025/11/18,川崎,晴,6,ダージリン賞(C2),14,6,9,38.7,7.0,3,木間塚龍,54.0,ダ,1500.0,良,98.8,1.2,1-1-1-1,41.3,436,6,ノーブルクリード,37.5
2022101009,グァンバーレ,2025/10/27,浦和,晴,9,錦秋特別(C2),12,5,5,77.3,8.0,5,木間塚龍,54.0,ダ,1500.0,重,95.6,1.3,3-3-3-3,37.9,430,-5,ショコラエクレール,15.0
2022101009,グァンバーレ,2025/10/14,川崎,曇,4,弓弦賞(C23歳),9,6,6,149.2,9.0,7,池谷匠翔,54.0,ダ,1500.0,良,98.6,2.1,7-8-9-9,41.4,435,4,コパノオーランド,
2022101009,グァンバーレ,2025/09/09,川崎,晴,4,啄木鳥特別(3歳),14,6,10,63.9,11.0,6,池谷匠翔,54.0,ダ,1500.0,稍,99.9,1.3,5-5-5-6,42.1,431,-6,アンジュメロディ,
2022101009,グァンバーレ,2025/08/25,川崎,晴,2,笹五位特別(3歳),14,2,2,171.9,13.0,6,池谷匠翔,54.0,ダ,1500.0,良,98.8,2.0,6-6-8-8,42.1,437,7,マルセルテソーロ,
2022101009,グァンバーレ,2025/08/07,川崎,曇,1,仏法僧特別(3歳),12,7,10,144.5,11.0,6,池谷匠翔,54.0,ダ,1600.0,良,107.1,1.5,4-4-3-4,42.3,430,5,ユメドリーム,
2022101009,グァンバーレ,2025/07/09,川崎,晴,5,赤翡翠特別(3歳),14,4,6,243.5,13.0,10,池谷匠翔,54.0,ダ,1500.0,良,100.6,1.9,10-12-12-12,41.9,425,1,ソリスレガーロ,
2022101009,グァンバーレ,2025/06/18,川崎,晴,6,青葉木菟特別(3歳),14,8,14,135.4,14.0,11,池谷匠翔,54.0,ダ,1500.0,良,99.3,3.0,12-13-13-13,42.4,424,1,チャチャハツゴウ,
2022101009,グァンバーレ,2025/05/26,浦和,曇,5,浦和ファイブチャレン(3歳),8,4,4,122.3,8.0,5,池谷匠翔,54.0,ダ,1500.0,稍,96.0,2.2,8-7-7-5,38.1,423,4,スーパーロゴ,18.0
2022101009,グァンバーレ,2025/05/13,川崎,晴,3,大瑠璃賞(3歳),12,5,6,159.6,12.0,11,池谷匠翔,54.0,ダ,1500.0,重,101.9,2.8,6-8-12-12,44.2,419,6,アドルナティック,
2022101009,グァンバーレ,2025/04/23,浦和,雨,8,若駒特別(3歳),12,3,3,25.3,7.0,10,池谷匠翔,54.0,ダ,1500.0,稍,98.6,2.5,5-6-11-12,40.4,413,-7,ツウエンティフォー,
2022101009,グァンバーレ,2025/04/07,川崎,曇,1,レインボー賞(3歳),10,4,4,249.6,10.0,9,木間塚龍,54.0,ダ,900.0,稍,57.0,1.8,9-10,38.8,420,2,カンノンミカヅキ,
2022101009,グァンバーレ,2025/03/18,浦和,晴,4,浦和800ラウンド(3歳),10,3,3,150.4,10.0,9,木間塚龍,55.0,ダ,800.0,稍,50.0,1.3,10-10,37.2,418,-4,テルケンレンタワー,
2022101009,グァンバーレ,2025/03/07,川崎,晴,3,シュトゥルムヴィント(3歳),12,2,2,356.4,12.0,12,本田紀忠,54.0,ダ,900.0,重,57.2,2.6,12-12,38.5,422,-1,カンノンミカヅキ,
2022101009,グァンバーレ,2025/02/08,川崎,晴,1,テンポラーレ賞(3歳),11,7,9,61.6,9.0,11,神尾香澄,51.0,ダ,900.0,良,57.9,2.6,11-11,39.1,423,-1,ランラン,
2022101009,グァンバーレ,2025/01/21,船橋,晴,5,若駒スプリント(3歳),12,1,1,151.3,11.0,11,加藤雄真,51.0,ダ,1200.0,良,77.6,3.4,7-7-9,40.6,424,-14,ブライトフラッシュ,
2022101009,グァンバーレ,2025/01/02,川崎,晴,1,羽根つき賞(3歳),12,7,9,63.4,8.0,5,木間塚龍,53.0,ダ,900.0,良,56.9,1.7,5-6,38.8,438,-15,カンノンミカヅキ,25.0
2022101009,グァンバーレ,2024/12/10,川崎,晴,3,あさま賞(2歳),12,8,11,30.9,7.0,9,木間塚龍,54.0,ダ,900.0,良,57.4,2.1,7-10,39.3,453,33,ランラン,
2022101009,グァンバーレ,2024/08/08,川崎,曇,11,初陣(OP)(2歳),6,6,6,44.1,6.0,4,木間塚龍,54.0,ダ,1400.0,良,94.3,2.9,5-4-4-4,40.7,420,-3,ベアバッキューン,75.0
2022101009,グァンバーレ,2024/07/25,川崎,晴,6,シャイニングヒーロー(2歳),14,3,4,51.5,9.0,7,小林捺花,50.0,ダ,1500.0,良,100.7,2.5,2-2-2-5,44.0,423,-3,ヤギリケハヤ,
2022101009,グァンバーレ,2024/07/02,川崎,晴,5,シャイニングスター賞(2歳),6,3,3,5.5,3.0,4,小林捺花,50.0,ダ,1400.0,重,95.5,1.9,1-2-1-1,43.8,426,10,グレアネオンライト,52.5
2022101009,グァンバーレ,2024/06/13,川崎,曇,3,スパーキングデビュー(2歳),7,5,5,5.1,4.0,1,小林捺花,50.0,ダ,900.0,稍,55.4,-1.4,1-1,38.4,416,0,(クォンタイズ),420.0
2020105193,メイワノワ,2026/07/10,川崎,晴,7,稲妻賞(C2),10,8,10,196.0,10.0,10.0,岡村裕基,54.0,ダ,900.0,良,57.6,2.7,10-10,38.4,449,-2,リュウノシンクウハ,
2020105193,メイワノワ,2026/05/12,川崎,晴,7,C2三四,12,8,12,118.9,10.0,12.0,加藤雄真,51.0,ダ,1400.0,良,95.0,3.4,10-11-11-12,41.8,451,0,オリコウパラダイス,
2020105193,メイワノワ,2026/04/21,浦和,晴,8,春暖特別(C2),13,5,7,62.2,12.0,8.0,加藤雄真,51.0,ダ,1400.0,良,91.9,1.7,9-9-8-9,40.0,451,-8,デルマネコダマシ,
2020105193,メイワノワ,2026/04/06,川崎,晴,6,C2一二,12,8,12,56.8,8.0,12.0,加藤雄真,51.0,ダ,1400.0,重,95.0,3.6,6-6-6-10,42.0,459,9,ヴィトーリアヘーザ,
2020105193,メイワノワ,2026/03/04,川崎,曇,12,2026川崎ジョッキ(C2),14,7,11,6.7,3.0,7.0,佐野遥久,53.0,ダ,1500.0,不,99.6,2.7,3-3-5-5,42.8,450,-8,シエルラビクトア,
2020105193,メイワノワ,2025/11/18,川崎,晴,12,グリーンチャンネル開(C1五),14,6,10,6.2,3.0,11.0,中山遥人,51.0,ダ,1500.0,良,99.8,2.6,2-3-5-7,43.0,458,5,ブーケドグレイス,
2020105193,メイワノワ,2025/10/16,川崎,曇,8,YJSトライアルラウ(C2),14,8,13,6.3,2.0,1.0,谷原柚希,54.0,ダ,1600.0,重,107.8,-0.3,3-3-5-4,42.4,453,0,(レイニングキング),200.0
2020105193,メイワノワ,2025/09/10,川崎,晴,7,C2三四,14,4,6,20.4,9.0,1.0,加藤雄真,51.0,ダ,1500.0,良,99.0,-0.4,5-4-4-3,41.6,453,-5,(キープアドーラブル),100.0
2020105193,メイワノワ,2025/08/22,川崎,晴,8,C2三四五(C2四),10,7,8,4.9,3.0,7.0,加藤雄真,51.0,ダ,1500.0,良,99.9,1.3,5-5-5-7,41.2,458,1,ガルニエ,
2020105193,メイワノワ,2025/08/05,川崎,晴,6,ペパーミント賞(C3),10,1,1,5.6,3.0,1.0,加藤雄真,51.0,ダ,1500.0,良,98.4,0.0,5-4-4-3,40.5,457,9,(パーティーキング),120.0
2020105193,メイワノワ,2025/07/07,川崎,晴,7,C3三四五(C3四),12,8,12,10.2,5.0,1.0,加藤雄真,51.0,ダ,1500.0,良,100.0,0.0,2-2-2-2,42.7,448,8,(ラピッドフロウ),80.0
2020105193,メイワノワ,2025/06/18,川崎,晴,2,ローズマリー賞(C3),12,5,5,5.5,3.0,4.0,加藤雄真,51.0,ダ,1400.0,良,94.3,1.1,8-8-6-8,41.9,440,-7,ワンダフルグレイス,18.0
2020105193,メイワノワ,2025/05/14,川崎,晴,12,2025川崎ジョッキ(C3),14,8,14,10.8,6.0,1.0,山崎誠士,54.0,ダ,1400.0,稍,94.0,-0.2,4-4-2-1,41.6,447,3,(リオンポラリス),90.0
2020105193,メイワノワ,2025/04/09,川崎,晴,2,弘法の松賞(C3四),12,8,12,46.7,10.0,7.0,池谷匠翔,51.0,ダ,1400.0,稍,95.1,1.5,10-10-9-10,41.9,444,5,スマイルフェリス,
2020105193,メイワノワ,2025/03/19,浦和,雨,3,C3三四,0,3,3,,,,加藤雄真,51.0,ダ,1500.0,不,,,,,431,-8,,
2020105193,メイワノワ,2025/03/04,川崎,曇,3,C3六七八(C3七),8,3,3,39.0,7.0,2.0,加藤雄真,51.0,ダ,1400.0,不,94.4,0.4,7-7-3-3,41.1,439,5,ミストラ,32.0
2020105193,メイワノワ,2025/02/07,川崎,晴,3,C3三四,12,3,3,101.0,8.0,8.0,池谷匠翔,54.0,ダ,1400.0,良,95.4,2.1,10-9-11-9,40.9,434,-8,ミヤビハイジア,
2020105193,メイワノワ,2024/10/11,川崎,晴,6,山椒賞(C3),12,1,1,74.6,10.0,10.0,中越琉世,54.0,ダ,1500.0,重,102.7,3.1,6-6-7-7,42.9,442,8,コングラツィア,
2020105193,メイワノワ,2024/09/05,川崎,晴,6,サフラン賞(C3),12,2,2,12.1,6.0,8.0,中越琉世,54.0,ダ,1500.0,稍,102.5,1.5,11-10-9-8,41.3,434,-7,ガリンシャ,
2020105193,メイワノワ,2024/08/22,浦和,曇,9,C3三四五(C3四),9,7,7,47.8,7.0,3.0,中越琉世,54.0,ダ,1500.0,良,98.8,1.0,6-5-3-3,40.7,441,2,キングブルズアイズ,20.0
2020105193,メイワノワ,2024/08/07,川崎,曇,12,2024川崎ジョッキ(C3),14,6,9,63.7,13.0,2.0,中越琉世,54.0,ダ,1500.0,良,100.1,0.6,9-10-5-6,40.9,439,2,ナムラキャッツ,36.0
2020105193,メイワノワ,2024/07/24,川崎,晴,6,C3三四,12,5,5,159.1,11.0,6.0,古岡勇樹,54.0,ダ,1400.0,良,94.1,1.3,8-8-7-6,41.7,437,6,ミナトイチバン,
2020105193,メイワノワ,2024/07/03,川崎,晴,3,C3五六,12,4,4,40.9,10.0,6.0,古岡勇樹,54.0,ダ,1400.0,重,94.8,1.3,10-7-8-8,41.8,431,1,ワンラヴ,
2020105193,メイワノワ,2024/06/14,川崎,晴,7,C2六七八(C2七),12,8,11,139.9,11.0,7.0,加藤雄真,51.0,ダ,1400.0,良,94.7,1.7,11-11-11-9,40.2,430,4,ナリノビスケッツ,
2020105193,メイワノワ,2024/05/10,川崎,晴,12,ファイナルアンサー賞(C3),9,7,7,42.2,7.0,4.0,小林捺花,50.0,ダ,1500.0,良,100.8,0.7,7-6-5-5,40.1,426,-3,ブルベアベージュ,12.0
2020105193,メイワノワ,2024/04/01,川崎,晴,6,アスターテ賞(C3),10,1,1,125.6,10.0,9.0,加藤雄真,51.0,ダ,2000.0,重,143.9,3.5,9-9-9-9,45.4,429,-1,モナークスラッガー,
2020105193,メイワノワ,2024/03/14,川崎,晴,2,ヴィクトリア賞(C3),11,7,8,259.7,11.0,7.0,中島良美,50.0,ダ,2000.0,重,142.1,3.0,10-10-11-9,44.3,430,0,コスモヴェレッド,
2020105193,メイワノワ,2024/01/29,川崎,晴,7,アリアンロッド賞(C3),14,4,5,382.8,14.0,8.0,中島良美,51.0,ダ,2000.0,良,141.3,3.5,6-5-7-6,43.5,430,5,ダルジェント,
2020105193,メイワノワ,2024/01/04,川崎,晴,5,天照賞(C3),13,8,12,311.8,13.0,10.0,木澤奨,51.0,ダ,2000.0,良,140.6,3.4,10-11-12-12,43.0,425,-7,ダルジェント,
2020105193,メイワノワ,2023/12/12,川崎,曇,5,雉鳩特別(3歳),13,8,12,73.5,8.0,10.0,丹内祐次,54.0,ダ,1500.0,稍,104.4,2.7,10-11-7-9,44.2,432,3,ロットゥーラ,
2020105193,メイワノワ,2023/11/28,船橋,晴,1,3歳選抜馬,11,8,10,149.8,8.0,8.0,古岡勇樹,54.0,ダ,1200.0,良,77.4,1.3,9-9-9,39.6,429,3,メーテルコート,
2020105193,メイワノワ,2023/11/10,川崎,曇,4,百舌鳥特別(3歳),11,7,8,44.5,7.0,6.0,古岡勇樹,54.0,ダ,1500.0,良,101.7,2.1,11-11-5-6,42.9,426,-3,クロニオス,
2020105193,メイワノワ,2023/10/11,川崎,晴,1,切通賞(3歳),11,4,4,254.5,11.0,6.0,岡村裕基,54.0,ダ,900.0,重,57.4,1.8,9-7,38.3,429,-2,オダマキ,
2020105193,メイワノワ,2023/09/11,川崎,晴,5,エストレージャ特別(3歳),9,5,5,181.4,9.0,9.0,岡村裕基,54.0,ダ,1400.0,良,97.3,3.2,9-9-7-9,42.6,431,-3,カネトシシュキン,
2020105193,メイワノワ,2023/08/21,川崎,晴,10,鶫特別(3歳),13,8,12,72.2,11.0,13.0,岡村裕基,54.0,ダ,1500.0,良,102.0,3.9,11-11-10-13,43.6,434,5,ヴィンチェンツォ,
2020105193,メイワノワ,2023/07/27,川崎,晴,5,オーブ特別(3歳),10,7,8,159.4,10.0,3.0,岡村裕基,54.0,ダ,1500.0,良,100.0,1.5,9-9-8-8,40.6,429,0,グローリアスメイ,35.0
2020105193,メイワノワ,2023/07/03,川崎,晴,3,ランポ特別(3歳),11,6,7,107.0,11.0,9.0,岡村裕基,54.0,ダ,1400.0,良,95.8,1.8,11-11-9-10,41.4,429,0,ヤマイチアクトレス,
2020105193,メイワノワ,2023/06/13,川崎,晴,1,3歳5,10,6,6,197.1,10.0,6.0,岡村裕基,54.0,ダ,1400.0,重,95.3,1.9,10-9-7-9,41.5,429,5,ゴールデンカガヤ,
2020105193,メイワノワ,2023/05/16,川崎,晴,1,3歳5,12,6,8,193.9,12.0,6.0,岡村裕基,54.0,ダ,1400.0,重,96.0,1.9,11-11-8-7,41.6,424,1,ルートゥドゥピエ,
2020105193,メイワノワ,2023/04/26,浦和,雨,3,3歳五六,12,7,9,126.6,11.0,10.0,増田充宏,54.0,ダ,1400.0,重,92.9,3.4,12-12-11-11,40.6,423,-2,スターハッスル,
2020105193,メイワノワ,2023/04/03,川崎,晴,1,3歳5,11,6,7,255.8,11.0,9.0,増田充宏,54.0,ダ,1400.0,良,97.9,2.5,11-10-11-11,42.4,425,1,アウトサイドベット,
2020105193,メイワノワ,2023/02/27,川崎,晴,1,桜花爛漫賞(3歳),12,5,6,169.6,12.0,12.0,増田充宏,54.0,ダ,1400.0,良,96.5,2.3,12-12-11-12,41.7,424,3,フェルベンゲート,
2020105193,メイワノワ,2023/02/01,川崎,晴,1,迦陵頻伽賞(3歳),12,7,9,687.4,12.0,10.0,伊藤裕人,54.0,ダ,1400.0,良,97.0,4.0,12-12-11-11,42.7,421,3,キャッツライズ,
2020105193,メイワノワ,2023/01/17,船橋,晴,3,3歳四五,12,4,4,155.4,12.0,10.0,伊藤裕人,54.0,ダ,1500.0,良,104.3,2.1,10-10-8-9,42.2,418,-2,ビービーシャーンス,
2020105193,メイワノワ,2023/01/03,川崎,晴,2,寿老人賞(3歳),10,7,7,49.1,8.0,6.0,小林捺花,50.0,ダ,1500.0,良,101.9,1.6,9-10-8-7,42.1,420,-3,ピックミー,
2020105193,メイワノワ,2022/12/13,川崎,晴,2,スコーピオン特別(2歳),9,7,7,91.5,9.0,6.0,増田充宏,54.0,ダ,1400.0,重,95.6,1.6,7-7-7-8,40.8,423,-2,ブレバ,
2020105193,メイワノワ,2022/11/07,川崎,曇,4,ショウリョウバッタ特(2歳),10,2,2,35.0,6.0,7.0,神尾香澄,50.0,ダ,1500.0,良,100.6,1.6,8-8-10-9,41.7,425,3,スマイルフォーユウ,
2020105193,メイワノワ,2022/10/18,浦和,曇,2,2歳三,10,5,5,153.7,9.0,7.0,池谷匠翔,53.0,ダ,1400.0,不,93.9,2.9,7-8-8-7,40.1,422,-1,オデンシタ,
2020105193,メイワノワ,2022/10/10,川崎,晴,6,小町特別(2歳),13,3,3,213.5,13.0,9.0,小林捺花,50.0,ダ,1500.0,重,101.2,3.5,13-13-13-13,42.4,423,2,キャッツライズ,
2020105193,メイワノワ,2022/09/26,船橋,晴,3,2歳二三,7,4,4,152.4,7.0,7.0,池谷匠翔,53.0,ダ,1500.0,稍,99.9,3.6,7-7-7-7,40.5,421,1,ハーモニーロワ,
2020105193,メイワノワ,2022/09/15,川崎,曇,5,スズムシ特別(2歳),11,2,2,78.4,9.0,6.0,池谷匠翔,53.0,ダ,1500.0,良,100.4,2.7,7-6-8-7,42.4,420,2,リッキーザキング,
2020105193,メイワノワ,2022/08/25,川崎,曇,5,シャイニングメモリー(2歳),9,5,5,126.2,9.0,8.0,池谷匠翔,53.0,ダ,1500.0,良,100.3,2.7,8-8-7-8,42.3,418,2,エスプリダーコ,
2020105193,メイワノワ,2022/08/02,川崎,晴,3,オオムラサキ特別(2歳),9,5,5,71.9,9.0,7.0,池谷匠翔,53.0,ダ,1400.0,良,94.2,1.4,8-8-9-8,40.7,416,-1,マジデ,
2020105193,メイワノワ,2022/07/22,船橋,曇,4,リバーサイドジュニア(2歳),6,6,6,67.8,6.0,4.0,池谷匠翔,53.0,ダ,1500.0,良,101.4,2.0,5-5-5-6,41.6,417,-10,ナイトオブバンド,45.0
2020105193,メイワノワ,2022/07/05,川崎,雨,4,シャイニングスター賞(2歳),10,1,1,97.3,8.0,6.0,櫻井光輔,54.0,ダ,1400.0,良,94.8,3.8,7-6-6-6,42.3,427,-6,ヒーローコール,
2020105193,メイワノワ,2022/06/13,川崎,晴,2,テントウムシ特別(2歳),6,1,1,31.2,5.0,2.0,池谷匠翔,53.0,ダ,1400.0,良,96.4,2.0,3-4-5-4,41.1,433,-2,ライズゾーン,76.0
2020105193,メイワノワ,2022/05/20,川崎,晴,2,スパーキングデビュー(2歳),7,7,7,15.5,5.0,4.0,池谷匠翔,53.0,ダ,900.0,稍,58.2,2.9,6-6,39.2,435,0,グリーリー,40.5
2022101534,シンシアビューティ,2026/04/10,川崎,雨,10,神速賞(C1),12,6,7,92.4,10.0,10,新原周馬,54.0,ダ,900.0,不,56.5,1.7,8-9,38.0,462,-6,モズアンドモズ,
2022101534,シンシアビューティ,2026/03/04,川崎,曇,5,音速賞(C1),11,6,6,51.6,9.0,11,新原周馬,54.0,ダ,900.0,不,57.8,2.4,8-10,39.6,468,-7,モズアンドモズ,
2022101534,シンシアビューティ,2026/02/03,川崎,晴,8,久遠賞(C1),12,2,2,5.6,3.0,12,新原周馬,54.0,ダ,900.0,良,57.4,1.9,7-8,39.6,475,-6,ショコラブレッド,
2022101534,シンシアビューティ,2026/01/02,川崎,晴,9,福笑い賞(B3C1),11,3,3,7.3,4.0,7,新原周馬,53.0,ダ,900.0,稍,56.2,1.7,4-3,38.7,481,6,サンエイジロー,
2022101534,シンシアビューティ,2025/09/11,川崎,晴,1,スピア賞(3歳),12,3,3,3.1,2.0,1,新原周馬,55.0,ダ,900.0,稍,56.0,-0.2,2-2,38.4,475,8,(ハヤブサナンデヒメ),140.0
2022101534,シンシアビューティ,2025/08/22,川崎,晴,1,コスモス賞(3歳),11,1,1,3.8,2.0,1,新原周馬,55.0,ダ,900.0,良,55.4,-0.6,1-1,38.0,467,-11,(オリコウパラダイス),120.0
2022101534,シンシアビューティ,2025/08/04,川崎,晴,4,モルゲンロート賞(3歳),12,5,5,31.0,6.0,3,新原周馬,54.0,ダ,900.0,良,56.5,0.9,4-3,38.8,478,10,スレヒトゥヴアルク,35.0
2022101534,シンシアビューティ,2025/07/07,川崎,晴,3,ライトニング賞(3歳),12,7,10,10.7,5.0,8,櫻井光輔,54.0,ダ,900.0,良,57.1,1.5,3-4,39.0,468,4,タケノマジック,
2022101534,シンシアビューティ,2025/06/16,川崎,晴,2,ラファール賞(3歳),11,1,1,7.5,4.0,5,櫻井光輔,54.0,ダ,900.0,重,56.4,0.5,3-3,38.9,464,-4,トゥルーリアイ,16.0
2022101534,シンシアビューティ,2025/01/03,川崎,曇,2,寿老人賞(3歳),12,6,8,2.1,1.0,2,新原周馬,53.0,ダ,900.0,良,57.0,0.1,3-3,39.1,468,-2,ネヴァーノウズ,80.0
2022101534,シンシアビューティ,2024/12/11,川崎,晴,2,つるぎ賞(2歳),12,7,10,3.8,2.0,3,吉原寛人,54.0,ダ,900.0,良,56.1,0.6,2-2,38.5,470,22,ディスラプター,50.0
2022101534,シンシアビューティ,2024/06/19,門別,晴,4,JRA認定競走アタッ(未勝利)(2歳),10,8,9,4.0,3.0,5,石川倭,55.0,ダ,1200.0,良,77.6,1.2,5-5,40.2,448,4,トレヴェナ,8.4
2022101534,シンシアビューティ,2024/05/22,門別,晴,2,JRA認定競走フレッ(新馬)(2歳),11,6,6,1.3,1.0,3,石川倭,55.0,ダ,1100.0,稍,70.0,1.0,5-3,39.9,444,0,エイシンマジョリカ,52.5
2018109111,オースター,2026/06/19,川崎,曇,6,雲神賞(C2),11,7,9,7.2,4.0,5,西啓太,56.0,ダ,900.0,重,56.4,1.6,8-8,38.3,468.0,-10.0,リュウノシンクウハ,10.0
2018109111,オースター,2026/05/11,川崎,晴,7,雷響賞(C2),12,2,2,4.6,3.0,2,西啓太,56.0,ダ,900.0,良,55.6,1.0,5-3,37.9,478.0,-3.0,エースクイーン,40.0
2018109111,オースター,2026/02/05,川崎,晴,10,芍薬賞(C2),14,3,3,19.8,6.0,4,西啓太,56.0,ダ,1500.0,良,99.3,1.6,2-2-2-2,41.2,481.0,-6.0,ジンガー,15.0
2018109111,オースター,2025/12/16,川崎,晴,8,山茶花賞(C2),9,7,7,20.6,5.0,3,西啓太,56.0,ダ,1500.0,重,100.1,2.1,1-1-1-2,41.5,487.0,2.0,メイショウマチルダ,25.0
2018109111,オースター,2025/11/19,川崎,晴,4,爆雷賞(C2),12,3,3,19.7,5.0,4,西啓太,56.0,ダ,900.0,良,56.2,0.8,8-6,38.1,485.0,6.0,レモングラス,15.0
2018109111,オースター,2025/10/17,川崎,晴,12,秋雷賞(C2),12,6,7,5.8,5.0,8,西啓太,56.0,ダ,900.0,稍,56.9,0.8,11-12,37.9,479.0,2.0,ラックナシェード,
2018109111,オースター,2025/09/10,川崎,晴,7,C2三四,14,8,13,14.0,7.0,13,西啓太,56.0,ダ,1500.0,良,102.4,3.4,1-1-2-2,45.3,477.0,8.0,メイワノワ,
2018109111,オースター,2025/08/05,川崎,晴,8,C2四五六(C2五),11,8,11,5.4,2.0,6,西啓太,56.0,ダ,1400.0,良,93.8,1.2,1-2-1-2,41.3,469.0,-5.0,タツノキセキ,
2018109111,オースター,2025/07/09,川崎,晴,6,C2四五六(C2五),11,7,8,3.3,2.0,10,西啓太,56.0,ダ,1400.0,良,94.6,2.2,1-1-1-2,42.8,474.0,-6.0,ユウキヒャクバイ,
2018109111,オースター,2025/05/15,川崎,晴,3,C2六七,10,3,3,12.8,6.0,1,西啓太,56.0,ダ,1400.0,稍,92.8,-0.3,1-1-1-1,40.9,480.0,5.0,(メタルハート),100.0
2018109111,オースター,2025/04/11,川崎,曇,5,シナモン賞(C3),12,7,9,25.3,6.0,1,西啓太,56.0,ダ,1400.0,稍,93.6,-0.2,2-2-1-1,40.5,475.0,-4.0,(コイスルシイナ),120.0
2018109111,オースター,2025/03/05,川崎,雨,3,フェネック賞(C3),12,3,3,10.7,5.0,6,西啓太,56.0,ダ,900.0,不,57.9,1.6,6-6,39.4,479.0,1.0,ミツカネエリーズ,
2018109111,オースター,2025/02/07,川崎,晴,4,プレーリードッグ賞(C3),12,8,11,5.4,3.0,6,藤本現暉,56.0,ダ,900.0,良,57.0,0.8,3-4,38.8,478.0,-1.0,リオシャンパーニュ,
2018109111,オースター,2025/01/03,川崎,曇,4,弁才天賞(C3),12,1,1,5.6,4.0,4,藤本現暉,56.0,ダ,900.0,良,57.2,0.3,5-3,38.8,479.0,4.0,ナキムシヒカル,12.0
2018109111,オースター,2024/12/12,川崎,晴,4,寒雷賞(C2),12,8,11,4.6,2.0,11,藤本現暉,56.0,ダ,900.0,良,57.7,2.2,6-7,39.5,475.0,-1.0,オソレ,
2018109111,オースター,2024/06/10,川崎,曇,8,風神賞(C2),11,4,4,3.0,2.0,3,藤本現暉,56.0,ダ,900.0,重,56.1,1.4,5-3,38.3,476.0,-5.0,ディーズルージュ,25.0
2018109111,オースター,2024/05/10,川崎,晴,6,雷鳴賞(C2),10,3,3,2.3,1.0,1,藤本現暉,56.0,ダ,900.0,良,55.6,-0.6,1-1,37.8,481.0,0.0,(エムリエール),100.0
2018109111,オースター,2024/04/02,川崎,晴,5,春雷賞(C2),11,8,10,1.7,1.0,2,藤本現暉,56.0,ダ,900.0,稍,56.5,0.0,1-2,38.5,481.0,-3.0,マイカグラ,40.0
2018109111,オースター,2024/03/15,川崎,晴,8,鳴雷賞(C2),11,6,8,5.6,2.0,2,藤本現暉,56.0,ダ,900.0,稍,56.0,0.3,2-2,38.3,484.0,2.0,コイニオチテ,40.0
2018109111,オースター,2024/01/31,川崎,晴,2,プレーリードッグ賞(C3),12,1,1,2.8,1.0,2,藤本現暉,56.0,ダ,900.0,良,56.1,0.1,5-2,37.9,482.0,4.0,アイアムカチマショ,32.0
2018109111,オースター,2023/11/08,川崎,晴,5,C2三四五(C2四),13,4,5,20.4,5.0,13,藤本現暉,56.0,ダ,1500.0,良,106.7,8.9,1-1-6-13,49.8,478.0,1.0,ラスティンボーイ,
2018109111,オースター,2023/10/12,川崎,晴,12,紅葉葵賞(C2五),14,1,1,5.3,4.0,10,藤本現暉,56.0,ダ,1500.0,稍,101.4,2.3,1-1-1-1,44.8,477.0,1.0,リンクスエルピス,
2018109111,オースター,2023/09/11,川崎,晴,8,マイアミ賞(C2),11,5,6,2.8,1.0,9,藤本現暉,56.0,ダ,1500.0,良,100.2,1.9,1-1-1-1,43.2,476.0,22.0,マルゼンスター,
2018109111,オースター,2023/06/13,川崎,晴,9,インフィオラータ賞(C2二),14,5,7,4.8,2.0,9,藤本現暉,56.0,ダ,1500.0,重,101.0,1.7,2-2-1-2,45.1,454.0,-4.0,トノカンショウ,
2018109111,オースター,2023/05/15,川崎,曇,12,横浜LC70周年・川(C2二),13,6,9,4.3,3.0,9,藤本現暉,56.0,ダ,1500.0,不,101.5,2.6,2-2-2-3,44.9,458.0,-12.0,タイセイストラーダ,
2018109111,オースター,2023/04/05,川崎,曇,5,C2四五六(C2五),14,1,1,3.8,2.0,1,藤本現暉,56.0,ダ,1500.0,良,98.4,-0.8,1-1-1-1,40.6,470.0,-6.0,(タイセイストラーダ),100.0
2018109111,オースター,2023/03/03,川崎,晴,12,酒井忍引退記念(C2八),14,8,13,16.4,4.0,1,藤本現暉,56.0,ダ,1500.0,良,98.9,-0.4,1-1-1-1,39.8,476.0,-3.0,(ホクセツ),100.0
2018109111,オースター,2023/02/03,川崎,曇,6,C2九十,12,4,4,19.0,6.0,9,藤本現暉,56.0,ダ,1400.0,良,95.2,2.0,1-1-1-1,45.2,479.0,16.0,イトシキオモイ,
2018109111,オースター,2022/11/07,川崎,曇,12,蓬菊賞(C2二),11,4,4,26.2,6.0,10,藤本現暉,56.0,ダ,1500.0,良,100.5,3.7,8-8-3-5,44.2,463.0,0.0,ムーディナイル,
2018109111,オースター,2022/10/13,川崎,雨,12,紅葉葵賞(C2五),13,5,6,6.3,4.0,1,藤本現暉,56.0,ダ,1500.0,重,97.9,-0.1,1-1-1-1,41.3,463.0,-1.0,(イトシキオモイ),100.0
2018109111,オースター,2022/09/12,川崎,晴,12,葛賞(C2二),14,8,14,32.0,9.0,9,野畑凌,53.0,ダ,1500.0,良,99.3,2.0,1-1-1-1,43.3,464.0,-8.0,トーセンレガシー,
2018109111,オースター,2022/08/25,川崎,曇,12,桧扇賞(C2二),12,4,4,11.4,5.0,7,藤本現暉,56.0,ダ,1500.0,良,98.8,1.3,1-1-1-1,42.1,472.0,-5.0,ジーソウルブラザー,
2018109111,オースター,2022/08/01,川崎,晴,12,朝顔賞(C2二),14,3,4,54.0,8.0,8,藤本現暉,56.0,ダ,1500.0,良,97.9,2.0,1-1-1-1,42.1,477.0,16.0,チェンカーン,
2018109111,オースター,2022/05/18,川崎,晴,12,2022川崎ジョッキ(C2),13,7,12,,,取,櫻井光輔,56.0,ダ,1500.0,重,,,,,,,カリューウコン,
2018109111,オースター,2022/04/04,川崎,雨,12,小手毬賞(C2二),14,3,4,7.3,2.0,5,藤本現暉,56.0,ダ,1500.0,不,99.3,2.5,1-1-1-2,43.1,461.0,-8.0,カルナック,10.0
2018109111,オースター,2022/02/28,川崎,晴,12,雪割草賞(C2二),11,3,3,7.5,3.0,5,藤本現暉,56.0,ダ,1500.0,良,98.1,0.7,1-1-1-1,41.7,469.0,-1.0,デイオブサンダー,10.0
2018109111,オースター,2022/01/31,川崎,晴,12,雪割草賞(C2二),14,7,12,20.5,7.0,2,藤本現暉,56.0,ダ,1500.0,良,97.2,0.0,1-1-1-1,41.1,470.0,8.0,ミトノベルーガー,40.0
2018109111,オースター,2021/12/16,川崎,晴,7,C2四五六(C2五),11,2,2,7.4,5.0,2,藤本現暉,56.0,ダ,1400.0,稍,91.1,0.0,1-1-1-1,40.6,462.0,-2.0,ネビュラストーム,40.0
2018109111,オースター,2021/11/09,川崎,曇,6,C2四五六(C2五),12,6,7,84.4,9.0,3,藤本現暉,56.0,ダ,1400.0,不,92.6,0.7,1-1-1-1,41.8,464.0,1.0,デュークアックス,25.0
2018109111,オースター,2021/10/14,川崎,晴,8,C2四五六(C2五),12,5,6,13.2,5.0,12,藤本現暉,56.0,ダ,1400.0,良,95.8,5.6,2-2-2-3,46.4,463.0,4.0,ハッピークラッカー,
2018109111,オースター,2021/09/16,川崎,晴,7,笹五位特別(3歳),14,6,9,16.0,6.0,9,増田充宏,56.0,ダ,1500.0,稍,101.5,2.1,4-4-5-5,44.2,459.0,4.0,ルイズマキアート,
2018109111,オースター,2021/08/29,川崎,曇,5,合歓木特別(3歳),13,4,5,4.9,3.0,9,藤本現暉,56.0,ダ,1500.0,良,99.5,2.1,1-1-1-1,43.4,455.0,8.0,エムオーナイナー,
2018109111,オースター,2021/06/15,川崎,晴,1,3歳5,12,1,1,5.5,3.0,1,藤本現暉,56.0,ダ,1400.0,良,90.8,-0.3,1-1-1-1,40.2,447.0,0.0,(カルフレグランス),140.0
2018109111,オースター,2021/04/19,川崎,晴,2,レーゲンボーゲン特別(3歳),11,8,11,4.8,3.0,6,森泰斗,56.0,ダ,1400.0,重,93.8,1.9,2-2-2-2,43.2,447.0,-4.0,ショウキ,
2018109111,オースター,2021/03/30,浦和,曇,2,3歳四,12,8,12,3.3,2.0,3,森泰斗,56.0,ダ,1400.0,重,92.6,2.0,4-4-3-3,41.5,451.0,0.0,アークリオーソ,26.0
2018109111,オースター,2021/01/28,川崎,曇,2,シュトゥルム特別(3歳),11,4,4,1.7,1.0,3,増田充宏,56.0,ダ,1400.0,重,94.3,1.0,4-4-4-3,42.5,451.0,4.0,ハセノフリオーソ,45.0
2018109111,オースター,2021/01/04,川崎,晴,2,ニューフェイス賞(3歳),11,3,3,10.9,6.0,3,山崎誠士,56.0,ダ,1400.0,良,93.2,0.5,5-5-3-3,41.8,447.0,0.0,レスポンデール,62.5
2022106375,ブリテン,2026/07/17,浦和,曇,5,特選(C3),12,5,5,2.5,1.0,4,古岡勇樹,58.0,ダ,1400.0,重,89.8,1.1,2-2-2-2,40.2,513,-6,アルセリア,13.5
2022106375,ブリテン,2026/07/09,川崎,晴,2,トビウオ賞(C3),12,7,10,3.2,1.0,1,古岡勇樹,56.0,ダ,900.0,稍,55.2,-0.7,3-3,37.4,519,4,(カウニスミエリ),80.0
2022106375,ブリテン,2025/12/18,川崎,晴,6,C2五六七(C2六),12,5,6,4.4,3.0,8,加藤雄真,53.0,ダ,1400.0,稍,94.6,2.5,6-5-5-6,42.5,515,-2,コットンフラワー,
2022106375,ブリテン,2025/11/21,川崎,晴,7,C2九,12,6,7,4.9,3.0,2,佐野遥久,55.0,ダ,1400.0,良,92.8,1.2,2-2-2-2,40.8,517,17,マルモリアクティブ,40.0
2022106375,ブリテン,2025/10/30,浦和,晴,2,ランチタイムチャレン(3歳),12,5,5,11.4,3.0,2,佐野遥久,55.0,ダ,1400.0,稍,90.1,0.7,1-1-1-2,39.4,500,-9,ファイアーワルツ,64.0
2022106375,ブリテン,2025/10/14,川崎,曇,3,御成賞(3歳),9,5,5,16.3,5.0,6,佐野遥久,55.0,ダ,1400.0,良,94.8,2.3,1-2-1-3,43.6,509,-6,イオリ,
2022106375,ブリテン,2025/07/11,川崎,曇,8,3歳6,9,1,1,5.9,4.0,4,山崎誠士,56.0,ダ,1400.0,重,95.2,1.3,4-4-4-4,42.0,515,8,アイビージーニー,18.0
2022106375,ブリテン,2024/12/10,川崎,晴,2,2歳6,10,1,1,4.5,4.0,7,野畑凌,55.0,ダ,1400.0,良,95.2,1.7,4-4-4-3,41.2,507,-7,リコーターター,
2022106375,ブリテン,2024/11/14,川崎,曇,2,スパーキングデビュー(2歳),7,7,7,12.5,3.0,2,野畑凌,55.0,ダ,1400.0,良,93.7,0.1,1-1-1-1,40.7,514,0,ボールドポリシー,160.0
2021100455,ミツカネエリーズ,2026/03/03,川崎,雨,7,雷鶏賞(C2),12,8,12,5.8,2.0,9.0,佐野遥久,53.0,ダ,900.0,不,56.4,1.8,2-5,38.8,473,3,ポッドデューク,
2021100455,ミツカネエリーズ,2026/02/04,川崎,晴,4,C2四五,12,7,9,12.8,5.0,6.0,佐野遥久,53.0,ダ,1400.0,良,93.8,0.8,1-1-1-1,41.2,470,-2,ベルレオーネ,
2021100455,ミツカネエリーズ,2026/01/21,船橋,晴,4,C2五六,12,8,11,9.6,5.0,10.0,佐野遥久,53.0,ダ,1200.0,良,78.2,2.7,1-1-1,41.7,472,-4,シャイニーデューク,
2021100455,ミツカネエリーズ,2025/12/15,川崎,晴,7,ベルリン賞(C2),12,8,11,8.7,3.0,3.0,佐野遥久,53.0,ダ,1400.0,重,94.0,1.1,2-2-2-2,41.3,476,0,パーティーガール,37.5
2021100455,ミツカネエリーズ,2025/11/20,川崎,晴,5,C2六七八(C2七),12,4,4,5.5,2.0,1.0,佐野遥久,53.0,ダ,1400.0,良,92.1,-0.1,1-1-1-1,40.6,476,3,(スクラマサクス),100.0
2021100455,ミツカネエリーズ,2025/10/17,川崎,晴,6,C3一二三(C3二),12,2,2,1.8,1.0,1.0,佐野遥久,53.0,ダ,1400.0,稍,93.2,-0.3,1-1-1-1,42.1,473,7,(シャイニングルキア),80.0
2021100455,ミツカネエリーズ,2025/09/25,浦和,曇,9,サファイア特別(C3),12,4,4,5.2,2.0,3.0,佐野遥久,53.0,ダ,1400.0,良,89.9,0.1,1-1-1-1,39.9,466,1,コミックガール,35.0
2021100455,ミツカネエリーズ,2025/09/11,川崎,雨,5,金沢競馬大雨災害復興(C3),0,7,8,,,,佐野遥久,53.0,ダ,900.0,不,,,,,478,13,,
2021100455,ミツカネエリーズ,2025/03/05,川崎,雨,3,フェネック賞(C3),12,8,12,3.8,2.0,1.0,佐野遥久,52.0,ダ,900.0,不,56.3,-0.7,2-2,38.1,465,9,(サラサインポシブル),80.0
2021100455,ミツカネエリーズ,2024/10/22,盛岡,晴,4,C2一組,9,4,4,9.7,4.0,8.0,高橋悠里,54.0,ダ,1400.0,稍,90.4,3.2,2-4,41.4,456,1,タイセイシップ,
2021100455,ミツカネエリーズ,2024/10/08,盛岡,曇,4,C2一組,12,5,5,1.4,1.0,1.0,高橋悠里,54.0,ダ,1400.0,重,87.0,-0.4,1-1,37.9,455,1,(タイガ),40.0
2021100455,ミツカネエリーズ,2024/09/24,水沢,晴,7,3歳C1一組,10,3,3,2.8,2.0,3.0,高橋悠里,54.0,ダ,1400.0,稍,89.0,1.0,1-1-1-1,40.6,454,-5,ヤマニントゥルシー,11.0
2021100455,ミツカネエリーズ,2024/09/10,水沢,晴,7,3歳C1二組,11,7,8,2.1,1.0,2.0,高橋悠里,54.0,ダ,1400.0,良,90.4,0.4,2-2-2-2,40.3,459,5,ブライティアブエナ,19.3
2021100455,ミツカネエリーズ,2024/08/19,盛岡,晴,6,3歳C2三組,8,2,2,2.0,1.0,1.0,高橋悠里,54.0,ダ,1200.0,良,73.9,-0.5,1-1,37.7,454,2,(シールビーライト),45.0
2021100455,ミツカネエリーズ,2024/06/29,1函館7,晴,2,3歳未勝利,12,6,7,77.0,9.0,10.0,丹内祐次,55.0,ダ,1000.0,良,61.5,2.5,10-10,36.9,452,8,フォートボヤール,
2021100455,ミツカネエリーズ,2024/06/15,1函館3,晴,3,3歳未勝利,12,6,8,22.0,7.0,9.0,丹内祐次,55.0,ダ,1000.0,良,61.3,1.1,6-3,37.4,444,-10,サンマルブーケ,
2021100455,ミツカネエリーズ,2024/03/31,3中山4,晴,2,3歳未勝利,16,6,11,45.4,6.0,9.0,丹内祐次,55.0,ダ,1200.0,稍,74.4,2.6,5-5,39.2,454,4,ノーブルゲイル,
2021100455,ミツカネエリーズ,2024/03/09,2中山5,晴,4,3歳未勝利,16,5,9,19.8,6.0,10.0,丹内祐次,55.0,ダ,1200.0,重,73.1,1.2,2-2,39.1,450,0,クインズポラリス,
2021100455,ミツカネエリーズ,2024/02/10,2小倉1,晴,3,3歳未勝利,14,5,7,80.1,12.0,5.0,富田暁,55.0,ダ,1000.0,稍,59.9,1.9,3-4,36.8,450,2,セッテイロク,55.0
2021100455,ミツカネエリーズ,2024/01/27,1小倉5,晴,3,3歳未勝利,11,5,5,35.0,9.0,7.0,丹内祐次,55.0,ダ,1000.0,良,60.2,1.6,10-7,36.2,448,-10,フーコサンライズ,
2021100455,ミツカネエリーズ,2023/12/28,5中山9,曇,1,2歳未勝利,16,3,6,20.5,5.0,12.0,戸崎圭太,55.0,ダ,1200.0,良,74.7,2.2,8-8,39.2,458,-8,スピードパンサー,
2021100455,ミツカネエリーズ,2023/12/09,5中山3,晴,3,2歳未勝利,16,4,8,2.8,1.0,11.0,戸崎圭太,55.0,ダ,1200.0,良,74.1,1.6,2-3,40.0,466,-2,メジャーデビュー,
2021100455,ミツカネエリーズ,2023/11/19,5東京6,晴,4,2歳新馬,16,6,12,4.5,2.0,6.0,戸崎圭太,55.0,ダ,1600.0,稍,100.0,2.2,2-2,38.2,468,0,タイセイリアル,
2020100856,エースクイーン,2026/07/07,川崎,曇,7,稲魂賞(C2),12,7,9,1.5,1.0,3.0,鷹見陸,54.0,ダ,900.0,重,55.8,0.3,5-3,38.2,441.0,4.0,スレヒトゥヴアルク,25.0
2020100856,エースクイーン,2026/06/18,川崎,曇,7,風神賞(C2),10,1,1,1.6,1.0,1.0,鷹見陸,54.0,ダ,900.0,重,55.1,-0.4,5-2,37.2,437.0,5.0,(ナキムシヒカル),100.0
2020100856,エースクイーン,2026/05/11,川崎,晴,7,雷響賞(C2),12,1,1,3.4,2.0,1.0,鷹見陸,54.0,ダ,900.0,良,54.6,-1.0,1-1,37.3,432.0,9.0,(オースター),100.0
2020100856,エースクイーン,2025/11/21,川崎,晴,8,金剛賞(C1),11,8,10,21.0,8.0,5.0,鷹見陸,53.0,ダ,900.0,良,56.4,0.6,7-9,37.8,423.0,-5.0,シルヴァーリップ,12.0
2020100856,エースクイーン,2025/10/13,川崎,曇,9,名越賞(C1),12,8,12,8.4,4.0,5.0,鷹見陸,53.0,ダ,900.0,良,56.0,0.6,4-5,37.9,428.0,-2.0,ムーランアルザン,12.0
2020100856,エースクイーン,2025/09/09,川崎,晴,7,激雷賞(C2),12,4,4,2.9,1.0,1.0,鷹見陸,53.0,ダ,900.0,稍,55.4,-0.3,6-5,37.5,430.0,2.0,(パルクールチェコ),100.0
2020100856,エースクイーン,2025/08/21,川崎,晴,6,雷帝賞(C2),9,7,7,3.3,1.0,3.0,鷹見陸,53.0,ダ,900.0,良,55.7,0.3,8-6,37.6,428.0,-1.0,スマートアライヴ,25.0
2020100856,エースクイーン,2025/06/30,船橋,晴,10,馬い!卵はサンサンエ(C1),11,1,1,59.8,10.0,9.0,室陽一朗,54.0,ダ,1200.0,良,77.3,2.1,3-4-5,39.7,429.0,-7.0,マルヒロナイト,
2020100856,エースクイーン,2025/06/25,浦和,雨,7,大宮宿賞(C1),0,1,1,,,,室陽一朗,54.0,ダ,1400.0,不,,,,,433.0,-3.0,,
2020100856,エースクイーン,2025/05/30,浦和,曇,7,C1五,12,4,4,27.7,8.0,9.0,室陽一朗,54.0,ダ,1500.0,不,96.0,2.9,7-7-10-7,39.1,436.0,12.0,ココモローズ,
2020100856,エースクイーン,2025/05/05,船橋,晴,7,馬い!八肥の会300(C1五),12,8,12,9.0,5.0,12.0,室陽一朗,54.0,ダ,1200.0,良,77.0,1.3,8-7-7,39.5,424.0,1.0,ローズパイ,
2020100856,エースクイーン,2025/04/22,浦和,晴,7,春暖特別(C1C2),12,7,9,10.0,3.0,5.0,室陽一朗,53.0,ダ,1400.0,良,90.9,1.6,11-10-9-8,39.3,423.0,-3.0,ベストリターナー,18.0
2020100856,エースクイーン,2025/03/17,浦和,晴,9,木蓮特別(C2),12,8,11,80.4,7.0,4.0,室陽一朗,54.0,ダ,1400.0,重,89.0,1.3,10-9-9-6,38.1,426.0,-1.0,デルマプルシャ,22.5
2020100856,エースクイーン,2025/03/06,川崎,曇,1,雷魚賞(C2),9,2,2,16.5,4.0,1.0,室陽一朗,54.0,ダ,900.0,不,55.8,-0.1,6-5,37.9,427.0,-3.0,(キルケロッソ),100.0
2020100856,エースクイーン,2025/02/26,浦和,晴,4,浦和800ラウンド(C2C3),12,2,2,5.4,4.0,5.0,室陽一朗,55.0,ダ,800.0,良,49.2,1.2,7-6,36.6,430.0,0.0,アライグマパンチ,10.0
2020100856,エースクイーン,2025/02/08,川崎,晴,7,渦雷賞(C2),12,6,7,12.1,6.0,1.0,室陽一朗,54.0,ダ,900.0,良,55.6,-0.3,6-4,37.8,430.0,-3.0,(タイムオブハート),100.0
2020100856,エースクイーン,2025/01/10,浦和,晴,3,浦和800ラウンド(C2),12,3,3,125.8,9.0,5.0,岡村健司,54.0,ダ,800.0,稍,48.7,0.5,4-4,36.2,433.0,9.0,リュミヌーフィーユ,10.0
2020100856,エースクイーン,2024/12/26,浦和,晴,8,日本最古の生産ゆず桂(C2),12,7,10,104.1,8.0,8.0,岡村健司,54.0,ダ,800.0,良,49.0,1.1,9-9,36.1,424.0,-10.0,ユウノワンワン,
2020100856,エースクイーン,2024/09/17,浦和,晴,8,鴻巣市市制施行70周(C2),12,4,4,162.9,10.0,12.0,岡村健司,54.0,ダ,1400.0,良,94.6,5.4,6-5-8-11,44.1,434.0,3.0,トーセンジェミニ,
2020100856,エースクイーン,2024/09/02,川崎,晴,8,チョコミント賞(C2),10,8,9,45.4,10.0,7.0,岡村健司,54.0,ダ,1400.0,重,96.2,2.3,5-5-4-4,42.5,431.0,-9.0,オーロファースト,
2020100856,エースクイーン,2024/08/22,浦和,曇,6,巾着田曼珠沙華まつり(C2),11,8,11,265.1,10.0,7.0,半澤慶実,54.0,ダ,800.0,良,48.8,1.6,8-8,36.5,440.0,16.0,ニシノクラウディア,
2020100856,エースクイーン,2024/05/30,船橋,晴,5,オリーブダッシュ(C2C3),13,3,4,73.7,10.0,8.0,半澤慶実,55.0,ダ,1000.0,稍,63.3,2.7,7-7,39.0,424.0,-4.0,フォースチルドレン,
2020100856,エースクイーン,2024/05/21,浦和,晴,9,ラベンダー特別(C2),12,4,4,155.0,9.0,11.0,中島良美,50.0,ダ,1400.0,重,95.3,3.8,3-7-10-11,42.5,428.0,19.0,サラサグッドワーク,
2020100856,エースクイーン,2024/04/25,大井,晴,5,C2五六,15,3,5,194.2,14.0,14.0,谷内貫太,52.0,ダ,1200.0,重,77.5,2.0,9-11,40.9,409.0,-8.0,ベネチアフレイバー,
2020100856,エースクイーン,2024/04/12,大井,晴,8,ソルティー・ドッグ賞(C2四),11,5,5,74.3,11.0,11.0,谷内貫太,52.0,ダ,1400.0,重,93.2,3.0,11-11-11,42.3,417.0,3.0,ジョリーハーモニー,
2020100856,エースクイーン,2024/03/22,大井,晴,9,C2三四五(C2四),15,4,6,102.3,10.0,13.0,谷内貫太,51.0,ダ,1200.0,良,77.7,3.1,7-9,40.9,414.0,-4.0,サイアンドコー,
2020100856,エースクイーン,2024/03/01,大井,晴,7,C2四五,13,5,6,106.2,8.0,9.0,安藤洋一,54.0,ダ,1200.0,不,78.1,1.7,4-4,41.6,418.0,2.0,サブノチャンス,
2020100856,エースクイーン,2024/02/16,大井,晴,7,C2四五,14,7,11,93.3,13.0,11.0,仲原大生,54.0,ダ,1200.0,良,77.1,1.9,8-7,41.0,416.0,1.0,スナイプフレイバー,
2020100856,エースクイーン,2024/01/26,大井,晴,8,C2二三四(C2三),16,8,16,18.3,6.0,11.0,岡村健司,54.0,ダ,1200.0,稍,76.6,2.2,8-8,40.4,415.0,1.0,マルヨジョーダン,
2020100856,エースクイーン,2023/12/26,大井,晴,10,C1十11,14,1,1,228.6,13.0,3.0,仲原大生,54.0,ダ,1200.0,良,75.9,0.4,7-5,38.9,414.0,-1.0,シンアルマトゥラ,30.0
2020100856,エースクイーン,2023/12/09,大井,晴,9,C1八九十(C1九),15,2,3,47.5,11.0,8.0,笹川翼,54.0,ダ,1200.0,良,76.7,2.1,8-8,40.2,415.0,-5.0,ヤマノウォーリア,
2020100856,エースクイーン,2023/12/05,大井,曇,9,C1八九十(C1九),0,2,3,,,,笹川翼,54.0,ダ,1200.0,良,,,,,,,,
2020100856,エースクイーン,2023/11/17,大井,曇,8,プレリュード・フィズ(C2三),15,3,4,17.5,6.0,3.0,笹川翼,54.0,ダ,1200.0,不,76.5,0.4,4-3,39.9,420.0,-2.0,カーラミーア,25.0
2020100856,エースクイーン,2023/11/03,大井,晴,6,C2三四,12,5,5,50.9,8.0,5.0,谷内貫太,51.0,ダ,1200.0,良,76.7,0.8,5-4,39.9,422.0,-2.0,ナックリーガル,10.0
2020100856,エースクイーン,2023/10/06,大井,晴,7,C2二三四(C2三),12,7,9,50.4,8.0,5.0,谷内貫太,51.0,ダ,1200.0,重,74.2,1.0,8-9,38.0,424.0,-3.0,ロンギングマドンナ,10.0
2020100856,エースクイーン,2023/09/22,大井,曇,3,3歳280.,14,7,11,70.7,9.0,8.0,山崎誠士,54.0,ダ,1200.0,稍,75.4,1.5,11-11,38.3,427.0,-1.0,スプラッシュ,
2020100856,エースクイーン,2023/09/05,大井,晴,8,YJSトライアルラウ(3歳),14,3,4,27.0,7.0,3.0,後藤蒼二,54.0,ダ,1200.0,重,74.6,1.4,3-4,39.1,428.0,-2.0,スピードスター,50.0
2020100856,エースクイーン,2023/08/16,大井,曇,3,3歳320万,10,6,6,7.8,4.0,7.0,和田譲治,54.0,ダ,1200.0,不,74.7,1.3,2-2,38.5,430.0,4.0,ナックジャスパー,
2020100856,エースクイーン,2023/08/04,大井,晴,7,エイトワンカフェ賞(3歳),14,3,4,60.0,11.0,13.0,山崎誠士,54.0,ダ,1200.0,稍,76.0,2.6,10-12,39.1,426.0,1.0,オグメンタ,
2020100856,エースクイーン,2023/07/13,大井,曇,2,3歳310万,12,6,8,18.2,5.0,4.0,和田譲治,54.0,ダ,1200.0,良,75.6,1.7,5-4,38.8,425.0,-5.0,ロアリングルックス,22.5
2020100856,エースクイーン,2023/06/29,大井,晴,4,3歳306万,14,3,4,4.8,2.0,11.0,和田譲治,54.0,ダ,1200.0,良,75.4,1.9,2-2,40.0,430.0,2.0,リコーアストラ,
2020100856,エースクイーン,2023/05/25,大井,晴,4,3歳255万,13,4,4,8.5,5.0,3.0,和田譲治,54.0,ダ,1200.0,稍,74.6,0.6,2-2,39.0,428.0,-1.0,スプレンデンテ,42.5
2020100856,エースクイーン,2023/05/10,大井,晴,4,3歳213万,14,4,6,12.5,5.0,3.0,和田譲治,54.0,ダ,1200.0,稍,74.2,0.9,3-3,38.3,429.0,-5.0,クライトゥナイト,42.5
2020100856,エースクイーン,2023/04/19,大井,晴,4,3歳240万,14,8,13,50.0,11.0,6.0,和田譲治,54.0,ダ,1200.0,稍,74.6,0.6,6-7,38.5,434.0,17.0,シャイニーセンス,
2020100856,エースクイーン,2022/11/15,大井,曇,5,未受賞(2歳),9,4,4,7.1,5.0,1.0,和田譲治,54.0,ダ,1200.0,良,76.6,-0.3,1-1,41.3,417.0,-9.0,(ケイラブマッハ),210.0
2020100856,エースクイーン,2022/06/28,大井,晴,4,2歳新馬(新馬),7,6,6,40.7,6.0,6.0,谷内貫太,51.0,ダ,1200.0,良,76.9,3.4,7-6,39.8,426.0,0.0,リベイクフルシティ,
2021107162,セクシーウィドー,2026/07/06,川崎,曇,8,アルテミス賞(C2),9,8,9,24.3,6.0,7,岡村健司,54.0,ダ,2000.0,重,139.7,3.3,5-5-7-8,42.9,450,-1,リュウバター,
2021107162,セクシーウィドー,2026/06/16,川崎,晴,8,ソルスティツィオ賞(C2),10,4,4,28.7,5.0,3,岡村健司,54.0,ダ,1500.0,稍,98.9,0.8,5-4-4-4,41.2,451,-6,ハヤブサアポチャン,37.5
2021107162,セクシーウィドー,2026/05/26,浦和,曇,8,ラベンダー特別(C2),9,2,2,62.4,7.0,9,岡村健司,54.0,ダ,1400.0,稍,92.4,3.5,5-6-6-8,40.1,457,-1,パブリックスフィア,
2021107162,セクシーウィドー,2026/05/12,川崎,晴,7,C2三四,12,1,1,69.2,9.0,2,岡村健司,54.0,ダ,1400.0,良,92.5,0.9,1-3-4-3,40.6,458,13,オリコウパラダイス,40.0
2021107162,セクシーウィドー,2025/11/18,川崎,晴,6,ダージリン賞(C2),14,1,1,302.7,13.0,4,池谷匠翔,54.0,ダ,1500.0,良,99.3,1.7,4-5-4-3,41.2,445,4,ノーブルクリード,22.5
2021107162,セクシーウィドー,2025/10/27,浦和,晴,7,特選(C2),12,8,11,240.7,12.0,10,池谷匠翔,55.0,ダ,1400.0,重,89.4,2.2,10-9-8-9,39.6,441,6,ハヤブサアポチャン,
2021107162,セクシーウィドー,2025/10/13,川崎,曇,12,大仏賞(C2二),13,4,5,30.8,6.0,9,佐野遥久,53.0,ダ,1500.0,良,100.4,3.1,7-7-10-11,42.3,435,-4,エコロスヴァル,
2021107162,セクシーウィドー,2025/09/24,浦和,晴,5,特選(C2),10,7,7,162.0,10.0,7,池谷匠翔,55.0,ダ,1400.0,良,91.3,1.6,8-9-9-9,38.4,439,2,ツーエムフリーク,
2021107162,セクシーウィドー,2025/09/08,川崎,晴,10,マイアミ賞(C2),10,1,1,35.2,7.0,6,池谷匠翔,54.0,ダ,1400.0,稍,94.0,1.5,5-3-4-6,41.9,437,2,ベリーク,
2021107162,セクシーウィドー,2025/08/26,川崎,晴,12,ファイナルアンサー賞(C2),12,8,12,3.5,1.0,5,岡村健司,54.0,ダ,1400.0,良,93.6,0.4,3-5-4-5,41.2,435,-2,リラスカイ,10.0
2021107162,セクシーウィドー,2025/08/07,川崎,曇,8,フルコース賞(C2二),9,2,2,196.8,8.0,6,池谷匠翔,54.0,ダ,1500.0,良,98.9,1.6,8-8-8-9,41.9,437,0,マジカルレイズ,
2021107162,セクシーウィドー,2025/06/16,川崎,晴,11,神楽酒造盃くろうま賞(C1C2),11,8,10,71.8,9.0,10,伊藤裕人,55.0,ダ,1600.0,重,109.7,4.1,9-9-9-11,42.5,437,-3,トウマ,
2021107162,セクシーウィドー,2025/06/02,船橋,曇,5,C1四五六ア(C1五),11,1,1,52.9,5.0,6,加藤雄真,51.0,ダ,1500.0,稍,99.6,1.7,3-3-3-3,41.6,440,3,ルタンアリュール,
2021107162,セクシーウィドー,2025/05/13,川崎,晴,6,C1六七,14,2,2,15.1,5.0,9,岡村健司,54.0,ダ,1500.0,重,101.5,3.2,4-4-7-6,43.7,437,0,ロックシティボーイ,
2021107162,セクシーウィドー,2025/04/11,川崎,雨,12,ファイナルアンサー賞(C2),14,3,4,6.2,2.0,1,岡村健司,54.0,ダ,1500.0,不,99.5,-1.0,2-2-2-1,41.5,437,-2,(セイウンパイオニア),100.0
2021107162,セクシーウィドー,2025/03/12,船橋,雨,12,雲外蒼天賞(C2),13,8,13,130.8,9.0,13,張田昂,54.0,ダ,1800.0,重,128.0,10.3,5-4-4-4,50.2,439,-2,リボルトバレット,
2021107162,セクシーウィドー,2025/03/03,川崎,雨,12,このわた賞(C2),9,7,7,31.5,7.0,8,町田直希,54.0,ダ,1400.0,不,94.3,1.7,9-9-9-9,41.0,441,-2,ラストデュエル,
2021107162,セクシーウィドー,2024/11/12,川崎,晴,5,エウプロシュネー賞(C2),14,4,5,59.4,7.0,7,Ｒ．クア,54.0,ダ,2000.0,稍,138.4,1.2,13-13-12-12,40.7,443,0,ケイツーバルボア,
2021107162,セクシーウィドー,2024/10/23,浦和,曇,9,オパール特別(C2),12,4,4,11.7,5.0,4,矢野貴之,54.0,ダ,1400.0,良,91.6,1.9,5-5-5-4,39.3,443,1,ハグレグモ,22.5
2021107162,セクシーウィドー,2024/10/10,川崎,曇,5,C2三四五(C2四),12,7,9,3.5,2.0,3,矢野貴之,54.0,ダ,1400.0,重,94.8,0.4,3-4-5-2,42.1,442,1,サザンフルーヴ,25.0
2021107162,セクシーウィドー,2024/09/06,川崎,晴,2,スピア賞(3歳),12,7,10,6.1,4.0,8,佐野遥久,52.0,ダ,900.0,稍,57.2,1.1,12-12,38.4,441,0,モンルネ,
2021107162,セクシーウィドー,2024/08/08,川崎,曇,1,コスモス賞(3歳),12,3,3,2.1,1.0,2,森泰斗,54.0,ダ,900.0,良,56.5,0.2,6-5,38.5,441,-2,コパノダーバン,48.0
2021107162,セクシーウィドー,2024/07/24,川崎,晴,5,アウローラ賞(3歳),11,7,9,8.1,3.0,2,森泰斗,54.0,ダ,1400.0,良,93.3,0.0,2-2-2-2,39.6,443,-5,カンノンアーニモ,56.0
2021107162,セクシーウィドー,2024/07/03,川崎,晴,1,サンダーボルト賞(3歳),11,8,11,16.2,4.0,2,森泰斗,55.0,ダ,900.0,重,55.9,0.0,6-6,38.0,448,-7,マワルカガミ,48.0
2021107162,セクシーウィドー,2024/06/11,川崎,晴,1,ガスト賞(3歳),12,4,4,60.3,8.0,4,中島良美,49.0,ダ,900.0,重,57.0,1.4,6-4,38.7,455,-6,ミスサン,24.0
2021107162,セクシーウィドー,2024/05/01,船橋,雨,3,3歳六,10,2,2,148.8,10.0,7,濱田達也,54.0,ダ,1200.0,不,80.3,2.7,7-7-7,41.5,461,0,グッドマン,
2021107162,セクシーウィドー,2024/04/13,船橋,晴,4,3歳五,10,8,12,64.8,8.0,8,濱田達也,54.0,ダ,1200.0,稍,80.1,2.7,3-3-6,42.2,461,2,クリングラー,
2021107162,セクシーウィドー,2024/03/26,浦和,雨,3,3歳四,12,3,3,218.8,11.0,8,濱田達也,54.0,ダ,1400.0,不,93.9,3.3,4-4-7-8,40.9,459,4,スモークフレイバー,
2021107162,セクシーウィドー,2024/03/04,船橋,晴,1,3歳六,11,8,11,14.5,6.0,5,濱田達也,54.0,ダ,1200.0,良,79.2,1.3,3-3-3,41.9,455,2,ダンスケ,20.0
2021107162,セクシーウィドー,2024/02/06,船橋,雨,1,3歳七,12,7,10,51.6,8.0,3,濱田達也,54.0,ダ,1200.0,不,77.9,1.4,4-6-6,41.0,453,-3,プレストライズ,50.0
2021107162,セクシーウィドー,2024/01/17,船橋,晴,1,3歳七,10,7,8,24.3,6.0,10,實川純一,54.0,ダ,1200.0,良,79.8,2.8,3-4-4,42.3,456,1,スタンドアップ,
2021107162,セクシーウィドー,2023/12/17,船橋,晴,2,2歳七,12,7,10,83.2,11.0,4,濱田達也,54.0,ダ,1200.0,良,78.5,0.5,2-2-2,40.9,455,2,グランデソレイユ,37.5
2021107162,セクシーウィドー,2023/11/29,船橋,晴,2,2歳五,11,8,11,27.9,7.0,10,實川純一,54.0,ダ,1200.0,良,80.6,4.1,5-5-6,43.3,453,7,プレストガウディー,
2021107162,セクシーウィドー,2023/10/19,名古屋,晴,3,琴美ちゃん誕生記念(2歳),11,6,6,24.5,7.0,6,渡辺竜也,54.0,ダ,1500.0,良,99.5,1.8,4-4-4,41.4,446,7,アップミライ,
2021107162,セクシーウィドー,2023/10/04,名古屋,小雨,10,オクトーバーフューチ(2歳),12,6,7,41.1,7.0,10,山田祥雄,54.0,ダ,1500.0,不,101.8,4.0,10-10-10,42.8,439,0,サンヨウラフェスタ,
2021107162,セクシーウィドー,2023/09/22,名古屋,晴,1,名古屋モーニングフィ(2歳),11,7,9,1.6,1.0,1,丸野勝虎,54.0,ダ,920.0,重,58.0,-0.5,1,38.2,439,-5,(セイコチャンカット),60.0
2021107162,セクシーウィドー,2023/08/22,門別,晴,6,JRA認定フレッシュ(新馬)(2歳),8,3,3,3.1,1.0,5,松井伸也,54.0,ダ,1000.0,稍,64.2,1.8,1-1,40.2,444,0,ミソ,17.5
2019100957,グラスアラバニーユ,2026/07/08,川崎,晴,12,2026川崎ジョッキ(C2),14,5,7,29.1,9.0,10,町田直希,56.0,ダ,1500.0,稍,98.5,0.8,7-7-8-5,42.0,465.0,-1.0,ベラヴィットーリア,
2019100957,グラスアラバニーユ,2026/06/19,川崎,曇,12,ファイナルアンサー賞(C2),13,5,7,7.6,3.0,2,佐野遥久,56.0,ダ,1500.0,重,99.8,0.3,4-5-4-5,41.1,466.0,-3.0,ユウユウスプレマン,40.0
2019100957,グラスアラバニーユ,2026/05/11,川崎,晴,9,C2一二,10,6,6,164.2,9.0,7,佐野遥久,56.0,ダ,1400.0,良,93.1,1.9,5-6-8-8,40.1,469.0,-3.0,ゼンダントモニ,
2019100957,グラスアラバニーユ,2026/04/23,浦和,雨,8,牡牛座特別(C2),11,5,5,181.2,10.0,7,増田充宏,56.0,ダ,1500.0,良,98.3,2.4,7-7-7-6,40.0,472.0,-6.0,グレイスカリヨン,
2019100957,グラスアラバニーユ,2026/04/06,川崎,晴,12,錨草賞(C2),13,4,5,140.9,12.0,12,増田充宏,56.0,ダ,1500.0,重,100.3,1.9,4-4-5-5,42.4,478.0,8.0,ジンガー,
2019100957,グラスアラバニーユ,2026/03/17,浦和,晴,8,菜の花特別(C2),12,5,5,57.9,10.0,5,増田充宏,56.0,ダ,1500.0,良,99.6,0.7,9-7-7-6,41.0,470.0,-1.0,ピースシャイニー,15.0
2019100957,グラスアラバニーユ,2026/03/04,川崎,曇,12,2026川崎ジョッキ(C2),14,7,12,50.2,9.0,9,伊藤裕人,56.0,ダ,1500.0,不,100.0,3.1,9-9-10-8,42.3,471.0,-5.0,シエルラビクトア,
2019100957,グラスアラバニーユ,2026/02/06,川崎,晴,9,インディ賞(C2),13,2,2,,,取,増田充宏,56.0,ダ,1600.0,良,,,,,,,アイビーガオー,
2019100957,グラスアラバニーユ,2026/01/03,川崎,晴,7,弁才天賞(C2),12,7,10,55.5,10.0,12,増田充宏,56.0,ダ,1500.0,稍,100.6,3.6,3-3-3-6,42.9,476.0,-3.0,マルモリアクティブ,
2019100957,グラスアラバニーユ,2025/12/19,川崎,晴,12,47thホワイトクリ(C1C2),12,1,1,22.8,6.0,5,増田充宏,57.0,ダ,1600.0,稍,107.1,2.0,3-3-4-3,42.3,479.0,10.0,グレッチャー,20.0
2019100957,グラスアラバニーユ,2025/11/18,川崎,晴,7,C1四五六(C1五),12,7,9,103.9,9.0,6,増田充宏,56.0,ダ,1400.0,良,93.6,1.4,4-5-5-7,41.8,469.0,-10.0,シャトルトウショウ,
2019100957,グラスアラバニーユ,2025/10/15,川崎,雨,8,坂ノ下賞(C1),12,3,3,85.0,9.0,7,佐野遥久,55.0,ダ,1400.0,重,92.8,2.0,5-5-5-5,40.5,479.0,2.0,ゴールデンマイク,
2019100957,グラスアラバニーユ,2025/09/10,川崎,晴,12,2025川崎ジョッキ(C1),14,6,10,93.5,13.0,12,伊藤裕人,56.0,ダ,1600.0,良,108.5,2.5,7-8-4-6,42.2,477.0,0.0,エスプリゴンザレス,
2019100957,グラスアラバニーユ,2025/08/25,川崎,晴,7,C1三四五(C1四),11,6,6,51.7,10.0,10,増田充宏,56.0,ダ,1500.0,良,100.2,3.5,7-7-10-10,42.6,477.0,4.0,クロームウルフ,
2019100957,グラスアラバニーユ,2025/08/08,川崎,晴,9,早涼賞(C1),14,8,14,98.9,12.0,8,増田充宏,56.0,ダ,1500.0,良,98.9,1.4,6-7-6-7,40.8,473.0,8.0,ポッドジャスパー,
2019100957,グラスアラバニーユ,2025/07/11,川崎,曇,10,個性豊かな11の庭あ(C1),13,8,13,18.3,6.0,11,増田充宏,56.0,ダ,1500.0,重,100.2,1.7,5-6-6-7,42.5,465.0,3.0,プルーフリーダー,
2019100957,グラスアラバニーユ,2025/06/19,川崎,晴,9,スフィーダ賞(C1二),13,7,10,15.2,6.0,4,佐野遥久,55.0,ダ,1500.0,良,98.6,0.9,3-2-5-5,40.2,462.0,4.0,ポップコーン,27.0
2019100957,グラスアラバニーユ,2025/05/14,川崎,晴,7,C1四五,7,1,1,19.0,6.0,7,野畑凌,56.0,ダ,1400.0,稍,93.3,2.4,4-4-4-4,40.9,458.0,-14.0,ナチュラルターン,
2019100957,グラスアラバニーユ,2025/01/03,川崎,曇,9,七福神賞(C1五),14,2,2,15.8,7.0,2,増田充宏,56.0,ダ,1500.0,良,99.2,0.6,5-4-5-2,41.4,472.0,0.0,サウスヴィル,48.0
2019100957,グラスアラバニーユ,2024/12/13,川崎,曇,12,46thホワイトクリ(C1C2),14,2,2,45.9,10.0,1,増田充宏,57.0,ダ,1600.0,良,106.6,-0.1,4-4-5-3,41.8,472.0,1.0,(ノベンバーステップ),200.0
2019100957,グラスアラバニーユ,2024/11/13,川崎,晴,8,C1三四五(C1四),12,7,9,20.4,3.0,6,野畑凌,56.0,ダ,1400.0,良,92.7,1.5,11-11-10-9,39.8,471.0,4.0,アイルプロテクト,
2019100957,グラスアラバニーユ,2024/10/09,川崎,曇,9,坂ノ下賞(C1),12,5,5,18.5,7.0,5,野畑凌,56.0,ダ,1400.0,不,94.7,1.5,10-9-10-5,42.1,467.0,0.0,オモイソメル,12.0
2019100957,グラスアラバニーユ,2024/09/04,川崎,晴,9,葡萄賞(C1五),14,4,6,15.5,7.0,6,野畑凌,56.0,ダ,1500.0,重,99.6,0.9,4-4-5-4,41.8,467.0,0.0,グロリアンズタイム,
2019100957,グラスアラバニーユ,2024/08/06,川崎,曇,9,朝顔賞(C1五),12,3,3,8.1,4.0,6,佐野遥久,53.0,ダ,1400.0,良,92.9,0.6,7-6-7-4,41.8,467.0,3.0,タツノスパーク,
2019100957,グラスアラバニーユ,2024/07/24,川崎,晴,12,三浦すいか賞(C1),9,2,2,13.5,5.0,5,増田充宏,56.0,ダ,1500.0,良,99.1,2.7,3-5-5-3,42.5,464.0,-2.0,サラサグッドワーク,12.0
2019100957,グラスアラバニーユ,2024/07/03,川崎,晴,12,2024川崎ジョッキ(C2),14,1,1,7.3,4.0,1,増田充宏,56.0,ダ,1500.0,稍,99.0,-0.2,5-3-3-2,42.1,466.0,1.0,(グレースミューズ),100.0
2019100957,グラスアラバニーユ,2024/06/10,川崎,曇,9,紫陽花賞(C1),12,1,1,29.3,8.0,3,伊藤裕人,56.0,ダ,1400.0,重,92.8,1.3,6-5-4-3,41.8,465.0,-2.0,オモイソメル,30.0
2019100957,グラスアラバニーユ,2024/05/07,川崎,曇,7,C1六七,9,5,5,7.7,5.0,9,野畑凌,56.0,ダ,1400.0,稍,93.4,2.3,3-4-3-5,41.4,467.0,-13.0,オリコウキング,
2019100957,グラスアラバニーユ,2024/04/17,浦和,晴,8,植月特別(C2),10,4,4,19.5,6.0,3,野畑凌,56.0,ダ,1400.0,良,91.7,0.2,2-2-2-2,40.5,480.0,7.0,スーパーローズ,37.5
2019100957,グラスアラバニーユ,2023/12/15,川崎,曇,12,45thホワイトクリ(C1C2),14,1,1,24.4,6.0,8,野畑凌,57.0,ダ,1600.0,稍,110.1,2.1,11-11-11-9,42.9,473.0,9.0,インナースティール,
2019100957,グラスアラバニーユ,2023/11/09,川崎,晴,7,バーボン賞(C1二),11,8,10,38.7,8.0,8,野畑凌,56.0,ダ,1600.0,良,107.2,1.4,6-8-8-9,41.4,464.0,5.0,ノブヘンドリックス,
2019100957,グラスアラバニーユ,2023/10/12,川崎,晴,7,旗印賞(C1二),11,7,8,15.2,5.0,4,野畑凌,56.0,ダ,1600.0,稍,107.3,1.9,8-8-8-7,41.1,459.0,-2.0,ヴィブエアー,27.0
2019100957,グラスアラバニーユ,2023/09/15,川崎,曇,8,手裏剣賞(C1二),13,3,3,55.7,12.0,11,野畑凌,56.0,ダ,1500.0,稍,98.5,2.3,1-1-1-3,42.0,461.0,-6.0,ビスバルト,
2019100957,グラスアラバニーユ,2023/08/24,川崎,晴,7,兜賞(C1二),11,5,5,18.9,5.0,7,野畑凌,56.0,ダ,1400.0,良,92.7,2.3,5-6-7-5,41.5,467.0,1.0,サラサワン,
2019100957,グラスアラバニーユ,2023/07/29,川崎,晴,7,アコンカグア賞(C1二),8,1,1,15.3,7.0,2,野畑凌,56.0,ダ,1400.0,良,90.7,0.1,5-5-5-3,40.4,466.0,5.0,サキガケバイオ,72.0
2019100957,グラスアラバニーユ,2023/07/05,川崎,曇,7,豊田萌絵の大当たり記(C1),9,6,6,7.1,4.0,5,野畑凌,55.0,ダ,1400.0,良,93.4,1.9,5-5-4-5,41.2,461.0,1.0,ゲストプリンシパル,12.0
2019100957,グラスアラバニーユ,2023/06/15,川崎,雨,9,スフィーダ賞(C1二),12,8,12,26.2,9.0,12,野畑凌,55.0,ダ,1400.0,重,94.3,3.7,2-2-3-7,43.7,460.0,-2.0,ビックランサー,
2019100957,グラスアラバニーユ,2023/03/01,川崎,晴,7,C1四五,11,4,4,17.4,4.0,1,野畑凌,55.0,ダ,1400.0,良,93.2,0.0,2-2-2-2,39.2,462.0,1.0,(ノーモアワーズ),120.0
2019100957,グラスアラバニーユ,2023/01/31,川崎,晴,8,桜草賞(C1五),12,6,8,12.4,5.0,4,野畑凌,55.0,ダ,1400.0,良,93.4,0.1,5-6-6-7,39.6,461.0,2.0,ゲストプリンシパル,18.0
2019100957,グラスアラバニーユ,2023/01/01,川崎,晴,7,三茄子賞(C1五),11,1,1,17.9,7.0,4,野畑凌,54.0,ダ,1400.0,良,93.1,1.2,10-10-9-6,41.0,459.0,1.0,イーベンホルツ,18.0
2019100957,グラスアラバニーユ,2022/12/15,川崎,晴,7,大迫力の噴水ショー!(C2五),12,3,3,13.2,5.0,1,野畑凌,54.0,ダ,1400.0,稍,93.9,0.0,9-5-8-7,41.8,458.0,-5.0,(イサチルウキウキ),100.0
2019100957,グラスアラバニーユ,2022/11/10,川崎,晴,5,C2七八九(C2八),12,8,11,10.6,5.0,1,野畑凌,54.0,ダ,1400.0,良,93.9,0.0,6-5-5-5,39.7,463.0,7.0,(ロワルゼル),100.0
2019100957,グラスアラバニーユ,2022/10/28,船橋,晴,7,馬い!男は村っちあや(C2),12,4,4,71.4,8.0,4,野畑凌,54.0,ダ,1500.0,良,99.9,0.1,5-5-5-5,40.2,456.0,5.0,トーアクリスティー,15.0
2019100957,グラスアラバニーユ,2022/10/14,川崎,曇,8,C2七八九(C2八),11,6,7,25.9,7.0,4,笹川翼,56.0,ダ,1400.0,重,93.1,1.4,4-4-4-4,40.5,451.0,0.0,ジェイケイボス,15.0
2019100957,グラスアラバニーユ,2022/09/15,川崎,曇,4,エストレージャ特別(3歳),10,5,5,45.3,6.0,3,増田充宏,56.0,ダ,1400.0,良,93.0,0.5,4-3-3-2,41.4,451.0,0.0,ハロサン,35.0
2019100957,グラスアラバニーユ,2022/08/25,川崎,曇,3,鶫特別(3歳),11,8,10,41.7,8.0,9,増田充宏,56.0,ダ,1500.0,良,101.2,3.7,3-3-3-5,44.0,451.0,-3.0,カルラファクター,
2019100957,グラスアラバニーユ,2022/05/16,川崎,雨,1,3歳5,12,8,12,19.0,7.0,9,張田昂,56.0,ダ,1400.0,不,92.5,2.7,5-5-6-7,40.9,454.0,-4.0,モンディアマン,
2019100957,グラスアラバニーユ,2022/04/27,浦和,晴,5,3歳五,12,6,8,8.2,5.0,5,笹川翼,56.0,ダ,1400.0,稍,91.3,0.9,8-7-7-4,39.8,458.0,5.0,ベリングキャット,13.0
2019100957,グラスアラバニーユ,2022/04/04,川崎,雨,3,レーゲンボーゲン特別(3歳),12,2,2,12.9,6.0,5,増田充宏,56.0,ダ,1400.0,不,93.4,0.3,6-4-5-3,41.9,453.0,-5.0,トラストカトレア,16.0
2019100957,グラスアラバニーユ,2022/03/01,川崎,晴,2,プロケッラ特別(3歳),12,5,6,8.0,5.0,3,増田充宏,56.0,ダ,1400.0,良,93.4,0.7,5-5-5-4,40.2,458.0,2.0,エンジェルリボン,45.0
2019100957,グラスアラバニーユ,2022/02/04,川崎,曇,2,3歳6,12,4,4,8.2,4.0,2,増田充宏,56.0,ダ,1400.0,良,94.9,0.4,5-4-4-5,40.9,456.0,-5.0,ヴィユノーク,64.0
2019100957,グラスアラバニーユ,2022/01/07,川崎,晴,3,3歳10,11,4,4,64.3,10.0,6,伊藤裕人,56.0,ダ,1400.0,稍,95.9,1.5,6-8-9-7,41.4,461.0,-1.0,シュニッツラー,
2019100957,グラスアラバニーユ,2021/12/17,川崎,曇,2,スパーキングデビュー(2歳),6,2,2,46.0,5.0,5,増田充宏,55.0,ダ,1400.0,不,95.3,2.0,4-3-4-4,41.0,462.0,0.0,ソウルストライク,27.0
2021104491,エクセルブラック,2026/06/22,浦和,曇,7,C2三四,8,4,4,3.3,2.0,2,西啓太,58.0,ダ,1500.0,重,96.9,1.0,5-5-4-2,39.4,461.0,4.0,ラインアルテミス,40.0
2021104491,エクセルブラック,2026/06/15,川崎,曇,11,神楽酒造盃くろうま賞(C1C2),14,8,13,9.5,5.0,1,西啓太,55.0,ダ,1600.0,重,105.9,-0.1,1-1-2-2,41.3,457.0,-10.0,(オルペラー),200.0
2021104491,エクセルブラック,2026/05/25,浦和,晴,6,C2三四,11,4,4,2.6,1.0,6,藤本現暉,56.0,ダ,1500.0,稍,99.0,1.5,5-5-7-8,39.9,467.0,10.0,グラッツェ,
2021104491,エクセルブラック,2026/05/14,川崎,曇,6,パティオ賞(C2),11,4,4,73.8,7.0,1,藤本現暉,56.0,ダ,1500.0,良,97.1,-0.5,1-1-1-1,41.2,457.0,0.0,(ライヴバフィ),110.0
2021104491,エクセルブラック,2026/04/24,浦和,曇,2,ランチタイム(C2),12,5,6,178.4,12.0,2,秋元耕成,56.0,ダ,1400.0,重,90.0,0.2,8-7-6-3,39.6,457.0,-1.0,イノ,40.0
2021104491,エクセルブラック,2026/04/07,川崎,曇,8,イースター賞(C2),13,5,7,133.2,10.0,12,増田充宏,56.0,ダ,1500.0,重,101.4,2.4,12-12-11-12,43.0,458.0,-1.0,キミハレモネード,
2021104491,エクセルブラック,2026/03/19,浦和,曇,5,C2八九,12,6,8,169.9,11.0,11,増田充宏,56.0,ダ,1500.0,良,100.4,3.2,10-9-11-11,39.2,459.0,3.0,ジーティースワット,
2021104491,エクセルブラック,2026/02/28,浦和,晴,7,C2九,13,8,12,15.2,7.0,8,増田充宏,56.0,ダ,1400.0,重,93.2,2.5,3-3-6-5,41.7,456.0,5.0,ホウオウハナビ,
2021104491,エクセルブラック,2026/01/09,浦和,晴,5,道の駅おがわまち賞(C3),11,8,11,18.4,8.0,1,増田充宏,56.0,ダ,1500.0,良,98.8,0.0,3-3-4-3,40.4,451.0,-2.0,(イチゴホイップ),90.0
2021104491,エクセルブラック,2025/12/24,浦和,雨,5,花のまちこうのす賞(C2),10,4,4,39.8,7.0,4,町田直希,56.0,ダ,1500.0,重,99.2,0.9,7-7-7-6,40.2,453.0,-3.0,セイノスケ,15.0
2021104491,エクセルブラック,2025/11/27,浦和,晴,2,ランチタイムチャレン(C2),13,6,9,36.3,8.0,6,町田直希,56.0,ダ,1400.0,良,92.5,1.2,6-7-8-6,40.1,456.0,12.0,ハイタッチマドンナ,
2021104491,エクセルブラック,2025/08/06,川崎,晴,4,C2七八,8,3,3,,,取,新原周馬,56.0,ダ,1400.0,良,,,,,,,メタルハート,
2021104491,エクセルブラック,2025/07/09,川崎,晴,6,C2四五六(C2五),11,6,7,18.8,6.0,9,新原周馬,56.0,ダ,1400.0,良,94.3,1.9,7-8-9-10,41.6,444.0,-3.0,ユウキヒャクバイ,
2021104491,エクセルブラック,2025/06/20,川崎,晴,12,ファイナルアンサー賞(C2),13,5,6,8.0,5.0,6,鷹見陸,55.0,ダ,1500.0,良,99.0,1.0,11-12-12-11,41.1,447.0,3.0,ドゥフレーシュ,
2021104491,エクセルブラック,2025/05/13,川崎,晴,12,花菱草賞(C2四),14,2,2,37.4,9.0,11,増田充宏,56.0,ダ,1500.0,重,102.1,1.4,11-11-11-8,41.5,444.0,15.0,キタノファルコン,
2021104491,エクセルブラック,2025/02/05,川崎,晴,8,一人静賞(C2四),12,5,5,72.9,10.0,12,増田充宏,56.0,ダ,1400.0,稍,95.1,2.3,7-8-9-12,41.8,429.0,-3.0,リナリア,
2021104491,エクセルブラック,2025/01/02,川崎,晴,6,凧揚げ賞(C2四),14,4,6,13.6,5.0,7,町田直希,56.0,ダ,1400.0,良,94.8,1.6,6-8-8-9,41.5,432.0,-5.0,ブリリアントスピカ,
2021104491,エクセルブラック,2024/12/11,川崎,晴,5,C2三四五(C2四),12,5,5,19.7,5.0,4,町田直希,56.0,ダ,1400.0,良,93.7,2.0,5-5-7-8,40.9,437.0,5.0,シンボリノエル,15.0
2021104491,エクセルブラック,2024/11/14,川崎,曇,6,C2六七八(C2七),12,7,9,2.6,1.0,2,増田充宏,56.0,ダ,1400.0,良,93.1,0.2,4-5-3-3,40.3,432.0,-2.0,タツノキセキ,40.0
2021104491,エクセルブラック,2024/10/07,川崎,晴,12,扇ガ谷賞(C2),12,8,11,15.5,4.0,2,増田充宏,56.0,ダ,1400.0,重,93.8,1.0,5-5-4-4,41.5,434.0,8.0,シントーキズナ,40.0
2021104491,エクセルブラック,2024/07/28,1札幌4,曇,3,3歳未勝利,14,6,10,149.5,12.0,10,川端海翼,54.0,ダ,1700.0,不,109.0,2.9,10-11-11-11,39.9,426.0,-10.0,ウインアルドーレ,
2021104491,エクセルブラック,2024/06/15,3東京5,晴,4,3歳未勝利,16,7,13,244.2,13.0,16,柴田大知,57.0,芝,1400.0,良,84.7,2.5,7-8,35.7,436.0,4.0,マーゴットメネス,
2021104491,エクセルブラック,2024/04/14,3中山8,晴,2,3歳未勝利,16,4,8,129.9,10.0,10,三浦皇成,57.0,ダ,1200.0,良,73.5,1.3,9-8,37.9,432.0,2.0,ソニックロプロス,
2021104491,エクセルブラック,2024/02/24,2中山1,晴,3,3歳未勝利,16,5,10,28.4,8.0,13,吉田豊,57.0,ダ,1200.0,稍,73.7,2.4,5-7,38.6,430.0,6.0,レヴィテーション,
2021104491,エクセルブラック,2023/12/10,5中山4,晴,2,2歳未勝利,16,7,13,8.6,4.0,8,吉田豊,56.0,芝,1200.0,良,70.4,1.0,10-7,35.5,424.0,2.0,モンレーヴ,
2021104491,エクセルブラック,2023/11/19,3福島6,晴,1,2歳未勝利,16,5,10,6.2,3.0,2,荻野極,56.0,ダ,1150.0,重,70.2,1.4,4-3,37.9,422.0,-2.0,ビバップ,220.0
2021104491,エクセルブラック,2023/10/29,4新潟6,小雨,5,2歳新馬,17,5,10,8.8,4.0,6,今村聖奈,53.0,芝,1400.0,不,86.3,0.5,1-1,39.0,424.0,0.0,ニュージェネラル,
2021100628,ウロボロス,2026/07/09,川崎,晴,7,C2一二,8,2,2,24.4,6.0,3.0,矢野貴之,56.0,ダ,1400.0,良,92.2,1.2,7-7-7-6,39.9,468,-4,アムリタ,25.0
2021100628,ウロボロス,2026/06/19,川崎,曇,12,ファイナルアンサー賞(C2),13,3,3,5.1,2.0,3.0,加藤雄真,54.0,ダ,1500.0,重,100.0,0.5,12-12-10-8,40.3,472,7,ユウユウスプレマン,25.0
2021100628,ウロボロス,2026/05/11,川崎,晴,9,C2一二,10,4,4,226.6,10.0,6.0,加藤雄真,53.0,ダ,1400.0,良,92.9,1.7,10-10-10-9,39.4,465,2,ゼンダントモニ,
2021100628,ウロボロス,2026/05/04,船橋,曇,9,みどりの日特別(C2),12,4,5,112.5,11.0,10.0,櫻井光輔,56.0,ダ,1600.0,稍,108.3,3.4,6-7-11-11,41.1,463,6,ピリナマアナ,
2021100628,ウロボロス,2026/04/10,川崎,雨,7,界雷賞(C2),11,5,6,86.9,11.0,9.0,中越琉世,56.0,ダ,900.0,重,56.5,1.2,11-10,37.6,457,18,ダッシングマン,
2021100628,ウロボロス,2026/02/02,川崎,晴,6,C2一,13,7,10,80.5,7.0,13.0,加藤雄真,53.0,ダ,1400.0,良,96.2,3.8,13-13-13-13,42.3,439,-19,ベルエアキング,
2021100628,ウロボロス,2026/01/02,川崎,晴,12,坊主めくり賞(C1C2),14,3,3,20.1,6.0,9.0,古岡勇樹,55.0,ダ,2000.0,稍,140.3,1.6,8-8-10-7,40.2,458,0,ヘニーズネフュー,
2021100628,ウロボロス,2025/12/19,川崎,晴,12,47thホワイトクリ(C1C2),12,8,12,83.2,10.0,2.0,古岡勇樹,57.0,ダ,1600.0,稍,106.8,1.7,6-6-6-5,41.5,458,14,グレッチャー,80.0
2021100628,ウロボロス,2025/11/18,川崎,晴,8,C1四五六(C1五),12,6,8,124.3,11.0,11.0,櫻井光輔,53.0,ダ,1400.0,良,94.5,2.2,8-7-7-9,41.5,444,19,モンド,
2021100628,ウロボロス,2025/09/03,園田,晴,11,初秋特別B2,12,7,9,230.3,9.0,11.0,土方颯太,56.0,ダ,1400.0,良,97.3,5.8,11-11-11-11,42.3,425,-28,タンバブショウ,
2021100628,ウロボロス,2025/08/06,園田,晴,7,B1B2,6,6,6,16.2,4.0,6.0,下原理,56.0,ダ,1870.0,良,130.0,5.4,5-4-6-6,44.4,453,-8,ソニック,
2021100628,ウロボロス,2025/06/17,川崎,晴,9,ウルド賞(C1),12,5,6,7.5,5.0,10.0,山崎誠士,56.0,ダ,2000.0,良,140.3,3.4,6-7-10-11,45.2,461,-14,ソルテア,
2021100628,ウロボロス,2025/05/15,川崎,晴,8,フローラ賞(C2),13,8,12,9.3,3.0,3.0,山崎誠士,56.0,ダ,2000.0,稍,137.1,2.7,8-7-7-6,42.8,475,9,ハクシュ,37.5
2021100628,ウロボロス,2025/05/05,船橋,晴,8,こどもの日特別(C2),14,6,9,49.8,6.0,4.0,山崎誠士,56.0,ダ,1600.0,良,105.7,2.8,7-6-7-7,40.1,466,1,ターコイズデュー,22.5
2021100628,ウロボロス,2025/04/11,川崎,雨,9,アルテミス賞(C2),0,4,5,,,,山崎誠士,56.0,ダ,2000.0,稍,,,,,476,11,,
2021100628,ウロボロス,2025/02/04,川崎,曇,9,マイスターチャレンジ(C2),12,4,6,13.7,6.0,2.0,下原理,56.0,ダ,2000.0,稍,135.9,0.6,4-4-4-4,41.5,465,-9,シンメロワン,100.0
2021100628,ウロボロス,2025/01/02,川崎,晴,8,双六賞(C2四),10,5,5,30.4,6.0,5.0,新原周馬,56.0,ダ,1500.0,良,99.4,1.0,6-5-10-9,41.2,474,4,ダートレイジング,10.0
2021100628,ウロボロス,2024/12/11,川崎,晴,5,C2三四五(C2四),12,8,12,19.3,4.0,7.0,野畑凌,56.0,ダ,1400.0,良,94.3,2.6,6-7-5-7,41.6,470,6,シンボリノエル,
2021100628,ウロボロス,2024/11/13,川崎,晴,4,C2三四五(C2四),14,3,4,3.1,1.0,4.0,山崎誠士,56.0,ダ,1500.0,良,99.1,0.5,5-5-4-6,41.2,464,-3,フライングロッド,15.0
2021100628,ウロボロス,2024/10/21,浦和,晴,3,特選(3歳),8,8,8,3.3,2.0,1.0,山崎誠士,56.0,ダ,1500.0,良,98.9,-0.3,2-2-2-1,39.8,467,-13,(レッドスウィング),200.0
2021100628,ウロボロス,2024/10/10,川崎,曇,2,木菟特別(3歳),11,1,1,3.1,2.0,4.0,山崎誠士,56.0,ダ,1500.0,重,100.3,0.6,5-5-5-4,41.2,480,22,ハチャトリアン,27.0
2021100628,ウロボロス,2024/08/17,2中京3,晴,7,3歳未勝利,16,1,2,65.2,10.0,7.0,和田竜二,57.0,芝,1600.0,良,94.2,1.1,3-5-5,35.3,458,-10,オタルグリーン,
2021100628,ウロボロス,2024/05/11,3京都7,晴,5,3歳未勝利,10,2,2,8.0,6.0,8.0,加藤祥太,57.0,芝,2000.0,良,122.0,1.4,4-5-7-7,35.1,468,6,ダイヤモンドレイン,
2021100628,ウロボロス,2024/04/20,1福島5,晴,7,3歳未勝利,16,4,7,103.0,10.0,3.0,加藤祥太,57.0,芝,2000.0,良,121.6,0.5,8-9-8-7,36.4,462,0,マイネルモメンタム,140.0
2022102662,フラッシュタイム,2026/07/13,浦和,雨,10,夏木立特別(C2),10,7,8,57.5,8.0,8,岡田大,56.0,ダ,1500.0,稍,98.2,2.5,7-6-7-7,41.1,551,1,スマイルスライヴ,
2022102662,フラッシュタイム,2026/06/25,浦和,雨,5,C1四,10,6,6,30.6,9.0,10,福原杏,56.0,ダ,1400.0,不,90.0,1.7,7-8-6-9,38.4,550,-7,ダイゴホマレリュウ,
2022102662,フラッシュタイム,2026/05/26,浦和,曇,6,うどんとこいのぼりの(C1),12,7,9,21.9,7.0,7,福原杏,56.0,ダ,1400.0,稍,91.5,1.2,11-11-8-7,39.6,557,11,サンスレッド,
2022102662,フラッシュタイム,2026/05/05,船橋,晴,6,端午の節句スプリント(C1),12,8,11,33.2,8.0,5,福原杏,56.0,ダ,1200.0,良,76.2,1.5,9-9-9,39.2,546,-3,オデッセイ,18.0
2022102662,フラッシュタイム,2026/04/23,浦和,雨,4,C1五,11,5,5,21.1,8.0,5,岡田大,56.0,ダ,1400.0,良,91.5,1.4,10-8-6-5,40.4,549,-2,ランディー,12.0
2022102662,フラッシュタイム,2026/04/09,川崎,晴,7,C1三,11,7,9,6.5,3.0,6,中山遥人,55.0,ダ,1400.0,稍,93.3,1.1,3-2-3-4,40.9,551,-6,アマモト,
2022102662,フラッシュタイム,2026/03/20,浦和,曇,8,スイートピー特別(C1C2),13,1,1,11.2,5.0,4,福原杏,55.0,ダ,1400.0,稍,91.7,1.4,7-7-7-4,39.2,557,-8,ジーティーエンジン,27.0
2022102662,フラッシュタイム,2026/02/28,浦和,晴,9,木芽月特別(C2),12,8,12,8.7,3.0,3,保園翔也,56.0,ダ,1500.0,重,98.8,1.0,9-8-5-4,40.5,565,11,モウ,37.5
2022102662,フラッシュタイム,2026/01/07,浦和,曇,4,C2五六,12,6,7,2.0,1.0,1,福原杏,56.0,ダ,1500.0,稍,97.9,0.0,7-6-6-4,37.8,554,5,(セイノスケ),100.0
2022102662,フラッシュタイム,2025/12/23,浦和,晴,6,鴻巣市の鳥「コウノト(C2),12,2,2,2.7,2.0,2(降),福原杏,56.0,ダ,1400.0,良,90.5,0.0,6-6-6-4,38.0,549,7,キタサンリボン,40.0
2022102662,フラッシュタイム,2025/11/26,浦和,晴,5,C2五六,11,4,4,7.5,3.0,3,及川烈,55.0,ダ,1500.0,良,96.9,0.7,2-2-2-2,40.0,542,-5,ジーティーエンジン,25.0
2022102662,フラッシュタイム,2025/10/29,浦和,晴,5,C2八九,12,2,2,16.3,5.0,3,及川烈,55.0,ダ,1400.0,稍,89.7,0.2,11-9-4-1,39.0,547,33,アイファーシャドー,25.0
2022102662,フラッシュタイム,2025/09/14,4中山4,曇,6,3歳未勝利,16,5,9,170.6,14.0,9,菊沢一樹,57.0,ダ,1800.0,稍,115.6,2.6,10-10-10-10,40.3,514,-6,ブレゲアン,
2022102662,フラッシュタイム,2025/08/24,3新潟2,晴,2,3歳未勝利,15,3,5,43.8,8.0,5,菊沢一樹,57.0,ダ,1800.0,良,116.2,2.0,9-8-6-8,39.9,520,4,メイショウコウベ,56.0
2022102662,フラッシュタイム,2025/08/02,2新潟3,晴,2,3歳未勝利,15,7,12,89.4,14.0,6,菊沢一樹,57.0,ダ,1800.0,良,116.3,1.1,7-7-7-8,39.5,516,0,レッドシュトラール,
2022102662,フラッシュタイム,2025/07/13,2福島6,晴,6,3歳未勝利,15,4,7,105.4,9.0,6,石田拓郎,54.0,ダ,1700.0,良,109.3,2.5,10-9-11-8,39.0,516,-6,タキノボリ,
2022102662,フラッシュタイム,2025/05/25,2東京10,曇,3,3歳未勝利,16,6,12,83.3,9.0,13,菅原明良,57.0,ダ,1300.0,不,79.3,2.5,16-16,35.9,522,0,アメリカンビヨンド,
2022102662,フラッシュタイム,2025/05/11,1新潟4,小雨,2,3歳未勝利,15,1,1,36.7,9.0,7,小林美駒,53.0,ダ,1200.0,稍,74.0,1.5,13-13,38.1,522,-2,ビーマックス,
2022102662,フラッシュタイム,2025/02/08,1東京3,晴,2,3歳未勝利,16,6,11,7.6,5.0,12,長浜鴻緒,54.0,ダ,1300.0,良,82.8,1.8,8-10,39.4,524,0,エポカスピーガ,
2022102662,フラッシュタイム,2025/01/26,1中山9,晴,1,3歳未勝利,16,6,12,5.9,2.0,5,長浜鴻緒,54.0,ダ,1200.0,良,73.5,0.8,9-7,38.5,524,0,イズルード,56.0
2022102662,フラッシュタイム,2025/01/11,1中山3,晴,1,3歳未勝利,16,7,13,113.0,12.0,3,小林美駒,53.0,ダ,1200.0,稍,72.8,0.3,4-2,38.5,524,6,エベリンテソーロ,140.0
2022102662,フラッシュタイム,2024/11/09,5東京3,晴,2,2歳未勝利,13,6,8,402.8,13.0,13,水口優也,56.0,芝,1600.0,良,97.4,2.7,7-8,36.3,518,0,ツインピークス,
2022102662,フラッシュタイム,2024/10/19,4東京5,晴,6,2歳新馬,17,6,11,58.2,9.0,14,菅原隆一,56.0,芝,1400.0,良,85.0,2.1,2-2,36.1,518,0,コルチェスター,
2020100459,サクセスベージュ,2026/07/07,川崎,曇,8,キャビア賞(C2),11,1,1,2.9,2.0,4,笠野雄大,56.0,ダ,1500.0,重,98.1,0.6,1-1-1-1,41.6,481,2,ホウヨウムーン,22.5
2020100459,サクセスベージュ,2026/06/15,川崎,曇,8,インフィオラータ賞(C2),11,1,1,2.0,1.0,1,笠野雄大,56.0,ダ,1500.0,重,98.4,-0.1,1-1-1-1,42.1,479,-1,(バトルホッパー),110.0
2020100459,サクセスベージュ,2026/06/02,船橋,曇,5,C2二三,12,3,3,5.5,3.0,2,笠野雄大,56.0,ダ,1500.0,良,98.2,0.2,1-1-1-1,39.6,480,-4,ゴールドパートナー,40.0
2020100459,サクセスベージュ,2026/05/04,船橋,曇,3,C2二三四ア(C2三),12,2,2,5.0,2.0,4,和田譲治,56.0,ダ,1500.0,稍,99.0,0.9,1-1-1-1,41.2,484,1,ゴールドブリーダー,15.0
2020100459,サクセスベージュ,2026/03/31,船橋,雨,3,C2四五,12,7,10,5.8,4.0,10,笠野雄大,56.0,ダ,1500.0,重,101.0,2.5,2-2-2-3,43.1,483,4,ピリナマアナ,
2020100459,サクセスベージュ,2026/03/09,船橋,晴,9,感謝!特別(C2),14,7,12,6.4,4.0,14,笠野雄大,56.0,ダ,1600.0,良,108.6,3.1,1-1-1-4,42.7,479,-12,タカミノガコイ,
2020100459,サクセスベージュ,2025/09/29,船橋,曇,12,オリオンビール×ハー(C2),14,6,9,3.0,1.0,2,笠野雄大,56.0,ダ,1600.0,良,103.0,1.0,2-2-2-2,40.0,491,8,クラージュミノル,60.0
2020100459,サクセスベージュ,2025/08/28,船橋,晴,4,C2二三,11,2,2,1.4,1.0,1,笠野雄大,56.0,ダ,1500.0,良,96.3,-0.1,1-1-1-1,39.4,483,8,(マキネッタ),100.0
2020100459,サクセスベージュ,2025/07/29,船橋,晴,7,馬い!淡路玉ねぎ記念(C2),13,6,9,1.9,1.0,2,笠野雄大,56.0,ダ,1500.0,良,97.2,0.2,2-2-2-1,40.4,475,-1,ヨルデモアーサー,40.0
2020100459,サクセスベージュ,2025/07/03,船橋,晴,4,C2二三,11,3,3,2.6,2.0,3,笠野雄大,56.0,ダ,1500.0,良,97.7,1.7,1-1-1-1,41.3,476,3,イスタンテ,25.0
2020100459,サクセスベージュ,2024/08/26,船橋,晴,10,沖ノ島賞(C2),6,2,2,1.2,1.0,2,笠野雄大,56.0,ダ,1600.0,良,104.6,0.2,1-1-1-1,38.6,473,2,カーニバルマーチ,60.0
2020100459,サクセスベージュ,2024/07/20,船橋,晴,6,C2四五,11,6,6,1.6,1.0,1,笠野雄大,56.0,ダ,1500.0,良,96.3,-0.4,2-2-2-1,39.4,471,0,(セントレガーロ),100.0
2020100459,サクセスベージュ,2024/06/28,船橋,雨,5,C2五六,10,1,1,1.4,1.0,1,笠野雄大,56.0,ダ,1500.0,不,97.5,-1.4,1-1-1-1,40.1,471,-4,(エキストラライト),100.0
2020100459,サクセスベージュ,2024/05/30,船橋,晴,4,C2八九十ア(C2九),12,8,11,2.4,1.0,1,笠野雄大,56.0,ダ,1500.0,稍,96.8,-0.2,2-2-2-2,38.9,475,5,(ブラッドライン),100.0
2020100459,サクセスベージュ,2023/12/20,船橋,晴,5,ビワ特別(3歳),10,4,4,4.5,3.0,4,川島正太,56.0,ダ,1500.0,良,97.1,1.0,1-1-1-1,40.2,470,12,グレートフリオーソ,27.0
2020100459,サクセスベージュ,2023/11/03,門別,晴,7,全道15か所!Aib(C2),9,1,1,3.9,2.0,2,岩橋勇二,56.0,ダ,1800.0,稍,118.6,0.2,2-3-3-4,39.8,458,-6,ケイアイインダラ,15.4
2020100459,サクセスベージュ,2023/10/24,門別,晴,9,3歳以上C3ー2C4,9,4,4,5.0,4.0,1,岩橋勇二,56.0,ダ,1700.0,稍,112.6,-0.6,1-1-1-1,40.6,464,0,(デルマオクリダシ),40.0
2020100459,サクセスベージュ,2023/10/10,門別,曇,8,3歳以上C3ー2C4,11,2,2,3.4,2.0,6,岩橋勇二,56.0,ダ,1700.0,稍,112.6,0.7,3-4-4-3,40.7,464,-2,ストレイトアウェイ,
2020100459,サクセスベージュ,2023/03/11,2中山5,晴,6,3歳未勝利,16,6,11,37.4,8.0,3,菅原明良,56.0,ダ,1800.0,良,115.3,1.6,3-2-2-2,40.1,466,0,コスタノヴァ,140.0
2020100459,サクセスベージュ,2023/01/29,1東京2,晴,6,3歳新馬,16,3,6,40.4,8.0,8,北村宏司,56.0,芝,1800.0,良,110.4,2.1,2-5-6,35.3,466,0,ロードデルレイ,
2022105721,ベラヴィットーリア,2026/07/08,川崎,晴,12,2026川崎ジョッキ(C2),14,8,13,53.7,11.0,1,池谷匠翔,54.0,ダ,1500.0,稍,97.7,-0.2,4-4-4-4,41.7,518,-11,(ビタリス),110.0
2022105721,ベラヴィットーリア,2026/06/17,川崎,晴,5,C2三四,12,1,1,13.9,6.0,6,櫻井光輔,54.0,ダ,1400.0,稍,93.2,1.6,3-3-4-4,40.1,529,8,フェアーメロディ,
2022105721,ベラヴィットーリア,2026/06/04,船橋,曇,6,C2四五六イ(C2五),11,8,11,17.7,7.0,2,中越琉世,54.0,ダ,1200.0,重,76.8,0.1,5-4-3,38.9,521,-5,スマイルプラス,40.0
2022105721,ベラヴィットーリア,2026/05/14,川崎,晴,4,C2五六,12,6,8,37.1,7.0,4,櫻井光輔,54.0,ダ,1400.0,良,93.3,0.7,6-5-4-5,40.1,526,0,ウインプリームス,15.0
2022105721,ベラヴィットーリア,2026/04/08,川崎,晴,6,夢見ヶ崎賞(C2),12,2,2,10.9,4.0,5,櫻井光輔,54.0,ダ,1400.0,稍,93.9,0.5,1-1-1-1,42.2,526,5,サウスオブロンドン,10.0
2022105721,ベラヴィットーリア,2026/03/05,川崎,晴,7,C2五六,12,5,5,61.6,9.0,7,佐野遥久,53.0,ダ,1400.0,重,93.6,0.8,2-2-2-2,41.6,521,3,サンクリュウ,
2022105721,ベラヴィットーリア,2026/02/05,川崎,晴,6,C2六七,12,7,9,116.3,9.0,8,桑村真明,54.0,ダ,1400.0,良,93.7,1.4,12-12-11-11,40.8,518,1,フジュム,
2022105721,ベラヴィットーリア,2025/12/18,川崎,晴,5,C2五六七(C2六),12,7,10,12.8,5.0,11,小野楓馬,54.0,ダ,1400.0,稍,95.6,3.0,7-9-5-8,43.2,517,-5,ヒロイックバイオ,
2022105721,ベラヴィットーリア,2025/11/13,門別,晴,5,3歳以上C3ー2C4,12,4,4,38.7,7.0,3,小野楓馬,55.0,ダ,1000.0,稍,62.4,0.7,8-8,37.3,522,-2,ステラブローニュ,8.4
2022105721,ベラヴィットーリア,2025/10/30,門別,晴,5,3歳以上C3ー2C4,9,2,2,48.5,7.0,6,小野楓馬,55.0,ダ,1200.0,稍,76.1,1.0,3-3,39.9,524,10,マリノロマンス,
2022105721,ベラヴィットーリア,2025/10/14,門別,晴,11,ホクレンパールライス(C3),10,8,10,5.4,2.0,9,小野楓馬,55.0,ダ,1000.0,稍,63.9,2.1,4-5,39.1,514,0,メイショウクツカケ,
2022105721,ベラヴィットーリア,2025/10/02,門別,晴,7,3歳以上C3ー2C4,12,8,12,13.5,3.0,2,小野楓馬,55.0,ダ,1000.0,稍,62.7,1.7,3-2,38.3,514,-4,セイルロケット,11.2
2022105721,ベラヴィットーリア,2025/09/18,門別,晴,10,グランシャリオドリー(C3),11,8,10,19.1,5.0,6,小野楓馬,55.0,ダ,1200.0,良,77.2,1.7,1-1,40.1,518,-2,ファリードゥーン,
2022105721,ベラヴィットーリア,2025/09/04,門別,曇,9,北海道厩務員会賞(C3),12,5,5,6.9,3.0,10,小野楓馬,55.0,ダ,1200.0,稍,77.5,2.4,4-5,41.2,520,7,アームズクイーン,
2022105721,ベラヴィットーリア,2025/08/06,川崎,晴,6,ペリドットフラワー賞(3歳C1),11,8,11,14.5,4.0,7,矢野貴之,54.0,ダ,1400.0,良,92.0,1.5,3-3-2-3,41.1,513,1,サントレッダー,
2022105721,ベラヴィットーリア,2025/06/07,3阪神1,晴,1,3歳未勝利,15,5,8,14.8,4.0,13,松山弘平,55.0,ダ,1400.0,良,87.9,2.2,6-4,39.6,512,-6,ルクスデイジー,
2022105721,ベラヴィットーリア,2025/05/10,2京都5,曇,1,3歳未勝利,16,6,11,27.6,8.0,12,松山弘平,55.0,ダ,1400.0,重,86.4,3.8,5-6,39.7,518,18,ステアハート,
2022105721,ベラヴィットーリア,2024/11/23,6京都7,曇,1,2歳未勝利,16,5,10,29.9,7.0,3,亀田温心,55.0,ダ,1400.0,良,87.7,0.6,5-5,38.9,500,-2,デュアルロール,140.0
2022105721,ベラヴィットーリア,2024/10/26,4東京7,曇,1,2歳未勝利,12,2,2,56.0,8.0,4,菅原明良,55.0,ダ,1600.0,良,99.9,0.9,2-2,39.0,502,6,クラリネットソナタ,83.0
2022105721,ベラヴィットーリア,2024/08/10,2中京1,晴,2,2歳未勝利,16,8,15,67.7,10.0,10,松本大輝,54.0,ダ,1200.0,良,74.7,2.5,9-7,38.9,496,-2,アーデルリーベ,
2022105721,ベラヴィットーリア,2024/06/22,3東京7,晴,6,2歳新馬,10,5,5,20.0,4.0,7,菅原明良,55.0,芝,1400.0,稍,85.3,1.7,3-3,35.9,498,0,サトノカルナバル,
2021104817,アリハッピー,2026/07/08,川崎,晴,12,2026川崎ジョッキ(C2),14,3,4,8.6,5.0,6,岡村裕基,54.0,ダ,1500.0,稍,98.1,0.4,2-2-2-2,42.3,454.0,1.0,ベラヴィットーリア,
2021104817,アリハッピー,2026/06/17,川崎,晴,8,八幡平ウマッシュルー(C1),8,4,4,19.5,6.0,7,佐野遥久,54.0,ダ,1400.0,稍,91.9,0.8,7-7-8-7,38.7,453.0,2.0,アオイハナミチ,
2021104817,アリハッピー,2026/05/13,川崎,晴,7,紫丁香花賞(C1),12,7,9,81.5,8.0,6,佐野遥久,54.0,ダ,1400.0,良,92.0,0.7,7-5-5-4,38.9,451.0,7.0,メイショウマヒロ,
2021104817,アリハッピー,2026/04/07,川崎,曇,12,桜草賞(C1),12,1,1,64.9,12.0,8,新原周馬,54.0,ダ,1500.0,重,99.8,1.6,9-10-10-9,41.7,444.0,-7.0,ジーティーカイソク,
2021104817,アリハッピー,2026/03/05,川崎,晴,9,皆様に愛されて50年(C1),11,5,5,68.5,10.0,11,伊藤裕人,54.0,ダ,1500.0,重,99.8,3.5,7-7-8-9,42.2,451.0,-5.0,ホウオウパレード,
2021104817,アリハッピー,2026/02/03,川崎,晴,8,久遠賞(C1),12,8,11,49.5,8.0,8,佐野遥久,53.0,ダ,900.0,良,56.4,0.9,8-7,38.2,456.0,8.0,ショコラブレッド,
2021104817,アリハッピー,2025/09/12,川崎,曇,9,軍配賞(C1二),13,5,7,,,取,櫻井光輔,54.0,ダ,1500.0,重,,,,,,,ショウナンマンテン,
2021104817,アリハッピー,2025/08/25,川崎,晴,7,C1三四五(C1四),11,8,10,11.5,6.0,7,今野忠成,54.0,ダ,1500.0,良,99.2,2.5,9-7-7-6,41.8,448.0,1.0,クロームウルフ,
2021104817,アリハッピー,2025/08/08,川崎,晴,9,早涼賞(C1),14,5,7,57.5,10.0,3,櫻井光輔,54.0,ダ,1500.0,良,98.2,0.7,6-6-7-6,40.1,447.0,1.0,ポッドジャスパー,30.0
2021104817,アリハッピー,2025/07/11,川崎,曇,10,個性豊かな11の庭あ(C1),13,7,11,43.7,9.0,7,今野忠成,54.0,ダ,1500.0,重,99.4,0.9,8-8-9-9,41.2,446.0,2.0,プルーフリーダー,
2021104817,アリハッピー,2025/06/19,川崎,晴,9,スフィーダ賞(C1二),13,8,12,22.5,7.0,8,今野忠成,54.0,ダ,1500.0,良,99.3,1.6,5-5-10-10,40.4,444.0,7.0,ポップコーン,
2021104817,アリハッピー,2025/05/29,浦和,曇,9,双子座特別(C1),13,2,2,16.5,5.0,8,今野忠成,54.0,ダ,1400.0,良,89.6,1.2,7-6-8-7,39.8,437.0,-3.0,ラブアンドハピネス,
2021104817,アリハッピー,2025/05/14,川崎,晴,6,芍薬賞(C1),6,6,6,6.3,4.0,4,今野忠成,54.0,ダ,1500.0,稍,99.3,0.8,4-4-5-5,41.5,440.0,-1.0,ゴールデンカガヤ,18.0
2021104817,アリハッピー,2025/03/06,川崎,曇,12,鳴門賞(C1二),10,3,3,15.5,6.0,7,今野忠成,54.0,ダ,1400.0,不,94.1,1.5,5-5-7-6,41.6,441.0,9.0,リコーベレッタ,
2021104817,アリハッピー,2024/10/21,浦和,晴,9,天秤座特別(C2),11,5,5,12.7,6.0,1,今野忠成,54.0,ダ,1500.0,良,98.0,-0.2,8-8-7-3,39.1,432.0,5.0,(ナイスカプチーノ),150.0
2021104817,アリハッピー,2024/05/08,川崎,晴,3,アウラー賞(3歳),9,1,1,5.7,3.0,2,今野忠成,54.0,ダ,1500.0,稍,97.7,0.6,4-4-4-2,41.1,427.0,3.0,コールブランド,80.0
2021104817,アリハッピー,2024/04/03,川崎,曇,1,鳥語花香賞(3歳),11,5,5,14.6,4.0,4,今野忠成,54.0,ダ,1400.0,稍,93.4,1.4,5-6-6-5,40.6,424.0,1.0,エレノーラ,30.0
2021104817,アリハッピー,2024/03/13,川崎,晴,6,アクアマリンフラワー(3歳),11,3,3,6.0,3.0,6,今野忠成,54.0,ダ,1400.0,重,94.7,1.9,8-7-7-6,42.4,423.0,-4.0,レイエル,
2021104817,アリハッピー,2024/01/31,川崎,晴,7,ジャニュアリーフラワ(3歳),12,7,9,73.7,11.0,3,今野忠成,54.0,ダ,1400.0,良,93.0,1.1,7-9-7-5,39.9,427.0,-6.0,ブルスケッタ,62.5
2021104817,アリハッピー,2024/01/02,川崎,晴,3,羽根つき賞(3歳),12,6,8,35.7,6.0,11,今野忠成,53.0,ダ,900.0,良,57.8,2.5,12-12,39.3,433.0,10.0,モンゲースパイ,
2021104817,アリハッピー,2023/11/10,川崎,曇,1,スパーキングデビュー(2歳),8,4,4,4.9,3.0,1,今野忠成,54.0,ダ,900.0,良,56.7,-0.1,1-2,39.3,423.0,0.0,(スプレンフィーノ),370.0
2022105834,エールラヴィクトワ,2026/07/08,川崎,晴,4,C2三四,12,6,8,4.2,2.0,3,矢野貴之,54.0,ダ,1400.0,稍,92.4,0.6,7-7-6-5,39.6,443,-1,レモンアイカー,25.0
2022105834,エールラヴィクトワ,2026/06/16,川崎,晴,4,C2一二,12,2,2,8.5,4.0,4,矢野貴之,54.0,ダ,1400.0,稍,92.1,0.3,7-6-7-4,40.6,444,3,フィリグラン,15.0
2022105834,エールラヴィクトワ,2026/05/12,川崎,晴,4,C2三四,12,8,12,3.6,2.0,4,町田直希,54.0,ダ,1400.0,良,92.9,0.6,5-6-4-6,41.0,441,6,ロコモーション,15.0
2022105834,エールラヴィクトワ,2026/04/07,川崎,曇,5,C2三四,12,8,12,3.1,2.0,2,古岡勇樹,54.0,ダ,1400.0,重,92.8,0.8,8-8-6-5,39.7,435,-2,ゼンダントモニ,40.0
2022105834,エールラヴィクトワ,2026/03/03,川崎,雨,8,C2三四,11,7,8,5.6,3.0,2,古岡勇樹,54.0,ダ,1400.0,不,92.3,0.1,6-5-2-2,39.0,437,3,ヴィトーリアヘーザ,40.0
2022105834,エールラヴィクトワ,2026/02/05,川崎,晴,6,C2六七,12,5,5,18.3,4.0,2,古岡勇樹,54.0,ダ,1400.0,良,92.7,0.4,9-9-10-8,40.0,434,8,フジュム,40.0
2022105834,エールラヴィクトワ,2026/01/02,川崎,晴,8,独楽回し賞(C2),13,3,3,10.6,5.0,7,古岡勇樹,54.0,ダ,1500.0,稍,99.5,1.3,6-6-6-7,40.3,426,1,タマモクリーガー,
2022105834,エールラヴィクトワ,2025/12/16,川崎,晴,3,雉鳩賞(3歳),11,8,11,2.1,1.0,2,古岡勇樹,54.0,ダ,1500.0,重,99.2,0.6,5-5-4-2,41.0,425,3,イモルテル,56.0
2022105834,エールラヴィクトワ,2025/09/13,4阪神3,曇,4,3歳未勝利,16,6,12,37.4,10.0,4,中井裕二,55.0,ダ,1800.0,良,114.6,0.3,14-14-11-10,39.1,422,0,バルミラクル,84.0
2022105834,エールラヴィクトワ,2025/08/31,4中京4,晴,2,3歳未勝利,16,6,11,20.1,8.0,5,中井裕二,55.0,ダ,1800.0,良,115.1,0.6,9-9-8-7,38.3,422,2,オリジナルファイン,56.0
2022105834,エールラヴィクトワ,2025/08/17,3中京8,晴,5,3歳未勝利,16,1,1,204.1,15.0,5,中井裕二,55.0,ダ,1800.0,良,114.3,0.5,11-11-9-9,38.8,420,6,アイブリンク,56.0
2022105834,エールラヴィクトワ,2025/06/14,3阪神3,小雨,3,3歳未勝利,16,1,1,32.5,7.0,14,和田竜二,55.0,ダ,2000.0,稍,130.4,2.4,12-11-9-10,40.8,414,-2,ロックウイズユー,
2022105834,エールラヴィクトワ,2025/05/31,2京都11,曇,1,3歳未勝利,16,3,5,121.1,11.0,8,松若風馬,55.0,ダ,1800.0,良,114.7,1.1,15-15-14-11,38.4,416,0,スルーザナイト,
2022105834,エールラヴィクトワ,2025/04/19,2阪神7,晴,1,3歳未勝利,16,5,10,209.3,15.0,9,松若風馬,55.0,ダ,1800.0,良,117.9,1.0,16-16-15-12,38.7,416,0,ガールズデイアウト,
2022105698,レイニングキング,2026/03/05,川崎,晴,9,皆様に愛されて50年(C1),11,6,7,158.2,11.0,10,本橋孝太,56.0,ダ,1500.0,重,99.3,3.0,11-11-11-11,40.9,470,-11,ホウオウパレード,
2022105698,レイニングキング,2026/02/04,川崎,晴,12,立山賞(C1),14,3,3,78.8,12.0,14,本橋孝太,56.0,ダ,1500.0,良,100.1,2.9,14-14-13-14,40.8,481,5,ソイラテ,
2022105698,レイニングキング,2026/01/19,船橋,晴,9,睦月賞(C1),12,7,10,108.8,9.0,3,本橋孝太,56.0,ダ,1500.0,良,98.4,0.1,12-12-12-12,38.0,476,5,タイセイバンクール,30.0
2022105698,レイニングキング,2026/01/02,川崎,晴,12,坊主めくり賞(C1C2),14,1,1,70.5,12.0,13,本橋孝太,57.0,ダ,2000.0,稍,140.9,2.2,11-11-13-13,40.3,471,-1,ヘニーズネフュー,
2022105698,レイニングキング,2025/12/16,川崎,晴,12,寄ロウバイまつり賞(C1),14,8,13,29.3,6.0,10,野畑凌,56.0,ダ,1500.0,重,101.7,3.4,9-11-12-14,44.0,472,1,ベネディット,
2022105698,レイニングキング,2025/11/21,川崎,晴,9,OMOTANはだの賞(C1),12,4,4,174.3,11.0,7,中山遥人,54.0,ダ,2000.0,良,135.9,1.6,7-6-8-7,41.0,471,-4,フィフティズ,
2022105698,レイニングキング,2025/10/16,川崎,曇,8,YJSトライアルラウ(C2),14,4,6,6.5,3.0,2,舟山瑠泉,56.0,ダ,1600.0,重,108.1,0.3,7-7-6-6,42.2,475,0,メイワノワ,80.0
2022105698,レイニングキング,2025/09/09,川崎,晴,4,啄木鳥特別(3歳),14,4,5,34.5,9.0,9,町田直希,56.0,ダ,1500.0,稍,100.0,1.4,12-11-11-11,41.6,475,-3,アンジュメロディ,
2022105698,レイニングキング,2025/08/25,川崎,晴,2,笹五位特別(3歳),14,4,5,27.6,4.0,7,町田直希,56.0,ダ,1500.0,良,98.9,2.1,11-10-11-11,41.7,478,4,マルセルテソーロ,
2022105698,レイニングキング,2025/08/07,川崎,曇,1,仏法僧特別(3歳),12,8,12,20.3,5.0,5,町田直希,56.0,ダ,1600.0,良,107.1,1.5,6-4-6-8,42.2,474,5,ユメドリーム,20.0
2022105698,レイニングキング,2025/07/10,川崎,晴,2,珠鷸特別(3歳),14,6,9,9.7,3.0,5,町田直希,56.0,ダ,1500.0,良,99.2,0.4,5-4-5-6,42.3,469,-5,ジーグフェルド,16.0
2022105698,レイニングキング,2025/06/16,川崎,晴,6,小千鳥賞(3歳),11,6,6,13.2,3.0,3,町田直希,56.0,ダ,1500.0,重,99.4,1.6,5-5-5-6,42.1,474,13,キャプテンブルー,50.0
2022105698,レイニングキング,2024/10/10,川崎,曇,4,影武者賞(2歳),12,8,11,145.1,11.0,6,今野忠成,55.0,ダ,1500.0,重,100.8,1.9,11-11-9-10,41.3,461,1,ピンクタオルチャン,
2022105698,レイニングキング,2024/09/03,川崎,曇,5,スズムシ賞(2歳),11,4,4,12.9,6.0,6,町田直希,54.0,ダ,1400.0,重,95.8,1.6,8-8-9-8,41.5,460,-1,ピノマハナ,
2022105698,レイニングキング,2024/08/07,川崎,曇,1,2歳5イ,7,4,4,2.7,1.0,1,町田直希,54.0,ダ,1400.0,良,94.1,-0.2,5-5-5-5,39.8,461,-3,(ローズバレー),200.0
2022105698,レイニングキング,2024/07/24,川崎,晴,3,オオムラサキ特別(2歳),13,6,8,5.1,2.0,9,町田直希,54.0,ダ,1400.0,良,94.8,1.5,11-10-8-8,41.3,464,0,バックビート,
2022105698,レイニングキング,2024/07/04,川崎,晴,3,スパーキングデビュー(2歳),7,3,3,11.3,4.0,3,町田直希,54.0,ダ,1400.0,稍,94.0,1.2,6-6-5-5,41.3,464,0,ピンクタオルチャン,105.0
2022104634,ボルダーオパール,2026/07/07,川崎,曇,8,キャビア賞(C2),11,4,4,16.9,6.0,8,野畑凌,54.0,ダ,1500.0,重,99.7,2.2,11-11-11-11,39.9,488,1,ホウヨウムーン,
2022104634,ボルダーオパール,2026/06/16,川崎,晴,8,ソルスティツィオ賞(C2),10,2,2,3.7,2.0,6,野畑凌,54.0,ダ,1500.0,稍,99.4,1.3,1-2-1-3,41.9,487,0,ハヤブサアポチャン,
2022104634,ボルダーオパール,2026/05/15,川崎,晴,12,ファイナルアンサー賞(C2),14,6,10,2.9,1.0,1,野畑凌,54.0,ダ,1500.0,良,98.1,-0.2,2-2-1-1,39.6,487,14,(プレジャー),100.0
2022104634,ボルダーオパール,2026/03/31,船橋,雨,6,C2二三,11,7,8,16.8,6.0,6,本橋孝太,54.0,ダ,1200.0,重,77.5,1.5,9-10-10,38.5,473,2,ハイスピードバイオ,
2022104634,ボルダーオパール,2026/03/12,船橋,晴,12,雲外蒼天賞(C2),12,5,5,57.4,9.0,10,本橋孝太,54.0,ダ,1800.0,良,121.3,1.8,7-7-9-11,40.5,471,7,ホウヨウムーン,
2022104634,ボルダーオパール,2026/02/25,浦和,雨,8,春告鳥特別(C2),12,6,7,7.0,3.0,9,本橋孝太,54.0,ダ,2000.0,重,134.4,2.0,6-6-11-9,41.8,464,-7,ビービーシャーンス,
2022104634,ボルダーオパール,2026/02/11,船橋,曇,12,2025Jockey(C2),14,6,9,19.0,8.0,7,庄司大輔,54.0,ダ,2200.0,稍,154.8,2.2,7-6-5-7,43.9,471,3,ラップランド,
2022104634,ボルダーオパール,2026/01/19,船橋,晴,7,C2二三四イ(C2三),13,1,1,22.1,4.0,6,岡村健司,54.0,ダ,1500.0,良,98.6,1.9,6-7-9-9,39.9,468,2,ジーティーファラオ,
2022104634,ボルダーオパール,2025/12/08,船橋,晴,6,C2二三,13,5,7,71.0,8.0,5,本橋孝太,54.0,ダ,1500.0,良,98.9,2.1,5-5-5-7,39.9,466,6,デザーヴ,10.0
2022104634,ボルダーオパール,2025/08/29,船橋,晴,6,稲毛賞(3歳),11,1,1,4.1,2.0,4,澤田龍哉,54.0,ダ,1500.0,良,97.7,0.5,1-1-1-1,40.3,460,1,プレストエマ,24.0
2022104634,ボルダーオパール,2025/07/29,船橋,晴,4,3歳三,9,8,9,1.7,1.0,2,山中悠希,54.0,ダ,1200.0,良,75.5,0.8,5-4-4,38.6,459,-4,ザーシッダレイ,64.0
2022104634,ボルダーオパール,2025/07/23,浦和,晴,3,3歳五,9,8,8,1.8,1.0,3,山中悠希,54.0,ダ,1400.0,良,91.0,0.5,7-5-4-6,40.0,463,-4,アースチャン,40.0
2022104634,ボルダーオパール,2025/07/03,船橋,晴,1,3歳六,10,2,2,1.5,1.0,2,山中悠希,54.0,ダ,1200.0,良,75.1,0.4,4-4-5,38.6,467,-4,マオノアロア,68.0
2022104634,ボルダーオパール,2025/05/22,名古屋,曇,2,3歳4組,12,5,5,1.8,1.0,1,岡部誠,55.0,ダ,1500.0,重,96.9,-0.7,2-2-2,40.4,471,-5,(サンライズアルズ),58.0
2022104634,ボルダーオパール,2025/05/08,名古屋,晴,2,3歳8組,12,2,2,1.5,1.0,1,岡部誠,55.0,ダ,1500.0,重,97.6,-0.4,1-1-1,39.7,476,-5,(レイナティア),58.0
2022104634,ボルダーオパール,2025/04/23,名古屋,曇,1,3歳11組,10,7,8,2.7,1.0,2,岡部誠,55.0,ダ,1500.0,不,96.3,0.0,2-2-2,39.2,481,9,サンライズアルズ,20.3
2022104634,ボルダーオパール,2025/03/22,2中京3,晴,3,3歳未勝利,12,7,9,179.8,9.0,10,吉田豊,55.0,ダ,1900.0,良,124.6,2.4,9-9-12-12,39.2,472,-4,エコロスパーダ,
2022104634,ボルダーオパール,2025/02/23,1東京8,晴,2,3歳未勝利,16,3,6,367.7,15.0,9,横山琉人,54.0,ダ,2100.0,良,137.1,1.9,5-6-7-9,39.7,476,6,ディペンダブル,
2022104634,ボルダーオパール,2024/12/14,7京都5,曇,7,2歳未勝利,18,7,13,415.3,16.0,18,角田大和,55.0,芝,1800.0,良,112.9,5.3,15-17,39.1,470,2,パラディレーヌ,
2022104634,ボルダーオパール,2024/11/09,6京都3,晴,2,2歳未勝利,14,7,12,271.6,12.0,10,団野大成,55.0,ダ,1800.0,良,117.8,2.2,10-10-13-13,39.6,468,-6,ウォーターエルピス,
2022104634,ボルダーオパール,2024/10/27,5京都8,晴,4,2歳新馬,16,2,3,179.9,16.0,12,酒井学,55.0,ダ,1800.0,良,118.6,4.1,10-10-13-14,40.2,474,0,ゴールデンクラウド,
2020104575,クレテイユ,2026/07/07,川崎,曇,8,キャビア賞(C2),11,8,11,330.1,10.0,11,岡村裕基,56.0,ダ,1500.0,重,100.3,2.8,7-8-9-9,42.3,470,-6,ホウヨウムーン,
2020104575,クレテイユ,2026/06/15,川崎,曇,11,神楽酒造盃くろうま賞(C1C2),14,7,12,388.1,14.0,13,岡村裕基,57.0,ダ,1600.0,重,109.6,3.7,7-7-8-11,43.9,476,-2,エクセルブラック,
2020104575,クレテイユ,2026/05/26,浦和,曇,6,うどんとこいのぼりの(C1),12,4,4,135.8,12.0,11,岡村裕基,56.0,ダ,1400.0,稍,92.8,2.5,12-12-12-12,39.7,478,5,サンスレッド,
2020104575,クレテイユ,2026/05/13,川崎,晴,8,オプレンシア賞(C1),10,1,1,59.7,9.0,10,岡村裕基,56.0,ダ,1500.0,良,98.7,2.2,7-7-9-8,41.7,473,1,アイノシャンティー,
2020104575,クレテイユ,2026/04/23,浦和,雨,4,C1五,11,8,10,12.1,5.0,10,Ｅ．シャ,56.0,ダ,1400.0,良,92.2,2.1,8-9-8-8,41.0,472,-6,ランディー,
2020104575,クレテイユ,2026/04/09,川崎,晴,7,C1三,11,5,6,35.5,8.0,4,岡村裕基,56.0,ダ,1400.0,稍,93.0,0.8,10-10-9-9,39.6,478,2,アマモト,18.0
2020104575,クレテイユ,2026/03/03,川崎,雨,9,折鶴蘭賞(C1),9,8,9,62.4,6.0,6,本田紀忠,56.0,ダ,1400.0,不,92.3,1.6,8-8-6-7,39.9,476,-6,ブラッドライン,
2020104575,クレテイユ,2026/02/02,川崎,晴,6,C2一,13,6,8,185.9,11.0,3,本田紀忠,56.0,ダ,1400.0,良,92.9,0.5,12-12-12-9,39.6,482,5,ベルエアキング,25.0
2020104575,クレテイユ,2026/01/04,川崎,晴,8,熊手賞(C2),14,7,12,120.5,11.0,13,岡村裕基,56.0,ダ,1400.0,稍,95.9,3.5,6-8-9-14,43.7,477,-2,オルペラー,
2020104575,クレテイユ,2025/12/18,川崎,晴,7,コナ賞(C1二),9,8,9,226.6,8.0,9,岡村裕基,56.0,ダ,1400.0,稍,94.6,3.7,4-5-6-5,42.1,479,-5,サドル,
2020104575,クレテイユ,2025/10/16,川崎,曇,9,かわさきジャズBRI(C1二),12,7,10,235.0,12.0,11,藤江渉,56.0,ダ,1400.0,重,94.9,3.8,12-12-12-12,41.4,484,10,ポッドソル,
2020104575,クレテイユ,2025/08/26,川崎,晴,9,鎧賞(C1),10,8,9,65.5,8.0,9,今野忠成,56.0,ダ,1400.0,良,93.5,1.7,9-9-9-9,39.4,474,0,ナチュラルターン,
2020104575,クレテイユ,2025/08/06,川崎,晴,8,カンチェンジュンガ賞(C1二),9,2,2,34.6,7.0,9,伊藤裕人,56.0,ダ,1400.0,良,92.1,2.5,4-4-6-6,40.0,474,0,ビップソリオ,
2020104575,クレテイユ,2025/07/10,川崎,晴,8,バカラ賞(C1二),12,7,10,76.7,11.0,2,今野忠成,56.0,ダ,1400.0,良,92.0,0.4,7-7-8-6,39.7,474,-6,ピッツァナポリ,48.0
2020104575,クレテイユ,2025/06/16,川崎,晴,11,神楽酒造盃くろうま賞(C1C2),11,8,11,11.5,6.0,6,今野忠成,57.0,ダ,1600.0,重,107.9,2.3,10-10-9-8,40.7,480,3,トウマ,
2020104575,クレテイユ,2025/05/30,浦和,雨,9,月見草特別(C1),12,4,4,29.5,8.0,8,櫻井光輔,56.0,ダ,1500.0,不,94.4,2.3,10-10-11-12,38.4,477,-6,ロックシティボーイ,
2020104575,クレテイユ,2025/05/15,川崎,晴,7,オプレンシア賞(C1二),10,7,7,20.2,5.0,7,櫻井光輔,56.0,ダ,1400.0,稍,93.1,2.1,8-8-7-8,41.2,483,7,トーアエレクトロン,
2020104575,クレテイユ,2025/04/10,川崎,曇,8,ミリオネア賞(C1二),12,7,10,18.9,7.0,3,櫻井光輔,56.0,ダ,1400.0,稍,92.6,0.9,9-10-10-8,39.4,476,-3,タイセイアーメット,45.0
2020104575,クレテイユ,2025/03/17,浦和,晴,8,幸手権現堂桜堤賞(C1),12,3,3,7.7,5.0,3,今野忠成,56.0,ダ,1400.0,不,88.1,1.0,8-8-8-5,37.0,479,0,ティーズフリーク,30.0
2020104575,クレテイユ,2025/03/06,川崎,曇,7,メッシーナ賞(C1二),12,7,10,31.9,7.0,6,今野忠成,56.0,ダ,1500.0,不,98.5,1.7,5-5-5-4,40.6,479,2,ラジエーション,
2020104575,クレテイユ,2025/02/04,川崎,晴,5,モナコ賞(C2),12,4,4,7.2,3.0,1,今野忠成,56.0,ダ,1400.0,稍,92.4,0.0,4-3-3-1,40.1,477,-12,(ウルトラワールド),150.0
2020104575,クレテイユ,2024/10/07,川崎,晴,8,団子菊賞(C1),10,7,8,3.9,2.0,10,山崎誠士,56.0,ダ,1500.0,重,101.9,2.1,6-5-5-5,43.8,489,5,シエルラビクトア,
2020104575,クレテイユ,2024/09/04,川崎,晴,8,C1四五六(C1五),12,8,11,2.5,1.0,2,野畑凌,56.0,ダ,1400.0,重,94.6,0.2,4-4-3-2,39.5,484,13,ティーストーク,48.0
2020104575,クレテイユ,2024/08/05,川崎,曇,12,アマゾン賞(C2),12,6,7,5.4,3.0,2,今野忠成,56.0,ダ,1400.0,良,92.4,0.1,3-2-3-3,39.6,471,2,ソーサレス,60.0
2020104575,クレテイユ,2024/07/23,川崎,晴,12,フルコース賞(C2),11,7,8,5.8,3.0,2,今野忠成,56.0,ダ,1500.0,稍,98.4,1.1,7-5-4-2,40.5,469,-9,ヴェロス,60.0
2020104575,クレテイユ,2024/06/13,川崎,曇,6,C2三四五(C2四),8,8,8,2.0,1.0,1,今野忠成,56.0,ダ,1400.0,稍,91.7,-0.5,5-5-5-4,40.9,478,7,(キューランブラー),100.0
2020104575,クレテイユ,2024/05/21,浦和,晴,2,ランチタイムチャレン(C2),12,6,8,2.4,1.0,2,野畑凌,56.0,ダ,1400.0,重,92.0,0.3,2-2-1-1,41.0,471,-4,ヤマジュンヒバナ,40.0
2020104575,クレテイユ,2024/05/09,川崎,曇,5,C2八九,12,4,4,9.7,3.0,1,山崎誠士,56.0,ダ,1400.0,稍,92.1,-0.8,3-4-5-3,39.8,475,6,(リンガススウィート),100.0
2020104575,クレテイユ,2024/04/04,川崎,曇,3,C3三四,10,7,8,2.5,2.0,1,野畑凌,56.0,ダ,1500.0,重,100.8,-0.1,1-1-1-1,44.5,469,1,(デルマオベロン),80.0
2020104575,クレテイユ,2024/03/13,川崎,晴,2,C3三四,12,8,11,11.4,6.0,2,野畑凌,56.0,ダ,1400.0,重,93.4,0.1,2-2-1-1,41.4,468,2,ヴィキャンデル,32.0
2020104575,クレテイユ,2024/02/01,川崎,晴,3,C3三四五(C3四),12,4,4,23.5,7.0,4,岩橋勇二,56.0,ダ,1400.0,良,94.5,0.6,2-2-1-2,41.5,466,-2,ワールドウィスラー,12.0
2020104575,クレテイユ,2024/01/02,川崎,曇,6,いろはかるた賞(C3),10,5,5,15.3,5.0,8,岩橋勇二,56.0,ダ,1400.0,良,95.3,2.0,3-3-5-5,42.2,468,5,サンディロン,
2020104575,クレテイユ,2023/11/09,園田,晴,9,C2二,10,5,5,15.0,6.0,8,大柿一真,56.0,ダ,1230.0,稍,83.9,1.4,6-7-7-9,40.9,463,-1,ヴァガルーナ,
2020104575,クレテイユ,2023/10/18,園田,晴,5,C2二,10,4,4,3.2,1.0,8,大柿一真,56.0,ダ,1400.0,良,96.8,3.2,6-6-4-6,43.8,464,6,モンサンプリーモ,
2020104575,クレテイユ,2023/08/23,川崎,晴,8,オーガストフラワー賞(3歳C1),12,3,3,16.8,6.0,5,宮崎北斗,56.0,ダ,1500.0,良,98.7,1.7,6-6-4-4,42.1,458,4,ジョイルミナス,25.0
2020104575,クレテイユ,2023/04/09,3中山6,晴,3,3歳未勝利,16,7,14,11.1,4.0,6,宮崎北斗,56.0,ダ,1200.0,稍,73.2,1.7,8-5,38.9,454,-2,リラックス,
2020104575,クレテイユ,2023/03/26,3中山2,雨,3,3歳未勝利,16,6,11,27.1,10.0,4,宮崎北斗,56.0,ダ,1200.0,不,72.7,0.6,9-8,37.4,456,0,アイノセンシ,83.0
2022105219,ブランディストック,2026/07/07,川崎,曇,8,キャビア賞(C2),11,3,3,7.7,4.0,5,和田譲治,56.0,ダ,1500.0,重,98.5,1.0,5-5-5-4,41.3,489,-2,ホウヨウムーン,15.0
2022105219,ブランディストック,2026/06/18,川崎,曇,9,スフィーダ賞(C1),11,5,5,25.9,7.0,5,和田譲治,56.0,ダ,1500.0,重,98.4,1.8,8-8-6-4,41.1,491,1,メイショウマヒロ,18.0
2022105219,ブランディストック,2026/05/13,川崎,晴,8,オプレンシア賞(C1),10,5,5,4.2,3.0,5,和田譲治,56.0,ダ,1500.0,良,97.4,0.9,3-3-3-3,41.0,490,-3,アイノシャンティー,13.0
2022105219,ブランディストック,2026/04/09,川崎,晴,7,C1三,11,3,3,1.7,1.0,8,町田直希,56.0,ダ,1400.0,稍,93.4,1.2,11-10-9-9,40.2,493,2,アマモト,
2022105219,ブランディストック,2026/03/02,川崎,曇,8,カラスミ賞(C2),9,4,4,7.7,3.0,2,町田直希,56.0,ダ,1500.0,稍,98.1,0.3,5-5-5-4,39.8,491,5,メイショウマチルダ,60.0
2022105219,ブランディストック,2026/01/01,川崎,晴,10,23rdゴールデンホ(C1C2),14,6,10,17.0,4.0,5,町田直希,55.0,ダ,1500.0,稍,98.5,1.8,12-12-11-11,39.9,486,-4,ファイヤーウィップ,20.0
2022105219,ブランディストック,2025/12/15,川崎,晴,10,ヴェネツィア賞(C2),11,8,11,4.2,2.0,3,笹川翼,56.0,ダ,1500.0,重,99.2,1.3,5-6-3-3,40.5,490,-2,ファリードゥーン,37.5
2022105219,ブランディストック,2025/11/19,川崎,晴,7,C2三四五(C2四),12,7,9,2.4,2.0,2,町田直希,56.0,ダ,1500.0,良,97.8,0.2,8-8-4-2,39.8,492,5,リラゲイル,40.0
2022105219,ブランディストック,2025/11/06,船橋,曇,6,C2七八九ア(C2八),11,5,5,4.2,3.0,1,町田直希,56.0,ダ,1500.0,稍,96.6,-0.7,4-4-6-5,38.9,487,-10,(ストラーダレアーレ),100.0
2022105219,ブランディストック,2025/10/17,川崎,晴,5,木菟賞(3歳),14,8,13,2.3,1.0,2,山崎誠士,56.0,ダ,1500.0,稍,98.6,0.8,7-6-5-4,42.2,497,17,ポッドデューク,56.0
2022105219,ブランディストック,2025/08/16,1札幌7,晴,6,3歳未勝利,14,3,4,8.4,4.0,6,キング,57.0,ダ,1700.0,良,107.8,1.1,6-6-3-4,39.3,480,-6,ミスティマウンテン,
2022105219,ブランディストック,2025/06/22,3東京6,晴,2,3歳未勝利,16,8,15,8.3,3.0,9,菅原明良,57.0,ダ,1600.0,良,98.5,1.6,8-9,37.4,486,-2,ワスカル,
2022105219,ブランディストック,2025/06/01,2東京12,晴,3,3歳未勝利,16,5,9,23.3,4.0,5,菅原明良,57.0,ダ,1600.0,重,97.1,0.7,5-6,36.0,488,-4,セブンメデュラス,56.0
2022105219,ブランディストック,2025/01/19,1中山7,晴,3,3歳未勝利,16,1,2,4.5,2.0,7,キング,57.0,ダ,1800.0,良,118.6,0.9,4-3-8-9,39.8,492,10,チンプンカンプン,
2022105219,ブランディストック,2024/11/24,5東京8,晴,5,2歳新馬,16,5,9,37.0,7.0,4,鮫島克駿,56.0,ダ,1600.0,良,101.2,2.5,6-7,39.0,482,0,リアライズカミオン,110.0
2021100875,コルネットロッソ,2026/07/09,川崎,晴,7,C2一二,8,8,8,1.8,1.0,4,新原周馬,56.0,ダ,1400.0,良,92.3,1.3,5-6-8-8,39.8,458.0,-6.0,アムリタ,15.0
2021100875,コルネットロッソ,2026/06/19,川崎,曇,9,レーニョ賞(C1),12,2,2,3.1,2.0,8,伊藤裕人,56.0,ダ,1600.0,重,107.1,2.4,12-12-12-11,41.3,464.0,0.0,アイビーガオー,
2021100875,コルネットロッソ,2026/05/13,川崎,晴,5,レッドカーペット賞(C2),11,5,5,4.4,2.0,2,新原周馬,56.0,ダ,1500.0,良,96.4,0.0,1-1-1-1,39.3,464.0,-2.0,フジュム,60.0
2021100875,コルネットロッソ,2025/08/07,川崎,曇,6,C1六七,10,5,6,,,除,新原周馬,56.0,ダ,1400.0,良,,,,,465.0,-1.0,サヨノビッグホープ,
2021100875,コルネットロッソ,2025/07/08,川崎,晴,5,トリュフ賞(C2二),11,2,2,9.8,5.0,2,新原周馬,56.0,ダ,1400.0,良,91.7,0.1,9-9-9-8,39.3,466.0,-9.0,ミュークレグルス,60.0
2021100875,コルネットロッソ,2024/11/13,川崎,晴,9,七竈賞(C1四),13,2,2,,,取,吉原寛人,56.0,ダ,1500.0,良,,,,,,,ヤプシ,
2021100875,コルネットロッソ,2024/10/24,浦和,曇,8,HBA日高軽種馬農業(C1),12,1,1,2.1,1.0,12,新原周馬,56.0,ダ,1500.0,良,100.1,1.8,11-11-12-10,38.4,475.0,-2.0,フォースチルドレン,
2021100875,コルネットロッソ,2024/10/07,川崎,晴,9,めいどいんおおいそ賞(C1),11,4,4,1.5,1.0,3,新原周馬,56.0,ダ,1400.0,重,94.3,0.7,7-9-9-9,41.7,477.0,5.0,ライヴペッパー,30.0
2021100875,コルネットロッソ,2024/06/12,川崎,晴,8,ムーンストーンフラワ(3歳),12,1,1,1.5,1.0,2,御神本訓,56.0,ダ,1400.0,良,91.7,0.8,4-4-5-3,39.0,472.0,-1.0,モナコブル,100.0
2021100875,コルネットロッソ,2024/05/07,川崎,雨,1,3歳6,10,8,10,1.0,1.0,1,新原周馬,56.0,ダ,1400.0,稍,92.0,-2.2,2-2-1-1,38.5,473.0,5.0,(スリーオウギ),160.0
2021100875,コルネットロッソ,2024/04/05,川崎,曇,1,未受賞未出走(3歳),9,8,9,1.6,1.0,1,新原周馬,56.0,ダ,1400.0,重,93.4,-3.9,2-2-1-1,40.0,468.0,0.0,(アーニャアザザマス),160.0
2023105132,ブルムーンストーン,2026/07/07,川崎,曇,12,ブラックジャック賞(C1),12,2,2,28.0,8.0,10,古岡勇樹,55.0,ダ,1500.0,重,99.1,1.6,12-12-5-7,41.8,460,-3,サウスヴィルステラ,
2023105132,ブルムーンストーン,2026/06/17,川崎,晴,6,青葉木菟特別(3歳),8,3,3,16.7,5.0,5,古岡勇樹,57.0,ダ,1500.0,稍,98.8,2.0,8-8-7-6,41.0,463,-3,カナールゲイル,25.0
2023105132,ブルムーンストーン,2026/05/12,川崎,晴,3,大瑠璃賞(3歳),9,5,5,101.8,9.0,1,古岡勇樹,56.0,ダ,1500.0,良,97.8,-0.1,8-8-1-4,40.5,466,-10,(トリル),200.0
2023105132,ブルムーンストーン,2026/04/08,川崎,晴,8,頬白賞(3歳),13,8,12,202.0,13.0,11,古岡勇樹,56.0,ダ,1500.0,稍,100.0,3.2,13-13-13-13,40.8,476,-4,アウフグース,
2023105132,ブルムーンストーン,2026/03/05,川崎,晴,4,連翹賞(3歳),9,6,6,27.4,8.0,8,古岡勇樹,56.0,ダ,1500.0,重,100.8,3.1,6-5-8-7,42.2,480,-2,サヨノマックスラブ,
2023105132,ブルムーンストーン,2026/02/03,川崎,晴,4,青鵐特別(3歳),14,6,9,144.2,13.0,9,古岡勇樹,56.0,ダ,1500.0,良,99.6,1.8,14-13-12-10,41.0,482,6,オリコウエルドラド,
2023105132,ブルムーンストーン,2026/01/04,川崎,晴,6,招福特別(3歳),10,7,7,75.8,9.0,5,古岡勇樹,56.0,ダ,1500.0,稍,99.2,1.5,10-10-8-6,39.8,476,-3,オリコウエルドラド,30.0
2023105132,ブルムーンストーン,2025/12/15,川崎,晴,2,未勝利(2歳),8,5,5,28.0,6.0,4,古岡勇樹,55.0,ダ,1500.0,重,101.1,0.6,2-3-7-5,40.7,479,-3,ルトネール,37.5
2023105132,ブルムーンストーン,2025/11/18,川崎,晴,3,シャイニングジュニア(2歳),11,3,3,47.1,9.0,9,古岡勇樹,55.0,ダ,1600.0,良,108.8,1.7,11-11-11-10,40.7,482,6,デーレーシトロン,
2023105132,ブルムーンストーン,2025/10/15,川崎,曇,6,影武者賞(2歳),10,7,9,31.0,6.0,6,西啓太,55.0,ダ,1500.0,稍,99.3,1.2,10-10-8-8,41.8,476,6,ハネダブライアン,
2023105132,ブルムーンストーン,2025/09/12,川崎,曇,5,シャイニングトレジャ(2歳),6,6,6,8.0,3.0,5,西啓太,54.0,ダ,1500.0,重,101.5,2.0,6-5-3-5,43.2,470,-4,スプリンガフォート,40.0
2023105132,ブルムーンストーン,2025/08/21,川崎,晴,5,オオクワガタ特別(2歳),10,8,10,34.9,8.0,2,西啓太,54.0,ダ,1500.0,良,99.3,0.8,4-4-3-2,42.3,474,0,サンエイタロー,120.0
2023105132,ブルムーンストーン,2025/08/06,川崎,晴,2,オオムラサキ特別(2歳),8,5,5,24.5,6.0,5,佐野遥久,53.0,ダ,1500.0,良,101.0,2.7,1-3-3-6,43.5,474,9,コスモギガンティア,30.0
2023105132,ブルムーンストーン,2025/07/07,川崎,晴,4,アゲハチョウ賞(2歳),7,6,6,3.2,2.0,2,佐野遥久,53.0,ダ,1400.0,良,94.9,0.8,2-3-1-2,41.1,465,-1,キイチマイルス,100.0
2023105132,ブルムーンストーン,2025/06/20,川崎,晴,4,スパーキングデビュー(2歳),7,3,3,27.2,6.0,3,佐野遥久,53.0,ダ,900.0,良,56.9,0.1,7-4,37.3,466,0,イネスティマブル,105.0
2021106221,ウインブリエ,2026/07/15,浦和,晴,10,トワイライトマジック(C1),12,6,7,35.5,7.0,6,張田昂,54.0,ダ,1500.0,良,96.7,1.4,4-4-5-5,39.2,531,7,パブリックスフィア,
2021106221,ウインブリエ,2026/06/26,浦和,雨,9,栗橋宿特別(C1),10,1,1,23.7,7.0,2,福原杏,54.0,ダ,1500.0,不,95.1,0.0,5-5-4-4,38.7,524,3,ブレストサンダー,72.0
2021106221,ウインブリエ,2026/06/05,船橋,曇,9,ほたる特別(C1),14,2,2,131.8,11.0,14,福原杏,54.0,ダ,1600.0,稍,109.0,4.1,7-7-9-10,43.8,521,-1,スノーライトニング,
2021106221,ウインブリエ,2026/05/25,浦和,晴,10,薫風特別(B3C1),12,7,10,27.7,7.0,12,福原杏,53.0,ダ,1400.0,稍,93.5,4.0,12-12-12-12,42.1,522,5,ナリノエンブレム,
2021106221,ウインブリエ,2026/05/14,川崎,曇,9,レイノ賞(C1),13,7,11,37.7,8.0,2,福原杏,54.0,ダ,1600.0,良,105.8,0.1,6-6-5-3,40.6,517,2,スティールウィル,72.0
2021106221,ウインブリエ,2026/04/23,浦和,雨,10,雛芥子特別(C1),11,5,5,46.5,7.0,4,櫻井光輔,54.0,ダ,1500.0,稍,97.1,0.7,4-4-4-2,39.0,515,3,ジーティーエンジン,27.0
2021106221,ウインブリエ,2026/04/08,川崎,晴,9,猛虎特別(C1),13,2,2,63.6,9.0,11,福原杏,54.0,ダ,2000.0,稍,140.0,3.9,4-4-3-7,44.5,512,-8,ジュンビクトワール,
2021106221,ウインブリエ,2026/03/17,浦和,晴,12,季春特別(C1),12,3,3,17.7,6.0,6,室陽一朗,54.0,ダ,2000.0,良,135.1,1.6,10-10-10-8,41.0,520,0,デーレーチョップ,
2021106221,ウインブリエ,2026/02/27,浦和,曇,12,春花特別(C1),12,6,8,4.1,2.0,10,張田昂,54.0,ダ,2000.0,重,138.7,6.5,2-2-3-6,46.0,520,10,ジャスパージェット,
2021106221,ウインブリエ,2026/02/05,川崎,晴,12,アリアンロッド賞(C1),12,7,10,18.7,8.0,4,福原杏,54.0,ダ,2000.0,良,138.2,0.2,2-2-1-2,40.3,510,-16,ダートレイジング,27.0
2021106221,ウインブリエ,2025/10/29,浦和,晴,9,月の雫特別(C1C2),12,7,10,8.0,4.0,4,福原杏,55.0,ダ,2000.0,稍,132.7,1.1,2-2-1-2,41.6,526,4,レッドゲート,27.0
2021106221,ウインブリエ,2025/10/16,川崎,曇,7,かわさきジャズ&かわ(C1二),13,6,9,15.1,7.0,12,福原杏,54.0,ダ,1500.0,重,100.6,2.4,2-3-3-6,44.1,522,4,シカゴフォンテン,
2021106221,ウインブリエ,2025/10/02,船橋,晴,12,グリーンチャンネル開(C1),13,1,1,7.5,4.0,10,福原杏,54.0,ダ,1800.0,稍,119.3,2.7,4-4-6-5,41.9,518,-1,マキシマムパワー,
2021106221,ウインブリエ,2025/09/22,浦和,晴,12,秋の夜特別(C1),12,5,5,6.0,4.0,3,福原杏,54.0,ダ,2000.0,稍,130.8,0.5,3-3-2-2,39.8,519,2,アルリスカ,45.0
2021106221,ウインブリエ,2025/08/15,浦和,晴,12,盆の月特別(C1),12,5,6,4.5,3.0,6,福原杏,54.0,ダ,2000.0,良,130.3,2.2,3-2-2-3,41.7,517,6,ビリーヴィン,
2021106221,ウインブリエ,2025/08/07,川崎,曇,7,C1六七,12,5,6,5.2,3.0,2,福原杏,54.0,ダ,1500.0,良,98.0,0.7,6-7-3-3,42.7,511,-4,クリスタルアロー,48.0
2021106221,ウインブリエ,2025/07/24,浦和,晴,12,夏の空特別(C1C2),11,7,8,2.3,1.0,2,福原杏,53.0,ダ,2000.0,良,130.7,0.1,2-2-2-2,40.1,515,3,ビリーヴィン,72.0
2021106221,ウインブリエ,2025/06/25,浦和,曇,12,両神山特別(C2),11,8,11,5.1,2.0,1,福原杏,54.0,ダ,2000.0,不,128.0,-0.5,1-1-1-1,37.2,512,0,(ユイノパチョレック),150.0
2021106221,ウインブリエ,2025/05/29,浦和,曇,8,葉桜特別(C2),12,8,12,8.4,5.0,7,福原杏,54.0,ダ,1500.0,良,97.7,1.9,6-7-6-5,39.1,512,4,エイシンゾディアク,
2021106221,ウインブリエ,2025/05/06,船橋,曇,12,猛虎伏草賞(C2),12,1,1,8.7,4.0,2,福原杏,54.0,ダ,1500.0,不,98.0,0.8,2-3-3-3,41.4,508,-5,アイディアリスト,40.0
2021106221,ウインブリエ,2025/04/22,浦和,曇,3,C2五六,11,8,11,2.4,1.0,4,福原杏,54.0,ダ,1400.0,良,89.7,1.2,5-5-4-4,39.9,513,4,エイシンゾディアク,15.0
2021106221,ウインブリエ,2025/04/03,船橋,雨,6,馬い!八丈西浜完熟レ(C2),12,8,12,1.7,1.0,1,福原杏,54.0,ダ,1500.0,不,98.6,-0.3,5-5-4-4,40.2,509,2,(シンキングファーザ),100.0
2021106221,ウインブリエ,2025/03/17,浦和,晴,4,特選(C3),11,5,5,3.6,2.0,1,西啓太,54.0,ダ,1500.0,不,96.4,0.0,4-4-4-2,38.8,507,-5,(キタノアマポーラ),90.0
2021106221,ウインブリエ,2025/02/26,浦和,晴,1,C34歳イ,11,2,2,2.1,1.0,2,福原杏,54.0,ダ,1400.0,良,92.6,0.1,5-4-4-3,38.9,512,14,キミハレモネード,32.0
2021106221,ウインブリエ,2024/11/04,門別,雨,4,大井とスクランブルナ(C4),12,5,5,1.4,1.0,1,金山昇馬,55.0,ダ,1000.0,良,62.4,0.0,4-2,37.4,498,-6,(ハニーディライト),55.0
2021106221,ウインブリエ,2024/10/24,門別,晴,4,3歳以上C4ー3,11,5,5,3.3,2.0,2,金山昇馬,55.0,ダ,1000.0,重,62.9,0.5,4-4,37.7,504,29,シナモンデイジー,11.2
2021106221,ウインブリエ,2024/03/13,川崎,晴,7,マーチフラワー賞(3歳),11,7,9,12.1,5.0,6,丹内祐次,54.0,ダ,1600.0,重,109.5,2.7,4-6-2-3,44.8,475,-9,アルマーレシチー,
2021106221,ウインブリエ,2024/01/07,1中山2,曇,2,3歳未勝利,16,1,2,85.7,11.0,16,松岡正海,55.0,ダ,1800.0,良,121.5,5.6,8-8-9-9,43.4,484,10,アムールドパリ,
2021106221,ウインブリエ,2023/10/21,4東京6,晴,1,2歳未勝利,13,7,10,14.9,7.0,8,松岡正海,55.0,ダ,1600.0,良,102.3,1.6,10-10,39.6,474,6,イリディセント,
2021106221,ウインブリエ,2023/09/18,4中山5,晴,2,2歳未勝利,16,6,12,23.5,8.0,12,丹内祐次,55.0,芝,1600.0,良,97.4,2.0,13-13-14,36.1,468,4,ミエノブラボー,
2021106221,ウインブリエ,2023/08/12,2札幌1,晴,5,2歳新馬,13,2,2,28.6,9.0,5,丹内祐次,55.0,芝,1500.0,良,91.1,0.3,7-6-6,35.2,464,0,レアリゼアンレーヴ,72.0
2021104747,サーブザミッション,2026/07/06,川崎,雨,9,フォーカード賞(C1),11,6,7,62.7,10.0,7,古岡勇樹,56.0,ダ,1600.0,重,107.1,0.8,6-6-7-6,40.6,444.0,-4.0,プルーフリーダー,
2021104747,サーブザミッション,2026/06/16,川崎,晴,12,ウルド賞(C1),10,2,2,45.2,7.0,10,池谷匠翔,56.0,ダ,2000.0,稍,138.1,1.8,4-4-5-6,40.9,448.0,-4.0,ディオスパーダ,
2021104747,サーブザミッション,2026/05/12,川崎,晴,9,クラセアルタ賞(C1),8,1,1,13.8,6.0,5,池谷匠翔,56.0,ダ,1500.0,良,98.5,1.5,7-6-6-5,39.9,452.0,-4.0,ドウザンワン,18.0
2021104747,サーブザミッション,2026/04/09,川崎,晴,9,小手毬賞(C1),14,3,4,11.5,5.0,7,池谷匠翔,56.0,ダ,1600.0,稍,107.4,1.4,10-10-8-10,40.7,456.0,3.0,ミヤビクライ,
2021104747,サーブザミッション,2026/03/02,川崎,曇,7,メッシーナ賞(C1),7,3,3,24.9,6.0,2,池谷匠翔,56.0,ダ,1600.0,稍,106.5,0.5,4-4-5-3,40.1,453.0,-8.0,ホースワン,72.0
2021104747,サーブザミッション,2026/02/04,川崎,晴,12,立山賞(C1),14,8,14,35.7,10.0,10,池谷匠翔,56.0,ダ,1500.0,良,99.3,2.1,5-6-6-9,40.9,461.0,6.0,ソイラテ,
2021104747,サーブザミッション,2025/11/04,船橋,晴,7,馬い!卵はサンサンエ(C1),13,3,3,33.8,8.0,3,所蛍,54.0,ダ,1500.0,良,97.3,0.4,9-8-6-6,39.7,455.0,-2.0,ボールドチャー,30.0
2021104747,サーブザミッション,2025/10/01,船橋,雨,7,C1四五六ア(C1五),14,7,11,5.3,4.0,8,本田正重,56.0,ダ,1600.0,稍,105.1,1.7,3-4-4-4,40.8,457.0,2.0,ホープエトワール,
2021104747,サーブザミッション,2025/09/09,川崎,晴,12,第40回津久井やまび(C1),14,8,14,2.8,1.0,2,本田正重,56.0,ダ,1500.0,稍,98.3,0.1,3-3-3-4,40.9,455.0,-1.0,スナオナキモチ,48.0
2021104747,サーブザミッション,2025/08/27,船橋,晴,10,灯籠賞(C1七),13,6,8,3.2,2.0,7,所蛍,54.0,ダ,1600.0,良,103.7,1.3,7-6-6-7,38.9,456.0,1.0,シーニックビュー,
2021104747,サーブザミッション,2025/07/28,船橋,晴,9,C1四五六ア(C1五),11,1,1,15.8,5.0,3,所蛍,54.0,ダ,1500.0,良,97.4,1.1,6-6-6-6,38.5,455.0,-1.0,マジックモーメント,30.0
2021104747,サーブザミッション,2025/07/05,船橋,晴,12,2025Jockey(C2),12,7,9,1.6,1.0,1,小杉亮,56.0,ダ,1800.0,良,118.2,-0.5,3-3-3-3,40.1,456.0,-4.0,(グレイトインディ),150.0
2021104747,サーブザミッション,2025/06/03,船橋,雨,4,C2二三,12,3,3,18.4,5.0,1,所蛍,54.0,ダ,1500.0,不,98.0,-0.1,5-4-4-4,40.3,460.0,-4.0,(サンダーバローズ),100.0
2021104747,サーブザミッション,2025/04/02,船橋,曇,6,C2六七,10,5,5,8.1,4.0,5,小杉亮,56.0,ダ,1500.0,不,98.7,1.8,5-5-5-5,40.7,464.0,6.0,アイディアリスト,10.0
2021104747,サーブザミッション,2025/03/11,船橋,曇,3,C2四五,10,2,2,,,取,小杉亮,56.0,ダ,1500.0,良,,,,,,,リュウノタブーク,
2021104747,サーブザミッション,2025/02/14,船橋,晴,7,八柱賞(C3),13,2,2,1.6,1.0,1,小杉亮,56.0,ダ,1700.0,良,111.8,-0.2,5-5-4-3,39.8,458.0,2.0,(アルファウィンザー),120.0
2021104747,サーブザミッション,2025/01/23,船橋,晴,3,C3二組下,12,7,9,10.3,5.0,2,小杉亮,56.0,ダ,1500.0,良,97.8,0.6,9-9-11-9,39.2,456.0,2.0,アイディアリスト,31.2
2021104747,サーブザミッション,2024/10/31,船橋,晴,1,3歳三,9,2,2,3.2,2.0,2,澤田龍哉,56.0,ダ,1200.0,重,77.5,0.3,9-9-6,40.1,454.0,0.0,サンダーバローズ,48.0
2021104747,サーブザミッション,2024/09/29,水沢,晴,9,3歳C1四組,10,3,3,2.1,1.0,2,山本政聡,56.0,ダ,1400.0,良,91.3,0.4,5-4-4-3,40.5,454.0,1.0,マリリン,19.3
2021104747,サーブザミッション,2024/09/16,水沢,曇,7,3歳C2三組,11,2,2,6.6,4.0,3,高橋悠里,56.0,ダ,1300.0,良,84.3,0.7,11-10-6-4,39.1,453.0,-3.0,ローゼンモンターク,9.0
2021104747,サーブザミッション,2024/08/04,1札幌6,曇,6,3歳未勝利,14,8,14,182.9,14.0,10,永野猛蔵,57.0,芝,2600.0,稍,165.3,1.5,8-7-11-12,37.8,456.0,10.0,テイキットイージー,
2021104747,サーブザミッション,2024/06/23,4京都8,小雨,6,3歳未勝利,18,8,16,100.0,11.0,9,田口貫太,56.0,芝,2200.0,重,137.3,2.4,10-10-13-10,36.9,446.0,2.0,ジャスティンダイス,
2021104747,サーブザミッション,2024/04/14,2阪神8,晴,4,3歳未勝利,15,6,10,99.5,10.0,14,松若風馬,57.0,芝,2200.0,良,135.2,2.1,5-3-3-3,37.6,444.0,-4.0,ライフセービング,
2021104747,サーブザミッション,2024/01/13,1京都4,曇,6,3歳未勝利,13,6,8,14.8,4.0,6,坂井瑠星,57.0,芝,2000.0,良,123.2,1.2,10-10-9-8,36.5,448.0,-6.0,インファイター,
2021104747,サーブザミッション,2023/12/10,5阪神4,晴,5,2歳新馬,8,6,6,14.5,5.0,5,ルメール,56.0,芝,2000.0,良,122.8,0.9,5-5-6-7,35.1,454.0,0.0,ストーンズ,72.0
2022101714,ジュウニントイロ,2026/07/06,川崎,雨,9,フォーカード賞(C1),11,1,1,22.9,6.0,4,山林堂信,54.0,ダ,1600.0,重,106.6,0.3,1-1-1-1,40.9,496,3,プルーフリーダー,27.0
2022101714,ジュウニントイロ,2026/06/17,川崎,晴,12,手鞠花特別(B3二),14,8,14,103.6,13.0,12,山林堂信,54.0,ダ,1500.0,稍,98.3,2.1,1-1-2-5,42.0,493,5,ベアアスムイ,
2022101714,ジュウニントイロ,2026/05/12,川崎,晴,9,クラセアルタ賞(C1),8,3,3,5.7,2.0,3,藤江渉,54.0,ダ,1500.0,良,97.6,0.6,1-1-1-1,39.8,488,0,ドウザンワン,45.0
2022101714,ジュウニントイロ,2026/04/07,川崎,曇,12,桜草賞(C1),12,4,6,20.8,8.0,11,藤江渉,54.0,ダ,1500.0,重,101.6,3.4,2-2-1-5,44.3,488,7,ジーティーカイソク,
2022101714,ジュウニントイロ,2026/03/02,川崎,曇,7,メッシーナ賞(C1),7,6,6,14.7,4.0,3,山林堂信,54.0,ダ,1600.0,稍,106.5,0.5,1-1-1-1,40.6,481,0,ホースワン,45.0
2022101714,ジュウニントイロ,2025/11/19,川崎,晴,9,モルト賞(C1二),11,8,11,31.7,6.0,9,藤江渉,54.0,ダ,1600.0,良,108.0,1.5,1-1-1-1,42.1,481,-1,アンジュメロディ,
2022101714,ジュウニントイロ,2025/10/16,川崎,曇,7,かわさきジャズ&かわ(C1二),13,8,13,4.1,2.0,11,佐藤翔馬,51.0,ダ,1500.0,重,100.3,2.1,1-1-2-9,44.2,482,1,シカゴフォンテン,
2022101714,ジュウニントイロ,2025/09/08,川崎,晴,8,ルドベキア特別(B33歳),5,1,1,6.8,4.0,4,山林堂信,54.0,ダ,1600.0,稍,106.9,0.6,2-2-2-3,41.0,481,10,ハナノウタゲ,52.5
2022101714,ジュウニントイロ,2025/08/22,川崎,晴,12,百日草賞(C1),11,4,4,16.1,5.0,1,山林堂信,53.0,ダ,1500.0,良,97.6,-0.2,1-1-1-1,42.0,471,-3,(クレーネ),120.0
2022101714,ジュウニントイロ,2025/08/07,川崎,曇,12,クロート賞(C1C2),14,4,6,147.9,11.0,7,山林堂信,54.0,ダ,2000.0,良,135.8,1.1,1-1-1-1,42.3,474,6,ケイツーバルボア,
2022101714,ジュウニントイロ,2025/07/09,川崎,晴,9,ネメシス賞(B3C1),14,8,13,157.4,12.0,14,山林堂信,52.0,ダ,2000.0,良,140.2,4.4,2-1-4-13,45.7,468,9,セレニアサミット,
2022101714,ジュウニントイロ,2025/06/18,川崎,晴,6,青葉木菟特別(3歳),14,4,6,68.5,11.0,13,藤江渉,54.0,ダ,1500.0,良,100.7,4.4,4-6-5-12,44.7,459,-9,チャチャハツゴウ,
2022101714,ジュウニントイロ,2025/05/13,川崎,晴,7,メイフラワー賞(3歳),12,5,6,13.9,6.0,9,新原周馬,54.0,ダ,1400.0,重,94.6,2.4,3-3-9-10,41.0,468,5,トキメキジニア,
2022101714,ジュウニントイロ,2025/04/10,川崎,曇,1,鳥語花香賞(3歳),11,7,9,5.1,3.0,2,町田直希,54.0,ダ,1400.0,稍,92.9,0.1,1-1-1-1,39.8,463,1,リコーターター,80.0
2022101714,ジュウニントイロ,2025/03/21,浦和,晴,6,若草特別(3歳),12,5,5,121.1,10.0,7,藤江渉,54.0,ダ,1500.0,重,98.0,1.4,1-1-1-5,40.9,462,1,ミーヴァトン,
2022101714,ジュウニントイロ,2025/03/05,川崎,雨,7,アクアマリンフラワー(3歳),11,5,5,7.6,5.0,6,町田直希,54.0,ダ,1400.0,不,94.1,2.2,3-4-3-7,41.9,461,-2,ランニングホット,
2022101714,ジュウニントイロ,2025/02/08,川崎,晴,3,シュトゥルム賞(3歳),12,4,4,40.7,11.0,1,町田直希,54.0,ダ,1400.0,良,92.7,-0.4,1-1-1-1,41.5,463,-1,(コスモカピタン),200.0
2022101714,ジュウニントイロ,2024/09/02,川崎,晴,5,キリギリス賞(2歳),9,2,2,6.4,2.0,3,町田直希,54.0,ダ,1400.0,重,96.6,0.4,3-3-4-4,43.0,464,-5,ポッドリヒト,55.0
2022101714,ジュウニントイロ,2024/08/06,川崎,曇,5,ギンヤンマ賞(2歳),8,6,6,7.6,5.0,5,町田直希,54.0,ダ,1400.0,良,94.5,0.7,4-5-4-6,41.1,469,3,モジモジ,22.0
2022101714,ジュウニントイロ,2024/07/25,川崎,晴,6,シャイニングヒーロー(2歳),14,7,11,52.9,10.0,13,伊藤裕人,54.0,ダ,1500.0,良,102.2,4.0,12-13-8-14,44.3,466,5,ヤギリケハヤ,
2022101714,ジュウニントイロ,2024/07/03,川崎,晴,2,アゲハチョウ賞(2歳),8,7,7,3.9,2.0,4,町田直希,54.0,ダ,1400.0,重,94.3,0.8,7-8-5-6,41.4,461,-4,モンゲーキララ,37.5
2022101714,ジュウニントイロ,2024/06/14,川崎,晴,3,スパーキングデビュー(2歳),7,5,5,3.1,2.0,2,町田直希,54.0,ダ,1400.0,良,94.1,0.1,6-5-4-4,40.8,465,0,ゴールドモーニン,168.0
2022101947,フジュム,2026/07/06,川崎,雨,9,フォーカード賞(C1),11,6,8,1.7,1.0,3,矢野貴之,56.0,ダ,1600.0,重,106.5,0.2,4-4-4-4,40.4,504,-8,プルーフリーダー,45.0
2022101947,フジュム,2026/05/13,川崎,晴,5,レッドカーペット賞(C2),11,4,4,1.4,1.0,1,矢野貴之,56.0,ダ,1500.0,良,96.4,0.0,1-1-1-1,39.4,512,-5,(コルネットロッソ),150.0
2022101947,フジュム,2026/04/06,川崎,晴,12,錨草賞(C2),13,7,11,1.7,1.0,4,矢野貴之,56.0,ダ,1500.0,重,98.7,0.3,13-13-10-10,40.2,517,6,ジンガー,22.5
2022101947,フジュム,2026/03/06,川崎,曇,7,このわた賞(C2),8,2,2,1.3,1.0,1,矢野貴之,56.0,ダ,1500.0,稍,98.2,-0.5,1-1-1-1,39.6,511,-7,(ホウヨウムーン),110.0
2022101947,フジュム,2026/02/05,川崎,晴,6,C2六七,12,7,10,1.5,1.0,1,矢野貴之,56.0,ダ,1400.0,良,92.3,-0.4,4-4-1-1,40.2,518,-1,(エールラヴィクトワ),100.0
2022101947,フジュム,2025/12/24,名古屋,小雨,9,B12組,10,8,10,2.6,2.0,2,塚本征吾,57.0,ダ,1500.0,不,94.7,0.4,2-2-2,39.3,519,-3,コンヴァージョン,22.8
2022101947,フジュム,2025/12/10,名古屋,晴,10,茶臼山特別(C),12,3,3,26.3,5.0,2,阿部龍,57.0,ダ,1700.0,良,111.8,0.8,12-12-9,38.8,522,3,アップショウグン,29.8
2022101947,フジュム,2025/11/26,名古屋,晴,3,C6組,12,7,10,2.4,2.0,1,塚本征吾,57.0,ダ,1500.0,良,97.5,0.0,5-2-2,38.9,519,-1,(カシマスウィープ),55.0
2022101947,フジュム,2025/11/11,名古屋,晴,6,加藤聡一騎手誕生日(C),11,7,8,1.4,1.0,1,望月洵輝,57.0,ダ,1500.0,稍,98.2,-0.1,2-1-1,40.2,520,1,(ニホンピロカミーノ),55.0
2022101947,フジュム,2025/10/31,名古屋,雨,10,ハロウィン・ナイト特(C),12,6,7,48.1,8.0,6,大原浩司,57.0,ダ,1700.0,重,112.4,1.7,3-3-4,41.6,519,4,ピラニアキッス,
2022101947,フジュム,2025/10/15,名古屋,晴,2,C20組,12,4,4,13.3,5.0,1,大原浩司,57.0,ダ,1500.0,重,96.5,-0.4,1-1-1,39.5,515,6,(メイショウフソウ),55.0
2022101947,フジュム,2025/09/04,名古屋,曇,4,3歳10組,12,3,3,24.4,6.0,3,大原浩司,57.0,ダ,1500.0,良,98.9,1.2,2-2-4,40.7,509,3,プリティパール,11.0
2022101947,フジュム,2025/08/21,名古屋,晴,5,湧平、伶香さん御結婚(3歳),11,4,4,46.3,10.0,2,大原浩司,57.0,ダ,1500.0,良,98.3,1.8,2-2-2,40.8,506,-2,コロケーション,19.3
2022101947,フジュム,2025/07/19,1函館11,晴,6,3歳未勝利,13,2,2,142.9,13.0,12,森田誠也,54.0,ダ,1700.0,良,109.9,3.4,9-10-12-12,40.5,508,-8,モリノアミーゴ,
2022101947,フジュム,2025/01/12,1中京4,曇,5,3歳新馬,16,8,16,110.2,12.0,15,高杉吏麒,55.0,ダ,1800.0,良,120.3,6.0,12-14-14-15,42.5,516,0,ナンヨーパワフル,
2022107052,ビールボーイ,2026/07/14,浦和,晴,6,C1三四,10,6,6,22.5,6.0,5,保園翔也,56.0,ダ,1500.0,良,97.4,0.6,9-10-9-8,38.8,456,-4,セキテイレア,12.0
2022107052,ビールボーイ,2026/06/23,浦和,曇,8,粕壁宿特別(C1),7,7,7,10.9,5.0,中,見越彬央,56.0,ダ,1400.0,重,,,,,460,4,ツガノショウグン,
2022107052,ビールボーイ,2026/05/28,浦和,曇,9,月見草特別(C1),12,3,3,48.8,6.0,8,見越彬央,56.0,ダ,1500.0,良,99.3,2.1,7-6-7-7,40.0,456,8,グレイスカリヨン,
2022107052,ビールボーイ,2026/03/18,浦和,曇,7,C1四,9,7,7,3.9,2.0,3,笠野雄大,56.0,ダ,1400.0,良,91.0,1.4,6-6-6-5,39.0,448,4,マルモリアクティブ,30.0
2022107052,ビールボーイ,2026/02/26,浦和,曇,10,まだまだ盛り上がろう(C1),11,7,9,18.0,5.0,7,笠野雄大,56.0,ダ,1500.0,不,97.8,1.2,8-6-9-8,38.9,444,0,ダノンレーニア,
2022107052,ビールボーイ,2026/01/08,浦和,晴,11,鏡開き特別(C1),12,5,5,15.3,5.0,8,櫻井光輔,56.0,ダ,1500.0,良,98.4,1.7,6-6-7-7,38.9,444,-1,ユーロジータビート,
2022107052,ビールボーイ,2025/12/25,浦和,曇,7,川幅日本一!鴻巣賞(C1),13,8,12,13.5,4.0,2,笠野雄大,56.0,ダ,1400.0,重,89.8,0.1,8-7-7-3,38.5,445,4,ジャスパージェット,48.0
2022107052,ビールボーイ,2025/11/27,浦和,晴,5,C1五,11,8,12,18.4,5.0,4,笠野雄大,56.0,ダ,1400.0,良,90.2,0.6,5-5-5-5,38.3,441,0,ユーロジータビート,18.0
2022107052,ビールボーイ,2025/10/31,浦和,曇,7,C1五六,12,5,6,36.6,6.0,4,笠野雄大,56.0,ダ,1400.0,稍,89.6,0.6,10-11-11-8,38.9,441,-2,ツーエムフリーク,18.0
2022107052,ビールボーイ,2025/09/26,浦和,晴,8,浦和エイトチャレンジ(C1),9,2,2,7.9,5.0,5,櫻井光輔,55.0,ダ,1400.0,良,90.5,0.6,8-8-8-6,38.5,443,3,パロサント,12.0
2022107052,ビールボーイ,2025/07/31,園田,晴,1,栗栖野7ハロンC3二,10,8,10,1.1,1.0,1,吉村智洋,56.0,ダ,1400.0,良,92.6,-0.9,2-2-1-1,40.6,440,4,(アークリオーソ),60.0
2022107052,ビールボーイ,2025/07/09,園田,晴,2,西河内7ハロンC3三,10,7,7,2.3,1.0,3,吉村智洋,56.0,ダ,1400.0,良,93.7,1.4,2-1-3-3,41.2,436,2,セルベッサ,15.0
2022107052,ビールボーイ,2025/06/19,園田,晴,1,大垣内7ハロン3歳C(C2),12,1,1,1.8,1.0,9,小谷哲平,53.0,ダ,1400.0,良,95.5,2.2,4-4-6-7,43.5,434,-1,ブルームザドリーム,
2022107052,ビールボーイ,2025/02/26,浦和,晴,6,若盛特別(3歳),10,7,7,62.0,5.0,5,笠野雄大,56.0,ダ,1500.0,良,97.8,1.5,8-7-7-6,39.1,435,4,イナダヒメ,25.0
2022107052,ビールボーイ,2025/02/06,川崎,晴,4,青鵐特別(3歳),14,5,8,69.8,10.0,6,笠野雄大,56.0,ダ,1600.0,良,106.2,1.1,11-11-11-10,41.2,431,-1,ハナノウタゲ,
2022107052,ビールボーイ,2025/01/08,浦和,晴,6,若水特別(3歳),12,1,1,46.3,8.0,5,張田昂,56.0,ダ,1400.0,重,91.5,1.6,6-6-6-5,40.1,432,0,エスカティア,25.0
2022107052,ビールボーイ,2024/12/25,浦和,晴,10,浦和ジュニアチャンピ(2歳),11,1,1,56.1,7.0,5,山崎誠士,55.0,ダ,1500.0,良,97.7,1.0,4-4-5-6,39.2,432,-1,ツウエンティフォー,55.0
2022107052,ビールボーイ,2024/12/09,川崎,晴,4,スパイダー賞(2歳),11,7,9,10.7,5.0,2,福原杏,55.0,ダ,1500.0,良,99.8,0.1,6-7-5-3,41.9,433,-9,アーサ,88.0
2022107052,ビールボーイ,2024/11/19,浦和,晴,3,2歳二,10,8,10,16.4,7.0,5,Ｍ．ミシ,53.0,ダ,1400.0,良,92.0,1.3,4-3-4-5,40.8,442,-4,イナダヒメ,26.0
2022107052,ビールボーイ,2024/10/23,浦和,曇,3,2歳四,10,2,2,2.7,1.0,2,山崎誠士,55.0,ダ,1400.0,良,93.2,0.7,3-2-2-2,42.8,446,19,カミノワ,104.0
2022107052,ビールボーイ,2024/07/15,浦和,曇,2,2歳三,8,6,6,2.7,2.0,3,山崎誠士,54.0,ダ,1400.0,重,92.4,0.4,1-2-1-1,41.7,427,-1,パンプルミュゼ,65.0
2022107052,ビールボーイ,2024/06/17,浦和,曇,5,ドリームチャレンジ(2歳),5,1,1,4.2,2.0,4,山崎誠士,54.0,ダ,800.0,稍,49.6,1.6,5-4,36.5,428,0,アンバードレス,63.0
2021100199,シトロンヴェール,2026/07/06,川崎,雨,9,フォーカード賞(C1),11,7,10,39.8,7.0,9,櫻井光輔,56.0,ダ,1600.0,重,107.7,1.4,9-10-9-9,40.9,533,-5,プルーフリーダー,
2021100199,シトロンヴェール,2026/06/15,川崎,曇,11,神楽酒造盃くろうま賞(C1C2),14,6,10,21.4,6.0,6,佐野遥久,57.0,ダ,1600.0,重,107.3,1.4,12-12-10-6,41.0,538,11,エクセルブラック,
2021100199,シトロンヴェール,2026/06/01,船橋,晴,10,馬い!卵はサンサンエ(C1),12,8,12,7.6,5.0,1,達城龍次,56.0,ダ,1500.0,良,98.5,0.0,12-12-7-3,40.7,527,0,(オルペウス),130.0
2021100199,シトロンヴェール,2026/05/14,川崎,曇,9,レイノ賞(C1),13,2,2,71.1,10.0,7,加藤雄真,53.0,ダ,1600.0,良,106.2,0.5,7-8-8-7,41.0,527,-10,スティールウィル,
2021100199,シトロンヴェール,2026/04/09,川崎,晴,9,小手毬賞(C1),14,6,9,69.6,10.0,12,田中涼,56.0,ダ,1600.0,稍,108.2,2.2,12-14-12-13,41.2,537,0,ミヤビクライ,
2021100199,シトロンヴェール,2026/03/05,川崎,晴,8,プリマヴェーラ賞(C1),10,7,8,41.0,6.0,8,藤江渉,56.0,ダ,2000.0,重,138.2,3.4,3-4-4-7,42.9,537,-2,ジャスパージェット,
2021100199,シトロンヴェール,2026/02/05,川崎,晴,12,アリアンロッド賞(C1),12,2,2,4.6,2.0,11,野畑凌,56.0,ダ,2000.0,良,139.3,1.3,5-5-7-9,40.8,539,-8,ダートレイジング,
2021100199,シトロンヴェール,2026/01/04,川崎,晴,9,獅子舞賞(C2),13,3,3,6.7,4.0,2,佐野遥久,55.0,ダ,1600.0,稍,106.6,0.1,4-4-4-3,40.5,547,-12,タケルサバイバル,60.0
2021100199,シトロンヴェール,2025/12/16,川崎,晴,12,寄ロウバイまつり賞(C1),14,3,4,6.6,4.0,5,佐野遥久,55.0,ダ,1500.0,重,100.3,2.0,12-12-11-11,42.6,559,2,ベネディット,12.0
2021100199,シトロンヴェール,2025/11/18,川崎,晴,12,グリーンチャンネル開(C1五),14,7,11,8.3,4.0,9,佐野遥久,55.0,ダ,1500.0,良,99.6,2.4,8-9-12-11,41.8,557,7,ブーケドグレイス,
2021100199,シトロンヴェール,2025/05/22,名古屋,晴,12,浪貝特別(A),12,5,6,4.6,3.0,12,宮下瞳,55.0,ダ,1700.0,稍,112.5,2.9,7-5-10,42.3,550,3,ダンネワード,
2021100199,シトロンヴェール,2025/04/24,名古屋,晴,9,マーガレット特別(A),8,4,4,3.7,2.0,3,宮下瞳,55.0,ダ,1400.0,稍,89.9,0.8,5-5-4,38.5,547,-5,ケルンコンサート,36.0
2021100199,シトロンヴェール,2025/04/08,名古屋,曇,10,卯月昇竜戦(A),11,5,5,3.2,2.0,3,宮下瞳,55.0,ダ,1700.0,良,111.4,0.4,3-3-2,39.3,552,1,キージュピター,46.0
2021100199,シトロンヴェール,2025/03/27,名古屋,曇,12,萌芽特別(A),12,7,9,1.6,1.0,1,加藤聡一,56.0,ダ,1500.0,稍,96.3,-0.1,5-4-3,39.2,551,6,(メイショウサキガケ),90.0
2021100199,シトロンヴェール,2025/03/14,名古屋,晴,10,ホワイトチョコレート(A),12,6,8,5.3,3.0,1,宮下瞳,54.0,ダ,1700.0,稍,110.6,-0.1,4-3-3,39.9,545,-3,(ボイラーメーカー),90.0
2021100199,シトロンヴェール,2025/02/24,名古屋,晴,11,プロキオン特別(B),11,6,7,1.5,1.0,1,宮下瞳,54.0,ダ,2000.0,良,133.4,-0.3,4-3-2,38.9,548,3,(オニジオオタニ),75.0
2021100199,シトロンヴェール,2025/02/10,名古屋,晴,11,ぎょしゃ座特別(B),10,2,2,5.1,2.0,2,宮下瞳,54.0,ダ,1500.0,稍,96.3,0.2,6-6-4,39.2,545,-1,イージスバローズ,31.5
2021100199,シトロンヴェール,2025/01/30,名古屋,小雪,12,B7組,11,8,11,1.6,1.0,1,宮下瞳,54.0,ダ,1400.0,良,90.4,-0.5,3-3-2,38.2,546,5,(ルクスシュナイダー),60.0
2021100199,シトロンヴェール,2025/01/20,名古屋,晴,11,七里の渡し特別(C),10,8,9,8.8,3.0,1,宮下瞳,54.0,ダ,2000.0,稍,132.7,-0.7,4-3-1,40.4,541,-1,(ツマヤ),75.0
2021100199,シトロンヴェール,2025/01/06,名古屋,雨,6,C9組,11,8,11,2.1,1.0,1,宮下瞳,54.0,ダ,1500.0,重,97.6,-0.7,2-2-2,37.7,542,3,(エグザルテーション),50.0
2021100199,シトロンヴェール,2024/12/23,名古屋,晴,3,C13組,10,8,9,6.8,3.0,2,宮下瞳,54.0,ダ,1400.0,良,89.2,0.3,2-2-2,38.5,539,2,バンドエース,17.5
2021100199,シトロンヴェール,2024/12/05,名古屋,晴,1,C12組,12,8,11,3.7,3.0,2,宮下瞳,54.0,ダ,920.0,良,56.1,0.0,3,36.1,537,7,ウォーターリッシュ,17.5
2021100199,シトロンヴェール,2024/11/21,名古屋,晴,12,乳岩川特別(C),12,7,10,20.5,6.0,3,宮下瞳,54.0,ダ,1400.0,良,90.4,0.7,3-3-3,39.8,530,0,コルヴィル,13.0
2021100199,シトロンヴェール,2024/11/11,名古屋,晴,7,C24組,12,8,11,5.9,3.0,1,大畑慧悟,56.0,ダ,1500.0,良,98.4,-0.1,3-2-2,39.3,530,10,(スカイダンスタイム),50.0
2021100199,シトロンヴェール,2024/10/16,名古屋,曇,7,C24組,12,8,12,8.4,5.0,12,宮下瞳,54.0,ダ,1500.0,良,100.8,4.8,4-6-11,43.9,520,-6,ヴェルディール,
2021100199,シトロンヴェール,2024/06/09,4京都4,曇,6,3歳未勝利,18,5,10,182.4,13.0,17,西塚洸二,55.0,芝,1800.0,稍,109.7,1.9,14-17,35.7,526,6,エボルヴィング,
2021100199,シトロンヴェール,2024/04/23,名古屋,曇,10,名古屋CCチェリー賞(3歳),11,1,1,4.8,2.0,5,今井貴大,56.0,ダ,1500.0,重,98.3,1.9,6-6-8,40.8,520,6,ニホンピロホリデー,12.0
2021100199,シトロンヴェール,2024/03/24,1中京6,小雨,3,3歳未勝利,14,7,11,17.4,6.0,11,池添謙一,57.0,ダ,1800.0,重,115.7,2.9,4-4-4-4,38.3,514,-14,シャンパンポップ,
2021100199,シトロンヴェール,2023/12/17,5阪神6,晴,1,2歳未勝利,13,1,1,98.8,9.0,9,田口貫太,54.0,ダ,1800.0,稍,118.2,2.1,4-2-4-7,41.1,528,2,ポルポラジール,
2021100199,シトロンヴェール,2023/12/09,4中京3,晴,1,2歳未勝利,10,1,1,6.0,3.0,6,永島まな,53.0,ダ,1800.0,良,117.2,1.3,10-10-9-10,39.1,526,-2,タイセイアディクト,
2021100199,シトロンヴェール,2023/10/14,2京都4,曇,4,2歳新馬,14,4,5,12.6,6.0,6,池添謙一,56.0,ダ,1800.0,良,117.2,2.4,2-2-2-2,40.5,528,0,フォーエバーヤング,
2022106972,ハクシンドラゴン,2026/07/13,浦和,曇,12,夏の夕特別(C1),12,8,12,52.6,9.0,3.0,櫻井光輔,56.0,ダ,2000.0,稍,130.4,1.1,2-2-2-3,39.8,457,-1,ウォーアンセム,45.0
2022106972,ハクシンドラゴン,2026/06/24,浦和,曇,10,荒川特別(B3),11,1,1,105.7,10.0,8.0,櫻井光輔,56.0,ダ,1400.0,稍,90.5,1.6,10-10-10-11,39.0,458,4,アルマヴィーヴァ,
2022106972,ハクシンドラゴン,2026/05/27,浦和,曇,10,菖蒲月特別(B3),12,6,7,228.8,12.0,12.0,櫻井光輔,56.0,ダ,1500.0,良,98.4,1.6,12-11-11-11,38.8,454,5,アラビアンレイン,
2022106972,ハクシンドラゴン,2026/02/26,浦和,曇,12,春の月特別(B2B3),11,8,12,44.1,6.0,7.0,櫻井光輔,55.0,ダ,2000.0,不,131.6,1.5,8-7-6-7,39.6,449,-5,リジン,
2022106972,ハクシンドラゴン,2026/02/04,川崎,晴,9,雪化粧特別(B3),14,7,12,27.3,8.0,9.0,櫻井光輔,56.0,ダ,1500.0,良,98.9,1.3,11-11-12-13,40.4,454,3,フォースゲイト,
2022106972,ハクシンドラゴン,2026/01/08,浦和,晴,12,初富士特別(B2B3),10,5,5,27.7,5.0,8.0,櫻井光輔,55.0,ダ,2000.0,良,135.0,4.1,6-6-8-9,42.5,451,-2,リョウタスペシャル,
2022106972,ハクシンドラゴン,2025/12/24,浦和,雨,8,ジングルベル特別(C1C2),12,2,2,2.3,1.0,1.0,櫻井光輔,57.0,ダ,2000.0,重,133.4,-0.4,4-4-4-3,41.4,453,1,(サマーストーリー),180.0
2022106972,ハクシンドラゴン,2025/11/25,浦和,曇,12,高崎ハム賞特別(C2),12,3,3,2.4,1.0,2.0,張田昂,56.0,ダ,2000.0,良,133.4,0.4,5-4-4-3,39.8,452,1,ビーチガール,60.0
2022106972,ハクシンドラゴン,2025/11/17,川崎,晴,8,エウプロシュネー賞(C2),14,8,14,9.2,4.0,2.0,櫻井光輔,56.0,ダ,2000.0,良,137.6,0.1,3-4-2-2,41.0,451,0,ピースウォリアー,60.0
2022106972,ハクシンドラゴン,2025/10/28,浦和,晴,9,さそり座特別(C2),13,8,13,18.8,5.0,6.0,櫻井光輔,56.0,ダ,1400.0,重,88.6,0.5,7-6-6-5,39.4,451,9,ダイヤクリスタル,
2022106972,ハクシンドラゴン,2025/09/30,船橋,晴,3,馬い!唐津小松青レモ(3歳),12,3,3,143.9,12.0,2.0,櫻井光輔,56.0,ダ,1200.0,良,75.6,0.6,8-8-7,37.9,442,-6,ケイズブラン,56.0
2022106972,ハクシンドラゴン,2025/09/23,浦和,晴,8,秋の空特別(3歳),12,1,1,10.2,5.0,5.0,櫻井光輔,56.0,ダ,2000.0,良,134.5,1.8,12-11-10-8,39.8,448,4,デーレーチョップ,20.0
2022106972,ハクシンドラゴン,2025/08/19,浦和,晴,5,3歳三,11,6,6,21.3,5.0,1.0,櫻井光輔,56.0,ダ,1400.0,稍,89.1,-0.2,6-6-5-4,39.1,444,3,(ノーザトゥルース),160.0
2022106972,ハクシンドラゴン,2025/06/03,船橋,雨,6,ナイスビット特別(3歳未格),12,1,1,206.9,10.0,7.0,半澤慶実,56.0,ダ,1800.0,不,119.4,2.1,9-9-10-10,40.5,441,-7,ディオスパーダ,
2022106972,ハクシンドラゴン,2025/05/28,浦和,晴,1,3歳六,10,7,8,67.9,8.0,7.0,半澤慶実,56.0,ダ,1400.0,良,91.1,1.3,6-6-6-8,38.7,448,11,プレストワンダ,
2022106972,ハクシンドラゴン,2025/04/23,浦和,雨,4,3歳五,10,7,8,110.2,9.0,4.0,半澤慶実,56.0,ダ,1400.0,良,92.7,1.2,6-6-6-5,41.3,437,-2,アズキチャン,24.0
2022106972,ハクシンドラゴン,2025/04/03,船橋,雨,2,3歳五,11,4,4,239.9,11.0,8.0,半澤慶実,56.0,ダ,1200.0,不,79.0,2.3,10-9-9,40.9,439,-2,ウワサノデコピン,
2022106972,ハクシンドラゴン,2025/03/19,浦和,雨,1,3歳五,0,4,4,,,,半澤慶実,56.0,ダ,1400.0,不,,,,,445,4,,
2022106972,ハクシンドラゴン,2025/03/07,川崎,晴,2,3歳5,12,5,5,167.5,10.0,6.0,半澤慶実,56.0,ダ,1400.0,重,95.1,1.7,9-8-8-8,41.5,441,-6,ブレイブルイーズ,
2022106972,ハクシンドラゴン,2025/02/25,浦和,晴,1,3歳五,12,1,1,35.8,7.0,12.0,半澤慶実,56.0,ダ,1400.0,良,93.9,2.4,10-9-11-12,41.2,447,0,パラソーレ,
2022106972,ハクシンドラゴン,2025/01/07,浦和,曇,1,初当たり賞(3歳),12,7,10,55.3,10.0,9.0,半澤慶実,56.0,ダ,1400.0,重,92.5,1.3,9-8-7-8,40.7,447,3,クラパッション,
2022106972,ハクシンドラゴン,2024/12/25,浦和,晴,1,クライマックスリレー(2歳),11,4,4,107.8,10.0,5.0,半澤慶実,55.0,ダ,1400.0,良,92.8,0.8,8-8-9-6,40.1,444,2,ティナバローズ,24.0
2022106972,ハクシンドラゴン,2024/11/25,船橋,晴,3,2歳213P,5,2,2,80.8,5.0,5.0,半澤慶実,55.0,ダ,1500.0,良,103.4,1.8,5-3-4-5,39.6,442,-7,ブリヤンオーブ,26.0
2022106972,ハクシンドラゴン,2024/11/20,浦和,曇,4,2歳四,11,8,11,28.5,7.0,9.0,半澤慶実,55.0,ダ,1400.0,良,94.2,2.5,8-8-8-10,42.0,449,6,シバノエスコドール,
2022106972,ハクシンドラゴン,2024/08/22,浦和,曇,3,2歳二,6,5,5,92.7,6.0,4.0,半澤慶実,54.0,ダ,1400.0,稍,92.4,1.0,6-5-5-4,40.8,443,5,ミヅルーラー,39.0
2022106972,ハクシンドラゴン,2024/07/12,浦和,雨,2,2歳二,7,6,6,14.1,5.0,5.0,半澤慶実,54.0,ダ,1400.0,稍,93.7,2.6,5-5-6-6,41.9,438,6,ピノマハナ,26.0
2022106972,ハクシンドラゴン,2024/06/17,浦和,曇,4,ドリームチャレンジ(2歳),5,2,2,27.2,4.0,3.0,半澤慶実,54.0,ダ,800.0,稍,50.9,2.3,4-4,37.3,432,0,プローラーティオー,105.0
2021101536,ペータース,2026/07/07,川崎,曇,12,ブラックジャック賞(C1),12,5,6,12.9,5.0,3,笹川翼,54.0,ダ,1500.0,重,98.1,0.6,7-8-9-7,40.8,443,-2,サウスヴィルステラ,45.0
2021101536,ペータース,2026/06/18,川崎,曇,9,スフィーダ賞(C1),11,6,6,45.8,10.0,6,西啓太,54.0,ダ,1500.0,重,98.6,2.0,6-5-1-5,41.8,445,-3,メイショウマヒロ,
2021101536,ペータース,2026/05/28,浦和,曇,9,月見草特別(C1),12,8,12,12.6,3.0,7,野畑凌,54.0,ダ,1500.0,良,98.9,1.7,3-3-3-5,40.0,448,3,グレイスカリヨン,
2021101536,ペータース,2026/05/12,川崎,晴,12,イーリス賞(C1),14,8,13,30.2,7.0,9,丹内祐次,54.0,ダ,2000.0,良,136.0,1.3,5-6-6-5,41.8,445,0,タケルサバイバル,
2021101536,ペータース,2026/04/07,川崎,曇,12,桜草賞(C1),12,8,14,5.7,3.0,6,西啓太,54.0,ダ,1500.0,重,99.5,1.3,6-5-7-9,41.6,445,-3,ジーティーカイソク,
2021101536,ペータース,2026/03/19,浦和,曇,8,ブラッドストーン特別(C1),14,1,1,18.6,5.0,10,西啓太,54.0,ダ,1400.0,良,91.8,1.6,12-11-13-11,40.1,448,2,ノーザトゥルース,
2021101536,ペータース,2026/03/04,川崎,曇,7,鳴門賞(C1),12,2,2,6.5,2.0,6,西啓太,54.0,ダ,1400.0,不,92.5,0.4,9-9-10-9,39.8,446,-7,クワイトポッシブル,
2021101536,ペータース,2025/11/19,川崎,晴,12,バーボン賞(C1二),14,4,5,2.8,1.0,4,西啓太,54.0,ダ,1500.0,良,97.8,0.5,7-7-7-4,40.4,453,7,スターグリップ,27.0
2021101536,ペータース,2025/10/15,川崎,雨,12,雪ノ下賞(C1),14,6,9,2.2,1.0,1,西啓太,54.0,ダ,1500.0,重,98.4,0.0,3-3-2-3,40.5,446,4,(スターアドミラル),120.0
2021101536,ペータース,2025/09/08,川崎,晴,12,ゴールドコースト賞(C2),14,7,12,2.7,1.0,1,西啓太,54.0,ダ,1500.0,稍,97.6,-0.8,2-2-1-1,40.3,442,-3,(カラフルピーチ),150.0
2021101536,ペータース,2025/08/21,川崎,晴,12,ナイル賞(C2),10,6,6,2.7,1.0,2,笹川翼,54.0,ダ,1500.0,良,97.1,0.0,3-3-4-2,41.0,445,-1,ショウナンマンテン,60.0
2021101536,ペータース,2025/08/05,川崎,晴,9,C2四五六(C2五),9,8,8,2.8,1.0,2,矢野貴之,54.0,ダ,1500.0,良,97.9,0.1,5-4-3-5,41.3,446,0,スパローズ,40.0
2021101536,ペータース,2025/07/08,川崎,晴,12,フォアグラ賞(C2二),14,6,9,3.1,1.0,5,矢野貴之,54.0,ダ,1500.0,良,98.3,1.4,7-7-6-4,41.5,446,2,ビービーシャーンス,15.0
2021101536,ペータース,2025/06/19,川崎,晴,6,C2三四五(C2四),13,7,12,2.5,2.0,2,矢野貴之,54.0,ダ,1500.0,良,97.8,0.0,2-2-1-2,40.3,444,-1,ゴールデンナイト,40.0
2021101536,ペータース,2025/05/15,川崎,晴,5,石楠花賞(C2),14,5,7,2.3,1.0,1,矢野貴之,54.0,ダ,1500.0,稍,98.7,-0.2,4-3-3-2,41.8,445,0,(ゴールデンナイト),100.0
2021101536,ペータース,2025/04/09,川崎,晴,6,橘樹官衙賞(C2七),12,6,7,1.5,1.0,2,矢野貴之,54.0,ダ,1400.0,稍,93.3,0.1,5-4-5-3,41.8,445,7,シンボルザサン,40.0
2021101536,ペータース,2025/03/07,川崎,晴,7,ピンクペッパー賞(C3),8,8,9,1.9,1.0,2,矢野貴之,54.0,ダ,1400.0,重,93.3,0.2,4-4-4-3,40.0,438,3,クワイトポッシブル,48.0
2021101536,ペータース,2025/02/08,川崎,晴,12,チャイブ賞(C3),12,6,7,2.8,2.0,7,矢野貴之,54.0,ダ,1400.0,良,94.1,0.9,5-5-4-6,42.1,435,10,マルゼンスキーツー,
2021101536,ペータース,2024/08/27,盛岡,雨,8,エメラルド賞(3歳),10,8,9,11.6,5.0,3,山本政聡,54.0,ダ,1600.0,稍,100.6,0.7,4-5,38.8,425,-13,ジュリアスローズ,23.0
2021101536,ペータース,2024/06/15,3東京5,晴,1,3歳未勝利,16,7,13,228.6,13.0,10,石橋脩,55.0,ダ,1400.0,良,87.3,2.9,12-12,37.8,438,4,アルーリングタイム,
2021101536,ペータース,2024/05/23,浦和,晴,7,ツイントップ特別(3歳),12,6,7,4.1,1.0,3,野畑凌,54.0,ダ,1400.0,稍,91.2,0.3,2-2-2-3,39.8,434,-8,シンメルーブス,75.0
2021101536,ペータース,2024/04/06,3中山5,曇,1,3歳未勝利,14,6,9,70.6,9.0,7,野中悠太,55.0,ダ,1800.0,稍,116.8,1.1,7-8-8-7,40.2,442,7,ショーヴァロンス,
2021101536,ペータース,2024/03/13,川崎,晴,6,アクアマリンフラワー(3歳),11,5,6,15.2,7.0,2,野畑凌,54.0,ダ,1400.0,重,93.5,0.7,6-6-5-5,41.4,435,-3,レイエル,100.0
2021101536,ペータース,2024/02/11,1東京6,晴,1,3歳未勝利,16,2,3,420.6,14.0,9,江田照男,55.0,ダ,1400.0,稍,88.6,1.9,13-13,38.0,438,0,フラーハ,
2021101536,ペータース,2024/01/08,1中山3,晴,1,3歳未勝利,16,5,10,420.7,16.0,14,菊沢一樹,55.0,ダ,1200.0,良,75.4,2.8,11-12,39.9,438,0,スミレファースト,
2021101536,ペータース,2023/10/15,4新潟2,小雨,1,2歳未勝利,11,7,9,131.0,9.0,9,永島まな,52.0,芝,1200.0,良,70.8,1.9,10-10,35.4,438,-4,ジャスパーノワール,
2021101536,ペータース,2023/09/30,4中山8,晴,5,2歳新馬,16,3,6,152.5,16.0,15,杉原誠人,55.0,芝,1600.0,良,100.2,2.1,7-13-14,35.9,442,0,ロンドンアームズ,
2020106308,エスプリゴンザレス,2026/07/06,川崎,雨,9,フォーカード賞(C1),11,5,6,4.1,2.0,2,野畑凌,56.0,ダ,1600.0,重,106.5,0.2,3-3-3-5,40.4,475.0,-2.0,プルーフリーダー,72.0
2020106308,エスプリゴンザレス,2026/06/16,川崎,晴,9,見返り美人特別(B3二),14,5,8,27.0,7.0,6,野畑凌,56.0,ダ,1600.0,稍,106.1,1.3,14-14-14-12,40.4,477.0,0.0,ドウザンワン,
2020106308,エスプリゴンザレス,2026/05/14,川崎,曇,9,レイノ賞(C1),13,6,10,6.3,3.0,5,佐野遥久,56.0,ダ,1600.0,良,106.0,0.3,3-3-7-4,40.9,477.0,-9.0,スティールウィル,18.0
2020106308,エスプリゴンザレス,2026/04/07,川崎,曇,12,桜草賞(C1),12,8,13,12.9,4.0,3,佐野遥久,55.0,ダ,1500.0,重,99.1,0.9,4-4-1-4,41.5,486.0,-1.0,ジーティーカイソク,45.0
2020106308,エスプリゴンザレス,2025/10/28,浦和,晴,8,HBA日高軽種馬農業(B3),10,3,3,,,取,佐野遥久,55.0,ダ,1500.0,重,,,,,,,ライヴマスタード,
2020106308,エスプリゴンザレス,2025/10/17,川崎,晴,10,レグルス賞(B3),14,4,5,26.9,8.0,9,佐野遥久,55.0,ダ,2000.0,稍,137.0,3.0,3-3-2-4,43.6,487.0,3.0,クレシューズ,
2020106308,エスプリゴンザレス,2025/09/25,浦和,曇,11,祝月特別(B3),13,8,12,34.6,9.0,6,佐野遥久,55.0,ダ,1400.0,良,89.2,0.9,4-4-4-5,39.3,484.0,-2.0,ファストレーン,
2020106308,エスプリゴンザレス,2025/09/10,川崎,晴,12,2025川崎ジョッキ(C1),14,2,2,6.6,3.0,1,新原周馬,56.0,ダ,1600.0,良,106.0,-0.9,2-2-1-1,40.0,486.0,4.0,(パンプイット),130.0
2020106308,エスプリゴンザレス,2025/08/26,川崎,晴,8,日本刀賞(C1),12,7,9,10.6,6.0,12,佐野遥久,55.0,ダ,1500.0,良,99.5,1.6,2-2-2-5,41.3,482.0,-6.0,ゴールデンカガヤ,
2020106308,エスプリゴンザレス,2025/08/06,川崎,曇,10,エベレスト賞(C1二),11,6,6,4.2,3.0,7,佐野遥久,55.0,ダ,1500.0,良,98.0,0.9,1-1-1-1,40.2,488.0,-2.0,エスジースパークル,
2020106308,エスプリゴンザレス,2025/07/10,川崎,雨,9,ブラックジャック賞(C1二),14,8,14,4.5,2.0,4,佐野遥久,55.0,ダ,1500.0,良,98.4,0.6,1-1-1-1,40.4,490.0,-3.0,スカイアクロス,27.0
2020106308,エスプリゴンザレス,2025/06/18,川崎,晴,12,短夜特別(B3),14,5,8,4.4,2.0,4,矢野貴之,56.0,ダ,1500.0,良,97.4,0.9,1-1-2-2,40.5,493.0,-4.0,ホッコーソムニウム,36.0
2020106308,エスプリゴンザレス,2025/05/15,川崎,晴,9,クラセアルタ賞(C1二),10,8,10,9.4,3.0,2,佐野遥久,55.0,ダ,1500.0,稍,98.6,0.4,1-1-1-1,39.5,497.0,25.0,カセノラオー,72.0
2020106308,エスプリゴンザレス,2024/06/13,川崎,曇,9,スペリオーレ賞(C1),11,5,5,3.8,2.0,1,矢野貴之,56.0,ダ,1500.0,稍,97.1,-0.3,1-1-2-1,39.7,472.0,2.0,(ダズリングスカイ),180.0
2020106308,エスプリゴンザレス,2024/05/09,川崎,曇,7,クラセアルタ賞(C1二),9,1,1,7.4,4.0,4,藤田凌,56.0,ダ,1500.0,稍,96.1,0.2,1-1-1-1,40.8,470.0,-2.0,イデアノキセキ,27.0
2020106308,エスプリゴンザレス,2024/04/02,川崎,晴,12,海棠賞(C1五),11,7,9,13.2,3.0,1,矢野貴之,56.0,ダ,1500.0,稍,97.9,-0.1,1-1-1-1,40.8,472.0,2.0,(ルトラセ),120.0
2020106308,エスプリゴンザレス,2024/03/12,川崎,雨,12,胡蝶蘭賞(C1),12,6,7,12.3,5.0,4,矢野貴之,56.0,ダ,1500.0,不,99.8,0.8,3-3-1-4,41.5,470.0,8.0,シゲルオトコギ,18.0
2020106308,エスプリゴンザレス,2024/01/29,川崎,晴,9,インディ賞(C2),14,3,3,5.4,3.0,3,谷内貫太,53.0,ダ,1500.0,良,99.7,0.3,5-4-4-4,41.9,462.0,1.0,ウインモリオン,37.5
2020106308,エスプリゴンザレス,2024/01/01,川崎,晴,9,二鷹賞(C2二),12,7,9,7.0,2.0,8,谷内貫太,53.0,ダ,1500.0,良,101.0,1.5,2-2-4-4,42.2,461.0,-14.0,タイセイドルチェ,
2020106308,エスプリゴンザレス,2023/09/12,川崎,晴,12,玉簾賞(C1),12,6,7,3.6,2.0,2,森泰斗,55.0,ダ,1500.0,良,98.7,0.2,2-2-2-2,41.4,475.0,5.0,ビーチセイヴァー,48.0
2020106308,エスプリゴンザレス,2023/08/22,川崎,曇,9,C1四五六(C1五),13,3,3,18.8,9.0,3,町田直希,55.0,ダ,1500.0,稍,97.4,0.6,2-2-2-1,41.1,470.0,-3.0,デルマニンフ,30.0
2020106308,エスプリゴンザレス,2023/07/29,川崎,晴,3,翡翠特別(3歳),12,5,5,4.9,3.0,1,矢野貴之,56.0,ダ,1500.0,良,98.5,-0.1,3-3-3-3,41.4,473.0,-3.0,(ゴールデンカガヤ),160.0
2020106308,エスプリゴンザレス,2023/07/05,川崎,曇,1,3歳5,11,3,3,5.3,2.0,1,矢野貴之,56.0,ダ,1400.0,良,93.5,-0.2,5-5-3-3,41.5,476.0,-2.0,(シゲルダンガン),120.0
2020106308,エスプリゴンザレス,2023/06/15,川崎,雨,1,3歳6,9,5,5,3.4,2.0,5,矢野貴之,56.0,ダ,1400.0,稍,95.1,1.4,6-8-8-9,42.6,478.0,0.0,ダイノキラリ,16.0
2020106308,エスプリゴンザレス,2023/05/16,川崎,晴,1,3歳5,12,2,2,9.9,6.0,7,矢野貴之,56.0,ダ,1400.0,重,96.1,2.0,5-7-9-7,41.9,478.0,-13.0,ルートゥドゥピエ,
2020106308,エスプリゴンザレス,2023/04/06,川崎,晴,1,3歳7,12,8,11,6.4,4.0,2,伊藤裕人,56.0,ダ,1400.0,良,96.5,0.3,3-4-3-4,41.2,491.0,2.0,ヨツバミッチー,64.0
2020106308,エスプリゴンザレス,2023/03/03,川崎,曇,1,ニューフェイス賞(3歳),8,1,1,4.3,4.0,3,伊藤裕人,56.0,ダ,1400.0,良,96.6,0.6,5-5-5-3,41.9,489.0,0.0,アークステート,52.5
2020103594,スティールウィル,2026/06/16,川崎,晴,9,見返り美人特別(B3二),14,6,9,10.3,4.0,5,和田譲治,56.0,ダ,1600.0,稍,106.0,1.2,4-3-3-4,41.8,505,-1,ドウザンワン,24.0
2020103594,スティールウィル,2026/06/01,船橋,晴,11,富里特別(B3),9,8,9,2.4,1.0,4,和田譲治,56.0,ダ,1600.0,良,105.0,0.2,5-5-4-4,39.9,506,-3,サドル,40.5
2020103594,スティールウィル,2026/05/14,川崎,曇,9,レイノ賞(C1),13,1,1,7.4,4.0,1,和田譲治,56.0,ダ,1600.0,良,105.7,-0.1,9-10-8-7,40.1,509,3,(ウインブリエ),180.0
2020103594,スティールウィル,2026/04/21,浦和,晴,4,特選(C1),10,1,1,2.6,1.0,2,和田譲治,56.0,ダ,1500.0,良,97.1,0.4,8-8-7-3,39.0,506,-1,ウワサノアノコ,52.0
2020103594,スティールウィル,2026/04/09,川崎,晴,9,小手毬賞(C1),14,1,1,23.8,7.0,3,和田譲治,56.0,ダ,1600.0,稍,106.5,0.5,8-6-10-5,40.0,507,12,ミヤビクライ,45.0
2020103594,スティールウィル,2026/03/06,川崎,曇,10,キングセイバー賞(C1),9,8,10,21.0,7.0,9,伊藤裕人,56.0,ダ,2000.0,稍,139.1,2.4,8-8-8-9,40.5,495,-7,タケルサバイバル,
2020103594,スティールウィル,2026/02/28,浦和,晴,8,浦和エイトチャレンジ(C1),12,7,10,13.2,5.0,6,伊藤裕人,56.0,ダ,1400.0,重,91.6,1.3,11-11-10-9,39.5,502,2,マナラナキラ,
2020103594,スティールウィル,2025/11/21,川崎,晴,9,OMOTANはだの賞(C1),12,7,10,27.2,4.0,6,伊藤裕人,56.0,ダ,2000.0,良,135.8,1.5,11-11-9-8,40.4,500,-2,フィフティズ,
2020103594,スティールウィル,2025/10/30,浦和,晴,12,実りの秋特別(C1),12,8,12,19.5,8.0,2,伊藤裕人,56.0,ダ,2000.0,稍,134.2,0.6,5-6-3-3,38.9,502,7,マナコル,72.0
2020103594,スティールウィル,2025/10/14,川崎,曇,8,切通賞(C1),14,5,7,76.6,9.0,4,伊藤裕人,56.0,ダ,2000.0,良,136.4,2.5,7-7-8-5,41.0,495,-11,ダブルメッセージ,27.0
2020103594,スティールウィル,2025/06/17,川崎,晴,9,ウルド賞(C1),12,5,5,19.1,8.0,5,伊藤裕人,56.0,ダ,2000.0,良,137.5,0.6,9-8-8-7,42.7,506,5,ソルテア,18.0
2020103594,スティールウィル,2025/06/06,船橋,曇,10,水無月特別(C1),11,8,12,11.6,4.0,8,野畑凌,56.0,ダ,1600.0,良,106.0,2.2,3-4-3-5,43.1,501,-11,チャプリ,
2020103594,スティールウィル,2025/05/15,川崎,晴,9,クラセアルタ賞(C1二),10,6,6,10.1,4.0,9,山崎誠士,56.0,ダ,1500.0,稍,99.8,1.6,7-8-7-10,39.7,512,-10,カセノラオー,
2020103594,スティールウィル,2025/04/03,船橋,曇,12,豊四季賞(C1),13,7,11,5.0,4.0,6,笹川翼,56.0,ダ,1800.0,不,119.0,1.9,6-6-3-4,40.8,522,1,プレヴナンス,
2020103594,スティールウィル,2025/03/11,船橋,曇,12,ストロベリー賞(C1),9,1,1,3.8,2.0,6,吉原寛人,56.0,ダ,1800.0,良,120.7,2.2,4-5-3-4,41.9,521,2,マロンロシェ,
2020103594,スティールウィル,2025/02/10,船橋,晴,8,馬い!卵はサンサンエ(C1五),11,8,11,2.8,1.0,1,吉原寛人,56.0,ダ,1500.0,良,96.7,-0.4,3-3-3-2,39.5,519,-2,(ペダンクルアーチ),120.0
2020103594,スティールウィル,2025/01/20,船橋,晴,12,お年玉チャンス賞(C1),14,2,2,4.3,3.0,5,笹川翼,56.0,ダ,1500.0,稍,97.1,0.3,10-9-9-9,40.1,521,-6,マロンロシェ,12.0
2020103594,スティールウィル,2024/08/26,船橋,晴,12,馬い!玉子はサンサン(C1),11,8,11,3.6,2.0,2,森泰斗,56.0,ダ,1500.0,良,96.3,0.0,4-4-3-3,38.8,527,4,サンカプリス,48.0
2020103594,スティールウィル,2024/07/18,船橋,晴,5,捲土重来特別(C2),7,4,4,2.2,1.0,2,森泰斗,56.0,ダ,1600.0,重,106.4,0.1,5-5-3-2,41.2,523,8,エイジシューター,60.0
2020103594,スティールウィル,2024/06/25,船橋,曇,12,馬い!いざなみ淡路玉(C1),12,6,7,2.8,1.0,4,山崎誠士,56.0,ダ,1500.0,重,98.9,0.6,8-8-8-8,40.5,515,-8,フレスコバンクール,18.0
2020103594,スティールウィル,2024/05/28,船橋,雨,12,花火2200(C1),11,1,1,3.7,2.0,4,澤田龍哉,56.0,ダ,2200.0,不,149.3,1.7,8-8-8-8,41.7,523,1,エントジアスタ,27.0
2020103594,スティールウィル,2024/04/30,船橋,曇,12,2024Jockey(C2),13,6,8,2.2,1.0,1,澤田龍哉,56.0,ダ,2200.0,稍,150.8,-0.1,5-5-3-2,42.5,522,-5,(シャランガーナ),150.0
2020103594,スティールウィル,2024/04/11,船橋,晴,6,C2二三ア,9,5,5,2.2,1.0,3,山崎誠士,56.0,ダ,1500.0,良,99.7,0.1,5-5-4-5,38.6,527,2,ロードマグマ,27.5
2020103594,スティールウィル,2024/03/07,船橋,曇,7,馬い!盛岡早生ふじリ(C2),12,8,11,1.2,1.0,1,笹川翼,56.0,ダ,1500.0,重,98.6,-0.5,5-5-4-3,39.7,525,4,(エイジシューター),100.0
2020103594,スティールウィル,2024/02/06,船橋,曇,7,馬い!八丈島レモンを(C3),12,2,2,1.4,1.0,2,山崎誠士,56.0,ダ,1700.0,不,112.4,0.2,4-4-4-3,39.7,521,13,グレイトインディ,48.0
2020103594,スティールウィル,2023/12/20,船橋,晴,5,ビワ特別(3歳),10,1,1,13.2,5.0,2,山崎誠士,56.0,ダ,1500.0,良,96.2,0.1,3-3-3-4,39.1,508,5,グレートフリオーソ,72.0
2020103594,スティールウィル,2023/11/06,名古屋,雨,12,入鹿池特別(C),12,3,3,4.4,2.0,9,村上弘樹,56.0,ダ,1700.0,稍,113.5,3.7,8-10-10,41.1,503,-15,ハクサンアルタイル,
2020103594,スティールウィル,2023/10/18,名古屋,晴,12,玉野川特別(C),11,8,11,5.7,2.0,1,村上弘樹,56.0,ダ,1700.0,良,110.4,-0.2,5-3-3,38.9,518,3,(ブレストサンダー),58.0
2020103594,スティールウィル,2023/10/03,名古屋,晴,3,C30組,12,5,6,6.5,4.0,1,村上弘樹,56.0,ダ,1500.0,良,96.9,-0.5,9-5-4,39.1,515,-3,(セブンリーチ),45.0
2020103594,スティールウィル,2023/08/26,3新潟5,晴,2,3歳未勝利,15,5,8,39.9,7.0,11,岩田康誠,56.0,ダ,1800.0,良,117.2,3.0,15-15-15-15,38.3,518,0,デザイアーフェーム,
2020103594,スティールウィル,2023/07/01,2福島1,曇,7,3歳未勝利,16,4,8,27.8,10.0,16,菅原明良,56.0,芝,2000.0,稍,124.0,2.9,16-16-16-16,36.1,518,0,アームテイル,
2020105632,ジラルデ,2026/06/25,浦和,雨,12,武甲山特別(B2B3),12,1,1,32.8,7.0,4,岡村健司,57.0,ダ,2000.0,不,128.4,1.6,10-10-10-6,37.1,472,0,メジャークオリティ,52.5
2020105632,ジラルデ,2026/06/04,船橋,曇,12,ニッコウキスゲ特別(B2B3),12,5,5,41.6,8.0,7,本田正重,57.0,ダ,1800.0,稍,118.8,2.1,8-7-8-8,39.3,472,5,ショーケン,
2020105632,ジラルデ,2026/05/06,船橋,小雨,12,新緑特別(B2B3),13,5,7,8.7,4.0,4,本田正重,57.0,ダ,2200.0,良,147.5,1.6,5-5-3-3,42.3,467,-9,フィフティズ,45.0
2020105632,ジラルデ,2026/03/31,船橋,雨,9,フレンドリービット特(B2B3),12,5,5,38.1,9.0,7,本田正重,57.0,ダ,1800.0,重,121.0,4.2,9-9-8-6,43.4,476,4,サルタール,
2020105632,ジラルデ,2026/03/13,船橋,曇,10,アストロメリア賞(B2),9,1,1,5.8,4.0,4,本田正重,56.0,ダ,1700.0,良,111.7,1.1,9-8-8-8,39.3,472,3,スマイルモア,45.0
2020105632,ジラルデ,2026/02/12,船橋,晴,12,冬夏青青特別(B2B3),14,7,12,12.9,6.0,4,石川倭,57.0,ダ,1800.0,良,118.7,1.3,13-13-11-9,38.2,469,-2,マキシマムパワー,45.0
2020105632,ジラルデ,2026/01/23,船橋,晴,12,ガーネット2200(B2B3),14,7,11,16.8,8.0,3,石川倭,57.0,ダ,2200.0,良,148.5,0.5,13-13-12-10,39.0,471,-5,マキシマムパワー,75.0
2020105632,ジラルデ,2025/12/29,大井,晴,7,カプリコーン賞競走(B2),16,1,2,20.4,7.0,7,岡村健司,56.0,ダ,2000.0,重,131.1,1.7,12-12-13-11,40.8,476,5,クラウンシューター,
2020105632,ジラルデ,2025/12/11,船橋,晴,8,トパーズ特別(B1B2),14,8,13,47.9,11.0,5,本田正重,55.0,ダ,1700.0,良,109.5,0.3,12-12-14-13,38.7,471,5,オーシンスキャット,33.0
2020105632,ジラルデ,2025/11/05,船橋,曇,12,十余一特別(B2),11,6,6,42.7,8.0,5,岡村健司,56.0,ダ,1700.0,良,109.7,0.6,10-10-10-9,39.1,466,-8,シミズミナト,30.0
2020105632,ジラルデ,2025/10/01,船橋,雨,10,招き猫特別(B2B3),13,3,3,23.5,6.0,8,本田正重,57.0,ダ,1600.0,稍,104.6,2.0,10-8-8-7,39.6,474,3,ホシノスナ,
2020105632,ジラルデ,2025/08/29,船橋,晴,12,JBC船橋まであと6(B2),11,8,11,31.6,10.0,5,達城龍次,56.0,ダ,1600.0,良,103.3,0.5,7-6-8-8,37.6,471,7,バウンスライト,30.0
2020105632,ジラルデ,2025/07/31,船橋,晴,10,納涼特別(B2),11,6,7,74.2,9.0,5,達城龍次,56.0,ダ,1600.0,良,103.7,0.3,7-7-8-8,37.2,464,2,バウンスライト,30.0
2020105632,ジラルデ,2025/06/20,川崎,晴,11,足柄茶100周年記念(B1B2),13,1,1,9.7,5.0,6,達城龍次,55.0,ダ,1500.0,良,97.5,1.4,11-11-13-10,39.8,462,-2,ベラール,
2020105632,ジラルデ,2025/05/07,船橋,曇,10,新緑特別(B2B3),14,7,11,27.0,5.0,6,達城龍次,57.0,ダ,1600.0,重,103.7,1.4,10-9-6-5,39.3,464,-2,ラティサワー,
2020105632,ジラルデ,2025/04/04,船橋,晴,11,春和景明特別(B1B2),14,7,12,37.5,8.0,8,岡村健司,55.0,ダ,1600.0,重,105.0,1.0,8-8-8-5,40.4,466,1,スイフトランナー,
2020105632,ジラルデ,2025/03/13,船橋,晴,9,フレンドリービット特(B2B3),13,3,3,18.9,6.0,10,石崎駿,57.0,ダ,1600.0,重,105.4,2.2,8-8-5-5,41.1,465,0,ローリーグローリー,
2020105632,ジラルデ,2025/02/13,船橋,晴,12,ジンチョウゲ特別(B1B2),11,5,5,6.0,4.0,2,山本聡哉,55.0,ダ,1600.0,良,102.7,0.2,7-7-7-6,39.5,465,1,イデアミラーグロ,132.0
2020105632,ジラルデ,2025/01/21,船橋,晴,12,スイートピー特別(B2B3),14,8,13,8.4,5.0,1,本田正重,57.0,ダ,1600.0,良,103.9,-0.1,6-7-6-5,37.9,464,0,(バルーンアート),300.0
2020105632,ジラルデ,2024/12/20,船橋,曇,12,2024船橋ファイナ(B1B2),12,3,3,40.7,9.0,5,本田正重,55.0,ダ,1600.0,良,104.0,0.9,11-10-10-9,39.0,464,-1,ヴィクトゥーラ,33.0
2020105632,ジラルデ,2024/11/28,船橋,晴,10,春待月特別(B2B3),11,5,5,4.9,3.0,8,森泰斗,57.0,ダ,1600.0,稍,106.9,2.0,8-8-8-7,41.9,465,0,キタノヒーロー,
2020105632,ジラルデ,2024/10/30,船橋,晴,12,銚子特別(B3),14,4,5,13.6,6.0,2,森泰斗,56.0,ダ,1600.0,重,105.5,0.0,11-11-7-4,40.6,465,14,クレメンティ,108.0
2020105632,ジラルデ,2024/06/29,船橋,晴,9,向暑特別(B2B3),13,7,11,8.0,5.0,9,森泰斗,57.0,ダ,1600.0,重,105.6,2.1,9-9-10-8,41.0,451,-8,シルバービスケッツ,
2020105632,ジラルデ,2024/05/30,船橋,晴,10,水無月特別(B2B3),8,7,7,2.5,1.0,6,笠野雄大,57.0,ダ,1600.0,稍,104.0,0.9,7-7-7-6,39.2,459,4,ローズピリオド,
2020105632,ジラルデ,2024/04/14,船橋,晴,12,カシオペア座特別(B2B3),10,5,5,4.0,2.0,2,森泰斗,55.0,ダ,1600.0,稍,103.9,1.2,2-2-2-2,39.4,455,-1,フーリッシュホビー,120.0
2020105632,ジラルデ,2024/03/07,船橋,曇,12,桜月特別(B3),14,5,7,2.1,1.0,1,森泰斗,56.0,ダ,1600.0,重,104.3,-0.2,6-6-4-3,40.1,456,-4,(ゴールドラッドマン),270.0
2020105632,ジラルデ,2024/02/09,船橋,晴,10,駿光賞(C1),14,4,6,1.6,1.0,1,森泰斗,56.0,ダ,1600.0,稍,104.8,-0.5,9-9-6-5,40.4,460,1,(ノンズブレス),180.0
2020105632,ジラルデ,2024/01/17,船橋,晴,9,シュンラン賞(C1四),12,4,4,2.2,2.0,1,森泰斗,56.0,ダ,1500.0,良,96.8,-0.9,5-4-3-3,38.6,459,-2,(ヴァルトビューネ),150.0
2020105632,ジラルデ,2023/12/19,船橋,曇,9,C1二三,8,3,3,2.0,1.0,2,森泰斗,56.0,ダ,1600.0,良,102.8,0.1,4-4-4-3,38.5,461,0,カナラクリーク,48.0
2020105632,ジラルデ,2023/11/29,船橋,晴,6,C1三四,12,5,6,5.3,3.0,3,森泰斗,56.0,ダ,1500.0,良,95.7,0.7,12-12-11-9,37.0,461,-5,キタサンエルピス,30.0
2020105632,ジラルデ,2023/09/02,2札幌7,晴,4,3歳未勝利,14,3,4,11.3,7.0,6,池添謙一,56.0,ダ,1700.0,稍,108.0,1.2,8-7-5-5,39.9,466,6,オブシディアン,
2020105632,ジラルデ,2023/08/06,1札幌6,小雨,2,3歳未勝利,14,4,6,7.5,4.0,3,池添謙一,56.0,ダ,1700.0,不,106.8,1.0,6-6-7-3,38.0,460,-8,メイショウシナノ,140.0
2020105632,ジラルデ,2023/07/22,1札幌1,晴,3,3歳未勝利,14,3,3,6.2,4.0,4,池添謙一,56.0,ダ,1700.0,良,108.3,0.7,8-7-8-7,38.9,468,12,ケイアイメキラ,83.0
2020105632,ジラルデ,2023/06/17,3阪神5,晴,6,3歳未勝利,16,3,5,7.9,5.0,6,角田大河,55.0,ダ,1400.0,良,86.6,1.3,10-8,38.1,456,-6,ケイアイアニラ,
2020105632,ジラルデ,2023/04/08,2阪神5,晴,3,3歳未勝利,16,7,13,5.8,3.0,6,幸英明,56.0,ダ,1400.0,不,85.4,1.3,15-10,37.6,462,-2,ハクサンパイオニア,
2020105632,ジラルデ,2023/03/12,2中京2,晴,2,3歳未勝利,16,3,6,5.0,4.0,5,秋山真一,56.0,ダ,1400.0,良,85.7,0.5,12-11,37.0,464,-6,アイオブザストーム,55.0
2020105632,ジラルデ,2023/02/18,1阪神3,曇,4,3歳未勝利,16,3,5,9.2,3.0,4,秋山真一,56.0,ダ,1400.0,良,86.7,0.8,13-12,37.7,470,0,エムズマインド,83.0
2020105632,ジラルデ,2023/01/28,1中京9,晴,4,3歳新馬,16,4,8,12.7,7.0,3,秋山真一,56.0,ダ,1400.0,良,88.4,0.4,15-14,37.7,470,0,モズアカボス,160.0
2019105856,ヒロシゲジャック,2026/07/06,川崎,雨,11,アルタイル賞(B2B3),9,8,8,13.5,5.0,5.0,菅原涼太,57.0,ダ,2000.0,重,135.9,1.6,1-2-2-3,43.7,521,0,レルアバド,28.0
2019105856,ヒロシゲジャック,2026/06/05,船橋,曇,12,月白風清2200(A2B1),13,5,7,238.7,12.0,7.0,笠野雄大,55.0,ダ,2200.0,稍,149.0,2.2,7-7-5-5,41.3,521,-5,ゼアシュネル,
2019105856,ヒロシゲジャック,2026/05/08,船橋,曇,11,皐月盃(OP)(4上),14,7,11,149.0,14.0,11.0,笠野雄大,54.0,ダ,2200.0,良,147.9,3.0,4-4-6-10,41.2,526,-1,キタサンドーシン,
2019105856,ヒロシゲジャック,2026/04/02,船橋,晴,11,こぼれ桜特別(A2B1),9,5,5,98.9,9.0,7.0,笠野雄大,55.0,ダ,1800.0,不,118.7,2.0,8-8-6-6,42.2,527,2,ジルバーン,
2019105856,ヒロシゲジャック,2026/03/13,船橋,曇,12,3月22日はばんえい(B1),9,7,7,17.8,6.0,4.0,笠野雄大,56.0,ダ,1800.0,良,117.5,1.5,6-6-5-7,40.3,525,-3,キタサンドーシン,49.5
2019105856,ヒロシゲジャック,2026/02/13,船橋,晴,11,アルメリア賞(A2B1),11,8,11,12.9,5.0,8.0,笠野雄大,55.0,ダ,2200.0,良,147.2,0.8,3-3-3-5,40.7,528,0,フロインフォッサル,
2019105856,ヒロシゲジャック,2026/01/23,船橋,晴,12,ガーネット2200(B2B3),14,6,9,64.0,11.0,2.0,笠野雄大,57.0,ダ,2200.0,良,148.1,0.1,6-6-1-1,40.1,528,6,マキシマムパワー,120.0
2019105856,ヒロシゲジャック,2025/12/25,大井,雨,11,金盃トライアル競走(OP)(3上),16,5,10,540.6,16.0,10.0,菅原涼太,53.0,ダ,2600.0,重,173.0,5.1,12-12-14-14,42.6,522,-1,ツウカイノキズナ,
2019105856,ヒロシゲジャック,2025/12/11,船橋,晴,8,トパーズ特別(B1B2),14,4,5,110.4,13.0,12.0,菅原涼太,57.0,ダ,1700.0,良,111.5,2.3,11-11-7-12,41.1,523,-1,オーシンスキャット,
2019105856,ヒロシゲジャック,2025/11/07,船橋,晴,11,菊花特別(B1B2),13,6,8,95.9,10.0,8.0,菅原涼太,57.0,ダ,1600.0,良,104.0,1.1,10-10-10-11,40.3,524,3,タカラライナー,
2019105856,ヒロシゲジャック,2025/10/13,川崎,曇,11,かながわ畜産物フェア(A2),13,7,11,94.7,10.0,7.0,菅原涼太,55.0,ダ,2000.0,良,134.0,2.6,7-8-10-11,42.6,521,-9,ツウカイノキズナ,
2019105856,ヒロシゲジャック,2025/09/17,大井,晴,11,東京記念競走(重賞),14,1,1,267.1,11.0,13.0,菅原涼太,56.0,ダ,2400.0,良,161.2,5.9,4-4-9-10,43.2,530,11,マルカンラニ,
2019105856,ヒロシゲジャック,2025/08/30,船橋,晴,11,ひぐらし特別(B1),0,8,9,,,,菅原涼太,56.0,ダ,1600.0,良,,,,,531,12,,
2019105856,ヒロシゲジャック,2025/08/04,川崎,晴,10,アルタイル賞(B2B3),7,5,5,88.0,7.0,1.0,菅原涼太,57.0,ダ,2000.0,良,134.0,-0.9,1-1-1-1,41.5,519,-5,(トリグラフ),270.0
2019105856,ヒロシゲジャック,2025/07/23,浦和,晴,12,夏の宵特別(B2B3),11,8,10,18.7,6.0,11.0,菅原涼太,57.0,ダ,2000.0,良,132.7,2.3,6-8-8-10,41.4,524,-1,リュウノアン,
2019105856,ヒロシゲジャック,2025/07/06,船橋,晴,11,桑島孝春記念(A2B1),10,8,10,284.2,9.0,8.0,菅原涼太,55.0,ダ,2200.0,良,148.0,3.9,3-4-8-10,41.2,525,6,ツウカイノキズナ,
2019105856,ヒロシゲジャック,2025/06/05,船橋,晴,11,ムーンストーン220(B1B2),11,1,1,166.9,10.0,8.0,岡村健司,57.0,ダ,2200.0,稍,150.6,6.3,5-5-5-5,44.3,519,-2,ツウカイノキズナ,
2019105856,ヒロシゲジャック,2025/05/06,船橋,曇,11,皐月盃(OP)(4上),12,5,5,190.1,12.0,9.0,菅原涼太,54.0,ダ,2200.0,不,148.6,4.6,9-10-12-12,42.8,521,-6,テンカハル,
2019105856,ヒロシゲジャック,2025/03/26,大井,晴,10,萌黄賞競走(B1B2),12,5,6,173.1,10.0,4.0,菅原涼太,57.0,ダ,2000.0,良,129.9,2.1,5-5-6-6,39.7,527,-2,キトン,69.0
2019105856,ヒロシゲジャック,2025/03/13,大井,晴,10,朧月賞競走(B1B2),9,7,7,31.8,7.0,8.0,菅原涼太,57.0,ダ,1600.0,重,104.3,2.2,7-7-7-8,40.5,529,2,メーサンデュラント,
2019105856,ヒロシゲジャック,2025/02/18,大井,晴,7,オープス中郷賞競走(B2),4,5,5,14.7,4.0,1.0,菅原涼太,56.0,ダ,1600.0,良,103.0,-0.3,1-1-1-1,38.2,527,6,(ユウシンイモン),420.0
2019105856,ヒロシゲジャック,2025/01/27,大井,曇,12,白富士賞競走(B2B3),13,8,12,102.1,9.0,11.0,菅原涼太,57.0,ダ,1650.0,良,107.9,1.5,6-6-5-8,41.0,521,0,レイリ,
2019105856,ヒロシゲジャック,2025/01/16,大井,曇,10,初夢賞競走(B2B3),15,4,6,266.8,14.0,12.0,菅原涼太,57.0,ダ,2000.0,良,130.8,1.7,6-5-8-10,40.0,521,3,タンゴノアール,
2019105856,ヒロシゲジャック,2024/12/25,大井,晴,12,イベルノ賞競走(B2B3),12,4,4,14.4,8.0,10.0,和田譲治,57.0,ダ,1650.0,良,107.9,1.4,7-8-10-10,39.7,518,-2,シャンボール,
2019105856,ヒロシゲジャック,2024/12/01,大井,晴,8,タンザナイト賞競走(B2),13,5,7,115.5,13.0,10.0,和田譲治,56.0,ダ,1800.0,良,116.8,1.5,12-12-12-11,38.9,520,-6,マルカンラニ,
2019105856,ヒロシゲジャック,2024/11/04,大井,晴,12,ポルックス賞競走(B2B3),12,5,5,20.9,6.0,7.0,和田譲治,57.0,ダ,1650.0,稍,108.8,2.2,10-9-10-10,41.5,526,-2,マルカンラニ,
2019105856,ヒロシゲジャック,2024/08/12,大井,晴,12,サードニックス賞競走(B1B2),10,7,7,7.9,5.0,8.0,森泰斗,55.0,ダ,1650.0,良,107.9,2.4,5-5-4-6,41.7,528,0,マイブレイブ,
2019105856,ヒロシゲジャック,2024/07/08,大井,晴,12,アルタイル賞競走(B2B3),10,4,4,4.2,2.0,6.0,西啓太,57.0,ダ,1650.0,稍,108.3,1.6,5-5-6-7,41.1,528,-1,ペルセヴェランテ,
2019105856,ヒロシゲジャック,2024/06/27,大井,曇,12,ロマンティックナイト(B1B2),12,5,5,30.9,8.0,6.0,西啓太,57.0,ダ,1800.0,良,118.1,0.9,3-3-3-5,39.4,529,3,オーマイグッネス,
2019105856,ヒロシゲジャック,2024/06/07,大井,晴,11,スポーツ報知賞競走(B1B2),15,4,6,20.2,6.0,3.0,森泰斗,57.0,ダ,2000.0,良,130.8,1.2,4-4-4-5,41.2,526,-2,タイガーチャージ,115.0
2019105856,ヒロシゲジャック,2024/05/16,大井,晴,12,アルデバラン賞競走(B1B2),13,2,2,22.4,6.0,7.0,森泰斗,57.0,ダ,1600.0,不,104.0,1.4,9-9-6-5,39.7,528,7,ユーアオンフリーク,
2019105856,ヒロシゲジャック,2024/04/24,大井,雨,9,春風賞競走(B1),12,1,1,4.7,3.0,11.0,森泰斗,57.0,ダ,1800.0,重,119.9,2.6,8-8-7-8,41.1,521,-2,ハイエストエンド,
2019105856,ヒロシゲジャック,2024/01/21,大井,晴,7,ウェルカム2024賞(B2B3),15,7,12,25.3,8.0,4.0,岡村健司,57.0,ダ,2000.0,不,132.1,0.8,4-4-4-2,41.7,523,1,マイネルサブマリン,39.0
2019105856,ヒロシゲジャック,2023/12/28,大井,晴,10,ラストトゥインクル賞(B1),11,6,7,2.6,1.0,1.0,森泰斗,55.0,ダ,1650.0,良,107.8,-0.3,2-2-2-1,40.8,522,1,(スギノマジェスティ),300.0
2019105856,ヒロシゲジャック,2023/12/08,大井,晴,12,新時代のしながわ賞競(B2B3),11,7,9,3.4,2.0,1.0,森泰斗,57.0,ダ,1650.0,良,106.8,-0.8,3-4-2-1,40.5,521,-3,(バラク),260.0
2019105856,ヒロシゲジャック,2023/10/30,大井,晴,10,花梨賞競走(B2B3),12,2,2,29.1,8.0,8.0,町田直希,57.0,ダ,2000.0,良,132.5,2.2,5-5-6-9,40.8,524,3,サヨノネイチヤ,
2019105856,ヒロシゲジャック,2023/10/17,浦和,晴,12,秋風特別(B2B3),10,2,2,4.6,4.0,3.0,町田直希,57.0,ダ,2000.0,稍,131.1,1.1,4-5-3-3,39.7,521,-4,アヴァニイ,75.0
2019105856,ヒロシゲジャック,2023/10/04,大井,雨,12,トルマリン賞競走(B2),15,2,2,18.1,8.0,11.0,町田直希,56.0,ダ,1800.0,不,115.3,3.0,10-10-12-14,39.5,525,-1,ビシャモンテン,
2019105856,ヒロシゲジャック,2023/07/14,大井,曇,12,アルタイル賞競走(B2B3),7,2,2,1.7,1.0,3.0,達城龍次,55.0,ダ,1650.0,良,106.7,0.5,3-3-3-4,38.6,526,3,ペルマナント,65.0
2019105856,ヒロシゲジャック,2023/06/09,大井,曇,12,ムーンストーン賞競走(B1),10,6,6,2.1,1.0,4.0,達城龍次,55.0,ダ,1650.0,不,104.0,1.2,6-6-4-5,39.6,523,0,サブノハクタカ,45.0
2019105856,ヒロシゲジャック,2023/05/12,大井,晴,12,トーラス賞競走(B3),9,1,1,1.9,1.0,1.0,達城龍次,56.0,ダ,1650.0,良,103.4,-0.7,2-2-2-2,38.5,523,-2,(トランセンドパスト),240.0
2019105856,ヒロシゲジャック,2023/04/21,大井,曇,12,かに座特別競走(C1),12,5,5,1.6,1.0,1.0,達城龍次,56.0,ダ,1650.0,良,104.8,-0.8,3-2-2-1,40.2,525,5,(ハヴィティペイ),200.0
2019105856,ヒロシゲジャック,2023/03/10,大井,晴,12,ふたご座特別競走(C1),11,6,7,3.6,2.0,1.0,達城龍次,56.0,ダ,1650.0,良,105.4,-0.7,3-3-2-1,39.1,520,-3,(カレンアップラウゾ),200.0
2019105856,ヒロシゲジャック,2023/02/23,大井,晴,8,C1五六,14,3,4,6.4,3.0,4.0,藤本現暉,56.0,ダ,1600.0,良,102.7,0.8,5-4-3-3,39.4,523,5,スウィング,18.0
2019105856,ヒロシゲジャック,2023/01/24,大井,晴,8,奥久慈しゃも賞(C1),14,6,10,2.2,1.0,2.0,藤本現暉,56.0,ダ,1600.0,良,103.2,0.1,4-4-5-3,39.1,518,-2,シタベッド,48.0
2019105856,ヒロシゲジャック,2022/12/31,大井,晴,11,カウントダウン202(C2),14,2,2,3.3,2.0,2.0,藤本現暉,56.0,ダ,1800.0,良,116.5,0.2,3-3-4-3,39.9,520,-1,メジャークロニクル,72.0
2019105856,ヒロシゲジャック,2022/12/07,大井,晴,5,C2七八九(C2八),14,8,14,1.7,1.0,1.0,藤本現暉,56.0,ダ,1600.0,不,101.6,0.0,1-3-2-1,40.2,521,-3,(ネヴァートゥマッチ),100.0
2019105856,ヒロシゲジャック,2022/11/16,大井,晴,2,3歳143万,11,1,1,2.1,1.0,1.0,藤本現暉,56.0,ダ,1600.0,良,102.9,-1.6,5-3-2-2,39.1,524,-4,(スターオブノワール),140.0
2019105856,ヒロシゲジャック,2022/10/09,盛岡,曇,6,騎手候補生大大大募集(C1),10,5,5,8.9,2.0,2.0,小林凌,56.0,ダ,1400.0,稍,88.3,1.0,8-6,38.3,528,2,ガーレ,14.0
2019105856,ヒロシゲジャック,2022/09/19,盛岡,曇,8,はまぎく賞(3歳),12,2,2,52.0,9.0,9.0,塚本涼人,56.0,芝,1700.0,良,108.8,1.5,12-12-12-9,38.2,526,2,ヴラディア,
2019105856,ヒロシゲジャック,2022/09/04,盛岡,曇,11,不来方賞(重賞),10,2,2,94.5,9.0,5.0,高橋悠里,56.0,ダ,2000.0,不,128.0,1.1,9-9-9-9,39.3,524,3,マナホク,40.0
2019105856,ヒロシゲジャック,2022/08/08,盛岡,晴,5,3歳C1三組,8,6,6,3.1,2.0,2.0,小林凌,56.0,ダ,1400.0,良,87.4,0.6,2-2,38.9,521,3,リュウノファウラー,17.5
2019105856,ヒロシゲジャック,2022/07/31,盛岡,晴,2,3歳C2一組,11,3,3,3.9,2.0,2.0,小林凌,56.0,ダ,1200.0,良,74.4,0.9,5-5,37.9,518,-3,シエリナロッジ,14.0
2019105856,ヒロシゲジャック,2022/07/18,盛岡,晴,1,メイセイオペラメモリ(3歳C2),11,8,11,1.8,1.0,2.0,小林凌,56.0,ダ,1200.0,重,73.1,0.0,2-2,37.7,521,7,プリンセスロージー,14.0
2019105856,ヒロシゲジャック,2022/07/04,盛岡,晴,1,3歳C2五組,11,6,7,5.2,4.0,2.0,小林凌,56.0,ダ,1200.0,良,74.1,0.3,2-2,38.1,514,16,ギンノアメガフル,14.0
2019105856,ヒロシゲジャック,2022/05/21,1新潟5,曇,7,3歳未勝利,16,1,1,148.3,15.0,11.0,泉谷楓真,55.0,芝,2000.0,良,124.2,1.2,14-13-12-11,36.5,498,0,リニュー,
2019105856,ヒロシゲジャック,2022/05/14,1新潟3,曇,5,3歳未勝利,14,4,6,146.6,10.0,11.0,亀田温心,55.0,芝,2400.0,稍,154.0,2.8,7-8-7-8,39.0,498,-8,ブロンドケリー,
2019105856,ヒロシゲジャック,2022/02/05,1中京11,晴,3,3歳未勝利,13,8,13,263.1,12.0,12.0,団野大成,56.0,ダ,1900.0,良,126.7,5.8,11-10-9-9,43.2,506,-2,インディゴブラック,
2019105856,ヒロシゲジャック,2022/01/22,1中京7,晴,3,3歳新馬,14,3,3,76.3,12.0,7.0,団野大成,56.0,ダ,1800.0,良,118.1,3.7,8-7-8-8,40.2,508,0,ブリッツファング,
2021104889,ラファールドール,2026/05/30,2東京11,晴,12,4歳以上2勝クラス,16,1,2,39.8,9.0,12,ゴンサル,58.0,ダ,2100.0,良,134.8,3.0,4-3-5-7,41.1,484,0,タイセイカイザー,
2021104889,ラファールドール,2026/04/12,3中山6,晴,9,印西特別(2勝クラス),12,7,10,19.9,6.0,8,木幡巧也,56.0,ダ,2400.0,良,156.0,1.7,6-6-7-8,38.7,484,-16,インジケーター,
2021104889,ラファールドール,2026/02/22,1東京8,晴,7,4歳以上2勝クラス,16,4,8,94.0,13.0,12,佐々木大,58.0,ダ,2100.0,良,133.3,1.4,7-9-9-8,38.1,500,2,アカデミア,
2021104889,ラファールドール,2026/02/01,1東京2,晴,8,4歳以上2勝クラス,11,6,6,57.3,9.0,4,西村淳也,58.0,ダ,2100.0,良,133.6,0.5,5-5-5-5,36.4,498,-6,ジーティーダーリン,180.0
2021104889,ラファールドール,2025/12/20,5中山5,曇,10,香取特別(2勝クラス),16,2,3,13.8,5.0,12,内田博幸,58.0,ダ,2400.0,良,156.9,2.5,6-6-10-11,40.5,504,6,プレシャスデイ,
2021104889,ラファールドール,2025/10/11,4東京3,雨,10,東村山特別(2勝クラス),16,1,2,54.4,11.0,6,内田博幸,58.0,ダ,2100.0,稍,132.8,2.0,10-12-11-12,38.2,498,8,シャンパンポップ,
2021104889,ラファールドール,2025/09/13,4中山3,曇,9,松戸特別(2勝クラス),11,5,5,13.8,5.0,2,内田博幸,56.0,ダ,2400.0,不,156.6,0.5,2-2-2-2,36.7,490,4,ベルベルコンパス,626.6
2021104889,ラファールドール,2025/07/26,2新潟1,晴,6,麒麟山特別(2勝クラス),15,2,3,108.2,12.0,5,内田博幸,58.0,ダ,1800.0,良,113.5,1.1,7-8-10-9,37.4,486,-4,クラウンシエンタ,155.0
2021104889,ラファールドール,2025/05/11,2東京6,晴,9,日吉特別(2勝クラス),16,8,16,43.9,12.0,15,木幡巧也,58.0,ダ,2100.0,稍,131.8,2.6,4-3-3-3,38.9,490,-6,カズタンジャー,
2021104889,ラファールドール,2025/04/12,3中山5,晴,8,4歳以上1勝クラス,14,6,10,6.2,3.0,1,木幡巧也,58.0,ダ,2400.0,良,157.7,-0.8,2-2-2-2,39.7,496,-8,(ロードインフェルノ),800.0
2021104889,ラファールドール,2025/02/15,1東京5,晴,4,4歳以上1勝クラス,16,7,14,28.8,9.0,6,内田博幸,57.0,ダ,2100.0,良,134.5,0.7,2-3-2-2,37.5,504,2,クロックフォード,
2021104889,ラファールドール,2025/02/02,1東京2,雨,2,4歳以上1勝クラス,14,4,5,21.4,9.0,12,木幡巧也,57.0,ダ,2100.0,稍,135.7,3.4,14-14-13-13,39.0,502,2,バナマンテソーロ,
2021104889,ラファールドール,2024/11/17,5東京6,晴,6,3歳以上1勝クラス,16,3,5,7.6,4.0,8,木幡巧也,56.0,ダ,2100.0,良,133.1,2.2,2-2-2-3,39.5,500,-6,マウンテンエース,
2021104889,ラファールドール,2024/10/05,4東京1,小雨,6,3歳以上1勝クラス,9,3,3,8.9,5.0,6,木幡巧也,56.0,ダ,2100.0,重,129.3,0.5,1-1-1-1,37.4,506,8,グロバーテソーロ,
2021104889,ラファールドール,2024/06/22,3東京7,晴,2,3歳未勝利,16,6,12,7.5,3.0,1,木幡巧也,57.0,ダ,2100.0,重,131.1,-0.5,2-2-2-2,37.2,498,-2,(ベレッタ),550.0
2021104889,ラファールドール,2024/05/18,1新潟7,晴,6,3歳未勝利,15,6,11,11.0,6.0,6,横山琉人,56.0,ダ,1800.0,良,115.4,2.1,5-5-11-12,38.6,500,-2,メイショウフウドウ,
2021104889,ラファールドール,2024/05/04,2東京5,晴,5,3歳未勝利,12,5,6,26.7,5.0,5,内田博幸,57.0,ダ,1600.0,稍,98.6,1.7,8-10,37.4,502,-6,ダンツティアラ,55.0
2021104889,ラファールドール,2024/03/17,2中山8,晴,3,3歳未勝利,15,7,13,31.2,4.0,3,内田博幸,57.0,ダ,1800.0,良,116.9,1.9,4-4-5-4,40.0,508,0,アスクハッピーモア,140.0
2021104889,ラファールドール,2024/02/25,2中山2,小雨,1,3歳未勝利,16,6,12,103.0,11.0,5,内田博幸,57.0,ダ,1800.0,稍,116.8,1.3,4-3-3-4,40.7,508,-2,ドバイブルース,55.0
2021104889,ラファールドール,2023/11/04,5東京1,晴,1,2歳未勝利,12,7,10,50.8,7.0,7,内田博幸,56.0,ダ,1600.0,良,101.2,3.9,2-3,40.8,510,8,ソニックライン,
2021104889,ラファールドール,2023/10/21,4新潟3,雨,2,2歳未勝利,15,7,13,15.5,6.0,10,吉田隼人,56.0,ダ,1800.0,重,118.0,2.5,4-4-5-5,41.3,502,0,ブレードサクセス,
2021104889,ラファールドール,2023/08/19,2札幌3,晴,2,2歳未勝利,14,5,8,6.0,3.0,10,横山武史,55.0,ダ,1700.0,良,110.7,2.4,12-11-13-13,39.8,502,-2,フォーディアライフ,
2021104889,ラファールドール,2023/07/22,1札幌1,晴,5,2歳新馬,10,7,7,6.2,4.0,3,横山武史,55.0,ダ,1700.0,良,109.6,1.0,1-1-1-1,40.0,504,0,アセレラシオン,180.0
2022103814,セイノスケ,2026/07/15,浦和,晴,12,"ハロー,ウラワールド(B2B3)",12,3,3,11.4,4.0,4,張田昂,55.0,ダ,2000.0,良,129.8,1.9,5-5-5-5,38.7,477.0,0.0,ルトンワージ,52.5
2022103814,セイノスケ,2026/06/22,浦和,曇,12,雲取山特別(C1),12,3,3,2.5,1.0,1,福原杏,56.0,ダ,2000.0,重,130.7,-0.4,6-6-3-1,39.0,477.0,0.0,(ハイタイド),180.0
2022103814,セイノスケ,2026/06/03,船橋,曇,12,花柘榴賞(C1),12,7,9,28.8,7.0,2,福原杏,56.0,ダ,1600.0,不,103.8,0.5,3-3-2-2,41.0,477.0,-6.0,リカード,52.0
2022103814,セイノスケ,2026/05/25,浦和,晴,12,エメラルド特別(C1),12,1,1,4.5,4.0,3,福原杏,56.0,ダ,2000.0,稍,132.1,0.9,1-1-1-1,41.6,483.0,2.0,ウォーアンセム,45.0
2022103814,セイノスケ,2026/04/21,浦和,晴,6,今日は丑の日浦和うな(C1C2),12,2,2,4.0,2.0,1,福原杏,55.0,ダ,2000.0,良,131.9,-0.1,1-1-1-1,40.1,481.0,2.0,(フォーゲルヴァイデ),130.0
2022103814,セイノスケ,2026/03/16,浦和,晴,12,春陽特別(C1C2),12,7,9,11.3,5.0,2,室陽一朗,55.0,ダ,2000.0,稍,133.8,0.1,1-1-1-1,39.7,479.0,-2.0,ロードアスタリスク,72.0
2022103814,セイノスケ,2026/03/09,船橋,晴,9,感謝!特別(C2),14,1,1,56.8,11.0,11,室陽一朗,56.0,ダ,1600.0,良,107.5,2.0,4-4-6-7,41.4,481.0,-1.0,タカミノガコイ,
2022103814,セイノスケ,2026/02/23,浦和,晴,5,助け愛、支え愛賞(C2),13,5,6,4.7,3.0,4,福原杏,56.0,ダ,1400.0,良,91.0,0.7,5-4-2-3,39.7,482.0,5.0,ジーティーエンジン,15.0
2022103814,セイノスケ,2026/01/07,浦和,曇,4,C2五六,12,7,9,4.9,2.0,2,吉原寛人,56.0,ダ,1500.0,稍,97.9,0.0,6-7-3-3,38.0,477.0,-1.0,フラッシュタイム,40.0
2022103814,セイノスケ,2025/12/24,浦和,雨,5,花のまちこうのす賞(C2),10,2,2,2.5,1.0,1,福原杏,56.0,ダ,1500.0,重,98.3,-0.1,2-2-1-1,40.2,478.0,9.0,(ヘヴンズクライ),100.0
2022103814,セイノスケ,2025/11/25,浦和,雨,2,ランチタイムチャレン(3歳),12,6,7,13.7,6.0,2,西啓太,56.0,ダ,1500.0,良,98.1,1.0,5-5-6-4,40.8,469.0,-6.0,マーゴットフェスタ,72.0
2022103814,セイノスケ,2025/10/25,高知,小雨,7,C3ー8,10,1,1,27.9,6.0,6,多田羅誠,57.0,ダ,1300.0,不,86.0,1.9,10-10-9-7,39.0,475.0,7.0,メイショウオーギシ,
2022103814,セイノスケ,2025/10/11,高知,曇,6,C3ー9,9,3,3,,,取,多田羅誠,57.0,ダ,1600.0,稍,,,,,,,オドラニャソンソン,
2022103814,セイノスケ,2025/09/28,高知,曇,10,C3ー11,11,1,1,38.1,6.0,4,多田羅誠,57.0,ダ,1400.0,不,92.8,0.7,6-6-7-5,40.2,468.0,-3.0,テーオーエメラルド,9.0
2022103814,セイノスケ,2025/09/13,高知,曇,5,C3ー11,11,7,10,5.3,3.0,3,多田羅誠,57.0,ダ,1300.0,重,85.8,1.1,3-4-4-4,40.0,471.0,6.0,ルミナスフラックス,15.0
2022103814,セイノスケ,2025/08/02,高知,晴,3,C3ー11,11,8,11,5.7,3.0,4,岡村卓弥,57.0,ダ,1400.0,良,93.8,0.8,6-4-1-3,40.4,465.0,8.0,トーアグッドラック,9.0
2022103814,セイノスケ,2025/06/20,園田,晴,12,ラベンダー賞3歳B,12,7,10,6.4,3.0,6,吉村智洋,56.0,ダ,1400.0,良,93.3,1.0,6-6-3-3,40.2,457.0,0.0,ヴァラドン,
2022103814,セイノスケ,2025/05/30,園田,晴,10,亜咲花、ゴール前絶叫(BC1),12,5,5,4.5,3.0,9,下原理,57.0,ダ,1700.0,良,117.1,2.4,7-6-7-7,41.9,457.0,7.0,ダックワーズ,
2022103814,セイノスケ,2025/05/01,園田,晴,11,兵庫チャンピオンシッ(JpnII),12,5,5,613.1,10.0,9,山本咲希,57.0,ダ,1400.0,良,91.2,3.3,10-10-11-11,39.5,450.0,-2.0,マテンロウコマンド,
2022103814,セイノスケ,2025/04/17,園田,晴,10,3歳B,12,6,7,10.7,2.0,3,田野豊三,56.0,ダ,1400.0,良,93.5,1.8,12-11-7-5,40.4,452.0,2.0,アリュールレーヴ,25.0
2022103814,セイノスケ,2025/04/02,園田,曇,11,菊水賞(重賞),12,7,9,108.8,8.0,8,田野豊三,57.0,ダ,1700.0,良,116.4,3.3,11-12-11-10,39.7,450.0,1.0,オケマル,
2022103814,セイノスケ,2025/03/19,園田,曇,7,3歳C1,12,8,12,4.7,4.0,1,山本咲希,55.0,ダ,1400.0,重,94.6,-0.1,1-1-1-1,41.4,449.0,-2.0,(タッセル),80.0
2022103814,セイノスケ,2025/02/26,姫路,晴,4,皆河7.5ハロン3歳(C1),12,5,5,14.5,5.0,3,山本咲希,55.0,ダ,1500.0,良,101.8,0.3,1-1-1-1,42.0,451.0,0.0,ペプチドシナノ,16.0
2022103814,セイノスケ,2025/02/13,姫路,晴,2,3歳未勝利,9,8,9,15.0,4.0,3,山本咲希,55.0,ダ,1400.0,稍,94.5,0.6,2-2-2-2,40.4,451.0,-1.0,マカセナハレ,16.0
2022103814,セイノスケ,2025/01/29,姫路,晴,2,3歳未勝利,12,4,4,5.5,3.0,5,山本咲希,55.0,ダ,1400.0,良,95.7,1.1,6-6-7-5,40.6,452.0,0.0,スマートエクシード,8.0
2022103814,セイノスケ,2025/01/05,1中京1,晴,3,3歳未勝利,16,2,3,393.3,16.0,13,河原田菜,53.0,ダ,1900.0,良,124.7,2.5,6-5-8-8,40.6,452.0,-2.0,ハグ,
2022103814,セイノスケ,2024/12/15,7京都6,晴,3,2歳未勝利,14,3,4,90.8,8.0,9,吉村誠之,54.0,ダ,1800.0,良,117.8,2.7,13-14-13-13,39.1,454.0,-4.0,サマーナイト,
2022103814,セイノスケ,2024/12/01,7京都2,晴,3,2歳未勝利,11,6,7,137.3,9.0,9,吉田隼人,56.0,芝,1800.0,良,110.0,1.5,8-6,35.1,458.0,2.0,サタデーサンライズ,
2022103814,セイノスケ,2024/11/16,6京都5,曇,5,2歳新馬,13,1,1,13.1,7.0,10,吉村誠之,54.0,芝,1400.0,良,83.9,1.1,5-4,36.3,456.0,0.0,メイショウタマユラ,
2022103536,レルアバド,2026/07/06,川崎,雨,11,アルタイル賞(B2B3),9,2,2,2.5,1.0,1,矢野貴之,57.0,ダ,2000.0,重,134.3,-0.3,5-5-5-3,41.7,513,4,(リジン),280.0
2022103536,レルアバド,2026/06/25,浦和,雨,12,武甲山特別(B2B3),12,8,11,4.1,2.0,3,矢野貴之,57.0,ダ,2000.0,不,127.1,0.3,2-2-2-2,38.5,509,0,メジャークオリティ,87.5
2022103536,レルアバド,2026/04/22,浦和,曇,10,馬トク報知杯特別(B2B3),12,1,1,2.7,1.0,2,笹川翼,57.0,ダ,1500.0,良,96.6,0.1,3-4-5-3,37.6,509,1,フクチャンキング,113.8
2022103536,レルアバド,2026/04/01,船橋,雨,12,桜花爛漫特別(B3),13,5,6,4.4,2.0,5,笹川翼,56.0,ダ,1800.0,不,116.9,1.6,6-6-4-3,40.9,508,3,ショーケン,27.0
2022103536,レルアバド,2026/03/10,船橋,晴,10,アケビ特別(B2B3),11,2,2,2.1,1.0,5,本田正重,55.0,ダ,1600.0,稍,104.9,0.6,2-2-2-2,40.2,505,-3,グリーンダイヤル,30.0
2022103536,レルアバド,2026/02/11,船橋,曇,10,野島崎特別(B3),14,8,14,2.5,1.0,2,張田昂,56.0,ダ,1600.0,稍,105.5,0.4,4-4-4-4,39.9,508,0,カーニバルマーチ,108.0
2022103536,レルアバド,2026/01/19,船橋,晴,11,初夢特別(B3),13,3,4,4.2,2.0,1,笹川翼,56.0,ダ,1600.0,良,103.3,-0.2,4-5-5-3,39.2,508,3,(グランピクニック),270.0
2022103536,レルアバド,2025/12/26,大井,晴,8,冬野特別競走(C1),16,7,14,3.1,2.0,2,張田昂,56.0,ダ,2000.0,重,131.1,0.7,7-7-7-7,39.7,505,-8,ヨシイチ,80.0
2022103536,レルアバド,2025/12/12,船橋,晴,10,師走賞(C1二),14,4,5,5.0,3.0,3,張田昂,56.0,ダ,1600.0,良,103.9,1.4,5-5-5-4,40.0,513,-7,グランピクニック,45.0
2022103536,レルアバド,2025/11/03,門別,晴,8,闘いの日々に喝采を特(A4),12,7,10,4.5,2.0,2,桑村真明,55.0,ダ,1700.0,重,110.3,0.2,5-6-5-2,39.6,520,10,ライルアケカイ,22.4
2022103536,レルアバド,2025/10/22,門別,晴,11,スイートアリッサム特(A4),10,8,10,2.9,2.0,2,桑村真明,55.0,ダ,1700.0,稍,110.9,0.2,6-6-4-3,39.4,510,4,ライルアケカイ,22.4
2022103536,レルアバド,2025/10/07,門別,曇,11,北海道競馬記者クラブ(A3),12,7,9,37.3,8.0,4,井上俊彦,55.0,ダ,1700.0,良,111.3,0.9,11-11-10-8,40.3,506,6,ダグフォース,12.6
2022103536,レルアバド,2025/09/23,門別,晴,11,ポッカサッポロ北海道(A3),12,4,4,31.2,5.0,5,桑村真明,55.0,ダ,1600.0,稍,103.9,0.4,9-9-7-6,39.9,500,-2,アジャイルブラック,6.3
2022103536,レルアバド,2025/09/02,門別,曇,12,オケクラフト特別(B3),7,4,4,2.9,2.0,1,桑村真明,57.0,ダ,1800.0,重,117.4,-0.1,4-5-5-2,39.9,502,0,(マリノフォルテシモ),65.0
2022103536,レルアバド,2025/08/19,門別,曇,12,祝1周年国立公園バー(B3),10,2,2,2.2,1.0,3,桑村真明,56.0,ダ,1700.0,不,111.6,0.8,7-9-3-3,39.3,502,2,パンテレリア,13.7
2022103536,レルアバド,2025/08/05,門別,晴,8,平取町軽種馬生産振興(B3),12,8,12,3.3,2.0,2,桑村真明,56.0,ダ,1600.0,良,104.1,0.1,8-9-5-3,40.2,500,-2,マイモーメント,18.2
2022103536,レルアバド,2025/07/24,門別,晴,12,王冠賞〔H2〕(重賞),9,8,8,158.6,8.0,5,桑村真明,57.0,ダ,1800.0,良,118.0,1.3,8-8-7-5,39.6,502,6,ソルジャーフィルド,70.0
2022103536,レルアバド,2025/06/26,門別,雨,9,北海道日高乳業ヨーグ(B4),10,5,5,3.3,2.0,1,桑村真明,57.0,ダ,1700.0,稍,111.7,-0.2,8-8-6-1,40.0,496,-6,(ダバイエスペランサ),65.0
2022103536,レルアバド,2025/06/11,門別,雨,11,目名御殿山特別(C2),9,7,7,2.6,1.0,2,桑村真明,57.0,ダ,1700.0,重,111.1,0.1,7-6-5-5,38.2,502,2,クラウングスタフ,15.4
2022103536,レルアバド,2025/05/29,門別,晴,12,プロミストウォリア賞(B4),11,1,1,3.0,1.0,9,桑村真明,57.0,ダ,1700.0,良,113.9,2.3,5-4-4-5,42.5,500,0,クラウォー,
2022103536,レルアバド,2025/05/01,門別,晴,8,北海道コーン茶特別(C1),12,6,7,2.5,1.0,1,桑村真明,57.0,ダ,1700.0,稍,112.0,-0.1,9-8-4-2,40.2,500,-8,(アルマブレイド),55.0
2022103536,レルアバド,2025/04/17,門別,晴,11,鬼のイチオシ登別ブラ(3歳),7,7,7,5.5,3.0,2,桑村真明,56.0,ダ,1700.0,重,111.1,0.3,5-6-6-4,38.2,508,6,アサマ,42.0
2022103536,レルアバド,2024/10/29,門別,晴,8,オパール特別(OP)(2歳),11,2,2,32.5,8.0,5,桑村真明,56.0,ダ,1000.0,良,61.5,0.8,10-9,35.6,502,-4,ヴィグラスデイズ,7.0
2022103536,レルアバド,2024/10/15,門別,曇,9,JRA認定競走ウィナ(OP)(2歳),10,1,1,48.2,8.0,7,阿部龍,56.0,ダ,1000.0,良,62.1,0.6,9-8,36.8,506,2,ルクスディライト,
2022103536,レルアバド,2024/09/26,門別,曇,7,アイオライト特別(OP)(2歳),6,5,5,21.7,5.0,5,桑村真明,56.0,ダ,1000.0,良,62.9,1.3,6-6,36.1,504,18,ボディコンシャス,7.0
2022103536,レルアバド,2024/08/28,門別,晴,6,サードニクス特別(OP)(2歳),8,1,1,19.7,5.0,7,阿部龍,55.0,ダ,1700.0,重,116.2,4.2,7-8-8-8,41.5,486,-10,ナンパセン,
2022103536,レルアバド,2024/08/14,門別,曇,6,ペリドット特別(OP)(2歳),7,4,4,10.7,5.0,7,阿部龍,55.0,ダ,1000.0,重,62.1,1.5,6-7,37.1,496,0,ツバクロ,
2022103536,レルアバド,2024/07/09,門別,曇,7,JRA認定競走ターフ(OP)(2歳),8,1,1,37.0,8.0,6,阿部龍,55.0,ダ,1700.0,稍,113.2,2.2,8-8-7-7,39.4,496,0,リコースパロー,
2022103536,レルアバド,2024/06/26,門別,曇,4,パール特別(OP)(2歳),6,3,3,5.8,3.0,3,桑村真明,55.0,ダ,1700.0,稍,114.2,1.6,4-4-3-1,40.0,496,4,ソルジャーフィルド,21.0
2022103536,レルアバド,2024/05/28,門別,曇,5,JRA認定競走フレッ(新馬)(2歳),7,7,7,2.3,2.0,1,桑村真明,55.0,ダ,1100.0,良,68.9,-0.2,2-1,38.0,492,0,(バリウィール),250.0
2022101000,ピノマハナ,2026/07/15,浦和,晴,12,"ハロー,ウラワールド(B2B3)",12,5,6,32.5,8.0,8,新原周馬,57.0,ダ,2000.0,良,130.5,2.6,8-9-9-7,38.3,490,4,ルトンワージ,
2022101000,ピノマハナ,2026/06/19,川崎,曇,11,短夜特別(B1B2),11,6,7,72.7,10.0,7,西啓太,57.0,ダ,1500.0,重,97.0,1.2,10-11-11-9,41.2,486,1,シャンパンファイト,
2022101000,ピノマハナ,2026/05/22,大井,曇,11,サンケイスポーツ賞競(B1B2),12,5,5,141.4,10.0,11,西啓太,57.0,ダ,2000.0,不,133.9,5.3,9-9-12-12,44.0,485,-7,フジマサテイオー,
2022101000,ピノマハナ,2026/05/08,船橋,曇,12,20時50分にビッグ(B1),13,2,2,78.2,10.0,13,野畑凌,56.0,ダ,1700.0,良,113.2,4.2,9-9-10-12,41.2,492,-7,ゼアシュネル,
2022101000,ピノマハナ,2026/03/20,浦和,曇,12,浦和×ばんえいコラボ(B2B3),12,8,12,8.8,2.0,4,野畑凌,57.0,ダ,2000.0,稍,133.4,1.3,4-3-4-4,41.3,499,9,スピンディエゴール,52.5
2022101000,ピノマハナ,2025/12/09,船橋,晴,11,ハートビートC(OP)(3歳),8,5,5,68.8,6.0,6,町田直希,55.0,ダ,1800.0,良,117.2,1.8,8-8-8-8,38.5,490,-3,シーソーゲーム,
2022101000,ピノマハナ,2025/10/28,浦和,晴,12,夕焼け特別(B2B3),12,8,11,4.9,3.0,9,張田昂,57.0,ダ,2000.0,重,131.0,2.1,6-6-5-5,40.4,493,3,アドマイヤエイジア,
2022101000,ピノマハナ,2025/09/10,川崎,晴,11,戸塚記念(重賞),10,1,1,15.7,3.0,5,本田正重,56.0,ダ,2100.0,良,140.3,1.9,4-4-4-3,42.1,490,3,ナイトオブファイア,150.0
2022101000,ピノマハナ,2025/08/06,川崎,曇,11,芙蓉(OP)(3歳),10,5,5,7.3,5.0,1,本田正重,55.0,ダ,2000.0,良,133.0,-0.5,7-7-6-1,40.2,487,-4,(チャチャハツゴウ),500.0
2022101000,ピノマハナ,2025/06/27,浦和,晴,9,栗橋宿特別(B3C1),10,8,9,5.9,3.0,1,Ｒ．クア,55.0,ダ,1500.0,稍,94.7,0.0,7-5-3-2,39.5,491,-6,(ポップコーン),300.0
2022101000,ピノマハナ,2025/05/28,浦和,晴,8,ポピー特別(3歳),12,4,4,13.7,7.0,4,Ｒ．クア,57.0,ダ,1500.0,良,96.3,0.6,9-10-9-8,38.5,497,4,ルナフォルトゥーナ,37.5
2022101000,ピノマハナ,2025/05/12,川崎,曇,6,不如帰特別(3歳),9,5,5,74.5,9.0,5,新原周馬,57.0,ダ,1600.0,重,107.5,0.9,3-3-8-8,41.0,493,8,ワチュゴナドゥ,30.0
2022101000,ピノマハナ,2025/01/08,浦和,晴,11,ニューイヤーC(重賞),12,7,10,148.3,10.0,10,山崎誠士,56.0,ダ,1500.0,重,99.6,4.0,10-9-10-10,42.4,485,-1,ホーリーグレイル,
2022101000,ピノマハナ,2024/12/12,川崎,晴,11,シャイニングドリーム(OP)(2歳),11,3,3,9.8,6.0,3,新原周馬,56.0,ダ,1600.0,良,107.5,1.2,8-7-10-8,41.1,486,-4,レッドサラマンダー,125.0
2022101000,ピノマハナ,2024/11/06,大井,曇,11,ハイセイコー記念競走(重賞),16,2,3,232.6,15.0,9,本橋孝太,55.0,ダ,1600.0,稍,106.2,3.6,13-14-14-15,41.1,490,6,スマイルマンボ,
2022101000,ピノマハナ,2024/10/18,大井,曇,5,とき特別競走(2歳),9,8,9,7.5,4.0,5,野畑凌,55.0,ダ,1700.0,良,113.1,1.5,3-3-3-4,39.3,484,-1,ペピタドーロ,48.0
2022101000,ピノマハナ,2024/09/03,川崎,曇,5,スズムシ賞(2歳),11,1,1,4.3,2.0,1,野畑凌,54.0,ダ,1400.0,重,94.2,-0.2,1-1-1-1,41.0,485,-2,(ササキンチャーマー),250.0
2022101000,ピノマハナ,2024/07/12,浦和,雨,2,2歳二,7,1,1,2.1,1.0,1,秋元耕成,54.0,ダ,1400.0,稍,91.1,-1.9,4-4-2-1,40.2,487,-5,(ラブリーモンスター),260.0
2022101000,ピノマハナ,2024/06/17,浦和,曇,3,ドリームチャレンジ(2歳),5,4,4,6.1,3.0,3,秋元耕成,54.0,ダ,800.0,稍,49.1,1.3,5-5,35.7,492,0,ファイアトーチ,105.0
2021107009,ハクシュ,2026/07/09,川崎,晴,12,アンドロメダ賞(C1),14,7,11,4.5,2.0,1.0,笹川翼,56.0,ダ,2000.0,良,136.2,-0.2,2-2-1-2,39.5,520,-2,(カガヤキファイター),180.0
2021107009,ハクシュ,2026/06/18,川崎,曇,8,スクルド賞(C1),10,8,10,1.5,1.0,5.0,御神本訓,56.0,ダ,2000.0,重,136.6,1.1,2-3-3-4,41.8,522,3,ビービーシャーンス,18.0
2021107009,ハクシュ,2026/05/12,川崎,晴,12,イーリス賞(C1),14,7,11,4.1,3.0,3.0,Ｅ．シャ,56.0,ダ,2000.0,良,134.8,0.1,4-4-4-5,40.6,519,6,タケルサバイバル,45.0
2021107009,ハクシュ,2026/04/08,川崎,晴,9,猛虎特別(C1),13,4,5,2.5,1.0,3.0,吉原寛人,56.0,ダ,2000.0,稍,136.5,0.4,6-6-7-4,40.8,513,-6,ジュンビクトワール,45.0
2021107009,ハクシュ,2026/03/05,川崎,晴,8,プリマヴェーラ賞(C1),10,1,1,2.5,2.0,2.0,御神本訓,56.0,ダ,2000.0,重,135.3,0.5,8-8-5-3,39.8,519,-10,ジャスパージェット,72.0
2021107009,ハクシュ,2026/01/03,川崎,晴,9,七福神特別(C1C2),14,4,5,3.7,2.0,2.0,笹川翼,57.0,ダ,2000.0,稍,134.9,0.7,4-4-3-2,40.6,529,-2,オウケンデューク,72.0
2021107009,ハクシュ,2025/11/21,川崎,晴,9,OMOTANはだの賞(C1),12,2,2,1.1,1.0,8.0,笹川翼,56.0,ダ,2000.0,良,136.4,2.1,2-2-2-2,42.2,531,4,フィフティズ,
2021107009,ハクシュ,2025/10/14,川崎,曇,8,切通賞(C1),14,7,12,1.5,1.0,2.0,笹川翼,56.0,ダ,2000.0,良,134.6,0.7,4-4-2-2,39.9,527,8,ダブルメッセージ,72.0
2021107009,ハクシュ,2025/06/18,川崎,晴,4,ヴェルザンディ賞(C2),14,3,4,1.0,1.0,1.0,Ｒ．クア,56.0,ダ,2000.0,良,135.4,-1.0,6-6-4-2,41.2,519,-10,(タイセイシップ),150.0
2021107009,ハクシュ,2025/05/15,川崎,晴,8,フローラ賞(C2),13,1,1,1.4,1.0,1.0,Ｒ．クア,56.0,ダ,2000.0,稍,134.4,-2.7,4-3-1-1,40.7,529,6,(ルージュメイベル),150.0
2021107009,ハクシュ,2025/04/11,川崎,雨,9,アルテミス賞(C2),0,3,4,,,,笹川翼,56.0,ダ,2000.0,稍,,,,,533,10,,
2021107009,ハクシュ,2025/03/06,川崎,曇,2,ヴィクトリア賞(C3),12,5,6,1.0,1.0,1.0,笹川翼,56.0,ダ,2000.0,不,136.8,-1.5,1-1-1-1,41.5,523,-2,(ダイゴホマレリュウ),90.0
2021107009,ハクシュ,2025/02/08,川崎,晴,6,アリアンロッド賞(C3),11,4,4,1.3,1.0,1.0,笹川翼,56.0,ダ,2000.0,良,135.5,-1.3,1-1-1-1,40.7,525,5,(タイセイシップ),90.0
2021107009,ハクシュ,2024/12/04,名古屋,晴,10,宇連川特別(C),12,5,5,1.8,1.0,1.0,加藤聡一,56.0,ダ,1500.0,良,96.3,-0.8,9-7-4,38.8,520,1,(バンドエース),65.0
2021107009,ハクシュ,2024/11/20,名古屋,曇,2,C27組,12,5,5,3.7,2.0,1.0,大畑慧悟,56.0,ダ,1500.0,良,96.9,-1.0,7-7-1,38.5,519,15,(リトミコ),50.0
2021107009,ハクシュ,2024/07/06,2福島3,曇,7,3歳未勝利,15,8,14,257.2,14.0,11.0,柴田大知,57.0,ダ,1700.0,良,109.3,3.5,9-12-12-11,39.3,504,-2,パリプラージュ,
2021107009,ハクシュ,2024/06/02,3東京2,曇,2,3歳未勝利,16,1,1,114.8,11.0,11.0,佐々木大,57.0,ダ,2100.0,重,133.2,2.2,7-6-11-14,38.5,506,-2,ヴァズレーヌ,
2021107009,ハクシュ,2024/04/14,3中山8,晴,3,3歳未勝利,15,8,14,166.6,13.0,7.0,長浜鴻緒,54.0,ダ,1800.0,良,116.8,2.6,9-10-12-12,40.5,508,-4,テリフィックプラン,
2021107009,ハクシュ,2024/02/18,1東京8,晴,2,3歳未勝利,16,7,14,22.6,5.0,9.0,岩田望来,57.0,ダ,2100.0,良,137.0,2.1,7-7-7-7,40.1,512,-8,ニシノコルベット,
2021107009,ハクシュ,2023/11/11,3福島3,晴,5,2歳新馬,15,1,2,6.9,2.0,9.0,丹内祐次,56.0,芝,2000.0,良,127.3,2.1,1-1-2-3,38.5,520,0,クラッシファイド,
2022100585,オリコウデレガンス,2026/07/08,川崎,晴,10,要潤さん川崎競馬公式(B2),9,8,8,5.5,2.0,3,笹川翼,54.0,ダ,1400.0,稍,90.5,0.4,9-7-6-5,39.8,461,-6,レグノ,70.0
2022100585,オリコウデレガンス,2026/06/16,川崎,晴,10,ジューンスター賞(B2B3),11,5,5,7.9,4.0,8,吉原寛人,55.0,ダ,1500.0,稍,96.9,1.0,9-9-9-8,40.0,467,7,ルクスメンデス,
2022100585,オリコウデレガンス,2026/05/11,川崎,晴,11,草笛特別(B2),14,5,8,9.6,5.0,6,古岡勇樹,54.0,ダ,1500.0,良,96.0,0.9,7-7-7-5,39.3,460,5,マロンシャンテリー,
2022100585,オリコウデレガンス,2025/11/19,川崎,晴,11,ロジータ記念【地方交(重賞),13,5,7,68.8,9.0,5,今野忠成,54.0,ダ,2100.0,良,140.5,0.8,13-11-10-7,38.7,455,4,ドナギニー,110.0
2022100585,オリコウデレガンス,2025/10/16,川崎,曇,11,サルビアC(OP)(3歳),11,7,9,7.7,5.0,6,今野忠成,54.0,ダ,2000.0,重,136.6,1.3,8-6-3-3,40.2,451,0,エスカティア,
2022100585,オリコウデレガンス,2025/08/22,川崎,晴,11,やまなみ五湖「丹沢湖(B2B3),8,7,7,2.4,1.0,1,新原周馬,52.0,ダ,1500.0,良,96.1,-0.3,3-4-4-2,39.4,451,-2,(デアシュトゥルム),270.0
2022100585,オリコウデレガンス,2025/08/08,川崎,晴,10,夏紅特別(B3),11,2,2,5.5,2.0,1,新原周馬,53.0,ダ,1400.0,良,90.1,-0.7,4-4-4-2,39.1,453,-3,(スカイアクロス),240.0
2022100585,オリコウデレガンス,2025/07/07,川崎,晴,10,七夕特別(B3),9,6,6,4.1,2.0,7,今野忠成,53.0,ダ,1600.0,良,107.3,1.4,7-7-5-5,40.3,456,2,レグノ,
2022100585,オリコウデレガンス,2025/06/19,川崎,晴,12,見返り美人特別(B3),11,4,4,4.9,3.0,2,今野忠成,52.0,ダ,1400.0,良,90.8,0.2,7-6-3-4,38.7,454,5,ラジエーション,96.0
2022100585,オリコウデレガンス,2025/05/12,川崎,曇,6,不如帰特別(3歳),9,8,8,2.1,1.0,8,今野忠成,55.0,ダ,1600.0,重,108.3,1.7,4-5-3-5,42.0,449,11,ワチュゴナドゥ,
2022100585,オリコウデレガンス,2024/12/31,大井,晴,10,東京2歳優駿牝馬競走(重賞),15,8,15,30.6,9.0,4,今野忠成,54.0,ダ,1600.0,良,103.1,0.6,13-13-10-10,40.1,438,-5,プラウドフレール,200.0
2022100585,オリコウデレガンス,2024/11/12,川崎,晴,11,ローレル賞(重賞),14,3,3,9.4,3.0,2,今野忠成,54.0,ダ,1600.0,稍,105.2,0.1,13-10-10-8,41.6,443,-1,ウィルシャイン,420.0
2022100585,オリコウデレガンス,2024/10/08,川崎,雨,8,小町(2歳),14,4,5,2.3,1.0,3,今野忠成,54.0,ダ,1500.0,重,99.8,0.2,5-7-5-4,40.7,444,0,モンゲーキララ,87.5
2022100585,オリコウデレガンス,2024/09/06,川崎,晴,5,スパーキングデビュー(2歳),8,1,1,1.8,1.0,1,今野忠成,54.0,ダ,1400.0,良,92.7,-1.6,7-6-6-5,40.2,444,0,(アジアパテック),400.0
2021105099,カンデラリア,2026/05/15,川崎,晴,10,第39回開成町阿波お(B2B3),12,4,4,6.8,2.0,2,本田正重,57.0,ダ,2000.0,良,133.7,0.4,6-6-6-5,39.1,502,-3,デフィニティーボ,112.0
2021105099,カンデラリア,2026/04/01,船橋,雨,12,桜花爛漫特別(B3),13,3,3,14.2,7.0,2,本田正重,56.0,ダ,1800.0,不,116.0,0.7,9-9-8-5,39.2,505,-4,ショーケン,108.0
2021105099,カンデラリア,2026/03/11,船橋,晴,12,ユキヤナギ賞(B3),12,4,4,8.5,4.0,6,本田正重,56.0,ダ,1800.0,良,119.1,1.2,6-6-6-5,39.0,509,4,フィフティズ,
2021105099,カンデラリア,2025/10/31,浦和,雨,11,紅葉特別(B2),13,5,7,7.4,3.0,8,西啓太,56.0,ダ,1400.0,稍,89.7,1.7,8-9-10-10,39.0,505,2,ピンクタオルチャン,
2021105099,カンデラリア,2025/09/08,川崎,晴,11,馬産地日高特別(B2B3),14,7,11,3.6,2.0,5,笹川翼,55.0,ダ,1500.0,稍,97.4,2.1,5-5-5-4,41.5,503,3,インナースティール,27.0
2021105099,カンデラリア,2025/07/25,浦和,晴,11,涼月特別(B2B3),10,1,1,4.7,2.0,2,本橋孝太,55.0,ダ,1500.0,良,95.4,0.3,9-8-8-3,38.1,500,-5,スペンサーバローズ,140.0
2021105099,カンデラリア,2025/06/25,浦和,曇,10,蕨宿特別(B3),10,4,4,2.0,1.0,2,笹川翼,56.0,ダ,1500.0,不,92.4,0.2,6-6-5-2,37.2,505,-3,ユキグニ,120.0
2021105099,カンデラリア,2025/05/14,川崎,晴,10,新緑特別(B3),11,8,10,3.1,2.0,1,笹川翼,56.0,ダ,1600.0,稍,106.0,-0.8,2-2-1-1,39.8,508,-3,(ランドプラネット),240.0
2021105099,カンデラリア,2025/03/11,船橋,曇,12,ストロベリー賞(C1),9,7,7,1.6,1.0,3,山本聡哉,56.0,ダ,1800.0,良,119.6,1.1,3-3-2-2,41.0,511,7,マロンロシェ,45.0
2021105099,カンデラリア,2025/02/11,船橋,晴,12,アルデミラン特別(C1),14,2,2,4.7,2.0,2,笹川翼,56.0,ダ,1800.0,良,114.9,0.2,2-2-1-1,39.3,504,0,バウンスライト,72.0
2021105099,カンデラリア,2024/11/28,船橋,晴,7,オンジジューム特別(C1),9,8,8,6.8,2.0,2,笹川翼,56.0,ダ,1600.0,稍,107.6,1.5,4-3-3-4,41.8,504,-2,ゼアシュネル,72.0
2021105099,カンデラリア,2024/10/29,船橋,雨,9,C1四五,9,6,6,2.8,1.0,4,本田正重,56.0,ダ,1500.0,稍,99.5,0.8,5-3-3-3,40.9,506,14,セントレガーロ,18.0
2021105099,カンデラリア,2024/08/31,3新潟7,小雨,7,3歳未勝利,18,2,3,3.4,2.0,3,菅原明良,57.0,芝,1800.0,良,107.5,0.7,13-11,34.2,492,4,フォティーゾ,140.0
2021105099,カンデラリア,2024/08/11,3新潟2,晴,6,3歳未勝利,18,5,9,2.8,2.0,2,菅原明良,57.0,芝,1800.0,良,107.2,0.3,11-11,34.5,488,-2,エイシンポリシー,220.0
2021105099,カンデラリア,2024/07/13,2福島5,晴,8,3歳未勝利,16,5,10,5.1,2.0,2,菅原明良,57.0,芝,1800.0,良,109.4,0.3,8-9-8-9,35.5,490,-4,シークレットイスラ,220.0
2021105099,カンデラリア,2024/04/20,2東京1,晴,5,3歳未勝利,18,1,1,8.6,4.0,6,丸田恭介,57.0,芝,1600.0,良,94.3,0.7,14-13,34.7,494,8,ジーゲル,
2021105099,カンデラリア,2023/10/09,4東京3,雨,6,2歳新馬,15,5,8,24.8,8.0,4,丸田恭介,56.0,ダ,1400.0,不,86.6,0.3,14-13,36.1,486,0,エンブレムボム,110.0
2021106566,ヘニーズネフュー,2026/04/07,川崎,曇,10,プロキオン賞(B2B3),13,2,2,4.6,2.0,8,新原周馬,55.0,ダ,2000.0,重,136.9,2.1,10-10-8-10,42.0,477,-6,デフィニティーボ,
2021106566,ヘニーズネフュー,2026/03/02,川崎,曇,10,レコードな町にいかっ(B2B3),10,5,5,11.7,5.0,2,新原周馬,55.0,ダ,2000.0,稍,134.4,0.1,4-3-4-2,39.6,483,-2,ヴィブエアー,108.0
2021106566,ヘニーズネフュー,2026/02/06,川崎,晴,10,ベテルギウス賞(B2B3),11,7,9,19.2,5.0,3,新原周馬,55.0,ダ,2000.0,良,135.3,1.1,3-3-5-3,40.3,485,6,グーヴェルナイユ,67.5
2021106566,ヘニーズネフュー,2026/01/02,川崎,晴,12,坊主めくり賞(C1C2),14,5,8,2.7,1.0,1,新原周馬,57.0,ダ,2000.0,稍,138.7,-0.2,4-4-5-5,39.2,479,-2,(ヴィントシュティレ),180.0
2021106566,ヘニーズネフュー,2025/12/19,川崎,晴,10,やまなし畜産特別(B3C1),14,2,2,17.4,6.0,2,新原周馬,55.0,ダ,2000.0,稍,134.6,0.6,9-7-7-6,41.5,481,-2,オウケンデューク,96.0
2021106566,ヘニーズネフュー,2025/11/17,川崎,晴,12,タイレリア賞(C1),12,5,5,47.6,7.0,3,新原周馬,56.0,ダ,2000.0,良,135.3,2.0,7-8-2-3,41.4,483,2,ダブルメッセージ,45.0
2021106566,ヘニーズネフュー,2025/10/30,浦和,晴,12,実りの秋特別(C1),12,1,1,14.5,7.0,6,本橋孝太,56.0,ダ,2000.0,稍,134.5,0.9,12-12-11-9,38.3,481,4,マナコル,
2021106566,ヘニーズネフュー,2025/10/14,川崎,曇,8,切通賞(C1),14,5,8,102.9,10.0,5,本橋孝太,56.0,ダ,2000.0,良,136.8,2.9,14-14-14-13,40.7,477,9,ダブルメッセージ,18.0
2021106566,ヘニーズネフュー,2025/05/23,園田,曇,8,C2一,9,8,8,8.5,3.0,4,吉村智洋,57.0,ダ,1400.0,良,93.3,0.8,8-8-6-6,40.3,468,-4,スケサンカクサン,10.5
2021106566,ヘニーズネフュー,2025/04/30,園田,晴,8,C2一,10,8,10,7.5,4.0,7,吉村智洋,57.0,ダ,1400.0,良,92.6,1.4,9-9-8-8,40.5,472,-1,プロスペクト,
2021106566,ヘニーズネフュー,2025/04/08,園田,曇,8,C2一,7,7,7,4.0,2.0,3,吉村智洋,57.0,ダ,1400.0,良,93.7,0.1,5-5-4-4,40.5,473,-8,メイプルキャプテン,17.5
2021106566,ヘニーズネフュー,2025/03/26,園田,晴,6,C2一,12,5,5,4.9,3.0,10,小牧太,56.0,ダ,1400.0,良,93.0,1.5,9-9-10-10,40.5,481,3,ベストディシジョン,
2021106566,ヘニーズネフュー,2024/12/10,園田,晴,10,C1,12,7,9,9.7,3.0,6,下原理,56.0,ダ,1870.0,良,127.3,1.7,6-6-5-3,40.9,478,5,ケーヴァラ,
2021106566,ヘニーズネフュー,2024/11/13,園田,晴,6,C2一,10,3,3,1.5,1.0,1,吉村智洋,56.0,ダ,1400.0,良,93.3,-0.6,6-8-5-3,40.3,473,-2,(ケイアイマヌカ),70.0
2021106566,ヘニーズネフュー,2024/10/23,園田,曇,6,C2一,12,2,2,1.4,1.0,2,吉村智洋,56.0,ダ,1400.0,稍,93.0,0.3,9-8-3-2,40.2,475,9,ラクプエル,24.5
2021106566,ヘニーズネフュー,2024/09/01,2中京8,曇,2,3歳未勝利,16,1,2,4.6,2.0,6,岩田望来,57.0,ダ,1800.0,不,112.8,0.8,11-11-6-6,37.9,466,2,メイショウオオコ,
2021106566,ヘニーズネフュー,2024/08/11,2中京2,晴,4,3歳未勝利,16,3,6,2.4,1.0,5,川田将雅,57.0,ダ,1900.0,良,120.9,0.2,16-16-12-12,38.0,464,-2,ミグラテール,55.0
2021106566,ヘニーズネフュー,2024/06/22,4京都7,晴,4,3歳未勝利,16,5,9,3.2,1.0,3,岩田望来,57.0,ダ,1900.0,重,121.8,0.2,14-14-9-9,38.2,466,4,ニホンピロマリンバ,140.0
2021106566,ヘニーズネフュー,2024/06/02,4京都2,曇,6,3歳未勝利,16,3,6,3.6,2.0,2,岩田望来,57.0,ダ,1900.0,稍,121.7,0.6,11-11-10-9,39.5,462,-6,ティンティンデオ,220.0
2021106566,ヘニーズネフュー,2024/05/18,3京都9,晴,3,3歳未勝利,16,7,14,5.2,3.0,5,西村淳也,57.0,ダ,1800.0,良,115.2,0.7,13-13-10-9,38.1,468,2,マテンロウブラボー,55.0
2021106566,ヘニーズネフュー,2024/04/27,3京都3,曇,1,3歳未勝利,15,3,5,11.4,5.0,2,西村淳也,57.0,ダ,1800.0,良,115.3,0.0,8-8-6-4,39.1,466,-6,グーヴェルナイユ,220.0
2021106566,ヘニーズネフュー,2024/01/13,1京都4,晴,3,3歳未勝利,14,5,8,20.5,5.0,8,田口貫太,55.0,ダ,1400.0,良,88.1,1.1,13-12,37.5,472,8,キャピタルサックス,
2021106566,ヘニーズネフュー,2023/11/12,3京都4,曇,2,2歳未勝利,17,1,1,55.7,9.0,11,松山弘平,56.0,芝,1400.0,良,83.6,1.6,15-15,35.4,464,4,ロゼフレア,
2021106566,ヘニーズネフュー,2023/10/21,2京都6,曇,5,2歳新馬,14,8,13,13.9,6.0,4,鮫島克駿,56.0,芝,1600.0,良,97.0,0.6,2-2,36.0,460,0,ブルーアイドガール,110.0
2020106641,オウケンデューク,2026/07/06,川崎,雨,11,アルタイル賞(B2B3),9,8,9,17.6,7.0,8,野畑凌,55.0,ダ,2000.0,重,137.2,2.9,1-1-1-2,45.2,432,-5,レルアバド,
2020106641,オウケンデューク,2026/03/17,浦和,晴,10,桜草特別(B3),12,6,8,8.1,2.0,8,野畑凌,56.0,ダ,1500.0,良,98.3,2.0,3-2-4-4,39.9,437,-3,フクチャンキング,
2020106641,オウケンデューク,2026/03/02,川崎,曇,10,レコードな町にいかっ(B2B3),10,7,7,4.1,3.0,5,野畑凌,55.0,ダ,2000.0,稍,135.7,1.4,2-2-2-3,40.9,440,-2,ヴィブエアー,27.0
2020106641,オウケンデューク,2026/02/06,川崎,晴,10,ベテルギウス賞(B2B3),11,4,4,3.6,2.0,4,野畑凌,55.0,ダ,2000.0,良,135.3,1.1,1-1-1-1,40.7,442,-2,グーヴェルナイユ,40.5
2020106641,オウケンデューク,2026/01/03,川崎,晴,9,七福神特別(C1C2),14,3,4,1.5,1.0,1,野畑凌,57.0,ダ,2000.0,稍,134.2,-0.7,1-1-1-1,40.2,444,5,(ハクシュ),180.0
2020106641,オウケンデューク,2025/12/19,川崎,晴,10,やまなし畜産特別(B3C1),14,4,6,2.5,1.0,1,野畑凌,55.0,ダ,2000.0,稍,134.0,-0.6,2-2-1-1,41.4,439,4,(ヘニーズネフュー),240.0
2020106641,オウケンデューク,2025/11/21,川崎,晴,9,OMOTANはだの賞(C1),12,5,5,9.5,3.0,2,野畑凌,56.0,ダ,2000.0,良,134.8,0.5,5-5-4-4,40.4,435,2,フィフティズ,72.0
2020106641,オウケンデューク,2025/10/14,川崎,曇,12,西御門賞(C1),14,2,2,2.6,2.0,2,野畑凌,56.0,ダ,1500.0,良,97.3,0.0,7-7-6-2,40.3,433,5,アオイラン,48.0
2020106641,オウケンデューク,2025/07/13,金沢,晴,11,飯田燈籠山祭り特別(A2),10,4,4,2.9,2.0,2,柴田勇真,57.0,ダ,1700.0,良,108.6,0.0,4-4-4-2,38.1,428,-3,インペリアルモート,24.0
2020106641,オウケンデューク,2025/07/01,金沢,曇,12,ポイントで馬券を買お(A2),9,8,9,7.9,5.0,4,柴田勇真,57.0,ダ,1700.0,良,108.3,2.4,3-3-3-3,39.0,431,4,プレシオーソ,10.8
2020106641,オウケンデューク,2025/06/02,金沢,曇,11,金沢市農業技師大募集(A2),9,6,6,2.6,1.0,4,柴田勇真,57.0,ダ,1400.0,良,88.8,0.2,8-8-7-7,37.9,427,5,エムティイーグル,9.0
2020106641,オウケンデューク,2025/05/20,金沢,晴,10,魁三国志大戦リリース(B1),8,1,1,1.4,1.0,1,吉原寛人,57.0,ダ,1400.0,良,89.0,-0.4,3-3-3-3,38.1,422,-2,(カキエモン),55.0
2020106641,オウケンデューク,2025/05/05,金沢,晴,9,ネネ&ダイヤ永遠の愛(B1),9,3,3,1.4,1.0,1,柴田勇真,57.0,ダ,1500.0,良,96.6,0.0,4-4-3-2,39.8,424,-7,(プレストスター),55.0
2020106641,オウケンデューク,2025/04/15,金沢,雨,9,B23,11,7,9,1.4,1.0,1,柴田勇真,57.0,ダ,1400.0,不,88.8,-1.8,2-2-1-1,38.3,431,2,(フユノダイサンカク),50.0
2020106641,オウケンデューク,2025/03/24,金沢,曇,7,C14,8,8,8,1.1,1.0,1,柴田勇真,56.0,ダ,1500.0,良,96.9,-1.9,2-2-1-1,39.3,429,-3,(ナムラモナ),45.0
2020106641,オウケンデューク,2025/03/17,金沢,曇,4,みさこ&マハムードご(C2),9,2,2,2.9,2.0,1,柴田勇真,56.0,ダ,1400.0,不,90.3,-0.5,2-2-2-1,39.0,432,-2,(グブリーサビタン),43.0
2020106641,オウケンデューク,2025/02/27,名古屋,晴,12,B9組,12,8,12,3.9,2.0,5,岡部誠,56.0,ダ,920.0,良,56.6,0.6,5,36.9,434,8,シルクニードル,6.0
2020106641,オウケンデューク,2025/02/14,名古屋,晴,5,C4組,11,6,6,3.0,2.0,2,岡部誠,56.0,ダ,1500.0,良,97.2,0.1,3-3-2,39.7,426,-10,ワイドステラ,17.5
2020106641,オウケンデューク,2025/01/31,名古屋,曇,10,竹島海岸特別(C),11,8,10,3.7,2.0,5,岡部誠,56.0,ダ,1400.0,良,90.3,0.2,5-4-6,38.7,436,1,オイデメセ,7.5
2020106641,オウケンデューク,2025/01/17,名古屋,晴,7,C10組,10,8,10,1.3,1.0,1,岡部誠,56.0,ダ,1500.0,良,97.8,-0.5,2-2-2,38.4,435,-5,(アトミックナンバー),50.0
2020106641,オウケンデューク,2024/12/24,金沢,雨,3,C27,8,6,6,1.2,1.0,1,柴田勇真,56.0,ダ,1400.0,不,90.8,-1.3,2-2-1-1,39.6,440,0,(マイヴェリテ),40.0
2020106641,オウケンデューク,2024/12/10,金沢,曇,8,淳之介・舞結婚式記念(C2特別),10,7,8,8.2,5.0,3,柴田勇真,56.0,ダ,1400.0,重,89.8,0.6,5-5-7-5,37.7,440,1,キングプロフィット,6.4
2020106641,オウケンデューク,2024/11/24,金沢,曇,7,C211,9,7,7,1.3,1.0,1,柴田勇真,56.0,ダ,1400.0,不,89.9,-0.6,3-2-1-1,38.9,439,0,(アルマジャック),40.0
2020106641,オウケンデューク,2024/11/10,金沢,晴,6,能登半島地震復興応援(C2),8,3,3,4.6,2.0,2,柴田勇真,56.0,ダ,1500.0,良,96.3,0.1,1-2-2-2,39.9,439,2,ベルウッドボヌール,12.8
2020106641,オウケンデューク,2024/10/29,金沢,曇,6,YJSトライアルラウ(C2),12,8,12,2.5,1.0,2,高杉吏麒,56.0,ダ,1400.0,重,90.7,0.2,1-1-1-1,39.8,437,4,メイショウメイボク,19.2
2020106641,オウケンデューク,2024/10/13,金沢,晴,2,ささやかな祈り記念(C2),10,8,10,42.5,6.0,2,柴田勇真,56.0,ダ,1400.0,良,90.9,0.9,5-5-3-3,39.8,433,13,ジュネスヒマリ,12.8
2020106641,オウケンデューク,2024/08/31,3新潟7,曇,1,障害3歳以上未勝利,10,8,10,122.6,9.0,9,坂口智康,57.0,障,2850.0,良,206.5,20.6,10-10-10-10,14.5,420,-36,トランシルヴァニア,
2020106641,オウケンデューク,2023/12/17,5中山6,晴,4,障害3歳以上未勝利,13,1,1,135.8,12.0,中,石神深一,58.0,障,2880.0,良,,,,,456,26,エンデュミオン,
2020106641,オウケンデューク,2023/05/21,1新潟8,晴,5,3歳未勝利,15,1,1,291.7,14.0,14,小林凌大,54.0,芝,2000.0,良,126.8,1.9,9-11-12-12,36.6,430,2,シルバープリペット,
2020106641,オウケンデューク,2023/04/30,1新潟2,曇,5,3歳未勝利,13,5,6,72.9,10.0,11,丸山元気,56.0,芝,2400.0,重,155.4,2.2,2-4-3-4,38.7,428,-2,ディープマインド,
2020106641,オウケンデューク,2023/04/08,1福島1,曇,7,3歳未勝利,16,5,9,96.7,14.0,11,丸山元気,56.0,芝,2600.0,良,163.2,1.1,14-15-16-14,36.9,430,-14,レッドヴァジュラ,
2020106641,オウケンデューク,2023/02/04,1東京3,晴,6,3歳新馬,16,3,5,81.5,12.0,14,丸田恭介,56.0,芝,1800.0,良,111.1,2.0,14-14-14,34.4,444,0,ラッジオ,
2021107309,フォースゲイト,2026/07/08,川崎,晴,10,要潤さん川崎競馬公式(B2),9,6,6,33.9,8.0,5,西啓太,56.0,ダ,1400.0,稍,91.4,1.3,2-2-1-1,41.3,448,-5,レグノ,28.0
2021107309,フォースゲイト,2026/06/17,川崎,晴,10,梅雨明かり特別(B2),8,7,7,50.8,7.0,4,西啓太,56.0,ダ,1600.0,稍,104.5,1.1,2-2-1-1,40.4,453,-1,ビップソリオ,42.0
2021107309,フォースゲイト,2026/05/11,川崎,晴,11,草笛特別(B2),14,2,2,39.1,9.0,7,西啓太,56.0,ダ,1500.0,良,96.0,0.9,9-8-9-7,39.2,454,-5,マロンシャンテリー,
2021107309,フォースゲイト,2026/04/08,川崎,晴,10,川崎記念3連覇ホッコ(B2B3),14,6,10,8.5,3.0,7,笹川翼,57.0,ダ,1500.0,稍,98.5,1.6,8-8-8-8,40.2,459,0,モネ,
2021107309,フォースゲイト,2026/03/04,川崎,曇,10,萌え野特別(B2),9,6,6,3.6,2.0,6,笹川翼,56.0,ダ,1500.0,不,96.8,1.0,7-6-6-5,40.0,459,-1,ミスマルゴー,
2021107309,フォースゲイト,2026/02/04,川崎,晴,9,雪化粧特別(B3),14,2,2,2.5,1.0,1,笹川翼,56.0,ダ,1500.0,良,97.6,-0.1,8-7-7-4,40.2,460,8,(ロアリングフレイム),240.0
2021107309,フォースゲイト,2025/08/22,川崎,晴,11,やまなみ五湖「丹沢湖(B2B3),8,5,5,11.7,5.0,3,山崎誠士,55.0,ダ,1500.0,良,96.6,0.5,6-6-5-3,39.1,452,1,オリコウデレガンス,67.5
2021107309,フォースゲイト,2025/08/04,川崎,晴,12,星河一天特別(B3),12,7,9,2.2,1.0,4,笹川翼,56.0,ダ,1500.0,良,97.5,0.4,2-2-1-1,40.5,451,-3,モネ,36.0
2021107309,フォースゲイト,2025/07/07,川崎,晴,10,七夕特別(B3),9,4,4,4.7,3.0,2,笹川翼,56.0,ダ,1600.0,良,106.1,0.2,1-1-1-1,39.4,454,2,レグノ,96.0
2021107309,フォースゲイト,2025/03/06,川崎,曇,9,大和撫子特別(B3),12,3,3,3.6,1.0,5,山本聡哉,56.0,ダ,1600.0,不,106.0,1.0,3-4-5-4,40.1,452,-3,ヴィブエアー,24.0
2021107309,フォースゲイト,2025/02/06,川崎,晴,10,ええ町やなぁ愛川70(B3),13,4,6,18.1,8.0,1,山本聡哉,56.0,ダ,1600.0,良,104.5,-0.2,7-7-8-6,40.6,455,-2,(シゲルオトコギ),240.0
2021107309,フォースゲイト,2025/01/04,川崎,晴,8,昆布巻賞(C1二),11,6,6,3.1,2.0,1,山崎誠士,56.0,ダ,1400.0,良,92.2,-0.1,1-1-1-1,39.9,457,-1,(ナイスカプチーノ),180.0
2021107309,フォースゲイト,2024/12/10,川崎,晴,9,やまなし畜産賞(C1),12,3,3,4.6,3.0,4,山崎誠士,56.0,ダ,1400.0,良,92.8,0.6,3-4-5-3,39.6,458,14,ツカサレヴズ,18.0
2021107309,フォースゲイト,2024/09/06,川崎,晴,3,啄木鳥特別(3歳),11,5,5,2.2,1.0,2,山崎誠士,56.0,ダ,1500.0,稍,98.8,0.5,2-2-1-1,41.2,444,-5,アスタラビスタ,80.0
2021107309,フォースゲイト,2024/08/06,川崎,曇,4,笹五位特別(3歳),14,7,12,1.3,1.0,2,山崎誠士,56.0,ダ,1500.0,良,99.3,0.2,2-2-1-1,40.8,449,4,ファイナルハート,64.0
2021107309,フォースゲイト,2024/07/24,川崎,晴,2,オーブ賞(3歳),10,8,10,1.4,1.0,1,山崎誠士,56.0,ダ,1400.0,稍,92.2,-0.6,1-1-1-1,39.2,445,-3,(アスタラビスタ),140.0
2021107309,フォースゲイト,2024/06/14,川崎,晴,1,未受賞未出走(3歳),6,4,4,1.2,1.0,1,山崎誠士,56.0,ダ,1400.0,良,92.4,-1.3,1-1-1-1,39.1,448,0,(ラストデュエル),160.0
2021107281,サザンカ,2026/07/08,川崎,晴,10,要潤さん川崎競馬公式(B2),9,5,5,63.3,9.0,7,増田充宏,54.0,ダ,1400.0,稍,93.7,3.6,5-7-9-7,42.6,494,-3,レグノ,
2021107281,サザンカ,2026/06/19,川崎,曇,11,短夜特別(B1B2),11,7,9,121.0,11.0,9,増田充宏,53.0,ダ,1500.0,重,100.9,5.1,4-6-7-10,45.5,497,7,シャンパンファイト,
2021107281,サザンカ,2026/02/05,川崎,晴,11,湘南オリーブオイル杯(B2),12,7,9,5.7,3.0,10,町田直希,54.0,ダ,1400.0,良,92.1,1.9,7-10-9-12,40.2,490,9,サウンドバッハ,
2021107281,サザンカ,2025/12/11,船橋,晴,11,クイーンズオーディシ(A2),10,3,3,15.3,7.0,8,小野楓馬,52.0,ダ,1600.0,良,104.7,2.1,5-6-6-9,41.0,481,-8,ウィルシャイン,
2021107281,サザンカ,2025/11/17,川崎,晴,10,時雨空特別(B2),11,5,6,2.3,1.0,1,山崎誠士,54.0,ダ,1400.0,良,90.2,-0.4,2-2-2-2,38.8,489,-10,(ラジエーション),270.0
2021107281,サザンカ,2025/10/14,川崎,曇,10,大磯まつり2025記(B2B3),14,4,6,7.7,4.0,3,山崎誠士,53.0,ダ,1500.0,良,96.5,0.5,6-5-5-4,40.0,499,19,スノーシュー,67.5
2021107281,サザンカ,2025/08/03,1札幌4,晴,9,3歳以上2勝クラス,10,8,9,74.4,9.0,7,橋木太希,53.0,ダ,1000.0,良,59.9,1.3,3-4,36.7,480,4,メイショウキルギス,
2021107281,サザンカ,2025/07/13,1函館10,晴,10,噴火湾特別(2勝クラス),12,3,3,27.9,10.0,12,古川奈穂,56.0,ダ,1000.0,良,60.3,1.4,4-6,37.1,476,2,テイエムタリスマ,
2021107281,サザンカ,2025/04/12,1福島1,晴,10,喜多方特別(2勝クラス),16,2,4,136.9,16.0,10,田口貫太,56.0,ダ,1150.0,良,69.4,0.8,16-15,36.7,474,2,ブレーザー,
2021107281,サザンカ,2024/10/06,5京都2,晴,12,3歳以上2勝クラス,15,6,11,55.5,10.0,15,角田大和,55.0,ダ,1200.0,良,74.9,3.3,6-8,39.4,472,2,ドンレパルス,
2021107281,サザンカ,2024/08/11,2札幌2,晴,9,桑園特別(2勝クラス),12,4,4,13.8,7.0,7,斎藤新,54.0,ダ,1000.0,良,60.3,1.6,8-8,36.8,470,4,ガビーズシスター,
2021107281,サザンカ,2024/06/22,1函館5,曇,8,3歳以上1勝クラス,12,3,3,2.2,1.0,1,角田大河,52.0,ダ,1000.0,良,59.1,0.0,1-1,36.0,466,0,(フーコサンライズ),800.0
2021107281,サザンカ,2024/06/08,1函館1,晴,3,3歳未勝利,12,1,1,5.4,2.0,1,角田大河,54.0,ダ,1000.0,良,58.7,-0.4,2-2,35.6,466,2,(ノブノリッキー),550.0
2021107281,サザンカ,2024/04/14,2阪神8,晴,1,3歳未勝利,16,4,8,5.2,2.0,11,角田大河,54.0,ダ,1200.0,良,74.6,1.2,3-3,39.4,464,-4,エブライト,
2021107281,サザンカ,2024/03/23,2阪神1,雨,1,3歳未勝利,16,3,5,7.4,3.0,2,幸英明,55.0,ダ,1200.0,重,72.5,0.3,3-3,37.1,468,-6,プリンセスカレン,220.0
2021107281,サザンカ,2024/02/17,2京都7,曇,1,3歳未勝利,15,6,11,12.8,4.0,7,ルメート,55.0,ダ,1200.0,稍,73.6,1.6,3-3,38.4,474,-2,プレヴィスト,
2021107281,サザンカ,2024/01/28,2京都2,晴,1,3歳未勝利,15,5,8,55.3,9.0,3,角田大和,54.0,ダ,1200.0,良,73.5,0.6,3-3,38.2,476,2,アスタールテニウム,140.0
2021107281,サザンカ,2023/09/02,3小倉7,曇,2,2歳未勝利,16,7,14,13.0,5.0,12,角田大河,54.0,ダ,1700.0,稍,109.3,3.2,3-3-3-4,42.0,474,2,イーグルノワール,
2021107281,サザンカ,2023/06/17,3阪神5,晴,5,2歳新馬,13,6,8,10.3,5.0,4,角田大河,54.0,ダ,1200.0,良,74.5,1.2,1-1,38.3,472,0,サトノフェニックス,110.0
2022105840,エレファントラン,2026/07/08,川崎,晴,10,要潤さん川崎競馬公式(B2),9,1,1,1.7,1.0,2.0,御神本訓,56.0,ダ,1400.0,稍,90.2,0.1,7-3-4-3,39.9,478.0,-2.0,レグノ,112.0
2022105840,エレファントラン,2026/06/19,川崎,曇,11,短夜特別(B1B2),11,3,3,9.6,5.0,2.0,藤本現暉,55.0,ダ,1500.0,重,96.1,0.3,9-7-4-4,40.9,480.0,0.0,シャンパンファイト,128.0
2022105840,エレファントラン,2026/05/14,川崎,曇,12,早苗月特別(B3二),12,1,1,4.4,2.0,1.0,御神本訓,56.0,ダ,1400.0,良,89.6,-0.3,5-3-4-3,38.9,480.0,-7.0,(エムティワイザー),240.0
2022105840,エレファントラン,2026/02/02,川崎,晴,12,大寒特別(B3),13,4,4,3.9,2.0,5.0,新原周馬,56.0,ダ,1400.0,良,92.0,1.8,10-9-8-8,40.2,487.0,2.0,ミスマルゴー,24.0
2022105840,エレファントラン,2026/01/03,川崎,晴,10,宝船特別(B3),13,6,9,14.9,4.0,3.0,新原周馬,56.0,ダ,1400.0,稍,91.3,1.0,5-5-3-4,40.0,485.0,1.0,スターグリップ,60.0
2022105840,エレファントラン,2025/12/18,川崎,晴,10,雪模様特別(B3),10,1,1,7.8,3.0,2.0,新原周馬,56.0,ダ,1400.0,稍,91.4,0.6,7-6-7-5,38.2,484.0,2.0,スターグリップ,96.0
2022105840,エレファントラン,2025/11/18,川崎,晴,9,初霜特別(B3),14,7,12,16.0,7.0,10.0,山崎誠士,56.0,ダ,1500.0,良,98.0,1.7,3-3-2-3,41.4,482.0,5.0,ランドプラネット,
2022105840,エレファントラン,2025/10/15,川崎,雨,10,源氏山特別(B3),14,6,9,21.1,8.0,6.0,山崎誠士,56.0,ダ,1500.0,重,98.0,0.9,10-10-9-10,39.6,477.0,1.0,ヤプシ,
2022105840,エレファントラン,2025/09/22,浦和,晴,10,夜長月特別(B3),12,7,10,11.7,4.0,10.0,西啓太,55.0,ダ,1500.0,稍,97.6,3.1,10-7-3-4,40.0,476.0,3.0,パイロビーム,
2022105840,エレファントラン,2025/09/11,川崎,雨,9,日和風特別(B3),0,3,3,,,,西啓太,55.0,ダ,1600.0,不,,,,,,,,
2022105840,エレファントラン,2025/08/25,川崎,晴,10,凌霄花特別(B3),13,7,10,14.5,4.0,11.0,山崎誠士,55.0,ダ,1500.0,良,98.2,1.2,10-10-9-9,40.0,473.0,5.0,ビップソリオ,
2022105840,エレファントラン,2025/06/19,川崎,晴,12,見返り美人特別(B3),11,6,6,9.4,4.0,5.0,山崎誠士,54.0,ダ,1400.0,良,91.2,0.6,10-10-10-8,37.9,468.0,0.0,ラジエーション,24.0
2022105840,エレファントラン,2025/05/07,船橋,雨,9,フロックススプリント(3歳),8,1,1,10.6,5.0,4.0,山崎誠士,57.0,ダ,1200.0,重,75.9,0.5,6-7-7,38.8,468.0,-5.0,バンボリーナ,37.5
2022105840,エレファントラン,2025/04/10,川崎,雨,11,ネクストスター東日本(重賞),12,6,8,85.7,10.0,8.0,山崎誠士,56.0,ダ,1400.0,稍,91.0,1.5,11-12-11-10,40.1,473.0,-3.0,ガバナビリティー,
2022105840,エレファントラン,2025/03/19,浦和,雨,11,ネクストスター東日本(重賞),0,4,4,,,,山崎誠士,56.0,ダ,1400.0,不,,,,,,,,
2022105840,エレファントラン,2025/03/05,川崎,雨,11,椿(OP)(3歳),13,6,8,14.5,6.0,4.0,山崎誠士,55.0,ダ,1600.0,不,106.6,1.2,5-6-6-4,40.9,476.0,7.0,ヤギリケハヤ,75.0
2022105840,エレファントラン,2025/02/06,川崎,晴,4,青鵐特別(3歳),14,1,1,2.3,1.0,9.0,山崎誠士,57.0,ダ,1600.0,良,106.4,1.3,7-6-8-6,42.2,469.0,5.0,ハナノウタゲ,
2022105840,エレファントラン,2025/01/04,川崎,晴,7,招福特別(3歳),13,8,14,3.7,2.0,2.0,山崎誠士,57.0,ダ,1500.0,良,98.6,0.2,3-3-3-2,41.1,464.0,6.0,スターグリップ,120.0
2022105840,エレファントラン,2024/12/13,川崎,曇,4,ジングルベル賞(2歳),9,4,4,2.1,1.0,1.0,山崎誠士,55.0,ダ,1500.0,良,98.1,-0.2,1-1-1-1,40.8,458.0,3.0,(チャチャハツゴウ),250.0
2022105840,エレファントラン,2024/11/15,川崎,曇,3,ショウリョウバッタ賞(2歳),10,8,9,2.9,2.0,1.0,山崎誠士,55.0,ダ,1400.0,稍,91.7,-0.6,1-1-1-1,39.5,455.0,-11.0,(クレバス),220.0
2022105840,エレファントラン,2024/08/21,門別,晴,6,スピネル特別(OP)(2歳),8,2,2,11.7,4.0,5.0,宮崎光行,55.0,ダ,1200.0,稍,75.2,1.3,5-6,38.3,466.0,4.0,エターナルウインド,7.0
2022105840,エレファントラン,2024/07/30,門別,晴,8,クリスタル特別(OP)(2歳),8,1,1,42.8,7.0,3.0,宮崎光行,55.0,ダ,1000.0,重,61.5,0.3,5-5,37.2,462.0,-2.0,エターナルウインド,21.0
2022105840,エレファントラン,2024/07/04,門別,晴,1,2歳未勝利(未勝利),11,4,4,6.2,4.0,1.0,石川倭,55.0,ダ,1000.0,稍,62.2,-0.4,4-3,37.7,464.0,-2.0,(クラレーヴ),50.0
2022105840,エレファントラン,2024/06/11,門別,曇,4,JRA認定競走アタッ(未勝利)(2歳),8,3,3,8.7,4.0,4.0,石川倭,55.0,ダ,1000.0,稍,64.0,1.8,2-2,39.9,466.0,4.0,ツバクロ,16.8
2022105840,エレファントラン,2024/05/01,門別,晴,3,JRA認定競走フレッ(新馬)(2歳),8,4,4,4.0,2.0,3.0,岩橋勇二,55.0,ダ,1000.0,良,63.5,1.4,4-5,38.4,462.0,0.0,ウィルオレオール,52.5
2021106805,マイネルディレクト,2026/07/10,川崎,晴,11,うまさ鉄板!菜速あや(B1B2),10,5,5,153.4,10.0,10,岡村裕基,55.0,ダ,900.0,良,55.9,1.6,9-10,37.3,504,-2,マカゼ,
2021106805,マイネルディレクト,2026/06/17,川崎,晴,9,一騎当千賞(B1B2),11,7,10,183.2,9.0,11,岡村裕基,55.0,ダ,900.0,稍,55.9,2.0,11-11,37.3,506,-14,スモークフレイバー,
2021106805,マイネルディレクト,2026/05/01,大井,晴,12,スピカ賞競走(B2),16,2,4,122.1,12.0,15,佐野遥久,56.0,ダ,1200.0,不,76.4,3.1,10-10,39.2,520,9,プレストステラ,
2021106805,マイネルディレクト,2026/03/31,船橋,雨,10,オーケストラダッシュ(B2B3),14,1,1,66.6,11.0,7,矢野貴之,57.0,ダ,1000.0,重,61.9,0.4,8-8,37.7,511,0,ソレア,
2021106805,マイネルディレクト,2026/03/19,浦和,曇,11,埼玉の酪農応援賞特別(B2B3),12,7,9,34.4,9.0,7,丹内祐次,57.0,ダ,800.0,良,48.7,1.0,9-9,35.4,511,8,クリスタライズ,
2021106805,マイネルディレクト,2026/03/05,川崎,晴,10,抜山蓋世賞(B2),10,3,3,58.4,9.0,9,鷹見陸,56.0,ダ,900.0,重,55.9,1.6,9-9,37.7,503,-11,トニープリンス,
2021106805,マイネルディレクト,2026/02/18,大井,晴,12,フェブラリー賞競走(B1B2),13,7,10,350.3,12.0,9,鷹見陸,55.0,ダ,1200.0,良,74.6,2.4,11-11,37.7,514,-3,ブルーヒサシン,
2021106805,マイネルディレクト,2026/01/27,大井,晴,11,ガーネット賞競走(B2),13,4,4,133.4,9.0,9,鷹見陸,56.0,ダ,1200.0,良,75.0,1.4,12-9,37.0,517,-4,サッキーミツグ,
2021106805,マイネルディレクト,2026/01/16,大井,晴,11,睦月賞競走(B1B2),11,7,8,109.0,9.0,8,鷹見陸,55.0,ダ,1200.0,良,74.7,1.6,3-4,38.0,521,2,ブルーヒサシン,
2021106805,マイネルディレクト,2025/12/05,大井,晴,11,スマイルシティ・品川(B2),14,4,6,79.8,9.0,10,本田正重,56.0,ダ,1200.0,良,74.7,1.8,13-12,38.5,519,10,ワールドコネクター,
2021106805,マイネルディレクト,2025/11/14,大井,晴,12,神楽月賞競走(B2),16,3,6,23.8,7.0,12,和田譲治,57.0,ダ,1400.0,稍,88.9,1.8,10-5-6,39.3,509,11,カガヤキテンマ,
2021106805,マイネルディレクト,2025/09/07,4中山2,晴,9,浦安特別(2勝クラス),16,4,8,46.2,8.0,16,菅原明良,58.0,ダ,1200.0,良,86.5,15.4,13-16,50.9,498,-4,モンドプリューム,
2021106805,マイネルディレクト,2025/06/22,3東京6,晴,9,甲州街道特別(2勝クラス),16,5,10,46.0,10.0,14,津村明秀,58.0,ダ,1400.0,良,86.2,2.8,1-1,39.8,502,2,トクシーカイザー,
2021106805,マイネルディレクト,2025/03/16,2中山6,小雨,12,4歳以上2勝クラス,16,5,10,18.1,8.0,8,津村明秀,58.0,ダ,1200.0,不,71.4,0.5,5-3,37.9,500,-4,ショウナンアビアス,
2021106805,マイネルディレクト,2025/01/26,1中山9,晴,8,4歳以上2勝クラス,14,3,4,8.7,5.0,8,三浦皇成,58.0,ダ,1200.0,良,72.1,0.7,2-2,38.6,504,-4,シークレットヴァウ,
2021106805,マイネルディレクト,2024/12/01,5中山2,晴,12,3歳以上2勝クラス,16,8,16,13.7,6.0,11,丹内祐次,57.0,ダ,1200.0,良,72.2,1.4,2-3,38.0,508,4,アメリカンマーチ,
2021106805,マイネルディレクト,2024/09/29,4中山9,曇,6,3歳以上1勝クラス,16,6,11,5.1,3.0,1,横山武史,56.0,ダ,1200.0,良,71.0,-0.3,1-1,37.0,504,4,(チェルシー),800.0
2021106805,マイネルディレクト,2024/09/15,4中山4,晴,7,3歳以上1勝クラス,14,4,6,5.7,2.0,2,横山武史,56.0,ダ,1200.0,良,72.3,0.2,7-6,36.6,500,2,マーシヴィガラス,320.0
2021106805,マイネルディレクト,2024/08/24,3新潟5,晴,12,3歳以上1勝クラス,15,8,15,12.5,5.0,7,横山武史,56.0,ダ,1200.0,良,72.4,1.1,12-11,36.9,498,-2,モリノセピア,
2021106805,マイネルディレクト,2024/04/21,3京都2,小雨,6,3歳1勝クラス,12,8,12,35.1,7.0,11,和田竜二,57.0,ダ,1400.0,良,87.1,2.5,4-5,39.4,500,0,アスクアイルビゼア,
2021106805,マイネルディレクト,2024/03/24,3中山2,曇,6,3歳1勝クラス,15,6,10,5.7,2.0,4,丹内祐次,57.0,ダ,1200.0,良,72.0,0.4,7-7,37.6,500,-2,チュウワキャリア,120.0
2021106805,マイネルディレクト,2024/03/03,2中山4,晴,4,3歳1勝クラス,16,8,15,12.6,6.0,6,Ｍ．デム,57.0,ダ,1200.0,稍,72.4,0.9,7-9,37.9,502,-2,ガビーズシスター,
2021106805,マイネルディレクト,2024/02/10,1東京5,晴,1,3歳未勝利,16,2,4,3.8,2.0,1,横山武史,57.0,ダ,1300.0,稍,78.7,-0.1,3-2,36.9,504,0,(ペイシャニット),550.0
2021106805,マイネルディレクト,2024/01/21,1中山7,雨,1,3歳未勝利,16,1,2,2.2,1.0,3,横山武史,57.0,ダ,1200.0,不,71.4,1.1,6-3,36.9,504,8,ガビーズシスター,140.0
2021106805,マイネルディレクト,2024/01/06,1中山1,晴,1,3歳未勝利,16,4,7,8.4,5.0,2,丹内祐次,57.0,ダ,1200.0,良,72.8,0.2,5-4,38.1,496,6,サンディブロンド,220.0
2021106805,マイネルディレクト,2023/11/12,3福島4,曇,1,2歳未勝利,15,8,14,4.3,2.0,6,丹内祐次,56.0,ダ,1700.0,良,109.9,1.1,2-2-1-1,40.6,490,-2,アルデドゥオーモ,
2021106805,マイネルディレクト,2023/10/28,4新潟5,雨,2,2歳未勝利,14,2,2,3.2,2.0,3,丹内祐次,56.0,ダ,1800.0,稍,116.5,1.1,5-3-3-2,39.7,492,4,バナマンテソーロ,140.0
2021106805,マイネルディレクト,2023/10/07,4東京1,晴,2,2歳未勝利,16,6,11,75.3,9.0,3,丹内祐次,56.0,ダ,1600.0,良,99.7,1.3,2-2,39.7,488,6,アンクエンチャブル,140.0
2021106805,マイネルディレクト,2023/08/20,3新潟4,晴,2,2歳未勝利,9,4,4,58.1,6.0,7,柴田大知,55.0,芝,1800.0,良,109.0,1.8,3-3,36.9,482,0,マイネルブリックス,
2021106805,マイネルディレクト,2023/07/30,2新潟2,晴,5,2歳新馬,9,5,5,114.8,8.0,7,柴田大知,55.0,芝,1800.0,良,109.4,3.0,6-6,36.4,482,0,カンティアーモ,
2020100359,スカイアクロス,2026/04/08,川崎,晴,10,川崎記念3連覇ホッコ(B2B3),14,3,4,14.7,4.0,6,佐野遥久,56.0,ダ,1500.0,稍,98.1,1.2,2-4-3-2,40.3,465,-4,モネ,
2020100359,スカイアクロス,2026/03/06,川崎,曇,11,川崎の名伯楽特(B1B2),13,8,12,44.9,8.0,8,張田昂,55.0,ダ,1600.0,稍,105.3,1.2,3-4-2-5,41.4,469,-2,スターグリップ,
2020100359,スカイアクロス,2026/02/03,川崎,晴,11,ヴィクトリーチャレン(B3),14,8,14,3.0,1.0,1,小牧太,56.0,ダ,1600.0,良,107.2,-0.5,2-2-2-1,39.5,471,2,(ジャスタースパーク),500.0
2020100359,スカイアクロス,2025/09/08,川崎,晴,11,馬産地日高特別(B2B3),14,2,2,13.8,3.0,4,張田昂,57.0,ダ,1500.0,稍,97.4,2.1,13-12-10-10,40.7,469,5,インナースティール,40.5
2020100359,スカイアクロス,2025/08/21,川崎,晴,8,法師蝉特別(B3),7,2,2,2.1,1.0,1,張田昂,56.0,ダ,1600.0,良,104.3,-0.2,2-2-2-1,39.3,464,-6,(オングライドパス),240.0
2020100359,スカイアクロス,2025/08/08,川崎,晴,10,夏紅特別(B3),11,6,6,6.8,4.0,2,張田昂,56.0,ダ,1400.0,良,90.8,0.7,6-6-4-5,39.7,470,-3,オリコウデレガンス,96.0
2020100359,スカイアクロス,2025/07/10,川崎,雨,9,ブラックジャック賞(C1二),14,6,10,9.4,3.0,1,張田昂,56.0,ダ,1500.0,良,97.8,0.0,2-3-3-3,39.5,473,10,(トンボ),180.0
2020100359,スカイアクロス,2024/12/13,川崎,曇,10,湯河原梅林「梅の宴」(B3),14,6,9,10.3,4.0,8,増田充宏,56.0,ダ,1600.0,良,106.2,1.0,2-2-2-3,41.3,463,0,サラサグッドワーク,
2020100359,スカイアクロス,2024/11/14,川崎,曇,10,「ご縁の国しまね」特(B3),11,6,7,38.2,7.0,3,増田充宏,56.0,ダ,1600.0,良,104.8,0.6,5-5-6-5,40.2,463,1,マイケルマキシマス,60.0
2020100359,スカイアクロス,2024/10/10,川崎,曇,12,ちくさんフードフェア(C1二),11,1,1,5.2,2.0,1,増田充宏,56.0,ダ,1400.0,重,93.7,-0.1,4-3-4-4,40.9,462,-3,(ミスターサファリ),180.0
2020100359,スカイアクロス,2024/09/06,川崎,晴,7,軍配賞(C1二),12,8,11,22.6,5.0,5,増田充宏,56.0,ダ,1400.0,良,92.6,0.9,6-6-4-6,40.2,465,11,コールブランド,18.0
2020100359,スカイアクロス,2024/05/09,川崎,曇,7,クラセアルタ賞(C1二),9,6,6,5.8,3.0,5,山崎誠士,56.0,ダ,1500.0,稍,96.3,0.4,8-9-9-7,39.7,454,3,イデアノキセキ,18.0
2020100359,スカイアクロス,2024/04/04,川崎,曇,9,リムジン賞(C1二),12,5,5,5.1,2.0,3,加藤雄真,53.0,ダ,1400.0,重,93.0,1.1,11-9-8-6,41.2,451,-13,マテラガニア,45.0
2020100359,スカイアクロス,2024/02/01,川崎,晴,9,立山賞(C1二),11,8,11,8.2,4.0,3,増田充宏,56.0,ダ,1500.0,良,98.4,0.4,3-3-2-3,42.1,464,19,ナリサ,45.0
2020100359,スカイアクロス,2023/04/05,川崎,曇,11,クラウンC(重賞),13,7,11,79.2,11.0,8,増田充宏,55.0,ダ,1600.0,良,105.9,1.4,11-11-12-10,41.9,445,6,ポリゴンウェイヴ,
2020100359,スカイアクロス,2023/02/28,川崎,晴,11,椿賞(OP)(3歳),13,4,6,13.3,4.0,5,増田充宏,55.0,ダ,1600.0,良,107.4,0.5,7-5-8-4,42.2,439,-6,ハセノゴールド,50.0
2020100359,スカイアクロス,2023/01/30,川崎,晴,6,尉鶲特別(3歳),13,5,6,3.6,1.0,2,増田充宏,56.0,ダ,1500.0,良,98.8,0.4,3-3-1-1,42.4,445,3,ナガタエース,84.0
2020100359,スカイアクロス,2023/01/06,川崎,晴,10,招福特別(3歳),11,7,8,10.4,6.0,1,増田充宏,56.0,ダ,1500.0,良,98.8,-0.3,2-2-2-1,40.1,442,-2,(ネロディセッピア),250.0
2020100359,スカイアクロス,2022/12/12,川崎,晴,3,スパイダー特別(2歳),13,4,5,5.0,3.0,2,増田充宏,55.0,ダ,1500.0,稍,99.5,0.6,5-3-5-3,42.2,444,11,エオリエンヌ,88.0
2020100359,スカイアクロス,2022/08/03,川崎,晴,3,シャイニングヒーロー(2歳),8,7,7,79.1,8.0,3,増田充宏,54.0,ダ,1400.0,良,91.6,0.7,1-1-1-2,39.8,433,3,ヒーローコール,75.0
2020100359,スカイアクロス,2022/07/05,川崎,雨,4,シャイニングスター賞(2歳),10,5,5,15.2,6.0,5,増田充宏,54.0,ダ,1400.0,良,93.6,2.6,6-5-3-4,41.9,430,3,ヒーローコール,30.0
2020100359,スカイアクロス,2022/06/17,川崎,曇,2,スパーキングデビュー(2歳),8,4,4,23.7,6.0,2,増田充宏,54.0,ダ,1400.0,稍,93.4,0.6,5-6-3-3,42.0,427,0,エスプリダーコ,108.0
2021102024,ドウザンワン,2026/07/06,川崎,雨,10,半夏生特別(B3二),11,6,7,6.6,3.0,1,佐野遥久,56.0,ダ,1600.0,重,105.8,0.0,6-5-6-5,40.2,455,0,(ロックシュガー),240.0
2021102024,ドウザンワン,2026/06/16,川崎,晴,9,見返り美人特別(B3二),14,1,1,5.7,3.0,1,佐野遥久,56.0,ダ,1600.0,稍,104.8,-0.1,9-9-9-6,40.1,455,-1,(ジーティーカイソク),240.0
2021102024,ドウザンワン,2026/05/27,浦和,曇,10,菖蒲月特別(B3),12,3,3,5.9,3.0,3,佐野遥久,56.0,ダ,1500.0,良,96.9,0.1,10-10-7-4,37.9,456,0,アラビアンレイン,75.0
2021102024,ドウザンワン,2026/05/12,川崎,晴,9,クラセアルタ賞(C1),8,5,5,7.9,4.0,1,新原周馬,56.0,ダ,1500.0,良,97.0,-0.6,4-4-3-3,38.8,456,8,(メイショウマチルダ),180.0
2021102024,ドウザンワン,2025/07/10,川崎,雨,9,ブラックジャック賞(C1二),14,5,7,22.2,6.0,6,増田充宏,56.0,ダ,1500.0,良,98.9,1.1,6-6-9-6,40.4,448,-2,スカイアクロス,
2021102024,ドウザンワン,2025/06/19,川崎,晴,9,スフィーダ賞(C1二),13,5,7,8.9,5.0,2,増田充宏,56.0,ダ,1500.0,良,98.5,0.8,12-11-10-6,39.6,450,-5,ポップコーン,72.0
2021102024,ドウザンワン,2025/05/30,浦和,雨,9,月見草特別(C1),12,7,9,86.1,11.0,6,増田充宏,56.0,ダ,1500.0,不,94.2,2.1,12-12-12-11,37.7,455,3,ロックシティボーイ,
2021102024,ドウザンワン,2025/05/15,川崎,晴,9,クラセアルタ賞(C1二),10,1,1,75.0,8.0,3,新原周馬,56.0,ダ,1500.0,稍,98.8,0.6,6-6-7-6,39.0,452,-7,カセノラオー,45.0
2021102024,ドウザンワン,2025/04/10,川崎,曇,8,ミリオネア賞(C1二),12,3,3,75.2,10.0,12,増田充宏,56.0,ダ,1400.0,稍,94.4,2.7,10-11-11-12,41.2,459,24,タイセイアーメット,
2021102024,ドウザンワン,2024/05/28,船橋,雨,6,手賀沼特別(3歳),11,2,2,37.1,7.0,11,増田充宏,57.0,ダ,1600.0,不,107.8,4.8,10-10-11-11,42.9,435,-10,ケンタッキースカイ,
2021102024,ドウザンワン,2024/05/06,川崎,曇,6,不如帰特別(3歳),12,2,2,54.0,10.0,2,増田充宏,57.0,ダ,1600.0,良,106.4,0.3,6-6-6-5,39.6,445,-1,スノーシュー,120.0
2021102024,ドウザンワン,2024/04/05,川崎,曇,5,鶯特別(3歳),10,5,5,7.8,5.0,8,増田充宏,57.0,ダ,1600.0,重,107.5,2.1,6-7-6-8,42.1,446,-2,コルベット,
2021102024,ドウザンワン,2024/03/15,川崎,晴,5,雲雀賞(3歳),13,6,10,6.0,4.0,1,増田充宏,56.0,ダ,1500.0,稍,99.8,-0.8,6-5-4-4,40.0,448,7,(グレートノイズ),250.0
2021102024,ドウザンワン,2024/01/01,川崎,晴,11,初夢賞(3歳),9,2,2,15.9,4.0,5,増田充宏,56.0,ダ,1600.0,良,108.6,1.9,6-5-7-6,40.4,441,2,ツキシロ,50.0
2021102024,ドウザンワン,2023/11/10,川崎,雨,6,オオカマキリ賞(2歳),14,7,11,7.4,4.0,2,増田充宏,55.0,ダ,1500.0,良,100.1,0.9,12-9-8-4,42.3,439,-6,スノーシュー,100.0
2021102024,ドウザンワン,2023/10/13,川崎,晴,2,スパーキングデビュー(2歳),7,3,3,6.9,4.0,1,増田充宏,55.0,ダ,1400.0,良,94.1,-0.5,7-7-6-5,39.8,445,0,(ナイスカプチーノ),370.0
2019101665,ボニーマジェスティ,2026/07/09,川崎,晴,10,江戸切子特別(B3二),11,3,3,57.9,9.0,2,櫻井光輔,56.0,ダ,1400.0,良,91.0,0.2,5-5-5-4,40.0,505,2,ラムテリオス,96.0
2019101665,ボニーマジェスティ,2026/06/19,川崎,曇,10,千軍万馬賞(B2B3),11,5,5,27.2,6.0,10,新原周馬,57.0,ダ,900.0,重,56.9,2.7,10-10,37.4,503,2,グランドフロイデ,
2019101665,ボニーマジェスティ,2026/05/29,浦和,晴,11,橘月特別(B2B3),10,7,9,10.3,3.0,7,町田直希,57.0,ダ,1500.0,良,97.4,1.1,3-2-2-5,40.5,501,-1,ストイックノア,
2019101665,ボニーマジェスティ,2026/05/11,川崎,晴,11,草笛特別(B2),14,7,12,16.2,8.0,13,町田直希,56.0,ダ,1500.0,良,97.5,2.4,7-8-11-14,40.5,502,0,マロンシャンテリー,
2019101665,ボニーマジェスティ,2026/03/10,大井,曇,6,B2五,6,2,2,6.5,3.0,4,吉原寛人,56.0,ダ,1400.0,稍,88.4,0.8,4-4-4,37.4,502,-4,アベニンスマイル,48.0
2019101665,ボニーマジェスティ,2026/02/16,大井,晴,8,ダイヤモンドダスト賞(B2),13,4,5,97.3,9.0,6,藤田凌,56.0,ダ,1600.0,良,102.7,1.9,6-5-5-5,39.8,506,-8,ミクニサンビーム,
2019101665,ボニーマジェスティ,2026/01/26,大井,晴,12,白富士賞競走(B2B3),15,6,10,38.4,9.0,12,御神本訓,57.0,ダ,1800.0,良,117.4,1.7,3-3-2-3,41.0,514,17,ブルマリンシェール,
2019101665,ボニーマジェスティ,2025/08/11,大井,曇,8,鐙坂賞競走(B3),8,2,2,2.6,2.0,1,御神本訓,56.0,ダ,1600.0,不,101.0,-0.5,1-1-1-1,38.4,497,1,(アレスエルピーダ),380.0
2019101665,ボニーマジェスティ,2025/07/17,大井,晴,12,南部坂賞競走(B3),9,8,8,3.6,2.0,3,吉原寛人,56.0,ダ,1650.0,重,105.3,0.3,5-5-5-4,39.9,496,-6,シャドウルパン,95.0
2019101665,ボニーマジェスティ,2025/07/01,大井,曇,7,B2三,11,8,10,14.3,5.0,10,御神本訓,56.0,ダ,1400.0,良,88.2,2.5,5-5-5,39.3,502,2,ケテンドリーム,
2019101665,ボニーマジェスティ,2025/03/25,大井,晴,6,虎ノ門賞競走(B2B3),11,3,3,3.6,1.0,7,吉原寛人,57.0,ダ,1600.0,良,102.8,1.0,5-5-6-6,39.2,500,-5,エスケンドリーム,
2019101665,ボニーマジェスティ,2025/03/14,大井,晴,12,御組坂賞競走(B3),11,7,9,4.4,2.0,2,吉原寛人,56.0,ダ,1400.0,稍,88.1,0.7,4-3-4,38.1,505,4,シャープムスタング,152.0
2019101665,ボニーマジェスティ,2025/02/19,大井,晴,10,日向坂賞競走(B3),14,1,1,7.3,4.0,1,吉原寛人,56.0,ダ,1600.0,良,103.0,-0.7,4-4-4-4,39.6,501,-4,(パレルモ),380.0
2019101665,ボニーマジェスティ,2024/10/15,大井,晴,9,B3四,11,3,3,5.6,3.0,3,森泰斗,56.0,ダ,1400.0,良,88.5,0.4,1-1-1,38.1,505,-10,プレストステラ,70.0
2019101665,ボニーマジェスティ,2024/10/02,大井,晴,12,日吉坂賞競走(B3),10,4,4,5.9,4.0,6,吉原寛人,56.0,ダ,1400.0,良,87.9,0.9,3-4-4,39.0,515,3,ジェットスピード,
2019101665,ボニーマジェスティ,2024/09/11,大井,晴,12,宮益坂賞競走(B3),13,8,13,9.0,6.0,4,吉原寛人,56.0,ダ,1600.0,良,103.5,0.6,3-3-1-1,39.9,512,6,ヤクモ,57.0
2019101665,ボニーマジェスティ,2024/05/15,大井,雨,10,紀伊国坂賞競走(B3),14,6,10,2.9,1.0,5,吉原寛人,56.0,ダ,1400.0,重,88.8,1.3,5-7-9,39.1,506,1,ダイコクテン,38.0
2019101665,ボニーマジェスティ,2024/04/10,大井,晴,12,山王坂賞競走(B3),14,7,12,3.6,2.0,1,吉原寛人,56.0,ダ,1400.0,重,88.9,0.0,4-3-3,38.5,505,2,(サヨノトレイダー),380.0
2019101665,ボニーマジェスティ,2024/03/19,大井,曇,8,レッド・アイ賞(C1),14,6,10,3.0,1.0,2,森泰斗,56.0,ダ,1600.0,良,104.0,0.4,2-2-2-2,39.7,503,-1,リュウノファウラー,48.0
2019101665,ボニーマジェスティ,2024/02/27,大井,晴,8,C1二三四(C1三),14,8,13,3.1,2.0,2,森泰斗,56.0,ダ,1400.0,重,90.8,0.3,6-5-5,39.6,504,-2,ラッシュワン,48.0
2019101665,ボニーマジェスティ,2024/02/14,大井,晴,8,C1二三四(C1三),14,3,4,2.7,1.0,2,森泰斗,56.0,ダ,1400.0,良,89.2,0.0,3-2-2,39.5,506,2,リュウノファウラー,48.0
2019101665,ボニーマジェスティ,2024/01/25,大井,晴,8,C1二三四(C1三),14,6,10,4.6,2.0,2,森泰斗,56.0,ダ,1600.0,稍,103.6,0.2,2-2-2-2,41.4,504,-4,ジャスティンパワー,48.0
2019101665,ボニーマジェスティ,2023/12/31,大井,晴,7,C1二三四(C1三),14,3,3,3.7,2.0,2,落合玄太,56.0,ダ,1600.0,良,105.3,0.1,1-2-3-3,41.4,508,0,ヴァランセカズマ,48.0
2019101665,ボニーマジェスティ,2023/12/08,大井,晴,7,ハタチの龍馬賞(C1四),14,6,10,10.7,5.0,2,落合玄太,56.0,ダ,1600.0,良,103.2,0.2,2-2-2-2,39.8,508,8,リコールガー,48.0
2019101665,ボニーマジェスティ,2023/07/14,大井,曇,8,アカプルコ賞(C1三),11,4,4,3.7,2.0,8,笹川翼,56.0,ダ,1600.0,良,103.7,2.2,2-1-1-1,41.9,500,1,パルガン,
2019101665,ボニーマジェスティ,2023/06/26,大井,曇,12,オフト後楽園賞競走(B3),14,6,10,12.1,5.0,8,笹川翼,56.0,ダ,1600.0,良,101.7,2.3,5-6-4-4,40.1,499,6,シュアゲイト,
2019101665,ボニーマジェスティ,2023/03/08,大井,晴,9,B3五,13,7,10,3.3,1.0,6,笹川翼,56.0,ダ,1600.0,良,102.3,1.6,4-4-2-2,39.9,493,0,ゴーザフォス,
2019101665,ボニーマジェスティ,2023/02/24,大井,曇,8,C1三四,14,8,13,2.3,1.0,2,笹川翼,56.0,ダ,1600.0,良,102.2,0.5,3-3-3-3,39.1,493,-2,アトランティス,48.0
2019101665,ボニーマジェスティ,2023/01/23,大井,曇,9,C1一,16,2,4,1.6,1.0,3,笹川翼,56.0,ダ,1800.0,良,116.5,0.6,2-2-2-2,39.3,495,1,ダイキチホマレ,30.0
2019101665,ボニーマジェスティ,2022/10/06,門別,曇,12,あっさぶメークイン特(A4),9,3,3,3.7,2.0,1,小野楓馬,57.0,ダ,1800.0,稍,115.5,-0.2,2-2-2-1,39.0,494,4,(クラウォー),70.0
2019101665,ボニーマジェスティ,2022/08/16,門別,曇,12,王冠賞〔H2〕(重賞),12,5,5,7.2,3.0,7,岩橋勇二,56.0,ダ,1800.0,不,115.4,4.0,5-5-4-4,41.3,490,0,エンリル,
2019101665,ボニーマジェスティ,2022/07/28,門別,晴,10,ひがしかぐら花まつり(B2),9,8,8,2.2,1.0,1,岩橋勇二,56.0,ダ,1800.0,良,115.3,-0.2,2-2-2-1,38.7,490,-6,(スティールキング),60.0
2019101665,ボニーマジェスティ,2022/06/16,門別,曇,11,北海優駿〔H1〕(重賞),10,8,10,47.8,7.0,2,岩橋勇二,56.0,ダ,2000.0,不,127.1,0.3,4-3-3-2,38.6,496,-4,シルトプレ,280.0
2019101665,ボニーマジェスティ,2022/05/25,門別,晴,11,タリスマニック賞(C1),8,5,5,4.7,3.0,3,岩橋勇二,56.0,ダ,1700.0,良,112.3,0.2,2-2-2-1,40.0,500,0,ジャポニズム,9.5
2019101665,ボニーマジェスティ,2022/04/27,門別,晴,9,清和月特別(3歳),9,6,6,1.6,1.0,1,岩橋勇二,55.0,ダ,1200.0,良,76.1,-0.2,5-5,38.8,500,-2,(ディーズエンバシラ),150.0
2019101665,ボニーマジェスティ,2022/04/14,門別,曇,6,3歳条件4ー2,12,8,12,6.7,3.0,1,岩橋勇二,56.0,ダ,1200.0,良,76.5,-0.3,6-5,38.4,502,4,(カイトキング),60.0
2019101665,ボニーマジェスティ,2022/01/30,1東京2,曇,6,3歳新馬,16,8,16,287.0,16.0,16,江田照男,56.0,芝,1800.0,良,113.9,4.8,14-15-16,37.1,498,0,カナテープ,
2022106934,バックビート,2026/07/08,川崎,晴,10,要潤さん川崎競馬公式(B2),9,2,2,7.6,3.0,8,中山遥人,55.0,ダ,1400.0,稍,94.0,3.9,2-3-8-8,43.1,495,1,レグノ,
2022106934,バックビート,2026/06/18,川崎,曇,12,末摘花特別(B3二),12,1,1,3.3,1.0,1,中山遥人,55.0,ダ,1400.0,重,90.5,-0.2,2-2-2-2,39.9,494,2,(ナリノエンブレム),240.0
2022106934,バックビート,2026/05/14,川崎,曇,12,早苗月特別(B3二),12,6,8,7.6,5.0,3,中山遥人,55.0,ダ,1400.0,良,90.1,0.5,2-2-1-2,39.6,492,1,エレファントラン,60.0
2022106934,バックビート,2026/05/04,船橋,曇,8,牡牛座スプリント(B3),12,7,10,13.8,5.0,3,中山遥人,55.0,ダ,1200.0,稍,76.0,0.3,1-1-1,38.6,491,4,アルヴァレス,67.5
2022106934,バックビート,2026/04/09,川崎,晴,12,若草特別(B3三),12,2,2,49.9,9.0,2,中山遥人,55.0,ダ,1400.0,稍,91.0,0.2,1-1-1-1,40.4,487,-4,ダンデライオン,96.0
2022106934,バックビート,2026/03/20,浦和,曇,10,浦和競馬×netke(B3),9,7,7,8.9,4.0,8,佐野遥久,55.0,ダ,1400.0,稍,92.5,2.6,2-2-6-8,40.0,491,-10,ベストフィールド,
2022106934,バックビート,2026/03/04,川崎,曇,4,西洋躑躅賞(C1),11,7,8,2.4,1.0,2,佐野遥久,55.0,ダ,1400.0,不,92.4,0.5,1-1-1-1,41.4,501,1,ナートゥ,48.0
2022106934,バックビート,2026/02/03,川崎,晴,12,王者の眼差し賞(C1),12,5,6,3.2,2.0,6,佐野遥久,55.0,ダ,1400.0,良,93.3,0.8,1-3-3-3,41.9,500,10,ハーモニーレグルス,
2022106934,バックビート,2025/10/16,川崎,曇,9,かわさきジャズBRI(C1二),12,8,11,9.3,3.0,3,佐野遥久,55.0,ダ,1400.0,重,91.9,0.8,3-3-3-4,40.6,490,8,ポッドソル,45.0
2022106934,バックビート,2025/09/26,浦和,晴,10,曼珠沙華特別(C1),13,7,11,21.2,6.0,3,佐野遥久,54.0,ダ,1400.0,良,88.5,0.3,2-2-2-2,37.7,482,-4,ココモローズ,45.0
2022106934,バックビート,2025/09/12,川崎,曇,7,旗印賞(C1二),11,4,4,6.3,4.0,4,佐野遥久,54.0,ダ,1400.0,重,94.0,0.9,1-1-1-1,41.1,486,6,ラムテリオス,27.0
2022106934,バックビート,2025/08/25,川崎,晴,8,C1三四五(C1四),7,8,8,16.3,4.0,2,佐野遥久,54.0,ダ,1400.0,良,91.6,1.0,1-1-2-1,40.2,480,-7,ダンデライオン,48.0
2022106934,バックビート,2025/08/08,川崎,晴,12,納涼賞(C1),10,7,7,9.9,5.0,4,佐野遥久,54.0,ダ,1400.0,良,92.1,0.4,1-1-1-1,40.9,487,6,ノッテストラータ,18.0
2022106934,バックビート,2025/07/11,川崎,曇,9,技と心で駆け抜けろ!(C1),11,5,5,24.2,6.0,4,佐野遥久,54.0,ダ,1400.0,重,92.9,0.7,1-1-1-1,42.1,481,4,ミステリオ,18.0
2022106934,バックビート,2025/06/18,川崎,晴,6,青葉木菟特別(3歳),14,8,13,34.3,8.0,7,佐野遥久,55.0,ダ,1500.0,良,98.6,2.3,1-1-1-2,43.3,477,3,チャチャハツゴウ,
2022106934,バックビート,2025/05/13,川崎,晴,3,大瑠璃賞(3歳),12,4,4,20.6,8.0,5,佐野遥久,55.0,ダ,1500.0,重,100.2,1.1,1-1-1-1,43.9,474,4,アドルナティック,25.0
2022106934,バックビート,2025/04/08,川崎,晴,7,エイプリルフラワー賞(3歳),12,5,5,21.3,6.0,8,佐野遥久,55.0,ダ,1400.0,稍,94.2,2.8,1-1-1-1,43.0,470,4,レインボーラッキー,
2022106934,バックビート,2025/03/21,浦和,晴,6,若草特別(3歳),12,4,4,66.8,8.0,9,山崎誠士,56.0,ダ,1500.0,重,98.8,2.2,7-7-10-10,40.7,466,-11,ミーヴァトン,
2022106934,バックビート,2025/03/07,川崎,晴,3,シュトゥルムヴィント(3歳),12,6,8,11.2,4.0,5,山崎誠士,56.0,ダ,900.0,重,55.9,1.3,3-4,38.2,477,8,カンノンミカヅキ,25.0
2022106934,バックビート,2025/02/04,川崎,晴,7,フェブラリーフラワー(3歳),14,4,5,29.4,7.0,13,今野忠成,56.0,ダ,1500.0,稍,101.0,3.4,1-1-4-2,44.5,469,-3,ジャスパーノベル,
2022106934,バックビート,2024/11/13,川崎,晴,6,シャイニングジュニア(2歳),5,4,4,2.5,2.0,4,山崎誠士,55.0,ダ,1600.0,良,108.3,1.0,1-1-1-1,39.9,472,4,セレニアサミット,52.5
2022106934,バックビート,2024/10/24,浦和,曇,7,新鋭特別(2歳),8,7,7,10.5,5.0,6,山崎誠士,55.0,ダ,1500.0,良,100.4,2.3,6-5-6-6,42.2,468,6,プレミアムハンド,
2022106934,バックビート,2024/09/05,川崎,晴,4,シャイニングトレジャ(2歳),7,2,2,3.5,2.0,5,山崎誠士,54.0,ダ,1500.0,稍,99.7,1.1,1-1-1-1,43.0,462,-3,モンゲーキララ,35.0
2022106934,バックビート,2024/07/24,川崎,晴,3,オオムラサキ特別(2歳),13,7,10,1.6,1.0,1,山崎誠士,54.0,ダ,1400.0,良,93.3,-0.5,1-1-1-1,40.4,465,3,(レッドサラマンダー),250.0
2022106934,バックビート,2024/07/04,川崎,晴,5,スパーキングデビュー(2歳),6,3,3,1.8,1.0,2,山崎誠士,54.0,ダ,1400.0,稍,93.9,0.3,4-4-3-3,39.9,462,0,ピーエムナナ,168.0
2019105730,ソウルストライク,2025/12/18,川崎,晴,11,湯河原梅林「梅の宴」(B1B2),11,7,10,3.8,3.0,2,野畑凌,55.0,ダ,1500.0,稍,96.1,0.5,2-3-2-2,40.0,535,4,ラティサワー,120.0
2019105730,ソウルストライク,2025/11/21,川崎,晴,11,秦野市市制施行70周(B1B2),10,2,2,18.1,6.0,2,野畑凌,55.0,ダ,1500.0,良,95.6,0.3,1-1-1-1,39.7,531,1,スノーシュー,120.0
2019105730,ソウルストライク,2025/10/16,川崎,曇,10,かわさきジャズ202(B2B3),11,5,5,210.6,11.0,7,増田充宏,57.0,ダ,900.0,重,55.4,0.5,9-9,37.6,530,18,マカゼ,
2019105730,ソウルストライク,2025/09/10,川崎,晴,10,山紫水明賞(B2),11,6,6,199.1,10.0,9,増田充宏,56.0,ダ,900.0,良,56.8,2.2,10-10,37.3,512,5,マカゼ,
2019105730,ソウルストライク,2025/08/21,川崎,晴,11,疾風怒涛賞(A2),11,5,5,113.7,10.0,10,増田充宏,53.0,ダ,900.0,良,56.3,2.6,10-10,36.8,507,2,リノデスティーノ,
2019105730,ソウルストライク,2025/08/05,川崎,晴,11,蝉時雨特別(B2B3),9,8,8,20.7,5.0,9,新原周馬,57.0,ダ,1500.0,良,102.3,6.9,8-9-9-9,43.9,505,-20,ホッコーソムニウム,
2019105730,ソウルストライク,2025/04/08,川崎,晴,10,プロキオン賞(B1B2),9,3,3,,,除,町田直希,57.0,ダ,2000.0,稍,,,,,527,2,カレンアルカンタラ,
2019105730,ソウルストライク,2025/03/07,川崎,晴,11,萌え野特別(B1B2),14,3,4,25.9,7.0,8,町田直希,57.0,ダ,1600.0,重,106.9,1.6,12-11-12-11,41.4,525,-4,マイケルマキシマス,
2019105730,ソウルストライク,2025/02/07,川崎,晴,11,しずおか早春特別(B1B2),14,1,1,6.0,3.0,5,野畑凌,57.0,ダ,1500.0,良,97.1,0.9,6-6-7-8,40.4,529,6,ベラール,30.0
2019105730,ソウルストライク,2025/01/01,川崎,晴,10,クイック時計修理新春(B1B2),14,8,13,9.0,3.0,5,和田譲治,57.0,ダ,1600.0,良,106.5,1.2,4-3-4-4,41.3,523,9,メンタイマヨ,30.0
2019105730,ソウルストライク,2024/02/02,川崎,曇,11,しずおか早春特別(B1),14,5,8,5.9,3.0,2,森泰斗,56.0,ダ,1500.0,良,95.9,0.0,3-3-1-4,40.0,514,-3,シンメカイヤー,120.0
2019105730,ソウルストライク,2024/01/01,川崎,晴,12,クイック時計修理新春(B1B2),9,8,9,1.6,1.0,7,森泰斗,57.0,ダ,1600.0,良,105.5,1.5,4-5-4-6,40.4,517,1,ヴィクトゥーラ,
2019105730,ソウルストライク,2023/12/12,川崎,曇,9,ディセンバースター賞(B2B3),12,6,8,2.5,1.0,1,森泰斗,57.0,ダ,1500.0,稍,97.3,-0.9,3-3-2-1,40.8,516,2,(アドバンスファラオ),400.0
2019105730,ソウルストライク,2023/11/07,川崎,曇,10,時雨空特別(B2B3),11,6,7,4.9,3.0,1,森泰斗,57.0,ダ,1400.0,良,90.4,-0.2,2-2-1-1,38.4,514,9,(カルナック),270.0
2019105730,ソウルストライク,2023/07/26,川崎,晴,11,三浦すいか特別(B1B2),14,7,11,2.9,1.0,9,森泰斗,55.0,ダ,1600.0,良,105.0,1.7,4-4-3-6,40.6,505,-1,キョウエイメジャー,
2019105730,ソウルストライク,2023/07/05,川崎,曇,10,江戸切子特別(B2B3),10,7,7,1.5,1.0,1,森泰斗,55.0,ダ,1500.0,良,96.0,0.0,2-2-2-2,39.3,506,5,(スギノプリンセス),270.0
2019105730,ソウルストライク,2023/06/13,川崎,晴,10,梅雨明かり特別(B2B3),14,7,12,4.0,2.0,2,森泰斗,55.0,ダ,1600.0,重,105.5,0.4,2-2-2-2,40.1,501,-2,ワガンセ,108.0
2019105730,ソウルストライク,2022/11/08,川崎,晴,9,初霜特別(B3),14,6,9,4.8,3.0,1,森泰斗,56.0,ダ,1500.0,良,96.1,-0.7,1-1-1-1,39.1,503,9,(トーセンフランク),240.0
2019105730,ソウルストライク,2022/06/17,川崎,曇,5,青葉木菟特別(3歳),14,8,13,1.6,1.0,1,森泰斗,56.0,ダ,1600.0,稍,105.4,-0.1,4-4-4-3,41.9,494,5,(フリーホースパーク),220.0
2019105730,ソウルストライク,2022/05/13,大井,雨,7,東京ダービートライア(OP)(3歳),7,7,7,6.1,3.0,4,森泰斗,56.0,ダ,2000.0,不,129.1,1.9,7-7-6-6,39.9,489,4,トーセンエルドラド,51.0
2019105730,ソウルストライク,2022/04/07,川崎,曇,6,頬白特別(3歳),14,5,7,2.7,1.0,1,森泰斗,56.0,ダ,1600.0,重,105.3,-0.2,1-1-1-1,40.6,485,-2,(タキチャンゴー),180.0
2019105730,ソウルストライク,2022/03/04,川崎,晴,5,雲雀特別(3歳),11,1,1,3.4,1.0,2,本田正重,56.0,ダ,1500.0,良,97.6,0.4,3-3-3-3,40.9,487,-10,エーススパークル,84.0
2019105730,ソウルストライク,2021/12/17,川崎,曇,2,スパーキングデビュー(2歳),6,6,6,2.3,1.0,1,森泰斗,55.0,ダ,1400.0,不,93.3,-0.1,3-4-3-3,38.8,497,0,(ペギーズカフェ),270.0
2022105491,ハナノウタゲ,2026/07/08,川崎,晴,9,要潤さん来場記念(B3二),10,5,5,35.0,7.0,3,御神本訓,54.0,ダ,1500.0,稍,96.6,1.5,7-7-7-7,40.4,518,-2,メイショウマヒロ,60.0
2022105491,ハナノウタゲ,2026/03/04,川崎,曇,10,萌え野特別(B2),9,1,1,45.9,9.0,5,木間塚龍,54.0,ダ,1500.0,不,96.6,0.8,5-5-5-8,40.0,520,-10,ミスマルゴー,27.0
2022105491,ハナノウタゲ,2026/02/04,川崎,晴,10,フェブラリースター賞(B2B3),14,6,9,100.3,14.0,12,木間塚龍,55.0,ダ,1600.0,良,106.6,1.1,13-13-11-14,40.9,530,5,ライヴマスタード,
2022105491,ハナノウタゲ,2026/01/02,川崎,晴,10,百人一首特別(B2B3),13,6,9,27.3,6.0,12,木間塚龍,55.0,ダ,1600.0,稍,107.8,1.9,12-11-7-12,40.4,525,8,ドリームジャパン,
2022105491,ハナノウタゲ,2025/12/17,川崎,晴,10,チャーチルダウンズ特(B3),9,7,7,5.5,3.0,1,木間塚龍,54.0,ダ,1500.0,稍,98.6,-0.3,7-7-4-1,39.9,517,-3,(カナールショウヘイ),240.0
2022105491,ハナノウタゲ,2025/11/19,川崎,晴,11,ロジータ記念【地方交(重賞),13,8,13,334.6,13.0,8,木間塚龍,54.0,ダ,2100.0,良,142.2,2.5,8-8-5-8,40.6,520,4,ドナギニー,
2022105491,ハナノウタゲ,2025/10/16,川崎,曇,11,サルビアC(OP)(3歳),11,8,11,65.6,9.0,7,木間塚龍,54.0,ダ,2000.0,重,137.0,1.7,5-5-6-7,40.3,516,9,エスカティア,
2022105491,ハナノウタゲ,2025/09/08,川崎,晴,8,ルドベキア特別(B33歳),5,4,4,2.1,1.0,1,木間塚龍,54.0,ダ,1600.0,稍,106.3,-0.3,4-4-3-2,40.2,507,2,(セラード),350.0
2022105491,ハナノウタゲ,2025/07/09,川崎,晴,9,ネメシス賞(B3C1),14,7,12,4.7,3.0,5,木間塚龍,52.0,ダ,2000.0,良,136.6,0.8,8-7-8-8,41.6,505,-4,セレニアサミット,24.0
2022105491,ハナノウタゲ,2025/06/18,川崎,晴,11,関東オークス【指定交(JpnII),14,8,13,527.0,12.0,8,山崎誠士,55.0,ダ,2100.0,良,140.7,3.4,9-9-8-9,42.0,509,8,メモリアカフェ,
2022105491,ハナノウタゲ,2025/05/22,園田,曇,11,のじぎく賞(重賞),12,7,10,41.4,7.0,7,山崎誠士,55.0,ダ,1700.0,稍,115.0,3.0,11-11-11-11,40.9,501,-10,コパノエミリア,
2022105491,ハナノウタゲ,2025/04/30,大井,晴,11,東京プリンセス賞競走(重賞),16,8,15,254.0,14.0,10,山崎誠士,54.0,ダ,1800.0,稍,117.6,2.4,12-12-13-15,41.2,511,4,ベルグラシアス,
2022105491,ハナノウタゲ,2025/02/06,川崎,晴,4,青鵐特別(3歳),14,7,12,11.9,5.0,1,御神本訓,54.0,ダ,1600.0,良,105.1,-0.1,9-9-6-3,40.7,507,0,(ゴールドモーニン),350.0
2022105491,ハナノウタゲ,2025/01/04,川崎,晴,7,招福特別(3歳),13,5,7,4.5,3.0,9,伊藤裕人,54.0,ダ,1500.0,良,99.6,1.2,6-5-7-8,41.9,507,1,スターグリップ,
2022105491,ハナノウタゲ,2024/12/13,川崎,曇,4,ジングルベル賞(2歳),9,3,3,3.6,2.0,3,和田譲治,54.0,ダ,1500.0,良,98.4,0.3,5-5-5-3,40.3,506,-4,エレファントラン,62.5
2022105491,ハナノウタゲ,2024/11/11,川崎,曇,5,トノサマバッタ賞(2歳),10,8,10,3.2,3.0,2,伊藤裕人,54.0,ダ,1500.0,稍,97.8,0.3,6-6-6-5,40.8,510,0,ラブソングサガシテ,88.0
2022105491,ハナノウタゲ,2024/10/11,川崎,晴,2,スパーキングデビュー(2歳),7,1,1,9.5,4.0,1,伊藤裕人,54.0,ダ,1400.0,重,93.3,-0.1,4-2-3-2,40.5,510,0,(アルバレジェンダ),400.0
2022100136,スカイブルー,2026/07/08,川崎,晴,10,要潤さん川崎競馬公式(B2),9,8,9,12.5,6.0,9,古岡勇樹,56.0,ダ,1400.0,稍,94.8,4.7,7-6-5-8,44.3,509,3,レグノ,
2022100136,スカイブルー,2026/05/24,1新潟8,曇,8,4歳以上1勝クラス,16,4,7,16.8,7.0,12,和田陽希,55.0,芝,1200.0,稍,70.8,0.7,10-12,34.7,506,-10,セイプリーズ,
2022100136,スカイブルー,2026/04/04,2阪神3,雨,6,4歳以上1勝クラス,16,7,13,20.9,7.0,13,秋山稔樹,58.0,ダ,1200.0,稍,73.4,1.7,6-2,37.7,516,-4,メイショウゴールド,
2022100136,スカイブルー,2026/03/21,1阪神9,晴,12,4歳以上1勝クラス,15,6,10,79.0,11.0,3,秋山稔樹,58.0,ダ,1200.0,良,72.6,0.4,7-7,36.3,520,2,タイセイディアマン,210.0
2022100136,スカイブルー,2026/02/28,1阪神3,曇,7,4歳以上1勝クラス,16,7,14,40.1,10.0,14,高杉吏麒,58.0,ダ,1400.0,良,86.4,2.2,5-4,38.5,518,-4,ヨリノレジェンド,
2022100136,スカイブルー,2026/01/04,1京都1,曇,8,4歳以上1勝クラス,16,8,16,22.9,9.0,14,小崎綾也,58.0,ダ,1200.0,良,73.9,1.3,6-6,36.9,522,0,イマージョン,
2022100136,スカイブルー,2025/12/14,5中京4,曇,3,3歳以上1勝クラス,16,6,12,5.2,3.0,4,小崎綾也,57.0,ダ,1200.0,稍,73.2,1.5,8-8,37.1,522,2,ドラゴンテイラー,120.0
2022100136,スカイブルー,2025/10/19,4新潟2,曇,12,3歳以上1勝クラス,14,7,12,6.1,3.0,5,和田陽希,54.0,ダ,1200.0,稍,72.1,1.1,3-3,36.8,520,4,スノーサイレンス,80.0
2022100136,スカイブルー,2025/08/03,3中京4,晴,10,3歳以上1勝クラス,16,8,16,14.1,7.0,12,吉村誠之,55.0,ダ,1200.0,良,73.7,2.3,3-4,39.1,516,10,フィドルファドル,
2022100136,スカイブルー,2025/03/02,1阪神2,小雨,4,3歳1勝クラス,16,3,6,11.5,4.0,9,西村淳也,57.0,ダ,1200.0,良,73.7,1.2,7-9,37.5,506,0,ヤマニンチェルキ,
2022100136,スカイブルー,2025/01/19,1中京7,晴,6,3歳1勝クラス,10,2,2,11.6,5.0,3,西村淳也,57.0,ダ,1200.0,良,72.1,0.8,6-6,36.9,506,-8,ペイシャケイプ,200.0
2022100136,スカイブルー,2025/01/12,1中京4,曇,7,3歳1勝クラス,16,3,5,15.7,4.0,5,西村淳也,57.0,ダ,1400.0,良,85.0,0.9,1-1,37.8,514,6,マテンロウコマンド,80.0
2022100136,スカイブルー,2024/10/20,5京都6,晴,8,なでしこ賞(1勝クラス),11,7,9,3.3,1.0,5,西村淳也,56.0,ダ,1400.0,稍,87.6,1.5,3-2,40.4,508,6,コスモストーム,107.0
2022100136,スカイブルー,2024/09/28,3中京8,曇,9,ヤマボウシ賞(1勝クラス),10,4,4,18.5,6.0,2,西村淳也,55.0,ダ,1400.0,良,84.0,0.4,2-2,36.5,502,2,アメリカンビキニ,436.0
2022100136,スカイブルー,2024/07/28,2新潟2,曇,2,2歳未勝利,9,8,9,3.2,3.0,1,戸崎圭太,55.0,ダ,1200.0,良,72.2,-0.2,1-1,36.9,500,0,(ジャスパーソレイユ),550.0
2022100136,スカイブルー,2024/07/14,3小倉6,雨,2,2歳未勝利,9,4,4,9.4,5.0,5,西村淳也,55.0,芝,1200.0,稍,71.8,1.2,1-1,37.9,500,-2,ベルビースタローン,55.0
2022100136,スカイブルー,2024/06/08,4京都3,晴,5,2歳新馬,12,5,6,3.4,2.0,5,西村淳也,55.0,芝,1600.0,良,95.7,1.6,3-3,37.5,502,0,サニーサルサ,72.0
2021105178,ラムテリオス,2026/07/09,川崎,晴,10,江戸切子特別(B3二),11,6,7,16.4,6.0,1,佐野遥久,54.0,ダ,1400.0,良,90.8,-0.2,10-10-10-8,38.8,475,0,(ボニーマジェスティ),240.0
2021105178,ラムテリオス,2026/06/17,川崎,晴,10,梅雨明かり特別(B2),8,3,3,51.7,8.0,5,佐野遥久,54.0,ダ,1600.0,稍,104.6,1.2,8-7-8-5,40.1,475,4,ビップソリオ,28.0
2021105178,ラムテリオス,2026/05/14,川崎,曇,12,早苗月特別(B3二),12,5,6,6.0,4.0,4,新原周馬,54.0,ダ,1400.0,良,90.8,1.2,7-5-7-4,39.9,471,1,エレファントラン,36.0
2021105178,ラムテリオス,2026/04/22,浦和,曇,10,馬トク報知杯特別(B2B3),12,7,9,8.3,5.0,6,新原周馬,53.0,ダ,1500.0,良,97.5,1.0,10-9-11-9,38.0,470,4,フクチャンキング,
2021105178,ラムテリオス,2026/04/06,川崎,晴,10,卯の花月特別(B3三),10,1,1,9.3,4.0,2,新原周馬,54.0,ダ,1500.0,重,96.7,0.3,9-9-7-6,38.9,466,-4,ソイラテ,96.0
2021105178,ラムテリオス,2026/03/02,川崎,曇,12,啓蟄特別(B3二),12,5,5,7.2,5.0,2,新原周馬,54.0,ダ,1400.0,稍,92.1,0.2,10-9-10-8,39.2,470,3,カセノラオー,96.0
2021105178,ラムテリオス,2025/11/18,川崎,晴,9,初霜特別(B3),14,6,9,6.2,3.0,4,矢野貴之,54.0,ダ,1500.0,良,97.1,0.8,12-12-13-11,39.3,467,-6,ランドプラネット,36.0
2021105178,ラムテリオス,2025/10/27,浦和,晴,11,秋陽特別(B3),12,6,8,14.5,4.0,4,野畑凌,54.0,ダ,1400.0,重,86.9,0.6,9-10-10-7,36.6,473,1,パンクビート,45.0
2021105178,ラムテリオス,2025/10/16,川崎,曇,12,大平山特別(B3),12,1,1,4.0,2.0,4,矢野貴之,54.0,ダ,1400.0,重,91.9,1.2,8-8-8-7,39.6,472,2,ナチュラルターン,36.0
2021105178,ラムテリオス,2025/09/12,川崎,曇,7,旗印賞(C1二),11,6,7,3.2,1.0,1,矢野貴之,54.0,ダ,1400.0,重,93.1,-0.5,6-6-5-3,39.7,470,-3,(インプローヴィング),180.0
2021105178,ラムテリオス,2025/08/26,川崎,晴,9,鎧賞(C1),10,1,1,7.0,5.0,2,矢野貴之,54.0,ダ,1400.0,良,91.9,0.1,4-3-3-3,39.0,473,5,ナチュラルターン,72.0
2021105178,ラムテリオス,2025/08/06,川崎,晴,8,カンチェンジュンガ賞(C1二),9,7,7,4.7,4.0,4,矢野貴之,54.0,ダ,1400.0,良,90.6,1.0,5-5-4-4,38.6,468,3,ビップソリオ,27.0
2021105178,ラムテリオス,2025/07/11,川崎,曇,9,技と心で駆け抜けろ!(C1),11,8,11,1.5,1.0,3,矢野貴之,54.0,ダ,1400.0,重,92.9,0.7,7-6-6-5,41.3,465,0,ミステリオ,30.0
2021105178,ラムテリオス,2025/06/18,川崎,晴,5,C1四五,11,6,7,2.1,1.0,1,矢野貴之,54.0,ダ,1400.0,良,91.2,-0.9,6-5-5-4,40.1,465,9,(シナジーエフェクト),120.0
2021105178,ラムテリオス,2025/02/06,川崎,晴,8,芍薬賞(C1),10,5,5,5.7,2.0,2,矢野貴之,54.0,ダ,1400.0,良,91.3,0.6,3-4-3-3,39.7,456,-1,フィアマフルミネ,48.0
2021105178,ラムテリオス,2025/01/01,川崎,晴,6,四扇賞(C2),13,7,11,14.8,3.0,4,本田正重,54.0,ダ,1400.0,良,93.2,1.3,11-11-8-8,39.8,457,2,シンボリノエル,22.5
2021105178,ラムテリオス,2024/12/13,川崎,曇,12,46thホワイトクリ(C1C2),14,7,11,3.8,2.0,10,和田譲治,51.0,ダ,1600.0,良,108.3,1.7,6-6-2-4,43.5,455,1,グラスアラバニーユ,
2021105178,ラムテリオス,2024/11/13,川崎,晴,5,C2三四五(C2四),12,7,10,1.8,1.0,1,矢野貴之,54.0,ダ,1400.0,良,91.9,-0.8,2-2-2-2,39.6,454,3,(オーサムワールド),100.0
2021105178,ラムテリオス,2024/10/11,川崎,晴,12,笹目賞(C2七),11,4,4,4.6,2.0,2,新原周馬,54.0,ダ,1400.0,重,92.4,0.1,4-4-3-3,40.6,451,11,セイウンダキシメテ,40.0
2021105178,ラムテリオス,2024/08/17,2中京3,晴,4,3歳未勝利,16,3,5,8.9,4.0,7,永島まな,53.0,ダ,1200.0,良,74.2,1.0,9-8,38.0,440,4,マックスセレナーデ,
2021105178,ラムテリオス,2024/06/16,4京都6,曇,1,3歳未勝利,14,7,12,28.2,6.0,5,田口貫太,54.0,ダ,1200.0,稍,73.5,2.4,9-7,37.2,436,0,ミルミナーヴァ,55.0
2021105178,ラムテリオス,2024/05/12,3京都8,曇,1,3歳未勝利,15,4,7,5.3,3.0,4,田口貫太,54.0,ダ,1200.0,良,74.0,0.8,11-8,36.9,436,0,ノビル,83.0
2021105178,ラムテリオス,2024/03/30,2阪神3,晴,2,3歳未勝利,16,4,7,4.0,1.0,7,永島まな,53.0,ダ,1200.0,稍,74.4,1.0,13-10,37.6,436,2,カレンマウラー,
2021105178,ラムテリオス,2024/03/10,1阪神6,晴,2,3歳未勝利,16,1,1,30.0,8.0,2,永島まな,52.0,ダ,1200.0,良,74.4,0.2,15-13,37.2,434,-4,ジェニファー,220.0
2021105178,ラムテリオス,2024/02/25,2小倉6,晴,6,3歳未勝利,18,5,10,28.8,7.0,9,永島まな,52.0,芝,1200.0,稍,70.7,0.9,17-13,35.2,438,-4,トーラスシャイン,
2021105178,ラムテリオス,2024/01/21,1小倉4,曇,7,3歳未勝利,18,3,5,27.1,10.0,8,永島まな,52.0,芝,1200.0,重,71.7,0.8,18-18,34.8,442,-2,ビアフォーナウ,
2021105178,ラムテリオス,2023/10/21,2京都6,曇,4,2歳新馬,18,5,9,24.9,7.0,12,田口貫太,53.0,芝,1400.0,良,83.9,1.6,3-3,37.1,444,0,ケーブパール,
2020107165,デアシュトゥルム,2026/07/08,川崎,晴,10,要潤さん川崎競馬公式(B2),9,4,4,11.2,5.0,6,佐野遥久,56.0,ダ,1400.0,稍,91.6,1.5,1-1-1-1,41.7,480.0,-6.0,レグノ,
2020107165,デアシュトゥルム,2026/06/19,川崎,曇,11,短夜特別(B1B2),11,5,5,66.5,9.0,3,中山遥人,54.0,ダ,1500.0,重,96.2,0.4,1-1-1-1,41.6,486.0,5.0,シャンパンファイト,80.0
2020107165,デアシュトゥルム,2026/02/05,川崎,晴,11,湘南オリーブオイル杯(B2),12,7,10,42.4,8.0,8,田中涼,56.0,ダ,1400.0,良,91.9,1.7,9-8-8-9,40.3,481.0,2.0,サウンドバッハ,
2020107165,デアシュトゥルム,2026/01/04,川崎,晴,11,大師特別(B1B2),14,4,6,50.9,6.0,4,田中涼,55.0,ダ,1500.0,稍,97.4,1.4,5-4-7-5,40.7,479.0,-8.0,イナダヒメ,45.0
2020107165,デアシュトゥルム,2025/12/18,川崎,晴,11,湯河原梅林「梅の宴」(B1B2),11,2,2,51.8,9.0,5,田中涼,55.0,ダ,1500.0,稍,96.8,1.2,6-7-7-6,40.1,487.0,1.0,ラティサワー,30.0
2020107165,デアシュトゥルム,2025/11/21,川崎,晴,11,秦野市市制施行70周(B1B2),10,3,3,8.7,2.0,8,田中涼,55.0,ダ,1500.0,良,98.7,3.4,1-2-4-5,42.8,486.0,13.0,スノーシュー,
2020107165,デアシュトゥルム,2025/11/04,船橋,晴,12,霜月スプリント(B2),12,7,9,31.2,9.0,4,田中涼,56.0,ダ,1200.0,良,74.5,0.8,3-4-4,38.1,473.0,-4.0,ファンユー,45.0
2020107165,デアシュトゥルム,2025/10/06,大井,曇,9,ミザール賞競走(B2),12,8,11,52.9,8.0,7,新原周馬,56.0,ダ,1400.0,良,88.2,2.7,4-3-5,40.3,477.0,0.0,カヌレフレイバー,
2020107165,デアシュトゥルム,2025/09/22,浦和,晴,11,秋彼岸特別(B2),9,2,2,11.5,5.0,4,田中涼,56.0,ダ,1400.0,稍,89.1,1.0,3-4-5-5,37.7,477.0,3.0,プラティクレール,52.5
2020107165,デアシュトゥルム,2025/09/08,川崎,晴,11,馬産地日高特別(B2B3),14,1,1,19.7,5.0,6,田中涼,57.0,ダ,1500.0,稍,97.5,2.2,1-1-1-1,42.4,474.0,-5.0,インナースティール,
2020107165,デアシュトゥルム,2025/08/22,川崎,晴,11,やまなみ五湖「丹沢湖(B2B3),8,6,6,17.9,7.0,2,田中涼,57.0,ダ,1500.0,良,96.4,0.3,1-1-1-1,40.2,479.0,1.0,オリコウデレガンス,108.0
2020107165,デアシュトゥルム,2025/08/05,川崎,晴,11,蝉時雨特別(B2B3),9,3,3,39.6,7.0,2,田中涼,57.0,ダ,1500.0,良,96.7,1.3,1-1-2-2,41.3,478.0,-3.0,ホッコーソムニウム,108.0
2020107165,デアシュトゥルム,2025/07/07,川崎,晴,11,ダービーインパクト1(B1B2),10,7,7,94.2,9.0,4,田中涼,55.0,ダ,1500.0,良,97.6,0.5,4-4-3-3,41.0,481.0,-3.0,コパノマイアミ,45.0
2020107165,デアシュトゥルム,2025/06/20,川崎,晴,11,足柄茶100周年記念(B1B2),13,4,5,118.2,12.0,11,田中涼,55.0,ダ,1500.0,良,98.3,2.2,3-4-9-8,41.1,484.0,24.0,ベラール,
2020107165,デアシュトゥルム,2025/02/07,川崎,晴,10,猛虎特別(B2),13,7,12,72.4,11.0,12,田中涼,56.0,ダ,1600.0,良,107.3,3.1,1-1-1-3,44.1,460.0,4.0,キットサクラサク,
2020107165,デアシュトゥルム,2025/01/03,川崎,曇,10,七福即生賞(B1B2),12,6,8,53.5,9.0,10,新原周馬,55.0,ダ,900.0,良,56.6,1.4,5-9,38.4,456.0,0.0,パレスレガシー,
2020107165,デアシュトゥルム,2024/12/11,川崎,晴,9,開設14周年記念ジョ(B2B3),12,7,9,16.8,6.0,5,佐野遥久,55.0,ダ,900.0,良,55.7,1.1,6-7,37.7,456.0,-4.0,デーレーラプター,24.0
2020107165,デアシュトゥルム,2024/11/27,船橋,晴,12,ノーベルダッシュ(B2B3),13,8,13,7.2,5.0,6,佐野遥久,55.0,ダ,1000.0,稍,63.4,1.3,4-5,39.9,460.0,-13.0,オーソレリカ,
2020107165,デアシュトゥルム,2024/11/12,川崎,晴,10,時雨空特別(B2),14,7,12,4.1,1.0,12,町田直希,56.0,ダ,1600.0,稍,106.8,2.2,1-1-1-2,43.3,473.0,13.0,キットサクラサク,
2020107165,デアシュトゥルム,2024/10/25,浦和,曇,11,紅葉特別(B2),11,6,7,,,取,佐野遥久,54.0,ダ,1400.0,良,,,,,,,ラブリアージェ,
2020107165,デアシュトゥルム,2024/10/10,川崎,曇,10,かわさきジャズ202(B2),13,6,9,3.1,1.0,8,佐野遥久,53.0,ダ,1500.0,重,99.5,2.6,1-1-1-3,43.1,460.0,-3.0,サンオルソーライズ,
2020107165,デアシュトゥルム,2024/09/06,川崎,晴,11,かながわキンタロウ杯(B2B3),14,7,11,4.8,2.0,1,佐野遥久,52.0,ダ,1500.0,良,96.8,-0.5,1-1-1-1,40.0,463.0,-1.0,(マインドユアミモザ),270.0
2020107165,デアシュトゥルム,2024/08/21,浦和,雨,10,雁来月特別(B3),11,8,11,19.2,6.0,2,佐野遥久,53.0,ダ,1400.0,稍,88.9,0.2,1-1-1-1,40.1,464.0,-6.0,ボルドーネセバル,120.0
2020107165,デアシュトゥルム,2024/05/06,川崎,曇,10,草笛特別(B2B3),12,3,3,10.9,5.0,11,町田直希,57.0,ダ,1500.0,良,101.5,5.0,3-3-5-10,46.2,470.0,11.0,ヤマイチエスポ,
2020107165,デアシュトゥルム,2024/04/18,浦和,曇,10,雛芥子特別(B3),12,2,2,10.6,5.0,1,町田直希,56.0,ダ,1400.0,良,89.3,-0.4,1-1-1-1,39.9,459.0,-6.0,(ミラクルランバック),300.0
2020107165,デアシュトゥルム,2024/04/05,川崎,曇,11,若草特別(B3),9,5,5,7.5,5.0,5,町田直希,56.0,ダ,1400.0,重,92.2,1.4,3-3-3-3,41.7,465.0,8.0,サラサワン,24.0
2020107165,デアシュトゥルム,2024/03/12,川崎,雨,10,忘れ雪特別(B2B3),11,5,5,15.8,6.0,4,町田直希,55.0,ダ,1400.0,不,92.6,0.9,1-1-1-1,42.2,457.0,-3.0,ファルコンソード,40.5
2020107165,デアシュトゥルム,2024/02/01,川崎,晴,6,白山賞(C1二),12,7,9,20.9,5.0,1,町田直希,56.0,ダ,1400.0,良,91.6,-0.4,1-2-1-2,40.8,460.0,-4.0,(エスプリダーコ),180.0
2020107165,デアシュトゥルム,2024/01/02,川崎,曇,11,21stゴールデンホ(C1C2),13,5,7,23.7,7.0,2,町田直希,57.0,ダ,1500.0,良,98.0,0.4,1-1-1-1,41.3,464.0,4.0,シャンパンファイト,80.0
2020107165,デアシュトゥルム,2023/12/14,川崎,晴,7,マンデリン賞(C1),12,5,6,17.3,5.0,7,古岡勇樹,56.0,ダ,1400.0,稍,94.2,2.3,9-8-8-8,41.7,460.0,2.0,マイド,
2020107165,デアシュトゥルム,2023/10/09,2京都3,曇,8,3歳以上1勝クラス,16,3,5,137.0,15.0,15,富田暁,57.0,ダ,1200.0,重,75.3,2.5,3-3,40.5,458.0,6.0,ギーロカスタル,
2020107165,デアシュトゥルム,2023/09/23,4阪神6,晴,9,3歳以上1勝クラス,15,4,8,125.2,14.0,14,松山弘平,56.0,ダ,1200.0,稍,74.7,3.1,7-5,39.7,452.0,0.0,ディキシーガンナー,
2020107165,デアシュトゥルム,2023/05/20,1京都9,晴,6,3歳1勝クラス,15,5,10,42.5,8.0,14,鮫島克駿,56.0,ダ,1200.0,稍,76.7,4.5,12-14,40.1,452.0,2.0,ドンアミティエ,
2020107165,デアシュトゥルム,2023/04/15,1福島3,小雨,1,3歳未勝利,16,3,6,9.5,5.0,1,斎藤新,56.0,ダ,1150.0,良,68.9,-0.8,1-1,36.9,450.0,6.0,(メモリーグラス),550.0
2020107165,デアシュトゥルム,2023/02/12,2小倉2,晴,3,3歳未勝利,14,3,3,17.1,6.0,7,斎藤新,56.0,ダ,1000.0,重,59.2,0.9,7-9,36.0,444.0,-2.0,ミッキースピナッチ,
2020107165,デアシュトゥルム,2023/01/29,1小倉6,曇,3,3歳未勝利,11,8,10,4.0,3.0,3,斎藤新,56.0,ダ,1000.0,重,59.3,0.6,2-2,36.2,446.0,-6.0,ミヤジトレヴ,140.0
2020107165,デアシュトゥルム,2023/01/15,1中京6,晴,2,3歳未勝利,16,6,12,47.3,11.0,9,富田暁,56.0,ダ,1400.0,稍,87.7,1.2,3-3,39.6,452.0,12.0,マーブルロック,
2020107165,デアシュトゥルム,2022/10/08,4東京1,曇,4,2歳新馬,16,3,6,4.9,2.0,7,岩田康誠,55.0,ダ,1300.0,重,79.6,1.8,2-2,37.3,440.0,0.0,イニッツィオ,
2024101189,インディゴールド,2026/06/19,川崎,曇,3,スパーキングデビュー(2歳),6,4,4,2.0,2.0,1,野畑凌,54.0,ダ,900.0,重,56.7,-1.7,1-1,38.2,469,0,(ラウロカンピオーネ),420.0
2024101303,サンバルカン,2026/07/07,川崎,曇,5,シャイニングスター賞(2歳),6,1,1,6.7,2.0,2,笹川翼,54.0,ダ,1400.0,重,93.6,0.0,3-3-4-4,40.0,457,-2,シゲキング,160.0
2024101303,サンバルカン,2026/06/18,川崎,曇,3,スパーキングデビュー(2歳),6,5,5,1.7,1.0,1,笹川翼,54.0,ダ,1400.0,重,94.5,-1.8,1-1-1-1,40.4,459,0,(ナットワン),420.0
2024100372,グレーヌドスタール,2026/06/30,大井,曇,1,2歳一,12,3,3,9.5,4.0,3,西啓太,54.0,ダ,1400.0,重,89.0,0.7,1-1-1,41.2,463,3,ケンブラック,85.0
2024100372,グレーヌドスタール,2026/06/09,大井,曇,3,2歳一,10,3,3,2.7,1.0,3,西啓太,54.0,ダ,1200.0,不,74.9,0.7,1-1,39.0,460,7,ケンブラック,85.0
2024100372,グレーヌドスタール,2026/05/18,大井,晴,4,2歳新馬(新馬),7,5,5,3.6,2.0,1,西啓太,54.0,ダ,1200.0,良,75.1,-0.9,1-1,37.8,453,0,(ラブミーソフィア),480.0
2024101557,シナノクロヌ,2026/07/10,川崎,晴,4,スパーキングデビュー(2歳),5,5,5,1.2,1.0,1,矢野貴之,54.0,ダ,900.0,良,55.6,-0.4,1-1,38.1,460,0,(アーサーズシート),420.0
2024103993,バースバイパー,2026/07/06,川崎,曇,5,天衣無縫賞(2歳),7,1,1,1.8,2.0,2,佐野遥久,54.0,ダ,1400.0,重,97.3,0.6,1-1-1-1,40.9,467,4,ウィズサークレット,100.0
2024103993,バースバイパー,2026/06/19,川崎,曇,4,スパーキングデビュー(2歳),5,2,2,2.1,2.0,1,佐野遥久,54.0,ダ,900.0,重,57.0,0.0,1-2,38.7,463,0,(ウィズサークレット),420.0
2024102915,ナイトムーブ,2026/07/09,川崎,晴,3,スパーキングデビュー(2歳),6,4,4,1.6,1.0,1,本田正重,54.0,ダ,1400.0,良,94.3,-0.9,3-3-4-3,41.5,476,0,(シンメウィル),420.0
2024105194,ウィズサークレット,2026/07/06,川崎,曇,5,天衣無縫賞(2歳),7,6,6,1.7,1.0,1,町田直希,53.0,ダ,1400.0,重,96.7,-0.6,1-1-1-1,40.3,426,-3,(バースバイパー),250.0
2024105194,ウィズサークレット,2026/06/19,川崎,曇,4,スパーキングデビュー(2歳),5,5,5,1.9,1.0,2,野畑凌,54.0,ダ,900.0,重,57.0,0.0,1-1,39.0,429,0,バースバイパー,168.0
2024104377,ブラフキャッチ,2026/05/15,川崎,晴,3,スパーキングデビュー(2歳),7,2,2,1.5,1.0,1,野畑凌,54.0,ダ,1400.0,良,93.6,-0.2,4-3-4-4,39.9,458,0,(ヤマトリュウタン),420.0
2024102630,マオノスカイ,2026/07/02,船橋,曇,2,2歳二,8,5,5,6.5,5.0,1,小杉亮,54.0,ダ,1200.0,不,77.7,-0.6,5-3-3,40.3,428,-3,(アンナロード),250.0
2024102630,マオノスカイ,2026/06/05,船橋,曇,3,ライラックデビュー(2歳),6,1,1,64.6,6.0,5,小杉亮,54.0,ダ,1500.0,稍,104.6,3.9,4-4-6-6,44.4,431,0,グロックスコーセイ,41.0
2022103989,エルガー,2026/07/07,川崎,曇,12,ブラックジャック賞(C1),12,8,11,3.0,1.0,2,矢野貴之,54.0,ダ,1500.0,重,97.6,0.1,4-5-4-4,40.8,482,4,サウスヴィルステラ,72.0
2022103989,エルガー,2026/06/18,川崎,曇,12,末摘花特別(B3二),12,5,5,14.9,6.0,4,矢野貴之,54.0,ダ,1400.0,重,91.2,0.7,5-5-4-2,40.2,478,1,バックビート,36.0
2022103989,エルガー,2026/05/14,川崎,曇,12,早苗月特別(B3二),12,7,9,14.8,7.0,12,町田直希,54.0,ダ,1400.0,良,92.7,3.1,5-5-5-7,41.8,477,-4,エレファントラン,
2022103989,エルガー,2025/08/26,川崎,晴,9,鎧賞(C1),10,7,7,4.2,2.0,5,町田直希,53.0,ダ,1400.0,良,92.4,0.6,3-4-3-4,39.5,481,2,ナチュラルターン,18.0
2022103989,エルガー,2025/08/06,川崎,晴,6,ペリドットフラワー賞(3歳C1),11,5,5,24.9,6.0,2,町田直希,55.0,ダ,1400.0,良,90.8,0.3,5-4-6-2,39.1,479,-5,サントレッダー,100.0
2022103989,エルガー,2025/07/08,川崎,晴,8,ジュライフラワー賞(3歳C1),12,3,3,25.4,8.0,3,今野忠成,55.0,ダ,1500.0,良,97.6,1.7,6-5-4-3,41.6,484,-1,チャチャハツゴウ,62.5
2022103989,エルガー,2025/06/18,川崎,晴,6,青葉木菟特別(3歳),14,7,11,10.9,5.0,4,加藤雄真,51.0,ダ,1500.0,良,98.0,1.7,7-4-4-5,42.2,485,7,チャチャハツゴウ,37.5
2022103989,エルガー,2025/05/13,川崎,晴,7,メイフラワー賞(3歳),12,4,4,6.2,3.0,5,今野忠成,54.0,ダ,1400.0,重,93.5,1.3,6-6-5-5,41.0,478,5,トキメキジニア,25.0
2022103989,エルガー,2025/04/09,川崎,晴,4,黄連雀賞(3歳),9,5,5,2.8,2.0,1,今野忠成,54.0,ダ,1400.0,稍,92.8,-0.1,5-5-7-4,40.6,473,2,(ゴールドパン),200.0
2022103989,エルガー,2025/03/07,川崎,晴,4,3歳4,10,6,6,1.6,1.0,2,今野忠成,54.0,ダ,1400.0,重,94.0,0.5,5-6-6-3,41.2,471,4,アドルナティック,80.0
2022103989,エルガー,2025/02/05,川崎,晴,1,ニューフェイス賞(3歳),9,7,7,3.3,2.0,1,今野忠成,54.0,ダ,1400.0,稍,93.8,0.0,6-6-3-2,39.5,467,0,(エクセルボビー),200.0
2022100581,アンジュメロディ,2026/04/06,川崎,晴,10,卯の花月特別(B3三),10,7,8,34.2,9.0,10,櫻井光輔,54.0,ダ,1500.0,重,100.3,3.9,4-4-5-6,42.9,461,5,ソイラテ,
2022100581,アンジュメロディ,2026/03/16,浦和,晴,11,桜月特別(B3),13,6,9,11.0,5.0,10,櫻井光輔,54.0,ダ,1400.0,稍,90.9,1.4,9-10-8-7,38.6,456,-9,サンズ,
2022100581,アンジュメロディ,2026/03/03,川崎,雨,10,早花咲月特別(B3二),12,3,3,25.5,5.0,4,櫻井光輔,54.0,ダ,1600.0,不,104.4,0.3,3-3-3-2,40.6,465,9,オングライドパス,36.0
2022100581,アンジュメロディ,2025/11/19,川崎,晴,9,モルト賞(C1二),11,3,3,8.0,4.0,1,櫻井光輔,54.0,ダ,1600.0,良,106.5,-0.2,4-4-5-3,40.1,456,0,(ファセット),180.0
2022100581,アンジュメロディ,2025/10/30,浦和,晴,12,実りの秋特別(C1),12,5,5,8.1,6.0,4,櫻井光輔,54.0,ダ,2000.0,稍,134.2,0.6,4-4-4-2,38.8,456,-12,マナコル,27.0
2022100581,アンジュメロディ,2025/10/16,川崎,曇,11,サルビアC(OP)(3歳),11,7,10,66.6,10.0,10,櫻井光輔,52.0,ダ,2000.0,重,137.6,2.3,6-6-8-8,40.5,468,1,エスカティア,
2022100581,アンジュメロディ,2025/09/09,川崎,晴,4,啄木鳥特別(3歳),14,5,8,3.7,2.0,1,笹川翼,54.0,ダ,1500.0,稍,98.6,-0.4,4-4-4-3,41.2,467,11,(エニーサンダー),160.0
2022100581,アンジュメロディ,2025/05/12,川崎,曇,4,ブリーズ賞(3歳),9,8,10,1.5,1.0,2,笹川翼,54.0,ダ,1400.0,重,93.2,0.1,5-5-5-4,39.9,456,2,エクセルボビー,80.0
2022100581,アンジュメロディ,2025/04/21,浦和,晴,3,3歳四,10,4,4,12.5,3.0,2,本田正重,54.0,ダ,1400.0,良,90.1,0.0,4-4-5-2,37.9,454,-9,ラグーンリバティ,72.0
2022100581,アンジュメロディ,2025/03/04,川崎,曇,1,ニューフェイス賞(3歳),6,2,2,5.3,3.0,1,笹川翼,54.0,ダ,1400.0,不,93.8,-0.7,3-3-3-3,40.0,463,0,(ディセプティコン),200.0
2023100262,ケツァールアズール,2026/06/30,大井,晴,11,優駿スプリント競走(重賞),16,5,10,248.0,15.0,8,中越琉世,56.0,ダ,1200.0,重,73.3,2.3,14-15,36.7,480,0,ゼーロス,
2023100262,ケツァールアズール,2026/06/05,船橋,曇,5,海風スプリント(3歳),10,8,9,10.3,4.0,1,中越琉世,56.0,ダ,1200.0,稍,75.9,-0.3,5-7-4,38.0,480,-7,(マリフェイス),250.0
2023100262,ケツァールアズール,2026/05/11,川崎,晴,10,不如帰特別(3歳),6,1,1,10.9,5.0,3,中越琉世,56.0,ダ,1600.0,良,105.1,0.1,1-1-1-1,39.1,487,0,ラーマ,75.0
2023100262,ケツァールアズール,2026/04/08,川崎,晴,8,頬白賞(3歳),13,7,11,30.7,7.0,10,中越琉世,56.0,ダ,1500.0,稍,99.9,3.1,3-3-2-4,42.7,487,-5,アウフグース,
2023100262,ケツァールアズール,2025/10/16,門別,曇,8,JRA認定競走ウィナ(OP)(2歳),12,8,12,7.1,5.0,10,阿岸潤一,56.0,ダ,1200.0,稍,76.8,1.5,4-4,41.0,492,12,アラモ,
2023100262,ケツァールアズール,2025/09/10,門別,曇,6,JRA認定競走ウィナ(2歳),12,5,5,4.3,3.0,1,藤田凌駕,52.0,ダ,1200.0,良,75.4,0.0,1-1,39.1,480,4,(アルジェナー),300.0
2023100262,ケツァールアズール,2025/08/21,門別,晴,3,JRA認定競走アタッ(未勝利)(2歳),8,5,5,3.4,3.0,4,小野楓馬,55.0,ダ,1200.0,稍,76.1,0.8,1-1,39.7,476,4,タイセイシャルト,16.8
2023100262,ケツァールアズール,2025/08/07,門別,曇,3,JRA認定競走アタッ(未勝利)(2歳),10,6,6,7.2,5.0,2,宮内勇樹,55.0,ダ,1200.0,稍,75.0,0.1,1-1,38.3,472,-6,ドライブミーホーム,33.6
2023100262,ケツァールアズール,2025/07/17,門別,晴,3,JRA認定競走アタッ(未勝利)(2歳),10,3,3,3.8,3.0,8,宮内勇樹,55.0,ダ,1200.0,稍,76.8,1.7,1-1,40.6,478,2,レヴェルトディオ,
2023100262,ケツァールアズール,2025/07/01,門別,晴,2,プリンスドワイトラモ(未勝利)(2歳),8,3,3,1.0,1.0,1,宮内勇樹,55.0,ダ,1200.0,良,75.3,-1.7,1-1,37.9,476,-2,(ベラジオスパーク),50.0
2023100262,ケツァールアズール,2025/06/18,門別,晴,5,JRA認定競走アタッ(未勝利)(2歳),12,6,7,1.6,1.0,2,宮内勇樹,55.0,ダ,1200.0,良,75.7,0.0,1-1,39.8,478,6,ベラジオジーニアス,33.6
2023100262,ケツァールアズール,2025/06/04,門別,曇,3,JRA認定競走アタッ(未勝利)(2歳),11,1,1,2.8,2.0,2,宮内勇樹,55.0,ダ,1200.0,重,74.8,0.2,1-1,39.7,472,0,リバーストリート,42.0
2023100262,ケツァールアズール,2025/05/22,門別,曇,3,JRA認定競走フレッ(新馬)(2歳),12,8,11,43.9,5.0,4,宮内勇樹,55.0,ダ,1100.0,良,69.0,0.5,1-1,38.1,472,0,エイシンイワハシル,42.0
2022100207,タイセイフランク,2026/07/07,川崎,曇,9,流星光底賞(B3),9,3,3,15.8,5.0,4,新原周馬,56.0,ダ,900.0,重,55.5,0.4,9-6,37.0,490,-2,アイビーヒメチャン,31.5
2022100207,タイセイフランク,2026/05/13,川崎,晴,9,明鏡止水賞(B3),11,6,7,7.2,3.0,9,鷹見陸,56.0,ダ,900.0,良,55.4,1.2,9-9,36.5,492,-3,アイルプロテクト,
2022100207,タイセイフランク,2026/04/07,川崎,曇,9,勇気凛凛賞(B3),10,8,9,17.9,6.0,2,鷹見陸,56.0,ダ,900.0,重,55.5,0.2,9-10,37.4,495,2,サンダビューク,84.0
2022100207,タイセイフランク,2026/03/30,船橋,晴,9,ヒメジョオンスプリン(B3),10,8,9,26.2,6.0,7,鷹見陸,56.0,ダ,1200.0,稍,76.9,1.7,3-3-3,39.7,493,-2,デザーヴ,
2022100207,タイセイフランク,2026/03/02,川崎,曇,12,啓蟄特別(B3二),12,6,8,66.5,10.0,9,本橋孝太,56.0,ダ,1400.0,稍,93.0,1.1,5-4-3-3,40.8,495,-1,カセノラオー,
2022100207,タイセイフランク,2026/02/02,川崎,晴,12,大寒特別(B3),13,6,8,51.1,10.0,9,石川倭,56.0,ダ,1400.0,良,92.9,2.7,6-6-7-5,41.3,496,-5,ミスマルゴー,
2022100207,タイセイフランク,2026/01/03,川崎,晴,10,宝船特別(B3),13,1,1,24.0,6.0,8,桑村真明,56.0,ダ,1400.0,稍,92.3,2.0,9-8-8-6,40.2,501,-2,スターグリップ,
2022100207,タイセイフランク,2025/12/17,川崎,晴,7,SPAT4ならポイン(B3),9,4,4,5.9,4.0,7,笹川翼,56.0,ダ,1400.0,稍,93.2,1.7,5-6-6-4,41.6,503,4,ボーイハンター,
2022100207,タイセイフランク,2025/11/20,川崎,晴,9,「ご縁の国しまね」特(B3),12,8,11,5.6,2.0,4,本橋孝太,56.0,ダ,1400.0,良,92.4,1.1,3-2-2-2,40.1,499,5,サウンドバッハ,36.0
2022100207,タイセイフランク,2025/10/27,浦和,晴,11,秋陽特別(B3),12,5,6,7.0,3.0,2,本橋孝太,56.0,ダ,1400.0,重,86.7,0.4,5-4-3-3,37.9,494,-1,パンクビート,120.0
2022100207,タイセイフランク,2025/10/16,川崎,曇,12,大平山特別(B3),12,6,7,9.4,6.0,3,笹川翼,56.0,ダ,1400.0,重,91.4,0.7,2-2-2-2,39.9,495,7,ナチュラルターン,60.0
2022100207,タイセイフランク,2025/09/12,川崎,曇,8,ちくさんフードフェア(C1二),12,1,1,3.6,1.0,1,御神本訓,55.0,ダ,1400.0,重,93.1,-0.4,4-3-4-3,40.1,488,-1,(ニシノニューリーフ),180.0
2022100207,タイセイフランク,2025/08/25,川崎,晴,8,C1三四五(C1四),7,6,6,5.6,2.0,4,笹川翼,55.0,ダ,1400.0,良,92.1,1.5,4-4-4-3,40.2,489,-2,ダンデライオン,18.0
2022100207,タイセイフランク,2025/08/07,川崎,曇,1,仏法僧特別(3歳),12,3,3,1.2,1.0,2,笹川翼,56.0,ダ,1600.0,良,106.1,0.5,1-2-1-1,41.6,491,2,ユメドリーム,80.0
2022100207,タイセイフランク,2025/07/10,川崎,晴,1,燕賞(3歳),12,8,11,1.6,1.0,1,笹川翼,56.0,ダ,1400.0,良,91.8,-0.3,2-1-1-1,40.0,489,3,(モウ),140.0
2022100207,タイセイフランク,2025/06/02,笠松,曇,11,若鮎特別(3歳),10,4,4,4.4,3.0,1,塚本征吾,57.0,ダ,1600.0,良,105.0,-0.5,2-2-1,40.0,486,-4,(アルマヴィーヴァ),70.0
2022100207,タイセイフランク,2025/05/13,笠松,晴,9,皐月特別(3歳),9,3,3,6.4,4.0,5,塚本征吾,57.0,ダ,1400.0,良,90.7,0.9,4-6-5,39.5,490,3,アルマヴィーヴァ,7.0
2022100207,タイセイフランク,2025/04/29,笠松,晴,11,新緑賞(重賞),10,7,7,21.4,5.0,8,塚本征吾,57.0,ダ,1400.0,良,90.3,2.0,10-10-9,39.3,487,4,ゴーゴーバースデイ,
2022100207,タイセイフランク,2025/04/01,笠松,曇,9,ヤマザクラ特別(3歳),6,2,2,3.0,3.0,2,塚本征吾,57.0,ダ,1400.0,良,90.6,0.2,2-2-2,40.2,483,-3,エイシンジャンブル,28.0
2022100207,タイセイフランク,2025/03/19,笠松,晴,9,東風特別(3歳),10,2,2,3.0,2.0,5,塚本征吾,56.0,ダ,1600.0,良,108.3,1.3,1-3-4,41.9,486,-1,リョーマ,3.5
2022100207,タイセイフランク,2025/03/06,笠松,曇,10,ウメ特別(3歳),9,8,9,3.0,2.0,3,田口貫太,56.0,ダ,1400.0,稍,92.6,1.0,3-3-1,40.7,487,-2,マルヨハルキ,14.0
2022100207,タイセイフランク,2025/01/09,笠松,晴,8,駿馬特別(3歳),8,4,4,4.1,2.0,1,塚本征吾,56.0,ダ,1600.0,良,107.0,-0.1,3-2-2,41.7,489,-1,(オリエンタルボーイ),70.0
2022100207,タイセイフランク,2024/12/30,笠松,曇,2,バチャマガ5周年記念(2歳),6,3,3,1.2,1.0,1,塚本征吾,55.0,ダ,1400.0,良,91.7,-1.4,2-1-1,39.1,490,-7,(ラブリイシュール),60.0
2022100207,タイセイフランク,2024/12/13,笠松,曇,9,寒雲特別(2歳),9,8,8,2.3,2.0,4,渡辺竜也,55.0,ダ,1400.0,良,90.0,1.1,3-2-2,39.3,497,6,マルヨハルキ,8.2
2022100207,タイセイフランク,2024/11/07,笠松,晴,3,2歳3組,10,2,2,4.2,4.0,1,塚本征吾,55.0,ダ,1400.0,良,91.4,-0.3,1-1-1,39.0,491,17,(ハヤオ),60.0
2022100207,タイセイフランク,2024/10/05,4新潟1,曇,2,2歳未勝利,12,6,7,69.9,9.0,11,長浜鴻緒,53.0,ダ,1800.0,重,119.2,5.7,1-1-8-9,43.0,474,2,ダテミカヅキ,
2022100207,タイセイフランク,2024/09/16,4中山5,曇,3,2歳未勝利,13,2,2,42.8,9.0,12,岩田康誠,55.0,ダ,1200.0,良,76.0,3.5,10-11,40.2,472,-4,ケイツーギルダー,
2022100207,タイセイフランク,2024/08/17,3新潟3,晴,3,2歳未勝利,15,6,11,12.9,4.0,8,岩田康誠,55.0,ダ,1200.0,良,74.6,1.6,2-3,39.9,476,6,ニシノリンダ,
2022100207,タイセイフランク,2024/06/08,1函館1,晴,5,2歳新馬,11,7,9,12.3,7.0,9,丹内祐次,55.0,芝,1000.0,良,58.9,1.3,8-9,34.4,470,0,ヒデノブルースカイ,
2020105505,トウマ,2026/07/09,川崎,晴,10,江戸切子特別(B3二),11,1,1,13.3,4.0,5,鷹見陸,56.0,ダ,1400.0,良,91.3,0.5,8-7-9-4,40.0,467.0,8.0,ラムテリオス,24.0
2020105505,トウマ,2026/06/18,川崎,曇,12,末摘花特別(B3二),12,2,2,12.7,5.0,3,鷹見陸,56.0,ダ,1400.0,重,90.7,0.2,7-6-6-5,39.5,459.0,-5.0,バックビート,60.0
2020105505,トウマ,2026/05/27,浦和,曇,10,菖蒲月特別(B3),12,5,6,13.4,5.0,5,町田直希,56.0,ダ,1500.0,良,97.0,0.2,9-9-9-9,38.0,464.0,1.0,アラビアンレイン,30.0
2020105505,トウマ,2026/05/14,川崎,曇,12,早苗月特別(B3二),12,6,7,27.4,9.0,6,佐野遥久,56.0,ダ,1400.0,良,91.2,1.6,8-8-8-8,40.1,463.0,-5.0,エレファントラン,
2020105505,トウマ,2026/04/21,浦和,晴,7,まるまるひがしにほん(B3),10,8,10,29.4,6.0,6,町田直希,56.0,ダ,1400.0,良,89.8,0.5,8-7-7-6,37.8,468.0,4.0,ダノンレーニア,
2020105505,トウマ,2026/04/06,川崎,晴,10,卯の花月特別(B3三),10,6,6,15.1,5.0,8,町田直希,56.0,ダ,1500.0,重,97.9,1.5,4-4-4-8,40.6,464.0,3.0,ソイラテ,
2020105505,トウマ,2026/03/17,浦和,晴,7,C1三,7,6,6,6.8,3.0,1,町田直希,56.0,ダ,1500.0,良,97.6,0.0,3-4-3-2,37.8,461.0,2.0,(エコロスヴァル),120.0
2020105505,トウマ,2026/03/05,川崎,晴,9,皆様に愛されて50年(C1),11,1,1,16.8,5.0,3,町田直希,56.0,ダ,1500.0,重,97.3,1.0,5-5-5-4,40.1,459.0,-6.0,ホウオウパレード,45.0
2020105505,トウマ,2026/02/04,川崎,晴,12,立山賞(C1),14,3,4,13.8,5.0,3,町田直希,56.0,ダ,1500.0,良,98.0,0.8,4-3-4-4,40.0,465.0,6.0,ソイラテ,45.0
2020105505,トウマ,2026/01/03,川崎,晴,8,七福即生特別(C1),12,6,7,7.7,4.0,3,町田直希,56.0,ダ,1600.0,稍,106.3,0.9,2-2-2-2,41.7,459.0,0.0,ロアリングフレイム,45.0
2020105505,トウマ,2025/12/18,川崎,晴,4,ブルーマウンテン賞(C1二),12,7,10,2.6,2.0,5,町田直希,56.0,ダ,1600.0,稍,107.0,1.6,3-3-1-2,41.6,459.0,-1.0,ドレアンティア,18.0
2020105505,トウマ,2025/11/19,川崎,晴,9,モルト賞(C1二),11,5,5,13.6,5.0,4,町田直希,56.0,ダ,1600.0,良,106.7,0.2,5-5-6-5,40.2,460.0,6.0,アンジュメロディ,27.0
2020105505,トウマ,2025/07/10,川崎,晴,7,フォーカード賞(C1二),14,3,4,5.1,3.0,14,町田直希,56.0,ダ,1600.0,良,110.5,5.3,2-2-4-12,46.7,454.0,2.0,マインドブロン,
2020105505,トウマ,2025/06/16,川崎,晴,11,神楽酒造盃くろうま賞(C1C2),11,6,7,4.2,3.0,1,町田直希,57.0,ダ,1600.0,重,105.6,-1.0,2-2-2-1,40.2,452.0,-2.0,(ブラッドライン),200.0
2020105505,トウマ,2025/05/28,浦和,晴,7,上尾串ぎょうざ賞(C1),13,8,12,7.3,4.0,3,町田直希,56.0,ダ,1400.0,良,88.7,0.9,7-7-5-4,38.1,454.0,1.0,トーセンエナジー,30.0
2020105505,トウマ,2025/05/12,川崎,曇,9,レッドカーペット賞(C2),14,3,4,4.2,3.0,2,町田直希,56.0,ダ,1500.0,重,98.0,0.0,3-3-1-2,40.4,453.0,2.0,プルーフリーダー,60.0
2020105505,トウマ,2025/04/07,川崎,晴,9,イースター賞(C2),12,1,1,3.0,2.0,4,町田直希,56.0,ダ,1400.0,稍,94.4,1.0,7-8-9-4,40.0,451.0,2.0,シントーキズナ,22.5
2020105505,トウマ,2025/03/19,浦和,雨,9,埼玉の酪農応援賞特別(C2),0,7,7,,,,町田直希,56.0,ダ,1500.0,不,,,,,,,,
2020105505,トウマ,2025/03/03,川崎,雨,8,カラスミ賞(C2),9,8,8,2.8,2.0,2,町田直希,56.0,ダ,1500.0,不,98.9,0.4,1-1-1-1,41.8,449.0,9.0,マイアミ,60.0
2020105505,トウマ,2024/12/05,名古屋,晴,10,初雪特別(A),11,4,4,10.1,4.0,4,丸野勝虎,56.0,ダ,1500.0,良,96.3,1.3,2-2-3,39.7,440.0,9.0,ブルーウィン,13.5
2020105505,トウマ,2024/11/12,名古屋,晴,11,紅葉特別(A),12,5,6,8.4,3.0,3,大畑慧悟,56.0,ダ,1500.0,良,95.7,0.0,4-3-2,39.1,431.0,-6.0,アルティメットサガ,18.0
2020105505,トウマ,2024/10/31,名古屋,曇,10,ジャックオーランタン(A),12,8,12,7.3,4.0,2,大畑慧悟,56.0,ダ,1700.0,稍,109.6,0.0,2-1-1,39.6,437.0,2.0,フレスコバルディ,31.5
2020105505,トウマ,2024/10/18,名古屋,曇,11,秋晴れ特別(A),12,5,5,15.7,6.0,9,丸野勝虎,56.0,ダ,1700.0,良,110.8,1.3,4-7-6,39.5,435.0,-3.0,エイトワン,
2020105505,トウマ,2024/10/03,名古屋,雨,12,北名古屋特別(A),10,7,7,4.9,2.0,9,大畑慧悟,56.0,ダ,2000.0,不,131.5,1.8,4-4-4,40.8,438.0,5.0,ケルンコンサート,
2020105505,トウマ,2024/09/18,名古屋,晴,11,津島特別(A),11,6,7,15.6,5.0,2,大畑慧悟,56.0,ダ,1700.0,良,109.8,0.2,2-1-1,38.8,433.0,-1.0,リリーバローズ,35.0
2020105505,トウマ,2024/09/03,名古屋,曇,11,案山子特別(A),12,6,7,5.4,4.0,5,大畑慧悟,56.0,ダ,1500.0,稍,95.9,1.2,2-2-3,39.2,434.0,6.0,サンパティーク,9.0
2020105505,トウマ,2024/08/06,名古屋,晴,11,しし座特別(B),10,8,11,14.3,5.0,2,大畑慧悟,56.0,ダ,1500.0,良,96.1,0.1,3-3-2,39.3,428.0,2.0,イストロス,31.5
2020105505,トウマ,2024/07/23,名古屋,晴,12,かんむり座特別(B),10,7,7,6.6,5.0,7,大畑慧悟,55.0,ダ,1700.0,良,111.0,2.0,5-6-7,40.3,426.0,-13.0,カールポメロ,
2020105505,トウマ,2024/06/25,名古屋,曇,10,アクベンス特別(B),12,6,8,1.9,1.0,2,大畑慧悟,55.0,ダ,1500.0,稍,95.0,0.0,7-3-1,38.0,439.0,11.0,ゴルトレオパルト,26.3
2020105505,トウマ,2024/05/28,名古屋,雨,11,ポルックス特別(B),12,4,4,2.6,1.0,2,大畑慧悟,55.0,ダ,1500.0,不,95.3,0.5,1-1-1,38.2,428.0,-1.0,ローズパレード,26.3
2020105505,トウマ,2024/05/02,名古屋,晴,8,B4組,9,7,7,2.0,1.0,2,大畑慧悟,55.0,ダ,1700.0,良,110.6,1.8,4-4-2,39.5,429.0,-1.0,ダンネワード,21.0
2020105505,トウマ,2024/04/25,名古屋,晴,12,アジア・アジアパラ応(B),11,7,9,1.5,1.0,1,大畑慧悟,55.0,ダ,1500.0,重,96.0,-0.6,2-2-1,39.4,430.0,1.0,(ラグナキリア),60.0
2020105505,トウマ,2024/04/12,名古屋,晴,12,阿寺の七滝特別(C),11,2,2,2.9,2.0,2,大畑慧悟,55.0,ダ,1500.0,良,96.5,0.1,1-1-1,39.3,429.0,3.0,イチゴヒトフリ,26.3
2020105505,トウマ,2024/03/15,名古屋,晴,5,C5組,12,3,3,1.7,1.0,1,大畑慧悟,55.0,ダ,1500.0,良,95.7,-0.9,1-1-1,38.6,426.0,-5.0,(ニホンピロラグーナ),45.0
2020105505,トウマ,2024/03/01,名古屋,晴,12,佐布里池特別(C),11,1,1,7.4,4.0,5,大畑慧悟,55.0,ダ,920.0,重,57.5,1.0,4,37.2,431.0,4.0,グラニットピーク,6.5
2020105505,トウマ,2024/02/14,名古屋,晴,5,C15組,11,8,11,1.9,1.0,1,大畑慧悟,55.0,ダ,1500.0,良,97.3,-0.3,2-2-1,38.7,427.0,-1.0,(アトリーテソーロ),45.0
2020105505,トウマ,2024/01/31,名古屋,小雨,12,矢田川特別(C),11,4,4,6.7,2.0,3,宮下瞳,54.0,ダ,1700.0,良,112.1,1.6,8-7-3,41.0,428.0,-2.0,リプレゼント,11.6
2020105505,トウマ,2024/01/16,名古屋,晴,1,C26組,10,7,7,3.8,2.0,1,大畑慧悟,55.0,ダ,1500.0,良,96.6,-1.2,3-3-1,38.6,430.0,3.0,(トウシンイマジ),45.0
2020105505,トウマ,2024/01/02,名古屋,晴,1,C27組,10,5,5,44.4,8.0,4,大畑雅章,56.0,ダ,920.0,良,57.3,0.8,5,37.0,427.0,1.0,グラニットピーク,6.8
2020105505,トウマ,2023/12/20,名古屋,晴,7,C20組,12,3,3,16.9,7.0,6,大畑慧悟,54.0,ダ,1500.0,良,99.7,1.4,5-5-7,41.7,426.0,-3.0,ジャガンナート,
2020105505,トウマ,2023/12/12,名古屋,曇,8,C21組,12,7,9,26.4,7.0,3,大畑雅章,56.0,ダ,1500.0,不,99.2,0.3,5-5-3,40.0,429.0,9.0,パディントンブーツ,9.0
2020105505,トウマ,2023/11/07,門別,雨,6,3歳以上C4ー2,12,1,1,146.5,9.0,7,松井伸也,56.0,ダ,1700.0,不,114.0,2.4,2-3-4-5,41.0,420.0,0.0,サンウイング,
2020105505,トウマ,2023/10/26,門別,晴,2,北海道えぞまつ賞2(C4),10,5,5,47.4,6.0,5,木澤奨,53.0,ダ,1800.0,稍,121.9,0.9,2-2-2-2,42.1,420.0,0.0,ジャガンナート,2.8
2020105505,トウマ,2023/10/10,門別,曇,3,3歳以上C4ー3,10,4,4,29.8,5.0,9,阿岸潤一,54.0,ダ,1600.0,重,108.9,3.5,3-3-4-7,45.5,420.0,2.0,フェッテ,
2020105505,トウマ,2023/09/26,門別,曇,3,3歳以上C4ー3,11,1,1,15.1,6.0,7,阿岸潤一,53.0,ダ,1700.0,良,115.1,2.2,3-3-3-4,43.3,418.0,2.0,グレイトインディ,
2020105505,トウマ,2023/09/13,門別,晴,4,3歳以上C4ー3,12,5,6,46.8,9.0,4,阿岸潤一,53.0,ダ,1700.0,重,113.8,1.0,3-3-3-2,42.3,416.0,-8.0,アヴェラルド,5.6
2020105505,トウマ,2023/08/29,門別,曇,12,王冠賞〔H2〕(重賞),12,8,11,151.8,9.0,12,岩橋勇二,56.0,ダ,1800.0,良,124.2,9.0,9-6-12-12,45.2,424.0,2.0,ベルピット,
2020105505,トウマ,2023/07/25,門別,曇,4,3歳以上C4ー3,7,6,6,13.7,5.0,1,阿岸潤一,53.0,ダ,1600.0,良,105.9,-0.5,4-2-2-1,40.9,422.0,14.0,(ゴールドアクトレス),40.0
2020105505,トウマ,2023/06/14,門別,曇,6,3歳以上C4ー3,11,7,9,288.3,9.0,7,若杉朝飛,53.0,ダ,1700.0,稍,114.9,1.7,8-5-5-4,41.1,408.0,-10.0,ピエナディヴィータ,
2020105505,トウマ,2023/06/07,門別,雨,1,3歳条件未勝利(未勝利),12,7,9,21.2,6.0,7,若杉朝飛,53.0,ダ,1000.0,稍,64.0,1.5,9-8,38.7,418.0,4.0,ゲンサイ,
2020105505,トウマ,2023/05/24,門別,晴,1,3歳条件未勝利(未勝利),12,7,10,79.9,10.0,7,若杉朝飛,53.0,ダ,1200.0,稍,77.3,0.9,6-6,39.7,414.0,0.0,ヴェニスクィーン,
2020105505,トウマ,2023/05/04,門別,晴,1,3歳条件未勝利(未勝利),11,7,9,93.9,8.0,4,若杉朝飛,53.0,ダ,1000.0,良,63.6,0.8,7-5,38.4,414.0,4.0,マミーマム,7.0
2020105505,トウマ,2023/04/20,門別,曇,3,3歳条件未勝利(未勝利),9,7,7,206.1,9.0,5,若杉朝飛,53.0,ダ,1000.0,稍,63.8,2.1,6-6,39.1,410.0,-4.0,ラトラパンテ,3.5
2020105505,トウマ,2022/11/02,門別,晴,3,2歳未勝利(未勝利),6,4,4,57.0,6.0,5,高野誠毅,55.0,ダ,1000.0,稍,64.3,2.4,6-6,39.0,414.0,-2.0,マダムレディバグ,3.5
2020105505,トウマ,2022/10/19,門別,晴,5,オータムライト級カッ(未勝利)(2歳),12,5,5,44.6,8.0,10,松井伸也,55.0,ダ,1000.0,良,64.7,2.1,10-9,38.8,416.0,4.0,アソス,
2020105505,トウマ,2022/10/04,門別,雨,4,2歳未勝利(未勝利),9,4,4,57.1,5.0,5,松井伸也,55.0,ダ,1000.0,不,63.1,1.5,7-4,37.9,412.0,6.0,ヌンヌンシー,3.5
2020105505,トウマ,2022/09/13,門別,晴,2,2歳未勝利(未勝利),9,3,3,136.0,7.0,6,高野誠毅,54.0,ダ,1000.0,良,65.1,2.2,9-8,39.3,406.0,-2.0,ラヴァルス,
2020105505,トウマ,2022/08/30,門別,曇,1,2歳未勝利(未勝利),10,1,1,110.8,8.0,9,高野誠毅,54.0,ダ,1000.0,稍,64.2,1.9,7-9,38.7,408.0,0.0,ジージーファン,
2020105505,トウマ,2022/08/09,門別,雨,6,安平町就農研修生募集(未勝利)(2歳),8,5,5,79.0,6.0,8,松井伸也,54.0,ダ,1000.0,不,64.4,3.0,2-4,40.4,408.0,0.0,クラマサヴィーナス,
2020105505,トウマ,2022/07/28,門別,晴,7,JRA認定フレッシュ(新馬)(2歳),7,6,6,58.3,7.0,6,松井伸也,54.0,ダ,1100.0,良,70.3,1.8,5-6,39.2,408.0,0.0,シャーマンロック,
2020105505,トウマ,2022/07/21,門別,晴,3,JRA認定フレッシュ(新馬)(2歳),6,4,4,,,取,岩橋勇二,54.0,ダ,1100.0,重,,,,,,,ドロットニング,
2022103752,ピーターライズ,2026/07/08,川崎,晴,8,仙人草賞(C1),10,3,3,1.7,1.0,1,町田直希,56.0,ダ,1400.0,稍,91.7,-0.1,9-9-5-8,38.9,499,0,(ラブリエスト),120.0
2022103752,ピーターライズ,2026/06/29,船橋,曇,9,アガパンサススプリン(B3),8,4,4,1.9,1.0,3,町田直希,56.0,ダ,1200.0,重,75.7,0.6,7-5-5,37.8,499,1,ナムラペルル,67.5
2022103752,ピーターライズ,2026/06/04,船橋,曇,9,サムライスプリント(C1),12,1,1,6.7,2.0,2,町田直希,56.0,ダ,1200.0,稍,76.2,1.7,9-11-10,37.3,498,-7,ソルジェンテポー,72.0
2022103752,ピーターライズ,2026/05/13,川崎,晴,7,紫丁香花賞(C1),12,6,8,1.5,1.0,2,町田直希,57.0,ダ,1400.0,良,91.5,0.2,9-9-4-4,37.9,505,-3,メイショウマヒロ,48.0
2022103752,ピーターライズ,2026/05/04,船橋,曇,5,C1四五,12,6,7,2.4,1.0,1,町田直希,56.0,ダ,1200.0,稍,75.1,-0.8,12-9-4,37.8,508,26,(マッドネスカズ),130.0
2022103752,ピーターライズ,2025/07/06,2福島4,曇,6,3歳未勝利,16,8,16,3.4,2.0,3,三浦皇成,57.0,ダ,1150.0,良,69.4,0.8,5-5,36.9,482,-6,エスシーレベッカ,140.0
2022103752,ピーターライズ,2025/06/21,3東京5,晴,7,3歳未勝利,16,5,10,7.2,3.0,3,川田将雅,57.0,ダ,1300.0,良,78.2,0.2,4-5,36.1,488,-14,シルフレイ,140.0
2022103752,ピーターライズ,2024/12/14,5中山5,晴,3,2歳未勝利,16,5,9,3.5,2.0,14,佐々木大,56.0,ダ,1200.0,良,75.9,2.8,15-14,39.5,502,4,ヤマメキング,
2022103752,ピーターライズ,2024/11/10,5東京4,曇,4,2歳新馬,16,1,2,13.0,6.0,2,佐々木大,56.0,ダ,1300.0,良,80.3,0.2,3-3,36.2,498,0,ピコレッド,290.0
2022103436,ピーエムナナ,2026/04/08,川崎,晴,10,川崎記念3連覇ホッコ(B2B3),14,4,5,32.9,9.0,5,本橋孝太,55.0,ダ,1500.0,稍,97.6,0.7,14-11-11-8,39.0,456.0,-3.0,モネ,28.0
2022103436,ピーエムナナ,2026/03/04,川崎,曇,10,萌え野特別(B2),9,5,5,9.0,4.0,8,本橋孝太,54.0,ダ,1500.0,不,97.0,1.2,6-6-7-7,39.9,459.0,-5.0,ミスマルゴー,
2022103436,ピーエムナナ,2026/02/05,川崎,晴,11,湘南オリーブオイル杯(B2),12,6,8,15.0,4.0,11,桑村真明,54.0,ダ,1400.0,良,92.6,2.4,4-6-3-5,41.4,464.0,-1.0,サウンドバッハ,
2022103436,ピーエムナナ,2026/01/01,川崎,晴,8,一富士賞(B3),14,7,11,4.9,2.0,3,笹川翼,54.0,ダ,1500.0,稍,97.7,0.6,4-3-4-3,39.4,465.0,12.0,モイラ,60.0
2022103436,ピーエムナナ,2025/11/17,川崎,晴,10,時雨空特別(B2),11,8,11,,,除,笹川翼,52.0,ダ,1400.0,良,,,,,472.0,19.0,サザンカ,
2022103436,ピーエムナナ,2025/07/09,川崎,晴,10,江戸切子特別(B3),12,8,12,7.2,3.0,2,今野忠成,53.0,ダ,1500.0,良,97.4,1.8,8-9-8-7,41.2,453.0,10.0,ホッコーソムニウム,96.0
2022103436,ピーエムナナ,2025/06/04,船橋,晴,11,若潮スプリント(重賞),12,2,2,45.3,8.0,4,今野忠成,54.0,ダ,1200.0,重,74.9,1.3,11-11-10,37.6,443.0,-4.0,ベアバッキューン,170.0
2022103436,ピーエムナナ,2025/04/30,大井,晴,11,東京プリンセス賞競走(重賞),16,1,2,74.9,8.0,12,今野忠成,54.0,ダ,1800.0,稍,118.0,2.8,8-7-7-9,42.1,447.0,2.0,ベルグラシアス,
2022103436,ピーエムナナ,2025/04/10,川崎,雨,11,ネクストスター東日本(重賞),12,8,12,19.2,6.0,3,今野忠成,54.0,ダ,1400.0,稍,89.9,0.4,8-8-7-6,39.6,445.0,-4.0,ガバナビリティー,300.0
2022103436,ピーエムナナ,2025/03/19,浦和,雨,11,ネクストスター東日本(重賞),0,1,1,,,,今野忠成,54.0,ダ,1400.0,不,,,,,,,,
2022103436,ピーエムナナ,2025/03/05,川崎,雨,11,椿(OP)(3歳),13,5,7,34.5,11.0,5,今野忠成,53.0,ダ,1600.0,不,106.7,1.3,13-13-11-7,39.9,449.0,4.0,ヤギリケハヤ,50.0
2022103436,ピーエムナナ,2025/02/05,川崎,晴,7,ガーネットフラワー賞(3歳),12,7,10,27.1,7.0,1,今野忠成,54.0,ダ,1400.0,稍,92.4,-0.6,6-5-6-1,39.7,445.0,-1.0,(サウスヴィルステラ),250.0
2022103436,ピーエムナナ,2025/01/01,川崎,晴,3,初詣賞(3歳),14,1,1,147.4,11.0,2,今野忠成,54.0,ダ,1500.0,良,99.4,0.8,6-4-7-4,41.3,446.0,1.0,ミステリオ,100.0
2022103436,ピーエムナナ,2024/12/09,川崎,晴,4,スパイダー賞(2歳),11,8,11,30.3,7.0,11,伊藤裕人,54.0,ダ,1500.0,良,105.5,5.8,1-1-5-10,47.6,445.0,-10.0,アーサ,
2022103436,ピーエムナナ,2024/07/25,川崎,晴,6,シャイニングヒーロー(2歳),14,8,13,9.4,4.0,12,西啓太,54.0,ダ,1500.0,良,101.5,3.3,6-9-10-11,43.6,455.0,-1.0,ヤギリケハヤ,
2022103436,ピーエムナナ,2024/07/04,川崎,晴,5,スパーキングデビュー(2歳),6,2,2,2.8,2.0,1,笹川翼,54.0,ダ,1400.0,稍,93.6,-0.3,2-2-1-1,39.8,456.0,0.0,(バックビート),420.0
2023105609,バルジェロ,2026/07/09,川崎,晴,8,疾風賞(C1),10,2,2,6.1,4.0,1,町田直希,55.0,ダ,900.0,良,55.2,-0.1,6-6,37.7,444,-7,(ニャンモロー),120.0
2023105609,バルジェロ,2026/06/18,川崎,曇,10,電光石火賞(B3),11,8,11,5.5,2.0,7,野畑凌,54.0,ダ,900.0,重,56.3,0.9,1-4,38.4,451,0,サラサエンペラー,
2023105609,バルジェロ,2026/05/13,川崎,晴,2,ブレッザ賞(3歳),12,1,1,3.5,2.0,3,町田直希,57.0,ダ,900.0,良,55.2,0.4,8-5,37.2,451,1,ラタランテラ,50.0
2023105609,バルジェロ,2026/04/06,川崎,晴,4,レインボー賞(3歳),12,5,6,5.3,3.0,1,町田直希,56.0,ダ,900.0,重,54.5,-0.1,1-3,37.1,450,-2,(グランドフロイデ),200.0
2023105609,バルジェロ,2026/03/05,川崎,晴,3,シュトゥルムヴィント(3歳),12,7,10,8.6,4.0,3,町田直希,56.0,ダ,900.0,重,55.2,0.6,5-5,37.4,452,-1,フォーティチュード,62.5
2023105609,バルジェロ,2026/02/03,川崎,晴,4,青鵐特別(3歳),14,4,6,32.8,7.0,7,町田直希,56.0,ダ,1500.0,良,99.2,1.4,4-3-3-4,41.6,453,-1,オリコウエルドラド,
2023105609,バルジェロ,2026/01/04,川崎,晴,6,招福特別(3歳),10,7,8,16.4,4.0,3,町田直希,56.0,ダ,1500.0,稍,99.0,1.3,2-2-2-3,40.6,454,-4,オリコウエルドラド,75.0
2023105609,バルジェロ,2025/12/19,川崎,晴,6,ジングルベル賞(2歳),9,7,7,15.4,5.0,3,町田直希,55.0,ダ,1500.0,稍,98.8,0.6,2-2-2-2,40.1,458,8,テンクウノカガヤキ,62.5
2023105609,バルジェロ,2025/08/06,川崎,晴,2,オオムラサキ特別(2歳),8,4,4,11.4,4.0,2,町田直希,54.0,ダ,1500.0,良,99.1,0.8,2-2-2-3,41.6,450,6,コスモギガンティア,120.0
2023105609,バルジェロ,2025/07/08,川崎,晴,3,シャイニングスター賞(2歳),10,8,9,71.2,7.0,5,山崎誠士,54.0,ダ,1400.0,良,94.6,2.4,9-9-9-9,41.9,444,0,スマトラフレイバー,40.0
2023105609,バルジェロ,2025/06/17,川崎,晴,3,ホタル特別(2歳),7,3,3,6.8,4.0,3,山崎誠士,54.0,ダ,1400.0,稍,93.7,1.3,2-2-2-2,42.1,444,-2,クリムゾンプリンス,75.0
2023105609,バルジェロ,2025/05/16,川崎,晴,3,スパーキングデビュー(2歳),8,6,6,2.1,1.0,3,山崎誠士,54.0,ダ,900.0,稍,56.1,0.5,3-2,37.7,446,0,クリムゾンプリンス,105.0
2022107328,エムティワイザー,2026/07/09,川崎,晴,10,江戸切子特別(B3二),11,5,5,6.8,3.0,3,古岡勇樹,56.0,ダ,1400.0,良,91.1,0.3,2-2-1-1,40.6,429,-4,ラムテリオス,60.0
2022107328,エムティワイザー,2026/06/18,川崎,曇,12,末摘花特別(B3二),12,7,10,3.7,3.0,5,古岡勇樹,56.0,ダ,1400.0,重,91.6,1.1,2-3-3-4,40.8,433,2,バックビート,24.0
2022107328,エムティワイザー,2026/05/14,川崎,曇,12,早苗月特別(B3二),12,2,2,12.8,6.0,2,古岡勇樹,56.0,ダ,1400.0,良,89.9,0.3,1-1-1-1,39.4,431,2,エレファントラン,96.0
2022107328,エムティワイザー,2026/04/10,川崎,雨,12,ファイナルアンサー賞(B3),11,2,2,3.1,2.0,3,古岡勇樹,56.0,ダ,1500.0,不,97.6,0.4,9-9-10-7,39.5,429,3,ヴィルミーキスミー,52.5
2022107328,エムティワイザー,2026/03/02,川崎,曇,12,啓蟄特別(B3二),12,3,3,5.7,2.0,4,町田直希,56.0,ダ,1400.0,稍,92.4,0.5,4-5-5-3,40.0,426,-1,カセノラオー,36.0
2022107328,エムティワイザー,2026/02/02,川崎,晴,12,大寒特別(B3),13,8,12,14.7,5.0,7,福原杏,56.0,ダ,1400.0,良,92.1,1.9,4-4-2-4,40.9,427,1,ミスマルゴー,
2022107328,エムティワイザー,2026/01/03,川崎,晴,10,宝船特別(B3),13,2,2,13.3,3.0,4,福原杏,56.0,ダ,1400.0,稍,91.4,1.1,6-6-6-5,39.8,426,0,スターグリップ,36.0
2022107328,エムティワイザー,2025/12/18,川崎,晴,10,雪模様特別(B3),10,5,5,11.1,4.0,3,福原杏,56.0,ダ,1400.0,稍,91.5,0.7,2-2-2-2,38.8,426,-4,スターグリップ,60.0
2022107328,エムティワイザー,2025/11/17,川崎,晴,9,七竈賞(B3),14,3,4,17.1,7.0,10,佐野遥久,55.0,ダ,1500.0,良,99.1,1.5,10-11-8-5,41.2,430,9,ゴールデンマイク,
2022107328,エムティワイザー,2025/08/06,川崎,晴,8,カンチェンジュンガ賞(C1二),9,8,8,3.9,3.0,2,佐野遥久,54.0,ダ,1400.0,良,89.9,0.3,1-1-1-1,38.5,421,0,ビップソリオ,72.0
2022107328,エムティワイザー,2025/07/10,川崎,晴,8,バカラ賞(C1二),12,2,2,5.1,2.0,7,山崎誠士,55.0,ダ,1400.0,良,92.5,0.9,4-3-6-6,40.6,421,-3,ピッツァナポリ,
2022107328,エムティワイザー,2025/06/20,川崎,晴,10,末摘花特別(B3),11,8,10,13.7,5.0,6,山崎誠士,54.0,ダ,1400.0,良,91.2,0.9,8-8-7-5,39.2,424,-1,ミスマルゴー,
2022107328,エムティワイザー,2025/06/06,船橋,曇,5,海風スプリント(3歳),12,8,11,15.1,4.0,2,山崎誠士,57.0,ダ,1200.0,良,75.2,0.0,3-2-2,39.5,425,-4,ジョイフルロック,100.0
2022107328,エムティワイザー,2025/05/14,川崎,晴,2,ブレッザ賞(3歳),12,5,6,12.4,5.0,7,佐野遥久,56.0,ダ,900.0,重,56.1,1.5,10-10,38.3,429,5,カンノンミカヅキ,
2022107328,エムティワイザー,2025/04/07,川崎,曇,1,レインボー賞(3歳),10,2,2,7.8,2.0,2,笹川翼,56.0,ダ,900.0,稍,55.5,0.3,1-1,38.1,424,-4,カンノンミカヅキ,80.0
2022107328,エムティワイザー,2025/03/07,川崎,晴,3,シュトゥルムヴィント(3歳),12,8,11,10.3,3.0,3,吉原寛人,56.0,ダ,900.0,重,55.5,0.9,2-1,38.0,428,5,カンノンミカヅキ,62.5
2022107328,エムティワイザー,2024/11/13,川崎,晴,1,つばめ賞(2歳),9,5,5,4.9,3.0,1,落合玄太,55.0,ダ,900.0,稍,56.0,-0.2,1-2,38.3,423,-3,(キモンルート),220.0
2022107328,エムティワイザー,2024/10/10,川崎,曇,1,スパーキングデビュー(2歳),7,2,2,1.4,1.0,1,山崎誠士,55.0,ダ,900.0,重,57.1,-1.0,1-1,38.7,426,0,(ボヌールネージュ),400.0
2023102588,サラサチャレンジ,2025/11/30,佐賀,晴,5,フォーマルハウト賞(重賞),12,5,5,4.2,2.0,4,山口勲,54.0,ダ,1400.0,良,89.8,0.7,1-1-1-1,38.9,489,-8,サキドリトッケン,105.0
2023102588,サラサチャレンジ,2025/11/18,川崎,晴,11,ローレル賞(重賞),12,1,1,115.3,8.0,6,伊藤裕人,54.0,ダ,1600.0,良,105.9,1.8,4-5-5-4,41.8,497,5,アンジュルナ,
2023102588,サラサチャレンジ,2025/10/26,盛岡,雨,11,プリンセスC(重賞),12,6,8,20.3,6.0,7,伊藤裕人,54.0,ダ,1400.0,稍,86.7,1.5,3-3,38.3,492,6,トリップス,
2023102588,サラサチャレンジ,2025/10/12,金沢,曇,8,金沢シンデレラC(重賞),11,3,3,3.3,2.0,4,吉原寛人,55.0,ダ,1500.0,良,96.5,1.7,5-6-6-5,39.8,486,-1,ココキュンキュン,48.0
2023102588,サラサチャレンジ,2025/09/18,園田,曇,11,園田プリンセスC(重賞),11,5,6,8.0,3.0,2,伊藤裕人,54.0,ダ,1400.0,良,92.1,0.2,3-3-1-1,40.6,487,-3,ココキュンキュン,280.0
2023102588,サラサチャレンジ,2025/08/22,川崎,晴,5,シャイニングヒーロー(2歳),10,2,2,2.0,1.0,4,伊藤裕人,54.0,ダ,1500.0,良,100.1,0.9,5-4-2-3,41.0,490,-5,ミュークニュウ,60.0
2023102588,サラサチャレンジ,2025/08/07,川崎,曇,11,初陣(OP)(2歳),10,1,1,4.3,2.0,3,伊藤裕人,54.0,ダ,1400.0,良,93.2,1.0,1-1-1-1,42.4,495,3,ロードレイジング,100.0
2023102588,サラサチャレンジ,2025/07/11,川崎,曇,5,スパーキングデビュー(2歳),6,4,4,1.4,1.0,1,伊藤裕人,54.0,ダ,1400.0,重,93.9,-0.2,2-2-2-2,40.3,492,0,(クリエイション),420.0
2020102367,リコーベレッタ,2026/07/09,川崎,晴,10,江戸切子特別(B3二),11,2,2,19.7,7.0,4.0,新原周馬,54.0,ダ,1400.0,良,91.3,0.5,3-3-4-3,40.6,471.0,13.0,ラムテリオス,36.0
2020102367,リコーベレッタ,2026/04/09,川崎,晴,12,若草特別(B3三),12,4,4,20.5,6.0,4.0,佐野遥久,53.0,ダ,1400.0,稍,91.2,0.4,4-3-3-2,40.4,458.0,-3.0,ダンデライオン,36.0
2020102367,リコーベレッタ,2026/03/02,川崎,曇,12,啓蟄特別(B3二),12,1,1,15.8,7.0,3.0,佐野遥久,53.0,ダ,1400.0,稍,92.3,0.4,3-3-4-3,40.1,461.0,0.0,カセノラオー,60.0
2020102367,リコーベレッタ,2026/02/02,川崎,晴,12,大寒特別(B3),13,6,9,18.6,6.0,11.0,町田直希,54.0,ダ,1400.0,良,93.2,3.0,8-13-8-11,41.1,461.0,-1.0,ミスマルゴー,
2020102367,リコーベレッタ,2026/01/03,川崎,晴,10,宝船特別(B3),13,3,4,47.9,9.0,2.0,佐野遥久,53.0,ダ,1400.0,稍,91.1,0.8,4-4-3-2,40.0,462.0,-6.0,スターグリップ,96.0
2020102367,リコーベレッタ,2025/12/17,川崎,晴,7,SPAT4ならポイン(B3),9,7,7,17.5,5.0,8.0,佐野遥久,53.0,ダ,1400.0,稍,93.8,2.3,4-3-5-4,42.4,468.0,18.0,ボーイハンター,
2020102367,リコーベレッタ,2025/09/11,川崎,雨,9,日和風特別(B3),0,7,12,,,,佐野遥久,53.0,ダ,1600.0,不,,,,,,,,
2020102367,リコーベレッタ,2025/08/25,川崎,晴,10,凌霄花特別(B3),13,8,12,41.3,7.0,3.0,佐野遥久,53.0,ダ,1500.0,良,97.1,0.1,2-2-2-2,40.0,450.0,0.0,ビップソリオ,60.0
2020102367,リコーベレッタ,2025/08/08,川崎,晴,10,夏紅特別(B3),11,4,4,36.1,8.0,3.0,佐野遥久,53.0,ダ,1400.0,良,91.0,0.9,2-2-1-3,40.5,450.0,3.0,オリコウデレガンス,60.0
2020102367,リコーベレッタ,2025/04/11,川崎,雨,11,卯の花月特別(B3),13,6,9,34.7,8.0,6.0,佐野遥久,53.0,ダ,1500.0,不,98.6,1.6,4-6-4-5,41.2,447.0,-3.0,エメリーナ,
2020102367,リコーベレッタ,2025/03/06,川崎,曇,12,鳴門賞(C1二),10,8,9,6.4,3.0,1.0,佐野遥久,52.0,ダ,1400.0,不,92.6,-0.2,2-2-2-1,40.9,450.0,7.0,(カレンタクト),180.0
2020102367,リコーベレッタ,2025/02/04,川崎,曇,12,王者の眼差し賞(C1),12,6,7,5.7,3.0,1.0,佐野遥久,52.0,ダ,1400.0,稍,92.5,0.0,1-1-1-1,39.4,443.0,-4.0,(ポテンザ),120.0
2020102367,リコーベレッタ,2025/01/04,川崎,晴,9,黒豆賞(C1二),12,3,3,17.7,5.0,6.0,佐野遥久,52.0,ダ,1400.0,良,92.6,0.7,5-4-4-4,40.9,447.0,0.0,ヘクトプリンセス,
2020102367,リコーベレッタ,2024/12/12,川崎,晴,12,マンデリン賞(C1二),12,7,9,23.2,7.0,4.0,阿部龍,52.0,ダ,1400.0,良,92.7,0.6,5-5-4-5,39.9,447.0,-7.0,タイセイアーメット,27.0
2020102367,リコーベレッタ,2024/10/30,門別,晴,12,アニマルキングダム賞(B3),12,2,2,95.5,10.0,3.0,桑村真明,55.0,ダ,1200.0,良,75.0,0.1,12-12,36.4,454.0,-6.0,クインズアルテミス,13.7
2020102367,リコーベレッタ,2024/10/17,門別,晴,12,浦臼にんにく特別(B3),12,6,7,35.0,8.0,8.0,宮内勇樹,54.0,ダ,1200.0,稍,75.4,1.3,5-5,38.5,460.0,2.0,クインズアルテミス,
2020102367,リコーベレッタ,2024/09/19,門別,晴,11,サロマ大収穫祭特別(B3),9,5,5,35.4,7.0,4.0,小野楓馬,55.0,ダ,1200.0,良,75.4,0.4,4-3,38.8,458.0,14.0,フォルキャップ,9.1
2020102367,リコーベレッタ,2024/06/13,川崎,曇,12,?夏はじまる?第72(C1),12,4,4,3.4,1.0,12.0,笹川翼,54.0,ダ,1400.0,稍,94.7,3.8,1-1-1-3,44.3,444.0,2.0,ヒノデミッチー,
2020102367,リコーベレッタ,2024/05/09,川崎,曇,9,オプレンシア賞(C1二),12,6,7,4.5,1.0,9.0,笹川翼,54.0,ダ,1400.0,稍,92.3,2.3,2-2-2-4,41.8,442.0,1.0,モノノフレッド,
2020102367,リコーベレッタ,2024/04/04,川崎,曇,8,ミリオネア賞(C1二),10,8,10,5.4,2.0,5.0,伊藤裕人,54.0,ダ,1400.0,重,92.3,0.7,2-2-1-1,40.8,441.0,4.0,アートオブライフ,18.0
2020102367,リコーベレッタ,2024/03/14,川崎,晴,7,セイモア賞(C1二),13,3,3,9.8,5.0,4.0,伊藤裕人,54.0,ダ,1500.0,稍,99.3,0.3,1-1-1-1,41.8,437.0,3.0,ビスバルト,27.0
2020102367,リコーベレッタ,2024/02/01,川崎,晴,9,立山賞(C1二),11,8,10,4.2,3.0,5.0,伊藤裕人,54.0,ダ,1500.0,良,98.7,0.7,1-1-2-1,42.4,434.0,1.0,ナリサ,18.0
2020102367,リコーベレッタ,2024/01/04,川崎,晴,8,昆布巻賞(C1二),12,8,12,10.7,6.0,2.0,伊藤裕人,54.0,ダ,1400.0,良,91.7,0.0,2-2-1-2,40.3,433.0,-5.0,レッドロムルス,72.0
2020102367,リコーベレッタ,2023/09/15,川崎,曇,7,軍配賞(C1二),8,7,7,4.9,3.0,3.0,伊藤裕人,53.0,ダ,1400.0,稍,91.7,0.7,2-2-2-1,40.4,438.0,-4.0,ハーモニーレグルス,45.0
2020102367,リコーベレッタ,2023/08/24,川崎,晴,7,兜賞(C1二),11,7,8,22.8,8.0,3.0,伊藤裕人,53.0,ダ,1400.0,良,91.2,0.8,2-2-2-2,40.5,442.0,2.0,サラサワン,45.0
2020102367,リコーベレッタ,2023/07/29,川崎,晴,11,キリマンジャロ賞(C1二),10,6,6,2.8,1.0,3.0,野畑凌,53.0,ダ,1500.0,良,97.1,0.6,2-2-2-1,41.7,440.0,-8.0,ゼンコウテイ,45.0
2020102367,リコーベレッタ,2023/07/05,川崎,曇,8,ジュライフラワー賞(3歳C1),11,2,2,4.9,3.0,4.0,伊藤裕人,55.0,ダ,1400.0,良,92.0,0.5,1-1-1-1,41.1,448.0,3.0,ハクサンミニョン,37.5
2020102367,リコーベレッタ,2023/06/13,川崎,晴,4,小千鳥特別(3歳),12,7,9,3.4,1.0,1.0,伊藤裕人,54.0,ダ,1500.0,重,99.5,-0.2,1-1-1-1,42.5,445.0,2.0,(シエルラビクトア),180.0
2020102367,リコーベレッタ,2023/05/17,川崎,晴,3,アウラー特別(3歳),14,5,8,21.1,6.0,2.0,伊藤裕人,54.0,ダ,1500.0,稍,100.0,0.4,2-2-1-2,41.9,443.0,18.0,ホヌ,72.0
2020102367,リコーベレッタ,2023/01/03,川崎,晴,1,おみくじ賞(3歳),11,8,11,7.1,4.0,1.0,伊藤裕人,54.0,ダ,1400.0,良,95.4,-0.1,2-2-2-1,42.0,425.0,-15.0,(アルスヴィズ),160.0
2020102367,リコーベレッタ,2022/10/11,門別,曇,1,にいかっぷホロシリ賞(未勝利)(2歳),10,4,4,18.4,7.0,5.0,山本咲希,54.0,ダ,1100.0,不,67.8,0.6,1-1,38.7,440.0,0.0,ハナレタクナイ,3.5
2020102367,リコーベレッタ,2022/09/20,門別,晴,1,とねっこ館でエクササ(未勝利)(2歳),7,3,3,6.6,4.0,2.0,山本咲希,54.0,ダ,1000.0,不,61.4,0.2,2-3,37.2,440.0,-6.0,リトルアーサー,14.0
2020102367,リコーベレッタ,2022/08/10,門別,曇,1,2歳未勝利(未勝利),10,5,5,19.3,5.0,10.0,亀井洋司,54.0,ダ,1200.0,不,83.1,8.2,10-10,39.4,446.0,-4.0,ヴァイスホルン,
2020102367,リコーベレッタ,2022/07/13,門別,曇,5,JRA認定フレッシュ(新馬)(2歳),10,1,1,30.6,8.0,3.0,亀井洋司,54.0,ダ,1000.0,良,64.0,0.7,9-7,38.2,450.0,0.0,エムオーチロ,46.2
2023101349,シンクシビリティ,2026/07/14,名古屋,晴,1,名古屋モーニングフィ(3歳),12,2,2,16.6,5.0,2,丸野勝虎,55.0,ダ,1500.0,良,98.1,0.5,11-11-7,40.0,446,-4,ナムラシンジロー,20.0
2023101349,シンクシビリティ,2026/07/01,名古屋,曇,3,のあち27歳おめでと(3歳),12,3,3,10.6,5.0,7,丸野勝虎,55.0,ダ,1500.0,良,98.1,1.2,11-11-11,40.0,450,30,ツトムユニバース,
2023101349,シンクシビリティ,2026/05/31,2東京12,晴,4,3歳未勝利,18,3,6,429.9,17.0,15,長浜鴻緒,54.0,芝,1600.0,良,95.4,1.6,11-10,34.9,420,-2,トランスマーレ,
2023101349,シンクシビリティ,2026/05/23,1新潟7,晴,3,3歳未勝利,15,3,5,451.3,15.0,8,河原田菜,51.0,ダ,1200.0,稍,74.0,1.8,10-10,38.1,422,4,アイアンナックル,
2023101349,シンクシビリティ,2026/03/22,1中京4,晴,2,3歳未勝利,16,4,8,379.8,16.0,11,河原田菜,51.0,ダ,1400.0,良,87.8,2.7,7-9,40.2,418,-6,スタームーンナイト,
2023101349,シンクシビリティ,2026/01/31,2京都1,曇,3,3歳未勝利,13,6,9,249.9,11.0,12,原優介,55.0,ダ,1400.0,良,88.8,3.2,13-13,38.4,424,-6,ゴディアンフィンチ,
2023101349,シンクシビリティ,2026/01/25,1中山9,晴,1,3歳未勝利,16,8,15,86.2,8.0,10,原優介,55.0,ダ,1200.0,良,74.7,1.8,9-9,38.9,430,-2,アンプイットアップ,
2023101349,シンクシビリティ,2026/01/04,1中山1,晴,3,3歳新馬,15,6,12,103.3,13.0,4,原優介,55.0,ダ,1200.0,稍,75.3,2.1,6-5,39.1,432,0,エアサロメ,98.0
2023100783,モメンタムシフト,2026/07/14,名古屋,晴,2,3歳7組,12,2,2,19.2,6.0,11,阪野学,57.0,ダ,1500.0,良,100.8,4.1,11-11-11,42.3,488,1,ベラケンタウロス,
2023100783,モメンタムシフト,2026/07/01,名古屋,曇,4,3歳5組,12,1,1,5.4,4.0,7,阪野学,57.0,ダ,1500.0,良,98.0,1.7,12-12-12,39.8,487,-5,ココアプローズ,
2023100783,モメンタムシフト,2026/06/16,名古屋,曇,2,3歳14組,10,8,10,4.7,3.0,1,阪野学,57.0,ダ,1500.0,良,97.2,-0.2,3-3-1,39.9,492,0,(グランドタルマエ),60.0
2023100783,モメンタムシフト,2026/06/03,名古屋,曇,2,3歳9組,12,3,3,99.6,9.0,8,阪野学,57.0,ダ,1500.0,重,98.4,1.1,11-11-11,39.6,492,-4,ウインモアナ,
2023100783,モメンタムシフト,2026/04/25,2東京1,曇,3,3歳未勝利,13,6,8,410.7,13.0,13,小林脩斗,57.0,ダ,2100.0,稍,137.0,4.2,9-10-9-9,41.6,496,2,アイアムジャイアン,
2023100783,モメンタムシフト,2026/04/19,3中山8,晴,4,3歳未勝利,16,6,11,239.1,9.0,15,菅原隆一,57.0,芝,2000.0,良,124.3,3.9,12-14-16-16,36.4,494,4,ウェイクフィールド,
2023100783,モメンタムシフト,2026/03/15,2中山6,晴,2,3歳未勝利,16,5,10,164.9,11.0,16,横山琉人,57.0,ダ,1800.0,良,127.9,13.5,16-16-16-16,46.4,490,0,タケルムサシ,
2023100828,ハタノグランクリュ,2026/07/13,名古屋,曇,3,3歳13組,12,8,11,1.6,1.0,1,望月洵輝,57.0,ダ,1500.0,良,98.0,-0.1,1-1-1,41.0,464,6,(アウラニ),57.0
2023100828,ハタノグランクリュ,2026/06/07,3東京2,曇,3,3歳未勝利,16,6,12,342.3,14.0,11,柴田大知,57.0,ダ,1600.0,良,101.1,1.9,2-2,39.5,458,0,シンギュラリティ,
2023100828,ハタノグランクリュ,2026/05/16,2東京7,晴,5,3歳未勝利,18,8,16,145.5,13.0,9,木幡巧也,57.0,芝,1400.0,良,81.8,1.5,14-14,34.2,458,-4,エラルディーク,
2023100828,ハタノグランクリュ,2026/04/19,3中山8,晴,2,3歳未勝利,16,1,2,27.8,6.0,11,柴田大知,57.0,ダ,1200.0,良,73.2,2.2,8-7,38.3,462,8,ソニックブレイカー,
2023100828,ハタノグランクリュ,2025/11/08,5東京1,晴,4,2歳新馬,14,7,14,13.0,6.0,13,柴田大知,56.0,ダ,1300.0,良,85.2,4.9,3-3,41.0,454,0,プールナバドラ,
2023105989,パッションマーレ,2026/07/01,名古屋,曇,4,3歳5組,12,5,5,9.8,5.0,10,大畑慧悟,55.0,ダ,1500.0,良,99.2,2.9,1-1-2,42.6,408,3,ココアプローズ,
2023105989,パッションマーレ,2026/06/02,名古屋,小雨,1,3歳6組,12,6,8,9.0,4.0,4,大畑慧悟,55.0,ダ,1500.0,重,97.7,1.1,1-1-1,40.5,405,5,ブルーノザビーチ,9.0
2023105989,パッションマーレ,2026/04/26,3京都2,晴,1,3歳未勝利,16,1,1,16.6,7.0,11,岩田望来,55.0,ダ,1200.0,良,75.0,3.1,11-11,38.0,400,2,ツァレヴナ,
2023105989,パッションマーレ,2026/02/01,1小倉4,曇,2,3歳未勝利,18,3,5,42.6,10.0,7,角田大和,55.0,芝,1200.0,良,69.1,1.3,5-5,35.1,398,-8,デルマリシリ,
2023105989,パッションマーレ,2025/11/22,4京都5,晴,3,2歳未勝利,18,5,10,25.3,6.0,11,松山弘平,55.0,芝,1200.0,良,71.3,2.7,16-16,35.7,406,0,トップアタック,
2023105989,パッションマーレ,2025/10/05,3京都2,曇,4,2歳新馬,12,7,10,4.7,3.0,4,富田暁,55.0,芝,1200.0,稍,70.7,0.7,7-5,34.8,406,0,マーブルパレス,110.0
2023101861,フローラルウェイ,2026/07/13,名古屋,曇,2,3歳14組,12,7,10,3.2,2.0,1,渡辺竜也,55.0,ダ,1500.0,良,99.4,-0.2,3-2-1,40.8,456,21,(アルメーリス),57.0
2023101861,フローラルウェイ,2026/06/16,名古屋,曇,2,3歳14組,10,4,4,2.2,1.0,8,加藤聡一,55.0,ダ,1500.0,良,99.5,2.3,1-1-2,42.7,435,-3,モメンタムシフト,
2023101861,フローラルウェイ,2026/06/03,名古屋,曇,2,3歳9組,12,7,9,8.9,4.0,6,加藤聡一,52.0,ダ,1500.0,重,98.1,0.8,4-3-4,41.5,438,10,ウインモアナ,
2023101861,フローラルウェイ,2026/05/10,1新潟4,晴,1,3歳未勝利,15,8,14,94.9,11.0,11,和田陽希,52.0,ダ,1800.0,良,120.2,3.3,7-8-8-8,42.7,428,8,ヴァイヴァーイ,
2023101861,フローラルウェイ,2026/02/07,1小倉5,小雨,1,3歳未勝利,16,3,6,23.3,8.0,16,舟山瑠泉,52.0,ダ,1700.0,良,111.8,3.5,11-11-8-10,42.3,420,-4,ミティリーニ,
2023101861,フローラルウェイ,2025/10/26,3京都9,曇,4,2歳新馬,16,3,6,26.9,8.0,9,岩田望来,55.0,ダ,1800.0,重,115.5,3.6,5-4-3-3,39.4,424,0,ダノンバーボン,
2023100378,クモンリュウ,2026/07/14,名古屋,晴,2,3歳7組,12,3,3,22.4,8.0,9,渡辺竜也,57.0,ダ,1500.0,良,100.6,3.9,8-9-7,43.1,549,-3,ベラケンタウロス,
2023100378,クモンリュウ,2026/06/16,名古屋,曇,1,3歳15組,10,5,5,4.4,2.0,1,望月洵輝,57.0,ダ,920.0,良,56.3,-0.6,1,36.3,552,0,(グランドサークル),60.0
2023100378,クモンリュウ,2026/06/05,名古屋,曇,2,3歳11組,12,2,2,6.8,3.0,6,望月洵輝,57.0,ダ,1400.0,稍,93.1,1.4,1-1-1,41.1,552,-4,グランヘラクレス,
2023100378,クモンリュウ,2026/05/19,名古屋,晴,4,3歳10組,11,2,2,6.9,3.0,9,望月洵輝,57.0,ダ,1500.0,良,100.6,5.5,4-5-4,43.0,556,16,アースジャッジ,
2023100378,クモンリュウ,2026/04/18,2阪神7,晴,2,3歳未勝利,16,5,10,312.2,16.0,12,太宰啓介,57.0,ダ,1200.0,良,74.9,3.3,15-14,37.3,540,-15,ウェルカムソング,
2023100378,クモンリュウ,2026/03/12,船橋,晴,7,ベストビット特別(3歳未格),9,8,9,13.8,5.0,6,田山旺佑,53.0,ダ,1600.0,良,107.3,1.6,5-5-5-5,40.2,555,15,エルリオ,
2023100378,クモンリュウ,2025/11/15,4京都3,晴,1,2歳未勝利,11,8,10,261.5,9.0,11,酒井学,56.0,ダ,1800.0,良,119.0,5.6,8-8-8-10,42.1,540,-14,ケンタッキーホーム,
2023100378,クモンリュウ,2025/10/12,3京都4,曇,6,2歳新馬,16,5,9,29.5,9.0,14,松若風馬,56.0,ダ,1800.0,良,118.5,4.0,10-10-11-12,40.9,554,0,タマモフリージア,
2023106515,ヘヴンリースカイ,2026/07/14,名古屋,晴,2,3歳7組,12,5,6,21.3,7.0,3,大畑雅章,55.0,ダ,1500.0,良,98.2,1.5,2-1-2,41.9,479,-5,ベラケンタウロス,11.4
2023106515,ヘヴンリースカイ,2026/06/22,名古屋,曇,4,3歳6組,11,6,7,4.5,2.0,8,大畑雅章,55.0,ダ,1500.0,稍,100.5,2.9,8-8-9,42.9,484,3,ノーチェ,
2023106515,ヘヴンリースカイ,2026/05/25,名古屋,晴,4,3歳5組,11,4,4,1.9,1.0,5,小笠原羚,51.0,ダ,1500.0,良,97.3,1.0,1-1-1,40.9,481,-3,イヌボウノツキ,6.0
2023106515,ヘヴンリースカイ,2026/04/24,名古屋,曇,2,3歳4組,12,7,9,2.0,2.0,2,小笠原羚,51.0,ダ,1500.0,重,97.4,0.6,2-1-2,40.2,484,-12,ナムラキングダム,21.0
2023106515,ヘヴンリースカイ,2026/04/08,名古屋,晴,1,3歳6組,12,4,4,3.2,2.0,2,大畑雅章,55.0,ダ,1500.0,稍,97.9,0.6,1-1-2,40.6,496,8,ベアフォースワン,21.0
2023106515,ヘヴンリースカイ,2026/03/15,1中京2,晴,1,3歳未勝利,16,6,12,110.3,13.0,13,木幡初也,55.0,ダ,1400.0,良,87.5,2.5,7-8,39.4,488,-8,タイセイモノリス,
2023106515,ヘヴンリースカイ,2025/12/07,5中山2,晴,1,2歳未勝利,16,3,5,33.5,8.0,12,木幡初也,55.0,ダ,1200.0,良,74.9,2.0,12-13,39.3,496,10,ドナソール,
2023106515,ヘヴンリースカイ,2025/11/01,3京都10,晴,6,2歳新馬,16,1,2,52.4,12.0,12,木幡初也,55.0,ダ,1800.0,重,116.8,4.7,1-1-1-5,41.8,486,0,テイエムサンレーヴ,
2023102859,テリオスヒナ,2026/07/17,名古屋,晴,3,きょうかちゃん生誕記(3歳),12,8,12,1.7,1.0,2,小笠原羚,52.0,ダ,1500.0,良,96.7,0.0,2-1-1,39.7,457,-1,インサラータ,20.0
2023102859,テリオスヒナ,2026/06/30,名古屋,曇,4,3歳10組,12,8,12,1.9,1.0,2,小笠原羚,52.0,ダ,1500.0,稍,96.4,0.4,2-1-1,38.9,458,20,キングオブストーム,21.0
2023102859,テリオスヒナ,2026/06/06,3阪神1,晴,7,3歳未勝利,18,6,12,441.9,17.0,9,和田陽希,52.0,芝,1600.0,良,93.5,0.7,2-2,35.1,438,-4,ビーチェマーレ,
2023102859,テリオスヒナ,2026/05/23,1新潟7,晴,5,3歳未勝利,16,1,2,100.1,13.0,13,川須栄彦,55.0,芝,1400.0,稍,84.5,1.2,3-3,36.7,442,10,ミスターマーボー,
2023102859,テリオスヒナ,2026/02/28,1小倉11,曇,1,3歳未勝利,16,3,5,284.4,16.0,16,松若風馬,55.0,ダ,1700.0,不,110.3,5.1,6-6-13-14,41.4,432,0,フレットローソ,
2023102859,テリオスヒナ,2026/01/12,1京都5,晴,1,3歳未勝利,16,6,12,323.4,16.0,15,斎藤新,55.0,ダ,1200.0,良,75.7,2.4,4-5,38.9,432,6,ウォーターサグラダ,
2023102859,テリオスヒナ,2025/12/21,5阪神6,雨,2,2歳未勝利,16,7,14,92.7,11.0,13,和田陽希,52.0,ダ,1200.0,稍,76.4,3.5,8-8,39.7,426,-8,ネメス,
2023102859,テリオスヒナ,2025/10/11,3京都3,曇,1,2歳未勝利,16,8,16,266.4,16.0,6,和田陽希,52.0,ダ,1200.0,良,73.8,0.9,4-4,38.0,434,2,ランスオブキング,
2023102859,テリオスヒナ,2025/09/27,4阪神8,晴,4,2歳新馬,16,8,15,64.1,11.0,16,西村淳也,55.0,芝,1600.0,良,99.4,4.8,16-16,37.1,432,0,ホワイトオーキッド,
2023106804,アウトリュコス,2026/07/13,名古屋,曇,4,3歳12組,12,6,8,8.8,3.0,1,望月洵輝,57.0,ダ,1500.0,良,98.6,-1.0,4-1-1,40.3,532,-2,(ウインファイネスト),57.0
2023106804,アウトリュコス,2026/06/20,3阪神5,小雨,4,3歳未勝利,16,4,7,37.3,8.0,16,亀田温心,57.0,ダ,1800.0,稍,121.5,7.7,9-10-14-16,43.9,534,20,オンザ,
2023106804,アウトリュコス,2026/04/05,2阪神4,晴,2,3歳未勝利,12,5,7,,,除,北村友一,57.0,ダ,1800.0,重,,,,,520,6,タイセイサーブル,
2023106804,アウトリュコス,2026/02/15,2京都6,曇,6,3歳未勝利,18,4,8,47.3,9.0,15,団野大成,57.0,芝,1600.0,良,96.8,2.7,13-14,36.3,514,-12,アヴィオン,
2023106804,アウトリュコス,2026/01/25,1京都9,晴,5,3歳新馬,18,3,6,6.1,2.0,16,北村友一,57.0,芝,1600.0,良,98.5,2.6,6-8,37.4,526,0,ペイジャー,
2023106221,ナムラハンナ,2026/07/13,名古屋,曇,1,名古屋モーニングフィ(3歳),12,3,3,2.5,1.0,1,近藤颯羽,52.0,ダ,1500.0,良,99.5,-1.6,2-1-1,40.7,441,-5,(ウワサノモアナ),57.0
2023106221,ナムラハンナ,2026/06/30,名古屋,曇,2,3歳12組,12,1,1,94.8,9.0,7,大畑雅章,55.0,ダ,1500.0,稍,99.9,2.5,3-7-6,41.8,446,-7,ベイビーメイビー,
2023106221,ナムラハンナ,2026/06/16,名古屋,曇,3,3歳13組,11,1,1,23.3,8.0,10,小笠原羚,52.0,ダ,1500.0,良,100.4,1.8,9-11-11,41.2,453,7,キーサーバー,
2023106221,ナムラハンナ,2026/04/18,3中山7,晴,5,3歳未勝利,16,7,14,327.9,15.0,14,柴田大知,55.0,芝,1600.0,良,96.1,1.9,4-5-6,36.5,446,-2,セイウンラピス,
2023106221,ナムラハンナ,2026/03/15,2中山6,晴,5,3歳未勝利,18,8,16,450.7,18.0,12,丸田恭介,55.0,芝,2000.0,良,121.8,1.5,6-6-7-7,36.3,448,12,ダノンファンスター,
2023106221,ナムラハンナ,2026/02/04,川崎,晴,6,ガーネットフラワー賞(3歳),12,6,7,35.6,9.0,11,丸田恭介,54.0,ダ,1400.0,良,95.0,2.7,11-11-12-12,41.2,436,-8,エンゲルリート,
2023106221,ナムラハンナ,2025/12/06,5中山1,晴,6,2歳新馬,16,4,8,246.3,15.0,9,柴田大知,55.0,ダ,1200.0,良,74.6,1.5,8-9,38.1,444,0,トワイライトサイト,
2023105598,スエ,2026/07/01,名古屋,曇,4,3歳5組,12,8,12,123.0,11.0,5,丸野勝虎,55.0,ダ,1500.0,良,97.8,1.5,9-8-4,40.4,437,-4,ココアプローズ,6.0
2023105598,スエ,2026/05/07,名古屋,晴,3,貴臣生誕50周年記念(3歳),11,8,10,60.3,8.0,8,丸野勝虎,55.0,ダ,1400.0,稍,93.4,2.1,8-9-8,39.8,441,5,ベアフォースワン,
2023105598,スエ,2026/04/07,名古屋,曇,3,3歳7組,11,6,6,3.3,2.0,1,丸野勝虎,55.0,ダ,1500.0,重,101.6,-0.2,6-6-1,41.5,436,-2,(プレシャスノワール),60.0
2023105598,スエ,2026/03/23,名古屋,晴,1,3歳8組,10,1,1,4.2,2.0,7,丸野勝虎,55.0,ダ,920.0,良,60.0,1.2,2,39.6,438,-4,チョコレートケーキ,
2023105598,スエ,2026/03/09,名古屋,晴,3,3歳8組,11,5,5,2.7,2.0,4,丸野勝虎,55.0,ダ,1500.0,良,100.1,0.9,3-3-4,41.2,442,3,ストライプブルー,8.7
2023105598,スエ,2025/10/16,名古屋,雨,3,2歳2組,11,2,2,36.0,7.0,8,大畑雅章,55.0,ダ,1500.0,重,101.9,3.8,8-8-9,42.8,439,3,メイナンファスト,
2023105598,スエ,2025/10/02,名古屋,晴,8,オクトーバーフューチ(2歳),12,5,5,33.2,7.0,4,大畑雅章,55.0,ダ,1500.0,良,100.3,1.7,8-8-7,40.4,436,1,アルティメイタム,15.0
2023105598,スエ,2025/09/18,名古屋,晴,9,セレクトゴールド第2(2歳),12,2,2,114.0,10.0,8,丸野勝虎,55.0,ダ,1500.0,良,100.4,1.6,8-9-10,42.2,435,-4,ナゴヤバシリ,
2023105598,スエ,2025/09/04,名古屋,曇,8,セプテンバーフューチ(2歳),11,8,10,5.2,2.0,5,丸野勝虎,55.0,ダ,1500.0,良,101.6,2.3,6-6-7,42.0,439,-2,ナゴヤバシリ,10.0
2023105598,スエ,2025/08/21,名古屋,晴,6,2歳特別,10,8,10,26.3,5.0,6,丸野勝虎,55.0,ダ,1500.0,良,101.5,3.8,6-5-5,42.8,441,-2,ニドネ,
2023105598,スエ,2025/07/24,名古屋,晴,8,2歳特別,8,6,6,23.4,6.0,5,丸野勝虎,55.0,ダ,1500.0,良,99.4,2.0,3-3-3,40.3,443,7,ゴールドレター,10.0
2023105598,スエ,2025/07/11,名古屋,晴,6,2歳新馬,7,5,5,7.8,4.0,3,丸野勝虎,55.0,ダ,900.0,良,57.0,0.7,4,37.8,436,0,ポンコツソード,40.0
2023102657,ロマンズロック,2026/07/14,名古屋,晴,1,名古屋モーニングフィ(3歳),12,6,8,234.1,11.0,3,大原浩司,57.0,ダ,1500.0,良,98.6,1.0,3-3-4,42.3,462,1,ナムラシンジロー,11.4
2023102657,ロマンズロック,2026/07/01,名古屋,曇,3,のあち27歳おめでと(3歳),12,5,5,41.7,7.0,9,丹羽克輝,57.0,ダ,1500.0,良,98.8,1.9,4-4-4,42.2,461,-7,ツトムユニバース,
2023102657,ロマンズロック,2026/06/22,名古屋,曇,2,3歳7組,11,4,4,49.6,8.0,8,大原浩司,57.0,ダ,1500.0,稍,99.0,1.7,7-7-8,42.0,468,3,アレステソーロ,
2023102657,ロマンズロック,2026/05/22,名古屋,曇,2,3歳8組,10,3,3,24.1,9.0,2,丹羽克輝,57.0,ダ,1400.0,重,91.2,1.2,2-1-3,40.2,465,1,マイネルモンブラン,21.0
2023102657,ロマンズロック,2026/05/08,名古屋,曇,6,3歳8組,10,2,2,9.1,4.0,5,丹羽克輝,57.0,ダ,1400.0,稍,93.7,1.2,3-6-5,40.7,464,-4,グレーターグレイ,6.0
2023102657,ロマンズロック,2026/04/20,名古屋,晴,2,3歳7組,11,5,5,67.2,9.0,5,丹羽克輝,57.0,ダ,1500.0,良,100.2,2.1,4-7-8,41.3,468,8,ビップレグルス,6.0
2023102657,ロマンズロック,2026/03/07,1阪神5,晴,2,3歳未勝利,16,7,13,962.0,16.0,15,柴田裕一,55.0,ダ,1400.0,稍,89.2,4.4,13-14,40.4,460,-6,アパレイユ,
2023102657,ロマンズロック,2026/01/17,1京都6,晴,2,3歳未勝利,16,4,7,223.7,13.0,16,柴田裕一,55.0,ダ,1200.0,良,77.1,3.4,14-15,39.6,466,-2,グラスゴー,
2023102657,ロマンズロック,2025/12/28,5阪神8,晴,4,2歳新馬,16,6,11,41.7,9.0,15,岩田康誠,56.0,ダ,1400.0,良,91.3,4.1,11-12,42.0,468,0,ソルオーブ,
2024105655,ラルスチェイサー,2026/07/15,名古屋,晴,3,2歳疾風戦,7,3,3,4.8,3.0,6,大畑慧悟,55.0,ダ,920.0,良,59.2,1.4,2,39.5,423,6,ピンチ,
2024105655,ラルスチェイサー,2026/07/02,名古屋,曇,1,名古屋モーニングフィ(2歳),9,4,4,45.1,5.0,5,加藤聡一,55.0,ダ,920.0,不,57.6,1.1,2,38.1,417,-1,エールエクスプレス,7.5
2024105655,ラルスチェイサー,2026/06/22,名古屋,曇,3,ゴールデンデビュー名(2歳),10,5,5,81.5,10.0,8,大畑慧悟,55.0,ダ,900.0,稍,58.7,2.8,4,39.4,418,0,サマーカクテル,
2024105707,ダイユーホーク,2026/07/03,名古屋,晴,4,ゴールデンデビュー名(2歳),6,2,2,47.3,6.0,6,大畑慧悟,56.0,ダ,900.0,重,59.0,3.5,6,39.3,466,0,カワテンジャッキー,
2024100530,ノースバレリーナ,2026/07/01,門別,晴,1,北のハードワーカー菊(未勝利)(2歳),10,4,4,214.7,8.0,10,藤田凌駕,53.0,ダ,1000.0,良,66.3,3.9,9-8,39.7,458,2,リュウノアキレス,
2024100530,ノースバレリーナ,2026/06/09,門別,曇,3,2歳牝馬未勝利(未勝利),12,8,11,297.1,11.0,8,藤田凌駕,53.0,ダ,1000.0,重,64.6,2.5,11-11,38.3,456,6,キャトルブランシュ,
2024100530,ノースバレリーナ,2026/05/21,門別,曇,4,JRA認定競走アタッ(未勝利)(2歳),8,5,5,205.9,7.0,8,岩橋勇二,55.0,ダ,1100.0,良,71.7,3.5,7-7,39.7,450,-4,サザングルーヴ,
2024100530,ノースバレリーナ,2026/05/06,門別,晴,5,JRA認定競走フレッ(新馬)(2歳),8,2,2,56.5,8.0,8,桑村真明,55.0,ダ,1000.0,良,67.0,5.6,7-8,41.6,454,0,バドラ,
2024101348,ディヴィナス,2026/07/15,名古屋,晴,4,オーシャンブルー特別(2歳),7,3,3,312.7,7.0,7,大畑慧悟,56.0,ダ,1500.0,良,102.3,2.3,5-5-5,42.5,444,-6,カワテンジャッキー,
2024101348,ディヴィナス,2026/07/02,名古屋,曇,1,名古屋モーニングフィ(2歳),9,3,3,51.2,8.0,7,大畑慧悟,56.0,ダ,920.0,不,58.6,2.1,6,38.1,450,-3,エールエクスプレス,
2024101348,ディヴィナス,2026/06/05,名古屋,曇,4,ゴールデンデビュー名(2歳),5,3,3,20.8,4.0,4,大畑慧悟,56.0,ダ,900.0,稍,58.7,2.9,5,38.0,453,0,リンクディエンド,30.0
2024102090,カクシンパーティー,2026/07/15,名古屋,晴,3,2歳疾風戦,7,4,4,77.6,6.0,4,小笠原羚,52.0,ダ,920.0,良,59.1,1.3,5,38.9,374,0,ピンチ,9.4
2024102090,カクシンパーティー,2026/07/03,名古屋,晴,3,ゴールデンデビュー名(2歳),5,2,2,30.8,5.0,5,小笠原羚,52.0,ダ,900.0,重,58.5,2.7,4,39.4,374,0,ロイヤルアンバー,20.0
2024105261,コママイス,2026/07/15,名古屋,晴,3,2歳疾風戦,7,2,2,111.2,7.0,7,木之前葵,53.0,ダ,920.0,良,59.8,2.0,7,39.1,393,0,ピンチ,
2024105261,コママイス,2026/07/02,名古屋,曇,1,名古屋モーニングフィ(2歳),9,6,6,50.1,6.0,8,木之前葵,53.0,ダ,920.0,不,58.9,2.4,6,38.7,393,3,エールエクスプレス,
2024105261,コママイス,2026/06/05,名古屋,曇,4,ゴールデンデビュー名(2歳),5,4,4,27.5,5.0,5,木之前葵,53.0,ダ,900.0,稍,58.7,2.9,4,38.4,390,0,リンクディエンド,20.0
2024103730,ケイズヴェロシティ,2026/07/17,名古屋,晴,4,ゴールデンデビュー名(2歳),7,5,5,6.5,3.0,4,塚本征吾,56.0,ダ,900.0,良,56.8,1.1,3,38.1,468,0,ゴールドマスター,30.0
2024101190,ヘルツクライス,2026/07/17,名古屋,晴,4,ゴールデンデビュー名(2歳),7,3,3,87.7,7.0,7,加藤聡一,55.0,ダ,900.0,良,58.3,2.6,4,39.3,438,0,ゴールドマスター,
2024101044,ルクスオリジン,2026/07/15,名古屋,晴,3,2歳疾風戦,7,5,5,61.3,5.0,4,細川智史,56.0,ダ,920.0,良,59.1,1.3,6,38.6,405,-4,ピンチ,9.4
2024101044,ルクスオリジン,2026/07/02,名古屋,曇,1,名古屋モーニングフィ(2歳),9,2,2,21.0,4.0,6,塚本征吾,56.0,ダ,920.0,不,58.4,1.9,8,37.7,409,-3,エールエクスプレス,
2024101044,ルクスオリジン,2026/06/10,門別,晴,6,JRA認定競走フレッ(新馬)(2歳),12,5,6,143.5,12.0,12,阿岸潤一,54.0,ダ,1000.0,稍,65.9,3.7,9-9,40.0,412,0,ベラジオハピネス,
